Local Case Number,ACRS Report Type,Crash Date/Time,Road Name,Related Non-Motorist,Collision Type,Weather,Surface Condition,Light,Traffic Control,Driver Substance Abuse,Driver At Fault,Injury Severity,Circumstance,Driver Distracted By,Drivers License State,Vehicle Body Type,Vehicle Movement,Speed Limit,Driverless Vehicle,Vehicle Year,Vehicle Make,Vehicle Model,Latitude,Longitude,Year,Month,Hour
230059272,Injury Crash,10/08/2023 12:10:00 PM,WOODFIELD RD,NA,SAME DIR REAR END,Clear,DRY,Daylight,NO CONTROLS,NONE DETECTED,No,No Apparent Injury,"BACKUP DUE TO REGULAR CONGESTION, N/A",NOT DISTRACTED,MD,PASSENGER CAR,STOPPED IN TRAFFIC LANE,30,No,2013,HONDA,4S,39.23849705,-77.18195897,2023,10,12
230059275,Property Damage Crash,10/08/2023 11:24:00 AM,RESEARCH BLVD,NA,SINGLE VEHICLE,Cloudy,DRY,Daylight,N/A,NONE DETECTED,Yes,No Apparent Injury,N/A,UNKNOWN,NA,(SPORT) UTILITY VEHICLE,PASSING,30,No,2019,ACURA,MDX,39.09715349,-77.18121806,2023,10,11
230059254,Property Damage Crash,10/08/2023 09:29:00 AM,CLOPPER RD,NA,SAME DIR REAR END,Clear,DRY,Daylight,TRAFFIC SIGNAL,NONE DETECTED,No,No Apparent Injury,N/A,NOT DISTRACTED,MD,PASSENGER CAR,STOPPED IN TRAFFIC LANE,35,No,2014,HOND,SW,39.14418917,-77.2250587,2023,10,9
230059254,Property Damage Crash,10/08/2023 09:29:00 AM,CLOPPER RD,NA,SAME DIR REAR END,Clear,DRY,Daylight,TRAFFIC SIGNAL,NONE DETECTED,Yes,No Apparent Injury,N/A,NOT DISTRACTED,MD,PASSENGER CAR,MOVING CONSTANT SPEED,35,No,2015,TOYOTA,COROLLA,39.14418917,-77.2250587,2023,10,9
230059238,Property Damage Crash,10/08/2023 06:13:00 AM,W DIAMOND AVE,NA,SINGLE VEHICLE,Clear,DRY,Medium,TRAFFIC SIGNAL,ALCOHOL PRESENT,Yes,No Apparent Injury,N/A,OTHER DISTRACTION,MD,PASSENGER CAR,MOVING CONSTANT SPEED,35,No,2017,NISSAN,4H,39.1403796,-77.20476199,2023,10,6
230059239,Property Damage Crash,10/08/2023 05:55:00 AM,PLYERS MILL RD,NA,OTHER,Clear,DRY,Medium,N/A,NONE DETECTED,Yes,No Apparent Injury,N/A,OTHER DISTRACTION,MD,PASSENGER CAR,MOVING CONSTANT SPEED,30,No,1996,NISSAN,CIVIC,39.029905,-77.07204,2023,10,5
230059225,Property Damage Crash,10/08/2023 03:33:00 AM,CONNECTICUT AVE,NA,SAME DIR REAR END,Clear,DRY,Medium,TRAFFIC SIGNAL,NONE DETECTED,Yes,No Apparent Injury,N/A,UNKNOWN,NA,PASSENGER CAR,MOVING CONSTANT SPEED,30,No,2018,LAND ROVER,DISCOVERY,38.98773085,-77.07697605,2023,10,3
230059225,Property Damage Crash,10/08/2023 03:33:00 AM,CONNECTICUT AVE,NA,SAME DIR REAR END,Clear,DRY,Medium,TRAFFIC SIGNAL,NONE DETECTED,No,No Apparent Injury,N/A,NOT DISTRACTED,MD,PASSENGER CAR,STOPPED IN TRAFFIC LANE,30,No,2015,CHEV,SD,38.98773085,-77.07697605,2023,10,3
230055229,Property Damage Crash,10/08/2023 03:30:00 AM,CLARENDON RD,NA,STRAIGHT MOVEMENT ANGLE,Clear,DRY,Medium,NO CONTROLS,ALCOHOL PRESENT,Yes,No Apparent Injury,N/A,UNKNOWN,MD,PASSENGER CAR,BACKING,5,No,2017,HONDA,CIVIC,38.98136667,-77.10075367,2023,10,3
230055229,Property Damage Crash,10/08/2023 03:30:00 AM,CLARENDON RD,NA,STRAIGHT MOVEMENT ANGLE,Clear,DRY,Medium,NO CONTROLS,NONE DETECTED,No,No Apparent Injury,N/A,NOT DISTRACTED,VA,PASSENGER CAR,MOVING CONSTANT SPEED,25,No,2014,NISSAN,ROGUE,38.98136667,-77.10075367,2023,10,3
230059223,Property Damage Crash,10/08/2023 02:45:00 AM,SAM EIG HWY,NA,SINGLE VEHICLE,Clear,DRY,Medium,TRAFFIC SIGNAL,NONE DETECTED,Yes,No Apparent Injury,N/A,NOT DISTRACTED,MD,PASSENGER CAR,NEGOTIATING A CURVE,45,No,2023,KIA,FORTE,39.10909625,-77.21311708,2023,10,2
230059219,Property Damage Crash,10/08/2023 01:34:00 AM,VEIRS MILL RD,NA,SINGLE VEHICLE,Clear,DRY,Medium,OTHER,NONE DETECTED,Yes,No Apparent Injury,N/A,NOT DISTRACTED,MD,PASSENGER CAR,N/A,35,No,2015,TOYOTA,PRIUS,39.05923417,-77.08773917,2023,10,1
230059218,Injury Crash,10/08/2023 01:18:00 AM,GEORGIA AVE,NA,SAME DIR REAR END,Clear,N/A,Medium,TRAFFIC SIGNAL,NONE DETECTED,No,Possible Minor Injury,N/A,NOT DISTRACTED,MD,PASSENGER CAR,STOPPED IN TRAFFIC LANE,40,No,2018,CHEVROLE,EQUINX,39.01214,-77.04133,2023,10,1
230059218,Injury Crash,10/08/2023 01:18:00 AM,GEORGIA AVE,NA,SAME DIR REAR END,Clear,N/A,Medium,TRAFFIC SIGNAL,NONE DETECTED,Yes,No Apparent Injury,N/A,UNKNOWN,NA,NA,UNKNOWN,40,No,0,UNKNOWN,UNKNOWN,39.01214,-77.04133,2023,10,1
230059218,Injury Crash,10/08/2023 01:18:00 AM,GEORGIA AVE,NA,SAME DIR REAR END,Clear,N/A,Medium,TRAFFIC SIGNAL,NONE DETECTED,No,Possible Minor Injury,N/A,UNKNOWN,MD,PASSENGER CAR,STOPPED IN TRAFFIC LANE,40,No,2013,TOYOTA,CAMRY,39.01214,-77.04133,2023,10,1
230059211,Property Damage Crash,10/08/2023 12:05:00 AM,WISSAHICAN AVE,NA,SAME DIR REAR END,Clear,DRY,Medium,NO CONTROLS,NONE DETECTED,Yes,No Apparent Injury,N/A,NOT DISTRACTED,MD,PASSENGER CAR,MOVING CONSTANT SPEED,25,No,2019,TOYOTA,TACOMA,39.06771167,-77.09672167,2023,10,0
230059208,Injury Crash,10/07/2023 11:26:00 PM,SHADY GROVE RD,PEDESTRIAN,OTHER,Clear,DRY,Medium,TRAFFIC SIGNAL,NONE DETECTED,Unknown,No Apparent Injury,N/A,NOT DISTRACTED,MD,PASSENGER CAR,MOVING CONSTANT SPEED,40,No,2014,JEEP,PATRIOT,39.117575,-77.183435,2023,10,23
230059196,Property Damage Crash,10/07/2023 09:42:00 PM,ORCHARD WAY S,NA,OTHER,Clear,DRY,Medium,NO CONTROLS,ALCOHOL PRESENT,Yes,No Apparent Injury,N/A,UNKNOWN,MD,PASSENGER CAR,ACCELERATING,25,No,2014,FORD,FOCUS,39.0650742,-77.1733137,2023,10,21
230059199,Property Damage Crash,10/07/2023 09:39:00 PM,CHERRY HILL RD,NA,SAME DIR REAR END,Clear,DRY,Medium,NO CONTROLS,NONE DETECTED,Yes,No Apparent Injury,N/A,LOOKED BUT DID NOT SEE,MD,PASSENGER CAR,MOVING CONSTANT SPEED,45,No,2008,DODGE,CHARGER,39.05328167,-76.95331667,2023,10,21
230059199,Property Damage Crash,10/07/2023 09:39:00 PM,CHERRY HILL RD,NA,SAME DIR REAR END,Clear,DRY,Medium,NO CONTROLS,NONE DETECTED,No,No Apparent Injury,N/A,NOT DISTRACTED,MD,PASSENGER CAR,STOPPED IN TRAFFIC LANE,40,No,2011,DODGE,CALIBER,39.05328167,-76.95331667,2023,10,21
230059198,Property Damage Crash,10/07/2023 09:35:00 PM,GREAT SENECA HWY,NA,HEAD ON LEFT TURN,Clear,DRY,Medium,TRAFFIC SIGNAL,NONE DETECTED,No,No Apparent Injury,N/A,NOT DISTRACTED,MD,(SPORT) UTILITY VEHICLE,MAKING LEFT TURN,50,No,2012,ACUR,MDX,39.10872097,-77.21216805,2023,10,21
230059198,Property Damage Crash,10/07/2023 09:35:00 PM,GREAT SENECA HWY,NA,HEAD ON LEFT TURN,Clear,DRY,Medium,TRAFFIC SIGNAL,NONE DETECTED,Yes,No Apparent Injury,N/A,UNKNOWN,MD,PASSENGER CAR,MOVING CONSTANT SPEED,50,No,2012,AUDI,A5,39.10872097,-77.21216805,2023,10,21
230059194,Fatal Crash,10/07/2023 08:58:00 PM,SNOUFFERS SCHOOL RD,PEDESTRIAN,SINGLE VEHICLE,Clear,DRY,Dark,NO CONTROLS,NONE DETECTED,No,No Apparent Injury,N/A,UNKNOWN,MD,PASSENGER CAR,MOVING CONSTANT SPEED,40,No,2012,HYUNDAI,ELANTRA,39.16552667,-77.16926167,2023,10,20
230059187,Property Damage Crash,10/07/2023 08:10:00 PM,NA,NA,SINGLE VEHICLE,Clear,NA,Medium,NO CONTROLS,NONE DETECTED,Yes,No Apparent Injury,N/A,NOT DISTRACTED,MD,FIRE VEHICLE/EMERGENCY,MAKING RIGHT TURN,15,No,2021,PIERCE,FIRETRUCK,39.194215,-77.245225,2023,10,20
230059188,Property Damage Crash,10/07/2023 07:42:00 PM,GEORGIA AVE,NA,SAME DIR REAR END,Clear,N/A,Medium,NO CONTROLS,ALCOHOL PRESENT,Yes,No Apparent Injury,N/A,NOT DISTRACTED,MD,PASSENGER CAR,SLOWING OR STOPPING,30,No,2008,AUDI,4S,39.01828753,-77.04336193,2023,10,19
230059188,Property Damage Crash,10/07/2023 07:42:00 PM,GEORGIA AVE,NA,SAME DIR REAR END,Clear,N/A,Medium,NO CONTROLS,NONE DETECTED,No,No Apparent Injury,N/A,NOT DISTRACTED,MD,PASSENGER CAR,STOPPED IN TRAFFIC LANE,30,No,2016,HONDA,4S,39.01828753,-77.04336193,2023,10,19
230059183,Injury Crash,10/07/2023 07:36:00 PM,NA,NA,HEAD ON,Clear,NA,Medium,NO CONTROLS,DRUG PRESENT,Yes,Possible Minor Injury,N/A,NOT DISTRACTED,MD,PASSENGER CAR,MOVING CONSTANT SPEED,15,No,2021,DODGE,CHARGER,39.17043117,-77.20762667,2023,10,19
230059183,Injury Crash,10/07/2023 07:36:00 PM,NA,NA,HEAD ON,Clear,NA,Medium,NO CONTROLS,NONE DETECTED,No,No Apparent Injury,N/A,NOT DISTRACTED,MD,PASSENGER CAR,MOVING CONSTANT SPEED,15,No,2017,TOYOTA,COROLLA,39.17043117,-77.20762667,2023,10,19
230059180,Injury Crash,10/07/2023 06:45:00 PM,BRIGGS CHANEY RD,NA,SAME DIR REAR END,Clear,DRY,Dark,NO CONTROLS,NONE DETECTED,Yes,Possible Minor Injury,N/A,LOOKED BUT DID NOT SEE,MD,PASSENGER CAR,MOVING CONSTANT SPEED,35,No,2008,LEXUS,ES350,39.10137167,-76.97991167,2023,10,18
230059180,Injury Crash,10/07/2023 06:45:00 PM,BRIGGS CHANEY RD,NA,SAME DIR REAR END,Clear,DRY,Dark,NO CONTROLS,NONE DETECTED,No,No Apparent Injury,N/A,NOT DISTRACTED,MD,(SPORT) UTILITY VEHICLE,SLOWING OR STOPPING,30,No,2016,GMC,YUKON,39.10137167,-76.97991167,2023,10,18
230059169,Property Damage Crash,10/07/2023 06:06:00 PM,LAYTONSVILLE RD,NA,STRAIGHT MOVEMENT ANGLE,Clear,DRY,Daylight,TRAFFIC SIGNAL,NONE DETECTED,No,No Apparent Injury,N/A,NOT DISTRACTED,MD,PASSENGER CAR,MOVING CONSTANT SPEED,30,No,2019,NISSAN,SENTRA,39.21212469,-77.14250636,2023,10,18
230059169,Property Damage Crash,10/07/2023 06:06:00 PM,LAYTONSVILLE RD,NA,STRAIGHT MOVEMENT ANGLE,Clear,DRY,Daylight,TRAFFIC SIGNAL,NONE DETECTED,Yes,No Apparent Injury,N/A,BY MOVING OBJECT IN VEHICLE,MD,PASSENGER CAR,MOVING CONSTANT SPEED,30,No,2016,HONDA,FIT,39.21212469,-77.14250636,2023,10,18
230059164,Injury Crash,10/07/2023 05:38:00 PM,495 WEST BOUND,NA,SAME DIRECTION SIDESWIPE,Clear,DRY,Daylight,NO CONTROLS,NONE DETECTED,Yes,Possible Minor Injury,N/A,TALKING OR LISTENING TO CELLULAR PHONE,MD,PASSENGER CAR,UNKNOWN,55,No,2012,CHRY,300,39.01373,-77.03507,2023,10,17
230059164,Injury Crash,10/07/2023 05:38:00 PM,495 WEST BOUND,NA,SAME DIRECTION SIDESWIPE,Clear,DRY,Daylight,NO CONTROLS,NONE DETECTED,No,No Apparent Injury,N/A,NOT DISTRACTED,MD,(SPORT) UTILITY VEHICLE,MOVING CONSTANT SPEED,55,No,2018,VOLK,TK,39.01373,-77.03507,2023,10,17
230059164,Injury Crash,10/07/2023 05:38:00 PM,495 WEST BOUND,NA,SAME DIRECTION SIDESWIPE,Clear,DRY,Daylight,NO CONTROLS,NONE DETECTED,No,No Apparent Injury,N/A,NOT DISTRACTED,VA,(SPORT) UTILITY VEHICLE,MOVING CONSTANT SPEED,55,No,2023,AUDI,Q7,39.01373,-77.03507,2023,10,17
230059157,Property Damage Crash,10/07/2023 05:02:00 PM,COLUMBIA PIKE,NA,HEAD ON LEFT TURN,Clear,DRY,Daylight,TRAFFIC SIGNAL,NONE DETECTED,No,No Apparent Injury,N/A,NOT DISTRACTED,MD,PASSENGER CAR,MOVING CONSTANT SPEED,55,No,2023,TESLA,Y,39.073161,-76.955598,2023,10,17
230059157,Property Damage Crash,10/07/2023 05:02:00 PM,COLUMBIA PIKE,NA,HEAD ON LEFT TURN,Clear,DRY,Daylight,TRAFFIC SIGNAL,NONE DETECTED,Yes,No Apparent Injury,N/A,LOOKED BUT DID NOT SEE,DC,PASSENGER CAR,MAKING LEFT TURN,55,No,2006,SCION,XB,39.073161,-76.955598,2023,10,17
230059136,Injury Crash,10/07/2023 03:52:00 PM,NEW HAMPSHIRE AVE,NA,SAME DIR REAR END,Clear,DRY,Daylight,TRAFFIC SIGNAL,NONE DETECTED,Yes,Possible Minor Injury,N/A,UNKNOWN,MD,PASSENGER CAR,ACCELERATING,35,No,2013,MERZEDES,UT,38.97560917,-76.99467833,2023,10,15
230059136,Injury Crash,10/07/2023 03:52:00 PM,NEW HAMPSHIRE AVE,NA,SAME DIR REAR END,Clear,DRY,Daylight,TRAFFIC SIGNAL,NONE DETECTED,No,No Apparent Injury,N/A,NOT DISTRACTED,MD,PASSENGER CAR,STARTING FROM LANE,35,No,2016,INFINITI,TK,38.97560917,-76.99467833,2023,10,15
230059136,Injury Crash,10/07/2023 03:52:00 PM,NEW HAMPSHIRE AVE,NA,SAME DIR REAR END,Clear,DRY,Daylight,TRAFFIC SIGNAL,NONE DETECTED,No,No Apparent Injury,N/A,NOT DISTRACTED,DC,PASSENGER CAR,STARTING FROM LANE,35,No,2014,CHEVROLET,UT,38.97560917,-76.99467833,2023,10,15
230059139,Injury Crash,10/07/2023 03:39:00 PM,ASHTON RD,NA,HEAD ON,Clear,DRY,Daylight,NO CONTROLS,NONE DETECTED,No,No Apparent Injury,N/A,NOT DISTRACTED,MD,(SPORT) UTILITY VEHICLE,STOPPED IN TRAFFIC LANE,45,No,2010,TOYOTA,RAV4,39.16072586,-76.97458079,2023,10,15
230059139,Injury Crash,10/07/2023 03:39:00 PM,ASHTON RD,NA,HEAD ON,Clear,DRY,Daylight,NO CONTROLS,NONE DETECTED,No,No Apparent Injury,N/A,NOT DISTRACTED,MD,(SPORT) UTILITY VEHICLE,MOVING CONSTANT SPEED,45,No,2017,SUBARU,OUTBACK,39.16072586,-76.97458079,2023,10,15
230059139,Injury Crash,10/07/2023 03:39:00 PM,ASHTON RD,NA,HEAD ON,Clear,DRY,Daylight,NO CONTROLS,NONE DETECTED,Yes,No Apparent Injury,N/A,UNKNOWN,MD,PASSENGER CAR,PASSING,45,No,2014,BMW,428I,39.16072586,-76.97458079,2023,10,15
230059128,Property Damage Crash,10/07/2023 02:44:00 PM,UNIVERSITY BLVD W,NA,STRAIGHT MOVEMENT ANGLE,Clear,DRY,Daylight,TRAFFIC SIGNAL,NONE DETECTED,Yes,No Apparent Injury,N/A,NOT DISTRACTED,MD,PASSENGER CAR,MOVING CONSTANT SPEED,35,No,2023,FORD,PK,39.03563117,-77.025999,2023,10,14
230059128,Property Damage Crash,10/07/2023 02:44:00 PM,UNIVERSITY BLVD W,NA,STRAIGHT MOVEMENT ANGLE,Clear,DRY,Daylight,TRAFFIC SIGNAL,NONE DETECTED,No,No Apparent Injury,N/A,NOT DISTRACTED,MD,PASSENGER CAR,MAKING LEFT TURN,15,No,2013,KIA,4S,39.03563117,-77.025999,2023,10,14
230059118,Injury Crash,10/07/2023 01:52:00 PM,PARKER AVE,BICYCLIST,OTHER,Clear,DRY,Daylight,STOP SIGN,NONE DETECTED,Yes,No Apparent Injury,N/A,LOOKED BUT DID NOT SEE,MD,(SPORT) UTILITY VEHICLE,MAKING RIGHT TURN,25,No,2012,LEXUS,SUV,39.04950383,-77.05174269,2023,10,13
230059120,Property Damage Crash,10/07/2023 01:50:00 PM,CONNECTICUT AVE,NA,SAME DIRECTION SIDESWIPE,Clear,DRY,Daylight,NO CONTROLS,NONE DETECTED,Yes,No Apparent Injury,N/A,LOOKED BUT DID NOT SEE,MD,(SPORT) UTILITY VEHICLE,MAKING LEFT TURN,35,No,2022,NISSAN,ROGUE,39.07820267,-77.08075033,2023,10,13
230059120,Property Damage Crash,10/07/2023 01:50:00 PM,CONNECTICUT AVE,NA,SAME DIRECTION SIDESWIPE,Clear,DRY,Daylight,NO CONTROLS,NONE DETECTED,No,No Apparent Injury,N/A,NOT DISTRACTED,MD,PASSENGER CAR,MOVING CONSTANT SPEED,35,No,2016,TOYOTA,CAMRY,39.07820267,-77.08075033,2023,10,13
230055196,Property Damage Crash,10/07/2023 01:00:00 PM,RANDOLPH RD,NA,SAME DIR REAR END,Rain,WET,Daylight,TRAFFIC SIGNAL,NONE DETECTED,No,No Apparent Injury,"VISION OBSTRUCTION (INCL. BLINDED BY SUN), WET",NOT DISTRACTED,MD,PASSENGER CAR,SKIDDING,40,No,2016,HONDA,ODESSY,39.07165333,-77.01131333,2023,10,13
230055196,Property Damage Crash,10/07/2023 01:00:00 PM,RANDOLPH RD,NA,SAME DIR REAR END,Rain,WET,Daylight,TRAFFIC SIGNAL,NONE DETECTED,No,No Apparent Injury,"VISION OBSTRUCTION (INCL. BLINDED BY SUN), WET",NOT DISTRACTED,DC,(SPORT) UTILITY VEHICLE,SLOWING OR STOPPING,40,No,2006,HONDA,ELEMENT,39.07165333,-77.01131333,2023,10,13
230059114,Property Damage Crash,10/07/2023 12:40:00 PM,DEMOCRACY BLVD,NA,SINGLE VEHICLE,Cloudy,WET,Daylight,NO CONTROLS,NONE DETECTED,Yes,No Apparent Injury,"N/A, WET",NOT DISTRACTED,MD,PASSENGER CAR,MOVING CONSTANT SPEED,30,No,2007,SUBARU,IMPREZA,39.02153667,-77.14298483,2023,10,12
230059111,Injury Crash,10/07/2023 12:21:00 PM,CLOPPER RD,NA,SAME DIR REAR END,Cloudy,WET,Daylight,TRAFFIC SIGNAL,NONE DETECTED,Yes,No Apparent Injury,"N/A, WET",NOT DISTRACTED,MD,(SPORT) UTILITY VEHICLE,SLOWING OR STOPPING,35,No,2017,NISSAN,ROGUE,39.15416217,-77.25424633,2023,10,12
230059111,Injury Crash,10/07/2023 12:21:00 PM,CLOPPER RD,NA,SAME DIR REAR END,Cloudy,WET,Daylight,TRAFFIC SIGNAL,NONE DETECTED,No,No Apparent Injury,"N/A, WET",NOT DISTRACTED,MD,(SPORT) UTILITY VEHICLE,SLOWING OR STOPPING,35,No,2014,FORD,ESCAPE,39.15416217,-77.25424633,2023,10,12
230059112,Injury Crash,10/07/2023 12:18:00 PM,BRADLEY BLVD,NA,SAME DIR REAR END,Cloudy,WET,Daylight,TRAFFIC SIGNAL,NONE DETECTED,Yes,No Apparent Injury,"N/A, WET",NOT DISTRACTED,MD,"MEDIUM/HEAVY TRUCKS 3 AXLES (OVER 10,000LBS (4,536KG))",MOVING CONSTANT SPEED,25,No,2007,PETER BUILT,PB340,38.97801333,-77.09851667,2023,10,12
230059112,Injury Crash,10/07/2023 12:18:00 PM,BRADLEY BLVD,NA,SAME DIR REAR END,Cloudy,WET,Daylight,TRAFFIC SIGNAL,NONE DETECTED,No,No Apparent Injury,"N/A, WET",NOT DISTRACTED,MD,(SPORT) UTILITY VEHICLE,STOPPED IN TRAFFIC LANE,25,No,2020,VOLKSWAGON,TIGUAN,38.97801333,-77.09851667,2023,10,12
230059109,Property Damage Crash,10/07/2023 12:14:00 PM,SHADY GROVE RD,NA,SAME DIR REAR END,Rain,WET,Daylight,TRAFFIC SIGNAL,NONE DETECTED,No,No Apparent Injury,"RAIN, SNOW, WET",NOT DISTRACTED,NJ,"OTHER LIGHT TRUCKS (10,000LBS (4,536KG) OR LESS)",STOPPED IN TRAFFIC LANE,45,No,2023,NA,BOX TRUCK,39.138535,-77.15329267,2023,10,12
230059109,Property Damage Crash,10/07/2023 12:14:00 PM,SHADY GROVE RD,NA,SAME DIR REAR END,Rain,WET,Daylight,TRAFFIC SIGNAL,NONE DETECTED,Yes,No Apparent Injury,"RAIN, SNOW, WET",NOT DISTRACTED,MD,PASSENGER CAR,SLOWING OR STOPPING,45,No,2014,FORD,FIESTA,39.138535,-77.15329267,2023,10,12
230059113,Property Damage Crash,10/07/2023 11:50:00 AM,COLUMBIA PIKE,NA,SAME DIR REAR END,Clear,DRY,Daylight,TRAFFIC SIGNAL,NONE DETECTED,Yes,No Apparent Injury,N/A,NOT DISTRACTED,MO,PASSENGER CAR,MOVING CONSTANT SPEED,50,No,2013,VOLKS,TIGUAN,39.0968485,-76.9372905,2023,10,11
230059113,Property Damage Crash,10/07/2023 11:50:00 AM,COLUMBIA PIKE,NA,SAME DIR REAR END,Clear,DRY,Daylight,TRAFFIC SIGNAL,NONE DETECTED,No,No Apparent Injury,N/A,NOT DISTRACTED,VA,PASSENGER CAR,STOPPED IN TRAFFIC LANE,55,No,2017,NISSAN,ALTIMA,39.0968485,-76.9372905,2023,10,11
230059113,Property Damage Crash,10/07/2023 11:50:00 AM,COLUMBIA PIKE,NA,SAME DIR REAR END,Clear,DRY,Daylight,TRAFFIC SIGNAL,NONE DETECTED,No,No Apparent Injury,N/A,NOT DISTRACTED,MD,PASSENGER CAR,SLOWING OR STOPPING,50,No,2019,VOLK,UT,39.0968485,-76.9372905,2023,10,11
230059095,Property Damage Crash,10/07/2023 10:20:00 AM,COLESVILLE RD,NA,SAME DIR REAR END,Rain,WET,Daylight,NO CONTROLS,NONE DETECTED,No,No Apparent Injury,"RAIN, SNOW, WET",NOT DISTRACTED,DC,PASSENGER CAR,SLOWING OR STOPPING,35,No,2024,SUBURU,UT,38.99393101,-77.03170284,2023,10,10
230059095,Property Damage Crash,10/07/2023 10:20:00 AM,COLESVILLE RD,NA,SAME DIR REAR END,Rain,WET,Daylight,NO CONTROLS,NONE DETECTED,Yes,No Apparent Injury,"RAIN, SNOW, WET",NOT DISTRACTED,MD,PASSENGER CAR,MOVING CONSTANT SPEED,35,No,2014,BMW,4S,38.99393101,-77.03170284,2023,10,10
230059093,Property Damage Crash,10/07/2023 09:56:00 AM,MONTROSE RD,NA,SINGLE VEHICLE,Rain,WET,Daylight,NO CONTROLS,NONE DETECTED,Yes,No Apparent Injury,"RAIN, SNOW, WET",UNKNOWN,MD,(SPORT) UTILITY VEHICLE,ACCELERATING,40,No,1999,ISUZU,RODEO,39.05340667,-77.13679,2023,10,9
230059079,Property Damage Crash,10/07/2023 08:17:00 AM,AIRPARK RD,NA,SINGLE VEHICLE,Rain,WET,Daylight,N/A,NONE DETECTED,Yes,No Apparent Injury,"RAIN, SNOW, WET",NOT DISTRACTED,MD,PASSENGER CAR,MOVING CONSTANT SPEED,50,No,1997,TOYOTA,CAMRY,39.15463333,-77.14222,2023,10,8
230059077,Injury Crash,10/07/2023 08:00:00 AM,NA,NA,N/A,Rain,NA,Daylight,NO CONTROLS,NONE DETECTED,Yes,Possible Minor Injury,"RAIN, SNOW, WET",NOT DISTRACTED,MD,PASSENGER CAR,ACCELERATING,15,No,2006,TOYOTA,HIGHLANDER,39.05672333,-77.08107333,2023,10,8
230059123,Property Damage Crash,10/07/2023 07:50:00 AM,NEW HAMPSHIRE AVE,NA,SAME DIRECTION SIDESWIPE,Rain,WET,Medium,NO CONTROLS,NONE DETECTED,Yes,No Apparent Injury,"RAIN, SNOW, WET",UNKNOWN,NA,PASSENGER CAR,CHANGING LANES,35,No,2011,FORD,F150,39.01876277,-76.97660527,2023,10,7
230059123,Property Damage Crash,10/07/2023 07:50:00 AM,NEW HAMPSHIRE AVE,NA,SAME DIRECTION SIDESWIPE,Rain,WET,Medium,NO CONTROLS,NONE DETECTED,No,No Apparent Injury,"RAIN, SNOW, WET",NOT DISTRACTED,MD,PASSENGER CAR,MOVING CONSTANT SPEED,35,No,2017,HONDA,CIVIC,39.01876277,-76.97660527,2023,10,7
230059072,Property Damage Crash,10/07/2023 03:48:00 AM,SADDLE CREEK DR,NA,SAME DIRECTION SIDESWIPE,Clear,DRY,Medium,N/A,NONE DETECTED,Yes,No Apparent Injury,N/A,UNKNOWN,MD,(SPORT) UTILITY VEHICLE,MOVING CONSTANT SPEED,15,No,2016,FORD,EXPLORER,39.09979299,-76.91798309,2023,10,3
230059056,Property Damage Crash,10/07/2023 02:45:00 AM,WATKINS MILL RD,NA,SAME DIR REAR END,Clear,WET,Medium,NO CONTROLS,NONE DETECTED,Yes,No Apparent Injury,"N/A, WET",NOT DISTRACTED,MD,PASSENGER CAR,MOVING CONSTANT SPEED,30,No,2009,SUBA,WG,39.16847333,-77.209895,2023,10,2
230059054,Injury Crash,10/07/2023 02:18:00 AM,OAKLAWN CT,NA,HEAD ON,Clear,DRY,Medium,N/A,NONE DETECTED,No,Possible Minor Injury,N/A,NOT DISTRACTED,MD,POLICE VEHICLE/EMERGENCY,SLOWING OR STOPPING,25,No,2018,FORD,INTERCEPTOR,39.02731333,-76.97915667,2023,10,2
230059054,Injury Crash,10/07/2023 02:18:00 AM,OAKLAWN CT,NA,HEAD ON,Clear,DRY,Medium,N/A,NONE DETECTED,Yes,Possible Minor Injury,N/A,UNKNOWN,XX,PASSENGER CAR,ACCELERATING,25,No,2011,HYUNDAI,ELANTRA,39.02731333,-76.97915667,2023,10,2
230059054,Injury Crash,10/07/2023 02:18:00 AM,OAKLAWN CT,NA,HEAD ON,Clear,DRY,Medium,N/A,NONE DETECTED,No,Possible Minor Injury,N/A,NOT DISTRACTED,MD,POLICE VEHICLE/EMERGENCY,ACCELERATING,25,No,2017,FORD,INTERCEPTOR,39.02731333,-76.97915667,2023,10,2
230059040,Property Damage Crash,10/07/2023 12:00:00 AM,GEORGIA AVE,NA,SAME DIRECTION SIDESWIPE,Clear,DRY,Medium,N/A,NONE DETECTED,Yes,No Apparent Injury,N/A,LOOKED BUT DID NOT SEE,MD,PASSENGER CAR,MOVING CONSTANT SPEED,35,No,2012,JEEP,GRAND CHEROKEE,39.00609176,-77.03899723,2023,10,0
230059040,Property Damage Crash,10/07/2023 12:00:00 AM,GEORGIA AVE,NA,SAME DIRECTION SIDESWIPE,Clear,DRY,Medium,N/A,NONE DETECTED,No,No Apparent Injury,N/A,NOT DISTRACTED,NY,PASSENGER CAR,MOVING CONSTANT SPEED,35,No,2014,NISSAN,SENTRA,39.00609176,-77.03899723,2023,10,0
230059042,Property Damage Crash,10/06/2023 11:11:00 PM,RIVER RD,NA,STRAIGHT MOVEMENT ANGLE,Clear,DRY,Dark,STOP SIGN,NONE DETECTED,No,No Apparent Injury,N/A,NOT DISTRACTED,MD,(SPORT) UTILITY VEHICLE,MOVING CONSTANT SPEED,40,No,2016,TOYOTA,RAV 4,39.03818833,-77.24659033,2023,10,23
230059042,Property Damage Crash,10/06/2023 11:11:00 PM,RIVER RD,NA,STRAIGHT MOVEMENT ANGLE,Clear,DRY,Dark,STOP SIGN,NONE DETECTED,Yes,No Apparent Injury,N/A,LOOKED BUT DID NOT SEE,VA,PASSENGER CAR,MAKING LEFT TURN,40,No,2023,COOPER,4D,39.03818833,-77.24659033,2023,10,23
230059039,Property Damage Crash,10/06/2023 10:43:00 PM,AVENEL RD,NA,OPPOSITE DIRECTION SIDESWIPE,Clear,DRY,Medium,N/A,NONE DETECTED,No,No Apparent Injury,N/A,NOT DISTRACTED,MD,PASSENGER CAR,MOVING CONSTANT SPEED,25,No,2022,TOYOTA,RAV 4,39.011075,-76.97860667,2023,10,22
230059039,Property Damage Crash,10/06/2023 10:43:00 PM,AVENEL RD,NA,OPPOSITE DIRECTION SIDESWIPE,Clear,DRY,Medium,N/A,NONE DETECTED,Yes,No Apparent Injury,N/A,NO DRIVER PRESENT,NA,PASSENGER CAR,MOVING CONSTANT SPEED,25,No,2006,HONDA,CIVIC,39.011075,-76.97860667,2023,10,22
230059029,Property Damage Crash,10/06/2023 09:45:00 PM,FLOWER AVE,NA,OPPOSITE DIRECTION SIDESWIPE,Clear,DRY,Medium,STOP SIGN,NONE DETECTED,Unknown,No Apparent Injury,N/A,NOT DISTRACTED,MD,SCHOOL BUS,MOVING CONSTANT SPEED,25,No,2019,GILG,BU,38.99371637,-77.0021814,2023,10,21
230059029,Property Damage Crash,10/06/2023 09:45:00 PM,FLOWER AVE,NA,OPPOSITE DIRECTION SIDESWIPE,Clear,DRY,Medium,STOP SIGN,NONE DETECTED,Unknown,No Apparent Injury,N/A,NOT DISTRACTED,MD,PICKUP TRUCK,STOPPED IN TRAFFIC LANE,25,No,2009,DODG,PK,38.99371637,-77.0021814,2023,10,21
230059020,Injury Crash,10/06/2023 08:40:00 PM,SHADY GROVE RD,NA,SAME DIR REAR END,Clear,DRY,Medium,TRAFFIC SIGNAL,NONE DETECTED,Yes,No Apparent Injury,N/A,INATTENTIVE OR LOST IN THOUGHT,MD,PASSENGER CAR,ACCELERATING,40,No,2014,HOND,ACCORD,39.12534267,-77.1749965,2023,10,20