Local Case Number,ACRS Report Type,Crash Date/Time,Road Name,Related Non-Motorist,Collision Type,Weather,Surface Condition,Light,Traffic Control,Driver Substance Abuse,Driver At Fault,Injury Severity,Circumstance,Driver Distracted By,Drivers License State,Vehicle Body Type,Vehicle Movement,Speed Limit,Driverless Vehicle,Vehicle Year,Vehicle Make,Vehicle Model,Latitude,Longitude,Year,Month,Hour
230059020,Injury Crash,10/06/2023 08:40:00 PM,SHADY GROVE RD,NA,SAME DIR REAR END,Clear,DRY,Medium,TRAFFIC SIGNAL,NONE DETECTED,No,Possible Minor Injury,N/A,NOT DISTRACTED,MD,PICKUP TRUCK,STOPPED IN TRAFFIC LANE,40,No,2003,FORD,F-150,39.12534267,-77.1749965,2023,10,20
230059035,Property Damage Crash,10/06/2023 08:08:00 PM,GRACEFIELD RD,NA,OTHER,Clear,DRY,Medium,NO CONTROLS,NONE DETECTED,Yes,No Apparent Injury,N/A,UNKNOWN,MD,PASSENGER CAR,PASSING,25,No,2010,HYUN,SONATA,39.0569022,-76.95126025,2023,10,20
230059035,Property Damage Crash,10/06/2023 08:08:00 PM,GRACEFIELD RD,NA,OTHER,Clear,DRY,Medium,NO CONTROLS,NONE DETECTED,No,No Apparent Injury,N/A,NOT DISTRACTED,MD,"OTHER LIGHT TRUCKS (10,000LBS (4,536KG) OR LESS)",PASSING,25,No,2008,TOYT,TK,39.0569022,-76.95126025,2023,10,20
230059016,Injury Crash,10/06/2023 07:57:00 PM,CEDAR AVE,NA,STRAIGHT MOVEMENT ANGLE,Clear,DRY,Medium,NO CONTROLS,NONE DETECTED,No,No Apparent Injury,N/A,NOT DISTRACTED,MD,PASSENGER CAR,MOVING CONSTANT SPEED,35,No,2006,TOYOTA,SIENNA,39.12864585,-77.20233238,2023,10,19
230059016,Injury Crash,10/06/2023 07:57:00 PM,CEDAR AVE,NA,STRAIGHT MOVEMENT ANGLE,Clear,DRY,Medium,NO CONTROLS,NONE DETECTED,Yes,Possible Minor Injury,N/A,LOOKED BUT DID NOT SEE,MD,PASSENGER CAR,MOVING CONSTANT SPEED,35,No,2002,TOYOTA,CAMRY,39.12864585,-77.20233238,2023,10,19
230059021,Property Damage Crash,10/06/2023 07:39:00 PM,NA,NA,SINGLE VEHICLE,Clear,NA,Medium,NO CONTROLS,NONE DETECTED,Yes,No Apparent Injury,N/A,UNKNOWN,NA,PASSENGER CAR,ACCELERATING,25,No,2023,KIA,SPORTAGE,39.10102652,-77.07534719,2023,10,19
230059014,Property Damage Crash,10/06/2023 07:15:00 PM,FIRST ST,NA,SAME DIRECTION RIGHT TURN,Clear,DRY,Medium,TRAFFIC SIGNAL,NONE DETECTED,Yes,No Apparent Injury,N/A,UNKNOWN,VA,PASSENGER CAR,MAKING RIGHT TURN,35,No,2017,TOYOTA,PRIUS,39.08135167,-77.145845,2023,10,19
230059014,Property Damage Crash,10/06/2023 07:15:00 PM,FIRST ST,NA,SAME DIRECTION RIGHT TURN,Clear,DRY,Medium,TRAFFIC SIGNAL,NONE DETECTED,No,No Apparent Injury,N/A,NOT DISTRACTED,MD,PASSENGER CAR,MOVING CONSTANT SPEED,35,No,2013,TOYOTA,CAMRY,39.08135167,-77.145845,2023,10,19
230059010,Property Damage Crash,10/06/2023 07:00:00 PM,BEECHCRAFT AVE,NA,SAME DIR REAR END,Clear,DRY,Dark,NO CONTROLS,NONE DETECTED,Yes,No Apparent Injury,N/A,NO DRIVER PRESENT,MD,PASSENGER CAR,N/A,25,No,2018,DODGE,CHARGER,39.16301525,-77.16156214,2023,10,19
230059017,Property Damage Crash,10/06/2023 05:43:00 PM,NEW HAMPSHIRE AVE,NA,SAME DIR REAR END,Clear,DRY,Medium,NO CONTROLS,NONE DETECTED,No,No Apparent Injury,"N/A, V WIPERS|W OTHER ENVIRONMENTAL",NOT DISTRACTED,MD,PASSENGER CAR,SLOWING OR STOPPING,40,No,2007,NISSAN,ROGUE,39.06132233,-76.9984695,2023,10,17
230059017,Property Damage Crash,10/06/2023 05:43:00 PM,NEW HAMPSHIRE AVE,NA,SAME DIR REAR END,Clear,DRY,Medium,NO CONTROLS,NONE DETECTED,No,No Apparent Injury,"N/A, V WIPERS|W OTHER ENVIRONMENTAL",NOT DISTRACTED,MD,PASSENGER CAR,OTHER,40,No,2000,TOYT,4S,39.06132233,-76.9984695,2023,10,17
230058986,Property Damage Crash,10/06/2023 05:00:00 PM,UNIVERSITY BLVD W,NA,SAME DIRECTION SIDESWIPE,Clear,DRY,Daylight,NO CONTROLS,NONE DETECTED,No,No Apparent Injury,N/A,NOT DISTRACTED,MD,PASSENGER CAR,SLOWING OR STOPPING,35,No,2011,TOYT,PV,39.02124333,-77.014095,2023,10,17
230058986,Property Damage Crash,10/06/2023 05:00:00 PM,UNIVERSITY BLVD W,NA,SAME DIRECTION SIDESWIPE,Clear,DRY,Daylight,NO CONTROLS,NONE DETECTED,Yes,No Apparent Injury,N/A,NOT DISTRACTED,XX,PASSENGER CAR,MOVING CONSTANT SPEED,35,No,2020,TOYT,COR,39.02124333,-77.014095,2023,10,17
230058970,Injury Crash,10/06/2023 04:06:00 PM,FREDERICK RD,NA,HEAD ON LEFT TURN,Clear,DRY,Daylight,TRAFFIC SIGNAL,NONE DETECTED,Yes,No Apparent Injury,N/A,OTHER ELECTRONIC DEVICE (NAVIGATIONAL PALM PILOT),MD,RECREATIONAL VEHICLE,N/A,40,No,2010,HONDA,CRV,39.1172025,-77.16913117,2023,10,16
230058970,Injury Crash,10/06/2023 04:06:00 PM,FREDERICK RD,NA,HEAD ON LEFT TURN,Clear,DRY,Daylight,TRAFFIC SIGNAL,NONE DETECTED,No,Possible Minor Injury,N/A,NOT DISTRACTED,MD,PASSENGER CAR,STARTING FROM LANE,40,No,2014,NISSAN,VERSA,39.1172025,-77.16913117,2023,10,16
230058996,Property Damage Crash,10/06/2023 03:53:00 PM,NA,NA,SAME DIRECTION RIGHT TURN,Clear,NA,Daylight,NO CONTROLS,NONE DETECTED,Yes,No Apparent Injury,N/A,LOOKED BUT DID NOT SEE,NA,PASSENGER CAR,ACCELERATING,25,No,2009,FORD,F150,39.05749663,-77.08420934,2023,10,15
230058957,Injury Crash,10/06/2023 03:42:00 PM,NORBECK RD,NA,SAME DIR REAR END,Cloudy,DRY,Daylight,NO CONTROLS,NONE DETECTED,No,Possible Minor Injury,N/A,NOT DISTRACTED,MD,PASSENGER CAR,SLOWING OR STOPPING,40,No,2015,HOND,ACCORD,39.09221433,-77.12440083,2023,10,15
230058957,Injury Crash,10/06/2023 03:42:00 PM,NORBECK RD,NA,SAME DIR REAR END,Cloudy,DRY,Daylight,NO CONTROLS,NONE DETECTED,Yes,Possible Minor Injury,N/A,NOT DISTRACTED,MD,(SPORT) UTILITY VEHICLE,SLOWING OR STOPPING,40,No,2017,HOND,HRV,39.09221433,-77.12440083,2023,10,15
230058957,Injury Crash,10/06/2023 03:42:00 PM,NORBECK RD,NA,SAME DIR REAR END,Cloudy,DRY,Daylight,NO CONTROLS,NONE DETECTED,No,Possible Minor Injury,N/A,NOT DISTRACTED,MD,(SPORT) UTILITY VEHICLE,SLOWING OR STOPPING,40,No,2024,HONDA,HRV,39.09221433,-77.12440083,2023,10,15
230058951,Property Damage Crash,10/06/2023 02:55:00 PM,RIDGE RD,NA,SAME DIR REAR END,Clear,DRY,Daylight,NO CONTROLS,NONE DETECTED,No,No Apparent Injury,N/A,NOT DISTRACTED,MD,PASSENGER CAR,STOPPED IN TRAFFIC LANE,45,No,2012,HONDA,4S,39.20440581,-77.2469487,2023,10,14
230058951,Property Damage Crash,10/06/2023 02:55:00 PM,RIDGE RD,NA,SAME DIR REAR END,Clear,DRY,Daylight,NO CONTROLS,NONE DETECTED,Yes,No Apparent Injury,N/A,UNKNOWN,MD,SCHOOL BUS,STOPPED IN TRAFFIC LANE,45,No,2017,THOMAS,SCHOOL BUS,39.20440581,-77.2469487,2023,10,14
230058946,Property Damage Crash,10/06/2023 02:18:00 PM,SPRINGRIDGE RD,NA,HEAD ON,Cloudy,DRY,Daylight,NO CONTROLS,NONE DETECTED,No,No Apparent Injury,N/A,NOT DISTRACTED,MD,(SPORT) UTILITY VEHICLE,STOPPED IN TRAFFIC LANE,25,No,2020,JEEP,CHEROKEE,39.04594821,-77.26489107,2023,10,14
230058946,Property Damage Crash,10/06/2023 02:18:00 PM,SPRINGRIDGE RD,NA,HEAD ON,Cloudy,DRY,Daylight,NO CONTROLS,NONE DETECTED,Yes,No Apparent Injury,N/A,NOT DISTRACTED,MD,PICKUP TRUCK,BACKING,25,No,2021,GMC,SIERRA,39.04594821,-77.26489107,2023,10,14
230058928,Property Damage Crash,10/06/2023 01:20:00 PM,SHADY GROVE RD,NA,SAME DIR REAR END,Cloudy,DRY,Daylight,NO CONTROLS,NONE DETECTED,No,No Apparent Injury,N/A,NOT DISTRACTED,MD,PASSENGER CAR,STOPPED IN TRAFFIC LANE,40,No,2022,FORD,EXPLORER,39.12723283,-77.17310783,2023,10,13
230058928,Property Damage Crash,10/06/2023 01:20:00 PM,SHADY GROVE RD,NA,SAME DIR REAR END,Cloudy,DRY,Daylight,NO CONTROLS,NONE DETECTED,Yes,No Apparent Injury,N/A,NOT DISTRACTED,FL,PASSENGER CAR,SLOWING OR STOPPING,40,No,2013,HYUNDAI,GENESIS,39.12723283,-77.17310783,2023,10,13
230059086,Property Damage Crash,10/06/2023 12:49:00 PM,HILLERY WAY,NA,OPPOSITE DIRECTION SIDESWIPE,Cloudy,DRY,Daylight,NO CONTROLS,NONE DETECTED,No,No Apparent Injury,N/A,NOT DISTRACTED,NA,(SPORT) UTILITY VEHICLE,PARKED,20,No,2017,FORD,ESCAPE,39.03871167,-77.10983167,2023,10,12
230059086,Property Damage Crash,10/06/2023 12:49:00 PM,HILLERY WAY,NA,OPPOSITE DIRECTION SIDESWIPE,Cloudy,DRY,Daylight,NO CONTROLS,NONE DETECTED,Yes,No Apparent Injury,N/A,UNKNOWN,NA,NA,SLOWING OR STOPPING,20,No,0,UNKNOWN,UNKNOWN,39.03871167,-77.10983167,2023,10,12
230058918,Injury Crash,10/06/2023 12:15:00 PM,SCENERY DR,NA,STRAIGHT MOVEMENT ANGLE,Clear,DRY,Daylight,NO CONTROLS,NONE DETECTED,Yes,No Apparent Injury,N/A,NOT DISTRACTED,MD,PASSENGER CAR,ACCELERATING,40,No,2009,CHEV,TK,39.18437333,-77.232285,2023,10,12
230058918,Injury Crash,10/06/2023 12:15:00 PM,SCENERY DR,NA,STRAIGHT MOVEMENT ANGLE,Clear,DRY,Daylight,NO CONTROLS,NONE DETECTED,No,Possible Minor Injury,N/A,NOT DISTRACTED,MD,PASSENGER CAR,MAKING LEFT TURN,40,No,2012,SUBA,SD,39.18437333,-77.232285,2023,10,12
230058887,Property Damage Crash,10/06/2023 09:00:00 AM,MONTGOMERY VILLAGE AVE,NA,SAME DIRECTION SIDESWIPE,Cloudy,DRY,Daylight,YIELD SIGN,NONE DETECTED,No,No Apparent Injury,N/A,NOT DISTRACTED,MD,PASSENGER CAR,MOVING CONSTANT SPEED,35,No,2012,MAZDA,3,39.15248422,-77.21250024,2023,10,9
230058887,Property Damage Crash,10/06/2023 09:00:00 AM,MONTGOMERY VILLAGE AVE,NA,SAME DIRECTION SIDESWIPE,Cloudy,DRY,Daylight,YIELD SIGN,NONE DETECTED,Yes,No Apparent Injury,N/A,UNKNOWN,MD,PASSENGER CAR,ENTERING TRAFFIC LANE,35,No,2008,PONTIAC,4DR SEDAN,39.15248422,-77.21250024,2023,10,9
230058872,Property Damage Crash,10/06/2023 08:00:00 AM,LA DUKE DR,NA,HEAD ON LEFT TURN,Cloudy,DRY,Daylight,STOP SIGN,NONE DETECTED,No,No Apparent Injury,N/A,NOT DISTRACTED,MD,PASSENGER CAR,STOPPED IN TRAFFIC LANE,0,No,2004,LEXS,TK,39.01877083,-77.0640645,2023,10,8
230058872,Property Damage Crash,10/06/2023 08:00:00 AM,LA DUKE DR,NA,HEAD ON LEFT TURN,Cloudy,DRY,Daylight,STOP SIGN,NONE DETECTED,Yes,No Apparent Injury,N/A,LOOKED BUT DID NOT SEE,MD,PASSENGER CAR,MAKING LEFT TURN,10,No,2014,TOYT,UT,39.01877083,-77.0640645,2023,10,8
230058863,Injury Crash,10/06/2023 07:45:00 AM,ROCKLEDGE DR,NA,SINGLE VEHICLE,Cloudy,WET,Daylight,TRAFFIC SIGNAL,NONE DETECTED,Yes,Possible Minor Injury,"N/A, WET",NOT DISTRACTED,MD,(SPORT) UTILITY VEHICLE,MAKING LEFT TURN,35,No,2015,FORD,ESCAPE,39.03191408,-77.13162632,2023,10,7
230058868,Property Damage Crash,10/06/2023 07:37:00 AM,GEORGIA AVE,NA,SAME DIRECTION SIDESWIPE,Cloudy,DRY,Daylight,NO CONTROLS,NONE DETECTED,No,No Apparent Injury,N/A,LOOKED BUT DID NOT SEE,MD,PASSENGER CAR,CHANGING LANES,45,No,2009,HOND,CP,39.11358217,-77.07575033,2023,10,7
230058868,Property Damage Crash,10/06/2023 07:37:00 AM,GEORGIA AVE,NA,SAME DIRECTION SIDESWIPE,Cloudy,DRY,Daylight,NO CONTROLS,NONE DETECTED,Yes,No Apparent Injury,N/A,LOOKED BUT DID NOT SEE,MD,PASSENGER CAR,MOVING CONSTANT SPEED,45,No,2006,NISSAN,ALTIMA,39.11358217,-77.07575033,2023,10,7
230058859,Injury Crash,10/06/2023 06:50:00 AM,COLUMBIA PIKE,NA,HEAD ON LEFT TURN,Clear,DRY,Medium,TRAFFIC SIGNAL,NONE DETECTED,No,No Apparent Injury,N/A,NOT DISTRACTED,MD,PASSENGER CAR,MAKING LEFT TURN,50,No,2023,TOYT,UT,39.104495,-76.93288667,2023,10,6
230058859,Injury Crash,10/06/2023 06:50:00 AM,COLUMBIA PIKE,NA,HEAD ON LEFT TURN,Clear,DRY,Medium,TRAFFIC SIGNAL,NONE DETECTED,Yes,Possible Minor Injury,N/A,LOOKED BUT DID NOT SEE,MD,PASSENGER CAR,MOVING CONSTANT SPEED,50,No,2009,CHEVY,IMPALA,39.104495,-76.93288667,2023,10,6
230058857,Property Damage Crash,10/06/2023 06:30:00 AM,NEW HAMPSHIRE AVE,NA,HEAD ON LEFT TURN,Clear,DRY,Medium,NO CONTROLS,NONE DETECTED,Yes,No Apparent Injury,N/A,UNKNOWN,MD,PASSENGER CAR,MAKING U TURN,35,No,2010,HONDA,CIVIC,39.0241745,-76.97932867,2023,10,6
230058857,Property Damage Crash,10/06/2023 06:30:00 AM,NEW HAMPSHIRE AVE,NA,HEAD ON LEFT TURN,Clear,DRY,Medium,NO CONTROLS,NONE DETECTED,No,No Apparent Injury,N/A,NOT DISTRACTED,MD,PASSENGER CAR,MOVING CONSTANT SPEED,35,No,2023,TOYT,SD,39.0241745,-76.97932867,2023,10,6
230058841,Injury Crash,10/06/2023 12:22:00 AM,NA,NA,SINGLE VEHICLE,Cloudy,NA,Medium,N/A,NONE DETECTED,Yes,Suspected Serious Injury,N/A,UNKNOWN,MD,MOTORCYCLE,ACCELERATING,0,No,2023,YAMAHA,R7,38.99764833,-77.11012833,2023,10,0
230058840,Property Damage Crash,10/06/2023 12:16:00 AM,WOODFIELD RD,NA,SINGLE VEHICLE,Cloudy,DRY,Medium,NO CONTROLS,NONE DETECTED,Yes,No Apparent Injury,N/A,NOT DISTRACTED,MD,POLICE VEHICLE/NON EMERGENCY,MOVING CONSTANT SPEED,40,No,2020,CHEV,TAHOE,39.2602682,-77.2026591,2023,10,0
230058829,Property Damage Crash,10/05/2023 09:00:00 PM,PARKLAND DR,NA,STRAIGHT MOVEMENT ANGLE,Clear,DRY,Dark,STOP SIGN,NONE DETECTED,No,No Apparent Injury,N/A,UNKNOWN,MD,PASSENGER CAR,MOVING CONSTANT SPEED,25,No,2007,HOND,4S,39.07280914,-77.08715527,2023,10,21
230058829,Property Damage Crash,10/05/2023 09:00:00 PM,PARKLAND DR,NA,STRAIGHT MOVEMENT ANGLE,Clear,DRY,Dark,STOP SIGN,NONE DETECTED,Yes,No Apparent Injury,N/A,LOOKED BUT DID NOT SEE,MD,PASSENGER CAR,ACCELERATING,25,No,2014,NISSAN,SD,39.07280914,-77.08715527,2023,10,21
230058825,Property Damage Crash,10/05/2023 08:26:00 PM,RUSSELL AVE,NA,SAME DIRECTION LEFT TURN,Clear,DRY,Medium,STOP SIGN,NONE DETECTED,Yes,No Apparent Injury,N/A,UNKNOWN,NA,PASSENGER CAR,ACCELERATING,30,No,2008,INFINITI,G37S,39.14002178,-77.19565057,2023,10,20
230058825,Property Damage Crash,10/05/2023 08:26:00 PM,RUSSELL AVE,NA,SAME DIRECTION LEFT TURN,Clear,DRY,Medium,STOP SIGN,NONE DETECTED,No,No Apparent Injury,N/A,NOT DISTRACTED,MD,PASSENGER CAR,STOPPED IN TRAFFIC LANE,30,No,2010,TOYOTA,CORROLLA,39.14002178,-77.19565057,2023,10,20
230058808,Injury Crash,10/05/2023 06:12:00 PM,FREDERICK RD,NA,STRAIGHT MOVEMENT ANGLE,Clear,DRY,Medium,TRAFFIC SIGNAL,NONE DETECTED,Yes,No Apparent Injury,N/A,UNKNOWN,MD,PASSENGER CAR,MAKING LEFT TURN,40,No,2020,HYUN,SD,39.17177667,-77.23585333,2023,10,18
230058808,Injury Crash,10/05/2023 06:12:00 PM,FREDERICK RD,NA,STRAIGHT MOVEMENT ANGLE,Clear,DRY,Medium,TRAFFIC SIGNAL,NONE DETECTED,No,Possible Minor Injury,N/A,NOT DISTRACTED,MD,PASSENGER CAR,MOVING CONSTANT SPEED,40,No,2021,HOND,SD,39.17177667,-77.23585333,2023,10,18
230058813,Property Damage Crash,10/05/2023 06:07:00 PM,NA,NA,OTHER,Clear,NA,Daylight,NO CONTROLS,NONE DETECTED,Yes,No Apparent Injury,N/A,LOOKED BUT DID NOT SEE,DC,(SPORT) UTILITY VEHICLE,BACKING,5,No,2003,MITSUBISHI,OUTLANDER,38.99067688,-77.02378973,2023,10,18
230058813,Property Damage Crash,10/05/2023 06:07:00 PM,NA,NA,OTHER,Clear,NA,Daylight,NO CONTROLS,NONE DETECTED,No,No Apparent Injury,N/A,NOT DISTRACTED,MD,(SPORT) UTILITY VEHICLE,PARKED,5,No,2015,LEXUS,NX,38.99067688,-77.02378973,2023,10,18
230058797,Property Damage Crash,10/05/2023 05:30:00 PM,RIDGE RD,NA,SAME DIR REAR END,Clear,DRY,Daylight,TRAFFIC SIGNAL,NONE DETECTED,No,No Apparent Injury,N/A,NOT DISTRACTED,MD,PICKUP TRUCK,SLOWING OR STOPPING,40,No,2004,DODG,TK,39.201813,-77.25364417,2023,10,17
230058797,Property Damage Crash,10/05/2023 05:30:00 PM,RIDGE RD,NA,SAME DIR REAR END,Clear,DRY,Daylight,TRAFFIC SIGNAL,NONE DETECTED,Yes,No Apparent Injury,N/A,LOOKED BUT DID NOT SEE,MD,PASSENGER CAR,MOVING CONSTANT SPEED,40,No,2016,TOYT,UT,39.201813,-77.25364417,2023,10,17
230058797,Property Damage Crash,10/05/2023 05:30:00 PM,RIDGE RD,NA,SAME DIR REAR END,Clear,DRY,Daylight,TRAFFIC SIGNAL,NONE DETECTED,No,No Apparent Injury,N/A,NOT DISTRACTED,MD,PICKUP TRUCK,SLOWING OR STOPPING,40,No,2022,FORD,PK,39.201813,-77.25364417,2023,10,17
230058790,Property Damage Crash,10/05/2023 05:00:00 PM,SHADY GROVE RD,NA,SAME DIRECTION SIDESWIPE,Clear,DRY,Daylight,NO CONTROLS,NONE DETECTED,Yes,No Apparent Injury,N/A,NOT DISTRACTED,MD,TRANSIT BUS,CHANGING LANES,40,No,2021,GILLIG,BUS,39.11387341,-77.18621252,2023,10,17
230058790,Property Damage Crash,10/05/2023 05:00:00 PM,SHADY GROVE RD,NA,SAME DIRECTION SIDESWIPE,Clear,DRY,Daylight,NO CONTROLS,NONE DETECTED,No,No Apparent Injury,N/A,NOT DISTRACTED,MD,PASSENGER CAR,STOPPED IN TRAFFIC LANE,40,No,2014,HONDA,PILOT,39.11387341,-77.18621252,2023,10,17
230058772,Property Damage Crash,10/05/2023 04:35:00 PM,WOODMONT AVE,NA,ANGLE MEETS RIGHT TURN,Clear,DRY,Daylight,TRAFFIC SIGNAL,NONE DETECTED,Yes,No Apparent Injury,N/A,LOOKED BUT DID NOT SEE,MD,PASSENGER CAR,RIGHT TURN ON RED,35,No,1998,TOYT,COROLLA,38.9839905,-77.09628383,2023,10,16
230058772,Property Damage Crash,10/05/2023 04:35:00 PM,WOODMONT AVE,NA,ANGLE MEETS RIGHT TURN,Clear,DRY,Daylight,TRAFFIC SIGNAL,NONE DETECTED,No,No Apparent Injury,N/A,NOT DISTRACTED,MD,(SPORT) UTILITY VEHICLE,MOVING CONSTANT SPEED,35,No,2018,AUDI,UT,38.9839905,-77.09628383,2023,10,16
230058768,Injury Crash,10/05/2023 04:21:00 PM,VEIRS MILL RD,NA,STRAIGHT MOVEMENT ANGLE,Clear,DRY,Daylight,NO CONTROLS,NONE DETECTED,No,Possible Minor Injury,N/A,NOT DISTRACTED,MD,PASSENGER CAR,MOVING CONSTANT SPEED,40,No,2018,NISS,UT,39.07428544,-77.11383749,2023,10,16
230058768,Injury Crash,10/05/2023 04:21:00 PM,VEIRS MILL RD,NA,STRAIGHT MOVEMENT ANGLE,Clear,DRY,Daylight,NO CONTROLS,NONE DETECTED,Yes,Possible Minor Injury,N/A,LOOKED BUT DID NOT SEE,WA,PICKUP TRUCK,MAKING LEFT TURN,0,No,2018,TOYOTA,TACOMA,39.07428544,-77.11383749,2023,10,16
230058770,Injury Crash,10/05/2023 04:15:00 PM,TUCKERMAN LA,NA,STRAIGHT MOVEMENT ANGLE,Clear,DRY,Daylight,NO CONTROLS,NONE DETECTED,Yes,Possible Minor Injury,N/A,LOOKED BUT DID NOT SEE,MD,(SPORT) UTILITY VEHICLE,MAKING LEFT TURN,35,No,2021,ACURA,RDX,39.03701383,-77.13753967,2023,10,16
230058770,Injury Crash,10/05/2023 04:15:00 PM,TUCKERMAN LA,NA,STRAIGHT MOVEMENT ANGLE,Clear,DRY,Daylight,NO CONTROLS,NONE DETECTED,No,Possible Minor Injury,N/A,NOT DISTRACTED,MD,PASSENGER CAR,MOVING CONSTANT SPEED,35,No,2017,TOYOTA,COROLLA,39.03701383,-77.13753967,2023,10,16
230058765,Injury Crash,10/05/2023 04:03:00 PM,DARNESTOWN RD,NA,HEAD ON LEFT TURN,Clear,DRY,Daylight,TRAFFIC SIGNAL,NONE DETECTED,No,No Apparent Injury,N/A,NOT DISTRACTED,MD,PASSENGER CAR,MOVING CONSTANT SPEED,40,No,2006,SUBA,IMPREZA,39.0930559,-77.1964251,2023,10,16
230058765,Injury Crash,10/05/2023 04:03:00 PM,DARNESTOWN RD,NA,HEAD ON LEFT TURN,Clear,DRY,Daylight,TRAFFIC SIGNAL,NONE DETECTED,Yes,No Apparent Injury,N/A,OTHER DISTRACTION,MD,PASSENGER CAR,MAKING LEFT TURN,40,No,2024,HOND,CR-V,39.0930559,-77.1964251,2023,10,16
230058763,Injury Crash,10/05/2023 03:58:00 PM,NA,NA,STRAIGHT MOVEMENT ANGLE,Clear,NA,Daylight,NO CONTROLS,NONE DETECTED,Yes,No Apparent Injury,N/A,NOT DISTRACTED,MD,PASSENGER CAR,MOVING CONSTANT SPEED,0,No,2014,TOYOTA,HB,39.05631578,-76.96604101,2023,10,15
230058763,Injury Crash,10/05/2023 03:58:00 PM,NA,NA,STRAIGHT MOVEMENT ANGLE,Clear,NA,Daylight,NO CONTROLS,NONE DETECTED,No,Possible Minor Injury,N/A,NOT DISTRACTED,MD,PASSENGER CAR,MOVING CONSTANT SPEED,0,No,2018,PORSHE,UT,39.05631578,-76.96604101,2023,10,15
230058753,Property Damage Crash,10/05/2023 03:30:00 PM,OLNEY LAYTONSVILLE RD,NA,SAME DIR REAR END,Clear,DRY,Daylight,NO CONTROLS,NONE DETECTED,Yes,No Apparent Injury,N/A,LOOKED BUT DID NOT SEE,MD,PASSENGER CAR,SLOWING OR STOPPING,30,No,2022,FORD,TK,39.16381667,-77.082365,2023,10,15
230058753,Property Damage Crash,10/05/2023 03:30:00 PM,OLNEY LAYTONSVILLE RD,NA,SAME DIR REAR END,Clear,DRY,Daylight,NO CONTROLS,NONE DETECTED,No,No Apparent Injury,N/A,NOT DISTRACTED,MD,PASSENGER CAR,SLOWING OR STOPPING,30,No,2019,TOYT,TK,39.16381667,-77.082365,2023,10,15
230058753,Property Damage Crash,10/05/2023 03:30:00 PM,OLNEY LAYTONSVILLE RD,NA,SAME DIR REAR END,Clear,DRY,Daylight,NO CONTROLS,NONE DETECTED,No,No Apparent Injury,N/A,NOT DISTRACTED,MD,PASSENGER CAR,SLOWING OR STOPPING,30,No,2021,CHRYSLER,PV,39.16381667,-77.082365,2023,10,15
230058758,Property Damage Crash,10/05/2023 03:12:00 PM,BUCKLODGE RD,NA,SINGLE VEHICLE,Clear,DRY,Daylight,NO CONTROLS,NONE DETECTED,Yes,No Apparent Injury,N/A,NOT DISTRACTED,MD,SCHOOL BUS,MOVING CONSTANT SPEED,40,No,2016,THOMPSON,BUS,39.189368,-77.34071167,2023,10,15
230059720,Property Damage Crash,10/05/2023 12:22:00 PM,GEORGIA AVE,NA,SAME DIRECTION SIDESWIPE,Clear,DRY,Daylight,N/A,NONE DETECTED,Yes,No Apparent Injury,N/A,UNKNOWN,NA,UNKNOWN,STARTING FROM LANE,35,No,0,UNKNOWN,UNKNOWN,39.01574016,-77.04272148,2023,10,12
230059720,Property Damage Crash,10/05/2023 12:22:00 PM,GEORGIA AVE,NA,SAME DIRECTION SIDESWIPE,Clear,DRY,Daylight,N/A,NONE DETECTED,No,No Apparent Injury,N/A,NOT DISTRACTED,MD,PASSENGER CAR,MOVING CONSTANT SPEED,35,No,2017,HONDA,CIVIC,39.01574016,-77.04272148,2023,10,12
230058714,Injury Crash,10/05/2023 12:11:00 PM,WISTERIA DR,NA,SAME DIR REAR END,Cloudy,DRY,Daylight,NO CONTROLS,NONE DETECTED,No,No Apparent Injury,N/A,NOT DISTRACTED,MD,PASSENGER CAR,STOPPED IN TRAFFIC LANE,25,No,2007,SUBARU,4D,39.17609519,-77.26866158,2023,10,12
230058714,Injury Crash,10/05/2023 12:11:00 PM,WISTERIA DR,NA,SAME DIR REAR END,Cloudy,DRY,Daylight,NO CONTROLS,NONE DETECTED,No,Possible Minor Injury,N/A,NOT DISTRACTED,MD,PASSENGER CAR,STOPPED IN TRAFFIC LANE,25,No,2017,HYUNDAI,SONATA,39.17609519,-77.26866158,2023,10,12
230058714,Injury Crash,10/05/2023 12:11:00 PM,WISTERIA DR,NA,SAME DIR REAR END,Cloudy,DRY,Daylight,NO CONTROLS,NONE DETECTED,Yes,No Apparent Injury,N/A,NOT DISTRACTED,MD,(SPORT) UTILITY VEHICLE,SLOWING OR STOPPING,25,No,2004,HONDA,PILOT,39.17609519,-77.26866158,2023,10,12
230058711,Property Damage Crash,10/05/2023 11:51:00 AM,GERMANTOWN RD,NA,SAME DIR REAR END,Clear,DRY,Daylight,NO CONTROLS,NONE DETECTED,Yes,No Apparent Injury,N/A,UNKNOWN,MD,TRANSIT BUS,MOVING CONSTANT SPEED,40,No,2019,BU,GILG,39.16304777,-77.28298432,2023,10,11
230058711,Property Damage Crash,10/05/2023 11:51:00 AM,GERMANTOWN RD,NA,SAME DIR REAR END,Clear,DRY,Daylight,NO CONTROLS,NONE DETECTED,No,No Apparent Injury,N/A,NOT DISTRACTED,MD,PASSENGER CAR,STOPPED IN TRAFFIC LANE,40,No,2016,NISS,HB,39.16304777,-77.28298432,2023,10,11
230058710,Property Damage Crash,10/05/2023 11:44:00 AM,NA,NA,OTHER,Cloudy,NA,Daylight,NO CONTROLS,NONE DETECTED,Yes,No Apparent Injury,N/A,LOOKED BUT DID NOT SEE,XX,VAN,BACKING,5,No,2005,TOYT,PV,39.02087361,-76.97660732,2023,10,11
230058706,Injury Crash,10/05/2023 11:35:00 AM,E GUDE DR,NA,SAME DIR REAR END,Clear,DRY,Daylight,NO CONTROLS,NONE DETECTED,No,Possible Minor Injury,N/A,NOT DISTRACTED,MD,PASSENGER CAR,SLOWING OR STOPPING,40,No,2013,TOYOTA,COROLLA,39.10627633,-77.14980283,2023,10,11
230058706,Injury Crash,10/05/2023 11:35:00 AM,E GUDE DR,NA,SAME DIR REAR END,Clear,DRY,Daylight,NO CONTROLS,NONE DETECTED,Yes,No Apparent Injury,N/A,NOT DISTRACTED,MD,PICKUP TRUCK,SLOWING OR STOPPING,40,No,2005,FORD,F250,39.10627633,-77.14980283,2023,10,11
230058700,Injury Crash,10/05/2023 11:10:00 AM,WATKINS MILL RD,NA,STRAIGHT MOVEMENT ANGLE,Clear,DRY,Daylight,NO CONTROLS,NONE DETECTED,Yes,Possible Minor Injury,N/A,LOOKED BUT DID NOT SEE,MD,PASSENGER CAR,MAKING LEFT TURN,30,No,2012,NISSAN,ALTIMA,39.16003603,-77.21586662,2023,10,11
230058700,Injury Crash,10/05/2023 11:10:00 AM,WATKINS MILL RD,NA,STRAIGHT MOVEMENT ANGLE,Clear,DRY,Daylight,NO CONTROLS,NONE DETECTED,No,No Apparent Injury,N/A,NOT DISTRACTED,MD,PASSENGER CAR,MOVING CONSTANT SPEED,30,No,2011,TOYOTA,RAV4,39.16003603,-77.21586662,2023,10,11