Local Case Number,ACRS Report Type,Crash Date/Time,Road Name,Related Non-Motorist,Collision Type,Weather,Surface Condition,Light,Traffic Control,Driver Substance Abuse,Driver At Fault,Injury Severity,Circumstance,Driver Distracted By,Drivers License State,Vehicle Body Type,Vehicle Movement,Speed Limit,Driverless Vehicle,Vehicle Year,Vehicle Make,Vehicle Model,Latitude,Longitude,Year,Month,Hour
230058682,Injury Crash,10/05/2023 10:15:00 AM,NA,PEDESTRIAN,OTHER,Clear,NA,Daylight,NO CONTROLS,NONE DETECTED,Yes,No Apparent Injury,N/A,NOT DISTRACTED,MD,PASSENGER CAR,MOVING CONSTANT SPEED,5,No,2017,KIA,MIRO,39.07957119,-77.14403051,2023,10,10
230058676,Property Damage Crash,10/05/2023 09:23:00 AM,NA,NA,SINGLE VEHICLE,Clear,NA,Daylight,NO CONTROLS,NONE DETECTED,Yes,No Apparent Injury,N/A,LOOKED BUT DID NOT SEE,MD,SCHOOL BUS,MOVING CONSTANT SPEED,5,No,2015,THOM,BU,39.16291667,-77.22367167,2023,10,9
230058691,Property Damage Crash,10/05/2023 09:21:00 AM,NA,NA,SINGLE VEHICLE,Clear,NA,Daylight,NO CONTROLS,NONE DETECTED,Yes,No Apparent Injury,N/A,LOOKED BUT DID NOT SEE,MD,PASSENGER CAR,SLOWING OR STOPPING,15,No,2014,THOMAS,BUS,39.20675587,-77.1407722,2023,10,9
230058671,Injury Crash,10/05/2023 09:10:00 AM,CLOPPER RD,NA,STRAIGHT MOVEMENT ANGLE,Cloudy,DRY,Daylight,TRAFFIC SIGNAL,NONE DETECTED,Yes,Possible Minor Injury,N/A,LOOKED BUT DID NOT SEE,MD,PASSENGER CAR,MOVING CONSTANT SPEED,35,No,2019,HOND,UT,39.15907967,-77.27527067,2023,10,9
230058671,Injury Crash,10/05/2023 09:10:00 AM,CLOPPER RD,NA,STRAIGHT MOVEMENT ANGLE,Cloudy,DRY,Daylight,TRAFFIC SIGNAL,NONE DETECTED,No,Possible Minor Injury,N/A,NOT DISTRACTED,MD,PASSENGER CAR,MAKING LEFT TURN,30,No,2009,HOND,SD,39.15907967,-77.27527067,2023,10,9
230058664,Property Damage Crash,10/05/2023 08:44:00 AM,MIDCOUNTY HWY,NA,SAME DIR REAR END,Cloudy,DRY,Daylight,NO CONTROLS,NONE DETECTED,Yes,No Apparent Injury,N/A,NOT DISTRACTED,MD,(SPORT) UTILITY VEHICLE,SLOWING OR STOPPING,45,No,2019,MITS,UT,39.15930333,-77.19839667,2023,10,8
230058664,Property Damage Crash,10/05/2023 08:44:00 AM,MIDCOUNTY HWY,NA,SAME DIR REAR END,Cloudy,DRY,Daylight,NO CONTROLS,NONE DETECTED,No,No Apparent Injury,N/A,NOT DISTRACTED,MD,(SPORT) UTILITY VEHICLE,MOVING CONSTANT SPEED,45,No,2018,TOYT,UT,39.15930333,-77.19839667,2023,10,8
230058648,Property Damage Crash,10/05/2023 07:50:00 AM,HATHAWAY DR,NA,STRAIGHT MOVEMENT ANGLE,Cloudy,DRY,Medium,STOP SIGN,NONE DETECTED,Yes,No Apparent Injury,N/A,LOOKED BUT DID NOT SEE,MD,PASSENGER CAR,MAKING LEFT TURN,25,No,2019,HONDA,CIVIC,39.07145983,-77.05577367,2023,10,7
230058648,Property Damage Crash,10/05/2023 07:50:00 AM,HATHAWAY DR,NA,STRAIGHT MOVEMENT ANGLE,Cloudy,DRY,Medium,STOP SIGN,NONE DETECTED,No,No Apparent Injury,N/A,NOT DISTRACTED,MD,PASSENGER CAR,MOVING CONSTANT SPEED,25,No,2013,TOYOTA,VENZA,39.07145983,-77.05577367,2023,10,7
230058646,Property Damage Crash,10/05/2023 07:30:00 AM,LOCKWOOD DR,NA,SINGLE VEHICLE,Cloudy,DRY,Daylight,TRAFFIC SIGNAL,NONE DETECTED,Yes,No Apparent Injury,N/A,INATTENTIVE OR LOST IN THOUGHT,MD,PASSENGER CAR,MOVING CONSTANT SPEED,30,No,2014,HYUNDAI,SONATA,39.03966871,-76.99059943,2023,10,7
230058636,Property Damage Crash,10/05/2023 07:01:00 AM,RIDGE RD,NA,SAME DIR REAR END,Cloudy,DRY,Medium,TRAFFIC SIGNAL,NONE DETECTED,No,No Apparent Injury,N/A,NOT DISTRACTED,NY,PASSENGER CAR,STOPPED IN TRAFFIC LANE,45,No,2022,DODGE,CHALLENGER 2S,39.20154667,-77.25358833,2023,10,7
230058636,Property Damage Crash,10/05/2023 07:01:00 AM,RIDGE RD,NA,SAME DIR REAR END,Cloudy,DRY,Medium,TRAFFIC SIGNAL,NONE DETECTED,No,No Apparent Injury,N/A,NOT DISTRACTED,MD,(SPORT) UTILITY VEHICLE,STOPPED IN TRAFFIC LANE,45,No,2020,NISSAN,ROGUE UT,39.20154667,-77.25358833,2023,10,7
230058636,Property Damage Crash,10/05/2023 07:01:00 AM,RIDGE RD,NA,SAME DIR REAR END,Cloudy,DRY,Medium,TRAFFIC SIGNAL,NONE DETECTED,Yes,No Apparent Injury,N/A,OTHER DISTRACTION,MD,PASSENGER CAR,MOVING CONSTANT SPEED,45,No,2021,ACURA,TLX 4S,39.20154667,-77.25358833,2023,10,7
230058633,Property Damage Crash,10/05/2023 06:28:00 AM,NEEDWOOD RD,NA,OTHER,Clear,DRY,Medium,NO CONTROLS,NONE DETECTED,Yes,No Apparent Injury,N/A,UNKNOWN,NA,PASSENGER CAR,UNKNOWN,25,No,2018,HYUNDAI,ELANTRA,39.12510057,-77.15752294,2023,10,6
230058629,Property Damage Crash,10/05/2023 05:36:00 AM,NEW HAMPSHIRE AVE,NA,SINGLE VEHICLE,Cloudy,DRY,Medium,TRAFFIC SIGNAL,NONE DETECTED,Yes,No Apparent Injury,N/A,NOT DISTRACTED,MD,PASSENGER CAR,MAKING LEFT TURN,40,No,2021,NISSAN,SENTRA,39.106173,-77.00140517,2023,10,5
230058619,Injury Crash,10/05/2023 01:44:00 AM,CHERRY HILL RD,NA,SINGLE VEHICLE,Clear,DRY,Medium,FLASHING TRAFFIC SIGNAL,NONE DETECTED,Yes,Possible Minor Injury,N/A,UNKNOWN,MD,PASSENGER CAR,MOVING CONSTANT SPEED,35,No,2019,MAZDA,3,39.0464125,-76.9521225,2023,10,1
230058598,Injury Crash,10/04/2023 10:00:00 PM,COLUMBIA PIKE,NA,SAME DIR REAR END,Clear,DRY,Medium,TRAFFIC SIGNAL,NONE DETECTED,No,Possible Minor Injury,N/A,NOT DISTRACTED,MD,PASSENGER CAR,STOPPED IN TRAFFIC LANE,40,No,2015,HOND,SD,39.03876167,-76.99805167,2023,10,22
230058598,Injury Crash,10/04/2023 10:00:00 PM,COLUMBIA PIKE,NA,SAME DIR REAR END,Clear,DRY,Medium,TRAFFIC SIGNAL,NONE DETECTED,Yes,No Apparent Injury,N/A,NOT DISTRACTED,PA,PASSENGER CAR,ACCELERATING,40,No,2013,BMW,X3,39.03876167,-76.99805167,2023,10,22
230058598,Injury Crash,10/04/2023 10:00:00 PM,COLUMBIA PIKE,NA,SAME DIR REAR END,Clear,DRY,Medium,TRAFFIC SIGNAL,NONE DETECTED,No,No Apparent Injury,N/A,NOT DISTRACTED,CO,PASSENGER CAR,STOPPED IN TRAFFIC LANE,35,No,2023,HYUN,SANTA FE,39.03876167,-76.99805167,2023,10,22
230058598,Injury Crash,10/04/2023 10:00:00 PM,COLUMBIA PIKE,NA,SAME DIR REAR END,Clear,DRY,Medium,TRAFFIC SIGNAL,NONE DETECTED,No,No Apparent Injury,N/A,NOT DISTRACTED,ND,PASSENGER CAR,STOPPED IN TRAFFIC LANE,40,No,2023,KIA,SPO2,39.03876167,-76.99805167,2023,10,22
230058603,Property Damage Crash,10/04/2023 08:45:00 PM,HILLCROFT DR,NA,SAME DIRECTION SIDESWIPE,Clear,DRY,Medium,NO CONTROLS,NONE DETECTED,Yes,No Apparent Injury,N/A,INATTENTIVE OR LOST IN THOUGHT,MD,PASSENGER CAR,MOVING CONSTANT SPEED,25,No,2017,VOLVO,SUV,39.12400667,-77.077425,2023,10,20
230058588,Property Damage Crash,10/04/2023 08:39:00 PM,PARKLAWN DR,NA,SAME DIRECTION SIDESWIPE,Clear,N/A,Medium,TRAFFIC SIGNAL,NONE DETECTED,Yes,No Apparent Injury,N/A,LOOKED BUT DID NOT SEE,NA,UNKNOWN,MAKING RIGHT TURN,35,No,0,UNKNOWN,UNKNOWN,39.05343433,-77.10644667,2023,10,20
230058588,Property Damage Crash,10/04/2023 08:39:00 PM,PARKLAWN DR,NA,SAME DIRECTION SIDESWIPE,Clear,N/A,Medium,TRAFFIC SIGNAL,NONE DETECTED,No,No Apparent Injury,N/A,NOT DISTRACTED,MD,TRANSIT BUS,STOPPED IN TRAFFIC LANE,35,No,2014,NABI,TBU,39.05343433,-77.10644667,2023,10,20
230058576,Injury Crash,10/04/2023 08:03:00 PM,FATHER HURLEY BLVD,NA,HEAD ON LEFT TURN,Clear,DRY,Medium,TRAFFIC SIGNAL,NONE DETECTED,Unknown,Possible Minor Injury,N/A,UNKNOWN,MD,PASSENGER CAR,MAKING LEFT TURN,35,No,2016,VOLKSWAGON,PASSAT,39.18407646,-77.27346463,2023,10,20
230058576,Injury Crash,10/04/2023 08:03:00 PM,FATHER HURLEY BLVD,NA,HEAD ON LEFT TURN,Clear,DRY,Medium,TRAFFIC SIGNAL,NONE DETECTED,Unknown,No Apparent Injury,N/A,UNKNOWN,MD,PICKUP TRUCK,MOVING CONSTANT SPEED,35,No,2018,TOYOTA,TUNDRA,39.18407646,-77.27346463,2023,10,20
230058567,Property Damage Crash,10/04/2023 07:14:00 PM,LAYHILL RD,NA,SAME DIRECTION SIDESWIPE,Clear,DRY,Medium,TRAFFIC SIGNAL,NONE DETECTED,Unknown,No Apparent Injury,N/A,UNKNOWN,MD,PASSENGER CAR,MAKING U TURN,35,No,2021,TOYOTA,COROLLA,39.06335509,-77.05032972,2023,10,19
230058567,Property Damage Crash,10/04/2023 07:14:00 PM,LAYHILL RD,NA,SAME DIRECTION SIDESWIPE,Clear,DRY,Medium,TRAFFIC SIGNAL,NONE DETECTED,Unknown,No Apparent Injury,N/A,UNKNOWN,MD,PASSENGER CAR,RIGHT TURN ON RED,35,No,2008,MITS,SD,39.06335509,-77.05032972,2023,10,19
230058555,Injury Crash,10/04/2023 06:23:00 PM,OBSERVATION DR,BICYCLIST,STRAIGHT MOVEMENT ANGLE,Clear,DRY,Daylight,TRAFFIC SIGNAL,NONE DETECTED,Yes,No Apparent Injury,N/A,LOOKED BUT DID NOT SEE,MD,SNOWMOBILE,MAKING RIGHT TURN,30,No,2017,HYUN,UT,39.19080667,-77.24775667,2023,10,18
230058559,Property Damage Crash,10/04/2023 06:20:00 PM,CONNECTICUT AVE,NA,STRAIGHT MOVEMENT ANGLE,Clear,DRY,Daylight,STOP SIGN,NONE DETECTED,Yes,No Apparent Injury,N/A,LOOKED BUT DID NOT SEE,MD,PASSENGER CAR,STARTING FROM LANE,30,No,2012,HONDA,CIVIC,39.03142333,-77.07488167,2023,10,18
230058559,Property Damage Crash,10/04/2023 06:20:00 PM,CONNECTICUT AVE,NA,STRAIGHT MOVEMENT ANGLE,Clear,DRY,Daylight,STOP SIGN,NONE DETECTED,No,No Apparent Injury,N/A,NOT DISTRACTED,MD,(SPORT) UTILITY VEHICLE,MOVING CONSTANT SPEED,30,No,2023,VOLVO,SUV,39.03142333,-77.07488167,2023,10,18
230058541,Injury Crash,10/04/2023 05:00:00 PM,BEL PRE RD,NA,HEAD ON LEFT TURN,Clear,DRY,Daylight,TRAFFIC SIGNAL,NONE DETECTED,Yes,Possible Minor Injury,N/A,NOT DISTRACTED,MD,PASSENGER CAR,MOVING CONSTANT SPEED,30,No,2018,HONDA,CRV,39.09135187,-77.06282555,2023,10,17
230058541,Injury Crash,10/04/2023 05:00:00 PM,BEL PRE RD,NA,HEAD ON LEFT TURN,Clear,DRY,Daylight,TRAFFIC SIGNAL,NONE DETECTED,No,Possible Minor Injury,N/A,NOT DISTRACTED,MD,PASSENGER CAR,MAKING LEFT TURN,30,No,2003,MAZDA,MIATA,39.09135187,-77.06282555,2023,10,17
230058534,Property Damage Crash,10/04/2023 04:45:00 PM,GOOD HOPE RD,NA,SAME DIR REAR END,Clear,DRY,Daylight,NO CONTROLS,NONE DETECTED,Yes,No Apparent Injury,N/A,LOOKED BUT DID NOT SEE,MD,PASSENGER CAR,MOVING CONSTANT SPEED,35,No,2011,MAZD,4S,39.09765833,-76.985475,2023,10,16
230058534,Property Damage Crash,10/04/2023 04:45:00 PM,GOOD HOPE RD,NA,SAME DIR REAR END,Clear,DRY,Daylight,NO CONTROLS,NONE DETECTED,No,No Apparent Injury,N/A,NOT DISTRACTED,MD,(SPORT) UTILITY VEHICLE,STOPPED IN TRAFFIC LANE,35,No,2022,TOYT,UT,39.09765833,-76.985475,2023,10,16
230058532,Property Damage Crash,10/04/2023 04:43:00 PM,NA,NA,STRAIGHT MOVEMENT ANGLE,Clear,NA,Daylight,N/A,NONE DETECTED,Yes,No Apparent Injury,N/A,NOT DISTRACTED,MD,MOTORCYCLE,MOVING CONSTANT SPEED,0,No,2023,SSR,PITBIKE,39.01500319,-77.04235342,2023,10,16
230058532,Property Damage Crash,10/04/2023 04:43:00 PM,NA,NA,STRAIGHT MOVEMENT ANGLE,Clear,NA,Daylight,N/A,NONE DETECTED,No,No Apparent Injury,N/A,NOT DISTRACTED,MD,PASSENGER CAR,MOVING CONSTANT SPEED,0,No,2015,NISSAN,ROGUE,39.01500319,-77.04235342,2023,10,16
230058529,Injury Crash,10/04/2023 04:39:00 PM,MONTGOMERY VILLAGE AVE,NA,SAME DIR REAR END,Clear,DRY,Daylight,YIELD SIGN,NONE DETECTED,No,No Apparent Injury,N/A,NOT DISTRACTED,MD,PASSENGER CAR,SLOWING OR STOPPING,35,No,2008,HOND,CP,39.15323791,-77.21148399,2023,10,16
230058529,Injury Crash,10/04/2023 04:39:00 PM,MONTGOMERY VILLAGE AVE,NA,SAME DIR REAR END,Clear,DRY,Daylight,YIELD SIGN,NONE DETECTED,Yes,No Apparent Injury,N/A,LOOKED BUT DID NOT SEE,MD,PASSENGER CAR,ACCELERATING,35,No,1995,TOYT,TK,39.15323791,-77.21148399,2023,10,16
230058527,Property Damage Crash,10/04/2023 04:30:00 PM,NA,NA,UNKNOWN,Clear,NA,Daylight,N/A,NONE DETECTED,Yes,No Apparent Injury,N/A,UNKNOWN,NA,PASSENGER CAR,SLOWING OR STOPPING,25,No,2021,KIA,SPORTAGE,39.0834848,-76.9505677,2023,10,16
230058512,Property Damage Crash,10/04/2023 04:15:00 PM,FREDERICK RD,NA,SINGLE VEHICLE,Clear,DRY,Daylight,NO CONTROLS,NONE DETECTED,Yes,No Apparent Injury,N/A,OTHER DISTRACTION,MD,PASSENGER CAR,LEAVING TRAFFIC LANE,40,No,2013,FORD,FUSION,39.23354567,-77.2720405,2023,10,16
230058514,Injury Crash,10/04/2023 04:00:00 PM,MEDICAL CENTER DR,NA,STRAIGHT MOVEMENT ANGLE,Clear,DRY,Daylight,STOP SIGN,NONE DETECTED,No,Possible Minor Injury,N/A,NOT DISTRACTED,MD,PASSENGER CAR,MOVING CONSTANT SPEED,25,No,2019,MITS,TK,39.10166667,-77.19542333,2023,10,16
230058516,Property Damage Crash,10/04/2023 04:00:00 PM,NEW HAMPSHIRE AVE,NA,SAME DIR REND LEFT TURN,Clear,DRY,Daylight,N/A,NONE DETECTED,No,No Apparent Injury,N/A,NOT DISTRACTED,MD,TRANSIT BUS,ACCELERATING,35,No,2016,GILLIG,LOW FLOOR,38.98615529,-76.98793302,2023,10,16
230058516,Property Damage Crash,10/04/2023 04:00:00 PM,NEW HAMPSHIRE AVE,NA,SAME DIR REND LEFT TURN,Clear,DRY,Daylight,N/A,NONE DETECTED,Yes,No Apparent Injury,N/A,NOT DISTRACTED,NA,(SPORT) UTILITY VEHICLE,ACCELERATING,35,No,0,LEXUS,UNK,38.98615529,-76.98793302,2023,10,16
230058514,Injury Crash,10/04/2023 04:00:00 PM,MEDICAL CENTER DR,NA,STRAIGHT MOVEMENT ANGLE,Clear,DRY,Daylight,STOP SIGN,NONE DETECTED,Yes,No Apparent Injury,N/A,LOOKED BUT DID NOT SEE,MD,PASSENGER CAR,MAKING LEFT TURN,25,No,2022,TESLA,UT,39.10166667,-77.19542333,2023,10,16
230058508,Property Damage Crash,10/04/2023 03:42:00 PM,GRANDVIEW AVE,NA,STRAIGHT MOVEMENT ANGLE,Clear,DRY,Daylight,STOP SIGN,NONE DETECTED,Yes,No Apparent Injury,N/A,LOOKED BUT DID NOT SEE,MD,PASSENGER CAR,MOVING CONSTANT SPEED,25,No,2012,KIA,SD,39.05104167,-77.05270667,2023,10,15
230058508,Property Damage Crash,10/04/2023 03:42:00 PM,GRANDVIEW AVE,NA,STRAIGHT MOVEMENT ANGLE,Clear,DRY,Daylight,STOP SIGN,NONE DETECTED,No,No Apparent Injury,N/A,NOT DISTRACTED,MD,PASSENGER CAR,MOVING CONSTANT SPEED,25,No,2015,HOND,SD,39.05104167,-77.05270667,2023,10,15
230058513,Property Damage Crash,10/04/2023 03:27:00 PM,NA,NA,OTHER,Clear,NA,Daylight,NO CONTROLS,NONE DETECTED,Yes,No Apparent Injury,N/A,UNKNOWN,MD,PASSENGER CAR,MAKING LEFT TURN,5,No,2012,KIA,OPTIMA,39.15746199,-77.05022975,2023,10,15
230058499,Property Damage Crash,10/04/2023 02:37:00 PM,NA,NA,OTHER,Clear,NA,Daylight,N/A,NONE DETECTED,No,No Apparent Injury,N/A,NOT DISTRACTED,MD,SCHOOL BUS,PARKED,5,No,2019,THOMAS,BUS,39.077915,-77.182445,2023,10,14
230058499,Property Damage Crash,10/04/2023 02:37:00 PM,NA,NA,OTHER,Clear,NA,Daylight,N/A,NONE DETECTED,Yes,No Apparent Injury,N/A,UNKNOWN,MD,PASSENGER CAR,MAKING RIGHT TURN,5,No,2006,TOYT,SIENNA,39.077915,-77.182445,2023,10,14
230058491,Property Damage Crash,10/04/2023 02:19:00 PM,N WASHINGTON ST,NA,HEAD ON LEFT TURN,Clear,DRY,Daylight,TRAFFIC SIGNAL,NONE DETECTED,Yes,No Apparent Injury,N/A,UNKNOWN,MD,PASSENGER CAR,MAKING LEFT TURN,25,No,2013,FORD,TK,39.08136873,-77.14656839,2023,10,14
230058491,Property Damage Crash,10/04/2023 02:19:00 PM,N WASHINGTON ST,NA,HEAD ON LEFT TURN,Clear,DRY,Daylight,TRAFFIC SIGNAL,NONE DETECTED,No,No Apparent Injury,N/A,NOT DISTRACTED,MD,PASSENGER CAR,MOVING CONSTANT SPEED,25,No,2015,HOND,4S,39.08136873,-77.14656839,2023,10,14
230058490,Injury Crash,10/04/2023 02:18:00 PM,COLUMBIA PIKE,NA,HEAD ON LEFT TURN,Clear,DRY,Daylight,TRAFFIC SIGNAL,NONE DETECTED,No,Possible Minor Injury,N/A,NOT DISTRACTED,MD,PASSENGER CAR,MAKING LEFT TURN,30,No,2022,HONDA,CIVIC,39.05803554,-76.96852492,2023,10,14
230058490,Injury Crash,10/04/2023 02:18:00 PM,COLUMBIA PIKE,NA,HEAD ON LEFT TURN,Clear,DRY,Daylight,TRAFFIC SIGNAL,NONE DETECTED,No,No Apparent Injury,N/A,NOT DISTRACTED,MD,PASSENGER CAR,MAKING LEFT TURN,30,No,2013,KIA,OPTIMA,39.05803554,-76.96852492,2023,10,14
230058490,Injury Crash,10/04/2023 02:18:00 PM,COLUMBIA PIKE,NA,HEAD ON LEFT TURN,Clear,DRY,Daylight,TRAFFIC SIGNAL,NONE DETECTED,Yes,No Apparent Injury,N/A,UNKNOWN,MD,PASSENGER CAR,MOVING CONSTANT SPEED,40,No,2014,TOYOTA,TUNDRA,39.05803554,-76.96852492,2023,10,14
230058490,Injury Crash,10/04/2023 02:18:00 PM,COLUMBIA PIKE,NA,HEAD ON LEFT TURN,Clear,DRY,Daylight,TRAFFIC SIGNAL,NONE DETECTED,No,No Apparent Injury,N/A,NOT DISTRACTED,MD,PASSENGER CAR,STOPPED IN TRAFFIC LANE,40,No,2006,HONDA,CIVIC,39.05803554,-76.96852492,2023,10,14
230058477,Property Damage Crash,10/04/2023 12:30:00 PM,E DEER PARK DR,NA,STRAIGHT MOVEMENT ANGLE,Clear,DRY,Daylight,STOP SIGN,NONE DETECTED,Yes,No Apparent Injury,N/A,UNKNOWN,NA,PASSENGER CAR,MAKING LEFT TURN,25,No,2023,TOYOTA,UT,39.13718282,-77.18033879,2023,10,12
230058477,Property Damage Crash,10/04/2023 12:30:00 PM,E DEER PARK DR,NA,STRAIGHT MOVEMENT ANGLE,Clear,DRY,Daylight,STOP SIGN,NONE DETECTED,No,No Apparent Injury,N/A,NOT DISTRACTED,MD,PASSENGER CAR,MOVING CONSTANT SPEED,25,No,2007,TOYOTA,4S,39.13718282,-77.18033879,2023,10,12
23001903,Property Damage Crash,10/04/2023 11:08:00 AM,HARROGATE RD,NA,OTHER,Clear,DRY,Daylight,PERSON,NONE DETECTED,Yes,No Apparent Injury,N/A,LOOKED BUT DID NOT SEE,MD,"OTHER LIGHT TRUCKS (10,000LBS (4,536KG) OR LESS)",PASSING,25,No,2018,CHEV,TK,39.0180922,-77.1371686,2023,10,11
23001903,Property Damage Crash,10/04/2023 11:08:00 AM,HARROGATE RD,NA,OTHER,Clear,DRY,Daylight,PERSON,NONE DETECTED,No,No Apparent Injury,N/A,NO DRIVER PRESENT,MD,PASSENGER CAR,PARKED,25,No,2019,BUIC,UT,39.0180922,-77.1371686,2023,10,11
230058467,Injury Crash,10/04/2023 09:00:00 AM,FLEET ST,PEDESTRIAN,ANGLE MEETS LEFT HEAD ON,Clear,DRY,Daylight,TRAFFIC SIGNAL,NONE DETECTED,Yes,No Apparent Injury,N/A,UNKNOWN,MD,PASSENGER CAR,MAKING LEFT TURN,10,No,2014,TOYOTA,RAV4,39.000535,-77.08415083,2023,10,9
230058442,Property Damage Crash,10/04/2023 08:54:00 AM,LOCKWOOD DR,NA,SAME DIRECTION RIGHT TURN,Clear,DRY,Daylight,TRAFFIC SIGNAL,NONE DETECTED,Yes,No Apparent Injury,N/A,LOOKED BUT DID NOT SEE,MD,TRANSIT BUS,MOVING CONSTANT SPEED,30,No,2020,NOVA,BUS,39.03913467,-76.9917685,2023,10,8
230058442,Property Damage Crash,10/04/2023 08:54:00 AM,LOCKWOOD DR,NA,SAME DIRECTION RIGHT TURN,Clear,DRY,Daylight,TRAFFIC SIGNAL,NONE DETECTED,Yes,No Apparent Injury,N/A,LOOKED BUT DID NOT SEE,MD,TRANSIT BUS,MOVING CONSTANT SPEED,30,No,2022,METRO,BUS,39.03913467,-76.9917685,2023,10,8
230058436,Property Damage Crash,10/04/2023 08:20:00 AM,UNIVERSITY BLVD W,NA,ANGLE MEETS LEFT TURN,Clear,DRY,Daylight,NO CONTROLS,NONE DETECTED,Yes,No Apparent Injury,"N/A, VISION OBSTRUCTION (INCL. BLINDED BY SUN)",NOT DISTRACTED,MD,PASSENGER CAR,MAKING LEFT TURN,35,No,2013,SUBA,UT,39.03527833,-77.06457333,2023,10,8
230058436,Property Damage Crash,10/04/2023 08:20:00 AM,UNIVERSITY BLVD W,NA,ANGLE MEETS LEFT TURN,Clear,DRY,Daylight,NO CONTROLS,NONE DETECTED,No,No Apparent Injury,"N/A, VISION OBSTRUCTION (INCL. BLINDED BY SUN)",NOT DISTRACTED,MD,PASSENGER CAR,MOVING CONSTANT SPEED,35,No,2015,MAZD,VN,39.03527833,-77.06457333,2023,10,8
230058432,Property Damage Crash,10/04/2023 08:15:00 AM,OAKVIEW DR,NA,SAME DIR REAR END,Clear,DRY,Daylight,NO CONTROLS,NONE DETECTED,No,No Apparent Injury,"N/A, VISION OBSTRUCTION (INCL. BLINDED BY SUN)",NOT DISTRACTED,MD,PASSENGER CAR,STOPPED IN TRAFFIC LANE,20,No,2008,GMV,VAN,39.01547643,-76.97984093,2023,10,8
230058432,Property Damage Crash,10/04/2023 08:15:00 AM,OAKVIEW DR,NA,SAME DIR REAR END,Clear,DRY,Daylight,NO CONTROLS,NONE DETECTED,Yes,No Apparent Injury,"N/A, VISION OBSTRUCTION (INCL. BLINDED BY SUN)",NOT DISTRACTED,MD,PASSENGER CAR,MOVING CONSTANT SPEED,20,No,2004,BMW,325 XI,39.01547643,-76.97984093,2023,10,8
230058429,Property Damage Crash,10/04/2023 08:11:00 AM,DARNESTOWN RD,NA,SINGLE VEHICLE,Clear,DRY,Daylight,NO CONTROLS,NONE DETECTED,Yes,No Apparent Injury,"N/A, VISION OBSTRUCTION (INCL. BLINDED BY SUN)",OTHER DISTRACTION,MD,PASSENGER CAR,MOVING CONSTANT SPEED,45,No,2017,CHEVY,BOLT,39.10344333,-77.22524833,2023,10,8
230058435,Property Damage Crash,10/04/2023 08:11:00 AM,KEATING ST,NA,STRAIGHT MOVEMENT ANGLE,Clear,DRY,Daylight,NO CONTROLS,NONE DETECTED,Yes,No Apparent Injury,N/A,LOOKED BUT DID NOT SEE,MD,PASSENGER CAR,ACCELERATING,25,No,2023,HONDA,CIVIC,39.07492,-77.090585,2023,10,8
230058435,Property Damage Crash,10/04/2023 08:11:00 AM,KEATING ST,NA,STRAIGHT MOVEMENT ANGLE,Clear,DRY,Daylight,NO CONTROLS,DRUG PRESENT,No,No Apparent Injury,N/A,NOT DISTRACTED,MD,PASSENGER CAR,MOVING CONSTANT SPEED,25,No,2019,TOYT,TK,39.07492,-77.090585,2023,10,8
230058430,Injury Crash,10/04/2023 07:52:00 AM,BRIGGS CHANEY RD,NA,SAME DIR REAR END,Clear,DRY,Daylight,NO CONTROLS,NONE DETECTED,Yes,No Apparent Injury,N/A,LOOKED BUT DID NOT SEE,MD,PASSENGER CAR,MOVING CONSTANT SPEED,35,No,2008,HONDA,ACCORD,39.0869218,-76.9595363,2023,10,7
230058430,Injury Crash,10/04/2023 07:52:00 AM,BRIGGS CHANEY RD,NA,SAME DIR REAR END,Clear,DRY,Daylight,NO CONTROLS,NONE DETECTED,No,Possible Minor Injury,N/A,NOT DISTRACTED,MD,(SPORT) UTILITY VEHICLE,SLOWING OR STOPPING,35,No,2014,TOYOTA,SEQUOIA,39.0869218,-76.9595363,2023,10,7
230058427,Injury Crash,10/04/2023 07:50:00 AM,VEIRS MILL RD,NA,SAME DIR REAR END,Clear,DRY,Daylight,NO CONTROLS,NONE DETECTED,Yes,No Apparent Injury,N/A,NOT DISTRACTED,MD,PASSENGER CAR,CHANGING LANES,30,No,2010,CHEV,COLORADO,39.04921783,-77.07102833,2023,10,7
230058427,Injury Crash,10/04/2023 07:50:00 AM,VEIRS MILL RD,NA,SAME DIR REAR END,Clear,DRY,Daylight,NO CONTROLS,NONE DETECTED,No,Possible Minor Injury,N/A,NOT DISTRACTED,MD,PASSENGER CAR,STOPPED IN TRAFFIC LANE,30,No,2016,TOYOTA,SIENNA,39.04921783,-77.07102833,2023,10,7
230058416,Property Damage Crash,10/04/2023 06:11:00 AM,HEWITT AVE,NA,SAME DIR REAR END,Clear,DRY,Dark,N/A,NONE DETECTED,Yes,No Apparent Injury,N/A,BY OTHER OCCUPANTS,MD,VAN,MOVING CONSTANT SPEED,25,No,2010,GMC,SAVANNA,39.07939401,-77.06711574,2023,10,6
230058408,Property Damage Crash,10/04/2023 02:29:00 AM,RAMP 4 FR IS 270 NB TO MD 118 EB,NA,SINGLE VEHICLE,Clear,DRY,Medium,N/A,NONE DETECTED,Yes,No Apparent Injury,N/A,UNKNOWN,NA,PASSENGER CAR,MOVING CONSTANT SPEED,35,No,2020,HYUNDAI,ELANTRA,39.18514969,-77.25334855,2023,10,2
230058407,Property Damage Crash,10/04/2023 02:08:00 AM,WATER ST,NA,SINGLE VEHICLE,Clear,DRY,Medium,NO CONTROLS,ALCOHOL PRESENT,Yes,No Apparent Injury,N/A,OTHER DISTRACTION,MD,PICKUP TRUCK,MOVING CONSTANT SPEED,25,No,1997,FORD,TK,39.13831818,-77.20302677,2023,10,2
230058402,Property Damage Crash,10/03/2023 11:56:00 PM,COLESVILLE RD,NA,SINGLE VEHICLE,Clear,DRY,Medium,NO CONTROLS,ALCOHOL PRESENT,Yes,No Apparent Injury,N/A,NOT DISTRACTED,MD,PICKUP TRUCK,MOVING CONSTANT SPEED,35,No,2022,TOYOTA,TACOMA,39.00243159,-77.02475856,2023,10,23
230058393,Property Damage Crash,10/03/2023 10:12:00 PM,GOSHEN RD,NA,SAME DIR REND LEFT TURN,Clear,N/A,Dark,NO CONTROLS,NONE DETECTED,Yes,No Apparent Injury,N/A,UNKNOWN,NA,PASSENGER CAR,MOVING CONSTANT SPEED,40,Unknown,2008,ACURA,SD,39.16318267,-77.192134,2023,10,22
230058393,Property Damage Crash,10/03/2023 10:12:00 PM,GOSHEN RD,NA,SAME DIR REND LEFT TURN,Clear,N/A,Dark,NO CONTROLS,NONE DETECTED,No,No Apparent Injury,N/A,NOT DISTRACTED,MD,PASSENGER CAR,SLOWING OR STOPPING,40,No,2007,TOYT,4S,39.16318267,-77.192134,2023,10,22
230058372,Injury Crash,10/03/2023 08:09:00 PM,CHRISTOPHER AVE,NA,SAME DIR REAR END,Clear,DRY,Medium,TRAFFIC SIGNAL,NONE DETECTED,Yes,Possible Minor Injury,N/A,NOT DISTRACTED,MD,PASSENGER CAR,ACCELERATING,35,No,2019,FORD,EDGE,39.15814989,-77.20445196,2023,10,20
230058370,Property Damage Crash,10/03/2023 07:44:00 PM,GERMANTOWN RD,NA,SAME DIR REAR END,Clear,DRY,Medium,NO CONTROLS,NONE DETECTED,Yes,No Apparent Injury,N/A,UNKNOWN,MD,(SPORT) UTILITY VEHICLE,MOVING CONSTANT SPEED,40,No,2013,LNDR,TK,39.18160499,-77.26143454,2023,10,19