Local Case Number,ACRS Report Type,Crash Date/Time,Road Name,Related Non-Motorist,Collision Type,Weather,Surface Condition,Light,Traffic Control,Driver Substance Abuse,Driver At Fault,Injury Severity,Circumstance,Driver Distracted By,Drivers License State,Vehicle Body Type,Vehicle Movement,Speed Limit,Driverless Vehicle,Vehicle Year,Vehicle Make,Vehicle Model,Latitude,Longitude,Year,Month,Hour
230057666,Property Damage Crash,09/30/2023 10:34:00 AM,PERRY PKWY,NA,STRAIGHT MOVEMENT ANGLE,Cloudy,DRY,Daylight,NO CONTROLS,NONE DETECTED,Yes,No Apparent Injury,N/A,LOOKED BUT DID NOT SEE,MI,PASSENGER CAR,ENTERING TRAFFIC LANE,35,No,2023,FORD,ESCAPE,39.14877898,-77.21343947,2023,9,10
230057658,Property Damage Crash,09/30/2023 10:23:00 AM,OLD GEORGETOWN RD,NA,SAME DIR REAR END,Clear,DRY,Daylight,NO CONTROLS,NONE DETECTED,No,No Apparent Injury,N/A,NOT DISTRACTED,MD,PASSENGER CAR,SLOWING OR STOPPING,35,No,2022,HOND,PILOT,39.01746183,-77.12003233,2023,9,10
230057658,Property Damage Crash,09/30/2023 10:23:00 AM,OLD GEORGETOWN RD,NA,SAME DIR REAR END,Clear,DRY,Daylight,NO CONTROLS,NONE DETECTED,Yes,No Apparent Injury,N/A,NOT DISTRACTED,WA,PASSENGER CAR,MOVING CONSTANT SPEED,35,No,2004,NISSAN,350Z,39.01746183,-77.12003233,2023,9,10
230057643,Property Damage Crash,09/30/2023 08:30:00 AM,S FREDERICK RD,NA,STRAIGHT MOVEMENT ANGLE,Clear,DRY,Daylight,NO CONTROLS,NONE DETECTED,No,No Apparent Injury,N/A,NOT DISTRACTED,MD,PASSENGER CAR,MOVING CONSTANT SPEED,35,No,2008,VOLVO,SW,39.1300658,-77.18711675,2023,9,8
230057643,Property Damage Crash,09/30/2023 08:30:00 AM,S FREDERICK RD,NA,STRAIGHT MOVEMENT ANGLE,Clear,DRY,Daylight,NO CONTROLS,NONE DETECTED,Yes,No Apparent Injury,N/A,LOOKED BUT DID NOT SEE,XX,(SPORT) UTILITY VEHICLE,MAKING LEFT TURN,35,No,2001,DODGE,DURANGO,39.1300658,-77.18711675,2023,9,8
230057634,Property Damage Crash,09/30/2023 07:11:00 AM,EAST WEST HWY,NA,STRAIGHT MOVEMENT ANGLE,Cloudy,DRY,Medium,STOP SIGN,NONE DETECTED,No,No Apparent Injury,N/A,NOT DISTRACTED,MD,PASSENGER CAR,MOVING CONSTANT SPEED,30,No,2018,TOYOTA,C-HR,38.99244,-77.056055,2023,9,7
230057634,Property Damage Crash,09/30/2023 07:11:00 AM,EAST WEST HWY,NA,STRAIGHT MOVEMENT ANGLE,Cloudy,DRY,Medium,STOP SIGN,NONE DETECTED,Yes,No Apparent Injury,N/A,UNKNOWN,NA,NA,MAKING RIGHT TURN,30,No,0,UNKNOWN,UNKNOWN,38.99244,-77.056055,2023,9,7
230057623,Property Damage Crash,09/30/2023 03:19:00 AM,GEORGIA AVE,NA,SAME DIR REAR END,Clear,DRY,Medium,TRAFFIC SIGNAL,NONE DETECTED,No,No Apparent Injury,N/A,NOT DISTRACTED,MD,VAN,MOVING CONSTANT SPEED,35,No,2015,FORD,VN,38.99760358,-77.02989858,2023,9,3
230057623,Property Damage Crash,09/30/2023 03:19:00 AM,GEORGIA AVE,NA,SAME DIR REAR END,Clear,DRY,Medium,TRAFFIC SIGNAL,NONE DETECTED,Yes,No Apparent Injury,N/A,NOT DISTRACTED,DC,PASSENGER CAR,MOVING CONSTANT SPEED,75,No,2011,HYUNDAI,SONADA,38.99760358,-77.02989858,2023,9,3
230057621,Property Damage Crash,09/30/2023 02:45:00 AM,UNIVERSITY BLVD W,NA,SAME DIRECTION SIDESWIPE,Clear,DRY,Medium,NO CONTROLS,NONE DETECTED,No,No Apparent Injury,N/A,NOT DISTRACTED,MD,PASSENGER CAR,MOVING CONSTANT SPEED,35,No,2009,HONDA,CIVIC,39.02096067,-77.013569,2023,9,2
230057621,Property Damage Crash,09/30/2023 02:45:00 AM,UNIVERSITY BLVD W,NA,SAME DIRECTION SIDESWIPE,Clear,DRY,Medium,NO CONTROLS,ALCOHOL PRESENT,Yes,No Apparent Injury,N/A,NOT DISTRACTED,MD,PASSENGER CAR,CHANGING LANES,35,No,2023,TOYOTA,CAMRY,39.02096067,-77.013569,2023,9,2
230057653,Property Damage Crash,09/30/2023 01:30:00 AM,SCENERY DR,NA,SAME DIR REAR END,Clear,DRY,Dark,N/A,NONE DETECTED,Yes,No Apparent Injury,N/A,UNKNOWN,MD,PASSENGER CAR,PARKING,20,No,2023,KIA,SOUL,39.18505116,-77.2324782,2023,9,1
230057599,Property Damage Crash,09/29/2023 11:07:00 PM,16TH ST,NA,HEAD ON LEFT TURN,Clear,DRY,Medium,TRAFFIC SIGNAL,NONE DETECTED,Yes,No Apparent Injury,N/A,NOT DISTRACTED,MD,PASSENGER CAR,MOVING CONSTANT SPEED,35,No,2011,TOYOTA,SD,38.99460833,-77.03623,2023,9,23
230057599,Property Damage Crash,09/29/2023 11:07:00 PM,16TH ST,NA,HEAD ON LEFT TURN,Clear,DRY,Medium,TRAFFIC SIGNAL,NONE DETECTED,No,No Apparent Injury,N/A,NOT DISTRACTED,MD,PASSENGER CAR,MAKING LEFT TURN,35,No,2017,HONDA,VN,38.99460833,-77.03623,2023,9,23
230057596,Property Damage Crash,09/29/2023 10:34:00 PM,GEORGIA AVE,NA,SAME DIR REAR END,Clear,DRY,Medium,TRAFFIC SIGNAL,NONE DETECTED,No,No Apparent Injury,N/A,NOT DISTRACTED,MD,PASSENGER CAR,SLOWING OR STOPPING,35,No,2012,TOYOTA,COROLLA,39.08005448,-77.07397122,2023,9,22
230057596,Property Damage Crash,09/29/2023 10:34:00 PM,GEORGIA AVE,NA,SAME DIR REAR END,Clear,DRY,Medium,TRAFFIC SIGNAL,NONE DETECTED,No,No Apparent Injury,N/A,NOT DISTRACTED,MD,PASSENGER CAR,SLOWING OR STOPPING,35,No,2019,TOYOTA,COROLLA,39.08005448,-77.07397122,2023,9,22
230057596,Property Damage Crash,09/29/2023 10:34:00 PM,GEORGIA AVE,NA,SAME DIR REAR END,Clear,DRY,Medium,TRAFFIC SIGNAL,NONE DETECTED,Yes,No Apparent Injury,N/A,UNKNOWN,NA,NA,SLOWING OR STOPPING,35,No,0,UNKNOWN,UNKNOWN,39.08005448,-77.07397122,2023,9,22
230057664,Property Damage Crash,09/29/2023 09:55:00 PM,RANDOLPH RD,NA,SAME DIRECTION SIDESWIPE,Clear,UNKNOWN,Dark,N/A,NONE DETECTED,No,No Apparent Injury,N/A,NOT DISTRACTED,MD,(SPORT) UTILITY VEHICLE,MOVING CONSTANT SPEED,35,No,2013,TOYOTA,RAV4,39.05849067,-77.05535867,2023,9,21
230057664,Property Damage Crash,09/29/2023 09:55:00 PM,RANDOLPH RD,NA,SAME DIRECTION SIDESWIPE,Clear,UNKNOWN,Dark,N/A,NONE DETECTED,Yes,No Apparent Injury,N/A,UNKNOWN,NA,PASSENGER CAR,CHANGING LANES,35,No,2018,TOYOTA,COROLLA,39.05849067,-77.05535867,2023,9,21
230057586,Injury Crash,09/29/2023 09:48:00 PM,OLNEY LAYTONSVILLE RD,NA,SAME DIR REAR END,Clear,DRY,Dark,NO CONTROLS,NONE DETECTED,No,No Apparent Injury,N/A,NOT DISTRACTED,MD,VAN,PARKED,40,No,2001,CHEV,TK,39.16276167,-77.08121167,2023,9,21
230057586,Injury Crash,09/29/2023 09:48:00 PM,OLNEY LAYTONSVILLE RD,NA,SAME DIR REAR END,Clear,DRY,Dark,NO CONTROLS,NONE DETECTED,Yes,Possible Minor Injury,N/A,UNKNOWN,MD,VAN,MOVING CONSTANT SPEED,40,No,1991,VW,VAN,39.16276167,-77.08121167,2023,9,21
230057587,Injury Crash,09/29/2023 09:41:00 PM,BRIGGS CHANEY RD,NA,SAME DIR REAR END,Clear,DRY,Medium,NO CONTROLS,NONE DETECTED,Yes,No Apparent Injury,N/A,NOT DISTRACTED,FL,PASSENGER CAR,ACCELERATING,30,No,2015,FORD,MUSTANG,39.10450383,-76.988263,2023,9,21
230057587,Injury Crash,09/29/2023 09:41:00 PM,BRIGGS CHANEY RD,NA,SAME DIR REAR END,Clear,DRY,Medium,NO CONTROLS,NONE DETECTED,No,Possible Minor Injury,N/A,NOT DISTRACTED,MD,PASSENGER CAR,MOVING CONSTANT SPEED,30,No,2006,HONDA,CIVIC,39.10450383,-76.988263,2023,9,21
230057589,Property Damage Crash,09/29/2023 09:30:00 PM,NA,NA,SINGLE VEHICLE,Clear,NA,Medium,N/A,NONE DETECTED,Yes,No Apparent Injury,N/A,INATTENTIVE OR LOST IN THOUGHT,CO,PASSENGER CAR,PARKING,15,No,2023,HYUNDAI,SANTA FE,39.15359648,-77.06605652,2023,9,21
230057585,Property Damage Crash,09/29/2023 08:48:00 PM,COLUMBIA PIKE,NA,SAME DIR REAR END,Clear,DRY,Dark,NO CONTROLS,NONE DETECTED,No,No Apparent Injury,N/A,NOT DISTRACTED,MD,PASSENGER CAR,SLOWING OR STOPPING,50,No,2014,TOYT,UT,39.07118983,-76.95686867,2023,9,20
230057585,Property Damage Crash,09/29/2023 08:48:00 PM,COLUMBIA PIKE,NA,SAME DIR REAR END,Clear,DRY,Dark,NO CONTROLS,NONE DETECTED,Unknown,No Apparent Injury,N/A,UNKNOWN,MD,PASSENGER CAR,SLOWING OR STOPPING,50,No,2021,KIA,UT,39.07118983,-76.95686867,2023,9,20
230057581,Injury Crash,09/29/2023 08:21:00 PM,CAPITAL BELTWAY,NA,SINGLE VEHICLE,Clear,DRY,Dark,OTHER,NONE DETECTED,Yes,Possible Minor Injury,N/A,UNKNOWN,MD,PASSENGER CAR,UNKNOWN,55,No,2010,HOND,CIVIC,38.97333333,-77.17905667,2023,9,20
230057582,Property Damage Crash,09/29/2023 08:15:00 PM,FREDERICK RD,NA,SAME DIRECTION SIDESWIPE,Clear,DRY,Medium,NO CONTROLS,NONE DETECTED,Yes,No Apparent Injury,N/A,UNKNOWN,MD,(SPORT) UTILITY VEHICLE,CHANGING LANES,40,No,2018,DODGE,JORNEY,39.1281693,-77.18553589,2023,9,20
230057582,Property Damage Crash,09/29/2023 08:15:00 PM,FREDERICK RD,NA,SAME DIRECTION SIDESWIPE,Clear,DRY,Medium,NO CONTROLS,NONE DETECTED,No,No Apparent Injury,N/A,NOT DISTRACTED,MD,(SPORT) UTILITY VEHICLE,MOVING CONSTANT SPEED,40,No,2015,NISSA N,SUV,39.1281693,-77.18553589,2023,9,20
230057567,Property Damage Crash,09/29/2023 07:11:00 PM,SEVEN LOCKS RD,NA,ANGLE MEETS LEFT TURN,Clear,DRY,Medium,TRAFFIC SIGNAL,NONE DETECTED,No,No Apparent Injury,N/A,NOT DISTRACTED,MD,PICKUP TRUCK,MOVING CONSTANT SPEED,35,No,2020,JEEP,PK,39.02359,-77.16235,2023,9,19
230057567,Property Damage Crash,09/29/2023 07:11:00 PM,SEVEN LOCKS RD,NA,ANGLE MEETS LEFT TURN,Clear,DRY,Medium,TRAFFIC SIGNAL,NONE DETECTED,Yes,No Apparent Injury,N/A,UNKNOWN,VA,PASSENGER CAR,MAKING LEFT TURN,35,No,2011,HONDA,CIVIC,39.02359,-77.16235,2023,9,19
230057652,Property Damage Crash,09/29/2023 07:07:00 PM,NA,NA,OTHER,Clear,NA,Medium,N/A,NONE DETECTED,Yes,No Apparent Injury,N/A,UNKNOWN,NA,PASSENGER CAR,PARKING,0,No,2013,HONDA,PILOT,39.13524415,-77.1902773,2023,9,19
230057563,Property Damage Crash,09/29/2023 06:35:00 PM,SEVEN LOCKS RD,NA,HEAD ON,Clear,N/A,Daylight,TRAFFIC SIGNAL,ALCOHOL PRESENT,Yes,No Apparent Injury,N/A,INATTENTIVE OR LOST IN THOUGHT,MD,PASSENGER CAR,MAKING RIGHT TURN,35,No,2022,CHEVROLET,MALIBU,39.06260432,-77.16078107,2023,9,18
230057563,Property Damage Crash,09/29/2023 06:35:00 PM,SEVEN LOCKS RD,NA,HEAD ON,Clear,N/A,Daylight,TRAFFIC SIGNAL,NONE DETECTED,No,No Apparent Injury,N/A,NOT DISTRACTED,MD,PASSENGER CAR,SLOWING OR STOPPING,35,No,2012,FORD,EXPLORER,39.06260432,-77.16078107,2023,9,18
230058160,Property Damage Crash,09/29/2023 06:21:00 PM,FOUNDERS MILL DR,NA,SINGLE VEHICLE,Cloudy,DRY,Medium,NO CONTROLS,ALCOHOL PRESENT,Yes,No Apparent Injury,N/A,UNKNOWN,MD,PASSENGER CAR,LEAVING TRAFFIC LANE,25,No,2011,MITSUBISHI,LANCER,39.13929508,-77.14957968,2023,9,18
230057559,Injury Crash,09/29/2023 06:14:00 PM,REDLAND RD,NA,SINGLE VEHICLE,Cloudy,DRY,Daylight,NO CONTROLS,ALCOHOL PRESENT,Yes,Possible Minor Injury,N/A,UNKNOWN,MD,PASSENGER CAR,OTHER,35,No,2011,MITS,LANCER,39.1389288,-77.14358005,2023,9,18
230057550,Injury Crash,09/29/2023 05:18:00 PM,NA,BICYCLIST,STRAIGHT MOVEMENT ANGLE,Cloudy,NA,Daylight,STOP SIGN,NONE DETECTED,Yes,No Apparent Injury,N/A,LOOKED BUT DID NOT SEE,MD,PASSENGER CAR,STARTING FROM LANE,0,No,2021,TOYT,PV,39.00456,-77.18641167,2023,9,17
230057548,Property Damage Crash,09/29/2023 05:12:00 PM,NEW HAMPSHIRE AVE,NA,SAME DIR REAR END,Clear,DRY,Daylight,TRAFFIC SIGNAL,NONE DETECTED,No,No Apparent Injury,N/A,NOT DISTRACTED,DC,PASSENGER CAR,SLOWING OR STOPPING,40,No,2020,AUDI,Q7,39.01680723,-76.97739062,2023,9,17
230057548,Property Damage Crash,09/29/2023 05:12:00 PM,NEW HAMPSHIRE AVE,NA,SAME DIR REAR END,Clear,DRY,Daylight,TRAFFIC SIGNAL,NONE DETECTED,Yes,No Apparent Injury,N/A,UNKNOWN,XX,(SPORT) UTILITY VEHICLE,MOVING CONSTANT SPEED,40,No,2009,JEEP,COMMANDER,39.01680723,-76.97739062,2023,9,17
230057527,Property Damage Crash,09/29/2023 04:33:00 PM,GEORGIA AVE,NA,STRAIGHT MOVEMENT ANGLE,Clear,DRY,Daylight,STOP SIGN,NONE DETECTED,No,No Apparent Injury,N/A,NOT DISTRACTED,MD,PASSENGER CAR,MOVING CONSTANT SPEED,35,No,2017,TOYOTA,TK,39.07847971,-77.07209366,2023,9,16
230057527,Property Damage Crash,09/29/2023 04:33:00 PM,GEORGIA AVE,NA,STRAIGHT MOVEMENT ANGLE,Clear,DRY,Daylight,STOP SIGN,NONE DETECTED,Yes,No Apparent Injury,N/A,NOT DISTRACTED,MD,PASSENGER CAR,MOVING CONSTANT SPEED,35,No,2019,TOYOTA,4D,39.07847971,-77.07209366,2023,9,16
230057532,Property Damage Crash,09/29/2023 04:05:00 PM,NA,NA,OTHER,Clear,NA,Daylight,N/A,NONE DETECTED,Yes,No Apparent Injury,N/A,UNKNOWN,MD,PASSENGER CAR,MAKING LEFT TURN,15,No,2007,FORD,ECONOLINE,39.04434833,-77.11054833,2023,9,16
230057524,Property Damage Crash,09/29/2023 03:53:00 PM,PARKLAWN DR,NA,ANGLE MEETS LEFT TURN,Cloudy,DRY,Daylight,NO CONTROLS,NONE DETECTED,No,No Apparent Injury,N/A,NOT DISTRACTED,MD,PASSENGER CAR,MOVING CONSTANT SPEED,35,No,2020,HONDA,CRV,39.0564343,-77.10800329,2023,9,15
230057524,Property Damage Crash,09/29/2023 03:53:00 PM,PARKLAWN DR,NA,ANGLE MEETS LEFT TURN,Cloudy,DRY,Daylight,NO CONTROLS,NONE DETECTED,Yes,No Apparent Injury,N/A,UNKNOWN,MD,PASSENGER CAR,MAKING LEFT TURN,35,No,2022,HYUNDAI,SANTA FE,39.0564343,-77.10800329,2023,9,15
230057512,Property Damage Crash,09/29/2023 03:45:00 PM,FALLS RD,NA,SAME DIR REAR END,Cloudy,DRY,Daylight,TRAFFIC SIGNAL,NONE DETECTED,Yes,No Apparent Injury,N/A,UNKNOWN,MD,PASSENGER CAR,MOVING CONSTANT SPEED,40,No,2015,FORD,UT,39.067874,-77.173109,2023,9,15
230057512,Property Damage Crash,09/29/2023 03:45:00 PM,FALLS RD,NA,SAME DIR REAR END,Cloudy,DRY,Daylight,TRAFFIC SIGNAL,NONE DETECTED,No,No Apparent Injury,N/A,NOT DISTRACTED,DC,PASSENGER CAR,STOPPED IN TRAFFIC LANE,40,No,2022,RAM,2022 PK,39.067874,-77.173109,2023,9,15
230057509,Property Damage Crash,09/29/2023 03:20:00 PM,ROLLINS AVE,NA,STRAIGHT MOVEMENT ANGLE,Clear,DRY,Daylight,NO CONTROLS,NONE DETECTED,Yes,No Apparent Injury,N/A,NOT DISTRACTED,MD,PASSENGER CAR,MAKING LEFT TURN,30,No,2010,FORD,4S,39.05864729,-77.12435501,2023,9,15
230057509,Property Damage Crash,09/29/2023 03:20:00 PM,ROLLINS AVE,NA,STRAIGHT MOVEMENT ANGLE,Clear,DRY,Daylight,NO CONTROLS,NONE DETECTED,No,No Apparent Injury,N/A,NOT DISTRACTED,MD,PASSENGER CAR,MOVING CONSTANT SPEED,30,No,2007,HOND,2S,39.05864729,-77.12435501,2023,9,15
230057508,Injury Crash,09/29/2023 03:15:00 PM,QUINCE ORCHARD RD,NA,ANGLE MEETS LEFT TURN,Clear,DRY,Daylight,STOP SIGN,NONE DETECTED,No,Possible Minor Injury,N/A,NOT DISTRACTED,MD,PASSENGER CAR,MOVING CONSTANT SPEED,35,No,2010,HONDA,ACCORD,39.12731833,-77.24020333,2023,9,15
230057508,Injury Crash,09/29/2023 03:15:00 PM,QUINCE ORCHARD RD,NA,ANGLE MEETS LEFT TURN,Clear,DRY,Daylight,STOP SIGN,NONE DETECTED,Yes,Possible Minor Injury,N/A,LOOKED BUT DID NOT SEE,MD,VAN,MAKING LEFT TURN,25,No,2016,HONDA,VAN,39.12731833,-77.24020333,2023,9,15
230057505,Injury Crash,09/29/2023 02:35:00 PM,GEORGIA AVE,NA,SINGLE VEHICLE,Cloudy,DRY,Daylight,NO CONTROLS,NONE DETECTED,Yes,Suspected Serious Injury,N/A,UNKNOWN,MD,PASSENGER CAR,MOVING CONSTANT SPEED,40,No,2007,INFINITI,SD,39.11734765,-77.07543544,2023,9,14
230057487,Injury Crash,09/29/2023 01:30:00 PM,FATHER HURLEY BLVD,NA,SINGLE VEHICLE,Clear,DRY,Daylight,NO CONTROLS,NONE DETECTED,Yes,Possible Minor Injury,N/A,OTHER DISTRACTION,IN,"CARGO VAN/LIGHT TRUCK 2 AXLES (OVER 10,000LBS (4,536 KG))",MOVING CONSTANT SPEED,45,No,2023,FORD,TRANSIT 350,39.2003045,-77.257572,2023,9,13
230057482,Property Damage Crash,09/29/2023 01:15:00 PM,NA,NA,SAME DIRECTION SIDESWIPE,Clear,NA,Daylight,NO CONTROLS,NONE DETECTED,Yes,No Apparent Injury,N/A,NOT DISTRACTED,MD,PASSENGER CAR,MOVING CONSTANT SPEED,20,No,2015,HYUN,ELANTRA,39.19223,-77.24356167,2023,9,13
230057488,Property Damage Crash,09/29/2023 01:10:00 PM,OLD GEORGETOWN RD,NA,SAME DIRECTION RIGHT TURN,Clear,DRY,Daylight,NO CONTROLS,NONE DETECTED,Yes,No Apparent Injury,N/A,NOT DISTRACTED,MD,PASSENGER CAR,PASSING,25,No,2018,JEEP,GRAND CHEROKEE,38.99011045,-77.10321163,2023,9,13
230057488,Property Damage Crash,09/29/2023 01:10:00 PM,OLD GEORGETOWN RD,NA,SAME DIRECTION RIGHT TURN,Clear,DRY,Daylight,NO CONTROLS,NONE DETECTED,No,No Apparent Injury,N/A,NOT DISTRACTED,MD,PASSENGER CAR,STOPPED IN TRAFFIC LANE,25,No,2020,RANGE ROVER,RANGE ROVER,38.99011045,-77.10321163,2023,9,13
230057485,Property Damage Crash,09/29/2023 12:50:00 PM,ROLLINS AVE,OTHER,OTHER,Cloudy,DRY,Daylight,NO CONTROLS,NONE DETECTED,Yes,No Apparent Injury,N/A,UNKNOWN,NA,PASSENGER CAR,PARKING,25,No,2004,FORD,ECONLINE,39.05867117,-77.1172765,2023,9,12
230057477,Property Damage Crash,09/29/2023 12:45:00 PM,NA,NA,SAME DIR REAR END,Clear,NA,Daylight,NO CONTROLS,NONE DETECTED,No,No Apparent Injury,N/A,NOT DISTRACTED,MD,PASSENGER CAR,SLOWING OR STOPPING,10,No,2019,SUBARU,OUTBACK SW,39.03196667,-77.10514167,2023,9,12
230057477,Property Damage Crash,09/29/2023 12:45:00 PM,NA,NA,SAME DIR REAR END,Clear,NA,Daylight,NO CONTROLS,NONE DETECTED,Yes,No Apparent Injury,N/A,INATTENTIVE OR LOST IN THOUGHT,MD,PASSENGER CAR,MAKING RIGHT TURN,10,No,2019,MAZD,TK,39.03196667,-77.10514167,2023,9,12
230057472,Injury Crash,09/29/2023 12:30:00 PM,WINDING WOODS WAY,NA,SINGLE VEHICLE,Cloudy,DRY,Daylight,NO CONTROLS,NONE DETECTED,Yes,Possible Minor Injury,N/A,UNKNOWN,MD,PASSENGER CAR,MOVING CONSTANT SPEED,25,No,2022,VW,PASSAT,39.22717548,-77.24616373,2023,9,12
230057468,Property Damage Crash,09/29/2023 12:08:00 PM,NA,NA,OTHER,Clear,NA,Daylight,NO CONTROLS,NONE DETECTED,Yes,No Apparent Injury,N/A,LOOKED BUT DID NOT SEE,MD,SCHOOL BUS,BACKING,5,No,2012,THOMAS,BUS,39.08688333,-77.1174,2023,9,12
230057465,Property Damage Crash,09/29/2023 12:00:00 PM,CONNECTICUT AVE,OTHER,SAME DIRECTION SIDESWIPE,Cloudy,DRY,Daylight,NO CONTROLS,NONE DETECTED,Unknown,No Apparent Injury,N/A,UNKNOWN,MD,PASSENGER CAR,CHANGING LANES,30,No,2018,TESLA,4DR,38.97973783,-77.077215,2023,9,12
230057465,Property Damage Crash,09/29/2023 12:00:00 PM,CONNECTICUT AVE,OTHER,SAME DIRECTION SIDESWIPE,Cloudy,DRY,Daylight,NO CONTROLS,NONE DETECTED,Unknown,No Apparent Injury,N/A,UNKNOWN,MD,PASSENGER CAR,MOVING CONSTANT SPEED,30,No,2018,ISU,BOX TRUCK,38.97973783,-77.077215,2023,9,12
230057460,Injury Crash,09/29/2023 11:55:00 AM,WOODFIELD RD,NA,HEAD ON LEFT TURN,Clear,DRY,Daylight,TRAFFIC SIGNAL,NONE DETECTED,Yes,Possible Minor Injury,N/A,UNKNOWN,MD,VAN,MAKING LEFT TURN,35,No,2005,FORD,E350,39.15648357,-77.16547676,2023,9,11
230057460,Injury Crash,09/29/2023 11:55:00 AM,WOODFIELD RD,NA,HEAD ON LEFT TURN,Clear,DRY,Daylight,TRAFFIC SIGNAL,NONE DETECTED,No,Possible Minor Injury,N/A,NOT DISTRACTED,MD,PASSENGER CAR,MOVING CONSTANT SPEED,35,No,2003,TOYOTA,RAV4,39.15648357,-77.16547676,2023,9,11
230057456,Property Damage Crash,09/29/2023 11:50:00 AM,TWINBROOK PKWY,NA,SAME DIR REAR END,Cloudy,DRY,Daylight,NO CONTROLS,NONE DETECTED,Yes,No Apparent Injury,N/A,NOT DISTRACTED,MD,PASSENGER CAR,MOVING CONSTANT SPEED,35,No,2016,HONDA,ACCORD,39.08177317,-77.11413767,2023,9,11
230057456,Property Damage Crash,09/29/2023 11:50:00 AM,TWINBROOK PKWY,NA,SAME DIR REAR END,Cloudy,DRY,Daylight,NO CONTROLS,NONE DETECTED,Yes,No Apparent Injury,N/A,OTHER CELLULAR PHONE RELATED,MD,PASSENGER CAR,SLOWING OR STOPPING,35,No,2012,ACURA,MDX,39.08177317,-77.11413767,2023,9,11
230057430,Injury Crash,09/29/2023 08:30:00 AM,MONTGOMERY VILLAGE AVE,NA,SAME DIR REAR END,Cloudy,DRY,Daylight,NO CONTROLS,NONE DETECTED,No,Possible Minor Injury,N/A,NOT DISTRACTED,MD,PASSENGER CAR,MOVING CONSTANT SPEED,35,No,2010,CHRYSLER,VAN,39.14959157,-77.21575583,2023,9,8
230057430,Injury Crash,09/29/2023 08:30:00 AM,MONTGOMERY VILLAGE AVE,NA,SAME DIR REAR END,Cloudy,DRY,Daylight,NO CONTROLS,NONE DETECTED,No,No Apparent Injury,N/A,LOOKED BUT DID NOT SEE,MD,PASSENGER CAR,MOVING CONSTANT SPEED,35,No,2015,HYUN,4S,39.14959157,-77.21575583,2023,9,8
230057430,Injury Crash,09/29/2023 08:30:00 AM,MONTGOMERY VILLAGE AVE,NA,SAME DIR REAR END,Cloudy,DRY,Daylight,NO CONTROLS,NONE DETECTED,Yes,No Apparent Injury,N/A,LOOKED BUT DID NOT SEE,MD,PICKUP TRUCK,MOVING CONSTANT SPEED,35,No,2017,CHEVROLET,SILVERADO,39.14959157,-77.21575583,2023,9,8
230057429,Property Damage Crash,09/29/2023 08:10:00 AM,SHADY GROVE RD,NA,STRAIGHT MOVEMENT ANGLE,Clear,DRY,Daylight,TRAFFIC SIGNAL,NONE DETECTED,Yes,No Apparent Injury,N/A,NOT DISTRACTED,MD,PASSENGER CAR,MOVING CONSTANT SPEED,40,No,2010,TOYT,SCION,39.11210367,-77.18690567,2023,9,8
230057429,Property Damage Crash,09/29/2023 08:10:00 AM,SHADY GROVE RD,NA,STRAIGHT MOVEMENT ANGLE,Clear,DRY,Daylight,TRAFFIC SIGNAL,NONE DETECTED,No,No Apparent Injury,N/A,NOT DISTRACTED,VA,PASSENGER CAR,MAKING LEFT TURN,15,No,2019,HONDA,CIVIC,39.11210367,-77.18690567,2023,9,8
230057422,Injury Crash,09/29/2023 07:18:00 AM,CONNECTICUT AVE,NA,SAME DIR REAR END,Cloudy,WET,Medium,NO CONTROLS,NONE DETECTED,Yes,No Apparent Injury,"N/A, WET",NOT DISTRACTED,MD,PASSENGER CAR,SLOWING OR STOPPING,40,No,2013,FORD,FOCUS,39.05776267,-77.07324,2023,9,7
230057422,Injury Crash,09/29/2023 07:18:00 AM,CONNECTICUT AVE,NA,SAME DIR REAR END,Cloudy,WET,Medium,NO CONTROLS,NONE DETECTED,No,Possible Minor Injury,"N/A, WET",NOT DISTRACTED,MD,PASSENGER CAR,SLOWING OR STOPPING,40,No,2018,TOYOTA,CAMRY,39.05776267,-77.07324,2023,9,7
230057431,Injury Crash,09/29/2023 06:20:00 AM,FREDERICK RD,PEDESTRIAN,SINGLE VEHICLE,Clear,DRY,Medium,TRAFFIC SIGNAL,NONE DETECTED,Unknown,No Apparent Injury,N/A,LOOKED BUT DID NOT SEE,MD,PASSENGER CAR,SLOWING OR STOPPING,35,No,2010,NISSAN,SENTRA,39.12589946,-77.182744,2023,9,6
230057406,Property Damage Crash,09/28/2023 11:49:00 PM,COLESVILLE RD,NA,STRAIGHT MOVEMENT ANGLE,Clear,DRY,Medium,FLASHING TRAFFIC SIGNAL,NONE DETECTED,No,No Apparent Injury,N/A,NOT DISTRACTED,MD,PASSENGER CAR,MOVING CONSTANT SPEED,45,No,2015,NISSAN,MAXIMA,39.0203623,-77.01273197,2023,9,23
230057406,Property Damage Crash,09/28/2023 11:49:00 PM,COLESVILLE RD,NA,STRAIGHT MOVEMENT ANGLE,Clear,DRY,Medium,FLASHING TRAFFIC SIGNAL,NONE DETECTED,Yes,No Apparent Injury,N/A,NOT DISTRACTED,MD,PASSENGER CAR,MOVING CONSTANT SPEED,45,No,2008,TOYOTA,HIGHLANDER,39.0203623,-77.01273197,2023,9,23
230057400,Property Damage Crash,09/28/2023 09:51:00 PM,ROCKVILLE PIKE,NA,STRAIGHT MOVEMENT ANGLE,Clear,N/A,Medium,TRAFFIC SIGNAL,NONE DETECTED,No,No Apparent Injury,N/A,NOT DISTRACTED,MD,PASSENGER CAR,STOPPED IN TRAFFIC LANE,25,No,2016,SUBA,FORESTER,39.0574815,-77.12048817,2023,9,21
230057400,Property Damage Crash,09/28/2023 09:51:00 PM,ROCKVILLE PIKE,NA,STRAIGHT MOVEMENT ANGLE,Clear,N/A,Medium,TRAFFIC SIGNAL,NONE DETECTED,Yes,No Apparent Injury,N/A,LOOKED BUT DID NOT SEE,MD,PASSENGER CAR,MAKING LEFT TURN,35,No,2013,TOYOTA,PRIUS,39.0574815,-77.12048817,2023,9,21
230057400,Property Damage Crash,09/28/2023 09:51:00 PM,ROCKVILLE PIKE,NA,STRAIGHT MOVEMENT ANGLE,Clear,N/A,Medium,TRAFFIC SIGNAL,NONE DETECTED,No,No Apparent Injury,N/A,NOT DISTRACTED,MD,PASSENGER CAR,MOVING CONSTANT SPEED,35,No,2018,HONDA,ODYSSEY,39.0574815,-77.12048817,2023,9,21
230057387,Property Damage Crash,09/28/2023 08:42:00 PM,MIDDLEBROOK RD,NA,SAME DIR REAR END,Rain,WET,Medium,TRAFFIC SIGNAL,NONE DETECTED,No,No Apparent Injury,"RAIN, SNOW, WET",NOT DISTRACTED,MD,PASSENGER CAR,STOPPED IN TRAFFIC LANE,35,No,2012,TOYT,TK,39.17502333,-77.261615,2023,9,20
230057387,Property Damage Crash,09/28/2023 08:42:00 PM,MIDDLEBROOK RD,NA,SAME DIR REAR END,Rain,WET,Medium,TRAFFIC SIGNAL,NONE DETECTED,Yes,No Apparent Injury,"RAIN, SNOW, WET",LOOKED BUT DID NOT SEE,MD,PASSENGER CAR,MOVING CONSTANT SPEED,35,No,2021,TESLA,MODEL 3,39.17502333,-77.261615,2023,9,20
230057387,Property Damage Crash,09/28/2023 08:42:00 PM,MIDDLEBROOK RD,NA,SAME DIR REAR END,Rain,WET,Medium,TRAFFIC SIGNAL,NONE DETECTED,No,No Apparent Injury,"RAIN, SNOW, WET",NOT DISTRACTED,MD,PASSENGER CAR,STOPPED IN TRAFFIC LANE,35,No,2016,ACURA,MDX,39.17502333,-77.261615,2023,9,20