Local Case Number,ACRS Report Type,Crash Date/Time,Road Name,Related Non-Motorist,Collision Type,Weather,Surface Condition,Light,Traffic Control,Driver Substance Abuse,Driver At Fault,Injury Severity,Circumstance,Driver Distracted By,Drivers License State,Vehicle Body Type,Vehicle Movement,Speed Limit,Driverless Vehicle,Vehicle Year,Vehicle Make,Vehicle Model,Latitude,Longitude,Year,Month,Hour
230057382,Property Damage Crash,09/28/2023 08:03:00 PM,CONNECTICUT AVE,NA,SAME DIR REAR END,Clear,DRY,Medium,NO CONTROLS,NONE DETECTED,Yes,No Apparent Injury,N/A,NOT DISTRACTED,MD,PASSENGER CAR,MOVING CONSTANT SPEED,30,No,2012,HONDA,SONATA,39.08683617,-77.07382067,2023,9,20
230057382,Property Damage Crash,09/28/2023 08:03:00 PM,CONNECTICUT AVE,NA,SAME DIR REAR END,Clear,DRY,Medium,NO CONTROLS,NONE DETECTED,No,No Apparent Injury,N/A,NOT DISTRACTED,MD,PASSENGER CAR,SLOWING OR STOPPING,30,No,2005,BMW,330XI,39.08683617,-77.07382067,2023,9,20
230057382,Property Damage Crash,09/28/2023 08:03:00 PM,CONNECTICUT AVE,NA,SAME DIR REAR END,Clear,DRY,Medium,NO CONTROLS,NONE DETECTED,No,No Apparent Injury,N/A,NOT DISTRACTED,NA,NA,SLOWING OR STOPPING,30,No,0,UNKNOWN,UNKNOWN,39.08683617,-77.07382067,2023,9,20
230057399,Injury Crash,09/28/2023 08:00:00 PM,NA,NA,SAME DIR REAR END,Clear,NA,Medium,NO CONTROLS,NONE DETECTED,Yes,No Apparent Injury,N/A,NOT DISTRACTED,MD,PICKUP TRUCK,SLOWING OR STOPPING,10,No,2020,CHEVY,SILVERADO,39.02626687,-77.12689045,2023,9,20
230057396,Injury Crash,09/28/2023 08:00:00 PM,NORBECK RD,NA,STRAIGHT MOVEMENT ANGLE,Cloudy,DRY,Medium,TRAFFIC SIGNAL,NONE DETECTED,No,Possible Minor Injury,N/A,NOT DISTRACTED,MD,PASSENGER CAR,MOVING CONSTANT SPEED,40,No,2023,HONDA,CRV,39.14843167,-77.215365,2023,9,20
230057399,Injury Crash,09/28/2023 08:00:00 PM,NA,NA,SAME DIR REAR END,Clear,NA,Medium,NO CONTROLS,NONE DETECTED,No,Possible Minor Injury,N/A,NOT DISTRACTED,MD,PASSENGER CAR,PARKED,10,No,2016,NISSAN,ALTIMA,39.02626687,-77.12689045,2023,9,20
230057396,Injury Crash,09/28/2023 08:00:00 PM,NORBECK RD,NA,STRAIGHT MOVEMENT ANGLE,Cloudy,DRY,Medium,TRAFFIC SIGNAL,NONE DETECTED,Yes,No Apparent Injury,N/A,NOT DISTRACTED,MD,PASSENGER CAR,MOVING CONSTANT SPEED,40,No,2014,MITSUBISHI,OUTLANDER,39.14843167,-77.215365,2023,9,20
230057381,Injury Crash,09/28/2023 07:50:00 PM,PARKLAWN DR,NA,HEAD ON LEFT TURN,Clear,DRY,Medium,NO CONTROLS,NONE DETECTED,No,Possible Minor Injury,N/A,NOT DISTRACTED,MD,PASSENGER CAR,MOVING CONSTANT SPEED,35,No,1984,NISSAN,300ZX,39.04765633,-77.10216033,2023,9,19
230057381,Injury Crash,09/28/2023 07:50:00 PM,PARKLAWN DR,NA,HEAD ON LEFT TURN,Clear,DRY,Medium,NO CONTROLS,NONE DETECTED,Yes,No Apparent Injury,N/A,LOOKED BUT DID NOT SEE,MD,PASSENGER CAR,MOVING CONSTANT SPEED,35,No,2008,HONDA,ODESSY,39.04765633,-77.10216033,2023,9,19
230057378,Property Damage Crash,09/28/2023 07:42:00 PM,RIVER RD,NA,STRAIGHT MOVEMENT ANGLE,Clear,DRY,Dark,NO CONTROLS,NONE DETECTED,Yes,No Apparent Injury,N/A,NOT DISTRACTED,VA,(SPORT) UTILITY VEHICLE,MAKING LEFT TURN,40,No,2015,LEXUS,RX350,39.011359,-77.198987,2023,9,19
230057378,Property Damage Crash,09/28/2023 07:42:00 PM,RIVER RD,NA,STRAIGHT MOVEMENT ANGLE,Clear,DRY,Dark,NO CONTROLS,NONE DETECTED,No,No Apparent Injury,N/A,NOT DISTRACTED,MD,PASSENGER CAR,MOVING CONSTANT SPEED,40,No,2013,VOLKSWAGON,PASSAT,39.011359,-77.198987,2023,9,19
230057376,Injury Crash,09/28/2023 07:32:00 PM,BARNESVILLE RD,NA,SINGLE VEHICLE,Clear,DRY,Dark,NO CONTROLS,NONE DETECTED,Yes,Possible Minor Injury,N/A,NOT DISTRACTED,VA,PICKUP TRUCK,MOVING CONSTANT SPEED,30,No,2015,NISSAN,FRONTIER,39.221885,-77.385756,2023,9,19
230057365,Injury Crash,09/28/2023 06:31:00 PM,FREDERICK RD,BICYCLIST,SAME DIRECTION RIGHT TURN,Cloudy,DRY,Daylight,TRAFFIC SIGNAL,NONE DETECTED,Yes,No Apparent Injury,N/A,UNKNOWN,NA,NA,MAKING RIGHT TURN,40,No,0,UNKNOWN,UNKNOWN,39.11570264,-77.16608486,2023,9,18
230057360,Injury Crash,09/28/2023 06:17:00 PM,NA,PEDESTRIAN,OTHER,Clear,NA,Daylight,NO CONTROLS,NONE DETECTED,Yes,No Apparent Injury,N/A,UNKNOWN,NA,PASSENGER CAR,BACKING,5,No,0,TESLA,MODEL X,39.1202178,-77.2044607,2023,9,18
230057350,Property Damage Crash,09/28/2023 05:16:00 PM,STANFORD ST,NA,SAME DIRECTION RIGHT TURN,Clear,DRY,Daylight,NO CONTROLS,NONE DETECTED,Yes,No Apparent Injury,N/A,NOT DISTRACTED,MD,PASSENGER CAR,MOVING CONSTANT SPEED,25,No,2020,TOYOTA,RAV4,38.97861832,-77.09010099,2023,9,17
230057350,Property Damage Crash,09/28/2023 05:16:00 PM,STANFORD ST,NA,SAME DIRECTION RIGHT TURN,Clear,DRY,Daylight,NO CONTROLS,NONE DETECTED,No,No Apparent Injury,N/A,NOT DISTRACTED,MD,PASSENGER CAR,MOVING CONSTANT SPEED,25,No,2011,JEEP,WRANGLER,38.97861832,-77.09010099,2023,9,17
230057341,Property Damage Crash,09/28/2023 04:50:00 PM,S SUMMIT AVE,NA,SAME DIR REAR END,Clear,DRY,Daylight,N/A,NONE DETECTED,No,No Apparent Injury,N/A,NOT DISTRACTED,MD,PASSENGER CAR,SLOWING OR STOPPING,25,No,2021,TESLA,UT,39.14121333,-77.1933765,2023,9,16
230057341,Property Damage Crash,09/28/2023 04:50:00 PM,S SUMMIT AVE,NA,SAME DIR REAR END,Clear,DRY,Daylight,N/A,NONE DETECTED,Yes,No Apparent Injury,N/A,LOOKED BUT DID NOT SEE,MD,PASSENGER CAR,MOVING CONSTANT SPEED,25,No,2011,NISSAN,XTERRA,39.14121333,-77.1933765,2023,9,16
230057324,Injury Crash,09/28/2023 03:34:00 PM,BRINK RD,NA,SAME DIR REAR END,Cloudy,DRY,Daylight,NO CONTROLS,NONE DETECTED,No,Possible Minor Injury,N/A,NOT DISTRACTED,MD,VAN,STOPPED IN TRAFFIC LANE,35,No,2016,CHEVY,EXPRESS,39.204175,-77.20712667,2023,9,15
230057324,Injury Crash,09/28/2023 03:34:00 PM,BRINK RD,NA,SAME DIR REAR END,Cloudy,DRY,Daylight,NO CONTROLS,NONE DETECTED,Yes,No Apparent Injury,N/A,UNKNOWN,MD,PASSENGER CAR,MOVING CONSTANT SPEED,35,No,2019,HONDA,CIVIC,39.204175,-77.20712667,2023,9,15
230057320,Injury Crash,09/28/2023 03:20:00 PM,POWDER MILL RD,NA,SAME DIRECTION LEFT TURN,Clear,DRY,Daylight,STOP SIGN,NONE DETECTED,No,No Apparent Injury,N/A,NOT DISTRACTED,MD,PASSENGER CAR,STOPPED IN TRAFFIC LANE,25,No,2010,TOYT,SU,39.022745,-76.97627333,2023,9,15
230057320,Injury Crash,09/28/2023 03:20:00 PM,POWDER MILL RD,NA,SAME DIRECTION LEFT TURN,Clear,DRY,Daylight,STOP SIGN,NONE DETECTED,Yes,Possible Minor Injury,N/A,UNKNOWN,MD,PASSENGER CAR,MOVING CONSTANT SPEED,25,No,2021,MAZDA,3,39.022745,-76.97627333,2023,9,15
230057310,Property Damage Crash,09/28/2023 02:28:00 PM,SHADY GROVE RD,NA,SAME DIRECTION LEFT TURN,Cloudy,DRY,Daylight,NO CONTROLS,NONE DETECTED,No,No Apparent Injury,N/A,NOT DISTRACTED,MD,VAN,STOPPED IN TRAFFIC LANE,40,No,2011,CHEV,EXPRESS,39.11407283,-77.18605233,2023,9,14
230057310,Property Damage Crash,09/28/2023 02:28:00 PM,SHADY GROVE RD,NA,SAME DIRECTION LEFT TURN,Cloudy,DRY,Daylight,NO CONTROLS,NONE DETECTED,No,No Apparent Injury,N/A,NOT DISTRACTED,VA,(SPORT) UTILITY VEHICLE,STOPPED IN TRAFFIC LANE,40,No,2020,KIA,NIRA,39.11407283,-77.18605233,2023,9,14
230057310,Property Damage Crash,09/28/2023 02:28:00 PM,SHADY GROVE RD,NA,SAME DIRECTION LEFT TURN,Cloudy,DRY,Daylight,NO CONTROLS,NONE DETECTED,No,No Apparent Injury,N/A,NOT DISTRACTED,MD,"CARGO VAN/LIGHT TRUCK 2 AXLES (OVER 10,000LBS (4,536 KG))",MOVING CONSTANT SPEED,40,No,2022,NAVISTAR,BOX TRUCK,39.11407283,-77.18605233,2023,9,14
230057310,Property Damage Crash,09/28/2023 02:28:00 PM,SHADY GROVE RD,NA,SAME DIRECTION LEFT TURN,Cloudy,DRY,Daylight,NO CONTROLS,NONE DETECTED,Yes,No Apparent Injury,N/A,NOT DISTRACTED,US,PASSENGER CAR,CHANGING LANES,40,No,2012,HOND,CIVIC,39.11407283,-77.18605233,2023,9,14
230057303,Injury Crash,09/28/2023 02:13:00 PM,GEORGIA AVE,NA,SAME DIR REAR END,Clear,DRY,Daylight,TRAFFIC SIGNAL,NONE DETECTED,No,No Apparent Injury,N/A,UNKNOWN,VA,PICKUP TRUCK,STOPPED IN TRAFFIC LANE,35,No,2012,FORD,PICKUP,39.00906667,-77.040205,2023,9,14
230057303,Injury Crash,09/28/2023 02:13:00 PM,GEORGIA AVE,NA,SAME DIR REAR END,Clear,DRY,Daylight,TRAFFIC SIGNAL,NONE DETECTED,Yes,Possible Minor Injury,N/A,UNKNOWN,MD,PASSENGER CAR,ACCELERATING,35,No,2008,HONDA,ACCORD,39.00906667,-77.040205,2023,9,14
230057305,Property Damage Crash,09/28/2023 02:04:00 PM,NA,NA,SINGLE VEHICLE,Cloudy,NA,Daylight,NO CONTROLS,NONE DETECTED,Yes,No Apparent Injury,N/A,LOOKED BUT DID NOT SEE,MD,SCHOOL BUS,MAKING LEFT TURN,10,No,2014,THOMAS,BUS,39.05624301,-76.96518194,2023,9,14
230057125,Injury Crash,09/28/2023 12:55:00 PM,UNIVERSITY BLVD W,BICYCLIST,SINGLE VEHICLE,Clear,DRY,Daylight,TRAFFIC SIGNAL,NONE DETECTED,Yes,No Apparent Injury,N/A,UNKNOWN,NA,NA,ACCELERATING,35,No,0,UNKNOWN,UNKNOWN,39.03761418,-77.05939523,2023,9,12
230057287,Property Damage Crash,09/28/2023 12:44:00 PM,FENTON ST,NA,OTHER,Clear,DRY,Daylight,N/A,NONE DETECTED,No,No Apparent Injury,N/A,NOT DISTRACTED,MD,PASSENGER CAR,PARKED,25,No,2013,HYUNDAI,SONATA,38.995852,-77.0232215,2023,9,12
230057287,Property Damage Crash,09/28/2023 12:44:00 PM,FENTON ST,NA,OTHER,Clear,DRY,Daylight,N/A,NONE DETECTED,Yes,No Apparent Injury,N/A,UNKNOWN,NA,(SPORT) UTILITY VEHICLE,BACKING,25,No,2004,NISSAN,ARMADA,38.995852,-77.0232215,2023,9,12
230057292,Property Damage Crash,09/28/2023 12:30:00 PM,NORBECK RD,NA,SAME DIR BOTH LEFT TURN,Clear,DRY,Daylight,TRAFFIC SIGNAL,NONE DETECTED,No,No Apparent Injury,N/A,NOT DISTRACTED,MD,PASSENGER CAR,MAKING LEFT TURN,35,No,2014,TOYOTA,CAMRY,39.09612833,-77.11005667,2023,9,12
230057292,Property Damage Crash,09/28/2023 12:30:00 PM,NORBECK RD,NA,SAME DIR BOTH LEFT TURN,Clear,DRY,Daylight,TRAFFIC SIGNAL,NONE DETECTED,Yes,No Apparent Injury,N/A,NOT DISTRACTED,MD,TRANSIT BUS,MAKING LEFT TURN,35,No,2017,GILLIG,BUS,39.09612833,-77.11005667,2023,9,12
230057262,Injury Crash,09/28/2023 10:40:00 AM,FENTON ST,NA,STRAIGHT MOVEMENT ANGLE,Clear,DRY,Daylight,TRAFFIC SIGNAL,NONE DETECTED,No,Possible Minor Injury,N/A,NOT DISTRACTED,DC,PASSENGER CAR,MOVING CONSTANT SPEED,25,No,2015,HONDA,PILOT,38.98767667,-77.02305333,2023,9,10
230057262,Injury Crash,09/28/2023 10:40:00 AM,FENTON ST,NA,STRAIGHT MOVEMENT ANGLE,Clear,DRY,Daylight,TRAFFIC SIGNAL,NONE DETECTED,Yes,No Apparent Injury,N/A,LOOKED BUT DID NOT SEE,MD,PASSENGER CAR,MAKING U TURN,25,No,2006,NISSAN,PATHFINDER,38.98767667,-77.02305333,2023,9,10
230057256,Property Damage Crash,09/28/2023 10:10:00 AM,FATHER HURLEY BLVD,NA,SAME DIR REAR END,Clear,DRY,Daylight,NO CONTROLS,NONE DETECTED,No,No Apparent Injury,N/A,NOT DISTRACTED,MD,PASSENGER CAR,SLOWING OR STOPPING,45,No,2023,MAZDA,CX50,39.19970575,-77.25967487,2023,9,10
230057256,Property Damage Crash,09/28/2023 10:10:00 AM,FATHER HURLEY BLVD,NA,SAME DIR REAR END,Clear,DRY,Daylight,NO CONTROLS,NONE DETECTED,Yes,No Apparent Injury,N/A,ADJUSTING AUDIO AND OR CLIMATE CONTROLS,MD,PASSENGER CAR,MOVING CONSTANT SPEED,45,No,2019,NISS,VERSA,39.19970575,-77.25967487,2023,9,10
230057260,Property Damage Crash,09/28/2023 10:00:00 AM,AUTOMOBILE BLVD,NA,STRAIGHT MOVEMENT ANGLE,Clear,DRY,Daylight,STOP SIGN,NONE DETECTED,Yes,No Apparent Injury,N/A,INATTENTIVE OR LOST IN THOUGHT,MD,PASSENGER CAR,ACCELERATING,25,No,2017,CHEV,UT,39.08041933,-76.9478705,2023,9,10
230057260,Property Damage Crash,09/28/2023 10:00:00 AM,AUTOMOBILE BLVD,NA,STRAIGHT MOVEMENT ANGLE,Clear,DRY,Daylight,STOP SIGN,NONE DETECTED,No,No Apparent Injury,N/A,NOT DISTRACTED,MD,PASSENGER CAR,MOVING CONSTANT SPEED,25,No,2013,DODGE,AVENGER,39.08041933,-76.9478705,2023,9,10
230057250,Property Damage Crash,09/28/2023 09:42:00 AM,NA,NA,SINGLE VEHICLE,Cloudy,NA,Daylight,NO CONTROLS,NONE DETECTED,Yes,No Apparent Injury,N/A,LOOKED BUT DID NOT SEE,MD,FIRE VEHICLE/NON EMERGENCY,MOVING CONSTANT SPEED,0,No,2016,CHEVROLET,TAHOE,38.99106667,-77.02793833,2023,9,9
230057240,Property Damage Crash,09/28/2023 08:50:00 AM,DREXEL HILL CIR,NA,SINGLE VEHICLE,Clear,DRY,Daylight,NO CONTROLS,NONE DETECTED,Yes,No Apparent Injury,N/A,NOT DISTRACTED,MD,SCHOOL BUS,SLOWING OR STOPPING,0,No,2015,THOMAS,BUS,39.18471357,-77.18077564,2023,9,8
230057237,Injury Crash,09/28/2023 08:45:00 AM,GEORGIA AVE,NA,SAME DIR REAR END,Cloudy,DRY,Daylight,NO CONTROLS,NONE DETECTED,Yes,No Apparent Injury,N/A,LOOKED BUT DID NOT SEE,OH,PASSENGER CAR,MOVING CONSTANT SPEED,35,No,2013,TOYOTA,COROLLA,39.02890317,-77.04736533,2023,9,8
230057237,Injury Crash,09/28/2023 08:45:00 AM,GEORGIA AVE,NA,SAME DIR REAR END,Cloudy,DRY,Daylight,NO CONTROLS,NONE DETECTED,No,Possible Minor Injury,N/A,NOT DISTRACTED,MD,(SPORT) UTILITY VEHICLE,SLOWING OR STOPPING,35,No,2016,NISSAN,ROUGE,39.02890317,-77.04736533,2023,9,8
230057232,Property Damage Crash,09/28/2023 08:20:00 AM,NA,NA,SINGLE VEHICLE,Clear,NA,Medium,NO CONTROLS,NONE DETECTED,Yes,No Apparent Injury,"N/A, ROAD UNDER CONSTRUCTION/MAINTENANCE",NOT DISTRACTED,MD,SCHOOL BUS,MOVING CONSTANT SPEED,25,No,2012,THOMAS,BUS,38.99997868,-77.01668572,2023,9,8
230057230,Property Damage Crash,09/28/2023 08:10:00 AM,CONNECTICUT AVE,NA,ANGLE MEETS LEFT TURN,Clear,DRY,Daylight,NO CONTROLS,NONE DETECTED,Yes,No Apparent Injury,N/A,NOT DISTRACTED,MD,PASSENGER CAR,ACCELERATING,35,No,2013,HYUN,ELANTRA,39.06735,-77.07478933,2023,9,8
230057230,Property Damage Crash,09/28/2023 08:10:00 AM,CONNECTICUT AVE,NA,ANGLE MEETS LEFT TURN,Clear,DRY,Daylight,NO CONTROLS,NONE DETECTED,No,No Apparent Injury,N/A,NOT DISTRACTED,FL,PASSENGER CAR,MOVING CONSTANT SPEED,35,No,2022,TOYOTA,RAV4,39.06735,-77.07478933,2023,9,8
230057226,Property Damage Crash,09/28/2023 07:30:00 AM,WOODFIELD RD,NA,SAME DIRECTION SIDESWIPE,Clear,DRY,Daylight,NO CONTROLS,NONE DETECTED,No,No Apparent Injury,N/A,NOT DISTRACTED,MD,PASSENGER CAR,MOVING CONSTANT SPEED,35,No,2013,LEXS,RX350,39.16910221,-77.15421379,2023,9,7
230057226,Property Damage Crash,09/28/2023 07:30:00 AM,WOODFIELD RD,NA,SAME DIRECTION SIDESWIPE,Clear,DRY,Daylight,NO CONTROLS,NONE DETECTED,Yes,No Apparent Injury,N/A,LOOKED BUT DID NOT SEE,MD,SCHOOL BUS,CHANGING LANES,35,No,2018,FRHT,BU,39.16910221,-77.15421379,2023,9,7
230056238,Injury Crash,09/28/2023 07:26:00 AM,FIRSTFIELD RD,BICYCLIST,SAME DIRECTION RIGHT TURN,Clear,DRY,Daylight,UNKNOWN,NONE DETECTED,Yes,No Apparent Injury,N/A,UNKNOWN,NA,NA,CHANGING LANES,30,No,0,UNKNOWN,UNKNOWN,39.14253641,-77.22448063,2023,9,7
230057225,Property Damage Crash,09/28/2023 06:48:00 AM,NA,NA,SINGLE VEHICLE,Cloudy,NA,Dark,N/A,ALCOHOL PRESENT,Yes,No Apparent Injury,N/A,UNKNOWN,MD,PICKUP TRUCK,OTHER,0,No,2019,TOYT,PK,39.18962217,-77.1957155,2023,9,6
230057224,Property Damage Crash,09/28/2023 06:11:00 AM,CONNECTICUT AVE,NA,STRAIGHT MOVEMENT ANGLE,Clear,DRY,Dark,TRAFFIC SIGNAL,NONE DETECTED,No,No Apparent Injury,N/A,NOT DISTRACTED,MD,PASSENGER CAR,MAKING LEFT TURN,35,No,2019,NISSAN,SENTRA,39.05728769,-77.073452,2023,9,6
230057224,Property Damage Crash,09/28/2023 06:11:00 AM,CONNECTICUT AVE,NA,STRAIGHT MOVEMENT ANGLE,Clear,DRY,Dark,TRAFFIC SIGNAL,NONE DETECTED,Yes,No Apparent Injury,N/A,INATTENTIVE OR LOST IN THOUGHT,XX,PASSENGER CAR,MOVING CONSTANT SPEED,35,No,2007,ACURA,4S,39.05728769,-77.073452,2023,9,6
230057220,Injury Crash,09/28/2023 05:43:00 AM,UNIVERSITY BLVD W,PEDESTRIAN,SAME DIRECTION RIGHT TURN,Clear,DRY,Medium,TRAFFIC SIGNAL,NONE DETECTED,Yes,No Apparent Injury,N/A,LOOKED BUT DID NOT SEE,MD,PICKUP TRUCK,MAKING RIGHT TURN,35,No,2002,NISSAN,FRONTIER,39.03349675,-77.02360757,2023,9,5
230057214,Injury Crash,09/28/2023 01:30:00 AM,COLUMBIA PIKE,NA,SAME DIR REAR END,Clear,DRY,Medium,NO CONTROLS,NONE DETECTED,Unknown,Possible Minor Injury,N/A,LOOKED BUT DID NOT SEE,MD,PASSENGER CAR,MOVING CONSTANT SPEED,50,No,2005,NISSAN,ALTIMA,39.05401267,-76.97456,2023,9,1
230057214,Injury Crash,09/28/2023 01:30:00 AM,COLUMBIA PIKE,NA,SAME DIR REAR END,Clear,DRY,Medium,NO CONTROLS,NONE DETECTED,Unknown,Possible Minor Injury,N/A,NOT DISTRACTED,MD,PASSENGER CAR,STOPPED IN TRAFFIC LANE,50,No,2016,TOYOTA,COROLLA,39.05401267,-76.97456,2023,9,1
230057213,Property Damage Crash,09/28/2023 12:10:00 AM,WALKERS CHOICE RD,NA,OTHER,Clear,DRY,Medium,STOP SIGN,NONE DETECTED,No,No Apparent Injury,N/A,NOT DISTRACTED,MD,PASSENGER CAR,MOVING CONSTANT SPEED,15,No,2022,GMC,YUKON,39.16525274,-77.20516752,2023,9,0
230057213,Property Damage Crash,09/28/2023 12:10:00 AM,WALKERS CHOICE RD,NA,OTHER,Clear,DRY,Medium,STOP SIGN,NONE DETECTED,Yes,No Apparent Injury,N/A,LOOKED BUT DID NOT SEE,MD,PASSENGER CAR,MOVING CONSTANT SPEED,15,No,2011,HYUNDAI,SONATA,39.16525274,-77.20516752,2023,9,0
230057202,Property Damage Crash,09/27/2023 09:55:00 PM,FREDERICK RD,NA,SINGLE VEHICLE,Clear,DRY,Medium,NO CONTROLS,NONE DETECTED,Yes,No Apparent Injury,N/A,NOT DISTRACTED,MD,PASSENGER CAR,MOVING CONSTANT SPEED,35,No,2003,TOYOTA,HB,39.16025809,-77.22035006,2023,9,21
230057203,Injury Crash,09/27/2023 09:51:00 PM,RIDGE RD,NA,STRAIGHT MOVEMENT ANGLE,Clear,DRY,Medium,TRAFFIC SIGNAL,NONE DETECTED,No,Possible Minor Injury,N/A,NOT DISTRACTED,MD,POLICE VEHICLE/NON EMERGENCY,ACCELERATING,35,No,2018,DODGE,CHARGER,39.19884,-77.26093,2023,9,21
230057203,Injury Crash,09/27/2023 09:51:00 PM,RIDGE RD,NA,STRAIGHT MOVEMENT ANGLE,Clear,DRY,Medium,TRAFFIC SIGNAL,NONE DETECTED,Yes,No Apparent Injury,N/A,NOT DISTRACTED,MD,PASSENGER CAR,SLOWING OR STOPPING,35,No,2014,TOYOTA,PRIUS,39.19884,-77.26093,2023,9,21
230057198,Injury Crash,09/27/2023 08:55:00 PM,LOFT LA,NA,HEAD ON LEFT TURN,Clear,DRY,Medium,STOP SIGN,NONE DETECTED,Yes,No Apparent Injury,N/A,LOOKED BUT DID NOT SEE,MD,PASSENGER CAR,SLOWING OR STOPPING,25,No,2017,NISS,TK,39.060869,-76.97386283,2023,9,20
230057198,Injury Crash,09/27/2023 08:55:00 PM,LOFT LA,NA,HEAD ON LEFT TURN,Clear,DRY,Medium,STOP SIGN,NONE DETECTED,No,Possible Minor Injury,N/A,NOT DISTRACTED,MD,PASSENGER CAR,STOPPED IN TRAFFIC LANE,25,No,2014,JEEP,UT,39.060869,-76.97386283,2023,9,20
230057201,Property Damage Crash,09/27/2023 08:00:00 PM,TROY RD,NA,HEAD ON,Clear,DRY,Dark,NO CONTROLS,NONE DETECTED,Yes,No Apparent Injury,N/A,UNKNOWN,VA,AMBULANCE/EMERGENCY,UNKNOWN,35,No,1997,ACURA,2C,39.03886972,-77.09129282,2023,9,20
230057190,Property Damage Crash,09/27/2023 07:45:00 PM,NA,NA,HEAD ON LEFT TURN,Clear,NA,Medium,N/A,NONE DETECTED,No,No Apparent Injury,N/A,NOT DISTRACTED,XX,MOTORCYCLE,MOVING CONSTANT SPEED,5,No,2021,HONDA,REBEL,39.00021579,-76.99286814,2023,9,19
230057190,Property Damage Crash,09/27/2023 07:45:00 PM,NA,NA,HEAD ON LEFT TURN,Clear,NA,Medium,N/A,NONE DETECTED,Yes,No Apparent Injury,N/A,OTHER DISTRACTION,XX,PASSENGER CAR,MAKING LEFT TURN,5,No,2017,HOND,HB,39.00021579,-76.99286814,2023,9,19
230057186,Injury Crash,09/27/2023 07:27:00 PM,GEORGIA AVE,BICYCLIST,OTHER,Clear,DRY,Dark,NO CONTROLS,NONE DETECTED,No,No Apparent Injury,N/A,NOT DISTRACTED,MD,"OTHER LIGHT TRUCKS (10,000LBS (4,536KG) OR LESS)",MOVING CONSTANT SPEED,25,No,2017,FORD,F250,38.98894783,-77.02688267,2023,9,19
230057187,Injury Crash,09/27/2023 07:25:00 PM,MONTROSE RD,NA,SAME DIR REAR END,Clear,DRY,Medium,TRAFFIC SIGNAL,NONE DETECTED,Yes,Possible Minor Injury,N/A,UNKNOWN,MD,PASSENGER CAR,UNKNOWN,45,No,2001,HONDA,ACCORD,39.05641117,-77.167756,2023,9,19
230057187,Injury Crash,09/27/2023 07:25:00 PM,MONTROSE RD,NA,SAME DIR REAR END,Clear,DRY,Medium,TRAFFIC SIGNAL,NONE DETECTED,No,No Apparent Injury,N/A,NOT DISTRACTED,MD,VAN,STOPPED IN TRAFFIC LANE,45,No,2023,RAM,PROMASTER 2500,39.05641117,-77.167756,2023,9,19
230057175,Property Damage Crash,09/27/2023 06:20:00 PM,UNIVERSITY BLVD W,NA,SAME DIR REAR END,Clear,DRY,Daylight,TRAFFIC SIGNAL,NONE DETECTED,Yes,No Apparent Injury,N/A,INATTENTIVE OR LOST IN THOUGHT,MD,PASSENGER CAR,MOVING CONSTANT SPEED,35,No,2014,TOYT,PRIUS,39.04154583,-77.04988017,2023,9,18
230057175,Property Damage Crash,09/27/2023 06:20:00 PM,UNIVERSITY BLVD W,NA,SAME DIR REAR END,Clear,DRY,Daylight,TRAFFIC SIGNAL,NONE DETECTED,No,No Apparent Injury,N/A,NOT DISTRACTED,MD,(SPORT) UTILITY VEHICLE,SLOWING OR STOPPING,35,No,2021,JEEP,WRANGLER,39.04154583,-77.04988017,2023,9,18
230057179,Property Damage Crash,09/27/2023 05:14:00 PM,NA,NA,OTHER,Clear,NA,Daylight,NO CONTROLS,ALCOHOL PRESENT,Yes,No Apparent Injury,N/A,NOT DISTRACTED,DC,PICKUP TRUCK,STARTING FROM PARKED,10,No,2012,FORD,PK,38.9971395,-77.0302355,2023,9,17
230057158,Property Damage Crash,09/27/2023 04:11:00 PM,ROCKVILLE PIKE,NA,OTHER,Clear,DRY,Daylight,NO CONTROLS,NONE DETECTED,Yes,No Apparent Injury,N/A,LOOKED BUT DID NOT SEE,MD,PASSENGER CAR,CHANGING LANES,35,No,2006,TOYT,SD,39.07415452,-77.13521394,2023,9,16
230057158,Property Damage Crash,09/27/2023 04:11:00 PM,ROCKVILLE PIKE,NA,OTHER,Clear,DRY,Daylight,NO CONTROLS,NONE DETECTED,No,No Apparent Injury,N/A,NOT DISTRACTED,MD,PASSENGER CAR,MOVING CONSTANT SPEED,35,No,2015,TOYT,4S,39.07415452,-77.13521394,2023,9,16
230057159,Injury Crash,09/27/2023 04:04:00 PM,GREAT SENECA HWY,NA,STRAIGHT MOVEMENT ANGLE,Clear,DRY,Daylight,NO CONTROLS,NONE DETECTED,Yes,No Apparent Injury,N/A,NOT DISTRACTED,MD,(SPORT) UTILITY VEHICLE,ACCELERATING,50,No,2018,HOND,CRV,39.13071005,-77.24000669,2023,9,16
230057159,Injury Crash,09/27/2023 04:04:00 PM,GREAT SENECA HWY,NA,STRAIGHT MOVEMENT ANGLE,Clear,DRY,Daylight,NO CONTROLS,NONE DETECTED,No,No Apparent Injury,N/A,NOT DISTRACTED,MD,PASSENGER CAR,SLOWING OR STOPPING,50,No,2017,MINI,COOPER,39.13071005,-77.24000669,2023,9,16
230057154,Property Damage Crash,09/27/2023 03:36:00 PM,UNIVERSITY BLVD E,NA,ANGLE MEETS LEFT TURN,Clear,DRY,Daylight,NO CONTROLS,NONE DETECTED,No,No Apparent Injury,N/A,NOT DISTRACTED,MD,PASSENGER CAR,MOVING CONSTANT SPEED,35,No,2005,NISSAN,SENTRA,39.00978,-76.99981317,2023,9,15
230057154,Property Damage Crash,09/27/2023 03:36:00 PM,UNIVERSITY BLVD E,NA,ANGLE MEETS LEFT TURN,Clear,DRY,Daylight,NO CONTROLS,NONE DETECTED,Yes,No Apparent Injury,N/A,NOT DISTRACTED,MD,PASSENGER CAR,MAKING LEFT TURN,35,No,2009,HONDA,CIVIC,39.00978,-76.99981317,2023,9,15
230057152,Property Damage Crash,09/27/2023 03:25:00 PM,NA,NA,HEAD ON LEFT TURN,Clear,NA,Daylight,NO CONTROLS,NONE DETECTED,Yes,No Apparent Injury,N/A,LOOKED BUT DID NOT SEE,MD,PASSENGER CAR,MAKING RIGHT TURN,10,No,2021,BMW,CP,39.07558833,-77.00392667,2023,9,15
230057152,Property Damage Crash,09/27/2023 03:25:00 PM,NA,NA,HEAD ON LEFT TURN,Clear,NA,Daylight,NO CONTROLS,NONE DETECTED,No,No Apparent Injury,N/A,NOT DISTRACTED,MD,TRANSIT BUS,STOPPED IN TRAFFIC LANE,10,No,2014,GILL,BUS,39.07558833,-77.00392667,2023,9,15
230057155,Property Damage Crash,09/27/2023 02:49:00 PM,GEORGIA AVE,NA,SAME DIR REAR END,Clear,DRY,Daylight,NO CONTROLS,NONE DETECTED,No,No Apparent Injury,N/A,NOT DISTRACTED,NA,PASSENGER CAR,SLOWING OR STOPPING,35,No,2009,CHEV,TK,39.01500319,-77.04235342,2023,9,14
230057155,Property Damage Crash,09/27/2023 02:49:00 PM,GEORGIA AVE,NA,SAME DIR REAR END,Clear,DRY,Daylight,NO CONTROLS,NONE DETECTED,No,No Apparent Injury,N/A,NOT DISTRACTED,MD,PASSENGER CAR,SLOWING OR STOPPING,35,No,2008,HOND,HB,39.01500319,-77.04235342,2023,9,14