Local Case Number,ACRS Report Type,Crash Date/Time,Road Name,Related Non-Motorist,Collision Type,Weather,Surface Condition,Light,Traffic Control,Driver Substance Abuse,Driver At Fault,Injury Severity,Circumstance,Driver Distracted By,Drivers License State,Vehicle Body Type,Vehicle Movement,Speed Limit,Driverless Vehicle,Vehicle Year,Vehicle Make,Vehicle Model,Latitude,Longitude,Year,Month,Hour
230057155,Property Damage Crash,09/27/2023 02:49:00 PM,GEORGIA AVE,NA,SAME DIR REAR END,Clear,DRY,Daylight,NO CONTROLS,NONE DETECTED,Yes,No Apparent Injury,N/A,UNKNOWN,DC,PASSENGER CAR,MOVING CONSTANT SPEED,35,No,2011,BMW,X6,39.01500319,-77.04235342,2023,9,14
230057143,Injury Crash,09/27/2023 02:36:00 PM,SHADY GROVE RD,NA,SAME DIR REAR END,Clear,DRY,Daylight,TRAFFIC SIGNAL,NONE DETECTED,Yes,Possible Minor Injury,N/A,NOT DISTRACTED,FL,PICKUP TRUCK,SLOWING OR STOPPING,45,No,2015,TOYOTA,TUNDRA,39.13359257,-77.15819948,2023,9,14
230057143,Injury Crash,09/27/2023 02:36:00 PM,SHADY GROVE RD,NA,SAME DIR REAR END,Clear,DRY,Daylight,TRAFFIC SIGNAL,NONE DETECTED,No,Possible Minor Injury,N/A,NOT DISTRACTED,MD,PASSENGER CAR,SLOWING OR STOPPING,45,No,2018,CADI,XTS,39.13359257,-77.15819948,2023,9,14
230057128,Injury Crash,09/27/2023 01:06:00 PM,NA,NA,STRAIGHT MOVEMENT ANGLE,Clear,NA,Daylight,NO CONTROLS,NONE DETECTED,No,No Apparent Injury,N/A,NOT DISTRACTED,DC,PASSENGER CAR,MOVING CONSTANT SPEED,0,No,2023,VOLVO,CX90,38.96500333,-77.087025,2023,9,13
230057128,Injury Crash,09/27/2023 01:06:00 PM,NA,NA,STRAIGHT MOVEMENT ANGLE,Clear,NA,Daylight,NO CONTROLS,NONE DETECTED,Yes,Possible Minor Injury,N/A,NOT DISTRACTED,FL,PASSENGER CAR,STARTING FROM PARKED,0,No,2016,NISSAN,ALTIMA,38.96500333,-77.087025,2023,9,13
230057108,Property Damage Crash,09/27/2023 10:47:00 AM,GEORGIA AVE,NA,SAME DIRECTION LEFT TURN,Clear,DRY,Daylight,TRAFFIC SIGNAL,NONE DETECTED,Yes,No Apparent Injury,N/A,NOT DISTRACTED,MD,PASSENGER CAR,CHANGING LANES,35,No,2004,HOND,SD,39.01579078,-77.04274619,2023,9,10
230057108,Property Damage Crash,09/27/2023 10:47:00 AM,GEORGIA AVE,NA,SAME DIRECTION LEFT TURN,Clear,DRY,Daylight,TRAFFIC SIGNAL,NONE DETECTED,No,No Apparent Injury,N/A,NOT DISTRACTED,MD,FIRE VEHICLE/NON EMERGENCY,MOVING CONSTANT SPEED,35,No,2007,CRIMSON,FIRE ENGINE,39.01579078,-77.04274619,2023,9,10
230057103,Injury Crash,09/27/2023 10:41:00 AM,E GUDE DR,NA,SAME DIR REAR END,Clear,DRY,Daylight,TRAFFIC SIGNAL,NONE DETECTED,No,Possible Minor Injury,N/A,NOT DISTRACTED,MD,PASSENGER CAR,STOPPED IN TRAFFIC LANE,35,No,2010,ACURA,TSX,39.09998806,-77.13964013,2023,9,10
230057103,Injury Crash,09/27/2023 10:41:00 AM,E GUDE DR,NA,SAME DIR REAR END,Clear,DRY,Daylight,TRAFFIC SIGNAL,NONE DETECTED,Yes,No Apparent Injury,N/A,NOT DISTRACTED,MD,"MEDIUM/HEAVY TRUCKS 3 AXLES (OVER 10,000LBS (4,536KG))",SLOWING OR STOPPING,35,No,2007,KENWORTH,TRUCK,39.09998806,-77.13964013,2023,9,10
230057096,Injury Crash,09/27/2023 09:59:00 AM,GEORGIA AVE,MACHINE OPERATOR/RIDER,OTHER,Clear,DRY,Daylight,TRAFFIC SIGNAL,NONE DETECTED,No,No Apparent Injury,N/A,NOT DISTRACTED,MD,(SPORT) UTILITY VEHICLE,MAKING LEFT TURN,35,No,2014,HYUNDAI,SANTAFE,39.01550646,-77.04285628,2023,9,9
230057088,Property Damage Crash,09/27/2023 08:58:00 AM,FREDERICK RD,NA,HEAD ON LEFT TURN,Cloudy,DRY,Daylight,NO CONTROLS,NONE DETECTED,No,No Apparent Injury,N/A,NOT DISTRACTED,MD,SCHOOL BUS,STOPPED IN TRAFFIC LANE,40,No,2016,THOMAS,BUS,39.18561333,-77.23976167,2023,9,8
230057088,Property Damage Crash,09/27/2023 08:58:00 AM,FREDERICK RD,NA,HEAD ON LEFT TURN,Cloudy,DRY,Daylight,NO CONTROLS,NONE DETECTED,Yes,No Apparent Injury,N/A,NOT DISTRACTED,MD,PASSENGER CAR,STARTING FROM LANE,40,No,2023,VOLKSWAGEN,JETTA,39.18561333,-77.23976167,2023,9,8
230057079,Property Damage Crash,09/27/2023 08:09:00 AM,SEMINARY RD,NA,STRAIGHT MOVEMENT ANGLE,Clear,DRY,Daylight,YIELD SIGN,NONE DETECTED,No,No Apparent Injury,N/A,UNKNOWN,MD,PASSENGER CAR,MOVING CONSTANT SPEED,35,No,2022,TOYOTA,RAV4,39.01458,-77.05421833,2023,9,8
230057079,Property Damage Crash,09/27/2023 08:09:00 AM,SEMINARY RD,NA,STRAIGHT MOVEMENT ANGLE,Clear,DRY,Daylight,YIELD SIGN,NONE DETECTED,Yes,No Apparent Injury,N/A,UNKNOWN,MD,PASSENGER CAR,ACCELERATING,35,No,2005,TOYT,TK,39.01458,-77.05421833,2023,9,8
230057068,Injury Crash,09/27/2023 06:49:00 AM,CONNECTICUT AVE,NA,SAME DIR REAR END,Cloudy,DRY,Medium,NO CONTROLS,NONE DETECTED,No,Possible Minor Injury,N/A,NOT DISTRACTED,MD,PASSENGER CAR,MOVING CONSTANT SPEED,30,No,2013,LEXS,TK,38.98577167,-77.07720833,2023,9,6
230057068,Injury Crash,09/27/2023 06:49:00 AM,CONNECTICUT AVE,NA,SAME DIR REAR END,Cloudy,DRY,Medium,NO CONTROLS,NONE DETECTED,Yes,Possible Minor Injury,N/A,NOT DISTRACTED,MD,PASSENGER CAR,CHANGING LANES,30,No,2000,TOYT,SD,38.98577167,-77.07720833,2023,9,6
230057068,Injury Crash,09/27/2023 06:49:00 AM,CONNECTICUT AVE,NA,SAME DIR REAR END,Cloudy,DRY,Medium,NO CONTROLS,NONE DETECTED,No,Possible Minor Injury,N/A,NOT DISTRACTED,MD,PASSENGER CAR,MOVING CONSTANT SPEED,30,No,2010,SUBA,4S,38.98577167,-77.07720833,2023,9,6
230057067,Property Damage Crash,09/27/2023 05:33:00 AM,LAYHILL RD,NA,STRAIGHT MOVEMENT ANGLE,Clear,DRY,Medium,TRAFFIC SIGNAL,NONE DETECTED,Yes,No Apparent Injury,N/A,LOOKED BUT DID NOT SEE,DC,PASSENGER CAR,MAKING LEFT TURN,40,No,2012,TOYT,SD,39.09064167,-77.04510667,2023,9,5
230057067,Property Damage Crash,09/27/2023 05:33:00 AM,LAYHILL RD,NA,STRAIGHT MOVEMENT ANGLE,Clear,DRY,Medium,TRAFFIC SIGNAL,NONE DETECTED,No,No Apparent Injury,N/A,NOT DISTRACTED,MD,PASSENGER CAR,MOVING CONSTANT SPEED,40,No,2023,SUBARU,LEGACY,39.09064167,-77.04510667,2023,9,5
230057069,Property Damage Crash,09/26/2023 11:00:00 PM,BRANDERMILL DR,NA,SAME DIRECTION SIDESWIPE,Clear,DRY,Dark,NO CONTROLS,NONE DETECTED,Yes,No Apparent Injury,N/A,UNKNOWN,NA,NA,UNKNOWN,25,Unknown,0,UNKNOWN,UNKNOWN,39.19051167,-77.23417667,2023,9,23
230057039,Injury Crash,09/26/2023 08:12:00 PM,OLD COLUMBIA PIKE,NA,STRAIGHT MOVEMENT ANGLE,Rain,WET,Medium,NO CONTROLS,NONE DETECTED,Yes,Possible Minor Injury,N/A,LOOKED BUT DID NOT SEE,MD,PASSENGER CAR,MAKING LEFT TURN,25,No,2015,FORD,C MAX,39.110774,-76.93365633,2023,9,20
230057039,Injury Crash,09/26/2023 08:12:00 PM,OLD COLUMBIA PIKE,NA,STRAIGHT MOVEMENT ANGLE,Rain,WET,Medium,NO CONTROLS,NONE DETECTED,No,No Apparent Injury,N/A,NOT DISTRACTED,MD,PICKUP TRUCK,MOVING CONSTANT SPEED,25,No,2016,FORD,PK,39.110774,-76.93365633,2023,9,20
230057038,Property Damage Crash,09/26/2023 08:07:00 PM,GEORGIA AVE,NA,SAME DIRECTION SIDESWIPE,Rain,WET,Medium,NO CONTROLS,NONE DETECTED,Yes,No Apparent Injury,"RAIN, SNOW, WET",NOT DISTRACTED,MD,PASSENGER CAR,MOVING CONSTANT SPEED,35,No,2016,SUBARU,WRX,39.05888713,-77.05007571,2023,9,20
230057038,Property Damage Crash,09/26/2023 08:07:00 PM,GEORGIA AVE,NA,SAME DIRECTION SIDESWIPE,Rain,WET,Medium,NO CONTROLS,NONE DETECTED,Yes,No Apparent Injury,"RAIN, SNOW, WET",NOT DISTRACTED,MD,PASSENGER CAR,MOVING CONSTANT SPEED,35,No,2015,TOYOTA,HIGHLANDER,39.05888713,-77.05007571,2023,9,20
230057035,Injury Crash,09/26/2023 07:32:00 PM,GREAT SENECA HWY,NA,HEAD ON LEFT TURN,Rain,WET,Medium,NO CONTROLS,NONE DETECTED,Yes,Suspected Serious Injury,N/A,NOT DISTRACTED,MD,PASSENGER CAR,MAKING LEFT TURN,50,No,2022,HONDA,HR-V,39.11559667,-77.22299833,2023,9,19
230057035,Injury Crash,09/26/2023 07:32:00 PM,GREAT SENECA HWY,NA,HEAD ON LEFT TURN,Rain,WET,Medium,NO CONTROLS,NONE DETECTED,No,Possible Minor Injury,N/A,NOT DISTRACTED,MD,PASSENGER CAR,MOVING CONSTANT SPEED,50,No,2004,BMW,530,39.11559667,-77.22299833,2023,9,19
230057029,Property Damage Crash,09/26/2023 07:00:00 PM,16TH ST,NA,SAME DIR REAR END,Rain,WET,Medium,NO CONTROLS,NONE DETECTED,No,No Apparent Injury,"N/A, WET",NOT DISTRACTED,MD,PASSENGER CAR,STOPPED IN TRAFFIC LANE,35,No,2022,HONDA,CRV,39.00604682,-77.03963138,2023,9,19
230057029,Property Damage Crash,09/26/2023 07:00:00 PM,16TH ST,NA,SAME DIR REAR END,Rain,WET,Medium,NO CONTROLS,NONE DETECTED,Yes,No Apparent Injury,"N/A, WET",NOT DISTRACTED,MD,PASSENGER CAR,MOVING CONSTANT SPEED,35,No,2021,JEEPGN,WAGON GN,39.00604682,-77.03963138,2023,9,19
230057028,Property Damage Crash,09/26/2023 06:51:00 PM,E GUDE DR,NA,SAME DIRECTION SIDESWIPE,Rain,WET,Medium,TRAFFIC SIGNAL,NONE DETECTED,Yes,No Apparent Injury,N/A,UNKNOWN,MD,(SPORT) UTILITY VEHICLE,SLOWING OR STOPPING,40,No,2018,TESLA,MODEL X,39.09760133,-77.1362435,2023,9,18
230057028,Property Damage Crash,09/26/2023 06:51:00 PM,E GUDE DR,NA,SAME DIRECTION SIDESWIPE,Rain,WET,Medium,TRAFFIC SIGNAL,NONE DETECTED,No,No Apparent Injury,N/A,NOT DISTRACTED,MD,VAN,STOPPED IN TRAFFIC LANE,40,No,2020,TOYOTA,SIENNA,39.09760133,-77.1362435,2023,9,18
230057048,Property Damage Crash,09/26/2023 06:50:00 PM,STRATH HAVEN DR,NA,OTHER,Cloudy,WET,Medium,NO CONTROLS,NONE DETECTED,Yes,No Apparent Injury,N/A,UNKNOWN,NA,PASSENGER CAR,PARKING,25,No,2019,MERCEDES,CLA250,39.19365483,-77.1936785,2023,9,18
230057048,Property Damage Crash,09/26/2023 06:50:00 PM,STRATH HAVEN DR,NA,OTHER,Cloudy,WET,Medium,NO CONTROLS,NONE DETECTED,No,No Apparent Injury,N/A,NOT DISTRACTED,MD,(SPORT) UTILITY VEHICLE,PARKED,25,No,2016,FORD,EXPLORER,39.19365483,-77.1936785,2023,9,18
230057019,Property Damage Crash,09/26/2023 05:29:00 PM,HUNGERFORD DR,NA,ANGLE MEETS LEFT HEAD ON,Cloudy,WET,Medium,TRAFFIC SIGNAL,NONE DETECTED,Yes,No Apparent Injury,"N/A, WET",UNKNOWN,MD,PASSENGER CAR,MAKING LEFT TURN,35,No,2011,SUBARU,FORESTER,39.08503617,-77.14810583,2023,9,17
230057019,Property Damage Crash,09/26/2023 05:29:00 PM,HUNGERFORD DR,NA,ANGLE MEETS LEFT HEAD ON,Cloudy,WET,Medium,TRAFFIC SIGNAL,NONE DETECTED,No,No Apparent Injury,"N/A, WET",NOT DISTRACTED,MD,PASSENGER CAR,MOVING CONSTANT SPEED,35,No,2017,MERCEDES,GLE350,39.08503617,-77.14810583,2023,9,17
230057015,Injury Crash,09/26/2023 05:23:00 PM,GREAT SENECA HWY,NA,STRAIGHT MOVEMENT ANGLE,Rain,WET,Daylight,NO CONTROLS,NONE DETECTED,Yes,Possible Minor Injury,"N/A, WET",NOT DISTRACTED,MD,PASSENGER CAR,MAKING LEFT TURN,45,No,2023,HYUNDAI,SONOTA,39.15719167,-77.27591917,2023,9,17
230057015,Injury Crash,09/26/2023 05:23:00 PM,GREAT SENECA HWY,NA,STRAIGHT MOVEMENT ANGLE,Rain,WET,Daylight,NO CONTROLS,NONE DETECTED,No,Possible Minor Injury,"N/A, WET",NOT DISTRACTED,MD,(SPORT) UTILITY VEHICLE,STOPPED IN TRAFFIC LANE,45,No,2022,FORD,EDGE,39.15719167,-77.27591917,2023,9,17
230057015,Injury Crash,09/26/2023 05:23:00 PM,GREAT SENECA HWY,NA,STRAIGHT MOVEMENT ANGLE,Rain,WET,Daylight,NO CONTROLS,NONE DETECTED,No,Possible Minor Injury,"N/A, WET",NOT DISTRACTED,MD,(SPORT) UTILITY VEHICLE,MOVING CONSTANT SPEED,45,No,2020,ACURA,MDX,39.15719167,-77.27591917,2023,9,17
230057016,Injury Crash,09/26/2023 05:20:00 PM,RIVER RD,NA,STRAIGHT MOVEMENT ANGLE,Cloudy,WET,Daylight,STOP SIGN,NONE DETECTED,No,Suspected Serious Injury,N/A,NOT DISTRACTED,MD,PASSENGER CAR,MOVING CONSTANT SPEED,45,No,2023,HOND,CIVIC,38.97049895,-77.11610302,2023,9,17
230057016,Injury Crash,09/26/2023 05:20:00 PM,RIVER RD,NA,STRAIGHT MOVEMENT ANGLE,Cloudy,WET,Daylight,STOP SIGN,NONE DETECTED,Yes,Suspected Serious Injury,N/A,INATTENTIVE OR LOST IN THOUGHT,MD,PICKUP TRUCK,MAKING LEFT TURN,25,No,2016,TOYOTA,TACOMA,38.97049895,-77.11610302,2023,9,17
230057003,Injury Crash,09/26/2023 04:31:00 PM,ASHTON RD,NA,HEAD ON LEFT TURN,Rain,WET,Daylight,TRAFFIC SIGNAL,NONE DETECTED,No,Possible Minor Injury,"N/A, RAIN, SNOW",LOOKED BUT DID NOT SEE,MD,(SPORT) UTILITY VEHICLE,MOVING CONSTANT SPEED,30,No,2018,HONDA,CRV,39.14939267,-77.01252767,2023,9,16
230057003,Injury Crash,09/26/2023 04:31:00 PM,ASHTON RD,NA,HEAD ON LEFT TURN,Rain,WET,Daylight,TRAFFIC SIGNAL,NONE DETECTED,Yes,Possible Minor Injury,"N/A, RAIN, SNOW",LOOKED BUT DID NOT SEE,MD,PASSENGER CAR,MAKING LEFT TURN,30,No,2020,TOYOTA,AVALON,39.14939267,-77.01252767,2023,9,16
230056998,Property Damage Crash,09/26/2023 03:59:00 PM,COLUMBIA PIKE,NA,SAME DIR REAR END,Rain,WET,Daylight,TRAFFIC SIGNAL,NONE DETECTED,No,No Apparent Injury,"RAIN, SNOW, WET",NOT DISTRACTED,MD,PASSENGER CAR,STOPPED IN TRAFFIC LANE,50,No,2020,TOYT,SD,39.058155,-76.96820167,2023,9,15
230056998,Property Damage Crash,09/26/2023 03:59:00 PM,COLUMBIA PIKE,NA,SAME DIR REAR END,Rain,WET,Daylight,TRAFFIC SIGNAL,NONE DETECTED,No,No Apparent Injury,"RAIN, SNOW, WET",NOT DISTRACTED,MD,PASSENGER CAR,STOPPED IN TRAFFIC LANE,50,No,2017,HYUN,4S,39.058155,-76.96820167,2023,9,15
230056998,Property Damage Crash,09/26/2023 03:59:00 PM,COLUMBIA PIKE,NA,SAME DIR REAR END,Rain,WET,Daylight,TRAFFIC SIGNAL,NONE DETECTED,Yes,No Apparent Injury,"RAIN, SNOW, WET",LOOKED BUT DID NOT SEE,MD,PASSENGER CAR,MOVING CONSTANT SPEED,50,No,2019,SUBA,SW,39.058155,-76.96820167,2023,9,15
230057005,Property Damage Crash,09/26/2023 03:50:00 PM,EISENHOWER MEMORIAL HWY,NA,SAME DIR REAR END,Rain,WET,Daylight,NO CONTROLS,NONE DETECTED,No,No Apparent Injury,"N/A, WET",NOT DISTRACTED,MD,POLICE VEHICLE/NON EMERGENCY,SLOWING OR STOPPING,55,No,2023,FORD,EXPLORER,39.27583866,-77.32153881,2023,9,15
230057005,Property Damage Crash,09/26/2023 03:50:00 PM,EISENHOWER MEMORIAL HWY,NA,SAME DIR REAR END,Rain,WET,Daylight,NO CONTROLS,NONE DETECTED,Yes,No Apparent Injury,"N/A, WET",UNKNOWN,WV,PICKUP TRUCK,SLOWING OR STOPPING,55,No,2014,RAM,1500,39.27583866,-77.32153881,2023,9,15
230056994,Property Damage Crash,09/26/2023 03:26:00 PM,GEORGIA AVE,NA,STRAIGHT MOVEMENT ANGLE,Rain,WET,Daylight,STOP SIGN,NONE DETECTED,Yes,No Apparent Injury,"N/A, RAIN, SNOW",LOOKED BUT DID NOT SEE,MD,(SPORT) UTILITY VEHICLE,MAKING LEFT TURN,30,No,2008,HONDA,CRV,39.148556,-77.06693767,2023,9,15
230056994,Property Damage Crash,09/26/2023 03:26:00 PM,GEORGIA AVE,NA,STRAIGHT MOVEMENT ANGLE,Rain,WET,Daylight,STOP SIGN,NONE DETECTED,No,No Apparent Injury,"N/A, RAIN, SNOW",NOT DISTRACTED,MD,PASSENGER CAR,MOVING CONSTANT SPEED,30,No,2018,TOYOTA,CAMRY,39.148556,-77.06693767,2023,9,15
230056992,Property Damage Crash,09/26/2023 03:00:00 PM,LEVERTON ST,NA,SAME DIRECTION SIDESWIPE,Rain,WET,Daylight,NO CONTROLS,NONE DETECTED,Yes,No Apparent Injury,"N/A, WET",LOOKED BUT DID NOT SEE,MD,SCHOOL BUS,SLOWING OR STOPPING,30,No,2013,THOMAS,BUS 12412,39.07121667,-77.07347167,2023,9,15
230056982,Property Damage Crash,09/26/2023 02:15:00 PM,MEDICAL CENTER DR,NA,SAME DIR REND RIGHT TURN,Rain,WET,Daylight,TRAFFIC SIGNAL,NONE DETECTED,No,No Apparent Injury,"N/A, WET",NOT DISTRACTED,MD,PASSENGER CAR,STOPPED IN TRAFFIC LANE,25,No,2009,CHEVY,IMPALA,39.10490167,-77.19642833,2023,9,14
230056982,Property Damage Crash,09/26/2023 02:15:00 PM,MEDICAL CENTER DR,NA,SAME DIR REND RIGHT TURN,Rain,WET,Daylight,TRAFFIC SIGNAL,NONE DETECTED,Yes,No Apparent Injury,"N/A, WET",NOT DISTRACTED,MD,PASSENGER CAR,STARTING FROM LANE,30,No,2022,JEEP,UT,39.10490167,-77.19642833,2023,9,14
230056967,Property Damage Crash,09/26/2023 01:08:00 PM,E DIAMOND AVE,NA,SAME DIR REAR END,Clear,DRY,Daylight,NO CONTROLS,NONE DETECTED,No,No Apparent Injury,N/A,NOT DISTRACTED,MD,PASSENGER CAR,SLOWING OR STOPPING,30,No,2006,BMW,4S,39.141801,-77.19829262,2023,9,13
230056967,Property Damage Crash,09/26/2023 01:08:00 PM,E DIAMOND AVE,NA,SAME DIR REAR END,Clear,DRY,Daylight,NO CONTROLS,NONE DETECTED,Yes,No Apparent Injury,N/A,NOT DISTRACTED,MD,(SPORT) UTILITY VEHICLE,SLOWING OR STOPPING,30,No,2015,KIA,SORENTO,39.141801,-77.19829262,2023,9,13
230056954,Injury Crash,09/26/2023 12:21:00 PM,RIDGE RD,NA,STRAIGHT MOVEMENT ANGLE,Cloudy,WET,Daylight,NO CONTROLS,NONE DETECTED,Yes,Possible Minor Injury,N/A,LOOKED BUT DID NOT SEE,MD,(SPORT) UTILITY VEHICLE,MAKING LEFT TURN,30,No,2018,NISS,KICKS,39.28681,-77.20815167,2023,9,12
230056954,Injury Crash,09/26/2023 12:21:00 PM,RIDGE RD,NA,STRAIGHT MOVEMENT ANGLE,Cloudy,WET,Daylight,NO CONTROLS,NONE DETECTED,No,No Apparent Injury,N/A,NOT DISTRACTED,MD,SCHOOL BUS,MOVING CONSTANT SPEED,30,No,2019,THOMAS,D-12,39.28681,-77.20815167,2023,9,12
230056950,Property Damage Crash,09/26/2023 12:11:00 PM,NEW HAMPSHIRE AVE SERV RD,NA,SAME DIR REAR END,Rain,WET,Daylight,TRAFFIC SIGNAL,NONE DETECTED,No,No Apparent Injury,"N/A, WET",NOT DISTRACTED,MD,PASSENGER CAR,SLOWING OR STOPPING,35,No,2010,HONDA,CIVIC,38.986477,-76.987834,2023,9,12
230056950,Property Damage Crash,09/26/2023 12:11:00 PM,NEW HAMPSHIRE AVE SERV RD,NA,SAME DIR REAR END,Rain,WET,Daylight,TRAFFIC SIGNAL,NONE DETECTED,Yes,No Apparent Injury,"N/A, WET",NOT DISTRACTED,NA,PASSENGER CAR,ACCELERATING,35,No,2016,HONDA,ACCORD,38.986477,-76.987834,2023,9,12
230056947,Property Damage Crash,09/26/2023 12:00:00 PM,UNIVERSITY BLVD W,NA,SAME DIRECTION SIDESWIPE,Cloudy,WET,Daylight,NO CONTROLS,NONE DETECTED,Yes,No Apparent Injury,"N/A, WET",UNKNOWN,NA,"CARGO VAN/LIGHT TRUCK 2 AXLES (OVER 10,000LBS (4,536 KG))",CHANGING LANES,30,No,2011,CHEVROLET,TK,39.0331235,-77.0736065,2023,9,12
230056947,Property Damage Crash,09/26/2023 12:00:00 PM,UNIVERSITY BLVD W,NA,SAME DIRECTION SIDESWIPE,Cloudy,WET,Daylight,NO CONTROLS,NONE DETECTED,No,No Apparent Injury,"N/A, WET",NOT DISTRACTED,MD,TRANSIT BUS,STOPPED IN TRAFFIC LANE,30,No,2014,GILLIG,BUS,39.0331235,-77.0736065,2023,9,12
230056946,Property Damage Crash,09/26/2023 11:49:00 AM,HUNGERFORD DR,NA,SINGLE VEHICLE,Cloudy,WET,Daylight,N/A,NONE DETECTED,Yes,No Apparent Injury,"N/A, WET",NOT DISTRACTED,DC,VAN,MOVING CONSTANT SPEED,30,No,2020,MERZ,METRIS,39.08890846,-77.15137884,2023,9,11
230056941,Property Damage Crash,09/26/2023 11:23:00 AM,PARAMOUNT DR,NA,HEAD ON LEFT TURN,Cloudy,WET,Daylight,NO CONTROLS,NONE DETECTED,Yes,No Apparent Injury,"N/A, WET",LOOKED BUT DID NOT SEE,MD,"MEDIUM/HEAVY TRUCKS 3 AXLES (OVER 10,000LBS (4,536KG))",MAKING LEFT TURN,25,No,2013,ISUZU,NPR,39.10089665,-77.18517879,2023,9,11
230056941,Property Damage Crash,09/26/2023 11:23:00 AM,PARAMOUNT DR,NA,HEAD ON LEFT TURN,Cloudy,WET,Daylight,NO CONTROLS,NONE DETECTED,No,No Apparent Injury,"N/A, WET",NOT DISTRACTED,MD,RECREATIONAL VEHICLE,MOVING CONSTANT SPEED,25,No,2011,TOYOTA,RAV4,39.10089665,-77.18517879,2023,9,11
230056936,Property Damage Crash,09/26/2023 10:45:00 AM,WILLARD AVE,NA,SAME DIRECTION SIDESWIPE,Rain,WET,Daylight,TRAFFIC SIGNAL,NONE DETECTED,No,No Apparent Injury,"N/A, WET",NOT DISTRACTED,MD,TRANSIT BUS,STARTING FROM LANE,25,No,2021,NFLY,BU,38.962305,-77.088505,2023,9,10
230056936,Property Damage Crash,09/26/2023 10:45:00 AM,WILLARD AVE,NA,SAME DIRECTION SIDESWIPE,Rain,WET,Daylight,TRAFFIC SIGNAL,NONE DETECTED,Yes,No Apparent Injury,"N/A, WET",LOOKED BUT DID NOT SEE,MD,PASSENGER CAR,STARTING FROM LANE,25,No,2007,AUDI,A4,38.962305,-77.088505,2023,9,10
230056927,Injury Crash,09/26/2023 10:25:00 AM,FRANKFORT DR,NA,OTHER,Rain,WET,Daylight,NO CONTROLS,NONE DETECTED,Yes,Possible Minor Injury,"N/A, WET",UNKNOWN,MD,PASSENGER CAR,ACCELERATING,15,No,2023,MNNI,HB,39.08240333,-77.08580967,2023,9,10
230056924,Property Damage Crash,09/26/2023 10:00:00 AM,GEORGIA AVE,NA,SAME DIR REAR END,Rain,WET,Daylight,NO CONTROLS,NONE DETECTED,No,No Apparent Injury,"RAIN, SNOW, WET",NOT DISTRACTED,MD,PASSENGER CAR,MOVING CONSTANT SPEED,30,No,2023,TOYT,UT,38.99547667,-77.02778167,2023,9,10
230056924,Property Damage Crash,09/26/2023 10:00:00 AM,GEORGIA AVE,NA,SAME DIR REAR END,Rain,WET,Daylight,NO CONTROLS,NONE DETECTED,Yes,No Apparent Injury,"RAIN, SNOW, WET",INATTENTIVE OR LOST IN THOUGHT,MD,PASSENGER CAR,MOVING CONSTANT SPEED,30,No,2005,NISSAN,ULTIMA,38.99547667,-77.02778167,2023,9,10
230056919,Property Damage Crash,09/26/2023 09:31:00 AM,ASHLEY DR,NA,SAME DIR REAR END,Rain,WET,Daylight,STOP SIGN,NONE DETECTED,Yes,No Apparent Injury,"N/A, WET",NOT DISTRACTED,MD,OTHER,MAKING RIGHT TURN,25,No,2023,CAT,430F2,39.04741833,-77.09305833,2023,9,9
230056919,Property Damage Crash,09/26/2023 09:31:00 AM,ASHLEY DR,NA,SAME DIR REAR END,Rain,WET,Daylight,STOP SIGN,NONE DETECTED,No,No Apparent Injury,"N/A, WET",NOT DISTRACTED,MD,PASSENGER CAR,PARKED,25,No,2013,HONDA,SD,39.04741833,-77.09305833,2023,9,9
230056909,Injury Crash,09/26/2023 08:42:00 AM,NOTLEY RD,NA,STRAIGHT MOVEMENT ANGLE,Rain,WET,Daylight,NO CONTROLS,NONE DETECTED,No,Possible Minor Injury,"RAIN, SNOW, V EXHAUST SYSTEM|R OTHER ROAD, VISION OBSTRUCTION (INCL. BLINDED BY SUN), WET",NOT DISTRACTED,MD,PASSENGER CAR,SLOWING OR STOPPING,30,No,2009,NISSAN,CUBE,39.08193987,-77.00763898,2023,9,8
230056909,Injury Crash,09/26/2023 08:42:00 AM,NOTLEY RD,NA,STRAIGHT MOVEMENT ANGLE,Rain,WET,Daylight,NO CONTROLS,NONE DETECTED,Yes,No Apparent Injury,"RAIN, SNOW, V EXHAUST SYSTEM|R OTHER ROAD, VISION OBSTRUCTION (INCL. BLINDED BY SUN), WET",LOOKED BUT DID NOT SEE,PA,PASSENGER CAR,ENTERING TRAFFIC LANE,30,No,2013,NISSAN,PATHFINDER,39.08193987,-77.00763898,2023,9,8
230056908,Property Damage Crash,09/26/2023 08:21:00 AM,FISHER AVE,NA,SAME DIR REAR END,Rain,WET,Medium,PERSON,NONE DETECTED,No,No Apparent Injury,"RAIN, SNOW, WET",UNKNOWN,MD,"OTHER LIGHT TRUCKS (10,000LBS (4,536KG) OR LESS)",SLOWING OR STOPPING,25,No,2015,CHEVROLET,EPO,39.14256567,-77.40774817,2023,9,8
230056908,Property Damage Crash,09/26/2023 08:21:00 AM,FISHER AVE,NA,SAME DIR REAR END,Rain,WET,Medium,PERSON,NONE DETECTED,Yes,No Apparent Injury,"RAIN, SNOW, WET",NOT DISTRACTED,MD,(SPORT) UTILITY VEHICLE,SLOWING OR STOPPING,25,No,2018,MERZ,UT,39.14256567,-77.40774817,2023,9,8
230056901,Injury Crash,09/26/2023 07:50:00 AM,DEMOCRACY BLVD,NA,HEAD ON LEFT TURN,Rain,WET,Medium,TRAFFIC SIGNAL,NONE DETECTED,No,Possible Minor Injury,"RAIN, SNOW, WET",NOT DISTRACTED,MD,PASSENGER CAR,MOVING CONSTANT SPEED,45,No,2022,JEEP,UT,39.02234517,-77.16765891,2023,9,7
230056901,Injury Crash,09/26/2023 07:50:00 AM,DEMOCRACY BLVD,NA,HEAD ON LEFT TURN,Rain,WET,Medium,TRAFFIC SIGNAL,NONE DETECTED,Yes,No Apparent Injury,"RAIN, SNOW, WET",LOOKED BUT DID NOT SEE,MD,PASSENGER CAR,MAKING LEFT TURN,45,No,2017,MERCEDES,UT,39.02234517,-77.16765891,2023,9,7
230056897,Property Damage Crash,09/26/2023 07:40:00 AM,RIVER RD,NA,HEAD ON LEFT TURN,Rain,WET,Daylight,NO CONTROLS,NONE DETECTED,No,No Apparent Injury,"RAIN, SNOW, WET",NOT DISTRACTED,MD,PASSENGER CAR,MOVING CONSTANT SPEED,40,No,2018,TOYT,PV,39.06092,-77.282285,2023,9,7
230056897,Property Damage Crash,09/26/2023 07:40:00 AM,RIVER RD,NA,HEAD ON LEFT TURN,Rain,WET,Daylight,NO CONTROLS,NONE DETECTED,Yes,No Apparent Injury,"RAIN, SNOW, WET",LOOKED BUT DID NOT SEE,MD,PASSENGER CAR,MAKING LEFT TURN,40,No,2019,HONDA,PILOT,39.06092,-77.282285,2023,9,7
230056895,Property Damage Crash,09/26/2023 07:09:00 AM,FOREST GLEN RD,NA,HEAD ON,Clear,DRY,Daylight,NO CONTROLS,NONE DETECTED,No,No Apparent Injury,N/A,UNKNOWN,MD,PASSENGER CAR,SLOWING OR STOPPING,35,No,1990,ACUR,HB,39.01601167,-77.04032667,2023,9,7
230056895,Property Damage Crash,09/26/2023 07:09:00 AM,FOREST GLEN RD,NA,HEAD ON,Clear,DRY,Daylight,NO CONTROLS,NONE DETECTED,Yes,No Apparent Injury,N/A,UNKNOWN,MD,OTHER,MAKING LEFT TURN,35,No,2022,FORD,UT,39.01601167,-77.04032667,2023,9,7