Local Case Number,ACRS Report Type,Crash Date/Time,Road Name,Related Non-Motorist,Collision Type,Weather,Surface Condition,Light,Traffic Control,Driver Substance Abuse,Driver At Fault,Injury Severity,Circumstance,Driver Distracted By,Drivers License State,Vehicle Body Type,Vehicle Movement,Speed Limit,Driverless Vehicle,Vehicle Year,Vehicle Make,Vehicle Model,Latitude,Longitude,Year,Month,Hour
230056894,Injury Crash,09/26/2023 07:06:00 AM,MACARTHUR BLVD,NA,SAME DIR REAR END,Rain,WET,Daylight,NO CONTROLS,NONE DETECTED,No,Possible Minor Injury,"RAIN, SNOW, WET",NOT DISTRACTED,MD,PASSENGER CAR,MAKING LEFT TURN,30,No,2023,HYUN,PALISADES,38.946175,-77.12024167,2023,9,7
230056894,Injury Crash,09/26/2023 07:06:00 AM,MACARTHUR BLVD,NA,SAME DIR REAR END,Rain,WET,Daylight,NO CONTROLS,NONE DETECTED,No,No Apparent Injury,"RAIN, SNOW, WET",NOT DISTRACTED,DC,PASSENGER CAR,SLOWING OR STOPPING,30,No,2021,JEEP,UT,38.946175,-77.12024167,2023,9,7
230056894,Injury Crash,09/26/2023 07:06:00 AM,MACARTHUR BLVD,NA,SAME DIR REAR END,Rain,WET,Daylight,NO CONTROLS,NONE DETECTED,Yes,No Apparent Injury,"RAIN, SNOW, WET",NOT DISTRACTED,DC,PASSENGER CAR,SLOWING OR STOPPING,30,No,1983,MERZ,SD,38.946175,-77.12024167,2023,9,7
230056890,Property Damage Crash,09/26/2023 06:59:00 AM,NEW HAMPSHIRE AVE,NA,ANGLE MEETS LEFT TURN,Rain,WET,Medium,NO CONTROLS,NONE DETECTED,Yes,No Apparent Injury,"SLEET, HAIL, FREEZ. RAIN, WET",NOT DISTRACTED,MD,PASSENGER CAR,MAKING LEFT TURN,45,No,2019,HONDA,ODYSSEY,39.07696,-77.00177333,2023,9,6
230056890,Property Damage Crash,09/26/2023 06:59:00 AM,NEW HAMPSHIRE AVE,NA,ANGLE MEETS LEFT TURN,Rain,WET,Medium,NO CONTROLS,NONE DETECTED,No,No Apparent Injury,"SLEET, HAIL, FREEZ. RAIN, WET",NOT DISTRACTED,MD,PASSENGER CAR,MOVING CONSTANT SPEED,45,No,2018,BMW,X1,39.07696,-77.00177333,2023,9,6
230056888,Property Damage Crash,09/26/2023 06:47:00 AM,UNIVERSITY BLVD W,NA,ANGLE MEETS RIGHT TURN,Rain,WET,Medium,TRAFFIC SIGNAL,NONE DETECTED,Yes,No Apparent Injury,"RAIN, SNOW, WET",LOOKED BUT DID NOT SEE,MD,PASSENGER CAR,RIGHT TURN ON RED,25,No,2010,LINC,MK7,39.02601333,-77.02022833,2023,9,6
230056888,Property Damage Crash,09/26/2023 06:47:00 AM,UNIVERSITY BLVD W,NA,ANGLE MEETS RIGHT TURN,Rain,WET,Medium,TRAFFIC SIGNAL,NONE DETECTED,No,No Apparent Injury,"RAIN, SNOW, WET",NOT DISTRACTED,TX,PASSENGER CAR,MOVING CONSTANT SPEED,40,No,2019,HONDA,ACCORD,39.02601333,-77.02022833,2023,9,6
230056889,Injury Crash,09/26/2023 06:42:00 AM,EAST VILLAGE AVE,PEDESTRIAN,OTHER,Rain,WET,Medium,NO CONTROLS,NONE DETECTED,No,No Apparent Injury,N/A,NOT DISTRACTED,MD,PASSENGER CAR,MOVING CONSTANT SPEED,30,No,2014,HONDA,SEDAN,39.187918259999996,-77.16043581,2023,9,6
230056887,Injury Crash,09/26/2023 06:36:00 AM,NA,PEDESTRIAN,SINGLE VEHICLE,Rain,NA,Medium,NO CONTROLS,NONE DETECTED,Unknown,No Apparent Injury,"RAIN, SNOW, WET",LOOKED BUT DID NOT SEE,WV,SCHOOL BUS,SLOWING OR STOPPING,5,No,2016,THOM,BU,39.226275,-77.27242833,2023,9,6
230056886,Injury Crash,09/26/2023 06:00:00 AM,W DIAMOND AVE,NA,STRAIGHT MOVEMENT ANGLE,Rain,WET,Medium,TRAFFIC SIGNAL,NONE DETECTED,No,Possible Minor Injury,"RAIN, SNOW, WET",NOT DISTRACTED,MD,PASSENGER CAR,MOVING CONSTANT SPEED,35,No,2011,TOYOTA,UT,39.14149912,-77.21764047,2023,9,6
230056886,Injury Crash,09/26/2023 06:00:00 AM,W DIAMOND AVE,NA,STRAIGHT MOVEMENT ANGLE,Rain,WET,Medium,TRAFFIC SIGNAL,NONE DETECTED,No,Possible Minor Injury,"RAIN, SNOW, WET",NOT DISTRACTED,MD,PASSENGER CAR,MOVING CONSTANT SPEED,35,No,2023,TOYT,PK,39.14149912,-77.21764047,2023,9,6
230056886,Injury Crash,09/26/2023 06:00:00 AM,W DIAMOND AVE,NA,STRAIGHT MOVEMENT ANGLE,Rain,WET,Medium,TRAFFIC SIGNAL,NONE DETECTED,Yes,Possible Minor Injury,"RAIN, SNOW, WET",LOOKED BUT DID NOT SEE,MD,PASSENGER CAR,MAKING LEFT TURN,35,No,2023,TOYOTA,S4,39.14149912,-77.21764047,2023,9,6
230056884,Injury Crash,09/26/2023 05:30:00 AM,CONNECTICUT AVE,NA,HEAD ON,Rain,WET,Medium,FLASHING TRAFFIC SIGNAL,NONE DETECTED,Yes,Possible Minor Injury,N/A,NOT DISTRACTED,MD,PICKUP TRUCK,MAKING RIGHT TURN,20,No,2022,TOYT,PK,39.06359333,-77.073635,2023,9,5
230056884,Injury Crash,09/26/2023 05:30:00 AM,CONNECTICUT AVE,NA,HEAD ON,Rain,WET,Medium,FLASHING TRAFFIC SIGNAL,NONE DETECTED,No,No Apparent Injury,N/A,NOT DISTRACTED,MD,PICKUP TRUCK,MOVING CONSTANT SPEED,35,No,1999,MAZD,TK,39.06359333,-77.073635,2023,9,5
230057607,Property Damage Crash,09/26/2023 04:30:00 AM,NA,NA,OTHER,Rain,NA,Dark,N/A,NONE DETECTED,Yes,No Apparent Injury,"RAIN, SNOW, WET",UNKNOWN,MD,POLICE VEHICLE/NON EMERGENCY,BACKING,0,No,2014,DODGE,CHARGER,39.1022595,-77.13508479,2023,9,4
230056878,Property Damage Crash,09/26/2023 02:16:00 AM,E RANDOLPH RD,NA,SINGLE VEHICLE,Rain,WET,Medium,TRAFFIC SIGNAL,NONE DETECTED,Unknown,No Apparent Injury,"RAIN, SNOW, WET",LOOKED BUT DID NOT SEE,MD,PASSENGER CAR,MOVING CONSTANT SPEED,35,No,2004,FORD,VAN,39.0625485,-76.96271283,2023,9,2
230056561,Injury Crash,09/26/2023 12:33:00 AM,ASTON MANOR DR,NA,SAME DIRECTION RIGHT TURN,Rain,WET,Medium,NO CONTROLS,DRUG PRESENT,No,No Apparent Injury,"RAIN, SNOW, WET",UNKNOWN,MD,PASSENGER CAR,MAKING LEFT TURN,35,No,2018,VOLVO,S90,39.07725252,-76.93851218,2023,9,0
230056561,Injury Crash,09/26/2023 12:33:00 AM,ASTON MANOR DR,NA,SAME DIRECTION RIGHT TURN,Rain,WET,Medium,NO CONTROLS,DRUG PRESENT,Yes,Possible Minor Injury,"RAIN, SNOW, WET",NOT DISTRACTED,MD,PASSENGER CAR,PASSING,35,No,2014,HONDA,ACCORD,39.07725252,-76.93851218,2023,9,0
230056855,Property Damage Crash,09/25/2023 07:00:00 PM,CHRISTOPHER AVE,NA,STRAIGHT MOVEMENT ANGLE,Rain,WET,Medium,STOP SIGN,NONE DETECTED,Unknown,No Apparent Injury,"N/A, SLEET, HAIL, FREEZ. RAIN",UNKNOWN,NA,NA,MOVING CONSTANT SPEED,30,No,0,UNKNOWN,UNKNOWN,39.156695,-77.21511,2023,9,19
230056855,Property Damage Crash,09/25/2023 07:00:00 PM,CHRISTOPHER AVE,NA,STRAIGHT MOVEMENT ANGLE,Rain,WET,Medium,STOP SIGN,NONE DETECTED,No,No Apparent Injury,"N/A, SLEET, HAIL, FREEZ. RAIN",NOT DISTRACTED,MD,PASSENGER CAR,STOPPED IN TRAFFIC LANE,30,No,2018,BMW,X2,39.156695,-77.21511,2023,9,19
230056852,Property Damage Crash,09/25/2023 06:57:00 PM,WOOTTON PKWY,NA,SAME DIR REAR END,Rain,WET,Medium,TRAFFIC SIGNAL,NONE DETECTED,Yes,No Apparent Injury,"RAIN, SNOW, WET",LOOKED BUT DID NOT SEE,MD,PASSENGER CAR,SLOWING OR STOPPING,40,No,2015,FORD,TK,39.06709775,-77.15015843,2023,9,18
230056852,Property Damage Crash,09/25/2023 06:57:00 PM,WOOTTON PKWY,NA,SAME DIR REAR END,Rain,WET,Medium,TRAFFIC SIGNAL,NONE DETECTED,No,No Apparent Injury,"RAIN, SNOW, WET",NOT DISTRACTED,MD,PASSENGER CAR,STOPPED IN TRAFFIC LANE,40,No,2017,SUBA,SW,39.06709775,-77.15015843,2023,9,18
230056846,Property Damage Crash,09/25/2023 06:25:00 PM,JONES BRIDGE RD,NA,SAME DIR REAR END,Cloudy,WET,Daylight,TRAFFIC SIGNAL,NONE DETECTED,Yes,No Apparent Injury,"N/A, WET",LOOKED BUT DID NOT SEE,MD,VAN,ACCELERATING,30,No,2015,RAM,PROMASTER 2500,38.99682552,-77.09592239,2023,9,18
230056846,Property Damage Crash,09/25/2023 06:25:00 PM,JONES BRIDGE RD,NA,SAME DIR REAR END,Cloudy,WET,Daylight,TRAFFIC SIGNAL,NONE DETECTED,No,No Apparent Injury,"N/A, WET",NOT DISTRACTED,MD,PASSENGER CAR,STOPPED IN TRAFFIC LANE,30,No,2017,LNDR,RANGE ROVER,38.99682552,-77.09592239,2023,9,18
230056843,Property Damage Crash,09/25/2023 06:19:00 PM,NA,NA,OTHER,Rain,NA,Daylight,N/A,NONE DETECTED,Yes,No Apparent Injury,"N/A, RAIN, SNOW",OTHER DISTRACTION,MD,PASSENGER CAR,PARKING,25,No,2018,TESLA,4S,39.04619167,-77.103105,2023,9,18
230056825,Property Damage Crash,09/25/2023 04:20:00 PM,S GLEN RD,NA,STRAIGHT MOVEMENT ANGLE,Cloudy,WET,Daylight,NO CONTROLS,NONE DETECTED,Yes,No Apparent Injury,N/A,UNKNOWN,MD,PASSENGER CAR,MOVING CONSTANT SPEED,35,No,2011,INFINITY,G37,39.03885248,-77.21720104,2023,9,16
230056815,Property Damage Crash,09/25/2023 03:39:00 PM,CLOPPER RD,NA,SAME DIR REAR END,Cloudy,DRY,Daylight,NO CONTROLS,NONE DETECTED,Yes,No Apparent Injury,N/A,NOT DISTRACTED,MD,STATION WAGON,SLOWING OR STOPPING,40,No,2006,MERCEDES,E350,39.15046517,-77.24513443,2023,9,15
230056815,Property Damage Crash,09/25/2023 03:39:00 PM,CLOPPER RD,NA,SAME DIR REAR END,Cloudy,DRY,Daylight,NO CONTROLS,NONE DETECTED,No,No Apparent Injury,N/A,NOT DISTRACTED,MD,PICKUP TRUCK,SLOWING OR STOPPING,40,No,2013,GMC,SIERRA,39.15046517,-77.24513443,2023,9,15
230056802,Property Damage Crash,09/25/2023 02:49:00 PM,SHADY GROVE RD,NA,SAME DIRECTION SIDESWIPE,Cloudy,DRY,Daylight,NO CONTROLS,NONE DETECTED,Yes,No Apparent Injury,N/A,NOT DISTRACTED,MD,FIRE VEHICLE/NON EMERGENCY,STARTING FROM LANE,40,No,2009,SPARTAN,FIRE TRUCK,39.14840495,-77.14729482,2023,9,14
230056802,Property Damage Crash,09/25/2023 02:49:00 PM,SHADY GROVE RD,NA,SAME DIRECTION SIDESWIPE,Cloudy,DRY,Daylight,NO CONTROLS,NONE DETECTED,No,No Apparent Injury,N/A,NOT DISTRACTED,MD,VAN,STOPPED IN TRAFFIC LANE,40,No,2007,FORD,FED EX,39.14840495,-77.14729482,2023,9,14
230056779,Property Damage Crash,09/25/2023 01:19:00 PM,ROCKVILLE PIKE,NA,SAME DIR REAR END,Cloudy,DRY,Daylight,N/A,NONE DETECTED,No,No Apparent Injury,N/A,NOT DISTRACTED,MD,PASSENGER CAR,SLOWING OR STOPPING,35,No,2003,MERCEDES,E320,39.08136873,-77.14656839,2023,9,13
230056779,Property Damage Crash,09/25/2023 01:19:00 PM,ROCKVILLE PIKE,NA,SAME DIR REAR END,Cloudy,DRY,Daylight,N/A,NONE DETECTED,Yes,No Apparent Injury,N/A,UNKNOWN,VA,PASSENGER CAR,MOVING CONSTANT SPEED,35,No,2021,HONDA,CIVIC,39.08136873,-77.14656839,2023,9,13
230056772,Injury Crash,09/25/2023 01:02:00 PM,N LEISURE WORLD BLVD,NA,SINGLE VEHICLE,Cloudy,WET,Daylight,NO CONTROLS,NONE DETECTED,Yes,Possible Minor Injury,"N/A, WET",UNKNOWN,MD,PASSENGER CAR,MOVING CONSTANT SPEED,10,No,2016,HONDA,CR-V,39.10569833,-77.058965,2023,9,13
230056764,Injury Crash,09/25/2023 12:16:00 PM,GEORGIA AVE,NA,STRAIGHT MOVEMENT ANGLE,Clear,DRY,Daylight,TRAFFIC SIGNAL,NONE DETECTED,No,No Apparent Injury,N/A,NOT DISTRACTED,MD,PASSENGER CAR,MAKING LEFT TURN,35,No,2021,DODGE,CHARGER,39.05756017,-77.05012,2023,9,12
230056764,Injury Crash,09/25/2023 12:16:00 PM,GEORGIA AVE,NA,STRAIGHT MOVEMENT ANGLE,Clear,DRY,Daylight,TRAFFIC SIGNAL,NONE DETECTED,Yes,Possible Minor Injury,N/A,INATTENTIVE OR LOST IN THOUGHT,MD,PASSENGER CAR,MAKING LEFT TURN,35,No,2006,TOYTA,COROLLA,39.05756017,-77.05012,2023,9,12
230056760,Property Damage Crash,09/25/2023 11:46:00 AM,OLD GEORGETOWN RD,NA,SAME DIR REAR END,Cloudy,DRY,Daylight,TRAFFIC SIGNAL,NONE DETECTED,Yes,No Apparent Injury,N/A,UNKNOWN,MD,PASSENGER CAR,MOVING CONSTANT SPEED,35,No,2017,HONDA,CIVIC,38.992818,-77.1073045,2023,9,11
230056760,Property Damage Crash,09/25/2023 11:46:00 AM,OLD GEORGETOWN RD,NA,SAME DIR REAR END,Cloudy,DRY,Daylight,TRAFFIC SIGNAL,NONE DETECTED,No,No Apparent Injury,N/A,NOT DISTRACTED,MD,PICKUP TRUCK,SLOWING OR STOPPING,35,No,2008,TOYOTA,TACOMA,38.992818,-77.1073045,2023,9,11
230056756,Injury Crash,09/25/2023 11:38:00 AM,VEIRS MILL RD,NA,STRAIGHT MOVEMENT ANGLE,Cloudy,DRY,Daylight,TRAFFIC SIGNAL,NONE DETECTED,No,Possible Minor Injury,N/A,NOT DISTRACTED,MD,PASSENGER CAR,MOVING CONSTANT SPEED,40,No,2010,ACURA,4S,39.07364217,-77.11202217,2023,9,11
230056756,Injury Crash,09/25/2023 11:38:00 AM,VEIRS MILL RD,NA,STRAIGHT MOVEMENT ANGLE,Cloudy,DRY,Daylight,TRAFFIC SIGNAL,NONE DETECTED,Yes,No Apparent Injury,N/A,NOT DISTRACTED,MD,PASSENGER CAR,MAKING LEFT TURN,40,No,2021,HOND,UT,39.07364217,-77.11202217,2023,9,11
230056763,Property Damage Crash,09/25/2023 11:14:00 AM,CONNECTICUT AVE,NA,SAME DIRECTION SIDESWIPE,Cloudy,DRY,Daylight,TRAFFIC SIGNAL,NONE DETECTED,No,No Apparent Injury,N/A,DISTRACTED BY OUTSIDE PERSON OBJECT OR EVENT,DC,VAN,STOPPED IN TRAFFIC LANE,35,No,2022,TOYOTA,SIENNA,39.00088033,-77.07688067,2023,9,11
230056763,Property Damage Crash,09/25/2023 11:14:00 AM,CONNECTICUT AVE,NA,SAME DIRECTION SIDESWIPE,Cloudy,DRY,Daylight,TRAFFIC SIGNAL,NONE DETECTED,Yes,No Apparent Injury,N/A,DISTRACTED BY OUTSIDE PERSON OBJECT OR EVENT,MD,TRUCK TRACTOR,STARTING FROM LANE,30,No,2020,INTERNATIONAL,TRUCK,39.00088033,-77.07688067,2023,9,11
230057131,Property Damage Crash,09/25/2023 10:38:00 AM,NA,NA,OPPOSITE DIRECTION SIDESWIPE,Clear,NA,Daylight,N/A,NONE DETECTED,Yes,No Apparent Injury,N/A,UNKNOWN,MD,VAN,PARKING,0,No,2014,DODGE,RAM,39.101098,-77.192095,2023,9,10
230058236,Property Damage Crash,09/25/2023 10:00:00 AM,NA,NA,OTHER,Cloudy,NA,Daylight,N/A,NONE DETECTED,Yes,No Apparent Injury,N/A,UNKNOWN,NA,UNKNOWN,BACKING,5,No,0,UNKNOWN,UNKNOWN,39.01250617,-77.07442483,2023,9,10
230056733,Injury Crash,09/25/2023 09:45:00 AM,GEORGIA AVE,NA,SAME DIR REAR END,Cloudy,DRY,Daylight,TRAFFIC SIGNAL,NONE DETECTED,No,No Apparent Injury,N/A,NOT DISTRACTED,MD,VAN,STOPPED IN TRAFFIC LANE,50,No,2016,FORD,VAN,39.12666833,-77.07220667,2023,9,9
230056733,Injury Crash,09/25/2023 09:45:00 AM,GEORGIA AVE,NA,SAME DIR REAR END,Cloudy,DRY,Daylight,TRAFFIC SIGNAL,NONE DETECTED,Yes,No Apparent Injury,N/A,NOT DISTRACTED,MD,(SPORT) UTILITY VEHICLE,ACCELERATING,50,No,2018,DDOGE,JOURNEY,39.12666833,-77.07220667,2023,9,9
230056729,Property Damage Crash,09/25/2023 08:53:00 AM,NA,NA,SAME DIR REAR END,Clear,NA,Daylight,N/A,NONE DETECTED,Yes,No Apparent Injury,N/A,UNKNOWN,NA,(SPORT) UTILITY VEHICLE,N/A,10,Unknown,2008,HONDA,ELEMENT,39.064305,-77.052285,2023,9,8
230056726,Injury Crash,09/25/2023 08:42:00 AM,VEIRS MILL RD,NA,SINGLE VEHICLE,Cloudy,DRY,Daylight,NO CONTROLS,NONE DETECTED,Yes,Possible Minor Injury,N/A,NOT DISTRACTED,MD,(SPORT) UTILITY VEHICLE,MOVING CONSTANT SPEED,45,No,2017,NISSAN,ROGUE,39.06381117,-77.095694,2023,9,8
230056725,Property Damage Crash,09/25/2023 08:10:00 AM,LUTES DR,NA,OTHER,Clear,DRY,Daylight,NO CONTROLS,NONE DETECTED,No,No Apparent Injury,N/A,NOT DISTRACTED,MD,PASSENGER CAR,SLOWING OR STOPPING,15,No,2020,NISS,HB,39.0726965,-77.052052,2023,9,8
230056725,Property Damage Crash,09/25/2023 08:10:00 AM,LUTES DR,NA,OTHER,Clear,DRY,Daylight,NO CONTROLS,NONE DETECTED,Yes,No Apparent Injury,N/A,LOOKED BUT DID NOT SEE,MD,PASSENGER CAR,OTHER,15,No,2020,JOHN DEERE,MOWER,39.0726965,-77.052052,2023,9,8
230056721,Property Damage Crash,09/25/2023 07:47:00 AM,LAYHILL RD,NA,SAME DIR REAR END,Clear,DRY,Daylight,NO CONTROLS,NONE DETECTED,No,No Apparent Injury,N/A,NOT DISTRACTED,MD,(SPORT) UTILITY VEHICLE,SLOWING OR STOPPING,35,No,2019,HONDA,CRV,39.11787333,-77.03638,2023,9,7
230056721,Property Damage Crash,09/25/2023 07:47:00 AM,LAYHILL RD,NA,SAME DIR REAR END,Clear,DRY,Daylight,NO CONTROLS,NONE DETECTED,No,No Apparent Injury,N/A,NOT DISTRACTED,MD,PASSENGER CAR,SLOWING OR STOPPING,35,No,2015,TOYT,SD,39.11787333,-77.03638,2023,9,7
230056721,Property Damage Crash,09/25/2023 07:47:00 AM,LAYHILL RD,NA,SAME DIR REAR END,Clear,DRY,Daylight,NO CONTROLS,NONE DETECTED,No,No Apparent Injury,N/A,NOT DISTRACTED,MD,PASSENGER CAR,SLOWING OR STOPPING,35,No,2009,HOND,UT,39.11787333,-77.03638,2023,9,7
230056721,Property Damage Crash,09/25/2023 07:47:00 AM,LAYHILL RD,NA,SAME DIR REAR END,Clear,DRY,Daylight,NO CONTROLS,NONE DETECTED,Yes,No Apparent Injury,N/A,NOT DISTRACTED,MD,PASSENGER CAR,SLOWING OR STOPPING,35,No,2005,LEXUS,ES 330,39.11787333,-77.03638,2023,9,7
230056697,Property Damage Crash,09/25/2023 01:05:00 AM,WOOTTON PKWY,NA,SINGLE VEHICLE,Clear,WET,Medium,NO CONTROLS,NONE DETECTED,Yes,No Apparent Injury,N/A,NOT DISTRACTED,MD,PASSENGER CAR,MOVING CONSTANT SPEED,30,No,1999,HONDA,4DR,39.07569026,-77.14021651,2023,9,1
230056693,Property Damage Crash,09/25/2023 12:05:00 AM,CLUB VIEW DR,NA,STRAIGHT MOVEMENT ANGLE,Rain,WET,Dark,NO CONTROLS,NONE DETECTED,Yes,No Apparent Injury,"RAIN, SNOW, WET",NOT DISTRACTED,MD,PASSENGER CAR,MOVING CONSTANT SPEED,30,No,2014,FORD,ESCAPE,39.25280067,-77.20484233,2023,9,0
230056691,Property Damage Crash,09/24/2023 11:58:00 PM,GEORGIA AVE,NA,SAME DIR REAR END,Clear,WET,Medium,TRAFFIC SIGNAL,NONE DETECTED,Yes,No Apparent Injury,"N/A, WET",UNKNOWN,MD,PASSENGER CAR,MOVING CONSTANT SPEED,25,No,2010,TOYT,4S,39.0471255,-77.05178717,2023,9,23
230056691,Property Damage Crash,09/24/2023 11:58:00 PM,GEORGIA AVE,NA,SAME DIR REAR END,Clear,WET,Medium,TRAFFIC SIGNAL,NONE DETECTED,No,No Apparent Injury,"N/A, WET",NOT DISTRACTED,MD,PASSENGER CAR,STOPPED IN TRAFFIC LANE,25,No,2011,ACUR,UT,39.0471255,-77.05178717,2023,9,23
230056691,Property Damage Crash,09/24/2023 11:58:00 PM,GEORGIA AVE,NA,SAME DIR REAR END,Clear,WET,Medium,TRAFFIC SIGNAL,NONE DETECTED,No,No Apparent Injury,"N/A, WET",NOT DISTRACTED,MD,PASSENGER CAR,STOPPED IN TRAFFIC LANE,25,No,2021,TOYT,UT,39.0471255,-77.05178717,2023,9,23
230056685,Property Damage Crash,09/24/2023 09:47:00 PM,RANDOLPH RD,NA,SAME DIRECTION SIDESWIPE,Clear,DRY,Medium,N/A,NONE DETECTED,No,No Apparent Injury,N/A,NOT DISTRACTED,MD,PASSENGER CAR,MOVING CONSTANT SPEED,35,No,2019,TOYT,COROLLA,39.06350333,-77.03891,2023,9,21
230056685,Property Damage Crash,09/24/2023 09:47:00 PM,RANDOLPH RD,NA,SAME DIRECTION SIDESWIPE,Clear,DRY,Medium,N/A,NONE DETECTED,Yes,No Apparent Injury,N/A,NOT DISTRACTED,MD,PASSENGER CAR,MOVING CONSTANT SPEED,35,No,2009,FORD,ECONOLINE,39.06350333,-77.03891,2023,9,21
230056679,Property Damage Crash,09/24/2023 07:35:00 PM,OLD HUNDRED RD,NA,SINGLE VEHICLE,Rain,WET,Dark,NO CONTROLS,NONE DETECTED,No,No Apparent Injury,"RAIN, SNOW, WET",NOT DISTRACTED,MD,PASSENGER CAR,MOVING CONSTANT SPEED,40,No,2008,CHEVROLET,MALIBU,39.263405,-77.34409667,2023,9,19
230058875,Injury Crash,09/24/2023 07:32:00 PM,ROCKVILLE PIKE,PEDESTRIAN,SAME DIRECTION RIGHT TURN,Rain,UNKNOWN,Medium,TRAFFIC SIGNAL,NONE DETECTED,Unknown,No Apparent Injury,"RAIN, SNOW, WET",UNKNOWN,NA,NA,MAKING RIGHT TURN,35,No,0,UNKNOWN,UNKNOWN,39.08042559,-77.14398765,2023,9,19
230056674,Property Damage Crash,09/24/2023 07:32:00 PM,COLUMBIA PIKE,NA,SINGLE VEHICLE,Rain,WET,Medium,TRAFFIC SIGNAL,NONE DETECTED,Yes,No Apparent Injury,N/A,UNKNOWN,MD,PASSENGER CAR,MOVING CONSTANT SPEED,40,No,2015,NISSAN,ALTIMA,39.03117643,-77.00472908,2023,9,19
23005661,Property Damage Crash,09/24/2023 05:34:00 PM,GREAT SENECA HWY,NA,STRAIGHT MOVEMENT ANGLE,Rain,WET,Daylight,TRAFFIC SIGNAL,NONE DETECTED,Unknown,No Apparent Injury,"N/A, WET",UNKNOWN,MD,PASSENGER CAR,MOVING CONSTANT SPEED,25,No,2015,KIA,TK,39.13315003,-77.24477766,2023,9,17
23005661,Property Damage Crash,09/24/2023 05:34:00 PM,GREAT SENECA HWY,NA,STRAIGHT MOVEMENT ANGLE,Rain,WET,Daylight,TRAFFIC SIGNAL,NONE DETECTED,Unknown,No Apparent Injury,"N/A, WET",UNKNOWN,MD,PASSENGER CAR,UNKNOWN,50,No,2016,NISSAN,ROGUE,39.13315003,-77.24477766,2023,9,17
230056660,Property Damage Crash,09/24/2023 05:30:00 PM,COLUMBIA PIKE,NA,OTHER,Rain,WET,Daylight,NO CONTROLS,NONE DETECTED,No,No Apparent Injury,N/A,NOT DISTRACTED,MD,TRANSIT BUS,NEGOTIATING A CURVE,55,No,2020,NOVB,BU,39.08360967,-76.94825533,2023,9,17
230056660,Property Damage Crash,09/24/2023 05:30:00 PM,COLUMBIA PIKE,NA,OTHER,Rain,WET,Daylight,NO CONTROLS,NONE DETECTED,Yes,No Apparent Injury,N/A,LOOKED BUT DID NOT SEE,MD,PASSENGER CAR,NEGOTIATING A CURVE,55,No,2022,HOND,UT,39.08360967,-76.94825533,2023,9,17
230056657,Property Damage Crash,09/24/2023 04:50:00 PM,CONNECTICUT AVE,NA,SAME DIR REAR END,Rain,WET,Daylight,NO CONTROLS,NONE DETECTED,Yes,No Apparent Injury,"N/A, WET",UNKNOWN,MD,PASSENGER CAR,SLOWING OR STOPPING,35,No,2001,TOYT,AVALON,39.00294733,-77.07719917,2023,9,16
230056657,Property Damage Crash,09/24/2023 04:50:00 PM,CONNECTICUT AVE,NA,SAME DIR REAR END,Rain,WET,Daylight,NO CONTROLS,NONE DETECTED,No,No Apparent Injury,"N/A, WET",NOT DISTRACTED,MD,PASSENGER CAR,STOPPED IN TRAFFIC LANE,35,No,2023,HYUN,PALISADE,39.00294733,-77.07719917,2023,9,16
230056654,Property Damage Crash,09/24/2023 04:40:00 PM,WATKINS MILL RD,NA,OTHER,Rain,WET,Daylight,NO CONTROLS,NONE DETECTED,Yes,No Apparent Injury,"SLEET, HAIL, FREEZ. RAIN, WET",UNKNOWN,MD,PASSENGER CAR,MOVING CONSTANT SPEED,35,No,2006,INFI,4S,39.18988546,-77.22054867,2023,9,16
230056658,Property Damage Crash,09/24/2023 04:37:00 PM,GEORGIA AVE,NA,SAME DIRECTION SIDESWIPE,Rain,WET,Daylight,NO CONTROLS,NONE DETECTED,No,No Apparent Injury,"RAIN, SNOW, WET",NOT DISTRACTED,MD,PASSENGER CAR,MOVING CONSTANT SPEED,25,No,2017,TOYOTA,COROLLA,39.04219333,-77.05207,2023,9,16
230056658,Property Damage Crash,09/24/2023 04:37:00 PM,GEORGIA AVE,NA,SAME DIRECTION SIDESWIPE,Rain,WET,Daylight,NO CONTROLS,NONE DETECTED,No,No Apparent Injury,"RAIN, SNOW, WET",NOT DISTRACTED,MD,PASSENGER CAR,MOVING CONSTANT SPEED,25,No,2018,FORD,EXPLORER,39.04219333,-77.05207,2023,9,16
230056658,Property Damage Crash,09/24/2023 04:37:00 PM,GEORGIA AVE,NA,SAME DIRECTION SIDESWIPE,Rain,WET,Daylight,NO CONTROLS,NONE DETECTED,Yes,No Apparent Injury,"RAIN, SNOW, WET",UNKNOWN,NA,PASSENGER CAR,CHANGING LANES,25,No,2015,CHEVY,EQUINOX,39.04219333,-77.05207,2023,9,16
230056652,Property Damage Crash,09/24/2023 04:26:00 PM,COLUMBIA PIKE,NA,SAME DIR REAR END,Cloudy,WET,Daylight,NO CONTROLS,NONE DETECTED,Yes,No Apparent Injury,"N/A, WET",UNKNOWN,MD,(SPORT) UTILITY VEHICLE,SLOWING OR STOPPING,50,No,2011,NISS,ROGUE,39.06335283,-76.96224633,2023,9,16
230056652,Property Damage Crash,09/24/2023 04:26:00 PM,COLUMBIA PIKE,NA,SAME DIR REAR END,Cloudy,WET,Daylight,NO CONTROLS,NONE DETECTED,No,No Apparent Injury,"N/A, WET",NOT DISTRACTED,MD,PASSENGER CAR,MOVING CONSTANT SPEED,50,No,2015,TOYT,COROLLA,39.06335283,-76.96224633,2023,9,16
230056651,Property Damage Crash,09/24/2023 03:57:00 PM,NEW HAMPSHIRE AVE,NA,SAME DIR REAR END,Clear,WET,Daylight,TRAFFIC SIGNAL,NONE DETECTED,Yes,No Apparent Injury,"N/A, WET",UNKNOWN,NA,PASSENGER CAR,MOVING CONSTANT SPEED,35,No,2005,FORD,MUSTANG,38.98327304,-76.98831588,2023,9,15
230056651,Property Damage Crash,09/24/2023 03:57:00 PM,NEW HAMPSHIRE AVE,NA,SAME DIR REAR END,Clear,WET,Daylight,TRAFFIC SIGNAL,NONE DETECTED,No,No Apparent Injury,"N/A, WET",NOT DISTRACTED,MD,PASSENGER CAR,ACCELERATING,35,No,2021,TOYT,SD,38.98327304,-76.98831588,2023,9,15
230056640,Property Damage Crash,09/24/2023 03:10:00 PM,TUCKERMAN LA,NA,SINGLE VEHICLE,Rain,WET,Daylight,N/A,NONE DETECTED,Yes,No Apparent Injury,"SLEET, HAIL, FREEZ. RAIN, WET",UNKNOWN,MD,PASSENGER CAR,MOVING CONSTANT SPEED,35,No,2016,RAM,PK,39.03249,-77.119765,2023,9,15
230056636,Property Damage Crash,09/24/2023 02:24:00 PM,BRINK RD,NA,SINGLE VEHICLE,Rain,WET,Daylight,NO CONTROLS,NONE DETECTED,Yes,No Apparent Injury,"N/A, WET",NOT DISTRACTED,MD,PASSENGER CAR,SKIDDING,25,No,2014,BMW,328D,39.20549267,-77.18646317,2023,9,14
230056633,Property Damage Crash,09/24/2023 02:14:00 PM,BEL PRE RD,NA,SAME DIR REAR END,Rain,WET,Daylight,PERSON,NONE DETECTED,Yes,No Apparent Injury,"RAIN, SNOW, WET",NOT DISTRACTED,MD,PASSENGER CAR,SLOWING OR STOPPING,35,No,2006,VOLKSWA,JETTA,39.090385,-77.05255,2023,9,14