Local Case Number,ACRS Report Type,Crash Date/Time,Road Name,Related Non-Motorist,Collision Type,Weather,Surface Condition,Light,Traffic Control,Driver Substance Abuse,Driver At Fault,Injury Severity,Circumstance,Driver Distracted By,Drivers License State,Vehicle Body Type,Vehicle Movement,Speed Limit,Driverless Vehicle,Vehicle Year,Vehicle Make,Vehicle Model,Latitude,Longitude,Year,Month,Hour
230056633,Property Damage Crash,09/24/2023 02:14:00 PM,BEL PRE RD,NA,SAME DIR REAR END,Rain,WET,Daylight,PERSON,NONE DETECTED,No,No Apparent Injury,"RAIN, SNOW, WET",NOT DISTRACTED,CA,PASSENGER CAR,SLOWING OR STOPPING,35,No,2022,FORD,BRONCO,39.090385,-77.05255,2023,9,14
230056629,Injury Crash,09/24/2023 01:40:00 PM,LOCKWOOD DR,NA,SAME DIR REAR END,Cloudy,WET,Daylight,NO CONTROLS,NONE DETECTED,Yes,Possible Minor Injury,"RAIN, SNOW, WET",NOT DISTRACTED,MD,VAN,SLOWING OR STOPPING,30,No,2006,HONDA,ODYSSEY,39.037779,-76.9945165,2023,9,13
230056629,Injury Crash,09/24/2023 01:40:00 PM,LOCKWOOD DR,NA,SAME DIR REAR END,Cloudy,WET,Daylight,NO CONTROLS,NONE DETECTED,No,No Apparent Injury,"RAIN, SNOW, WET",NOT DISTRACTED,MD,(SPORT) UTILITY VEHICLE,MOVING CONSTANT SPEED,30,No,2023,ACURA,MDX,39.037779,-76.9945165,2023,9,13
230056626,Property Damage Crash,09/24/2023 01:30:00 PM,RIVER RD,NA,SAME DIR REAR END,Clear,WET,Daylight,TRAFFIC SIGNAL,NONE DETECTED,Yes,No Apparent Injury,"N/A, WET",NOT DISTRACTED,MD,PASSENGER CAR,SLOWING OR STOPPING,35,No,2011,MINI,COOPER,38.98623283,-77.14351467,2023,9,13
230056626,Property Damage Crash,09/24/2023 01:30:00 PM,RIVER RD,NA,SAME DIR REAR END,Clear,WET,Daylight,TRAFFIC SIGNAL,NONE DETECTED,No,No Apparent Injury,"N/A, WET",NOT DISTRACTED,MD,PASSENGER CAR,SLOWING OR STOPPING,35,No,2019,FORD,EDGE,38.98623283,-77.14351467,2023,9,13
230056626,Property Damage Crash,09/24/2023 01:30:00 PM,RIVER RD,NA,SAME DIR REAR END,Clear,WET,Daylight,TRAFFIC SIGNAL,NONE DETECTED,No,No Apparent Injury,"N/A, WET",NOT DISTRACTED,MD,PASSENGER CAR,SLOWING OR STOPPING,35,No,2010,CHEVY,COBALT,38.98623283,-77.14351467,2023,9,13
230056630,Property Damage Crash,09/24/2023 01:30:00 PM,AIRPARK RD,NA,SINGLE VEHICLE,Cloudy,WET,Daylight,N/A,NONE DETECTED,Yes,No Apparent Injury,"N/A, WET",NOT DISTRACTED,DC,PASSENGER CAR,MOVING CONSTANT SPEED,45,No,2008,SUBARU,OUTBACK,39.15446167,-77.14196833,2023,9,13
230056627,Property Damage Crash,09/24/2023 01:25:00 PM,SUMMIT AVE,NA,SINGLE VEHICLE,Rain,WET,Daylight,N/A,NONE DETECTED,Yes,No Apparent Injury,"RAIN, SNOW, WET",LOOKED BUT DID NOT SEE,MD,PICKUP TRUCK,MOVING CONSTANT SPEED,35,No,2002,FORD,RANGER,39.023646,-77.0810655,2023,9,13
230056624,Injury Crash,09/24/2023 01:15:00 PM,WATKINS MILL RD,NA,SAME DIR REAR END,Rain,WET,Daylight,STOP SIGN,NONE DETECTED,Yes,No Apparent Injury,"RAIN, SNOW, WET",NOT DISTRACTED,MD,PASSENGER CAR,SLOWING OR STOPPING,35,No,2010,NISSAN,SENTRA,39.16178483,-77.21429583,2023,9,13
230056624,Injury Crash,09/24/2023 01:15:00 PM,WATKINS MILL RD,NA,SAME DIR REAR END,Rain,WET,Daylight,STOP SIGN,NONE DETECTED,No,Possible Minor Injury,"RAIN, SNOW, WET",NOT DISTRACTED,MD,PASSENGER CAR,SLOWING OR STOPPING,35,No,2023,HONDA,HRV,39.16178483,-77.21429583,2023,9,13
230056622,Injury Crash,09/24/2023 12:50:00 PM,WEST OLD BALTIMORE RD,NA,SINGLE VEHICLE,Rain,WET,Daylight,NO CONTROLS,NONE DETECTED,No,Possible Minor Injury,"RAIN, SNOW, WET",NOT DISTRACTED,MD,PASSENGER CAR,MOVING CONSTANT SPEED,35,No,2017,FORD,ESCAPE,39.21423591,-77.28055196,2023,9,12
230056621,Injury Crash,09/24/2023 12:42:00 PM,RANDOLPH RD,NA,SAME DIRECTION SIDESWIPE,Rain,WET,Daylight,NO CONTROLS,NONE DETECTED,No,No Apparent Injury,"SLEET, HAIL, FREEZ. RAIN, WET",NOT DISTRACTED,MD,PASSENGER CAR,MOVING CONSTANT SPEED,35,No,2012,HOND,CIVIC,39.05778733,-77.0536,2023,9,12
230056621,Injury Crash,09/24/2023 12:42:00 PM,RANDOLPH RD,NA,SAME DIRECTION SIDESWIPE,Rain,WET,Daylight,NO CONTROLS,NONE DETECTED,No,No Apparent Injury,"SLEET, HAIL, FREEZ. RAIN, WET",NOT DISTRACTED,NJ,PASSENGER CAR,MOVING CONSTANT SPEED,35,No,2015,HONDA,ACCORD,39.05778733,-77.0536,2023,9,12
230056621,Injury Crash,09/24/2023 12:42:00 PM,RANDOLPH RD,NA,SAME DIRECTION SIDESWIPE,Rain,WET,Daylight,NO CONTROLS,NONE DETECTED,Yes,Possible Minor Injury,"SLEET, HAIL, FREEZ. RAIN, WET",LOOKED BUT DID NOT SEE,MD,PASSENGER CAR,MOVING CONSTANT SPEED,35,No,2020,HYUN,SD,39.05778733,-77.0536,2023,9,12
230056616,Property Damage Crash,09/24/2023 12:16:00 PM,CLOPPER RD,NA,HEAD ON LEFT TURN,Rain,WET,Daylight,TRAFFIC SIGNAL,NONE DETECTED,Yes,No Apparent Injury,"RAIN, SNOW, WET",LOOKED BUT DID NOT SEE,MD,PASSENGER CAR,MAKING LEFT TURN,35,No,2014,NISSAN,SENTRA,39.20274771,-77.24552401,2023,9,12
230056616,Property Damage Crash,09/24/2023 12:16:00 PM,CLOPPER RD,NA,HEAD ON LEFT TURN,Rain,WET,Daylight,TRAFFIC SIGNAL,NONE DETECTED,No,No Apparent Injury,"RAIN, SNOW, WET",NOT DISTRACTED,MD,PICKUP TRUCK,MOVING CONSTANT SPEED,35,No,2022,TOYOTA,TACOMA,39.20274771,-77.24552401,2023,9,12
230056611,Injury Crash,09/24/2023 11:44:00 AM,RAMP 8 FR MD 187B SB TO IS 270 WB,NA,SINGLE VEHICLE,Rain,WET,Daylight,TRAFFIC SIGNAL,NONE DETECTED,Yes,Possible Minor Injury,"RAIN, SNOW, WET",UNKNOWN,VA,PASSENGER CAR,MAKING LEFT TURN,30,No,2011,TOYOTA,COROLLA,39.03165538,-77.13149462,2023,9,11
230056780,Property Damage Crash,09/24/2023 11:30:00 AM,NA,NA,UNKNOWN,Clear,NA,Daylight,NO CONTROLS,NONE DETECTED,Yes,No Apparent Injury,N/A,UNKNOWN,NA,NA,UNKNOWN,15,No,0,UNKNOWN,UNKNOWN,38.96404,-77.10766,2023,9,11
230056605,Property Damage Crash,09/24/2023 11:20:00 AM,W DIAMOND AVE,NA,SAME DIR REAR END,Rain,WET,Daylight,TRAFFIC SIGNAL,NONE DETECTED,Yes,No Apparent Injury,"RAIN, SNOW, WET",LOOKED BUT DID NOT SEE,MD,PASSENGER CAR,SLOWING OR STOPPING,25,No,2010,TOYOT,4D,39.140614,-77.2090816,2023,9,11
230056605,Property Damage Crash,09/24/2023 11:20:00 AM,W DIAMOND AVE,NA,SAME DIR REAR END,Rain,WET,Daylight,TRAFFIC SIGNAL,NONE DETECTED,No,No Apparent Injury,"RAIN, SNOW, WET",NOT DISTRACTED,MD,PASSENGER CAR,STOPPED IN TRAFFIC LANE,25,No,2017,HYUNDAI,ACCENT,39.140614,-77.2090816,2023,9,11
230056604,Property Damage Crash,09/24/2023 11:00:00 AM,BROADBIRCH DR,NA,SINGLE VEHICLE,Cloudy,WET,Daylight,NO CONTROLS,NONE DETECTED,Yes,No Apparent Injury,"RAIN, SNOW, WET",NOT DISTRACTED,MD,PASSENGER CAR,MOVING CONSTANT SPEED,30,No,2003,TOYOTA,COROLLA,39.05565433,-76.95918117,2023,9,11
230056603,Injury Crash,09/24/2023 10:49:00 AM,ARLINGTON RD,NA,SAME DIR REAR END,Rain,WET,Daylight,TRAFFIC SIGNAL,NONE DETECTED,Yes,No Apparent Injury,"RAIN, SNOW, WET",NOT DISTRACTED,MD,PASSENGER CAR,SLOWING OR STOPPING,30,No,2020,TOYOTA,COROLLA,38.97867167,-77.09883,2023,9,10
230056603,Injury Crash,09/24/2023 10:49:00 AM,ARLINGTON RD,NA,SAME DIR REAR END,Rain,WET,Daylight,TRAFFIC SIGNAL,NONE DETECTED,No,Possible Minor Injury,"RAIN, SNOW, WET",NOT DISTRACTED,US,PASSENGER CAR,STOPPED IN TRAFFIC LANE,30,No,2019,KIA,OPTIMA,38.97867167,-77.09883,2023,9,10
230056599,Injury Crash,09/24/2023 10:35:00 AM,LAKE FOREST BLVD,NA,SINGLE VEHICLE,Rain,WET,Daylight,N/A,NONE DETECTED,Yes,Possible Minor Injury,"RAIN, SNOW, WET",UNKNOWN,MD,PASSENGER CAR,MAKING LEFT TURN,25,No,2006,NISSAN,SENTRA,39.15145515,-77.20758302,2023,9,10
230056602,Property Damage Crash,09/24/2023 10:30:00 AM,COLESVILLE RD,NA,SAME DIR REAR END,Rain,WET,Daylight,N/A,NONE DETECTED,Yes,No Apparent Injury,"N/A, WET",LOOKED BUT DID NOT SEE,MD,PASSENGER CAR,MOVING CONSTANT SPEED,25,No,2016,TOYOTA,COROLLA,39.01147,-77.01730667,2023,9,10
230056602,Property Damage Crash,09/24/2023 10:30:00 AM,COLESVILLE RD,NA,SAME DIR REAR END,Rain,WET,Daylight,N/A,NONE DETECTED,No,No Apparent Injury,"N/A, WET",NOT DISTRACTED,MD,PASSENGER CAR,SLOWING OR STOPPING,25,No,2020,TOYOTA,COROLLA,39.01147,-77.01730667,2023,9,10
230056598,Injury Crash,09/24/2023 10:26:00 AM,NA,PEDESTRIAN,SINGLE VEHICLE,Cloudy,NA,Daylight,NO CONTROLS,NONE DETECTED,Unknown,No Apparent Injury,"N/A, RAIN, SNOW",LOOKED BUT DID NOT SEE,MD,PASSENGER CAR,MOVING CONSTANT SPEED,10,No,2020,TOYT,SD,39.14450453,-77.20265967,2023,9,10
230056600,Injury Crash,09/24/2023 10:19:00 AM,RANDOLPH RD,NA,STRAIGHT MOVEMENT ANGLE,Clear,DRY,Daylight,NO CONTROLS,NONE DETECTED,Yes,No Apparent Injury,N/A,NOT DISTRACTED,MD,PASSENGER CAR,MAKING LEFT TURN,35,No,2008,CHEVROLET,SILVERADO 1500,39.058568,-77.07095867,2023,9,10
230056600,Injury Crash,09/24/2023 10:19:00 AM,RANDOLPH RD,NA,STRAIGHT MOVEMENT ANGLE,Clear,DRY,Daylight,NO CONTROLS,NONE DETECTED,No,Possible Minor Injury,N/A,NOT DISTRACTED,MD,PASSENGER CAR,MOVING CONSTANT SPEED,35,No,2010,HONDA,ACCORD,39.058568,-77.07095867,2023,9,10
230056596,Injury Crash,09/24/2023 09:56:00 AM,MONTROSE PKWY,NA,OTHER,Rain,WET,Daylight,NO CONTROLS,NONE DETECTED,Yes,Possible Minor Injury,"RAIN, SNOW, WET",NOT DISTRACTED,MD,PASSENGER CAR,CHANGING LANES,35,No,2016,SUBA,LEGACY,39.05134617,-77.13422117,2023,9,9
230056595,Property Damage Crash,09/24/2023 09:48:00 AM,WOODFIELD RD,NA,STRAIGHT MOVEMENT ANGLE,Rain,WET,Daylight,FLASHING TRAFFIC SIGNAL,NONE DETECTED,Yes,No Apparent Injury,"RAIN, SNOW, WET",NOT DISTRACTED,XX,PASSENGER CAR,STARTING FROM LANE,35,No,2009,ACUR,SD,39.15840333,-77.15982,2023,9,9
230056595,Property Damage Crash,09/24/2023 09:48:00 AM,WOODFIELD RD,NA,STRAIGHT MOVEMENT ANGLE,Rain,WET,Daylight,FLASHING TRAFFIC SIGNAL,NONE DETECTED,No,No Apparent Injury,"RAIN, SNOW, WET",NOT DISTRACTED,MD,PASSENGER CAR,STARTING FROM LANE,35,No,2015,TOYOTA,VAN,39.15840333,-77.15982,2023,9,9
230056590,Property Damage Crash,09/24/2023 09:15:00 AM,RAMP 8 FR MD 650 SB TO IS 495 WB,NA,SINGLE VEHICLE,Rain,WET,Daylight,NO CONTROLS,NONE DETECTED,Yes,No Apparent Injury,"RAIN, SNOW, WET",NOT DISTRACTED,MD,PASSENGER CAR,NEGOTIATING A CURVE,25,No,2006,TOYOTA,CAMRY,39.0201805,-76.97817533,2023,9,9
230056586,Property Damage Crash,09/24/2023 08:00:00 AM,COLUMBIA PIKE,NA,HEAD ON LEFT TURN,Rain,WET,Daylight,TRAFFIC SIGNAL,NONE DETECTED,No,No Apparent Injury,"RAIN, SNOW, WET",NOT DISTRACTED,MD,"OTHER LIGHT TRUCKS (10,000LBS (4,536KG) OR LESS)",MOVING CONSTANT SPEED,40,No,2021,FORD,F450,39.04635162,-76.98693017,2023,9,8
230056586,Property Damage Crash,09/24/2023 08:00:00 AM,COLUMBIA PIKE,NA,HEAD ON LEFT TURN,Rain,WET,Daylight,TRAFFIC SIGNAL,NONE DETECTED,Yes,No Apparent Injury,"RAIN, SNOW, WET",LOOKED BUT DID NOT SEE,MD,PASSENGER CAR,MAKING LEFT TURN,30,No,2013,HYUNDAI,VELOSTER,39.04635162,-76.98693017,2023,9,8
230056583,Property Damage Crash,09/24/2023 07:00:00 AM,NA,NA,SINGLE VEHICLE,Rain,NA,Medium,NO CONTROLS,NONE DETECTED,Yes,No Apparent Injury,"N/A, RAIN, SNOW",UNKNOWN,MD,FIRE VEHICLE/EMERGENCY,NEGOTIATING A CURVE,0,No,2022,PIERCE,PIERCE,39.16906617,-77.234099,2023,9,7
230056577,Property Damage Crash,09/24/2023 06:13:00 AM,WATKINS MILL RD,NA,OTHER,Rain,WET,Medium,N/A,NONE DETECTED,Yes,No Apparent Injury,"RAIN, SNOW, WET",UNKNOWN,NA,PASSENGER CAR,UNKNOWN,30,No,2006,ACURA,4S,39.1756685,-77.209387,2023,9,6
230056576,Injury Crash,09/24/2023 05:30:00 AM,FREDERICK RD,NA,STRAIGHT MOVEMENT ANGLE,Rain,WET,Medium,TRAFFIC SIGNAL,NONE DETECTED,No,Possible Minor Injury,"RAIN, SNOW, WET",NOT DISTRACTED,MD,PASSENGER CAR,MOVING CONSTANT SPEED,35,No,2005,HONDA,ACCORD,39.15919995,-77.21912668,2023,9,5
230056576,Injury Crash,09/24/2023 05:30:00 AM,FREDERICK RD,NA,STRAIGHT MOVEMENT ANGLE,Rain,WET,Medium,TRAFFIC SIGNAL,NONE DETECTED,Yes,No Apparent Injury,"RAIN, SNOW, WET",LOOKED BUT DID NOT SEE,MD,PASSENGER CAR,MOVING CONSTANT SPEED,35,No,2019,HONDA,CIVIC,39.15919995,-77.21912668,2023,9,5
230056576,Injury Crash,09/24/2023 05:30:00 AM,FREDERICK RD,NA,STRAIGHT MOVEMENT ANGLE,Rain,WET,Medium,TRAFFIC SIGNAL,NONE DETECTED,No,No Apparent Injury,"RAIN, SNOW, WET",NOT DISTRACTED,MD,PASSENGER CAR,MOVING CONSTANT SPEED,35,No,2020,BMW,X2,39.15919995,-77.21912668,2023,9,5
230056575,Injury Crash,09/24/2023 05:10:00 AM,BARNESVILLE RD,NA,SINGLE VEHICLE,Rain,WET,Medium,NO CONTROLS,NONE DETECTED,Yes,Possible Minor Injury,"RAIN, SNOW, WET",UNKNOWN,MD,(SPORT) UTILITY VEHICLE,MOVING CONSTANT SPEED,30,No,2014,HONDA,PILOT,39.184557,-77.31343517,2023,9,5
230056569,Property Damage Crash,09/24/2023 03:30:00 AM,ROCKVILLE PIKE,NA,STRAIGHT MOVEMENT ANGLE,Rain,WET,Medium,FLASHING TRAFFIC SIGNAL,ALCOHOL PRESENT,Yes,No Apparent Injury,"RAIN, SNOW, WET",UNKNOWN,MD,PASSENGER CAR,UNKNOWN,25,No,2004,HONDA,ACCORD,38.99516433,-77.09653567,2023,9,3
230056569,Property Damage Crash,09/24/2023 03:30:00 AM,ROCKVILLE PIKE,NA,STRAIGHT MOVEMENT ANGLE,Rain,WET,Medium,FLASHING TRAFFIC SIGNAL,NONE DETECTED,No,No Apparent Injury,"RAIN, SNOW, WET",NOT DISTRACTED,MD,PASSENGER CAR,MOVING CONSTANT SPEED,25,No,2014,HYUN,SONATA,38.99516433,-77.09653567,2023,9,3
230056568,Property Damage Crash,09/24/2023 02:45:00 AM,FLOWER AVE,NA,OPPOSITE DIRECTION SIDESWIPE,Rain,WET,Dark,NO CONTROLS,NONE DETECTED,Yes,No Apparent Injury,N/A,UNKNOWN,XX,PASSENGER CAR,MAKING RIGHT TURN,25,No,2023,HYUNDAI,SANTA FE,38.9969041,-77.0034082,2023,9,2
230056568,Property Damage Crash,09/24/2023 02:45:00 AM,FLOWER AVE,NA,OPPOSITE DIRECTION SIDESWIPE,Rain,WET,Dark,NO CONTROLS,NONE DETECTED,No,No Apparent Injury,N/A,NOT DISTRACTED,MD,PASSENGER CAR,STOPPED IN TRAFFIC LANE,25,No,2011,ACURA,UT,38.9969041,-77.0034082,2023,9,2
230056564,Property Damage Crash,09/24/2023 02:12:00 AM,CLOPPER RD,NA,SINGLE VEHICLE,Rain,WET,Medium,NO CONTROLS,NONE DETECTED,Yes,No Apparent Injury,"RAIN, SNOW, WET",UNKNOWN,NA,PASSENGER CAR,MOVING CONSTANT SPEED,35,No,2017,TOYOTA,RAV4,39.15399367,-77.25028317,2023,9,2
230056562,Injury Crash,09/24/2023 01:05:00 AM,BOU AVE,NA,SINGLE VEHICLE,Rain,WET,Medium,NO CONTROLS,NONE DETECTED,Yes,No Apparent Injury,"RAIN, SNOW, WET",UNKNOWN,MD,PASSENGER CAR,MOVING CONSTANT SPEED,30,No,2019,TOYOTA,COROLLA,39.05745333,-77.11586467,2023,9,1
230056557,Property Damage Crash,09/24/2023 12:01:00 AM,SEVEN LOCKS RD,NA,HEAD ON LEFT TURN,Rain,WET,Medium,TRAFFIC SIGNAL,NONE DETECTED,Yes,No Apparent Injury,"RAIN, SNOW, WET",LOOKED BUT DID NOT SEE,VA,PASSENGER CAR,MAKING LEFT TURN,25,No,2022,KIA,TELLURIDE,39.02332667,-77.16237667,2023,9,0
230056557,Property Damage Crash,09/24/2023 12:01:00 AM,SEVEN LOCKS RD,NA,HEAD ON LEFT TURN,Rain,WET,Medium,TRAFFIC SIGNAL,NONE DETECTED,No,No Apparent Injury,"RAIN, SNOW, WET",NOT DISTRACTED,MD,PASSENGER CAR,MOVING CONSTANT SPEED,35,No,2012,MERZ,4S,39.02332667,-77.16237667,2023,9,0
230056555,Property Damage Crash,09/23/2023 11:21:00 PM,EISENHOWER MEMORIAL HWY,NA,SAME DIR REAR END,Rain,WET,Medium,NO CONTROLS,NONE DETECTED,Yes,No Apparent Injury,"RAIN, SNOW, WET",LOOKED BUT DID NOT SEE,MD,PASSENGER CAR,SLOWING OR STOPPING,55,No,2023,KIA,SORENTO,39.14111635,-77.21265269,2023,9,23
230056555,Property Damage Crash,09/23/2023 11:21:00 PM,EISENHOWER MEMORIAL HWY,NA,SAME DIR REAR END,Rain,WET,Medium,NO CONTROLS,NONE DETECTED,No,No Apparent Injury,"RAIN, SNOW, WET",NOT DISTRACTED,MD,PASSENGER CAR,MOVING CONSTANT SPEED,55,No,2012,HONDA,CIVIC,39.14111635,-77.21265269,2023,9,23
230056555,Property Damage Crash,09/23/2023 11:21:00 PM,EISENHOWER MEMORIAL HWY,NA,SAME DIR REAR END,Rain,WET,Medium,NO CONTROLS,NONE DETECTED,No,No Apparent Injury,"RAIN, SNOW, WET",UNKNOWN,NA,NA,UNKNOWN,55,No,0,UNKNOWN,UNKNOWN,39.14111635,-77.21265269,2023,9,23
230056553,Property Damage Crash,09/23/2023 11:06:00 PM,NA,NA,OTHER,Rain,NA,Medium,NO CONTROLS,NONE DETECTED,No,No Apparent Injury,"SLEET, HAIL, FREEZ. RAIN, WET",NOT DISTRACTED,MD,SCHOOL BUS,PARKED,5,No,2018,THMS,BUS,39.17314833,-77.263184999999993,2023,9,23
230056553,Property Damage Crash,09/23/2023 11:06:00 PM,NA,NA,OTHER,Rain,NA,Medium,NO CONTROLS,NONE DETECTED,Yes,No Apparent Injury,"SLEET, HAIL, FREEZ. RAIN, WET",UNKNOWN,MD,PASSENGER CAR,BACKING,5,No,2019,TOYOTA,CAMRY,39.17314833,-77.263184999999993,2023,9,23
230056551,Injury Crash,09/23/2023 10:43:00 PM,MONTROSE PKWY,NA,SINGLE VEHICLE,Rain,WET,Medium,OTHER,NONE DETECTED,Unknown,Possible Minor Injury,"RAIN, SNOW, WET",NOT DISTRACTED,MD,PASSENGER CAR,MOVING CONSTANT SPEED,30,No,2009,TOYOTA,COROLLA,39.05124733,-77.13372633,2023,9,22
230056549,Property Damage Crash,09/23/2023 10:41:00 PM,BRINK RD,NA,SINGLE VEHICLE,Rain,WET,Medium,STOP SIGN,NONE DETECTED,Yes,No Apparent Injury,"RAIN, SNOW, WET",UNKNOWN,MD,PASSENGER CAR,MOVING CONSTANT SPEED,35,No,2007,JEEP,GRAND CHEROKEE,39.20399317,-77.18732433,2023,9,22
230056541,Property Damage Crash,09/23/2023 08:52:00 PM,GERMANTOWN RD,NA,STRAIGHT MOVEMENT ANGLE,Rain,WET,Medium,TRAFFIC SIGNAL,NONE DETECTED,No,No Apparent Injury,N/A,NOT DISTRACTED,VA,PASSENGER CAR,MOVING CONSTANT SPEED,40,No,2018,HYUNDAI,SONOTA,39.18111458,-77.26239675,2023,9,20
230056541,Property Damage Crash,09/23/2023 08:52:00 PM,GERMANTOWN RD,NA,STRAIGHT MOVEMENT ANGLE,Rain,WET,Medium,TRAFFIC SIGNAL,NONE DETECTED,Yes,No Apparent Injury,N/A,NOT DISTRACTED,MD,PASSENGER CAR,MAKING LEFT TURN,35,No,2019,KIA,RIO,39.18111458,-77.26239675,2023,9,20
230056536,Property Damage Crash,09/23/2023 08:14:00 PM,SNOUFFERS SCHOOL RD,NA,STRAIGHT MOVEMENT ANGLE,Rain,WET,Medium,FLASHING TRAFFIC SIGNAL,NONE DETECTED,Yes,No Apparent Injury,"RAIN, SNOW, WET",NOT DISTRACTED,MD,PASSENGER CAR,ACCELERATING,35,No,2014,CHEVROLET,EQUINOX,39.15873967,-77.16090233,2023,9,20
230056536,Property Damage Crash,09/23/2023 08:14:00 PM,SNOUFFERS SCHOOL RD,NA,STRAIGHT MOVEMENT ANGLE,Rain,WET,Medium,FLASHING TRAFFIC SIGNAL,NONE DETECTED,No,No Apparent Injury,"RAIN, SNOW, WET",NOT DISTRACTED,MD,PASSENGER CAR,ACCELERATING,35,No,2023,BMW,SD,39.15873967,-77.16090233,2023,9,20
230056537,Property Damage Crash,09/23/2023 07:58:00 PM,UNIVERSITY BLVD E,NA,SAME DIR REAR END,Rain,WET,Medium,TRAFFIC SIGNAL,NONE DETECTED,No,No Apparent Injury,"N/A, WET",NOT DISTRACTED,MD,PASSENGER CAR,STOPPED IN TRAFFIC LANE,35,No,2003,TOYT,COROLLA,39.01231833,-77.00237667,2023,9,19
230056537,Property Damage Crash,09/23/2023 07:58:00 PM,UNIVERSITY BLVD E,NA,SAME DIR REAR END,Rain,WET,Medium,TRAFFIC SIGNAL,NONE DETECTED,Yes,No Apparent Injury,"N/A, WET",UNKNOWN,NA,UNKNOWN,MOVING CONSTANT SPEED,35,No,0,UNKNOWN,UNKNOWN,39.01231833,-77.00237667,2023,9,19
230056531,Property Damage Crash,09/23/2023 07:11:00 PM,NA,NA,OTHER,Rain,NA,Medium,N/A,NONE DETECTED,Yes,No Apparent Injury,N/A,LOOKED BUT DID NOT SEE,DC,PASSENGER CAR,BACKING,0,No,2019,NISSAN,SENTRA,39.04463467,-76.95247717,2023,9,19
230056531,Property Damage Crash,09/23/2023 07:11:00 PM,NA,NA,OTHER,Rain,NA,Medium,N/A,NONE DETECTED,Yes,No Apparent Injury,N/A,LOOKED BUT DID NOT SEE,MD,(SPORT) UTILITY VEHICLE,BACKING,0,No,2019,MERZ,GLE43,39.04463467,-76.95247717,2023,9,19
230056525,Property Damage Crash,09/23/2023 06:36:00 PM,KILKENNY ST,NA,SAME DIR REAR END,Rain,WET,Medium,NO CONTROLS,NONE DETECTED,No,No Apparent Injury,"RAIN, SNOW, WET",NOT DISTRACTED,MD,PASSENGER CAR,SLOWING OR STOPPING,25,No,2017,FORD,FOCUS,39.06291353,-76.94732478,2023,9,18
230056525,Property Damage Crash,09/23/2023 06:36:00 PM,KILKENNY ST,NA,SAME DIR REAR END,Rain,WET,Medium,NO CONTROLS,NONE DETECTED,Yes,No Apparent Injury,"RAIN, SNOW, WET",UNKNOWN,NA,PASSENGER CAR,ACCELERATING,25,No,2018,HYUNDAI,ELANTRA,39.06291353,-76.94732478,2023,9,18
230056358,Property Damage Crash,09/23/2023 05:46:00 PM,FLOWER AVE,NA,SAME DIR REAR END,Clear,DRY,Daylight,TRAFFIC SIGNAL,NONE DETECTED,Yes,No Apparent Injury,N/A,INATTENTIVE OR LOST IN THOUGHT,MD,PASSENGER CAR,SLOWING OR STOPPING,15,No,2006,ACURA,TI,39.00351614,-77.0057903,2023,9,17
230056358,Property Damage Crash,09/23/2023 05:46:00 PM,FLOWER AVE,NA,SAME DIR REAR END,Clear,DRY,Daylight,TRAFFIC SIGNAL,NONE DETECTED,No,No Apparent Injury,N/A,NOT DISTRACTED,MD,PASSENGER CAR,SLOWING OR STOPPING,15,No,2015,TOYOTA,RAV4,39.00351614,-77.0057903,2023,9,17
230056358,Property Damage Crash,09/23/2023 05:46:00 PM,FLOWER AVE,NA,SAME DIR REAR END,Clear,DRY,Daylight,TRAFFIC SIGNAL,NONE DETECTED,No,No Apparent Injury,N/A,NOT DISTRACTED,MD,PASSENGER CAR,SLOWING OR STOPPING,15,No,2021,TOYOTA,CAMRY,39.00351614,-77.0057903,2023,9,17
230056518,Property Damage Crash,09/23/2023 05:07:00 PM,RANDOLPH RD,NA,SAME DIR REAR END,Rain,WET,Daylight,TRAFFIC SIGNAL,NONE DETECTED,Yes,No Apparent Injury,"RAIN, SNOW, WET",UNKNOWN,MD,PASSENGER CAR,MOVING CONSTANT SPEED,35,No,2018,FORD,HB,39.0539585,-77.09420317,2023,9,17
230056518,Property Damage Crash,09/23/2023 05:07:00 PM,RANDOLPH RD,NA,SAME DIR REAR END,Rain,WET,Daylight,TRAFFIC SIGNAL,NONE DETECTED,No,No Apparent Injury,"RAIN, SNOW, WET",NOT DISTRACTED,MD,PASSENGER CAR,SLOWING OR STOPPING,35,No,2008,FORD,4H,39.0539585,-77.09420317,2023,9,17
230056511,Injury Crash,09/23/2023 04:40:00 PM,UNIVERSITY BLVD W,NA,SAME DIRECTION RIGHT TURN,Rain,WET,Daylight,NO CONTROLS,NONE DETECTED,No,No Apparent Injury,"RAIN, SNOW, WET",NOT DISTRACTED,DC,TRANSIT BUS,STOPPED IN TRAFFIC LANE,0,No,2013,TBU,BUS,39.02004167,-77.01289333,2023,9,16
230056511,Injury Crash,09/23/2023 04:40:00 PM,UNIVERSITY BLVD W,NA,SAME DIRECTION RIGHT TURN,Rain,WET,Daylight,NO CONTROLS,NONE DETECTED,Yes,No Apparent Injury,"RAIN, SNOW, WET",UNKNOWN,NA,UNKNOWN,MOVING CONSTANT SPEED,40,No,0,UNKNOWN,UNKNOWN,39.02004167,-77.01289333,2023,9,16
230056503,Property Damage Crash,09/23/2023 03:35:00 PM,GOLDSBORO RD,NA,HEAD ON LEFT TURN,Cloudy,WET,Daylight,YIELD SIGN,NONE DETECTED,No,No Apparent Injury,N/A,NOT DISTRACTED,MD,PASSENGER CAR,MOVING CONSTANT SPEED,30,No,1999,TOYT,LAND CRUISER,38.96858585,-77.13863625,2023,9,15
230056503,Property Damage Crash,09/23/2023 03:35:00 PM,GOLDSBORO RD,NA,HEAD ON LEFT TURN,Cloudy,WET,Daylight,YIELD SIGN,NONE DETECTED,Yes,No Apparent Injury,N/A,UNKNOWN,VA,PASSENGER CAR,SLOWING OR STOPPING,30,No,2015,GMC,YUKON XL,38.96858585,-77.13863625,2023,9,15
230056499,Injury Crash,09/23/2023 03:06:00 PM,DARNESTOWN RD,NA,SAME DIR REAR END,Rain,WET,Daylight,TRAFFIC SIGNAL,NONE DETECTED,Yes,No Apparent Injury,"RAIN, SNOW, WET",UNKNOWN,MD,PASSENGER CAR,SLOWING OR STOPPING,40,No,2022,NISSAN,SENTRA,39.09999617,-77.21305917,2023,9,15
230056499,Injury Crash,09/23/2023 03:06:00 PM,DARNESTOWN RD,NA,SAME DIR REAR END,Rain,WET,Daylight,TRAFFIC SIGNAL,NONE DETECTED,No,Possible Minor Injury,"RAIN, SNOW, WET",NOT DISTRACTED,VA,PASSENGER CAR,STOPPED IN TRAFFIC LANE,40,No,2019,HONDA,CRV,39.09999617,-77.21305917,2023,9,15
230056510,Property Damage Crash,09/23/2023 02:46:00 PM,NA,NA,SAME DIR REAR END,Rain,NA,Daylight,N/A,NONE DETECTED,Yes,No Apparent Injury,N/A,UNKNOWN,MD,PASSENGER CAR,BACKING,5,No,2019,CADI,CT6,39.01837567,-77.21095263,2023,9,14
230056510,Property Damage Crash,09/23/2023 02:46:00 PM,NA,NA,SAME DIR REAR END,Rain,NA,Daylight,N/A,NONE DETECTED,No,No Apparent Injury,N/A,NOT DISTRACTED,MD,PASSENGER CAR,PARKED,5,No,2023,TESL,MODEL 3,39.01837567,-77.21095263,2023,9,14