Local Case Number,ACRS Report Type,Crash Date/Time,Road Name,Related Non-Motorist,Collision Type,Weather,Surface Condition,Light,Traffic Control,Driver Substance Abuse,Driver At Fault,Injury Severity,Circumstance,Driver Distracted By,Drivers License State,Vehicle Body Type,Vehicle Movement,Speed Limit,Driverless Vehicle,Vehicle Year,Vehicle Make,Vehicle Model,Latitude,Longitude,Year,Month,Hour
230056487,Property Damage Crash,09/23/2023 02:30:00 PM,MUSGROVE RD,NA,STRAIGHT MOVEMENT ANGLE,Rain,WET,Daylight,STOP SIGN,NONE DETECTED,Yes,No Apparent Injury,"RAIN, SNOW, WET",OTHER ELECTRONIC DEVICE (NAVIGATIONAL PALM PILOT),GA,PASSENGER CAR,MOVING CONSTANT SPEED,30,No,2009,CHEVROLET,HHR,39.06826245,-76.96223239,2023,9,14
230056487,Property Damage Crash,09/23/2023 02:30:00 PM,MUSGROVE RD,NA,STRAIGHT MOVEMENT ANGLE,Rain,WET,Daylight,STOP SIGN,NONE DETECTED,No,No Apparent Injury,"RAIN, SNOW, WET",NOT DISTRACTED,MD,PASSENGER CAR,MOVING CONSTANT SPEED,30,No,2015,FORD,FUSION,39.06826245,-76.96223239,2023,9,14
230056477,Injury Crash,09/23/2023 01:50:00 PM,MUNCASTER MILL RD,NA,HEAD ON,Rain,WET,Daylight,TRAFFIC SIGNAL,NONE DETECTED,No,Possible Minor Injury,"RAIN, SNOW, WET",NOT DISTRACTED,MD,PASSENGER CAR,STOPPED IN TRAFFIC LANE,35,No,2020,HYUNDAI,ELANTRA,39.10929733,-77.0807545,2023,9,13
230056477,Injury Crash,09/23/2023 01:50:00 PM,MUNCASTER MILL RD,NA,HEAD ON,Rain,WET,Daylight,TRAFFIC SIGNAL,NONE DETECTED,Yes,No Apparent Injury,"RAIN, SNOW, WET",NOT DISTRACTED,MD,PASSENGER CAR,MAKING RIGHT TURN,35,No,2004,JEEP,WRANGLER,39.10929733,-77.0807545,2023,9,13
230056482,Injury Crash,09/23/2023 01:45:00 PM,MONTROSE RD,NA,SINGLE VEHICLE,Rain,WET,Daylight,NO CONTROLS,NONE DETECTED,Yes,Possible Minor Injury,"RAIN, SNOW, WET",UNKNOWN,VA,PASSENGER CAR,MOVING CONSTANT SPEED,30,No,2012,HONDA,ACCORD,39.051185,-77.13356417,2023,9,13
230056464,Injury Crash,09/23/2023 12:28:00 PM,EAST WEST HWY,NA,SAME DIR REAR END,Rain,WET,Daylight,NO CONTROLS,NONE DETECTED,No,No Apparent Injury,"RAIN, SNOW, WET",NOT DISTRACTED,MD,PASSENGER CAR,SLOWING OR STOPPING,30,No,2017,MAZDA,3,38.98793667,-77.080015,2023,9,12
230056464,Injury Crash,09/23/2023 12:28:00 PM,EAST WEST HWY,NA,SAME DIR REAR END,Rain,WET,Daylight,NO CONTROLS,NONE DETECTED,Yes,Possible Minor Injury,"RAIN, SNOW, WET",NOT DISTRACTED,MD,TRANSIT BUS,SLOWING OR STOPPING,30,No,2019,NFLY,548,38.98793667,-77.080015,2023,9,12
230056459,Injury Crash,09/23/2023 11:57:00 AM,DEMOCRACY BLVD,NA,SAME DIR REND LEFT TURN,Rain,WET,Daylight,NO CONTROLS,NONE DETECTED,Yes,No Apparent Injury,"RAIN, SNOW, WET",UNKNOWN,MD,(SPORT) UTILITY VEHICLE,MOVING CONSTANT SPEED,30,No,2012,HONDA,CR-V,39.02308633,-77.1557555,2023,9,11
230056459,Injury Crash,09/23/2023 11:57:00 AM,DEMOCRACY BLVD,NA,SAME DIR REND LEFT TURN,Rain,WET,Daylight,NO CONTROLS,NONE DETECTED,No,Possible Minor Injury,"RAIN, SNOW, WET",NOT DISTRACTED,MD,PASSENGER CAR,STOPPED IN TRAFFIC LANE,30,No,2007,VOLKSWAGEN,JETTA,39.02308633,-77.1557555,2023,9,11
230056456,Property Damage Crash,09/23/2023 11:24:00 AM,OLNEY SANDY SPRING RD,NA,STRAIGHT MOVEMENT ANGLE,Rain,WET,Medium,TRAFFIC SIGNAL,NONE DETECTED,No,No Apparent Injury,N/A,NOT DISTRACTED,MD,PASSENGER CAR,MOVING CONSTANT SPEED,40,No,2020,HYUNDAI,TUCSON,39.14665383,-77.05055783,2023,9,11
230056456,Property Damage Crash,09/23/2023 11:24:00 AM,OLNEY SANDY SPRING RD,NA,STRAIGHT MOVEMENT ANGLE,Rain,WET,Medium,TRAFFIC SIGNAL,NONE DETECTED,Yes,No Apparent Injury,N/A,OTHER DISTRACTION,MD,PASSENGER CAR,MOVING CONSTANT SPEED,30,No,2021,JEEP,GRAND CHEROKEE,39.14665383,-77.05055783,2023,9,11
230056456,Property Damage Crash,09/23/2023 11:24:00 AM,OLNEY SANDY SPRING RD,NA,STRAIGHT MOVEMENT ANGLE,Rain,WET,Medium,TRAFFIC SIGNAL,NONE DETECTED,No,No Apparent Injury,N/A,NOT DISTRACTED,MD,PASSENGER CAR,STOPPED IN TRAFFIC LANE,5,No,2019,ACURA,RDX,39.14665383,-77.05055783,2023,9,11
230056453,Property Damage Crash,09/23/2023 10:07:00 AM,RANDOLPH RD,NA,SAME DIRECTION LEFT TURN,Rain,WET,Daylight,NO CONTROLS,NONE DETECTED,No,No Apparent Injury,"SLEET, HAIL, FREEZ. RAIN, WET",NOT DISTRACTED,MD,VAN,MOVING CONSTANT SPEED,50,No,2010,HONDA,CRV,39.068625,-77.0158005,2023,9,10
230056453,Property Damage Crash,09/23/2023 10:07:00 AM,RANDOLPH RD,NA,SAME DIRECTION LEFT TURN,Rain,WET,Daylight,NO CONTROLS,NONE DETECTED,Yes,No Apparent Injury,"SLEET, HAIL, FREEZ. RAIN, WET",NOT DISTRACTED,MD,PASSENGER CAR,MOVING CONSTANT SPEED,50,No,2019,TOYOTA,RAV4,39.068625,-77.0158005,2023,9,10
230056441,Property Damage Crash,09/23/2023 08:58:00 AM,BRADLEY LA,NA,SAME DIR REAR END,Rain,WET,Daylight,NO CONTROLS,NONE DETECTED,Yes,No Apparent Injury,"N/A, WET",UNKNOWN,XX,PASSENGER CAR,SLOWING OR STOPPING,25,No,2004,TOYOTA,COROLLA,38.977375,-77.089515,2023,9,8
230056441,Property Damage Crash,09/23/2023 08:58:00 AM,BRADLEY LA,NA,SAME DIR REAR END,Rain,WET,Daylight,NO CONTROLS,NONE DETECTED,No,No Apparent Injury,"N/A, WET",NOT DISTRACTED,MD,(SPORT) UTILITY VEHICLE,STOPPED IN TRAFFIC LANE,25,No,2023,VOLVO,XC60,38.977375,-77.089515,2023,9,8
230056436,Property Damage Crash,09/23/2023 07:59:00 AM,EISENHOWER MEMORIAL HWY,NA,SINGLE VEHICLE,Rain,WET,Daylight,N/A,NONE DETECTED,Yes,No Apparent Injury,"RAIN, SNOW, WET",NOT DISTRACTED,MD,PASSENGER CAR,MOVING CONSTANT SPEED,55,No,2013,HOND,CRV,39.13066467,-77.20587883,2023,9,7
230056442,Property Damage Crash,09/23/2023 07:59:00 AM,EISENHOWER MEMORIAL HWY,NA,SINGLE VEHICLE,Rain,WET,Daylight,NO CONTROLS,NONE DETECTED,Yes,No Apparent Injury,"RAIN, SNOW, WET",UNKNOWN,NA,PASSENGER CAR,UNKNOWN,55,No,2022,KIA,STINGER 4D,39.120145,-77.19914,2023,9,7
230056437,Injury Crash,09/23/2023 07:54:00 AM,CAPITAL BELTWAY,NA,OTHER,Rain,WET,Daylight,N/A,NONE DETECTED,Yes,Possible Minor Injury,"RAIN, SNOW, WET",NOT DISTRACTED,DC,PASSENGER CAR,MOVING CONSTANT SPEED,50,No,2016,HONDA,CIVIC,39.01459,-77.034145,2023,9,7
230056437,Injury Crash,09/23/2023 07:54:00 AM,CAPITAL BELTWAY,NA,OTHER,Rain,WET,Daylight,N/A,NONE DETECTED,No,No Apparent Injury,"RAIN, SNOW, WET",NOT DISTRACTED,MD,PICKUP TRUCK,MOVING CONSTANT SPEED,50,No,2023,FORD,MAVERICK,39.01459,-77.034145,2023,9,7
230056435,Injury Crash,09/23/2023 07:29:00 AM,UNIVERSITY BLVD W,NA,STRAIGHT MOVEMENT ANGLE,Rain,WET,Daylight,TRAFFIC SIGNAL,NONE DETECTED,No,Possible Minor Injury,"RAIN, SNOW, WET",NOT DISTRACTED,MD,PASSENGER CAR,MOVING CONSTANT SPEED,35,No,2003,HONDA,CRV,39.04123333,-77.051595,2023,9,7
230056435,Injury Crash,09/23/2023 07:29:00 AM,UNIVERSITY BLVD W,NA,STRAIGHT MOVEMENT ANGLE,Rain,WET,Daylight,TRAFFIC SIGNAL,NONE DETECTED,Yes,No Apparent Injury,"RAIN, SNOW, WET",UNKNOWN,MD,PICKUP TRUCK,SLOWING OR STOPPING,25,No,2013,TOYO,TACOMA,39.04123333,-77.051595,2023,9,7
230056431,Property Damage Crash,09/23/2023 04:30:00 AM,SHADY GROVE RD,NA,STRAIGHT MOVEMENT ANGLE,Rain,WET,Medium,FLASHING TRAFFIC SIGNAL,NONE DETECTED,Yes,No Apparent Injury,"RAIN, SNOW, WET",LOOKED BUT DID NOT SEE,NY,VAN,MAKING LEFT TURN,25,No,2009,TOYOTA,SIENNA,39.12972,-77.163875,2023,9,4
230056431,Property Damage Crash,09/23/2023 04:30:00 AM,SHADY GROVE RD,NA,STRAIGHT MOVEMENT ANGLE,Rain,WET,Medium,FLASHING TRAFFIC SIGNAL,NONE DETECTED,No,No Apparent Injury,"RAIN, SNOW, WET",NOT DISTRACTED,MD,(SPORT) UTILITY VEHICLE,MOVING CONSTANT SPEED,45,No,2017,MERZ,GLC 300,39.12972,-77.163875,2023,9,4
230056428,Injury Crash,09/23/2023 03:26:00 AM,FIRSTFIELD RD,NA,STRAIGHT MOVEMENT ANGLE,Rain,WET,Medium,FLASHING TRAFFIC SIGNAL,NONE DETECTED,Yes,Possible Minor Injury,"RAIN, SNOW, WET",LOOKED BUT DID NOT SEE,MD,PASSENGER CAR,ACCELERATING,35,No,2010,ACURA,MDX,39.14365622,-77.2237705,2023,9,3
230056428,Injury Crash,09/23/2023 03:26:00 AM,FIRSTFIELD RD,NA,STRAIGHT MOVEMENT ANGLE,Rain,WET,Medium,FLASHING TRAFFIC SIGNAL,NONE DETECTED,No,Possible Minor Injury,"RAIN, SNOW, WET",NOT DISTRACTED,MD,PASSENGER CAR,MOVING CONSTANT SPEED,35,No,1999,CHEVY,IMPALA,39.14365622,-77.2237705,2023,9,3
230056430,Property Damage Crash,09/23/2023 03:14:00 AM,NA,NA,SAME DIR REAR END,Rain,NA,Medium,N/A,NONE DETECTED,No,No Apparent Injury,N/A,NOT DISTRACTED,MD,PASSENGER CAR,OTHER,10,No,2022,HYUN,SONATA,39.11029716,-76.93350061,2023,9,3
230056430,Property Damage Crash,09/23/2023 03:14:00 AM,NA,NA,SAME DIR REAR END,Rain,NA,Medium,N/A,NONE DETECTED,Yes,No Apparent Injury,N/A,UNKNOWN,XX,PASSENGER CAR,UNKNOWN,10,No,2008,FORD,ESCAPE,39.11029716,-76.93350061,2023,9,3
230056423,Property Damage Crash,09/23/2023 02:15:00 AM,S FREDERICK RD,NA,SINGLE VEHICLE,Rain,WET,Medium,N/A,NONE DETECTED,Yes,No Apparent Injury,N/A,UNKNOWN,MD,PASSENGER CAR,MOVING CONSTANT SPEED,30,No,2006,MAZDA,3,39.13988833,-77.19647833,2023,9,2
230056424,Property Damage Crash,09/23/2023 01:46:00 AM,EAST WEST HWY,NA,SINGLE VEHICLE,Rain,WET,Medium,TRAFFIC SIGNAL,NONE DETECTED,Yes,No Apparent Injury,"RAIN, SNOW, WET",LOOKED BUT DID NOT SEE,XX,VAN,MOVING CONSTANT SPEED,35,No,2004,FORD,E250,38.99497719,-77.04570253,2023,9,1
230056417,Property Damage Crash,09/23/2023 01:00:00 AM,WASHINGTON GROVE LA,NA,STRAIGHT MOVEMENT ANGLE,Rain,WET,Medium,STOP SIGN,NONE DETECTED,No,No Apparent Injury,"RAIN, SNOW, WET",NOT DISTRACTED,MD,PASSENGER CAR,STOPPED IN TRAFFIC LANE,15,No,2020,HONDA,UT,39.17682167,-77.17709,2023,9,1
230056417,Property Damage Crash,09/23/2023 01:00:00 AM,WASHINGTON GROVE LA,NA,STRAIGHT MOVEMENT ANGLE,Rain,WET,Medium,STOP SIGN,NONE DETECTED,Yes,No Apparent Injury,"RAIN, SNOW, WET",UNKNOWN,MD,PASSENGER CAR,MOVING CONSTANT SPEED,25,No,2019,GMC,TERRAIN,39.17682167,-77.17709,2023,9,1
230056415,Property Damage Crash,09/23/2023 12:45:00 AM,TAKOMA AVE,NA,STRAIGHT MOVEMENT ANGLE,Rain,WET,Medium,STOP SIGN,NONE DETECTED,No,No Apparent Injury,"RAIN, SNOW, WET",UNKNOWN,XX,PASSENGER CAR,ACCELERATING,20,No,2009,TOYOTA,PRIUS,38.98276683,-77.020931,2023,9,0
230056415,Property Damage Crash,09/23/2023 12:45:00 AM,TAKOMA AVE,NA,STRAIGHT MOVEMENT ANGLE,Rain,WET,Medium,STOP SIGN,NONE DETECTED,No,No Apparent Injury,"RAIN, SNOW, WET",NOT DISTRACTED,DC,PASSENGER CAR,SLOWING OR STOPPING,20,No,2016,PORSCHE,PANORAMA,38.98276683,-77.020931,2023,9,0
230056413,Property Damage Crash,09/23/2023 12:27:00 AM,COLESVILLE RD,NA,STRAIGHT MOVEMENT ANGLE,Rain,WET,Medium,TRAFFIC SIGNAL,NONE DETECTED,Yes,No Apparent Injury,"RAIN, SNOW, WET",OTHER ELECTRONIC DEVICE (NAVIGATIONAL PALM PILOT),VA,(SPORT) UTILITY VEHICLE,MOVING CONSTANT SPEED,35,No,2008,TOYOTA,FJ CRUISER,39.01978705,-77.01332145,2023,9,0
230056413,Property Damage Crash,09/23/2023 12:27:00 AM,COLESVILLE RD,NA,STRAIGHT MOVEMENT ANGLE,Rain,WET,Medium,TRAFFIC SIGNAL,NONE DETECTED,No,No Apparent Injury,"RAIN, SNOW, WET",UNKNOWN,NA,NA,MOVING CONSTANT SPEED,35,No,0,UNKNOWN,UNKNOWN,39.01978705,-77.01332145,2023,9,0
230056411,Property Damage Crash,09/23/2023 12:23:00 AM,RIFFLE FORD RD,NA,SAME DIRECTION SIDESWIPE,Rain,WET,Dark,STOP SIGN,NONE DETECTED,Yes,No Apparent Injury,"N/A, WET",NOT DISTRACTED,MD,PASSENGER CAR,MAKING RIGHT TURN,40,No,2012,MERZ,C CLASS,39.14803833,-77.29002167,2023,9,0
230056411,Property Damage Crash,09/23/2023 12:23:00 AM,RIFFLE FORD RD,NA,SAME DIRECTION SIDESWIPE,Rain,WET,Dark,STOP SIGN,NONE DETECTED,No,No Apparent Injury,"N/A, WET",NOT DISTRACTED,MD,PASSENGER CAR,MAKING RIGHT TURN,40,No,2018,HONDA,CRV,39.14803833,-77.29002167,2023,9,0
230056412,Injury Crash,09/23/2023 12:12:00 AM,AVERY RD,NA,SINGLE VEHICLE,Rain,WET,Dark,NO CONTROLS,NONE DETECTED,Yes,Possible Minor Injury,"RAIN, SNOW, WET",NOT DISTRACTED,MD,PASSENGER CAR,PASSING,25,No,2007,NISSAN,SENTRA,39.10650451,-77.12104127,2023,9,0
230056407,Property Damage Crash,09/22/2023 11:45:00 PM,NA,NA,SINGLE VEHICLE,Rain,NA,Dark,NO CONTROLS,NONE DETECTED,Yes,No Apparent Injury,"RAIN, SNOW, WET",UNKNOWN,NA,PASSENGER CAR,UNKNOWN,5,No,2017,HYUNDAI,ELANTRA,39.1498213,-77.20469445,2023,9,23
230056404,Property Damage Crash,09/22/2023 10:44:00 PM,MORNINGWOOD DR,NA,HEAD ON,Clear,DRY,Medium,NO CONTROLS,NONE DETECTED,Yes,No Apparent Injury,"ANIMAL, N/A",NOT DISTRACTED,MD,PASSENGER CAR,MOVING CONSTANT SPEED,25,No,2015,NISSAN,ROGUE,39.15241233,-77.070328,2023,9,22
230056391,Property Damage Crash,09/22/2023 08:37:00 PM,DARNESTOWN RD,NA,OTHER,Clear,DRY,Medium,N/A,NONE DETECTED,Yes,No Apparent Injury,N/A,NOT DISTRACTED,MD,PASSENGER CAR,MOVING CONSTANT SPEED,40,No,2022,TOYOTA,COROLLA,39.11722667,-77.26238,2023,9,20
230056391,Property Damage Crash,09/22/2023 08:37:00 PM,DARNESTOWN RD,NA,OTHER,Clear,DRY,Medium,N/A,NONE DETECTED,No,No Apparent Injury,N/A,NOT DISTRACTED,MD,(SPORT) UTILITY VEHICLE,MAKING U TURN,40,No,2020,LANDROVER,UT,39.11722667,-77.26238,2023,9,20
230056386,Property Damage Crash,09/22/2023 08:35:00 PM,HUNGERFORD DR,NA,SAME DIR REAR END,Clear,DRY,Medium,TRAFFIC SIGNAL,NONE DETECTED,Yes,No Apparent Injury,N/A,NOT DISTRACTED,MD,PASSENGER CAR,MOVING CONSTANT SPEED,35,No,2007,HOND,SD,39.08789944,-77.15036599,2023,9,20
230056386,Property Damage Crash,09/22/2023 08:35:00 PM,HUNGERFORD DR,NA,SAME DIR REAR END,Clear,DRY,Medium,TRAFFIC SIGNAL,NONE DETECTED,No,No Apparent Injury,N/A,NOT DISTRACTED,MD,PASSENGER CAR,STOPPED IN TRAFFIC LANE,35,No,2021,LEXS,SD,39.08789944,-77.15036599,2023,9,20
230056383,Property Damage Crash,09/22/2023 08:29:00 PM,OLD GEORGETOWN RD,NA,OTHER,Clear,DRY,Medium,TRAFFIC SIGNAL,NONE DETECTED,Yes,No Apparent Injury,N/A,UNKNOWN,MD,PASSENGER CAR,MAKING U TURN,35,No,2016,TOYT,4S,39.04899167,-77.116445,2023,9,20
230056383,Property Damage Crash,09/22/2023 08:29:00 PM,OLD GEORGETOWN RD,NA,OTHER,Clear,DRY,Medium,TRAFFIC SIGNAL,NONE DETECTED,No,No Apparent Injury,N/A,NOT DISTRACTED,CT,PASSENGER CAR,MOVING CONSTANT SPEED,35,No,2009,VOLVO,S60 2.5T,39.04899167,-77.116445,2023,9,20
230056389,Injury Crash,09/22/2023 08:28:00 PM,ROCKVILLE PIKE,NA,STRAIGHT MOVEMENT ANGLE,Clear,DRY,Medium,TRAFFIC SIGNAL,NONE DETECTED,Yes,No Apparent Injury,N/A,LOOKED BUT DID NOT SEE,MD,PICKUP TRUCK,MAKING LEFT TURN,35,No,2018,DODGE,RAM,39.06948633,-77.13048717,2023,9,20
230056389,Injury Crash,09/22/2023 08:28:00 PM,ROCKVILLE PIKE,NA,STRAIGHT MOVEMENT ANGLE,Clear,DRY,Medium,TRAFFIC SIGNAL,NONE DETECTED,No,No Apparent Injury,N/A,NOT DISTRACTED,MD,PASSENGER CAR,MOVING CONSTANT SPEED,35,No,1999,HONDA,ACCORD,39.06948633,-77.13048717,2023,9,20
230056384,Injury Crash,09/22/2023 08:24:00 PM,FREDERICK RD,NA,SAME DIR REAR END,Clear,DRY,Medium,TRAFFIC SIGNAL,NONE DETECTED,No,No Apparent Injury,N/A,NOT DISTRACTED,MD,PASSENGER CAR,SLOWING OR STOPPING,40,No,2023,SUBARU,FORESTER,39.17869317,-77.23851083,2023,9,20
230056384,Injury Crash,09/22/2023 08:24:00 PM,FREDERICK RD,NA,SAME DIR REAR END,Clear,DRY,Medium,TRAFFIC SIGNAL,NONE DETECTED,Yes,No Apparent Injury,N/A,NOT DISTRACTED,NY,PASSENGER CAR,SLOWING OR STOPPING,40,No,2011,CHEVY,MALIBU,39.17869317,-77.23851083,2023,9,20
230056390,Injury Crash,09/22/2023 08:11:00 PM,PLUMMER DR,NA,SINGLE VEHICLE,Clear,DRY,Medium,N/A,NONE DETECTED,Yes,Possible Minor Injury,N/A,UNKNOWN,XX,PASSENGER CAR,MOVING CONSTANT SPEED,30,No,2007,TOYOTA,SCION,39.17119583,-77.23685283,2023,9,20
230056380,Property Damage Crash,09/22/2023 08:10:00 PM,FREDERICK RD,NA,SAME DIRECTION SIDESWIPE,Clear,DRY,Medium,TRAFFIC SIGNAL,NONE DETECTED,Yes,No Apparent Injury,N/A,NOT DISTRACTED,MD,PASSENGER CAR,SLOWING OR STOPPING,30,No,2014,TOYOTA,4S,39.15286062,-77.21218934,2023,9,20
230056380,Property Damage Crash,09/22/2023 08:10:00 PM,FREDERICK RD,NA,SAME DIRECTION SIDESWIPE,Clear,DRY,Medium,TRAFFIC SIGNAL,NONE DETECTED,No,No Apparent Injury,N/A,NOT DISTRACTED,MD,PASSENGER CAR,SLOWING OR STOPPING,30,No,2019,HONDA,TK,39.15286062,-77.21218934,2023,9,20
230056380,Property Damage Crash,09/22/2023 08:10:00 PM,FREDERICK RD,NA,SAME DIRECTION SIDESWIPE,Clear,DRY,Medium,TRAFFIC SIGNAL,NONE DETECTED,No,No Apparent Injury,N/A,NOT DISTRACTED,MD,PASSENGER CAR,SLOWING OR STOPPING,30,No,2022,KIA,SD,39.15286062,-77.21218934,2023,9,20
230056373,Injury Crash,09/22/2023 07:56:00 PM,GEORGIA AVE,NA,SAME DIR REAR END,Clear,DRY,Medium,N/A,NONE DETECTED,No,Possible Minor Injury,N/A,NOT DISTRACTED,MD,PASSENGER CAR,PARKED,35,No,2009,DODG,SD,39.09103333,-77.079985,2023,9,19
230056373,Injury Crash,09/22/2023 07:56:00 PM,GEORGIA AVE,NA,SAME DIR REAR END,Clear,DRY,Medium,N/A,NONE DETECTED,Yes,No Apparent Injury,N/A,LOOKED BUT DID NOT SEE,MD,PASSENGER CAR,UNKNOWN,35,No,2010,TOYOTA,COROLLA,39.09103333,-77.079985,2023,9,19
230056367,Property Damage Crash,09/22/2023 07:30:00 PM,GEORGIA AVE,NA,SAME DIR REAR END,Clear,DRY,Medium,NO CONTROLS,NONE DETECTED,No,No Apparent Injury,N/A,NOT DISTRACTED,VA,PASSENGER CAR,SLOWING OR STOPPING,30,No,2019,KIA,NIRO,39.01631748,-77.04298968,2023,9,19
230056367,Property Damage Crash,09/22/2023 07:30:00 PM,GEORGIA AVE,NA,SAME DIR REAR END,Clear,DRY,Medium,NO CONTROLS,NONE DETECTED,Yes,No Apparent Injury,N/A,INATTENTIVE OR LOST IN THOUGHT,MD,PASSENGER CAR,SLOWING OR STOPPING,30,No,2018,HONDA,CRV,39.01631748,-77.04298968,2023,9,19
230056367,Property Damage Crash,09/22/2023 07:30:00 PM,GEORGIA AVE,NA,SAME DIR REAR END,Clear,DRY,Medium,NO CONTROLS,NONE DETECTED,No,No Apparent Injury,N/A,NOT DISTRACTED,MD,PASSENGER CAR,SLOWING OR STOPPING,30,No,2018,HONDA,ACCORD,39.01631748,-77.04298968,2023,9,19
230056367,Property Damage Crash,09/22/2023 07:30:00 PM,GEORGIA AVE,NA,SAME DIR REAR END,Clear,DRY,Medium,NO CONTROLS,NONE DETECTED,No,No Apparent Injury,N/A,NOT DISTRACTED,MD,PASSENGER CAR,SLOWING OR STOPPING,30,No,2016,KIA,FORTE,39.01631748,-77.04298968,2023,9,19
230056369,Property Damage Crash,09/22/2023 07:26:00 PM,MONTGOMERY VILLAGE AVE,NA,HEAD ON LEFT TURN,Clear,DRY,Medium,TRAFFIC SIGNAL,NONE DETECTED,No,No Apparent Injury,N/A,NOT DISTRACTED,MD,(SPORT) UTILITY VEHICLE,MOVING CONSTANT SPEED,35,No,2001,LEXUS,RX3,39.17444817,-77.20354917,2023,9,19
230056369,Property Damage Crash,09/22/2023 07:26:00 PM,MONTGOMERY VILLAGE AVE,NA,HEAD ON LEFT TURN,Clear,DRY,Medium,TRAFFIC SIGNAL,NONE DETECTED,Yes,No Apparent Injury,N/A,LOOKED BUT DID NOT SEE,MD,PASSENGER CAR,MAKING LEFT TURN,35,No,2012,HOND,ACCORD,39.17444817,-77.20354917,2023,9,19
230056357,Property Damage Crash,09/22/2023 06:15:00 PM,CAPITOL VIEW AVE,OTHER PEDALCYCLIST,OTHER,Clear,DRY,Daylight,NO CONTROLS,NONE DETECTED,No,No Apparent Injury,N/A,NOT DISTRACTED,MD,PASSENGER CAR,MOVING CONSTANT SPEED,25,No,2018,HONDA,ODYSSEY,39.01557321,-77.0556285,2023,9,18
230056352,Property Damage Crash,09/22/2023 05:13:00 PM,COLESVILLE RD,NA,OPPOSITE DIR BOTH LEFT TURN,Clear,OTHER,Daylight,NO CONTROLS,NONE DETECTED,No,No Apparent Injury,N/A,NOT DISTRACTED,NC,PASSENGER CAR,MOVING CONSTANT SPEED,25,No,2019,TOYOTA,4S,39.00445892,-77.0234851,2023,9,17
230056352,Property Damage Crash,09/22/2023 05:13:00 PM,COLESVILLE RD,NA,OPPOSITE DIR BOTH LEFT TURN,Clear,OTHER,Daylight,NO CONTROLS,NONE DETECTED,Yes,No Apparent Injury,N/A,UNKNOWN,NA,PASSENGER CAR,MOVING CONSTANT SPEED,25,No,2018,HYUNDAI,KONA,39.00445892,-77.0234851,2023,9,17
230056341,Injury Crash,09/22/2023 05:00:00 PM,OLD GEORGETOWN RD,PEDESTRIAN,OTHER,Clear,DRY,Daylight,NO CONTROLS,NONE DETECTED,No,No Apparent Injury,N/A,NOT DISTRACTED,VA,PASSENGER CAR,MOVING CONSTANT SPEED,35,No,2013,TOYT,PRIUS,38.993665,-77.108615,2023,9,17
230056333,Property Damage Crash,09/22/2023 03:42:00 PM,TWINBROOK PKWY,NA,SAME DIRECTION SIDESWIPE,Cloudy,DRY,Daylight,NO CONTROLS,NONE DETECTED,Yes,No Apparent Injury,N/A,NOT DISTRACTED,MD,TRANSIT BUS,CHANGING LANES,30,No,2013,GILLIG,LOW FLOOR,39.06435717,-77.11566217,2023,9,15
230056333,Property Damage Crash,09/22/2023 03:42:00 PM,TWINBROOK PKWY,NA,SAME DIRECTION SIDESWIPE,Cloudy,DRY,Daylight,NO CONTROLS,NONE DETECTED,No,No Apparent Injury,N/A,NOT DISTRACTED,MD,PASSENGER CAR,ACCELERATING,30,No,2014,NISSAN,VERSA,39.06435717,-77.11566217,2023,9,15
230056332,Property Damage Crash,09/22/2023 03:35:00 PM,DENHAM RD,NA,SINGLE VEHICLE,Clear,DRY,Daylight,N/A,NONE DETECTED,Yes,No Apparent Injury,N/A,UNKNOWN,NA,PASSENGER CAR,UNKNOWN,5,No,2016,HONDA,VAN,39.08546017,-77.13433483,2023,9,15
230058245,Property Damage Crash,09/22/2023 02:00:00 PM,NA,NA,OPPOSITE DIRECTION SIDESWIPE,Clear,NA,Daylight,NO CONTROLS,NONE DETECTED,Yes,No Apparent Injury,N/A,UNKNOWN,MD,(SPORT) UTILITY VEHICLE,PARKING,10,No,2008,LEXUS,RX350,39.17095548,-77.26183306,2023,9,14
230056305,Property Damage Crash,09/22/2023 01:40:00 PM,NA,NA,SAME DIRECTION SIDESWIPE,Cloudy,NA,Daylight,NO CONTROLS,NONE DETECTED,Yes,No Apparent Injury,N/A,LOOKED BUT DID NOT SEE,MD,SCHOOL BUS,ACCELERATING,0,No,2023,FREIGHTLINER,B2,39.08346183,-77.23218783,2023,9,13
230056305,Property Damage Crash,09/22/2023 01:40:00 PM,NA,NA,SAME DIRECTION SIDESWIPE,Cloudy,NA,Daylight,NO CONTROLS,NONE DETECTED,No,No Apparent Injury,N/A,NOT DISTRACTED,MD,OTHER BUS,PARKED,0,No,2017,FORD,E-450,39.08346183,-77.23218783,2023,9,13
230056286,Injury Crash,09/22/2023 12:35:00 PM,NEW HAMPSHIRE AVE,NA,SAME DIRECTION SIDESWIPE,Clear,DRY,Daylight,NO CONTROLS,NONE DETECTED,Yes,No Apparent Injury,N/A,LOOKED BUT DID NOT SEE,MD,PASSENGER CAR,CHANGING LANES,35,No,2001,TOYOTA,TACOMA,39.07509883,-77.00197183,2023,9,12
230056286,Injury Crash,09/22/2023 12:35:00 PM,NEW HAMPSHIRE AVE,NA,SAME DIRECTION SIDESWIPE,Clear,DRY,Daylight,NO CONTROLS,NONE DETECTED,No,Possible Minor Injury,N/A,NOT DISTRACTED,MD,PASSENGER CAR,MOVING CONSTANT SPEED,35,No,2019,BMW,SUV,39.07509883,-77.00197183,2023,9,12
230056284,Injury Crash,09/22/2023 12:26:00 PM,GREAT SENECA HWY,NA,STRAIGHT MOVEMENT ANGLE,Clear,DRY,Daylight,TRAFFIC SIGNAL,NONE DETECTED,No,Suspected Serious Injury,N/A,NOT DISTRACTED,MD,PASSENGER CAR,MAKING LEFT TURN,35,No,2023,AUDI,4D,39.17101833,-77.26278133,2023,9,12
230056284,Injury Crash,09/22/2023 12:26:00 PM,GREAT SENECA HWY,NA,STRAIGHT MOVEMENT ANGLE,Clear,DRY,Daylight,TRAFFIC SIGNAL,NONE DETECTED,Yes,No Apparent Injury,N/A,OTHER DISTRACTION,XX,PASSENGER CAR,MOVING CONSTANT SPEED,35,No,2011,CHEVROLET,EQUINOX,39.17101833,-77.26278133,2023,9,12
230056263,Property Damage Crash,09/22/2023 10:30:00 AM,RAMP 3 FR MD 200 EB TO MD 97 NB,NA,N/A,Clear,DRY,Daylight,N/A,NONE DETECTED,Yes,No Apparent Injury,N/A,LOOKED BUT DID NOT SEE,MD,PASSENGER CAR,MOVING CONSTANT SPEED,15,No,2016,FORD,4S,39.11716583,-77.07481233,2023,9,10
230056240,Property Damage Crash,09/22/2023 08:44:00 AM,UNIVERSITY BLVD,NA,OTHER,Clear,DRY,Daylight,STOP SIGN,NONE DETECTED,Yes,No Apparent Injury,N/A,NOT DISTRACTED,MD,"MEDIUM/HEAVY TRUCKS 3 AXLES (OVER 10,000LBS (4,536KG))",BACKING,25,No,2020,MACK,TK,38.99081627,-76.9898445,2023,9,8
230056240,Property Damage Crash,09/22/2023 08:44:00 AM,UNIVERSITY BLVD,NA,OTHER,Clear,DRY,Daylight,STOP SIGN,NONE DETECTED,No,No Apparent Injury,N/A,NOT DISTRACTED,NJ,PASSENGER CAR,PARKED,25,No,2008,HONDA,FIT,38.99081627,-76.9898445,2023,9,8
230056233,Property Damage Crash,09/22/2023 07:45:00 AM,MONTGOMERY VILLAGE AVE,NA,HEAD ON LEFT TURN,Clear,DRY,Daylight,TRAFFIC SIGNAL,NONE DETECTED,No,No Apparent Injury,N/A,NOT DISTRACTED,MD,PASSENGER CAR,MOVING CONSTANT SPEED,35,No,2011,MERZ,WG,39.18693701,-77.19865193,2023,9,7