Local Case Number,ACRS Report Type,Crash Date/Time,Road Name,Related Non-Motorist,Collision Type,Weather,Surface Condition,Light,Traffic Control,Driver Substance Abuse,Driver At Fault,Injury Severity,Circumstance,Driver Distracted By,Drivers License State,Vehicle Body Type,Vehicle Movement,Speed Limit,Driverless Vehicle,Vehicle Year,Vehicle Make,Vehicle Model,Latitude,Longitude,Year,Month,Hour
230056233,Property Damage Crash,09/22/2023 07:45:00 AM,MONTGOMERY VILLAGE AVE,NA,HEAD ON LEFT TURN,Clear,DRY,Daylight,TRAFFIC SIGNAL,NONE DETECTED,Yes,No Apparent Injury,N/A,UNKNOWN,MD,PASSENGER CAR,MAKING LEFT TURN,35,No,2013,TOYT,4S,39.18693701,-77.19865193,2023,9,7
230056228,Property Damage Crash,09/22/2023 07:30:00 AM,NEW HAMPSHIRE AVE,NA,HEAD ON,Clear,DRY,Daylight,NO CONTROLS,NONE DETECTED,Yes,No Apparent Injury,N/A,INATTENTIVE OR LOST IN THOUGHT,MD,(SPORT) UTILITY VEHICLE,MOVING CONSTANT SPEED,20,No,2007,TOYOTA,RAV4,39.02232833,-76.97617167,2023,9,7
230056228,Property Damage Crash,09/22/2023 07:30:00 AM,NEW HAMPSHIRE AVE,NA,HEAD ON,Clear,DRY,Daylight,NO CONTROLS,NONE DETECTED,No,No Apparent Injury,N/A,NOT DISTRACTED,MD,(SPORT) UTILITY VEHICLE,MOVING CONSTANT SPEED,20,No,2011,HONDA,PILOT,39.02232833,-76.97617167,2023,9,7
230056229,Injury Crash,09/22/2023 07:27:00 AM,RUSSELL AVE,NA,SAME DIR REAR END,Clear,DRY,Daylight,STOP SIGN,NONE DETECTED,Yes,No Apparent Injury,N/A,OTHER DISTRACTION,MD,PASSENGER CAR,MOVING CONSTANT SPEED,25,No,2011,FORD,E150,39.14835723,-77.19918015,2023,9,7
230056229,Injury Crash,09/22/2023 07:27:00 AM,RUSSELL AVE,NA,SAME DIR REAR END,Clear,DRY,Daylight,STOP SIGN,NONE DETECTED,No,Possible Minor Injury,N/A,NOT DISTRACTED,MD,PASSENGER CAR,STOPPED IN TRAFFIC LANE,25,No,1999,TOYOTA,AVALON,39.14835723,-77.19918015,2023,9,7
230056385,Injury Crash,09/22/2023 07:10:00 AM,MONTROSE RD,BICYCLIST,STRAIGHT MOVEMENT ANGLE,Clear,DRY,Daylight,TRAFFIC SIGNAL,NONE DETECTED,Yes,No Apparent Injury,N/A,UNKNOWN,MD,PASSENGER CAR,RIGHT TURN ON RED,30,No,2022,TOYOTA,COROLLA,39.05312911,-77.11833221,2023,9,7
230056227,Property Damage Crash,09/22/2023 06:54:00 AM,NICHOLSON LA,NA,SAME DIR BOTH LEFT TURN,Clear,DRY,Daylight,TRAFFIC SIGNAL,NONE DETECTED,No,No Apparent Injury,N/A,NOT DISTRACTED,MD,(SPORT) UTILITY VEHICLE,MAKING LEFT TURN,35,No,2021,FORD,UT,39.04439167,-77.11189333,2023,9,6
230056227,Property Damage Crash,09/22/2023 06:54:00 AM,NICHOLSON LA,NA,SAME DIR BOTH LEFT TURN,Clear,DRY,Daylight,TRAFFIC SIGNAL,NONE DETECTED,Yes,No Apparent Injury,N/A,UNKNOWN,NA,UNKNOWN,MAKING LEFT TURN,35,No,0,UNKNOWN,UNKNOWN,39.04439167,-77.11189333,2023,9,6
230056275,Property Damage Crash,09/22/2023 02:26:00 AM,S CHELSEA LA,NA,HEAD ON,Clear,DRY,Dark,NO CONTROLS,NONE DETECTED,Yes,No Apparent Injury,N/A,UNKNOWN,NA,NA,MOVING CONSTANT SPEED,25,No,0,UNKNOWN,UNKNOWN,38.99418207,-77.09265039,2023,9,2
230056322,Property Damage Crash,09/22/2023 01:15:00 AM,EISENHOWER MEMORIAL HWY,NA,SINGLE VEHICLE,Clear,DRY,Dark,NO CONTROLS,NONE DETECTED,No,No Apparent Injury,N/A,NOT DISTRACTED,MD,POLICE VEHICLE/NON EMERGENCY,SLOWING OR STOPPING,55,No,2014,DODGE,CHARGER,39.2633955,-77.31025676,2023,9,1
230056218,Injury Crash,09/22/2023 01:10:00 AM,MIDDLEBROOK RD,NA,SINGLE VEHICLE,Clear,DRY,Medium,NO CONTROLS,ALCOHOL PRESENT,Yes,Possible Minor Injury,N/A,NOT DISTRACTED,VA,PASSENGER CAR,MOVING CONSTANT SPEED,35,No,2023,CHEVROLET,MALIBU,39.18299959,-77.27069886,2023,9,1
230056209,Property Damage Crash,09/21/2023 11:30:00 PM,GEORGIA AVE,NA,SAME DIR REAR END,Clear,DRY,Medium,NO CONTROLS,NONE DETECTED,No,No Apparent Injury,N/A,NOT DISTRACTED,MD,TRANSIT BUS,PARKED,35,No,2022,NFLY,548,39.05316123,-77.05079379,2023,9,23
230056209,Property Damage Crash,09/21/2023 11:30:00 PM,GEORGIA AVE,NA,SAME DIR REAR END,Clear,DRY,Medium,NO CONTROLS,NONE DETECTED,Yes,No Apparent Injury,N/A,UNKNOWN,NA,PASSENGER CAR,CHANGING LANES,35,No,2014,FORD,ECONOLINE,39.05316123,-77.05079379,2023,9,23
230056208,Property Damage Crash,09/21/2023 11:20:00 PM,CONNECTICUT AVE,NA,STRAIGHT MOVEMENT ANGLE,Clear,DRY,Medium,NO CONTROLS,NONE DETECTED,Yes,No Apparent Injury,N/A,LOOKED BUT DID NOT SEE,DC,PASSENGER CAR,MAKING LEFT TURN,35,No,2017,ACURA,MDX,39.06865833,-77.07550667,2023,9,23
230056208,Property Damage Crash,09/21/2023 11:20:00 PM,CONNECTICUT AVE,NA,STRAIGHT MOVEMENT ANGLE,Clear,DRY,Medium,NO CONTROLS,NONE DETECTED,No,No Apparent Injury,N/A,LOOKED BUT DID NOT SEE,MD,PASSENGER CAR,MOVING CONSTANT SPEED,35,No,2017,HONDA,CIVIC,39.06865833,-77.07550667,2023,9,23
230056205,Property Damage Crash,09/21/2023 10:22:00 PM,NEW HAMPSHIRE AVE,NA,SAME DIR REAR END,Cloudy,DRY,Medium,TRAFFIC SIGNAL,ALCOHOL PRESENT,Yes,No Apparent Injury,N/A,TALKING OR LISTENING TO CELLULAR PHONE,MD,PASSENGER CAR,SLOWING OR STOPPING,45,No,2016,HYUN,4DR,39.09590866,-77.00218486,2023,9,22
230056205,Property Damage Crash,09/21/2023 10:22:00 PM,NEW HAMPSHIRE AVE,NA,SAME DIR REAR END,Cloudy,DRY,Medium,TRAFFIC SIGNAL,NONE DETECTED,No,No Apparent Injury,N/A,NOT DISTRACTED,MD,PASSENGER CAR,STOPPED IN TRAFFIC LANE,45,No,2018,TOYT,SD,39.09590866,-77.00218486,2023,9,22
230056197,Injury Crash,09/21/2023 09:45:00 PM,VEIRS MILL RD,NA,SAME DIR REAR END,Clear,DRY,Medium,TRAFFIC SIGNAL,NONE DETECTED,Yes,Possible Minor Injury,N/A,NOT DISTRACTED,MD,PASSENGER CAR,MOVING CONSTANT SPEED,35,No,2001,LEXUS,GS 300,39.06126333,-77.091415,2023,9,21
230056197,Injury Crash,09/21/2023 09:45:00 PM,VEIRS MILL RD,NA,SAME DIR REAR END,Clear,DRY,Medium,TRAFFIC SIGNAL,NONE DETECTED,No,No Apparent Injury,N/A,NOT DISTRACTED,MD,PASSENGER CAR,SLOWING OR STOPPING,35,No,2019,TOYT,TK,39.06126333,-77.091415,2023,9,21
230056175,Injury Crash,09/21/2023 06:45:00 PM,VEIRS MILL RD,NA,ANGLE MEETS LEFT TURN,Clear,DRY,Medium,TRAFFIC SIGNAL,NONE DETECTED,No,Possible Minor Injury,N/A,NOT DISTRACTED,MD,PASSENGER CAR,MOVING CONSTANT SPEED,40,No,2019,HONDA,CRV,38.99830833,-77.03307667,2023,9,18
230056175,Injury Crash,09/21/2023 06:45:00 PM,VEIRS MILL RD,NA,ANGLE MEETS LEFT TURN,Clear,DRY,Medium,TRAFFIC SIGNAL,NONE DETECTED,Yes,Possible Minor Injury,N/A,LOOKED BUT DID NOT SEE,MD,(SPORT) UTILITY VEHICLE,MAKING LEFT TURN,40,No,2020,ACURA,MDX,38.99830833,-77.03307667,2023,9,18
230056178,Property Damage Crash,09/21/2023 06:38:00 PM,TWINBROOK PKWY,NA,SAME DIRECTION SIDESWIPE,Clear,DRY,Daylight,UNKNOWN,NONE DETECTED,Yes,No Apparent Injury,N/A,UNKNOWN,NA,UNKNOWN,PASSING,25,No,0,UNKNOWN,UNKNOWN,39.07014057,-77.13130218,2023,9,18
230056160,Property Damage Crash,09/21/2023 05:35:00 PM,S FREDERICK RD,NA,SINGLE VEHICLE,Clear,DRY,Daylight,N/A,NONE DETECTED,Yes,No Apparent Injury,N/A,NOT DISTRACTED,MD,PASSENGER CAR,MAKING RIGHT TURN,35,No,2016,HONDA,CR-V,39.13183979,-77.18869565,2023,9,17
230056158,Property Damage Crash,09/21/2023 05:02:00 PM,FREDERICK RD,NA,SAME DIR REAR END,Clear,DRY,Daylight,N/A,NONE DETECTED,No,No Apparent Injury,"BACKUP DUE TO NON-RECURRING INCIDENT, N/A",NOT DISTRACTED,MD,(SPORT) UTILITY VEHICLE,SLOWING OR STOPPING,35,No,2015,SUBARU,OUTBACK,39.12273127,-77.17756825,2023,9,17
230056158,Property Damage Crash,09/21/2023 05:02:00 PM,FREDERICK RD,NA,SAME DIR REAR END,Clear,DRY,Daylight,N/A,NONE DETECTED,Yes,No Apparent Injury,"BACKUP DUE TO NON-RECURRING INCIDENT, N/A",NOT DISTRACTED,MD,PASSENGER CAR,MOVING CONSTANT SPEED,35,No,2011,FORD,MUSTANG,39.12273127,-77.17756825,2023,9,17
230056146,Property Damage Crash,09/21/2023 03:50:00 PM,ROCKVILLE PIKE,NA,OTHER,Clear,DRY,Daylight,TRAFFIC SIGNAL,NONE DETECTED,Unknown,No Apparent Injury,N/A,UNKNOWN,MD,PASSENGER CAR,STOPPED IN TRAFFIC LANE,35,No,2005,MERCEDES,E320,38.99968833,-77.09684833,2023,9,15
230056146,Property Damage Crash,09/21/2023 03:50:00 PM,ROCKVILLE PIKE,NA,OTHER,Clear,DRY,Daylight,TRAFFIC SIGNAL,NONE DETECTED,Unknown,No Apparent Injury,N/A,UNKNOWN,MD,TRANSIT BUS,MAKING LEFT TURN,35,No,2013,GILLIG,LOW FLOOR,38.99968833,-77.09684833,2023,9,15
230056128,Injury Crash,09/21/2023 02:56:00 PM,COLESVILLE RD,NA,SAME DIRECTION SIDESWIPE,Clear,DRY,Daylight,NO CONTROLS,NONE DETECTED,No,Possible Minor Injury,N/A,NOT DISTRACTED,MD,PASSENGER CAR,MOVING CONSTANT SPEED,45,No,2015,CHEV,EQUINOX,39.024535,-77.011095,2023,9,14
230056128,Injury Crash,09/21/2023 02:56:00 PM,COLESVILLE RD,NA,SAME DIRECTION SIDESWIPE,Clear,DRY,Daylight,NO CONTROLS,NONE DETECTED,Yes,No Apparent Injury,N/A,NOT DISTRACTED,MD,PASSENGER CAR,CHANGING LANES,45,No,2003,TOYOTA,COROLLA,39.024535,-77.011095,2023,9,14
230056121,Injury Crash,09/21/2023 02:15:00 PM,FIRSTFIELD RD,NA,STRAIGHT MOVEMENT ANGLE,Clear,DRY,Daylight,NO CONTROLS,NONE DETECTED,Yes,Possible Minor Injury,N/A,UNKNOWN,MD,PASSENGER CAR,ACCELERATING,30,No,2006,LEXUS,RX330,39.13980333,-77.22440667,2023,9,14
230056121,Injury Crash,09/21/2023 02:15:00 PM,FIRSTFIELD RD,NA,STRAIGHT MOVEMENT ANGLE,Clear,DRY,Daylight,NO CONTROLS,NONE DETECTED,No,No Apparent Injury,N/A,NOT DISTRACTED,MD,PASSENGER CAR,MOVING CONSTANT SPEED,30,No,2019,NISSAN,VAN,39.13980333,-77.22440667,2023,9,14
230056109,Injury Crash,09/21/2023 01:44:00 PM,NEW HAMPSHIRE AVE,NA,STRAIGHT MOVEMENT ANGLE,Clear,DRY,Daylight,TRAFFIC SIGNAL,NONE DETECTED,No,No Apparent Injury,N/A,NOT DISTRACTED,MD,"MEDIUM/HEAVY TRUCKS 3 AXLES (OVER 10,000LBS (4,536KG))",MOVING CONSTANT SPEED,45,No,1987,FRHT,ST,39.10584833,-77.00175833,2023,9,13
230056109,Injury Crash,09/21/2023 01:44:00 PM,NEW HAMPSHIRE AVE,NA,STRAIGHT MOVEMENT ANGLE,Clear,DRY,Daylight,TRAFFIC SIGNAL,NONE DETECTED,Yes,No Apparent Injury,N/A,NOT DISTRACTED,MD,PASSENGER CAR,MAKING LEFT TURN,45,No,2014,LINC,SD,39.10584833,-77.00175833,2023,9,13
230056109,Injury Crash,09/21/2023 01:44:00 PM,NEW HAMPSHIRE AVE,NA,STRAIGHT MOVEMENT ANGLE,Clear,DRY,Daylight,TRAFFIC SIGNAL,NONE DETECTED,No,Possible Minor Injury,N/A,NOT DISTRACTED,MD,PASSENGER CAR,STOPPED IN TRAFFIC LANE,45,No,2018,VOLK,2H,39.10584833,-77.00175833,2023,9,13
230056083,Property Damage Crash,09/21/2023 11:37:00 AM,HAMPDEN LA,NA,HEAD ON,Clear,DRY,Daylight,NO CONTROLS,NONE DETECTED,Unknown,No Apparent Injury,N/A,NOT DISTRACTED,MD,FIRE VEHICLE/NON EMERGENCY,MAKING LEFT TURN,25,No,2012,SPAR,K,38.986695,-77.10995167,2023,9,11
230056083,Property Damage Crash,09/21/2023 11:37:00 AM,HAMPDEN LA,NA,HEAD ON,Clear,DRY,Daylight,NO CONTROLS,NONE DETECTED,Unknown,No Apparent Injury,N/A,LOOKED BUT DID NOT SEE,MD,PASSENGER CAR,MAKING RIGHT TURN,25,No,2023,MNNI,PC,38.986695,-77.10995167,2023,9,11
230056080,Property Damage Crash,09/21/2023 11:09:00 AM,WESTLAKE DR,NA,HEAD ON,Clear,DRY,Daylight,NO CONTROLS,NONE DETECTED,Yes,No Apparent Injury,N/A,NOT DISTRACTED,MD,VAN,MAKING RIGHT TURN,15,No,2019,NISSAN,WG,39.035885,-77.14656667,2023,9,11
230056080,Property Damage Crash,09/21/2023 11:09:00 AM,WESTLAKE DR,NA,HEAD ON,Clear,DRY,Daylight,NO CONTROLS,NONE DETECTED,No,No Apparent Injury,N/A,NOT DISTRACTED,MD,(SPORT) UTILITY VEHICLE,SLOWING OR STOPPING,15,No,2018,TOYOTA,SUV,39.035885,-77.14656667,2023,9,11
230056051,Injury Crash,09/21/2023 08:13:00 AM,RIVER RD,NA,SAME DIR REAR END,Clear,DRY,Daylight,NO CONTROLS,NONE DETECTED,Yes,No Apparent Injury,N/A,LOOKED BUT DID NOT SEE,MD,PICKUP TRUCK,MOVING CONSTANT SPEED,35,No,2017,FORD,TK,39.02107667,-77.21311833,2023,9,8
230056051,Injury Crash,09/21/2023 08:13:00 AM,RIVER RD,NA,SAME DIR REAR END,Clear,DRY,Daylight,NO CONTROLS,NONE DETECTED,No,Possible Minor Injury,N/A,NOT DISTRACTED,MD,PICKUP TRUCK,SLOWING OR STOPPING,35,No,2023,GMC,SIERRA,39.02107667,-77.21311833,2023,9,8
230056046,Property Damage Crash,09/21/2023 08:04:00 AM,BRINK RD,NA,ANGLE MEETS LEFT TURN,Clear,DRY,Daylight,NO CONTROLS,NONE DETECTED,Yes,No Apparent Injury,N/A,LOOKED BUT DID NOT SEE,MD,PASSENGER CAR,MAKING LEFT TURN,35,No,2020,TOYT,COROLLA,39.20842,-77.16898833,2023,9,8
230056046,Property Damage Crash,09/21/2023 08:04:00 AM,BRINK RD,NA,ANGLE MEETS LEFT TURN,Clear,DRY,Daylight,NO CONTROLS,NONE DETECTED,No,No Apparent Injury,N/A,NOT DISTRACTED,MD,"OTHER LIGHT TRUCKS (10,000LBS (4,536KG) OR LESS)",MOVING CONSTANT SPEED,35,No,2014,GMC,3500,39.20842,-77.16898833,2023,9,8
230056045,Injury Crash,09/21/2023 07:58:00 AM,MD355,PEDESTRIAN,SINGLE VEHICLE,Clear,DRY,Daylight,STOP SIGN,NONE DETECTED,Yes,Possible Minor Injury,N/A,LOOKED BUT DID NOT SEE,MD,PASSENGER CAR,SLOWING OR STOPPING,25,No,2016,HOND,TK,39.23344183,-77.27232867,2023,9,7
230056040,Property Damage Crash,09/21/2023 07:56:00 AM,GERMANTOWN RD,NA,SAME DIR REAR END,Clear,DRY,Daylight,NO CONTROLS,NONE DETECTED,No,No Apparent Injury,N/A,NOT DISTRACTED,MD,PASSENGER CAR,SLOWING OR STOPPING,45,No,2017,TOYT,CAMRY,39.18749067,-77.25261483,2023,9,7
230056040,Property Damage Crash,09/21/2023 07:56:00 AM,GERMANTOWN RD,NA,SAME DIR REAR END,Clear,DRY,Daylight,NO CONTROLS,NONE DETECTED,Yes,No Apparent Injury,N/A,OTHER DISTRACTION,MD,PASSENGER CAR,MOVING CONSTANT SPEED,45,No,2021,HYUN,SONATA,39.18749067,-77.25261483,2023,9,7
230056039,Injury Crash,09/21/2023 07:54:00 AM,W DIAMOND AVE,NA,HEAD ON LEFT TURN,Clear,DRY,Daylight,TRAFFIC SIGNAL,NONE DETECTED,Yes,No Apparent Injury,N/A,LOOKED BUT DID NOT SEE,NE,PASSENGER CAR,MAKING LEFT TURN,35,No,2023,CHEVROLET,TAHOE,39.141605,-77.21792,2023,9,7
230056039,Injury Crash,09/21/2023 07:54:00 AM,W DIAMOND AVE,NA,HEAD ON LEFT TURN,Clear,DRY,Daylight,TRAFFIC SIGNAL,NONE DETECTED,No,Possible Minor Injury,N/A,NOT DISTRACTED,MD,PASSENGER CAR,MOVING CONSTANT SPEED,35,No,2014,KIA,FORTE,39.141605,-77.21792,2023,9,7
230056037,Property Damage Crash,09/21/2023 06:55:00 AM,NA,NA,OTHER,Clear,NA,Medium,NO CONTROLS,NONE DETECTED,Yes,No Apparent Injury,N/A,LOOKED BUT DID NOT SEE,MD,(SPORT) UTILITY VEHICLE,BACKING,0,No,2019,HOND,UT,39.26515833,-77.21406833,2023,9,6
230056034,Property Damage Crash,09/21/2023 06:40:00 AM,CONNECTICUT AVE,NA,SAME DIRECTION SIDESWIPE,Clear,DRY,Medium,TRAFFIC SIGNAL,NONE DETECTED,Yes,No Apparent Injury,N/A,UNKNOWN,MD,PASSENGER CAR,CHANGING LANES,35,No,2017,TOYOTA,RAV4,39.02876133,-77.07669183,2023,9,6
230056034,Property Damage Crash,09/21/2023 06:40:00 AM,CONNECTICUT AVE,NA,SAME DIRECTION SIDESWIPE,Clear,DRY,Medium,TRAFFIC SIGNAL,NONE DETECTED,No,No Apparent Injury,N/A,NOT DISTRACTED,MD,PASSENGER CAR,MOVING CONSTANT SPEED,35,No,2014,HONDA,CIVIC,39.02876133,-77.07669183,2023,9,6
230056023,Property Damage Crash,09/20/2023 11:59:00 PM,ARCOLA AVE,NA,SAME DIRECTION SIDESWIPE,Clear,DRY,Dark,NO CONTROLS,NONE DETECTED,Yes,No Apparent Injury,N/A,UNKNOWN,MD,(SPORT) UTILITY VEHICLE,MOVING CONSTANT SPEED,30,No,2017,ACURA,MDX,39.04722833,-77.045505,2023,9,23
230056015,Property Damage Crash,09/20/2023 09:09:00 PM,NA,NA,OTHER,Clear,NA,Medium,NO CONTROLS,NONE DETECTED,No,No Apparent Injury,N/A,NOT DISTRACTED,MD,PASSENGER CAR,PARKED,0,No,2014,NISS,SPORT,39.18025167,-77.27058767,2023,9,21
230056015,Property Damage Crash,09/20/2023 09:09:00 PM,NA,NA,OTHER,Clear,NA,Medium,NO CONTROLS,NONE DETECTED,Yes,No Apparent Injury,N/A,UNKNOWN,NA,NA,UNKNOWN,0,No,0,UNKNOWN,UNKNOWN,39.18025167,-77.27058767,2023,9,21
230056009,Injury Crash,09/20/2023 08:55:00 PM,CONNECTICUT AVE,NA,STRAIGHT MOVEMENT ANGLE,Clear,DRY,Medium,TRAFFIC SIGNAL,NONE DETECTED,Yes,Suspected Serious Injury,N/A,UNKNOWN,MD,PICKUP TRUCK,MAKING LEFT TURN,35,No,2008,TOYOTA,TUNDRA,39.05740667,-77.07353333,2023,9,20
230056009,Injury Crash,09/20/2023 08:55:00 PM,CONNECTICUT AVE,NA,STRAIGHT MOVEMENT ANGLE,Clear,DRY,Medium,TRAFFIC SIGNAL,NONE DETECTED,No,Suspected Serious Injury,N/A,UNKNOWN,MD,VAN,MOVING CONSTANT SPEED,35,No,2007,FORD,ECO VAN,39.05740667,-77.07353333,2023,9,20
230056011,Property Damage Crash,09/20/2023 08:50:00 PM,CLUB HOUSE RD,NA,ANGLE MEETS LEFT TURN,Clear,DRY,Medium,TRAFFIC SIGNAL,NONE DETECTED,Yes,No Apparent Injury,N/A,NOT DISTRACTED,MD,STATION WAGON,MAKING LEFT TURN,30,No,2023,JEEP,GRAND CHEROKEE,39.17459833,-77.20359833,2023,9,20
230056011,Property Damage Crash,09/20/2023 08:50:00 PM,CLUB HOUSE RD,NA,ANGLE MEETS LEFT TURN,Clear,DRY,Medium,TRAFFIC SIGNAL,NONE DETECTED,No,No Apparent Injury,N/A,NOT DISTRACTED,MD,PASSENGER CAR,MOVING CONSTANT SPEED,30,No,2012,TOYOTA,COROLLA,39.17459833,-77.20359833,2023,9,20
230056005,Property Damage Crash,09/20/2023 07:53:00 PM,MIDDLEBROOK RD,NA,SINGLE VEHICLE,Clear,DRY,Medium,NO CONTROLS,NONE DETECTED,Yes,No Apparent Injury,N/A,NOT DISTRACTED,MD,PASSENGER CAR,MOVING CONSTANT SPEED,35,No,2004,TOYT,COROLLA,39.182316,-77.2704095,2023,9,19
230055981,Property Damage Crash,09/20/2023 06:29:00 PM,EISENHOWER MEMORIAL HWY,NA,OTHER,Clear,DRY,Daylight,NO CONTROLS,NONE DETECTED,Yes,No Apparent Injury,"BACKUP DUE TO REGULAR CONGESTION, N/A",NOT DISTRACTED,MD,(SPORT) UTILITY VEHICLE,SLOWING OR STOPPING,55,No,2001,JEEP,TK,39.13557451,-77.20978235,2023,9,18
230055981,Property Damage Crash,09/20/2023 06:29:00 PM,EISENHOWER MEMORIAL HWY,NA,OTHER,Clear,DRY,Daylight,NO CONTROLS,NONE DETECTED,Yes,No Apparent Injury,"BACKUP DUE TO REGULAR CONGESTION, N/A",NOT DISTRACTED,MD,PASSENGER CAR,SLOWING OR STOPPING,55,No,2018,FORD,UT,39.13557451,-77.20978235,2023,9,18
230055981,Property Damage Crash,09/20/2023 06:29:00 PM,EISENHOWER MEMORIAL HWY,NA,OTHER,Clear,DRY,Daylight,NO CONTROLS,NONE DETECTED,No,No Apparent Injury,"BACKUP DUE TO REGULAR CONGESTION, N/A",NOT DISTRACTED,VA,PICKUP TRUCK,SLOWING OR STOPPING,55,No,2021,DODGE,RAM,39.13557451,-77.20978235,2023,9,18
230055978,Property Damage Crash,09/20/2023 06:10:00 PM,PARKLAWN DR,NA,SAME DIR REAR END,Clear,DRY,Medium,TRAFFIC SIGNAL,NONE DETECTED,No,No Apparent Injury,N/A,NOT DISTRACTED,MD,PASSENGER CAR,SLOWING OR STOPPING,35,No,2003,SUBARU,OUTBACK,39.06043817,-77.1117805,2023,9,18
230055978,Property Damage Crash,09/20/2023 06:10:00 PM,PARKLAWN DR,NA,SAME DIR REAR END,Clear,DRY,Medium,TRAFFIC SIGNAL,NONE DETECTED,Yes,No Apparent Injury,N/A,NOT DISTRACTED,MD,PASSENGER CAR,SLOWING OR STOPPING,35,No,2014,MERCEDES,E350,39.06043817,-77.1117805,2023,9,18
230055962,Property Damage Crash,09/20/2023 05:15:00 PM,REDLAND BLVD,NA,SAME DIR REAR END,Clear,DRY,Daylight,TRAFFIC SIGNAL,NONE DETECTED,No,No Apparent Injury,N/A,NOT DISTRACTED,MD,SCHOOL BUS,STOPPED IN TRAFFIC LANE,30,No,2022,FRHT,BUS,39.11065804,-77.17423664,2023,9,17
230055962,Property Damage Crash,09/20/2023 05:15:00 PM,REDLAND BLVD,NA,SAME DIR REAR END,Clear,DRY,Daylight,TRAFFIC SIGNAL,NONE DETECTED,Yes,No Apparent Injury,N/A,INATTENTIVE OR LOST IN THOUGHT,MD,PASSENGER CAR,MOVING CONSTANT SPEED,30,No,2019,TOYOTA,4S,39.11065804,-77.17423664,2023,9,17
230055963,Property Damage Crash,09/20/2023 05:04:00 PM,GEORGIA AVE,NA,OTHER,Clear,N/A,Daylight,NO CONTROLS,NONE DETECTED,Yes,No Apparent Injury,N/A,UNKNOWN,MD,"OTHER LIGHT TRUCKS (10,000LBS (4,536KG) OR LESS)",MOVING CONSTANT SPEED,35,No,2008,FORD,F350,39.01665512,-77.04282772,2023,9,17
230055967,Property Damage Crash,09/20/2023 04:40:00 PM,BROGDEN RD,NA,SINGLE VEHICLE,Clear,DRY,Daylight,NO CONTROLS,NONE DETECTED,Yes,No Apparent Injury,N/A,NOT DISTRACTED,MD,SCHOOL BUS,MAKING LEFT TURN,25,No,2019,THMS,BUS,39.132051,-76.9615735,2023,9,16
230055965,Property Damage Crash,09/20/2023 04:32:00 PM,NA,NA,OTHER,Clear,NA,Daylight,N/A,NONE DETECTED,Yes,No Apparent Injury,N/A,NOT DISTRACTED,MD,SCHOOL BUS,BACKING,15,No,2021,THOMAS,SB,39.10089665,-77.18517879,2023,9,16
230055970,Property Damage Crash,09/20/2023 04:30:00 PM,SEVEN LOCKS RD,NA,SAME DIRECTION SIDESWIPE,Clear,DRY,Daylight,NO CONTROLS,NONE DETECTED,Yes,No Apparent Injury,N/A,UNKNOWN,NA,PASSENGER CAR,PASSING,35,No,2014,HONDA,CR-V,39.04241032,-77.1595646,2023,9,16
230055970,Property Damage Crash,09/20/2023 04:30:00 PM,SEVEN LOCKS RD,NA,SAME DIRECTION SIDESWIPE,Clear,DRY,Daylight,NO CONTROLS,NONE DETECTED,No,No Apparent Injury,N/A,NOT DISTRACTED,MD,PASSENGER CAR,SLOWING OR STOPPING,35,No,2014,CHEVROLET,TAHOE,39.04241032,-77.1595646,2023,9,16
230055958,Property Damage Crash,09/20/2023 04:20:00 PM,NEW HAMPSHIRE AVE,NA,SAME DIRECTION LEFT TURN,Clear,DRY,Daylight,TRAFFIC SIGNAL,NONE DETECTED,No,No Apparent Injury,N/A,NOT DISTRACTED,MD,PASSENGER CAR,SLOWING OR STOPPING,35,No,2016,MAZD,SD,39.02067167,-76.97683,2023,9,16
230055958,Property Damage Crash,09/20/2023 04:20:00 PM,NEW HAMPSHIRE AVE,NA,SAME DIRECTION LEFT TURN,Clear,DRY,Daylight,TRAFFIC SIGNAL,NONE DETECTED,Yes,No Apparent Injury,N/A,INATTENTIVE OR LOST IN THOUGHT,MD,PASSENGER CAR,CHANGING LANES,35,No,2017,HOND,SD,39.02067167,-76.97683,2023,9,16
230055958,Property Damage Crash,09/20/2023 04:20:00 PM,NEW HAMPSHIRE AVE,NA,SAME DIRECTION LEFT TURN,Clear,DRY,Daylight,TRAFFIC SIGNAL,NONE DETECTED,No,No Apparent Injury,N/A,NOT DISTRACTED,MD,PASSENGER CAR,MOVING CONSTANT SPEED,35,No,2016,FORD,4S,39.02067167,-76.97683,2023,9,16
230056042,Property Damage Crash,09/20/2023 03:55:00 PM,NA,NA,OTHER,Clear,NA,Daylight,NO CONTROLS,NONE DETECTED,Yes,No Apparent Injury,N/A,UNKNOWN,MD,(SPORT) UTILITY VEHICLE,STARTING FROM PARKED,5,No,2022,BMW,X5,39.05257536,-76.95650262,2023,9,15
230055954,Property Damage Crash,09/20/2023 03:12:00 PM,NA,OTHER,UNKNOWN,Clear,NA,Daylight,NO CONTROLS,NONE DETECTED,Yes,No Apparent Injury,N/A,UNKNOWN,MD,PASSENGER CAR,PARKED,15,No,2023,VOLKSWAGEN,ATLAS,39.05635317,-77.11748383,2023,9,15
230055929,Property Damage Crash,09/20/2023 02:04:00 PM,FATHER HURLEY BLVD,NA,STRAIGHT MOVEMENT ANGLE,Clear,DRY,Daylight,TRAFFIC SIGNAL,NONE DETECTED,Yes,No Apparent Injury,N/A,UNKNOWN,MD,PASSENGER CAR,MOVING CONSTANT SPEED,45,No,2007,ACUR,UT,39.18138333,-77.27657667,2023,9,14
230055929,Property Damage Crash,09/20/2023 02:04:00 PM,FATHER HURLEY BLVD,NA,STRAIGHT MOVEMENT ANGLE,Clear,DRY,Daylight,TRAFFIC SIGNAL,NONE DETECTED,No,No Apparent Injury,N/A,UNKNOWN,WI,PASSENGER CAR,MOVING CONSTANT SPEED,45,No,2004,LEXS,4S,39.18138333,-77.27657667,2023,9,14
230055950,Property Damage Crash,09/20/2023 02:00:00 PM,NA,NA,OTHER,Clear,NA,Daylight,NO CONTROLS,NONE DETECTED,Yes,No Apparent Injury,N/A,NOT DISTRACTED,NA,PASSENGER CAR,BACKING,5,No,2021,TOYOTA,COROLLA,39.1415116,-77.18831756,2023,9,14
230055918,Property Damage Crash,09/20/2023 12:43:00 PM,NEW HAMPSHIRE AVE,NA,SAME DIRECTION SIDESWIPE,Clear,DRY,Daylight,NO CONTROLS,NONE DETECTED,Yes,No Apparent Injury,N/A,NOT DISTRACTED,MD,PASSENGER CAR,PASSING,45,No,2015,AUDI,A3,39.10549183,-77.0021625,2023,9,12
230055918,Property Damage Crash,09/20/2023 12:43:00 PM,NEW HAMPSHIRE AVE,NA,SAME DIRECTION SIDESWIPE,Clear,DRY,Daylight,NO CONTROLS,NONE DETECTED,Yes,No Apparent Injury,N/A,NOT DISTRACTED,MD,PICKUP TRUCK,SLOWING OR STOPPING,45,No,2022,FORD,F350,39.10549183,-77.0021625,2023,9,12
230055913,Injury Crash,09/20/2023 12:25:00 PM,WATKINS MILL RD,NA,SAME DIR REAR END,Clear,DRY,Daylight,TRAFFIC SIGNAL,NONE DETECTED,Yes,No Apparent Injury,N/A,UNKNOWN,NA,UNKNOWN,CHANGING LANES,35,No,0,UNKNOWN,UNKNOWN,39.15987031,-77.21775217,2023,9,12