Local Case Number,ACRS Report Type,Crash Date/Time,Road Name,Related Non-Motorist,Collision Type,Weather,Surface Condition,Light,Traffic Control,Driver Substance Abuse,Driver At Fault,Injury Severity,Circumstance,Driver Distracted By,Drivers License State,Vehicle Body Type,Vehicle Movement,Speed Limit,Driverless Vehicle,Vehicle Year,Vehicle Make,Vehicle Model,Latitude,Longitude,Year,Month,Hour
230055913,Injury Crash,09/20/2023 12:25:00 PM,WATKINS MILL RD,NA,SAME DIR REAR END,Clear,DRY,Daylight,TRAFFIC SIGNAL,NONE DETECTED,No,Possible Minor Injury,N/A,NOT DISTRACTED,IN,MOTORCYCLE,MOVING CONSTANT SPEED,35,No,2019,HD,CR,39.15987031,-77.21775217,2023,9,12
230055914,Injury Crash,09/20/2023 12:18:00 PM,NA,PEDESTRIAN,OTHER,Clear,NA,Daylight,NO CONTROLS,ALCOHOL PRESENT,Yes,No Apparent Injury,N/A,UNKNOWN,MD,PASSENGER CAR,MOVING CONSTANT SPEED,30,No,2017,KIA,SORENTO,39.17879833,-77.23895667,2023,9,12
230055912,Injury Crash,09/20/2023 12:14:00 PM,UNIVERSITY BLVD W,NA,ANGLE MEETS RIGHT TURN,Clear,DRY,Daylight,TRAFFIC SIGNAL,NONE DETECTED,No,Possible Minor Injury,N/A,NOT DISTRACTED,MD,PASSENGER CAR,MOVING CONSTANT SPEED,35,No,2008,TOYOTA,RAV4,39.0357315,-77.02621083,2023,9,12
230055938,Property Damage Crash,09/20/2023 12:14:00 PM,NA,NA,OTHER,Clear,NA,Daylight,N/A,NONE DETECTED,Yes,No Apparent Injury,N/A,UNKNOWN,MD,PASSENGER CAR,BACKING,5,No,2019,AUDI,SUV,39.09335833,-77.19754,2023,9,12
230055912,Injury Crash,09/20/2023 12:14:00 PM,UNIVERSITY BLVD W,NA,ANGLE MEETS RIGHT TURN,Clear,DRY,Daylight,TRAFFIC SIGNAL,NONE DETECTED,Yes,No Apparent Injury,N/A,NOT DISTRACTED,MD,PASSENGER CAR,ACCELERATING,35,No,2020,TOYT,CAMRY,39.0357315,-77.02621083,2023,9,12
230055910,Property Damage Crash,09/20/2023 12:00:00 PM,ROSSMOOR BLVD,NA,SINGLE VEHICLE,Clear,DRY,Daylight,NO CONTROLS,NONE DETECTED,Yes,No Apparent Injury,N/A,NOT DISTRACTED,MD,TRANSIT BUS,MAKING LEFT TURN,5,No,2013,NWFL,XDE,39.10095167,-77.073495,2023,9,12
230055911,Property Damage Crash,09/20/2023 11:53:00 AM,SNOWDEN FARM PKWY,NA,OTHER,Clear,DRY,Daylight,STOP SIGN,NONE DETECTED,No,No Apparent Injury,N/A,NOT DISTRACTED,MD,PASSENGER CAR,STOPPED IN TRAFFIC LANE,30,No,2020,NISSAN,SENTRA,39.24341617,-77.27471183,2023,9,11
230055911,Property Damage Crash,09/20/2023 11:53:00 AM,SNOWDEN FARM PKWY,NA,OTHER,Clear,DRY,Daylight,STOP SIGN,NONE DETECTED,Yes,No Apparent Injury,N/A,LOOKED BUT DID NOT SEE,MD,PASSENGER CAR,BACKING,30,No,2023,FORD,CG,39.24341617,-77.27471183,2023,9,11
230055909,Property Damage Crash,09/20/2023 10:30:00 AM,NA,NA,SAME DIRECTION SIDESWIPE,Clear,NA,Daylight,N/A,NONE DETECTED,Yes,No Apparent Injury,N/A,LOOKED BUT DID NOT SEE,MD,PASSENGER CAR,PARKING,5,No,2012,MAZDA,3,39.02522617,-77.071254,2023,9,10
230055890,Property Damage Crash,09/20/2023 10:18:00 AM,WILSON LA,NA,STRAIGHT MOVEMENT ANGLE,Clear,DRY,Daylight,STOP SIGN,NONE DETECTED,No,No Apparent Injury,N/A,NOT DISTRACTED,MD,TRANSIT BUS,MOVING CONSTANT SPEED,30,No,2013,GILLIS,BUS,38.987156830000004,-77.10686,2023,9,10
230055890,Property Damage Crash,09/20/2023 10:18:00 AM,WILSON LA,NA,STRAIGHT MOVEMENT ANGLE,Clear,DRY,Daylight,STOP SIGN,NONE DETECTED,Yes,No Apparent Injury,N/A,UNKNOWN,DC,(SPORT) UTILITY VEHICLE,STARTING FROM LANE,25,No,2022,VOLVO,XC60,38.987156830000004,-77.10686,2023,9,10
230055892,Property Damage Crash,09/20/2023 10:06:00 AM,BRIGGS CHANEY RD,NA,SAME DIRECTION LEFT TURN,Clear,DRY,Daylight,N/A,NONE DETECTED,No,No Apparent Injury,N/A,NOT DISTRACTED,MD,PASSENGER CAR,MOVING CONSTANT SPEED,40,No,2014,TOYOTA,CAMRY,39.08662819,-76.95651034,2023,9,10
230055892,Property Damage Crash,09/20/2023 10:06:00 AM,BRIGGS CHANEY RD,NA,SAME DIRECTION LEFT TURN,Clear,DRY,Daylight,N/A,NONE DETECTED,Yes,No Apparent Injury,N/A,OTHER DISTRACTION,MD,(SPORT) UTILITY VEHICLE,MAKING U TURN,40,No,2015,HYUN,UT,39.08662819,-76.95651034,2023,9,10
230055877,Property Damage Crash,09/20/2023 09:08:00 AM,MANOR CREST LANE,NA,SAME DIRECTION SIDESWIPE,Clear,DRY,Daylight,NO CONTROLS,NONE DETECTED,Yes,No Apparent Injury,N/A,NOT DISTRACTED,MD,SCHOOL BUS,MOVING CONSTANT SPEED,10,No,2014,THOM,BUS,39.21705,-77.26107167,2023,9,9
230055872,Property Damage Crash,09/20/2023 08:47:00 AM,CAPELLA LA,NA,SAME DIR REAR END,Clear,DRY,Daylight,NO CONTROLS,NONE DETECTED,Yes,No Apparent Injury,N/A,NOT DISTRACTED,MD,SCHOOL BUS,STARTING FROM LANE,10,No,2012,THOM,BU,39.15836167,-77.18015667,2023,9,8
230055845,Property Damage Crash,09/19/2023 11:22:00 PM,SLIGO AVE,NA,STRAIGHT MOVEMENT ANGLE,Clear,DRY,Medium,TRAFFIC SIGNAL,NONE DETECTED,No,No Apparent Injury,N/A,NOT DISTRACTED,MD,PASSENGER CAR,MOVING CONSTANT SPEED,30,No,2012,HONDA,ACCORD,38.99022333,-77.02655833,2023,9,23
230055845,Property Damage Crash,09/19/2023 11:22:00 PM,SLIGO AVE,NA,STRAIGHT MOVEMENT ANGLE,Clear,DRY,Medium,TRAFFIC SIGNAL,NONE DETECTED,Yes,No Apparent Injury,N/A,NOT DISTRACTED,NA,UNKNOWN,ACCELERATING,30,No,0,UNKNOWN,UNKNOWN,38.99022333,-77.02655833,2023,9,23
230055839,Property Damage Crash,09/19/2023 08:30:00 PM,VEIRS MILL RD,NA,SAME DIR REAR END,Clear,DRY,Medium,TRAFFIC SIGNAL,NONE DETECTED,No,No Apparent Injury,N/A,NOT DISTRACTED,MD,TRANSIT BUS,SLOWING OR STOPPING,35,No,2017,GILG,BU,39.055775,-77.08178667,2023,9,20
230055839,Property Damage Crash,09/19/2023 08:30:00 PM,VEIRS MILL RD,NA,SAME DIR REAR END,Clear,DRY,Medium,TRAFFIC SIGNAL,NONE DETECTED,Yes,No Apparent Injury,N/A,UNKNOWN,NA,PASSENGER CAR,MOVING CONSTANT SPEED,35,No,2017,FORD,TRANSIT,39.055775,-77.08178667,2023,9,20
230055826,Injury Crash,09/19/2023 08:01:00 PM,UNIVERSITY BLVD W,NA,SAME DIR REAR END,Clear,DRY,Medium,TRAFFIC SIGNAL,NONE DETECTED,No,No Apparent Injury,N/A,NOT DISTRACTED,MD,AMBULANCE/EMERGENCY,MOVING CONSTANT SPEED,25,No,2015,NISSAN,ROGUE,39.04021633,-77.0558175,2023,9,20
230055826,Injury Crash,09/19/2023 08:01:00 PM,UNIVERSITY BLVD W,NA,SAME DIR REAR END,Clear,DRY,Medium,TRAFFIC SIGNAL,NONE DETECTED,No,No Apparent Injury,N/A,NOT DISTRACTED,MD,AMBULANCE/EMERGENCY,MOVING CONSTANT SPEED,25,No,2018,TOYOTA,RAV4,39.04021633,-77.0558175,2023,9,20
230055826,Injury Crash,09/19/2023 08:01:00 PM,UNIVERSITY BLVD W,NA,SAME DIR REAR END,Clear,DRY,Medium,TRAFFIC SIGNAL,NONE DETECTED,Yes,Possible Minor Injury,N/A,UNKNOWN,MD,AMBULANCE/EMERGENCY,MOVING CONSTANT SPEED,25,No,2016,BMW,M3,39.04021633,-77.0558175,2023,9,20
230055826,Injury Crash,09/19/2023 08:01:00 PM,UNIVERSITY BLVD W,NA,SAME DIR REAR END,Clear,DRY,Medium,TRAFFIC SIGNAL,NONE DETECTED,No,No Apparent Injury,N/A,NOT DISTRACTED,MD,AMBULANCE/EMERGENCY,MOVING CONSTANT SPEED,25,No,1999,LEXUS,RX 300,39.04021633,-77.0558175,2023,9,20
230055831,Injury Crash,09/19/2023 07:58:00 PM,OLD COLUMBIA PIKE,NA,HEAD ON,Clear,DRY,Medium,NO CONTROLS,ALCOHOL PRESENT,Yes,Suspected Serious Injury,N/A,UNKNOWN,MD,PASSENGER CAR,MOVING CONSTANT SPEED,35,No,2004,CEHVORLET,TRAILBLAZER,39.06617958,-76.96395621,2023,9,19
230055831,Injury Crash,09/19/2023 07:58:00 PM,OLD COLUMBIA PIKE,NA,HEAD ON,Clear,DRY,Medium,NO CONTROLS,NONE DETECTED,No,Possible Minor Injury,N/A,NOT DISTRACTED,MD,PASSENGER CAR,MOVING CONSTANT SPEED,35,No,2017,NISSAN,ROGUE,39.06617958,-76.96395621,2023,9,19
230055809,Injury Crash,09/19/2023 06:23:00 PM,ROCKVILLE PIKE,PEDESTRIAN,HEAD ON LEFT TURN,Clear,DRY,Daylight,TRAFFIC SIGNAL,NONE DETECTED,Yes,No Apparent Injury,N/A,LOOKED BUT DID NOT SEE,MD,PASSENGER CAR,MAKING LEFT TURN,35,No,2018,HYUN,SANTA FE,39.04066867,-77.109677,2023,9,18
230055810,Property Damage Crash,09/19/2023 06:10:00 PM,ROCKVILLE PIKE,NA,SAME DIR REAR END,Clear,DRY,Daylight,NO CONTROLS,NONE DETECTED,No,No Apparent Injury,N/A,NOT DISTRACTED,MD,PASSENGER CAR,SLOWING OR STOPPING,0,No,2000,DODG,VN,39.0759884,-77.13797938,2023,9,18
230055810,Property Damage Crash,09/19/2023 06:10:00 PM,ROCKVILLE PIKE,NA,SAME DIR REAR END,Clear,DRY,Daylight,NO CONTROLS,NONE DETECTED,Yes,No Apparent Injury,N/A,OTHER DISTRACTION,MD,PASSENGER CAR,UNKNOWN,35,No,2014,INFI,TK,39.0759884,-77.13797938,2023,9,18
230055806,Property Damage Crash,09/19/2023 05:00:00 PM,LAYHILL RD,NA,SAME DIRECTION LEFT TURN,Clear,DRY,Daylight,NO CONTROLS,NONE DETECTED,Yes,No Apparent Injury,N/A,NOT DISTRACTED,MD,PASSENGER CAR,CHANGING LANES,40,No,2005,TOYOTA,CAMRY,39.08945947,-77.04466517,2023,9,17
230055806,Property Damage Crash,09/19/2023 05:00:00 PM,LAYHILL RD,NA,SAME DIRECTION LEFT TURN,Clear,DRY,Daylight,NO CONTROLS,NONE DETECTED,No,No Apparent Injury,N/A,NOT DISTRACTED,MD,PASSENGER CAR,MOVING CONSTANT SPEED,40,No,2018,TOYOTA,COROLLA,39.08945947,-77.04466517,2023,9,17
230055795,Property Damage Crash,09/19/2023 04:45:00 PM,DEMOCRACY BLVD,NA,STRAIGHT MOVEMENT ANGLE,Clear,DRY,Daylight,TRAFFIC SIGNAL,NONE DETECTED,Yes,No Apparent Injury,N/A,INATTENTIVE OR LOST IN THOUGHT,MD,PASSENGER CAR,MOVING CONSTANT SPEED,25,No,2020,CHEVY,IMPALA,39.02155973,-77.14497224,2023,9,16
230055795,Property Damage Crash,09/19/2023 04:45:00 PM,DEMOCRACY BLVD,NA,STRAIGHT MOVEMENT ANGLE,Clear,DRY,Daylight,TRAFFIC SIGNAL,NONE DETECTED,No,No Apparent Injury,N/A,NOT DISTRACTED,MD,VAN,MAKING LEFT TURN,30,No,2006,FORD,E350,39.02155973,-77.14497224,2023,9,16
230055799,Property Damage Crash,09/19/2023 03:49:00 PM,GUNNERS BRANCH RD,NA,SAME DIR REAR END,Clear,DRY,Daylight,STOP SIGN,NONE DETECTED,Yes,No Apparent Injury,N/A,LOOKED BUT DID NOT SEE,MD,SCHOOL BUS,STARTING FROM LANE,30,No,2020,THOMAS,BUS,39.17520167,-77.23863,2023,9,15
230055799,Property Damage Crash,09/19/2023 03:49:00 PM,GUNNERS BRANCH RD,NA,SAME DIR REAR END,Clear,DRY,Daylight,STOP SIGN,NONE DETECTED,No,No Apparent Injury,N/A,NOT DISTRACTED,MD,PASSENGER CAR,STOPPED IN TRAFFIC LANE,30,No,2013,ACURA,RDX,39.17520167,-77.23863,2023,9,15
230055780,Injury Crash,09/19/2023 03:40:00 PM,GREAT SENECA HWY,OTHER PEDALCYCLIST,OTHER,Clear,DRY,Daylight,TRAFFIC SIGNAL,NONE DETECTED,Yes,No Apparent Injury,N/A,LOOKED BUT DID NOT SEE,MD,PASSENGER CAR,SLOWING OR STOPPING,35,No,2023,ACURA,MDX,39.17121917,-77.262642,2023,9,15
230055778,Property Damage Crash,09/19/2023 03:27:00 PM,FOUNDERS WAY,NA,OTHER,Clear,DRY,Daylight,NO CONTROLS,NONE DETECTED,Yes,No Apparent Injury,N/A,NOT DISTRACTED,MD,SCHOOL BUS,MAKING LEFT TURN,25,No,2015,THOM,BUS,39.24464617,-77.21384483,2023,9,15
230055784,Property Damage Crash,09/19/2023 03:15:00 PM,LANDON LA,NA,SAME DIRECTION SIDESWIPE,Clear,DRY,Daylight,NO CONTROLS,NONE DETECTED,Yes,No Apparent Injury,N/A,UNKNOWN,NA,(SPORT) UTILITY VEHICLE,MOVING CONSTANT SPEED,25,No,2019,CADILLAC,XT4,38.98782716,-77.12001255,2023,9,15
230055784,Property Damage Crash,09/19/2023 03:15:00 PM,LANDON LA,NA,SAME DIRECTION SIDESWIPE,Clear,DRY,Daylight,NO CONTROLS,NONE DETECTED,No,No Apparent Injury,N/A,NOT DISTRACTED,MD,(SPORT) UTILITY VEHICLE,PARKED,25,No,2023,CHEVROLET,TAHOE RST,38.98782716,-77.12001255,2023,9,15
230055769,Property Damage Crash,09/19/2023 02:48:00 PM,OLNEY SANDY SPRING RD,NA,SAME DIR REAR END,Clear,DRY,Daylight,TRAFFIC SIGNAL,NONE DETECTED,No,No Apparent Injury,N/A,NOT DISTRACTED,MD,PASSENGER CAR,SLOWING OR STOPPING,40,No,1999,DODGE,DAKOTA,39.1447541,-77.04727787,2023,9,14
230055769,Property Damage Crash,09/19/2023 02:48:00 PM,OLNEY SANDY SPRING RD,NA,SAME DIR REAR END,Clear,DRY,Daylight,TRAFFIC SIGNAL,NONE DETECTED,Yes,No Apparent Injury,N/A,LOOKED BUT DID NOT SEE,MD,PASSENGER CAR,MOVING CONSTANT SPEED,40,No,2009,TOYOTA,SCION,39.1447541,-77.04727787,2023,9,14
230055767,Injury Crash,09/19/2023 02:40:00 PM,VEIRS MILL RD,NA,OPPOSITE DIRECTION SIDESWIPE,Clear,DRY,Daylight,N/A,NONE DETECTED,No,No Apparent Injury,N/A,NOT DISTRACTED,MD,AMBULANCE/EMERGENCY,MOVING CONSTANT SPEED,30,No,2014,INTL,AM,39.08093911,-77.14383471,2023,9,14
230055767,Injury Crash,09/19/2023 02:40:00 PM,VEIRS MILL RD,NA,OPPOSITE DIRECTION SIDESWIPE,Clear,DRY,Daylight,N/A,NONE DETECTED,Yes,Possible Minor Injury,N/A,NOT DISTRACTED,MD,PASSENGER CAR,MOVING CONSTANT SPEED,30,No,1998,HONDA,CRV,39.08093911,-77.14383471,2023,9,14
230055768,Property Damage Crash,09/19/2023 02:36:00 PM,BRADLEY BLVD,NA,STRAIGHT MOVEMENT ANGLE,Clear,DRY,Daylight,STOP SIGN,NONE DETECTED,Yes,No Apparent Injury,N/A,LOOKED BUT DID NOT SEE,MD,(SPORT) UTILITY VEHICLE,ACCELERATING,30,No,2016,HONDA,CRV,38.99122,-77.118044,2023,9,14
230055768,Property Damage Crash,09/19/2023 02:36:00 PM,BRADLEY BLVD,NA,STRAIGHT MOVEMENT ANGLE,Clear,DRY,Daylight,STOP SIGN,NONE DETECTED,No,No Apparent Injury,N/A,NOT DISTRACTED,MD,STATION WAGON,MOVING CONSTANT SPEED,30,No,2019,JEEP,TK,38.99122,-77.118044,2023,9,14
230055755,Injury Crash,09/19/2023 01:27:00 PM,NA,NA,SINGLE VEHICLE,Clear,NA,Daylight,N/A,NONE DETECTED,Yes,Possible Minor Injury,N/A,LOOKED BUT DID NOT SEE,MD,POLICE VEHICLE/NON EMERGENCY,MOVING CONSTANT SPEED,0,No,2018,FORD,EXPLORER,39.12477768,-77.19862893,2023,9,13
230055747,Property Damage Crash,09/19/2023 12:56:00 PM,OLD GEORGETOWN RD,NA,STRAIGHT MOVEMENT ANGLE,Clear,DRY,Daylight,TRAFFIC SIGNAL,NONE DETECTED,Yes,No Apparent Injury,N/A,LOOKED BUT DID NOT SEE,MD,PASSENGER CAR,MOVING CONSTANT SPEED,30,No,2015,CHEV,VN,39.02708167,-77.12622667,2023,9,12
230055747,Property Damage Crash,09/19/2023 12:56:00 PM,OLD GEORGETOWN RD,NA,STRAIGHT MOVEMENT ANGLE,Clear,DRY,Daylight,TRAFFIC SIGNAL,NONE DETECTED,No,No Apparent Injury,N/A,NOT DISTRACTED,MD,PASSENGER CAR,STARTING FROM LANE,30,No,2008,FORD,UT,39.02708167,-77.12622667,2023,9,12
230055715,Injury Crash,09/19/2023 10:26:00 AM,BATTERY LA,BICYCLIST,SINGLE VEHICLE,Clear,DRY,Daylight,TRAFFIC SIGNAL,NONE DETECTED,No,No Apparent Injury,N/A,NOT DISTRACTED,MD,TRANSIT BUS,SLOWING OR STOPPING,25,No,2017,FORD,E450 TRANSIT,38.992645,-77.0974075,2023,9,10
230055706,Injury Crash,09/19/2023 09:32:00 AM,PROSPERITY DR,NA,SINGLE VEHICLE,Clear,DRY,Daylight,N/A,NONE DETECTED,Yes,Possible Minor Injury,N/A,NOT DISTRACTED,MD,PASSENGER CAR,ACCELERATING,30,No,2022,TOYOTA,SUPRA,39.06032983,-76.9638485,2023,9,9
230055699,Property Damage Crash,09/19/2023 09:13:00 AM,CHEVY CHASE ST,NA,OTHER,Clear,DRY,Daylight,NO CONTROLS,NONE DETECTED,No,No Apparent Injury,N/A,NOT DISTRACTED,MD,FIRE VEHICLE/EMERGENCY,STOPPED IN TRAFFIC LANE,25,No,2022,PIERCE,FIRE TRUCK,39.12289833,-77.23169833,2023,9,9
230055699,Property Damage Crash,09/19/2023 09:13:00 AM,CHEVY CHASE ST,NA,OTHER,Clear,DRY,Daylight,NO CONTROLS,NONE DETECTED,Yes,No Apparent Injury,N/A,UNKNOWN,MD,PASSENGER CAR,MOVING CONSTANT SPEED,25,No,2024,HOND,CRV,39.12289833,-77.23169833,2023,9,9
230055697,Property Damage Crash,09/19/2023 09:01:00 AM,EAST WEST HWY,NA,SAME DIR REAR END,Clear,DRY,Daylight,NO CONTROLS,NONE DETECTED,No,No Apparent Injury,N/A,NOT DISTRACTED,VA,PASSENGER CAR,STOPPED IN TRAFFIC LANE,35,No,2018,AUDI,A4,38.99226983,-77.05879883,2023,9,9
230055697,Property Damage Crash,09/19/2023 09:01:00 AM,EAST WEST HWY,NA,SAME DIR REAR END,Clear,DRY,Daylight,NO CONTROLS,NONE DETECTED,Yes,No Apparent Injury,N/A,NOT DISTRACTED,MD,TRANSIT BUS,MOVING CONSTANT SPEED,35,No,2009,GILL,BUS,38.99226983,-77.05879883,2023,9,9
230055691,Injury Crash,09/19/2023 08:58:00 AM,NEW HAMPSHIRE AVE,NA,SINGLE VEHICLE,Clear,DRY,Daylight,NO CONTROLS,NONE DETECTED,Yes,Possible Minor Injury,N/A,UNKNOWN,MD,(SPORT) UTILITY VEHICLE,MOVING CONSTANT SPEED,35,No,2004,HONDA,PILOT,39.00819122,-76.97977206,2023,9,8
230055695,Injury Crash,09/19/2023 08:43:00 AM,DAMASCUS RD,NA,STRAIGHT MOVEMENT ANGLE,Clear,DRY,Daylight,STOP SIGN,NONE DETECTED,Yes,No Apparent Injury,N/A,LOOKED BUT DID NOT SEE,MD,PASSENGER CAR,STARTING FROM LANE,40,No,2012,NISS,ALTIMA,39.22716667,-77.075935,2023,9,8
230055695,Injury Crash,09/19/2023 08:43:00 AM,DAMASCUS RD,NA,STRAIGHT MOVEMENT ANGLE,Clear,DRY,Daylight,STOP SIGN,NONE DETECTED,No,Possible Minor Injury,N/A,NOT DISTRACTED,FL,(SPORT) UTILITY VEHICLE,MOVING CONSTANT SPEED,40,No,2016,MAZDA,CX5,39.22716667,-77.075935,2023,9,8
20055692,Property Damage Crash,09/19/2023 08:40:00 AM,RESEARCH BLVD,NA,SAME DIR REAR END,Clear,DRY,Daylight,N/A,NONE DETECTED,Yes,No Apparent Injury,N/A,INATTENTIVE OR LOST IN THOUGHT,MD,(SPORT) UTILITY VEHICLE,SLOWING OR STOPPING,35,No,2019,DODG,DURANGO,39.09480027,-77.18032516,2023,9,8
20055692,Property Damage Crash,09/19/2023 08:40:00 AM,RESEARCH BLVD,NA,SAME DIR REAR END,Clear,DRY,Daylight,N/A,NONE DETECTED,No,No Apparent Injury,N/A,NOT DISTRACTED,FL,PASSENGER CAR,STOPPED IN TRAFFIC LANE,35,No,2016,SUBA,CROSSTREK,39.09480027,-77.18032516,2023,9,8
230055688,Property Damage Crash,09/19/2023 08:35:00 AM,GREAT SENECA HWY,NA,HEAD ON LEFT TURN,Clear,DRY,Daylight,TRAFFIC SIGNAL,NONE DETECTED,No,No Apparent Injury,N/A,NOT DISTRACTED,MD,(SPORT) UTILITY VEHICLE,MOVING CONSTANT SPEED,50,No,2020,FORD,UT,39.133375,-77.24506167,2023,9,8
230055688,Property Damage Crash,09/19/2023 08:35:00 AM,GREAT SENECA HWY,NA,HEAD ON LEFT TURN,Clear,DRY,Daylight,TRAFFIC SIGNAL,NONE DETECTED,Yes,No Apparent Injury,N/A,NOT DISTRACTED,MD,(SPORT) UTILITY VEHICLE,MAKING LEFT TURN,50,No,2011,TOYT,FJ,39.133375,-77.24506167,2023,9,8
230055683,Property Damage Crash,09/19/2023 08:30:00 AM,COLESVILLE RD,NA,STRAIGHT MOVEMENT ANGLE,Cloudy,DRY,Daylight,NO CONTROLS,NONE DETECTED,Yes,No Apparent Injury,N/A,LOOKED BUT DID NOT SEE,MD,PASSENGER CAR,MAKING LEFT TURN,35,No,2013,NISSAN,ALTIMA,39.02395638,-77.01117117,2023,9,8
230055683,Property Damage Crash,09/19/2023 08:30:00 AM,COLESVILLE RD,NA,STRAIGHT MOVEMENT ANGLE,Cloudy,DRY,Daylight,NO CONTROLS,NONE DETECTED,No,No Apparent Injury,N/A,NOT DISTRACTED,MD,(SPORT) UTILITY VEHICLE,MOVING CONSTANT SPEED,35,No,2018,FORD,ESCAPE,39.02395638,-77.01117117,2023,9,8
230055687,Injury Crash,09/19/2023 08:20:00 AM,CLUB HOUSE RD,BICYCLIST,OPPOSITE DIRECTION SIDESWIPE,Clear,DRY,Daylight,TRAFFIC SIGNAL,NONE DETECTED,Yes,No Apparent Injury,N/A,UNKNOWN,NA,PICKUP TRUCK,MAKING RIGHT TURN,35,Unknown,1999,DODGE,PICKUP,39.17282733,-77.20144167,2023,9,8
230055677,Property Damage Crash,09/19/2023 07:41:00 AM,EISENHOWER MEMORIAL HWY,NA,SAME DIRECTION SIDESWIPE,Clear,DRY,Daylight,N/A,NONE DETECTED,No,No Apparent Injury,N/A,NOT DISTRACTED,MD,POLICE VEHICLE/NON EMERGENCY,MOVING CONSTANT SPEED,55,No,2019,DODGE,CHARGER,39.08304333,-77.17277833,2023,9,7
230055677,Property Damage Crash,09/19/2023 07:41:00 AM,EISENHOWER MEMORIAL HWY,NA,SAME DIRECTION SIDESWIPE,Clear,DRY,Daylight,N/A,NONE DETECTED,Yes,No Apparent Injury,N/A,NOT DISTRACTED,MD,PASSENGER CAR,CHANGING LANES,55,No,2023,HONDA,HR-V,39.08304333,-77.17277833,2023,9,7
230055679,Injury Crash,09/19/2023 07:36:00 AM,GEORGIA AVE,NA,SAME DIR REAR END,Clear,DRY,Daylight,NO CONTROLS,NONE DETECTED,No,No Apparent Injury,N/A,NOT DISTRACTED,NJ,"MEDIUM/HEAVY TRUCKS 3 AXLES (OVER 10,000LBS (4,536KG))",STOPPED IN TRAFFIC LANE,40,No,2020,PET,TK,39.22904333,-77.05795033,2023,9,7
230055680,Property Damage Crash,09/19/2023 07:36:00 AM,GEORGIA AVE,NA,SAME DIR REAR END,Clear,DRY,Daylight,NO CONTROLS,NONE DETECTED,No,No Apparent Injury,N/A,NOT DISTRACTED,MD,PASSENGER CAR,STOPPED IN TRAFFIC LANE,40,No,2016,GMC,TK,39.22903583,-77.05796867,2023,9,7
230055679,Injury Crash,09/19/2023 07:36:00 AM,GEORGIA AVE,NA,SAME DIR REAR END,Clear,DRY,Daylight,NO CONTROLS,NONE DETECTED,Yes,Possible Minor Injury,N/A,LOOKED BUT DID NOT SEE,MD,PASSENGER CAR,MOVING CONSTANT SPEED,40,No,2021,JEEP,UT,39.22904333,-77.05795033,2023,9,7
230055680,Property Damage Crash,09/19/2023 07:36:00 AM,GEORGIA AVE,NA,SAME DIR REAR END,Clear,DRY,Daylight,NO CONTROLS,NONE DETECTED,No,No Apparent Injury,N/A,NOT DISTRACTED,MD,PASSENGER CAR,STOPPED IN TRAFFIC LANE,40,No,2019,FORD,TK,39.22903583,-77.05796867,2023,9,7
230055680,Property Damage Crash,09/19/2023 07:36:00 AM,GEORGIA AVE,NA,SAME DIR REAR END,Clear,DRY,Daylight,NO CONTROLS,NONE DETECTED,Yes,No Apparent Injury,N/A,LOOKED BUT DID NOT SEE,MD,PASSENGER CAR,MOVING CONSTANT SPEED,40,No,2011,CHRY,300,39.22903583,-77.05796867,2023,9,7
230055669,Property Damage Crash,09/19/2023 06:35:00 AM,NA,NA,HEAD ON,Clear,NA,Medium,N/A,NONE DETECTED,Yes,No Apparent Injury,N/A,LOOKED BUT DID NOT SEE,MD,TRANSIT BUS,MAKING LEFT TURN,15,No,2017,GILG,BU,39.15310822,-77.20013428,2023,9,6
230055669,Property Damage Crash,09/19/2023 06:35:00 AM,NA,NA,HEAD ON,Clear,NA,Medium,N/A,NONE DETECTED,No,No Apparent Injury,N/A,NOT DISTRACTED,MD,PASSENGER CAR,PARKED,15,No,2014,TOYOTA,COROLLA,39.15310822,-77.20013428,2023,9,6
230055642,Injury Crash,09/18/2023 09:32:00 PM,NEW HAMPSHIRE AVE,NA,STRAIGHT MOVEMENT ANGLE,Clear,DRY,Medium,TRAFFIC SIGNAL,NONE DETECTED,No,Possible Minor Injury,N/A,NOT DISTRACTED,MD,(SPORT) UTILITY VEHICLE,ACCELERATING,40,No,2022,FORD,BRONCO,39.07748229,-77.00172263,2023,9,21
230055642,Injury Crash,09/18/2023 09:32:00 PM,NEW HAMPSHIRE AVE,NA,STRAIGHT MOVEMENT ANGLE,Clear,DRY,Medium,TRAFFIC SIGNAL,NONE DETECTED,Yes,Possible Minor Injury,N/A,UNKNOWN,MD,(SPORT) UTILITY VEHICLE,MOVING CONSTANT SPEED,40,No,2006,TOYOTA,RAV4,39.07748229,-77.00172263,2023,9,21
230055627,Property Damage Crash,09/18/2023 07:58:00 PM,LOST KNIFE RD,NA,SAME DIRECTION SIDESWIPE,Clear,DRY,Medium,TRAFFIC SIGNAL,NONE DETECTED,Unknown,No Apparent Injury,N/A,NOT DISTRACTED,MD,PASSENGER CAR,MAKING LEFT TURN,35,No,2018,HONDA,4S,39.15260718,-77.19862301,2023,9,19
230055627,Property Damage Crash,09/18/2023 07:58:00 PM,LOST KNIFE RD,NA,SAME DIRECTION SIDESWIPE,Clear,DRY,Medium,TRAFFIC SIGNAL,NONE DETECTED,Unknown,No Apparent Injury,N/A,NOT DISTRACTED,MD,PASSENGER CAR,MAKING LEFT TURN,35,No,2004,ACUR,HB,39.15260718,-77.19862301,2023,9,19
230055622,Property Damage Crash,09/18/2023 07:30:00 PM,UNIVERSITY BLVD E,NA,SAME DIR REAR END,Clear,DRY,Medium,STOP SIGN,NONE DETECTED,No,No Apparent Injury,N/A,NOT DISTRACTED,MD,PASSENGER CAR,MOVING CONSTANT SPEED,35,No,2021,NISS,SD,39.01007333,-77.00015,2023,9,19
230055622,Property Damage Crash,09/18/2023 07:30:00 PM,UNIVERSITY BLVD E,NA,SAME DIR REAR END,Clear,DRY,Medium,STOP SIGN,NONE DETECTED,Yes,No Apparent Injury,N/A,INATTENTIVE OR LOST IN THOUGHT,MD,PASSENGER CAR,CHANGING LANES,35,No,2011,TOYT,4S,39.01007333,-77.00015,2023,9,19
230055621,Property Damage Crash,09/18/2023 07:27:00 PM,BODMER AVE,NA,HEAD ON,Clear,DRY,Medium,NO CONTROLS,NONE DETECTED,Yes,No Apparent Injury,N/A,UNKNOWN,NA,PASSENGER CAR,BACKING,25,No,2023,FORD,TRANSIT,39.13633067,-77.41759515,2023,9,19
230055621,Property Damage Crash,09/18/2023 07:27:00 PM,BODMER AVE,NA,HEAD ON,Clear,DRY,Medium,NO CONTROLS,NONE DETECTED,No,No Apparent Injury,N/A,NOT DISTRACTED,MD,PASSENGER CAR,SLOWING OR STOPPING,25,No,2014,VOLV,UT,39.13633067,-77.41759515,2023,9,19
230055614,Property Damage Crash,09/18/2023 06:45:00 PM,ARCOLA AVE,NA,SAME DIR REAR END,Clear,DRY,Daylight,N/A,NONE DETECTED,Yes,No Apparent Injury,"N/A, VISION OBSTRUCTION (INCL. BLINDED BY SUN)",OTHER DISTRACTION,MD,PASSENGER CAR,SLOWING OR STOPPING,30,No,1989,TOYOTA,SUPRA,39.0471845,-77.04995933,2023,9,18