Local Case Number,ACRS Report Type,Crash Date/Time,Road Name,Related Non-Motorist,Collision Type,Weather,Surface Condition,Light,Traffic Control,Driver Substance Abuse,Driver At Fault,Injury Severity,Circumstance,Driver Distracted By,Drivers License State,Vehicle Body Type,Vehicle Movement,Speed Limit,Driverless Vehicle,Vehicle Year,Vehicle Make,Vehicle Model,Latitude,Longitude,Year,Month,Hour
230055614,Property Damage Crash,09/18/2023 06:45:00 PM,ARCOLA AVE,NA,SAME DIR REAR END,Clear,DRY,Daylight,N/A,NONE DETECTED,No,No Apparent Injury,"N/A, VISION OBSTRUCTION (INCL. BLINDED BY SUN)",NOT DISTRACTED,MD,POLICE VEHICLE/NON EMERGENCY,STOPPED IN TRAFFIC LANE,30,No,2019,DODGE,CHARGER,39.0471845,-77.04995933,2023,9,18
230055616,Property Damage Crash,09/18/2023 06:27:00 PM,ARCOLA AVENUE,NA,SAME DIR REAR END,Clear,DRY,Daylight,YIELD SIGN,NONE DETECTED,No,No Apparent Injury,"N/A, V WIPERS|W OTHER ENVIRONMENTAL",NOT DISTRACTED,MD,PICKUP TRUCK,STOPPED IN TRAFFIC LANE,30,No,2020,FORD,F-150,39.04714172,-77.05043886,2023,9,18
230055616,Property Damage Crash,09/18/2023 06:27:00 PM,ARCOLA AVENUE,NA,SAME DIR REAR END,Clear,DRY,Daylight,YIELD SIGN,NONE DETECTED,Yes,No Apparent Injury,"N/A, V WIPERS|W OTHER ENVIRONMENTAL",UNKNOWN,DC,PASSENGER CAR,SLOWING OR STOPPING,30,No,2020,MITSUBISHI,ECLIPSE CROSS,39.04714172,-77.05043886,2023,9,18
230055612,Property Damage Crash,09/18/2023 05:55:00 PM,NA,NA,SAME DIRECTION RIGHT TURN,Clear,NA,Daylight,N/A,NONE DETECTED,Yes,No Apparent Injury,N/A,UNKNOWN,NA,PASSENGER CAR,STARTING FROM PARKED,15,No,2015,DODGE,RAM,38.98895333,-76.98986667,2023,9,17
230055609,Property Damage Crash,09/18/2023 05:45:00 PM,NA,NA,SINGLE VEHICLE,Clear,NA,Daylight,N/A,NONE DETECTED,Yes,No Apparent Injury,"N/A, WET",LOOKED BUT DID NOT SEE,MD,VAN,MOVING CONSTANT SPEED,5,No,2003,FORD,E350,39.06558833,-77.16001517,2023,9,17
230055602,Property Damage Crash,09/18/2023 05:01:00 PM,LAYHILL RD,NA,STRAIGHT MOVEMENT ANGLE,Clear,DRY,Daylight,NO CONTROLS,NONE DETECTED,Yes,No Apparent Injury,N/A,LOOKED BUT DID NOT SEE,MD,PASSENGER CAR,MAKING LEFT TURN,40,No,2018,INFI,Q50,39.09223667,-77.04511,2023,9,17
230055602,Property Damage Crash,09/18/2023 05:01:00 PM,LAYHILL RD,NA,STRAIGHT MOVEMENT ANGLE,Clear,DRY,Daylight,NO CONTROLS,NONE DETECTED,No,No Apparent Injury,N/A,NOT DISTRACTED,MD,PASSENGER CAR,MOVING CONSTANT SPEED,40,No,2023,TOYOTA,COROLLA CROSS,39.09223667,-77.04511,2023,9,17
230055588,Injury Crash,09/18/2023 04:14:00 PM,MUSGROVE RD,NA,STRAIGHT MOVEMENT ANGLE,Clear,DRY,Daylight,STOP SIGN,NONE DETECTED,No,No Apparent Injury,N/A,NOT DISTRACTED,MD,TRANSIT BUS,STARTING FROM LANE,35,No,2010,NEW FLYER,DE40LFA,39.06824867,-76.962441,2023,9,16
230055588,Injury Crash,09/18/2023 04:14:00 PM,MUSGROVE RD,NA,STRAIGHT MOVEMENT ANGLE,Clear,DRY,Daylight,STOP SIGN,NONE DETECTED,Yes,Possible Minor Injury,N/A,LOOKED BUT DID NOT SEE,DC,PASSENGER CAR,ENTERING TRAFFIC LANE,35,No,2017,VOLKSWAGEN,GOLF,39.06824867,-76.962441,2023,9,16
230055581,Property Damage Crash,09/18/2023 03:45:00 PM,BONIFANT RD,NA,SAME DIR REAR END,Clear,DRY,Daylight,NO CONTROLS,NONE DETECTED,No,No Apparent Injury,N/A,NOT DISTRACTED,MD,(SPORT) UTILITY VEHICLE,MOVING CONSTANT SPEED,35,No,2017,SUBARU,4S,39.0935725,-77.03558767,2023,9,15
230055581,Property Damage Crash,09/18/2023 03:45:00 PM,BONIFANT RD,NA,SAME DIR REAR END,Clear,DRY,Daylight,NO CONTROLS,NONE DETECTED,Yes,No Apparent Injury,N/A,NOT DISTRACTED,MD,VAN,MOVING CONSTANT SPEED,35,No,2007,HYUNDAI,ENTOURAGE,39.0935725,-77.03558767,2023,9,15
230055581,Property Damage Crash,09/18/2023 03:45:00 PM,BONIFANT RD,NA,SAME DIR REAR END,Clear,DRY,Daylight,NO CONTROLS,NONE DETECTED,No,No Apparent Injury,N/A,NOT DISTRACTED,MD,(SPORT) UTILITY VEHICLE,STOPPED IN TRAFFIC LANE,35,No,2020,CHEVY,EQUINOX,39.0935725,-77.03558767,2023,9,15
230055554,Property Damage Crash,09/18/2023 01:55:00 PM,RIDGE RD,NA,SINGLE VEHICLE,Cloudy,DRY,Daylight,NO CONTROLS,NONE DETECTED,Yes,No Apparent Injury,N/A,BY MOVING OBJECT IN VEHICLE,MD,PASSENGER CAR,MOVING CONSTANT SPEED,30,No,2007,TOYOTA,RAV-4,39.28014833,-77.21182833,2023,9,13
230055543,Property Damage Crash,09/18/2023 01:25:00 PM,NA,NA,SINGLE VEHICLE,Clear,NA,Daylight,NO CONTROLS,NONE DETECTED,Yes,No Apparent Injury,N/A,NOT DISTRACTED,MD,PASSENGER CAR,PARKING,15,No,2010,CHEVROLET,IMPALA,39.170884,-77.20715883,2023,9,13
230055532,Property Damage Crash,09/18/2023 12:26:00 PM,NEW HAMPSHIRE AVE,NA,SAME DIR BOTH LEFT TURN,Clear,DRY,Daylight,TRAFFIC SIGNAL,NONE DETECTED,No,No Apparent Injury,N/A,NOT DISTRACTED,MD,OTHER BUS,STOPPED IN TRAFFIC LANE,35,No,2012,GILL,HY,38.98868346,-76.98770833,2023,9,12
230055532,Property Damage Crash,09/18/2023 12:26:00 PM,NEW HAMPSHIRE AVE,NA,SAME DIR BOTH LEFT TURN,Clear,DRY,Daylight,TRAFFIC SIGNAL,NONE DETECTED,Yes,No Apparent Injury,N/A,UNKNOWN,MD,PASSENGER CAR,SLOWING OR STOPPING,35,No,2013,CHEVROLET,SILVERADO,38.98868346,-76.98770833,2023,9,12
230055547,Property Damage Crash,09/18/2023 11:36:00 AM,NA,NA,OTHER,Clear,NA,Daylight,N/A,NONE DETECTED,No,No Apparent Injury,N/A,UNKNOWN,NA,PASSENGER CAR,UNKNOWN,15,No,2018,HONDA,HRV,39.15078222,-77.21127772,2023,9,11
230055547,Property Damage Crash,09/18/2023 11:36:00 AM,NA,NA,OTHER,Clear,NA,Daylight,N/A,NONE DETECTED,Yes,No Apparent Injury,N/A,UNKNOWN,MD,PASSENGER CAR,STARTING FROM PARKED,15,No,2021,NISSAN,VERSA,39.15078222,-77.21127772,2023,9,11
230055516,Injury Crash,09/18/2023 11:02:00 AM,VEIRS MILL RD,NA,SAME DIR REAR END,Clear,DRY,Daylight,NO CONTROLS,NONE DETECTED,No,Possible Minor Injury,N/A,LOOKED BUT DID NOT SEE,MD,PASSENGER CAR,ACCELERATING,35,No,2011,TOYT,4S,39.0446625,-77.06428183,2023,9,11
230055516,Injury Crash,09/18/2023 11:02:00 AM,VEIRS MILL RD,NA,SAME DIR REAR END,Clear,DRY,Daylight,NO CONTROLS,NONE DETECTED,Yes,No Apparent Injury,N/A,LOOKED BUT DID NOT SEE,MD,PASSENGER CAR,MOVING CONSTANT SPEED,35,No,2009,TOYT,4S,39.0446625,-77.06428183,2023,9,11
230055513,Property Damage Crash,09/18/2023 10:32:00 AM,SUGAR RIDGE TERR,NA,SINGLE VEHICLE,Clear,DRY,Daylight,NO CONTROLS,NONE DETECTED,Yes,No Apparent Injury,N/A,LOOKED BUT DID NOT SEE,MD,SCHOOL BUS,BACKING,25,No,2019,THOMAS,PUSH-MSDE-D,39.20303967,-77.33328667,2023,9,10
230055474,Property Damage Crash,09/18/2023 08:27:00 AM,FALLS RD,NA,STRAIGHT MOVEMENT ANGLE,Clear,DRY,Daylight,STOP SIGN,NONE DETECTED,No,No Apparent Injury,N/A,NOT DISTRACTED,MD,PASSENGER CAR,MOVING CONSTANT SPEED,40,No,2011,ACURA,TSX,39.08127433,-77.25003933,2023,9,8
230055474,Property Damage Crash,09/18/2023 08:27:00 AM,FALLS RD,NA,STRAIGHT MOVEMENT ANGLE,Clear,DRY,Daylight,STOP SIGN,NONE DETECTED,Yes,No Apparent Injury,N/A,NOT DISTRACTED,MD,PASSENGER CAR,MAKING LEFT TURN,40,No,2014,TOYT,SU,39.08127433,-77.25003933,2023,9,8
230055469,Property Damage Crash,09/18/2023 08:05:00 AM,CLOPPER RD,NA,HEAD ON LEFT TURN,Clear,DRY,Daylight,TRAFFIC SIGNAL,NONE DETECTED,Yes,No Apparent Injury,N/A,LOOKED BUT DID NOT SEE,MD,PASSENGER CAR,MAKING LEFT TURN,30,No,2023,TESL,Y,39.164835,-77.28723167,2023,9,8
230055469,Property Damage Crash,09/18/2023 08:05:00 AM,CLOPPER RD,NA,HEAD ON LEFT TURN,Clear,DRY,Daylight,TRAFFIC SIGNAL,NONE DETECTED,No,No Apparent Injury,N/A,NOT DISTRACTED,MD,PICKUP TRUCK,MOVING CONSTANT SPEED,30,No,2022,FORD,MAVERICK,39.164835,-77.28723167,2023,9,8
230055472,Injury Crash,09/18/2023 08:00:00 AM,CLOPPER RD,NA,SAME DIR REAR END,Clear,DRY,Daylight,NO CONTROLS,NONE DETECTED,No,Possible Minor Injury,N/A,NOT DISTRACTED,MD,PASSENGER CAR,SLOWING OR STOPPING,35,No,2018,HOND,TK,39.14865162,-77.23934912,2023,9,8
230055472,Injury Crash,09/18/2023 08:00:00 AM,CLOPPER RD,NA,SAME DIR REAR END,Clear,DRY,Daylight,NO CONTROLS,NONE DETECTED,Yes,No Apparent Injury,N/A,NOT DISTRACTED,MD,PASSENGER CAR,SLOWING OR STOPPING,35,No,2011,NISS,SU,39.14865162,-77.23934912,2023,9,8
230055464,Injury Crash,09/18/2023 07:32:00 AM,INDEPENDENCE ST,NA,OPPOSITE DIRECTION SIDESWIPE,Cloudy,WET,Daylight,NO CONTROLS,NONE DETECTED,No,Possible Minor Injury,N/A,NOT DISTRACTED,MD,(SPORT) UTILITY VEHICLE,MOVING CONSTANT SPEED,25,No,2012,TOYOTA,RAV4,39.072874,-77.08615217,2023,9,7
230055464,Injury Crash,09/18/2023 07:32:00 AM,INDEPENDENCE ST,NA,OPPOSITE DIRECTION SIDESWIPE,Cloudy,WET,Daylight,NO CONTROLS,NONE DETECTED,Yes,No Apparent Injury,N/A,INATTENTIVE OR LOST IN THOUGHT,MD,PASSENGER CAR,MOVING CONSTANT SPEED,25,No,2015,CHEVROLET,MALIBU,39.072874,-77.08615217,2023,9,7
230055458,Property Damage Crash,09/18/2023 07:00:00 AM,PARKLAWN DR,NA,SAME DIR REAR END,Clear,DRY,Daylight,TRAFFIC SIGNAL,NONE DETECTED,No,No Apparent Injury,N/A,NOT DISTRACTED,MD,PICKUP TRUCK,SLOWING OR STOPPING,35,No,2017,NISSAN,FRONTIER,39.06155183,-77.1171725,2023,9,7
230055457,Property Damage Crash,09/18/2023 07:00:00 AM,CASTLE BLVD,NA,STRAIGHT MOVEMENT ANGLE,Rain,WET,Daylight,STOP SIGN,NONE DETECTED,Yes,No Apparent Injury,N/A,NOT DISTRACTED,MD,PASSENGER CAR,MAKING LEFT TURN,25,No,2023,TOYOTA,COROLLA,39.08140233,-76.94576983,2023,9,7
230055457,Property Damage Crash,09/18/2023 07:00:00 AM,CASTLE BLVD,NA,STRAIGHT MOVEMENT ANGLE,Rain,WET,Daylight,STOP SIGN,NONE DETECTED,No,No Apparent Injury,N/A,NOT DISTRACTED,MD,PASSENGER CAR,MOVING CONSTANT SPEED,25,No,2005,TOYOTA,SIENNA,39.08140233,-76.94576983,2023,9,7
230055458,Property Damage Crash,09/18/2023 07:00:00 AM,PARKLAWN DR,NA,SAME DIR REAR END,Clear,DRY,Daylight,TRAFFIC SIGNAL,NONE DETECTED,Yes,No Apparent Injury,N/A,NOT DISTRACTED,DC,TRANSIT BUS,SLOWING OR STOPPING,35,No,2017,BUS,TRANSIT,39.06155183,-77.1171725,2023,9,7
230055453,Property Damage Crash,09/18/2023 05:38:00 AM,GOSHEN RD,NA,SINGLE VEHICLE,Rain,WET,Dark,NO CONTROLS,NONE DETECTED,Unknown,No Apparent Injury,"N/A, WET",NOT DISTRACTED,MD,PASSENGER CAR,SLOWING OR STOPPING,35,No,2022,CHEV,UT,39.20503333,-77.18657667,2023,9,5
230053912,Property Damage Crash,09/18/2023 03:01:00 AM,GEORGIA AVE,NA,SINGLE VEHICLE,Rain,WET,Medium,TRAFFIC SIGNAL,NONE DETECTED,Yes,No Apparent Injury,"N/A, WET",UNKNOWN,MD,PASSENGER CAR,MOVING CONSTANT SPEED,35,No,2017,TOYOTA,CAMRY,39.02629699,-77.04659086,2023,9,3
230055449,Property Damage Crash,09/18/2023 02:59:00 AM,W WATKINS MILL RD,NA,SINGLE VEHICLE,Rain,WET,Medium,TRAFFIC SIGNAL,ALCOHOL PRESENT,Yes,No Apparent Injury,"N/A, WET",LOOKED BUT DID NOT SEE,MD,PASSENGER CAR,MOVING CONSTANT SPEED,35,No,2020,MERCEDES BENZ,CLA 250,39.15599945,-77.22669342,2023,9,2
230055441,Property Damage Crash,09/17/2023 11:27:00 PM,AIRPARK RD,NA,SINGLE VEHICLE,Clear,WET,Medium,N/A,NONE DETECTED,Yes,No Apparent Injury,"N/A, WET",NOT DISTRACTED,MD,PASSENGER CAR,MOVING CONSTANT SPEED,35,No,2002,BMW,CV,39.15005167,-77.14547167,2023,9,23
230055434,Property Damage Crash,09/17/2023 09:45:00 PM,NORBECK RD,NA,SAME DIRECTION SIDESWIPE,Rain,WET,Medium,NO CONTROLS,NONE DETECTED,No,No Apparent Injury,"RAIN, SNOW, WET",NOT DISTRACTED,MD,PASSENGER CAR,MOVING CONSTANT SPEED,35,No,2016,CHEV,SW,39.1107467,-77.0739892,2023,9,21
230055434,Property Damage Crash,09/17/2023 09:45:00 PM,NORBECK RD,NA,SAME DIRECTION SIDESWIPE,Rain,WET,Medium,NO CONTROLS,NONE DETECTED,Yes,No Apparent Injury,"RAIN, SNOW, WET",UNKNOWN,XX,PASSENGER CAR,CHANGING LANES,35,No,2021,HYUNDAI,ELANTRA,39.1107467,-77.0739892,2023,9,21
230055429,Injury Crash,09/17/2023 09:11:00 PM,LAYHILL RD,NA,HEAD ON LEFT TURN,Rain,WET,Dark,NO CONTROLS,NONE DETECTED,Yes,Possible Minor Injury,"N/A, WET",LOOKED BUT DID NOT SEE,MD,PASSENGER CAR,MAKING LEFT TURN,35,No,2018,HYUN,SD,39.07480071,-77.04577265,2023,9,21
230055429,Injury Crash,09/17/2023 09:11:00 PM,LAYHILL RD,NA,HEAD ON LEFT TURN,Rain,WET,Dark,NO CONTROLS,NONE DETECTED,No,No Apparent Injury,"N/A, WET",NOT DISTRACTED,MN,PASSENGER CAR,MOVING CONSTANT SPEED,35,No,2013,TOYOTA,CAMRY,39.07480071,-77.04577265,2023,9,21
230055426,Property Damage Crash,09/17/2023 08:38:00 PM,DARNESTOWN RD,NA,HEAD ON LEFT TURN,Rain,WET,Medium,TRAFFIC SIGNAL,NONE DETECTED,No,No Apparent Injury,"RAIN, SNOW, WET",NOT DISTRACTED,MD,PASSENGER CAR,MOVING CONSTANT SPEED,40,No,2018,TOYOTA,CAMRY,39.09675,-77.20359333,2023,9,20
230055426,Property Damage Crash,09/17/2023 08:38:00 PM,DARNESTOWN RD,NA,HEAD ON LEFT TURN,Rain,WET,Medium,TRAFFIC SIGNAL,NONE DETECTED,Yes,No Apparent Injury,"RAIN, SNOW, WET",NOT DISTRACTED,MD,PASSENGER CAR,MAKING LEFT TURN,40,No,2016,HONDA,ACCORD,39.09675,-77.20359333,2023,9,20
230055423,Injury Crash,09/17/2023 08:02:00 PM,CONNECTICUT AVE,NA,SAME DIR REAR END,Rain,WET,Medium,NO CONTROLS,NONE DETECTED,No,No Apparent Injury,N/A,NOT DISTRACTED,MD,PASSENGER CAR,STOPPED IN TRAFFIC LANE,25,No,2006,CHRYSLER,PACIFICA,39.04868167,-77.07547,2023,9,20
230055423,Injury Crash,09/17/2023 08:02:00 PM,CONNECTICUT AVE,NA,SAME DIR REAR END,Rain,WET,Medium,NO CONTROLS,NONE DETECTED,No,No Apparent Injury,N/A,NOT DISTRACTED,VA,PASSENGER CAR,STOPPED IN TRAFFIC LANE,25,No,2011,TOYOTA,SIENNA,39.04868167,-77.07547,2023,9,20
230055423,Injury Crash,09/17/2023 08:02:00 PM,CONNECTICUT AVE,NA,SAME DIR REAR END,Rain,WET,Medium,NO CONTROLS,NONE DETECTED,Yes,Possible Minor Injury,N/A,LOOKED BUT DID NOT SEE,VA,PASSENGER CAR,MOVING CONSTANT SPEED,25,No,2013,CHEVY,MALIBU,39.04868167,-77.07547,2023,9,20
230055427,Property Damage Crash,09/17/2023 07:59:00 PM,COLUMBIA PIKE,NA,SAME DIRECTION SIDESWIPE,Rain,WET,Medium,N/A,NONE DETECTED,Unknown,No Apparent Injury,"RAIN, SNOW, WET",NOT DISTRACTED,MD,PASSENGER CAR,MOVING CONSTANT SPEED,55,No,2012,ORD,EDGE,39.123391,-76.92552783,2023,9,19
230055427,Property Damage Crash,09/17/2023 07:59:00 PM,COLUMBIA PIKE,NA,SAME DIRECTION SIDESWIPE,Rain,WET,Medium,N/A,NONE DETECTED,Unknown,No Apparent Injury,"RAIN, SNOW, WET",NOT DISTRACTED,MD,AMBULANCE/EMERGENCY,MOVING CONSTANT SPEED,55,No,2002,BMW,325,39.123391,-76.92552783,2023,9,19
230055405,Property Damage Crash,09/17/2023 04:40:00 PM,CENTERWAY RD,NA,HEAD ON LEFT TURN,Rain,WET,Daylight,TRAFFIC SIGNAL,NONE DETECTED,Yes,No Apparent Injury,"RAIN, SNOW, WET",NOT DISTRACTED,DC,PASSENGER CAR,MAKING LEFT TURN,35,No,2019,LEXUS,GX450,39.16941333,-77.19061,2023,9,16
230055405,Property Damage Crash,09/17/2023 04:40:00 PM,CENTERWAY RD,NA,HEAD ON LEFT TURN,Rain,WET,Daylight,TRAFFIC SIGNAL,NONE DETECTED,No,No Apparent Injury,"RAIN, SNOW, WET",NOT DISTRACTED,MD,PASSENGER CAR,MOVING CONSTANT SPEED,35,No,2016,FORD,FOCUS,39.16941333,-77.19061,2023,9,16
230055401,Property Damage Crash,09/17/2023 04:16:00 PM,DARNESTOWN RD,NA,SAME DIR REAR END,Rain,WET,Daylight,TRAFFIC SIGNAL,NONE DETECTED,No,No Apparent Injury,"RAIN, SNOW, WET",NOT DISTRACTED,MD,(SPORT) UTILITY VEHICLE,STOPPED IN TRAFFIC LANE,40,No,2017,MERCEDES-BENZ,GLS-CLASS,39.10023192,-77.21332384,2023,9,16
230055401,Property Damage Crash,09/17/2023 04:16:00 PM,DARNESTOWN RD,NA,SAME DIR REAR END,Rain,WET,Daylight,TRAFFIC SIGNAL,NONE DETECTED,Yes,No Apparent Injury,"RAIN, SNOW, WET",UNKNOWN,MD,(SPORT) UTILITY VEHICLE,SLOWING OR STOPPING,40,No,2016,HONDA,PILOT,39.10023192,-77.21332384,2023,9,16
230055395,Injury Crash,09/17/2023 03:36:00 PM,FREDERICK RD,NA,HEAD ON LEFT TURN,Clear,DRY,Daylight,TRAFFIC SIGNAL,NONE DETECTED,No,Possible Minor Injury,N/A,NOT DISTRACTED,MD,PASSENGER CAR,MOVING CONSTANT SPEED,35,No,2013,ACUR,SW,39.11560667,-77.166145,2023,9,15
230055395,Injury Crash,09/17/2023 03:36:00 PM,FREDERICK RD,NA,HEAD ON LEFT TURN,Clear,DRY,Daylight,TRAFFIC SIGNAL,NONE DETECTED,Yes,No Apparent Injury,N/A,LOOKED BUT DID NOT SEE,MD,PASSENGER CAR,MAKING LEFT TURN,35,No,2021,KIA,UT,39.11560667,-77.166145,2023,9,15
230055393,Property Damage Crash,09/17/2023 03:20:00 PM,CHRISTOPHER AVE,NA,HEAD ON LEFT TURN,Cloudy,DRY,Daylight,NO CONTROLS,NONE DETECTED,No,No Apparent Injury,N/A,UNKNOWN,MD,PASSENGER CAR,MOVING CONSTANT SPEED,30,No,2022,TOYT,SD,39.15940227,-77.21025855,2023,9,15
230055393,Property Damage Crash,09/17/2023 03:20:00 PM,CHRISTOPHER AVE,NA,HEAD ON LEFT TURN,Cloudy,DRY,Daylight,NO CONTROLS,NONE DETECTED,Yes,No Apparent Injury,N/A,LOOKED BUT DID NOT SEE,MD,PASSENGER CAR,MAKING LEFT TURN,30,No,2014,LEXS,SD,39.15940227,-77.21025855,2023,9,15
230055369,Property Damage Crash,09/17/2023 12:06:00 PM,GERMANTOWN RD,NA,SINGLE VEHICLE,Rain,WET,Daylight,TRAFFIC SIGNAL,NONE DETECTED,Yes,No Apparent Injury,"RAIN, SNOW, WET",NOT DISTRACTED,MD,PASSENGER CAR,MAKING RIGHT TURN,45,No,2014,ACURA,MDX,39.20274771,-77.24552401,2023,9,12
230055364,Property Damage Crash,09/17/2023 11:39:00 AM,FLOWER AVE,NA,SINGLE VEHICLE,Rain,WET,Daylight,NO CONTROLS,NONE DETECTED,Yes,No Apparent Injury,"N/A, WET",NOT DISTRACTED,MD,PASSENGER CAR,MAKING RIGHT TURN,30,No,2005,TOYTA,CAMRY,39.00900933,-77.00821183,2023,9,11
230055358,Property Damage Crash,09/17/2023 10:39:00 AM,WISCONSIN AVE,NA,SAME DIRECTION SIDESWIPE,Rain,WET,Daylight,NO CONTROLS,NONE DETECTED,No,No Apparent Injury,N/A,NOT DISTRACTED,FL,"CARGO VAN/LIGHT TRUCK 2 AXLES (OVER 10,000LBS (4,536 KG))",ACCELERATING,25,No,2015,PETERBILT,TRACTOR,38.99224617,-77.09583483,2023,9,10
230055358,Property Damage Crash,09/17/2023 10:39:00 AM,WISCONSIN AVE,NA,SAME DIRECTION SIDESWIPE,Rain,WET,Daylight,NO CONTROLS,NONE DETECTED,Yes,No Apparent Injury,N/A,NOT DISTRACTED,MD,PASSENGER CAR,STARTING FROM LANE,25,No,2023,HYUNDAI,ELANTRA,38.99224617,-77.09583483,2023,9,10
230055354,Property Damage Crash,09/17/2023 10:25:00 AM,RIDGE RD,NA,SAME DIR REAR END,Rain,WET,Daylight,TRAFFIC SIGNAL,NONE DETECTED,No,No Apparent Injury,"RAIN, SNOW, WET",NOT DISTRACTED,MD,PASSENGER CAR,STOPPED IN TRAFFIC LANE,45,No,2021,TOYT,TUNDRA,39.20224333,-77.25329167,2023,9,10
230055354,Property Damage Crash,09/17/2023 10:25:00 AM,RIDGE RD,NA,SAME DIR REAR END,Rain,WET,Daylight,TRAFFIC SIGNAL,NONE DETECTED,Yes,No Apparent Injury,"RAIN, SNOW, WET",NOT DISTRACTED,MD,PASSENGER CAR,SLOWING OR STOPPING,45,No,2019,VOLKSWAGEN,BEETLE,39.20224333,-77.25329167,2023,9,10
230055354,Property Damage Crash,09/17/2023 10:25:00 AM,RIDGE RD,NA,SAME DIR REAR END,Rain,WET,Daylight,TRAFFIC SIGNAL,NONE DETECTED,No,No Apparent Injury,"RAIN, SNOW, WET",NOT DISTRACTED,MD,PASSENGER CAR,STOPPED IN TRAFFIC LANE,45,No,2011,TOYT,HIGHLANDER,39.20224333,-77.25329167,2023,9,10
230055336,Injury Crash,09/17/2023 04:25:00 AM,GIRARD ST,NA,SINGLE VEHICLE,Clear,DRY,Medium,NO CONTROLS,NONE DETECTED,Yes,No Apparent Injury,N/A,UNKNOWN,NA,PICKUP TRUCK,MOVING CONSTANT SPEED,25,No,2013,CHEVROLET,SILVERADO,39.15048431,-77.19123774,2023,9,4
230055331,Property Damage Crash,09/17/2023 03:02:00 AM,NA,NA,OPPOSITE DIRECTION SIDESWIPE,Clear,NA,Dark,N/A,NONE DETECTED,Yes,No Apparent Injury,N/A,UNKNOWN,NA,PASSENGER CAR,PARKING,10,No,2011,HONDA,ACCORD,39.03861167,-77.02895833,2023,9,3
230055326,Property Damage Crash,09/17/2023 01:33:00 AM,OLD GEORGETOWN RD,NA,HEAD ON LEFT TURN,Clear,DRY,Medium,FLASHING TRAFFIC SIGNAL,NONE DETECTED,Yes,No Apparent Injury,N/A,LOOKED BUT DID NOT SEE,DE,PASSENGER CAR,MAKING LEFT TURN,35,No,2015,CHEVY,EQU,39.0247795,-77.12506717,2023,9,1
230055326,Property Damage Crash,09/17/2023 01:33:00 AM,OLD GEORGETOWN RD,NA,HEAD ON LEFT TURN,Clear,DRY,Medium,FLASHING TRAFFIC SIGNAL,NONE DETECTED,No,No Apparent Injury,N/A,NOT DISTRACTED,MD,PASSENGER CAR,MOVING CONSTANT SPEED,35,No,2017,VOLK,TAOS,39.0247795,-77.12506717,2023,9,1
230055325,Property Damage Crash,09/17/2023 01:25:00 AM,DUMBARTON DR,NA,SAME DIR REAR END,Clear,DRY,Medium,NO CONTROLS,ALCOHOL PRESENT,Yes,No Apparent Injury,N/A,UNKNOWN,MD,(SPORT) UTILITY VEHICLE,MOVING CONSTANT SPEED,25,No,2010,HYUNDAI,SANTA FE,39.0698764,-77.0842362,2023,9,1
230055324,Injury Crash,09/17/2023 01:00:00 AM,OLD COLUMBIA PIKE,NA,STRAIGHT MOVEMENT ANGLE,Clear,DRY,Medium,FLASHING TRAFFIC SIGNAL,NONE DETECTED,Unknown,Possible Minor Injury,N/A,LOOKED BUT DID NOT SEE,MD,(SPORT) UTILITY VEHICLE,MOVING CONSTANT SPEED,25,No,2016,BMW,X3,39.11136167,-76.93192333,2023,9,1
230055324,Injury Crash,09/17/2023 01:00:00 AM,OLD COLUMBIA PIKE,NA,STRAIGHT MOVEMENT ANGLE,Clear,DRY,Medium,FLASHING TRAFFIC SIGNAL,ALCOHOL PRESENT,Unknown,No Apparent Injury,N/A,LOOKED BUT DID NOT SEE,MD,(SPORT) UTILITY VEHICLE,MOVING CONSTANT SPEED,25,No,2005,TOYOTA,4RUNNER,39.11136167,-76.93192333,2023,9,1
230055316,Property Damage Crash,09/16/2023 11:40:00 PM,GEORGIA AVE,NA,OTHER,Clear,DRY,Medium,TRAFFIC SIGNAL,NONE DETECTED,No,No Apparent Injury,N/A,NOT DISTRACTED,MD,"CARGO VAN/LIGHT TRUCK 2 AXLES (OVER 10,000LBS (4,536 KG))",STOPPED IN TRAFFIC LANE,45,No,2015,INTERNATIONAL,TK,39.09309045,-77.07934576,2023,9,23
230055316,Property Damage Crash,09/16/2023 11:40:00 PM,GEORGIA AVE,NA,OTHER,Clear,DRY,Medium,TRAFFIC SIGNAL,ALCOHOL PRESENT,Yes,No Apparent Injury,N/A,LOOKED BUT DID NOT SEE,MD,PASSENGER CAR,MOVING CONSTANT SPEED,45,No,2012,CHEVY,CRUZE,39.09309045,-77.07934576,2023,9,23
230055299,Injury Crash,09/16/2023 09:11:00 PM,SOUTHWOOD AVE,OTHER,SINGLE VEHICLE,Clear,DRY,Medium,TRAFFIC SIGNAL,NONE DETECTED,Unknown,No Apparent Injury,N/A,NOT DISTRACTED,MD,PASSENGER CAR,STARTING FROM LANE,35,No,2011,TOYT,RAV4,39.0260546,-77.01099856,2023,9,21
230055398,Property Damage Crash,09/16/2023 09:05:00 PM,WOODMONT AVE,NA,SAME DIR REND RIGHT TURN,Clear,DRY,Medium,TRAFFIC SIGNAL,NONE DETECTED,No,No Apparent Injury,N/A,NOT DISTRACTED,VA,PASSENGER CAR,MAKING RIGHT TURN,25,No,2010,FORD,FOCUS,38.98600167,-77.09924833,2023,9,21
230055398,Property Damage Crash,09/16/2023 09:05:00 PM,WOODMONT AVE,NA,SAME DIR REND RIGHT TURN,Clear,DRY,Medium,TRAFFIC SIGNAL,NONE DETECTED,Yes,No Apparent Injury,N/A,LOOKED BUT DID NOT SEE,MD,PASSENGER CAR,SLOWING OR STOPPING,25,No,2019,MAZDA,CX3,38.98600167,-77.09924833,2023,9,21
230055295,Property Damage Crash,09/16/2023 08:40:00 PM,PROSE ST,NA,OTHER,Clear,DRY,Medium,NO CONTROLS,NONE DETECTED,Yes,No Apparent Injury,N/A,NOT DISTRACTED,MD,POLICE VEHICLE/NON EMERGENCY,BACKING,25,No,2016,FORD,INTERCEPTOR,39.04696833,-77.10548,2023,9,20
230055295,Property Damage Crash,09/16/2023 08:40:00 PM,PROSE ST,NA,OTHER,Clear,DRY,Medium,NO CONTROLS,NONE DETECTED,No,No Apparent Injury,N/A,NOT DISTRACTED,DC,PASSENGER CAR,MOVING CONSTANT SPEED,25,No,2022,CHEVY,BOLT,39.04696833,-77.10548,2023,9,20
230055280,Property Damage Crash,09/16/2023 07:30:00 PM,HILTON AVE,NA,SAME DIR REAR END,Clear,DRY,Medium,NO CONTROLS,NONE DETECTED,Yes,No Apparent Injury,N/A,UNKNOWN,MD,OTHER,SLOWING OR STOPPING,15,No,2020,FORD,TK,38.98302158,-76.99553518,2023,9,19
230055279,Property Damage Crash,09/16/2023 06:59:00 PM,CORDELL AVE,NA,OTHER,Clear,DRY,Daylight,NO CONTROLS,NONE DETECTED,Yes,No Apparent Injury,N/A,LOOKED BUT DID NOT SEE,MD,PASSENGER CAR,BACKING,15,No,2012,SPAR,TK,38.98828967,-77.09931067,2023,9,18
230055274,Property Damage Crash,09/16/2023 06:40:00 PM,VEIRS MILL RD,NA,SAME DIR REAR END,Clear,DRY,Daylight,TRAFFIC SIGNAL,NONE DETECTED,Yes,No Apparent Injury,N/A,NOT DISTRACTED,NA,NA,MOVING CONSTANT SPEED,35,No,0,UNKNOWN,UNKNOWN,39.06112944,-77.09090324,2023,9,18