Local Case Number,ACRS Report Type,Crash Date/Time,Road Name,Related Non-Motorist,Collision Type,Weather,Surface Condition,Light,Traffic Control,Driver Substance Abuse,Driver At Fault,Injury Severity,Circumstance,Driver Distracted By,Drivers License State,Vehicle Body Type,Vehicle Movement,Speed Limit,Driverless Vehicle,Vehicle Year,Vehicle Make,Vehicle Model,Latitude,Longitude,Year,Month,Hour
230055274,Property Damage Crash,09/16/2023 06:40:00 PM,VEIRS MILL RD,NA,SAME DIR REAR END,Clear,DRY,Daylight,TRAFFIC SIGNAL,NONE DETECTED,No,No Apparent Injury,N/A,NOT DISTRACTED,MD,PASSENGER CAR,STOPPED IN TRAFFIC LANE,35,No,2015,TOYOTA,COROLLA,39.06112944,-77.09090324,2023,9,18
230055274,Property Damage Crash,09/16/2023 06:40:00 PM,VEIRS MILL RD,NA,SAME DIR REAR END,Clear,DRY,Daylight,TRAFFIC SIGNAL,NONE DETECTED,No,No Apparent Injury,N/A,NOT DISTRACTED,MD,PASSENGER CAR,STOPPED IN TRAFFIC LANE,35,No,2021,TOYOYTA,SD,39.06112944,-77.09090324,2023,9,18
230055274,Property Damage Crash,09/16/2023 06:40:00 PM,VEIRS MILL RD,NA,SAME DIR REAR END,Clear,DRY,Daylight,TRAFFIC SIGNAL,NONE DETECTED,No,No Apparent Injury,N/A,NOT DISTRACTED,MD,PASSENGER CAR,STOPPED IN TRAFFIC LANE,35,No,2013,TOYOTA,TK,39.06112944,-77.09090324,2023,9,18
230055282,Injury Crash,09/16/2023 06:25:00 PM,DALEWOOD DR,OTHER,OTHER,Clear,DRY,Daylight,TRAFFIC SIGNAL,NONE DETECTED,Yes,No Apparent Injury,N/A,UNKNOWN,NA,PASSENGER CAR,MAKING RIGHT TURN,35,No,0,NISSAN,ROUGE,39.05918064,-77.06919908,2023,9,18
230055275,Property Damage Crash,09/16/2023 06:18:00 PM,VEIRS MILL SERV RD,NA,SAME DIR REAR END,Clear,DRY,Daylight,NO CONTROLS,NONE DETECTED,Yes,No Apparent Injury,N/A,LOOKED BUT DID NOT SEE,MD,PASSENGER CAR,BACKING,25,No,2015,HOND,SD,39.05570667,-77.08211,2023,9,18
230055275,Property Damage Crash,09/16/2023 06:18:00 PM,VEIRS MILL SERV RD,NA,SAME DIR REAR END,Clear,DRY,Daylight,NO CONTROLS,NONE DETECTED,No,No Apparent Injury,N/A,NOT DISTRACTED,MD,PASSENGER CAR,STOPPED IN TRAFFIC LANE,25,No,2019,NISS,SD,39.05570667,-77.08211,2023,9,18
230055268,Property Damage Crash,09/16/2023 05:45:00 PM,PARKLAND DR,NA,SAME DIRECTION SIDESWIPE,Clear,DRY,Daylight,NO CONTROLS,NONE DETECTED,Yes,No Apparent Injury,N/A,NOT DISTRACTED,MD,TRANSIT BUS,MOVING CONSTANT SPEED,25,No,2017,GILG,BUS,39.08522914,-77.08689612,2023,9,17
230055256,Property Damage Crash,09/16/2023 05:00:00 PM,CHARLESTON DR,NA,STRAIGHT MOVEMENT ANGLE,Clear,DRY,Daylight,STOP SIGN,NONE DETECTED,Yes,No Apparent Injury,N/A,LOOKED BUT DID NOT SEE,MD,(SPORT) UTILITY VEHICLE,STARTING FROM LANE,25,No,2011,HONDA,CRV,39.01683,-77.1607,2023,9,17
230055256,Property Damage Crash,09/16/2023 05:00:00 PM,CHARLESTON DR,NA,STRAIGHT MOVEMENT ANGLE,Clear,DRY,Daylight,STOP SIGN,NONE DETECTED,No,No Apparent Injury,N/A,NOT DISTRACTED,MD,PASSENGER CAR,MOVING CONSTANT SPEED,35,No,2020,MERCEDES,C300,39.01683,-77.1607,2023,9,17
230055258,Property Damage Crash,09/16/2023 04:50:00 PM,NA,NA,SINGLE VEHICLE,Clear,NA,Daylight,N/A,NONE DETECTED,Yes,No Apparent Injury,N/A,NOT DISTRACTED,MD,(SPORT) UTILITY VEHICLE,NEGOTIATING A CURVE,15,No,2005,TOYOTA,RAV4,39.15062967,-77.31183,2023,9,16
230055239,Property Damage Crash,09/16/2023 03:34:00 PM,TWINBROOK PKWY,NA,STRAIGHT MOVEMENT ANGLE,Clear,DRY,Daylight,STOP SIGN,NONE DETECTED,Yes,No Apparent Injury,N/A,OTHER CELLULAR PHONE RELATED,MD,PASSENGER CAR,ACCELERATING,25,No,2015,KIA,4S,39.07584237,-77.11139458,2023,9,15
230055239,Property Damage Crash,09/16/2023 03:34:00 PM,TWINBROOK PKWY,NA,STRAIGHT MOVEMENT ANGLE,Clear,DRY,Daylight,STOP SIGN,NONE DETECTED,No,No Apparent Injury,N/A,NOT DISTRACTED,MD,PASSENGER CAR,MOVING CONSTANT SPEED,25,No,2019,CHRY,VN,39.07584237,-77.11139458,2023,9,15
230055242,Property Damage Crash,09/16/2023 03:13:00 PM,GEORGIA AVE,NA,SAME DIRECTION SIDESWIPE,Clear,DRY,Daylight,TRAFFIC SIGNAL,NONE DETECTED,Yes,No Apparent Injury,N/A,NOT DISTRACTED,MD,PASSENGER CAR,CHANGING LANES,25,No,2007,HONDA,CIVIC,39.04652667,-77.05149833,2023,9,15
230055242,Property Damage Crash,09/16/2023 03:13:00 PM,GEORGIA AVE,NA,SAME DIRECTION SIDESWIPE,Clear,DRY,Daylight,TRAFFIC SIGNAL,NONE DETECTED,No,No Apparent Injury,N/A,NOT DISTRACTED,MD,PASSENGER CAR,MOVING CONSTANT SPEED,25,No,2007,TOYOTA,FJ CRUISER,39.04652667,-77.05149833,2023,9,15
230055235,Property Damage Crash,09/16/2023 02:58:00 PM,OLD GEORGETOWN RD,NA,SAME DIR BOTH LEFT TURN,Clear,DRY,Daylight,TRAFFIC SIGNAL,NONE DETECTED,No,No Apparent Injury,N/A,NOT DISTRACTED,MD,PASSENGER CAR,MAKING LEFT TURN,35,No,2015,TOYOTA,PRIUS,39.01508849,-77.11847344,2023,9,14
230055235,Property Damage Crash,09/16/2023 02:58:00 PM,OLD GEORGETOWN RD,NA,SAME DIR BOTH LEFT TURN,Clear,DRY,Daylight,TRAFFIC SIGNAL,NONE DETECTED,Yes,No Apparent Injury,N/A,UNKNOWN,NA,NA,CHANGING LANES,35,No,0,UNKNOWN,UNKNOWN,39.01508849,-77.11847344,2023,9,14
230055221,Property Damage Crash,09/16/2023 12:40:00 PM,MONTGOMERY VILLAGE AVE,NA,STRAIGHT MOVEMENT ANGLE,Clear,DRY,Daylight,STOP SIGN,NONE DETECTED,Yes,No Apparent Injury,N/A,NOT DISTRACTED,MD,PASSENGER CAR,ACCELERATING,35,No,2017,RAM,TK,39.18468167,-77.198755,2023,9,12
230055221,Property Damage Crash,09/16/2023 12:40:00 PM,MONTGOMERY VILLAGE AVE,NA,STRAIGHT MOVEMENT ANGLE,Clear,DRY,Daylight,STOP SIGN,NONE DETECTED,Yes,No Apparent Injury,N/A,NOT DISTRACTED,MD,PASSENGER CAR,MAKING LEFT TURN,35,No,2018,NISS,4S,39.18468167,-77.198755,2023,9,12
230055214,Property Damage Crash,09/16/2023 11:43:00 AM,BLUERIDGE AVE,NA,HEAD ON LEFT TURN,Clear,DRY,Daylight,STOP SIGN,NONE DETECTED,Yes,No Apparent Injury,N/A,LOOKED BUT DID NOT SEE,MD,(SPORT) UTILITY VEHICLE,MOVING CONSTANT SPEED,25,No,2018,LEXS,RX350,39.04323767,-77.05316683,2023,9,11
230055214,Property Damage Crash,09/16/2023 11:43:00 AM,BLUERIDGE AVE,NA,HEAD ON LEFT TURN,Clear,DRY,Daylight,STOP SIGN,NONE DETECTED,No,No Apparent Injury,N/A,NOT DISTRACTED,VA,(SPORT) UTILITY VEHICLE,MAKING LEFT TURN,25,No,2010,JEEP,LIBERTY,39.04323767,-77.05316683,2023,9,11
230055212,Property Damage Crash,09/16/2023 10:51:00 AM,OLD GEORGETOWN RD,PEDESTRIAN,SAME DIRECTION SIDESWIPE,Clear,DRY,Daylight,TRAFFIC SIGNAL,NONE DETECTED,No,No Apparent Injury,N/A,NOT DISTRACTED,MD,(SPORT) UTILITY VEHICLE,CHANGING LANES,35,No,2020,PORS,CAYENNE,39.01735406,-77.12018279,2023,9,10
230055207,Injury Crash,09/16/2023 10:20:00 AM,CENTERWAY RD,NA,SAME DIRECTION RIGHT TURN,Clear,DRY,Daylight,TRAFFIC SIGNAL,NONE DETECTED,Yes,Possible Minor Injury,N/A,NOT DISTRACTED,MD,PASSENGER CAR,MAKING RIGHT TURN,35,No,2019,MERZ,UT,39.1695,-77.19073833,2023,9,10
230055207,Injury Crash,09/16/2023 10:20:00 AM,CENTERWAY RD,NA,SAME DIRECTION RIGHT TURN,Clear,DRY,Daylight,TRAFFIC SIGNAL,NONE DETECTED,No,No Apparent Injury,N/A,NOT DISTRACTED,MD,PASSENGER CAR,STOPPED IN TRAFFIC LANE,35,No,2017,CADI,UT,39.1695,-77.19073833,2023,9,10
230055207,Injury Crash,09/16/2023 10:20:00 AM,CENTERWAY RD,NA,SAME DIRECTION RIGHT TURN,Clear,DRY,Daylight,TRAFFIC SIGNAL,NONE DETECTED,No,No Apparent Injury,N/A,NOT DISTRACTED,MD,PASSENGER CAR,MAKING RIGHT TURN,35,No,2018,RAM,PK,39.1695,-77.19073833,2023,9,10
230055205,Property Damage Crash,09/16/2023 09:30:00 AM,QUINCE ORCHARD RD,NA,SAME DIR REAR END,Clear,DRY,Daylight,NO CONTROLS,NONE DETECTED,Yes,No Apparent Injury,N/A,UNKNOWN,MD,PASSENGER CAR,MOVING CONSTANT SPEED,35,No,2015,HYUN,GENESIS,39.14855367,-77.21750883,2023,9,9
230055205,Property Damage Crash,09/16/2023 09:30:00 AM,QUINCE ORCHARD RD,NA,SAME DIR REAR END,Clear,DRY,Daylight,NO CONTROLS,NONE DETECTED,No,No Apparent Injury,N/A,NOT DISTRACTED,MD,PASSENGER CAR,SLOWING OR STOPPING,35,No,2008,HOND,SUV,39.14855367,-77.21750883,2023,9,9
230055205,Property Damage Crash,09/16/2023 09:30:00 AM,QUINCE ORCHARD RD,NA,SAME DIR REAR END,Clear,DRY,Daylight,NO CONTROLS,NONE DETECTED,Yes,No Apparent Injury,N/A,NOT DISTRACTED,MD,PASSENGER CAR,SLOWING OR STOPPING,35,No,2022,MERZ,SEDAN,39.14855367,-77.21750883,2023,9,9
230055198,Injury Crash,09/16/2023 08:05:00 AM,CABIN JOHN PKWY,NA,SINGLE VEHICLE,Clear,DRY,Daylight,NO CONTROLS,NONE DETECTED,Yes,Possible Minor Injury,N/A,NOT DISTRACTED,MD,PASSENGER CAR,MOVING CONSTANT SPEED,55,No,2008,HONDA,ACCORD,38.97074917,-77.147878,2023,9,8
230055199,Property Damage Crash,09/16/2023 08:00:00 AM,HARDY AVE,NA,SAME DIRECTION SIDESWIPE,Clear,DRY,Dark,NO CONTROLS,NONE DETECTED,Yes,No Apparent Injury,N/A,UNKNOWN,MD,PASSENGER CAR,MOVING CONSTANT SPEED,25,No,2019,HONDA,CIVIC,39.050184,-77.0588485,2023,9,8
230055194,Property Damage Crash,09/16/2023 08:00:00 AM,CLARKSBURG RD,NA,SINGLE VEHICLE,Clear,DRY,Daylight,YIELD SIGN,NONE DETECTED,Yes,No Apparent Injury,N/A,UNKNOWN,MD,(SPORT) UTILITY VEHICLE,MOVING CONSTANT SPEED,40,No,2019,HONDA,PILOT,39.22881333,-77.287995,2023,9,8
230055188,Property Damage Crash,09/16/2023 05:40:00 AM,S SUMMIT AVE,NA,SAME DIRECTION SIDESWIPE,Clear,DRY,Medium,NO CONTROLS,NONE DETECTED,No,No Apparent Injury,N/A,NOT DISTRACTED,MD,PASSENGER CAR,MOVING CONSTANT SPEED,25,No,2014,JEEP,UT,39.1392832,-77.1939957,2023,9,5
230055188,Property Damage Crash,09/16/2023 05:40:00 AM,S SUMMIT AVE,NA,SAME DIRECTION SIDESWIPE,Clear,DRY,Medium,NO CONTROLS,ALCOHOL PRESENT,Yes,No Apparent Injury,N/A,NOT DISTRACTED,MD,PASSENGER CAR,MOVING CONSTANT SPEED,25,No,2016,TOYT,4H,39.1392832,-77.1939957,2023,9,5
230055184,Property Damage Crash,09/16/2023 04:24:00 AM,UNIVERSITY BLVD E,NA,SAME DIR REAR END,Clear,DRY,Medium,NO CONTROLS,NONE DETECTED,Unknown,No Apparent Injury,N/A,NOT DISTRACTED,MD,PASSENGER CAR,MAKING LEFT TURN,45,No,2023,TOYT,RAV4,39.00587259,-76.99756334,2023,9,4
230055184,Property Damage Crash,09/16/2023 04:24:00 AM,UNIVERSITY BLVD E,NA,SAME DIR REAR END,Clear,DRY,Medium,NO CONTROLS,NONE DETECTED,Unknown,No Apparent Injury,N/A,UNKNOWN,MD,PASSENGER CAR,MOVING CONSTANT SPEED,45,No,2018,AUDI,Q3,39.00587259,-76.99756334,2023,9,4
230055181,Property Damage Crash,09/16/2023 02:59:00 AM,FAIRLAND RD,NA,SINGLE VEHICLE,Clear,DRY,Medium,N/A,NONE DETECTED,Yes,No Apparent Injury,N/A,UNKNOWN,NA,PASSENGER CAR,UNKNOWN,35,No,2016,HYUNDAI,ELANTRA,39.070755,-76.95349333,2023,9,2
230055172,Property Damage Crash,09/16/2023 01:30:00 AM,UNIVERSITY BLVD E,NA,SINGLE VEHICLE,Clear,DRY,Medium,NO CONTROLS,ALCOHOL PRESENT,Yes,No Apparent Injury,N/A,NOT DISTRACTED,MD,(SPORT) UTILITY VEHICLE,MOVING CONSTANT SPEED,35,No,2005,HONDA,PILOT,39.00291,-76.99583333,2023,9,1
230055173,Property Damage Crash,09/16/2023 01:23:00 AM,COLUMBIA PIKE,NA,SINGLE VEHICLE,Clear,DRY,Medium,N/A,NONE DETECTED,Yes,No Apparent Injury,N/A,UNKNOWN,NA,(SPORT) UTILITY VEHICLE,MOVING CONSTANT SPEED,40,No,2013,JEEP,GRAND CHEROKEE,39.04684733,-76.99403767,2023,9,1
230055145,Property Damage Crash,09/15/2023 09:16:00 PM,OLD GEORGETOWN RD,NA,SAME DIRECTION SIDESWIPE,Clear,DRY,Medium,TRAFFIC SIGNAL,NONE DETECTED,No,No Apparent Injury,N/A,NOT DISTRACTED,MD,POLICE VEHICLE/EMERGENCY,STOPPED IN TRAFFIC LANE,35,No,2016,FORD,TAURUS,39.02669283,-77.12605833,2023,9,21
230055145,Property Damage Crash,09/15/2023 09:16:00 PM,OLD GEORGETOWN RD,NA,SAME DIRECTION SIDESWIPE,Clear,DRY,Medium,TRAFFIC SIGNAL,NONE DETECTED,Yes,No Apparent Injury,N/A,LOOKED BUT DID NOT SEE,MD,PASSENGER CAR,CHANGING LANES,35,No,2014,HONDA,TK,39.02669283,-77.12605833,2023,9,21
230055142,Property Damage Crash,09/15/2023 09:00:00 PM,OLD GEORGETOWN RD,NA,SAME DIR REAR END,Clear,DRY,Medium,TRAFFIC SIGNAL,NONE DETECTED,Yes,No Apparent Injury,N/A,NOT DISTRACTED,MD,PASSENGER CAR,STOPPED IN TRAFFIC LANE,35,No,2020,TOYT,SD,39.02661867,-77.1260885,2023,9,21
230055142,Property Damage Crash,09/15/2023 09:00:00 PM,OLD GEORGETOWN RD,NA,SAME DIR REAR END,Clear,DRY,Medium,TRAFFIC SIGNAL,NONE DETECTED,Yes,No Apparent Injury,N/A,LOOKED BUT DID NOT SEE,MD,PASSENGER CAR,MOVING CONSTANT SPEED,35,No,2004,TOYT,4S,39.02661867,-77.1260885,2023,9,21
230055140,Injury Crash,09/15/2023 08:27:00 PM,FREDERICK RD,NA,STRAIGHT MOVEMENT ANGLE,Clear,DRY,Medium,TRAFFIC SIGNAL,NONE DETECTED,Yes,Possible Minor Injury,N/A,LOOKED BUT DID NOT SEE,MD,SNOWMOBILE,MAKING LEFT TURN,40,No,2015,FORD,TK,39.200265,-77.24525333,2023,9,20
230055140,Injury Crash,09/15/2023 08:27:00 PM,FREDERICK RD,NA,STRAIGHT MOVEMENT ANGLE,Clear,DRY,Medium,TRAFFIC SIGNAL,NONE DETECTED,No,Possible Minor Injury,N/A,NOT DISTRACTED,MD,(SPORT) UTILITY VEHICLE,MOVING CONSTANT SPEED,40,No,2018,HOND,4H,39.200265,-77.24525333,2023,9,20
230055130,Property Damage Crash,09/15/2023 06:58:00 PM,NA,NA,SAME DIRECTION SIDESWIPE,Clear,NA,Medium,NO CONTROLS,NONE DETECTED,No,No Apparent Injury,N/A,NOT DISTRACTED,VA,(SPORT) UTILITY VEHICLE,PARKED,0,No,2020,INFINITI,QX60,39.18024331,-77.27070544,2023,9,18
230055130,Property Damage Crash,09/15/2023 06:58:00 PM,NA,NA,SAME DIRECTION SIDESWIPE,Clear,NA,Medium,NO CONTROLS,NONE DETECTED,Yes,No Apparent Injury,N/A,UNKNOWN,NA,(SPORT) UTILITY VEHICLE,BACKING,10,No,2020,CHEVY,TK,39.18024331,-77.27070544,2023,9,18
230055124,Injury Crash,09/15/2023 06:23:00 PM,UNIVERSITY BLVD E,NA,SAME DIR REAR END,Clear,DRY,Daylight,TRAFFIC SIGNAL,NONE DETECTED,No,No Apparent Injury,N/A,NOT DISTRACTED,XX,PASSENGER CAR,SLOWING OR STOPPING,40,No,2023,TESLA,UNK,39.01907829,-77.01110682,2023,9,18
230055124,Injury Crash,09/15/2023 06:23:00 PM,UNIVERSITY BLVD E,NA,SAME DIR REAR END,Clear,DRY,Daylight,TRAFFIC SIGNAL,NONE DETECTED,Yes,No Apparent Injury,N/A,UNKNOWN,MD,PICKUP TRUCK,MOVING CONSTANT SPEED,40,No,2016,GMC,K1500,39.01907829,-77.01110682,2023,9,18
230055124,Injury Crash,09/15/2023 06:23:00 PM,UNIVERSITY BLVD E,NA,SAME DIR REAR END,Clear,DRY,Daylight,TRAFFIC SIGNAL,NONE DETECTED,No,Possible Minor Injury,N/A,NOT DISTRACTED,MD,PASSENGER CAR,SLOWING OR STOPPING,40,No,2012,TOYOTA,SIENNA,39.01907829,-77.01110682,2023,9,18
230055122,Property Damage Crash,09/15/2023 06:14:00 PM,RAMP 1 FR RAMP 4 (US29)TO CHERRY HILL RD,NA,SAME DIR REAR END,Clear,DRY,Daylight,TRAFFIC SIGNAL,NONE DETECTED,No,No Apparent Injury,N/A,NOT DISTRACTED,MD,(SPORT) UTILITY VEHICLE,MAKING LEFT TURN,35,No,2007,TOYT,TK,39.06255,-76.96295333,2023,9,18
230055122,Property Damage Crash,09/15/2023 06:14:00 PM,RAMP 1 FR RAMP 4 (US29)TO CHERRY HILL RD,NA,SAME DIR REAR END,Clear,DRY,Daylight,TRAFFIC SIGNAL,NONE DETECTED,No,No Apparent Injury,N/A,NOT DISTRACTED,MD,PASSENGER CAR,MAKING LEFT TURN,35,No,2017,CHEVY,MALIBU,39.06255,-76.96295333,2023,9,18
230055122,Property Damage Crash,09/15/2023 06:14:00 PM,RAMP 1 FR RAMP 4 (US29)TO CHERRY HILL RD,NA,SAME DIR REAR END,Clear,DRY,Daylight,TRAFFIC SIGNAL,NONE DETECTED,Yes,No Apparent Injury,N/A,UNKNOWN,NA,UNKNOWN,MAKING LEFT TURN,35,No,0,UNKNOWN,UNKNOWN,39.06255,-76.96295333,2023,9,18
230055117,Property Damage Crash,09/15/2023 05:39:00 PM,NA,NA,SAME DIRECTION SIDESWIPE,Clear,NA,Daylight,N/A,NONE DETECTED,Yes,No Apparent Injury,N/A,LOOKED BUT DID NOT SEE,NA,PASSENGER CAR,MOVING CONSTANT SPEED,15,No,2023,HYUN,SONATA,39.0268275,-77.12487283,2023,9,17
230055102,Injury Crash,09/15/2023 04:44:00 PM,COLESVILLE RD,NA,SAME DIR REAR END,Clear,DRY,Daylight,N/A,NONE DETECTED,Yes,Possible Minor Injury,N/A,LOOKED BUT DID NOT SEE,MD,PASSENGER CAR,MOVING CONSTANT SPEED,40,No,2017,SUBARU,SW,39.013655,-77.01678667,2023,9,16
230055102,Injury Crash,09/15/2023 04:44:00 PM,COLESVILLE RD,NA,SAME DIR REAR END,Clear,DRY,Daylight,N/A,NONE DETECTED,No,No Apparent Injury,N/A,NOT DISTRACTED,MD,PASSENGER CAR,MOVING CONSTANT SPEED,40,No,2010,HONDA,CRV,39.013655,-77.01678667,2023,9,16
230055104,Property Damage Crash,09/15/2023 04:28:00 PM,NA,NA,OTHER,Clear,NA,Daylight,NO CONTROLS,NONE DETECTED,Yes,No Apparent Injury,N/A,LOOKED BUT DID NOT SEE,MD,PASSENGER CAR,BACKING,15,No,2016,HONDA,CRV,38.99949933,-77.09745733,2023,9,16
230055104,Property Damage Crash,09/15/2023 04:28:00 PM,NA,NA,OTHER,Clear,NA,Daylight,NO CONTROLS,NONE DETECTED,No,No Apparent Injury,N/A,NOT DISTRACTED,MD,TRANSIT BUS,MOVING CONSTANT SPEED,15,No,2014,GILLY,TRANSIT BUS,38.99949933,-77.09745733,2023,9,16
230055096,Property Damage Crash,09/15/2023 04:01:00 PM,GEORGIA AVE,NA,SAME DIR REAR END,Clear,DRY,Daylight,TRAFFIC SIGNAL,NONE DETECTED,Yes,No Apparent Injury,N/A,UNKNOWN,MD,PASSENGER CAR,SLOWING OR STOPPING,25,No,2021,MITSUBISHI,OUTLANDER,39.03643667,-77.05008833,2023,9,16
23005100,Property Damage Crash,09/15/2023 04:01:00 PM,RIVER RD,NA,SAME DIR REAR END,Clear,DRY,Daylight,NO CONTROLS,NONE DETECTED,No,No Apparent Injury,N/A,NOT DISTRACTED,MD,PASSENGER CAR,STOPPED IN TRAFFIC LANE,30,No,2020,TOYOTA,COROLLA,39.0445105,-77.19325067,2023,9,16
23005100,Property Damage Crash,09/15/2023 04:01:00 PM,RIVER RD,NA,SAME DIR REAR END,Clear,DRY,Daylight,NO CONTROLS,NONE DETECTED,Yes,No Apparent Injury,N/A,NOT DISTRACTED,VA,PASSENGER CAR,SLOWING OR STOPPING,30,No,2008,TOYOTA,COROLLA,39.0445105,-77.19325067,2023,9,16
230055096,Property Damage Crash,09/15/2023 04:01:00 PM,GEORGIA AVE,NA,SAME DIR REAR END,Clear,DRY,Daylight,TRAFFIC SIGNAL,NONE DETECTED,No,No Apparent Injury,N/A,UNKNOWN,MD,PASSENGER CAR,SLOWING OR STOPPING,25,No,2017,TOYT,SIENNA,39.03643667,-77.05008833,2023,9,16
230055094,Injury Crash,09/15/2023 03:47:00 PM,BEL PRE RD,PEDESTRIAN,OTHER,Clear,DRY,Daylight,TRAFFIC SIGNAL,NONE DETECTED,Yes,No Apparent Injury,N/A,NOT DISTRACTED,NA,NA,STARTING FROM LANE,35,No,0,UNKNOWN,UNKNOWN,39.09044757,-77.05077914,2023,9,15
230055092,Property Damage Crash,09/15/2023 03:44:00 PM,MUNCASTER MILL RD,NA,SAME DIRECTION SIDESWIPE,Clear,DRY,Daylight,NO CONTROLS,NONE DETECTED,Yes,No Apparent Injury,N/A,LOOKED BUT DID NOT SEE,MD,SCHOOL BUS,ACCELERATING,35,No,2012,THOMAS,BUS,39.130485,-77.119285,2023,9,15
230055092,Property Damage Crash,09/15/2023 03:44:00 PM,MUNCASTER MILL RD,NA,SAME DIRECTION SIDESWIPE,Clear,DRY,Daylight,NO CONTROLS,NONE DETECTED,No,No Apparent Injury,N/A,NOT DISTRACTED,MD,"OTHER LIGHT TRUCKS (10,000LBS (4,536KG) OR LESS)",ACCELERATING,35,No,2008,FORD,TK,39.130485,-77.119285,2023,9,15
230055083,Property Damage Crash,09/15/2023 03:39:00 PM,DENNIS AVE,NA,STRAIGHT MOVEMENT ANGLE,Clear,DRY,Daylight,STOP SIGN,NONE DETECTED,Yes,No Apparent Injury,N/A,UNKNOWN,MD,(SPORT) UTILITY VEHICLE,MOVING CONSTANT SPEED,35,No,0,JEEP,COMPASS,39.02357723,-77.02907672,2023,9,15
230055083,Property Damage Crash,09/15/2023 03:39:00 PM,DENNIS AVE,NA,STRAIGHT MOVEMENT ANGLE,Clear,DRY,Daylight,STOP SIGN,NONE DETECTED,No,No Apparent Injury,N/A,NOT DISTRACTED,MD,PICKUP TRUCK,MOVING CONSTANT SPEED,35,No,2008,FORD,F150,39.02357723,-77.02907672,2023,9,15
230055089,Property Damage Crash,09/15/2023 03:39:00 PM,NA,NA,SAME DIR BOTH LEFT TURN,Clear,NA,Daylight,NO CONTROLS,NONE DETECTED,No,No Apparent Injury,N/A,NOT DISTRACTED,MD,SCHOOL BUS,PARKED,0,No,2017,THOMAS,SB,39.14850333,-77.068005,2023,9,15
230055089,Property Damage Crash,09/15/2023 03:39:00 PM,NA,NA,SAME DIR BOTH LEFT TURN,Clear,NA,Daylight,NO CONTROLS,NONE DETECTED,Yes,No Apparent Injury,N/A,NOT DISTRACTED,MD,SCHOOL BUS,STARTING FROM PARKED,0,No,2022,FRHT (CHASSIS/THOMAS,SB,39.14850333,-77.068005,2023,9,15
230055081,Property Damage Crash,09/15/2023 03:30:00 PM,N. LEISURE WORLD BLVD.,NA,SINGLE VEHICLE,Clear,DRY,Daylight,NO CONTROLS,NONE DETECTED,Yes,No Apparent Injury,N/A,NOT DISTRACTED,MD,PASSENGER CAR,MOVING CONSTANT SPEED,25,No,2017,BUICK,LECROSSE,39.10763333,-77.07293667,2023,9,15
230055113,Property Damage Crash,09/15/2023 01:09:00 PM,MONTROSE RD,NA,SAME DIRECTION SIDESWIPE,Clear,DRY,Daylight,UNKNOWN,NONE DETECTED,Yes,No Apparent Injury,N/A,LOOKED BUT DID NOT SEE,NA,PASSENGER CAR,CHANGING LANES,40,No,2019,PORS,4D,39.05531018,-77.1470364,2023,9,13
230055113,Property Damage Crash,09/15/2023 01:09:00 PM,MONTROSE RD,NA,SAME DIRECTION SIDESWIPE,Clear,DRY,Daylight,UNKNOWN,NONE DETECTED,No,No Apparent Injury,N/A,NOT DISTRACTED,MD,PASSENGER CAR,MOVING CONSTANT SPEED,40,No,2022,CHEV,4D,39.05531018,-77.1470364,2023,9,13
230055035,Injury Crash,09/15/2023 11:46:00 AM,NEWPORT MILL RD,NA,STRAIGHT MOVEMENT ANGLE,Clear,DRY,Daylight,NO CONTROLS,NONE DETECTED,No,Possible Minor Injury,N/A,NOT DISTRACTED,MD,PASSENGER CAR,MOVING CONSTANT SPEED,35,No,2000,MAZDA,4S,39.0349185,-77.07275783,2023,9,11
230055035,Injury Crash,09/15/2023 11:46:00 AM,NEWPORT MILL RD,NA,STRAIGHT MOVEMENT ANGLE,Clear,DRY,Daylight,NO CONTROLS,NONE DETECTED,Yes,No Apparent Injury,N/A,NOT DISTRACTED,MD,PASSENGER CAR,MAKING LEFT TURN,35,No,2013,VOLKSWAGON,SPORT,39.0349185,-77.07275783,2023,9,11
230055022,Property Damage Crash,09/15/2023 10:46:00 AM,MONTGOMERY VILLAGE AVE,NA,SAME DIR REAR END,Clear,DRY,Daylight,NO CONTROLS,NONE DETECTED,Yes,No Apparent Injury,N/A,NOT DISTRACTED,MD,PASSENGER CAR,SLOWING OR STOPPING,35,No,2017,HONDA,CIVIC,39.16175667,-77.20168833,2023,9,10
230055022,Property Damage Crash,09/15/2023 10:46:00 AM,MONTGOMERY VILLAGE AVE,NA,SAME DIR REAR END,Clear,DRY,Daylight,NO CONTROLS,NONE DETECTED,Yes,No Apparent Injury,N/A,NOT DISTRACTED,MD,(SPORT) UTILITY VEHICLE,SLOWING OR STOPPING,35,No,2021,TOYOTA,RAV 4,39.16175667,-77.20168833,2023,9,10
230055006,Property Damage Crash,09/15/2023 08:51:00 AM,CANNES LANE,NA,SAME DIR REAR END,Clear,DRY,Daylight,NO CONTROLS,NONE DETECTED,Yes,No Apparent Injury,N/A,NOT DISTRACTED,MD,SCHOOL BUS,BACKING,25,No,2020,HSB,SCHOOL BUS,39.14276567,-77.08942833,2023,9,8
230054996,Property Damage Crash,09/15/2023 08:41:00 AM,OLD GEORGETOWN RD,NA,SAME DIR REAR END,Clear,DRY,Daylight,TRAFFIC SIGNAL,NONE DETECTED,No,No Apparent Injury,N/A,NOT DISTRACTED,MD,PASSENGER CAR,STOPPED IN TRAFFIC LANE,40,No,2020,HYUN,UT,39.03528333,-77.125615,2023,9,8
230054996,Property Damage Crash,09/15/2023 08:41:00 AM,OLD GEORGETOWN RD,NA,SAME DIR REAR END,Clear,DRY,Daylight,TRAFFIC SIGNAL,NONE DETECTED,Yes,No Apparent Injury,N/A,USING OTHER DEVICE CONTROLS INTEGRAL TO VEHICLE,MD,POLICE VEHICLE/NON EMERGENCY,ACCELERATING,40,No,2019,DODG,4S,39.03528333,-77.125615,2023,9,8
230054993,Injury Crash,09/15/2023 08:24:00 AM,PARKLAWN DR,NA,SAME DIR REAR END,Clear,DRY,Daylight,NO CONTROLS,NONE DETECTED,Yes,No Apparent Injury,N/A,NOT DISTRACTED,MD,PASSENGER CAR,SLOWING OR STOPPING,30,No,2019,CHEVROLET,VAN,39.05658833,-77.10823333,2023,9,8
230054993,Injury Crash,09/15/2023 08:24:00 AM,PARKLAWN DR,NA,SAME DIR REAR END,Clear,DRY,Daylight,NO CONTROLS,NONE DETECTED,No,No Apparent Injury,N/A,NOT DISTRACTED,MD,PASSENGER CAR,STOPPED IN TRAFFIC LANE,30,No,2008,HONDA,RIDGELINE,39.05658833,-77.10823333,2023,9,8
230054993,Injury Crash,09/15/2023 08:24:00 AM,PARKLAWN DR,NA,SAME DIR REAR END,Clear,DRY,Daylight,NO CONTROLS,NONE DETECTED,No,Possible Minor Injury,N/A,NOT DISTRACTED,MD,MOTORCYCLE,SLOWING OR STOPPING,30,No,2014,HARLEY DAVIDSON,MOTO,39.05658833,-77.10823333,2023,9,8
230054987,Injury Crash,09/15/2023 08:02:00 AM,CLOPPER RD,NA,STRAIGHT MOVEMENT ANGLE,Clear,DRY,Daylight,NO CONTROLS,NONE DETECTED,Yes,No Apparent Injury,"N/A, VISION OBSTRUCTION (INCL. BLINDED BY SUN)",LOOKED BUT DID NOT SEE,MD,PASSENGER CAR,MAKING LEFT TURN,35,No,2008,KIA,RONDO,39.16336891,-77.28464755,2023,9,8