Local Case Number,ACRS Report Type,Crash Date/Time,Road Name,Related Non-Motorist,Collision Type,Weather,Surface Condition,Light,Traffic Control,Driver Substance Abuse,Driver At Fault,Injury Severity,Circumstance,Driver Distracted By,Drivers License State,Vehicle Body Type,Vehicle Movement,Speed Limit,Driverless Vehicle,Vehicle Year,Vehicle Make,Vehicle Model,Latitude,Longitude,Year,Month,Hour
230054987,Injury Crash,09/15/2023 08:02:00 AM,CLOPPER RD,NA,STRAIGHT MOVEMENT ANGLE,Clear,DRY,Daylight,NO CONTROLS,NONE DETECTED,No,No Apparent Injury,"N/A, VISION OBSTRUCTION (INCL. BLINDED BY SUN)",NOT DISTRACTED,MD,PASSENGER CAR,MOVING CONSTANT SPEED,35,No,2021,TESLA,4 DOOR,39.16336891,-77.28464755,2023,9,8
230054985,Injury Crash,09/15/2023 07:40:00 AM,GEORGIA AVE,OTHER PEDALCYCLIST,N/A,Clear,DRY,Daylight,TRAFFIC SIGNAL,NONE DETECTED,Yes,No Apparent Injury,"N/A, VISION OBSTRUCTION (INCL. BLINDED BY SUN)",NOT DISTRACTED,MD,PASSENGER CAR,MAKING RIGHT TURN,45,No,2017,TOYT,4S,39.09193751,-77.07033869,2023,9,7
230054981,Property Damage Crash,09/15/2023 07:14:00 AM,RIDGE RD,NA,SAME DIR REAR END,Clear,DRY,Daylight,NO CONTROLS,NONE DETECTED,Yes,No Apparent Injury,N/A,LOOKED BUT DID NOT SEE,VA,AMBULANCE/EMERGENCY,MOVING CONSTANT SPEED,40,No,2012,FORD,F350,39.24713733,-77.23407,2023,9,7
230054981,Property Damage Crash,09/15/2023 07:14:00 AM,RIDGE RD,NA,SAME DIR REAR END,Clear,DRY,Daylight,NO CONTROLS,NONE DETECTED,No,No Apparent Injury,N/A,NOT DISTRACTED,MD,PASSENGER CAR,SLOWING OR STOPPING,40,No,1997,FORD,SD,39.24713733,-77.23407,2023,9,7
230054976,Property Damage Crash,09/15/2023 07:05:00 AM,TURKEY FOOT RD,NA,SINGLE VEHICLE,Clear,DRY,Daylight,N/A,NONE DETECTED,Yes,No Apparent Injury,"DEBRIS OR OBSTRUCTION, N/A",NOT DISTRACTED,MD,SCHOOL BUS,MOVING CONSTANT SPEED,30,No,2019,FREIGHTLINER,B2 BUS CHASSIS,39.083038,-77.26473408,2023,9,7
230054978,Property Damage Crash,09/15/2023 06:57:00 AM,W DIAMOND AVE,NA,SAME DIRECTION SIDESWIPE,Clear,DRY,Daylight,TRAFFIC SIGNAL,NONE DETECTED,No,No Apparent Injury,N/A,NOT DISTRACTED,MD,PASSENGER CAR,MOVING CONSTANT SPEED,35,No,2016,HONDA,CIVIC,39.14421333,-77.21899333,2023,9,6
230054978,Property Damage Crash,09/15/2023 06:57:00 AM,W DIAMOND AVE,NA,SAME DIRECTION SIDESWIPE,Clear,DRY,Daylight,TRAFFIC SIGNAL,NONE DETECTED,Yes,No Apparent Injury,N/A,UNKNOWN,NA,PASSENGER CAR,UNKNOWN,35,No,2017,KIA,SORENTO,39.14421333,-77.21899333,2023,9,6
230054975,Injury Crash,09/15/2023 06:32:00 AM,WOODFIELD RD,NA,SAME DIR REAR END,Clear,DRY,Medium,NO CONTROLS,NONE DETECTED,Yes,Suspected Serious Injury,N/A,NOT DISTRACTED,MD,VAN,MOVING CONSTANT SPEED,35,No,2004,FORD,VAN,39.23083333,-77.17829333,2023,9,6
230054975,Injury Crash,09/15/2023 06:32:00 AM,WOODFIELD RD,NA,SAME DIR REAR END,Clear,DRY,Medium,NO CONTROLS,NONE DETECTED,No,Suspected Serious Injury,N/A,NOT DISTRACTED,MD,PASSENGER CAR,MOVING CONSTANT SPEED,35,No,2002,FORD,TK,39.23083333,-77.17829333,2023,9,6
230054973,Injury Crash,09/15/2023 06:32:00 AM,MIDDLEBROOK RD,NA,SINGLE VEHICLE,Clear,DRY,Medium,N/A,NONE DETECTED,Yes,Possible Minor Injury,N/A,NOT DISTRACTED,MD,PASSENGER CAR,ACCELERATING,40,No,2017,HYUNDAI,ACCENT,39.17387473,-77.25036671,2023,9,6
230054974,Property Damage Crash,09/15/2023 06:30:00 AM,NEW HAMPSHIRE AVE,NA,OTHER,Clear,DRY,Medium,NO CONTROLS,NONE DETECTED,No,No Apparent Injury,N/A,NOT DISTRACTED,DC,OTHER,STOPPED IN TRAFFIC LANE,35,No,2011,AUTO,TK,38.97689855,-76.99243469,2023,9,6
230054974,Property Damage Crash,09/15/2023 06:30:00 AM,NEW HAMPSHIRE AVE,NA,OTHER,Clear,DRY,Medium,NO CONTROLS,NONE DETECTED,Yes,No Apparent Injury,N/A,LOOKED BUT DID NOT SEE,MD,PASSENGER CAR,MAKING LEFT TURN,35,No,2016,TOYT,4S,38.97689855,-76.99243469,2023,9,6
230058546,Property Damage Crash,09/15/2023 05:30:00 AM,NA,NA,OTHER,Clear,NA,Dark,N/A,NONE DETECTED,Yes,No Apparent Injury,N/A,INATTENTIVE OR LOST IN THOUGHT,MD,(SPORT) UTILITY VEHICLE,STARTING FROM PARKED,5,No,2018,HYUNDAI,XXXX,38.99661845,-77.0034963,2023,9,5
230054940,Injury Crash,09/14/2023 09:35:00 PM,W DIAMOND AVE,NA,OTHER,Clear,DRY,Medium,TRAFFIC SIGNAL,NONE DETECTED,No,Possible Minor Injury,N/A,NOT DISTRACTED,MD,PASSENGER CAR,MAKING LEFT TURN,35,No,2014,TOYOTA,COROLLA,39.14164961,-77.21762718,2023,9,21
230054940,Injury Crash,09/14/2023 09:35:00 PM,W DIAMOND AVE,NA,OTHER,Clear,DRY,Medium,TRAFFIC SIGNAL,NONE DETECTED,Yes,No Apparent Injury,N/A,NOT DISTRACTED,MD,PICKUP TRUCK,MOVING CONSTANT SPEED,35,No,1995,TOYOTA,T100,39.14164961,-77.21762718,2023,9,21
230054932,Property Damage Crash,09/14/2023 07:35:00 PM,MERRIMAC DR,NA,HEAD ON LEFT TURN,Clear,DRY,Medium,TRAFFIC SIGNAL,NONE DETECTED,Yes,No Apparent Injury,N/A,NOT DISTRACTED,MD,PASSENGER CAR,MAKING LEFT TURN,35,No,2003,NISS,4S,38.99276653,-76.99133502,2023,9,19
230054932,Property Damage Crash,09/14/2023 07:35:00 PM,MERRIMAC DR,NA,HEAD ON LEFT TURN,Clear,DRY,Medium,TRAFFIC SIGNAL,NONE DETECTED,No,No Apparent Injury,N/A,NOT DISTRACTED,MD,PASSENGER CAR,STOPPED IN TRAFFIC LANE,35,No,2007,TOYT,UT,38.99276653,-76.99133502,2023,9,19
230054916,Injury Crash,09/14/2023 06:49:00 PM,ASHLEY DR,PEDESTRIAN,STRAIGHT MOVEMENT ANGLE,Clear,DRY,Daylight,N/A,NONE DETECTED,No,No Apparent Injury,N/A,LOOKED BUT DID NOT SEE,MD,PICKUP TRUCK,MOVING CONSTANT SPEED,25,No,2018,FORD,PK,39.04202183,-77.09122733,2023,9,18
230054914,Property Damage Crash,09/14/2023 06:25:00 PM,LEWIS AVE,NA,OTHER,Clear,DRY,Daylight,NO CONTROLS,NONE DETECTED,Yes,No Apparent Injury,N/A,UNKNOWN,MD,PASSENGER CAR,MOVING CONSTANT SPEED,25,No,2017,HONDA,CIVIC,39.0707899,-77.1296273,2023,9,18
230054910,Property Damage Crash,09/14/2023 06:08:00 PM,OLD HUNDRED RD,NA,SAME DIR REAR END,Clear,DRY,Daylight,NO CONTROLS,NONE DETECTED,Yes,No Apparent Injury,N/A,LOOKED BUT DID NOT SEE,MD,PASSENGER CAR,MOVING CONSTANT SPEED,35,No,2005,TOYOTA,COROLLA,39.28093517,-77.314716,2023,9,18
230054910,Property Damage Crash,09/14/2023 06:08:00 PM,OLD HUNDRED RD,NA,SAME DIR REAR END,Clear,DRY,Daylight,NO CONTROLS,NONE DETECTED,No,No Apparent Injury,N/A,NOT DISTRACTED,MD,PASSENGER CAR,N/A,35,No,2015,VOLVO,4S,39.28093517,-77.314716,2023,9,18
230054905,Property Damage Crash,09/14/2023 05:38:00 PM,BOWIE MILL RD,NA,HEAD ON,Clear,DRY,Daylight,N/A,NONE DETECTED,Yes,No Apparent Injury,N/A,NOT DISTRACTED,MD,PASSENGER CAR,MOVING CONSTANT SPEED,45,No,2023,KIA,FORTE,39.14818167,-77.109415,2023,9,17
230054905,Property Damage Crash,09/14/2023 05:38:00 PM,BOWIE MILL RD,NA,HEAD ON,Clear,DRY,Daylight,N/A,NONE DETECTED,No,No Apparent Injury,N/A,NOT DISTRACTED,MD,PASSENGER CAR,MOVING CONSTANT SPEED,45,No,2013,TOYOTA,CAMRY,39.14818167,-77.109415,2023,9,17
230054902,Property Damage Crash,09/14/2023 05:35:00 PM,NEW HAMPSHIRE AVE,NA,SAME DIR REAR END,Clear,DRY,Daylight,NO CONTROLS,NONE DETECTED,Yes,No Apparent Injury,N/A,UNKNOWN,NA,PASSENGER CAR,ACCELERATING,35,No,2022,TOYOTA,CAMRY,38.98675905,-76.98789159,2023,9,17
230054902,Property Damage Crash,09/14/2023 05:35:00 PM,NEW HAMPSHIRE AVE,NA,SAME DIR REAR END,Clear,DRY,Daylight,NO CONTROLS,NONE DETECTED,No,No Apparent Injury,N/A,NOT DISTRACTED,MD,POLICE VEHICLE/EMERGENCY,MOVING CONSTANT SPEED,35,No,2013,FORD,4S,38.98675905,-76.98789159,2023,9,17
230054899,Property Damage Crash,09/14/2023 05:28:00 PM,NA,NA,OTHER,Clear,NA,Daylight,NO CONTROLS,NONE DETECTED,Yes,No Apparent Injury,N/A,NOT DISTRACTED,MD,PASSENGER CAR,PARKING,5,No,2014,HYUNDAI,SONATA,39.00783667,-76.98196167,2023,9,17
230054891,Injury Crash,09/14/2023 05:18:00 PM,SHADY GROVE RD,NA,HEAD ON LEFT TURN,Clear,DRY,Daylight,TRAFFIC SIGNAL,NONE DETECTED,No,Possible Minor Injury,N/A,NOT DISTRACTED,MD,(SPORT) UTILITY VEHICLE,MOVING CONSTANT SPEED,40,No,2020,HYUNDAI,SANTE FE,39.09315483,-77.19652217,2023,9,17
230054891,Injury Crash,09/14/2023 05:18:00 PM,SHADY GROVE RD,NA,HEAD ON LEFT TURN,Clear,DRY,Daylight,TRAFFIC SIGNAL,NONE DETECTED,Yes,Possible Minor Injury,N/A,UNKNOWN,MD,(SPORT) UTILITY VEHICLE,MAKING LEFT TURN,40,No,2008,MERCEDES,GL450,39.09315483,-77.19652217,2023,9,17
230054895,Property Damage Crash,09/14/2023 05:15:00 PM,GEORGIA AVE,NA,OTHER,Clear,DRY,Daylight,NO CONTROLS,NONE DETECTED,No,No Apparent Injury,N/A,NOT DISTRACTED,MD,PASSENGER CAR,SLOWING OR STOPPING,35,No,2016,LEXS,SD,38.98691879,-77.02664949,2023,9,17
230054895,Property Damage Crash,09/14/2023 05:15:00 PM,GEORGIA AVE,NA,OTHER,Clear,DRY,Daylight,NO CONTROLS,NONE DETECTED,Yes,No Apparent Injury,N/A,UNKNOWN,NA,PASSENGER CAR,BACKING,35,No,2013,TOYOTA,CAMRY,38.98691879,-77.02664949,2023,9,17
230054889,Property Damage Crash,09/14/2023 05:00:00 PM,COLUMBUS AVE,NA,SAME DIRECTION SIDESWIPE,Clear,DRY,Daylight,NO CONTROLS,NONE DETECTED,Yes,No Apparent Injury,N/A,INATTENTIVE OR LOST IN THOUGHT,MD,SCHOOL BUS,MAKING RIGHT TURN,10,No,2016,THOMAS,HDX,39.12377204,-77.16483967,2023,9,17
230054877,Injury Crash,09/14/2023 04:25:00 PM,VEIRS MILL RD,NA,STRAIGHT MOVEMENT ANGLE,Clear,DRY,Daylight,NO CONTROLS,NONE DETECTED,No,No Apparent Injury,N/A,NOT DISTRACTED,MD,PASSENGER CAR,MOVING CONSTANT SPEED,35,No,2016,NISS,4S,39.04697333,-77.06747,2023,9,16
230054877,Injury Crash,09/14/2023 04:25:00 PM,VEIRS MILL RD,NA,STRAIGHT MOVEMENT ANGLE,Clear,DRY,Daylight,NO CONTROLS,NONE DETECTED,Yes,Possible Minor Injury,N/A,LOOKED BUT DID NOT SEE,MD,PASSENGER CAR,MAKING LEFT TURN,35,No,2017,HOND,SD,39.04697333,-77.06747,2023,9,16
230054878,Injury Crash,09/14/2023 04:22:00 PM,HUNGERFORD DR,NA,HEAD ON LEFT TURN,Clear,DRY,Daylight,TRAFFIC SIGNAL,NONE DETECTED,No,Suspected Serious Injury,N/A,NOT DISTRACTED,MD,MOTORCYCLE,MOVING CONSTANT SPEED,40,No,2022,HONDA,GOLDWING,39.08928733,-77.151436,2023,9,16
230054878,Injury Crash,09/14/2023 04:22:00 PM,HUNGERFORD DR,NA,HEAD ON LEFT TURN,Clear,DRY,Daylight,TRAFFIC SIGNAL,NONE DETECTED,Yes,No Apparent Injury,N/A,LOOKED BUT DID NOT SEE,MD,PASSENGER CAR,MAKING LEFT TURN,40,No,2019,VOLK,4S,39.08928733,-77.151436,2023,9,16
230054882,Property Damage Crash,09/14/2023 04:20:00 PM,WAYNE AVE,NA,SAME DIRECTION RIGHT TURN,Clear,DRY,Daylight,TRAFFIC SIGNAL,NONE DETECTED,No,No Apparent Injury,N/A,NOT DISTRACTED,MD,TRANSIT BUS,MAKING RIGHT TURN,30,No,2012,GILL,HY,38.99724217,-77.0218385,2023,9,16
230054882,Property Damage Crash,09/14/2023 04:20:00 PM,WAYNE AVE,NA,SAME DIRECTION RIGHT TURN,Clear,DRY,Daylight,TRAFFIC SIGNAL,NONE DETECTED,Yes,No Apparent Injury,N/A,NOT DISTRACTED,MD,PASSENGER CAR,MAKING RIGHT TURN,30,No,2008,NISSAN,ALTIMA,38.99724217,-77.0218385,2023,9,16
230054880,Property Damage Crash,09/14/2023 03:30:00 PM,E GUDE DR,NA,SAME DIRECTION SIDESWIPE,Clear,DRY,Daylight,NO CONTROLS,NONE DETECTED,Yes,No Apparent Injury,N/A,UNKNOWN,NA,NA,MAKING RIGHT TURN,35,No,0,UNKNOWN,UNKNOWN,39.09788365,-77.13690227,2023,9,15
230054880,Property Damage Crash,09/14/2023 03:30:00 PM,E GUDE DR,NA,SAME DIRECTION SIDESWIPE,Clear,DRY,Daylight,NO CONTROLS,NONE DETECTED,No,No Apparent Injury,N/A,NOT DISTRACTED,MD,PICKUP TRUCK,STOPPED IN TRAFFIC LANE,35,No,2023,RAM,PICKUP,39.09788365,-77.13690227,2023,9,15
230054867,Property Damage Crash,09/14/2023 02:49:00 PM,RANDOLPH RD,NA,OTHER,Clear,DRY,Daylight,NO CONTROLS,NONE DETECTED,Yes,No Apparent Injury,N/A,NOT DISTRACTED,MD,OTHER BUS,MOVING CONSTANT SPEED,35,No,2013,THOMAS,BUS FRHT,39.05915583,-77.06466283,2023,9,14
230054867,Property Damage Crash,09/14/2023 02:49:00 PM,RANDOLPH RD,NA,OTHER,Clear,DRY,Daylight,NO CONTROLS,NONE DETECTED,No,No Apparent Injury,N/A,NOT DISTRACTED,MD,OTHER BUS,MOVING CONSTANT SPEED,35,No,2022,THOMAS,FRHT BUS,39.05915583,-77.06466283,2023,9,14
230054857,Property Damage Crash,09/14/2023 02:01:00 PM,KNOWLES AVE,NA,SAME DIR REAR END,Clear,DRY,Daylight,TRAFFIC SIGNAL,NONE DETECTED,No,No Apparent Injury,N/A,NOT DISTRACTED,MD,(SPORT) UTILITY VEHICLE,STOPPED IN TRAFFIC LANE,30,No,2011,FORD,EXPLORER,39.02798651,-77.08005937,2023,9,14
230054857,Property Damage Crash,09/14/2023 02:01:00 PM,KNOWLES AVE,NA,SAME DIR REAR END,Clear,DRY,Daylight,TRAFFIC SIGNAL,NONE DETECTED,Yes,No Apparent Injury,N/A,UNKNOWN,MD,PASSENGER CAR,SLOWING OR STOPPING,30,No,2015,TOYOTA,CAMRY,39.02798651,-77.08005937,2023,9,14
230054850,Injury Crash,09/14/2023 01:23:00 PM,RAMP 1 FR MD 97 NB TO IS 495 WB,NA,SINGLE VEHICLE,Clear,DRY,Daylight,NO CONTROLS,NONE DETECTED,Yes,Possible Minor Injury,N/A,NOT DISTRACTED,MD,"MEDIUM/HEAVY TRUCKS 3 AXLES (OVER 10,000LBS (4,536KG))",LEAVING TRAFFIC LANE,25,No,2019,FORD,F550,39.01316267,-77.04054283,2023,9,13
230054826,Injury Crash,09/14/2023 12:24:00 PM,THAYER AVE,OTHER CONVEYANCE,N/A,Clear,DRY,Daylight,NO CONTROLS,NONE DETECTED,No,No Apparent Injury,N/A,NOT DISTRACTED,MD,PASSENGER CAR,MOVING CONSTANT SPEED,25,No,2015,TOYOTA,UT,38.99306008,-77.02333319,2023,9,12
230054808,Property Damage Crash,09/14/2023 11:08:00 AM,NA,NA,OTHER,Clear,NA,Daylight,NO CONTROLS,NONE DETECTED,Yes,No Apparent Injury,N/A,INATTENTIVE OR LOST IN THOUGHT,MD,PASSENGER CAR,MOVING CONSTANT SPEED,15,No,2012,AUDI,TK,39.03902333,-77.06959333,2023,9,11
230054795,Injury Crash,09/14/2023 10:05:00 AM,MONTGOMERY VILLAGE AVE,NA,SAME DIR REAR END,Clear,DRY,Daylight,TRAFFIC SIGNAL,NONE DETECTED,Yes,No Apparent Injury,N/A,UNKNOWN,MD,VAN,MOVING CONSTANT SPEED,35,No,2020,CHEV,EXPRESS,39.187025,-77.1983595,2023,9,10
230054795,Injury Crash,09/14/2023 10:05:00 AM,MONTGOMERY VILLAGE AVE,NA,SAME DIR REAR END,Clear,DRY,Daylight,TRAFFIC SIGNAL,NONE DETECTED,No,Possible Minor Injury,N/A,NOT DISTRACTED,MD,PASSENGER CAR,STOPPED IN TRAFFIC LANE,35,No,2014,TOYT,4S,39.187025,-77.1983595,2023,9,10
230054776,Injury Crash,09/14/2023 08:35:00 AM,BRADLEY BLVD,NA,SAME DIR REAR END,Clear,DRY,Daylight,NO CONTROLS,NONE DETECTED,No,No Apparent Injury,N/A,NOT DISTRACTED,MD,VAN,SLOWING OR STOPPING,35,No,2003,CHEV,EXPRESS,38.99554474,-77.12560609,2023,9,8
230054776,Injury Crash,09/14/2023 08:35:00 AM,BRADLEY BLVD,NA,SAME DIR REAR END,Clear,DRY,Daylight,NO CONTROLS,NONE DETECTED,No,Possible Minor Injury,N/A,NOT DISTRACTED,MD,PASSENGER CAR,SLOWING OR STOPPING,35,No,2009,HONDA,CIVIC,38.99554474,-77.12560609,2023,9,8
230054776,Injury Crash,09/14/2023 08:35:00 AM,BRADLEY BLVD,NA,SAME DIR REAR END,Clear,DRY,Daylight,NO CONTROLS,NONE DETECTED,Yes,No Apparent Injury,N/A,BY OTHER OCCUPANTS,FL,PASSENGER CAR,SLOWING OR STOPPING,35,No,2021,BMW,X6,38.99554474,-77.12560609,2023,9,8
230054769,Injury Crash,09/14/2023 08:18:00 AM,QUINCE ORCHARD RD,NA,SAME DIR REAR END,Clear,DRY,Daylight,YIELD SIGN,NONE DETECTED,No,Possible Minor Injury,N/A,NOT DISTRACTED,MD,PASSENGER CAR,STOPPED IN TRAFFIC LANE,35,No,2012,TOYOTA,YARIS,39.14236667,-77.220755,2023,9,8
230054769,Injury Crash,09/14/2023 08:18:00 AM,QUINCE ORCHARD RD,NA,SAME DIR REAR END,Clear,DRY,Daylight,YIELD SIGN,NONE DETECTED,Yes,No Apparent Injury,N/A,UNKNOWN,MD,PASSENGER CAR,STARTING FROM LANE,35,No,2018,LEXSUS,RX350,39.14236667,-77.220755,2023,9,8
230054770,Property Damage Crash,09/14/2023 08:04:00 AM,BRADLEY BLVD,NA,STRAIGHT MOVEMENT ANGLE,Clear,DRY,Daylight,TRAFFIC SIGNAL,NONE DETECTED,No,No Apparent Injury,"N/A, VISION OBSTRUCTION (INCL. BLINDED BY SUN)",NOT DISTRACTED,MD,PASSENGER CAR,MAKING RIGHT TURN,25,No,2021,ACURA,RDX,38.97762667,-77.10059067,2023,9,8
230054770,Property Damage Crash,09/14/2023 08:04:00 AM,BRADLEY BLVD,NA,STRAIGHT MOVEMENT ANGLE,Clear,DRY,Daylight,TRAFFIC SIGNAL,NONE DETECTED,Yes,No Apparent Injury,"N/A, VISION OBSTRUCTION (INCL. BLINDED BY SUN)",LOOKED BUT DID NOT SEE,MD,PASSENGER CAR,MOVING CONSTANT SPEED,25,No,2018,TOYOTA,RAV4,38.97762667,-77.10059067,2023,9,8
230054765,Property Damage Crash,09/14/2023 07:30:00 AM,UNIVERSITY BLVD W,NA,STRAIGHT MOVEMENT ANGLE,Clear,DRY,Daylight,NO CONTROLS,NONE DETECTED,No,No Apparent Injury,N/A,NOT DISTRACTED,MD,PASSENGER CAR,MOVING CONSTANT SPEED,30,No,2017,SUBA,4S,39.03932,-77.042065,2023,9,7
230054765,Property Damage Crash,09/14/2023 07:30:00 AM,UNIVERSITY BLVD W,NA,STRAIGHT MOVEMENT ANGLE,Clear,DRY,Daylight,NO CONTROLS,NONE DETECTED,Yes,No Apparent Injury,N/A,NOT DISTRACTED,MD,PASSENGER CAR,MAKING LEFT TURN,30,No,2014,TOYT,SD,39.03932,-77.042065,2023,9,7
230054766,Property Damage Crash,09/14/2023 07:25:00 AM,KINGS CROSSING BLVD,NA,SAME DIR REAR END,Clear,DRY,Daylight,NO CONTROLS,NONE DETECTED,Yes,No Apparent Injury,N/A,LOOKED BUT DID NOT SEE,MD,PASSENGER CAR,MOVING CONSTANT SPEED,25,No,2017,VOLK,TIGUAN,39.16212267,-77.30290883,2023,9,7
230054766,Property Damage Crash,09/14/2023 07:25:00 AM,KINGS CROSSING BLVD,NA,SAME DIR REAR END,Clear,DRY,Daylight,NO CONTROLS,NONE DETECTED,No,No Apparent Injury,N/A,NOT DISTRACTED,MD,PASSENGER CAR,PARKED,25,No,2013,HOND,ACCORD,39.16212267,-77.30290883,2023,9,7
230054762,Injury Crash,09/14/2023 06:55:00 AM,GEORGIA AVE,NA,STRAIGHT MOVEMENT ANGLE,Clear,DRY,Daylight,FLASHING TRAFFIC SIGNAL,NONE DETECTED,No,Possible Minor Injury,N/A,LOOKED BUT DID NOT SEE,MD,PASSENGER CAR,MOVING CONSTANT SPEED,45,No,2015,TOYOTA,RAV 4,39.11534,-77.07516,2023,9,6
230054762,Injury Crash,09/14/2023 06:55:00 AM,GEORGIA AVE,NA,STRAIGHT MOVEMENT ANGLE,Clear,DRY,Daylight,FLASHING TRAFFIC SIGNAL,NONE DETECTED,Yes,No Apparent Injury,N/A,NOT DISTRACTED,MD,PASSENGER CAR,MAKING LEFT TURN,45,No,2013,HONDA,CIVIC,39.11534,-77.07516,2023,9,6
230055019,Property Damage Crash,09/14/2023 06:00:00 AM,NA,NA,OTHER,Clear,NA,Medium,NO CONTROLS,NONE DETECTED,Yes,No Apparent Injury,N/A,UNKNOWN,NA,PASSENGER CAR,STARTING FROM PARKED,15,No,2019,BUICK,ENCORE,39.07732658,-76.94031105,2023,9,6
230054719,Property Damage Crash,09/13/2023 09:00:00 PM,COLESVILLE RD,NA,SAME DIRECTION LEFT TURN,Clear,DRY,Medium,NO CONTROLS,NONE DETECTED,No,No Apparent Injury,N/A,NOT DISTRACTED,MD,PASSENGER CAR,MOVING CONSTANT SPEED,30,No,2016,ACURA,TK,38.99696707,-77.02878453,2023,9,21
230054719,Property Damage Crash,09/13/2023 09:00:00 PM,COLESVILLE RD,NA,SAME DIRECTION LEFT TURN,Clear,DRY,Medium,NO CONTROLS,NONE DETECTED,Yes,No Apparent Injury,N/A,LOOKED BUT DID NOT SEE,MD,PASSENGER CAR,MOVING CONSTANT SPEED,30,No,2012,TOYOTA,CAMRY,38.99696707,-77.02878453,2023,9,21
230054719,Property Damage Crash,09/13/2023 09:00:00 PM,COLESVILLE RD,NA,SAME DIRECTION LEFT TURN,Clear,DRY,Medium,NO CONTROLS,NONE DETECTED,No,No Apparent Injury,N/A,NOT DISTRACTED,MD,PASSENGER CAR,MOVING CONSTANT SPEED,30,No,2020,TOYOTA,RAV4,38.99696707,-77.02878453,2023,9,21
230054721,Injury Crash,09/13/2023 08:46:00 PM,SHADY GROVE RD,NA,HEAD ON LEFT TURN,Clear,DRY,Medium,TRAFFIC SIGNAL,NONE DETECTED,No,No Apparent Injury,N/A,NOT DISTRACTED,MD,PASSENGER CAR,ACCELERATING,40,No,2011,HONDA,ODYSSEY,39.13814833,-77.15390167,2023,9,20
230054721,Injury Crash,09/13/2023 08:46:00 PM,SHADY GROVE RD,NA,HEAD ON LEFT TURN,Clear,DRY,Medium,TRAFFIC SIGNAL,NONE DETECTED,Yes,Possible Minor Injury,N/A,UNKNOWN,FL,PASSENGER CAR,MOVING CONSTANT SPEED,40,No,2019,BUIC,ENCORE,39.13814833,-77.15390167,2023,9,20
230054699,Injury Crash,09/13/2023 06:36:00 PM,OLD GEORGETOWN RD,NA,SAME DIR REAR END,Clear,DRY,Daylight,N/A,NONE DETECTED,No,Possible Minor Injury,N/A,NOT DISTRACTED,MD,PASSENGER CAR,SLOWING OR STOPPING,35,No,2016,JEEP,LIBERTY,39.03728483,-77.12362933,2023,9,18
230054699,Injury Crash,09/13/2023 06:36:00 PM,OLD GEORGETOWN RD,NA,SAME DIR REAR END,Clear,DRY,Daylight,N/A,NONE DETECTED,Yes,No Apparent Injury,N/A,LOOKED BUT DID NOT SEE,MD,PASSENGER CAR,MOVING CONSTANT SPEED,35,No,2006,MERZ,C280,39.03728483,-77.12362933,2023,9,18
230054709,Injury Crash,09/13/2023 06:30:00 PM,E GUDE DR,NA,HEAD ON LEFT TURN,Clear,DRY,Daylight,TRAFFIC SIGNAL,NONE DETECTED,Unknown,Suspected Serious Injury,N/A,UNKNOWN,MD,MOTORCYCLE,MOVING CONSTANT SPEED,40,No,2023,UU,UU,39.10635686,-77.15228824,2023,9,18
230054709,Injury Crash,09/13/2023 06:30:00 PM,E GUDE DR,NA,HEAD ON LEFT TURN,Clear,DRY,Daylight,TRAFFIC SIGNAL,NONE DETECTED,Unknown,No Apparent Injury,N/A,LOOKED BUT DID NOT SEE,MD,PASSENGER CAR,MAKING LEFT TURN,40,No,2007,NISSAN,SENTRA,39.10635686,-77.15228824,2023,9,18
230054702,Property Damage Crash,09/13/2023 05:56:00 PM,FREDERICK RD,NA,STRAIGHT MOVEMENT ANGLE,Clear,DRY,Daylight,STOP SIGN,NONE DETECTED,No,No Apparent Injury,N/A,NOT DISTRACTED,MD,PASSENGER CAR,MOVING CONSTANT SPEED,40,No,2018,TOYOTA,CAMRY,39.239128,-77.2797625,2023,9,17
230054702,Property Damage Crash,09/13/2023 05:56:00 PM,FREDERICK RD,NA,STRAIGHT MOVEMENT ANGLE,Clear,DRY,Daylight,STOP SIGN,NONE DETECTED,Yes,No Apparent Injury,N/A,LOOKED BUT DID NOT SEE,VA,PICKUP TRUCK,STARTING FROM LANE,40,No,2015,TOYOTA,TACOMA,39.239128,-77.2797625,2023,9,17
230056144,Property Damage Crash,09/13/2023 05:30:00 PM,NA,NA,OTHER,Cloudy,NA,Daylight,NO CONTROLS,NONE DETECTED,Yes,No Apparent Injury,N/A,UNKNOWN,MD,PASSENGER CAR,PARKING,5,No,2016,KIA,OPTIMA,39.11675247,-77.18587886,2023,9,17
230054684,Property Damage Crash,09/13/2023 05:20:00 PM,SHADY GROVE RD,NA,SAME DIRECTION SIDESWIPE,Clear,DRY,Daylight,NO CONTROLS,NONE DETECTED,Yes,No Apparent Injury,N/A,UNKNOWN,NA,PICKUP TRUCK,CHANGING LANES,40,No,2023,FORD,UNKNOWN,39.14407233,-77.15049633,2023,9,17
230054684,Property Damage Crash,09/13/2023 05:20:00 PM,SHADY GROVE RD,NA,SAME DIRECTION SIDESWIPE,Clear,DRY,Daylight,NO CONTROLS,NONE DETECTED,No,No Apparent Injury,N/A,NOT DISTRACTED,MD,PASSENGER CAR,MOVING CONSTANT SPEED,40,No,2009,TOYT,CAMRY,39.14407233,-77.15049633,2023,9,17
230054684,Property Damage Crash,09/13/2023 05:20:00 PM,SHADY GROVE RD,NA,SAME DIRECTION SIDESWIPE,Clear,DRY,Daylight,NO CONTROLS,NONE DETECTED,No,No Apparent Injury,N/A,NOT DISTRACTED,MD,PASSENGER CAR,MOVING CONSTANT SPEED,40,No,2019,HYUN,SD,39.14407233,-77.15049633,2023,9,17
230054663,Property Damage Crash,09/13/2023 04:41:00 PM,VEIRS MILL RD,NA,SAME DIRECTION LEFT TURN,Clear,DRY,Daylight,N/A,NONE DETECTED,No,No Apparent Injury,N/A,NOT DISTRACTED,MD,TRANSIT BUS,MOVING CONSTANT SPEED,35,No,2013,TBU,BUS,39.04119667,-77.0572915,2023,9,16
230054663,Property Damage Crash,09/13/2023 04:41:00 PM,VEIRS MILL RD,NA,SAME DIRECTION LEFT TURN,Clear,DRY,Daylight,N/A,NONE DETECTED,Yes,No Apparent Injury,N/A,LOOKED BUT DID NOT SEE,MD,PASSENGER CAR,CHANGING LANES,35,No,2014,FORD,FUSION,39.04119667,-77.0572915,2023,9,16
230054661,Injury Crash,09/13/2023 04:40:00 PM,NEW HAMPSHIRE AVE,NA,SAME DIR REAR END,Clear,DRY,Daylight,NO CONTROLS,NONE DETECTED,No,Possible Minor Injury,N/A,NOT DISTRACTED,MD,PASSENGER CAR,SLOWING OR STOPPING,45,No,2018,RANGE ROVER,SPORT,39.10692667,-77.00032167,2023,9,16
230054661,Injury Crash,09/13/2023 04:40:00 PM,NEW HAMPSHIRE AVE,NA,SAME DIR REAR END,Clear,DRY,Daylight,NO CONTROLS,NONE DETECTED,No,No Apparent Injury,N/A,NOT DISTRACTED,MD,PASSENGER CAR,SLOWING OR STOPPING,45,No,2016,HOND,UT,39.10692667,-77.00032167,2023,9,16