Local Case Number,ACRS Report Type,Crash Date/Time,Road Name,Related Non-Motorist,Collision Type,Weather,Surface Condition,Light,Traffic Control,Driver Substance Abuse,Driver At Fault,Injury Severity,Circumstance,Driver Distracted By,Drivers License State,Vehicle Body Type,Vehicle Movement,Speed Limit,Driverless Vehicle,Vehicle Year,Vehicle Make,Vehicle Model,Latitude,Longitude,Year,Month,Hour
230054661,Injury Crash,09/13/2023 04:40:00 PM,NEW HAMPSHIRE AVE,NA,SAME DIR REAR END,Clear,DRY,Daylight,NO CONTROLS,NONE DETECTED,Yes,No Apparent Injury,N/A,INATTENTIVE OR LOST IN THOUGHT,MD,PASSENGER CAR,MOVING CONSTANT SPEED,45,No,2021,TOYT,UT,39.10692667,-77.00032167,2023,9,16
230054665,Injury Crash,09/13/2023 04:34:00 PM,KINGSVIEW VILLAGE AVE,PEDESTRIAN,OTHER,Clear,DRY,Daylight,TRAFFIC SIGNAL,NONE DETECTED,Yes,No Apparent Injury,N/A,LOOKED BUT DID NOT SEE,MD,VAN,MAKING LEFT TURN,30,No,2023,TOYOTA,SIENNA,39.16070217,-77.27941167,2023,9,16
230054660,Property Damage Crash,09/13/2023 04:13:00 PM,COLSTON DR,NA,OPPOSITE DIRECTION SIDESWIPE,Clear,DRY,Daylight,STOP SIGN,NONE DETECTED,Unknown,No Apparent Injury,N/A,NOT DISTRACTED,MD,SCHOOL BUS,STARTING FROM LANE,25,No,2020,THOMAS,BUS,38.99281167,-77.051675,2023,9,16
230054660,Property Damage Crash,09/13/2023 04:13:00 PM,COLSTON DR,NA,OPPOSITE DIRECTION SIDESWIPE,Clear,DRY,Daylight,STOP SIGN,NONE DETECTED,Unknown,No Apparent Injury,N/A,NOT DISTRACTED,MD,VAN,STARTING FROM LANE,25,No,2019,MERZ,VN,38.99281167,-77.051675,2023,9,16
230054647,Property Damage Crash,09/13/2023 03:50:00 PM,FALLS RD,NA,STRAIGHT MOVEMENT ANGLE,Clear,DRY,Daylight,TRAFFIC SIGNAL,NONE DETECTED,No,No Apparent Injury,N/A,NOT DISTRACTED,MD,(SPORT) UTILITY VEHICLE,MOVING CONSTANT SPEED,30,No,2011,LEXUS,GX460,39.01738617,-77.20977033,2023,9,15
230054647,Property Damage Crash,09/13/2023 03:50:00 PM,FALLS RD,NA,STRAIGHT MOVEMENT ANGLE,Clear,DRY,Daylight,TRAFFIC SIGNAL,NONE DETECTED,Yes,No Apparent Injury,N/A,NOT DISTRACTED,MD,PASSENGER CAR,ACCELERATING,30,No,2007,BMW,4D,39.01738617,-77.20977033,2023,9,15
230054646,Injury Crash,09/13/2023 03:45:00 PM,NEW HAMPSHIRE AVE,NA,STRAIGHT MOVEMENT ANGLE,Clear,DRY,Daylight,TRAFFIC SIGNAL,NONE DETECTED,No,Possible Minor Injury,N/A,NOT DISTRACTED,MD,PASSENGER CAR,MOVING CONSTANT SPEED,45,No,2011,TOYT,SD,39.10611,-77.00163833,2023,9,15
230054646,Injury Crash,09/13/2023 03:45:00 PM,NEW HAMPSHIRE AVE,NA,STRAIGHT MOVEMENT ANGLE,Clear,DRY,Daylight,TRAFFIC SIGNAL,NONE DETECTED,Yes,No Apparent Injury,N/A,LOOKED BUT DID NOT SEE,MD,PASSENGER CAR,MAKING LEFT TURN,45,No,2011,HYUNDAI,ELANTRA,39.10611,-77.00163833,2023,9,15
230055097,Property Damage Crash,09/13/2023 03:30:00 PM,OLD GEORGETOWN RD,NA,SAME DIR REAR END,Clear,DRY,Daylight,TRAFFIC SIGNAL,NONE DETECTED,Yes,No Apparent Injury,N/A,LOOKED BUT DID NOT SEE,VA,PASSENGER CAR,MOVING CONSTANT SPEED,35,No,2013,TOYT,AVALON,39.043657,-77.11347233,2023,9,15
230055097,Property Damage Crash,09/13/2023 03:30:00 PM,OLD GEORGETOWN RD,NA,SAME DIR REAR END,Clear,DRY,Daylight,TRAFFIC SIGNAL,NONE DETECTED,No,No Apparent Injury,N/A,NOT DISTRACTED,MD,PASSENGER CAR,SLOWING OR STOPPING,35,No,2010,TOYT,RX450H,39.043657,-77.11347233,2023,9,15
230054653,Property Damage Crash,09/13/2023 03:00:00 PM,PLYERS MILL RD,NA,SAME DIRECTION SIDESWIPE,Clear,DRY,Daylight,TRAFFIC SIGNAL,NONE DETECTED,Yes,No Apparent Injury,N/A,LOOKED BUT DID NOT SEE,NA,PASSENGER CAR,ACCELERATING,35,No,2022,JEEP,GLADIATOR,39.04263267,-77.11340933,2023,9,15
230054653,Property Damage Crash,09/13/2023 03:00:00 PM,PLYERS MILL RD,NA,SAME DIRECTION SIDESWIPE,Clear,DRY,Daylight,TRAFFIC SIGNAL,NONE DETECTED,No,No Apparent Injury,N/A,NOT DISTRACTED,NC,PASSENGER CAR,ACCELERATING,35,No,2017,HONDA,4DR,39.04263267,-77.11340933,2023,9,15
230054636,Property Damage Crash,09/13/2023 02:37:00 PM,NA,NA,OTHER,Clear,NA,Daylight,NO CONTROLS,NONE DETECTED,No,No Apparent Injury,N/A,NOT DISTRACTED,MD,OTHER BUS,PARKED,15,No,2019,THMS,BU,39.07975338,-77.14641648,2023,9,14
230054636,Property Damage Crash,09/13/2023 02:37:00 PM,NA,NA,OTHER,Clear,NA,Daylight,NO CONTROLS,NONE DETECTED,Yes,No Apparent Injury,N/A,NOT DISTRACTED,MD,OTHER BUS,STARTING FROM PARKED,15,No,2016,THOM,BU,39.07975338,-77.14641648,2023,9,14
230054631,Property Damage Crash,09/13/2023 02:35:00 PM,LAYHILL RD,NA,SAME DIR REAR END,Clear,DRY,Daylight,NO CONTROLS,NONE DETECTED,Yes,No Apparent Injury,N/A,NOT DISTRACTED,MD,PASSENGER CAR,MOVING CONSTANT SPEED,40,No,2005,VOLV,4D,39.06962,-77.04543217,2023,9,14
230054628,Property Damage Crash,09/13/2023 02:25:00 PM,ROCKVILLE PIKE,NA,SAME DIR REAR END,Clear,DRY,Daylight,NO CONTROLS,NONE DETECTED,No,No Apparent Injury,N/A,NOT DISTRACTED,MD,PASSENGER CAR,SLOWING OR STOPPING,35,No,2017,HYUN,4S,39.04676317,-77.112752,2023,9,14
230054628,Property Damage Crash,09/13/2023 02:25:00 PM,ROCKVILLE PIKE,NA,SAME DIR REAR END,Clear,DRY,Daylight,NO CONTROLS,NONE DETECTED,No,No Apparent Injury,N/A,NOT DISTRACTED,MD,PASSENGER CAR,STOPPED IN TRAFFIC LANE,35,No,2021,DODG,SD,39.04676317,-77.112752,2023,9,14
230054628,Property Damage Crash,09/13/2023 02:25:00 PM,ROCKVILLE PIKE,NA,SAME DIR REAR END,Clear,DRY,Daylight,NO CONTROLS,NONE DETECTED,No,No Apparent Injury,N/A,NOT DISTRACTED,DC,VAN,STOPPED IN TRAFFIC LANE,35,No,2016,DODGE,PV,39.04676317,-77.112752,2023,9,14
230054628,Property Damage Crash,09/13/2023 02:25:00 PM,ROCKVILLE PIKE,NA,SAME DIR REAR END,Clear,DRY,Daylight,NO CONTROLS,NONE DETECTED,Yes,No Apparent Injury,N/A,NOT DISTRACTED,MD,(SPORT) UTILITY VEHICLE,SLOWING OR STOPPING,35,No,2006,TOYT,TK,39.04676317,-77.112752,2023,9,14
230054612,Property Damage Crash,09/13/2023 01:15:00 PM,NA,NA,SINGLE VEHICLE,Clear,NA,Daylight,NO CONTROLS,NONE DETECTED,Yes,No Apparent Injury,N/A,NOT DISTRACTED,MD,PASSENGER CAR,PARKING,10,No,2015,MITS,HB,39.14401323,-77.21981053,2023,9,13
230054606,Property Damage Crash,09/13/2023 12:06:00 PM,NORTH FREDERICK ROAD,NA,HEAD ON LEFT TURN,Clear,DRY,Daylight,NO CONTROLS,NONE DETECTED,No,No Apparent Injury,N/A,NOT DISTRACTED,VA,PASSENGER CAR,MOVING CONSTANT SPEED,30,No,2015,ACURA,TLX,39.14692695,-77.20520408,2023,9,12
230054606,Property Damage Crash,09/13/2023 12:06:00 PM,NORTH FREDERICK ROAD,NA,HEAD ON LEFT TURN,Clear,DRY,Daylight,NO CONTROLS,NONE DETECTED,Yes,No Apparent Injury,N/A,NOT DISTRACTED,XX,"CARGO VAN/LIGHT TRUCK 2 AXLES (OVER 10,000LBS (4,536 KG))",MAKING LEFT TURN,30,No,2006,DODGE,SPRINTER,39.14692695,-77.20520408,2023,9,12
23001788,Property Damage Crash,09/13/2023 12:00:00 PM,NA,NA,SAME DIRECTION SIDESWIPE,Clear,NA,Medium,NO CONTROLS,NONE DETECTED,Yes,No Apparent Injury,N/A,INATTENTIVE OR LOST IN THOUGHT,MD,VAN,PARKING,15,No,2018,CHRYSLER,PACIFICA,39.03927941,-77.05209365,2023,9,12
230054594,Property Damage Crash,09/13/2023 11:06:00 AM,WOODFIELD RD,NA,SINGLE VEHICLE,Clear,DRY,Daylight,NO CONTROLS,NONE DETECTED,Yes,No Apparent Injury,N/A,OTHER CELLULAR PHONE RELATED,MD,(SPORT) UTILITY VEHICLE,MOVING CONSTANT SPEED,30,No,2022,HOND,CRV HYBRID,39.24509833,-77.18873167,2023,9,11
230054586,Injury Crash,09/13/2023 10:23:00 AM,NA,PEDESTRIAN,OTHER,Clear,NA,Daylight,NO CONTROLS,NONE DETECTED,Yes,No Apparent Injury,N/A,NOT DISTRACTED,MD,PASSENGER CAR,PARKING,25,No,2016,FORD,TK,39.15088,-77.06561167,2023,9,10
230054582,Property Damage Crash,09/13/2023 10:00:00 AM,COLUMBIA PIKE,NA,SAME DIR REAR END,Clear,DRY,Daylight,NO CONTROLS,NONE DETECTED,No,No Apparent Injury,N/A,NOT DISTRACTED,MD,PASSENGER CAR,STOPPED IN TRAFFIC LANE,50,No,2014,NISSAN,MURANO,39.09730167,-76.93708,2023,9,10
230054582,Property Damage Crash,09/13/2023 10:00:00 AM,COLUMBIA PIKE,NA,SAME DIR REAR END,Clear,DRY,Daylight,NO CONTROLS,NONE DETECTED,No,No Apparent Injury,N/A,NOT DISTRACTED,MD,PASSENGER CAR,STOPPED IN TRAFFIC LANE,50,No,2021,TESLA,UT,39.09730167,-76.93708,2023,9,10
230054582,Property Damage Crash,09/13/2023 10:00:00 AM,COLUMBIA PIKE,NA,SAME DIR REAR END,Clear,DRY,Daylight,NO CONTROLS,NONE DETECTED,Yes,No Apparent Injury,N/A,DISTRACTED BY OUTSIDE PERSON OBJECT OR EVENT,MD,PICKUP TRUCK,MOVING CONSTANT SPEED,50,No,2004,TOYOTA,TUNDRA,39.09730167,-76.93708,2023,9,10
230054576,Property Damage Crash,09/13/2023 09:30:00 AM,MUNCASTER MILL RD,NA,STRAIGHT MOVEMENT ANGLE,Clear,DRY,Daylight,N/A,NONE DETECTED,No,No Apparent Injury,N/A,NOT DISTRACTED,MD,PASSENGER CAR,MOVING CONSTANT SPEED,35,No,1999,FORD,F150,39.14622667,-77.14534333,2023,9,9
230054576,Property Damage Crash,09/13/2023 09:30:00 AM,MUNCASTER MILL RD,NA,STRAIGHT MOVEMENT ANGLE,Clear,DRY,Daylight,N/A,NONE DETECTED,Yes,No Apparent Injury,N/A,UNKNOWN,MD,PASSENGER CAR,MAKING LEFT TURN,35,No,2010,TOYT,TACOMA,39.14622667,-77.14534333,2023,9,9
230054573,Property Damage Crash,09/13/2023 08:32:00 AM,COMMERCE LA,NA,SAME DIRECTION SIDESWIPE,Clear,DRY,Daylight,NO CONTROLS,NONE DETECTED,Yes,No Apparent Injury,"N/A, PHYSICAL OBSTRUCTION(S)",DISTRACTED BY OUTSIDE PERSON OBJECT OR EVENT,MD,TRANSIT BUS,MAKING RIGHT TURN,25,No,2019,NFLY,BUS,38.98595832,-77.09470307,2023,9,8
230054561,Property Damage Crash,09/13/2023 07:35:00 AM,DARNESTOWN RD,NA,OTHER,Clear,DRY,Daylight,TRAFFIC SIGNAL,NONE DETECTED,No,No Apparent Injury,N/A,NOT DISTRACTED,MD,PASSENGER CAR,MOVING CONSTANT SPEED,40,No,2014,MAZD,TK,39.11778783,-77.25099212,2023,9,7
230054561,Property Damage Crash,09/13/2023 07:35:00 AM,DARNESTOWN RD,NA,OTHER,Clear,DRY,Daylight,TRAFFIC SIGNAL,NONE DETECTED,Yes,No Apparent Injury,N/A,NOT DISTRACTED,MD,PASSENGER CAR,MAKING LEFT TURN,40,No,2016,JEEP,TK,39.11778783,-77.25099212,2023,9,7
230054588,Property Damage Crash,09/13/2023 07:18:00 AM,COLESVILLE RD,NA,SAME DIRECTION SIDESWIPE,Clear,DRY,Daylight,NO CONTROLS,NONE DETECTED,No,No Apparent Injury,N/A,UNKNOWN,MD,TRANSIT BUS,STOPPED IN TRAFFIC LANE,35,No,2020,NOV,BU,39.00043333,-77.025735,2023,9,7
230054588,Property Damage Crash,09/13/2023 07:18:00 AM,COLESVILLE RD,NA,SAME DIRECTION SIDESWIPE,Clear,DRY,Daylight,NO CONTROLS,NONE DETECTED,Yes,No Apparent Injury,N/A,UNKNOWN,MI,OTHER BUS,ACCELERATING,35,No,2014,MCI,BU,39.00043333,-77.025735,2023,9,7
230054557,Property Damage Crash,09/13/2023 07:11:00 AM,WOOTTON PKWY,NA,OTHER,Clear,DRY,Daylight,TRAFFIC SIGNAL,NONE DETECTED,Yes,No Apparent Injury,N/A,UNKNOWN,MD,(SPORT) UTILITY VEHICLE,MAKING LEFT TURN,30,No,2023,TOYOTA,RAV 4,39.072779,-77.13819383,2023,9,7
230054557,Property Damage Crash,09/13/2023 07:11:00 AM,WOOTTON PKWY,NA,OTHER,Clear,DRY,Daylight,TRAFFIC SIGNAL,NONE DETECTED,No,No Apparent Injury,N/A,NOT DISTRACTED,MD,(SPORT) UTILITY VEHICLE,MOVING CONSTANT SPEED,30,No,2019,JEEP,CHEROKEE,39.072779,-77.13819383,2023,9,7
230054559,Property Damage Crash,09/13/2023 07:00:00 AM,MONTGOMERY VILLAGE AVE,NA,SAME DIR REAR END,Cloudy,DRY,Daylight,NO CONTROLS,NONE DETECTED,No,No Apparent Injury,N/A,NOT DISTRACTED,MD,(SPORT) UTILITY VEHICLE,MOVING CONSTANT SPEED,35,No,2015,TOYOTA,SIENNA,39.15121263,-77.21393987,2023,9,7
230054559,Property Damage Crash,09/13/2023 07:00:00 AM,MONTGOMERY VILLAGE AVE,NA,SAME DIR REAR END,Cloudy,DRY,Daylight,NO CONTROLS,NONE DETECTED,No,No Apparent Injury,N/A,NOT DISTRACTED,MD,PASSENGER CAR,MOVING CONSTANT SPEED,35,No,2008,NISS,SD,39.15121263,-77.21393987,2023,9,7
230054559,Property Damage Crash,09/13/2023 07:00:00 AM,MONTGOMERY VILLAGE AVE,NA,SAME DIR REAR END,Cloudy,DRY,Daylight,NO CONTROLS,NONE DETECTED,Yes,No Apparent Injury,N/A,INATTENTIVE OR LOST IN THOUGHT,MD,(SPORT) UTILITY VEHICLE,MOVING CONSTANT SPEED,35,No,2018,CHEV,UT,39.15121263,-77.21393987,2023,9,7
230054556,Injury Crash,09/13/2023 06:44:00 AM,COLUMBIA PIKE,NA,SAME DIR REAR END,Rain,WET,Medium,TRAFFIC SIGNAL,NONE DETECTED,No,Possible Minor Injury,"BACKUP DUE TO PRIOR CRASH, RAIN, SNOW, WET",NOT DISTRACTED,MD,PASSENGER CAR,STOPPED IN TRAFFIC LANE,45,No,2013,NISSAN,ROUGE,39.03331,-77.00128,2023,9,6
230054556,Injury Crash,09/13/2023 06:44:00 AM,COLUMBIA PIKE,NA,SAME DIR REAR END,Rain,WET,Medium,TRAFFIC SIGNAL,NONE DETECTED,Yes,No Apparent Injury,"BACKUP DUE TO PRIOR CRASH, RAIN, SNOW, WET",NOT DISTRACTED,MD,PASSENGER CAR,SLOWING OR STOPPING,45,No,2017,CHEV,EQUINOX,39.03331,-77.00128,2023,9,6
230054553,Fatal Crash,09/13/2023 04:12:00 AM,NEW HAMPSHIRE AVE,PEDESTRIAN,SINGLE VEHICLE,Cloudy,WET,Medium,TRAFFIC SIGNAL,NONE DETECTED,No,No Apparent Injury,"N/A, WET",NOT DISTRACTED,MD,PASSENGER CAR,MOVING CONSTANT SPEED,40,No,2020,FORD,TRANSIT,39.02987252,-76.9837096,2023,9,4
230054745,Property Damage Crash,09/13/2023 01:30:00 AM,EISENHOWER MEMORIAL HWY,NA,SINGLE VEHICLE,Rain,WET,Dark,NO CONTROLS,NONE DETECTED,Yes,No Apparent Injury,"RAIN, SNOW, WET",NOT DISTRACTED,MD,POLICE VEHICLE/NON EMERGENCY,SLOWING OR STOPPING,25,No,2021,CHEVROLET,BLAZER,39.11185064,-77.18970123,2023,9,1
230054545,Property Damage Crash,09/12/2023 11:52:00 PM,ROCKVILLE PIKE,NA,OTHER,Rain,WET,Medium,NO CONTROLS,NONE DETECTED,Yes,No Apparent Injury,"RAIN, SNOW, WET",INATTENTIVE OR LOST IN THOUGHT,MD,PASSENGER CAR,MOVING CONSTANT SPEED,35,No,2014,ACURA,MDX,39.00213896,-77.09717942,2023,9,23
230054535,Property Damage Crash,09/12/2023 10:07:00 PM,FREDERICK RD,NA,SINGLE VEHICLE,Rain,WET,Medium,NO CONTROLS,NONE DETECTED,Yes,No Apparent Injury,"RAIN, SNOW, WET",UNKNOWN,MD,PASSENGER CAR,MOVING CONSTANT SPEED,40,No,2013,NISS,ALTIMA,39.17714333,-77.23824,2023,9,22
230054531,Property Damage Crash,09/12/2023 09:25:00 PM,FREDERICK RD,NA,SAME DIR REAR END,Rain,WET,Medium,TRAFFIC SIGNAL,NONE DETECTED,No,No Apparent Injury,"RAIN, SNOW, WET",NOT DISTRACTED,MD,PASSENGER CAR,STOPPED IN TRAFFIC LANE,30,No,2010,TOYT,SU,39.15026985,-77.20811595,2023,9,21
230054531,Property Damage Crash,09/12/2023 09:25:00 PM,FREDERICK RD,NA,SAME DIR REAR END,Rain,WET,Medium,TRAFFIC SIGNAL,NONE DETECTED,Yes,No Apparent Injury,"RAIN, SNOW, WET",UNKNOWN,NA,NA,MOVING CONSTANT SPEED,30,No,0,UNKNOWN,UNKNOWN,39.15026985,-77.20811595,2023,9,21
230054526,Property Damage Crash,09/12/2023 08:18:00 PM,EDMONSTON DR,NA,SAME DIRECTION SIDESWIPE,Rain,WET,Dark,N/A,NONE DETECTED,No,No Apparent Injury,"SLEET, HAIL, FREEZ. RAIN, WET",NOT DISTRACTED,MD,POLICE VEHICLE/EMERGENCY,MAKING RIGHT TURN,35,No,2021,HOND,HB,39.07839488,-77.12989608,2023,9,20
230054526,Property Damage Crash,09/12/2023 08:18:00 PM,EDMONSTON DR,NA,SAME DIRECTION SIDESWIPE,Rain,WET,Dark,N/A,NONE DETECTED,Yes,No Apparent Injury,"SLEET, HAIL, FREEZ. RAIN, WET",NOT DISTRACTED,MD,PASSENGER CAR,MAKING RIGHT TURN,35,No,2019,TOYT,4H,39.07839488,-77.12989608,2023,9,20
230054525,Injury Crash,09/12/2023 08:11:00 PM,NEW HAMPSHIRE AVE,PEDESTRIAN,OTHER,Clear,DRY,Medium,TRAFFIC SIGNAL,NONE DETECTED,Unknown,No Apparent Injury,N/A,NOT DISTRACTED,MD,PICKUP TRUCK,MAKING RIGHT TURN,35,No,2018,GMC,SIERRA,39.015375,-76.97764833,2023,9,20
230054528,Property Damage Crash,09/12/2023 08:06:00 PM,PINEY BRANCH RD,NA,HEAD ON LEFT TURN,Clear,DRY,Medium,NO CONTROLS,NONE DETECTED,No,No Apparent Injury,N/A,NOT DISTRACTED,MD,PASSENGER CAR,SLOWING OR STOPPING,35,No,2014,HONDA,CIVIC,38.99954167,-76.99598667,2023,9,20
230054528,Property Damage Crash,09/12/2023 08:06:00 PM,PINEY BRANCH RD,NA,HEAD ON LEFT TURN,Clear,DRY,Medium,NO CONTROLS,NONE DETECTED,Yes,No Apparent Injury,N/A,UNKNOWN,NA,PASSENGER CAR,MAKING LEFT TURN,35,No,2018,HONDA,CRV,38.99954167,-76.99598667,2023,9,20
230054497,Property Damage Crash,09/12/2023 05:02:00 PM,GEORGIA AVE,NA,SAME DIR BOTH LEFT TURN,Clear,N/A,Daylight,TRAFFIC SIGNAL,NONE DETECTED,Yes,No Apparent Injury,N/A,UNKNOWN,NA,PASSENGER CAR,MOVING CONSTANT SPEED,30,No,2015,TOYOTA,TK,39.00798708,-77.03982534,2023,9,17
230054497,Property Damage Crash,09/12/2023 05:02:00 PM,GEORGIA AVE,NA,SAME DIR BOTH LEFT TURN,Clear,N/A,Daylight,TRAFFIC SIGNAL,NONE DETECTED,No,No Apparent Injury,N/A,NOT DISTRACTED,MD,PASSENGER CAR,MOVING CONSTANT SPEED,30,No,2018,JEEP,TK,39.00798708,-77.03982534,2023,9,17
230054495,Injury Crash,09/12/2023 04:55:00 PM,TANLEY RD,BICYCLIST,STRAIGHT MOVEMENT ANGLE,Clear,DRY,Daylight,STOP SIGN,NONE DETECTED,Unknown,No Apparent Injury,N/A,LOOKED BUT DID NOT SEE,MD,PASSENGER CAR,ACCELERATING,25,No,2020,VOLV0,XC60,39.0521705,-76.993683,2023,9,16
230054490,Property Damage Crash,09/12/2023 04:30:00 PM,ZETTS AVE,NA,ANGLE MEETS RIGHT TURN,Clear,DRY,Daylight,NO CONTROLS,NONE DETECTED,Yes,No Apparent Injury,N/A,UNKNOWN,MD,PASSENGER CAR,PASSING,25,No,2010,HONDA,ACCORD,39.12106096,-77.17818225,2023,9,16
230054490,Property Damage Crash,09/12/2023 04:30:00 PM,ZETTS AVE,NA,ANGLE MEETS RIGHT TURN,Clear,DRY,Daylight,NO CONTROLS,NONE DETECTED,No,No Apparent Injury,N/A,LOOKED BUT DID NOT SEE,MD,(SPORT) UTILITY VEHICLE,PASSING,25,No,2018,TOYOTA,CHR,39.12106096,-77.17818225,2023,9,16
230054484,Property Damage Crash,09/12/2023 04:15:00 PM,HOMECREST RD,NA,SINGLE VEHICLE,Clear,DRY,Daylight,NO CONTROLS,NONE DETECTED,No,No Apparent Injury,N/A,UNKNOWN,MD,SCHOOL BUS,MOVING CONSTANT SPEED,25,No,2020,THOMAS,BUS,39.10160867,-77.05728,2023,9,16
230054487,Property Damage Crash,09/12/2023 04:15:00 PM,RAMP 9 FR IS 370 EB TO SHADY GROVE RD,NA,SAME DIRECTION SIDESWIPE,Clear,DRY,Daylight,NO CONTROLS,NONE DETECTED,No,No Apparent Injury,N/A,NOT DISTRACTED,MD,PASSENGER CAR,STOPPED IN TRAFFIC LANE,25,No,2013,HOND,4S,39.12163383,-77.176867,2023,9,16
230054487,Property Damage Crash,09/12/2023 04:15:00 PM,RAMP 9 FR IS 370 EB TO SHADY GROVE RD,NA,SAME DIRECTION SIDESWIPE,Clear,DRY,Daylight,NO CONTROLS,NONE DETECTED,Yes,No Apparent Injury,N/A,UNKNOWN,MD,PASSENGER CAR,PASSING,25,No,2010,HONDA,ACCORD,39.12163383,-77.176867,2023,9,16
230054485,Property Damage Crash,09/12/2023 04:04:00 PM,PINEY BRANCH RD,NA,HEAD ON LEFT TURN,Clear,DRY,Daylight,NO CONTROLS,NONE DETECTED,Yes,No Apparent Injury,N/A,LOOKED BUT DID NOT SEE,MD,SCHOOL BUS,MAKING LEFT TURN,35,No,2018,TOYT,HB,39.00121333,-76.98594167,2023,9,16
230054485,Property Damage Crash,09/12/2023 04:04:00 PM,PINEY BRANCH RD,NA,HEAD ON LEFT TURN,Clear,DRY,Daylight,NO CONTROLS,NONE DETECTED,No,No Apparent Injury,N/A,NOT DISTRACTED,MD,PASSENGER CAR,MOVING CONSTANT SPEED,35,No,2018,TOYT,HB,39.00121333,-76.98594167,2023,9,16
230054477,Property Damage Crash,09/12/2023 03:30:00 PM,NA,NA,SAME DIR REAR END,Clear,NA,Daylight,N/A,NONE DETECTED,Yes,No Apparent Injury,N/A,NOT DISTRACTED,MD,PASSENGER CAR,ACCELERATING,25,No,2016,HONDA,CRV,38.99075667,-77.094835,2023,9,15
230054478,Property Damage Crash,09/12/2023 03:25:00 PM,LONGWOOD DR,NA,OTHER,Clear,DRY,Daylight,N/A,NONE DETECTED,Yes,No Apparent Injury,N/A,UNKNOWN,MD,PASSENGER CAR,MOVING CONSTANT SPEED,25,No,2023,TOYOTA,CAMRY,39.08996416,-77.13933218,2023,9,15
230054468,Property Damage Crash,09/12/2023 03:15:00 PM,WIGHTMAN RD,NA,SAME DIR REAR END,Clear,DRY,Daylight,N/A,NONE DETECTED,No,No Apparent Injury,N/A,NOT DISTRACTED,MD,PICKUP TRUCK,STOPPED IN TRAFFIC LANE,35,No,2007,CHEV,SILVERADO,39.18965064,-77.19123555,2023,9,15
230054468,Property Damage Crash,09/12/2023 03:15:00 PM,WIGHTMAN RD,NA,SAME DIR REAR END,Clear,DRY,Daylight,N/A,NONE DETECTED,Yes,No Apparent Injury,N/A,NOT DISTRACTED,MD,POLICE VEHICLE/NON EMERGENCY,SLOWING OR STOPPING,35,No,2016,FORD,INTERCEPTOR,39.18965064,-77.19123555,2023,9,15
230054462,Injury Crash,09/12/2023 01:50:00 PM,RIVER RD,NA,HEAD ON LEFT TURN,Clear,DRY,Daylight,NO CONTROLS,NONE DETECTED,No,Possible Minor Injury,N/A,NOT DISTRACTED,MD,PASSENGER CAR,MOVING CONSTANT SPEED,50,No,2019,HYN,ELANTRA,39.08187667,-77.382855,2023,9,13
230054462,Injury Crash,09/12/2023 01:50:00 PM,RIVER RD,NA,HEAD ON LEFT TURN,Clear,DRY,Daylight,NO CONTROLS,NONE DETECTED,Yes,Possible Minor Injury,N/A,LOOKED BUT DID NOT SEE,MD,PASSENGER CAR,MAKING LEFT TURN,50,No,2004,HONDA,CIVIC,39.08187667,-77.382855,2023,9,13
230054455,Property Damage Crash,09/12/2023 01:30:00 PM,ODENDHAL AVE,NA,STRAIGHT MOVEMENT ANGLE,Clear,DRY,Daylight,TRAFFIC SIGNAL,NONE DETECTED,Yes,No Apparent Injury,N/A,LOOKED BUT DID NOT SEE,MD,PASSENGER CAR,MOVING CONSTANT SPEED,35,No,2016,TOYOTA,CAMRY,39.15050667,-77.20411047,2023,9,13
230054455,Property Damage Crash,09/12/2023 01:30:00 PM,ODENDHAL AVE,NA,STRAIGHT MOVEMENT ANGLE,Clear,DRY,Daylight,TRAFFIC SIGNAL,NONE DETECTED,No,No Apparent Injury,N/A,NOT DISTRACTED,MD,PASSENGER CAR,STARTING FROM LANE,35,No,2019,NISSAN,MAXIMA,39.15050667,-77.20411047,2023,9,13
230054446,Property Damage Crash,09/12/2023 12:28:00 PM,NEW HAMPSHIRE AVE,NA,SAME DIR REAR END,Clear,DRY,Daylight,NO CONTROLS,NONE DETECTED,No,No Apparent Injury,N/A,NOT DISTRACTED,MD,PASSENGER CAR,SLOWING OR STOPPING,40,No,2022,MERCEDES,GLC300,39.01729083,-76.977279,2023,9,12
230054446,Property Damage Crash,09/12/2023 12:28:00 PM,NEW HAMPSHIRE AVE,NA,SAME DIR REAR END,Clear,DRY,Daylight,NO CONTROLS,NONE DETECTED,Yes,No Apparent Injury,N/A,LOOKED BUT DID NOT SEE,MD,PASSENGER CAR,SLOWING OR STOPPING,40,No,2011,CHEVROLET,CRUZE,39.01729083,-76.977279,2023,9,12
230054443,Property Damage Crash,09/12/2023 12:15:00 PM,CHERRY HILL RD,NA,HEAD ON LEFT TURN,Clear,DRY,Daylight,TRAFFIC SIGNAL,NONE DETECTED,No,No Apparent Injury,N/A,NOT DISTRACTED,DC,PASSENGER CAR,MAKING LEFT TURN,40,No,2011,TOYOTA,CAMRY,39.05616833,-76.95452333,2023,9,12
230054443,Property Damage Crash,09/12/2023 12:15:00 PM,CHERRY HILL RD,NA,HEAD ON LEFT TURN,Clear,DRY,Daylight,TRAFFIC SIGNAL,NONE DETECTED,Yes,No Apparent Injury,N/A,NOT DISTRACTED,MD,POLICE VEHICLE/EMERGENCY,MOVING CONSTANT SPEED,40,No,2013,VOLK,4S,39.05616833,-76.95452333,2023,9,12
230054443,Property Damage Crash,09/12/2023 12:15:00 PM,CHERRY HILL RD,NA,HEAD ON LEFT TURN,Clear,DRY,Daylight,TRAFFIC SIGNAL,NONE DETECTED,No,No Apparent Injury,N/A,NOT DISTRACTED,MD,PASSENGER CAR,STOPPED IN TRAFFIC LANE,40,No,2011,ACUR,UT,39.05616833,-76.95452333,2023,9,12
230054437,Injury Crash,09/12/2023 12:05:00 PM,SPENCERVILLE RD,NA,OTHER,Clear,DRY,Daylight,NO CONTROLS,NONE DETECTED,Yes,Possible Minor Injury,N/A,LOOKED BUT DID NOT SEE,MD,"MEDIUM/HEAVY TRUCKS 3 AXLES (OVER 10,000LBS (4,536KG))",BACKING,40,No,2020,CHEV,PK,39.11814667,-76.98081017,2023,9,12
230054437,Injury Crash,09/12/2023 12:05:00 PM,SPENCERVILLE RD,NA,OTHER,Clear,DRY,Daylight,NO CONTROLS,NONE DETECTED,No,Possible Minor Injury,N/A,NOT DISTRACTED,MD,"MEDIUM/HEAVY TRUCKS 3 AXLES (OVER 10,000LBS (4,536KG))",MOVING CONSTANT SPEED,40,No,2000,MACK,MR6886,39.11814667,-76.98081017,2023,9,12
230054422,Injury Crash,09/12/2023 11:12:00 AM,FREDERICK RD,NA,STRAIGHT MOVEMENT ANGLE,Clear,DRY,Daylight,TRAFFIC SIGNAL,NONE DETECTED,No,Possible Minor Injury,N/A,NOT DISTRACTED,MD,PASSENGER CAR,MOVING CONSTANT SPEED,35,No,2016,LEXUS,4S,39.19798167,-77.24511333,2023,9,11
230054422,Injury Crash,09/12/2023 11:12:00 AM,FREDERICK RD,NA,STRAIGHT MOVEMENT ANGLE,Clear,DRY,Daylight,TRAFFIC SIGNAL,NONE DETECTED,Yes,Possible Minor Injury,N/A,NOT DISTRACTED,MD,PASSENGER CAR,MAKING LEFT TURN,30,No,2023,HYUNDAI,ELEANTRA,39.19798167,-77.24511333,2023,9,11