Local Case Number,ACRS Report Type,Crash Date/Time,Road Name,Related Non-Motorist,Collision Type,Weather,Surface Condition,Light,Traffic Control,Driver Substance Abuse,Driver At Fault,Injury Severity,Circumstance,Driver Distracted By,Drivers License State,Vehicle Body Type,Vehicle Movement,Speed Limit,Driverless Vehicle,Vehicle Year,Vehicle Make,Vehicle Model,Latitude,Longitude,Year,Month,Hour
230054402,Property Damage Crash,09/12/2023 10:01:00 AM,FREDERICK RD,NA,HEAD ON LEFT TURN,Clear,DRY,Daylight,TRAFFIC SIGNAL,NONE DETECTED,No,No Apparent Injury,N/A,NOT DISTRACTED,DC,PASSENGER CAR,MOVING CONSTANT SPEED,40,No,2011,NISSAN,4S,39.11915072,-77.17172483,2023,9,10
230054402,Property Damage Crash,09/12/2023 10:01:00 AM,FREDERICK RD,NA,HEAD ON LEFT TURN,Clear,DRY,Daylight,TRAFFIC SIGNAL,NONE DETECTED,Yes,No Apparent Injury,N/A,LOOKED BUT DID NOT SEE,MD,PASSENGER CAR,MAKING LEFT TURN,40,No,2014,FORD,TAURUS,39.11915072,-77.17172483,2023,9,10
230054401,Injury Crash,09/12/2023 09:59:00 AM,RANDOLPH RD,NA,SAME DIR REAR END,Clear,DRY,Daylight,N/A,NONE DETECTED,Yes,Possible Minor Injury,N/A,NOT DISTRACTED,MD,PASSENGER CAR,MOVING CONSTANT SPEED,40,No,2008,DODGE,GRAND CARAVAN,39.06016283,-77.04632133,2023,9,9
230054401,Injury Crash,09/12/2023 09:59:00 AM,RANDOLPH RD,NA,SAME DIR REAR END,Clear,DRY,Daylight,N/A,NONE DETECTED,No,No Apparent Injury,N/A,NOT DISTRACTED,MD,PASSENGER CAR,SLOWING OR STOPPING,40,No,2016,HYUNDAI,SONATA,39.06016283,-77.04632133,2023,9,9
230054391,Property Damage Crash,09/12/2023 09:22:00 AM,GLEN RD,NA,HEAD ON,Clear,DRY,Daylight,NO CONTROLS,NONE DETECTED,Yes,No Apparent Injury,N/A,UNKNOWN,MD,PASSENGER CAR,MOVING CONSTANT SPEED,25,No,2018,DODGE,RAM,39.04641833,-77.21665833,2023,9,9
230054391,Property Damage Crash,09/12/2023 09:22:00 AM,GLEN RD,NA,HEAD ON,Clear,DRY,Daylight,NO CONTROLS,NONE DETECTED,Yes,No Apparent Injury,N/A,UNKNOWN,MD,PASSENGER CAR,MOVING CONSTANT SPEED,25,No,2021,HOND,UT,39.04641833,-77.21665833,2023,9,9
230054392,Injury Crash,09/12/2023 09:08:00 AM,NEW HAMPSHIRE AVE,NA,STRAIGHT MOVEMENT ANGLE,Clear,DRY,Daylight,TRAFFIC SIGNAL,NONE DETECTED,No,Possible Minor Injury,N/A,NOT DISTRACTED,MD,PASSENGER CAR,MOVING CONSTANT SPEED,25,No,2011,TOYOTA,COROLLA,38.97769141,-76.99190294,2023,9,9
230054390,Property Damage Crash,09/12/2023 09:08:00 AM,W DEER PARK RD,NA,OTHER,Clear,DRY,Daylight,NO CONTROLS,NONE DETECTED,Yes,No Apparent Injury,N/A,UNKNOWN,MD,PASSENGER CAR,BACKING,25,No,2012,HYUN,TK,39.12859613,-77.19342522,2023,9,9
230054392,Injury Crash,09/12/2023 09:08:00 AM,NEW HAMPSHIRE AVE,NA,STRAIGHT MOVEMENT ANGLE,Clear,DRY,Daylight,TRAFFIC SIGNAL,NONE DETECTED,Yes,No Apparent Injury,N/A,NOT DISTRACTED,MD,PASSENGER CAR,MOVING CONSTANT SPEED,25,No,2022,TOYOTA,HIGHLANDER,38.97769141,-76.99190294,2023,9,9
230054390,Property Damage Crash,09/12/2023 09:08:00 AM,W DEER PARK RD,NA,OTHER,Clear,DRY,Daylight,NO CONTROLS,NONE DETECTED,No,No Apparent Injury,N/A,NOT DISTRACTED,MD,PASSENGER CAR,PARKED,25,No,2016,DODGE,VN,39.12859613,-77.19342522,2023,9,9
230054389,Property Damage Crash,09/12/2023 09:00:00 AM,KEMP MILL RD,NA,SAME DIR REAR END,Clear,DRY,Daylight,STOP SIGN,NONE DETECTED,Yes,No Apparent Injury,N/A,INATTENTIVE OR LOST IN THOUGHT,MD,PASSENGER CAR,MOVING CONSTANT SPEED,30,No,2018,HOND,4S,39.04725333,-77.029275,2023,9,9
230054389,Property Damage Crash,09/12/2023 09:00:00 AM,KEMP MILL RD,NA,SAME DIR REAR END,Clear,DRY,Daylight,STOP SIGN,NONE DETECTED,No,No Apparent Injury,N/A,NOT DISTRACTED,MD,SCHOOL BUS,STOPPED IN TRAFFIC LANE,30,No,2015,FRHT,BU,39.04725333,-77.029275,2023,9,9
230054384,Property Damage Crash,09/12/2023 08:19:00 AM,RIDGE RD,NA,SAME DIRECTION SIDESWIPE,Clear,DRY,Daylight,N/A,NONE DETECTED,No,No Apparent Injury,N/A,NOT DISTRACTED,MD,VAN,MOVING CONSTANT SPEED,40,No,2018,NISS,NV200 VN,39.20546167,-77.24357167,2023,9,8
230054384,Property Damage Crash,09/12/2023 08:19:00 AM,RIDGE RD,NA,SAME DIRECTION SIDESWIPE,Clear,DRY,Daylight,N/A,NONE DETECTED,Yes,No Apparent Injury,N/A,NOT DISTRACTED,MD,(SPORT) UTILITY VEHICLE,CHANGING LANES,40,No,2012,TOYT,RAV 4 TK,39.20546167,-77.24357167,2023,9,8
230054379,Property Damage Crash,09/12/2023 08:03:00 AM,BEL PRE RD,NA,STRAIGHT MOVEMENT ANGLE,Clear,DRY,Daylight,STOP SIGN,NONE DETECTED,Yes,No Apparent Injury,N/A,UNKNOWN,MD,PASSENGER CAR,MOVING CONSTANT SPEED,25,No,2000,ACURA,3.2TL,39.09202667,-77.08275333,2023,9,8
230054379,Property Damage Crash,09/12/2023 08:03:00 AM,BEL PRE RD,NA,STRAIGHT MOVEMENT ANGLE,Clear,DRY,Daylight,STOP SIGN,NONE DETECTED,No,No Apparent Injury,N/A,UNKNOWN,MD,SCHOOL BUS,ENTERING TRAFFIC LANE,25,No,2015,THOM,BU,39.09202667,-77.08275333,2023,9,8
230054373,Injury Crash,09/12/2023 08:01:00 AM,KNOWLES AVE,NA,SAME DIR REAR END,Clear,DRY,Daylight,NO CONTROLS,NONE DETECTED,No,Possible Minor Injury,N/A,NOT DISTRACTED,MD,(SPORT) UTILITY VEHICLE,SLOWING OR STOPPING,30,No,2019,TOYOTA,RAV4,39.03114167,-77.08630333,2023,9,8
230054373,Injury Crash,09/12/2023 08:01:00 AM,KNOWLES AVE,NA,SAME DIR REAR END,Clear,DRY,Daylight,NO CONTROLS,NONE DETECTED,Yes,No Apparent Injury,N/A,NOT DISTRACTED,MD,(SPORT) UTILITY VEHICLE,MOVING CONSTANT SPEED,30,No,2004,MAZDA,MPV,39.03114167,-77.08630333,2023,9,8
230054376,Injury Crash,09/12/2023 07:50:00 AM,SPENCERVILLE RD,NA,HEAD ON LEFT TURN,Clear,DRY,Daylight,NO CONTROLS,NONE DETECTED,No,No Apparent Injury,N/A,NOT DISTRACTED,MD,(SPORT) UTILITY VEHICLE,STOPPED IN TRAFFIC LANE,15,No,2016,FORD,EXPLORER,39.11475,-76.95949333,2023,9,7
230054376,Injury Crash,09/12/2023 07:50:00 AM,SPENCERVILLE RD,NA,HEAD ON LEFT TURN,Clear,DRY,Daylight,NO CONTROLS,NONE DETECTED,No,Possible Minor Injury,N/A,NOT DISTRACTED,MD,PASSENGER CAR,MOVING CONSTANT SPEED,35,No,2018,HONDA,ACCORD,39.11475,-76.95949333,2023,9,7
230054376,Injury Crash,09/12/2023 07:50:00 AM,SPENCERVILLE RD,NA,HEAD ON LEFT TURN,Clear,DRY,Daylight,NO CONTROLS,NONE DETECTED,Yes,No Apparent Injury,N/A,UNKNOWN,MD,PASSENGER CAR,MAKING LEFT TURN,35,No,2015,ACURA,TLX,39.11475,-76.95949333,2023,9,7
230054369,Injury Crash,09/12/2023 07:40:00 AM,CLARKSBURG RD,NA,STRAIGHT MOVEMENT ANGLE,Clear,DRY,Daylight,TRAFFIC SIGNAL,NONE DETECTED,No,Possible Minor Injury,N/A,NOT DISTRACTED,MD,PASSENGER CAR,MOVING CONSTANT SPEED,40,No,2010,MERZ,4S,39.23360685,-77.28276774,2023,9,7
230054369,Injury Crash,09/12/2023 07:40:00 AM,CLARKSBURG RD,NA,STRAIGHT MOVEMENT ANGLE,Clear,DRY,Daylight,TRAFFIC SIGNAL,NONE DETECTED,Yes,No Apparent Injury,N/A,LOOKED BUT DID NOT SEE,MD,PASSENGER CAR,MAKING LEFT TURN,40,No,2022,TOYT,UT,39.23360685,-77.28276774,2023,9,7
230054415,Property Damage Crash,09/12/2023 07:15:00 AM,PARKLAWN DR,NA,SAME DIRECTION SIDESWIPE,Clear,DRY,Daylight,TRAFFIC SIGNAL,NONE DETECTED,No,No Apparent Injury,N/A,NOT DISTRACTED,MD,SCHOOL BUS,STOPPED IN TRAFFIC LANE,30,No,2023,FREIGHTLINER,EV,39.04899424,-77.10212701,2023,9,7
230054415,Property Damage Crash,09/12/2023 07:15:00 AM,PARKLAWN DR,NA,SAME DIRECTION SIDESWIPE,Clear,DRY,Daylight,TRAFFIC SIGNAL,NONE DETECTED,Yes,No Apparent Injury,N/A,UNKNOWN,NA,"MEDIUM/HEAVY TRUCKS 3 AXLES (OVER 10,000LBS (4,536KG))",MOVING CONSTANT SPEED,30,No,0,UNKNOWN,UNKNOWN,39.04899424,-77.10212701,2023,9,7
230054356,Property Damage Crash,09/12/2023 04:50:00 AM,GEORGIA AVE,NA,SAME DIR REAR END,Clear,DRY,Medium,TRAFFIC SIGNAL,NONE DETECTED,Yes,No Apparent Injury,N/A,NOT DISTRACTED,MD,PASSENGER CAR,MOVING CONSTANT SPEED,35,No,2011,TOYOTA,RAV 4,39.06040333,-77.051485,2023,9,4
230054356,Property Damage Crash,09/12/2023 04:50:00 AM,GEORGIA AVE,NA,SAME DIR REAR END,Clear,DRY,Medium,TRAFFIC SIGNAL,NONE DETECTED,No,No Apparent Injury,N/A,NOT DISTRACTED,MD,PASSENGER CAR,STOPPED IN TRAFFIC LANE,35,No,2019,NISSAN,ROGUE,39.06040333,-77.051485,2023,9,4
230054347,Property Damage Crash,09/12/2023 01:02:00 AM,NA,NA,SINGLE VEHICLE,Clear,NA,Medium,N/A,NONE DETECTED,Yes,No Apparent Injury,N/A,NOT DISTRACTED,MD,PASSENGER CAR,MAKING LEFT TURN,15,No,2020,TOYT,CAMRY,39.04066151,-76.99546463,2023,9,1
230054335,Injury Crash,09/11/2023 10:49:00 PM,WOODFIELD RD,NA,STRAIGHT MOVEMENT ANGLE,Clear,DRY,Medium,TRAFFIC SIGNAL,NONE DETECTED,No,No Apparent Injury,N/A,NOT DISTRACTED,MD,PASSENGER CAR,MOVING CONSTANT SPEED,35,No,2020,HONDA,4D,39.15905063,-77.16046636,2023,9,22
230054335,Injury Crash,09/11/2023 10:49:00 PM,WOODFIELD RD,NA,STRAIGHT MOVEMENT ANGLE,Clear,DRY,Medium,TRAFFIC SIGNAL,NONE DETECTED,Yes,Possible Minor Injury,N/A,UNKNOWN,MD,PASSENGER CAR,MOVING CONSTANT SPEED,35,No,2011,NISSAN,4D,39.15905063,-77.16046636,2023,9,22
230054325,Property Damage Crash,09/11/2023 09:00:00 PM,GEORGIA AVE,NA,SAME DIRECTION RIGHT TURN,Clear,DRY,Medium,NO CONTROLS,NONE DETECTED,No,No Apparent Injury,N/A,NOT DISTRACTED,MD,PASSENGER CAR,MOVING CONSTANT SPEED,50,No,2013,HONDA,4D,39.1240026,-77.07338745,2023,9,21
230054325,Property Damage Crash,09/11/2023 09:00:00 PM,GEORGIA AVE,NA,SAME DIRECTION RIGHT TURN,Clear,DRY,Medium,NO CONTROLS,NONE DETECTED,Yes,No Apparent Injury,N/A,NOT DISTRACTED,VA,"CARGO VAN/LIGHT TRUCK 2 AXLES (OVER 10,000LBS (4,536 KG))",CHANGING LANES,50,No,2019,INTERNATIONAL,TRUCK,39.1240026,-77.07338745,2023,9,21
230054315,Property Damage Crash,09/11/2023 07:45:00 PM,UNIVERSITY BLVD E,NA,HEAD ON,Clear,DRY,Medium,TRAFFIC SIGNAL,ALCOHOL PRESENT,Yes,No Apparent Injury,N/A,INATTENTIVE OR LOST IN THOUGHT,MD,PASSENGER CAR,MOVING CONSTANT SPEED,35,No,2012,CADILLAC,SEDAN,38.99405998,-76.99250707,2023,9,19
230054315,Property Damage Crash,09/11/2023 07:45:00 PM,UNIVERSITY BLVD E,NA,HEAD ON,Clear,DRY,Medium,TRAFFIC SIGNAL,NONE DETECTED,No,No Apparent Injury,N/A,NOT DISTRACTED,MD,PICKUP TRUCK,STOPPED IN TRAFFIC LANE,35,No,2005,FORD,PICKUP,38.99405998,-76.99250707,2023,9,19
230054309,Injury Crash,09/11/2023 07:40:00 PM,FREDERICK RD,NA,SAME DIRECTION SIDESWIPE,Clear,DRY,Medium,TRAFFIC SIGNAL,NONE DETECTED,Yes,Possible Minor Injury,N/A,LOOKED BUT DID NOT SEE,MD,PASSENGER CAR,MAKING LEFT TURN,40,No,2023,TOYOTA,CAMRY,39.12617567,-77.18258417,2023,9,19
230054309,Injury Crash,09/11/2023 07:40:00 PM,FREDERICK RD,NA,SAME DIRECTION SIDESWIPE,Clear,DRY,Medium,TRAFFIC SIGNAL,NONE DETECTED,No,No Apparent Injury,N/A,NOT DISTRACTED,MD,PASSENGER CAR,MOVING CONSTANT SPEED,40,No,2020,HYUNDAI,4S,39.12617567,-77.18258417,2023,9,19
230054307,Injury Crash,09/11/2023 07:07:00 PM,TRAVILAH RD,NA,OPPOSITE DIRECTION SIDESWIPE,Clear,DRY,Daylight,NO CONTROLS,NONE DETECTED,Yes,Possible Minor Injury,N/A,NOT DISTRACTED,MD,MOTORCYCLE,MOVING CONSTANT SPEED,40,No,2010,YAMA,STAR CR,39.07048888,-77.26181384,2023,9,19
230054307,Injury Crash,09/11/2023 07:07:00 PM,TRAVILAH RD,NA,OPPOSITE DIRECTION SIDESWIPE,Clear,DRY,Daylight,NO CONTROLS,NONE DETECTED,No,Possible Minor Injury,N/A,NOT DISTRACTED,MD,VAN,MOVING CONSTANT SPEED,40,No,2017,MERZ,SPRINTER VN,39.07048888,-77.26181384,2023,9,19
230054303,Property Damage Crash,09/11/2023 06:31:00 PM,MONTGOMERY LA,NA,SAME DIRECTION SIDESWIPE,Clear,DRY,Daylight,NO CONTROLS,NONE DETECTED,No,No Apparent Injury,N/A,NOT DISTRACTED,MD,(SPORT) UTILITY VEHICLE,MAKING LEFT TURN,30,No,2020,MERZ,GLB 250,38.98348624,-77.09609417,2023,9,18
230054303,Property Damage Crash,09/11/2023 06:31:00 PM,MONTGOMERY LA,NA,SAME DIRECTION SIDESWIPE,Clear,DRY,Daylight,NO CONTROLS,NONE DETECTED,Yes,No Apparent Injury,N/A,NOT DISTRACTED,MD,TRANSIT BUS,MAKING LEFT TURN,30,No,2021,NEW FLYER,BUS,38.98348624,-77.09609417,2023,9,18
230054290,Injury Crash,09/11/2023 05:36:00 PM,JONES MILL RD,NA,SAME DIR REAR END,Clear,DRY,Daylight,NO CONTROLS,NONE DETECTED,Yes,No Apparent Injury,N/A,INATTENTIVE OR LOST IN THOUGHT,MD,PASSENGER CAR,SLOWING OR STOPPING,30,No,2015,TOYT,PV,38.994372,-77.06463667,2023,9,17
230054290,Injury Crash,09/11/2023 05:36:00 PM,JONES MILL RD,NA,SAME DIR REAR END,Clear,DRY,Daylight,NO CONTROLS,NONE DETECTED,No,No Apparent Injury,N/A,NOT DISTRACTED,MD,PASSENGER CAR,STOPPED IN TRAFFIC LANE,30,No,2021,CHEV,UT,38.994372,-77.06463667,2023,9,17
230054290,Injury Crash,09/11/2023 05:36:00 PM,JONES MILL RD,NA,SAME DIR REAR END,Clear,DRY,Daylight,NO CONTROLS,NONE DETECTED,No,Possible Minor Injury,N/A,NOT DISTRACTED,MD,PASSENGER CAR,STARTING FROM LANE,30,No,2005,ACUR,TK,38.994372,-77.06463667,2023,9,17
230054288,Injury Crash,09/11/2023 05:22:00 PM,CONNECTICUT AVE,NA,SAME DIR REAR END,Clear,DRY,Daylight,TRAFFIC SIGNAL,NONE DETECTED,Yes,No Apparent Injury,N/A,BY MOVING OBJECT IN VEHICLE,MD,PASSENGER CAR,ACCELERATING,25,No,2017,BUICK,ENCORE,38.991001,-77.07694797,2023,9,17
230054288,Injury Crash,09/11/2023 05:22:00 PM,CONNECTICUT AVE,NA,SAME DIR REAR END,Clear,DRY,Daylight,TRAFFIC SIGNAL,NONE DETECTED,No,Possible Minor Injury,N/A,NOT DISTRACTED,MD,PASSENGER CAR,STOPPED IN TRAFFIC LANE,25,No,2018,HOND,SD,38.991001,-77.07694797,2023,9,17
230054284,Injury Crash,09/11/2023 05:07:00 PM,NORBECK RD,NA,HEAD ON,Clear,DRY,Daylight,NO CONTROLS,NONE DETECTED,No,No Apparent Injury,N/A,NOT DISTRACTED,MD,PASSENGER CAR,MOVING CONSTANT SPEED,40,No,2021,NISSAN,MAXIMA,39.12223667,-76.99763,2023,9,17
230054284,Injury Crash,09/11/2023 05:07:00 PM,NORBECK RD,NA,HEAD ON,Clear,DRY,Daylight,NO CONTROLS,NONE DETECTED,Yes,Possible Minor Injury,N/A,UNKNOWN,MD,PASSENGER CAR,MOVING CONSTANT SPEED,40,No,2008,LEXUS,4D,39.12223667,-76.99763,2023,9,17
230054296,Property Damage Crash,09/11/2023 05:01:00 PM,COLUMBIA PIKE,NA,SAME DIR REAR END,Clear,DRY,Daylight,TRAFFIC SIGNAL,NONE DETECTED,Yes,No Apparent Injury,N/A,UNKNOWN,MD,PASSENGER CAR,SLOWING OR STOPPING,55,No,2013,FORD,ESCAPE,39.09573565,-76.93807887,2023,9,17
230054296,Property Damage Crash,09/11/2023 05:01:00 PM,COLUMBIA PIKE,NA,SAME DIR REAR END,Clear,DRY,Daylight,TRAFFIC SIGNAL,NONE DETECTED,No,No Apparent Injury,N/A,NOT DISTRACTED,MD,PASSENGER CAR,SLOWING OR STOPPING,55,No,2016,HONDA,ACCORD,39.09573565,-76.93807887,2023,9,17
230054285,Property Damage Crash,09/11/2023 04:46:00 PM,FRANKLIN AVE,NA,OTHER,Clear,DRY,Daylight,TRAFFIC SIGNAL,NONE DETECTED,No,No Apparent Injury,N/A,NOT DISTRACTED,MD,PASSENGER CAR,MOVING CONSTANT SPEED,30,No,2010,INFINTY,SD,39.00885017,-77.01798733,2023,9,16
230054285,Property Damage Crash,09/11/2023 04:46:00 PM,FRANKLIN AVE,NA,OTHER,Clear,DRY,Daylight,TRAFFIC SIGNAL,NONE DETECTED,Yes,No Apparent Injury,N/A,NOT DISTRACTED,MD,PASSENGER CAR,MAKING LEFT TURN,30,No,2015,TOYOTA,UT,39.00885017,-77.01798733,2023,9,16
230054276,Property Damage Crash,09/11/2023 04:38:00 PM,OLD COLUMBIA PIKE,NA,STRAIGHT MOVEMENT ANGLE,Clear,DRY,Daylight,NO CONTROLS,NONE DETECTED,No,No Apparent Injury,N/A,NOT DISTRACTED,MD,PASSENGER CAR,MOVING CONSTANT SPEED,35,No,2006,CHRYSLER,TOWN AND COUNTRY,39.10726083,-76.93753717,2023,9,16
230054276,Property Damage Crash,09/11/2023 04:38:00 PM,OLD COLUMBIA PIKE,NA,STRAIGHT MOVEMENT ANGLE,Clear,DRY,Daylight,NO CONTROLS,NONE DETECTED,Yes,No Apparent Injury,N/A,LOOKED BUT DID NOT SEE,MD,PASSENGER CAR,ACCELERATING,35,No,2012,ACUR,SD,39.10726083,-76.93753717,2023,9,16
230054270,Property Damage Crash,09/11/2023 04:00:00 PM,RUATAN ST,NA,SAME DIRECTION RIGHT TURN,Clear,DRY,Daylight,NO CONTROLS,NONE DETECTED,Yes,No Apparent Injury,N/A,INATTENTIVE OR LOST IN THOUGHT,MD,SCHOOL BUS,MOVING CONSTANT SPEED,25,No,2016,THOM,BU,38.997225,-76.989805,2023,9,16
230054120,Injury Crash,09/11/2023 03:46:00 PM,VEIRS MILL RD,NA,SAME DIR REAR END,Clear,DRY,Daylight,TRAFFIC SIGNAL,NONE DETECTED,No,No Apparent Injury,N/A,NOT DISTRACTED,MD,PASSENGER CAR,STOPPED IN TRAFFIC LANE,25,No,2019,HONDA,ODYSSEY,39.0403001,-77.0560787,2023,9,15
230054120,Injury Crash,09/11/2023 03:46:00 PM,VEIRS MILL RD,NA,SAME DIR REAR END,Clear,DRY,Daylight,TRAFFIC SIGNAL,NONE DETECTED,No,Suspected Serious Injury,N/A,NOT DISTRACTED,MD,PASSENGER CAR,SLOWING OR STOPPING,25,No,2015,HONDA,ACCORD,39.0403001,-77.0560787,2023,9,15
230054120,Injury Crash,09/11/2023 03:46:00 PM,VEIRS MILL RD,NA,SAME DIR REAR END,Clear,DRY,Daylight,TRAFFIC SIGNAL,NONE DETECTED,Yes,No Apparent Injury,N/A,LOOKED BUT DID NOT SEE,MD,PASSENGER CAR,MOVING CONSTANT SPEED,25,No,2015,TOYOTA,COROLLA,39.0403001,-77.0560787,2023,9,15
230054267,Property Damage Crash,09/11/2023 03:15:00 PM,GEORGIA AVE,NA,SAME DIR REAR END,Clear,DRY,Daylight,TRAFFIC SIGNAL,NONE DETECTED,No,No Apparent Injury,N/A,NOT DISTRACTED,MD,PASSENGER CAR,STOPPED IN TRAFFIC LANE,30,No,2021,DODGE,CHARGER,38.99980333,-77.03237833,2023,9,15
230054267,Property Damage Crash,09/11/2023 03:15:00 PM,GEORGIA AVE,NA,SAME DIR REAR END,Clear,DRY,Daylight,TRAFFIC SIGNAL,NONE DETECTED,Yes,No Apparent Injury,N/A,OTHER DISTRACTION,XX,PASSENGER CAR,MOVING CONSTANT SPEED,30,No,2008,MERCEDES,E350,38.99980333,-77.03237833,2023,9,15
230054267,Property Damage Crash,09/11/2023 03:15:00 PM,GEORGIA AVE,NA,SAME DIR REAR END,Clear,DRY,Daylight,TRAFFIC SIGNAL,NONE DETECTED,No,No Apparent Injury,N/A,NOT DISTRACTED,DC,"CARGO VAN/LIGHT TRUCK 2 AXLES (OVER 10,000LBS (4,536 KG))",STOPPED IN TRAFFIC LANE,30,No,2016,CHEVROLET,EXPRESS,38.99980333,-77.03237833,2023,9,15
230054277,Property Damage Crash,09/11/2023 03:00:00 PM,NA,NA,STRAIGHT MOVEMENT ANGLE,Clear,NA,Daylight,NO CONTROLS,NONE DETECTED,Yes,No Apparent Injury,N/A,UNKNOWN,MD,PASSENGER CAR,MOVING CONSTANT SPEED,10,No,2017,MERCEDES,E300,39.05418133,-76.955105,2023,9,15
230054277,Property Damage Crash,09/11/2023 03:00:00 PM,NA,NA,STRAIGHT MOVEMENT ANGLE,Clear,NA,Daylight,NO CONTROLS,NONE DETECTED,No,No Apparent Injury,N/A,NOT DISTRACTED,MD,(SPORT) UTILITY VEHICLE,PARKING,10,No,2017,JEEP,COMPASS,39.05418133,-76.955105,2023,9,15
230054262,Injury Crash,09/11/2023 02:52:00 PM,NA,PEDESTRIAN,OTHER,Clear,NA,Daylight,N/A,NONE DETECTED,Yes,No Apparent Injury,N/A,DISTRACTED BY OUTSIDE PERSON OBJECT OR EVENT,MD,PASSENGER CAR,N/A,0,No,2011,TOYOTA,CAMRY,39.027765,-77.14507833,2023,9,14
230054261,Injury Crash,09/11/2023 02:49:00 PM,COLESVILLE RD,NA,SAME DIR REAR END,Cloudy,WET,Daylight,TRAFFIC SIGNAL,NONE DETECTED,No,No Apparent Injury,N/A,NOT DISTRACTED,MD,(SPORT) UTILITY VEHICLE,STOPPED IN TRAFFIC LANE,40,No,2018,FORD,ESCAPE,39.02606564,-77.01089557,2023,9,14
230054261,Injury Crash,09/11/2023 02:49:00 PM,COLESVILLE RD,NA,SAME DIR REAR END,Cloudy,WET,Daylight,TRAFFIC SIGNAL,NONE DETECTED,Yes,Possible Minor Injury,N/A,UNKNOWN,MD,PASSENGER CAR,MOVING CONSTANT SPEED,40,No,1994,HONDA,ACCORD,39.02606564,-77.01089557,2023,9,14
230054261,Injury Crash,09/11/2023 02:49:00 PM,COLESVILLE RD,NA,SAME DIR REAR END,Cloudy,WET,Daylight,TRAFFIC SIGNAL,NONE DETECTED,No,No Apparent Injury,N/A,NOT DISTRACTED,MD,(SPORT) UTILITY VEHICLE,STOPPED IN TRAFFIC LANE,40,No,2015,JEEP,RENEGADE,39.02606564,-77.01089557,2023,9,14
230054257,Property Damage Crash,09/11/2023 02:37:00 PM,GERMANTOWN RD,NA,SAME DIRECTION SIDESWIPE,Clear,DRY,Daylight,NO CONTROLS,NONE DETECTED,Yes,No Apparent Injury,N/A,LOOKED BUT DID NOT SEE,MD,PASSENGER CAR,CHANGING LANES,45,No,2011,ACURA,MDX,39.20274771,-77.24552401,2023,9,14
230054257,Property Damage Crash,09/11/2023 02:37:00 PM,GERMANTOWN RD,NA,SAME DIRECTION SIDESWIPE,Clear,DRY,Daylight,NO CONTROLS,NONE DETECTED,No,No Apparent Injury,N/A,NOT DISTRACTED,MD,PASSENGER CAR,MOVING CONSTANT SPEED,45,No,2017,NISSAN,ARMADA,39.20274771,-77.24552401,2023,9,14
230054255,Injury Crash,09/11/2023 02:25:00 PM,ARCOLA AVE,NA,STRAIGHT MOVEMENT ANGLE,Clear,DRY,Daylight,TRAFFIC SIGNAL,NONE DETECTED,No,Possible Minor Injury,N/A,NOT DISTRACTED,MD,OTHER,MOVING CONSTANT SPEED,35,No,2015,GMC,ST,39.04609633,-77.03231683,2023,9,14
230054255,Injury Crash,09/11/2023 02:25:00 PM,ARCOLA AVE,NA,STRAIGHT MOVEMENT ANGLE,Clear,DRY,Daylight,TRAFFIC SIGNAL,NONE DETECTED,Yes,Possible Minor Injury,N/A,NOT DISTRACTED,MD,PASSENGER CAR,MAKING LEFT TURN,35,No,2000,HOND,CRV,39.04609633,-77.03231683,2023,9,14
230054252,Property Damage Crash,09/11/2023 02:15:00 PM,SEMINARY PL,NA,STRAIGHT MOVEMENT ANGLE,Clear,DRY,Daylight,NO CONTROLS,NONE DETECTED,Yes,No Apparent Injury,N/A,LOOKED BUT DID NOT SEE,MD,PASSENGER CAR,ACCELERATING,25,No,2003,HOND,SW,39.0096765,-77.04139567,2023,9,14
230054252,Property Damage Crash,09/11/2023 02:15:00 PM,SEMINARY PL,NA,STRAIGHT MOVEMENT ANGLE,Clear,DRY,Daylight,NO CONTROLS,NONE DETECTED,No,No Apparent Injury,N/A,NOT DISTRACTED,MD,PASSENGER CAR,MOVING CONSTANT SPEED,25,No,2017,TOYT,4S,39.0096765,-77.04139567,2023,9,14
230054251,Property Damage Crash,09/11/2023 02:01:00 PM,RUSSELL AVE,NA,HEAD ON LEFT TURN,Clear,DRY,Daylight,TRAFFIC SIGNAL,NONE DETECTED,Yes,No Apparent Injury,N/A,UNKNOWN,NA,PASSENGER CAR,MAKING LEFT TURN,35,No,2005,HONDA,ACCORD,39.15814833,-77.21212833,2023,9,14
230054251,Property Damage Crash,09/11/2023 02:01:00 PM,RUSSELL AVE,NA,HEAD ON LEFT TURN,Clear,DRY,Daylight,TRAFFIC SIGNAL,NONE DETECTED,No,No Apparent Injury,N/A,NOT DISTRACTED,MD,PASSENGER CAR,MOVING CONSTANT SPEED,35,No,2009,TOYT,VN,39.15814833,-77.21212833,2023,9,14
230054254,Property Damage Crash,09/11/2023 01:20:00 PM,NA,NA,OTHER,Clear,NA,Daylight,OTHER,NONE DETECTED,Yes,No Apparent Injury,N/A,UNKNOWN,MD,PASSENGER CAR,BACKING,0,No,2016,TOYOTA,RAV4,39.0818055,-77.15076433,2023,9,13
230054254,Property Damage Crash,09/11/2023 01:20:00 PM,NA,NA,OTHER,Clear,NA,Daylight,OTHER,NONE DETECTED,No,No Apparent Injury,N/A,NOT DISTRACTED,MD,PICKUP TRUCK,SLOWING OR STOPPING,0,No,2016,FORD,F150,39.0818055,-77.15076433,2023,9,13
230054241,Property Damage Crash,09/11/2023 12:01:00 PM,SEVEN LOCKS RD,NA,SINGLE VEHICLE,Clear,DRY,Daylight,NO CONTROLS,NONE DETECTED,Yes,No Apparent Injury,N/A,INATTENTIVE OR LOST IN THOUGHT,MD,VAN,MOVING CONSTANT SPEED,30,No,2019,FORD,VAN,39.030225,-77.16159683,2023,9,12
230054200,Property Damage Crash,09/11/2023 09:45:00 AM,INDIANOLA DR,NA,STRAIGHT MOVEMENT ANGLE,Clear,WET,Daylight,STOP SIGN,NONE DETECTED,No,No Apparent Injury,N/A,NOT DISTRACTED,MD,PASSENGER CAR,MOVING CONSTANT SPEED,25,No,2013,DODGE,DART,39.11295667,-77.16099833,2023,9,9
230054200,Property Damage Crash,09/11/2023 09:45:00 AM,INDIANOLA DR,NA,STRAIGHT MOVEMENT ANGLE,Clear,WET,Daylight,STOP SIGN,NONE DETECTED,Yes,No Apparent Injury,N/A,LOOKED BUT DID NOT SEE,MD,PASSENGER CAR,MAKING LEFT TURN,25,No,2016,TOYOTA,CAMRY,39.11295667,-77.16099833,2023,9,9
230054193,Injury Crash,09/11/2023 08:45:00 AM,W GUDE DR,NA,SINGLE VEHICLE,Cloudy,WET,Daylight,TRAFFIC SIGNAL,NONE DETECTED,Yes,Possible Minor Injury,"N/A, WET",NOT DISTRACTED,MD,PASSENGER CAR,SLOWING OR STOPPING,40,No,2009,KIA,SPORTAGE,39.10679833,-77.16671146,2023,9,8
230054184,Injury Crash,09/11/2023 08:07:00 AM,PINEY BRANCH RD,NA,STRAIGHT MOVEMENT ANGLE,Cloudy,WET,Daylight,NO CONTROLS,NONE DETECTED,No,Possible Minor Injury,N/A,NOT DISTRACTED,MD,PASSENGER CAR,MOVING CONSTANT SPEED,30,No,2017,HONDA,CIVIC,38.99960603,-76.99379381,2023,9,8