Local Case Number,ACRS Report Type,Crash Date/Time,Road Name,Related Non-Motorist,Collision Type,Weather,Surface Condition,Light,Traffic Control,Driver Substance Abuse,Driver At Fault,Injury Severity,Circumstance,Driver Distracted By,Drivers License State,Vehicle Body Type,Vehicle Movement,Speed Limit,Driverless Vehicle,Vehicle Year,Vehicle Make,Vehicle Model,Latitude,Longitude,Year,Month,Hour
230054184,Injury Crash,09/11/2023 08:07:00 AM,PINEY BRANCH RD,NA,STRAIGHT MOVEMENT ANGLE,Cloudy,WET,Daylight,NO CONTROLS,NONE DETECTED,Yes,No Apparent Injury,N/A,NOT DISTRACTED,MD,PASSENGER CAR,MAKING LEFT TURN,30,No,2003,TOYOTA,COROLLA,38.99960603,-76.99379381,2023,9,8
230054179,Injury Crash,09/11/2023 08:00:00 AM,GEORGIA AVE,NA,SAME DIRECTION SIDESWIPE,Cloudy,WET,Daylight,NO CONTROLS,NONE DETECTED,No,No Apparent Injury,"N/A, WET",NOT DISTRACTED,MD,PASSENGER CAR,MOVING CONSTANT SPEED,35,No,2017,LEXUS,RX 350,39.01771167,-77.04347667,2023,9,8
230054179,Injury Crash,09/11/2023 08:00:00 AM,GEORGIA AVE,NA,SAME DIRECTION SIDESWIPE,Cloudy,WET,Daylight,NO CONTROLS,NONE DETECTED,Yes,Possible Minor Injury,"N/A, WET",UNKNOWN,MD,MOTORCYCLE,MOVING CONSTANT SPEED,35,No,2003,SUZUKI,LS650 SAVAGE,39.01771167,-77.04347667,2023,9,8
230054185,Injury Crash,09/11/2023 08:00:00 AM,WOODFIELD RD,NA,OTHER,Rain,WET,Daylight,TRAFFIC SIGNAL,NONE DETECTED,Yes,No Apparent Injury,"RAIN, SNOW, WET",NOT DISTRACTED,MD,PASSENGER CAR,MAKING RIGHT TURN,35,No,2017,SUBARU,OUTBACK,39.15617283,-77.16548733,2023,9,8
230054185,Injury Crash,09/11/2023 08:00:00 AM,WOODFIELD RD,NA,OTHER,Rain,WET,Daylight,TRAFFIC SIGNAL,NONE DETECTED,No,Possible Minor Injury,"RAIN, SNOW, WET",NOT DISTRACTED,MD,PASSENGER CAR,STOPPED IN TRAFFIC LANE,35,No,2019,BMW,530I,39.15617283,-77.16548733,2023,9,8
230054189,Property Damage Crash,09/11/2023 07:46:00 AM,MACARTHUR BLVD,NA,SINGLE VEHICLE,Clear,WET,Daylight,NO CONTROLS,NONE DETECTED,Yes,No Apparent Injury,"N/A, WET",NOT DISTRACTED,MD,PASSENGER CAR,MOVING CONSTANT SPEED,30,No,2002,LEXUS,ES300,38.94595417,-77.120782,2023,9,7
230054177,Injury Crash,09/11/2023 07:43:00 AM,QUINCE ORCHARD BLVD,NA,SINGLE VEHICLE,Cloudy,WET,Daylight,NO CONTROLS,NONE DETECTED,Yes,Suspected Serious Injury,"RAIN, SNOW, WET",UNKNOWN,VA,PASSENGER CAR,MOVING CONSTANT SPEED,25,No,2005,INFINITI,G35,39.13687346,-77.23089576,2023,9,7
230054186,Injury Crash,09/11/2023 07:40:00 AM,FREDERICK RD,NA,SAME DIR REAR END,Rain,WET,Daylight,N/A,NONE DETECTED,Yes,Possible Minor Injury,"BACKUP DUE TO PRIOR CRASH, RAIN, SNOW, WET",NOT DISTRACTED,MD,PASSENGER CAR,MOVING CONSTANT SPEED,35,No,2020,KIA,UT,39.16700667,-77.22947833,2023,9,7
230054176,Property Damage Crash,09/11/2023 07:40:00 AM,FREDERICK RD,NA,SINGLE VEHICLE,Rain,WET,Daylight,NO CONTROLS,NONE DETECTED,Yes,No Apparent Injury,"N/A, WET",NOT DISTRACTED,MD,PASSENGER CAR,CHANGING LANES,40,No,2002,CHEV,MALIBU,39.16723167,-77.22978,2023,9,7
230054175,Injury Crash,09/11/2023 07:40:00 AM,WATKINS MILL RD,NA,SINGLE VEHICLE,Rain,WET,Daylight,NO CONTROLS,NONE DETECTED,Yes,Possible Minor Injury,"N/A, WET",NOT DISTRACTED,MD,PASSENGER CAR,MOVING CONSTANT SPEED,35,No,2001,HONDA,CIVIC,39.18984833,-77.221415,2023,9,7
230054186,Injury Crash,09/11/2023 07:40:00 AM,FREDERICK RD,NA,SAME DIR REAR END,Rain,WET,Daylight,N/A,NONE DETECTED,No,Possible Minor Injury,"BACKUP DUE TO PRIOR CRASH, RAIN, SNOW, WET",NOT DISTRACTED,MD,PASSENGER CAR,SLOWING OR STOPPING,35,No,2022,CHRYSLER,VAN,39.16700667,-77.22947833,2023,9,7
230054191,Property Damage Crash,09/11/2023 07:28:00 AM,EAST WEST HWY,NA,SAME DIRECTION SIDESWIPE,Cloudy,WET,Daylight,TRAFFIC SIGNAL,NONE DETECTED,Yes,No Apparent Injury,N/A,UNKNOWN,MD,PASSENGER CAR,CHANGING LANES,30,No,2019,HYUNDAI,ELANTRA,38.9881741,-77.07564465,2023,9,7
230054191,Property Damage Crash,09/11/2023 07:28:00 AM,EAST WEST HWY,NA,SAME DIRECTION SIDESWIPE,Cloudy,WET,Daylight,TRAFFIC SIGNAL,NONE DETECTED,No,No Apparent Injury,N/A,NOT DISTRACTED,GA,PASSENGER CAR,ACCELERATING,30,No,2012,TOYOTA,RAV4,38.9881741,-77.07564465,2023,9,7
230054173,Injury Crash,09/11/2023 07:27:00 AM,OAKMONT AVE,NA,STRAIGHT MOVEMENT ANGLE,Cloudy,WET,Daylight,STOP SIGN,NONE DETECTED,No,Possible Minor Injury,"BACKUP DUE TO REGULAR CONGESTION, RAIN, SNOW, WET",NOT DISTRACTED,MD,PASSENGER CAR,PASSING,25,No,2015,VOLKSWAGON,4S,39.12793306,-77.1741671,2023,9,7
230054173,Injury Crash,09/11/2023 07:27:00 AM,OAKMONT AVE,NA,STRAIGHT MOVEMENT ANGLE,Cloudy,WET,Daylight,STOP SIGN,NONE DETECTED,Yes,No Apparent Injury,"BACKUP DUE TO REGULAR CONGESTION, RAIN, SNOW, WET",NOT DISTRACTED,MD,"OTHER LIGHT TRUCKS (10,000LBS (4,536KG) OR LESS)",MAKING LEFT TURN,25,No,2016,FRHT,ST,39.12793306,-77.1741671,2023,9,7
230054180,Property Damage Crash,09/11/2023 07:17:00 AM,AIRPARK RD,NA,SAME DIRECTION SIDESWIPE,Rain,WET,Daylight,N/A,NONE DETECTED,No,No Apparent Injury,"RAIN, SNOW, WET",NOT DISTRACTED,MD,PASSENGER CAR,MOVING CONSTANT SPEED,30,No,2012,TOYT,TK,39.15242049,-77.14236651,2023,9,7
230054180,Property Damage Crash,09/11/2023 07:17:00 AM,AIRPARK RD,NA,SAME DIRECTION SIDESWIPE,Rain,WET,Daylight,N/A,NONE DETECTED,Yes,No Apparent Injury,"RAIN, SNOW, WET",NOT DISTRACTED,MD,PASSENGER CAR,MOVING CONSTANT SPEED,30,No,2008,KIA,SPECTRA,39.15242049,-77.14236651,2023,9,7
230054174,Property Damage Crash,09/11/2023 07:10:00 AM,MUNCASTER RD,NA,SAME DIR REAR END,Rain,WET,Daylight,OTHER,NONE DETECTED,No,No Apparent Injury,"RAIN, SNOW, WET",NOT DISTRACTED,MD,POLICE VEHICLE/EMERGENCY,STOPPED IN TRAFFIC LANE,30,No,2020,FORD,UT,39.168045,-77.11667667,2023,9,7
230054174,Property Damage Crash,09/11/2023 07:10:00 AM,MUNCASTER RD,NA,SAME DIR REAR END,Rain,WET,Daylight,OTHER,NONE DETECTED,Yes,No Apparent Injury,"RAIN, SNOW, WET",NOT DISTRACTED,MD,PASSENGER CAR,SLOWING OR STOPPING,30,No,2006,TOYT,SD,39.168045,-77.11667667,2023,9,7
230054169,Injury Crash,09/11/2023 06:48:00 AM,COLESVILLE RD,NA,SAME DIRECTION RIGHT TURN,Rain,WET,Daylight,TRAFFIC SIGNAL,NONE DETECTED,Yes,No Apparent Injury,N/A,LOOKED BUT DID NOT SEE,DC,(SPORT) UTILITY VEHICLE,STARTING FROM LANE,15,No,2020,LNDR,UT,38.99946,-77.02588167,2023,9,6
230054169,Injury Crash,09/11/2023 06:48:00 AM,COLESVILLE RD,NA,SAME DIRECTION RIGHT TURN,Rain,WET,Daylight,TRAFFIC SIGNAL,NONE DETECTED,No,Possible Minor Injury,N/A,NOT DISTRACTED,MD,TRANSIT BUS,STOPPED IN TRAFFIC LANE,15,No,2009,GILL,BUS,38.99946,-77.02588167,2023,9,6
230054167,Property Damage Crash,09/11/2023 06:42:00 AM,NA,NA,STRAIGHT MOVEMENT ANGLE,Rain,NA,Medium,N/A,NONE DETECTED,Yes,No Apparent Injury,"N/A, WET",LOOKED BUT DID NOT SEE,VA,PASSENGER CAR,MOVING CONSTANT SPEED,25,No,2023,FORD,F150,39.04046667,-77.05600833,2023,9,6
230054167,Property Damage Crash,09/11/2023 06:42:00 AM,NA,NA,STRAIGHT MOVEMENT ANGLE,Rain,NA,Medium,N/A,NONE DETECTED,No,No Apparent Injury,"N/A, WET",NOT DISTRACTED,MD,PASSENGER CAR,MOVING CONSTANT SPEED,25,No,2013,TOYT,HB,39.04046667,-77.05600833,2023,9,6
230054164,Injury Crash,09/11/2023 05:50:00 AM,STRINGTOWN RD,NA,STRAIGHT MOVEMENT ANGLE,Rain,WET,Medium,NO CONTROLS,NONE DETECTED,No,Possible Minor Injury,"RAIN, SNOW, SLEET, HAIL, FREEZ. RAIN, WET",NOT DISTRACTED,MD,PASSENGER CAR,MOVING CONSTANT SPEED,35,No,2018,HOND,ACCORD,39.23609,-77.279255,2023,9,5
230054164,Injury Crash,09/11/2023 05:50:00 AM,STRINGTOWN RD,NA,STRAIGHT MOVEMENT ANGLE,Rain,WET,Medium,NO CONTROLS,NONE DETECTED,Yes,No Apparent Injury,"RAIN, SNOW, SLEET, HAIL, FREEZ. RAIN, WET",NOT DISTRACTED,NH,PASSENGER CAR,MAKING LEFT TURN,30,No,2020,JEEP,WRANGLER,39.23609,-77.279255,2023,9,5
230054163,Property Damage Crash,09/11/2023 04:24:00 AM,COLESVILLE RD,NA,SINGLE VEHICLE,Rain,WET,Medium,NO CONTROLS,NONE DETECTED,Yes,No Apparent Injury,N/A,NOT DISTRACTED,NC,"MEDIUM/HEAVY TRUCKS 3 AXLES (OVER 10,000LBS (4,536KG))",MAKING RIGHT TURN,35,No,2012,ISUZU,BOX TRUCK,39.02035667,-77.01255667,2023,9,4
230054160,Injury Crash,09/11/2023 03:30:00 AM,WELLER RD,NA,STRAIGHT MOVEMENT ANGLE,Rain,WET,Medium,FLASHING TRAFFIC SIGNAL,NONE DETECTED,No,Possible Minor Injury,"RAIN, SNOW, WET",NOT DISTRACTED,MD,PASSENGER CAR,MOVING CONSTANT SPEED,40,No,2008,HONDA,ACCORD,39.06314667,-77.07366667,2023,9,3
230054160,Injury Crash,09/11/2023 03:30:00 AM,WELLER RD,NA,STRAIGHT MOVEMENT ANGLE,Rain,WET,Medium,FLASHING TRAFFIC SIGNAL,NONE DETECTED,Yes,Suspected Serious Injury,"RAIN, SNOW, WET",LOOKED BUT DID NOT SEE,MD,PASSENGER CAR,ACCELERATING,30,No,2021,HYUNDIA,ELANTRA,39.06314667,-77.07366667,2023,9,3
230054156,Injury Crash,09/10/2023 11:30:00 PM,NEW HAMPSHIRE AVE,PEDESTRIAN,SINGLE VEHICLE,Rain,WET,Medium,TRAFFIC SIGNAL,NONE DETECTED,No,No Apparent Injury,"N/A, RAIN, SNOW",NOT DISTRACTED,VA,PASSENGER CAR,MAKING U TURN,35,No,2012,MERCEDES,S550,38.98333164,-76.98836341,2023,9,23
230054152,Property Damage Crash,09/10/2023 10:28:00 PM,ROCKVILLE PIKE,NA,SAME DIRECTION SIDESWIPE,Clear,DRY,Dark,NO CONTROLS,NONE DETECTED,No,No Apparent Injury,N/A,NOT DISTRACTED,VA,"CARGO VAN/LIGHT TRUCK 2 AXLES (OVER 10,000LBS (4,536 KG))",MOVING CONSTANT SPEED,35,No,2017,ISUZU,NRR,39.0123574,-77.09819603,2023,9,22
230054152,Property Damage Crash,09/10/2023 10:28:00 PM,ROCKVILLE PIKE,NA,SAME DIRECTION SIDESWIPE,Clear,DRY,Dark,NO CONTROLS,NONE DETECTED,Yes,No Apparent Injury,N/A,NOT DISTRACTED,MD,FIRE VEHICLE/NON EMERGENCY,MOVING CONSTANT SPEED,35,No,2015,PIERCE,SABER,39.0123574,-77.09819603,2023,9,22
230054147,Property Damage Crash,09/10/2023 08:37:00 PM,OLD GEORGETOWN RD,NA,HEAD ON LEFT TURN,Clear,DRY,Medium,TRAFFIC SIGNAL,NONE DETECTED,No,No Apparent Injury,N/A,NOT DISTRACTED,MD,PASSENGER CAR,MOVING CONSTANT SPEED,35,No,2013,HYUN,AZERA,39.01644885,-77.11977635,2023,9,20
230054147,Property Damage Crash,09/10/2023 08:37:00 PM,OLD GEORGETOWN RD,NA,HEAD ON LEFT TURN,Clear,DRY,Medium,TRAFFIC SIGNAL,NONE DETECTED,Yes,No Apparent Injury,N/A,LOOKED BUT DID NOT SEE,MD,PASSENGER CAR,MAKING LEFT TURN,35,No,2021,TOYT,HIGHLANDER,39.01644885,-77.11977635,2023,9,20
230054126,Injury Crash,09/10/2023 05:46:00 PM,NA,NA,OTHER,Clear,NA,Daylight,NO CONTROLS,NONE DETECTED,Yes,Possible Minor Injury,N/A,OTHER DISTRACTION,OR,PASSENGER CAR,MOVING CONSTANT SPEED,0,No,2004,TOYOTA,CAMRY,39.14743997,-77.20728455,2023,9,17
230054123,Injury Crash,09/10/2023 05:04:00 PM,VEIRS MILL RD,NA,SAME DIR REAR END,Clear,DRY,Daylight,N/A,NONE DETECTED,No,Possible Minor Injury,N/A,NOT DISTRACTED,MD,(SPORT) UTILITY VEHICLE,STOPPED IN TRAFFIC LANE,40,No,2021,SUBA,UT,39.07372224,-77.11262995,2023,9,17
230054123,Injury Crash,09/10/2023 05:04:00 PM,VEIRS MILL RD,NA,SAME DIR REAR END,Clear,DRY,Daylight,N/A,NONE DETECTED,Yes,No Apparent Injury,N/A,NOT DISTRACTED,MD,PASSENGER CAR,SLOWING OR STOPPING,40,No,2007,TOYT,4S,39.07372224,-77.11262995,2023,9,17
230054114,Property Damage Crash,09/10/2023 04:10:00 PM,GREAT SENECA HWY,NA,SAME DIRECTION SIDESWIPE,Clear,DRY,Daylight,NO CONTROLS,NONE DETECTED,No,No Apparent Injury,N/A,NOT DISTRACTED,MD,PASSENGER CAR,MOVING CONSTANT SPEED,50,No,2020,FORD,MUSTANG,39.12200976,-77.22768849,2023,9,16
230054114,Property Damage Crash,09/10/2023 04:10:00 PM,GREAT SENECA HWY,NA,SAME DIRECTION SIDESWIPE,Clear,DRY,Daylight,NO CONTROLS,NONE DETECTED,Yes,No Apparent Injury,N/A,LOOKED BUT DID NOT SEE,NA,(SPORT) UTILITY VEHICLE,CHANGING LANES,50,No,2019,CHEVROLET,UT,39.12200976,-77.22768849,2023,9,16
230054104,Injury Crash,09/10/2023 02:17:00 PM,RIDGE RD,NA,SAME DIR REAR END,Cloudy,DRY,Daylight,N/A,NONE DETECTED,No,No Apparent Injury,"BACKUP DUE TO REGULAR CONGESTION, N/A",NOT DISTRACTED,MD,PASSENGER CAR,SLOWING OR STOPPING,45,No,2019,LEXUS,RX350,39.20186833,-77.25360483,2023,9,14
230054104,Injury Crash,09/10/2023 02:17:00 PM,RIDGE RD,NA,SAME DIR REAR END,Cloudy,DRY,Daylight,N/A,NONE DETECTED,Yes,No Apparent Injury,"BACKUP DUE TO REGULAR CONGESTION, N/A",NOT DISTRACTED,MD,(SPORT) UTILITY VEHICLE,SLOWING OR STOPPING,45,No,2015,NISSAN,PATHFINDER,39.20186833,-77.25360483,2023,9,14
230054104,Injury Crash,09/10/2023 02:17:00 PM,RIDGE RD,NA,SAME DIR REAR END,Cloudy,DRY,Daylight,N/A,NONE DETECTED,No,No Apparent Injury,"BACKUP DUE TO REGULAR CONGESTION, N/A",NOT DISTRACTED,MD,PASSENGER CAR,SLOWING OR STOPPING,45,No,2013,HYUNDAI,ELANTRA,39.20186833,-77.25360483,2023,9,14
230054104,Injury Crash,09/10/2023 02:17:00 PM,RIDGE RD,NA,SAME DIR REAR END,Cloudy,DRY,Daylight,N/A,NONE DETECTED,No,No Apparent Injury,"BACKUP DUE TO REGULAR CONGESTION, N/A",NOT DISTRACTED,VA,PASSENGER CAR,SLOWING OR STOPPING,45,No,2012,TOYOTA,PRIUS,39.20186833,-77.25360483,2023,9,14
230054104,Injury Crash,09/10/2023 02:17:00 PM,RIDGE RD,NA,SAME DIR REAR END,Cloudy,DRY,Daylight,N/A,NONE DETECTED,No,No Apparent Injury,"BACKUP DUE TO REGULAR CONGESTION, N/A",NOT DISTRACTED,MD,PASSENGER CAR,SLOWING OR STOPPING,45,No,2013,HYUNDAI,ACCENT,39.20186833,-77.25360483,2023,9,14
230054093,Injury Crash,09/10/2023 01:00:00 PM,MUNCASTER MILL RD,NA,HEAD ON LEFT TURN,Clear,DRY,Daylight,TRAFFIC SIGNAL,NONE DETECTED,No,Possible Minor Injury,N/A,NOT DISTRACTED,MD,PASSENGER CAR,MOVING CONSTANT SPEED,40,No,2017,CHEVROLET,EQUINOX,39.15894333,-77.16025167,2023,9,13
230054093,Injury Crash,09/10/2023 01:00:00 PM,MUNCASTER MILL RD,NA,HEAD ON LEFT TURN,Clear,DRY,Daylight,TRAFFIC SIGNAL,NONE DETECTED,Yes,No Apparent Injury,N/A,LOOKED BUT DID NOT SEE,MD,PASSENGER CAR,MAKING LEFT TURN,40,No,2016,HOND,VN,39.15894333,-77.16025167,2023,9,13
230054096,Property Damage Crash,09/10/2023 01:00:00 PM,CONNECTICUT AVE,NA,SAME DIR REAR END,Clear,DRY,Daylight,TRAFFIC SIGNAL,NONE DETECTED,No,No Apparent Injury,N/A,NOT DISTRACTED,OH,(SPORT) UTILITY VEHICLE,STOPPED IN TRAFFIC LANE,35,No,2017,NISSAN,ROGUE,39.01518219,-77.07882357,2023,9,13
230054096,Property Damage Crash,09/10/2023 01:00:00 PM,CONNECTICUT AVE,NA,SAME DIR REAR END,Clear,DRY,Daylight,TRAFFIC SIGNAL,NONE DETECTED,Yes,No Apparent Injury,N/A,UNKNOWN,NA,UNKNOWN,UNKNOWN,35,No,0,UNKNOWN,UNKNOWN,39.01518219,-77.07882357,2023,9,13
230054098,Property Damage Crash,09/10/2023 12:20:00 PM,NA,NA,OTHER,Clear,NA,Daylight,NO CONTROLS,NONE DETECTED,Yes,No Apparent Injury,N/A,UNKNOWN,NA,PASSENGER CAR,PARKING,5,No,2017,ACURA,TLX,39.05794167,-77.048435,2023,9,12
230054065,Property Damage Crash,09/10/2023 04:10:00 AM,ATHERTON DR,NA,OTHER,Clear,DRY,Medium,NO CONTROLS,ALCOHOL PRESENT,Yes,No Apparent Injury,N/A,NOT DISTRACTED,MD,(SPORT) UTILITY VEHICLE,ACCELERATING,25,No,2016,MITSUBISHI,OUTLANDER,39.05565677,-77.07750657,2023,9,4
230054063,Property Damage Crash,09/10/2023 03:50:00 AM,CONNECTICUT AVE,NA,SINGLE VEHICLE,Clear,DRY,Medium,NO CONTROLS,ALCOHOL PRESENT,Yes,No Apparent Injury,N/A,NOT DISTRACTED,MD,PASSENGER CAR,MOVING CONSTANT SPEED,35,No,2019,HONDA,CIVIC,39.02806833,-77.07632167,2023,9,3
230054062,Property Damage Crash,09/10/2023 03:43:00 AM,NEW HAMPSHIRE AVE,NA,SINGLE VEHICLE,Clear,DRY,Medium,N/A,ALCOHOL PRESENT,Yes,No Apparent Injury,N/A,UNKNOWN,MD,PASSENGER CAR,SKIDDING,45,No,2012,CHEVROLET,CRUZ,39.06578167,-77.03588,2023,9,3
230054061,Property Damage Crash,09/10/2023 03:37:00 AM,OLD COLUMBIA PIKE,NA,SINGLE VEHICLE,Clear,DRY,Medium,NO CONTROLS,NONE DETECTED,Yes,No Apparent Injury,N/A,OTHER DISTRACTION,MD,PASSENGER CAR,MOVING CONSTANT SPEED,35,No,2022,TOYT,CAMRY,39.0809225,-76.95451033,2023,9,3
230054043,Injury Crash,09/09/2023 11:20:00 PM,GEORGIA AVE,PEDESTRIAN,OTHER,Clear,DRY,Dark,TRAFFIC SIGNAL,NONE DETECTED,Yes,No Apparent Injury,N/A,UNKNOWN,MD,PASSENGER CAR,ACCELERATING,35,No,1900,UNKNOWN,UNKNOWN,39.07738008,-77.07090846,2023,9,23
230054020,Property Damage Crash,09/09/2023 07:30:00 PM,NA,NA,SAME DIR REAR END,Clear,NA,Medium,NO CONTROLS,NONE DETECTED,Yes,No Apparent Injury,N/A,UNKNOWN,VA,(SPORT) UTILITY VEHICLE,PARKING,15,No,2022,MERCEDES,SUV,39.11549723,-77.21748847,2023,9,19
230054016,Property Damage Crash,09/09/2023 06:54:00 PM,SPENCERVILLE RD,NA,SINGLE VEHICLE,Rain,WET,Medium,NO CONTROLS,NONE DETECTED,Yes,No Apparent Injury,"RAIN, SNOW, WET",UNKNOWN,MD,PICKUP TRUCK,MOVING CONSTANT SPEED,40,No,2005,FORD,F150,39.11190433,-76.95374267,2023,9,18
230054012,Injury Crash,09/09/2023 06:30:00 PM,N SUMMIT AVE,PEDESTRIAN,SINGLE VEHICLE,Rain,WET,Daylight,NO CONTROLS,NONE DETECTED,No,No Apparent Injury,"N/A, WET",UNKNOWN,MD,PASSENGER CAR,MAKING LEFT TURN,25,No,2019,NISSAN,ROGUE,39.14287914,-77.19337475,2023,9,18
230054015,Property Damage Crash,09/09/2023 06:26:00 PM,NA,NA,SAME DIR REAR END,Rain,NA,Medium,NO CONTROLS,NONE DETECTED,Yes,No Apparent Injury,"RAIN, SNOW, WET",UNKNOWN,MD,PASSENGER CAR,ACCELERATING,30,No,2014,BUICK,REGAL,39.09517245,-77.19433828,2023,9,18
230054011,Property Damage Crash,09/09/2023 06:20:00 PM,FREDERICK RD,NA,HEAD ON LEFT TURN,Rain,WET,Daylight,TRAFFIC SIGNAL,NONE DETECTED,No,No Apparent Injury,"RAIN, SNOW, WET",NOT DISTRACTED,MD,PASSENGER CAR,STOPPED IN TRAFFIC LANE,15,No,2016,TOYT,4S,39.11723817,-77.16922483,2023,9,18
230054011,Property Damage Crash,09/09/2023 06:20:00 PM,FREDERICK RD,NA,HEAD ON LEFT TURN,Rain,WET,Daylight,TRAFFIC SIGNAL,NONE DETECTED,Yes,No Apparent Injury,"RAIN, SNOW, WET",LOOKED BUT DID NOT SEE,MD,PASSENGER CAR,MAKING LEFT TURN,40,No,2020,MERZ,UT,39.11723817,-77.16922483,2023,9,18
230054011,Property Damage Crash,09/09/2023 06:20:00 PM,FREDERICK RD,NA,HEAD ON LEFT TURN,Rain,WET,Daylight,TRAFFIC SIGNAL,NONE DETECTED,No,No Apparent Injury,"RAIN, SNOW, WET",NOT DISTRACTED,MD,PASSENGER CAR,MOVING CONSTANT SPEED,40,No,2019,HYUNDAI,ELANTRA,39.11723817,-77.16922483,2023,9,18
230054010,Property Damage Crash,09/09/2023 06:16:00 PM,UNIVERSITY BLVD W,NA,SINGLE VEHICLE,Rain,WET,Daylight,NO CONTROLS,NONE DETECTED,No,No Apparent Injury,"N/A, WET",NOT DISTRACTED,MD,PASSENGER CAR,CHANGING LANES,35,No,2006,BMW,SD,39.04033167,-77.04341167,2023,9,18
230054009,Property Damage Crash,09/09/2023 05:51:00 PM,MONTGOMERY VILLAGE AVE,NA,SAME DIR REAR END,Rain,WET,Medium,NO CONTROLS,NONE DETECTED,Yes,No Apparent Injury,"RAIN, SNOW, WET",NOT DISTRACTED,MD,PASSENGER CAR,SLOWING OR STOPPING,35,No,2018,HYUN,SD,39.17183667,-77.20363833,2023,9,17
230054009,Property Damage Crash,09/09/2023 05:51:00 PM,MONTGOMERY VILLAGE AVE,NA,SAME DIR REAR END,Rain,WET,Medium,NO CONTROLS,NONE DETECTED,No,No Apparent Injury,"RAIN, SNOW, WET",NOT DISTRACTED,MD,PASSENGER CAR,SLOWING OR STOPPING,35,No,2015,CHEV,CG,39.17183667,-77.20363833,2023,9,17
230054008,Property Damage Crash,09/09/2023 05:43:00 PM,RANDOLPH RD,NA,SAME DIR REAR END,Rain,WET,Medium,NO CONTROLS,NONE DETECTED,Yes,No Apparent Injury,"RAIN, SNOW, WET",NOT DISTRACTED,MD,PICKUP TRUCK,MOVING CONSTANT SPEED,40,No,2007,GMC,SIERRA 1500,39.06304967,-77.04097533,2023,9,17
230054008,Property Damage Crash,09/09/2023 05:43:00 PM,RANDOLPH RD,NA,SAME DIR REAR END,Rain,WET,Medium,NO CONTROLS,NONE DETECTED,No,No Apparent Injury,"RAIN, SNOW, WET",NOT DISTRACTED,MD,PASSENGER CAR,OTHER,40,No,2001,HONDA,CIVIC,39.06304967,-77.04097533,2023,9,17
230054007,Injury Crash,09/09/2023 05:30:00 PM,BROOKS AVE,PEDESTRIAN,OTHER,Rain,WET,Daylight,TRAFFIC SIGNAL,NONE DETECTED,Unknown,No Apparent Injury,"N/A, WET",UNKNOWN,NA,NA,ACCELERATING,30,No,0,UNKNOWN,UNKNOWN,39.14373133,-77.19300733,2023,9,17
230053986,Injury Crash,09/09/2023 03:17:00 PM,FALLS RD,NA,STRAIGHT MOVEMENT ANGLE,Rain,WET,Daylight,STOP SIGN,NONE DETECTED,Yes,No Apparent Injury,N/A,NOT DISTRACTED,MD,(SPORT) UTILITY VEHICLE,MAKING LEFT TURN,25,No,2021,TOYOTA,RAV4,39.05306117,-77.1840365,2023,9,15
230053986,Injury Crash,09/09/2023 03:17:00 PM,FALLS RD,NA,STRAIGHT MOVEMENT ANGLE,Rain,WET,Daylight,STOP SIGN,NONE DETECTED,No,Possible Minor Injury,N/A,NOT DISTRACTED,MD,(SPORT) UTILITY VEHICLE,MOVING CONSTANT SPEED,35,No,2016,LANDROVER,EVOQUE,39.05306117,-77.1840365,2023,9,15
230053988,Property Damage Crash,09/09/2023 03:15:00 PM,GEORGIA AVE,NA,HEAD ON LEFT TURN,Rain,WET,Daylight,TRAFFIC SIGNAL,NONE DETECTED,Yes,No Apparent Injury,"RAIN, SNOW, WET",NOT DISTRACTED,XX,PASSENGER CAR,MAKING LEFT TURN,30,No,2001,FORD,VB,38.99801046,-77.03024697,2023,9,15
230053988,Property Damage Crash,09/09/2023 03:15:00 PM,GEORGIA AVE,NA,HEAD ON LEFT TURN,Rain,WET,Daylight,TRAFFIC SIGNAL,NONE DETECTED,No,No Apparent Injury,"RAIN, SNOW, WET",NOT DISTRACTED,MD,PASSENGER CAR,SLOWING OR STOPPING,35,No,2012,JEEP,TK,38.99801046,-77.03024697,2023,9,15
230053978,Injury Crash,09/09/2023 03:00:00 PM,BROADBIRCH DR,NA,SAME DIR REAR END,Rain,WET,Daylight,STOP SIGN,NONE DETECTED,No,Possible Minor Injury,"RAIN, SNOW, WET",NOT DISTRACTED,MD,PASSENGER CAR,STOPPED IN TRAFFIC LANE,30,No,2011,TOYOTA,SIENNA,39.05562167,-76.9615285,2023,9,15
230053978,Injury Crash,09/09/2023 03:00:00 PM,BROADBIRCH DR,NA,SAME DIR REAR END,Rain,WET,Daylight,STOP SIGN,NONE DETECTED,Yes,No Apparent Injury,"RAIN, SNOW, WET",LOOKED BUT DID NOT SEE,MD,PASSENGER CAR,SLOWING OR STOPPING,30,No,2020,NISSAN,SUV,39.05562167,-76.9615285,2023,9,15
230053976,Injury Crash,09/09/2023 02:28:00 PM,NA,PEDESTRIAN,OTHER,Clear,NA,Daylight,NO CONTROLS,NONE DETECTED,Yes,No Apparent Injury,N/A,LOOKED BUT DID NOT SEE,MD,PASSENGER CAR,BACKING,5,No,2006,TOYT,4S,39.11283043,-77.17165995,2023,9,14
230053967,Injury Crash,09/09/2023 01:30:00 PM,NA,NA,SINGLE VEHICLE,Clear,NA,Daylight,NO CONTROLS,NONE DETECTED,Yes,Possible Minor Injury,N/A,UNKNOWN,MD,PASSENGER CAR,MOVING CONSTANT SPEED,10,No,2023,BMW,X5,39.12532983,-77.23191583,2023,9,13
230053960,Property Damage Crash,09/09/2023 12:36:00 PM,OLNEY LAYTONSVILLE RD,NA,STRAIGHT MOVEMENT ANGLE,Clear,DRY,Daylight,STOP SIGN,NONE DETECTED,No,No Apparent Injury,N/A,NOT DISTRACTED,MD,PICKUP TRUCK,MOVING CONSTANT SPEED,40,No,2014,FORD,F150,39.17690933,-77.10058883,2023,9,12
230053960,Property Damage Crash,09/09/2023 12:36:00 PM,OLNEY LAYTONSVILLE RD,NA,STRAIGHT MOVEMENT ANGLE,Clear,DRY,Daylight,STOP SIGN,NONE DETECTED,Yes,No Apparent Injury,N/A,NOT DISTRACTED,MD,PASSENGER CAR,ENTERING TRAFFIC LANE,25,No,2010,HOND,CRV,39.17690933,-77.10058883,2023,9,12
230053963,Property Damage Crash,09/09/2023 12:18:00 PM,FREDERICK RD,NA,SAME DIR REAR END,Clear,N/A,Daylight,TRAFFIC SIGNAL,NONE DETECTED,Yes,No Apparent Injury,N/A,UNKNOWN,NA,PASSENGER CAR,CHANGING LANES,30,No,2002,TOYOTA,CAMRY,39.14830733,-77.20676254,2023,9,12
230053963,Property Damage Crash,09/09/2023 12:18:00 PM,FREDERICK RD,NA,SAME DIR REAR END,Clear,N/A,Daylight,TRAFFIC SIGNAL,NONE DETECTED,No,No Apparent Injury,N/A,NOT DISTRACTED,MD,PASSENGER CAR,MOVING CONSTANT SPEED,30,No,1998,JAGU,SD,39.14830733,-77.20676254,2023,9,12
230053957,Property Damage Crash,09/09/2023 12:16:00 PM,NA,NA,SINGLE VEHICLE,Clear,NA,Daylight,NO CONTROLS,NONE DETECTED,Yes,No Apparent Injury,N/A,NOT DISTRACTED,MD,PASSENGER CAR,ACCELERATING,15,No,2021,LEXS,WG,39.11849725,-77.2211754,2023,9,12
230053956,Injury Crash,09/09/2023 12:14:00 PM,CONNECTICUT AVE,BICYCLIST,STRAIGHT MOVEMENT ANGLE,Clear,DRY,Daylight,STOP SIGN,NONE DETECTED,Yes,No Apparent Injury,N/A,LOOKED BUT DID NOT SEE,DC,PASSENGER CAR,ACCELERATING,0,No,1999,LINCOLN,TOWN CAR,38.99257667,-77.07689167,2023,9,12