Local Case Number,ACRS Report Type,Crash Date/Time,Road Name,Related Non-Motorist,Collision Type,Weather,Surface Condition,Light,Traffic Control,Driver Substance Abuse,Driver At Fault,Injury Severity,Circumstance,Driver Distracted By,Drivers License State,Vehicle Body Type,Vehicle Movement,Speed Limit,Driverless Vehicle,Vehicle Year,Vehicle Make,Vehicle Model,Latitude,Longitude,Year,Month,Hour
230053932,Property Damage Crash,09/09/2023 10:00:00 AM,GEORGIA AVE,NA,STRAIGHT MOVEMENT ANGLE,Clear,DRY,Daylight,NO CONTROLS,NONE DETECTED,Yes,No Apparent Injury,N/A,LOOKED BUT DID NOT SEE,MD,PASSENGER CAR,MAKING RIGHT TURN,35,No,2021,HONDA,ACCORD,39.0596255,-77.05024567,2023,9,10
230053932,Property Damage Crash,09/09/2023 10:00:00 AM,GEORGIA AVE,NA,STRAIGHT MOVEMENT ANGLE,Clear,DRY,Daylight,NO CONTROLS,NONE DETECTED,No,No Apparent Injury,N/A,NOT DISTRACTED,MD,PASSENGER CAR,MOVING CONSTANT SPEED,35,No,2020,HONDA,HR-V,39.0596255,-77.05024567,2023,9,10
230053928,Injury Crash,09/09/2023 09:40:00 AM,LONGDRAFT RD,NA,SAME DIR REAR END,Clear,DRY,Daylight,NO CONTROLS,NONE DETECTED,Yes,No Apparent Injury,N/A,UNKNOWN,MD,PASSENGER CAR,SLOWING OR STOPPING,30,No,2014,CHEV,IMPALA,39.13098217,-77.24483233,2023,9,9
230053928,Injury Crash,09/09/2023 09:40:00 AM,LONGDRAFT RD,NA,SAME DIR REAR END,Clear,DRY,Daylight,NO CONTROLS,NONE DETECTED,No,Possible Minor Injury,N/A,NOT DISTRACTED,MD,PASSENGER CAR,STOPPED IN TRAFFIC LANE,30,No,2019,HOND,ACCORD,39.13098217,-77.24483233,2023,9,9
230053925,Property Damage Crash,09/09/2023 09:04:00 AM,PARKRIDGE DR,NA,SAME DIR REAR END,Clear,DRY,Daylight,NO CONTROLS,NONE DETECTED,Yes,No Apparent Injury,N/A,NOT DISTRACTED,MD,PASSENGER CAR,SLOWING OR STOPPING,35,No,2001,FORD,PC,39.14831683,-77.2396085,2023,9,9
230053925,Property Damage Crash,09/09/2023 09:04:00 AM,PARKRIDGE DR,NA,SAME DIR REAR END,Clear,DRY,Daylight,NO CONTROLS,NONE DETECTED,No,No Apparent Injury,N/A,NOT DISTRACTED,MD,PASSENGER CAR,SLOWING OR STOPPING,35,No,2018,HOND,TK,39.14831683,-77.2396085,2023,9,9
230053918,Property Damage Crash,09/09/2023 05:08:00 AM,NA,NA,SINGLE VEHICLE,Clear,NA,Medium,NO CONTROLS,ALCOHOL PRESENT,Yes,No Apparent Injury,"N/A, WET",OTHER DISTRACTION,MD,PASSENGER CAR,OTHER,5,No,2018,TESLA,SD,39.17451821,-77.21110245,2023,9,5
230053917,Injury Crash,09/09/2023 05:00:00 AM,BRINK RD,NA,SINGLE VEHICLE,Rain,WET,Dark,NO CONTROLS,NONE DETECTED,Yes,No Apparent Injury,"N/A, WET",NOT DISTRACTED,MD,PASSENGER CAR,MOVING CONSTANT SPEED,35,No,2009,HONDA,CIVIC,39.20753741,-77.18225937,2023,9,5
230053911,Property Damage Crash,09/09/2023 02:42:00 AM,RANDOLPH RD,NA,SINGLE VEHICLE,Rain,WET,Medium,NO CONTROLS,NONE DETECTED,Yes,No Apparent Injury,"RAIN, SNOW, WET",UNKNOWN,NA,PASSENGER CAR,MOVING CONSTANT SPEED,35,No,2017,HYUN,ELANTRA,39.05338667,-77.108785,2023,9,2
230053908,Injury Crash,09/09/2023 02:32:00 AM,CHERRY HILL RD,NA,STRAIGHT MOVEMENT ANGLE,Rain,WET,Medium,FLASHING TRAFFIC SIGNAL,NONE DETECTED,Yes,Possible Minor Injury,"RAIN, SNOW, WET",LOOKED BUT DID NOT SEE,MD,PASSENGER CAR,ACCELERATING,25,No,2018,TOYOTA,CAMRY,39.05586483,-76.954143,2023,9,2
230053908,Injury Crash,09/09/2023 02:32:00 AM,CHERRY HILL RD,NA,STRAIGHT MOVEMENT ANGLE,Rain,WET,Medium,FLASHING TRAFFIC SIGNAL,NONE DETECTED,No,No Apparent Injury,"RAIN, SNOW, WET",NOT DISTRACTED,MD,PASSENGER CAR,MOVING CONSTANT SPEED,40,No,2020,TOYOTA,RAV4,39.05586483,-76.954143,2023,9,2
230053906,Property Damage Crash,09/09/2023 02:09:00 AM,FOREST BROOK RD,NA,SAME DIR REAR END,Cloudy,WET,Medium,NO CONTROLS,ALCOHOL PRESENT,Yes,No Apparent Injury,"N/A, WET",UNKNOWN,MD,PASSENGER CAR,MOVING CONSTANT SPEED,25,No,2014,MITS,TK,39.18252833,-77.24252667,2023,9,2
230053903,Injury Crash,09/09/2023 01:43:00 AM,GERMANTOWN RD,NA,SINGLE VEHICLE,Cloudy,WET,Medium,TRAFFIC SIGNAL,NONE DETECTED,Yes,Possible Minor Injury,"RAIN, SNOW, WET",NOT DISTRACTED,MD,POLICE VEHICLE/EMERGENCY,MAKING RIGHT TURN,40,No,2014,DODGE,CHARGER,39.17167685,-77.27775448,2023,9,1
230053902,Property Damage Crash,09/09/2023 01:07:00 AM,RAMP 3 FR IS 495 EB TO MD 97 NB,NA,SINGLE VEHICLE,Clear,WET,Medium,NO CONTROLS,NONE DETECTED,Yes,No Apparent Injury,N/A,UNKNOWN,NA,PASSENGER CAR,UNKNOWN,30,No,2022,TOYOTA,CAMRY,39.01304167,-77.04192667,2023,9,1
230053893,Property Damage Crash,09/08/2023 11:42:00 PM,RAMP 1 FR IS 270 NB TO IS 370 WB,NA,SAME DIRECTION SIDESWIPE,Clear,DRY,Medium,NO CONTROLS,NONE DETECTED,Yes,No Apparent Injury,N/A,UNKNOWN,NA,PASSENGER CAR,CHANGING LANES,55,No,2020,TOYOTA,HIGHLANDER,39.12822831,-77.20321341,2023,9,23
230053893,Property Damage Crash,09/08/2023 11:42:00 PM,RAMP 1 FR IS 270 NB TO IS 370 WB,NA,SAME DIRECTION SIDESWIPE,Clear,DRY,Medium,NO CONTROLS,NONE DETECTED,No,No Apparent Injury,N/A,NOT DISTRACTED,MD,PASSENGER CAR,MOVING CONSTANT SPEED,55,No,2020,TOYOTA,COROLLA,39.12822831,-77.20321341,2023,9,23
230053894,Property Damage Crash,09/08/2023 11:10:00 PM,FATHER HURLEY BLVD,NA,SINGLE VEHICLE,Clear,WET,Medium,N/A,ALCOHOL PRESENT,Yes,No Apparent Injury,"N/A, WET",UNKNOWN,MD,PASSENGER CAR,MAKING RIGHT TURN,40,No,2015,VOLKSWAGEN,GTI,39.194026,-77.27055067,2023,9,23
230053897,Property Damage Crash,09/08/2023 11:10:00 PM,EAST WEST HWY,NA,SAME DIR REAR END,Clear,WET,Medium,TRAFFIC SIGNAL,NONE DETECTED,No,No Apparent Injury,"N/A, WET",NOT DISTRACTED,MD,(SPORT) UTILITY VEHICLE,STOPPED IN TRAFFIC LANE,25,No,2018,NISSAN,ARMADA,38.99497014,-77.04580333,2023,9,23
230053897,Property Damage Crash,09/08/2023 11:10:00 PM,EAST WEST HWY,NA,SAME DIR REAR END,Clear,WET,Medium,TRAFFIC SIGNAL,NONE DETECTED,Yes,No Apparent Injury,"N/A, WET",UNKNOWN,NA,PASSENGER CAR,MOVING CONSTANT SPEED,25,No,1901,NISSAN,MAXIMUM,38.99497014,-77.04580333,2023,9,23
230053886,Property Damage Crash,09/08/2023 08:45:00 PM,NA,NA,OPPOSITE DIRECTION SIDESWIPE,Rain,NA,Medium,N/A,NONE DETECTED,Yes,No Apparent Injury,"N/A, WET",UNKNOWN,NA,(SPORT) UTILITY VEHICLE,STARTING FROM PARKED,0,No,2017,MERZ,SU,39.15093402,-77.06338289,2023,9,20
230053864,Injury Crash,09/08/2023 07:45:00 PM,GREAT SENECA HWY,NA,HEAD ON LEFT TURN,Rain,WET,Medium,TRAFFIC SIGNAL,NONE DETECTED,Yes,Possible Minor Injury,"RAIN, SNOW, WET",LOOKED BUT DID NOT SEE,VA,(SPORT) UTILITY VEHICLE,MAKING LEFT TURN,50,No,2014,HONDA,CRV,39.12065238,-77.22541403,2023,9,19
230053864,Injury Crash,09/08/2023 07:45:00 PM,GREAT SENECA HWY,NA,HEAD ON LEFT TURN,Rain,WET,Medium,TRAFFIC SIGNAL,NONE DETECTED,No,No Apparent Injury,"RAIN, SNOW, WET",NOT DISTRACTED,MD,(SPORT) UTILITY VEHICLE,MOVING CONSTANT SPEED,50,No,2013,FORD,UT,39.12065238,-77.22541403,2023,9,19
230053862,Property Damage Crash,09/08/2023 07:29:00 PM,INDEPENDENCE ST,NA,OTHER,Clear,WET,Medium,NO CONTROLS,NONE DETECTED,Yes,No Apparent Injury,"N/A, WET",NOT DISTRACTED,MD,MOTORCYCLE,ACCELERATING,25,No,2006,SUZUKI,GSXR600,39.07267667,-77.08737333,2023,9,19
230053859,Injury Crash,09/08/2023 07:15:00 PM,SNOUFFERS SCHOOL RD,NA,SAME DIR REAR END,Rain,WET,Medium,N/A,NONE DETECTED,No,No Apparent Injury,"RAIN, SNOW, WET",NOT DISTRACTED,MD,PASSENGER CAR,STOPPED IN TRAFFIC LANE,35,No,2019,TOYT,UT,39.18710833,-77.18540333,2023,9,19
230053859,Injury Crash,09/08/2023 07:15:00 PM,SNOUFFERS SCHOOL RD,NA,SAME DIR REAR END,Rain,WET,Medium,N/A,NONE DETECTED,No,No Apparent Injury,"RAIN, SNOW, WET",NOT DISTRACTED,MD,POLICE VEHICLE/EMERGENCY,STOPPED IN TRAFFIC LANE,35,No,2022,HOND,UT,39.18710833,-77.18540333,2023,9,19
230053859,Injury Crash,09/08/2023 07:15:00 PM,SNOUFFERS SCHOOL RD,NA,SAME DIR REAR END,Rain,WET,Medium,N/A,NONE DETECTED,Yes,Possible Minor Injury,"RAIN, SNOW, WET",NOT DISTRACTED,MD,PASSENGER CAR,SLOWING OR STOPPING,35,No,1996,TOYT,4S,39.18710833,-77.18540333,2023,9,19
230053846,Injury Crash,09/08/2023 05:26:00 PM,GEORGIA AVE,NA,HEAD ON LEFT TURN,Clear,DRY,Daylight,NO CONTROLS,NONE DETECTED,Yes,Possible Minor Injury,N/A,NOT DISTRACTED,MD,PASSENGER CAR,MAKING LEFT TURN,35,No,2018,TOYT,TK,39.00334,-77.03583333,2023,9,17
230053846,Injury Crash,09/08/2023 05:26:00 PM,GEORGIA AVE,NA,HEAD ON LEFT TURN,Clear,DRY,Daylight,NO CONTROLS,NONE DETECTED,No,No Apparent Injury,N/A,NOT DISTRACTED,MD,PASSENGER CAR,MOVING CONSTANT SPEED,35,No,2017,HOND,TK,39.00334,-77.03583333,2023,9,17
230053848,Property Damage Crash,09/08/2023 05:05:00 PM,FEDERAL ST,NA,OTHER,Clear,DRY,Daylight,N/A,NONE DETECTED,Yes,No Apparent Injury,N/A,LOOKED BUT DID NOT SEE,MD,SCHOOL BUS,MOVING CONSTANT SPEED,15,No,2014,THOM,BU,39.07033,-77.08642333,2023,9,17
230053831,Property Damage Crash,09/08/2023 04:25:00 PM,MUDDY BRANCH RD,NA,SAME DIR REAR END,Clear,DRY,Daylight,TRAFFIC SIGNAL,NONE DETECTED,Yes,No Apparent Injury,N/A,UNKNOWN,MD,PASSENGER CAR,MOVING CONSTANT SPEED,40,No,2017,CHEV,UT,39.12947665,-77.20788168,2023,9,16
230053831,Property Damage Crash,09/08/2023 04:25:00 PM,MUDDY BRANCH RD,NA,SAME DIR REAR END,Clear,DRY,Daylight,TRAFFIC SIGNAL,NONE DETECTED,No,No Apparent Injury,N/A,NOT DISTRACTED,MD,PASSENGER CAR,SLOWING OR STOPPING,40,No,2019,HOND,SD,39.12947665,-77.20788168,2023,9,16
230053824,Property Damage Crash,09/08/2023 04:00:00 PM,MUDDY BRANCH RD,NA,SAME DIRECTION SIDESWIPE,Clear,DRY,Daylight,N/A,NONE DETECTED,No,No Apparent Injury,N/A,NOT DISTRACTED,MD,PASSENGER CAR,MOVING CONSTANT SPEED,35,No,2017,CHEV,SD,39.14142667,-77.214165,2023,9,16
230053824,Property Damage Crash,09/08/2023 04:00:00 PM,MUDDY BRANCH RD,NA,SAME DIRECTION SIDESWIPE,Clear,DRY,Daylight,N/A,NONE DETECTED,Yes,No Apparent Injury,N/A,NOT DISTRACTED,MD,PASSENGER CAR,ACCELERATING,25,No,2014,FORD,4S,39.14142667,-77.214165,2023,9,16
230053828,Property Damage Crash,09/08/2023 03:36:00 PM,WHITES FERRY RD,NA,STRAIGHT MOVEMENT ANGLE,Clear,DRY,Daylight,N/A,NONE DETECTED,Yes,No Apparent Injury,N/A,LOOKED BUT DID NOT SEE,SC,(SPORT) UTILITY VEHICLE,MAKING LEFT TURN,35,No,2012,NISSAN,XTERRA,39.16186681,-77.46876587,2023,9,15
230053828,Property Damage Crash,09/08/2023 03:36:00 PM,WHITES FERRY RD,NA,STRAIGHT MOVEMENT ANGLE,Clear,DRY,Daylight,N/A,NONE DETECTED,No,No Apparent Injury,N/A,NOT DISTRACTED,MD,SCHOOL BUS,MOVING CONSTANT SPEED,35,No,2018,THOMAS,BUS,39.16186681,-77.46876587,2023,9,15
230053818,Injury Crash,09/08/2023 02:58:00 PM,N STONESTREET AVE,NA,STRAIGHT MOVEMENT ANGLE,Clear,DRY,Daylight,STOP SIGN,NONE DETECTED,No,Possible Minor Injury,N/A,NOT DISTRACTED,MD,PASSENGER CAR,MOVING CONSTANT SPEED,25,No,2022,TOYOTA,TACOMA,39.08910144,-77.14859295,2023,9,14
230053818,Injury Crash,09/08/2023 02:58:00 PM,N STONESTREET AVE,NA,STRAIGHT MOVEMENT ANGLE,Clear,DRY,Daylight,STOP SIGN,ALCOHOL PRESENT,Yes,No Apparent Injury,N/A,UNKNOWN,MD,PASSENGER CAR,MOVING CONSTANT SPEED,25,No,2011,HYUN,4S,39.08910144,-77.14859295,2023,9,14
230053815,Property Damage Crash,09/08/2023 02:45:00 PM,E GUDE DR,NA,SAME DIR REAR END,Clear,DRY,Daylight,N/A,NONE DETECTED,Yes,No Apparent Injury,N/A,INATTENTIVE OR LOST IN THOUGHT,MD,PASSENGER CAR,MOVING CONSTANT SPEED,40,No,2020,KIA,SOUL,39.08497878,-77.15095411,2023,9,14
230053815,Property Damage Crash,09/08/2023 02:45:00 PM,E GUDE DR,NA,SAME DIR REAR END,Clear,DRY,Daylight,N/A,NONE DETECTED,No,No Apparent Injury,N/A,NOT DISTRACTED,MD,"OTHER LIGHT TRUCKS (10,000LBS (4,536KG) OR LESS)",STOPPED IN TRAFFIC LANE,40,No,2011,FORD,TK,39.08497878,-77.15095411,2023,9,14
230053805,Property Damage Crash,09/08/2023 01:35:00 PM,ELLINGTON BLVD,NA,SAME DIRECTION SIDESWIPE,Clear,DRY,Daylight,TRAFFIC SIGNAL,NONE DETECTED,No,No Apparent Injury,N/A,NOT DISTRACTED,MD,"MEDIUM/HEAVY TRUCKS 3 AXLES (OVER 10,000LBS (4,536KG))",ACCELERATING,25,No,2018,KW,TK,39.11547667,-77.20411667,2023,9,13
230053805,Property Damage Crash,09/08/2023 01:35:00 PM,ELLINGTON BLVD,NA,SAME DIRECTION SIDESWIPE,Clear,DRY,Daylight,TRAFFIC SIGNAL,NONE DETECTED,Yes,No Apparent Injury,N/A,NOT DISTRACTED,DC,PASSENGER CAR,CHANGING LANES,25,No,2012,BMW,ALPINA,39.11547667,-77.20411667,2023,9,13
230053808,Property Damage Crash,09/08/2023 01:30:00 PM,WESTLAKE DR,NA,SAME DIR REAR END,Clear,DRY,Daylight,TRAFFIC SIGNAL,NONE DETECTED,No,No Apparent Injury,N/A,NOT DISTRACTED,MD,PASSENGER CAR,STOPPED IN TRAFFIC LANE,0,No,2010,ACURA,TSX,39.02476017,-77.149273,2023,9,13
230053808,Property Damage Crash,09/08/2023 01:30:00 PM,WESTLAKE DR,NA,SAME DIR REAR END,Clear,DRY,Daylight,TRAFFIC SIGNAL,NONE DETECTED,Yes,No Apparent Injury,N/A,OTHER DISTRACTION,VA,PASSENGER CAR,MOVING CONSTANT SPEED,25,No,2018,VOLKSWAGON,TIGUAN,39.02476017,-77.149273,2023,9,13
230053795,Injury Crash,09/08/2023 01:05:00 PM,FLOWER AVE,NA,STRAIGHT MOVEMENT ANGLE,Clear,DRY,Daylight,NO CONTROLS,NONE DETECTED,Yes,Possible Minor Injury,N/A,UNKNOWN,MD,PASSENGER CAR,ACCELERATING,25,No,2011,TOYT,UT,38.998565,-77.00358167,2023,9,13
230053795,Injury Crash,09/08/2023 01:05:00 PM,FLOWER AVE,NA,STRAIGHT MOVEMENT ANGLE,Clear,DRY,Daylight,NO CONTROLS,NONE DETECTED,No,No Apparent Injury,N/A,NOT DISTRACTED,MD,PASSENGER CAR,MOVING CONSTANT SPEED,25,No,2014,ACUR,UT,38.998565,-77.00358167,2023,9,13
230053794,Property Damage Crash,09/08/2023 12:34:00 PM,FREDERICK RD,NA,STRAIGHT MOVEMENT ANGLE,Cloudy,DRY,Daylight,NO CONTROLS,NONE DETECTED,No,No Apparent Injury,N/A,NOT DISTRACTED,MD,PASSENGER CAR,SLOWING OR STOPPING,40,No,2014,NISS,VERSA,39.17542041,-77.23820746,2023,9,12
230053794,Property Damage Crash,09/08/2023 12:34:00 PM,FREDERICK RD,NA,STRAIGHT MOVEMENT ANGLE,Cloudy,DRY,Daylight,NO CONTROLS,NONE DETECTED,Yes,No Apparent Injury,N/A,UNKNOWN,MD,PICKUP TRUCK,MAKING LEFT TURN,40,No,2012,FORD,F150,39.17542041,-77.23820746,2023,9,12
230053790,Injury Crash,09/08/2023 12:30:00 PM,MIDCOUNTY HWY,NA,SINGLE VEHICLE,Clear,"MUD, DIRT, GRAVEL",Daylight,NO CONTROLS,NONE DETECTED,Yes,Possible Minor Injury,"DEBRIS OR OBSTRUCTION, N/A",NOT DISTRACTED,MD,MOTORCYCLE,MOVING CONSTANT SPEED,50,No,2002,YAMAHA,R1,39.15717749,-77.18483549,2023,9,12
230053791,Injury Crash,09/08/2023 12:25:00 PM,SANDY SPRING RD,NA,STRAIGHT MOVEMENT ANGLE,Clear,DRY,Daylight,NO CONTROLS,NONE DETECTED,No,Possible Minor Injury,N/A,NOT DISTRACTED,MD,PASSENGER CAR,MOVING CONSTANT SPEED,45,No,2017,SUBARU,FORESTER,39.1055891,-76.9105984,2023,9,12
230053791,Injury Crash,09/08/2023 12:25:00 PM,SANDY SPRING RD,NA,STRAIGHT MOVEMENT ANGLE,Clear,DRY,Daylight,NO CONTROLS,NONE DETECTED,Yes,No Apparent Injury,N/A,LOOKED BUT DID NOT SEE,MD,PASSENGER CAR,MAKING LEFT TURN,45,No,2017,DODGE,CROSSROAD,39.1055891,-76.9105984,2023,9,12
230053760,Injury Crash,09/08/2023 09:40:00 AM,MUNCASTER MILL RD,NA,SAME DIR REAR END,Clear,DRY,Daylight,N/A,NONE DETECTED,No,Possible Minor Injury,N/A,NOT DISTRACTED,MD,"CARGO VAN/LIGHT TRUCK 2 AXLES (OVER 10,000LBS (4,536 KG))",STOPPED IN TRAFFIC LANE,35,No,2015,NISSAN,CG,39.11936433,-77.1076515,2023,9,9
230053760,Injury Crash,09/08/2023 09:40:00 AM,MUNCASTER MILL RD,NA,SAME DIR REAR END,Clear,DRY,Daylight,N/A,NONE DETECTED,Yes,No Apparent Injury,N/A,UNKNOWN,MD,PASSENGER CAR,MOVING CONSTANT SPEED,35,No,2013,TOYOTA,RAV4,39.11936433,-77.1076515,2023,9,9
230053751,Injury Crash,09/08/2023 08:03:00 AM,HOPKINS RD,NA,STRAIGHT MOVEMENT ANGLE,Clear,DRY,Daylight,NO CONTROLS,NONE DETECTED,No,Possible Minor Injury,N/A,NOT DISTRACTED,MD,PASSENGER CAR,MOVING CONSTANT SPEED,35,No,2007,TOYT,TUNDRA,39.1688245,-77.29054267,2023,9,8
230053751,Injury Crash,09/08/2023 08:03:00 AM,HOPKINS RD,NA,STRAIGHT MOVEMENT ANGLE,Clear,DRY,Daylight,NO CONTROLS,NONE DETECTED,Yes,No Apparent Injury,N/A,LOOKED BUT DID NOT SEE,MD,PASSENGER CAR,MAKING LEFT TURN,35,No,2014,MAZDA,CX9,39.1688245,-77.29054267,2023,9,8
230053749,Injury Crash,09/08/2023 06:59:00 AM,FREDERICK RD,NA,STRAIGHT MOVEMENT ANGLE,Clear,DRY,Daylight,NO CONTROLS,NONE DETECTED,No,No Apparent Injury,N/A,NOT DISTRACTED,MD,PASSENGER CAR,MOVING CONSTANT SPEED,35,No,2019,FORD,F350,39.28492667,-77.31477717,2023,9,6
230053749,Injury Crash,09/08/2023 06:59:00 AM,FREDERICK RD,NA,STRAIGHT MOVEMENT ANGLE,Clear,DRY,Daylight,NO CONTROLS,NONE DETECTED,Yes,Possible Minor Injury,N/A,NOT DISTRACTED,MD,PASSENGER CAR,MAKING LEFT TURN,35,No,2012,DODGE,CHARGER,39.28492667,-77.31477717,2023,9,6
230053740,Property Damage Crash,09/08/2023 06:45:00 AM,NEW HAMPSHIRE AVE,NA,SAME DIRECTION RIGHT TURN,Clear,DRY,Daylight,NO CONTROLS,NONE DETECTED,No,No Apparent Injury,N/A,NOT DISTRACTED,DC,TRANSIT BUS,MOVING CONSTANT SPEED,40,No,2020,BU,TRANSIT BUS,39.02439471,-76.97953166,2023,9,6
230053740,Property Damage Crash,09/08/2023 06:45:00 AM,NEW HAMPSHIRE AVE,NA,SAME DIRECTION RIGHT TURN,Clear,DRY,Daylight,NO CONTROLS,NONE DETECTED,Yes,No Apparent Injury,N/A,UNKNOWN,NA,SCHOOL BUS,MOVING CONSTANT SPEED,40,No,2020,UNKNOWN,SCHOOL BUS,39.02439471,-76.97953166,2023,9,6
230053866,Property Damage Crash,09/08/2023 05:25:00 AM,NA,NA,OTHER,Clear,NA,Medium,NO CONTROLS,NONE DETECTED,Yes,No Apparent Injury,N/A,UNKNOWN,NA,PASSENGER CAR,PARKING,15,No,2014,DODGE,PURAM,39.01597773,-76.97462649,2023,9,5
230053737,Property Damage Crash,09/08/2023 04:10:00 AM,OAKVALE ST,NA,OPPOSITE DIRECTION SIDESWIPE,Clear,DRY,Medium,N/A,NONE DETECTED,Yes,No Apparent Injury,N/A,UNKNOWN,NA,PASSENGER CAR,MOVING CONSTANT SPEED,25,No,2007,FORD,F150,39.08845333,-77.08983,2023,9,4
230053731,Injury Crash,09/08/2023 12:15:00 AM,KEMP MILL RD,NA,SINGLE VEHICLE,Clear,DRY,Medium,NO CONTROLS,NONE DETECTED,Yes,Possible Minor Injury,N/A,NOT DISTRACTED,MD,PASSENGER CAR,MOVING CONSTANT SPEED,25,No,1997,FORD,F150,39.063235,-77.02727167,2023,9,0
230053722,Injury Crash,09/07/2023 09:46:00 PM,CLOPPER RD,NA,STRAIGHT MOVEMENT ANGLE,Clear,DRY,Medium,TRAFFIC SIGNAL,NONE DETECTED,No,Possible Minor Injury,N/A,NOT DISTRACTED,MD,PASSENGER CAR,MOVING CONSTANT SPEED,25,No,2018,MAZDA,2S,39.14346658,-77.22397843,2023,9,21
230053722,Injury Crash,09/07/2023 09:46:00 PM,CLOPPER RD,NA,STRAIGHT MOVEMENT ANGLE,Clear,DRY,Medium,TRAFFIC SIGNAL,DRUG PRESENT,Yes,No Apparent Injury,N/A,INATTENTIVE OR LOST IN THOUGHT,MD,PASSENGER CAR,MAKING LEFT TURN,25,No,2018,SUBARU,WRX,39.14346658,-77.22397843,2023,9,21
230053708,Property Damage Crash,09/07/2023 07:21:00 PM,OLNEY SANDY SPRING RD,NA,STRAIGHT MOVEMENT ANGLE,Clear,DRY,Medium,N/A,NONE DETECTED,No,No Apparent Injury,N/A,NOT DISTRACTED,MD,PASSENGER CAR,MOVING CONSTANT SPEED,35,No,2017,VOLK,SD,39.15301433,-77.06601683,2023,9,19
230053708,Property Damage Crash,09/07/2023 07:21:00 PM,OLNEY SANDY SPRING RD,NA,STRAIGHT MOVEMENT ANGLE,Clear,DRY,Medium,N/A,NONE DETECTED,Yes,No Apparent Injury,N/A,NOT DISTRACTED,AZ,PASSENGER CAR,ACCELERATING,15,No,2021,HOND,UT,39.15301433,-77.06601683,2023,9,19
230053699,Injury Crash,09/07/2023 07:00:00 PM,EAST WEST HWY,NA,SAME DIR REAR END,Clear,DRY,Daylight,NO CONTROLS,NONE DETECTED,Yes,Possible Minor Injury,N/A,OTHER DISTRACTION,MD,MOTORCYCLE,CHANGING LANES,35,No,2021,BMW,R18,38.99572667,-77.038525,2023,9,19
230053699,Injury Crash,09/07/2023 07:00:00 PM,EAST WEST HWY,NA,SAME DIR REAR END,Clear,DRY,Daylight,NO CONTROLS,NONE DETECTED,No,No Apparent Injury,N/A,NOT DISTRACTED,MD,TRANSIT BUS,STOPPED IN TRAFFIC LANE,35,No,2021,BUS,BUS,38.99572667,-77.038525,2023,9,19
230053701,Property Damage Crash,09/07/2023 06:50:00 PM,NA,NA,OPPOSITE DIRECTION SIDESWIPE,Rain,NA,Daylight,NO CONTROLS,ALCOHOL PRESENT,Yes,No Apparent Injury,N/A,UNKNOWN,MD,PASSENGER CAR,PARKING,25,No,2021,SUBARU,CROSSTREK,39.161915,-77.09737167,2023,9,18
230053691,Injury Crash,09/07/2023 06:26:00 PM,CONNECTICUT AVE,NA,SAME DIR REAR END,Clear,DRY,Daylight,TRAFFIC SIGNAL,NONE DETECTED,Yes,No Apparent Injury,N/A,INATTENTIVE OR LOST IN THOUGHT,MD,PASSENGER CAR,ACCELERATING,35,No,2020,GMC,SIERRA,38.991072,-77.07687133,2023,9,18
230053691,Injury Crash,09/07/2023 06:26:00 PM,CONNECTICUT AVE,NA,SAME DIR REAR END,Clear,DRY,Daylight,TRAFFIC SIGNAL,NONE DETECTED,No,No Apparent Injury,N/A,NOT DISTRACTED,MD,PASSENGER CAR,STOPPED IN TRAFFIC LANE,35,No,2006,HYUNDAI,AZERA,38.991072,-77.07687133,2023,9,18
230053707,Property Damage Crash,09/07/2023 06:07:00 PM,NA,NA,OTHER,Clear,NA,Daylight,NO CONTROLS,DRUG AND ALCOHOL CONTRIBUTED,Yes,No Apparent Injury,N/A,UNKNOWN,MD,PASSENGER CAR,BACKING,5,No,2014,HONDA,PILOT,39.14842796,-77.02864716,2023,9,18
230053688,Property Damage Crash,09/07/2023 05:54:00 PM,GEORGIA AVE,NA,SAME DIR REAR END,Rain,WET,Daylight,TRAFFIC SIGNAL,NONE DETECTED,Yes,No Apparent Injury,"V WIPERS|W OTHER ENVIRONMENTAL, WET",OTHER DISTRACTION,NA,(SPORT) UTILITY VEHICLE,SLOWING OR STOPPING,25,No,2016,HONDA,CRV,39.04335,-77.05207,2023,9,17
230053688,Property Damage Crash,09/07/2023 05:54:00 PM,GEORGIA AVE,NA,SAME DIR REAR END,Rain,WET,Daylight,TRAFFIC SIGNAL,NONE DETECTED,No,No Apparent Injury,"V WIPERS|W OTHER ENVIRONMENTAL, WET",NOT DISTRACTED,DC,PASSENGER CAR,STOPPED IN TRAFFIC LANE,25,No,2013,CHEVROLET,CRUZE,39.04335,-77.05207,2023,9,17
230053688,Property Damage Crash,09/07/2023 05:54:00 PM,GEORGIA AVE,NA,SAME DIR REAR END,Rain,WET,Daylight,TRAFFIC SIGNAL,NONE DETECTED,No,No Apparent Injury,"V WIPERS|W OTHER ENVIRONMENTAL, WET",NOT DISTRACTED,DC,PASSENGER CAR,STOPPED IN TRAFFIC LANE,25,No,2015,MERCEDES,CLA250,39.04335,-77.05207,2023,9,17
230053680,Property Damage Crash,09/07/2023 04:53:00 PM,NEW HAMPSHIRE AVE,NA,OTHER,Cloudy,DRY,Daylight,TRAFFIC SIGNAL,NONE DETECTED,Yes,No Apparent Injury,N/A,NOT DISTRACTED,MD,PASSENGER CAR,SLOWING OR STOPPING,45,No,2001,CHEVY,CAV,39.089113330000004,-76.99973167,2023,9,16
230053680,Property Damage Crash,09/07/2023 04:53:00 PM,NEW HAMPSHIRE AVE,NA,OTHER,Cloudy,DRY,Daylight,TRAFFIC SIGNAL,NONE DETECTED,No,No Apparent Injury,N/A,NOT DISTRACTED,MD,PASSENGER CAR,SLOWING OR STOPPING,45,No,2008,HYUN,SD,39.089113330000004,-76.99973167,2023,9,16
230053680,Property Damage Crash,09/07/2023 04:53:00 PM,NEW HAMPSHIRE AVE,NA,OTHER,Cloudy,DRY,Daylight,TRAFFIC SIGNAL,NONE DETECTED,No,No Apparent Injury,N/A,NOT DISTRACTED,MD,PASSENGER CAR,STOPPED IN TRAFFIC LANE,45,No,2023,TOYOTA,TUNDRA,39.089113330000004,-76.99973167,2023,9,16
230053710,Property Damage Crash,09/07/2023 04:20:00 PM,RIVER RD,NA,SAME DIR REAR END,Clear,DRY,Daylight,TRAFFIC SIGNAL,NONE DETECTED,Yes,No Apparent Injury,N/A,UNKNOWN,MD,PASSENGER CAR,STARTING FROM LANE,35,No,2021,TOYOTA,COROLLA,38.98352104,-77.13750135,2023,9,16
230053710,Property Damage Crash,09/07/2023 04:20:00 PM,RIVER RD,NA,SAME DIR REAR END,Clear,DRY,Daylight,TRAFFIC SIGNAL,NONE DETECTED,No,No Apparent Injury,N/A,NOT DISTRACTED,MD,PASSENGER CAR,STARTING FROM LANE,35,No,2019,TESLA,4S,38.98352104,-77.13750135,2023,9,16
230053669,Injury Crash,09/07/2023 03:46:00 PM,MILLER FALL RD,NA,STRAIGHT MOVEMENT ANGLE,Clear,DRY,Daylight,STOP SIGN,NONE DETECTED,No,No Apparent Injury,N/A,NOT DISTRACTED,MD,PASSENGER CAR,SLOWING OR STOPPING,35,No,2000,TOYOTA,SD,39.15162333,-77.15005667,2023,9,15