Local Case Number,ACRS Report Type,Crash Date/Time,Road Name,Related Non-Motorist,Collision Type,Weather,Surface Condition,Light,Traffic Control,Driver Substance Abuse,Driver At Fault,Injury Severity,Circumstance,Driver Distracted By,Drivers License State,Vehicle Body Type,Vehicle Movement,Speed Limit,Driverless Vehicle,Vehicle Year,Vehicle Make,Vehicle Model,Latitude,Longitude,Year,Month,Hour
230053669,Injury Crash,09/07/2023 03:46:00 PM,MILLER FALL RD,NA,STRAIGHT MOVEMENT ANGLE,Clear,DRY,Daylight,STOP SIGN,NONE DETECTED,Yes,Possible Minor Injury,N/A,LOOKED BUT DID NOT SEE,MD,SCHOOL BUS,MAKING LEFT TURN,35,No,2016,THOMAS,BU,39.15162333,-77.15005667,2023,9,15
230053666,Property Damage Crash,09/07/2023 03:26:00 PM,RANDOLPH RD,NA,SAME DIRECTION SIDESWIPE,Clear,DRY,Daylight,TRAFFIC SIGNAL,NONE DETECTED,Yes,No Apparent Injury,N/A,LOOKED BUT DID NOT SEE,MD,SCHOOL BUS,PASSING,30,No,2013,FRHT,CHASSIS,39.05427167,-77.10685,2023,9,15
230053666,Property Damage Crash,09/07/2023 03:26:00 PM,RANDOLPH RD,NA,SAME DIRECTION SIDESWIPE,Clear,DRY,Daylight,TRAFFIC SIGNAL,NONE DETECTED,No,No Apparent Injury,N/A,NOT DISTRACTED,MD,FARM VEHICLE,STOPPED IN TRAFFIC LANE,30,No,2020,NFLY,BUS,39.05427167,-77.10685,2023,9,15
230053663,Property Damage Crash,09/07/2023 02:23:00 PM,KERSEY LA,NA,SAME DIRECTION SIDESWIPE,Cloudy,DRY,Daylight,OTHER,NONE DETECTED,No,No Apparent Injury,"DEBRIS OR OBSTRUCTION, N/A",NOT DISTRACTED,MD,OTHER,STOPPED IN TRAFFIC LANE,25,No,1991,GMC,TK,39.06570872,-77.17194067,2023,9,14
230053663,Property Damage Crash,09/07/2023 02:23:00 PM,KERSEY LA,NA,SAME DIRECTION SIDESWIPE,Cloudy,DRY,Daylight,OTHER,NONE DETECTED,Yes,No Apparent Injury,"DEBRIS OR OBSTRUCTION, N/A",UNKNOWN,MD,PASSENGER CAR,ACCELERATING,25,No,2010,BUIC,TK,39.06570872,-77.17194067,2023,9,14
230053657,Property Damage Crash,09/07/2023 02:02:00 PM,NA,NA,OTHER,Cloudy,NA,Daylight,NO CONTROLS,NONE DETECTED,No,No Apparent Injury,N/A,NOT DISTRACTED,MD,PASSENGER CAR,PARKED,5,No,2022,NISSAN,SENTRA,39.0629,-77.09583333,2023,9,14
230053657,Property Damage Crash,09/07/2023 02:02:00 PM,NA,NA,OTHER,Cloudy,NA,Daylight,NO CONTROLS,NONE DETECTED,Yes,No Apparent Injury,N/A,NOT DISTRACTED,MD,PASSENGER CAR,MOVING CONSTANT SPEED,5,No,2015,NISSAN,SENTRA,39.0629,-77.09583333,2023,9,14
230053644,Injury Crash,09/07/2023 01:29:00 PM,WISCONSIN AVE,PEDESTRIAN,SINGLE VEHICLE,Cloudy,DRY,Daylight,OTHER,NONE DETECTED,Yes,No Apparent Injury,N/A,LOOKED BUT DID NOT SEE,MD,(SPORT) UTILITY VEHICLE,ACCELERATING,25,No,2005,TOYOTA,HIGHLANDER,38.98128283,-77.09254467,2023,9,13
230053642,Property Damage Crash,09/07/2023 01:07:00 PM,PINEY MEETINGHOUSE RD,NA,SINGLE VEHICLE,Clear,DRY,Daylight,NO CONTROLS,NONE DETECTED,Yes,No Apparent Injury,N/A,UNKNOWN,MD,PASSENGER CAR,MOVING CONSTANT SPEED,40,No,2021,MERCEDES-BENZ,GLC300,39.08184283,-77.217557,2023,9,13
230053635,Injury Crash,09/07/2023 01:05:00 PM,BEALL AVE #2,PEDESTRIAN,OTHER,Clear,DRY,Daylight,OTHER,NONE DETECTED,Yes,No Apparent Injury,N/A,LOOKED BUT DID NOT SEE,MD,PASSENGER CAR,MAKING LEFT TURN,25,No,2022,FORD,PK,39.087155,-77.15125583,2023,9,13
230053641,Injury Crash,09/07/2023 12:49:00 PM,CLARKSBURG RD,NA,STRAIGHT MOVEMENT ANGLE,Clear,DRY,Daylight,TRAFFIC SIGNAL,NONE DETECTED,No,Possible Minor Injury,N/A,NOT DISTRACTED,MD,PASSENGER CAR,MOVING CONSTANT SPEED,35,No,2022,TOYOTA,TACOMA,39.232846,-77.283656,2023,9,12
230053641,Injury Crash,09/07/2023 12:49:00 PM,CLARKSBURG RD,NA,STRAIGHT MOVEMENT ANGLE,Clear,DRY,Daylight,TRAFFIC SIGNAL,NONE DETECTED,Yes,No Apparent Injury,N/A,UNKNOWN,MD,PASSENGER CAR,MAKING LEFT TURN,35,No,2018,SUBARU,IMPREZA,39.232846,-77.283656,2023,9,12
230053622,Property Damage Crash,09/07/2023 12:15:00 PM,NA,NA,OTHER,Clear,NA,Daylight,N/A,NONE DETECTED,Yes,No Apparent Injury,N/A,NOT DISTRACTED,MD,PASSENGER CAR,BACKING,15,No,2021,KIA,SEDONA,39.11486901,-77.16424988,2023,9,12
230053622,Property Damage Crash,09/07/2023 12:15:00 PM,NA,NA,OTHER,Clear,NA,Daylight,N/A,NONE DETECTED,No,No Apparent Injury,N/A,NOT DISTRACTED,MD,PASSENGER CAR,OTHER,15,No,2014,FORD,E35,39.11486901,-77.16424988,2023,9,12
230053627,Injury Crash,09/07/2023 12:14:00 PM,RIDGE RD,NA,HEAD ON LEFT TURN,Clear,DRY,Daylight,NO CONTROLS,NONE DETECTED,Yes,Possible Minor Injury,N/A,NOT DISTRACTED,MD,VAN,MAKING LEFT TURN,40,No,2017,CHRY,PACIFICA VN,39.26049,-77.223225,2023,9,12
230053627,Injury Crash,09/07/2023 12:14:00 PM,RIDGE RD,NA,HEAD ON LEFT TURN,Clear,DRY,Daylight,NO CONTROLS,NONE DETECTED,No,Possible Minor Injury,N/A,NOT DISTRACTED,MD,PASSENGER CAR,MOVING CONSTANT SPEED,40,No,2017,TOYOTA,COROLLA 4S,39.26049,-77.223225,2023,9,12
230053612,Property Damage Crash,09/07/2023 10:49:00 AM,FREDERICK RD,NA,SAME DIR REAR END,Clear,DRY,Daylight,TRAFFIC SIGNAL,NONE DETECTED,No,No Apparent Injury,N/A,NOT DISTRACTED,MD,SCHOOL BUS,STOPPED IN TRAFFIC LANE,30,No,2019,THOMPSON,BUS,39.28374083,-77.31513341,2023,9,10
230053612,Property Damage Crash,09/07/2023 10:49:00 AM,FREDERICK RD,NA,SAME DIR REAR END,Clear,DRY,Daylight,TRAFFIC SIGNAL,NONE DETECTED,Yes,No Apparent Injury,N/A,NOT DISTRACTED,MD,PASSENGER CAR,SLOWING OR STOPPING,30,No,2023,HYUNDAI,ELANTRA,39.28374083,-77.31513341,2023,9,10
230053599,Injury Crash,09/07/2023 10:00:00 AM,BRIGGS CHANEY RD,NA,STRAIGHT MOVEMENT ANGLE,Clear,DRY,Daylight,TRAFFIC SIGNAL,NONE DETECTED,Yes,No Apparent Injury,N/A,NOT DISTRACTED,MD,PASSENGER CAR,MOVING CONSTANT SPEED,35,No,2018,HONDA,CIVIC,39.08433535,-76.95100142,2023,9,10
230053599,Injury Crash,09/07/2023 10:00:00 AM,BRIGGS CHANEY RD,NA,STRAIGHT MOVEMENT ANGLE,Clear,DRY,Daylight,TRAFFIC SIGNAL,NONE DETECTED,No,Possible Minor Injury,N/A,NOT DISTRACTED,MD,PASSENGER CAR,MOVING CONSTANT SPEED,40,No,2020,FORD,EDGE,39.08433535,-76.95100142,2023,9,10
230053596,Property Damage Crash,09/07/2023 09:47:00 AM,COLESVILLE RD,NA,OTHER,Clear,DRY,Daylight,NO CONTROLS,NONE DETECTED,Yes,No Apparent Injury,N/A,UNKNOWN,NA,NA,MOVING CONSTANT SPEED,25,No,0,UNKNOWN,UNKNOWN,38.99809263,-77.02671399,2023,9,9
230053596,Property Damage Crash,09/07/2023 09:47:00 AM,COLESVILLE RD,NA,OTHER,Clear,DRY,Daylight,NO CONTROLS,NONE DETECTED,No,No Apparent Injury,N/A,NOT DISTRACTED,MD,PASSENGER CAR,MOVING CONSTANT SPEED,25,No,2020,FORD,UT,38.99809263,-77.02671399,2023,9,9
230053588,Property Damage Crash,09/07/2023 09:19:00 AM,NA,NA,OTHER,Clear,NA,Daylight,N/A,NONE DETECTED,Yes,No Apparent Injury,N/A,LOOKED BUT DID NOT SEE,MD,"OTHER LIGHT TRUCKS (10,000LBS (4,536KG) OR LESS)",BACKING,15,No,2014,FORD,TK,39.10423971,-77.14226029,2023,9,9
230053593,Property Damage Crash,09/07/2023 09:18:00 AM,WATERS LANDING DR,NA,SINGLE VEHICLE,Clear,DRY,Daylight,NO CONTROLS,NONE DETECTED,Yes,No Apparent Injury,N/A,UNKNOWN,NA,PASSENGER CAR,MOVING CONSTANT SPEED,35,No,2014,HONDA,CRV,39.19136837,-77.28052953,2023,9,9
230053573,Injury Crash,09/07/2023 08:18:00 AM,RANDOLPH RD,NA,OTHER,Clear,N/A,Daylight,TRAFFIC SIGNAL,NONE DETECTED,No,Possible Minor Injury,N/A,NOT DISTRACTED,MD,PASSENGER CAR,STOPPED IN TRAFFIC LANE,30,No,2015,VOLKSWAGEN,PASSAT,39.06088213,-77.0449089,2023,9,8
230053573,Injury Crash,09/07/2023 08:18:00 AM,RANDOLPH RD,NA,OTHER,Clear,N/A,Daylight,TRAFFIC SIGNAL,NONE DETECTED,No,No Apparent Injury,N/A,NOT DISTRACTED,MD,PASSENGER CAR,STOPPED IN TRAFFIC LANE,30,No,2018,HONDA,ACCORD,39.06088213,-77.0449089,2023,9,8
230053573,Injury Crash,09/07/2023 08:18:00 AM,RANDOLPH RD,NA,OTHER,Clear,N/A,Daylight,TRAFFIC SIGNAL,NONE DETECTED,No,No Apparent Injury,N/A,NOT DISTRACTED,MD,PASSENGER CAR,STOPPED IN TRAFFIC LANE,30,No,2012,NISSAN,ALTIMA,39.06088213,-77.0449089,2023,9,8
230053573,Injury Crash,09/07/2023 08:18:00 AM,RANDOLPH RD,NA,OTHER,Clear,N/A,Daylight,TRAFFIC SIGNAL,NONE DETECTED,No,No Apparent Injury,N/A,NOT DISTRACTED,MD,PICKUP TRUCK,STOPPED IN TRAFFIC LANE,30,No,2005,DODGE,RAM,39.06088213,-77.0449089,2023,9,8
230053573,Injury Crash,09/07/2023 08:18:00 AM,RANDOLPH RD,NA,OTHER,Clear,N/A,Daylight,TRAFFIC SIGNAL,NONE DETECTED,No,Suspected Serious Injury,N/A,NOT DISTRACTED,MD,(SPORT) UTILITY VEHICLE,STOPPED IN TRAFFIC LANE,30,No,2023,VOLKSWAGEN,SUV,39.06088213,-77.0449089,2023,9,8
230053573,Injury Crash,09/07/2023 08:18:00 AM,RANDOLPH RD,NA,OTHER,Clear,N/A,Daylight,TRAFFIC SIGNAL,NONE DETECTED,Yes,Possible Minor Injury,N/A,NOT DISTRACTED,MD,SCHOOL BUS,SLOWING OR STOPPING,30,No,2023,THOMAS,CONV-EV-310TS,39.06088213,-77.0449089,2023,9,8
230053574,Property Damage Crash,09/07/2023 08:13:00 AM,VEIRS MILL RD,NA,SAME DIRECTION SIDESWIPE,Clear,DRY,Daylight,NO CONTROLS,NONE DETECTED,No,No Apparent Injury,N/A,NOT DISTRACTED,MD,(SPORT) UTILITY VEHICLE,MOVING CONSTANT SPEED,40,No,2021,ACUR,UT,39.07686743,-77.12256388,2023,9,8
230053574,Property Damage Crash,09/07/2023 08:13:00 AM,VEIRS MILL RD,NA,SAME DIRECTION SIDESWIPE,Clear,DRY,Daylight,NO CONTROLS,NONE DETECTED,Yes,No Apparent Injury,N/A,NOT DISTRACTED,MD,(SPORT) UTILITY VEHICLE,CHANGING LANES,40,No,2008,HOND,TK,39.07686743,-77.12256388,2023,9,8
230053574,Property Damage Crash,09/07/2023 08:13:00 AM,VEIRS MILL RD,NA,SAME DIRECTION SIDESWIPE,Clear,DRY,Daylight,NO CONTROLS,NONE DETECTED,No,No Apparent Injury,N/A,NOT DISTRACTED,MD,VAN,MOVING CONSTANT SPEED,40,No,2014,HONDA,VA,39.07686743,-77.12256388,2023,9,8
23001746,Property Damage Crash,09/07/2023 07:40:00 AM,DALEWOOD DR,NA,OTHER,Clear,DRY,Daylight,NO CONTROLS,NONE DETECTED,No,No Apparent Injury,N/A,NOT DISTRACTED,MD,PASSENGER CAR,MOVING CONSTANT SPEED,15,No,2016,ACUR,SW,39.06000317,-77.06888985,2023,9,7
23001746,Property Damage Crash,09/07/2023 07:40:00 AM,DALEWOOD DR,NA,OTHER,Clear,DRY,Daylight,NO CONTROLS,NONE DETECTED,Unknown,No Apparent Injury,N/A,NOT DISTRACTED,MD,SCHOOL BUS,MOVING CONSTANT SPEED,15,No,2014,THOM,BU,39.06000317,-77.06888985,2023,9,7
230053711,Property Damage Crash,09/07/2023 06:27:00 AM,NA,NA,STRAIGHT MOVEMENT ANGLE,Clear,NA,Medium,NO CONTROLS,NONE DETECTED,Yes,No Apparent Injury,N/A,UNKNOWN,NA,PASSENGER CAR,UNKNOWN,15,No,2011,AUDI,A8,38.97747592,-77.09368873,2023,9,6
230053560,Property Damage Crash,09/07/2023 05:15:00 AM,RIDGE RD,NA,SAME DIR REAR END,Clear,DRY,Medium,NO CONTROLS,NONE DETECTED,Yes,No Apparent Injury,N/A,OTHER DISTRACTION,MD,PICKUP TRUCK,CHANGING LANES,30,No,2011,TOYOTA,TUNDRA,39.28606667,-77.20897,2023,9,5
230053554,Injury Crash,09/07/2023 12:20:00 AM,RIVER RD,NA,SINGLE VEHICLE,Clear,DRY,Medium,NO CONTROLS,NONE DETECTED,Yes,Possible Minor Injury,N/A,NOT DISTRACTED,MD,PASSENGER CAR,MOVING CONSTANT SPEED,35,No,2003,ACURA,4S,38.98641783,-77.14405267,2023,9,0
230053528,Injury Crash,09/06/2023 08:06:00 PM,SNOUFFERS SCHOOL RD,NA,HEAD ON LEFT TURN,Clear,DRY,Medium,TRAFFIC SIGNAL,NONE DETECTED,No,Possible Minor Injury,N/A,NOT DISTRACTED,MD,PASSENGER CAR,MOVING CONSTANT SPEED,45,No,2012,ACURA,MDX,39.183135,-77.18261167,2023,9,20
230053528,Injury Crash,09/06/2023 08:06:00 PM,SNOUFFERS SCHOOL RD,NA,HEAD ON LEFT TURN,Clear,DRY,Medium,TRAFFIC SIGNAL,NONE DETECTED,Yes,No Apparent Injury,N/A,LOOKED BUT DID NOT SEE,MD,PASSENGER CAR,MAKING LEFT TURN,45,No,2008,HONDA,CRV,39.183135,-77.18261167,2023,9,20
230053526,Injury Crash,09/06/2023 08:00:00 PM,GLENALLAN AVE,PEDESTRIAN,SINGLE VEHICLE,Clear,DRY,Medium,TRAFFIC SIGNAL,NONE DETECTED,No,No Apparent Injury,N/A,LOOKED BUT DID NOT SEE,XX,PASSENGER CAR,MAKING RIGHT TURN,30,No,2011,NISSAN,SENTRA,39.06360167,-77.054115,2023,9,20
230053527,Property Damage Crash,09/06/2023 07:50:00 PM,KINGWOOD DR,NA,OTHER,Clear,N/A,Medium,TRAFFIC SIGNAL,NONE DETECTED,Yes,No Apparent Injury,N/A,UNKNOWN,NA,PASSENGER CAR,ACCELERATING,20,No,2016,HONDA,ACCORD,38.9846,-76.99079,2023,9,19
230053502,Property Damage Crash,09/06/2023 05:54:00 PM,NA,NA,SAME DIRECTION SIDESWIPE,Clear,NA,Daylight,NO CONTROLS,NONE DETECTED,Yes,No Apparent Injury,N/A,NOT DISTRACTED,NA,NA,MOVING CONSTANT SPEED,15,No,0,UNKNOWN,UNKNOWN,39.12101401,-77.16196116,2023,9,17
230053502,Property Damage Crash,09/06/2023 05:54:00 PM,NA,NA,SAME DIRECTION SIDESWIPE,Clear,NA,Daylight,NO CONTROLS,NONE DETECTED,No,No Apparent Injury,N/A,NOT DISTRACTED,MD,TRANSIT BUS,STARTING FROM PARKED,15,No,2016,GILLIG,BUS,39.12101401,-77.16196116,2023,9,17
230053523,Property Damage Crash,09/06/2023 05:45:00 PM,CLOPPER RD,NA,STRAIGHT MOVEMENT ANGLE,Clear,DRY,Medium,TRAFFIC SIGNAL,NONE DETECTED,Yes,No Apparent Injury,N/A,NO DRIVER PRESENT,NA,NA,UNKNOWN,30,Unknown,0,UNKNOWN,UNKNOWN,39.14351112,-77.22402942,2023,9,17
230053523,Property Damage Crash,09/06/2023 05:45:00 PM,CLOPPER RD,NA,STRAIGHT MOVEMENT ANGLE,Clear,DRY,Medium,TRAFFIC SIGNAL,NONE DETECTED,No,No Apparent Injury,N/A,NOT DISTRACTED,MD,PASSENGER CAR,MOVING CONSTANT SPEED,35,No,2019,HONDA,ACCORD,39.14351112,-77.22402942,2023,9,17
230053497,Property Damage Crash,09/06/2023 05:30:00 PM,VEIRS MILL RD,NA,SAME DIR REAR END,Clear,DRY,Daylight,NO CONTROLS,NONE DETECTED,No,No Apparent Injury,N/A,NOT DISTRACTED,MD,PASSENGER CAR,MOVING CONSTANT SPEED,45,No,2014,JEEP,CHEROKEE LIMITED,39.07083833,-77.10774833,2023,9,17
230053497,Property Damage Crash,09/06/2023 05:30:00 PM,VEIRS MILL RD,NA,SAME DIR REAR END,Clear,DRY,Daylight,NO CONTROLS,NONE DETECTED,No,No Apparent Injury,N/A,NOT DISTRACTED,XX,PASSENGER CAR,SLOWING OR STOPPING,45,No,2023,UNKNOWN,UNKNOWN,39.07083833,-77.10774833,2023,9,17
230053497,Property Damage Crash,09/06/2023 05:30:00 PM,VEIRS MILL RD,NA,SAME DIR REAR END,Clear,DRY,Daylight,NO CONTROLS,NONE DETECTED,Yes,No Apparent Injury,N/A,UNKNOWN,MD,PASSENGER CAR,MOVING CONSTANT SPEED,45,No,2011,HONDA,PILOT,39.07083833,-77.10774833,2023,9,17
230053487,Property Damage Crash,09/06/2023 04:51:00 PM,COLUMBIA PIKE,NA,ANGLE MEETS LEFT TURN,Clear,DRY,Daylight,TRAFFIC SIGNAL,NONE DETECTED,Unknown,No Apparent Injury,N/A,NOT DISTRACTED,MD,PASSENGER CAR,MOVING CONSTANT SPEED,50,No,2018,HONDA,ODYSSEY,39.04627,-76.98684167,2023,9,16
230053487,Property Damage Crash,09/06/2023 04:51:00 PM,COLUMBIA PIKE,NA,ANGLE MEETS LEFT TURN,Clear,DRY,Daylight,TRAFFIC SIGNAL,NONE DETECTED,Unknown,No Apparent Injury,N/A,NOT DISTRACTED,MD,PASSENGER CAR,MAKING LEFT TURN,50,No,2014,HYUNDAI,SONATA,39.04627,-76.98684167,2023,9,16
230053490,Property Damage Crash,09/06/2023 04:50:00 PM,GEORGIA AVE,NA,OTHER,Clear,DRY,Daylight,NO CONTROLS,NONE DETECTED,No,No Apparent Injury,N/A,NOT DISTRACTED,MD,"OTHER LIGHT TRUCKS (10,000LBS (4,536KG) OR LESS)",MOVING CONSTANT SPEED,35,No,2019,DODGE,RAM 5500,39.01204577,-77.04140217,2023,9,16
230053490,Property Damage Crash,09/06/2023 04:50:00 PM,GEORGIA AVE,NA,OTHER,Clear,DRY,Daylight,NO CONTROLS,NONE DETECTED,No,No Apparent Injury,N/A,NOT DISTRACTED,MD,(SPORT) UTILITY VEHICLE,MOVING CONSTANT SPEED,35,No,2017,SUBARU,FORESTER,39.01204577,-77.04140217,2023,9,16
230053490,Property Damage Crash,09/06/2023 04:50:00 PM,GEORGIA AVE,NA,OTHER,Clear,DRY,Daylight,NO CONTROLS,NONE DETECTED,Yes,No Apparent Injury,N/A,UNKNOWN,MD,PASSENGER CAR,CHANGING LANES,35,No,1999,TOYOTA,COROLLA,39.01204577,-77.04140217,2023,9,16
230053485,Property Damage Crash,09/06/2023 04:40:00 PM,UNIVERSITY BLVD W,NA,SAME DIR REAR END,Clear,DRY,Daylight,NO CONTROLS,NONE DETECTED,Unknown,No Apparent Injury,N/A,LOOKED BUT DID NOT SEE,MD,PASSENGER CAR,SLOWING OR STOPPING,35,No,2015,SUBARU,OUTBACK,39.039225,-77.056598,2023,9,16
230053485,Property Damage Crash,09/06/2023 04:40:00 PM,UNIVERSITY BLVD W,NA,SAME DIR REAR END,Clear,DRY,Daylight,NO CONTROLS,NONE DETECTED,Unknown,No Apparent Injury,N/A,NOT DISTRACTED,XX,PASSENGER CAR,SLOWING OR STOPPING,35,No,2008,CHRYSLER,SEBRING,39.039225,-77.056598,2023,9,16
230053482,Property Damage Crash,09/06/2023 04:35:00 PM,GROSVENOR LA,NA,SAME DIR REAR END,Clear,DRY,Daylight,TRAFFIC SIGNAL,NONE DETECTED,Yes,No Apparent Injury,N/A,LOOKED BUT DID NOT SEE,MD,PASSENGER CAR,SLOWING OR STOPPING,35,No,2004,TOYT,4DR,39.02249917,-77.10368883,2023,9,16
230053482,Property Damage Crash,09/06/2023 04:35:00 PM,GROSVENOR LA,NA,SAME DIR REAR END,Clear,DRY,Daylight,TRAFFIC SIGNAL,NONE DETECTED,No,No Apparent Injury,N/A,NOT DISTRACTED,MD,PASSENGER CAR,SLOWING OR STOPPING,35,No,2015,FORD,SUV,39.02249917,-77.10368883,2023,9,16
230053472,Property Damage Crash,09/06/2023 04:30:00 PM,PINEY BRANCH RD,NA,OTHER,Clear,DRY,Daylight,NO CONTROLS,NONE DETECTED,No,No Apparent Injury,N/A,NOT DISTRACTED,MD,TRANSIT BUS,SLOWING OR STOPPING,35,No,2014,GILL,BUS,38.99934612,-76.99669751,2023,9,16
230053477,Property Damage Crash,09/06/2023 04:30:00 PM,QUEENAIR DR,NA,SINGLE VEHICLE,Clear,DRY,Daylight,NO CONTROLS,NONE DETECTED,Yes,No Apparent Injury,N/A,NOT DISTRACTED,MD,SCHOOL BUS,BACKING,15,No,2018,THMS,BU,39.169816,-77.1616985,2023,9,16
230053472,Property Damage Crash,09/06/2023 04:30:00 PM,PINEY BRANCH RD,NA,OTHER,Clear,DRY,Daylight,NO CONTROLS,NONE DETECTED,Yes,No Apparent Injury,N/A,UNKNOWN,NA,NA,MOVING CONSTANT SPEED,35,No,0,UNKNOWN,UNKNOWN,38.99934612,-76.99669751,2023,9,16
230053465,Property Damage Crash,09/06/2023 04:03:00 PM,GEORGIA AVE,NA,SAME DIRECTION SIDESWIPE,Clear,DRY,Daylight,TRAFFIC SIGNAL,NONE DETECTED,No,No Apparent Injury,N/A,NOT DISTRACTED,MD,PASSENGER CAR,SLOWING OR STOPPING,25,No,2014,ACUR,RDX,39.0494607,-77.05232086,2023,9,16
230053465,Property Damage Crash,09/06/2023 04:03:00 PM,GEORGIA AVE,NA,SAME DIRECTION SIDESWIPE,Clear,DRY,Daylight,TRAFFIC SIGNAL,NONE DETECTED,Yes,No Apparent Injury,N/A,UNKNOWN,DC,PASSENGER CAR,CHANGING LANES,25,No,2012,HONDA,CRV,39.0494607,-77.05232086,2023,9,16
230053464,Injury Crash,09/06/2023 03:55:00 PM,WHITES FERRY RD,NA,STRAIGHT MOVEMENT ANGLE,Clear,DRY,Daylight,STOP SIGN,NONE DETECTED,No,Possible Minor Injury,N/A,NOT DISTRACTED,MD,PASSENGER CAR,MOVING CONSTANT SPEED,30,No,2008,VOLK,JETTA,39.12805833,-77.346915,2023,9,15
230053464,Injury Crash,09/06/2023 03:55:00 PM,WHITES FERRY RD,NA,STRAIGHT MOVEMENT ANGLE,Clear,DRY,Daylight,STOP SIGN,NONE DETECTED,Yes,No Apparent Injury,N/A,NOT DISTRACTED,MD,PASSENGER CAR,STARTING FROM LANE,30,No,2019,HOND,CRV,39.12805833,-77.346915,2023,9,15
230053463,Property Damage Crash,09/06/2023 03:52:00 PM,BRIGGS CHANEY RD,NA,STRAIGHT MOVEMENT ANGLE,Clear,DRY,Daylight,N/A,NONE DETECTED,Yes,No Apparent Injury,N/A,NOT DISTRACTED,MD,PASSENGER CAR,MAKING LEFT TURN,35,No,2013,FORD,TK,39.070686,-76.93774567,2023,9,15
230053463,Property Damage Crash,09/06/2023 03:52:00 PM,BRIGGS CHANEY RD,NA,STRAIGHT MOVEMENT ANGLE,Clear,DRY,Daylight,N/A,NONE DETECTED,No,No Apparent Injury,N/A,NOT DISTRACTED,MD,PASSENGER CAR,MOVING CONSTANT SPEED,35,No,2005,TOYT,4S,39.070686,-76.93774567,2023,9,15
230053442,Property Damage Crash,09/06/2023 01:39:00 PM,NA,NA,OPPOSITE DIRECTION SIDESWIPE,Clear,NA,Daylight,NO CONTROLS,NONE DETECTED,Yes,No Apparent Injury,N/A,NOT DISTRACTED,MD,PASSENGER CAR,PARKING,15,No,2015,CHEVROLET,MALIBU,39.17078617,-77.18707417,2023,9,13
230053439,Injury Crash,09/06/2023 01:36:00 PM,GEORGIA AVE,NA,STRAIGHT MOVEMENT ANGLE,Clear,DRY,Daylight,TRAFFIC SIGNAL,NONE DETECTED,Yes,No Apparent Injury,N/A,NOT DISTRACTED,MD,POLICE VEHICLE/EMERGENCY,ACCELERATING,45,No,2013,FORD,EXPLORER,39.08396033,-77.07777,2023,9,13
230053439,Injury Crash,09/06/2023 01:36:00 PM,GEORGIA AVE,NA,STRAIGHT MOVEMENT ANGLE,Clear,DRY,Daylight,TRAFFIC SIGNAL,NONE DETECTED,No,Possible Minor Injury,N/A,LOOKED BUT DID NOT SEE,MD,PASSENGER CAR,ACCELERATING,45,No,2004,HONDA,ACCORD,39.08396033,-77.07777,2023,9,13
230053434,Injury Crash,09/06/2023 01:14:00 PM,FREDERICK RD,NA,SAME DIR REAR END,Clear,DRY,Daylight,NO CONTROLS,NONE DETECTED,No,Possible Minor Injury,N/A,NOT DISTRACTED,MD,POLICE VEHICLE/EMERGENCY,STOPPED IN TRAFFIC LANE,40,No,2010,HONDA,CIVIC,39.22227267,-77.25991567,2023,9,13
230053434,Injury Crash,09/06/2023 01:14:00 PM,FREDERICK RD,NA,SAME DIR REAR END,Clear,DRY,Daylight,NO CONTROLS,NONE DETECTED,Yes,No Apparent Injury,N/A,NOT DISTRACTED,MD,"MEDIUM/HEAVY TRUCKS 3 AXLES (OVER 10,000LBS (4,536KG))",MOVING CONSTANT SPEED,40,No,2005,MACK,DUMP TRUCK,39.22227267,-77.25991567,2023,9,13
230053422,Property Damage Crash,09/06/2023 12:02:00 PM,GREAT SENECA HWY,NA,HEAD ON LEFT TURN,Clear,DRY,Daylight,TRAFFIC SIGNAL,NONE DETECTED,No,No Apparent Injury,N/A,NOT DISTRACTED,MD,PASSENGER CAR,MAKING LEFT TURN,35,No,2006,HOND,ODY,39.148584,-77.27678483,2023,9,12
230053422,Property Damage Crash,09/06/2023 12:02:00 PM,GREAT SENECA HWY,NA,HEAD ON LEFT TURN,Clear,DRY,Daylight,TRAFFIC SIGNAL,NONE DETECTED,Yes,No Apparent Injury,N/A,UNKNOWN,DC,PASSENGER CAR,MOVING CONSTANT SPEED,35,No,2014,GMC,ACADIA,39.148584,-77.27678483,2023,9,12
230053424,Property Damage Crash,09/06/2023 11:48:00 AM,WILLARD AVE,NA,SAME DIRECTION SIDESWIPE,Clear,DRY,Daylight,NO CONTROLS,NONE DETECTED,No,No Apparent Injury,N/A,NOT DISTRACTED,MD,TRANSIT BUS,STOPPED IN TRAFFIC LANE,25,No,2020,GILG,BU,38.96238333,-77.09184833,2023,9,11
230053424,Property Damage Crash,09/06/2023 11:48:00 AM,WILLARD AVE,NA,SAME DIRECTION SIDESWIPE,Clear,DRY,Daylight,NO CONTROLS,NONE DETECTED,Yes,No Apparent Injury,N/A,NOT DISTRACTED,CT,PASSENGER CAR,MOVING CONSTANT SPEED,25,No,2022,RAM,PROMASTER,38.96238333,-77.09184833,2023,9,11
230053408,Injury Crash,09/06/2023 10:34:00 AM,S FREDERICK RD,NA,SAME DIR REAR END,Clear,DRY,Daylight,NO CONTROLS,NONE DETECTED,No,Possible Minor Injury,N/A,LOOKED BUT DID NOT SEE,MD,PASSENGER CAR,MOVING CONSTANT SPEED,40,No,2012,CHRY,4S,39.13013701,-77.18722723,2023,9,10
230053408,Injury Crash,09/06/2023 10:34:00 AM,S FREDERICK RD,NA,SAME DIR REAR END,Clear,DRY,Daylight,NO CONTROLS,NONE DETECTED,Yes,No Apparent Injury,N/A,LOOKED BUT DID NOT SEE,MD,PASSENGER CAR,MAKING U TURN,40,No,2017,CHEV,SD,39.13013701,-77.18722723,2023,9,10
230053405,Property Damage Crash,09/06/2023 10:15:00 AM,UNIVERSITY BLVD W,NA,SINGLE VEHICLE,Clear,DRY,Daylight,FLASHING TRAFFIC SIGNAL,NONE DETECTED,Yes,No Apparent Injury,N/A,NOT DISTRACTED,MD,PASSENGER CAR,MOVING CONSTANT SPEED,35,No,2014,TOYOTA,SIENNA LE,39.03962117,-77.0427825,2023,9,10
230053391,Injury Crash,09/06/2023 08:34:00 AM,BUDD RD,BICYCLIST,STRAIGHT MOVEMENT ANGLE,Clear,DRY,Daylight,STOP SIGN,NONE DETECTED,Yes,No Apparent Injury,N/A,LOOKED BUT DID NOT SEE,MD,(SPORT) UTILITY VEHICLE,STARTING FROM LANE,25,No,2019,SUBA,CROSSTREK,39.13417333,-77.40259833,2023,9,8
230053388,Injury Crash,09/06/2023 07:53:00 AM,RIVER RD,NA,SAME DIR REAR END,Clear,DRY,Daylight,NO CONTROLS,NONE DETECTED,Yes,Suspected Serious Injury,N/A,UNKNOWN,DC,PASSENGER CAR,MOVING CONSTANT SPEED,35,No,2021,TOYOTA,COROLLA,38.97034333,-77.11407667,2023,9,7
230053388,Injury Crash,09/06/2023 07:53:00 AM,RIVER RD,NA,SAME DIR REAR END,Clear,DRY,Daylight,NO CONTROLS,NONE DETECTED,No,No Apparent Injury,N/A,NOT DISTRACTED,MD,PASSENGER CAR,MOVING CONSTANT SPEED,35,No,2014,GMC,ACADIA,38.97034333,-77.11407667,2023,9,7
230053388,Injury Crash,09/06/2023 07:53:00 AM,RIVER RD,NA,SAME DIR REAR END,Clear,DRY,Daylight,NO CONTROLS,NONE DETECTED,No,Possible Minor Injury,N/A,NOT DISTRACTED,MD,SCHOOL BUS,MOVING CONSTANT SPEED,35,No,2014,THOM,BUS,38.97034333,-77.11407667,2023,9,7