Local Case Number,ACRS Report Type,Crash Date/Time,Road Name,Related Non-Motorist,Collision Type,Weather,Surface Condition,Light,Traffic Control,Driver Substance Abuse,Driver At Fault,Injury Severity,Circumstance,Driver Distracted By,Drivers License State,Vehicle Body Type,Vehicle Movement,Speed Limit,Driverless Vehicle,Vehicle Year,Vehicle Make,Vehicle Model,Latitude,Longitude,Year,Month,Hour
230053386,Property Damage Crash,09/06/2023 07:50:00 AM,CLARKSBURG RD,NA,SAME DIR REAR END,Clear,DRY,Daylight,TRAFFIC SIGNAL,NONE DETECTED,Yes,No Apparent Injury,N/A,NOT DISTRACTED,MD,PASSENGER CAR,MOVING CONSTANT SPEED,30,No,2008,BMW,4S,39.18050167,-77.26606833,2023,9,7
230053386,Property Damage Crash,09/06/2023 07:50:00 AM,CLARKSBURG RD,NA,SAME DIR REAR END,Clear,DRY,Daylight,TRAFFIC SIGNAL,NONE DETECTED,No,No Apparent Injury,N/A,NOT DISTRACTED,MD,PASSENGER CAR,STOPPED IN TRAFFIC LANE,30,No,2020,INFI,4S,39.18050167,-77.26606833,2023,9,7
230053379,Injury Crash,09/06/2023 06:56:00 AM,GERMANTOWN RD,NA,STRAIGHT MOVEMENT ANGLE,Clear,DRY,Daylight,TRAFFIC SIGNAL,NONE DETECTED,Yes,No Apparent Injury,N/A,UNKNOWN,MD,PICKUP TRUCK,MOVING CONSTANT SPEED,45,No,2008,FORD,TRUCK,39.154315,-77.287195,2023,9,6
230053379,Injury Crash,09/06/2023 06:56:00 AM,GERMANTOWN RD,NA,STRAIGHT MOVEMENT ANGLE,Clear,DRY,Daylight,TRAFFIC SIGNAL,NONE DETECTED,No,Possible Minor Injury,N/A,NOT DISTRACTED,MD,PASSENGER CAR,MOVING CONSTANT SPEED,45,No,2008,INFINITI,G38,39.154315,-77.287195,2023,9,6
230053377,Property Damage Crash,09/06/2023 06:30:00 AM,EAST WEST HWY,NA,SINGLE VEHICLE,Clear,DRY,Medium,NO CONTROLS,NONE DETECTED,Yes,No Apparent Injury,N/A,UNKNOWN,MD,POLICE VEHICLE/NON EMERGENCY,MOVING CONSTANT SPEED,35,No,2013,DODGE,CHARGER,38.99590408,-77.0396876,2023,9,6
230053371,Property Damage Crash,09/06/2023 02:14:00 AM,ARROWHEAD RD,NA,SINGLE VEHICLE,Clear,DRY,Medium,NO CONTROLS,NONE DETECTED,Yes,No Apparent Injury,N/A,UNKNOWN,NA,PASSENGER CAR,MOVING CONSTANT SPEED,25,No,2021,TOYOTA,SIENNA,39.18242917,-77.19269167,2023,9,2
230053367,Injury Crash,09/06/2023 12:30:00 AM,WARFIELD RD,NA,SINGLE VEHICLE,Clear,DRY,Dark,NO CONTROLS,NONE DETECTED,Yes,Possible Minor Injury,N/A,NOT DISTRACTED,MD,PASSENGER CAR,MOVING CONSTANT SPEED,35,No,1999,MAZDA,2S,39.190605,-77.17458167,2023,9,0
230053360,Property Damage Crash,09/05/2023 10:36:00 PM,FREDERICK RD,NA,SAME DIR REAR END,Clear,DRY,Medium,TRAFFIC SIGNAL,NONE DETECTED,No,No Apparent Injury,N/A,NOT DISTRACTED,MD,PASSENGER CAR,STOPPED IN TRAFFIC LANE,30,No,2018,TOYT,UT,39.144188,-77.20201233,2023,9,22
230053360,Property Damage Crash,09/05/2023 10:36:00 PM,FREDERICK RD,NA,SAME DIR REAR END,Clear,DRY,Medium,TRAFFIC SIGNAL,ALCOHOL PRESENT,Yes,No Apparent Injury,N/A,UNKNOWN,MD,PASSENGER CAR,MOVING CONSTANT SPEED,30,No,2011,NISSAN,ALTIMA,39.144188,-77.20201233,2023,9,22
230053355,Fatal Crash,09/05/2023 09:24:00 PM,NEW HAMPSHIRE AVE,PEDESTRIAN,SINGLE VEHICLE,Clear,DRY,Dark,NO CONTROLS,NONE DETECTED,No,No Apparent Injury,N/A,UNKNOWN,MD,PASSENGER CAR,UNKNOWN,45,No,2012,TOYOTA,PRIUS,39.0932821,-77.00101758,2023,9,21
230053349,Injury Crash,09/05/2023 08:35:00 PM,ASPEN HILL RD,BICYCLIST,SINGLE VEHICLE,Clear,DRY,Medium,STOP SIGN,NONE DETECTED,Yes,No Apparent Injury,N/A,LOOKED BUT DID NOT SEE,VA,PASSENGER CAR,MAKING RIGHT TURN,30,No,2017,VOLKSWAGON,TIGUAN,39.08065167,-77.077415,2023,9,20
230053339,Injury Crash,09/05/2023 07:11:00 PM,GERMANTOWN RD,NA,OTHER,Clear,DRY,Medium,TRAFFIC SIGNAL,NONE DETECTED,Yes,Possible Minor Injury,N/A,OTHER DISTRACTION,MD,PASSENGER CAR,MOVING CONSTANT SPEED,40,No,2005,TOYT,CN,39.16733367,-77.280694,2023,9,19
230053339,Injury Crash,09/05/2023 07:11:00 PM,GERMANTOWN RD,NA,OTHER,Clear,DRY,Medium,TRAFFIC SIGNAL,NONE DETECTED,No,No Apparent Injury,N/A,NOT DISTRACTED,MD,PASSENGER CAR,STOPPED IN TRAFFIC LANE,40,No,2014,CHEV,4S,39.16733367,-77.280694,2023,9,19
230053339,Injury Crash,09/05/2023 07:11:00 PM,GERMANTOWN RD,NA,OTHER,Clear,DRY,Medium,TRAFFIC SIGNAL,NONE DETECTED,No,No Apparent Injury,N/A,NOT DISTRACTED,MD,PASSENGER CAR,STOPPED IN TRAFFIC LANE,40,No,2010,HYUN,UT,39.16733367,-77.280694,2023,9,19
230053334,Injury Crash,09/05/2023 06:35:00 PM,WOODFIELD RD,BICYCLIST,STRAIGHT MOVEMENT ANGLE,Clear,DRY,Daylight,N/A,NONE DETECTED,Yes,No Apparent Injury,N/A,LOOKED BUT DID NOT SEE,MD,PASSENGER CAR,MAKING U TURN,45,No,2023,TOYOTA,TACOMA,39.16155167,-77.15925167,2023,9,18
230053356,Injury Crash,09/05/2023 06:00:00 PM,NA,OTHER CONVEYANCE,STRAIGHT MOVEMENT ANGLE,Clear,NA,Daylight,NO CONTROLS,NONE DETECTED,Yes,No Apparent Injury,N/A,UNKNOWN,NA,PASSENGER CAR,ENTERING TRAFFIC LANE,10,No,0,HONDA,ACCORD,39.05855949,-77.12512477,2023,9,18
230053326,Property Damage Crash,09/05/2023 06:00:00 PM,NEW HAMPSHIRE AVE,NA,SAME DIR REAR END,Clear,DRY,Daylight,TRAFFIC SIGNAL,NONE DETECTED,No,No Apparent Injury,N/A,NOT DISTRACTED,MD,SCHOOL BUS,STOPPED IN TRAFFIC LANE,35,No,2017,THOMAS,BUS,39.07663,-77.00181,2023,9,18
230053326,Property Damage Crash,09/05/2023 06:00:00 PM,NEW HAMPSHIRE AVE,NA,SAME DIR REAR END,Clear,DRY,Daylight,TRAFFIC SIGNAL,NONE DETECTED,Yes,No Apparent Injury,N/A,UNKNOWN,NA,NA,CHANGING LANES,35,No,0,UNKNOWN,UNKNOWN,39.07663,-77.00181,2023,9,18
230053327,Injury Crash,09/05/2023 05:46:00 PM,JERUSALEM RD,PEDESTRIAN,SAME DIR REAR END,Clear,DRY,Daylight,NO CONTROLS,NONE DETECTED,Yes,No Apparent Injury,N/A,INATTENTIVE OR LOST IN THOUGHT,MD,PASSENGER CAR,MOVING CONSTANT SPEED,35,No,2015,HOND,CR-V,39.15483883,-77.41318383,2023,9,17
230053319,Property Damage Crash,09/05/2023 05:39:00 PM,SLIGO AVE,NA,STRAIGHT MOVEMENT ANGLE,Clear,DRY,Daylight,STOP SIGN,NONE DETECTED,Yes,No Apparent Injury,N/A,NOT DISTRACTED,MD,PASSENGER CAR,STARTING FROM LANE,20,No,2007,HONDA,FIT,38.99144333,-77.01157333,2023,9,17
230053319,Property Damage Crash,09/05/2023 05:39:00 PM,SLIGO AVE,NA,STRAIGHT MOVEMENT ANGLE,Clear,DRY,Daylight,STOP SIGN,NONE DETECTED,No,No Apparent Injury,N/A,NOT DISTRACTED,MD,(SPORT) UTILITY VEHICLE,MOVING CONSTANT SPEED,20,No,2021,HYUNDAI,UT,38.99144333,-77.01157333,2023,9,17
230053317,Property Damage Crash,09/05/2023 05:23:00 PM,RANDOLPH RD,NA,SAME DIR REAR END,Clear,DRY,Daylight,NO CONTROLS,NONE DETECTED,Yes,No Apparent Injury,N/A,LOOKED BUT DID NOT SEE,MD,PASSENGER CAR,SLOWING OR STOPPING,40,No,2016,CHEV,4S,39.0611265,-77.0439295,2023,9,17
230053317,Property Damage Crash,09/05/2023 05:23:00 PM,RANDOLPH RD,NA,SAME DIR REAR END,Clear,DRY,Daylight,NO CONTROLS,NONE DETECTED,No,No Apparent Injury,N/A,NOT DISTRACTED,FL,(SPORT) UTILITY VEHICLE,STOPPED IN TRAFFIC LANE,40,No,2017,FORD,UT,39.0611265,-77.0439295,2023,9,17
23005336,Property Damage Crash,09/05/2023 05:06:00 PM,WIGHTMAN RD,NA,HEAD ON,Clear,DRY,Daylight,STOP SIGN,NONE DETECTED,Yes,No Apparent Injury,N/A,NOT DISTRACTED,MD,PASSENGER CAR,ACCELERATING,35,No,2024,HYUNDAI,ACCENT,39.2009905,-77.20381017,2023,9,17
23005336,Property Damage Crash,09/05/2023 05:06:00 PM,WIGHTMAN RD,NA,HEAD ON,Clear,DRY,Daylight,STOP SIGN,NONE DETECTED,No,No Apparent Injury,N/A,NOT DISTRACTED,MD,PICKUP TRUCK,SLOWING OR STOPPING,35,No,2017,FORD,F150,39.2009905,-77.20381017,2023,9,17
230053124,Property Damage Crash,09/05/2023 04:10:00 PM,ENTRANCE TO WHEATON PLAZA,NA,SAME DIR REAR END,Clear,DRY,Daylight,NO CONTROLS,NONE DETECTED,No,No Apparent Injury,N/A,NOT DISTRACTED,DC,PASSENGER CAR,STOPPED IN TRAFFIC LANE,30,No,2023,HYUNDAI,SANTA FE,39.03668893,-77.0514097,2023,9,16
230053124,Property Damage Crash,09/05/2023 04:10:00 PM,ENTRANCE TO WHEATON PLAZA,NA,SAME DIR REAR END,Clear,DRY,Daylight,NO CONTROLS,NONE DETECTED,Yes,No Apparent Injury,N/A,NOT DISTRACTED,MD,PASSENGER CAR,MOVING CONSTANT SPEED,30,No,2023,BMW,M850XI,39.03668893,-77.0514097,2023,9,16
230053302,Property Damage Crash,09/05/2023 04:04:00 PM,ELM AVE,NA,STRAIGHT MOVEMENT ANGLE,Clear,DRY,Daylight,STOP SIGN,NONE DETECTED,Yes,No Apparent Injury,N/A,UNKNOWN,NA,UNKNOWN,MOVING CONSTANT SPEED,25,No,0,UNKNOWN,UNKNOWN,38.9749345,-76.9988855,2023,9,16
230053302,Property Damage Crash,09/05/2023 04:04:00 PM,ELM AVE,NA,STRAIGHT MOVEMENT ANGLE,Clear,DRY,Daylight,STOP SIGN,NONE DETECTED,No,No Apparent Injury,N/A,NOT DISTRACTED,MD,(SPORT) UTILITY VEHICLE,ACCELERATING,25,No,2007,CHEV,TK,38.9749345,-76.9988855,2023,9,16
230053293,Injury Crash,09/05/2023 03:06:00 PM,FREDERICK RD,NA,SAME DIR REAR END,Clear,DRY,Daylight,NO CONTROLS,NONE DETECTED,No,Possible Minor Injury,N/A,NOT DISTRACTED,MD,PASSENGER CAR,STOPPED IN TRAFFIC LANE,40,No,2017,TOYTOTA,RAV4,39.27574417,-77.3118685,2023,9,15
230053293,Injury Crash,09/05/2023 03:06:00 PM,FREDERICK RD,NA,SAME DIR REAR END,Clear,DRY,Daylight,NO CONTROLS,NONE DETECTED,No,Possible Minor Injury,N/A,NOT DISTRACTED,MD,PICKUP TRUCK,STOPPED IN TRAFFIC LANE,40,No,2012,TOYOTA,TUNDRA,39.27574417,-77.3118685,2023,9,15
230053293,Injury Crash,09/05/2023 03:06:00 PM,FREDERICK RD,NA,SAME DIR REAR END,Clear,DRY,Daylight,NO CONTROLS,NONE DETECTED,Yes,Possible Minor Injury,N/A,UNKNOWN,MD,PASSENGER CAR,MOVING CONSTANT SPEED,40,No,2013,MERCEDES,4S,39.27574417,-77.3118685,2023,9,15
230053284,Property Damage Crash,09/05/2023 02:30:00 PM,NA,NA,OTHER,Clear,NA,Daylight,NO CONTROLS,NONE DETECTED,No,No Apparent Injury,N/A,NOT DISTRACTED,MD,PASSENGER CAR,PARKED,15,No,2022,CADI,ESCAL,39.01796167,-77.20845833,2023,9,14
230053284,Property Damage Crash,09/05/2023 02:30:00 PM,NA,NA,OTHER,Clear,NA,Daylight,NO CONTROLS,NONE DETECTED,Yes,No Apparent Injury,N/A,INATTENTIVE OR LOST IN THOUGHT,MD,PASSENGER CAR,STARTING FROM PARKED,15,No,2015,TOYOTA,PRIUS,39.01796167,-77.20845833,2023,9,14
230053273,Property Damage Crash,09/05/2023 01:28:00 PM,LORAIN AVE,NA,HEAD ON,Clear,DRY,Daylight,N/A,NONE DETECTED,Yes,No Apparent Injury,"N/A, V WIPERS|W OTHER ENVIRONMENTAL",OTHER DISTRACTION,MD,PASSENGER CAR,MOVING CONSTANT SPEED,25,No,2019,HOND,ODYSSEY,39.0193205,-77.01756933,2023,9,13
230053276,Property Damage Crash,09/05/2023 01:08:00 PM,FREDERICK RD,NA,SAME DIRECTION SIDESWIPE,Clear,DRY,Daylight,NO CONTROLS,NONE DETECTED,Yes,No Apparent Injury,N/A,NOT DISTRACTED,MD,PASSENGER CAR,MOVING CONSTANT SPEED,40,No,2012,HOND,CRV,39.16925167,-77.23437667,2023,9,13
230053276,Property Damage Crash,09/05/2023 01:08:00 PM,FREDERICK RD,NA,SAME DIRECTION SIDESWIPE,Clear,DRY,Daylight,NO CONTROLS,NONE DETECTED,No,No Apparent Injury,N/A,NOT DISTRACTED,MD,PASSENGER CAR,MOVING CONSTANT SPEED,40,No,2015,HONDA,SW,39.16925167,-77.23437667,2023,9,13
230053260,Property Damage Crash,09/05/2023 11:50:00 AM,FALLS ROAD,NA,SAME DIR REAR END,Clear,DRY,Daylight,TRAFFIC SIGNAL,NONE DETECTED,No,No Apparent Injury,N/A,UNKNOWN,MD,PASSENGER CAR,SLOWING OR STOPPING,25,No,2016,CHEVY,TAHOE,39.06993617,-77.1705716,2023,9,11
230053260,Property Damage Crash,09/05/2023 11:50:00 AM,FALLS ROAD,NA,SAME DIR REAR END,Clear,DRY,Daylight,TRAFFIC SIGNAL,NONE DETECTED,Yes,No Apparent Injury,N/A,UNKNOWN,MD,PASSENGER CAR,MOVING CONSTANT SPEED,25,No,2023,KIA,TELLURIDE,39.06993617,-77.1705716,2023,9,11
230053264,Property Damage Crash,09/05/2023 11:26:00 AM,NA,NA,SAME DIRECTION RIGHT TURN,Clear,NA,Daylight,N/A,NONE DETECTED,Yes,No Apparent Injury,N/A,UNKNOWN,NA,PASSENGER CAR,STARTING FROM PARKED,25,No,2012,GMC,ACADIA,39.07615833,-77.08083617,2023,9,11
230053233,Property Damage Crash,09/05/2023 10:04:00 AM,EISENHOWER MEMORIAL HWY,NA,SINGLE VEHICLE,Clear,DRY,Daylight,NO CONTROLS,NONE DETECTED,Yes,No Apparent Injury,N/A,INATTENTIVE OR LOST IN THOUGHT,MD,PASSENGER CAR,MOVING CONSTANT SPEED,55,No,2020,KIA,FORTE,39.09813833,-77.17851667,2023,9,10
230053225,Property Damage Crash,09/05/2023 09:46:00 AM,GEORGIA AVE,NA,SAME DIRECTION SIDESWIPE,Clear,DRY,Daylight,NO CONTROLS,NONE DETECTED,No,No Apparent Injury,N/A,NOT DISTRACTED,MD,(SPORT) UTILITY VEHICLE,MOVING CONSTANT SPEED,30,No,2022,CHEVORLET,SUBURBAN,38.98516383,-77.02663933,2023,9,9
230053225,Property Damage Crash,09/05/2023 09:46:00 AM,GEORGIA AVE,NA,SAME DIRECTION SIDESWIPE,Clear,DRY,Daylight,NO CONTROLS,NONE DETECTED,Yes,No Apparent Injury,N/A,NOT DISTRACTED,MD,PICKUP TRUCK,MOVING CONSTANT SPEED,30,No,2014,FORD,F150,38.98516383,-77.02663933,2023,9,9
230053217,Injury Crash,09/05/2023 09:00:00 AM,BLAIR MILL RD,PEDESTRIAN,OTHER,Clear,DRY,Daylight,STOP SIGN,NONE DETECTED,Yes,No Apparent Injury,N/A,LOOKED BUT DID NOT SEE,DC,PASSENGER CAR,MOVING CONSTANT SPEED,25,No,2019,TOYOTA,CARMY,38.98997584,-77.03333046,2023,9,9
230053206,Injury Crash,09/05/2023 08:07:00 AM,HUNGERFORD DR,NA,STRAIGHT MOVEMENT ANGLE,Clear,DRY,Daylight,TRAFFIC SIGNAL,NONE DETECTED,No,Possible Minor Injury,N/A,NOT DISTRACTED,MD,PASSENGER CAR,MAKING LEFT TURN,35,No,2022,CHEV,SD,39.10341886,-77.15607765,2023,9,8
230053206,Injury Crash,09/05/2023 08:07:00 AM,HUNGERFORD DR,NA,STRAIGHT MOVEMENT ANGLE,Clear,DRY,Daylight,TRAFFIC SIGNAL,NONE DETECTED,Yes,Suspected Serious Injury,N/A,NOT DISTRACTED,MD,MOTORCYCLE,MOVING CONSTANT SPEED,35,No,2001,BMW,MC,39.10341886,-77.15607765,2023,9,8
230053204,Injury Crash,09/05/2023 08:00:00 AM,LAYHILL RD,PEDESTRIAN,OTHER,Clear,DRY,Daylight,TRAFFIC SIGNAL,NONE DETECTED,Yes,No Apparent Injury,"N/A, VISION OBSTRUCTION (INCL. BLINDED BY SUN)",LOOKED BUT DID NOT SEE,MD,PASSENGER CAR,MAKING LEFT TURN,40,No,2019,SUBA,SD,39.09624017,-77.04426383,2023,9,8
230053209,Injury Crash,09/05/2023 07:49:00 AM,FREDERICK RD,PEDESTRIAN,SINGLE VEHICLE,Clear,DRY,Daylight,TRAFFIC SIGNAL,NONE DETECTED,No,No Apparent Injury,"N/A, VISION OBSTRUCTION (INCL. BLINDED BY SUN)",NOT DISTRACTED,MD,VAN,MAKING LEFT TURN,45,No,2012,CHRYSLER,TOWN&COUNTRY,39.22312425,-77.26056517,2023,9,7
230053205,Property Damage Crash,09/05/2023 07:08:00 AM,PARK VISTA DR,NA,OTHER,Clear,DRY,Dark,N/A,NONE DETECTED,Yes,No Apparent Injury,N/A,UNKNOWN,NA,PASSENGER CAR,PARKING,25,No,2003,HONDA,CRV,39.103395,-77.04762667,2023,9,7
230053183,Injury Crash,09/04/2023 11:22:00 PM,BROADVIEW RD,NA,OTHER,Clear,DRY,Medium,N/A,NONE DETECTED,No,No Apparent Injury,N/A,NOT DISTRACTED,MD,PICKUP TRUCK,STOPPED IN TRAFFIC LANE,25,No,2021,TOYOTA,TACOMA,39.04452423,-77.06163367,2023,9,23
230053183,Injury Crash,09/04/2023 11:22:00 PM,BROADVIEW RD,NA,OTHER,Clear,DRY,Medium,N/A,NONE DETECTED,Yes,Possible Minor Injury,N/A,UNKNOWN,DC,PASSENGER CAR,NEGOTIATING A CURVE,25,No,2015,NISSAN,SENTRA,39.04452423,-77.06163367,2023,9,23
230053187,Property Damage Crash,09/04/2023 11:15:00 PM,GEORGIA AVE,NA,SAME DIR REAR END,Clear,DRY,Medium,N/A,NONE DETECTED,Yes,No Apparent Injury,N/A,UNKNOWN,DC,PASSENGER CAR,UNKNOWN,35,No,2015,NISSAN,SENTRA,39.04160775,-77.05182751,2023,9,23
230053187,Property Damage Crash,09/04/2023 11:15:00 PM,GEORGIA AVE,NA,SAME DIR REAR END,Clear,DRY,Medium,N/A,NONE DETECTED,No,No Apparent Injury,N/A,NOT DISTRACTED,MD,PICKUP TRUCK,STOPPED IN TRAFFIC LANE,35,No,2021,TOYOTA,TACOMA,39.04160775,-77.05182751,2023,9,23
230053173,Property Damage Crash,09/04/2023 10:07:00 PM,NA,NA,SINGLE VEHICLE,Clear,NA,Medium,NO CONTROLS,NONE DETECTED,Yes,No Apparent Injury,N/A,NOT DISTRACTED,NJ,FIRE VEHICLE/NON EMERGENCY,BACKING,5,No,2019,PIRC,TK,38.99081027,-77.02681763,2023,9,22
230053188,Injury Crash,09/04/2023 09:00:00 PM,COLESVILLE RD,PEDESTRIAN,OTHER,Clear,DRY,Medium,TRAFFIC SIGNAL,NONE DETECTED,Yes,No Apparent Injury,N/A,LOOKED BUT DID NOT SEE,NA,NA,MAKING LEFT TURN,30,No,0,UNKNOWN,UNKNOWN,38.99358828,-77.03211329,2023,9,21
230053155,Injury Crash,09/04/2023 07:49:00 PM,COLESVILLE RD,NA,SAME DIR REAR END,Clear,DRY,Medium,NO CONTROLS,NONE DETECTED,Yes,Possible Minor Injury,N/A,NOT DISTRACTED,MD,PASSENGER CAR,MOVING CONSTANT SPEED,35,No,2012,HYUNDAI,VELOSTER,38.99804833,-77.026829,2023,9,19
230053155,Injury Crash,09/04/2023 07:49:00 PM,COLESVILLE RD,NA,SAME DIR REAR END,Clear,DRY,Medium,NO CONTROLS,NONE DETECTED,No,No Apparent Injury,N/A,NOT DISTRACTED,MD,TRANSIT BUS,STOPPED IN TRAFFIC LANE,35,No,2020,NOVA,BUS,38.99804833,-77.026829,2023,9,19
230053151,Property Damage Crash,09/04/2023 06:54:00 PM,RIDGE RD,NA,SINGLE VEHICLE,Clear,DRY,Daylight,NO CONTROLS,ALCOHOL PRESENT,Yes,No Apparent Injury,N/A,UNKNOWN,MD,PASSENGER CAR,MOVING CONSTANT SPEED,50,No,1999,VOLVO,V70,39.32378196,-77.19709779,2023,9,18
230053089,Injury Crash,09/04/2023 12:29:00 PM,CLOPPER RD,NA,HEAD ON LEFT TURN,Clear,DRY,Daylight,TRAFFIC SIGNAL,NONE DETECTED,Yes,Possible Minor Injury,N/A,LOOKED BUT DID NOT SEE,MD,PASSENGER CAR,MAKING LEFT TURN,35,No,2017,HOND,4S,39.1460235,-77.2284985,2023,9,12
230053089,Injury Crash,09/04/2023 12:29:00 PM,CLOPPER RD,NA,HEAD ON LEFT TURN,Clear,DRY,Daylight,TRAFFIC SIGNAL,NONE DETECTED,No,Possible Minor Injury,N/A,NOT DISTRACTED,MD,POLICE VEHICLE/EMERGENCY,MOVING CONSTANT SPEED,35,No,2013,NISS,SD,39.1460235,-77.2284985,2023,9,12
230061850,Property Damage Crash,09/04/2023 12:00:00 PM,CADDINGTON AVE,NA,SAME DIRECTION SIDESWIPE,Clear,DRY,Daylight,NO CONTROLS,NONE DETECTED,Yes,No Apparent Injury,N/A,OTHER DISTRACTION,MD,PASSENGER CAR,MOVING CONSTANT SPEED,25,No,2019,NISSAN,ROUGE,39.03637811,-77.01716532,2023,9,12
23001716,Property Damage Crash,09/04/2023 02:32:00 AM,NA,NA,SINGLE VEHICLE,Clear,NA,Medium,N/A,NONE DETECTED,No,No Apparent Injury,N/A,UNKNOWN,NA,PASSENGER CAR,N/A,0,No,2012,HYUNDAI,ELANTRA,39.05244165,-77.04406291,2023,9,2
230053037,Injury Crash,09/03/2023 11:56:00 PM,FATHER HURLEY BLVD,NA,SAME DIR REAR END,Clear,DRY,Medium,NO CONTROLS,NONE DETECTED,Yes,No Apparent Injury,N/A,UNKNOWN,MD,PASSENGER CAR,MOVING CONSTANT SPEED,35,No,2013,HYUN,SD,39.190525,-77.27298833,2023,9,23
230053037,Injury Crash,09/03/2023 11:56:00 PM,FATHER HURLEY BLVD,NA,SAME DIR REAR END,Clear,DRY,Medium,NO CONTROLS,NONE DETECTED,No,Possible Minor Injury,N/A,UNKNOWN,MD,PASSENGER CAR,MOVING CONSTANT SPEED,35,No,2009,TOYT,SD,39.190525,-77.27298833,2023,9,23
230053032,Property Damage Crash,09/03/2023 11:00:00 PM,ROCKVILLE PIKE,NA,OTHER,Clear,DRY,Medium,N/A,NONE DETECTED,Yes,No Apparent Injury,N/A,UNKNOWN,NA,(SPORT) UTILITY VEHICLE,BACKING,20,No,2016,JEEP,GRAND CHEROKEE,39.05486106,-77.11986908,2023,9,23
230053029,Property Damage Crash,09/03/2023 10:42:00 PM,ROCKVILLE PIKE,NA,ANGLE MEETS LEFT TURN,Clear,DRY,Medium,TRAFFIC SIGNAL,NONE DETECTED,Yes,No Apparent Injury,N/A,UNKNOWN,NA,(SPORT) UTILITY VEHICLE,MAKING U TURN,40,No,2016,JEEP,GRAND CHEROKEE,39.05133865,-77.11534991,2023,9,22
230053029,Property Damage Crash,09/03/2023 10:42:00 PM,ROCKVILLE PIKE,NA,ANGLE MEETS LEFT TURN,Clear,DRY,Medium,TRAFFIC SIGNAL,NONE DETECTED,No,No Apparent Injury,N/A,NOT DISTRACTED,MD,(SPORT) UTILITY VEHICLE,MOVING CONSTANT SPEED,40,No,2010,JEEP,WRANGLER,39.05133865,-77.11534991,2023,9,22
230053023,Property Damage Crash,09/03/2023 10:30:00 PM,NA,NA,OTHER,Clear,NA,Medium,NO CONTROLS,ALCOHOL PRESENT,Yes,No Apparent Injury,N/A,UNKNOWN,MD,PASSENGER CAR,BACKING,5,No,2017,FORD,TK,39.16275193,-77.22474812,2023,9,22
230053023,Property Damage Crash,09/03/2023 10:30:00 PM,NA,NA,OTHER,Clear,NA,Medium,NO CONTROLS,NONE DETECTED,No,No Apparent Injury,N/A,NOT DISTRACTED,MD,PASSENGER CAR,MOVING CONSTANT SPEED,5,No,2020,MITS,UT,39.16275193,-77.22474812,2023,9,22
230053024,Injury Crash,09/03/2023 10:20:00 PM,SUNDOWN RD,NA,SINGLE VEHICLE,Clear,DRY,Dark,NO CONTROLS,NONE DETECTED,Yes,Possible Minor Injury,N/A,NOT DISTRACTED,MD,VAN,MOVING CONSTANT SPEED,40,No,2016,NISSAN,NV200,39.219415,-77.09944833,2023,9,22
230053018,Property Damage Crash,09/03/2023 09:59:00 PM,CABIN BRANCH AVE,NA,SAME DIRECTION SIDESWIPE,Clear,DRY,Medium,NO CONTROLS,NONE DETECTED,Yes,No Apparent Injury,N/A,INATTENTIVE OR LOST IN THOUGHT,XX,PASSENGER CAR,MOVING CONSTANT SPEED,30,No,2017,CHRYSLER,PACIFICA,39.22205083,-77.28520469,2023,9,21
230053014,Property Damage Crash,09/03/2023 09:04:00 PM,NA,NA,OTHER,Clear,NA,Medium,N/A,ALCOHOL PRESENT,No,No Apparent Injury,N/A,NOT DISTRACTED,MD,PASSENGER CAR,PARKED,5,No,2019,TOYOTA,HIGHLANDER,39.14201178,-77.19842414,2023,9,21
230053014,Property Damage Crash,09/03/2023 09:04:00 PM,NA,NA,OTHER,Clear,NA,Medium,N/A,NONE DETECTED,Yes,No Apparent Injury,N/A,LOOKED BUT DID NOT SEE,MD,PASSENGER CAR,STARTING FROM PARKED,5,No,2014,SUBA,UT,39.14201178,-77.19842414,2023,9,21
230053017,Property Damage Crash,09/03/2023 09:03:00 PM,PARKER AVE,NA,HEAD ON,Clear,DRY,Medium,STOP SIGN,NONE DETECTED,Yes,No Apparent Injury,N/A,UNKNOWN,NA,UNKNOWN,MOVING CONSTANT SPEED,25,No,0,UNKNOWN,UNKNOWN,39.04619,-77.06399,2023,9,21
230053017,Property Damage Crash,09/03/2023 09:03:00 PM,PARKER AVE,NA,HEAD ON,Clear,DRY,Medium,STOP SIGN,NONE DETECTED,No,No Apparent Injury,N/A,NOT DISTRACTED,MD,PASSENGER CAR,STOPPED IN TRAFFIC LANE,25,No,2008,LEXS,TK,39.04619,-77.06399,2023,9,21
230053000,Injury Crash,09/03/2023 07:06:00 PM,WOOTTON PKWY,NA,SINGLE VEHICLE,Clear,DRY,Daylight,NO CONTROLS,NONE DETECTED,No,No Apparent Injury,N/A,LOOKED BUT DID NOT SEE,MD,PASSENGER CAR,MOVING CONSTANT SPEED,35,No,2007,FORD,TK,39.06945383,-77.144622,2023,9,19
230052998,Injury Crash,09/03/2023 06:50:00 PM,LOST KNIFE RD,NA,SAME DIRECTION SIDESWIPE,Clear,DRY,Medium,TRAFFIC SIGNAL,NONE DETECTED,Yes,No Apparent Injury,N/A,NOT DISTRACTED,MD,PASSENGER CAR,CHANGING LANES,35,No,2018,HOND,ACCORD,39.15493407,-77.20085166,2023,9,18
230052998,Injury Crash,09/03/2023 06:50:00 PM,LOST KNIFE RD,NA,SAME DIRECTION SIDESWIPE,Clear,DRY,Medium,TRAFFIC SIGNAL,NONE DETECTED,No,No Apparent Injury,N/A,NOT DISTRACTED,MD,PASSENGER CAR,MOVING CONSTANT SPEED,35,No,2017,GMC,YUKON,39.15493407,-77.20085166,2023,9,18
230052987,Property Damage Crash,09/03/2023 04:53:00 PM,NA,NA,OTHER,Clear,NA,Daylight,N/A,NONE DETECTED,Yes,No Apparent Injury,N/A,LOOKED BUT DID NOT SEE,MD,(SPORT) UTILITY VEHICLE,BACKING,5,No,2011,CHEVROLET,SUBURBAN,39.236752,-77.332464,2023,9,16
230051684,Property Damage Crash,09/03/2023 04:42:00 PM,SILVER SPRING AVE,PEDESTRIAN,OTHER,Clear,DRY,Daylight,NO CONTROLS,NONE DETECTED,Yes,No Apparent Injury,N/A,UNKNOWN,NA,PASSENGER CAR,STARTING FROM PARKED,30,No,2019,CHEVROLET,4S,38.99194245,-77.02522353,2023,9,16
230052977,Property Damage Crash,09/03/2023 04:00:00 PM,NA,NA,SAME DIR REAR END,Clear,NA,Daylight,TRAFFIC SIGNAL,NONE DETECTED,Yes,No Apparent Injury,N/A,LOOKED BUT DID NOT SEE,XX,PASSENGER CAR,SLOWING OR STOPPING,5,No,2013,TOYT,SD,39.14817647,-77.20708393,2023,9,16
230052977,Property Damage Crash,09/03/2023 04:00:00 PM,NA,NA,SAME DIR REAR END,Clear,NA,Daylight,TRAFFIC SIGNAL,NONE DETECTED,No,No Apparent Injury,N/A,NOT DISTRACTED,MD,(SPORT) UTILITY VEHICLE,STOPPED IN TRAFFIC LANE,5,No,2012,GMC,UT,39.14817647,-77.20708393,2023,9,16
230051665,Property Damage Crash,09/03/2023 03:37:00 PM,COLESVILLE RD,NA,SAME DIRECTION SIDESWIPE,Clear,DRY,Daylight,NO CONTROLS,NONE DETECTED,No,No Apparent Injury,"BACKUP DUE TO REGULAR CONGESTION, N/A",NOT DISTRACTED,MD,PASSENGER CAR,MOVING CONSTANT SPEED,35,No,2018,MAZDA,4S,39.01839581,-77.01462463,2023,9,15