Local Case Number,ACRS Report Type,Crash Date/Time,Road Name,Related Non-Motorist,Collision Type,Weather,Surface Condition,Light,Traffic Control,Driver Substance Abuse,Driver At Fault,Injury Severity,Circumstance,Driver Distracted By,Drivers License State,Vehicle Body Type,Vehicle Movement,Speed Limit,Driverless Vehicle,Vehicle Year,Vehicle Make,Vehicle Model,Latitude,Longitude,Year,Month,Hour
230051665,Property Damage Crash,09/03/2023 03:37:00 PM,COLESVILLE RD,NA,SAME DIRECTION SIDESWIPE,Clear,DRY,Daylight,NO CONTROLS,NONE DETECTED,Yes,No Apparent Injury,"BACKUP DUE TO REGULAR CONGESTION, N/A",UNKNOWN,NA,PASSENGER CAR,MOVING CONSTANT SPEED,35,No,0,UNKNOWN,UNKNOWN,39.01839581,-77.01462463,2023,9,15
230052967,Property Damage Crash,09/03/2023 03:15:00 PM,NA,NA,OTHER,Clear,NA,Daylight,NO CONTROLS,NONE DETECTED,No,No Apparent Injury,N/A,NOT DISTRACTED,MD,PASSENGER CAR,STOPPED IN TRAFFIC LANE,10,No,2009,HONDA,ODYSSEY,39.05645899,-77.08480607,2023,9,15
230052967,Property Damage Crash,09/03/2023 03:15:00 PM,NA,NA,OTHER,Clear,NA,Daylight,NO CONTROLS,NONE DETECTED,Yes,No Apparent Injury,N/A,NOT DISTRACTED,NA,PASSENGER CAR,BACKING,10,No,2002,CHEVY,SILVERADO,39.05645899,-77.08480607,2023,9,15
230052972,Property Damage Crash,09/03/2023 02:53:00 PM,COLUMBIA PIKE,NA,SAME DIR REAR END,Clear,DRY,Daylight,NO CONTROLS,NONE DETECTED,No,No Apparent Injury,N/A,NOT DISTRACTED,MD,PASSENGER CAR,SLOWING OR STOPPING,55,No,2015,HOND,TK,39.08809033,-76.94381933,2023,9,14
230052972,Property Damage Crash,09/03/2023 02:53:00 PM,COLUMBIA PIKE,NA,SAME DIR REAR END,Clear,DRY,Daylight,NO CONTROLS,NONE DETECTED,Yes,No Apparent Injury,N/A,UNKNOWN,MD,PASSENGER CAR,MOVING CONSTANT SPEED,55,No,2020,KIA,FORTE,39.08809033,-76.94381933,2023,9,14
230052964,Property Damage Crash,09/03/2023 02:14:00 PM,NA,NA,SAME DIRECTION SIDESWIPE,Clear,NA,Daylight,N/A,ALCOHOL PRESENT,Yes,No Apparent Injury,N/A,INATTENTIVE OR LOST IN THOUGHT,MD,PASSENGER CAR,MOVING CONSTANT SPEED,5,No,2014,ALTIMA,SD,39.07953834,-77.07844884,2023,9,14
230052948,Injury Crash,09/03/2023 01:10:00 PM,DUFIEF MILL RD,NA,OPPOSITE DIRECTION SIDESWIPE,Clear,DRY,Daylight,NO CONTROLS,NONE DETECTED,Yes,No Apparent Injury,N/A,NOT DISTRACTED,MD,PASSENGER CAR,MOVING CONSTANT SPEED,35,No,2016,HOND,SW,39.08127433,-77.25003933,2023,9,13
230052948,Injury Crash,09/03/2023 01:10:00 PM,DUFIEF MILL RD,NA,OPPOSITE DIRECTION SIDESWIPE,Clear,DRY,Daylight,NO CONTROLS,NONE DETECTED,No,Possible Minor Injury,N/A,NOT DISTRACTED,MD,PASSENGER CAR,MOVING CONSTANT SPEED,35,No,2011,TOYT,SD,39.08127433,-77.25003933,2023,9,13
230052940,Injury Crash,09/03/2023 12:55:00 PM,BLUERIDGE AVE,NA,OTHER,Clear,DRY,Daylight,NO CONTROLS,NONE DETECTED,Unknown,Possible Minor Injury,N/A,NOT DISTRACTED,DC,PASSENGER CAR,BACKING,30,Unknown,2020,TOYOTA,CAMRY,39.04301683,-77.05080183,2023,9,12
230052932,Injury Crash,09/03/2023 11:43:00 AM,OLD GEORGETOWN RD,NA,STRAIGHT MOVEMENT ANGLE,Clear,DRY,Daylight,TRAFFIC SIGNAL,NONE DETECTED,No,No Apparent Injury,N/A,NOT DISTRACTED,MD,PASSENGER CAR,MOVING CONSTANT SPEED,35,No,2017,LEXUS,NX200T,39.034462,-77.125181,2023,9,11
230052932,Injury Crash,09/03/2023 11:43:00 AM,OLD GEORGETOWN RD,NA,STRAIGHT MOVEMENT ANGLE,Clear,DRY,Daylight,TRAFFIC SIGNAL,NONE DETECTED,Yes,Possible Minor Injury,N/A,UNKNOWN,MD,PASSENGER CAR,MAKING LEFT TURN,35,No,2014,TOYOTA,CAMRY,39.034462,-77.125181,2023,9,11
230052935,Property Damage Crash,09/03/2023 11:30:00 AM,CLARENDON RD,NA,SAME DIRECTION RIGHT TURN,Clear,DRY,Daylight,STOP SIGN,NONE DETECTED,Yes,No Apparent Injury,N/A,UNKNOWN,DC,PASSENGER CAR,MAKING RIGHT TURN,25,No,2020,TESLA,X,38.98586286,-77.10085428,2023,9,11
230052923,Property Damage Crash,09/03/2023 11:10:00 AM,ROEDER RD,NA,SINGLE VEHICLE,Clear,DRY,Daylight,NO CONTROLS,NONE DETECTED,Yes,No Apparent Injury,N/A,NOT DISTRACTED,MD,PASSENGER CAR,MOVING CONSTANT SPEED,30,No,2016,TOYOTA,COROLLA,38.99793783,-77.0258965,2023,9,11
230052916,Injury Crash,09/03/2023 09:35:00 AM,REDLAND RD,NA,STRAIGHT MOVEMENT ANGLE,Clear,DRY,Daylight,TRAFFIC SIGNAL,NONE DETECTED,Yes,Possible Minor Injury,N/A,NOT DISTRACTED,MD,PASSENGER CAR,MOVING CONSTANT SPEED,40,No,2013,HONDA,4D,39.121035,-77.15827167,2023,9,9
230052916,Injury Crash,09/03/2023 09:35:00 AM,REDLAND RD,NA,STRAIGHT MOVEMENT ANGLE,Clear,DRY,Daylight,TRAFFIC SIGNAL,NONE DETECTED,No,No Apparent Injury,N/A,NOT DISTRACTED,MD,PASSENGER CAR,MOVING CONSTANT SPEED,40,No,2012,HONDA,CIVIC,39.121035,-77.15827167,2023,9,9
230052949,Property Damage Crash,09/03/2023 07:51:00 AM,TISDALE TERR,NA,OTHER,Clear,DRY,Daylight,NO CONTROLS,NONE DETECTED,Yes,No Apparent Injury,N/A,UNKNOWN,MD,PASSENGER CAR,BACKING,5,No,2024,BMW,430XI,39.02114067,-77.12986683,2023,9,7
230052892,Property Damage Crash,09/03/2023 04:26:00 AM,RANDOLPH RD,NA,HEAD ON,Clear,DRY,Dark,NO CONTROLS,NONE DETECTED,Yes,No Apparent Injury,N/A,OTHER DISTRACTION,MD,POLICE VEHICLE/NON EMERGENCY,MOVING CONSTANT SPEED,25,No,2017,FORD,POLICE INTERCEPTOR,39.06146133,-77.04597467,2023,9,4
230052891,Injury Crash,09/03/2023 04:05:00 AM,RUSSELL AVE,NA,SINGLE VEHICLE,Clear,N/A,Medium,TRAFFIC SIGNAL,NONE DETECTED,Yes,Possible Minor Injury,N/A,LOOKED BUT DID NOT SEE,MD,PASSENGER CAR,MOVING CONSTANT SPEED,35,No,2017,NISS,4S,39.15438733,-77.20909417,2023,9,4
230052874,Property Damage Crash,09/03/2023 02:05:00 AM,SHADY GROVE RD,NA,OTHER,Clear,DRY,Medium,N/A,NONE DETECTED,Yes,No Apparent Injury,N/A,LOOKED BUT DID NOT SEE,MD,PASSENGER CAR,STARTING FROM PARKED,15,No,2021,CADILLAC,CTS,39.11825493,-77.18473684,2023,9,2
230052873,Property Damage Crash,09/03/2023 01:18:00 AM,S SUMMIT AVE,NA,STRAIGHT MOVEMENT ANGLE,Clear,DRY,Medium,TRAFFIC SIGNAL,NONE DETECTED,Yes,No Apparent Injury,N/A,UNKNOWN,MD,PASSENGER CAR,MAKING LEFT TURN,25,No,2015,CHEVROLET,IMPALA,39.137983,-77.19404017,2023,9,1
230052873,Property Damage Crash,09/03/2023 01:18:00 AM,S SUMMIT AVE,NA,STRAIGHT MOVEMENT ANGLE,Clear,DRY,Medium,TRAFFIC SIGNAL,NONE DETECTED,No,No Apparent Injury,N/A,NOT DISTRACTED,MD,PASSENGER CAR,MOVING CONSTANT SPEED,35,No,2023,KIA,FORTE,39.137983,-77.19404017,2023,9,1
230052872,Property Damage Crash,09/03/2023 01:00:00 AM,NEW HAMPSHIRE AVE,NA,SINGLE VEHICLE,Clear,DRY,Dark,N/A,NONE DETECTED,Yes,No Apparent Injury,N/A,INATTENTIVE OR LOST IN THOUGHT,MD,PASSENGER CAR,MOVING CONSTANT SPEED,35,No,2013,HYUNDAI,ELANTRA,39.21987547,-77.05817291,2023,9,1
230052871,Property Damage Crash,09/03/2023 12:22:00 AM,SANDY SPRING RD,NA,SAME DIR REAR END,Clear,DRY,Medium,N/A,ALCOHOL PRESENT,Yes,No Apparent Injury,N/A,NOT DISTRACTED,MD,(SPORT) UTILITY VEHICLE,MOVING CONSTANT SPEED,40,No,2015,HONDA,PILOT,39.10974167,-76.92384167,2023,9,0
230052871,Property Damage Crash,09/03/2023 12:22:00 AM,SANDY SPRING RD,NA,SAME DIR REAR END,Clear,DRY,Medium,N/A,NONE DETECTED,No,No Apparent Injury,N/A,NOT DISTRACTED,MD,PASSENGER CAR,MOVING CONSTANT SPEED,40,No,2013,HOND,SD,39.10974167,-76.92384167,2023,9,0
230052865,Property Damage Crash,09/03/2023 12:01:00 AM,SILVER SPRING AVE,NA,SAME DIRECTION SIDESWIPE,Clear,DRY,Dark,NO CONTROLS,ALCOHOL PRESENT,Yes,No Apparent Injury,N/A,UNKNOWN,DC,PASSENGER CAR,MOVING CONSTANT SPEED,25,No,2020,NISSAN,ALTIMA,38.99194,-77.01538,2023,9,0
230052867,Property Damage Crash,09/02/2023 11:45:00 PM,FREDERICK RD,NA,OTHER,Clear,DRY,Medium,N/A,NONE DETECTED,No,No Apparent Injury,N/A,NOT DISTRACTED,MD,PASSENGER CAR,MOVING CONSTANT SPEED,35,No,2019,TOYOTA,CAMRY,39.14838068,-77.20693577,2023,9,23
230052867,Property Damage Crash,09/02/2023 11:45:00 PM,FREDERICK RD,NA,OTHER,Clear,DRY,Medium,N/A,NONE DETECTED,Yes,No Apparent Injury,N/A,LOOKED BUT DID NOT SEE,NA,"MEDIUM/HEAVY TRUCKS 3 AXLES (OVER 10,000LBS (4,536KG))",MOVING CONSTANT SPEED,35,No,2020,MORGAN,UNK,39.14838068,-77.20693577,2023,9,23
230052853,Injury Crash,09/02/2023 09:30:00 PM,OLD GEORGETOWN RD,NA,HEAD ON LEFT TURN,Clear,DRY,Medium,TRAFFIC SIGNAL,NONE DETECTED,Yes,Possible Minor Injury,N/A,NOT DISTRACTED,MD,PASSENGER CAR,MAKING LEFT TURN,35,No,2015,HONDA,ACCORD,38.9981565,-77.109369,2023,9,21
230052853,Injury Crash,09/02/2023 09:30:00 PM,OLD GEORGETOWN RD,NA,HEAD ON LEFT TURN,Clear,DRY,Medium,TRAFFIC SIGNAL,NONE DETECTED,No,No Apparent Injury,N/A,NOT DISTRACTED,MD,PASSENGER CAR,MOVING CONSTANT SPEED,35,No,2002,HOND,PV,38.9981565,-77.109369,2023,9,21
230052850,Property Damage Crash,09/02/2023 09:00:00 PM,OLD GEORGETOWN RD,NA,SAME DIR REAR END,Clear,DRY,Medium,TRAFFIC SIGNAL,NONE DETECTED,No,No Apparent Injury,N/A,NOT DISTRACTED,MD,PASSENGER CAR,STOPPED IN TRAFFIC LANE,35,No,2015,JEEP,WRANGLER,39.04944167,-77.11488833,2023,9,21
230052851,Property Damage Crash,09/02/2023 09:00:00 PM,PINEY BRANCH RD,NA,SAME DIR REAR END,Clear,DRY,Medium,NO CONTROLS,NONE DETECTED,Yes,No Apparent Injury,"N/A, RUTS, HOLES, BUMPS",NOT DISTRACTED,MD,PASSENGER CAR,SLOWING OR STOPPING,30,No,2013,HONDA,4S,38.99858573,-77.00011595,2023,9,21
230052850,Property Damage Crash,09/02/2023 09:00:00 PM,OLD GEORGETOWN RD,NA,SAME DIR REAR END,Clear,DRY,Medium,TRAFFIC SIGNAL,NONE DETECTED,Yes,No Apparent Injury,N/A,NOT DISTRACTED,MD,PASSENGER CAR,MOVING CONSTANT SPEED,35,No,2003,HOND,ODYSSEY,39.04944167,-77.11488833,2023,9,21
230052851,Property Damage Crash,09/02/2023 09:00:00 PM,PINEY BRANCH RD,NA,SAME DIR REAR END,Clear,DRY,Medium,NO CONTROLS,NONE DETECTED,Yes,No Apparent Injury,"N/A, RUTS, HOLES, BUMPS",NOT DISTRACTED,MD,PICKUP TRUCK,SLOWING OR STOPPING,30,No,2016,CHEVROLET,PK,38.99858573,-77.00011595,2023,9,21
230052854,Injury Crash,09/02/2023 08:59:00 PM,BUCKLODGE RD,NA,SINGLE VEHICLE,Clear,DRY,Medium,N/A,NONE DETECTED,Yes,Possible Minor Injury,N/A,UNKNOWN,IL,PASSENGER CAR,SKIDDING,40,No,2018,VW,JETTA,39.1635495,-77.3622765,2023,9,20
230052847,Property Damage Crash,09/02/2023 07:57:00 PM,LONGMEAD CROSSING DR,NA,SAME DIR REAR END,Clear,DRY,Medium,NO CONTROLS,NONE DETECTED,Yes,No Apparent Injury,N/A,TEXTING FROM A CELLULAR PHONE,MD,PASSENGER CAR,MOVING CONSTANT SPEED,25,No,2019,NISSAN,ROGUE,39.1070442,-77.05393103,2023,9,19
230052847,Property Damage Crash,09/02/2023 07:57:00 PM,LONGMEAD CROSSING DR,NA,SAME DIR REAR END,Clear,DRY,Medium,NO CONTROLS,NONE DETECTED,No,No Apparent Injury,N/A,UNKNOWN,NA,AMBULANCE/EMERGENCY,SLOWING OR STOPPING,25,No,2016,MAZDA,TK,39.1070442,-77.05393103,2023,9,19
230052826,Property Damage Crash,09/02/2023 05:18:00 PM,FLOWER AVE,NA,OTHER,Clear,DRY,Daylight,TRAFFIC SIGNAL,NONE DETECTED,Yes,No Apparent Injury,N/A,NOT DISTRACTED,MD,PASSENGER CAR,MAKING RIGHT TURN,25,No,2014,HYUNDAI,CP,39.01112667,-77.008125,2023,9,17
230052826,Property Damage Crash,09/02/2023 05:18:00 PM,FLOWER AVE,NA,OTHER,Clear,DRY,Daylight,TRAFFIC SIGNAL,NONE DETECTED,No,No Apparent Injury,N/A,NOT DISTRACTED,MD,PASSENGER CAR,MAKING LEFT TURN,0,No,2011,FORD,SD,39.01112667,-77.008125,2023,9,17
230052822,Property Damage Crash,09/02/2023 04:20:00 PM,NA,NA,OTHER,Clear,NA,Daylight,NO CONTROLS,NONE DETECTED,Yes,No Apparent Injury,N/A,UNKNOWN,NA,PASSENGER CAR,PARKING,5,No,2015,ROV,TK,39.15671618,-77.21305278,2023,9,16
230052820,Property Damage Crash,09/02/2023 03:51:00 PM,RAMP 2 FR IS 495 WB TO MD 650 NB,NA,SAME DIR REAR END,Clear,DRY,Daylight,NO CONTROLS,NONE DETECTED,No,No Apparent Injury,N/A,NOT DISTRACTED,MD,PASSENGER CAR,SLOWING OR STOPPING,55,No,2021,HONDA,4D,39.0172642,-76.99557354,2023,9,15
230052820,Property Damage Crash,09/02/2023 03:51:00 PM,RAMP 2 FR IS 495 WB TO MD 650 NB,NA,SAME DIR REAR END,Clear,DRY,Daylight,NO CONTROLS,NONE DETECTED,Yes,No Apparent Injury,N/A,NOT DISTRACTED,NA,PASSENGER CAR,SLOWING OR STOPPING,55,No,2011,BUICK,ENCLAVE,39.0172642,-76.99557354,2023,9,15
230052815,Injury Crash,09/02/2023 03:45:00 PM,WISCONSIN AVE,PEDESTRIAN,OTHER,Clear,DRY,Daylight,TRAFFIC SIGNAL,NONE DETECTED,Yes,No Apparent Injury,N/A,LOOKED BUT DID NOT SEE,MD,PASSENGER CAR,MAKING RIGHT TURN,25,No,2021,VOLVO,XC90,38.98909,-77.095165,2023,9,15
230052814,Property Damage Crash,09/02/2023 03:15:00 PM,GEORGIA AVE,NA,STRAIGHT MOVEMENT ANGLE,Clear,DRY,Daylight,TRAFFIC SIGNAL,NONE DETECTED,Yes,No Apparent Injury,N/A,NOT DISTRACTED,MD,PASSENGER CAR,MOVING CONSTANT SPEED,35,No,2023,TOYOTA,CAMRY,39.01396,-77.04220167,2023,9,15
230052814,Property Damage Crash,09/02/2023 03:15:00 PM,GEORGIA AVE,NA,STRAIGHT MOVEMENT ANGLE,Clear,DRY,Daylight,TRAFFIC SIGNAL,NONE DETECTED,No,No Apparent Injury,N/A,NOT DISTRACTED,MD,PASSENGER CAR,SLOWING OR STOPPING,35,No,2018,BUIC,UT,39.01396,-77.04220167,2023,9,15
230052811,Property Damage Crash,09/02/2023 03:00:00 PM,NA,NA,SINGLE VEHICLE,Clear,NA,Daylight,N/A,NONE DETECTED,Yes,No Apparent Injury,N/A,LOOKED BUT DID NOT SEE,MD,POLICE VEHICLE/NON EMERGENCY,BACKING,0,No,2018,FORD,4S,39.17680333,-77.17685333,2023,9,15
230052812,Injury Crash,09/02/2023 03:00:00 PM,FREDERICK RD,NA,SAME DIR REAR END,Clear,DRY,Daylight,TRAFFIC SIGNAL,NONE DETECTED,Yes,No Apparent Injury,N/A,UNKNOWN,MD,(SPORT) UTILITY VEHICLE,STARTING FROM LANE,40,No,2016,NISSAN,PATHFINDER,39.11228435,-77.1616913,2023,9,15
230052812,Injury Crash,09/02/2023 03:00:00 PM,FREDERICK RD,NA,SAME DIR REAR END,Clear,DRY,Daylight,TRAFFIC SIGNAL,NONE DETECTED,No,Possible Minor Injury,N/A,NOT DISTRACTED,MD,(SPORT) UTILITY VEHICLE,STOPPED IN TRAFFIC LANE,40,No,2023,HONDA,RAV4,39.11228435,-77.1616913,2023,9,15
230052800,Property Damage Crash,09/02/2023 01:12:00 PM,VEIRS MILL RD,NA,SAME DIR REAR END,Clear,DRY,Daylight,TRAFFIC SIGNAL,NONE DETECTED,No,No Apparent Injury,N/A,NOT DISTRACTED,MD,PASSENGER CAR,SLOWING OR STOPPING,45,No,2009,TOYT,4S,39.05972717,-77.08867183,2023,9,13
230052800,Property Damage Crash,09/02/2023 01:12:00 PM,VEIRS MILL RD,NA,SAME DIR REAR END,Clear,DRY,Daylight,TRAFFIC SIGNAL,NONE DETECTED,No,No Apparent Injury,N/A,NOT DISTRACTED,MD,PASSENGER CAR,STOPPED IN TRAFFIC LANE,45,No,2014,TOYT,4S,39.05972717,-77.08867183,2023,9,13
230052800,Property Damage Crash,09/02/2023 01:12:00 PM,VEIRS MILL RD,NA,SAME DIR REAR END,Clear,DRY,Daylight,TRAFFIC SIGNAL,NONE DETECTED,No,No Apparent Injury,N/A,NOT DISTRACTED,MD,PASSENGER CAR,SLOWING OR STOPPING,45,No,2017,KIA,UT,39.05972717,-77.08867183,2023,9,13
230052800,Property Damage Crash,09/02/2023 01:12:00 PM,VEIRS MILL RD,NA,SAME DIR REAR END,Clear,DRY,Daylight,TRAFFIC SIGNAL,NONE DETECTED,Yes,No Apparent Injury,N/A,LOOKED BUT DID NOT SEE,VA,PASSENGER CAR,SLOWING OR STOPPING,45,No,2016,BMW,M235I,39.05972717,-77.08867183,2023,9,13
230052798,Property Damage Crash,09/02/2023 01:11:00 PM,NA,NA,SINGLE VEHICLE,Clear,NA,Daylight,N/A,NONE DETECTED,Yes,No Apparent Injury,N/A,UNKNOWN,MD,PASSENGER CAR,PARKING,0,No,2012,HYUN,4S,39.16081667,-77.19995667,2023,9,13
230052801,Injury Crash,09/02/2023 12:30:00 PM,VEIRS MILL RD,OTHER CONVEYANCE,STRAIGHT MOVEMENT ANGLE,Clear,DRY,Daylight,NO CONTROLS,NONE DETECTED,Yes,No Apparent Injury,N/A,LOOKED BUT DID NOT SEE,VA,(SPORT) UTILITY VEHICLE,SLOWING OR STOPPING,25,No,2019,TOYOTA,HIGHLANDER,39.03910517,-77.05367167,2023,9,12
230052787,Property Damage Crash,09/02/2023 12:07:00 PM,CONNECTICUT AVE,NA,SAME DIRECTION SIDESWIPE,Clear,DRY,Daylight,N/A,NONE DETECTED,No,No Apparent Injury,N/A,NOT DISTRACTED,MD,PASSENGER CAR,MOVING CONSTANT SPEED,35,No,2020,NISSAN,KICKS,39.05633176,-77.07362877,2023,9,12
230052787,Property Damage Crash,09/02/2023 12:07:00 PM,CONNECTICUT AVE,NA,SAME DIRECTION SIDESWIPE,Clear,DRY,Daylight,N/A,NONE DETECTED,Yes,No Apparent Injury,N/A,UNKNOWN,XX,PASSENGER CAR,MOVING CONSTANT SPEED,35,No,2018,HONDA,ODYSSEY,39.05633176,-77.07362877,2023,9,12
230052781,Injury Crash,09/02/2023 11:40:00 AM,COLUMBIA PIKE,NA,SAME DIR REAR END,Clear,DRY,Daylight,TRAFFIC SIGNAL,NONE DETECTED,Yes,Possible Minor Injury,N/A,INATTENTIVE OR LOST IN THOUGHT,MD,PASSENGER CAR,MOVING CONSTANT SPEED,55,No,2007,CHRYSLER,TOWN & COUNTRY,39.07188,-76.95650483,2023,9,11
230052781,Injury Crash,09/02/2023 11:40:00 AM,COLUMBIA PIKE,NA,SAME DIR REAR END,Clear,DRY,Daylight,TRAFFIC SIGNAL,NONE DETECTED,No,Possible Minor Injury,N/A,NOT DISTRACTED,MD,VAN,SLOWING OR STOPPING,55,No,2019,DODGE,PROMASTER 2500,39.07188,-76.95650483,2023,9,11
230052781,Injury Crash,09/02/2023 11:40:00 AM,COLUMBIA PIKE,NA,SAME DIR REAR END,Clear,DRY,Daylight,TRAFFIC SIGNAL,NONE DETECTED,No,No Apparent Injury,N/A,NOT DISTRACTED,MD,PASSENGER CAR,STOPPED IN TRAFFIC LANE,55,No,2016,FORD,F150,39.07188,-76.95650483,2023,9,11
230052781,Injury Crash,09/02/2023 11:40:00 AM,COLUMBIA PIKE,NA,SAME DIR REAR END,Clear,DRY,Daylight,TRAFFIC SIGNAL,NONE DETECTED,No,Possible Minor Injury,N/A,NOT DISTRACTED,MD,PASSENGER CAR,STOPPED IN TRAFFIC LANE,55,No,2020,HYUNDAI,ELANTRA,39.07188,-76.95650483,2023,9,11
230052772,Property Damage Crash,09/02/2023 10:28:00 AM,DAMASCUS RD,NA,SINGLE VEHICLE,Clear,DRY,Daylight,NO CONTROLS,NONE DETECTED,Yes,No Apparent Injury,N/A,NOT DISTRACTED,MD,MOTORCYCLE,ACCELERATING,50,No,2008,HONDA,CBR,39.27448615,-77.15646529,2023,9,10
230052761,Property Damage Crash,09/02/2023 09:20:00 AM,FREDERICK RD,NA,STRAIGHT MOVEMENT ANGLE,Clear,DRY,Daylight,TRAFFIC SIGNAL,NONE DETECTED,Yes,No Apparent Injury,N/A,UNKNOWN,MD,PASSENGER CAR,MOVING CONSTANT SPEED,40,No,2015,HYUN,SONATA,39.16383033,-77.22666117,2023,9,9
230052761,Property Damage Crash,09/02/2023 09:20:00 AM,FREDERICK RD,NA,STRAIGHT MOVEMENT ANGLE,Clear,DRY,Daylight,TRAFFIC SIGNAL,NONE DETECTED,No,No Apparent Injury,N/A,NOT DISTRACTED,MD,PICKUP TRUCK,STARTING FROM LANE,25,No,2024,CHEV,2500,39.16383033,-77.22666117,2023,9,9
230052799,Injury Crash,09/02/2023 09:15:00 AM,DELLCASTLE RD,NA,SINGLE VEHICLE,Clear,DRY,Daylight,N/A,NONE DETECTED,Yes,Possible Minor Injury,N/A,UNKNOWN,MD,PASSENGER CAR,MOVING CONSTANT SPEED,20,No,2016,FORD,MUSTANG,39.18254167,-77.2050605,2023,9,9
230052755,Injury Crash,09/02/2023 08:02:00 AM,SENECA RD,NA,SINGLE VEHICLE,Clear,N/A,Medium,N/A,NONE DETECTED,No,Possible Minor Injury,"ANIMAL, N/A",NOT DISTRACTED,MD,MOTORCYCLE,MOVING CONSTANT SPEED,45,No,2023,KAWASAKI,636,39.0803325,-77.32238033,2023,9,8
230052742,Property Damage Crash,09/02/2023 05:46:00 AM,ELMCROFT BLVD,NA,SAME DIRECTION SIDESWIPE,Clear,DRY,Dark,NO CONTROLS,ALCOHOL PRESENT,Yes,No Apparent Injury,N/A,NOT DISTRACTED,MD,PASSENGER CAR,MOVING CONSTANT SPEED,25,No,2016,HOND,SD,39.11321633,-77.16497505,2023,9,5
230052743,Property Damage Crash,09/02/2023 04:45:00 AM,LOWER COUNTRY DR,NA,OTHER,Clear,DRY,Dark,NO CONTROLS,NONE DETECTED,Yes,No Apparent Injury,N/A,UNKNOWN,NA,PASSENGER CAR,MOVING CONSTANT SPEED,15,No,2022,MERZ,UT,39.1524703,-77.17862425,2023,9,4
230052730,Property Damage Crash,09/01/2023 11:50:00 PM,CRABB AVE,NA,OTHER,Clear,DRY,Medium,NO CONTROLS,NONE DETECTED,Yes,No Apparent Injury,N/A,LOOKED BUT DID NOT SEE,MD,PASSENGER CAR,OTHER,20,No,2023,CHEVY,BOLT,39.089465,-77.13692,2023,9,23
230052724,Property Damage Crash,09/01/2023 10:30:00 PM,UNIVERSITY BLVD E,NA,SAME DIR REAR END,Clear,DRY,Medium,NO CONTROLS,NONE DETECTED,No,No Apparent Injury,N/A,NOT DISTRACTED,MD,PASSENGER CAR,MOVING CONSTANT SPEED,35,No,2016,HYUN,SD,39.019015,-77.00884667,2023,9,22
230052724,Property Damage Crash,09/01/2023 10:30:00 PM,UNIVERSITY BLVD E,NA,SAME DIR REAR END,Clear,DRY,Medium,NO CONTROLS,NONE DETECTED,Yes,No Apparent Injury,N/A,LOOKED BUT DID NOT SEE,MD,PASSENGER CAR,MAKING U TURN,35,No,2019,TOYT,4H,39.019015,-77.00884667,2023,9,22
230052716,Injury Crash,09/01/2023 09:48:00 PM,MONTGOMERY VILLAGE AVE,NA,STRAIGHT MOVEMENT ANGLE,Clear,DRY,Medium,TRAFFIC SIGNAL,NONE DETECTED,No,Possible Minor Injury,N/A,NOT DISTRACTED,MD,PASSENGER CAR,MOVING CONSTANT SPEED,35,No,2011,KIA,OPTIMA,39.15828283,-77.2038895,2023,9,21
230052716,Injury Crash,09/01/2023 09:48:00 PM,MONTGOMERY VILLAGE AVE,NA,STRAIGHT MOVEMENT ANGLE,Clear,DRY,Medium,TRAFFIC SIGNAL,NONE DETECTED,Yes,No Apparent Injury,N/A,UNKNOWN,NA,PASSENGER CAR,MOVING CONSTANT SPEED,30,No,2018,TOYOTA,CAMRY,39.15828283,-77.2038895,2023,9,21
230052720,Property Damage Crash,09/01/2023 08:00:00 PM,NA,NA,OTHER,Clear,NA,Medium,NO CONTROLS,NONE DETECTED,Yes,No Apparent Injury,N/A,UNKNOWN,MD,PASSENGER CAR,PARKING,5,No,2004,LINCOLN,NAVIGATOR,39.23845702,-77.28235496,2023,9,20
230052702,Property Damage Crash,09/01/2023 07:45:00 PM,NA,NA,SINGLE VEHICLE,Clear,NA,Medium,N/A,NONE DETECTED,Yes,No Apparent Injury,N/A,LOOKED BUT DID NOT SEE,MD,"OTHER LIGHT TRUCKS (10,000LBS (4,536KG) OR LESS)",BACKING,0,No,2022,FORD,F350 LARIAT,39.07797667,-77.07996167,2023,9,19
230052703,Property Damage Crash,09/01/2023 07:32:00 PM,RAMP 3 FR IS 495 EB TO MD 97 NB,NA,SAME DIR REAR END,Clear,DRY,Daylight,NO CONTROLS,NONE DETECTED,Yes,No Apparent Injury,N/A,UNKNOWN,NA,PICKUP TRUCK,SLOWING OR STOPPING,55,No,2020,DODGE,RAM 1500,39.01332738,-77.04597821,2023,9,19
230052703,Property Damage Crash,09/01/2023 07:32:00 PM,RAMP 3 FR IS 495 EB TO MD 97 NB,NA,SAME DIR REAR END,Clear,DRY,Daylight,NO CONTROLS,NONE DETECTED,No,No Apparent Injury,N/A,NOT DISTRACTED,MD,PASSENGER CAR,SLOWING OR STOPPING,55,No,2015,CHRYSLER,200,39.01332738,-77.04597821,2023,9,19
230052699,Injury Crash,09/01/2023 07:16:00 PM,LAYHILL RD,NA,HEAD ON LEFT TURN,Clear,DRY,Daylight,TRAFFIC SIGNAL,NONE DETECTED,Yes,Possible Minor Injury,N/A,LOOKED BUT DID NOT SEE,MD,PASSENGER CAR,ACCELERATING,40,No,2005,GMC,CANYON,39.069036,-77.04587583,2023,9,19
230052699,Injury Crash,09/01/2023 07:16:00 PM,LAYHILL RD,NA,HEAD ON LEFT TURN,Clear,DRY,Daylight,TRAFFIC SIGNAL,NONE DETECTED,No,Possible Minor Injury,N/A,NOT DISTRACTED,MD,PASSENGER CAR,MOVING CONSTANT SPEED,40,No,2020,NISSAN,MAXIMA,39.069036,-77.04587583,2023,9,19
230052296,Property Damage Crash,09/01/2023 06:42:00 PM,BEL PRE RD,NA,SAME DIR REAR END,Clear,DRY,Daylight,PERSON,NONE DETECTED,Yes,No Apparent Injury,N/A,UNKNOWN,NA,NA,MOVING CONSTANT SPEED,30,No,0,UNKNOWN,UNKNOWN,39.09043149,-77.05087352,2023,9,18
230052296,Property Damage Crash,09/01/2023 06:42:00 PM,BEL PRE RD,NA,SAME DIR REAR END,Clear,DRY,Daylight,PERSON,NONE DETECTED,No,No Apparent Injury,N/A,NOT DISTRACTED,MD,PASSENGER CAR,STOPPED IN TRAFFIC LANE,0,No,2015,MERCEDES,BENZ,39.09043149,-77.05087352,2023,9,18
230052692,Injury Crash,09/01/2023 06:30:00 PM,SANGAMORE RD,PEDESTRIAN,OTHER,Clear,DRY,Daylight,STOP SIGN,NONE DETECTED,Yes,No Apparent Injury,N/A,INATTENTIVE OR LOST IN THOUGHT,MD,PASSENGER CAR,ACCELERATING,35,No,2019,HOND,ACCORD,38.94859333,-77.11984833,2023,9,18
230052696,Property Damage Crash,09/01/2023 06:22:00 PM,NA,NA,OTHER,Clear,NA,Daylight,N/A,NONE DETECTED,Yes,No Apparent Injury,N/A,UNKNOWN,NA,PASSENGER CAR,PARKING,5,No,2011,FORD,FUSION,39.1558548,-77.214481,2023,9,18
230052683,Injury Crash,09/01/2023 05:23:00 PM,SHADY GROVE RD,NA,HEAD ON LEFT TURN,Clear,DRY,Daylight,TRAFFIC SIGNAL,NONE DETECTED,No,Possible Minor Injury,N/A,NOT DISTRACTED,MD,PASSENGER CAR,MOVING CONSTANT SPEED,40,No,2013,FORD,FOCUS,39.09097167,-77.20448833,2023,9,17