Local Case Number,ACRS Report Type,Crash Date/Time,Road Name,Related Non-Motorist,Collision Type,Weather,Surface Condition,Light,Traffic Control,Driver Substance Abuse,Driver At Fault,Injury Severity,Circumstance,Driver Distracted By,Drivers License State,Vehicle Body Type,Vehicle Movement,Speed Limit,Driverless Vehicle,Vehicle Year,Vehicle Make,Vehicle Model,Latitude,Longitude,Year,Month,Hour
230052683,Injury Crash,09/01/2023 05:23:00 PM,SHADY GROVE RD,NA,HEAD ON LEFT TURN,Clear,DRY,Daylight,TRAFFIC SIGNAL,NONE DETECTED,Yes,No Apparent Injury,N/A,OTHER CELLULAR PHONE RELATED,MD,VAN,MAKING LEFT TURN,40,No,2007,HUNDAI,ENTOURAGE,39.09097167,-77.20448833,2023,9,17
230052687,Property Damage Crash,09/01/2023 05:15:00 PM,CENTERWAY RD,NA,HEAD ON LEFT TURN,Clear,DRY,Daylight,TRAFFIC SIGNAL,NONE DETECTED,No,No Apparent Injury,N/A,NOT DISTRACTED,MD,(SPORT) UTILITY VEHICLE,MOVING CONSTANT SPEED,35,No,2022,KIA,TELLURIDE,39.1694854,-77.19058719,2023,9,17
230052687,Property Damage Crash,09/01/2023 05:15:00 PM,CENTERWAY RD,NA,HEAD ON LEFT TURN,Clear,DRY,Daylight,TRAFFIC SIGNAL,NONE DETECTED,Yes,No Apparent Injury,N/A,UNKNOWN,NA,PASSENGER CAR,MAKING LEFT TURN,35,No,2013,TOYOTA,SCION,39.1694854,-77.19058719,2023,9,17
230052677,Injury Crash,09/01/2023 05:14:00 PM,BRIGGS CHANEY RD,NA,STRAIGHT MOVEMENT ANGLE,Clear,DRY,Daylight,STOP SIGN,NONE DETECTED,No,No Apparent Injury,N/A,NOT DISTRACTED,MD,PICKUP TRUCK,MOVING CONSTANT SPEED,35,No,2008,DODGE,RAM 1500,39.084635,-76.95154,2023,9,17
230052677,Injury Crash,09/01/2023 05:14:00 PM,BRIGGS CHANEY RD,NA,STRAIGHT MOVEMENT ANGLE,Clear,DRY,Daylight,STOP SIGN,NONE DETECTED,Yes,Possible Minor Injury,N/A,LOOKED BUT DID NOT SEE,MD,PASSENGER CAR,ENTERING TRAFFIC LANE,35,No,2020,FORD,FUSION,39.084635,-76.95154,2023,9,17
230052677,Injury Crash,09/01/2023 05:14:00 PM,BRIGGS CHANEY RD,NA,STRAIGHT MOVEMENT ANGLE,Clear,DRY,Daylight,STOP SIGN,NONE DETECTED,No,Possible Minor Injury,N/A,NOT DISTRACTED,MD,PASSENGER CAR,MOVING CONSTANT SPEED,35,No,2013,HONDA,CIVIC,39.084635,-76.95154,2023,9,17
230052666,Injury Crash,09/01/2023 04:08:00 PM,SEVEN LOCKS RD,NA,SAME DIR REAR END,Clear,DRY,Daylight,YIELD SIGN,NONE DETECTED,No,Possible Minor Injury,N/A,NOT DISTRACTED,MD,PASSENGER CAR,MAKING RIGHT TURN,35,No,2012,HOND,CRV,39.24566833,-77.25255,2023,9,16
230052666,Injury Crash,09/01/2023 04:08:00 PM,SEVEN LOCKS RD,NA,SAME DIR REAR END,Clear,DRY,Daylight,YIELD SIGN,NONE DETECTED,Yes,No Apparent Injury,N/A,NOT DISTRACTED,VA,PASSENGER CAR,MAKING RIGHT TURN,35,No,2018,MERZ,GLE,39.24566833,-77.25255,2023,9,16
230052659,Injury Crash,09/01/2023 03:45:00 PM,BRADLEY BLVD,NA,SAME DIRECTION LEFT TURN,Clear,DRY,Daylight,NO CONTROLS,NONE DETECTED,No,No Apparent Injury,N/A,NOT DISTRACTED,MD,(SPORT) UTILITY VEHICLE,MOVING CONSTANT SPEED,30,No,2021,MERZ,G63,38.99179079,-77.1179634,2023,9,15
230052659,Injury Crash,09/01/2023 03:45:00 PM,BRADLEY BLVD,NA,SAME DIRECTION LEFT TURN,Clear,DRY,Daylight,NO CONTROLS,NONE DETECTED,Yes,Suspected Serious Injury,N/A,LOOKED BUT DID NOT SEE,MD,(SPORT) UTILITY VEHICLE,ENTERING TRAFFIC LANE,30,No,2016,HOND,CRV,38.99179079,-77.1179634,2023,9,15
230052658,Injury Crash,09/01/2023 03:23:00 PM,NA,PEDESTRIAN,OTHER,Clear,NA,Daylight,N/A,NONE DETECTED,No,No Apparent Injury,N/A,NOT DISTRACTED,WA,(SPORT) UTILITY VEHICLE,MOVING CONSTANT SPEED,15,No,2023,HOND,UT,39.18098967,-77.2701215,2023,9,15
230052654,Injury Crash,09/01/2023 03:07:00 PM,SEVEN LOCKS RD,NA,SAME DIR REAR END,Clear,DRY,Daylight,TRAFFIC SIGNAL,NONE DETECTED,No,Possible Minor Injury,N/A,NOT DISTRACTED,MD,VAN,STOPPED IN TRAFFIC LANE,40,No,2018,TOYOTA,SIENNA,39.05320783,-77.16371567,2023,9,15
230052654,Injury Crash,09/01/2023 03:07:00 PM,SEVEN LOCKS RD,NA,SAME DIR REAR END,Clear,DRY,Daylight,TRAFFIC SIGNAL,NONE DETECTED,Yes,No Apparent Injury,N/A,NOT DISTRACTED,MD,(SPORT) UTILITY VEHICLE,ACCELERATING,40,No,2022,ACUR,MDX,39.05320783,-77.16371567,2023,9,15
230052664,Property Damage Crash,09/01/2023 02:53:00 PM,ROCKVILLE PIKE,NA,SAME DIR REAR END,Clear,DRY,Daylight,TRAFFIC SIGNAL,NONE DETECTED,Yes,No Apparent Injury,N/A,NOT DISTRACTED,MD,PASSENGER CAR,MOVING CONSTANT SPEED,40,No,2015,HONDA,CIVIC,39.05484317,-77.11798967,2023,9,14
230052664,Property Damage Crash,09/01/2023 02:53:00 PM,ROCKVILLE PIKE,NA,SAME DIR REAR END,Clear,DRY,Daylight,TRAFFIC SIGNAL,NONE DETECTED,No,No Apparent Injury,N/A,NOT DISTRACTED,MD,PASSENGER CAR,SLOWING OR STOPPING,40,No,2012,TOYOTA,CAMRY,39.05484317,-77.11798967,2023,9,14
230052664,Property Damage Crash,09/01/2023 02:53:00 PM,ROCKVILLE PIKE,NA,SAME DIR REAR END,Clear,DRY,Daylight,TRAFFIC SIGNAL,NONE DETECTED,Yes,No Apparent Injury,N/A,UNKNOWN,NA,UNKNOWN,UNKNOWN,40,No,0,UNKNOWN,UNKNOWN,39.05484317,-77.11798967,2023,9,14
230052652,Property Damage Crash,09/01/2023 02:44:00 PM,COLUMBIA PIKE,NA,SAME DIR REAR END,Clear,DRY,Daylight,TRAFFIC SIGNAL,NONE DETECTED,No,No Apparent Injury,N/A,NOT DISTRACTED,DC,PICKUP TRUCK,STOPPED IN TRAFFIC LANE,40,No,2016,FORD,PK,39.03626281,-77.0002474,2023,9,14
230052652,Property Damage Crash,09/01/2023 02:44:00 PM,COLUMBIA PIKE,NA,SAME DIR REAR END,Clear,DRY,Daylight,TRAFFIC SIGNAL,NONE DETECTED,Yes,No Apparent Injury,N/A,NOT DISTRACTED,MD,SCHOOL BUS,SLOWING OR STOPPING,40,No,2020,THMS,BU,39.03626281,-77.0002474,2023,9,14
230052652,Property Damage Crash,09/01/2023 02:44:00 PM,COLUMBIA PIKE,NA,SAME DIR REAR END,Clear,DRY,Daylight,TRAFFIC SIGNAL,NONE DETECTED,No,No Apparent Injury,N/A,NOT DISTRACTED,MD,PASSENGER CAR,STOPPED IN TRAFFIC LANE,40,No,2019,HYUN,TK,39.03626281,-77.0002474,2023,9,14
230052647,Property Damage Crash,09/01/2023 02:40:00 PM,NORBECK RD,NA,SAME DIR REAR END,Clear,DRY,Daylight,TRAFFIC SIGNAL,NONE DETECTED,Yes,No Apparent Injury,N/A,OTHER DISTRACTION,MD,PASSENGER CAR,MOVING CONSTANT SPEED,40,No,2010,HOND,SD,39.09528033,-77.11244383,2023,9,14
230052647,Property Damage Crash,09/01/2023 02:40:00 PM,NORBECK RD,NA,SAME DIR REAR END,Clear,DRY,Daylight,TRAFFIC SIGNAL,NONE DETECTED,No,No Apparent Injury,N/A,NOT DISTRACTED,MD,PASSENGER CAR,STOPPED IN TRAFFIC LANE,40,No,2016,BMW,SD,39.09528033,-77.11244383,2023,9,14
230052649,Property Damage Crash,09/01/2023 02:37:00 PM,NA,NA,SINGLE VEHICLE,Clear,NA,Daylight,N/A,NONE DETECTED,Yes,No Apparent Injury,N/A,NOT DISTRACTED,MD,PASSENGER CAR,ACCELERATING,5,No,2019,VOLKSWAGEN,GOLF,39.03889617,-77.05329717,2023,9,14
230052642,Injury Crash,09/01/2023 02:07:00 PM,NORBECK RD,NA,HEAD ON LEFT TURN,Clear,DRY,Daylight,TRAFFIC SIGNAL,NONE DETECTED,No,Possible Minor Injury,N/A,UNKNOWN,MD,PASSENGER CAR,MOVING CONSTANT SPEED,50,No,2004,PONTIAC,4D,39.09505667,-77.11279333,2023,9,14
230052642,Injury Crash,09/01/2023 02:07:00 PM,NORBECK RD,NA,HEAD ON LEFT TURN,Clear,DRY,Daylight,TRAFFIC SIGNAL,NONE DETECTED,Yes,Possible Minor Injury,N/A,UNKNOWN,MD,PASSENGER CAR,MAKING LEFT TURN,50,No,2023,TOYTA,COROLLA CROSSOVER,39.09505667,-77.11279333,2023,9,14
230052640,Property Damage Crash,09/01/2023 01:56:00 PM,CONNECTICUT AVE,NA,STRAIGHT MOVEMENT ANGLE,Clear,DRY,Daylight,TRAFFIC SIGNAL,NONE DETECTED,No,No Apparent Injury,N/A,NOT DISTRACTED,MD,FIRE VEHICLE/EMERGENCY,MOVING CONSTANT SPEED,35,No,2021,PIRC,PIERCE,39.09193751,-77.07033869,2023,9,13
230052640,Property Damage Crash,09/01/2023 01:56:00 PM,CONNECTICUT AVE,NA,STRAIGHT MOVEMENT ANGLE,Clear,DRY,Daylight,TRAFFIC SIGNAL,NONE DETECTED,Yes,No Apparent Injury,N/A,UNKNOWN,MD,PASSENGER CAR,MOVING CONSTANT SPEED,35,No,2013,HYUN,4S,39.09193751,-77.07033869,2023,9,13
230052637,Injury Crash,09/01/2023 01:55:00 PM,FAIRLAND RD,NA,SAME DIR REAR END,Clear,DRY,Daylight,TRAFFIC SIGNAL,NONE DETECTED,No,No Apparent Injury,N/A,NOT DISTRACTED,MD,VAN,STOPPED IN TRAFFIC LANE,40,No,2014,CHEVY,VAN,39.07639693,-76.95752421,2023,9,13
230052637,Injury Crash,09/01/2023 01:55:00 PM,FAIRLAND RD,NA,SAME DIR REAR END,Clear,DRY,Daylight,TRAFFIC SIGNAL,NONE DETECTED,Yes,No Apparent Injury,N/A,NOT DISTRACTED,MD,PICKUP TRUCK,MOVING CONSTANT SPEED,40,No,2020,FORD,PK,39.07639693,-76.95752421,2023,9,13
230052646,Injury Crash,09/01/2023 01:48:00 PM,WILLARD AVE,NA,STRAIGHT MOVEMENT ANGLE,Clear,DRY,Daylight,N/A,NONE DETECTED,Yes,No Apparent Injury,N/A,LOOKED BUT DID NOT SEE,DC,PASSENGER CAR,MAKING U TURN,25,No,2015,TOYOTA,AVALON,38.962325,-77.09168167,2023,9,13
230052646,Injury Crash,09/01/2023 01:48:00 PM,WILLARD AVE,NA,STRAIGHT MOVEMENT ANGLE,Clear,DRY,Daylight,N/A,NONE DETECTED,No,No Apparent Injury,N/A,NOT DISTRACTED,MD,PASSENGER CAR,MOVING CONSTANT SPEED,25,No,2022,TOYT,RAV4,38.962325,-77.09168167,2023,9,13
230052631,Property Damage Crash,09/01/2023 01:35:00 PM,HALPINE RD,NA,STRAIGHT MOVEMENT ANGLE,Clear,DRY,Daylight,NO CONTROLS,NONE DETECTED,Yes,No Apparent Injury,N/A,NOT DISTRACTED,MD,(SPORT) UTILITY VEHICLE,BACKING,25,No,2019,ACUR,UT,39.06449859,-77.11940357,2023,9,13
230052631,Property Damage Crash,09/01/2023 01:35:00 PM,HALPINE RD,NA,STRAIGHT MOVEMENT ANGLE,Clear,DRY,Daylight,NO CONTROLS,NONE DETECTED,No,No Apparent Injury,N/A,NOT DISTRACTED,VA,(SPORT) UTILITY VEHICLE,MOVING CONSTANT SPEED,25,No,2021,HYUN,KONA,39.06449859,-77.11940357,2023,9,13
230052628,Injury Crash,09/01/2023 01:30:00 PM,LAYHILL RD,NA,ANGLE MEETS LEFT TURN,Clear,DRY,Daylight,TRAFFIC SIGNAL,NONE DETECTED,Yes,No Apparent Injury,N/A,INATTENTIVE OR LOST IN THOUGHT,MD,PASSENGER CAR,MAKING LEFT TURN,35,No,2017,LEXUS,NX,39.09071833,-77.04512383,2023,9,13
230052628,Injury Crash,09/01/2023 01:30:00 PM,LAYHILL RD,NA,ANGLE MEETS LEFT TURN,Clear,DRY,Daylight,TRAFFIC SIGNAL,NONE DETECTED,No,Possible Minor Injury,N/A,NOT DISTRACTED,MD,PASSENGER CAR,MOVING CONSTANT SPEED,35,No,2020,TOYOTA,HIGHLANDER,39.09071833,-77.04512383,2023,9,13
230052629,Injury Crash,09/01/2023 01:19:00 PM,UNIVERSITY BLVD W,NA,STRAIGHT MOVEMENT ANGLE,Clear,DRY,Daylight,TRAFFIC SIGNAL,NONE DETECTED,No,No Apparent Injury,N/A,NOT DISTRACTED,MD,PASSENGER CAR,ACCELERATING,10,No,2022,TOYT,UT,39.0355775,-77.026062,2023,9,13
230052629,Injury Crash,09/01/2023 01:19:00 PM,UNIVERSITY BLVD W,NA,STRAIGHT MOVEMENT ANGLE,Clear,DRY,Daylight,TRAFFIC SIGNAL,NONE DETECTED,Yes,Possible Minor Injury,N/A,NOT DISTRACTED,MD,PASSENGER CAR,ACCELERATING,35,No,2002,MERC,SD,39.0355775,-77.026062,2023,9,13
230052624,Injury Crash,09/01/2023 01:08:00 PM,DARNESTOWN RD,NA,SAME DIR REAR END,Clear,DRY,Daylight,TRAFFIC SIGNAL,NONE DETECTED,No,Possible Minor Injury,N/A,NOT DISTRACTED,MD,PASSENGER CAR,STOPPED IN TRAFFIC LANE,50,No,2017,AUDI,TK,39.10966043,-77.30222842,2023,9,13
230052624,Injury Crash,09/01/2023 01:08:00 PM,DARNESTOWN RD,NA,SAME DIR REAR END,Clear,DRY,Daylight,TRAFFIC SIGNAL,NONE DETECTED,Yes,No Apparent Injury,N/A,OTHER CELLULAR PHONE RELATED,MD,PASSENGER CAR,MOVING CONSTANT SPEED,50,No,2007,SATURN,OUTLOOK,39.10966043,-77.30222842,2023,9,13
230052620,Property Damage Crash,09/01/2023 12:33:00 PM,SCENERY DR,NA,OPPOSITE DIRECTION SIDESWIPE,Clear,DRY,Daylight,NO CONTROLS,NONE DETECTED,Yes,No Apparent Injury,N/A,NOT DISTRACTED,MD,PASSENGER CAR,MAKING LEFT TURN,40,No,2012,VOLKS,PASSAT,39.184625,-77.23248833,2023,9,12
230052620,Property Damage Crash,09/01/2023 12:33:00 PM,SCENERY DR,NA,OPPOSITE DIRECTION SIDESWIPE,Clear,DRY,Daylight,NO CONTROLS,NONE DETECTED,No,No Apparent Injury,N/A,NOT DISTRACTED,MD,PASSENGER CAR,MOVING CONSTANT SPEED,40,No,2008,LEXS,SU,39.184625,-77.23248833,2023,9,12
230052645,Property Damage Crash,09/01/2023 12:00:00 PM,CINNAMON DR,NA,SAME DIR REAR END,Clear,DRY,Daylight,NO CONTROLS,NONE DETECTED,Yes,No Apparent Injury,N/A,UNKNOWN,MD,PASSENGER CAR,BACKING,30,No,2012,MAZDA,3,39.15617121,-77.26454379,2023,9,12
230052645,Property Damage Crash,09/01/2023 12:00:00 PM,CINNAMON DR,NA,SAME DIR REAR END,Clear,DRY,Daylight,NO CONTROLS,NONE DETECTED,No,No Apparent Injury,N/A,NOT DISTRACTED,MD,PASSENGER CAR,STOPPED IN TRAFFIC LANE,30,No,2017,HONDA,CIVIC,39.15617121,-77.26454379,2023,9,12
230052579,Property Damage Crash,09/01/2023 10:00:00 AM,NA,NA,SAME DIRECTION SIDESWIPE,Clear,NA,Daylight,NO CONTROLS,NONE DETECTED,Yes,No Apparent Injury,N/A,LOOKED BUT DID NOT SEE,VA,PICKUP TRUCK,PARKING,15,No,2012,FORD,PK,39.0627775,-77.05312817,2023,9,10
230052582,Injury Crash,09/01/2023 09:30:00 AM,SHADY GROVE RD,NA,SAME DIR REAR END,Clear,DRY,Daylight,TRAFFIC SIGNAL,NONE DETECTED,Yes,Possible Minor Injury,N/A,INATTENTIVE OR LOST IN THOUGHT,MD,PASSENGER CAR,MOVING CONSTANT SPEED,45,No,2015,CHRY,SD,39.140585,-77.15203167,2023,9,9
230052582,Injury Crash,09/01/2023 09:30:00 AM,SHADY GROVE RD,NA,SAME DIR REAR END,Clear,DRY,Daylight,TRAFFIC SIGNAL,NONE DETECTED,No,No Apparent Injury,N/A,NOT DISTRACTED,MD,PASSENGER CAR,STOPPED IN TRAFFIC LANE,45,No,2020,KIA,SOUL,39.140585,-77.15203167,2023,9,9
230052563,Injury Crash,09/01/2023 08:25:00 AM,W GUDE DR,NA,STRAIGHT MOVEMENT ANGLE,Clear,DRY,Daylight,TRAFFIC SIGNAL,NONE DETECTED,No,Possible Minor Injury,N/A,NOT DISTRACTED,MD,PASSENGER CAR,MOVING CONSTANT SPEED,45,No,2019,LEXUS,NX300,39.10679833,-77.16671146,2023,9,8
230052563,Injury Crash,09/01/2023 08:25:00 AM,W GUDE DR,NA,STRAIGHT MOVEMENT ANGLE,Clear,DRY,Daylight,TRAFFIC SIGNAL,NONE DETECTED,Yes,No Apparent Injury,N/A,NOT DISTRACTED,MD,PASSENGER CAR,MAKING LEFT TURN,45,No,2008,AUDI,A8,39.10679833,-77.16671146,2023,9,8
230052564,Property Damage Crash,09/01/2023 08:20:00 AM,GUNNERS BRANCH RD,NA,OPPOSITE DIRECTION SIDESWIPE,Clear,DRY,Daylight,NO CONTROLS,NONE DETECTED,Yes,No Apparent Injury,N/A,NOT DISTRACTED,MD,PASSENGER CAR,MAKING LEFT TURN,10,No,2016,HONDA,CIVIC,39.17835833,-77.239785,2023,9,8
230052564,Property Damage Crash,09/01/2023 08:20:00 AM,GUNNERS BRANCH RD,NA,OPPOSITE DIRECTION SIDESWIPE,Clear,DRY,Daylight,NO CONTROLS,NONE DETECTED,No,No Apparent Injury,N/A,NOT DISTRACTED,MD,SCHOOL BUS,PARKED,0,No,2017,THOM,BUS,39.17835833,-77.239785,2023,9,8
230052559,Property Damage Crash,09/01/2023 08:00:00 AM,SPRING AVE,NA,SAME DIR REAR END,Clear,DRY,Daylight,N/A,NONE DETECTED,No,No Apparent Injury,N/A,NO DRIVER PRESENT,NA,VAN,PARKED,5,Unknown,2005,FORD,VAN,39.09346254,-77.14829972,2023,9,8
230052559,Property Damage Crash,09/01/2023 08:00:00 AM,SPRING AVE,NA,SAME DIR REAR END,Clear,DRY,Daylight,N/A,NONE DETECTED,Yes,No Apparent Injury,N/A,NOT DISTRACTED,MD,SCHOOL BUS,MOVING CONSTANT SPEED,5,No,2014,THOM,BU,39.09346254,-77.14829972,2023,9,8
230052566,Property Damage Crash,09/01/2023 07:51:00 AM,MONTGOMERY VILLAGE AVE,NA,SAME DIRECTION SIDESWIPE,Clear,DRY,Daylight,TRAFFIC SIGNAL,NONE DETECTED,Yes,No Apparent Injury,N/A,NOT DISTRACTED,MD,SCHOOL BUS,MAKING LEFT TURN,35,No,2020,THMS,BU,39.15961,-77.200435,2023,9,7
230052566,Property Damage Crash,09/01/2023 07:51:00 AM,MONTGOMERY VILLAGE AVE,NA,SAME DIRECTION SIDESWIPE,Clear,DRY,Daylight,TRAFFIC SIGNAL,NONE DETECTED,Yes,No Apparent Injury,N/A,NOT DISTRACTED,MD,PASSENGER CAR,MAKING LEFT TURN,35,No,2020,TOYT,PK,39.15961,-77.200435,2023,9,7
230052554,Injury Crash,09/01/2023 06:45:00 AM,MIDCOUNTY HWY,NA,SAME DIR REAR END,Clear,DRY,Daylight,NO CONTROLS,NONE DETECTED,Yes,No Apparent Injury,N/A,NOT DISTRACTED,MD,VAN,SLOWING OR STOPPING,45,No,2015,RAM,CG,39.141795,-77.153885,2023,9,6
230052554,Injury Crash,09/01/2023 06:45:00 AM,MIDCOUNTY HWY,NA,SAME DIR REAR END,Clear,DRY,Daylight,NO CONTROLS,NONE DETECTED,No,Possible Minor Injury,N/A,NOT DISTRACTED,MD,PASSENGER CAR,SLOWING OR STOPPING,35,No,2019,FORD,SD,39.141795,-77.153885,2023,9,6
230052554,Injury Crash,09/01/2023 06:45:00 AM,MIDCOUNTY HWY,NA,SAME DIR REAR END,Clear,DRY,Daylight,NO CONTROLS,NONE DETECTED,No,No Apparent Injury,N/A,NOT DISTRACTED,MD,"OTHER LIGHT TRUCKS (10,000LBS (4,536KG) OR LESS)",SLOWING OR STOPPING,45,No,2015,TOYT,PK,39.141795,-77.153885,2023,9,6
230052577,Property Damage Crash,09/01/2023 06:45:00 AM,PORTERFIELD WAY,NA,UNKNOWN,Clear,DRY,Daylight,NO CONTROLS,NONE DETECTED,Yes,No Apparent Injury,N/A,UNKNOWN,NA,NA,MOVING CONSTANT SPEED,30,No,0,UNKNOWN,UNKNOWN,39.16455638,-77.27450908,2023,9,6
230052540,Property Damage Crash,09/01/2023 01:33:00 AM,NEW HAMPSHIRE AVE,NA,SAME DIRECTION SIDESWIPE,Clear,DRY,Medium,NO CONTROLS,NONE DETECTED,No,No Apparent Injury,N/A,NOT DISTRACTED,PA,AMBULANCE/NON EMERGENCY,PARKED,45,No,2016,FRHT,TK,39.02996155,-76.98355187,2023,9,1
230052540,Property Damage Crash,09/01/2023 01:33:00 AM,NEW HAMPSHIRE AVE,NA,SAME DIRECTION SIDESWIPE,Clear,DRY,Medium,NO CONTROLS,ALCOHOL PRESENT,Yes,No Apparent Injury,N/A,NOT DISTRACTED,MD,PASSENGER CAR,MOVING CONSTANT SPEED,45,No,2023,TOYOTA,4RUNNER,39.02996155,-76.98355187,2023,9,1
230052541,Fatal Crash,09/01/2023 01:09:00 AM,EAST WEST HWY,NA,SINGLE VEHICLE,Clear,DRY,Medium,NO CONTROLS,ALCOHOL PRESENT,Yes,Fatal Injury,N/A,UNKNOWN,MD,PASSENGER CAR,MOVING CONSTANT SPEED,35,No,2009,HONDA,CIVIC,38.99486167,-77.04364833,2023,9,1
230051741,Property Damage Crash,09/01/2023 01:02:00 AM,MIDDLEBROOK RD,NA,STRAIGHT MOVEMENT ANGLE,Clear,DRY,Medium,TRAFFIC SIGNAL,NONE DETECTED,Yes,No Apparent Injury,N/A,UNKNOWN,VA,PASSENGER CAR,MOVING CONSTANT SPEED,35,No,2007,FORD,EXPLORER,39.184685,-77.26298667,2023,9,1
230051741,Property Damage Crash,09/01/2023 01:02:00 AM,MIDDLEBROOK RD,NA,STRAIGHT MOVEMENT ANGLE,Clear,DRY,Medium,TRAFFIC SIGNAL,NONE DETECTED,No,No Apparent Injury,N/A,UNKNOWN,MD,PASSENGER CAR,MOVING CONSTANT SPEED,35,No,2016,HYUNDAI,ELANTRA,39.184685,-77.26298667,2023,9,1
230052519,Injury Crash,08/31/2023 09:44:00 PM,RANDOLPH RD,NA,STRAIGHT MOVEMENT ANGLE,Clear,DRY,Medium,TRAFFIC SIGNAL,NONE DETECTED,Yes,No Apparent Injury,N/A,LOOKED BUT DID NOT SEE,XX,PASSENGER CAR,MAKING LEFT TURN,40,No,2012,TOYOTA,PRIUS,39.07161333,-77.01143,2023,8,21
230052519,Injury Crash,08/31/2023 09:44:00 PM,RANDOLPH RD,NA,STRAIGHT MOVEMENT ANGLE,Clear,DRY,Medium,TRAFFIC SIGNAL,NONE DETECTED,No,No Apparent Injury,N/A,NOT DISTRACTED,MD,PASSENGER CAR,MOVING CONSTANT SPEED,40,No,2020,HOND,ACCORD,39.07161333,-77.01143,2023,8,21
230052501,Property Damage Crash,08/31/2023 09:03:00 PM,UNIVERSITY BLVD W,NA,HEAD ON LEFT TURN,Clear,DRY,Dark,TRAFFIC SIGNAL,NONE DETECTED,No,No Apparent Injury,N/A,NOT DISTRACTED,DC,PASSENGER CAR,ACCELERATING,35,No,2016,HONDA,ODYSSEY,39.03375333,-77.07299333,2023,8,21
230052501,Property Damage Crash,08/31/2023 09:03:00 PM,UNIVERSITY BLVD W,NA,HEAD ON LEFT TURN,Clear,DRY,Dark,TRAFFIC SIGNAL,NONE DETECTED,Yes,No Apparent Injury,N/A,NOT DISTRACTED,CA,(SPORT) UTILITY VEHICLE,MOVING CONSTANT SPEED,35,No,2023,JEEP,WRANGLER,39.03375333,-77.07299333,2023,8,21
230052508,Property Damage Crash,08/31/2023 08:45:00 PM,DARNESTOWN RD,NA,HEAD ON LEFT TURN,Clear,DRY,Medium,TRAFFIC SIGNAL,NONE DETECTED,No,No Apparent Injury,N/A,NOT DISTRACTED,MD,PASSENGER CAR,MOVING CONSTANT SPEED,40,No,2003,TOYOTA,COROLLA,39.09327339,-77.19636415,2023,8,20
230052508,Property Damage Crash,08/31/2023 08:45:00 PM,DARNESTOWN RD,NA,HEAD ON LEFT TURN,Clear,DRY,Medium,TRAFFIC SIGNAL,NONE DETECTED,Yes,No Apparent Injury,N/A,INATTENTIVE OR LOST IN THOUGHT,MD,PASSENGER CAR,MAKING LEFT TURN,40,No,2017,NISSAN,SENTRA,39.09327339,-77.19636415,2023,8,20
230052500,Property Damage Crash,08/31/2023 07:00:00 PM,NA,NA,SINGLE VEHICLE,Clear,NA,Daylight,NO CONTROLS,NONE DETECTED,Yes,No Apparent Injury,"N/A, PHYSICAL OBSTRUCTION(S)",NOT DISTRACTED,MD,POLICE VEHICLE/EMERGENCY,MOVING CONSTANT SPEED,10,No,2023,CHEVROLET,TAHOE,39.04947988,-77.12685836,2023,8,19
230052498,Property Damage Crash,08/31/2023 06:45:00 PM,VEIRS MILL RD,NA,SAME DIR REAR END,Clear,DRY,Daylight,NO CONTROLS,NONE DETECTED,No,No Apparent Injury,N/A,NOT DISTRACTED,MD,PASSENGER CAR,SLOWING OR STOPPING,45,No,2017,GILG,BUS,39.06037167,-77.089385,2023,8,18
230052498,Property Damage Crash,08/31/2023 06:45:00 PM,VEIRS MILL RD,NA,SAME DIR REAR END,Clear,DRY,Daylight,NO CONTROLS,NONE DETECTED,Yes,No Apparent Injury,N/A,UNKNOWN,XX,PASSENGER CAR,MOVING CONSTANT SPEED,45,No,2018,JEEP,WRANGLER,39.06037167,-77.089385,2023,8,18
230052483,Injury Crash,08/31/2023 06:00:00 PM,MT PISGAH RD,NA,SAME DIR REAR END,Clear,DRY,Daylight,STOP SIGN,NONE DETECTED,Yes,No Apparent Injury,N/A,INATTENTIVE OR LOST IN THOUGHT,XX,PASSENGER CAR,MOVING CONSTANT SPEED,25,No,2019,FORD,PICKUP,39.01216655,-76.97733716,2023,8,18
230052483,Injury Crash,08/31/2023 06:00:00 PM,MT PISGAH RD,NA,SAME DIR REAR END,Clear,DRY,Daylight,STOP SIGN,NONE DETECTED,No,Possible Minor Injury,N/A,NOT DISTRACTED,MD,PASSENGER CAR,SLOWING OR STOPPING,25,No,2005,CHEVY,COBALT,39.01216655,-76.97733716,2023,8,18
230052488,Property Damage Crash,08/31/2023 05:55:00 PM,RANDOLPH RD,NA,SAME DIRECTION SIDESWIPE,Clear,DRY,Daylight,TRAFFIC SIGNAL,NONE DETECTED,Yes,No Apparent Injury,N/A,DISTRACTED BY OUTSIDE PERSON OBJECT OR EVENT,MD,PASSENGER CAR,LEAVING TRAFFIC LANE,45,No,2018,HOND,4S,39.06587017,-77.03468583,2023,8,17
230052488,Property Damage Crash,08/31/2023 05:55:00 PM,RANDOLPH RD,NA,SAME DIRECTION SIDESWIPE,Clear,DRY,Daylight,TRAFFIC SIGNAL,NONE DETECTED,No,No Apparent Injury,N/A,NOT DISTRACTED,MD,PASSENGER CAR,MOVING CONSTANT SPEED,45,No,2009,HOND,4S,39.06587017,-77.03468583,2023,8,17
230052489,Property Damage Crash,08/31/2023 05:32:00 PM,PINEY BRANCH RD,NA,STRAIGHT MOVEMENT ANGLE,Clear,DRY,Daylight,NO CONTROLS,NONE DETECTED,Yes,No Apparent Injury,N/A,LOOKED BUT DID NOT SEE,MD,PICKUP TRUCK,MAKING LEFT TURN,40,No,2010,TOYT,PK,38.99957167,-76.99449333,2023,8,17
230052489,Property Damage Crash,08/31/2023 05:32:00 PM,PINEY BRANCH RD,NA,STRAIGHT MOVEMENT ANGLE,Clear,DRY,Daylight,NO CONTROLS,NONE DETECTED,No,No Apparent Injury,N/A,NOT DISTRACTED,DC,PASSENGER CAR,MOVING CONSTANT SPEED,40,No,2018,NISSAN,VERSA,38.99957167,-76.99449333,2023,8,17
230052474,Injury Crash,08/31/2023 04:50:00 PM,CLUB HOUSE RD,NA,ANGLE MEETS LEFT TURN,Clear,DRY,Daylight,TRAFFIC SIGNAL,NONE DETECTED,No,No Apparent Injury,N/A,NOT DISTRACTED,MD,PASSENGER CAR,MOVING CONSTANT SPEED,35,No,2016,BUIC,TK,39.17405,-77.20803333,2023,8,16
230052474,Injury Crash,08/31/2023 04:50:00 PM,CLUB HOUSE RD,NA,ANGLE MEETS LEFT TURN,Clear,DRY,Daylight,TRAFFIC SIGNAL,NONE DETECTED,Yes,No Apparent Injury,N/A,LOOKED BUT DID NOT SEE,MD,PASSENGER CAR,MAKING LEFT TURN,35,No,2011,MERCEDES,C300,39.17405,-77.20803333,2023,8,16
230052487,Property Damage Crash,08/31/2023 04:07:00 PM,OLNEY SANDY SPRING RD,NA,SAME DIRECTION SIDESWIPE,Clear,DRY,Daylight,N/A,NONE DETECTED,Yes,No Apparent Injury,N/A,OTHER DISTRACTION,MD,PASSENGER CAR,MOVING CONSTANT SPEED,30,No,2015,KIA,FORTE,39.15199036,-77.06477833,2023,8,16
230052487,Property Damage Crash,08/31/2023 04:07:00 PM,OLNEY SANDY SPRING RD,NA,SAME DIRECTION SIDESWIPE,Clear,DRY,Daylight,N/A,NONE DETECTED,No,No Apparent Injury,N/A,NOT DISTRACTED,MD,PASSENGER CAR,MOVING CONSTANT SPEED,30,No,2012,TOYOTA,4S,39.15199036,-77.06477833,2023,8,16