Local Case Number,ACRS Report Type,Crash Date/Time,Road Name,Related Non-Motorist,Collision Type,Weather,Surface Condition,Light,Traffic Control,Driver Substance Abuse,Driver At Fault,Injury Severity,Circumstance,Driver Distracted By,Drivers License State,Vehicle Body Type,Vehicle Movement,Speed Limit,Driverless Vehicle,Vehicle Year,Vehicle Make,Vehicle Model,Latitude,Longitude,Year,Month,Hour
230052240,Injury Crash,08/30/2023 03:15:00 PM,WATKINS MILL RD,NA,STRAIGHT MOVEMENT ANGLE,Clear,DRY,Daylight,STOP SIGN,NONE DETECTED,No,Possible Minor Injury,N/A,NOT DISTRACTED,MD,PASSENGER CAR,MOVING CONSTANT SPEED,35,No,2018,TOYOTA,CAMRY,39.17591167,-77.20953667,2023,8,15
230052241,Property Damage Crash,08/30/2023 02:58:00 PM,VALLEY BROOK DR,NA,N/A,Clear,DRY,Daylight,NO CONTROLS,NONE DETECTED,Yes,No Apparent Injury,N/A,LOOKED BUT DID NOT SEE,MD,SCHOOL BUS,MOVING CONSTANT SPEED,25,No,2016,THOM,BUS,39.05795315,-77.00134045,2023,8,14
230052239,Property Damage Crash,08/30/2023 02:35:00 PM,OLD GEORGETOWN RD,NA,OTHER,Clear,DRY,Daylight,NO CONTROLS,NONE DETECTED,No,No Apparent Injury,N/A,NOT DISTRACTED,MD,POLICE VEHICLE/EMERGENCY,MOVING CONSTANT SPEED,35,No,2023,TESL,UT,39.06156667,-77.12962,2023,8,14
230052239,Property Damage Crash,08/30/2023 02:35:00 PM,OLD GEORGETOWN RD,NA,OTHER,Clear,DRY,Daylight,NO CONTROLS,NONE DETECTED,Yes,No Apparent Injury,N/A,INATTENTIVE OR LOST IN THOUGHT,MD,PASSENGER CAR,MOVING CONSTANT SPEED,35,No,2004,HONDA,ACCORD,39.06156667,-77.12962,2023,8,14
230052227,Property Damage Crash,08/30/2023 02:15:00 PM,SHADY GROVE RD,NA,OTHER,Clear,DRY,Daylight,NO CONTROLS,NONE DETECTED,Yes,No Apparent Injury,N/A,UNKNOWN,NA,TRANSIT BUS,MOVING CONSTANT SPEED,40,No,0,UNKNOWN,UNKNOWN,39.12567878,-77.17432747,2023,8,14
230052227,Property Damage Crash,08/30/2023 02:15:00 PM,SHADY GROVE RD,NA,OTHER,Clear,DRY,Daylight,NO CONTROLS,NONE DETECTED,No,No Apparent Injury,N/A,NOT DISTRACTED,MD,TRANSIT BUS,MOVING CONSTANT SPEED,40,No,2016,THOMAS,BUS,39.12567878,-77.17432747,2023,8,14
230052284,Property Damage Crash,08/30/2023 01:15:00 PM,NA,NA,OPPOSITE DIRECTION SIDESWIPE,Clear,NA,Daylight,NO CONTROLS,NONE DETECTED,Yes,No Apparent Injury,N/A,UNKNOWN,NA,PASSENGER CAR,PARKING,15,No,2016,CADILLAC,SUV,39.09713572,-77.19207048,2023,8,13
230052223,Property Damage Crash,08/30/2023 01:10:00 PM,MONTGOMERY AVE,NA,STRAIGHT MOVEMENT ANGLE,Clear,DRY,Daylight,TRAFFIC SIGNAL,NONE DETECTED,Yes,No Apparent Injury,N/A,OTHER DISTRACTION,VA,PASSENGER CAR,ACCELERATING,25,No,2013,HONDA,ACCORD,38.98365,-77.09195,2023,8,13
230052223,Property Damage Crash,08/30/2023 01:10:00 PM,MONTGOMERY AVE,NA,STRAIGHT MOVEMENT ANGLE,Clear,DRY,Daylight,TRAFFIC SIGNAL,NONE DETECTED,No,No Apparent Injury,N/A,NOT DISTRACTED,MD,(SPORT) UTILITY VEHICLE,STARTING FROM LANE,20,No,2014,HOND,CR-V,38.98365,-77.09195,2023,8,13
230052209,Property Damage Crash,08/30/2023 12:57:00 PM,GERMANTOWN RD,NA,HEAD ON LEFT TURN,Clear,DRY,Daylight,TRAFFIC SIGNAL,NONE DETECTED,No,No Apparent Injury,N/A,NOT DISTRACTED,MD,PASSENGER CAR,STARTING FROM LANE,45,No,2012,TOYOTA,CAMRY,39.1864575,-77.25337467,2023,8,12
230052209,Property Damage Crash,08/30/2023 12:57:00 PM,GERMANTOWN RD,NA,HEAD ON LEFT TURN,Clear,DRY,Daylight,TRAFFIC SIGNAL,NONE DETECTED,Yes,No Apparent Injury,N/A,NOT DISTRACTED,MD,PASSENGER CAR,MAKING LEFT TURN,45,No,2018,HONDA,ACCORD,39.1864575,-77.25337467,2023,8,12
230052196,Property Damage Crash,08/30/2023 11:54:00 AM,FIRST ST,NA,OTHER,Clear,DRY,Daylight,N/A,NONE DETECTED,Yes,No Apparent Injury,N/A,UNKNOWN,MD,PASSENGER CAR,UNKNOWN,25,No,2007,LEXUS,ES350,39.09467017,-77.13461367,2023,8,11
230052191,Injury Crash,08/30/2023 11:35:00 AM,NA,OTHER,STRAIGHT MOVEMENT ANGLE,Clear,NA,Daylight,NO CONTROLS,NONE DETECTED,No,No Apparent Injury,N/A,NOT DISTRACTED,MD,PASSENGER CAR,MAKING LEFT TURN,30,No,2008,HONDA,PILOT,39.1417919,-77.19725347,2023,8,11
230052181,Property Damage Crash,08/30/2023 11:15:00 AM,FERNWOOD RD,NA,ANGLE MEETS LEFT TURN,Clear,DRY,Daylight,STOP SIGN,NONE DETECTED,Yes,No Apparent Injury,N/A,LOOKED BUT DID NOT SEE,MD,VAN,MAKING LEFT TURN,30,No,2018,DODGE,PROMASTER,39.02089333,-77.13492167,2023,8,11
230052181,Property Damage Crash,08/30/2023 11:15:00 AM,FERNWOOD RD,NA,ANGLE MEETS LEFT TURN,Clear,DRY,Daylight,STOP SIGN,NONE DETECTED,No,No Apparent Injury,N/A,NOT DISTRACTED,MD,PASSENGER CAR,MOVING CONSTANT SPEED,30,No,2016,HOND,TK,39.02089333,-77.13492167,2023,8,11
23001689,Property Damage Crash,08/30/2023 11:01:00 AM,TWINBROOK PKWY,NA,SAME DIRECTION SIDESWIPE,Clear,DRY,Daylight,NO CONTROLS,NONE DETECTED,Unknown,No Apparent Injury,N/A,LOOKED BUT DID NOT SEE,MD,(SPORT) UTILITY VEHICLE,CHANGING LANES,35,No,2017,FORD,TK,39.06989822,-77.11398595,2023,8,11
23001689,Property Damage Crash,08/30/2023 11:01:00 AM,TWINBROOK PKWY,NA,SAME DIRECTION SIDESWIPE,Clear,DRY,Daylight,NO CONTROLS,NONE DETECTED,Unknown,No Apparent Injury,N/A,NOT DISTRACTED,MD,PASSENGER CAR,MOVING CONSTANT SPEED,35,No,2004,HONDA,4S,39.06989822,-77.11398595,2023,8,11
230052154,Property Damage Crash,08/30/2023 10:03:00 AM,OLD GEORGETOWN RD,NA,SAME DIRECTION SIDESWIPE,Clear,DRY,Daylight,TRAFFIC SIGNAL,NONE DETECTED,Unknown,No Apparent Injury,N/A,NOT DISTRACTED,MD,(SPORT) UTILITY VEHICLE,MAKING LEFT TURN,35,No,2020,HONDA,PILOT,39.02699517,-77.1268795,2023,8,10
230052154,Property Damage Crash,08/30/2023 10:03:00 AM,OLD GEORGETOWN RD,NA,SAME DIRECTION SIDESWIPE,Clear,DRY,Daylight,TRAFFIC SIGNAL,NONE DETECTED,Unknown,No Apparent Injury,N/A,UNKNOWN,MD,TRANSIT BUS,MAKING LEFT TURN,35,No,2013,NEW FLYER,TRANSIT BUS,39.02699517,-77.1268795,2023,8,10
230052166,Property Damage Crash,08/30/2023 09:54:00 AM,NA,NA,OTHER,Clear,NA,Daylight,N/A,ALCOHOL PRESENT,Yes,No Apparent Injury,N/A,UNKNOWN,MD,PASSENGER CAR,ACCELERATING,0,No,2007,HONDA,CRV,39.04154064,-76.9887855,2023,8,9
230052152,Property Damage Crash,08/30/2023 08:44:00 AM,COLUMBIA PIKE,NA,SAME DIR REAR END,Cloudy,DRY,Daylight,N/A,NONE DETECTED,Yes,No Apparent Injury,N/A,NOT DISTRACTED,MD,(SPORT) UTILITY VEHICLE,MOVING CONSTANT SPEED,50,No,2017,HOND,CRV,39.06675145,-76.95994893,2023,8,8
230052152,Property Damage Crash,08/30/2023 08:44:00 AM,COLUMBIA PIKE,NA,SAME DIR REAR END,Cloudy,DRY,Daylight,N/A,NONE DETECTED,No,No Apparent Injury,N/A,NOT DISTRACTED,MD,PASSENGER CAR,STOPPED IN TRAFFIC LANE,50,No,2004,TOYT,CAMRY,39.06675145,-76.95994893,2023,8,8
230052148,Property Damage Crash,08/30/2023 08:26:00 AM,NORWOOD RD,NA,SINGLE VEHICLE,Cloudy,DRY,Daylight,N/A,NONE DETECTED,Yes,No Apparent Injury,N/A,EATING OR DRINKING,MD,(SPORT) UTILITY VEHICLE,MOVING CONSTANT SPEED,40,No,2022,HOND,PILOT,39.11181167,-77.01193333,2023,8,8
230052146,Property Damage Crash,08/30/2023 08:15:00 AM,NA,NA,OTHER,Clear,NA,Daylight,NO CONTROLS,NONE DETECTED,Yes,No Apparent Injury,N/A,UNKNOWN,MD,FIRE VEHICLE/EMERGENCY,OTHER,5,No,2022,PIERCE,AERIAL,39.07328833,-77.003575,2023,8,8
230052138,Property Damage Crash,08/30/2023 08:00:00 AM,OLD GEORGETOWN RD,NA,SAME DIR REAR END,Clear,DRY,Daylight,NO CONTROLS,NONE DETECTED,Yes,No Apparent Injury,N/A,INATTENTIVE OR LOST IN THOUGHT,MD,PASSENGER CAR,MOVING CONSTANT SPEED,35,No,2009,HYUN,4S,39.04856333,-77.09659833,2023,8,8
230052138,Property Damage Crash,08/30/2023 08:00:00 AM,OLD GEORGETOWN RD,NA,SAME DIR REAR END,Clear,DRY,Daylight,NO CONTROLS,NONE DETECTED,No,No Apparent Injury,N/A,NOT DISTRACTED,MD,PASSENGER CAR,STOPPED IN TRAFFIC LANE,35,No,2015,DODG,4S,39.04856333,-77.09659833,2023,8,8
230052144,Property Damage Crash,08/30/2023 07:45:00 AM,AIRPARK RD,NA,SAME DIR REAR END,Cloudy,WET,Daylight,NO CONTROLS,NONE DETECTED,No,No Apparent Injury,"N/A, WET",NOT DISTRACTED,MD,TRANSIT BUS,STOPPED IN TRAFFIC LANE,45,No,2017,GILG,BUS,39.14929,-77.1466,2023,8,7
230052144,Property Damage Crash,08/30/2023 07:45:00 AM,AIRPARK RD,NA,SAME DIR REAR END,Cloudy,WET,Daylight,NO CONTROLS,NONE DETECTED,Yes,No Apparent Injury,"N/A, WET",UNKNOWN,MD,(SPORT) UTILITY VEHICLE,UNKNOWN,45,No,2007,TOYOTA,HIGHLANDER,39.14929,-77.1466,2023,8,7
230052135,Injury Crash,08/30/2023 07:31:00 AM,PINEY BRANCH RD,NA,STRAIGHT MOVEMENT ANGLE,Cloudy,DRY,Daylight,NO CONTROLS,NONE DETECTED,Yes,Possible Minor Injury,N/A,NOT DISTRACTED,MD,PASSENGER CAR,MOVING CONSTANT SPEED,35,No,2012,FORD,FOCUS,39.00065139,-76.98941376,2023,8,7
230052135,Injury Crash,08/30/2023 07:31:00 AM,PINEY BRANCH RD,NA,STRAIGHT MOVEMENT ANGLE,Cloudy,DRY,Daylight,NO CONTROLS,NONE DETECTED,Yes,No Apparent Injury,N/A,LOOKED BUT DID NOT SEE,XX,PASSENGER CAR,MAKING LEFT TURN,35,No,2010,HONDA,ACCORD,39.00065139,-76.98941376,2023,8,7
230052137,Property Damage Crash,08/30/2023 07:12:00 AM,DAMASCUS RD,NA,SAME DIRECTION SIDESWIPE,Clear,DRY,Daylight,OTHER,NONE DETECTED,No,No Apparent Injury,N/A,NOT DISTRACTED,MD,PASSENGER CAR,MOVING CONSTANT SPEED,50,No,2013,HONDA,CIVIC 4S,39.26199333,-77.14966667,2023,8,7
230052137,Property Damage Crash,08/30/2023 07:12:00 AM,DAMASCUS RD,NA,SAME DIRECTION SIDESWIPE,Clear,DRY,Daylight,OTHER,NONE DETECTED,Yes,No Apparent Injury,N/A,NOT DISTRACTED,MD,PASSENGER CAR,PASSING,50,No,2009,HONDA,CIVIC 4S,39.26199333,-77.14966667,2023,8,7
230052125,Property Damage Crash,08/30/2023 06:35:00 AM,RIVER RD,NA,SINGLE VEHICLE,Clear,DRY,Medium,TRAFFIC SIGNAL,NONE DETECTED,Yes,No Apparent Injury,N/A,UNKNOWN,DC,PASSENGER CAR,MOVING CONSTANT SPEED,35,No,2019,CHEVY,MALIBU,38.99006667,-77.15254167,2023,8,6
230052123,Injury Crash,08/30/2023 05:20:00 AM,CLOPPER RD,NA,STRAIGHT MOVEMENT ANGLE,Cloudy,WET,Medium,STOP SIGN,NONE DETECTED,No,Possible Minor Injury,"N/A, WET",NOT DISTRACTED,MD,TRANSIT BUS,MOVING CONSTANT SPEED,35,No,2018,GILLIG,BUS,39.15625067,-77.2646025,2023,8,5
230052123,Injury Crash,08/30/2023 05:20:00 AM,CLOPPER RD,NA,STRAIGHT MOVEMENT ANGLE,Cloudy,WET,Medium,STOP SIGN,NONE DETECTED,Yes,Suspected Serious Injury,"N/A, WET",UNKNOWN,MD,PASSENGER CAR,MAKING LEFT TURN,35,No,2013,VOLVO,S60,39.15625067,-77.2646025,2023,8,5
230052182,Property Damage Crash,08/30/2023 02:00:00 AM,NA,NA,OTHER,Clear,NA,Dark,NO CONTROLS,NONE DETECTED,Yes,No Apparent Injury,N/A,UNKNOWN,XX,UNKNOWN,BACKING,10,No,0,UNKNOWN,UNKNOWN,39.16268701,-77.25399842,2023,8,2
230052079,Injury Crash,08/29/2023 08:09:00 PM,FATHER HURLEY BLVD,NA,HEAD ON LEFT TURN,Clear,DRY,Medium,TRAFFIC SIGNAL,NONE DETECTED,Yes,Possible Minor Injury,N/A,LOOKED BUT DID NOT SEE,MD,(SPORT) UTILITY VEHICLE,MAKING LEFT TURN,35,No,2020,NISSAN,ROGUE,39.1919,-77.27187167,2023,8,20
230052079,Injury Crash,08/29/2023 08:09:00 PM,FATHER HURLEY BLVD,NA,HEAD ON LEFT TURN,Clear,DRY,Medium,TRAFFIC SIGNAL,NONE DETECTED,Yes,Possible Minor Injury,N/A,UNKNOWN,MD,PASSENGER CAR,ACCELERATING,35,No,2019,BMW,B58,39.1919,-77.27187167,2023,8,20
230052076,Injury Crash,08/29/2023 07:15:00 PM,ROCKVILLE PIKE,PEDESTRIAN,OTHER,Clear,DRY,Daylight,TRAFFIC SIGNAL,NONE DETECTED,Yes,No Apparent Injury,N/A,LOOKED BUT DID NOT SEE,NA,PASSENGER CAR,MAKING RIGHT TURN,15,No,2021,HONDA,ACCORD,39.05738374,-77.1204141,2023,8,19
230052063,Property Damage Crash,08/29/2023 06:40:00 PM,UNIVERSITY BLVD W,NA,STRAIGHT MOVEMENT ANGLE,Clear,DRY,Daylight,NO CONTROLS,NONE DETECTED,Yes,No Apparent Injury,N/A,UNKNOWN,MD,"CARGO VAN/LIGHT TRUCK 2 AXLES (OVER 10,000LBS (4,536 KG))",MOVING CONSTANT SPEED,35,No,2006,FORD,E350,39.037005,-77.061378,2023,8,18
230052063,Property Damage Crash,08/29/2023 06:40:00 PM,UNIVERSITY BLVD W,NA,STRAIGHT MOVEMENT ANGLE,Clear,DRY,Daylight,NO CONTROLS,NONE DETECTED,Yes,No Apparent Injury,N/A,UNKNOWN,MD,PASSENGER CAR,SLOWING OR STOPPING,35,No,2001,FORD,MUSTANG,39.037005,-77.061378,2023,8,18
230052045,Injury Crash,08/29/2023 05:15:00 PM,LOCKWOOD DR,NA,STRAIGHT MOVEMENT ANGLE,Clear,DRY,Daylight,TRAFFIC SIGNAL,NONE DETECTED,Unknown,Possible Minor Injury,N/A,NOT DISTRACTED,DC,PASSENGER CAR,MAKING LEFT TURN,25,No,2009,CHRYSLER,SEBRING,39.04026333,-76.98956167,2023,8,17
230052045,Injury Crash,08/29/2023 05:15:00 PM,LOCKWOOD DR,NA,STRAIGHT MOVEMENT ANGLE,Clear,DRY,Daylight,TRAFFIC SIGNAL,NONE DETECTED,Unknown,Possible Minor Injury,N/A,NOT DISTRACTED,MD,PASSENGER CAR,MOVING CONSTANT SPEED,25,No,2015,TOYOTA,RAV4,39.04026333,-76.98956167,2023,8,17
230052040,Property Damage Crash,08/29/2023 04:35:00 PM,ASPEN HILL RD,NA,STRAIGHT MOVEMENT ANGLE,Cloudy,DRY,Daylight,TRAFFIC SIGNAL,NONE DETECTED,No,No Apparent Injury,N/A,NOT DISTRACTED,MD,TRANSIT BUS,MOVING CONSTANT SPEED,25,No,2012,GILLIG,LOW FLOOR BUS,39.07122933,-77.09910983,2023,8,16
230052040,Property Damage Crash,08/29/2023 04:35:00 PM,ASPEN HILL RD,NA,STRAIGHT MOVEMENT ANGLE,Cloudy,DRY,Daylight,TRAFFIC SIGNAL,NONE DETECTED,Yes,No Apparent Injury,N/A,NOT DISTRACTED,MD,PASSENGER CAR,MAKING RIGHT TURN,25,No,2011,FORD,FOCUS,39.07122933,-77.09910983,2023,8,16
230052031,Property Damage Crash,08/29/2023 04:00:00 PM,COLESVILLE RD,NA,SAME DIR REND RIGHT TURN,Cloudy,DRY,Daylight,TRAFFIC SIGNAL,NONE DETECTED,Yes,No Apparent Injury,N/A,NOT DISTRACTED,MD,OTHER BUS,MOVING CONSTANT SPEED,35,No,2016,NEW FLYER,TBU,39.00517483,-77.02303017,2023,8,16
230052031,Property Damage Crash,08/29/2023 04:00:00 PM,COLESVILLE RD,NA,SAME DIR REND RIGHT TURN,Cloudy,DRY,Daylight,TRAFFIC SIGNAL,NONE DETECTED,No,No Apparent Injury,N/A,UNKNOWN,NA,UNKNOWN,MAKING RIGHT TURN,35,No,0,UNKNOWN,UNKNOWN,39.00517483,-77.02303017,2023,8,16
230052025,Injury Crash,08/29/2023 03:30:00 PM,FALLS BRIDGE LA,PEDESTRIAN,SINGLE VEHICLE,Cloudy,DRY,Daylight,NO CONTROLS,NONE DETECTED,Yes,No Apparent Injury,N/A,LOOKED BUT DID NOT SEE,MD,(SPORT) UTILITY VEHICLE,MOVING CONSTANT SPEED,25,No,2006,LEXUS,GX470,38.99188667,-77.0979,2023,8,15
230052029,Property Damage Crash,08/29/2023 03:24:00 PM,DAMASCUS RD,NA,SINGLE VEHICLE,Cloudy,DRY,Daylight,NO CONTROLS,NONE DETECTED,Yes,No Apparent Injury,N/A,UNKNOWN,MD,(SPORT) UTILITY VEHICLE,MOVING CONSTANT SPEED,40,No,2021,MAZDA,CX5,39.23673964,-77.10150508,2023,8,15
230052017,Injury Crash,08/29/2023 03:01:00 PM,NORBECK RD,NA,STRAIGHT MOVEMENT ANGLE,Clear,DRY,Daylight,TRAFFIC SIGNAL,NONE DETECTED,No,Possible Minor Injury,N/A,NOT DISTRACTED,MD,PICKUP TRUCK,ACCELERATING,45,No,2016,GMC,SIERRA,39.12081367,-77.03386017,2023,8,15
230052017,Injury Crash,08/29/2023 03:01:00 PM,NORBECK RD,NA,STRAIGHT MOVEMENT ANGLE,Clear,DRY,Daylight,TRAFFIC SIGNAL,NONE DETECTED,Yes,Possible Minor Injury,N/A,UNKNOWN,MD,"MEDIUM/HEAVY TRUCKS 3 AXLES (OVER 10,000LBS (4,536KG))",MOVING CONSTANT SPEED,45,No,1993,FREIGHTLINER,DUMP TRUCK,39.12081367,-77.03386017,2023,8,15
230052014,Injury Crash,08/29/2023 02:33:00 PM,NEW HAMPSHIRE AVE,NA,SAME DIR REAR END,Clear,DRY,Daylight,TRAFFIC SIGNAL,NONE DETECTED,No,Possible Minor Injury,N/A,NOT DISTRACTED,MD,MOTORCYCLE,STOPPED IN TRAFFIC LANE,40,No,2015,HONDA,MOTORCYCLE,39.02014933,-76.9764805,2023,8,14
230052014,Injury Crash,08/29/2023 02:33:00 PM,NEW HAMPSHIRE AVE,NA,SAME DIR REAR END,Clear,DRY,Daylight,TRAFFIC SIGNAL,NONE DETECTED,Yes,No Apparent Injury,N/A,UNKNOWN,MD,PASSENGER CAR,MOVING CONSTANT SPEED,40,No,2018,DODGE,CHALLENGER,39.02014933,-76.9764805,2023,8,14
230052021,Property Damage Crash,08/29/2023 02:00:00 PM,NA,NA,SAME DIR REAR END,Clear,NA,Daylight,NO CONTROLS,NONE DETECTED,Yes,No Apparent Injury,N/A,UNKNOWN,NA,PASSENGER CAR,PARKING,15,No,2016,DODGE,CHARGER,39.05236683,-76.95606833,2023,8,14
230051987,Property Damage Crash,08/29/2023 01:11:00 PM,WATKINS MILL RD,NA,SINGLE VEHICLE,Cloudy,WET,Daylight,NO CONTROLS,NONE DETECTED,Yes,No Apparent Injury,"RAIN, SNOW, WET",NOT DISTRACTED,MD,PASSENGER CAR,MOVING CONSTANT SPEED,40,No,2021,TOYOTA,CORLLA,39.18978655,-77.220277,2023,8,13
230052032,Property Damage Crash,08/29/2023 12:00:00 PM,ROCKVILLE PIKE,NA,SAME DIRECTION SIDESWIPE,Cloudy,DRY,Daylight,NO CONTROLS,NONE DETECTED,No,No Apparent Injury,N/A,NOT DISTRACTED,MD,PASSENGER CAR,MOVING CONSTANT SPEED,35,No,2016,BMW,V28,39.01289791,-77.09854259,2023,8,12
230052032,Property Damage Crash,08/29/2023 12:00:00 PM,ROCKVILLE PIKE,NA,SAME DIRECTION SIDESWIPE,Cloudy,DRY,Daylight,NO CONTROLS,NONE DETECTED,Yes,No Apparent Injury,N/A,UNKNOWN,NA,PASSENGER CAR,CHANGING LANES,35,No,2016,MAZDA,CX-9,39.01289791,-77.09854259,2023,8,12
230051975,Property Damage Crash,08/29/2023 11:45:00 AM,VEIRS MILL RD,NA,SAME DIR REAR END,Rain,WET,Daylight,NO CONTROLS,NONE DETECTED,Yes,No Apparent Injury,"RAIN, SNOW, WET",NOT DISTRACTED,MD,PASSENGER CAR,MOVING CONSTANT SPEED,40,No,2017,MAZD,SD,39.07765435,-77.12553598,2023,8,11
230051975,Property Damage Crash,08/29/2023 11:45:00 AM,VEIRS MILL RD,NA,SAME DIR REAR END,Rain,WET,Daylight,NO CONTROLS,NONE DETECTED,No,No Apparent Injury,"RAIN, SNOW, WET",NOT DISTRACTED,MD,STATION WAGON,STOPPED IN TRAFFIC LANE,40,No,2013,MAZD,SW,39.07765435,-77.12553598,2023,8,11
230051977,Property Damage Crash,08/29/2023 11:42:00 AM,RICHTER FARM RD,NA,SAME DIR REAR END,Rain,WET,Daylight,NO CONTROLS,NONE DETECTED,No,No Apparent Injury,"RAIN, SNOW, WET",NOT DISTRACTED,MD,PASSENGER CAR,STOPPED IN TRAFFIC LANE,25,No,2019,JEEP,WRANGLER,39.14940139,-77.2802276,2023,8,11
230051977,Property Damage Crash,08/29/2023 11:42:00 AM,RICHTER FARM RD,NA,SAME DIR REAR END,Rain,WET,Daylight,NO CONTROLS,NONE DETECTED,Yes,No Apparent Injury,"RAIN, SNOW, WET",INATTENTIVE OR LOST IN THOUGHT,MD,PASSENGER CAR,MOVING CONSTANT SPEED,25,No,2010,TOYOTA,VENZA,39.14940139,-77.2802276,2023,8,11
230051964,Injury Crash,08/29/2023 10:27:00 AM,FREDERICK RD,NA,STRAIGHT MOVEMENT ANGLE,Rain,WET,Daylight,TRAFFIC SIGNAL,NONE DETECTED,Unknown,No Apparent Injury,N/A,NOT DISTRACTED,MD,PICKUP TRUCK,STARTING FROM LANE,40,No,2013,CHEV,TU,39.12286833,-77.17748833,2023,8,10
230051964,Injury Crash,08/29/2023 10:27:00 AM,FREDERICK RD,NA,STRAIGHT MOVEMENT ANGLE,Rain,WET,Daylight,TRAFFIC SIGNAL,NONE DETECTED,Unknown,No Apparent Injury,N/A,NOT DISTRACTED,MD,"MEDIUM/HEAVY TRUCKS 3 AXLES (OVER 10,000LBS (4,536KG))",MAKING LEFT TURN,40,No,2018,KW,TRUCK,39.12286833,-77.17748833,2023,8,10
230051961,Injury Crash,08/29/2023 09:47:00 AM,WATKINS MILL RD,NA,HEAD ON,Clear,DRY,Daylight,TRAFFIC SIGNAL,NONE DETECTED,No,No Apparent Injury,N/A,NOT DISTRACTED,MD,PASSENGER CAR,STOPPED IN TRAFFIC LANE,35,No,2018,HOND,TK,39.17052541,-77.20894854,2023,8,9
230051961,Injury Crash,08/29/2023 09:47:00 AM,WATKINS MILL RD,NA,HEAD ON,Clear,DRY,Daylight,TRAFFIC SIGNAL,NONE DETECTED,Yes,No Apparent Injury,N/A,UNKNOWN,NA,PASSENGER CAR,MOVING CONSTANT SPEED,35,No,2022,NISSAN,MURANO,39.17052541,-77.20894854,2023,8,9
230051961,Injury Crash,08/29/2023 09:47:00 AM,WATKINS MILL RD,NA,HEAD ON,Clear,DRY,Daylight,TRAFFIC SIGNAL,NONE DETECTED,No,No Apparent Injury,N/A,NOT DISTRACTED,MD,PASSENGER CAR,STOPPED IN TRAFFIC LANE,35,No,2013,TOYT,SD,39.17052541,-77.20894854,2023,8,9
230051961,Injury Crash,08/29/2023 09:47:00 AM,WATKINS MILL RD,NA,HEAD ON,Clear,DRY,Daylight,TRAFFIC SIGNAL,NONE DETECTED,No,Possible Minor Injury,N/A,NOT DISTRACTED,MD,PASSENGER CAR,STOPPED IN TRAFFIC LANE,35,No,2017,TOYT,4H,39.17052541,-77.20894854,2023,8,9
230051956,Injury Crash,08/29/2023 09:25:00 AM,AVERY RD,NA,SINGLE VEHICLE,Rain,WET,Daylight,NO CONTROLS,NONE DETECTED,Yes,Possible Minor Injury,N/A,UNKNOWN,MD,(SPORT) UTILITY VEHICLE,MOVING CONSTANT SPEED,40,No,2012,TOYOTA,RAV4,39.11968833,-77.11883833,2023,8,9
230051954,Property Damage Crash,08/29/2023 09:01:00 AM,NA,NA,SAME DIRECTION SIDESWIPE,Cloudy,NA,Daylight,NO CONTROLS,NONE DETECTED,No,No Apparent Injury,N/A,NOT DISTRACTED,MD,SCHOOL BUS,STOPPED IN TRAFFIC LANE,15,No,2016,THOM,BU,39.09104833,-77.066575,2023,8,9
230051954,Property Damage Crash,08/29/2023 09:01:00 AM,NA,NA,SAME DIRECTION SIDESWIPE,Cloudy,NA,Daylight,NO CONTROLS,NONE DETECTED,Yes,No Apparent Injury,N/A,UNKNOWN,NA,(SPORT) UTILITY VEHICLE,STARTING FROM PARKED,15,No,2022,HONDA,PILOT,39.09104833,-77.066575,2023,8,9
230051931,Property Damage Crash,08/29/2023 12:51:00 AM,UNIVERSITY BLVD E SERV RD,NA,STRAIGHT MOVEMENT ANGLE,Clear,DRY,Medium,NO CONTROLS,NONE DETECTED,Unknown,No Apparent Injury,N/A,NOT DISTRACTED,MD,(SPORT) UTILITY VEHICLE,ENTERING TRAFFIC LANE,15,No,2016,FORD,EXPLORER,38.98751914,-76.98691046,2023,8,0
230051931,Property Damage Crash,08/29/2023 12:51:00 AM,UNIVERSITY BLVD E SERV RD,NA,STRAIGHT MOVEMENT ANGLE,Clear,DRY,Medium,NO CONTROLS,NONE DETECTED,Unknown,No Apparent Injury,N/A,UNKNOWN,PA,PASSENGER CAR,MOVING CONSTANT SPEED,15,No,2020,TOYOTA,CAMRY,38.98751914,-76.98691046,2023,8,0
230051923,Property Damage Crash,08/28/2023 10:24:00 PM,GEORGIA AVE,NA,SAME DIRECTION SIDESWIPE,Clear,DRY,Medium,NO CONTROLS,NONE DETECTED,Yes,No Apparent Injury,N/A,NOT DISTRACTED,DC,AMBULANCE/EMERGENCY,MOVING CONSTANT SPEED,35,No,2019,FRHT,TK,39.02486167,-77.04603167,2023,8,22
230051923,Property Damage Crash,08/28/2023 10:24:00 PM,GEORGIA AVE,NA,SAME DIRECTION SIDESWIPE,Clear,DRY,Medium,NO CONTROLS,NONE DETECTED,No,No Apparent Injury,N/A,NOT DISTRACTED,OH,RECREATIONAL VEHICLE,MOVING CONSTANT SPEED,35,No,2007,SOUT,MH,39.02486167,-77.04603167,2023,8,22
230051911,Property Damage Crash,08/28/2023 08:20:00 PM,WAYNE AVE,NA,OTHER,Clear,DRY,Medium,TRAFFIC SIGNAL,NONE DETECTED,Unknown,No Apparent Injury,N/A,NOT DISTRACTED,MD,PASSENGER CAR,MAKING LEFT TURN,30,No,2017,TOYOTA,CAMRY,38.99452019,-77.0279969,2023,8,20
230051911,Property Damage Crash,08/28/2023 08:20:00 PM,WAYNE AVE,NA,OTHER,Clear,DRY,Medium,TRAFFIC SIGNAL,NONE DETECTED,No,No Apparent Injury,N/A,NOT DISTRACTED,MD,(SPORT) UTILITY VEHICLE,MOVING CONSTANT SPEED,30,No,2019,MERZ,UT,38.99452019,-77.0279969,2023,8,20
230051911,Property Damage Crash,08/28/2023 08:20:00 PM,WAYNE AVE,NA,OTHER,Clear,DRY,Medium,TRAFFIC SIGNAL,NONE DETECTED,Yes,No Apparent Injury,N/A,UNKNOWN,NA,NA,ACCELERATING,30,No,0,UNKNOWN,UNKNOWN,38.99452019,-77.0279969,2023,8,20
230051907,Injury Crash,08/28/2023 07:47:00 PM,MONTGOMERY VILLAGE AVE,NA,STRAIGHT MOVEMENT ANGLE,Clear,DRY,Medium,TRAFFIC SIGNAL,NONE DETECTED,Yes,Possible Minor Injury,N/A,UNKNOWN,MD,PASSENGER CAR,MOVING CONSTANT SPEED,25,No,2014,NISSAN,SENTRA,39.18697833,-77.19845833,2023,8,19
230051907,Injury Crash,08/28/2023 07:47:00 PM,MONTGOMERY VILLAGE AVE,NA,STRAIGHT MOVEMENT ANGLE,Clear,DRY,Medium,TRAFFIC SIGNAL,NONE DETECTED,No,Possible Minor Injury,N/A,NOT DISTRACTED,MD,(SPORT) UTILITY VEHICLE,MOVING CONSTANT SPEED,35,No,2010,NISSAN,ROGUE,39.18697833,-77.19845833,2023,8,19
230051902,Property Damage Crash,08/28/2023 07:30:00 PM,HEARTFIELDS DR,NA,SAME DIR REAR END,Clear,DRY,Daylight,TRAFFIC SIGNAL,NONE DETECTED,No,No Apparent Injury,N/A,NOT DISTRACTED,MD,(SPORT) UTILITY VEHICLE,MOVING CONSTANT SPEED,40,No,2012,SUBARU,OUTBACK,39.04750017,-76.992723,2023,8,19