Local Case Number,ACRS Report Type,Crash Date/Time,Road Name,Related Non-Motorist,Collision Type,Weather,Surface Condition,Light,Traffic Control,Driver Substance Abuse,Driver At Fault,Injury Severity,Circumstance,Driver Distracted By,Drivers License State,Vehicle Body Type,Vehicle Movement,Speed Limit,Driverless Vehicle,Vehicle Year,Vehicle Make,Vehicle Model,Latitude,Longitude,Year,Month,Hour
230051902,Property Damage Crash,08/28/2023 07:30:00 PM,HEARTFIELDS DR,NA,SAME DIR REAR END,Clear,DRY,Daylight,TRAFFIC SIGNAL,NONE DETECTED,Yes,No Apparent Injury,N/A,NOT DISTRACTED,MD,PASSENGER CAR,MOVING CONSTANT SPEED,40,No,2007,HOND,ACCORD,39.04750017,-76.992723,2023,8,19
230051901,Injury Crash,08/28/2023 07:24:00 PM,ROSSMOOR BLVD,NA,HEAD ON LEFT TURN,Clear,DRY,Daylight,OTHER,NONE DETECTED,No,Possible Minor Injury,N/A,NOT DISTRACTED,MD,PASSENGER CAR,MOVING CONSTANT SPEED,25,No,2014,NISSAN,ALTIMA,39.10113167,-77.0757915,2023,8,19
230051901,Injury Crash,08/28/2023 07:24:00 PM,ROSSMOOR BLVD,NA,HEAD ON LEFT TURN,Clear,DRY,Daylight,OTHER,NONE DETECTED,Yes,No Apparent Injury,N/A,NOT DISTRACTED,MD,PASSENGER CAR,MOVING CONSTANT SPEED,15,No,2011,TOYOTA,RAV4,39.10113167,-77.0757915,2023,8,19
230051894,Property Damage Crash,08/28/2023 06:30:00 PM,16TH ST,NA,SAME DIR REAR END,Clear,DRY,Daylight,TRAFFIC SIGNAL,NONE DETECTED,No,No Apparent Injury,N/A,NOT DISTRACTED,MD,(SPORT) UTILITY VEHICLE,SLOWING OR STOPPING,35,No,2016,MAZDA,CX5,38.99092833,-77.09755,2023,8,18
230051894,Property Damage Crash,08/28/2023 06:30:00 PM,16TH ST,NA,SAME DIR REAR END,Clear,DRY,Daylight,TRAFFIC SIGNAL,NONE DETECTED,Yes,No Apparent Injury,N/A,UNKNOWN,NA,(SPORT) UTILITY VEHICLE,UNKNOWN,35,No,2015,JEEP,CHEROKEE,38.99092833,-77.09755,2023,8,18
230051890,Property Damage Crash,08/28/2023 06:29:00 PM,MT PISGAH RD,NA,SAME DIRECTION SIDESWIPE,Cloudy,DRY,Daylight,NO CONTROLS,ALCOHOL PRESENT,Yes,No Apparent Injury,N/A,NOT DISTRACTED,XX,PASSENGER CAR,MOVING CONSTANT SPEED,15,No,2017,CHEVROLET,SILVERADO,39.01498167,-76.97551333,2023,8,18
230051919,Property Damage Crash,08/28/2023 05:31:00 PM,GEORGIA AVE,NA,SAME DIR REAR END,Clear,DRY,Daylight,TRAFFIC SIGNAL,NONE DETECTED,No,No Apparent Injury,N/A,NOT DISTRACTED,MD,PASSENGER CAR,STOPPED IN TRAFFIC LANE,35,No,2021,SUBA,UT,39.02522573,-77.04601319,2023,8,17
230051919,Property Damage Crash,08/28/2023 05:31:00 PM,GEORGIA AVE,NA,SAME DIR REAR END,Clear,DRY,Daylight,TRAFFIC SIGNAL,NONE DETECTED,Yes,No Apparent Injury,N/A,UNKNOWN,MD,PASSENGER CAR,STARTING FROM LANE,35,No,2016,CHEV,TK,39.02522573,-77.04601319,2023,8,17
230051877,Injury Crash,08/28/2023 04:58:00 PM,GERMANTOWN RD,NA,SAME DIR REAR END,Clear,DRY,Daylight,TRAFFIC SIGNAL,NONE DETECTED,No,No Apparent Injury,N/A,NOT DISTRACTED,MD,PASSENGER CAR,SLOWING OR STOPPING,40,No,2020,SUBA,UT,39.17929925,-77.26670888,2023,8,16
230051877,Injury Crash,08/28/2023 04:58:00 PM,GERMANTOWN RD,NA,SAME DIR REAR END,Clear,DRY,Daylight,TRAFFIC SIGNAL,NONE DETECTED,Yes,Possible Minor Injury,N/A,UNKNOWN,MD,PASSENGER CAR,SLOWING OR STOPPING,40,No,2009,NISS,SD,39.17929925,-77.26670888,2023,8,16
230051877,Injury Crash,08/28/2023 04:58:00 PM,GERMANTOWN RD,NA,SAME DIR REAR END,Clear,DRY,Daylight,TRAFFIC SIGNAL,NONE DETECTED,No,No Apparent Injury,N/A,NOT DISTRACTED,MD,PASSENGER CAR,SLOWING OR STOPPING,40,No,2008,HONDA,TK,39.17929925,-77.26670888,2023,8,16
230051884,Property Damage Crash,08/28/2023 04:48:00 PM,NA,NA,OTHER,Cloudy,NA,Daylight,N/A,NONE DETECTED,Yes,No Apparent Injury,N/A,NOT DISTRACTED,XX,PASSENGER CAR,OTHER,15,No,2021,HYUNDAI,ELANTRA,39.01507333,-76.975615,2023,8,16
230051861,Property Damage Crash,08/28/2023 03:26:00 PM,E RANDOLPH RD,NA,STRAIGHT MOVEMENT ANGLE,Clear,DRY,Daylight,NO CONTROLS,NONE DETECTED,No,No Apparent Injury,N/A,NOT DISTRACTED,MD,PASSENGER CAR,MOVING CONSTANT SPEED,40,No,2001,TOYOTA,4 RUNNER,39.064989,-76.97840283,2023,8,15
230051861,Property Damage Crash,08/28/2023 03:26:00 PM,E RANDOLPH RD,NA,STRAIGHT MOVEMENT ANGLE,Clear,DRY,Daylight,NO CONTROLS,NONE DETECTED,Yes,No Apparent Injury,N/A,LOOKED BUT DID NOT SEE,VA,PASSENGER CAR,MAKING LEFT TURN,40,No,2011,HOND,FIT,39.064989,-76.97840283,2023,8,15
230051913,Injury Crash,08/28/2023 03:22:00 PM,NA,PEDESTRIAN,OTHER,Clear,NA,Daylight,N/A,NONE DETECTED,Unknown,No Apparent Injury,N/A,UNKNOWN,MD,PASSENGER CAR,SLOWING OR STOPPING,15,No,2008,ACURA,TK,39.19838897,-77.25139036,2023,8,15
230051881,Property Damage Crash,08/28/2023 03:14:00 PM,NA,NA,OTHER,Cloudy,NA,Daylight,NO CONTROLS,NONE DETECTED,Yes,No Apparent Injury,N/A,NOT DISTRACTED,MD,PASSENGER CAR,PARKING,15,No,2018,TESLA,S,39.02408833,-77.124195,2023,8,15
230051851,Property Damage Crash,08/28/2023 02:55:00 PM,RIFFLE FORD RD,NA,SAME DIR REAR END,Cloudy,DRY,Daylight,NO CONTROLS,NONE DETECTED,Yes,No Apparent Injury,N/A,LOOKED BUT DID NOT SEE,MD,PASSENGER CAR,SLOWING OR STOPPING,35,No,2013,HYUNDAI,ELANTRA,39.20274771,-77.24552401,2023,8,14
230051851,Property Damage Crash,08/28/2023 02:55:00 PM,RIFFLE FORD RD,NA,SAME DIR REAR END,Cloudy,DRY,Daylight,NO CONTROLS,NONE DETECTED,Yes,No Apparent Injury,N/A,LOOKED BUT DID NOT SEE,MD,SCHOOL BUS,SLOWING OR STOPPING,35,No,2019,THOMAS,BUS,39.20274771,-77.24552401,2023,8,14
230051851,Property Damage Crash,08/28/2023 02:55:00 PM,RIFFLE FORD RD,NA,SAME DIR REAR END,Cloudy,DRY,Daylight,NO CONTROLS,NONE DETECTED,No,No Apparent Injury,N/A,NOT DISTRACTED,MD,PASSENGER CAR,STOPPED IN TRAFFIC LANE,35,No,2013,ACURA,MDX,39.20274771,-77.24552401,2023,8,14
230051846,Property Damage Crash,08/28/2023 02:32:00 PM,EAST WEST HWY,NA,STRAIGHT MOVEMENT ANGLE,Cloudy,DRY,Daylight,STOP SIGN,NONE DETECTED,No,No Apparent Injury,N/A,NOT DISTRACTED,MD,PASSENGER CAR,MOVING CONSTANT SPEED,35,No,2016,NISSAN,ROGUE,38.98960333,-77.07053167,2023,8,14
230051846,Property Damage Crash,08/28/2023 02:32:00 PM,EAST WEST HWY,NA,STRAIGHT MOVEMENT ANGLE,Cloudy,DRY,Daylight,STOP SIGN,NONE DETECTED,Yes,No Apparent Injury,N/A,LOOKED BUT DID NOT SEE,MD,PASSENGER CAR,MAKING LEFT TURN,35,No,2023,TESL,MODEL 3,38.98960333,-77.07053167,2023,8,14
230051846,Property Damage Crash,08/28/2023 02:32:00 PM,EAST WEST HWY,NA,STRAIGHT MOVEMENT ANGLE,Cloudy,DRY,Daylight,STOP SIGN,NONE DETECTED,No,No Apparent Injury,N/A,NOT DISTRACTED,DC,PASSENGER CAR,MOVING CONSTANT SPEED,35,No,2017,TOYOTA,RAV 4,38.98960333,-77.07053167,2023,8,14
230051827,Property Damage Crash,08/28/2023 01:39:00 PM,GOODHILL RD,NA,SAME DIRECTION SIDESWIPE,Clear,DRY,Daylight,STOP SIGN,NONE DETECTED,Yes,No Apparent Injury,N/A,OTHER ELECTRONIC DEVICE (NAVIGATIONAL PALM PILOT),MD,PASSENGER CAR,ACCELERATING,30,No,2013,SUBARU,FORESTER,39.06724033,-77.07156383,2023,8,13
230051825,Property Damage Crash,08/28/2023 01:30:00 PM,W DIAMOND AVE,NA,STRAIGHT MOVEMENT ANGLE,Cloudy,DRY,Daylight,TRAFFIC SIGNAL,NONE DETECTED,No,No Apparent Injury,N/A,NOT DISTRACTED,MD,PASSENGER CAR,MOVING CONSTANT SPEED,30,No,2009,VOLVO,S60,39.14053133,-77.21134883,2023,8,13
230051825,Property Damage Crash,08/28/2023 01:30:00 PM,W DIAMOND AVE,NA,STRAIGHT MOVEMENT ANGLE,Cloudy,DRY,Daylight,TRAFFIC SIGNAL,NONE DETECTED,Yes,No Apparent Injury,N/A,UNKNOWN,XX,PASSENGER CAR,RIGHT TURN ON RED,30,No,2006,HOND,CIVIC,39.14053133,-77.21134883,2023,8,13
230051814,Property Damage Crash,08/28/2023 12:19:00 PM,ELM ST,NA,SAME DIRECTION SIDESWIPE,Clear,DRY,Daylight,NO CONTROLS,NONE DETECTED,No,No Apparent Injury,N/A,NOT DISTRACTED,DC,PASSENGER CAR,MOVING CONSTANT SPEED,25,No,2021,TESLA,Y,38.98204433,-77.09566233,2023,8,12
230051814,Property Damage Crash,08/28/2023 12:19:00 PM,ELM ST,NA,SAME DIRECTION SIDESWIPE,Clear,DRY,Daylight,NO CONTROLS,NONE DETECTED,Yes,No Apparent Injury,N/A,INATTENTIVE OR LOST IN THOUGHT,DC,PASSENGER CAR,STOPPED IN TRAFFIC LANE,25,No,2014,CHEVY,MALIBU,38.98204433,-77.09566233,2023,8,12
230051808,Injury Crash,08/28/2023 11:30:00 AM,MIDCOUNTY HWY,NA,OPPOSITE DIRECTION SIDESWIPE,Cloudy,DRY,Daylight,NO CONTROLS,NONE DETECTED,Yes,No Apparent Injury,N/A,UNKNOWN,MD,PASSENGER CAR,MAKING LEFT TURN,30,No,2011,TOYT,4D,39.15747167,-77.191953,2023,8,11
230051808,Injury Crash,08/28/2023 11:30:00 AM,MIDCOUNTY HWY,NA,OPPOSITE DIRECTION SIDESWIPE,Cloudy,DRY,Daylight,NO CONTROLS,NONE DETECTED,No,Possible Minor Injury,N/A,NOT DISTRACTED,MD,PASSENGER CAR,STOPPED IN TRAFFIC LANE,30,No,2020,MITS,SUV,39.15747167,-77.191953,2023,8,11
230051802,Injury Crash,08/28/2023 11:10:00 AM,MUDDY BRANCH RD,NA,SAME DIR REAR END,Cloudy,DRY,Daylight,TRAFFIC SIGNAL,NONE DETECTED,Yes,No Apparent Injury,N/A,NOT DISTRACTED,MD,"CARGO VAN/LIGHT TRUCK 2 AXLES (OVER 10,000LBS (4,536 KG))",SLOWING OR STOPPING,35,No,2017,FORD,YY,39.11062633,-77.21836953,2023,8,11
230051802,Injury Crash,08/28/2023 11:10:00 AM,MUDDY BRANCH RD,NA,SAME DIR REAR END,Cloudy,DRY,Daylight,TRAFFIC SIGNAL,NONE DETECTED,No,Possible Minor Injury,N/A,NOT DISTRACTED,MD,PASSENGER CAR,SLOWING OR STOPPING,35,No,2023,HYUNDAI,TUCSON,39.11062633,-77.21836953,2023,8,11
230051804,Injury Crash,08/28/2023 11:09:00 AM,NORBECK RD,NA,SAME DIR REAR END,Cloudy,DRY,Daylight,NO CONTROLS,NONE DETECTED,Yes,No Apparent Injury,N/A,NOT DISTRACTED,MD,(SPORT) UTILITY VEHICLE,SLOWING OR STOPPING,30,No,2016,TOYT,TK,39.11646167,-77.05053,2023,8,11
230051804,Injury Crash,08/28/2023 11:09:00 AM,NORBECK RD,NA,SAME DIR REAR END,Cloudy,DRY,Daylight,NO CONTROLS,NONE DETECTED,No,No Apparent Injury,N/A,NOT DISTRACTED,MD,(SPORT) UTILITY VEHICLE,SLOWING OR STOPPING,30,No,2010,MERCEDES,ML360,39.11646167,-77.05053,2023,8,11
230051782,Injury Crash,08/28/2023 09:54:00 AM,COLESVILLE RD,NA,SAME DIR REAR END,Cloudy,DRY,Daylight,TRAFFIC SIGNAL,NONE DETECTED,Yes,Possible Minor Injury,N/A,NOT DISTRACTED,MD,PASSENGER CAR,SLOWING OR STOPPING,35,No,2011,HONDA,ACCORD,39.0132281,-77.01659751,2023,8,9
230051782,Injury Crash,08/28/2023 09:54:00 AM,COLESVILLE RD,NA,SAME DIR REAR END,Cloudy,DRY,Daylight,TRAFFIC SIGNAL,NONE DETECTED,No,No Apparent Injury,N/A,NOT DISTRACTED,MD,(SPORT) UTILITY VEHICLE,STOPPED IN TRAFFIC LANE,35,No,2020,LINCOLN,SUV,39.0132281,-77.01659751,2023,8,9
230051779,Property Damage Crash,08/28/2023 09:27:00 AM,NA,NA,OTHER,Clear,NA,Daylight,NO CONTROLS,NONE DETECTED,Yes,No Apparent Injury,N/A,NOT DISTRACTED,MD,SCHOOL BUS,BACKING,0,No,2014,THOMAS,SCHOOL BUS,39.084072,-76.94269333,2023,8,9
230051777,Property Damage Crash,08/28/2023 09:15:00 AM,BEACON RD,NA,OTHER,Clear,DRY,Daylight,NO CONTROLS,NONE DETECTED,Yes,No Apparent Injury,N/A,UNKNOWN,MD,PICKUP TRUCK,BACKING,30,No,2007,TOYOTA,TACOMA,39.0064683,-76.9844043,2023,8,9
230051777,Property Damage Crash,08/28/2023 09:15:00 AM,BEACON RD,NA,OTHER,Clear,DRY,Daylight,NO CONTROLS,NONE DETECTED,No,No Apparent Injury,N/A,NOT DISTRACTED,MD,PASSENGER CAR,MOVING CONSTANT SPEED,30,No,2013,KIA,OPTIMA,39.0064683,-76.9844043,2023,8,9
230051772,Property Damage Crash,08/28/2023 08:05:00 AM,UNIVERSITY BLVD E,NA,SAME DIR REAR END,Clear,DRY,Daylight,NO CONTROLS,NONE DETECTED,Yes,No Apparent Injury,"N/A, ROAD UNDER CONSTRUCTION/MAINTENANCE",LOOKED BUT DID NOT SEE,MD,(SPORT) UTILITY VEHICLE,CHANGING LANES,35,No,2002,MERCEDES,ML320,38.99970062,-77.00977001,2023,8,8
230051772,Property Damage Crash,08/28/2023 08:05:00 AM,UNIVERSITY BLVD E,NA,SAME DIR REAR END,Clear,DRY,Daylight,NO CONTROLS,NONE DETECTED,No,No Apparent Injury,"N/A, ROAD UNDER CONSTRUCTION/MAINTENANCE",NOT DISTRACTED,MD,PASSENGER CAR,MOVING CONSTANT SPEED,35,No,2009,HONDA,ACCORD,38.99970062,-77.00977001,2023,8,8
230051766,Injury Crash,08/28/2023 07:54:00 AM,CONNECTICUT AVE,NA,HEAD ON LEFT TURN,Cloudy,DRY,Daylight,TRAFFIC SIGNAL,NONE DETECTED,Yes,Possible Minor Injury,N/A,UNKNOWN,FL,PASSENGER CAR,MAKING LEFT TURN,35,No,2016,HONDA,CIVIC,39.00831433,-77.08209067,2023,8,7
230051766,Injury Crash,08/28/2023 07:54:00 AM,CONNECTICUT AVE,NA,HEAD ON LEFT TURN,Cloudy,DRY,Daylight,TRAFFIC SIGNAL,NONE DETECTED,No,Possible Minor Injury,N/A,NOT DISTRACTED,MD,PASSENGER CAR,MOVING CONSTANT SPEED,35,No,2016,MERCEDES BENZ,E350,39.00831433,-77.08209067,2023,8,7
230051767,Property Damage Crash,08/28/2023 07:53:00 AM,OLD COLUMBIA PIKE,NA,SAME DIR REAR END,Clear,DRY,Daylight,NO CONTROLS,NONE DETECTED,No,No Apparent Injury,"BACKUP DUE TO REGULAR CONGESTION, N/A",NOT DISTRACTED,MD,SCHOOL BUS,SLOWING OR STOPPING,35,No,2021,FRHT,SCHOOL BUS,39.0859015,-76.9509255,2023,8,7
230051767,Property Damage Crash,08/28/2023 07:53:00 AM,OLD COLUMBIA PIKE,NA,SAME DIR REAR END,Clear,DRY,Daylight,NO CONTROLS,NONE DETECTED,Yes,No Apparent Injury,"BACKUP DUE TO REGULAR CONGESTION, N/A",NOT DISTRACTED,MD,PASSENGER CAR,SLOWING OR STOPPING,35,No,2020,TOYOTA,RAV4,39.0859015,-76.9509255,2023,8,7
230051760,Property Damage Crash,08/28/2023 07:30:00 AM,NA,NA,OTHER,Clear,NA,Daylight,NO CONTROLS,NONE DETECTED,Yes,No Apparent Injury,N/A,UNKNOWN,VA,PASSENGER CAR,BACKING,25,No,2017,MERCEDES BENZ,GLE,39.1450465,-77.22998083,2023,8,7
230051763,Property Damage Crash,08/28/2023 07:27:00 AM,NORBECK RD,NA,SAME DIRECTION SIDESWIPE,Clear,DRY,Daylight,TRAFFIC SIGNAL,NONE DETECTED,No,No Apparent Injury,N/A,NOT DISTRACTED,MD,TRANSIT BUS,ACCELERATING,40,No,2017,GILG,BU,39.0926,-77.123318,2023,8,7
230051763,Property Damage Crash,08/28/2023 07:27:00 AM,NORBECK RD,NA,SAME DIRECTION SIDESWIPE,Clear,DRY,Daylight,TRAFFIC SIGNAL,NONE DETECTED,Yes,No Apparent Injury,N/A,UNKNOWN,NA,UNKNOWN,MOVING CONSTANT SPEED,40,No,0,UNKNOWN,UNKNOWN,39.0926,-77.123318,2023,8,7
230051751,Property Damage Crash,08/28/2023 04:09:00 AM,RIDGE RD,NA,SINGLE VEHICLE,Clear,DRY,Medium,FLASHING TRAFFIC SIGNAL,NONE DETECTED,Yes,No Apparent Injury,N/A,UNKNOWN,MD,PASSENGER CAR,UNKNOWN,40,No,2015,LEXUS,IS250,39.21642833,-77.23893667,2023,8,4
230051926,Property Damage Crash,08/28/2023 12:06:00 AM,SNOWDEN FARM PKWY (PROP),NA,SINGLE VEHICLE,Clear,DRY,Medium,NO CONTROLS,NONE DETECTED,No,No Apparent Injury,"ANIMAL, N/A",NOT DISTRACTED,MD,PASSENGER CAR,MOVING CONSTANT SPEED,35,No,2021,MITS,OUTLANDER,39.2165567,-77.2409802,2023,8,0
230051727,Injury Crash,08/27/2023 09:58:00 PM,WATKINS MILL RD,NA,STRAIGHT MOVEMENT ANGLE,Clear,DRY,Medium,TRAFFIC SIGNAL,NONE DETECTED,Yes,No Apparent Injury,N/A,LOOKED BUT DID NOT SEE,MD,POLICE VEHICLE/NON EMERGENCY,MOVING CONSTANT SPEED,35,No,2017,FORD,INTERCEPTOR,39.15677333,-77.22451333,2023,8,21
230051727,Injury Crash,08/27/2023 09:58:00 PM,WATKINS MILL RD,NA,STRAIGHT MOVEMENT ANGLE,Clear,DRY,Medium,TRAFFIC SIGNAL,NONE DETECTED,No,Possible Minor Injury,N/A,NOT DISTRACTED,MD,PASSENGER CAR,MAKING LEFT TURN,35,No,2009,HONDA,CIVIC,39.15677333,-77.22451333,2023,8,21
230051723,Injury Crash,08/27/2023 09:02:00 PM,NEW HAMPSHIRE AVE,NA,SAME DIR REAR END,Clear,DRY,Medium,NO CONTROLS,NONE DETECTED,Yes,Possible Minor Injury,N/A,UNKNOWN,NA,NA,UNKNOWN,40,No,0,UNKNOWN,UNKNOWN,39.08039263,-77.00117801,2023,8,21
230051723,Injury Crash,08/27/2023 09:02:00 PM,NEW HAMPSHIRE AVE,NA,SAME DIR REAR END,Clear,DRY,Medium,NO CONTROLS,NONE DETECTED,No,No Apparent Injury,N/A,NOT DISTRACTED,MD,PASSENGER CAR,SLOWING OR STOPPING,40,No,2018,LINC,MKZ,39.08039263,-77.00117801,2023,8,21
230051723,Injury Crash,08/27/2023 09:02:00 PM,NEW HAMPSHIRE AVE,NA,SAME DIR REAR END,Clear,DRY,Medium,NO CONTROLS,NONE DETECTED,No,No Apparent Injury,N/A,NOT DISTRACTED,MD,PASSENGER CAR,SLOWING OR STOPPING,40,No,2014,TOYOTA,CAMRY,39.08039263,-77.00117801,2023,8,21
230051721,Injury Crash,08/27/2023 08:51:00 PM,CHERRY HILL RD,NA,SAME DIRECTION LEFT TURN,Clear,DRY,Medium,TRAFFIC SIGNAL,NONE DETECTED,Yes,No Apparent Injury,N/A,NOT DISTRACTED,VA,PICKUP TRUCK,MAKING U TURN,35,No,2022,FORD,4500,39.06235652,-76.9620795,2023,8,20
230051721,Injury Crash,08/27/2023 08:51:00 PM,CHERRY HILL RD,NA,SAME DIRECTION LEFT TURN,Clear,DRY,Medium,TRAFFIC SIGNAL,NONE DETECTED,Yes,Possible Minor Injury,N/A,NOT DISTRACTED,MD,PASSENGER CAR,MAKING LEFT TURN,35,No,2022,FORD,4500,39.06235652,-76.9620795,2023,8,20
230051715,Property Damage Crash,08/27/2023 07:29:00 PM,NA,NA,SINGLE VEHICLE,Clear,NA,Daylight,NO CONTROLS,NONE DETECTED,Yes,No Apparent Injury,N/A,INATTENTIVE OR LOST IN THOUGHT,MD,PASSENGER CAR,ACCELERATING,5,No,2007,MERZ,4S,39.05316833,-76.95409167,2023,8,19
230051708,Property Damage Crash,08/27/2023 06:21:00 PM,NORBECK RD,NA,SAME DIR REAR END,Clear,DRY,Daylight,NO CONTROLS,NONE DETECTED,No,No Apparent Injury,N/A,NOT DISTRACTED,MD,PASSENGER CAR,MOVING CONSTANT SPEED,25,No,2016,JEEP,GRAND CHEROKEE,39.10974373,-77.07502102,2023,8,18
230051708,Property Damage Crash,08/27/2023 06:21:00 PM,NORBECK RD,NA,SAME DIR REAR END,Clear,DRY,Daylight,NO CONTROLS,NONE DETECTED,Yes,No Apparent Injury,N/A,UNKNOWN,NA,PASSENGER CAR,MOVING CONSTANT SPEED,25,No,2015,LANDROVER,TK,39.10974373,-77.07502102,2023,8,18
230051703,Property Damage Crash,08/27/2023 06:09:00 PM,SKYLARK RD,NA,STRAIGHT MOVEMENT ANGLE,Clear,DRY,Daylight,NO CONTROLS,NONE DETECTED,Yes,No Apparent Injury,N/A,NOT DISTRACTED,MD,PASSENGER CAR,MAKING LEFT TURN,25,No,2013,TOYT,AVALON,39.23379,-77.24145,2023,8,18
230051703,Property Damage Crash,08/27/2023 06:09:00 PM,SKYLARK RD,NA,STRAIGHT MOVEMENT ANGLE,Clear,DRY,Daylight,NO CONTROLS,NONE DETECTED,No,No Apparent Injury,N/A,NOT DISTRACTED,MD,PASSENGER CAR,MOVING CONSTANT SPEED,30,No,2023,AUDI,SD,39.23379,-77.24145,2023,8,18
230051700,Injury Crash,08/27/2023 06:00:00 PM,RAMP 2 FR MD 927 WB TO IS 270 NB,PEDESTRIAN,SAME DIR REAR END,Cloudy,DRY,Daylight,NO CONTROLS,NONE DETECTED,Yes,Possible Minor Injury,N/A,UNKNOWN,MD,PASSENGER CAR,MOVING CONSTANT SPEED,40,No,2014,HONDA,ODYSSEY,39.05616633,-77.15208733,2023,8,18
230051700,Injury Crash,08/27/2023 06:00:00 PM,RAMP 2 FR MD 927 WB TO IS 270 NB,PEDESTRIAN,SAME DIR REAR END,Cloudy,DRY,Daylight,NO CONTROLS,NONE DETECTED,No,No Apparent Injury,N/A,NOT DISTRACTED,MD,(SPORT) UTILITY VEHICLE,STOPPED IN TRAFFIC LANE,40,No,2019,ACURA,MDX,39.05616633,-77.15208733,2023,8,18
230051700,Injury Crash,08/27/2023 06:00:00 PM,RAMP 2 FR MD 927 WB TO IS 270 NB,PEDESTRIAN,SAME DIR REAR END,Cloudy,DRY,Daylight,NO CONTROLS,NONE DETECTED,No,Possible Minor Injury,N/A,NOT DISTRACTED,MD,(SPORT) UTILITY VEHICLE,STOPPED IN TRAFFIC LANE,40,No,2019,NISSAN,ROGUE,39.05616633,-77.15208733,2023,8,18
230051690,Injury Crash,08/27/2023 05:42:00 PM,SECOND AVE,NA,STRAIGHT MOVEMENT ANGLE,Clear,DRY,Daylight,STOP SIGN,NONE DETECTED,No,No Apparent Injury,N/A,NOT DISTRACTED,MD,PASSENGER CAR,MOVING CONSTANT SPEED,25,No,2019,CHEV,TK,39.00412667,-77.04087167,2023,8,17
230051690,Injury Crash,08/27/2023 05:42:00 PM,SECOND AVE,NA,STRAIGHT MOVEMENT ANGLE,Clear,DRY,Daylight,STOP SIGN,NONE DETECTED,Yes,Possible Minor Injury,N/A,OTHER DISTRACTION,MD,PASSENGER CAR,MOVING CONSTANT SPEED,25,No,2017,TOYT,4S,39.00412667,-77.04087167,2023,8,17
230051669,Property Damage Crash,08/27/2023 05:30:00 PM,NA,NA,OTHER,Clear,NA,Daylight,NO CONTROLS,NONE DETECTED,Yes,No Apparent Injury,N/A,LOOKED BUT DID NOT SEE,MD,PASSENGER CAR,MAKING LEFT TURN,25,No,2018,TOYOTA,COROLLA,39.15546511,-77.1646329,2023,8,17
230051669,Property Damage Crash,08/27/2023 05:30:00 PM,NA,NA,OTHER,Clear,NA,Daylight,NO CONTROLS,NONE DETECTED,No,No Apparent Injury,N/A,NOT DISTRACTED,MD,PASSENGER CAR,MOVING CONSTANT SPEED,25,No,2023,TOYOTA,CAMRY,39.15546511,-77.1646329,2023,8,17
230051681,Property Damage Crash,08/27/2023 04:46:00 PM,NA,NA,OPPOSITE DIRECTION SIDESWIPE,Clear,NA,Daylight,NO CONTROLS,NONE DETECTED,Yes,No Apparent Injury,N/A,UNKNOWN,NA,PASSENGER CAR,BACKING,5,No,2016,KIA,SORENTO,39.05313833,-76.962825,2023,8,16
230051681,Property Damage Crash,08/27/2023 04:46:00 PM,NA,NA,OPPOSITE DIRECTION SIDESWIPE,Clear,NA,Daylight,NO CONTROLS,NONE DETECTED,No,No Apparent Injury,N/A,NOT DISTRACTED,MD,PASSENGER CAR,PARKED,5,No,2022,TOYOTA,SD,39.05313833,-76.962825,2023,8,16
230051663,Property Damage Crash,08/27/2023 03:12:00 PM,COLESVILLE RD,NA,SAME DIRECTION RIGHT TURN,Clear,DRY,Daylight,TRAFFIC SIGNAL,NONE DETECTED,Yes,No Apparent Injury,N/A,NOT DISTRACTED,MD,TRANSIT BUS,MAKING RIGHT TURN,20,No,2011,METRO,BUS,38.99744933,-77.02675817,2023,8,15
230051663,Property Damage Crash,08/27/2023 03:12:00 PM,COLESVILLE RD,NA,SAME DIRECTION RIGHT TURN,Clear,DRY,Daylight,TRAFFIC SIGNAL,NONE DETECTED,No,No Apparent Injury,N/A,NOT DISTRACTED,MD,PASSENGER CAR,MAKING RIGHT TURN,20,No,2020,HONDA,CIVIC,38.99744933,-77.02675817,2023,8,15
230051654,Property Damage Crash,08/27/2023 02:10:00 PM,WISCONSIN AVE,NA,SAME DIR REAR END,Clear,DRY,Daylight,NO CONTROLS,NONE DETECTED,Yes,No Apparent Injury,N/A,LOOKED BUT DID NOT SEE,MD,"OTHER LIGHT TRUCKS (10,000LBS (4,536KG) OR LESS)",BACKING,25,No,2021,RAM,PK,38.9875555,-77.09527183,2023,8,14
230051654,Property Damage Crash,08/27/2023 02:10:00 PM,WISCONSIN AVE,NA,SAME DIR REAR END,Clear,DRY,Daylight,NO CONTROLS,NONE DETECTED,No,No Apparent Injury,N/A,NOT DISTRACTED,DC,PASSENGER CAR,STOPPED IN TRAFFIC LANE,25,No,2017,NISSAN,MAXIMA,38.9875555,-77.09527183,2023,8,14
230051667,Property Damage Crash,08/27/2023 01:10:00 PM,GOSHEN RD,NA,SAME DIRECTION SIDESWIPE,Clear,DRY,Daylight,TRAFFIC SIGNAL,NONE DETECTED,Yes,No Apparent Injury,N/A,UNKNOWN,NA,NA,CHANGING LANES,35,No,0,UNKNOWN,UNKNOWN,39.16015204,-77.19208948,2023,8,13
230051667,Property Damage Crash,08/27/2023 01:10:00 PM,GOSHEN RD,NA,SAME DIRECTION SIDESWIPE,Clear,DRY,Daylight,TRAFFIC SIGNAL,NONE DETECTED,No,No Apparent Injury,N/A,NOT DISTRACTED,MD,PASSENGER CAR,SLOWING OR STOPPING,35,No,2015,TOYOTA,COROLLA,39.16015204,-77.19208948,2023,8,13
230051638,Property Damage Crash,08/27/2023 12:56:00 PM,NEW HAMPSHIRE AVE,NA,SAME DIR REAR END,Clear,DRY,Daylight,NO CONTROLS,NONE DETECTED,No,No Apparent Injury,N/A,NOT DISTRACTED,XX,PASSENGER CAR,SLOWING OR STOPPING,35,No,2014,CHEV,SD,39.01142266,-76.97897249,2023,8,12
230051638,Property Damage Crash,08/27/2023 12:56:00 PM,NEW HAMPSHIRE AVE,NA,SAME DIR REAR END,Clear,DRY,Daylight,NO CONTROLS,NONE DETECTED,Yes,No Apparent Injury,N/A,NOT DISTRACTED,MD,PASSENGER CAR,CHANGING LANES,35,No,2017,HONDA,4DR,39.01142266,-76.97897249,2023,8,12
230051632,Injury Crash,08/27/2023 12:05:00 PM,LAUDERDALE DR,PEDESTRIAN,STRAIGHT MOVEMENT ANGLE,Clear,DRY,Daylight,TRAFFIC SIGNAL,NONE DETECTED,Yes,No Apparent Injury,N/A,UNKNOWN,MD,PASSENGER CAR,STARTING FROM LANE,25,No,1995,CHEVROLET,BLAZER,39.05369369,-77.10415416,2023,8,12
230051628,Injury Crash,08/27/2023 11:54:00 AM,GERMANTOWN RD,BICYCLIST,OTHER,Clear,DRY,Daylight,TRAFFIC SIGNAL,NONE DETECTED,Yes,No Apparent Injury,N/A,LOOKED BUT DID NOT SEE,MD,PASSENGER CAR,MAKING RIGHT TURN,40,No,2020,TOYT,PV,39.17168167,-77.276875,2023,8,11
230051622,Injury Crash,08/27/2023 11:10:00 AM,SUNDOWN RD,NA,SAME DIR REAR END,Clear,DRY,Daylight,NO CONTROLS,NONE DETECTED,No,No Apparent Injury,"N/A, VISION OBSTRUCTION (INCL. BLINDED BY SUN)",NOT DISTRACTED,MD,(SPORT) UTILITY VEHICLE,SLOWING OR STOPPING,40,No,2018,KIA,SOUL,39.21820453,-77.10352207,2023,8,11