Local Case Number,ACRS Report Type,Crash Date/Time,Road Name,Related Non-Motorist,Collision Type,Weather,Surface Condition,Light,Traffic Control,Driver Substance Abuse,Driver At Fault,Injury Severity,Circumstance,Driver Distracted By,Drivers License State,Vehicle Body Type,Vehicle Movement,Speed Limit,Driverless Vehicle,Vehicle Year,Vehicle Make,Vehicle Model,Latitude,Longitude,Year,Month,Hour
230051622,Injury Crash,08/27/2023 11:10:00 AM,SUNDOWN RD,NA,SAME DIR REAR END,Clear,DRY,Daylight,NO CONTROLS,NONE DETECTED,Yes,Possible Minor Injury,"N/A, VISION OBSTRUCTION (INCL. BLINDED BY SUN)",NOT DISTRACTED,DE,MOTORCYCLE,MOVING CONSTANT SPEED,40,No,2012,HOND,GL1800,39.21820453,-77.10352207,2023,8,11
230051625,Property Damage Crash,08/27/2023 11:00:00 AM,GEORGIA AVE,NA,SAME DIR REAR END,Clear,DRY,Daylight,TRAFFIC SIGNAL,NONE DETECTED,No,No Apparent Injury,N/A,NOT DISTRACTED,MD,PASSENGER CAR,MOVING CONSTANT SPEED,35,No,2016,NISSAN,SENTRA,39.09410767,-77.07937817,2023,8,11
230051625,Property Damage Crash,08/27/2023 11:00:00 AM,GEORGIA AVE,NA,SAME DIR REAR END,Clear,DRY,Daylight,TRAFFIC SIGNAL,NONE DETECTED,Yes,No Apparent Injury,N/A,LOOKED BUT DID NOT SEE,MD,PASSENGER CAR,MOVING CONSTANT SPEED,35,No,2011,CHEVORLET,IMPALA,39.09410767,-77.07937817,2023,8,11
230051620,Injury Crash,08/27/2023 10:29:00 AM,DARNESTOWN RD,NA,SAME DIRECTION LEFT TURN,Clear,DRY,Daylight,NO CONTROLS,NONE DETECTED,Yes,Possible Minor Injury,N/A,NOT DISTRACTED,MD,PASSENGER CAR,MAKING U TURN,40,No,2011,MERZ,E350,39.11777667,-77.26166167,2023,8,10
230051620,Injury Crash,08/27/2023 10:29:00 AM,DARNESTOWN RD,NA,SAME DIRECTION LEFT TURN,Clear,DRY,Daylight,NO CONTROLS,NONE DETECTED,No,No Apparent Injury,N/A,NOT DISTRACTED,MD,PASSENGER CAR,MOVING CONSTANT SPEED,40,No,2018,VOLVO,XC60,39.11777667,-77.26166167,2023,8,10
230051616,Property Damage Crash,08/27/2023 09:15:00 AM,NA,NA,OTHER,Clear,NA,Daylight,N/A,NONE DETECTED,Yes,No Apparent Injury,N/A,DISTRACTED BY OUTSIDE PERSON OBJECT OR EVENT,MD,PASSENGER CAR,BACKING,0,No,2020,NISSAN,KICKS,39.15760033,-77.20109533,2023,8,9
230051600,Injury Crash,08/27/2023 05:10:00 AM,CONNECTICUT AVE,NA,SINGLE VEHICLE,Clear,DRY,Medium,NO CONTROLS,NONE DETECTED,Yes,Possible Minor Injury,N/A,INATTENTIVE OR LOST IN THOUGHT,MD,PASSENGER CAR,MOVING CONSTANT SPEED,30,No,2004,HOND,UT,38.98487083,-77.07710617,2023,8,5
230051587,Property Damage Crash,08/27/2023 02:55:00 AM,AIRCRAFT DR,NA,SINGLE VEHICLE,Clear,DRY,Medium,NO CONTROLS,ALCOHOL PRESENT,Yes,No Apparent Injury,N/A,UNKNOWN,MD,PICKUP TRUCK,MOVING CONSTANT SPEED,35,No,2007,DODGE,RAM 1500,39.18320312,-77.2610913,2023,8,2
230051581,Property Damage Crash,08/27/2023 02:19:00 AM,GEORGIA AVE,NA,SAME DIR REAR END,Clear,DRY,Medium,TRAFFIC SIGNAL,ALCOHOL PRESENT,Yes,No Apparent Injury,N/A,NOT DISTRACTED,MD,PASSENGER CAR,SLOWING OR STOPPING,35,No,2017,ACURA,4S,39.00620069,-77.03883466,2023,8,2
230051581,Property Damage Crash,08/27/2023 02:19:00 AM,GEORGIA AVE,NA,SAME DIR REAR END,Clear,DRY,Medium,TRAFFIC SIGNAL,NONE DETECTED,No,No Apparent Injury,N/A,NOT DISTRACTED,VA,VAN,STOPPED IN TRAFFIC LANE,35,No,2006,FORD,ECONOLINE,39.00620069,-77.03883466,2023,8,2
230051567,Injury Crash,08/26/2023 10:58:00 PM,QUINCE ORCHARD RD,NA,SAME DIR REND RIGHT TURN,Clear,DRY,Medium,TRAFFIC SIGNAL,NONE DETECTED,Yes,No Apparent Injury,N/A,NOT DISTRACTED,MD,PASSENGER CAR,MOVING CONSTANT SPEED,35,No,2011,VOLKSWAGEN,GTI,39.13442102,-77.22375902,2023,8,22
230051567,Injury Crash,08/26/2023 10:58:00 PM,QUINCE ORCHARD RD,NA,SAME DIR REND RIGHT TURN,Clear,DRY,Medium,TRAFFIC SIGNAL,NONE DETECTED,No,Possible Minor Injury,N/A,NOT DISTRACTED,MD,PASSENGER CAR,MAKING RIGHT TURN,35,No,2021,TOYATA,CAMRY,39.13442102,-77.22375902,2023,8,22
230051568,Injury Crash,08/26/2023 10:57:00 PM,SANDY SPRING RD,NA,HEAD ON LEFT TURN,Clear,DRY,Dark,NO CONTROLS,NONE DETECTED,No,Possible Minor Injury,N/A,NOT DISTRACTED,MD,PASSENGER CAR,MOVING CONSTANT SPEED,35,No,2011,FORD,FLEX,39.10556372,-76.91067307,2023,8,22
230051568,Injury Crash,08/26/2023 10:57:00 PM,SANDY SPRING RD,NA,HEAD ON LEFT TURN,Clear,DRY,Dark,NO CONTROLS,NONE DETECTED,Yes,Possible Minor Injury,N/A,LOOKED BUT DID NOT SEE,MD,PASSENGER CAR,MAKING LEFT TURN,35,No,2023,HONDA,CRV,39.10556372,-76.91067307,2023,8,22
230051569,Property Damage Crash,08/26/2023 10:53:00 PM,SHADY GROVE RD,NA,UNKNOWN,Clear,DRY,Medium,TRAFFIC SIGNAL,NONE DETECTED,Yes,No Apparent Injury,N/A,UNKNOWN,NA,NA,UNKNOWN,45,No,0,UNKNOWN,UNKNOWN,39.1174693,-77.18373736,2023,8,22
230051569,Property Damage Crash,08/26/2023 10:53:00 PM,SHADY GROVE RD,NA,UNKNOWN,Clear,DRY,Medium,TRAFFIC SIGNAL,NONE DETECTED,No,No Apparent Injury,N/A,NOT DISTRACTED,DC,PASSENGER CAR,MOVING CONSTANT SPEED,45,No,2020,VOLKS,JETTA,39.1174693,-77.18373736,2023,8,22
230051570,Property Damage Crash,08/26/2023 10:39:00 PM,FREDERICK RD,NA,STRAIGHT MOVEMENT ANGLE,Clear,DRY,Medium,TRAFFIC SIGNAL,NONE DETECTED,No,No Apparent Injury,N/A,NOT DISTRACTED,MD,PASSENGER CAR,MOVING CONSTANT SPEED,45,No,2009,TOYT,HB,39.20456982,-77.2461137,2023,8,22
230051570,Property Damage Crash,08/26/2023 10:39:00 PM,FREDERICK RD,NA,STRAIGHT MOVEMENT ANGLE,Clear,DRY,Medium,TRAFFIC SIGNAL,NONE DETECTED,Yes,No Apparent Injury,N/A,LOOKED BUT DID NOT SEE,MD,PASSENGER CAR,MOVING CONSTANT SPEED,45,No,2023,HOND,UT,39.20456982,-77.2461137,2023,8,22
230051564,Property Damage Crash,08/26/2023 10:16:00 PM,MONTICELLO AVE,NA,OTHER,Clear,DRY,Dark,NO CONTROLS,ALCOHOL PRESENT,Yes,No Apparent Injury,N/A,UNKNOWN,MD,VAN,MOVING CONSTANT SPEED,25,No,2017,TOYOTA,SIENNA,39.0426345,-77.02881133,2023,8,22
230051550,Property Damage Crash,08/26/2023 09:20:00 PM,ADELPHI RD,NA,SAME DIRECTION SIDESWIPE,Clear,DRY,Medium,NO CONTROLS,NONE DETECTED,No,No Apparent Injury,N/A,NOT DISTRACTED,DC,(SPORT) UTILITY VEHICLE,MOVING CONSTANT SPEED,35,No,2011,HONDA,PILOT,39.01104502,-76.9776832,2023,8,21
230051643,Injury Crash,08/26/2023 09:20:00 PM,CRYSTAL ROCK DR,OTHER,SINGLE VEHICLE,Clear,DRY,Medium,TRAFFIC SIGNAL,NONE DETECTED,Yes,No Apparent Injury,N/A,LOOKED BUT DID NOT SEE,MD,(SPORT) UTILITY VEHICLE,RIGHT TURN ON RED,40,No,2015,BUICK,ENCORE,39.19362017,-77.27031762,2023,8,21
230051550,Property Damage Crash,08/26/2023 09:20:00 PM,ADELPHI RD,NA,SAME DIRECTION SIDESWIPE,Clear,DRY,Medium,NO CONTROLS,NONE DETECTED,Yes,No Apparent Injury,N/A,UNKNOWN,NA,(SPORT) UTILITY VEHICLE,MOVING CONSTANT SPEED,35,No,2011,HONDA,CRV,39.01104502,-76.9776832,2023,8,21
230051532,Injury Crash,08/26/2023 06:37:00 PM,MUNCASTER RD,NA,SINGLE VEHICLE,Clear,DRY,Daylight,N/A,NONE DETECTED,Yes,Possible Minor Injury,N/A,NOT DISTRACTED,MD,PASSENGER CAR,MOVING CONSTANT SPEED,45,No,2007,LEXUS,IS 250,39.168895,-77.117017,2023,8,18
230051531,Property Damage Crash,08/26/2023 06:35:00 PM,EISENHOWER MEMORIAL HWY,NA,SINGLE VEHICLE,Clear,DRY,Daylight,NO CONTROLS,ALCOHOL PRESENT,Yes,No Apparent Injury,N/A,UNKNOWN,MD,PASSENGER CAR,MOVING CONSTANT SPEED,55,No,2005,CHEVROLET,SUBURBAN,39.030245,-77.12552333,2023,8,18
230051529,Injury Crash,08/26/2023 06:34:00 PM,RAMP 2 FR MD 118 WB TO IS 270 NB,NA,SINGLE VEHICLE,Clear,DRY,Daylight,NO CONTROLS,NONE DETECTED,Yes,Possible Minor Injury,N/A,UNKNOWN,MD,PASSENGER CAR,ACCELERATING,25,No,2013,CHEVY,CAMERO,39.18680517,-77.25325133,2023,8,18
230051526,Injury Crash,08/26/2023 06:09:00 PM,OAKVIEW DR,NA,STRAIGHT MOVEMENT ANGLE,Clear,DRY,Daylight,STOP SIGN,NONE DETECTED,Yes,Possible Minor Injury,N/A,UNKNOWN,MD,PASSENGER CAR,MOVING CONSTANT SPEED,25,No,2015,HONDA,CIVIC,39.01541777,-76.98378752,2023,8,18
230051526,Injury Crash,08/26/2023 06:09:00 PM,OAKVIEW DR,NA,STRAIGHT MOVEMENT ANGLE,Clear,DRY,Daylight,STOP SIGN,NONE DETECTED,No,Possible Minor Injury,N/A,NOT DISTRACTED,MD,PASSENGER CAR,MOVING CONSTANT SPEED,35,No,2019,HONDA,PILOT,39.01541777,-76.98378752,2023,8,18
230051518,Injury Crash,08/26/2023 05:00:00 PM,GOSHEN RD,NA,HEAD ON LEFT TURN,Clear,DRY,Daylight,TRAFFIC SIGNAL,NONE DETECTED,Yes,No Apparent Injury,N/A,NOT DISTRACTED,MD,PASSENGER CAR,MAKING LEFT TURN,35,No,2003,MERZ,SD,39.16976667,-77.19047833,2023,8,17
230051518,Injury Crash,08/26/2023 05:00:00 PM,GOSHEN RD,NA,HEAD ON LEFT TURN,Clear,DRY,Daylight,TRAFFIC SIGNAL,NONE DETECTED,No,Possible Minor Injury,N/A,NOT DISTRACTED,MD,POLICE VEHICLE/EMERGENCY,MOVING CONSTANT SPEED,35,No,2022,ACUR,SD,39.16976667,-77.19047833,2023,8,17
230051522,Property Damage Crash,08/26/2023 05:00:00 PM,PINEY BRANCH RD,NA,SAME DIRECTION RIGHT TURN,Clear,DRY,Daylight,NO CONTROLS,NONE DETECTED,No,No Apparent Injury,N/A,NOT DISTRACTED,DC,TRANSIT BUS,MOVING CONSTANT SPEED,30,No,2022,GILG,BU,38.99855333,-76.99922833,2023,8,17
230051522,Property Damage Crash,08/26/2023 05:00:00 PM,PINEY BRANCH RD,NA,SAME DIRECTION RIGHT TURN,Clear,DRY,Daylight,NO CONTROLS,NONE DETECTED,Yes,No Apparent Injury,N/A,LOOKED BUT DID NOT SEE,MD,PASSENGER CAR,MAKING RIGHT TURN,30,No,2015,TOYT,HB,38.99855333,-76.99922833,2023,8,17
230051517,Property Damage Crash,08/26/2023 04:24:00 PM,LANIER DR,NA,OTHER,Clear,DRY,Daylight,N/A,NONE DETECTED,Yes,No Apparent Injury,N/A,NOT DISTRACTED,DC,PASSENGER CAR,UNKNOWN,25,No,2023,FORD,TRANSIT,39.00453182,-77.04408137,2023,8,16
230051510,Injury Crash,08/26/2023 04:06:00 PM,NEW HAMPSHIRE AVE,NA,STRAIGHT MOVEMENT ANGLE,Clear,DRY,Daylight,NO CONTROLS,NONE DETECTED,No,Possible Minor Injury,N/A,NOT DISTRACTED,MD,PASSENGER CAR,MOVING CONSTANT SPEED,40,No,2004,SCION,XB,39.109858,-76.99671767,2023,8,16
230051510,Injury Crash,08/26/2023 04:06:00 PM,NEW HAMPSHIRE AVE,NA,STRAIGHT MOVEMENT ANGLE,Clear,DRY,Daylight,NO CONTROLS,NONE DETECTED,Yes,No Apparent Injury,N/A,LOOKED BUT DID NOT SEE,MD,PASSENGER CAR,SLOWING OR STOPPING,40,No,2023,MERCEDEZ,GLB250,39.109858,-76.99671767,2023,8,16
230051500,Property Damage Crash,08/26/2023 03:32:00 PM,S STONESTREET AVE,NA,OTHER,Clear,DRY,Daylight,TRAFFIC SIGNAL,NONE DETECTED,Yes,No Apparent Injury,N/A,NOT DISTRACTED,MD,PASSENGER CAR,CHANGING LANES,25,No,2007,ACUR,SD,39.08450067,-77.14489617,2023,8,15
230051500,Property Damage Crash,08/26/2023 03:32:00 PM,S STONESTREET AVE,NA,OTHER,Clear,DRY,Daylight,TRAFFIC SIGNAL,NONE DETECTED,No,No Apparent Injury,N/A,NOT DISTRACTED,MD,PASSENGER CAR,MOVING CONSTANT SPEED,25,No,2012,GMC,TK,39.08450067,-77.14489617,2023,8,15
230051503,Property Damage Crash,08/26/2023 03:18:00 PM,SUNDOWN RD,NA,OPPOSITE DIR BOTH LEFT TURN,Clear,DRY,Daylight,N/A,NONE DETECTED,No,No Apparent Injury,"N/A, RUTS, HOLES, BUMPS, SHOULDERS LOW, SOFT, HIGH",NOT DISTRACTED,MD,PASSENGER CAR,MOVING CONSTANT SPEED,40,No,2014,SUBARU,SW,39.21938833,-77.099605,2023,8,15
230051503,Property Damage Crash,08/26/2023 03:18:00 PM,SUNDOWN RD,NA,OPPOSITE DIR BOTH LEFT TURN,Clear,DRY,Daylight,N/A,NONE DETECTED,Yes,No Apparent Injury,"N/A, RUTS, HOLES, BUMPS, SHOULDERS LOW, SOFT, HIGH",NOT DISTRACTED,MD,PASSENGER CAR,MOVING CONSTANT SPEED,40,No,2014,AUDI,SU,39.21938833,-77.099605,2023,8,15
23001668,Property Damage Crash,08/26/2023 02:33:00 PM,RIVER RD,NA,SAME DIR REND LEFT TURN,Clear,DRY,Daylight,N/A,NONE DETECTED,No,No Apparent Injury,N/A,NOT DISTRACTED,DC,PASSENGER CAR,MAKING LEFT TURN,50,No,2014,NISSAN,VERSA,39.0632175,-77.2868775,2023,8,14
23001668,Property Damage Crash,08/26/2023 02:33:00 PM,RIVER RD,NA,SAME DIR REND LEFT TURN,Clear,DRY,Daylight,N/A,NONE DETECTED,Yes,No Apparent Injury,N/A,NOT DISTRACTED,VA,PASSENGER CAR,MOVING CONSTANT SPEED,50,No,2006,HONDA,ACCORD,39.0632175,-77.2868775,2023,8,14
230051496,Property Damage Crash,08/26/2023 02:25:00 PM,NA,NA,OTHER,Clear,NA,Daylight,NO CONTROLS,NONE DETECTED,Yes,No Apparent Injury,N/A,UNKNOWN,NA,NA,PARKING,0,No,0,UNKNOWN,UNKNOWN,39.20052183,-77.27274,2023,8,14
230051490,Property Damage Crash,08/26/2023 01:57:00 PM,RIDGE RD,NA,HEAD ON LEFT TURN,Clear,DRY,Daylight,NO CONTROLS,NONE DETECTED,Yes,No Apparent Injury,N/A,LOOKED BUT DID NOT SEE,MD,PASSENGER CAR,MAKING LEFT TURN,35,No,2018,CADILLAC,ESCALADE,39.24085433,-77.23492917,2023,8,13
230051490,Property Damage Crash,08/26/2023 01:57:00 PM,RIDGE RD,NA,HEAD ON LEFT TURN,Clear,DRY,Daylight,NO CONTROLS,NONE DETECTED,No,No Apparent Injury,N/A,NOT DISTRACTED,MD,PASSENGER CAR,MOVING CONSTANT SPEED,35,No,2004,LEXUS,ES 330,39.24085433,-77.23492917,2023,8,13
230051481,Injury Crash,08/26/2023 01:45:00 PM,VEIRS MILL RD,NA,SAME DIRECTION SIDESWIPE,Clear,DRY,Daylight,NO CONTROLS,NONE DETECTED,Yes,No Apparent Injury,N/A,NOT DISTRACTED,MD,PASSENGER CAR,MOVING CONSTANT SPEED,35,No,2021,HONDA,CIVIC,39.04765917,-77.06824733,2023,8,13
230051478,Property Damage Crash,08/26/2023 01:20:00 PM,NA,NA,HEAD ON LEFT TURN,Clear,NA,Daylight,NO CONTROLS,NONE DETECTED,Yes,No Apparent Injury,"N/A, NON-HIGHWAY WORK, ROAD UNDER CONSTRUCTION/MAINTENANCE",NOT DISTRACTED,VA,FIRE VEHICLE/NON EMERGENCY,MAKING LEFT TURN,25,No,2008,SPAR,TK,38.965146,-77.107589,2023,8,13
230051478,Property Damage Crash,08/26/2023 01:20:00 PM,NA,NA,HEAD ON LEFT TURN,Clear,NA,Daylight,NO CONTROLS,NONE DETECTED,No,No Apparent Injury,"N/A, NON-HIGHWAY WORK, ROAD UNDER CONSTRUCTION/MAINTENANCE",NOT DISTRACTED,MD,PASSENGER CAR,STOPPED IN TRAFFIC LANE,25,No,2020,BMW,X5,38.965146,-77.107589,2023,8,13
230051474,Injury Crash,08/26/2023 01:15:00 PM,LAYHILL RD,NA,SAME DIR REAR END,Clear,DRY,Daylight,TRAFFIC SIGNAL,NONE DETECTED,Yes,Possible Minor Injury,N/A,DISTRACTED BY OUTSIDE PERSON OBJECT OR EVENT,MD,PASSENGER CAR,SLOWING OR STOPPING,40,No,2014,CHEV,SUV,39.09543,-77.04444,2023,8,13
230051474,Injury Crash,08/26/2023 01:15:00 PM,LAYHILL RD,NA,SAME DIR REAR END,Clear,DRY,Daylight,TRAFFIC SIGNAL,NONE DETECTED,No,Possible Minor Injury,N/A,NOT DISTRACTED,MD,PICKUP TRUCK,STOPPED IN TRAFFIC LANE,40,No,2016,RAM,PK,39.09543,-77.04444,2023,8,13
230051475,Property Damage Crash,08/26/2023 01:07:00 PM,MONTGOMERY VILLAGE AVE,NA,SAME DIRECTION SIDESWIPE,Clear,DRY,Daylight,TRAFFIC SIGNAL,NONE DETECTED,Yes,No Apparent Injury,N/A,NOT DISTRACTED,MD,TRANSIT BUS,CHANGING LANES,35,No,2017,GILG BU,BUS,39.15894,-77.20306167,2023,8,13
230051475,Property Damage Crash,08/26/2023 01:07:00 PM,MONTGOMERY VILLAGE AVE,NA,SAME DIRECTION SIDESWIPE,Clear,DRY,Daylight,TRAFFIC SIGNAL,NONE DETECTED,No,No Apparent Injury,N/A,NOT DISTRACTED,MD,PASSENGER CAR,MOVING CONSTANT SPEED,35,No,2013,DODG,PV,39.15894,-77.20306167,2023,8,13
230051472,Property Damage Crash,08/26/2023 01:00:00 PM,NA,NA,SAME DIRECTION SIDESWIPE,Clear,NA,Daylight,NO CONTROLS,NONE DETECTED,Yes,No Apparent Injury,N/A,NOT DISTRACTED,MD,FIRE VEHICLE/EMERGENCY,STARTING FROM PARKED,5,No,2004,SPAR,CB,39.0469135,-77.0512475,2023,8,13
230051468,Property Damage Crash,08/26/2023 12:34:00 PM,ROCKVILLE PIKE,NA,SINGLE VEHICLE,Cloudy,DRY,Daylight,TRAFFIC SIGNAL,NONE DETECTED,Yes,No Apparent Injury,N/A,UNKNOWN,MD,PASSENGER CAR,MOVING CONSTANT SPEED,35,No,2015,NISSAN,NV200,39.08238717,-77.14643,2023,8,12
230051466,Property Damage Crash,08/26/2023 12:20:00 PM,WOODFIELD RD,NA,STRAIGHT MOVEMENT ANGLE,Clear,DRY,Daylight,STOP SIGN,NONE DETECTED,No,No Apparent Injury,N/A,NOT DISTRACTED,MD,PASSENGER CAR,MOVING CONSTANT SPEED,30,No,2010,LEXS,LS460,39.28366339,-77.2018611,2023,8,12
230051466,Property Damage Crash,08/26/2023 12:20:00 PM,WOODFIELD RD,NA,STRAIGHT MOVEMENT ANGLE,Clear,DRY,Daylight,STOP SIGN,NONE DETECTED,Yes,No Apparent Injury,N/A,LOOKED BUT DID NOT SEE,MD,VAN,ENTERING TRAFFIC LANE,30,No,2009,TOYT,SIENNA,39.28366339,-77.2018611,2023,8,12
230051458,Injury Crash,08/26/2023 11:39:00 AM,NEW HAMPSHIRE AVE,NA,SINGLE VEHICLE,Clear,DRY,Daylight,NO CONTROLS,NONE DETECTED,Yes,Possible Minor Injury,N/A,OTHER DISTRACTION,MD,PASSENGER CAR,MOVING CONSTANT SPEED,55,No,2016,VOLKSWAGON,JETTA,39.05627833,-76.99643233,2023,8,11
230051456,Injury Crash,08/26/2023 11:35:00 AM,UNIVERSITY BLVD E,NA,SAME DIR REAR END,Clear,DRY,Daylight,TRAFFIC SIGNAL,NONE DETECTED,No,Possible Minor Injury,N/A,NOT DISTRACTED,MD,PASSENGER CAR,STOPPED IN TRAFFIC LANE,35,No,2022,TOYOTA,COROLLA,39.02024417,-77.0134495,2023,8,11
230051456,Injury Crash,08/26/2023 11:35:00 AM,UNIVERSITY BLVD E,NA,SAME DIR REAR END,Clear,DRY,Daylight,TRAFFIC SIGNAL,NONE DETECTED,Yes,No Apparent Injury,N/A,UNKNOWN,MD,PICKUP TRUCK,SLOWING OR STOPPING,35,No,2008,FORD,F250,39.02024417,-77.0134495,2023,8,11
230051455,Property Damage Crash,08/26/2023 11:31:00 AM,CLOPPER RD,NA,SAME DIRECTION LEFT TURN,Clear,DRY,Daylight,TRAFFIC SIGNAL,NONE DETECTED,No,No Apparent Injury,N/A,NOT DISTRACTED,MD,PASSENGER CAR,SLOWING OR STOPPING,35,No,2017,TOYOTA,COROLLA,39.14388814,-77.22415261,2023,8,11
230051455,Property Damage Crash,08/26/2023 11:31:00 AM,CLOPPER RD,NA,SAME DIRECTION LEFT TURN,Clear,DRY,Daylight,TRAFFIC SIGNAL,NONE DETECTED,Yes,No Apparent Injury,N/A,UNKNOWN,NA,MOTORCYCLE,CHANGING LANES,35,No,0,KAWASAKI,ZX6R,39.14388814,-77.22415261,2023,8,11
230051454,Injury Crash,08/26/2023 11:27:00 AM,NA,NA,STRAIGHT MOVEMENT ANGLE,Clear,NA,Daylight,N/A,NONE DETECTED,No,No Apparent Injury,N/A,NOT DISTRACTED,MD,PASSENGER CAR,PARKED,15,No,2023,CHEV,UT,39.1417929,-77.22304212,2023,8,11
230051454,Injury Crash,08/26/2023 11:27:00 AM,NA,NA,STRAIGHT MOVEMENT ANGLE,Clear,NA,Daylight,N/A,NONE DETECTED,Yes,No Apparent Injury,N/A,LOOKED BUT DID NOT SEE,MD,OTHER,BACKING,15,No,2010,TOYT,4S,39.1417929,-77.22304212,2023,8,11
230051453,Injury Crash,08/26/2023 11:17:00 AM,WATKINS MILL RD,NA,STRAIGHT MOVEMENT ANGLE,Clear,DRY,Daylight,TRAFFIC SIGNAL,NONE DETECTED,No,No Apparent Injury,N/A,NOT DISTRACTED,MD,(SPORT) UTILITY VEHICLE,MOVING CONSTANT SPEED,35,No,2018,MERCEDES,GLC300,39.18432827,-77.21096091,2023,8,11
230051453,Injury Crash,08/26/2023 11:17:00 AM,WATKINS MILL RD,NA,STRAIGHT MOVEMENT ANGLE,Clear,DRY,Daylight,TRAFFIC SIGNAL,NONE DETECTED,Yes,No Apparent Injury,N/A,LOOKED BUT DID NOT SEE,MD,PASSENGER CAR,ACCELERATING,35,No,2010,HONDA,ACCORD,39.18432827,-77.21096091,2023,8,11
230051449,Property Damage Crash,08/26/2023 10:51:00 AM,BRIGGS CHANEY RD,NA,HEAD ON LEFT TURN,Clear,DRY,Daylight,TRAFFIC SIGNAL,NONE DETECTED,Yes,No Apparent Injury,N/A,NOT DISTRACTED,MD,PASSENGER CAR,MAKING LEFT TURN,35,No,2017,HONDA,FIT,39.08104317,-76.9464765,2023,8,10
230051449,Property Damage Crash,08/26/2023 10:51:00 AM,BRIGGS CHANEY RD,NA,HEAD ON LEFT TURN,Clear,DRY,Daylight,TRAFFIC SIGNAL,NONE DETECTED,No,No Apparent Injury,N/A,NOT DISTRACTED,DC,PASSENGER CAR,MOVING CONSTANT SPEED,35,No,2018,CHEVY,MALIBU,39.08104317,-76.9464765,2023,8,10
230051449,Property Damage Crash,08/26/2023 10:51:00 AM,BRIGGS CHANEY RD,NA,HEAD ON LEFT TURN,Clear,DRY,Daylight,TRAFFIC SIGNAL,NONE DETECTED,No,No Apparent Injury,N/A,NOT DISTRACTED,MD,PASSENGER CAR,MAKING RIGHT TURN,35,No,2020,NISSAN,ALTIMA,39.08104317,-76.9464765,2023,8,10
230051452,Property Damage Crash,08/26/2023 10:41:00 AM,NA,NA,OPPOSITE DIRECTION SIDESWIPE,Clear,NA,Daylight,NO CONTROLS,NONE DETECTED,Yes,No Apparent Injury,N/A,LOOKED BUT DID NOT SEE,MD,PASSENGER CAR,MOVING CONSTANT SPEED,5,No,2017,HONDA,ACCORD,39.05311,-77.05023833,2023,8,10
230051442,Property Damage Crash,08/26/2023 10:00:00 AM,GEORGIA AVE,NA,SAME DIRECTION SIDESWIPE,Clear,DRY,Daylight,NO CONTROLS,NONE DETECTED,Yes,No Apparent Injury,N/A,UNKNOWN,XX,PASSENGER CAR,BACKING,25,No,1998,TOYOTA,4RUNNER,39.07977083,-77.0720365,2023,8,10
230051442,Property Damage Crash,08/26/2023 10:00:00 AM,GEORGIA AVE,NA,SAME DIRECTION SIDESWIPE,Clear,DRY,Daylight,NO CONTROLS,NONE DETECTED,No,No Apparent Injury,N/A,NOT DISTRACTED,MD,PASSENGER CAR,SLOWING OR STOPPING,25,No,2016,TOYOTA,RAV4,39.07977083,-77.0720365,2023,8,10
230051440,Injury Crash,08/26/2023 09:23:00 AM,NICHOLSON LA,PEDESTRIAN,HEAD ON LEFT TURN,Clear,DRY,Daylight,TRAFFIC SIGNAL,NONE DETECTED,Unknown,Possible Minor Injury,N/A,LOOKED BUT DID NOT SEE,MD,PASSENGER CAR,MAKING LEFT TURN,30,No,2021,NISSAN,VERSA,39.04479,-77.11328333,2023,8,9
230051437,Injury Crash,08/26/2023 09:16:00 AM,WATKINS MILL RD,PEDESTRIAN,SINGLE VEHICLE,Clear,DRY,Daylight,OTHER,NONE DETECTED,Yes,No Apparent Injury,N/A,UNKNOWN,MD,PASSENGER CAR,SLOWING OR STOPPING,35,No,2013,HONDA,CIVIC,39.17692667,-77.20998,2023,8,9
230051434,Property Damage Crash,08/26/2023 09:08:00 AM,DARNESTOWN RD,NA,HEAD ON LEFT TURN,Clear,DRY,Daylight,TRAFFIC SIGNAL,NONE DETECTED,Yes,No Apparent Injury,N/A,NOT DISTRACTED,NC,PASSENGER CAR,MAKING LEFT TURN,40,No,2018,MAZD,UT,39.1174087,-77.25083387,2023,8,9
230051434,Property Damage Crash,08/26/2023 09:08:00 AM,DARNESTOWN RD,NA,HEAD ON LEFT TURN,Clear,DRY,Daylight,TRAFFIC SIGNAL,NONE DETECTED,No,No Apparent Injury,N/A,NOT DISTRACTED,MD,PASSENGER CAR,STOPPED IN TRAFFIC LANE,15,No,2023,TESL,HB,39.1174087,-77.25083387,2023,8,9
230051434,Property Damage Crash,08/26/2023 09:08:00 AM,DARNESTOWN RD,NA,HEAD ON LEFT TURN,Clear,DRY,Daylight,TRAFFIC SIGNAL,NONE DETECTED,No,No Apparent Injury,N/A,NOT DISTRACTED,MD,PASSENGER CAR,ACCELERATING,40,No,2023,VOLK,UT,39.1174087,-77.25083387,2023,8,9
230051430,Property Damage Crash,08/26/2023 08:02:00 AM,RIDGECREST DR,NA,SAME DIRECTION SIDESWIPE,Clear,DRY,Daylight,NO CONTROLS,NONE DETECTED,Yes,No Apparent Injury,"N/A, PHYSICAL OBSTRUCTION(S)",NOT DISTRACTED,MD,"MEDIUM/HEAVY TRUCKS 3 AXLES (OVER 10,000LBS (4,536KG))",SLOWING OR STOPPING,20,No,2021,HINO,ST,39.17208588,-77.25636779,2023,8,8
230051420,Property Damage Crash,08/26/2023 06:03:00 AM,MIDCOUNTY HWY,NA,SINGLE VEHICLE,Clear,DRY,Medium,NO CONTROLS,NONE DETECTED,Yes,No Apparent Injury,N/A,UNKNOWN,NA,PASSENGER CAR,N/A,50,Unknown,2011,CHEV,TK,39.15513,-77.18085,2023,8,6
230051419,Property Damage Crash,08/26/2023 05:30:00 AM,SHADY GROVE RD,NA,SINGLE VEHICLE,Clear,DRY,Medium,TRAFFIC SIGNAL,NONE DETECTED,Yes,No Apparent Injury,N/A,UNKNOWN,NA,PICKUP TRUCK,ACCELERATING,40,No,2009,FORD,F150,39.12282083,-77.177141,2023,8,5
230051416,Injury Crash,08/26/2023 03:15:00 AM,UNIVERSITY BLVD W,NA,SINGLE VEHICLE,Clear,DRY,Medium,NO CONTROLS,ALCOHOL PRESENT,Yes,Possible Minor Injury,N/A,NOT DISTRACTED,MD,PASSENGER CAR,MOVING CONSTANT SPEED,35,No,2018,CHEVROLET,CRUZE,39.03664617,-77.03220483,2023,8,3
230051554,Property Damage Crash,08/26/2023 02:20:00 AM,COLUMBIA PIKE,NA,SAME DIRECTION RIGHT TURN,Clear,DRY,Medium,TRAFFIC SIGNAL,NONE DETECTED,Yes,No Apparent Injury,N/A,INATTENTIVE OR LOST IN THOUGHT,MD,PASSENGER CAR,MAKING RIGHT TURN,35,No,2013,TOYOTA,RAV 4,39.08251,-76.94798,2023,8,2
230051408,Property Damage Crash,08/26/2023 02:20:00 AM,TEACHERS WAY,NA,HEAD ON,Clear,DRY,Medium,N/A,NONE DETECTED,Yes,No Apparent Injury,N/A,INATTENTIVE OR LOST IN THOUGHT,MD,PASSENGER CAR,MOVING CONSTANT SPEED,25,No,2020,TOYOTA,COROLLA,39.14313883,-77.192173,2023,8,2
230051554,Property Damage Crash,08/26/2023 02:20:00 AM,COLUMBIA PIKE,NA,SAME DIRECTION RIGHT TURN,Clear,DRY,Medium,TRAFFIC SIGNAL,NONE DETECTED,No,No Apparent Injury,N/A,NOT DISTRACTED,MD,POLICE VEHICLE/NON EMERGENCY,MAKING RIGHT TURN,35,No,2014,DODGE,CHARGER,39.08251,-76.94798,2023,8,2