Local Case Number,ACRS Report Type,Crash Date/Time,Road Name,Related Non-Motorist,Collision Type,Weather,Surface Condition,Light,Traffic Control,Driver Substance Abuse,Driver At Fault,Injury Severity,Circumstance,Driver Distracted By,Drivers License State,Vehicle Body Type,Vehicle Movement,Speed Limit,Driverless Vehicle,Vehicle Year,Vehicle Make,Vehicle Model,Latitude,Longitude,Year,Month,Hour
230051412,Property Damage Crash,08/26/2023 02:05:00 AM,NA,NA,OTHER,Cloudy,NA,Medium,NO CONTROLS,NONE DETECTED,No,No Apparent Injury,N/A,NOT DISTRACTED,MD,PASSENGER CAR,PARKED,0,No,2017,KIA,4S,39.07163287,-77.1320962,2023,8,2
230051412,Property Damage Crash,08/26/2023 02:05:00 AM,NA,NA,OTHER,Cloudy,NA,Medium,NO CONTROLS,NONE DETECTED,Yes,No Apparent Injury,N/A,INATTENTIVE OR LOST IN THOUGHT,MD,PASSENGER CAR,BACKING,5,No,2008,JEEP,GRAND CHEROKEE,39.07163287,-77.1320962,2023,8,2
230051399,Property Damage Crash,08/26/2023 01:13:00 AM,WOODFIELD RD,NA,SINGLE VEHICLE,Clear,DRY,Medium,NO CONTROLS,NONE DETECTED,Yes,No Apparent Injury,N/A,UNKNOWN,NA,NA,UNKNOWN,30,No,0,UNKNOWN,UNKNOWN,39.28287,-77.20201,2023,8,1
230051397,Injury Crash,08/26/2023 12:49:00 AM,COLUMBIA PIKE,NA,STRAIGHT MOVEMENT ANGLE,Clear,DRY,Medium,TRAFFIC SIGNAL,NONE DETECTED,No,No Apparent Injury,N/A,NOT DISTRACTED,MD,PASSENGER CAR,MOVING CONSTANT SPEED,50,No,2022,GMC,CANYON,39.05620167,-76.97134083,2023,8,0
230051397,Injury Crash,08/26/2023 12:49:00 AM,COLUMBIA PIKE,NA,STRAIGHT MOVEMENT ANGLE,Clear,DRY,Medium,TRAFFIC SIGNAL,NONE DETECTED,Yes,Possible Minor Injury,N/A,INATTENTIVE OR LOST IN THOUGHT,MD,PASSENGER CAR,ACCELERATING,50,No,2012,HONDA,ACCORD,39.05620167,-76.97134083,2023,8,0
230051390,Property Damage Crash,08/25/2023 11:38:00 PM,CARROLL AVE,NA,SAME DIR BOTH LEFT TURN,Clear,DRY,Medium,NO CONTROLS,NONE DETECTED,Yes,No Apparent Injury,N/A,LOOKED BUT DID NOT SEE,MD,PASSENGER CAR,MOVING CONSTANT SPEED,25,No,2017,MAZDA,MAZDA6,38.99546667,-76.99230333,2023,8,23
230051388,Injury Crash,08/25/2023 11:12:00 PM,COLUMBIA PIKE,NA,STRAIGHT MOVEMENT ANGLE,Clear,DRY,Medium,TRAFFIC SIGNAL,NONE DETECTED,Yes,Possible Minor Injury,N/A,NOT DISTRACTED,MD,PASSENGER CAR,MOVING CONSTANT SPEED,55,No,2020,CHEVY,IMPALA,39.09558167,-76.93791167,2023,8,23
230051388,Injury Crash,08/25/2023 11:12:00 PM,COLUMBIA PIKE,NA,STRAIGHT MOVEMENT ANGLE,Clear,DRY,Medium,TRAFFIC SIGNAL,NONE DETECTED,No,No Apparent Injury,N/A,NOT DISTRACTED,MD,PASSENGER CAR,MOVING CONSTANT SPEED,35,No,2012,TOYOTA,CAMRY,39.09558167,-76.93791167,2023,8,23
230051394,Property Damage Crash,08/25/2023 10:38:00 PM,GEORGIA AVE,NA,SAME DIRECTION SIDESWIPE,Clear,DRY,Medium,N/A,NONE DETECTED,Yes,No Apparent Injury,N/A,NOT DISTRACTED,MD,PICKUP TRUCK,LEAVING TRAFFIC LANE,35,No,1995,CHEV,TRUCK,39.05300529,-77.05086599,2023,8,22
230051394,Property Damage Crash,08/25/2023 10:38:00 PM,GEORGIA AVE,NA,SAME DIRECTION SIDESWIPE,Clear,DRY,Medium,N/A,NONE DETECTED,No,No Apparent Injury,N/A,NOT DISTRACTED,XX,PASSENGER CAR,MOVING CONSTANT SPEED,35,No,2023,TOYT,COROLLA,39.05300529,-77.05086599,2023,8,22
230051377,Property Damage Crash,08/25/2023 09:53:00 PM,NEW HAMPSHIRE AVE,NA,SAME DIR REAR END,Cloudy,WET,Medium,TRAFFIC SIGNAL,NONE DETECTED,No,No Apparent Injury,"RAIN, SNOW, WET",NOT DISTRACTED,MD,PASSENGER CAR,STOPPED IN TRAFFIC LANE,40,No,2019,NISSAN,LEAP,39.0397085,-76.99094317,2023,8,21
230051377,Property Damage Crash,08/25/2023 09:53:00 PM,NEW HAMPSHIRE AVE,NA,SAME DIR REAR END,Cloudy,WET,Medium,TRAFFIC SIGNAL,NONE DETECTED,Yes,No Apparent Injury,"RAIN, SNOW, WET",LOOKED BUT DID NOT SEE,XX,PASSENGER CAR,MOVING CONSTANT SPEED,40,No,2005,TOYOTA,COROLLA,39.0397085,-76.99094317,2023,8,21
230051368,Property Damage Crash,08/25/2023 09:04:00 PM,CEDAR AVE,NA,SAME DIR REAR END,Clear,WET,Medium,STOP SIGN,NONE DETECTED,Yes,No Apparent Injury,N/A,UNKNOWN,NA,PICKUP TRUCK,SLOWING OR STOPPING,25,No,2017,TOYOTA,TK,39.13755799,-77.19913213,2023,8,21
230051368,Property Damage Crash,08/25/2023 09:04:00 PM,CEDAR AVE,NA,SAME DIR REAR END,Clear,WET,Medium,STOP SIGN,NONE DETECTED,No,No Apparent Injury,N/A,NOT DISTRACTED,MD,PASSENGER CAR,SLOWING OR STOPPING,25,No,2010,HOND,SD,39.13755799,-77.19913213,2023,8,21
230051366,Property Damage Crash,08/25/2023 08:30:00 PM,RIVER RD,NA,SAME DIR REAR END,Rain,WET,Medium,TRAFFIC SIGNAL,NONE DETECTED,Yes,No Apparent Injury,N/A,OTHER DISTRACTION,MD,TRANSIT BUS,SLOWING OR STOPPING,35,No,2014,GILLIG,BUS,38.97317305,-77.12233382,2023,8,20
230051366,Property Damage Crash,08/25/2023 08:30:00 PM,RIVER RD,NA,SAME DIR REAR END,Rain,WET,Medium,TRAFFIC SIGNAL,NONE DETECTED,No,No Apparent Injury,N/A,NOT DISTRACTED,MD,PASSENGER CAR,STOPPED IN TRAFFIC LANE,35,No,2017,NISS,ALTIMA,38.97317305,-77.12233382,2023,8,20
230051358,Property Damage Crash,08/25/2023 08:00:00 PM,PINEY BRANCH RD,NA,SINGLE VEHICLE,Rain,WET,Medium,NO CONTROLS,ALCOHOL PRESENT,Yes,No Apparent Injury,N/A,UNKNOWN,MD,VAN,MOVING CONSTANT SPEED,35,No,2006,FORD,FREESTAR,39.00118708,-76.98774405,2023,8,20
230051356,Property Damage Crash,08/25/2023 07:30:00 PM,W MONTGOMERY AVE,NA,SAME DIR REAR END,Rain,WET,Medium,TRAFFIC SIGNAL,NONE DETECTED,Yes,No Apparent Injury,"RAIN, SNOW, WET",UNKNOWN,NA,PASSENGER CAR,SLOWING OR STOPPING,35,No,2022,MAZDA,CX-9,39.08886167,-77.17807333,2023,8,19
230051356,Property Damage Crash,08/25/2023 07:30:00 PM,W MONTGOMERY AVE,NA,SAME DIR REAR END,Rain,WET,Medium,TRAFFIC SIGNAL,NONE DETECTED,No,No Apparent Injury,"RAIN, SNOW, WET",NOT DISTRACTED,MD,PASSENGER CAR,STOPPED IN TRAFFIC LANE,35,No,2020,HOND,TK,39.08886167,-77.17807333,2023,8,19
230051365,Property Damage Crash,08/25/2023 07:21:00 PM,LAYHILL RD,NA,SAME DIRECTION RIGHT TURN,Clear,UNKNOWN,Daylight,UNKNOWN,NONE DETECTED,Yes,No Apparent Injury,N/A,OTHER DISTRACTION,NA,PASSENGER CAR,MOVING CONSTANT SPEED,45,No,2014,HONDA,4S,39.08766055,-77.04502314,2023,8,19
230051365,Property Damage Crash,08/25/2023 07:21:00 PM,LAYHILL RD,NA,SAME DIRECTION RIGHT TURN,Clear,UNKNOWN,Daylight,UNKNOWN,NONE DETECTED,No,No Apparent Injury,N/A,NOT DISTRACTED,MD,PASSENGER CAR,MOVING CONSTANT SPEED,45,No,2018,TOYOTA,COROLLA,39.08766055,-77.04502314,2023,8,19
230051353,Property Damage Crash,08/25/2023 06:46:00 PM,NA,OTHER,SINGLE VEHICLE,Clear,NA,Daylight,N/A,NONE DETECTED,Unknown,No Apparent Injury,N/A,UNKNOWN,NA,(SPORT) UTILITY VEHICLE,STARTING FROM PARKED,5,No,2023,TOYOTA,HIGHLANDER,39.03193298,-77.00392855,2023,8,18
230051344,Property Damage Crash,08/25/2023 05:49:00 PM,MONTROSE RD,NA,SAME DIR REAR END,Clear,WET,Daylight,TRAFFIC SIGNAL,NONE DETECTED,No,No Apparent Injury,"N/A, WET",NOT DISTRACTED,MD,PASSENGER CAR,STOPPED IN TRAFFIC LANE,35,No,2017,FORD,FUSION,39.05321728,-77.13612423,2023,8,17
230051344,Property Damage Crash,08/25/2023 05:49:00 PM,MONTROSE RD,NA,SAME DIR REAR END,Clear,WET,Daylight,TRAFFIC SIGNAL,NONE DETECTED,Yes,No Apparent Injury,"N/A, WET",LOOKED BUT DID NOT SEE,XX,PICKUP TRUCK,MOVING CONSTANT SPEED,35,No,1999,FORD,F150,39.05321728,-77.13612423,2023,8,17
230051337,Property Damage Crash,08/25/2023 05:30:00 PM,W DIAMOND AVE,NA,SAME DIR REAR END,Clear,DRY,Daylight,TRAFFIC SIGNAL,NONE DETECTED,Yes,No Apparent Injury,N/A,LOOKED BUT DID NOT SEE,MD,(SPORT) UTILITY VEHICLE,SLOWING OR STOPPING,35,No,2021,FORD,EXPLORER,39.14041435,-77.21051312,2023,8,17
230051337,Property Damage Crash,08/25/2023 05:30:00 PM,W DIAMOND AVE,NA,SAME DIR REAR END,Clear,DRY,Daylight,TRAFFIC SIGNAL,NONE DETECTED,No,No Apparent Injury,N/A,NOT DISTRACTED,MD,PASSENGER CAR,STOPPED IN TRAFFIC LANE,35,No,2012,FORD,4DR,39.14041435,-77.21051312,2023,8,17
230051340,Injury Crash,08/25/2023 05:25:00 PM,DEMOCRACY BLVD,NA,SAME DIR REAR END,Rain,WET,Daylight,TRAFFIC SIGNAL,NONE DETECTED,No,Possible Minor Injury,"SLEET, HAIL, FREEZ. RAIN, WET",NOT DISTRACTED,MD,PASSENGER CAR,STOPPED IN TRAFFIC LANE,45,No,2015,JEEP,CHEROKEE,39.02329667,-77.16118167,2023,8,17
230051340,Injury Crash,08/25/2023 05:25:00 PM,DEMOCRACY BLVD,NA,SAME DIR REAR END,Rain,WET,Daylight,TRAFFIC SIGNAL,NONE DETECTED,Yes,No Apparent Injury,"SLEET, HAIL, FREEZ. RAIN, WET",NOT DISTRACTED,MD,PASSENGER CAR,SLOWING OR STOPPING,45,No,2022,MASERATI,LEVANTE,39.02329667,-77.16118167,2023,8,17
230051335,Injury Crash,08/25/2023 05:00:00 PM,WISTERIA DR,NA,SAME DIR REAR END,Clear,DRY,Daylight,TRAFFIC SIGNAL,NONE DETECTED,No,Possible Minor Injury,N/A,NOT DISTRACTED,MD,VAN,STOPPED IN TRAFFIC LANE,40,No,2007,HONDA,ODESSEY,39.18109543,-77.27585898,2023,8,17
230051335,Injury Crash,08/25/2023 05:00:00 PM,WISTERIA DR,NA,SAME DIR REAR END,Clear,DRY,Daylight,TRAFFIC SIGNAL,NONE DETECTED,Yes,Possible Minor Injury,N/A,UNKNOWN,MD,PICKUP TRUCK,MOVING CONSTANT SPEED,40,No,2010,TOYOTA,TACOMA,39.18109543,-77.27585898,2023,8,17
230051328,Injury Crash,08/25/2023 04:07:00 PM,CEDAR LA,NA,SAME DIRECTION RIGHT TURN,Clear,DRY,Daylight,TRAFFIC SIGNAL,NONE DETECTED,No,Possible Minor Injury,N/A,NOT DISTRACTED,MD,TRANSIT BUS,MOVING CONSTANT SPEED,25,No,2009,GILL,LOW FLOOR,39.01254533,-77.090804,2023,8,16
230051328,Injury Crash,08/25/2023 04:07:00 PM,CEDAR LA,NA,SAME DIRECTION RIGHT TURN,Clear,DRY,Daylight,TRAFFIC SIGNAL,NONE DETECTED,Yes,No Apparent Injury,N/A,UNKNOWN,NA,UNKNOWN,MAKING RIGHT TURN,25,No,0,UNKNOWN,UNKNOWN,39.01254533,-77.090804,2023,8,16
230051305,Injury Crash,08/25/2023 03:01:00 PM,PEBBLEWOOD PL,PEDESTRIAN,SINGLE VEHICLE,Clear,DRY,Daylight,NO CONTROLS,NONE DETECTED,Unknown,No Apparent Injury,"N/A, PHYSICAL OBSTRUCTION(S)",NOT DISTRACTED,MD,"CARGO VAN/LIGHT TRUCK 2 AXLES (OVER 10,000LBS (4,536 KG))",SLOWING OR STOPPING,30,No,2017,RAM,PK,39.09403105,-77.22038914,2023,8,15
230051308,Injury Crash,08/25/2023 02:57:00 PM,VALLEYWOOD DR,PEDESTRIAN,OTHER,Clear,DRY,Daylight,OTHER,NONE DETECTED,Yes,No Apparent Injury,N/A,UNKNOWN,MD,PASSENGER CAR,MOVING CONSTANT SPEED,35,No,2015,LEXUS,NX200T,39.049582,-77.07090017,2023,8,14
23001664,Property Damage Crash,08/25/2023 02:56:00 PM,EAST WEST HWY,NA,SINGLE VEHICLE,Clear,DRY,Daylight,NO CONTROLS,NONE DETECTED,Yes,No Apparent Injury,N/A,UNKNOWN,MD,(SPORT) UTILITY VEHICLE,MOVING CONSTANT SPEED,35,No,2018,FORD,TK,38.99597015,-77.03921612,2023,8,14
230051287,Property Damage Crash,08/25/2023 01:51:00 PM,RUSSELL AVE,NA,SAME DIR REAR END,Clear,N/A,Daylight,TRAFFIC SIGNAL,NONE DETECTED,Yes,No Apparent Injury,N/A,LOOKED BUT DID NOT SEE,MD,PASSENGER CAR,CHANGING LANES,25,No,2017,HYUN,IONIC,39.15401783,-77.20886188,2023,8,13
230051287,Property Damage Crash,08/25/2023 01:51:00 PM,RUSSELL AVE,NA,SAME DIR REAR END,Clear,N/A,Daylight,TRAFFIC SIGNAL,NONE DETECTED,No,No Apparent Injury,N/A,NOT DISTRACTED,MD,PASSENGER CAR,STOPPED IN TRAFFIC LANE,25,No,2018,TOYOTA,TK,39.15401783,-77.20886188,2023,8,13
230051278,Injury Crash,08/25/2023 01:20:00 PM,NEW HAMPSHIRE AVE,NA,SINGLE VEHICLE,Clear,DRY,Daylight,TRAFFIC SIGNAL,NONE DETECTED,Yes,Possible Minor Injury,N/A,UNKNOWN,VA,PASSENGER CAR,MOVING CONSTANT SPEED,40,No,2014,HONDA,CIVIC,39.02047167,-76.976475,2023,8,13
230051272,Injury Crash,08/25/2023 12:50:00 PM,ORCHARD RIDGE DR,NA,HEAD ON LEFT TURN,Clear,DRY,Daylight,TRAFFIC SIGNAL,NONE DETECTED,Yes,No Apparent Injury,N/A,NOT DISTRACTED,MD,PASSENGER CAR,MAKING LEFT TURN,25,No,2013,TOYT,TK,39.12374723,-77.23167607,2023,8,12
230051272,Injury Crash,08/25/2023 12:50:00 PM,ORCHARD RIDGE DR,NA,HEAD ON LEFT TURN,Clear,DRY,Daylight,TRAFFIC SIGNAL,NONE DETECTED,No,Possible Minor Injury,N/A,NOT DISTRACTED,FL,MOTORCYCLE,MOVING CONSTANT SPEED,25,No,2003,YAMA,MC,39.12374723,-77.23167607,2023,8,12
230051283,Property Damage Crash,08/25/2023 12:20:00 PM,NA,NA,OTHER,Clear,NA,Daylight,NO CONTROLS,NONE DETECTED,No,No Apparent Injury,N/A,NOT DISTRACTED,MD,PASSENGER CAR,STOPPED IN TRAFFIC LANE,0,No,2018,TOYOTA,COROLLA,39.08940253,-77.15135898,2023,8,12
230051283,Property Damage Crash,08/25/2023 12:20:00 PM,NA,NA,OTHER,Clear,NA,Daylight,NO CONTROLS,NONE DETECTED,Yes,No Apparent Injury,N/A,NOT DISTRACTED,MD,PASSENGER CAR,BACKING,0,No,2013,HYUNDAI,SONATA,39.08940253,-77.15135898,2023,8,12
230051259,Injury Crash,08/25/2023 11:30:00 AM,SHADY GROVE RD,NA,STRAIGHT MOVEMENT ANGLE,Clear,DRY,Daylight,TRAFFIC SIGNAL,NONE DETECTED,Yes,No Apparent Injury,N/A,UNKNOWN,MD,PASSENGER CAR,MOVING CONSTANT SPEED,40,No,2015,FORD,4D,39.11172883,-77.18705667,2023,8,11
230051259,Injury Crash,08/25/2023 11:30:00 AM,SHADY GROVE RD,NA,STRAIGHT MOVEMENT ANGLE,Clear,DRY,Daylight,TRAFFIC SIGNAL,NONE DETECTED,No,Possible Minor Injury,N/A,NOT DISTRACTED,MD,PASSENGER CAR,STARTING FROM LANE,40,No,2017,BMW,4D,39.11172883,-77.18705667,2023,8,11
230051266,Property Damage Crash,08/25/2023 11:29:00 AM,16TH ST,NA,SAME DIRECTION RIGHT TURN,Clear,DRY,Daylight,OTHER,NONE DETECTED,No,No Apparent Injury,N/A,NOT DISTRACTED,DC,PASSENGER CAR,MOVING CONSTANT SPEED,35,No,2008,HONDA,CIVIC,38.99650242,-77.03629964,2023,8,11
230051266,Property Damage Crash,08/25/2023 11:29:00 AM,16TH ST,NA,SAME DIRECTION RIGHT TURN,Clear,DRY,Daylight,OTHER,NONE DETECTED,Yes,No Apparent Injury,N/A,LOOKED BUT DID NOT SEE,MD,PASSENGER CAR,MAKING RIGHT TURN,35,No,2016,LINCOLN,MKC,38.99650242,-77.03629964,2023,8,11
230051246,Property Damage Crash,08/25/2023 10:33:00 AM,FREDERICK RD,NA,SAME DIRECTION SIDESWIPE,Clear,DRY,Daylight,NO CONTROLS,NONE DETECTED,No,No Apparent Injury,N/A,NOT DISTRACTED,MD,(SPORT) UTILITY VEHICLE,MOVING CONSTANT SPEED,45,No,2013,FORD,EXPLORER,39.20274771,-77.24552401,2023,8,10
230051246,Property Damage Crash,08/25/2023 10:33:00 AM,FREDERICK RD,NA,SAME DIRECTION SIDESWIPE,Clear,DRY,Daylight,NO CONTROLS,NONE DETECTED,Yes,No Apparent Injury,N/A,LOOKED BUT DID NOT SEE,MD,"CARGO VAN/LIGHT TRUCK 2 AXLES (OVER 10,000LBS (4,536 KG))",CHANGING LANES,45,No,2017,CHEVROLET,EXPRESS,39.20274771,-77.24552401,2023,8,10
230051251,Property Damage Crash,08/25/2023 10:00:00 AM,NA,NA,OTHER,Clear,NA,Daylight,NO CONTROLS,DRUG PRESENT,Yes,No Apparent Injury,N/A,NOT DISTRACTED,DC,PASSENGER CAR,DRIVERLESS MOVING VEH.,5,No,2013,FORD,AMBULANCE 171,38.996841,-77.110227,2023,8,10
230051251,Property Damage Crash,08/25/2023 10:00:00 AM,NA,NA,OTHER,Clear,NA,Daylight,NO CONTROLS,NONE DETECTED,No,No Apparent Injury,N/A,NOT DISTRACTED,MD,PASSENGER CAR,PARKED,0,No,2015,TOYOTA,COROLLA,38.996841,-77.110227,2023,8,10
230051261,Property Damage Crash,08/25/2023 09:15:00 AM,NA,NA,OTHER,Clear,NA,Daylight,N/A,NONE DETECTED,Yes,No Apparent Injury,N/A,UNKNOWN,NA,PASSENGER CAR,PARKING,15,No,2016,HYUNDAI,SONATA,38.99934021,-77.02575386,2023,8,9
230051235,Property Damage Crash,08/25/2023 09:10:00 AM,TARA RD,NA,SINGLE VEHICLE,Clear,DRY,Daylight,NO CONTROLS,NONE DETECTED,Yes,No Apparent Injury,N/A,OTHER DISTRACTION,MD,(SPORT) UTILITY VEHICLE,MOVING CONSTANT SPEED,25,No,2023,ALFA ROMEO,STEVIO,39.03898667,-77.22606667,2023,8,9
230051222,Property Damage Crash,08/25/2023 07:42:00 AM,GEORGIA AVE,NA,HEAD ON LEFT TURN,Cloudy,DRY,Daylight,TRAFFIC SIGNAL,NONE DETECTED,Yes,No Apparent Injury,N/A,NOT DISTRACTED,MD,PASSENGER CAR,MAKING LEFT TURN,30,No,2007,HOND,CIVIC,39.2214725,-77.05976517,2023,8,7
230051222,Property Damage Crash,08/25/2023 07:42:00 AM,GEORGIA AVE,NA,HEAD ON LEFT TURN,Cloudy,DRY,Daylight,TRAFFIC SIGNAL,NONE DETECTED,No,No Apparent Injury,N/A,NOT DISTRACTED,MD,PASSENGER CAR,MOVING CONSTANT SPEED,30,No,2006,FORD,E350,39.2214725,-77.05976517,2023,8,7
230051219,Injury Crash,08/25/2023 07:33:00 AM,ROCKVILLE PIKE,NA,OTHER,Cloudy,WET,Daylight,N/A,NONE DETECTED,Yes,Possible Minor Injury,"N/A, WET",NOT DISTRACTED,MD,PASSENGER CAR,ACCELERATING,35,No,2007,LEXS,SD,39.08155936,-77.14594738,2023,8,7
230051219,Injury Crash,08/25/2023 07:33:00 AM,ROCKVILLE PIKE,NA,OTHER,Cloudy,WET,Daylight,N/A,NONE DETECTED,No,Possible Minor Injury,"N/A, WET",NOT DISTRACTED,DC,TRANSIT BUS,STOPPED IN TRAFFIC LANE,35,No,2019,BU,BUS,39.08155936,-77.14594738,2023,8,7
230051213,Injury Crash,08/25/2023 05:50:00 AM,ROCKVILLE PIKE,NA,SAME DIRECTION RIGHT TURN,Clear,DRY,Dark,TRAFFIC SIGNAL,NONE DETECTED,No,Possible Minor Injury,N/A,NOT DISTRACTED,MD,PASSENGER CAR,MOVING CONSTANT SPEED,35,No,2010,HONDA,CRV,39.03062528,-77.10469585,2023,8,5
230051213,Injury Crash,08/25/2023 05:50:00 AM,ROCKVILLE PIKE,NA,SAME DIRECTION RIGHT TURN,Clear,DRY,Dark,TRAFFIC SIGNAL,NONE DETECTED,Yes,No Apparent Injury,N/A,INATTENTIVE OR LOST IN THOUGHT,MD,PASSENGER CAR,CHANGING LANES,35,No,2021,NISSAN,ROGUE,39.03062528,-77.10469585,2023,8,5
230051211,Injury Crash,08/25/2023 05:21:00 AM,BONIFANT RD,NA,SINGLE VEHICLE,Cloudy,DRY,Medium,TRAFFIC SIGNAL,NONE DETECTED,Yes,Possible Minor Injury,N/A,OTHER DISTRACTION,MD,PASSENGER CAR,MOVING CONSTANT SPEED,35,No,2012,TOYOTA,RAV-4,39.090285,-77.04474167,2023,8,5
230051195,Injury Crash,08/24/2023 11:00:00 PM,GEORGIA AVE,NA,HEAD ON LEFT TURN,Clear,WET,Medium,TRAFFIC SIGNAL,NONE DETECTED,Yes,Possible Minor Injury,"N/A, WET",LOOKED BUT DID NOT SEE,MD,PASSENGER CAR,MAKING LEFT TURN,40,No,2001,FORD,MUSTANG,39.14266883,-77.06813867,2023,8,23
230051195,Injury Crash,08/24/2023 11:00:00 PM,GEORGIA AVE,NA,HEAD ON LEFT TURN,Clear,WET,Medium,TRAFFIC SIGNAL,NONE DETECTED,No,Possible Minor Injury,"N/A, WET",NOT DISTRACTED,MD,(SPORT) UTILITY VEHICLE,MOVING CONSTANT SPEED,40,No,2016,KIA,SOUL,39.14266883,-77.06813867,2023,8,23
230051193,Property Damage Crash,08/24/2023 10:53:00 PM,CLARKSBURG RD,NA,SINGLE VEHICLE,Rain,WET,Dark,NO CONTROLS,NONE DETECTED,Yes,No Apparent Injury,"RAIN, SNOW, WET",NOT DISTRACTED,MD,PASSENGER CAR,MOVING CONSTANT SPEED,30,No,2017,HOND,CP,39.28257583,-77.2745895,2023,8,22
230051194,Property Damage Crash,08/24/2023 10:49:00 PM,COLUMBIA PIKE,NA,SINGLE VEHICLE,Cloudy,WET,Dark,NO CONTROLS,NONE DETECTED,Yes,No Apparent Injury,"N/A, WET",UNKNOWN,MD,PASSENGER CAR,NEGOTIATING A CURVE,35,No,2014,KIA,SORENTO,39.08544867,-76.9466785,2023,8,22
230051183,Property Damage Crash,08/24/2023 09:11:00 PM,POWDER MILL RD,NA,SAME DIR REAR END,Clear,DRY,Medium,TRAFFIC SIGNAL,NONE DETECTED,No,No Apparent Injury,N/A,NOT DISTRACTED,MD,PASSENGER CAR,STOPPED IN TRAFFIC LANE,35,No,2022,MERZ,C300,39.022445,-76.97693167,2023,8,21
230051183,Property Damage Crash,08/24/2023 09:11:00 PM,POWDER MILL RD,NA,SAME DIR REAR END,Clear,DRY,Medium,TRAFFIC SIGNAL,ALCOHOL PRESENT,Yes,No Apparent Injury,N/A,NOT DISTRACTED,XX,PICKUP TRUCK,SLOWING OR STOPPING,35,No,2004,FORD,F150,39.022445,-76.97693167,2023,8,21
230051178,Property Damage Crash,08/24/2023 07:53:00 PM,S FREDERICK RD,NA,SAME DIRECTION SIDESWIPE,Clear,DRY,Medium,NO CONTROLS,NONE DETECTED,No,No Apparent Injury,N/A,UNKNOWN,MD,PASSENGER CAR,MOVING CONSTANT SPEED,40,No,2017,MERCEDES,CLA250,39.12935667,-77.18634833,2023,8,19
230051178,Property Damage Crash,08/24/2023 07:53:00 PM,S FREDERICK RD,NA,SAME DIRECTION SIDESWIPE,Clear,DRY,Medium,NO CONTROLS,NONE DETECTED,Yes,No Apparent Injury,N/A,UNKNOWN,NA,PASSENGER CAR,MOVING CONSTANT SPEED,40,No,2017,HYUNDAI,ELANTRA,39.12935667,-77.18634833,2023,8,19
230051175,Injury Crash,08/24/2023 07:30:00 PM,KEY WEST AVE,NA,SAME DIR REAR END,Cloudy,DRY,Daylight,TRAFFIC SIGNAL,NONE DETECTED,Yes,Possible Minor Injury,N/A,NOT DISTRACTED,MD,PASSENGER CAR,SLOWING OR STOPPING,40,No,2009,MITSUBISHI,LANCER,39.10538967,-77.19593283,2023,8,19
230051175,Injury Crash,08/24/2023 07:30:00 PM,KEY WEST AVE,NA,SAME DIR REAR END,Cloudy,DRY,Daylight,TRAFFIC SIGNAL,NONE DETECTED,No,No Apparent Injury,N/A,NOT DISTRACTED,MD,(SPORT) UTILITY VEHICLE,STOPPED IN TRAFFIC LANE,40,No,2004,HONDA,PILOT,39.10538967,-77.19593283,2023,8,19
230051170,Property Damage Crash,08/24/2023 07:15:00 PM,NA,NA,OTHER,Clear,NA,Daylight,NO CONTROLS,NONE DETECTED,Yes,No Apparent Injury,N/A,LOOKED BUT DID NOT SEE,NA,PASSENGER CAR,PARKING,25,No,2020,TOYOTA,COROLLA,39.15278348,-77.2131328,2023,8,19
230051157,Property Damage Crash,08/24/2023 06:27:00 PM,GEORGIA AVE,NA,SAME DIR REAR END,Clear,DRY,Daylight,NO CONTROLS,NONE DETECTED,Yes,No Apparent Injury,N/A,UNKNOWN,MD,PASSENGER CAR,SLOWING OR STOPPING,40,No,2012,NISSAN,ALTIMA,39.02250833,-77.04502667,2023,8,18
230051157,Property Damage Crash,08/24/2023 06:27:00 PM,GEORGIA AVE,NA,SAME DIR REAR END,Clear,DRY,Daylight,NO CONTROLS,NONE DETECTED,No,No Apparent Injury,N/A,NOT DISTRACTED,MD,PASSENGER CAR,STOPPED IN TRAFFIC LANE,40,No,2007,HONDA,CIVIC EX,39.02250833,-77.04502667,2023,8,18
230051157,Property Damage Crash,08/24/2023 06:27:00 PM,GEORGIA AVE,NA,SAME DIR REAR END,Clear,DRY,Daylight,NO CONTROLS,NONE DETECTED,No,No Apparent Injury,N/A,NOT DISTRACTED,MD,PASSENGER CAR,STOPPED IN TRAFFIC LANE,40,No,2011,TOYOTA,COROLLA,39.02250833,-77.04502667,2023,8,18
230051154,Property Damage Crash,08/24/2023 05:46:00 PM,UNIVERSITY BLVD W,NA,SAME DIR REAR END,Clear,DRY,Daylight,NO CONTROLS,NONE DETECTED,Yes,No Apparent Injury,N/A,UNKNOWN,MD,PASSENGER CAR,MAKING U TURN,35,No,2024,MAZD,CX-90,39.02953,-77.02107,2023,8,17
230051154,Property Damage Crash,08/24/2023 05:46:00 PM,UNIVERSITY BLVD W,NA,SAME DIR REAR END,Clear,DRY,Daylight,NO CONTROLS,NONE DETECTED,No,No Apparent Injury,N/A,NOT DISTRACTED,MD,PASSENGER CAR,CHANGING LANES,35,No,2010,HYUN,ELANTRA,39.02953,-77.02107,2023,8,17
230051140,Injury Crash,08/24/2023 05:30:00 PM,DAYTON ST,BICYCLIST,STRAIGHT MOVEMENT ANGLE,Clear,DRY,Daylight,STOP SIGN,NONE DETECTED,Yes,No Apparent Injury,N/A,LOOKED BUT DID NOT SEE,MD,(SPORT) UTILITY VEHICLE,ACCELERATING,25,No,2015,HOND,PV,39.03890333,-77.04187667,2023,8,17
230051135,Property Damage Crash,08/24/2023 05:02:00 PM,FREDERICK RD,NA,HEAD ON LEFT TURN,Clear,DRY,Daylight,TRAFFIC SIGNAL,NONE DETECTED,Yes,No Apparent Injury,N/A,NOT DISTRACTED,MD,PASSENGER CAR,MAKING LEFT TURN,35,No,2013,FORD,ESCAPE,39.17840755,-77.2383721,2023,8,17
230051135,Property Damage Crash,08/24/2023 05:02:00 PM,FREDERICK RD,NA,HEAD ON LEFT TURN,Clear,DRY,Daylight,TRAFFIC SIGNAL,NONE DETECTED,No,No Apparent Injury,N/A,NOT DISTRACTED,MD,PASSENGER CAR,MOVING CONSTANT SPEED,35,No,1995,TOYOTA,CAMRY,39.17840755,-77.2383721,2023,8,17
230051243,Property Damage Crash,08/24/2023 05:00:00 PM,MEADOW LA,NA,SAME DIRECTION RIGHT TURN,Cloudy,DRY,Daylight,NO CONTROLS,NONE DETECTED,Yes,No Apparent Injury,N/A,UNKNOWN,NA,NA,UNKNOWN,25,No,0,UNKNOWN,UNKNOWN,38.98727395,-77.07961559,2023,8,17
230051121,Injury Crash,08/24/2023 04:30:00 PM,FREDERICK RD,NA,HEAD ON LEFT TURN,Clear,DRY,Daylight,STOP SIGN,NONE DETECTED,No,Possible Minor Injury,N/A,NOT DISTRACTED,MD,(SPORT) UTILITY VEHICLE,MOVING CONSTANT SPEED,35,No,2017,HYUNDAI,TK,39.1461273,-77.2040884,2023,8,16
230051121,Injury Crash,08/24/2023 04:30:00 PM,FREDERICK RD,NA,HEAD ON LEFT TURN,Clear,DRY,Daylight,STOP SIGN,NONE DETECTED,Yes,Possible Minor Injury,N/A,LOOKED BUT DID NOT SEE,DC,(SPORT) UTILITY VEHICLE,MAKING LEFT TURN,35,No,2019,HONDA,CRV,39.1461273,-77.2040884,2023,8,16