Local Case Number,ACRS Report Type,Crash Date/Time,Road Name,Related Non-Motorist,Collision Type,Weather,Surface Condition,Light,Traffic Control,Driver Substance Abuse,Driver At Fault,Injury Severity,Circumstance,Driver Distracted By,Drivers License State,Vehicle Body Type,Vehicle Movement,Speed Limit,Driverless Vehicle,Vehicle Year,Vehicle Make,Vehicle Model,Latitude,Longitude,Year,Month,Hour
230051116,Injury Crash,08/24/2023 03:56:00 PM,FATHER HURLEY BLVD,NA,STRAIGHT MOVEMENT ANGLE,Clear,DRY,Daylight,TRAFFIC SIGNAL,NONE DETECTED,Yes,Possible Minor Injury,N/A,NOT DISTRACTED,MD,PASSENGER CAR,MOVING CONSTANT SPEED,40,No,2020,TOYOTA,CAMRY,39.19661824,-77.26553465,2023,8,15
230051116,Injury Crash,08/24/2023 03:56:00 PM,FATHER HURLEY BLVD,NA,STRAIGHT MOVEMENT ANGLE,Clear,DRY,Daylight,TRAFFIC SIGNAL,NONE DETECTED,No,Possible Minor Injury,N/A,NOT DISTRACTED,MD,PASSENGER CAR,ACCELERATING,40,No,2015,HYUNDAI,SONOTA,39.19661824,-77.26553465,2023,8,15
230051110,Property Damage Crash,08/24/2023 03:40:00 PM,SHADY GROVE RD,NA,SAME DIR REAR END,Cloudy,DRY,Daylight,NO CONTROLS,NONE DETECTED,Yes,No Apparent Injury,N/A,NOT DISTRACTED,MD,PICKUP TRUCK,CHANGING LANES,40,No,2021,FORD,RANGER,39.1021845,-77.1909875,2023,8,15
230051110,Property Damage Crash,08/24/2023 03:40:00 PM,SHADY GROVE RD,NA,SAME DIR REAR END,Cloudy,DRY,Daylight,NO CONTROLS,NONE DETECTED,Yes,No Apparent Injury,N/A,NOT DISTRACTED,MD,(SPORT) UTILITY VEHICLE,SLOWING OR STOPPING,40,No,2015,NISSAN,XTERRA,39.1021845,-77.1909875,2023,8,15
230052126,Property Damage Crash,08/24/2023 03:30:00 PM,NA,NA,SAME DIR REAR END,Clear,NA,Daylight,NO CONTROLS,NONE DETECTED,Yes,No Apparent Injury,N/A,UNKNOWN,MD,PICKUP TRUCK,OTHER,0,No,2009,GMC,SIERRA,39.18528582,-77.18871079,2023,8,15
230052126,Property Damage Crash,08/24/2023 03:30:00 PM,NA,NA,SAME DIR REAR END,Clear,NA,Daylight,NO CONTROLS,NONE DETECTED,No,No Apparent Injury,N/A,NOT DISTRACTED,MD,PASSENGER CAR,STOPPED IN TRAFFIC LANE,0,No,2018,TOYOTA,CAMERY,39.18528582,-77.18871079,2023,8,15
230051086,Injury Crash,08/24/2023 01:46:00 PM,GAITHER RD,NA,STRAIGHT MOVEMENT ANGLE,Cloudy,DRY,Daylight,TRAFFIC SIGNAL,NONE DETECTED,No,No Apparent Injury,N/A,NOT DISTRACTED,MD,(SPORT) UTILITY VEHICLE,SLOWING OR STOPPING,30,No,2011,NISS,JUKE,39.11236059,-77.17551764,2023,8,13
230051086,Injury Crash,08/24/2023 01:46:00 PM,GAITHER RD,NA,STRAIGHT MOVEMENT ANGLE,Cloudy,DRY,Daylight,TRAFFIC SIGNAL,NONE DETECTED,Yes,No Apparent Injury,N/A,NOT DISTRACTED,MD,(SPORT) UTILITY VEHICLE,MAKING LEFT TURN,30,No,2017,SUBA,FORESTER,39.11236059,-77.17551764,2023,8,13
230051085,Injury Crash,08/24/2023 01:45:00 PM,NA,NA,SAME DIR REAR END,Clear,NA,Daylight,NO CONTROLS,NONE DETECTED,Yes,Possible Minor Injury,N/A,INATTENTIVE OR LOST IN THOUGHT,MD,PASSENGER CAR,ACCELERATING,5,No,2004,JEEP,CHEROKEE,39.02648833,-77.07232945,2023,8,13
230051084,Property Damage Crash,08/24/2023 01:41:00 PM,NA,NA,SINGLE VEHICLE,Clear,NA,Daylight,NO CONTROLS,NONE DETECTED,Yes,No Apparent Injury,N/A,NOT DISTRACTED,MD,PASSENGER CAR,ACCELERATING,15,No,2015,CHEV,IMPALA,39.15311553,-77.06431518,2023,8,13
230051645,Injury Crash,08/24/2023 01:36:00 PM,GREENCASTLE RD,NA,SAME DIR REAR END,Clear,DRY,Daylight,NO CONTROLS,NONE DETECTED,No,No Apparent Injury,N/A,NOT DISTRACTED,MD,PASSENGER CAR,STARTING FROM LANE,25,No,2004,TOYOTA,MATRIX,39.09819209,-76.94339648,2023,8,13
230051645,Injury Crash,08/24/2023 01:36:00 PM,GREENCASTLE RD,NA,SAME DIR REAR END,Clear,DRY,Daylight,NO CONTROLS,NONE DETECTED,Yes,Possible Minor Injury,N/A,NOT DISTRACTED,MD,PASSENGER CAR,ACCELERATING,25,No,2004,TOYOTA,CAMRY,39.09819209,-76.94339648,2023,8,13
230051078,Property Damage Crash,08/24/2023 01:35:00 PM,NA,NA,OTHER,Clear,NA,Daylight,N/A,NONE DETECTED,Yes,No Apparent Injury,N/A,UNKNOWN,MD,PASSENGER CAR,BACKING,15,No,2022,TOYOTA,COROLLA,39.1216773,-77.17754926,2023,8,13
230051081,Property Damage Crash,08/24/2023 01:15:00 PM,COLUMBIA PIKE,NA,STRAIGHT MOVEMENT ANGLE,Rain,WET,Daylight,TRAFFIC SIGNAL,NONE DETECTED,Yes,No Apparent Injury,"RAIN, SNOW, WET",LOOKED BUT DID NOT SEE,MD,PASSENGER CAR,MAKING LEFT TURN,35,No,2016,HOND,TK,39.036017,-77.00046433,2023,8,13
230051081,Property Damage Crash,08/24/2023 01:15:00 PM,COLUMBIA PIKE,NA,STRAIGHT MOVEMENT ANGLE,Rain,WET,Daylight,TRAFFIC SIGNAL,NONE DETECTED,No,No Apparent Injury,"RAIN, SNOW, WET",NOT DISTRACTED,MD,OTHER,MOVING CONSTANT SPEED,35,No,2012,FORD,TITANIUM,39.036017,-77.00046433,2023,8,13
230051079,Property Damage Crash,08/24/2023 12:46:00 PM,NA,NA,OTHER,Clear,NA,Daylight,N/A,NONE DETECTED,Yes,No Apparent Injury,N/A,NOT DISTRACTED,MD,SCHOOL BUS,BACKING,5,No,2021,THMS,SB,39.12832,-77.16492167,2023,8,12
230051058,Property Damage Crash,08/24/2023 11:46:00 AM,EVERETT ST,NA,SAME DIR REAR END,Cloudy,DRY,Daylight,NO CONTROLS,NONE DETECTED,Yes,No Apparent Injury,N/A,INATTENTIVE OR LOST IN THOUGHT,MD,PASSENGER CAR,PARKED,20,No,2020,FORD,CG,39.01950763,-77.07569294,2023,8,11
230051058,Property Damage Crash,08/24/2023 11:46:00 AM,EVERETT ST,NA,SAME DIR REAR END,Cloudy,DRY,Daylight,NO CONTROLS,NONE DETECTED,No,No Apparent Injury,N/A,NOT DISTRACTED,MD,PASSENGER CAR,MOVING CONSTANT SPEED,20,No,2005,CHEV,COLORADO,39.01950763,-77.07569294,2023,8,11
230051080,Property Damage Crash,08/24/2023 11:00:00 AM,CONNECTICUT AVE,NA,SAME DIRECTION RIGHT TURN,Cloudy,DRY,Daylight,NO CONTROLS,NONE DETECTED,No,No Apparent Injury,N/A,NOT DISTRACTED,MD,PICKUP TRUCK,MOVING CONSTANT SPEED,30,No,2018,FORD,TRANSIT 350,38.97653397,-77.07708325,2023,8,11
230051080,Property Damage Crash,08/24/2023 11:00:00 AM,CONNECTICUT AVE,NA,SAME DIRECTION RIGHT TURN,Cloudy,DRY,Daylight,NO CONTROLS,NONE DETECTED,Yes,No Apparent Injury,N/A,UNKNOWN,NA,PICKUP TRUCK,PASSING,30,No,2022,GMC,SIERRA,38.97653397,-77.07708325,2023,8,11
230051026,Injury Crash,08/24/2023 08:50:00 AM,TOWNE ROAD,NA,SAME DIR REAR END,Clear,DRY,Daylight,TRAFFIC SIGNAL,NONE DETECTED,Yes,No Apparent Injury,N/A,LOOKED BUT DID NOT SEE,MD,(SPORT) UTILITY VEHICLE,MOVING CONSTANT SPEED,35,No,2020,KIA,SW,39.05153167,-77.11867667,2023,8,8
230051026,Injury Crash,08/24/2023 08:50:00 AM,TOWNE ROAD,NA,SAME DIR REAR END,Clear,DRY,Daylight,TRAFFIC SIGNAL,NONE DETECTED,No,Possible Minor Injury,N/A,NOT DISTRACTED,MD,(SPORT) UTILITY VEHICLE,STOPPED IN TRAFFIC LANE,35,No,2018,CHEV,EQUINOX,39.05153167,-77.11867667,2023,8,8
230051015,Injury Crash,08/24/2023 08:35:00 AM,GEORGIA AVE,NA,SINGLE VEHICLE,Cloudy,WET,Daylight,NO CONTROLS,NONE DETECTED,Yes,Possible Minor Injury,"N/A, WET",NOT DISTRACTED,MD,MOPED,CHANGING LANES,30,No,2021,ZHEJIANG RIYA MOTORC,AR50,39.00307033,-77.03557945,2023,8,8
230051006,Injury Crash,08/24/2023 07:46:00 AM,UNIVERSITY BLVD W,NA,SINGLE VEHICLE,Cloudy,DRY,Daylight,NO CONTROLS,NONE DETECTED,Yes,Suspected Serious Injury,N/A,UNKNOWN,MD,PASSENGER CAR,ACCELERATING,35,No,2010,HONDA,INSIGHT,39.04169833,-77.050125,2023,8,7
230051001,Property Damage Crash,08/24/2023 05:30:00 AM,LAYHILL RD,NA,HEAD ON LEFT TURN,Clear,DRY,Medium,TRAFFIC SIGNAL,NONE DETECTED,Yes,No Apparent Injury,N/A,UNKNOWN,DC,PASSENGER CAR,MAKING LEFT TURN,35,No,2003,TOYOTA,COROLLA,39.09056751,-77.04490783,2023,8,5
230051001,Property Damage Crash,08/24/2023 05:30:00 AM,LAYHILL RD,NA,HEAD ON LEFT TURN,Clear,DRY,Medium,TRAFFIC SIGNAL,NONE DETECTED,No,No Apparent Injury,N/A,NOT DISTRACTED,MD,PASSENGER CAR,MOVING CONSTANT SPEED,35,No,2005,TOYOTA,COROLLA,39.09056751,-77.04490783,2023,8,5
230050995,Property Damage Crash,08/24/2023 02:30:00 AM,GEORGIA AVE,NA,SAME DIRECTION SIDESWIPE,Clear,DRY,Medium,TRAFFIC SIGNAL,NONE DETECTED,No,No Apparent Injury,N/A,NOT DISTRACTED,MD,PASSENGER CAR,STOPPED IN TRAFFIC LANE,35,No,2017,MERZ,CLA,38.99139333,-77.02649167,2023,8,2
230050995,Property Damage Crash,08/24/2023 02:30:00 AM,GEORGIA AVE,NA,SAME DIRECTION SIDESWIPE,Clear,DRY,Medium,TRAFFIC SIGNAL,ALCOHOL PRESENT,Yes,No Apparent Injury,N/A,UNKNOWN,VA,PASSENGER CAR,CHANGING LANES,35,No,2016,TOYOTA,HIGHLANDER,38.99139333,-77.02649167,2023,8,2
230050979,Property Damage Crash,08/23/2023 08:53:00 PM,NA,NA,SAME DIR REAR END,Clear,NA,Medium,NO CONTROLS,NONE DETECTED,Yes,No Apparent Injury,N/A,NOT DISTRACTED,MD,PASSENGER CAR,SKIDDING,15,No,2019,FORD,MUSTANG,39.16528601,-77.25009871,2023,8,20
230050976,Injury Crash,08/23/2023 08:48:00 PM,FREDERICK RD,NA,HEAD ON LEFT TURN,Clear,DRY,Medium,NO CONTROLS,NONE DETECTED,Yes,No Apparent Injury,N/A,LOOKED BUT DID NOT SEE,MD,PASSENGER CAR,MAKING U TURN,40,No,2016,HOND,4S,39.17567833,-77.23805333,2023,8,20
230050976,Injury Crash,08/23/2023 08:48:00 PM,FREDERICK RD,NA,HEAD ON LEFT TURN,Clear,DRY,Medium,NO CONTROLS,NONE DETECTED,Yes,Possible Minor Injury,N/A,LOOKED BUT DID NOT SEE,MD,PASSENGER CAR,MOVING CONSTANT SPEED,45,No,2016,HONDA,CIVIC,39.17567833,-77.23805333,2023,8,20
230050965,Property Damage Crash,08/23/2023 07:10:00 PM,SEVEN LOCKS RD,NA,HEAD ON LEFT TURN,Cloudy,DRY,Daylight,TRAFFIC SIGNAL,NONE DETECTED,No,No Apparent Injury,N/A,NOT DISTRACTED,MD,(SPORT) UTILITY VEHICLE,MOVING CONSTANT SPEED,35,No,2018,ACURA,MDX,39.04047667,-77.15904817,2023,8,19
230050965,Property Damage Crash,08/23/2023 07:10:00 PM,SEVEN LOCKS RD,NA,HEAD ON LEFT TURN,Cloudy,DRY,Daylight,TRAFFIC SIGNAL,NONE DETECTED,Yes,No Apparent Injury,N/A,NOT DISTRACTED,MO,PASSENGER CAR,MAKING LEFT TURN,35,No,2016,HONDA,CIVIC,39.04047667,-77.15904817,2023,8,19
230050950,Injury Crash,08/23/2023 06:26:00 PM,LEXINGTON DR,NA,OPPOSITE DIRECTION SIDESWIPE,Clear,DRY,Daylight,N/A,NONE DETECTED,Yes,No Apparent Injury,N/A,NOT DISTRACTED,MD,"OTHER LIGHT TRUCKS (10,000LBS (4,536KG) OR LESS)",MAKING LEFT TURN,25,No,2005,FRHT,TK,39.01981,-77.01091167,2023,8,18
230050950,Injury Crash,08/23/2023 06:26:00 PM,LEXINGTON DR,NA,OPPOSITE DIRECTION SIDESWIPE,Clear,DRY,Daylight,N/A,NONE DETECTED,No,Possible Minor Injury,N/A,NOT DISTRACTED,MD,PASSENGER CAR,STOPPED IN TRAFFIC LANE,25,No,2017,TOYOTA,COROLLA,39.01981,-77.01091167,2023,8,18
230050951,Property Damage Crash,08/23/2023 06:13:00 PM,16TH ST,NA,STRAIGHT MOVEMENT ANGLE,Clear,DRY,Daylight,TRAFFIC SIGNAL,NONE DETECTED,No,No Apparent Injury,N/A,UNKNOWN,MD,MOTORCYCLE,MOVING CONSTANT SPEED,35,No,2009,YAMAHA,R6,38.99475,-77.03618333,2023,8,18
230050951,Property Damage Crash,08/23/2023 06:13:00 PM,16TH ST,NA,STRAIGHT MOVEMENT ANGLE,Clear,DRY,Daylight,TRAFFIC SIGNAL,NONE DETECTED,Yes,No Apparent Injury,N/A,UNKNOWN,IL,"OTHER LIGHT TRUCKS (10,000LBS (4,536KG) OR LESS)",MAKING LEFT TURN,35,No,2015,GMC,SIENNA,38.99475,-77.03618333,2023,8,18
230050935,Injury Crash,08/23/2023 05:15:00 PM,FLOWER AVE,NA,STRAIGHT MOVEMENT ANGLE,Clear,DRY,Daylight,TRAFFIC SIGNAL,NONE DETECTED,Yes,No Apparent Injury,N/A,LOOKED BUT DID NOT SEE,MD,PASSENGER CAR,MAKING LEFT TURN,35,No,2016,LEXS,SD,39.01059833,-77.00826117,2023,8,17
230050935,Injury Crash,08/23/2023 05:15:00 PM,FLOWER AVE,NA,STRAIGHT MOVEMENT ANGLE,Clear,DRY,Daylight,TRAFFIC SIGNAL,NONE DETECTED,No,No Apparent Injury,N/A,NOT DISTRACTED,MD,PASSENGER CAR,MOVING CONSTANT SPEED,35,No,2005,HOND,TK,39.01059833,-77.00826117,2023,8,17
230050929,Property Damage Crash,08/23/2023 04:26:00 PM,NA,NA,OTHER,Cloudy,NA,Daylight,N/A,NONE DETECTED,No,No Apparent Injury,N/A,NOT DISTRACTED,MD,PASSENGER CAR,PARKED,0,No,2010,TOYOTA,CAMRY,39.09751094,-77.19250229,2023,8,16
230050929,Property Damage Crash,08/23/2023 04:26:00 PM,NA,NA,OTHER,Cloudy,NA,Daylight,N/A,NONE DETECTED,No,No Apparent Injury,N/A,NOT DISTRACTED,MD,POLICE VEHICLE/NON EMERGENCY,PARKED,0,No,2016,FORD,TAURUS,39.09751094,-77.19250229,2023,8,16
230050926,Injury Crash,08/23/2023 04:26:00 PM,UNIVERSITY BLVD W,PEDESTRIAN,OTHER,Clear,DRY,Daylight,NO CONTROLS,NONE DETECTED,No,No Apparent Injury,N/A,NOT DISTRACTED,MD,PASSENGER CAR,MOVING CONSTANT SPEED,35,No,2008,TOYT,SIENNA,39.02063667,-77.015965,2023,8,16
230050933,Property Damage Crash,08/23/2023 03:40:00 PM,GEORGIA AVE,NA,OTHER,Clear,DRY,Daylight,NO CONTROLS,NONE DETECTED,Yes,No Apparent Injury,N/A,UNKNOWN,MD,PASSENGER CAR,BACKING,15,No,2016,HONDA,CIVIC,39.053911,-77.04803917,2023,8,15
230050907,Injury Crash,08/23/2023 02:05:00 PM,WAYNE AVE,BICYCLIST,STRAIGHT MOVEMENT ANGLE,Clear,DRY,Daylight,TRAFFIC SIGNAL,NONE DETECTED,No,No Apparent Injury,N/A,NOT DISTRACTED,MD,PASSENGER CAR,MAKING LEFT TURN,30,No,2017,NISSAN,SENTRA,38.994404,-77.02668717,2023,8,14
230050908,Injury Crash,08/23/2023 01:58:00 PM,SHADY GROVE RD,NA,STRAIGHT MOVEMENT ANGLE,Cloudy,DRY,Daylight,TRAFFIC SIGNAL,NONE DETECTED,No,No Apparent Injury,N/A,NOT DISTRACTED,MD,(SPORT) UTILITY VEHICLE,STOPPED IN TRAFFIC LANE,40,No,2022,TOYT,UT,39.107384,-77.18932733,2023,8,13
230050908,Injury Crash,08/23/2023 01:58:00 PM,SHADY GROVE RD,NA,STRAIGHT MOVEMENT ANGLE,Cloudy,DRY,Daylight,TRAFFIC SIGNAL,NONE DETECTED,Yes,Possible Minor Injury,N/A,NOT DISTRACTED,MD,(SPORT) UTILITY VEHICLE,MAKING LEFT TURN,40,No,2015,HONDA,CRV,39.107384,-77.18932733,2023,8,13
230050908,Injury Crash,08/23/2023 01:58:00 PM,SHADY GROVE RD,NA,STRAIGHT MOVEMENT ANGLE,Cloudy,DRY,Daylight,TRAFFIC SIGNAL,NONE DETECTED,No,No Apparent Injury,N/A,NOT DISTRACTED,MD,PASSENGER CAR,MOVING CONSTANT SPEED,40,No,2020,TOYOTA,COROLLA,39.107384,-77.18932733,2023,8,13
230050901,Injury Crash,08/23/2023 01:42:00 PM,N HORNERS LA,NA,STRAIGHT MOVEMENT ANGLE,Clear,DRY,Daylight,STOP SIGN,NONE DETECTED,No,No Apparent Injury,N/A,NOT DISTRACTED,MD,PASSENGER CAR,MOVING CONSTANT SPEED,30,No,2013,HONDA,FITT,39.08874742,-77.14334448,2023,8,13
230050901,Injury Crash,08/23/2023 01:42:00 PM,N HORNERS LA,NA,STRAIGHT MOVEMENT ANGLE,Clear,DRY,Daylight,STOP SIGN,NONE DETECTED,Yes,No Apparent Injury,N/A,UNKNOWN,NA,UNKNOWN,MAKING RIGHT TURN,25,No,0,UNKNOWN,UNKNOWN,39.08874742,-77.14334448,2023,8,13
230050900,Property Damage Crash,08/23/2023 01:35:00 PM,WOOTTON PKWY,NA,SAME DIR REAR END,Clear,DRY,Daylight,TRAFFIC SIGNAL,NONE DETECTED,Yes,No Apparent Injury,N/A,NOT DISTRACTED,MD,"CARGO VAN/LIGHT TRUCK 2 AXLES (OVER 10,000LBS (4,536 KG))",MOVING CONSTANT SPEED,30,No,2019,FORD,TK,39.07259,-77.13823,2023,8,13
230050900,Property Damage Crash,08/23/2023 01:35:00 PM,WOOTTON PKWY,NA,SAME DIR REAR END,Clear,DRY,Daylight,TRAFFIC SIGNAL,NONE DETECTED,No,No Apparent Injury,N/A,NOT DISTRACTED,MD,PASSENGER CAR,SLOWING OR STOPPING,30,No,2017,RAM,VN,39.07259,-77.13823,2023,8,13
230050900,Property Damage Crash,08/23/2023 01:35:00 PM,WOOTTON PKWY,NA,SAME DIR REAR END,Clear,DRY,Daylight,TRAFFIC SIGNAL,NONE DETECTED,No,No Apparent Injury,N/A,NOT DISTRACTED,VA,"CARGO VAN/LIGHT TRUCK 2 AXLES (OVER 10,000LBS (4,536 KG))",MOVING CONSTANT SPEED,30,No,2000,INTERNATIONAL,TOW TRUCK,39.07259,-77.13823,2023,8,13
230050898,Property Damage Crash,08/23/2023 01:17:00 PM,KEMP MILL RD,NA,HEAD ON LEFT TURN,Clear,DRY,Daylight,STOP SIGN,NONE DETECTED,No,No Apparent Injury,N/A,NOT DISTRACTED,MD,PASSENGER CAR,STOPPED IN TRAFFIC LANE,25,No,2015,VOLK,GOLF,39.065355,-77.02848667,2023,8,13
230050898,Property Damage Crash,08/23/2023 01:17:00 PM,KEMP MILL RD,NA,HEAD ON LEFT TURN,Clear,DRY,Daylight,STOP SIGN,NONE DETECTED,Yes,No Apparent Injury,N/A,LOOKED BUT DID NOT SEE,MD,PASSENGER CAR,MAKING LEFT TURN,30,No,2012,BUIC,LACROSSE,39.065355,-77.02848667,2023,8,13
230050888,Property Damage Crash,08/23/2023 12:30:00 PM,NA,NA,STRAIGHT MOVEMENT ANGLE,Clear,NA,Daylight,STOP SIGN,NONE DETECTED,Yes,No Apparent Injury,N/A,LOOKED BUT DID NOT SEE,MD,PASSENGER CAR,ACCELERATING,20,No,2006,TOYOTA,COROLLA,39.20030279,-77.24653742,2023,8,12
230050888,Property Damage Crash,08/23/2023 12:30:00 PM,NA,NA,STRAIGHT MOVEMENT ANGLE,Clear,NA,Daylight,STOP SIGN,NONE DETECTED,No,No Apparent Injury,N/A,NOT DISTRACTED,MD,PASSENGER CAR,MOVING CONSTANT SPEED,20,No,2020,BMW,330I,39.20030279,-77.24653742,2023,8,12
230050881,Property Damage Crash,08/23/2023 12:15:00 PM,GEORGIA AVE,NA,SINGLE VEHICLE,Clear,DRY,Daylight,N/A,NONE DETECTED,Yes,No Apparent Injury,N/A,OTHER DISTRACTION,MD,PASSENGER CAR,MOVING CONSTANT SPEED,45,No,2020,CADI,UT,39.10197767,-77.07702217,2023,8,12
230050884,Property Damage Crash,08/23/2023 11:55:00 AM,HAMPDEN LA,NA,SAME DIRECTION SIDESWIPE,Cloudy,DRY,Daylight,NO CONTROLS,NONE DETECTED,Yes,No Apparent Injury,N/A,NOT DISTRACTED,MD,"OTHER LIGHT TRUCKS (10,000LBS (4,536KG) OR LESS)",MOVING CONSTANT SPEED,25,No,2014,FORD,F350,38.98273116,-77.0946073,2023,8,11
230050879,Injury Crash,08/23/2023 11:51:00 AM,QUINCE ORCHARD RD,NA,SAME DIR REAR END,Clear,DRY,Daylight,NO CONTROLS,NONE DETECTED,No,No Apparent Injury,N/A,NOT DISTRACTED,MD,PASSENGER CAR,SLOWING OR STOPPING,35,No,2016,LEXUS,SEDAN,39.1245075,-77.2361295,2023,8,11
230050879,Injury Crash,08/23/2023 11:51:00 AM,QUINCE ORCHARD RD,NA,SAME DIR REAR END,Clear,DRY,Daylight,NO CONTROLS,NONE DETECTED,Yes,No Apparent Injury,N/A,UNKNOWN,NA,PASSENGER CAR,SLOWING OR STOPPING,35,No,2019,FORD,FIESTA,39.1245075,-77.2361295,2023,8,11
230050855,Property Damage Crash,08/23/2023 10:00:00 AM,INDEPENDENCE ST,NA,STRAIGHT MOVEMENT ANGLE,Clear,DRY,Daylight,STOP SIGN,NONE DETECTED,No,No Apparent Injury,N/A,NOT DISTRACTED,MD,PASSENGER CAR,MOVING CONSTANT SPEED,25,No,2010,FORD,FUSION,39.07597833,-77.08206167,2023,8,10
230050855,Property Damage Crash,08/23/2023 10:00:00 AM,INDEPENDENCE ST,NA,STRAIGHT MOVEMENT ANGLE,Clear,DRY,Daylight,STOP SIGN,NONE DETECTED,Yes,No Apparent Injury,N/A,LOOKED BUT DID NOT SEE,MD,(SPORT) UTILITY VEHICLE,MAKING LEFT TURN,25,No,2012,HONDA,CRV,39.07597833,-77.08206167,2023,8,10
230050848,Property Damage Crash,08/23/2023 09:27:00 AM,CLOVERLEAF CENTER DR,NA,SINGLE VEHICLE,Clear,DRY,Daylight,NO CONTROLS,NONE DETECTED,Yes,No Apparent Injury,N/A,LOOKED BUT DID NOT SEE,MD,FIRE VEHICLE/EMERGENCY,MAKING RIGHT TURN,25,No,2020,SPARTAN,FIRE TRUCK,39.1918406,-77.26260878,2023,8,9
230050852,Property Damage Crash,08/23/2023 09:23:00 AM,NORBECK RD,NA,SAME DIR REAR END,Clear,DRY,Daylight,OTHER,NONE DETECTED,Yes,No Apparent Injury,N/A,UNKNOWN,MD,PASSENGER CAR,STARTING FROM LANE,35,No,2011,CHRY,4S,39.09852,-77.10291167,2023,8,9
230050852,Property Damage Crash,08/23/2023 09:23:00 AM,NORBECK RD,NA,SAME DIR REAR END,Clear,DRY,Daylight,OTHER,NONE DETECTED,No,No Apparent Injury,N/A,NOT DISTRACTED,MD,"CARGO VAN/LIGHT TRUCK 2 AXLES (OVER 10,000LBS (4,536 KG))",STARTING FROM LANE,5,No,2008,FREIGHTLINE,TK #084887,39.09852,-77.10291167,2023,8,9
23050825,Property Damage Crash,08/23/2023 07:30:00 AM,NA,NA,SINGLE VEHICLE,Clear,NA,Daylight,N/A,NONE DETECTED,Yes,No Apparent Injury,N/A,UNKNOWN,MD,PASSENGER CAR,ACCELERATING,15,No,2013,HONDA,4S,39.15527787,-77.16579695,2023,8,7
230050833,Property Damage Crash,08/23/2023 04:21:00 AM,NA,NA,OTHER,Clear,NA,Dark,N/A,NONE DETECTED,Yes,No Apparent Injury,N/A,UNKNOWN,NA,PASSENGER CAR,BACKING,0,No,2017,SUBARU,OUTBACK,38.98114938,-76.9996547,2023,8,4
230050813,Property Damage Crash,08/23/2023 02:39:00 AM,RALSTON RD,NA,SINGLE VEHICLE,Clear,DRY,Medium,NO CONTROLS,NONE DETECTED,Yes,No Apparent Injury,N/A,INATTENTIVE OR LOST IN THOUGHT,MD,PASSENGER CAR,MOVING CONSTANT SPEED,25,No,2015,HYUNDAI,SONATA,39.03812433,-77.13017733,2023,8,2
230050807,Property Damage Crash,08/23/2023 01:19:00 AM,VEIRS MILL RD,NA,SAME DIRECTION SIDESWIPE,Clear,DRY,Medium,FLASHING TRAFFIC SIGNAL,NONE DETECTED,Yes,No Apparent Injury,N/A,UNKNOWN,CA,PASSENGER CAR,MAKING RIGHT TURN,35,No,2013,FORD,FOCUS,39.04539817,-77.06555233,2023,8,1
230050807,Property Damage Crash,08/23/2023 01:19:00 AM,VEIRS MILL RD,NA,SAME DIRECTION SIDESWIPE,Clear,DRY,Medium,FLASHING TRAFFIC SIGNAL,NONE DETECTED,No,No Apparent Injury,N/A,UNKNOWN,MD,PASSENGER CAR,MOVING CONSTANT SPEED,35,No,2018,HONDA,CIVIC,39.04539817,-77.06555233,2023,8,1
230050795,Injury Crash,08/22/2023 10:44:00 PM,NEW HAMPSHIRE AVE,NA,STRAIGHT MOVEMENT ANGLE,Clear,DRY,Medium,N/A,NONE DETECTED,Yes,Possible Minor Injury,N/A,NOT DISTRACTED,MD,PICKUP TRUCK,MAKING RIGHT TURN,40,No,1999,CHEVROLET,S10,39.02445,-76.97957667,2023,8,22
230050795,Injury Crash,08/22/2023 10:44:00 PM,NEW HAMPSHIRE AVE,NA,STRAIGHT MOVEMENT ANGLE,Clear,DRY,Medium,N/A,NONE DETECTED,No,No Apparent Injury,N/A,NOT DISTRACTED,MD,PASSENGER CAR,MOVING CONSTANT SPEED,40,No,2020,MERCEDES,A 220,39.02445,-76.97957667,2023,8,22
230050787,Property Damage Crash,08/22/2023 09:25:00 PM,MONTROSE RD,NA,SINGLE VEHICLE,Clear,DRY,Medium,N/A,NONE DETECTED,Yes,No Apparent Injury,N/A,NOT DISTRACTED,MD,PASSENGER CAR,CHANGING LANES,35,No,2003,MITSUBISHI,ECLIPSE,39.05454,-77.14413333,2023,8,21
230050776,Property Damage Crash,08/22/2023 07:57:00 PM,MUDDY BRANCH RD,NA,STRAIGHT MOVEMENT ANGLE,Clear,DRY,Medium,TRAFFIC SIGNAL,NONE DETECTED,Yes,No Apparent Injury,N/A,UNKNOWN,VA,PASSENGER CAR,MAKING RIGHT TURN,40,No,2022,TESLA,MODEL 3,39.11564817,-77.215955,2023,8,19
230050776,Property Damage Crash,08/22/2023 07:57:00 PM,MUDDY BRANCH RD,NA,STRAIGHT MOVEMENT ANGLE,Clear,DRY,Medium,TRAFFIC SIGNAL,NONE DETECTED,No,No Apparent Injury,N/A,NOT DISTRACTED,MD,PASSENGER CAR,MOVING CONSTANT SPEED,40,No,2011,LEXU,4S,39.11564817,-77.215955,2023,8,19
230050755,Injury Crash,08/22/2023 06:34:00 PM,COLUMBIA PIKE,NA,SAME DIR REAR END,Clear,DRY,Daylight,TRAFFIC SIGNAL,NONE DETECTED,Yes,No Apparent Injury,N/A,USING OTHER DEVICE CONTROLS INTEGRAL TO VEHICLE,MD,PASSENGER CAR,SLOWING OR STOPPING,40,No,2004,MERCURY,SABLE,39.09647833,-76.937705,2023,8,18
230050755,Injury Crash,08/22/2023 06:34:00 PM,COLUMBIA PIKE,NA,SAME DIR REAR END,Clear,DRY,Daylight,TRAFFIC SIGNAL,NONE DETECTED,No,Possible Minor Injury,N/A,NOT DISTRACTED,MD,PASSENGER CAR,SLOWING OR STOPPING,40,No,2004,NISSAN,ALTIMA,39.09647833,-76.937705,2023,8,18
230050754,Property Damage Crash,08/22/2023 06:16:00 PM,POWDER MILL RD,NA,HEAD ON LEFT TURN,Clear,DRY,Daylight,TRAFFIC SIGNAL,NONE DETECTED,No,No Apparent Injury,N/A,NOT DISTRACTED,MD,PASSENGER CAR,MOVING CONSTANT SPEED,35,No,2019,FORD,F 150,39.022085,-76.97781333,2023,8,18
230050754,Property Damage Crash,08/22/2023 06:16:00 PM,POWDER MILL RD,NA,HEAD ON LEFT TURN,Clear,DRY,Daylight,TRAFFIC SIGNAL,NONE DETECTED,Yes,No Apparent Injury,N/A,NOT DISTRACTED,MD,PASSENGER CAR,MAKING LEFT TURN,35,No,2015,HONDA,SUV,39.022085,-76.97781333,2023,8,18
230050752,Property Damage Crash,08/22/2023 05:59:00 PM,SUNDOWN RD,NA,SAME DIR REAR END,Clear,DRY,Daylight,STOP SIGN,NONE DETECTED,No,No Apparent Injury,N/A,NOT DISTRACTED,MD,VAN,SLOWING OR STOPPING,30,No,2021,RAM,PROMASTER,39.22623,-77.06966,2023,8,17
230050752,Property Damage Crash,08/22/2023 05:59:00 PM,SUNDOWN RD,NA,SAME DIR REAR END,Clear,DRY,Daylight,STOP SIGN,NONE DETECTED,Yes,No Apparent Injury,N/A,UNKNOWN,NA,PASSENGER CAR,SLOWING OR STOPPING,30,No,2022,HONDA,ACCORD,39.22623,-77.06966,2023,8,17
230050750,Property Damage Crash,08/22/2023 05:43:00 PM,MUNCASTER MILL RD,NA,SAME DIR REAR END,Clear,DRY,Daylight,NO CONTROLS,NONE DETECTED,No,No Apparent Injury,N/A,NOT DISTRACTED,FL,PASSENGER CAR,STOPPED IN TRAFFIC LANE,40,No,2009,TOYOTA,SCION,39.1110005,-77.08439183,2023,8,17