Local Case Number,ACRS Report Type,Crash Date/Time,Road Name,Related Non-Motorist,Collision Type,Weather,Surface Condition,Light,Traffic Control,Driver Substance Abuse,Driver At Fault,Injury Severity,Circumstance,Driver Distracted By,Drivers License State,Vehicle Body Type,Vehicle Movement,Speed Limit,Driverless Vehicle,Vehicle Year,Vehicle Make,Vehicle Model,Latitude,Longitude,Year,Month,Hour
230050750,Property Damage Crash,08/22/2023 05:43:00 PM,MUNCASTER MILL RD,NA,SAME DIR REAR END,Clear,DRY,Daylight,NO CONTROLS,NONE DETECTED,Yes,No Apparent Injury,N/A,UNKNOWN,MD,PASSENGER CAR,SLOWING OR STOPPING,40,No,2011,TOYOTA,COROLLA,39.1110005,-77.08439183,2023,8,17
230050781,Property Damage Crash,08/22/2023 05:30:00 PM,ROCKVILLE PIKE,NA,SAME DIR REAR END,Clear,DRY,Daylight,TRAFFIC SIGNAL,NONE DETECTED,Yes,No Apparent Injury,N/A,NOT DISTRACTED,MD,PASSENGER CAR,ACCELERATING,35,No,2018,NISSAN,ALTIMA,39.01492078,-77.09978536,2023,8,17
230050781,Property Damage Crash,08/22/2023 05:30:00 PM,ROCKVILLE PIKE,NA,SAME DIR REAR END,Clear,DRY,Daylight,TRAFFIC SIGNAL,NONE DETECTED,No,No Apparent Injury,N/A,NOT DISTRACTED,MD,PASSENGER CAR,STOPPED IN TRAFFIC LANE,35,No,2021,ACURA,TLX,39.01492078,-77.09978536,2023,8,17
230050747,Injury Crash,08/22/2023 05:25:00 PM,E GUDE DR,NA,SAME DIR REAR END,Clear,DRY,Daylight,TRAFFIC SIGNAL,NONE DETECTED,No,No Apparent Injury,N/A,NOT DISTRACTED,MD,PASSENGER CAR,STOPPED IN TRAFFIC LANE,40,No,2019,HONDA,HONDA,39.10668313,-77.15767594,2023,8,17
230050747,Injury Crash,08/22/2023 05:25:00 PM,E GUDE DR,NA,SAME DIR REAR END,Clear,DRY,Daylight,TRAFFIC SIGNAL,NONE DETECTED,No,Possible Minor Injury,N/A,NOT DISTRACTED,MD,PASSENGER CAR,STOPPED IN TRAFFIC LANE,40,No,2001,LINCOLN,TOWN CAR,39.10668313,-77.15767594,2023,8,17
230050747,Injury Crash,08/22/2023 05:25:00 PM,E GUDE DR,NA,SAME DIR REAR END,Clear,DRY,Daylight,TRAFFIC SIGNAL,NONE DETECTED,Yes,Possible Minor Injury,N/A,OTHER CELLULAR PHONE RELATED,MD,PASSENGER CAR,MOVING CONSTANT SPEED,40,No,2012,TOYT,PRIUS,39.10668313,-77.15767594,2023,8,17
230050746,Property Damage Crash,08/22/2023 05:20:00 PM,MONTGOMERY VILLAGE AVE,NA,SAME DIR REAR END,Clear,DRY,Daylight,NO CONTROLS,NONE DETECTED,No,No Apparent Injury,N/A,NOT DISTRACTED,NC,PASSENGER CAR,SLOWING OR STOPPING,35,No,2018,TOYOTA,CAMRY,39.15947,-77.202375,2023,8,17
230050741,Property Damage Crash,08/22/2023 05:20:00 PM,COLESVILLE RD,NA,SAME DIRECTION LEFT TURN,Clear,DRY,Daylight,NO CONTROLS,NONE DETECTED,No,No Apparent Injury,"BACKUP DUE TO REGULAR CONGESTION, N/A",NOT DISTRACTED,MD,(SPORT) UTILITY VEHICLE,MOVING CONSTANT SPEED,35,No,2017,MERZ,UT,39.00304533,-77.024418,2023,8,17
230050746,Property Damage Crash,08/22/2023 05:20:00 PM,MONTGOMERY VILLAGE AVE,NA,SAME DIR REAR END,Clear,DRY,Daylight,NO CONTROLS,NONE DETECTED,Yes,No Apparent Injury,N/A,UNKNOWN,MD,PASSENGER CAR,SLOWING OR STOPPING,35,No,2014,DODGE,CHALLENGER,39.15947,-77.202375,2023,8,17
230050741,Property Damage Crash,08/22/2023 05:20:00 PM,COLESVILLE RD,NA,SAME DIRECTION LEFT TURN,Clear,DRY,Daylight,NO CONTROLS,NONE DETECTED,Yes,No Apparent Injury,"BACKUP DUE TO REGULAR CONGESTION, N/A",OTHER DISTRACTION,MD,PASSENGER CAR,CHANGING LANES,35,No,1999,TOYT,SD,39.00304533,-77.024418,2023,8,17
230050770,Property Damage Crash,08/22/2023 05:00:00 PM,CAPITAL BELTWAY,NA,SAME DIR REAR END,Clear,DRY,Daylight,NO CONTROLS,NONE DETECTED,Yes,No Apparent Injury,N/A,UNKNOWN,NA,PASSENGER CAR,MOVING CONSTANT SPEED,55,No,2021,CHEVROLET,EQUINOX,39.01960951,-76.98007886,2023,8,17
230050770,Property Damage Crash,08/22/2023 05:00:00 PM,CAPITAL BELTWAY,NA,SAME DIR REAR END,Clear,DRY,Daylight,NO CONTROLS,NONE DETECTED,No,No Apparent Injury,N/A,NOT DISTRACTED,MD,PASSENGER CAR,SLOWING OR STOPPING,55,No,2009,HONDA,CIVIC,39.01960951,-76.98007886,2023,8,17
230050740,Property Damage Crash,08/22/2023 04:55:00 PM,CLOPPER RD,NA,HEAD ON LEFT TURN,Clear,DRY,Daylight,TRAFFIC SIGNAL,NONE DETECTED,Yes,No Apparent Injury,N/A,LOOKED BUT DID NOT SEE,MD,PASSENGER CAR,ACCELERATING,30,No,2011,TOYOTA,CAMRY,39.1628,-77.28323833,2023,8,16
230050740,Property Damage Crash,08/22/2023 04:55:00 PM,CLOPPER RD,NA,HEAD ON LEFT TURN,Clear,DRY,Daylight,TRAFFIC SIGNAL,NONE DETECTED,No,No Apparent Injury,N/A,NOT DISTRACTED,MD,PASSENGER CAR,MOVING CONSTANT SPEED,30,No,2015,AUDI,Q5,39.1628,-77.28323833,2023,8,16
230050737,Injury Crash,08/22/2023 04:38:00 PM,VEIRS MILL RD,NA,STRAIGHT MOVEMENT ANGLE,Clear,DRY,Daylight,N/A,NONE DETECTED,No,No Apparent Injury,N/A,NOT DISTRACTED,MD,(SPORT) UTILITY VEHICLE,MOVING CONSTANT SPEED,40,No,2021,TOYT,RAV4,39.07427404,-77.11384499,2023,8,16
230050737,Injury Crash,08/22/2023 04:38:00 PM,VEIRS MILL RD,NA,STRAIGHT MOVEMENT ANGLE,Clear,DRY,Daylight,N/A,NONE DETECTED,No,Possible Minor Injury,N/A,NOT DISTRACTED,MD,(SPORT) UTILITY VEHICLE,OTHER,40,No,2020,HOND,HRV,39.07427404,-77.11384499,2023,8,16
230050737,Injury Crash,08/22/2023 04:38:00 PM,VEIRS MILL RD,NA,STRAIGHT MOVEMENT ANGLE,Clear,DRY,Daylight,N/A,NONE DETECTED,Yes,No Apparent Injury,N/A,UNKNOWN,MD,PASSENGER CAR,ACCELERATING,40,No,2012,HOND,CIVIC,39.07427404,-77.11384499,2023,8,16
230050737,Injury Crash,08/22/2023 04:38:00 PM,VEIRS MILL RD,NA,STRAIGHT MOVEMENT ANGLE,Clear,DRY,Daylight,N/A,NONE DETECTED,No,Possible Minor Injury,N/A,NOT DISTRACTED,MD,PASSENGER CAR,STOPPED IN TRAFFIC LANE,40,No,2010,HOND,4S,39.07427404,-77.11384499,2023,8,16
230050728,Injury Crash,08/22/2023 03:40:00 PM,E DIAMOND AVE,NA,HEAD ON,Clear,DRY,Daylight,NO CONTROLS,NONE DETECTED,Yes,Possible Minor Injury,N/A,LOOKED BUT DID NOT SEE,MD,PASSENGER CAR,MOVING CONSTANT SPEED,30,No,2019,NISSAN,ALTIMA,39.14190753,-77.18724845,2023,8,15
230050728,Injury Crash,08/22/2023 03:40:00 PM,E DIAMOND AVE,NA,HEAD ON,Clear,DRY,Daylight,NO CONTROLS,NONE DETECTED,No,No Apparent Injury,N/A,NOT DISTRACTED,MD,PASSENGER CAR,MOVING CONSTANT SPEED,30,No,2006,HONDA,ODYSSEY,39.14190753,-77.18724845,2023,8,15
230050726,Injury Crash,08/22/2023 03:03:00 PM,MONTERREY DR,NA,STRAIGHT MOVEMENT ANGLE,Clear,DRY,Daylight,TRAFFIC SIGNAL,NONE DETECTED,Yes,Suspected Serious Injury,N/A,UNKNOWN,MD,PASSENGER CAR,MOVING CONSTANT SPEED,35,No,2015,HONDA,ACCORD,39.04420117,-77.06330983,2023,8,15
230050726,Injury Crash,08/22/2023 03:03:00 PM,MONTERREY DR,NA,STRAIGHT MOVEMENT ANGLE,Clear,DRY,Daylight,TRAFFIC SIGNAL,NONE DETECTED,Yes,Possible Minor Injury,N/A,UNKNOWN,MD,PASSENGER CAR,MAKING RIGHT TURN,35,No,1998,TOYOTA,AVALON,39.04420117,-77.06330983,2023,8,15
230050727,Property Damage Crash,08/22/2023 03:00:00 PM,ASPEN HILL RD,NA,ANGLE MEETS RIGHT TURN,Clear,DRY,Daylight,NO CONTROLS,NONE DETECTED,Yes,No Apparent Injury,N/A,LOOKED BUT DID NOT SEE,MD,PASSENGER CAR,MAKING RIGHT TURN,30,No,2010,TOYOTA,COROLLA,39.08026085,-77.07892676,2023,8,15
230050727,Property Damage Crash,08/22/2023 03:00:00 PM,ASPEN HILL RD,NA,ANGLE MEETS RIGHT TURN,Clear,DRY,Daylight,NO CONTROLS,NONE DETECTED,No,No Apparent Injury,N/A,UNKNOWN,XX,PASSENGER CAR,MOVING CONSTANT SPEED,30,No,2005,TOYOTA,COROLLA,39.08026085,-77.07892676,2023,8,15
230050698,Property Damage Crash,08/22/2023 12:59:00 PM,S SUMMIT AVE,NA,SINGLE VEHICLE,Clear,DRY,Daylight,N/A,NONE DETECTED,Yes,No Apparent Injury,N/A,LOOKED BUT DID NOT SEE,MD,PASSENGER CAR,STARTING FROM PARKED,0,No,2023,VOLK,UT,39.13672662,-77.19368183,2023,8,12
230050695,Property Damage Crash,08/22/2023 12:20:00 PM,SHADY GROVE RD,NA,SAME DIR REAR END,Clear,DRY,Daylight,TRAFFIC SIGNAL,NONE DETECTED,No,No Apparent Injury,N/A,NOT DISTRACTED,MD,PASSENGER CAR,STOPPED IN TRAFFIC LANE,30,No,2015,TOYT,RAV4,39.11170067,-77.1872215,2023,8,12
230050695,Property Damage Crash,08/22/2023 12:20:00 PM,SHADY GROVE RD,NA,SAME DIR REAR END,Clear,DRY,Daylight,TRAFFIC SIGNAL,NONE DETECTED,Yes,No Apparent Injury,N/A,UNKNOWN,MD,PASSENGER CAR,MOVING CONSTANT SPEED,30,No,2013,FORD,MUSTANG,39.11170067,-77.1872215,2023,8,12
230050681,Property Damage Crash,08/22/2023 11:48:00 AM,CONNECTICUT AVE,NA,SAME DIR REAR END,Clear,DRY,Daylight,TRAFFIC SIGNAL,NONE DETECTED,No,No Apparent Injury,N/A,NOT DISTRACTED,MD,PASSENGER CAR,SLOWING OR STOPPING,35,No,2022,TOYTA,SIENNA,39.057516,-77.07326633,2023,8,11
230050681,Property Damage Crash,08/22/2023 11:48:00 AM,CONNECTICUT AVE,NA,SAME DIR REAR END,Clear,DRY,Daylight,TRAFFIC SIGNAL,NONE DETECTED,Yes,No Apparent Injury,N/A,NOT DISTRACTED,MD,PASSENGER CAR,SLOWING OR STOPPING,35,No,2019,HYUNDAI,ELANTRA,39.057516,-77.07326633,2023,8,11
230050683,Property Damage Crash,08/22/2023 11:40:00 AM,RANDOLPH RD,NA,STRAIGHT MOVEMENT ANGLE,Clear,DRY,Daylight,TRAFFIC SIGNAL,NONE DETECTED,No,No Apparent Injury,N/A,NOT DISTRACTED,MD,PASSENGER CAR,MAKING LEFT TURN,40,No,2015,SUBURU,LEGACY,39.06606167,-77.02183667,2023,8,11
230050683,Property Damage Crash,08/22/2023 11:40:00 AM,RANDOLPH RD,NA,STRAIGHT MOVEMENT ANGLE,Clear,DRY,Daylight,TRAFFIC SIGNAL,NONE DETECTED,Yes,No Apparent Injury,N/A,UNKNOWN,VA,PASSENGER CAR,MOVING CONSTANT SPEED,40,No,2006,HYUNDAI,AZERA,39.06606167,-77.02183667,2023,8,11
230050680,Property Damage Crash,08/22/2023 11:27:00 AM,FREDERICK RD,NA,SAME DIR BOTH LEFT TURN,Clear,DRY,Daylight,TRAFFIC SIGNAL,NONE DETECTED,Unknown,No Apparent Injury,N/A,NOT DISTRACTED,MD,VAN,MAKING LEFT TURN,40,No,2023,FORD,CG,39.1215,-77.17673667,2023,8,11
230050680,Property Damage Crash,08/22/2023 11:27:00 AM,FREDERICK RD,NA,SAME DIR BOTH LEFT TURN,Clear,DRY,Daylight,TRAFFIC SIGNAL,NONE DETECTED,Unknown,No Apparent Injury,N/A,NOT DISTRACTED,MD,PASSENGER CAR,MAKING LEFT TURN,40,No,2011,FORD,TK,39.1215,-77.17673667,2023,8,11
230050679,Injury Crash,08/22/2023 11:00:00 AM,RIVER RD,NA,OTHER,Clear,DRY,Daylight,TRAFFIC SIGNAL,NONE DETECTED,No,Possible Minor Injury,N/A,NOT DISTRACTED,MD,"OTHER LIGHT TRUCKS (10,000LBS (4,536KG) OR LESS)",PARKED,0,No,2016,FREIGHTLINER,UPS TRUCK,38.96600517,-77.10541567,2023,8,11
230050679,Injury Crash,08/22/2023 11:00:00 AM,RIVER RD,NA,OTHER,Clear,DRY,Daylight,TRAFFIC SIGNAL,NONE DETECTED,Yes,No Apparent Injury,N/A,NOT DISTRACTED,PA,"CARGO VAN/LIGHT TRUCK 2 AXLES (OVER 10,000LBS (4,536 KG))",MOVING CONSTANT SPEED,35,No,2021,ISUZU,PENSKE,38.96600517,-77.10541567,2023,8,11
230050672,Property Damage Crash,08/22/2023 10:51:00 AM,DARNESTOWN RD,NA,SAME DIR REAR END,Clear,DRY,Daylight,TRAFFIC SIGNAL,NONE DETECTED,Yes,No Apparent Injury,N/A,UNKNOWN,NA,PASSENGER CAR,UNKNOWN,35,No,2022,FORD,EXPEDITION,39.11780951,-77.25292149,2023,8,10
230050672,Property Damage Crash,08/22/2023 10:51:00 AM,DARNESTOWN RD,NA,SAME DIR REAR END,Clear,DRY,Daylight,TRAFFIC SIGNAL,NONE DETECTED,No,No Apparent Injury,N/A,NOT DISTRACTED,CA,PASSENGER CAR,STOPPED IN TRAFFIC LANE,35,No,2014,ACURA,UT,39.11780951,-77.25292149,2023,8,10
230050669,Property Damage Crash,08/22/2023 10:43:00 AM,GEORGIA AVE,NA,SINGLE VEHICLE,Clear,DRY,Daylight,NO CONTROLS,NONE DETECTED,Yes,No Apparent Injury,N/A,NOT DISTRACTED,DC,PASSENGER CAR,ACCELERATING,30,No,2019,VOLVO,XC40,38.987177,-77.02678083,2023,8,10
230050663,Injury Crash,08/22/2023 09:35:00 AM,RAMP 3 FR MD 200 EB TO MD 650 NB,NA,SAME DIR REAR END,Clear,DRY,Daylight,TRAFFIC SIGNAL,NONE DETECTED,No,Possible Minor Injury,N/A,NOT DISTRACTED,MD,PASSENGER CAR,STOPPED IN TRAFFIC LANE,60,No,2021,TESL,HB,39.08755167,-76.99952667,2023,8,9
230050663,Injury Crash,08/22/2023 09:35:00 AM,RAMP 3 FR MD 200 EB TO MD 650 NB,NA,SAME DIR REAR END,Clear,DRY,Daylight,TRAFFIC SIGNAL,NONE DETECTED,Yes,No Apparent Injury,N/A,NOT DISTRACTED,MD,(SPORT) UTILITY VEHICLE,STARTING FROM LANE,60,No,2016,KIA,TK,39.08755167,-76.99952667,2023,8,9
230050648,Property Damage Crash,08/22/2023 08:20:00 AM,COLUMBIA PIKE,NA,SAME DIR REAR END,Clear,DRY,Daylight,NO CONTROLS,NONE DETECTED,No,No Apparent Injury,"BACKUP DUE TO PRIOR CRASH, N/A",NOT DISTRACTED,VA,PASSENGER CAR,N/A,55,No,2022,FORD,BRONCO SPORT,39.07969667,-76.95132667,2023,8,8
230050648,Property Damage Crash,08/22/2023 08:20:00 AM,COLUMBIA PIKE,NA,SAME DIR REAR END,Clear,DRY,Daylight,NO CONTROLS,NONE DETECTED,No,No Apparent Injury,"BACKUP DUE TO PRIOR CRASH, N/A",DISTRACTED BY OUTSIDE PERSON OBJECT OR EVENT,MD,PASSENGER CAR,MOVING CONSTANT SPEED,55,No,2018,FORD,ESCAPE,39.07969667,-76.95132667,2023,8,8
230050647,Property Damage Crash,08/22/2023 08:10:00 AM,COLUMBIA PIKE,NA,SINGLE VEHICLE,Clear,DRY,Daylight,NO CONTROLS,NONE DETECTED,Yes,No Apparent Injury,N/A,OTHER DISTRACTION,MD,PASSENGER CAR,MOVING CONSTANT SPEED,50,No,2017,GMC,TERRAIN,39.07946667,-76.95146167,2023,8,8
230050646,Property Damage Crash,08/22/2023 07:40:00 AM,NA,NA,SAME DIRECTION RIGHT TURN,Clear,NA,Daylight,NO CONTROLS,NONE DETECTED,Yes,No Apparent Injury,N/A,LOOKED BUT DID NOT SEE,MD,FIRE VEHICLE/EMERGENCY,MAKING RIGHT TURN,0,No,2020,EMON,FT,39.08497833,-76.95109833,2023,8,7
230050640,Property Damage Crash,08/22/2023 07:00:00 AM,ROBEY RD,NA,SAME DIR REAR END,Clear,DRY,Daylight,N/A,NONE DETECTED,Yes,No Apparent Injury,N/A,NOT DISTRACTED,MD,PASSENGER CAR,MOVING CONSTANT SPEED,35,No,2006,CHEV,PK,39.08158,-76.9411665,2023,8,7
230050642,Injury Crash,08/22/2023 06:56:00 AM,RANDOLPH RD,NA,SAME DIR REAR END,Clear,DRY,Daylight,NO CONTROLS,NONE DETECTED,Yes,Possible Minor Injury,N/A,UNKNOWN,MD,PASSENGER CAR,MOVING CONSTANT SPEED,35,No,2006,HONDA,ELEMENT,39.05903304,-77.06927074,2023,8,6
230050642,Injury Crash,08/22/2023 06:56:00 AM,RANDOLPH RD,NA,SAME DIR REAR END,Clear,DRY,Daylight,NO CONTROLS,NONE DETECTED,No,No Apparent Injury,N/A,NOT DISTRACTED,MD,PASSENGER CAR,STOPPED IN TRAFFIC LANE,35,No,2012,TOYOTA,RAV4,39.05903304,-77.06927074,2023,8,6
230050638,Injury Crash,08/22/2023 06:15:00 AM,W MONTGOMERY AVE,NA,STRAIGHT MOVEMENT ANGLE,Clear,DRY,Medium,STOP SIGN,NONE DETECTED,No,Possible Minor Injury,N/A,NOT DISTRACTED,MD,PASSENGER CAR,MOVING CONSTANT SPEED,40,No,2017,CHEVY,CRUSE,39.10231267,-77.18874367,2023,8,6
230050638,Injury Crash,08/22/2023 06:15:00 AM,W MONTGOMERY AVE,NA,STRAIGHT MOVEMENT ANGLE,Clear,DRY,Medium,STOP SIGN,NONE DETECTED,Yes,No Apparent Injury,N/A,NOT DISTRACTED,MD,(SPORT) UTILITY VEHICLE,MAKING LEFT TURN,25,No,2022,MERZ,UT,39.10231267,-77.18874367,2023,8,6
230050623,Injury Crash,08/22/2023 12:30:00 AM,W DIAMOND AVE,NA,HEAD ON LEFT TURN,Clear,DRY,Medium,TRAFFIC SIGNAL,NONE DETECTED,Yes,Possible Minor Injury,N/A,DISTRACTED BY OUTSIDE PERSON OBJECT OR EVENT,MD,POLICE VEHICLE/EMERGENCY,MAKING U TURN,35,No,2020,FORD,EXPLORER,39.14197443,-77.21776793,2023,8,0
230050623,Injury Crash,08/22/2023 12:30:00 AM,W DIAMOND AVE,NA,HEAD ON LEFT TURN,Clear,DRY,Medium,TRAFFIC SIGNAL,NONE DETECTED,No,No Apparent Injury,N/A,NOT DISTRACTED,MD,PASSENGER CAR,MOVING CONSTANT SPEED,35,No,2011,CHEVROLET,CRUZE,39.14197443,-77.21776793,2023,8,0
230050612,Injury Crash,08/21/2023 09:23:00 PM,FREDERICK RD,PEDESTRIAN,SINGLE VEHICLE,Clear,DRY,Medium,TRAFFIC SIGNAL,NONE DETECTED,No,No Apparent Injury,N/A,NOT DISTRACTED,MD,PASSENGER CAR,SLOWING OR STOPPING,45,No,2017,HOND,UT,39.11718167,-77.16909,2023,8,21
230050611,Property Damage Crash,08/21/2023 08:53:00 PM,OLD GEORGETOWN RD,NA,STRAIGHT MOVEMENT ANGLE,Clear,DRY,Medium,TRAFFIC SIGNAL,NONE DETECTED,Yes,No Apparent Injury,N/A,INATTENTIVE OR LOST IN THOUGHT,MD,PASSENGER CAR,ACCELERATING,25,No,2018,MAZDA,TK,39.00999183,-77.11464017,2023,8,20
230050611,Property Damage Crash,08/21/2023 08:53:00 PM,OLD GEORGETOWN RD,NA,STRAIGHT MOVEMENT ANGLE,Clear,DRY,Medium,TRAFFIC SIGNAL,NONE DETECTED,No,No Apparent Injury,N/A,NOT DISTRACTED,MD,FIRE VEHICLE/EMERGENCY,SLOWING OR STOPPING,35,No,2019,PIRC,TK,39.00999183,-77.11464017,2023,8,20
230050602,Injury Crash,08/21/2023 07:57:00 PM,MONTROSE RD,NA,SAME DIR REAR END,Clear,DRY,Medium,TRAFFIC SIGNAL,NONE DETECTED,Yes,No Apparent Injury,N/A,LOOKED BUT DID NOT SEE,MD,PASSENGER CAR,MOVING CONSTANT SPEED,40,No,2019,HONDA,CIVIC,39.05447925,-77.14261702,2023,8,19
230050602,Injury Crash,08/21/2023 07:57:00 PM,MONTROSE RD,NA,SAME DIR REAR END,Clear,DRY,Medium,TRAFFIC SIGNAL,NONE DETECTED,No,Possible Minor Injury,N/A,NOT DISTRACTED,MD,PASSENGER CAR,STARTING FROM LANE,40,No,2020,SUBARU,OUTBACK,39.05447925,-77.14261702,2023,8,19
230050598,Injury Crash,08/21/2023 07:25:00 PM,GERMANTOWN RD,NA,SINGLE VEHICLE,Clear,DRY,Medium,NO CONTROLS,NONE DETECTED,Yes,Possible Minor Injury,N/A,LOOKED BUT DID NOT SEE,MD,PASSENGER CAR,SLOWING OR STOPPING,40,No,2009,BUICK,SDN,39.19278833,-77.23980667,2023,8,19
230050599,Property Damage Crash,08/21/2023 07:24:00 PM,NA,NA,OTHER,Clear,NA,Daylight,N/A,NONE DETECTED,Yes,No Apparent Injury,N/A,UNKNOWN,NA,PASSENGER CAR,BACKING,5,No,2004,HONDA,TK,39.01027333,-77.04200333,2023,8,19
230050582,Property Damage Crash,08/21/2023 05:32:00 PM,MONTGOMERY VILLAGE AVE,NA,STRAIGHT MOVEMENT ANGLE,Clear,DRY,Daylight,TRAFFIC SIGNAL,NONE DETECTED,No,No Apparent Injury,N/A,NOT DISTRACTED,MD,PASSENGER CAR,MOVING CONSTANT SPEED,35,No,2016,SUBA,UT,39.15236833,-77.21185917,2023,8,17
230050582,Property Damage Crash,08/21/2023 05:32:00 PM,MONTGOMERY VILLAGE AVE,NA,STRAIGHT MOVEMENT ANGLE,Clear,DRY,Daylight,TRAFFIC SIGNAL,NONE DETECTED,Yes,No Apparent Injury,N/A,UNKNOWN,MD,PASSENGER CAR,MAKING LEFT TURN,35,No,2016,TOYT,SD,39.15236833,-77.21185917,2023,8,17
230050583,Property Damage Crash,08/21/2023 05:29:00 PM,MEDICAL CENTER DR,NA,STRAIGHT MOVEMENT ANGLE,Clear,DRY,Daylight,N/A,NONE DETECTED,No,No Apparent Injury,N/A,NOT DISTRACTED,MD,PASSENGER CAR,MOVING CONSTANT SPEED,35,No,2019,CHEVROLET,EQUINOX,39.10182667,-77.195875,2023,8,17
230050583,Property Damage Crash,08/21/2023 05:29:00 PM,MEDICAL CENTER DR,NA,STRAIGHT MOVEMENT ANGLE,Clear,DRY,Daylight,N/A,NONE DETECTED,Yes,No Apparent Injury,N/A,UNKNOWN,MD,PASSENGER CAR,ACCELERATING,35,No,2007,HONDA,ACCORD,39.10182667,-77.195875,2023,8,17
230050571,Injury Crash,08/21/2023 05:10:00 PM,WISTERIA DR,NA,STRAIGHT MOVEMENT ANGLE,Clear,DRY,Daylight,STOP SIGN,NONE DETECTED,No,No Apparent Injury,N/A,NOT DISTRACTED,MD,PASSENGER CAR,MOVING CONSTANT SPEED,30,No,2014,CHEV,CRUZ,39.17750667,-77.27119117,2023,8,17
230050571,Injury Crash,08/21/2023 05:10:00 PM,WISTERIA DR,NA,STRAIGHT MOVEMENT ANGLE,Clear,DRY,Daylight,STOP SIGN,NONE DETECTED,Yes,Possible Minor Injury,N/A,LOOKED BUT DID NOT SEE,MD,PASSENGER CAR,ACCELERATING,30,No,1994,TOYOTA,TERCEL,39.17750667,-77.27119117,2023,8,17
23001638,Property Damage Crash,08/21/2023 04:50:00 PM,NA,NA,OTHER,Clear,NA,Daylight,NO CONTROLS,NONE DETECTED,Yes,No Apparent Injury,N/A,LOOKED BUT DID NOT SEE,MD,PASSENGER CAR,MOVING CONSTANT SPEED,20,No,2011,TOYOTA,AVALON,39.04296717,-77.04761015,2023,8,16
23001638,Property Damage Crash,08/21/2023 04:50:00 PM,NA,NA,OTHER,Clear,NA,Daylight,NO CONTROLS,NONE DETECTED,No,No Apparent Injury,N/A,NOT DISTRACTED,MD,PICKUP TRUCK,MOVING CONSTANT SPEED,20,No,2019,FORD,F250,39.04296717,-77.04761015,2023,8,16
230050561,Injury Crash,08/21/2023 04:33:00 PM,OMEGA DR,NA,STRAIGHT MOVEMENT ANGLE,Clear,DRY,Daylight,TRAFFIC SIGNAL,NONE DETECTED,Yes,Suspected Serious Injury,N/A,NOT DISTRACTED,MD,PASSENGER CAR,MAKING RIGHT TURN,35,No,2020,HONDA,CIVIC,39.107295,-77.195115,2023,8,16
230050561,Injury Crash,08/21/2023 04:33:00 PM,OMEGA DR,NA,STRAIGHT MOVEMENT ANGLE,Clear,DRY,Daylight,TRAFFIC SIGNAL,NONE DETECTED,No,No Apparent Injury,N/A,NOT DISTRACTED,MD,TRANSIT BUS,STOPPED IN TRAFFIC LANE,35,No,2017,GILG BU,BU,39.107295,-77.195115,2023,8,16
230050547,Property Damage Crash,08/21/2023 03:06:00 PM,MIDDLEBROOK RD,NA,SINGLE VEHICLE,Cloudy,DRY,Daylight,NO CONTROLS,NONE DETECTED,Yes,No Apparent Injury,N/A,INATTENTIVE OR LOST IN THOUGHT,MD,PASSENGER CAR,MOVING CONSTANT SPEED,40,No,2020,NISS,SENTRA,39.17410833,-77.25082517,2023,8,15
230050540,Injury Crash,08/21/2023 02:47:00 PM,GEORGIA AVE,PEDESTRIAN,OTHER,Clear,DRY,Daylight,TRAFFIC SIGNAL,NONE DETECTED,Yes,No Apparent Injury,N/A,LOOKED BUT DID NOT SEE,MD,PASSENGER CAR,MAKING LEFT TURN,30,No,2003,FORD,TAURUS,38.987078,-77.026701,2023,8,14
230050529,Injury Crash,08/21/2023 02:10:00 PM,HUNGERFORD DR,NA,OTHER,Clear,DRY,Daylight,TRAFFIC SIGNAL,NONE DETECTED,No,Possible Minor Injury,N/A,NOT DISTRACTED,MD,PASSENGER CAR,MOVING CONSTANT SPEED,35,No,2023,TOYOTA,CAMRY,39.09445383,-77.15316367,2023,8,14
230050529,Injury Crash,08/21/2023 02:10:00 PM,HUNGERFORD DR,NA,OTHER,Clear,DRY,Daylight,TRAFFIC SIGNAL,NONE DETECTED,Yes,No Apparent Injury,N/A,UNKNOWN,MD,PASSENGER CAR,MAKING LEFT TURN,35,No,2001,HOND,SD,39.09445383,-77.15316367,2023,8,14
230050528,Property Damage Crash,08/21/2023 02:07:00 PM,SHOWBARN CIR,NA,SAME DIR REAR END,Clear,DRY,Daylight,NO CONTROLS,NONE DETECTED,Yes,No Apparent Injury,N/A,NOT DISTRACTED,MD,(SPORT) UTILITY VEHICLE,ACCELERATING,25,No,2011,TOYT,RAV 4 TK,39.26389667,-77.209495,2023,8,14
230050556,Property Damage Crash,08/21/2023 02:00:00 PM,OMEGA DR,NA,SAME DIRECTION SIDESWIPE,Clear,DRY,Daylight,NO CONTROLS,NONE DETECTED,Yes,No Apparent Injury,N/A,LOOKED BUT DID NOT SEE,NA,PASSENGER CAR,MOVING CONSTANT SPEED,35,No,2020,HYUNDAI,TK,39.10726834,-77.19501322,2023,8,14
230050556,Property Damage Crash,08/21/2023 02:00:00 PM,OMEGA DR,NA,SAME DIRECTION SIDESWIPE,Clear,DRY,Daylight,NO CONTROLS,NONE DETECTED,No,No Apparent Injury,N/A,NOT DISTRACTED,MD,PASSENGER CAR,MOVING CONSTANT SPEED,35,No,2014,HYUNDAI,SONATA,39.10726834,-77.19501322,2023,8,14
230050472,Property Damage Crash,08/21/2023 08:31:00 AM,VEIRS MILL RD,NA,STRAIGHT MOVEMENT ANGLE,Clear,DRY,Daylight,N/A,NONE DETECTED,No,No Apparent Injury,N/A,NOT DISTRACTED,IN,VAN,SLOWING OR STOPPING,40,No,2005,FORD,VAN,39.05575217,-77.0818385,2023,8,8
230050472,Property Damage Crash,08/21/2023 08:31:00 AM,VEIRS MILL RD,NA,STRAIGHT MOVEMENT ANGLE,Clear,DRY,Daylight,N/A,NONE DETECTED,Yes,No Apparent Injury,N/A,INATTENTIVE OR LOST IN THOUGHT,MD,(SPORT) UTILITY VEHICLE,MAKING RIGHT TURN,40,No,2021,JEEP,COMPASS,39.05575217,-77.0818385,2023,8,8
230050453,Property Damage Crash,08/21/2023 12:31:00 AM,CHERRY HILL RD,NA,SAME DIR REAR END,Clear,DRY,Medium,TRAFFIC SIGNAL,NONE DETECTED,Yes,No Apparent Injury,N/A,LOOKED BUT DID NOT SEE,NA,PASSENGER CAR,N/A,35,No,2012,HONDA,4S,39.055843,-76.95413833,2023,8,0
230050453,Property Damage Crash,08/21/2023 12:31:00 AM,CHERRY HILL RD,NA,SAME DIR REAR END,Clear,DRY,Medium,TRAFFIC SIGNAL,NONE DETECTED,No,No Apparent Injury,N/A,NOT DISTRACTED,MD,PASSENGER CAR,SLOWING OR STOPPING,35,No,2023,AUDI,A5,39.055843,-76.95413833,2023,8,0
230050435,Injury Crash,08/20/2023 09:26:00 PM,HILLANDALE RD,PEDESTRIAN,SINGLE VEHICLE,Clear,DRY,Medium,TRAFFIC SIGNAL,NONE DETECTED,Yes,No Apparent Injury,N/A,NOT DISTRACTED,MD,PASSENGER CAR,STARTING FROM LANE,5,No,2020,HONDA,CRV,38.9778,-77.09670833,2023,8,21
230050432,Injury Crash,08/20/2023 08:41:00 PM,GOOD HOPE RD,NA,ANGLE MEETS LEFT HEAD ON,Clear,DRY,Medium,TRAFFIC SIGNAL,NONE DETECTED,Yes,Possible Minor Injury,N/A,UNKNOWN,NA,NA,UNKNOWN,35,No,0,UNKNOWN,UNKNOWN,39.0959286,-77.00188168,2023,8,20