Local Case Number,ACRS Report Type,Crash Date/Time,Road Name,Related Non-Motorist,Collision Type,Weather,Surface Condition,Light,Traffic Control,Driver Substance Abuse,Driver At Fault,Injury Severity,Circumstance,Driver Distracted By,Drivers License State,Vehicle Body Type,Vehicle Movement,Speed Limit,Driverless Vehicle,Vehicle Year,Vehicle Make,Vehicle Model,Latitude,Longitude,Year,Month,Hour
230050432,Injury Crash,08/20/2023 08:41:00 PM,GOOD HOPE RD,NA,ANGLE MEETS LEFT HEAD ON,Clear,DRY,Medium,TRAFFIC SIGNAL,NONE DETECTED,No,Possible Minor Injury,N/A,NOT DISTRACTED,IL,(SPORT) UTILITY VEHICLE,SLOWING OR STOPPING,35,No,2023,HYUNDAI,PALISADE,39.0959286,-77.00188168,2023,8,20
230050416,Property Damage Crash,08/20/2023 06:15:00 PM,W DIAMOND AVE,NA,HEAD ON LEFT TURN,Clear,DRY,Daylight,TRAFFIC SIGNAL,NONE DETECTED,Yes,No Apparent Injury,N/A,LOOKED BUT DID NOT SEE,MD,PASSENGER CAR,MAKING LEFT TURN,30,No,2021,TOYT,SD,39.1400491,-77.2053877,2023,8,18
230050416,Property Damage Crash,08/20/2023 06:15:00 PM,W DIAMOND AVE,NA,HEAD ON LEFT TURN,Clear,DRY,Daylight,TRAFFIC SIGNAL,NONE DETECTED,No,No Apparent Injury,N/A,NOT DISTRACTED,MD,(SPORT) UTILITY VEHICLE,ACCELERATING,30,No,2007,MITS,TK,39.1400491,-77.2053877,2023,8,18
230050415,Injury Crash,08/20/2023 06:02:00 PM,FATHER HURLEY BLVD,NA,SAME DIR REAR END,Clear,DRY,Daylight,YIELD SIGN,NONE DETECTED,No,Possible Minor Injury,N/A,NOT DISTRACTED,MD,PASSENGER CAR,SLOWING OR STOPPING,35,No,2012,HOND,SD,39.18440717,-77.27340367,2023,8,18
230050415,Injury Crash,08/20/2023 06:02:00 PM,FATHER HURLEY BLVD,NA,SAME DIR REAR END,Clear,DRY,Daylight,YIELD SIGN,NONE DETECTED,Yes,Possible Minor Injury,N/A,OTHER DISTRACTION,MD,PASSENGER CAR,MOVING CONSTANT SPEED,35,No,2014,FORD,4S,39.18440717,-77.27340367,2023,8,18
230050402,Property Damage Crash,08/20/2023 04:18:00 PM,TWINBROOK PKWY,NA,SINGLE VEHICLE,Clear,DRY,Daylight,TRAFFIC SIGNAL,NONE DETECTED,Yes,No Apparent Injury,N/A,UNKNOWN,MD,PASSENGER CAR,MOVING CONSTANT SPEED,35,No,2020,DODGE,CHARGER,39.06104817,-77.11656617,2023,8,16
230050389,Property Damage Crash,08/20/2023 03:03:00 PM,COLESVILLE RD,NA,OTHER,Clear,DRY,Daylight,N/A,NONE DETECTED,No,No Apparent Injury,N/A,NOT DISTRACTED,MD,TRANSIT BUS,MOVING CONSTANT SPEED,35,No,2009,GILL,HY,39.00550208,-77.02276335,2023,8,15
230050389,Property Damage Crash,08/20/2023 03:03:00 PM,COLESVILLE RD,NA,OTHER,Clear,DRY,Daylight,N/A,NONE DETECTED,No,No Apparent Injury,N/A,NOT DISTRACTED,MD,PASSENGER CAR,MOVING CONSTANT SPEED,35,No,2016,SUBA,FORRESTER,39.00550208,-77.02276335,2023,8,15
230050387,Injury Crash,08/20/2023 02:49:00 PM,ANNAPOLIS ROCK RD,NA,SINGLE VEHICLE,Clear,DRY,Daylight,OTHER,NONE DETECTED,Yes,Possible Minor Injury,"N/A, PHYSICAL OBSTRUCTION(S)",NOT DISTRACTED,MD,(SPORT) UTILITY VEHICLE,MOVING CONSTANT SPEED,35,No,2011,FORD,EDGE SUV,39.27632833,-77.13511,2023,8,14
230050372,Injury Crash,08/20/2023 01:34:00 PM,WATERS RD,OTHER,SINGLE VEHICLE,Clear,DRY,Daylight,NO CONTROLS,NONE DETECTED,Yes,No Apparent Injury,N/A,NOT DISTRACTED,MD,(SPORT) UTILITY VEHICLE,MAKING RIGHT TURN,35,No,2014,HONDA,CRV,39.17790703,-77.27273186,2023,8,13
230050369,Property Damage Crash,08/20/2023 12:58:00 PM,NA,NA,OTHER,Clear,NA,Daylight,N/A,NONE DETECTED,Yes,No Apparent Injury,N/A,OTHER DISTRACTION,NA,PASSENGER CAR,UNKNOWN,10,Unknown,2021,BUICK,TK,38.98768283,-76.98750167,2023,8,12
230050369,Property Damage Crash,08/20/2023 12:58:00 PM,NA,NA,OTHER,Clear,NA,Daylight,N/A,NONE DETECTED,No,No Apparent Injury,N/A,NOT DISTRACTED,MD,PASSENGER CAR,PARKING,5,No,2021,TOYOTA,RAV4,38.98768283,-76.98750167,2023,8,12
230050367,Injury Crash,08/20/2023 12:39:00 PM,NORBECK RD,NA,STRAIGHT MOVEMENT ANGLE,Clear,DRY,Daylight,STOP SIGN,NONE DETECTED,Yes,Possible Minor Injury,N/A,LOOKED BUT DID NOT SEE,MD,PASSENGER CAR,MAKING LEFT TURN,30,No,2023,LAND ROVER,DEFENDER,39.14212333,-77.06744667,2023,8,12
230050367,Injury Crash,08/20/2023 12:39:00 PM,NORBECK RD,NA,STRAIGHT MOVEMENT ANGLE,Clear,DRY,Daylight,STOP SIGN,NONE DETECTED,No,Possible Minor Injury,N/A,NOT DISTRACTED,MD,PASSENGER CAR,MOVING CONSTANT SPEED,30,No,1997,TOYOTA,DX,39.14212333,-77.06744667,2023,8,12
230050359,Injury Crash,08/20/2023 12:30:00 PM,HUNGERFORD DR,NA,STRAIGHT MOVEMENT ANGLE,Clear,DRY,Daylight,TRAFFIC SIGNAL,NONE DETECTED,Yes,Possible Minor Injury,N/A,NOT DISTRACTED,DC,PASSENGER CAR,MAKING U TURN,35,No,2020,HONDA,SD,39.09182317,-77.15343033,2023,8,12
230050359,Injury Crash,08/20/2023 12:30:00 PM,HUNGERFORD DR,NA,STRAIGHT MOVEMENT ANGLE,Clear,DRY,Daylight,TRAFFIC SIGNAL,NONE DETECTED,No,Possible Minor Injury,N/A,NOT DISTRACTED,MD,PASSENGER CAR,MOVING CONSTANT SPEED,35,No,2018,NISS,4S,39.09182317,-77.15343033,2023,8,12
230050353,Property Damage Crash,08/20/2023 09:45:00 AM,NA,NA,OTHER,Clear,NA,Daylight,NO CONTROLS,NONE DETECTED,Yes,No Apparent Injury,N/A,NOT DISTRACTED,MD,PASSENGER CAR,BACKING,5,No,2023,TOYOTA,COROLLA,39.0217795,-77.1222165,2023,8,9
230050332,Property Damage Crash,08/20/2023 06:54:00 AM,LYTTONSVILLE RD,NA,SAME DIR REAR END,Clear,DRY,Dark,NO CONTROLS,ALCOHOL PRESENT,Yes,No Apparent Injury,N/A,UNKNOWN,MD,PASSENGER CAR,MOVING CONSTANT SPEED,25,No,2003,HONDA,ACCORD,38.997595,-77.05406333,2023,8,6
230050316,Property Damage Crash,08/20/2023 02:13:00 AM,EAST VILLAGE AVE,NA,SINGLE VEHICLE,Clear,DRY,Medium,NO CONTROLS,NONE DETECTED,Yes,No Apparent Injury,"ANIMAL, N/A",NOT DISTRACTED,MD,(SPORT) UTILITY VEHICLE,MOVING CONSTANT SPEED,35,No,2004,HONDA,CRV,39.188135,-77.1677605,2023,8,2
230050302,Property Damage Crash,08/19/2023 09:54:00 PM,UNIVERSITY BLVD E,PEDESTRIAN,STRAIGHT MOVEMENT ANGLE,Clear,DRY,Medium,NO CONTROLS,NONE DETECTED,Yes,No Apparent Injury,N/A,UNKNOWN,NA,"CARGO VAN/LIGHT TRUCK 2 AXLES (OVER 10,000LBS (4,536 KG))",ENTERING TRAFFIC LANE,35,No,2005,CHEVY,EXPRESS,39.00002827,-76.99580421,2023,8,21
230050279,Property Damage Crash,08/19/2023 07:10:00 PM,DUSTIN RD,NA,SINGLE VEHICLE,Clear,DRY,Daylight,NO CONTROLS,NONE DETECTED,Yes,No Apparent Injury,N/A,UNKNOWN,MD,PASSENGER CAR,NEGOTIATING A CURVE,15,No,2011,NISSIAN,ALTIMA,39.12925467,-76.9348205,2023,8,19
23050265,Property Damage Crash,08/19/2023 04:07:00 PM,NA,BICYCLIST,STRAIGHT MOVEMENT ANGLE,Clear,NA,Daylight,NO CONTROLS,NONE DETECTED,Yes,No Apparent Injury,N/A,LOOKED BUT DID NOT SEE,MD,PASSENGER CAR,SLOWING OR STOPPING,10,No,2022,KIA,SD,39.18009667,-77.23659333,2023,8,16
230050257,Injury Crash,08/19/2023 02:27:00 PM,TWINBROOK PKWY,NA,STRAIGHT MOVEMENT ANGLE,Clear,DRY,Daylight,NO CONTROLS,NONE DETECTED,Yes,Suspected Serious Injury,N/A,UNKNOWN,XX,PASSENGER CAR,MAKING LEFT TURN,35,No,2019,BMW,330I,39.067955,-77.11440833,2023,8,14
230050257,Injury Crash,08/19/2023 02:27:00 PM,TWINBROOK PKWY,NA,STRAIGHT MOVEMENT ANGLE,Clear,DRY,Daylight,NO CONTROLS,NONE DETECTED,No,Suspected Serious Injury,N/A,UNKNOWN,MD,PASSENGER CAR,MOVING CONSTANT SPEED,35,No,2014,VOLKSWAGON,TS,39.067955,-77.11440833,2023,8,14
230050260,Injury Crash,08/19/2023 02:19:00 PM,WATKINS MILL ROAD,NA,SAME DIR REAR END,Clear,DRY,Daylight,TRAFFIC SIGNAL,NONE DETECTED,Yes,No Apparent Injury,N/A,EATING OR DRINKING,MD,PASSENGER CAR,SLOWING OR STOPPING,35,No,2022,KIA,RIO,39.15826333,-77.22148167,2023,8,14
230050260,Injury Crash,08/19/2023 02:19:00 PM,WATKINS MILL ROAD,NA,SAME DIR REAR END,Clear,DRY,Daylight,TRAFFIC SIGNAL,NONE DETECTED,No,No Apparent Injury,N/A,UNKNOWN,MD,PASSENGER CAR,STOPPED IN TRAFFIC LANE,35,No,2022,CHEVROLET,BLAZER,39.15826333,-77.22148167,2023,8,14
230050260,Injury Crash,08/19/2023 02:19:00 PM,WATKINS MILL ROAD,NA,SAME DIR REAR END,Clear,DRY,Daylight,TRAFFIC SIGNAL,NONE DETECTED,No,No Apparent Injury,N/A,UNKNOWN,MD,PASSENGER CAR,STOPPED IN TRAFFIC LANE,35,No,2017,FORD,SD,39.15826333,-77.22148167,2023,8,14
230050252,Property Damage Crash,08/19/2023 02:10:00 PM,OLD GEORGETOWN RD,NA,SINGLE VEHICLE,Clear,DRY,Daylight,NO CONTROLS,NONE DETECTED,Yes,No Apparent Injury,N/A,INATTENTIVE OR LOST IN THOUGHT,PA,PASSENGER CAR,MAKING RIGHT TURN,35,No,2009,SUBARU,SW,39.02395,-77.12512,2023,8,14
230050243,Property Damage Crash,08/19/2023 12:41:00 PM,NORTHAMPTON DR,NA,SAME DIRECTION SIDESWIPE,Clear,DRY,Daylight,NO CONTROLS,NONE DETECTED,Yes,No Apparent Injury,N/A,NOT DISTRACTED,MD,TRANSIT BUS,MOVING CONSTANT SPEED,25,No,2016,NEW FLYER,XN4,39.00750974,-76.98365898,2023,8,12
230050243,Property Damage Crash,08/19/2023 12:41:00 PM,NORTHAMPTON DR,NA,SAME DIRECTION SIDESWIPE,Clear,DRY,Daylight,NO CONTROLS,NONE DETECTED,No,No Apparent Injury,N/A,NOT DISTRACTED,MD,"MEDIUM/HEAVY TRUCKS 3 AXLES (OVER 10,000LBS (4,536KG))",BACKING,25,No,2023,PETERBILT,DUMP TRUCK,39.00750974,-76.98365898,2023,8,12
230050240,Property Damage Crash,08/19/2023 12:00:00 PM,WATKINS MILL RD,NA,ANGLE MEETS RIGHT TURN,Clear,DRY,Daylight,STOP SIGN,NONE DETECTED,No,No Apparent Injury,N/A,NOT DISTRACTED,MD,PASSENGER CAR,MOVING CONSTANT SPEED,35,No,2014,TOYOTA,COROLLA,39.18082,-77.21002333,2023,8,12
230050240,Property Damage Crash,08/19/2023 12:00:00 PM,WATKINS MILL RD,NA,ANGLE MEETS RIGHT TURN,Clear,DRY,Daylight,STOP SIGN,NONE DETECTED,Yes,No Apparent Injury,N/A,LOOKED BUT DID NOT SEE,MD,(SPORT) UTILITY VEHICLE,MAKING RIGHT TURN,35,No,2009,HONDA,PILOT,39.18082,-77.21002333,2023,8,12
230050232,Property Damage Crash,08/19/2023 10:10:00 AM,CLOPPER RD,NA,SAME DIRECTION SIDESWIPE,Clear,DRY,Daylight,TRAFFIC SIGNAL,NONE DETECTED,No,No Apparent Injury,N/A,NOT DISTRACTED,MD,PASSENGER CAR,MOVING CONSTANT SPEED,35,No,2014,ACUR,SU,39.1427571,-77.22108425,2023,8,10
230050232,Property Damage Crash,08/19/2023 10:10:00 AM,CLOPPER RD,NA,SAME DIRECTION SIDESWIPE,Clear,DRY,Daylight,TRAFFIC SIGNAL,NONE DETECTED,Yes,No Apparent Injury,N/A,DISTRACTED BY OUTSIDE PERSON OBJECT OR EVENT,MD,PASSENGER CAR,CHANGING LANES,35,No,2022,KIA,UT,39.1427571,-77.22108425,2023,8,10
230050214,Injury Crash,08/19/2023 04:03:00 AM,GEORGIA AVE,NA,SAME DIR REAR END,Clear,DRY,Medium,TRAFFIC SIGNAL,NONE DETECTED,Yes,No Apparent Injury,N/A,UNKNOWN,MD,(SPORT) UTILITY VEHICLE,SLOWING OR STOPPING,35,No,2021,SUBARU,CROSSTREK,39.06297967,-77.05449267,2023,8,4
230050214,Injury Crash,08/19/2023 04:03:00 AM,GEORGIA AVE,NA,SAME DIR REAR END,Clear,DRY,Medium,TRAFFIC SIGNAL,NONE DETECTED,No,Possible Minor Injury,N/A,NOT DISTRACTED,MD,PASSENGER CAR,STOPPED IN TRAFFIC LANE,35,No,2023,TOYOTA,COROLLA,39.06297967,-77.05449267,2023,8,4
230050358,Property Damage Crash,08/19/2023 03:15:00 AM,NA,NA,STRAIGHT MOVEMENT ANGLE,Clear,NA,Dark,N/A,NONE DETECTED,Yes,No Apparent Injury,N/A,UNKNOWN,NA,UNKNOWN,ACCELERATING,15,No,0,UNKNOWN,UNKNOWN,39.12808262,-77.20222747,2023,8,3
230050198,Property Damage Crash,08/19/2023 12:41:00 AM,S FREDERICK RD,NA,SINGLE VEHICLE,Clear,DRY,Medium,NO CONTROLS,NONE DETECTED,Yes,No Apparent Injury,N/A,UNKNOWN,NA,PASSENGER CAR,MOVING CONSTANT SPEED,35,No,2006,HONDA,ACCORD,39.13079393,-77.1879531,2023,8,0
230050187,Property Damage Crash,08/18/2023 11:20:00 PM,CRYSTAL ROCK DR,NA,STRAIGHT MOVEMENT ANGLE,Clear,DRY,Medium,NO CONTROLS,NONE DETECTED,Yes,No Apparent Injury,N/A,OTHER ELECTRONIC DEVICE (NAVIGATIONAL PALM PILOT),XX,PASSENGER CAR,MOVING CONSTANT SPEED,25,No,2018,CHEV,SILVERADO,39.17837833,-77.26117,2023,8,23
230050186,Property Damage Crash,08/18/2023 10:37:00 PM,GOSHEN RD,NA,SINGLE VEHICLE,Clear,DRY,Medium,NO CONTROLS,NONE DETECTED,No,No Apparent Injury,"ANIMAL, N/A",NOT DISTRACTED,MI,ALL TERRAIN VEHICLE (ATV),MOVING CONSTANT SPEED,35,No,2023,TOYOTA,HIGHLANDER,39.16215667,-77.19221683,2023,8,22
230050178,Injury Crash,08/18/2023 09:02:00 PM,VEIRS MILL RD,NA,SAME DIR REAR END,Clear,DRY,Medium,TRAFFIC SIGNAL,NONE DETECTED,No,No Apparent Injury,N/A,NOT DISTRACTED,MD,PASSENGER CAR,STOPPED IN TRAFFIC LANE,40,No,2023,HONDA,CIVIC,39.06965833,-77.10577283,2023,8,21
230050178,Injury Crash,08/18/2023 09:02:00 PM,VEIRS MILL RD,NA,SAME DIR REAR END,Clear,DRY,Medium,TRAFFIC SIGNAL,ALCOHOL PRESENT,Yes,No Apparent Injury,N/A,UNKNOWN,MD,PASSENGER CAR,SLOWING OR STOPPING,40,No,2017,INFINITI,Q6,39.06965833,-77.10577283,2023,8,21
230050165,Injury Crash,08/18/2023 07:32:00 PM,GOOD HOPE RD,NA,HEAD ON LEFT TURN,Clear,DRY,Daylight,TRAFFIC SIGNAL,NONE DETECTED,Yes,Possible Minor Injury,N/A,NOT DISTRACTED,NH,PASSENGER CAR,MAKING LEFT TURN,35,No,2015,SUBA,OUTBACK,39.095687,-77.00191083,2023,8,19
230050165,Injury Crash,08/18/2023 07:32:00 PM,GOOD HOPE RD,NA,HEAD ON LEFT TURN,Clear,DRY,Daylight,TRAFFIC SIGNAL,NONE DETECTED,No,No Apparent Injury,N/A,NOT DISTRACTED,MD,PASSENGER CAR,MOVING CONSTANT SPEED,35,No,2020,ACURA,MDX,39.095687,-77.00191083,2023,8,19
230050157,Injury Crash,08/18/2023 06:30:00 PM,UNIVERSITY BLVD W,NA,SAME DIR REAR END,Clear,DRY,Daylight,NO CONTROLS,NONE DETECTED,Yes,No Apparent Injury,N/A,UNKNOWN,MD,PASSENGER CAR,SLOWING OR STOPPING,35,No,2015,CHEV,CRUZE,39.03614967,-77.06284833,2023,8,18
230050157,Injury Crash,08/18/2023 06:30:00 PM,UNIVERSITY BLVD W,NA,SAME DIR REAR END,Clear,DRY,Daylight,NO CONTROLS,NONE DETECTED,No,Possible Minor Injury,N/A,NOT DISTRACTED,MD,PASSENGER CAR,SLOWING OR STOPPING,35,No,2018,AUDI,SQ5,39.03614967,-77.06284833,2023,8,18
230050171,Property Damage Crash,08/18/2023 06:22:00 PM,NA,NA,SAME DIRECTION SIDESWIPE,Clear,NA,Daylight,NO CONTROLS,NONE DETECTED,Yes,No Apparent Injury,N/A,UNKNOWN,NA,PASSENGER CAR,PARKING,25,No,1999,BUICK,4S,39.1034305,-77.068451,2023,8,18
230050155,Property Damage Crash,08/18/2023 05:57:00 PM,PINEY BRANCH RD,NA,SAME DIR REAR END,Clear,DRY,Daylight,TRAFFIC SIGNAL,NONE DETECTED,Yes,No Apparent Injury,N/A,EATING OR DRINKING,MD,PASSENGER CAR,ACCELERATING,35,No,2016,TOYOTA,TUNDRA,38.999245,-76.99563583,2023,8,17
230050155,Property Damage Crash,08/18/2023 05:57:00 PM,PINEY BRANCH RD,NA,SAME DIR REAR END,Clear,DRY,Daylight,TRAFFIC SIGNAL,NONE DETECTED,No,No Apparent Injury,N/A,NOT DISTRACTED,MD,PASSENGER CAR,STOPPED IN TRAFFIC LANE,35,No,2019,JEEP,GRAND CHEROKEE,38.999245,-76.99563583,2023,8,17
230050155,Property Damage Crash,08/18/2023 05:57:00 PM,PINEY BRANCH RD,NA,SAME DIR REAR END,Clear,DRY,Daylight,TRAFFIC SIGNAL,NONE DETECTED,No,No Apparent Injury,N/A,NOT DISTRACTED,VA,PASSENGER CAR,STOPPED IN TRAFFIC LANE,35,No,2017,LEXUS,RX350,38.999245,-76.99563583,2023,8,17
230050173,Property Damage Crash,08/18/2023 05:26:00 PM,GEORGIA AVE,NA,SAME DIRECTION SIDESWIPE,Clear,DRY,Daylight,N/A,NONE DETECTED,No,No Apparent Injury,N/A,NOT DISTRACTED,MD,PASSENGER CAR,MOVING CONSTANT SPEED,35,No,2015,ACURA,ILX,39.01144945,-77.04124153,2023,8,17
230050173,Property Damage Crash,08/18/2023 05:26:00 PM,GEORGIA AVE,NA,SAME DIRECTION SIDESWIPE,Clear,DRY,Daylight,N/A,NONE DETECTED,Yes,No Apparent Injury,N/A,UNKNOWN,XX,PASSENGER CAR,CHANGING LANES,35,No,2018,TOYOTA,CAMRY,39.01144945,-77.04124153,2023,8,17
230050143,Property Damage Crash,08/18/2023 05:10:00 PM,FREDERICK RD,NA,SAME DIR REAR END,Clear,DRY,Daylight,TRAFFIC SIGNAL,NONE DETECTED,Yes,No Apparent Injury,N/A,UNKNOWN,NA,NA,MOVING CONSTANT SPEED,30,No,0,UNKNOWN,UNKNOWN,39.14832521,-77.20686432,2023,8,17
230050143,Property Damage Crash,08/18/2023 05:10:00 PM,FREDERICK RD,NA,SAME DIR REAR END,Clear,DRY,Daylight,TRAFFIC SIGNAL,NONE DETECTED,No,No Apparent Injury,N/A,NOT DISTRACTED,MD,(SPORT) UTILITY VEHICLE,MOVING CONSTANT SPEED,30,No,2017,INFI,SW,39.14832521,-77.20686432,2023,8,17
230050145,Property Damage Crash,08/18/2023 04:58:00 PM,CALVERTON BLVD,NA,ANGLE MEETS LEFT TURN,Clear,DRY,Daylight,TRAFFIC SIGNAL,ALCOHOL PRESENT,Unknown,No Apparent Injury,N/A,NOT DISTRACTED,MD,PASSENGER CAR,MOVING CONSTANT SPEED,35,No,2008,TOYOTA,CAMRY,39.05619539,-76.944326040000007,2023,8,16
230050145,Property Damage Crash,08/18/2023 04:58:00 PM,CALVERTON BLVD,NA,ANGLE MEETS LEFT TURN,Clear,DRY,Daylight,TRAFFIC SIGNAL,NONE DETECTED,Unknown,No Apparent Injury,N/A,LOOKED BUT DID NOT SEE,MD,PASSENGER CAR,MAKING LEFT TURN,35,No,2020,VOLVO,XC90,39.05619539,-76.944326040000007,2023,8,16
230050127,Injury Crash,08/18/2023 04:09:00 PM,RANDOLPH RD,NA,SAME DIR REAR END,Clear,DRY,Daylight,TRAFFIC SIGNAL,NONE DETECTED,No,No Apparent Injury,N/A,NOT DISTRACTED,MD,PASSENGER CAR,ACCELERATING,35,No,2004,HONDA,PILOT,39.05729238,-77.07785549,2023,8,16
230050127,Injury Crash,08/18/2023 04:09:00 PM,RANDOLPH RD,NA,SAME DIR REAR END,Clear,DRY,Daylight,TRAFFIC SIGNAL,NONE DETECTED,Yes,Possible Minor Injury,N/A,UNKNOWN,MD,PASSENGER CAR,SLOWING OR STOPPING,35,No,2006,MITS,WRANGLER,39.05729238,-77.07785549,2023,8,16
230050121,Injury Crash,08/18/2023 03:07:00 PM,NA,NA,SINGLE VEHICLE,Clear,NA,Daylight,N/A,NONE DETECTED,Yes,Suspected Serious Injury,"N/A, RUTS, HOLES, BUMPS",UNKNOWN,MD,ALL TERRAIN VEHICLE (ATV),MOVING CONSTANT SPEED,0,No,2023,TRAILMASTER,K5,39.14161554,-77.41522815,2023,8,15
230050115,Injury Crash,08/18/2023 02:05:00 PM,SEMINARY PL,NA,STRAIGHT MOVEMENT ANGLE,Clear,DRY,Daylight,STOP SIGN,NONE DETECTED,Yes,No Apparent Injury,N/A,LOOKED BUT DID NOT SEE,MD,PASSENGER CAR,MAKING LEFT TURN,5,No,2016,HONDA,ACCORD,39.00948891,-77.04135161,2023,8,14
230050115,Injury Crash,08/18/2023 02:05:00 PM,SEMINARY PL,NA,STRAIGHT MOVEMENT ANGLE,Clear,DRY,Daylight,STOP SIGN,NONE DETECTED,No,Possible Minor Injury,N/A,NOT DISTRACTED,DC,PASSENGER CAR,ACCELERATING,5,No,2011,TOYOTA,VENZA,39.00948891,-77.04135161,2023,8,14
230050109,Injury Crash,08/18/2023 01:51:00 PM,SHADY GROVE RD,NA,HEAD ON LEFT TURN,Clear,DRY,Daylight,TRAFFIC SIGNAL,NONE DETECTED,No,No Apparent Injury,N/A,NOT DISTRACTED,MD,OTHER BUS,MAKING LEFT TURN,35,No,2022,FORD,BUS,39.10499417,-77.19040496,2023,8,13
230050109,Injury Crash,08/18/2023 01:51:00 PM,SHADY GROVE RD,NA,HEAD ON LEFT TURN,Clear,DRY,Daylight,TRAFFIC SIGNAL,NONE DETECTED,Yes,No Apparent Injury,N/A,UNKNOWN,MD,PASSENGER CAR,MOVING CONSTANT SPEED,35,No,2015,HOND,4S,39.10499417,-77.19040496,2023,8,13
230050109,Injury Crash,08/18/2023 01:51:00 PM,SHADY GROVE RD,NA,HEAD ON LEFT TURN,Clear,DRY,Daylight,TRAFFIC SIGNAL,NONE DETECTED,No,Possible Minor Injury,N/A,NOT DISTRACTED,MD,PASSENGER CAR,MOVING CONSTANT SPEED,35,No,2021,KIA,PV,39.10499417,-77.19040496,2023,8,13
230050105,Property Damage Crash,08/18/2023 01:50:00 PM,NA,NA,OTHER,Clear,NA,Daylight,N/A,NONE DETECTED,Yes,No Apparent Injury,N/A,LOOKED BUT DID NOT SEE,MD,POLICE VEHICLE/NON EMERGENCY,BACKING,0,No,2018,FORD,INTERCEPTOR,39.11460806,-77.20393814,2023,8,13
230050104,Property Damage Crash,08/18/2023 12:40:00 PM,NA,NA,STRAIGHT MOVEMENT ANGLE,Clear,NA,Daylight,N/A,NONE DETECTED,Yes,No Apparent Injury,N/A,UNKNOWN,NA,UNKNOWN,BACKING,15,No,0,UNKNOWN,UNKNOWN,39.15054512,-77.20764882,2023,8,12
230050094,Property Damage Crash,08/18/2023 12:30:00 PM,FREDERICK RD,NA,HEAD ON LEFT TURN,Clear,DRY,Daylight,TRAFFIC SIGNAL,NONE DETECTED,No,No Apparent Injury,N/A,NOT DISTRACTED,MD,PASSENGER CAR,MOVING CONSTANT SPEED,35,No,2014,TOYT,CAMRY,39.16370167,-77.22618383,2023,8,12
230050097,Property Damage Crash,08/18/2023 12:30:00 PM,FREDERICK RD,NA,STRAIGHT MOVEMENT ANGLE,Clear,DRY,Daylight,NO CONTROLS,NONE DETECTED,Yes,No Apparent Injury,N/A,NOT DISTRACTED,MD,PASSENGER CAR,MAKING LEFT TURN,35,No,2014,JEEP,CHEROKEE,39.14589,-77.20454167,2023,8,12
230050097,Property Damage Crash,08/18/2023 12:30:00 PM,FREDERICK RD,NA,STRAIGHT MOVEMENT ANGLE,Clear,DRY,Daylight,NO CONTROLS,NONE DETECTED,No,No Apparent Injury,N/A,NOT DISTRACTED,MD,MOTORCYCLE,SLOWING OR STOPPING,35,No,2010,HONDA,CR,39.14589,-77.20454167,2023,8,12
230050094,Property Damage Crash,08/18/2023 12:30:00 PM,FREDERICK RD,NA,HEAD ON LEFT TURN,Clear,DRY,Daylight,TRAFFIC SIGNAL,NONE DETECTED,Yes,No Apparent Injury,N/A,UNKNOWN,MD,(SPORT) UTILITY VEHICLE,MAKING LEFT TURN,35,No,2013,NISS,ROGUE,39.16370167,-77.22618383,2023,8,12
230050089,Injury Crash,08/18/2023 11:07:00 AM,NOTLEY RD,NA,SAME DIR REAR END,Clear,DRY,Daylight,NO CONTROLS,NONE DETECTED,No,Possible Minor Injury,N/A,NOT DISTRACTED,MD,PICKUP TRUCK,SLOWING OR STOPPING,30,No,2002,NISS,PK,39.09144,-77.01478167,2023,8,11
230050089,Injury Crash,08/18/2023 11:07:00 AM,NOTLEY RD,NA,SAME DIR REAR END,Clear,DRY,Daylight,NO CONTROLS,NONE DETECTED,Yes,No Apparent Injury,N/A,NOT DISTRACTED,MD,(SPORT) UTILITY VEHICLE,MOVING CONSTANT SPEED,30,No,2019,TOYOTA,4RUNNER,39.09144,-77.01478167,2023,8,11
230050058,Property Damage Crash,08/18/2023 09:09:00 AM,MONTGOMERY VILLAGE AVE,NA,HEAD ON LEFT TURN,Clear,DRY,Daylight,TRAFFIC SIGNAL,NONE DETECTED,No,No Apparent Injury,N/A,NOT DISTRACTED,NY,PASSENGER CAR,MOVING CONSTANT SPEED,35,No,2021,TOYOTA,RAV4,39.15433097,-77.20938564,2023,8,9
230050058,Property Damage Crash,08/18/2023 09:09:00 AM,MONTGOMERY VILLAGE AVE,NA,HEAD ON LEFT TURN,Clear,DRY,Daylight,TRAFFIC SIGNAL,NONE DETECTED,Yes,No Apparent Injury,N/A,UNKNOWN,VA,PASSENGER CAR,MAKING LEFT TURN,35,No,2018,TOYOTA,C-HR,39.15433097,-77.20938564,2023,8,9
230050062,Injury Crash,08/18/2023 09:06:00 AM,SAUL RD,NA,STRAIGHT MOVEMENT ANGLE,Clear,DRY,Daylight,STOP SIGN,NONE DETECTED,Yes,Possible Minor Injury,N/A,UNKNOWN,MD,(SPORT) UTILITY VEHICLE,STARTING FROM LANE,20,No,2017,JEEP,WRANGLER,39.01504967,-77.0752745,2023,8,9
230050062,Injury Crash,08/18/2023 09:06:00 AM,SAUL RD,NA,STRAIGHT MOVEMENT ANGLE,Clear,DRY,Daylight,STOP SIGN,NONE DETECTED,No,No Apparent Injury,N/A,NOT DISTRACTED,MD,"OTHER LIGHT TRUCKS (10,000LBS (4,536KG) OR LESS)",MOVING CONSTANT SPEED,20,No,2009,ISUZU,TRUCK,39.01504967,-77.0752745,2023,8,9
230050057,Property Damage Crash,08/18/2023 09:00:00 AM,GOSHEN RD,NA,STRAIGHT MOVEMENT ANGLE,Clear,DRY,Daylight,TRAFFIC SIGNAL,NONE DETECTED,Yes,No Apparent Injury,N/A,NOT DISTRACTED,MD,PASSENGER CAR,MOVING CONSTANT SPEED,30,No,2000,DODGE,INTREPID,39.194835,-77.18483333,2023,8,9
230050057,Property Damage Crash,08/18/2023 09:00:00 AM,GOSHEN RD,NA,STRAIGHT MOVEMENT ANGLE,Clear,DRY,Daylight,TRAFFIC SIGNAL,NONE DETECTED,No,No Apparent Injury,N/A,NOT DISTRACTED,MD,PASSENGER CAR,MOVING CONSTANT SPEED,35,No,2023,BMW,UT,39.194835,-77.18483333,2023,8,9
230050060,Property Damage Crash,08/18/2023 08:53:00 AM,SEVEN LOCKS RD,NA,HEAD ON LEFT TURN,Clear,DRY,Daylight,TRAFFIC SIGNAL,NONE DETECTED,No,No Apparent Injury,N/A,NOT DISTRACTED,OK,PASSENGER CAR,MOVING CONSTANT SPEED,35,No,2017,TOYOTA,COROLLA,39.02344,-77.16201833,2023,8,8
230050060,Property Damage Crash,08/18/2023 08:53:00 AM,SEVEN LOCKS RD,NA,HEAD ON LEFT TURN,Clear,DRY,Daylight,TRAFFIC SIGNAL,NONE DETECTED,Yes,No Apparent Injury,N/A,LOOKED BUT DID NOT SEE,MD,PASSENGER CAR,MAKING LEFT TURN,35,No,2016,HONDA,ACCORD,39.02344,-77.16201833,2023,8,8
230050067,Injury Crash,08/18/2023 08:30:00 AM,MONTROSE RD,NA,SAME DIR REAR END,Clear,DRY,Daylight,N/A,NONE DETECTED,No,Possible Minor Injury,N/A,NOT DISTRACTED,MD,PASSENGER CAR,SLOWING OR STOPPING,35,No,2015,NISSAN,ROGUE,39.05382167,-77.13903833,2023,8,8