Local Case Number,ACRS Report Type,Crash Date/Time,Road Name,Related Non-Motorist,Collision Type,Weather,Surface Condition,Light,Traffic Control,Driver Substance Abuse,Driver At Fault,Injury Severity,Circumstance,Driver Distracted By,Drivers License State,Vehicle Body Type,Vehicle Movement,Speed Limit,Driverless Vehicle,Vehicle Year,Vehicle Make,Vehicle Model,Latitude,Longitude,Year,Month,Hour
230049777,Injury Crash,08/16/2023 02:20:00 PM,COLUMBIA PIKE,NA,SAME DIR REAR END,Clear,DRY,Daylight,NO CONTROLS,NONE DETECTED,Yes,No Apparent Injury,"BACKUP DUE TO REGULAR CONGESTION, N/A",UNKNOWN,NA,PASSENGER CAR,SLOWING OR STOPPING,50,No,2017,NISSAN,MAXIMA,39.04822639,-76.98444849,2023,8,14
230049777,Injury Crash,08/16/2023 02:20:00 PM,COLUMBIA PIKE,NA,SAME DIR REAR END,Clear,DRY,Daylight,NO CONTROLS,NONE DETECTED,No,Possible Minor Injury,"BACKUP DUE TO REGULAR CONGESTION, N/A",NOT DISTRACTED,MD,PASSENGER CAR,SLOWING OR STOPPING,50,No,2018,ACURA,MDX,39.04822639,-76.98444849,2023,8,14
230049772,Property Damage Crash,08/16/2023 02:15:00 PM,GEORGIA AVE,NA,OPPOSITE DIRECTION SIDESWIPE,Clear,DRY,Daylight,NO CONTROLS,NONE DETECTED,No,No Apparent Injury,N/A,NOT DISTRACTED,MD,TRANSIT BUS,MOVING CONSTANT SPEED,35,No,2009,GILL,BUS,39.01069874,-77.04082585,2023,8,14
230049772,Property Damage Crash,08/16/2023 02:15:00 PM,GEORGIA AVE,NA,OPPOSITE DIRECTION SIDESWIPE,Clear,DRY,Daylight,NO CONTROLS,NONE DETECTED,Yes,No Apparent Injury,N/A,NOT DISTRACTED,MD,AUTOCYCLE,CHANGING LANES,35,No,2020,ACURA,MDX,39.01069874,-77.04082585,2023,8,14
230049764,Injury Crash,08/16/2023 02:11:00 PM,ROCKVILLE PIKE,NA,SAME DIRECTION RIGHT TURN,Clear,DRY,Daylight,TRAFFIC SIGNAL,NONE DETECTED,Yes,No Apparent Injury,N/A,NOT DISTRACTED,OH,PASSENGER CAR,CHANGING LANES,35,No,2014,MERCEDES,C300,39.02231217,-77.10336517,2023,8,14
230049764,Injury Crash,08/16/2023 02:11:00 PM,ROCKVILLE PIKE,NA,SAME DIRECTION RIGHT TURN,Clear,DRY,Daylight,TRAFFIC SIGNAL,NONE DETECTED,No,Possible Minor Injury,N/A,NOT DISTRACTED,MD,PASSENGER CAR,MOVING CONSTANT SPEED,35,No,2023,ACUR,RDX,39.02231217,-77.10336517,2023,8,14
230049762,Injury Crash,08/16/2023 02:03:00 PM,OLNEY SANDY SPRING RD,NA,HEAD ON LEFT TURN,Clear,DRY,Daylight,TRAFFIC SIGNAL,NONE DETECTED,Yes,Possible Minor Injury,N/A,LOOKED BUT DID NOT SEE,MD,PASSENGER CAR,MAKING LEFT TURN,30,No,2019,MAZDA,CX9,39.15184833,-77.06450333,2023,8,14
230049762,Injury Crash,08/16/2023 02:03:00 PM,OLNEY SANDY SPRING RD,NA,HEAD ON LEFT TURN,Clear,DRY,Daylight,TRAFFIC SIGNAL,NONE DETECTED,No,No Apparent Injury,N/A,NOT DISTRACTED,MD,PASSENGER CAR,SLOWING OR STOPPING,30,No,2010,TOYT,HB,39.15184833,-77.06450333,2023,8,14
230049755,Property Damage Crash,08/16/2023 01:16:00 PM,CRYSTAL ROCK DR,NA,SAME DIRECTION LEFT TURN,Clear,DRY,Daylight,TRAFFIC SIGNAL,NONE DETECTED,No,No Apparent Injury,N/A,NOT DISTRACTED,MD,PASSENGER CAR,MOVING CONSTANT SPEED,35,No,2021,TOYT,UT,39.17112018,-77.26280726,2023,8,13
230049755,Property Damage Crash,08/16/2023 01:16:00 PM,CRYSTAL ROCK DR,NA,SAME DIRECTION LEFT TURN,Clear,DRY,Daylight,TRAFFIC SIGNAL,NONE DETECTED,Yes,No Apparent Injury,N/A,LOOKED BUT DID NOT SEE,MD,PASSENGER CAR,MAKING LEFT TURN,35,No,2011,KIA,SPORTAGE,39.17112018,-77.26280726,2023,8,13
23001602,Property Damage Crash,08/16/2023 12:20:00 PM,UNIVERSITY BLVD W,NA,HEAD ON LEFT TURN,Clear,DRY,Daylight,TRAFFIC SIGNAL,NONE DETECTED,No,No Apparent Injury,N/A,NOT DISTRACTED,MD,POLICE VEHICLE/EMERGENCY,MAKING LEFT TURN,35,No,2014,DODG,4S,39.04132326,-77.04829932,2023,8,12
23001602,Property Damage Crash,08/16/2023 12:20:00 PM,UNIVERSITY BLVD W,NA,HEAD ON LEFT TURN,Clear,DRY,Daylight,TRAFFIC SIGNAL,NONE DETECTED,Yes,No Apparent Injury,N/A,LOOKED BUT DID NOT SEE,MD,AUTOCYCLE,MOVING CONSTANT SPEED,35,No,2014,HOND,SD,39.04132326,-77.04829932,2023,8,12
230049721,Property Damage Crash,08/16/2023 09:57:00 AM,DARNESTOWN RD,NA,STRAIGHT MOVEMENT ANGLE,Clear,DRY,Daylight,STOP SIGN,NONE DETECTED,No,No Apparent Injury,N/A,NOT DISTRACTED,MD,PASSENGER CAR,MOVING CONSTANT SPEED,40,No,2017,TOYT,TK,39.10667167,-77.23406667,2023,8,9
230049721,Property Damage Crash,08/16/2023 09:57:00 AM,DARNESTOWN RD,NA,STRAIGHT MOVEMENT ANGLE,Clear,DRY,Daylight,STOP SIGN,NONE DETECTED,Yes,No Apparent Injury,N/A,LOOKED BUT DID NOT SEE,MD,PASSENGER CAR,MAKING LEFT TURN,40,No,2014,CHEV,4S,39.10667167,-77.23406667,2023,8,9
230049701,Property Damage Crash,08/16/2023 07:14:00 AM,COLESVILLE RD,NA,SAME DIRECTION RIGHT TURN,Clear,DRY,Daylight,TRAFFIC SIGNAL,NONE DETECTED,No,No Apparent Injury,N/A,NOT DISTRACTED,MD,PASSENGER CAR,MOVING CONSTANT SPEED,35,No,2009,VOLK,4S,39.02605039,-77.01093825,2023,8,7
230049701,Property Damage Crash,08/16/2023 07:14:00 AM,COLESVILLE RD,NA,SAME DIRECTION RIGHT TURN,Clear,DRY,Daylight,TRAFFIC SIGNAL,NONE DETECTED,Yes,No Apparent Injury,N/A,UNKNOWN,NA,PASSENGER CAR,MOVING CONSTANT SPEED,35,No,2007,TOYOTA,4S,39.02605039,-77.01093825,2023,8,7
230049697,Property Damage Crash,08/16/2023 07:00:00 AM,GEORGIA AVE,NA,SAME DIRECTION SIDESWIPE,Clear,DRY,Daylight,TRAFFIC SIGNAL,NONE DETECTED,No,No Apparent Injury,N/A,NOT DISTRACTED,MD,"MEDIUM/HEAVY TRUCKS 3 AXLES (OVER 10,000LBS (4,536KG))",STARTING FROM LANE,40,No,2018,KENWORTH,TK,39.05853833,-77.049925,2023,8,7
230049697,Property Damage Crash,08/16/2023 07:00:00 AM,GEORGIA AVE,NA,SAME DIRECTION SIDESWIPE,Clear,DRY,Daylight,TRAFFIC SIGNAL,NONE DETECTED,No,No Apparent Injury,N/A,NOT DISTRACTED,MD,PICKUP TRUCK,STARTING FROM LANE,40,No,2012,FORD,250,39.05853833,-77.049925,2023,8,7
230049691,Property Damage Crash,08/16/2023 05:08:00 AM,BATTLERIDGE PL,NA,SAME DIR REAR END,Clear,DRY,Medium,NO CONTROLS,NONE DETECTED,Yes,No Apparent Injury,N/A,UNKNOWN,NA,PASSENGER CAR,ACCELERATING,25,No,2003,HONDA,CRV,39.17634762,-77.21183648,2023,8,5
230049685,Property Damage Crash,08/16/2023 03:48:00 AM,QUEBEC ST,NA,OTHER,Clear,DRY,Medium,N/A,NONE DETECTED,Yes,No Apparent Injury,N/A,NOT DISTRACTED,MD,PASSENGER CAR,MOVING CONSTANT SPEED,25,No,2018,FORD,EXPLORER,39.00005,-76.98966,2023,8,3
230049683,Injury Crash,08/16/2023 01:22:00 AM,16TH ST,NA,STRAIGHT MOVEMENT ANGLE,Clear,DRY,Medium,TRAFFIC SIGNAL,NONE DETECTED,Yes,Possible Minor Injury,N/A,UNKNOWN,IN,PASSENGER CAR,MOVING CONSTANT SPEED,30,No,2021,BMW,X3,38.99457748,-77.03629315,2023,8,1
230049683,Injury Crash,08/16/2023 01:22:00 AM,16TH ST,NA,STRAIGHT MOVEMENT ANGLE,Clear,DRY,Medium,TRAFFIC SIGNAL,NONE DETECTED,No,Suspected Serious Injury,N/A,NOT DISTRACTED,DC,PASSENGER CAR,MOVING CONSTANT SPEED,30,No,2022,HONDA,ACCORD,38.99457748,-77.03629315,2023,8,1
230049684,Property Damage Crash,08/16/2023 01:22:00 AM,STARDRIFT DR,NA,STRAIGHT MOVEMENT ANGLE,Clear,DRY,Medium,NO CONTROLS,NONE DETECTED,Yes,No Apparent Injury,N/A,UNKNOWN,NA,PASSENGER CAR,MOVING CONSTANT SPEED,25,No,2017,KIA,SOUL,39.20597788,-77.24946838,2023,8,1
230049679,Property Damage Crash,08/15/2023 11:39:00 PM,ARLINGTON RD,NA,SINGLE VEHICLE,Rain,WET,Medium,NO CONTROLS,NONE DETECTED,Yes,No Apparent Injury,"N/A, WET",NOT DISTRACTED,MD,PASSENGER CAR,SKIDDING,25,No,2018,AUDI,TT,38.98051667,-77.09845333,2023,8,23
230049659,Injury Crash,08/15/2023 08:44:00 PM,SNOUFFERS SCHOOL RD,NA,HEAD ON,Rain,WET,Dark,NO CONTROLS,NONE DETECTED,No,Possible Minor Injury,"N/A, WET",NOT DISTRACTED,MD,PASSENGER CAR,MOVING CONSTANT SPEED,40,No,2013,GMC,UT,39.16848483,-77.17554467,2023,8,20
230049659,Injury Crash,08/15/2023 08:44:00 PM,SNOUFFERS SCHOOL RD,NA,HEAD ON,Rain,WET,Dark,NO CONTROLS,NONE DETECTED,Yes,Possible Minor Injury,"N/A, WET",UNKNOWN,NA,PASSENGER CAR,MOVING CONSTANT SPEED,40,No,2003,CHEVROLET,TAHOE,39.16848483,-77.17554467,2023,8,20
230049652,Property Damage Crash,08/15/2023 08:25:00 PM,HINES RD,NA,HEAD ON LEFT TURN,Rain,WET,Medium,NO CONTROLS,NONE DETECTED,Yes,No Apparent Injury,"N/A, WET",LOOKED BUT DID NOT SEE,MD,PASSENGER CAR,MAKING LEFT TURN,35,No,2018,CHEVY,EQUINOX,39.14174333,-77.07527,2023,8,20
230049652,Property Damage Crash,08/15/2023 08:25:00 PM,HINES RD,NA,HEAD ON LEFT TURN,Rain,WET,Medium,NO CONTROLS,NONE DETECTED,No,No Apparent Injury,"N/A, WET",UNKNOWN,MD,PASSENGER CAR,MOVING CONSTANT SPEED,35,No,2004,ACUR,SD,39.14174333,-77.07527,2023,8,20
230049632,Injury Crash,08/15/2023 06:21:00 PM,REDLAND RD,NA,HEAD ON LEFT TURN,Rain,WET,Daylight,TRAFFIC SIGNAL,NONE DETECTED,Yes,Possible Minor Injury,"RAIN, SNOW, WET",NOT DISTRACTED,MD,PASSENGER CAR,MAKING LEFT TURN,35,No,2018,TOYOTA,YARIS,39.121175,-77.15847667,2023,8,18
230049632,Injury Crash,08/15/2023 06:21:00 PM,REDLAND RD,NA,HEAD ON LEFT TURN,Rain,WET,Daylight,TRAFFIC SIGNAL,NONE DETECTED,No,Possible Minor Injury,"RAIN, SNOW, WET",NOT DISTRACTED,MD,PASSENGER CAR,MOVING CONSTANT SPEED,35,No,2012,HONDA,CIVIC,39.121175,-77.15847667,2023,8,18
230049640,Property Damage Crash,08/15/2023 06:02:00 PM,OLD COLUMBIA PIKE,NA,SAME DIR REAR END,Clear,DRY,Daylight,NO CONTROLS,NONE DETECTED,Yes,No Apparent Injury,N/A,UNKNOWN,NA,PASSENGER CAR,ACCELERATING,35,No,2019,KIA,293,39.1038175,-76.93906866,2023,8,18
230049640,Property Damage Crash,08/15/2023 06:02:00 PM,OLD COLUMBIA PIKE,NA,SAME DIR REAR END,Clear,DRY,Daylight,NO CONTROLS,NONE DETECTED,No,No Apparent Injury,N/A,NOT DISTRACTED,MD,PASSENGER CAR,SLOWING OR STOPPING,35,No,2019,HOND,TK,39.1038175,-76.93906866,2023,8,18
230049607,Injury Crash,08/15/2023 04:18:00 PM,GEORGIA AVE,NA,SAME DIRECTION SIDESWIPE,Clear,DRY,Daylight,NO CONTROLS,NONE DETECTED,No,Possible Minor Injury,N/A,NOT DISTRACTED,MD,PASSENGER CAR,MOVING CONSTANT SPEED,35,No,2021,TOYOTA,RAV4,39.02940151,-77.04764792,2023,8,16
230049607,Injury Crash,08/15/2023 04:18:00 PM,GEORGIA AVE,NA,SAME DIRECTION SIDESWIPE,Clear,DRY,Daylight,NO CONTROLS,NONE DETECTED,Yes,No Apparent Injury,N/A,LOOKED BUT DID NOT SEE,MD,PASSENGER CAR,CHANGING LANES,35,No,2015,VOLKSWAGEN,E-GOLF,39.02940151,-77.04764792,2023,8,16
230049601,Property Damage Crash,08/15/2023 04:00:00 PM,CONNECTICUT AVE,NA,SAME DIRECTION RIGHT TURN,Cloudy,DRY,Daylight,NO CONTROLS,NONE DETECTED,No,No Apparent Injury,N/A,NOT DISTRACTED,MD,PASSENGER CAR,MOVING CONSTANT SPEED,35,No,2022,HYUNDAI,ELANTRA,39.017675,-77.07782167,2023,8,16
230049601,Property Damage Crash,08/15/2023 04:00:00 PM,CONNECTICUT AVE,NA,SAME DIRECTION RIGHT TURN,Cloudy,DRY,Daylight,NO CONTROLS,NONE DETECTED,Yes,No Apparent Injury,N/A,LOOKED BUT DID NOT SEE,VA,PASSENGER CAR,MAKING RIGHT TURN,35,No,1999,VW,CABRIOLET,39.017675,-77.07782167,2023,8,16
230049600,Injury Crash,08/15/2023 03:51:00 PM,EVANS DR,NA,STRAIGHT MOVEMENT ANGLE,Clear,DRY,Daylight,STOP SIGN,NONE DETECTED,No,Possible Minor Injury,N/A,NOT DISTRACTED,DC,PASSENGER CAR,MOVING CONSTANT SPEED,30,No,2022,CHEVROLET,MALIBU,39.02676167,-77.04671183,2023,8,15
230049600,Injury Crash,08/15/2023 03:51:00 PM,EVANS DR,NA,STRAIGHT MOVEMENT ANGLE,Clear,DRY,Daylight,STOP SIGN,NONE DETECTED,Yes,No Apparent Injury,N/A,UNKNOWN,MD,PASSENGER CAR,MAKING RIGHT TURN,30,No,2009,TOYOTA,HIGHLANDER,39.02676167,-77.04671183,2023,8,15
230049597,Injury Crash,08/15/2023 03:34:00 PM,FALLS RD,NA,SAME DIR REAR END,Cloudy,DRY,Daylight,N/A,NONE DETECTED,No,No Apparent Injury,N/A,NOT DISTRACTED,MD,(SPORT) UTILITY VEHICLE,STOPPED IN TRAFFIC LANE,35,No,2023,HONDA,CR-V,39.05346983,-77.18410367,2023,8,15
230049597,Injury Crash,08/15/2023 03:34:00 PM,FALLS RD,NA,SAME DIR REAR END,Cloudy,DRY,Daylight,N/A,NONE DETECTED,Yes,No Apparent Injury,N/A,NOT DISTRACTED,MD,PASSENGER CAR,SLOWING OR STOPPING,35,No,2002,NISSAN,SENTRA,39.05346983,-77.18410367,2023,8,15
230049595,Injury Crash,08/15/2023 03:30:00 PM,WATKINS MILL RD,NA,SAME DIR REAR END,Clear,DRY,Daylight,NO CONTROLS,NONE DETECTED,Yes,No Apparent Injury,N/A,UNKNOWN,MD,PICKUP TRUCK,MOVING CONSTANT SPEED,35,No,2002,NISSAN,FRONTIER,39.18013057,-77.20995973,2023,8,15
230049595,Injury Crash,08/15/2023 03:30:00 PM,WATKINS MILL RD,NA,SAME DIR REAR END,Clear,DRY,Daylight,NO CONTROLS,NONE DETECTED,No,Possible Minor Injury,N/A,NOT DISTRACTED,MD,PASSENGER CAR,STOPPED IN TRAFFIC LANE,35,No,2021,TOYT,C-HR,39.18013057,-77.20995973,2023,8,15
230049723,Property Damage Crash,08/15/2023 03:10:00 PM,NA,NA,OTHER,Cloudy,NA,Daylight,NO CONTROLS,NONE DETECTED,Yes,No Apparent Injury,N/A,UNKNOWN,MD,"CARGO VAN/LIGHT TRUCK 2 AXLES (OVER 10,000LBS (4,536 KG))",BACKING,5,No,2022,FREIGHTLINER,M2,39.02788917,-77.14073433,2023,8,15
230049593,Property Damage Crash,08/15/2023 02:40:00 PM,MASSACHUSETTS AVE,NA,SAME DIR REAR END,Clear,WET,Daylight,NO CONTROLS,NONE DETECTED,No,No Apparent Injury,N/A,NOT DISTRACTED,MD,PASSENGER CAR,STOPPED IN TRAFFIC LANE,35,No,2013,JEEP,WRANGLER,38.95715345,-77.10739142,2023,8,14
230049593,Property Damage Crash,08/15/2023 02:40:00 PM,MASSACHUSETTS AVE,NA,SAME DIR REAR END,Clear,WET,Daylight,NO CONTROLS,NONE DETECTED,Yes,No Apparent Injury,N/A,LOOKED BUT DID NOT SEE,VA,"CARGO VAN/LIGHT TRUCK 2 AXLES (OVER 10,000LBS (4,536 KG))",BACKING,35,No,2002,NISSAN,UD2600,38.95715345,-77.10739142,2023,8,14
230049588,Injury Crash,08/15/2023 02:26:00 PM,ROCKVILLE PIKE,NA,STRAIGHT MOVEMENT ANGLE,Cloudy,DRY,Daylight,TRAFFIC SIGNAL,NONE DETECTED,No,Possible Minor Injury,N/A,NOT DISTRACTED,MD,PASSENGER CAR,MAKING LEFT TURN,35,No,2021,HYUN,UT,39.06428,-77.12614,2023,8,14
230049588,Injury Crash,08/15/2023 02:26:00 PM,ROCKVILLE PIKE,NA,STRAIGHT MOVEMENT ANGLE,Cloudy,DRY,Daylight,TRAFFIC SIGNAL,NONE DETECTED,Yes,Possible Minor Injury,N/A,UNKNOWN,MD,PASSENGER CAR,MOVING CONSTANT SPEED,35,No,2018,VOLK,TK,39.06428,-77.12614,2023,8,14
230049566,Injury Crash,08/15/2023 12:42:00 PM,FREDERICK RD,NA,SAME DIR REAR END,Clear,DRY,Daylight,NO CONTROLS,NONE DETECTED,Yes,No Apparent Injury,N/A,NOT DISTRACTED,MD,PASSENGER CAR,SLOWING OR STOPPING,35,No,2008,HOND,UT,39.15798767,-77.22590267,2023,8,12
230049566,Injury Crash,08/15/2023 12:42:00 PM,FREDERICK RD,NA,SAME DIR REAR END,Clear,DRY,Daylight,NO CONTROLS,NONE DETECTED,No,Possible Minor Injury,N/A,NOT DISTRACTED,MD,PASSENGER CAR,SLOWING OR STOPPING,35,No,2015,HONDA,PILOT,39.15798767,-77.22590267,2023,8,12
230049555,Injury Crash,08/15/2023 11:50:00 AM,MUDDY BRANCH RD,NA,HEAD ON LEFT TURN,Clear,DRY,Daylight,TRAFFIC SIGNAL,NONE DETECTED,No,No Apparent Injury,N/A,NOT DISTRACTED,MD,SNOWMOBILE,MOVING CONSTANT SPEED,35,No,2016,TOYT,TK,39.1402658,-77.20519667,2023,8,11
230049555,Injury Crash,08/15/2023 11:50:00 AM,MUDDY BRANCH RD,NA,HEAD ON LEFT TURN,Clear,DRY,Daylight,TRAFFIC SIGNAL,NONE DETECTED,Yes,Possible Minor Injury,N/A,LOOKED BUT DID NOT SEE,MD,PASSENGER CAR,MAKING LEFT TURN,35,No,2013,HOND,4S,39.1402658,-77.20519667,2023,8,11
230049530,Property Damage Crash,08/15/2023 10:36:00 AM,ALLEGHENY AVE,NA,OTHER,Clear,DRY,Daylight,OTHER,NONE DETECTED,Yes,No Apparent Injury,"N/A, PHYSICAL OBSTRUCTION(S)",NOT DISTRACTED,DC,OTHER,MOVING CONSTANT SPEED,25,No,2011,AUTOCAR,DUMP TRUCK,38.97308943,-77.00772406,2023,8,10
230049534,Property Damage Crash,08/15/2023 10:02:00 AM,FAIRBANKS BLVD,NA,SINGLE VEHICLE,Clear,DRY,Daylight,NO CONTROLS,NONE DETECTED,Yes,No Apparent Injury,N/A,UNKNOWN,NA,PASSENGER CAR,MAKING RIGHT TURN,25,No,2017,KIA,SOUL,39.13353052,-77.19040187,2023,8,10
230049526,Property Damage Crash,08/15/2023 09:15:00 AM,SNOUFFERS SCHOOL RD,NA,STRAIGHT MOVEMENT ANGLE,Clear,DRY,Daylight,TRAFFIC SIGNAL,NONE DETECTED,No,No Apparent Injury,N/A,NOT DISTRACTED,VA,VAN,MAKING LEFT TURN,40,No,2019,FORD,TRANSIT VAN,39.169745,-77.17670667,2023,8,9
230049526,Property Damage Crash,08/15/2023 09:15:00 AM,SNOUFFERS SCHOOL RD,NA,STRAIGHT MOVEMENT ANGLE,Clear,DRY,Daylight,TRAFFIC SIGNAL,NONE DETECTED,Yes,No Apparent Injury,N/A,NOT DISTRACTED,MD,(SPORT) UTILITY VEHICLE,MOVING CONSTANT SPEED,40,No,2020,BMW,X5,39.169745,-77.17670667,2023,8,9
230049521,Property Damage Crash,08/15/2023 08:00:00 AM,FAIRLAND RD,NA,SAME DIR REAR END,Clear,N/A,Daylight,NO CONTROLS,NONE DETECTED,Yes,No Apparent Injury,N/A,UNKNOWN,MD,PICKUP TRUCK,MOVING CONSTANT SPEED,40,No,2003,DODGE,RAM 1500,39.078405,-76.980935,2023,8,8
230049521,Property Damage Crash,08/15/2023 08:00:00 AM,FAIRLAND RD,NA,SAME DIR REAR END,Clear,N/A,Daylight,NO CONTROLS,NONE DETECTED,No,No Apparent Injury,N/A,NOT DISTRACTED,MD,PASSENGER CAR,MAKING LEFT TURN,40,No,2007,KIA,UT,39.078405,-76.980935,2023,8,8
230049520,Property Damage Crash,08/15/2023 07:46:00 AM,NORBECK RD,NA,SAME DIR REAR END,Clear,DRY,Daylight,TRAFFIC SIGNAL,NONE DETECTED,Yes,No Apparent Injury,"BACKUP DUE TO REGULAR CONGESTION, N/A",UNKNOWN,MD,PASSENGER CAR,MOVING CONSTANT SPEED,40,No,2012,HONDA,FIT,39.11311833,-77.05773667,2023,8,7
230049520,Property Damage Crash,08/15/2023 07:46:00 AM,NORBECK RD,NA,SAME DIR REAR END,Clear,DRY,Daylight,TRAFFIC SIGNAL,NONE DETECTED,No,No Apparent Injury,"BACKUP DUE TO REGULAR CONGESTION, N/A",NOT DISTRACTED,MD,(SPORT) UTILITY VEHICLE,STARTING FROM LANE,40,No,2020,GMC,TERRAIN,39.11311833,-77.05773667,2023,8,7
230049520,Property Damage Crash,08/15/2023 07:46:00 AM,NORBECK RD,NA,SAME DIR REAR END,Clear,DRY,Daylight,TRAFFIC SIGNAL,NONE DETECTED,No,No Apparent Injury,"BACKUP DUE TO REGULAR CONGESTION, N/A",NOT DISTRACTED,MD,PASSENGER CAR,STARTING FROM LANE,40,No,2020,TOYOTA,COROLLA,39.11311833,-77.05773667,2023,8,7
230049512,Property Damage Crash,08/15/2023 05:58:00 AM,BROOKE RD,NA,SINGLE VEHICLE,Clear,DRY,Medium,NO CONTROLS,NONE DETECTED,No,No Apparent Injury,N/A,NOT DISTRACTED,MD,POLICE VEHICLE/NON EMERGENCY,MOVING CONSTANT SPEED,35,No,2021,FORD,EXPLORER,39.15027367,-77.02780859,2023,8,5
230049502,Property Damage Crash,08/14/2023 11:31:00 PM,JONES MILL RD,NA,HEAD ON,Clear,DRY,Medium,OTHER,NONE DETECTED,No,No Apparent Injury,"N/A, ROAD UNDER CONSTRUCTION/MAINTENANCE",NOT DISTRACTED,MD,TRANSIT BUS,MOVING CONSTANT SPEED,30,No,2010,NEW FLYER,LOW FLOOR,38.99398333,-77.06367,2023,8,23
230049498,Property Damage Crash,08/14/2023 10:50:00 PM,GEORGIA AVE,NA,SAME DIRECTION RIGHT TURN,Clear,DRY,Medium,TRAFFIC SIGNAL,NONE DETECTED,Yes,No Apparent Injury,N/A,UNKNOWN,NA,NA,MAKING RIGHT TURN,35,No,0,UNKNOWN,UNKNOWN,38.99522251,-77.02717586,2023,8,22
230049498,Property Damage Crash,08/14/2023 10:50:00 PM,GEORGIA AVE,NA,SAME DIRECTION RIGHT TURN,Clear,DRY,Medium,TRAFFIC SIGNAL,NONE DETECTED,No,No Apparent Injury,N/A,NOT DISTRACTED,MD,TRANSIT BUS,STOPPED IN TRAFFIC LANE,35,No,2009,GILLIG,LOW FLOOR,38.99522251,-77.02717586,2023,8,22
230049497,Property Damage Crash,08/14/2023 10:10:00 PM,FIRSTFIELD RD,NA,OTHER,Clear,DRY,Medium,TRAFFIC SIGNAL,NONE DETECTED,Yes,No Apparent Injury,N/A,UNKNOWN,NA,UNKNOWN,CHANGING LANES,25,No,0,UNKNOWN,UNKNOWN,39.14512226,-77.21970751,2023,8,22
230049497,Property Damage Crash,08/14/2023 10:10:00 PM,FIRSTFIELD RD,NA,OTHER,Clear,DRY,Medium,TRAFFIC SIGNAL,NONE DETECTED,No,No Apparent Injury,N/A,NOT DISTRACTED,MD,PASSENGER CAR,STOPPED IN TRAFFIC LANE,25,No,2022,TOYT,SD,39.14512226,-77.21970751,2023,8,22
230049494,Injury Crash,08/14/2023 09:45:00 PM,GEORGIA AVE,NA,SAME DIR REAR END,Clear,DRY,Medium,TRAFFIC SIGNAL,NONE DETECTED,No,Possible Minor Injury,N/A,NOT DISTRACTED,MD,PASSENGER CAR,STOPPED IN TRAFFIC LANE,0,No,2016,TOYOTA,RAV4,39.13007667,-77.48852,2023,8,21
230049494,Injury Crash,08/14/2023 09:45:00 PM,GEORGIA AVE,NA,SAME DIR REAR END,Clear,DRY,Medium,TRAFFIC SIGNAL,NONE DETECTED,Yes,No Apparent Injury,N/A,LOOKED BUT DID NOT SEE,DC,PASSENGER CAR,MOVING CONSTANT SPEED,45,No,2019,CHEVROLET,MALIBU,39.13007667,-77.48852,2023,8,21
230049481,Injury Crash,08/14/2023 08:18:00 PM,CHARITY LA,PEDESTRIAN,OTHER,Clear,DRY,Medium,NO CONTROLS,NONE DETECTED,Yes,No Apparent Injury,N/A,LOOKED BUT DID NOT SEE,MD,PASSENGER CAR,BACKING,15,No,2011,HOND,ACCORD,39.1463255,-77.28766933,2023,8,20
230049468,Injury Crash,08/14/2023 07:10:00 PM,FIRST ST,OTHER CONVEYANCE,SAME DIRECTION LEFT TURN,Clear,DRY,Daylight,TRAFFIC SIGNAL,NONE DETECTED,Yes,No Apparent Injury,N/A,LOOKED BUT DID NOT SEE,MD,PASSENGER CAR,MAKING LEFT TURN,40,No,2011,HOND,ACCORD,39.08455193,-77.13617105,2023,8,19
230049458,Property Damage Crash,08/14/2023 06:20:00 PM,SAM EIG HWY,NA,SAME DIR REAR END,Cloudy,WET,Daylight,NO CONTROLS,NONE DETECTED,No,No Apparent Injury,"N/A, WET",NOT DISTRACTED,MD,(SPORT) UTILITY VEHICLE,SLOWING OR STOPPING,40,No,2023,FORD,BRONCO,39.11251255,-77.21036722,2023,8,18
230049458,Property Damage Crash,08/14/2023 06:20:00 PM,SAM EIG HWY,NA,SAME DIR REAR END,Cloudy,WET,Daylight,NO CONTROLS,NONE DETECTED,Yes,No Apparent Injury,"N/A, WET",NOT DISTRACTED,MD,PASSENGER CAR,MOVING CONSTANT SPEED,40,No,2013,HOND,CIVIC,39.11251255,-77.21036722,2023,8,18
230049445,Injury Crash,08/14/2023 04:58:00 PM,RANDOLPH RD,NA,SAME DIR REAR END,Rain,N/A,Medium,NO CONTROLS,NONE DETECTED,No,No Apparent Injury,"N/A, WET",NOT DISTRACTED,MD,PASSENGER CAR,MOVING CONSTANT SPEED,40,No,2014,LEXUS,ES 350,39.06611782,-77.03342876,2023,8,16
230049445,Injury Crash,08/14/2023 04:58:00 PM,RANDOLPH RD,NA,SAME DIR REAR END,Rain,N/A,Medium,NO CONTROLS,NONE DETECTED,Yes,No Apparent Injury,"N/A, WET",NOT DISTRACTED,MD,VAN,SLOWING OR STOPPING,40,No,2000,DODGE,RAM VAN,39.06611782,-77.03342876,2023,8,16
230049442,Injury Crash,08/14/2023 04:49:00 PM,RIDGE RD,NA,SAME DIR REAR END,Rain,WET,Daylight,NO CONTROLS,NONE DETECTED,No,No Apparent Injury,"RAIN, SNOW, WET",NOT DISTRACTED,MD,PASSENGER CAR,SLOWING OR STOPPING,40,No,2008,HOND,ACCORD,39.24464017,-77.2345555,2023,8,16
230049442,Injury Crash,08/14/2023 04:49:00 PM,RIDGE RD,NA,SAME DIR REAR END,Rain,WET,Daylight,NO CONTROLS,NONE DETECTED,Yes,Possible Minor Injury,"RAIN, SNOW, WET",NOT DISTRACTED,MD,PASSENGER CAR,SLOWING OR STOPPING,40,No,2012,TOYT,CAMRY,39.24464017,-77.2345555,2023,8,16
230049442,Injury Crash,08/14/2023 04:49:00 PM,RIDGE RD,NA,SAME DIR REAR END,Rain,WET,Daylight,NO CONTROLS,NONE DETECTED,No,No Apparent Injury,"RAIN, SNOW, WET",NOT DISTRACTED,MD,(SPORT) UTILITY VEHICLE,STOPPED IN TRAFFIC LANE,40,No,2013,MERZ,ML350,39.24464017,-77.2345555,2023,8,16
230049435,Property Damage Crash,08/14/2023 04:45:00 PM,BEL PRE RD,NA,SAME DIR REAR END,Rain,WET,Daylight,TRAFFIC SIGNAL,NONE DETECTED,Yes,No Apparent Injury,N/A,UNKNOWN,NA,PASSENGER CAR,UNKNOWN,35,No,2004,TOYOTA,4S,39.09300033,-77.07999733,2023,8,16
230049435,Property Damage Crash,08/14/2023 04:45:00 PM,BEL PRE RD,NA,SAME DIR REAR END,Rain,WET,Daylight,TRAFFIC SIGNAL,NONE DETECTED,No,No Apparent Injury,N/A,NOT DISTRACTED,MD,PASSENGER CAR,STOPPED IN TRAFFIC LANE,35,No,2019,TOYOTA,CAMRY,39.09300033,-77.07999733,2023,8,16
230049453,Property Damage Crash,08/14/2023 04:38:00 PM,EAST WEST HWY,NA,STRAIGHT MOVEMENT ANGLE,Rain,WET,Daylight,STOP SIGN,NONE DETECTED,Yes,No Apparent Injury,N/A,LOOKED BUT DID NOT SEE,MD,PASSENGER CAR,MAKING LEFT TURN,35,No,2012,TOYOTA,SIENNA,38.99305,-77.06502,2023,8,16