Local Case Number,ACRS Report Type,Crash Date/Time,Road Name,Related Non-Motorist,Collision Type,Weather,Surface Condition,Light,Traffic Control,Driver Substance Abuse,Driver At Fault,Injury Severity,Circumstance,Driver Distracted By,Drivers License State,Vehicle Body Type,Vehicle Movement,Speed Limit,Driverless Vehicle,Vehicle Year,Vehicle Make,Vehicle Model,Latitude,Longitude,Year,Month,Hour
230048394,Injury Crash,08/08/2023 12:38:00 PM,FREDERICK RD,NA,SAME DIR REAR END,Cloudy,DRY,Daylight,TRAFFIC SIGNAL,NONE DETECTED,No,Possible Minor Injury,N/A,NOT DISTRACTED,PA,(SPORT) UTILITY VEHICLE,STOPPED IN TRAFFIC LANE,40,No,2017,INFINITI,QX50,39.11752117,-77.16966667,2023,8,12
230048387,Injury Crash,08/08/2023 12:17:00 PM,UNIVERSITY BLVD E,NA,SAME DIR REAR END,Clear,DRY,Daylight,TRAFFIC SIGNAL,NONE DETECTED,No,Possible Minor Injury,"N/A, ROAD UNDER CONSTRUCTION/MAINTENANCE",NOT DISTRACTED,MD,PASSENGER CAR,SLOWING OR STOPPING,35,No,2012,NISSAN,ALTIMA,38.99417455,-76.99258825,2023,8,12
230048387,Injury Crash,08/08/2023 12:17:00 PM,UNIVERSITY BLVD E,NA,SAME DIR REAR END,Clear,DRY,Daylight,TRAFFIC SIGNAL,NONE DETECTED,Yes,Possible Minor Injury,"N/A, ROAD UNDER CONSTRUCTION/MAINTENANCE",LOOKED BUT DID NOT SEE,MD,PASSENGER CAR,MOVING CONSTANT SPEED,35,No,2006,HONDA,CRV,38.99417455,-76.99258825,2023,8,12
230048384,Property Damage Crash,08/08/2023 12:15:00 PM,GEORGIA AVE,NA,SAME DIRECTION SIDESWIPE,Clear,DRY,Daylight,N/A,NONE DETECTED,No,No Apparent Injury,N/A,NOT DISTRACTED,MD,TRANSIT BUS,STOPPED IN TRAFFIC LANE,35,No,2011,GILLIG,LOW FLOOR BUS,38.99587749,-77.02773756,2023,8,12
230048384,Property Damage Crash,08/08/2023 12:15:00 PM,GEORGIA AVE,NA,SAME DIRECTION SIDESWIPE,Clear,DRY,Daylight,N/A,NONE DETECTED,Yes,No Apparent Injury,N/A,NOT DISTRACTED,NA,NA,MOVING CONSTANT SPEED,35,No,0,UNKNOWN,UNKNOWN,38.99587749,-77.02773756,2023,8,12
230048385,Property Damage Crash,08/08/2023 12:09:00 PM,NICHOLSON LA,NA,SAME DIR REAR END,Clear,N/A,Daylight,TRAFFIC SIGNAL,NONE DETECTED,Yes,No Apparent Injury,N/A,DISTRACTED BY OUTSIDE PERSON OBJECT OR EVENT,MD,PASSENGER CAR,ACCELERATING,25,No,2024,BMW,UT,39.04463492,-77.11346917,2023,8,12
230048385,Property Damage Crash,08/08/2023 12:09:00 PM,NICHOLSON LA,NA,SAME DIR REAR END,Clear,N/A,Daylight,TRAFFIC SIGNAL,NONE DETECTED,No,No Apparent Injury,N/A,NOT DISTRACTED,MD,TRANSIT BUS,STARTING FROM LANE,25,No,2014,GILL,BUS,39.04463492,-77.11346917,2023,8,12
230048375,Property Damage Crash,08/08/2023 11:39:00 AM,PINEY BRANCH RD,NA,SAME DIRECTION SIDESWIPE,Clear,DRY,Daylight,NO CONTROLS,NONE DETECTED,No,No Apparent Injury,N/A,NOT DISTRACTED,MD,TRANSIT BUS,STOPPED IN TRAFFIC LANE,35,No,2012,GILLIG,BUS,38.99924972,-76.99683328,2023,8,11
230048375,Property Damage Crash,08/08/2023 11:39:00 AM,PINEY BRANCH RD,NA,SAME DIRECTION SIDESWIPE,Clear,DRY,Daylight,NO CONTROLS,NONE DETECTED,Yes,No Apparent Injury,N/A,NOT DISTRACTED,MD,VAN,PASSING,35,No,2021,DODGE,RAM PROMASTER,38.99924972,-76.99683328,2023,8,11
230048369,Property Damage Crash,08/08/2023 11:30:00 AM,NA,NA,OTHER,Clear,NA,Daylight,NO CONTROLS,NONE DETECTED,No,No Apparent Injury,N/A,NOT DISTRACTED,MD,POLICE VEHICLE/NON EMERGENCY,SLOWING OR STOPPING,0,No,2019,FORD,EXPLORER,39.17488736,-77.26533824,2023,8,11
230048369,Property Damage Crash,08/08/2023 11:30:00 AM,NA,NA,OTHER,Clear,NA,Daylight,NO CONTROLS,NONE DETECTED,Yes,No Apparent Injury,N/A,UNKNOWN,MD,PASSENGER CAR,BACKING,0,No,2011,CHEVY,4DOOR,39.17488736,-77.26533824,2023,8,11
230048407,Property Damage Crash,08/08/2023 08:52:00 AM,RIVER RD,NA,SAME DIR REAR END,Clear,DRY,Daylight,NO CONTROLS,NONE DETECTED,No,No Apparent Injury,"BACKUP DUE TO PRIOR CRASH, N/A",NOT DISTRACTED,MD,PASSENGER CAR,STOPPED IN TRAFFIC LANE,30,No,2023,BMW,I4,39.02111755,-77.21352053,2023,8,8
230048407,Property Damage Crash,08/08/2023 08:52:00 AM,RIVER RD,NA,SAME DIR REAR END,Clear,DRY,Daylight,NO CONTROLS,NONE DETECTED,No,No Apparent Injury,"BACKUP DUE TO PRIOR CRASH, N/A",NOT DISTRACTED,MD,PASSENGER CAR,MOVING CONSTANT SPEED,30,No,2011,HONDA,CR-V,39.02111755,-77.21352053,2023,8,8
230048353,Property Damage Crash,08/08/2023 08:52:00 AM,RIVER RD,NA,SAME DIR REAR END,Clear,N/A,Daylight,N/A,NONE DETECTED,Yes,No Apparent Injury,N/A,LOOKED BUT DID NOT SEE,MD,PASSENGER CAR,SLOWING OR STOPPING,30,No,2011,HOND,CR-V,39.021455,-77.214035,2023,8,8
230048353,Property Damage Crash,08/08/2023 08:52:00 AM,RIVER RD,NA,SAME DIR REAR END,Clear,N/A,Daylight,N/A,NONE DETECTED,No,No Apparent Injury,N/A,NOT DISTRACTED,MD,PASSENGER CAR,STOPPED IN TRAFFIC LANE,30,No,2019,TOYT,COROLLA,39.021455,-77.214035,2023,8,8
230048353,Property Damage Crash,08/08/2023 08:52:00 AM,RIVER RD,NA,SAME DIR REAR END,Clear,N/A,Daylight,N/A,NONE DETECTED,No,No Apparent Injury,N/A,NOT DISTRACTED,MD,PASSENGER CAR,STOPPED IN TRAFFIC LANE,30,No,2014,NISS,ALTIMA,39.021455,-77.214035,2023,8,8
230048407,Property Damage Crash,08/08/2023 08:52:00 AM,RIVER RD,NA,SAME DIR REAR END,Clear,DRY,Daylight,NO CONTROLS,NONE DETECTED,Yes,No Apparent Injury,"BACKUP DUE TO PRIOR CRASH, N/A",UNKNOWN,MD,PASSENGER CAR,SLOWING OR STOPPING,30,No,2009,HONDA,4S,39.02111755,-77.21352053,2023,8,8
230048343,Injury Crash,08/08/2023 08:49:00 AM,CAPITAL BELTWAY,NA,SAME DIR REAR END,Clear,DRY,Daylight,NO CONTROLS,NONE DETECTED,No,No Apparent Injury,N/A,NOT DISTRACTED,VA,PASSENGER CAR,STOPPED IN TRAFFIC LANE,55,No,2014,TOYOTA,CAMRRY,39.01346,-77.04802833,2023,8,8
230048343,Injury Crash,08/08/2023 08:49:00 AM,CAPITAL BELTWAY,NA,SAME DIR REAR END,Clear,DRY,Daylight,NO CONTROLS,NONE DETECTED,No,Possible Minor Injury,N/A,NOT DISTRACTED,VA,(SPORT) UTILITY VEHICLE,STOPPED IN TRAFFIC LANE,55,No,2014,TOYOTA,RAV4,39.01346,-77.04802833,2023,8,8
230048343,Injury Crash,08/08/2023 08:49:00 AM,CAPITAL BELTWAY,NA,SAME DIR REAR END,Clear,DRY,Daylight,NO CONTROLS,NONE DETECTED,No,No Apparent Injury,N/A,NOT DISTRACTED,DC,PASSENGER CAR,STOPPED IN TRAFFIC LANE,55,No,2013,TOYOTA,COROLLA,39.01346,-77.04802833,2023,8,8
230048343,Injury Crash,08/08/2023 08:49:00 AM,CAPITAL BELTWAY,NA,SAME DIR REAR END,Clear,DRY,Daylight,NO CONTROLS,NONE DETECTED,Yes,No Apparent Injury,N/A,OTHER DISTRACTION,MD,VAN,MOVING CONSTANT SPEED,55,No,2019,FORD,VN,39.01346,-77.04802833,2023,8,8
230050484,Injury Crash,08/08/2023 08:40:00 AM,CAPITAL BELTWAY,NA,SAME DIR REAR END,Clear,DRY,Daylight,NO CONTROLS,NONE DETECTED,Yes,Possible Minor Injury,N/A,UNKNOWN,MD,PASSENGER CAR,MOVING CONSTANT SPEED,60,No,2005,HYUNDAI,4 DR,39.034815,-76.99662833,2023,8,8
230050484,Injury Crash,08/08/2023 08:40:00 AM,CAPITAL BELTWAY,NA,SAME DIR REAR END,Clear,DRY,Daylight,NO CONTROLS,NONE DETECTED,No,No Apparent Injury,N/A,NOT DISTRACTED,AL,PASSENGER CAR,STOPPED IN TRAFFIC LANE,60,No,2011,BMW,4DOOR,39.034815,-76.99662833,2023,8,8
230048342,Property Damage Crash,08/08/2023 08:35:00 AM,EISENHOWER MEMORIAL HWY,NA,SAME DIR REAR END,Clear,DRY,Daylight,N/A,NONE DETECTED,Yes,No Apparent Injury,N/A,NOT DISTRACTED,MD,PASSENGER CAR,SLOWING OR STOPPING,55,No,2015,CHEVY,SUV,39.09112883,-77.17533083,2023,8,8
230048342,Property Damage Crash,08/08/2023 08:35:00 AM,EISENHOWER MEMORIAL HWY,NA,SAME DIR REAR END,Clear,DRY,Daylight,N/A,NONE DETECTED,No,No Apparent Injury,N/A,NOT DISTRACTED,MD,PASSENGER CAR,SLOWING OR STOPPING,55,No,2024,SUBA,UT,39.09112883,-77.17533083,2023,8,8
230048342,Property Damage Crash,08/08/2023 08:35:00 AM,EISENHOWER MEMORIAL HWY,NA,SAME DIR REAR END,Clear,DRY,Daylight,N/A,NONE DETECTED,Yes,No Apparent Injury,N/A,NOT DISTRACTED,VA,PASSENGER CAR,SLOWING OR STOPPING,55,No,2020,KIA,RIO,39.09112883,-77.17533083,2023,8,8
230048381,Injury Crash,08/08/2023 08:16:00 AM,BONIFANT RD,NA,SAME DIRECTION SIDESWIPE,Clear,DRY,Daylight,NO CONTROLS,NONE DETECTED,No,Possible Minor Injury,N/A,NOT DISTRACTED,MD,PASSENGER CAR,MOVING CONSTANT SPEED,30,No,2022,TOYOTA,CAMRY,39.09195833,-77.04224,2023,8,8
230048381,Injury Crash,08/08/2023 08:16:00 AM,BONIFANT RD,NA,SAME DIRECTION SIDESWIPE,Clear,DRY,Daylight,NO CONTROLS,NONE DETECTED,Yes,No Apparent Injury,N/A,UNKNOWN,NA,PASSENGER CAR,MOVING CONSTANT SPEED,30,No,2023,HYUNDAI,UNK,39.09195833,-77.04224,2023,8,8
230048335,Injury Crash,08/08/2023 08:15:00 AM,SHADY GROVE RD,NA,SAME DIR REAR END,Cloudy,DRY,Daylight,NO CONTROLS,NONE DETECTED,Yes,Possible Minor Injury,N/A,UNKNOWN,MD,PASSENGER CAR,MOVING CONSTANT SPEED,30,No,2020,NISS,SUV,39.11026633,-77.18790917,2023,8,8
230048335,Injury Crash,08/08/2023 08:15:00 AM,SHADY GROVE RD,NA,SAME DIR REAR END,Cloudy,DRY,Daylight,NO CONTROLS,NONE DETECTED,No,Possible Minor Injury,N/A,NOT DISTRACTED,MD,PASSENGER CAR,SLOWING OR STOPPING,30,No,2020,LEXU,4D SEDAN,39.11026633,-77.18790917,2023,8,8
230048334,Property Damage Crash,08/08/2023 08:10:00 AM,KENSINGTON PKWY,NA,ANGLE MEETS RIGHT TURN,Clear,N/A,Daylight,STOP SIGN,NONE DETECTED,Unknown,No Apparent Injury,N/A,NOT DISTRACTED,DC,PICKUP TRUCK,MAKING RIGHT TURN,25,No,2019,FORD,TK,39.00092431,-77.07597736,2023,8,8
230048334,Property Damage Crash,08/08/2023 08:10:00 AM,KENSINGTON PKWY,NA,ANGLE MEETS RIGHT TURN,Clear,N/A,Daylight,STOP SIGN,NONE DETECTED,Unknown,No Apparent Injury,N/A,UNKNOWN,MD,PASSENGER CAR,MOVING CONSTANT SPEED,25,No,2023,MAZDA,UT,39.00092431,-77.07597736,2023,8,8
230048329,Property Damage Crash,08/08/2023 07:30:00 AM,BRADSHAW DR,NA,SINGLE VEHICLE,Clear,DRY,Daylight,NO CONTROLS,NONE DETECTED,Yes,No Apparent Injury,"N/A, VISION OBSTRUCTION (INCL. BLINDED BY SUN)",NOT DISTRACTED,MD,(SPORT) UTILITY VEHICLE,MOVING CONSTANT SPEED,10,No,2021,LEXUS,RX450H,39.0897115,-76.9596629,2023,8,7
230048322,Injury Crash,08/08/2023 06:51:00 AM,COLUMBIA PIKE,NA,STRAIGHT MOVEMENT ANGLE,Clear,DRY,Daylight,TRAFFIC SIGNAL,NONE DETECTED,No,No Apparent Injury,N/A,NOT DISTRACTED,MD,PASSENGER CAR,STARTING FROM LANE,40,No,2018,JEEP,4X4,39.11162807,-76.92921972,2023,8,6
230048322,Injury Crash,08/08/2023 06:51:00 AM,COLUMBIA PIKE,NA,STRAIGHT MOVEMENT ANGLE,Clear,DRY,Daylight,TRAFFIC SIGNAL,NONE DETECTED,Yes,No Apparent Injury,N/A,NOT DISTRACTED,MD,PICKUP TRUCK,MOVING CONSTANT SPEED,40,No,2019,FORD,F250,39.11162807,-76.92921972,2023,8,6
230048322,Injury Crash,08/08/2023 06:51:00 AM,COLUMBIA PIKE,NA,STRAIGHT MOVEMENT ANGLE,Clear,DRY,Daylight,TRAFFIC SIGNAL,NONE DETECTED,No,No Apparent Injury,N/A,NOT DISTRACTED,MD,PASSENGER CAR,STARTING FROM LANE,40,No,2008,HONDA,CIVIC,39.11162807,-76.92921972,2023,8,6
230048965,Property Damage Crash,08/07/2023 11:24:00 PM,NA,NA,OTHER,Rain,NA,Medium,NO CONTROLS,NONE DETECTED,Yes,No Apparent Injury,N/A,UNKNOWN,NA,PASSENGER CAR,BACKING,25,No,2016,TOYOTA,COROLLA,39.082419,-76.941733,2023,8,23
230048306,Property Damage Crash,08/07/2023 09:20:00 PM,RANDOLPH RD,NA,SAME DIR REAR END,Rain,WET,Medium,NO CONTROLS,NONE DETECTED,No,No Apparent Injury,N/A,NOT DISTRACTED,VA,PASSENGER CAR,MOVING CONSTANT SPEED,40,No,2016,HONDA,ACCORD,39.0749935,-77.00468,2023,8,21
230048306,Property Damage Crash,08/07/2023 09:20:00 PM,RANDOLPH RD,NA,SAME DIR REAR END,Rain,WET,Medium,NO CONTROLS,NONE DETECTED,Yes,No Apparent Injury,N/A,UNKNOWN,NA,PASSENGER CAR,SLOWING OR STOPPING,40,No,2021,BMW,XXX,39.0749935,-77.00468,2023,8,21
230048305,Injury Crash,08/07/2023 08:30:00 PM,NA,PEDESTRIAN,SINGLE VEHICLE,Rain,NA,Dark,NO CONTROLS,NONE DETECTED,Yes,No Apparent Injury,"RAIN, SNOW, SEVERE CROSSWINDS, WET",USING OTHER DEVICE CONTROLS INTEGRAL TO VEHICLE,MD,(SPORT) UTILITY VEHICLE,MAKING LEFT TURN,25,No,2008,ACURA,MDX,39.10491217,-76.93036733,2023,8,20
230048298,Property Damage Crash,08/07/2023 08:15:00 PM,FREDERICK RD,NA,SAME DIRECTION RIGHT TURN,Rain,WET,Medium,NO CONTROLS,NONE DETECTED,Yes,No Apparent Injury,"RAIN, SNOW, WET",OTHER CELLULAR PHONE RELATED,MD,PASSENGER CAR,MAKING RIGHT TURN,40,No,2008,TOYOTA,PRIUS,39.222201,-77.25999917,2023,8,20
230048298,Property Damage Crash,08/07/2023 08:15:00 PM,FREDERICK RD,NA,SAME DIRECTION RIGHT TURN,Rain,WET,Medium,NO CONTROLS,NONE DETECTED,No,No Apparent Injury,"RAIN, SNOW, WET",NOT DISTRACTED,MD,PASSENGER CAR,MOVING CONSTANT SPEED,40,No,2017,TOYOTA,CAMRY,39.222201,-77.25999917,2023,8,20
230048290,Property Damage Crash,08/07/2023 06:50:00 PM,AIRPARK RD,NA,SINGLE VEHICLE,Clear,WET,Daylight,NO CONTROLS,NONE DETECTED,Yes,No Apparent Injury,"N/A, WET",NOT DISTRACTED,MD,PASSENGER CAR,MOVING CONSTANT SPEED,40,No,2012,SUBA,SW,39.15460767,-77.1423345,2023,8,18
230048285,Injury Crash,08/07/2023 06:20:00 PM,SHADY GROVE RD,NA,OTHER,Rain,WET,Daylight,TRAFFIC SIGNAL,NONE DETECTED,Yes,No Apparent Injury,"RAIN, SNOW, WET",UNKNOWN,MD,PASSENGER CAR,MOVING CONSTANT SPEED,35,No,2007,HONDA,ACCORD,39.12974333,-77.163685,2023,8,18
230048285,Injury Crash,08/07/2023 06:20:00 PM,SHADY GROVE RD,NA,OTHER,Rain,WET,Daylight,TRAFFIC SIGNAL,NONE DETECTED,No,Possible Minor Injury,"RAIN, SNOW, WET",NOT DISTRACTED,VA,PASSENGER CAR,MOVING CONSTANT SPEED,35,No,2020,TOYOTA,CAMRY,39.12974333,-77.163685,2023,8,18
230048282,Property Damage Crash,08/07/2023 06:09:00 PM,MACARTHUR BLVD,NA,SAME DIRECTION LEFT TURN,Rain,WET,Daylight,N/A,NONE DETECTED,Yes,No Apparent Injury,N/A,LOOKED BUT DID NOT SEE,MD,VAN,MAKING U TURN,30,No,2013,CHEVROLET,EXPRESS,38.96128387,-77.13320362,2023,8,18
230048282,Property Damage Crash,08/07/2023 06:09:00 PM,MACARTHUR BLVD,NA,SAME DIRECTION LEFT TURN,Rain,WET,Daylight,N/A,NONE DETECTED,No,No Apparent Injury,N/A,NOT DISTRACTED,MD,PASSENGER CAR,MOVING CONSTANT SPEED,30,No,2016,TOYOTA,CAMRY,38.96128387,-77.13320362,2023,8,18
230048281,Property Damage Crash,08/07/2023 05:45:00 PM,TWINBROOK PKWY,NA,SAME DIRECTION SIDESWIPE,Rain,WET,Daylight,NO CONTROLS,NONE DETECTED,Yes,No Apparent Injury,"RAIN, SNOW, WET",UNKNOWN,XX,PASSENGER CAR,MOVING CONSTANT SPEED,35,No,2011,HONDA,CIVIC,39.06758717,-77.11393483,2023,8,17
230048281,Property Damage Crash,08/07/2023 05:45:00 PM,TWINBROOK PKWY,NA,SAME DIRECTION SIDESWIPE,Rain,WET,Daylight,NO CONTROLS,NONE DETECTED,No,No Apparent Injury,"RAIN, SNOW, WET",NOT DISTRACTED,MD,PASSENGER CAR,MOVING CONSTANT SPEED,35,No,2000,TOYOTA,CAMRY,39.06758717,-77.11393483,2023,8,17
230048284,Injury Crash,08/07/2023 05:26:00 PM,PHILADELPHIA AVE,NA,OTHER,Rain,WET,Daylight,NO CONTROLS,NONE DETECTED,No,No Apparent Injury,"RAIN, SNOW, WET",DISTRACTED BY OUTSIDE PERSON OBJECT OR EVENT,MD,TRANSIT BUS,MOVING CONSTANT SPEED,30,No,2016,NEW,BUS,38.984445,-77.01784333,2023,8,17
230048284,Injury Crash,08/07/2023 05:26:00 PM,PHILADELPHIA AVE,NA,OTHER,Rain,WET,Daylight,NO CONTROLS,NONE DETECTED,No,No Apparent Injury,"RAIN, SNOW, WET",DISTRACTED BY OUTSIDE PERSON OBJECT OR EVENT,MD,PASSENGER CAR,MOVING CONSTANT SPEED,30,No,2006,GMC,TK,38.984445,-77.01784333,2023,8,17
230048270,Injury Crash,08/07/2023 04:55:00 PM,VEIRS MILL RD,NA,SAME DIR REAR END,Cloudy,DRY,Daylight,NO CONTROLS,NONE DETECTED,No,No Apparent Injury,N/A,NOT DISTRACTED,MD,(SPORT) UTILITY VEHICLE,STOPPED IN TRAFFIC LANE,30,No,2011,TOYT,HIGHLANDER,39.07544167,-77.11728167,2023,8,16
230048270,Injury Crash,08/07/2023 04:55:00 PM,VEIRS MILL RD,NA,SAME DIR REAR END,Cloudy,DRY,Daylight,NO CONTROLS,NONE DETECTED,Yes,Possible Minor Injury,N/A,NOT DISTRACTED,MD,PASSENGER CAR,SLOWING OR STOPPING,30,No,2018,TOYOTA,COROLLA,39.07544167,-77.11728167,2023,8,16
230048270,Injury Crash,08/07/2023 04:55:00 PM,VEIRS MILL RD,NA,SAME DIR REAR END,Cloudy,DRY,Daylight,NO CONTROLS,NONE DETECTED,No,No Apparent Injury,N/A,NOT DISTRACTED,MD,(SPORT) UTILITY VEHICLE,SLOWING OR STOPPING,30,No,2017,FORD,EDGE,39.07544167,-77.11728167,2023,8,16
230048269,Injury Crash,08/07/2023 04:52:00 PM,NORBECK RD,NA,HEAD ON LEFT TURN,Cloudy,DRY,Daylight,TRAFFIC SIGNAL,NONE DETECTED,No,Possible Minor Injury,N/A,NOT DISTRACTED,MD,(SPORT) UTILITY VEHICLE,MOVING CONSTANT SPEED,35,No,2013,HONDA,CRV,39.11893126,-77.02115622,2023,8,16
230048269,Injury Crash,08/07/2023 04:52:00 PM,NORBECK RD,NA,HEAD ON LEFT TURN,Cloudy,DRY,Daylight,TRAFFIC SIGNAL,NONE DETECTED,Yes,No Apparent Injury,N/A,LOOKED BUT DID NOT SEE,MD,(SPORT) UTILITY VEHICLE,STARTING FROM LANE,35,No,2017,FORD,EDGE,39.11893126,-77.02115622,2023,8,16
230048254,Injury Crash,08/07/2023 03:53:00 PM,PERRY PKWY,NA,SAME DIR REND LEFT TURN,Cloudy,DRY,Daylight,TRAFFIC SIGNAL,NONE DETECTED,No,Possible Minor Injury,N/A,UNKNOWN,MD,PASSENGER CAR,MAKING LEFT TURN,30,No,2019,NISS,KICK,39.14019442,-77.20908365,2023,8,15
230048254,Injury Crash,08/07/2023 03:53:00 PM,PERRY PKWY,NA,SAME DIR REND LEFT TURN,Cloudy,DRY,Daylight,TRAFFIC SIGNAL,NONE DETECTED,Yes,No Apparent Injury,N/A,UNKNOWN,MD,PASSENGER CAR,MAKING LEFT TURN,30,No,2014,BUICK,VERANO,39.14019442,-77.20908365,2023,8,15
230048253,Property Damage Crash,08/07/2023 03:36:00 PM,NO NAME,NA,SAME DIR REAR END,Clear,DRY,Daylight,NO CONTROLS,NONE DETECTED,Yes,No Apparent Injury,N/A,NOT DISTRACTED,MD,PASSENGER CAR,MOVING CONSTANT SPEED,55,No,2016,SCION,FRX,39.12265192,-77.18970431,2023,8,15
230048253,Property Damage Crash,08/07/2023 03:36:00 PM,NO NAME,NA,SAME DIR REAR END,Clear,DRY,Daylight,NO CONTROLS,NONE DETECTED,No,No Apparent Injury,N/A,NOT DISTRACTED,MD,PASSENGER CAR,MOVING CONSTANT SPEED,55,No,2015,HOND,TK,39.12265192,-77.18970431,2023,8,15
230048241,Injury Crash,08/07/2023 02:51:00 PM,EDNOR RD,NA,SINGLE VEHICLE,Clear,DRY,Daylight,NO CONTROLS,NONE DETECTED,Yes,Suspected Serious Injury,N/A,OTHER DISTRACTION,MD,PASSENGER CAR,MOVING CONSTANT SPEED,35,No,2008,ACURA,RL,39.133435,-77.00685167,2023,8,14
230048247,Property Damage Crash,08/07/2023 02:04:00 PM,BONIFANT RD,NA,SAME DIR REAR END,Clear,DRY,Daylight,NO CONTROLS,NONE DETECTED,No,No Apparent Injury,N/A,NOT DISTRACTED,MD,OTHER,STOPPED IN TRAFFIC LANE,35,No,2022,TOYT,UT,39.092947,-77.01365033,2023,8,14
230048247,Property Damage Crash,08/07/2023 02:04:00 PM,BONIFANT RD,NA,SAME DIR REAR END,Clear,DRY,Daylight,NO CONTROLS,NONE DETECTED,Yes,No Apparent Injury,N/A,LOOKED BUT DID NOT SEE,MD,PASSENGER CAR,SLOWING OR STOPPING,35,No,2016,BUIC,UT,39.092947,-77.01365033,2023,8,14
230048231,Property Damage Crash,08/07/2023 02:00:00 PM,NA,NA,OTHER,Clear,NA,Daylight,NO CONTROLS,NONE DETECTED,Yes,No Apparent Injury,N/A,NOT DISTRACTED,MD,POLICE VEHICLE/EMERGENCY,PARKING,10,No,2015,LEXS,4S,39.10013169,-77.17627323,2023,8,14
230048216,Property Damage Crash,08/07/2023 01:06:00 PM,PROFESSIONAL DR,NA,SAME DIR REAR END,Cloudy,DRY,Daylight,TRAFFIC SIGNAL,NONE DETECTED,Yes,No Apparent Injury,N/A,LOOKED BUT DID NOT SEE,MD,PASSENGER CAR,SLOWING OR STOPPING,35,No,2019,VOLK,WG,39.1635007,-77.22607695,2023,8,13
230048216,Property Damage Crash,08/07/2023 01:06:00 PM,PROFESSIONAL DR,NA,SAME DIR REAR END,Cloudy,DRY,Daylight,TRAFFIC SIGNAL,NONE DETECTED,No,No Apparent Injury,N/A,NOT DISTRACTED,MD,PASSENGER CAR,SLOWING OR STOPPING,35,No,2023,HOND,UT,39.1635007,-77.22607695,2023,8,13
230048218,Property Damage Crash,08/07/2023 01:00:00 PM,FREDERICK RD,NA,SAME DIR REAR END,Clear,DRY,Daylight,TRAFFIC SIGNAL,NONE DETECTED,No,No Apparent Injury,N/A,OTHER DISTRACTION,MD,PICKUP TRUCK,SLOWING OR STOPPING,35,No,2019,RAM,TRUCK,39.15912885,-77.22006092,2023,8,13
230048218,Property Damage Crash,08/07/2023 01:00:00 PM,FREDERICK RD,NA,SAME DIR REAR END,Clear,DRY,Daylight,TRAFFIC SIGNAL,NONE DETECTED,Yes,No Apparent Injury,N/A,UNKNOWN,MD,VAN,SLOWING OR STOPPING,35,No,2019,RAM,PROMASTER,39.15912885,-77.22006092,2023,8,13
230048210,Property Damage Crash,08/07/2023 12:50:00 PM,WILSON LA,NA,STRAIGHT MOVEMENT ANGLE,Clear,DRY,Daylight,STOP SIGN,NONE DETECTED,Yes,No Apparent Injury,N/A,LOOKED BUT DID NOT SEE,DC,"CARGO VAN/LIGHT TRUCK 2 AXLES (OVER 10,000LBS (4,536 KG))",STARTING FROM LANE,25,No,2016,FORD,TK,38.987265,-77.105515,2023,8,12
230048210,Property Damage Crash,08/07/2023 12:50:00 PM,WILSON LA,NA,STRAIGHT MOVEMENT ANGLE,Clear,DRY,Daylight,STOP SIGN,NONE DETECTED,No,No Apparent Injury,N/A,NOT DISTRACTED,MD,PASSENGER CAR,MOVING CONSTANT SPEED,25,No,2021,TOYT,SD,38.987265,-77.105515,2023,8,12
230048208,Property Damage Crash,08/07/2023 12:30:00 PM,KNOWLES AVE,NA,SAME DIRECTION SIDESWIPE,Clear,DRY,Daylight,TRAFFIC SIGNAL,NONE DETECTED,Unknown,No Apparent Injury,N/A,NOT DISTRACTED,MD,PASSENGER CAR,MOVING CONSTANT SPEED,25,No,2000,PONTIAC,4 DOOR,39.0273335,-77.07599633,2023,8,12
230048208,Property Damage Crash,08/07/2023 12:30:00 PM,KNOWLES AVE,NA,SAME DIRECTION SIDESWIPE,Clear,DRY,Daylight,TRAFFIC SIGNAL,NONE DETECTED,Unknown,No Apparent Injury,N/A,UNKNOWN,MD,TRANSIT BUS,MOVING CONSTANT SPEED,25,No,2016,GILL,BUS,39.0273335,-77.07599633,2023,8,12
230048207,Injury Crash,08/07/2023 12:30:00 PM,LONGDRAFT RD,NA,HEAD ON LEFT TURN,Clear,DRY,Daylight,TRAFFIC SIGNAL,NONE DETECTED,Yes,Possible Minor Injury,N/A,UNKNOWN,MD,PASSENGER CAR,MAKING LEFT TURN,30,No,2017,HOND,CIVIC,39.13321167,-77.24483,2023,8,12
230048207,Injury Crash,08/07/2023 12:30:00 PM,LONGDRAFT RD,NA,HEAD ON LEFT TURN,Clear,DRY,Daylight,TRAFFIC SIGNAL,NONE DETECTED,No,Possible Minor Injury,N/A,NOT DISTRACTED,MD,PASSENGER CAR,MOVING CONSTANT SPEED,30,No,2018,TESLA,MODEL 3,39.13321167,-77.24483,2023,8,12
230048196,Property Damage Crash,08/07/2023 11:39:00 AM,MARYLAND AVE,NA,SAME DIRECTION SIDESWIPE,Clear,DRY,Daylight,NO CONTROLS,NONE DETECTED,Yes,No Apparent Injury,N/A,NOT DISTRACTED,MD,TRANSIT BUS,SLOWING OR STOPPING,20,No,2013,GILLIG,BUS,38.94512833,-77.12064667,2023,8,11
230048185,Injury Crash,08/07/2023 11:10:00 AM,BETHESDA AVE,NA,SAME DIR REAR END,Clear,DRY,Daylight,N/A,NONE DETECTED,No,Possible Minor Injury,N/A,NOT DISTRACTED,MD,PASSENGER CAR,PARKED,25,No,2011,KIA,FORTE,38.981205,-77.09403667,2023,8,11
230048185,Injury Crash,08/07/2023 11:10:00 AM,BETHESDA AVE,NA,SAME DIR REAR END,Clear,DRY,Daylight,N/A,NONE DETECTED,Yes,No Apparent Injury,N/A,OTHER DISTRACTION,MD,PASSENGER CAR,MAKING RIGHT TURN,25,No,2002,LEXUS,ES300,38.981205,-77.09403667,2023,8,11
230048185,Injury Crash,08/07/2023 11:10:00 AM,BETHESDA AVE,NA,SAME DIR REAR END,Clear,DRY,Daylight,N/A,NONE DETECTED,No,No Apparent Injury,N/A,NOT DISTRACTED,MD,PASSENGER CAR,PARKED,25,No,2006,CADILAC,CTS,38.981205,-77.09403667,2023,8,11
230048184,Injury Crash,08/07/2023 11:08:00 AM,SHADY GROVE RD,NA,SAME DIRECTION RIGHT TURN,Clear,DRY,Daylight,N/A,NONE DETECTED,Yes,No Apparent Injury,N/A,LOOKED BUT DID NOT SEE,MD,PASSENGER CAR,CHANGING LANES,40,No,2019,TOYOTA,CAMRY,39.12132027,-77.1786081,2023,8,11
230048184,Injury Crash,08/07/2023 11:08:00 AM,SHADY GROVE RD,NA,SAME DIRECTION RIGHT TURN,Clear,DRY,Daylight,N/A,NONE DETECTED,No,No Apparent Injury,N/A,NOT DISTRACTED,MD,"MEDIUM/HEAVY TRUCKS 3 AXLES (OVER 10,000LBS (4,536KG))",STARTING FROM LANE,40,No,2022,CHEVY,SILVERADO,39.12132027,-77.1786081,2023,8,11
230048180,Property Damage Crash,08/07/2023 10:13:00 AM,CHAPMAN AVE,NA,HEAD ON LEFT TURN,Cloudy,DRY,Daylight,N/A,NONE DETECTED,No,No Apparent Injury,N/A,DISTRACTED BY OUTSIDE PERSON OBJECT OR EVENT,MD,PASSENGER CAR,ACCELERATING,25,No,2008,BMW,328,39.05781985,-77.11803094,2023,8,10