Local Case Number,ACRS Report Type,Crash Date/Time,Road Name,Related Non-Motorist,Collision Type,Weather,Surface Condition,Light,Traffic Control,Driver Substance Abuse,Driver At Fault,Injury Severity,Circumstance,Driver Distracted By,Drivers License State,Vehicle Body Type,Vehicle Movement,Speed Limit,Driverless Vehicle,Vehicle Year,Vehicle Make,Vehicle Model,Latitude,Longitude,Year,Month,Hour
230048180,Property Damage Crash,08/07/2023 10:13:00 AM,CHAPMAN AVE,NA,HEAD ON LEFT TURN,Cloudy,DRY,Daylight,N/A,NONE DETECTED,Yes,No Apparent Injury,N/A,OTHER DISTRACTION,MD,PICKUP TRUCK,MAKING LEFT TURN,25,No,2020,FORD,PK,39.05781985,-77.11803094,2023,8,10
230048174,Injury Crash,08/07/2023 09:45:00 AM,NORBECK RD,NA,SAME DIR REAR END,Cloudy,DRY,Daylight,TRAFFIC SIGNAL,NONE DETECTED,Yes,No Apparent Injury,N/A,UNKNOWN,MD,PASSENGER CAR,UNKNOWN,25,No,2020,TOYOTA,HIGHLANDER,39.11238573,-77.05913779,2023,8,9
230048174,Injury Crash,08/07/2023 09:45:00 AM,NORBECK RD,NA,SAME DIR REAR END,Cloudy,DRY,Daylight,TRAFFIC SIGNAL,NONE DETECTED,No,No Apparent Injury,N/A,NOT DISTRACTED,MD,VAN,STOPPED IN TRAFFIC LANE,25,No,2017,FORD,VAN,39.11238573,-77.05913779,2023,8,9
230048266,Property Damage Crash,08/07/2023 08:00:00 AM,LONGMEAD CROSSING DR,NA,SAME DIRECTION SIDESWIPE,Cloudy,DRY,Daylight,N/A,NONE DETECTED,Yes,No Apparent Injury,N/A,NOT DISTRACTED,MD,PASSENGER CAR,MOVING CONSTANT SPEED,35,No,2018,HONDA,HR-V,39.09559133,-77.044834,2023,8,8
230048159,Injury Crash,08/07/2023 05:07:00 AM,FENTON ST,PEDESTRIAN,OTHER,Clear,WET,Medium,NO CONTROLS,NONE DETECTED,Yes,No Apparent Injury,N/A,UNKNOWN,NA,NA,UNKNOWN,30,No,0,UNKNOWN,UNKNOWN,38.98759297,-77.02346754,2023,8,5
230048154,Injury Crash,08/07/2023 01:02:00 AM,NEW HAMPSHIRE AVE,NA,SAME DIRECTION SIDESWIPE,Clear,DRY,Medium,FLASHING TRAFFIC SIGNAL,NONE DETECTED,No,No Apparent Injury,N/A,NOT DISTRACTED,MD,TRANSIT BUS,SLOWING OR STOPPING,45,No,2019,NFLY,548,39.0203559,-76.97659848,2023,8,1
230048154,Injury Crash,08/07/2023 01:02:00 AM,NEW HAMPSHIRE AVE,NA,SAME DIRECTION SIDESWIPE,Clear,DRY,Medium,FLASHING TRAFFIC SIGNAL,NONE DETECTED,Yes,Possible Minor Injury,N/A,UNKNOWN,MD,PASSENGER CAR,MOVING CONSTANT SPEED,45,No,2001,LEXS,RX 300/LTD,39.0203559,-76.97659848,2023,8,1
230048155,Injury Crash,08/07/2023 12:53:00 AM,BROOKVILLE RD,NA,OTHER,Clear,WET,Medium,NO CONTROLS,NONE DETECTED,Yes,Suspected Serious Injury,"RAIN, SNOW, WET",OTHER DISTRACTION,FL,PASSENGER CAR,MOVING CONSTANT SPEED,30,No,2013,KIA,SOUL,39.0045974,-77.05095086,2023,8,0
230048256,Property Damage Crash,08/06/2023 11:00:00 PM,GEORGIA AVE,NA,SINGLE VEHICLE,Clear,DRY,Medium,N/A,NONE DETECTED,Yes,No Apparent Injury,N/A,NOT DISTRACTED,MD,PASSENGER CAR,MOVING CONSTANT SPEED,35,No,2019,DODGE,4S,39.12390492,-77.07332141,2023,8,23
230048149,Property Damage Crash,08/06/2023 10:46:00 PM,MUNCASTER RD,NA,SINGLE VEHICLE,Rain,WET,Dark,NO CONTROLS,NONE DETECTED,Yes,No Apparent Injury,"RAIN, SNOW, WET",NOT DISTRACTED,MD,PASSENGER CAR,SKIDDING,35,No,2020,HYUNDAI,TUSCON,39.15495925,-77.13088021,2023,8,22
230048145,Injury Crash,08/06/2023 10:21:00 PM,SANDY SPRING RD,NA,ANGLE MEETS LEFT TURN,Rain,WET,Medium,NO CONTROLS,NONE DETECTED,Yes,Possible Minor Injury,"RAIN, SNOW, WET",UNKNOWN,MD,PASSENGER CAR,MAKING U TURN,45,No,2015,CHEV,4D,39.10639917,-76.91484033,2023,8,22
230048145,Injury Crash,08/06/2023 10:21:00 PM,SANDY SPRING RD,NA,ANGLE MEETS LEFT TURN,Rain,WET,Medium,NO CONTROLS,NONE DETECTED,No,Possible Minor Injury,"RAIN, SNOW, WET",NOT DISTRACTED,MD,PASSENGER CAR,MOVING CONSTANT SPEED,45,No,2016,TOYOTA,RAV4,39.10639917,-76.91484033,2023,8,22
230048146,Injury Crash,08/06/2023 10:20:00 PM,LEWISBERRY DR,NA,STRAIGHT MOVEMENT ANGLE,Rain,WET,Medium,STOP SIGN,NONE DETECTED,No,Possible Minor Injury,"RAIN, SNOW, WET",NOT DISTRACTED,MD,PASSENGER CAR,MOVING CONSTANT SPEED,30,No,2017,HYUNDAI,ACCENT,39.18329183,-77.181478,2023,8,22
230048146,Injury Crash,08/06/2023 10:20:00 PM,LEWISBERRY DR,NA,STRAIGHT MOVEMENT ANGLE,Rain,WET,Medium,STOP SIGN,NONE DETECTED,Yes,No Apparent Injury,"RAIN, SNOW, WET",UNKNOWN,XX,PASSENGER CAR,MAKING LEFT TURN,30,No,2020,HYUN,ELANTRA,39.18329183,-77.181478,2023,8,22
230048144,Injury Crash,08/06/2023 10:19:00 PM,ROCKVILLE PIKE,NA,HEAD ON LEFT TURN,Rain,WET,Medium,TRAFFIC SIGNAL,NONE DETECTED,Yes,No Apparent Injury,"N/A, WET",LOOKED BUT DID NOT SEE,MD,PASSENGER CAR,MAKING LEFT TURN,35,No,2019,JEEP,GRAND CHEROKEE,39.059255,-77.12144667,2023,8,22
230048144,Injury Crash,08/06/2023 10:19:00 PM,ROCKVILLE PIKE,NA,HEAD ON LEFT TURN,Rain,WET,Medium,TRAFFIC SIGNAL,NONE DETECTED,No,Possible Minor Injury,"N/A, WET",NOT DISTRACTED,MD,PASSENGER CAR,MOVING CONSTANT SPEED,35,No,2016,TOYT,COROLLA,39.059255,-77.12144667,2023,8,22
230048125,Injury Crash,08/06/2023 07:38:00 PM,PINEY BRANCH RD,NA,STRAIGHT MOVEMENT ANGLE,Rain,WET,Medium,NO CONTROLS,NONE DETECTED,No,Suspected Serious Injury,N/A,NOT DISTRACTED,MD,PASSENGER CAR,MOVING CONSTANT SPEED,35,No,2016,TOYOTA,CAMRY,39.00114333,-76.98849167,2023,8,19
230048125,Injury Crash,08/06/2023 07:38:00 PM,PINEY BRANCH RD,NA,STRAIGHT MOVEMENT ANGLE,Rain,WET,Medium,NO CONTROLS,NONE DETECTED,Yes,No Apparent Injury,N/A,NOT DISTRACTED,NA,PASSENGER CAR,MOVING CONSTANT SPEED,35,No,2002,HONDA,CIVIC,39.00114333,-76.98849167,2023,8,19
230048113,Property Damage Crash,08/06/2023 06:18:00 PM,WHITES FERRY RD,NA,SINGLE VEHICLE,Rain,WET,Medium,N/A,NONE DETECTED,Yes,No Apparent Injury,"RAIN, SNOW, WET",NOT DISTRACTED,MD,PASSENGER CAR,NEGOTIATING A CURVE,40,No,2010,NISSAN,MAXIMA,39.13250283,-77.38560067,2023,8,18
230048108,Injury Crash,08/06/2023 05:22:00 PM,CONNECTICUT AVE,NA,SAME DIR REAR END,Clear,DRY,Daylight,TRAFFIC SIGNAL,NONE DETECTED,No,Possible Minor Injury,N/A,NOT DISTRACTED,VA,PASSENGER CAR,MOVING CONSTANT SPEED,35,No,2014,TOYT,RAV4,39.03837533,-77.07558117,2023,8,17
230048108,Injury Crash,08/06/2023 05:22:00 PM,CONNECTICUT AVE,NA,SAME DIR REAR END,Clear,DRY,Daylight,TRAFFIC SIGNAL,NONE DETECTED,Yes,No Apparent Injury,N/A,LOOKED BUT DID NOT SEE,MD,PASSENGER CAR,SLOWING OR STOPPING,35,No,2021,FORD,F150,39.03837533,-77.07558117,2023,8,17
230048091,Property Damage Crash,08/06/2023 03:30:00 PM,PARKLAND DR,NA,STRAIGHT MOVEMENT ANGLE,Clear,DRY,Daylight,NO CONTROLS,NONE DETECTED,Yes,No Apparent Injury,N/A,UNKNOWN,XX,PASSENGER CAR,MOVING CONSTANT SPEED,30,No,2005,TOYOTA,COROLLA,39.06891833,-77.08879667,2023,8,15
230048090,Injury Crash,08/06/2023 03:17:00 PM,COLESVILLE RD,NA,STRAIGHT MOVEMENT ANGLE,Clear,DRY,Daylight,TRAFFIC SIGNAL,NONE DETECTED,Yes,No Apparent Injury,N/A,LOOKED BUT DID NOT SEE,VA,PASSENGER CAR,MAKING RIGHT TURN,40,No,1998,FORD,RANGER,39.01968308,-77.01315456,2023,8,15
230048090,Injury Crash,08/06/2023 03:17:00 PM,COLESVILLE RD,NA,STRAIGHT MOVEMENT ANGLE,Clear,DRY,Daylight,TRAFFIC SIGNAL,NONE DETECTED,No,Possible Minor Injury,N/A,NOT DISTRACTED,NY,PASSENGER CAR,MOVING CONSTANT SPEED,40,No,2016,HONDA,CIVIC,39.01968308,-77.01315456,2023,8,15
230047961,Property Damage Crash,08/06/2023 01:49:00 PM,GEORGIA AVE,NA,SAME DIR REAR END,Clear,DRY,Daylight,TRAFFIC SIGNAL,NONE DETECTED,Yes,No Apparent Injury,N/A,UNKNOWN,NA,PASSENGER CAR,CHANGING LANES,35,No,2007,INFINITI,M35,39.0301987,-77.04776387,2023,8,13
230047961,Property Damage Crash,08/06/2023 01:49:00 PM,GEORGIA AVE,NA,SAME DIR REAR END,Clear,DRY,Daylight,TRAFFIC SIGNAL,NONE DETECTED,No,No Apparent Injury,N/A,UNKNOWN,MD,PASSENGER CAR,MOVING CONSTANT SPEED,35,No,2018,HOND,4S,39.0301987,-77.04776387,2023,8,13
230048072,Property Damage Crash,08/06/2023 01:00:00 PM,COLESVILLE RD,NA,SAME DIRECTION LEFT TURN,Clear,DRY,Daylight,TRAFFIC SIGNAL,NONE DETECTED,No,No Apparent Injury,N/A,NOT DISTRACTED,DC,TRANSIT BUS,MOVING CONSTANT SPEED,35,No,2019,GIL,BUS,38.99442515,-77.03095968,2023,8,13
230048072,Property Damage Crash,08/06/2023 01:00:00 PM,COLESVILLE RD,NA,SAME DIRECTION LEFT TURN,Clear,DRY,Daylight,TRAFFIC SIGNAL,NONE DETECTED,Yes,No Apparent Injury,N/A,LOOKED BUT DID NOT SEE,MD,PASSENGER CAR,CHANGING LANES,35,No,2019,TOYOTA,RAV 4,38.99442515,-77.03095968,2023,8,13
230048079,Property Damage Crash,08/06/2023 12:46:00 PM,NA,NA,OTHER,Clear,NA,Daylight,NO CONTROLS,NONE DETECTED,Yes,No Apparent Injury,N/A,NOT DISTRACTED,NA,PICKUP TRUCK,OTHER,5,No,2016,FORD,F-150,39.040125,-76.98874333,2023,8,12
230048068,Property Damage Crash,08/06/2023 12:35:00 PM,NA,NA,SINGLE VEHICLE,Clear,NA,Daylight,N/A,NONE DETECTED,Yes,No Apparent Injury,N/A,LOOKED BUT DID NOT SEE,MD,PASSENGER CAR,ACCELERATING,15,No,2012,HYUN,ACCENT,39.13253918,-77.20537622,2023,8,12
230048067,Injury Crash,08/06/2023 11:45:00 AM,COLUMBIA PIKE,NA,HEAD ON LEFT TURN,Clear,DRY,Daylight,TRAFFIC SIGNAL,NONE DETECTED,Yes,Possible Minor Injury,N/A,INATTENTIVE OR LOST IN THOUGHT,MD,PASSENGER CAR,MOVING CONSTANT SPEED,35,No,2014,INFINITY,Q50,39.03614,-77.00027333,2023,8,11
230048067,Injury Crash,08/06/2023 11:45:00 AM,COLUMBIA PIKE,NA,HEAD ON LEFT TURN,Clear,DRY,Daylight,TRAFFIC SIGNAL,NONE DETECTED,No,Possible Minor Injury,N/A,NOT DISTRACTED,MD,PASSENGER CAR,MAKING LEFT TURN,35,No,2020,HONDA,ACCORD,39.03614,-77.00027333,2023,8,11
230048142,Property Damage Crash,08/06/2023 10:15:00 AM,LOST KNIFE RD,NA,SAME DIR REAR END,Rain,WET,Medium,N/A,NONE DETECTED,Yes,No Apparent Injury,"RAIN, SNOW, WET",NOT DISTRACTED,MD,PASSENGER CAR,MOVING CONSTANT SPEED,35,No,2004,TOYOTA,COROLLA,39.1570415,-77.20310733,2023,8,10
230048142,Property Damage Crash,08/06/2023 10:15:00 AM,LOST KNIFE RD,NA,SAME DIR REAR END,Rain,WET,Medium,N/A,NONE DETECTED,No,No Apparent Injury,"RAIN, SNOW, WET",NOT DISTRACTED,MD,(SPORT) UTILITY VEHICLE,SLOWING OR STOPPING,35,No,2020,FORD,EDGE,39.1570415,-77.20310733,2023,8,10
230048058,Injury Crash,08/06/2023 09:43:00 AM,W MONTGOMERY AVE,NA,STRAIGHT MOVEMENT ANGLE,Cloudy,DRY,Daylight,TRAFFIC SIGNAL,NONE DETECTED,Yes,Possible Minor Injury,N/A,UNKNOWN,MD,PASSENGER CAR,MOVING CONSTANT SPEED,40,No,2009,BMW,328I,39.10332718,-77.19062037,2023,8,9
230048058,Injury Crash,08/06/2023 09:43:00 AM,W MONTGOMERY AVE,NA,STRAIGHT MOVEMENT ANGLE,Cloudy,DRY,Daylight,TRAFFIC SIGNAL,NONE DETECTED,No,Possible Minor Injury,N/A,NOT DISTRACTED,MD,PASSENGER CAR,MOVING CONSTANT SPEED,40,No,2019,ACURA,TLX,39.10332718,-77.19062037,2023,8,9
230048054,Injury Crash,08/06/2023 08:45:00 AM,COLUMBIA PIKE,NA,SINGLE VEHICLE,Clear,DRY,Daylight,NO CONTROLS,NONE DETECTED,No,Possible Minor Injury,N/A,UNKNOWN,MD,PASSENGER CAR,MOVING CONSTANT SPEED,50,No,2016,NISSAN,ROUGE,39.063025,-76.96233333,2023,8,8
23001526,Property Damage Crash,08/06/2023 06:15:00 AM,GEORGIA AVE,NA,SAME DIR REAR END,Clear,DRY,Medium,TRAFFIC SIGNAL,NONE DETECTED,Yes,No Apparent Injury,N/A,NOT DISTRACTED,VA,PASSENGER CAR,MOVING CONSTANT SPEED,35,No,2010,NISSAN,VERSA,39.03195016,-77.04828887,2023,8,6
23001526,Property Damage Crash,08/06/2023 06:15:00 AM,GEORGIA AVE,NA,SAME DIR REAR END,Clear,DRY,Medium,TRAFFIC SIGNAL,NONE DETECTED,No,No Apparent Injury,N/A,NOT DISTRACTED,MD,PASSENGER CAR,STOPPED IN TRAFFIC LANE,35,No,2017,TOYT,4S,39.03195016,-77.04828887,2023,8,6
230048047,Property Damage Crash,08/06/2023 04:42:00 AM,SPENCERVILLE RD,NA,SINGLE VEHICLE,Clear,DRY,Medium,NO CONTROLS,NONE DETECTED,Yes,No Apparent Injury,N/A,UNKNOWN,NA,PASSENGER CAR,MOVING CONSTANT SPEED,40,No,2007,NISSAN,SENTRA,39.11735067,-76.9699625,2023,8,4
230048038,Injury Crash,08/06/2023 03:40:00 AM,MONTGOMERY VILLAGE AVE,NA,STRAIGHT MOVEMENT ANGLE,Clear,DRY,Medium,FLASHING TRAFFIC SIGNAL,NONE DETECTED,No,No Apparent Injury,N/A,NOT DISTRACTED,MD,(SPORT) UTILITY VEHICLE,MOVING CONSTANT SPEED,35,No,2018,HONDA,CRV,39.15790477,-77.20421193,2023,8,3
230048038,Injury Crash,08/06/2023 03:40:00 AM,MONTGOMERY VILLAGE AVE,NA,STRAIGHT MOVEMENT ANGLE,Clear,DRY,Medium,FLASHING TRAFFIC SIGNAL,NONE DETECTED,Yes,No Apparent Injury,N/A,UNKNOWN,NA,PASSENGER CAR,ACCELERATING,35,No,2018,HONDA,CIVIC,39.15790477,-77.20421193,2023,8,3
230048032,Property Damage Crash,08/06/2023 12:47:00 AM,WASHINGTON GROVE LA,NA,SAME DIR REAR END,Clear,DRY,Medium,TRAFFIC SIGNAL,NONE DETECTED,No,No Apparent Injury,N/A,NOT DISTRACTED,MD,PASSENGER CAR,STOPPED IN TRAFFIC LANE,35,No,2009,MERC,C300,39.14719433,-77.16944067,2023,8,0
230048032,Property Damage Crash,08/06/2023 12:47:00 AM,WASHINGTON GROVE LA,NA,SAME DIR REAR END,Clear,DRY,Medium,TRAFFIC SIGNAL,NONE DETECTED,No,No Apparent Injury,N/A,NOT DISTRACTED,MD,PASSENGER CAR,STOPPED IN TRAFFIC LANE,35,No,2006,HYUNDI,ACCENT,39.14719433,-77.16944067,2023,8,0
230048032,Property Damage Crash,08/06/2023 12:47:00 AM,WASHINGTON GROVE LA,NA,SAME DIR REAR END,Clear,DRY,Medium,TRAFFIC SIGNAL,ALCOHOL PRESENT,Yes,No Apparent Injury,N/A,LOOKED BUT DID NOT SEE,MD,(SPORT) UTILITY VEHICLE,MOVING CONSTANT SPEED,35,No,2007,FORD,ESCAPE,39.14719433,-77.16944067,2023,8,0
230048028,Property Damage Crash,08/05/2023 11:54:00 PM,8300 FLOWER AVE,NA,SAME DIR REAR END,Clear,DRY,Medium,NO CONTROLS,NONE DETECTED,Yes,No Apparent Injury,N/A,UNKNOWN,NA,PASSENGER CAR,MOVING CONSTANT SPEED,25,No,2012,NISS,ALTIMA,38.99389301,-77.0022484,2023,8,23
230047994,Property Damage Crash,08/05/2023 05:51:00 PM,NA,NA,OTHER,Clear,NA,Daylight,NO CONTROLS,NONE DETECTED,Yes,No Apparent Injury,N/A,UNKNOWN,MD,PASSENGER CAR,OTHER,15,No,2016,FORD,F150,39.0915975,-77.04730683,2023,8,17
230047983,Property Damage Crash,08/05/2023 04:30:00 PM,NA,NA,STRAIGHT MOVEMENT ANGLE,Clear,NA,Daylight,STOP SIGN,NONE DETECTED,No,No Apparent Injury,N/A,UNKNOWN,MD,PASSENGER CAR,MOVING CONSTANT SPEED,15,No,2019,KIA,4S,39.07448233,-77.13738167,2023,8,16
230047983,Property Damage Crash,08/05/2023 04:30:00 PM,NA,NA,STRAIGHT MOVEMENT ANGLE,Clear,NA,Daylight,STOP SIGN,NONE DETECTED,Yes,No Apparent Injury,N/A,UNKNOWN,MD,PASSENGER CAR,ACCELERATING,15,No,2010,FORD,F150,39.07448233,-77.13738167,2023,8,16
230047980,Property Damage Crash,08/05/2023 03:47:00 PM,SANDY SPRING RD,NA,SAME DIRECTION SIDESWIPE,Clear,DRY,Daylight,NO CONTROLS,NONE DETECTED,No,No Apparent Injury,N/A,NOT DISTRACTED,MD,PASSENGER CAR,MOVING CONSTANT SPEED,35,No,2018,TOYOTA,CAMRY,39.1114009,-76.93193737,2023,8,15
230047980,Property Damage Crash,08/05/2023 03:47:00 PM,SANDY SPRING RD,NA,SAME DIRECTION SIDESWIPE,Clear,DRY,Daylight,NO CONTROLS,NONE DETECTED,No,No Apparent Injury,N/A,NOT DISTRACTED,MD,VAN,MOVING CONSTANT SPEED,35,No,1997,FORD,ECONOLINE,39.1114009,-76.93193737,2023,8,15
230047980,Property Damage Crash,08/05/2023 03:47:00 PM,SANDY SPRING RD,NA,SAME DIRECTION SIDESWIPE,Clear,DRY,Daylight,NO CONTROLS,NONE DETECTED,Yes,No Apparent Injury,N/A,UNKNOWN,NA,PASSENGER CAR,UNKNOWN,35,No,2006,BMW,2S,39.1114009,-76.93193737,2023,8,15
230047959,Injury Crash,08/05/2023 01:48:00 PM,NA,PEDESTRIAN,SINGLE VEHICLE,Cloudy,NA,Daylight,N/A,NONE DETECTED,Unknown,No Apparent Injury,N/A,NOT DISTRACTED,MD,PASSENGER CAR,N/A,5,No,2008,LEXUS,RX350,39.15639822,-77.21397835,2023,8,13
230047962,Property Damage Crash,08/05/2023 01:34:00 PM,PINEY BRANCH RD,NA,SAME DIRECTION RIGHT TURN,Clear,DRY,Daylight,TRAFFIC SIGNAL,NONE DETECTED,Yes,No Apparent Injury,N/A,NOT DISTRACTED,XX,VAN,MAKING RIGHT TURN,35,No,2008,HONDA,ODYSSEY,38.99903942,-76.99729151,2023,8,13
230047962,Property Damage Crash,08/05/2023 01:34:00 PM,PINEY BRANCH RD,NA,SAME DIRECTION RIGHT TURN,Clear,DRY,Daylight,TRAFFIC SIGNAL,NONE DETECTED,No,No Apparent Injury,N/A,NOT DISTRACTED,MD,PASSENGER CAR,MAKING RIGHT TURN,35,No,2021,TOYOTA,CAMRY,38.99903942,-76.99729151,2023,8,13
230047956,Property Damage Crash,08/05/2023 01:30:00 PM,E MONTGOMERY AVE,NA,OTHER,Clear,DRY,Daylight,N/A,NONE DETECTED,Yes,No Apparent Injury,N/A,NOT DISTRACTED,MD,PASSENGER CAR,BACKING,10,No,2019,MERCEDEZ,SEDAN,39.08402489,-77.14967855,2023,8,13
230047956,Property Damage Crash,08/05/2023 01:30:00 PM,E MONTGOMERY AVE,NA,OTHER,Clear,DRY,Daylight,N/A,NONE DETECTED,No,No Apparent Injury,N/A,NOT DISTRACTED,MD,PASSENGER CAR,PARKED,10,No,2008,TOYOTA,SEDAN,39.08402489,-77.14967855,2023,8,13
230047945,Property Damage Crash,08/05/2023 12:15:00 PM,ROCKVILLE PIKE,NA,STRAIGHT MOVEMENT ANGLE,Cloudy,DRY,Daylight,STOP SIGN,NONE DETECTED,Yes,No Apparent Injury,N/A,NOT DISTRACTED,MD,PASSENGER CAR,ACCELERATING,25,No,2014,SUBA,WG,39.078854,-77.14208983,2023,8,12
230047945,Property Damage Crash,08/05/2023 12:15:00 PM,ROCKVILLE PIKE,NA,STRAIGHT MOVEMENT ANGLE,Cloudy,DRY,Daylight,STOP SIGN,NONE DETECTED,No,No Apparent Injury,N/A,NOT DISTRACTED,MD,PASSENGER CAR,SLOWING OR STOPPING,30,No,2022,RAM,PK,39.078854,-77.14208983,2023,8,12
230047941,Property Damage Crash,08/05/2023 11:17:00 AM,KENILWORTH AVE,NA,SINGLE VEHICLE,Clear,DRY,Daylight,STOP SIGN,NONE DETECTED,Yes,No Apparent Injury,N/A,NOT DISTRACTED,MD,"OTHER LIGHT TRUCKS (10,000LBS (4,536KG) OR LESS)",MAKING RIGHT TURN,25,No,2019,INTL,TK,39.03013167,-77.094895,2023,8,11
230047935,Property Damage Crash,08/05/2023 10:53:00 AM,PINEY BRANCH RD,NA,SAME DIR REAR END,Clear,DRY,Daylight,NO CONTROLS,NONE DETECTED,No,No Apparent Injury,N/A,NOT DISTRACTED,MD,TRANSIT BUS,STOPPED IN TRAFFIC LANE,35,No,2012,GILL,BUS,38.99857967,-76.9988947,2023,8,10
230047935,Property Damage Crash,08/05/2023 10:53:00 AM,PINEY BRANCH RD,NA,SAME DIR REAR END,Clear,DRY,Daylight,NO CONTROLS,NONE DETECTED,Yes,No Apparent Injury,N/A,UNKNOWN,NA,NA,MOVING CONSTANT SPEED,35,No,0,UNKNOWN,UNKNOWN,38.99857967,-76.9988947,2023,8,10
230047929,Property Damage Crash,08/05/2023 10:25:00 AM,RIVER RD,NA,SAME DIR REAR END,Clear,DRY,Daylight,NO CONTROLS,NONE DETECTED,Yes,No Apparent Injury,"N/A, ROAD UNDER CONSTRUCTION/MAINTENANCE",INATTENTIVE OR LOST IN THOUGHT,MD,PASSENGER CAR,MOVING CONSTANT SPEED,35,No,2019,SUBA,SW,38.98728167,-77.14555833,2023,8,10
230047929,Property Damage Crash,08/05/2023 10:25:00 AM,RIVER RD,NA,SAME DIR REAR END,Clear,DRY,Daylight,NO CONTROLS,NONE DETECTED,No,No Apparent Injury,"N/A, ROAD UNDER CONSTRUCTION/MAINTENANCE",NOT DISTRACTED,MD,PASSENGER CAR,SLOWING OR STOPPING,35,No,2023,MERZ,SUV,38.98728167,-77.14555833,2023,8,10
230047929,Property Damage Crash,08/05/2023 10:25:00 AM,RIVER RD,NA,SAME DIR REAR END,Clear,DRY,Daylight,NO CONTROLS,NONE DETECTED,No,No Apparent Injury,"N/A, ROAD UNDER CONSTRUCTION/MAINTENANCE",NOT DISTRACTED,MD,PASSENGER CAR,SLOWING OR STOPPING,35,No,2002,LNDR,UT,38.98728167,-77.14555833,2023,8,10
230047919,Injury Crash,08/05/2023 08:55:00 AM,NA,BICYCLIST,OTHER,Cloudy,NA,Daylight,NO CONTROLS,NONE DETECTED,Yes,No Apparent Injury,N/A,NOT DISTRACTED,MD,PASSENGER CAR,ACCELERATING,5,No,2016,MERZ,4S,39.07392417,-77.13527917,2023,8,8
230047924,Injury Crash,08/05/2023 08:50:00 AM,BEL PRE RD,NA,SAME DIR REAR END,Clear,DRY,Daylight,NO CONTROLS,NONE DETECTED,No,Possible Minor Injury,N/A,NOT DISTRACTED,MD,PASSENGER CAR,STOPPED IN TRAFFIC LANE,35,No,2020,BMW,M340I,39.09182083,-77.070141,2023,8,8
230047924,Injury Crash,08/05/2023 08:50:00 AM,BEL PRE RD,NA,SAME DIR REAR END,Clear,DRY,Daylight,NO CONTROLS,NONE DETECTED,Yes,No Apparent Injury,N/A,LOOKED BUT DID NOT SEE,MD,PASSENGER CAR,SLOWING OR STOPPING,35,No,2018,HONDA,CRV,39.09182083,-77.070141,2023,8,8
230047911,Property Damage Crash,08/05/2023 05:58:00 AM,NEW HAMPSHIRE AVE,NA,SAME DIR REAR END,Cloudy,WET,Medium,TRAFFIC SIGNAL,NONE DETECTED,Yes,No Apparent Injury,"V WIPERS|W OTHER ENVIRONMENTAL, WET",UNKNOWN,NA,PASSENGER CAR,MOVING CONSTANT SPEED,35,No,2018,TOYT,RAV 4,39.017834,-76.97709217,2023,8,5
230047911,Property Damage Crash,08/05/2023 05:58:00 AM,NEW HAMPSHIRE AVE,NA,SAME DIR REAR END,Cloudy,WET,Medium,TRAFFIC SIGNAL,NONE DETECTED,No,No Apparent Injury,"V WIPERS|W OTHER ENVIRONMENTAL, WET",NOT DISTRACTED,MD,PASSENGER CAR,STOPPED IN TRAFFIC LANE,35,No,2013,TOYOTA,HYLANDER,39.017834,-76.97709217,2023,8,5
230047905,Property Damage Crash,08/05/2023 04:33:00 AM,CONNECTICUT AVE,NA,SAME DIR REND RIGHT TURN,Clear,DRY,Dark,TRAFFIC SIGNAL,NONE DETECTED,Yes,No Apparent Injury,N/A,LOOKED BUT DID NOT SEE,MO,PASSENGER CAR,MOVING CONSTANT SPEED,25,No,2017,HONDA,CRV,39.01540917,-77.0780735,2023,8,4
230047902,Injury Crash,08/05/2023 02:24:00 AM,GEORGIA AVE,NA,STRAIGHT MOVEMENT ANGLE,Clear,DRY,Dark,NO CONTROLS,NONE DETECTED,No,Possible Minor Injury,N/A,UNKNOWN,DC,PASSENGER CAR,MOVING CONSTANT SPEED,35,No,2014,BMW,328,39.05454071,-77.05029098,2023,8,2
230047902,Injury Crash,08/05/2023 02:24:00 AM,GEORGIA AVE,NA,STRAIGHT MOVEMENT ANGLE,Clear,DRY,Dark,NO CONTROLS,NONE DETECTED,Yes,Possible Minor Injury,N/A,UNKNOWN,MD,(SPORT) UTILITY VEHICLE,ACCELERATING,35,No,2015,HONDA,CRV,39.05454071,-77.05029098,2023,8,2
230047897,Injury Crash,08/05/2023 01:08:00 AM,AMHERST AVE,NA,SAME DIRECTION SIDESWIPE,Clear,DRY,Medium,STOP SIGN,NONE DETECTED,No,Possible Minor Injury,N/A,UNKNOWN,MD,PASSENGER CAR,MOVING CONSTANT SPEED,25,No,2023,TOYOTA,CAMRY,39.03652224,-77.04836263,2023,8,1
230047897,Injury Crash,08/05/2023 01:08:00 AM,AMHERST AVE,NA,SAME DIRECTION SIDESWIPE,Clear,DRY,Medium,STOP SIGN,NONE DETECTED,Yes,Possible Minor Injury,N/A,UNKNOWN,MD,(SPORT) UTILITY VEHICLE,MOVING CONSTANT SPEED,25,No,2009,TOYOTA,HIGHLANDER,39.03652224,-77.04836263,2023,8,1
230047889,Injury Crash,08/04/2023 11:30:00 PM,UNIVERSITY BLVD E,PEDESTRIAN,OTHER,Clear,DRY,Medium,NO CONTROLS,NONE DETECTED,Unknown,No Apparent Injury,N/A,UNKNOWN,NA,NA,UNKNOWN,35,No,0,UNKNOWN,UNKNOWN,39.00661129,-76.99764611,2023,8,23
230047877,Injury Crash,08/04/2023 10:46:00 PM,CLOPPER RD,NA,HEAD ON LEFT TURN,Clear,DRY,Medium,TRAFFIC SIGNAL,NONE DETECTED,No,Possible Minor Injury,N/A,NOT DISTRACTED,MD,PASSENGER CAR,MAKING LEFT TURN,25,No,2019,TOYOTA,CAMRY,39.14009943,-77.19565158,2023,8,22
230047877,Injury Crash,08/04/2023 10:46:00 PM,CLOPPER RD,NA,HEAD ON LEFT TURN,Clear,DRY,Medium,TRAFFIC SIGNAL,NONE DETECTED,Yes,Possible Minor Injury,N/A,LOOKED BUT DID NOT SEE,MD,PASSENGER CAR,MOVING CONSTANT SPEED,35,No,2015,MAZDA,CX-5,39.14009943,-77.19565158,2023,8,22
230047872,Property Damage Crash,08/04/2023 09:47:00 PM,OBSERVATION DR,NA,SAME DIR REAR END,Rain,WET,Medium,TRAFFIC SIGNAL,NONE DETECTED,No,No Apparent Injury,"RAIN, SNOW, WET",NOT DISTRACTED,MD,PASSENGER CAR,STOPPED IN TRAFFIC LANE,35,No,2019,LEXSUS,RX350,39.20029333,-77.253925,2023,8,21
230047872,Property Damage Crash,08/04/2023 09:47:00 PM,OBSERVATION DR,NA,SAME DIR REAR END,Rain,WET,Medium,TRAFFIC SIGNAL,NONE DETECTED,Yes,No Apparent Injury,"RAIN, SNOW, WET",INATTENTIVE OR LOST IN THOUGHT,MD,PASSENGER CAR,SLOWING OR STOPPING,35,No,2005,TOYOTA,COROLLA,39.20029333,-77.253925,2023,8,21
230047846,Property Damage Crash,08/04/2023 07:15:00 PM,MONTGOMERY VILLAGE AVE,NA,SAME DIR REAR END,Clear,DRY,Daylight,NO CONTROLS,NONE DETECTED,Yes,No Apparent Injury,N/A,UNKNOWN,MD,PASSENGER CAR,ACCELERATING,35,No,2011,JEEP,UT,39.15382833,-77.21054,2023,8,19