Local Case Number,ACRS Report Type,Crash Date/Time,Road Name,Related Non-Motorist,Collision Type,Weather,Surface Condition,Light,Traffic Control,Driver Substance Abuse,Driver At Fault,Injury Severity,Circumstance,Driver Distracted By,Drivers License State,Vehicle Body Type,Vehicle Movement,Speed Limit,Driverless Vehicle,Vehicle Year,Vehicle Make,Vehicle Model,Latitude,Longitude,Year,Month,Hour
230047846,Property Damage Crash,08/04/2023 07:15:00 PM,MONTGOMERY VILLAGE AVE,NA,SAME DIR REAR END,Clear,DRY,Daylight,NO CONTROLS,NONE DETECTED,No,No Apparent Injury,N/A,NOT DISTRACTED,MD,PASSENGER CAR,SLOWING OR STOPPING,30,No,2016,CHEV,TK,39.15382833,-77.21054,2023,8,19
230047843,Property Damage Crash,08/04/2023 06:30:00 PM,FLOWER AVE,NA,SAME DIR REAR END,Clear,DRY,Daylight,N/A,NONE DETECTED,No,No Apparent Injury,N/A,NOT DISTRACTED,MD,PASSENGER CAR,MOVING CONSTANT SPEED,25,No,2008,HOND,HB,39.00200633,-77.004768,2023,8,18
230047843,Property Damage Crash,08/04/2023 06:30:00 PM,FLOWER AVE,NA,SAME DIR REAR END,Clear,DRY,Daylight,N/A,NONE DETECTED,Yes,No Apparent Injury,N/A,UNKNOWN,NA,PASSENGER CAR,MOVING CONSTANT SPEED,25,No,2005,HONDA,ACCORD,39.00200633,-77.004768,2023,8,18
230047830,Property Damage Crash,08/04/2023 03:46:00 PM,GERMANTOWN RD,NA,SAME DIR REAR END,Clear,DRY,Daylight,TRAFFIC SIGNAL,NONE DETECTED,Yes,No Apparent Injury,N/A,NOT DISTRACTED,MD,PICKUP TRUCK,MOVING CONSTANT SPEED,40,No,2017,FORD,TK,39.18422417,-77.25508473,2023,8,15
230047830,Property Damage Crash,08/04/2023 03:46:00 PM,GERMANTOWN RD,NA,SAME DIR REAR END,Clear,DRY,Daylight,TRAFFIC SIGNAL,NONE DETECTED,No,No Apparent Injury,N/A,NOT DISTRACTED,MD,PASSENGER CAR,STOPPED IN TRAFFIC LANE,40,No,2006,ACURA,RL,39.18422417,-77.25508473,2023,8,15
230047805,Injury Crash,08/04/2023 02:55:00 PM,NA,NA,STRAIGHT MOVEMENT ANGLE,Clear,NA,Daylight,NO CONTROLS,NONE DETECTED,Yes,No Apparent Injury,N/A,OTHER CELLULAR PHONE RELATED,MD,PASSENGER CAR,MOVING CONSTANT SPEED,10,No,2016,TOYOTA,4S,39.05302447,-77.10431221,2023,8,14
230047805,Injury Crash,08/04/2023 02:55:00 PM,NA,NA,STRAIGHT MOVEMENT ANGLE,Clear,NA,Daylight,NO CONTROLS,NONE DETECTED,No,Possible Minor Injury,N/A,NOT DISTRACTED,MD,PASSENGER CAR,MAKING RIGHT TURN,10,No,2009,ACURA,SD,39.05302447,-77.10431221,2023,8,14
230047793,Property Damage Crash,08/04/2023 01:19:00 PM,GEORGIA AVE,NA,SINGLE VEHICLE,Cloudy,DRY,Daylight,NO CONTROLS,NONE DETECTED,Yes,No Apparent Injury,N/A,INATTENTIVE OR LOST IN THOUGHT,MD,"OTHER LIGHT TRUCKS (10,000LBS (4,536KG) OR LESS)",ACCELERATING,35,No,2001,FORD,F250,39.06247517,-77.05427683,2023,8,13
230047781,Property Damage Crash,08/04/2023 11:51:00 AM,W MONTGOMERY AVE,NA,SAME DIR REAR END,Cloudy,DRY,Daylight,TRAFFIC SIGNAL,NONE DETECTED,No,No Apparent Injury,N/A,NOT DISTRACTED,MD,(SPORT) UTILITY VEHICLE,STOPPED IN TRAFFIC LANE,40,No,2016,BMW,X5,39.08706517,-77.17576839,2023,8,11
230047781,Property Damage Crash,08/04/2023 11:51:00 AM,W MONTGOMERY AVE,NA,SAME DIR REAR END,Cloudy,DRY,Daylight,TRAFFIC SIGNAL,NONE DETECTED,Yes,No Apparent Injury,N/A,NOT DISTRACTED,MD,(SPORT) UTILITY VEHICLE,MOVING CONSTANT SPEED,40,No,2011,CHEVY,SUV,39.08706517,-77.17576839,2023,8,11
230047784,Property Damage Crash,08/04/2023 11:48:00 AM,GEORGIA AVE,NA,SAME DIRECTION SIDESWIPE,Clear,DRY,Daylight,TRAFFIC SIGNAL,NONE DETECTED,No,No Apparent Injury,N/A,UNKNOWN,MD,PASSENGER CAR,MOVING CONSTANT SPEED,35,No,2014,TOYT,4S,39.01218918,-77.04145008,2023,8,11
230047784,Property Damage Crash,08/04/2023 11:48:00 AM,GEORGIA AVE,NA,SAME DIRECTION SIDESWIPE,Clear,DRY,Daylight,TRAFFIC SIGNAL,NONE DETECTED,Yes,No Apparent Injury,N/A,UNKNOWN,NA,PASSENGER CAR,MAKING U TURN,35,No,2010,TOYOTA,PRIUS,39.01218918,-77.04145008,2023,8,11
230047865,Property Damage Crash,08/04/2023 09:20:00 AM,COLESVILLE RD,NA,STRAIGHT MOVEMENT ANGLE,Clear,DRY,Medium,TRAFFIC SIGNAL,NONE DETECTED,Unknown,No Apparent Injury,N/A,LOOKED BUT DID NOT SEE,VA,PASSENGER CAR,MAKING LEFT TURN,30,No,2017,TOYOTA,TACOMA,38.99778317,-77.027017,2023,8,9
230047865,Property Damage Crash,08/04/2023 09:20:00 AM,COLESVILLE RD,NA,STRAIGHT MOVEMENT ANGLE,Clear,DRY,Medium,TRAFFIC SIGNAL,NONE DETECTED,Unknown,No Apparent Injury,N/A,LOOKED BUT DID NOT SEE,MD,PASSENGER CAR,MOVING CONSTANT SPEED,30,No,2006,TOYOTA,AVALON,38.99778317,-77.027017,2023,8,9
230047754,Property Damage Crash,08/04/2023 09:08:00 AM,BEL PRE RD,NA,SAME DIRECTION SIDESWIPE,Cloudy,DRY,Daylight,N/A,NONE DETECTED,Yes,No Apparent Injury,N/A,LOOKED BUT DID NOT SEE,MD,PASSENGER CAR,CHANGING LANES,30,No,2015,NISSAN,SPORT UTILITY,39.09049105,-77.04970362,2023,8,9
230047754,Property Damage Crash,08/04/2023 09:08:00 AM,BEL PRE RD,NA,SAME DIRECTION SIDESWIPE,Cloudy,DRY,Daylight,N/A,NONE DETECTED,No,No Apparent Injury,N/A,NOT DISTRACTED,MD,PASSENGER CAR,MOVING CONSTANT SPEED,30,No,2007,HONDA,4S,39.09049105,-77.04970362,2023,8,9
230047748,Injury Crash,08/04/2023 09:00:00 AM,RIVER RD,NA,STRAIGHT MOVEMENT ANGLE,Clear,DRY,Daylight,STOP SIGN,NONE DETECTED,No,Possible Minor Injury,N/A,NOT DISTRACTED,MD,PASSENGER CAR,MOVING CONSTANT SPEED,35,No,2022,HONDA,CIVIC,38.97053952,-77.11622437,2023,8,9
230047748,Injury Crash,08/04/2023 09:00:00 AM,RIVER RD,NA,STRAIGHT MOVEMENT ANGLE,Clear,DRY,Daylight,STOP SIGN,NONE DETECTED,Yes,No Apparent Injury,N/A,NOT DISTRACTED,MD,PASSENGER CAR,MOVING CONSTANT SPEED,35,No,2023,MERCEDES,BENZ,38.97053952,-77.11622437,2023,8,9
230047764,Injury Crash,08/04/2023 07:50:00 AM,HARRISON ST,NA,SAME DIR REAR END,Clear,WET,Daylight,NO CONTROLS,NONE DETECTED,No,Possible Minor Injury,"RAIN, SNOW, WET",NOT DISTRACTED,MD,PASSENGER CAR,SLOWING OR STOPPING,25,No,2007,DODGE,CARAVAN,38.95717717,-77.09070617,2023,8,7
230047764,Injury Crash,08/04/2023 07:50:00 AM,HARRISON ST,NA,SAME DIR REAR END,Clear,WET,Daylight,NO CONTROLS,NONE DETECTED,Yes,No Apparent Injury,"RAIN, SNOW, WET",NOT DISTRACTED,MD,"MEDIUM/HEAVY TRUCKS 3 AXLES (OVER 10,000LBS (4,536KG))",MOVING CONSTANT SPEED,25,No,1995,GMC,DUMP TRUCK,38.95717717,-77.09070617,2023,8,7
230047739,Property Damage Crash,08/04/2023 07:12:00 AM,GEORGIA AVE,NA,SAME DIR REAR END,Rain,WET,Daylight,NO CONTROLS,NONE DETECTED,Yes,No Apparent Injury,"N/A, RAIN, SNOW",UNKNOWN,MD,PASSENGER CAR,SLOWING OR STOPPING,35,No,2004,HONDA,CIVIC,39.0531035,-77.05074633,2023,8,7
230047739,Property Damage Crash,08/04/2023 07:12:00 AM,GEORGIA AVE,NA,SAME DIR REAR END,Rain,WET,Daylight,NO CONTROLS,NONE DETECTED,No,No Apparent Injury,"N/A, RAIN, SNOW",NOT DISTRACTED,MD,(SPORT) UTILITY VEHICLE,SLOWING OR STOPPING,35,No,2016,HONDA,CRV,39.0531035,-77.05074633,2023,8,7
230047738,Property Damage Crash,08/04/2023 06:24:00 AM,VEIRS MILL RD,NA,SINGLE VEHICLE,Rain,WET,Medium,NO CONTROLS,NONE DETECTED,Unknown,No Apparent Injury,"RAIN, SNOW, WET",NOT DISTRACTED,MD,PASSENGER CAR,MAKING RIGHT TURN,45,No,2004,LINCOLN,TOWN CAR,39.069609,-77.10551667,2023,8,6
230047731,Property Damage Crash,08/04/2023 03:30:00 AM,METRO ACCESS RD,NA,SINGLE VEHICLE,Rain,WET,Dark,NO CONTROLS,NONE DETECTED,Yes,No Apparent Injury,"RAIN, SNOW, WET",UNKNOWN,MD,PASSENGER CAR,MOVING CONSTANT SPEED,35,No,2008,BMW,328XI,39.12399,-77.16157833,2023,8,3
230047721,Property Damage Crash,08/03/2023 11:20:00 PM,ARCOLA AVE,NA,OPPOSITE DIRECTION SIDESWIPE,Rain,WET,Dark,TRAFFIC SIGNAL,NONE DETECTED,No,No Apparent Injury,"RAIN, SNOW, WET",NOT DISTRACTED,MD,PASSENGER CAR,MOVING CONSTANT SPEED,30,No,2013,TOYOTA,SIENNA,39.04102667,-77.02890333,2023,8,23
230047721,Property Damage Crash,08/03/2023 11:20:00 PM,ARCOLA AVE,NA,OPPOSITE DIRECTION SIDESWIPE,Rain,WET,Dark,TRAFFIC SIGNAL,NONE DETECTED,Yes,No Apparent Injury,"RAIN, SNOW, WET",UNKNOWN,NA,UNKNOWN,ACCELERATING,30,Unknown,0,UNKNOWN,UNKNOWN,39.04102667,-77.02890333,2023,8,23
230047713,Injury Crash,08/03/2023 09:50:00 PM,RANDOLPH RD,NA,HEAD ON LEFT TURN,Rain,WET,Dark,TRAFFIC SIGNAL,NONE DETECTED,No,No Apparent Injury,"RAIN, SNOW, WET",NOT DISTRACTED,VA,PASSENGER CAR,MOVING CONSTANT SPEED,35,No,2012,NISSAN,ALTIMA,39.05699167,-77.07359167,2023,8,21
230047713,Injury Crash,08/03/2023 09:50:00 PM,RANDOLPH RD,NA,HEAD ON LEFT TURN,Rain,WET,Dark,TRAFFIC SIGNAL,NONE DETECTED,Yes,No Apparent Injury,"RAIN, SNOW, WET",UNKNOWN,MD,PASSENGER CAR,MAKING LEFT TURN,35,No,2021,TOYOTA,HIGHLANDER,39.05699167,-77.07359167,2023,8,21
230047708,Injury Crash,08/03/2023 09:28:00 PM,GEORGIA AVE,NA,SAME DIR REAR END,Rain,WET,Dark,NO CONTROLS,NONE DETECTED,No,No Apparent Injury,"RAIN, SNOW, WET",NOT DISTRACTED,MD,PASSENGER CAR,MOVING CONSTANT SPEED,25,No,2017,HYUNDAI,ELANTRA,39.04906367,-77.051853,2023,8,21
230047708,Injury Crash,08/03/2023 09:28:00 PM,GEORGIA AVE,NA,SAME DIR REAR END,Rain,WET,Dark,NO CONTROLS,NONE DETECTED,No,Possible Minor Injury,"RAIN, SNOW, WET",NOT DISTRACTED,MD,PASSENGER CAR,MOVING CONSTANT SPEED,25,No,2013,HYUNDAI,ELANTRA,39.04906367,-77.051853,2023,8,21
230047708,Injury Crash,08/03/2023 09:28:00 PM,GEORGIA AVE,NA,SAME DIR REAR END,Rain,WET,Dark,NO CONTROLS,NONE DETECTED,Yes,No Apparent Injury,"RAIN, SNOW, WET",NOT DISTRACTED,NJ,PASSENGER CAR,MOVING CONSTANT SPEED,25,No,2011,HYUND,SONATA,39.04906367,-77.051853,2023,8,21
230047668,Property Damage Crash,08/03/2023 05:54:00 PM,CRABBS BRANCH WAY,NA,SAME DIRECTION LEFT TURN,Rain,WET,Daylight,TRAFFIC SIGNAL,NONE DETECTED,No,No Apparent Injury,N/A,NOT DISTRACTED,MD,PASSENGER CAR,MAKING LEFT TURN,35,No,2011,FORD,F150,39.10693979,-77.15228473,2023,8,17
230047668,Property Damage Crash,08/03/2023 05:54:00 PM,CRABBS BRANCH WAY,NA,SAME DIRECTION LEFT TURN,Rain,WET,Daylight,TRAFFIC SIGNAL,NONE DETECTED,Yes,No Apparent Injury,N/A,NOT DISTRACTED,MD,PASSENGER CAR,MOVING CONSTANT SPEED,35,No,2003,TOYT,COROLLA,39.10693979,-77.15228473,2023,8,17
230047673,Injury Crash,08/03/2023 05:50:00 PM,MACARTHUR BLVD,NA,SAME DIR REAR END,Rain,WET,Daylight,NO CONTROLS,NONE DETECTED,Yes,Possible Minor Injury,"N/A, WET",NOT DISTRACTED,MD,(SPORT) UTILITY VEHICLE,MOVING CONSTANT SPEED,30,No,2020,MERDEDES,GLD350,38.98214,-77.22577667,2023,8,17
230047673,Injury Crash,08/03/2023 05:50:00 PM,MACARTHUR BLVD,NA,SAME DIR REAR END,Rain,WET,Daylight,NO CONTROLS,NONE DETECTED,No,Possible Minor Injury,"N/A, WET",NOT DISTRACTED,MD,PASSENGER CAR,LEAVING TRAFFIC LANE,30,No,2009,BMW,328I,38.98214,-77.22577667,2023,8,17
230047676,Property Damage Crash,08/03/2023 05:50:00 PM,BROADBIRCH DR,NA,SAME DIR REAR END,Rain,WET,Daylight,NO CONTROLS,NONE DETECTED,Yes,No Apparent Injury,"N/A, WET",OTHER DISTRACTION,MD,PASSENGER CAR,ACCELERATING,30,No,2007,ACUR,TL,39.05813483,-76.955389,2023,8,17
230047676,Property Damage Crash,08/03/2023 05:50:00 PM,BROADBIRCH DR,NA,SAME DIR REAR END,Rain,WET,Daylight,NO CONTROLS,NONE DETECTED,No,No Apparent Injury,"N/A, WET",NOT DISTRACTED,MD,PASSENGER CAR,STOPPED IN TRAFFIC LANE,30,No,2022,TOYOTA,COROLLA,39.05813483,-76.955389,2023,8,17
230047673,Injury Crash,08/03/2023 05:50:00 PM,MACARTHUR BLVD,NA,SAME DIR REAR END,Rain,WET,Daylight,NO CONTROLS,NONE DETECTED,No,Possible Minor Injury,"N/A, WET",NOT DISTRACTED,MD,PASSENGER CAR,MOVING CONSTANT SPEED,30,No,2018,HONDA,ACCORD,38.98214,-77.22577667,2023,8,17
230047658,Property Damage Crash,08/03/2023 04:07:00 PM,CONTOUR RD,NA,SAME DIR REAR END,Rain,WET,Daylight,TRAFFIC SIGNAL,NONE DETECTED,No,No Apparent Injury,"N/A, RAIN, SNOW",NOT DISTRACTED,MD,PASSENGER CAR,STOPPED IN TRAFFIC LANE,35,No,2015,CHEVY,EQUINOX,39.15261833,-77.1941,2023,8,16
230047658,Property Damage Crash,08/03/2023 04:07:00 PM,CONTOUR RD,NA,SAME DIR REAR END,Rain,WET,Daylight,TRAFFIC SIGNAL,NONE DETECTED,Yes,No Apparent Injury,"N/A, RAIN, SNOW",UNKNOWN,MD,PASSENGER CAR,ACCELERATING,35,No,2013,HYUNDAI,ELANTRA,39.15261833,-77.1941,2023,8,16
230047653,Injury Crash,08/03/2023 03:40:00 PM,MUDDY BRANCH RD,NA,STRAIGHT MOVEMENT ANGLE,Cloudy,DRY,Daylight,TRAFFIC SIGNAL,NONE DETECTED,Yes,No Apparent Injury,N/A,NOT DISTRACTED,MD,(SPORT) UTILITY VEHICLE,MAKING LEFT TURN,35,No,2008,HOND,TK,39.12728747,-77.20937108,2023,8,15
230047653,Injury Crash,08/03/2023 03:40:00 PM,MUDDY BRANCH RD,NA,STRAIGHT MOVEMENT ANGLE,Cloudy,DRY,Daylight,TRAFFIC SIGNAL,NONE DETECTED,No,No Apparent Injury,N/A,NOT DISTRACTED,MD,STATION WAGON,MOVING CONSTANT SPEED,35,No,2017,TOYT,TK,39.12728747,-77.20937108,2023,8,15
230047637,Property Damage Crash,08/03/2023 01:30:00 PM,LAYHILL RD,NA,HEAD ON LEFT TURN,Cloudy,DRY,Daylight,TRAFFIC SIGNAL,NONE DETECTED,Yes,No Apparent Injury,N/A,LOOKED BUT DID NOT SEE,MD,PASSENGER CAR,MAKING LEFT TURN,40,No,2012,FORD,SD,39.09063849,-77.04476115,2023,8,13
230047637,Property Damage Crash,08/03/2023 01:30:00 PM,LAYHILL RD,NA,HEAD ON LEFT TURN,Cloudy,DRY,Daylight,TRAFFIC SIGNAL,NONE DETECTED,No,No Apparent Injury,N/A,NOT DISTRACTED,MD,PASSENGER CAR,MOVING CONSTANT SPEED,40,No,2022,NISSAN,ALTIMA,39.09063849,-77.04476115,2023,8,13
230032042,Property Damage Crash,08/03/2023 01:13:00 PM,NA,NA,OTHER,Clear,NA,Daylight,N/A,NONE DETECTED,No,No Apparent Injury,N/A,NOT DISTRACTED,VA,PASSENGER CAR,PARKED,10,No,2003,MERZ,4D,39.1700851,-77.19439708,2023,8,13
230032042,Property Damage Crash,08/03/2023 01:13:00 PM,NA,NA,OTHER,Clear,NA,Daylight,N/A,NONE DETECTED,Yes,No Apparent Injury,N/A,NOT DISTRACTED,MD,"CARGO VAN/LIGHT TRUCK 2 AXLES (OVER 10,000LBS (4,536 KG))",BACKING,10,No,2020,FORD,TRUCK,39.1700851,-77.19439708,2023,8,13
230047607,Property Damage Crash,08/03/2023 11:44:00 AM,FALLING CREEK RD,NA,STRAIGHT MOVEMENT ANGLE,Clear,DRY,Daylight,STOP SIGN,NONE DETECTED,No,No Apparent Injury,N/A,NOT DISTRACTED,MD,PASSENGER CAR,MOVING CONSTANT SPEED,10,No,2009,HONDA,CIVIC,39.07323717,-76.9635115,2023,8,11
230047607,Property Damage Crash,08/03/2023 11:44:00 AM,FALLING CREEK RD,NA,STRAIGHT MOVEMENT ANGLE,Clear,DRY,Daylight,STOP SIGN,NONE DETECTED,Yes,No Apparent Injury,N/A,LOOKED BUT DID NOT SEE,MD,PASSENGER CAR,MOVING CONSTANT SPEED,10,No,2018,TOYOTA,COROLLA,39.07323717,-76.9635115,2023,8,11
230047688,Injury Crash,08/03/2023 11:30:00 AM,RANDOLPH RD,PEDESTRIAN,UNKNOWN,Cloudy,DRY,Daylight,UNKNOWN,NONE DETECTED,Unknown,No Apparent Injury,N/A,UNKNOWN,NA,NA,UNKNOWN,35,Unknown,0,UNKNOWN,UNKNOWN,39.05617734,-77.08262173,2023,8,11
230047606,Property Damage Crash,08/03/2023 11:25:00 AM,DUVALL LA,NA,SAME DIRECTION LEFT TURN,Clear,DRY,Daylight,STOP SIGN,NONE DETECTED,Yes,No Apparent Injury,N/A,UNKNOWN,NA,UNKNOWN,MOVING CONSTANT SPEED,25,No,0,UNKNOWN,UNKNOWN,39.12923107,-77.20083195,2023,8,11
230047606,Property Damage Crash,08/03/2023 11:25:00 AM,DUVALL LA,NA,SAME DIRECTION LEFT TURN,Clear,DRY,Daylight,STOP SIGN,NONE DETECTED,No,No Apparent Injury,N/A,NOT DISTRACTED,MD,TRANSIT BUS,STOPPED IN TRAFFIC LANE,25,No,2017,GILG,BU,39.12923107,-77.20083195,2023,8,11
230047717,Property Damage Crash,08/03/2023 10:35:00 AM,COLESVILLE RD,NA,SAME DIRECTION SIDESWIPE,Rain,WET,Medium,TRAFFIC SIGNAL,NONE DETECTED,Yes,No Apparent Injury,"RAIN, SNOW, WET",UNKNOWN,PA,"MEDIUM/HEAVY TRUCKS 3 AXLES (OVER 10,000LBS (4,536KG))",ACCELERATING,30,No,2017,FRT,TR,38.99802133,-77.026836,2023,8,10
230047717,Property Damage Crash,08/03/2023 10:35:00 AM,COLESVILLE RD,NA,SAME DIRECTION SIDESWIPE,Rain,WET,Medium,TRAFFIC SIGNAL,NONE DETECTED,No,No Apparent Injury,"RAIN, SNOW, WET",NOT DISTRACTED,MD,TRANSIT BUS,ACCELERATING,30,No,2008,GILL,BU,38.99802133,-77.026836,2023,8,10
230047596,Injury Crash,08/03/2023 10:34:00 AM,FREDERICK RD,PEDESTRIAN,STRAIGHT MOVEMENT ANGLE,Clear,DRY,Daylight,NO CONTROLS,NONE DETECTED,Yes,No Apparent Injury,N/A,UNKNOWN,NA,NA,MOVING CONSTANT SPEED,40,No,0,UNKNOWN,UNKNOWN,39.190056,-77.24168117,2023,8,10
230047706,Injury Crash,08/03/2023 08:56:00 AM,RIVER RD,NA,SINGLE VEHICLE,Clear,DRY,Dark,TRAFFIC SIGNAL,NONE DETECTED,Yes,Possible Minor Injury,N/A,UNKNOWN,VA,PASSENGER CAR,ACCELERATING,40,No,1992,FORD,TAURUS,39.00198833,-77.18061167,2023,8,8
230047578,Injury Crash,08/03/2023 08:34:00 AM,STEEPLE RD,NA,OTHER,Clear,DRY,Daylight,NO CONTROLS,NONE DETECTED,Yes,Possible Minor Injury,N/A,NOT DISTRACTED,MD,PASSENGER CAR,MOVING CONSTANT SPEED,30,No,2010,INFI,G37X,39.173255,-77.29568333,2023,8,8
230047574,Property Damage Crash,08/03/2023 07:53:00 AM,QUINCE ORCHARD RD,NA,SAME DIR REAR END,Clear,DRY,Daylight,NO CONTROLS,NONE DETECTED,No,No Apparent Injury,N/A,NOT DISTRACTED,MD,POLICE VEHICLE/EMERGENCY,SLOWING OR STOPPING,35,No,2018,CHEV,UT,39.15074917,-77.21439583,2023,8,7
230047574,Property Damage Crash,08/03/2023 07:53:00 AM,QUINCE ORCHARD RD,NA,SAME DIR REAR END,Clear,DRY,Daylight,NO CONTROLS,NONE DETECTED,Yes,No Apparent Injury,N/A,NOT DISTRACTED,MD,PASSENGER CAR,SLOWING OR STOPPING,35,No,2013,FORD,4S,39.15074917,-77.21439583,2023,8,7
230047574,Property Damage Crash,08/03/2023 07:53:00 AM,QUINCE ORCHARD RD,NA,SAME DIR REAR END,Clear,DRY,Daylight,NO CONTROLS,NONE DETECTED,No,No Apparent Injury,N/A,NOT DISTRACTED,MD,PASSENGER CAR,SLOWING OR STOPPING,35,No,2022,NISS,HB,39.15074917,-77.21439583,2023,8,7
230047571,Injury Crash,08/03/2023 07:43:00 AM,MONTROSE RD,NA,HEAD ON,Clear,DRY,Daylight,N/A,NONE DETECTED,No,No Apparent Injury,N/A,NOT DISTRACTED,MD,PICKUP TRUCK,MOVING CONSTANT SPEED,35,No,2000,CHEV,TK,39.05706167,-77.15817,2023,8,7
230047571,Injury Crash,08/03/2023 07:43:00 AM,MONTROSE RD,NA,HEAD ON,Clear,DRY,Daylight,N/A,NONE DETECTED,No,Possible Minor Injury,N/A,NOT DISTRACTED,MD,PASSENGER CAR,MOVING CONSTANT SPEED,35,No,2023,GENS,UT,39.05706167,-77.15817,2023,8,7
230047571,Injury Crash,08/03/2023 07:43:00 AM,MONTROSE RD,NA,HEAD ON,Clear,DRY,Daylight,N/A,NONE DETECTED,Yes,Possible Minor Injury,N/A,UNKNOWN,MD,PASSENGER CAR,UNKNOWN,35,No,2007,HOND,ACCORD,39.05706167,-77.15817,2023,8,7
230047570,Property Damage Crash,08/03/2023 07:32:00 AM,NA,NA,STRAIGHT MOVEMENT ANGLE,Cloudy,NA,Daylight,NO CONTROLS,NONE DETECTED,No,No Apparent Injury,N/A,NOT DISTRACTED,MD,(SPORT) UTILITY VEHICLE,MOVING CONSTANT SPEED,0,No,2018,BMW,TK,39.20071833,-77.25402833,2023,8,7
230047570,Property Damage Crash,08/03/2023 07:32:00 AM,NA,NA,STRAIGHT MOVEMENT ANGLE,Cloudy,NA,Daylight,NO CONTROLS,NONE DETECTED,Yes,No Apparent Injury,N/A,LOOKED BUT DID NOT SEE,MD,"CARGO VAN/LIGHT TRUCK 2 AXLES (OVER 10,000LBS (4,536 KG))",OTHER,0,No,2020,NISSAN,NV3500,39.20071833,-77.25402833,2023,8,7
230047568,Property Damage Crash,08/03/2023 06:55:00 AM,JOHNSON DR,NA,SINGLE VEHICLE,Cloudy,DRY,Daylight,N/A,NONE DETECTED,Yes,No Apparent Injury,N/A,UNKNOWN,MD,PICKUP TRUCK,MOVING CONSTANT SPEED,35,No,2001,FORD,F250,39.28674333,-77.22658333,2023,8,6
230047563,Property Damage Crash,08/03/2023 05:46:00 AM,LONGDRAFT RD,NA,OTHER,Clear,DRY,Medium,NO CONTROLS,NONE DETECTED,No,No Apparent Injury,N/A,NOT DISTRACTED,MD,POLICE VEHICLE/NON EMERGENCY,MOVING CONSTANT SPEED,30,No,2018,FORD,TAURUS,39.13204322,-77.2447153,2023,8,5
230047562,Property Damage Crash,08/03/2023 04:54:00 AM,THOMAS LEA TERR,NA,OTHER,Clear,DRY,Medium,NO CONTROLS,NONE DETECTED,Yes,No Apparent Injury,N/A,LOOKED BUT DID NOT SEE,MD,PASSENGER CAR,BACKING,10,No,2011,TOYT,SD,39.19076988,-77.18171742,2023,8,4
230047550,Injury Crash,08/03/2023 01:00:00 AM,TILDEN LA,NA,SINGLE VEHICLE,Clear,DRY,Medium,NO CONTROLS,ALCOHOL PRESENT,Yes,Possible Minor Injury,N/A,UNKNOWN,MD,PASSENGER CAR,MOVING CONSTANT SPEED,30,No,2017,FORD,MUSTANG,39.04394333,-77.12789167,2023,8,1
230047543,Property Damage Crash,08/02/2023 11:19:00 PM,TEA ROSE DR,NA,HEAD ON,Clear,DRY,Medium,NO CONTROLS,NONE DETECTED,Yes,No Apparent Injury,N/A,UNKNOWN,NA,PASSENGER CAR,MOVING CONSTANT SPEED,25,No,2022,VOLK,UT,39.15727215,-77.17604336,2023,8,23
230047531,Property Damage Crash,08/02/2023 09:27:00 PM,PARKLAWN DR,NA,SINGLE VEHICLE,Clear,DRY,Medium,NO CONTROLS,ALCOHOL PRESENT,Yes,No Apparent Injury,N/A,UNKNOWN,FL,PASSENGER CAR,NEGOTIATING A CURVE,30,No,2018,FORD,ESCAPE,39.05673179,-77.10935363,2023,8,21
230047525,Property Damage Crash,08/02/2023 08:46:00 PM,NA,NA,OTHER,Clear,NA,Dark,N/A,NONE DETECTED,Yes,No Apparent Injury,N/A,UNKNOWN,NA,NA,STARTING FROM PARKED,5,No,0,UNKNOWN,UNKNOWN,39.05317833,-76.96273,2023,8,20
230047525,Property Damage Crash,08/02/2023 08:46:00 PM,NA,NA,OTHER,Clear,NA,Dark,N/A,NONE DETECTED,No,No Apparent Injury,N/A,NOT DISTRACTED,MD,PASSENGER CAR,PARKED,5,No,2012,CHRY,VN,39.05317833,-76.96273,2023,8,20
230047508,Injury Crash,08/02/2023 06:37:00 PM,KENTLANDS BLVD,PEDESTRIAN,OTHER,Cloudy,DRY,Daylight,STOP SIGN,NONE DETECTED,Yes,No Apparent Injury,N/A,NOT DISTRACTED,MD,PASSENGER CAR,MAKING LEFT TURN,25,No,2018,TESLA,SD,39.1232753,-77.2360439,2023,8,18
230047506,Injury Crash,08/02/2023 06:27:00 PM,HUNGERFORD DR,NA,HEAD ON LEFT TURN,Clear,DRY,Daylight,TRAFFIC SIGNAL,NONE DETECTED,No,Possible Minor Injury,N/A,NOT DISTRACTED,MD,PASSENGER CAR,MOVING CONSTANT SPEED,35,No,2017,LEXUS,ES350,39.08741667,-77.15017167,2023,8,18
230047506,Injury Crash,08/02/2023 06:27:00 PM,HUNGERFORD DR,NA,HEAD ON LEFT TURN,Clear,DRY,Daylight,TRAFFIC SIGNAL,NONE DETECTED,Yes,No Apparent Injury,N/A,NOT DISTRACTED,MD,PASSENGER CAR,MAKING LEFT TURN,35,No,2018,TOYOTA,COROLLA,39.08741667,-77.15017167,2023,8,18
230047509,Property Damage Crash,08/02/2023 06:26:00 PM,GEORGIA AVE,NA,SAME DIR REAR END,Clear,DRY,Daylight,TRAFFIC SIGNAL,NONE DETECTED,Yes,No Apparent Injury,N/A,UNKNOWN,NA,PASSENGER CAR,MOVING CONSTANT SPEED,35,No,2008,INFI,2D,39.0478,-77.0518,2023,8,18
230047509,Property Damage Crash,08/02/2023 06:26:00 PM,GEORGIA AVE,NA,SAME DIR REAR END,Clear,DRY,Daylight,TRAFFIC SIGNAL,NONE DETECTED,No,No Apparent Injury,N/A,NOT DISTRACTED,MD,PASSENGER CAR,MOVING CONSTANT SPEED,35,No,2019,HYUNDAI,TUCSON,39.0478,-77.0518,2023,8,18
230047494,Property Damage Crash,08/02/2023 05:22:00 PM,ROCKVILLE PIKE,NA,HEAD ON LEFT TURN,Clear,DRY,Daylight,NO CONTROLS,NONE DETECTED,No,No Apparent Injury,N/A,NOT DISTRACTED,MD,PASSENGER CAR,MOVING CONSTANT SPEED,35,No,2017,CHEVY,VOLT,38.98886,-77.09544333,2023,8,17
230047494,Property Damage Crash,08/02/2023 05:22:00 PM,ROCKVILLE PIKE,NA,HEAD ON LEFT TURN,Clear,DRY,Daylight,NO CONTROLS,NONE DETECTED,Yes,No Apparent Injury,N/A,LOOKED BUT DID NOT SEE,MD,PASSENGER CAR,MAKING LEFT TURN,35,No,2013,HOND,CIVIC,38.98886,-77.09544333,2023,8,17
230047493,Property Damage Crash,08/02/2023 05:12:00 PM,FALLS RD,NA,SINGLE VEHICLE,Clear,DRY,Daylight,NO CONTROLS,ALCOHOL PRESENT,Yes,No Apparent Injury,N/A,NOT DISTRACTED,MD,(SPORT) UTILITY VEHICLE,MOVING CONSTANT SPEED,30,No,2014,HONDA,CRV,39.02919938,-77.20153812,2023,8,17
230047489,Property Damage Crash,08/02/2023 04:42:00 PM,NA,NA,OTHER,Clear,NA,Daylight,NO CONTROLS,NONE DETECTED,No,No Apparent Injury,N/A,NOT DISTRACTED,MD,(SPORT) UTILITY VEHICLE,MAKING LEFT TURN,5,No,2017,HONDA,PILOT,38.97555833,-76.99300783,2023,8,16
230047489,Property Damage Crash,08/02/2023 04:42:00 PM,NA,NA,OTHER,Clear,NA,Daylight,NO CONTROLS,NONE DETECTED,Yes,No Apparent Injury,N/A,UNKNOWN,NA,(SPORT) UTILITY VEHICLE,ACCELERATING,5,No,2007,BMW,X5,38.97555833,-76.99300783,2023,8,16