Local Case Number,ACRS Report Type,Crash Date/Time,Road Name,Related Non-Motorist,Collision Type,Weather,Surface Condition,Light,Traffic Control,Driver Substance Abuse,Driver At Fault,Injury Severity,Circumstance,Driver Distracted By,Drivers License State,Vehicle Body Type,Vehicle Movement,Speed Limit,Driverless Vehicle,Vehicle Year,Vehicle Make,Vehicle Model,Latitude,Longitude,Year,Month,Hour
230047485,Property Damage Crash,08/02/2023 03:37:00 PM,VENETIAN RD,NA,SAME DIRECTION SIDESWIPE,Clear,DRY,Daylight,NO CONTROLS,NONE DETECTED,Yes,No Apparent Injury,N/A,OTHER DISTRACTION,MD,PASSENGER CAR,MOVING CONSTANT SPEED,25,No,2023,TOYOTA,CAMRY,39.0712475,-76.99828783,2023,8,15
230047476,Injury Crash,08/02/2023 03:17:00 PM,RIDGE RD,NA,SAME DIR REAR END,Cloudy,DRY,Daylight,NO CONTROLS,NONE DETECTED,No,No Apparent Injury,N/A,NOT DISTRACTED,MD,(SPORT) UTILITY VEHICLE,SLOWING OR STOPPING,40,No,2017,BUICK,ENCLAVE,39.25913167,-77.224015,2023,8,15
230047476,Injury Crash,08/02/2023 03:17:00 PM,RIDGE RD,NA,SAME DIR REAR END,Cloudy,DRY,Daylight,NO CONTROLS,NONE DETECTED,Yes,Possible Minor Injury,N/A,UNKNOWN,MD,PASSENGER CAR,SLOWING OR STOPPING,40,No,2005,PORSCHE,911,39.25913167,-77.224015,2023,8,15
230047473,Property Damage Crash,08/02/2023 03:12:00 PM,FAIRRIDGE DR,NA,OTHER,Clear,DRY,Daylight,NO CONTROLS,NONE DETECTED,Yes,No Apparent Injury,N/A,UNKNOWN,MD,PASSENGER CAR,MAKING LEFT TURN,15,No,2017,MERCEDES,E300,39.07806583,-76.96526583,2023,8,15
230047473,Property Damage Crash,08/02/2023 03:12:00 PM,FAIRRIDGE DR,NA,OTHER,Clear,DRY,Daylight,NO CONTROLS,NONE DETECTED,No,No Apparent Injury,N/A,NOT DISTRACTED,MD,PASSENGER CAR,SLOWING OR STOPPING,15,No,2019,KIA,UT,39.07806583,-76.96526583,2023,8,15
230047475,Injury Crash,08/02/2023 03:08:00 PM,MILSTEAD DR,NA,SAME DIR REAR END,Clear,DRY,Daylight,NO CONTROLS,NONE DETECTED,Yes,Possible Minor Injury,N/A,INATTENTIVE OR LOST IN THOUGHT,MD,PASSENGER CAR,PASSING,25,No,2013,TOYOTA,CAMRY,39.01083147,-77.12207309,2023,8,15
230050119,Property Damage Crash,08/02/2023 02:15:00 PM,CONNECTICUT AVE,NA,SAME DIR REAR END,Clear,DRY,Daylight,NO CONTROLS,NONE DETECTED,No,No Apparent Injury,N/A,NOT DISTRACTED,MD,PASSENGER CAR,SLOWING OR STOPPING,35,No,2000,TOYT,PK,39.02760477,-77.07651105,2023,8,14
230050119,Property Damage Crash,08/02/2023 02:15:00 PM,CONNECTICUT AVE,NA,SAME DIR REAR END,Clear,DRY,Daylight,NO CONTROLS,NONE DETECTED,Yes,No Apparent Injury,N/A,UNKNOWN,NA,PASSENGER CAR,MOVING CONSTANT SPEED,35,No,2007,MERZ,UNKNOWN,39.02760477,-77.07651105,2023,8,14
230047468,Property Damage Crash,08/02/2023 02:00:00 PM,REDLAND RD,NA,STRAIGHT MOVEMENT ANGLE,Clear,DRY,Daylight,STOP SIGN,NONE DETECTED,Yes,No Apparent Injury,N/A,LOOKED BUT DID NOT SEE,MD,PASSENGER CAR,MAKING LEFT TURN,30,No,2012,AUDI,SD,39.11932783,-77.16099667,2023,8,14
230047468,Property Damage Crash,08/02/2023 02:00:00 PM,REDLAND RD,NA,STRAIGHT MOVEMENT ANGLE,Clear,DRY,Daylight,STOP SIGN,NONE DETECTED,No,No Apparent Injury,N/A,NOT DISTRACTED,MD,PASSENGER CAR,MOVING CONSTANT SPEED,30,No,2011,TOYT,VN,39.11932783,-77.16099667,2023,8,14
230047455,Property Damage Crash,08/02/2023 12:20:00 PM,ROSSMOOR BLVD,NA,SAME DIR REAR END,Clear,DRY,Daylight,YIELD SIGN,NONE DETECTED,No,No Apparent Injury,N/A,NOT DISTRACTED,MD,PASSENGER CAR,SLOWING OR STOPPING,25,No,2015,CHEVORLET,MALIBU,39.101497,-77.0742145,2023,8,12
230047455,Property Damage Crash,08/02/2023 12:20:00 PM,ROSSMOOR BLVD,NA,SAME DIR REAR END,Clear,DRY,Daylight,YIELD SIGN,NONE DETECTED,Yes,No Apparent Injury,N/A,INATTENTIVE OR LOST IN THOUGHT,MD,PASSENGER CAR,MOVING CONSTANT SPEED,25,No,2016,HONDA,FIT,39.101497,-77.0742145,2023,8,12
230048424,Property Damage Crash,08/02/2023 10:20:00 AM,OLD GEORGETOWN RD,NA,SAME DIR REAR END,Clear,DRY,Daylight,TRAFFIC SIGNAL,NONE DETECTED,No,No Apparent Injury,N/A,NOT DISTRACTED,MD,STATION WAGON,STOPPED IN TRAFFIC LANE,35,No,2023,MERCEDES-BENZ,METRIS,39.01694217,-77.11997172,2023,8,10
230048424,Property Damage Crash,08/02/2023 10:20:00 AM,OLD GEORGETOWN RD,NA,SAME DIR REAR END,Clear,DRY,Daylight,TRAFFIC SIGNAL,NONE DETECTED,Yes,No Apparent Injury,N/A,UNKNOWN,MD,PASSENGER CAR,SLOWING OR STOPPING,35,No,2015,BMW,X1,39.01694217,-77.11997172,2023,8,10
230047438,Injury Crash,08/02/2023 10:05:00 AM,VEIRS MILL RD,NA,SAME DIR REAR END,Clear,DRY,Daylight,NO CONTROLS,NONE DETECTED,No,Possible Minor Injury,N/A,NOT DISTRACTED,MD,PASSENGER CAR,STOPPED IN TRAFFIC LANE,35,No,2023,KIA,SORENTO,39.07959817,-77.13663148,2023,8,10
230047438,Injury Crash,08/02/2023 10:05:00 AM,VEIRS MILL RD,NA,SAME DIR REAR END,Clear,DRY,Daylight,NO CONTROLS,NONE DETECTED,Yes,No Apparent Injury,N/A,NOT DISTRACTED,MD,PASSENGER CAR,MOVING CONSTANT SPEED,35,No,2003,TOYOTA,SOLARA,39.07959817,-77.13663148,2023,8,10
230047434,Injury Crash,08/02/2023 09:35:00 AM,TUCKERMAN LA,NA,STRAIGHT MOVEMENT ANGLE,Clear,DRY,Daylight,NO CONTROLS,NONE DETECTED,No,Possible Minor Injury,N/A,NOT DISTRACTED,MD,PASSENGER CAR,MOVING CONSTANT SPEED,35,No,2015,HONDA,SD,39.02995462,-77.10675302,2023,8,9
230047434,Injury Crash,08/02/2023 09:35:00 AM,TUCKERMAN LA,NA,STRAIGHT MOVEMENT ANGLE,Clear,DRY,Daylight,NO CONTROLS,NONE DETECTED,Yes,Possible Minor Injury,N/A,INATTENTIVE OR LOST IN THOUGHT,MD,PASSENGER CAR,ENTERING TRAFFIC LANE,10,No,2010,TOYOTA,4S,39.02995462,-77.10675302,2023,8,9
230047422,Injury Crash,08/02/2023 08:04:00 AM,LAYTONSVILLE RD,NA,ANGLE MEETS LEFT TURN,Clear,DRY,Daylight,STOP SIGN,NONE DETECTED,Yes,No Apparent Injury,N/A,LOOKED BUT DID NOT SEE,MD,VAN,MAKING LEFT TURN,30,No,2003,CHEV,VN,39.25462167,-77.14320667,2023,8,8
230047422,Injury Crash,08/02/2023 08:04:00 AM,LAYTONSVILLE RD,NA,ANGLE MEETS LEFT TURN,Clear,DRY,Daylight,STOP SIGN,NONE DETECTED,No,Possible Minor Injury,N/A,NOT DISTRACTED,MD,MOTORCYCLE,MOVING CONSTANT SPEED,40,No,2008,HARLEY DAVIDSON,STREET GLIDE,39.25462167,-77.14320667,2023,8,8
230047420,Property Damage Crash,08/02/2023 07:52:00 AM,NEW HAMPSHIRE AVE,NA,SAME DIR REAR END,Clear,DRY,Daylight,TRAFFIC SIGNAL,NONE DETECTED,Yes,No Apparent Injury,N/A,NOT DISTRACTED,MD,PASSENGER CAR,SLOWING OR STOPPING,30,No,2019,KIA,OPTIMA,39.04029167,-76.990842,2023,8,7
230047420,Property Damage Crash,08/02/2023 07:52:00 AM,NEW HAMPSHIRE AVE,NA,SAME DIR REAR END,Clear,DRY,Daylight,TRAFFIC SIGNAL,NONE DETECTED,No,No Apparent Injury,N/A,NOT DISTRACTED,MD,PASSENGER CAR,SLOWING OR STOPPING,30,No,2019,HONDA,CLARITY,39.04029167,-76.990842,2023,8,7
230047420,Property Damage Crash,08/02/2023 07:52:00 AM,NEW HAMPSHIRE AVE,NA,SAME DIR REAR END,Clear,DRY,Daylight,TRAFFIC SIGNAL,NONE DETECTED,No,No Apparent Injury,N/A,NOT DISTRACTED,MD,PASSENGER CAR,STOPPED IN TRAFFIC LANE,30,No,2018,NISSAN,SENTRA,39.04029167,-76.990842,2023,8,7
230047413,Injury Crash,08/02/2023 06:47:00 AM,PARKLAWN DR,NA,SAME DIR REAR END,Clear,DRY,Daylight,NO CONTROLS,NONE DETECTED,Yes,No Apparent Injury,N/A,LOOKED BUT DID NOT SEE,DC,PASSENGER CAR,MOVING CONSTANT SPEED,25,No,2019,BMW,X1,39.05285485,-77.10668741,2023,8,6
230047413,Injury Crash,08/02/2023 06:47:00 AM,PARKLAWN DR,NA,SAME DIR REAR END,Clear,DRY,Daylight,NO CONTROLS,NONE DETECTED,No,Possible Minor Injury,N/A,NOT DISTRACTED,MD,PASSENGER CAR,SLOWING OR STOPPING,25,No,2019,TOYOTA,COROLLA,39.05285485,-77.10668741,2023,8,6
230047373,Property Damage Crash,08/01/2023 08:09:00 PM,WARING STATION RD,NA,HEAD ON LEFT TURN,Clear,DRY,Daylight,STOP SIGN,NONE DETECTED,Yes,No Apparent Injury,N/A,LOOKED BUT DID NOT SEE,MD,PASSENGER CAR,ACCELERATING,30,No,2018,TOYOTA,RAV 4,39.16992667,-77.24923,2023,8,20
230047373,Property Damage Crash,08/01/2023 08:09:00 PM,WARING STATION RD,NA,HEAD ON LEFT TURN,Clear,DRY,Daylight,STOP SIGN,NONE DETECTED,No,No Apparent Injury,N/A,NOT DISTRACTED,MD,PASSENGER CAR,MOVING CONSTANT SPEED,30,No,2018,LEXUS,IS350,39.16992667,-77.24923,2023,8,20
230047367,Property Damage Crash,08/01/2023 07:43:00 PM,RUSSELL AVE,NA,SAME DIR REAR END,Clear,DRY,Daylight,TRAFFIC SIGNAL,NONE DETECTED,No,No Apparent Injury,N/A,NOT DISTRACTED,MD,PASSENGER CAR,STOPPED IN TRAFFIC LANE,35,No,2015,MAZD,UT,39.15092167,-77.20496833,2023,8,19
230047367,Property Damage Crash,08/01/2023 07:43:00 PM,RUSSELL AVE,NA,SAME DIR REAR END,Clear,DRY,Daylight,TRAFFIC SIGNAL,NONE DETECTED,Yes,No Apparent Injury,N/A,NOT DISTRACTED,MD,PASSENGER CAR,ACCELERATING,35,No,2013,FORD,EXPLORER,39.15092167,-77.20496833,2023,8,19
230047369,Property Damage Crash,08/01/2023 07:18:00 PM,BARNESVILLE RD,NA,SINGLE VEHICLE,Clear,DRY,Medium,N/A,NONE DETECTED,Yes,No Apparent Injury,N/A,NOT DISTRACTED,MD,PASSENGER CAR,MOVING CONSTANT SPEED,40,No,2015,FORD,MUSTANG,39.22302583,-77.3900235,2023,8,19
230047364,Property Damage Crash,08/01/2023 07:03:00 PM,PINE AVE,NA,SAME DIRECTION SIDESWIPE,Clear,DRY,Daylight,N/A,NONE DETECTED,Yes,No Apparent Injury,N/A,UNKNOWN,DC,PASSENGER CAR,PASSING,25,No,2018,MAZDA,CX-5,38.97504536,-77.00893268,2023,8,19
230047348,Property Damage Crash,08/01/2023 04:46:00 PM,GEORGIA AVE,NA,SAME DIRECTION SIDESWIPE,Clear,DRY,Daylight,NO CONTROLS,NONE DETECTED,Yes,No Apparent Injury,N/A,UNKNOWN,DC,PASSENGER CAR,CHANGING LANES,30,No,2009,FORD,ESCAPE,39.01839333,-77.04345167,2023,8,16
230047348,Property Damage Crash,08/01/2023 04:46:00 PM,GEORGIA AVE,NA,SAME DIRECTION SIDESWIPE,Clear,DRY,Daylight,NO CONTROLS,NONE DETECTED,No,No Apparent Injury,N/A,NOT DISTRACTED,MD,PASSENGER CAR,MOVING CONSTANT SPEED,30,No,2024,SUBARU,CROSSTREK,39.01839333,-77.04345167,2023,8,16
230047346,Property Damage Crash,08/01/2023 04:29:00 PM,COLUMBIA PIKE,NA,STRAIGHT MOVEMENT ANGLE,Clear,DRY,Daylight,TRAFFIC SIGNAL,NONE DETECTED,Yes,No Apparent Injury,N/A,UNKNOWN,NA,NA,MOVING CONSTANT SPEED,50,No,0,UNKNOWN,UNKNOWN,39.07321285,-76.95565873,2023,8,16
230047346,Property Damage Crash,08/01/2023 04:29:00 PM,COLUMBIA PIKE,NA,STRAIGHT MOVEMENT ANGLE,Clear,DRY,Daylight,TRAFFIC SIGNAL,NONE DETECTED,No,No Apparent Injury,N/A,NOT DISTRACTED,MD,PICKUP TRUCK,ACCELERATING,50,No,2023,CHRYSLER,GLADIATOR,39.07321285,-76.95565873,2023,8,16
230047325,Property Damage Crash,08/01/2023 03:15:00 PM,MIDCOUNTY HWY,NA,SAME DIR REAR END,Clear,DRY,Daylight,TRAFFIC SIGNAL,NONE DETECTED,No,No Apparent Injury,N/A,NOT DISTRACTED,MD,(SPORT) UTILITY VEHICLE,STOPPED IN TRAFFIC LANE,50,No,2006,NISS,UT,39.15084183,-77.17476683,2023,8,15
230047325,Property Damage Crash,08/01/2023 03:15:00 PM,MIDCOUNTY HWY,NA,SAME DIR REAR END,Clear,DRY,Daylight,TRAFFIC SIGNAL,NONE DETECTED,Yes,No Apparent Injury,N/A,NOT DISTRACTED,MD,(SPORT) UTILITY VEHICLE,SLOWING OR STOPPING,50,No,2018,JEEP,GRAND CHAROKEE,39.15084183,-77.17476683,2023,8,15
230047322,Property Damage Crash,08/01/2023 03:07:00 PM,FAIRLAND RD,NA,STRAIGHT MOVEMENT ANGLE,Clear,DRY,Daylight,TRAFFIC SIGNAL,NONE DETECTED,Yes,No Apparent Injury,N/A,UNKNOWN,MD,PASSENGER CAR,MOVING CONSTANT SPEED,30,No,2015,BMW,328XI,39.07802833,-76.97919333,2023,8,15
230047322,Property Damage Crash,08/01/2023 03:07:00 PM,FAIRLAND RD,NA,STRAIGHT MOVEMENT ANGLE,Clear,DRY,Daylight,TRAFFIC SIGNAL,NONE DETECTED,No,No Apparent Injury,N/A,NOT DISTRACTED,MD,PASSENGER CAR,MAKING LEFT TURN,30,No,2007,MERC,4S,39.07802833,-76.97919333,2023,8,15
230047312,Injury Crash,08/01/2023 02:48:00 PM,WELLER RD,NA,STRAIGHT MOVEMENT ANGLE,Cloudy,DRY,Daylight,STOP SIGN,NONE DETECTED,No,Possible Minor Injury,N/A,NOT DISTRACTED,MD,PASSENGER CAR,MOVING CONSTANT SPEED,25,No,2012,DODGE,GRAND CARAVAN,39.06521833,-77.06462,2023,8,14
230047312,Injury Crash,08/01/2023 02:48:00 PM,WELLER RD,NA,STRAIGHT MOVEMENT ANGLE,Cloudy,DRY,Daylight,STOP SIGN,NONE DETECTED,Yes,No Apparent Injury,N/A,LOOKED BUT DID NOT SEE,MD,PASSENGER CAR,STARTING FROM LANE,25,No,2018,BMW,43OI,39.06521833,-77.06462,2023,8,14
230047313,Injury Crash,08/01/2023 02:46:00 PM,TARA RD,NA,SINGLE VEHICLE,Clear,DRY,Daylight,NO CONTROLS,NONE DETECTED,Yes,Possible Minor Injury,N/A,TALKING OR LISTENING TO CELLULAR PHONE,MD,(SPORT) UTILITY VEHICLE,MOVING CONSTANT SPEED,25,No,2014,BMW,X5,39.03844,-77.22734167,2023,8,14
230047302,Property Damage Crash,08/01/2023 02:17:00 PM,NA,NA,SINGLE VEHICLE,Clear,NA,Daylight,N/A,NONE DETECTED,Yes,No Apparent Injury,N/A,NOT DISTRACTED,MD,POLICE VEHICLE/NON EMERGENCY,BACKING,0,No,2017,FORD,TAURUS,38.991965,-77.09805,2023,8,14
230047281,Property Damage Crash,08/01/2023 12:30:00 PM,KIRKLYNN AVE,NA,SAME DIRECTION SIDESWIPE,Clear,DRY,Daylight,NO CONTROLS,NONE DETECTED,Yes,No Apparent Injury,N/A,UNKNOWN,NA,PASSENGER CAR,MOVING CONSTANT SPEED,25,No,2016,TOYOTA,RAV-4,38.98802196,-76.98874838,2023,8,12
230047281,Property Damage Crash,08/01/2023 12:30:00 PM,KIRKLYNN AVE,NA,SAME DIRECTION SIDESWIPE,Clear,DRY,Daylight,NO CONTROLS,NONE DETECTED,No,No Apparent Injury,N/A,NOT DISTRACTED,MD,PASSENGER CAR,MOVING CONSTANT SPEED,25,No,2006,ACURA,MDX,38.98802196,-76.98874838,2023,8,12
230047418,Property Damage Crash,08/01/2023 12:00:00 PM,NA,MACHINE OPERATOR/RIDER,SINGLE VEHICLE,Clear,NA,Daylight,NO CONTROLS,NONE DETECTED,Yes,No Apparent Injury,N/A,LOOKED BUT DID NOT SEE,MI,PASSENGER CAR,MOVING CONSTANT SPEED,10,No,2015,HONDA,SW,38.975765,-77.014213,2023,8,12
230047334,Property Damage Crash,08/01/2023 12:00:00 PM,SCHOOL DR,NA,SAME DIR REAR END,Clear,DRY,Daylight,NO CONTROLS,NONE DETECTED,Yes,No Apparent Injury,N/A,LOOKED BUT DID NOT SEE,NA,PASSENGER CAR,PARKING,25,No,2012,ACURA,4DR,39.11936975,-77.21264218,2023,8,12
230047264,Injury Crash,08/01/2023 10:58:00 AM,FREDERICK RD,NA,SAME DIRECTION SIDESWIPE,Clear,DRY,Daylight,TRAFFIC SIGNAL,NONE DETECTED,No,No Apparent Injury,"N/A, ROAD UNDER CONSTRUCTION/MAINTENANCE",NOT DISTRACTED,MD,"MEDIUM/HEAVY TRUCKS 3 AXLES (OVER 10,000LBS (4,536KG))",STOPPED IN TRAFFIC LANE,40,No,2015,MACK,MIXER,39.19272417,-77.24295417,2023,8,10
230047264,Injury Crash,08/01/2023 10:58:00 AM,FREDERICK RD,NA,SAME DIRECTION SIDESWIPE,Clear,DRY,Daylight,TRAFFIC SIGNAL,NONE DETECTED,Yes,Possible Minor Injury,"N/A, ROAD UNDER CONSTRUCTION/MAINTENANCE",UNKNOWN,MD,PASSENGER CAR,CHANGING LANES,40,No,2010,MAZDA,3,39.19272417,-77.24295417,2023,8,10
230047264,Injury Crash,08/01/2023 10:58:00 AM,FREDERICK RD,NA,SAME DIRECTION SIDESWIPE,Clear,DRY,Daylight,TRAFFIC SIGNAL,NONE DETECTED,No,No Apparent Injury,"N/A, ROAD UNDER CONSTRUCTION/MAINTENANCE",NOT DISTRACTED,MD,PASSENGER CAR,MOVING CONSTANT SPEED,40,No,2017,HONDA,CRV,39.19272417,-77.24295417,2023,8,10
230047235,Injury Crash,08/01/2023 07:23:00 AM,OLD GEORGETOWN RD,NA,HEAD ON LEFT TURN,Clear,DRY,Daylight,TRAFFIC SIGNAL,NONE DETECTED,Unknown,Possible Minor Injury,N/A,UNKNOWN,MD,VAN,MAKING LEFT TURN,35,No,2022,CHRYSLER,VOYAGER,39.03120133,-77.12646267,2023,8,7
230047235,Injury Crash,08/01/2023 07:23:00 AM,OLD GEORGETOWN RD,NA,HEAD ON LEFT TURN,Clear,DRY,Daylight,TRAFFIC SIGNAL,NONE DETECTED,Unknown,Possible Minor Injury,N/A,UNKNOWN,MD,PASSENGER CAR,MOVING CONSTANT SPEED,35,No,2020,HONDA,HR-V,39.03120133,-77.12646267,2023,8,7
230047219,Property Damage Crash,07/31/2023 11:53:00 PM,W DIAMOND AVE,NA,STRAIGHT MOVEMENT ANGLE,Clear,DRY,Medium,TRAFFIC SIGNAL,NONE DETECTED,No,No Apparent Injury,N/A,NOT DISTRACTED,MD,PASSENGER CAR,MOVING CONSTANT SPEED,25,No,2002,TOYOTA,CAMRY,39.14010594,-77.20481713,2023,7,23
230047219,Property Damage Crash,07/31/2023 11:53:00 PM,W DIAMOND AVE,NA,STRAIGHT MOVEMENT ANGLE,Clear,DRY,Medium,TRAFFIC SIGNAL,NONE DETECTED,Yes,No Apparent Injury,N/A,UNKNOWN,MD,PASSENGER CAR,MOVING CONSTANT SPEED,35,No,2022,CHEVROLET,TRAILBLAZER,39.14010594,-77.20481713,2023,7,23
230047209,Property Damage Crash,07/31/2023 09:11:00 PM,BRIGHTON CT,NA,OPPOSITE DIRECTION SIDESWIPE,Clear,DRY,Medium,STOP SIGN,NONE DETECTED,No,No Apparent Injury,N/A,NOT DISTRACTED,MD,PASSENGER CAR,STOPPED IN TRAFFIC LANE,10,No,2008,TOYT,4S,39.12296525,-77.24824337,2023,7,21
230047209,Property Damage Crash,07/31/2023 09:11:00 PM,BRIGHTON CT,NA,OPPOSITE DIRECTION SIDESWIPE,Clear,DRY,Medium,STOP SIGN,NONE DETECTED,Yes,No Apparent Injury,N/A,NOT DISTRACTED,NA,PASSENGER CAR,MAKING RIGHT TURN,10,No,2017,VOLK,JETTA,39.12296525,-77.24824337,2023,7,21
230047195,Injury Crash,07/31/2023 08:13:00 PM,SHADY GROVE RD,NA,STRAIGHT MOVEMENT ANGLE,Clear,N/A,Daylight,TRAFFIC SIGNAL,NONE DETECTED,Unknown,Possible Minor Injury,N/A,NOT DISTRACTED,MD,PASSENGER CAR,MOVING CONSTANT SPEED,40,No,2017,HONDA,ACCORD,39.107395,-77.18874667,2023,7,20
230047195,Injury Crash,07/31/2023 08:13:00 PM,SHADY GROVE RD,NA,STRAIGHT MOVEMENT ANGLE,Clear,N/A,Daylight,TRAFFIC SIGNAL,NONE DETECTED,Unknown,Possible Minor Injury,N/A,NOT DISTRACTED,MD,PASSENGER CAR,MOVING CONSTANT SPEED,40,No,2023,HYUNDAI,TUCSON,39.107395,-77.18874667,2023,7,20
230047197,Injury Crash,07/31/2023 05:44:00 PM,CHEYENNE RD,BICYCLIST,STRAIGHT MOVEMENT ANGLE,Clear,DRY,Daylight,NO CONTROLS,NONE DETECTED,Yes,No Apparent Injury,N/A,LOOKED BUT DID NOT SEE,NA,NA,MOVING CONSTANT SPEED,25,No,0,UNKNOWN,UNKNOWN,39.12487064,-77.24742854,2023,7,17
230047150,Injury Crash,07/31/2023 04:10:00 PM,S WESTLAND DR,NA,OTHER,Clear,DRY,Daylight,NO CONTROLS,NONE DETECTED,Yes,Possible Minor Injury,N/A,NOT DISTRACTED,MD,PASSENGER CAR,MOVING CONSTANT SPEED,25,No,2016,NISS,MAXIMA,39.12853942,-77.18004961,2023,7,16
230047156,Property Damage Crash,07/31/2023 03:40:00 PM,ASPEN HILL RD,NA,STRAIGHT MOVEMENT ANGLE,Clear,DRY,Daylight,NO CONTROLS,NONE DETECTED,No,No Apparent Injury,N/A,NOT DISTRACTED,MD,PASSENGER CAR,STOPPED IN TRAFFIC LANE,35,No,2005,TOYOTA,CAMRY,39.0802559,-77.08164224,2023,7,15
230047156,Property Damage Crash,07/31/2023 03:40:00 PM,ASPEN HILL RD,NA,STRAIGHT MOVEMENT ANGLE,Clear,DRY,Daylight,NO CONTROLS,NONE DETECTED,Yes,No Apparent Injury,N/A,LOOKED BUT DID NOT SEE,MD,PASSENGER CAR,MAKING LEFT TURN,35,No,2009,ACURA,TSX,39.0802559,-77.08164224,2023,7,15
230047147,Property Damage Crash,07/31/2023 03:36:00 PM,NA,NA,OTHER,Clear,NA,Daylight,NO CONTROLS,NONE DETECTED,Yes,No Apparent Injury,N/A,UNKNOWN,MD,(SPORT) UTILITY VEHICLE,BACKING,0,No,2015,GMC,TERRAIN,39.14025158,-77.22522522,2023,7,15
230047147,Property Damage Crash,07/31/2023 03:36:00 PM,NA,NA,OTHER,Clear,NA,Daylight,NO CONTROLS,NONE DETECTED,No,No Apparent Injury,N/A,NOT DISTRACTED,DC,PASSENGER CAR,PARKED,0,No,2020,TOYT,SD,39.14025158,-77.22522522,2023,7,15
230047135,Injury Crash,07/31/2023 02:24:00 PM,GEORGIA AVE,NA,SAME DIR REAR END,Clear,DRY,Daylight,TRAFFIC SIGNAL,NONE DETECTED,No,Possible Minor Injury,N/A,NOT DISTRACTED,MD,PASSENGER CAR,MAKING RIGHT TURN,35,No,2003,HONDA,ACCORD,39.07214717,-77.06525417,2023,7,14
230047135,Injury Crash,07/31/2023 02:24:00 PM,GEORGIA AVE,NA,SAME DIR REAR END,Clear,DRY,Daylight,TRAFFIC SIGNAL,NONE DETECTED,Yes,No Apparent Injury,N/A,LOOKED BUT DID NOT SEE,MD,"CARGO VAN/LIGHT TRUCK 2 AXLES (OVER 10,000LBS (4,536 KG))",MOVING CONSTANT SPEED,35,No,2005,FREIGHT,TRUCK,39.07214717,-77.06525417,2023,7,14
230047131,Injury Crash,07/31/2023 02:09:00 PM,COLUMBIA PIKE,NA,STRAIGHT MOVEMENT ANGLE,Clear,DRY,Daylight,TRAFFIC SIGNAL,NONE DETECTED,Yes,No Apparent Injury,N/A,INATTENTIVE OR LOST IN THOUGHT,MD,PASSENGER CAR,MOVING CONSTANT SPEED,35,No,2023,HOND,SD,39.03969717,-76.99835067,2023,7,14
230047131,Injury Crash,07/31/2023 02:09:00 PM,COLUMBIA PIKE,NA,STRAIGHT MOVEMENT ANGLE,Clear,DRY,Daylight,TRAFFIC SIGNAL,NONE DETECTED,No,Possible Minor Injury,N/A,NOT DISTRACTED,MD,(SPORT) UTILITY VEHICLE,MAKING LEFT TURN,25,No,2017,HONDA,RIDGELINE,39.03969717,-76.99835067,2023,7,14
230047133,Injury Crash,07/31/2023 02:04:00 PM,FREDERICK RD,NA,HEAD ON LEFT TURN,Clear,DRY,Daylight,TRAFFIC SIGNAL,NONE DETECTED,No,Possible Minor Injury,N/A,NOT DISTRACTED,MD,PASSENGER CAR,MOVING CONSTANT SPEED,40,No,2013,NISSAN,SENTRA,39.19832,-77.24472,2023,7,14
230047133,Injury Crash,07/31/2023 02:04:00 PM,FREDERICK RD,NA,HEAD ON LEFT TURN,Clear,DRY,Daylight,TRAFFIC SIGNAL,NONE DETECTED,Yes,Possible Minor Injury,N/A,LOOKED BUT DID NOT SEE,MD,PASSENGER CAR,MAKING LEFT TURN,40,No,2007,NISS,SD,39.19832,-77.24472,2023,7,14
230047128,Property Damage Crash,07/31/2023 01:35:00 PM,GEORGIA AVE,NA,STRAIGHT MOVEMENT ANGLE,Clear,DRY,Daylight,TRAFFIC SIGNAL,NONE DETECTED,No,No Apparent Injury,N/A,NOT DISTRACTED,DC,PASSENGER CAR,MOVING CONSTANT SPEED,35,No,2022,TOYOTA,SIENNA,38.99320167,-77.026845,2023,7,13
230047128,Property Damage Crash,07/31/2023 01:35:00 PM,GEORGIA AVE,NA,STRAIGHT MOVEMENT ANGLE,Clear,DRY,Daylight,TRAFFIC SIGNAL,NONE DETECTED,Yes,No Apparent Injury,N/A,UNKNOWN,NA,PASSENGER CAR,MOVING CONSTANT SPEED,35,No,2018,INFINITI,QX30,38.99320167,-77.026845,2023,7,13
230047128,Property Damage Crash,07/31/2023 01:35:00 PM,GEORGIA AVE,NA,STRAIGHT MOVEMENT ANGLE,Clear,DRY,Daylight,TRAFFIC SIGNAL,NONE DETECTED,No,No Apparent Injury,N/A,LOOKED BUT DID NOT SEE,MD,PASSENGER CAR,MAKING LEFT TURN,35,No,2018,HONDA,ACCORD,38.99320167,-77.026845,2023,7,13
230047112,Injury Crash,07/31/2023 12:35:00 PM,SHADY GROVE RD,NA,STRAIGHT MOVEMENT ANGLE,Clear,DRY,Daylight,TRAFFIC SIGNAL,NONE DETECTED,No,Possible Minor Injury,N/A,NOT DISTRACTED,VA,PASSENGER CAR,STARTING FROM LANE,40,No,2017,HONDA,ACCORD,39.11229717,-77.18711017,2023,7,12
230047112,Injury Crash,07/31/2023 12:35:00 PM,SHADY GROVE RD,NA,STRAIGHT MOVEMENT ANGLE,Clear,DRY,Daylight,TRAFFIC SIGNAL,NONE DETECTED,Yes,Possible Minor Injury,N/A,LOOKED BUT DID NOT SEE,MD,PASSENGER CAR,MOVING CONSTANT SPEED,40,No,2014,KIA,OPTIMA,39.11229717,-77.18711017,2023,7,12
230047115,Property Damage Crash,07/31/2023 12:30:00 PM,FAIRLAND RD,NA,SAME DIR REAR END,Clear,DRY,Daylight,NO CONTROLS,NONE DETECTED,No,No Apparent Injury,N/A,NOT DISTRACTED,MD,PASSENGER CAR,MAKING LEFT TURN,35,No,2016,TOYT,4S,39.078085,-76.98508333,2023,7,12
230047115,Property Damage Crash,07/31/2023 12:30:00 PM,FAIRLAND RD,NA,SAME DIR REAR END,Clear,DRY,Daylight,NO CONTROLS,NONE DETECTED,Yes,No Apparent Injury,N/A,NOT DISTRACTED,MD,PASSENGER CAR,MOVING CONSTANT SPEED,35,No,2011,HOND,SD,39.078085,-76.98508333,2023,7,12
230047105,Property Damage Crash,07/31/2023 11:53:00 AM,NA,NA,OTHER,Clear,NA,Daylight,NO CONTROLS,NONE DETECTED,No,No Apparent Injury,N/A,NOT DISTRACTED,MD,POLICE VEHICLE/NON EMERGENCY,MOVING CONSTANT SPEED,10,No,2014,DODG,CHARGER,39.18210833,-77.26367,2023,7,11
230047105,Property Damage Crash,07/31/2023 11:53:00 AM,NA,NA,OTHER,Clear,NA,Daylight,NO CONTROLS,NONE DETECTED,Yes,No Apparent Injury,N/A,NOT DISTRACTED,MD,(SPORT) UTILITY VEHICLE,BACKING,10,No,2011,JEEP,TK,39.18210833,-77.26367,2023,7,11
230047099,Property Damage Crash,07/31/2023 10:51:00 AM,GEORGIA AVE,NA,HEAD ON LEFT TURN,Clear,DRY,Daylight,FLASHING TRAFFIC SIGNAL,NONE DETECTED,Yes,No Apparent Injury,N/A,NOT DISTRACTED,MD,PASSENGER CAR,MAKING LEFT TURN,45,No,2015,HONDA,CIVIC,39.115234,-77.07510067,2023,7,10
230047099,Property Damage Crash,07/31/2023 10:51:00 AM,GEORGIA AVE,NA,HEAD ON LEFT TURN,Clear,DRY,Daylight,FLASHING TRAFFIC SIGNAL,NONE DETECTED,No,No Apparent Injury,N/A,NOT DISTRACTED,MD,PASSENGER CAR,MOVING CONSTANT SPEED,45,No,2015,ACUR,TLX,39.115234,-77.07510067,2023,7,10