Local Case Number,ACRS Report Type,Crash Date/Time,Road Name,Related Non-Motorist,Collision Type,Weather,Surface Condition,Light,Traffic Control,Driver Substance Abuse,Driver At Fault,Injury Severity,Circumstance,Driver Distracted By,Drivers License State,Vehicle Body Type,Vehicle Movement,Speed Limit,Driverless Vehicle,Vehicle Year,Vehicle Make,Vehicle Model,Latitude,Longitude,Year,Month,Hour
230047091,Injury Crash,07/31/2023 10:40:00 AM,NORBECK RD,NA,SAME DIR REAR END,Clear,DRY,Daylight,TRAFFIC SIGNAL,NONE DETECTED,Unknown,No Apparent Injury,N/A,NOT DISTRACTED,MD,"MEDIUM/HEAVY TRUCKS 3 AXLES (OVER 10,000LBS (4,536KG))",MOVING CONSTANT SPEED,40,No,2015,INTL,TT,39.09058991,-77.12834758,2023,7,10
230047091,Injury Crash,07/31/2023 10:40:00 AM,NORBECK RD,NA,SAME DIR REAR END,Clear,DRY,Daylight,TRAFFIC SIGNAL,NONE DETECTED,Unknown,Possible Minor Injury,N/A,NOT DISTRACTED,MD,PASSENGER CAR,SLOWING OR STOPPING,40,No,2016,MAZDA,3,39.09058991,-77.12834758,2023,7,10
230047091,Injury Crash,07/31/2023 10:40:00 AM,NORBECK RD,NA,SAME DIR REAR END,Clear,DRY,Daylight,TRAFFIC SIGNAL,NONE DETECTED,Unknown,No Apparent Injury,N/A,NOT DISTRACTED,MD,PASSENGER CAR,SLOWING OR STOPPING,40,No,2014,NISS,CG,39.09058991,-77.12834758,2023,7,10
230047082,Property Damage Crash,07/31/2023 09:50:00 AM,FALLS RD,NA,SAME DIR REAR END,Clear,DRY,Daylight,NO CONTROLS,NONE DETECTED,Yes,No Apparent Injury,N/A,INATTENTIVE OR LOST IN THOUGHT,MD,PASSENGER CAR,MOVING CONSTANT SPEED,35,No,2016,HOND,SD,39.02634167,-77.204825,2023,7,9
230047082,Property Damage Crash,07/31/2023 09:50:00 AM,FALLS RD,NA,SAME DIR REAR END,Clear,DRY,Daylight,NO CONTROLS,NONE DETECTED,No,No Apparent Injury,N/A,NOT DISTRACTED,MD,"CARGO VAN/LIGHT TRUCK 2 AXLES (OVER 10,000LBS (4,536 KG))",SLOWING OR STOPPING,35,No,2008,CHEV,ST,39.02634167,-77.204825,2023,7,9
230047069,Injury Crash,07/31/2023 08:30:00 AM,VEIRS MILL RD,NA,SAME DIR REAR END,Clear,DRY,Daylight,TRAFFIC SIGNAL,NONE DETECTED,Yes,No Apparent Injury,N/A,INATTENTIVE OR LOST IN THOUGHT,MD,TRANSIT BUS,SLOWING OR STOPPING,35,No,2014,NABI,METRO BUS,39.06133117,-77.0913735,2023,7,8
230047069,Injury Crash,07/31/2023 08:30:00 AM,VEIRS MILL RD,NA,SAME DIR REAR END,Clear,DRY,Daylight,TRAFFIC SIGNAL,NONE DETECTED,No,No Apparent Injury,N/A,NOT DISTRACTED,DC,PASSENGER CAR,STOPPED IN TRAFFIC LANE,35,No,2017,CHEVROLET,MALIBU,39.06133117,-77.0913735,2023,7,8
230047060,Injury Crash,07/31/2023 07:23:00 AM,CLOPPER RD,NA,HEAD ON LEFT TURN,Clear,DRY,Daylight,TRAFFIC SIGNAL,NONE DETECTED,Yes,Possible Minor Injury,N/A,UNKNOWN,MD,PASSENGER CAR,MAKING LEFT TURN,35,No,2006,HONDA,PILOT,39.14825,-77.23786167,2023,7,7
230047060,Injury Crash,07/31/2023 07:23:00 AM,CLOPPER RD,NA,HEAD ON LEFT TURN,Clear,DRY,Daylight,TRAFFIC SIGNAL,NONE DETECTED,No,Possible Minor Injury,N/A,UNKNOWN,MD,PASSENGER CAR,MOVING CONSTANT SPEED,35,No,2021,TOYOTA,HIGLANDER,39.14825,-77.23786167,2023,7,7
230047054,Property Damage Crash,07/31/2023 04:30:00 AM,NORBECK RD,NA,SINGLE VEHICLE,Clear,WET,Dark,N/A,NONE DETECTED,Yes,No Apparent Injury,N/A,NOT DISTRACTED,MD,PASSENGER CAR,MOVING CONSTANT SPEED,35,No,2009,ACURA,TL,39.11932667,-77.04613167,2023,7,4
230047051,Property Damage Crash,07/31/2023 12:03:00 AM,MONTROSE PKWY,NA,SINGLE VEHICLE,Clear,DRY,Medium,NO CONTROLS,NONE DETECTED,Yes,No Apparent Injury,N/A,UNKNOWN,NA,PASSENGER CAR,MOVING CONSTANT SPEED,40,Unknown,2006,BMW,750I,39.05170089,-77.13488174,2023,7,0
230047040,Property Damage Crash,07/30/2023 11:56:00 PM,OLNEY LAYTONSVILLE RD,NA,SINGLE VEHICLE,Clear,DRY,Medium,N/A,NONE DETECTED,Yes,No Apparent Injury,N/A,NOT DISTRACTED,MD,PASSENGER CAR,MOVING CONSTANT SPEED,40,No,2014,HONDA,CRV,39.1577065,-77.073449,2023,7,23
230047031,Property Damage Crash,07/30/2023 10:29:00 PM,FLOWER AVE,NA,OTHER,Clear,DRY,Medium,NO CONTROLS,NONE DETECTED,No,No Apparent Injury,N/A,NOT DISTRACTED,MD,PASSENGER CAR,PARKED,25,No,2013,CHEV,2S,38.99556248,-77.0027879,2023,7,22
230047031,Property Damage Crash,07/30/2023 10:29:00 PM,FLOWER AVE,NA,OTHER,Clear,DRY,Medium,NO CONTROLS,NONE DETECTED,Yes,No Apparent Injury,N/A,UNKNOWN,NA,PASSENGER CAR,MOVING CONSTANT SPEED,25,No,2021,TOYOTA,UT,38.99556248,-77.0027879,2023,7,22
230047025,Property Damage Crash,07/30/2023 09:12:00 PM,GEORGIA AVE,NA,SAME DIR REAR END,Clear,DRY,Medium,TRAFFIC SIGNAL,NONE DETECTED,No,No Apparent Injury,N/A,NOT DISTRACTED,VA,PASSENGER CAR,STOPPED IN TRAFFIC LANE,35,No,2013,VW,JETTA,39.01197942,-77.04143591,2023,7,21
230047026,Property Damage Crash,07/30/2023 09:12:00 PM,GARDINER AVE,NA,HEAD ON LEFT TURN,Clear,DRY,Medium,STOP SIGN,NONE DETECTED,Unknown,No Apparent Injury,N/A,UNKNOWN,MD,PASSENGER CAR,MAKING U TURN,30,No,2021,HYUN,UT,39.02206,-77.05002333,2023,7,21
230047026,Property Damage Crash,07/30/2023 09:12:00 PM,GARDINER AVE,NA,HEAD ON LEFT TURN,Clear,DRY,Medium,STOP SIGN,NONE DETECTED,Unknown,No Apparent Injury,N/A,UNKNOWN,MD,PASSENGER CAR,MOVING CONSTANT SPEED,30,No,2008,JEEP,UT,39.02206,-77.05002333,2023,7,21
230047025,Property Damage Crash,07/30/2023 09:12:00 PM,GEORGIA AVE,NA,SAME DIR REAR END,Clear,DRY,Medium,TRAFFIC SIGNAL,NONE DETECTED,Yes,No Apparent Injury,N/A,UNKNOWN,NA,PASSENGER CAR,SLOWING OR STOPPING,35,No,2022,ACURA,4D,39.01197942,-77.04143591,2023,7,21
230047022,Property Damage Crash,07/30/2023 09:00:00 PM,HATHAWAY DR,NA,OTHER,Clear,DRY,Medium,NO CONTROLS,ALCOHOL PRESENT,Yes,No Apparent Injury,N/A,UNKNOWN,MD,VAN,UNKNOWN,30,No,2017,TOYT,SIENNA,39.07556033,-77.0504615,2023,7,21
230047010,Property Damage Crash,07/30/2023 07:10:00 PM,VEIRS MILL RD,NA,HEAD ON LEFT TURN,Clear,DRY,Daylight,TRAFFIC SIGNAL,NONE DETECTED,No,No Apparent Injury,N/A,NOT DISTRACTED,MD,PASSENGER CAR,MOVING CONSTANT SPEED,45,No,1999,NISSAN,ALTIMA,39.0573675,-77.08376767,2023,7,19
230047010,Property Damage Crash,07/30/2023 07:10:00 PM,VEIRS MILL RD,NA,HEAD ON LEFT TURN,Clear,DRY,Daylight,TRAFFIC SIGNAL,NONE DETECTED,Yes,No Apparent Injury,N/A,UNKNOWN,MD,PASSENGER CAR,MAKING LEFT TURN,45,No,2012,HONDA,PILOT,39.0573675,-77.08376767,2023,7,19
230047007,Injury Crash,07/30/2023 06:58:00 PM,NEW HAMPSHIRE AVE,NA,SAME DIR REAR END,Clear,DRY,Daylight,N/A,NONE DETECTED,No,No Apparent Injury,N/A,NOT DISTRACTED,MD,PASSENGER CAR,MOVING CONSTANT SPEED,35,No,2022,HOND,UT,38.98181467,-76.9888005,2023,7,18
230047007,Injury Crash,07/30/2023 06:58:00 PM,NEW HAMPSHIRE AVE,NA,SAME DIR REAR END,Clear,DRY,Daylight,N/A,NONE DETECTED,Yes,No Apparent Injury,N/A,LOOKED BUT DID NOT SEE,MD,PASSENGER CAR,MOVING CONSTANT SPEED,35,No,2020,CHEV,UT,38.98181467,-76.9888005,2023,7,18
230047005,Property Damage Crash,07/30/2023 06:15:00 PM,ASPEN HILL RD,NA,SAME DIR REAR END,Clear,DRY,Daylight,NO CONTROLS,NONE DETECTED,Yes,No Apparent Injury,N/A,UNKNOWN,MD,PASSENGER CAR,SLOWING OR STOPPING,30,No,2012,MAZDA,3,39.07328,-77.09577667,2023,7,18
230047005,Property Damage Crash,07/30/2023 06:15:00 PM,ASPEN HILL RD,NA,SAME DIR REAR END,Clear,DRY,Daylight,NO CONTROLS,NONE DETECTED,No,No Apparent Injury,N/A,NOT DISTRACTED,MD,PASSENGER CAR,SLOWING OR STOPPING,30,No,2022,SUBARU,FORESTER,39.07328,-77.09577667,2023,7,18
230046997,Injury Crash,07/30/2023 05:52:00 PM,YEATMAN PKWY,NA,SINGLE VEHICLE,Clear,DRY,Daylight,NO CONTROLS,NONE DETECTED,Yes,Possible Minor Injury,N/A,UNKNOWN,MD,PASSENGER CAR,ACCELERATING,25,No,2012,HYUNDAI,SONTATA,39.04895705,-77.02539291,2023,7,17
230046984,Property Damage Crash,07/30/2023 03:55:00 PM,QUINCE ORCHARD BLVD,NA,SAME DIRECTION RIGHT TURN,Clear,DRY,Daylight,NO CONTROLS,NONE DETECTED,Yes,No Apparent Injury,N/A,UNKNOWN,MD,TRANSIT BUS,MOVING CONSTANT SPEED,25,No,2019,GILG,BUS,39.14174,-77.22781167,2023,7,15
230046978,Injury Crash,07/30/2023 03:20:00 PM,CLOPPER RD,NA,STRAIGHT MOVEMENT ANGLE,Clear,DRY,Daylight,NO CONTROLS,NONE DETECTED,Yes,Possible Minor Injury,N/A,NOT DISTRACTED,MD,PASSENGER CAR,MOVING CONSTANT SPEED,35,No,2021,MERZ,GLC300,39.14408643,-77.22481667,2023,7,15
230046978,Injury Crash,07/30/2023 03:20:00 PM,CLOPPER RD,NA,STRAIGHT MOVEMENT ANGLE,Clear,DRY,Daylight,NO CONTROLS,NONE DETECTED,Yes,Possible Minor Injury,N/A,LOOKED BUT DID NOT SEE,MD,PASSENGER CAR,MAKING RIGHT TURN,35,No,1999,ACURA,TL,39.14408643,-77.22481667,2023,7,15
23001478,Property Damage Crash,07/30/2023 03:00:00 PM,NA,NA,OTHER,Clear,NA,Daylight,N/A,NONE DETECTED,Yes,No Apparent Injury,N/A,UNKNOWN,NA,(SPORT) UTILITY VEHICLE,PASSING,15,No,2010,ACURA,MDX,39.13452224,-77.1232663,2023,7,15
23001478,Property Damage Crash,07/30/2023 03:00:00 PM,NA,NA,OTHER,Clear,NA,Daylight,N/A,NONE DETECTED,No,No Apparent Injury,N/A,NOT DISTRACTED,MD,VAN,N/A,0,No,2019,FORD,E350,39.13452224,-77.1232663,2023,7,15
230046972,Injury Crash,07/30/2023 02:40:00 PM,RUSSELL AVE,PEDESTRIAN,SINGLE VEHICLE,Clear,DRY,Daylight,N/A,NONE DETECTED,Yes,No Apparent Injury,N/A,NOT DISTRACTED,MD,PASSENGER CAR,SLOWING OR STOPPING,35,No,2022,KIA,SPORTAGE,39.15050159,-77.2043814,2023,7,14
230046969,Injury Crash,07/30/2023 02:25:00 PM,BANNOCKBURN DR,BICYCLIST,HEAD ON LEFT TURN,Clear,DRY,Daylight,NO CONTROLS,NONE DETECTED,Yes,No Apparent Injury,N/A,UNKNOWN,MD,(SPORT) UTILITY VEHICLE,MAKING U TURN,35,No,2017,MERZ,TK,38.97293233,-77.1414305,2023,7,14
230046968,Property Damage Crash,07/30/2023 01:50:00 PM,CHESTNUT ST,NA,STRAIGHT MOVEMENT ANGLE,Clear,DRY,Daylight,N/A,NONE DETECTED,No,No Apparent Injury,N/A,NOT DISTRACTED,MD,PASSENGER CAR,SLOWING OR STOPPING,25,No,2021,TOYT,UT,39.1434645,-77.2021515,2023,7,13
230046968,Property Damage Crash,07/30/2023 01:50:00 PM,CHESTNUT ST,NA,STRAIGHT MOVEMENT ANGLE,Clear,DRY,Daylight,N/A,NONE DETECTED,Yes,No Apparent Injury,N/A,LOOKED BUT DID NOT SEE,MD,PASSENGER CAR,ENTERING TRAFFIC LANE,25,No,2015,RAM,PK,39.1434645,-77.2021515,2023,7,13
230046976,Property Damage Crash,07/30/2023 01:20:00 PM,NA,NA,OTHER,Clear,NA,Daylight,N/A,NONE DETECTED,Yes,No Apparent Injury,N/A,UNKNOWN,NA,PICKUP TRUCK,BACKING,0,No,2017,FORD,TK,39.02069557,-77.0127882,2023,7,13
230046959,Property Damage Crash,07/30/2023 12:45:00 PM,BEAVERWOOD LA,NA,STRAIGHT MOVEMENT ANGLE,Clear,DRY,Daylight,TRAFFIC SIGNAL,NONE DETECTED,Yes,No Apparent Injury,N/A,LOOKED BUT DID NOT SEE,XX,PASSENGER CAR,ACCELERATING,20,No,2017,NISSAN,ALTIMA,39.08625317,-77.06361317,2023,7,12
230046959,Property Damage Crash,07/30/2023 12:45:00 PM,BEAVERWOOD LA,NA,STRAIGHT MOVEMENT ANGLE,Clear,DRY,Daylight,TRAFFIC SIGNAL,NONE DETECTED,No,No Apparent Injury,N/A,NOT DISTRACTED,MD,PASSENGER CAR,MOVING CONSTANT SPEED,20,No,2003,TOYOTA,COROLLA,39.08625317,-77.06361317,2023,7,12
230046955,Property Damage Crash,07/30/2023 12:24:00 PM,GEORGIA AVE,NA,STRAIGHT MOVEMENT ANGLE,Clear,DRY,Daylight,TRAFFIC SIGNAL,NONE DETECTED,Yes,No Apparent Injury,"N/A, TRAFFIC CONTROL DEVICE INOPERATIVE",NOT DISTRACTED,MD,PASSENGER CAR,MOVING CONSTANT SPEED,40,No,2021,NISSAN,ROGUE,39.13683667,-77.06918833,2023,7,12
230046955,Property Damage Crash,07/30/2023 12:24:00 PM,GEORGIA AVE,NA,STRAIGHT MOVEMENT ANGLE,Clear,DRY,Daylight,TRAFFIC SIGNAL,NONE DETECTED,No,No Apparent Injury,"N/A, TRAFFIC CONTROL DEVICE INOPERATIVE",NOT DISTRACTED,MD,PASSENGER CAR,MAKING LEFT TURN,40,No,2018,FORD,PICK UP,39.13683667,-77.06918833,2023,7,12
230046954,Property Damage Crash,07/30/2023 12:20:00 PM,GERMANTOWN RD,NA,SAME DIR REAR END,Clear,DRY,Daylight,NO CONTROLS,NONE DETECTED,No,No Apparent Injury,N/A,NOT DISTRACTED,VA,PASSENGER CAR,STOPPED IN TRAFFIC LANE,40,No,2016,LEXUS,ES350,39.18156011,-77.26154166,2023,7,12
230046954,Property Damage Crash,07/30/2023 12:20:00 PM,GERMANTOWN RD,NA,SAME DIR REAR END,Clear,DRY,Daylight,NO CONTROLS,NONE DETECTED,Yes,No Apparent Injury,N/A,UNKNOWN,XX,PASSENGER CAR,MOVING CONSTANT SPEED,40,No,2011,TOYOTA,CAMRY,39.18156011,-77.26154166,2023,7,12
230046938,Injury Crash,07/30/2023 09:40:00 AM,LOCKWOOD DR,NA,SAME DIR REAR END,Clear,DRY,Daylight,NO CONTROLS,NONE DETECTED,No,No Apparent Injury,N/A,NOT DISTRACTED,MD,PASSENGER CAR,MAKING RIGHT TURN,30,No,2023,NISS,SD,39.038275,-76.99441667,2023,7,9
230046938,Injury Crash,07/30/2023 09:40:00 AM,LOCKWOOD DR,NA,SAME DIR REAR END,Clear,DRY,Daylight,NO CONTROLS,NONE DETECTED,Yes,No Apparent Injury,N/A,LOOKED BUT DID NOT SEE,DC,PASSENGER CAR,SLOWING OR STOPPING,30,No,2016,TOYOTA,UT,39.038275,-76.99441667,2023,7,9
230046934,Property Damage Crash,07/30/2023 09:17:00 AM,GERMANTOWN RD,NA,STRAIGHT MOVEMENT ANGLE,Clear,DRY,Daylight,TRAFFIC SIGNAL,NONE DETECTED,Yes,No Apparent Injury,N/A,NOT DISTRACTED,MD,PICKUP TRUCK,ACCELERATING,40,No,2019,CHEV,TK,39.19234667,-77.24276333,2023,7,9
230046934,Property Damage Crash,07/30/2023 09:17:00 AM,GERMANTOWN RD,NA,STRAIGHT MOVEMENT ANGLE,Clear,DRY,Daylight,TRAFFIC SIGNAL,NONE DETECTED,No,No Apparent Injury,N/A,NOT DISTRACTED,MD,PICKUP TRUCK,MOVING CONSTANT SPEED,40,No,2000,GMC,TK,39.19234667,-77.24276333,2023,7,9
230046918,Injury Crash,07/30/2023 05:29:00 AM,CHERRY HILL RD,NA,SAME DIR REAR END,Clear,DRY,Medium,TRAFFIC SIGNAL,NONE DETECTED,Unknown,No Apparent Injury,N/A,LOOKED BUT DID NOT SEE,MD,PASSENGER CAR,MOVING CONSTANT SPEED,40,No,2022,FORD,MUSTANG,39.04679417,-76.95209767,2023,7,5
230046918,Injury Crash,07/30/2023 05:29:00 AM,CHERRY HILL RD,NA,SAME DIR REAR END,Clear,DRY,Medium,TRAFFIC SIGNAL,NONE DETECTED,Unknown,Possible Minor Injury,N/A,LOOKED BUT DID NOT SEE,MD,PASSENGER CAR,MOVING CONSTANT SPEED,40,No,2022,LEXUS,DT200H,39.04679417,-76.95209767,2023,7,5
230046919,Property Damage Crash,07/30/2023 05:28:00 AM,COLUMBIA PIKE,NA,SAME DIR REAR END,Clear,DRY,Medium,TRAFFIC SIGNAL,NONE DETECTED,No,No Apparent Injury,N/A,NOT DISTRACTED,MD,PASSENGER CAR,MOVING CONSTANT SPEED,45,No,2023,KIA,SOUL,39.04668467,-76.985478,2023,7,5
230046919,Property Damage Crash,07/30/2023 05:28:00 AM,COLUMBIA PIKE,NA,SAME DIR REAR END,Clear,DRY,Medium,TRAFFIC SIGNAL,NONE DETECTED,Yes,No Apparent Injury,N/A,UNKNOWN,NA,PASSENGER CAR,CHANGING LANES,45,No,2017,TOYOTA,CAMRY,39.04668467,-76.985478,2023,7,5
230046916,Property Damage Crash,07/30/2023 04:52:00 AM,NEW HAMPSHIRE AVE,NA,SINGLE VEHICLE,Clear,DRY,Medium,NO CONTROLS,NONE DETECTED,Yes,No Apparent Injury,N/A,UNKNOWN,NA,PASSENGER CAR,MOVING CONSTANT SPEED,40,No,2016,HONDA,HRV,39.07063667,-77.00335833,2023,7,4
230046915,Property Damage Crash,07/30/2023 04:40:00 AM,MONTROSE RD,NA,SINGLE VEHICLE,Clear,DRY,Medium,NO CONTROLS,NONE DETECTED,No,No Apparent Injury,"DEBRIS OR OBSTRUCTION, N/A",NOT DISTRACTED,MD,MOTORCYCLE,ACCELERATING,35,No,2003,HD,SPORTER,39.05726167,-77.15982167,2023,7,4
230046911,Injury Crash,07/30/2023 03:46:00 AM,COLESVILLE RD,NA,STRAIGHT MOVEMENT ANGLE,Clear,DRY,Medium,TRAFFIC SIGNAL,NONE DETECTED,No,Suspected Serious Injury,N/A,NOT DISTRACTED,MD,PASSENGER CAR,MOVING CONSTANT SPEED,35,No,2023,TOYOTA,CAMRY,39.02034217,-77.0129585,2023,7,3
230046911,Injury Crash,07/30/2023 03:46:00 AM,COLESVILLE RD,NA,STRAIGHT MOVEMENT ANGLE,Clear,DRY,Medium,TRAFFIC SIGNAL,NONE DETECTED,Yes,No Apparent Injury,N/A,UNKNOWN,MD,PICKUP TRUCK,MOVING CONSTANT SPEED,35,No,2018,DODGE,RAM,39.02034217,-77.0129585,2023,7,3
230046909,Property Damage Crash,07/30/2023 03:43:00 AM,RIVER RD,NA,SINGLE VEHICLE,Clear,DRY,Medium,NO CONTROLS,NONE DETECTED,Yes,No Apparent Injury,N/A,INATTENTIVE OR LOST IN THOUGHT,XX,PASSENGER CAR,MOVING CONSTANT SPEED,35,No,2021,JEEP,WAGON,38.972775,-77.121555,2023,7,3
230046903,Property Damage Crash,07/30/2023 02:00:00 AM,SHADY GROVE RD,NA,STRAIGHT MOVEMENT ANGLE,Clear,DRY,Medium,FLASHING TRAFFIC SIGNAL,NONE DETECTED,No,No Apparent Injury,N/A,NOT DISTRACTED,MD,PASSENGER CAR,MOVING CONSTANT SPEED,30,No,2019,TOYOTA,CAMRY,39.117395,-77.18318833,2023,7,2
230046903,Property Damage Crash,07/30/2023 02:00:00 AM,SHADY GROVE RD,NA,STRAIGHT MOVEMENT ANGLE,Clear,DRY,Medium,FLASHING TRAFFIC SIGNAL,NONE DETECTED,Yes,No Apparent Injury,N/A,UNKNOWN,MO,PASSENGER CAR,MOVING CONSTANT SPEED,40,No,2022,TESL,Y,39.117395,-77.18318833,2023,7,2
230046903,Property Damage Crash,07/30/2023 02:00:00 AM,SHADY GROVE RD,NA,STRAIGHT MOVEMENT ANGLE,Clear,DRY,Medium,FLASHING TRAFFIC SIGNAL,NONE DETECTED,No,No Apparent Injury,N/A,NOT DISTRACTED,DC,PASSENGER CAR,STOPPED IN TRAFFIC LANE,30,No,2020,HYUNDAI,ELANTRA,39.117395,-77.18318833,2023,7,2
230046897,Property Damage Crash,07/30/2023 12:28:00 AM,UNIVERSITY BLVD E,NA,STRAIGHT MOVEMENT ANGLE,Clear,DRY,Medium,STOP SIGN,NONE DETECTED,No,No Apparent Injury,N/A,NOT DISTRACTED,MD,PASSENGER CAR,MOVING CONSTANT SPEED,35,No,2022,TOYOTA,HIGHLANDER,38.9934228,-76.99198525,2023,7,0
230046897,Property Damage Crash,07/30/2023 12:28:00 AM,UNIVERSITY BLVD E,NA,STRAIGHT MOVEMENT ANGLE,Clear,DRY,Medium,STOP SIGN,NONE DETECTED,Yes,No Apparent Injury,N/A,UNKNOWN,NA,PASSENGER CAR,MAKING RIGHT TURN,25,No,2020,NISSAN,PATHFINDER,38.9934228,-76.99198525,2023,7,0
230046890,Property Damage Crash,07/29/2023 11:36:00 PM,GEORGIA AVE,NA,SAME DIR REAR END,Clear,DRY,Medium,TRAFFIC SIGNAL,NONE DETECTED,No,No Apparent Injury,N/A,NOT DISTRACTED,DC,PASSENGER CAR,STOPPED IN TRAFFIC LANE,35,No,2014,HONDA,PILOT,39.01288,-77.04166,2023,7,23
230046890,Property Damage Crash,07/29/2023 11:36:00 PM,GEORGIA AVE,NA,SAME DIR REAR END,Clear,DRY,Medium,TRAFFIC SIGNAL,NONE DETECTED,Yes,No Apparent Injury,N/A,UNKNOWN,MD,PICKUP TRUCK,UNKNOWN,35,No,2008,TOYOTA,TACOMA,39.01288,-77.04166,2023,7,23
230046872,Injury Crash,07/29/2023 09:30:00 PM,FATHER HURLEY BLVD,NA,SAME DIR REAR END,Clear,DRY,Medium,TRAFFIC SIGNAL,NONE DETECTED,No,Possible Minor Injury,N/A,NOT DISTRACTED,MD,PASSENGER CAR,STOPPED IN TRAFFIC LANE,35,No,2019,TOYOTA,CAMRY,39.16927627,-77.28295688,2023,7,21
230046872,Injury Crash,07/29/2023 09:30:00 PM,FATHER HURLEY BLVD,NA,SAME DIR REAR END,Clear,DRY,Medium,TRAFFIC SIGNAL,NONE DETECTED,No,No Apparent Injury,N/A,NOT DISTRACTED,MD,PASSENGER CAR,STOPPED IN TRAFFIC LANE,35,No,2017,HONDA,CRV,39.16927627,-77.28295688,2023,7,21
230046872,Injury Crash,07/29/2023 09:30:00 PM,FATHER HURLEY BLVD,NA,SAME DIR REAR END,Clear,DRY,Medium,TRAFFIC SIGNAL,NONE DETECTED,Yes,No Apparent Injury,N/A,UNKNOWN,MD,PASSENGER CAR,MOVING CONSTANT SPEED,35,No,2015,JEEP,TK,39.16927627,-77.28295688,2023,7,21
230046871,Property Damage Crash,07/29/2023 09:16:00 PM,GEORGIA AVE,NA,SAME DIR REAR END,Clear,DRY,Medium,TRAFFIC SIGNAL,NONE DETECTED,No,No Apparent Injury,N/A,NOT DISTRACTED,MD,(SPORT) UTILITY VEHICLE,STOPPED IN TRAFFIC LANE,45,No,2011,KIA,SORENTO,39.13093583,-77.07105183,2023,7,21
230046871,Property Damage Crash,07/29/2023 09:16:00 PM,GEORGIA AVE,NA,SAME DIR REAR END,Clear,DRY,Medium,TRAFFIC SIGNAL,NONE DETECTED,Yes,No Apparent Injury,N/A,UNKNOWN,MD,PASSENGER CAR,SLOWING OR STOPPING,45,No,2014,FORD,FUSION,39.13093583,-77.07105183,2023,7,21
230046873,Injury Crash,07/29/2023 09:11:00 PM,NEW HAMPSHIRE AVE,NA,SAME DIR REAR END,Clear,DRY,Medium,TRAFFIC SIGNAL,ALCOHOL PRESENT,Yes,No Apparent Injury,N/A,NOT DISTRACTED,MD,PASSENGER CAR,MOVING CONSTANT SPEED,35,No,2014,HYUNDAI,VELOSTER,39.01119667,-76.97899333,2023,7,21
230046873,Injury Crash,07/29/2023 09:11:00 PM,NEW HAMPSHIRE AVE,NA,SAME DIR REAR END,Clear,DRY,Medium,TRAFFIC SIGNAL,NONE DETECTED,No,No Apparent Injury,N/A,NOT DISTRACTED,MD,PASSENGER CAR,SLOWING OR STOPPING,35,No,2015,TOYOTA,COROLLA,39.01119667,-76.97899333,2023,7,21
230046873,Injury Crash,07/29/2023 09:11:00 PM,NEW HAMPSHIRE AVE,NA,SAME DIR REAR END,Clear,DRY,Medium,TRAFFIC SIGNAL,NONE DETECTED,No,No Apparent Injury,N/A,NOT DISTRACTED,VA,PASSENGER CAR,SLOWING OR STOPPING,35,No,2014,HONDA,CIVIC,39.01119667,-76.97899333,2023,7,21
230046863,Property Damage Crash,07/29/2023 08:17:00 PM,N WASHINGTON ST,NA,SAME DIRECTION SIDESWIPE,Clear,DRY,Medium,N/A,NONE DETECTED,No,No Apparent Injury,N/A,NOT DISTRACTED,MD,PASSENGER CAR,CHANGING LANES,25,No,2003,TOYT,4S,39.0889775,-77.15369233,2023,7,20
230046863,Property Damage Crash,07/29/2023 08:17:00 PM,N WASHINGTON ST,NA,SAME DIRECTION SIDESWIPE,Clear,DRY,Medium,N/A,NONE DETECTED,Yes,No Apparent Injury,N/A,OTHER DISTRACTION,MD,TRANSIT BUS,ACCELERATING,25,No,2019,GILG,BU,39.0889775,-77.15369233,2023,7,20
230046858,Property Damage Crash,07/29/2023 08:10:00 PM,WASHINGTONIAN BLVD,NA,OTHER,Clear,DRY,Daylight,NO CONTROLS,NONE DETECTED,Yes,No Apparent Injury,N/A,NOT DISTRACTED,MD,PASSENGER CAR,MOVING CONSTANT SPEED,25,No,2012,ACURA,TL,39.11652128,-77.19920422,2023,7,20
230046857,Injury Crash,07/29/2023 07:53:00 PM,COLESVILLE RD,NA,SAME DIR REAR END,Clear,WET,Daylight,NO CONTROLS,NONE DETECTED,Yes,Possible Minor Injury,N/A,NOT DISTRACTED,DC,PASSENGER CAR,MOVING CONSTANT SPEED,40,No,2023,CHRYSLER,300C,39.03087167,-77.0047,2023,7,19
230046857,Injury Crash,07/29/2023 07:53:00 PM,COLESVILLE RD,NA,SAME DIR REAR END,Clear,WET,Daylight,NO CONTROLS,NONE DETECTED,Yes,No Apparent Injury,N/A,UNKNOWN,MD,PASSENGER CAR,MOVING CONSTANT SPEED,40,No,2019,BMW,540I,39.03087167,-77.0047,2023,7,19
230046852,Property Damage Crash,07/29/2023 07:27:00 PM,VEIRS MILL RD,NA,STRAIGHT MOVEMENT ANGLE,Clear,WET,Daylight,TRAFFIC SIGNAL,NONE DETECTED,Yes,No Apparent Injury,N/A,UNKNOWN,MD,PASSENGER CAR,MOVING CONSTANT SPEED,35,No,2018,LEXUS,NX 300,39.04502419,-77.06532564,2023,7,19
230046852,Property Damage Crash,07/29/2023 07:27:00 PM,VEIRS MILL RD,NA,STRAIGHT MOVEMENT ANGLE,Clear,WET,Daylight,TRAFFIC SIGNAL,NONE DETECTED,No,No Apparent Injury,N/A,NOT DISTRACTED,MD,PASSENGER CAR,ACCELERATING,35,No,2020,CHEV,BOLT,39.04502419,-77.06532564,2023,7,19
230046848,Property Damage Crash,07/29/2023 06:55:00 PM,GOLDSBORO RD,NA,SINGLE VEHICLE,Clear,WET,Daylight,NO CONTROLS,NONE DETECTED,Yes,No Apparent Injury,"N/A, WET",UNKNOWN,DC,(SPORT) UTILITY VEHICLE,MOVING CONSTANT SPEED,35,No,1997,LAND ROVER,DEF,38.97629667,-77.10741833,2023,7,18
230046861,Property Damage Crash,07/29/2023 06:55:00 PM,NA,NA,OTHER,Clear,NA,Daylight,N/A,ALCOHOL PRESENT,Yes,No Apparent Injury,N/A,UNKNOWN,MD,PASSENGER CAR,PARKING,15,No,2022,CHEVROLET,TRAX,39.04660749,-77.10605316,2023,7,18
230046841,Injury Crash,07/29/2023 06:21:00 PM,CONNECTICUT AVE,NA,HEAD ON LEFT TURN,Clear,WET,Daylight,TRAFFIC SIGNAL,NONE DETECTED,Yes,No Apparent Injury,"N/A, WET",UNKNOWN,MD,PASSENGER CAR,MAKING LEFT TURN,35,No,2012,TOYT,CAMRY,39.05718167,-77.07305167,2023,7,18
230046841,Injury Crash,07/29/2023 06:21:00 PM,CONNECTICUT AVE,NA,HEAD ON LEFT TURN,Clear,WET,Daylight,TRAFFIC SIGNAL,NONE DETECTED,No,No Apparent Injury,"N/A, WET",NOT DISTRACTED,MD,PASSENGER CAR,MOVING CONSTANT SPEED,35,No,2016,FORD,FLEX,39.05718167,-77.07305167,2023,7,18
230046842,Property Damage Crash,07/29/2023 06:18:00 PM,AIRPARK RD,NA,SINGLE VEHICLE,Clear,WET,Daylight,NO CONTROLS,NONE DETECTED,Yes,No Apparent Injury,"N/A, WET",NOT DISTRACTED,MD,PASSENGER CAR,MOVING CONSTANT SPEED,40,No,2010,MOZDA,4,39.16340402,-77.14857806,2023,7,18