Local Case Number,ACRS Report Type,Crash Date/Time,Road Name,Related Non-Motorist,Collision Type,Weather,Surface Condition,Light,Traffic Control,Driver Substance Abuse,Driver At Fault,Injury Severity,Circumstance,Driver Distracted By,Drivers License State,Vehicle Body Type,Vehicle Movement,Speed Limit,Driverless Vehicle,Vehicle Year,Vehicle Make,Vehicle Model,Latitude,Longitude,Year,Month,Hour
230046837,Injury Crash,07/29/2023 05:55:00 PM,MUDDY BRANCH RD,NA,STRAIGHT MOVEMENT ANGLE,Clear,DRY,Daylight,STOP SIGN,NONE DETECTED,No,Possible Minor Injury,N/A,NOT DISTRACTED,GA,PASSENGER CAR,SLOWING OR STOPPING,45,No,2023,TESLA,MODEL,39.10445833,-77.22004167,2023,7,17
230046837,Injury Crash,07/29/2023 05:55:00 PM,MUDDY BRANCH RD,NA,STRAIGHT MOVEMENT ANGLE,Clear,DRY,Daylight,STOP SIGN,NONE DETECTED,Yes,No Apparent Injury,N/A,LOOKED BUT DID NOT SEE,MD,PASSENGER CAR,MAKING LEFT TURN,25,No,2020,HYUNDAI,ELANTRA,39.10445833,-77.22004167,2023,7,17
230046862,Property Damage Crash,07/29/2023 04:13:00 PM,GOSHEN RD,NA,SAME DIR REAR END,Rain,WET,Daylight,NO CONTROLS,NONE DETECTED,Yes,No Apparent Injury,"RAIN, SNOW, WET",UNKNOWN,NA,PASSENGER CAR,UNKNOWN,35,No,2012,HONDA,CIVIC,39.17359109,-77.18937233,2023,7,16
230046862,Property Damage Crash,07/29/2023 04:13:00 PM,GOSHEN RD,NA,SAME DIR REAR END,Rain,WET,Daylight,NO CONTROLS,NONE DETECTED,No,No Apparent Injury,"RAIN, SNOW, WET",NOT DISTRACTED,MD,(SPORT) UTILITY VEHICLE,MAKING LEFT TURN,35,No,2017,KIA,SORENTO,39.17359109,-77.18937233,2023,7,16
230046815,Injury Crash,07/29/2023 03:07:00 PM,CASTLE BLVD,NA,STRAIGHT MOVEMENT ANGLE,Clear,DRY,Daylight,N/A,NONE DETECTED,No,Possible Minor Injury,N/A,NOT DISTRACTED,MD,PASSENGER CAR,MOVING CONSTANT SPEED,25,No,2023,HYUNDAI,ELANTRA,39.08129967,-76.9458305,2023,7,15
230046815,Injury Crash,07/29/2023 03:07:00 PM,CASTLE BLVD,NA,STRAIGHT MOVEMENT ANGLE,Clear,DRY,Daylight,N/A,NONE DETECTED,Yes,No Apparent Injury,N/A,LOOKED BUT DID NOT SEE,DC,PASSENGER CAR,MAKING LEFT TURN,25,No,2017,HONDA,ACCORD,39.08129967,-76.9458305,2023,7,15
230046819,Property Damage Crash,07/29/2023 02:39:00 PM,NA,NA,OTHER,Clear,NA,Daylight,NO CONTROLS,NONE DETECTED,No,No Apparent Injury,N/A,NOT DISTRACTED,MD,PICKUP TRUCK,PARKED,15,No,2009,FORD,F150,39.05424742,-77.11517762,2023,7,14
230046819,Property Damage Crash,07/29/2023 02:39:00 PM,NA,NA,OTHER,Clear,NA,Daylight,NO CONTROLS,NONE DETECTED,Yes,No Apparent Injury,N/A,UNKNOWN,NA,PASSENGER CAR,BACKING,15,No,2004,CHEVROLET,IMPALA,39.05424742,-77.11517762,2023,7,14
230046804,Property Damage Crash,07/29/2023 01:43:00 PM,MONTGOMERY VILLAGE AVE,NA,SAME DIR REAR END,Clear,DRY,Daylight,TRAFFIC SIGNAL,NONE DETECTED,No,No Apparent Injury,N/A,NOT DISTRACTED,MD,PASSENGER CAR,SLOWING OR STOPPING,35,No,2016,MAZDA,3,39.15656333,-77.20629667,2023,7,13
230046804,Property Damage Crash,07/29/2023 01:43:00 PM,MONTGOMERY VILLAGE AVE,NA,SAME DIR REAR END,Clear,DRY,Daylight,TRAFFIC SIGNAL,NONE DETECTED,Yes,No Apparent Injury,N/A,DISTRACTED BY OUTSIDE PERSON OBJECT OR EVENT,MD,PASSENGER CAR,SLOWING OR STOPPING,35,No,2014,KIA,FORTE,39.15656333,-77.20629667,2023,7,13
230046806,Injury Crash,07/29/2023 01:33:00 PM,E JEFFERSON ST,NA,SAME DIR REAR END,Clear,DRY,Daylight,NO CONTROLS,NONE DETECTED,Yes,No Apparent Injury,N/A,OTHER DISTRACTION,MD,PASSENGER CAR,MOVING CONSTANT SPEED,35,No,2012,HONDA,CIVIC,39.10089665,-77.18517879,2023,7,13
230046806,Injury Crash,07/29/2023 01:33:00 PM,E JEFFERSON ST,NA,SAME DIR REAR END,Clear,DRY,Daylight,NO CONTROLS,NONE DETECTED,No,Possible Minor Injury,N/A,NOT DISTRACTED,MD,RECREATIONAL VEHICLE,MAKING RIGHT TURN,35,No,2019,NISSAN,MURANO,39.10089665,-77.18517879,2023,7,13
230046800,Property Damage Crash,07/29/2023 01:30:00 PM,SANDY SPRING RD,NA,STRAIGHT MOVEMENT ANGLE,Clear,DRY,Daylight,TRAFFIC SIGNAL,NONE DETECTED,Yes,No Apparent Injury,N/A,NOT DISTRACTED,MD,PASSENGER CAR,MOVING CONSTANT SPEED,40,No,2012,TOYOTA,CAMRY,39.11118367,-76.93216333,2023,7,13
230046800,Property Damage Crash,07/29/2023 01:30:00 PM,SANDY SPRING RD,NA,STRAIGHT MOVEMENT ANGLE,Clear,DRY,Daylight,TRAFFIC SIGNAL,NONE DETECTED,No,No Apparent Injury,N/A,NOT DISTRACTED,MD,PASSENGER CAR,STARTING FROM LANE,40,No,2023,TOYOTA,COROLLA,39.11118367,-76.93216333,2023,7,13
230046803,Property Damage Crash,07/29/2023 01:27:00 PM,UNIVERSITY BLVD E,NA,SAME DIR REAR END,Clear,DRY,Daylight,N/A,NONE DETECTED,No,No Apparent Injury,N/A,NOT DISTRACTED,MD,TRANSIT BUS,STOPPED IN TRAFFIC LANE,30,No,2013,NWFL,XDE,38.99306483,-76.99201283,2023,7,13
230046803,Property Damage Crash,07/29/2023 01:27:00 PM,UNIVERSITY BLVD E,NA,SAME DIR REAR END,Clear,DRY,Daylight,N/A,NONE DETECTED,Yes,No Apparent Injury,N/A,UNKNOWN,NA,PICKUP TRUCK,UNKNOWN,30,No,2013,FORD,TK,38.99306483,-76.99201283,2023,7,13
230046794,Property Damage Crash,07/29/2023 01:06:00 PM,NA,NA,OTHER,Clear,NA,Daylight,NO CONTROLS,NONE DETECTED,Yes,No Apparent Injury,N/A,NOT DISTRACTED,MD,PASSENGER CAR,PARKING,5,No,2014,LEXUS,4D,39.05607,-77.117395,2023,7,13
230046808,Property Damage Crash,07/29/2023 01:05:00 PM,UNIVERSITY BLVD W,NA,HEAD ON,Clear,DRY,Daylight,NO CONTROLS,NONE DETECTED,Unknown,No Apparent Injury,N/A,UNKNOWN,NM,PASSENGER CAR,MAKING LEFT TURN,15,No,2023,TOYTOTA,CAMRY,39.0350075,-77.06851817,2023,7,13
230046808,Property Damage Crash,07/29/2023 01:05:00 PM,UNIVERSITY BLVD W,NA,HEAD ON,Clear,DRY,Daylight,NO CONTROLS,NONE DETECTED,Unknown,No Apparent Injury,N/A,UNKNOWN,MD,PASSENGER CAR,MAKING LEFT TURN,15,No,2010,MAZDA,3,39.0350075,-77.06851817,2023,7,13
230046785,Injury Crash,07/29/2023 11:50:00 AM,FREDERICK RD,NA,ANGLE MEETS RIGHT TURN,Clear,DRY,Daylight,NO CONTROLS,NONE DETECTED,Yes,Possible Minor Injury,N/A,NOT DISTRACTED,MD,PASSENGER CAR,MAKING RIGHT TURN,20,No,2014,VOLK,TIGUAN,39.18022333,-77.23849333,2023,7,11
230046785,Injury Crash,07/29/2023 11:50:00 AM,FREDERICK RD,NA,ANGLE MEETS RIGHT TURN,Clear,DRY,Daylight,NO CONTROLS,NONE DETECTED,No,No Apparent Injury,N/A,NOT DISTRACTED,MD,PASSENGER CAR,MOVING CONSTANT SPEED,45,No,2003,ACURA,TL,39.18022333,-77.23849333,2023,7,11
230046774,Injury Crash,07/29/2023 11:00:00 AM,W DIAMOND AVE,NA,SAME DIR REAR END,Clear,DRY,Daylight,TRAFFIC SIGNAL,NONE DETECTED,No,No Apparent Injury,N/A,NOT DISTRACTED,MD,PASSENGER CAR,STOPPED IN TRAFFIC LANE,35,No,2018,TOYOTA,CAMARY,39.14274823,-77.22084652,2023,7,11
230046774,Injury Crash,07/29/2023 11:00:00 AM,W DIAMOND AVE,NA,SAME DIR REAR END,Clear,DRY,Daylight,TRAFFIC SIGNAL,NONE DETECTED,Yes,No Apparent Injury,N/A,NOT DISTRACTED,MD,VAN,SLOWING OR STOPPING,35,No,2005,HONDA,VAN,39.14274823,-77.22084652,2023,7,11
230046749,Property Damage Crash,07/29/2023 04:50:00 AM,NEW HAMPSHIRE AVE,NA,SINGLE VEHICLE,Clear,DRY,Medium,NO CONTROLS,NONE DETECTED,No,No Apparent Injury,N/A,NOT DISTRACTED,MD,PASSENGER CAR,MOVING CONSTANT SPEED,40,No,2020,NISSAN,VERSA,39.03272333,-76.98510333,2023,7,4
230046745,Property Damage Crash,07/29/2023 02:55:00 AM,GERMANTOWN RD,NA,SINGLE VEHICLE,Clear,DRY,Medium,N/A,NONE DETECTED,Yes,No Apparent Injury,N/A,NOT DISTRACTED,MD,PASSENGER CAR,MAKING RIGHT TURN,35,No,2016,NISS,SENTRA,39.191365,-77.24501167,2023,7,2
230046743,Property Damage Crash,07/29/2023 02:52:00 AM,CHERRY HILL RD,NA,STRAIGHT MOVEMENT ANGLE,Clear,DRY,Medium,TRAFFIC SIGNAL,NONE DETECTED,Yes,No Apparent Injury,N/A,LOOKED BUT DID NOT SEE,MD,PASSENGER CAR,MOVING CONSTANT SPEED,40,No,2019,MERCEDES,GLC300,39.05639217,-76.95431867,2023,7,2
230046743,Property Damage Crash,07/29/2023 02:52:00 AM,CHERRY HILL RD,NA,STRAIGHT MOVEMENT ANGLE,Clear,DRY,Medium,TRAFFIC SIGNAL,NONE DETECTED,No,No Apparent Injury,N/A,NOT DISTRACTED,MD,PASSENGER CAR,MOVING CONSTANT SPEED,40,No,2016,HONDA,CIVIC,39.05639217,-76.95431867,2023,7,2
230046739,Property Damage Crash,07/29/2023 01:22:00 AM,ANNAPOLIS ROCK RD,NA,SINGLE VEHICLE,Clear,DRY,Medium,STOP SIGN,NONE DETECTED,Yes,No Apparent Injury,N/A,UNKNOWN,PA,PASSENGER CAR,MAKING LEFT TURN,40,No,2015,MINI,COOPER,39.26911667,-77.152185,2023,7,1
230046736,Property Damage Crash,07/29/2023 01:16:00 AM,NEW HAMPSHIRE AVE,NA,SINGLE VEHICLE,Cloudy,DRY,Medium,FLASHING TRAFFIC SIGNAL,NONE DETECTED,Yes,No Apparent Injury,N/A,NOT DISTRACTED,MD,PASSENGER CAR,MOVING CONSTANT SPEED,35,No,2015,HONDA,SEDAN,39.02023667,-76.97669667,2023,7,1
230046730,Property Damage Crash,07/28/2023 11:57:00 PM,SNOUFFERS SCHOOL RD,NA,ANGLE MEETS RIGHT TURN,Clear,WET,Medium,STOP SIGN,NONE DETECTED,No,No Apparent Injury,"N/A, WET",NOT DISTRACTED,MD,PASSENGER CAR,MOVING CONSTANT SPEED,40,No,2015,CHRY,SD,39.16936833,-77.17624333,2023,7,23
230046730,Property Damage Crash,07/28/2023 11:57:00 PM,SNOUFFERS SCHOOL RD,NA,ANGLE MEETS RIGHT TURN,Clear,WET,Medium,STOP SIGN,NONE DETECTED,Yes,No Apparent Injury,"N/A, WET",UNKNOWN,MD,PASSENGER CAR,MAKING RIGHT TURN,40,No,2019,HONDA,HB,39.16936833,-77.17624333,2023,7,23
230046728,Injury Crash,07/28/2023 10:50:00 PM,CLOPPER RD,NA,STRAIGHT MOVEMENT ANGLE,Cloudy,DRY,Medium,FLASHING TRAFFIC SIGNAL,NONE DETECTED,No,No Apparent Injury,N/A,NOT DISTRACTED,MD,(SPORT) UTILITY VEHICLE,MOVING CONSTANT SPEED,30,No,2012,TOYOTA,HIGHLANDER,39.15653144,-77.26660681,2023,7,22
230046728,Injury Crash,07/28/2023 10:50:00 PM,CLOPPER RD,NA,STRAIGHT MOVEMENT ANGLE,Cloudy,DRY,Medium,FLASHING TRAFFIC SIGNAL,NONE DETECTED,Yes,No Apparent Injury,N/A,LOOKED BUT DID NOT SEE,MD,PASSENGER CAR,STARTING FROM LANE,30,No,2016,TOYOTA,COROLLA,39.15653144,-77.26660681,2023,7,22
230046721,Property Damage Crash,07/28/2023 09:53:00 PM,NORBECK RD,NA,STRAIGHT MOVEMENT ANGLE,Rain,WET,Dark,TRAFFIC SIGNAL,NONE DETECTED,No,No Apparent Injury,"SLEET, HAIL, FREEZ. RAIN, TRAFFIC CONTROL DEVICE INOPERATIVE, WET",NOT DISTRACTED,MD,PASSENGER CAR,STARTING FROM LANE,40,No,2019,HYUNDAI,4D,39.12072533,-77.03384217,2023,7,21
230046721,Property Damage Crash,07/28/2023 09:53:00 PM,NORBECK RD,NA,STRAIGHT MOVEMENT ANGLE,Rain,WET,Dark,TRAFFIC SIGNAL,NONE DETECTED,Yes,No Apparent Injury,"SLEET, HAIL, FREEZ. RAIN, TRAFFIC CONTROL DEVICE INOPERATIVE, WET",NOT DISTRACTED,MD,PASSENGER CAR,MOVING CONSTANT SPEED,40,No,2015,TOYOTA,COROLLA,39.12072533,-77.03384217,2023,7,21
230046714,Injury Crash,07/28/2023 08:22:00 PM,OLD COLUMBIA PIKE,NA,HEAD ON,Rain,WET,Dark,NO CONTROLS,NONE DETECTED,Unknown,No Apparent Injury,"DEBRIS OR OBSTRUCTION, RAIN, SNOW, WET",LOOKED BUT DID NOT SEE,MD,PASSENGER CAR,MOVING CONSTANT SPEED,35,No,2012,VOLKSWAGEN,JETTA,39.07188,-76.9602975,2023,7,20
230046714,Injury Crash,07/28/2023 08:22:00 PM,OLD COLUMBIA PIKE,NA,HEAD ON,Rain,WET,Dark,NO CONTROLS,NONE DETECTED,Unknown,Possible Minor Injury,"DEBRIS OR OBSTRUCTION, RAIN, SNOW, WET",NOT DISTRACTED,MD,PASSENGER CAR,ACCELERATING,35,No,2020,CHEV,SD,39.07188,-76.9602975,2023,7,20
230046710,Property Damage Crash,07/28/2023 07:41:00 PM,EAST VILLAGE AVE,NA,SINGLE VEHICLE,Rain,WET,Medium,NO CONTROLS,NONE DETECTED,Yes,No Apparent Injury,"N/A, WET",NOT DISTRACTED,MD,PASSENGER CAR,MOVING CONSTANT SPEED,35,No,2009,TOYOTA,COROLLA,39.188,-77.16834667,2023,7,19
230047709,Property Damage Crash,07/28/2023 07:29:00 PM,WOODMONT AVE,NA,STRAIGHT MOVEMENT ANGLE,Rain,WET,Daylight,TRAFFIC SIGNAL,NONE DETECTED,No,No Apparent Injury,"RAIN, SNOW, WET",NOT DISTRACTED,MD,TRANSIT BUS,MOVING CONSTANT SPEED,30,No,2011,GILL,BUS,38.98474237,-77.09676191,2023,7,19
230047709,Property Damage Crash,07/28/2023 07:29:00 PM,WOODMONT AVE,NA,STRAIGHT MOVEMENT ANGLE,Rain,WET,Daylight,TRAFFIC SIGNAL,NONE DETECTED,Yes,No Apparent Injury,"RAIN, SNOW, WET",LOOKED BUT DID NOT SEE,MD,PASSENGER CAR,SLOWING OR STOPPING,30,No,2007,TOYOTA,SEQUOIA,38.98474237,-77.09676191,2023,7,19
230046703,Property Damage Crash,07/28/2023 06:30:00 PM,WOODFIELD RD,NA,SAME DIR REAR END,Rain,WET,Daylight,TRAFFIC SIGNAL,NONE DETECTED,No,No Apparent Injury,"RAIN, SNOW, WET",NOT DISTRACTED,MD,PASSENGER CAR,SLOWING OR STOPPING,30,No,2017,HONDA,HB,39.26000333,-77.20270167,2023,7,18
230046703,Property Damage Crash,07/28/2023 06:30:00 PM,WOODFIELD RD,NA,SAME DIR REAR END,Rain,WET,Daylight,TRAFFIC SIGNAL,NONE DETECTED,Yes,No Apparent Injury,"RAIN, SNOW, WET",NOT DISTRACTED,MD,PASSENGER CAR,SLOWING OR STOPPING,30,No,1996,HONDA,ACCORD,39.26000333,-77.20270167,2023,7,18
230046688,Property Damage Crash,07/28/2023 04:44:00 PM,TWINBROOK PKWY,NA,SAME DIRECTION LEFT TURN,Clear,DRY,Daylight,TRAFFIC SIGNAL,NONE DETECTED,No,No Apparent Injury,N/A,NOT DISTRACTED,MD,TRANSIT BUS,MAKING LEFT TURN,25,No,2011,GILL,LOWFLOOR,39.07362021,-77.11259485,2023,7,16
230046688,Property Damage Crash,07/28/2023 04:44:00 PM,TWINBROOK PKWY,NA,SAME DIRECTION LEFT TURN,Clear,DRY,Daylight,TRAFFIC SIGNAL,NONE DETECTED,Yes,No Apparent Injury,N/A,LOOKED BUT DID NOT SEE,NA,UNKNOWN,MAKING LEFT TURN,25,No,0,UNKNOWN,UNKNOWN,39.07362021,-77.11259485,2023,7,16
230046670,Property Damage Crash,07/28/2023 03:54:00 PM,COLUMBIA PIKE,NA,SAME DIRECTION SIDESWIPE,Clear,N/A,Daylight,NO CONTROLS,NONE DETECTED,No,No Apparent Injury,N/A,NOT DISTRACTED,MD,PASSENGER CAR,MOVING CONSTANT SPEED,45,No,2020,JEEP,UT,39.06684833,-76.9602425,2023,7,15
230046670,Property Damage Crash,07/28/2023 03:54:00 PM,COLUMBIA PIKE,NA,SAME DIRECTION SIDESWIPE,Clear,N/A,Daylight,NO CONTROLS,NONE DETECTED,Yes,No Apparent Injury,N/A,NOT DISTRACTED,NA,PASSENGER CAR,CHANGING LANES,45,No,2014,HYUNDAI,ACCENT,39.06684833,-76.9602425,2023,7,15
230046664,Property Damage Crash,07/28/2023 03:30:00 PM,S FREDERICK RD,NA,SAME DIR REAR END,Clear,DRY,Daylight,NO CONTROLS,NONE DETECTED,Yes,No Apparent Injury,N/A,UNKNOWN,NA,NA,MOVING CONSTANT SPEED,40,No,0,UNKNOWN,UNKNOWN,39.13306509,-77.18987297,2023,7,15
230046664,Property Damage Crash,07/28/2023 03:30:00 PM,S FREDERICK RD,NA,SAME DIR REAR END,Clear,DRY,Daylight,NO CONTROLS,NONE DETECTED,No,No Apparent Injury,N/A,NOT DISTRACTED,MD,PASSENGER CAR,MOVING CONSTANT SPEED,40,No,2019,HONDA,CRV,39.13306509,-77.18987297,2023,7,15
230046662,Property Damage Crash,07/28/2023 03:11:00 PM,WATKINS MILL RD,NA,STRAIGHT MOVEMENT ANGLE,Clear,DRY,Daylight,NO CONTROLS,NONE DETECTED,Yes,No Apparent Injury,N/A,UNKNOWN,NA,PASSENGER CAR,MAKING LEFT TURN,30,No,2013,HONDA,PILOT,39.15998333,-77.21581667,2023,7,15
230046662,Property Damage Crash,07/28/2023 03:11:00 PM,WATKINS MILL RD,NA,STRAIGHT MOVEMENT ANGLE,Clear,DRY,Daylight,NO CONTROLS,NONE DETECTED,No,No Apparent Injury,N/A,NOT DISTRACTED,MD,PASSENGER CAR,MOVING CONSTANT SPEED,30,No,2020,NISSAN,SENTRA,39.15998333,-77.21581667,2023,7,15
230046659,Property Damage Crash,07/28/2023 02:31:00 PM,PHILADELPHIA AVE,NA,STRAIGHT MOVEMENT ANGLE,Clear,DRY,Daylight,STOP SIGN,NONE DETECTED,Yes,No Apparent Injury,N/A,UNKNOWN,MD,PICKUP TRUCK,MOVING CONSTANT SPEED,25,No,2020,FORD,PK,38.98298779,-77.0149523,2023,7,14
230046659,Property Damage Crash,07/28/2023 02:31:00 PM,PHILADELPHIA AVE,NA,STRAIGHT MOVEMENT ANGLE,Clear,DRY,Daylight,STOP SIGN,NONE DETECTED,No,No Apparent Injury,N/A,NOT DISTRACTED,DC,PASSENGER CAR,ACCELERATING,15,No,2020,CHEVROLET,MALIBU,38.98298779,-77.0149523,2023,7,14
230046651,Property Damage Crash,07/28/2023 01:32:00 PM,GEORGIA AVE,NA,SAME DIRECTION RIGHT TURN,Clear,DRY,Daylight,TRAFFIC SIGNAL,NONE DETECTED,No,No Apparent Injury,N/A,UNKNOWN,MD,PASSENGER CAR,STOPPED IN TRAFFIC LANE,0,No,2019,SUBA,SW,39.02535719,-77.04617272,2023,7,13
230046651,Property Damage Crash,07/28/2023 01:32:00 PM,GEORGIA AVE,NA,SAME DIRECTION RIGHT TURN,Clear,DRY,Daylight,TRAFFIC SIGNAL,NONE DETECTED,Yes,No Apparent Injury,N/A,UNKNOWN,NA,PASSENGER CAR,CHANGING LANES,25,No,2019,TOYOTA,HIGHLANDER,39.02535719,-77.04617272,2023,7,13
230046646,Property Damage Crash,07/28/2023 01:15:00 PM,NA,NA,STRAIGHT MOVEMENT ANGLE,Clear,NA,Daylight,NO CONTROLS,NONE DETECTED,No,No Apparent Injury,N/A,NOT DISTRACTED,MD,PASSENGER CAR,MOVING CONSTANT SPEED,15,No,2018,HONDA,CIVIC,39.05391333,-76.955585,2023,7,13
230046646,Property Damage Crash,07/28/2023 01:15:00 PM,NA,NA,STRAIGHT MOVEMENT ANGLE,Clear,NA,Daylight,NO CONTROLS,NONE DETECTED,Yes,No Apparent Injury,N/A,LOOKED BUT DID NOT SEE,DC,PASSENGER CAR,MAKING RIGHT TURN,15,No,2015,CHRYSLER,200,39.05391333,-76.955585,2023,7,13
230046634,Property Damage Crash,07/28/2023 12:53:00 PM,GERMANTOWN RD,NA,SAME DIR REAR END,Clear,DRY,Daylight,NO CONTROLS,NONE DETECTED,Yes,No Apparent Injury,N/A,UNKNOWN,MD,PICKUP TRUCK,MOVING CONSTANT SPEED,45,No,1991,CHEVROLET,S10,39.19219217,-77.24368267,2023,7,12
230046634,Property Damage Crash,07/28/2023 12:53:00 PM,GERMANTOWN RD,NA,SAME DIR REAR END,Clear,DRY,Daylight,NO CONTROLS,NONE DETECTED,No,No Apparent Injury,N/A,NOT DISTRACTED,MD,PASSENGER CAR,SLOWING OR STOPPING,45,No,2022,GENISIS,GV80,39.19219217,-77.24368267,2023,7,12
230046638,Property Damage Crash,07/28/2023 12:49:00 PM,GEORGIA AVE,NA,SAME DIRECTION SIDESWIPE,Clear,DRY,Daylight,NO CONTROLS,NONE DETECTED,No,No Apparent Injury,N/A,UNKNOWN,MD,TRANSIT BUS,MOVING CONSTANT SPEED,35,No,2013,TBU,BUS,39.01413266,-77.04187521,2023,7,12
230046638,Property Damage Crash,07/28/2023 12:49:00 PM,GEORGIA AVE,NA,SAME DIRECTION SIDESWIPE,Clear,DRY,Daylight,NO CONTROLS,NONE DETECTED,Yes,No Apparent Injury,N/A,UNKNOWN,MD,PASSENGER CAR,ACCELERATING,25,No,2021,NISS,CG,39.01413266,-77.04187521,2023,7,12
230046637,Property Damage Crash,07/28/2023 11:25:00 AM,NA,NA,SINGLE VEHICLE,Clear,NA,Daylight,NO CONTROLS,NONE DETECTED,Yes,No Apparent Injury,N/A,LOOKED BUT DID NOT SEE,MD,PASSENGER CAR,MAKING RIGHT TURN,0,No,2014,CHEVY,TRAVERSE,38.9919258,-77.0271821,2023,7,11
230046613,Property Damage Crash,07/28/2023 10:48:00 AM,RIDGE RD,NA,SAME DIR REAR END,Clear,DRY,Daylight,NO CONTROLS,NONE DETECTED,Yes,No Apparent Injury,N/A,NOT DISTRACTED,MD,PICKUP TRUCK,SLOWING OR STOPPING,30,No,2010,FORD,F150,39.311659,-77.19804367,2023,7,10
230046613,Property Damage Crash,07/28/2023 10:48:00 AM,RIDGE RD,NA,SAME DIR REAR END,Clear,DRY,Daylight,NO CONTROLS,NONE DETECTED,No,No Apparent Injury,N/A,NOT DISTRACTED,MD,PASSENGER CAR,SLOWING OR STOPPING,40,No,2022,HYUN,ELANTRA,39.311659,-77.19804367,2023,7,10
230046604,Injury Crash,07/28/2023 10:00:00 AM,MONTROSE PKWY,NA,SINGLE VEHICLE,Clear,DRY,Daylight,NO CONTROLS,NONE DETECTED,Yes,Possible Minor Injury,N/A,UNKNOWN,VA,MOTORCYCLE,CHANGING LANES,35,No,2022,SUZUKI,GSX,39.05082724,-77.12907578,2023,7,10
230046598,Property Damage Crash,07/28/2023 09:45:00 AM,RIDGE RD,NA,SINGLE VEHICLE,Clear,DRY,Daylight,N/A,NONE DETECTED,Yes,No Apparent Injury,N/A,NOT DISTRACTED,MD,PASSENGER CAR,SLOWING OR STOPPING,50,No,2005,TOYT,SD,39.33064833,-77.19008667,2023,7,9
230046597,Property Damage Crash,07/28/2023 09:43:00 AM,OLNEY LAYTONSVILLE RD,NA,SAME DIR REAR END,Clear,DRY,Daylight,NO CONTROLS,NONE DETECTED,No,No Apparent Injury,N/A,NOT DISTRACTED,MD,PASSENGER CAR,SLOWING OR STOPPING,40,No,2023,MERCEDES,A220,39.17692517,-77.10073817,2023,7,9
230046597,Property Damage Crash,07/28/2023 09:43:00 AM,OLNEY LAYTONSVILLE RD,NA,SAME DIR REAR END,Clear,DRY,Daylight,NO CONTROLS,NONE DETECTED,Yes,No Apparent Injury,N/A,NOT DISTRACTED,MD,PASSENGER CAR,MOVING CONSTANT SPEED,40,No,2001,BUICK,LE SABRE,39.17692517,-77.10073817,2023,7,9
230046588,Property Damage Crash,07/28/2023 09:05:00 AM,HOUSTON ST,NA,SINGLE VEHICLE,Clear,DRY,Daylight,NO CONTROLS,NONE DETECTED,Yes,No Apparent Injury,N/A,LOOKED BUT DID NOT SEE,MD,SCHOOL BUS,MOVING CONSTANT SPEED,30,No,2020,THMS,BU,38.99606,-77.02017667,2023,7,9
230046684,Property Damage Crash,07/28/2023 08:39:00 AM,CONNECTICUT AVE,NA,SAME DIRECTION SIDESWIPE,Clear,DRY,Daylight,NO CONTROLS,NONE DETECTED,No,No Apparent Injury,N/A,NOT DISTRACTED,TX,PASSENGER CAR,MOVING CONSTANT SPEED,30,No,2018,FORD,TRANSIT 350,38.97900147,-77.0772196,2023,7,8
230046684,Property Damage Crash,07/28/2023 08:39:00 AM,CONNECTICUT AVE,NA,SAME DIRECTION SIDESWIPE,Clear,DRY,Daylight,NO CONTROLS,NONE DETECTED,Yes,No Apparent Injury,N/A,UNKNOWN,MD,PASSENGER CAR,CHANGING LANES,30,No,2010,FORD,EXPIDITION,38.97900147,-77.0772196,2023,7,8
230046577,Property Damage Crash,07/28/2023 07:50:00 AM,MUSGROVE RD,NA,SAME DIRECTION LEFT TURN,Clear,DRY,Daylight,TRAFFIC SIGNAL,NONE DETECTED,Yes,No Apparent Injury,N/A,LOOKED BUT DID NOT SEE,MD,VAN,CHANGING LANES,30,No,2005,CHEVROLET,VN,39.07208167,-76.95960667,2023,7,7
230046577,Property Damage Crash,07/28/2023 07:50:00 AM,MUSGROVE RD,NA,SAME DIRECTION LEFT TURN,Clear,DRY,Daylight,TRAFFIC SIGNAL,NONE DETECTED,No,No Apparent Injury,N/A,NOT DISTRACTED,MD,PASSENGER CAR,MOVING CONSTANT SPEED,30,No,2016,HOND,VN,39.07208167,-76.95960667,2023,7,7
230046566,Injury Crash,07/28/2023 07:35:00 AM,MIDCOUNTY HWY,NA,SAME DIR REAR END,Clear,N/A,Daylight,TRAFFIC SIGNAL,NONE DETECTED,No,Possible Minor Injury,N/A,NOT DISTRACTED,MD,PASSENGER CAR,STOPPED IN TRAFFIC LANE,35,No,2016,ACURA,SUV,39.14110333,-77.152215,2023,7,7
230046566,Injury Crash,07/28/2023 07:35:00 AM,MIDCOUNTY HWY,NA,SAME DIR REAR END,Clear,N/A,Daylight,TRAFFIC SIGNAL,NONE DETECTED,Yes,No Apparent Injury,N/A,NOT DISTRACTED,MD,PASSENGER CAR,ACCELERATING,45,No,2017,HONDA,HB,39.14110333,-77.152215,2023,7,7
230046569,Property Damage Crash,07/28/2023 07:10:00 AM,16TH ST,NA,SINGLE VEHICLE,Clear,DRY,Daylight,N/A,NONE DETECTED,Yes,No Apparent Injury,N/A,LOOKED BUT DID NOT SEE,MD,SCHOOL BUS,MOVING CONSTANT SPEED,30,No,2015,FRHT,BU,38.99977833,-77.039955,2023,7,7
230046563,Property Damage Crash,07/28/2023 06:06:00 AM,NA,NA,SAME DIRECTION SIDESWIPE,Clear,NA,Daylight,NO CONTROLS,NONE DETECTED,Yes,No Apparent Injury,N/A,LOOKED BUT DID NOT SEE,MD,PASSENGER CAR,PASSING,5,No,2010,HONDA,CIVIC,39.001226,-76.98763849,2023,7,6
230046563,Property Damage Crash,07/28/2023 06:06:00 AM,NA,NA,SAME DIRECTION SIDESWIPE,Clear,NA,Daylight,NO CONTROLS,NONE DETECTED,No,No Apparent Injury,N/A,NOT DISTRACTED,MD,PASSENGER CAR,MOVING CONSTANT SPEED,5,No,2017,TOYOTA,HIGHLANDER,39.001226,-76.98763849,2023,7,6
230046550,Property Damage Crash,07/28/2023 12:50:00 AM,CAPITAL BELTWAY,NA,SINGLE VEHICLE,Clear,DRY,Medium,N/A,DRUG PRESENT,Yes,No Apparent Injury,N/A,NOT DISTRACTED,MD,PASSENGER CAR,MOVING CONSTANT SPEED,30,No,2021,MAZDA,6,39.01730989,-77.01593898,2023,7,0
230046547,Property Damage Crash,07/28/2023 12:44:00 AM,FREDERICK RD,NA,SINGLE VEHICLE,Clear,DRY,Medium,FLASHING TRAFFIC SIGNAL,DRUG AND ALCOHOL CONTRIBUTED,Yes,No Apparent Injury,N/A,OTHER DISTRACTION,MD,PASSENGER CAR,MOVING CONSTANT SPEED,35,No,2007,VOLKSWAGEN,BEETLE,39.15581685,-77.21573753,2023,7,0
230046543,Property Damage Crash,07/27/2023 11:25:00 PM,GERMANTOWN RD,NA,SINGLE VEHICLE,Clear,DRY,Medium,NO CONTROLS,ALCOHOL PRESENT,Yes,No Apparent Injury,N/A,INATTENTIVE OR LOST IN THOUGHT,MD,PASSENGER CAR,MOVING CONSTANT SPEED,45,No,2012,TOYOTA,SCION,39.18494805,-77.25408163,2023,7,23