Local Case Number,ACRS Report Type,Crash Date/Time,Road Name,Related Non-Motorist,Collision Type,Weather,Surface Condition,Light,Traffic Control,Driver Substance Abuse,Driver At Fault,Injury Severity,Circumstance,Driver Distracted By,Drivers License State,Vehicle Body Type,Vehicle Movement,Speed Limit,Driverless Vehicle,Vehicle Year,Vehicle Make,Vehicle Model,Latitude,Longitude,Year,Month,Hour
230046147,Property Damage Crash,07/26/2023 09:25:00 AM,OLNEY LAYTONSVILLE RD,NA,SAME DIR REAR END,Clear,N/A,Daylight,N/A,NONE DETECTED,No,No Apparent Injury,N/A,NOT DISTRACTED,MD,PASSENGER CAR,MOVING CONSTANT SPEED,30,No,2021,MERZ,UT,39.15551964,-77.07049724,2023,7,9
230046147,Property Damage Crash,07/26/2023 09:25:00 AM,OLNEY LAYTONSVILLE RD,NA,SAME DIR REAR END,Clear,N/A,Daylight,N/A,NONE DETECTED,Yes,No Apparent Injury,N/A,INATTENTIVE OR LOST IN THOUGHT,MD,PASSENGER CAR,ACCELERATING,30,No,2014,HYUN,SD,39.15551964,-77.07049724,2023,7,9
230046148,Property Damage Crash,07/26/2023 09:16:00 AM,CONNECTICUT AVE,NA,SAME DIRECTION SIDESWIPE,Clear,DRY,Daylight,TRAFFIC SIGNAL,NONE DETECTED,Unknown,No Apparent Injury,"BACKUP DUE TO REGULAR CONGESTION, N/A",UNKNOWN,XX,(SPORT) UTILITY VEHICLE,UNKNOWN,35,No,2011,HONDA,PILOT,39.00809436,-77.08012423,2023,7,9
230046148,Property Damage Crash,07/26/2023 09:16:00 AM,CONNECTICUT AVE,NA,SAME DIRECTION SIDESWIPE,Clear,DRY,Daylight,TRAFFIC SIGNAL,NONE DETECTED,Unknown,No Apparent Injury,"BACKUP DUE TO REGULAR CONGESTION, N/A",UNKNOWN,MD,(SPORT) UTILITY VEHICLE,UNKNOWN,35,No,2016,JEEP,WRANGLER,39.00809436,-77.08012423,2023,7,9
230046146,Property Damage Crash,07/26/2023 09:15:00 AM,NA,NA,OTHER,Clear,NA,Daylight,N/A,NONE DETECTED,Yes,No Apparent Injury,N/A,UNKNOWN,MD,PASSENGER CAR,PARKING,5,No,2011,HYUNDAI,SANTA FE,39.06057259,-77.1233811,2023,7,9
230046146,Property Damage Crash,07/26/2023 09:15:00 AM,NA,NA,OTHER,Clear,NA,Daylight,N/A,NONE DETECTED,No,No Apparent Injury,N/A,NOT DISTRACTED,DC,PASSENGER CAR,N/A,5,No,2021,FORD,EXPLORER,39.06057259,-77.1233811,2023,7,9
230046144,Property Damage Crash,07/26/2023 09:04:00 AM,SHADY GROVE RD,NA,SAME DIR REAR END,Clear,DRY,Daylight,TRAFFIC SIGNAL,NONE DETECTED,Yes,No Apparent Injury,N/A,NOT DISTRACTED,MD,PASSENGER CAR,SLOWING OR STOPPING,40,No,2021,TOYT,SD,39.12316833,-77.17728333,2023,7,9
230046144,Property Damage Crash,07/26/2023 09:04:00 AM,SHADY GROVE RD,NA,SAME DIR REAR END,Clear,DRY,Daylight,TRAFFIC SIGNAL,NONE DETECTED,No,No Apparent Injury,N/A,NOT DISTRACTED,MD,PICKUP TRUCK,SLOWING OR STOPPING,40,No,2017,FORD,F250,39.12316833,-77.17728333,2023,7,9
230046136,Injury Crash,07/26/2023 08:28:00 AM,MONTGOMERY VILLAGE AVE,NA,SINGLE VEHICLE,Clear,DRY,Daylight,NO CONTROLS,NONE DETECTED,Yes,Possible Minor Injury,N/A,UNKNOWN,MD,PASSENGER CAR,MOVING CONSTANT SPEED,30,No,2009,MAZDA,5,39.16727602,-77.2051131,2023,7,8
230046128,Property Damage Crash,07/26/2023 07:23:00 AM,NA,NA,SINGLE VEHICLE,Clear,NA,Daylight,NO CONTROLS,NONE DETECTED,Yes,No Apparent Injury,N/A,LOOKED BUT DID NOT SEE,MD,PICKUP TRUCK,BACKING,10,No,2012,CHEVROLET,PK,39.04649167,-77.11325,2023,7,7
230046112,Property Damage Crash,07/26/2023 06:25:00 AM,GABEL ST,NA,SAME DIRECTION SIDESWIPE,Clear,DRY,Daylight,NO CONTROLS,NONE DETECTED,Yes,No Apparent Injury,N/A,LOOKED BUT DID NOT SEE,MD,TRANSIT BUS,MOVING CONSTANT SPEED,10,No,2014,GILL,BUS,39.03256333,-77.027705,2023,7,6
230046299,Property Damage Crash,07/26/2023 05:00:00 AM,LAYHILL RD,NA,SINGLE VEHICLE,Clear,DRY,Medium,TRAFFIC SIGNAL,NONE DETECTED,No,No Apparent Injury,N/A,NO DRIVER PRESENT,NA,(SPORT) UTILITY VEHICLE,UNKNOWN,45,No,2010,HONDA,PILOT,39.06913076,-77.0456019,2023,7,5
230034842,Property Damage Crash,07/26/2023 01:27:00 AM,FREDERICK RD,NA,SINGLE VEHICLE,Clear,DRY,Medium,N/A,ALCOHOL PRESENT,Yes,No Apparent Injury,N/A,UNKNOWN,MD,PASSENGER CAR,MOVING CONSTANT SPEED,40,No,1996,JEEP,CHEROKEE,39.16757425,-77.22985996,2023,7,1
230046104,Injury Crash,07/26/2023 12:57:00 AM,GEORGIA AVE,NA,STRAIGHT MOVEMENT ANGLE,Clear,DRY,Medium,FLASHING TRAFFIC SIGNAL,NONE DETECTED,Yes,Possible Minor Injury,N/A,NOT DISTRACTED,MD,PASSENGER CAR,MOVING CONSTANT SPEED,25,No,2020,HYUNDAI,ELANTRA,39.04309175,-77.05200021,2023,7,0
230046104,Injury Crash,07/26/2023 12:57:00 AM,GEORGIA AVE,NA,STRAIGHT MOVEMENT ANGLE,Clear,DRY,Medium,FLASHING TRAFFIC SIGNAL,NONE DETECTED,No,Possible Minor Injury,N/A,NOT DISTRACTED,DC,PASSENGER CAR,MOVING CONSTANT SPEED,25,No,2017,NISSAN,ALTIMA,39.04309175,-77.05200021,2023,7,0
230046096,Property Damage Crash,07/25/2023 11:26:00 PM,PRINCE GEORGES AVE,NA,OTHER,Clear,DRY,Medium,N/A,NONE DETECTED,Yes,No Apparent Injury,N/A,UNKNOWN,NA,PASSENGER CAR,ACCELERATING,25,No,2015,LEXUS,SD,38.97271333,-76.998232,2023,7,23
230046088,Injury Crash,07/25/2023 10:02:00 PM,BEL PRE RD,NA,SAME DIRECTION LEFT TURN,Clear,DRY,Medium,TRAFFIC SIGNAL,NONE DETECTED,Yes,No Apparent Injury,N/A,NOT DISTRACTED,MD,PASSENGER CAR,CHANGING LANES,35,No,2014,HOND,SD,39.09338467,-77.07892217,2023,7,22
230046088,Injury Crash,07/25/2023 10:02:00 PM,BEL PRE RD,NA,SAME DIRECTION LEFT TURN,Clear,DRY,Medium,TRAFFIC SIGNAL,NONE DETECTED,No,Possible Minor Injury,N/A,NOT DISTRACTED,MD,PASSENGER CAR,MAKING LEFT TURN,35,No,2019,HONDA,FIT,39.09338467,-77.07892217,2023,7,22
230046091,Injury Crash,07/25/2023 09:57:00 PM,FREDERICK RD,NA,HEAD ON LEFT TURN,Clear,WET,Medium,TRAFFIC SIGNAL,NONE DETECTED,Yes,Possible Minor Injury,"RAIN, SNOW, WET",NOT DISTRACTED,MD,PASSENGER CAR,MAKING LEFT TURN,35,No,2021,HYUNDAI,ACCENT,39.1190664,-77.1719867,2023,7,21
230046091,Injury Crash,07/25/2023 09:57:00 PM,FREDERICK RD,NA,HEAD ON LEFT TURN,Clear,WET,Medium,TRAFFIC SIGNAL,NONE DETECTED,No,Possible Minor Injury,"RAIN, SNOW, WET",NOT DISTRACTED,MD,PASSENGER CAR,MOVING CONSTANT SPEED,35,No,2017,NISSAN,ROUGE,39.1190664,-77.1719867,2023,7,21
230046085,Property Damage Crash,07/25/2023 09:34:00 PM,BEL PRE RD,NA,SINGLE VEHICLE,Clear,DRY,Medium,TRAFFIC SIGNAL,ALCOHOL PRESENT,Yes,No Apparent Injury,N/A,UNKNOWN,XX,PASSENGER CAR,MAKING RIGHT TURN,35,No,2023,DODGE,CHARGER,39.09160717,-77.06978033,2023,7,21
230046073,Property Damage Crash,07/25/2023 07:29:00 PM,GEORGIA AVE,NA,SAME DIR REAR END,Clear,DRY,Daylight,TRAFFIC SIGNAL,NONE DETECTED,Yes,No Apparent Injury,N/A,INATTENTIVE OR LOST IN THOUGHT,NA,PASSENGER CAR,MOVING CONSTANT SPEED,25,No,2015,VOLKS,JETTA,39.05302158,-77.05088785,2023,7,19
230046073,Property Damage Crash,07/25/2023 07:29:00 PM,GEORGIA AVE,NA,SAME DIR REAR END,Clear,DRY,Daylight,TRAFFIC SIGNAL,NONE DETECTED,No,No Apparent Injury,N/A,NOT DISTRACTED,MD,PASSENGER CAR,MAKING LEFT TURN,25,No,2019,MAZDA,6,39.05302158,-77.05088785,2023,7,19
230046055,Property Damage Crash,07/25/2023 05:56:00 PM,MONTGOMERY VILLAGE AVE,NA,SINGLE VEHICLE,Clear,DRY,Daylight,TRAFFIC SIGNAL,NONE DETECTED,Yes,No Apparent Injury,N/A,NOT DISTRACTED,MD,PICKUP TRUCK,MAKING RIGHT TURN,35,No,2019,FORD,F-150,39.15473595,-77.20965983,2023,7,17
230046051,Injury Crash,07/25/2023 05:32:00 PM,LOST KNIFE RD,NA,HEAD ON LEFT TURN,Clear,DRY,Daylight,TRAFFIC SIGNAL,NONE DETECTED,Yes,No Apparent Injury,N/A,NOT DISTRACTED,MD,PASSENGER CAR,MAKING LEFT TURN,30,No,2003,NISSAN,PATHFINDER,39.15504558,-77.20079625,2023,7,17
230046051,Injury Crash,07/25/2023 05:32:00 PM,LOST KNIFE RD,NA,HEAD ON LEFT TURN,Clear,DRY,Daylight,TRAFFIC SIGNAL,NONE DETECTED,No,Possible Minor Injury,N/A,NOT DISTRACTED,MD,PASSENGER CAR,MOVING CONSTANT SPEED,30,No,2019,SUBARU,SUV,39.15504558,-77.20079625,2023,7,17
230046043,Injury Crash,07/25/2023 05:20:00 PM,GEORGIA AVE,NA,SAME DIR REAR END,Clear,DRY,Daylight,TRAFFIC SIGNAL,NONE DETECTED,No,Possible Minor Injury,N/A,NOT DISTRACTED,DC,PASSENGER CAR,SLOWING OR STOPPING,25,No,2023,TOYOTA,HIGHLANDER,39.046731,-77.05193133,2023,7,17
230046043,Injury Crash,07/25/2023 05:20:00 PM,GEORGIA AVE,NA,SAME DIR REAR END,Clear,DRY,Daylight,TRAFFIC SIGNAL,NONE DETECTED,Yes,No Apparent Injury,N/A,LOOKED BUT DID NOT SEE,MD,PASSENGER CAR,ACCELERATING,25,No,2003,HONDA,ODYSSEY,39.046731,-77.05193133,2023,7,17
230046047,Property Damage Crash,07/25/2023 05:11:00 PM,VEIRS MILL RD,NA,SINGLE VEHICLE,Cloudy,DRY,Daylight,NO CONTROLS,NONE DETECTED,Yes,No Apparent Injury,N/A,NOT DISTRACTED,MD,TRANSIT BUS,SLOWING OR STOPPING,30,No,2013,NEW FLYER,TBU,39.03965017,-77.05496567,2023,7,17
230046011,Property Damage Crash,07/25/2023 03:35:00 PM,RANDOLPH RD,NA,SAME DIRECTION SIDESWIPE,Clear,DRY,Daylight,NO CONTROLS,NONE DETECTED,No,No Apparent Injury,N/A,NOT DISTRACTED,MD,SCHOOL BUS,MOVING CONSTANT SPEED,35,No,2020,THMS,BUS,39.05873417,-77.07052833,2023,7,15
230046011,Property Damage Crash,07/25/2023 03:35:00 PM,RANDOLPH RD,NA,SAME DIRECTION SIDESWIPE,Clear,DRY,Daylight,NO CONTROLS,NONE DETECTED,Yes,No Apparent Injury,N/A,LOOKED BUT DID NOT SEE,MD,(SPORT) UTILITY VEHICLE,CHANGING LANES,35,No,2022,TOYT,RAV4,39.05873417,-77.07052833,2023,7,15
230046013,Injury Crash,07/25/2023 03:20:00 PM,ROCKVILLE PIKE,NA,STRAIGHT MOVEMENT ANGLE,Clear,DRY,Daylight,TRAFFIC SIGNAL,NONE DETECTED,No,Possible Minor Injury,N/A,NOT DISTRACTED,MD,PASSENGER CAR,ACCELERATING,35,No,2018,DODGE,CHARGER,39.08383985,-77.15311808,2023,7,15
230046013,Injury Crash,07/25/2023 03:20:00 PM,ROCKVILLE PIKE,NA,STRAIGHT MOVEMENT ANGLE,Clear,DRY,Daylight,TRAFFIC SIGNAL,NONE DETECTED,Yes,No Apparent Injury,N/A,NOT DISTRACTED,MD,PASSENGER CAR,STARTING FROM LANE,25,No,2019,HYUNDIA,ACCENT,39.08383985,-77.15311808,2023,7,15
230046026,Injury Crash,07/25/2023 03:15:00 PM,QUINCE ORCHARD RD,NA,STRAIGHT MOVEMENT ANGLE,Clear,DRY,Daylight,TRAFFIC SIGNAL,NONE DETECTED,Yes,No Apparent Injury,N/A,LOOKED BUT DID NOT SEE,NC,(SPORT) UTILITY VEHICLE,MAKING LEFT TURN,45,No,2022,FORD,EXPEDITION,39.12901825,-77.2302291,2023,7,15
230046026,Injury Crash,07/25/2023 03:15:00 PM,QUINCE ORCHARD RD,NA,STRAIGHT MOVEMENT ANGLE,Clear,DRY,Daylight,TRAFFIC SIGNAL,NONE DETECTED,No,Possible Minor Injury,N/A,NOT DISTRACTED,MD,(SPORT) UTILITY VEHICLE,MOVING CONSTANT SPEED,45,No,2023,HOND,UT,39.12901825,-77.2302291,2023,7,15
230046185,Property Damage Crash,07/25/2023 01:45:00 PM,EDGEMOOR LA,NA,SAME DIR REND LEFT TURN,Clear,DRY,Daylight,NO CONTROLS,NONE DETECTED,Yes,No Apparent Injury,N/A,LOOKED BUT DID NOT SEE,MD,TRANSIT BUS,MAKING LEFT TURN,25,No,2022,BUS,BUS,38.98546551,-77.09578065,2023,7,13
230046120,Property Damage Crash,07/25/2023 01:19:00 PM,FIELDS RD,NA,SINGLE VEHICLE,Clear,DRY,Daylight,NO CONTROLS,NONE DETECTED,Yes,No Apparent Injury,N/A,UNKNOWN,MD,PASSENGER CAR,MOVING CONSTANT SPEED,30,No,2022,FORD,MUSTANG,39.1159395,-77.20444058,2023,7,13
230046004,Property Damage Crash,07/25/2023 01:12:00 PM,NA,NA,SAME DIRECTION SIDESWIPE,Clear,NA,Daylight,N/A,NONE DETECTED,Yes,No Apparent Injury,N/A,INATTENTIVE OR LOST IN THOUGHT,MD,(SPORT) UTILITY VEHICLE,PARKING,10,No,2021,MERZ,GLB 250,39.02549033,-77.1249845,2023,7,13
230046200,Property Damage Crash,07/25/2023 01:10:00 PM,SHADY GROVE RD,NA,STRAIGHT MOVEMENT ANGLE,Clear,DRY,Daylight,TRAFFIC SIGNAL,NONE DETECTED,No,No Apparent Injury,N/A,NOT DISTRACTED,MD,PASSENGER CAR,MOVING CONSTANT SPEED,40,No,2021,HYUNDAI,UT,39.0931506,-77.19653287,2023,7,13
230046200,Property Damage Crash,07/25/2023 01:10:00 PM,SHADY GROVE RD,NA,STRAIGHT MOVEMENT ANGLE,Clear,DRY,Daylight,TRAFFIC SIGNAL,NONE DETECTED,Yes,No Apparent Injury,N/A,LOOKED BUT DID NOT SEE,MD,PASSENGER CAR,MAKING LEFT TURN,40,No,2020,NISSAN,TK,39.0931506,-77.19653287,2023,7,13
230046331,Property Damage Crash,07/25/2023 01:07:00 PM,CAPITAL BELTWAY,NA,SAME DIR REAR END,Clear,DRY,Daylight,NO CONTROLS,NONE DETECTED,Yes,No Apparent Injury,"BACKUP DUE TO REGULAR CONGESTION, N/A",UNKNOWN,MD,PASSENGER CAR,SLOWING OR STOPPING,55,No,2013,TOYOTA,SCION,39.01606179,-77.00757969,2023,7,13
230046331,Property Damage Crash,07/25/2023 01:07:00 PM,CAPITAL BELTWAY,NA,SAME DIR REAR END,Clear,DRY,Daylight,NO CONTROLS,NONE DETECTED,No,No Apparent Injury,"BACKUP DUE TO REGULAR CONGESTION, N/A",NOT DISTRACTED,MD,PASSENGER CAR,STOPPED IN TRAFFIC LANE,55,No,2019,HONDA,CIVIC,39.01606179,-77.00757969,2023,7,13
230046232,Injury Crash,07/25/2023 12:51:00 PM,GEORGIA AVE,NA,HEAD ON LEFT TURN,Clear,DRY,Daylight,NO CONTROLS,NONE DETECTED,No,Possible Minor Injury,"BACKUP DUE TO REGULAR CONGESTION, N/A",NOT DISTRACTED,MD,PASSENGER CAR,MOVING CONSTANT SPEED,45,No,1999,LEXUS,ES300,39.0851605,-77.0787055,2023,7,12
230046232,Injury Crash,07/25/2023 12:51:00 PM,GEORGIA AVE,NA,HEAD ON LEFT TURN,Clear,DRY,Daylight,NO CONTROLS,NONE DETECTED,No,No Apparent Injury,"BACKUP DUE TO REGULAR CONGESTION, N/A",NOT DISTRACTED,MD,PASSENGER CAR,STOPPED IN TRAFFIC LANE,15,No,2011,FORD,VAN,39.0851605,-77.0787055,2023,7,12
230046232,Injury Crash,07/25/2023 12:51:00 PM,GEORGIA AVE,NA,HEAD ON LEFT TURN,Clear,DRY,Daylight,NO CONTROLS,NONE DETECTED,Yes,No Apparent Injury,"BACKUP DUE TO REGULAR CONGESTION, N/A",LOOKED BUT DID NOT SEE,MD,PASSENGER CAR,MAKING LEFT TURN,45,No,2012,TOYOTA,COROLLA,39.0851605,-77.0787055,2023,7,12
230046339,Injury Crash,07/25/2023 12:20:00 PM,COLESVILLE RD,NA,SAME DIR REAR END,Clear,DRY,Daylight,TRAFFIC SIGNAL,NONE DETECTED,No,Possible Minor Injury,N/A,NOT DISTRACTED,MD,PASSENGER CAR,STOPPED IN TRAFFIC LANE,35,No,2009,TOYOTA,CAMRY,39.00754667,-77.02049667,2023,7,12
230046339,Injury Crash,07/25/2023 12:20:00 PM,COLESVILLE RD,NA,SAME DIR REAR END,Clear,DRY,Daylight,TRAFFIC SIGNAL,NONE DETECTED,Yes,No Apparent Injury,N/A,DISTRACTED BY OUTSIDE PERSON OBJECT OR EVENT,MD,PASSENGER CAR,SLOWING OR STOPPING,35,No,2014,JEEP,LAREDO,39.00754667,-77.02049667,2023,7,12
230046339,Injury Crash,07/25/2023 12:20:00 PM,COLESVILLE RD,NA,SAME DIR REAR END,Clear,DRY,Daylight,TRAFFIC SIGNAL,NONE DETECTED,No,No Apparent Injury,N/A,NOT DISTRACTED,MD,PASSENGER CAR,STOPPED IN TRAFFIC LANE,35,No,2015,CHEVROLET,EQUNOX,39.00754667,-77.02049667,2023,7,12
230046261,Property Damage Crash,07/25/2023 12:15:00 PM,WELLER RD,NA,OTHER,Clear,DRY,Daylight,STOP SIGN,NONE DETECTED,No,No Apparent Injury,N/A,NOT DISTRACTED,MD,(SPORT) UTILITY VEHICLE,MAKING RIGHT TURN,25,No,2020,FORD,ESCAPE,39.06499133,-77.06453533,2023,7,12
230046261,Property Damage Crash,07/25/2023 12:15:00 PM,WELLER RD,NA,OTHER,Clear,DRY,Daylight,STOP SIGN,NONE DETECTED,Yes,No Apparent Injury,N/A,LOOKED BUT DID NOT SEE,MD,VAN,BACKING,30,No,2018,DODGE,PRO MASTER,39.06499133,-77.06453533,2023,7,12
230046126,Injury Crash,07/25/2023 11:15:00 AM,MUDDY BRANCH RD,NA,STRAIGHT MOVEMENT ANGLE,Clear,DRY,Daylight,TRAFFIC SIGNAL,NONE DETECTED,No,Possible Minor Injury,N/A,NOT DISTRACTED,MD,PASSENGER CAR,MOVING CONSTANT SPEED,45,No,2007,TOYT,4S,39.12617728,-77.21144653,2023,7,11
230046126,Injury Crash,07/25/2023 11:15:00 AM,MUDDY BRANCH RD,NA,STRAIGHT MOVEMENT ANGLE,Clear,DRY,Daylight,TRAFFIC SIGNAL,NONE DETECTED,Yes,Possible Minor Injury,N/A,NOT DISTRACTED,MD,PASSENGER CAR,MAKING RIGHT TURN,15,No,2008,FORD,FUSION,39.12617728,-77.21144653,2023,7,11
230046354,Injury Crash,07/25/2023 10:12:00 AM,WATKINS MILL RD,BICYCLIST,SINGLE VEHICLE,Clear,DRY,Daylight,TRAFFIC SIGNAL,NONE DETECTED,Yes,No Apparent Injury,N/A,UNKNOWN,NA,PASSENGER CAR,MAKING RIGHT TURN,35,No,2020,TOYOTA,CAMRY,39.17055765,-77.20888876,2023,7,10
230046353,Injury Crash,07/25/2023 10:00:00 AM,QUINCE ORCHARD RD,NA,HEAD ON LEFT TURN,Clear,DRY,Daylight,TRAFFIC SIGNAL,NONE DETECTED,Yes,Possible Minor Injury,N/A,UNKNOWN,MD,PASSENGER CAR,MAKING LEFT TURN,35,No,2020,CHEVY,MALIBU,39.14006583,-77.22206817,2023,7,10
230046353,Injury Crash,07/25/2023 10:00:00 AM,QUINCE ORCHARD RD,NA,HEAD ON LEFT TURN,Clear,DRY,Daylight,TRAFFIC SIGNAL,NONE DETECTED,No,No Apparent Injury,N/A,NOT DISTRACTED,MD,PASSENGER CAR,MOVING CONSTANT SPEED,35,No,2020,PORSCHE,TK,39.14006583,-77.22206817,2023,7,10
230046506,Property Damage Crash,07/25/2023 09:40:00 AM,CAPITAL BELTWAY,NA,SAME DIR REAR END,Clear,DRY,Daylight,NO CONTROLS,NONE DETECTED,Yes,No Apparent Injury,"BACKUP DUE TO REGULAR CONGESTION, N/A",UNKNOWN,NA,PASSENGER CAR,SLOWING OR STOPPING,55,No,2014,TOYOTA,SCION,39.01676,-77.01117333,2023,7,9
230046506,Property Damage Crash,07/25/2023 09:40:00 AM,CAPITAL BELTWAY,NA,SAME DIR REAR END,Clear,DRY,Daylight,NO CONTROLS,NONE DETECTED,No,No Apparent Injury,"BACKUP DUE TO REGULAR CONGESTION, N/A",NOT DISTRACTED,MD,PASSENGER CAR,STOPPED IN TRAFFIC LANE,55,No,2019,TOYOTA,CAMRY,39.01676,-77.01117333,2023,7,9
230046290,Property Damage Crash,07/25/2023 08:00:00 AM,COLESVILLE RD,NA,SAME DIRECTION LEFT TURN,Clear,DRY,Daylight,OTHER,NONE DETECTED,Unknown,No Apparent Injury,N/A,NOT DISTRACTED,MD,TRANSIT BUS,CHANGING LANES,30,No,2013,GILL,LOW FLOOR,38.99662,-77.02769667,2023,7,8
230046290,Property Damage Crash,07/25/2023 08:00:00 AM,COLESVILLE RD,NA,SAME DIRECTION LEFT TURN,Clear,DRY,Daylight,OTHER,NONE DETECTED,Unknown,No Apparent Injury,N/A,NOT DISTRACTED,MD,(SPORT) UTILITY VEHICLE,MOVING CONSTANT SPEED,30,No,2014,JEEP,WRANGLER,38.99662,-77.02769667,2023,7,8
230046273,Property Damage Crash,07/25/2023 07:20:00 AM,NA,NA,SINGLE VEHICLE,Cloudy,NA,Daylight,NO CONTROLS,NONE DETECTED,Yes,No Apparent Injury,N/A,BY MOVING OBJECT IN VEHICLE,MD,PASSENGER CAR,STOPPED IN TRAFFIC LANE,0,No,2005,HONDA,ACCORD,39.14920518,-77.20648288,2023,7,7
230046269,Injury Crash,07/25/2023 06:00:00 AM,UNIVERSITY BLVD E,NA,STRAIGHT MOVEMENT ANGLE,Clear,DRY,Daylight,TRAFFIC SIGNAL,NONE DETECTED,Yes,No Apparent Injury,N/A,UNKNOWN,VA,PASSENGER CAR,MOVING CONSTANT SPEED,40,No,2006,TOYOTA,SIENNA,39.01964333,-77.01287833,2023,7,6
230046269,Injury Crash,07/25/2023 06:00:00 AM,UNIVERSITY BLVD E,NA,STRAIGHT MOVEMENT ANGLE,Clear,DRY,Daylight,TRAFFIC SIGNAL,NONE DETECTED,No,Possible Minor Injury,N/A,UNKNOWN,MD,PASSENGER CAR,MOVING CONSTANT SPEED,40,No,2020,TOYOTA,CAMRY,39.01964333,-77.01287833,2023,7,6
230046289,Property Damage Crash,07/25/2023 04:50:00 AM,ODENDHAL AVE,NA,STRAIGHT MOVEMENT ANGLE,Clear,DRY,Medium,FLASHING TRAFFIC SIGNAL,NONE DETECTED,Yes,No Apparent Injury,N/A,LOOKED BUT DID NOT SEE,MD,PASSENGER CAR,ACCELERATING,35,No,2018,FORD,EXPLORER,39.15244667,-77.19625333,2023,7,4
230046289,Property Damage Crash,07/25/2023 04:50:00 AM,ODENDHAL AVE,NA,STRAIGHT MOVEMENT ANGLE,Clear,DRY,Medium,FLASHING TRAFFIC SIGNAL,NONE DETECTED,No,No Apparent Injury,N/A,NOT DISTRACTED,MD,PASSENGER CAR,MOVING CONSTANT SPEED,35,No,2019,TOYOTA,RAV 4,39.15244667,-77.19625333,2023,7,4
230046304,Property Damage Crash,07/25/2023 02:30:00 AM,11TH AVE,NA,OTHER,Clear,DRY,Medium,NO CONTROLS,DRUG PRESENT,Yes,No Apparent Injury,N/A,UNKNOWN,MD,PASSENGER CAR,ACCELERATING,25,No,2013,HOND,CIVIC,38.997006,-76.99063,2023,7,2
230035327,Property Damage Crash,07/25/2023 01:42:00 AM,TWINBROOK PKWY,NA,SINGLE VEHICLE,Clear,DRY,Medium,FLASHING TRAFFIC SIGNAL,NONE DETECTED,Yes,No Apparent Injury,N/A,UNKNOWN,NA,PASSENGER CAR,MAKING LEFT TURN,35,No,2001,BMW,325,39.06379833,-77.11594167,2023,7,1
230035320,Property Damage Crash,07/24/2023 11:43:00 PM,MONTGOMERY VILLAGE AVE,NA,STRAIGHT MOVEMENT ANGLE,Clear,DRY,Medium,FLASHING TRAFFIC SIGNAL,NONE DETECTED,No,No Apparent Injury,N/A,NOT DISTRACTED,MD,PASSENGER CAR,MOVING CONSTANT SPEED,35,No,2015,TOYT,SU,39.1879095,-77.19745417,2023,7,23
230035320,Property Damage Crash,07/24/2023 11:43:00 PM,MONTGOMERY VILLAGE AVE,NA,STRAIGHT MOVEMENT ANGLE,Clear,DRY,Medium,FLASHING TRAFFIC SIGNAL,NONE DETECTED,Yes,No Apparent Injury,N/A,LOOKED BUT DID NOT SEE,MD,PASSENGER CAR,MAKING LEFT TURN,25,No,2023,TOYT,UT,39.1879095,-77.19745417,2023,7,23
230035307,Property Damage Crash,07/24/2023 09:16:00 PM,COLESVILLE RD,OTHER CONVEYANCE,HEAD ON,Clear,DRY,Medium,TRAFFIC SIGNAL,NONE DETECTED,No,No Apparent Injury,N/A,NOT DISTRACTED,MD,PASSENGER CAR,MOVING CONSTANT SPEED,35,No,2000,HONDA,CRV,39.02419833,-77.011125,2023,7,21
230035307,Property Damage Crash,07/24/2023 09:16:00 PM,COLESVILLE RD,OTHER CONVEYANCE,HEAD ON,Clear,DRY,Medium,TRAFFIC SIGNAL,NONE DETECTED,No,No Apparent Injury,N/A,NOT DISTRACTED,MD,PASSENGER CAR,MOVING CONSTANT SPEED,35,No,2014,NISSAN,ALTIMA,39.02419833,-77.011125,2023,7,21
230035307,Property Damage Crash,07/24/2023 09:16:00 PM,COLESVILLE RD,OTHER CONVEYANCE,HEAD ON,Clear,DRY,Medium,TRAFFIC SIGNAL,NONE DETECTED,No,No Apparent Injury,N/A,NOT DISTRACTED,MD,PASSENGER CAR,MOVING CONSTANT SPEED,35,No,2016,HYUNDAI,ELANTRA,39.02419833,-77.011125,2023,7,21
230035302,Property Damage Crash,07/24/2023 08:24:00 PM,NA,NA,HEAD ON,Clear,NA,Medium,NO CONTROLS,NONE DETECTED,Yes,No Apparent Injury,N/A,UNKNOWN,NA,PICKUP TRUCK,PARKING,10,No,2017,CHEVROLET,SILVERADO,39.016075,-76.97500167,2023,7,20
230035302,Property Damage Crash,07/24/2023 08:24:00 PM,NA,NA,HEAD ON,Clear,NA,Medium,NO CONTROLS,NONE DETECTED,No,No Apparent Injury,N/A,NOT DISTRACTED,MD,PASSENGER CAR,PARKED,10,No,2017,NISSAN,ALTIMA,39.016075,-76.97500167,2023,7,20
230035292,Injury Crash,07/24/2023 06:56:00 PM,NORBECK RD,NA,SAME DIR REAR END,Clear,DRY,Daylight,TRAFFIC SIGNAL,NONE DETECTED,Yes,No Apparent Injury,N/A,LOOKED BUT DID NOT SEE,MD,PASSENGER CAR,SLOWING OR STOPPING,35,No,2010,HOND,4S,39.09056891,-77.12841149,2023,7,18
230035292,Injury Crash,07/24/2023 06:56:00 PM,NORBECK RD,NA,SAME DIR REAR END,Clear,DRY,Daylight,TRAFFIC SIGNAL,NONE DETECTED,No,Possible Minor Injury,N/A,NOT DISTRACTED,GA,PASSENGER CAR,SLOWING OR STOPPING,35,No,2010,TOYOTA,SD,39.09056891,-77.12841149,2023,7,18
230035273,Property Damage Crash,07/24/2023 05:29:00 PM,UNIVERSITY BLVD E,NA,HEAD ON LEFT TURN,Clear,DRY,Daylight,NO CONTROLS,NONE DETECTED,Yes,No Apparent Injury,N/A,NOT DISTRACTED,MD,(SPORT) UTILITY VEHICLE,MOVING CONSTANT SPEED,35,No,2016,TOYT,TK,38.99269,-76.99134667,2023,7,17
230035273,Property Damage Crash,07/24/2023 05:29:00 PM,UNIVERSITY BLVD E,NA,HEAD ON LEFT TURN,Clear,DRY,Daylight,NO CONTROLS,NONE DETECTED,No,No Apparent Injury,N/A,NOT DISTRACTED,MD,PICKUP TRUCK,MOVING CONSTANT SPEED,35,No,2019,RAM,TK,38.99269,-76.99134667,2023,7,17
230035266,Injury Crash,07/24/2023 04:45:00 PM,RIDGE RD,NA,STRAIGHT MOVEMENT ANGLE,Clear,DRY,Daylight,NO CONTROLS,NONE DETECTED,Yes,Suspected Serious Injury,N/A,LOOKED BUT DID NOT SEE,MD,MOTORCYCLE,MOVING CONSTANT SPEED,40,No,2005,YAMAHA,MC,39.24855667,-77.23392733,2023,7,16
230035266,Injury Crash,07/24/2023 04:45:00 PM,RIDGE RD,NA,STRAIGHT MOVEMENT ANGLE,Clear,DRY,Daylight,NO CONTROLS,NONE DETECTED,No,No Apparent Injury,N/A,NOT DISTRACTED,MD,"MEDIUM/HEAVY TRUCKS 3 AXLES (OVER 10,000LBS (4,536KG))",MAKING RIGHT TURN,40,No,2015,PETERBUILT 389,DS,39.24855667,-77.23392733,2023,7,16
23001435,Property Damage Crash,07/24/2023 04:25:00 PM,NA,NA,SAME DIR REAR END,Clear,NA,Dark,NO CONTROLS,NONE DETECTED,No,No Apparent Injury,N/A,NOT DISTRACTED,MD,PASSENGER CAR,PARKED,10,No,2019,DODGE,DURANGO,39.018246,-77.009079,2023,7,16
23001435,Property Damage Crash,07/24/2023 04:25:00 PM,NA,NA,SAME DIR REAR END,Clear,NA,Dark,NO CONTROLS,NONE DETECTED,Yes,No Apparent Injury,N/A,NOT DISTRACTED,CA,VAN,BACKING,10,No,2021,FORD,TRANSIT,39.018246,-77.009079,2023,7,16