Local Case Number,ACRS Report Type,Crash Date/Time,Road Name,Related Non-Motorist,Collision Type,Weather,Surface Condition,Light,Traffic Control,Driver Substance Abuse,Driver At Fault,Injury Severity,Circumstance,Driver Distracted By,Drivers License State,Vehicle Body Type,Vehicle Movement,Speed Limit,Driverless Vehicle,Vehicle Year,Vehicle Make,Vehicle Model,Latitude,Longitude,Year,Month,Hour
230035278,Property Damage Crash,07/24/2023 04:00:00 PM,LAYHILL RD,NA,OTHER,Clear,DRY,Daylight,NO CONTROLS,NONE DETECTED,No,No Apparent Injury,N/A,NOT DISTRACTED,MD,(SPORT) UTILITY VEHICLE,STOPPED IN TRAFFIC LANE,30,No,2005,GMC,YUKON,39.09052454,-77.04637879,2023,7,16
230035278,Property Damage Crash,07/24/2023 04:00:00 PM,LAYHILL RD,NA,OTHER,Clear,DRY,Daylight,NO CONTROLS,NONE DETECTED,Yes,No Apparent Injury,N/A,UNKNOWN,NA,PASSENGER CAR,PASSING,30,No,2012,NISSAN,SENTRA,39.09052454,-77.04637879,2023,7,16
230035250,Injury Crash,07/24/2023 02:58:00 PM,NA,NA,SAME DIR REAR END,Clear,NA,Daylight,NO CONTROLS,NONE DETECTED,No,Possible Minor Injury,N/A,NOT DISTRACTED,MD,PASSENGER CAR,BACKING,0,No,2022,HONDA,ACCORD,39.18260333,-77.262615,2023,7,14
230035250,Injury Crash,07/24/2023 02:58:00 PM,NA,NA,SAME DIR REAR END,Clear,NA,Daylight,NO CONTROLS,NONE DETECTED,Yes,Possible Minor Injury,N/A,NO DRIVER PRESENT,MD,PASSENGER CAR,DRIVERLESS MOVING VEH.,0,No,2017,FORD,EXPEDITION,39.18260333,-77.262615,2023,7,14
230035270,Property Damage Crash,07/24/2023 01:52:00 PM,NA,NA,OTHER,Clear,NA,Daylight,NO CONTROLS,NONE DETECTED,Yes,No Apparent Injury,N/A,INATTENTIVE OR LOST IN THOUGHT,NA,PICKUP TRUCK,PARKING,10,No,1999,FORD,TK,39.15990962,-77.20695183,2023,7,13
230035229,Property Damage Crash,07/24/2023 01:40:00 PM,NA,NA,ANGLE MEETS RIGHT TURN,Clear,NA,Daylight,NO CONTROLS,NONE DETECTED,Yes,No Apparent Injury,N/A,UNKNOWN,NA,PASSENGER CAR,STARTING FROM PARKED,15,No,2006,N/A,N/A,39.05639,-76.96554167,2023,7,13
230035230,Property Damage Crash,07/24/2023 12:39:00 PM,NA,NA,STRAIGHT MOVEMENT ANGLE,Cloudy,NA,Daylight,NO CONTROLS,NONE DETECTED,No,No Apparent Injury,"N/A, PHYSICAL OBSTRUCTION(S)",NOT DISTRACTED,VA,PASSENGER CAR,MOVING CONSTANT SPEED,5,No,2021,FORD,EXPLORER,39.056865,-77.08291333,2023,7,12
230035230,Property Damage Crash,07/24/2023 12:39:00 PM,NA,NA,STRAIGHT MOVEMENT ANGLE,Cloudy,NA,Daylight,NO CONTROLS,NONE DETECTED,Yes,No Apparent Injury,"N/A, PHYSICAL OBSTRUCTION(S)",LOOKED BUT DID NOT SEE,MD,PASSENGER CAR,MAKING LEFT TURN,5,No,2005,TOYT,CAMRY,39.056865,-77.08291333,2023,7,12
230035203,Property Damage Crash,07/24/2023 11:41:00 AM,RIDGE RD,NA,SAME DIRECTION SIDESWIPE,Clear,DRY,Daylight,TRAFFIC SIGNAL,NONE DETECTED,Yes,No Apparent Injury,N/A,NOT DISTRACTED,MD,PASSENGER CAR,CHANGING LANES,35,No,2015,JEEP,UT,39.20091,-77.25556167,2023,7,11
230035203,Property Damage Crash,07/24/2023 11:41:00 AM,RIDGE RD,NA,SAME DIRECTION SIDESWIPE,Clear,DRY,Daylight,TRAFFIC SIGNAL,NONE DETECTED,No,No Apparent Injury,N/A,NOT DISTRACTED,MD,PASSENGER CAR,MOVING CONSTANT SPEED,35,No,2006,CHEV,EXPRESS,39.20091,-77.25556167,2023,7,11
230035203,Property Damage Crash,07/24/2023 11:41:00 AM,RIDGE RD,NA,SAME DIRECTION SIDESWIPE,Clear,DRY,Daylight,TRAFFIC SIGNAL,NONE DETECTED,No,No Apparent Injury,N/A,NOT DISTRACTED,MD,PASSENGER CAR,MOVING CONSTANT SPEED,35,No,2019,HOND,UT,39.20091,-77.25556167,2023,7,11
230035210,Property Damage Crash,07/24/2023 11:37:00 AM,NA,NA,STRAIGHT MOVEMENT ANGLE,Clear,NA,Daylight,N/A,NONE DETECTED,No,No Apparent Injury,N/A,NOT DISTRACTED,MD,VAN,SLOWING OR STOPPING,5,No,2015,FORD,TRANSIT,39.12890167,-77.16888833,2023,7,11
230035210,Property Damage Crash,07/24/2023 11:37:00 AM,NA,NA,STRAIGHT MOVEMENT ANGLE,Clear,NA,Daylight,N/A,NONE DETECTED,Yes,No Apparent Injury,N/A,UNKNOWN,VA,"OTHER LIGHT TRUCKS (10,000LBS (4,536KG) OR LESS)",BACKING,5,No,2004,CHEVROLET,SILVERADO,39.12890167,-77.16888833,2023,7,11
230035194,Injury Crash,07/24/2023 10:52:00 AM,HUNGERFORD DR,NA,SAME DIR REAR END,Clear,DRY,Daylight,TRAFFIC SIGNAL,NONE DETECTED,Yes,No Apparent Injury,N/A,UNKNOWN,MD,PASSENGER CAR,SLOWING OR STOPPING,35,No,2017,HONDA,FIT,39.09632033,-77.153139,2023,7,10
230035194,Injury Crash,07/24/2023 10:52:00 AM,HUNGERFORD DR,NA,SAME DIR REAR END,Clear,DRY,Daylight,TRAFFIC SIGNAL,NONE DETECTED,No,No Apparent Injury,N/A,NOT DISTRACTED,MD,PASSENGER CAR,SLOWING OR STOPPING,35,No,2015,HOND,4S,39.09632033,-77.153139,2023,7,10
230035177,Property Damage Crash,07/24/2023 09:50:00 AM,CAPITAL BELTWAY,NA,OTHER,Clear,DRY,Daylight,NO CONTROLS,NONE DETECTED,No,No Apparent Injury,N/A,OTHER DISTRACTION,MD,"MEDIUM/HEAVY TRUCKS 3 AXLES (OVER 10,000LBS (4,536KG))",MOVING CONSTANT SPEED,55,No,1999,KW,ST,39.00551833,-77.07607167,2023,7,9
230035177,Property Damage Crash,07/24/2023 09:50:00 AM,CAPITAL BELTWAY,NA,OTHER,Clear,DRY,Daylight,NO CONTROLS,NONE DETECTED,No,No Apparent Injury,N/A,NOT DISTRACTED,MD,PASSENGER CAR,MOVING CONSTANT SPEED,55,No,2021,HONDA,INSIGHT,39.00551833,-77.07607167,2023,7,9
230035174,Property Damage Crash,07/24/2023 08:53:00 AM,COLESVILLE RD,NA,SAME DIRECTION LEFT TURN,Clear,DRY,Daylight,TRAFFIC SIGNAL,NONE DETECTED,Yes,No Apparent Injury,N/A,NOT DISTRACTED,MD,PASSENGER CAR,MAKING LEFT TURN,30,No,2019,CHEVROLET,BOLT,38.99893833,-77.026095,2023,7,8
230035174,Property Damage Crash,07/24/2023 08:53:00 AM,COLESVILLE RD,NA,SAME DIRECTION LEFT TURN,Clear,DRY,Daylight,TRAFFIC SIGNAL,NONE DETECTED,No,No Apparent Injury,N/A,NOT DISTRACTED,TX,PASSENGER CAR,MOVING CONSTANT SPEED,30,No,2021,TOYOTA,RAV4,38.99893833,-77.026095,2023,7,8
230035172,Property Damage Crash,07/24/2023 08:32:00 AM,PARKLAND DR,NA,SAME DIR REAR END,Clear,WET,Daylight,NO CONTROLS,NONE DETECTED,No,No Apparent Injury,N/A,NOT DISTRACTED,MD,PICKUP TRUCK,PARKED,25,No,2008,FORD,PK,39.074795,-77.08660833,2023,7,8
230035172,Property Damage Crash,07/24/2023 08:32:00 AM,PARKLAND DR,NA,SAME DIR REAR END,Clear,WET,Daylight,NO CONTROLS,NONE DETECTED,Yes,No Apparent Injury,N/A,TEXTING FROM A CELLULAR PHONE,MD,PASSENGER CAR,MOVING CONSTANT SPEED,25,No,2010,MAZD,HB,39.074795,-77.08660833,2023,7,8
230035167,Property Damage Crash,07/24/2023 08:17:00 AM,PINEY BRANCH RD,NA,SAME DIRECTION SIDESWIPE,Cloudy,WET,Daylight,TRAFFIC SIGNAL,NONE DETECTED,Yes,No Apparent Injury,N/A,NOT DISTRACTED,MD,(SPORT) UTILITY VEHICLE,PASSING,30,No,2022,CHEV,TAHOE,39.26873833,-77.15196667,2023,7,8
230035166,Injury Crash,07/24/2023 07:37:00 AM,PINEY BRANCH RD,NA,SAME DIR REAR END,Cloudy,WET,Daylight,TRAFFIC SIGNAL,NONE DETECTED,Yes,No Apparent Injury,N/A,NOT DISTRACTED,MD,TRANSIT BUS,STARTING FROM LANE,30,No,2011,GILLIG,BUS,39.26873833,-77.15196667,2023,7,7
230035166,Injury Crash,07/24/2023 07:37:00 AM,PINEY BRANCH RD,NA,SAME DIR REAR END,Cloudy,WET,Daylight,TRAFFIC SIGNAL,NONE DETECTED,No,Possible Minor Injury,N/A,NOT DISTRACTED,MD,(SPORT) UTILITY VEHICLE,STOPPED IN TRAFFIC LANE,30,No,2019,TOYOTA,HIGHLANDER,39.26873833,-77.15196667,2023,7,7
230035150,Injury Crash,07/24/2023 06:25:00 AM,SANDY SPRING RD,NA,SAME DIR REAR END,Rain,WET,Daylight,N/A,NONE DETECTED,No,No Apparent Injury,"RAIN, SNOW, WET",NOT DISTRACTED,MD,PICKUP TRUCK,SLOWING OR STOPPING,40,No,2009,CHEV,PK,39.10888866,-76.92287007,2023,7,6
230035150,Injury Crash,07/24/2023 06:25:00 AM,SANDY SPRING RD,NA,SAME DIR REAR END,Rain,WET,Daylight,N/A,NONE DETECTED,Yes,No Apparent Injury,"RAIN, SNOW, WET",NOT DISTRACTED,MD,PASSENGER CAR,MOVING CONSTANT SPEED,40,No,2012,CHEV,CAMARO,39.10888866,-76.92287007,2023,7,6
230035152,Property Damage Crash,07/24/2023 06:10:00 AM,MONTGOMERY VILLAGE AVE,NA,HEAD ON LEFT TURN,Cloudy,DRY,Daylight,TRAFFIC SIGNAL,NONE DETECTED,No,No Apparent Injury,N/A,NOT DISTRACTED,MD,(SPORT) UTILITY VEHICLE,MOVING CONSTANT SPEED,35,No,2021,TOYT,UT,39.17255801,-77.20374546,2023,7,6
230035152,Property Damage Crash,07/24/2023 06:10:00 AM,MONTGOMERY VILLAGE AVE,NA,HEAD ON LEFT TURN,Cloudy,DRY,Daylight,TRAFFIC SIGNAL,NONE DETECTED,Yes,No Apparent Injury,N/A,NOT DISTRACTED,CA,(SPORT) UTILITY VEHICLE,MAKING LEFT TURN,35,No,2016,TOYT,TK,39.17255801,-77.20374546,2023,7,6
230035153,Property Damage Crash,07/24/2023 05:50:00 AM,COLUMBIA PIKE,NA,SAME DIR REAR END,Rain,WET,Dark,NO CONTROLS,NONE DETECTED,No,No Apparent Injury,"RAIN, SNOW, WET",NOT DISTRACTED,MD,TRANSIT BUS,MOVING CONSTANT SPEED,50,No,2010,NEW FLYER,LOW FLOOR,39.052155,-76.97712333,2023,7,5
230035153,Property Damage Crash,07/24/2023 05:50:00 AM,COLUMBIA PIKE,NA,SAME DIR REAR END,Rain,WET,Dark,NO CONTROLS,NONE DETECTED,Yes,No Apparent Injury,"RAIN, SNOW, WET",UNKNOWN,NA,UNKNOWN,CHANGING LANES,50,No,0,UNKNOWN,UNKNOWN,39.052155,-76.97712333,2023,7,5
230035147,Property Damage Crash,07/24/2023 05:22:00 AM,WALDORF DR,NA,SAME DIRECTION SIDESWIPE,Rain,WET,Medium,NO CONTROLS,NONE DETECTED,Yes,No Apparent Injury,"RAIN, SNOW, WET",UNKNOWN,MD,PASSENGER CAR,MOVING CONSTANT SPEED,25,No,2014,HONDA,ACCORD,39.18306167,-77.27631667,2023,7,5
230035142,Property Damage Crash,07/24/2023 01:14:00 AM,MONTGOMERY AVE,NA,STRAIGHT MOVEMENT ANGLE,Clear,DRY,Medium,TRAFFIC SIGNAL,NONE DETECTED,Yes,No Apparent Injury,N/A,OTHER DISTRACTION,FL,PASSENGER CAR,MOVING CONSTANT SPEED,25,No,2022,TESLA,3,39.031425,-77.16083833,2023,7,1
230035142,Property Damage Crash,07/24/2023 01:14:00 AM,MONTGOMERY AVE,NA,STRAIGHT MOVEMENT ANGLE,Clear,DRY,Medium,TRAFFIC SIGNAL,NONE DETECTED,No,No Apparent Injury,N/A,NOT DISTRACTED,MD,TRANSIT BUS,ACCELERATING,25,No,2010,NEW FLYER,XCELSIOR,39.031425,-77.16083833,2023,7,1
230035140,Property Damage Crash,07/24/2023 12:10:00 AM,COCKERILE AVE,NA,SAME DIR REND LEFT TURN,Clear,DRY,Medium,N/A,NONE DETECTED,Yes,No Apparent Injury,N/A,UNKNOWN,NA,PASSENGER CAR,MOVING CONSTANT SPEED,20,No,2005,SUBARU,FORESTER,38.97105912,-77.00389425,2023,7,0
230035132,Property Damage Crash,07/23/2023 10:18:00 PM,ROCKVILLE PIKE,NA,SAME DIR REAR END,Clear,DRY,Medium,N/A,NONE DETECTED,Yes,No Apparent Injury,N/A,LOOKED BUT DID NOT SEE,MD,PASSENGER CAR,SLOWING OR STOPPING,35,No,2015,NISS,4S,39.026371,-77.103576,2023,7,22
230035132,Property Damage Crash,07/23/2023 10:18:00 PM,ROCKVILLE PIKE,NA,SAME DIR REAR END,Clear,DRY,Medium,N/A,NONE DETECTED,No,No Apparent Injury,N/A,LOOKED BUT DID NOT SEE,MD,PASSENGER CAR,SLOWING OR STOPPING,35,No,2009,CHEVY,IMPALA,39.026371,-77.103576,2023,7,22
230035112,Property Damage Crash,07/23/2023 08:20:00 PM,FREDERICK RD,NA,ANGLE MEETS RIGHT TURN,Clear,DRY,Medium,STOP SIGN,NONE DETECTED,Yes,No Apparent Injury,N/A,LOOKED BUT DID NOT SEE,MD,PASSENGER CAR,MAKING RIGHT TURN,30,No,2013,HONDA,CIVIC,39.14488947,-77.20287035,2023,7,20
230035112,Property Damage Crash,07/23/2023 08:20:00 PM,FREDERICK RD,NA,ANGLE MEETS RIGHT TURN,Clear,DRY,Medium,STOP SIGN,NONE DETECTED,No,No Apparent Injury,N/A,NOT DISTRACTED,MD,PASSENGER CAR,MOVING CONSTANT SPEED,30,No,2009,HONDA,CIVIC,39.14488947,-77.20287035,2023,7,20
230035111,Injury Crash,07/23/2023 08:10:00 PM,GEORGIA AVE,NA,STRAIGHT MOVEMENT ANGLE,Clear,DRY,Daylight,TRAFFIC SIGNAL,NONE DETECTED,No,Possible Minor Injury,N/A,NOT DISTRACTED,MD,PASSENGER CAR,MAKING LEFT TURN,35,No,2018,VOLKSWAGON,TIGUAN,39.087395,-77.07942167,2023,7,20
230035111,Injury Crash,07/23/2023 08:10:00 PM,GEORGIA AVE,NA,STRAIGHT MOVEMENT ANGLE,Clear,DRY,Daylight,TRAFFIC SIGNAL,ALCOHOL PRESENT,Yes,No Apparent Injury,N/A,UNKNOWN,MD,PASSENGER CAR,MOVING CONSTANT SPEED,35,No,2004,FORD,ESCAPE,39.087395,-77.07942167,2023,7,20
230035099,Injury Crash,07/23/2023 06:39:00 PM,GERMANTOWN RD,NA,HEAD ON LEFT TURN,Clear,DRY,Daylight,TRAFFIC SIGNAL,NONE DETECTED,No,Possible Minor Injury,N/A,NOT DISTRACTED,MD,VAN,MOVING CONSTANT SPEED,40,No,2022,TOYT,SIENNA,39.18207358,-77.2602143,2023,7,18
230035099,Injury Crash,07/23/2023 06:39:00 PM,GERMANTOWN RD,NA,HEAD ON LEFT TURN,Clear,DRY,Daylight,TRAFFIC SIGNAL,NONE DETECTED,Yes,Possible Minor Injury,N/A,NOT DISTRACTED,MD,(SPORT) UTILITY VEHICLE,MAKING LEFT TURN,40,No,2014,NISSAN,PATHFINDER,39.18207358,-77.2602143,2023,7,18
230035099,Injury Crash,07/23/2023 06:39:00 PM,GERMANTOWN RD,NA,HEAD ON LEFT TURN,Clear,DRY,Daylight,TRAFFIC SIGNAL,NONE DETECTED,No,No Apparent Injury,N/A,NOT DISTRACTED,MD,(SPORT) UTILITY VEHICLE,STOPPED IN TRAFFIC LANE,35,No,2018,KIA,SORENTO,39.18207358,-77.2602143,2023,7,18
230035094,Property Damage Crash,07/23/2023 06:00:00 PM,GEORGIA AVE,NA,SAME DIR REAR END,Clear,DRY,Daylight,TRAFFIC SIGNAL,NONE DETECTED,No,No Apparent Injury,N/A,NOT DISTRACTED,NA,PICKUP TRUCK,SLOWING OR STOPPING,35,No,2018,DODGE,RAM 2500,39.06263,-77.05392333,2023,7,18
230035094,Property Damage Crash,07/23/2023 06:00:00 PM,GEORGIA AVE,NA,SAME DIR REAR END,Clear,DRY,Daylight,TRAFFIC SIGNAL,NONE DETECTED,No,No Apparent Injury,N/A,NOT DISTRACTED,MD,PASSENGER CAR,SLOWING OR STOPPING,35,No,2019,TOYOTA,RAV4,39.06263,-77.05392333,2023,7,18
230035094,Property Damage Crash,07/23/2023 06:00:00 PM,GEORGIA AVE,NA,SAME DIR REAR END,Clear,DRY,Daylight,TRAFFIC SIGNAL,NONE DETECTED,Yes,No Apparent Injury,N/A,UNKNOWN,MD,PASSENGER CAR,SLOWING OR STOPPING,35,No,2017,NISSAN,ROGUE,39.06263,-77.05392333,2023,7,18
230035086,Injury Crash,07/23/2023 05:03:00 PM,NEW HAMPSHIRE AVE,NA,SAME DIRECTION SIDESWIPE,Clear,DRY,Daylight,NO CONTROLS,NONE DETECTED,Yes,Possible Minor Injury,N/A,NOT DISTRACTED,MD,PASSENGER CAR,MOVING CONSTANT SPEED,35,No,2016,TOYOTA,CAMRY,39.03069833,-76.98424667,2023,7,17
230035086,Injury Crash,07/23/2023 05:03:00 PM,NEW HAMPSHIRE AVE,NA,SAME DIRECTION SIDESWIPE,Clear,DRY,Daylight,NO CONTROLS,NONE DETECTED,No,Possible Minor Injury,N/A,NOT DISTRACTED,MD,PASSENGER CAR,MOVING CONSTANT SPEED,35,No,2018,TOYOTA,COROLLA,39.03069833,-76.98424667,2023,7,17
230035085,Property Damage Crash,07/23/2023 04:41:00 PM,UNIVERSITY BLVD W,NA,STRAIGHT MOVEMENT ANGLE,Clear,DRY,Daylight,NO CONTROLS,NONE DETECTED,Yes,No Apparent Injury,N/A,UNKNOWN,NA,PASSENGER CAR,MAKING LEFT TURN,30,No,2017,BUICK,ENCORE,39.02085678,-77.01355557,2023,7,16
230035085,Property Damage Crash,07/23/2023 04:41:00 PM,UNIVERSITY BLVD W,NA,STRAIGHT MOVEMENT ANGLE,Clear,DRY,Daylight,NO CONTROLS,NONE DETECTED,No,No Apparent Injury,N/A,NOT DISTRACTED,MD,PASSENGER CAR,STOPPED IN TRAFFIC LANE,30,No,2021,VOLK,TIGUAN,39.02085678,-77.01355557,2023,7,16
230035077,Injury Crash,07/23/2023 04:32:00 PM,VEIRS MILL RD,NA,STRAIGHT MOVEMENT ANGLE,Clear,DRY,Daylight,TRAFFIC SIGNAL,NONE DETECTED,Yes,No Apparent Injury,N/A,NOT DISTRACTED,MD,(SPORT) UTILITY VEHICLE,MOVING CONSTANT SPEED,45,No,2005,HONDA,PILOT,39.06160167,-77.09221667,2023,7,16
230035077,Injury Crash,07/23/2023 04:32:00 PM,VEIRS MILL RD,NA,STRAIGHT MOVEMENT ANGLE,Clear,DRY,Daylight,TRAFFIC SIGNAL,NONE DETECTED,No,Possible Minor Injury,N/A,NOT DISTRACTED,MD,VAN,ACCELERATING,25,No,2012,TOYOTA,SIENNA,39.06160167,-77.09221667,2023,7,16
230047835,Property Damage Crash,07/23/2023 04:05:00 PM,EXECUTIVE BLVD,NA,SAME DIR REAR END,Clear,DRY,Daylight,NO CONTROLS,NONE DETECTED,Yes,No Apparent Injury,N/A,NOT DISTRACTED,MD,PASSENGER CAR,STARTING FROM PARKED,25,No,2018,HONDA,ACCORD,39.04337986,-77.11285595,2023,7,16
230035071,Property Damage Crash,07/23/2023 03:55:00 PM,ROCKVILLE PIKE,NA,SAME DIR REAR END,Clear,DRY,Daylight,TRAFFIC SIGNAL,NONE DETECTED,No,No Apparent Injury,N/A,NOT DISTRACTED,MD,PICKUP TRUCK,STOPPED IN TRAFFIC LANE,35,No,2000,TOYT,TACOMA,39.02334833,-77.10301733,2023,7,15
230035071,Property Damage Crash,07/23/2023 03:55:00 PM,ROCKVILLE PIKE,NA,SAME DIR REAR END,Clear,DRY,Daylight,TRAFFIC SIGNAL,NONE DETECTED,No,No Apparent Injury,N/A,NOT DISTRACTED,MD,PASSENGER CAR,SLOWING OR STOPPING,35,No,2014,HONDA,CIVIC,39.02334833,-77.10301733,2023,7,15
230035071,Property Damage Crash,07/23/2023 03:55:00 PM,ROCKVILLE PIKE,NA,SAME DIR REAR END,Clear,DRY,Daylight,TRAFFIC SIGNAL,NONE DETECTED,Yes,No Apparent Injury,N/A,LOOKED BUT DID NOT SEE,MD,PASSENGER CAR,MOVING CONSTANT SPEED,35,No,2009,HYUN,ACCENT,39.02334833,-77.10301733,2023,7,15
230035068,Property Damage Crash,07/23/2023 03:42:00 PM,FREDERICK RD,NA,STRAIGHT MOVEMENT ANGLE,Clear,DRY,Daylight,TRAFFIC SIGNAL,NONE DETECTED,Yes,No Apparent Injury,N/A,UNKNOWN,MD,PASSENGER CAR,MOVING CONSTANT SPEED,30,No,2008,ACURA,4D,39.15247867,-77.2118465,2023,7,15
230035068,Property Damage Crash,07/23/2023 03:42:00 PM,FREDERICK RD,NA,STRAIGHT MOVEMENT ANGLE,Clear,DRY,Daylight,TRAFFIC SIGNAL,NONE DETECTED,No,No Apparent Injury,N/A,NOT DISTRACTED,MD,AMBULANCE/EMERGENCY,MOVING CONSTANT SPEED,30,No,2016,FRHT,TK,39.15247867,-77.2118465,2023,7,15
230035067,Injury Crash,07/23/2023 03:07:00 PM,NEW HAMPSHIRE AVE,NA,STRAIGHT MOVEMENT ANGLE,Clear,DRY,Daylight,TRAFFIC SIGNAL,NONE DETECTED,No,No Apparent Injury,N/A,NOT DISTRACTED,MD,PASSENGER CAR,MAKING LEFT TURN,45,No,2014,LEXS,4S,39.0774,-77.0017315,2023,7,15
230035067,Injury Crash,07/23/2023 03:07:00 PM,NEW HAMPSHIRE AVE,NA,STRAIGHT MOVEMENT ANGLE,Clear,DRY,Daylight,TRAFFIC SIGNAL,NONE DETECTED,Yes,Possible Minor Injury,N/A,LOOKED BUT DID NOT SEE,MD,PASSENGER CAR,MOVING CONSTANT SPEED,45,No,2018,CHEV,SD,39.0774,-77.0017315,2023,7,15
230035045,Property Damage Crash,07/23/2023 01:13:00 PM,OLNEY LAYTONSVILLE RD,NA,SAME DIR REAR END,Clear,DRY,Daylight,TRAFFIC SIGNAL,NONE DETECTED,Yes,No Apparent Injury,N/A,OTHER CELLULAR PHONE RELATED,MD,PASSENGER CAR,MOVING CONSTANT SPEED,40,No,2015,ACURA,RDX,39.1651,-77.083795,2023,7,13
230035045,Property Damage Crash,07/23/2023 01:13:00 PM,OLNEY LAYTONSVILLE RD,NA,SAME DIR REAR END,Clear,DRY,Daylight,TRAFFIC SIGNAL,NONE DETECTED,No,No Apparent Injury,N/A,NOT DISTRACTED,MD,PASSENGER CAR,STOPPED IN TRAFFIC LANE,40,No,2023,TOYOTA,TACOMA,39.1651,-77.083795,2023,7,13
230035038,Injury Crash,07/23/2023 12:13:00 PM,EDMONSTON DR,NA,OTHER,Clear,DRY,Daylight,NO CONTROLS,NONE DETECTED,Yes,Possible Minor Injury,N/A,UNKNOWN,MD,PASSENGER CAR,MOVING CONSTANT SPEED,25,No,2016,HONDA,CR-V,39.07683,-77.13133667,2023,7,12
230035036,Property Damage Crash,07/23/2023 12:10:00 PM,CRYSTAL ROCK DR,NA,STRAIGHT MOVEMENT ANGLE,Clear,DRY,Daylight,NO CONTROLS,NONE DETECTED,No,No Apparent Injury,N/A,NOT DISTRACTED,MD,PASSENGER CAR,MOVING CONSTANT SPEED,40,No,2008,TOYT,4S,39.19014917,-77.26676583,2023,7,12
230035036,Property Damage Crash,07/23/2023 12:10:00 PM,CRYSTAL ROCK DR,NA,STRAIGHT MOVEMENT ANGLE,Clear,DRY,Daylight,NO CONTROLS,NONE DETECTED,Yes,No Apparent Injury,N/A,LOOKED BUT DID NOT SEE,MD,PASSENGER CAR,STARTING FROM LANE,40,No,2016,KIA,SW,39.19014917,-77.26676583,2023,7,12
230035024,Injury Crash,07/23/2023 09:25:00 AM,FAIRLAND RD,NA,SAME DIRECTION LEFT TURN,Clear,DRY,Daylight,NO CONTROLS,NONE DETECTED,Yes,No Apparent Injury,N/A,LOOKED BUT DID NOT SEE,MD,PASSENGER CAR,MAKING U TURN,30,No,2020,HONDA,ACC,39.077659,-76.97701733,2023,7,9
230035024,Injury Crash,07/23/2023 09:25:00 AM,FAIRLAND RD,NA,SAME DIRECTION LEFT TURN,Clear,DRY,Daylight,NO CONTROLS,NONE DETECTED,No,No Apparent Injury,N/A,NOT DISTRACTED,MD,PASSENGER CAR,MOVING CONSTANT SPEED,30,No,2008,HONDA,TK,39.077659,-76.97701733,2023,7,9
230035007,Injury Crash,07/23/2023 05:41:00 AM,VEIRS MILL RD,NA,SINGLE VEHICLE,Clear,DRY,Medium,NO CONTROLS,NONE DETECTED,Yes,Possible Minor Injury,N/A,UNKNOWN,MD,PASSENGER CAR,MOVING CONSTANT SPEED,40,No,2018,HONDA,ACCORD,39.05044387,-77.07356777,2023,7,5
230035027,Property Damage Crash,07/23/2023 03:30:00 AM,LONGMEAD CROSSING DR,NA,STRAIGHT MOVEMENT ANGLE,Clear,DRY,Dark,NO CONTROLS,NONE DETECTED,No,No Apparent Injury,N/A,NOT DISTRACTED,MD,(SPORT) UTILITY VEHICLE,MAKING U TURN,25,No,2023,KIA,SOUL,39.09925945,-77.04772145,2023,7,3
230035027,Property Damage Crash,07/23/2023 03:30:00 AM,LONGMEAD CROSSING DR,NA,STRAIGHT MOVEMENT ANGLE,Clear,DRY,Dark,NO CONTROLS,NONE DETECTED,Yes,No Apparent Injury,N/A,UNKNOWN,MD,(SPORT) UTILITY VEHICLE,MOVING CONSTANT SPEED,25,No,2015,TOYTA,4RUNNER,39.09925945,-77.04772145,2023,7,3
230035003,Injury Crash,07/23/2023 03:20:00 AM,ROCKVILLE PIKE,NA,SINGLE VEHICLE,Clear,DRY,Medium,NO CONTROLS,ALCOHOL PRESENT,Yes,Possible Minor Injury,N/A,NOT DISTRACTED,MD,PASSENGER CAR,MOVING CONSTANT SPEED,35,No,2011,HYUN,SONATA,39.05545167,-77.11794833,2023,7,3
230035902,Property Damage Crash,07/23/2023 03:00:00 AM,CAVALIER DR,NA,OTHER,Clear,DRY,Dark,NO CONTROLS,NONE DETECTED,Unknown,No Apparent Injury,N/A,UNKNOWN,NA,PASSENGER CAR,MOVING CONSTANT SPEED,15,No,2009,TOYOTA,CAMRY,39.03559873,-77.01608379,2023,7,3
230034991,Injury Crash,07/23/2023 01:10:00 AM,CONNECTICUT AVE,NA,STRAIGHT MOVEMENT ANGLE,Clear,DRY,Medium,NO CONTROLS,NONE DETECTED,Yes,Possible Minor Injury,N/A,NOT DISTRACTED,MD,PASSENGER CAR,MOVING CONSTANT SPEED,35,No,2011,MAZDA,6,39.06901297,-77.07533162,2023,7,1
230034991,Injury Crash,07/23/2023 01:10:00 AM,CONNECTICUT AVE,NA,STRAIGHT MOVEMENT ANGLE,Clear,DRY,Medium,NO CONTROLS,NONE DETECTED,Yes,Suspected Serious Injury,N/A,NOT DISTRACTED,MD,PASSENGER CAR,MAKING LEFT TURN,35,No,2012,TOYOTA,COROLLA,39.06901297,-77.07533162,2023,7,1
230034989,Property Damage Crash,07/23/2023 12:43:00 AM,PINEY BRANCH RD,NA,SAME DIR REAR END,Clear,DRY,Medium,NO CONTROLS,NONE DETECTED,No,No Apparent Injury,N/A,NOT DISTRACTED,DC,PASSENGER CAR,MAKING LEFT TURN,35,No,2022,HONDA,CIVIC,38.9987967,-76.99879424,2023,7,0
230034989,Property Damage Crash,07/23/2023 12:43:00 AM,PINEY BRANCH RD,NA,SAME DIR REAR END,Clear,DRY,Medium,NO CONTROLS,ALCOHOL PRESENT,Yes,No Apparent Injury,N/A,UNKNOWN,XX,PASSENGER CAR,MOVING CONSTANT SPEED,35,No,2011,DODGE,TK,38.9987967,-76.99879424,2023,7,0
230034981,Injury Crash,07/22/2023 11:00:00 PM,W JEFFERSON ST,NA,SAME DIR REAR END,Clear,DRY,Medium,NO CONTROLS,NONE DETECTED,Yes,Possible Minor Injury,N/A,NOT DISTRACTED,MD,MOTORCYCLE,MOVING CONSTANT SPEED,35,No,2017,KWAK,NINJA,39.08325452,-77.15625709,2023,7,23
230034981,Injury Crash,07/22/2023 11:00:00 PM,W JEFFERSON ST,NA,SAME DIR REAR END,Clear,DRY,Medium,NO CONTROLS,NONE DETECTED,Unknown,No Apparent Injury,N/A,NOT DISTRACTED,NA,PASSENGER CAR,UNKNOWN,35,No,0,CHEV,SUBURBAN,39.08325452,-77.15625709,2023,7,23
230034963,Injury Crash,07/22/2023 06:58:00 PM,NA,PEDESTRIAN,SINGLE VEHICLE,Clear,NA,Daylight,NO CONTROLS,NONE DETECTED,Yes,No Apparent Injury,N/A,NOT DISTRACTED,MD,PASSENGER CAR,ACCELERATING,25,No,2022,VOLVO,C60,39.02406091,-77.14761954,2023,7,18
230034953,Property Damage Crash,07/22/2023 05:36:00 PM,NA,NA,HEAD ON LEFT TURN,Clear,NA,Daylight,NO CONTROLS,NONE DETECTED,No,No Apparent Injury,N/A,NOT DISTRACTED,MD,PASSENGER CAR,MOVING CONSTANT SPEED,25,No,2016,DODGE,JOURNEY,39.142115,-77.22220833,2023,7,17
230034953,Property Damage Crash,07/22/2023 05:36:00 PM,NA,NA,HEAD ON LEFT TURN,Clear,NA,Daylight,NO CONTROLS,NONE DETECTED,Yes,No Apparent Injury,N/A,UNKNOWN,MD,PASSENGER CAR,ACCELERATING,25,No,2015,NISSAN,SEDAN,39.142115,-77.22220833,2023,7,17