Local Case Number,ACRS Report Type,Crash Date/Time,Road Name,Related Non-Motorist,Collision Type,Weather,Surface Condition,Light,Traffic Control,Driver Substance Abuse,Driver At Fault,Injury Severity,Circumstance,Driver Distracted By,Drivers License State,Vehicle Body Type,Vehicle Movement,Speed Limit,Driverless Vehicle,Vehicle Year,Vehicle Make,Vehicle Model,Latitude,Longitude,Year,Month,Hour
230034657,Property Damage Crash,07/20/2023 09:38:00 PM,MONTGOMERY VILLAGE AVE,NA,STRAIGHT MOVEMENT ANGLE,Clear,N/A,Medium,TRAFFIC SIGNAL,NONE DETECTED,No,No Apparent Injury,N/A,NOT DISTRACTED,MD,PASSENGER CAR,MOVING CONSTANT SPEED,35,No,2008,CHEV,TK,39.15437715,-77.20926953,2023,7,21
230034669,Fatal Crash,07/20/2023 09:32:00 PM,BEALLSVILLE RD,NA,SINGLE VEHICLE,Clear,DRY,Dark,NO CONTROLS,DRUG PRESENT,Yes,Fatal Injury,N/A,UNKNOWN,MD,PASSENGER CAR,NEGOTIATING A CURVE,40,No,2002,HYUNDAI,ELANTRA,39.16166333,-77.41915333,2023,7,21
230034631,Injury Crash,07/20/2023 06:45:00 PM,MATENY RD,NA,OTHER,Clear,N/A,Daylight,NO CONTROLS,NONE DETECTED,Yes,Possible Minor Injury,N/A,LOOKED BUT DID NOT SEE,MD,(SPORT) UTILITY VEHICLE,CHANGING LANES,30,No,2011,VOLV,UT,39.1473355,-77.27187267,2023,7,18
230034631,Injury Crash,07/20/2023 06:45:00 PM,MATENY RD,NA,OTHER,Clear,N/A,Daylight,NO CONTROLS,NONE DETECTED,No,No Apparent Injury,N/A,NOT DISTRACTED,MD,PASSENGER CAR,MOVING CONSTANT SPEED,35,No,2014,CHEVROLET,CAMARO,39.1473355,-77.27187267,2023,7,18
230034624,Injury Crash,07/20/2023 06:01:00 PM,THAYER AVE,PEDESTRIAN,SINGLE VEHICLE,Clear,DRY,Daylight,NO CONTROLS,NONE DETECTED,No,No Apparent Injury,N/A,LOOKED BUT DID NOT SEE,MD,PASSENGER CAR,SLOWING OR STOPPING,25,No,2014,SUBARU,SU,38.99308191,-77.02331513,2023,7,18
230034639,Property Damage Crash,07/20/2023 05:06:00 PM,DALEWOOD DR,NA,OTHER,Clear,DRY,Daylight,NO CONTROLS,ALCOHOL PRESENT,Yes,No Apparent Injury,N/A,LOOKED BUT DID NOT SEE,MD,PASSENGER CAR,BACKING,25,No,2018,MAZD,UT,39.052037,-77.07318233,2023,7,17
230034690,Property Damage Crash,07/20/2023 05:00:00 PM,OLD COLUMBIA PIKE,NA,SAME DIR REAR END,Clear,DRY,Daylight,TRAFFIC SIGNAL,NONE DETECTED,No,No Apparent Injury,N/A,NOT DISTRACTED,MD,VAN,STOPPED IN TRAFFIC LANE,35,No,2013,FORD,E350,39.0838,-76.951315,2023,7,17
230034690,Property Damage Crash,07/20/2023 05:00:00 PM,OLD COLUMBIA PIKE,NA,SAME DIR REAR END,Clear,DRY,Daylight,TRAFFIC SIGNAL,NONE DETECTED,Yes,No Apparent Injury,N/A,UNKNOWN,MD,PASSENGER CAR,MOVING CONSTANT SPEED,35,No,2014,TOYOTA,PRIUS,39.0838,-76.951315,2023,7,17
230034611,Injury Crash,07/20/2023 04:51:00 PM,FREDERICK RD,NA,HEAD ON LEFT TURN,Clear,DRY,Daylight,TRAFFIC SIGNAL,NONE DETECTED,Yes,No Apparent Injury,N/A,LOOKED BUT DID NOT SEE,MD,PASSENGER CAR,MAKING LEFT TURN,25,No,2014,KIA,SD,39.11721722,-77.16898412,2023,7,16
230034611,Injury Crash,07/20/2023 04:51:00 PM,FREDERICK RD,NA,HEAD ON LEFT TURN,Clear,DRY,Daylight,TRAFFIC SIGNAL,NONE DETECTED,No,Possible Minor Injury,N/A,NOT DISTRACTED,MD,PASSENGER CAR,ACCELERATING,25,No,2008,BMW,TK,39.11721722,-77.16898412,2023,7,16
230034600,Property Damage Crash,07/20/2023 04:03:00 PM,NEW HAMPSHIRE AVE,NA,SAME DIR REAR END,Clear,DRY,Daylight,TRAFFIC SIGNAL,NONE DETECTED,No,No Apparent Injury,N/A,NOT DISTRACTED,MD,SCHOOL BUS,STOPPED IN TRAFFIC LANE,40,No,2019,FRHT,BUS,39.07623833,-77.00185917,2023,7,16
230034600,Property Damage Crash,07/20/2023 04:03:00 PM,NEW HAMPSHIRE AVE,NA,SAME DIR REAR END,Clear,DRY,Daylight,TRAFFIC SIGNAL,NONE DETECTED,Yes,No Apparent Injury,N/A,NOT DISTRACTED,MD,(SPORT) UTILITY VEHICLE,SLOWING OR STOPPING,40,No,2016,TOYOTA,RAV 4,39.07623833,-77.00185917,2023,7,16
230034583,Property Damage Crash,07/20/2023 03:10:00 PM,GEORGIA AVE,NA,STRAIGHT MOVEMENT ANGLE,Clear,DRY,Daylight,TRAFFIC SIGNAL,NONE DETECTED,Yes,No Apparent Injury,N/A,NOT DISTRACTED,MD,PICKUP TRUCK,ACCELERATING,35,No,2019,FORD,F150,39.10953506,-77.07580619,2023,7,15
230034583,Property Damage Crash,07/20/2023 03:10:00 PM,GEORGIA AVE,NA,STRAIGHT MOVEMENT ANGLE,Clear,DRY,Daylight,TRAFFIC SIGNAL,NONE DETECTED,No,No Apparent Injury,N/A,NOT DISTRACTED,MD,PASSENGER CAR,ACCELERATING,35,No,2017,FORD,FUSION,39.10953506,-77.07580619,2023,7,15
230034585,Property Damage Crash,07/20/2023 02:48:00 PM,FIRSTFIELD RD,NA,STRAIGHT MOVEMENT ANGLE,Clear,DRY,Daylight,STOP SIGN,NONE DETECTED,Yes,No Apparent Injury,N/A,UNKNOWN,MD,TRANSIT BUS,MAKING LEFT TURN,30,No,2017,GILG,BUS,39.1419905,-77.22437083,2023,7,14
230034585,Property Damage Crash,07/20/2023 02:48:00 PM,FIRSTFIELD RD,NA,STRAIGHT MOVEMENT ANGLE,Clear,DRY,Daylight,STOP SIGN,NONE DETECTED,No,No Apparent Injury,N/A,NOT DISTRACTED,MD,PASSENGER CAR,MOVING CONSTANT SPEED,30,No,2019,HYUN,SD,39.1419905,-77.22437083,2023,7,14
230034705,Property Damage Crash,07/20/2023 02:40:00 PM,SCHUBERT DR,NA,SINGLE VEHICLE,Clear,DRY,Daylight,N/A,NONE DETECTED,Unknown,No Apparent Injury,N/A,UNKNOWN,MD,FIRE VEHICLE/NON EMERGENCY,ACCELERATING,25,No,2007,PIER,D3,39.07105882,-76.94921411,2023,7,14
230034579,Injury Crash,07/20/2023 02:34:00 PM,MUNCASTER MILL RD,NA,ANGLE MEETS RIGHT TURN,Cloudy,DRY,Daylight,NO CONTROLS,NONE DETECTED,Yes,No Apparent Injury,N/A,LOOKED BUT DID NOT SEE,MD,PASSENGER CAR,MAKING RIGHT TURN,35,No,2018,CHRYSLER,PACIFICA,39.11270475,-77.08921363,2023,7,14
230034579,Injury Crash,07/20/2023 02:34:00 PM,MUNCASTER MILL RD,NA,ANGLE MEETS RIGHT TURN,Cloudy,DRY,Daylight,NO CONTROLS,NONE DETECTED,No,Possible Minor Injury,N/A,NOT DISTRACTED,MD,PASSENGER CAR,MOVING CONSTANT SPEED,35,No,2010,TOYOTA,COROLLA,39.11270475,-77.08921363,2023,7,14
230034557,Property Damage Crash,07/20/2023 01:00:00 PM,FERNWOOD RD,NA,HEAD ON LEFT TURN,Clear,DRY,Daylight,STOP SIGN,NONE DETECTED,Unknown,No Apparent Injury,N/A,NOT DISTRACTED,MD,PASSENGER CAR,ACCELERATING,30,No,2015,HONDA,CRV,39.00523123,-77.1332751,2023,7,13
230034557,Property Damage Crash,07/20/2023 01:00:00 PM,FERNWOOD RD,NA,HEAD ON LEFT TURN,Clear,DRY,Daylight,STOP SIGN,NONE DETECTED,Unknown,No Apparent Injury,N/A,NOT DISTRACTED,MD,PASSENGER CAR,MAKING LEFT TURN,30,No,1998,MERCURY,GRAND MARQUIS,39.00523123,-77.1332751,2023,7,13
230034551,Injury Crash,07/20/2023 12:53:00 PM,GEORGIA AVE,NA,HEAD ON LEFT TURN,Clear,DRY,Daylight,N/A,NONE DETECTED,Yes,No Apparent Injury,N/A,LOOKED BUT DID NOT SEE,MD,PASSENGER CAR,MAKING U TURN,30,No,2019,NISSAN,VERSA,38.986655,-77.02644,2023,7,12
230034551,Injury Crash,07/20/2023 12:53:00 PM,GEORGIA AVE,NA,HEAD ON LEFT TURN,Clear,DRY,Daylight,N/A,NONE DETECTED,No,No Apparent Injury,N/A,NOT DISTRACTED,MD,PASSENGER CAR,MOVING CONSTANT SPEED,30,No,2008,NISSAN,VERSA,38.986655,-77.02644,2023,7,12
230034541,Property Damage Crash,07/20/2023 12:14:00 PM,OLD GEORGETOWN RD,NA,HEAD ON LEFT TURN,Clear,DRY,Daylight,TRAFFIC SIGNAL,NONE DETECTED,No,No Apparent Injury,N/A,NOT DISTRACTED,MD,PASSENGER CAR,MOVING CONSTANT SPEED,35,No,2011,HOND,TK,39.04914683,-77.11713317,2023,7,12
230034541,Property Damage Crash,07/20/2023 12:14:00 PM,OLD GEORGETOWN RD,NA,HEAD ON LEFT TURN,Clear,DRY,Daylight,TRAFFIC SIGNAL,NONE DETECTED,Yes,No Apparent Injury,N/A,NOT DISTRACTED,MD,PASSENGER CAR,ACCELERATING,35,No,2017,KIA,UT,39.04914683,-77.11713317,2023,7,12
230034539,Property Damage Crash,07/20/2023 11:49:00 AM,NA,NA,STRAIGHT MOVEMENT ANGLE,Clear,NA,Daylight,NO CONTROLS,NONE DETECTED,Yes,No Apparent Injury,N/A,LOOKED BUT DID NOT SEE,MD,PASSENGER CAR,STARTING FROM PARKED,10,No,2015,TOYOTA,4S,39.02804,-77.14517833,2023,7,11
230034539,Property Damage Crash,07/20/2023 11:49:00 AM,NA,NA,STRAIGHT MOVEMENT ANGLE,Clear,NA,Daylight,NO CONTROLS,NONE DETECTED,No,No Apparent Injury,N/A,NOT DISTRACTED,MD,PASSENGER CAR,BACKING,10,No,2022,FORD,UT,39.02804,-77.14517833,2023,7,11
230034533,Injury Crash,07/20/2023 11:45:00 AM,ODENDHAL AVE,PEDESTRIAN,SAME DIRECTION RIGHT TURN,Clear,DRY,Daylight,TRAFFIC SIGNAL,NONE DETECTED,Yes,No Apparent Injury,N/A,LOOKED BUT DID NOT SEE,DC,PICKUP TRUCK,MAKING RIGHT TURN,35,No,2012,FORD,F150,39.1526245,-77.19285418,2023,7,11
230034526,Property Damage Crash,07/20/2023 10:35:00 AM,NA,NA,STRAIGHT MOVEMENT ANGLE,Clear,NA,Daylight,N/A,NONE DETECTED,Yes,No Apparent Injury,N/A,NOT DISTRACTED,MD,PASSENGER CAR,BACKING,5,No,2022,KIA,FORTE,39.001805,-77.05548167,2023,7,10
230034524,Property Damage Crash,07/20/2023 09:29:00 AM,NEBEL ST,NA,SAME DIRECTION SIDESWIPE,Clear,DRY,Daylight,N/A,NONE DETECTED,Yes,No Apparent Injury,N/A,INATTENTIVE OR LOST IN THOUGHT,MD,(SPORT) UTILITY VEHICLE,MOVING CONSTANT SPEED,25,No,2016,NISSAN,ROUGE,39.04707383,-77.10521433,2023,7,9
230034511,Injury Crash,07/20/2023 09:25:00 AM,SANDY SPRING RD,NA,SAME DIR REAR END,Clear,DRY,Daylight,NO CONTROLS,NONE DETECTED,No,Possible Minor Injury,"ANIMAL, BACKUP DUE TO NON-RECURRING INCIDENT",NOT DISTRACTED,MD,PASSENGER CAR,STOPPED IN TRAFFIC LANE,35,No,2010,TOYOTA,COROLLA,39.1117355,-76.92951733,2023,7,9
230034511,Injury Crash,07/20/2023 09:25:00 AM,SANDY SPRING RD,NA,SAME DIR REAR END,Clear,DRY,Daylight,NO CONTROLS,NONE DETECTED,Yes,Possible Minor Injury,"ANIMAL, BACKUP DUE TO NON-RECURRING INCIDENT",OTHER DISTRACTION,MD,PASSENGER CAR,MOVING CONSTANT SPEED,35,No,2014,NISSAN,PATHFINDER,39.1117355,-76.92951733,2023,7,9
230034514,Injury Crash,07/20/2023 09:20:00 AM,PINEY BRANCH RD,OTHER,SAME DIR REND LEFT TURN,Clear,DRY,Daylight,NO CONTROLS,NONE DETECTED,Unknown,No Apparent Injury,N/A,UNKNOWN,NA,NA,STARTING FROM PARKED,5,No,0,UNKNOWN,UNKNOWN,38.98086834,-77.01648149,2023,7,9
230034512,Property Damage Crash,07/20/2023 09:10:00 AM,RANDOLPH RD,NA,SAME DIR REAR END,Clear,DRY,Daylight,NO CONTROLS,NONE DETECTED,Yes,No Apparent Injury,N/A,UNKNOWN,NA,PASSENGER CAR,STARTING FROM LANE,35,No,2010,INFINITI,G37,39.05832888,-77.07122194,2023,7,9
230034512,Property Damage Crash,07/20/2023 09:10:00 AM,RANDOLPH RD,NA,SAME DIR REAR END,Clear,DRY,Daylight,NO CONTROLS,NONE DETECTED,No,No Apparent Injury,N/A,NOT DISTRACTED,MD,PASSENGER CAR,STOPPED IN TRAFFIC LANE,35,No,2022,TOYT,COROLLA,39.05832888,-77.07122194,2023,7,9
230034518,Property Damage Crash,07/20/2023 08:49:00 AM,NA,NA,OTHER,Clear,NA,Daylight,NO CONTROLS,NONE DETECTED,Yes,No Apparent Injury,N/A,NOT DISTRACTED,MD,PASSENGER CAR,MAKING RIGHT TURN,20,No,2021,TOYOTA,CAMRY,39.07736083,-76.93357,2023,7,8
230034491,Injury Crash,07/20/2023 07:30:00 AM,COLESVILLE RD,NA,SAME DIR REAR END,Clear,DRY,Daylight,TRAFFIC SIGNAL,NONE DETECTED,No,Possible Minor Injury,N/A,NOT DISTRACTED,MD,PASSENGER CAR,SLOWING OR STOPPING,35,No,2012,HYUNDAI,SONATO,39.0189255,-77.015009,2023,7,7
230034491,Injury Crash,07/20/2023 07:30:00 AM,COLESVILLE RD,NA,SAME DIR REAR END,Clear,DRY,Daylight,TRAFFIC SIGNAL,NONE DETECTED,No,No Apparent Injury,N/A,UNKNOWN,NA,UNKNOWN,UNKNOWN,35,No,0,UNKNOWN,UNKNOWN,39.0189255,-77.015009,2023,7,7
230034491,Injury Crash,07/20/2023 07:30:00 AM,COLESVILLE RD,NA,SAME DIR REAR END,Clear,DRY,Daylight,TRAFFIC SIGNAL,NONE DETECTED,Yes,No Apparent Injury,N/A,NOT DISTRACTED,MD,PASSENGER CAR,SLOWING OR STOPPING,35,No,2018,KIA,SOUL,39.0189255,-77.015009,2023,7,7
230034492,Property Damage Crash,07/20/2023 07:20:00 AM,BRADLEY LA,NA,STRAIGHT MOVEMENT ANGLE,Clear,DRY,Daylight,TRAFFIC SIGNAL,NONE DETECTED,No,No Apparent Injury,N/A,NOT DISTRACTED,MD,PASSENGER CAR,MOVING CONSTANT SPEED,35,No,2018,JEEP,COMPASS,38.97667,-77.07721,2023,7,7
230034492,Property Damage Crash,07/20/2023 07:20:00 AM,BRADLEY LA,NA,STRAIGHT MOVEMENT ANGLE,Clear,DRY,Daylight,TRAFFIC SIGNAL,NONE DETECTED,Yes,No Apparent Injury,N/A,UNKNOWN,NA,PASSENGER CAR,MAKING RIGHT TURN,35,No,2022,LEXUS,RX,38.97667,-77.07721,2023,7,7
230034462,Property Damage Crash,07/19/2023 09:59:00 PM,NA,NA,SAME DIRECTION SIDESWIPE,Clear,NA,Medium,N/A,NONE DETECTED,No,No Apparent Injury,N/A,NOT DISTRACTED,MD,PASSENGER CAR,MOVING CONSTANT SPEED,15,No,2021,JEEP,COMPASS,39.144961,-77.227355,2023,7,21
230034462,Property Damage Crash,07/19/2023 09:59:00 PM,NA,NA,SAME DIRECTION SIDESWIPE,Clear,NA,Medium,N/A,NONE DETECTED,Yes,No Apparent Injury,N/A,UNKNOWN,MD,PASSENGER CAR,MOVING CONSTANT SPEED,15,No,2012,CHEVROLET,IMPALA,39.144961,-77.227355,2023,7,21
230034461,Property Damage Crash,07/19/2023 09:23:00 PM,CENTURY BLVD,NA,SAME DIRECTION SIDESWIPE,Clear,DRY,Medium,TRAFFIC SIGNAL,NONE DETECTED,No,No Apparent Injury,N/A,NOT DISTRACTED,MD,PASSENGER CAR,MAKING RIGHT TURN,25,No,2021,TOYT,RAV4,39.18382,-77.261495,2023,7,21
230034461,Property Damage Crash,07/19/2023 09:23:00 PM,CENTURY BLVD,NA,SAME DIRECTION SIDESWIPE,Clear,DRY,Medium,TRAFFIC SIGNAL,NONE DETECTED,Yes,No Apparent Injury,N/A,LOOKED BUT DID NOT SEE,MD,TRANSIT BUS,MAKING RIGHT TURN,25,No,2020,GILG,BU,39.18382,-77.261495,2023,7,21
230034457,Property Damage Crash,07/19/2023 08:05:00 PM,NA,NA,SINGLE VEHICLE,Clear,NA,Daylight,NO CONTROLS,NONE DETECTED,Yes,No Apparent Injury,N/A,LOOKED BUT DID NOT SEE,MD,POLICE VEHICLE/EMERGENCY,BACKING,5,No,2014,CHEVROLET,SUBURBAN,39.06565183,-77.15941767,2023,7,20
230034445,Property Damage Crash,07/19/2023 07:00:00 PM,WOODFIELD RD,NA,SAME DIR REAR END,Clear,DRY,Daylight,OTHER,NONE DETECTED,No,No Apparent Injury,N/A,NOT DISTRACTED,MD,PASSENGER CAR,SLOWING OR STOPPING,30,No,2013,HOND,4S,39.15108983,-77.17462233,2023,7,19
230034445,Property Damage Crash,07/19/2023 07:00:00 PM,WOODFIELD RD,NA,SAME DIR REAR END,Clear,DRY,Daylight,OTHER,NONE DETECTED,Yes,No Apparent Injury,N/A,INATTENTIVE OR LOST IN THOUGHT,MD,(SPORT) UTILITY VEHICLE,SLOWING OR STOPPING,30,No,2022,VOLK,UT,39.15108983,-77.17462233,2023,7,19
230034436,Property Damage Crash,07/19/2023 05:42:00 PM,NEEDWOOD RD,NA,HEAD ON LEFT TURN,Clear,DRY,Daylight,NO CONTROLS,NONE DETECTED,No,No Apparent Injury,N/A,NOT DISTRACTED,MD,PASSENGER CAR,MOVING CONSTANT SPEED,25,No,2008,HYUNDAI,SONATA,39.12873883,-77.12878967,2023,7,17
230034436,Property Damage Crash,07/19/2023 05:42:00 PM,NEEDWOOD RD,NA,HEAD ON LEFT TURN,Clear,DRY,Daylight,NO CONTROLS,NONE DETECTED,Yes,No Apparent Injury,N/A,LOOKED BUT DID NOT SEE,MD,PASSENGER CAR,MAKING LEFT TURN,25,No,2018,SUBARU,CROSSTREK,39.12873883,-77.12878967,2023,7,17
230034426,Property Damage Crash,07/19/2023 04:35:00 PM,GEORGIA AVE,NA,SAME DIR REND RIGHT TURN,Clear,DRY,Daylight,N/A,NONE DETECTED,Yes,No Apparent Injury,N/A,UNKNOWN,NA,NA,CHANGING LANES,35,No,0,UNKNOWN,UNKNOWN,39.08750507,-77.07928734,2023,7,16
230034426,Property Damage Crash,07/19/2023 04:35:00 PM,GEORGIA AVE,NA,SAME DIR REND RIGHT TURN,Clear,DRY,Daylight,N/A,NONE DETECTED,No,No Apparent Injury,N/A,NOT DISTRACTED,MD,TRANSIT BUS,MOVING CONSTANT SPEED,35,No,2013,METRO,BUS,39.08750507,-77.07928734,2023,7,16
230034405,Property Damage Crash,07/19/2023 03:30:00 PM,GEORGIA AVE,NA,SAME DIRECTION SIDESWIPE,Clear,DRY,Daylight,NO CONTROLS,NONE DETECTED,Yes,No Apparent Injury,N/A,NOT DISTRACTED,MD,POLICE VEHICLE/NON EMERGENCY,ENTERING TRAFFIC LANE,30,No,2018,CHEVY,SILVERADO,39.0590781,-77.04997105,2023,7,15
230034405,Property Damage Crash,07/19/2023 03:30:00 PM,GEORGIA AVE,NA,SAME DIRECTION SIDESWIPE,Clear,DRY,Daylight,NO CONTROLS,NONE DETECTED,No,No Apparent Injury,N/A,NOT DISTRACTED,MD,PICKUP TRUCK,MOVING CONSTANT SPEED,30,No,2018,FORD,F150,39.0590781,-77.04997105,2023,7,15
230034402,Property Damage Crash,07/19/2023 03:03:00 PM,E RANDOLPH RD,NA,SINGLE VEHICLE,Cloudy,DRY,Daylight,NO CONTROLS,NONE DETECTED,Yes,No Apparent Injury,N/A,NOT DISTRACTED,MD,PASSENGER CAR,MOVING CONSTANT SPEED,35,No,2020,MAZD,CX3,39.06477,-76.97053167,2023,7,15
230034393,Property Damage Crash,07/19/2023 02:32:00 PM,COLESVILLE RD,NA,SAME DIR REAR END,Clear,DRY,Daylight,N/A,NONE DETECTED,No,No Apparent Injury,N/A,NOT DISTRACTED,MD,PASSENGER CAR,MOVING CONSTANT SPEED,35,No,2017,HYUN,4S,39.02133477,-77.0119619,2023,7,14
230034393,Property Damage Crash,07/19/2023 02:32:00 PM,COLESVILLE RD,NA,SAME DIR REAR END,Clear,DRY,Daylight,N/A,NONE DETECTED,Yes,No Apparent Injury,N/A,UNKNOWN,NA,PASSENGER CAR,MOVING CONSTANT SPEED,35,No,2021,CHEV,SILVERADO,39.02133477,-77.0119619,2023,7,14
23003437,Property Damage Crash,07/19/2023 12:19:00 PM,CRABBS BRANCH WAY,NA,SINGLE VEHICLE,Clear,DRY,Daylight,NO CONTROLS,NONE DETECTED,Yes,No Apparent Injury,N/A,USING OTHER DEVICE CONTROLS INTEGRAL TO VEHICLE,MD,(SPORT) UTILITY VEHICLE,MOVING CONSTANT SPEED,40,No,2011,TOYOTA,RAV 4,39.11985,-77.15699333,2023,7,12
230034443,Property Damage Crash,07/19/2023 12:13:00 PM,ARLINGTON RD,NA,SAME DIRECTION SIDESWIPE,Clear,DRY,Daylight,N/A,NONE DETECTED,Yes,No Apparent Injury,N/A,LOOKED BUT DID NOT SEE,MD,PASSENGER CAR,CHANGING LANES,35,No,2009,INFINITY,FX35,38.97865086,-77.09864952,2023,7,12
230034443,Property Damage Crash,07/19/2023 12:13:00 PM,ARLINGTON RD,NA,SAME DIRECTION SIDESWIPE,Clear,DRY,Daylight,N/A,NONE DETECTED,No,No Apparent Injury,N/A,NOT DISTRACTED,MD,PASSENGER CAR,MOVING CONSTANT SPEED,35,No,2013,ACUR,TL,38.97865086,-77.09864952,2023,7,12
230034363,Property Damage Crash,07/19/2023 11:41:00 AM,RIDGE RD,NA,HEAD ON LEFT TURN,Clear,DRY,Daylight,STOP SIGN,NONE DETECTED,Yes,No Apparent Injury,N/A,NOT DISTRACTED,MD,(SPORT) UTILITY VEHICLE,MAKING LEFT TURN,40,No,2017,MERCEDES BENZ,GLS450,39.24689556,-77.23412702,2023,7,11
230034363,Property Damage Crash,07/19/2023 11:41:00 AM,RIDGE RD,NA,HEAD ON LEFT TURN,Clear,DRY,Daylight,STOP SIGN,NONE DETECTED,No,No Apparent Injury,N/A,NOT DISTRACTED,MD,PICKUP TRUCK,MAKING LEFT TURN,40,No,2004,FORD,F250,39.24689556,-77.23412702,2023,7,11
230034372,Property Damage Crash,07/19/2023 09:50:00 AM,NA,NA,ANGLE MEETS LEFT TURN,Clear,NA,Daylight,NO CONTROLS,NONE DETECTED,No,No Apparent Injury,N/A,NOT DISTRACTED,MD,PASSENGER CAR,STOPPED IN TRAFFIC LANE,5,No,2022,FORD,TRANSIT,39.11592142,-77.1861019,2023,7,9
230034372,Property Damage Crash,07/19/2023 09:50:00 AM,NA,NA,ANGLE MEETS LEFT TURN,Clear,NA,Daylight,NO CONTROLS,NONE DETECTED,Yes,No Apparent Injury,N/A,LOOKED BUT DID NOT SEE,MD,PASSENGER CAR,MAKING RIGHT TURN,5,No,2023,CHEVROLET,SILVERADO,39.11592142,-77.1861019,2023,7,9
230034327,Property Damage Crash,07/19/2023 08:56:00 AM,COLESVILLE RD,NA,SAME DIRECTION SIDESWIPE,Cloudy,WET,Daylight,TRAFFIC SIGNAL,NONE DETECTED,Yes,No Apparent Injury,"BACKUP DUE TO REGULAR CONGESTION, N/A",UNKNOWN,NA,NA,MOVING CONSTANT SPEED,45,No,0,UNKNOWN,UNKNOWN,39.02021833,-77.01303333,2023,7,8
230034327,Property Damage Crash,07/19/2023 08:56:00 AM,COLESVILLE RD,NA,SAME DIRECTION SIDESWIPE,Cloudy,WET,Daylight,TRAFFIC SIGNAL,NONE DETECTED,No,No Apparent Injury,"BACKUP DUE TO REGULAR CONGESTION, N/A",NOT DISTRACTED,MD,SCHOOL BUS,STOPPED IN TRAFFIC LANE,45,No,2021,THOMAS,SCHOOL BUS,39.02021833,-77.01303333,2023,7,8
230034322,Property Damage Crash,07/19/2023 08:27:00 AM,ZION RD,NA,HEAD ON LEFT TURN,Cloudy,WET,Medium,TRAFFIC SIGNAL,NONE DETECTED,No,No Apparent Injury,N/A,NOT DISTRACTED,MD,PASSENGER CAR,MOVING CONSTANT SPEED,20,No,2000,HOND,ACCORD,39.20880621,-77.09241102,2023,7,8
230034322,Property Damage Crash,07/19/2023 08:27:00 AM,ZION RD,NA,HEAD ON LEFT TURN,Cloudy,WET,Medium,TRAFFIC SIGNAL,NONE DETECTED,Yes,No Apparent Injury,N/A,NOT DISTRACTED,MD,PASSENGER CAR,MAKING LEFT TURN,25,No,2004,LEXS,RX 330,39.20880621,-77.09241102,2023,7,8
230034316,Property Damage Crash,07/19/2023 08:13:00 AM,FREDERICK RD,NA,SAME DIR REAR END,Rain,WET,Daylight,NO CONTROLS,NONE DETECTED,No,No Apparent Injury,"N/A, WET",UNKNOWN,NA,UNKNOWN,SLOWING OR STOPPING,35,No,0,UNKNOWN,UNKNOWN,39.15373733,-77.21113767,2023,7,8
230034316,Property Damage Crash,07/19/2023 08:13:00 AM,FREDERICK RD,NA,SAME DIR REAR END,Rain,WET,Daylight,NO CONTROLS,NONE DETECTED,Yes,No Apparent Injury,"N/A, WET",NOT DISTRACTED,VA,PASSENGER CAR,MOVING CONSTANT SPEED,35,No,2013,FORD,EDGE,39.15373733,-77.21113767,2023,7,8
230034316,Property Damage Crash,07/19/2023 08:13:00 AM,FREDERICK RD,NA,SAME DIR REAR END,Rain,WET,Daylight,NO CONTROLS,NONE DETECTED,Yes,No Apparent Injury,"N/A, WET",NOT DISTRACTED,MD,PASSENGER CAR,MOVING CONSTANT SPEED,35,No,2010,TOYT,SD,39.15373733,-77.21113767,2023,7,8
230034316,Property Damage Crash,07/19/2023 08:13:00 AM,FREDERICK RD,NA,SAME DIR REAR END,Rain,WET,Daylight,NO CONTROLS,NONE DETECTED,Yes,No Apparent Injury,"N/A, WET",NOT DISTRACTED,MD,PASSENGER CAR,MOVING CONSTANT SPEED,35,No,2017,HONDA,CIVIC,39.15373733,-77.21113767,2023,7,8
230034320,Property Damage Crash,07/19/2023 08:04:00 AM,MACARTHUR BLVD,NA,SINGLE VEHICLE,Cloudy,WET,Daylight,NO CONTROLS,NONE DETECTED,Yes,No Apparent Injury,"N/A, WET",NOT DISTRACTED,PA,PASSENGER CAR,MOVING CONSTANT SPEED,30,No,2020,KIA,SOUL,38.962555,-77.13473167,2023,7,8
230034315,Property Damage Crash,07/19/2023 07:50:00 AM,RIDGE RD,NA,SAME DIR REAR END,Cloudy,WET,Daylight,TRAFFIC SIGNAL,NONE DETECTED,Yes,No Apparent Injury,N/A,EATING OR DRINKING,VA,PASSENGER CAR,SLOWING OR STOPPING,40,No,2019,VOLKSWAGON,JETTA,39.26226333,-77.221665,2023,7,7
230034315,Property Damage Crash,07/19/2023 07:50:00 AM,RIDGE RD,NA,SAME DIR REAR END,Cloudy,WET,Daylight,TRAFFIC SIGNAL,NONE DETECTED,No,No Apparent Injury,N/A,NOT DISTRACTED,MD,POLICE VEHICLE/NON EMERGENCY,STOPPED IN TRAFFIC LANE,40,No,2020,CHEVROLET,TAHOE,39.26226333,-77.221665,2023,7,7
230034313,Property Damage Crash,07/19/2023 07:30:00 AM,ROCKLEDGE BLVD,NA,SAME DIR BOTH LEFT TURN,Rain,WET,Daylight,TRAFFIC SIGNAL,NONE DETECTED,No,No Apparent Injury,"N/A, WET",NOT DISTRACTED,MD,PASSENGER CAR,MAKING LEFT TURN,35,No,2007,GMC,VAN,39.03157117,-77.13167733,2023,7,7
230034313,Property Damage Crash,07/19/2023 07:30:00 AM,ROCKLEDGE BLVD,NA,SAME DIR BOTH LEFT TURN,Rain,WET,Daylight,TRAFFIC SIGNAL,NONE DETECTED,Yes,No Apparent Injury,"N/A, WET",NOT DISTRACTED,DC,PASSENGER CAR,MAKING LEFT TURN,35,No,2010,HONDA,ODYSSEY,39.03157117,-77.13167733,2023,7,7
230034257,Injury Crash,07/18/2023 08:10:00 PM,GEORGIA AVE,NA,OTHER,Clear,DRY,Daylight,TRAFFIC SIGNAL,NONE DETECTED,No,Possible Minor Injury,N/A,NOT DISTRACTED,MD,PASSENGER CAR,ACCELERATING,35,No,2012,TOYT,COROLLA,39.05831167,-77.0501,2023,7,20
230034257,Injury Crash,07/18/2023 08:10:00 PM,GEORGIA AVE,NA,OTHER,Clear,DRY,Daylight,TRAFFIC SIGNAL,NONE DETECTED,Yes,Possible Minor Injury,N/A,UNKNOWN,NA,PASSENGER CAR,ACCELERATING,35,No,2007,HONDA,ACCORD,39.05831167,-77.0501,2023,7,20
230034257,Injury Crash,07/18/2023 08:10:00 PM,GEORGIA AVE,NA,OTHER,Clear,DRY,Daylight,TRAFFIC SIGNAL,NONE DETECTED,No,No Apparent Injury,N/A,NOT DISTRACTED,MD,PASSENGER CAR,STOPPED IN TRAFFIC LANE,35,No,2018,DODGE,CHARGER,39.05831167,-77.0501,2023,7,20
230034273,Injury Crash,07/18/2023 07:51:00 PM,SNOUFFERS SCHOOL RD,NA,SAME DIR REAR END,Clear,DRY,Medium,TRAFFIC SIGNAL,NONE DETECTED,Yes,No Apparent Injury,N/A,NOT DISTRACTED,MD,PASSENGER CAR,SLOWING OR STOPPING,35,No,2013,HONDA,PILOT,39.18751,-77.18643,2023,7,19