Local Case Number,ACRS Report Type,Crash Date/Time,Road Name,Related Non-Motorist,Collision Type,Weather,Surface Condition,Light,Traffic Control,Driver Substance Abuse,Driver At Fault,Injury Severity,Circumstance,Driver Distracted By,Drivers License State,Vehicle Body Type,Vehicle Movement,Speed Limit,Driverless Vehicle,Vehicle Year,Vehicle Make,Vehicle Model,Latitude,Longitude,Year,Month,Hour
230034273,Injury Crash,07/18/2023 07:51:00 PM,SNOUFFERS SCHOOL RD,NA,SAME DIR REAR END,Clear,DRY,Medium,TRAFFIC SIGNAL,NONE DETECTED,No,No Apparent Injury,N/A,NOT DISTRACTED,MD,PASSENGER CAR,STOPPED IN TRAFFIC LANE,35,No,2014,NISSAN,SENTRA,39.18751,-77.18643,2023,7,19
230034273,Injury Crash,07/18/2023 07:51:00 PM,SNOUFFERS SCHOOL RD,NA,SAME DIR REAR END,Clear,DRY,Medium,TRAFFIC SIGNAL,NONE DETECTED,Yes,Possible Minor Injury,N/A,NOT DISTRACTED,MD,PASSENGER CAR,SLOWING OR STOPPING,35,No,2007,LEXUS,RX350,39.18751,-77.18643,2023,7,19
230034243,Injury Crash,07/18/2023 05:12:00 PM,QUINCE ORCHARD RD,NA,SAME DIR REAR END,Clear,DRY,Daylight,TRAFFIC SIGNAL,NONE DETECTED,Yes,No Apparent Injury,N/A,LOOKED BUT DID NOT SEE,WV,(SPORT) UTILITY VEHICLE,SLOWING OR STOPPING,35,No,2019,JEEP,CHEROKEE,39.14615592,-77.21972266,2023,7,17
230034243,Injury Crash,07/18/2023 05:12:00 PM,QUINCE ORCHARD RD,NA,SAME DIR REAR END,Clear,DRY,Daylight,TRAFFIC SIGNAL,NONE DETECTED,No,No Apparent Injury,N/A,NOT DISTRACTED,MD,PASSENGER CAR,SLOWING OR STOPPING,35,No,2017,CHRY,SD,39.14615592,-77.21972266,2023,7,17
230034251,Property Damage Crash,07/18/2023 05:00:00 PM,UNIVERSITY BLVD E,NA,STRAIGHT MOVEMENT ANGLE,Clear,DRY,Daylight,TRAFFIC SIGNAL,NONE DETECTED,No,No Apparent Injury,N/A,NOT DISTRACTED,NJ,PASSENGER CAR,MAKING LEFT TURN,40,No,2018,DODGE,CHALLENGER,39.01526932,-77.00515901,2023,7,17
230034251,Property Damage Crash,07/18/2023 05:00:00 PM,UNIVERSITY BLVD E,NA,STRAIGHT MOVEMENT ANGLE,Clear,DRY,Daylight,TRAFFIC SIGNAL,NONE DETECTED,Yes,No Apparent Injury,N/A,UNKNOWN,MD,(SPORT) UTILITY VEHICLE,MOVING CONSTANT SPEED,35,No,2022,TOYOTA,RAV4,39.01526932,-77.00515901,2023,7,17
230034238,Property Damage Crash,07/18/2023 04:30:00 PM,BORDLY DR,NA,SINGLE VEHICLE,Clear,DRY,Daylight,NO CONTROLS,NONE DETECTED,Yes,No Apparent Injury,N/A,UNKNOWN,MD,PASSENGER CAR,MOVING CONSTANT SPEED,30,No,2022,HYUNDAI,SANTA CRUZ,39.1903945,-77.05006183,2023,7,16
230034231,Injury Crash,07/18/2023 04:20:00 PM,VEIRS MILL RD,NA,HEAD ON LEFT TURN,Clear,DRY,Daylight,TRAFFIC SIGNAL,NONE DETECTED,Yes,Possible Minor Injury,N/A,INATTENTIVE OR LOST IN THOUGHT,MD,PASSENGER CAR,MAKING LEFT TURN,35,No,2014,HYUN,4D,39.03675667,-77.05116667,2023,7,16
230034231,Injury Crash,07/18/2023 04:20:00 PM,VEIRS MILL RD,NA,HEAD ON LEFT TURN,Clear,DRY,Daylight,TRAFFIC SIGNAL,NONE DETECTED,No,Possible Minor Injury,N/A,NOT DISTRACTED,MD,PASSENGER CAR,MOVING CONSTANT SPEED,35,No,2020,TOYT,COROLLA,39.03675667,-77.05116667,2023,7,16
230034231,Injury Crash,07/18/2023 04:20:00 PM,VEIRS MILL RD,NA,HEAD ON LEFT TURN,Clear,DRY,Daylight,TRAFFIC SIGNAL,NONE DETECTED,No,Possible Minor Injury,N/A,NOT DISTRACTED,DC,PASSENGER CAR,MOVING CONSTANT SPEED,35,No,2011,CHEV,VN,39.03675667,-77.05116667,2023,7,16
230034219,Injury Crash,07/18/2023 03:34:00 PM,NORWOOD RD,NA,HEAD ON LEFT TURN,Clear,DRY,Daylight,NO CONTROLS,NONE DETECTED,No,No Apparent Injury,N/A,NOT DISTRACTED,MD,(SPORT) UTILITY VEHICLE,MOVING CONSTANT SPEED,35,No,2015,NISSAN,ROGUE,39.11412167,-77.01493767,2023,7,15
230034219,Injury Crash,07/18/2023 03:34:00 PM,NORWOOD RD,NA,HEAD ON LEFT TURN,Clear,DRY,Daylight,NO CONTROLS,NONE DETECTED,Yes,Possible Minor Injury,N/A,OTHER DISTRACTION,MD,(SPORT) UTILITY VEHICLE,MOVING CONSTANT SPEED,35,No,2019,MERCEDES,GLE350,39.11412167,-77.01493767,2023,7,15
230034220,Injury Crash,07/18/2023 03:27:00 PM,RANDOLPH RD,NA,SAME DIRECTION SIDESWIPE,Clear,DRY,Daylight,TRAFFIC SIGNAL,NONE DETECTED,Yes,Possible Minor Injury,N/A,LOOKED BUT DID NOT SEE,PA,TRUCK TRACTOR,MAKING LEFT TURN,35,No,2024,VOLVO,X15ST 400/1750 EPA21,39.053582,-77.10705383,2023,7,15
230034220,Injury Crash,07/18/2023 03:27:00 PM,RANDOLPH RD,NA,SAME DIRECTION SIDESWIPE,Clear,DRY,Daylight,TRAFFIC SIGNAL,NONE DETECTED,No,Possible Minor Injury,N/A,NOT DISTRACTED,DC,PASSENGER CAR,MOVING CONSTANT SPEED,35,No,2019,CHEV,BOLT,39.053582,-77.10705383,2023,7,15
230034236,Property Damage Crash,07/18/2023 03:10:00 PM,NA,NA,OTHER,Clear,NA,Daylight,NO CONTROLS,NONE DETECTED,Yes,No Apparent Injury,N/A,NOT DISTRACTED,MD,TRANSIT BUS,ACCELERATING,20,No,2022,BUS,BUS,38.99414919,-77.03091025,2023,7,15
230034209,Property Damage Crash,07/18/2023 03:07:00 PM,WISCONSIN AVE,NA,SAME DIRECTION SIDESWIPE,Clear,DRY,Daylight,TRAFFIC SIGNAL,NONE DETECTED,Yes,No Apparent Injury,N/A,NOT DISTRACTED,MD,PICKUP TRUCK,MOVING CONSTANT SPEED,30,No,2016,FORD,F150,38.96343167,-77.08710167,2023,7,15
230034209,Property Damage Crash,07/18/2023 03:07:00 PM,WISCONSIN AVE,NA,SAME DIRECTION SIDESWIPE,Clear,DRY,Daylight,TRAFFIC SIGNAL,NONE DETECTED,No,No Apparent Injury,N/A,NOT DISTRACTED,MD,TRANSIT BUS,STOPPED IN TRAFFIC LANE,30,No,2011,GILLIG,BUS,38.96343167,-77.08710167,2023,7,15
230034216,Property Damage Crash,07/18/2023 03:05:00 PM,RAMP 8 FR RAMP 5 (FR IS495) TO MD 190 WB,NA,SAME DIR REAR END,Clear,DRY,Daylight,NO CONTROLS,NONE DETECTED,Yes,No Apparent Injury,N/A,UNKNOWN,MD,PASSENGER CAR,SLOWING OR STOPPING,30,No,2014,ACURA,MDX,38.99088462,-77.15890583,2023,7,15
230034216,Property Damage Crash,07/18/2023 03:05:00 PM,RAMP 8 FR RAMP 5 (FR IS495) TO MD 190 WB,NA,SAME DIR REAR END,Clear,DRY,Daylight,NO CONTROLS,NONE DETECTED,No,No Apparent Injury,N/A,NOT DISTRACTED,MD,PASSENGER CAR,STOPPED IN TRAFFIC LANE,0,No,2017,FORD,FUSION,38.99088462,-77.15890583,2023,7,15
230034216,Property Damage Crash,07/18/2023 03:05:00 PM,RAMP 8 FR RAMP 5 (FR IS495) TO MD 190 WB,NA,SAME DIR REAR END,Clear,DRY,Daylight,NO CONTROLS,NONE DETECTED,No,No Apparent Injury,N/A,NOT DISTRACTED,MD,PASSENGER CAR,STOPPED IN TRAFFIC LANE,0,No,2021,GENS,GV80,38.99088462,-77.15890583,2023,7,15
230034213,Property Damage Crash,07/18/2023 03:03:00 PM,ROCKVILLE PIKE,NA,SAME DIR REAR END,Clear,DRY,Daylight,NO CONTROLS,NONE DETECTED,No,No Apparent Injury,N/A,NOT DISTRACTED,MD,"CARGO VAN/LIGHT TRUCK 2 AXLES (OVER 10,000LBS (4,536 KG))",STOPPED IN TRAFFIC LANE,35,No,2022,FORD,TK,39.07518901,-77.13686563,2023,7,15
230034213,Property Damage Crash,07/18/2023 03:03:00 PM,ROCKVILLE PIKE,NA,SAME DIR REAR END,Clear,DRY,Daylight,NO CONTROLS,NONE DETECTED,Yes,No Apparent Injury,N/A,NOT DISTRACTED,MD,(SPORT) UTILITY VEHICLE,MOVING CONSTANT SPEED,35,No,2010,LEXUS,RX350,39.07518901,-77.13686563,2023,7,15
230034208,Injury Crash,07/18/2023 02:45:00 PM,RANDOLPH RD,NA,STRAIGHT MOVEMENT ANGLE,Clear,DRY,Daylight,TRAFFIC SIGNAL,NONE DETECTED,No,Possible Minor Injury,N/A,NOT DISTRACTED,MD,PASSENGER CAR,MOVING CONSTANT SPEED,35,No,2020,HONDA,CRV,39.05530833,-77.083595,2023,7,14
230034208,Injury Crash,07/18/2023 02:45:00 PM,RANDOLPH RD,NA,STRAIGHT MOVEMENT ANGLE,Clear,DRY,Daylight,TRAFFIC SIGNAL,NONE DETECTED,Yes,No Apparent Injury,N/A,LOOKED BUT DID NOT SEE,MD,PASSENGER CAR,MAKING LEFT TURN,35,No,2005,TOYOTA,CAMRY,39.05530833,-77.083595,2023,7,14
230034229,Property Damage Crash,07/18/2023 02:41:00 PM,NA,NA,OTHER,Clear,NA,Daylight,NO CONTROLS,NONE DETECTED,Yes,No Apparent Injury,N/A,LOOKED BUT DID NOT SEE,MD,(SPORT) UTILITY VEHICLE,BACKING,0,No,2015,TOYOTA,SUV,38.99083945,-77.02623023,2023,7,14
230034385,Property Damage Crash,07/18/2023 02:10:00 PM,CONNECTICUT AVE,NA,SAME DIRECTION SIDESWIPE,Clear,DRY,Daylight,NO CONTROLS,NONE DETECTED,Yes,No Apparent Injury,N/A,LOOKED BUT DID NOT SEE,DC,PASSENGER CAR,MOVING CONSTANT SPEED,30,No,2008,HONDA,CIVIC,38.97671569,-77.07707707,2023,7,14
230034385,Property Damage Crash,07/18/2023 02:10:00 PM,CONNECTICUT AVE,NA,SAME DIRECTION SIDESWIPE,Clear,DRY,Daylight,NO CONTROLS,NONE DETECTED,No,No Apparent Injury,N/A,NOT DISTRACTED,MD,PASSENGER CAR,MOVING CONSTANT SPEED,30,No,2021,CHEVROLET,SUBURBAN,38.97671569,-77.07707707,2023,7,14
230034204,Property Damage Crash,07/18/2023 02:09:00 PM,SAM EIG HWY,NA,OTHER,Clear,DRY,Daylight,NO CONTROLS,ALCOHOL PRESENT,Yes,No Apparent Injury,N/A,NOT DISTRACTED,MD,PASSENGER CAR,MOVING CONSTANT SPEED,50,No,2016,HONDA,HRV,39.11757432,-77.20694788,2023,7,14
230034204,Property Damage Crash,07/18/2023 02:09:00 PM,SAM EIG HWY,NA,OTHER,Clear,DRY,Daylight,NO CONTROLS,NONE DETECTED,No,No Apparent Injury,N/A,NOT DISTRACTED,MD,PASSENGER CAR,MOVING CONSTANT SPEED,50,No,2016,HOND,4S,39.11757432,-77.20694788,2023,7,14
230034202,Injury Crash,07/18/2023 01:43:00 PM,ROCKVILLE PIKE,NA,SINGLE VEHICLE,Clear,DRY,Daylight,TRAFFIC SIGNAL,DRUG PRESENT,Yes,No Apparent Injury,N/A,NOT DISTRACTED,MD,PASSENGER CAR,MOVING CONSTANT SPEED,35,No,2009,TOYOTA,COROLLA,39.06844653,-77.1295358,2023,7,13
230034180,Injury Crash,07/18/2023 12:10:00 PM,PLUM ORCHARD DR,NA,SAME DIR REAR END,Clear,DRY,Daylight,TRAFFIC SIGNAL,NONE DETECTED,Yes,No Apparent Injury,N/A,USING OTHER DEVICE CONTROLS INTEGRAL TO VEHICLE,MD,PASSENGER CAR,SLOWING OR STOPPING,15,No,2010,TOYOTA,CAMRY,39.052711,-76.95268767,2023,7,12
230034180,Injury Crash,07/18/2023 12:10:00 PM,PLUM ORCHARD DR,NA,SAME DIR REAR END,Clear,DRY,Daylight,TRAFFIC SIGNAL,NONE DETECTED,No,No Apparent Injury,N/A,NOT DISTRACTED,MD,PASSENGER CAR,SLOWING OR STOPPING,15,No,2015,TOYOTA,CAMRY,39.052711,-76.95268767,2023,7,12
230034176,Injury Crash,07/18/2023 11:13:00 AM,DARNESTOWN RD,NA,SAME DIR REAR END,Clear,DRY,Daylight,TRAFFIC SIGNAL,NONE DETECTED,Yes,No Apparent Injury,N/A,OTHER DISTRACTION,MD,PASSENGER CAR,MOVING CONSTANT SPEED,35,No,2023,GENS,SD,39.09654117,-77.20433767,2023,7,11
230034176,Injury Crash,07/18/2023 11:13:00 AM,DARNESTOWN RD,NA,SAME DIR REAR END,Clear,DRY,Daylight,TRAFFIC SIGNAL,NONE DETECTED,No,No Apparent Injury,N/A,NOT DISTRACTED,MD,PASSENGER CAR,STOPPED IN TRAFFIC LANE,40,No,2018,AUDI,TK,39.09654117,-77.20433767,2023,7,11
230034176,Injury Crash,07/18/2023 11:13:00 AM,DARNESTOWN RD,NA,SAME DIR REAR END,Clear,DRY,Daylight,TRAFFIC SIGNAL,NONE DETECTED,No,Possible Minor Injury,N/A,NOT DISTRACTED,MD,PASSENGER CAR,STOPPED IN TRAFFIC LANE,40,No,2014,HONDA,CIVIC,39.09654117,-77.20433767,2023,7,11
230034003,Injury Crash,07/18/2023 10:46:00 AM,VEIRS MILL RD,PEDESTRIAN,SINGLE VEHICLE,Clear,DRY,Daylight,NO CONTROLS,NONE DETECTED,No,No Apparent Injury,N/A,UNKNOWN,NA,NA,UNKNOWN,40,No,0,UNKNOWN,UNKNOWN,39.07570606,-77.11794535,2023,7,10
230024163,Property Damage Crash,07/18/2023 10:44:00 AM,SHADY GROVE RD,NA,SAME DIRECTION SIDESWIPE,Clear,DRY,Daylight,NO CONTROLS,NONE DETECTED,Unknown,No Apparent Injury,N/A,NOT DISTRACTED,MD,"MEDIUM/HEAVY TRUCKS 3 AXLES (OVER 10,000LBS (4,536KG))",MOVING CONSTANT SPEED,40,No,2017,KENWORTH,DUMP TRUCK,39.10596333,-77.18998833,2023,7,10
230024163,Property Damage Crash,07/18/2023 10:44:00 AM,SHADY GROVE RD,NA,SAME DIRECTION SIDESWIPE,Clear,DRY,Daylight,NO CONTROLS,NONE DETECTED,Unknown,No Apparent Injury,N/A,NOT DISTRACTED,MD,PASSENGER CAR,MOVING CONSTANT SPEED,40,No,2015,NISSAN,ALTIMA,39.10596333,-77.18998833,2023,7,10
230034154,Property Damage Crash,07/18/2023 09:33:00 AM,ALLSPICE RD,NA,SINGLE VEHICLE,Clear,DRY,Daylight,NO CONTROLS,NONE DETECTED,Yes,No Apparent Injury,N/A,NOT DISTRACTED,MD,SCHOOL BUS,MAKING LEFT TURN,25,No,2021,THOMAS,MSDE D-12,39.15696957,-77.2604389,2023,7,9
230034143,Property Damage Crash,07/18/2023 08:45:00 AM,NA,NA,ANGLE MEETS LEFT HEAD ON,Clear,NA,Daylight,NO CONTROLS,NONE DETECTED,No,No Apparent Injury,N/A,NOT DISTRACTED,MD,PASSENGER CAR,STOPPED IN TRAFFIC LANE,15,No,2017,HONDA,CIVIC,39.0387355,-77.05134517,2023,7,8
230034143,Property Damage Crash,07/18/2023 08:45:00 AM,NA,NA,ANGLE MEETS LEFT HEAD ON,Clear,NA,Daylight,NO CONTROLS,NONE DETECTED,Yes,No Apparent Injury,N/A,UNKNOWN,NA,(SPORT) UTILITY VEHICLE,BACKING,15,No,2010,VOLKSWAGON,TIGUAN,39.0387355,-77.05134517,2023,7,8
230034116,Injury Crash,07/18/2023 04:01:00 AM,GEORGIA AVE,NA,SINGLE VEHICLE,Clear,DRY,Medium,NO CONTROLS,NONE DETECTED,Yes,Possible Minor Injury,N/A,UNKNOWN,DC,PASSENGER CAR,MOVING CONSTANT SPEED,35,No,2007,JEEP,TK,39.01946352,-77.04418635,2023,7,4
230033818,Property Damage Crash,07/18/2023 03:55:00 AM,FENTON ST,NA,STRAIGHT MOVEMENT ANGLE,Clear,DRY,Medium,FLASHING TRAFFIC SIGNAL,NONE DETECTED,No,No Apparent Injury,N/A,NOT DISTRACTED,MD,PASSENGER CAR,MOVING CONSTANT SPEED,30,No,2017,MERZ,GLS,38.99761449,-77.0270308,2023,7,3
230033818,Property Damage Crash,07/18/2023 03:55:00 AM,FENTON ST,NA,STRAIGHT MOVEMENT ANGLE,Clear,DRY,Medium,FLASHING TRAFFIC SIGNAL,NONE DETECTED,Yes,No Apparent Injury,N/A,OTHER ELECTRONIC DEVICE (NAVIGATIONAL PALM PILOT),MD,PASSENGER CAR,MOVING CONSTANT SPEED,30,No,2016,TOYOTA,4S,38.99761449,-77.0270308,2023,7,3
230034109,Property Damage Crash,07/17/2023 11:37:00 PM,FOUNDERS MILL DR,NA,SINGLE VEHICLE,Clear,DRY,Dark,NO CONTROLS,ALCOHOL PRESENT,Yes,No Apparent Injury,N/A,UNKNOWN,MD,PASSENGER CAR,MOVING CONSTANT SPEED,25,No,2011,MITS,4S,39.1398478,-77.15041002,2023,7,23
230034093,Injury Crash,07/17/2023 10:07:00 PM,MANNAKEE ST,NA,HEAD ON,Clear,DRY,Medium,NO CONTROLS,NONE DETECTED,Yes,Possible Minor Injury,N/A,UNKNOWN,MD,PASSENGER CAR,MOVING CONSTANT SPEED,25,No,2016,SUBARU,4D,39.090268,-77.1662715,2023,7,22
230034093,Injury Crash,07/17/2023 10:07:00 PM,MANNAKEE ST,NA,HEAD ON,Clear,DRY,Medium,NO CONTROLS,NONE DETECTED,No,No Apparent Injury,N/A,NOT DISTRACTED,MD,PASSENGER CAR,MOVING CONSTANT SPEED,25,No,2013,BMW,328,39.090268,-77.1662715,2023,7,22
230034092,Injury Crash,07/17/2023 09:48:00 PM,MACARTHUR BLVD,NA,SINGLE VEHICLE,Clear,DRY,Medium,NO CONTROLS,NONE DETECTED,Yes,Possible Minor Injury,N/A,NOT DISTRACTED,CA,PASSENGER CAR,MOVING CONSTANT SPEED,30,No,2012,HONDA,CRV,38.97476667,-77.17534717,2023,7,21
230034084,Property Damage Crash,07/17/2023 07:51:00 PM,WASHINGTONIAN BLVD,NA,STRAIGHT MOVEMENT ANGLE,Clear,DRY,Daylight,N/A,NONE DETECTED,Yes,No Apparent Injury,N/A,UNKNOWN,NA,PICKUP TRUCK,MOVING CONSTANT SPEED,15,No,2014,DODGE,RAM,39.11751167,-77.20218333,2023,7,19
230034074,Property Damage Crash,07/17/2023 06:06:00 PM,UNIVERSITY BLVD E,NA,OTHER,Clear,DRY,Daylight,OTHER,NONE DETECTED,No,No Apparent Injury,N/A,NOT DISTRACTED,MD,PASSENGER CAR,MOVING CONSTANT SPEED,35,No,2016,KIA,SORRENTO,39.01418662,-77.004193,2023,7,18
230034074,Property Damage Crash,07/17/2023 06:06:00 PM,UNIVERSITY BLVD E,NA,OTHER,Clear,DRY,Daylight,OTHER,NONE DETECTED,Yes,No Apparent Injury,N/A,NOT DISTRACTED,NA,PASSENGER CAR,ENTERING TRAFFIC LANE,35,No,2014,FORD,EXPLORER,39.01418662,-77.004193,2023,7,18
230034050,Injury Crash,07/17/2023 05:45:00 PM,RIDGE RD,NA,SAME DIR REAR END,Clear,DRY,Daylight,TRAFFIC SIGNAL,NONE DETECTED,Yes,Possible Minor Injury,N/A,UNKNOWN,MD,PASSENGER CAR,MOVING CONSTANT SPEED,40,No,2014,LEXUS,ES 35,39.2016825,-77.25407333,2023,7,17
230034050,Injury Crash,07/17/2023 05:45:00 PM,RIDGE RD,NA,SAME DIR REAR END,Clear,DRY,Daylight,TRAFFIC SIGNAL,NONE DETECTED,No,No Apparent Injury,N/A,NOT DISTRACTED,MD,PASSENGER CAR,STOPPED IN TRAFFIC LANE,40,No,2021,JEEP,SPORT UTILITY,39.2016825,-77.25407333,2023,7,17
230034050,Injury Crash,07/17/2023 05:45:00 PM,RIDGE RD,NA,SAME DIR REAR END,Clear,DRY,Daylight,TRAFFIC SIGNAL,NONE DETECTED,No,Possible Minor Injury,N/A,NOT DISTRACTED,MD,PASSENGER CAR,SLOWING OR STOPPING,40,No,2014,HONDA,ACCORD,39.2016825,-77.25407333,2023,7,17
230034046,Injury Crash,07/17/2023 05:10:00 PM,MUNCASTER RD,NA,OPPOSITE DIRECTION SIDESWIPE,Cloudy,DRY,Daylight,NO CONTROLS,NONE DETECTED,No,No Apparent Injury,N/A,NOT DISTRACTED,MD,PASSENGER CAR,MOVING CONSTANT SPEED,30,No,2022,TOYOTA,PRIUS,39.17597667,-77.118285,2023,7,17
230034046,Injury Crash,07/17/2023 05:10:00 PM,MUNCASTER RD,NA,OPPOSITE DIRECTION SIDESWIPE,Cloudy,DRY,Daylight,NO CONTROLS,NONE DETECTED,Yes,Possible Minor Injury,N/A,UNKNOWN,MD,POLICE VEHICLE/EMERGENCY,MOVING CONSTANT SPEED,30,No,2008,SUBARU,IMPREZA,39.17597667,-77.118285,2023,7,17
230034046,Injury Crash,07/17/2023 05:10:00 PM,MUNCASTER RD,NA,OPPOSITE DIRECTION SIDESWIPE,Cloudy,DRY,Daylight,NO CONTROLS,NONE DETECTED,No,No Apparent Injury,N/A,NOT DISTRACTED,MD,(SPORT) UTILITY VEHICLE,MOVING CONSTANT SPEED,30,No,2008,NISSAN,ROGUE,39.17597667,-77.118285,2023,7,17
230034045,Injury Crash,07/17/2023 05:09:00 PM,WOODFIELD RD,NA,HEAD ON LEFT TURN,Clear,DRY,Daylight,TRAFFIC SIGNAL,NONE DETECTED,No,No Apparent Injury,N/A,NOT DISTRACTED,MD,PASSENGER CAR,MOVING CONSTANT SPEED,30,No,2013,TOYOTA,PRIUS,39.28777183,-77.2018075,2023,7,17
230034045,Injury Crash,07/17/2023 05:09:00 PM,WOODFIELD RD,NA,HEAD ON LEFT TURN,Clear,DRY,Daylight,TRAFFIC SIGNAL,NONE DETECTED,Yes,Possible Minor Injury,N/A,NOT DISTRACTED,WV,PASSENGER CAR,MOVING CONSTANT SPEED,30,No,2005,TOYOTA,AVALON,39.28777183,-77.2018075,2023,7,17
230034062,Property Damage Crash,07/17/2023 05:00:00 PM,ROCKVILLE PIKE,NA,OTHER,Clear,DRY,Daylight,N/A,NONE DETECTED,Unknown,No Apparent Injury,N/A,UNKNOWN,MD,PASSENGER CAR,BACKING,0,No,2015,HONDA,CIVIC,39.057011,-77.11935386,2023,7,17
230034062,Property Damage Crash,07/17/2023 05:00:00 PM,ROCKVILLE PIKE,NA,OTHER,Clear,DRY,Daylight,N/A,NONE DETECTED,Unknown,No Apparent Injury,N/A,UNKNOWN,MD,PASSENGER CAR,BACKING,0,No,2019,HONDA,FIT,39.057011,-77.11935386,2023,7,17
230034042,Injury Crash,07/17/2023 04:51:00 PM,NORWOOD RD,NA,OPPOSITE DIRECTION SIDESWIPE,Clear,DRY,Daylight,NO CONTROLS,NONE DETECTED,No,No Apparent Injury,N/A,NOT DISTRACTED,MD,(SPORT) UTILITY VEHICLE,MOVING CONSTANT SPEED,35,No,2002,FORD,SW,39.12125467,-77.0247235,2023,7,16
230034042,Injury Crash,07/17/2023 04:51:00 PM,NORWOOD RD,NA,OPPOSITE DIRECTION SIDESWIPE,Clear,DRY,Daylight,NO CONTROLS,NONE DETECTED,Yes,Possible Minor Injury,N/A,LOOKED BUT DID NOT SEE,MD,(SPORT) UTILITY VEHICLE,LEAVING TRAFFIC LANE,35,No,2022,KIA,SPORT UTILITY,39.12125467,-77.0247235,2023,7,16
230034035,Property Damage Crash,07/17/2023 04:19:00 PM,MUDDY BRANCH RD,NA,STRAIGHT MOVEMENT ANGLE,Clear,DRY,Daylight,N/A,NONE DETECTED,Yes,No Apparent Injury,N/A,UNKNOWN,MD,PASSENGER CAR,MAKING LEFT TURN,45,No,2010,HONDA,CIVIC,39.11395685,-77.21601762,2023,7,16
230034035,Property Damage Crash,07/17/2023 04:19:00 PM,MUDDY BRANCH RD,NA,STRAIGHT MOVEMENT ANGLE,Clear,DRY,Daylight,N/A,NONE DETECTED,No,No Apparent Injury,N/A,NOT DISTRACTED,MD,PASSENGER CAR,MOVING CONSTANT SPEED,45,No,2009,HONDA,FIT,39.11395685,-77.21601762,2023,7,16
230034030,Property Damage Crash,07/17/2023 04:00:00 PM,NA,NA,SAME DIRECTION SIDESWIPE,Clear,NA,Daylight,NO CONTROLS,NONE DETECTED,Yes,No Apparent Injury,N/A,UNKNOWN,MD,PASSENGER CAR,PARKING,0,No,2016,JAGUAR,XJL,39.06184829,-77.16016778,2023,7,16
230034029,Property Damage Crash,07/17/2023 03:50:00 PM,FALLS RD,NA,STRAIGHT MOVEMENT ANGLE,Clear,DRY,Daylight,TRAFFIC SIGNAL,NONE DETECTED,Yes,No Apparent Injury,N/A,UNKNOWN,MD,(SPORT) UTILITY VEHICLE,MAKING RIGHT TURN,40,No,2020,TOYT,RAV4 UT,39.06294502,-77.17629697,2023,7,15
230034029,Property Damage Crash,07/17/2023 03:50:00 PM,FALLS RD,NA,STRAIGHT MOVEMENT ANGLE,Clear,DRY,Daylight,TRAFFIC SIGNAL,NONE DETECTED,No,No Apparent Injury,N/A,NOT DISTRACTED,MD,"CARGO VAN/LIGHT TRUCK 2 AXLES (OVER 10,000LBS (4,536 KG))",MOVING CONSTANT SPEED,40,No,2015,FORD,TRANSIT CG,39.06294502,-77.17629697,2023,7,15
230034023,Property Damage Crash,07/17/2023 03:21:00 PM,MUNCASTER MILL RD,NA,SINGLE VEHICLE,Clear,N/A,Daylight,N/A,NONE DETECTED,Yes,No Apparent Injury,N/A,INATTENTIVE OR LOST IN THOUGHT,MD,PASSENGER CAR,MOVING CONSTANT SPEED,35,No,1997,TOYOTA,COROLLA,39.14326167,-77.14043167,2023,7,15
230034007,Injury Crash,07/17/2023 02:15:00 PM,WOOTTON PKWY,NA,HEAD ON LEFT TURN,Cloudy,DRY,Daylight,TRAFFIC SIGNAL,NONE DETECTED,No,No Apparent Injury,N/A,NOT DISTRACTED,MD,PASSENGER CAR,MOVING CONSTANT SPEED,40,No,2004,CHEV,TK,39.06691533,-77.161466,2023,7,14
230034007,Injury Crash,07/17/2023 02:15:00 PM,WOOTTON PKWY,NA,HEAD ON LEFT TURN,Cloudy,DRY,Daylight,TRAFFIC SIGNAL,NONE DETECTED,Yes,Possible Minor Injury,N/A,NOT DISTRACTED,MD,PASSENGER CAR,MAKING LEFT TURN,40,No,2020,HONDA,CIVIC,39.06691533,-77.161466,2023,7,14
230034021,Property Damage Crash,07/17/2023 01:36:00 PM,NA,NA,OTHER,Clear,NA,Daylight,NO CONTROLS,NONE DETECTED,Yes,No Apparent Injury,N/A,UNKNOWN,MD,PASSENGER CAR,BACKING,0,No,2007,HYUN,ELANTRA,39.14383739,-77.19253384,2023,7,13
230034260,Property Damage Crash,07/17/2023 10:45:00 AM,SELFRIDGE RD,NA,OTHER,Clear,DRY,Medium,TRAFFIC SIGNAL,NONE DETECTED,Yes,No Apparent Injury,N/A,INATTENTIVE OR LOST IN THOUGHT,MD,PASSENGER CAR,MOVING CONSTANT SPEED,35,No,2003,FORD,TK,39.05458848,-77.08597423,2023,7,10
230034260,Property Damage Crash,07/17/2023 10:45:00 AM,SELFRIDGE RD,NA,OTHER,Clear,DRY,Medium,TRAFFIC SIGNAL,NONE DETECTED,No,No Apparent Injury,N/A,NOT DISTRACTED,MD,PASSENGER CAR,MOVING CONSTANT SPEED,25,No,2016,TOYT,COROLLA,39.05458848,-77.08597423,2023,7,10
230033978,Injury Crash,07/17/2023 10:44:00 AM,NA,NA,OPPOSITE DIRECTION SIDESWIPE,Clear,NA,Daylight,N/A,NONE DETECTED,No,Possible Minor Injury,N/A,NOT DISTRACTED,MD,PASSENGER CAR,MOVING CONSTANT SPEED,15,No,2013,LEXS,SU,39.07673767,-77.01127833,2023,7,10
230033978,Injury Crash,07/17/2023 10:44:00 AM,NA,NA,OPPOSITE DIRECTION SIDESWIPE,Clear,NA,Daylight,N/A,NONE DETECTED,Yes,No Apparent Injury,N/A,LOOKED BUT DID NOT SEE,MD,PASSENGER CAR,MOVING CONSTANT SPEED,15,No,2013,CHEV,TK,39.07673767,-77.01127833,2023,7,10
230033964,Property Damage Crash,07/17/2023 09:10:00 AM,MONTGOMERY VILLAGE AVE,NA,SAME DIR REAR END,Clear,DRY,Daylight,N/A,NONE DETECTED,No,No Apparent Injury,N/A,NOT DISTRACTED,MD,PASSENGER CAR,MOVING CONSTANT SPEED,35,No,2020,NISSAN,SUV,39.16343783,-77.203398000000007,2023,7,9
230033964,Property Damage Crash,07/17/2023 09:10:00 AM,MONTGOMERY VILLAGE AVE,NA,SAME DIR REAR END,Clear,DRY,Daylight,N/A,NONE DETECTED,Yes,No Apparent Injury,N/A,UNKNOWN,MD,PASSENGER CAR,MOVING CONSTANT SPEED,35,No,2009,HONDA,PILOT,39.16343783,-77.203398000000007,2023,7,9
230033962,Injury Crash,07/17/2023 08:50:00 AM,WISCONSIN AVE,NA,HEAD ON LEFT TURN,Clear,DRY,Daylight,TRAFFIC SIGNAL,NONE DETECTED,No,Possible Minor Injury,N/A,NOT DISTRACTED,MD,PASSENGER CAR,MOVING CONSTANT SPEED,35,No,2017,PORS,TK,38.96572667,-77.088115,2023,7,8
230033962,Injury Crash,07/17/2023 08:50:00 AM,WISCONSIN AVE,NA,HEAD ON LEFT TURN,Clear,DRY,Daylight,TRAFFIC SIGNAL,NONE DETECTED,Yes,No Apparent Injury,N/A,LOOKED BUT DID NOT SEE,MD,PASSENGER CAR,MAKING LEFT TURN,35,No,2011,TOYOTA,CAMRY,38.96572667,-77.088115,2023,7,8
230033955,Property Damage Crash,07/17/2023 07:58:00 AM,GEORGIA AVE,NA,SAME DIRECTION LEFT TURN,Clear,DRY,Daylight,NO CONTROLS,NONE DETECTED,Yes,No Apparent Injury,N/A,LOOKED BUT DID NOT SEE,DC,PASSENGER CAR,MOVING CONSTANT SPEED,35,No,2008,CHEV,COBALT,39.01113817,-77.041197,2023,7,7