Local Case Number,ACRS Report Type,Crash Date/Time,Road Name,Related Non-Motorist,Collision Type,Weather,Surface Condition,Light,Traffic Control,Driver Substance Abuse,Driver At Fault,Injury Severity,Circumstance,Driver Distracted By,Drivers License State,Vehicle Body Type,Vehicle Movement,Speed Limit,Driverless Vehicle,Vehicle Year,Vehicle Make,Vehicle Model,Latitude,Longitude,Year,Month,Hour
230033955,Property Damage Crash,07/17/2023 07:58:00 AM,GEORGIA AVE,NA,SAME DIRECTION LEFT TURN,Clear,DRY,Daylight,NO CONTROLS,NONE DETECTED,No,No Apparent Injury,N/A,NOT DISTRACTED,MD,PASSENGER CAR,MOVING CONSTANT SPEED,35,No,2018,DODG,UT,39.01113817,-77.041197,2023,7,7
23001385,Property Damage Crash,07/17/2023 07:00:00 AM,NA,NA,SINGLE VEHICLE,Clear,NA,Daylight,NO CONTROLS,NONE DETECTED,Yes,No Apparent Injury,"N/A, V EXHAUST SYSTEM|R OTHER ROAD",NOT DISTRACTED,MD,"CARGO VAN/LIGHT TRUCK 2 AXLES (OVER 10,000LBS (4,536 KG))",BACKING,5,No,2019,FORD,TK,39.12727133,-77.1268255,2023,7,7
230033933,Property Damage Crash,07/17/2023 01:20:00 AM,HUNGERFORD DR,NA,SINGLE VEHICLE,Clear,DRY,Medium,NO CONTROLS,NONE DETECTED,Yes,No Apparent Injury,N/A,NOT DISTRACTED,DC,PASSENGER CAR,MOVING CONSTANT SPEED,30,No,2014,HYUN,SD,39.09533729,-77.15332667,2023,7,1
230033911,Injury Crash,07/16/2023 05:37:00 PM,BEALLSVILLE RD,NA,SINGLE VEHICLE,Clear,DRY,Daylight,NO CONTROLS,NONE DETECTED,Unknown,Possible Minor Injury,N/A,UNKNOWN,MD,MOTORCYCLE,UNKNOWN,30,No,2023,KAWASAKI,ZX-6R,39.20302985,-77.38909816,2023,7,17
230033891,Injury Crash,07/16/2023 05:16:00 PM,RANDOLPH RD,NA,STRAIGHT MOVEMENT ANGLE,Clear,DRY,Daylight,TRAFFIC SIGNAL,NONE DETECTED,Yes,Possible Minor Injury,N/A,LOOKED BUT DID NOT SEE,MD,PASSENGER CAR,MOVING CONSTANT SPEED,40,No,2007,HONDA,4S,39.059277,-77.0476585,2023,7,17
230033891,Injury Crash,07/16/2023 05:16:00 PM,RANDOLPH RD,NA,STRAIGHT MOVEMENT ANGLE,Clear,DRY,Daylight,TRAFFIC SIGNAL,NONE DETECTED,No,Possible Minor Injury,N/A,NOT DISTRACTED,MD,(SPORT) UTILITY VEHICLE,STARTING FROM LANE,40,No,2021,TOYOTA,C-HR,39.059277,-77.0476585,2023,7,17
230033881,Property Damage Crash,07/16/2023 04:16:00 PM,WASHINGTONIAN BLVD,NA,STRAIGHT MOVEMENT ANGLE,Clear,DRY,Daylight,STOP SIGN,NONE DETECTED,Yes,No Apparent Injury,N/A,NOT DISTRACTED,MD,PASSENGER CAR,MAKING LEFT TURN,15,No,2022,NISSAN,FRONTIER,39.11731833,-77.20406167,2023,7,16
230033881,Property Damage Crash,07/16/2023 04:16:00 PM,WASHINGTONIAN BLVD,NA,STRAIGHT MOVEMENT ANGLE,Clear,DRY,Daylight,STOP SIGN,NONE DETECTED,No,No Apparent Injury,N/A,NOT DISTRACTED,CA,PASSENGER CAR,MOVING CONSTANT SPEED,15,No,2022,KIA,SOUL,39.11731833,-77.20406167,2023,7,16
230033875,Injury Crash,07/16/2023 03:46:00 PM,FATHER HURLEY BLVD,NA,HEAD ON LEFT TURN,Clear,DRY,Daylight,TRAFFIC SIGNAL,NONE DETECTED,Yes,No Apparent Injury,N/A,UNKNOWN,MD,PASSENGER CAR,MOVING CONSTANT SPEED,30,No,2013,MAZD,4S,39.18137393,-77.27618481,2023,7,15
230033875,Injury Crash,07/16/2023 03:46:00 PM,FATHER HURLEY BLVD,NA,HEAD ON LEFT TURN,Clear,DRY,Daylight,TRAFFIC SIGNAL,NONE DETECTED,No,Possible Minor Injury,N/A,UNKNOWN,MD,PASSENGER CAR,MOVING CONSTANT SPEED,30,No,2014,FORD,4S,39.18137393,-77.27618481,2023,7,15
230033870,Property Damage Crash,07/16/2023 02:30:00 PM,MUNCASTER RD,NA,SINGLE VEHICLE,Clear,DRY,Daylight,N/A,NONE DETECTED,Yes,No Apparent Injury,N/A,OTHER CELLULAR PHONE RELATED,MD,VAN,MOVING CONSTANT SPEED,35,No,2016,FORD,VAN,39.17726667,-77.1182775,2023,7,14
230033878,Property Damage Crash,07/16/2023 01:00:00 PM,NA,NA,SINGLE VEHICLE,Clear,NA,Daylight,NO CONTROLS,NONE DETECTED,Yes,No Apparent Injury,N/A,UNKNOWN,NA,PASSENGER CAR,MAKING RIGHT TURN,0,No,2014,KIA,SOUL,39.14492233,-77.19428399,2023,7,13
230033854,Injury Crash,07/16/2023 12:27:00 PM,WOODFIELD RD,NA,SAME DIR REAR END,Cloudy,DRY,Daylight,NO CONTROLS,NONE DETECTED,No,Possible Minor Injury,N/A,NOT DISTRACTED,MD,PASSENGER CAR,SLOWING OR STOPPING,30,No,2022,TOYT,CAMRY,39.28009667,-77.203035,2023,7,12
230033854,Injury Crash,07/16/2023 12:27:00 PM,WOODFIELD RD,NA,SAME DIR REAR END,Cloudy,DRY,Daylight,NO CONTROLS,NONE DETECTED,No,Possible Minor Injury,N/A,NOT DISTRACTED,MD,(SPORT) UTILITY VEHICLE,STOPPED IN TRAFFIC LANE,30,No,2020,SUBA,OUTBACK,39.28009667,-77.203035,2023,7,12
230033854,Injury Crash,07/16/2023 12:27:00 PM,WOODFIELD RD,NA,SAME DIR REAR END,Cloudy,DRY,Daylight,NO CONTROLS,NONE DETECTED,No,No Apparent Injury,N/A,NOT DISTRACTED,MD,(SPORT) UTILITY VEHICLE,STOPPED IN TRAFFIC LANE,30,No,2010,FORD,EXPEDITION,39.28009667,-77.203035,2023,7,12
230033854,Injury Crash,07/16/2023 12:27:00 PM,WOODFIELD RD,NA,SAME DIR REAR END,Cloudy,DRY,Daylight,NO CONTROLS,NONE DETECTED,Yes,No Apparent Injury,N/A,LOOKED BUT DID NOT SEE,MD,(SPORT) UTILITY VEHICLE,MOVING CONSTANT SPEED,30,No,2020,KIA,SOL,39.28009667,-77.203035,2023,7,12
230033837,Property Damage Crash,07/16/2023 10:30:00 AM,FENTON ST,NA,SAME DIR REAR END,Clear,DRY,Daylight,N/A,NONE DETECTED,Unknown,No Apparent Injury,N/A,NOT DISTRACTED,MD,PASSENGER CAR,MOVING CONSTANT SPEED,30,No,2022,TOYOTA,RAV4,38.9898023,-77.02395989,2023,7,10
230033838,Property Damage Crash,07/16/2023 10:12:00 AM,ROCKVILLE PIKE,NA,ANGLE MEETS LEFT TURN,Rain,WET,Daylight,TRAFFIC SIGNAL,NONE DETECTED,Unknown,No Apparent Injury,"N/A, WET",NOT DISTRACTED,MD,PASSENGER CAR,MOVING CONSTANT SPEED,40,No,1999,TOYOTA,4S,39.04943833,-77.11408833,2023,7,10
230033838,Property Damage Crash,07/16/2023 10:12:00 AM,ROCKVILLE PIKE,NA,ANGLE MEETS LEFT TURN,Rain,WET,Daylight,TRAFFIC SIGNAL,NONE DETECTED,Unknown,No Apparent Injury,"N/A, WET",NOT DISTRACTED,MD,PASSENGER CAR,MAKING LEFT TURN,40,No,2018,HONDA,SD,39.04943833,-77.11408833,2023,7,10
230033833,Injury Crash,07/16/2023 09:13:00 AM,DARNESTOWN RD,NA,SINGLE VEHICLE,Rain,WET,Daylight,NO CONTROLS,NONE DETECTED,Yes,Possible Minor Injury,"RAIN, SNOW, WET",NOT DISTRACTED,MD,PICKUP TRUCK,MOVING CONSTANT SPEED,50,No,2014,TOYT,TACOMA,39.15832,-77.38083,2023,7,9
230033883,Property Damage Crash,07/16/2023 08:16:00 AM,CONNECTICUT AVE,NA,SAME DIRECTION SIDESWIPE,Clear,DRY,Daylight,UNKNOWN,NONE DETECTED,No,No Apparent Injury,N/A,UNKNOWN,DC,PASSENGER CAR,MOVING CONSTANT SPEED,35,No,2021,HONDA,CRV,38.98711843,-77.07710005,2023,7,8
230033883,Property Damage Crash,07/16/2023 08:16:00 AM,CONNECTICUT AVE,NA,SAME DIRECTION SIDESWIPE,Clear,DRY,Daylight,UNKNOWN,NONE DETECTED,Yes,No Apparent Injury,N/A,UNKNOWN,NA,TRANSIT BUS,ACCELERATING,35,No,2011,GILL,BUS,38.98711843,-77.07710005,2023,7,8
230033823,Property Damage Crash,07/16/2023 05:40:00 AM,ROCKVILLE PIKE,NA,STRAIGHT MOVEMENT ANGLE,Cloudy,WET,Medium,TRAFFIC SIGNAL,NONE DETECTED,Unknown,No Apparent Injury,"RAIN, SNOW, WET",UNKNOWN,MD,PASSENGER CAR,MOVING CONSTANT SPEED,30,No,2019,TOYT,TK,39.08100831,-77.1452508,2023,7,5
230033823,Property Damage Crash,07/16/2023 05:40:00 AM,ROCKVILLE PIKE,NA,STRAIGHT MOVEMENT ANGLE,Cloudy,WET,Medium,TRAFFIC SIGNAL,NONE DETECTED,Unknown,No Apparent Injury,"RAIN, SNOW, WET",NOT DISTRACTED,MD,PASSENGER CAR,MOVING CONSTANT SPEED,30,No,2015,JEEP,SU,39.08100831,-77.1452508,2023,7,5
230033821,Property Damage Crash,07/16/2023 05:00:00 AM,BEL PRE RD,NA,SAME DIR REAR END,Rain,WET,Medium,NO CONTROLS,NONE DETECTED,Yes,No Apparent Injury,"N/A, WET",NOT DISTRACTED,MD,PASSENGER CAR,MOVING CONSTANT SPEED,25,No,2012,ACURA,MDX,39.08997784,-77.05371687,2023,7,5
230033822,Property Damage Crash,07/16/2023 04:51:00 AM,SNOUFFERS SCHOOL RD,NA,ANGLE MEETS LEFT TURN,Clear,WET,Medium,NO CONTROLS,NONE DETECTED,No,No Apparent Injury,"N/A, WET",NOT DISTRACTED,MD,PASSENGER CAR,MOVING CONSTANT SPEED,35,No,2023,HONDA,ACCORD,39.167239,-77.172751,2023,7,4
230033822,Property Damage Crash,07/16/2023 04:51:00 AM,SNOUFFERS SCHOOL RD,NA,ANGLE MEETS LEFT TURN,Clear,WET,Medium,NO CONTROLS,NONE DETECTED,Yes,No Apparent Injury,"N/A, WET",NOT DISTRACTED,VA,PASSENGER CAR,MAKING LEFT TURN,35,No,1998,HONDA,CIVIC,39.167239,-77.172751,2023,7,4
230033819,Injury Crash,07/16/2023 04:15:00 AM,GEORGIA AVE,NA,ANGLE MEETS RIGHT TURN,Clear,DRY,Medium,FLASHING TRAFFIC SIGNAL,ALCOHOL PRESENT,Yes,No Apparent Injury,N/A,UNKNOWN,MD,PASSENGER CAR,ACCELERATING,35,No,2012,HONDA,FIT,39.0432061,-77.05180673,2023,7,4
230033819,Injury Crash,07/16/2023 04:15:00 AM,GEORGIA AVE,NA,ANGLE MEETS RIGHT TURN,Clear,DRY,Medium,FLASHING TRAFFIC SIGNAL,NONE DETECTED,No,No Apparent Injury,N/A,NOT DISTRACTED,MD,PASSENGER CAR,MOVING CONSTANT SPEED,35,No,2018,ACURA,TLX,39.0432061,-77.05180673,2023,7,4
230033816,Property Damage Crash,07/16/2023 02:50:00 AM,PERRY PKWY,NA,SINGLE VEHICLE,Rain,WET,Medium,NO CONTROLS,ALCOHOL PRESENT,Yes,No Apparent Injury,"RAIN, SNOW, WET",NOT DISTRACTED,MD,PASSENGER CAR,MOVING CONSTANT SPEED,30,No,2014,HONDA,CRV,39.14391812,-77.21274208,2023,7,2
230033813,Injury Crash,07/16/2023 02:28:00 AM,CLOPPER RD,NA,STRAIGHT MOVEMENT ANGLE,Rain,WET,Medium,FLASHING TRAFFIC SIGNAL,NONE DETECTED,No,Possible Minor Injury,"RAIN, SNOW, WET",NOT DISTRACTED,MD,PICKUP TRUCK,MOVING CONSTANT SPEED,45,No,2019,TOYT,TACOMA,39.15665233,-77.26656217,2023,7,2
230033813,Injury Crash,07/16/2023 02:28:00 AM,CLOPPER RD,NA,STRAIGHT MOVEMENT ANGLE,Rain,WET,Medium,FLASHING TRAFFIC SIGNAL,NONE DETECTED,Yes,No Apparent Injury,"RAIN, SNOW, WET",NOT DISTRACTED,MD,(SPORT) UTILITY VEHICLE,MOVING CONSTANT SPEED,30,No,2017,JAGUAR,F-PACE,39.15665233,-77.26656217,2023,7,2
230033812,Injury Crash,07/16/2023 02:15:00 AM,COLUMBIA PIKE,NA,SAME DIR REAR END,Rain,WET,Medium,TRAFFIC SIGNAL,NONE DETECTED,No,No Apparent Injury,"N/A, WET",NOT DISTRACTED,MD,PASSENGER CAR,STOPPED IN TRAFFIC LANE,40,No,2018,TOYOTA,RAV4,39.03361333,-77.00245333,2023,7,2
230033812,Injury Crash,07/16/2023 02:15:00 AM,COLUMBIA PIKE,NA,SAME DIR REAR END,Rain,WET,Medium,TRAFFIC SIGNAL,NONE DETECTED,Yes,Possible Minor Injury,"N/A, WET",NOT DISTRACTED,MD,PASSENGER CAR,SLOWING OR STOPPING,40,No,2005,TOYOTA,CAMRY,39.03361333,-77.00245333,2023,7,2
230033809,Property Damage Crash,07/16/2023 01:12:00 AM,PARK AVE,NA,OTHER,Clear,DRY,Medium,NO CONTROLS,NONE DETECTED,Yes,No Apparent Injury,N/A,LOOKED BUT DID NOT SEE,MD,PASSENGER CAR,MOVING CONSTANT SPEED,25,No,2015,MERC,4D,39.14002237,-77.1955966,2023,7,1
230033800,Injury Crash,07/16/2023 12:15:00 AM,DAWSON AVE,NA,STRAIGHT MOVEMENT ANGLE,Rain,WET,Medium,STOP SIGN,NONE DETECTED,No,No Apparent Injury,"N/A, RAIN, SNOW",UNKNOWN,MD,(SPORT) UTILITY VEHICLE,MOVING CONSTANT SPEED,25,No,2022,NISSAN,KICKS,39.04576798,-77.05517642,2023,7,0
23003801,Property Damage Crash,07/16/2023 12:15:00 AM,WISCONSIN AVE,NA,SAME DIRECTION RIGHT TURN,Rain,WET,Medium,TRAFFIC SIGNAL,NONE DETECTED,Yes,No Apparent Injury,N/A,UNKNOWN,NA,NA,CHANGING LANES,25,No,0,UNKNOWN,UNKNOWN,38.98490213,-77.09434317,2023,7,0
23003801,Property Damage Crash,07/16/2023 12:15:00 AM,WISCONSIN AVE,NA,SAME DIRECTION RIGHT TURN,Rain,WET,Medium,TRAFFIC SIGNAL,NONE DETECTED,No,No Apparent Injury,N/A,NOT DISTRACTED,TN,(SPORT) UTILITY VEHICLE,SLOWING OR STOPPING,25,No,2021,NISSAN,ROGUE,38.98490213,-77.09434317,2023,7,0
230033800,Injury Crash,07/16/2023 12:15:00 AM,DAWSON AVE,NA,STRAIGHT MOVEMENT ANGLE,Rain,WET,Medium,STOP SIGN,NONE DETECTED,Yes,No Apparent Injury,"N/A, RAIN, SNOW",UNKNOWN,MD,(SPORT) UTILITY VEHICLE,STARTING FROM LANE,25,No,2023,HYUN,TUCSON,39.04576798,-77.05517642,2023,7,0
230033796,Property Damage Crash,07/15/2023 11:27:00 PM,E MIDDLE LA,NA,OTHER,Rain,WET,Medium,TRAFFIC SIGNAL,NONE DETECTED,No,No Apparent Injury,N/A,NOT DISTRACTED,MD,TRANSIT BUS,MAKING RIGHT TURN,30,No,2016,GILL,BUS,39.08513603,-77.14815484,2023,7,23
230033796,Property Damage Crash,07/15/2023 11:27:00 PM,E MIDDLE LA,NA,OTHER,Rain,WET,Medium,TRAFFIC SIGNAL,NONE DETECTED,Yes,No Apparent Injury,N/A,NOT DISTRACTED,XX,(SPORT) UTILITY VEHICLE,MAKING U TURN,30,No,2022,HONDA,UT,39.08513603,-77.14815484,2023,7,23
230033826,Property Damage Crash,07/15/2023 10:30:00 PM,OLD HUNDRED RD,NA,SINGLE VEHICLE,Cloudy,WET,Dark,NO CONTROLS,NONE DETECTED,Yes,No Apparent Injury,"RAIN, SNOW, WET",UNKNOWN,MD,PASSENGER CAR,MOVING CONSTANT SPEED,40,No,2013,FORD,EXPLORER,39.262952,-77.343994,2023,7,22
230033787,Property Damage Crash,07/15/2023 10:05:00 PM,GERMANTOWN RD,NA,SINGLE VEHICLE,Clear,WET,Medium,N/A,NONE DETECTED,Yes,No Apparent Injury,N/A,NOT DISTRACTED,MD,PASSENGER CAR,MAKING RIGHT TURN,40,No,2006,TOYOTA,COROLLA,39.16306667,-77.283085,2023,7,22
230033785,Property Damage Crash,07/15/2023 09:59:00 PM,WOODMONT AVE,NA,OPPOSITE DIRECTION SIDESWIPE,Clear,DRY,Medium,TRAFFIC SIGNAL,NONE DETECTED,Yes,No Apparent Injury,N/A,NOT DISTRACTED,MD,PASSENGER CAR,MAKING LEFT TURN,30,No,2014,ACURA,MDX,38.98678489,-77.09605309,2023,7,21
230033785,Property Damage Crash,07/15/2023 09:59:00 PM,WOODMONT AVE,NA,OPPOSITE DIRECTION SIDESWIPE,Clear,DRY,Medium,TRAFFIC SIGNAL,NONE DETECTED,No,No Apparent Injury,N/A,NOT DISTRACTED,MD,TRANSIT BUS,MOVING CONSTANT SPEED,30,No,2010,NWFL,DE4,38.98678489,-77.09605309,2023,7,21
230033926,Property Damage Crash,07/15/2023 09:39:00 PM,NA,NA,OTHER,Rain,NA,Medium,NO CONTROLS,NONE DETECTED,Yes,No Apparent Injury,N/A,UNKNOWN,NA,(SPORT) UTILITY VEHICLE,MOVING CONSTANT SPEED,0,No,2013,MERCEDES,ML,38.9907825,-77.02563112,2023,7,21
230033926,Property Damage Crash,07/15/2023 09:39:00 PM,NA,NA,OTHER,Rain,NA,Medium,NO CONTROLS,NONE DETECTED,No,No Apparent Injury,N/A,NOT DISTRACTED,DC,PASSENGER CAR,PARKED,0,No,2010,INFINITI,G37X,38.9907825,-77.02563112,2023,7,21
230033782,Property Damage Crash,07/15/2023 09:20:00 PM,UNIVERSITY BLVD W,NA,SAME DIR REAR END,Clear,DRY,Dark,TRAFFIC SIGNAL,NONE DETECTED,No,No Apparent Injury,N/A,NOT DISTRACTED,MD,PASSENGER CAR,STOPPED IN TRAFFIC LANE,35,No,2014,HONDA,4S,39.03565833,-77.02619833,2023,7,21
230033782,Property Damage Crash,07/15/2023 09:20:00 PM,UNIVERSITY BLVD W,NA,SAME DIR REAR END,Clear,DRY,Dark,TRAFFIC SIGNAL,NONE DETECTED,No,No Apparent Injury,N/A,NOT DISTRACTED,MD,(SPORT) UTILITY VEHICLE,STOPPED IN TRAFFIC LANE,35,No,2016,FORD,UT,39.03565833,-77.02619833,2023,7,21
230033782,Property Damage Crash,07/15/2023 09:20:00 PM,UNIVERSITY BLVD W,NA,SAME DIR REAR END,Clear,DRY,Dark,TRAFFIC SIGNAL,NONE DETECTED,Yes,No Apparent Injury,N/A,OTHER DISTRACTION,NA,PASSENGER CAR,ACCELERATING,35,No,2017,DODGE,VN,39.03565833,-77.02619833,2023,7,21
230033762,Injury Crash,07/15/2023 07:23:00 PM,CLOPPER RD,NA,HEAD ON LEFT TURN,Clear,DRY,Daylight,TRAFFIC SIGNAL,NONE DETECTED,Yes,No Apparent Injury,N/A,UNKNOWN,MD,PASSENGER CAR,MAKING LEFT TURN,30,No,2018,HOND,CIVIC,39.16290033,-77.28300633,2023,7,19
230033762,Injury Crash,07/15/2023 07:23:00 PM,CLOPPER RD,NA,HEAD ON LEFT TURN,Clear,DRY,Daylight,TRAFFIC SIGNAL,NONE DETECTED,No,Possible Minor Injury,N/A,NOT DISTRACTED,MD,PASSENGER CAR,MOVING CONSTANT SPEED,30,No,2014,TOYOTA,COROLLA,39.16290033,-77.28300633,2023,7,19
230033761,Property Damage Crash,07/15/2023 05:28:00 PM,NA,NA,OTHER,Clear,NA,Daylight,N/A,NONE DETECTED,Yes,No Apparent Injury,N/A,UNKNOWN,MD,(SPORT) UTILITY VEHICLE,MOVING CONSTANT SPEED,10,No,2021,GMC,YUKON,38.9970815,-77.02415933,2023,7,17
230033741,Injury Crash,07/15/2023 03:53:00 PM,RANDOLPH RD,NA,STRAIGHT MOVEMENT ANGLE,Clear,DRY,Daylight,STOP SIGN,NONE DETECTED,Yes,Possible Minor Injury,N/A,NOT DISTRACTED,MD,PASSENGER CAR,ACCELERATING,30,No,2021,TOYOTA,RAV4,39.05850333,-77.07101833,2023,7,15
230033741,Injury Crash,07/15/2023 03:53:00 PM,RANDOLPH RD,NA,STRAIGHT MOVEMENT ANGLE,Clear,DRY,Daylight,STOP SIGN,NONE DETECTED,No,No Apparent Injury,N/A,NOT DISTRACTED,MD,PASSENGER CAR,ACCELERATING,35,No,2011,HONDA,CR-V,39.05850333,-77.07101833,2023,7,15
230033735,Injury Crash,07/15/2023 03:44:00 PM,WATKINS MILL RD,NA,SAME DIR REAR END,Clear,DRY,Daylight,NO CONTROLS,NONE DETECTED,No,Possible Minor Injury,N/A,NOT DISTRACTED,MD,PASSENGER CAR,PARKED,35,No,2020,TOYOTA,CHR,39.18686667,-77.21438833,2023,7,15
230033735,Injury Crash,07/15/2023 03:44:00 PM,WATKINS MILL RD,NA,SAME DIR REAR END,Clear,DRY,Daylight,NO CONTROLS,NONE DETECTED,Yes,Possible Minor Injury,N/A,OTHER DISTRACTION,MD,PASSENGER CAR,MOVING CONSTANT SPEED,35,No,2007,MERZ,GL450,39.18686667,-77.21438833,2023,7,15
230033737,Injury Crash,07/15/2023 03:39:00 PM,COLESVILLE RD,NA,STRAIGHT MOVEMENT ANGLE,Clear,DRY,Daylight,TRAFFIC SIGNAL,NONE DETECTED,No,Possible Minor Injury,N/A,NOT DISTRACTED,MD,PASSENGER CAR,MOVING CONSTANT SPEED,35,No,2011,FORD,TAURUS,39.005246,-77.02283267,2023,7,15
230033737,Injury Crash,07/15/2023 03:39:00 PM,COLESVILLE RD,NA,STRAIGHT MOVEMENT ANGLE,Clear,DRY,Daylight,TRAFFIC SIGNAL,NONE DETECTED,Yes,No Apparent Injury,N/A,LOOKED BUT DID NOT SEE,MD,(SPORT) UTILITY VEHICLE,MOVING CONSTANT SPEED,35,No,2021,VOLKS,TIGUAN,39.005246,-77.02283267,2023,7,15
23001376,Property Damage Crash,07/15/2023 02:34:00 PM,NA,NA,OPPOSITE DIRECTION SIDESWIPE,Clear,NA,Daylight,NO CONTROLS,NONE DETECTED,No,No Apparent Injury,N/A,NOT DISTRACTED,MD,PASSENGER CAR,MOVING CONSTANT SPEED,25,No,2022,TOYOTA,COROLLA,39.209493,-77.28195133,2023,7,14
230033714,Property Damage Crash,07/15/2023 01:18:00 PM,GEORGIA AVE,NA,SAME DIR REAR END,Clear,DRY,Daylight,NO CONTROLS,NONE DETECTED,No,No Apparent Injury,N/A,NOT DISTRACTED,DC,PASSENGER CAR,STOPPED IN TRAFFIC LANE,30,No,2017,TOYOTA,UT,38.99100767,-77.02671998,2023,7,13
230033714,Property Damage Crash,07/15/2023 01:18:00 PM,GEORGIA AVE,NA,SAME DIR REAR END,Clear,DRY,Daylight,NO CONTROLS,NONE DETECTED,Yes,No Apparent Injury,N/A,UNKNOWN,DC,PASSENGER CAR,SLOWING OR STOPPING,35,No,2002,NISSAN,UT,38.99100767,-77.02671998,2023,7,13
230033705,Injury Crash,07/15/2023 12:15:00 PM,GIRARD ST,OTHER,OTHER,Cloudy,DRY,Daylight,TRAFFIC SIGNAL,NONE DETECTED,No,No Apparent Injury,N/A,NOT DISTRACTED,MD,PASSENGER CAR,MOVING CONSTANT SPEED,25,No,2019,FORD,TK,39.15111155,-77.19246255,2023,7,12
230033704,Injury Crash,07/15/2023 11:55:00 AM,EAST VILLAGE AVE,BICYCLIST,ANGLE MEETS LEFT TURN,Cloudy,DRY,Daylight,NO CONTROLS,NONE DETECTED,Yes,No Apparent Injury,N/A,LOOKED BUT DID NOT SEE,MD,PASSENGER CAR,MAKING LEFT TURN,35,No,2010,TOYOTA,PRIUS,39.18775,-77.17926167,2023,7,11
230033699,Injury Crash,07/15/2023 11:22:00 AM,GEORGIA AVE,PEDESTRIAN,N/A,Clear,DRY,Daylight,NO CONTROLS,NONE DETECTED,Yes,No Apparent Injury,N/A,LOOKED BUT DID NOT SEE,MD,PASSENGER CAR,MOVING CONSTANT SPEED,25,No,2007,CHEV,TAHOE,39.05950817,-77.05035067,2023,7,11
230033698,Property Damage Crash,07/15/2023 10:47:00 AM,W DEER PARK RD,NA,SAME DIR REAR END,Clear,DRY,Daylight,NO CONTROLS,NONE DETECTED,Yes,No Apparent Injury,N/A,LOOKED BUT DID NOT SEE,MD,PASSENGER CAR,SLOWING OR STOPPING,25,No,1996,TOYT,SD,39.13346347,-77.20338598,2023,7,10
230033698,Property Damage Crash,07/15/2023 10:47:00 AM,W DEER PARK RD,NA,SAME DIR REAR END,Clear,DRY,Daylight,NO CONTROLS,NONE DETECTED,No,No Apparent Injury,N/A,NOT DISTRACTED,MD,PASSENGER CAR,SLOWING OR STOPPING,25,No,2016,CHEVROLET,MALIBU,39.13346347,-77.20338598,2023,7,10
230033692,Injury Crash,07/15/2023 10:30:00 AM,SHADY GROVE RD,NA,SAME DIRECTION SIDESWIPE,Clear,DRY,Daylight,N/A,NONE DETECTED,No,No Apparent Injury,N/A,NOT DISTRACTED,MD,(SPORT) UTILITY VEHICLE,MOVING CONSTANT SPEED,40,No,2016,JEEP,LAREDO,39.12918683,-77.16618783,2023,7,10
230033692,Injury Crash,07/15/2023 10:30:00 AM,SHADY GROVE RD,NA,SAME DIRECTION SIDESWIPE,Clear,DRY,Daylight,N/A,NONE DETECTED,Yes,No Apparent Injury,N/A,LOOKED BUT DID NOT SEE,MD,(SPORT) UTILITY VEHICLE,CHANGING LANES,40,No,2006,JEEP,COMMANDER,39.12918683,-77.16618783,2023,7,10
230033685,Injury Crash,07/15/2023 09:33:00 AM,FATHER HURLEY BLVD,NA,SAME DIR REAR END,Clear,DRY,Daylight,TRAFFIC SIGNAL,NONE DETECTED,Yes,No Apparent Injury,N/A,NOT DISTRACTED,MD,PASSENGER CAR,MOVING CONSTANT SPEED,35,No,2007,TOYOTA,YARIS,39.19115,-77.27228,2023,7,9
230033685,Injury Crash,07/15/2023 09:33:00 AM,FATHER HURLEY BLVD,NA,SAME DIR REAR END,Clear,DRY,Daylight,TRAFFIC SIGNAL,NONE DETECTED,No,Possible Minor Injury,N/A,OTHER DISTRACTION,MD,PASSENGER CAR,SLOWING OR STOPPING,35,No,2009,INFINITI,G37,39.19115,-77.27228,2023,7,9
230033683,Property Damage Crash,07/15/2023 09:12:00 AM,INTERCOUNTY CONNECTOR,NA,SAME DIR REAR END,Clear,DRY,Daylight,TRAFFIC SIGNAL,NONE DETECTED,Yes,No Apparent Injury,N/A,UNKNOWN,NA,"OTHER LIGHT TRUCKS (10,000LBS (4,536KG) OR LESS)",SLOWING OR STOPPING,25,No,2012,FORD,TK,39.12292118,-77.17831013,2023,7,9
230033683,Property Damage Crash,07/15/2023 09:12:00 AM,INTERCOUNTY CONNECTOR,NA,SAME DIR REAR END,Clear,DRY,Daylight,TRAFFIC SIGNAL,NONE DETECTED,No,No Apparent Injury,N/A,NOT DISTRACTED,MD,PASSENGER CAR,STOPPED IN TRAFFIC LANE,25,No,2016,GMC,ACADIA,39.12292118,-77.17831013,2023,7,9
230033666,Injury Crash,07/15/2023 04:13:00 AM,GERMANTOWN RD,NA,SINGLE VEHICLE,Clear,DRY,Medium,STOP SIGN,NONE DETECTED,Yes,No Apparent Injury,N/A,BY OTHER OCCUPANTS,MD,PASSENGER CAR,MOVING CONSTANT SPEED,35,No,2019,TOYOTA,COROLLA,39.19247333,-77.23828167,2023,7,4
230033473,Property Damage Crash,07/14/2023 11:02:00 PM,NA,NA,OTHER,Clear,NA,Medium,N/A,NONE DETECTED,Yes,No Apparent Injury,N/A,NOT DISTRACTED,XX,PASSENGER CAR,MOVING CONSTANT SPEED,25,No,2019,FORD,FUSION,39.04140833,-76.98190833,2023,7,23
230033647,Property Damage Crash,07/14/2023 10:20:00 PM,FENTON ST,NA,HEAD ON,Clear,DRY,Medium,NO CONTROLS,ALCOHOL PRESENT,Yes,No Apparent Injury,N/A,UNKNOWN,DC,PASSENGER CAR,MOVING CONSTANT SPEED,25,No,2019,CHEVROLET,UT,38.98320449,-77.02172274,2023,7,22
230033647,Property Damage Crash,07/14/2023 10:20:00 PM,FENTON ST,NA,HEAD ON,Clear,DRY,Medium,NO CONTROLS,NONE DETECTED,No,No Apparent Injury,N/A,NOT DISTRACTED,MD,PASSENGER CAR,MOVING CONSTANT SPEED,25,No,2018,AUDI,Q7,38.98320449,-77.02172274,2023,7,22
230033638,Property Damage Crash,07/14/2023 08:26:00 PM,CHAPMAN AVE,NA,SAME DIR REAR END,Clear,WET,Medium,N/A,ALCOHOL PRESENT,Yes,No Apparent Injury,N/A,UNKNOWN,MD,SNOWMOBILE,MOVING CONSTANT SPEED,30,No,2009,HOND,PILOT,39.05776135,-77.11812409,2023,7,20
230033638,Property Damage Crash,07/14/2023 08:26:00 PM,CHAPMAN AVE,NA,SAME DIR REAR END,Clear,WET,Medium,N/A,NONE DETECTED,No,No Apparent Injury,N/A,NOT DISTRACTED,MD,(SPORT) UTILITY VEHICLE,STOPPED IN TRAFFIC LANE,30,No,2018,HONDA,CRV,39.05776135,-77.11812409,2023,7,20
230033629,Injury Crash,07/14/2023 07:20:00 PM,MACARTHUR BLVD,NA,SAME DIR REAR END,Clear,WET,Daylight,TRAFFIC SIGNAL,NONE DETECTED,No,Possible Minor Injury,"N/A, WET",NOT DISTRACTED,DC,PASSENGER CAR,STOPPED IN TRAFFIC LANE,35,No,2013,TOYOTA,RAV4,38.94370642,-77.11610203,2023,7,19
230033629,Injury Crash,07/14/2023 07:20:00 PM,MACARTHUR BLVD,NA,SAME DIR REAR END,Clear,WET,Daylight,TRAFFIC SIGNAL,NONE DETECTED,Yes,No Apparent Injury,"N/A, WET",NOT DISTRACTED,WA,PASSENGER CAR,SLOWING OR STOPPING,35,No,2019,TOYT,RAV4,38.94370642,-77.11610203,2023,7,19