Local Case Number,ACRS Report Type,Crash Date/Time,Road Name,Related Non-Motorist,Collision Type,Weather,Surface Condition,Light,Traffic Control,Driver Substance Abuse,Driver At Fault,Injury Severity,Circumstance,Driver Distracted By,Drivers License State,Vehicle Body Type,Vehicle Movement,Speed Limit,Driverless Vehicle,Vehicle Year,Vehicle Make,Vehicle Model,Latitude,Longitude,Year,Month,Hour
230033627,Injury Crash,07/14/2023 07:01:00 PM,FATHER HURLEY BLVD,NA,HEAD ON LEFT TURN,Cloudy,DRY,Daylight,TRAFFIC SIGNAL,NONE DETECTED,No,Possible Minor Injury,N/A,NOT DISTRACTED,MD,(SPORT) UTILITY VEHICLE,MOVING CONSTANT SPEED,35,No,2022,KIA,SOUL,39.19175,-77.271675,2023,7,19
230033627,Injury Crash,07/14/2023 07:01:00 PM,FATHER HURLEY BLVD,NA,HEAD ON LEFT TURN,Cloudy,DRY,Daylight,TRAFFIC SIGNAL,NONE DETECTED,Yes,No Apparent Injury,N/A,UNKNOWN,MD,VAN,MAKING LEFT TURN,35,No,2008,HONDA,ODYSSEY,39.19175,-77.271675,2023,7,19
230033627,Injury Crash,07/14/2023 07:01:00 PM,FATHER HURLEY BLVD,NA,HEAD ON LEFT TURN,Cloudy,DRY,Daylight,TRAFFIC SIGNAL,NONE DETECTED,No,No Apparent Injury,N/A,NOT DISTRACTED,MD,VAN,STOPPED IN TRAFFIC LANE,30,No,2017,TOYOTA,SIENNA,39.19175,-77.271675,2023,7,19
230033628,Injury Crash,07/14/2023 06:54:00 PM,MIDDLEBROOK RD,NA,SAME DIR REAR END,Rain,WET,Daylight,TRAFFIC SIGNAL,NONE DETECTED,Yes,No Apparent Injury,"RAIN, SNOW, WET",UNKNOWN,MD,PASSENGER CAR,SLOWING OR STOPPING,40,No,2013,CHEVY,IMPALA,39.17509,-77.253677,2023,7,18
230033628,Injury Crash,07/14/2023 06:54:00 PM,MIDDLEBROOK RD,NA,SAME DIR REAR END,Rain,WET,Daylight,TRAFFIC SIGNAL,NONE DETECTED,No,No Apparent Injury,"RAIN, SNOW, WET",NOT DISTRACTED,MD,PASSENGER CAR,STOPPED IN TRAFFIC LANE,40,No,2023,TOYOTA,4S,39.17509,-77.253677,2023,7,18
230033623,Property Damage Crash,07/14/2023 06:45:00 PM,CHERRY HILL RD,NA,SINGLE VEHICLE,Rain,WET,Daylight,TRAFFIC SIGNAL,NONE DETECTED,Yes,No Apparent Injury,"RAIN, SNOW, WET",OTHER DISTRACTION,MD,PASSENGER CAR,MAKING LEFT TURN,35,No,2015,HONDA,ACCORD,39.06221167,-76.96082833,2023,7,18
230033622,Property Damage Crash,07/14/2023 06:06:00 PM,SOUTHLAWN LA,NA,SAME DIR REAR END,Rain,WET,Daylight,N/A,NONE DETECTED,Yes,No Apparent Injury,"RAIN, SNOW, WET",INATTENTIVE OR LOST IN THOUGHT,MD,PASSENGER CAR,SKIDDING,25,No,2016,TOYOTA,CAROLLA,39.09625417,-77.13909358,2023,7,18
230033617,Injury Crash,07/14/2023 05:32:00 PM,WASHINGTONIAN BLVD,PEDESTRIAN,SINGLE VEHICLE,Rain,WET,Daylight,STOP SIGN,NONE DETECTED,Yes,No Apparent Injury,"N/A, RAIN, SNOW",LOOKED BUT DID NOT SEE,FL,(SPORT) UTILITY VEHICLE,ACCELERATING,15,No,2020,HYUNDAI,SUV,39.11871562,-77.20252175,2023,7,17
230033609,Property Damage Crash,07/14/2023 05:10:00 PM,QUINCE ORCHARD RD,NA,SAME DIRECTION SIDESWIPE,Rain,WET,Daylight,TRAFFIC SIGNAL,NONE DETECTED,No,No Apparent Injury,"RAIN, SNOW, WET",NOT DISTRACTED,MD,PASSENGER CAR,MOVING CONSTANT SPEED,40,No,2023,TESL,UT,39.12845841,-77.23787048,2023,7,17
230033609,Property Damage Crash,07/14/2023 05:10:00 PM,QUINCE ORCHARD RD,NA,SAME DIRECTION SIDESWIPE,Rain,WET,Daylight,TRAFFIC SIGNAL,NONE DETECTED,Yes,No Apparent Injury,"RAIN, SNOW, WET",UNKNOWN,MD,(SPORT) UTILITY VEHICLE,MOVING CONSTANT SPEED,40,No,2022,HONDA,HR-V,39.12845841,-77.23787048,2023,7,17
230033597,Injury Crash,07/14/2023 04:50:00 PM,ASPEN HILL RD,OTHER,OTHER,Clear,DRY,Daylight,TRAFFIC SIGNAL,NONE DETECTED,Unknown,No Apparent Injury,N/A,LOOKED BUT DID NOT SEE,MD,PASSENGER CAR,MOVING CONSTANT SPEED,25,No,2019,CHEVY,EXPRESS,39.07909683,-77.08717517,2023,7,16
230033580,Property Damage Crash,07/14/2023 03:42:00 PM,NA,NA,SINGLE VEHICLE,Clear,NA,Daylight,NO CONTROLS,NONE DETECTED,Yes,No Apparent Injury,N/A,UNKNOWN,VA,FIRE VEHICLE/EMERGENCY,MAKING RIGHT TURN,5,No,2020,PIERCE,FIRE TRUCK,38.99487166,-77.16403782,2023,7,15
230033578,Property Damage Crash,07/14/2023 03:12:00 PM,RIVER RD,NA,STRAIGHT MOVEMENT ANGLE,Clear,DRY,Daylight,NO CONTROLS,NONE DETECTED,Yes,No Apparent Injury,N/A,UNKNOWN,MD,(SPORT) UTILITY VEHICLE,MAKING LEFT TURN,25,No,2018,VOLKSWAGON,ATLAS,38.9947744,-77.16373137,2023,7,15
230033578,Property Damage Crash,07/14/2023 03:12:00 PM,RIVER RD,NA,STRAIGHT MOVEMENT ANGLE,Clear,DRY,Daylight,NO CONTROLS,NONE DETECTED,No,No Apparent Injury,N/A,NOT DISTRACTED,MD,(SPORT) UTILITY VEHICLE,MOVING CONSTANT SPEED,40,No,2022,MAZDA,CX5,38.9947744,-77.16373137,2023,7,15
230033570,Property Damage Crash,07/14/2023 02:49:00 PM,SHADOWRIDGE DR,NA,OTHER,Clear,DRY,Daylight,NO CONTROLS,NONE DETECTED,Yes,No Apparent Injury,N/A,NOT DISTRACTED,MD,SCHOOL BUS,MAKING LEFT TURN,5,No,2019,THOMAS,BUS,39.161465,-77.05884667,2023,7,14
230033569,Property Damage Crash,07/14/2023 02:22:00 PM,GEORGIA AVE,NA,SAME DIR REAR END,Clear,DRY,Daylight,N/A,NONE DETECTED,Unknown,No Apparent Injury,N/A,UNKNOWN,MD,AMBULANCE/EMERGENCY,MOVING CONSTANT SPEED,35,No,2020,RAM,5500,39.01440528,-77.04217851,2023,7,14
230033569,Property Damage Crash,07/14/2023 02:22:00 PM,GEORGIA AVE,NA,SAME DIR REAR END,Clear,DRY,Daylight,N/A,NONE DETECTED,Unknown,No Apparent Injury,N/A,UNKNOWN,MD,PASSENGER CAR,CHANGING LANES,35,No,2013,INFI,4S,39.01440528,-77.04217851,2023,7,14
230033563,Property Damage Crash,07/14/2023 01:30:00 PM,STEWART LA,NA,OTHER,Clear,DRY,Daylight,STOP SIGN,NONE DETECTED,No,No Apparent Injury,N/A,NOT DISTRACTED,MD,TRANSIT BUS,MOVING CONSTANT SPEED,30,No,2019,NEW FLYER,XCELSIOR,39.04608667,-76.98634167,2023,7,13
230033563,Property Damage Crash,07/14/2023 01:30:00 PM,STEWART LA,NA,OTHER,Clear,DRY,Daylight,STOP SIGN,NONE DETECTED,Yes,No Apparent Injury,N/A,NOT DISTRACTED,MD,PASSENGER CAR,MAKING LEFT TURN,30,No,2008,HONDA,ACCORD,39.04608667,-76.98634167,2023,7,13
230033552,Injury Crash,07/14/2023 12:57:00 PM,OLNEY SANDY SPRING RD,NA,STRAIGHT MOVEMENT ANGLE,Clear,DRY,Daylight,STOP SIGN,NONE DETECTED,Yes,No Apparent Injury,N/A,LOOKED BUT DID NOT SEE,MD,PASSENGER CAR,ACCELERATING,30,No,2018,SUBARU,FORESTER,39.14622167,-77.04021633,2023,7,12
230033552,Injury Crash,07/14/2023 12:57:00 PM,OLNEY SANDY SPRING RD,NA,STRAIGHT MOVEMENT ANGLE,Clear,DRY,Daylight,STOP SIGN,NONE DETECTED,No,No Apparent Injury,N/A,NOT DISTRACTED,MD,PASSENGER CAR,MOVING CONSTANT SPEED,30,No,2016,TOYT,HIGHLANDER,39.14622167,-77.04021633,2023,7,12
230033539,Injury Crash,07/14/2023 12:01:00 PM,WATKINS MILL RD,NA,SAME DIRECTION SIDESWIPE,Clear,DRY,Daylight,NO CONTROLS,NONE DETECTED,Yes,Possible Minor Injury,N/A,LOOKED BUT DID NOT SEE,MD,PASSENGER CAR,MOVING CONSTANT SPEED,35,No,2011,HONDA,CRV,39.17742217,-77.2098055,2023,7,12
230033539,Injury Crash,07/14/2023 12:01:00 PM,WATKINS MILL RD,NA,SAME DIRECTION SIDESWIPE,Clear,DRY,Daylight,NO CONTROLS,NONE DETECTED,No,No Apparent Injury,N/A,NO DRIVER PRESENT,MD,PASSENGER CAR,PARKED,35,No,2005,MINI,COOPER,39.17742217,-77.2098055,2023,7,12
230033531,Injury Crash,07/14/2023 11:06:00 AM,KNOWLES AVE,NA,SAME DIR REAR END,Clear,DRY,Daylight,NO CONTROLS,NONE DETECTED,Yes,Possible Minor Injury,N/A,UNKNOWN,MD,PICKUP TRUCK,MOVING CONSTANT SPEED,30,No,2004,CHEVROLET,COLORADO,39.03347283,-77.08868467,2023,7,11
230033531,Injury Crash,07/14/2023 11:06:00 AM,KNOWLES AVE,NA,SAME DIR REAR END,Clear,DRY,Daylight,NO CONTROLS,NONE DETECTED,No,No Apparent Injury,N/A,NOT DISTRACTED,MD,PASSENGER CAR,STOPPED IN TRAFFIC LANE,30,No,2011,SUBARU,OUTBACK,39.03347283,-77.08868467,2023,7,11
230033516,Injury Crash,07/14/2023 10:20:00 AM,GEORGIA AVE,NA,SAME DIR REAR END,Clear,DRY,Daylight,TRAFFIC SIGNAL,NONE DETECTED,Yes,No Apparent Injury,N/A,DISTRACTED BY OUTSIDE PERSON OBJECT OR EVENT,MD,PASSENGER CAR,MOVING CONSTANT SPEED,35,No,2001,JEEP,GRAND CHEROKEE,39.06297286,-77.05451319,2023,7,10
230033516,Injury Crash,07/14/2023 10:20:00 AM,GEORGIA AVE,NA,SAME DIR REAR END,Clear,DRY,Daylight,TRAFFIC SIGNAL,NONE DETECTED,No,No Apparent Injury,N/A,NOT DISTRACTED,MD,VAN,STOPPED IN TRAFFIC LANE,35,No,2004,HONDA,ODYSSEY,39.06297286,-77.05451319,2023,7,10
230033523,Property Damage Crash,07/14/2023 09:53:00 AM,COLESVILLE RD,OTHER,N/A,Clear,DRY,Daylight,TRAFFIC SIGNAL,NONE DETECTED,Yes,No Apparent Injury,N/A,UNKNOWN,MD,PASSENGER CAR,MAKING RIGHT TURN,35,No,2008,TOYOTA,CAMRY,38.99628671,-77.02810809,2023,7,9
230033502,Property Damage Crash,07/14/2023 08:39:00 AM,NA,NA,OTHER,Clear,NA,Daylight,NO CONTROLS,NONE DETECTED,Yes,No Apparent Injury,N/A,UNKNOWN,XX,PASSENGER CAR,OTHER,20,No,2021,NISS,HB,39.100109,-77.21166083,2023,7,8
230033500,Injury Crash,07/14/2023 08:32:00 AM,MONTGOMERY VILLAGE AVE,NA,HEAD ON LEFT TURN,Clear,DRY,Daylight,TRAFFIC SIGNAL,NONE DETECTED,Yes,No Apparent Injury,N/A,LOOKED BUT DID NOT SEE,MD,PASSENGER CAR,MAKING LEFT TURN,30,No,2014,DODGE,CHARGER,39.17450826,-77.20349841,2023,7,8
230033500,Injury Crash,07/14/2023 08:32:00 AM,MONTGOMERY VILLAGE AVE,NA,HEAD ON LEFT TURN,Clear,DRY,Daylight,TRAFFIC SIGNAL,NONE DETECTED,No,Possible Minor Injury,N/A,NOT DISTRACTED,MD,PASSENGER CAR,MOVING CONSTANT SPEED,30,No,2015,FORD,ESCAPE,39.17450826,-77.20349841,2023,7,8
230033606,Property Damage Crash,07/14/2023 08:00:00 AM,NA,NA,SAME DIRECTION SIDESWIPE,Clear,NA,Daylight,NO CONTROLS,NONE DETECTED,Unknown,No Apparent Injury,N/A,LOOKED BUT DID NOT SEE,MD,PASSENGER CAR,BACKING,30,No,2015,TOYOTA,4S,39.15053324,-77.23458962,2023,7,8
230033606,Property Damage Crash,07/14/2023 08:00:00 AM,NA,NA,SAME DIRECTION SIDESWIPE,Clear,NA,Daylight,NO CONTROLS,NONE DETECTED,Unknown,No Apparent Injury,N/A,LOOKED BUT DID NOT SEE,MD,PASSENGER CAR,BACKING,30,No,2010,HONDA,CIVIC,39.15053324,-77.23458962,2023,7,8
230033481,Injury Crash,07/14/2023 12:59:00 AM,DARLINGTON DR,NA,HEAD ON,Clear,DRY,Dark,NO CONTROLS,NONE DETECTED,Yes,Possible Minor Injury,N/A,OTHER CELLULAR PHONE RELATED,MD,PASSENGER CAR,MOVING CONSTANT SPEED,25,No,2017,SUBARU,OUTBACK,39.18718167,-77.21099833,2023,7,0
230033468,Property Damage Crash,07/13/2023 09:54:00 PM,NA,NA,SAME DIRECTION SIDESWIPE,Clear,NA,Medium,N/A,ALCOHOL PRESENT,Yes,No Apparent Injury,N/A,LOOKED BUT DID NOT SEE,MD,PASSENGER CAR,MOVING CONSTANT SPEED,15,No,2014,FORD,EXPLORER,39.14255828,-77.2273386,2023,7,21
230033468,Property Damage Crash,07/13/2023 09:54:00 PM,NA,NA,SAME DIRECTION SIDESWIPE,Clear,NA,Medium,N/A,NONE DETECTED,No,No Apparent Injury,N/A,NOT DISTRACTED,MD,PASSENGER CAR,PARKED,15,No,2022,TOYT,UT,39.14255828,-77.2273386,2023,7,21
230033455,Property Damage Crash,07/13/2023 08:48:00 PM,RIPPLING BROOK DR,NA,SAME DIR REAR END,Clear,DRY,Medium,NO CONTROLS,NONE DETECTED,Yes,No Apparent Injury,N/A,NOT DISTRACTED,MD,PASSENGER CAR,MOVING CONSTANT SPEED,25,No,2010,SUBARU,4D,39.07312017,-77.06336967,2023,7,20
230033453,Property Damage Crash,07/13/2023 07:09:00 PM,BALTIMORE RD,NA,HEAD ON,Clear,DRY,Daylight,N/A,NONE DETECTED,Yes,No Apparent Injury,N/A,UNKNOWN,NA,NA,UNKNOWN,20,No,0,UNKNOWN,UNKNOWN,39.084523,-77.137766,2023,7,19
230033432,Injury Crash,07/13/2023 06:25:00 PM,FREDERICK RD,NA,STRAIGHT MOVEMENT ANGLE,Cloudy,DRY,Daylight,TRAFFIC SIGNAL,NONE DETECTED,No,Possible Minor Injury,N/A,LOOKED BUT DID NOT SEE,MD,PASSENGER CAR,MOVING CONSTANT SPEED,35,No,2008,BMW,328I,39.198133,-77.2450765,2023,7,18
230033432,Injury Crash,07/13/2023 06:25:00 PM,FREDERICK RD,NA,STRAIGHT MOVEMENT ANGLE,Cloudy,DRY,Daylight,TRAFFIC SIGNAL,NONE DETECTED,No,Possible Minor Injury,N/A,NOT DISTRACTED,MD,PASSENGER CAR,MOVING CONSTANT SPEED,35,No,2003,SATURN,ION,39.198133,-77.2450765,2023,7,18
230033432,Injury Crash,07/13/2023 06:25:00 PM,FREDERICK RD,NA,STRAIGHT MOVEMENT ANGLE,Cloudy,DRY,Daylight,TRAFFIC SIGNAL,NONE DETECTED,Yes,No Apparent Injury,N/A,NO DRIVER PRESENT,NA,NA,MAKING LEFT TURN,35,No,0,UNKNOWN,UNKNOWN,39.198133,-77.2450765,2023,7,18
230033423,Property Damage Crash,07/13/2023 05:58:00 PM,E JEFFERSON ST,NA,STRAIGHT MOVEMENT ANGLE,Clear,DRY,Daylight,TRAFFIC SIGNAL,NONE DETECTED,No,No Apparent Injury,N/A,NOT DISTRACTED,MD,PASSENGER CAR,MOVING CONSTANT SPEED,25,No,2018,FORD,ESCAPE,39.08194002,-77.14913153,2023,7,17
230033423,Property Damage Crash,07/13/2023 05:58:00 PM,E JEFFERSON ST,NA,STRAIGHT MOVEMENT ANGLE,Clear,DRY,Daylight,TRAFFIC SIGNAL,NONE DETECTED,Yes,No Apparent Injury,N/A,NOT DISTRACTED,MD,PASSENGER CAR,MOVING CONSTANT SPEED,30,No,2013,CHEVROLET,CAMARO,39.08194002,-77.14913153,2023,7,17
230033422,Property Damage Crash,07/13/2023 05:25:00 PM,DECATUR AVE,NA,SAME DIRECTION SIDESWIPE,Clear,DRY,Daylight,NO CONTROLS,NONE DETECTED,Yes,No Apparent Injury,N/A,UNKNOWN,NA,UNKNOWN,STARTING FROM PARKED,25,No,0,UNKNOWN,UNKNOWN,39.0337079,-77.0765326,2023,7,17
230033422,Property Damage Crash,07/13/2023 05:25:00 PM,DECATUR AVE,NA,SAME DIRECTION SIDESWIPE,Clear,DRY,Daylight,NO CONTROLS,NONE DETECTED,No,No Apparent Injury,N/A,NOT DISTRACTED,MD,PASSENGER CAR,MOVING CONSTANT SPEED,25,No,2016,TOYT,SIENNA,39.0337079,-77.0765326,2023,7,17
230033417,Property Damage Crash,07/13/2023 04:50:00 PM,NEW HAMPSHIRE AVE,NA,OTHER,Clear,DRY,Daylight,TRAFFIC SIGNAL,NONE DETECTED,Yes,No Apparent Injury,N/A,NOT DISTRACTED,MD,PASSENGER CAR,MOVING CONSTANT SPEED,35,No,2004,CADILLAC,ESCALADE,38.98594692,-76.98815939,2023,7,16
230033417,Property Damage Crash,07/13/2023 04:50:00 PM,NEW HAMPSHIRE AVE,NA,OTHER,Clear,DRY,Daylight,TRAFFIC SIGNAL,NONE DETECTED,No,No Apparent Injury,N/A,NOT DISTRACTED,MD,AMBULANCE/EMERGENCY,STOPPED IN TRAFFIC LANE,35,No,2020,FORD,SV,38.98594692,-76.98815939,2023,7,16
230033413,Injury Crash,07/13/2023 04:33:00 PM,OLD GEORGETOWN RD,NA,STRAIGHT MOVEMENT ANGLE,Cloudy,DRY,Daylight,TRAFFIC SIGNAL,NONE DETECTED,No,Possible Minor Injury,N/A,NOT DISTRACTED,MD,(SPORT) UTILITY VEHICLE,MOVING CONSTANT SPEED,35,No,2005,HONDA,CRV,39.0100565,-77.114629,2023,7,16
230033413,Injury Crash,07/13/2023 04:33:00 PM,OLD GEORGETOWN RD,NA,STRAIGHT MOVEMENT ANGLE,Cloudy,DRY,Daylight,TRAFFIC SIGNAL,NONE DETECTED,Yes,No Apparent Injury,N/A,UNKNOWN,MS,PASSENGER CAR,MAKING LEFT TURN,35,No,2008,MERCEDES,S550,39.0100565,-77.114629,2023,7,16
230033398,Injury Crash,07/13/2023 03:52:00 PM,MAIN ST,NA,HEAD ON LEFT TURN,Cloudy,DRY,Daylight,TRAFFIC SIGNAL,NONE DETECTED,No,Possible Minor Injury,N/A,NOT DISTRACTED,MD,PICKUP TRUCK,MOVING CONSTANT SPEED,30,No,2007,CHEVROLET,SILVERADO,39.28785333,-77.20202833,2023,7,15
230033398,Injury Crash,07/13/2023 03:52:00 PM,MAIN ST,NA,HEAD ON LEFT TURN,Cloudy,DRY,Daylight,TRAFFIC SIGNAL,NONE DETECTED,Yes,No Apparent Injury,N/A,LOOKED BUT DID NOT SEE,XX,PASSENGER CAR,MAKING LEFT TURN,30,No,2012,NISSAN,ALTIMA,39.28785333,-77.20202833,2023,7,15
230033401,Property Damage Crash,07/13/2023 03:43:00 PM,RIVER RD,NA,SAME DIR REAR END,Clear,DRY,Daylight,TRAFFIC SIGNAL,NONE DETECTED,Yes,No Apparent Injury,N/A,NOT DISTRACTED,MD,PASSENGER CAR,MOVING CONSTANT SPEED,35,No,2018,ACUR,ILX,38.96973077,-77.1114452,2023,7,15
230033401,Property Damage Crash,07/13/2023 03:43:00 PM,RIVER RD,NA,SAME DIR REAR END,Clear,DRY,Daylight,TRAFFIC SIGNAL,NONE DETECTED,No,No Apparent Injury,N/A,NOT DISTRACTED,MD,PASSENGER CAR,STOPPED IN TRAFFIC LANE,35,No,2004,FORD,F150,38.96973077,-77.1114452,2023,7,15
230033402,Property Damage Crash,07/13/2023 03:32:00 PM,HUNGERFORD DR,NA,SAME DIRECTION RIGHT TURN,Clear,DRY,Daylight,NO CONTROLS,NONE DETECTED,No,No Apparent Injury,N/A,NOT DISTRACTED,MD,TRANSIT BUS,MOVING CONSTANT SPEED,40,No,2013,NEW FLYER,XDE40,39.10402315,-77.15665268,2023,7,15
230033402,Property Damage Crash,07/13/2023 03:32:00 PM,HUNGERFORD DR,NA,SAME DIRECTION RIGHT TURN,Clear,DRY,Daylight,NO CONTROLS,NONE DETECTED,Yes,No Apparent Injury,N/A,NOT DISTRACTED,MD,PASSENGER CAR,MAKING RIGHT TURN,40,No,2016,MAZD,CX-5,39.10402315,-77.15665268,2023,7,15
230033397,Property Damage Crash,07/13/2023 03:30:00 PM,NA,NA,OTHER,Clear,NA,Daylight,NO CONTROLS,NONE DETECTED,No,No Apparent Injury,N/A,NOT DISTRACTED,CA,PASSENGER CAR,PARKED,5,No,2005,LEXU,ES,38.96630683,-77.10483298,2023,7,15
230033397,Property Damage Crash,07/13/2023 03:30:00 PM,NA,NA,OTHER,Clear,NA,Daylight,NO CONTROLS,NONE DETECTED,Yes,No Apparent Injury,N/A,UNKNOWN,NA,PASSENGER CAR,BACKING,5,No,2014,SUBARU,FORESTER,38.96630683,-77.10483298,2023,7,15
230033390,Injury Crash,07/13/2023 03:29:00 PM,NA,PEDESTRIAN,OTHER,Clear,NA,Daylight,NO CONTROLS,NONE DETECTED,Yes,No Apparent Injury,N/A,LOOKED BUT DID NOT SEE,MD,PICKUP TRUCK,N/A,5,No,2015,GMC,PK,39.11302717,-77.1727655,2023,7,15
230033399,Property Damage Crash,07/13/2023 03:10:00 PM,GEORGIA AVE,NA,SAME DIR REND RIGHT TURN,Clear,DRY,Daylight,TRAFFIC SIGNAL,NONE DETECTED,Yes,No Apparent Injury,N/A,UNKNOWN,MD,PASSENGER CAR,CHANGING LANES,35,No,2018,VW,PASSAT,39.00874119,-77.04036061,2023,7,15
230033399,Property Damage Crash,07/13/2023 03:10:00 PM,GEORGIA AVE,NA,SAME DIR REND RIGHT TURN,Clear,DRY,Daylight,TRAFFIC SIGNAL,NONE DETECTED,No,No Apparent Injury,N/A,NOT DISTRACTED,MD,PASSENGER CAR,MOVING CONSTANT SPEED,35,No,2017,CHEV,SILVERADO,39.00874119,-77.04036061,2023,7,15
230033395,Property Damage Crash,07/13/2023 03:02:00 PM,EADES ST,NA,SINGLE VEHICLE,Clear,DRY,Daylight,NO CONTROLS,NONE DETECTED,Yes,No Apparent Injury,N/A,NOT DISTRACTED,MD,PASSENGER CAR,MOVING CONSTANT SPEED,25,No,2015,MAZDA,TK,39.07181351,-77.09279864,2023,7,15
230033384,Property Damage Crash,07/13/2023 02:35:00 PM,OLNEY SANDY SPRING RD,NA,STRAIGHT MOVEMENT ANGLE,Clear,DRY,Daylight,TRAFFIC SIGNAL,NONE DETECTED,Yes,No Apparent Injury,N/A,UNKNOWN,MD,PASSENGER CAR,MAKING LEFT TURN,30,No,2008,HONDA,ACCORD,39.1520056,-77.06428787,2023,7,14
230033384,Property Damage Crash,07/13/2023 02:35:00 PM,OLNEY SANDY SPRING RD,NA,STRAIGHT MOVEMENT ANGLE,Clear,DRY,Daylight,TRAFFIC SIGNAL,NONE DETECTED,No,No Apparent Injury,N/A,UNKNOWN,DE,PASSENGER CAR,MOVING CONSTANT SPEED,30,No,2023,HONDA,CRV,39.1520056,-77.06428787,2023,7,14
230033374,Injury Crash,07/13/2023 02:14:00 PM,NEW HAMPSHIRE AVE,NA,SAME DIR REAR END,Clear,N/A,Daylight,NO CONTROLS,NONE DETECTED,Yes,No Apparent Injury,N/A,OTHER DISTRACTION,MD,PASSENGER CAR,MOVING CONSTANT SPEED,40,No,2016,HOND,UT,39.13162667,-76.99303833,2023,7,14
230033374,Injury Crash,07/13/2023 02:14:00 PM,NEW HAMPSHIRE AVE,NA,SAME DIR REAR END,Clear,N/A,Daylight,NO CONTROLS,NONE DETECTED,No,Possible Minor Injury,N/A,NOT DISTRACTED,MD,PASSENGER CAR,MAKING LEFT TURN,40,No,2019,LEXS,TK,39.13162667,-76.99303833,2023,7,14
230032388,Property Damage Crash,07/13/2023 01:00:00 PM,FENTON ST,NA,OTHER,Clear,DRY,Daylight,NO CONTROLS,NONE DETECTED,Yes,No Apparent Injury,N/A,UNKNOWN,NA,PASSENGER CAR,MOVING CONSTANT SPEED,30,No,2016,HONDA,SEDAN,38.99438943,-77.02411296,2023,7,13
230032388,Property Damage Crash,07/13/2023 01:00:00 PM,FENTON ST,NA,OTHER,Clear,DRY,Daylight,NO CONTROLS,NONE DETECTED,No,No Apparent Injury,N/A,NOT DISTRACTED,MD,PASSENGER CAR,MOVING CONSTANT SPEED,30,No,2009,BMW,3350,38.99438943,-77.02411296,2023,7,13
230033361,Injury Crash,07/13/2023 12:45:00 PM,NORBECK RD,NA,STRAIGHT MOVEMENT ANGLE,Clear,DRY,Daylight,TRAFFIC SIGNAL,NONE DETECTED,Yes,Possible Minor Injury,N/A,UNKNOWN,MD,PASSENGER CAR,MOVING CONSTANT SPEED,40,No,2018,HONDA,CIVIC,39.09026187,-77.12916182,2023,7,12
230033361,Injury Crash,07/13/2023 12:45:00 PM,NORBECK RD,NA,STRAIGHT MOVEMENT ANGLE,Clear,DRY,Daylight,TRAFFIC SIGNAL,NONE DETECTED,No,No Apparent Injury,N/A,NOT DISTRACTED,MD,"OTHER LIGHT TRUCKS (10,000LBS (4,536KG) OR LESS)",STARTING FROM LANE,40,No,2022,GMC,SIERRA,39.09026187,-77.12916182,2023,7,12
230033364,Property Damage Crash,07/13/2023 12:30:00 PM,GEORGIA AVE,NA,STRAIGHT MOVEMENT ANGLE,Clear,DRY,Daylight,NO CONTROLS,NONE DETECTED,Yes,No Apparent Injury,N/A,NOT DISTRACTED,MD,PASSENGER CAR,MAKING RIGHT TURN,35,No,2023,VOLKSWAGEN,ATLAS,39.07931883,-77.073251,2023,7,12
230033364,Property Damage Crash,07/13/2023 12:30:00 PM,GEORGIA AVE,NA,STRAIGHT MOVEMENT ANGLE,Clear,DRY,Daylight,NO CONTROLS,NONE DETECTED,No,No Apparent Injury,N/A,NOT DISTRACTED,MD,PASSENGER CAR,MOVING CONSTANT SPEED,35,No,2020,CHEVROLET,CAMARO,39.07931883,-77.073251,2023,7,12
230033341,Injury Crash,07/13/2023 11:10:00 AM,16TH ST,NA,HEAD ON LEFT TURN,Clear,DRY,Daylight,TRAFFIC SIGNAL,NONE DETECTED,No,No Apparent Injury,N/A,NOT DISTRACTED,MD,(SPORT) UTILITY VEHICLE,MOVING CONSTANT SPEED,40,No,2021,TOYOTA,RAV4,38.9945885,-77.03590067,2023,7,11
230033341,Injury Crash,07/13/2023 11:10:00 AM,16TH ST,NA,HEAD ON LEFT TURN,Clear,DRY,Daylight,TRAFFIC SIGNAL,NONE DETECTED,Yes,Possible Minor Injury,N/A,LOOKED BUT DID NOT SEE,MD,PASSENGER CAR,MAKING LEFT TURN,40,No,2004,TOYOTA,SOLERA,38.9945885,-77.03590067,2023,7,11
230033336,Property Damage Crash,07/13/2023 10:49:00 AM,W DIAMOND AVE,NA,SINGLE VEHICLE,Clear,DRY,Daylight,NO CONTROLS,NONE DETECTED,Yes,No Apparent Injury,N/A,OTHER DISTRACTION,MD,PASSENGER CAR,MOVING CONSTANT SPEED,25,No,2011,BMW,328I,39.1397428,-77.19885618,2023,7,10
23003339,Injury Crash,07/13/2023 10:35:00 AM,FREDERICK RD,BICYCLIST,SINGLE VEHICLE,Clear,DRY,Daylight,STOP SIGN,NONE DETECTED,Yes,No Apparent Injury,N/A,UNKNOWN,NA,NA,MAKING LEFT TURN,15,No,0,UNKNOWN,UNKNOWN,39.15697668,-77.22112836,2023,7,10
230033396,Property Damage Crash,07/13/2023 09:03:00 AM,NA,NA,OTHER,Clear,NA,Daylight,N/A,NONE DETECTED,Yes,No Apparent Injury,N/A,NOT DISTRACTED,NA,PASSENGER CAR,BACKING,10,No,2017,TOYOTA,RAV4,39.11163466,-77.15732511,2023,7,9
230033318,Injury Crash,07/13/2023 08:00:00 AM,CLOPPER RD,NA,STRAIGHT MOVEMENT ANGLE,Clear,DRY,Daylight,STOP SIGN,NONE DETECTED,Yes,Possible Minor Injury,N/A,LOOKED BUT DID NOT SEE,MD,PASSENGER CAR,MAKING LEFT TURN,35,No,2013,TOYOTA,RAV4,39.171037,-77.26362467,2023,7,8
230033318,Injury Crash,07/13/2023 08:00:00 AM,CLOPPER RD,NA,STRAIGHT MOVEMENT ANGLE,Clear,DRY,Daylight,STOP SIGN,NONE DETECTED,No,Possible Minor Injury,N/A,NOT DISTRACTED,MD,PASSENGER CAR,MOVING CONSTANT SPEED,35,No,2007,CADILLAC,DTS,39.171037,-77.26362467,2023,7,8
230033313,Injury Crash,07/13/2023 07:35:00 AM,NEW HAMPSHIRE AVE,NA,SAME DIR REND RIGHT TURN,Clear,DRY,Daylight,NO CONTROLS,NONE DETECTED,No,No Apparent Injury,"BACKUP DUE TO REGULAR CONGESTION, N/A",NOT DISTRACTED,MD,PASSENGER CAR,MOVING CONSTANT SPEED,35,No,2003,CHEVROLET,SILVERADO,39.015991,-76.977486,2023,7,7
230033313,Injury Crash,07/13/2023 07:35:00 AM,NEW HAMPSHIRE AVE,NA,SAME DIR REND RIGHT TURN,Clear,DRY,Daylight,NO CONTROLS,NONE DETECTED,Yes,No Apparent Injury,"BACKUP DUE TO REGULAR CONGESTION, N/A",NOT DISTRACTED,MD,PASSENGER CAR,CHANGING LANES,35,No,2022,TOYT,CAMRY,39.015991,-76.977486,2023,7,7
230033313,Injury Crash,07/13/2023 07:35:00 AM,NEW HAMPSHIRE AVE,NA,SAME DIR REND RIGHT TURN,Clear,DRY,Daylight,NO CONTROLS,NONE DETECTED,No,No Apparent Injury,"BACKUP DUE TO REGULAR CONGESTION, N/A",NOT DISTRACTED,NA,UNKNOWN,STOPPED IN TRAFFIC LANE,35,No,0,UNKNOWN,UNKNOWN,39.015991,-76.977486,2023,7,7
230033302,Injury Crash,07/13/2023 12:26:00 AM,STEWART LA,NA,HEAD ON LEFT TURN,Clear,DRY,Medium,TRAFFIC SIGNAL,NONE DETECTED,Yes,Possible Minor Injury,N/A,LOOKED BUT DID NOT SEE,DC,PASSENGER CAR,MOVING CONSTANT SPEED,55,No,2017,TOYOTA,CAMRY,39.0464,-76.986862,2023,7,0