Local Case Number,ACRS Report Type,Crash Date/Time,Road Name,Related Non-Motorist,Collision Type,Weather,Surface Condition,Light,Traffic Control,Driver Substance Abuse,Driver At Fault,Injury Severity,Circumstance,Driver Distracted By,Drivers License State,Vehicle Body Type,Vehicle Movement,Speed Limit,Driverless Vehicle,Vehicle Year,Vehicle Make,Vehicle Model,Latitude,Longitude,Year,Month,Hour
230033302,Injury Crash,07/13/2023 12:26:00 AM,STEWART LA,NA,HEAD ON LEFT TURN,Clear,DRY,Medium,TRAFFIC SIGNAL,NONE DETECTED,Yes,Possible Minor Injury,N/A,LOOKED BUT DID NOT SEE,MD,PASSENGER CAR,MAKING LEFT TURN,45,No,2016,BMW,528I,39.0464,-76.986862,2023,7,0
230033296,Injury Crash,07/12/2023 11:20:00 PM,SHADY GROVE RD,NA,HEAD ON LEFT TURN,Clear,DRY,Medium,TRAFFIC SIGNAL,NONE DETECTED,No,No Apparent Injury,N/A,LOOKED BUT DID NOT SEE,MD,VAN,ACCELERATING,45,No,2002,CHEVROLET,ASTRO VAN,39.14128767,-77.15190433,2023,7,23
230033296,Injury Crash,07/12/2023 11:20:00 PM,SHADY GROVE RD,NA,HEAD ON LEFT TURN,Clear,DRY,Medium,TRAFFIC SIGNAL,NONE DETECTED,Yes,Possible Minor Injury,N/A,NOT DISTRACTED,MD,PASSENGER CAR,MOVING CONSTANT SPEED,45,No,2021,KIA,FORTE,39.14128767,-77.15190433,2023,7,23
230033290,Property Damage Crash,07/12/2023 10:44:00 PM,ROCKVILLE PIKE,NA,SAME DIR REAR END,Clear,DRY,Medium,TRAFFIC SIGNAL,NONE DETECTED,Yes,No Apparent Injury,N/A,INATTENTIVE OR LOST IN THOUGHT,NY,PASSENGER CAR,SLOWING OR STOPPING,40,No,2015,TOYOTA,4S,39.04790833,-77.11335,2023,7,22
230033290,Property Damage Crash,07/12/2023 10:44:00 PM,ROCKVILLE PIKE,NA,SAME DIR REAR END,Clear,DRY,Medium,TRAFFIC SIGNAL,NONE DETECTED,No,No Apparent Injury,N/A,NOT DISTRACTED,MD,PASSENGER CAR,STOPPED IN TRAFFIC LANE,40,No,2022,HONDA,SPORT UTILITY,39.04790833,-77.11335,2023,7,22
230033282,Property Damage Crash,07/12/2023 08:28:00 PM,COLESVILLE RD,NA,SAME DIR REAR END,Clear,DRY,Medium,NO CONTROLS,NONE DETECTED,Yes,No Apparent Injury,"ANIMAL, N/A",NOT DISTRACTED,MD,(SPORT) UTILITY VEHICLE,SLOWING OR STOPPING,25,No,2014,SUBA,SW,39.0081125,-77.02015683,2023,7,20
230033269,Property Damage Crash,07/12/2023 06:41:00 PM,OLD GEORGETOWN RD,BICYCLIST,STRAIGHT MOVEMENT ANGLE,Clear,DRY,Daylight,NO CONTROLS,NONE DETECTED,Yes,No Apparent Injury,N/A,LOOKED BUT DID NOT SEE,MD,PASSENGER CAR,MAKING RIGHT TURN,35,No,2014,MERZ,SD,39.02557833,-77.12565,2023,7,18
230033264,Injury Crash,07/12/2023 06:10:00 PM,ROCKVILLE PIKE,NA,HEAD ON LEFT TURN,Clear,DRY,Daylight,NO CONTROLS,NONE DETECTED,Yes,No Apparent Injury,N/A,LOOKED BUT DID NOT SEE,DC,PASSENGER CAR,MAKING LEFT TURN,35,No,2010,TOYOTA,COROLLA,39.076505,-77.13831,2023,7,18
230033264,Injury Crash,07/12/2023 06:10:00 PM,ROCKVILLE PIKE,NA,HEAD ON LEFT TURN,Clear,DRY,Daylight,NO CONTROLS,NONE DETECTED,No,Possible Minor Injury,N/A,NOT DISTRACTED,MD,PASSENGER CAR,MOVING CONSTANT SPEED,35,No,2013,BMW,328I,39.076505,-77.13831,2023,7,18
230033261,Property Damage Crash,07/12/2023 05:33:00 PM,NORBECK RD,NA,SAME DIR REAR END,Clear,DRY,Daylight,N/A,NONE DETECTED,Yes,No Apparent Injury,N/A,NOT DISTRACTED,MD,PASSENGER CAR,UNKNOWN,45,No,2010,TOYT,SD,39.10527333,-77.08598167,2023,7,17
230033261,Property Damage Crash,07/12/2023 05:33:00 PM,NORBECK RD,NA,SAME DIR REAR END,Clear,DRY,Daylight,N/A,NONE DETECTED,No,No Apparent Injury,N/A,NOT DISTRACTED,MD,PASSENGER CAR,SLOWING OR STOPPING,45,No,2009,MERCEDEZ,4S,39.10527333,-77.08598167,2023,7,17
230033257,Injury Crash,07/12/2023 05:18:00 PM,E GUDE DR,NA,SAME DIR REAR END,Clear,DRY,Daylight,TRAFFIC SIGNAL,NONE DETECTED,No,Possible Minor Injury,N/A,NOT DISTRACTED,MD,(SPORT) UTILITY VEHICLE,STOPPED IN TRAFFIC LANE,35,No,2002,MERZ,ML320,39.10652683,-77.149292,2023,7,17
230033257,Injury Crash,07/12/2023 05:18:00 PM,E GUDE DR,NA,SAME DIR REAR END,Clear,DRY,Daylight,TRAFFIC SIGNAL,NONE DETECTED,Yes,Possible Minor Injury,N/A,LOOKED BUT DID NOT SEE,MD,PASSENGER CAR,MOVING CONSTANT SPEED,35,No,2010,CHRYSLER,300,39.10652683,-77.149292,2023,7,17
230033257,Injury Crash,07/12/2023 05:18:00 PM,E GUDE DR,NA,SAME DIR REAR END,Clear,DRY,Daylight,TRAFFIC SIGNAL,NONE DETECTED,No,Possible Minor Injury,N/A,NOT DISTRACTED,MD,PASSENGER CAR,SLOWING OR STOPPING,35,No,2014,TOYOTA,COROLLA,39.10652683,-77.149292,2023,7,17
230033245,Injury Crash,07/12/2023 04:18:00 PM,NEW HAMPSHIRE AVE,NA,STRAIGHT MOVEMENT ANGLE,Clear,DRY,Daylight,TRAFFIC SIGNAL,NONE DETECTED,Yes,Possible Minor Injury,N/A,LOOKED BUT DID NOT SEE,MD,(SPORT) UTILITY VEHICLE,ACCELERATING,40,No,2020,NISSAN,ROGUE,39.08829226,-76.99941895,2023,7,16
230033245,Injury Crash,07/12/2023 04:18:00 PM,NEW HAMPSHIRE AVE,NA,STRAIGHT MOVEMENT ANGLE,Clear,DRY,Daylight,TRAFFIC SIGNAL,NONE DETECTED,No,No Apparent Injury,N/A,NOT DISTRACTED,MD,(SPORT) UTILITY VEHICLE,ACCELERATING,40,No,2019,NISSAN,PATHFINDER,39.08829226,-76.99941895,2023,7,16
230033224,Property Damage Crash,07/12/2023 03:12:00 PM,NA,NA,OTHER,Clear,NA,Daylight,N/A,NONE DETECTED,Yes,No Apparent Injury,N/A,UNKNOWN,XX,PASSENGER CAR,OTHER,5,No,2003,JEEP,SUV,39.07723667,-77.08012667,2023,7,15
230033236,Property Damage Crash,07/12/2023 03:03:00 PM,OBSERVATION DRIVE,NA,OPPOSITE DIRECTION SIDESWIPE,Clear,DRY,Daylight,NO CONTROLS,NONE DETECTED,Yes,No Apparent Injury,"N/A, ROAD UNDER CONSTRUCTION/MAINTENANCE",UNKNOWN,NA,(SPORT) UTILITY VEHICLE,PASSING,25,No,2006,TOYOTA,RAV4,39.22857167,-77.273835,2023,7,15
230033231,Property Damage Crash,07/12/2023 02:35:00 PM,GEORGIA AVE,NA,SAME DIR REAR END,Clear,DRY,Daylight,N/A,NONE DETECTED,Yes,No Apparent Injury,N/A,NOT DISTRACTED,MD,PICKUP TRUCK,SLOWING OR STOPPING,35,No,2011,FORD,RANGER,39.05040583,-77.0515655,2023,7,14
230033231,Property Damage Crash,07/12/2023 02:35:00 PM,GEORGIA AVE,NA,SAME DIR REAR END,Clear,DRY,Daylight,N/A,NONE DETECTED,No,No Apparent Injury,N/A,NOT DISTRACTED,MD,VAN,STOPPED IN TRAFFIC LANE,35,No,2002,CHEVROLET,VENTURE,39.05040583,-77.0515655,2023,7,14
230033217,Property Damage Crash,07/12/2023 01:54:00 PM,NA,NA,OTHER,Clear,NA,Daylight,N/A,NONE DETECTED,Yes,No Apparent Injury,N/A,NOT DISTRACTED,MD,SCHOOL BUS,MAKING LEFT TURN,15,No,2013,THOMAS,BUS,39.1747453,-77.20766656,2023,7,13
230033206,Injury Crash,07/12/2023 01:02:00 PM,CHRISTOPHER AVE,NA,OPPOSITE DIR BOTH LEFT TURN,Clear,DRY,Daylight,STOP SIGN,NONE DETECTED,No,Possible Minor Injury,N/A,NOT DISTRACTED,MD,PASSENGER CAR,MAKING LEFT TURN,30,No,2010,TOYT,SD,39.1595155,-77.21056917,2023,7,13
230033206,Injury Crash,07/12/2023 01:02:00 PM,CHRISTOPHER AVE,NA,OPPOSITE DIR BOTH LEFT TURN,Clear,DRY,Daylight,STOP SIGN,NONE DETECTED,Yes,No Apparent Injury,N/A,UNKNOWN,MD,PICKUP TRUCK,MAKING LEFT TURN,30,No,2019,FORD,F150,39.1595155,-77.21056917,2023,7,13
230033190,Injury Crash,07/12/2023 11:30:00 AM,DARNESTOWN RD,NA,SAME DIRECTION SIDESWIPE,Clear,DRY,Daylight,NO CONTROLS,NONE DETECTED,No,Possible Minor Injury,N/A,NOT DISTRACTED,VA,PASSENGER CAR,PARKED,50,No,2013,HYUNDAI,ELANTRA,39.15958802,-77.38317428,2023,7,11
230033190,Injury Crash,07/12/2023 11:30:00 AM,DARNESTOWN RD,NA,SAME DIRECTION SIDESWIPE,Clear,DRY,Daylight,NO CONTROLS,NONE DETECTED,Yes,Possible Minor Injury,N/A,NOT DISTRACTED,MD,PASSENGER CAR,PASSING,50,No,2009,VW,RABBIT,39.15958802,-77.38317428,2023,7,11
230033181,Injury Crash,07/12/2023 11:08:00 AM,FREDERICK RD,NA,STRAIGHT MOVEMENT ANGLE,Clear,DRY,Daylight,TRAFFIC SIGNAL,NONE DETECTED,No,No Apparent Injury,N/A,NOT DISTRACTED,MD,OTHER,MOVING CONSTANT SPEED,45,No,2017,FORD,TRUCK,39.12620398,-77.18281052,2023,7,11
230033181,Injury Crash,07/12/2023 11:08:00 AM,FREDERICK RD,NA,STRAIGHT MOVEMENT ANGLE,Clear,DRY,Daylight,TRAFFIC SIGNAL,NONE DETECTED,Yes,Possible Minor Injury,N/A,NOT DISTRACTED,MD,PASSENGER CAR,MAKING RIGHT TURN,45,No,2007,HONDA,PILOT,39.12620398,-77.18281052,2023,7,11
230033178,Property Damage Crash,07/12/2023 10:56:00 AM,NA,NA,OTHER,Clear,NA,Daylight,NO CONTROLS,NONE DETECTED,No,No Apparent Injury,N/A,NOT DISTRACTED,WV,SCHOOL BUS,PARKED,15,No,2015,THOMAS,SCHOOL BUS,39.171037,-77.26362467,2023,7,10
230033178,Property Damage Crash,07/12/2023 10:56:00 AM,NA,NA,OTHER,Clear,NA,Daylight,NO CONTROLS,NONE DETECTED,Yes,No Apparent Injury,N/A,LOOKED BUT DID NOT SEE,MD,PASSENGER CAR,BACKING,15,No,2006,MERCURY,GRAND MARQUIS,39.171037,-77.26362467,2023,7,10
230033200,Property Damage Crash,07/12/2023 09:46:00 AM,WOODFIELD RD,NA,STRAIGHT MOVEMENT ANGLE,Clear,DRY,Daylight,TRAFFIC SIGNAL,NONE DETECTED,No,No Apparent Injury,N/A,NOT DISTRACTED,FL,PASSENGER CAR,STOPPED IN TRAFFIC LANE,35,No,2019,VOLKSWAGON,JETTA,39.15255167,-77.17279167,2023,7,9
230033200,Property Damage Crash,07/12/2023 09:46:00 AM,WOODFIELD RD,NA,STRAIGHT MOVEMENT ANGLE,Clear,DRY,Daylight,TRAFFIC SIGNAL,NONE DETECTED,No,No Apparent Injury,N/A,NOT DISTRACTED,MD,PICKUP TRUCK,MOVING CONSTANT SPEED,35,No,2017,FORD,F150,39.15255167,-77.17279167,2023,7,9
230033200,Property Damage Crash,07/12/2023 09:46:00 AM,WOODFIELD RD,NA,STRAIGHT MOVEMENT ANGLE,Clear,DRY,Daylight,TRAFFIC SIGNAL,NONE DETECTED,Yes,No Apparent Injury,N/A,INATTENTIVE OR LOST IN THOUGHT,MD,PASSENGER CAR,MOVING CONSTANT SPEED,35,No,2020,NISSAN,NV3500,39.15255167,-77.17279167,2023,7,9
230033162,Injury Crash,07/12/2023 09:10:00 AM,GARFIELD ST,NA,OTHER,Clear,DRY,Daylight,NO CONTROLS,NONE DETECTED,Yes,Possible Minor Injury,N/A,OTHER DISTRACTION,MD,(SPORT) UTILITY VEHICLE,PASSING,25,No,2019,TOYOTA,RAV4,39.00098,-77.11534833,2023,7,9
230033156,Property Damage Crash,07/12/2023 09:04:00 AM,NORBECK RD,NA,SAME DIR REAR END,Clear,DRY,Daylight,TRAFFIC SIGNAL,NONE DETECTED,Yes,No Apparent Injury,"BACKUP DUE TO REGULAR CONGESTION, N/A",LOOKED BUT DID NOT SEE,MD,PASSENGER CAR,SLOWING OR STOPPING,35,No,2017,VOLK,SD,39.09947809,-77.10072906,2023,7,9
230033156,Property Damage Crash,07/12/2023 09:04:00 AM,NORBECK RD,NA,SAME DIR REAR END,Clear,DRY,Daylight,TRAFFIC SIGNAL,NONE DETECTED,No,No Apparent Injury,"BACKUP DUE TO REGULAR CONGESTION, N/A",NOT DISTRACTED,MD,PASSENGER CAR,STOPPED IN TRAFFIC LANE,35,No,2015,CHRY,4S,39.09947809,-77.10072906,2023,7,9
230033156,Property Damage Crash,07/12/2023 09:04:00 AM,NORBECK RD,NA,SAME DIR REAR END,Clear,DRY,Daylight,TRAFFIC SIGNAL,NONE DETECTED,No,No Apparent Injury,"BACKUP DUE TO REGULAR CONGESTION, N/A",NOT DISTRACTED,MD,PASSENGER CAR,STOPPED IN TRAFFIC LANE,35,No,2017,JEEP,UT,39.09947809,-77.10072906,2023,7,9
230033156,Property Damage Crash,07/12/2023 09:04:00 AM,NORBECK RD,NA,SAME DIR REAR END,Clear,DRY,Daylight,TRAFFIC SIGNAL,NONE DETECTED,No,No Apparent Injury,"BACKUP DUE TO REGULAR CONGESTION, N/A",NOT DISTRACTED,MD,PASSENGER CAR,STOPPED IN TRAFFIC LANE,35,No,2020,SUBARU,IMPREZA,39.09947809,-77.10072906,2023,7,9
23003315,Injury Crash,07/12/2023 08:27:00 AM,VEIRS MILL RD,NA,SAME DIR REAR END,Clear,DRY,Daylight,TRAFFIC SIGNAL,NONE DETECTED,No,Possible Minor Injury,N/A,NOT DISTRACTED,MD,PASSENGER CAR,STOPPED IN TRAFFIC LANE,0,No,2009,HONDA,FITT,39.03651264,-77.05050181,2023,7,8
23003315,Injury Crash,07/12/2023 08:27:00 AM,VEIRS MILL RD,NA,SAME DIR REAR END,Clear,DRY,Daylight,TRAFFIC SIGNAL,NONE DETECTED,Yes,No Apparent Injury,N/A,UNKNOWN,MD,VAN,MOVING CONSTANT SPEED,25,No,2014,CHEVY,CG,39.03651264,-77.05050181,2023,7,8
230033148,Property Damage Crash,07/12/2023 08:19:00 AM,ANITA CT,NA,OTHER,Clear,DRY,Daylight,NO CONTROLS,NONE DETECTED,Yes,No Apparent Injury,N/A,NOT DISTRACTED,MD,"OTHER LIGHT TRUCKS (10,000LBS (4,536KG) OR LESS)",OTHER,15,No,2018,PTRP,TK,39.08372042,-77.13618104,2023,7,8
230033149,Property Damage Crash,07/12/2023 08:07:00 AM,MUNCASTER MILL RD,NA,SAME DIR REAR END,Clear,DRY,Daylight,TRAFFIC SIGNAL,NONE DETECTED,No,No Apparent Injury,N/A,NOT DISTRACTED,XX,"OTHER LIGHT TRUCKS (10,000LBS (4,536KG) OR LESS)",SLOWING OR STOPPING,35,No,2015,TOYOTA,TACOMA,39.13377798,-77.12233117,2023,7,8
230033149,Property Damage Crash,07/12/2023 08:07:00 AM,MUNCASTER MILL RD,NA,SAME DIR REAR END,Clear,DRY,Daylight,TRAFFIC SIGNAL,NONE DETECTED,Yes,No Apparent Injury,N/A,OTHER CELLULAR PHONE RELATED,MD,"OTHER LIGHT TRUCKS (10,000LBS (4,536KG) OR LESS)",MOVING CONSTANT SPEED,35,No,2002,DODGE,PK,39.13377798,-77.12233117,2023,7,8
230033143,Injury Crash,07/12/2023 07:19:00 AM,RANDOLPH RD,NA,STRAIGHT MOVEMENT ANGLE,Clear,DRY,Daylight,TRAFFIC SIGNAL,NONE DETECTED,Yes,Possible Minor Injury,"N/A, TRAFFIC CONTROL DEVICE INOPERATIVE",LOOKED BUT DID NOT SEE,MD,PASSENGER CAR,MOVING CONSTANT SPEED,35,No,2018,TOYOTA,RAV4,39.05629367,-77.08280583,2023,7,7
230033143,Injury Crash,07/12/2023 07:19:00 AM,RANDOLPH RD,NA,STRAIGHT MOVEMENT ANGLE,Clear,DRY,Daylight,TRAFFIC SIGNAL,NONE DETECTED,Yes,Possible Minor Injury,"N/A, TRAFFIC CONTROL DEVICE INOPERATIVE",LOOKED BUT DID NOT SEE,MD,PASSENGER CAR,MOVING CONSTANT SPEED,35,No,2012,CHEV,CRUZ,39.05629367,-77.08280583,2023,7,7
230033127,Property Damage Crash,07/12/2023 12:18:00 AM,ROCKVILLE PIKE,NA,STRAIGHT MOVEMENT ANGLE,Clear,DRY,Medium,TRAFFIC SIGNAL,NONE DETECTED,Yes,No Apparent Injury,N/A,UNKNOWN,MD,(SPORT) UTILITY VEHICLE,SLOWING OR STOPPING,35,No,2021,VOLKSWAGEN,TIGUAN,39.02242,-77.10302667,2023,7,0
230033127,Property Damage Crash,07/12/2023 12:18:00 AM,ROCKVILLE PIKE,NA,STRAIGHT MOVEMENT ANGLE,Clear,DRY,Medium,TRAFFIC SIGNAL,NONE DETECTED,No,No Apparent Injury,N/A,NOT DISTRACTED,MD,PASSENGER CAR,MOVING CONSTANT SPEED,35,No,2017,HONDA,ACCORD,39.02242,-77.10302667,2023,7,0
230033114,Property Damage Crash,07/11/2023 10:11:00 PM,DOUGLAS AVE,NA,OTHER,Clear,DRY,Dark,NO CONTROLS,NONE DETECTED,Yes,No Apparent Injury,N/A,INATTENTIVE OR LOST IN THOUGHT,MD,PASSENGER CAR,BACKING,25,No,2009,HONDA,CIVIC,39.09342309,-77.14743525,2023,7,22
230033104,Property Damage Crash,07/11/2023 09:05:00 PM,CORDELL AVE,NA,SAME DIRECTION SIDESWIPE,Clear,DRY,Medium,NO CONTROLS,NONE DETECTED,Yes,No Apparent Injury,N/A,LOOKED BUT DID NOT SEE,MD,PASSENGER CAR,MOVING CONSTANT SPEED,25,No,2023,NISSAN,SENTRA,38.98855833,-77.09876333,2023,7,21
230033103,Property Damage Crash,07/11/2023 08:37:00 PM,DUCHIN RD,NA,SAME DIR REAR END,Clear,DRY,Medium,NO CONTROLS,NONE DETECTED,Yes,No Apparent Injury,N/A,UNKNOWN,NA,PASSENGER CAR,MAKING LEFT TURN,25,No,2019,TOYOTA,COROLLA,39.16345195,-77.2804412,2023,7,20
230033096,Injury Crash,07/11/2023 07:52:00 PM,HASTINGS DR,NA,SINGLE VEHICLE,Clear,DRY,Daylight,NO CONTROLS,NONE DETECTED,Yes,Possible Minor Injury,N/A,OTHER CELLULAR PHONE RELATED,MD,PASSENGER CAR,MAKING RIGHT TURN,35,No,2021,TOYOTA,SD,39.01355117,-77.016131,2023,7,19
230033088,Property Damage Crash,07/11/2023 07:09:00 PM,GERMANTOWN RD,NA,SAME DIRECTION SIDESWIPE,Clear,DRY,Medium,TRAFFIC SIGNAL,NONE DETECTED,No,No Apparent Injury,N/A,NOT DISTRACTED,MD,STATION WAGON,MOVING CONSTANT SPEED,40,No,2010,SUBA,SW,39.18336667,-77.25703167,2023,7,19
230033088,Property Damage Crash,07/11/2023 07:09:00 PM,GERMANTOWN RD,NA,SAME DIRECTION SIDESWIPE,Clear,DRY,Medium,TRAFFIC SIGNAL,NONE DETECTED,Yes,No Apparent Injury,N/A,LOOKED BUT DID NOT SEE,MD,(SPORT) UTILITY VEHICLE,CHANGING LANES,40,No,2020,JEEP,GLADIATOR,39.18336667,-77.25703167,2023,7,19
230033089,Property Damage Crash,07/11/2023 06:51:00 PM,TILDEN LA,NA,OTHER,Clear,DRY,Daylight,NO CONTROLS,NONE DETECTED,No,No Apparent Injury,N/A,NOT DISTRACTED,MD,(SPORT) UTILITY VEHICLE,MOVING CONSTANT SPEED,30,No,2018,HONDA,CRV,39.044315,-77.14550167,2023,7,18
230033089,Property Damage Crash,07/11/2023 06:51:00 PM,TILDEN LA,NA,OTHER,Clear,DRY,Daylight,NO CONTROLS,NONE DETECTED,Yes,No Apparent Injury,N/A,LOOKED BUT DID NOT SEE,MD,PASSENGER CAR,BACKING,30,No,2012,HONDA,CIVIC,39.044315,-77.14550167,2023,7,18
23001344,Property Damage Crash,07/11/2023 06:11:00 PM,NA,NA,OTHER,Clear,NA,Daylight,N/A,NONE DETECTED,Yes,No Apparent Injury,N/A,UNKNOWN,MD,PASSENGER CAR,BACKING,5,No,2010,HONDA,ELEMENT,39.15167,-77.31139,2023,7,18
230033075,Injury Crash,07/11/2023 05:21:00 PM,NICHOLSON LA,NA,SAME DIR REAR END,Clear,DRY,Daylight,NO CONTROLS,NONE DETECTED,No,No Apparent Injury,N/A,NOT DISTRACTED,MD,PASSENGER CAR,STOPPED IN TRAFFIC LANE,30,No,2018,HONDA,ACCORD,39.04480321,-77.11049668,2023,7,17
230033075,Injury Crash,07/11/2023 05:21:00 PM,NICHOLSON LA,NA,SAME DIR REAR END,Clear,DRY,Daylight,NO CONTROLS,NONE DETECTED,Yes,No Apparent Injury,N/A,INATTENTIVE OR LOST IN THOUGHT,MD,(SPORT) UTILITY VEHICLE,MOVING CONSTANT SPEED,30,No,2017,HONDA,PILOT,39.04480321,-77.11049668,2023,7,17
230033075,Injury Crash,07/11/2023 05:21:00 PM,NICHOLSON LA,NA,SAME DIR REAR END,Clear,DRY,Daylight,NO CONTROLS,NONE DETECTED,No,Possible Minor Injury,N/A,NOT DISTRACTED,MD,(SPORT) UTILITY VEHICLE,STOPPED IN TRAFFIC LANE,30,No,2021,HONDA,PILOT,39.04480321,-77.11049668,2023,7,17
230033055,Property Damage Crash,07/11/2023 04:13:00 PM,GEORGIA AVE,NA,STRAIGHT MOVEMENT ANGLE,Clear,DRY,Daylight,STOP SIGN,NONE DETECTED,Yes,No Apparent Injury,N/A,LOOKED BUT DID NOT SEE,MD,VAN,ENTERING TRAFFIC LANE,35,No,2022,CHRYSLER,PACIFICA,39.07988167,-77.07374833,2023,7,16
230033055,Property Damage Crash,07/11/2023 04:13:00 PM,GEORGIA AVE,NA,STRAIGHT MOVEMENT ANGLE,Clear,DRY,Daylight,STOP SIGN,NONE DETECTED,No,No Apparent Injury,N/A,NOT DISTRACTED,MD,PASSENGER CAR,MOVING CONSTANT SPEED,35,No,2015,FORD,FIESTA,39.07988167,-77.07374833,2023,7,16
230033050,Property Damage Crash,07/11/2023 03:30:00 PM,GREAT SENECA HWY,NA,SAME DIR REAR END,Clear,DRY,Daylight,OTHER,NONE DETECTED,No,No Apparent Injury,N/A,NOT DISTRACTED,MD,(SPORT) UTILITY VEHICLE,SLOWING OR STOPPING,40,No,2008,HOND,PILOT,39.10335286,-77.20625728,2023,7,15
230033050,Property Damage Crash,07/11/2023 03:30:00 PM,GREAT SENECA HWY,NA,SAME DIR REAR END,Clear,DRY,Daylight,OTHER,NONE DETECTED,Yes,No Apparent Injury,N/A,UNKNOWN,DC,(SPORT) UTILITY VEHICLE,MOVING CONSTANT SPEED,40,No,2011,HONDA,PILOT,39.10335286,-77.20625728,2023,7,15
230033050,Property Damage Crash,07/11/2023 03:30:00 PM,GREAT SENECA HWY,NA,SAME DIR REAR END,Clear,DRY,Daylight,OTHER,NONE DETECTED,No,No Apparent Injury,N/A,NOT DISTRACTED,MD,PASSENGER CAR,SLOWING OR STOPPING,40,No,2018,MERZ,SD,39.10335286,-77.20625728,2023,7,15
230033043,Property Damage Crash,07/11/2023 03:03:00 PM,FREDERICK RD,NA,SAME DIR REAR END,Clear,DRY,Daylight,TRAFFIC SIGNAL,NONE DETECTED,Yes,No Apparent Injury,N/A,UNKNOWN,MD,PASSENGER CAR,MOVING CONSTANT SPEED,45,No,2001,HONDA,ODISSEY,39.1096645,-77.16024433,2023,7,15
230033043,Property Damage Crash,07/11/2023 03:03:00 PM,FREDERICK RD,NA,SAME DIR REAR END,Clear,DRY,Daylight,TRAFFIC SIGNAL,NONE DETECTED,No,No Apparent Injury,N/A,NOT DISTRACTED,MD,PASSENGER CAR,SLOWING OR STOPPING,45,No,2011,TOYOTA,COROLLA,39.1096645,-77.16024433,2023,7,15
230033038,Property Damage Crash,07/11/2023 02:30:00 PM,PHILADELPHIA AVE,NA,HEAD ON LEFT TURN,Clear,DRY,Daylight,TRAFFIC SIGNAL,NONE DETECTED,Yes,No Apparent Injury,N/A,UNKNOWN,MD,PASSENGER CAR,MAKING LEFT TURN,25,No,2019,TOYOTA,HIGHLANDER,38.9831755,-77.01527383,2023,7,14
230033038,Property Damage Crash,07/11/2023 02:30:00 PM,PHILADELPHIA AVE,NA,HEAD ON LEFT TURN,Clear,DRY,Daylight,TRAFFIC SIGNAL,NONE DETECTED,No,No Apparent Injury,N/A,NOT DISTRACTED,MD,PASSENGER CAR,MOVING CONSTANT SPEED,25,No,2014,NISSAN,ROGUE,38.9831755,-77.01527383,2023,7,14
230033028,Injury Crash,07/11/2023 01:54:00 PM,DARNESTOWN RD,NA,OTHER,Clear,DRY,Daylight,TRAFFIC SIGNAL,NONE DETECTED,Yes,Possible Minor Injury,N/A,LOOKED BUT DID NOT SEE,MD,PASSENGER CAR,BACKING,40,No,2018,NISSAN,ROGUE,39.10284798,-77.22172115,2023,7,13
230033028,Injury Crash,07/11/2023 01:54:00 PM,DARNESTOWN RD,NA,OTHER,Clear,DRY,Daylight,TRAFFIC SIGNAL,NONE DETECTED,Yes,No Apparent Injury,N/A,OTHER DISTRACTION,MD,PASSENGER CAR,MOVING CONSTANT SPEED,40,No,2006,BWM,328I,39.10284798,-77.22172115,2023,7,13
230033020,Injury Crash,07/11/2023 01:14:00 PM,MONTROSE RD,NA,STRAIGHT MOVEMENT ANGLE,Clear,DRY,Daylight,TRAFFIC SIGNAL,NONE DETECTED,Yes,Possible Minor Injury,N/A,OTHER CELLULAR PHONE RELATED,MD,PASSENGER CAR,MOVING CONSTANT SPEED,30,No,2020,HONDA,CIVIC,39.05569667,-77.14970933,2023,7,13
230033020,Injury Crash,07/11/2023 01:14:00 PM,MONTROSE RD,NA,STRAIGHT MOVEMENT ANGLE,Clear,DRY,Daylight,TRAFFIC SIGNAL,NONE DETECTED,No,Possible Minor Injury,N/A,NOT DISTRACTED,MD,PASSENGER CAR,MAKING LEFT TURN,30,No,2022,VOLVO,XC60,39.05569667,-77.14970933,2023,7,13
230033009,Property Damage Crash,07/11/2023 12:35:00 PM,GEORGIA AVE,NA,STRAIGHT MOVEMENT ANGLE,Clear,DRY,Daylight,TRAFFIC SIGNAL,NONE DETECTED,No,No Apparent Injury,N/A,NOT DISTRACTED,MD,PASSENGER CAR,MOVING CONSTANT SPEED,35,No,2018,DODG,UT,39.05307667,-77.05085,2023,7,12
230033009,Property Damage Crash,07/11/2023 12:35:00 PM,GEORGIA AVE,NA,STRAIGHT MOVEMENT ANGLE,Clear,DRY,Daylight,TRAFFIC SIGNAL,NONE DETECTED,Yes,No Apparent Injury,N/A,LOOKED BUT DID NOT SEE,MD,PASSENGER CAR,MAKING LEFT TURN,35,No,2005,HOND,SD,39.05307667,-77.05085,2023,7,12
230033003,Property Damage Crash,07/11/2023 11:59:00 AM,FLOWER HILL WAY,NA,SAME DIR REAR END,Clear,DRY,Daylight,TRAFFIC SIGNAL,NONE DETECTED,No,No Apparent Injury,N/A,NOT DISTRACTED,MD,PASSENGER CAR,STOPPED IN TRAFFIC LANE,30,No,2021,JEEP,UT,39.15640745,-77.16566817,2023,7,11
230033003,Property Damage Crash,07/11/2023 11:59:00 AM,FLOWER HILL WAY,NA,SAME DIR REAR END,Clear,DRY,Daylight,TRAFFIC SIGNAL,NONE DETECTED,Yes,No Apparent Injury,N/A,EATING OR DRINKING,MD,"CARGO VAN/LIGHT TRUCK 2 AXLES (OVER 10,000LBS (4,536 KG))",OTHER,30,No,2004,INTERNATIONAL,DS,39.15640745,-77.16566817,2023,7,11
230032999,Property Damage Crash,07/11/2023 11:50:00 AM,CRYSTAL ROCK DR,NA,HEAD ON LEFT TURN,Clear,DRY,Daylight,TRAFFIC SIGNAL,NONE DETECTED,No,No Apparent Injury,N/A,NOT DISTRACTED,MD,PASSENGER CAR,MOVING CONSTANT SPEED,40,No,2009,VOLK,BEETLE,39.18304333,-77.26398,2023,7,11
230032999,Property Damage Crash,07/11/2023 11:50:00 AM,CRYSTAL ROCK DR,NA,HEAD ON LEFT TURN,Clear,DRY,Daylight,TRAFFIC SIGNAL,NONE DETECTED,Yes,No Apparent Injury,N/A,LOOKED BUT DID NOT SEE,OH,(SPORT) UTILITY VEHICLE,MAKING LEFT TURN,30,No,2014,JEEP,PATRIOT,39.18304333,-77.26398,2023,7,11
230032996,Injury Crash,07/11/2023 11:40:00 AM,RIDGE RD,NA,STRAIGHT MOVEMENT ANGLE,Clear,DRY,Daylight,NO CONTROLS,NONE DETECTED,Yes,No Apparent Injury,N/A,NOT DISTRACTED,MD,PASSENGER CAR,MAKING LEFT TURN,30,No,2009,TOYT,CAMRY,39.28805483,-77.20661832,2023,7,11
230032996,Injury Crash,07/11/2023 11:40:00 AM,RIDGE RD,NA,STRAIGHT MOVEMENT ANGLE,Clear,DRY,Daylight,NO CONTROLS,NONE DETECTED,No,Possible Minor Injury,N/A,NOT DISTRACTED,MD,PICKUP TRUCK,SLOWING OR STOPPING,30,No,2005,CHEV,COLORADO,39.28805483,-77.20661832,2023,7,11
230032990,Injury Crash,07/11/2023 11:30:00 AM,COLESVILLE RD,NA,SAME DIR REAR END,Clear,DRY,Daylight,TRAFFIC SIGNAL,NONE DETECTED,No,Possible Minor Injury,N/A,NOT DISTRACTED,MD,(SPORT) UTILITY VEHICLE,STOPPED IN TRAFFIC LANE,40,No,2020,TOYOTA,4DR,39.02607631,-77.01109649,2023,7,11