Local Case Number,ACRS Report Type,Crash Date/Time,Road Name,Related Non-Motorist,Collision Type,Weather,Surface Condition,Light,Traffic Control,Driver Substance Abuse,Driver At Fault,Injury Severity,Circumstance,Driver Distracted By,Drivers License State,Vehicle Body Type,Vehicle Movement,Speed Limit,Driverless Vehicle,Vehicle Year,Vehicle Make,Vehicle Model,Latitude,Longitude,Year,Month,Hour
230032990,Injury Crash,07/11/2023 11:30:00 AM,COLESVILLE RD,NA,SAME DIR REAR END,Clear,DRY,Daylight,TRAFFIC SIGNAL,NONE DETECTED,Yes,No Apparent Injury,N/A,NOT DISTRACTED,MD,PASSENGER CAR,STARTING FROM LANE,40,No,2018,FORD,FUSION,39.02607631,-77.01109649,2023,7,11
230032991,Property Damage Crash,07/11/2023 11:00:00 AM,NA,NA,SAME DIRECTION SIDESWIPE,Clear,NA,Daylight,NO CONTROLS,NONE DETECTED,No,No Apparent Injury,N/A,NOT DISTRACTED,MD,(SPORT) UTILITY VEHICLE,PARKED,0,No,2019,HYUNDAI,SUV,39.0515482,-76.95672651,2023,7,11
230032991,Property Damage Crash,07/11/2023 11:00:00 AM,NA,NA,SAME DIRECTION SIDESWIPE,Clear,NA,Daylight,NO CONTROLS,NONE DETECTED,Yes,No Apparent Injury,N/A,NOT DISTRACTED,MD,PASSENGER CAR,MOVING CONSTANT SPEED,5,No,2011,HYUNDAI,SONATA,39.0515482,-76.95672651,2023,7,11
230033208,Property Damage Crash,07/11/2023 10:45:00 AM,RAILROAD ST,NA,SAME DIR REAR END,Clear,DRY,Daylight,TRAFFIC SIGNAL,NONE DETECTED,No,No Apparent Injury,N/A,NOT DISTRACTED,MD,(SPORT) UTILITY VEHICLE,STOPPED IN TRAFFIC LANE,25,No,2016,CHEVROLET,TAHOE,39.1390569,-77.180085,2023,7,10
230033208,Property Damage Crash,07/11/2023 10:45:00 AM,RAILROAD ST,NA,SAME DIR REAR END,Clear,DRY,Daylight,TRAFFIC SIGNAL,NONE DETECTED,Yes,No Apparent Injury,N/A,UNKNOWN,MD,VAN,STARTING FROM LANE,25,No,2015,DODGE,GRAND CARAVAN,39.1390569,-77.180085,2023,7,10
230032978,Injury Crash,07/11/2023 10:37:00 AM,ROCKVILLE PIKE,NA,HEAD ON LEFT TURN,Clear,DRY,Daylight,TRAFFIC SIGNAL,NONE DETECTED,Yes,Possible Minor Injury,N/A,NOT DISTRACTED,MD,PASSENGER CAR,MAKING LEFT TURN,35,No,2016,FORD,SD,39.06424034,-77.12621778,2023,7,10
230032978,Injury Crash,07/11/2023 10:37:00 AM,ROCKVILLE PIKE,NA,HEAD ON LEFT TURN,Clear,DRY,Daylight,TRAFFIC SIGNAL,NONE DETECTED,No,No Apparent Injury,N/A,NOT DISTRACTED,MD,PASSENGER CAR,MOVING CONSTANT SPEED,35,No,1994,GEO,PRISM,39.06424034,-77.12621778,2023,7,10
230032973,Injury Crash,07/11/2023 09:50:00 AM,NO NAME,NA,SAME DIR REAR END,Cloudy,DRY,Daylight,NO CONTROLS,NONE DETECTED,Yes,No Apparent Injury,N/A,UNKNOWN,MD,PASSENGER CAR,SLOWING OR STOPPING,55,No,2012,FORD,FOCUS,39.02469383,-77.14203633,2023,7,9
230032973,Injury Crash,07/11/2023 09:50:00 AM,NO NAME,NA,SAME DIR REAR END,Cloudy,DRY,Daylight,NO CONTROLS,NONE DETECTED,No,Possible Minor Injury,N/A,NOT DISTRACTED,MD,(SPORT) UTILITY VEHICLE,STOPPED IN TRAFFIC LANE,55,No,2014,AUDI,Q5,39.02469383,-77.14203633,2023,7,9
230032973,Injury Crash,07/11/2023 09:50:00 AM,NO NAME,NA,SAME DIR REAR END,Cloudy,DRY,Daylight,NO CONTROLS,NONE DETECTED,No,No Apparent Injury,N/A,NOT DISTRACTED,PA,PASSENGER CAR,SLOWING OR STOPPING,55,No,2010,TOYOTA,PRIUS,39.02469383,-77.14203633,2023,7,9
230032971,Injury Crash,07/11/2023 09:40:00 AM,RANDOLPH RD,NA,SAME DIR REAR END,Clear,DRY,Daylight,TRAFFIC SIGNAL,NONE DETECTED,Yes,Possible Minor Injury,N/A,UNKNOWN,MD,PASSENGER CAR,SLOWING OR STOPPING,40,No,2012,TOYOTA,PRIUS,39.06646083,-77.03014933,2023,7,9
230032971,Injury Crash,07/11/2023 09:40:00 AM,RANDOLPH RD,NA,SAME DIR REAR END,Clear,DRY,Daylight,TRAFFIC SIGNAL,NONE DETECTED,No,No Apparent Injury,N/A,NOT DISTRACTED,MD,PASSENGER CAR,STOPPED IN TRAFFIC LANE,40,No,2016,HONDA,PILOT,39.06646083,-77.03014933,2023,7,9
230032964,Injury Crash,07/11/2023 09:08:00 AM,COLESVILLE RD,NA,SAME DIRECTION SIDESWIPE,Clear,DRY,Daylight,N/A,NONE DETECTED,Yes,No Apparent Injury,N/A,NOT DISTRACTED,MD,PASSENGER CAR,CHANGING LANES,35,No,2018,HONDA,CIVIC,39.0039,-77.02340333,2023,7,9
230032964,Injury Crash,07/11/2023 09:08:00 AM,COLESVILLE RD,NA,SAME DIRECTION SIDESWIPE,Clear,DRY,Daylight,N/A,NONE DETECTED,No,Possible Minor Injury,N/A,NOT DISTRACTED,MD,PASSENGER CAR,MOVING CONSTANT SPEED,35,No,2020,ACURA,ILX,39.0039,-77.02340333,2023,7,9
230032958,Injury Crash,07/11/2023 08:00:00 AM,QUINCE ORCHARD BLVD,NA,SAME DIR REAR END,Clear,DRY,Daylight,NO CONTROLS,NONE DETECTED,Yes,Possible Minor Injury,N/A,UNKNOWN,MD,PASSENGER CAR,MOVING CONSTANT SPEED,30,No,2012,TOYOTA,CAMRY,39.14173333,-77.22694667,2023,7,8
230032956,Property Damage Crash,07/11/2023 07:40:00 AM,WAYNE AVE,NA,SAME DIR REAR END,Clear,DRY,Daylight,NO CONTROLS,NONE DETECTED,Yes,No Apparent Injury,N/A,OTHER DISTRACTION,MD,PICKUP TRUCK,SLOWING OR STOPPING,30,No,2023,CHEVY,SILVERADO,38.99449791,-77.02733407,2023,7,7
230032956,Property Damage Crash,07/11/2023 07:40:00 AM,WAYNE AVE,NA,SAME DIR REAR END,Clear,DRY,Daylight,NO CONTROLS,NONE DETECTED,No,No Apparent Injury,N/A,NOT DISTRACTED,MD,TRANSIT BUS,STOPPED IN TRAFFIC LANE,30,No,2016,GILL,BUS,38.99449791,-77.02733407,2023,7,7
230032969,Property Damage Crash,07/11/2023 06:50:00 AM,FIRST ST,NA,SAME DIRECTION SIDESWIPE,Clear,DRY,Daylight,TRAFFIC SIGNAL,NONE DETECTED,Yes,No Apparent Injury,N/A,UNKNOWN,MD,MOTORCYCLE,MOVING CONSTANT SPEED,30,No,2009,KAWASAKI,MC,39.07730153,-77.13925702,2023,7,6
230032969,Property Damage Crash,07/11/2023 06:50:00 AM,FIRST ST,NA,SAME DIRECTION SIDESWIPE,Clear,DRY,Daylight,TRAFFIC SIGNAL,NONE DETECTED,No,No Apparent Injury,N/A,NOT DISTRACTED,MD,PASSENGER CAR,STOPPED IN TRAFFIC LANE,30,No,2019,CHEVROLET,CRUZE,39.07730153,-77.13925702,2023,7,6
230032948,Fatal Crash,07/11/2023 05:10:00 AM,PICCARD DR,PEDESTRIAN,OTHER,Clear,DRY,Medium,NO CONTROLS,NONE DETECTED,No,No Apparent Injury,N/A,UNKNOWN,MD,PASSENGER CAR,MOVING CONSTANT SPEED,30,No,2018,HONDA,CIVIC,39.107295,-77.18047333,2023,7,5
230085697,Property Damage Crash,07/11/2023 03:58:00 AM,GRANITE ROCK RD,NA,SAME DIR REAR END,Clear,DRY,Medium,NO CONTROLS,ALCOHOL PRESENT,Yes,No Apparent Injury,N/A,NOT DISTRACTED,MD,PASSENGER CAR,MOVING CONSTANT SPEED,25,No,2005,HONDA,4S,39.23985335,-77.26367423,2023,7,3
230032905,Property Damage Crash,07/10/2023 07:56:00 PM,BERRYVILLE RD,NA,SINGLE VEHICLE,Clear,DRY,Daylight,N/A,NONE DETECTED,Yes,No Apparent Injury,N/A,UNKNOWN,MD,(SPORT) UTILITY VEHICLE,NEGOTIATING A CURVE,30,No,2017,LINCOLN,MKC,39.10263292,-77.33326783,2023,7,19
230032900,Injury Crash,07/10/2023 07:15:00 PM,WEST OLD BALTIMORE RD,PEDESTRIAN,OTHER,Clear,DRY,Daylight,TRAFFIC SIGNAL,NONE DETECTED,No,No Apparent Injury,N/A,NOT DISTRACTED,MD,PASSENGER CAR,MAKING LEFT TURN,35,No,2019,ACCURA,UT,39.21552826,-77.2530279,2023,7,19
230032903,Injury Crash,07/10/2023 07:12:00 PM,GEORGIA AVE,NA,SAME DIR REND LEFT TURN,Clear,DRY,Medium,TRAFFIC SIGNAL,NONE DETECTED,No,Possible Minor Injury,N/A,NOT DISTRACTED,MD,(SPORT) UTILITY VEHICLE,STOPPED IN TRAFFIC LANE,30,No,2009,CHEVY,TK,39.01538,-77.04256167,2023,7,19
230032903,Injury Crash,07/10/2023 07:12:00 PM,GEORGIA AVE,NA,SAME DIR REND LEFT TURN,Clear,DRY,Medium,TRAFFIC SIGNAL,NONE DETECTED,Yes,No Apparent Injury,N/A,NOT DISTRACTED,MD,PASSENGER CAR,SLOWING OR STOPPING,30,No,2020,TOYT,SD,39.01538,-77.04256167,2023,7,19
230032886,Property Damage Crash,07/10/2023 05:34:00 PM,QUINCE ORCHARD BLVD,NA,SAME DIR REAR END,Clear,DRY,Daylight,NO CONTROLS,NONE DETECTED,Yes,No Apparent Injury,N/A,NOT DISTRACTED,MD,PASSENGER CAR,SLOWING OR STOPPING,25,No,2009,HYUNDAI,SONATA,39.14159556,-77.22789062,2023,7,17
230032886,Property Damage Crash,07/10/2023 05:34:00 PM,QUINCE ORCHARD BLVD,NA,SAME DIR REAR END,Clear,DRY,Daylight,NO CONTROLS,NONE DETECTED,Yes,No Apparent Injury,N/A,NOT DISTRACTED,MD,PASSENGER CAR,SLOWING OR STOPPING,25,No,2016,HONDA,CIVIC,39.14159556,-77.22789062,2023,7,17
230032881,Property Damage Crash,07/10/2023 05:06:00 PM,RIDGE RD,NA,SAME DIR REAR END,Clear,DRY,Daylight,NO CONTROLS,NONE DETECTED,No,No Apparent Injury,N/A,NOT DISTRACTED,MD,PICKUP TRUCK,STOPPED IN TRAFFIC LANE,40,No,2011,FORD,F250,39.24068941,-77.23497589,2023,7,17
230032881,Property Damage Crash,07/10/2023 05:06:00 PM,RIDGE RD,NA,SAME DIR REAR END,Clear,DRY,Daylight,NO CONTROLS,NONE DETECTED,Yes,No Apparent Injury,N/A,UNKNOWN,NY,"CARGO VAN/LIGHT TRUCK 2 AXLES (OVER 10,000LBS (4,536 KG))",SLOWING OR STOPPING,40,No,2012,HINO,BOX TRUCK,39.24068941,-77.23497589,2023,7,17
230032878,Property Damage Crash,07/10/2023 04:20:00 PM,COLESVILLE RD,NA,SAME DIR REAR END,Clear,DRY,Daylight,TRAFFIC SIGNAL,NONE DETECTED,Yes,No Apparent Injury,N/A,OTHER DISTRACTION,DC,PASSENGER CAR,MOVING CONSTANT SPEED,35,No,2008,COOPER,MINI,38.9993085,-77.0260045,2023,7,16
230032878,Property Damage Crash,07/10/2023 04:20:00 PM,COLESVILLE RD,NA,SAME DIR REAR END,Clear,DRY,Daylight,TRAFFIC SIGNAL,NONE DETECTED,No,No Apparent Injury,N/A,NOT DISTRACTED,MD,PASSENGER CAR,MOVING CONSTANT SPEED,35,No,2015,MAZD,4S,38.9993085,-77.0260045,2023,7,16
230032852,Property Damage Crash,07/10/2023 03:26:00 PM,FOREST GLEN RD,NA,SAME DIR REAR END,Clear,DRY,Daylight,TRAFFIC SIGNAL,NONE DETECTED,Yes,No Apparent Injury,N/A,NOT DISTRACTED,MD,PASSENGER CAR,SLOWING OR STOPPING,25,No,2016,HONDA,4S,39.0159464,-77.03658755,2023,7,15
230032852,Property Damage Crash,07/10/2023 03:26:00 PM,FOREST GLEN RD,NA,SAME DIR REAR END,Clear,DRY,Daylight,TRAFFIC SIGNAL,NONE DETECTED,No,No Apparent Injury,N/A,NOT DISTRACTED,MD,OTHER BUS,SLOWING OR STOPPING,25,No,2013,FORD,BU,39.0159464,-77.03658755,2023,7,15
230032869,Property Damage Crash,07/10/2023 03:25:00 PM,SEMINARY RD,NA,STRAIGHT MOVEMENT ANGLE,Clear,DRY,Daylight,NO CONTROLS,NONE DETECTED,No,No Apparent Injury,N/A,NOT DISTRACTED,MD,(SPORT) UTILITY VEHICLE,MOVING CONSTANT SPEED,25,No,2008,CADI,UT,39.00882833,-77.04223833,2023,7,15
230032869,Property Damage Crash,07/10/2023 03:25:00 PM,SEMINARY RD,NA,STRAIGHT MOVEMENT ANGLE,Clear,DRY,Daylight,NO CONTROLS,NONE DETECTED,Yes,No Apparent Injury,N/A,LOOKED BUT DID NOT SEE,MD,(SPORT) UTILITY VEHICLE,MAKING LEFT TURN,25,No,2015,TOYT,UT,39.00882833,-77.04223833,2023,7,15
230032844,Injury Crash,07/10/2023 02:59:00 PM,METRO ACCESS RD,BICYCLIST,STRAIGHT MOVEMENT ANGLE,Clear,DRY,Daylight,TRAFFIC SIGNAL,NONE DETECTED,No,No Apparent Injury,N/A,NOT DISTRACTED,MD,PASSENGER CAR,MOVING CONSTANT SPEED,35,No,2006,TOYOTA,HIGHLANDER,39.1215332,-77.16107857,2023,7,14
230032843,Property Damage Crash,07/10/2023 02:45:00 PM,COLUMBIA PIKE,NA,SAME DIRECTION SIDESWIPE,Clear,DRY,Daylight,NO CONTROLS,NONE DETECTED,No,No Apparent Injury,N/A,NOT DISTRACTED,MD,VAN,SLOWING OR STOPPING,50,No,2006,CHVROLET,EXPRESS,39.05832333,-76.96825167,2023,7,14
230032843,Property Damage Crash,07/10/2023 02:45:00 PM,COLUMBIA PIKE,NA,SAME DIRECTION SIDESWIPE,Clear,DRY,Daylight,NO CONTROLS,NONE DETECTED,Yes,No Apparent Injury,N/A,NOT DISTRACTED,DC,TRANSIT BUS,CHANGING LANES,50,No,2020,NOVA,ARCTIC BUS,39.05832333,-76.96825167,2023,7,14
230032832,Injury Crash,07/10/2023 01:59:00 PM,CONNECTICUT AVE,NA,STRAIGHT MOVEMENT ANGLE,Clear,DRY,Daylight,NO CONTROLS,NONE DETECTED,No,Possible Minor Injury,N/A,NOT DISTRACTED,DC,PASSENGER CAR,MOVING CONSTANT SPEED,40,No,2015,CHEVROLET,CAMARO,39.07817,-77.08085283,2023,7,13
230032832,Injury Crash,07/10/2023 01:59:00 PM,CONNECTICUT AVE,NA,STRAIGHT MOVEMENT ANGLE,Clear,DRY,Daylight,NO CONTROLS,NONE DETECTED,Yes,Possible Minor Injury,N/A,LOOKED BUT DID NOT SEE,MD,PASSENGER CAR,MAKING LEFT TURN,40,No,2011,TOYOTA,HIGHLANDER,39.07817,-77.08085283,2023,7,13
230032834,Injury Crash,07/10/2023 01:55:00 PM,SENECA VIEW DR,NA,STRAIGHT MOVEMENT ANGLE,Clear,DRY,Daylight,STOP SIGN,NONE DETECTED,No,No Apparent Injury,N/A,NOT DISTRACTED,MD,"CARGO VAN/LIGHT TRUCK 2 AXLES (OVER 10,000LBS (4,536 KG))",MOVING CONSTANT SPEED,25,No,2004,FORD,F550,39.26616192,-77.16836611,2023,7,13
230032834,Injury Crash,07/10/2023 01:55:00 PM,SENECA VIEW DR,NA,STRAIGHT MOVEMENT ANGLE,Clear,DRY,Daylight,STOP SIGN,NONE DETECTED,Yes,Possible Minor Injury,N/A,LOOKED BUT DID NOT SEE,MD,PASSENGER CAR,MAKING LEFT TURN,25,No,2017,TOYOTA,PRIUS 2H,39.26616192,-77.16836611,2023,7,13
230032822,Injury Crash,07/10/2023 01:05:00 PM,GEORGIA AVE,NA,SAME DIR REAR END,Clear,DRY,Daylight,NO CONTROLS,NONE DETECTED,No,No Apparent Injury,N/A,NOT DISTRACTED,MD,PASSENGER CAR,SLOWING OR STOPPING,25,No,2005,CHRYS,300,39.0436305,-77.05187917,2023,7,13
230032822,Injury Crash,07/10/2023 01:05:00 PM,GEORGIA AVE,NA,SAME DIR REAR END,Clear,DRY,Daylight,NO CONTROLS,NONE DETECTED,No,Possible Minor Injury,N/A,NOT DISTRACTED,MD,PASSENGER CAR,SLOWING OR STOPPING,25,No,2008,TOYOTA,HIGHLANDER,39.0436305,-77.05187917,2023,7,13
230032822,Injury Crash,07/10/2023 01:05:00 PM,GEORGIA AVE,NA,SAME DIR REAR END,Clear,DRY,Daylight,NO CONTROLS,NONE DETECTED,Yes,Possible Minor Injury,N/A,LOOKED BUT DID NOT SEE,MD,PASSENGER CAR,MOVING CONSTANT SPEED,25,No,2012,TOYT,4H,39.0436305,-77.05187917,2023,7,13
230032833,Property Damage Crash,07/10/2023 12:45:00 PM,NA,NA,OPPOSITE DIRECTION SIDESWIPE,Clear,NA,Daylight,NO CONTROLS,NONE DETECTED,Yes,No Apparent Injury,N/A,UNKNOWN,NA,(SPORT) UTILITY VEHICLE,MOVING CONSTANT SPEED,5,No,2017,HYUNDAI,SUV,39.15726833,-77.07294833,2023,7,12
230032833,Property Damage Crash,07/10/2023 12:45:00 PM,NA,NA,OPPOSITE DIRECTION SIDESWIPE,Clear,NA,Daylight,NO CONTROLS,NONE DETECTED,No,No Apparent Injury,N/A,NO DRIVER PRESENT,XX,(SPORT) UTILITY VEHICLE,PARKED,5,No,2016,CADILAC,SUV,39.15726833,-77.07294833,2023,7,12
230048170,Property Damage Crash,07/10/2023 12:40:00 PM,WESTLAKE TERR,NA,SAME DIR REAR END,Clear,DRY,Daylight,TRAFFIC SIGNAL,NONE DETECTED,Yes,No Apparent Injury,N/A,LOOKED BUT DID NOT SEE,MD,PASSENGER CAR,MAKING LEFT TURN,30,No,1997,TOYOTA,COROLLA,39.02647167,-77.14442333,2023,7,12
230048170,Property Damage Crash,07/10/2023 12:40:00 PM,WESTLAKE TERR,NA,SAME DIR REAR END,Clear,DRY,Daylight,TRAFFIC SIGNAL,NONE DETECTED,No,No Apparent Injury,N/A,NOT DISTRACTED,MD,PASSENGER CAR,STOPPED IN TRAFFIC LANE,25,No,2016,JEEP,GRAND CHEROKEE,39.02647167,-77.14442333,2023,7,12
230032783,Injury Crash,07/10/2023 09:46:00 AM,GOLDSBORO RD,NA,STRAIGHT MOVEMENT ANGLE,Cloudy,DRY,Daylight,TRAFFIC SIGNAL,NONE DETECTED,No,Possible Minor Injury,N/A,NOT DISTRACTED,VA,"MEDIUM/HEAVY TRUCKS 3 AXLES (OVER 10,000LBS (4,536KG))",MAKING LEFT TURN,35,No,1996,MACK,DUMP TRUCK,38.96985533,-77.13118017,2023,7,9
230032783,Injury Crash,07/10/2023 09:46:00 AM,GOLDSBORO RD,NA,STRAIGHT MOVEMENT ANGLE,Cloudy,DRY,Daylight,TRAFFIC SIGNAL,NONE DETECTED,Yes,Possible Minor Injury,N/A,UNKNOWN,MD,"OTHER LIGHT TRUCKS (10,000LBS (4,536KG) OR LESS)",MOVING CONSTANT SPEED,30,No,2004,FORD,RANGER,38.96985533,-77.13118017,2023,7,9
230032778,Injury Crash,07/10/2023 09:26:00 AM,CAPITAL BELTWAY,NA,SAME DIR REAR END,Cloudy,DRY,Daylight,NO CONTROLS,NONE DETECTED,No,Possible Minor Injury,N/A,NOT DISTRACTED,MD,PASSENGER CAR,SLOWING OR STOPPING,55,No,2004,VOLVO,S60,38.97348167,-77.178765,2023,7,9
230032778,Injury Crash,07/10/2023 09:26:00 AM,CAPITAL BELTWAY,NA,SAME DIR REAR END,Cloudy,DRY,Daylight,NO CONTROLS,NONE DETECTED,Yes,No Apparent Injury,N/A,NOT DISTRACTED,MD,PICKUP TRUCK,SLOWING OR STOPPING,55,No,2020,FORD,F450,38.97348167,-77.178765,2023,7,9
230032778,Injury Crash,07/10/2023 09:26:00 AM,CAPITAL BELTWAY,NA,SAME DIR REAR END,Cloudy,DRY,Daylight,NO CONTROLS,NONE DETECTED,No,No Apparent Injury,N/A,NOT DISTRACTED,VA,PASSENGER CAR,SLOWING OR STOPPING,55,No,2010,FORD,FUSION,38.97348167,-77.178765,2023,7,9
230032775,Injury Crash,07/10/2023 09:10:00 AM,SPENCERVILLE RD,NA,HEAD ON,Cloudy,DRY,Daylight,NO CONTROLS,NONE DETECTED,Yes,Possible Minor Injury,N/A,NOT DISTRACTED,MD,PASSENGER CAR,MAKING LEFT TURN,40,No,2007,HOND,CP,39.11642667,-76.966435,2023,7,9
230032775,Injury Crash,07/10/2023 09:10:00 AM,SPENCERVILLE RD,NA,HEAD ON,Cloudy,DRY,Daylight,NO CONTROLS,NONE DETECTED,No,Possible Minor Injury,N/A,NOT DISTRACTED,MD,PASSENGER CAR,MOVING CONSTANT SPEED,45,No,2019,HONDA,CRV,39.11642667,-76.966435,2023,7,9
230032775,Injury Crash,07/10/2023 09:10:00 AM,SPENCERVILLE RD,NA,HEAD ON,Cloudy,DRY,Daylight,NO CONTROLS,NONE DETECTED,No,No Apparent Injury,N/A,NOT DISTRACTED,MD,"MEDIUM/HEAVY TRUCKS 3 AXLES (OVER 10,000LBS (4,536KG))",MOVING CONSTANT SPEED,45,No,2018,PTRB,DUMP TRUCK,39.11642667,-76.966435,2023,7,9
230032771,Property Damage Crash,07/10/2023 09:00:00 AM,UNIVERSITY BLVD E,NA,STRAIGHT MOVEMENT ANGLE,Clear,DRY,Daylight,NO CONTROLS,NONE DETECTED,No,No Apparent Injury,N/A,NOT DISTRACTED,MD,PASSENGER CAR,MOVING CONSTANT SPEED,35,No,2007,LEXUS,IS 250,38.99272167,-76.99155667,2023,7,9
230032771,Property Damage Crash,07/10/2023 09:00:00 AM,UNIVERSITY BLVD E,NA,STRAIGHT MOVEMENT ANGLE,Clear,DRY,Daylight,NO CONTROLS,NONE DETECTED,Yes,No Apparent Injury,N/A,LOOKED BUT DID NOT SEE,MD,PASSENGER CAR,STARTING FROM PARKED,35,No,2007,HOND,HB,38.99272167,-76.99155667,2023,7,9
230032924,Property Damage Crash,07/10/2023 08:30:00 AM,NA,NA,OTHER,Clear,NA,Daylight,NO CONTROLS,NONE DETECTED,Yes,No Apparent Injury,N/A,LOOKED BUT DID NOT SEE,NA,(SPORT) UTILITY VEHICLE,STARTING FROM PARKED,5,No,2003,BMW,X5,39.12822175,-77.2019276,2023,7,8
230032768,Injury Crash,07/10/2023 08:22:00 AM,OBSERVATION DR,NA,HEAD ON,Clear,DRY,Daylight,NO CONTROLS,NONE DETECTED,No,Possible Minor Injury,N/A,NOT DISTRACTED,MD,PASSENGER CAR,STOPPED IN TRAFFIC LANE,0,No,2013,TOYT,4S,39.19125167,-77.24861333,2023,7,8
230032768,Injury Crash,07/10/2023 08:22:00 AM,OBSERVATION DR,NA,HEAD ON,Clear,DRY,Daylight,NO CONTROLS,NONE DETECTED,Yes,No Apparent Injury,N/A,NOT DISTRACTED,MD,PASSENGER CAR,MOVING CONSTANT SPEED,25,No,2018,JEEP,UT,39.19125167,-77.24861333,2023,7,8
230032764,Injury Crash,07/10/2023 07:40:00 AM,GOSHEN RD,NA,SAME DIR REAR END,Cloudy,DRY,Daylight,NO CONTROLS,NONE DETECTED,Yes,No Apparent Injury,N/A,LOOKED BUT DID NOT SEE,MD,(SPORT) UTILITY VEHICLE,MOVING CONSTANT SPEED,35,No,2012,HONDA,PILOT,39.17738333,-77.18946167,2023,7,7
230032764,Injury Crash,07/10/2023 07:40:00 AM,GOSHEN RD,NA,SAME DIR REAR END,Cloudy,DRY,Daylight,NO CONTROLS,NONE DETECTED,No,No Apparent Injury,N/A,NOT DISTRACTED,MD,(SPORT) UTILITY VEHICLE,STOPPED IN TRAFFIC LANE,35,No,2019,ACURA,RDX,39.17738333,-77.18946167,2023,7,7
230032764,Injury Crash,07/10/2023 07:40:00 AM,GOSHEN RD,NA,SAME DIR REAR END,Cloudy,DRY,Daylight,NO CONTROLS,NONE DETECTED,No,No Apparent Injury,N/A,NOT DISTRACTED,MD,PICKUP TRUCK,MOVING CONSTANT SPEED,35,No,2022,TOYT,PK,39.17738333,-77.18946167,2023,7,7
230032761,Injury Crash,07/10/2023 06:49:00 AM,CENTURY BLVD,NA,SAME DIRECTION RIGHT TURN,Clear,DRY,Daylight,NO CONTROLS,NONE DETECTED,Yes,No Apparent Injury,N/A,LOOKED BUT DID NOT SEE,WV,VAN,CHANGING LANES,35,No,2023,RAM,3500 PRO MASTER,39.18633113,-77.25988706,2023,7,6
230032761,Injury Crash,07/10/2023 06:49:00 AM,CENTURY BLVD,NA,SAME DIRECTION RIGHT TURN,Clear,DRY,Daylight,NO CONTROLS,NONE DETECTED,No,Possible Minor Injury,N/A,NOT DISTRACTED,MD,SNOWMOBILE,MOVING CONSTANT SPEED,35,No,2022,KIA,TELURIDE,39.18633113,-77.25988706,2023,7,6
230032755,Property Damage Crash,07/10/2023 03:58:00 AM,MAY ST,NA,SAME DIRECTION SIDESWIPE,Clear,DRY,Medium,NO CONTROLS,NONE DETECTED,Yes,No Apparent Injury,N/A,NOT DISTRACTED,MD,PASSENGER CAR,MOVING CONSTANT SPEED,35,No,2006,HOND,UT,39.071595,-77.066925,2023,7,3
230032731,Fatal Crash,07/09/2023 08:43:00 PM,BEALLSVILLE RD,NA,SINGLE VEHICLE,Clear,DRY,Dark,N/A,NONE DETECTED,No,Fatal Injury,"ANIMAL, N/A",NOT DISTRACTED,FL,MOTORCYCLE,MOVING CONSTANT SPEED,40,No,2007,SUZUKI,GSX-R 600,39.20674619,-77.38473904,2023,7,20
230032714,Property Damage Crash,07/09/2023 06:28:00 PM,TWINBROOK PKWY,NA,SAME DIRECTION SIDESWIPE,Clear,DRY,Daylight,TRAFFIC SIGNAL,NONE DETECTED,No,No Apparent Injury,N/A,NOT DISTRACTED,MD,PASSENGER CAR,MOVING CONSTANT SPEED,35,No,2020,HONDA,CIVIC,39.06221938,-77.11627031,2023,7,18
230032714,Property Damage Crash,07/09/2023 06:28:00 PM,TWINBROOK PKWY,NA,SAME DIRECTION SIDESWIPE,Clear,DRY,Daylight,TRAFFIC SIGNAL,NONE DETECTED,Yes,No Apparent Injury,N/A,UNKNOWN,NA,PASSENGER CAR,MOVING CONSTANT SPEED,35,No,2010,TOYOTA,COROLLA,39.06221938,-77.11627031,2023,7,18
230032716,Property Damage Crash,07/09/2023 06:23:00 PM,PINEY BRANCH RD,NA,SAME DIR REAR END,Cloudy,DRY,Daylight,NO CONTROLS,NONE DETECTED,No,No Apparent Injury,N/A,NOT DISTRACTED,MD,TRANSIT BUS,PARKED,0,No,2009,GILL,BUS,38.99829167,-77.00328,2023,7,18
230032716,Property Damage Crash,07/09/2023 06:23:00 PM,PINEY BRANCH RD,NA,SAME DIR REAR END,Cloudy,DRY,Daylight,NO CONTROLS,NONE DETECTED,Yes,No Apparent Injury,N/A,LOOKED BUT DID NOT SEE,MD,(SPORT) UTILITY VEHICLE,CHANGING LANES,30,No,2009,NISS,ROGUE,38.99829167,-77.00328,2023,7,18
230032718,Fatal Crash,07/09/2023 06:11:00 PM,FREDERICK RD,NA,HEAD ON LEFT TURN,Clear,DRY,Daylight,N/A,DRUG PRESENT,Yes,Fatal Injury,N/A,UNKNOWN,MD,MOTORCYCLE,CHANGING LANES,45,No,2021,YAMAHA,MT09,39.20887453,-77.24730134,2023,7,18
230032718,Fatal Crash,07/09/2023 06:11:00 PM,FREDERICK RD,NA,HEAD ON LEFT TURN,Clear,DRY,Daylight,N/A,NONE DETECTED,No,Possible Minor Injury,N/A,UNKNOWN,MD,PASSENGER CAR,MAKING LEFT TURN,45,No,2017,TOYOTA,PRIUS,39.20887453,-77.24730134,2023,7,18
230032710,Property Damage Crash,07/09/2023 06:01:00 PM,SPENCERVILLE RD,NA,SINGLE VEHICLE,Clear,DRY,Daylight,NO CONTROLS,NONE DETECTED,Unknown,No Apparent Injury,N/A,UNKNOWN,NA,PASSENGER CAR,LEAVING TRAFFIC LANE,35,No,2007,HYUNDAI,TIBURON,39.110955679999996,-76.95029013,2023,7,18
230032699,Injury Crash,07/09/2023 04:30:00 PM,NEW HAMPSHIRE AVE,NA,SAME DIR REAR END,Cloudy,DRY,Daylight,N/A,NONE DETECTED,Yes,No Apparent Injury,N/A,UNKNOWN,NA,PASSENGER CAR,MOVING CONSTANT SPEED,35,No,2007,FORD,ESCAPE,38.98427833,-76.98798,2023,7,16
230032715,Property Damage Crash,07/09/2023 04:30:00 PM,ROCKVILLE PIKE,NA,SAME DIR REAR END,Cloudy,WET,Daylight,TRAFFIC SIGNAL,NONE DETECTED,No,No Apparent Injury,"N/A, WET",NOT DISTRACTED,MD,PASSENGER CAR,STOPPED IN TRAFFIC LANE,0,No,2015,ACUR,4S,39.07702269,-77.13916801,2023,7,16
230032715,Property Damage Crash,07/09/2023 04:30:00 PM,ROCKVILLE PIKE,NA,SAME DIR REAR END,Cloudy,WET,Daylight,TRAFFIC SIGNAL,NONE DETECTED,Yes,No Apparent Injury,"N/A, WET",UNKNOWN,MD,PASSENGER CAR,UNKNOWN,35,No,2020,CHEVROLET,SILVARADO,39.07702269,-77.13916801,2023,7,16
230032699,Injury Crash,07/09/2023 04:30:00 PM,NEW HAMPSHIRE AVE,NA,SAME DIR REAR END,Cloudy,DRY,Daylight,N/A,NONE DETECTED,No,Suspected Serious Injury,N/A,NOT DISTRACTED,MD,PASSENGER CAR,MOVING CONSTANT SPEED,35,No,2016,FORD,EXP,38.98427833,-76.98798,2023,7,16
230032696,Property Damage Crash,07/09/2023 04:24:00 PM,FIRST ST,NA,SAME DIR REAR END,Rain,WET,Daylight,TRAFFIC SIGNAL,NONE DETECTED,Yes,No Apparent Injury,"N/A, WET",NOT DISTRACTED,MD,PASSENGER CAR,MOVING CONSTANT SPEED,40,No,2023,HONDA,CIVIC,39.08488268,-77.1361911,2023,7,16