Local Case Number,ACRS Report Type,Crash Date/Time,Road Name,Related Non-Motorist,Collision Type,Weather,Surface Condition,Light,Traffic Control,Driver Substance Abuse,Driver At Fault,Injury Severity,Circumstance,Driver Distracted By,Drivers License State,Vehicle Body Type,Vehicle Movement,Speed Limit,Driverless Vehicle,Vehicle Year,Vehicle Make,Vehicle Model,Latitude,Longitude,Year,Month,Hour
230032696,Property Damage Crash,07/09/2023 04:24:00 PM,FIRST ST,NA,SAME DIR REAR END,Rain,WET,Daylight,TRAFFIC SIGNAL,NONE DETECTED,No,No Apparent Injury,"N/A, WET",NOT DISTRACTED,MD,PASSENGER CAR,MOVING CONSTANT SPEED,40,No,2016,MAZD,4S,39.08488268,-77.1361911,2023,7,16
230032696,Property Damage Crash,07/09/2023 04:24:00 PM,FIRST ST,NA,SAME DIR REAR END,Rain,WET,Daylight,TRAFFIC SIGNAL,NONE DETECTED,No,No Apparent Injury,"N/A, WET",NOT DISTRACTED,MD,PASSENGER CAR,MOVING CONSTANT SPEED,40,No,2013,TOYT,UT,39.08488268,-77.1361911,2023,7,16
230032695,Property Damage Crash,07/09/2023 03:59:00 PM,GEORGIA AVE,NA,SAME DIR REAR END,Rain,WET,Daylight,TRAFFIC SIGNAL,NONE DETECTED,No,No Apparent Injury,"RAIN, SNOW, WET",NOT DISTRACTED,MD,PASSENGER CAR,SLOWING OR STOPPING,0,No,2009,TOYOTA,COROLLA,39.00684517,-77.03870783,2023,7,15
230032695,Property Damage Crash,07/09/2023 03:59:00 PM,GEORGIA AVE,NA,SAME DIR REAR END,Rain,WET,Daylight,TRAFFIC SIGNAL,NONE DETECTED,Yes,No Apparent Injury,"RAIN, SNOW, WET",NOT DISTRACTED,MD,PASSENGER CAR,SLOWING OR STOPPING,35,No,2017,HYUNDAI,HB,39.00684517,-77.03870783,2023,7,15
230032695,Property Damage Crash,07/09/2023 03:59:00 PM,GEORGIA AVE,NA,SAME DIR REAR END,Rain,WET,Daylight,TRAFFIC SIGNAL,NONE DETECTED,No,No Apparent Injury,"RAIN, SNOW, WET",NOT DISTRACTED,VA,PASSENGER CAR,STOPPED IN TRAFFIC LANE,0,No,2018,KIA,NIR,39.00684517,-77.03870783,2023,7,15
230032686,Property Damage Crash,07/09/2023 03:10:00 PM,VEIRS MILL RD,NA,SAME DIR REAR END,Rain,WET,Daylight,TRAFFIC SIGNAL,NONE DETECTED,No,No Apparent Injury,"SLEET, HAIL, FREEZ. RAIN, WET",NOT DISTRACTED,MD,PASSENGER CAR,SLOWING OR STOPPING,40,No,2023,HOND,UT,39.073828,-77.11283967,2023,7,15
230032686,Property Damage Crash,07/09/2023 03:10:00 PM,VEIRS MILL RD,NA,SAME DIR REAR END,Rain,WET,Daylight,TRAFFIC SIGNAL,NONE DETECTED,Yes,No Apparent Injury,"SLEET, HAIL, FREEZ. RAIN, WET",NOT DISTRACTED,MD,PASSENGER CAR,MOVING CONSTANT SPEED,40,No,2013,JEEP,UT,39.073828,-77.11283967,2023,7,15
230032686,Property Damage Crash,07/09/2023 03:10:00 PM,VEIRS MILL RD,NA,SAME DIR REAR END,Rain,WET,Daylight,TRAFFIC SIGNAL,NONE DETECTED,No,No Apparent Injury,"SLEET, HAIL, FREEZ. RAIN, WET",NOT DISTRACTED,MD,PASSENGER CAR,SLOWING OR STOPPING,40,No,2012,CHEV,TK,39.073828,-77.11283967,2023,7,15
230032681,Property Damage Crash,07/09/2023 02:30:00 PM,NEW HAMPSHIRE AVE,NA,STRAIGHT MOVEMENT ANGLE,Clear,DRY,Daylight,TRAFFIC SIGNAL,ALCOHOL PRESENT,Yes,No Apparent Injury,N/A,UNKNOWN,NM,(SPORT) UTILITY VEHICLE,MAKING LEFT TURN,40,No,2008,FORD,ESCAPE,39.02104348,-76.9761952,2023,7,14
230032681,Property Damage Crash,07/09/2023 02:30:00 PM,NEW HAMPSHIRE AVE,NA,STRAIGHT MOVEMENT ANGLE,Clear,DRY,Daylight,TRAFFIC SIGNAL,NONE DETECTED,No,No Apparent Injury,N/A,NOT DISTRACTED,MD,PASSENGER CAR,MOVING CONSTANT SPEED,40,No,2020,KIA,OPTIMA,39.02104348,-76.9761952,2023,7,14
230032683,Injury Crash,07/09/2023 02:20:00 PM,LOCKWOOD DR,NA,STRAIGHT MOVEMENT ANGLE,Clear,DRY,Daylight,NO CONTROLS,NONE DETECTED,No,No Apparent Injury,N/A,NOT DISTRACTED,MD,PASSENGER CAR,MAKING LEFT TURN,30,No,2015,CHEVY,EXPRESS,39.01467833,-77.09955167,2023,7,14
230032683,Injury Crash,07/09/2023 02:20:00 PM,LOCKWOOD DR,NA,STRAIGHT MOVEMENT ANGLE,Clear,DRY,Daylight,NO CONTROLS,ALCOHOL PRESENT,Yes,Suspected Serious Injury,N/A,INATTENTIVE OR LOST IN THOUGHT,MD,PASSENGER CAR,MOVING CONSTANT SPEED,30,No,2014,HONDA,CRV,39.01467833,-77.09955167,2023,7,14
230032658,Property Damage Crash,07/09/2023 10:50:00 AM,FALLS RD,NA,HEAD ON LEFT TURN,Clear,DRY,Daylight,TRAFFIC SIGNAL,NONE DETECTED,Yes,No Apparent Injury,N/A,LOOKED BUT DID NOT SEE,MD,PASSENGER CAR,MAKING LEFT TURN,30,No,2014,MAZD,4S,39.01802,-77.20902333,2023,7,10
230032658,Property Damage Crash,07/09/2023 10:50:00 AM,FALLS RD,NA,HEAD ON LEFT TURN,Clear,DRY,Daylight,TRAFFIC SIGNAL,NONE DETECTED,No,No Apparent Injury,N/A,NOT DISTRACTED,MD,PASSENGER CAR,MOVING CONSTANT SPEED,30,No,2012,NISS,SD,39.01802,-77.20902333,2023,7,10
230032653,Injury Crash,07/09/2023 10:25:00 AM,NEW HAMPSHIRE AVE,NA,HEAD ON LEFT TURN,Clear,DRY,Daylight,TRAFFIC SIGNAL,NONE DETECTED,No,No Apparent Injury,N/A,NOT DISTRACTED,MD,PASSENGER CAR,MAKING LEFT TURN,45,No,2013,NISS,UT,39.10599017,-77.00157467,2023,7,10
230032653,Injury Crash,07/09/2023 10:25:00 AM,NEW HAMPSHIRE AVE,NA,HEAD ON LEFT TURN,Clear,DRY,Daylight,TRAFFIC SIGNAL,NONE DETECTED,Yes,Possible Minor Injury,N/A,LOOKED BUT DID NOT SEE,MD,PICKUP TRUCK,MOVING CONSTANT SPEED,45,No,2017,DODGE,RAM,39.10599017,-77.00157467,2023,7,10
230032637,Property Damage Crash,07/09/2023 05:51:00 AM,TOWER OAKS BLVD,NA,SINGLE VEHICLE,Cloudy,DRY,Medium,TRAFFIC SIGNAL,NONE DETECTED,Yes,No Apparent Injury,N/A,NOT DISTRACTED,MD,PASSENGER CAR,MOVING CONSTANT SPEED,35,No,2022,HOND,SD,39.06670895,-77.15376493,2023,7,5
230032631,Property Damage Crash,07/09/2023 02:05:00 AM,N HORNERS LA,NA,SINGLE VEHICLE,Clear,DRY,Medium,N/A,NONE DETECTED,Yes,No Apparent Injury,N/A,NOT DISTRACTED,MD,PASSENGER CAR,MAKING LEFT TURN,35,No,2010,HONDA,ACCORD,39.09735667,-77.14775333,2023,7,2
230032623,Property Damage Crash,07/09/2023 12:37:00 AM,ROCKVILLE PIKE,NA,OTHER,Clear,DRY,Medium,TRAFFIC SIGNAL,ALCOHOL PRESENT,Yes,No Apparent Injury,N/A,NOT DISTRACTED,MD,PASSENGER CAR,MOVING CONSTANT SPEED,35,No,2014,JEEP,CHEROKEE,39.05750862,-77.11992557,2023,7,0
230032721,Property Damage Crash,07/08/2023 11:10:00 PM,CONNECTICUT AVE,NA,SAME DIR REAR END,Clear,DRY,Dark,TRAFFIC SIGNAL,NONE DETECTED,No,No Apparent Injury,N/A,NOT DISTRACTED,MD,PASSENGER CAR,STOPPED IN TRAFFIC LANE,30,No,2023,KIA,FORTE,39.03055991,-77.07551406,2023,7,23
230032721,Property Damage Crash,07/08/2023 11:10:00 PM,CONNECTICUT AVE,NA,SAME DIR REAR END,Clear,DRY,Dark,TRAFFIC SIGNAL,NONE DETECTED,Yes,No Apparent Injury,N/A,UNKNOWN,MD,PASSENGER CAR,SLOWING OR STOPPING,30,No,2015,HONDA,CIVIC,39.03055991,-77.07551406,2023,7,23
230032614,Property Damage Crash,07/08/2023 09:36:00 PM,ROCKLEDGE DR,NA,SAME DIR REAR END,Clear,DRY,Medium,TRAFFIC SIGNAL,NONE DETECTED,Yes,No Apparent Injury,N/A,NOT DISTRACTED,MD,PASSENGER CAR,SLOWING OR STOPPING,35,No,2008,CHEVROLET,IMPALA,39.02309558,-77.13230903,2023,7,21
230032614,Property Damage Crash,07/08/2023 09:36:00 PM,ROCKLEDGE DR,NA,SAME DIR REAR END,Clear,DRY,Medium,TRAFFIC SIGNAL,NONE DETECTED,No,No Apparent Injury,N/A,NOT DISTRACTED,MD,TRANSIT BUS,SLOWING OR STOPPING,35,No,2009,GILL,BUS,39.02309558,-77.13230903,2023,7,21
230032607,Property Damage Crash,07/08/2023 07:55:00 PM,PERSIMMON TREE RD,NA,HEAD ON LEFT TURN,Clear,DRY,Daylight,NO CONTROLS,NONE DETECTED,Yes,No Apparent Injury,N/A,UNKNOWN,MD,PASSENGER CAR,MAKING LEFT TURN,35,No,2014,TOYOTA,CAMRY,38.99004333,-77.18019667,2023,7,19
230032607,Property Damage Crash,07/08/2023 07:55:00 PM,PERSIMMON TREE RD,NA,HEAD ON LEFT TURN,Clear,DRY,Daylight,NO CONTROLS,NONE DETECTED,No,No Apparent Injury,N/A,NOT DISTRACTED,MD,PASSENGER CAR,MOVING CONSTANT SPEED,35,No,2004,LEXUS,ES350,38.99004333,-77.18019667,2023,7,19
230032603,Property Damage Crash,07/08/2023 07:38:00 PM,SHADY GROVE RD,NA,SAME DIR REAR END,Clear,WET,Medium,TRAFFIC SIGNAL,NONE DETECTED,No,No Apparent Injury,"N/A, WET",NOT DISTRACTED,MD,PASSENGER CAR,SLOWING OR STOPPING,45,No,2022,JEEP,WRANGLER,39.13845667,-77.15349167,2023,7,19
230032603,Property Damage Crash,07/08/2023 07:38:00 PM,SHADY GROVE RD,NA,SAME DIR REAR END,Clear,WET,Medium,TRAFFIC SIGNAL,NONE DETECTED,Yes,No Apparent Injury,"N/A, WET",NOT DISTRACTED,MD,PASSENGER CAR,MOVING CONSTANT SPEED,45,No,2003,HOND,SD,39.13845667,-77.15349167,2023,7,19
230032600,Property Damage Crash,07/08/2023 07:00:00 PM,WIGHTMAN RD,NA,SAME DIRECTION LEFT TURN,Rain,WET,Daylight,NO CONTROLS,NONE DETECTED,Yes,No Apparent Injury,"RAIN, SNOW, WET",LOOKED BUT DID NOT SEE,MD,(SPORT) UTILITY VEHICLE,MAKING U TURN,35,No,2002,CHEVY,SUBURBAN,39.18883083,-77.18992267,2023,7,19
230032600,Property Damage Crash,07/08/2023 07:00:00 PM,WIGHTMAN RD,NA,SAME DIRECTION LEFT TURN,Rain,WET,Daylight,NO CONTROLS,NONE DETECTED,No,No Apparent Injury,"RAIN, SNOW, WET",NOT DISTRACTED,MD,(SPORT) UTILITY VEHICLE,MOVING CONSTANT SPEED,35,No,2013,SUBA,OUTBACK,39.18883083,-77.18992267,2023,7,19
230032597,Property Damage Crash,07/08/2023 06:41:00 PM,GEORGIA AVE,NA,SAME DIR REAR END,Clear,DRY,Daylight,TRAFFIC SIGNAL,NONE DETECTED,No,No Apparent Injury,N/A,NOT DISTRACTED,MD,PASSENGER CAR,STOPPED IN TRAFFIC LANE,35,No,2006,FORD,ECONOLINE,39.04725878,-77.05209844,2023,7,18
230032597,Property Damage Crash,07/08/2023 06:41:00 PM,GEORGIA AVE,NA,SAME DIR REAR END,Clear,DRY,Daylight,TRAFFIC SIGNAL,DRUG AND ALCOHOL CONTRIBUTED,Yes,No Apparent Injury,N/A,UNKNOWN,MD,PASSENGER CAR,SLOWING OR STOPPING,35,No,2020,HYUNDAI,TUCSON,39.04725878,-77.05209844,2023,7,18
230032591,Injury Crash,07/08/2023 06:26:00 PM,DAMASCUS RD,NA,HEAD ON LEFT TURN,Clear,DRY,Daylight,N/A,NONE DETECTED,No,No Apparent Injury,N/A,NOT DISTRACTED,MD,PICKUP TRUCK,MOVING CONSTANT SPEED,30,No,2012,FORD,F150,39.22634583,-77.06940317,2023,7,18
230032591,Injury Crash,07/08/2023 06:26:00 PM,DAMASCUS RD,NA,HEAD ON LEFT TURN,Clear,DRY,Daylight,N/A,NONE DETECTED,Yes,Possible Minor Injury,N/A,LOOKED BUT DID NOT SEE,MD,PASSENGER CAR,MAKING LEFT TURN,30,No,2015,MAZDA,4S,39.22634583,-77.06940317,2023,7,18
230032584,Injury Crash,07/08/2023 05:51:00 PM,VEIRS MILL RD,NA,STRAIGHT MOVEMENT ANGLE,Rain,WET,Daylight,TRAFFIC SIGNAL,NONE DETECTED,No,No Apparent Injury,N/A,NOT DISTRACTED,MD,(SPORT) UTILITY VEHICLE,MOVING CONSTANT SPEED,30,No,2023,TOYT,RAV 4,39.03996833,-77.0554725,2023,7,17
230032584,Injury Crash,07/08/2023 05:51:00 PM,VEIRS MILL RD,NA,STRAIGHT MOVEMENT ANGLE,Rain,WET,Daylight,TRAFFIC SIGNAL,NONE DETECTED,Yes,No Apparent Injury,N/A,OTHER DISTRACTION,DC,VAN,MOVING CONSTANT SPEED,30,No,2005,MAZDA,MPV,39.03996833,-77.0554725,2023,7,17
230032590,Property Damage Crash,07/08/2023 05:35:00 PM,NEW HAMPSHIRE AVE,NA,SAME DIR REAR END,Clear,DRY,Daylight,TRAFFIC SIGNAL,NONE DETECTED,Yes,No Apparent Injury,N/A,NOT DISTRACTED,MD,PASSENGER CAR,SLOWING OR STOPPING,40,No,2021,HYUNDAI,SONATA,39.01100567,-76.97943717,2023,7,17
230032590,Property Damage Crash,07/08/2023 05:35:00 PM,NEW HAMPSHIRE AVE,NA,SAME DIR REAR END,Clear,DRY,Daylight,TRAFFIC SIGNAL,NONE DETECTED,No,No Apparent Injury,N/A,NOT DISTRACTED,MD,PASSENGER CAR,SLOWING OR STOPPING,40,No,2015,CHEV,CRUZE,39.01100567,-76.97943717,2023,7,17
230032590,Property Damage Crash,07/08/2023 05:35:00 PM,NEW HAMPSHIRE AVE,NA,SAME DIR REAR END,Clear,DRY,Daylight,TRAFFIC SIGNAL,NONE DETECTED,No,No Apparent Injury,N/A,NOT DISTRACTED,MD,PASSENGER CAR,SLOWING OR STOPPING,40,No,2017,VOLKS,PASSAT,39.01100567,-76.97943717,2023,7,17
230032577,Property Damage Crash,07/08/2023 05:08:00 PM,NA,NA,SINGLE VEHICLE,Clear,NA,Daylight,NO CONTROLS,NONE DETECTED,Yes,No Apparent Injury,N/A,UNKNOWN,MD,PICKUP TRUCK,ACCELERATING,5,No,2010,FORD,TRUCK EXPLORER,39.11013367,-76.933704,2023,7,17
230032573,Property Damage Crash,07/08/2023 04:38:00 PM,NA,NA,OTHER,Cloudy,NA,Daylight,N/A,NONE DETECTED,Yes,No Apparent Injury,N/A,UNKNOWN,NA,PASSENGER CAR,UNKNOWN,5,No,2018,SUBARU,CROSSTREK,39.057239,-77.12494067,2023,7,16
230032559,Injury Crash,07/08/2023 03:34:00 PM,SCHAEFFER RD,NA,SINGLE VEHICLE,Clear,DRY,Daylight,N/A,NONE DETECTED,Yes,Possible Minor Injury,N/A,NOT DISTRACTED,MD,PICKUP TRUCK,MOVING CONSTANT SPEED,35,No,2014,TOYT,PK,39.1526445,-77.33573783,2023,7,15
230032564,Property Damage Crash,07/08/2023 02:30:00 PM,NA,NA,OTHER,Clear,NA,Daylight,NO CONTROLS,NONE DETECTED,Yes,No Apparent Injury,N/A,UNKNOWN,NA,(SPORT) UTILITY VEHICLE,BACKING,5,No,2009,DODGE,JOURNEY,39.17204247,-77.20464515,2023,7,14
230032543,Property Damage Crash,07/08/2023 01:00:00 PM,COLESVILLE RD,NA,SAME DIR REAR END,Clear,DRY,Daylight,TRAFFIC SIGNAL,NONE DETECTED,Yes,No Apparent Injury,N/A,UNKNOWN,NA,PASSENGER CAR,SLOWING OR STOPPING,35,No,2011,JEEP,TRUCK,39.01863771,-77.01457501,2023,7,13
230032543,Property Damage Crash,07/08/2023 01:00:00 PM,COLESVILLE RD,NA,SAME DIR REAR END,Clear,DRY,Daylight,TRAFFIC SIGNAL,NONE DETECTED,No,No Apparent Injury,N/A,NOT DISTRACTED,VA,PASSENGER CAR,STOPPED IN TRAFFIC LANE,35,No,2007,PONTIAC,4D,39.01863771,-77.01457501,2023,7,13
230032527,Injury Crash,07/08/2023 11:56:00 AM,WOODFIELD RD,NA,STRAIGHT MOVEMENT ANGLE,Cloudy,DRY,Daylight,STOP SIGN,NONE DETECTED,Yes,No Apparent Injury,N/A,OTHER DISTRACTION,MD,PASSENGER CAR,STARTING FROM LANE,30,No,2018,CHEV,4S,39.28383167,-77.20184,2023,7,11
230032527,Injury Crash,07/08/2023 11:56:00 AM,WOODFIELD RD,NA,STRAIGHT MOVEMENT ANGLE,Cloudy,DRY,Daylight,STOP SIGN,NONE DETECTED,No,No Apparent Injury,N/A,NOT DISTRACTED,MD,PASSENGER CAR,MOVING CONSTANT SPEED,30,No,2002,BMW,4S,39.28383167,-77.20184,2023,7,11
230032501,Property Damage Crash,07/08/2023 08:30:00 AM,UNIVERSITY BLVD E,NA,SAME DIRECTION SIDESWIPE,Clear,DRY,Daylight,TRAFFIC SIGNAL,NONE DETECTED,No,No Apparent Injury,N/A,NOT DISTRACTED,NA,VAN,MOVING CONSTANT SPEED,35,No,2001,CHEVROLET,VAN,39.01932922,-77.01256828,2023,7,8
230032501,Property Damage Crash,07/08/2023 08:30:00 AM,UNIVERSITY BLVD E,NA,SAME DIRECTION SIDESWIPE,Clear,DRY,Daylight,TRAFFIC SIGNAL,NONE DETECTED,Yes,No Apparent Injury,N/A,UNKNOWN,DC,TRANSIT BUS,STOPPED IN TRAFFIC LANE,35,No,2013,NEW FLYER,XDE40,39.01932922,-77.01256828,2023,7,8
230032480,Property Damage Crash,07/08/2023 02:26:00 AM,GEORGIA AVE,NA,SAME DIR REAR END,Clear,DRY,Medium,N/A,NONE DETECTED,No,No Apparent Injury,N/A,NOT DISTRACTED,MD,PASSENGER CAR,MOVING CONSTANT SPEED,50,No,2023,ACURA,MDX,39.13694474,-77.06889443,2023,7,2
230032480,Property Damage Crash,07/08/2023 02:26:00 AM,GEORGIA AVE,NA,SAME DIR REAR END,Clear,DRY,Medium,N/A,NONE DETECTED,Yes,No Apparent Injury,N/A,INATTENTIVE OR LOST IN THOUGHT,MD,PASSENGER CAR,MOVING CONSTANT SPEED,50,No,2010,CHEVY,EQUINOX,39.13694474,-77.06889443,2023,7,2
230032470,Injury Crash,07/08/2023 12:48:00 AM,NEW HAMPSHIRE AVE,NA,HEAD ON LEFT TURN,Clear,DRY,Medium,TRAFFIC SIGNAL,NONE DETECTED,No,No Apparent Injury,N/A,NOT DISTRACTED,MD,PASSENGER CAR,MOVING CONSTANT SPEED,35,No,2011,DODGE,CARAVAN,39.029535,-76.98350167,2023,7,0
230032470,Injury Crash,07/08/2023 12:48:00 AM,NEW HAMPSHIRE AVE,NA,HEAD ON LEFT TURN,Clear,DRY,Medium,TRAFFIC SIGNAL,NONE DETECTED,Yes,Possible Minor Injury,N/A,NOT DISTRACTED,DC,PASSENGER CAR,MAKING LEFT TURN,35,No,2014,JEEP,LAREDO,39.029535,-76.98350167,2023,7,0
230032463,Injury Crash,07/07/2023 10:45:00 PM,VEIRS MILL RD,NA,SINGLE VEHICLE,Clear,DRY,Medium,NO CONTROLS,NONE DETECTED,Yes,Possible Minor Injury,N/A,NOT DISTRACTED,MD,MOTORCYCLE,SLOWING OR STOPPING,40,No,2023,KAWK,NINJA ZX6R,39.07385817,-77.11277817,2023,7,22
230032454,Property Damage Crash,07/07/2023 10:02:00 PM,RIDGE RD,NA,SINGLE VEHICLE,Cloudy,DRY,Medium,TRAFFIC SIGNAL,NONE DETECTED,Yes,No Apparent Injury,N/A,NOT DISTRACTED,MD,TRUCK TRACTOR,MAKING RIGHT TURN,30,No,2019,INT,TR,39.28847415,-77.20453274,2023,7,22
230032450,Property Damage Crash,07/07/2023 09:30:00 PM,N WESTLAND DR,NA,STRAIGHT MOVEMENT ANGLE,Clear,DRY,Medium,NO CONTROLS,NONE DETECTED,Yes,No Apparent Injury,N/A,LOOKED BUT DID NOT SEE,MD,PASSENGER CAR,MAKING LEFT TURN,35,No,2023,MAZDA,CX50,39.12801612,-77.18515005,2023,7,21
230032450,Property Damage Crash,07/07/2023 09:30:00 PM,N WESTLAND DR,NA,STRAIGHT MOVEMENT ANGLE,Clear,DRY,Medium,NO CONTROLS,NONE DETECTED,No,No Apparent Injury,N/A,NOT DISTRACTED,MD,PASSENGER CAR,MOVING CONSTANT SPEED,35,No,2015,NISSAN,SENTRA,39.12801612,-77.18515005,2023,7,21
230032448,Property Damage Crash,07/07/2023 09:16:00 PM,FREDERICK RD,NA,SAME DIRECTION SIDESWIPE,Clear,DRY,Medium,NO CONTROLS,NONE DETECTED,No,No Apparent Injury,N/A,NOT DISTRACTED,MD,PASSENGER CAR,MOVING CONSTANT SPEED,35,No,2015,CHEV,CAMARO,39.15341167,-77.213125,2023,7,21
230032448,Property Damage Crash,07/07/2023 09:16:00 PM,FREDERICK RD,NA,SAME DIRECTION SIDESWIPE,Clear,DRY,Medium,NO CONTROLS,NONE DETECTED,Yes,No Apparent Injury,N/A,INATTENTIVE OR LOST IN THOUGHT,MD,PASSENGER CAR,CHANGING LANES,35,No,2013,HOND,CIVIC,39.15341167,-77.213125,2023,7,21
230032432,Property Damage Crash,07/07/2023 08:20:00 PM,SAM EIG HWY,NA,OTHER,Cloudy,DRY,Daylight,NO CONTROLS,NONE DETECTED,Yes,No Apparent Injury,N/A,TALKING OR LISTENING TO CELLULAR PHONE,MD,PASSENGER CAR,MOVING CONSTANT SPEED,50,No,2014,NISSAN,SENTRA,39.1175755,-77.20633317,2023,7,20
230032432,Property Damage Crash,07/07/2023 08:20:00 PM,SAM EIG HWY,NA,OTHER,Cloudy,DRY,Daylight,NO CONTROLS,NONE DETECTED,No,No Apparent Injury,N/A,NOT DISTRACTED,MD,PASSENGER CAR,MOVING CONSTANT SPEED,50,No,2021,SUBARU,WRX,39.1175755,-77.20633317,2023,7,20
230032429,Property Damage Crash,07/07/2023 07:56:00 PM,FREDERICK RD,NA,HEAD ON LEFT TURN,Clear,DRY,Daylight,TRAFFIC SIGNAL,NONE DETECTED,No,No Apparent Injury,N/A,NOT DISTRACTED,MD,PASSENGER CAR,MOVING CONSTANT SPEED,40,No,2017,HOND,ACCORD,39.11559478,-77.16615843,2023,7,19
230032429,Property Damage Crash,07/07/2023 07:56:00 PM,FREDERICK RD,NA,HEAD ON LEFT TURN,Clear,DRY,Daylight,TRAFFIC SIGNAL,NONE DETECTED,Yes,No Apparent Injury,N/A,NOT DISTRACTED,MD,PASSENGER CAR,MOVING CONSTANT SPEED,40,No,2011,HOND,INSIGHT,39.11559478,-77.16615843,2023,7,19
230032426,Injury Crash,07/07/2023 07:03:00 PM,HORIZON RUN RD,NA,STRAIGHT MOVEMENT ANGLE,Clear,DRY,Daylight,NO CONTROLS,NONE DETECTED,Yes,Suspected Serious Injury,N/A,UNKNOWN,XX,MOTORCYCLE,MOVING CONSTANT SPEED,30,No,2023,SSRY,SR110,39.1570516,-77.1962643,2023,7,19
230032426,Injury Crash,07/07/2023 07:03:00 PM,HORIZON RUN RD,NA,STRAIGHT MOVEMENT ANGLE,Clear,DRY,Daylight,NO CONTROLS,NONE DETECTED,No,No Apparent Injury,N/A,NOT DISTRACTED,MD,PASSENGER CAR,PARKING,30,No,2023,HYUN,KONA,39.1570516,-77.1962643,2023,7,19
230032423,Property Damage Crash,07/07/2023 06:46:00 PM,CRABBS BRANCH WAY,NA,SAME DIR REAR END,Clear,DRY,Daylight,NO CONTROLS,NONE DETECTED,No,No Apparent Injury,N/A,NOT DISTRACTED,MD,(SPORT) UTILITY VEHICLE,SLOWING OR STOPPING,25,No,2022,TOYT,RAV4,39.1194665,-77.15694767,2023,7,18
230032423,Property Damage Crash,07/07/2023 06:46:00 PM,CRABBS BRANCH WAY,NA,SAME DIR REAR END,Clear,DRY,Daylight,NO CONTROLS,NONE DETECTED,Yes,No Apparent Injury,N/A,LOOKED BUT DID NOT SEE,MD,(SPORT) UTILITY VEHICLE,MOVING CONSTANT SPEED,25,No,2015,HONDA,CR-V,39.1194665,-77.15694767,2023,7,18
230032423,Property Damage Crash,07/07/2023 06:46:00 PM,CRABBS BRANCH WAY,NA,SAME DIR REAR END,Clear,DRY,Daylight,NO CONTROLS,NONE DETECTED,No,No Apparent Injury,N/A,NOT DISTRACTED,MD,(SPORT) UTILITY VEHICLE,SLOWING OR STOPPING,25,No,2013,FORD,EXPLORER,39.1194665,-77.15694767,2023,7,18
230032425,Property Damage Crash,07/07/2023 05:49:00 PM,NA,NA,OTHER,Clear,NA,Daylight,NO CONTROLS,NONE DETECTED,Yes,No Apparent Injury,N/A,UNKNOWN,NA,PASSENGER CAR,MOVING CONSTANT SPEED,0,No,2007,DODGE,UNK,38.99869243,-77.04105048,2023,7,17
230032421,Property Damage Crash,07/07/2023 05:35:00 PM,EAST WEST HWY,NA,STRAIGHT MOVEMENT ANGLE,Clear,DRY,Daylight,STOP SIGN,ALCOHOL PRESENT,Yes,No Apparent Injury,N/A,UNKNOWN,XX,PASSENGER CAR,STARTING FROM LANE,25,No,2013,HONDA,CR-V,38.99308167,-77.06510167,2023,7,17
230032421,Property Damage Crash,07/07/2023 05:35:00 PM,EAST WEST HWY,NA,STRAIGHT MOVEMENT ANGLE,Clear,DRY,Daylight,STOP SIGN,NONE DETECTED,No,No Apparent Injury,N/A,NOT DISTRACTED,MD,PICKUP TRUCK,MOVING CONSTANT SPEED,35,No,2021,RAM,1500,38.99308167,-77.06510167,2023,7,17
230032409,Injury Crash,07/07/2023 05:15:00 PM,W DIAMOND AVE,NA,STRAIGHT MOVEMENT ANGLE,Clear,DRY,Daylight,NO CONTROLS,NONE DETECTED,No,No Apparent Injury,"BACKUP DUE TO REGULAR CONGESTION, N/A",NOT DISTRACTED,MD,PASSENGER CAR,MOVING CONSTANT SPEED,30,No,2016,HONDA,CIVIC,39.14052212,-77.20760908,2023,7,17
230032409,Injury Crash,07/07/2023 05:15:00 PM,W DIAMOND AVE,NA,STRAIGHT MOVEMENT ANGLE,Clear,DRY,Daylight,NO CONTROLS,NONE DETECTED,Yes,No Apparent Injury,"BACKUP DUE TO REGULAR CONGESTION, N/A",LOOKED BUT DID NOT SEE,MD,PASSENGER CAR,MAKING LEFT TURN,30,No,2019,DODGE,RAM,39.14052212,-77.20760908,2023,7,17
230032409,Injury Crash,07/07/2023 05:15:00 PM,W DIAMOND AVE,NA,STRAIGHT MOVEMENT ANGLE,Clear,DRY,Daylight,NO CONTROLS,NONE DETECTED,No,No Apparent Injury,"BACKUP DUE TO REGULAR CONGESTION, N/A",NOT DISTRACTED,MD,PASSENGER CAR,MOVING CONSTANT SPEED,30,No,2015,TOYOTA,COROLLA,39.14052212,-77.20760908,2023,7,17
230032410,Property Damage Crash,07/07/2023 05:00:00 PM,SPRING ST,NA,STRAIGHT MOVEMENT ANGLE,Clear,DRY,Daylight,TRAFFIC SIGNAL,NONE DETECTED,Yes,No Apparent Injury,N/A,INATTENTIVE OR LOST IN THOUGHT,MD,PASSENGER CAR,MOVING CONSTANT SPEED,25,No,2014,SUBA,TK,38.99782783,-77.03448533,2023,7,17
230032410,Property Damage Crash,07/07/2023 05:00:00 PM,SPRING ST,NA,STRAIGHT MOVEMENT ANGLE,Clear,DRY,Daylight,TRAFFIC SIGNAL,NONE DETECTED,No,No Apparent Injury,N/A,NOT DISTRACTED,MD,PASSENGER CAR,ACCELERATING,25,No,2017,MITS,TK,38.99782783,-77.03448533,2023,7,17
230032407,Injury Crash,07/07/2023 04:45:00 PM,CRYSTAL LA,PEDESTRIAN,STRAIGHT MOVEMENT ANGLE,Clear,DRY,Daylight,STOP SIGN,NONE DETECTED,Yes,No Apparent Injury,N/A,NOT DISTRACTED,MD,STATION WAGON,STOPPED IN TRAFFIC LANE,25,No,2019,VW,TIGUAN,39.07833333,-77.040145,2023,7,16
230032405,Injury Crash,07/07/2023 04:16:00 PM,PINEY MEETINGHOUSE RD,NA,HEAD ON LEFT TURN,Cloudy,DRY,Daylight,TRAFFIC SIGNAL,NONE DETECTED,Yes,No Apparent Injury,N/A,NOT DISTRACTED,MD,PASSENGER CAR,MAKING LEFT TURN,40,No,2012,AUDI,A6,39.08258783,-77.2170115,2023,7,16
230032405,Injury Crash,07/07/2023 04:16:00 PM,PINEY MEETINGHOUSE RD,NA,HEAD ON LEFT TURN,Cloudy,DRY,Daylight,TRAFFIC SIGNAL,NONE DETECTED,No,Possible Minor Injury,N/A,NOT DISTRACTED,MD,(SPORT) UTILITY VEHICLE,MOVING CONSTANT SPEED,40,No,2022,AUDI,E-TRON QUATTRO,39.08258783,-77.2170115,2023,7,16
230032396,Property Damage Crash,07/07/2023 03:46:00 PM,KEMP MILL RD,NA,SAME DIR REAR END,Clear,DRY,Daylight,NO CONTROLS,NONE DETECTED,Yes,No Apparent Injury,N/A,UNKNOWN,MD,SCHOOL BUS,SLOWING OR STOPPING,30,No,2020,IC,BU,39.04902833,-77.02535,2023,7,15
230032396,Property Damage Crash,07/07/2023 03:46:00 PM,KEMP MILL RD,NA,SAME DIR REAR END,Clear,DRY,Daylight,NO CONTROLS,NONE DETECTED,No,No Apparent Injury,N/A,NOT DISTRACTED,MD,PASSENGER CAR,MAKING LEFT TURN,30,No,2015,HOND,4S,39.04902833,-77.02535,2023,7,15
230032390,Property Damage Crash,07/07/2023 03:07:00 PM,CEDAR LA,NA,STRAIGHT MOVEMENT ANGLE,Clear,DRY,Daylight,TRAFFIC SIGNAL,NONE DETECTED,Yes,No Apparent Injury,N/A,LOOKED BUT DID NOT SEE,MD,PASSENGER CAR,MAKING RIGHT TURN,35,No,2020,GMC,ACADIA,39.00645718,-77.09775427,2023,7,15