Local Case Number,ACRS Report Type,Crash Date/Time,Road Name,Related Non-Motorist,Collision Type,Weather,Surface Condition,Light,Traffic Control,Driver Substance Abuse,Driver At Fault,Injury Severity,Circumstance,Driver Distracted By,Drivers License State,Vehicle Body Type,Vehicle Movement,Speed Limit,Driverless Vehicle,Vehicle Year,Vehicle Make,Vehicle Model,Latitude,Longitude,Year,Month,Hour
230032390,Property Damage Crash,07/07/2023 03:07:00 PM,CEDAR LA,NA,STRAIGHT MOVEMENT ANGLE,Clear,DRY,Daylight,TRAFFIC SIGNAL,NONE DETECTED,No,No Apparent Injury,N/A,NOT DISTRACTED,MD,PASSENGER CAR,MOVING CONSTANT SPEED,35,No,2018,VOLKSWAGEN,PASSAT,39.00645718,-77.09775427,2023,7,15
230032394,Injury Crash,07/07/2023 02:55:00 PM,NA,PEDESTRIAN,N/A,Clear,NA,Daylight,NO CONTROLS,NONE DETECTED,Yes,No Apparent Injury,N/A,UNKNOWN,MD,PASSENGER CAR,BACKING,10,No,2013,NISS,SU,39.1563985,-77.21339017,2023,7,14
230032398,Property Damage Crash,07/07/2023 01:50:00 PM,NA,NA,OTHER,Clear,NA,Daylight,N/A,NONE DETECTED,Yes,No Apparent Injury,N/A,UNKNOWN,VA,PASSENGER CAR,BACKING,5,No,2016,TOYOTA,RAV4,38.96523696,-77.10783266,2023,7,13
230032373,Property Damage Crash,07/07/2023 01:38:00 PM,TWINBROOK PKWY,NA,SAME DIR REAR END,Cloudy,DRY,Daylight,NO CONTROLS,NONE DETECTED,Yes,No Apparent Injury,N/A,NOT DISTRACTED,MD,PASSENGER CAR,CHANGING LANES,40,No,2016,KIA,2S,39.07212867,-77.11309867,2023,7,13
230032373,Property Damage Crash,07/07/2023 01:38:00 PM,TWINBROOK PKWY,NA,SAME DIR REAR END,Cloudy,DRY,Daylight,NO CONTROLS,NONE DETECTED,No,No Apparent Injury,N/A,NOT DISTRACTED,MD,PASSENGER CAR,SLOWING OR STOPPING,40,No,2018,HOND,4S,39.07212867,-77.11309867,2023,7,13
230032358,Injury Crash,07/07/2023 11:56:00 AM,ROCKVILLE PIKE,NA,SAME DIR REAR END,Clear,DRY,Daylight,TRAFFIC SIGNAL,NONE DETECTED,No,No Apparent Injury,N/A,NOT DISTRACTED,MD,VAN,STOPPED IN TRAFFIC LANE,35,No,2016,FORD,TRANSIT,39.04555667,-77.11209833,2023,7,11
230032358,Injury Crash,07/07/2023 11:56:00 AM,ROCKVILLE PIKE,NA,SAME DIR REAR END,Clear,DRY,Daylight,TRAFFIC SIGNAL,NONE DETECTED,No,No Apparent Injury,N/A,NOT DISTRACTED,MD,(SPORT) UTILITY VEHICLE,STOPPED IN TRAFFIC LANE,35,No,2019,TOYOTA,TK,39.04555667,-77.11209833,2023,7,11
230032358,Injury Crash,07/07/2023 11:56:00 AM,ROCKVILLE PIKE,NA,SAME DIR REAR END,Clear,DRY,Daylight,TRAFFIC SIGNAL,NONE DETECTED,No,No Apparent Injury,N/A,NOT DISTRACTED,MD,(SPORT) UTILITY VEHICLE,STOPPED IN TRAFFIC LANE,35,No,2017,SUBARU,FORRESTER,39.04555667,-77.11209833,2023,7,11
230032358,Injury Crash,07/07/2023 11:56:00 AM,ROCKVILLE PIKE,NA,SAME DIR REAR END,Clear,DRY,Daylight,TRAFFIC SIGNAL,NONE DETECTED,Yes,No Apparent Injury,N/A,LOOKED BUT DID NOT SEE,MD,PASSENGER CAR,MOVING CONSTANT SPEED,35,No,2013,MERCEDEZ,CLS300,39.04555667,-77.11209833,2023,7,11
230032354,Injury Crash,07/07/2023 11:44:00 AM,DARNESTOWN RD,NA,STRAIGHT MOVEMENT ANGLE,Clear,DRY,Daylight,TRAFFIC SIGNAL,NONE DETECTED,No,Possible Minor Injury,N/A,NOT DISTRACTED,MD,PASSENGER CAR,MOVING CONSTANT SPEED,40,No,2010,TOYOTA,TK,39.10236556,-77.22029207,2023,7,11
230032354,Injury Crash,07/07/2023 11:44:00 AM,DARNESTOWN RD,NA,STRAIGHT MOVEMENT ANGLE,Clear,DRY,Daylight,TRAFFIC SIGNAL,NONE DETECTED,Yes,No Apparent Injury,N/A,OTHER DISTRACTION,VA,"OTHER LIGHT TRUCKS (10,000LBS (4,536KG) OR LESS)",MOVING CONSTANT SPEED,40,No,2020,INT,TK,39.10236556,-77.22029207,2023,7,11
230032334,Injury Crash,07/07/2023 08:40:00 AM,GREENCASTLE RD,NA,SAME DIR REAR END,Clear,DRY,Daylight,NO CONTROLS,NONE DETECTED,Yes,Possible Minor Injury,N/A,INATTENTIVE OR LOST IN THOUGHT,MD,PASSENGER CAR,SLOWING OR STOPPING,30,No,2016,TOYOTA,COROLLA,39.085835,-76.93095,2023,7,8
230032334,Injury Crash,07/07/2023 08:40:00 AM,GREENCASTLE RD,NA,SAME DIR REAR END,Clear,DRY,Daylight,NO CONTROLS,NONE DETECTED,No,Possible Minor Injury,N/A,NOT DISTRACTED,MD,PASSENGER CAR,STOPPED IN TRAFFIC LANE,30,No,2011,HYUNDAI,SONATA,39.085835,-76.93095,2023,7,8
230032327,Property Damage Crash,07/07/2023 08:00:00 AM,TEACHERS WAY,NA,OPPOSITE DIRECTION SIDESWIPE,Clear,DRY,Daylight,NO CONTROLS,NONE DETECTED,No,No Apparent Injury,N/A,NOT DISTRACTED,MD,(SPORT) UTILITY VEHICLE,STOPPED IN TRAFFIC LANE,25,No,2016,TOYT,TK,39.14304457,-77.19177077,2023,7,8
230032327,Property Damage Crash,07/07/2023 08:00:00 AM,TEACHERS WAY,NA,OPPOSITE DIRECTION SIDESWIPE,Clear,DRY,Daylight,NO CONTROLS,NONE DETECTED,Yes,No Apparent Injury,N/A,LOOKED BUT DID NOT SEE,MD,PASSENGER CAR,MOVING CONSTANT SPEED,25,No,2022,HOND,SD,39.14304457,-77.19177077,2023,7,8
230032289,Injury Crash,07/06/2023 09:00:00 PM,SAM EIG HWY,NA,SAME DIR REAR END,Clear,DRY,Medium,TRAFFIC SIGNAL,NONE DETECTED,No,Possible Minor Injury,N/A,NOT DISTRACTED,MD,PASSENGER CAR,STARTING FROM LANE,45,No,2018,HYUNDAI,ELANTRA,39.11573045,-77.2085847,2023,7,21
230032289,Injury Crash,07/06/2023 09:00:00 PM,SAM EIG HWY,NA,SAME DIR REAR END,Clear,DRY,Medium,TRAFFIC SIGNAL,NONE DETECTED,Yes,No Apparent Injury,N/A,LOOKED BUT DID NOT SEE,MD,PASSENGER CAR,STARTING FROM LANE,45,No,2015,TOYOTA,SIENNA,39.11573045,-77.2085847,2023,7,21
230032263,Injury Crash,07/06/2023 06:30:00 PM,RUSSELL AVE,NA,HEAD ON LEFT TURN,Clear,DRY,Daylight,TRAFFIC SIGNAL,NONE DETECTED,No,Possible Minor Injury,N/A,NOT DISTRACTED,MD,PASSENGER CAR,MOVING CONSTANT SPEED,30,No,2017,DODGE,RAM,39.1513651,-77.20739088,2023,7,18
230032263,Injury Crash,07/06/2023 06:30:00 PM,RUSSELL AVE,NA,HEAD ON LEFT TURN,Clear,DRY,Daylight,TRAFFIC SIGNAL,NONE DETECTED,Yes,No Apparent Injury,N/A,LOOKED BUT DID NOT SEE,MD,PASSENGER CAR,MAKING LEFT TURN,30,No,1998,CHEVY,PRIZM,39.1513651,-77.20739088,2023,7,18
230032260,Property Damage Crash,07/06/2023 05:45:00 PM,NA,NA,OTHER,Clear,NA,Daylight,NO CONTROLS,NONE DETECTED,Yes,No Apparent Injury,N/A,LOOKED BUT DID NOT SEE,MD,PASSENGER CAR,BACKING,10,No,2014,KIA,OPTIMA,39.11534738,-77.19737732,2023,7,17
230032260,Property Damage Crash,07/06/2023 05:45:00 PM,NA,NA,OTHER,Clear,NA,Daylight,NO CONTROLS,NONE DETECTED,No,No Apparent Injury,N/A,NOT DISTRACTED,MD,PASSENGER CAR,SLOWING OR STOPPING,10,No,2017,AUDI,Q5,39.11534738,-77.19737732,2023,7,17
230032236,Injury Crash,07/06/2023 04:06:00 PM,SANDY SPRING RD,NA,SAME DIR REAR END,Cloudy,DRY,Daylight,NO CONTROLS,NONE DETECTED,Yes,No Apparent Injury,N/A,NOT DISTRACTED,MD,PASSENGER CAR,SLOWING OR STOPPING,50,No,2012,HOND,ACCORD,39.10663517,-76.92008717,2023,7,16
230032236,Injury Crash,07/06/2023 04:06:00 PM,SANDY SPRING RD,NA,SAME DIR REAR END,Cloudy,DRY,Daylight,NO CONTROLS,NONE DETECTED,No,No Apparent Injury,N/A,NOT DISTRACTED,MD,PASSENGER CAR,MOVING CONSTANT SPEED,50,No,2018,TOYT,CAMRY,39.10663517,-76.92008717,2023,7,16
230032226,Injury Crash,07/06/2023 03:37:00 PM,SHADY GROVE RD,NA,STRAIGHT MOVEMENT ANGLE,Clear,DRY,Daylight,TRAFFIC SIGNAL,NONE DETECTED,Yes,Possible Minor Injury,N/A,NOT DISTRACTED,DC,PASSENGER CAR,MAKING LEFT TURN,40,No,2021,MAZDA,CX-5,39.10752449,-77.18940714,2023,7,15
230032226,Injury Crash,07/06/2023 03:37:00 PM,SHADY GROVE RD,NA,STRAIGHT MOVEMENT ANGLE,Clear,DRY,Daylight,TRAFFIC SIGNAL,NONE DETECTED,No,Possible Minor Injury,N/A,NOT DISTRACTED,MD,PASSENGER CAR,MOVING CONSTANT SPEED,40,No,2019,BMW,540I,39.10752449,-77.18940714,2023,7,15
230032224,Property Damage Crash,07/06/2023 03:34:00 PM,GEORGIA AVE,NA,SAME DIR REAR END,Clear,DRY,Daylight,TRAFFIC SIGNAL,NONE DETECTED,Yes,No Apparent Injury,N/A,UNKNOWN,NA,UNKNOWN,MOVING CONSTANT SPEED,10,No,0,UNKNOWN,UNKNOWN,39.08752883,-77.0798475,2023,7,15
230032224,Property Damage Crash,07/06/2023 03:34:00 PM,GEORGIA AVE,NA,SAME DIR REAR END,Clear,DRY,Daylight,TRAFFIC SIGNAL,NONE DETECTED,No,No Apparent Injury,N/A,NOT DISTRACTED,WV,PASSENGER CAR,STOPPED IN TRAFFIC LANE,0,No,1938,CHEV,MASTER,39.08752883,-77.0798475,2023,7,15
230032211,Property Damage Crash,07/06/2023 03:02:00 PM,CONNECTICUT AVE,NA,SAME DIR REAR END,Cloudy,DRY,Daylight,NO CONTROLS,NONE DETECTED,No,No Apparent Injury,N/A,NOT DISTRACTED,PA,PASSENGER CAR,STOPPED IN TRAFFIC LANE,35,No,2016,LAND ROVER,RANGE ROVER HSE,38.98124708,-77.07720393,2023,7,15
230032211,Property Damage Crash,07/06/2023 03:02:00 PM,CONNECTICUT AVE,NA,SAME DIR REAR END,Cloudy,DRY,Daylight,NO CONTROLS,NONE DETECTED,Yes,No Apparent Injury,N/A,NOT DISTRACTED,MD,PASSENGER CAR,SLOWING OR STOPPING,35,No,2011,MAZDA,3,38.98124708,-77.07720393,2023,7,15
230032214,Property Damage Crash,07/06/2023 03:00:00 PM,NORBECK RD,NA,SAME DIR REAR END,Clear,DRY,Daylight,TRAFFIC SIGNAL,NONE DETECTED,Yes,No Apparent Injury,N/A,LOOKED BUT DID NOT SEE,MD,PASSENGER CAR,SLOWING OR STOPPING,40,No,2009,FORD,UT,39.11242,-77.06431667,2023,7,15
230032214,Property Damage Crash,07/06/2023 03:00:00 PM,NORBECK RD,NA,SAME DIR REAR END,Clear,DRY,Daylight,TRAFFIC SIGNAL,NONE DETECTED,No,No Apparent Injury,N/A,NOT DISTRACTED,MD,PICKUP TRUCK,SLOWING OR STOPPING,40,No,2001,TOYT,PK,39.11242,-77.06431667,2023,7,15
230032203,Injury Crash,07/06/2023 02:27:00 PM,SHADY GROVE RD,NA,SAME DIRECTION SIDESWIPE,Clear,DRY,Daylight,TRAFFIC SIGNAL,NONE DETECTED,No,No Apparent Injury,N/A,NOT DISTRACTED,MD,PASSENGER CAR,ACCELERATING,35,No,2013,TOYT,4D AVALON,39.10499322,-77.19053611,2023,7,14
230032203,Injury Crash,07/06/2023 02:27:00 PM,SHADY GROVE RD,NA,SAME DIRECTION SIDESWIPE,Clear,DRY,Daylight,TRAFFIC SIGNAL,NONE DETECTED,Yes,Possible Minor Injury,N/A,UNKNOWN,MD,(SPORT) UTILITY VEHICLE,MOVING CONSTANT SPEED,40,No,2019,TOYT,TK RAV4,39.10499322,-77.19053611,2023,7,14
230032203,Injury Crash,07/06/2023 02:27:00 PM,SHADY GROVE RD,NA,SAME DIRECTION SIDESWIPE,Clear,DRY,Daylight,TRAFFIC SIGNAL,NONE DETECTED,No,No Apparent Injury,N/A,NOT DISTRACTED,MD,PASSENGER CAR,ACCELERATING,30,No,2018,LEXS,4S GS350,39.10499322,-77.19053611,2023,7,14
230032202,Injury Crash,07/06/2023 02:15:00 PM,NA,PEDESTRIAN,HEAD ON,Clear,NA,Daylight,NO CONTROLS,NONE DETECTED,Yes,No Apparent Injury,N/A,OTHER DISTRACTION,VA,PASSENGER CAR,ENTERING TRAFFIC LANE,10,No,2014,VOLVO,XC60,38.96197167,-77.08794167,2023,7,14
230032199,Injury Crash,07/06/2023 02:00:00 PM,DARNESTOWN RD,NA,OTHER,Rain,WET,Daylight,NO CONTROLS,NONE DETECTED,No,Possible Minor Injury,"N/A, RAIN, SNOW",NOT DISTRACTED,MD,PASSENGER CAR,MOVING CONSTANT SPEED,10,No,2015,GMC,PK,39.11821925,-77.25109717,2023,7,14
230032199,Injury Crash,07/06/2023 02:00:00 PM,DARNESTOWN RD,NA,OTHER,Rain,WET,Daylight,NO CONTROLS,NONE DETECTED,Yes,No Apparent Injury,"N/A, RAIN, SNOW",UNKNOWN,VA,PASSENGER CAR,BACKING,10,No,2019,TOYOTA,HIGHLANDER,39.11821925,-77.25109717,2023,7,14
230032198,Property Damage Crash,07/06/2023 01:18:00 PM,CAPITAL BELTWAY,NA,SAME DIR REAR END,Clear,DRY,Daylight,NO CONTROLS,NONE DETECTED,Yes,No Apparent Injury,N/A,NOT DISTRACTED,MD,PASSENGER CAR,SLOWING OR STOPPING,55,No,2019,AUDI,A4,39.013001,-77.1490025,2023,7,13
230032198,Property Damage Crash,07/06/2023 01:18:00 PM,CAPITAL BELTWAY,NA,SAME DIR REAR END,Clear,DRY,Daylight,NO CONTROLS,NONE DETECTED,No,No Apparent Injury,N/A,NOT DISTRACTED,VA,PASSENGER CAR,STOPPED IN TRAFFIC LANE,55,No,2014,MERCEDES BENZ,M35,39.013001,-77.1490025,2023,7,13
230032193,Injury Crash,07/06/2023 12:52:00 PM,GEORGIA AVE,NA,SINGLE VEHICLE,Clear,DRY,Daylight,OTHER,NONE DETECTED,Yes,Suspected Serious Injury,N/A,NOT DISTRACTED,MD,PASSENGER CAR,MOVING CONSTANT SPEED,45,No,2021,MITSUBISHI,MIRAGE,39.11758717,-77.07512913,2023,7,12
230032185,Property Damage Crash,07/06/2023 12:30:00 PM,STRATHMORE AVE,NA,OPPOSITE DIRECTION SIDESWIPE,Clear,DRY,Daylight,NO CONTROLS,NONE DETECTED,Yes,No Apparent Injury,N/A,NOT DISTRACTED,MD,PASSENGER CAR,MOVING CONSTANT SPEED,35,No,2020,NISSAN,ROGUE,39.03364167,-77.08967167,2023,7,12
230032185,Property Damage Crash,07/06/2023 12:30:00 PM,STRATHMORE AVE,NA,OPPOSITE DIRECTION SIDESWIPE,Clear,DRY,Daylight,NO CONTROLS,NONE DETECTED,No,No Apparent Injury,N/A,NOT DISTRACTED,MD,PASSENGER CAR,MOVING CONSTANT SPEED,35,No,2013,HYUNDAI,SONATA,39.03364167,-77.08967167,2023,7,12
230032179,Injury Crash,07/06/2023 11:43:00 AM,NA,NA,SINGLE VEHICLE,Clear,NA,Daylight,N/A,NONE DETECTED,Yes,Possible Minor Injury,N/A,NOT DISTRACTED,NJ,PASSENGER CAR,PARKING,0,No,2018,HYUNDAI,ELANTRA,39.22882167,-77.25215167,2023,7,11
230032171,Injury Crash,07/06/2023 10:33:00 AM,LINDBERGH DR,PEDESTRIAN,OTHER,Clear,DRY,Daylight,TRAFFIC SIGNAL,NONE DETECTED,Yes,No Apparent Injury,N/A,LOOKED BUT DID NOT SEE,MD,PASSENGER CAR,MAKING LEFT TURN,35,No,2014,JEEP,UT,39.16419167,-77.15709,2023,7,10
230032160,Property Damage Crash,07/06/2023 09:25:00 AM,GOSHEN RD,NA,SAME DIR REAR END,Clear,DRY,Daylight,NO CONTROLS,NONE DETECTED,No,No Apparent Injury,N/A,NOT DISTRACTED,MD,PASSENGER CAR,SLOWING OR STOPPING,30,No,2016,NISS,BOX VAN,39.16068533,-77.19202617,2023,7,9
230032160,Property Damage Crash,07/06/2023 09:25:00 AM,GOSHEN RD,NA,SAME DIR REAR END,Clear,DRY,Daylight,NO CONTROLS,NONE DETECTED,Yes,No Apparent Injury,N/A,UNKNOWN,XX,PASSENGER CAR,MOVING CONSTANT SPEED,30,No,2004,VOLKSWAGON,4D,39.16068533,-77.19202617,2023,7,9
230032161,Property Damage Crash,07/06/2023 09:17:00 AM,NEW HAMPSHIRE AVE,NA,HEAD ON LEFT TURN,Clear,DRY,Daylight,STOP SIGN,NONE DETECTED,No,No Apparent Injury,N/A,NOT DISTRACTED,MD,PASSENGER CAR,MOVING CONSTANT SPEED,40,No,2014,NISSAN,ALTIMA,39.16811567,-77.01659417,2023,7,9
230032161,Property Damage Crash,07/06/2023 09:17:00 AM,NEW HAMPSHIRE AVE,NA,HEAD ON LEFT TURN,Clear,DRY,Daylight,STOP SIGN,NONE DETECTED,Yes,No Apparent Injury,N/A,LOOKED BUT DID NOT SEE,MD,PASSENGER CAR,MAKING LEFT TURN,40,No,2021,TOYT,SIENNA,39.16811567,-77.01659417,2023,7,9
230032158,Injury Crash,07/06/2023 08:46:00 AM,ROCKVILLE PIKE,NA,SAME DIR BOTH LEFT TURN,Clear,DRY,Daylight,TRAFFIC SIGNAL,NONE DETECTED,Unknown,No Apparent Injury,N/A,NOT DISTRACTED,IL,VAN,MAKING LEFT TURN,35,No,2015,CHRYSLER,TOWN AND COUNTRY,39.02054817,-77.1036985,2023,7,8
230032158,Injury Crash,07/06/2023 08:46:00 AM,ROCKVILLE PIKE,NA,SAME DIR BOTH LEFT TURN,Clear,DRY,Daylight,TRAFFIC SIGNAL,NONE DETECTED,Unknown,Possible Minor Injury,N/A,NOT DISTRACTED,MD,PASSENGER CAR,MAKING LEFT TURN,35,No,2015,TOYOTA,SIENNA,39.02054817,-77.1036985,2023,7,8
230032153,Property Damage Crash,07/06/2023 08:13:00 AM,COLUMBIA PIKE,NA,SINGLE VEHICLE,Clear,DRY,Daylight,NO CONTROLS,NONE DETECTED,Yes,No Apparent Injury,N/A,NOT DISTRACTED,MA,PICKUP TRUCK,NEGOTIATING A CURVE,30,No,2022,RAM,3500,39.083552,-76.94809483,2023,7,8
230031984,Property Damage Crash,07/06/2023 07:54:00 AM,HADLEY FARMS DR,NA,SINGLE VEHICLE,Clear,DRY,Daylight,NO CONTROLS,NONE DETECTED,Unknown,No Apparent Injury,N/A,NO DRIVER PRESENT,NA,PASSENGER CAR,MOVING CONSTANT SPEED,25,Unknown,2011,LINCOLN,MKS,39.18085949,-77.15699585,2023,7,7
230032124,Injury Crash,07/05/2023 11:25:00 PM,CLOPPER RD,NA,SINGLE VEHICLE,Clear,DRY,Dark,NO CONTROLS,ALCOHOL PRESENT,Yes,Possible Minor Injury,N/A,UNKNOWN,MD,PASSENGER CAR,MOVING CONSTANT SPEED,35,No,2013,BMW,328I,39.15402111,-77.24973229,2023,7,23
230032109,Property Damage Crash,07/05/2023 08:51:00 PM,NA,NA,SAME DIRECTION SIDESWIPE,Clear,NA,Medium,NO CONTROLS,NONE DETECTED,Yes,No Apparent Injury,N/A,UNKNOWN,NA,PASSENGER CAR,STARTING FROM PARKED,0,No,2012,VOLK,TIGUAN,39.05683085,-76.96677861,2023,7,20
230032109,Property Damage Crash,07/05/2023 08:51:00 PM,NA,NA,SAME DIRECTION SIDESWIPE,Clear,NA,Medium,NO CONTROLS,NONE DETECTED,No,No Apparent Injury,N/A,NOT DISTRACTED,VA,PASSENGER CAR,PARKED,0,No,2022,TOYOTA,RAV4,39.05683085,-76.96677861,2023,7,20
230032091,Property Damage Crash,07/05/2023 06:54:00 PM,LEWIS AVE,NA,STRAIGHT MOVEMENT ANGLE,Clear,DRY,Daylight,NO CONTROLS,NONE DETECTED,No,No Apparent Injury,N/A,NOT DISTRACTED,MD,PASSENGER CAR,MOVING CONSTANT SPEED,25,No,2015,HONDA,TK,39.07494287,-77.13426628,2023,7,18
230032089,Property Damage Crash,07/05/2023 06:54:00 PM,FREDERICK RD,NA,HEAD ON LEFT TURN,Clear,DRY,Daylight,TRAFFIC SIGNAL,NONE DETECTED,No,No Apparent Injury,N/A,NOT DISTRACTED,MD,PASSENGER CAR,MAKING LEFT TURN,35,No,2012,HONDA,CIVIC,39.181325,-77.2386,2023,7,18
230032089,Property Damage Crash,07/05/2023 06:54:00 PM,FREDERICK RD,NA,HEAD ON LEFT TURN,Clear,DRY,Daylight,TRAFFIC SIGNAL,NONE DETECTED,Yes,No Apparent Injury,N/A,NOT DISTRACTED,MD,(SPORT) UTILITY VEHICLE,MAKING RIGHT TURN,35,No,2018,JEEP,COMPASS,39.181325,-77.2386,2023,7,18
230032091,Property Damage Crash,07/05/2023 06:54:00 PM,LEWIS AVE,NA,STRAIGHT MOVEMENT ANGLE,Clear,DRY,Daylight,NO CONTROLS,NONE DETECTED,Yes,No Apparent Injury,N/A,LOOKED BUT DID NOT SEE,MD,PASSENGER CAR,MAKING LEFT TURN,25,No,2009,TOYT,SD,39.07494287,-77.13426628,2023,7,18
230032090,Property Damage Crash,07/05/2023 06:28:00 PM,WATKINS MILL RD,NA,OTHER,Clear,DRY,Daylight,N/A,NONE DETECTED,Yes,No Apparent Injury,N/A,NOT DISTRACTED,MD,(SPORT) UTILITY VEHICLE,MOVING CONSTANT SPEED,35,No,2019,KIA,UT,39.16878674,-77.20965151,2023,7,18
230031305,Injury Crash,07/05/2023 05:36:00 PM,DARNESTOWN RD,NA,SAME DIRECTION RIGHT TURN,Rain,WET,Daylight,NO CONTROLS,NONE DETECTED,No,No Apparent Injury,"SLEET, HAIL, FREEZ. RAIN, WET",NOT DISTRACTED,MD,PASSENGER CAR,MOVING CONSTANT SPEED,30,No,2020,TOYOTA,CAMRY,39.17581938,-77.40437467,2023,7,17
230031305,Injury Crash,07/05/2023 05:36:00 PM,DARNESTOWN RD,NA,SAME DIRECTION RIGHT TURN,Rain,WET,Daylight,NO CONTROLS,NONE DETECTED,Yes,Possible Minor Injury,"SLEET, HAIL, FREEZ. RAIN, WET",NOT DISTRACTED,MD,(SPORT) UTILITY VEHICLE,MOVING CONSTANT SPEED,30,No,2015,HONDA,CRV,39.17581938,-77.40437467,2023,7,17
23032069,Property Damage Crash,07/05/2023 05:00:00 PM,VEIRS MILL RD,NA,SAME DIR REAR END,Clear,DRY,Daylight,TRAFFIC SIGNAL,NONE DETECTED,No,No Apparent Injury,N/A,NOT DISTRACTED,MD,PASSENGER CAR,MOVING CONSTANT SPEED,30,No,2019,FORD,ESCAPE,39.04412692,-77.06295319,2023,7,17
23032069,Property Damage Crash,07/05/2023 05:00:00 PM,VEIRS MILL RD,NA,SAME DIR REAR END,Clear,DRY,Daylight,TRAFFIC SIGNAL,NONE DETECTED,No,No Apparent Injury,N/A,NOT DISTRACTED,MD,PASSENGER CAR,N/A,30,No,2023,CHEVY,MALIBU,39.04412692,-77.06295319,2023,7,17
23032069,Property Damage Crash,07/05/2023 05:00:00 PM,VEIRS MILL RD,NA,SAME DIR REAR END,Clear,DRY,Daylight,TRAFFIC SIGNAL,NONE DETECTED,No,No Apparent Injury,N/A,NOT DISTRACTED,MD,PASSENGER CAR,MOVING CONSTANT SPEED,30,No,2019,HYUN,UT,39.04412692,-77.06295319,2023,7,17
23032069,Property Damage Crash,07/05/2023 05:00:00 PM,VEIRS MILL RD,NA,SAME DIR REAR END,Clear,DRY,Daylight,TRAFFIC SIGNAL,NONE DETECTED,Yes,No Apparent Injury,N/A,NOT DISTRACTED,MD,PASSENGER CAR,MOVING CONSTANT SPEED,30,No,2013,HONDA,CIVIC,39.04412692,-77.06295319,2023,7,17
230032068,Property Damage Crash,07/05/2023 04:40:00 PM,NA,NA,OTHER,Clear,NA,Daylight,NO CONTROLS,NONE DETECTED,Yes,No Apparent Injury,N/A,UNKNOWN,NA,PICKUP TRUCK,BACKING,10,No,2008,FORD,ECOLINE,38.99157597,-77.01172361,2023,7,16
230032066,Property Damage Crash,07/05/2023 04:25:00 PM,WILSON LA,NA,HEAD ON LEFT TURN,Clear,WET,Daylight,NO CONTROLS,NONE DETECTED,Yes,No Apparent Injury,N/A,LOOKED BUT DID NOT SEE,MD,PASSENGER CAR,MAKING LEFT TURN,30,No,2010,SUBA,FORESTER,38.98125309,-77.14075276,2023,7,16
230032066,Property Damage Crash,07/05/2023 04:25:00 PM,WILSON LA,NA,HEAD ON LEFT TURN,Clear,WET,Daylight,NO CONTROLS,NONE DETECTED,No,No Apparent Injury,N/A,NOT DISTRACTED,MD,PASSENGER CAR,STOPPED IN TRAFFIC LANE,30,No,2008,TOYT,RAV4,38.98125309,-77.14075276,2023,7,16
230032066,Property Damage Crash,07/05/2023 04:25:00 PM,WILSON LA,NA,HEAD ON LEFT TURN,Clear,WET,Daylight,NO CONTROLS,NONE DETECTED,No,No Apparent Injury,N/A,NOT DISTRACTED,MD,PASSENGER CAR,MOVING CONSTANT SPEED,30,No,2016,TOYOTA,PRIUS,38.98125309,-77.14075276,2023,7,16
230032049,Property Damage Crash,07/05/2023 03:08:00 PM,GEORGIA AVE,NA,SAME DIR REAR END,Rain,WET,Daylight,NO CONTROLS,NONE DETECTED,No,No Apparent Injury,"N/A, RAIN, SNOW",NOT DISTRACTED,WV,PASSENGER CAR,SLOWING OR STOPPING,30,No,2023,HONDA,ACCORD,38.99854167,-77.03095333,2023,7,15
230032049,Property Damage Crash,07/05/2023 03:08:00 PM,GEORGIA AVE,NA,SAME DIR REAR END,Rain,WET,Daylight,NO CONTROLS,NONE DETECTED,Yes,No Apparent Injury,"N/A, RAIN, SNOW",LOOKED BUT DID NOT SEE,MD,(SPORT) UTILITY VEHICLE,MOVING CONSTANT SPEED,30,No,2017,HONDA,CRV,38.99854167,-77.03095333,2023,7,15
230032067,Property Damage Crash,07/05/2023 02:30:00 PM,GEORGIA AVE,NA,SAME DIRECTION SIDESWIPE,Clear,DRY,Daylight,NO CONTROLS,NONE DETECTED,No,No Apparent Injury,N/A,NOT DISTRACTED,MD,PASSENGER CAR,MOVING CONSTANT SPEED,30,No,2021,BMW,2 SERIES,38.99117567,-77.0270035,2023,7,14
230032067,Property Damage Crash,07/05/2023 02:30:00 PM,GEORGIA AVE,NA,SAME DIRECTION SIDESWIPE,Clear,DRY,Daylight,NO CONTROLS,NONE DETECTED,Yes,No Apparent Injury,N/A,UNKNOWN,NA,PASSENGER CAR,MAKING RIGHT TURN,30,No,2022,TOYOTA,COROLLA,38.99117567,-77.0270035,2023,7,14
230032041,Property Damage Crash,07/05/2023 02:13:00 PM,E JEFFERSON ST,NA,STRAIGHT MOVEMENT ANGLE,Cloudy,DRY,Daylight,NO CONTROLS,NONE DETECTED,Yes,No Apparent Injury,N/A,NOT DISTRACTED,MD,PASSENGER CAR,MAKING LEFT TURN,30,No,2013,HYUN,TK,39.057244,-77.12618967,2023,7,14
230032041,Property Damage Crash,07/05/2023 02:13:00 PM,E JEFFERSON ST,NA,STRAIGHT MOVEMENT ANGLE,Cloudy,DRY,Daylight,NO CONTROLS,NONE DETECTED,No,No Apparent Injury,N/A,NOT DISTRACTED,MD,PASSENGER CAR,MOVING CONSTANT SPEED,30,No,2023,CADI,UT,39.057244,-77.12618967,2023,7,14
230032036,Injury Crash,07/05/2023 02:08:00 PM,N WASHINGTON ST,NA,STRAIGHT MOVEMENT ANGLE,Clear,DRY,Daylight,TRAFFIC SIGNAL,NONE DETECTED,Yes,No Apparent Injury,N/A,NOT DISTRACTED,XX,PASSENGER CAR,MOVING CONSTANT SPEED,30,No,2016,TOYOTA,COROLLA,39.08417439,-77.15291075,2023,7,14
230032036,Injury Crash,07/05/2023 02:08:00 PM,N WASHINGTON ST,NA,STRAIGHT MOVEMENT ANGLE,Clear,DRY,Daylight,TRAFFIC SIGNAL,NONE DETECTED,No,No Apparent Injury,N/A,NOT DISTRACTED,MD,PASSENGER CAR,STARTING FROM LANE,30,No,2014,BMW,PC,39.08417439,-77.15291075,2023,7,14
230032024,Injury Crash,07/05/2023 01:11:00 PM,ASPEN HILL RD,NA,STRAIGHT MOVEMENT ANGLE,Cloudy,DRY,Daylight,STOP SIGN,NONE DETECTED,Yes,Possible Minor Injury,N/A,LOOKED BUT DID NOT SEE,MD,PASSENGER CAR,MOVING CONSTANT SPEED,30,No,2014,TOYOTA,COROLLA,39.07948833,-77.08418333,2023,7,13
230032024,Injury Crash,07/05/2023 01:11:00 PM,ASPEN HILL RD,NA,STRAIGHT MOVEMENT ANGLE,Cloudy,DRY,Daylight,STOP SIGN,NONE DETECTED,No,Possible Minor Injury,N/A,NOT DISTRACTED,MD,PASSENGER CAR,MOVING CONSTANT SPEED,30,No,2015,HONDA,PILOT,39.07948833,-77.08418333,2023,7,13
230032026,Property Damage Crash,07/05/2023 01:08:00 PM,WATKINS MILL RD,NA,SINGLE VEHICLE,Clear,DRY,Daylight,TRAFFIC SIGNAL,NONE DETECTED,No,No Apparent Injury,N/A,NOT DISTRACTED,MD,PASSENGER CAR,STARTING FROM LANE,35,No,2019,HONDA,ODYSSEY,39.1532075,-77.23085267,2023,7,13