Local Case Number,ACRS Report Type,Crash Date/Time,Road Name,Related Non-Motorist,Collision Type,Weather,Surface Condition,Light,Traffic Control,Driver Substance Abuse,Driver At Fault,Injury Severity,Circumstance,Driver Distracted By,Drivers License State,Vehicle Body Type,Vehicle Movement,Speed Limit,Driverless Vehicle,Vehicle Year,Vehicle Make,Vehicle Model,Latitude,Longitude,Year,Month,Hour
230032011,Property Damage Crash,07/05/2023 11:29:00 AM,CONNECTICUT AVE,NA,SAME DIR REAR END,Clear,DRY,Daylight,TRAFFIC SIGNAL,NONE DETECTED,Yes,No Apparent Injury,N/A,UNKNOWN,NA,PASSENGER CAR,SLOWING OR STOPPING,35,No,2016,FORD,FLEX,39.01558167,-77.079545,2023,7,11
230032011,Property Damage Crash,07/05/2023 11:29:00 AM,CONNECTICUT AVE,NA,SAME DIR REAR END,Clear,DRY,Daylight,TRAFFIC SIGNAL,NONE DETECTED,No,No Apparent Injury,N/A,NOT DISTRACTED,MD,PASSENGER CAR,STOPPED IN TRAFFIC LANE,35,No,2021,VOLVO,XC40,39.01558167,-77.079545,2023,7,11
230032008,Property Damage Crash,07/05/2023 11:24:00 AM,FREDERICK RD,NA,SAME DIRECTION SIDESWIPE,Clear,DRY,Daylight,N/A,NONE DETECTED,No,No Apparent Injury,N/A,NOT DISTRACTED,MD,PASSENGER CAR,MOVING CONSTANT SPEED,45,No,2021,TOYOTA,COROLLA,39.20396433,-77.24601383,2023,7,11
230032008,Property Damage Crash,07/05/2023 11:24:00 AM,FREDERICK RD,NA,SAME DIRECTION SIDESWIPE,Clear,DRY,Daylight,N/A,NONE DETECTED,Yes,No Apparent Injury,N/A,INATTENTIVE OR LOST IN THOUGHT,MD,PASSENGER CAR,CHANGING LANES,45,No,2017,TOYOTA,COROLLA,39.20396433,-77.24601383,2023,7,11
230032001,Injury Crash,07/05/2023 10:39:00 AM,NA,PEDESTRIAN,STRAIGHT MOVEMENT ANGLE,Clear,NA,Daylight,NO CONTROLS,NONE DETECTED,Yes,No Apparent Injury,N/A,LOOKED BUT DID NOT SEE,MD,PASSENGER CAR,MOVING CONSTANT SPEED,15,No,2014,FORD,ESCAPE,39.037575,-76.990425,2023,7,10
230031992,Property Damage Crash,07/05/2023 09:50:00 AM,NA,NA,OTHER,Clear,NA,Daylight,NO CONTROLS,NONE DETECTED,Yes,No Apparent Injury,N/A,NOT DISTRACTED,MD,POLICE VEHICLE/NON EMERGENCY,BACKING,0,No,2019,DODGE,CHARGER,39.06595333,-77.15997333,2023,7,9
230031983,Injury Crash,07/05/2023 08:40:00 AM,LAYHILL RD,PEDESTRIAN,OTHER,Clear,DRY,Daylight,STOP SIGN,NONE DETECTED,Yes,No Apparent Injury,N/A,LOOKED BUT DID NOT SEE,MD,PICKUP TRUCK,SLOWING OR STOPPING,35,No,2019,FORD,PK,39.06552667,-77.04827583,2023,7,8
230031979,Property Damage Crash,07/05/2023 08:39:00 AM,W MONTGOMERY AVE,NA,SINGLE VEHICLE,Clear,DRY,Daylight,NO CONTROLS,NONE DETECTED,Yes,No Apparent Injury,N/A,UNKNOWN,NA,PASSENGER CAR,NEGOTIATING A CURVE,30,No,2004,HYUNDAI,ELANTRA,39.08662337,-77.17555828,2023,7,8
230031977,Property Damage Crash,07/05/2023 08:29:00 AM,GEORGIA AVE,NA,STRAIGHT MOVEMENT ANGLE,Clear,DRY,Daylight,TRAFFIC SIGNAL,NONE DETECTED,Unknown,No Apparent Injury,N/A,LOOKED BUT DID NOT SEE,MD,PASSENGER CAR,MOVING CONSTANT SPEED,35,No,2023,TOYOTA,CAMRY,39.00618247,-77.03891646,2023,7,8
230031977,Property Damage Crash,07/05/2023 08:29:00 AM,GEORGIA AVE,NA,STRAIGHT MOVEMENT ANGLE,Clear,DRY,Daylight,TRAFFIC SIGNAL,NONE DETECTED,Unknown,No Apparent Injury,N/A,LOOKED BUT DID NOT SEE,MD,PASSENGER CAR,STARTING FROM LANE,35,No,2017,NISSAN,ALTIMA,39.00618247,-77.03891646,2023,7,8
230031957,Injury Crash,07/05/2023 12:21:00 AM,WATKINS MILL RD,NA,SAME DIR REAR END,Clear,DRY,Medium,TRAFFIC SIGNAL,NONE DETECTED,No,No Apparent Injury,N/A,NOT DISTRACTED,MD,PASSENGER CAR,STOPPED IN TRAFFIC LANE,30,No,2008,HOND,UT,39.15959595,-77.21888955,2023,7,0
230031957,Injury Crash,07/05/2023 12:21:00 AM,WATKINS MILL RD,NA,SAME DIR REAR END,Clear,DRY,Medium,TRAFFIC SIGNAL,NONE DETECTED,Yes,No Apparent Injury,N/A,OTHER DISTRACTION,MD,PASSENGER CAR,SLOWING OR STOPPING,30,No,2013,CHEVY,CRUZE,39.15959595,-77.21888955,2023,7,0
230031944,Property Damage Crash,07/04/2023 10:00:00 PM,N STONESTREET AVE,NA,OTHER,Clear,DRY,Dark,NO CONTROLS,NONE DETECTED,Yes,No Apparent Injury,N/A,LOOKED BUT DID NOT SEE,XX,PASSENGER CAR,MOVING CONSTANT SPEED,30,No,1999,TOYT,SD,39.09391817,-77.15057217,2023,7,22
230031943,Property Damage Crash,07/04/2023 09:35:00 PM,NA,NA,SAME DIR REAR END,Clear,NA,Medium,NO CONTROLS,NONE DETECTED,Yes,No Apparent Injury,N/A,OTHER DISTRACTION,NA,(SPORT) UTILITY VEHICLE,MOVING CONSTANT SPEED,15,No,2015,HONDA,PILOT,39.1132338,-77.17161666,2023,7,21
230031938,Property Damage Crash,07/04/2023 08:24:00 PM,COLESVILLE RD,NA,OTHER,Clear,DRY,Daylight,TRAFFIC SIGNAL,NONE DETECTED,No,No Apparent Injury,N/A,NOT DISTRACTED,MD,PASSENGER CAR,STOPPED IN TRAFFIC LANE,30,No,2014,SUBARU,SW,38.99380946,-77.0321385,2023,7,20
230031938,Property Damage Crash,07/04/2023 08:24:00 PM,COLESVILLE RD,NA,OTHER,Clear,DRY,Daylight,TRAFFIC SIGNAL,NONE DETECTED,Yes,No Apparent Injury,N/A,UNKNOWN,NA,PASSENGER CAR,BACKING,30,No,0,FORD,EXPEDITION,38.99380946,-77.0321385,2023,7,20
230031932,Injury Crash,07/04/2023 07:19:00 PM,GERMANTOWN RD,NA,SAME DIR REAR END,Clear,DRY,Daylight,TRAFFIC SIGNAL,NONE DETECTED,No,Possible Minor Injury,N/A,NOT DISTRACTED,MD,PASSENGER CAR,SLOWING OR STOPPING,40,No,2016,HOND,UT,39.17903333,-77.26729717,2023,7,19
230031932,Injury Crash,07/04/2023 07:19:00 PM,GERMANTOWN RD,NA,SAME DIR REAR END,Clear,DRY,Daylight,TRAFFIC SIGNAL,NONE DETECTED,Yes,No Apparent Injury,N/A,LOOKED BUT DID NOT SEE,MD,PASSENGER CAR,SLOWING OR STOPPING,40,No,2007,TOYOTA,PRIUS,39.17903333,-77.26729717,2023,7,19
230031934,Property Damage Crash,07/04/2023 07:16:00 PM,JERUSALEM RD,NA,SINGLE VEHICLE,Clear,DRY,Daylight,N/A,NONE DETECTED,Yes,No Apparent Injury,N/A,UNKNOWN,MD,(SPORT) UTILITY VEHICLE,MOVING CONSTANT SPEED,30,No,2019,JEEP,CHEROKEE,39.15785433,-77.4078515,2023,7,19
230032014,Property Damage Crash,07/04/2023 04:40:00 PM,PARTNERSHIP RD,NA,OPPOSITE DIRECTION SIDESWIPE,Clear,DRY,Daylight,NO CONTROLS,NONE DETECTED,No,No Apparent Injury,N/A,NOT DISTRACTED,MD,PASSENGER CAR,MOVING CONSTANT SPEED,35,No,2015,LEXUS,RCF,39.1272285,-77.38341743,2023,7,16
230032014,Property Damage Crash,07/04/2023 04:40:00 PM,PARTNERSHIP RD,NA,OPPOSITE DIRECTION SIDESWIPE,Clear,DRY,Daylight,NO CONTROLS,NONE DETECTED,Yes,No Apparent Injury,N/A,UNKNOWN,SC,PICKUP TRUCK,MOVING CONSTANT SPEED,35,No,2011,TOYOTA,TUNDRA,39.1272285,-77.38341743,2023,7,16
230031927,Injury Crash,07/04/2023 04:00:00 PM,TWINBROOK PKWY,BICYCLIST,ANGLE MEETS RIGHT TURN,Clear,DRY,Daylight,TRAFFIC SIGNAL,NONE DETECTED,Yes,No Apparent Injury,N/A,UNKNOWN,MD,PASSENGER CAR,MAKING RIGHT TURN,35,No,2004,MERCEDES BENZ,ML350,39.05881239,-77.11896131,2023,7,16
230033406,Injury Crash,07/04/2023 03:55:00 PM,NA,NA,SAME DIR REAR END,Clear,NA,Daylight,N/A,NONE DETECTED,No,No Apparent Injury,N/A,NOT DISTRACTED,MD,PASSENGER CAR,STOPPED IN TRAFFIC LANE,0,No,2022,KIA,FORTE,39.05951098,-77.05020197,2023,7,15
230033406,Injury Crash,07/04/2023 03:55:00 PM,NA,NA,SAME DIR REAR END,Clear,NA,Daylight,N/A,NONE DETECTED,Yes,No Apparent Injury,N/A,UNKNOWN,XX,PASSENGER CAR,MOVING CONSTANT SPEED,0,No,2018,HYUNDAI,ELANTRA,39.05951098,-77.05020197,2023,7,15
230031903,Injury Crash,07/04/2023 02:52:00 PM,GEORGIA AVE,NA,STRAIGHT MOVEMENT ANGLE,Clear,DRY,Daylight,TRAFFIC SIGNAL,NONE DETECTED,No,Possible Minor Injury,N/A,NOT DISTRACTED,MD,PASSENGER CAR,MAKING LEFT TURN,35,No,2019,SUBARU,CROSSTREK,39.13716233,-77.069076,2023,7,14
230031903,Injury Crash,07/04/2023 02:52:00 PM,GEORGIA AVE,NA,STRAIGHT MOVEMENT ANGLE,Clear,DRY,Daylight,TRAFFIC SIGNAL,NONE DETECTED,Yes,No Apparent Injury,N/A,OTHER CELLULAR PHONE RELATED,MD,PASSENGER CAR,MOVING CONSTANT SPEED,40,No,2002,CHEVY,TAHOE,39.13716233,-77.069076,2023,7,14
230031899,Property Damage Crash,07/04/2023 02:00:00 PM,UNIVERSITY BLVD E,NA,SAME DIRECTION SIDESWIPE,Clear,DRY,Daylight,NO CONTROLS,NONE DETECTED,Yes,No Apparent Injury,N/A,LOOKED BUT DID NOT SEE,MD,PASSENGER CAR,CHANGING LANES,35,No,2015,TOYOTA,PATHFINDER,39.00458333,-76.99607333,2023,7,14
230031899,Property Damage Crash,07/04/2023 02:00:00 PM,UNIVERSITY BLVD E,NA,SAME DIRECTION SIDESWIPE,Clear,DRY,Daylight,NO CONTROLS,NONE DETECTED,No,No Apparent Injury,N/A,NOT DISTRACTED,MD,OTHER,MOVING CONSTANT SPEED,35,No,2016,HONDA,CIVIC,39.00458333,-76.99607333,2023,7,14
230031895,Property Damage Crash,07/04/2023 01:00:00 PM,NA,NA,OPPOSITE DIRECTION SIDESWIPE,Clear,NA,Daylight,N/A,NONE DETECTED,Yes,No Apparent Injury,N/A,UNKNOWN,NA,PASSENGER CAR,STARTING FROM PARKED,5,No,2013,NISSAN,PATHFINDER,39.02502917,-77.06972233,2023,7,13
230031880,Property Damage Crash,07/04/2023 11:00:00 AM,CARROLL AVE,NA,SAME DIRECTION SIDESWIPE,Clear,DRY,Daylight,TRAFFIC SIGNAL,NONE DETECTED,Yes,No Apparent Injury,N/A,UNKNOWN,MD,PASSENGER CAR,PASSING,35,No,2022,HONDA,CIVIC,38.97778058,-77.00737364,2023,7,11
230031880,Property Damage Crash,07/04/2023 11:00:00 AM,CARROLL AVE,NA,SAME DIRECTION SIDESWIPE,Clear,DRY,Daylight,TRAFFIC SIGNAL,NONE DETECTED,No,No Apparent Injury,N/A,NOT DISTRACTED,MD,FIRE VEHICLE/EMERGENCY,CHANGING LANES,35,No,2014,UNK,UNK,38.97778058,-77.00737364,2023,7,11
230031865,Injury Crash,07/04/2023 09:17:00 AM,GEORGIA AVE,NA,SAME DIR REAR END,Clear,DRY,Daylight,TRAFFIC SIGNAL,NONE DETECTED,Yes,No Apparent Injury,N/A,LOOKED BUT DID NOT SEE,MD,PASSENGER CAR,SLOWING OR STOPPING,35,No,2017,FORD,UT,39.06844467,-77.06136783,2023,7,9
230031865,Injury Crash,07/04/2023 09:17:00 AM,GEORGIA AVE,NA,SAME DIR REAR END,Clear,DRY,Daylight,TRAFFIC SIGNAL,NONE DETECTED,No,Possible Minor Injury,N/A,NOT DISTRACTED,MD,PASSENGER CAR,STOPPED IN TRAFFIC LANE,35,No,2020,TOYT,SD,39.06844467,-77.06136783,2023,7,9
230031861,Property Damage Crash,07/04/2023 08:50:00 AM,SNOUFFERS SCHOOL RD,NA,SAME DIR REAR END,Clear,DRY,Daylight,TRAFFIC SIGNAL,NONE DETECTED,No,No Apparent Injury,N/A,NOT DISTRACTED,MD,(SPORT) UTILITY VEHICLE,ACCELERATING,35,No,2023,HYUN,UT,39.176478,-77.17893833,2023,7,8
230031861,Property Damage Crash,07/04/2023 08:50:00 AM,SNOUFFERS SCHOOL RD,NA,SAME DIR REAR END,Clear,DRY,Daylight,TRAFFIC SIGNAL,NONE DETECTED,Yes,No Apparent Injury,N/A,UNKNOWN,MD,VAN,MOVING CONSTANT SPEED,35,No,2020,FORD,VN,39.176478,-77.17893833,2023,7,8
230031845,Property Damage Crash,07/04/2023 03:56:00 AM,MONTGOMERY VILLAGE AVE,NA,OPPOSITE DIRECTION SIDESWIPE,Clear,DRY,Dark,FLASHING TRAFFIC SIGNAL,NONE DETECTED,No,No Apparent Injury,N/A,NOT DISTRACTED,MD,PASSENGER CAR,MOVING CONSTANT SPEED,35,No,2020,TOYOTA,CAMRY,39.157704,-77.205732,2023,7,3
230031845,Property Damage Crash,07/04/2023 03:56:00 AM,MONTGOMERY VILLAGE AVE,NA,OPPOSITE DIRECTION SIDESWIPE,Clear,DRY,Dark,FLASHING TRAFFIC SIGNAL,NONE DETECTED,Yes,No Apparent Injury,N/A,UNKNOWN,NA,UNKNOWN,MOVING CONSTANT SPEED,35,No,0,UNKNOWN,UNKNOWN,39.157704,-77.205732,2023,7,3
230031828,Injury Crash,07/04/2023 12:57:00 AM,COLUMBIA PIKE,NA,SINGLE VEHICLE,Rain,WET,Medium,NO CONTROLS,NONE DETECTED,Yes,Possible Minor Injury,"RAIN, SNOW, WET",NOT DISTRACTED,MD,PASSENGER CAR,NEGOTIATING A CURVE,55,No,2009,HYUN,ELANTRA,39.08510967,-76.9473735,2023,7,0
230031829,Property Damage Crash,07/04/2023 12:57:00 AM,MONTROSE RD,NA,SINGLE VEHICLE,Rain,WET,Medium,NO CONTROLS,NONE DETECTED,Yes,No Apparent Injury,"RAIN, SNOW, WET",NOT DISTRACTED,MD,(SPORT) UTILITY VEHICLE,SKIDDING,40,No,2003,TOYOTA,RAV4,39.05614333,-77.15292,2023,7,0
230031824,Property Damage Crash,07/03/2023 11:35:00 PM,GERMANTOWN RD,NA,SINGLE VEHICLE,Rain,WET,Medium,TRAFFIC SIGNAL,ALCOHOL PRESENT,Yes,No Apparent Injury,"N/A, WET",UNKNOWN,MD,PASSENGER CAR,MOVING CONSTANT SPEED,40,No,2007,LINCOLN,NAVIGATOR,39.15473633,-77.28679233,2023,7,23
230031820,Property Damage Crash,07/03/2023 11:10:00 PM,OLNEY SANDY SPRING RD,NA,SINGLE VEHICLE,Rain,WET,Medium,N/A,NONE DETECTED,Yes,No Apparent Injury,"RAIN, SNOW, WET",NOT DISTRACTED,MD,(SPORT) UTILITY VEHICLE,MOVING CONSTANT SPEED,30,No,2004,HONDA,PILOT EX,39.15229467,-77.06525003,2023,7,23
230031821,Property Damage Crash,07/03/2023 10:50:00 PM,CONNECTICUT AVE,NA,SAME DIRECTION SIDESWIPE,Rain,WET,Medium,NO CONTROLS,NONE DETECTED,Yes,No Apparent Injury,"RAIN, SNOW, WET",UNKNOWN,NJ,SNOWMOBILE,CHANGING LANES,35,No,2022,SUBARU,ASC,38.99619333,-77.07698333,2023,7,22
230031821,Property Damage Crash,07/03/2023 10:50:00 PM,CONNECTICUT AVE,NA,SAME DIRECTION SIDESWIPE,Rain,WET,Medium,NO CONTROLS,NONE DETECTED,No,No Apparent Injury,"RAIN, SNOW, WET",UNKNOWN,MD,VAN,MOVING CONSTANT SPEED,35,No,2015,NISSAN,TK,38.99619333,-77.07698333,2023,7,22
230031816,Property Damage Crash,07/03/2023 10:02:00 PM,GEORGIA AVE,NA,SAME DIRECTION SIDESWIPE,Clear,DRY,Dark,NO CONTROLS,NONE DETECTED,No,No Apparent Injury,N/A,NOT DISTRACTED,MD,PASSENGER CAR,MOVING CONSTANT SPEED,30,No,2006,TOYOTA,COROLLA,39.0254062,-77.0462776,2023,7,22
230031832,Property Damage Crash,07/03/2023 10:02:00 PM,GEORGIA AVE,NA,SAME DIR REAR END,Clear,DRY,Dark,TRAFFIC SIGNAL,ALCOHOL PRESENT,Yes,No Apparent Injury,N/A,NOT DISTRACTED,MD,PASSENGER CAR,MOVING CONSTANT SPEED,30,No,2008,MINI COOPER,2S,39.041415,-77.05164036,2023,7,22
230031816,Property Damage Crash,07/03/2023 10:02:00 PM,GEORGIA AVE,NA,SAME DIRECTION SIDESWIPE,Clear,DRY,Dark,NO CONTROLS,ALCOHOL PRESENT,Yes,No Apparent Injury,N/A,UNKNOWN,MD,PASSENGER CAR,MOVING CONSTANT SPEED,30,No,2008,MINI COOPER,2S,39.0254062,-77.0462776,2023,7,22
230031832,Property Damage Crash,07/03/2023 10:02:00 PM,GEORGIA AVE,NA,SAME DIR REAR END,Clear,DRY,Dark,TRAFFIC SIGNAL,NONE DETECTED,No,No Apparent Injury,N/A,NOT DISTRACTED,MD,PASSENGER CAR,MOVING CONSTANT SPEED,30,No,2021,TOYOTA,CAMRY,39.041415,-77.05164036,2023,7,22
230031786,Property Damage Crash,07/03/2023 07:33:00 PM,COLESVILLE RD,NA,SAME DIRECTION SIDESWIPE,Clear,DRY,Daylight,NO CONTROLS,NONE DETECTED,No,No Apparent Injury,N/A,NOT DISTRACTED,MD,"MEDIUM/HEAVY TRUCKS 3 AXLES (OVER 10,000LBS (4,536KG))",MOVING CONSTANT SPEED,30,No,2019,FRHT,TR,39.00251667,-77.02467167,2023,7,19
230031786,Property Damage Crash,07/03/2023 07:33:00 PM,COLESVILLE RD,NA,SAME DIRECTION SIDESWIPE,Clear,DRY,Daylight,NO CONTROLS,NONE DETECTED,Yes,No Apparent Injury,N/A,NOT DISTRACTED,MD,TRANSIT BUS,MOVING CONSTANT SPEED,30,No,2022,GILG,BU,39.00251667,-77.02467167,2023,7,19
230031785,Property Damage Crash,07/03/2023 07:00:00 PM,NA,NA,OTHER,Clear,NA,Daylight,NO CONTROLS,NONE DETECTED,Yes,No Apparent Injury,N/A,LOOKED BUT DID NOT SEE,MD,"MEDIUM/HEAVY TRUCKS 3 AXLES (OVER 10,000LBS (4,536KG))",MOVING CONSTANT SPEED,5,No,2015,FREIGHTLINER,TRUCK TRACTOR,39.12437272,-77.23944733,2023,7,19
230031762,Injury Crash,07/03/2023 05:20:00 PM,FREDERICK RD,NA,OTHER,Clear,DRY,Daylight,TRAFFIC SIGNAL,NONE DETECTED,No,Possible Minor Injury,N/A,NOT DISTRACTED,MD,MOTORCYCLE,MAKING RIGHT TURN,40,No,2018,HARLEY DAVIDSON,MC 1200,39.10640217,-77.1583905,2023,7,17
230031762,Injury Crash,07/03/2023 05:20:00 PM,FREDERICK RD,NA,OTHER,Clear,DRY,Daylight,TRAFFIC SIGNAL,NONE DETECTED,Yes,No Apparent Injury,N/A,LOOKED BUT DID NOT SEE,MD,PASSENGER CAR,MAKING U TURN,40,No,2015,TOYOTA SCION,TC,39.10640217,-77.1583905,2023,7,17
230031763,Property Damage Crash,07/03/2023 04:59:00 PM,NA,NA,OTHER,Clear,NA,Daylight,N/A,NONE DETECTED,Yes,No Apparent Injury,N/A,UNKNOWN,NA,NA,ACCELERATING,5,No,0,UNKNOWN,UNKNOWN,38.98518654,-77.0077116,2023,7,16
230031751,Property Damage Crash,07/03/2023 04:35:00 PM,WATKINS MILL RD,NA,OTHER,Clear,DRY,Daylight,STOP SIGN,NONE DETECTED,Yes,No Apparent Injury,N/A,UNKNOWN,MD,PICKUP TRUCK,MOVING CONSTANT SPEED,25,No,2016,NISS,TK,39.16212518,-77.21443318,2023,7,16
230031751,Property Damage Crash,07/03/2023 04:35:00 PM,WATKINS MILL RD,NA,OTHER,Clear,DRY,Daylight,STOP SIGN,NONE DETECTED,No,No Apparent Injury,N/A,NOT DISTRACTED,MD,(SPORT) UTILITY VEHICLE,MAKING LEFT TURN,25,No,2021,CHEVY,EQUINOX,39.16212518,-77.21443318,2023,7,16
230031736,Property Damage Crash,07/03/2023 03:31:00 PM,RIDGE RD,NA,SAME DIR REAR END,Clear,DRY,Daylight,TRAFFIC SIGNAL,NONE DETECTED,No,No Apparent Injury,N/A,NOT DISTRACTED,MD,(SPORT) UTILITY VEHICLE,STOPPED IN TRAFFIC LANE,40,No,2012,FORD,EXPLORER,39.26185549,-77.22176757,2023,7,15
230031736,Property Damage Crash,07/03/2023 03:31:00 PM,RIDGE RD,NA,SAME DIR REAR END,Clear,DRY,Daylight,TRAFFIC SIGNAL,NONE DETECTED,Yes,No Apparent Injury,N/A,UNKNOWN,NA,PASSENGER CAR,MOVING CONSTANT SPEED,40,No,2017,HYUNDAI,ELANTRA,39.26185549,-77.22176757,2023,7,15
230031736,Property Damage Crash,07/03/2023 03:31:00 PM,RIDGE RD,NA,SAME DIR REAR END,Clear,DRY,Daylight,TRAFFIC SIGNAL,NONE DETECTED,No,No Apparent Injury,N/A,NOT DISTRACTED,WA,(SPORT) UTILITY VEHICLE,STOPPED IN TRAFFIC LANE,40,No,2018,CHEVY,TRAVERSE,39.26185549,-77.22176757,2023,7,15
230032043,Property Damage Crash,07/03/2023 03:15:00 PM,ROCKVILLE PIKE,NA,SAME DIR REAR END,Cloudy,DRY,Daylight,TRAFFIC SIGNAL,NONE DETECTED,No,No Apparent Injury,N/A,NOT DISTRACTED,MD,PASSENGER CAR,STOPPED IN TRAFFIC LANE,0,No,2013,HOND,CIVIC,38.9908075,-77.09806733,2023,7,15
230032043,Property Damage Crash,07/03/2023 03:15:00 PM,ROCKVILLE PIKE,NA,SAME DIR REAR END,Cloudy,DRY,Daylight,TRAFFIC SIGNAL,NONE DETECTED,Yes,No Apparent Injury,N/A,UNKNOWN,NA,PASSENGER CAR,MOVING CONSTANT SPEED,30,No,2015,FORD,ESCAPE,38.9908075,-77.09806733,2023,7,15
230031734,Property Damage Crash,07/03/2023 03:12:00 PM,NEW HAMPSHIRE AVE,NA,OTHER,Clear,DRY,Daylight,TRAFFIC SIGNAL,NONE DETECTED,No,No Apparent Injury,N/A,NOT DISTRACTED,MD,(SPORT) UTILITY VEHICLE,SLOWING OR STOPPING,35,No,2020,VOLK,UT,39.03929033,-76.9901675,2023,7,15
230031734,Property Damage Crash,07/03/2023 03:12:00 PM,NEW HAMPSHIRE AVE,NA,OTHER,Clear,DRY,Daylight,TRAFFIC SIGNAL,NONE DETECTED,No,No Apparent Injury,N/A,NOT DISTRACTED,MD,(SPORT) UTILITY VEHICLE,SLOWING OR STOPPING,35,No,2019,HOND,TK,39.03929033,-76.9901675,2023,7,15
230031734,Property Damage Crash,07/03/2023 03:12:00 PM,NEW HAMPSHIRE AVE,NA,OTHER,Clear,DRY,Daylight,TRAFFIC SIGNAL,NONE DETECTED,No,No Apparent Injury,N/A,NOT DISTRACTED,MD,PASSENGER CAR,SLOWING OR STOPPING,35,No,2013,BMW,4S,39.03929033,-76.9901675,2023,7,15
230031734,Property Damage Crash,07/03/2023 03:12:00 PM,NEW HAMPSHIRE AVE,NA,OTHER,Clear,DRY,Daylight,TRAFFIC SIGNAL,NONE DETECTED,Yes,No Apparent Injury,N/A,NOT DISTRACTED,MD,PASSENGER CAR,MOVING CONSTANT SPEED,35,No,2000,TOYT,SD,39.03929033,-76.9901675,2023,7,15
230031731,Property Damage Crash,07/03/2023 03:10:00 PM,LINCOLN AVE,NA,SAME DIR REAR END,Clear,DRY,Daylight,NO CONTROLS,NONE DETECTED,Yes,No Apparent Injury,N/A,OTHER DISTRACTION,MD,PASSENGER CAR,MOVING CONSTANT SPEED,25,No,2015,HYUNDAI,ELANTRA,38.978187,-76.99784,2023,7,15
230031721,Property Damage Crash,07/03/2023 02:18:00 PM,LITTLE SENECA PKWY,NA,SAME DIR BOTH LEFT TURN,Clear,DRY,Daylight,NO CONTROLS,NONE DETECTED,No,No Apparent Injury,N/A,UNKNOWN,MD,PICKUP TRUCK,MOVING CONSTANT SPEED,35,No,1995,TOYT,TK,39.23014833,-77.25298333,2023,7,14
230031721,Property Damage Crash,07/03/2023 02:18:00 PM,LITTLE SENECA PKWY,NA,SAME DIR BOTH LEFT TURN,Clear,DRY,Daylight,NO CONTROLS,NONE DETECTED,No,No Apparent Injury,N/A,NOT DISTRACTED,MD,TRANSIT BUS,MOVING CONSTANT SPEED,35,No,2013,GILL,BU,39.23014833,-77.25298333,2023,7,14
230031708,Property Damage Crash,07/03/2023 01:30:00 PM,BRIGGS CHANEY RD,NA,SAME DIR REND LEFT TURN,Clear,DRY,Daylight,NO CONTROLS,NONE DETECTED,No,No Apparent Injury,N/A,NOT DISTRACTED,MD,PASSENGER CAR,MAKING LEFT TURN,35,No,2010,FORD,FUSION,39.09975833,-76.97495667,2023,7,13
230031708,Property Damage Crash,07/03/2023 01:30:00 PM,BRIGGS CHANEY RD,NA,SAME DIR REND LEFT TURN,Clear,DRY,Daylight,NO CONTROLS,NONE DETECTED,Yes,No Apparent Injury,N/A,NOT DISTRACTED,MD,PASSENGER CAR,MOVING CONSTANT SPEED,35,No,2019,NISS,TK,39.09975833,-76.97495667,2023,7,13
230031705,Property Damage Crash,07/03/2023 01:14:00 PM,MIDDLEBROOK RD,NA,SAME DIR REAR END,Clear,DRY,Daylight,NO CONTROLS,NONE DETECTED,No,No Apparent Injury,N/A,NOT DISTRACTED,VA,(SPORT) UTILITY VEHICLE,STOPPED IN TRAFFIC LANE,30,No,2022,CADI,ESCALADE,39.17498674,-77.26073541,2023,7,13
230031705,Property Damage Crash,07/03/2023 01:14:00 PM,MIDDLEBROOK RD,NA,SAME DIR REAR END,Clear,DRY,Daylight,NO CONTROLS,NONE DETECTED,Yes,No Apparent Injury,N/A,UNKNOWN,NA,PASSENGER CAR,MOVING CONSTANT SPEED,30,No,2016,HYUN,2H,39.17498674,-77.26073541,2023,7,13
230031703,Property Damage Crash,07/03/2023 01:00:00 PM,BRIGGS CHANEY RD,NA,SAME DIRECTION SIDESWIPE,Clear,DRY,Daylight,TRAFFIC SIGNAL,NONE DETECTED,Unknown,No Apparent Injury,N/A,UNKNOWN,MD,PASSENGER CAR,MAKING LEFT TURN,30,No,2021,BMW,X4,39.08114513,-76.94628131,2023,7,13
230031703,Property Damage Crash,07/03/2023 01:00:00 PM,BRIGGS CHANEY RD,NA,SAME DIRECTION SIDESWIPE,Clear,DRY,Daylight,TRAFFIC SIGNAL,NONE DETECTED,Unknown,No Apparent Injury,N/A,UNKNOWN,MD,PASSENGER CAR,MAKING LEFT TURN,30,No,2005,SAAB,4D,39.08114513,-76.94628131,2023,7,13
230031687,Injury Crash,07/03/2023 11:16:00 AM,RIDGE RD,NA,STRAIGHT MOVEMENT ANGLE,Clear,DRY,Daylight,STOP SIGN,NONE DETECTED,Yes,No Apparent Injury,N/A,NOT DISTRACTED,MD,PASSENGER CAR,MAKING LEFT TURN,40,No,1999,TOYT,CAMRY 4S,39.24067967,-77.23493816,2023,7,11
230031687,Injury Crash,07/03/2023 11:16:00 AM,RIDGE RD,NA,STRAIGHT MOVEMENT ANGLE,Clear,DRY,Daylight,STOP SIGN,NONE DETECTED,No,Possible Minor Injury,N/A,NOT DISTRACTED,MD,PASSENGER CAR,MOVING CONSTANT SPEED,40,No,2015,KIA,OPTIMA 4S,39.24067967,-77.23493816,2023,7,11
230031679,Injury Crash,07/03/2023 10:48:00 AM,GUNNERS BRANCH RD,PEDESTRIAN,OTHER,Clear,DRY,Daylight,TRAFFIC SIGNAL,NONE DETECTED,Yes,No Apparent Injury,N/A,NOT DISTRACTED,MD,PASSENGER CAR,MAKING LEFT TURN,35,No,2018,TOYT,TK,39.18110333,-77.23837333,2023,7,10
230031671,Property Damage Crash,07/03/2023 09:54:00 AM,GEORGIA AVE,NA,N/A,Clear,DRY,Daylight,N/A,NONE DETECTED,No,No Apparent Injury,N/A,NOT DISTRACTED,MD,(SPORT) UTILITY VEHICLE,MOVING CONSTANT SPEED,20,No,2016,JEEP,COMPASS,39.02701833,-77.04656667,2023,7,9
230031671,Property Damage Crash,07/03/2023 09:54:00 AM,GEORGIA AVE,NA,N/A,Clear,DRY,Daylight,N/A,NONE DETECTED,Yes,No Apparent Injury,N/A,LOOKED BUT DID NOT SEE,NA,UNKNOWN,MOVING CONSTANT SPEED,20,No,0,UNKNOWN,UNKNOWN,39.02701833,-77.04656667,2023,7,9
230031665,Injury Crash,07/03/2023 09:34:00 AM,TWINBROOK PKWY,NA,HEAD ON LEFT TURN,Clear,N/A,Daylight,TRAFFIC SIGNAL,NONE DETECTED,Unknown,Possible Minor Injury,N/A,UNKNOWN,MD,PASSENGER CAR,MOVING CONSTANT SPEED,30,No,2006,ACUR,SD,39.05873701,-77.11903442,2023,7,9
230031665,Injury Crash,07/03/2023 09:34:00 AM,TWINBROOK PKWY,NA,HEAD ON LEFT TURN,Clear,N/A,Daylight,TRAFFIC SIGNAL,NONE DETECTED,Unknown,No Apparent Injury,N/A,UNKNOWN,MD,PASSENGER CAR,MAKING LEFT TURN,30,No,2021,AUDI,HB,39.05873701,-77.11903442,2023,7,9
23031662,Injury Crash,07/03/2023 08:57:00 AM,CONNECTICUT AVE,NA,HEAD ON LEFT TURN,Clear,DRY,Daylight,FLASHING TRAFFIC SIGNAL,NONE DETECTED,No,Possible Minor Injury,N/A,NOT DISTRACTED,MD,PASSENGER CAR,MOVING CONSTANT SPEED,35,No,2008,TOYT,COROLLA,39.02298167,-77.07624667,2023,7,8