Local Case Number,ACRS Report Type,Crash Date/Time,Road Name,Related Non-Motorist,Collision Type,Weather,Surface Condition,Light,Traffic Control,Driver Substance Abuse,Driver At Fault,Injury Severity,Circumstance,Driver Distracted By,Drivers License State,Vehicle Body Type,Vehicle Movement,Speed Limit,Driverless Vehicle,Vehicle Year,Vehicle Make,Vehicle Model,Latitude,Longitude,Year,Month,Hour
23031662,Injury Crash,07/03/2023 08:57:00 AM,CONNECTICUT AVE,NA,HEAD ON LEFT TURN,Clear,DRY,Daylight,FLASHING TRAFFIC SIGNAL,NONE DETECTED,Yes,No Apparent Injury,N/A,LOOKED BUT DID NOT SEE,MD,PASSENGER CAR,MAKING LEFT TURN,35,No,2017,SUBARU,OUTBACK,39.02298167,-77.07624667,2023,7,8
230031659,Injury Crash,07/03/2023 08:16:00 AM,MATENY RD,NA,SAME DIR REAR END,Cloudy,DRY,Daylight,NO CONTROLS,NONE DETECTED,Yes,Possible Minor Injury,N/A,UNKNOWN,MD,PASSENGER CAR,MOVING CONSTANT SPEED,30,No,2013,HOND,TK,39.16076417,-77.26823783,2023,7,8
230032974,Property Damage Crash,07/03/2023 06:30:00 AM,NA,NA,STRAIGHT MOVEMENT ANGLE,Clear,NA,Medium,N/A,NONE DETECTED,Yes,No Apparent Injury,N/A,UNKNOWN,NA,PASSENGER CAR,UNKNOWN,5,No,2011,HONDA,CIVIC,39.06569344,-77.12421484,2023,7,6
230031646,Property Damage Crash,07/03/2023 06:02:00 AM,NA,NA,OTHER,Clear,NA,Daylight,NO CONTROLS,NONE DETECTED,Yes,No Apparent Injury,N/A,UNKNOWN,MD,PASSENGER CAR,PARKING,0,No,2023,KIA,FORTE,39.06067762,-77.06420481,2023,7,6
230031647,Property Damage Crash,07/03/2023 05:40:00 AM,PEACH TREE RD,NA,SINGLE VEHICLE,Clear,DRY,Dark,N/A,NONE DETECTED,Yes,No Apparent Injury,N/A,UNKNOWN,XX,(SPORT) UTILITY VEHICLE,MOVING CONSTANT SPEED,35,No,2019,JEEP,4X4,39.18628888,-77.38241139,2023,7,5
230031638,Fatal Crash,07/03/2023 12:00:00 AM,NEW HAMPSHIRE AVE,PEDESTRIAN,SINGLE VEHICLE,Clear,DRY,Medium,N/A,ALCOHOL PRESENT,Yes,No Apparent Injury,N/A,UNKNOWN,DC,(SPORT) UTILITY VEHICLE,UNKNOWN,35,No,2006,NISSAN,PATHFINDER,38.98109532,-76.98930911,2023,7,0
230031634,Injury Crash,07/03/2023 12:00:00 AM,NA,PEDESTRIAN,SINGLE VEHICLE,Clear,NA,Medium,NO CONTROLS,NONE DETECTED,Yes,No Apparent Injury,N/A,LOOKED BUT DID NOT SEE,NA,NA,MOVING CONSTANT SPEED,10,No,0,UNKNOWN,UNKNOWN,38.99169667,-77.02491833,2023,7,0
230031630,Property Damage Crash,07/02/2023 10:11:00 PM,RIDGE RD,NA,SAME DIR REAR END,Clear,DRY,Dark,NO CONTROLS,NONE DETECTED,Yes,No Apparent Injury,N/A,NOT DISTRACTED,MD,VAN,SLOWING OR STOPPING,40,No,2021,NISSAN,NV200,39.26745333,-77.21784333,2023,7,22
230031630,Property Damage Crash,07/02/2023 10:11:00 PM,RIDGE RD,NA,SAME DIR REAR END,Clear,DRY,Dark,NO CONTROLS,NONE DETECTED,No,No Apparent Injury,N/A,NOT DISTRACTED,MD,PICKUP TRUCK,SLOWING OR STOPPING,40,No,2017,TOYOTA,TUNDRA,39.26745333,-77.21784333,2023,7,22
230031624,Property Damage Crash,07/02/2023 09:45:00 PM,NA,NA,OTHER,Clear,NA,Medium,NO CONTROLS,NONE DETECTED,No,No Apparent Injury,N/A,NOT DISTRACTED,MD,POLICE VEHICLE/NON EMERGENCY,PARKED,15,No,2017,FORD,INTERCEPTOR,39.08625433,-76.93854133,2023,7,21
230031624,Property Damage Crash,07/02/2023 09:45:00 PM,NA,NA,OTHER,Clear,NA,Medium,NO CONTROLS,NONE DETECTED,Yes,No Apparent Injury,N/A,NOT DISTRACTED,MD,PASSENGER CAR,STARTING FROM PARKED,15,No,2005,CHEVROLET,SILVERADO,39.08625433,-76.93854133,2023,7,21
230031616,Injury Crash,07/02/2023 07:30:00 PM,GEORGIA AVE,NA,SAME DIR REAR END,Clear,DRY,Daylight,NO CONTROLS,NONE DETECTED,No,No Apparent Injury,N/A,NOT DISTRACTED,MD,(SPORT) UTILITY VEHICLE,STARTING FROM LANE,40,No,2014,BMW,UT,39.01063,-77.04067,2023,7,19
230031616,Injury Crash,07/02/2023 07:30:00 PM,GEORGIA AVE,NA,SAME DIR REAR END,Clear,DRY,Daylight,NO CONTROLS,NONE DETECTED,Yes,No Apparent Injury,N/A,UNKNOWN,MD,PASSENGER CAR,MOVING CONSTANT SPEED,40,No,2017,KIA,OPTIMA,39.01063,-77.04067,2023,7,19
230031612,Property Damage Crash,07/02/2023 07:20:00 PM,UNIVERSITY BLVD W,BICYCLIST,OTHER,Clear,DRY,Daylight,NO CONTROLS,NONE DETECTED,Yes,No Apparent Injury,N/A,OTHER DISTRACTION,MD,PASSENGER CAR,SLOWING OR STOPPING,35,No,2020,FORD,UT,39.04115333,-77.04706333,2023,7,19
230031618,Property Damage Crash,07/02/2023 06:34:00 PM,CLOPPER RD,NA,HEAD ON LEFT TURN,Clear,DRY,Daylight,STOP SIGN,NONE DETECTED,No,No Apparent Injury,N/A,NOT DISTRACTED,MD,PASSENGER CAR,MOVING CONSTANT SPEED,35,No,2015,TOYOTA,COROLLA,39.15770667,-77.27238833,2023,7,18
230031618,Property Damage Crash,07/02/2023 06:34:00 PM,CLOPPER RD,NA,HEAD ON LEFT TURN,Clear,DRY,Daylight,STOP SIGN,NONE DETECTED,Yes,No Apparent Injury,N/A,NOT DISTRACTED,MD,PASSENGER CAR,ACCELERATING,35,No,2016,JEEP,SUV,39.15770667,-77.27238833,2023,7,18
230031609,Property Damage Crash,07/02/2023 06:25:00 PM,NA,NA,OTHER,Cloudy,NA,Daylight,NO CONTROLS,ALCOHOL PRESENT,Yes,No Apparent Injury,N/A,UNKNOWN,MD,PASSENGER CAR,PASSING,5,No,2018,TOYT,SD,39.14442337,-77.22637923,2023,7,18
230031609,Property Damage Crash,07/02/2023 06:25:00 PM,NA,NA,OTHER,Cloudy,NA,Daylight,NO CONTROLS,NONE DETECTED,No,No Apparent Injury,N/A,NOT DISTRACTED,MD,PASSENGER CAR,PASSING,5,No,2015,NISS,ALTIMA,39.14442337,-77.22637923,2023,7,18
230031605,Injury Crash,07/02/2023 06:10:00 PM,FREDERICK RD,NA,SAME DIR REAR END,Clear,DRY,Daylight,YIELD SIGN,NONE DETECTED,No,Possible Minor Injury,N/A,NOT DISTRACTED,MD,PASSENGER CAR,SLOWING OR STOPPING,10,No,2013,HONDA,CIVIC,39.15128973,-77.21070987,2023,7,18
230031605,Injury Crash,07/02/2023 06:10:00 PM,FREDERICK RD,NA,SAME DIR REAR END,Clear,DRY,Daylight,YIELD SIGN,NONE DETECTED,Yes,No Apparent Injury,N/A,NOT DISTRACTED,MD,PASSENGER CAR,SLOWING OR STOPPING,10,No,2010,TOYOTA,CAMRY,39.15128973,-77.21070987,2023,7,18
230031606,Property Damage Crash,07/02/2023 06:08:00 PM,KINGSWELL DR,NA,OTHER,Clear,DRY,Daylight,NO CONTROLS,NONE DETECTED,Yes,No Apparent Injury,N/A,UNKNOWN,XX,PASSENGER CAR,MOVING CONSTANT SPEED,15,No,2010,CHEV,EXPRESS,39.05506351,-77.06084449,2023,7,18
230031583,Injury Crash,07/02/2023 03:04:00 PM,RIDGE RD,NA,SAME DIR REAR END,Rain,WET,Daylight,TRAFFIC SIGNAL,NONE DETECTED,Yes,Possible Minor Injury,"RAIN, SNOW, WET",NOT DISTRACTED,MD,PASSENGER CAR,SLOWING OR STOPPING,40,No,2018,HONDA,CR-V,39.19912708,-77.26072606,2023,7,15
230031583,Injury Crash,07/02/2023 03:04:00 PM,RIDGE RD,NA,SAME DIR REAR END,Rain,WET,Daylight,TRAFFIC SIGNAL,NONE DETECTED,No,No Apparent Injury,"RAIN, SNOW, WET",NOT DISTRACTED,MD,PASSENGER CAR,SLOWING OR STOPPING,40,No,2024,SUBARU,CROSSTREK,39.19912708,-77.26072606,2023,7,15
230031580,Injury Crash,07/02/2023 02:41:00 PM,OLNEY LAYTONSVILLE RD,NA,SAME DIR REAR END,Rain,WET,Daylight,TRAFFIC SIGNAL,NONE DETECTED,Yes,Possible Minor Injury,"N/A, SLEET, HAIL, FREEZ. RAIN",NOT DISTRACTED,MD,PASSENGER CAR,SLOWING OR STOPPING,40,No,2016,JEEP,4X4,39.16957,-77.09076333,2023,7,14
230031580,Injury Crash,07/02/2023 02:41:00 PM,OLNEY LAYTONSVILLE RD,NA,SAME DIR REAR END,Rain,WET,Daylight,TRAFFIC SIGNAL,NONE DETECTED,No,No Apparent Injury,"N/A, SLEET, HAIL, FREEZ. RAIN",NOT DISTRACTED,MD,PASSENGER CAR,STOPPED IN TRAFFIC LANE,40,No,2013,BMW,X5,39.16957,-77.09076333,2023,7,14
230031569,Property Damage Crash,07/02/2023 01:00:00 PM,NA,NA,OTHER,Clear,NA,Daylight,NO CONTROLS,NONE DETECTED,Yes,No Apparent Injury,N/A,UNKNOWN,NA,PASSENGER CAR,PARKING,10,No,2013,HONDA,ACCORD,39.04117,-76.98916833,2023,7,13
230031563,Injury Crash,07/02/2023 12:00:00 PM,POWDER MILL RD,NA,STRAIGHT MOVEMENT ANGLE,Clear,DRY,Daylight,STOP SIGN,NONE DETECTED,No,No Apparent Injury,N/A,NOT DISTRACTED,MD,PASSENGER CAR,MOVING CONSTANT SPEED,35,No,2016,HOND,4S,39.02245667,-76.976415,2023,7,12
230031563,Injury Crash,07/02/2023 12:00:00 PM,POWDER MILL RD,NA,STRAIGHT MOVEMENT ANGLE,Clear,DRY,Daylight,STOP SIGN,NONE DETECTED,Yes,Possible Minor Injury,N/A,LOOKED BUT DID NOT SEE,MD,PASSENGER CAR,MAKING LEFT TURN,35,No,2012,HOND,4S,39.02245667,-76.976415,2023,7,12
230031559,Property Damage Crash,07/02/2023 11:12:00 AM,SEVEN LOCKS RD,NA,STRAIGHT MOVEMENT ANGLE,Clear,DRY,Daylight,TRAFFIC SIGNAL,NONE DETECTED,No,No Apparent Injury,N/A,NOT DISTRACTED,MD,PASSENGER CAR,MOVING CONSTANT SPEED,40,No,2018,HOND,4S,39.0406985,-77.159249,2023,7,11
230031559,Property Damage Crash,07/02/2023 11:12:00 AM,SEVEN LOCKS RD,NA,STRAIGHT MOVEMENT ANGLE,Clear,DRY,Daylight,TRAFFIC SIGNAL,NONE DETECTED,Yes,No Apparent Injury,N/A,UNKNOWN,MD,PASSENGER CAR,MOVING CONSTANT SPEED,40,No,2013,MERZ,4S,39.0406985,-77.159249,2023,7,11
230031553,Injury Crash,07/02/2023 09:56:00 AM,GOSHEN RD,NA,ANGLE MEETS LEFT HEAD ON,Clear,DRY,Daylight,NO CONTROLS,NONE DETECTED,Yes,No Apparent Injury,N/A,INATTENTIVE OR LOST IN THOUGHT,MD,PASSENGER CAR,MAKING LEFT TURN,35,No,2015,TOYT,4S,39.177525,-77.18942333,2023,7,9
230031553,Injury Crash,07/02/2023 09:56:00 AM,GOSHEN RD,NA,ANGLE MEETS LEFT HEAD ON,Clear,DRY,Daylight,NO CONTROLS,NONE DETECTED,No,Suspected Serious Injury,N/A,NOT DISTRACTED,MD,MOTORCYCLE,MOVING CONSTANT SPEED,35,No,2018,YAMAHA,MC,39.177525,-77.18942333,2023,7,9
230031547,Injury Crash,07/02/2023 08:23:00 AM,S GLEN RD,NA,STRAIGHT MOVEMENT ANGLE,Cloudy,WET,Daylight,STOP SIGN,NONE DETECTED,Yes,No Apparent Injury,"N/A, WET",LOOKED BUT DID NOT SEE,MD,PASSENGER CAR,MAKING LEFT TURN,35,No,2019,JAGU,XJL,39.03178833,-77.21244167,2023,7,8
230031547,Injury Crash,07/02/2023 08:23:00 AM,S GLEN RD,NA,STRAIGHT MOVEMENT ANGLE,Cloudy,WET,Daylight,STOP SIGN,NONE DETECTED,No,Possible Minor Injury,"N/A, WET",NOT DISTRACTED,MD,PASSENGER CAR,MOVING CONSTANT SPEED,35,No,2011,TOYT,4S,39.03178833,-77.21244167,2023,7,8
230031397,Property Damage Crash,07/02/2023 06:53:00 AM,GEORGIA AVE,NA,SAME DIRECTION SIDESWIPE,Clear,DRY,Daylight,N/A,NONE DETECTED,No,No Apparent Injury,N/A,NOT DISTRACTED,MD,PASSENGER CAR,MOVING CONSTANT SPEED,35,No,2023,MAZDA,UT,39.07155982,-77.06391375,2023,7,6
230031397,Property Damage Crash,07/02/2023 06:53:00 AM,GEORGIA AVE,NA,SAME DIRECTION SIDESWIPE,Clear,DRY,Daylight,N/A,ALCOHOL PRESENT,Yes,No Apparent Injury,N/A,UNKNOWN,MD,PASSENGER CAR,LEAVING TRAFFIC LANE,35,No,2010,JEEP,WRANGLER,39.07155982,-77.06391375,2023,7,6
230031538,Property Damage Crash,07/02/2023 05:04:00 AM,TENBROOK DR,NA,OTHER,Clear,DRY,Medium,NO CONTROLS,NONE DETECTED,Yes,No Apparent Injury,N/A,UNKNOWN,NA,(SPORT) UTILITY VEHICLE,MOVING CONSTANT SPEED,30,No,2017,NISSAN,PATHFINDER,39.02492162,-77.02843932,2023,7,5
230031528,Property Damage Crash,07/02/2023 12:55:00 AM,NEW HAMPSHIRE AVE,NA,SINGLE VEHICLE,Clear,DRY,Medium,NO CONTROLS,NONE DETECTED,Yes,No Apparent Injury,N/A,UNKNOWN,MD,PASSENGER CAR,MOVING CONSTANT SPEED,40,No,2020,CHRYSLER,300,39.17512517,-77.02395983,2023,7,0
230031524,Property Damage Crash,07/01/2023 11:37:00 PM,GREENLY ST,NA,HEAD ON,Cloudy,WET,Medium,STOP SIGN,ALCOHOL PRESENT,Yes,No Apparent Injury,"N/A, WET",UNKNOWN,MD,PASSENGER CAR,MOVING CONSTANT SPEED,25,No,2017,CHEVY,EQUINOX,39.06114326,-77.07163933,2023,7,23
230031517,Property Damage Crash,07/01/2023 10:39:00 PM,CLARKSBURG SQUARE RD,NA,SAME DIRECTION SIDESWIPE,Clear,DRY,Medium,NO CONTROLS,DRUG AND ALCOHOL CONTRIBUTED,Yes,No Apparent Injury,N/A,OTHER DISTRACTION,MD,PASSENGER CAR,MOVING CONSTANT SPEED,25,No,2015,VOLKSWAGON,PASSAT,39.2405161,-77.27768962,2023,7,22
230031510,Property Damage Crash,07/01/2023 09:55:00 PM,BLUERIDGE AVE,NA,SAME DIRECTION RIGHT TURN,Rain,WET,Medium,STOP SIGN,NONE DETECTED,Unknown,No Apparent Injury,N/A,UNKNOWN,MD,CROSS COUNTRY BUS,MAKING RIGHT TURN,25,No,2016,NEW FLYER,TBU,39.04276667,-77.053093,2023,7,21
230031510,Property Damage Crash,07/01/2023 09:55:00 PM,BLUERIDGE AVE,NA,SAME DIRECTION RIGHT TURN,Rain,WET,Medium,STOP SIGN,NONE DETECTED,Unknown,No Apparent Injury,N/A,UNKNOWN,MD,PASSENGER CAR,MAKING RIGHT TURN,25,No,2015,TOYOTA,RAV4,39.04276667,-77.053093,2023,7,21
230031509,Property Damage Crash,07/01/2023 09:30:00 PM,NO NAME,NA,SINGLE VEHICLE,Rain,WET,Medium,NO CONTROLS,NONE DETECTED,Yes,No Apparent Injury,"N/A, WET",NOT DISTRACTED,MD,PASSENGER CAR,MOVING CONSTANT SPEED,55,No,2020,TOYT,CP,39.12334333,-77.17818333,2023,7,21
230031497,Injury Crash,07/01/2023 08:05:00 PM,CEDAR LA,NA,SINGLE VEHICLE,Rain,WET,Daylight,NO CONTROLS,NONE DETECTED,Yes,Possible Minor Injury,"RAIN, SNOW, WET",USING OTHER DEVICE CONTROLS INTEGRAL TO VEHICLE,MD,PASSENGER CAR,ACCELERATING,35,No,2009,FORD,MUSTANG,39.01694572,-77.08776398,2023,7,20
230031492,Injury Crash,07/01/2023 08:00:00 PM,UNIVERSITY BLVD W,NA,STRAIGHT MOVEMENT ANGLE,Rain,WET,Medium,STOP SIGN,NONE DETECTED,Yes,No Apparent Injury,"N/A, WET",UNKNOWN,MD,PASSENGER CAR,MAKING LEFT TURN,35,No,2017,HONDA,ACCORD,39.0364495,-77.03816533,2023,7,20
230031492,Injury Crash,07/01/2023 08:00:00 PM,UNIVERSITY BLVD W,NA,STRAIGHT MOVEMENT ANGLE,Rain,WET,Medium,STOP SIGN,NONE DETECTED,No,Possible Minor Injury,"N/A, WET",UNKNOWN,MD,PASSENGER CAR,MOVING CONSTANT SPEED,35,No,2003,TOYOTA,COROLLA MATRIX,39.0364495,-77.03816533,2023,7,20
230031493,Property Damage Crash,07/01/2023 07:54:00 PM,NA,NA,OTHER,Rain,NA,Daylight,NO CONTROLS,NONE DETECTED,Yes,No Apparent Injury,N/A,UNKNOWN,NA,(SPORT) UTILITY VEHICLE,BACKING,0,No,2006,CHEVROLET,EQUINOX,39.29140333,-77.21210167,2023,7,19
230031489,Injury Crash,07/01/2023 07:25:00 PM,GOULD RD,NA,OPPOSITE DIRECTION SIDESWIPE,Rain,WET,Daylight,NO CONTROLS,ALCOHOL PRESENT,Yes,Possible Minor Injury,"RAIN, SNOW, WET",UNKNOWN,MD,PASSENGER CAR,UNKNOWN,25,No,2022,TOYOTA,CAMRY,39.271435,-77.21548333,2023,7,19
230031489,Injury Crash,07/01/2023 07:25:00 PM,GOULD RD,NA,OPPOSITE DIRECTION SIDESWIPE,Rain,WET,Daylight,NO CONTROLS,NONE DETECTED,No,No Apparent Injury,"RAIN, SNOW, WET",NOT DISTRACTED,MD,PASSENGER CAR,PARKED,25,No,2014,NISSAN,ALTIMA,39.271435,-77.21548333,2023,7,19
230031471,Injury Crash,07/01/2023 05:17:00 PM,WAYFARER RD,PEDESTRIAN,OTHER,Clear,DRY,Daylight,NO CONTROLS,NONE DETECTED,Yes,No Apparent Injury,N/A,UNKNOWN,MD,(SPORT) UTILITY VEHICLE,MOVING CONSTANT SPEED,30,No,2015,VOLVO,UNK,39.19534443,-77.22423398,2023,7,17
230031461,Injury Crash,07/01/2023 04:10:00 PM,FIRST AVE,NA,SAME DIRECTION LEFT TURN,Clear,DRY,Daylight,NO CONTROLS,NONE DETECTED,Yes,No Apparent Injury,N/A,LOOKED BUT DID NOT SEE,DC,PASSENGER CAR,STARTING FROM PARKED,35,No,2016,FORD,TAURUS,38.99739833,-77.03194833,2023,7,16
230031461,Injury Crash,07/01/2023 04:10:00 PM,FIRST AVE,NA,SAME DIRECTION LEFT TURN,Clear,DRY,Daylight,NO CONTROLS,NONE DETECTED,No,No Apparent Injury,N/A,NOT DISTRACTED,MD,PASSENGER CAR,MOVING CONSTANT SPEED,35,No,2016,HOND,CIVIC,38.99739833,-77.03194833,2023,7,16
230031462,Property Damage Crash,07/01/2023 04:08:00 PM,GEORGIA AVE,NA,SAME DIR REAR END,Clear,DRY,Daylight,TRAFFIC SIGNAL,NONE DETECTED,No,No Apparent Injury,N/A,UNKNOWN,MD,PASSENGER CAR,SLOWING OR STOPPING,35,No,2016,CHEV,4S,39.07264967,-77.06515467,2023,7,16
230031462,Property Damage Crash,07/01/2023 04:08:00 PM,GEORGIA AVE,NA,SAME DIR REAR END,Clear,DRY,Daylight,TRAFFIC SIGNAL,NONE DETECTED,Yes,No Apparent Injury,N/A,LOOKED BUT DID NOT SEE,MD,PASSENGER CAR,MOVING CONSTANT SPEED,35,No,2008,HONDA,ACCORD,39.07264967,-77.06515467,2023,7,16
230031455,Property Damage Crash,07/01/2023 03:45:00 PM,GEORGIA AVE,NA,STRAIGHT MOVEMENT ANGLE,Clear,DRY,Daylight,TRAFFIC SIGNAL,ALCOHOL PRESENT,Yes,No Apparent Injury,N/A,LOOKED BUT DID NOT SEE,MD,PICKUP TRUCK,MAKING LEFT TURN,35,No,2019,DODGE,RAM,39.03183667,-77.04844167,2023,7,15
230031455,Property Damage Crash,07/01/2023 03:45:00 PM,GEORGIA AVE,NA,STRAIGHT MOVEMENT ANGLE,Clear,DRY,Daylight,TRAFFIC SIGNAL,NONE DETECTED,No,No Apparent Injury,N/A,NOT DISTRACTED,MD,PASSENGER CAR,MOVING CONSTANT SPEED,35,No,1999,HOND,SD,39.03183667,-77.04844167,2023,7,15
230031442,Property Damage Crash,07/01/2023 01:53:00 PM,SPRING AVE,NA,SINGLE VEHICLE,Clear,DRY,Daylight,N/A,NONE DETECTED,Yes,No Apparent Injury,N/A,NOT DISTRACTED,MD,PASSENGER CAR,ACCELERATING,10,No,2915,HONDA,SUV,38.9726235,-77.0041445,2023,7,13
230034141,Property Damage Crash,07/01/2023 12:52:00 PM,LAKEVIEW DR,NA,SAME DIR REAR END,Clear,DRY,Daylight,N/A,NONE DETECTED,Yes,No Apparent Injury,N/A,UNKNOWN,MD,PASSENGER CAR,PARKING,25,No,2004,VOLKS,SUV,39.02649167,-77.14828833,2023,7,12
230031426,Injury Crash,07/01/2023 12:00:00 PM,FREDERICK RD,NA,STRAIGHT MOVEMENT ANGLE,Cloudy,DRY,Daylight,STOP SIGN,NONE DETECTED,No,Possible Minor Injury,"BACKUP DUE TO REGULAR CONGESTION, N/A",NOT DISTRACTED,MD,VAN,MOVING CONSTANT SPEED,30,No,2004,TOYOTA,SIENNA,39.23886356,-77.27956555,2023,7,12
230031426,Injury Crash,07/01/2023 12:00:00 PM,FREDERICK RD,NA,STRAIGHT MOVEMENT ANGLE,Cloudy,DRY,Daylight,STOP SIGN,NONE DETECTED,Yes,Possible Minor Injury,"BACKUP DUE TO REGULAR CONGESTION, N/A",LOOKED BUT DID NOT SEE,MD,(SPORT) UTILITY VEHICLE,ACCELERATING,30,No,2016,HONDA,PILOT,39.23886356,-77.27956555,2023,7,12
230031427,Property Damage Crash,07/01/2023 11:55:00 AM,VEIRS MILL RD,NA,OTHER,Clear,DRY,Daylight,TRAFFIC SIGNAL,NONE DETECTED,Yes,No Apparent Injury,N/A,UNKNOWN,MD,PASSENGER CAR,MOVING CONSTANT SPEED,35,No,2017,HOND,VN,39.07505333,-77.1153715,2023,7,11
230031427,Property Damage Crash,07/01/2023 11:55:00 AM,VEIRS MILL RD,NA,OTHER,Clear,DRY,Daylight,TRAFFIC SIGNAL,NONE DETECTED,Yes,No Apparent Injury,N/A,UNKNOWN,MD,PASSENGER CAR,MOVING CONSTANT SPEED,35,No,2002,TOYOTA,COROLLA,39.07505333,-77.1153715,2023,7,11
230031247,Property Damage Crash,07/01/2023 11:19:00 AM,COLESVILLE RD,NA,SAME DIRECTION SIDESWIPE,Clear,DRY,Daylight,NO CONTROLS,NONE DETECTED,No,No Apparent Injury,N/A,NOT DISTRACTED,MD,TRANSIT BUS,STOPPED IN TRAFFIC LANE,25,No,2020,GIL,BUS,38.99489125,-77.0304664,2023,7,11
230031247,Property Damage Crash,07/01/2023 11:19:00 AM,COLESVILLE RD,NA,SAME DIRECTION SIDESWIPE,Clear,DRY,Daylight,NO CONTROLS,NONE DETECTED,Yes,No Apparent Injury,N/A,INATTENTIVE OR LOST IN THOUGHT,MD,PASSENGER CAR,MOVING CONSTANT SPEED,25,No,2018,FORD,F35O,38.99489125,-77.0304664,2023,7,11
230031423,Injury Crash,07/01/2023 11:03:00 AM,MASSACHUSETTS AVE,NA,STRAIGHT MOVEMENT ANGLE,Cloudy,DRY,Daylight,STOP SIGN,NONE DETECTED,Yes,Possible Minor Injury,N/A,LOOKED BUT DID NOT SEE,FL,(SPORT) UTILITY VEHICLE,MAKING LEFT TURN,30,No,2008,LEXUS,RX400H,38.95903,-77.1113815,2023,7,11
230031423,Injury Crash,07/01/2023 11:03:00 AM,MASSACHUSETTS AVE,NA,STRAIGHT MOVEMENT ANGLE,Cloudy,DRY,Daylight,STOP SIGN,NONE DETECTED,No,Possible Minor Injury,N/A,NOT DISTRACTED,MD,PICKUP TRUCK,MOVING CONSTANT SPEED,30,No,2018,TOYOTA,TACOMA,38.95903,-77.1113815,2023,7,11
230031421,Injury Crash,07/01/2023 10:41:00 AM,PARK VISTA DR,NA,ANGLE MEETS LEFT HEAD ON,Clear,DRY,Daylight,STOP SIGN,NONE DETECTED,No,Possible Minor Injury,N/A,NOT DISTRACTED,MD,PASSENGER CAR,MOVING CONSTANT SPEED,35,No,2020,HYUNDAI,ELANTRA,39.10656383,-77.0520645,2023,7,10
230031421,Injury Crash,07/01/2023 10:41:00 AM,PARK VISTA DR,NA,ANGLE MEETS LEFT HEAD ON,Clear,DRY,Daylight,STOP SIGN,NONE DETECTED,Yes,No Apparent Injury,N/A,LOOKED BUT DID NOT SEE,MD,PASSENGER CAR,MAKING LEFT TURN,35,No,2006,TOYT,4S,39.10656383,-77.0520645,2023,7,10
230031392,Property Damage Crash,07/01/2023 07:05:00 AM,GEORGIA AVE,NA,SAME DIRECTION SIDESWIPE,Clear,DRY,Daylight,NO CONTROLS,NONE DETECTED,Yes,No Apparent Injury,N/A,NOT DISTRACTED,MD,AMBULANCE/NON EMERGENCY,SLOWING OR STOPPING,25,No,2023,FRONTLINER,PL,39.03726967,-77.050244,2023,7,7
230031387,Injury Crash,07/01/2023 06:00:00 AM,NEW HAMPSHIRE AVE,NA,HEAD ON LEFT TURN,Clear,DRY,Medium,NO CONTROLS,NONE DETECTED,Yes,Possible Minor Injury,N/A,NOT DISTRACTED,VA,PASSENGER CAR,MOVING CONSTANT SPEED,40,No,2015,INFINITY,4D,39.03218333,-76.984975,2023,7,6
230031387,Injury Crash,07/01/2023 06:00:00 AM,NEW HAMPSHIRE AVE,NA,HEAD ON LEFT TURN,Clear,DRY,Medium,NO CONTROLS,NONE DETECTED,Yes,No Apparent Injury,N/A,LOOKED BUT DID NOT SEE,MD,PASSENGER CAR,MAKING LEFT TURN,40,No,2014,CHRY,SD,39.03218333,-76.984975,2023,7,6
230031384,Injury Crash,07/01/2023 04:51:00 AM,CARROLL AVE,NA,SINGLE VEHICLE,Clear,DRY,Medium,NO CONTROLS,NONE DETECTED,Yes,Possible Minor Injury,"N/A, SMOG, SMOKE",OTHER CELLULAR PHONE RELATED,NJ,PASSENGER CAR,MOVING CONSTANT SPEED,25,No,2011,NISSAN,ALTIMA,38.975905,-77.00886167,2023,7,4
230031380,Injury Crash,07/01/2023 03:45:00 AM,CAPITAL BELTWAY,NA,SAME DIR REAR END,Clear,DRY,Medium,N/A,NONE DETECTED,Yes,No Apparent Injury,N/A,LOOKED BUT DID NOT SEE,MD,PASSENGER CAR,MOVING CONSTANT SPEED,55,No,2020,CHEVROLET,MALIBU,39.01354833,-77.04029167,2023,7,3
230031380,Injury Crash,07/01/2023 03:45:00 AM,CAPITAL BELTWAY,NA,SAME DIR REAR END,Clear,DRY,Medium,N/A,NONE DETECTED,No,Possible Minor Injury,N/A,NOT DISTRACTED,MD,MOTORCYCLE,MOVING CONSTANT SPEED,55,No,2020,DUCATI,SP,39.01354833,-77.04029167,2023,7,3
230031381,Property Damage Crash,07/01/2023 03:35:00 AM,ROCKVILLE PIKE,NA,OTHER,Clear,DRY,Medium,NO CONTROLS,NONE DETECTED,No,No Apparent Injury,N/A,NOT DISTRACTED,MD,PASSENGER CAR,MOVING CONSTANT SPEED,35,No,2018,HONDA,CIVIC,39.05183667,-77.11576667,2023,7,3
230031381,Property Damage Crash,07/01/2023 03:35:00 AM,ROCKVILLE PIKE,NA,OTHER,Clear,DRY,Medium,NO CONTROLS,NONE DETECTED,No,No Apparent Injury,N/A,NOT DISTRACTED,MD,PASSENGER CAR,MOVING CONSTANT SPEED,35,No,2013,BMW,X5,39.05183667,-77.11576667,2023,7,3
230031378,Property Damage Crash,07/01/2023 03:15:00 AM,NA,NA,OTHER,Clear,NA,Medium,NO CONTROLS,NONE DETECTED,No,No Apparent Injury,N/A,NOT DISTRACTED,MD,PASSENGER CAR,MAKING RIGHT TURN,10,No,2016,BMW,SD,39.09085885,-77.15129839,2023,7,3
230031378,Property Damage Crash,07/01/2023 03:15:00 AM,NA,NA,OTHER,Clear,NA,Medium,NO CONTROLS,NONE DETECTED,Yes,No Apparent Injury,N/A,UNKNOWN,MD,PASSENGER CAR,BACKING,10,No,2010,DODGE,SUV,39.09085885,-77.15129839,2023,7,3
23001267,Property Damage Crash,07/01/2023 01:41:00 AM,NEEDWOOD RD,NA,OTHER,Clear,DRY,Dark,N/A,NONE DETECTED,No,No Apparent Injury,"ANIMAL, N/A",NOT DISTRACTED,MD,PASSENGER CAR,SLOWING OR STOPPING,15,No,2017,FORD,EXPLORER,39.126646,-77.132158,2023,7,1
230031359,Property Damage Crash,06/30/2023 11:26:00 PM,FOXHALL DR,NA,SAME DIR REAR END,Cloudy,DRY,Medium,N/A,ALCOHOL PRESENT,Yes,No Apparent Injury,N/A,UNKNOWN,MD,VAN,MOVING CONSTANT SPEED,25,No,2020,FORD,TRANSIT,39.06992833,-77.06114333,2023,6,23
230031355,Injury Crash,06/30/2023 11:00:00 PM,WATKINS MILL RD,NA,STRAIGHT MOVEMENT ANGLE,Cloudy,WET,Medium,STOP SIGN,NONE DETECTED,No,No Apparent Injury,"N/A, SMOG, SMOKE",NOT DISTRACTED,MD,PASSENGER CAR,ACCELERATING,35,No,2011,NISS,4S,39.16222482,-77.21448117,2023,6,23
230031355,Injury Crash,06/30/2023 11:00:00 PM,WATKINS MILL RD,NA,STRAIGHT MOVEMENT ANGLE,Cloudy,WET,Medium,STOP SIGN,NONE DETECTED,Yes,Possible Minor Injury,"N/A, SMOG, SMOKE",LOOKED BUT DID NOT SEE,MD,PASSENGER CAR,MOVING CONSTANT SPEED,35,No,2019,NISSAN,SENTRA,39.16222482,-77.21448117,2023,6,23