Local Case Number,ACRS Report Type,Crash Date/Time,Road Name,Related Non-Motorist,Collision Type,Weather,Surface Condition,Light,Traffic Control,Driver Substance Abuse,Driver At Fault,Injury Severity,Circumstance,Driver Distracted By,Drivers License State,Vehicle Body Type,Vehicle Movement,Speed Limit,Driverless Vehicle,Vehicle Year,Vehicle Make,Vehicle Model,Latitude,Longitude,Year,Month,Hour
230031339,Property Damage Crash,06/30/2023 10:55:00 PM,NA,NA,SINGLE VEHICLE,Clear,NA,Dark,NO CONTROLS,NONE DETECTED,Yes,No Apparent Injury,N/A,NOT DISTRACTED,MD,POLICE VEHICLE/NON EMERGENCY,MOVING CONSTANT SPEED,5,No,2018,FORD,INTERCEPTOR,39.24428009,-77.33582666,2023,6,22
230031344,Injury Crash,06/30/2023 09:40:00 PM,UNIVERSITY BLVD,NA,SAME DIRECTION RIGHT TURN,Clear,DRY,Medium,NO CONTROLS,NONE DETECTED,Yes,No Apparent Injury,N/A,INATTENTIVE OR LOST IN THOUGHT,XX,PASSENGER CAR,CHANGING LANES,35,No,2009,MITSUBISHI,ECLIPSE,38.98771058,-76.9860225,2023,6,21
230031344,Injury Crash,06/30/2023 09:40:00 PM,UNIVERSITY BLVD,NA,SAME DIRECTION RIGHT TURN,Clear,DRY,Medium,NO CONTROLS,NONE DETECTED,No,Possible Minor Injury,N/A,UNKNOWN,XX,MOTORCYCLE,MOVING CONSTANT SPEED,35,No,2021,ACEPOWER,A11,38.98771058,-76.9860225,2023,6,21
230031335,Property Damage Crash,06/30/2023 08:00:00 PM,BEL PRE RD,NA,STRAIGHT MOVEMENT ANGLE,Clear,DRY,Daylight,TRAFFIC SIGNAL,NONE DETECTED,No,No Apparent Injury,N/A,NOT DISTRACTED,MD,PASSENGER CAR,MOVING CONSTANT SPEED,35,No,2003,MERZ,SD,39.09202433,-77.0705695,2023,6,20
230031335,Property Damage Crash,06/30/2023 08:00:00 PM,BEL PRE RD,NA,STRAIGHT MOVEMENT ANGLE,Clear,DRY,Daylight,TRAFFIC SIGNAL,NONE DETECTED,Yes,No Apparent Injury,N/A,NOT DISTRACTED,MD,PASSENGER CAR,MAKING LEFT TURN,35,No,2020,TOYOTA,COROLLA,39.09202433,-77.0705695,2023,6,20
230031330,Property Damage Crash,06/30/2023 07:49:00 PM,NA,NA,OTHER,Clear,NA,Daylight,NO CONTROLS,NONE DETECTED,Yes,No Apparent Injury,N/A,UNKNOWN,MD,PASSENGER CAR,STARTING FROM PARKED,10,No,2015,TOYOTA,CAMRY,39.08750483,-77.0633225,2023,6,19
230031327,Property Damage Crash,06/30/2023 07:31:00 PM,NA,NA,STRAIGHT MOVEMENT ANGLE,Clear,NA,Daylight,NO CONTROLS,NONE DETECTED,Yes,No Apparent Injury,N/A,UNKNOWN,NA,PASSENGER CAR,MAKING RIGHT TURN,0,No,2017,HONDA,CIVIC,38.999146,-76.99547864,2023,6,19
230031314,Property Damage Crash,06/30/2023 06:43:00 PM,COLESVILLE RD,NA,SAME DIR REAR END,Cloudy,WET,Daylight,TRAFFIC SIGNAL,NONE DETECTED,No,No Apparent Injury,N/A,NOT DISTRACTED,MD,PASSENGER CAR,SLOWING OR STOPPING,40,No,2022,HONDA,CR-V,39.02042983,-77.01239933,2023,6,18
230031314,Property Damage Crash,06/30/2023 06:43:00 PM,COLESVILLE RD,NA,SAME DIR REAR END,Cloudy,WET,Daylight,TRAFFIC SIGNAL,NONE DETECTED,Yes,No Apparent Injury,N/A,UNKNOWN,MD,PASSENGER CAR,SLOWING OR STOPPING,40,No,2014,TOYOTA,COROLLA,39.02042983,-77.01239933,2023,6,18
230031419,Property Damage Crash,06/30/2023 06:00:00 PM,LORAIN AVE,NA,SAME DIR REAR END,Clear,DRY,Daylight,N/A,NONE DETECTED,Yes,No Apparent Injury,N/A,UNKNOWN,MD,(SPORT) UTILITY VEHICLE,BACKING,25,No,2019,TOYOTA,SUV,39.01798542,-77.01853453,2023,6,18
230031306,Injury Crash,06/30/2023 05:55:00 PM,LAYHILL RD,NA,STRAIGHT MOVEMENT ANGLE,Clear,DRY,Daylight,TRAFFIC SIGNAL,NONE DETECTED,No,Possible Minor Injury,N/A,NOT DISTRACTED,MD,PASSENGER CAR,STOPPED IN TRAFFIC LANE,25,No,2011,TOYOTA,CAMRY,39.07743117,-77.04584733,2023,6,17
230031306,Injury Crash,06/30/2023 05:55:00 PM,LAYHILL RD,NA,STRAIGHT MOVEMENT ANGLE,Clear,DRY,Daylight,TRAFFIC SIGNAL,NONE DETECTED,Yes,No Apparent Injury,N/A,UNKNOWN,XX,PASSENGER CAR,MOVING CONSTANT SPEED,40,No,2006,DODGE,CARAVAN,39.07743117,-77.04584733,2023,6,17
230031301,Property Damage Crash,06/30/2023 05:33:00 PM,INTERCOUNTY CONNECTOR,NA,SAME DIR REAR END,Cloudy,WET,Daylight,N/A,NONE DETECTED,No,No Apparent Injury,"N/A, WET",NOT DISTRACTED,MD,PASSENGER CAR,MOVING CONSTANT SPEED,60,No,2011,NISSAN,ALTIMA,39.112805,-77.06055167,2023,6,17
230031301,Property Damage Crash,06/30/2023 05:33:00 PM,INTERCOUNTY CONNECTOR,NA,SAME DIR REAR END,Cloudy,WET,Daylight,N/A,NONE DETECTED,No,No Apparent Injury,"N/A, WET",NOT DISTRACTED,ND,PASSENGER CAR,MOVING CONSTANT SPEED,60,No,2021,TOYOTA,RAV4,39.112805,-77.06055167,2023,6,17
230031301,Property Damage Crash,06/30/2023 05:33:00 PM,INTERCOUNTY CONNECTOR,NA,SAME DIR REAR END,Cloudy,WET,Daylight,N/A,NONE DETECTED,Yes,No Apparent Injury,"N/A, WET",LOOKED BUT DID NOT SEE,MD,PASSENGER CAR,CHANGING LANES,60,No,2010,HONDA,CR-V,39.112805,-77.06055167,2023,6,17
230031302,Property Damage Crash,06/30/2023 05:25:00 PM,NA,NA,SINGLE VEHICLE,Clear,NA,Daylight,N/A,NONE DETECTED,Yes,No Apparent Injury,"N/A, WET",NOT DISTRACTED,MD,PASSENGER CAR,PARKING,5,No,2017,TOYT,4S,39.11059667,-76.99538,2023,6,17
230031293,Injury Crash,06/30/2023 05:00:00 PM,APPLE RIDGE RD,NA,HEAD ON LEFT TURN,Rain,WET,Daylight,NO CONTROLS,NONE DETECTED,Yes,No Apparent Injury,"RAIN, SNOW, WET",LOOKED BUT DID NOT SEE,MD,PASSENGER CAR,MAKING LEFT TURN,25,No,2013,HOND,CIVIC,39.18611483,-77.20222183,2023,6,17
230031293,Injury Crash,06/30/2023 05:00:00 PM,APPLE RIDGE RD,NA,HEAD ON LEFT TURN,Rain,WET,Daylight,NO CONTROLS,NONE DETECTED,No,No Apparent Injury,"RAIN, SNOW, WET",NOT DISTRACTED,MD,PASSENGER CAR,MOVING CONSTANT SPEED,25,No,2008,TOYT,SCION,39.18611483,-77.20222183,2023,6,17
230031293,Injury Crash,06/30/2023 05:00:00 PM,APPLE RIDGE RD,NA,HEAD ON LEFT TURN,Rain,WET,Daylight,NO CONTROLS,NONE DETECTED,No,No Apparent Injury,"RAIN, SNOW, WET",NOT DISTRACTED,MD,(SPORT) UTILITY VEHICLE,STOPPED IN TRAFFIC LANE,25,No,2016,CHEV,EQUINOX,39.18611483,-77.20222183,2023,6,17
230032987,Property Damage Crash,06/30/2023 05:00:00 PM,NO NAME,NA,SINGLE VEHICLE,Clear,DRY,Daylight,N/A,NONE DETECTED,No,No Apparent Injury,"DEBRIS OR OBSTRUCTION, N/A",NOT DISTRACTED,MD,POLICE VEHICLE/NON EMERGENCY,OTHER,55,No,2048,FORD,INTER,39.09830846,-76.69039452,2023,6,17
230031287,Property Damage Crash,06/30/2023 04:11:00 PM,LEAMAN FARM RD,NA,SINGLE VEHICLE,Rain,WET,Daylight,NO CONTROLS,NONE DETECTED,Yes,No Apparent Injury,"SLEET, HAIL, FREEZ. RAIN, WET",NOT DISTRACTED,MD,(SPORT) UTILITY VEHICLE,MAKING LEFT TURN,30,No,2014,NISS,UT,39.15996333,-77.28384683,2023,6,16
230031283,Property Damage Crash,06/30/2023 04:00:00 PM,RIDGE RD,NA,SAME DIR REAR END,Rain,WET,Daylight,TRAFFIC SIGNAL,NONE DETECTED,Yes,No Apparent Injury,"RAIN, SNOW, WET",NOT DISTRACTED,MD,PASSENGER CAR,SLOWING OR STOPPING,40,No,2021,HONDA,SD,39.20144333,-77.25320667,2023,6,16
230031283,Property Damage Crash,06/30/2023 04:00:00 PM,RIDGE RD,NA,SAME DIR REAR END,Rain,WET,Daylight,TRAFFIC SIGNAL,NONE DETECTED,No,No Apparent Injury,"RAIN, SNOW, WET",NOT DISTRACTED,MD,PICKUP TRUCK,STOPPED IN TRAFFIC LANE,40,No,2022,FORD,TK,39.20144333,-77.25320667,2023,6,16
230031281,Property Damage Crash,06/30/2023 03:47:00 PM,GEORGIA AVE,NA,SAME DIR REAR END,Rain,WET,Daylight,NO CONTROLS,NONE DETECTED,Yes,No Apparent Injury,"RAIN, SNOW, WET",NOT DISTRACTED,MD,PASSENGER CAR,MOVING CONSTANT SPEED,45,No,2017,VOLK,SD,39.147682,-77.067094,2023,6,15
230031281,Property Damage Crash,06/30/2023 03:47:00 PM,GEORGIA AVE,NA,SAME DIR REAR END,Rain,WET,Daylight,NO CONTROLS,NONE DETECTED,No,No Apparent Injury,"RAIN, SNOW, WET",NOT DISTRACTED,MD,PASSENGER CAR,SLOWING OR STOPPING,45,No,2014,NISSAN,ROGUE,39.147682,-77.067094,2023,6,15
230031296,Property Damage Crash,06/30/2023 03:10:00 PM,MAIN ST,NA,OTHER,Clear,DRY,Daylight,NO CONTROLS,NONE DETECTED,Yes,No Apparent Injury,N/A,UNKNOWN,MD,PASSENGER CAR,MOVING CONSTANT SPEED,25,No,2013,HONDA,PILOT,39.12251076,-77.23860864,2023,6,15
230031272,Injury Crash,06/30/2023 03:01:00 PM,DARNESTOWN RD,NA,OTHER,Cloudy,DRY,Daylight,TRAFFIC SIGNAL,NONE DETECTED,No,No Apparent Injury,N/A,UNKNOWN,MD,PASSENGER CAR,MOVING CONSTANT SPEED,40,No,2014,CHEV,IMPALA,39.095911,-77.20127433,2023,6,15
230031272,Injury Crash,06/30/2023 03:01:00 PM,DARNESTOWN RD,NA,OTHER,Cloudy,DRY,Daylight,TRAFFIC SIGNAL,NONE DETECTED,Yes,Possible Minor Injury,N/A,UNKNOWN,MD,PASSENGER CAR,MAKING LEFT TURN,40,No,2013,LEXU,ES 350,39.095911,-77.20127433,2023,6,15
230031274,Injury Crash,06/30/2023 02:46:00 PM,W DIAMOND AVE,NA,STRAIGHT MOVEMENT ANGLE,Rain,WET,Daylight,TRAFFIC SIGNAL,NONE DETECTED,No,Possible Minor Injury,"SLEET, HAIL, FREEZ. RAIN, WET",NOT DISTRACTED,MD,PASSENGER CAR,MOVING CONSTANT SPEED,35,No,2022,TESL,SD,39.1405945,-77.20527617,2023,6,14
230031274,Injury Crash,06/30/2023 02:46:00 PM,W DIAMOND AVE,NA,STRAIGHT MOVEMENT ANGLE,Rain,WET,Daylight,TRAFFIC SIGNAL,NONE DETECTED,Yes,No Apparent Injury,"SLEET, HAIL, FREEZ. RAIN, WET",UNKNOWN,MD,VAN,MAKING LEFT TURN,35,No,2010,HONDA,ODYSSEY,39.1405945,-77.20527617,2023,6,14
230031259,Injury Crash,06/30/2023 01:30:00 PM,CONNECTICUT AVE,NA,STRAIGHT MOVEMENT ANGLE,Clear,DRY,Daylight,NO CONTROLS,NONE DETECTED,Yes,No Apparent Injury,N/A,UNKNOWN,MD,PASSENGER CAR,MOVING CONSTANT SPEED,35,No,2015,HOND,4S,39.07820017,-77.08032183,2023,6,13
230031259,Injury Crash,06/30/2023 01:30:00 PM,CONNECTICUT AVE,NA,STRAIGHT MOVEMENT ANGLE,Clear,DRY,Daylight,NO CONTROLS,NONE DETECTED,Yes,Possible Minor Injury,N/A,LOOKED BUT DID NOT SEE,MD,PASSENGER CAR,MAKING LEFT TURN,35,No,2012,HOND,CRV,39.07820017,-77.08032183,2023,6,13
230031275,Property Damage Crash,06/30/2023 01:02:00 PM,GEORGIA AVE,NA,SAME DIRECTION RIGHT TURN,Clear,DRY,Daylight,NO CONTROLS,NONE DETECTED,No,No Apparent Injury,N/A,NOT DISTRACTED,MD,PASSENGER CAR,MOVING CONSTANT SPEED,35,No,2014,HONDA,ACCORD,39.07488634,-77.06737914,2023,6,13
230031275,Property Damage Crash,06/30/2023 01:02:00 PM,GEORGIA AVE,NA,SAME DIRECTION RIGHT TURN,Clear,DRY,Daylight,NO CONTROLS,NONE DETECTED,Yes,No Apparent Injury,N/A,NOT DISTRACTED,NA,PASSENGER CAR,MOVING CONSTANT SPEED,35,No,2004,CHEVY,SUBURBAN,39.07488634,-77.06737914,2023,6,13
230031256,Property Damage Crash,06/30/2023 01:00:00 PM,OLD BALTIMORE RD,NA,SAME DIR REAR END,Clear,DRY,Daylight,NO CONTROLS,NONE DETECTED,Yes,No Apparent Injury,N/A,LOOKED BUT DID NOT SEE,MD,PASSENGER CAR,BACKING,25,No,2018,FORD,CG,39.15566406,-77.04991776,2023,6,13
230031256,Property Damage Crash,06/30/2023 01:00:00 PM,OLD BALTIMORE RD,NA,SAME DIR REAR END,Clear,DRY,Daylight,NO CONTROLS,NONE DETECTED,No,No Apparent Injury,N/A,NOT DISTRACTED,MD,PASSENGER CAR,STOPPED IN TRAFFIC LANE,25,Unknown,2023,CHEV,HB,39.15566406,-77.04991776,2023,6,13
230031254,Property Damage Crash,06/30/2023 12:19:00 PM,NA,NA,OTHER,Clear,NA,Daylight,NO CONTROLS,NONE DETECTED,Yes,No Apparent Injury,N/A,UNKNOWN,MD,PASSENGER CAR,UNKNOWN,10,No,2012,TOYOTA,PRIUS,39.04605633,-77.11295183,2023,6,12
230031246,Property Damage Crash,06/30/2023 12:00:00 PM,MONTGOMERY VILLAGE AVE,NA,SAME DIR REAR END,Clear,DRY,Daylight,NO CONTROLS,NONE DETECTED,Yes,No Apparent Injury,N/A,UNKNOWN,MD,PASSENGER CAR,MOVING CONSTANT SPEED,35,No,2000,TOYOTA,CELICA,39.1685145,-77.20477033,2023,6,12
230031246,Property Damage Crash,06/30/2023 12:00:00 PM,MONTGOMERY VILLAGE AVE,NA,SAME DIR REAR END,Clear,DRY,Daylight,NO CONTROLS,NONE DETECTED,No,No Apparent Injury,N/A,NOT DISTRACTED,MD,PASSENGER CAR,UNKNOWN,35,No,2021,VOLKS,TIQUAN,39.1685145,-77.20477033,2023,6,12
230031224,Property Damage Crash,06/30/2023 10:51:00 AM,GEORGIA AVE,NA,OTHER,Clear,DRY,Daylight,NO CONTROLS,NONE DETECTED,Yes,No Apparent Injury,N/A,NOT DISTRACTED,NA,(SPORT) UTILITY VEHICLE,CHANGING LANES,30,No,2015,ACURA,MDX,39.03281683,-77.04337483,2023,6,10
230031224,Property Damage Crash,06/30/2023 10:51:00 AM,GEORGIA AVE,NA,OTHER,Clear,DRY,Daylight,NO CONTROLS,NONE DETECTED,No,No Apparent Injury,N/A,NOT DISTRACTED,MD,(SPORT) UTILITY VEHICLE,MOVING CONSTANT SPEED,30,No,2022,TOYOTA,HIGHLANDER,39.03281683,-77.04337483,2023,6,10
230031220,Property Damage Crash,06/30/2023 09:50:00 AM,DARNESTOWN RD,NA,ANGLE MEETS LEFT TURN,Clear,DRY,Daylight,STOP SIGN,NONE DETECTED,Yes,No Apparent Injury,N/A,LOOKED BUT DID NOT SEE,MD,PASSENGER CAR,MAKING LEFT TURN,40,No,2016,LEXUS,UT,39.13024,-77.3468,2023,6,9
230031220,Property Damage Crash,06/30/2023 09:50:00 AM,DARNESTOWN RD,NA,ANGLE MEETS LEFT TURN,Clear,DRY,Daylight,STOP SIGN,NONE DETECTED,No,No Apparent Injury,N/A,NOT DISTRACTED,MD,"MEDIUM/HEAVY TRUCKS 3 AXLES (OVER 10,000LBS (4,536KG))",MOVING CONSTANT SPEED,50,No,2006,INTL,TK,39.13024,-77.3468,2023,6,9
230031200,Injury Crash,06/30/2023 08:51:00 AM,CONNECTICUT AVE,NA,STRAIGHT MOVEMENT ANGLE,Cloudy,DRY,Daylight,NO CONTROLS,NONE DETECTED,Yes,No Apparent Injury,N/A,LOOKED BUT DID NOT SEE,MD,PASSENGER CAR,MAKING LEFT TURN,35,No,2014,MNNI,HB,39.07793267,-77.08077233,2023,6,8
230031200,Injury Crash,06/30/2023 08:51:00 AM,CONNECTICUT AVE,NA,STRAIGHT MOVEMENT ANGLE,Cloudy,DRY,Daylight,NO CONTROLS,NONE DETECTED,No,Possible Minor Injury,N/A,NOT DISTRACTED,MD,PASSENGER CAR,MOVING CONSTANT SPEED,30,No,2021,TOYOTA,RAV4,39.07793267,-77.08077233,2023,6,8
230031197,Injury Crash,06/30/2023 08:17:00 AM,W DIAMOND AVE,NA,SAME DIR REAR END,Clear,DRY,Daylight,N/A,NONE DETECTED,Yes,No Apparent Injury,N/A,OTHER DISTRACTION,MD,PASSENGER CAR,MOVING CONSTANT SPEED,35,No,2014,ACURA,MDX,39.14227548,-77.22026495,2023,6,8
230031197,Injury Crash,06/30/2023 08:17:00 AM,W DIAMOND AVE,NA,SAME DIR REAR END,Clear,DRY,Daylight,N/A,NONE DETECTED,No,No Apparent Injury,N/A,NOT DISTRACTED,MD,VAN,SLOWING OR STOPPING,35,No,2018,HONDA,ODYSSEY,39.14227548,-77.22026495,2023,6,8
230031188,Injury Crash,06/30/2023 06:54:00 AM,CLARKSBURG RD,NA,SINGLE VEHICLE,Clear,DRY,Daylight,NO CONTROLS,NONE DETECTED,Yes,Possible Minor Injury,N/A,NOT DISTRACTED,MD,(SPORT) UTILITY VEHICLE,MOVING CONSTANT SPEED,40,No,2021,HONDA,CR-V,39.23425299,-77.28172913,2023,6,6
230031142,Injury Crash,06/29/2023 07:30:00 PM,RIVER RD,NA,STRAIGHT MOVEMENT ANGLE,Clear,DRY,Daylight,TRAFFIC SIGNAL,NONE DETECTED,No,Possible Minor Injury,N/A,NOT DISTRACTED,MD,PASSENGER CAR,MAKING LEFT TURN,35,No,2013,TOYT,COROLLA,38.98042557,-77.1338279,2023,6,19
230031142,Injury Crash,06/29/2023 07:30:00 PM,RIVER RD,NA,STRAIGHT MOVEMENT ANGLE,Clear,DRY,Daylight,TRAFFIC SIGNAL,NONE DETECTED,Yes,No Apparent Injury,N/A,OTHER ELECTRONIC DEVICE (NAVIGATIONAL PALM PILOT),ID,PASSENGER CAR,STARTING FROM LANE,35,No,2020,HYUN,ELANTRA,38.98042557,-77.1338279,2023,6,19
230031424,Injury Crash,06/29/2023 07:16:00 PM,NA,NA,STRAIGHT MOVEMENT ANGLE,Clear,NA,Daylight,NO CONTROLS,NONE DETECTED,Unknown,Possible Minor Injury,N/A,NOT DISTRACTED,MD,PASSENGER CAR,MOVING CONSTANT SPEED,0,No,2015,TOYOTA,PRIUS,39.0375693,-77.02921586,2023,6,19
230031424,Injury Crash,06/29/2023 07:16:00 PM,NA,NA,STRAIGHT MOVEMENT ANGLE,Clear,NA,Daylight,NO CONTROLS,NONE DETECTED,Unknown,No Apparent Injury,N/A,NOT DISTRACTED,MD,PASSENGER CAR,BACKING,5,No,2014,VOLSWAGAN,JETTA,39.0375693,-77.02921586,2023,6,19
230031137,Property Damage Crash,06/29/2023 07:04:00 PM,E JEFFERSON ST,NA,HEAD ON LEFT TURN,Cloudy,DRY,Daylight,TRAFFIC SIGNAL,NONE DETECTED,No,No Apparent Injury,N/A,NOT DISTRACTED,MD,PASSENGER CAR,MOVING CONSTANT SPEED,30,No,2007,TOYOTA,YARIS,39.0827017,-77.15114127,2023,6,19
230031137,Property Damage Crash,06/29/2023 07:04:00 PM,E JEFFERSON ST,NA,HEAD ON LEFT TURN,Cloudy,DRY,Daylight,TRAFFIC SIGNAL,NONE DETECTED,Yes,No Apparent Injury,N/A,UNKNOWN,MD,PASSENGER CAR,MAKING LEFT TURN,30,No,2018,VOLKSWAGON,TIGUAN,39.0827017,-77.15114127,2023,6,19
230031137,Property Damage Crash,06/29/2023 07:04:00 PM,E JEFFERSON ST,NA,HEAD ON LEFT TURN,Cloudy,DRY,Daylight,TRAFFIC SIGNAL,NONE DETECTED,No,No Apparent Injury,N/A,NOT DISTRACTED,MD,PASSENGER CAR,MOVING CONSTANT SPEED,30,No,2016,MAZD,4H,39.0827017,-77.15114127,2023,6,19
230031135,Injury Crash,06/29/2023 07:00:00 PM,FREDERICK RD,NA,SAME DIR REAR END,Clear,DRY,Daylight,NO CONTROLS,NONE DETECTED,Yes,No Apparent Injury,N/A,NOT DISTRACTED,MD,PASSENGER CAR,MOVING CONSTANT SPEED,40,No,2007,HONDA,CRV,39.190459,-77.2418875,2023,6,19
230031135,Injury Crash,06/29/2023 07:00:00 PM,FREDERICK RD,NA,SAME DIR REAR END,Clear,DRY,Daylight,NO CONTROLS,NONE DETECTED,No,Possible Minor Injury,N/A,NOT DISTRACTED,MD,PASSENGER CAR,SLOWING OR STOPPING,40,No,2011,TOYOTA,SIENNA,39.190459,-77.2418875,2023,6,19
230031136,Property Damage Crash,06/29/2023 07:00:00 PM,WISCONSIN AVE,NA,SAME DIRECTION SIDESWIPE,Clear,DRY,Daylight,NO CONTROLS,NONE DETECTED,No,No Apparent Injury,N/A,NOT DISTRACTED,MD,PASSENGER CAR,MOVING CONSTANT SPEED,35,Unknown,2009,TOYT,VARIS,38.99067833,-77.095623,2023,6,19
230031136,Property Damage Crash,06/29/2023 07:00:00 PM,WISCONSIN AVE,NA,SAME DIRECTION SIDESWIPE,Clear,DRY,Daylight,NO CONTROLS,NONE DETECTED,Yes,No Apparent Injury,N/A,LOOKED BUT DID NOT SEE,MD,TRANSIT BUS,CHANGING LANES,35,No,2015,TBU,BUS,38.99067833,-77.095623,2023,6,19
230031126,Property Damage Crash,06/29/2023 06:10:00 PM,GREAT SENECA HWY,NA,ANGLE MEETS LEFT TURN,Cloudy,DRY,Daylight,NO CONTROLS,NONE DETECTED,Yes,No Apparent Injury,N/A,LOOKED BUT DID NOT SEE,PA,PASSENGER CAR,MAKING LEFT TURN,35,No,2016,KIA,FORTE,39.09861353,-77.20431777,2023,6,18
230031126,Property Damage Crash,06/29/2023 06:10:00 PM,GREAT SENECA HWY,NA,ANGLE MEETS LEFT TURN,Cloudy,DRY,Daylight,NO CONTROLS,NONE DETECTED,No,No Apparent Injury,N/A,NOT DISTRACTED,MD,(SPORT) UTILITY VEHICLE,MOVING CONSTANT SPEED,35,No,2021,MERCEDEZ,GLE53,39.09861353,-77.20431777,2023,6,18
230031140,Injury Crash,06/29/2023 05:47:00 PM,RIDGE RD,NA,SAME DIR REAR END,Clear,DRY,Daylight,N/A,NONE DETECTED,No,Possible Minor Injury,N/A,NOT DISTRACTED,SC,PASSENGER CAR,MOVING CONSTANT SPEED,40,No,2018,AUDI,A7,39.2529779,-77.23016133,2023,6,17
230031127,Property Damage Crash,06/29/2023 05:47:00 PM,NICKELBY DR,NA,OTHER,Clear,DRY,Daylight,NO CONTROLS,ALCOHOL PRESENT,Yes,No Apparent Injury,N/A,NOT DISTRACTED,MD,VAN,MOVING CONSTANT SPEED,25,No,2019,FORD,VAN,39.26515725,-77.2155966,2023,6,17
230031140,Injury Crash,06/29/2023 05:47:00 PM,RIDGE RD,NA,SAME DIR REAR END,Clear,DRY,Daylight,N/A,ALCOHOL PRESENT,Yes,No Apparent Injury,N/A,NOT DISTRACTED,MD,VAN,MOVING CONSTANT SPEED,40,No,2019,FORD,VAN,39.2529779,-77.23016133,2023,6,17
230031116,Injury Crash,06/29/2023 05:00:00 PM,NICOLSON LANE,NA,SAME DIR REAR END,Clear,DRY,Daylight,TRAFFIC SIGNAL,NONE DETECTED,No,Possible Minor Injury,N/A,NOT DISTRACTED,AL,MOTORCYCLE,MOVING CONSTANT SPEED,25,No,2015,HONDA,600RO,39.04579658,-77.10897062,2023,6,17
230031116,Injury Crash,06/29/2023 05:00:00 PM,NICOLSON LANE,NA,SAME DIR REAR END,Clear,DRY,Daylight,TRAFFIC SIGNAL,NONE DETECTED,Yes,No Apparent Injury,N/A,LOOKED BUT DID NOT SEE,MD,PASSENGER CAR,MOVING CONSTANT SPEED,25,No,2022,TESLA,UT,39.04579658,-77.10897062,2023,6,17
230031115,Property Damage Crash,06/29/2023 04:36:00 PM,GEORGIA AVE,NA,SINGLE VEHICLE,Clear,DRY,Daylight,NO CONTROLS,ALCOHOL PRESENT,Yes,No Apparent Injury,N/A,TEXTING FROM A CELLULAR PHONE,MD,PASSENGER CAR,MOVING CONSTANT SPEED,35,No,2018,HYUNDAI,ELANTRA,39.04892627,-77.05201526,2023,6,16
230031109,Injury Crash,06/29/2023 04:24:00 PM,NA,NA,OTHER,Clear,NA,Daylight,N/A,NONE DETECTED,Unknown,Possible Minor Injury,N/A,LOOKED BUT DID NOT SEE,MD,(SPORT) UTILITY VEHICLE,MAKING LEFT TURN,15,No,2021,JEEP,GRAND CHEROKEE,39.1217633,-77.20438582,2023,6,16
230031109,Injury Crash,06/29/2023 04:24:00 PM,NA,NA,OTHER,Clear,NA,Daylight,N/A,NONE DETECTED,Unknown,Possible Minor Injury,N/A,NOT DISTRACTED,MD,PASSENGER CAR,MAKING RIGHT TURN,15,No,2021,LEXUS,ES250,39.1217633,-77.20438582,2023,6,16
230031257,Property Damage Crash,06/29/2023 04:00:00 PM,NA,NA,OTHER,Clear,NA,Daylight,NO CONTROLS,NONE DETECTED,Yes,No Apparent Injury,N/A,UNKNOWN,MD,PASSENGER CAR,UNKNOWN,15,No,2020,RAM,2500,39.0220335,-77.1850685,2023,6,16
230030959,Property Damage Crash,06/29/2023 03:44:00 PM,NA,NA,SAME DIRECTION RIGHT TURN,Clear,NA,Daylight,N/A,NONE DETECTED,Yes,No Apparent Injury,N/A,UNKNOWN,NA,PASSENGER CAR,PARKING,10,No,2014,HONDA,ACCORD,38.99297177,-77.0233212,2023,6,15
230031095,Injury Crash,06/29/2023 02:49:00 PM,LAYHILL RD,NA,HEAD ON LEFT TURN,Clear,DRY,Daylight,TRAFFIC SIGNAL,NONE DETECTED,Yes,Possible Minor Injury,N/A,UNKNOWN,MD,PASSENGER CAR,MAKING LEFT TURN,40,No,2015,HONDA,CRV,39.0632515,-77.05007417,2023,6,14
230031095,Injury Crash,06/29/2023 02:49:00 PM,LAYHILL RD,NA,HEAD ON LEFT TURN,Clear,DRY,Daylight,TRAFFIC SIGNAL,NONE DETECTED,No,Possible Minor Injury,N/A,NOT DISTRACTED,MD,PASSENGER CAR,MOVING CONSTANT SPEED,40,No,2021,AUDI,Q5,39.0632515,-77.05007417,2023,6,14
23001253,Property Damage Crash,06/29/2023 01:03:00 PM,NA,NA,SINGLE VEHICLE,Clear,NA,Daylight,NO CONTROLS,NONE DETECTED,Yes,No Apparent Injury,N/A,DISTRACTED BY OUTSIDE PERSON OBJECT OR EVENT,MD,PASSENGER CAR,SLOWING OR STOPPING,25,No,2006,HONDA,ACCORD,39.19923767,-77.2965275,2023,6,13
230031077,Property Damage Crash,06/29/2023 12:59:00 PM,NA,NA,SINGLE VEHICLE,Clear,NA,Daylight,NO CONTROLS,NONE DETECTED,Yes,No Apparent Injury,N/A,NOT DISTRACTED,MD,PASSENGER CAR,MOVING CONSTANT SPEED,0,No,2014,CADILLAC,XTS4,39.1558395,-77.09116817,2023,6,12
23001254,Injury Crash,06/29/2023 12:55:00 PM,NA,NA,SINGLE VEHICLE,Clear,NA,Daylight,NO CONTROLS,NONE DETECTED,Yes,Possible Minor Injury,N/A,UNKNOWN,MD,PASSENGER CAR,MOVING CONSTANT SPEED,25,No,2013,TOYOTA,COROLLA,39.05191063,-77.0440839,2023,6,12
230031067,Injury Crash,06/29/2023 11:53:00 AM,OLD HUNDRED RD,NA,SINGLE VEHICLE,Clear,DRY,Daylight,STOP SIGN,NONE DETECTED,Yes,Possible Minor Injury,N/A,NOT DISTRACTED,MD,PASSENGER CAR,SKIDDING,40,No,2011,FORD,MUSTANG,39.27742352,-77.32464379,2023,6,11
230031056,Property Damage Crash,06/29/2023 11:07:00 AM,GOLDSBORO RD,NA,STRAIGHT MOVEMENT ANGLE,Clear,DRY,Daylight,TRAFFIC SIGNAL,NONE DETECTED,No,No Apparent Injury,N/A,NOT DISTRACTED,DC,PASSENGER CAR,ACCELERATING,30,No,2019,SUBARU,CROSSTREK,38.96997417,-77.130896,2023,6,11
230031056,Property Damage Crash,06/29/2023 11:07:00 AM,GOLDSBORO RD,NA,STRAIGHT MOVEMENT ANGLE,Clear,DRY,Daylight,TRAFFIC SIGNAL,NONE DETECTED,Yes,No Apparent Injury,N/A,NOT DISTRACTED,MD,PASSENGER CAR,MAKING LEFT TURN,30,No,2018,NISSAN,ROGUE,38.96997417,-77.130896,2023,6,11
230031053,Property Damage Crash,06/29/2023 10:56:00 AM,NA,NA,OTHER,Clear,NA,Daylight,N/A,NONE DETECTED,Yes,No Apparent Injury,N/A,NOT DISTRACTED,MD,PASSENGER CAR,BACKING,0,No,2014,FORD,FUSION,38.98491742,-77.0090937,2023,6,10
230031053,Property Damage Crash,06/29/2023 10:56:00 AM,NA,NA,OTHER,Clear,NA,Daylight,N/A,NONE DETECTED,No,No Apparent Injury,N/A,NOT DISTRACTED,NA,PASSENGER CAR,PARKED,0,No,2014,HONDA,ODDESSY,38.98491742,-77.0090937,2023,6,10
230031048,Property Damage Crash,06/29/2023 10:32:00 AM,TAFT ST,NA,HEAD ON,Clear,DRY,Daylight,TRAFFIC SIGNAL,NONE DETECTED,No,No Apparent Injury,N/A,NOT DISTRACTED,MD,TRANSIT BUS,SLOWING OR STOPPING,25,No,2014,GILL,BUS,39.09406615,-77.13275049,2023,6,10
230031048,Property Damage Crash,06/29/2023 10:32:00 AM,TAFT ST,NA,HEAD ON,Clear,DRY,Daylight,TRAFFIC SIGNAL,NONE DETECTED,Yes,No Apparent Injury,N/A,NOT DISTRACTED,FL,PASSENGER CAR,MOVING CONSTANT SPEED,25,No,2005,HOND,SW,39.09406615,-77.13275049,2023,6,10