Local Case Number,ACRS Report Type,Crash Date/Time,Road Name,Related Non-Motorist,Collision Type,Weather,Surface Condition,Light,Traffic Control,Driver Substance Abuse,Driver At Fault,Injury Severity,Circumstance,Driver Distracted By,Drivers License State,Vehicle Body Type,Vehicle Movement,Speed Limit,Driverless Vehicle,Vehicle Year,Vehicle Make,Vehicle Model,Latitude,Longitude,Year,Month,Hour
230031032,Injury Crash,06/29/2023 08:00:00 AM,NEW HAMPSHIRE AVE,NA,SAME DIR REAR END,Clear,DRY,Daylight,TRAFFIC SIGNAL,NONE DETECTED,No,No Apparent Injury,N/A,NOT DISTRACTED,MD,PASSENGER CAR,STOPPED IN TRAFFIC LANE,40,No,2013,FORD,CARGO,39.01157208,-76.97902496,2023,6,8
230031032,Injury Crash,06/29/2023 08:00:00 AM,NEW HAMPSHIRE AVE,NA,SAME DIR REAR END,Clear,DRY,Daylight,TRAFFIC SIGNAL,NONE DETECTED,No,No Apparent Injury,N/A,NOT DISTRACTED,MD,PASSENGER CAR,STOPPED IN TRAFFIC LANE,40,No,2020,ACURA,MDX,39.01157208,-76.97902496,2023,6,8
230031032,Injury Crash,06/29/2023 08:00:00 AM,NEW HAMPSHIRE AVE,NA,SAME DIR REAR END,Clear,DRY,Daylight,TRAFFIC SIGNAL,NONE DETECTED,No,No Apparent Injury,N/A,NOT DISTRACTED,MD,PASSENGER CAR,SLOWING OR STOPPING,40,No,2017,FORD,EXPLORER,39.01157208,-76.97902496,2023,6,8
230031032,Injury Crash,06/29/2023 08:00:00 AM,NEW HAMPSHIRE AVE,NA,SAME DIR REAR END,Clear,DRY,Daylight,TRAFFIC SIGNAL,NONE DETECTED,No,No Apparent Injury,N/A,NOT DISTRACTED,DC,PASSENGER CAR,STOPPED IN TRAFFIC LANE,40,No,2009,HONDA,ACCORD,39.01157208,-76.97902496,2023,6,8
230031032,Injury Crash,06/29/2023 08:00:00 AM,NEW HAMPSHIRE AVE,NA,SAME DIR REAR END,Clear,DRY,Daylight,TRAFFIC SIGNAL,NONE DETECTED,Yes,Possible Minor Injury,N/A,DISTRACTED BY OUTSIDE PERSON OBJECT OR EVENT,MD,PASSENGER CAR,SLOWING OR STOPPING,40,No,2008,VOLK,BEETLE,39.01157208,-76.97902496,2023,6,8
230031029,Property Damage Crash,06/29/2023 07:00:00 AM,WISCONSIN AVE,NA,STRAIGHT MOVEMENT ANGLE,Clear,DRY,Daylight,TRAFFIC SIGNAL,NONE DETECTED,Yes,No Apparent Injury,N/A,NOT DISTRACTED,MD,(SPORT) UTILITY VEHICLE,MOVING CONSTANT SPEED,25,No,2008,JEEP,COMMANDER,38.98360791,-77.09373666,2023,6,7
230031029,Property Damage Crash,06/29/2023 07:00:00 AM,WISCONSIN AVE,NA,STRAIGHT MOVEMENT ANGLE,Clear,DRY,Daylight,TRAFFIC SIGNAL,NONE DETECTED,Yes,No Apparent Injury,N/A,NOT DISTRACTED,MD,(SPORT) UTILITY VEHICLE,MOVING CONSTANT SPEED,25,No,2022,TOYOTA,HIGHLANDER,38.98360791,-77.09373666,2023,6,7
230031015,Property Damage Crash,06/29/2023 04:08:00 AM,FLOWER AVE,NA,OTHER,Clear,DRY,Medium,N/A,NONE DETECTED,Yes,No Apparent Injury,N/A,OTHER DISTRACTION,MD,PASSENGER CAR,MOVING CONSTANT SPEED,30,No,2015,HONDA,CRV,38.99502755,-77.00256659,2023,6,4
230031014,Property Damage Crash,06/29/2023 03:14:00 AM,STONEYBROOK DR,NA,SINGLE VEHICLE,Clear,DRY,Medium,NO CONTROLS,ALCOHOL PRESENT,Yes,No Apparent Injury,N/A,NOT DISTRACTED,MD,(SPORT) UTILITY VEHICLE,MOVING CONSTANT SPEED,25,No,2013,CHEVROLET,EQUINOX,39.0197635,-77.06382165,2023,6,3
230031008,Injury Crash,06/29/2023 01:42:00 AM,METROPOLITAN AVE,NA,SINGLE VEHICLE,Clear,DRY,Medium,NO CONTROLS,NONE DETECTED,Yes,Possible Minor Injury,N/A,UNKNOWN,MD,(SPORT) UTILITY VEHICLE,UNKNOWN,25,No,2007,CHEVROLET,TK,39.0249266,-77.06610416,2023,6,1
230030998,Property Damage Crash,06/28/2023 10:30:00 PM,NA,NA,SINGLE VEHICLE,Clear,NA,Medium,NO CONTROLS,NONE DETECTED,Yes,No Apparent Injury,"N/A, TOLL BOOTH/PLAZA RELATED",NOT DISTRACTED,MD,POLICE VEHICLE/NON EMERGENCY,ACCELERATING,0,No,2014,DODGE,CHARGER,39.12227167,-77.16405167,2023,6,22
230030992,Property Damage Crash,06/28/2023 10:21:00 PM,ROCKVILLE PIKE,NA,HEAD ON LEFT TURN,Cloudy,DRY,Medium,TRAFFIC SIGNAL,NONE DETECTED,Yes,No Apparent Injury,N/A,UNKNOWN,MD,PASSENGER CAR,MAKING LEFT TURN,30,No,2016,MERZ,UT,39.08038132,-77.14411035,2023,6,22
230030992,Property Damage Crash,06/28/2023 10:21:00 PM,ROCKVILLE PIKE,NA,HEAD ON LEFT TURN,Cloudy,DRY,Medium,TRAFFIC SIGNAL,NONE DETECTED,No,No Apparent Injury,N/A,NOT DISTRACTED,MD,PASSENGER CAR,MOVING CONSTANT SPEED,30,No,2008,MERCEDEZ,UT,39.08038132,-77.14411035,2023,6,22
230030982,Injury Crash,06/28/2023 08:47:00 PM,SHADY GROVE RD,NA,STRAIGHT MOVEMENT ANGLE,Clear,DRY,Medium,TRAFFIC SIGNAL,NONE DETECTED,Yes,No Apparent Injury,N/A,UNKNOWN,NY,PASSENGER CAR,MOVING CONSTANT SPEED,40,No,2019,NISSAN,PATHFINDER,39.12952333,-77.16396167,2023,6,20
230030982,Injury Crash,06/28/2023 08:47:00 PM,SHADY GROVE RD,NA,STRAIGHT MOVEMENT ANGLE,Clear,DRY,Medium,TRAFFIC SIGNAL,NONE DETECTED,No,Possible Minor Injury,N/A,NOT DISTRACTED,DC,TRANSIT BUS,ACCELERATING,35,No,2020,NOVA,BUS,39.12952333,-77.16396167,2023,6,20
230030978,Injury Crash,06/28/2023 07:49:00 PM,OLNEY LAYTONSVILLE RD,NA,HEAD ON LEFT TURN,Clear,DRY,Daylight,TRAFFIC SIGNAL,NONE DETECTED,Yes,No Apparent Injury,N/A,NOT DISTRACTED,MD,PASSENGER CAR,MAKING LEFT TURN,40,No,2017,NISSAN,ALTIMA,39.18910767,-77.12097233,2023,6,19
230030978,Injury Crash,06/28/2023 07:49:00 PM,OLNEY LAYTONSVILLE RD,NA,HEAD ON LEFT TURN,Clear,DRY,Daylight,TRAFFIC SIGNAL,NONE DETECTED,No,Possible Minor Injury,N/A,NOT DISTRACTED,MD,PICKUP TRUCK,MOVING CONSTANT SPEED,50,No,2018,CHEVY,PICK UP,39.18910767,-77.12097233,2023,6,19
230030964,Property Damage Crash,06/28/2023 06:45:00 PM,MUNCASTER RD,NA,STRAIGHT MOVEMENT ANGLE,Clear,N/A,Daylight,NO CONTROLS,NONE DETECTED,Yes,No Apparent Injury,N/A,UNKNOWN,NA,NA,UNKNOWN,35,No,0,UNKNOWN,UNKNOWN,39.14574681,-77.14384878,2023,6,18
230030964,Property Damage Crash,06/28/2023 06:45:00 PM,MUNCASTER RD,NA,STRAIGHT MOVEMENT ANGLE,Clear,N/A,Daylight,NO CONTROLS,NONE DETECTED,No,No Apparent Injury,N/A,NOT DISTRACTED,MD,PASSENGER CAR,STOPPED IN TRAFFIC LANE,35,No,2010,TOYOTA,PRIUS,39.14574681,-77.14384878,2023,6,18
230030952,Property Damage Crash,06/28/2023 06:03:00 PM,QUINCE ORCHARD RD,NA,SAME DIR REAR END,Clear,DRY,Daylight,NO CONTROLS,NONE DETECTED,Yes,No Apparent Injury,N/A,UNKNOWN,MD,PASSENGER CAR,MOVING CONSTANT SPEED,35,No,2018,JEEP,WRANGLER,39.13648167,-77.22297833,2023,6,18
230030952,Property Damage Crash,06/28/2023 06:03:00 PM,QUINCE ORCHARD RD,NA,SAME DIR REAR END,Clear,DRY,Daylight,NO CONTROLS,NONE DETECTED,No,No Apparent Injury,N/A,NOT DISTRACTED,MD,PASSENGER CAR,SLOWING OR STOPPING,35,No,2004,TOYT,CAMRY,39.13648167,-77.22297833,2023,6,18
230030934,Injury Crash,06/28/2023 05:20:00 PM,S FREDERICK RD,NA,SAME DIRECTION SIDESWIPE,Clear,DRY,Daylight,NO CONTROLS,NONE DETECTED,Yes,Possible Minor Injury,N/A,UNKNOWN,MD,PASSENGER CAR,MOVING CONSTANT SPEED,35,No,2021,TOYO,CORO,39.13029365,-77.18707677,2023,6,17
230030934,Injury Crash,06/28/2023 05:20:00 PM,S FREDERICK RD,NA,SAME DIRECTION SIDESWIPE,Clear,DRY,Daylight,NO CONTROLS,NONE DETECTED,Yes,No Apparent Injury,N/A,UNKNOWN,MD,PASSENGER CAR,MOVING CONSTANT SPEED,35,No,2020,TOYT,CORO,39.13029365,-77.18707677,2023,6,17
230030937,Property Damage Crash,06/28/2023 04:35:00 PM,ELM ST,NA,SAME DIRECTION RIGHT TURN,Clear,DRY,Daylight,TRAFFIC SIGNAL,NONE DETECTED,No,No Apparent Injury,N/A,NOT DISTRACTED,TX,"MEDIUM/HEAVY TRUCKS 3 AXLES (OVER 10,000LBS (4,536KG))",MAKING RIGHT TURN,25,No,2020,INTL,TK,38.98233483,-77.09842883,2023,6,16
230030937,Property Damage Crash,06/28/2023 04:35:00 PM,ELM ST,NA,SAME DIRECTION RIGHT TURN,Clear,DRY,Daylight,TRAFFIC SIGNAL,NONE DETECTED,Yes,No Apparent Injury,N/A,NOT DISTRACTED,MD,PASSENGER CAR,MOVING CONSTANT SPEED,30,No,2022,AUDI,A5,38.98233483,-77.09842883,2023,6,16
230030931,Injury Crash,06/28/2023 03:32:00 PM,RUSSELL AVE,NA,SAME DIR REAR END,Clear,DRY,Daylight,NO CONTROLS,NONE DETECTED,No,Possible Minor Injury,N/A,NOT DISTRACTED,MD,PASSENGER CAR,SLOWING OR STOPPING,35,No,2023,HYUNDAI,ELANTRA,39.15662499,-77.20611012,2023,6,15
230030931,Injury Crash,06/28/2023 03:32:00 PM,RUSSELL AVE,NA,SAME DIR REAR END,Clear,DRY,Daylight,NO CONTROLS,NONE DETECTED,Yes,No Apparent Injury,N/A,LOOKED BUT DID NOT SEE,MD,PASSENGER CAR,SLOWING OR STOPPING,35,No,2015,CHRYSLER,SD,39.15662499,-77.20611012,2023,6,15
230030911,Property Damage Crash,06/28/2023 02:14:00 PM,OLNEY SANDY SPRING RD,NA,HEAD ON LEFT TURN,Cloudy,DRY,Daylight,TRAFFIC SIGNAL,NONE DETECTED,No,No Apparent Injury,N/A,NOT DISTRACTED,MD,PASSENGER CAR,MOVING CONSTANT SPEED,40,No,2003,CHRY,SW,39.14919667,-77.066425,2023,6,14
230030911,Property Damage Crash,06/28/2023 02:14:00 PM,OLNEY SANDY SPRING RD,NA,HEAD ON LEFT TURN,Cloudy,DRY,Daylight,TRAFFIC SIGNAL,NONE DETECTED,Yes,No Apparent Injury,N/A,LOOKED BUT DID NOT SEE,MD,PASSENGER CAR,STARTING FROM LANE,40,No,2023,BMW,SUV,39.14919667,-77.066425,2023,6,14
230030895,Property Damage Crash,06/28/2023 12:24:00 PM,GILBERT RD,NA,SAME DIRECTION SIDESWIPE,Clear,DRY,Daylight,N/A,NONE DETECTED,Yes,No Apparent Injury,N/A,NOT DISTRACTED,MD,PASSENGER CAR,MOVING CONSTANT SPEED,25,No,2011,HOND,UT,39.08222605,-77.12963846,2023,6,12
230030895,Property Damage Crash,06/28/2023 12:24:00 PM,GILBERT RD,NA,SAME DIRECTION SIDESWIPE,Clear,DRY,Daylight,N/A,NONE DETECTED,No,No Apparent Injury,N/A,NOT DISTRACTED,MD,PICKUP TRUCK,PARKED,25,No,2016,FORD,F250,39.08222605,-77.12963846,2023,6,12
230030888,Property Damage Crash,06/28/2023 11:25:00 AM,GEORGIA AVE,NA,SAME DIR REAR END,Clear,DRY,Daylight,NO CONTROLS,NONE DETECTED,Yes,No Apparent Injury,N/A,NOT DISTRACTED,NA,PASSENGER CAR,PARKING,15,No,2022,HONDA,SEDAN,38.99071333,-77.02634167,2023,6,11
230030888,Property Damage Crash,06/28/2023 11:25:00 AM,GEORGIA AVE,NA,SAME DIR REAR END,Clear,DRY,Daylight,NO CONTROLS,NONE DETECTED,No,No Apparent Injury,N/A,NOT DISTRACTED,DC,PASSENGER CAR,PARKED,15,No,2022,FORD,UT,38.99071333,-77.02634167,2023,6,11
230030880,Injury Crash,06/28/2023 10:47:00 AM,EAST WEST HWY,PEDESTRIAN,SINGLE VEHICLE,Cloudy,DRY,Daylight,TRAFFIC SIGNAL,NONE DETECTED,Yes,No Apparent Injury,N/A,NOT DISTRACTED,MD,PASSENGER CAR,MAKING RIGHT TURN,35,No,2020,TOYOTA,COROLLA,38.99377984,-77.03230618,2023,6,10
230030876,Property Damage Crash,06/28/2023 09:00:00 AM,ROCKVILLE PIKE,NA,STRAIGHT MOVEMENT ANGLE,Clear,DRY,Daylight,TRAFFIC SIGNAL,NONE DETECTED,Yes,No Apparent Injury,N/A,LOOKED BUT DID NOT SEE,MD,PASSENGER CAR,MAKING LEFT TURN,35,No,2014,MERZ,4S,39.00547667,-77.09772667,2023,6,9
230030876,Property Damage Crash,06/28/2023 09:00:00 AM,ROCKVILLE PIKE,NA,STRAIGHT MOVEMENT ANGLE,Clear,DRY,Daylight,TRAFFIC SIGNAL,NONE DETECTED,No,No Apparent Injury,N/A,NOT DISTRACTED,MD,PASSENGER CAR,MAKING LEFT TURN,35,No,2019,TOYT,VN,39.00547667,-77.09772667,2023,6,9
230030867,Property Damage Crash,06/28/2023 08:50:00 AM,OLD GEORGETOWN RD,NA,SAME DIRECTION SIDESWIPE,Clear,DRY,Daylight,NO CONTROLS,NONE DETECTED,No,No Apparent Injury,N/A,NOT DISTRACTED,DC,PASSENGER CAR,MOVING CONSTANT SPEED,35,No,2017,CHEV,SUBURB,39.01459,-77.11854833,2023,6,8
230030867,Property Damage Crash,06/28/2023 08:50:00 AM,OLD GEORGETOWN RD,NA,SAME DIRECTION SIDESWIPE,Clear,DRY,Daylight,NO CONTROLS,NONE DETECTED,Yes,No Apparent Injury,N/A,LOOKED BUT DID NOT SEE,MD,PASSENGER CAR,STARTING FROM LANE,35,No,2017,MERZ,4D,39.01459,-77.11854833,2023,6,8
230030864,Property Damage Crash,06/28/2023 08:40:00 AM,FREDERICK RD,NA,SAME DIR REAR END,Clear,DRY,Daylight,TRAFFIC SIGNAL,NONE DETECTED,Yes,No Apparent Injury,N/A,NOT DISTRACTED,MD,PASSENGER CAR,MOVING CONSTANT SPEED,40,No,2020,DODG,CHARGER,39.12268333,-77.178036,2023,6,8
230030864,Property Damage Crash,06/28/2023 08:40:00 AM,FREDERICK RD,NA,SAME DIR REAR END,Clear,DRY,Daylight,TRAFFIC SIGNAL,NONE DETECTED,No,No Apparent Injury,N/A,NOT DISTRACTED,MD,PASSENGER CAR,SLOWING OR STOPPING,40,No,2010,CHEV,TRAVERSE,39.12268333,-77.178036,2023,6,8
230030853,Injury Crash,06/28/2023 07:14:00 AM,FREDERICK RD,NA,SAME DIR REAR END,Clear,DRY,Daylight,NO CONTROLS,NONE DETECTED,Yes,No Apparent Injury,N/A,UNKNOWN,MD,PICKUP TRUCK,MOVING CONSTANT SPEED,45,No,2019,FORD,TK,39.19612068,-77.24686998,2023,6,7
230030853,Injury Crash,06/28/2023 07:14:00 AM,FREDERICK RD,NA,SAME DIR REAR END,Clear,DRY,Daylight,NO CONTROLS,NONE DETECTED,No,Possible Minor Injury,N/A,NOT DISTRACTED,MD,PASSENGER CAR,STOPPED IN TRAFFIC LANE,45,No,2012,TOYT,WG,39.19612068,-77.24686998,2023,6,7
230030850,Property Damage Crash,06/28/2023 04:27:00 AM,HADLEY FARMS DR,NA,SINGLE VEHICLE,Clear,DRY,Medium,NO CONTROLS,NONE DETECTED,Unknown,No Apparent Injury,N/A,UNKNOWN,NA,PASSENGER CAR,ACCELERATING,25,No,2021,KIA,SELTOS,39.18147483,-77.15787621,2023,6,4
230030845,Property Damage Crash,06/27/2023 10:20:00 PM,WISCONSIN CIR,NA,SAME DIRECTION SIDESWIPE,Clear,DRY,Medium,NO CONTROLS,NONE DETECTED,No,No Apparent Injury,N/A,NOT DISTRACTED,DC,TRANSIT BUS,CHANGING LANES,25,No,2012,TBU,BUS,38.96163833,-77.08575833,2023,6,22
230030845,Property Damage Crash,06/27/2023 10:20:00 PM,WISCONSIN CIR,NA,SAME DIRECTION SIDESWIPE,Clear,DRY,Medium,NO CONTROLS,NONE DETECTED,Yes,No Apparent Injury,N/A,INATTENTIVE OR LOST IN THOUGHT,MD,PASSENGER CAR,STOPPED IN TRAFFIC LANE,25,No,2013,TOYT,COROLLA,38.96163833,-77.08575833,2023,6,22
230030822,Property Damage Crash,06/27/2023 09:30:00 PM,ROCKVILLE PIKE,NA,SAME DIRECTION SIDESWIPE,Rain,WET,Medium,TRAFFIC SIGNAL,NONE DETECTED,Yes,No Apparent Injury,"N/A, WET",LOOKED BUT DID NOT SEE,MD,POLICE VEHICLE/NON EMERGENCY,MOVING CONSTANT SPEED,35,No,2016,FORD,INTERCEPTOR,38.98489,-77.09378283,2023,6,21
230030822,Property Damage Crash,06/27/2023 09:30:00 PM,ROCKVILLE PIKE,NA,SAME DIRECTION SIDESWIPE,Rain,WET,Medium,TRAFFIC SIGNAL,NONE DETECTED,No,No Apparent Injury,"N/A, WET",NOT DISTRACTED,MD,PASSENGER CAR,MOVING CONSTANT SPEED,35,No,2022,HOND,UT,38.98489,-77.09378283,2023,6,21
230030812,Injury Crash,06/27/2023 08:44:00 PM,OLD COLUMBIA PIKE,NA,SAME DIR REAR END,Rain,WET,Medium,NO CONTROLS,NONE DETECTED,No,No Apparent Injury,N/A,NOT DISTRACTED,MD,PASSENGER CAR,MOVING CONSTANT SPEED,35,No,2016,HONDA,ACCORD,39.06302383,-76.96614583,2023,6,20
230030812,Injury Crash,06/27/2023 08:44:00 PM,OLD COLUMBIA PIKE,NA,SAME DIR REAR END,Rain,WET,Medium,NO CONTROLS,NONE DETECTED,No,Possible Minor Injury,N/A,NOT DISTRACTED,MD,PASSENGER CAR,MOVING CONSTANT SPEED,35,No,2008,TOYOTA,COROLLA,39.06302383,-76.96614583,2023,6,20
230030812,Injury Crash,06/27/2023 08:44:00 PM,OLD COLUMBIA PIKE,NA,SAME DIR REAR END,Rain,WET,Medium,NO CONTROLS,NONE DETECTED,Yes,No Apparent Injury,N/A,UNKNOWN,NA,NA,MOVING CONSTANT SPEED,35,No,0,UNKNOWN,UNKNOWN,39.06302383,-76.96614583,2023,6,20
230030808,Property Damage Crash,06/27/2023 08:03:00 PM,NEW HAMPSHIRE AVE,NA,SAME DIR REAR END,Clear,WET,Daylight,N/A,NONE DETECTED,No,No Apparent Injury,"N/A, WET",NOT DISTRACTED,MD,PASSENGER CAR,SLOWING OR STOPPING,35,No,2017,HONDA,ACCORD,38.9885615,-76.98748419,2023,6,20
230030808,Property Damage Crash,06/27/2023 08:03:00 PM,NEW HAMPSHIRE AVE,NA,SAME DIR REAR END,Clear,WET,Daylight,N/A,NONE DETECTED,Yes,No Apparent Injury,"N/A, WET",UNKNOWN,NA,PASSENGER CAR,SLOWING OR STOPPING,35,No,2014,HONDA,ACCORD,38.9885615,-76.98748419,2023,6,20
230030803,Property Damage Crash,06/27/2023 06:59:00 PM,MANOR RD,NA,OTHER,Rain,WET,Daylight,N/A,NONE DETECTED,Yes,No Apparent Injury,N/A,INATTENTIVE OR LOST IN THOUGHT,MD,PASSENGER CAR,MOVING CONSTANT SPEED,30,No,2011,NISSAN,SENTRA,38.996545,-77.07497667,2023,6,18
230030801,Property Damage Crash,06/27/2023 06:50:00 PM,ALLIED PL,NA,STRAIGHT MOVEMENT ANGLE,Clear,DRY,Daylight,NO CONTROLS,NONE DETECTED,Yes,No Apparent Injury,N/A,LOOKED BUT DID NOT SEE,MD,(SPORT) UTILITY VEHICLE,BACKING,25,No,2014,GMC,TK,39.15115228,-77.19140053,2023,6,18
230030801,Property Damage Crash,06/27/2023 06:50:00 PM,ALLIED PL,NA,STRAIGHT MOVEMENT ANGLE,Clear,DRY,Daylight,NO CONTROLS,NONE DETECTED,No,No Apparent Injury,N/A,NOT DISTRACTED,MD,PASSENGER CAR,MOVING CONSTANT SPEED,25,No,2023,KIA,K5,39.15115228,-77.19140053,2023,6,18
230030793,Property Damage Crash,06/27/2023 06:00:00 PM,GEORGIA AVE,NA,SAME DIR REAR END,Clear,DRY,Daylight,UNKNOWN,NONE DETECTED,No,No Apparent Injury,N/A,UNKNOWN,NA,NA,CHANGING LANES,35,No,0,UNKNOWN,UNKNOWN,39.052975000000004,-77.05039,2023,6,18
230030793,Property Damage Crash,06/27/2023 06:00:00 PM,GEORGIA AVE,NA,SAME DIR REAR END,Clear,DRY,Daylight,UNKNOWN,NONE DETECTED,Yes,No Apparent Injury,N/A,NOT DISTRACTED,MD,PASSENGER CAR,MOVING CONSTANT SPEED,35,No,2016,HONDA,ACCORD,39.052975000000004,-77.05039,2023,6,18
230030785,Injury Crash,06/27/2023 05:44:00 PM,EPPING RD,NA,SAME DIRECTION SIDESWIPE,Cloudy,DRY,Daylight,NO CONTROLS,NONE DETECTED,No,Possible Minor Injury,N/A,NOT DISTRACTED,MD,PASSENGER CAR,MAKING LEFT TURN,25,No,2023,ACURA,MDX,39.06499017,-77.05809683,2023,6,17
230030785,Injury Crash,06/27/2023 05:44:00 PM,EPPING RD,NA,SAME DIRECTION SIDESWIPE,Cloudy,DRY,Daylight,NO CONTROLS,NONE DETECTED,Yes,No Apparent Injury,N/A,UNKNOWN,MD,PASSENGER CAR,MOVING CONSTANT SPEED,25,No,2009,KIA,RONDO,39.06499017,-77.05809683,2023,6,17
230030788,Property Damage Crash,06/27/2023 05:21:00 PM,ROCKVILLE PIKE,NA,SAME DIRECTION SIDESWIPE,Clear,DRY,Daylight,TRAFFIC SIGNAL,NONE DETECTED,Unknown,No Apparent Injury,N/A,UNKNOWN,NA,UNKNOWN,STOPPED IN TRAFFIC LANE,35,No,0,UNKNOWN,UNKNOWN,38.996888,-77.09564417,2023,6,17
230030788,Property Damage Crash,06/27/2023 05:21:00 PM,ROCKVILLE PIKE,NA,SAME DIRECTION SIDESWIPE,Clear,DRY,Daylight,TRAFFIC SIGNAL,NONE DETECTED,Yes,No Apparent Injury,N/A,LOOKED BUT DID NOT SEE,MD,TRANSIT BUS,MAKING LEFT TURN,35,No,2020,GILLIG,LOW FLOOR BUS,38.996888,-77.09564417,2023,6,17
230030711,Property Damage Crash,06/27/2023 04:40:00 PM,SANDY SPRING RD,NA,ANGLE MEETS RIGHT TURN,Rain,WET,Daylight,NO CONTROLS,NONE DETECTED,No,No Apparent Injury,"N/A, WET",NOT DISTRACTED,MD,PASSENGER CAR,MOVING CONSTANT SPEED,35,No,2012,INFI,SD,39.10639,-76.9194325,2023,6,16
230030711,Property Damage Crash,06/27/2023 04:40:00 PM,SANDY SPRING RD,NA,ANGLE MEETS RIGHT TURN,Rain,WET,Daylight,NO CONTROLS,NONE DETECTED,Yes,No Apparent Injury,"N/A, WET",LOOKED BUT DID NOT SEE,MD,PASSENGER CAR,ENTERING TRAFFIC LANE,35,No,2005,TOYT,4S,39.10639,-76.9194325,2023,6,16
230030772,Property Damage Crash,06/27/2023 04:37:00 PM,GROSVENOR LA,NA,SAME DIR REAR END,Rain,WET,Daylight,N/A,NONE DETECTED,No,No Apparent Injury,N/A,NOT DISTRACTED,MD,TRANSIT BUS,SLOWING OR STOPPING,30,No,2020,GILIG,BUS,39.02259333,-77.11112,2023,6,16
230030777,Property Damage Crash,06/27/2023 04:37:00 PM,VEIRS MILL RD,NA,SAME DIR REAR END,Cloudy,DRY,Daylight,TRAFFIC SIGNAL,NONE DETECTED,No,No Apparent Injury,N/A,UNKNOWN,MD,PASSENGER CAR,MAKING U TURN,35,No,2004,SCION,XB,39.07498348,-77.11562793,2023,6,16
230030777,Property Damage Crash,06/27/2023 04:37:00 PM,VEIRS MILL RD,NA,SAME DIR REAR END,Cloudy,DRY,Daylight,TRAFFIC SIGNAL,NONE DETECTED,Yes,No Apparent Injury,N/A,UNKNOWN,MD,PASSENGER CAR,MAKING U TURN,35,No,2004,SATURN,ION,39.07498348,-77.11562793,2023,6,16
230030772,Property Damage Crash,06/27/2023 04:37:00 PM,GROSVENOR LA,NA,SAME DIR REAR END,Rain,WET,Daylight,N/A,NONE DETECTED,Yes,No Apparent Injury,N/A,LOOKED BUT DID NOT SEE,MD,PASSENGER CAR,MOVING CONSTANT SPEED,30,No,2009,TOYOTA,HIGHLANDER,39.02259333,-77.11112,2023,6,16
230030766,Property Damage Crash,06/27/2023 04:15:00 PM,GEORGIA AVE,NA,SAME DIR REAR END,Cloudy,WET,Daylight,NO CONTROLS,NONE DETECTED,Yes,No Apparent Injury,"N/A, WET",NOT DISTRACTED,MD,PASSENGER CAR,SLOWING OR STOPPING,40,No,2001,TOYOTA,CAMRY,39.20964333,-77.0627725,2023,6,16
230030766,Property Damage Crash,06/27/2023 04:15:00 PM,GEORGIA AVE,NA,SAME DIR REAR END,Cloudy,WET,Daylight,NO CONTROLS,NONE DETECTED,No,No Apparent Injury,"N/A, WET",NOT DISTRACTED,MD,PASSENGER CAR,SLOWING OR STOPPING,40,No,2016,FORD,EDGE,39.20964333,-77.0627725,2023,6,16
230030766,Property Damage Crash,06/27/2023 04:15:00 PM,GEORGIA AVE,NA,SAME DIR REAR END,Cloudy,WET,Daylight,NO CONTROLS,NONE DETECTED,No,No Apparent Injury,"N/A, WET",NOT DISTRACTED,MD,PASSENGER CAR,SLOWING OR STOPPING,40,No,2013,MAZDA,3,39.20964333,-77.0627725,2023,6,16
230030762,Property Damage Crash,06/27/2023 04:05:00 PM,RIVER RD,NA,SAME DIR REAR END,Rain,WET,Daylight,TRAFFIC SIGNAL,NONE DETECTED,No,No Apparent Injury,"RAIN, SNOW, WET",NOT DISTRACTED,DC,PASSENGER CAR,STOPPED IN TRAFFIC LANE,35,No,2022,VOLVO,XC90,38.9803,-77.13337167,2023,6,16
230030762,Property Damage Crash,06/27/2023 04:05:00 PM,RIVER RD,NA,SAME DIR REAR END,Rain,WET,Daylight,TRAFFIC SIGNAL,NONE DETECTED,Yes,No Apparent Injury,"RAIN, SNOW, WET",INATTENTIVE OR LOST IN THOUGHT,MD,PASSENGER CAR,MOVING CONSTANT SPEED,35,No,2008,HOND,TK,38.9803,-77.13337167,2023,6,16
230030764,Injury Crash,06/27/2023 04:00:00 PM,WISCONSIN AVE,PEDESTRIAN,HEAD ON LEFT TURN,Rain,WET,Daylight,TRAFFIC SIGNAL,NONE DETECTED,Yes,No Apparent Injury,"BACKUP DUE TO REGULAR CONGESTION, RAIN, SNOW",NOT DISTRACTED,MD,"CARGO VAN/LIGHT TRUCK 2 AXLES (OVER 10,000LBS (4,536 KG))",MAKING LEFT TURN,35,No,2010,FORD,ECONOLINE,38.98400983,-77.0940415,2023,6,16
230030767,Injury Crash,06/27/2023 03:49:00 PM,GEORGIA AVE,NA,SAME DIR REAR END,Rain,WET,Daylight,TRAFFIC SIGNAL,NONE DETECTED,No,No Apparent Injury,"N/A, WET",NOT DISTRACTED,MD,ALL TERRAIN VEHICLE (ATV),STOPPED IN TRAFFIC LANE,30,No,2011,TOYOTA,UT,39.00636817,-77.038725,2023,6,15
230030767,Injury Crash,06/27/2023 03:49:00 PM,GEORGIA AVE,NA,SAME DIR REAR END,Rain,WET,Daylight,TRAFFIC SIGNAL,NONE DETECTED,Yes,No Apparent Injury,"N/A, WET",UNKNOWN,NA,PASSENGER CAR,UNKNOWN,30,No,2013,TOYOTA,UT,39.00636817,-77.038725,2023,6,15
230030755,Property Damage Crash,06/27/2023 03:30:00 PM,RANDOLPH RD,NA,SINGLE VEHICLE,Rain,WET,Daylight,OTHER,NONE DETECTED,Yes,No Apparent Injury,"RAIN, SNOW, WET",NOT DISTRACTED,MD,VAN,MOVING CONSTANT SPEED,40,No,2014,HONDA,ODYSSEY,39.06616002,-77.03448064,2023,6,15
230030757,Property Damage Crash,06/27/2023 02:54:00 PM,SNOWSHOE LA,NA,OTHER,Rain,WET,Daylight,N/A,NONE DETECTED,No,No Apparent Injury,"V WIPERS|W OTHER ENVIRONMENTAL, WET",NOT DISTRACTED,VA,PASSENGER CAR,MOVING CONSTANT SPEED,25,No,2016,TOYOTA,SIENNA,39.0386843,-77.11477484,2023,6,14
230030738,Injury Crash,06/27/2023 01:49:00 PM,MUDDY BRANCH RD,NA,HEAD ON LEFT TURN,Clear,DRY,Daylight,TRAFFIC SIGNAL,NONE DETECTED,No,Possible Minor Injury,N/A,NOT DISTRACTED,MD,PASSENGER CAR,MOVING CONSTANT SPEED,35,No,2020,SUBARU,OUTBACK,39.10259667,-77.22110333,2023,6,13
230030738,Injury Crash,06/27/2023 01:49:00 PM,MUDDY BRANCH RD,NA,HEAD ON LEFT TURN,Clear,DRY,Daylight,TRAFFIC SIGNAL,NONE DETECTED,Yes,Possible Minor Injury,N/A,LOOKED BUT DID NOT SEE,MD,PASSENGER CAR,MAKING LEFT TURN,35,No,2014,VW,PASSAT,39.10259667,-77.22110333,2023,6,13
23001239,Property Damage Crash,06/27/2023 01:15:00 PM,NA,NA,SAME DIR REAR END,Clear,NA,Daylight,NO CONTROLS,NONE DETECTED,Yes,No Apparent Injury,N/A,NOT DISTRACTED,MD,PASSENGER CAR,BACKING,25,No,2014,BMW,SD,39.14536735,-77.17028619,2023,6,13