Local Case Number,ACRS Report Type,Crash Date/Time,Road Name,Related Non-Motorist,Collision Type,Weather,Surface Condition,Light,Traffic Control,Driver Substance Abuse,Driver At Fault,Injury Severity,Circumstance,Driver Distracted By,Drivers License State,Vehicle Body Type,Vehicle Movement,Speed Limit,Driverless Vehicle,Vehicle Year,Vehicle Make,Vehicle Model,Latitude,Longitude,Year,Month,Hour
230030720,Injury Crash,06/27/2023 12:00:00 PM,CONNECTICUT AVE,NA,STRAIGHT MOVEMENT ANGLE,Clear,DRY,Daylight,TRAFFIC SIGNAL,NONE DETECTED,No,Possible Minor Injury,N/A,UNKNOWN,MD,PASSENGER CAR,MOVING CONSTANT SPEED,35,No,2005,VOLV,UT,39.08352683,-77.07842117,2023,6,12
230030720,Injury Crash,06/27/2023 12:00:00 PM,CONNECTICUT AVE,NA,STRAIGHT MOVEMENT ANGLE,Clear,DRY,Daylight,TRAFFIC SIGNAL,NONE DETECTED,Yes,Suspected Serious Injury,N/A,NOT DISTRACTED,MD,PASSENGER CAR,MAKING LEFT TURN,35,No,2013,ACURA,SUV,39.08352683,-77.07842117,2023,6,12
230030715,Property Damage Crash,06/27/2023 11:30:00 AM,E GUDE DR,NA,STRAIGHT MOVEMENT ANGLE,Clear,DRY,Daylight,TRAFFIC SIGNAL,NONE DETECTED,Yes,No Apparent Injury,N/A,NOT DISTRACTED,MD,PICKUP TRUCK,MAKING LEFT TURN,40,No,2017,NISSAN,TK,39.09962733,-77.13907783,2023,6,11
230030715,Property Damage Crash,06/27/2023 11:30:00 AM,E GUDE DR,NA,STRAIGHT MOVEMENT ANGLE,Clear,DRY,Daylight,TRAFFIC SIGNAL,NONE DETECTED,No,No Apparent Injury,N/A,NOT DISTRACTED,MD,PASSENGER CAR,MOVING CONSTANT SPEED,40,No,2015,DODG,2H CHALLENGER,39.09962733,-77.13907783,2023,6,11
230030708,Property Damage Crash,06/27/2023 10:30:00 AM,TRAVILAH RD,NA,SAME DIRECTION LEFT TURN,Clear,DRY,Daylight,NO CONTROLS,NONE DETECTED,No,No Apparent Injury,N/A,NOT DISTRACTED,MD,PASSENGER CAR,SLOWING OR STOPPING,30,No,2020,TESLA,4S,39.06385833,-77.27062333,2023,6,10
230030708,Property Damage Crash,06/27/2023 10:30:00 AM,TRAVILAH RD,NA,SAME DIRECTION LEFT TURN,Clear,DRY,Daylight,NO CONTROLS,NONE DETECTED,Yes,No Apparent Injury,N/A,NOT DISTRACTED,MD,(SPORT) UTILITY VEHICLE,PASSING,30,No,2023,PORSCHE,UT,39.06385833,-77.27062333,2023,6,10
230030696,Property Damage Crash,06/27/2023 10:00:00 AM,NORBECK RD,NA,SAME DIR REAR END,Clear,DRY,Daylight,NO CONTROLS,NONE DETECTED,Yes,No Apparent Injury,"N/A, ROAD UNDER CONSTRUCTION/MAINTENANCE",DISTRACTED BY OUTSIDE PERSON OBJECT OR EVENT,PA,PASSENGER CAR,SLOWING OR STOPPING,45,No,2019,KIA,SOUL,39.0898847,-77.12918313,2023,6,10
230030696,Property Damage Crash,06/27/2023 10:00:00 AM,NORBECK RD,NA,SAME DIR REAR END,Clear,DRY,Daylight,NO CONTROLS,NONE DETECTED,No,No Apparent Injury,"N/A, ROAD UNDER CONSTRUCTION/MAINTENANCE",NOT DISTRACTED,MD,PASSENGER CAR,SLOWING OR STOPPING,45,No,2017,NISSAN,ALTIMA,39.0898847,-77.12918313,2023,6,10
230030692,Property Damage Crash,06/27/2023 09:40:00 AM,NA,NA,SAME DIR REAR END,Clear,NA,Daylight,NO CONTROLS,NONE DETECTED,Yes,No Apparent Injury,N/A,NOT DISTRACTED,DC,"CARGO VAN/LIGHT TRUCK 2 AXLES (OVER 10,000LBS (4,536 KG))",BACKING,15,No,2020,FORD,PK,39.1580889,-77.20534788,2023,6,9
230030689,Property Damage Crash,06/27/2023 08:55:00 AM,WESTMORELAND CIR,NA,SAME DIR REAR END,Cloudy,DRY,Daylight,NO CONTROLS,NONE DETECTED,No,No Apparent Injury,N/A,NOT DISTRACTED,MD,(SPORT) UTILITY VEHICLE,SLOWING OR STOPPING,30,No,2021,FORD,BRONCO SPORT,38.94910294,-77.10135056,2023,6,8
230030689,Property Damage Crash,06/27/2023 08:55:00 AM,WESTMORELAND CIR,NA,SAME DIR REAR END,Cloudy,DRY,Daylight,NO CONTROLS,NONE DETECTED,Yes,No Apparent Injury,N/A,LOOKED BUT DID NOT SEE,VA,PASSENGER CAR,MOVING CONSTANT SPEED,30,No,2014,CHEV,IMPALA,38.94910294,-77.10135056,2023,6,8
230028185,Injury Crash,06/27/2023 08:54:00 AM,NA,NA,OTHER,Clear,NA,Daylight,N/A,NONE DETECTED,Yes,No Apparent Injury,N/A,INATTENTIVE OR LOST IN THOUGHT,XX,(SPORT) UTILITY VEHICLE,OTHER,5,No,2020,MITSUBISHI,OUTLANDER,39.00964545,-76.98449451,2023,6,8
230028185,Injury Crash,06/27/2023 08:54:00 AM,NA,NA,OTHER,Clear,NA,Daylight,N/A,NONE DETECTED,No,No Apparent Injury,N/A,LOOKED BUT DID NOT SEE,MD,(SPORT) UTILITY VEHICLE,MAKING LEFT TURN,5,No,2014,ACUR,MDX,39.00964545,-76.98449451,2023,6,8
230030675,Injury Crash,06/27/2023 08:00:00 AM,W MONTGOMERY AVE,NA,STRAIGHT MOVEMENT ANGLE,Cloudy,DRY,Daylight,STOP SIGN,NONE DETECTED,No,Possible Minor Injury,N/A,NOT DISTRACTED,MD,PASSENGER CAR,MOVING CONSTANT SPEED,30,No,2007,TOYT,TK,39.08415634,-77.15479946,2023,6,8
230030675,Injury Crash,06/27/2023 08:00:00 AM,W MONTGOMERY AVE,NA,STRAIGHT MOVEMENT ANGLE,Cloudy,DRY,Daylight,STOP SIGN,NONE DETECTED,Yes,Possible Minor Injury,N/A,INATTENTIVE OR LOST IN THOUGHT,GA,PASSENGER CAR,ACCELERATING,30,No,2020,JEEP,COMPASS,39.08415634,-77.15479946,2023,6,8
230030654,Injury Crash,06/26/2023 11:36:00 PM,LINCOLN AVE,NA,OTHER,Clear,DRY,Medium,N/A,NONE DETECTED,Yes,Possible Minor Injury,N/A,UNKNOWN,MD,OTHER,MOVING CONSTANT SPEED,5,No,2022,QMWHEEL,H7,39.09215102,-77.14608161,2023,6,23
230030650,Injury Crash,06/26/2023 11:26:00 PM,LORAIN AVE,NA,ANGLE MEETS LEFT TURN,Clear,DRY,Medium,NO CONTROLS,NONE DETECTED,Yes,No Apparent Injury,N/A,NOT DISTRACTED,MD,PASSENGER CAR,SLOWING OR STOPPING,40,No,2009,HONDA,CIVIC,39.02382333,-77.01111,2023,6,23
230030650,Injury Crash,06/26/2023 11:26:00 PM,LORAIN AVE,NA,ANGLE MEETS LEFT TURN,Clear,DRY,Medium,NO CONTROLS,NONE DETECTED,No,Possible Minor Injury,N/A,NOT DISTRACTED,MD,PASSENGER CAR,MOVING CONSTANT SPEED,40,No,2019,KIA,RIO,39.02382333,-77.01111,2023,6,23
23001248,Property Damage Crash,06/26/2023 10:20:00 PM,SLIGO CREEK PKWY,NA,SINGLE VEHICLE,Clear,DRY,Dark,NO CONTROLS,NONE DETECTED,Yes,No Apparent Injury,N/A,BY MOVING OBJECT IN VEHICLE,MD,PASSENGER CAR,MOVING CONSTANT SPEED,25,No,2017,MERZ,C,38.98479568,-77.00310053,2023,6,22
230030621,Injury Crash,06/26/2023 07:00:00 PM,ELIZABETH ST,NA,STRAIGHT MOVEMENT ANGLE,Clear,DRY,Daylight,NO CONTROLS,NONE DETECTED,Yes,No Apparent Injury,N/A,LOOKED BUT DID NOT SEE,MD,PASSENGER CAR,ACCELERATING,25,No,2017,CHEVROLET,MALIBU,39.07221333,-77.08441167,2023,6,19
230030621,Injury Crash,06/26/2023 07:00:00 PM,ELIZABETH ST,NA,STRAIGHT MOVEMENT ANGLE,Clear,DRY,Daylight,NO CONTROLS,NONE DETECTED,No,Possible Minor Injury,N/A,UNKNOWN,MD,MOTORCYCLE,MOVING CONSTANT SPEED,25,No,2017,KAWASAKI,MC,39.07221333,-77.08441167,2023,6,19
230030594,Property Damage Crash,06/26/2023 04:57:00 PM,WOODFIELD RD,NA,SAME DIR REAR END,Clear,DRY,Daylight,NO CONTROLS,NONE DETECTED,Yes,No Apparent Injury,"BACKUP DUE TO REGULAR CONGESTION, N/A",UNKNOWN,MD,PASSENGER CAR,SLOWING OR STOPPING,45,No,2004,MERCURY,GRAND MARQUIS,39.19005667,-77.15181833,2023,6,16
230030594,Property Damage Crash,06/26/2023 04:57:00 PM,WOODFIELD RD,NA,SAME DIR REAR END,Clear,DRY,Daylight,NO CONTROLS,NONE DETECTED,No,No Apparent Injury,"BACKUP DUE TO REGULAR CONGESTION, N/A",NOT DISTRACTED,SC,(SPORT) UTILITY VEHICLE,SLOWING OR STOPPING,45,No,2017,GMC,ACADIA,39.19005667,-77.15181833,2023,6,16
230030580,Injury Crash,06/26/2023 04:26:00 PM,SEMINARY RD,NA,STRAIGHT MOVEMENT ANGLE,Clear,DRY,Daylight,TRAFFIC SIGNAL,NONE DETECTED,Yes,No Apparent Injury,N/A,NOT DISTRACTED,MD,PASSENGER CAR,MAKING LEFT TURN,30,No,2007,NISSAN,MURANO,39.00875517,-77.04074483,2023,6,16
230030580,Injury Crash,06/26/2023 04:26:00 PM,SEMINARY RD,NA,STRAIGHT MOVEMENT ANGLE,Clear,DRY,Daylight,TRAFFIC SIGNAL,NONE DETECTED,No,Possible Minor Injury,N/A,NOT DISTRACTED,MD,PASSENGER CAR,MOVING CONSTANT SPEED,30,No,2012,ACURA,TSX,39.00875517,-77.04074483,2023,6,16
230030568,Property Damage Crash,06/26/2023 03:09:00 PM,BRADLEY BLVD,NA,STRAIGHT MOVEMENT ANGLE,Clear,DRY,Daylight,TRAFFIC SIGNAL,NONE DETECTED,Yes,No Apparent Injury,N/A,LOOKED BUT DID NOT SEE,MD,PASSENGER CAR,MOVING CONSTANT SPEED,35,No,2019,AUDI,Q5,38.97830485,-77.0969071,2023,6,15
230030568,Property Damage Crash,06/26/2023 03:09:00 PM,BRADLEY BLVD,NA,STRAIGHT MOVEMENT ANGLE,Clear,DRY,Daylight,TRAFFIC SIGNAL,NONE DETECTED,Yes,No Apparent Injury,N/A,LOOKED BUT DID NOT SEE,UM,PASSENGER CAR,ACCELERATING,35,No,2015,NISSAN,SENTRA,38.97830485,-77.0969071,2023,6,15
230030556,Property Damage Crash,06/26/2023 01:58:00 PM,INTERSTATE (IS) 270 SB RAMP EXIT 12,NA,SAME DIR REAR END,Clear,DRY,Daylight,TRAFFIC SIGNAL,NONE DETECTED,No,No Apparent Injury,N/A,NOT DISTRACTED,MD,PASSENGER CAR,STARTING FROM LANE,35,No,1997,LEXUS,ES300,39.15568763,-77.22733134,2023,6,13
230030556,Property Damage Crash,06/26/2023 01:58:00 PM,INTERSTATE (IS) 270 SB RAMP EXIT 12,NA,SAME DIR REAR END,Clear,DRY,Daylight,TRAFFIC SIGNAL,NONE DETECTED,Yes,No Apparent Injury,N/A,NOT DISTRACTED,MD,POLICE VEHICLE/NON EMERGENCY,STARTING FROM LANE,35,No,2021,FORD,EXPLORER,39.15568763,-77.22733134,2023,6,13
230030560,Property Damage Crash,06/26/2023 01:21:00 PM,EXETER RD,NA,STRAIGHT MOVEMENT ANGLE,Clear,DRY,Daylight,STOP SIGN,NONE DETECTED,Yes,No Apparent Injury,N/A,NOT DISTRACTED,MD,PASSENGER CAR,SLOWING OR STOPPING,20,No,2008,TOYT,PRIUS,38.98588933,-77.10379867,2023,6,13
230030560,Property Damage Crash,06/26/2023 01:21:00 PM,EXETER RD,NA,STRAIGHT MOVEMENT ANGLE,Clear,DRY,Daylight,STOP SIGN,NONE DETECTED,No,No Apparent Injury,N/A,NOT DISTRACTED,MD,VAN,SLOWING OR STOPPING,25,No,2018,CHRY,PACIFICA,38.98588933,-77.10379867,2023,6,13
230030070,Property Damage Crash,06/26/2023 12:08:00 PM,QUINCE ORCHARD RD,NA,SAME DIR REAR END,Rain,WET,Daylight,OTHER,NONE DETECTED,No,No Apparent Injury,"RAIN, SNOW, WET",NOT DISTRACTED,MD,PICKUP TRUCK,STOPPED IN TRAFFIC LANE,40,No,2014,CHEVY,1500,39.15011302,-77.21508893,2023,6,12
230030070,Property Damage Crash,06/26/2023 12:08:00 PM,QUINCE ORCHARD RD,NA,SAME DIR REAR END,Rain,WET,Daylight,OTHER,NONE DETECTED,Yes,No Apparent Injury,"RAIN, SNOW, WET",NOT DISTRACTED,MD,PASSENGER CAR,SLOWING OR STOPPING,40,No,2015,CHEVY,IMPALA,39.15011302,-77.21508893,2023,6,12
230030673,Property Damage Crash,06/26/2023 12:00:00 PM,NA,NA,OTHER,Clear,NA,Daylight,N/A,NONE DETECTED,Yes,No Apparent Injury,N/A,NOT DISTRACTED,MD,POLICE VEHICLE/NON EMERGENCY,BACKING,0,No,2014,DODGE,CHARGER,39.1498577,-77.23392488,2023,6,12
230030534,Injury Crash,06/26/2023 11:18:00 AM,ROCKLEDGE BLVD,NA,STRAIGHT MOVEMENT ANGLE,Cloudy,DRY,Daylight,TRAFFIC SIGNAL,NONE DETECTED,Yes,Possible Minor Injury,N/A,UNKNOWN,MD,PASSENGER CAR,MAKING LEFT TURN,30,No,2015,TOYOTA,PRIUS,39.02984217,-77.13224667,2023,6,11
230030534,Injury Crash,06/26/2023 11:18:00 AM,ROCKLEDGE BLVD,NA,STRAIGHT MOVEMENT ANGLE,Cloudy,DRY,Daylight,TRAFFIC SIGNAL,NONE DETECTED,No,No Apparent Injury,N/A,NOT DISTRACTED,MD,PICKUP TRUCK,MOVING CONSTANT SPEED,30,No,2012,FORD,F-450,39.02984217,-77.13224667,2023,6,11
230030513,Property Damage Crash,06/26/2023 09:43:00 AM,GEORGIA AVE,NA,SAME DIR REAR END,Clear,DRY,Daylight,TRAFFIC SIGNAL,NONE DETECTED,Yes,No Apparent Injury,N/A,OTHER DISTRACTION,MD,(SPORT) UTILITY VEHICLE,MOVING CONSTANT SPEED,35,No,2010,ACURA,RDX,39.10339717,-77.076623,2023,6,9
230030513,Property Damage Crash,06/26/2023 09:43:00 AM,GEORGIA AVE,NA,SAME DIR REAR END,Clear,DRY,Daylight,TRAFFIC SIGNAL,NONE DETECTED,No,No Apparent Injury,N/A,NOT DISTRACTED,MD,"CARGO VAN/LIGHT TRUCK 2 AXLES (OVER 10,000LBS (4,536 KG))",STOPPED IN TRAFFIC LANE,35,No,2022,KW,ST,39.10339717,-77.076623,2023,6,9
230030502,Property Damage Crash,06/26/2023 08:52:00 AM,COLESVILLE RD,NA,SAME DIRECTION SIDESWIPE,Clear,DRY,Daylight,TRAFFIC SIGNAL,NONE DETECTED,No,No Apparent Injury,N/A,NOT DISTRACTED,MD,TRANSIT BUS,STOPPED IN TRAFFIC LANE,35,No,2020,NOVB,BUS,38.99615859,-77.02801223,2023,6,8
230030502,Property Damage Crash,06/26/2023 08:52:00 AM,COLESVILLE RD,NA,SAME DIRECTION SIDESWIPE,Clear,DRY,Daylight,TRAFFIC SIGNAL,NONE DETECTED,Yes,No Apparent Injury,N/A,NOT DISTRACTED,MD,"CARGO VAN/LIGHT TRUCK 2 AXLES (OVER 10,000LBS (4,536 KG))",SLOWING OR STOPPING,35,No,2022,INTERNAIONAL,BOX TRUCK,38.99615859,-77.02801223,2023,6,8
230030506,Property Damage Crash,06/26/2023 08:30:00 AM,OKINAWA AVE,NA,SAME DIR REAR END,Clear,DRY,Daylight,NO CONTROLS,NONE DETECTED,Yes,No Apparent Injury,N/A,LOOKED BUT DID NOT SEE,MD,PASSENGER CAR,MOVING CONSTANT SPEED,25,No,2011,SUBARU,4D,39.07232338,-77.12186358,2023,6,8
230030494,Injury Crash,06/26/2023 05:42:00 AM,NA,NA,OPPOSITE DIRECTION SIDESWIPE,Clear,NA,Medium,N/A,NONE DETECTED,Yes,No Apparent Injury,N/A,LOOKED BUT DID NOT SEE,MD,PASSENGER CAR,MAKING RIGHT TURN,5,No,2019,TOYOTA,CAMRY,39.04896833,-77.12731167,2023,6,5
230030494,Injury Crash,06/26/2023 05:42:00 AM,NA,NA,OPPOSITE DIRECTION SIDESWIPE,Clear,NA,Medium,N/A,NONE DETECTED,No,No Apparent Injury,N/A,NOT DISTRACTED,MD,PASSENGER CAR,MAKING LEFT TURN,5,No,2016,HYUN,SD,39.04896833,-77.12731167,2023,6,5
230030493,Property Damage Crash,06/26/2023 05:19:00 AM,RIDGE RD,NA,STRAIGHT MOVEMENT ANGLE,Clear,DRY,Medium,TRAFFIC SIGNAL,NONE DETECTED,Yes,No Apparent Injury,N/A,LOOKED BUT DID NOT SEE,MD,PASSENGER CAR,MOVING CONSTANT SPEED,40,No,2017,HYUNDAI,SANTE FE,39.21004389,-77.23982119,2023,6,5
230030493,Property Damage Crash,06/26/2023 05:19:00 AM,RIDGE RD,NA,STRAIGHT MOVEMENT ANGLE,Clear,DRY,Medium,TRAFFIC SIGNAL,NONE DETECTED,No,No Apparent Injury,N/A,NOT DISTRACTED,XX,PASSENGER CAR,MOVING CONSTANT SPEED,40,No,2004,BMW,745,39.21004389,-77.23982119,2023,6,5
230031702,Property Damage Crash,06/26/2023 04:45:00 AM,MONTGOMERY VILLAGE AVE,NA,SAME DIRECTION SIDESWIPE,Clear,DRY,Medium,TRAFFIC SIGNAL,NONE DETECTED,No,No Apparent Injury,N/A,NOT DISTRACTED,MD,PASSENGER CAR,MOVING CONSTANT SPEED,35,No,2015,HYUNDAI,GENESIS,39.16953479,-77.20439619,2023,6,4
230031702,Property Damage Crash,06/26/2023 04:45:00 AM,MONTGOMERY VILLAGE AVE,NA,SAME DIRECTION SIDESWIPE,Clear,DRY,Medium,TRAFFIC SIGNAL,NONE DETECTED,Yes,No Apparent Injury,N/A,LOOKED BUT DID NOT SEE,MD,PASSENGER CAR,MOVING CONSTANT SPEED,35,No,2013,HYUN,4S,39.16953479,-77.20439619,2023,6,4
230030482,Property Damage Crash,06/26/2023 12:22:00 AM,MACARTHUR BLVD,NA,SINGLE VEHICLE,Clear,DRY,Medium,NO CONTROLS,NONE DETECTED,Yes,No Apparent Injury,N/A,LOOKED BUT DID NOT SEE,MD,PASSENGER CAR,SLOWING OR STOPPING,35,No,2014,TOYT,CAMRY,38.97275167,-77.15175833,2023,6,0
230030485,Property Damage Crash,06/25/2023 11:40:00 PM,EMORY LA,NA,SINGLE VEHICLE,Clear,N/A,Medium,NO CONTROLS,NONE DETECTED,Yes,No Apparent Injury,N/A,UNKNOWN,NA,PASSENGER CAR,UNKNOWN,30,No,2019,NISSAN,SENTRA,39.12710567,-77.0766903,2023,6,23
230030469,Property Damage Crash,06/25/2023 10:02:00 PM,S BELGRADE RD,NA,SAME DIRECTION SIDESWIPE,Clear,DRY,Dark,NO CONTROLS,ALCOHOL PRESENT,Yes,No Apparent Injury,N/A,UNKNOWN,MD,(SPORT) UTILITY VEHICLE,MOVING CONSTANT SPEED,25,No,2013,CHEV,EQUINOX,39.04109102,-77.02772518,2023,6,22
230030469,Property Damage Crash,06/25/2023 10:02:00 PM,S BELGRADE RD,NA,SAME DIRECTION SIDESWIPE,Clear,DRY,Dark,NO CONTROLS,NONE DETECTED,No,No Apparent Injury,N/A,NOT DISTRACTED,MD,(SPORT) UTILITY VEHICLE,PARKED,25,No,2023,TOYOTA,SIENNA,39.04109102,-77.02772518,2023,6,22
230030455,Property Damage Crash,06/25/2023 09:00:00 PM,FIRST ST,NA,SAME DIR REAR END,Clear,DRY,Medium,TRAFFIC SIGNAL,NONE DETECTED,No,No Apparent Injury,N/A,NOT DISTRACTED,VA,PASSENGER CAR,STOPPED IN TRAFFIC LANE,35,No,2023,TOYOTA,RAV 4,39.08011457,-77.13788097,2023,6,21
230030455,Property Damage Crash,06/25/2023 09:00:00 PM,FIRST ST,NA,SAME DIR REAR END,Clear,DRY,Medium,TRAFFIC SIGNAL,NONE DETECTED,Yes,No Apparent Injury,N/A,NOT DISTRACTED,MD,OTHER,MOVING CONSTANT SPEED,35,No,2017,CHEVROLET,VAN,39.08011457,-77.13788097,2023,6,21
230030446,Property Damage Crash,06/25/2023 07:38:00 PM,WAYNE AVE,NA,SAME DIRECTION SIDESWIPE,Clear,DRY,Daylight,NO CONTROLS,NONE DETECTED,Yes,No Apparent Injury,"N/A, ROAD UNDER CONSTRUCTION/MAINTENANCE",LOOKED BUT DID NOT SEE,MD,TRANSIT BUS,MOVING CONSTANT SPEED,25,No,2011,GILL,BUS,38.99884033,-77.01958583,2023,6,19
230030429,Injury Crash,06/25/2023 05:38:00 PM,NA,NA,SINGLE VEHICLE,Clear,NA,Daylight,NO CONTROLS,NONE DETECTED,Yes,No Apparent Injury,N/A,LOOKED BUT DID NOT SEE,MD,PASSENGER CAR,ACCELERATING,0,No,2013,HYUN,ELANTRA,39.045405,-77.11439833,2023,6,17
230030431,Property Damage Crash,06/25/2023 05:34:00 PM,EDNOR RD,NA,SAME DIRECTION SIDESWIPE,Clear,DRY,Daylight,N/A,NONE DETECTED,No,No Apparent Injury,N/A,NOT DISTRACTED,MD,PASSENGER CAR,MAKING LEFT TURN,35,No,2014,CHEVROLET,CRUZE,39.145018,-76.96514183,2023,6,17
230030431,Property Damage Crash,06/25/2023 05:34:00 PM,EDNOR RD,NA,SAME DIRECTION SIDESWIPE,Clear,DRY,Daylight,N/A,NONE DETECTED,Yes,No Apparent Injury,N/A,LOOKED BUT DID NOT SEE,MD,PASSENGER CAR,MOVING CONSTANT SPEED,35,No,2017,HONDA,CIVIC,39.145018,-76.96514183,2023,6,17
230030418,Injury Crash,06/25/2023 03:57:00 PM,HALPINE RD,NA,STRAIGHT MOVEMENT ANGLE,Clear,DRY,Daylight,STOP SIGN,NONE DETECTED,Yes,Possible Minor Injury,N/A,UNKNOWN,MD,PASSENGER CAR,MAKING LEFT TURN,35,No,2015,NISSAN,ROGUE,39.06607333,-77.11485733,2023,6,15
230030418,Injury Crash,06/25/2023 03:57:00 PM,HALPINE RD,NA,STRAIGHT MOVEMENT ANGLE,Clear,DRY,Daylight,STOP SIGN,NONE DETECTED,No,Possible Minor Injury,N/A,NOT DISTRACTED,MD,PASSENGER CAR,MOVING CONSTANT SPEED,35,No,2008,VOLK,JETTA,39.06607333,-77.11485733,2023,6,15
230030397,Injury Crash,06/25/2023 02:05:00 PM,OLD HUNDRED RD,NA,STRAIGHT MOVEMENT ANGLE,Clear,DRY,Daylight,STOP SIGN,NONE DETECTED,No,No Apparent Injury,N/A,LOOKED BUT DID NOT SEE,MD,VAN,MOVING CONSTANT SPEED,30,No,2011,HOND,ODYSSEY,39.247025,-77.34999667,2023,6,14
230030397,Injury Crash,06/25/2023 02:05:00 PM,OLD HUNDRED RD,NA,STRAIGHT MOVEMENT ANGLE,Clear,DRY,Daylight,STOP SIGN,NONE DETECTED,Yes,No Apparent Injury,N/A,LOOKED BUT DID NOT SEE,MD,PASSENGER CAR,OTHER,30,No,2010,HOND,FIT,39.247025,-77.34999667,2023,6,14
230030390,Property Damage Crash,06/25/2023 01:09:00 PM,ZION RD,NA,HEAD ON,Clear,DRY,Daylight,WARNING SIGN,NONE DETECTED,Yes,No Apparent Injury,N/A,NOT DISTRACTED,MD,PASSENGER CAR,MOVING CONSTANT SPEED,30,No,1999,JEEP,WRANGLER,39.21355333,-77.090471,2023,6,13
230030390,Property Damage Crash,06/25/2023 01:09:00 PM,ZION RD,NA,HEAD ON,Clear,DRY,Daylight,WARNING SIGN,NONE DETECTED,Yes,No Apparent Injury,N/A,NOT DISTRACTED,MD,PASSENGER CAR,MOVING CONSTANT SPEED,30,No,2022,HYUNDAI,IONIQ,39.21355333,-77.090471,2023,6,13
230030385,Injury Crash,06/25/2023 01:00:00 PM,FATHER HURLEY BLVD,NA,STRAIGHT MOVEMENT ANGLE,Clear,DRY,Daylight,TRAFFIC SIGNAL,NONE DETECTED,No,No Apparent Injury,N/A,NOT DISTRACTED,MD,PASSENGER CAR,MOVING CONSTANT SPEED,35,No,2022,MAZDA,CX-30,39.18133374,-77.27617098,2023,6,13
230030385,Injury Crash,06/25/2023 01:00:00 PM,FATHER HURLEY BLVD,NA,STRAIGHT MOVEMENT ANGLE,Clear,DRY,Daylight,TRAFFIC SIGNAL,NONE DETECTED,Yes,No Apparent Injury,N/A,NOT DISTRACTED,MD,PICKUP TRUCK,MAKING LEFT TURN,35,No,2014,FORD,SUPER DUTY,39.18133374,-77.27617098,2023,6,13
230030382,Property Damage Crash,06/25/2023 12:30:00 PM,CARROLL AVE,NA,ANGLE MEETS LEFT TURN,Clear,DRY,Daylight,STOP SIGN,NONE DETECTED,Yes,No Apparent Injury,N/A,UNKNOWN,XX,PASSENGER CAR,MAKING LEFT TURN,30,No,2007,HONDA,CIVIC,38.99532338,-76.99247325,2023,6,12
230030382,Property Damage Crash,06/25/2023 12:30:00 PM,CARROLL AVE,NA,ANGLE MEETS LEFT TURN,Clear,DRY,Daylight,STOP SIGN,NONE DETECTED,No,No Apparent Injury,N/A,NOT DISTRACTED,MD,PASSENGER CAR,MOVING CONSTANT SPEED,30,No,2001,TOYOTA,CAMRY,38.99532338,-76.99247325,2023,6,12
230030380,Property Damage Crash,06/25/2023 12:25:00 PM,MIDDLEBROOK RD,NA,STRAIGHT MOVEMENT ANGLE,Clear,DRY,Daylight,NO CONTROLS,NONE DETECTED,No,No Apparent Injury,N/A,NOT DISTRACTED,WV,(SPORT) UTILITY VEHICLE,MOVING CONSTANT SPEED,35,No,2022,JEEP,GRAND CHEROKEE,39.18310333,-77.27054167,2023,6,12
230030380,Property Damage Crash,06/25/2023 12:25:00 PM,MIDDLEBROOK RD,NA,STRAIGHT MOVEMENT ANGLE,Clear,DRY,Daylight,NO CONTROLS,NONE DETECTED,Yes,No Apparent Injury,N/A,LOOKED BUT DID NOT SEE,MD,(SPORT) UTILITY VEHICLE,MOVING CONSTANT SPEED,35,No,2002,FORD,TRUCK,39.18310333,-77.27054167,2023,6,12
230030371,Property Damage Crash,06/25/2023 11:38:00 AM,CONNECTICUT AVE,NA,SAME DIR REAR END,Clear,DRY,Daylight,TRAFFIC SIGNAL,NONE DETECTED,Yes,No Apparent Injury,N/A,UNKNOWN,NA,UNKNOWN,MOVING CONSTANT SPEED,35,No,0,UNKNOWN,UNKNOWN,39.00446917,-77.07747483,2023,6,11
230030371,Property Damage Crash,06/25/2023 11:38:00 AM,CONNECTICUT AVE,NA,SAME DIR REAR END,Clear,DRY,Daylight,TRAFFIC SIGNAL,NONE DETECTED,No,No Apparent Injury,N/A,NOT DISTRACTED,VA,PASSENGER CAR,SLOWING OR STOPPING,35,No,2012,HYUNDAI,SONATA,39.00446917,-77.07747483,2023,6,11
230030350,Property Damage Crash,06/25/2023 07:54:00 AM,PINEY BRANCH RD,NA,STRAIGHT MOVEMENT ANGLE,Clear,DRY,Daylight,TRAFFIC SIGNAL,NONE DETECTED,No,No Apparent Injury,N/A,NOT DISTRACTED,DC,PASSENGER CAR,MOVING CONSTANT SPEED,35,No,2021,HONDA,CIVIC,38.9916645,-77.00995467,2023,6,7
230030350,Property Damage Crash,06/25/2023 07:54:00 AM,PINEY BRANCH RD,NA,STRAIGHT MOVEMENT ANGLE,Clear,DRY,Daylight,TRAFFIC SIGNAL,NONE DETECTED,Yes,No Apparent Injury,N/A,INATTENTIVE OR LOST IN THOUGHT,MD,PASSENGER CAR,ACCELERATING,35,No,2002,HONDA,ACCORD EX,38.9916645,-77.00995467,2023,6,7
230030346,Property Damage Crash,06/25/2023 04:33:00 AM,OAKMONT AVE,NA,SAME DIR REAR END,Clear,DRY,Medium,NO CONTROLS,NONE DETECTED,Yes,No Apparent Injury,N/A,UNKNOWN,MD,PASSENGER CAR,UNKNOWN,25,No,2012,ACURA,TK,39.00454667,-77.11201733,2023,6,4
230030343,Property Damage Crash,06/25/2023 03:35:00 AM,LAYHILL RD,NA,STRAIGHT MOVEMENT ANGLE,Clear,DRY,Medium,FLASHING TRAFFIC SIGNAL,NONE DETECTED,No,No Apparent Injury,N/A,NOT DISTRACTED,MD,PASSENGER CAR,MOVING CONSTANT SPEED,40,No,1995,CHEVY,CAMARO,39.09039333,-77.04468833,2023,6,3
230030343,Property Damage Crash,06/25/2023 03:35:00 AM,LAYHILL RD,NA,STRAIGHT MOVEMENT ANGLE,Clear,DRY,Medium,FLASHING TRAFFIC SIGNAL,NONE DETECTED,Yes,No Apparent Injury,N/A,NOT DISTRACTED,MD,PASSENGER CAR,MOVING CONSTANT SPEED,40,No,2021,KIA,K5,39.09039333,-77.04468833,2023,6,3
230030344,Injury Crash,06/25/2023 03:11:00 AM,LEWIS AVE,NA,HEAD ON,Clear,DRY,Medium,N/A,NONE DETECTED,Yes,Possible Minor Injury,N/A,LOOKED BUT DID NOT SEE,MD,PASSENGER CAR,N/A,25,No,2016,VOLK,JETTA,38.997476,-77.109656,2023,6,3
230030340,Property Damage Crash,06/25/2023 01:15:00 AM,FENTON ST,NA,STRAIGHT MOVEMENT ANGLE,Clear,DRY,Medium,FLASHING TRAFFIC SIGNAL,NONE DETECTED,No,No Apparent Injury,N/A,NOT DISTRACTED,MD,PASSENGER CAR,MOVING CONSTANT SPEED,20,No,2016,ACURA,TLX,38.99018016,-77.02396355,2023,6,1
230030340,Property Damage Crash,06/25/2023 01:15:00 AM,FENTON ST,NA,STRAIGHT MOVEMENT ANGLE,Clear,DRY,Medium,FLASHING TRAFFIC SIGNAL,NONE DETECTED,Yes,No Apparent Injury,N/A,UNKNOWN,NA,PASSENGER CAR,MOVING CONSTANT SPEED,20,No,2009,CHEVROLET,HHR,38.99018016,-77.02396355,2023,6,1
230030326,Property Damage Crash,06/25/2023 12:00:00 AM,SLIGO AVE,NA,HEAD ON LEFT TURN,Clear,DRY,Dark,NO CONTROLS,NONE DETECTED,Unknown,No Apparent Injury,N/A,UNKNOWN,MD,PASSENGER CAR,MOVING CONSTANT SPEED,30,No,2022,PORS,UT,38.99103667,-77.01575333,2023,6,0