Local Case Number,ACRS Report Type,Crash Date/Time,Road Name,Related Non-Motorist,Collision Type,Weather,Surface Condition,Light,Traffic Control,Driver Substance Abuse,Driver At Fault,Injury Severity,Circumstance,Driver Distracted By,Drivers License State,Vehicle Body Type,Vehicle Movement,Speed Limit,Driverless Vehicle,Vehicle Year,Vehicle Make,Vehicle Model,Latitude,Longitude,Year,Month,Hour
230047716,Property Damage Crash,06/23/2023 11:28:00 AM,EISENHOWER MEMORIAL HWY,NA,SINGLE VEHICLE,Clear,DRY,Daylight,NO CONTROLS,NONE DETECTED,No,No Apparent Injury,N/A,UNKNOWN,MD,POLICE VEHICLE/NON EMERGENCY,MOVING CONSTANT SPEED,55,No,2016,FORD,INTERCEPTOR,39.06567442,-77.160246,2023,6,11
230030053,Property Damage Crash,06/23/2023 11:18:00 AM,EISENHOWER MEMORIAL HWY,NA,SINGLE VEHICLE,Rain,WET,Daylight,N/A,NONE DETECTED,Yes,No Apparent Injury,"RAIN, SNOW, WET",UNKNOWN,MD,PASSENGER CAR,MOVING CONSTANT SPEED,55,No,2017,INFINITI,Q60,39.1018586,-77.17944662,2023,6,11
230030054,Property Damage Crash,06/23/2023 11:07:00 AM,NEW HAMPSHIRE AVE,NA,STRAIGHT MOVEMENT ANGLE,Rain,WET,Daylight,TRAFFIC SIGNAL,NONE DETECTED,Yes,No Apparent Injury,"RAIN, SNOW, WET",NOT DISTRACTED,MD,PASSENGER CAR,MOVING CONSTANT SPEED,40,No,2011,HONDA,CRV,39.02046033,-76.97664467,2023,6,11
230030054,Property Damage Crash,06/23/2023 11:07:00 AM,NEW HAMPSHIRE AVE,NA,STRAIGHT MOVEMENT ANGLE,Rain,WET,Daylight,TRAFFIC SIGNAL,NONE DETECTED,No,No Apparent Injury,"RAIN, SNOW, WET",NOT DISTRACTED,MD,PASSENGER CAR,MAKING LEFT TURN,40,No,2004,TOYOTA,CAMRY,39.02046033,-76.97664467,2023,6,11
230030048,Property Damage Crash,06/23/2023 10:35:00 AM,SIOUX LA,NA,SAME DIR REAR END,Rain,WET,Daylight,NO CONTROLS,NONE DETECTED,No,No Apparent Injury,N/A,NOT DISTRACTED,MD,PASSENGER CAR,MOVING CONSTANT SPEED,25,No,2021,TOYOTA,COROLLA,39.13098175,-77.23439259,2023,6,10
230030048,Property Damage Crash,06/23/2023 10:35:00 AM,SIOUX LA,NA,SAME DIR REAR END,Rain,WET,Daylight,NO CONTROLS,NONE DETECTED,Yes,No Apparent Injury,N/A,LOOKED BUT DID NOT SEE,MD,PASSENGER CAR,BACKING,25,No,2013,LINCOLN,NAVAGATOR,39.13098175,-77.23439259,2023,6,10
230030043,Property Damage Crash,06/23/2023 10:15:00 AM,E RANDOLPH RD,NA,SINGLE VEHICLE,Rain,WET,Daylight,NO CONTROLS,NONE DETECTED,Yes,No Apparent Injury,"RAIN, SNOW, WET",NOT DISTRACTED,MD,PASSENGER CAR,NEGOTIATING A CURVE,40,No,2018,HONDA,CRV,39.06568167,-76.97663333,2023,6,10
230030040,Property Damage Crash,06/23/2023 09:48:00 AM,SAM EIG HWY,NA,SAME DIR BOTH LEFT TURN,Rain,WET,Daylight,NO CONTROLS,NONE DETECTED,Yes,No Apparent Injury,"RAIN, SNOW, WET",NOT DISTRACTED,MD,PASSENGER CAR,ACCELERATING,50,No,2015,ACUR,UT,39.11692648,-77.20724645,2023,6,9
230030040,Property Damage Crash,06/23/2023 09:48:00 AM,SAM EIG HWY,NA,SAME DIR BOTH LEFT TURN,Rain,WET,Daylight,NO CONTROLS,NONE DETECTED,Yes,No Apparent Injury,"RAIN, SNOW, WET",NOT DISTRACTED,MD,PASSENGER CAR,ACCELERATING,50,No,2009,NISS,4DSD,39.11692648,-77.20724645,2023,6,9
230030040,Property Damage Crash,06/23/2023 09:48:00 AM,SAM EIG HWY,NA,SAME DIR BOTH LEFT TURN,Rain,WET,Daylight,NO CONTROLS,NONE DETECTED,No,No Apparent Injury,"RAIN, SNOW, WET",NOT DISTRACTED,MD,PASSENGER CAR,ACCELERATING,50,No,2007,TOYT,TK,39.11692648,-77.20724645,2023,6,9
230030037,Property Damage Crash,06/23/2023 09:30:00 AM,CEDAR LA,NA,HEAD ON LEFT TURN,Rain,WET,Daylight,NO CONTROLS,NONE DETECTED,No,No Apparent Injury,"RAIN, SNOW, WET",NOT DISTRACTED,MD,PASSENGER CAR,MOVING CONSTANT SPEED,30,No,2008,TOYT,TK,39.01003667,-77.09169,2023,6,9
230030037,Property Damage Crash,06/23/2023 09:30:00 AM,CEDAR LA,NA,HEAD ON LEFT TURN,Rain,WET,Daylight,NO CONTROLS,NONE DETECTED,Yes,No Apparent Injury,"RAIN, SNOW, WET",LOOKED BUT DID NOT SEE,OH,PASSENGER CAR,MAKING LEFT TURN,30,No,2010,TOYOTA,CRLA,39.01003667,-77.09169,2023,6,9
230030033,Property Damage Crash,06/23/2023 08:22:00 AM,SEVEN LOCKS RD,NA,HEAD ON LEFT TURN,Rain,WET,Daylight,TRAFFIC SIGNAL,NONE DETECTED,Yes,No Apparent Injury,"RAIN, SNOW, WET",UNKNOWN,MD,PASSENGER CAR,MAKING LEFT TURN,35,No,2017,NISSAN,PATHFINDER,39.05695552,-77.1616711,2023,6,8
230030033,Property Damage Crash,06/23/2023 08:22:00 AM,SEVEN LOCKS RD,NA,HEAD ON LEFT TURN,Rain,WET,Daylight,TRAFFIC SIGNAL,NONE DETECTED,No,No Apparent Injury,"RAIN, SNOW, WET",NOT DISTRACTED,MD,PASSENGER CAR,MOVING CONSTANT SPEED,35,No,2013,SUBARU,IMPREZA,39.05695552,-77.1616711,2023,6,8
230030033,Property Damage Crash,06/23/2023 08:22:00 AM,SEVEN LOCKS RD,NA,HEAD ON LEFT TURN,Rain,WET,Daylight,TRAFFIC SIGNAL,NONE DETECTED,No,No Apparent Injury,"RAIN, SNOW, WET",NOT DISTRACTED,MD,PASSENGER CAR,MOVING CONSTANT SPEED,35,No,2020,TOYOTA,CH-R,39.05695552,-77.1616711,2023,6,8
230030022,Property Damage Crash,06/23/2023 08:09:00 AM,GEORGIA AVE,NA,OTHER,Rain,WET,Daylight,NO CONTROLS,NONE DETECTED,Yes,No Apparent Injury,"N/A, WET",INATTENTIVE OR LOST IN THOUGHT,NA,PASSENGER CAR,MOVING CONSTANT SPEED,35,No,0,DODGE,AVENGER,38.98529492,-77.0267645,2023,6,8
230030022,Property Damage Crash,06/23/2023 08:09:00 AM,GEORGIA AVE,NA,OTHER,Rain,WET,Daylight,NO CONTROLS,NONE DETECTED,No,No Apparent Injury,"N/A, WET",NOT DISTRACTED,DC,PASSENGER CAR,PARKED,35,No,2016,CHEVROLET,MALIBU,38.98529492,-77.0267645,2023,6,8
230030022,Property Damage Crash,06/23/2023 08:09:00 AM,GEORGIA AVE,NA,OTHER,Rain,WET,Daylight,NO CONTROLS,NONE DETECTED,No,No Apparent Injury,"N/A, WET",NOT DISTRACTED,VA,PASSENGER CAR,PARKED,35,No,2010,FORD,F150,38.98529492,-77.0267645,2023,6,8
230030032,Property Damage Crash,06/23/2023 08:07:00 AM,WOODFIELD RD,NA,SAME DIR REAR END,Rain,WET,Daylight,NO CONTROLS,NONE DETECTED,No,No Apparent Injury,"RAIN, SNOW, WET",NOT DISTRACTED,MD,(SPORT) UTILITY VEHICLE,STOPPED IN TRAFFIC LANE,35,No,2011,ACUR,TK,39.16228747,-77.1582516,2023,6,8
230030032,Property Damage Crash,06/23/2023 08:07:00 AM,WOODFIELD RD,NA,SAME DIR REAR END,Rain,WET,Daylight,NO CONTROLS,NONE DETECTED,No,No Apparent Injury,"RAIN, SNOW, WET",NOT DISTRACTED,MD,PASSENGER CAR,SLOWING OR STOPPING,35,No,2012,TOYT,SD,39.16228747,-77.1582516,2023,6,8
230030032,Property Damage Crash,06/23/2023 08:07:00 AM,WOODFIELD RD,NA,SAME DIR REAR END,Rain,WET,Daylight,NO CONTROLS,NONE DETECTED,No,No Apparent Injury,"RAIN, SNOW, WET",NOT DISTRACTED,MD,PASSENGER CAR,SLOWING OR STOPPING,35,No,2005,HOND,SD,39.16228747,-77.1582516,2023,6,8
230030032,Property Damage Crash,06/23/2023 08:07:00 AM,WOODFIELD RD,NA,SAME DIR REAR END,Rain,WET,Daylight,NO CONTROLS,NONE DETECTED,Yes,No Apparent Injury,"RAIN, SNOW, WET",UNKNOWN,NA,PASSENGER CAR,MOVING CONSTANT SPEED,35,No,2022,TOYOTA,COROLLA,39.16228747,-77.1582516,2023,6,8
230030032,Property Damage Crash,06/23/2023 08:07:00 AM,WOODFIELD RD,NA,SAME DIR REAR END,Rain,WET,Daylight,NO CONTROLS,NONE DETECTED,No,No Apparent Injury,"RAIN, SNOW, WET",NOT DISTRACTED,MD,(SPORT) UTILITY VEHICLE,MOVING CONSTANT SPEED,35,No,2015,SUBA,UT,39.16228747,-77.1582516,2023,6,8
230030018,Property Damage Crash,06/23/2023 07:10:00 AM,EISENHOWER MEMORIAL HWY,NA,SINGLE VEHICLE,Rain,WET,Daylight,NO CONTROLS,NONE DETECTED,Yes,No Apparent Injury,"RAIN, SNOW, WET",NOT DISTRACTED,VA,PASSENGER CAR,MOVING CONSTANT SPEED,45,No,2004,TOYOTA,COROLLA,39.12016333,-77.19526,2023,6,7
230030015,Property Damage Crash,06/23/2023 06:35:00 AM,GRIDLEY RD,NA,STRAIGHT MOVEMENT ANGLE,Rain,WET,Medium,TRAFFIC SIGNAL,NONE DETECTED,Yes,No Apparent Injury,"RAIN, SNOW, WET",OTHER DISTRACTION,MD,VAN,MOVING CONSTANT SPEED,35,No,2010,CHEVY,EXPRESS,39.05697483,-77.08481567,2023,6,6
230030015,Property Damage Crash,06/23/2023 06:35:00 AM,GRIDLEY RD,NA,STRAIGHT MOVEMENT ANGLE,Rain,WET,Medium,TRAFFIC SIGNAL,NONE DETECTED,No,No Apparent Injury,"RAIN, SNOW, WET",NOT DISTRACTED,MD,PASSENGER CAR,MAKING LEFT TURN,35,No,2019,CHEVY,EXPRESS,39.05697483,-77.08481567,2023,6,6
230030013,Injury Crash,06/23/2023 05:39:00 AM,BLUNT RD,NA,HEAD ON,Rain,WET,Medium,N/A,NONE DETECTED,Yes,Possible Minor Injury,"RAIN, SNOW, WET",INATTENTIVE OR LOST IN THOUGHT,MD,PASSENGER CAR,MOVING CONSTANT SPEED,35,No,2003,TOYOTA,COROLLA,39.18629767,-77.23159717,2023,6,5
230030013,Injury Crash,06/23/2023 05:39:00 AM,BLUNT RD,NA,HEAD ON,Rain,WET,Medium,N/A,NONE DETECTED,No,Possible Minor Injury,"RAIN, SNOW, WET",NOT DISTRACTED,MD,PASSENGER CAR,MOVING CONSTANT SPEED,35,No,2009,NISS,TK,39.18629767,-77.23159717,2023,6,5
230030011,Property Damage Crash,06/23/2023 05:15:00 AM,ROCKVILLE PIKE,NA,STRAIGHT MOVEMENT ANGLE,Rain,WET,Medium,TRAFFIC SIGNAL,NONE DETECTED,Yes,No Apparent Injury,"RAIN, SNOW, WET",UNKNOWN,MD,PASSENGER CAR,STOPPED IN TRAFFIC LANE,35,No,2023,TESLA,MODEL Y,39.02443667,-77.10316833,2023,6,5
230030011,Property Damage Crash,06/23/2023 05:15:00 AM,ROCKVILLE PIKE,NA,STRAIGHT MOVEMENT ANGLE,Rain,WET,Medium,TRAFFIC SIGNAL,NONE DETECTED,No,No Apparent Injury,"RAIN, SNOW, WET",NOT DISTRACTED,MD,PASSENGER CAR,MOVING CONSTANT SPEED,35,No,2017,TOYOTA,TUNDRA,39.02443667,-77.10316833,2023,6,5
230030006,Property Damage Crash,06/23/2023 12:40:00 AM,NA,NA,SAME DIR REAR END,Rain,NA,Medium,NO CONTROLS,NONE DETECTED,No,No Apparent Injury,"RAIN, SNOW, WET",NOT DISTRACTED,MD,PASSENGER CAR,MAKING RIGHT TURN,0,No,2009,HOND,CIVIC,39.1851405,-77.261672,2023,6,0
230030006,Property Damage Crash,06/23/2023 12:40:00 AM,NA,NA,SAME DIR REAR END,Rain,NA,Medium,NO CONTROLS,ALCOHOL PRESENT,Yes,No Apparent Injury,"RAIN, SNOW, WET",INATTENTIVE OR LOST IN THOUGHT,MD,(SPORT) UTILITY VEHICLE,UNKNOWN,0,No,2011,TOYOTA,RAV 4,39.1851405,-77.261672,2023,6,0
230030002,Injury Crash,06/22/2023 11:35:00 PM,PARKER AVE,NA,SINGLE VEHICLE,Rain,WET,Medium,NO CONTROLS,ALCOHOL PRESENT,Yes,Possible Minor Injury,"RAIN, SNOW, WET",NOT DISTRACTED,MD,(SPORT) UTILITY VEHICLE,MOVING CONSTANT SPEED,25,No,2023,CHEVROLET,TRAVERSE,39.04687317,-77.06286933,2023,6,23
230029995,Property Damage Crash,06/22/2023 10:12:00 PM,CONNECTICUT AVE,NA,STRAIGHT MOVEMENT ANGLE,Clear,DRY,Medium,STOP SIGN,NONE DETECTED,Yes,No Apparent Injury,N/A,UNKNOWN,NA,PASSENGER CAR,MAKING RIGHT TURN,40,No,2006,JEEP,COMMANDER,39.09026609,-77.07117583,2023,6,22
230029995,Property Damage Crash,06/22/2023 10:12:00 PM,CONNECTICUT AVE,NA,STRAIGHT MOVEMENT ANGLE,Clear,DRY,Medium,STOP SIGN,NONE DETECTED,No,No Apparent Injury,N/A,NOT DISTRACTED,MD,PASSENGER CAR,STOPPED IN TRAFFIC LANE,10,No,2015,TOYOTA,SD,39.09026609,-77.07117583,2023,6,22
230029991,Injury Crash,06/22/2023 09:21:00 PM,FREDERICK RD,NA,SINGLE VEHICLE,Rain,WET,Medium,TRAFFIC SIGNAL,NONE DETECTED,Yes,Possible Minor Injury,"N/A, WET",NOT DISTRACTED,MD,PASSENGER CAR,MAKING LEFT TURN,40,No,2000,TOYT,COROLLA,39.12271517,-77.17797417,2023,6,21
230029985,Property Damage Crash,06/22/2023 07:30:00 PM,STRINGTOWN RD,NA,STRAIGHT MOVEMENT ANGLE,Rain,WET,Medium,STOP SIGN,NONE DETECTED,Yes,No Apparent Injury,"RAIN, SNOW, WET",NOT DISTRACTED,MD,PASSENGER CAR,MAKING LEFT TURN,40,No,2018,NISSAN,4S,39.2385505,-77.27606067,2023,6,19
230029985,Property Damage Crash,06/22/2023 07:30:00 PM,STRINGTOWN RD,NA,STRAIGHT MOVEMENT ANGLE,Rain,WET,Medium,STOP SIGN,NONE DETECTED,No,No Apparent Injury,"RAIN, SNOW, WET",NOT DISTRACTED,MD,PASSENGER CAR,MOVING CONSTANT SPEED,40,No,2003,HONDA,PILOT,39.2385505,-77.27606067,2023,6,19
230029043,Property Damage Crash,06/22/2023 06:25:00 PM,ENNALLS AVE,NA,OPPOSITE DIRECTION SIDESWIPE,Clear,DRY,Daylight,NO CONTROLS,NONE DETECTED,No,No Apparent Injury,N/A,NOT DISTRACTED,MD,PASSENGER CAR,PARKING,30,No,2019,NISSAN,SENTRA,39.04040135,-77.05246945,2023,6,18
230029043,Property Damage Crash,06/22/2023 06:25:00 PM,ENNALLS AVE,NA,OPPOSITE DIRECTION SIDESWIPE,Clear,DRY,Daylight,NO CONTROLS,NONE DETECTED,Yes,No Apparent Injury,N/A,UNKNOWN,MD,PASSENGER CAR,MOVING CONSTANT SPEED,30,No,2014,HONDA,CIVIC,39.04040135,-77.05246945,2023,6,18
230029971,Injury Crash,06/22/2023 06:00:00 PM,UNIVERSITY BLVD E,NA,STRAIGHT MOVEMENT ANGLE,Rain,WET,Daylight,NO CONTROLS,NONE DETECTED,No,No Apparent Injury,"N/A, ROAD UNDER CONSTRUCTION/MAINTENANCE, WET",NOT DISTRACTED,MD,PASSENGER CAR,MOVING CONSTANT SPEED,30,No,2015,SUBA,TK,38.992535,-76.99155333,2023,6,18
230029971,Injury Crash,06/22/2023 06:00:00 PM,UNIVERSITY BLVD E,NA,STRAIGHT MOVEMENT ANGLE,Rain,WET,Daylight,NO CONTROLS,NONE DETECTED,Yes,Possible Minor Injury,"N/A, ROAD UNDER CONSTRUCTION/MAINTENANCE, WET",NOT DISTRACTED,DC,PASSENGER CAR,MOVING CONSTANT SPEED,15,No,2012,ACURA,TLX,38.992535,-76.99155333,2023,6,18
230029961,Property Damage Crash,06/22/2023 04:02:00 PM,LEATHERBARK DR,NA,OTHER,Clear,DRY,Daylight,N/A,NONE DETECTED,No,No Apparent Injury,N/A,NOT DISTRACTED,MD,PASSENGER CAR,STOPPED IN TRAFFIC LANE,25,No,2019,TOYT,COR,39.16898907,-77.24753474,2023,6,16
230029961,Property Damage Crash,06/22/2023 04:02:00 PM,LEATHERBARK DR,NA,OTHER,Clear,DRY,Daylight,N/A,NONE DETECTED,Yes,No Apparent Injury,N/A,NOT DISTRACTED,NA,PASSENGER CAR,BACKING,25,No,2009,NISSAN,4S,39.16898907,-77.24753474,2023,6,16
230029950,Property Damage Crash,06/22/2023 03:00:00 PM,CHRISTOPHER AVE,NA,SAME DIR REAR END,Clear,DRY,Daylight,NO CONTROLS,NONE DETECTED,Yes,No Apparent Injury,N/A,LOOKED BUT DID NOT SEE,MD,(SPORT) UTILITY VEHICLE,MAKING RIGHT TURN,15,No,2013,HONDA,CRV,39.15609696,-77.21644009,2023,6,15
230029950,Property Damage Crash,06/22/2023 03:00:00 PM,CHRISTOPHER AVE,NA,SAME DIR REAR END,Clear,DRY,Daylight,NO CONTROLS,NONE DETECTED,No,No Apparent Injury,N/A,NOT DISTRACTED,MD,(SPORT) UTILITY VEHICLE,MAKING RIGHT TURN,15,No,2014,TOYT,RAV4,39.15609696,-77.21644009,2023,6,15
230029946,Property Damage Crash,06/22/2023 02:20:00 PM,NA,NA,SINGLE VEHICLE,Cloudy,NA,Daylight,N/A,NONE DETECTED,Yes,No Apparent Injury,N/A,LOOKED BUT DID NOT SEE,MD,POLICE VEHICLE/NON EMERGENCY,BACKING,15,No,2020,FORD,EXPLORER,39.04944774,-77.12747494,2023,6,14
230029943,Injury Crash,06/22/2023 01:30:00 PM,RIVER RD,NA,SAME DIR REAR END,Cloudy,WET,Daylight,TRAFFIC SIGNAL,NONE DETECTED,No,Possible Minor Injury,"N/A, WET",NOT DISTRACTED,MD,"OTHER LIGHT TRUCKS (10,000LBS (4,536KG) OR LESS)",SLOWING OR STOPPING,35,No,2012,FRHT,ST,38.99066167,-77.15453833,2023,6,13
230029943,Injury Crash,06/22/2023 01:30:00 PM,RIVER RD,NA,SAME DIR REAR END,Cloudy,WET,Daylight,TRAFFIC SIGNAL,NONE DETECTED,Yes,No Apparent Injury,"N/A, WET",INATTENTIVE OR LOST IN THOUGHT,MD,PASSENGER CAR,MOVING CONSTANT SPEED,35,No,2000,HOND,TK,38.99066167,-77.15453833,2023,6,13
230029935,Property Damage Crash,06/22/2023 12:59:00 PM,BRIGGS CHANEY RD,NA,HEAD ON LEFT TURN,Rain,WET,Daylight,TRAFFIC SIGNAL,NONE DETECTED,Yes,No Apparent Injury,"N/A, WET",LOOKED BUT DID NOT SEE,MD,PASSENGER CAR,MAKING LEFT TURN,35,No,2016,HOND,4S,39.077339,-76.94260233,2023,6,12
230029935,Property Damage Crash,06/22/2023 12:59:00 PM,BRIGGS CHANEY RD,NA,HEAD ON LEFT TURN,Rain,WET,Daylight,TRAFFIC SIGNAL,NONE DETECTED,No,No Apparent Injury,"N/A, WET",NOT DISTRACTED,MD,PASSENGER CAR,MOVING CONSTANT SPEED,35,No,2021,SUBA,UT,39.077339,-76.94260233,2023,6,12
230029916,Property Damage Crash,06/22/2023 11:35:00 AM,DAMASCUS RD,NA,STRAIGHT MOVEMENT ANGLE,Rain,WET,Daylight,N/A,NONE DETECTED,Yes,No Apparent Injury,"N/A, WET",UNKNOWN,MD,(SPORT) UTILITY VEHICLE,MAKING LEFT TURN,50,No,2022,HYUNDAI,TUSCON,39.26927167,-77.15227167,2023,6,11
230029916,Property Damage Crash,06/22/2023 11:35:00 AM,DAMASCUS RD,NA,STRAIGHT MOVEMENT ANGLE,Rain,WET,Daylight,N/A,NONE DETECTED,No,No Apparent Injury,"N/A, WET",NOT DISTRACTED,MD,PASSENGER CAR,MOVING CONSTANT SPEED,50,No,2002,VOLVO,S40,39.26927167,-77.15227167,2023,6,11
230029952,Property Damage Crash,06/22/2023 11:00:00 AM,NA,NA,SAME DIRECTION RIGHT TURN,Cloudy,NA,Daylight,NO CONTROLS,NONE DETECTED,Yes,No Apparent Injury,N/A,LOOKED BUT DID NOT SEE,MD,(SPORT) UTILITY VEHICLE,MAKING RIGHT TURN,25,No,2016,FORD,EXPLORER,39.08355261,-76.94619482,2023,6,11
230029905,Property Damage Crash,06/22/2023 10:10:00 AM,CAPITAL BELTWAY,NA,SAME DIR REAR END,Rain,OIL,Daylight,NO CONTROLS,NONE DETECTED,Yes,No Apparent Injury,"N/A, WET",NOT DISTRACTED,MD,PASSENGER CAR,MOVING CONSTANT SPEED,55,No,2011,MERCEDES,4 DOOR,39.01563167,-77.00246667,2023,6,10
230029905,Property Damage Crash,06/22/2023 10:10:00 AM,CAPITAL BELTWAY,NA,SAME DIR REAR END,Rain,OIL,Daylight,NO CONTROLS,NONE DETECTED,No,No Apparent Injury,"N/A, WET",NOT DISTRACTED,PA,PASSENGER CAR,SLOWING OR STOPPING,55,No,2022,LEXUS,4 DOOR SW,39.01563167,-77.00246667,2023,6,10
230029905,Property Damage Crash,06/22/2023 10:10:00 AM,CAPITAL BELTWAY,NA,SAME DIR REAR END,Rain,OIL,Daylight,NO CONTROLS,NONE DETECTED,No,No Apparent Injury,"N/A, WET",NOT DISTRACTED,MD,PASSENGER CAR,SLOWING OR STOPPING,55,No,2011,HONDA,4 DOOR,39.01563167,-77.00246667,2023,6,10
230029906,Injury Crash,06/22/2023 10:05:00 AM,ROCKVILLE PIKE,PEDESTRIAN,OTHER,Rain,WET,Daylight,TRAFFIC SIGNAL,NONE DETECTED,No,No Apparent Injury,"N/A, RAIN, SNOW",NOT DISTRACTED,MD,PICKUP TRUCK,MOVING CONSTANT SPEED,35,No,2017,RAM,TK,39.06943262,-77.13072958,2023,6,10
230029904,Property Damage Crash,06/22/2023 09:57:00 AM,UNIVERSITY BLVD W,NA,SAME DIRECTION RIGHT TURN,Rain,WET,Daylight,NO CONTROLS,NONE DETECTED,No,No Apparent Injury,"RAIN, SNOW, WET",NOT DISTRACTED,MD,PASSENGER CAR,MAKING U TURN,35,No,2003,LEXUS,LX,39.02300115,-77.01678199,2023,6,9
230029904,Property Damage Crash,06/22/2023 09:57:00 AM,UNIVERSITY BLVD W,NA,SAME DIRECTION RIGHT TURN,Rain,WET,Daylight,NO CONTROLS,NONE DETECTED,Yes,No Apparent Injury,"RAIN, SNOW, WET",UNKNOWN,NA,PASSENGER CAR,MAKING U TURN,35,No,2019,MITS,GALANT,39.02300115,-77.01678199,2023,6,9
230029902,Property Damage Crash,06/22/2023 09:52:00 AM,GEORGIA AVE,NA,STRAIGHT MOVEMENT ANGLE,Rain,WET,Daylight,TRAFFIC SIGNAL,NONE DETECTED,Yes,No Apparent Injury,"RAIN, SNOW, WET",UNKNOWN,MD,PASSENGER CAR,MOVING CONSTANT SPEED,30,No,2016,TOYOTA,COROLLA,39.15066833,-77.06693667,2023,6,9
230029902,Property Damage Crash,06/22/2023 09:52:00 AM,GEORGIA AVE,NA,STRAIGHT MOVEMENT ANGLE,Rain,WET,Daylight,TRAFFIC SIGNAL,NONE DETECTED,No,No Apparent Injury,"RAIN, SNOW, WET",NOT DISTRACTED,MD,PASSENGER CAR,MOVING CONSTANT SPEED,30,No,2014,SUBARU,4S,39.15066833,-77.06693667,2023,6,9
230029901,Property Damage Crash,06/22/2023 09:45:00 AM,MUNCASTER RD,NA,SINGLE VEHICLE,Rain,WET,Daylight,NO CONTROLS,NONE DETECTED,Yes,No Apparent Injury,"RAIN, SNOW, WET",UNKNOWN,MD,"OTHER LIGHT TRUCKS (10,000LBS (4,536KG) OR LESS)",MOVING CONSTANT SPEED,35,No,2000,FORD,TK,39.15548432,-77.1306018,2023,6,9
230029903,Injury Crash,06/22/2023 09:40:00 AM,MONTROSE RD,NA,SAME DIR REAR END,Rain,WET,Daylight,TRAFFIC SIGNAL,NONE DETECTED,No,No Apparent Injury,"N/A, WET",NOT DISTRACTED,VA,PASSENGER CAR,SLOWING OR STOPPING,30,No,2010,HOND,4DR,39.05080683,-77.128422,2023,6,9
230029903,Injury Crash,06/22/2023 09:40:00 AM,MONTROSE RD,NA,SAME DIR REAR END,Rain,WET,Daylight,TRAFFIC SIGNAL,NONE DETECTED,Yes,No Apparent Injury,"N/A, WET",NOT DISTRACTED,MD,PASSENGER CAR,SLOWING OR STOPPING,35,No,2021,VOLKSWAGON,ATLAS,39.05080683,-77.128422,2023,6,9
230029899,Property Damage Crash,06/22/2023 09:25:00 AM,CLARKSBURG RD,NA,OTHER,Cloudy,WET,Daylight,NO CONTROLS,NONE DETECTED,No,No Apparent Injury,"BACKUP DUE TO NON-RECURRING INCIDENT, N/A",NOT DISTRACTED,MD,PASSENGER CAR,SLOWING OR STOPPING,35,No,2014,CHEV,SD,39.18393312,-77.31272777,2023,6,9
230029899,Property Damage Crash,06/22/2023 09:25:00 AM,CLARKSBURG RD,NA,OTHER,Cloudy,WET,Daylight,NO CONTROLS,NONE DETECTED,Yes,No Apparent Injury,"BACKUP DUE TO NON-RECURRING INCIDENT, N/A",NOT DISTRACTED,MD,PICKUP TRUCK,BACKING,35,No,2020,CHEV,SILVERADO,39.18393312,-77.31272777,2023,6,9
230029897,Property Damage Crash,06/22/2023 09:19:00 AM,RIVER RD,NA,SINGLE VEHICLE,Rain,WET,Daylight,TRAFFIC SIGNAL,NONE DETECTED,Yes,No Apparent Injury,"RAIN, SNOW, WET",NOT DISTRACTED,MD,PASSENGER CAR,ACCELERATING,35,No,2017,INFINITI,OX50,38.98400983,-77.13815717,2023,6,9
230029895,Property Damage Crash,06/22/2023 08:59:00 AM,CONNECTICUT AVE,NA,HEAD ON LEFT TURN,Rain,WET,Daylight,TRAFFIC SIGNAL,NONE DETECTED,Yes,No Apparent Injury,"RAIN, SNOW, WET",LOOKED BUT DID NOT SEE,MD,PASSENGER CAR,MAKING LEFT TURN,35,No,2020,HYUN,TUCSON,38.99624667,-77.07708167,2023,6,8
230029895,Property Damage Crash,06/22/2023 08:59:00 AM,CONNECTICUT AVE,NA,HEAD ON LEFT TURN,Rain,WET,Daylight,TRAFFIC SIGNAL,NONE DETECTED,No,No Apparent Injury,"RAIN, SNOW, WET",NOT DISTRACTED,DC,PASSENGER CAR,MOVING CONSTANT SPEED,35,No,2012,FORD,F250,38.99624667,-77.07708167,2023,6,8
230029890,Property Damage Crash,06/22/2023 08:19:00 AM,COLUMBIA PIKE,NA,STRAIGHT MOVEMENT ANGLE,Rain,WET,Daylight,NO CONTROLS,NONE DETECTED,Yes,No Apparent Injury,"RAIN, SNOW, WET",NOT DISTRACTED,MD,PASSENGER CAR,SKIDDING,40,No,2004,TOYOTA,CAMRY,39.08409083,-76.94757033,2023,6,8
230029890,Property Damage Crash,06/22/2023 08:19:00 AM,COLUMBIA PIKE,NA,STRAIGHT MOVEMENT ANGLE,Rain,WET,Daylight,NO CONTROLS,NONE DETECTED,No,No Apparent Injury,"RAIN, SNOW, WET",NOT DISTRACTED,MD,PASSENGER CAR,MOVING CONSTANT SPEED,40,No,2018,INFINITI,QX30,39.08409083,-76.94757033,2023,6,8
230029886,Injury Crash,06/22/2023 08:00:00 AM,UNIVERSITY BLVD E,NA,SAME DIRECTION SIDESWIPE,Rain,WET,Daylight,NO CONTROLS,NONE DETECTED,No,No Apparent Injury,"RAIN, SNOW, WET",NOT DISTRACTED,MD,PASSENGER CAR,CHANGING LANES,35,No,2016,MAZDA,CX5,39.01984517,-77.01187517,2023,6,8
230029885,Property Damage Crash,06/22/2023 08:00:00 AM,REDLAND BLVD,NA,SINGLE VEHICLE,Rain,WET,Daylight,TRAFFIC SIGNAL,NONE DETECTED,Yes,No Apparent Injury,"RAIN, SNOW, WET",INATTENTIVE OR LOST IN THOUGHT,MD,VAN,MAKING LEFT TURN,30,No,2010,CHEVROLET,PV,39.11331477,-77.17044216,2023,6,8
230029886,Injury Crash,06/22/2023 08:00:00 AM,UNIVERSITY BLVD E,NA,SAME DIRECTION SIDESWIPE,Rain,WET,Daylight,NO CONTROLS,NONE DETECTED,Yes,Possible Minor Injury,"RAIN, SNOW, WET",LOOKED BUT DID NOT SEE,MD,PASSENGER CAR,CHANGING LANES,35,No,2015,HONDA,ACCORD,39.01984517,-77.01187517,2023,6,8
230029886,Injury Crash,06/22/2023 08:00:00 AM,UNIVERSITY BLVD E,NA,SAME DIRECTION SIDESWIPE,Rain,WET,Daylight,NO CONTROLS,NONE DETECTED,No,No Apparent Injury,"RAIN, SNOW, WET",NOT DISTRACTED,MD,OTHER BUS,MOVING CONSTANT SPEED,35,No,2013,METRO,BUS,39.01984517,-77.01187517,2023,6,8
230029882,Injury Crash,06/22/2023 06:25:00 AM,NA,NA,STRAIGHT MOVEMENT ANGLE,Rain,NA,Daylight,NO CONTROLS,NONE DETECTED,No,No Apparent Injury,"N/A, WET",NOT DISTRACTED,MD,PASSENGER CAR,MOVING CONSTANT SPEED,15,No,2006,MAZDA,6S,38.98934017,-76.98890383,2023,6,6
230029882,Injury Crash,06/22/2023 06:25:00 AM,NA,NA,STRAIGHT MOVEMENT ANGLE,Rain,NA,Daylight,NO CONTROLS,NONE DETECTED,Yes,No Apparent Injury,"N/A, WET",UNKNOWN,MD,PICKUP TRUCK,MOVING CONSTANT SPEED,15,No,2010,FORD,PK,38.98934017,-76.98890383,2023,6,6
230029873,Property Damage Crash,06/22/2023 01:38:00 AM,FAIRLAND RD,NA,SINGLE VEHICLE,Rain,WET,Medium,NO CONTROLS,NONE DETECTED,Yes,No Apparent Injury,"RAIN, SNOW, WET",UNKNOWN,MD,PASSENGER CAR,MOVING CONSTANT SPEED,35,No,2003,CHEVY,TAHOE,39.067243,-76.94945617,2023,6,1