Local Case Number,ACRS Report Type,Crash Date/Time,Road Name,Related Non-Motorist,Collision Type,Weather,Surface Condition,Light,Traffic Control,Driver Substance Abuse,Driver At Fault,Injury Severity,Circumstance,Driver Distracted By,Drivers License State,Vehicle Body Type,Vehicle Movement,Speed Limit,Driverless Vehicle,Vehicle Year,Vehicle Make,Vehicle Model,Latitude,Longitude,Year,Month,Hour
230029861,Injury Crash,06/21/2023 10:00:00 PM,RAMP 8 FR RAMP 5 TO RAMP 1 (TO IS370),NA,SAME DIR REAR END,Clear,WET,Medium,NO CONTROLS,NONE DETECTED,Yes,Possible Minor Injury,"RAIN, SNOW, WET",UNKNOWN,MD,(SPORT) UTILITY VEHICLE,MOVING CONSTANT SPEED,55,No,2023,LEXUS,RX,39.12081367,-77.19526137,2023,6,22
230029861,Injury Crash,06/21/2023 10:00:00 PM,RAMP 8 FR RAMP 5 TO RAMP 1 (TO IS370),NA,SAME DIR REAR END,Clear,WET,Medium,NO CONTROLS,NONE DETECTED,No,No Apparent Injury,"RAIN, SNOW, WET",NOT DISTRACTED,MD,(SPORT) UTILITY VEHICLE,SLOWING OR STOPPING,55,No,2022,JEEP,COMPASS,39.12081367,-77.19526137,2023,6,22
230029855,Injury Crash,06/21/2023 08:22:00 PM,VEIRS MILL RD,NA,SAME DIR REAR END,Rain,WET,Daylight,TRAFFIC SIGNAL,NONE DETECTED,Yes,No Apparent Injury,"N/A, WET",UNKNOWN,MD,PASSENGER CAR,MOVING CONSTANT SPEED,40,No,2012,NISSAN,SENTRA,39.05222333,-77.07585833,2023,6,20
230029855,Injury Crash,06/21/2023 08:22:00 PM,VEIRS MILL RD,NA,SAME DIR REAR END,Rain,WET,Daylight,TRAFFIC SIGNAL,NONE DETECTED,Yes,Possible Minor Injury,"N/A, WET",UNKNOWN,MD,PASSENGER CAR,MOVING CONSTANT SPEED,40,No,2011,FORD,F150,39.05222333,-77.07585833,2023,6,20
230029855,Injury Crash,06/21/2023 08:22:00 PM,VEIRS MILL RD,NA,SAME DIR REAR END,Rain,WET,Daylight,TRAFFIC SIGNAL,NONE DETECTED,No,Possible Minor Injury,"N/A, WET",NOT DISTRACTED,MD,PASSENGER CAR,SLOWING OR STOPPING,40,No,2015,HONDA,CRV,39.05222333,-77.07585833,2023,6,20
230029854,Property Damage Crash,06/21/2023 08:22:00 PM,OBSERVATION DR,NA,SINGLE VEHICLE,Rain,WET,Medium,NO CONTROLS,NONE DETECTED,Yes,No Apparent Injury,"N/A, WET",NOT DISTRACTED,MD,PASSENGER CAR,ACCELERATING,30,No,2023,KIA,EV6,39.18868667,-77.24892167,2023,6,20
230029836,Property Damage Crash,06/21/2023 06:27:00 PM,MORNINGWOOD DR,NA,STRAIGHT MOVEMENT ANGLE,Rain,WET,Daylight,NO CONTROLS,NONE DETECTED,Yes,No Apparent Injury,"N/A, WET",UNKNOWN,MD,PASSENGER CAR,MAKING LEFT TURN,25,No,2014,BUICK,VERANO,39.15176933,-77.06958233,2023,6,18
230029836,Property Damage Crash,06/21/2023 06:27:00 PM,MORNINGWOOD DR,NA,STRAIGHT MOVEMENT ANGLE,Rain,WET,Daylight,NO CONTROLS,NONE DETECTED,No,No Apparent Injury,"N/A, WET",NOT DISTRACTED,MD,PASSENGER CAR,MOVING CONSTANT SPEED,25,No,1997,TOYOTA,COROLLA,39.15176933,-77.06958233,2023,6,18
230029840,Injury Crash,06/21/2023 06:12:00 PM,FREDERICK RD,NA,ANGLE MEETS RIGHT TURN,Rain,WET,Daylight,STOP SIGN,NONE DETECTED,Yes,No Apparent Injury,"RAIN, SNOW, WET",NOT DISTRACTED,MD,PASSENGER CAR,MAKING RIGHT TURN,35,No,2010,HOND,CP,39.15162541,-77.2107531,2023,6,18
230029840,Injury Crash,06/21/2023 06:12:00 PM,FREDERICK RD,NA,ANGLE MEETS RIGHT TURN,Rain,WET,Daylight,STOP SIGN,NONE DETECTED,No,No Apparent Injury,"RAIN, SNOW, WET",NOT DISTRACTED,MD,PASSENGER CAR,SLOWING OR STOPPING,35,No,2016,HYUN,4S,39.15162541,-77.2107531,2023,6,18
230029827,Property Damage Crash,06/21/2023 05:50:00 PM,RANDOLPH RD,NA,SAME DIR REAR END,Rain,WET,Daylight,N/A,NONE DETECTED,No,No Apparent Injury,"SLEET, HAIL, FREEZ. RAIN, WET",NOT DISTRACTED,MD,PASSENGER CAR,SLOWING OR STOPPING,30,No,2019,HONDA,CRV,39.21911,-77.06065,2023,6,17
230029827,Property Damage Crash,06/21/2023 05:50:00 PM,RANDOLPH RD,NA,SAME DIR REAR END,Rain,WET,Daylight,N/A,NONE DETECTED,No,No Apparent Injury,"SLEET, HAIL, FREEZ. RAIN, WET",NOT DISTRACTED,MD,PASSENGER CAR,STOPPED IN TRAFFIC LANE,30,No,2022,PORSCHE,CAYENNE,39.21911,-77.06065,2023,6,17
230029827,Property Damage Crash,06/21/2023 05:50:00 PM,RANDOLPH RD,NA,SAME DIR REAR END,Rain,WET,Daylight,N/A,NONE DETECTED,Yes,No Apparent Injury,"SLEET, HAIL, FREEZ. RAIN, WET",NOT DISTRACTED,VA,PASSENGER CAR,SLOWING OR STOPPING,30,No,2022,BMW,X1,39.21911,-77.06065,2023,6,17
230029829,Injury Crash,06/21/2023 05:44:00 PM,GEORGIA AVE,NA,SAME DIR REAR END,Rain,WET,Daylight,TRAFFIC SIGNAL,NONE DETECTED,No,Possible Minor Injury,"RAIN, SNOW, WET",NOT DISTRACTED,MD,PASSENGER CAR,STOPPED IN TRAFFIC LANE,30,No,2012,HONDA,ACCORD,39.02528881,-77.04620863,2023,6,17
230029829,Injury Crash,06/21/2023 05:44:00 PM,GEORGIA AVE,NA,SAME DIR REAR END,Rain,WET,Daylight,TRAFFIC SIGNAL,NONE DETECTED,No,No Apparent Injury,"RAIN, SNOW, WET",NOT DISTRACTED,MD,PASSENGER CAR,STOPPED IN TRAFFIC LANE,30,No,2011,NISSAN,4S,39.02528881,-77.04620863,2023,6,17
230029829,Injury Crash,06/21/2023 05:44:00 PM,GEORGIA AVE,NA,SAME DIR REAR END,Rain,WET,Daylight,TRAFFIC SIGNAL,ALCOHOL PRESENT,Yes,Possible Minor Injury,"RAIN, SNOW, WET",NOT DISTRACTED,MD,PASSENGER CAR,SLOWING OR STOPPING,30,No,2023,KIA,FORTE,39.02528881,-77.04620863,2023,6,17
230029824,Injury Crash,06/21/2023 05:16:00 PM,VEIRS MILL RD,NA,STRAIGHT MOVEMENT ANGLE,Rain,WET,Daylight,NO CONTROLS,NONE DETECTED,No,No Apparent Injury,"N/A, WET",NOT DISTRACTED,MD,PASSENGER CAR,MOVING CONSTANT SPEED,30,No,2022,SUBA,OUTBACK,39.07437,-77.11375,2023,6,17
230029824,Injury Crash,06/21/2023 05:16:00 PM,VEIRS MILL RD,NA,STRAIGHT MOVEMENT ANGLE,Rain,WET,Daylight,NO CONTROLS,NONE DETECTED,Yes,Possible Minor Injury,"N/A, WET",NOT DISTRACTED,XX,PASSENGER CAR,ACCELERATING,30,No,2022,HONDA,ACCORD,39.07437,-77.11375,2023,6,17
230029810,Injury Crash,06/21/2023 04:49:00 PM,CLOPPER RD,NA,HEAD ON LEFT TURN,Rain,WET,Daylight,N/A,NONE DETECTED,No,Possible Minor Injury,"RAIN, SNOW, WET",UNKNOWN,MD,PASSENGER CAR,MOVING CONSTANT SPEED,30,No,2006,HYUNDIA,SONATA,39.16224167,-77.2816465,2023,6,16
230029810,Injury Crash,06/21/2023 04:49:00 PM,CLOPPER RD,NA,HEAD ON LEFT TURN,Rain,WET,Daylight,N/A,NONE DETECTED,Yes,No Apparent Injury,"RAIN, SNOW, WET",UNKNOWN,MD,PICKUP TRUCK,MAKING LEFT TURN,30,No,2011,DODG,TK,39.16224167,-77.2816465,2023,6,16
230029823,Property Damage Crash,06/21/2023 04:40:00 PM,VILLAGE FOUNTAIN DR,NA,SAME DIR REAR END,Cloudy,WET,Daylight,TRAFFIC SIGNAL,NONE DETECTED,Yes,No Apparent Injury,"N/A, WET",NOT DISTRACTED,MD,PASSENGER CAR,SLOWING OR STOPPING,15,No,2020,HONDA,CR-V,39.16100667,-77.27914667,2023,6,16
230029823,Property Damage Crash,06/21/2023 04:40:00 PM,VILLAGE FOUNTAIN DR,NA,SAME DIR REAR END,Cloudy,WET,Daylight,TRAFFIC SIGNAL,NONE DETECTED,No,No Apparent Injury,"N/A, WET",NOT DISTRACTED,MD,PASSENGER CAR,STOPPED IN TRAFFIC LANE,15,No,2021,MERZ,GLC300,39.16100667,-77.27914667,2023,6,16
230029812,Injury Crash,06/21/2023 04:32:00 PM,BRIGGS CHANEY RD,NA,SAME DIR REND LEFT TURN,Cloudy,WET,Daylight,NO CONTROLS,NONE DETECTED,Yes,No Apparent Injury,N/A,NOT DISTRACTED,MD,PASSENGER CAR,MOVING CONSTANT SPEED,30,No,2013,CHRY,200,39.07955918,-76.94476757,2023,6,16
230029812,Injury Crash,06/21/2023 04:32:00 PM,BRIGGS CHANEY RD,NA,SAME DIR REND LEFT TURN,Cloudy,WET,Daylight,NO CONTROLS,NONE DETECTED,No,Possible Minor Injury,N/A,NOT DISTRACTED,MD,PASSENGER CAR,MAKING LEFT TURN,30,No,2012,TOYTOA,CAMRY,39.07955918,-76.94476757,2023,6,16
230029800,Property Damage Crash,06/21/2023 03:30:00 PM,RIDGE RD,NA,SAME DIR REAR END,Cloudy,WET,Daylight,TRAFFIC SIGNAL,NONE DETECTED,Yes,No Apparent Injury,"RAIN, SNOW, WET",NOT DISTRACTED,MD,PASSENGER CAR,SLOWING OR STOPPING,40,No,2001,MAZDA,TRIBUTE,39.20122363,-77.25336397,2023,6,15
230029800,Property Damage Crash,06/21/2023 03:30:00 PM,RIDGE RD,NA,SAME DIR REAR END,Cloudy,WET,Daylight,TRAFFIC SIGNAL,NONE DETECTED,No,No Apparent Injury,"RAIN, SNOW, WET",NOT DISTRACTED,MD,PASSENGER CAR,STOPPED IN TRAFFIC LANE,40,No,2015,SUBARU,4S,39.20122363,-77.25336397,2023,6,15
230029789,Property Damage Crash,06/21/2023 02:22:00 PM,MACARTHUR BLVD,NA,SINGLE VEHICLE,Rain,WET,Daylight,NO CONTROLS,NONE DETECTED,Yes,No Apparent Injury,"N/A, WET",NOT DISTRACTED,PA,PASSENGER CAR,MOVING CONSTANT SPEED,35,No,2022,TOYOTA,COROLLA,38.95470517,-77.12847333,2023,6,14
230029790,Property Damage Crash,06/21/2023 02:20:00 PM,HUNGERFORD DR,NA,SAME DIR REAR END,Rain,WET,Daylight,TRAFFIC SIGNAL,NONE DETECTED,Yes,No Apparent Injury,"RAIN, SNOW, WET",INATTENTIVE OR LOST IN THOUGHT,MD,PASSENGER CAR,SLOWING OR STOPPING,40,No,2022,JEEP,PK,39.08518535,-77.14817916,2023,6,14
230029790,Property Damage Crash,06/21/2023 02:20:00 PM,HUNGERFORD DR,NA,SAME DIR REAR END,Rain,WET,Daylight,TRAFFIC SIGNAL,NONE DETECTED,No,No Apparent Injury,"RAIN, SNOW, WET",NOT DISTRACTED,MD,PASSENGER CAR,STOPPED IN TRAFFIC LANE,40,No,2007,TOYOTA,HIGHLANDER,39.08518535,-77.14817916,2023,6,14
230029790,Property Damage Crash,06/21/2023 02:20:00 PM,HUNGERFORD DR,NA,SAME DIR REAR END,Rain,WET,Daylight,TRAFFIC SIGNAL,NONE DETECTED,No,No Apparent Injury,"RAIN, SNOW, WET",NOT DISTRACTED,MD,PASSENGER CAR,STOPPED IN TRAFFIC LANE,40,No,2020,TOYOTA,CAMERY,39.08518535,-77.14817916,2023,6,14
230029783,Property Damage Crash,06/21/2023 01:28:00 PM,EISENHOWER MEMORIAL HWY,NA,SAME DIR REAR END,Rain,WET,Daylight,N/A,NONE DETECTED,Yes,No Apparent Injury,"DEBRIS OR OBSTRUCTION, N/A",UNKNOWN,MD,PASSENGER CAR,SLOWING OR STOPPING,55,No,2023,KIA,FORTE,39.04807467,-77.15099517,2023,6,13
230029783,Property Damage Crash,06/21/2023 01:28:00 PM,EISENHOWER MEMORIAL HWY,NA,SAME DIR REAR END,Rain,WET,Daylight,N/A,NONE DETECTED,No,No Apparent Injury,"DEBRIS OR OBSTRUCTION, N/A",NOT DISTRACTED,MD,PASSENGER CAR,MOVING CONSTANT SPEED,55,No,2015,CHEVROLET,TAHOE,39.04807467,-77.15099517,2023,6,13
230029783,Property Damage Crash,06/21/2023 01:28:00 PM,EISENHOWER MEMORIAL HWY,NA,SAME DIR REAR END,Rain,WET,Daylight,N/A,NONE DETECTED,No,No Apparent Injury,"DEBRIS OR OBSTRUCTION, N/A",NOT DISTRACTED,MD,PASSENGER CAR,SLOWING OR STOPPING,55,No,2023,TESLA,MODEY Y,39.04807467,-77.15099517,2023,6,13
230029783,Property Damage Crash,06/21/2023 01:28:00 PM,EISENHOWER MEMORIAL HWY,NA,SAME DIR REAR END,Rain,WET,Daylight,N/A,NONE DETECTED,Yes,No Apparent Injury,"DEBRIS OR OBSTRUCTION, N/A",UNKNOWN,MD,PASSENGER CAR,SLOWING OR STOPPING,55,No,2007,TOYOTA,CAMRY,39.04807467,-77.15099517,2023,6,13
230029772,Property Damage Crash,06/21/2023 01:05:00 PM,GEORGIA AVE,NA,STRAIGHT MOVEMENT ANGLE,Rain,WET,Daylight,TRAFFIC SIGNAL,NONE DETECTED,Yes,No Apparent Injury,"N/A, RAIN, SNOW",NOT DISTRACTED,MD,PASSENGER CAR,MOVING CONSTANT SPEED,30,No,2013,NISSAN,VERSA,39.00958404,-77.04057743,2023,6,13
230029772,Property Damage Crash,06/21/2023 01:05:00 PM,GEORGIA AVE,NA,STRAIGHT MOVEMENT ANGLE,Rain,WET,Daylight,TRAFFIC SIGNAL,NONE DETECTED,No,No Apparent Injury,"N/A, RAIN, SNOW",NOT DISTRACTED,DE,"MEDIUM/HEAVY TRUCKS 3 AXLES (OVER 10,000LBS (4,536KG))",STARTING FROM LANE,30,No,2015,FRHT,TK,39.00958404,-77.04057743,2023,6,13
230030139,Property Damage Crash,06/21/2023 01:00:00 PM,KINGSBURY RD,NA,ANGLE MEETS LEFT TURN,Clear,DRY,Daylight,STOP SIGN,NONE DETECTED,Yes,No Apparent Injury,N/A,UNKNOWN,NA,PASSENGER CAR,UNKNOWN,25,No,2008,MERCEDES,4D,39.00466626,-77.02185427,2023,6,13
230030139,Property Damage Crash,06/21/2023 01:00:00 PM,KINGSBURY RD,NA,ANGLE MEETS LEFT TURN,Clear,DRY,Daylight,STOP SIGN,NONE DETECTED,No,No Apparent Injury,N/A,NOT DISTRACTED,MD,(SPORT) UTILITY VEHICLE,MOVING CONSTANT SPEED,30,No,2012,NISSAN,ROGUE,39.00466626,-77.02185427,2023,6,13
230029771,Property Damage Crash,06/21/2023 12:42:00 PM,RANDOLPH RD,NA,SAME DIR REAR END,Rain,WET,Daylight,TRAFFIC SIGNAL,NONE DETECTED,Yes,No Apparent Injury,"RAIN, SNOW, WET",LOOKED BUT DID NOT SEE,MD,PASSENGER CAR,MOVING CONSTANT SPEED,35,No,2013,FORD,F150,39.05719572,-77.07402451,2023,6,12
230029771,Property Damage Crash,06/21/2023 12:42:00 PM,RANDOLPH RD,NA,SAME DIR REAR END,Rain,WET,Daylight,TRAFFIC SIGNAL,NONE DETECTED,No,No Apparent Injury,"RAIN, SNOW, WET",NOT DISTRACTED,MD,PASSENGER CAR,STOPPED IN TRAFFIC LANE,35,No,2017,TOYOTA,PRIUS,39.05719572,-77.07402451,2023,6,12
230029766,Injury Crash,06/21/2023 12:00:00 PM,EAST WEST HWY (SER RD),NA,SAME DIRECTION RIGHT TURN,Rain,WET,Daylight,NO CONTROLS,NONE DETECTED,No,No Apparent Injury,"N/A, WET",NOT DISTRACTED,MD,PASSENGER CAR,PARKING,0,No,2022,TOYOTA,HIGHLANDER,38.97535333,-76.99327167,2023,6,12
230029766,Injury Crash,06/21/2023 12:00:00 PM,EAST WEST HWY (SER RD),NA,SAME DIRECTION RIGHT TURN,Rain,WET,Daylight,NO CONTROLS,NONE DETECTED,Yes,No Apparent Injury,"N/A, WET",LOOKED BUT DID NOT SEE,MD,PASSENGER CAR,MOVING CONSTANT SPEED,45,No,2001,LEXU,4S,38.97535333,-76.99327167,2023,6,12
230029766,Injury Crash,06/21/2023 12:00:00 PM,EAST WEST HWY (SER RD),NA,SAME DIRECTION RIGHT TURN,Rain,WET,Daylight,NO CONTROLS,NONE DETECTED,No,Suspected Serious Injury,"N/A, WET",NOT DISTRACTED,MD,PASSENGER CAR,MOVING CONSTANT SPEED,20,No,2018,DODGE,RAM PK,38.97535333,-76.99327167,2023,6,12
230029750,Property Damage Crash,06/21/2023 11:03:00 AM,ROCKVILLE PIKE,NA,STRAIGHT MOVEMENT ANGLE,Rain,SLUSH,Medium,NO CONTROLS,NONE DETECTED,Yes,No Apparent Injury,"N/A, WET",LOOKED BUT DID NOT SEE,MD,PASSENGER CAR,ENTERING TRAFFIC LANE,45,No,2023,JEEP,WRANGLER,39.07886264,-77.14138294,2023,6,11
230029750,Property Damage Crash,06/21/2023 11:03:00 AM,ROCKVILLE PIKE,NA,STRAIGHT MOVEMENT ANGLE,Rain,SLUSH,Medium,NO CONTROLS,NONE DETECTED,No,No Apparent Injury,"N/A, WET",NOT DISTRACTED,MD,PASSENGER CAR,MOVING CONSTANT SPEED,45,No,2012,TOYOTA,CAMERY,39.07886264,-77.14138294,2023,6,11
230029748,Injury Crash,06/21/2023 11:00:00 AM,NORBECK RD,NA,SAME DIR REAR END,Rain,WET,Daylight,TRAFFIC SIGNAL,NONE DETECTED,No,No Apparent Injury,"RAIN, SNOW, WET",NOT DISTRACTED,MD,PICKUP TRUCK,STOPPED IN TRAFFIC LANE,45,No,2006,FORD,TK,39.092351,-77.12294167,2023,6,11
230029748,Injury Crash,06/21/2023 11:00:00 AM,NORBECK RD,NA,SAME DIR REAR END,Rain,WET,Daylight,TRAFFIC SIGNAL,NONE DETECTED,Yes,No Apparent Injury,"RAIN, SNOW, WET",INATTENTIVE OR LOST IN THOUGHT,MD,(SPORT) UTILITY VEHICLE,SLOWING OR STOPPING,45,No,2012,ACURA,TK,39.092351,-77.12294167,2023,6,11
230029748,Injury Crash,06/21/2023 11:00:00 AM,NORBECK RD,NA,SAME DIR REAR END,Rain,WET,Daylight,TRAFFIC SIGNAL,NONE DETECTED,No,Possible Minor Injury,"RAIN, SNOW, WET",NOT DISTRACTED,MD,VAN,STOPPED IN TRAFFIC LANE,45,No,2019,DODGE,PV,39.092351,-77.12294167,2023,6,11
230029752,Property Damage Crash,06/21/2023 10:58:00 AM,BRIGGS CHANEY RD,NA,STRAIGHT MOVEMENT ANGLE,Rain,WET,Daylight,TRAFFIC SIGNAL,NONE DETECTED,Yes,No Apparent Injury,N/A,NOT DISTRACTED,MD,PASSENGER CAR,MOVING CONSTANT SPEED,30,No,2015,TOYOTA,SIENNA,39.08283417,-76.94802867,2023,6,10
230029752,Property Damage Crash,06/21/2023 10:58:00 AM,BRIGGS CHANEY RD,NA,STRAIGHT MOVEMENT ANGLE,Rain,WET,Daylight,TRAFFIC SIGNAL,NONE DETECTED,No,No Apparent Injury,N/A,NOT DISTRACTED,MD,PASSENGER CAR,STARTING FROM LANE,30,No,2012,CHEVY,EXPRESS,39.08283417,-76.94802867,2023,6,10
230029744,Injury Crash,06/21/2023 10:26:00 AM,COLESVILLE RD,PEDESTRIAN,OTHER,Rain,WET,Daylight,TRAFFIC SIGNAL,NONE DETECTED,No,No Apparent Injury,"RAIN, SNOW, WET",LOOKED BUT DID NOT SEE,MD,PASSENGER CAR,MOVING CONSTANT SPEED,25,No,2017,NISSAN,MAXIMA,38.99962833,-77.02592833,2023,6,10
230029738,Property Damage Crash,06/21/2023 10:02:00 AM,CLOPPER RD,NA,HEAD ON LEFT TURN,Rain,WET,Daylight,TRAFFIC SIGNAL,NONE DETECTED,Yes,No Apparent Injury,"N/A, WET",UNKNOWN,MD,MOTORCYCLE,ACCELERATING,45,No,2023,TESLA,MODEL Y,39.16077333,-77.27957,2023,6,10
230029738,Property Damage Crash,06/21/2023 10:02:00 AM,CLOPPER RD,NA,HEAD ON LEFT TURN,Rain,WET,Daylight,TRAFFIC SIGNAL,NONE DETECTED,No,No Apparent Injury,"N/A, WET",NOT DISTRACTED,MD,PASSENGER CAR,MOVING CONSTANT SPEED,45,No,2006,HOND,4S,39.16077333,-77.27957,2023,6,10
230029733,Injury Crash,06/21/2023 09:21:00 AM,RANDOLPH RD,NA,SAME DIRECTION RIGHT TURN,Rain,WET,Daylight,TRAFFIC SIGNAL,NONE DETECTED,No,No Apparent Injury,"RAIN, SNOW, WET",NOT DISTRACTED,VA,PASSENGER CAR,MOVING CONSTANT SPEED,35,No,2021,TOYOTA,RAV4,39.05338833,-77.10729,2023,6,9
230029733,Injury Crash,06/21/2023 09:21:00 AM,RANDOLPH RD,NA,SAME DIRECTION RIGHT TURN,Rain,WET,Daylight,TRAFFIC SIGNAL,NONE DETECTED,Yes,Possible Minor Injury,"RAIN, SNOW, WET",LOOKED BUT DID NOT SEE,MD,PASSENGER CAR,CHANGING LANES,35,No,1996,TOYOTA,CAMRY,39.05338833,-77.10729,2023,6,9
230029730,Injury Crash,06/21/2023 09:00:00 AM,ROCKVILLE PIKE,NA,SAME DIR REAR END,Rain,WET,Medium,TRAFFIC SIGNAL,NONE DETECTED,No,Possible Minor Injury,"RAIN, SNOW, WET",NOT DISTRACTED,MD,PASSENGER CAR,STOPPED IN TRAFFIC LANE,35,No,2015,TOYT,SU,39.05922021,-77.12184007,2023,6,9
230029730,Injury Crash,06/21/2023 09:00:00 AM,ROCKVILLE PIKE,NA,SAME DIR REAR END,Rain,WET,Medium,TRAFFIC SIGNAL,NONE DETECTED,Yes,No Apparent Injury,"RAIN, SNOW, WET",NOT DISTRACTED,MD,PASSENGER CAR,SLOWING OR STOPPING,35,No,2020,TOYT,SD,39.05922021,-77.12184007,2023,6,9
230029728,Injury Crash,06/21/2023 08:57:00 AM,REDLAND RD,NA,SINGLE VEHICLE,Rain,WET,Daylight,NO CONTROLS,NONE DETECTED,Yes,Possible Minor Injury,"RAIN, SNOW, WET",NOT DISTRACTED,MD,PASSENGER CAR,MOVING CONSTANT SPEED,35,No,2011,TOYT,CAMRY,39.12400167,-77.16158333,2023,6,8
230029729,Property Damage Crash,06/21/2023 08:46:00 AM,MACARTHUR BLVD,NA,STRAIGHT MOVEMENT ANGLE,Rain,WET,Daylight,STOP SIGN,NONE DETECTED,Yes,No Apparent Injury,"N/A, WET",LOOKED BUT DID NOT SEE,MD,PASSENGER CAR,MAKING LEFT TURN,35,No,2014,LEXS,4S,38.98853167,-77.22554667,2023,6,8
230029729,Property Damage Crash,06/21/2023 08:46:00 AM,MACARTHUR BLVD,NA,STRAIGHT MOVEMENT ANGLE,Rain,WET,Daylight,STOP SIGN,NONE DETECTED,No,No Apparent Injury,"N/A, WET",NOT DISTRACTED,MD,PASSENGER CAR,MOVING CONSTANT SPEED,35,No,2014,TOYT,4S,38.98853167,-77.22554667,2023,6,8
230029722,Property Damage Crash,06/21/2023 08:02:00 AM,GEORGIA AVE,NA,STRAIGHT MOVEMENT ANGLE,Rain,WET,Daylight,TRAFFIC SIGNAL,NONE DETECTED,Yes,No Apparent Injury,"RAIN, SNOW, WET",LOOKED BUT DID NOT SEE,MD,PASSENGER CAR,MAKING RIGHT TURN,10,No,2018,TOYOTA,HIGHLANDER,39.00737667,-77.03898167,2023,6,8
230029722,Property Damage Crash,06/21/2023 08:02:00 AM,GEORGIA AVE,NA,STRAIGHT MOVEMENT ANGLE,Rain,WET,Daylight,TRAFFIC SIGNAL,NONE DETECTED,No,No Apparent Injury,"RAIN, SNOW, WET",NOT DISTRACTED,MD,TRANSIT BUS,MOVING CONSTANT SPEED,25,No,2012,GILL,BUS,39.00737667,-77.03898167,2023,6,8
230029721,Injury Crash,06/21/2023 07:45:00 AM,BRINK RD,NA,SINGLE VEHICLE,Rain,WET,Daylight,NO CONTROLS,NONE DETECTED,Yes,Possible Minor Injury,"N/A, WET",NOT DISTRACTED,MD,PASSENGER CAR,MOVING CONSTANT SPEED,35,No,2017,CHEV,TK,39.20674833,-77.216895,2023,6,7
230029711,Property Damage Crash,06/21/2023 03:15:00 AM,GEORGIA AVE,NA,STRAIGHT MOVEMENT ANGLE,Clear,DRY,Dark,NO CONTROLS,NONE DETECTED,No,No Apparent Injury,N/A,LOOKED BUT DID NOT SEE,MD,PASSENGER CAR,MOVING CONSTANT SPEED,25,No,2008,HONDA,CIVIC,39.04959,-77.05186833,2023,6,3
230029711,Property Damage Crash,06/21/2023 03:15:00 AM,GEORGIA AVE,NA,STRAIGHT MOVEMENT ANGLE,Clear,DRY,Dark,NO CONTROLS,NONE DETECTED,Yes,No Apparent Injury,N/A,LOOKED BUT DID NOT SEE,MD,PASSENGER CAR,MAKING LEFT TURN,25,No,2017,CHEVROLET,SILVERADO,39.04959,-77.05186833,2023,6,3
230029692,Property Damage Crash,06/20/2023 11:00:00 PM,OLD BALTIMORE RD,NA,SAME DIR REAR END,Cloudy,DRY,Medium,N/A,NONE DETECTED,Yes,No Apparent Injury,N/A,INATTENTIVE OR LOST IN THOUGHT,MD,PASSENGER CAR,MOVING CONSTANT SPEED,30,No,2016,MERZ,C,39.15156834,-77.05059835,2023,6,23
230029688,Injury Crash,06/20/2023 10:27:00 PM,FREDERICK RD,NA,HEAD ON LEFT TURN,Clear,DRY,Medium,TRAFFIC SIGNAL,NONE DETECTED,No,Possible Minor Injury,N/A,NOT DISTRACTED,MD,PASSENGER CAR,MOVING CONSTANT SPEED,30,No,2022,TOYOTA,CAMRY,39.15009445,-77.2090089,2023,6,22
230029688,Injury Crash,06/20/2023 10:27:00 PM,FREDERICK RD,NA,HEAD ON LEFT TURN,Clear,DRY,Medium,TRAFFIC SIGNAL,NONE DETECTED,Yes,Possible Minor Injury,N/A,LOOKED BUT DID NOT SEE,MD,PASSENGER CAR,MAKING LEFT TURN,30,No,2017,HONDA,CIVIC,39.15009445,-77.2090089,2023,6,22
230029670,Injury Crash,06/20/2023 08:45:00 PM,FALLS RD,NA,HEAD ON LEFT TURN,Clear,DRY,Medium,TRAFFIC SIGNAL,NONE DETECTED,No,Possible Minor Injury,N/A,NOT DISTRACTED,MD,PASSENGER CAR,MOVING CONSTANT SPEED,35,No,2022,TESLA,4D,39.02641367,-77.20367383,2023,6,20
230029670,Injury Crash,06/20/2023 08:45:00 PM,FALLS RD,NA,HEAD ON LEFT TURN,Clear,DRY,Medium,TRAFFIC SIGNAL,NONE DETECTED,Yes,No Apparent Injury,N/A,LOOKED BUT DID NOT SEE,MD,STATION WAGON,MAKING LEFT TURN,35,No,2008,SUBARU,FORESTER,39.02641367,-77.20367383,2023,6,20
230029672,Property Damage Crash,06/20/2023 08:34:00 PM,ASPEN HILL RD,NA,SAME DIRECTION RIGHT TURN,Cloudy,DRY,Medium,TRAFFIC SIGNAL,NONE DETECTED,Yes,No Apparent Injury,N/A,UNKNOWN,NA,PASSENGER CAR,PASSING,25,No,2017,HONDA,ACCORD,39.08041369,-77.07561028,2023,6,20
230029672,Property Damage Crash,06/20/2023 08:34:00 PM,ASPEN HILL RD,NA,SAME DIRECTION RIGHT TURN,Cloudy,DRY,Medium,TRAFFIC SIGNAL,NONE DETECTED,No,No Apparent Injury,N/A,NOT DISTRACTED,MD,PASSENGER CAR,STOPPED IN TRAFFIC LANE,25,No,2009,HONDA,CIVIC,39.08041369,-77.07561028,2023,6,20
230029668,Property Damage Crash,06/20/2023 08:20:00 PM,FALLSGROVE DR,NA,STRAIGHT MOVEMENT ANGLE,Clear,DRY,Medium,NO CONTROLS,NONE DETECTED,No,No Apparent Injury,N/A,NOT DISTRACTED,MD,PASSENGER CAR,MOVING CONSTANT SPEED,25,No,2011,MINI,2S,39.09941467,-77.18714067,2023,6,20
230029668,Property Damage Crash,06/20/2023 08:20:00 PM,FALLSGROVE DR,NA,STRAIGHT MOVEMENT ANGLE,Clear,DRY,Medium,NO CONTROLS,NONE DETECTED,Yes,No Apparent Injury,N/A,LOOKED BUT DID NOT SEE,MD,PASSENGER CAR,MAKING U TURN,25,No,2010,KIA,4S,39.09941467,-77.18714067,2023,6,20
230029678,Property Damage Crash,06/20/2023 07:57:00 PM,FREDERICK RD,NA,SAME DIR REAR END,Clear,DRY,Medium,N/A,NONE DETECTED,No,No Apparent Injury,N/A,NOT DISTRACTED,MD,PASSENGER CAR,MOVING CONSTANT SPEED,40,No,2001,CHEVY,TAHOE,39.197278,-77.24486433,2023,6,19
230029678,Property Damage Crash,06/20/2023 07:57:00 PM,FREDERICK RD,NA,SAME DIR REAR END,Clear,DRY,Medium,N/A,NONE DETECTED,No,No Apparent Injury,N/A,NOT DISTRACTED,MD,PASSENGER CAR,MOVING CONSTANT SPEED,40,No,2006,CHEVY,TAHOE,39.197278,-77.24486433,2023,6,19
230029648,Property Damage Crash,06/20/2023 06:30:00 PM,ROCKVILLE PIKE,NA,SAME DIR REAR END,Clear,DRY,Daylight,N/A,NONE DETECTED,No,No Apparent Injury,N/A,NOT DISTRACTED,MD,PASSENGER CAR,MAKING RIGHT TURN,40,No,2023,TESLA,Y,39.059021,-77.12141137,2023,6,18
230029651,Property Damage Crash,06/20/2023 06:30:00 PM,GEORGIA AVE,NA,SAME DIR REAR END,Clear,DRY,Daylight,TRAFFIC SIGNAL,NONE DETECTED,Yes,No Apparent Injury,N/A,NO DRIVER PRESENT,NA,PASSENGER CAR,UNKNOWN,30,No,2019,BUICK,UT,38.994318,-77.02667318,2023,6,18