Local Case Number,ACRS Report Type,Crash Date/Time,Road Name,Related Non-Motorist,Collision Type,Weather,Surface Condition,Light,Traffic Control,Driver Substance Abuse,Driver At Fault,Injury Severity,Circumstance,Driver Distracted By,Drivers License State,Vehicle Body Type,Vehicle Movement,Speed Limit,Driverless Vehicle,Vehicle Year,Vehicle Make,Vehicle Model,Latitude,Longitude,Year,Month,Hour
230029648,Property Damage Crash,06/20/2023 06:30:00 PM,ROCKVILLE PIKE,NA,SAME DIR REAR END,Clear,DRY,Daylight,N/A,NONE DETECTED,Yes,No Apparent Injury,N/A,LOOKED BUT DID NOT SEE,MD,(SPORT) UTILITY VEHICLE,MOVING CONSTANT SPEED,40,No,2016,JEEP,CHEROKEE,39.059021,-77.12141137,2023,6,18
230029651,Property Damage Crash,06/20/2023 06:30:00 PM,GEORGIA AVE,NA,SAME DIR REAR END,Clear,DRY,Daylight,TRAFFIC SIGNAL,NONE DETECTED,No,No Apparent Injury,N/A,NOT DISTRACTED,DC,(SPORT) UTILITY VEHICLE,STOPPED IN TRAFFIC LANE,30,No,2019,JEEP,UT,38.994318,-77.02667318,2023,6,18
230029652,Property Damage Crash,06/20/2023 06:03:00 PM,NA,NA,SAME DIRECTION SIDESWIPE,Clear,NA,Daylight,NO CONTROLS,NONE DETECTED,No,No Apparent Injury,N/A,NOT DISTRACTED,MD,PASSENGER CAR,STOPPED IN TRAFFIC LANE,15,No,2013,HYUNDAI,ELANTRA,39.11972757,-77.16494377,2023,6,18
230029652,Property Damage Crash,06/20/2023 06:03:00 PM,NA,NA,SAME DIRECTION SIDESWIPE,Clear,NA,Daylight,NO CONTROLS,NONE DETECTED,Yes,No Apparent Injury,N/A,UNKNOWN,NA,PASSENGER CAR,MOVING CONSTANT SPEED,15,No,2020,LEXUS,UNK,39.11972757,-77.16494377,2023,6,18
230029639,Injury Crash,06/20/2023 05:50:00 PM,GEORGIA AVE,NA,SAME DIR REAR END,Clear,DRY,Daylight,NO CONTROLS,NONE DETECTED,No,Possible Minor Injury,N/A,NOT DISTRACTED,VA,PASSENGER CAR,SLOWING OR STOPPING,35,No,2011,NISSAN,ROGUE,39.069287,-77.06196883,2023,6,17
230029639,Injury Crash,06/20/2023 05:50:00 PM,GEORGIA AVE,NA,SAME DIR REAR END,Clear,DRY,Daylight,NO CONTROLS,NONE DETECTED,Yes,No Apparent Injury,N/A,UNKNOWN,NA,PASSENGER CAR,MOVING CONSTANT SPEED,35,No,2003,HONDA,ACCORD,39.069287,-77.06196883,2023,6,17
230029639,Injury Crash,06/20/2023 05:50:00 PM,GEORGIA AVE,NA,SAME DIR REAR END,Clear,DRY,Daylight,NO CONTROLS,NONE DETECTED,No,No Apparent Injury,N/A,NOT DISTRACTED,MD,PASSENGER CAR,STOPPED IN TRAFFIC LANE,35,No,2018,SUBARU,FORESTER,39.069287,-77.06196883,2023,6,17
230029640,Injury Crash,06/20/2023 05:45:00 PM,DEMOCRACY BLVD,NA,SAME DIR REAR END,Cloudy,DRY,Daylight,YIELD SIGN,NONE DETECTED,No,Possible Minor Injury,N/A,NOT DISTRACTED,MD,POLICE VEHICLE/EMERGENCY,SLOWING OR STOPPING,35,No,2009,TOYT,PRIUS,39.02198779,-77.14521932,2023,6,17
230029640,Injury Crash,06/20/2023 05:45:00 PM,DEMOCRACY BLVD,NA,SAME DIR REAR END,Cloudy,DRY,Daylight,YIELD SIGN,NONE DETECTED,Yes,No Apparent Injury,N/A,INATTENTIVE OR LOST IN THOUGHT,MD,(SPORT) UTILITY VEHICLE,SLOWING OR STOPPING,35,No,2013,TOYT,HIGHLANDER,39.02198779,-77.14521932,2023,6,17
230029633,Property Damage Crash,06/20/2023 05:23:00 PM,ROWEN RD,NA,STRAIGHT MOVEMENT ANGLE,Cloudy,DRY,Daylight,STOP SIGN,NONE DETECTED,Yes,No Apparent Injury,N/A,LOOKED BUT DID NOT SEE,MD,PASSENGER CAR,ENTERING TRAFFIC LANE,30,No,2014,TOYOTA,4S,39.00405833,-77.02372333,2023,6,17
230029633,Property Damage Crash,06/20/2023 05:23:00 PM,ROWEN RD,NA,STRAIGHT MOVEMENT ANGLE,Cloudy,DRY,Daylight,STOP SIGN,NONE DETECTED,No,No Apparent Injury,N/A,NOT DISTRACTED,MD,PASSENGER CAR,MOVING CONSTANT SPEED,30,No,2021,HONDA,SD,39.00405833,-77.02372333,2023,6,17
230029634,Injury Crash,06/20/2023 05:11:00 PM,MONTGOMERY VILLAGE AVE,NA,ANGLE MEETS RIGHT TURN,Clear,DRY,Daylight,STOP SIGN,NONE DETECTED,No,Possible Minor Injury,N/A,NOT DISTRACTED,VA,PASSENGER CAR,ACCELERATING,35,No,2017,HONDA,4D,39.18265,-77.19924167,2023,6,17
230029634,Injury Crash,06/20/2023 05:11:00 PM,MONTGOMERY VILLAGE AVE,NA,ANGLE MEETS RIGHT TURN,Clear,DRY,Daylight,STOP SIGN,NONE DETECTED,Yes,No Apparent Injury,N/A,NOT DISTRACTED,MD,PASSENGER CAR,MAKING RIGHT TURN,35,No,2022,TOYT,UT,39.18265,-77.19924167,2023,6,17
230029643,Property Damage Crash,06/20/2023 05:06:00 PM,NA,NA,SAME DIR REAR END,Clear,NA,Daylight,NO CONTROLS,NONE DETECTED,Yes,No Apparent Injury,N/A,UNKNOWN,MD,PASSENGER CAR,MOVING CONSTANT SPEED,10,No,2009,FORD,SEDAN,39.03757833,-77.05350478,2023,6,17
230029643,Property Damage Crash,06/20/2023 05:06:00 PM,NA,NA,SAME DIR REAR END,Clear,NA,Daylight,NO CONTROLS,NONE DETECTED,No,No Apparent Injury,N/A,NOT DISTRACTED,DC,PASSENGER CAR,SLOWING OR STOPPING,10,No,2020,TOYOTA,CAMRY,39.03757833,-77.05350478,2023,6,17
230029618,Property Damage Crash,06/20/2023 04:30:00 PM,EMORY GROVE RD,NA,SINGLE VEHICLE,Clear,DRY,Daylight,NO CONTROLS,NONE DETECTED,Unknown,No Apparent Injury,"ANIMAL, N/A",NOT DISTRACTED,MD,PASSENGER CAR,MOVING CONSTANT SPEED,30,No,2001,NISS,PV,39.15963,-77.18883333,2023,6,16
230029619,Injury Crash,06/20/2023 04:19:00 PM,BONIFANT RD,NA,HEAD ON,Clear,DRY,Daylight,NO CONTROLS,NONE DETECTED,No,Possible Minor Injury,N/A,NOT DISTRACTED,MD,PASSENGER CAR,MOVING CONSTANT SPEED,35,No,2015,NISSAN,VERSA,39.091556,-77.04230743,2023,6,16
230029619,Injury Crash,06/20/2023 04:19:00 PM,BONIFANT RD,NA,HEAD ON,Clear,DRY,Daylight,NO CONTROLS,NONE DETECTED,Yes,Possible Minor Injury,N/A,UNKNOWN,MD,PASSENGER CAR,MOVING CONSTANT SPEED,35,No,2012,CHEVROLET,EQUINOX,39.091556,-77.04230743,2023,6,16
230029617,Property Damage Crash,06/20/2023 04:15:00 PM,SHADY GROVE RD,NA,SAME DIRECTION LEFT TURN,Clear,DRY,Daylight,TRAFFIC SIGNAL,NONE DETECTED,Yes,No Apparent Injury,N/A,LOOKED BUT DID NOT SEE,MD,"OTHER LIGHT TRUCKS (10,000LBS (4,536KG) OR LESS)",MAKING LEFT TURN,40,No,2023,CCC,ST,39.121916,-77.17686317,2023,6,16
230029617,Property Damage Crash,06/20/2023 04:15:00 PM,SHADY GROVE RD,NA,SAME DIRECTION LEFT TURN,Clear,DRY,Daylight,TRAFFIC SIGNAL,NONE DETECTED,Yes,No Apparent Injury,N/A,LOOKED BUT DID NOT SEE,MD,PICKUP TRUCK,MAKING LEFT TURN,40,No,2003,CHEVY,SILVERADO,39.121916,-77.17686317,2023,6,16
230029613,Property Damage Crash,06/20/2023 03:38:00 PM,NA,NA,OTHER,Cloudy,NA,Daylight,NO CONTROLS,NONE DETECTED,Yes,No Apparent Injury,N/A,LOOKED BUT DID NOT SEE,MD,PASSENGER CAR,MAKING RIGHT TURN,0,No,2023,KIA,UT,39.18305183,-77.25963217,2023,6,15
230029593,Property Damage Crash,06/20/2023 02:16:00 PM,GEORGIA AVE,NA,ANGLE MEETS LEFT TURN,Clear,DRY,Daylight,TRAFFIC SIGNAL,NONE DETECTED,Yes,No Apparent Injury,N/A,UNKNOWN,NA,UNKNOWN,MAKING LEFT TURN,25,No,0,UNKNOWN,UNKNOWN,39.041554,-77.052068,2023,6,14
230029593,Property Damage Crash,06/20/2023 02:16:00 PM,GEORGIA AVE,NA,ANGLE MEETS LEFT TURN,Clear,DRY,Daylight,TRAFFIC SIGNAL,NONE DETECTED,No,No Apparent Injury,N/A,NOT DISTRACTED,MD,PASSENGER CAR,MOVING CONSTANT SPEED,25,No,2010,TOYT,PRIUS,39.041554,-77.052068,2023,6,14
230029589,Property Damage Crash,06/20/2023 02:10:00 PM,BEL PRE RD,NA,HEAD ON,Cloudy,DRY,Daylight,TRAFFIC SIGNAL,NONE DETECTED,No,No Apparent Injury,N/A,NOT DISTRACTED,WA,PASSENGER CAR,STOPPED IN TRAFFIC LANE,35,No,2018,HONDA,CIVIC,39.09048917,-77.0484985,2023,6,14
230029589,Property Damage Crash,06/20/2023 02:10:00 PM,BEL PRE RD,NA,HEAD ON,Cloudy,DRY,Daylight,TRAFFIC SIGNAL,NONE DETECTED,Yes,No Apparent Injury,N/A,UNKNOWN,MD,PASSENGER CAR,MAKING RIGHT TURN,35,No,2015,HONDA,CIVIC,39.09048917,-77.0484985,2023,6,14
230029589,Property Damage Crash,06/20/2023 02:10:00 PM,BEL PRE RD,NA,HEAD ON,Cloudy,DRY,Daylight,TRAFFIC SIGNAL,NONE DETECTED,No,No Apparent Injury,N/A,NOT DISTRACTED,MD,PASSENGER CAR,STOPPED IN TRAFFIC LANE,35,No,2014,TOYT,HB,39.09048917,-77.0484985,2023,6,14
230029580,Injury Crash,06/20/2023 01:18:00 PM,NEW HAMPSHIRE AVE,PEDESTRIAN,OTHER,Clear,DRY,Daylight,TRAFFIC SIGNAL,NONE DETECTED,Yes,No Apparent Injury,N/A,OTHER DISTRACTION,MD,PASSENGER CAR,SLOWING OR STOPPING,30,No,2019,NISSAN,PATHFINDER,38.98590513,-76.98808884,2023,6,13
230029560,Property Damage Crash,06/20/2023 11:09:00 AM,NA,NA,OTHER,Cloudy,NA,Daylight,N/A,NONE DETECTED,No,No Apparent Injury,N/A,NOT DISTRACTED,NY,PASSENGER CAR,BACKING,5,No,2010,TOYOTA,PRIUS,39.0404187,-76.99315289,2023,6,11
230029560,Property Damage Crash,06/20/2023 11:09:00 AM,NA,NA,OTHER,Cloudy,NA,Daylight,N/A,NONE DETECTED,Yes,No Apparent Injury,N/A,UNKNOWN,NA,PASSENGER CAR,BACKING,10,No,2009,BMW,323I,39.0404187,-76.99315289,2023,6,11
230029544,Injury Crash,06/20/2023 09:54:00 AM,WATKINS MILL RD,NA,SAME DIR REAR END,Cloudy,DRY,Daylight,NO CONTROLS,NONE DETECTED,No,No Apparent Injury,N/A,NOT DISTRACTED,MD,(SPORT) UTILITY VEHICLE,SLOWING OR STOPPING,35,No,2019,HOND,TK,39.16533809,-77.21500853,2023,6,9
230029544,Injury Crash,06/20/2023 09:54:00 AM,WATKINS MILL RD,NA,SAME DIR REAR END,Cloudy,DRY,Daylight,NO CONTROLS,NONE DETECTED,Yes,Possible Minor Injury,N/A,UNKNOWN,MD,(SPORT) UTILITY VEHICLE,SLOWING OR STOPPING,35,No,2006,NISS,UT,39.16533809,-77.21500853,2023,6,9
230029536,Property Damage Crash,06/20/2023 08:36:00 AM,CLOPPER RD,NA,SAME DIR REAR END,Cloudy,DRY,Daylight,TRAFFIC SIGNAL,NONE DETECTED,No,No Apparent Injury,N/A,NOT DISTRACTED,MD,PASSENGER CAR,SLOWING OR STOPPING,35,No,2016,TOYT,TK,39.14817518,-77.23745873,2023,6,8
230029536,Property Damage Crash,06/20/2023 08:36:00 AM,CLOPPER RD,NA,SAME DIR REAR END,Cloudy,DRY,Daylight,TRAFFIC SIGNAL,NONE DETECTED,Yes,No Apparent Injury,N/A,LOOKED BUT DID NOT SEE,MD,PASSENGER CAR,SLOWING OR STOPPING,35,No,2007,MAZD,UT,39.14817518,-77.23745873,2023,6,8
230029526,Property Damage Crash,06/20/2023 07:33:00 AM,VEIRS MILL RD,NA,SAME DIR REAR END,Cloudy,DRY,Daylight,TRAFFIC SIGNAL,NONE DETECTED,Yes,No Apparent Injury,"N/A, VISION OBSTRUCTION (INCL. BLINDED BY SUN)",TALKING OR LISTENING TO CELLULAR PHONE,MD,PASSENGER CAR,MOVING CONSTANT SPEED,30,No,2008,TOYT,TUNDRA,39.06121933,-77.09148117,2023,6,7
230029526,Property Damage Crash,06/20/2023 07:33:00 AM,VEIRS MILL RD,NA,SAME DIR REAR END,Cloudy,DRY,Daylight,TRAFFIC SIGNAL,NONE DETECTED,No,No Apparent Injury,"N/A, VISION OBSTRUCTION (INCL. BLINDED BY SUN)",NOT DISTRACTED,MD,PASSENGER CAR,STOPPED IN TRAFFIC LANE,30,No,2021,KIA,KONA,39.06121933,-77.09148117,2023,6,7
230029526,Property Damage Crash,06/20/2023 07:33:00 AM,VEIRS MILL RD,NA,SAME DIR REAR END,Cloudy,DRY,Daylight,TRAFFIC SIGNAL,NONE DETECTED,No,No Apparent Injury,"N/A, VISION OBSTRUCTION (INCL. BLINDED BY SUN)",NOT DISTRACTED,MD,PASSENGER CAR,STOPPED IN TRAFFIC LANE,30,No,2017,HONDA,CRV,39.06121933,-77.09148117,2023,6,7
230029531,Property Damage Crash,06/20/2023 06:45:00 AM,COLUMBIA PIKE,NA,SAME DIRECTION SIDESWIPE,Cloudy,DRY,Daylight,TRAFFIC SIGNAL,NONE DETECTED,No,No Apparent Injury,N/A,NOT DISTRACTED,MD,PICKUP TRUCK,MOVING CONSTANT SPEED,35,No,2016,FORD,F150,39.03858617,-76.99823567,2023,6,6
230029531,Property Damage Crash,06/20/2023 06:45:00 AM,COLUMBIA PIKE,NA,SAME DIRECTION SIDESWIPE,Cloudy,DRY,Daylight,TRAFFIC SIGNAL,NONE DETECTED,Yes,No Apparent Injury,N/A,NOT DISTRACTED,XX,PASSENGER CAR,CHANGING LANES,45,No,2001,HONDA,ACCORD,39.03858617,-76.99823567,2023,6,6
230029519,Property Damage Crash,06/20/2023 05:08:00 AM,SPENCERVILLE RD,NA,SAME DIR REAR END,Clear,DRY,Medium,NO CONTROLS,NONE DETECTED,No,No Apparent Injury,N/A,NOT DISTRACTED,MD,PASSENGER CAR,SLOWING OR STOPPING,40,No,2023,CHEVY,VOLT,39.1188855,-76.982734,2023,6,5
230029519,Property Damage Crash,06/20/2023 05:08:00 AM,SPENCERVILLE RD,NA,SAME DIR REAR END,Clear,DRY,Medium,NO CONTROLS,NONE DETECTED,Yes,No Apparent Injury,N/A,NOT DISTRACTED,MD,PASSENGER CAR,SLOWING OR STOPPING,40,No,2015,HONDA,CIVIC,39.1188855,-76.982734,2023,6,5
230029518,Injury Crash,06/20/2023 04:44:00 AM,FREDERICK RD,PEDESTRIAN,SINGLE VEHICLE,Clear,DRY,Medium,FLASHING TRAFFIC SIGNAL,NONE DETECTED,Yes,No Apparent Injury,N/A,NOT DISTRACTED,NA,NA,SLOWING OR STOPPING,40,No,0,UNKNOWN,UNKNOWN,39.17832267,-77.23839742,2023,6,4
230029654,Property Damage Crash,06/20/2023 03:34:00 AM,HAWKINS CREAMERY RD,NA,OTHER,Clear,DRY,Dark,NO CONTROLS,NONE DETECTED,No,No Apparent Injury,"ANIMAL, N/A",NOT DISTRACTED,MD,POLICE VEHICLE/NON EMERGENCY,MOVING CONSTANT SPEED,35,No,2013,FORD,EXPLORER,39.26560101,-77.17670933,2023,6,3
230029506,Property Damage Crash,06/20/2023 12:30:00 AM,FREDERICK RD,NA,STRAIGHT MOVEMENT ANGLE,Clear,N/A,Medium,TRAFFIC SIGNAL,NONE DETECTED,No,No Apparent Injury,N/A,NOT DISTRACTED,MD,PASSENGER CAR,MOVING CONSTANT SPEED,30,No,2014,TOYOTA,COROLLA,39.14989177,-77.20956855,2023,6,0
230029506,Property Damage Crash,06/20/2023 12:30:00 AM,FREDERICK RD,NA,STRAIGHT MOVEMENT ANGLE,Clear,N/A,Medium,TRAFFIC SIGNAL,NONE DETECTED,Yes,No Apparent Injury,N/A,NOT DISTRACTED,MD,PASSENGER CAR,ACCELERATING,30,No,2019,TOYT,COROLLA,39.14989177,-77.20956855,2023,6,0
230029501,Injury Crash,06/19/2023 10:43:00 PM,WHITES FERRY RD,NA,SINGLE VEHICLE,Rain,WET,Dark,NO CONTROLS,NONE DETECTED,No,Possible Minor Injury,"RAIN, SNOW, WET",NOT DISTRACTED,MD,PASSENGER CAR,MOVING CONSTANT SPEED,30,No,2020,LEXUS,UX250H,39.12459167,-77.37414333,2023,6,22
230034298,Property Damage Crash,06/19/2023 10:19:00 PM,NA,NA,SAME DIR REAR END,Clear,NA,Medium,N/A,NONE DETECTED,Unknown,No Apparent Injury,N/A,UNKNOWN,MD,PASSENGER CAR,BACKING,0,No,2012,HONDA,ACCORD COUPE,39.12840236,-77.18520068,2023,6,22
230034298,Property Damage Crash,06/19/2023 10:19:00 PM,NA,NA,SAME DIR REAR END,Clear,NA,Medium,N/A,NONE DETECTED,Unknown,No Apparent Injury,N/A,UNKNOWN,MD,PASSENGER CAR,PARKED,0,No,2009,HYUNDAI,SONATA,39.12840236,-77.18520068,2023,6,22
230029489,Injury Crash,06/19/2023 08:15:00 PM,NORTHAMPTON DR,PEDESTRIAN,OTHER,Clear,DRY,Medium,NO CONTROLS,NONE DETECTED,No,No Apparent Injury,N/A,NOT DISTRACTED,MD,PASSENGER CAR,MOVING CONSTANT SPEED,25,No,2011,CHEVROLET,CRUZ,39.00839654,-76.98531459,2023,6,20
230029485,Injury Crash,06/19/2023 07:30:00 PM,N WASHINGTON ST,NA,SAME DIR REAR END,Clear,DRY,Daylight,NO CONTROLS,NONE DETECTED,No,Possible Minor Injury,N/A,NOT DISTRACTED,MD,PASSENGER CAR,N/A,25,No,2008,TOYT,4S,39.08425193,-77.1529319,2023,6,19
230029485,Injury Crash,06/19/2023 07:30:00 PM,N WASHINGTON ST,NA,SAME DIR REAR END,Clear,DRY,Daylight,NO CONTROLS,NONE DETECTED,Yes,No Apparent Injury,N/A,NOT DISTRACTED,MD,PASSENGER CAR,N/A,25,No,2019,CHEV,UT,39.08425193,-77.1529319,2023,6,19
230029485,Injury Crash,06/19/2023 07:30:00 PM,N WASHINGTON ST,NA,SAME DIR REAR END,Clear,DRY,Daylight,NO CONTROLS,NONE DETECTED,No,No Apparent Injury,N/A,NOT DISTRACTED,MD,PASSENGER CAR,N/A,25,No,2015,HYUN,4S,39.08425193,-77.1529319,2023,6,19
230029212,Property Damage Crash,06/19/2023 07:14:00 PM,OLD GEORGETOWN RD,NA,UNKNOWN,Clear,DRY,Daylight,UNKNOWN,ALCOHOL PRESENT,Yes,No Apparent Injury,N/A,LOOKED BUT DID NOT SEE,MD,PASSENGER CAR,STOPPED IN TRAFFIC LANE,35,No,2022,LAND ROVER,DEFENDER,39.02987792,-77.1264311,2023,6,19
230029470,Injury Crash,06/19/2023 06:21:00 PM,NICHOLSON LA,NA,STRAIGHT MOVEMENT ANGLE,Cloudy,WET,Daylight,TRAFFIC SIGNAL,NONE DETECTED,Yes,No Apparent Injury,"N/A, WET",USING DEVICE OBJECT BROUGHT INTO VEHICLE,MD,(SPORT) UTILITY VEHICLE,MAKING LEFT TURN,35,No,2019,VOLK,GOLF,39.04547,-77.10502167,2023,6,18
230029470,Injury Crash,06/19/2023 06:21:00 PM,NICHOLSON LA,NA,STRAIGHT MOVEMENT ANGLE,Cloudy,WET,Daylight,TRAFFIC SIGNAL,NONE DETECTED,Yes,Possible Minor Injury,"N/A, WET",NOT DISTRACTED,MD,PASSENGER CAR,MOVING CONSTANT SPEED,35,No,2018,TOYT,CAMRY,39.04547,-77.10502167,2023,6,18
230029465,Injury Crash,06/19/2023 05:00:00 PM,CLOPPER RD,NA,SAME DIR REAR END,Cloudy,DRY,Daylight,TRAFFIC SIGNAL,NONE DETECTED,No,Possible Minor Injury,N/A,NOT DISTRACTED,MD,PASSENGER CAR,STOPPED IN TRAFFIC LANE,45,No,2022,TOYOTA,4DR,39.15657089,-77.26649517,2023,6,17
230029465,Injury Crash,06/19/2023 05:00:00 PM,CLOPPER RD,NA,SAME DIR REAR END,Cloudy,DRY,Daylight,TRAFFIC SIGNAL,NONE DETECTED,Yes,No Apparent Injury,N/A,UNKNOWN,NA,PASSENGER CAR,ACCELERATING,45,No,2012,FORD,4DR,39.15657089,-77.26649517,2023,6,17
230029454,Injury Crash,06/19/2023 04:17:00 PM,ARROWHEAD RD,PEDESTRIAN,SINGLE VEHICLE,Cloudy,DRY,Daylight,NO CONTROLS,NONE DETECTED,No,No Apparent Injury,N/A,NOT DISTRACTED,MD,PASSENGER CAR,SLOWING OR STOPPING,25,No,2018,NISS,ALTIMA,39.1876465,-77.196827,2023,6,16
230029432,Injury Crash,06/19/2023 03:02:00 PM,DECOVERLY DR,NA,STRAIGHT MOVEMENT ANGLE,Cloudy,DRY,Daylight,STOP SIGN,NONE DETECTED,Yes,Possible Minor Injury,N/A,NOT DISTRACTED,MD,PASSENGER CAR,ACCELERATING,30,No,2012,VOLV,S60,39.11117083,-77.20125917,2023,6,15
230029432,Injury Crash,06/19/2023 03:02:00 PM,DECOVERLY DR,NA,STRAIGHT MOVEMENT ANGLE,Cloudy,DRY,Daylight,STOP SIGN,NONE DETECTED,Yes,No Apparent Injury,N/A,NOT DISTRACTED,MD,PASSENGER CAR,ACCELERATING,30,No,2019,CHEV,BOLT,39.11117083,-77.20125917,2023,6,15
230029426,Property Damage Crash,06/19/2023 02:28:00 PM,LAYHILL RD,NA,SINGLE VEHICLE,Clear,DRY,Daylight,N/A,NONE DETECTED,Yes,No Apparent Injury,N/A,BY MOVING OBJECT IN VEHICLE,MD,"CARGO VAN/LIGHT TRUCK 2 AXLES (OVER 10,000LBS (4,536 KG))",MOVING CONSTANT SPEED,40,No,2018,FORD,TK,39.10595133,-77.03823717,2023,6,14
230029429,Property Damage Crash,06/19/2023 02:28:00 PM,BROADWOOD DR,NA,STRAIGHT MOVEMENT ANGLE,Clear,DRY,Daylight,STOP SIGN,NONE DETECTED,Yes,No Apparent Injury,N/A,NOT DISTRACTED,MD,PASSENGER CAR,ACCELERATING,25,No,2016,NISS,UT,39.0749734,-77.12640841,2023,6,14
230029429,Property Damage Crash,06/19/2023 02:28:00 PM,BROADWOOD DR,NA,STRAIGHT MOVEMENT ANGLE,Clear,DRY,Daylight,STOP SIGN,NONE DETECTED,No,No Apparent Injury,N/A,NOT DISTRACTED,MD,PASSENGER CAR,MOVING CONSTANT SPEED,25,No,2021,LEXS,UT,39.0749734,-77.12640841,2023,6,14
230029423,Property Damage Crash,06/19/2023 02:00:00 PM,NA,NA,STRAIGHT MOVEMENT ANGLE,Clear,NA,Daylight,NO CONTROLS,NONE DETECTED,Unknown,No Apparent Injury,N/A,NOT DISTRACTED,MD,PASSENGER CAR,STOPPED IN TRAFFIC LANE,10,No,2005,FORD,ESCAPE,39.15913213,-77.2149973,2023,6,14
230029423,Property Damage Crash,06/19/2023 02:00:00 PM,NA,NA,STRAIGHT MOVEMENT ANGLE,Clear,NA,Daylight,NO CONTROLS,NONE DETECTED,Unknown,No Apparent Injury,N/A,NOT DISTRACTED,MD,PASSENGER CAR,BACKING,10,No,2015,HYUNDAI,ELANTRA,39.15913213,-77.2149973,2023,6,14
230029421,Property Damage Crash,06/19/2023 01:34:00 PM,EDGEMOOR LA,NA,SAME DIR BOTH LEFT TURN,Clear,N/A,Daylight,TRAFFIC SIGNAL,NONE DETECTED,No,No Apparent Injury,N/A,NOT DISTRACTED,MD,TRANSIT BUS,MOVING CONSTANT SPEED,10,No,2022,METRO,BUS,38.98512667,-77.09546667,2023,6,13
230029421,Property Damage Crash,06/19/2023 01:34:00 PM,EDGEMOOR LA,NA,SAME DIR BOTH LEFT TURN,Clear,N/A,Daylight,TRAFFIC SIGNAL,NONE DETECTED,Yes,No Apparent Injury,N/A,LOOKED BUT DID NOT SEE,MD,PASSENGER CAR,MAKING LEFT TURN,10,No,2022,TOYOTA,RAV4,38.98512667,-77.09546667,2023,6,13
230029418,Injury Crash,06/19/2023 01:32:00 PM,SHADY GROVE RD,NA,STRAIGHT MOVEMENT ANGLE,Clear,DRY,Daylight,TRAFFIC SIGNAL,NONE DETECTED,No,Possible Minor Injury,N/A,NOT DISTRACTED,MD,PASSENGER CAR,STARTING FROM LANE,40,No,2020,TESLA,HB,39.11199967,-77.1871045,2023,6,13
230029418,Injury Crash,06/19/2023 01:32:00 PM,SHADY GROVE RD,NA,STRAIGHT MOVEMENT ANGLE,Clear,DRY,Daylight,TRAFFIC SIGNAL,NONE DETECTED,Yes,Possible Minor Injury,N/A,LOOKED BUT DID NOT SEE,MD,PASSENGER CAR,MOVING CONSTANT SPEED,40,No,2020,MITSUBISHI,OUTLANDER,39.11199967,-77.1871045,2023,6,13
230029413,Injury Crash,06/19/2023 01:30:00 PM,CONNECTICUT AVE,NA,SAME DIR REAR END,Clear,DRY,Daylight,TRAFFIC SIGNAL,NONE DETECTED,No,Possible Minor Injury,N/A,NOT DISTRACTED,MD,(SPORT) UTILITY VEHICLE,SLOWING OR STOPPING,35,No,2022,TOYTOTA,CROSS,39.00479,-77.07768667,2023,6,13
230029413,Injury Crash,06/19/2023 01:30:00 PM,CONNECTICUT AVE,NA,SAME DIR REAR END,Clear,DRY,Daylight,TRAFFIC SIGNAL,NONE DETECTED,Yes,No Apparent Injury,N/A,LOOKED BUT DID NOT SEE,MD,VAN,MOVING CONSTANT SPEED,35,No,2018,DODGE,RAM,39.00479,-77.07768667,2023,6,13
230029412,Property Damage Crash,06/19/2023 01:15:00 PM,FREDERICK RD,NA,SINGLE VEHICLE,Clear,DRY,Daylight,OTHER,NONE DETECTED,Yes,No Apparent Injury,N/A,UNKNOWN,MD,PASSENGER CAR,MOVING CONSTANT SPEED,40,No,2019,HYUNDAI,ACCENT,39.12076517,-77.1748985,2023,6,13
230029407,Injury Crash,06/19/2023 12:35:00 PM,E DIAMOND AVE,NA,SAME DIR REAR END,Clear,DRY,Daylight,NO CONTROLS,NONE DETECTED,No,Possible Minor Injury,N/A,NOT DISTRACTED,MD,PASSENGER CAR,MAKING LEFT TURN,30,No,2003,TOYT,ECHO,39.141985,-77.20132333,2023,6,12
230029407,Injury Crash,06/19/2023 12:35:00 PM,E DIAMOND AVE,NA,SAME DIR REAR END,Clear,DRY,Daylight,NO CONTROLS,NONE DETECTED,Yes,No Apparent Injury,N/A,NOT DISTRACTED,MD,PASSENGER CAR,MOVING CONSTANT SPEED,30,No,2012,HYUN,SONATA,39.141985,-77.20132333,2023,6,12
230029386,Property Damage Crash,06/19/2023 10:00:00 AM,NA,BICYCLIST,OTHER,Clear,NA,Daylight,NO CONTROLS,NONE DETECTED,Yes,No Apparent Injury,N/A,INATTENTIVE OR LOST IN THOUGHT,MD,PASSENGER CAR,MAKING RIGHT TURN,10,No,2019,TOYOTA,SIENNA,39.06584092,-77.12715937,2023,6,10
230029374,Property Damage Crash,06/19/2023 08:16:00 AM,BUTTRY RD,NA,SAME DIR REAR END,Clear,DRY,Daylight,NO CONTROLS,NONE DETECTED,Yes,No Apparent Injury,N/A,INATTENTIVE OR LOST IN THOUGHT,MD,PASSENGER CAR,MOVING CONSTANT SPEED,25,No,2008,HONDA,ACCORD,39.13489316,-77.2039403,2023,6,8
230029366,Property Damage Crash,06/19/2023 05:27:00 AM,RANDOLPH RD,NA,OTHER,Clear,DRY,Medium,NO CONTROLS,NONE DETECTED,Yes,No Apparent Injury,"ANIMAL, N/A",NOT DISTRACTED,MD,PASSENGER CAR,MOVING CONSTANT SPEED,45,No,2021,HYUN,VENUE,39.07133733,-77.0118795,2023,6,5
230029364,Property Damage Crash,06/19/2023 04:25:00 AM,MUDDY BRANCH RD,NA,STRAIGHT MOVEMENT ANGLE,Clear,DRY,Medium,FLASHING TRAFFIC SIGNAL,NONE DETECTED,No,No Apparent Injury,N/A,NOT DISTRACTED,MD,PICKUP TRUCK,MOVING CONSTANT SPEED,45,No,2021,FORD,TK,39.13516933,-77.20575533,2023,6,4
230029364,Property Damage Crash,06/19/2023 04:25:00 AM,MUDDY BRANCH RD,NA,STRAIGHT MOVEMENT ANGLE,Clear,DRY,Medium,FLASHING TRAFFIC SIGNAL,NONE DETECTED,Yes,No Apparent Injury,N/A,UNKNOWN,MD,PASSENGER CAR,MOVING CONSTANT SPEED,25,No,2016,KIA,SOUL,39.13516933,-77.20575533,2023,6,4
230029359,Property Damage Crash,06/19/2023 01:16:00 AM,SAM EIG HWY,NA,SINGLE VEHICLE,Clear,DRY,Medium,NO CONTROLS,NONE DETECTED,No,No Apparent Injury,N/A,NOT DISTRACTED,MD,POLICE VEHICLE/NON EMERGENCY,MOVING CONSTANT SPEED,50,No,2017,FORD,INTERCEPTOR,39.1125049,-77.21058862,2023,6,1
230029350,Property Damage Crash,06/18/2023 10:06:00 PM,NA,NA,OTHER,Clear,NA,Medium,N/A,NONE DETECTED,Yes,No Apparent Injury,N/A,UNKNOWN,NA,UNKNOWN,UNKNOWN,10,No,0,UNKNOWN,UNKNOWN,39.28408517,-77.20324188,2023,6,22
230029392,Property Damage Crash,06/18/2023 09:45:00 PM,BRADLEY LA,NA,SAME DIRECTION SIDESWIPE,Clear,DRY,Dark,TRAFFIC SIGNAL,NONE DETECTED,No,No Apparent Injury,N/A,NOT DISTRACTED,MD,PASSENGER CAR,STOPPED IN TRAFFIC LANE,25,No,2022,MAZDA,CX3,38.97718407,-77.09055353,2023,6,21