Local Case Number,ACRS Report Type,Crash Date/Time,Road Name,Related Non-Motorist,Collision Type,Weather,Surface Condition,Light,Traffic Control,Driver Substance Abuse,Driver At Fault,Injury Severity,Circumstance,Driver Distracted By,Drivers License State,Vehicle Body Type,Vehicle Movement,Speed Limit,Driverless Vehicle,Vehicle Year,Vehicle Make,Vehicle Model,Latitude,Longitude,Year,Month,Hour
230029392,Property Damage Crash,06/18/2023 09:45:00 PM,BRADLEY LA,NA,SAME DIRECTION SIDESWIPE,Clear,DRY,Dark,TRAFFIC SIGNAL,NONE DETECTED,Yes,No Apparent Injury,N/A,UNKNOWN,MD,PASSENGER CAR,SLOWING OR STOPPING,25,No,2019,VOLKSWAGEN,TIGUAN,38.97718407,-77.09055353,2023,6,21
230029339,Injury Crash,06/18/2023 08:51:00 PM,SHADY GROVE RD,NA,STRAIGHT MOVEMENT ANGLE,Clear,DRY,Medium,TRAFFIC SIGNAL,NONE DETECTED,No,Possible Minor Injury,N/A,NOT DISTRACTED,MD,PASSENGER CAR,MOVING CONSTANT SPEED,40,No,2018,FORD,EXPLORER,39.14121333,-77.151845,2023,6,20
230029339,Injury Crash,06/18/2023 08:51:00 PM,SHADY GROVE RD,NA,STRAIGHT MOVEMENT ANGLE,Clear,DRY,Medium,TRAFFIC SIGNAL,NONE DETECTED,Yes,No Apparent Injury,N/A,UNKNOWN,MD,PASSENGER CAR,MOVING CONSTANT SPEED,40,No,2019,HYUN,UT,39.14121333,-77.151845,2023,6,20
230029330,Property Damage Crash,06/18/2023 07:50:00 PM,NEW HAMPSHIRE AVE,NA,OTHER,Clear,DRY,Daylight,N/A,NONE DETECTED,Unknown,No Apparent Injury,N/A,UNKNOWN,NA,PICKUP TRUCK,MOVING CONSTANT SPEED,40,No,2021,GMC,SIERRA,39.01398,-76.97834167,2023,6,19
230029330,Property Damage Crash,06/18/2023 07:50:00 PM,NEW HAMPSHIRE AVE,NA,OTHER,Clear,DRY,Daylight,N/A,NONE DETECTED,Unknown,No Apparent Injury,N/A,NOT DISTRACTED,MD,PASSENGER CAR,CHANGING LANES,40,No,2004,HOND,SD,39.01398,-76.97834167,2023,6,19
230029329,Property Damage Crash,06/18/2023 07:36:00 PM,NEW HAMPSHIRE AVE,NA,SAME DIR REAR END,Clear,DRY,Daylight,NO CONTROLS,NONE DETECTED,Yes,No Apparent Injury,N/A,UNKNOWN,MD,PASSENGER CAR,MOVING CONSTANT SPEED,40,No,2008,DODGE,RAM,39.01361975,-76.9782289,2023,6,19
230029329,Property Damage Crash,06/18/2023 07:36:00 PM,NEW HAMPSHIRE AVE,NA,SAME DIR REAR END,Clear,DRY,Daylight,NO CONTROLS,NONE DETECTED,No,No Apparent Injury,N/A,NOT DISTRACTED,MD,PASSENGER CAR,STOPPED IN TRAFFIC LANE,40,No,2013,TOYOTA,RAV 4,39.01361975,-76.9782289,2023,6,19
230029328,Property Damage Crash,06/18/2023 07:30:00 PM,NA,NA,OTHER,Clear,NA,Daylight,N/A,NONE DETECTED,Yes,No Apparent Injury,N/A,NOT DISTRACTED,NA,(SPORT) UTILITY VEHICLE,BACKING,10,No,2016,VOLKSWAGON,SUV,39.22849933,-77.28992733,2023,6,19
230029328,Property Damage Crash,06/18/2023 07:30:00 PM,NA,NA,OTHER,Clear,NA,Daylight,N/A,NONE DETECTED,No,No Apparent Injury,N/A,NOT DISTRACTED,MD,PASSENGER CAR,PARKED,10,No,2022,TOYT,SD,39.22849933,-77.28992733,2023,6,19
230029324,Property Damage Crash,06/18/2023 06:50:00 PM,GEORGIA AVE,"OTHER CONVEYANCE, PEDESTRIAN",OTHER,Clear,N/A,Daylight,STOP SIGN,NONE DETECTED,Yes,No Apparent Injury,N/A,UNKNOWN,MD,PASSENGER CAR,SLOWING OR STOPPING,25,No,2018,TOYOTA,COROLLA,39.04955333,-77.05202,2023,6,18
230029323,Property Damage Crash,06/18/2023 06:47:00 PM,GRAND PRE RD,BICYCLIST,SAME DIRECTION SIDESWIPE,Clear,DRY,Daylight,NO CONTROLS,NONE DETECTED,No,No Apparent Injury,N/A,NOT DISTRACTED,MD,PASSENGER CAR,PARKING,35,No,2016,TOYT,CAMRY,39.09110567,-77.076031,2023,6,18
230029314,Property Damage Crash,06/18/2023 05:34:00 PM,NA,NA,SAME DIRECTION SIDESWIPE,Clear,NA,Daylight,NO CONTROLS,NONE DETECTED,No,No Apparent Injury,N/A,NOT DISTRACTED,ND,PASSENGER CAR,PARKED,0,No,2005,TOYOTA,COROLLA,39.16248,-77.20157333,2023,6,17
230029314,Property Damage Crash,06/18/2023 05:34:00 PM,NA,NA,SAME DIRECTION SIDESWIPE,Clear,NA,Daylight,NO CONTROLS,NONE DETECTED,Yes,No Apparent Injury,N/A,NOT DISTRACTED,MD,PASSENGER CAR,PARKING,5,No,2016,TOYOTA,COROLLA,39.16248,-77.20157333,2023,6,17
230029306,Injury Crash,06/18/2023 05:15:00 PM,MUNCASTER MILL RD,NA,SINGLE VEHICLE,Clear,DRY,Daylight,N/A,NONE DETECTED,Yes,Possible Minor Injury,N/A,UNKNOWN,MD,(SPORT) UTILITY VEHICLE,MOVING CONSTANT SPEED,40,No,2014,GMC,ACADIA,39.12923665,-77.1184799,2023,6,17
230029303,Fatal Crash,06/18/2023 04:10:00 PM,EAST WEST HWY,NA,ANGLE MEETS LEFT TURN,Clear,DRY,Daylight,TRAFFIC SIGNAL,NONE DETECTED,No,Possible Minor Injury,N/A,NOT DISTRACTED,MD,VAN,MOVING CONSTANT SPEED,35,No,2004,TOYOTA,SIENNA,38.98992885,-77.02912475,2023,6,16
230029304,Property Damage Crash,06/18/2023 04:10:00 PM,VEIRS MILL RD,NA,SAME DIRECTION SIDESWIPE,Clear,DRY,Daylight,NO CONTROLS,NONE DETECTED,No,No Apparent Injury,N/A,NOT DISTRACTED,MD,PASSENGER CAR,MOVING CONSTANT SPEED,35,No,2018,TOYOTA,4S,39.07470823,-77.11458134,2023,6,16
230029303,Fatal Crash,06/18/2023 04:10:00 PM,EAST WEST HWY,NA,ANGLE MEETS LEFT TURN,Clear,DRY,Daylight,TRAFFIC SIGNAL,NONE DETECTED,Yes,Possible Minor Injury,N/A,UNKNOWN,MD,PICKUP TRUCK,MAKING LEFT TURN,35,No,2022,TOYOTA,TACOMA,38.98992885,-77.02912475,2023,6,16
230029304,Property Damage Crash,06/18/2023 04:10:00 PM,VEIRS MILL RD,NA,SAME DIRECTION SIDESWIPE,Clear,DRY,Daylight,NO CONTROLS,NONE DETECTED,Yes,No Apparent Injury,N/A,NOT DISTRACTED,MD,PASSENGER CAR,CHANGING LANES,35,No,2006,TOYT,4S,39.07470823,-77.11458134,2023,6,16
230029273,Injury Crash,06/18/2023 12:14:00 PM,FAIRLAND RD,BICYCLIST,SAME DIR REAR END,Clear,DRY,Daylight,TRAFFIC SIGNAL,NONE DETECTED,Yes,No Apparent Injury,N/A,UNKNOWN,MD,PASSENGER CAR,CHANGING LANES,40,No,1999,HOND,CP,39.07803067,-76.9789665,2023,6,12
230029267,Injury Crash,06/18/2023 11:16:00 AM,GOSHEN RD,NA,SAME DIR REAR END,Clear,DRY,Daylight,NO CONTROLS,NONE DETECTED,No,Possible Minor Injury,N/A,NOT DISTRACTED,MD,PASSENGER CAR,MAKING LEFT TURN,35,No,2022,TOYT,CAMRY,39.17732833,-77.189625,2023,6,11
230029267,Injury Crash,06/18/2023 11:16:00 AM,GOSHEN RD,NA,SAME DIR REAR END,Clear,DRY,Daylight,NO CONTROLS,NONE DETECTED,Yes,No Apparent Injury,N/A,NOT DISTRACTED,MD,PASSENGER CAR,MOVING CONSTANT SPEED,35,No,2001,TOYOTA,COROLLQ,39.17732833,-77.189625,2023,6,11
230029268,Property Damage Crash,06/18/2023 11:04:00 AM,FATHER HURLEY BLVD,NA,SINGLE VEHICLE,Clear,DRY,Daylight,STOP SIGN,NONE DETECTED,Yes,No Apparent Injury,N/A,UNKNOWN,NA,PASSENGER CAR,MAKING RIGHT TURN,35,No,2015,HYUNDAI,SONATA,39.17848667,-77.28065,2023,6,11
230029264,Injury Crash,06/18/2023 09:50:00 AM,UNIVERSITY BLVD E,NA,SAME DIR REAR END,Clear,DRY,Daylight,TRAFFIC SIGNAL,NONE DETECTED,Unknown,No Apparent Injury,N/A,NOT DISTRACTED,MD,PASSENGER CAR,SLOWING OR STOPPING,35,No,2013,TOYOTA,SIENNA,39.00570983,-76.99732917,2023,6,9
230029264,Injury Crash,06/18/2023 09:50:00 AM,UNIVERSITY BLVD E,NA,SAME DIR REAR END,Clear,DRY,Daylight,TRAFFIC SIGNAL,NONE DETECTED,Unknown,Possible Minor Injury,N/A,NOT DISTRACTED,DC,PASSENGER CAR,SLOWING OR STOPPING,35,No,2008,TOYOTA,MATRIX,39.00570983,-76.99732917,2023,6,9
230029254,Injury Crash,06/18/2023 06:47:00 AM,OLD GEORGETOWN RD,NA,SAME DIR REAR END,Clear,DRY,Daylight,TRAFFIC SIGNAL,NONE DETECTED,No,Possible Minor Injury,N/A,NOT DISTRACTED,MD,PASSENGER CAR,STOPPED IN TRAFFIC LANE,40,No,2009,TOYOTA,COROLLA,39.03035783,-77.126577,2023,6,6
230029254,Injury Crash,06/18/2023 06:47:00 AM,OLD GEORGETOWN RD,NA,SAME DIR REAR END,Clear,DRY,Daylight,TRAFFIC SIGNAL,NONE DETECTED,Yes,No Apparent Injury,N/A,NOT DISTRACTED,VA,PASSENGER CAR,STARTING FROM LANE,40,No,2018,HYUNDAI,ELANTRA,39.03035783,-77.126577,2023,6,6
230029247,Injury Crash,06/18/2023 03:25:00 AM,GEORGIA AVE,NA,STRAIGHT MOVEMENT ANGLE,Clear,DRY,Medium,TRAFFIC SIGNAL,NONE DETECTED,No,No Apparent Injury,N/A,NOT DISTRACTED,MD,PASSENGER CAR,MOVING CONSTANT SPEED,25,No,2018,HONDA,CIVIC,39.041675,-77.05194833,2023,6,3
230029247,Injury Crash,06/18/2023 03:25:00 AM,GEORGIA AVE,NA,STRAIGHT MOVEMENT ANGLE,Clear,DRY,Medium,TRAFFIC SIGNAL,NONE DETECTED,Yes,No Apparent Injury,N/A,UNKNOWN,MD,PASSENGER CAR,MOVING CONSTANT SPEED,25,No,2006,TOYOTA,CAMRY,39.041675,-77.05194833,2023,6,3
230029247,Injury Crash,06/18/2023 03:25:00 AM,GEORGIA AVE,NA,STRAIGHT MOVEMENT ANGLE,Clear,DRY,Medium,TRAFFIC SIGNAL,NONE DETECTED,No,Possible Minor Injury,N/A,NOT DISTRACTED,MD,PASSENGER CAR,STOPPED IN TRAFFIC LANE,25,No,1998,HONDA,ACCORD,39.041675,-77.05194833,2023,6,3
230029244,Injury Crash,06/18/2023 02:29:00 AM,NEW HAMPSHIRE AVE,NA,HEAD ON LEFT TURN,Clear,DRY,Medium,TRAFFIC SIGNAL,NONE DETECTED,Yes,No Apparent Injury,N/A,INATTENTIVE OR LOST IN THOUGHT,MD,VAN,MAKING LEFT TURN,35,No,2007,FORD,E350,39.01533167,-76.97799,2023,6,2
230029244,Injury Crash,06/18/2023 02:29:00 AM,NEW HAMPSHIRE AVE,NA,HEAD ON LEFT TURN,Clear,DRY,Medium,TRAFFIC SIGNAL,NONE DETECTED,No,No Apparent Injury,N/A,NOT DISTRACTED,MD,PASSENGER CAR,MOVING CONSTANT SPEED,35,No,2016,CHEVROLET,MALIBU,39.01533167,-76.97799,2023,6,2
230029243,Property Damage Crash,06/18/2023 01:56:00 AM,NA,NA,STRAIGHT MOVEMENT ANGLE,Clear,NA,Medium,NO CONTROLS,NONE DETECTED,Yes,No Apparent Injury,N/A,UNKNOWN,MD,PICKUP TRUCK,MOVING CONSTANT SPEED,10,No,2020,CHEVROLET,SILVARADO,39.16253832,-77.22457897,2023,6,1
230029224,Injury Crash,06/17/2023 10:50:00 PM,ROCKVILLE PIKE,NA,STRAIGHT MOVEMENT ANGLE,Clear,DRY,Medium,TRAFFIC SIGNAL,NONE DETECTED,Yes,No Apparent Injury,N/A,NOT DISTRACTED,MD,(SPORT) UTILITY VEHICLE,MOVING CONSTANT SPEED,30,No,2011,HONDA,PILOT,39.08319267,-77.14660867,2023,6,22
230029224,Injury Crash,06/17/2023 10:50:00 PM,ROCKVILLE PIKE,NA,STRAIGHT MOVEMENT ANGLE,Clear,DRY,Medium,TRAFFIC SIGNAL,NONE DETECTED,No,Possible Minor Injury,N/A,NOT DISTRACTED,MD,(SPORT) UTILITY VEHICLE,MAKING LEFT TURN,30,No,2017,TOYOTA,HIGHLANDER,39.08319267,-77.14660867,2023,6,22
230029217,Injury Crash,06/17/2023 09:12:00 PM,PINEY BRANCH RD,NA,STRAIGHT MOVEMENT ANGLE,Clear,DRY,Medium,TRAFFIC SIGNAL,NONE DETECTED,No,No Apparent Injury,N/A,NOT DISTRACTED,MD,PASSENGER CAR,STARTING FROM LANE,35,No,2012,NISSAN,SENTRA,38.999059,-76.99725479,2023,6,21
230029217,Injury Crash,06/17/2023 09:12:00 PM,PINEY BRANCH RD,NA,STRAIGHT MOVEMENT ANGLE,Clear,DRY,Medium,TRAFFIC SIGNAL,NONE DETECTED,Yes,Possible Minor Injury,N/A,UNKNOWN,MD,PASSENGER CAR,MOVING CONSTANT SPEED,35,No,2019,HYUNDAI,TUCSON,38.999059,-76.99725479,2023,6,21
230029219,Property Damage Crash,06/17/2023 09:10:00 PM,GEORGIA AVE,NA,SAME DIR REAR END,Clear,DRY,Dark,NO CONTROLS,NONE DETECTED,No,No Apparent Injury,N/A,NOT DISTRACTED,MD,PASSENGER CAR,STOPPED IN TRAFFIC LANE,35,No,2018,TOYOTA,SIENNA,39.10147838,-77.07662273,2023,6,21
230029219,Property Damage Crash,06/17/2023 09:10:00 PM,GEORGIA AVE,NA,SAME DIR REAR END,Clear,DRY,Dark,NO CONTROLS,ALCOHOL PRESENT,Yes,No Apparent Injury,N/A,LOOKED BUT DID NOT SEE,MD,PASSENGER CAR,MOVING CONSTANT SPEED,35,No,2017,FORD,EXPLORER,39.10147838,-77.07662273,2023,6,21
230029210,Injury Crash,06/17/2023 07:57:00 PM,COLESVILLE RD,PEDESTRIAN,SINGLE VEHICLE,Clear,DRY,Daylight,N/A,NONE DETECTED,No,No Apparent Injury,N/A,NOT DISTRACTED,MD,TRANSIT BUS,MAKING RIGHT TURN,35,No,2016,GILLIG,LOW ROOK,38.99433318,-77.03077607,2023,6,19
230029190,Property Damage Crash,06/17/2023 06:35:00 PM,NA,NA,STRAIGHT MOVEMENT ANGLE,Clear,NA,Daylight,NO CONTROLS,NONE DETECTED,No,No Apparent Injury,N/A,NOT DISTRACTED,MD,PASSENGER CAR,BACKING,0,No,2018,TOYOTA,COROLLA,38.99973,-76.99612667,2023,6,18
230029190,Property Damage Crash,06/17/2023 06:35:00 PM,NA,NA,STRAIGHT MOVEMENT ANGLE,Clear,NA,Daylight,NO CONTROLS,NONE DETECTED,Yes,No Apparent Injury,N/A,LOOKED BUT DID NOT SEE,MD,PASSENGER CAR,MAKING LEFT TURN,0,No,2023,TOYOTA,TACOMA,38.99973,-76.99612667,2023,6,18
230029186,Property Damage Crash,06/17/2023 06:25:00 PM,GOODHILL RD,NA,ANGLE MEETS LEFT HEAD ON,Clear,DRY,Daylight,STOP SIGN,NONE DETECTED,Yes,No Apparent Injury,N/A,LOOKED BUT DID NOT SEE,MD,PASSENGER CAR,MAKING LEFT TURN,25,No,2007,TOYT,HB,39.06821833,-77.071005,2023,6,18
230029186,Property Damage Crash,06/17/2023 06:25:00 PM,GOODHILL RD,NA,ANGLE MEETS LEFT HEAD ON,Clear,DRY,Daylight,STOP SIGN,NONE DETECTED,No,No Apparent Injury,N/A,NOT DISTRACTED,MD,(SPORT) UTILITY VEHICLE,MOVING CONSTANT SPEED,25,No,2021,TOYT,UT,39.06821833,-77.071005,2023,6,18
230029189,Property Damage Crash,06/17/2023 06:11:00 PM,NEW HAMPSHIRE AVE,NA,SAME DIRECTION SIDESWIPE,Clear,DRY,Daylight,N/A,NONE DETECTED,Yes,No Apparent Injury,N/A,LOOKED BUT DID NOT SEE,NA,PASSENGER CAR,MOVING CONSTANT SPEED,45,No,2018,HYUNDAI,SONATA,39.0152521,-76.97777432,2023,6,18
230029189,Property Damage Crash,06/17/2023 06:11:00 PM,NEW HAMPSHIRE AVE,NA,SAME DIRECTION SIDESWIPE,Clear,DRY,Daylight,N/A,NONE DETECTED,No,No Apparent Injury,N/A,NOT DISTRACTED,DC,PASSENGER CAR,MOVING CONSTANT SPEED,45,No,2019,HONDA,CIVIC,39.0152521,-76.97777432,2023,6,18
230029480,Property Damage Crash,06/17/2023 06:00:00 PM,LEE AVE,NA,SAME DIR REAR END,Clear,DRY,Daylight,N/A,NONE DETECTED,Yes,No Apparent Injury,N/A,UNKNOWN,NA,(SPORT) UTILITY VEHICLE,SLOWING OR STOPPING,25,No,2017,TOYOTA,SUV,38.98165507,-77.00801789,2023,6,18
230029166,Injury Crash,06/17/2023 04:17:00 PM,NA,NA,OPPOSITE DIRECTION SIDESWIPE,Clear,NA,Daylight,NO CONTROLS,NONE DETECTED,No,No Apparent Injury,N/A,NOT DISTRACTED,MD,PASSENGER CAR,PARKED,0,No,2006,MITSUBISHI,ECLIPSE,38.98062667,-77.12643167,2023,6,16
230029166,Injury Crash,06/17/2023 04:17:00 PM,NA,NA,OPPOSITE DIRECTION SIDESWIPE,Clear,NA,Daylight,NO CONTROLS,NONE DETECTED,Yes,Possible Minor Injury,N/A,OTHER DISTRACTION,MD,PASSENGER CAR,MOVING CONSTANT SPEED,0,No,2011,AUDI,S4,38.98062667,-77.12643167,2023,6,16
230029162,Injury Crash,06/17/2023 03:38:00 PM,MASSACHUSETTS AVE,PEDESTRIAN,OTHER,Clear,DRY,Daylight,NO CONTROLS,NONE DETECTED,No,No Apparent Injury,N/A,NOT DISTRACTED,MD,PASSENGER CAR,MOVING CONSTANT SPEED,30,No,2022,NISSAN,ROGUE,38.96671672,-77.12549103,2023,6,15
230029161,Property Damage Crash,06/17/2023 03:30:00 PM,FREDERICK RD,NA,SAME DIR REAR END,Clear,DRY,Daylight,NO CONTROLS,NONE DETECTED,No,No Apparent Injury,N/A,NOT DISTRACTED,NY,PASSENGER CAR,SLOWING OR STOPPING,30,No,2021,BMW,SUV,39.1227675,-77.17772033,2023,6,15
230029161,Property Damage Crash,06/17/2023 03:30:00 PM,FREDERICK RD,NA,SAME DIR REAR END,Clear,DRY,Daylight,NO CONTROLS,NONE DETECTED,Yes,No Apparent Injury,N/A,UNKNOWN,MD,PASSENGER CAR,MOVING CONSTANT SPEED,30,No,2022,CHEVY,COLORADO,39.1227675,-77.17772033,2023,6,15
230029155,Injury Crash,06/17/2023 03:04:00 PM,OLD GEORGETOWN RD,NA,SAME DIR REAR END,Cloudy,DRY,Daylight,STOP SIGN,NONE DETECTED,No,No Apparent Injury,N/A,NOT DISTRACTED,MD,PASSENGER CAR,MOVING CONSTANT SPEED,30,No,2021,CHEVROLET,CAMARO,39.04109248,-77.1220196,2023,6,15
230029155,Injury Crash,06/17/2023 03:04:00 PM,OLD GEORGETOWN RD,NA,SAME DIR REAR END,Cloudy,DRY,Daylight,STOP SIGN,NONE DETECTED,Yes,Possible Minor Injury,N/A,NOT DISTRACTED,MD,PASSENGER CAR,MAKING RIGHT TURN,30,No,2021,KIA,SPORTAGE,39.04109248,-77.1220196,2023,6,15
230029153,Injury Crash,06/17/2023 02:39:00 PM,ROCKVILLE PIKE,NA,STRAIGHT MOVEMENT ANGLE,Clear,DRY,Daylight,TRAFFIC SIGNAL,NONE DETECTED,No,Possible Minor Injury,N/A,NOT DISTRACTED,VA,(SPORT) UTILITY VEHICLE,MOVING CONSTANT SPEED,35,No,2004,LEXUS,RD350,39.03485122,-77.1068545,2023,6,14
230029153,Injury Crash,06/17/2023 02:39:00 PM,ROCKVILLE PIKE,NA,STRAIGHT MOVEMENT ANGLE,Clear,DRY,Daylight,TRAFFIC SIGNAL,NONE DETECTED,Yes,Possible Minor Injury,N/A,UNKNOWN,MD,PASSENGER CAR,MAKING LEFT TURN,35,No,2003,HONDA,ACCORD,39.03485122,-77.1068545,2023,6,14
230029146,Property Damage Crash,06/17/2023 12:57:00 PM,BAUER DR,NA,SAME DIR REAR END,Clear,DRY,Daylight,YIELD SIGN,NONE DETECTED,Yes,No Apparent Injury,N/A,LOOKED BUT DID NOT SEE,MD,PICKUP TRUCK,MOVING CONSTANT SPEED,25,No,2014,FORD,PK,39.08994767,-77.10611817,2023,6,12
230029146,Property Damage Crash,06/17/2023 12:57:00 PM,BAUER DR,NA,SAME DIR REAR END,Clear,DRY,Daylight,YIELD SIGN,NONE DETECTED,No,No Apparent Injury,N/A,NOT DISTRACTED,MD,"CARGO VAN/LIGHT TRUCK 2 AXLES (OVER 10,000LBS (4,536 KG))",SLOWING OR STOPPING,25,No,2018,RAM,POSTAL VAN,39.08994767,-77.10611817,2023,6,12
230029137,Property Damage Crash,06/17/2023 12:50:00 PM,COLUMBIA PIKE,NA,HEAD ON LEFT TURN,Clear,DRY,Daylight,TRAFFIC SIGNAL,NONE DETECTED,No,No Apparent Injury,N/A,NOT DISTRACTED,MD,PASSENGER CAR,MOVING CONSTANT SPEED,50,No,2016,SUBARU,OUTBACK,39.04682667,-76.98703167,2023,6,12
230029137,Property Damage Crash,06/17/2023 12:50:00 PM,COLUMBIA PIKE,NA,HEAD ON LEFT TURN,Clear,DRY,Daylight,TRAFFIC SIGNAL,NONE DETECTED,Yes,No Apparent Injury,N/A,LOOKED BUT DID NOT SEE,MD,PASSENGER CAR,MAKING LEFT TURN,50,No,1991,LEX,4D,39.04682667,-76.98703167,2023,6,12
230029143,Property Damage Crash,06/17/2023 12:41:00 PM,COLUMBIA PIKE,NA,SAME DIRECTION SIDESWIPE,Clear,DRY,Daylight,NO CONTROLS,NONE DETECTED,Yes,No Apparent Injury,N/A,NOT DISTRACTED,MD,VAN,MOVING CONSTANT SPEED,45,No,2008,HONDA,ODYSSEY,39.05776809,-76.9685875,2023,6,12
230029143,Property Damage Crash,06/17/2023 12:41:00 PM,COLUMBIA PIKE,NA,SAME DIRECTION SIDESWIPE,Clear,DRY,Daylight,NO CONTROLS,NONE DETECTED,No,No Apparent Injury,N/A,NOT DISTRACTED,MD,PASSENGER CAR,MOVING CONSTANT SPEED,45,No,2008,ACURA,MDX,39.05776809,-76.9685875,2023,6,12
230029128,Property Damage Crash,06/17/2023 11:55:00 AM,RIVER RD,NA,SAME DIR REAR END,Clear,DRY,Daylight,TRAFFIC SIGNAL,NONE DETECTED,Yes,No Apparent Injury,N/A,LOOKED BUT DID NOT SEE,VA,PASSENGER CAR,MOVING CONSTANT SPEED,35,No,2009,MERCEDES BENZ,R350,39.000078,-77.176199,2023,6,11
230029128,Property Damage Crash,06/17/2023 11:55:00 AM,RIVER RD,NA,SAME DIR REAR END,Clear,DRY,Daylight,TRAFFIC SIGNAL,NONE DETECTED,No,No Apparent Injury,N/A,NOT DISTRACTED,MD,PASSENGER CAR,SLOWING OR STOPPING,35,No,2004,VOLVO,C70,39.000078,-77.176199,2023,6,11
230029123,Property Damage Crash,06/17/2023 11:31:00 AM,FREDERICK RD,NA,SAME DIRECTION SIDESWIPE,Clear,DRY,Daylight,TRAFFIC SIGNAL,NONE DETECTED,Yes,No Apparent Injury,N/A,LOOKED BUT DID NOT SEE,MD,(SPORT) UTILITY VEHICLE,MAKING U TURN,40,No,2010,NISSAN,MURONO,39.10907167,-77.15995,2023,6,11
230029123,Property Damage Crash,06/17/2023 11:31:00 AM,FREDERICK RD,NA,SAME DIRECTION SIDESWIPE,Clear,DRY,Daylight,TRAFFIC SIGNAL,NONE DETECTED,No,No Apparent Injury,N/A,NOT DISTRACTED,MD,PASSENGER CAR,MOVING CONSTANT SPEED,40,No,2018,MAZD,SD,39.10907167,-77.15995,2023,6,11
230029115,Property Damage Crash,06/17/2023 10:20:00 AM,AIRCRAFT DR,NA,SAME DIRECTION LEFT TURN,Clear,DRY,Daylight,NO CONTROLS,NONE DETECTED,No,No Apparent Injury,N/A,NOT DISTRACTED,MD,PASSENGER CAR,MOVING CONSTANT SPEED,30,No,2014,HONDA,ACCORD,39.185095,-77.262485,2023,6,10
230029115,Property Damage Crash,06/17/2023 10:20:00 AM,AIRCRAFT DR,NA,SAME DIRECTION LEFT TURN,Clear,DRY,Daylight,NO CONTROLS,NONE DETECTED,Yes,No Apparent Injury,N/A,UNKNOWN,MD,PASSENGER CAR,MAKING RIGHT TURN,30,No,2018,VOLKSWAGON,JETTA,39.185095,-77.262485,2023,6,10
230029098,Property Damage Crash,06/17/2023 05:36:00 AM,DARNESTOWN RD,NA,OTHER,Clear,DRY,Medium,NO CONTROLS,NONE DETECTED,No,No Apparent Injury,"ANIMAL, N/A",NOT DISTRACTED,MD,POLICE VEHICLE/NON EMERGENCY,MOVING CONSTANT SPEED,50,No,2017,DODGE,CHARGER,39.16813468,-77.39274047,2023,6,5
230029100,Injury Crash,06/17/2023 05:30:00 AM,ROCKVILLE PIKE,NA,STRAIGHT MOVEMENT ANGLE,Clear,DRY,Medium,NO CONTROLS,NONE DETECTED,Yes,Possible Minor Injury,N/A,LOOKED BUT DID NOT SEE,MD,PASSENGER CAR,MAKING LEFT TURN,35,No,2006,MERCEDEZ,4D,39.03838833,-77.109095,2023,6,5
230029100,Injury Crash,06/17/2023 05:30:00 AM,ROCKVILLE PIKE,NA,STRAIGHT MOVEMENT ANGLE,Clear,DRY,Medium,NO CONTROLS,NONE DETECTED,No,Possible Minor Injury,N/A,NOT DISTRACTED,MD,PASSENGER CAR,MOVING CONSTANT SPEED,35,No,2015,HYUNDAI,ELANTRA,39.03838833,-77.109095,2023,6,5
230029099,Injury Crash,06/17/2023 05:26:00 AM,FALLS RD,NA,STRAIGHT MOVEMENT ANGLE,Clear,DRY,Medium,TRAFFIC SIGNAL,NONE DETECTED,Yes,No Apparent Injury,N/A,NOT DISTRACTED,MD,PASSENGER CAR,MOVING CONSTANT SPEED,30,No,2011,HONDA,ACCORD,39.0260767,-77.20519409,2023,6,5
230029099,Injury Crash,06/17/2023 05:26:00 AM,FALLS RD,NA,STRAIGHT MOVEMENT ANGLE,Clear,DRY,Medium,TRAFFIC SIGNAL,NONE DETECTED,No,Possible Minor Injury,N/A,NOT DISTRACTED,MD,VAN,MOVING CONSTANT SPEED,30,No,2016,CHEVY,VAN,39.0260767,-77.20519409,2023,6,5
230029119,Property Damage Crash,06/17/2023 02:00:00 AM,NA,NA,SINGLE VEHICLE,Clear,NA,Medium,N/A,NONE DETECTED,Yes,No Apparent Injury,N/A,NOT DISTRACTED,MD,(SPORT) UTILITY VEHICLE,STARTING FROM PARKED,0,No,2004,CHEVY,TAHOE,39.11535,-77.16307,2023,6,2
230029087,Property Damage Crash,06/17/2023 01:09:00 AM,NEW HAMPSHIRE AVE SERV RD,NA,SAME DIRECTION SIDESWIPE,Clear,DRY,Medium,NO CONTROLS,ALCOHOL PRESENT,Yes,No Apparent Injury,N/A,INATTENTIVE OR LOST IN THOUGHT,MD,PASSENGER CAR,MOVING CONSTANT SPEED,30,No,2017,HONDA,4S,38.98773865,-76.98777133,2023,6,1
230029087,Property Damage Crash,06/17/2023 01:09:00 AM,NEW HAMPSHIRE AVE SERV RD,NA,SAME DIRECTION SIDESWIPE,Clear,DRY,Medium,NO CONTROLS,NONE DETECTED,No,No Apparent Injury,N/A,NOT DISTRACTED,MD,POLICE VEHICLE/EMERGENCY,PARKED,0,No,2014,FORD,INTERCEPTOR,38.98773865,-76.98777133,2023,6,1
230029085,Property Damage Crash,06/17/2023 01:06:00 AM,LOG HOUSE RD,NA,SINGLE VEHICLE,Clear,DRY,Dark,NO CONTROLS,NONE DETECTED,Yes,No Apparent Injury,N/A,UNKNOWN,NA,PASSENGER CAR,MOVING CONSTANT SPEED,40,No,2011,MITSUBISHI,LANCER,39.24794833,-77.20273333,2023,6,1
230029080,Property Damage Crash,06/17/2023 12:30:00 AM,GEORGIA AVE,NA,SAME DIR REAR END,Clear,DRY,Medium,TRAFFIC SIGNAL,ALCOHOL PRESENT,No,No Apparent Injury,N/A,INATTENTIVE OR LOST IN THOUGHT,MD,PASSENGER CAR,SLOWING OR STOPPING,25,No,2015,NISSAN,ALTIMA,39.04105833,-77.05134833,2023,6,0
230029080,Property Damage Crash,06/17/2023 12:30:00 AM,GEORGIA AVE,NA,SAME DIR REAR END,Clear,DRY,Medium,TRAFFIC SIGNAL,NONE DETECTED,No,No Apparent Injury,N/A,NOT DISTRACTED,DC,PASSENGER CAR,STOPPED IN TRAFFIC LANE,25,No,2020,TOYOTA,UT,39.04105833,-77.05134833,2023,6,0
230029082,Injury Crash,06/17/2023 12:25:00 AM,ROCKVILLE PIKE,NA,SAME DIR REAR END,Clear,DRY,Medium,TRAFFIC SIGNAL,NONE DETECTED,Yes,No Apparent Injury,N/A,INATTENTIVE OR LOST IN THOUGHT,MD,PASSENGER CAR,MOVING CONSTANT SPEED,35,No,2016,MAZDA,CX3,39.04727333,-77.11299833,2023,6,0
230029082,Injury Crash,06/17/2023 12:25:00 AM,ROCKVILLE PIKE,NA,SAME DIR REAR END,Clear,DRY,Medium,TRAFFIC SIGNAL,NONE DETECTED,No,Possible Minor Injury,N/A,NOT DISTRACTED,MD,PASSENGER CAR,STOPPED IN TRAFFIC LANE,35,No,2020,TOYOTA,COROLLA,39.04727333,-77.11299833,2023,6,0
230029082,Injury Crash,06/17/2023 12:25:00 AM,ROCKVILLE PIKE,NA,SAME DIR REAR END,Clear,DRY,Medium,TRAFFIC SIGNAL,NONE DETECTED,No,No Apparent Injury,N/A,NOT DISTRACTED,MD,PASSENGER CAR,STOPPED IN TRAFFIC LANE,35,No,2014,HONDA,ACCORD,39.04727333,-77.11299833,2023,6,0
230029049,Injury Crash,06/16/2023 07:53:00 PM,GRANDVIEW AVE,NA,STRAIGHT MOVEMENT ANGLE,Clear,DRY,Daylight,STOP SIGN,NONE DETECTED,Yes,No Apparent Injury,N/A,LOOKED BUT DID NOT SEE,MD,PASSENGER CAR,MAKING RIGHT TURN,20,No,2015,CHEV,SD,39.051315,-77.052525,2023,6,19