Local Case Number,ACRS Report Type,Crash Date/Time,Road Name,Related Non-Motorist,Collision Type,Weather,Surface Condition,Light,Traffic Control,Driver Substance Abuse,Driver At Fault,Injury Severity,Circumstance,Driver Distracted By,Drivers License State,Vehicle Body Type,Vehicle Movement,Speed Limit,Driverless Vehicle,Vehicle Year,Vehicle Make,Vehicle Model,Latitude,Longitude,Year,Month,Hour
230029049,Injury Crash,06/16/2023 07:53:00 PM,GRANDVIEW AVE,NA,STRAIGHT MOVEMENT ANGLE,Clear,DRY,Daylight,STOP SIGN,NONE DETECTED,No,No Apparent Injury,N/A,NOT DISTRACTED,MD,PASSENGER CAR,MOVING CONSTANT SPEED,20,No,2008,ACUR,4S,39.051315,-77.052525,2023,6,19
230029982,Property Damage Crash,06/16/2023 07:00:00 PM,NA,NA,OTHER,Clear,NA,Daylight,N/A,NONE DETECTED,Yes,No Apparent Injury,N/A,UNKNOWN,NA,"CARGO VAN/LIGHT TRUCK 2 AXLES (OVER 10,000LBS (4,536 KG))",ACCELERATING,35,No,2016,FORD,TRA,38.96482193,-77.13666142,2023,6,19
230029030,Property Damage Crash,06/16/2023 05:44:00 PM,OAKVIEW DR,NA,STRAIGHT MOVEMENT ANGLE,Clear,DRY,Daylight,STOP SIGN,NONE DETECTED,Yes,No Apparent Injury,N/A,NOT DISTRACTED,XX,PASSENGER CAR,MAKING LEFT TURN,20,No,2002,HONDA,ACCORD,39.01548783,-76.98619733,2023,6,17
230029030,Property Damage Crash,06/16/2023 05:44:00 PM,OAKVIEW DR,NA,STRAIGHT MOVEMENT ANGLE,Clear,DRY,Daylight,STOP SIGN,NONE DETECTED,No,No Apparent Injury,N/A,NOT DISTRACTED,MD,PASSENGER CAR,MAKING LEFT TURN,20,No,2006,HONDA,CRV,39.01548783,-76.98619733,2023,6,17
230029024,Property Damage Crash,06/16/2023 04:50:00 PM,SEMINARY RD,NA,SAME DIRECTION SIDESWIPE,Clear,DRY,Daylight,TRAFFIC SIGNAL,NONE DETECTED,No,No Apparent Injury,N/A,NOT DISTRACTED,MD,(SPORT) UTILITY VEHICLE,MOVING CONSTANT SPEED,40,No,2011,TOYT,UT,39.00892,-77.04042,2023,6,16
230029024,Property Damage Crash,06/16/2023 04:50:00 PM,SEMINARY RD,NA,SAME DIRECTION SIDESWIPE,Clear,DRY,Daylight,TRAFFIC SIGNAL,NONE DETECTED,Yes,No Apparent Injury,N/A,UNKNOWN,NA,PASSENGER CAR,UNKNOWN,40,No,2007,HONDA,UT,39.00892,-77.04042,2023,6,16
230029007,Property Damage Crash,06/16/2023 03:45:00 PM,GREENTREE RD,NA,STRAIGHT MOVEMENT ANGLE,Clear,DRY,Daylight,STOP SIGN,NONE DETECTED,No,No Apparent Injury,N/A,NOT DISTRACTED,MD,TRANSIT BUS,MOVING CONSTANT SPEED,30,No,2009,GILLIG,LOW FLOOR,39.00121467,-77.12318621,2023,6,15
230029007,Property Damage Crash,06/16/2023 03:45:00 PM,GREENTREE RD,NA,STRAIGHT MOVEMENT ANGLE,Clear,DRY,Daylight,STOP SIGN,NONE DETECTED,Yes,No Apparent Injury,N/A,UNKNOWN,MD,(SPORT) UTILITY VEHICLE,ACCELERATING,25,No,2018,MAZDA,CX5,39.00121467,-77.12318621,2023,6,15
230029007,Property Damage Crash,06/16/2023 03:45:00 PM,GREENTREE RD,NA,STRAIGHT MOVEMENT ANGLE,Clear,DRY,Daylight,STOP SIGN,NONE DETECTED,No,No Apparent Injury,N/A,NOT DISTRACTED,MD,(SPORT) UTILITY VEHICLE,MOVING CONSTANT SPEED,30,No,2004,ACURA,MDX,39.00121467,-77.12318621,2023,6,15
230028999,Property Damage Crash,06/16/2023 03:00:00 PM,NA,NA,OTHER,Clear,NA,Daylight,NO CONTROLS,NONE DETECTED,No,No Apparent Injury,N/A,NOT DISTRACTED,MD,PASSENGER CAR,MOVING CONSTANT SPEED,15,No,2018,TOYOTA,TK,39.12876906,-77.19460224,2023,6,15
230028999,Property Damage Crash,06/16/2023 03:00:00 PM,NA,NA,OTHER,Clear,NA,Daylight,NO CONTROLS,NONE DETECTED,Yes,No Apparent Injury,N/A,UNKNOWN,XX,PASSENGER CAR,BACKING,15,No,2009,TOYOTA,COROLLA,39.12876906,-77.19460224,2023,6,15
230028993,Property Damage Crash,06/16/2023 02:07:00 PM,OLD GEORGETOWN RD,NA,SAME DIRECTION SIDESWIPE,Clear,DRY,Daylight,TRAFFIC SIGNAL,NONE DETECTED,Yes,No Apparent Injury,N/A,OTHER DISTRACTION,MD,(SPORT) UTILITY VEHICLE,MAKING LEFT TURN,35,No,2018,HONDA,CRV,39.01303683,-77.11850317,2023,6,14
230028993,Property Damage Crash,06/16/2023 02:07:00 PM,OLD GEORGETOWN RD,NA,SAME DIRECTION SIDESWIPE,Clear,DRY,Daylight,TRAFFIC SIGNAL,NONE DETECTED,No,No Apparent Injury,N/A,NOT DISTRACTED,MD,TRANSIT BUS,MAKING LEFT TURN,35,No,2009,GILLIC,BUS,39.01303683,-77.11850317,2023,6,14
230028988,Property Damage Crash,06/16/2023 02:05:00 PM,E GUDE DR,NA,SAME DIR REAR END,Clear,DRY,Daylight,N/A,NONE DETECTED,No,No Apparent Injury,N/A,NOT DISTRACTED,MD,PASSENGER CAR,MOVING CONSTANT SPEED,35,No,2019,TOYOTA,COROLLA,39.09856112,-77.13805852,2023,6,14
230028988,Property Damage Crash,06/16/2023 02:05:00 PM,E GUDE DR,NA,SAME DIR REAR END,Clear,DRY,Daylight,N/A,NONE DETECTED,Yes,No Apparent Injury,N/A,UNKNOWN,DC,"MEDIUM/HEAVY TRUCKS 3 AXLES (OVER 10,000LBS (4,536KG))",MOVING CONSTANT SPEED,35,No,2018,MACK,TRASH TK,39.09856112,-77.13805852,2023,6,14
230028986,Property Damage Crash,06/16/2023 01:59:00 PM,ROCKVILLE PIKE,NA,HEAD ON LEFT TURN,Clear,DRY,Daylight,TRAFFIC SIGNAL,NONE DETECTED,Yes,No Apparent Injury,N/A,LOOKED BUT DID NOT SEE,MD,(SPORT) UTILITY VEHICLE,MOVING CONSTANT SPEED,40,No,2010,STRN,UT,39.03462833,-77.10699333,2023,6,13
230028986,Property Damage Crash,06/16/2023 01:59:00 PM,ROCKVILLE PIKE,NA,HEAD ON LEFT TURN,Clear,DRY,Daylight,TRAFFIC SIGNAL,NONE DETECTED,No,No Apparent Injury,N/A,NOT DISTRACTED,MD,PICKUP TRUCK,MAKING LEFT TURN,40,No,2019,TOYT,PK,39.03462833,-77.10699333,2023,6,13
230028986,Property Damage Crash,06/16/2023 01:59:00 PM,ROCKVILLE PIKE,NA,HEAD ON LEFT TURN,Clear,DRY,Daylight,TRAFFIC SIGNAL,NONE DETECTED,No,No Apparent Injury,N/A,NOT DISTRACTED,MD,PICKUP TRUCK,STOPPED IN TRAFFIC LANE,40,No,2018,RAM,TK,39.03462833,-77.10699333,2023,6,13
230028979,Property Damage Crash,06/16/2023 01:18:00 PM,GREAT SENECA HWY,NA,HEAD ON LEFT TURN,Clear,DRY,Daylight,TRAFFIC SIGNAL,NONE DETECTED,No,No Apparent Injury,N/A,NOT DISTRACTED,MD,PASSENGER CAR,MOVING CONSTANT SPEED,45,No,2015,HONDA,ACCORD,39.15333333,-77.27803667,2023,6,13
230028979,Property Damage Crash,06/16/2023 01:18:00 PM,GREAT SENECA HWY,NA,HEAD ON LEFT TURN,Clear,DRY,Daylight,TRAFFIC SIGNAL,NONE DETECTED,Yes,No Apparent Injury,N/A,LOOKED BUT DID NOT SEE,MD,PASSENGER CAR,MAKING LEFT TURN,45,No,2015,MERZ,300,39.15333333,-77.27803667,2023,6,13
230029112,Property Damage Crash,06/16/2023 01:15:00 PM,NA,NA,OTHER,Clear,NA,Daylight,NO CONTROLS,NONE DETECTED,Yes,No Apparent Injury,N/A,UNKNOWN,MD,PASSENGER CAR,PARKING,10,No,2021,TOYOTA,SEDAN,39.023242,-77.12360533,2023,6,13
230028974,Injury Crash,06/16/2023 12:35:00 PM,VEIRS MILL RD,NA,OTHER,Clear,DRY,Daylight,NO CONTROLS,NONE DETECTED,No,No Apparent Injury,N/A,NOT DISTRACTED,MD,PASSENGER CAR,MOVING CONSTANT SPEED,25,No,2004,HONDA,ELEMENT,39.04165333,-77.058305,2023,6,12
230028974,Injury Crash,06/16/2023 12:35:00 PM,VEIRS MILL RD,NA,OTHER,Clear,DRY,Daylight,NO CONTROLS,NONE DETECTED,Yes,No Apparent Injury,N/A,LOOKED BUT DID NOT SEE,MD,PASSENGER CAR,MAKING LEFT TURN,25,No,2017,TOYOTA,COROLLA,39.04165333,-77.058305,2023,6,12
230028971,Property Damage Crash,06/16/2023 12:15:00 PM,BRADLEY LA,NA,HEAD ON LEFT TURN,Cloudy,WET,Daylight,STOP SIGN,NONE DETECTED,No,No Apparent Injury,"N/A, V WIPERS|W OTHER ENVIRONMENTAL",NOT DISTRACTED,CA,PASSENGER CAR,MOVING CONSTANT SPEED,15,No,2000,JEEP,CHEROKEE,38.9770215,-77.08054533,2023,6,12
230028971,Property Damage Crash,06/16/2023 12:15:00 PM,BRADLEY LA,NA,HEAD ON LEFT TURN,Cloudy,WET,Daylight,STOP SIGN,NONE DETECTED,Yes,No Apparent Injury,"N/A, V WIPERS|W OTHER ENVIRONMENTAL",NOT DISTRACTED,MD,PASSENGER CAR,MAKING LEFT TURN,5,No,2007,CHEVROLET,SILVERADO,38.9770215,-77.08054533,2023,6,12
230028970,Property Damage Crash,06/16/2023 12:05:00 PM,POWDER MILL RD,NA,STRAIGHT MOVEMENT ANGLE,Rain,WET,Daylight,STOP SIGN,NONE DETECTED,Yes,No Apparent Injury,"N/A, WET",LOOKED BUT DID NOT SEE,MD,PASSENGER CAR,MAKING LEFT TURN,35,No,2015,NISSAN,PATHFINDER,39.02277333,-76.975975,2023,6,12
230028969,Injury Crash,06/16/2023 12:05:00 PM,BUCKLODGE RD,NA,SINGLE VEHICLE,Clear,WET,Daylight,NO CONTROLS,NONE DETECTED,Yes,No Apparent Injury,"N/A, WET",NOT DISTRACTED,MD,SCHOOL BUS,MOVING CONSTANT SPEED,40,No,2015,FRHT,BUS,39.16306833,-77.36237333,2023,6,12
230028970,Property Damage Crash,06/16/2023 12:05:00 PM,POWDER MILL RD,NA,STRAIGHT MOVEMENT ANGLE,Rain,WET,Daylight,STOP SIGN,NONE DETECTED,No,No Apparent Injury,"N/A, WET",NOT DISTRACTED,MD,PASSENGER CAR,MOVING CONSTANT SPEED,35,No,2012,NISSAN,VERSA,39.02277333,-76.975975,2023,6,12
230028960,Injury Crash,06/16/2023 11:00:00 AM,WOODFIELD RD EXT,NA,SAME DIR REAR END,Rain,WET,Daylight,YIELD SIGN,NONE DETECTED,Yes,No Apparent Injury,"RAIN, SNOW, WET",NOT DISTRACTED,MD,VAN,SLOWING OR STOPPING,35,No,2022,CHEVROLET,EXPRESS,39.30005856,-77.19941473,2023,6,11
230028960,Injury Crash,06/16/2023 11:00:00 AM,WOODFIELD RD EXT,NA,SAME DIR REAR END,Rain,WET,Daylight,YIELD SIGN,NONE DETECTED,No,No Apparent Injury,"RAIN, SNOW, WET",NOT DISTRACTED,MD,PASSENGER CAR,SLOWING OR STOPPING,35,No,2004,TOYT,MATRIX,39.30005856,-77.19941473,2023,6,11
230028958,Injury Crash,06/16/2023 10:48:00 AM,MATENY RD,NA,SAME DIRECTION SIDESWIPE,Rain,N/A,Daylight,NO CONTROLS,NONE DETECTED,No,No Apparent Injury,"N/A, WET",NOT DISTRACTED,MD,(SPORT) UTILITY VEHICLE,MOVING CONSTANT SPEED,35,No,2014,HOND,UT,39.14737833,-77.27219833,2023,6,10
230028958,Injury Crash,06/16/2023 10:48:00 AM,MATENY RD,NA,SAME DIRECTION SIDESWIPE,Rain,N/A,Daylight,NO CONTROLS,NONE DETECTED,No,Possible Minor Injury,"N/A, WET",UNKNOWN,MD,PASSENGER CAR,MOVING CONSTANT SPEED,35,No,2014,MERCEDES,C300,39.14737833,-77.27219833,2023,6,10
230028948,Property Damage Crash,06/16/2023 09:08:00 AM,NA,NA,SINGLE VEHICLE,Clear,NA,Daylight,NO CONTROLS,NONE DETECTED,Yes,No Apparent Injury,N/A,NOT DISTRACTED,MD,FIRE VEHICLE/NON EMERGENCY,SLOWING OR STOPPING,15,No,2019,FREIGHTLINER,AMBULANCE,39.051909,-77.04940567,2023,6,9
230028941,Property Damage Crash,06/16/2023 08:25:00 AM,NORBECK RD,NA,SINGLE VEHICLE,Clear,DRY,Daylight,N/A,NONE DETECTED,No,No Apparent Injury,"ANIMAL, N/A",NOT DISTRACTED,MD,FIRE VEHICLE/NON EMERGENCY,MOVING CONSTANT SPEED,35,No,2002,EMER,TK,39.10730705,-77.08330649,2023,6,8
230028931,Injury Crash,06/16/2023 06:50:00 AM,FOREST GLEN RD,NA,STRAIGHT MOVEMENT ANGLE,Clear,DRY,Daylight,STOP SIGN,NONE DETECTED,Yes,No Apparent Injury,N/A,LOOKED BUT DID NOT SEE,XX,PASSENGER CAR,ACCELERATING,25,No,2006,NISSAN,ALTIMA,39.01576333,-77.041401,2023,6,6
230028931,Injury Crash,06/16/2023 06:50:00 AM,FOREST GLEN RD,NA,STRAIGHT MOVEMENT ANGLE,Clear,DRY,Daylight,STOP SIGN,NONE DETECTED,No,No Apparent Injury,N/A,NOT DISTRACTED,MD,PASSENGER CAR,MOVING CONSTANT SPEED,25,No,2022,TOYOTA,TACOMA,39.01576333,-77.041401,2023,6,6
230028931,Injury Crash,06/16/2023 06:50:00 AM,FOREST GLEN RD,NA,STRAIGHT MOVEMENT ANGLE,Clear,DRY,Daylight,STOP SIGN,NONE DETECTED,No,No Apparent Injury,N/A,NOT DISTRACTED,MD,PASSENGER CAR,MOVING CONSTANT SPEED,25,No,2011,HYUNDAI,SD,39.01576333,-77.041401,2023,6,6
230028929,Injury Crash,06/16/2023 06:04:00 AM,LAYTONSVILLE RD,NA,SINGLE VEHICLE,Clear,DRY,Medium,NO CONTROLS,NONE DETECTED,Yes,Possible Minor Injury,N/A,UNKNOWN,MD,PASSENGER CAR,MOVING CONSTANT SPEED,50,No,2012,NISSAN,SENTRA,39.23237987,-77.1425311,2023,6,6
230028926,Injury Crash,06/16/2023 05:08:00 AM,MUNCASTER RD,NA,STRAIGHT MOVEMENT ANGLE,Clear,N/A,Medium,FLASHING TRAFFIC SIGNAL,NONE DETECTED,No,No Apparent Injury,N/A,NOT DISTRACTED,MD,"CARGO VAN/LIGHT TRUCK 2 AXLES (OVER 10,000LBS (4,536 KG))",MOVING CONSTANT SPEED,35,No,2017,FORD,CG,39.14547133,-77.14418167,2023,6,5
230028926,Injury Crash,06/16/2023 05:08:00 AM,MUNCASTER RD,NA,STRAIGHT MOVEMENT ANGLE,Clear,N/A,Medium,FLASHING TRAFFIC SIGNAL,NONE DETECTED,Yes,Possible Minor Injury,N/A,LOOKED BUT DID NOT SEE,MD,"CARGO VAN/LIGHT TRUCK 2 AXLES (OVER 10,000LBS (4,536 KG))",ACCELERATING,35,No,2020,NISS,NV200,39.14547133,-77.14418167,2023,6,5
230028924,Property Damage Crash,06/16/2023 03:58:00 AM,COLESVILLE RD,NA,STRAIGHT MOVEMENT ANGLE,Clear,DRY,Medium,TRAFFIC SIGNAL,NONE DETECTED,Unknown,No Apparent Injury,N/A,NOT DISTRACTED,MD,PASSENGER CAR,MOVING CONSTANT SPEED,35,No,2022,HONDA,ACCORD,39.01966833,-77.01298833,2023,6,3
230028924,Property Damage Crash,06/16/2023 03:58:00 AM,COLESVILLE RD,NA,STRAIGHT MOVEMENT ANGLE,Clear,DRY,Medium,TRAFFIC SIGNAL,NONE DETECTED,Unknown,No Apparent Injury,N/A,LOOKED BUT DID NOT SEE,VA,PASSENGER CAR,MOVING CONSTANT SPEED,35,No,2022,TOYOTA,PRIUS,39.01966833,-77.01298833,2023,6,3
230028917,Property Damage Crash,06/16/2023 01:16:00 AM,CATAWBA MANOR WAY,NA,SINGLE VEHICLE,Clear,DRY,Medium,NO CONTROLS,NONE DETECTED,Yes,No Apparent Injury,N/A,UNKNOWN,MD,PASSENGER CAR,MOVING CONSTANT SPEED,25,No,2008,TOYOTA,RAV4,39.24556805,-77.27990205,2023,6,1
230028903,Injury Crash,06/15/2023 10:50:00 PM,WARFIELD RD,NA,SINGLE VEHICLE,Clear,DRY,Medium,NO CONTROLS,NONE DETECTED,Yes,Possible Minor Injury,N/A,UNKNOWN,MD,PASSENGER CAR,MOVING CONSTANT SPEED,35,No,2006,ACURA,RSX,39.19465717,-77.15600017,2023,6,22
230028901,Injury Crash,06/15/2023 10:09:00 PM,BURDETTE FOREST RD,NA,SAME DIR REAR END,Clear,DRY,Medium,NO CONTROLS,NONE DETECTED,Yes,Possible Minor Injury,N/A,OTHER DISTRACTION,MD,PASSENGER CAR,MOVING CONSTANT SPEED,25,No,2021,HONDA,CIVIC,39.24415574,-77.27241553,2023,6,22
230028898,Property Damage Crash,06/15/2023 09:54:00 PM,KIMBLEHUNT PL,NA,SINGLE VEHICLE,Clear,DRY,Medium,N/A,NONE DETECTED,Yes,No Apparent Injury,N/A,UNKNOWN,NA,PASSENGER CAR,ACCELERATING,35,No,2001,HONDA,CIVIC,39.23962597,-77.1861164,2023,6,21
230028894,Property Damage Crash,06/15/2023 09:32:00 PM,NICHOLSON LA,NA,HEAD ON LEFT TURN,Clear,DRY,Medium,TRAFFIC SIGNAL,NONE DETECTED,No,No Apparent Injury,N/A,NOT DISTRACTED,ND,PASSENGER CAR,MOVING CONSTANT SPEED,40,No,2022,HONDA,ACCORD,39.044865,-77.11143667,2023,6,21
230028894,Property Damage Crash,06/15/2023 09:32:00 PM,NICHOLSON LA,NA,HEAD ON LEFT TURN,Clear,DRY,Medium,TRAFFIC SIGNAL,ALCOHOL PRESENT,Yes,No Apparent Injury,N/A,LOOKED BUT DID NOT SEE,MD,RECREATIONAL VEHICLE,MAKING LEFT TURN,40,No,1998,HONDA,CIVIC,39.044865,-77.11143667,2023,6,21
230028891,Injury Crash,06/15/2023 09:30:00 PM,GEORGIA AVE,NA,SAME DIRECTION SIDESWIPE,Clear,DRY,Medium,NO CONTROLS,NONE DETECTED,No,No Apparent Injury,N/A,NOT DISTRACTED,MD,PASSENGER CAR,MOVING CONSTANT SPEED,35,No,2004,NISSAN,TK,39.08084883,-77.0757015,2023,6,21
230028891,Injury Crash,06/15/2023 09:30:00 PM,GEORGIA AVE,NA,SAME DIRECTION SIDESWIPE,Clear,DRY,Medium,NO CONTROLS,NONE DETECTED,Yes,No Apparent Injury,N/A,NOT DISTRACTED,MD,PASSENGER CAR,MOVING CONSTANT SPEED,35,No,2003,HONDA,ODYSSEY,39.08084883,-77.0757015,2023,6,21
230028883,Property Damage Crash,06/15/2023 07:35:00 PM,ARCOLA AVE,NA,SAME DIRECTION LEFT TURN,Clear,DRY,Daylight,NO CONTROLS,NONE DETECTED,Yes,No Apparent Injury,N/A,NOT DISTRACTED,MD,(SPORT) UTILITY VEHICLE,MAKING LEFT TURN,25,No,2014,HONDA,PILOT,39.04703412,-77.03654265,2023,6,19
230028883,Property Damage Crash,06/15/2023 07:35:00 PM,ARCOLA AVE,NA,SAME DIRECTION LEFT TURN,Clear,DRY,Daylight,NO CONTROLS,NONE DETECTED,Yes,No Apparent Injury,N/A,NOT DISTRACTED,MD,PASSENGER CAR,MOVING CONSTANT SPEED,25,No,2017,FORD,TAURUS,39.04703412,-77.03654265,2023,6,19
230028872,Property Damage Crash,06/15/2023 06:11:00 PM,ROCKVILLE PIKE,NA,SAME DIR REAR END,Clear,DRY,Daylight,TRAFFIC SIGNAL,NONE DETECTED,Yes,No Apparent Injury,N/A,INATTENTIVE OR LOST IN THOUGHT,MD,PASSENGER CAR,ACCELERATING,35,No,2015,MAZD,UT,39.0621824,-77.12442722,2023,6,18
230028872,Property Damage Crash,06/15/2023 06:11:00 PM,ROCKVILLE PIKE,NA,SAME DIR REAR END,Clear,DRY,Daylight,TRAFFIC SIGNAL,NONE DETECTED,No,No Apparent Injury,N/A,NOT DISTRACTED,VA,PASSENGER CAR,STARTING FROM LANE,35,No,2016,TOYOTA,CAMRY,39.0621824,-77.12442722,2023,6,18
230028865,Property Damage Crash,06/15/2023 05:02:00 PM,NEW HAMPSHIRE AVE,NA,SAME DIR REAR END,Clear,DRY,Daylight,OTHER,NONE DETECTED,No,No Apparent Injury,N/A,NOT DISTRACTED,MD,PASSENGER CAR,MOVING CONSTANT SPEED,40,No,2015,TOYOTA,4DR,39.02039788,-76.97656638,2023,6,17
230028865,Property Damage Crash,06/15/2023 05:02:00 PM,NEW HAMPSHIRE AVE,NA,SAME DIR REAR END,Clear,DRY,Daylight,OTHER,NONE DETECTED,Yes,No Apparent Injury,N/A,UNKNOWN,NA,PASSENGER CAR,MOVING CONSTANT SPEED,40,No,2016,FORD,EXPLORER,39.02039788,-76.97656638,2023,6,17
230028856,Property Damage Crash,06/15/2023 04:46:00 PM,GEORGIA AVE,NA,SAME DIRECTION SIDESWIPE,Clear,DRY,Daylight,TRAFFIC SIGNAL,NONE DETECTED,Yes,No Apparent Injury,N/A,LOOKED BUT DID NOT SEE,MD,PASSENGER CAR,MOVING CONSTANT SPEED,25,No,2012,VOLKSWAGON,JETTA,39.041275,-77.05161333,2023,6,16
230028856,Property Damage Crash,06/15/2023 04:46:00 PM,GEORGIA AVE,NA,SAME DIRECTION SIDESWIPE,Clear,DRY,Daylight,TRAFFIC SIGNAL,NONE DETECTED,No,No Apparent Injury,N/A,NOT DISTRACTED,MD,PASSENGER CAR,MOVING CONSTANT SPEED,25,No,2016,TOYT,TK,39.041275,-77.05161333,2023,6,16
230028856,Property Damage Crash,06/15/2023 04:46:00 PM,GEORGIA AVE,NA,SAME DIRECTION SIDESWIPE,Clear,DRY,Daylight,TRAFFIC SIGNAL,NONE DETECTED,No,No Apparent Injury,N/A,NOT DISTRACTED,MD,PASSENGER CAR,MAKING LEFT TURN,25,No,2019,VOLKSWAGON,ATLAS,39.041275,-77.05161333,2023,6,16
230028857,Property Damage Crash,06/15/2023 04:16:00 PM,RENDALE CT,NA,OTHER,Clear,DRY,Daylight,NO CONTROLS,NONE DETECTED,Yes,No Apparent Injury,N/A,NOT DISTRACTED,MD,SCHOOL BUS,STOPPED IN TRAFFIC LANE,15,No,2018,FRHT,BU,39.16031133,-77.0853395,2023,6,16
230028844,Property Damage Crash,06/15/2023 04:00:00 PM,NA,NA,SAME DIRECTION SIDESWIPE,Clear,NA,Daylight,NO CONTROLS,NONE DETECTED,Yes,No Apparent Injury,N/A,LOOKED BUT DID NOT SEE,MD,SCHOOL BUS,MOVING CONSTANT SPEED,15,No,2014,THOMAS,PUSH-MSDE-D-12,39.13979797,-77.1325397,2023,6,16
230028852,Injury Crash,06/15/2023 03:57:00 PM,SUNDOWN RD,NA,OPPOSITE DIRECTION SIDESWIPE,Clear,DRY,Daylight,NO CONTROLS,NONE DETECTED,No,No Apparent Injury,N/A,NOT DISTRACTED,MD,"CARGO VAN/LIGHT TRUCK 2 AXLES (OVER 10,000LBS (4,536 KG))",MOVING CONSTANT SPEED,30,No,2016,CHEVY,TRUCK,39.21547517,-77.1165595,2023,6,15
230028852,Injury Crash,06/15/2023 03:57:00 PM,SUNDOWN RD,NA,OPPOSITE DIRECTION SIDESWIPE,Clear,DRY,Daylight,NO CONTROLS,DRUG PRESENT,Yes,Possible Minor Injury,N/A,OTHER DISTRACTION,MD,PASSENGER CAR,MOVING CONSTANT SPEED,30,No,2007,NISSAN,SENTRA,39.21547517,-77.1165595,2023,6,15
230028837,Property Damage Crash,06/15/2023 03:50:00 PM,SENECA RD,NA,HEAD ON,Clear,DRY,Daylight,NO CONTROLS,NONE DETECTED,No,No Apparent Injury,N/A,NOT DISTRACTED,MD,RECREATIONAL VEHICLE,MOVING CONSTANT SPEED,45,No,2023,KIA,SOUL,39.10089665,-77.18517879,2023,6,15
230028837,Property Damage Crash,06/15/2023 03:50:00 PM,SENECA RD,NA,HEAD ON,Clear,DRY,Daylight,NO CONTROLS,NONE DETECTED,Yes,No Apparent Injury,N/A,NOT DISTRACTED,MD,PASSENGER CAR,MOVING CONSTANT SPEED,45,No,2000,TOYOTA,AVALON,39.10089665,-77.18517879,2023,6,15
230028851,Property Damage Crash,06/15/2023 03:49:00 PM,BRIGGS CHANEY RD,NA,OTHER,Clear,DRY,Daylight,TRAFFIC SIGNAL,NONE DETECTED,Yes,No Apparent Injury,N/A,UNKNOWN,NA,PICKUP TRUCK,UNKNOWN,35,No,0,UNKNOWN,UNKNOWN,39.07603617,-76.9410375,2023,6,15
230028851,Property Damage Crash,06/15/2023 03:49:00 PM,BRIGGS CHANEY RD,NA,OTHER,Clear,DRY,Daylight,TRAFFIC SIGNAL,NONE DETECTED,No,No Apparent Injury,N/A,NOT DISTRACTED,MD,PASSENGER CAR,MOVING CONSTANT SPEED,35,No,2013,TOYOTA,CAMRY,39.07603617,-76.9410375,2023,6,15
230028845,Injury Crash,06/15/2023 03:47:00 PM,SEVEN LOCKS RD,NA,STRAIGHT MOVEMENT ANGLE,Cloudy,DRY,Daylight,TRAFFIC SIGNAL,NONE DETECTED,Yes,Possible Minor Injury,N/A,UNKNOWN,MD,PASSENGER CAR,MOVING CONSTANT SPEED,45,No,2008,ACURA,TL,39.02322683,-77.1623345,2023,6,15
230028845,Injury Crash,06/15/2023 03:47:00 PM,SEVEN LOCKS RD,NA,STRAIGHT MOVEMENT ANGLE,Cloudy,DRY,Daylight,TRAFFIC SIGNAL,NONE DETECTED,No,No Apparent Injury,N/A,NOT DISTRACTED,MD,(SPORT) UTILITY VEHICLE,STOPPED IN TRAFFIC LANE,35,No,2022,VOLKSWAGON,TAOS,39.02322683,-77.1623345,2023,6,15
230028845,Injury Crash,06/15/2023 03:47:00 PM,SEVEN LOCKS RD,NA,STRAIGHT MOVEMENT ANGLE,Cloudy,DRY,Daylight,TRAFFIC SIGNAL,NONE DETECTED,Yes,No Apparent Injury,N/A,NOT DISTRACTED,FL,(SPORT) UTILITY VEHICLE,MAKING LEFT TURN,45,No,2020,MERCEDES,GLE350,39.02322683,-77.1623345,2023,6,15
230028841,Property Damage Crash,06/15/2023 03:22:00 PM,ELMCROFT BLVD,NA,OTHER,Clear,DRY,Daylight,NO CONTROLS,NONE DETECTED,No,No Apparent Injury,N/A,NOT DISTRACTED,MD,PASSENGER CAR,PARKED,20,No,2015,TOYT,SD,39.114189,-77.16655817,2023,6,15
230028841,Property Damage Crash,06/15/2023 03:22:00 PM,ELMCROFT BLVD,NA,OTHER,Clear,DRY,Daylight,NO CONTROLS,NONE DETECTED,Yes,No Apparent Injury,N/A,LOOKED BUT DID NOT SEE,MD,SCHOOL BUS,SLOWING OR STOPPING,20,No,2013,THOM,BUS,39.114189,-77.16655817,2023,6,15
230028832,Injury Crash,06/15/2023 02:30:00 PM,DIAMONDBACK DR,NA,HEAD ON LEFT TURN,Clear,DRY,Daylight,TRAFFIC SIGNAL,NONE DETECTED,Yes,No Apparent Injury,N/A,NOT DISTRACTED,MD,(SPORT) UTILITY VEHICLE,MOVING CONSTANT SPEED,45,No,2011,TOYT,TK,39.11402167,-77.209905,2023,6,14
230028832,Injury Crash,06/15/2023 02:30:00 PM,DIAMONDBACK DR,NA,HEAD ON LEFT TURN,Clear,DRY,Daylight,TRAFFIC SIGNAL,NONE DETECTED,No,Possible Minor Injury,N/A,NOT DISTRACTED,MD,PASSENGER CAR,MAKING LEFT TURN,30,No,2022,HOND,CIVIC,39.11402167,-77.209905,2023,6,14
230028831,Property Damage Crash,06/15/2023 02:22:00 PM,SAM EIG HWY,NA,SAME DIR REAR END,Clear,DRY,Daylight,TRAFFIC SIGNAL,NONE DETECTED,No,No Apparent Injury,N/A,NOT DISTRACTED,MD,PICKUP TRUCK,STOPPED IN TRAFFIC LANE,30,No,2019,FORD,F150,39.10920167,-77.21285,2023,6,14
230028831,Property Damage Crash,06/15/2023 02:22:00 PM,SAM EIG HWY,NA,SAME DIR REAR END,Clear,DRY,Daylight,TRAFFIC SIGNAL,NONE DETECTED,Yes,No Apparent Injury,N/A,NOT DISTRACTED,VA,PASSENGER CAR,MOVING CONSTANT SPEED,30,No,2015,HONDA,CIVIC,39.10920167,-77.21285,2023,6,14
230028810,Property Damage Crash,06/15/2023 01:00:00 PM,LAYHILL RD,NA,SAME DIR REAR END,Clear,DRY,Daylight,NO CONTROLS,NONE DETECTED,Unknown,No Apparent Injury,N/A,LOOKED BUT DID NOT SEE,US,PASSENGER CAR,ACCELERATING,40,No,2022,TOYOTA,HIGHLANDER,39.08772187,-77.04494155,2023,6,13
230028810,Property Damage Crash,06/15/2023 01:00:00 PM,LAYHILL RD,NA,SAME DIR REAR END,Clear,DRY,Daylight,NO CONTROLS,NONE DETECTED,Unknown,No Apparent Injury,N/A,LOOKED BUT DID NOT SEE,MD,PASSENGER CAR,MOVING CONSTANT SPEED,40,No,2014,MERCEDES,E350,39.08772187,-77.04494155,2023,6,13
230028808,Injury Crash,06/15/2023 12:42:00 PM,OBSERVATION DR,NA,SINGLE VEHICLE,Clear,DRY,Daylight,NO CONTROLS,NONE DETECTED,Yes,Suspected Serious Injury,N/A,UNKNOWN,MD,PASSENGER CAR,MOVING CONSTANT SPEED,35,No,2004,FORD,TAURUS,39.19276145,-77.24807161,2023,6,12
230028809,Property Damage Crash,06/15/2023 12:30:00 PM,GREAT SENECA HWY,NA,OTHER,Clear,DRY,Daylight,NO CONTROLS,NONE DETECTED,No,No Apparent Injury,N/A,NOT DISTRACTED,MD,PASSENGER CAR,MOVING CONSTANT SPEED,40,No,2019,TOYOTA,4S,39.11232174,-77.22145314,2023,6,12