Local Case Number,ACRS Report Type,Crash Date/Time,Road Name,Related Non-Motorist,Collision Type,Weather,Surface Condition,Light,Traffic Control,Driver Substance Abuse,Driver At Fault,Injury Severity,Circumstance,Driver Distracted By,Drivers License State,Vehicle Body Type,Vehicle Movement,Speed Limit,Driverless Vehicle,Vehicle Year,Vehicle Make,Vehicle Model,Latitude,Longitude,Year,Month,Hour
230028809,Property Damage Crash,06/15/2023 12:30:00 PM,GREAT SENECA HWY,NA,OTHER,Clear,DRY,Daylight,NO CONTROLS,NONE DETECTED,Yes,No Apparent Injury,N/A,NOT DISTRACTED,MD,PICKUP TRUCK,CHANGING LANES,40,No,2019,FORD,TRUCK,39.11232174,-77.22145314,2023,6,12
230028799,Property Damage Crash,06/15/2023 11:45:00 AM,NA,NA,OPPOSITE DIRECTION SIDESWIPE,Clear,NA,Daylight,N/A,NONE DETECTED,Yes,No Apparent Injury,N/A,UNKNOWN,FL,PASSENGER CAR,BACKING,5,No,2005,LEXUS,ES,39.0328785,-77.0742975,2023,6,11
230028789,Property Damage Crash,06/15/2023 11:23:00 AM,NEW HAMPSHIRE AVE,NA,SAME DIRECTION RIGHT TURN,Clear,DRY,Daylight,TRAFFIC SIGNAL,NONE DETECTED,Yes,No Apparent Injury,N/A,UNKNOWN,NA,VAN,CHANGING LANES,35,Unknown,2020,MERCEDES,SPRITE,38.9859605,-76.98895467,2023,6,11
230028789,Property Damage Crash,06/15/2023 11:23:00 AM,NEW HAMPSHIRE AVE,NA,SAME DIRECTION RIGHT TURN,Clear,DRY,Daylight,TRAFFIC SIGNAL,NONE DETECTED,No,No Apparent Injury,N/A,NOT DISTRACTED,MD,PASSENGER CAR,MOVING CONSTANT SPEED,35,No,2012,HONDA,ACCORD,38.9859605,-76.98895467,2023,6,11
230028798,Property Damage Crash,06/15/2023 11:22:00 AM,COMPRINT CT,NA,SAME DIR REAR END,Clear,N/A,Daylight,TRAFFIC SIGNAL,NONE DETECTED,Yes,No Apparent Injury,N/A,NOT DISTRACTED,VA,CROSS COUNTRY BUS,SLOWING OR STOPPING,40,No,1990,FORD,ECONLINE 350,39.119965,-77.18327333,2023,6,11
230028798,Property Damage Crash,06/15/2023 11:22:00 AM,COMPRINT CT,NA,SAME DIR REAR END,Clear,N/A,Daylight,TRAFFIC SIGNAL,NONE DETECTED,No,No Apparent Injury,N/A,NOT DISTRACTED,MD,PASSENGER CAR,SLOWING OR STOPPING,40,No,2001,JAGU,XJR,39.119965,-77.18327333,2023,6,11
230028728,Injury Crash,06/15/2023 10:49:00 AM,ROCKVILLE PIKE,NA,SINGLE VEHICLE,Clear,DRY,Daylight,TRAFFIC SIGNAL,NONE DETECTED,Yes,Possible Minor Injury,N/A,UNKNOWN,MD,"CARGO VAN/LIGHT TRUCK 2 AXLES (OVER 10,000LBS (4,536 KG))",SLOWING OR STOPPING,40,No,2011,INTERNATIONAL,DUNSTAR,39.03500988,-77.10730247,2023,6,10
230028779,Property Damage Crash,06/15/2023 10:38:00 AM,LEGEND OAKS DR,NA,HEAD ON,Clear,DRY,Daylight,NO CONTROLS,NONE DETECTED,Yes,No Apparent Injury,N/A,OTHER DISTRACTION,MD,PASSENGER CAR,LEAVING TRAFFIC LANE,25,No,2021,KIA,TELLURIDE,39.07076783,-76.93794,2023,6,10
230028779,Property Damage Crash,06/15/2023 10:38:00 AM,LEGEND OAKS DR,NA,HEAD ON,Clear,DRY,Daylight,NO CONTROLS,NONE DETECTED,No,No Apparent Injury,N/A,NOT DISTRACTED,MD,PASSENGER CAR,MOVING CONSTANT SPEED,25,No,2017,NISSAN,PATHFINDER,39.07076783,-76.93794,2023,6,10
230028766,Property Damage Crash,06/15/2023 10:10:00 AM,COLESVILLE RD,NA,SAME DIR REAR END,Clear,DRY,Daylight,N/A,NONE DETECTED,No,No Apparent Injury,N/A,NOT DISTRACTED,MD,(SPORT) UTILITY VEHICLE,SLOWING OR STOPPING,35,No,2021,HOND,UT,39.00058167,-77.026045,2023,6,10
230028766,Property Damage Crash,06/15/2023 10:10:00 AM,COLESVILLE RD,NA,SAME DIR REAR END,Clear,DRY,Daylight,N/A,NONE DETECTED,Yes,No Apparent Injury,N/A,NOT DISTRACTED,MD,PASSENGER CAR,ACCELERATING,35,No,2014,NISSAN,ALTIMA,39.00058167,-77.026045,2023,6,10
230028753,Property Damage Crash,06/15/2023 09:20:00 AM,S SUMMIT AVE,NA,OTHER,Clear,DRY,Daylight,NO CONTROLS,NONE DETECTED,No,No Apparent Injury,N/A,NOT DISTRACTED,MD,PASSENGER CAR,MOVING CONSTANT SPEED,25,No,2018,HONDA,SD,39.14059968,-77.19363805,2023,6,9
230028753,Property Damage Crash,06/15/2023 09:20:00 AM,S SUMMIT AVE,NA,OTHER,Clear,DRY,Daylight,NO CONTROLS,NONE DETECTED,Yes,No Apparent Injury,N/A,NOT DISTRACTED,MD,(SPORT) UTILITY VEHICLE,MAKING LEFT TURN,25,No,2021,JEEP,UT,39.14059968,-77.19363805,2023,6,9
230028752,Property Damage Crash,06/15/2023 08:40:00 AM,OLD GEORGETOWN RD,NA,SAME DIRECTION LEFT TURN,Clear,DRY,Daylight,TRAFFIC SIGNAL,NONE DETECTED,No,No Apparent Injury,N/A,NOT DISTRACTED,MD,"MEDIUM/HEAVY TRUCKS 3 AXLES (OVER 10,000LBS (4,536KG))",MAKING LEFT TURN,25,No,2020,KENWORTH,TK,39.01645,-77.11944833,2023,6,8
230028752,Property Damage Crash,06/15/2023 08:40:00 AM,OLD GEORGETOWN RD,NA,SAME DIRECTION LEFT TURN,Clear,DRY,Daylight,TRAFFIC SIGNAL,NONE DETECTED,Yes,No Apparent Injury,N/A,INATTENTIVE OR LOST IN THOUGHT,MD,PASSENGER CAR,MAKING RIGHT TURN,25,No,2004,TOYT,SW,39.01645,-77.11944833,2023,6,8
230028738,Property Damage Crash,06/15/2023 07:58:00 AM,NA,NA,OPPOSITE DIRECTION SIDESWIPE,Clear,NA,Daylight,NO CONTROLS,NONE DETECTED,Yes,No Apparent Injury,N/A,NOT DISTRACTED,MD,SCHOOL BUS,MAKING LEFT TURN,0,No,2011,THOMAS,SCHOOL BUS,39.08201667,-76.94622167,2023,6,7
230028738,Property Damage Crash,06/15/2023 07:58:00 AM,NA,NA,OPPOSITE DIRECTION SIDESWIPE,Clear,NA,Daylight,NO CONTROLS,NONE DETECTED,No,No Apparent Injury,N/A,NOT DISTRACTED,MD,PASSENGER CAR,MAKING RIGHT TURN,0,No,2022,NISSAN,ALTIMA,39.08201667,-76.94622167,2023,6,7
230028735,Property Damage Crash,06/15/2023 07:40:00 AM,NA,NA,HEAD ON LEFT TURN,Clear,NA,Daylight,N/A,NONE DETECTED,Yes,No Apparent Injury,N/A,NOT DISTRACTED,MD,PASSENGER CAR,PARKING,15,No,2006,NISS,MAXIMA,39.28227167,-77.21074,2023,6,7
230028736,Property Damage Crash,06/15/2023 07:40:00 AM,QUINCE ORCHARD RD,NA,SAME DIRECTION LEFT TURN,Clear,DRY,Daylight,NO CONTROLS,NONE DETECTED,Yes,No Apparent Injury,N/A,UNKNOWN,MD,PASSENGER CAR,CHANGING LANES,40,No,2013,HYUND,LANTRA,39.12173389,-77.25029825,2023,6,7
230028736,Property Damage Crash,06/15/2023 07:40:00 AM,QUINCE ORCHARD RD,NA,SAME DIRECTION LEFT TURN,Clear,DRY,Daylight,NO CONTROLS,NONE DETECTED,No,No Apparent Injury,N/A,NOT DISTRACTED,MD,PASSENGER CAR,MOVING CONSTANT SPEED,35,No,2012,HOND,PV,39.12173389,-77.25029825,2023,6,7
230028732,Injury Crash,06/15/2023 05:50:00 AM,MONTGOMERY VILLAGE AVE,NA,STRAIGHT MOVEMENT ANGLE,Clear,DRY,Daylight,TRAFFIC SIGNAL,NONE DETECTED,No,No Apparent Injury,N/A,NOT DISTRACTED,MD,PASSENGER CAR,MOVING CONSTANT SPEED,35,No,2007,CHEV,HB,39.15805738,-77.20429701,2023,6,5
230028732,Injury Crash,06/15/2023 05:50:00 AM,MONTGOMERY VILLAGE AVE,NA,STRAIGHT MOVEMENT ANGLE,Clear,DRY,Daylight,TRAFFIC SIGNAL,NONE DETECTED,No,No Apparent Injury,N/A,NOT DISTRACTED,MD,(SPORT) UTILITY VEHICLE,MOVING CONSTANT SPEED,35,No,2020,TOYOTA,RAV4,39.15805738,-77.20429701,2023,6,5
230028732,Injury Crash,06/15/2023 05:50:00 AM,MONTGOMERY VILLAGE AVE,NA,STRAIGHT MOVEMENT ANGLE,Clear,DRY,Daylight,TRAFFIC SIGNAL,NONE DETECTED,Yes,Possible Minor Injury,N/A,LOOKED BUT DID NOT SEE,MD,PASSENGER CAR,MOVING CONSTANT SPEED,35,No,2016,FORD,FOCUS,39.15805738,-77.20429701,2023,6,5
230028727,Injury Crash,06/15/2023 04:14:00 AM,GEORGIA AVE,NA,STRAIGHT MOVEMENT ANGLE,Clear,DRY,Medium,TRAFFIC SIGNAL,NONE DETECTED,No,Possible Minor Injury,N/A,NOT DISTRACTED,MD,PASSENGER CAR,MOVING CONSTANT SPEED,35,No,2016,HONDA,ACCORD,39.00868808,-77.04024715,2023,6,4
230028727,Injury Crash,06/15/2023 04:14:00 AM,GEORGIA AVE,NA,STRAIGHT MOVEMENT ANGLE,Clear,DRY,Medium,TRAFFIC SIGNAL,NONE DETECTED,Yes,Possible Minor Injury,N/A,UNKNOWN,NA,(SPORT) UTILITY VEHICLE,MOVING CONSTANT SPEED,30,No,2012,HONDA,PILOT,39.00868808,-77.04024715,2023,6,4
230028720,Property Damage Crash,06/15/2023 01:19:00 AM,CRYSTAL ROCK DR,NA,OTHER,Clear,DRY,Medium,NO CONTROLS,NONE DETECTED,Yes,No Apparent Injury,N/A,NOT DISTRACTED,MD,PASSENGER CAR,ACCELERATING,25,No,2008,HONDA,ACCORD,39.17743,-77.262204,2023,6,1
230028713,Property Damage Crash,06/14/2023 11:07:00 PM,SCHUBERT DR,NA,SAME DIR REAR END,Clear,DRY,Medium,NO CONTROLS,NONE DETECTED,Yes,No Apparent Injury,N/A,NOT DISTRACTED,MD,PASSENGER CAR,MOVING CONSTANT SPEED,25,No,2017,INFI,Q70,39.07360683,-76.94651017,2023,6,23
230028682,Property Damage Crash,06/14/2023 07:08:00 PM,FREDERICK RD,NA,SAME DIR REAR END,Clear,DRY,Daylight,NO CONTROLS,NONE DETECTED,Yes,No Apparent Injury,N/A,LOOKED BUT DID NOT SEE,MD,PICKUP TRUCK,MOVING CONSTANT SPEED,40,No,2010,FORD,TK,39.169955,-77.23489333,2023,6,19
230028670,Injury Crash,06/14/2023 06:00:00 PM,AVERY RD,NA,SAME DIR REAR END,Clear,DRY,Daylight,N/A,NONE DETECTED,Yes,No Apparent Injury,N/A,LOOKED BUT DID NOT SEE,MD,(SPORT) UTILITY VEHICLE,SLOWING OR STOPPING,30,No,2004,NISSAN,XTERRA,39.10217367,-77.12448633,2023,6,18
230028670,Injury Crash,06/14/2023 06:00:00 PM,AVERY RD,NA,SAME DIR REAR END,Clear,DRY,Daylight,N/A,NONE DETECTED,No,Possible Minor Injury,N/A,NOT DISTRACTED,MD,PASSENGER CAR,STOPPED IN TRAFFIC LANE,30,No,2011,HONDA,ACCORD,39.10217367,-77.12448633,2023,6,18
230028667,Property Damage Crash,06/14/2023 05:19:00 PM,ROCKVILLE PIKE,NA,OTHER,Clear,DRY,Daylight,TRAFFIC SIGNAL,NONE DETECTED,No,No Apparent Injury,N/A,UNKNOWN,MD,PASSENGER CAR,MOVING CONSTANT SPEED,35,No,2015,FORD,FUSION,39.05739283,-77.12018183,2023,6,17
230028667,Property Damage Crash,06/14/2023 05:19:00 PM,ROCKVILLE PIKE,NA,OTHER,Clear,DRY,Daylight,TRAFFIC SIGNAL,NONE DETECTED,Yes,No Apparent Injury,N/A,UNKNOWN,XX,PASSENGER CAR,MAKING LEFT TURN,35,No,2008,HONDA,CRV,39.05739283,-77.12018183,2023,6,17
230028653,Injury Crash,06/14/2023 04:05:00 PM,MONTGOMERY AVE,NA,SAME DIRECTION SIDESWIPE,Clear,DRY,Daylight,NO CONTROLS,NONE DETECTED,Yes,No Apparent Injury,N/A,LOOKED BUT DID NOT SEE,MD,PASSENGER CAR,MAKING LEFT TURN,35,No,2016,HONDA,ACCORD,38.98404383,-77.09060733,2023,6,16
230028653,Injury Crash,06/14/2023 04:05:00 PM,MONTGOMERY AVE,NA,SAME DIRECTION SIDESWIPE,Clear,DRY,Daylight,NO CONTROLS,NONE DETECTED,No,No Apparent Injury,N/A,NOT DISTRACTED,MD,VAN,MOVING CONSTANT SPEED,35,No,2008,TOYT,VN,38.98404383,-77.09060733,2023,6,16
230028653,Injury Crash,06/14/2023 04:05:00 PM,MONTGOMERY AVE,NA,SAME DIRECTION SIDESWIPE,Clear,DRY,Daylight,NO CONTROLS,NONE DETECTED,No,Possible Minor Injury,N/A,NOT DISTRACTED,MD,PASSENGER CAR,MOVING CONSTANT SPEED,35,No,2018,MITS,MIRAGE,38.98404383,-77.09060733,2023,6,16
230028652,Property Damage Crash,06/14/2023 03:48:00 PM,NA,NA,STRAIGHT MOVEMENT ANGLE,Cloudy,NA,Daylight,NO CONTROLS,NONE DETECTED,No,No Apparent Injury,N/A,NOT DISTRACTED,MD,SCHOOL BUS,SLOWING OR STOPPING,5,No,2021,THMS,SCHOOL BUS,39.09319283,-77.07851767,2023,6,15
230028652,Property Damage Crash,06/14/2023 03:48:00 PM,NA,NA,STRAIGHT MOVEMENT ANGLE,Cloudy,NA,Daylight,NO CONTROLS,NONE DETECTED,Yes,No Apparent Injury,N/A,NOT DISTRACTED,MD,(SPORT) UTILITY VEHICLE,BACKING,5,No,2015,SUBA,FORESTER,39.09319283,-77.07851767,2023,6,15
230028641,Injury Crash,06/14/2023 02:45:00 PM,WOODFIELD RD,NA,SAME DIR REAR END,Clear,DRY,Daylight,TRAFFIC SIGNAL,NONE DETECTED,No,Possible Minor Injury,N/A,NOT DISTRACTED,MD,PICKUP TRUCK,STOPPED IN TRAFFIC LANE,40,No,2000,GMC,SIERRA 2500,39.27388,-77.20437167,2023,6,14
230028641,Injury Crash,06/14/2023 02:45:00 PM,WOODFIELD RD,NA,SAME DIR REAR END,Clear,DRY,Daylight,TRAFFIC SIGNAL,NONE DETECTED,Yes,No Apparent Injury,N/A,LOOKED BUT DID NOT SEE,MD,(SPORT) UTILITY VEHICLE,STARTING FROM LANE,40,No,2018,CHEV,EQUINOX,39.27388,-77.20437167,2023,6,14
230028642,Property Damage Crash,06/14/2023 02:40:00 PM,NA,NA,SAME DIR REAR END,Clear,NA,Daylight,NO CONTROLS,NONE DETECTED,Yes,No Apparent Injury,N/A,NOT DISTRACTED,XX,PASSENGER CAR,BACKING,0,No,2013,CHEVY,TAHOE,39.05316833,-76.95412,2023,6,14
230028642,Property Damage Crash,06/14/2023 02:40:00 PM,NA,NA,SAME DIR REAR END,Clear,NA,Daylight,NO CONTROLS,NONE DETECTED,No,No Apparent Injury,N/A,NOT DISTRACTED,FL,PASSENGER CAR,SLOWING OR STOPPING,0,No,2020,NISSAN,SENTRA,39.05316833,-76.95412,2023,6,14
230028460,Injury Crash,06/14/2023 02:13:00 PM,NA,NA,SINGLE VEHICLE,Clear,NA,Daylight,NO CONTROLS,NONE DETECTED,Unknown,Possible Minor Injury,N/A,UNKNOWN,CA,(SPORT) UTILITY VEHICLE,UNKNOWN,0,No,2020,SUBARU,FORESTER,39.0031382,-77.231425,2023,6,14
230028640,Property Damage Crash,06/14/2023 02:12:00 PM,NA,NA,OTHER,Cloudy,NA,Daylight,NO CONTROLS,NONE DETECTED,Yes,No Apparent Injury,N/A,NOT DISTRACTED,MD,PASSENGER CAR,PARKING,5,No,2017,FORD,CMAX,39.15462967,-77.06410383,2023,6,14
230028629,Injury Crash,06/14/2023 01:30:00 PM,ROCKVILLE PIKE,NA,STRAIGHT MOVEMENT ANGLE,Clear,DRY,Daylight,N/A,NONE DETECTED,Yes,No Apparent Injury,N/A,UNKNOWN,MD,PASSENGER CAR,MAKING RIGHT TURN,35,No,2016,ACURA,RDX,39.07587102,-77.13780813,2023,6,13
230028629,Injury Crash,06/14/2023 01:30:00 PM,ROCKVILLE PIKE,NA,STRAIGHT MOVEMENT ANGLE,Clear,DRY,Daylight,N/A,NONE DETECTED,No,Possible Minor Injury,N/A,NOT DISTRACTED,MD,PASSENGER CAR,MOVING CONSTANT SPEED,35,No,2022,JEEP,GRAND CHEROKEE,39.07587102,-77.13780813,2023,6,13
230028911,Property Damage Crash,06/14/2023 12:45:00 PM,NA,NA,SAME DIR REAR END,Clear,NA,Daylight,NO CONTROLS,NONE DETECTED,Yes,No Apparent Injury,N/A,UNKNOWN,NA,PASSENGER CAR,PARKING,10,No,2023,NISSAN,ROGUE,39.02428643,-77.13269975,2023,6,12
230028614,Property Damage Crash,06/14/2023 11:45:00 AM,RIVER RD,NA,SAME DIR REAR END,Clear,WET,Daylight,NO CONTROLS,NONE DETECTED,Yes,No Apparent Injury,"N/A, WET",UNKNOWN,MD,PASSENGER CAR,MOVING CONSTANT SPEED,40,No,2005,SCION,HB,39.04709,-77.26432333,2023,6,11
230028614,Property Damage Crash,06/14/2023 11:45:00 AM,RIVER RD,NA,SAME DIR REAR END,Clear,WET,Daylight,NO CONTROLS,NONE DETECTED,No,No Apparent Injury,"N/A, WET",NOT DISTRACTED,MD,VAN,SLOWING OR STOPPING,40,No,2022,TOYOTA,VN,39.04709,-77.26432333,2023,6,11
230028608,Property Damage Crash,06/14/2023 11:22:00 AM,CEDAR LA,NA,OPPOSITE DIRECTION SIDESWIPE,Cloudy,WET,Daylight,NO CONTROLS,NONE DETECTED,Unknown,No Apparent Injury,"N/A, RAIN, SNOW",NOT DISTRACTED,MD,AMBULANCE/NON EMERGENCY,MOVING CONSTANT SPEED,30,No,2015,FREIGHTLINER,AMBULANCE,39.01195281,-77.09107644,2023,6,11
230028608,Property Damage Crash,06/14/2023 11:22:00 AM,CEDAR LA,NA,OPPOSITE DIRECTION SIDESWIPE,Cloudy,WET,Daylight,NO CONTROLS,NONE DETECTED,Unknown,No Apparent Injury,"N/A, RAIN, SNOW",NOT DISTRACTED,MD,"CARGO VAN/LIGHT TRUCK 2 AXLES (OVER 10,000LBS (4,536 KG))",MOVING CONSTANT SPEED,30,No,2021,FORD,CARGO VAN,39.01195281,-77.09107644,2023,6,11
230028609,Property Damage Crash,06/14/2023 11:00:00 AM,INDUSTRIAL PKWY,NA,STRAIGHT MOVEMENT ANGLE,Rain,WET,Daylight,NO CONTROLS,NONE DETECTED,No,No Apparent Injury,"N/A, WET",NOT DISTRACTED,MD,PASSENGER CAR,MOVING CONSTANT SPEED,25,No,2016,FORD,TK,39.054495,-76.96971833,2023,6,11
230028609,Property Damage Crash,06/14/2023 11:00:00 AM,INDUSTRIAL PKWY,NA,STRAIGHT MOVEMENT ANGLE,Rain,WET,Daylight,NO CONTROLS,NONE DETECTED,Yes,No Apparent Injury,"N/A, WET",LOOKED BUT DID NOT SEE,MD,PASSENGER CAR,MAKING LEFT TURN,25,No,2020,JEEP,LAREDO,39.054495,-76.96971833,2023,6,11
230028603,Injury Crash,06/14/2023 10:53:00 AM,BROADWOOD DR,NA,SINGLE VEHICLE,Rain,WET,Daylight,NO CONTROLS,NONE DETECTED,Yes,Possible Minor Injury,"RAIN, SNOW, WET",UNKNOWN,MD,PASSENGER CAR,MOVING CONSTANT SPEED,25,No,2018,NISSAN,ROGUE,39.07336667,-77.12869667,2023,6,10
230028596,Injury Crash,06/14/2023 10:28:00 AM,CLOPPER RD,NA,HEAD ON LEFT TURN,Rain,WET,Daylight,TRAFFIC SIGNAL,NONE DETECTED,Yes,Possible Minor Injury,"RAIN, SNOW, WET",NOT DISTRACTED,MD,PASSENGER CAR,MAKING LEFT TURN,35,No,2022,HOND,PV,39.14766187,-77.23326643,2023,6,10
230028596,Injury Crash,06/14/2023 10:28:00 AM,CLOPPER RD,NA,HEAD ON LEFT TURN,Rain,WET,Daylight,TRAFFIC SIGNAL,NONE DETECTED,No,No Apparent Injury,"RAIN, SNOW, WET",NOT DISTRACTED,MD,PASSENGER CAR,MOVING CONSTANT SPEED,35,No,2017,DODG,SD,39.14766187,-77.23326643,2023,6,10
230028590,Injury Crash,06/14/2023 10:16:00 AM,OLD COLUMBIA PIKE,NA,SINGLE VEHICLE,Rain,WET,Daylight,NO CONTROLS,NONE DETECTED,Yes,Possible Minor Injury,"RAIN, SNOW, WET",OTHER DISTRACTION,MD,PASSENGER CAR,MOVING CONSTANT SPEED,40,No,2018,CHEVY,EQUINOX,39.07101854,-76.96090729,2023,6,10
230028578,Injury Crash,06/14/2023 08:54:00 AM,GLEN RD,NA,HEAD ON LEFT TURN,Rain,WET,Daylight,NO CONTROLS,NONE DETECTED,No,No Apparent Injury,"RAIN, SNOW, WET",NOT DISTRACTED,MD,PASSENGER CAR,MAKING LEFT TURN,30,No,2017,FORD,SD,39.04642,-77.19264833,2023,6,8
230028578,Injury Crash,06/14/2023 08:54:00 AM,GLEN RD,NA,HEAD ON LEFT TURN,Rain,WET,Daylight,NO CONTROLS,NONE DETECTED,Yes,Possible Minor Injury,"RAIN, SNOW, WET",LOOKED BUT DID NOT SEE,MD,PASSENGER CAR,PASSING,30,No,2016,JEEP,TK,39.04642,-77.19264833,2023,6,8
230028569,Injury Crash,06/14/2023 08:41:00 AM,NA,BICYCLIST,SINGLE VEHICLE,Rain,NA,Daylight,STOP SIGN,NONE DETECTED,No,No Apparent Injury,"RAIN, SNOW, WET",NOT DISTRACTED,MD,PASSENGER CAR,MOVING CONSTANT SPEED,0,No,2007,SCION,TC,39.15624833,-77.21799833,2023,6,8
230028566,Property Damage Crash,06/14/2023 06:54:00 AM,WEXHALL DR,NA,SAME DIRECTION SIDESWIPE,Cloudy,DRY,Daylight,NO CONTROLS,NONE DETECTED,Yes,No Apparent Injury,N/A,NOT DISTRACTED,MD,(SPORT) UTILITY VEHICLE,MOVING CONSTANT SPEED,30,No,2011,HOND,CR-V,39.09345167,-76.93675,2023,6,6
230028557,Injury Crash,06/14/2023 01:07:00 AM,GEORGIA AVE,NA,STRAIGHT MOVEMENT ANGLE,Clear,DRY,Medium,TRAFFIC SIGNAL,NONE DETECTED,Yes,Possible Minor Injury,N/A,UNKNOWN,MD,PASSENGER CAR,MOVING CONSTANT SPEED,30,No,2014,FORD,CMAX,39.04309819,-77.05199053,2023,6,1
230028557,Injury Crash,06/14/2023 01:07:00 AM,GEORGIA AVE,NA,STRAIGHT MOVEMENT ANGLE,Clear,DRY,Medium,TRAFFIC SIGNAL,NONE DETECTED,No,Possible Minor Injury,N/A,NOT DISTRACTED,MD,PASSENGER CAR,MOVING CONSTANT SPEED,30,No,2015,HONDA,ACCORD,39.04309819,-77.05199053,2023,6,1
230028549,Injury Crash,06/13/2023 10:18:00 PM,DEMOCRACY BLVD,NA,SAME DIR REAR END,Clear,DRY,Medium,NO CONTROLS,NONE DETECTED,Yes,Possible Minor Injury,N/A,DIALING CELLULAR PHONE,MD,PASSENGER CAR,MOVING CONSTANT SPEED,35,No,2018,FORD,FOCUS,39.02157364,-77.13733851,2023,6,22
230028549,Injury Crash,06/13/2023 10:18:00 PM,DEMOCRACY BLVD,NA,SAME DIR REAR END,Clear,DRY,Medium,NO CONTROLS,NONE DETECTED,No,No Apparent Injury,N/A,NOT DISTRACTED,NC,PASSENGER CAR,MAKING RIGHT TURN,35,No,2022,TESLA,4S,39.02157364,-77.13733851,2023,6,22
230028606,Property Damage Crash,06/13/2023 09:00:00 PM,NEW HAMPSHIRE AVE,NA,SAME DIR REAR END,Clear,DRY,Medium,TRAFFIC SIGNAL,NONE DETECTED,Yes,No Apparent Injury,N/A,NOT DISTRACTED,NA,PICKUP TRUCK,SLOWING OR STOPPING,35,No,2017,CHEVY,SILVERADO,39.03375849,-76.98623601,2023,6,21
230028606,Property Damage Crash,06/13/2023 09:00:00 PM,NEW HAMPSHIRE AVE,NA,SAME DIR REAR END,Clear,DRY,Medium,TRAFFIC SIGNAL,NONE DETECTED,No,No Apparent Injury,N/A,NOT DISTRACTED,MD,PASSENGER CAR,STOPPED IN TRAFFIC LANE,35,No,2014,HONDA,ACCORD,39.03375849,-76.98623601,2023,6,21
230028536,Property Damage Crash,06/13/2023 08:59:00 PM,NA,NA,SAME DIRECTION SIDESWIPE,Clear,NA,Medium,NO CONTROLS,NONE DETECTED,Yes,No Apparent Injury,N/A,UNKNOWN,MD,POLICE VEHICLE/NON EMERGENCY,MAKING RIGHT TURN,15,No,2017,FORD,INTERCEPTOR,39.02853167,-77.07687333,2023,6,20
230028521,Property Damage Crash,06/13/2023 07:21:00 PM,CONNECTICUT AVE,NA,SAME DIR REAR END,Clear,DRY,Daylight,NO CONTROLS,NONE DETECTED,No,No Apparent Injury,N/A,NOT DISTRACTED,VA,PASSENGER CAR,SLOWING OR STOPPING,35,No,2004,VOLVO,V70,38.9982,-77.07701,2023,6,19
230028521,Property Damage Crash,06/13/2023 07:21:00 PM,CONNECTICUT AVE,NA,SAME DIR REAR END,Clear,DRY,Daylight,NO CONTROLS,NONE DETECTED,No,No Apparent Injury,N/A,NOT DISTRACTED,MD,PASSENGER CAR,SLOWING OR STOPPING,35,No,2022,TOYT,RAV4,38.9982,-77.07701,2023,6,19
230028521,Property Damage Crash,06/13/2023 07:21:00 PM,CONNECTICUT AVE,NA,SAME DIR REAR END,Clear,DRY,Daylight,NO CONTROLS,NONE DETECTED,Yes,No Apparent Injury,N/A,NOT DISTRACTED,VA,"OTHER LIGHT TRUCKS (10,000LBS (4,536KG) OR LESS)",MOVING CONSTANT SPEED,35,No,2011,FORD,TOW,38.9982,-77.07701,2023,6,19
230028520,Property Damage Crash,06/13/2023 07:15:00 PM,FREDERICK RD,NA,ANGLE MEETS LEFT TURN,Clear,DRY,Daylight,NO CONTROLS,NONE DETECTED,No,No Apparent Injury,N/A,NOT DISTRACTED,MD,PASSENGER CAR,MOVING CONSTANT SPEED,40,No,2017,TOYT,SD,39.17544833,-77.23807,2023,6,19
230028520,Property Damage Crash,06/13/2023 07:15:00 PM,FREDERICK RD,NA,ANGLE MEETS LEFT TURN,Clear,DRY,Daylight,NO CONTROLS,NONE DETECTED,Yes,No Apparent Injury,N/A,NOT DISTRACTED,MD,(SPORT) UTILITY VEHICLE,MAKING U TURN,40,No,2013,TOYT,SUV,39.17544833,-77.23807,2023,6,19
230028515,Property Damage Crash,06/13/2023 06:05:00 PM,NA,NA,OTHER,Clear,NA,Daylight,N/A,NONE DETECTED,Yes,No Apparent Injury,N/A,UNKNOWN,NA,NA,BACKING,5,No,0,UNKNOWN,UNKNOWN,39.17114329,-77.26194715,2023,6,18
230028518,Property Damage Crash,06/13/2023 05:40:00 PM,NA,NA,UNKNOWN,Clear,NA,Daylight,N/A,NONE DETECTED,Yes,No Apparent Injury,N/A,UNKNOWN,MD,UNKNOWN,PARKING,15,No,2023,UU,UU,39.05735619,-77.12317986,2023,6,17
230028504,Property Damage Crash,06/13/2023 05:17:00 PM,RIDGE RD,NA,SAME DIR REAR END,Clear,DRY,Daylight,TRAFFIC SIGNAL,NONE DETECTED,No,No Apparent Injury,N/A,NOT DISTRACTED,MD,OTHER,SLOWING OR STOPPING,40,No,2020,VOLKSWAGEN,GTI,39.20187166,-77.25321983,2023,6,17
230028504,Property Damage Crash,06/13/2023 05:17:00 PM,RIDGE RD,NA,SAME DIR REAR END,Clear,DRY,Daylight,TRAFFIC SIGNAL,NONE DETECTED,Yes,No Apparent Injury,N/A,UNKNOWN,MD,PASSENGER CAR,MOVING CONSTANT SPEED,40,No,2022,CHEVROLET,CAMERO,39.20187166,-77.25321983,2023,6,17
230028495,Property Damage Crash,06/13/2023 04:58:00 PM,BROADBIRCH DR,NA,STRAIGHT MOVEMENT ANGLE,Clear,DRY,Daylight,STOP SIGN,NONE DETECTED,Unknown,No Apparent Injury,N/A,UNKNOWN,DC,PASSENGER CAR,ACCELERATING,30,No,2021,HYUNDAI,PALISADE,39.05582567,-76.96607133,2023,6,16
230028495,Property Damage Crash,06/13/2023 04:58:00 PM,BROADBIRCH DR,NA,STRAIGHT MOVEMENT ANGLE,Clear,DRY,Daylight,STOP SIGN,NONE DETECTED,Unknown,No Apparent Injury,N/A,UNKNOWN,MD,PASSENGER CAR,MOVING CONSTANT SPEED,30,No,2022,TOYT,UT,39.05582567,-76.96607133,2023,6,16
230028493,Property Damage Crash,06/13/2023 04:29:00 PM,GATEWAY CENTER DR,NA,SAME DIRECTION SIDESWIPE,Clear,DRY,Daylight,NO CONTROLS,NONE DETECTED,No,No Apparent Injury,N/A,NOT DISTRACTED,MD,SCHOOL BUS,MOVING CONSTANT SPEED,30,No,2021,FRHT,SB,39.22980447,-77.28054139,2023,6,16
230028493,Property Damage Crash,06/13/2023 04:29:00 PM,GATEWAY CENTER DR,NA,SAME DIRECTION SIDESWIPE,Clear,DRY,Daylight,NO CONTROLS,NONE DETECTED,Yes,No Apparent Injury,N/A,UNKNOWN,NA,"CARGO VAN/LIGHT TRUCK 2 AXLES (OVER 10,000LBS (4,536 KG))",MAKING LEFT TURN,30,No,2015,TRUCK,TRUCK,39.22980447,-77.28054139,2023,6,16
230028490,Property Damage Crash,06/13/2023 04:15:00 PM,MUDDY BRANCH RD,NA,SAME DIR REAR END,Clear,DRY,Daylight,NO CONTROLS,NONE DETECTED,Yes,No Apparent Injury,N/A,UNKNOWN,MD,(SPORT) UTILITY VEHICLE,SLOWING OR STOPPING,40,No,2002,NISS,TK,39.12641057,-77.2110619,2023,6,16
230028490,Property Damage Crash,06/13/2023 04:15:00 PM,MUDDY BRANCH RD,NA,SAME DIR REAR END,Clear,DRY,Daylight,NO CONTROLS,NONE DETECTED,No,No Apparent Injury,N/A,NOT DISTRACTED,MD,PASSENGER CAR,STARTING FROM LANE,40,No,2013,HOND,4S,39.12641057,-77.2110619,2023,6,16