Local Case Number,ACRS Report Type,Crash Date/Time,Road Name,Related Non-Motorist,Collision Type,Weather,Surface Condition,Light,Traffic Control,Driver Substance Abuse,Driver At Fault,Injury Severity,Circumstance,Driver Distracted By,Drivers License State,Vehicle Body Type,Vehicle Movement,Speed Limit,Driverless Vehicle,Vehicle Year,Vehicle Make,Vehicle Model,Latitude,Longitude,Year,Month,Hour
230028485,Property Damage Crash,06/13/2023 03:55:00 PM,SAM EIG HWY,NA,SAME DIR REAR END,Clear,DRY,Daylight,TRAFFIC SIGNAL,NONE DETECTED,No,No Apparent Injury,N/A,NOT DISTRACTED,MD,PASSENGER CAR,STOPPED IN TRAFFIC LANE,30,No,2021,JEEP,CHEROKEE,39.109225,-77.21345667,2023,6,15
230028485,Property Damage Crash,06/13/2023 03:55:00 PM,SAM EIG HWY,NA,SAME DIR REAR END,Clear,DRY,Daylight,TRAFFIC SIGNAL,NONE DETECTED,Yes,No Apparent Injury,N/A,LOOKED BUT DID NOT SEE,MD,PASSENGER CAR,SLOWING OR STOPPING,30,No,2013,SUBARU,SW,39.109225,-77.21345667,2023,6,15
230028480,Injury Crash,06/13/2023 03:37:00 PM,UNIVERSITY BLVD E,NA,STRAIGHT MOVEMENT ANGLE,Clear,DRY,Daylight,NO CONTROLS,NONE DETECTED,No,Possible Minor Injury,N/A,UNKNOWN,MD,PASSENGER CAR,MOVING CONSTANT SPEED,35,No,2012,VOLKSWAGEN,PASSAT,38.99265383,-76.9916605,2023,6,15
230028480,Injury Crash,06/13/2023 03:37:00 PM,UNIVERSITY BLVD E,NA,STRAIGHT MOVEMENT ANGLE,Clear,DRY,Daylight,NO CONTROLS,NONE DETECTED,Yes,Possible Minor Injury,N/A,UNKNOWN,MD,PASSENGER CAR,PASSING,25,No,2023,TOYOTA,CAMRY,38.99265383,-76.9916605,2023,6,15
230028491,Property Damage Crash,06/13/2023 03:30:00 PM,NA,NA,STRAIGHT MOVEMENT ANGLE,Clear,NA,Daylight,NO CONTROLS,NONE DETECTED,Yes,No Apparent Injury,N/A,LOOKED BUT DID NOT SEE,MD,PASSENGER CAR,MOVING CONSTANT SPEED,15,No,2012,VOLVO,S60,38.98489,-77.09378283,2023,6,15
230028491,Property Damage Crash,06/13/2023 03:30:00 PM,NA,NA,STRAIGHT MOVEMENT ANGLE,Clear,NA,Daylight,NO CONTROLS,NONE DETECTED,No,No Apparent Injury,N/A,NOT DISTRACTED,MD,PASSENGER CAR,MOVING CONSTANT SPEED,15,No,2019,SUBA,4S,38.98489,-77.09378283,2023,6,15
230028469,Property Damage Crash,06/13/2023 03:03:00 PM,CLARKSBURG RD,NA,SAME DIRECTION SIDESWIPE,Clear,DRY,Daylight,NO CONTROLS,NONE DETECTED,Yes,No Apparent Injury,N/A,UNKNOWN,MD,PASSENGER CAR,MOVING CONSTANT SPEED,15,No,2017,TOYOTA,COROLLA,39.22829622,-77.28886095,2023,6,15
230028469,Property Damage Crash,06/13/2023 03:03:00 PM,CLARKSBURG RD,NA,SAME DIRECTION SIDESWIPE,Clear,DRY,Daylight,NO CONTROLS,NONE DETECTED,No,No Apparent Injury,N/A,NOT DISTRACTED,MD,PASSENGER CAR,MOVING CONSTANT SPEED,15,No,2023,MAZDA,CX-30,39.22829622,-77.28886095,2023,6,15
230028465,Property Damage Crash,06/13/2023 02:12:00 PM,GEORGIA AVE,NA,SAME DIR REAR END,Clear,DRY,Daylight,NO CONTROLS,NONE DETECTED,Yes,No Apparent Injury,N/A,OTHER DISTRACTION,XX,PASSENGER CAR,PASSING,35,No,2016,RAM,1500,39.07062367,-77.06326983,2023,6,14
230028465,Property Damage Crash,06/13/2023 02:12:00 PM,GEORGIA AVE,NA,SAME DIR REAR END,Clear,DRY,Daylight,NO CONTROLS,NONE DETECTED,No,No Apparent Injury,N/A,NOT DISTRACTED,MD,PASSENGER CAR,SLOWING OR STOPPING,15,No,2002,HOND,ACCORD,39.07062367,-77.06326983,2023,6,14
230028446,Property Damage Crash,06/13/2023 01:20:00 PM,NA,NA,HEAD ON,Clear,NA,Daylight,N/A,NONE DETECTED,No,No Apparent Injury,N/A,NOT DISTRACTED,MD,PASSENGER CAR,MOVING CONSTANT SPEED,15,No,2019,GMC,TERRAIN,39.03951783,-76.99479983,2023,6,13
230028446,Property Damage Crash,06/13/2023 01:20:00 PM,NA,NA,HEAD ON,Clear,NA,Daylight,N/A,NONE DETECTED,Yes,No Apparent Injury,N/A,UNKNOWN,MD,PASSENGER CAR,MOVING CONSTANT SPEED,15,No,2012,TOYOTA,CAMRY,39.03951783,-76.99479983,2023,6,13
230028439,Property Damage Crash,06/13/2023 12:48:00 PM,NA,NA,HEAD ON,Clear,NA,Daylight,NO CONTROLS,NONE DETECTED,No,No Apparent Injury,N/A,NOT DISTRACTED,MD,PASSENGER CAR,SLOWING OR STOPPING,10,No,2017,KIA,NERO,39.147795,-77.20758833,2023,6,12
230028439,Property Damage Crash,06/13/2023 12:48:00 PM,NA,NA,HEAD ON,Clear,NA,Daylight,NO CONTROLS,NONE DETECTED,Yes,No Apparent Injury,N/A,UNKNOWN,MD,PASSENGER CAR,MAKING LEFT TURN,10,No,2007,TOYOTA,RAV4,39.147795,-77.20758833,2023,6,12
230028436,Property Damage Crash,06/13/2023 12:46:00 PM,MONTGOMERY VILLAGE AVE,NA,HEAD ON LEFT TURN,Clear,DRY,Daylight,TRAFFIC SIGNAL,NONE DETECTED,No,No Apparent Injury,N/A,NOT DISTRACTED,MD,PASSENGER CAR,MOVING CONSTANT SPEED,35,No,2014,INFINITI,QX60,39.15458833,-77.209195,2023,6,12
230028436,Property Damage Crash,06/13/2023 12:46:00 PM,MONTGOMERY VILLAGE AVE,NA,HEAD ON LEFT TURN,Clear,DRY,Daylight,TRAFFIC SIGNAL,NONE DETECTED,Yes,No Apparent Injury,N/A,UNKNOWN,MD,PASSENGER CAR,MAKING LEFT TURN,35,No,2006,TOYOTA,RAV4,39.15458833,-77.209195,2023,6,12
230028421,Injury Crash,06/13/2023 12:01:00 PM,MONTGOMERY VILLAGE AVE,NA,SAME DIR REAR END,Clear,DRY,Daylight,TRAFFIC SIGNAL,NONE DETECTED,Yes,No Apparent Injury,N/A,INATTENTIVE OR LOST IN THOUGHT,MD,PASSENGER CAR,SLOWING OR STOPPING,35,No,1999,TOYOTA,AVALON,39.15953,-77.20227333,2023,6,12
230028421,Injury Crash,06/13/2023 12:01:00 PM,MONTGOMERY VILLAGE AVE,NA,SAME DIR REAR END,Clear,DRY,Daylight,TRAFFIC SIGNAL,NONE DETECTED,No,Possible Minor Injury,N/A,NOT DISTRACTED,MD,PASSENGER CAR,STOPPED IN TRAFFIC LANE,35,No,1996,HONDA,CIVIC,39.15953,-77.20227333,2023,6,12
230028416,Property Damage Crash,06/13/2023 11:30:00 AM,UNIVERSITY BLVD W,NA,SAME DIRECTION SIDESWIPE,Clear,DRY,Daylight,NO CONTROLS,NONE DETECTED,Yes,No Apparent Injury,N/A,UNKNOWN,NA,PASSENGER CAR,CHANGING LANES,35,No,2005,ACURA,TL,39.02055103,-77.01301798,2023,6,11
230028416,Property Damage Crash,06/13/2023 11:30:00 AM,UNIVERSITY BLVD W,NA,SAME DIRECTION SIDESWIPE,Clear,DRY,Daylight,NO CONTROLS,NONE DETECTED,No,No Apparent Injury,N/A,NOT DISTRACTED,MD,PASSENGER CAR,MOVING CONSTANT SPEED,35,No,2001,SUBARU,OUTBACK,39.02055103,-77.01301798,2023,6,11
230028396,Property Damage Crash,06/13/2023 10:00:00 AM,CHERRY HILL RD,NA,SAME DIRECTION SIDESWIPE,Clear,DRY,Daylight,TRAFFIC SIGNAL,NONE DETECTED,Yes,No Apparent Injury,N/A,UNKNOWN,MD,PASSENGER CAR,CHANGING LANES,40,No,2012,TOYOTA,RAV4,39.05287336,-76.9532811,2023,6,10
230028396,Property Damage Crash,06/13/2023 10:00:00 AM,CHERRY HILL RD,NA,SAME DIRECTION SIDESWIPE,Clear,DRY,Daylight,TRAFFIC SIGNAL,NONE DETECTED,No,No Apparent Injury,N/A,NOT DISTRACTED,MD,PASSENGER CAR,MAKING RIGHT TURN,40,No,2014,HONDA,CIVIC,39.05287336,-76.9532811,2023,6,10
230028399,Property Damage Crash,06/13/2023 09:57:00 AM,WISCONSIN AVE,NA,HEAD ON LEFT TURN,Clear,DRY,Daylight,TRAFFIC SIGNAL,NONE DETECTED,No,No Apparent Injury,N/A,NOT DISTRACTED,MD,PASSENGER CAR,MOVING CONSTANT SPEED,25,No,2012,HOND,CIVIC,38.98823167,-77.09517667,2023,6,9
230028399,Property Damage Crash,06/13/2023 09:57:00 AM,WISCONSIN AVE,NA,HEAD ON LEFT TURN,Clear,DRY,Daylight,TRAFFIC SIGNAL,NONE DETECTED,Yes,No Apparent Injury,N/A,UNKNOWN,XX,PASSENGER CAR,MAKING LEFT TURN,25,No,2014,MAZDA,4D,38.98823167,-77.09517667,2023,6,9
230028394,Property Damage Crash,06/13/2023 09:45:00 AM,TUCKERMAN LA,NA,SINGLE VEHICLE,Clear,DRY,Daylight,N/A,NONE DETECTED,No,No Apparent Injury,"ANIMAL, N/A",NOT DISTRACTED,MD,PASSENGER CAR,MOVING CONSTANT SPEED,35,No,2022,DODGE,CHARGER,39.03790417,-77.14265367,2023,6,9
230028388,Property Damage Crash,06/13/2023 09:30:00 AM,ROBEY RD,NA,SAME DIR REAR END,Clear,DRY,Daylight,NO CONTROLS,NONE DETECTED,No,No Apparent Injury,N/A,NOT DISTRACTED,MD,PASSENGER CAR,MOVING CONSTANT SPEED,30,No,2018,MERZ,CLA250,39.07967382,-76.94481018,2023,6,9
230028388,Property Damage Crash,06/13/2023 09:30:00 AM,ROBEY RD,NA,SAME DIR REAR END,Clear,DRY,Daylight,NO CONTROLS,NONE DETECTED,Yes,No Apparent Injury,N/A,NOT DISTRACTED,NA,NA,MOVING CONSTANT SPEED,30,No,0,UNKNOWN,UNKNOWN,39.07967382,-76.94481018,2023,6,9
23001144,Property Damage Crash,06/13/2023 09:15:00 AM,NA,NA,OTHER,Clear,NA,Daylight,N/A,NONE DETECTED,Yes,No Apparent Injury,N/A,UNKNOWN,MD,ALL TERRAIN VEHICLE (ATV),PARKING,10,No,2000,KABUTO,TK,39.053591,-77.028105300000007,2023,6,9
230028386,Injury Crash,06/13/2023 09:00:00 AM,COLUMBIA PIKE,NA,SAME DIRECTION LEFT TURN,Clear,DRY,Daylight,NO CONTROLS,NONE DETECTED,Yes,Possible Minor Injury,N/A,LOOKED BUT DID NOT SEE,MD,PASSENGER CAR,CHANGING LANES,50,No,2020,MERZ,SUV,39.09616333,-76.93774667,2023,6,9
230028386,Injury Crash,06/13/2023 09:00:00 AM,COLUMBIA PIKE,NA,SAME DIRECTION LEFT TURN,Clear,DRY,Daylight,NO CONTROLS,NONE DETECTED,No,No Apparent Injury,N/A,NOT DISTRACTED,MD,PASSENGER CAR,MOVING CONSTANT SPEED,50,No,2010,HONDA,UT,39.09616333,-76.93774667,2023,6,9
230028376,Property Damage Crash,06/13/2023 08:30:00 AM,ROCKVILLE PIKE,NA,ANGLE MEETS RIGHT TURN,Clear,DRY,Daylight,TRAFFIC SIGNAL,NONE DETECTED,Yes,No Apparent Injury,N/A,LOOKED BUT DID NOT SEE,MD,PASSENGER CAR,RIGHT TURN ON RED,45,No,2023,TESLA,MODEL 3,39.06658717,-77.12819683,2023,6,8
230028376,Property Damage Crash,06/13/2023 08:30:00 AM,ROCKVILLE PIKE,NA,ANGLE MEETS RIGHT TURN,Clear,DRY,Daylight,TRAFFIC SIGNAL,NONE DETECTED,No,No Apparent Injury,N/A,NOT DISTRACTED,MD,PICKUP TRUCK,MOVING CONSTANT SPEED,45,No,2009,TOYOTA,TAKOMA,39.06658717,-77.12819683,2023,6,8
230028375,Property Damage Crash,06/13/2023 08:20:00 AM,RESEARCH BLVD,NA,HEAD ON,Clear,DRY,Daylight,NO CONTROLS,NONE DETECTED,Yes,No Apparent Injury,N/A,NOT DISTRACTED,MD,PASSENGER CAR,MOVING CONSTANT SPEED,30,No,2009,JEEP,UT,39.09541899,-77.1806587,2023,6,8
230028375,Property Damage Crash,06/13/2023 08:20:00 AM,RESEARCH BLVD,NA,HEAD ON,Clear,DRY,Daylight,NO CONTROLS,NONE DETECTED,No,No Apparent Injury,N/A,NOT DISTRACTED,MD,PASSENGER CAR,SLOWING OR STOPPING,30,No,2005,TOYT,4S,39.09541899,-77.1806587,2023,6,8
230028375,Property Damage Crash,06/13/2023 08:20:00 AM,RESEARCH BLVD,NA,HEAD ON,Clear,DRY,Daylight,NO CONTROLS,NONE DETECTED,No,No Apparent Injury,N/A,NOT DISTRACTED,MD,PASSENGER CAR,MOVING CONSTANT SPEED,30,No,2015,LEXS,4S,39.09541899,-77.1806587,2023,6,8
230028368,Property Damage Crash,06/13/2023 08:00:00 AM,GEORGIA AVE,NA,SAME DIR REAR END,Clear,DRY,Daylight,TRAFFIC SIGNAL,NONE DETECTED,Yes,No Apparent Injury,N/A,UNKNOWN,DC,PASSENGER CAR,MOVING CONSTANT SPEED,35,No,2008,CHEVY,UPLANDER,39.08738133,-77.0797105,2023,6,8
230028368,Property Damage Crash,06/13/2023 08:00:00 AM,GEORGIA AVE,NA,SAME DIR REAR END,Clear,DRY,Daylight,TRAFFIC SIGNAL,NONE DETECTED,No,No Apparent Injury,N/A,UNKNOWN,MD,PASSENGER CAR,SLOWING OR STOPPING,35,No,2006,HONDA,CRV,39.08738133,-77.0797105,2023,6,8
230028367,Injury Crash,06/13/2023 07:35:00 AM,E RANDOLPH RD,BICYCLIST,SINGLE VEHICLE,Clear,DRY,Daylight,NO CONTROLS,NONE DETECTED,Yes,No Apparent Injury,N/A,UNKNOWN,MD,PASSENGER CAR,ENTERING TRAFFIC LANE,25,No,2018,TOYOTA,HIGHLANDER,39.06396833,-76.96740333,2023,6,7
230028361,Injury Crash,06/13/2023 04:31:00 AM,COLUMBIA PIKE,NA,OTHER,Clear,DRY,Medium,NO CONTROLS,NONE DETECTED,Yes,Possible Minor Injury,N/A,INATTENTIVE OR LOST IN THOUGHT,MD,PASSENGER CAR,MOVING CONSTANT SPEED,50,No,2004,HONDA,ODYSSEY,39.04524933,-76.989642,2023,6,4
230028361,Injury Crash,06/13/2023 04:31:00 AM,COLUMBIA PIKE,NA,OTHER,Clear,DRY,Medium,NO CONTROLS,NONE DETECTED,No,No Apparent Injury,N/A,NOT DISTRACTED,MD,PASSENGER CAR,MOVING CONSTANT SPEED,50,No,2012,FORD,EDGE,39.04524933,-76.989642,2023,6,4
230028355,Property Damage Crash,06/13/2023 12:36:00 AM,GEORGIA AVE,NA,SINGLE VEHICLE,Clear,DRY,Medium,NO CONTROLS,NONE DETECTED,Yes,No Apparent Injury,N/A,INATTENTIVE OR LOST IN THOUGHT,MD,PASSENGER CAR,MAKING U TURN,40,No,2013,HONDA,CRV,39.166728,-77.06008167,2023,6,0
230028349,Property Damage Crash,06/12/2023 10:19:00 PM,UNIVERSITY BLVD W,NA,STRAIGHT MOVEMENT ANGLE,Clear,DRY,Medium,TRAFFIC SIGNAL,NONE DETECTED,No,No Apparent Injury,N/A,NOT DISTRACTED,MD,PASSENGER CAR,STARTING FROM LANE,35,No,2005,TOYOTA,COROLLA,39.04125437,-77.04826522,2023,6,22
230028349,Property Damage Crash,06/12/2023 10:19:00 PM,UNIVERSITY BLVD W,NA,STRAIGHT MOVEMENT ANGLE,Clear,DRY,Medium,TRAFFIC SIGNAL,NONE DETECTED,Yes,No Apparent Injury,N/A,UNKNOWN,MD,PASSENGER CAR,MOVING CONSTANT SPEED,35,No,1998,TOYOTA,COROLLA,39.04125437,-77.04826522,2023,6,22
230028308,Injury Crash,06/12/2023 06:10:00 PM,BRIGGS CHANEY RD,NA,ANGLE MEETS LEFT HEAD ON,Rain,WET,Daylight,STOP SIGN,NONE DETECTED,No,Possible Minor Injury,"N/A, WET",NOT DISTRACTED,MD,(SPORT) UTILITY VEHICLE,MOVING CONSTANT SPEED,30,No,2014,BMW,WG,39.10815633,-76.99686667,2023,6,18
230028308,Injury Crash,06/12/2023 06:10:00 PM,BRIGGS CHANEY RD,NA,ANGLE MEETS LEFT HEAD ON,Rain,WET,Daylight,STOP SIGN,NONE DETECTED,Yes,Possible Minor Injury,"N/A, WET",LOOKED BUT DID NOT SEE,MD,(SPORT) UTILITY VEHICLE,MAKING LEFT TURN,30,No,2017,TOYOTA,RAV4,39.10815633,-76.99686667,2023,6,18
230028304,Property Damage Crash,06/12/2023 05:47:00 PM,MONTGOMERY VILLAGE AVE,NA,SAME DIR REAR END,Cloudy,WET,Daylight,TRAFFIC SIGNAL,NONE DETECTED,No,No Apparent Injury,N/A,NOT DISTRACTED,MD,PASSENGER CAR,STOPPED IN TRAFFIC LANE,35,No,2016,MAZD,4S,39.15273481,-77.21204412,2023,6,17
230028304,Property Damage Crash,06/12/2023 05:47:00 PM,MONTGOMERY VILLAGE AVE,NA,SAME DIR REAR END,Cloudy,WET,Daylight,TRAFFIC SIGNAL,NONE DETECTED,Yes,No Apparent Injury,N/A,INATTENTIVE OR LOST IN THOUGHT,MD,TRANSIT BUS,STOPPED IN TRAFFIC LANE,35,No,2016,GILL,BU,39.15273481,-77.21204412,2023,6,17
230028302,Property Damage Crash,06/12/2023 05:38:00 PM,OBSERVATION DR,NA,STRAIGHT MOVEMENT ANGLE,Clear,DRY,Daylight,TRAFFIC SIGNAL,NONE DETECTED,No,No Apparent Injury,N/A,NOT DISTRACTED,MD,(SPORT) UTILITY VEHICLE,MOVING CONSTANT SPEED,35,No,2016,NISSAN,ROGUE,39.18421167,-77.2638,2023,6,17
230028302,Property Damage Crash,06/12/2023 05:38:00 PM,OBSERVATION DR,NA,STRAIGHT MOVEMENT ANGLE,Clear,DRY,Daylight,TRAFFIC SIGNAL,NONE DETECTED,Yes,No Apparent Injury,N/A,UNKNOWN,MD,(SPORT) UTILITY VEHICLE,MOVING CONSTANT SPEED,35,No,2008,NISSAN,ARMADA,39.18421167,-77.2638,2023,6,17
230028299,Property Damage Crash,06/12/2023 05:26:00 PM,GEORGIA AVE,NA,STRAIGHT MOVEMENT ANGLE,Cloudy,WET,Daylight,TRAFFIC SIGNAL,NONE DETECTED,Yes,No Apparent Injury,N/A,NOT DISTRACTED,MD,(SPORT) UTILITY VEHICLE,MAKING LEFT TURN,30,No,2022,CHEV,EQUINOX,39.15040783,-77.0667254,2023,6,17
230028299,Property Damage Crash,06/12/2023 05:26:00 PM,GEORGIA AVE,NA,STRAIGHT MOVEMENT ANGLE,Cloudy,WET,Daylight,TRAFFIC SIGNAL,NONE DETECTED,No,No Apparent Injury,N/A,NOT DISTRACTED,MD,(SPORT) UTILITY VEHICLE,MOVING CONSTANT SPEED,30,No,2016,HOND,PILOT,39.15040783,-77.0667254,2023,6,17
230028295,Property Damage Crash,06/12/2023 04:50:00 PM,UNIVERSITY BLVD E,NA,STRAIGHT MOVEMENT ANGLE,Cloudy,WET,Daylight,NO CONTROLS,NONE DETECTED,Yes,No Apparent Injury,"N/A, WET",LOOKED BUT DID NOT SEE,MD,PASSENGER CAR,MOVING CONSTANT SPEED,30,No,2014,HONDA,PILOT,38.992505,-76.99160167,2023,6,16
230028295,Property Damage Crash,06/12/2023 04:50:00 PM,UNIVERSITY BLVD E,NA,STRAIGHT MOVEMENT ANGLE,Cloudy,WET,Daylight,NO CONTROLS,NONE DETECTED,No,No Apparent Injury,"N/A, WET",LOOKED BUT DID NOT SEE,MD,"OTHER LIGHT TRUCKS (10,000LBS (4,536KG) OR LESS)",MOVING CONSTANT SPEED,5,No,2021,FORD,UT,38.992505,-76.99160167,2023,6,16
230028293,Injury Crash,06/12/2023 04:43:00 PM,KEY WEST AVE,NA,SAME DIR REAR END,Rain,WET,Daylight,NO CONTROLS,NONE DETECTED,No,No Apparent Injury,"RAIN, SNOW, WET",NOT DISTRACTED,MD,PASSENGER CAR,STOPPED IN TRAFFIC LANE,45,No,2023,TOYT,SD,39.10528383,-77.19605333,2023,6,16
230028293,Injury Crash,06/12/2023 04:43:00 PM,KEY WEST AVE,NA,SAME DIR REAR END,Rain,WET,Daylight,NO CONTROLS,NONE DETECTED,No,No Apparent Injury,"RAIN, SNOW, WET",NOT DISTRACTED,MD,PASSENGER CAR,SLOWING OR STOPPING,45,No,2006,MAZD,4S,39.10528383,-77.19605333,2023,6,16
230028293,Injury Crash,06/12/2023 04:43:00 PM,KEY WEST AVE,NA,SAME DIR REAR END,Rain,WET,Daylight,NO CONTROLS,NONE DETECTED,Yes,No Apparent Injury,"RAIN, SNOW, WET",NOT DISTRACTED,MD,PASSENGER CAR,SLOWING OR STOPPING,45,No,2003,ACUR,TK,39.10528383,-77.19605333,2023,6,16
230028293,Injury Crash,06/12/2023 04:43:00 PM,KEY WEST AVE,NA,SAME DIR REAR END,Rain,WET,Daylight,NO CONTROLS,NONE DETECTED,No,Possible Minor Injury,"RAIN, SNOW, WET",NOT DISTRACTED,MD,PASSENGER CAR,STOPPED IN TRAFFIC LANE,45,No,2013,HYUN,SD,39.10528383,-77.19605333,2023,6,16
230028275,Property Damage Crash,06/12/2023 04:14:00 PM,OLNEY SANDY SPRING RD,NA,STRAIGHT MOVEMENT ANGLE,Rain,WET,Daylight,NO CONTROLS,NONE DETECTED,No,No Apparent Injury,"N/A, WET",NOT DISTRACTED,MD,VAN,MOVING CONSTANT SPEED,40,No,2016,HOND,VN,39.14927667,-77.01362167,2023,6,16
230028275,Property Damage Crash,06/12/2023 04:14:00 PM,OLNEY SANDY SPRING RD,NA,STRAIGHT MOVEMENT ANGLE,Rain,WET,Daylight,NO CONTROLS,NONE DETECTED,Yes,No Apparent Injury,"N/A, WET",LOOKED BUT DID NOT SEE,MD,(SPORT) UTILITY VEHICLE,RIGHT TURN ON RED,40,No,1997,TOYT,4 RUNNER,39.14927667,-77.01362167,2023,6,16
230028279,Property Damage Crash,06/12/2023 04:11:00 PM,COLUMBIA PIKE,NA,SAME DIRECTION SIDESWIPE,Rain,WET,Daylight,NO CONTROLS,NONE DETECTED,No,No Apparent Injury,"RAIN, SNOW, WET",NOT DISTRACTED,MD,SCHOOL BUS,MOVING CONSTANT SPEED,20,No,2019,THOMAS BUILT,HDX,39.08360557,-76.94810723,2023,6,16
230028279,Property Damage Crash,06/12/2023 04:11:00 PM,COLUMBIA PIKE,NA,SAME DIRECTION SIDESWIPE,Rain,WET,Daylight,NO CONTROLS,NONE DETECTED,Yes,No Apparent Injury,"RAIN, SNOW, WET",OTHER DISTRACTION,MD,PASSENGER CAR,MOVING CONSTANT SPEED,20,No,2012,DODGE,JOURNEY,39.08360557,-76.94810723,2023,6,16
230028272,Property Damage Crash,06/12/2023 03:55:00 PM,NEEDWOOD RD,NA,OTHER,Rain,WET,Daylight,N/A,NONE DETECTED,No,No Apparent Injury,"ANIMAL, N/A",NOT DISTRACTED,MD,SCHOOL BUS,MOVING CONSTANT SPEED,35,No,2021,THOMAS,BUS,39.12538,-77.15641167,2023,6,15
230028298,Property Damage Crash,06/12/2023 03:40:00 PM,WAYNE AVE,NA,SAME DIR REAR END,Rain,WET,Daylight,TRAFFIC SIGNAL,NONE DETECTED,No,No Apparent Injury,N/A,NOT DISTRACTED,MD,TRANSIT BUS,STOPPED IN TRAFFIC LANE,25,No,2009,GILL,HY,38.999902229999996,-77.01320158,2023,6,15
230028298,Property Damage Crash,06/12/2023 03:40:00 PM,WAYNE AVE,NA,SAME DIR REAR END,Rain,WET,Daylight,TRAFFIC SIGNAL,NONE DETECTED,Yes,No Apparent Injury,N/A,UNKNOWN,MD,PASSENGER CAR,MOVING CONSTANT SPEED,25,No,2018,HYUN,ELANTRA,38.999902229999996,-77.01320158,2023,6,15
230028257,Injury Crash,06/12/2023 03:09:00 PM,RANDOLPH RD,PEDESTRIAN,STRAIGHT MOVEMENT ANGLE,Rain,WET,Daylight,TRAFFIC SIGNAL,NONE DETECTED,No,No Apparent Injury,"RAIN, SNOW, WET",NOT DISTRACTED,MD,PASSENGER CAR,STARTING FROM LANE,40,No,2012,JEEP,WHTE,39.05843513,-77.0498156,2023,6,15
230028259,Injury Crash,06/12/2023 03:02:00 PM,EMORY LA,NA,SINGLE VEHICLE,Rain,WET,Daylight,NO CONTROLS,NONE DETECTED,Yes,Possible Minor Injury,"RAIN, SNOW, WET",NOT DISTRACTED,MD,PASSENGER CAR,SKIDDING,25,No,2004,HYUNDAI,ELANTRA,39.11744717,-77.09845667,2023,6,15
230028254,Injury Crash,06/12/2023 02:50:00 PM,WOODFIELD RD,NA,SAME DIR REAR END,Rain,WET,Daylight,NO CONTROLS,NONE DETECTED,No,Possible Minor Injury,"N/A, WET",NOT DISTRACTED,MD,(SPORT) UTILITY VEHICLE,STOPPED IN TRAFFIC LANE,40,No,2013,JEEP,WRANGLER,39.22792,-77.17734833,2023,6,14
230028254,Injury Crash,06/12/2023 02:50:00 PM,WOODFIELD RD,NA,SAME DIR REAR END,Rain,WET,Daylight,NO CONTROLS,NONE DETECTED,Yes,Possible Minor Injury,"N/A, WET",LOOKED BUT DID NOT SEE,MD,PICKUP TRUCK,MOVING CONSTANT SPEED,40,No,2002,TOYT,TAKOMA,39.22792,-77.17734833,2023,6,14
230028256,Property Damage Crash,06/12/2023 02:45:00 PM,RIVER RD,NA,SINGLE VEHICLE,Rain,WET,Daylight,N/A,NONE DETECTED,Yes,No Apparent Injury,"RAIN, SNOW, WET",NOT DISTRACTED,MD,PICKUP TRUCK,MOVING CONSTANT SPEED,35,No,2009,TOYT,PICKUP,39.003719,-77.18460083,2023,6,14
230028264,Property Damage Crash,06/12/2023 02:40:00 PM,RIVER RD,NA,SAME DIR REAR END,Cloudy,WET,Daylight,TRAFFIC SIGNAL,NONE DETECTED,No,No Apparent Injury,"N/A, WET",NOT DISTRACTED,MD,PASSENGER CAR,STOPPED IN TRAFFIC LANE,35,No,2023,CHEV,SILVERADO,38.97227728,-77.12051943,2023,6,14
230028264,Property Damage Crash,06/12/2023 02:40:00 PM,RIVER RD,NA,SAME DIR REAR END,Cloudy,WET,Daylight,TRAFFIC SIGNAL,NONE DETECTED,Yes,No Apparent Injury,"N/A, WET",UNKNOWN,XX,PASSENGER CAR,SLOWING OR STOPPING,35,No,2023,JEEP,WRANGLER,38.97227728,-77.12051943,2023,6,14
230028253,Injury Crash,06/12/2023 02:38:00 PM,MIDDLEBROOK RD,NA,STRAIGHT MOVEMENT ANGLE,Rain,WET,Daylight,TRAFFIC SIGNAL,NONE DETECTED,Yes,Possible Minor Injury,"RAIN, SNOW, WET",LOOKED BUT DID NOT SEE,MD,PASSENGER CAR,MOVING CONSTANT SPEED,45,No,2017,NISSAN,ROGUE,39.18032667,-77.26846,2023,6,14
230028253,Injury Crash,06/12/2023 02:38:00 PM,MIDDLEBROOK RD,NA,STRAIGHT MOVEMENT ANGLE,Rain,WET,Daylight,TRAFFIC SIGNAL,NONE DETECTED,Yes,No Apparent Injury,"RAIN, SNOW, WET",LOOKED BUT DID NOT SEE,MD,PASSENGER CAR,MOVING CONSTANT SPEED,45,No,2022,TOYOTA,CAMARY,39.18032667,-77.26846,2023,6,14
230028249,Injury Crash,06/12/2023 02:29:00 PM,GREENTREE RD,NA,STRAIGHT MOVEMENT ANGLE,Rain,WET,Daylight,STOP SIGN,NONE DETECTED,No,Possible Minor Injury,"RAIN, SNOW, WET",NOT DISTRACTED,MD,PASSENGER CAR,MOVING CONSTANT SPEED,30,No,2011,NISSAN,VERSA,39.001035,-77.12112167,2023,6,14
230028249,Injury Crash,06/12/2023 02:29:00 PM,GREENTREE RD,NA,STRAIGHT MOVEMENT ANGLE,Rain,WET,Daylight,STOP SIGN,NONE DETECTED,Yes,No Apparent Injury,"RAIN, SNOW, WET",NOT DISTRACTED,VA,"OTHER LIGHT TRUCKS (10,000LBS (4,536KG) OR LESS)",STARTING FROM LANE,30,No,2019,FORD,F250,39.001035,-77.12112167,2023,6,14
230028230,Property Damage Crash,06/12/2023 12:54:00 PM,WATKINS MILL RD,NA,HEAD ON LEFT TURN,Rain,WET,Daylight,TRAFFIC SIGNAL,NONE DETECTED,No,No Apparent Injury,"RAIN, SNOW, WET",NOT DISTRACTED,MD,PASSENGER CAR,MOVING CONSTANT SPEED,30,No,2020,HYUN,SONATA,39.15790101,-77.19177715,2023,6,12
230028230,Property Damage Crash,06/12/2023 12:54:00 PM,WATKINS MILL RD,NA,HEAD ON LEFT TURN,Rain,WET,Daylight,TRAFFIC SIGNAL,NONE DETECTED,Yes,No Apparent Injury,"RAIN, SNOW, WET",UNKNOWN,MD,PASSENGER CAR,MAKING LEFT TURN,30,No,2015,TOYT,RAV4,39.15790101,-77.19177715,2023,6,12
230028239,Property Damage Crash,06/12/2023 12:21:00 PM,RIVER RD,NA,STRAIGHT MOVEMENT ANGLE,Cloudy,WET,Daylight,NO CONTROLS,NONE DETECTED,No,No Apparent Injury,"RAIN, SNOW, WET",LOOKED BUT DID NOT SEE,MD,PASSENGER CAR,MOVING CONSTANT SPEED,35,No,2016,CHEV,MALIBU,38.96483033,-77.1037765,2023,6,12
230028239,Property Damage Crash,06/12/2023 12:21:00 PM,RIVER RD,NA,STRAIGHT MOVEMENT ANGLE,Cloudy,WET,Daylight,NO CONTROLS,NONE DETECTED,Yes,No Apparent Injury,"RAIN, SNOW, WET",LOOKED BUT DID NOT SEE,MD,PASSENGER CAR,MAKING LEFT TURN,35,No,2018,VOLK,PASSAT,38.96483033,-77.1037765,2023,6,12