Local Case Number,ACRS Report Type,Crash Date/Time,Road Name,Related Non-Motorist,Collision Type,Weather,Surface Condition,Light,Traffic Control,Driver Substance Abuse,Driver At Fault,Injury Severity,Circumstance,Driver Distracted By,Drivers License State,Vehicle Body Type,Vehicle Movement,Speed Limit,Driverless Vehicle,Vehicle Year,Vehicle Make,Vehicle Model,Latitude,Longitude,Year,Month,Hour
230031046,Property Damage Crash,06/12/2023 11:45:00 AM,NA,NA,OTHER,Cloudy,NA,Daylight,N/A,NONE DETECTED,Yes,No Apparent Injury,N/A,NOT DISTRACTED,MD,PICKUP TRUCK,BACKING,0,No,2014,CHEVROLET,SILVERADO,39.04541853,-77.1093937,2023,6,11
230028268,Property Damage Crash,06/12/2023 11:30:00 AM,ASPEN HILL RD,NA,SAME DIRECTION RIGHT TURN,Rain,WET,Daylight,TRAFFIC SIGNAL,NONE DETECTED,No,No Apparent Injury,"RAIN, SNOW, WET",NOT DISTRACTED,MD,PASSENGER CAR,MAKING RIGHT TURN,25,No,2003,ACURA,MDX,39.06951862,-77.10455684,2023,6,11
230028268,Property Damage Crash,06/12/2023 11:30:00 AM,ASPEN HILL RD,NA,SAME DIRECTION RIGHT TURN,Rain,WET,Daylight,TRAFFIC SIGNAL,NONE DETECTED,Yes,No Apparent Injury,"RAIN, SNOW, WET",UNKNOWN,NA,PASSENGER CAR,MAKING RIGHT TURN,25,No,2008,HONDA,CRV,39.06951862,-77.10455684,2023,6,11
230028300,Property Damage Crash,06/12/2023 11:00:00 AM,NA,NA,OTHER,Clear,NA,Daylight,NO CONTROLS,NONE DETECTED,Yes,No Apparent Injury,N/A,UNKNOWN,MD,POLICE VEHICLE/NON EMERGENCY,MOVING CONSTANT SPEED,5,No,2015,NISSAN,SENTRA,39.1914798,-77.26562989,2023,6,11
230028783,Injury Crash,06/12/2023 11:00:00 AM,NA,PEDESTRIAN,OTHER,Clear,NA,Daylight,NO CONTROLS,NONE DETECTED,Yes,No Apparent Injury,N/A,NOT DISTRACTED,CA,VAN,PARKING,5,No,2017,FORD,VAN,39.13853167,-77.19218333,2023,6,11
230028197,Injury Crash,06/12/2023 10:00:00 AM,BRUNETT AVE,PEDESTRIAN,OTHER,Cloudy,DRY,Daylight,STOP SIGN,NONE DETECTED,Yes,No Apparent Injury,N/A,LOOKED BUT DID NOT SEE,MD,(SPORT) UTILITY VEHICLE,STARTING FROM LANE,25,No,2018,CADILLAC,XTS,39.02286,-77.01693667,2023,6,10
230028190,Injury Crash,06/12/2023 09:12:00 AM,NEW HAMPSHIRE AVE,NA,STRAIGHT MOVEMENT ANGLE,Cloudy,DRY,Daylight,STOP SIGN,NONE DETECTED,Yes,Possible Minor Injury,N/A,NOT DISTRACTED,MD,PASSENGER CAR,MAKING LEFT TURN,25,No,2019,INFINITY,QX30,39.06393167,-76.99930833,2023,6,9
230028190,Injury Crash,06/12/2023 09:12:00 AM,NEW HAMPSHIRE AVE,NA,STRAIGHT MOVEMENT ANGLE,Cloudy,DRY,Daylight,STOP SIGN,NONE DETECTED,No,Possible Minor Injury,N/A,NOT DISTRACTED,MD,PASSENGER CAR,MOVING CONSTANT SPEED,40,No,2023,NISSAN,SENTRA,39.06393167,-76.99930833,2023,6,9
230028183,Property Damage Crash,06/12/2023 08:34:00 AM,1900 VEIRS MILL RD,NA,OTHER,Clear,DRY,Daylight,NO CONTROLS,NONE DETECTED,Yes,No Apparent Injury,N/A,UNKNOWN,MD,PASSENGER CAR,MOVING CONSTANT SPEED,35,No,2002,CHEV,TK,39.075399,-77.11720983,2023,6,8
230028183,Property Damage Crash,06/12/2023 08:34:00 AM,1900 VEIRS MILL RD,NA,OTHER,Clear,DRY,Daylight,NO CONTROLS,NONE DETECTED,No,No Apparent Injury,N/A,UNKNOWN,MD,PASSENGER CAR,N/A,35,No,2019,TOYT,TK,39.075399,-77.11720983,2023,6,8
230028180,Property Damage Crash,06/12/2023 08:20:00 AM,BEL PRE RD,NA,SAME DIR REAR END,Clear,DRY,Daylight,NO CONTROLS,NONE DETECTED,No,No Apparent Injury,N/A,NOT DISTRACTED,MD,PASSENGER CAR,SLOWING OR STOPPING,35,No,2018,HOND,PILOT,39.09041333,-77.04975333,2023,6,8
230028180,Property Damage Crash,06/12/2023 08:20:00 AM,BEL PRE RD,NA,SAME DIR REAR END,Clear,DRY,Daylight,NO CONTROLS,NONE DETECTED,Yes,No Apparent Injury,N/A,NOT DISTRACTED,MD,PASSENGER CAR,MOVING CONSTANT SPEED,35,No,2018,JEEP,TRAILHAWK,39.09041333,-77.04975333,2023,6,8
230028184,Property Damage Crash,06/12/2023 08:00:00 AM,FREDERICK RD,NA,SAME DIR REAR END,Cloudy,DRY,Daylight,TRAFFIC SIGNAL,NONE DETECTED,Yes,No Apparent Injury,N/A,LOOKED BUT DID NOT SEE,MD,PICKUP TRUCK,MOVING CONSTANT SPEED,40,No,2019,DODGE,RAM,39.19204664,-77.24272888,2023,6,8
230028184,Property Damage Crash,06/12/2023 08:00:00 AM,FREDERICK RD,NA,SAME DIR REAR END,Cloudy,DRY,Daylight,TRAFFIC SIGNAL,NONE DETECTED,No,No Apparent Injury,N/A,NOT DISTRACTED,MD,PASSENGER CAR,STOPPED IN TRAFFIC LANE,40,No,2019,HONDA,ACCORD,39.19204664,-77.24272888,2023,6,8
230028168,Property Damage Crash,06/12/2023 06:33:00 AM,SHADY GROVE RD,NA,SAME DIR BOTH LEFT TURN,Clear,DRY,Daylight,TRAFFIC SIGNAL,NONE DETECTED,No,No Apparent Injury,N/A,NOT DISTRACTED,MD,TRANSIT BUS,MAKING LEFT TURN,35,No,2019,GILG BU,BUS,39.14139667,-77.152245,2023,6,6
230028168,Property Damage Crash,06/12/2023 06:33:00 AM,SHADY GROVE RD,NA,SAME DIR BOTH LEFT TURN,Clear,DRY,Daylight,TRAFFIC SIGNAL,NONE DETECTED,Yes,No Apparent Injury,N/A,NOT DISTRACTED,MD,SCHOOL BUS,MAKING LEFT TURN,35,No,2020,THOMAS,BUS,39.14139667,-77.152245,2023,6,6
230028154,Property Damage Crash,06/12/2023 01:23:00 AM,FENTON ST,NA,STRAIGHT MOVEMENT ANGLE,Clear,N/A,Medium,FLASHING TRAFFIC SIGNAL,NONE DETECTED,No,No Apparent Injury,N/A,NOT DISTRACTED,MD,PASSENGER CAR,STARTING FROM LANE,35,No,2016,MERCEDES,SUV,38.99024818,-77.02402443,2023,6,1
230028154,Property Damage Crash,06/12/2023 01:23:00 AM,FENTON ST,NA,STRAIGHT MOVEMENT ANGLE,Clear,N/A,Medium,FLASHING TRAFFIC SIGNAL,NONE DETECTED,Yes,No Apparent Injury,N/A,NOT DISTRACTED,MD,PASSENGER CAR,MOVING CONSTANT SPEED,35,No,2008,TOYOTA,4RUNNER,38.99024818,-77.02402443,2023,6,1
230028150,Property Damage Crash,06/12/2023 12:56:00 AM,PINECROFT CT,NA,STRAIGHT MOVEMENT ANGLE,Clear,DRY,Medium,NO CONTROLS,NONE DETECTED,Yes,No Apparent Injury,N/A,UNKNOWN,MD,PASSENGER CAR,MOVING CONSTANT SPEED,10,No,0,KIA,SORENTO,39.1540271,-77.1609588,2023,6,0
230028150,Property Damage Crash,06/12/2023 12:56:00 AM,PINECROFT CT,NA,STRAIGHT MOVEMENT ANGLE,Clear,DRY,Medium,NO CONTROLS,NONE DETECTED,No,No Apparent Injury,N/A,NOT DISTRACTED,MD,PASSENGER CAR,N/A,10,No,2019,GMC,TERRAIN,39.1540271,-77.1609588,2023,6,0
230028134,Injury Crash,06/11/2023 09:30:00 PM,VEIRS MILL RD,NA,STRAIGHT MOVEMENT ANGLE,Clear,DRY,Medium,TRAFFIC SIGNAL,NONE DETECTED,Yes,Possible Minor Injury,N/A,LOOKED BUT DID NOT SEE,MD,PASSENGER CAR,MAKING RIGHT TURN,40,No,2021,TOYOTA,VENZA,39.0748925,-77.11546933,2023,6,21
230028134,Injury Crash,06/11/2023 09:30:00 PM,VEIRS MILL RD,NA,STRAIGHT MOVEMENT ANGLE,Clear,DRY,Medium,TRAFFIC SIGNAL,NONE DETECTED,No,Possible Minor Injury,N/A,NOT DISTRACTED,MD,PASSENGER CAR,MOVING CONSTANT SPEED,40,No,2018,CHEVY,SUBURBAN,39.0748925,-77.11546933,2023,6,21
230028127,Injury Crash,06/11/2023 08:53:00 PM,COLUMBIA PIKE,NA,SAME DIR REAR END,Clear,DRY,Medium,TRAFFIC SIGNAL,NONE DETECTED,Yes,Possible Minor Injury,N/A,UNKNOWN,DC,PASSENGER CAR,SLOWING OR STOPPING,50,No,2017,TOYOTA,CAMRY,39.07377967,-76.9555255,2023,6,20
230028127,Injury Crash,06/11/2023 08:53:00 PM,COLUMBIA PIKE,NA,SAME DIR REAR END,Clear,DRY,Medium,TRAFFIC SIGNAL,NONE DETECTED,No,Possible Minor Injury,N/A,NOT DISTRACTED,MD,PASSENGER CAR,STOPPED IN TRAFFIC LANE,50,No,2018,DODGE,CHARGER,39.07377967,-76.9555255,2023,6,20
230028119,Property Damage Crash,06/11/2023 07:56:00 PM,ROCKVILLE PIKE,NA,HEAD ON LEFT TURN,Cloudy,DRY,Medium,TRAFFIC SIGNAL,NONE DETECTED,No,No Apparent Injury,N/A,NOT DISTRACTED,MD,PASSENGER CAR,MOVING CONSTANT SPEED,35,No,2016,DODG,DURANGO,39.06197733,-77.12414252,2023,6,19
230028119,Property Damage Crash,06/11/2023 07:56:00 PM,ROCKVILLE PIKE,NA,HEAD ON LEFT TURN,Cloudy,DRY,Medium,TRAFFIC SIGNAL,NONE DETECTED,Yes,No Apparent Injury,N/A,NOT DISTRACTED,MD,PASSENGER CAR,MAKING LEFT TURN,35,No,2008,TOYOTA,SIENNA,39.06197733,-77.12414252,2023,6,19
230028112,Injury Crash,06/11/2023 06:31:00 PM,GOOD HOPE RD,NA,SINGLE VEHICLE,Clear,DRY,Daylight,NO CONTROLS,NONE DETECTED,Yes,Possible Minor Injury,N/A,UNKNOWN,MD,PASSENGER CAR,MOVING CONSTANT SPEED,30,No,2005,HONDA,PILOT,39.09563174,-76.98883927,2023,6,18
230028113,Property Damage Crash,06/11/2023 06:25:00 PM,BETHESDA AVE,NA,OTHER,Clear,DRY,Daylight,NO CONTROLS,NONE DETECTED,No,No Apparent Injury,N/A,NOT DISTRACTED,MD,PASSENGER CAR,STOPPED IN TRAFFIC LANE,25,No,2014,ACUR,MDX,38.98094026,-77.09637792,2023,6,18
230028113,Property Damage Crash,06/11/2023 06:25:00 PM,BETHESDA AVE,NA,OTHER,Clear,DRY,Daylight,NO CONTROLS,NONE DETECTED,Yes,No Apparent Injury,N/A,UNKNOWN,NA,PASSENGER CAR,MOVING CONSTANT SPEED,25,No,2015,HYUN,UNK,38.98094026,-77.09637792,2023,6,18
230028108,Property Damage Crash,06/11/2023 06:09:00 PM,TENBROOK DR,NA,SAME DIRECTION LEFT TURN,Clear,DRY,Daylight,NO CONTROLS,NONE DETECTED,No,No Apparent Injury,N/A,NOT DISTRACTED,MD,PASSENGER CAR,MAKING LEFT TURN,25,No,2023,HYUNDAI,PALISADES,39.02302568,-77.02917369,2023,6,18
230028108,Property Damage Crash,06/11/2023 06:09:00 PM,TENBROOK DR,NA,SAME DIRECTION LEFT TURN,Clear,DRY,Daylight,NO CONTROLS,NONE DETECTED,Yes,No Apparent Injury,N/A,NOT DISTRACTED,MD,PASSENGER CAR,PASSING,25,No,2019,BMW,5 SERIES,39.02302568,-77.02917369,2023,6,18
230028105,Property Damage Crash,06/11/2023 05:50:00 PM,MIDCOUNTY HWY,NA,SAME DIR REAR END,Clear,DRY,Daylight,TRAFFIC SIGNAL,NONE DETECTED,No,No Apparent Injury,N/A,NOT DISTRACTED,MD,PASSENGER CAR,SLOWING OR STOPPING,50,No,2010,MERZ,4S,39.158065,-77.19265333,2023,6,17
230028105,Property Damage Crash,06/11/2023 05:50:00 PM,MIDCOUNTY HWY,NA,SAME DIR REAR END,Clear,DRY,Daylight,TRAFFIC SIGNAL,NONE DETECTED,Yes,No Apparent Injury,N/A,UNKNOWN,MD,PASSENGER CAR,SLOWING OR STOPPING,50,No,2006,NISS,4S,39.158065,-77.19265333,2023,6,17
230028095,Property Damage Crash,06/11/2023 04:55:00 PM,COLESVILLE RD,NA,OTHER,Clear,DRY,Daylight,TRAFFIC SIGNAL,NONE DETECTED,No,No Apparent Injury,N/A,NOT DISTRACTED,MD,PASSENGER CAR,ACCELERATING,30,No,2015,JEEP,COMPASS,39.00054579,-77.02555071,2023,6,16
230028095,Property Damage Crash,06/11/2023 04:55:00 PM,COLESVILLE RD,NA,OTHER,Clear,DRY,Daylight,TRAFFIC SIGNAL,NONE DETECTED,Yes,No Apparent Injury,N/A,NOT DISTRACTED,MD,PASSENGER CAR,CHANGING LANES,30,No,2022,TOYOTA,RAV 4,39.00054579,-77.02555071,2023,6,16
230028095,Property Damage Crash,06/11/2023 04:55:00 PM,COLESVILLE RD,NA,OTHER,Clear,DRY,Daylight,TRAFFIC SIGNAL,NONE DETECTED,No,No Apparent Injury,N/A,NOT DISTRACTED,DC,PASSENGER CAR,STOPPED IN TRAFFIC LANE,30,No,2018,VOLKSWAGEN,HB,39.00054579,-77.02555071,2023,6,16
230028102,Property Damage Crash,06/11/2023 03:55:00 PM,HUNGERFORD DR,NA,SAME DIRECTION RIGHT TURN,Clear,UNKNOWN,Daylight,TRAFFIC SIGNAL,NONE DETECTED,Unknown,No Apparent Injury,N/A,UNKNOWN,NA,(SPORT) UTILITY VEHICLE,UNKNOWN,35,No,2019,CHEVROLET,UNK,39.09661284,-77.15338741,2023,6,15
230028102,Property Damage Crash,06/11/2023 03:55:00 PM,HUNGERFORD DR,NA,SAME DIRECTION RIGHT TURN,Clear,UNKNOWN,Daylight,TRAFFIC SIGNAL,NONE DETECTED,Unknown,No Apparent Injury,N/A,NOT DISTRACTED,MD,PASSENGER CAR,UNKNOWN,35,No,2017,HOND,4S,39.09661284,-77.15338741,2023,6,15
230028092,Property Damage Crash,06/11/2023 03:40:00 PM,NA,NA,OTHER,Clear,NA,Daylight,N/A,NONE DETECTED,Yes,No Apparent Injury,N/A,UNKNOWN,NA,PASSENGER CAR,BACKING,0,No,9999,SCION,TC,39.12684256,-77.17512889,2023,6,15
230028079,Property Damage Crash,06/11/2023 03:00:00 PM,HILLWOOD DR,NA,SINGLE VEHICLE,Clear,DRY,Daylight,NO CONTROLS,NONE DETECTED,Yes,No Apparent Injury,N/A,UNKNOWN,DC,(SPORT) UTILITY VEHICLE,MOVING CONSTANT SPEED,15,No,2022,LEXUS,NX950,39.03086167,-77.00226833,2023,6,15
230028136,Property Damage Crash,06/11/2023 02:12:00 PM,GEORGIA AVE,NA,SAME DIR REAR END,Clear,DRY,Daylight,TRAFFIC SIGNAL,NONE DETECTED,No,No Apparent Injury,N/A,NOT DISTRACTED,MD,(SPORT) UTILITY VEHICLE,STOPPED IN TRAFFIC LANE,30,No,2013,TOYT,HIGHLANDER TK,39.01546217,-77.04259422,2023,6,14
230028136,Property Damage Crash,06/11/2023 02:12:00 PM,GEORGIA AVE,NA,SAME DIR REAR END,Clear,DRY,Daylight,TRAFFIC SIGNAL,NONE DETECTED,Yes,No Apparent Injury,N/A,UNKNOWN,NA,(SPORT) UTILITY VEHICLE,STOPPED IN TRAFFIC LANE,30,No,2021,JEEP,GRAND CHEROKEE,39.01546217,-77.04259422,2023,6,14
230028074,Injury Crash,06/11/2023 01:35:00 PM,GEORGIA AVE,NA,SAME DIRECTION SIDESWIPE,Clear,DRY,Daylight,NO CONTROLS,NONE DETECTED,No,No Apparent Injury,N/A,NOT DISTRACTED,MD,PASSENGER CAR,MOVING CONSTANT SPEED,35,No,2011,KIA,SORENTO,39.06243183,-77.05385433,2023,6,13
230028074,Injury Crash,06/11/2023 01:35:00 PM,GEORGIA AVE,NA,SAME DIRECTION SIDESWIPE,Clear,DRY,Daylight,NO CONTROLS,NONE DETECTED,Yes,No Apparent Injury,N/A,LOOKED BUT DID NOT SEE,MD,PASSENGER CAR,MOVING CONSTANT SPEED,45,No,2004,HONDA,SD,39.06243183,-77.05385433,2023,6,13
230028073,Property Damage Crash,06/11/2023 01:32:00 PM,TRAVILAH RD,NA,OTHER,Clear,DRY,Daylight,N/A,NONE DETECTED,Yes,No Apparent Injury,N/A,LOOKED BUT DID NOT SEE,SC,OTHER,BACKING,35,No,2022,MERCEDES,VAN,39.08999833,-77.2133,2023,6,13
230028073,Property Damage Crash,06/11/2023 01:32:00 PM,TRAVILAH RD,NA,OTHER,Clear,DRY,Daylight,N/A,NONE DETECTED,No,No Apparent Injury,N/A,NOT DISTRACTED,MD,PASSENGER CAR,BACKING,35,No,2016,FORD,PK,39.08999833,-77.2133,2023,6,13
230028049,Injury Crash,06/11/2023 11:09:00 AM,FREDERICK RD,NA,HEAD ON LEFT TURN,Clear,DRY,Daylight,TRAFFIC SIGNAL,NONE DETECTED,No,Possible Minor Injury,N/A,NOT DISTRACTED,MD,PASSENGER CAR,MOVING CONSTANT SPEED,45,No,2009,TOYT,4D,39.1066205,-77.15833983,2023,6,11
230028049,Injury Crash,06/11/2023 11:09:00 AM,FREDERICK RD,NA,HEAD ON LEFT TURN,Clear,DRY,Daylight,TRAFFIC SIGNAL,NONE DETECTED,Yes,No Apparent Injury,N/A,UNKNOWN,MD,(SPORT) UTILITY VEHICLE,MAKING LEFT TURN,35,No,2019,VOLKSWAGON,ATLAS,39.1066205,-77.15833983,2023,6,11
230028047,Injury Crash,06/11/2023 09:52:00 AM,ASHTON RD,BICYCLIST,SAME DIR REAR END,Clear,DRY,Daylight,NO CONTROLS,NONE DETECTED,Yes,No Apparent Injury,N/A,LOOKED BUT DID NOT SEE,MD,PASSENGER CAR,MOVING CONSTANT SPEED,45,No,2022,TOYOTA,CAMRY,39.15641924,-76.99754572,2023,6,9
230028025,Property Damage Crash,06/11/2023 06:03:00 AM,ARCTIC AVE,NA,SAME DIRECTION SIDESWIPE,Clear,DRY,Medium,NO CONTROLS,NONE DETECTED,Yes,No Apparent Injury,N/A,NOT DISTRACTED,MD,PASSENGER CAR,MOVING CONSTANT SPEED,25,No,2021,HOND,SD,39.09157117,-77.09322933,2023,6,6
230028021,Property Damage Crash,06/11/2023 04:08:00 AM,JONES BRIDGE RD,NA,SINGLE VEHICLE,Clear,DRY,Medium,FLASHING TRAFFIC SIGNAL,NONE DETECTED,Yes,No Apparent Injury,N/A,UNKNOWN,MD,PASSENGER CAR,MOVING CONSTANT SPEED,35,No,1998,LEXUS,SC400,38.99892889,-77.08782803,2023,6,4
23002817,Property Damage Crash,06/11/2023 02:21:00 AM,OLD GEORGETOWN RD,NA,STRAIGHT MOVEMENT ANGLE,Clear,DRY,Medium,TRAFFIC SIGNAL,ALCOHOL PRESENT,No,No Apparent Injury,N/A,NOT DISTRACTED,MD,PICKUP TRUCK,MOVING CONSTANT SPEED,35,No,2014,CHEV,TK,39.02530667,-77.12562,2023,6,2
23002817,Property Damage Crash,06/11/2023 02:21:00 AM,OLD GEORGETOWN RD,NA,STRAIGHT MOVEMENT ANGLE,Clear,DRY,Medium,TRAFFIC SIGNAL,ALCOHOL PRESENT,Yes,No Apparent Injury,N/A,NOT DISTRACTED,MD,PASSENGER CAR,MAKING LEFT TURN,35,No,2021,FORD,PK,39.02530667,-77.12562,2023,6,2
230028014,Injury Crash,06/11/2023 12:49:00 AM,BALTIMORE RD,NA,HEAD ON,Clear,DRY,Medium,TRAFFIC SIGNAL,NONE DETECTED,Yes,Possible Minor Injury,N/A,NOT DISTRACTED,MD,PASSENGER CAR,MAKING LEFT TURN,25,No,2016,NISSAN,ALTIMA,39.09504947,-77.11252874,2023,6,0
230028014,Injury Crash,06/11/2023 12:49:00 AM,BALTIMORE RD,NA,HEAD ON,Clear,DRY,Medium,TRAFFIC SIGNAL,NONE DETECTED,No,No Apparent Injury,N/A,NOT DISTRACTED,MD,PASSENGER CAR,SLOWING OR STOPPING,25,No,2005,NISSAN,ARMADA,39.09504947,-77.11252874,2023,6,0
230028012,Injury Crash,06/11/2023 12:18:00 AM,CORDELL AVE,PEDESTRIAN,OTHER,Clear,DRY,Medium,NO CONTROLS,ALCOHOL PRESENT,Yes,No Apparent Injury,N/A,INATTENTIVE OR LOST IN THOUGHT,MD,STATION WAGON,STARTING FROM PARKED,25,No,2008,HONDA,CR-V,38.98879688,-77.09877361,2023,6,0
230028005,Injury Crash,06/10/2023 11:35:00 PM,MUNCASTER MILL RD,NA,SAME DIRECTION SIDESWIPE,Clear,DRY,Medium,N/A,ALCOHOL PRESENT,Yes,Possible Minor Injury,N/A,OTHER DISTRACTION,MD,PASSENGER CAR,MOVING CONSTANT SPEED,35,No,2011,FORD,FIESTA,39.15362111,-77.15352903,2023,6,23
230028005,Injury Crash,06/10/2023 11:35:00 PM,MUNCASTER MILL RD,NA,SAME DIRECTION SIDESWIPE,Clear,DRY,Medium,N/A,NONE DETECTED,No,No Apparent Injury,N/A,NOT DISTRACTED,MD,PASSENGER CAR,MOVING CONSTANT SPEED,35,No,2008,HONDA,ACCORD,39.15362111,-77.15352903,2023,6,23
230028003,Injury Crash,06/10/2023 11:00:00 PM,UNIVERSITY BLVD E,NA,OTHER,Clear,DRY,Medium,STOP SIGN,NONE DETECTED,No,Possible Minor Injury,N/A,NOT DISTRACTED,MD,PASSENGER CAR,MOVING CONSTANT SPEED,25,No,2012,HOND,CIVIC,38.992685,-76.99174833,2023,6,23
230028003,Injury Crash,06/10/2023 11:00:00 PM,UNIVERSITY BLVD E,NA,OTHER,Clear,DRY,Medium,STOP SIGN,NONE DETECTED,Yes,No Apparent Injury,N/A,NOT DISTRACTED,TN,PASSENGER CAR,ACCELERATING,25,No,2020,NISSAN,ROGUE,38.992685,-76.99174833,2023,6,23
230027997,Injury Crash,06/10/2023 09:55:00 PM,OLD COLUMBIA PIKE,NA,UNKNOWN,Clear,DRY,Dark,NO CONTROLS,NONE DETECTED,Yes,No Apparent Injury,N/A,UNKNOWN,NA,NA,UNKNOWN,30,No,0,UNKNOWN,UNKNOWN,39.065737,-76.964298,2023,6,21
230027997,Injury Crash,06/10/2023 09:55:00 PM,OLD COLUMBIA PIKE,NA,UNKNOWN,Clear,DRY,Dark,NO CONTROLS,NONE DETECTED,No,Possible Minor Injury,N/A,NOT DISTRACTED,MD,(SPORT) UTILITY VEHICLE,MOVING CONSTANT SPEED,30,No,2004,TOYOTA,SIENNA,39.065737,-76.964298,2023,6,21
230027993,Property Damage Crash,06/10/2023 09:50:00 PM,ROCKVILLE PIKE,NA,SAME DIR REAR END,Clear,DRY,Medium,TRAFFIC SIGNAL,NONE DETECTED,No,No Apparent Injury,N/A,NOT DISTRACTED,MD,PASSENGER CAR,MOVING CONSTANT SPEED,40,No,2022,TOYOTA,COROLLA,39.07471217,-77.13567717,2023,6,21
230027993,Property Damage Crash,06/10/2023 09:50:00 PM,ROCKVILLE PIKE,NA,SAME DIR REAR END,Clear,DRY,Medium,TRAFFIC SIGNAL,NONE DETECTED,Yes,No Apparent Injury,N/A,UNKNOWN,NA,NA,UNKNOWN,40,No,0,UNKNOWN,UNKNOWN,39.07471217,-77.13567717,2023,6,21
230027992,Injury Crash,06/10/2023 09:07:00 PM,TECH RD,NA,HEAD ON,Clear,DRY,Dark,NO CONTROLS,ALCOHOL PRESENT,Yes,Possible Minor Injury,N/A,OTHER DISTRACTION,MD,PASSENGER CAR,MOVING CONSTANT SPEED,30,No,2023,CHEVY,TRAILBLAZER,39.05671785,-76.96734024,2023,6,21
230027992,Injury Crash,06/10/2023 09:07:00 PM,TECH RD,NA,HEAD ON,Clear,DRY,Dark,NO CONTROLS,NONE DETECTED,No,Possible Minor Injury,N/A,NOT DISTRACTED,MD,PASSENGER CAR,MOVING CONSTANT SPEED,30,No,2012,HOND,TK,39.05671785,-76.96734024,2023,6,21
230027985,Injury Crash,06/10/2023 08:51:00 PM,ROCKVILLE PIKE,NA,SAME DIR REAR END,Cloudy,DRY,Medium,TRAFFIC SIGNAL,NONE DETECTED,No,No Apparent Injury,N/A,NOT DISTRACTED,MD,PASSENGER CAR,STOPPED IN TRAFFIC LANE,30,No,2016,HOND,PILOT,39.08061273,-77.14458287,2023,6,20
230027985,Injury Crash,06/10/2023 08:51:00 PM,ROCKVILLE PIKE,NA,SAME DIR REAR END,Cloudy,DRY,Medium,TRAFFIC SIGNAL,NONE DETECTED,Yes,Suspected Serious Injury,N/A,UNKNOWN,MD,MOTORCYCLE,PASSING,30,No,2023,KAWASAKI,SP,39.08061273,-77.14458287,2023,6,20
230027985,Injury Crash,06/10/2023 08:51:00 PM,ROCKVILLE PIKE,NA,SAME DIR REAR END,Cloudy,DRY,Medium,TRAFFIC SIGNAL,NONE DETECTED,No,No Apparent Injury,N/A,NOT DISTRACTED,MD,PASSENGER CAR,STOPPED IN TRAFFIC LANE,30,No,2014,FORD,4S,39.08061273,-77.14458287,2023,6,20
230027980,Property Damage Crash,06/10/2023 08:09:00 PM,NA,NA,OTHER,Clear,NA,Daylight,NO CONTROLS,NONE DETECTED,Yes,No Apparent Injury,N/A,UNKNOWN,VA,PASSENGER CAR,MAKING LEFT TURN,10,No,2013,NISSAN,JUKE,39.16447983,-77.20594367,2023,6,20
230027980,Property Damage Crash,06/10/2023 08:09:00 PM,NA,NA,OTHER,Clear,NA,Daylight,NO CONTROLS,NONE DETECTED,No,No Apparent Injury,N/A,NOT DISTRACTED,CA,PASSENGER CAR,PARKED,0,No,2022,TOYOTA,RAV4,39.16447983,-77.20594367,2023,6,20
230027974,Property Damage Crash,06/10/2023 07:09:00 PM,MARINELLI RD,NA,OTHER,Clear,DRY,Daylight,STOP SIGN,NONE DETECTED,No,No Apparent Injury,N/A,NOT DISTRACTED,MD,PASSENGER CAR,STOPPED IN TRAFFIC LANE,25,No,2012,FORD,SD,39.04785646,-77.10549771,2023,6,19
230027974,Property Damage Crash,06/10/2023 07:09:00 PM,MARINELLI RD,NA,OTHER,Clear,DRY,Daylight,STOP SIGN,NONE DETECTED,Yes,No Apparent Injury,N/A,LOOKED BUT DID NOT SEE,AR,"MEDIUM/HEAVY TRUCKS 3 AXLES (OVER 10,000LBS (4,536KG))",MAKING RIGHT TURN,25,No,2022,WESTERN STAR,TRACTOR,39.04785646,-77.10549771,2023,6,19
230027963,Property Damage Crash,06/10/2023 06:06:00 PM,WESSEX RD,NA,SAME DIR REAR END,Clear,DRY,Daylight,TRAFFIC SIGNAL,NONE DETECTED,No,No Apparent Injury,N/A,NOT DISTRACTED,MD,PASSENGER CAR,STOPPED IN TRAFFIC LANE,25,No,2004,TOYOTA,PK,38.99152753,-77.01013567,2023,6,18
230027963,Property Damage Crash,06/10/2023 06:06:00 PM,WESSEX RD,NA,SAME DIR REAR END,Clear,DRY,Daylight,TRAFFIC SIGNAL,NONE DETECTED,Yes,No Apparent Injury,N/A,UNKNOWN,NA,PASSENGER CAR,UNKNOWN,25,No,2010,LINCOLN,MKT,38.99152753,-77.01013567,2023,6,18
230027949,Property Damage Crash,06/10/2023 04:19:00 PM,GEORGIA AVE,NA,SAME DIR REAR END,Clear,DRY,Daylight,TRAFFIC SIGNAL,NONE DETECTED,No,No Apparent Injury,N/A,NOT DISTRACTED,MD,PASSENGER CAR,STOPPED IN TRAFFIC LANE,30,No,2015,FIAT,2S,39.01536156,-77.04255178,2023,6,16
230027949,Property Damage Crash,06/10/2023 04:19:00 PM,GEORGIA AVE,NA,SAME DIR REAR END,Clear,DRY,Daylight,TRAFFIC SIGNAL,NONE DETECTED,No,No Apparent Injury,N/A,NOT DISTRACTED,MD,PASSENGER CAR,STOPPED IN TRAFFIC LANE,30,No,2008,HONDA,UT,39.01536156,-77.04255178,2023,6,16
230027949,Property Damage Crash,06/10/2023 04:19:00 PM,GEORGIA AVE,NA,SAME DIR REAR END,Clear,DRY,Daylight,TRAFFIC SIGNAL,NONE DETECTED,Yes,No Apparent Injury,N/A,NOT DISTRACTED,MD,PASSENGER CAR,SLOWING OR STOPPING,30,No,2012,MAZDA,SW,39.01536156,-77.04255178,2023,6,16
230027955,Property Damage Crash,06/10/2023 04:10:00 PM,CONNECTICUT AVE,NA,SAME DIR REAR END,Clear,DRY,Daylight,TRAFFIC SIGNAL,NONE DETECTED,No,No Apparent Injury,N/A,NOT DISTRACTED,DC,VAN,MAKING LEFT TURN,25,No,2019,HONDA,ODYSSEY,38.98796348,-77.07719652,2023,6,16
230027955,Property Damage Crash,06/10/2023 04:10:00 PM,CONNECTICUT AVE,NA,SAME DIR REAR END,Clear,DRY,Daylight,TRAFFIC SIGNAL,NONE DETECTED,Yes,No Apparent Injury,N/A,NOT DISTRACTED,CA,(SPORT) UTILITY VEHICLE,MAKING LEFT TURN,25,No,2023,KIA,SPORTAGE,38.98796348,-77.07719652,2023,6,16
230027943,Injury Crash,06/10/2023 03:42:00 PM,STONEGATE DR,NA,HEAD ON,Clear,DRY,Daylight,NO CONTROLS,NONE DETECTED,Yes,Possible Minor Injury,N/A,INATTENTIVE OR LOST IN THOUGHT,MD,PASSENGER CAR,MOVING CONSTANT SPEED,30,No,2016,CADILLAC,CTS,39.09940833,-77.01175833,2023,6,15
230027943,Injury Crash,06/10/2023 03:42:00 PM,STONEGATE DR,NA,HEAD ON,Clear,DRY,Daylight,NO CONTROLS,NONE DETECTED,No,Possible Minor Injury,N/A,NOT DISTRACTED,MD,PASSENGER CAR,SLOWING OR STOPPING,30,No,2016,HYUNDAI,ACCENT,39.09940833,-77.01175833,2023,6,15
230027939,Injury Crash,06/10/2023 03:03:00 PM,BRIGGS CHANEY RD,NA,STRAIGHT MOVEMENT ANGLE,Clear,DRY,Daylight,TRAFFIC SIGNAL,NONE DETECTED,Yes,Possible Minor Injury,N/A,UNKNOWN,MD,(SPORT) UTILITY VEHICLE,MOVING CONSTANT SPEED,30,No,2017,TOYT,HIGHLANDER,39.08298017,-76.94842817,2023,6,15