Local Case Number,ACRS Report Type,Crash Date/Time,Road Name,Related Non-Motorist,Collision Type,Weather,Surface Condition,Light,Traffic Control,Driver Substance Abuse,Driver At Fault,Injury Severity,Circumstance,Driver Distracted By,Drivers License State,Vehicle Body Type,Vehicle Movement,Speed Limit,Driverless Vehicle,Vehicle Year,Vehicle Make,Vehicle Model,Latitude,Longitude,Year,Month,Hour
230027939,Injury Crash,06/10/2023 03:03:00 PM,BRIGGS CHANEY RD,NA,STRAIGHT MOVEMENT ANGLE,Clear,DRY,Daylight,TRAFFIC SIGNAL,NONE DETECTED,No,No Apparent Injury,N/A,NOT DISTRACTED,MD,PASSENGER CAR,MAKING LEFT TURN,30,No,2020,HOND,FIT,39.08298017,-76.94842817,2023,6,15
230027937,Injury Crash,06/10/2023 02:54:00 PM,WISTERIA DR,NA,STRAIGHT MOVEMENT ANGLE,Clear,DRY,Daylight,N/A,NONE DETECTED,No,Possible Minor Injury,N/A,NOT DISTRACTED,MD,PASSENGER CAR,MOVING CONSTANT SPEED,35,No,2009,HOND,UT,39.17101299,-77.26270042,2023,6,14
230027937,Injury Crash,06/10/2023 02:54:00 PM,WISTERIA DR,NA,STRAIGHT MOVEMENT ANGLE,Clear,DRY,Daylight,N/A,NONE DETECTED,Yes,No Apparent Injury,N/A,LOOKED BUT DID NOT SEE,MD,PASSENGER CAR,ACCELERATING,35,No,2017,HOND,SD,39.17101299,-77.26270042,2023,6,14
230027930,Property Damage Crash,06/10/2023 02:08:00 PM,HALPINE RD,NA,STRAIGHT MOVEMENT ANGLE,Clear,DRY,Daylight,TRAFFIC SIGNAL,NONE DETECTED,No,No Apparent Injury,N/A,NOT DISTRACTED,MD,PASSENGER CAR,STARTING FROM LANE,25,No,2019,MAZD,2S,39.06090748,-77.12588466,2023,6,14
230027930,Property Damage Crash,06/10/2023 02:08:00 PM,HALPINE RD,NA,STRAIGHT MOVEMENT ANGLE,Clear,DRY,Daylight,TRAFFIC SIGNAL,NONE DETECTED,Yes,No Apparent Injury,N/A,UNKNOWN,VA,PASSENGER CAR,MOVING CONSTANT SPEED,25,No,2021,TOYOTA,COROLLA,39.06090748,-77.12588466,2023,6,14
230027928,Injury Crash,06/10/2023 02:01:00 PM,TWINBROOK PKWY,NA,HEAD ON LEFT TURN,Clear,DRY,Daylight,TRAFFIC SIGNAL,NONE DETECTED,No,Possible Minor Injury,N/A,NOT DISTRACTED,MD,PASSENGER CAR,MOVING CONSTANT SPEED,40,No,2007,HONDA,ODYSSEY,39.05871243,-77.11879824,2023,6,14
230027928,Injury Crash,06/10/2023 02:01:00 PM,TWINBROOK PKWY,NA,HEAD ON LEFT TURN,Clear,DRY,Daylight,TRAFFIC SIGNAL,NONE DETECTED,Yes,No Apparent Injury,N/A,INATTENTIVE OR LOST IN THOUGHT,MD,PASSENGER CAR,MAKING LEFT TURN,40,No,2021,SUBARU,FORESTER,39.05871243,-77.11879824,2023,6,14
230027926,Property Damage Crash,06/10/2023 01:45:00 PM,NEW HAMPSHIRE AVE,NA,SAME DIR REAR END,Clear,DRY,Daylight,TRAFFIC SIGNAL,NONE DETECTED,Yes,No Apparent Injury,N/A,UNKNOWN,NA,PASSENGER CAR,CHANGING LANES,35,No,0,UNKNOWN,UNKNOWN,39.01556179,-76.97810517,2023,6,13
230027926,Property Damage Crash,06/10/2023 01:45:00 PM,NEW HAMPSHIRE AVE,NA,SAME DIR REAR END,Clear,DRY,Daylight,TRAFFIC SIGNAL,NONE DETECTED,No,No Apparent Injury,N/A,NOT DISTRACTED,DC,TRANSIT BUS,SLOWING OR STOPPING,35,No,2020,NFLY,BUS,39.01556179,-76.97810517,2023,6,13
230027921,Injury Crash,06/10/2023 01:02:00 PM,LONGDRAFT RD,OTHER,SINGLE VEHICLE,Clear,DRY,Daylight,TRAFFIC SIGNAL,NONE DETECTED,Yes,Possible Minor Injury,N/A,UNKNOWN,MD,PASSENGER CAR,MAKING LEFT TURN,30,No,2019,NISSAN,SD,39.13335667,-77.245572,2023,6,13
230027922,Property Damage Crash,06/10/2023 12:49:00 PM,NA,NA,SAME DIRECTION SIDESWIPE,Clear,NA,Daylight,N/A,NONE DETECTED,Yes,No Apparent Injury,N/A,UNKNOWN,MD,PICKUP TRUCK,BACKING,5,No,1998,CHEVROLET,1500,39.05856821,-76.9616993,2023,6,12
230027916,Injury Crash,06/10/2023 12:41:00 PM,E GUDE DR,NA,HEAD ON LEFT TURN,Clear,DRY,Daylight,TRAFFIC SIGNAL,NONE DETECTED,No,Possible Minor Injury,N/A,NOT DISTRACTED,MD,PASSENGER CAR,MOVING CONSTANT SPEED,45,No,2019,ACURA,TK,39.10626167,-77.15188833,2023,6,12
230027916,Injury Crash,06/10/2023 12:41:00 PM,E GUDE DR,NA,HEAD ON LEFT TURN,Clear,DRY,Daylight,TRAFFIC SIGNAL,NONE DETECTED,Yes,No Apparent Injury,N/A,UNKNOWN,MD,PASSENGER CAR,MAKING LEFT TURN,45,No,2018,AUDI,SD,39.10626167,-77.15188833,2023,6,12
230027919,Property Damage Crash,06/10/2023 12:34:00 PM,CLARKSBURG RD,NA,OTHER,Clear,DRY,Daylight,NO CONTROLS,NONE DETECTED,Yes,No Apparent Injury,N/A,UNKNOWN,NA,(SPORT) UTILITY VEHICLE,BACKING,25,No,2011,NISSAN,ROGUE,39.24328616,-77.27767043,2023,6,12
230027915,Property Damage Crash,06/10/2023 12:11:00 PM,FENTON ST,NA,STRAIGHT MOVEMENT ANGLE,Clear,DRY,Daylight,N/A,NONE DETECTED,No,No Apparent Injury,N/A,NOT DISTRACTED,MD,PICKUP TRUCK,MOVING CONSTANT SPEED,30,No,2006,FORD,F150,38.99327333,-77.02400333,2023,6,12
230027915,Property Damage Crash,06/10/2023 12:11:00 PM,FENTON ST,NA,STRAIGHT MOVEMENT ANGLE,Clear,DRY,Daylight,N/A,NONE DETECTED,Yes,No Apparent Injury,N/A,LOOKED BUT DID NOT SEE,OK,PASSENGER CAR,ENTERING TRAFFIC LANE,30,No,2020,FORD,ESCAPE,38.99327333,-77.02400333,2023,6,12
230027906,Injury Crash,06/10/2023 11:01:00 AM,CONNECTICUT AVE,NA,SAME DIR REAR END,Clear,DRY,Daylight,NO CONTROLS,NONE DETECTED,Yes,No Apparent Injury,N/A,NOT DISTRACTED,DC,PICKUP TRUCK,MOVING CONSTANT SPEED,35,No,2011,CHEVY,S-10,39.00299333,-77.07723,2023,6,11
230027906,Injury Crash,06/10/2023 11:01:00 AM,CONNECTICUT AVE,NA,SAME DIR REAR END,Clear,DRY,Daylight,NO CONTROLS,NONE DETECTED,No,Possible Minor Injury,N/A,NOT DISTRACTED,MD,(SPORT) UTILITY VEHICLE,SLOWING OR STOPPING,35,No,2006,HOND,UT,39.00299333,-77.07723,2023,6,11
230027898,Injury Crash,06/10/2023 09:45:00 AM,SAM EIG HWY,NA,SAME DIRECTION SIDESWIPE,Clear,DRY,Daylight,NO CONTROLS,NONE DETECTED,No,No Apparent Injury,N/A,NOT DISTRACTED,MD,PASSENGER CAR,MOVING CONSTANT SPEED,50,No,2006,FORD,PK,39.11766225,-77.20686988,2023,6,9
230027898,Injury Crash,06/10/2023 09:45:00 AM,SAM EIG HWY,NA,SAME DIRECTION SIDESWIPE,Clear,DRY,Daylight,NO CONTROLS,NONE DETECTED,Yes,Possible Minor Injury,N/A,NOT DISTRACTED,MD,PASSENGER CAR,MOVING CONSTANT SPEED,50,No,2023,VOLVO,XC60,39.11766225,-77.20686988,2023,6,9
230027890,Property Damage Crash,06/10/2023 07:00:00 AM,FATHER HURLEY BLVD,NA,SAME DIR REAR END,Clear,DRY,Daylight,TRAFFIC SIGNAL,NONE DETECTED,No,No Apparent Injury,"N/A, VISION OBSTRUCTION (INCL. BLINDED BY SUN)",NOT DISTRACTED,MD,PASSENGER CAR,SLOWING OR STOPPING,50,No,2012,TOYOTA,COROLLA,39.19622333,-77.26580167,2023,6,7
230027890,Property Damage Crash,06/10/2023 07:00:00 AM,FATHER HURLEY BLVD,NA,SAME DIR REAR END,Clear,DRY,Daylight,TRAFFIC SIGNAL,NONE DETECTED,Yes,No Apparent Injury,"N/A, VISION OBSTRUCTION (INCL. BLINDED BY SUN)",OTHER DISTRACTION,MD,PASSENGER CAR,MOVING CONSTANT SPEED,50,No,2020,TOYOTA,COROLLA,39.19622333,-77.26580167,2023,6,7
230027884,Property Damage Crash,06/10/2023 02:47:00 AM,NA,NA,SINGLE VEHICLE,Clear,NA,Medium,NO CONTROLS,NONE DETECTED,Yes,No Apparent Injury,N/A,UNKNOWN,VA,PASSENGER CAR,MAKING LEFT TURN,0,No,2012,HONDA,ACCORD,39.05325667,-77.11745167,2023,6,2
230027877,Fatal Crash,06/10/2023 12:36:00 AM,UNIVERSITY BLVD E,PEDESTRIAN,SINGLE VEHICLE,Clear,DRY,Dark,UNKNOWN,NONE DETECTED,Unknown,No Apparent Injury,N/A,UNKNOWN,NA,UNKNOWN,UNKNOWN,0,Unknown,0,UNKNOWN,UNKNOWN,38.99638236,-76.99331541,2023,6,0
230027870,Property Damage Crash,06/09/2023 11:41:00 PM,ROCKVILLE PIKE,NA,SAME DIR REAR END,Clear,DRY,Medium,NO CONTROLS,NONE DETECTED,No,No Apparent Injury,N/A,NOT DISTRACTED,MD,PICKUP TRUCK,MOVING CONSTANT SPEED,30,No,2021,TOYOTA,PK,39.05902938,-77.12140791,2023,6,23
230027870,Property Damage Crash,06/09/2023 11:41:00 PM,ROCKVILLE PIKE,NA,SAME DIR REAR END,Clear,DRY,Medium,NO CONTROLS,NONE DETECTED,Yes,No Apparent Injury,N/A,UNKNOWN,MD,PASSENGER CAR,MOVING CONSTANT SPEED,30,No,2011,KIA,SOUL,39.05902938,-77.12140791,2023,6,23
230027868,Property Damage Crash,06/09/2023 10:43:00 PM,NA,NA,SAME DIR REAR END,Clear,NA,Medium,NO CONTROLS,ALCOHOL PRESENT,Yes,No Apparent Injury,N/A,LOOKED BUT DID NOT SEE,MD,PASSENGER CAR,BACKING,0,No,2000,FORD,SD,39.13007667,-77.48852,2023,6,22
230027868,Property Damage Crash,06/09/2023 10:43:00 PM,NA,NA,SAME DIR REAR END,Clear,NA,Medium,NO CONTROLS,NONE DETECTED,No,No Apparent Injury,N/A,NOT DISTRACTED,MD,PASSENGER CAR,PARKED,0,No,2012,NISS,4S,39.13007667,-77.48852,2023,6,22
230027858,Property Damage Crash,06/09/2023 09:42:00 PM,GOSHEN RD,NA,SINGLE VEHICLE,Clear,DRY,Dark,NO CONTROLS,ALCOHOL PRESENT,Yes,No Apparent Injury,N/A,EATING OR DRINKING,XX,PASSENGER CAR,MOVING CONSTANT SPEED,35,No,2008,HONDA,CRV,39.17282283,-77.1895215,2023,6,21
230027844,Property Damage Crash,06/09/2023 08:13:00 PM,WASHINGTONIAN BLVD,NA,SAME DIRECTION RIGHT TURN,Cloudy,DRY,Daylight,STOP SIGN,NONE DETECTED,No,No Apparent Injury,N/A,NOT DISTRACTED,MD,PASSENGER CAR,STOPPED IN TRAFFIC LANE,25,No,2019,TOYT,COROLLA,39.118785,-77.20284,2023,6,20
230027844,Property Damage Crash,06/09/2023 08:13:00 PM,WASHINGTONIAN BLVD,NA,SAME DIRECTION RIGHT TURN,Cloudy,DRY,Daylight,STOP SIGN,NONE DETECTED,Yes,No Apparent Injury,N/A,LOOKED BUT DID NOT SEE,MD,POLICE VEHICLE/NON EMERGENCY,MAKING RIGHT TURN,25,No,2016,HONDA,PILOT,39.118785,-77.20284,2023,6,20
230027864,Injury Crash,06/09/2023 08:00:00 PM,COLUMBIA PIKE,NA,SAME DIR REAR END,Clear,DRY,Daylight,NO CONTROLS,NONE DETECTED,Yes,No Apparent Injury,N/A,UNKNOWN,NA,PASSENGER CAR,MOVING CONSTANT SPEED,35,No,2002,TOYOTA,TACOMA,38.990899,-77.09799717,2023,6,20
230027864,Injury Crash,06/09/2023 08:00:00 PM,COLUMBIA PIKE,NA,SAME DIR REAR END,Clear,DRY,Daylight,NO CONTROLS,NONE DETECTED,No,Possible Minor Injury,N/A,NOT DISTRACTED,MD,PASSENGER CAR,SLOWING OR STOPPING,10,No,2023,HYUNDAI,ELANTRA,38.990899,-77.09799717,2023,6,20
230027837,Property Damage Crash,06/09/2023 07:21:00 PM,RAMP 1 FR IS 270 NB TO MIDDLEBROOK RD WB,NA,SINGLE VEHICLE,Cloudy,DRY,Daylight,NO CONTROLS,NONE DETECTED,Yes,No Apparent Injury,N/A,NOT DISTRACTED,VA,PASSENGER CAR,MOVING CONSTANT SPEED,30,No,2015,TOYOTA,YARIS,39.17688983,-77.24584783,2023,6,19
230027827,Property Damage Crash,06/09/2023 06:45:00 PM,REDLAND RD,NA,SAME DIRECTION SIDESWIPE,Clear,DRY,Daylight,TRAFFIC SIGNAL,NONE DETECTED,No,No Apparent Injury,N/A,NOT DISTRACTED,MD,PASSENGER CAR,ACCELERATING,30,No,2023,TOYOTA,CAMRY,39.11593585,-77.165906,2023,6,18
230027827,Property Damage Crash,06/09/2023 06:45:00 PM,REDLAND RD,NA,SAME DIRECTION SIDESWIPE,Clear,DRY,Daylight,TRAFFIC SIGNAL,NONE DETECTED,Yes,No Apparent Injury,N/A,NOT DISTRACTED,VA,"MEDIUM/HEAVY TRUCKS 3 AXLES (OVER 10,000LBS (4,536KG))",CHANGING LANES,30,No,2021,PETERBILT,389,39.11593585,-77.165906,2023,6,18
230027825,Property Damage Crash,06/09/2023 06:32:00 PM,ROCKVILLE PIKE,NA,SAME DIR REAR END,Clear,DRY,Daylight,TRAFFIC SIGNAL,NONE DETECTED,No,No Apparent Injury,N/A,NOT DISTRACTED,MD,PASSENGER CAR,STOPPED IN TRAFFIC LANE,35,No,2018,NISS,UT,39.03068093,-77.1051754,2023,6,18
230027825,Property Damage Crash,06/09/2023 06:32:00 PM,ROCKVILLE PIKE,NA,SAME DIR REAR END,Clear,DRY,Daylight,TRAFFIC SIGNAL,NONE DETECTED,Yes,No Apparent Injury,N/A,UNKNOWN,MD,PASSENGER CAR,SLOWING OR STOPPING,35,No,2020,HONDA,ACCORD,39.03068093,-77.1051754,2023,6,18
230027826,Property Damage Crash,06/09/2023 06:22:00 PM,COLESVILLE RD,NA,SAME DIR REAR END,Clear,DRY,Daylight,NO CONTROLS,NONE DETECTED,No,No Apparent Injury,"N/A, ROAD UNDER CONSTRUCTION/MAINTENANCE",NOT DISTRACTED,MD,OTHER,STOPPED IN TRAFFIC LANE,45,No,2018,ACCURA,TK,39.021325,-77.01157667,2023,6,18
230027826,Property Damage Crash,06/09/2023 06:22:00 PM,COLESVILLE RD,NA,SAME DIR REAR END,Clear,DRY,Daylight,NO CONTROLS,NONE DETECTED,No,No Apparent Injury,"N/A, ROAD UNDER CONSTRUCTION/MAINTENANCE",NOT DISTRACTED,PA,PASSENGER CAR,STOPPED IN TRAFFIC LANE,45,No,2011,TOYOTA,SIENNA,39.021325,-77.01157667,2023,6,18
230027826,Property Damage Crash,06/09/2023 06:22:00 PM,COLESVILLE RD,NA,SAME DIR REAR END,Clear,DRY,Daylight,NO CONTROLS,NONE DETECTED,Yes,No Apparent Injury,"N/A, ROAD UNDER CONSTRUCTION/MAINTENANCE",LOOKED BUT DID NOT SEE,VA,PASSENGER CAR,CHANGING LANES,45,No,2013,NISSAN,JUKE,39.021325,-77.01157667,2023,6,18
230027835,Property Damage Crash,06/09/2023 06:16:00 PM,DRUMM AVE,NA,SAME DIRECTION RIGHT TURN,Cloudy,WET,Daylight,NO CONTROLS,NONE DETECTED,No,No Apparent Injury,N/A,NOT DISTRACTED,MD,SNOWMOBILE,SLOWING OR STOPPING,25,No,1995,GRUMMLV,POSTAL VEH,39.03483833,-77.06101333,2023,6,18
230027835,Property Damage Crash,06/09/2023 06:16:00 PM,DRUMM AVE,NA,SAME DIRECTION RIGHT TURN,Cloudy,WET,Daylight,NO CONTROLS,NONE DETECTED,Yes,No Apparent Injury,N/A,NOT DISTRACTED,MD,(SPORT) UTILITY VEHICLE,SLOWING OR STOPPING,25,No,2018,TOYT,RAV4,39.03483833,-77.06101333,2023,6,18
230027814,Property Damage Crash,06/09/2023 05:38:00 PM,NA,NA,OTHER,Clear,NA,Daylight,N/A,NONE DETECTED,Yes,No Apparent Injury,N/A,UNKNOWN,NA,(SPORT) UTILITY VEHICLE,PARKING,15,No,2012,KIA,SORRENTO,38.992385,-77.04905833,2023,6,17
230027831,Property Damage Crash,06/09/2023 05:37:00 PM,RIO BLVD,NA,OTHER,Clear,DRY,Daylight,YIELD SIGN,NONE DETECTED,No,No Apparent Injury,N/A,NOT DISTRACTED,MD,PASSENGER CAR,MAKING LEFT TURN,15,No,2000,HONDA,2S,39.11681185,-77.2013466,2023,6,17
230027831,Property Damage Crash,06/09/2023 05:37:00 PM,RIO BLVD,NA,OTHER,Clear,DRY,Daylight,YIELD SIGN,NONE DETECTED,Yes,No Apparent Injury,N/A,UNKNOWN,MD,MOTORCYCLE,MOVING CONSTANT SPEED,15,No,2001,SUZUKI,GSX-R600,39.11681185,-77.2013466,2023,6,17
230027810,Injury Crash,06/09/2023 05:29:00 PM,CLARKSBURG RD,NA,HEAD ON LEFT TURN,Clear,DRY,Daylight,TRAFFIC SIGNAL,NONE DETECTED,No,Possible Minor Injury,N/A,NOT DISTRACTED,MD,PASSENGER CAR,MOVING CONSTANT SPEED,35,No,2022,TOYOTA,PRIUS,39.23276167,-77.28385333,2023,6,17
230027810,Injury Crash,06/09/2023 05:29:00 PM,CLARKSBURG RD,NA,HEAD ON LEFT TURN,Clear,DRY,Daylight,TRAFFIC SIGNAL,NONE DETECTED,Yes,No Apparent Injury,N/A,LOOKED BUT DID NOT SEE,MD,PASSENGER CAR,MAKING LEFT TURN,35,No,2017,TOYOTA,RAV4,39.23276167,-77.28385333,2023,6,17
230027830,Property Damage Crash,06/09/2023 05:00:00 PM,ROCKVILLE PIKE,NA,SAME DIR REAR END,Clear,DRY,Daylight,NO CONTROLS,NONE DETECTED,Yes,No Apparent Injury,N/A,UNKNOWN,NA,PASSENGER CAR,SLOWING OR STOPPING,35,No,2012,TOYOTA,RAV4,39.05869382,-77.12092419,2023,6,17
230027830,Property Damage Crash,06/09/2023 05:00:00 PM,ROCKVILLE PIKE,NA,SAME DIR REAR END,Clear,DRY,Daylight,NO CONTROLS,NONE DETECTED,No,No Apparent Injury,N/A,NOT DISTRACTED,MD,PASSENGER CAR,STOPPED IN TRAFFIC LANE,35,No,2017,FORD,UNKNOWN,39.05869382,-77.12092419,2023,6,17
230027804,Property Damage Crash,06/09/2023 04:47:00 PM,EPSILON DR,NA,SAME DIRECTION SIDESWIPE,Clear,DRY,Daylight,NO CONTROLS,NONE DETECTED,Yes,No Apparent Injury,N/A,UNKNOWN,MD,PASSENGER CAR,MOVING CONSTANT SPEED,45,No,2011,TOYOTA,CAMRY,39.13767332,-77.15400756,2023,6,16
230027804,Property Damage Crash,06/09/2023 04:47:00 PM,EPSILON DR,NA,SAME DIRECTION SIDESWIPE,Clear,DRY,Daylight,NO CONTROLS,NONE DETECTED,Yes,No Apparent Injury,N/A,UNKNOWN,MD,"CARGO VAN/LIGHT TRUCK 2 AXLES (OVER 10,000LBS (4,536 KG))",MOVING CONSTANT SPEED,45,No,2007,FREIGHTLINER,M2,39.13767332,-77.15400756,2023,6,16
230027800,Property Damage Crash,06/09/2023 04:45:00 PM,NEW HAMPSHIRE AVE,NA,STRAIGHT MOVEMENT ANGLE,Clear,DRY,Daylight,STOP SIGN,NONE DETECTED,Yes,No Apparent Injury,N/A,LOOKED BUT DID NOT SEE,MD,PASSENGER CAR,MAKING LEFT TURN,25,No,2017,BMW,SD,39.1097,-76.99671167,2023,6,16
230027800,Property Damage Crash,06/09/2023 04:45:00 PM,NEW HAMPSHIRE AVE,NA,STRAIGHT MOVEMENT ANGLE,Clear,DRY,Daylight,STOP SIGN,NONE DETECTED,No,No Apparent Injury,N/A,NOT DISTRACTED,MD,(SPORT) UTILITY VEHICLE,MOVING CONSTANT SPEED,40,No,2016,HYUN,UT,39.1097,-76.99671167,2023,6,16
230027796,Property Damage Crash,06/09/2023 04:34:00 PM,PHILADELPHIA AVE,NA,SAME DIR REAR END,Clear,DRY,Daylight,NO CONTROLS,NONE DETECTED,No,No Apparent Injury,N/A,NOT DISTRACTED,MD,TRANSIT BUS,STOPPED IN TRAFFIC LANE,25,No,2009,GILL,HY,38.98514579,-77.019132,2023,6,16
230027796,Property Damage Crash,06/09/2023 04:34:00 PM,PHILADELPHIA AVE,NA,SAME DIR REAR END,Clear,DRY,Daylight,NO CONTROLS,NONE DETECTED,Yes,No Apparent Injury,N/A,INATTENTIVE OR LOST IN THOUGHT,MD,PASSENGER CAR,STOPPED IN TRAFFIC LANE,25,No,2018,TOYOTA,HIGHLANDER,38.98514579,-77.019132,2023,6,16
230027801,Property Damage Crash,06/09/2023 04:00:00 PM,COLESVILLE RD,NA,STRAIGHT MOVEMENT ANGLE,Clear,N/A,Daylight,NO CONTROLS,NONE DETECTED,Yes,No Apparent Injury,N/A,NOT DISTRACTED,MD,PASSENGER CAR,ACCELERATING,35,No,2018,TOYT,UT,39.02395627,-77.01130547,2023,6,16
230027801,Property Damage Crash,06/09/2023 04:00:00 PM,COLESVILLE RD,NA,STRAIGHT MOVEMENT ANGLE,Clear,N/A,Daylight,NO CONTROLS,NONE DETECTED,No,No Apparent Injury,N/A,NOT DISTRACTED,DC,OTHER BUS,ACCELERATING,35,No,2018,MCIN,BUS,39.02395627,-77.01130547,2023,6,16
230027780,Injury Crash,06/09/2023 03:30:00 PM,COLUMBIA PIKE,NA,SAME DIR REAR END,Clear,DRY,Daylight,TRAFFIC SIGNAL,NONE DETECTED,Yes,Possible Minor Injury,N/A,NOT DISTRACTED,DC,PASSENGER CAR,MOVING CONSTANT SPEED,40,No,2021,NISSAN,ROGUE,39.03973667,-76.99747333,2023,6,15
230027780,Injury Crash,06/09/2023 03:30:00 PM,COLUMBIA PIKE,NA,SAME DIR REAR END,Clear,DRY,Daylight,TRAFFIC SIGNAL,NONE DETECTED,No,Possible Minor Injury,N/A,NOT DISTRACTED,MD,PASSENGER CAR,SLOWING OR STOPPING,40,No,1998,FORD,EXPEDITION,39.03973667,-76.99747333,2023,6,15
230027780,Injury Crash,06/09/2023 03:30:00 PM,COLUMBIA PIKE,NA,SAME DIR REAR END,Clear,DRY,Daylight,TRAFFIC SIGNAL,NONE DETECTED,No,No Apparent Injury,N/A,NOT DISTRACTED,MD,PASSENGER CAR,SLOWING OR STOPPING,40,No,2018,NISSAN,ROGUE,39.03973667,-76.99747333,2023,6,15
230027778,Property Damage Crash,06/09/2023 03:29:00 PM,WATKINS MILL RD,NA,SAME DIR REAR END,Rain,WET,Daylight,NO CONTROLS,NONE DETECTED,No,No Apparent Injury,"N/A, WET",NOT DISTRACTED,MD,PASSENGER CAR,MOVING CONSTANT SPEED,35,No,2018,MITS,TK,39.157015,-77.22385667,2023,6,15
230027778,Property Damage Crash,06/09/2023 03:29:00 PM,WATKINS MILL RD,NA,SAME DIR REAR END,Rain,WET,Daylight,NO CONTROLS,NONE DETECTED,Yes,No Apparent Injury,"N/A, WET",NOT DISTRACTED,MD,PASSENGER CAR,MOVING CONSTANT SPEED,35,No,1998,HOND,SD,39.157015,-77.22385667,2023,6,15
230027779,Property Damage Crash,06/09/2023 03:12:00 PM,EPSILON DR,NA,STRAIGHT MOVEMENT ANGLE,Clear,DRY,Daylight,TRAFFIC SIGNAL,NONE DETECTED,No,No Apparent Injury,N/A,NOT DISTRACTED,MD,PASSENGER CAR,MAKING LEFT TURN,45,No,2019,HONDA,CIVIC,39.13830845,-77.15363357,2023,6,15
230027779,Property Damage Crash,06/09/2023 03:12:00 PM,EPSILON DR,NA,STRAIGHT MOVEMENT ANGLE,Clear,DRY,Daylight,TRAFFIC SIGNAL,NONE DETECTED,Yes,No Apparent Injury,N/A,NOT DISTRACTED,MD,PASSENGER CAR,MOVING CONSTANT SPEED,45,No,2013,HONDA,ACCORD,39.13830845,-77.15363357,2023,6,15
230027903,Property Damage Crash,06/09/2023 02:50:00 PM,NA,NA,OTHER,Clear,NA,Daylight,N/A,NONE DETECTED,Yes,No Apparent Injury,N/A,UNKNOWN,NA,LOW SPEED VEHICLE,PASSING,5,No,0,UNKNOWN,UNKNOWN,39.11322605,-77.03029472,2023,6,14
230027771,Property Damage Crash,06/09/2023 02:40:00 PM,GEORGIA AVE,NA,SAME DIRECTION SIDESWIPE,Clear,DRY,Daylight,TRAFFIC SIGNAL,NONE DETECTED,Yes,No Apparent Injury,N/A,LOOKED BUT DID NOT SEE,PA,FIRE VEHICLE/NON EMERGENCY,MAKING LEFT TURN,35,No,2019,PIERCE,ENFORCER,39.03202383,-77.0486885,2023,6,14
230027773,Property Damage Crash,06/09/2023 02:40:00 PM,ROCKVILLE PIKE,NA,SAME DIRECTION SIDESWIPE,Cloudy,DRY,Daylight,NO CONTROLS,NONE DETECTED,No,No Apparent Injury,N/A,NOT DISTRACTED,MD,TRANSIT BUS,SLOWING OR STOPPING,35,No,2013,NEW FLYER,BUS,38.99575267,-77.09664667,2023,6,14
230027771,Property Damage Crash,06/09/2023 02:40:00 PM,GEORGIA AVE,NA,SAME DIRECTION SIDESWIPE,Clear,DRY,Daylight,TRAFFIC SIGNAL,NONE DETECTED,No,No Apparent Injury,N/A,NOT DISTRACTED,MD,PASSENGER CAR,STOPPED IN TRAFFIC LANE,35,No,2006,HONDA,ACCORD,39.03202383,-77.0486885,2023,6,14
230027773,Property Damage Crash,06/09/2023 02:40:00 PM,ROCKVILLE PIKE,NA,SAME DIRECTION SIDESWIPE,Cloudy,DRY,Daylight,NO CONTROLS,NONE DETECTED,Yes,No Apparent Injury,N/A,UNKNOWN,NA,UNKNOWN,CHANGING LANES,35,No,0,UNKNOWN,UNKNOWN,38.99575267,-77.09664667,2023,6,14
230027769,Property Damage Crash,06/09/2023 02:20:00 PM,WISCONSIN AVE,NA,SAME DIRECTION RIGHT TURN,Cloudy,DRY,Daylight,NO CONTROLS,NONE DETECTED,Yes,No Apparent Injury,N/A,UNKNOWN,VA,PASSENGER CAR,MAKING RIGHT TURN,25,No,2016,TOYOYTA,COROLLA,38.98076833,-77.09268167,2023,6,14
230027769,Property Damage Crash,06/09/2023 02:20:00 PM,WISCONSIN AVE,NA,SAME DIRECTION RIGHT TURN,Cloudy,DRY,Daylight,NO CONTROLS,NONE DETECTED,No,No Apparent Injury,N/A,NOT DISTRACTED,MD,TRANSIT BUS,STARTING FROM LANE,25,No,2020,GILLIG,BUS,38.98076833,-77.09268167,2023,6,14
230027762,Injury Crash,06/09/2023 01:53:00 PM,VEIRS MILL RD,NA,SAME DIR REAR END,Cloudy,DRY,Daylight,TRAFFIC SIGNAL,NONE DETECTED,Yes,No Apparent Injury,N/A,NOT DISTRACTED,MD,PASSENGER CAR,MOVING CONSTANT SPEED,40,No,2010,TOYT,PV,39.07406813,-77.11336416,2023,6,13
230027762,Injury Crash,06/09/2023 01:53:00 PM,VEIRS MILL RD,NA,SAME DIR REAR END,Cloudy,DRY,Daylight,TRAFFIC SIGNAL,NONE DETECTED,No,No Apparent Injury,N/A,NOT DISTRACTED,MD,PASSENGER CAR,SLOWING OR STOPPING,40,No,1997,NISS,4S,39.07406813,-77.11336416,2023,6,13
230027753,Injury Crash,06/09/2023 01:21:00 PM,COLUMBIA PIKE,NA,HEAD ON LEFT TURN,Clear,DRY,Daylight,TRAFFIC SIGNAL,NONE DETECTED,No,No Apparent Injury,N/A,NOT DISTRACTED,MD,PASSENGER CAR,STARTING FROM LANE,40,No,2018,NISSAN,PATHFINDER,39.095606,-76.93830283,2023,6,13
230027753,Injury Crash,06/09/2023 01:21:00 PM,COLUMBIA PIKE,NA,HEAD ON LEFT TURN,Clear,DRY,Daylight,TRAFFIC SIGNAL,NONE DETECTED,Yes,Possible Minor Injury,N/A,UNKNOWN,MD,PASSENGER CAR,MAKING LEFT TURN,40,No,2018,KIA,RIO,39.095606,-76.93830283,2023,6,13
230027757,Injury Crash,06/09/2023 01:00:00 PM,RIVER RD,NA,HEAD ON LEFT TURN,Clear,DRY,Daylight,NO CONTROLS,NONE DETECTED,Yes,Possible Minor Injury,N/A,LOOKED BUT DID NOT SEE,CA,PASSENGER CAR,MAKING LEFT TURN,40,No,2017,NISSAN,SENTRA,39.03506183,-77.24052283,2023,6,13
230027757,Injury Crash,06/09/2023 01:00:00 PM,RIVER RD,NA,HEAD ON LEFT TURN,Clear,DRY,Daylight,NO CONTROLS,NONE DETECTED,No,No Apparent Injury,N/A,NOT DISTRACTED,MD,(SPORT) UTILITY VEHICLE,MOVING CONSTANT SPEED,40,No,2018,MAZDA,CX3,39.03506183,-77.24052283,2023,6,13
230027750,Property Damage Crash,06/09/2023 12:52:00 PM,COMMERCE LA,NA,SINGLE VEHICLE,Clear,DRY,Daylight,NO CONTROLS,NONE DETECTED,Yes,No Apparent Injury,N/A,NOT DISTRACTED,NA,PICKUP TRUCK,BACKING,25,No,2023,CHEVY,XX,38.9858771,-77.09504988,2023,6,12
230027742,Property Damage Crash,06/09/2023 12:20:00 PM,WOOTTON PKWY,NA,STRAIGHT MOVEMENT ANGLE,Cloudy,DRY,Daylight,STOP SIGN,NONE DETECTED,No,No Apparent Injury,N/A,UNKNOWN,MD,PASSENGER CAR,MOVING CONSTANT SPEED,30,No,2021,ACUR,SD,39.07573033,-77.140275,2023,6,12
230027742,Property Damage Crash,06/09/2023 12:20:00 PM,WOOTTON PKWY,NA,STRAIGHT MOVEMENT ANGLE,Cloudy,DRY,Daylight,STOP SIGN,NONE DETECTED,Yes,No Apparent Injury,N/A,UNKNOWN,MD,PASSENGER CAR,MAKING LEFT TURN,25,No,2006,TOYT,TK,39.07573033,-77.140275,2023,6,12