Local Case Number,ACRS Report Type,Crash Date/Time,Road Name,Related Non-Motorist,Collision Type,Weather,Surface Condition,Light,Traffic Control,Driver Substance Abuse,Driver At Fault,Injury Severity,Circumstance,Driver Distracted By,Drivers License State,Vehicle Body Type,Vehicle Movement,Speed Limit,Driverless Vehicle,Vehicle Year,Vehicle Make,Vehicle Model,Latitude,Longitude,Year,Month,Hour
230027359,Property Damage Crash,06/07/2023 02:37:00 PM,SYCAMORE AVE,NA,OTHER,Clear,DRY,Daylight,NO CONTROLS,NONE DETECTED,Yes,No Apparent Injury,N/A,UNKNOWN,NA,PASSENGER CAR,MOVING CONSTANT SPEED,10,No,0,INFINITI,Q50,38.977151,-77.00518167,2023,6,14
230027354,Property Damage Crash,06/07/2023 02:25:00 PM,NA,NA,OTHER,Clear,NA,Daylight,NO CONTROLS,NONE DETECTED,Yes,No Apparent Injury,N/A,UNKNOWN,MD,PASSENGER CAR,ACCELERATING,15,No,2013,ACUR,TK,39.0560352,-77.08039586,2023,6,14
230027689,Property Damage Crash,06/07/2023 02:07:00 PM,FREDERICK RD,NA,STRAIGHT MOVEMENT ANGLE,Clear,DRY,Daylight,TRAFFIC SIGNAL,NONE DETECTED,Yes,No Apparent Injury,N/A,INATTENTIVE OR LOST IN THOUGHT,MD,AMBULANCE/EMERGENCY,MOVING CONSTANT SPEED,40,No,2020,HONDA,INSIGHT,39.20455173,-77.24591739,2023,6,14
230027689,Property Damage Crash,06/07/2023 02:07:00 PM,FREDERICK RD,NA,STRAIGHT MOVEMENT ANGLE,Clear,DRY,Daylight,TRAFFIC SIGNAL,NONE DETECTED,No,No Apparent Injury,N/A,NOT DISTRACTED,MD,PASSENGER CAR,MAKING LEFT TURN,40,No,2022,TESLA,Y,39.20455173,-77.24591739,2023,6,14
230027330,Injury Crash,06/07/2023 12:13:00 PM,W MONTGOMERY AVE,NA,HEAD ON LEFT TURN,Clear,DRY,Daylight,TRAFFIC SIGNAL,NONE DETECTED,Unknown,Possible Minor Injury,N/A,NOT DISTRACTED,MD,PASSENGER CAR,MOVING CONSTANT SPEED,45,No,2020,DODGE,CHARGER,39.09993083,-77.18524317,2023,6,12
230027330,Injury Crash,06/07/2023 12:13:00 PM,W MONTGOMERY AVE,NA,HEAD ON LEFT TURN,Clear,DRY,Daylight,TRAFFIC SIGNAL,NONE DETECTED,Unknown,No Apparent Injury,N/A,NOT DISTRACTED,DC,PASSENGER CAR,MAKING LEFT TURN,45,No,2013,TOYOTA,COROLLA,39.09993083,-77.18524317,2023,6,12
230027327,Property Damage Crash,06/07/2023 11:20:00 AM,NA,NA,OTHER,Cloudy,NA,Daylight,N/A,NONE DETECTED,Yes,No Apparent Injury,N/A,NOT DISTRACTED,MD,PASSENGER CAR,BACKING,5,No,2009,HONDA,CRV,39.04781667,-77.08477833,2023,6,11
230027327,Property Damage Crash,06/07/2023 11:20:00 AM,NA,NA,OTHER,Cloudy,NA,Daylight,N/A,NONE DETECTED,No,No Apparent Injury,N/A,NOT DISTRACTED,MD,SCHOOL BUS,STOPPED IN TRAFFIC LANE,5,No,2020,THOMAS,HSB,39.04781667,-77.08477833,2023,6,11
230027310,Property Damage Crash,06/07/2023 10:49:00 AM,WOOTTON PKWY,NA,HEAD ON LEFT TURN,Clear,DRY,Daylight,TRAFFIC SIGNAL,NONE DETECTED,No,No Apparent Injury,N/A,NOT DISTRACTED,MD,PASSENGER CAR,MOVING CONSTANT SPEED,40,No,1998,FORD,EXPLORER,39.06680006,-77.16154596,2023,6,10
230027310,Property Damage Crash,06/07/2023 10:49:00 AM,WOOTTON PKWY,NA,HEAD ON LEFT TURN,Clear,DRY,Daylight,TRAFFIC SIGNAL,NONE DETECTED,Yes,No Apparent Injury,N/A,NOT DISTRACTED,VA,PASSENGER CAR,MOVING CONSTANT SPEED,40,No,2018,MAZD,UT,39.06680006,-77.16154596,2023,6,10
230027307,Property Damage Crash,06/07/2023 10:15:00 AM,WAVERLY ST,NA,SAME DIRECTION RIGHT TURN,Cloudy,DRY,Daylight,NO CONTROLS,NONE DETECTED,Yes,No Apparent Injury,N/A,DISTRACTED BY OUTSIDE PERSON OBJECT OR EVENT,MD,PASSENGER CAR,MAKING RIGHT TURN,5,No,1999,TOYOTA,COROLLA,38.9845995,-77.0923265,2023,6,10
230027307,Property Damage Crash,06/07/2023 10:15:00 AM,WAVERLY ST,NA,SAME DIRECTION RIGHT TURN,Cloudy,DRY,Daylight,NO CONTROLS,NONE DETECTED,No,No Apparent Injury,N/A,NOT DISTRACTED,VA,PASSENGER CAR,MOVING CONSTANT SPEED,25,No,2018,BMW,X5,38.9845995,-77.0923265,2023,6,10
230027304,Property Damage Crash,06/07/2023 10:08:00 AM,NEW HAMPSHIRE AVE,NA,SAME DIRECTION LEFT TURN,Clear,DRY,Daylight,TRAFFIC SIGNAL,NONE DETECTED,No,No Apparent Injury,N/A,NOT DISTRACTED,MD,PASSENGER CAR,MOVING CONSTANT SPEED,35,No,2013,BMW,TK,39.03736083,-76.98970267,2023,6,10
230027304,Property Damage Crash,06/07/2023 10:08:00 AM,NEW HAMPSHIRE AVE,NA,SAME DIRECTION LEFT TURN,Clear,DRY,Daylight,TRAFFIC SIGNAL,NONE DETECTED,Yes,No Apparent Injury,N/A,UNKNOWN,MD,TRANSIT BUS,MOVING CONSTANT SPEED,35,No,2014,GILLIS,BUS,39.03736083,-76.98970267,2023,6,10
230027282,Injury Crash,06/07/2023 08:46:00 AM,MT PISGAH RD,PEDESTRIAN,SINGLE VEHICLE,Cloudy,DRY,Daylight,NO CONTROLS,NONE DETECTED,No,No Apparent Injury,N/A,NOT DISTRACTED,MD,PASSENGER CAR,MOVING CONSTANT SPEED,25,No,2015,TOYOTA,RAV4,39.01530833,-76.97674317,2023,6,8
230027283,Property Damage Crash,06/07/2023 08:40:00 AM,COLUMBIA PIKE,NA,SAME DIR REAR END,Cloudy,DRY,Daylight,TRAFFIC SIGNAL,NONE DETECTED,Yes,No Apparent Injury,N/A,LOOKED BUT DID NOT SEE,MD,PASSENGER CAR,MOVING CONSTANT SPEED,45,No,2021,NISSAN,VAN,39.040125,-76.99713267,2023,6,8
230027283,Property Damage Crash,06/07/2023 08:40:00 AM,COLUMBIA PIKE,NA,SAME DIR REAR END,Cloudy,DRY,Daylight,TRAFFIC SIGNAL,NONE DETECTED,No,No Apparent Injury,N/A,NOT DISTRACTED,MD,SCHOOL BUS,SLOWING OR STOPPING,45,No,2015,FRHT,BU,39.040125,-76.99713267,2023,6,8
230027277,Injury Crash,06/07/2023 07:28:00 AM,MONTROSE RD,NA,SAME DIR REAR END,Clear,DRY,Daylight,TRAFFIC SIGNAL,NONE DETECTED,No,Possible Minor Injury,N/A,NOT DISTRACTED,MD,PASSENGER CAR,SLOWING OR STOPPING,40,No,2000,VOLKSWAGEN,GOLF,39.05719532,-77.16054177,2023,6,7
230027277,Injury Crash,06/07/2023 07:28:00 AM,MONTROSE RD,NA,SAME DIR REAR END,Clear,DRY,Daylight,TRAFFIC SIGNAL,NONE DETECTED,No,No Apparent Injury,N/A,NOT DISTRACTED,MD,"OTHER LIGHT TRUCKS (10,000LBS (4,536KG) OR LESS)",SLOWING OR STOPPING,40,No,1997,FORD,F150,39.05719532,-77.16054177,2023,6,7
230027277,Injury Crash,06/07/2023 07:28:00 AM,MONTROSE RD,NA,SAME DIR REAR END,Clear,DRY,Daylight,TRAFFIC SIGNAL,NONE DETECTED,Yes,No Apparent Injury,N/A,NOT DISTRACTED,MD,PASSENGER CAR,SLOWING OR STOPPING,40,No,2010,SUBARU,FORESTER,39.05719532,-77.16054177,2023,6,7
230027252,Property Damage Crash,06/06/2023 09:31:00 PM,FREDERICK RD,NA,STRAIGHT MOVEMENT ANGLE,Clear,DRY,Medium,STOP SIGN,NONE DETECTED,Yes,No Apparent Injury,N/A,UNKNOWN,MD,PASSENGER CAR,MAKING LEFT TURN,15,No,2010,TOYOTA,PRIUS,39.14462773,-77.20226032,2023,6,21
230027252,Property Damage Crash,06/06/2023 09:31:00 PM,FREDERICK RD,NA,STRAIGHT MOVEMENT ANGLE,Clear,DRY,Medium,STOP SIGN,NONE DETECTED,No,No Apparent Injury,N/A,NOT DISTRACTED,MD,PASSENGER CAR,MOVING CONSTANT SPEED,35,No,2010,HONDA,ACCORD,39.14462773,-77.20226032,2023,6,21
230027254,Injury Crash,06/06/2023 09:31:00 PM,UNIVERSITY BLVD W,NA,SINGLE VEHICLE,Clear,DRY,Medium,NO CONTROLS,NONE DETECTED,Yes,Possible Minor Injury,N/A,UNKNOWN,MD,(SPORT) UTILITY VEHICLE,MOVING CONSTANT SPEED,35,No,2017,CHEVY,TRAVERSE,39.02668027,-77.02066092,2023,6,21
230027238,Property Damage Crash,06/06/2023 08:05:00 PM,MIDDLEBROOK RD,NA,SAME DIRECTION LEFT TURN,Clear,DRY,Daylight,FLASHING TRAFFIC SIGNAL,NONE DETECTED,Yes,No Apparent Injury,N/A,LOOKED BUT DID NOT SEE,XX,PASSENGER CAR,MOVING CONSTANT SPEED,40,No,2003,HONDA,PILOT,39.17611182,-77.24569688,2023,6,20
230027238,Property Damage Crash,06/06/2023 08:05:00 PM,MIDDLEBROOK RD,NA,SAME DIRECTION LEFT TURN,Clear,DRY,Daylight,FLASHING TRAFFIC SIGNAL,NONE DETECTED,No,No Apparent Injury,N/A,NOT DISTRACTED,TX,PASSENGER CAR,MOVING CONSTANT SPEED,40,No,2021,ACURA,TLX,39.17611182,-77.24569688,2023,6,20
230027235,Injury Crash,06/06/2023 07:58:00 PM,TWINBROOK PKWY,NA,ANGLE MEETS LEFT HEAD ON,Clear,DRY,Daylight,TRAFFIC SIGNAL,NONE DETECTED,Yes,No Apparent Injury,N/A,UNKNOWN,MD,PASSENGER CAR,MAKING LEFT TURN,35,No,2001,SUBARU,OUTBACK,39.05876917,-77.11902833,2023,6,19
230027235,Injury Crash,06/06/2023 07:58:00 PM,TWINBROOK PKWY,NA,ANGLE MEETS LEFT HEAD ON,Clear,DRY,Daylight,TRAFFIC SIGNAL,NONE DETECTED,No,Possible Minor Injury,N/A,NOT DISTRACTED,MD,PASSENGER CAR,MOVING CONSTANT SPEED,35,No,2019,HYUNDAI,SANTA FE,39.05876917,-77.11902833,2023,6,19
230027226,Property Damage Crash,06/06/2023 07:26:00 PM,NA,NA,UNKNOWN,Clear,NA,Dark,N/A,NONE DETECTED,Yes,No Apparent Injury,N/A,UNKNOWN,NA,UNKNOWN,UNKNOWN,15,No,0,UNKNOWN,UNKNOWN,39.14648448,-77.22503237,2023,6,19
230027218,Property Damage Crash,06/06/2023 06:24:00 PM,GARLAND AVE,NA,SAME DIRECTION SIDESWIPE,Clear,DRY,Daylight,NO CONTROLS,NONE DETECTED,No,No Apparent Injury,N/A,NOT DISTRACTED,MD,PASSENGER CAR,MOVING CONSTANT SPEED,30,No,2014,HONDA,PILOT,38.99862686,-76.99873545,2023,6,18
230027218,Property Damage Crash,06/06/2023 06:24:00 PM,GARLAND AVE,NA,SAME DIRECTION SIDESWIPE,Clear,DRY,Daylight,NO CONTROLS,NONE DETECTED,Yes,No Apparent Injury,N/A,NOT DISTRACTED,MD,PASSENGER CAR,CHANGING LANES,30,No,2018,DODGE,CARAVAN,38.99862686,-76.99873545,2023,6,18
230027211,Property Damage Crash,06/06/2023 05:57:00 PM,NEW HAMPSHIRE AVE,NA,SAME DIRECTION SIDESWIPE,Clear,DRY,Daylight,NO CONTROLS,NONE DETECTED,No,No Apparent Injury,N/A,NOT DISTRACTED,MD,PASSENGER CAR,MOVING CONSTANT SPEED,40,No,2010,NISSAN,4S,39.04632922,-76.99247022,2023,6,17
230027211,Property Damage Crash,06/06/2023 05:57:00 PM,NEW HAMPSHIRE AVE,NA,SAME DIRECTION SIDESWIPE,Clear,DRY,Daylight,NO CONTROLS,NONE DETECTED,Yes,No Apparent Injury,N/A,NOT DISTRACTED,MD,PASSENGER CAR,CHANGING LANES,40,No,2010,HYUNDAI,4S,39.04632922,-76.99247022,2023,6,17
230027210,Property Damage Crash,06/06/2023 05:32:00 PM,GEORGIA AVE,NA,SAME DIR REAR END,Clear,DRY,Daylight,N/A,NONE DETECTED,Yes,No Apparent Injury,N/A,LOOKED BUT DID NOT SEE,MD,PASSENGER CAR,MOVING CONSTANT SPEED,20,No,2002,JEEP,CHEROKEE,39.01853167,-77.043305,2023,6,17
230027210,Property Damage Crash,06/06/2023 05:32:00 PM,GEORGIA AVE,NA,SAME DIR REAR END,Clear,DRY,Daylight,N/A,NONE DETECTED,No,No Apparent Injury,N/A,NOT DISTRACTED,MD,PASSENGER CAR,N/A,10,No,2021,NISSAN,MAX,39.01853167,-77.043305,2023,6,17
230027210,Property Damage Crash,06/06/2023 05:32:00 PM,GEORGIA AVE,NA,SAME DIR REAR END,Clear,DRY,Daylight,N/A,NONE DETECTED,No,No Apparent Injury,N/A,NOT DISTRACTED,MD,PASSENGER CAR,SLOWING OR STOPPING,15,No,2018,HONDA,ODDESSY,39.01853167,-77.043305,2023,6,17
230027210,Property Damage Crash,06/06/2023 05:32:00 PM,GEORGIA AVE,NA,SAME DIR REAR END,Clear,DRY,Daylight,N/A,NONE DETECTED,No,No Apparent Injury,N/A,NOT DISTRACTED,MD,PASSENGER CAR,SLOWING OR STOPPING,10,No,0,UNKNOWN,UNKNOWN,39.01853167,-77.043305,2023,6,17
230027208,Injury Crash,06/06/2023 05:13:00 PM,BROADWAY AVE.,NA,HEAD ON LEFT TURN,Clear,DRY,Daylight,NO CONTROLS,NONE DETECTED,No,Possible Minor Injury,N/A,NOT DISTRACTED,MD,PASSENGER CAR,MOVING CONSTANT SPEED,25,No,2015,BMW,X1,39.22429333,-77.289915,2023,6,17
230027208,Injury Crash,06/06/2023 05:13:00 PM,BROADWAY AVE.,NA,HEAD ON LEFT TURN,Clear,DRY,Daylight,NO CONTROLS,NONE DETECTED,Yes,No Apparent Injury,N/A,NOT DISTRACTED,MD,PASSENGER CAR,MAKING LEFT TURN,25,No,2022,HONDA,CRV,39.22429333,-77.289915,2023,6,17
230027200,Property Damage Crash,06/06/2023 05:05:00 PM,LAYTONSVILLE RD,NA,SAME DIR REAR END,Clear,DRY,Daylight,NO CONTROLS,NONE DETECTED,No,No Apparent Injury,N/A,NOT DISTRACTED,MD,PASSENGER CAR,MAKING LEFT TURN,40,No,2017,TOYOTA,VAN,39.220605,-77.142786,2023,6,17
230027200,Property Damage Crash,06/06/2023 05:05:00 PM,LAYTONSVILLE RD,NA,SAME DIR REAR END,Clear,DRY,Daylight,NO CONTROLS,NONE DETECTED,Yes,No Apparent Injury,N/A,NOT DISTRACTED,MD,PASSENGER CAR,MOVING CONSTANT SPEED,40,No,2001,DODGE,SEDAN,39.220605,-77.142786,2023,6,17
230027204,Property Damage Crash,06/06/2023 05:03:00 PM,NA,NA,SAME DIR REAR END,Clear,NA,Daylight,NO CONTROLS,NONE DETECTED,No,No Apparent Injury,N/A,NOT DISTRACTED,MD,PASSENGER CAR,PARKED,10,No,2020,NISSAN,KICKS,39.15574833,-77.19976,2023,6,17
230027182,Property Damage Crash,06/06/2023 03:40:00 PM,COLUMBIA PIKE,NA,SAME DIR REAR END,Clear,DRY,Daylight,NO CONTROLS,NONE DETECTED,Unknown,No Apparent Injury,N/A,NOT DISTRACTED,MD,PASSENGER CAR,SLOWING OR STOPPING,50,No,2021,CHEVROLET,TAHOE,39.05624233,-76.97111767,2023,6,15
230027182,Property Damage Crash,06/06/2023 03:40:00 PM,COLUMBIA PIKE,NA,SAME DIR REAR END,Clear,DRY,Daylight,NO CONTROLS,NONE DETECTED,Unknown,No Apparent Injury,N/A,NOT DISTRACTED,MD,PASSENGER CAR,SLOWING OR STOPPING,50,No,2014,TOYT,SD,39.05624233,-76.97111767,2023,6,15
230027183,Injury Crash,06/06/2023 03:35:00 PM,RIDGE RD,NA,SAME DIR REAR END,Clear,DRY,Daylight,N/A,NONE DETECTED,Yes,No Apparent Injury,N/A,INATTENTIVE OR LOST IN THOUGHT,MD,PASSENGER CAR,MOVING CONSTANT SPEED,40,No,2001,TOYOTA,CAMRY,39.26027,-77.22318167,2023,6,15
230027183,Injury Crash,06/06/2023 03:35:00 PM,RIDGE RD,NA,SAME DIR REAR END,Clear,DRY,Daylight,N/A,NONE DETECTED,No,No Apparent Injury,N/A,NOT DISTRACTED,PA,PICKUP TRUCK,SLOWING OR STOPPING,40,No,2014,FORD,SUPER DUTY,39.26027,-77.22318167,2023,6,15
230027184,Property Damage Crash,06/06/2023 03:30:00 PM,ASPEN HILL RD,NA,SAME DIRECTION SIDESWIPE,Clear,DRY,Daylight,NO CONTROLS,NONE DETECTED,Yes,No Apparent Injury,N/A,LOOKED BUT DID NOT SEE,XX,PASSENGER CAR,CHANGING LANES,30,No,2019,HONDA,CIVIC,39.06974833,-77.1045915,2023,6,15
230027184,Property Damage Crash,06/06/2023 03:30:00 PM,ASPEN HILL RD,NA,SAME DIRECTION SIDESWIPE,Clear,DRY,Daylight,NO CONTROLS,NONE DETECTED,No,No Apparent Injury,N/A,NOT DISTRACTED,MD,PASSENGER CAR,MOVING CONSTANT SPEED,30,No,2006,TOYOTA,SCION XB,39.06974833,-77.1045915,2023,6,15
230027181,Property Damage Crash,06/06/2023 02:37:00 PM,TWINBROOK PKWY,NA,SAME DIRECTION SIDESWIPE,Clear,DRY,Daylight,TRAFFIC SIGNAL,NONE DETECTED,Yes,No Apparent Injury,N/A,UNKNOWN,MD,PASSENGER CAR,MAKING LEFT TURN,25,No,2016,TOYOTA,4D,39.05873314,-77.11923278,2023,6,14
230027181,Property Damage Crash,06/06/2023 02:37:00 PM,TWINBROOK PKWY,NA,SAME DIRECTION SIDESWIPE,Clear,DRY,Daylight,TRAFFIC SIGNAL,NONE DETECTED,No,No Apparent Injury,N/A,NOT DISTRACTED,MD,PASSENGER CAR,STOPPED IN TRAFFIC LANE,25,No,2012,HOND,4S,39.05873314,-77.11923278,2023,6,14
230027169,Property Damage Crash,06/06/2023 02:27:00 PM,FREDERICK RD,NA,HEAD ON LEFT TURN,Clear,DRY,Daylight,STOP SIGN,NONE DETECTED,No,No Apparent Injury,N/A,NOT DISTRACTED,MD,(SPORT) UTILITY VEHICLE,MOVING CONSTANT SPEED,45,No,2015,LEXUS,RX350,39.21499042,-77.2511485,2023,6,14
230027169,Property Damage Crash,06/06/2023 02:27:00 PM,FREDERICK RD,NA,HEAD ON LEFT TURN,Clear,DRY,Daylight,STOP SIGN,NONE DETECTED,Yes,No Apparent Injury,N/A,NOT DISTRACTED,MD,PASSENGER CAR,MAKING LEFT TURN,45,No,2018,TESLA,4S,39.21499042,-77.2511485,2023,6,14
230027161,Property Damage Crash,06/06/2023 01:40:00 PM,COLESVILLE RD,NA,STRAIGHT MOVEMENT ANGLE,Clear,DRY,Daylight,STOP SIGN,NONE DETECTED,Yes,No Apparent Injury,N/A,LOOKED BUT DID NOT SEE,MD,PASSENGER CAR,MAKING LEFT TURN,35,No,2019,HONDA,CRV,39.02399391,-77.01147456,2023,6,13
230027161,Property Damage Crash,06/06/2023 01:40:00 PM,COLESVILLE RD,NA,STRAIGHT MOVEMENT ANGLE,Clear,DRY,Daylight,STOP SIGN,NONE DETECTED,No,No Apparent Injury,N/A,NOT DISTRACTED,MD,PASSENGER CAR,MOVING CONSTANT SPEED,35,No,2012,CHEV,TRAVERSE,39.02399391,-77.01147456,2023,6,13
230027136,Property Damage Crash,06/06/2023 11:50:00 AM,OLNEY SANDY SPRING RD,NA,STRAIGHT MOVEMENT ANGLE,Clear,DRY,Daylight,TRAFFIC SIGNAL,NONE DETECTED,No,No Apparent Injury,N/A,NOT DISTRACTED,MD,PASSENGER CAR,MAKING LEFT TURN,30,No,2019,HONDA,CRV,39.15289892,-77.0666732,2023,6,11
230027136,Property Damage Crash,06/06/2023 11:50:00 AM,OLNEY SANDY SPRING RD,NA,STRAIGHT MOVEMENT ANGLE,Clear,DRY,Daylight,TRAFFIC SIGNAL,NONE DETECTED,Yes,No Apparent Injury,N/A,UNKNOWN,MD,PASSENGER CAR,MOVING CONSTANT SPEED,35,No,2014,VOLKSWAGON,GLI,39.15289892,-77.0666732,2023,6,11
230027170,Property Damage Crash,06/06/2023 11:04:00 AM,DAMASCUS RD,NA,STRAIGHT MOVEMENT ANGLE,Clear,UNKNOWN,Daylight,TRAFFIC SIGNAL,NONE DETECTED,No,No Apparent Injury,N/A,NOT DISTRACTED,MD,PICKUP TRUCK,MAKING LEFT TURN,40,No,2003,CHEV,SILV,39.22151769,-77.05985728,2023,6,11
230027170,Property Damage Crash,06/06/2023 11:04:00 AM,DAMASCUS RD,NA,STRAIGHT MOVEMENT ANGLE,Clear,UNKNOWN,Daylight,TRAFFIC SIGNAL,NONE DETECTED,Yes,No Apparent Injury,N/A,UNKNOWN,NA,PASSENGER CAR,UNKNOWN,40,No,2014,VOLK,GLI,39.22151769,-77.05985728,2023,6,11
230027118,Property Damage Crash,06/06/2023 10:45:00 AM,CEDAR LA,NA,SAME DIRECTION LEFT TURN,Clear,DRY,Daylight,TRAFFIC SIGNAL,NONE DETECTED,No,No Apparent Injury,N/A,NOT DISTRACTED,MD,POLICE VEHICLE/EMERGENCY,SLOWING OR STOPPING,25,No,2004,CHEV,TK,39.00657167,-77.09696,2023,6,10
230027118,Property Damage Crash,06/06/2023 10:45:00 AM,CEDAR LA,NA,SAME DIRECTION LEFT TURN,Clear,DRY,Daylight,TRAFFIC SIGNAL,NONE DETECTED,Yes,No Apparent Injury,N/A,NOT DISTRACTED,MD,TRANSIT BUS,SLOWING OR STOPPING,25,No,2022,GILG,BU,39.00657167,-77.09696,2023,6,10
230027115,Injury Crash,06/06/2023 10:35:00 AM,MAIN ST,PEDESTRIAN,STRAIGHT MOVEMENT ANGLE,Clear,DRY,Daylight,YIELD SIGN,NONE DETECTED,Yes,No Apparent Injury,N/A,LOOKED BUT DID NOT SEE,MD,PASSENGER CAR,MAKING RIGHT TURN,25,No,2014,TOYT,4S,39.123255,-77.23887333,2023,6,10
230027113,Injury Crash,06/06/2023 09:49:00 AM,FREDERICK RD,NA,SAME DIR REAR END,Cloudy,DRY,Daylight,TRAFFIC SIGNAL,NONE DETECTED,No,Possible Minor Injury,N/A,NOT DISTRACTED,MD,PASSENGER CAR,STOPPED IN TRAFFIC LANE,35,No,1992,MERCURY,GRAND MARQUIS,39.12927667,-77.167456670000007,2023,6,9
230027113,Injury Crash,06/06/2023 09:49:00 AM,FREDERICK RD,NA,SAME DIR REAR END,Cloudy,DRY,Daylight,TRAFFIC SIGNAL,NONE DETECTED,Yes,No Apparent Injury,N/A,UNKNOWN,MD,POLICE VEHICLE/NON EMERGENCY,SLOWING OR STOPPING,35,No,2019,DODGE,CHARGER,39.12927667,-77.167456670000007,2023,6,9
230027100,Property Damage Crash,06/06/2023 08:38:00 AM,WOODMONT AVE,NA,SAME DIRECTION LEFT TURN,Clear,DRY,Daylight,TRAFFIC SIGNAL,NONE DETECTED,No,No Apparent Injury,N/A,NOT DISTRACTED,MD,PASSENGER CAR,MOVING CONSTANT SPEED,25,No,2015,DODGE,CHARGER,38.98348713,-77.09591432,2023,6,8
230027100,Property Damage Crash,06/06/2023 08:38:00 AM,WOODMONT AVE,NA,SAME DIRECTION LEFT TURN,Clear,DRY,Daylight,TRAFFIC SIGNAL,NONE DETECTED,Yes,No Apparent Injury,N/A,NOT DISTRACTED,MD,TRANSIT BUS,MAKING LEFT TURN,25,No,2013,TBU,BUS,38.98348713,-77.09591432,2023,6,8
230027093,Property Damage Crash,06/06/2023 07:01:00 AM,FREDERICK RD,NA,SAME DIRECTION SIDESWIPE,Clear,DRY,Daylight,NO CONTROLS,NONE DETECTED,Yes,No Apparent Injury,N/A,LOOKED BUT DID NOT SEE,MD,(SPORT) UTILITY VEHICLE,CHANGING LANES,45,No,2011,GMC,YUKON,39.20193609,-77.24540779,2023,6,7
230027093,Property Damage Crash,06/06/2023 07:01:00 AM,FREDERICK RD,NA,SAME DIRECTION SIDESWIPE,Clear,DRY,Daylight,NO CONTROLS,NONE DETECTED,No,No Apparent Injury,N/A,NOT DISTRACTED,MD,SNOWMOBILE,MOVING CONSTANT SPEED,45,No,2007,HONDA,CRV,39.20193609,-77.24540779,2023,6,7
230027090,Property Damage Crash,06/06/2023 05:21:00 AM,NORBECK RD,NA,SINGLE VEHICLE,Clear,DRY,Medium,NO CONTROLS,NONE DETECTED,Yes,No Apparent Injury,"ANIMAL, N/A",NOT DISTRACTED,MD,PASSENGER CAR,MOVING CONSTANT SPEED,45,No,2014,FORD,CMAX,39.12276,-77.0016005,2023,6,5
230027089,Property Damage Crash,06/06/2023 02:44:00 AM,WATKINS MILL RD,NA,SINGLE VEHICLE,Clear,DRY,Medium,N/A,ALCOHOL PRESENT,Yes,No Apparent Injury,N/A,UNKNOWN,MD,PASSENGER CAR,MOVING CONSTANT SPEED,35,No,2013,HONDA,CIVIC,39.18991112,-77.22025057,2023,6,2
230027085,Injury Crash,06/06/2023 02:22:00 AM,GEORGIA AVE,NA,HEAD ON,Clear,N/A,Medium,NO CONTROLS,ALCOHOL PRESENT,Yes,Possible Minor Injury,N/A,NOT DISTRACTED,MD,PASSENGER CAR,ACCELERATING,35,No,2017,TOYOTA,CAMRY,38.98760299,-77.0265993,2023,6,2
230027062,Injury Crash,06/05/2023 08:30:00 PM,RANDOLPH RD,NA,HEAD ON LEFT TURN,Clear,DRY,Medium,TRAFFIC SIGNAL,NONE DETECTED,Yes,Suspected Serious Injury,N/A,UNKNOWN,MD,MOTORCYCLE,MOVING CONSTANT SPEED,35,No,2015,HONDA,CBR1000RR,39.058395,-77.05525667,2023,6,20
230027062,Injury Crash,06/05/2023 08:30:00 PM,RANDOLPH RD,NA,HEAD ON LEFT TURN,Clear,DRY,Medium,TRAFFIC SIGNAL,NONE DETECTED,No,No Apparent Injury,N/A,NOT DISTRACTED,MD,PASSENGER CAR,MAKING LEFT TURN,35,No,2021,TOYT,UT,39.058395,-77.05525667,2023,6,20
230027031,Injury Crash,06/05/2023 05:00:00 PM,S FREDERICK RD,NA,SAME DIR REAR END,Clear,DRY,Daylight,NO CONTROLS,NONE DETECTED,Yes,Possible Minor Injury,N/A,UNKNOWN,MD,PASSENGER CAR,SLOWING OR STOPPING,30,No,2018,DODGE,CARAVAN,39.12669283,-77.183556,2023,6,17
230027031,Injury Crash,06/05/2023 05:00:00 PM,S FREDERICK RD,NA,SAME DIR REAR END,Clear,DRY,Daylight,NO CONTROLS,NONE DETECTED,No,No Apparent Injury,N/A,NOT DISTRACTED,MD,PASSENGER CAR,SLOWING OR STOPPING,30,No,2000,HONDA,CIVIC,39.12669283,-77.183556,2023,6,17
230027027,Property Damage Crash,06/05/2023 04:45:00 PM,OLD GEORGETOWN RD,NA,HEAD ON LEFT TURN,Clear,DRY,Daylight,NO CONTROLS,NONE DETECTED,No,No Apparent Injury,N/A,NOT DISTRACTED,MD,PASSENGER CAR,MOVING CONSTANT SPEED,30,No,2018,KIA,UT,38.987445,-77.09741,2023,6,16
230027027,Property Damage Crash,06/05/2023 04:45:00 PM,OLD GEORGETOWN RD,NA,HEAD ON LEFT TURN,Clear,DRY,Daylight,NO CONTROLS,NONE DETECTED,Yes,No Apparent Injury,N/A,LOOKED BUT DID NOT SEE,VA,PASSENGER CAR,MAKING LEFT TURN,30,No,2013,HONDA,FIT,38.987445,-77.09741,2023,6,16
230027025,Injury Crash,06/05/2023 04:38:00 PM,GREENTREE RD,PEDESTRIAN,HEAD ON,Clear,DRY,Daylight,NO CONTROLS,NONE DETECTED,No,Possible Minor Injury,N/A,NOT DISTRACTED,MD,PASSENGER CAR,MOVING CONSTANT SPEED,25,No,2022,TESL,HB,39.00093833,-77.12096167,2023,6,16
230027025,Injury Crash,06/05/2023 04:38:00 PM,GREENTREE RD,PEDESTRIAN,HEAD ON,Clear,DRY,Daylight,NO CONTROLS,NONE DETECTED,No,Possible Minor Injury,N/A,NOT DISTRACTED,MD,PASSENGER CAR,MOVING CONSTANT SPEED,25,No,2015,VOLK,JETTA,39.00093833,-77.12096167,2023,6,16
230027018,Injury Crash,06/05/2023 04:31:00 PM,GEORGIA AVE,NA,OTHER,Clear,DRY,Daylight,TRAFFIC SIGNAL,NONE DETECTED,No,Possible Minor Injury,N/A,NOT DISTRACTED,MD,RECREATIONAL VEHICLE,STOPPED IN TRAFFIC LANE,30,No,2013,TOYT,RAV4,39.02909,-77.047365,2023,6,16
230027018,Injury Crash,06/05/2023 04:31:00 PM,GEORGIA AVE,NA,OTHER,Clear,DRY,Daylight,TRAFFIC SIGNAL,NONE DETECTED,No,No Apparent Injury,N/A,NOT DISTRACTED,MD,PASSENGER CAR,STOPPED IN TRAFFIC LANE,30,No,2014,MITS,OUTLANDER,39.02909,-77.047365,2023,6,16
230027018,Injury Crash,06/05/2023 04:31:00 PM,GEORGIA AVE,NA,OTHER,Clear,DRY,Daylight,TRAFFIC SIGNAL,NONE DETECTED,Yes,No Apparent Injury,N/A,LOOKED BUT DID NOT SEE,MD,PASSENGER CAR,SLOWING OR STOPPING,30,No,2016,ACUR,TLX,39.02909,-77.047365,2023,6,16
230027018,Injury Crash,06/05/2023 04:31:00 PM,GEORGIA AVE,NA,OTHER,Clear,DRY,Daylight,TRAFFIC SIGNAL,NONE DETECTED,No,No Apparent Injury,N/A,NOT DISTRACTED,VA,"OTHER LIGHT TRUCKS (10,000LBS (4,536KG) OR LESS)",STOPPED IN TRAFFIC LANE,30,No,2021,FORD,F150,39.02909,-77.047365,2023,6,16
230027017,Property Damage Crash,06/05/2023 04:31:00 PM,NA,NA,SAME DIR REAR END,Clear,NA,Daylight,NO CONTROLS,NONE DETECTED,Yes,No Apparent Injury,N/A,LOOKED BUT DID NOT SEE,MD,SCHOOL BUS,MOVING CONSTANT SPEED,0,No,2021,THOMAS,FREIGHTLINER,38.99856913,-77.03339295,2023,6,16