Local Case Number,ACRS Report Type,Crash Date/Time,Road Name,Related Non-Motorist,Collision Type,Weather,Surface Condition,Light,Traffic Control,Driver Substance Abuse,Driver At Fault,Injury Severity,Circumstance,Driver Distracted By,Drivers License State,Vehicle Body Type,Vehicle Movement,Speed Limit,Driverless Vehicle,Vehicle Year,Vehicle Make,Vehicle Model,Latitude,Longitude,Year,Month,Hour
230027002,Property Damage Crash,06/05/2023 04:30:00 PM,DEMOCRACY BLVD,NA,STRAIGHT MOVEMENT ANGLE,Clear,DRY,Daylight,STOP SIGN,NONE DETECTED,No,No Apparent Injury,"N/A, PHYSICAL OBSTRUCTION(S)",NOT DISTRACTED,MD,(SPORT) UTILITY VEHICLE,STOPPED IN TRAFFIC LANE,30,No,2019,HONDA,CRB,39.02629167,-77.19457833,2023,6,16
230027002,Property Damage Crash,06/05/2023 04:30:00 PM,DEMOCRACY BLVD,NA,STRAIGHT MOVEMENT ANGLE,Clear,DRY,Daylight,STOP SIGN,NONE DETECTED,Yes,No Apparent Injury,"N/A, PHYSICAL OBSTRUCTION(S)",LOOKED BUT DID NOT SEE,MD,PICKUP TRUCK,MAKING LEFT TURN,30,No,2011,CHEVY,2500,39.02629167,-77.19457833,2023,6,16
230027002,Property Damage Crash,06/05/2023 04:30:00 PM,DEMOCRACY BLVD,NA,STRAIGHT MOVEMENT ANGLE,Clear,DRY,Daylight,STOP SIGN,NONE DETECTED,No,No Apparent Injury,"N/A, PHYSICAL OBSTRUCTION(S)",NOT DISTRACTED,MD,PASSENGER CAR,MOVING CONSTANT SPEED,30,No,2023,BMW,330I,39.02629167,-77.19457833,2023,6,16
230027014,Property Damage Crash,06/05/2023 04:15:00 PM,BLUERIDGE AVE,NA,STRAIGHT MOVEMENT ANGLE,Clear,DRY,Daylight,OTHER,NONE DETECTED,Yes,No Apparent Injury,N/A,NOT DISTRACTED,MD,(SPORT) UTILITY VEHICLE,ACCELERATING,25,No,2020,HOND,UT,39.04308167,-77.05249667,2023,6,16
230027014,Property Damage Crash,06/05/2023 04:15:00 PM,BLUERIDGE AVE,NA,STRAIGHT MOVEMENT ANGLE,Clear,DRY,Daylight,OTHER,NONE DETECTED,No,No Apparent Injury,N/A,NOT DISTRACTED,MD,PASSENGER CAR,ACCELERATING,25,No,2016,SUBARU,SW,39.04308167,-77.05249667,2023,6,16
230027014,Property Damage Crash,06/05/2023 04:15:00 PM,BLUERIDGE AVE,NA,STRAIGHT MOVEMENT ANGLE,Clear,DRY,Daylight,OTHER,NONE DETECTED,Yes,No Apparent Injury,N/A,NOT DISTRACTED,MD,PASSENGER CAR,ACCELERATING,25,No,2018,NISSAN,SD,39.04308167,-77.05249667,2023,6,16
230027014,Property Damage Crash,06/05/2023 04:15:00 PM,BLUERIDGE AVE,NA,STRAIGHT MOVEMENT ANGLE,Clear,DRY,Daylight,OTHER,NONE DETECTED,No,No Apparent Injury,N/A,NOT DISTRACTED,FL,PASSENGER CAR,ACCELERATING,25,No,2020,LINCOLN,4D,39.04308167,-77.05249667,2023,6,16
230027015,Injury Crash,06/05/2023 04:12:00 PM,NA,NA,OTHER,Cloudy,NA,Daylight,NO CONTROLS,NONE DETECTED,No,No Apparent Injury,N/A,NOT DISTRACTED,MD,VAN,PARKED,0,No,2011,CHRYSLER,TOWN & COUNTRY,39.28987314,-77.2052382,2023,6,16
230027015,Injury Crash,06/05/2023 04:12:00 PM,NA,NA,OTHER,Cloudy,NA,Daylight,NO CONTROLS,NONE DETECTED,Yes,No Apparent Injury,N/A,NOT DISTRACTED,MD,STATION WAGON,BACKING,0,No,2018,SUBARU,IMPREZA,39.28987314,-77.2052382,2023,6,16
230027011,Property Damage Crash,06/05/2023 03:49:00 PM,OLD GEORGETOWN RD,NA,STRAIGHT MOVEMENT ANGLE,Clear,DRY,Daylight,TRAFFIC SIGNAL,NONE DETECTED,Yes,No Apparent Injury,N/A,NOT DISTRACTED,MD,PASSENGER CAR,MAKING LEFT TURN,35,No,2017,LEXS,IS300,39.03026317,-77.12643233,2023,6,15
230027011,Property Damage Crash,06/05/2023 03:49:00 PM,OLD GEORGETOWN RD,NA,STRAIGHT MOVEMENT ANGLE,Clear,DRY,Daylight,TRAFFIC SIGNAL,NONE DETECTED,Yes,No Apparent Injury,N/A,NOT DISTRACTED,MD,PASSENGER CAR,MOVING CONSTANT SPEED,35,No,2010,DODG,CHALLENGER,39.03026317,-77.12643233,2023,6,15
230027000,Injury Crash,06/05/2023 03:30:00 PM,RANDOLPH RD,PEDESTRIAN,SINGLE VEHICLE,Clear,DRY,Daylight,OTHER,NONE DETECTED,Yes,No Apparent Injury,N/A,NOT DISTRACTED,MD,PASSENGER CAR,SLOWING OR STOPPING,35,No,2023,HUYANDAI,ELANTRA,39.05888235,-77.06506375,2023,6,15
230026999,Injury Crash,06/05/2023 03:26:00 PM,SNOUFFERS SCHOOL RD,NA,SAME DIRECTION SIDESWIPE,Clear,DRY,Daylight,N/A,NONE DETECTED,Yes,No Apparent Injury,N/A,UNKNOWN,MD,VAN,CHANGING LANES,40,No,2004,CHRYS,TOWN AND COUNTRY,39.18718476,-77.18569798,2023,6,15
230026999,Injury Crash,06/05/2023 03:26:00 PM,SNOUFFERS SCHOOL RD,NA,SAME DIRECTION SIDESWIPE,Clear,DRY,Daylight,N/A,NONE DETECTED,Yes,Possible Minor Injury,N/A,UNKNOWN,MD,PASSENGER CAR,MOVING CONSTANT SPEED,40,No,2015,MAZDA,3,39.18718476,-77.18569798,2023,6,15
230026820,Property Damage Crash,06/05/2023 03:13:00 PM,NA,NA,OTHER,Clear,NA,Daylight,NO CONTROLS,NONE DETECTED,Yes,No Apparent Injury,N/A,UNKNOWN,NA,PASSENGER CAR,STARTING FROM PARKED,15,No,2011,GMC,TRUCK,39.05561867,-76.95479504,2023,6,15
230026993,Property Damage Crash,06/05/2023 03:13:00 PM,GEORGIA AVE,NA,STRAIGHT MOVEMENT ANGLE,Clear,DRY,Daylight,NO CONTROLS,NONE DETECTED,Yes,No Apparent Injury,N/A,LOOKED BUT DID NOT SEE,NY,PASSENGER CAR,MAKING LEFT TURN,40,No,2014,HONDA,CIVIC,39.07825733,-77.07188183,2023,6,15
230026820,Property Damage Crash,06/05/2023 03:13:00 PM,NA,NA,OTHER,Clear,NA,Daylight,NO CONTROLS,NONE DETECTED,No,No Apparent Injury,N/A,NOT DISTRACTED,MD,PASSENGER CAR,PARKED,15,No,2012,HOND,SD,39.05561867,-76.95479504,2023,6,15
230026993,Property Damage Crash,06/05/2023 03:13:00 PM,GEORGIA AVE,NA,STRAIGHT MOVEMENT ANGLE,Clear,DRY,Daylight,NO CONTROLS,NONE DETECTED,No,No Apparent Injury,N/A,NOT DISTRACTED,XX,PASSENGER CAR,MOVING CONSTANT SPEED,40,No,2006,TOYOTA,SIENNA,39.07825733,-77.07188183,2023,6,15
230027036,Property Damage Crash,06/05/2023 03:00:00 PM,GEORGIA AVE,NA,SAME DIRECTION SIDESWIPE,Clear,DRY,Daylight,NO CONTROLS,NONE DETECTED,No,No Apparent Injury,N/A,NOT DISTRACTED,NH,PASSENGER CAR,ACCELERATING,35,No,2019,HYUN,IONIQ,38.99512287,-77.02714078,2023,6,15
230027036,Property Damage Crash,06/05/2023 03:00:00 PM,GEORGIA AVE,NA,SAME DIRECTION SIDESWIPE,Clear,DRY,Daylight,NO CONTROLS,NONE DETECTED,Yes,No Apparent Injury,N/A,UNKNOWN,NA,VAN,CHANGING LANES,35,No,2023,CHRY,PACIFICA,38.99512287,-77.02714078,2023,6,15
230026988,Property Damage Crash,06/05/2023 02:56:00 PM,MIDCOUNTY HWY,NA,HEAD ON LEFT TURN,Clear,DRY,Daylight,TRAFFIC SIGNAL,NONE DETECTED,No,No Apparent Injury,N/A,NOT DISTRACTED,MD,PASSENGER CAR,MOVING CONSTANT SPEED,45,No,2023,FORD,CG,39.14754309,-77.16907381,2023,6,14
230026988,Property Damage Crash,06/05/2023 02:56:00 PM,MIDCOUNTY HWY,NA,HEAD ON LEFT TURN,Clear,DRY,Daylight,TRAFFIC SIGNAL,NONE DETECTED,Yes,No Apparent Injury,N/A,UNKNOWN,MD,PASSENGER CAR,MAKING LEFT TURN,45,No,2007,ACURA,SD,39.14754309,-77.16907381,2023,6,14
230026991,Property Damage Crash,06/05/2023 02:55:00 PM,OLD HUNDRED RD,NA,STRAIGHT MOVEMENT ANGLE,Clear,DRY,Daylight,STOP SIGN,NONE DETECTED,No,No Apparent Injury,N/A,NOT DISTRACTED,PA,PASSENGER CAR,MOVING CONSTANT SPEED,35,No,2010,MINI,COOPER,39.24706117,-77.3499635,2023,6,14
230026991,Property Damage Crash,06/05/2023 02:55:00 PM,OLD HUNDRED RD,NA,STRAIGHT MOVEMENT ANGLE,Clear,DRY,Daylight,STOP SIGN,NONE DETECTED,Yes,No Apparent Injury,N/A,NOT DISTRACTED,MD,(SPORT) UTILITY VEHICLE,STARTING FROM LANE,35,No,2019,LEXUS,RX350,39.24706117,-77.3499635,2023,6,14
230026985,Injury Crash,06/05/2023 02:38:00 PM,ROCKVILLE PIKE,OTHER PEDALCYCLIST,OTHER,Clear,DRY,Daylight,TRAFFIC SIGNAL,NONE DETECTED,Yes,No Apparent Injury,N/A,UNKNOWN,MD,PASSENGER CAR,MAKING LEFT TURN,35,No,2000,CHEV,TK,39.07437833,-77.1358035,2023,6,14
230026982,Injury Crash,06/05/2023 02:02:00 PM,LAYHILL RD,NA,SAME DIR REND LEFT TURN,Clear,DRY,Daylight,STOP SIGN,NONE DETECTED,Yes,Possible Minor Injury,N/A,UNKNOWN,MD,VAN,MAKING LEFT TURN,40,No,2020,MERCEDES,METRIS,39.11772992,-77.05684182,2023,6,14
230026982,Injury Crash,06/05/2023 02:02:00 PM,LAYHILL RD,NA,SAME DIR REND LEFT TURN,Clear,DRY,Daylight,STOP SIGN,NONE DETECTED,No,No Apparent Injury,N/A,NOT DISTRACTED,MD,PASSENGER CAR,MOVING CONSTANT SPEED,40,No,2007,CADILLAC,SRX,39.11772992,-77.05684182,2023,6,14
230026966,Injury Crash,06/05/2023 12:39:00 PM,NA,NA,SINGLE VEHICLE,Clear,NA,Daylight,N/A,NONE DETECTED,Yes,Possible Minor Injury,N/A,NOT DISTRACTED,MD,(SPORT) UTILITY VEHICLE,ACCELERATING,0,No,2015,LEXUS,NX200,39.11682333,-77.166535,2023,6,12
230026961,Property Damage Crash,06/05/2023 12:20:00 PM,MIDDLEBROOK RD,NA,SAME DIR BOTH LEFT TURN,Clear,DRY,Daylight,N/A,NONE DETECTED,Yes,No Apparent Injury,N/A,NOT DISTRACTED,MD,VAN,MAKING U TURN,30,No,2013,CHRYSLER,TOWN AND COUNTRY,39.181635,-77.236648,2023,6,12
230026961,Property Damage Crash,06/05/2023 12:20:00 PM,MIDDLEBROOK RD,NA,SAME DIR BOTH LEFT TURN,Clear,DRY,Daylight,N/A,NONE DETECTED,No,No Apparent Injury,N/A,NOT DISTRACTED,MD,PASSENGER CAR,MOVING CONSTANT SPEED,30,No,2021,HYUNDAI,SONATA,39.181635,-77.236648,2023,6,12
230026954,Injury Crash,06/05/2023 11:34:00 AM,TOWER OAKS BLVD,NA,STRAIGHT MOVEMENT ANGLE,Clear,DRY,Daylight,TRAFFIC SIGNAL,NONE DETECTED,Yes,No Apparent Injury,N/A,LOOKED BUT DID NOT SEE,MD,PASSENGER CAR,ACCELERATING,35,No,2022,TESL,UT,39.0586025,-77.15234733,2023,6,11
230026954,Injury Crash,06/05/2023 11:34:00 AM,TOWER OAKS BLVD,NA,STRAIGHT MOVEMENT ANGLE,Clear,DRY,Daylight,TRAFFIC SIGNAL,NONE DETECTED,No,Possible Minor Injury,N/A,NOT DISTRACTED,MD,PASSENGER CAR,MOVING CONSTANT SPEED,35,No,2019,HOND,TK,39.0586025,-77.15234733,2023,6,11
230026946,Injury Crash,06/05/2023 10:54:00 AM,REEDIE DR,NA,OTHER,Clear,DRY,Daylight,NO CONTROLS,NONE DETECTED,Yes,Possible Minor Injury,N/A,UNKNOWN,MD,PASSENGER CAR,MOVING CONSTANT SPEED,25,No,2010,DODGE,CHARGER,39.05677117,-77.04949917,2023,6,10
230026944,Property Damage Crash,06/05/2023 10:47:00 AM,SHADY GROVE RD,NA,SAME DIR REAR END,Clear,DRY,Daylight,TRAFFIC SIGNAL,NONE DETECTED,Yes,No Apparent Injury,N/A,DISTRACTED BY OUTSIDE PERSON OBJECT OR EVENT,MD,POLICE VEHICLE/NON EMERGENCY,MAKING RIGHT TURN,40,No,2016,FORD,4S,39.122544069999996,-77.17809937,2023,6,10
230026944,Property Damage Crash,06/05/2023 10:47:00 AM,SHADY GROVE RD,NA,SAME DIR REAR END,Clear,DRY,Daylight,TRAFFIC SIGNAL,NONE DETECTED,No,No Apparent Injury,N/A,NOT DISTRACTED,MD,PASSENGER CAR,STOPPED IN TRAFFIC LANE,40,No,2014,CHEV,TK,39.122544069999996,-77.17809937,2023,6,10
230026941,Property Damage Crash,06/05/2023 10:40:00 AM,HUNGERFORD DR,NA,OTHER,Clear,DRY,Daylight,TRAFFIC SIGNAL,NONE DETECTED,No,No Apparent Injury,N/A,NOT DISTRACTED,MD,PASSENGER CAR,MOVING CONSTANT SPEED,35,No,2018,TOYT,4H,39.09437767,-77.153273,2023,6,10
230026941,Property Damage Crash,06/05/2023 10:40:00 AM,HUNGERFORD DR,NA,OTHER,Clear,DRY,Daylight,TRAFFIC SIGNAL,NONE DETECTED,Yes,No Apparent Injury,N/A,UNKNOWN,MD,PASSENGER CAR,MAKING U TURN,35,No,2016,SUBARU,SUV,39.09437767,-77.153273,2023,6,10
230026936,Property Damage Crash,06/05/2023 10:24:00 AM,NA,NA,SINGLE VEHICLE,Clear,NA,Daylight,N/A,NONE DETECTED,Yes,No Apparent Injury,N/A,NOT DISTRACTED,MD,PASSENGER CAR,ACCELERATING,15,No,2010,INFINITI,M35S,39.18189733,-77.23770367,2023,6,10
230026918,Property Damage Crash,06/05/2023 08:58:00 AM,VALLEY PARK DR,NA,OTHER,Clear,DRY,Daylight,NO CONTROLS,NONE DETECTED,Yes,No Apparent Injury,N/A,NOT DISTRACTED,MD,SCHOOL BUS,BACKING,25,No,2021,FREIGHTLINER,SCHOOL BUS,39.27837252,-77.20497099,2023,6,8
230026910,Property Damage Crash,06/05/2023 08:10:00 AM,WHITTIER BLVD,BICYCLIST,OTHER,Clear,DRY,Daylight,NO CONTROLS,NONE DETECTED,No,No Apparent Injury,N/A,NOT DISTRACTED,MD,SCHOOL BUS,MOVING CONSTANT SPEED,25,No,2013,THOMAS,SCHOOL BUS,38.98487683,-77.12656883,2023,6,8
230026907,Injury Crash,06/05/2023 08:09:00 AM,FREDERICK RD,NA,SAME DIRECTION SIDESWIPE,Clear,DRY,Daylight,NO CONTROLS,NONE DETECTED,Yes,No Apparent Injury,N/A,NOT DISTRACTED,MD,PASSENGER CAR,CHANGING LANES,35,No,2021,SUBA,CROSSTREK,39.15612467,-77.21668258,2023,6,8
230026907,Injury Crash,06/05/2023 08:09:00 AM,FREDERICK RD,NA,SAME DIRECTION SIDESWIPE,Clear,DRY,Daylight,NO CONTROLS,NONE DETECTED,No,Possible Minor Injury,N/A,NOT DISTRACTED,MD,PASSENGER CAR,MOVING CONSTANT SPEED,35,No,2013,NISSAN,ALTIMA,39.15612467,-77.21668258,2023,6,8
230026906,Injury Crash,06/05/2023 08:04:00 AM,GREAT SENECA HWY,NA,HEAD ON LEFT TURN,Clear,DRY,Daylight,TRAFFIC SIGNAL,NONE DETECTED,Yes,No Apparent Injury,N/A,LOOKED BUT DID NOT SEE,MD,PASSENGER CAR,MAKING LEFT TURN,45,No,2019,DODGE,CARAVAN,39.14610559,-77.27458184,2023,6,8
230026906,Injury Crash,06/05/2023 08:04:00 AM,GREAT SENECA HWY,NA,HEAD ON LEFT TURN,Clear,DRY,Daylight,TRAFFIC SIGNAL,NONE DETECTED,No,Possible Minor Injury,N/A,NOT DISTRACTED,MD,PASSENGER CAR,MOVING CONSTANT SPEED,45,No,2020,VOLKSWAGEN,TIGUAN,39.14610559,-77.27458184,2023,6,8
230026905,Property Damage Crash,06/05/2023 08:00:00 AM,BONIFANT RD,NA,STRAIGHT MOVEMENT ANGLE,Clear,DRY,Daylight,STOP SIGN,NONE DETECTED,Yes,No Apparent Injury,N/A,LOOKED BUT DID NOT SEE,MD,VAN,ACCELERATING,35,No,2012,HONDA,ODYSSEY,39.09127188,-77.04328311,2023,6,8
230026905,Property Damage Crash,06/05/2023 08:00:00 AM,BONIFANT RD,NA,STRAIGHT MOVEMENT ANGLE,Clear,DRY,Daylight,STOP SIGN,NONE DETECTED,No,No Apparent Injury,N/A,NOT DISTRACTED,MD,PICKUP TRUCK,STOPPED IN TRAFFIC LANE,35,No,2008,FORD,TK,39.09127188,-77.04328311,2023,6,8
230026905,Property Damage Crash,06/05/2023 08:00:00 AM,BONIFANT RD,NA,STRAIGHT MOVEMENT ANGLE,Clear,DRY,Daylight,STOP SIGN,NONE DETECTED,No,No Apparent Injury,N/A,NOT DISTRACTED,MD,STATION WAGON,MOVING CONSTANT SPEED,35,No,2011,CHEV,SW,39.09127188,-77.04328311,2023,6,8
230026908,Injury Crash,06/05/2023 07:59:00 AM,FIRSTFIELD RD,NA,SAME DIR REAR END,Clear,DRY,Daylight,NO CONTROLS,NONE DETECTED,No,Possible Minor Injury,N/A,NOT DISTRACTED,VA,PASSENGER CAR,SLOWING OR STOPPING,25,No,2017,TOYOTA,RAV4,39.14309812,-77.22426072,2023,6,7
230026908,Injury Crash,06/05/2023 07:59:00 AM,FIRSTFIELD RD,NA,SAME DIR REAR END,Clear,DRY,Daylight,NO CONTROLS,NONE DETECTED,Yes,No Apparent Injury,N/A,UNKNOWN,MD,"CARGO VAN/LIGHT TRUCK 2 AXLES (OVER 10,000LBS (4,536 KG))",MOVING CONSTANT SPEED,25,No,2015,RAM,VN,39.14309812,-77.22426072,2023,6,7
230026768,Property Damage Crash,06/05/2023 07:00:00 AM,KILKENNY ST,NA,SAME DIRECTION SIDESWIPE,Clear,DRY,Daylight,N/A,NONE DETECTED,Yes,No Apparent Injury,N/A,LOOKED BUT DID NOT SEE,MD,PASSENGER CAR,MOVING CONSTANT SPEED,25,No,2012,HONDA,ACCORD,39.06124656,-76.94499987,2023,6,7
230026757,Injury Crash,06/05/2023 02:36:00 AM,16TH ST,NA,OTHER,Clear,DRY,Medium,NO CONTROLS,ALCOHOL PRESENT,Yes,Possible Minor Injury,N/A,UNKNOWN,MD,PASSENGER CAR,MOVING CONSTANT SPEED,35,No,2016,DODGE,CHARGER,38.99916779,-77.0399737,2023,6,2
230026896,Property Damage Crash,06/05/2023 02:00:00 AM,CONNECTICUT AVE,NA,SAME DIR REAR END,Clear,DRY,Medium,TRAFFIC SIGNAL,NONE DETECTED,Yes,No Apparent Injury,N/A,OTHER DISTRACTION,MD,PASSENGER CAR,MOVING CONSTANT SPEED,35,No,2015,TOYOTA,COROLLA,39.05699617,-77.07353667,2023,6,2
230026896,Property Damage Crash,06/05/2023 02:00:00 AM,CONNECTICUT AVE,NA,SAME DIR REAR END,Clear,DRY,Medium,TRAFFIC SIGNAL,NONE DETECTED,No,No Apparent Injury,N/A,NOT DISTRACTED,MD,PASSENGER CAR,STOPPED IN TRAFFIC LANE,35,No,2007,CHRY,300,39.05699617,-77.07353667,2023,6,2
230026885,Injury Crash,06/04/2023 11:45:00 PM,SHADY GROVE RD,NA,HEAD ON LEFT TURN,Clear,DRY,Medium,TRAFFIC SIGNAL,NONE DETECTED,No,Possible Minor Injury,N/A,NOT DISTRACTED,MD,PASSENGER CAR,MOVING CONSTANT SPEED,35,No,2011,HONDA,CIVIC,39.12044307,-77.18006206,2023,6,23
230026885,Injury Crash,06/04/2023 11:45:00 PM,SHADY GROVE RD,NA,HEAD ON LEFT TURN,Clear,DRY,Medium,TRAFFIC SIGNAL,NONE DETECTED,Yes,No Apparent Injury,N/A,LOOKED BUT DID NOT SEE,SC,PASSENGER CAR,MAKING LEFT TURN,35,No,2016,TOYOTA,CAMRY,39.12044307,-77.18006206,2023,6,23
230026876,Property Damage Crash,06/04/2023 10:12:00 PM,UNIVERSITY BLVD E,NA,SAME DIR REAR END,Clear,DRY,Medium,TRAFFIC SIGNAL,NONE DETECTED,No,No Apparent Injury,N/A,NOT DISTRACTED,MD,PASSENGER CAR,STOPPED IN TRAFFIC LANE,35,No,2012,TOYOTA,YARIS,38.99930288,-76.99508561,2023,6,22
230026876,Property Damage Crash,06/04/2023 10:12:00 PM,UNIVERSITY BLVD E,NA,SAME DIR REAR END,Clear,DRY,Medium,TRAFFIC SIGNAL,NONE DETECTED,Yes,No Apparent Injury,N/A,UNKNOWN,NA,(SPORT) UTILITY VEHICLE,SLOWING OR STOPPING,35,No,2022,CHEVROLET,TAHOE,38.99930288,-76.99508561,2023,6,22
230026873,Injury Crash,06/04/2023 09:48:00 PM,RIDGE RD,NA,STRAIGHT MOVEMENT ANGLE,Clear,DRY,Medium,TRAFFIC SIGNAL,NONE DETECTED,No,Possible Minor Injury,N/A,NOT DISTRACTED,MD,(SPORT) UTILITY VEHICLE,MOVING CONSTANT SPEED,40,No,2023,FORD,EXPLORER,39.210234,-77.2394385,2023,6,21
230026873,Injury Crash,06/04/2023 09:48:00 PM,RIDGE RD,NA,STRAIGHT MOVEMENT ANGLE,Clear,DRY,Medium,TRAFFIC SIGNAL,NONE DETECTED,Yes,No Apparent Injury,N/A,NOT DISTRACTED,MD,(SPORT) UTILITY VEHICLE,MOVING CONSTANT SPEED,40,No,2020,NISSAN,ROGUE,39.210234,-77.2394385,2023,6,21
230026866,Property Damage Crash,06/04/2023 08:45:00 PM,NA,NA,OTHER,Clear,NA,Medium,NO CONTROLS,NONE DETECTED,No,No Apparent Injury,N/A,NOT DISTRACTED,MD,POLICE VEHICLE/NON EMERGENCY,PARKED,0,No,2013,FORD,EXPLORER,39.04444125,-77.04969036,2023,6,20
230026866,Property Damage Crash,06/04/2023 08:45:00 PM,NA,NA,OTHER,Clear,NA,Medium,NO CONTROLS,NONE DETECTED,Yes,No Apparent Injury,N/A,LOOKED BUT DID NOT SEE,MD,PASSENGER CAR,BACKING,15,No,2004,HONDA,PILOT,39.04444125,-77.04969036,2023,6,20
230026861,Property Damage Crash,06/04/2023 07:07:00 PM,NA,NA,OPPOSITE DIRECTION SIDESWIPE,Clear,NA,Daylight,NO CONTROLS,NONE DETECTED,Yes,No Apparent Injury,N/A,UNKNOWN,NA,PASSENGER CAR,PASSING,10,No,2008,FORD,ECONOLINE,39.04404629,-77.04960956,2023,6,19
230026850,Property Damage Crash,06/04/2023 06:04:00 PM,MUDDY BRANCH RD,NA,STRAIGHT MOVEMENT ANGLE,Clear,DRY,Daylight,TRAFFIC SIGNAL,NONE DETECTED,No,No Apparent Injury,N/A,NOT DISTRACTED,MD,PASSENGER CAR,STARTING FROM LANE,50,No,2016,HYUN,TK,39.11076083,-77.2183665,2023,6,18
230026850,Property Damage Crash,06/04/2023 06:04:00 PM,MUDDY BRANCH RD,NA,STRAIGHT MOVEMENT ANGLE,Clear,DRY,Daylight,TRAFFIC SIGNAL,NONE DETECTED,Yes,No Apparent Injury,N/A,UNKNOWN,MD,PASSENGER CAR,MOVING CONSTANT SPEED,50,No,2018,BMW,4S,39.11076083,-77.2183665,2023,6,18
230026844,Property Damage Crash,06/04/2023 05:26:00 PM,PINEY BRANCH RD,NA,SAME DIR REAR END,Clear,DRY,Daylight,NO CONTROLS,NONE DETECTED,No,No Apparent Injury,N/A,NOT DISTRACTED,MD,PASSENGER CAR,SLOWING OR STOPPING,45,No,2006,HONDA,ACCORD,38.99932333,-76.99567833,2023,6,17
230026844,Property Damage Crash,06/04/2023 05:26:00 PM,PINEY BRANCH RD,NA,SAME DIR REAR END,Clear,DRY,Daylight,NO CONTROLS,NONE DETECTED,Yes,No Apparent Injury,N/A,NOT DISTRACTED,MD,PASSENGER CAR,SLOWING OR STOPPING,45,No,2016,MERZ,4S,38.99932333,-76.99567833,2023,6,17
230026845,Injury Crash,06/04/2023 05:19:00 PM,E DIAMOND AVE,PEDESTRIAN,OTHER,Clear,DRY,Daylight,NO CONTROLS,NONE DETECTED,No,No Apparent Injury,N/A,UNKNOWN,MD,PASSENGER CAR,MOVING CONSTANT SPEED,30,No,2014,TOYOTA,CAMRY,39.14215623,-77.19398908,2023,6,17
230026825,Injury Crash,06/04/2023 03:25:00 PM,DARNESTOWN RD,NA,SINGLE VEHICLE,Clear,DRY,Daylight,NO CONTROLS,NONE DETECTED,Yes,Possible Minor Injury,N/A,UNKNOWN,MD,PASSENGER CAR,MOVING CONSTANT SPEED,40,No,2008,CHEV,SEDAN,39.1739316,-77.40406696,2023,6,15
230026824,Injury Crash,06/04/2023 03:19:00 PM,KNOWLES AVE,NA,SINGLE VEHICLE,Clear,DRY,Daylight,NO CONTROLS,NONE DETECTED,Yes,Possible Minor Injury,N/A,NOT DISTRACTED,MD,PASSENGER CAR,MAKING RIGHT TURN,25,No,2017,TOYOTA,YARIS,39.02728167,-77.07602667,2023,6,15
230026801,Property Damage Crash,06/04/2023 12:35:00 PM,N BELGRADE RD,NA,STRAIGHT MOVEMENT ANGLE,Clear,DRY,Daylight,STOP SIGN,NONE DETECTED,No,No Apparent Injury,N/A,NOT DISTRACTED,MD,VAN,MOVING CONSTANT SPEED,25,No,2020,MERZ,CG,39.0423105,-77.0273705,2023,6,12
230026801,Property Damage Crash,06/04/2023 12:35:00 PM,N BELGRADE RD,NA,STRAIGHT MOVEMENT ANGLE,Clear,DRY,Daylight,STOP SIGN,NONE DETECTED,Yes,No Apparent Injury,N/A,LOOKED BUT DID NOT SEE,MD,PASSENGER CAR,ACCELERATING,25,No,2019,HONDA,ODYESSEY,39.0423105,-77.0273705,2023,6,12
230026794,Injury Crash,06/04/2023 11:48:00 AM,SHADY GROVE RD,NA,STRAIGHT MOVEMENT ANGLE,Clear,DRY,Daylight,TRAFFIC SIGNAL,NONE DETECTED,No,Possible Minor Injury,N/A,NOT DISTRACTED,MD,PASSENGER CAR,ACCELERATING,40,No,2022,MAZD,UT,39.12010667,-77.18051333,2023,6,11
230026794,Injury Crash,06/04/2023 11:48:00 AM,SHADY GROVE RD,NA,STRAIGHT MOVEMENT ANGLE,Clear,DRY,Daylight,TRAFFIC SIGNAL,NONE DETECTED,Yes,No Apparent Injury,N/A,OTHER DISTRACTION,MD,PASSENGER CAR,SLOWING OR STOPPING,40,No,2019,TOYT,4S,39.12010667,-77.18051333,2023,6,11
230026786,Injury Crash,06/04/2023 10:23:00 AM,DUVALL LA,NA,SINGLE VEHICLE,Cloudy,DRY,Daylight,STOP SIGN,ALCOHOL PRESENT,Yes,Possible Minor Injury,N/A,UNKNOWN,MD,PASSENGER CAR,ACCELERATING,25,No,2015,TOYT,PV,39.1357765,-77.20559047,2023,6,10
230026241,Injury Crash,06/04/2023 08:20:00 AM,FREDERICK RD,NA,SAME DIR REAR END,Clear,DRY,Daylight,OTHER,NONE DETECTED,Yes,No Apparent Injury,N/A,NOT DISTRACTED,MD,(SPORT) UTILITY VEHICLE,SLOWING OR STOPPING,40,No,2017,BUICK,ENCLAVE,39.18560943,-77.23981523,2023,6,8
230026241,Injury Crash,06/04/2023 08:20:00 AM,FREDERICK RD,NA,SAME DIR REAR END,Clear,DRY,Daylight,OTHER,NONE DETECTED,No,Possible Minor Injury,N/A,NOT DISTRACTED,MD,(SPORT) UTILITY VEHICLE,SLOWING OR STOPPING,40,No,2009,HONDA,PILOT,39.18560943,-77.23981523,2023,6,8
230026771,Property Damage Crash,06/04/2023 08:00:00 AM,MIDDLEBROOK RD,NA,STRAIGHT MOVEMENT ANGLE,Clear,DRY,Daylight,STOP SIGN,NONE DETECTED,No,No Apparent Injury,N/A,NOT DISTRACTED,MD,PASSENGER CAR,ENTERING TRAFFIC LANE,45,No,2022,NISSAN,MAXIMA,39.18151167,-77.26911167,2023,6,8
230026771,Property Damage Crash,06/04/2023 08:00:00 AM,MIDDLEBROOK RD,NA,STRAIGHT MOVEMENT ANGLE,Clear,DRY,Daylight,STOP SIGN,NONE DETECTED,Yes,No Apparent Injury,N/A,UNKNOWN,NA,PASSENGER CAR,MOVING CONSTANT SPEED,45,No,2019,HONDA,PILOT,39.18151167,-77.26911167,2023,6,8
230026756,Property Damage Crash,06/04/2023 03:37:00 AM,NA,NA,SINGLE VEHICLE,Clear,NA,Medium,NO CONTROLS,NONE DETECTED,Yes,No Apparent Injury,N/A,NOT DISTRACTED,MD,POLICE VEHICLE/EMERGENCY,BACKING,0,No,2014,CHEVY,CHARGER,38.98818614,-77.09874991,2023,6,3
230026754,Property Damage Crash,06/04/2023 01:58:00 AM,OAKMONT AVE,NA,SAME DIRECTION SIDESWIPE,Clear,DRY,Dark,NO CONTROLS,ALCOHOL PRESENT,Yes,No Apparent Injury,N/A,INATTENTIVE OR LOST IN THOUGHT,MD,PASSENGER CAR,MOVING CONSTANT SPEED,25,No,2015,VOLKSWAGON,PASSAT,39.0045842,-77.111738,2023,6,1
230026752,Injury Crash,06/04/2023 01:12:00 AM,FALLS RD,NA,SINGLE VEHICLE,Clear,DRY,Medium,TRAFFIC SIGNAL,NONE DETECTED,Yes,Possible Minor Injury,N/A,UNKNOWN,MD,PASSENGER CAR,MOVING CONSTANT SPEED,20,No,2019,MERCEDES,C43,39.07348667,-77.16475333,2023,6,1
230026747,Injury Crash,06/04/2023 12:49:00 AM,FAIRLAND RD,NA,STRAIGHT MOVEMENT ANGLE,Cloudy,DRY,Dark,FLASHING TRAFFIC SIGNAL,NONE DETECTED,Yes,Possible Minor Injury,N/A,LOOKED BUT DID NOT SEE,MD,PASSENGER CAR,STARTING FROM LANE,40,No,2004,GMC,YUKON,39.07605076,-76.95768479,2023,6,0