Local Case Number,ACRS Report Type,Crash Date/Time,Road Name,Related Non-Motorist,Collision Type,Weather,Surface Condition,Light,Traffic Control,Driver Substance Abuse,Driver At Fault,Injury Severity,Circumstance,Driver Distracted By,Drivers License State,Vehicle Body Type,Vehicle Movement,Speed Limit,Driverless Vehicle,Vehicle Year,Vehicle Make,Vehicle Model,Latitude,Longitude,Year,Month,Hour
230026227,Property Damage Crash,06/01/2023 06:30:00 AM,CLOPPER RD,NA,SAME DIRECTION SIDESWIPE,Clear,DRY,Daylight,TRAFFIC SIGNAL,NONE DETECTED,Yes,No Apparent Injury,N/A,UNKNOWN,NA,PASSENGER CAR,CHANGING LANES,40,No,0,AUDI,UNKNOWN,39.184005,-77.26326833,2023,6,6
230026228,Property Damage Crash,06/01/2023 06:18:00 AM,COLESVILLE RD,NA,SAME DIR REAR END,Cloudy,DRY,Daylight,NO CONTROLS,NONE DETECTED,No,No Apparent Injury,N/A,NOT DISTRACTED,MD,(SPORT) UTILITY VEHICLE,SLOWING OR STOPPING,30,No,2017,INFINITI,QX60,39.0178785,-77.01536233,2023,6,6
230026228,Property Damage Crash,06/01/2023 06:18:00 AM,COLESVILLE RD,NA,SAME DIR REAR END,Cloudy,DRY,Daylight,NO CONTROLS,NONE DETECTED,Yes,No Apparent Injury,N/A,UNKNOWN,MD,PASSENGER CAR,CHANGING LANES,30,No,2016,FORD,MUSTANG,39.0178785,-77.01536233,2023,6,6
230026358,Property Damage Crash,06/01/2023 06:00:00 AM,EVERTON ST,NA,OTHER,Clear,DRY,Medium,N/A,NONE DETECTED,Yes,No Apparent Injury,N/A,UNKNOWN,MD,(SPORT) UTILITY VEHICLE,MOVING CONSTANT SPEED,15,No,2022,TOYOTA,HIGHLANDER,39.05991097,-77.07006438,2023,6,6
230026111,Property Damage Crash,06/01/2023 03:27:00 AM,NA,NA,OTHER,Clear,NA,Medium,N/A,NONE DETECTED,Yes,No Apparent Injury,N/A,NOT DISTRACTED,NA,PASSENGER CAR,BACKING,10,Unknown,2014,TOYOTA,4DOOR,38.9749859,-77.01217939,2023,6,3
230026203,Injury Crash,05/31/2023 10:45:00 PM,GEORGIA AVE,NA,HEAD ON LEFT TURN,Clear,DRY,Medium,TRAFFIC SIGNAL,NONE DETECTED,No,Possible Minor Injury,N/A,NOT DISTRACTED,MD,PASSENGER CAR,MOVING CONSTANT SPEED,45,No,2014,DODGE,CHARGER,39.11514333,-77.07515667,2023,5,22
230026203,Injury Crash,05/31/2023 10:45:00 PM,GEORGIA AVE,NA,HEAD ON LEFT TURN,Clear,DRY,Medium,TRAFFIC SIGNAL,NONE DETECTED,Yes,Possible Minor Injury,N/A,LOOKED BUT DID NOT SEE,MD,PASSENGER CAR,MAKING LEFT TURN,45,No,2015,HONDA,ACCORD,39.11514333,-77.07515667,2023,5,22
230026200,Injury Crash,05/31/2023 10:35:00 PM,E FRANKLIN AVE,PEDESTRIAN,SINGLE VEHICLE,Clear,DRY,Medium,TRAFFIC SIGNAL,NONE DETECTED,No,No Apparent Injury,N/A,LOOKED BUT DID NOT SEE,MD,PASSENGER CAR,MOVING CONSTANT SPEED,35,No,2016,TOYOTA,CAMERY,39.012225,-77.00212683,2023,5,22
230026404,Injury Crash,05/31/2023 10:35:00 PM,UNIVERSITY BLVD E,PEDESTRIAN,SINGLE VEHICLE,Clear,DRY,Medium,TRAFFIC SIGNAL,NONE DETECTED,No,No Apparent Injury,N/A,LOOKED BUT DID NOT SEE,MD,PASSENGER CAR,MOVING CONSTANT SPEED,35,No,2016,TOYOTA,CAMRY,39.01217242,-77.00241689,2023,5,22
230026174,Property Damage Crash,05/31/2023 07:51:00 PM,RUGBY AVE,NA,OTHER,Clear,DRY,Daylight,NO CONTROLS,NONE DETECTED,Yes,No Apparent Injury,N/A,OTHER DISTRACTION,MD,POLICE VEHICLE/NON EMERGENCY,BACKING,25,No,2014,FORD,4S,38.98860333,-77.09767,2023,5,19
230026174,Property Damage Crash,05/31/2023 07:51:00 PM,RUGBY AVE,NA,OTHER,Clear,DRY,Daylight,NO CONTROLS,NONE DETECTED,No,No Apparent Injury,N/A,UNKNOWN,MD,PASSENGER CAR,ACCELERATING,25,No,2011,BMW,335,38.98860333,-77.09767,2023,5,19
230026178,Injury Crash,05/31/2023 07:45:00 PM,GREAT SENECA HWY,NA,STRAIGHT MOVEMENT ANGLE,Clear,DRY,Daylight,TRAFFIC SIGNAL,NONE DETECTED,Unknown,No Apparent Injury,N/A,UNKNOWN,MD,PASSENGER CAR,MOVING CONSTANT SPEED,40,No,2017,HYUNDAI,SUV,39.12830553,-77.2376342,2023,5,19
230026178,Injury Crash,05/31/2023 07:45:00 PM,GREAT SENECA HWY,NA,STRAIGHT MOVEMENT ANGLE,Clear,DRY,Daylight,TRAFFIC SIGNAL,NONE DETECTED,Unknown,Possible Minor Injury,N/A,UNKNOWN,DC,PASSENGER CAR,MOVING CONSTANT SPEED,50,No,2017,TOYOTA,PRIUS,39.12830553,-77.2376342,2023,5,19
230026169,Injury Crash,05/31/2023 07:29:00 PM,RANDOLPH RD,NA,SAME DIRECTION SIDESWIPE,Clear,DRY,Daylight,NO CONTROLS,NONE DETECTED,No,Possible Minor Injury,N/A,NOT DISTRACTED,MD,VAN,MAKING RIGHT TURN,35,No,2004,HONDA,ODYSSEY,39.05960932,-77.0464876,2023,5,19
230026169,Injury Crash,05/31/2023 07:29:00 PM,RANDOLPH RD,NA,SAME DIRECTION SIDESWIPE,Clear,DRY,Daylight,NO CONTROLS,NONE DETECTED,Yes,No Apparent Injury,N/A,UNKNOWN,NA,NA,CHANGING LANES,35,No,0,UNKNOWN,UNKNOWN,39.05960932,-77.0464876,2023,5,19
230026173,Injury Crash,05/31/2023 07:16:00 PM,GOOD HOPE RD,NA,SINGLE VEHICLE,Clear,DRY,Daylight,NO CONTROLS,ALCOHOL PRESENT,Yes,Possible Minor Injury,N/A,UNKNOWN,MD,PASSENGER CAR,MOVING CONSTANT SPEED,30,No,2012,HONDA,SUV,39.09611333,-77.00129667,2023,5,19
230026163,Property Damage Crash,05/31/2023 06:45:00 PM,FOREST GLEN RD,NA,SAME DIR REAR END,Clear,DRY,Daylight,N/A,NONE DETECTED,Yes,No Apparent Injury,N/A,LOOKED BUT DID NOT SEE,MD,PASSENGER CAR,MOVING CONSTANT SPEED,20,No,2015,TOYOTA,COROLLA,39.01578833,-77.03937833,2023,5,18
230026163,Property Damage Crash,05/31/2023 06:45:00 PM,FOREST GLEN RD,NA,SAME DIR REAR END,Clear,DRY,Daylight,N/A,NONE DETECTED,No,No Apparent Injury,N/A,NOT DISTRACTED,MD,PASSENGER CAR,SLOWING OR STOPPING,10,No,2021,SUBARU,CROSSTREK,39.01578833,-77.03937833,2023,5,18
230026155,Property Damage Crash,05/31/2023 06:30:00 PM,RIDGE RD,NA,SAME DIR REAR END,Clear,DRY,Daylight,NO CONTROLS,NONE DETECTED,Yes,No Apparent Injury,N/A,UNKNOWN,MD,(SPORT) UTILITY VEHICLE,MOVING CONSTANT SPEED,35,No,2005,TOYOTA,HIGHLANDER,39.22905583,-77.23686283,2023,5,18
230026155,Property Damage Crash,05/31/2023 06:30:00 PM,RIDGE RD,NA,SAME DIR REAR END,Clear,DRY,Daylight,NO CONTROLS,NONE DETECTED,No,No Apparent Injury,N/A,NOT DISTRACTED,MD,(SPORT) UTILITY VEHICLE,MOVING CONSTANT SPEED,35,No,2020,FORD,ESCAPE,39.22905583,-77.23686283,2023,5,18
230026154,Property Damage Crash,05/31/2023 06:23:00 PM,STANFORD ST,NA,OPPOSITE DIRECTION SIDESWIPE,Clear,DRY,Daylight,NO CONTROLS,NONE DETECTED,No,No Apparent Injury,N/A,NOT DISTRACTED,MD,PASSENGER CAR,MOVING CONSTANT SPEED,25,No,2023,SUBARU,FORESTER,38.97895614,-77.08593906,2023,5,18
230026154,Property Damage Crash,05/31/2023 06:23:00 PM,STANFORD ST,NA,OPPOSITE DIRECTION SIDESWIPE,Clear,DRY,Daylight,NO CONTROLS,NONE DETECTED,Yes,No Apparent Injury,N/A,NOT DISTRACTED,NA,PASSENGER CAR,MOVING CONSTANT SPEED,25,No,2021,JEEP,RENEGRADE,38.97895614,-77.08593906,2023,5,18
230026145,Injury Crash,05/31/2023 05:35:00 PM,BRENISH DR,NA,HEAD ON LEFT TURN,Clear,DRY,Daylight,NO CONTROLS,NONE DETECTED,No,Possible Minor Injury,N/A,NOT DISTRACTED,MD,PASSENGER CAR,MOVING CONSTANT SPEED,25,No,2015,TOYOTA,COROLLA,39.17584098,-77.15658441,2023,5,17
230026145,Injury Crash,05/31/2023 05:35:00 PM,BRENISH DR,NA,HEAD ON LEFT TURN,Clear,DRY,Daylight,NO CONTROLS,NONE DETECTED,Yes,No Apparent Injury,N/A,NOT DISTRACTED,MD,PASSENGER CAR,MAKING LEFT TURN,25,No,2010,TOYOTA,CAMRY,39.17584098,-77.15658441,2023,5,17
230026139,Property Damage Crash,05/31/2023 05:20:00 PM,ASPEN HILL RD,NA,SAME DIR REAR END,Clear,DRY,Daylight,NO CONTROLS,NONE DETECTED,No,No Apparent Injury,N/A,NOT DISTRACTED,MD,VAN,STOPPED IN TRAFFIC LANE,30,No,2005,FORD,E250,39.07811217,-77.0912175,2023,5,17
230026139,Property Damage Crash,05/31/2023 05:20:00 PM,ASPEN HILL RD,NA,SAME DIR REAR END,Clear,DRY,Daylight,NO CONTROLS,NONE DETECTED,No,No Apparent Injury,N/A,NOT DISTRACTED,MD,PASSENGER CAR,STOPPED IN TRAFFIC LANE,30,No,2013,TOYOTA,COROLLA,39.07811217,-77.0912175,2023,5,17
230026139,Property Damage Crash,05/31/2023 05:20:00 PM,ASPEN HILL RD,NA,SAME DIR REAR END,Clear,DRY,Daylight,NO CONTROLS,NONE DETECTED,Yes,No Apparent Injury,N/A,OTHER DISTRACTION,MD,PASSENGER CAR,MOVING CONSTANT SPEED,30,No,2017,TOYOTA,CAMRY,39.07811217,-77.0912175,2023,5,17
230026189,Injury Crash,05/31/2023 05:00:00 PM,W MONTGOMERY AVE,BICYCLIST,OTHER,Clear,DRY,Daylight,STOP SIGN,NONE DETECTED,Unknown,Possible Minor Injury,N/A,UNKNOWN,NA,NA,STARTING FROM LANE,25,No,0,UNKNOWN,UNKNOWN,39.08412648,-77.15685182,2023,5,17
230026134,Property Damage Crash,05/31/2023 04:45:00 PM,ROCKVILLE PIKE,NA,SAME DIR REAR END,Clear,DRY,Daylight,TRAFFIC SIGNAL,NONE DETECTED,No,No Apparent Injury,N/A,NOT DISTRACTED,MD,PASSENGER CAR,MOVING CONSTANT SPEED,40,No,2018,NISSAN,ROGUE,39.0510455,-77.1151835,2023,5,16
230026134,Property Damage Crash,05/31/2023 04:45:00 PM,ROCKVILLE PIKE,NA,SAME DIR REAR END,Clear,DRY,Daylight,TRAFFIC SIGNAL,NONE DETECTED,Yes,No Apparent Injury,N/A,LOOKED BUT DID NOT SEE,MD,PASSENGER CAR,MOVING CONSTANT SPEED,40,No,2016,TOYOTA,COROLLA,39.0510455,-77.1151835,2023,5,16
230026130,Property Damage Crash,05/31/2023 04:30:00 PM,CALVERTON BLVD,NA,SAME DIR REAR END,Clear,DRY,Daylight,NO CONTROLS,NONE DETECTED,No,No Apparent Injury,N/A,NOT DISTRACTED,MD,PASSENGER CAR,STOPPED IN TRAFFIC LANE,40,No,2021,TESLA,Y,39.05739833,-76.948515,2023,5,16
230026130,Property Damage Crash,05/31/2023 04:30:00 PM,CALVERTON BLVD,NA,SAME DIR REAR END,Clear,DRY,Daylight,NO CONTROLS,NONE DETECTED,No,No Apparent Injury,N/A,NOT DISTRACTED,MD,PASSENGER CAR,STOPPED IN TRAFFIC LANE,40,No,2008,HONDA,CIVIC,39.05739833,-76.948515,2023,5,16
230026130,Property Damage Crash,05/31/2023 04:30:00 PM,CALVERTON BLVD,NA,SAME DIR REAR END,Clear,DRY,Daylight,NO CONTROLS,NONE DETECTED,Yes,No Apparent Injury,N/A,UNKNOWN,NA,NA,MOVING CONSTANT SPEED,40,No,0,UNKNOWN,UNKNOWN,39.05739833,-76.948515,2023,5,16
230030068,Property Damage Crash,05/31/2023 04:25:00 PM,CONGRESSIONAL LA,NA,SAME DIR REAR END,Clear,DRY,Daylight,STOP SIGN,NONE DETECTED,Yes,No Apparent Injury,N/A,UNKNOWN,MD,PASSENGER CAR,MOVING CONSTANT SPEED,15,No,1998,HONDA,CRV,39.06416269,-77.12637658,2023,5,16
230030068,Property Damage Crash,05/31/2023 04:25:00 PM,CONGRESSIONAL LA,NA,SAME DIR REAR END,Clear,DRY,Daylight,STOP SIGN,NONE DETECTED,No,No Apparent Injury,N/A,NOT DISTRACTED,DC,PASSENGER CAR,MAKING RIGHT TURN,15,No,2019,AUDI,A4,39.06416269,-77.12637658,2023,5,16
230026125,Property Damage Crash,05/31/2023 04:07:00 PM,FATHER HURLEY BLVD,NA,ANGLE MEETS LEFT TURN,Clear,DRY,Daylight,TRAFFIC SIGNAL,NONE DETECTED,No,No Apparent Injury,N/A,NOT DISTRACTED,MD,PASSENGER CAR,MOVING CONSTANT SPEED,35,No,2020,NISSAN,ALTIMA,39.1839485,-77.27354083,2023,5,16
230026125,Property Damage Crash,05/31/2023 04:07:00 PM,FATHER HURLEY BLVD,NA,ANGLE MEETS LEFT TURN,Clear,DRY,Daylight,TRAFFIC SIGNAL,NONE DETECTED,Yes,No Apparent Injury,N/A,NOT DISTRACTED,MD,(SPORT) UTILITY VEHICLE,MAKING LEFT TURN,35,No,2016,TOYOTA,RAV4,39.1839485,-77.27354083,2023,5,16
230026150,Injury Crash,05/31/2023 04:00:00 PM,NEBEL STREET,NA,OPPOSITE DIRECTION SIDESWIPE,Clear,DRY,Daylight,NO CONTROLS,NONE DETECTED,No,Possible Minor Injury,N/A,NOT DISTRACTED,MD,PASSENGER CAR,MOVING CONSTANT SPEED,25,No,2017,HONDA,CRV,39.0510455,-77.1151835,2023,5,16
230026150,Injury Crash,05/31/2023 04:00:00 PM,NEBEL STREET,NA,OPPOSITE DIRECTION SIDESWIPE,Clear,DRY,Daylight,NO CONTROLS,NONE DETECTED,Yes,Possible Minor Injury,N/A,LOOKED BUT DID NOT SEE,MD,PASSENGER CAR,MOVING CONSTANT SPEED,25,No,2013,TOYOTA,PRIUS,39.0510455,-77.1151835,2023,5,16
230026121,Injury Crash,05/31/2023 03:57:00 PM,ROCKVILLE PIKE,NA,STRAIGHT MOVEMENT ANGLE,Clear,DRY,Daylight,NO CONTROLS,NONE DETECTED,No,No Apparent Injury,N/A,NOT DISTRACTED,MD,PASSENGER CAR,MOVING CONSTANT SPEED,40,No,2010,HOND,TK,39.07640701,-77.13832547,2023,5,15
230026121,Injury Crash,05/31/2023 03:57:00 PM,ROCKVILLE PIKE,NA,STRAIGHT MOVEMENT ANGLE,Clear,DRY,Daylight,NO CONTROLS,NONE DETECTED,Yes,Possible Minor Injury,N/A,NOT DISTRACTED,MD,PASSENGER CAR,MOVING CONSTANT SPEED,40,No,2021,SUBA,UT,39.07640701,-77.13832547,2023,5,15
230026115,Injury Crash,05/31/2023 03:37:00 PM,W JEFFERSON ST,NA,HEAD ON LEFT TURN,Clear,DRY,Daylight,TRAFFIC SIGNAL,NONE DETECTED,No,Possible Minor Injury,N/A,NOT DISTRACTED,MD,PASSENGER CAR,MOVING CONSTANT SPEED,30,No,2018,MINI,COOPER,39.08319367,-77.15289163,2023,5,15
230026115,Injury Crash,05/31/2023 03:37:00 PM,W JEFFERSON ST,NA,HEAD ON LEFT TURN,Clear,DRY,Daylight,TRAFFIC SIGNAL,NONE DETECTED,Yes,Possible Minor Injury,N/A,INATTENTIVE OR LOST IN THOUGHT,MD,PASSENGER CAR,MAKING LEFT TURN,40,No,2002,TOYOTA,AVALON,39.08319367,-77.15289163,2023,5,15
230026119,Property Damage Crash,05/31/2023 03:30:00 PM,FREDERICK RD,NA,STRAIGHT MOVEMENT ANGLE,Clear,DRY,Daylight,STOP SIGN,NONE DETECTED,Yes,No Apparent Injury,N/A,NOT DISTRACTED,MD,PASSENGER CAR,MAKING LEFT TURN,40,No,2018,HONDA,4S,39.215182,-77.25108767,2023,5,15
230026119,Property Damage Crash,05/31/2023 03:30:00 PM,FREDERICK RD,NA,STRAIGHT MOVEMENT ANGLE,Clear,DRY,Daylight,STOP SIGN,NONE DETECTED,No,No Apparent Injury,N/A,NOT DISTRACTED,MD,PASSENGER CAR,MOVING CONSTANT SPEED,40,No,2015,HONDA,ODYSSEY,39.215182,-77.25108767,2023,5,15
230026110,Property Damage Crash,05/31/2023 03:24:00 PM,MONTROSE RD,NA,SAME DIR REAR END,Clear,DRY,Daylight,TRAFFIC SIGNAL,NONE DETECTED,No,No Apparent Injury,N/A,UNKNOWN,MD,PASSENGER CAR,MAKING LEFT TURN,40,No,2022,MERCEDES,GLS 450,39.05331017,-77.135842,2023,5,15
230026110,Property Damage Crash,05/31/2023 03:24:00 PM,MONTROSE RD,NA,SAME DIR REAR END,Clear,DRY,Daylight,TRAFFIC SIGNAL,NONE DETECTED,Yes,No Apparent Injury,N/A,UNKNOWN,MD,PASSENGER CAR,MAKING LEFT TURN,40,No,2015,HONDA,CRV,39.05331017,-77.135842,2023,5,15
230026116,Property Damage Crash,05/31/2023 03:06:00 PM,LAYTONSVILLE RD,NA,SAME DIR REAR END,Clear,DRY,Daylight,NO CONTROLS,NONE DETECTED,Yes,No Apparent Injury,N/A,NOT DISTRACTED,MD,PASSENGER CAR,SLOWING OR STOPPING,30,No,2010,TOYT,CAMRY,39.21093082,-77.14238556,2023,5,15
230026116,Property Damage Crash,05/31/2023 03:06:00 PM,LAYTONSVILLE RD,NA,SAME DIR REAR END,Clear,DRY,Daylight,NO CONTROLS,NONE DETECTED,No,No Apparent Injury,N/A,NOT DISTRACTED,MD,(SPORT) UTILITY VEHICLE,STOPPED IN TRAFFIC LANE,30,No,2019,SUBA,CROSSTREK,39.21093082,-77.14238556,2023,5,15
230026102,Injury Crash,05/31/2023 02:15:00 PM,MONTGOMERY VILLAGE AVE,NA,SAME DIR REAR END,Clear,DRY,Daylight,TRAFFIC SIGNAL,NONE DETECTED,Yes,Possible Minor Injury,N/A,LOOKED BUT DID NOT SEE,MD,PASSENGER CAR,MOVING CONSTANT SPEED,35,No,2016,ACCURA,TLX,39.1541399,-77.21012514,2023,5,14
230026102,Injury Crash,05/31/2023 02:15:00 PM,MONTGOMERY VILLAGE AVE,NA,SAME DIR REAR END,Clear,DRY,Daylight,TRAFFIC SIGNAL,NONE DETECTED,No,Possible Minor Injury,N/A,NOT DISTRACTED,MD,(SPORT) UTILITY VEHICLE,STOPPED IN TRAFFIC LANE,30,No,2015,JEEP,UT,39.1541399,-77.21012514,2023,5,14
230026114,Property Damage Crash,05/31/2023 02:15:00 PM,NA,NA,N/A,Clear,NA,Daylight,N/A,NONE DETECTED,Yes,No Apparent Injury,N/A,UNKNOWN,MD,PASSENGER CAR,BACKING,0,No,2010,DODGE,CHARGER,39.14381784,-77.22155605,2023,5,14
230026114,Property Damage Crash,05/31/2023 02:15:00 PM,NA,NA,N/A,Clear,NA,Daylight,N/A,NONE DETECTED,No,No Apparent Injury,N/A,NOT DISTRACTED,NJ,PASSENGER CAR,PARKED,0,No,2015,MERZ,E350,39.14381784,-77.22155605,2023,5,14
230026094,Property Damage Crash,05/31/2023 01:10:00 PM,FALLS RD,NA,HEAD ON LEFT TURN,Clear,DRY,Daylight,TRAFFIC SIGNAL,NONE DETECTED,Yes,No Apparent Injury,N/A,LOOKED BUT DID NOT SEE,VA,PASSENGER CAR,MAKING LEFT TURN,35,No,2016,CHEV,PUTK,39.01799333,-77.20913333,2023,5,13
230026094,Property Damage Crash,05/31/2023 01:10:00 PM,FALLS RD,NA,HEAD ON LEFT TURN,Clear,DRY,Daylight,TRAFFIC SIGNAL,NONE DETECTED,No,No Apparent Injury,N/A,NOT DISTRACTED,MD,PASSENGER CAR,MOVING CONSTANT SPEED,35,No,2018,HONDA,CRV,39.01799333,-77.20913333,2023,5,13
23001041,Property Damage Crash,05/31/2023 11:40:00 AM,BAUER DR,NA,STRAIGHT MOVEMENT ANGLE,Clear,DRY,Daylight,TRAFFIC SIGNAL,NONE DETECTED,No,No Apparent Injury,N/A,NOT DISTRACTED,MD,PICKUP TRUCK,MOVING CONSTANT SPEED,30,No,2019,FORD,F250,39.09482975,-77.10932516,2023,5,11
23001041,Property Damage Crash,05/31/2023 11:40:00 AM,BAUER DR,NA,STRAIGHT MOVEMENT ANGLE,Clear,DRY,Daylight,TRAFFIC SIGNAL,NONE DETECTED,Yes,No Apparent Injury,N/A,UNKNOWN,NA,NA,ACCELERATING,30,No,0,UNKNOWN,UNKNOWN,39.09482975,-77.10932516,2023,5,11
230026053,Property Damage Crash,05/31/2023 09:45:00 AM,REDLAND RD,NA,SINGLE VEHICLE,Clear,DRY,Daylight,NO CONTROLS,NONE DETECTED,Yes,No Apparent Injury,N/A,LOOKED BUT DID NOT SEE,MD,SCHOOL BUS,MOVING CONSTANT SPEED,40,No,2023,FREIGHTLINER,CHASSIS,39.122825,-77.156905,2023,5,9
230026050,Property Damage Crash,05/31/2023 09:24:00 AM,TUCKERMAN LA,NA,SAME DIRECTION SIDESWIPE,Cloudy,DRY,Daylight,NO CONTROLS,NONE DETECTED,Yes,No Apparent Injury,N/A,LOOKED BUT DID NOT SEE,MD,SCHOOL BUS,CHANGING LANES,35,No,2017,THOMAS,BUS,39.030252,-77.11334017,2023,5,9
230026050,Property Damage Crash,05/31/2023 09:24:00 AM,TUCKERMAN LA,NA,SAME DIRECTION SIDESWIPE,Cloudy,DRY,Daylight,NO CONTROLS,NONE DETECTED,No,No Apparent Injury,N/A,NOT DISTRACTED,MD,PASSENGER CAR,MOVING CONSTANT SPEED,35,No,2017,TOYOTA,PRIUS,39.030252,-77.11334017,2023,5,9
230026048,Property Damage Crash,05/31/2023 09:15:00 AM,NEW HAMPSHIRE AVE,NA,SAME DIR REAR END,Clear,DRY,Daylight,TRAFFIC SIGNAL,NONE DETECTED,Yes,No Apparent Injury,N/A,INATTENTIVE OR LOST IN THOUGHT,VA,TRANSIT BUS,SLOWING OR STOPPING,35,No,2020,GILLIG,LOW FLOOR,39.02259725,-76.97786438,2023,5,9
230026048,Property Damage Crash,05/31/2023 09:15:00 AM,NEW HAMPSHIRE AVE,NA,SAME DIR REAR END,Clear,DRY,Daylight,TRAFFIC SIGNAL,NONE DETECTED,No,No Apparent Injury,N/A,NOT DISTRACTED,DC,TRANSIT BUS,STOPPED IN TRAFFIC LANE,35,No,2020,NEW,FLYER,39.02259725,-76.97786438,2023,5,9
230026044,Injury Crash,05/31/2023 08:38:00 AM,CONNECTICUT AVE,NA,SAME DIR REAR END,Clear,DRY,Daylight,NO CONTROLS,NONE DETECTED,Yes,No Apparent Injury,N/A,NOT DISTRACTED,MD,PASSENGER CAR,MOVING CONSTANT SPEED,40,No,2004,VW,BUG,39.04357333,-77.07634667,2023,5,8
230026044,Injury Crash,05/31/2023 08:38:00 AM,CONNECTICUT AVE,NA,SAME DIR REAR END,Clear,DRY,Daylight,NO CONTROLS,NONE DETECTED,No,Possible Minor Injury,N/A,NOT DISTRACTED,MD,PASSENGER CAR,STOPPED IN TRAFFIC LANE,40,No,2016,NISSAN,ROGUE,39.04357333,-77.07634667,2023,5,8
230026040,Property Damage Crash,05/31/2023 08:30:00 AM,AIRPARK RD,NA,SINGLE VEHICLE,Clear,DRY,Daylight,N/A,NONE DETECTED,Yes,No Apparent Injury,N/A,UNKNOWN,MD,PASSENGER CAR,MOVING CONSTANT SPEED,50,No,2012,DODGE,CHARGER,39.16389617,-77.14918367,2023,5,8
230026028,Property Damage Crash,05/31/2023 07:22:00 AM,CAPITAL BELTWAY,NA,SAME DIR REAR END,Clear,DRY,Daylight,NO CONTROLS,NONE DETECTED,No,No Apparent Injury,N/A,UNKNOWN,MD,PASSENGER CAR,SLOWING OR STOPPING,50,No,2022,TOYOTA,CAMRY,39.01313633,-77.04093272,2023,5,7
230026028,Property Damage Crash,05/31/2023 07:22:00 AM,CAPITAL BELTWAY,NA,SAME DIR REAR END,Clear,DRY,Daylight,NO CONTROLS,NONE DETECTED,Yes,No Apparent Injury,N/A,UNKNOWN,NA,PASSENGER CAR,UNKNOWN,50,No,2005,TOYOTRA,PRIUS,39.01313633,-77.04093272,2023,5,7
230025996,Property Damage Crash,05/30/2023 09:32:00 PM,ASPEN HILL RD,NA,SAME DIR REAR END,Clear,DRY,Medium,N/A,ALCOHOL PRESENT,Yes,No Apparent Injury,N/A,BY OTHER OCCUPANTS,MD,PASSENGER CAR,MOVING CONSTANT SPEED,35,No,2009,MITSUBISHI,LANCER,39.07827167,-77.09100167,2023,5,21
230025974,Property Damage Crash,05/30/2023 08:05:00 PM,GRAND PRE RD,NA,OPPOSITE DIRECTION SIDESWIPE,Clear,DRY,Daylight,NO CONTROLS,NONE DETECTED,No,No Apparent Injury,N/A,NOT DISTRACTED,MD,N/A,MOVING CONSTANT SPEED,25,No,2020,RAM,2500,39.089535,-77.07621667,2023,5,20
230025974,Property Damage Crash,05/30/2023 08:05:00 PM,GRAND PRE RD,NA,OPPOSITE DIRECTION SIDESWIPE,Clear,DRY,Daylight,NO CONTROLS,NONE DETECTED,No,No Apparent Injury,N/A,NOT DISTRACTED,MD,PASSENGER CAR,MOVING CONSTANT SPEED,25,No,2011,NISSAN,ALTIMA,39.089535,-77.07621667,2023,5,20
230025527,Property Damage Crash,05/30/2023 07:30:00 PM,CANTRELL RD,NA,SINGLE VEHICLE,Clear,DRY,Daylight,STOP SIGN,NONE DETECTED,Yes,No Apparent Injury,N/A,UNKNOWN,MD,PASSENGER CAR,MOVING CONSTANT SPEED,25,No,2018,DODGE,CHALLENGER,39.09272365,-76.96940733,2023,5,19
230025976,Property Damage Crash,05/30/2023 06:53:00 PM,WASHINGTONIAN BLVD,NA,SAME DIRECTION SIDESWIPE,Clear,DRY,Daylight,NO CONTROLS,NONE DETECTED,No,No Apparent Injury,N/A,NOT DISTRACTED,MD,PASSENGER CAR,MOVING CONSTANT SPEED,15,No,2017,CHEVROLET,CP,39.11771962,-77.20335045,2023,5,18
230025976,Property Damage Crash,05/30/2023 06:53:00 PM,WASHINGTONIAN BLVD,NA,SAME DIRECTION SIDESWIPE,Clear,DRY,Daylight,NO CONTROLS,NONE DETECTED,Yes,No Apparent Injury,N/A,UNKNOWN,NA,PICKUP TRUCK,MOVING CONSTANT SPEED,15,No,2023,TOYOTA,TACOMA,39.11771962,-77.20335045,2023,5,18
230025957,Injury Crash,05/30/2023 06:40:00 PM,W DEER PARK RD,NA,SAME DIR REAR END,Clear,DRY,Daylight,YIELD SIGN,NONE DETECTED,Yes,No Apparent Injury,N/A,UNKNOWN,MD,VAN,MOVING CONSTANT SPEED,25,No,2010,HOND,VN,39.1350756,-77.20561113,2023,5,18
230025957,Injury Crash,05/30/2023 06:40:00 PM,W DEER PARK RD,NA,SAME DIR REAR END,Clear,DRY,Daylight,YIELD SIGN,NONE DETECTED,No,Possible Minor Injury,N/A,NOT DISTRACTED,MD,VAN,SLOWING OR STOPPING,25,No,2005,TOYT,PV,39.1350756,-77.20561113,2023,5,18
230025954,Property Damage Crash,05/30/2023 06:10:00 PM,ROTHBURY DR,NA,SAME DIRECTION RIGHT TURN,Clear,DRY,Daylight,TRAFFIC SIGNAL,NONE DETECTED,Yes,No Apparent Injury,N/A,LOOKED BUT DID NOT SEE,MD,PASSENGER CAR,CHANGING LANES,25,No,2016,TOYOTA,RAV4,39.18512,-77.18778,2023,5,18
230025954,Property Damage Crash,05/30/2023 06:10:00 PM,ROTHBURY DR,NA,SAME DIRECTION RIGHT TURN,Clear,DRY,Daylight,TRAFFIC SIGNAL,NONE DETECTED,No,No Apparent Injury,N/A,LOOKED BUT DID NOT SEE,MD,TRANSIT BUS,STARTING FROM PARKED,25,No,2016,GILL,BUS,39.18512,-77.18778,2023,5,18
230025953,Property Damage Crash,05/30/2023 06:09:00 PM,CLOPPER RD,NA,OPPOSITE DIRECTION SIDESWIPE,Clear,DRY,Daylight,STOP SIGN,NONE DETECTED,Yes,No Apparent Injury,N/A,UNKNOWN,MD,PASSENGER CAR,ACCELERATING,25,No,2018,HONDA,SUV,39.14808833,-77.23699,2023,5,18
230025953,Property Damage Crash,05/30/2023 06:09:00 PM,CLOPPER RD,NA,OPPOSITE DIRECTION SIDESWIPE,Clear,DRY,Daylight,STOP SIGN,NONE DETECTED,No,No Apparent Injury,N/A,UNKNOWN,MD,PASSENGER CAR,MOVING CONSTANT SPEED,35,No,2015,TOYT,4S,39.14808833,-77.23699,2023,5,18
230025948,Injury Crash,05/30/2023 05:45:00 PM,ORCHARD RIDGE DR,NA,STRAIGHT MOVEMENT ANGLE,Clear,DRY,Daylight,STOP SIGN,NONE DETECTED,No,No Apparent Injury,N/A,NOT DISTRACTED,MD,PASSENGER CAR,MAKING LEFT TURN,25,No,2011,FORD,UT,39.12761333,-77.230425,2023,5,17
230025948,Injury Crash,05/30/2023 05:45:00 PM,ORCHARD RIDGE DR,NA,STRAIGHT MOVEMENT ANGLE,Clear,DRY,Daylight,STOP SIGN,NONE DETECTED,Yes,Possible Minor Injury,N/A,NOT DISTRACTED,MA,PASSENGER CAR,MAKING LEFT TURN,25,No,2019,MERCEDEZ,GLC300,39.12761333,-77.230425,2023,5,17
230025938,Property Damage Crash,05/30/2023 05:32:00 PM,NA,NA,SAME DIR REAR END,Clear,NA,Daylight,NO CONTROLS,NONE DETECTED,No,No Apparent Injury,N/A,NOT DISTRACTED,MD,(SPORT) UTILITY VEHICLE,STOPPED IN TRAFFIC LANE,0,No,2020,CHEVROLET,TAHOE,38.99599838,-77.036896,2023,5,17