Local Case Number,ACRS Report Type,Crash Date/Time,Road Name,Related Non-Motorist,Collision Type,Weather,Surface Condition,Light,Traffic Control,Driver Substance Abuse,Driver At Fault,Injury Severity,Circumstance,Driver Distracted By,Drivers License State,Vehicle Body Type,Vehicle Movement,Speed Limit,Driverless Vehicle,Vehicle Year,Vehicle Make,Vehicle Model,Latitude,Longitude,Year,Month,Hour
230025938,Property Damage Crash,05/30/2023 05:32:00 PM,NA,NA,SAME DIR REAR END,Clear,NA,Daylight,NO CONTROLS,NONE DETECTED,Yes,No Apparent Injury,N/A,UNKNOWN,DC,PASSENGER CAR,BACKING,0,No,2023,CHEVROLET,MALIBU,38.99599838,-77.036896,2023,5,17
230025946,Property Damage Crash,05/30/2023 05:31:00 PM,RIDGE RD,NA,HEAD ON LEFT TURN,Clear,DRY,Daylight,TRAFFIC SIGNAL,NONE DETECTED,No,No Apparent Injury,N/A,NOT DISTRACTED,MD,(SPORT) UTILITY VEHICLE,SLOWING OR STOPPING,35,No,2020,SUBA,OUTBACK,39.28860883,-77.204682,2023,5,17
230025946,Property Damage Crash,05/30/2023 05:31:00 PM,RIDGE RD,NA,HEAD ON LEFT TURN,Clear,DRY,Daylight,TRAFFIC SIGNAL,NONE DETECTED,Yes,No Apparent Injury,N/A,NOT DISTRACTED,FL,PASSENGER CAR,MAKING LEFT TURN,35,No,2011,LEXUS,ES350,39.28860883,-77.204682,2023,5,17
230025929,Injury Crash,05/30/2023 04:34:00 PM,POWDER MILL RD,NA,SAME DIR REAR END,Clear,DRY,Daylight,TRAFFIC SIGNAL,NONE DETECTED,No,Possible Minor Injury,N/A,NOT DISTRACTED,MD,PASSENGER CAR,STOPPED IN TRAFFIC LANE,35,No,2012,HONDA,CIVIC,39.02593667,-76.967035,2023,5,16
230025929,Injury Crash,05/30/2023 04:34:00 PM,POWDER MILL RD,NA,SAME DIR REAR END,Clear,DRY,Daylight,TRAFFIC SIGNAL,NONE DETECTED,No,No Apparent Injury,N/A,NOT DISTRACTED,MD,PASSENGER CAR,STOPPED IN TRAFFIC LANE,35,No,2013,NISSAN,ALTIMA,39.02593667,-76.967035,2023,5,16
230025929,Injury Crash,05/30/2023 04:34:00 PM,POWDER MILL RD,NA,SAME DIR REAR END,Clear,DRY,Daylight,TRAFFIC SIGNAL,NONE DETECTED,Yes,No Apparent Injury,N/A,UNKNOWN,MD,VAN,SLOWING OR STOPPING,35,No,2021,FORD,VAN,39.02593667,-76.967035,2023,5,16
230025929,Injury Crash,05/30/2023 04:34:00 PM,POWDER MILL RD,NA,SAME DIR REAR END,Clear,DRY,Daylight,TRAFFIC SIGNAL,NONE DETECTED,No,Possible Minor Injury,N/A,NOT DISTRACTED,MD,PASSENGER CAR,STOPPED IN TRAFFIC LANE,35,No,2018,NISSAN,PATHFINDER,39.02593667,-76.967035,2023,5,16
230025929,Injury Crash,05/30/2023 04:34:00 PM,POWDER MILL RD,NA,SAME DIR REAR END,Clear,DRY,Daylight,TRAFFIC SIGNAL,NONE DETECTED,No,Possible Minor Injury,N/A,NOT DISTRACTED,MD,PASSENGER CAR,STOPPED IN TRAFFIC LANE,35,No,2013,HONDA,CIVIC,39.02593667,-76.967035,2023,5,16
230025930,Property Damage Crash,05/30/2023 04:30:00 PM,COLESVILLE MANOR DR,NA,SAME DIR REAR END,Clear,DRY,Daylight,NO CONTROLS,NONE DETECTED,Yes,No Apparent Injury,N/A,LOOKED BUT DID NOT SEE,MS,PICKUP TRUCK,SLOWING OR STOPPING,25,No,2018,FORD,F150,39.0857,-77.00017167,2023,5,16
230025930,Property Damage Crash,05/30/2023 04:30:00 PM,COLESVILLE MANOR DR,NA,SAME DIR REAR END,Clear,DRY,Daylight,NO CONTROLS,NONE DETECTED,No,No Apparent Injury,N/A,NOT DISTRACTED,MD,SCHOOL BUS,STOPPED IN TRAFFIC LANE,25,No,2017,THOMAS,BUS,39.0857,-77.00017167,2023,5,16
230025917,Injury Crash,05/30/2023 04:20:00 PM,CALVERTON BLVD,NA,SAME DIR REAR END,Clear,DRY,Daylight,NO CONTROLS,NONE DETECTED,No,No Apparent Injury,N/A,NOT DISTRACTED,DC,TRANSIT BUS,STOPPED IN TRAFFIC LANE,25,No,2016,NEW FLYER,TBU,39.0564985,-76.952694,2023,5,16
230025917,Injury Crash,05/30/2023 04:20:00 PM,CALVERTON BLVD,NA,SAME DIR REAR END,Clear,DRY,Daylight,NO CONTROLS,NONE DETECTED,Yes,No Apparent Injury,N/A,UNKNOWN,MD,PASSENGER CAR,PASSING,25,No,2005,TOYOTA,CAMRY,39.0564985,-76.952694,2023,5,16
230025936,Property Damage Crash,05/30/2023 04:20:00 PM,OLD GEORGETOWN RD,NA,SAME DIR REAR END,Clear,DRY,Daylight,TRAFFIC SIGNAL,NONE DETECTED,No,No Apparent Injury,N/A,LOOKED BUT DID NOT SEE,MD,(SPORT) UTILITY VEHICLE,MAKING LEFT TURN,40,No,2022,BUICK,ENVISION,39.04482454,-77.1205285,2023,5,16
230025936,Property Damage Crash,05/30/2023 04:20:00 PM,OLD GEORGETOWN RD,NA,SAME DIR REAR END,Clear,DRY,Daylight,TRAFFIC SIGNAL,NONE DETECTED,Yes,No Apparent Injury,N/A,UNKNOWN,MD,PASSENGER CAR,MOVING CONSTANT SPEED,40,No,2014,NISSAN,ALTIMA,39.04482454,-77.1205285,2023,5,16
230025634,Injury Crash,05/30/2023 04:14:00 PM,LAYHILL RD,NA,SINGLE VEHICLE,Clear,DRY,Daylight,NO CONTROLS,NONE DETECTED,Yes,Suspected Serious Injury,N/A,UNKNOWN,MD,PASSENGER CAR,CHANGING LANES,35,No,2009,INFINITY,M35X,39.08330927,-77.04667864,2023,5,16
230025922,Property Damage Crash,05/30/2023 04:00:00 PM,CLARIDGE RD,NA,OPPOSITE DIRECTION SIDESWIPE,Clear,DRY,Daylight,STOP SIGN,NONE DETECTED,Yes,No Apparent Injury,"BACKUP DUE TO REGULAR CONGESTION, N/A",UNKNOWN,NA,SCHOOL BUS,MOVING CONSTANT SPEED,25,No,2008,ICRP,SCHOOL BUS,39.05297556,-77.06390225,2023,5,16
230025900,Property Damage Crash,05/30/2023 04:00:00 PM,RANDOLPH RD,NA,SAME DIRECTION SIDESWIPE,Clear,DRY,Daylight,NO CONTROLS,NONE DETECTED,Yes,No Apparent Injury,N/A,NOT DISTRACTED,MD,FIRE VEHICLE/EMERGENCY,MOVING CONSTANT SPEED,35,No,2021,PIRC,FT,39.05765795,-77.07223374,2023,5,16
230025922,Property Damage Crash,05/30/2023 04:00:00 PM,CLARIDGE RD,NA,OPPOSITE DIRECTION SIDESWIPE,Clear,DRY,Daylight,STOP SIGN,NONE DETECTED,No,No Apparent Injury,"BACKUP DUE TO REGULAR CONGESTION, N/A",NOT DISTRACTED,MD,SCHOOL BUS,MOVING CONSTANT SPEED,25,No,2020,THOMAS,SCHOOL BUS,39.05297556,-77.06390225,2023,5,16
230025900,Property Damage Crash,05/30/2023 04:00:00 PM,RANDOLPH RD,NA,SAME DIRECTION SIDESWIPE,Clear,DRY,Daylight,NO CONTROLS,NONE DETECTED,No,No Apparent Injury,N/A,NOT DISTRACTED,MD,PASSENGER CAR,MOVING CONSTANT SPEED,35,No,2008,AUDI,4S,39.05765795,-77.07223374,2023,5,16
230025908,Property Damage Crash,05/30/2023 03:57:00 PM,CLOPPER RD,NA,SAME DIR REAR END,Clear,DRY,Daylight,N/A,NONE DETECTED,No,No Apparent Injury,N/A,NOT DISTRACTED,MD,PASSENGER CAR,STOPPED IN TRAFFIC LANE,35,No,2021,TOYT,CAMRY,39.14569217,-77.22777133,2023,5,15
230025908,Property Damage Crash,05/30/2023 03:57:00 PM,CLOPPER RD,NA,SAME DIR REAR END,Clear,DRY,Daylight,N/A,NONE DETECTED,Yes,No Apparent Injury,N/A,NOT DISTRACTED,XX,PASSENGER CAR,MOVING CONSTANT SPEED,35,No,2009,INFI,G37,39.14569217,-77.22777133,2023,5,15
230025901,Injury Crash,05/30/2023 03:00:00 PM,CONNECTICUT AVE SERVICE RD,NA,HEAD ON LEFT TURN,Clear,DRY,Daylight,TRAFFIC SIGNAL,NONE DETECTED,Yes,Possible Minor Injury,N/A,LOOKED BUT DID NOT SEE,MD,PASSENGER CAR,MAKING LEFT TURN,35,No,2010,HONDA,ACCORD,39.05714864,-77.07343899,2023,5,15
230025901,Injury Crash,05/30/2023 03:00:00 PM,CONNECTICUT AVE SERVICE RD,NA,HEAD ON LEFT TURN,Clear,DRY,Daylight,TRAFFIC SIGNAL,NONE DETECTED,No,No Apparent Injury,N/A,NOT DISTRACTED,MD,PASSENGER CAR,MOVING CONSTANT SPEED,35,No,2019,DOAGE,CARAVAN,39.05714864,-77.07343899,2023,5,15
230025893,Injury Crash,05/30/2023 02:45:00 PM,CLOPPER RD,NA,SAME DIR REAR END,Clear,DRY,Daylight,NO CONTROLS,NONE DETECTED,No,Possible Minor Injury,N/A,NOT DISTRACTED,MD,PASSENGER CAR,MAKING LEFT TURN,35,No,2019,HYUNDAI,ELANTRA,39.151215,-77.24640667,2023,5,14
230025893,Injury Crash,05/30/2023 02:45:00 PM,CLOPPER RD,NA,SAME DIR REAR END,Clear,DRY,Daylight,NO CONTROLS,NONE DETECTED,Yes,No Apparent Injury,N/A,UNKNOWN,MD,(SPORT) UTILITY VEHICLE,MOVING CONSTANT SPEED,35,No,2017,JEEP,COMPASS,39.151215,-77.24640667,2023,5,14
230025869,Property Damage Crash,05/30/2023 12:09:00 PM,CREEK SHORE DR,NA,SAME DIRECTION SIDESWIPE,Clear,DRY,Daylight,NO CONTROLS,NONE DETECTED,Yes,No Apparent Injury,N/A,NOT DISTRACTED,MD,PASSENGER CAR,MOVING CONSTANT SPEED,25,No,2015,TOYT,HB,39.043895,-77.09666167,2023,5,12
230025860,Injury Crash,05/30/2023 11:00:00 AM,EXECUTIVE BLVD,NA,STRAIGHT MOVEMENT ANGLE,Clear,DRY,Daylight,NO CONTROLS,NONE DETECTED,No,No Apparent Injury,N/A,NOT DISTRACTED,MD,PASSENGER CAR,MOVING CONSTANT SPEED,35,No,2022,MASE,UT,39.04846417,-77.12387717,2023,5,11
230025860,Injury Crash,05/30/2023 11:00:00 AM,EXECUTIVE BLVD,NA,STRAIGHT MOVEMENT ANGLE,Clear,DRY,Daylight,NO CONTROLS,NONE DETECTED,Yes,No Apparent Injury,N/A,LOOKED BUT DID NOT SEE,MD,PASSENGER CAR,MAKING LEFT TURN,35,No,2010,TOYT,4S,39.04846417,-77.12387717,2023,5,11
230025848,Injury Crash,05/30/2023 10:12:00 AM,PARKLAWN DR,NA,STRAIGHT MOVEMENT ANGLE,Cloudy,DRY,Daylight,STOP SIGN,NONE DETECTED,Yes,No Apparent Injury,N/A,NOT DISTRACTED,MD,PASSENGER CAR,MAKING RIGHT TURN,25,No,2017,DODGE,CHARGER,39.05087217,-77.10532983,2023,5,10
230025848,Injury Crash,05/30/2023 10:12:00 AM,PARKLAWN DR,NA,STRAIGHT MOVEMENT ANGLE,Cloudy,DRY,Daylight,STOP SIGN,NONE DETECTED,No,No Apparent Injury,N/A,UNKNOWN,AL,PASSENGER CAR,MOVING CONSTANT SPEED,35,No,2021,NISSAN,VERSA,39.05087217,-77.10532983,2023,5,10
230025833,Injury Crash,05/30/2023 08:57:00 AM,LELAND ST,BICYCLIST,SAME DIRECTION RIGHT TURN,Cloudy,DRY,Daylight,STOP SIGN,NONE DETECTED,No,No Apparent Injury,N/A,NOT DISTRACTED,MD,PASSENGER CAR,MAKING RIGHT TURN,25,No,2015,MERZ,C300,38.98689167,-77.074745,2023,5,8
230025832,Property Damage Crash,05/30/2023 08:44:00 AM,MANOR RD,NA,SAME DIRECTION SIDESWIPE,Cloudy,WET,Daylight,NO CONTROLS,NONE DETECTED,Yes,No Apparent Injury,"N/A, WET",NOT DISTRACTED,MD,SCHOOL BUS,MOVING CONSTANT SPEED,25,No,2013,THOMAS,SCHOOL BUS,38.99639333,-77.07559167,2023,5,8
230025827,Property Damage Crash,05/30/2023 08:30:00 AM,CONNECTICUT AVE,NA,SAME DIRECTION SIDESWIPE,Cloudy,DRY,Daylight,NO CONTROLS,NONE DETECTED,Yes,No Apparent Injury,N/A,UNKNOWN,MD,PASSENGER CAR,CHANGING LANES,35,No,2000,CHEVROLET,TRUCK,38.99468167,-77.077379,2023,5,8
230025827,Property Damage Crash,05/30/2023 08:30:00 AM,CONNECTICUT AVE,NA,SAME DIRECTION SIDESWIPE,Cloudy,DRY,Daylight,NO CONTROLS,NONE DETECTED,No,No Apparent Injury,N/A,NOT DISTRACTED,MD,PASSENGER CAR,MOVING CONSTANT SPEED,35,No,2020,ACUR,UT,38.99468167,-77.077379,2023,5,8
230025834,Property Damage Crash,05/30/2023 08:15:00 AM,BEALLSVILLE RD,NA,SINGLE VEHICLE,Clear,DRY,Daylight,NO CONTROLS,NONE DETECTED,Unknown,No Apparent Injury,N/A,UNKNOWN,MD,PASSENGER CAR,LEAVING TRAFFIC LANE,40,No,2014,ACURA,ILX,39.16381,-77.41801333,2023,5,8
230025825,Property Damage Crash,05/30/2023 08:05:00 AM,HOLLY AVE,NA,SAME DIR REAR END,Cloudy,DRY,Daylight,NO CONTROLS,NONE DETECTED,Yes,No Apparent Injury,N/A,NOT DISTRACTED,DC,"MEDIUM/HEAVY TRUCKS 3 AXLES (OVER 10,000LBS (4,536KG))",SLOWING OR STOPPING,5,No,2009,AUTOCAR,TRUCK,38.97810167,-77.01687667,2023,5,8
230025821,Injury Crash,05/30/2023 07:35:00 AM,BEL PRE RD,NA,STRAIGHT MOVEMENT ANGLE,Cloudy,DRY,Daylight,NO CONTROLS,NONE DETECTED,No,No Apparent Injury,"BACKUP DUE TO REGULAR CONGESTION, N/A",NOT DISTRACTED,MD,"OTHER LIGHT TRUCKS (10,000LBS (4,536KG) OR LESS)",MOVING CONSTANT SPEED,35,No,2010,CHEVY,TK,39.09051167,-77.046315,2023,5,7
230025821,Injury Crash,05/30/2023 07:35:00 AM,BEL PRE RD,NA,STRAIGHT MOVEMENT ANGLE,Cloudy,DRY,Daylight,NO CONTROLS,NONE DETECTED,Yes,Possible Minor Injury,"BACKUP DUE TO REGULAR CONGESTION, N/A",LOOKED BUT DID NOT SEE,MD,PASSENGER CAR,MAKING LEFT TURN,35,No,2020,HONDA,CIVIC,39.09051167,-77.046315,2023,5,7
230025822,Property Damage Crash,05/30/2023 07:30:00 AM,UNIVERSITY BLVD E,NA,SAME DIR REAR END,Clear,WET,Daylight,TRAFFIC SIGNAL,NONE DETECTED,Yes,No Apparent Injury,N/A,UNKNOWN,MD,POLICE VEHICLE/EMERGENCY,SLOWING OR STOPPING,35,No,2017,TOYOTA,VAN,39.01944533,-77.01041367,2023,5,7
230025822,Property Damage Crash,05/30/2023 07:30:00 AM,UNIVERSITY BLVD E,NA,SAME DIR REAR END,Clear,WET,Daylight,TRAFFIC SIGNAL,NONE DETECTED,No,No Apparent Injury,N/A,NOT DISTRACTED,MD,PASSENGER CAR,STOPPED IN TRAFFIC LANE,35,No,2020,CHEV,EQUINOX,39.01944533,-77.01041367,2023,5,7
230025817,Injury Crash,05/30/2023 06:04:00 AM,WOODFIELD RD,NA,SINGLE VEHICLE,Clear,DRY,Daylight,NO CONTROLS,NONE DETECTED,Yes,Possible Minor Injury,"ANIMAL, N/A",NOT DISTRACTED,MD,"OTHER LIGHT TRUCKS (10,000LBS (4,536KG) OR LESS)",MOVING CONSTANT SPEED,50,No,2018,NISS,FRONTIER,39.21251667,-77.171855,2023,5,6
230025815,Property Damage Crash,05/30/2023 03:49:00 AM,RIO BLVD,NA,SINGLE VEHICLE,Clear,WET,Medium,YIELD SIGN,NONE DETECTED,Yes,No Apparent Injury,"N/A, WET",NOT DISTRACTED,MD,(SPORT) UTILITY VEHICLE,NEGOTIATING A CURVE,15,No,2022,FORD,BRONCO,39.11681235,-77.20139847,2023,5,3
230025808,Property Damage Crash,05/29/2023 10:38:00 PM,NA,NA,SAME DIR REAR END,Clear,NA,Medium,N/A,ALCOHOL PRESENT,Yes,No Apparent Injury,N/A,UNKNOWN,XX,PICKUP TRUCK,UNKNOWN,10,No,2002,FORD,F150,39.14596603,-77.17251772,2023,5,22
230025797,Property Damage Crash,05/29/2023 09:35:00 PM,DENNIS AVE,NA,HEAD ON,Rain,WET,Medium,TRAFFIC SIGNAL,NONE DETECTED,No,No Apparent Injury,"RAIN, SNOW, WET",UNKNOWN,MD,PASSENGER CAR,STARTING FROM LANE,25,No,2020,NISSAN,PATHFINDER,39.026348,-77.02033967,2023,5,21
230025797,Property Damage Crash,05/29/2023 09:35:00 PM,DENNIS AVE,NA,HEAD ON,Rain,WET,Medium,TRAFFIC SIGNAL,NONE DETECTED,Yes,No Apparent Injury,"RAIN, SNOW, WET",UNKNOWN,MD,PASSENGER CAR,STARTING FROM LANE,25,No,2008,INFINITI,G35X,39.026348,-77.02033967,2023,5,21
230025796,Property Damage Crash,05/29/2023 09:14:00 PM,COLUMBIA PIKE,NA,SAME DIR REAR END,Rain,WET,Dark,TRAFFIC SIGNAL,NONE DETECTED,Yes,No Apparent Injury,"N/A, WET",NOT DISTRACTED,MD,PASSENGER CAR,SLOWING OR STOPPING,50,No,2018,TOYOTA,COROLLA,39.07225333,-76.95616,2023,5,21
230025796,Property Damage Crash,05/29/2023 09:14:00 PM,COLUMBIA PIKE,NA,SAME DIR REAR END,Rain,WET,Dark,TRAFFIC SIGNAL,NONE DETECTED,No,No Apparent Injury,"N/A, WET",NOT DISTRACTED,MD,(SPORT) UTILITY VEHICLE,ACCELERATING,50,No,2018,DODG,UT,39.07225333,-76.95616,2023,5,21
230025794,Property Damage Crash,05/29/2023 08:31:00 PM,RANDOLPH RD,NA,SINGLE VEHICLE,Clear,WET,Medium,NO CONTROLS,NONE DETECTED,Yes,No Apparent Injury,"N/A, WET",UNKNOWN,NA,(SPORT) UTILITY VEHICLE,ACCELERATING,35,No,2018,NISSAN,ROGUE,39.05381352,-77.08689856,2023,5,20
230025787,Injury Crash,05/29/2023 07:50:00 PM,NA,NA,SINGLE VEHICLE,Clear,NA,Daylight,NO CONTROLS,NONE DETECTED,Yes,Possible Minor Injury,N/A,UNKNOWN,MD,PASSENGER CAR,MOVING CONSTANT SPEED,25,No,2022,TOYT,UT,39.15875833,-77.19864,2023,5,19
230025781,Injury Crash,05/29/2023 06:26:00 PM,OLD GEORGETOWN RD,NA,SAME DIR REAR END,Rain,WET,Daylight,TRAFFIC SIGNAL,NONE DETECTED,No,Possible Minor Injury,"RAIN, SNOW, WET",NOT DISTRACTED,MD,(SPORT) UTILITY VEHICLE,STOPPED IN TRAFFIC LANE,35,No,2023,TOYOTA,HIGHLANDER,38.99635858,-77.10890912,2023,5,18
230025781,Injury Crash,05/29/2023 06:26:00 PM,OLD GEORGETOWN RD,NA,SAME DIR REAR END,Rain,WET,Daylight,TRAFFIC SIGNAL,NONE DETECTED,Yes,Possible Minor Injury,"RAIN, SNOW, WET",INATTENTIVE OR LOST IN THOUGHT,MD,PASSENGER CAR,MOVING CONSTANT SPEED,35,No,2020,CHEVY,SONIC,38.99635858,-77.10890912,2023,5,18
230025783,Property Damage Crash,05/29/2023 06:17:00 PM,FRANKLIN ST,NA,SAME DIRECTION SIDESWIPE,Rain,WET,Daylight,NO CONTROLS,NONE DETECTED,Yes,No Apparent Injury,N/A,UNKNOWN,MD,(SPORT) UTILITY VEHICLE,MOVING CONSTANT SPEED,25,No,2002,TOYOTA,HIGHLANDER,39.02012383,-77.08870067,2023,5,18
230025774,Injury Crash,05/29/2023 05:15:00 PM,NA,PEDESTRIAN,OTHER,Rain,NA,Daylight,N/A,NONE DETECTED,Yes,No Apparent Injury,"SLEET, HAIL, FREEZ. RAIN, WET",LOOKED BUT DID NOT SEE,MD,TRUCK TRACTOR,MAKING RIGHT TURN,15,No,2023,FREIGHTLINER,TRACTOR,39.03777,-77.0582,2023,5,17
230025771,Injury Crash,05/29/2023 04:52:00 PM,PARKLAND DR,NA,STRAIGHT MOVEMENT ANGLE,Clear,WET,Daylight,STOP SIGN,NONE DETECTED,Yes,Possible Minor Injury,"N/A, WET",LOOKED BUT DID NOT SEE,MD,(SPORT) UTILITY VEHICLE,ACCELERATING,25,No,2015,HOND,UT,39.07747833,-77.08690667,2023,5,16
230025771,Injury Crash,05/29/2023 04:52:00 PM,PARKLAND DR,NA,STRAIGHT MOVEMENT ANGLE,Clear,WET,Daylight,STOP SIGN,NONE DETECTED,No,No Apparent Injury,"N/A, WET",NOT DISTRACTED,MD,PASSENGER CAR,MOVING CONSTANT SPEED,25,No,2017,MITSUBISHI,LANCER,39.07747833,-77.08690667,2023,5,16
230025775,Property Damage Crash,05/29/2023 04:50:00 PM,WASHINGTONIAN BLVD,NA,SAME DIR REAR END,Rain,WET,Daylight,NO CONTROLS,NONE DETECTED,No,No Apparent Injury,N/A,NOT DISTRACTED,MD,PASSENGER CAR,MOVING CONSTANT SPEED,25,No,2003,JEEP,LIBERTY,39.11815017,-77.20357167,2023,5,16
230025775,Property Damage Crash,05/29/2023 04:50:00 PM,WASHINGTONIAN BLVD,NA,SAME DIR REAR END,Rain,WET,Daylight,NO CONTROLS,NONE DETECTED,Yes,No Apparent Injury,N/A,UNKNOWN,MD,PASSENGER CAR,CHANGING LANES,25,No,2013,BMW,328I,39.11815017,-77.20357167,2023,5,16
230001023,Property Damage Crash,05/29/2023 04:30:00 PM,NA,NA,SINGLE VEHICLE,Rain,NA,Daylight,N/A,NONE DETECTED,Unknown,No Apparent Injury,N/A,NOT DISTRACTED,MD,POLICE VEHICLE/NON EMERGENCY,MOVING CONSTANT SPEED,10,No,2020,FORD,EXPLORER,38.99168385,-76.99849411,2023,5,16
230025768,Injury Crash,05/29/2023 04:27:00 PM,W MONTGOMERY AVE,NA,STRAIGHT MOVEMENT ANGLE,Rain,WET,Daylight,TRAFFIC SIGNAL,NONE DETECTED,Yes,No Apparent Injury,"RAIN, SNOW, WET",NOT DISTRACTED,MD,PASSENGER CAR,SLOWING OR STOPPING,25,No,2015,LNDR,TK,39.08568996,-77.17060109,2023,5,16
230025768,Injury Crash,05/29/2023 04:27:00 PM,W MONTGOMERY AVE,NA,STRAIGHT MOVEMENT ANGLE,Rain,WET,Daylight,TRAFFIC SIGNAL,NONE DETECTED,No,No Apparent Injury,"RAIN, SNOW, WET",NOT DISTRACTED,MD,PASSENGER CAR,MOVING CONSTANT SPEED,25,No,2016,HOND,VN,39.08568996,-77.17060109,2023,5,16
230025753,Property Damage Crash,05/29/2023 02:58:00 PM,OLD COLUMBIA PIKE,NA,HEAD ON LEFT TURN,Rain,WET,Daylight,NO CONTROLS,NONE DETECTED,Yes,No Apparent Injury,"RAIN, SNOW, WET",LOOKED BUT DID NOT SEE,MD,PASSENGER CAR,SLOWING OR STOPPING,35,No,2013,HOND,UT,39.07730017,-76.95714983,2023,5,14
230025753,Property Damage Crash,05/29/2023 02:58:00 PM,OLD COLUMBIA PIKE,NA,HEAD ON LEFT TURN,Rain,WET,Daylight,NO CONTROLS,NONE DETECTED,No,No Apparent Injury,"RAIN, SNOW, WET",NOT DISTRACTED,MD,PASSENGER CAR,MOVING CONSTANT SPEED,35,No,2002,TOYT,SD,39.07730017,-76.95714983,2023,5,14
230025748,Property Damage Crash,05/29/2023 02:44:00 PM,INTERCOUNTY CONNECTOR,NA,SINGLE VEHICLE,Rain,WET,Daylight,NO CONTROLS,NONE DETECTED,No,No Apparent Injury,"RAIN, SNOW, WET",NOT DISTRACTED,MD,PASSENGER CAR,MOVING CONSTANT SPEED,60,No,2018,FORD,ECOSPORT,39.0946441,-77.03041354,2023,5,14
230025747,Property Damage Crash,05/29/2023 02:40:00 PM,NORBECK RD,NA,SINGLE VEHICLE,Rain,WET,Daylight,TRAFFIC SIGNAL,NONE DETECTED,Yes,No Apparent Injury,"RAIN, SNOW, WET",NOT DISTRACTED,MD,PICKUP TRUCK,MAKING RIGHT TURN,35,No,2004,FORD,TRUCK,39.10913967,-77.08020183,2023,5,14
230025726,Injury Crash,05/29/2023 12:14:00 PM,SHADY GROVE RD,NA,SAME DIR REAR END,Clear,DRY,Daylight,TRAFFIC SIGNAL,NONE DETECTED,Yes,Possible Minor Injury,N/A,LOOKED BUT DID NOT SEE,MD,PASSENGER CAR,MOVING CONSTANT SPEED,35,No,2011,MERZ,E350,39.09106167,-77.204205,2023,5,12
230025726,Injury Crash,05/29/2023 12:14:00 PM,SHADY GROVE RD,NA,SAME DIR REAR END,Clear,DRY,Daylight,TRAFFIC SIGNAL,NONE DETECTED,No,No Apparent Injury,N/A,NOT DISTRACTED,XX,PASSENGER CAR,MAKING RIGHT TURN,35,No,2022,TOYT,4RUNNER,39.09106167,-77.204205,2023,5,12
230025718,Injury Crash,05/29/2023 10:39:00 AM,FREDERICK RD,NA,STRAIGHT MOVEMENT ANGLE,Cloudy,DRY,Daylight,STOP SIGN,NONE DETECTED,Yes,Possible Minor Injury,N/A,NOT DISTRACTED,MD,(SPORT) UTILITY VEHICLE,MAKING LEFT TURN,40,No,2021,LEXS,RX,39.16881341,-77.23414303,2023,5,10
230025718,Injury Crash,05/29/2023 10:39:00 AM,FREDERICK RD,NA,STRAIGHT MOVEMENT ANGLE,Cloudy,DRY,Daylight,STOP SIGN,NONE DETECTED,Yes,Possible Minor Injury,N/A,NOT DISTRACTED,US,PASSENGER CAR,SLOWING OR STOPPING,40,No,2021,HONDA,CIVIC,39.16881341,-77.23414303,2023,5,10
230025703,Property Damage Crash,05/29/2023 08:45:00 AM,COLUMBIA PIKE,NA,SAME DIR REAR END,Rain,WET,Daylight,TRAFFIC SIGNAL,NONE DETECTED,Yes,No Apparent Injury,"RAIN, SNOW, WET",UNKNOWN,MD,(SPORT) UTILITY VEHICLE,MOVING CONSTANT SPEED,40,No,2012,LAND ROVER,LR2,39.03611333,-77.00021167,2023,5,8
230025703,Property Damage Crash,05/29/2023 08:45:00 AM,COLUMBIA PIKE,NA,SAME DIR REAR END,Rain,WET,Daylight,TRAFFIC SIGNAL,NONE DETECTED,No,No Apparent Injury,"RAIN, SNOW, WET",NOT DISTRACTED,MD,PASSENGER CAR,STARTING FROM LANE,40,No,2013,TOYT,WG,39.03611333,-77.00021167,2023,5,8
230025703,Property Damage Crash,05/29/2023 08:45:00 AM,COLUMBIA PIKE,NA,SAME DIR REAR END,Rain,WET,Daylight,TRAFFIC SIGNAL,NONE DETECTED,No,No Apparent Injury,"RAIN, SNOW, WET",NOT DISTRACTED,MD,PASSENGER CAR,MOVING CONSTANT SPEED,40,No,2019,MAZD,4S,39.03611333,-77.00021167,2023,5,8
230025697,Property Damage Crash,05/29/2023 06:50:00 AM,CHERRY TREE LA,NA,SAME DIR REAR END,Clear,WET,Medium,TRAFFIC SIGNAL,NONE DETECTED,Yes,No Apparent Injury,N/A,UNKNOWN,NA,PASSENGER CAR,MOVING CONSTANT SPEED,40,No,2011,SUBARU,OUTBACK,39.06364,-76.96531167,2023,5,6
230025697,Property Damage Crash,05/29/2023 06:50:00 AM,CHERRY TREE LA,NA,SAME DIR REAR END,Clear,WET,Medium,TRAFFIC SIGNAL,NONE DETECTED,No,No Apparent Injury,N/A,NOT DISTRACTED,MD,PASSENGER CAR,STOPPED IN TRAFFIC LANE,40,No,2013,TOYT,SD,39.06364,-76.96531167,2023,5,6
230025694,Property Damage Crash,05/29/2023 05:19:00 AM,NA,NA,OTHER,Clear,NA,Medium,NO CONTROLS,ALCOHOL PRESENT,Yes,No Apparent Injury,N/A,INATTENTIVE OR LOST IN THOUGHT,MD,PASSENGER CAR,BACKING,10,No,2012,GMC,YUKON,39.13007667,-77.48852,2023,5,5
230025688,Property Damage Crash,05/29/2023 02:47:00 AM,W DEER PARK RD,NA,SINGLE VEHICLE,Clear,DRY,Medium,NO CONTROLS,ALCOHOL PRESENT,Yes,No Apparent Injury,N/A,UNKNOWN,MD,PASSENGER CAR,MOVING CONSTANT SPEED,30,No,2007,HYUNDAI,VN,39.13177028,-77.20206498,2023,5,2
230025683,Property Damage Crash,05/29/2023 01:54:00 AM,NA,NA,OTHER,Clear,NA,Medium,N/A,ALCOHOL PRESENT,Yes,No Apparent Injury,N/A,UNKNOWN,MD,PASSENGER CAR,MOVING CONSTANT SPEED,25,No,2018,TOYOTA,HIGHLANDER,39.10034296,-77.21638709,2023,5,1
230025683,Property Damage Crash,05/29/2023 01:54:00 AM,NA,NA,OTHER,Clear,NA,Medium,N/A,NONE DETECTED,No,No Apparent Injury,N/A,NOT DISTRACTED,MD,AMBULANCE/EMERGENCY,PARKED,25,No,2016,FRHT,TK,39.10034296,-77.21638709,2023,5,1
230025675,Property Damage Crash,05/28/2023 11:28:00 PM,GEORGIA AVE,NA,SAME DIR REAR END,Clear,DRY,Medium,NO CONTROLS,NONE DETECTED,No,No Apparent Injury,N/A,NOT DISTRACTED,MD,PASSENGER CAR,MOVING CONSTANT SPEED,40,No,2019,HONDA,PASSPORT,39.13007667,-77.48852,2023,5,23
230025675,Property Damage Crash,05/28/2023 11:28:00 PM,GEORGIA AVE,NA,SAME DIR REAR END,Clear,DRY,Medium,NO CONTROLS,NONE DETECTED,Yes,No Apparent Injury,N/A,OTHER CELLULAR PHONE RELATED,VA,PASSENGER CAR,MOVING CONSTANT SPEED,40,No,2017,AUDI,A3,39.13007667,-77.48852,2023,5,23
230025673,Injury Crash,05/28/2023 10:57:00 PM,TILDEN LA,NA,SINGLE VEHICLE,Clear,DRY,Medium,NO CONTROLS,NONE DETECTED,Yes,Possible Minor Injury,N/A,DISTRACTED BY OUTSIDE PERSON OBJECT OR EVENT,XX,PASSENGER CAR,ACCELERATING,25,No,2016,HYUN,ELANTRA,39.044145,-77.13705833,2023,5,22