Local Case Number,ACRS Report Type,Crash Date/Time,Road Name,Related Non-Motorist,Collision Type,Weather,Surface Condition,Light,Traffic Control,Driver Substance Abuse,Driver At Fault,Injury Severity,Circumstance,Driver Distracted By,Drivers License State,Vehicle Body Type,Vehicle Movement,Speed Limit,Driverless Vehicle,Vehicle Year,Vehicle Make,Vehicle Model,Latitude,Longitude,Year,Month,Hour
230025437,Property Damage Crash,05/27/2023 08:29:00 AM,CONNECTICUT AVE,NA,SAME DIRECTION SIDESWIPE,Clear,DRY,Daylight,NO CONTROLS,NONE DETECTED,Yes,No Apparent Injury,N/A,NOT DISTRACTED,MD,PASSENGER CAR,MOVING CONSTANT SPEED,35,No,2016,HONDA,CIVIC,38.99008333,-77.077185,2023,5,8
230025449,Property Damage Crash,05/27/2023 03:56:00 AM,THORNDEN RD,NA,HEAD ON,Clear,DRY,Medium,NO CONTROLS,NONE DETECTED,Yes,No Apparent Injury,N/A,UNKNOWN,MD,PASSENGER CAR,MOVING CONSTANT SPEED,25,No,2015,SUBA,4D,39.07087445,-77.12601877,2023,5,3
230025421,Injury Crash,05/27/2023 02:54:00 AM,SHADY GROVE RD,NA,SAME DIR REAR END,Clear,DRY,Medium,NO CONTROLS,NONE DETECTED,Yes,No Apparent Injury,N/A,UNKNOWN,MD,PASSENGER CAR,MOVING CONSTANT SPEED,35,No,2010,CHRYSLER,300,39.11401721,-77.18636794,2023,5,2
230025421,Injury Crash,05/27/2023 02:54:00 AM,SHADY GROVE RD,NA,SAME DIR REAR END,Clear,DRY,Medium,NO CONTROLS,NONE DETECTED,No,Possible Minor Injury,N/A,NOT DISTRACTED,MD,PASSENGER CAR,MAKING RIGHT TURN,35,No,2006,KIA,SPECTRA,39.11401721,-77.18636794,2023,5,2
230025427,Property Damage Crash,05/27/2023 02:12:00 AM,NA,NA,SINGLE VEHICLE,Clear,NA,Dark,N/A,NONE DETECTED,Yes,No Apparent Injury,N/A,NOT DISTRACTED,NA,PASSENGER CAR,MOVING CONSTANT SPEED,25,No,2020,HYUNDAI,ACCENT,39.13940732,-77.19167714,2023,5,2
230025422,Property Damage Crash,05/27/2023 02:09:00 AM,W DIAMOND AVE,NA,SINGLE VEHICLE,Clear,DRY,Medium,TRAFFIC SIGNAL,NONE DETECTED,Yes,No Apparent Injury,N/A,NOT DISTRACTED,MD,PASSENGER CAR,MAKING RIGHT TURN,35,No,2020,FORD,EXPLORER,39.14147062,-77.21777334,2023,5,2
230025414,Property Damage Crash,05/27/2023 12:57:00 AM,GREENTREE RD,NA,SAME DIR REAR END,Clear,DRY,Dark,NO CONTROLS,NONE DETECTED,Yes,No Apparent Injury,N/A,UNKNOWN,MD,PASSENGER CAR,MOVING CONSTANT SPEED,25,No,2010,LINCOLN,4S,39.0010715,-77.1215825,2023,5,0
230025401,Injury Crash,05/26/2023 11:30:00 PM,FREDERICK RD,NA,HEAD ON,Clear,DRY,Medium,NO CONTROLS,NONE DETECTED,No,No Apparent Injury,N/A,NOT DISTRACTED,MD,PASSENGER CAR,SLOWING OR STOPPING,45,No,2015,HONDA,ACCOPRD,39.22213058,-77.25999098,2023,5,23
230025401,Injury Crash,05/26/2023 11:30:00 PM,FREDERICK RD,NA,HEAD ON,Clear,DRY,Medium,NO CONTROLS,NONE DETECTED,Yes,Possible Minor Injury,N/A,NOT DISTRACTED,MD,PASSENGER CAR,MOVING CONSTANT SPEED,45,No,2012,VOLK,GOLF,39.22213058,-77.25999098,2023,5,23
230025401,Injury Crash,05/26/2023 11:30:00 PM,FREDERICK RD,NA,HEAD ON,Clear,DRY,Medium,NO CONTROLS,NONE DETECTED,No,Possible Minor Injury,N/A,NOT DISTRACTED,MD,PASSENGER CAR,MOVING CONSTANT SPEED,45,No,2015,NISSAN,ALTIMA,39.22213058,-77.25999098,2023,5,23
230025400,Injury Crash,05/26/2023 11:05:00 PM,NEW HAMPSHIRE AVE,NA,HEAD ON,Clear,DRY,Medium,NO CONTROLS,NONE DETECTED,No,Possible Minor Injury,N/A,NOT DISTRACTED,FL,VAN,MOVING CONSTANT SPEED,35,No,2022,HONDA,ODYSSEY,39.00948333,-76.979445,2023,5,23
230025400,Injury Crash,05/26/2023 11:05:00 PM,NEW HAMPSHIRE AVE,NA,HEAD ON,Clear,DRY,Medium,NO CONTROLS,ALCOHOL PRESENT,Yes,No Apparent Injury,N/A,UNKNOWN,MD,VAN,MOVING CONSTANT SPEED,35,No,2006,CHEVROLET,EXPRESS,39.00948333,-76.979445,2023,5,23
230025402,Property Damage Crash,05/26/2023 10:53:00 PM,ROCKVILLE PIKE,NA,SAME DIRECTION SIDESWIPE,Clear,DRY,Dark,TRAFFIC SIGNAL,NONE DETECTED,Yes,No Apparent Injury,N/A,UNKNOWN,NA,PASSENGER CAR,SLOWING OR STOPPING,35,No,2013,HONDDA,4S,39.06597979,-77.12750625,2023,5,22
230025402,Property Damage Crash,05/26/2023 10:53:00 PM,ROCKVILLE PIKE,NA,SAME DIRECTION SIDESWIPE,Clear,DRY,Dark,TRAFFIC SIGNAL,NONE DETECTED,No,No Apparent Injury,N/A,NOT DISTRACTED,MD,PASSENGER CAR,STOPPED IN TRAFFIC LANE,35,No,2013,VOLKSWAGEN,PASSAT,39.06597979,-77.12750625,2023,5,22
230025397,Injury Crash,05/26/2023 10:20:00 PM,VEIRS MILL RD,NA,SAME DIR REAR END,Clear,DRY,Medium,N/A,NONE DETECTED,Yes,No Apparent Injury,N/A,OTHER DISTRACTION,MD,PASSENGER CAR,MOVING CONSTANT SPEED,30,No,2013,BMW,5 SERIES,39.076966,-77.122082,2023,5,22
230025397,Injury Crash,05/26/2023 10:20:00 PM,VEIRS MILL RD,NA,SAME DIR REAR END,Clear,DRY,Medium,N/A,NONE DETECTED,No,Possible Minor Injury,N/A,NOT DISTRACTED,MD,PASSENGER CAR,MOVING CONSTANT SPEED,30,No,2004,HONDA,CIVIC,39.076966,-77.122082,2023,5,22
230025391,Property Damage Crash,05/26/2023 10:06:00 PM,SNOWDEN FARM PKWY,NA,SINGLE VEHICLE,Clear,DRY,Medium,YIELD SIGN,NONE DETECTED,Yes,No Apparent Injury,N/A,UNKNOWN,MD,PASSENGER CAR,MOVING CONSTANT SPEED,40,No,2016,NISSAN,MAXIMA,39.22969798,-77.25283407,2023,5,22
230024408,Property Damage Crash,05/26/2023 08:49:00 PM,RAMP 11 FR RP10 (29 SB) TO FAIRLND RD EB,NA,SAME DIR REAR END,Clear,DRY,Medium,TRAFFIC SIGNAL,NONE DETECTED,Yes,No Apparent Injury,N/A,LOOKED BUT DID NOT SEE,TN,PASSENGER CAR,SLOWING OR STOPPING,55,No,2017,HONDA,ACCORD,39.07510771,-76.95504891,2023,5,20
230024408,Property Damage Crash,05/26/2023 08:49:00 PM,RAMP 11 FR RP10 (29 SB) TO FAIRLND RD EB,NA,SAME DIR REAR END,Clear,DRY,Medium,TRAFFIC SIGNAL,NONE DETECTED,No,No Apparent Injury,N/A,NOT DISTRACTED,VA,PASSENGER CAR,STOPPED IN TRAFFIC LANE,55,No,2005,HYUNDAI,TUCSON,39.07510771,-76.95504891,2023,5,20
230024408,Property Damage Crash,05/26/2023 08:49:00 PM,RAMP 11 FR RP10 (29 SB) TO FAIRLND RD EB,NA,SAME DIR REAR END,Clear,DRY,Medium,TRAFFIC SIGNAL,NONE DETECTED,No,No Apparent Injury,N/A,NOT DISTRACTED,MD,PASSENGER CAR,STOPPED IN TRAFFIC LANE,55,No,2012,BMW,TK,39.07510771,-76.95504891,2023,5,20
230025364,Property Damage Crash,05/26/2023 06:30:00 PM,BARRON ST,NA,OTHER,Clear,DRY,Daylight,N/A,NONE DETECTED,Yes,No Apparent Injury,N/A,UNKNOWN,MD,PASSENGER CAR,BACKING,25,No,2022,HONDA,ACCORD,38.99309003,-76.99779215,2023,5,18
230025360,Property Damage Crash,05/26/2023 06:11:00 PM,VEIRS MILL RD,NA,STRAIGHT MOVEMENT ANGLE,Cloudy,DRY,Daylight,TRAFFIC SIGNAL,NONE DETECTED,Yes,No Apparent Injury,N/A,INATTENTIVE OR LOST IN THOUGHT,MD,PASSENGER CAR,MOVING CONSTANT SPEED,40,No,2011,NISSAN,SENTRA,39.07342379,-77.11195193,2023,5,18
230025360,Property Damage Crash,05/26/2023 06:11:00 PM,VEIRS MILL RD,NA,STRAIGHT MOVEMENT ANGLE,Cloudy,DRY,Daylight,TRAFFIC SIGNAL,NONE DETECTED,No,No Apparent Injury,N/A,NOT DISTRACTED,MD,PASSENGER CAR,STARTING FROM LANE,25,No,2016,TOYOTA,HIGHLANDER,39.07342379,-77.11195193,2023,5,18
230025357,Injury Crash,05/26/2023 06:00:00 PM,MONTGOMERY VILLAGE AVE,NA,SAME DIRECTION RIGHT TURN,Clear,DRY,Daylight,NO CONTROLS,NONE DETECTED,Unknown,Possible Minor Injury,N/A,NOT DISTRACTED,MD,PASSENGER CAR,MOVING CONSTANT SPEED,35,No,2008,DODG,PV,39.15551667,-77.20757333,2023,5,18
230025357,Injury Crash,05/26/2023 06:00:00 PM,MONTGOMERY VILLAGE AVE,NA,SAME DIRECTION RIGHT TURN,Clear,DRY,Daylight,NO CONTROLS,NONE DETECTED,Unknown,No Apparent Injury,N/A,NOT DISTRACTED,MD,PASSENGER CAR,MOVING CONSTANT SPEED,35,No,2012,FORD,4S,39.15551667,-77.20757333,2023,5,18
230025334,Injury Crash,05/26/2023 04:25:00 PM,WISCONSIN AVE,PEDESTRIAN,OTHER,Clear,DRY,Daylight,TRAFFIC SIGNAL,NONE DETECTED,No,No Apparent Injury,N/A,NOT DISTRACTED,MD,PASSENGER CAR,MAKING LEFT TURN,25,No,2018,MERZ,TK,38.98013167,-77.09211,2023,5,16
230025335,Property Damage Crash,05/26/2023 04:25:00 PM,GEORGIA AVE,NA,SAME DIR REAR END,Clear,DRY,Daylight,TRAFFIC SIGNAL,NONE DETECTED,Yes,No Apparent Injury,N/A,NOT DISTRACTED,MD,SCHOOL BUS,MOVING CONSTANT SPEED,25,No,2022,THOMAS,HDX,39.04160667,-77.051715,2023,5,16
230025335,Property Damage Crash,05/26/2023 04:25:00 PM,GEORGIA AVE,NA,SAME DIR REAR END,Clear,DRY,Daylight,TRAFFIC SIGNAL,NONE DETECTED,No,No Apparent Injury,N/A,NOT DISTRACTED,MD,VAN,MOVING CONSTANT SPEED,25,No,2017,RAM,PROMASTER,39.04160667,-77.051715,2023,5,16
230025322,Injury Crash,05/26/2023 04:00:00 PM,FREDERICK RD,NA,SAME DIR REAR END,Clear,DRY,Daylight,NO CONTROLS,NONE DETECTED,Yes,Possible Minor Injury,N/A,LOOKED BUT DID NOT SEE,MD,PASSENGER CAR,MOVING CONSTANT SPEED,40,No,2021,KIA,RIO,39.1886585,-77.24086767,2023,5,16
230025322,Injury Crash,05/26/2023 04:00:00 PM,FREDERICK RD,NA,SAME DIR REAR END,Clear,DRY,Daylight,NO CONTROLS,NONE DETECTED,No,No Apparent Injury,N/A,NOT DISTRACTED,MD,VAN,STOPPED IN TRAFFIC LANE,40,No,2006,FORD,FREESTAR,39.1886585,-77.24086767,2023,5,16
230025322,Injury Crash,05/26/2023 04:00:00 PM,FREDERICK RD,NA,SAME DIR REAR END,Clear,DRY,Daylight,NO CONTROLS,NONE DETECTED,No,No Apparent Injury,N/A,NOT DISTRACTED,MD,(SPORT) UTILITY VEHICLE,STOPPED IN TRAFFIC LANE,40,No,2009,GMC,ACADIA,39.1886585,-77.24086767,2023,5,16
230025322,Injury Crash,05/26/2023 04:00:00 PM,FREDERICK RD,NA,SAME DIR REAR END,Clear,DRY,Daylight,NO CONTROLS,NONE DETECTED,No,No Apparent Injury,N/A,NOT DISTRACTED,MD,(SPORT) UTILITY VEHICLE,STOPPED IN TRAFFIC LANE,40,No,2019,VOLVO,XC90,39.1886585,-77.24086767,2023,5,16
230025315,Injury Crash,05/26/2023 02:50:00 PM,CLOPPER RD,NA,STRAIGHT MOVEMENT ANGLE,Clear,DRY,Daylight,STOP SIGN,NONE DETECTED,No,No Apparent Injury,N/A,NOT DISTRACTED,MD,PASSENGER CAR,MOVING CONSTANT SPEED,35,No,2008,HONDA,VN,39.14429079,-77.22509076,2023,5,14
230025315,Injury Crash,05/26/2023 02:50:00 PM,CLOPPER RD,NA,STRAIGHT MOVEMENT ANGLE,Clear,DRY,Daylight,STOP SIGN,NONE DETECTED,Yes,No Apparent Injury,N/A,UNKNOWN,MD,PASSENGER CAR,MAKING LEFT TURN,35,No,2019,NISSAN,SD,39.14429079,-77.22509076,2023,5,14
230025314,Property Damage Crash,05/26/2023 02:48:00 PM,CLOPPER RD,NA,STRAIGHT MOVEMENT ANGLE,Clear,DRY,Daylight,TRAFFIC SIGNAL,NONE DETECTED,Yes,No Apparent Injury,N/A,NOT DISTRACTED,MD,PASSENGER CAR,MOVING CONSTANT SPEED,40,No,2020,BUIC,ENCORE,39.15895833,-77.275425,2023,5,14
230025314,Property Damage Crash,05/26/2023 02:48:00 PM,CLOPPER RD,NA,STRAIGHT MOVEMENT ANGLE,Clear,DRY,Daylight,TRAFFIC SIGNAL,NONE DETECTED,No,No Apparent Injury,N/A,NOT DISTRACTED,MD,PASSENGER CAR,ACCELERATING,40,No,2015,HOND,ODYSSEY,39.15895833,-77.275425,2023,5,14
230025296,Injury Crash,05/26/2023 01:20:00 PM,CLOPPER RD,NA,SAME DIR REAR END,Clear,DRY,Daylight,NO CONTROLS,NONE DETECTED,Yes,No Apparent Injury,N/A,UNKNOWN,MD,"CARGO VAN/LIGHT TRUCK 2 AXLES (OVER 10,000LBS (4,536 KG))",MOVING CONSTANT SPEED,45,No,2010,FORD,E350,39.15558333,-77.26146667,2023,5,13
230025296,Injury Crash,05/26/2023 01:20:00 PM,CLOPPER RD,NA,SAME DIR REAR END,Clear,DRY,Daylight,NO CONTROLS,NONE DETECTED,No,Possible Minor Injury,N/A,UNKNOWN,MD,VAN,MOVING CONSTANT SPEED,45,No,2017,CHEV,VN,39.15558333,-77.26146667,2023,5,13
230025296,Injury Crash,05/26/2023 01:20:00 PM,CLOPPER RD,NA,SAME DIR REAR END,Clear,DRY,Daylight,NO CONTROLS,NONE DETECTED,Yes,No Apparent Injury,N/A,NOT DISTRACTED,MD,PASSENGER CAR,MOVING CONSTANT SPEED,45,No,2017,FORD,EDGE,39.15558333,-77.26146667,2023,5,13
230025293,Property Damage Crash,05/26/2023 01:10:00 PM,FREDERICK RD,NA,SAME DIRECTION SIDESWIPE,Clear,DRY,Daylight,TRAFFIC SIGNAL,NONE DETECTED,Yes,No Apparent Injury,"BACKUP DUE TO NON-RECURRING INCIDENT, N/A",NOT DISTRACTED,MD,POLICE VEHICLE/NON EMERGENCY,SLOWING OR STOPPING,35,No,2019,HARLEY DAVIDSON,POLICE MC,39.19522831,-77.24431238,2023,5,13
230025293,Property Damage Crash,05/26/2023 01:10:00 PM,FREDERICK RD,NA,SAME DIRECTION SIDESWIPE,Clear,DRY,Daylight,TRAFFIC SIGNAL,NONE DETECTED,No,No Apparent Injury,"BACKUP DUE TO NON-RECURRING INCIDENT, N/A",NOT DISTRACTED,TX,PASSENGER CAR,SLOWING OR STOPPING,35,No,2018,AUDI,A6,39.19522831,-77.24431238,2023,5,13
230025291,Injury Crash,05/26/2023 01:05:00 PM,NEWCUT ROAD,NA,HEAD ON LEFT TURN,Clear,DRY,Daylight,NO CONTROLS,NONE DETECTED,No,Possible Minor Injury,N/A,NOT DISTRACTED,MD,(SPORT) UTILITY VEHICLE,MOVING CONSTANT SPEED,25,No,2022,HONDA,PILOT,39.22990667,-77.2485885,2023,5,13
230025291,Injury Crash,05/26/2023 01:05:00 PM,NEWCUT ROAD,NA,HEAD ON LEFT TURN,Clear,DRY,Daylight,NO CONTROLS,NONE DETECTED,Yes,Possible Minor Injury,N/A,UNKNOWN,MD,VAN,MAKING LEFT TURN,25,No,2016,TOYOTA,SIENNA,39.22990667,-77.2485885,2023,5,13
230025290,Injury Crash,05/26/2023 12:46:00 PM,SLIGO CREEK PKWY,NA,SAME DIR REAR END,Clear,DRY,Daylight,TRAFFIC SIGNAL,NONE DETECTED,No,Possible Minor Injury,N/A,NOT DISTRACTED,MD,PASSENGER CAR,STOPPED IN TRAFFIC LANE,25,No,2021,JEEP,GRAND CHEROKEE,39.00017,-77.01051833,2023,5,12
230025290,Injury Crash,05/26/2023 12:46:00 PM,SLIGO CREEK PKWY,NA,SAME DIR REAR END,Clear,DRY,Daylight,TRAFFIC SIGNAL,NONE DETECTED,Yes,No Apparent Injury,N/A,OTHER DISTRACTION,VA,PICKUP TRUCK,ACCELERATING,25,No,2018,CHEVROLET,COLORADO,39.00017,-77.01051833,2023,5,12
230025284,Property Damage Crash,05/26/2023 12:25:00 PM,NA,NA,HEAD ON,Clear,NA,Daylight,NO CONTROLS,NONE DETECTED,Unknown,No Apparent Injury,N/A,LOOKED BUT DID NOT SEE,MD,PASSENGER CAR,BACKING,15,No,2019,HOND,UT,39.06472,-77.03494383,2023,5,12
230025284,Property Damage Crash,05/26/2023 12:25:00 PM,NA,NA,HEAD ON,Clear,NA,Daylight,NO CONTROLS,NONE DETECTED,Unknown,No Apparent Injury,N/A,LOOKED BUT DID NOT SEE,MD,"OTHER LIGHT TRUCKS (10,000LBS (4,536KG) OR LESS)",BACKING,15,No,2016,FORD,F250,39.06472,-77.03494383,2023,5,12
230025272,Property Damage Crash,05/26/2023 11:07:00 AM,PINEY BRANCH RD,NA,STRAIGHT MOVEMENT ANGLE,Clear,DRY,Daylight,TRAFFIC SIGNAL,NONE DETECTED,No,No Apparent Injury,N/A,NOT DISTRACTED,MD,PASSENGER CAR,MOVING CONSTANT SPEED,35,No,2010,TOYT,PRIUS,38.99998878,-76.99072579,2023,5,11
230025272,Property Damage Crash,05/26/2023 11:07:00 AM,PINEY BRANCH RD,NA,STRAIGHT MOVEMENT ANGLE,Clear,DRY,Daylight,TRAFFIC SIGNAL,NONE DETECTED,Yes,No Apparent Injury,N/A,LOOKED BUT DID NOT SEE,MD,PASSENGER CAR,MAKING LEFT TURN,35,No,2021,TOYOTA,COROLLA,38.99998878,-76.99072579,2023,5,11
230025273,Property Damage Crash,05/26/2023 11:01:00 AM,CHESTERFIELD RD,NA,SAME DIRECTION SIDESWIPE,Clear,DRY,Daylight,N/A,NONE DETECTED,Yes,No Apparent Injury,N/A,LOOKED BUT DID NOT SEE,MD,PASSENGER CAR,N/A,25,No,2016,TOYOTA,RAV4,39.091015,-77.08328167,2023,5,11
230025253,Property Damage Crash,05/26/2023 09:45:00 AM,WESTLAKE DR,NA,SINGLE VEHICLE,Clear,DRY,Daylight,TRAFFIC SIGNAL,NONE DETECTED,Yes,No Apparent Injury,N/A,USING OTHER DEVICE CONTROLS INTEGRAL TO VEHICLE,MD,"OTHER LIGHT TRUCKS (10,000LBS (4,536KG) OR LESS)",SLOWING OR STOPPING,35,No,2009,GRADALL,EXCAVATOR,39.02461,-77.14936833,2023,5,9
230025238,Property Damage Crash,05/26/2023 08:31:00 AM,GEORGIA AVE,NA,STRAIGHT MOVEMENT ANGLE,Clear,DRY,Daylight,NO CONTROLS,NONE DETECTED,Yes,No Apparent Injury,N/A,LOOKED BUT DID NOT SEE,DC,PASSENGER CAR,MOVING CONSTANT SPEED,35,No,2019,HYUNDAI,TUCSON,38.99615333,-77.02878667,2023,5,8
230025238,Property Damage Crash,05/26/2023 08:31:00 AM,GEORGIA AVE,NA,STRAIGHT MOVEMENT ANGLE,Clear,DRY,Daylight,NO CONTROLS,NONE DETECTED,No,No Apparent Injury,N/A,NOT DISTRACTED,MD,PASSENGER CAR,MOVING CONSTANT SPEED,35,No,2019,HONDA,CRV,38.99615333,-77.02878667,2023,5,8
230025243,Property Damage Crash,05/26/2023 08:20:00 AM,WASHINGTONIAN BLVD,NA,SAME DIRECTION LEFT TURN,Clear,DRY,Daylight,NO CONTROLS,NONE DETECTED,Yes,No Apparent Injury,N/A,LOOKED BUT DID NOT SEE,MD,PASSENGER CAR,STARTING FROM LANE,25,No,2012,TOYT,4S,39.11489833,-77.19775167,2023,5,8
230025243,Property Damage Crash,05/26/2023 08:20:00 AM,WASHINGTONIAN BLVD,NA,SAME DIRECTION LEFT TURN,Clear,DRY,Daylight,NO CONTROLS,NONE DETECTED,No,No Apparent Injury,N/A,NOT DISTRACTED,MD,SCHOOL BUS,MOVING CONSTANT SPEED,25,No,2021,THMS,SB,39.11489833,-77.19775167,2023,5,8
230025232,Property Damage Crash,05/26/2023 07:47:00 AM,OLNEY SANDY SPRING RD,NA,STRAIGHT MOVEMENT ANGLE,Clear,DRY,Daylight,TRAFFIC SIGNAL,NONE DETECTED,No,No Apparent Injury,N/A,NOT DISTRACTED,MD,PASSENGER CAR,MOVING CONSTANT SPEED,40,No,2021,TOYT,RAV4,39.14472467,-77.047373,2023,5,7
230025232,Property Damage Crash,05/26/2023 07:47:00 AM,OLNEY SANDY SPRING RD,NA,STRAIGHT MOVEMENT ANGLE,Clear,DRY,Daylight,TRAFFIC SIGNAL,NONE DETECTED,Yes,No Apparent Injury,N/A,NOT DISTRACTED,MD,PASSENGER CAR,ACCELERATING,40,No,2007,HOND,PILOT,39.14472467,-77.047373,2023,5,7
230025219,Property Damage Crash,05/26/2023 05:26:00 AM,NEW HAMPSHIRE AVE,NA,SAME DIRECTION SIDESWIPE,Clear,DRY,Medium,TRAFFIC SIGNAL,NONE DETECTED,Yes,No Apparent Injury,N/A,NOT DISTRACTED,XX,PASSENGER CAR,CHANGING LANES,35,No,2008,HOND,UT,38.98835,-76.98815167,2023,5,5
230025219,Property Damage Crash,05/26/2023 05:26:00 AM,NEW HAMPSHIRE AVE,NA,SAME DIRECTION SIDESWIPE,Clear,DRY,Medium,TRAFFIC SIGNAL,NONE DETECTED,No,No Apparent Injury,N/A,NOT DISTRACTED,DC,PASSENGER CAR,MOVING CONSTANT SPEED,35,No,2020,TOYOTA,UT,38.98835,-76.98815167,2023,5,5
230025198,Property Damage Crash,05/25/2023 11:15:00 PM,COLESVILLE RD,NA,SAME DIR REAR END,Clear,DRY,Medium,NO CONTROLS,NONE DETECTED,Yes,No Apparent Injury,N/A,UNKNOWN,MD,PASSENGER CAR,PASSING,35,No,2018,NISS,HB,39.00005833,-77.02590167,2023,5,23
230025198,Property Damage Crash,05/25/2023 11:15:00 PM,COLESVILLE RD,NA,SAME DIR REAR END,Clear,DRY,Medium,NO CONTROLS,NONE DETECTED,No,No Apparent Injury,N/A,NOT DISTRACTED,MD,PASSENGER CAR,SLOWING OR STOPPING,35,No,2021,TOYT,SD,39.00005833,-77.02590167,2023,5,23
230025178,Injury Crash,05/25/2023 08:00:00 PM,NA,NA,OTHER,Clear,NA,Daylight,N/A,NONE DETECTED,No,Possible Minor Injury,N/A,NOT DISTRACTED,MD,MOTORCYCLE,MOVING CONSTANT SPEED,15,No,2009,YAMA,TT-R110E,39.1345848,-77.19581708,2023,5,20
230025178,Injury Crash,05/25/2023 08:00:00 PM,NA,NA,OTHER,Clear,NA,Daylight,N/A,NONE DETECTED,Yes,No Apparent Injury,N/A,LOOKED BUT DID NOT SEE,MD,PASSENGER CAR,BACKING,15,No,2015,FORD,2S,39.1345848,-77.19581708,2023,5,20
230025181,Property Damage Crash,05/25/2023 07:40:00 PM,CONNECTICUT AVE,NA,SAME DIR REAR END,Clear,DRY,Daylight,TRAFFIC SIGNAL,NONE DETECTED,Yes,No Apparent Injury,N/A,LOOKED BUT DID NOT SEE,MD,PASSENGER CAR,MOVING CONSTANT SPEED,35,No,2011,TOYOTA,CAMRY,39.05188154,-77.07485646,2023,5,19
230025181,Property Damage Crash,05/25/2023 07:40:00 PM,CONNECTICUT AVE,NA,SAME DIR REAR END,Clear,DRY,Daylight,TRAFFIC SIGNAL,NONE DETECTED,No,No Apparent Injury,N/A,NOT DISTRACTED,MD,PASSENGER CAR,STOPPED IN TRAFFIC LANE,35,No,2019,TOYOTA,HIGHLANDER,39.05188154,-77.07485646,2023,5,19
230025170,Injury Crash,05/25/2023 06:59:00 PM,WIGHTMAN RD,NA,HEAD ON LEFT TURN,Clear,DRY,Daylight,NO CONTROLS,NONE DETECTED,Yes,No Apparent Injury,N/A,LOOKED BUT DID NOT SEE,VA,PASSENGER CAR,MAKING LEFT TURN,35,No,2015,CHEVY,MALIBU,39.19896567,-77.20240767,2023,5,18
230025170,Injury Crash,05/25/2023 06:59:00 PM,WIGHTMAN RD,NA,HEAD ON LEFT TURN,Clear,DRY,Daylight,NO CONTROLS,NONE DETECTED,No,Possible Minor Injury,N/A,NOT DISTRACTED,MD,(SPORT) UTILITY VEHICLE,MOVING CONSTANT SPEED,35,No,2014,HONDA,CRV,39.19896567,-77.20240767,2023,5,18
230025141,Property Damage Crash,05/25/2023 05:38:00 PM,GALWAY DR,NA,OTHER,Clear,DRY,Daylight,NO CONTROLS,NONE DETECTED,Yes,No Apparent Injury,"BACKUP DUE TO NON-RECURRING INCIDENT, BACKUP DUE TO REGULAR CONGESTION, N/A",NOT DISTRACTED,MD,TRANSIT BUS,MAKING RIGHT TURN,25,No,2022,NEW FLYER,XCELSIOR,39.0657485,-76.944485,2023,5,17
230025141,Property Damage Crash,05/25/2023 05:38:00 PM,GALWAY DR,NA,OTHER,Clear,DRY,Daylight,NO CONTROLS,NONE DETECTED,No,No Apparent Injury,"BACKUP DUE TO NON-RECURRING INCIDENT, BACKUP DUE TO REGULAR CONGESTION, N/A",NOT DISTRACTED,MD,PASSENGER CAR,STOPPED IN TRAFFIC LANE,35,No,2007,TOYOTA,SIENNA,39.0657485,-76.944485,2023,5,17
230025149,Property Damage Crash,05/25/2023 05:26:00 PM,NA,NA,OTHER,Clear,NA,Daylight,NO CONTROLS,NONE DETECTED,Yes,No Apparent Injury,N/A,UNKNOWN,NA,PASSENGER CAR,BACKING,10,No,2010,SUBARU,FORESTER,39.09609374,-77.20664192,2023,5,17
230025137,Injury Crash,05/25/2023 05:02:00 PM,LAYTONSVILLE RD,NA,SAME DIR REAR END,Clear,DRY,Daylight,N/A,NONE DETECTED,No,Possible Minor Injury,N/A,NOT DISTRACTED,MD,PASSENGER CAR,SLOWING OR STOPPING,30,No,2022,HYUNDAI,SEDAN,39.2074515,-77.14104917,2023,5,17
230025137,Injury Crash,05/25/2023 05:02:00 PM,LAYTONSVILLE RD,NA,SAME DIR REAR END,Clear,DRY,Daylight,N/A,NONE DETECTED,Yes,No Apparent Injury,N/A,NOT DISTRACTED,MD,PASSENGER CAR,SLOWING OR STOPPING,30,No,2005,CHEVY,VAN,39.2074515,-77.14104917,2023,5,17
230025143,Property Damage Crash,05/25/2023 04:39:00 PM,SHADY GROVE RD,NA,SAME DIR REAR END,Clear,DRY,Daylight,TRAFFIC SIGNAL,ALCOHOL PRESENT,Yes,No Apparent Injury,N/A,NOT DISTRACTED,MD,PASSENGER CAR,SLOWING OR STOPPING,45,No,2004,BMW,325I,39.13207588,-77.16016481,2023,5,16
230025143,Property Damage Crash,05/25/2023 04:39:00 PM,SHADY GROVE RD,NA,SAME DIR REAR END,Clear,DRY,Daylight,TRAFFIC SIGNAL,NONE DETECTED,No,No Apparent Injury,N/A,NOT DISTRACTED,MD,PASSENGER CAR,SLOWING OR STOPPING,45,No,2014,MERZ,CLS,39.13207588,-77.16016481,2023,5,16
230025120,Injury Crash,05/25/2023 04:10:00 PM,SANDY SPRING RD,NA,SAME DIRECTION LEFT TURN,Clear,DRY,Daylight,NO CONTROLS,NONE DETECTED,Yes,No Apparent Injury,N/A,NOT DISTRACTED,MD,"CARGO VAN/LIGHT TRUCK 2 AXLES (OVER 10,000LBS (4,536 KG))",CHANGING LANES,35,No,2020,FREIGHT,ST,39.11045967,-76.92476817,2023,5,16
230025120,Injury Crash,05/25/2023 04:10:00 PM,SANDY SPRING RD,NA,SAME DIRECTION LEFT TURN,Clear,DRY,Daylight,NO CONTROLS,NONE DETECTED,No,Possible Minor Injury,N/A,NOT DISTRACTED,MD,PASSENGER CAR,MOVING CONSTANT SPEED,35,No,2015,BMW,X3,39.11045967,-76.92476817,2023,5,16
230025120,Injury Crash,05/25/2023 04:10:00 PM,SANDY SPRING RD,NA,SAME DIRECTION LEFT TURN,Clear,DRY,Daylight,NO CONTROLS,NONE DETECTED,Unknown,No Apparent Injury,N/A,UNKNOWN,NA,PASSENGER CAR,CHANGING LANES,35,No,2023,TOYOTA,CAMRY,39.11045967,-76.92476817,2023,5,16
230025105,Property Damage Crash,05/25/2023 03:46:00 PM,W GUDE DR,NA,SINGLE VEHICLE,Clear,DRY,Daylight,OTHER,NONE DETECTED,Yes,No Apparent Injury,N/A,NOT DISTRACTED,MD,PASSENGER CAR,MOVING CONSTANT SPEED,35,No,2021,FORD,CP,39.09986239,-77.18336841,2023,5,15
230025109,Property Damage Crash,05/25/2023 03:45:00 PM,BEL PRE RD,NA,SAME DIR REAR END,Clear,DRY,Daylight,TRAFFIC SIGNAL,NONE DETECTED,Yes,No Apparent Injury,N/A,LOOKED BUT DID NOT SEE,MD,PASSENGER CAR,MOVING CONSTANT SPEED,35,No,2002,TOYOTA,TACOMA,39.0911,-77.06167333,2023,5,15
230025109,Property Damage Crash,05/25/2023 03:45:00 PM,BEL PRE RD,NA,SAME DIR REAR END,Clear,DRY,Daylight,TRAFFIC SIGNAL,NONE DETECTED,No,No Apparent Injury,N/A,NOT DISTRACTED,MD,PASSENGER CAR,STOPPED IN TRAFFIC LANE,35,No,2015,HONDA,CIVIC,39.0911,-77.06167333,2023,5,15