Local Case Number,ACRS Report Type,Crash Date/Time,Road Name,Related Non-Motorist,Collision Type,Weather,Surface Condition,Light,Traffic Control,Driver Substance Abuse,Driver At Fault,Injury Severity,Circumstance,Driver Distracted By,Drivers License State,Vehicle Body Type,Vehicle Movement,Speed Limit,Driverless Vehicle,Vehicle Year,Vehicle Make,Vehicle Model,Latitude,Longitude,Year,Month,Hour
230025109,Property Damage Crash,05/25/2023 03:45:00 PM,BEL PRE RD,NA,SAME DIR REAR END,Clear,DRY,Daylight,TRAFFIC SIGNAL,NONE DETECTED,No,No Apparent Injury,N/A,NOT DISTRACTED,MD,PASSENGER CAR,STOPPED IN TRAFFIC LANE,35,No,2017,HYUNDAI,SONATA,39.0911,-77.06167333,2023,5,15
230025134,Property Damage Crash,05/25/2023 03:30:00 PM,9494 GEORGIA AVE,NA,SAME DIR REAR END,Clear,DRY,Daylight,NO CONTROLS,NONE DETECTED,Yes,No Apparent Injury,N/A,UNKNOWN,NA,(SPORT) UTILITY VEHICLE,BACKING,10,No,2009,TOYOTA,TK,39.010115,-77.040931,2023,5,15
230025134,Property Damage Crash,05/25/2023 03:30:00 PM,9494 GEORGIA AVE,NA,SAME DIR REAR END,Clear,DRY,Daylight,NO CONTROLS,NONE DETECTED,No,No Apparent Injury,N/A,NOT DISTRACTED,MD,PASSENGER CAR,SLOWING OR STOPPING,10,No,2022,BMW,330XI,39.010115,-77.040931,2023,5,15
230025099,Property Damage Crash,05/25/2023 02:35:00 PM,RIVER RD,NA,SAME DIR REAR END,Clear,DRY,Daylight,TRAFFIC SIGNAL,NONE DETECTED,No,No Apparent Injury,N/A,NOT DISTRACTED,MD,VAN,STOPPED IN TRAFFIC LANE,35,No,2010,FORD,TRANSIT,38.98927333,-77.14955167,2023,5,14
230025099,Property Damage Crash,05/25/2023 02:35:00 PM,RIVER RD,NA,SAME DIR REAR END,Clear,DRY,Daylight,TRAFFIC SIGNAL,NONE DETECTED,No,No Apparent Injury,N/A,NOT DISTRACTED,VA,(SPORT) UTILITY VEHICLE,STOPPED IN TRAFFIC LANE,35,No,2007,HONDA,PILOT,38.98927333,-77.14955167,2023,5,14
230025099,Property Damage Crash,05/25/2023 02:35:00 PM,RIVER RD,NA,SAME DIR REAR END,Clear,DRY,Daylight,TRAFFIC SIGNAL,NONE DETECTED,Yes,No Apparent Injury,N/A,UNKNOWN,DC,PASSENGER CAR,MOVING CONSTANT SPEED,35,No,2013,MINI,COOPER,38.98927333,-77.14955167,2023,5,14
230025089,Property Damage Crash,05/25/2023 01:45:00 PM,PINEY BRANCH RD,NA,SAME DIR REAR END,Clear,DRY,Daylight,NO CONTROLS,NONE DETECTED,No,No Apparent Injury,N/A,NOT DISTRACTED,MD,VAN,SLOWING OR STOPPING,30,No,2010,FORD,TK,38.98975667,-77.01134667,2023,5,13
230025089,Property Damage Crash,05/25/2023 01:45:00 PM,PINEY BRANCH RD,NA,SAME DIR REAR END,Clear,DRY,Daylight,NO CONTROLS,NONE DETECTED,Yes,No Apparent Injury,N/A,LOOKED BUT DID NOT SEE,MD,PASSENGER CAR,MOVING CONSTANT SPEED,30,No,2010,HONDA,CIVIC,38.98975667,-77.01134667,2023,5,13
230025087,Property Damage Crash,05/25/2023 01:45:00 PM,NA,NA,SAME DIRECTION SIDESWIPE,Clear,NA,Daylight,N/A,NONE DETECTED,Yes,No Apparent Injury,N/A,NOT DISTRACTED,MD,"OTHER LIGHT TRUCKS (10,000LBS (4,536KG) OR LESS)",ACCELERATING,10,No,2019,CHEV,TK,39.07698167,-77.08040667,2023,5,13
230025081,Property Damage Crash,05/25/2023 01:18:00 PM,PARKLAWN DR,NA,HEAD ON,Clear,DRY,Daylight,NO CONTROLS,NONE DETECTED,No,No Apparent Injury,"N/A, PHYSICAL OBSTRUCTION(S)",NOT DISTRACTED,MD,SCHOOL BUS,MOVING CONSTANT SPEED,30,No,2015,FRHT,BUS,39.05716468,-77.1083868,2023,5,13
230025081,Property Damage Crash,05/25/2023 01:18:00 PM,PARKLAWN DR,NA,HEAD ON,Clear,DRY,Daylight,NO CONTROLS,NONE DETECTED,Yes,No Apparent Injury,"N/A, PHYSICAL OBSTRUCTION(S)",NOT DISTRACTED,MD,(SPORT) UTILITY VEHICLE,MOVING CONSTANT SPEED,30,No,2013,VOLKSWAGON,TIGUAN,39.05716468,-77.1083868,2023,5,13
230025080,Property Damage Crash,05/25/2023 01:13:00 PM,MILLER FALL RD,NA,ANGLE MEETS LEFT TURN,Clear,DRY,Daylight,STOP SIGN,NONE DETECTED,No,No Apparent Injury,N/A,NOT DISTRACTED,MD,PASSENGER CAR,MAKING LEFT TURN,25,No,2018,TOYT,SD,39.14348167,-77.15884,2023,5,13
230025080,Property Damage Crash,05/25/2023 01:13:00 PM,MILLER FALL RD,NA,ANGLE MEETS LEFT TURN,Clear,DRY,Daylight,STOP SIGN,NONE DETECTED,Yes,No Apparent Injury,N/A,LOOKED BUT DID NOT SEE,MD,PASSENGER CAR,MAKING LEFT TURN,25,No,2017,TOYT,4S,39.14348167,-77.15884,2023,5,13
230025074,Property Damage Crash,05/25/2023 12:25:00 PM,WISCONSIN AVE,NA,SAME DIR REAR END,Clear,DRY,Daylight,NO CONTROLS,NONE DETECTED,No,No Apparent Injury,N/A,NOT DISTRACTED,DC,PASSENGER CAR,SLOWING OR STOPPING,35,No,2020,LANDROVER,UT,38.983353,-77.09368583,2023,5,12
230025074,Property Damage Crash,05/25/2023 12:25:00 PM,WISCONSIN AVE,NA,SAME DIR REAR END,Clear,DRY,Daylight,NO CONTROLS,NONE DETECTED,Yes,No Apparent Injury,N/A,LOOKED BUT DID NOT SEE,MD,PASSENGER CAR,SLOWING OR STOPPING,35,No,2011,TOYOTA,CAMERY,38.983353,-77.09368583,2023,5,12
230025071,Injury Crash,05/25/2023 12:15:00 PM,NEW HAMPSHIRE AVE,NA,HEAD ON LEFT TURN,Clear,DRY,Daylight,TRAFFIC SIGNAL,NONE DETECTED,No,Suspected Serious Injury,N/A,NOT DISTRACTED,MD,VAN,MOVING CONSTANT SPEED,35,No,2011,TOYT,SIENN,39.01127,-76.97916167,2023,5,12
230025071,Injury Crash,05/25/2023 12:15:00 PM,NEW HAMPSHIRE AVE,NA,HEAD ON LEFT TURN,Clear,DRY,Daylight,TRAFFIC SIGNAL,NONE DETECTED,Yes,Suspected Serious Injury,N/A,UNKNOWN,VA,"OTHER LIGHT TRUCKS (10,000LBS (4,536KG) OR LESS)",MAKING U TURN,35,No,1993,GM,LLV-A,39.01127,-76.97916167,2023,5,12
230025054,Property Damage Crash,05/25/2023 11:15:00 AM,WISCONSIN AVE,NA,SAME DIRECTION RIGHT TURN,Clear,DRY,Daylight,NO CONTROLS,NONE DETECTED,Yes,No Apparent Injury,N/A,NOT DISTRACTED,MD,PASSENGER CAR,ACCELERATING,30,No,2016,TOYOTA,CAROLLA,38.98351583,-77.09317083,2023,5,11
230025054,Property Damage Crash,05/25/2023 11:15:00 AM,WISCONSIN AVE,NA,SAME DIRECTION RIGHT TURN,Clear,DRY,Daylight,NO CONTROLS,NONE DETECTED,No,No Apparent Injury,N/A,NOT DISTRACTED,MD,PICKUP TRUCK,PARKED,30,No,2019,CHEVROLET,SILVERADO,38.98351583,-77.09317083,2023,5,11
230025062,Property Damage Crash,05/25/2023 10:57:00 AM,SAM EIG HWY,NA,SAME DIR REAR END,Clear,DRY,Daylight,NO CONTROLS,NONE DETECTED,No,No Apparent Injury,N/A,NOT DISTRACTED,MD,PASSENGER CAR,ACCELERATING,45,No,2023,MAZD,UT,39.11493476,-77.20950391,2023,5,10
230025062,Property Damage Crash,05/25/2023 10:57:00 AM,SAM EIG HWY,NA,SAME DIR REAR END,Clear,DRY,Daylight,NO CONTROLS,NONE DETECTED,Yes,No Apparent Injury,N/A,UNKNOWN,NA,PASSENGER CAR,SLOWING OR STOPPING,15,No,0,UNKNOWN,UNKNOWN,39.11493476,-77.20950391,2023,5,10
230025046,Property Damage Crash,05/25/2023 10:39:00 AM,VEIRS MILL RD,NA,OTHER,Clear,DRY,Daylight,N/A,NONE DETECTED,Yes,No Apparent Injury,N/A,UNKNOWN,NA,NA,MOVING CONSTANT SPEED,35,No,0,UNKNOWN,UNKNOWN,39.074555169999996,-77.11345333,2023,5,10
230025046,Property Damage Crash,05/25/2023 10:39:00 AM,VEIRS MILL RD,NA,OTHER,Clear,DRY,Daylight,N/A,NONE DETECTED,No,No Apparent Injury,N/A,NOT DISTRACTED,MD,PASSENGER CAR,N/A,35,No,2017,HYUN,SD,39.074555169999996,-77.11345333,2023,5,10
230025033,Property Damage Crash,05/25/2023 09:51:00 AM,OLD BALTIMORE RD,NA,SINGLE VEHICLE,Clear,DRY,Daylight,N/A,NONE DETECTED,Yes,No Apparent Injury,N/A,NOT DISTRACTED,MD,POLICE VEHICLE/NON EMERGENCY,MOVING CONSTANT SPEED,30,No,2019,FORD,FUSION,39.15189833,-77.051295,2023,5,9
230025036,Property Damage Crash,05/25/2023 09:40:00 AM,NA,NA,SAME DIRECTION SIDESWIPE,Clear,NA,Daylight,NO CONTROLS,NONE DETECTED,No,No Apparent Injury,N/A,NOT DISTRACTED,MD,PASSENGER CAR,PARKED,15,No,2006,TOYT,4S,39.18108,-77.152805,2023,5,9
230025036,Property Damage Crash,05/25/2023 09:40:00 AM,NA,NA,SAME DIRECTION SIDESWIPE,Clear,NA,Daylight,NO CONTROLS,NONE DETECTED,Yes,No Apparent Injury,N/A,LOOKED BUT DID NOT SEE,MD,(SPORT) UTILITY VEHICLE,MOVING CONSTANT SPEED,15,No,2013,HOND,UT,39.18108,-77.152805,2023,5,9
230025043,Property Damage Crash,05/25/2023 09:37:00 AM,STEEPLE RD,NA,SAME DIRECTION SIDESWIPE,Clear,DRY,Daylight,NO CONTROLS,NONE DETECTED,Yes,No Apparent Injury,N/A,UNKNOWN,MD,SCHOOL BUS,MOVING CONSTANT SPEED,25,No,2022,THMS,BU,39.17074167,-77.289085,2023,5,9
230025017,Property Damage Crash,05/25/2023 08:50:00 AM,RANDOLPH RD,NA,SAME DIR BOTH LEFT TURN,Clear,DRY,Daylight,NO CONTROLS,NONE DETECTED,No,No Apparent Injury,N/A,NOT DISTRACTED,MD,PASSENGER CAR,PARKED,35,No,2012,CYRYSLER,VAN,39.0537045,-77.10033567,2023,5,8
230025017,Property Damage Crash,05/25/2023 08:50:00 AM,RANDOLPH RD,NA,SAME DIR BOTH LEFT TURN,Clear,DRY,Daylight,NO CONTROLS,NONE DETECTED,Yes,No Apparent Injury,N/A,LOOKED BUT DID NOT SEE,MD,PASSENGER CAR,CHANGING LANES,35,No,2012,NISS,4S,39.0537045,-77.10033567,2023,5,8
230025017,Property Damage Crash,05/25/2023 08:50:00 AM,RANDOLPH RD,NA,SAME DIR BOTH LEFT TURN,Clear,DRY,Daylight,NO CONTROLS,NONE DETECTED,No,No Apparent Injury,N/A,NOT DISTRACTED,MD,PASSENGER CAR,MOVING CONSTANT SPEED,35,No,2015,FORD,2S,39.0537045,-77.10033567,2023,5,8
230025009,Injury Crash,05/25/2023 08:15:00 AM,CLARKSBURG RD,NA,ANGLE MEETS LEFT TURN,Clear,DRY,Daylight,NO CONTROLS,NONE DETECTED,No,Possible Minor Injury,N/A,NOT DISTRACTED,MD,PASSENGER CAR,MOVING CONSTANT SPEED,40,No,2013,VOLK,2S,39.20708667,-77.301415,2023,5,8
230025009,Injury Crash,05/25/2023 08:15:00 AM,CLARKSBURG RD,NA,ANGLE MEETS LEFT TURN,Clear,DRY,Daylight,NO CONTROLS,NONE DETECTED,Yes,No Apparent Injury,N/A,NOT DISTRACTED,MD,PASSENGER CAR,MAKING LEFT TURN,40,No,2013,HONDA,CIV,39.20708667,-77.301415,2023,5,8
230025002,Property Damage Crash,05/25/2023 07:04:00 AM,NA,NA,SINGLE VEHICLE,Clear,NA,Daylight,NO CONTROLS,NONE DETECTED,Yes,No Apparent Injury,N/A,NOT DISTRACTED,MD,"CARGO VAN/LIGHT TRUCK 2 AXLES (OVER 10,000LBS (4,536 KG))",ACCELERATING,15,No,2009,FORD,FORD,39.06569187,-77.16011011,2023,5,7
230025000,Injury Crash,05/25/2023 05:49:00 AM,KNOWLES AVE,NA,STRAIGHT MOVEMENT ANGLE,Clear,DRY,Medium,TRAFFIC SIGNAL,NONE DETECTED,Unknown,Possible Minor Injury,N/A,NOT DISTRACTED,MD,PASSENGER CAR,MOVING CONSTANT SPEED,30,No,2010,TOYOTA,HIGHLANDER,39.02790667,-77.07996833,2023,5,5
230025000,Injury Crash,05/25/2023 05:49:00 AM,KNOWLES AVE,NA,STRAIGHT MOVEMENT ANGLE,Clear,DRY,Medium,TRAFFIC SIGNAL,NONE DETECTED,Unknown,No Apparent Injury,N/A,NOT DISTRACTED,MD,PASSENGER CAR,MOVING CONSTANT SPEED,30,No,2004,TOYT,5S,39.02790667,-77.07996833,2023,5,5
230024993,Property Damage Crash,05/25/2023 01:01:00 AM,SHADY GROVE RD,NA,SINGLE VEHICLE,Clear,DRY,Medium,N/A,ALCOHOL PRESENT,Yes,No Apparent Injury,N/A,UNKNOWN,MD,PASSENGER CAR,MOVING CONSTANT SPEED,40,No,2013,MAZDA,MAZDA5,39.1136417,-77.18653396,2023,5,1
230024962,Property Damage Crash,05/24/2023 06:38:00 PM,FENTON ST,NA,STRAIGHT MOVEMENT ANGLE,Clear,DRY,Daylight,NO CONTROLS,NONE DETECTED,Yes,No Apparent Injury,N/A,UNKNOWN,NA,PASSENGER CAR,ACCELERATING,35,No,2012,INFINITI,G37,38.99073755,-77.02399876,2023,5,18
230024962,Property Damage Crash,05/24/2023 06:38:00 PM,FENTON ST,NA,STRAIGHT MOVEMENT ANGLE,Clear,DRY,Daylight,NO CONTROLS,NONE DETECTED,No,No Apparent Injury,N/A,NOT DISTRACTED,MD,PASSENGER CAR,MOVING CONSTANT SPEED,35,No,2015,HYUNDAI,SONATA,38.99073755,-77.02399876,2023,5,18
230024957,Property Damage Crash,05/24/2023 06:00:00 PM,DALEWOOD DR,NA,SAME DIRECTION SIDESWIPE,Clear,DRY,Daylight,NO CONTROLS,NONE DETECTED,No,No Apparent Injury,N/A,NOT DISTRACTED,MD,PASSENGER CAR,PARKED,25,No,2017,DODGE,JOURNEY,39.05348167,-77.07283667,2023,5,18
230024957,Property Damage Crash,05/24/2023 06:00:00 PM,DALEWOOD DR,NA,SAME DIRECTION SIDESWIPE,Clear,DRY,Daylight,NO CONTROLS,NONE DETECTED,Yes,No Apparent Injury,N/A,UNKNOWN,MD,PASSENGER CAR,MOVING CONSTANT SPEED,25,No,2019,CHEV,TRAVERSE,39.05348167,-77.07283667,2023,5,18
230024938,Injury Crash,05/24/2023 05:20:00 PM,GEORGIA AVE,NA,SAME DIR REAR END,Clear,DRY,Daylight,N/A,NONE DETECTED,No,Possible Minor Injury,N/A,NOT DISTRACTED,MD,PASSENGER CAR,STOPPED IN TRAFFIC LANE,45,No,2004,LEXUS,CN,39.12100583,-77.07389417,2023,5,17
230024938,Injury Crash,05/24/2023 05:20:00 PM,GEORGIA AVE,NA,SAME DIR REAR END,Clear,DRY,Daylight,N/A,NONE DETECTED,Yes,No Apparent Injury,N/A,LOOKED BUT DID NOT SEE,MD,PASSENGER CAR,SLOWING OR STOPPING,45,No,2007,GMC,YUKON,39.12100583,-77.07389417,2023,5,17
230024959,Property Damage Crash,05/24/2023 05:00:00 PM,FREDERICK RD,NA,SAME DIRECTION SIDESWIPE,Clear,DRY,Daylight,NO CONTROLS,NONE DETECTED,Yes,No Apparent Injury,N/A,UNKNOWN,NA,PASSENGER CAR,SLOWING OR STOPPING,35,No,2019,CHEVROLET,SILVERADO,39.1042377,-77.1564346,2023,5,17
230024959,Property Damage Crash,05/24/2023 05:00:00 PM,FREDERICK RD,NA,SAME DIRECTION SIDESWIPE,Clear,DRY,Daylight,NO CONTROLS,NONE DETECTED,No,No Apparent Injury,N/A,NOT DISTRACTED,MD,PASSENGER CAR,SLOWING OR STOPPING,35,No,2001,FORD,FOCUS,39.1042377,-77.1564346,2023,5,17
230024932,Property Damage Crash,05/24/2023 04:45:00 PM,NEW HAMPSHIRE AVE,NA,SAME DIRECTION RIGHT TURN,Clear,DRY,Daylight,NO CONTROLS,NONE DETECTED,Yes,No Apparent Injury,N/A,NOT DISTRACTED,MD,SCHOOL BUS,ACCELERATING,25,No,2017,THOM,BU,38.9859335,-76.988528,2023,5,16
230024922,Injury Crash,05/24/2023 04:30:00 PM,KEMP MILL RD,NA,SAME DIR REAR END,Clear,DRY,Daylight,NO CONTROLS,NONE DETECTED,Yes,No Apparent Injury,N/A,OTHER DISTRACTION,MD,PASSENGER CAR,MOVING CONSTANT SPEED,30,No,2017,ACURA,4S,39.04989333,-77.02480833,2023,5,16
230024910,Property Damage Crash,05/24/2023 03:00:00 PM,OLD GEORGETOWN RD,NA,SAME DIR REAR END,Clear,DRY,Daylight,TRAFFIC SIGNAL,NONE DETECTED,Yes,No Apparent Injury,N/A,LOOKED BUT DID NOT SEE,MD,PASSENGER CAR,SLOWING OR STOPPING,35,No,2009,TOYOTA,CAROLLA,39.02687049,-77.12646604,2023,5,15
230024910,Property Damage Crash,05/24/2023 03:00:00 PM,OLD GEORGETOWN RD,NA,SAME DIR REAR END,Clear,DRY,Daylight,TRAFFIC SIGNAL,NONE DETECTED,No,No Apparent Injury,N/A,NOT DISTRACTED,MD,PASSENGER CAR,STOPPED IN TRAFFIC LANE,35,No,2019,LANDROVER,UT,39.02687049,-77.12646604,2023,5,15
230024906,Property Damage Crash,05/24/2023 02:00:00 PM,BRODERICK CIR,NA,SAME DIRECTION SIDESWIPE,Clear,DRY,Daylight,NO CONTROLS,NONE DETECTED,Yes,No Apparent Injury,N/A,NOT DISTRACTED,MD,POLICE VEHICLE/NON EMERGENCY,MOVING CONSTANT SPEED,25,No,2014,RAM,PROMASTER 1500,39.14726167,-77.170515,2023,5,14
230024895,Property Damage Crash,05/24/2023 01:16:00 PM,NA,NA,SAME DIRECTION SIDESWIPE,Clear,NA,Daylight,NO CONTROLS,NONE DETECTED,Yes,No Apparent Injury,N/A,NOT DISTRACTED,XX,PASSENGER CAR,PASSING,5,No,2014,TOYOTA,RAV4,39.09879891,-77.15855573,2023,5,13
230024890,Injury Crash,05/24/2023 12:40:00 PM,NA,PEDESTRIAN,SINGLE VEHICLE,Clear,NA,Daylight,N/A,NONE DETECTED,No,No Apparent Injury,N/A,NOT DISTRACTED,MD,PASSENGER CAR,MOVING CONSTANT SPEED,10,No,2007,DODGE,TK,39.12779522,-77.2007719,2023,5,12
230024888,Injury Crash,05/24/2023 12:19:00 PM,RIDGE RD,NA,SAME DIR REAR END,Clear,DRY,Daylight,NO CONTROLS,NONE DETECTED,Yes,No Apparent Injury,N/A,NOT DISTRACTED,MD,(SPORT) UTILITY VEHICLE,MOVING CONSTANT SPEED,30,No,2016,HOND,CRV TK,39.294395,-77.20462333,2023,5,12
230024888,Injury Crash,05/24/2023 12:19:00 PM,RIDGE RD,NA,SAME DIR REAR END,Clear,DRY,Daylight,NO CONTROLS,NONE DETECTED,No,Possible Minor Injury,N/A,NOT DISTRACTED,MD,VAN,STOPPED IN TRAFFIC LANE,30,No,2020,MERZ,METRIS,39.294395,-77.20462333,2023,5,12
230024884,Property Damage Crash,05/24/2023 12:00:00 PM,FREDERICK RD,NA,SAME DIR REAR END,Clear,DRY,Daylight,N/A,NONE DETECTED,No,No Apparent Injury,"BACKUP DUE TO NON-RECURRING INCIDENT, N/A",NOT DISTRACTED,MD,PASSENGER CAR,SLOWING OR STOPPING,40,No,2009,ACURA,MDX,39.12035137,-77.17424298,2023,5,12
230024884,Property Damage Crash,05/24/2023 12:00:00 PM,FREDERICK RD,NA,SAME DIR REAR END,Clear,DRY,Daylight,N/A,NONE DETECTED,Yes,No Apparent Injury,"BACKUP DUE TO NON-RECURRING INCIDENT, N/A",UNKNOWN,MD,PASSENGER CAR,MOVING CONSTANT SPEED,40,No,2021,MITSUBISHI,OUTLANDER,39.12035137,-77.17424298,2023,5,12
230024883,Property Damage Crash,05/24/2023 11:50:00 AM,NA,NA,SAME DIR REAR END,Clear,NA,Daylight,NO CONTROLS,NONE DETECTED,Yes,No Apparent Injury,N/A,LOOKED BUT DID NOT SEE,MD,POLICE VEHICLE/NON EMERGENCY,BACKING,5,No,2017,FORD,INTERCEPTOR,38.99355475,-77.00225948,2023,5,11
230024886,Property Damage Crash,05/24/2023 11:50:00 AM,NA,NA,STRAIGHT MOVEMENT ANGLE,Clear,NA,Daylight,NO CONTROLS,NONE DETECTED,No,No Apparent Injury,N/A,NOT DISTRACTED,MD,PASSENGER CAR,OTHER,15,No,2018,TOYOTA,SD,39.02403032,-77.04394762,2023,5,11
230024886,Property Damage Crash,05/24/2023 11:50:00 AM,NA,NA,STRAIGHT MOVEMENT ANGLE,Clear,NA,Daylight,NO CONTROLS,NONE DETECTED,Yes,No Apparent Injury,N/A,UNKNOWN,NA,PASSENGER CAR,STARTING FROM PARKED,15,No,2007,SAAB,4D,39.02403032,-77.04394762,2023,5,11
230024883,Property Damage Crash,05/24/2023 11:50:00 AM,NA,NA,SAME DIR REAR END,Clear,NA,Daylight,NO CONTROLS,NONE DETECTED,No,No Apparent Injury,N/A,NOT DISTRACTED,MD,POLICE VEHICLE/NON EMERGENCY,PARKED,5,No,2019,FORD,INTERCEPTOR,38.99355475,-77.00225948,2023,5,11
230024878,Property Damage Crash,05/24/2023 10:34:00 AM,NA,NA,OTHER,Clear,NA,Daylight,NO CONTROLS,NONE DETECTED,Yes,No Apparent Injury,N/A,LOOKED BUT DID NOT SEE,XX,UNKNOWN,ACCELERATING,15,No,1999,GMC,ACADIA,39.01836333,-77.21082,2023,5,10
230024864,Injury Crash,05/24/2023 10:25:00 AM,INDIANOLA DR,NA,STRAIGHT MOVEMENT ANGLE,Clear,DRY,Daylight,TRAFFIC SIGNAL,NONE DETECTED,Yes,No Apparent Injury,N/A,NOT DISTRACTED,MD,PASSENGER CAR,MAKING LEFT TURN,35,No,2008,AUDI,SD,39.11283,-77.1620985,2023,5,10
230024864,Injury Crash,05/24/2023 10:25:00 AM,INDIANOLA DR,NA,STRAIGHT MOVEMENT ANGLE,Clear,DRY,Daylight,TRAFFIC SIGNAL,NONE DETECTED,No,Suspected Serious Injury,N/A,NOT DISTRACTED,MD,PASSENGER CAR,STARTING FROM LANE,35,No,2020,CHEVY,SD,39.11283,-77.1620985,2023,5,10
230024866,Injury Crash,05/24/2023 10:16:00 AM,RIDGE RD,NA,SAME DIRECTION LEFT TURN,Clear,DRY,Daylight,N/A,NONE DETECTED,No,No Apparent Injury,N/A,NOT DISTRACTED,MD,PICKUP TRUCK,MOVING CONSTANT SPEED,45,No,2015,CHEVROLET,SILVERADO,39.20083167,-77.25657667,2023,5,10
230024866,Injury Crash,05/24/2023 10:16:00 AM,RIDGE RD,NA,SAME DIRECTION LEFT TURN,Clear,DRY,Daylight,N/A,NONE DETECTED,Yes,No Apparent Injury,N/A,LOOKED BUT DID NOT SEE,VA,(SPORT) UTILITY VEHICLE,CHANGING LANES,45,No,2020,TESLA,X,39.20083167,-77.25657667,2023,5,10
230024866,Injury Crash,05/24/2023 10:16:00 AM,RIDGE RD,NA,SAME DIRECTION LEFT TURN,Clear,DRY,Daylight,N/A,NONE DETECTED,No,No Apparent Injury,N/A,NOT DISTRACTED,MD,PASSENGER CAR,MOVING CONSTANT SPEED,45,No,2015,TOYOTA,CAMRY,39.20083167,-77.25657667,2023,5,10
230024866,Injury Crash,05/24/2023 10:16:00 AM,RIDGE RD,NA,SAME DIRECTION LEFT TURN,Clear,DRY,Daylight,N/A,NONE DETECTED,No,Possible Minor Injury,N/A,NOT DISTRACTED,MD,PICKUP TRUCK,MOVING CONSTANT SPEED,45,No,2018,FORD,PK,39.20083167,-77.25657667,2023,5,10
230024867,Property Damage Crash,05/24/2023 10:10:00 AM,CONNECTICUT AVE,NA,OTHER,Clear,DRY,Daylight,TRAFFIC SIGNAL,NONE DETECTED,Yes,No Apparent Injury,N/A,NOT DISTRACTED,MD,CROSS COUNTRY BUS,PASSING,30,No,2019,VANHOOL,BUS,38.977625,-77.07724667,2023,5,10
230024867,Property Damage Crash,05/24/2023 10:10:00 AM,CONNECTICUT AVE,NA,OTHER,Clear,DRY,Daylight,TRAFFIC SIGNAL,NONE DETECTED,Yes,No Apparent Injury,N/A,NOT DISTRACTED,MD,SCHOOL BUS,PASSING,30,No,2017,FREIGHTLINER,BUS,38.977625,-77.07724667,2023,5,10
230024879,Property Damage Crash,05/24/2023 10:05:00 AM,VORLICH LA,NA,OTHER,Clear,DRY,Daylight,NO CONTROLS,NONE DETECTED,No,No Apparent Injury,N/A,NOT DISTRACTED,MD,VAN,MOVING CONSTANT SPEED,25,No,2011,CHEVROLET,EXPRESS,38.97114833,-77.13976867,2023,5,10
230024879,Property Damage Crash,05/24/2023 10:05:00 AM,VORLICH LA,NA,OTHER,Clear,DRY,Daylight,NO CONTROLS,NONE DETECTED,Yes,No Apparent Injury,N/A,UNKNOWN,MD,PASSENGER CAR,BACKING,25,No,2006,SUBARU,OUTBACK,38.97114833,-77.13976867,2023,5,10
230024850,Property Damage Crash,05/24/2023 08:50:00 AM,WILSON LA,NA,STRAIGHT MOVEMENT ANGLE,Clear,DRY,Daylight,PERSON,NONE DETECTED,No,No Apparent Injury,N/A,NOT DISTRACTED,MD,PASSENGER CAR,MAKING RIGHT TURN,35,No,2019,VOLK,TK,38.98963667,-77.12282483,2023,5,8
230024850,Property Damage Crash,05/24/2023 08:50:00 AM,WILSON LA,NA,STRAIGHT MOVEMENT ANGLE,Clear,DRY,Daylight,PERSON,NONE DETECTED,Yes,No Apparent Injury,N/A,LOOKED BUT DID NOT SEE,VA,PASSENGER CAR,MOVING CONSTANT SPEED,35,No,2016,HONDA,ACCORD,38.98963667,-77.12282483,2023,5,8
230024846,Property Damage Crash,05/24/2023 08:05:00 AM,CHERRY HILL RD,NA,SAME DIRECTION RIGHT TURN,Clear,DRY,Daylight,NO CONTROLS,NONE DETECTED,Yes,No Apparent Injury,N/A,LOOKED BUT DID NOT SEE,MD,PASSENGER CAR,CHANGING LANES,40,No,2020,CHEV,TRAX,39.056745,-76.954675,2023,5,8
230024846,Property Damage Crash,05/24/2023 08:05:00 AM,CHERRY HILL RD,NA,SAME DIRECTION RIGHT TURN,Clear,DRY,Daylight,NO CONTROLS,NONE DETECTED,No,No Apparent Injury,N/A,NOT DISTRACTED,MD,PASSENGER CAR,MOVING CONSTANT SPEED,40,No,2019,DODG,UT,39.056745,-76.954675,2023,5,8
230024389,Property Damage Crash,05/24/2023 04:38:00 AM,RIDGE RD,NA,SAME DIRECTION RIGHT TURN,Clear,DRY,Medium,NO CONTROLS,NONE DETECTED,No,No Apparent Injury,N/A,NOT DISTRACTED,MD,PASSENGER CAR,MOVING CONSTANT SPEED,35,No,2012,BUIC,ENCLAVE,39.286105,-77.20892833,2023,5,4
230024389,Property Damage Crash,05/24/2023 04:38:00 AM,RIDGE RD,NA,SAME DIRECTION RIGHT TURN,Clear,DRY,Medium,NO CONTROLS,NONE DETECTED,Yes,No Apparent Injury,N/A,NOT DISTRACTED,MD,PICKUP TRUCK,CHANGING LANES,35,No,2012,TOYT,TACOMA,39.286105,-77.20892833,2023,5,4
230024825,Property Damage Crash,05/23/2023 09:12:00 PM,GEORGIA AVE,NA,OPPOSITE DIRECTION SIDESWIPE,Clear,DRY,Dark,NO CONTROLS,ALCOHOL PRESENT,Yes,No Apparent Injury,N/A,INATTENTIVE OR LOST IN THOUGHT,MD,PASSENGER CAR,MOVING CONSTANT SPEED,40,No,2017,HYUNDAI,AZERA,39.21128757,-77.0623278,2023,5,21
230024825,Property Damage Crash,05/23/2023 09:12:00 PM,GEORGIA AVE,NA,OPPOSITE DIRECTION SIDESWIPE,Clear,DRY,Dark,NO CONTROLS,NONE DETECTED,No,No Apparent Injury,N/A,NOT DISTRACTED,MD,PASSENGER CAR,MOVING CONSTANT SPEED,40,No,2019,CHEVROLET,BLAZER,39.21128757,-77.0623278,2023,5,21
230024819,Property Damage Crash,05/23/2023 09:00:00 PM,ARCOLA AVE,NA,SINGLE VEHICLE,Clear,DRY,Medium,NO CONTROLS,NONE DETECTED,Yes,No Apparent Injury,N/A,UNKNOWN,MD,PASSENGER CAR,MOVING CONSTANT SPEED,35,No,2019,HONDA,ODYSSEY,39.04401833,-77.03063167,2023,5,21
230024802,Property Damage Crash,05/23/2023 07:45:00 PM,NA,NA,OTHER,Clear,NA,Daylight,NO CONTROLS,NONE DETECTED,Yes,No Apparent Injury,N/A,LOOKED BUT DID NOT SEE,MD,PASSENGER CAR,PARKING,15,No,2017,MAZDA,CX5,39.15610724,-77.21289969,2023,5,19
230030901,Property Damage Crash,05/23/2023 07:22:00 PM,NEW HAMPSHIRE AVE,NA,SAME DIR REAR END,Clear,DRY,Daylight,N/A,NONE DETECTED,Yes,No Apparent Injury,N/A,LOOKED BUT DID NOT SEE,MB,PASSENGER CAR,MOVING CONSTANT SPEED,35,No,2002,CHEV,SUB,38.9776167,-76.99175408,2023,5,19
230030901,Property Damage Crash,05/23/2023 07:22:00 PM,NEW HAMPSHIRE AVE,NA,SAME DIR REAR END,Clear,DRY,Daylight,N/A,NONE DETECTED,No,No Apparent Injury,N/A,NOT DISTRACTED,MD,PASSENGER CAR,SLOWING OR STOPPING,35,No,2018,NISS,ARMADA,38.9776167,-76.99175408,2023,5,19