Local Case Number,ACRS Report Type,Crash Date/Time,Road Name,Related Non-Motorist,Collision Type,Weather,Surface Condition,Light,Traffic Control,Driver Substance Abuse,Driver At Fault,Injury Severity,Circumstance,Driver Distracted By,Drivers License State,Vehicle Body Type,Vehicle Movement,Speed Limit,Driverless Vehicle,Vehicle Year,Vehicle Make,Vehicle Model,Latitude,Longitude,Year,Month,Hour
230024815,Property Damage Crash,05/23/2023 07:15:00 PM,DEAN RD,NA,OPPOSITE DIRECTION SIDESWIPE,Clear,DRY,Daylight,NO CONTROLS,NONE DETECTED,No,No Apparent Injury,N/A,NOT DISTRACTED,MD,POLICE VEHICLE/EMERGENCY,PARKED,25,No,2019,TOYOTA,HIGHLANDER,39.06590325,-77.06935526,2023,5,19
230024815,Property Damage Crash,05/23/2023 07:15:00 PM,DEAN RD,NA,OPPOSITE DIRECTION SIDESWIPE,Clear,DRY,Daylight,NO CONTROLS,NONE DETECTED,Yes,No Apparent Injury,N/A,NOT DISTRACTED,NA,NA,MOVING CONSTANT SPEED,25,No,0,UNKNOWN,UNKNOWN,39.06590325,-77.06935526,2023,5,19
230024779,Property Damage Crash,05/23/2023 06:00:00 PM,RIVER RD,NA,SAME DIR REAR END,Clear,DRY,Daylight,TRAFFIC SIGNAL,NONE DETECTED,No,No Apparent Injury,N/A,NOT DISTRACTED,MD,(SPORT) UTILITY VEHICLE,SLOWING OR STOPPING,30,No,2020,TESLA,MODEL Y,38.99204,-77.097735,2023,5,18
230024779,Property Damage Crash,05/23/2023 06:00:00 PM,RIVER RD,NA,SAME DIR REAR END,Clear,DRY,Daylight,TRAFFIC SIGNAL,NONE DETECTED,Yes,No Apparent Injury,N/A,NOT DISTRACTED,VA,PASSENGER CAR,SLOWING OR STOPPING,30,No,2013,INFINITI,G37X,38.99204,-77.097735,2023,5,18
230024775,Property Damage Crash,05/23/2023 05:49:00 PM,NA,NA,SINGLE VEHICLE,Clear,NA,Daylight,NO CONTROLS,NONE DETECTED,Yes,No Apparent Injury,N/A,NOT DISTRACTED,MD,PASSENGER CAR,MOVING CONSTANT SPEED,5,No,2015,ACUR,2S,39.09557417,-77.15384267,2023,5,17
230024774,Property Damage Crash,05/23/2023 05:44:00 PM,OLD GEORGETOWN RD,NA,SAME DIRECTION SIDESWIPE,Clear,DRY,Daylight,TRAFFIC SIGNAL,NONE DETECTED,Yes,No Apparent Injury,N/A,UNKNOWN,NA,UNKNOWN,MOVING CONSTANT SPEED,40,No,0,UNKNOWN,UNKNOWN,39.02462667,-77.1250519,2023,5,17
230024774,Property Damage Crash,05/23/2023 05:44:00 PM,OLD GEORGETOWN RD,NA,SAME DIRECTION SIDESWIPE,Clear,DRY,Daylight,TRAFFIC SIGNAL,NONE DETECTED,No,No Apparent Injury,N/A,NOT DISTRACTED,MD,TRANSIT BUS,STOPPED IN TRAFFIC LANE,40,No,2013,NWFL,XDE,39.02462667,-77.1250519,2023,5,17
230024771,Injury Crash,05/23/2023 05:33:00 PM,COLUMBIA PIKE,NA,SAME DIR REAR END,Clear,DRY,Daylight,NO CONTROLS,NONE DETECTED,No,Possible Minor Injury,"BACKUP DUE TO PRIOR CRASH, N/A",NOT DISTRACTED,MD,PASSENGER CAR,SLOWING OR STOPPING,50,No,2021,TOYOTA,RAV4,39.09860367,-76.93636983,2023,5,17
230024771,Injury Crash,05/23/2023 05:33:00 PM,COLUMBIA PIKE,NA,SAME DIR REAR END,Clear,DRY,Daylight,NO CONTROLS,NONE DETECTED,Yes,No Apparent Injury,"BACKUP DUE TO PRIOR CRASH, N/A",DISTRACTED BY OUTSIDE PERSON OBJECT OR EVENT,MD,PASSENGER CAR,MOVING CONSTANT SPEED,50,No,2016,MAZDA,3,39.09860367,-76.93636983,2023,5,17
230024771,Injury Crash,05/23/2023 05:33:00 PM,COLUMBIA PIKE,NA,SAME DIR REAR END,Clear,DRY,Daylight,NO CONTROLS,NONE DETECTED,No,No Apparent Injury,"BACKUP DUE TO PRIOR CRASH, N/A",NOT DISTRACTED,MD,VAN,SLOWING OR STOPPING,50,No,2017,CHEVROLET,WORK VAN,39.09860367,-76.93636983,2023,5,17
230024767,Property Damage Crash,05/23/2023 05:17:00 PM,COLUMBIA PIKE,NA,SAME DIR REAR END,Clear,DRY,Daylight,TRAFFIC SIGNAL,NONE DETECTED,No,No Apparent Injury,N/A,NOT DISTRACTED,MD,(SPORT) UTILITY VEHICLE,STOPPED IN TRAFFIC LANE,50,No,2019,DODGE,JOURNEY,39.09833333,-76.93667833,2023,5,17
230024767,Property Damage Crash,05/23/2023 05:17:00 PM,COLUMBIA PIKE,NA,SAME DIR REAR END,Clear,DRY,Daylight,TRAFFIC SIGNAL,NONE DETECTED,No,No Apparent Injury,N/A,NOT DISTRACTED,MD,PASSENGER CAR,STOPPED IN TRAFFIC LANE,50,No,2007,TOYT,4S,39.09833333,-76.93667833,2023,5,17
230024767,Property Damage Crash,05/23/2023 05:17:00 PM,COLUMBIA PIKE,NA,SAME DIR REAR END,Clear,DRY,Daylight,TRAFFIC SIGNAL,NONE DETECTED,Yes,No Apparent Injury,N/A,NOT DISTRACTED,MD,(SPORT) UTILITY VEHICLE,MOVING CONSTANT SPEED,50,No,2009,HONDA,TK,39.09833333,-76.93667833,2023,5,17
230024763,Injury Crash,05/23/2023 05:14:00 PM,REDLAND RD,NA,HEAD ON LEFT TURN,Clear,DRY,Daylight,TRAFFIC SIGNAL,NONE DETECTED,No,Possible Minor Injury,N/A,NOT DISTRACTED,MD,PASSENGER CAR,MOVING CONSTANT SPEED,35,No,2020,MAZDA,6,39.12104498,-77.15854134,2023,5,17
230024763,Injury Crash,05/23/2023 05:14:00 PM,REDLAND RD,NA,HEAD ON LEFT TURN,Clear,DRY,Daylight,TRAFFIC SIGNAL,NONE DETECTED,Yes,No Apparent Injury,N/A,NOT DISTRACTED,MD,PASSENGER CAR,MAKING LEFT TURN,35,No,2022,HYUNDAI,KONA,39.12104498,-77.15854134,2023,5,17
230024764,Property Damage Crash,05/23/2023 05:07:00 PM,OLNEY SANDY SPRING RD,BICYCLIST,SAME DIR REAR END,Clear,DRY,Daylight,TRAFFIC SIGNAL,NONE DETECTED,No,No Apparent Injury,N/A,INATTENTIVE OR LOST IN THOUGHT,MD,PASSENGER CAR,MOVING CONSTANT SPEED,40,No,2017,TOYOTA,RAV 4,39.14673367,-77.05070783,2023,5,17
230024772,Property Damage Crash,05/23/2023 05:00:00 PM,OLD GEORGETOWN RD,NA,SAME DIR REAR END,Clear,DRY,Daylight,TRAFFIC SIGNAL,NONE DETECTED,Yes,No Apparent Injury,N/A,UNKNOWN,NA,UNKNOWN,MAKING LEFT TURN,35,No,0,UNKNOWN,UNKNOWN,39.0243806,-77.12488945,2023,5,17
230024772,Property Damage Crash,05/23/2023 05:00:00 PM,OLD GEORGETOWN RD,NA,SAME DIR REAR END,Clear,DRY,Daylight,TRAFFIC SIGNAL,NONE DETECTED,No,No Apparent Injury,N/A,NOT DISTRACTED,MD,TRANSIT BUS,MAKING LEFT TURN,35,No,2013,HYBRID TRANSIT,XDE40,39.0243806,-77.12488945,2023,5,17
230024950,Property Damage Crash,05/23/2023 04:30:00 PM,GAME PRESERVE RD,NA,OTHER,Clear,DRY,Daylight,STOP SIGN,NONE DETECTED,Yes,No Apparent Injury,N/A,OTHER DISTRACTION,NA,PASSENGER CAR,BACKING,25,No,2015,TOYOTA,COROLLA,39.16495654,-77.22734622,2023,5,16
230024950,Property Damage Crash,05/23/2023 04:30:00 PM,GAME PRESERVE RD,NA,OTHER,Clear,DRY,Daylight,STOP SIGN,NONE DETECTED,No,No Apparent Injury,N/A,NOT DISTRACTED,MD,PASSENGER CAR,STOPPED IN TRAFFIC LANE,25,No,2019,FORD,ECOSPORT,39.16495654,-77.22734622,2023,5,16
230024749,Injury Crash,05/23/2023 03:56:00 PM,CLOPPER RD,NA,SINGLE VEHICLE,Clear,DRY,Daylight,NO CONTROLS,NONE DETECTED,Yes,Possible Minor Injury,N/A,INATTENTIVE OR LOST IN THOUGHT,MD,OTHER,MOVING CONSTANT SPEED,35,No,2012,TOYT,VENZA,39.15713667,-77.26820833,2023,5,15
23000984,Property Damage Crash,05/23/2023 03:00:00 PM,NA,NA,UNKNOWN,Clear,NA,Daylight,N/A,NONE DETECTED,No,No Apparent Injury,N/A,NOT DISTRACTED,MD,PASSENGER CAR,PARKED,0,No,2004,BMW,325I,39.17651,-77.23382,2023,5,15
23000984,Property Damage Crash,05/23/2023 03:00:00 PM,NA,NA,UNKNOWN,Clear,NA,Daylight,N/A,NONE DETECTED,Yes,No Apparent Injury,N/A,NO DRIVER PRESENT,NA,NA,N/A,0,No,0,UNKNOWN,UNKNOWN,39.17651,-77.23382,2023,5,15
230024730,Injury Crash,05/23/2023 02:42:00 PM,GEORGIA AVE,NA,SAME DIRECTION SIDESWIPE,Clear,DRY,Daylight,TRAFFIC SIGNAL,NONE DETECTED,Yes,No Apparent Injury,N/A,LOOKED BUT DID NOT SEE,MD,VAN,CHANGING LANES,30,No,2012,FORD,PASSDENGER VAN,39.01568,-77.04341783,2023,5,14
230024730,Injury Crash,05/23/2023 02:42:00 PM,GEORGIA AVE,NA,SAME DIRECTION SIDESWIPE,Clear,DRY,Daylight,TRAFFIC SIGNAL,NONE DETECTED,No,Possible Minor Injury,N/A,NOT DISTRACTED,MD,PASSENGER CAR,MOVING CONSTANT SPEED,30,No,2016,TOYOTA,CAMRY,39.01568,-77.04341783,2023,5,14
230024722,Injury Crash,05/23/2023 01:25:00 PM,WOODGLEN DR,NA,ANGLE MEETS LEFT TURN,Clear,DRY,Daylight,NO CONTROLS,NONE DETECTED,No,No Apparent Injury,"N/A, PHYSICAL OBSTRUCTION(S)",LOOKED BUT DID NOT SEE,MD,PASSENGER CAR,MAKING LEFT TURN,5,No,2018,HONDA,PILOT,39.04259617,-77.11325833,2023,5,13
230024722,Injury Crash,05/23/2023 01:25:00 PM,WOODGLEN DR,NA,ANGLE MEETS LEFT TURN,Clear,DRY,Daylight,NO CONTROLS,NONE DETECTED,No,No Apparent Injury,"N/A, PHYSICAL OBSTRUCTION(S)",LOOKED BUT DID NOT SEE,MD,PASSENGER CAR,MOVING CONSTANT SPEED,30,No,2014,NISSAN,FRONTIER,39.04259617,-77.11325833,2023,5,13
230024724,Injury Crash,05/23/2023 01:24:00 PM,MEDICAL PARK DR,PEDESTRIAN,OTHER,Clear,DRY,Daylight,STOP SIGN,NONE DETECTED,Yes,No Apparent Injury,N/A,LOOKED BUT DID NOT SEE,MD,PASSENGER CAR,MAKING RIGHT TURN,25,No,2008,HONDA,ELEMENT,39.023475,-77.04529333,2023,5,13
230024716,Property Damage Crash,05/23/2023 12:59:00 PM,NORBECK RD,NA,SAME DIR REAR END,Clear,DRY,Daylight,NO CONTROLS,NONE DETECTED,Yes,No Apparent Injury,N/A,NOT DISTRACTED,MD,"OTHER LIGHT TRUCKS (10,000LBS (4,536KG) OR LESS)",MOVING CONSTANT SPEED,40,No,1999,FORD,F450,39.11542183,-77.051839,2023,5,12
230024716,Property Damage Crash,05/23/2023 12:59:00 PM,NORBECK RD,NA,SAME DIR REAR END,Clear,DRY,Daylight,NO CONTROLS,NONE DETECTED,No,No Apparent Injury,N/A,NOT DISTRACTED,MD,PICKUP TRUCK,MAKING LEFT TURN,40,No,2014,FORD,F150,39.11542183,-77.051839,2023,5,12
230000981,Property Damage Crash,05/23/2023 12:00:00 PM,NA,NA,OTHER,Clear,NA,Daylight,N/A,NONE DETECTED,Unknown,No Apparent Injury,N/A,NOT DISTRACTED,MD,PASSENGER CAR,MOVING CONSTANT SPEED,5,No,2010,TOYT,SD,39.145753,-77.14498983,2023,5,12
230000981,Property Damage Crash,05/23/2023 12:00:00 PM,NA,NA,OTHER,Clear,NA,Daylight,N/A,NONE DETECTED,Unknown,No Apparent Injury,N/A,NOT DISTRACTED,MD,"OTHER LIGHT TRUCKS (10,000LBS (4,536KG) OR LESS)",BACKING,5,No,2019,FORD,TK,39.145753,-77.14498983,2023,5,12
230024695,Property Damage Crash,05/23/2023 11:45:00 AM,ECKMOOR RD,NA,SINGLE VEHICLE,Clear,DRY,Daylight,NO CONTROLS,NONE DETECTED,Yes,No Apparent Injury,N/A,LOOKED BUT DID NOT SEE,MD,SCHOOL BUS,BACKING,25,No,2018,FRHT,BU,39.06616167,-76.99913167,2023,5,11
230024691,Property Damage Crash,05/23/2023 11:41:00 AM,BRADLEY BLVD,NA,SAME DIR REAR END,Cloudy,DRY,Daylight,NO CONTROLS,NONE DETECTED,No,No Apparent Injury,N/A,NOT DISTRACTED,MD,PASSENGER CAR,STOPPED IN TRAFFIC LANE,35,No,2009,NISAN,VERSA,38.99463167,-77.12295,2023,5,11
230024691,Property Damage Crash,05/23/2023 11:41:00 AM,BRADLEY BLVD,NA,SAME DIR REAR END,Cloudy,DRY,Daylight,NO CONTROLS,NONE DETECTED,Yes,No Apparent Injury,N/A,OTHER DISTRACTION,MD,PASSENGER CAR,MOVING CONSTANT SPEED,35,No,2015,ACURA,RDX,38.99463167,-77.12295,2023,5,11
230024704,Property Damage Crash,05/23/2023 11:40:00 AM,NA,NA,SAME DIRECTION SIDESWIPE,Cloudy,NA,Daylight,NO CONTROLS,NONE DETECTED,Yes,No Apparent Injury,N/A,UNKNOWN,NA,UNKNOWN,STARTING FROM PARKED,15,No,1900,UNKNOWN,UNKNOWN,39.14538333,-77.14513333,2023,5,11
230024687,Property Damage Crash,05/23/2023 11:30:00 AM,WESTLAKE DR,NA,SAME DIRECTION SIDESWIPE,Clear,DRY,Daylight,NO CONTROLS,NONE DETECTED,Yes,No Apparent Injury,N/A,LOOKED BUT DID NOT SEE,MD,PASSENGER CAR,MAKING RIGHT TURN,25,No,2019,FORD,TK,39.02235167,-77.14932667,2023,5,11
230024687,Property Damage Crash,05/23/2023 11:30:00 AM,WESTLAKE DR,NA,SAME DIRECTION SIDESWIPE,Clear,DRY,Daylight,NO CONTROLS,NONE DETECTED,No,No Apparent Injury,N/A,NOT DISTRACTED,MD,PASSENGER CAR,MOVING CONSTANT SPEED,25,No,2008,TOYT,TK,39.02235167,-77.14932667,2023,5,11
230024693,Property Damage Crash,05/23/2023 11:25:00 AM,FLOWER AVE,NA,SINGLE VEHICLE,Clear,DRY,Daylight,NO CONTROLS,NONE DETECTED,Yes,No Apparent Injury,N/A,UNKNOWN,MD,"MEDIUM/HEAVY TRUCKS 3 AXLES (OVER 10,000LBS (4,536KG))",MAKING RIGHT TURN,25,No,2017,INTERNATIONAL,SEMI,39.00026545,-77.00381095,2023,5,11
230024689,Property Damage Crash,05/23/2023 11:24:00 AM,OLNEY SANDY SPRING RD,NA,SAME DIR REAR END,Clear,DRY,Daylight,TRAFFIC SIGNAL,NONE DETECTED,Yes,No Apparent Injury,N/A,OTHER DISTRACTION,MD,PASSENGER CAR,MOVING CONSTANT SPEED,40,No,2019,TOYOTA,CAMRY,39.1447289,-77.04712386,2023,5,11
230024689,Property Damage Crash,05/23/2023 11:24:00 AM,OLNEY SANDY SPRING RD,NA,SAME DIR REAR END,Clear,DRY,Daylight,TRAFFIC SIGNAL,NONE DETECTED,No,No Apparent Injury,N/A,NOT DISTRACTED,MD,PASSENGER CAR,STOPPED IN TRAFFIC LANE,40,No,2013,TOYOTA,COROLLA,39.1447289,-77.04712386,2023,5,11
230024689,Property Damage Crash,05/23/2023 11:24:00 AM,OLNEY SANDY SPRING RD,NA,SAME DIR REAR END,Clear,DRY,Daylight,TRAFFIC SIGNAL,NONE DETECTED,No,No Apparent Injury,N/A,NOT DISTRACTED,MD,PASSENGER CAR,STOPPED IN TRAFFIC LANE,40,No,2020,JEEP,WRANGLER,39.1447289,-77.04712386,2023,5,11
230024675,Property Damage Crash,05/23/2023 10:03:00 AM,NA,NA,HEAD ON,Clear,NA,Daylight,NO CONTROLS,NONE DETECTED,Yes,No Apparent Injury,N/A,NOT DISTRACTED,MD,SCHOOL BUS,BACKING,0,No,2011,THOMAS,BUS,39.06568167,-77.033295,2023,5,10
230024665,Property Damage Crash,05/23/2023 09:30:00 AM,W MONTGOMERY AVE,NA,SAME DIR REAR END,Clear,DRY,Daylight,TRAFFIC SIGNAL,NONE DETECTED,No,No Apparent Injury,N/A,NOT DISTRACTED,MD,PASSENGER CAR,STARTING FROM LANE,35,No,2017,VOLK,GTI,39.10316294,-77.18993814,2023,5,9
230024665,Property Damage Crash,05/23/2023 09:30:00 AM,W MONTGOMERY AVE,NA,SAME DIR REAR END,Clear,DRY,Daylight,TRAFFIC SIGNAL,NONE DETECTED,Yes,No Apparent Injury,N/A,UNKNOWN,MD,POLICE VEHICLE/NON EMERGENCY,STARTING FROM LANE,35,No,2014,DODG,CHARGER,39.10316294,-77.18993814,2023,5,9
23000980,Property Damage Crash,05/23/2023 08:57:00 AM,BEACH DR,NA,OTHER,Clear,DRY,Daylight,NO CONTROLS,NONE DETECTED,Yes,No Apparent Injury,N/A,UNKNOWN,NA,"MEDIUM/HEAVY TRUCKS 3 AXLES (OVER 10,000LBS (4,536KG))",OTHER,25,No,2019,FREIGHTLINER,TL,39.0337638,-77.0841182,2023,5,8
23000980,Property Damage Crash,05/23/2023 08:57:00 AM,BEACH DR,NA,OTHER,Clear,DRY,Daylight,NO CONTROLS,NONE DETECTED,No,No Apparent Injury,N/A,NOT DISTRACTED,MD,PASSENGER CAR,STOPPED IN TRAFFIC LANE,25,No,2014,HONDA,CIVIC,39.0337638,-77.0841182,2023,5,8
230024660,Property Damage Crash,05/23/2023 08:52:00 AM,CRYSTAL ROCK DR,NA,SAME DIRECTION SIDESWIPE,Clear,DRY,Daylight,NO CONTROLS,NONE DETECTED,Yes,No Apparent Injury,N/A,OTHER DISTRACTION,MD,PASSENGER CAR,ACCELERATING,25,No,2002,TOYOTA,CAMRY,39.17909,-77.26162,2023,5,8
230024660,Property Damage Crash,05/23/2023 08:52:00 AM,CRYSTAL ROCK DR,NA,SAME DIRECTION SIDESWIPE,Clear,DRY,Daylight,NO CONTROLS,NONE DETECTED,No,No Apparent Injury,N/A,NOT DISTRACTED,MD,VAN,MOVING CONSTANT SPEED,25,No,2011,TOYOTA,SIENNA,39.17909,-77.26162,2023,5,8
230024653,Property Damage Crash,05/23/2023 08:01:00 AM,COLESVILLE RD,NA,SAME DIRECTION SIDESWIPE,Clear,DRY,Daylight,TRAFFIC SIGNAL,NONE DETECTED,No,No Apparent Injury,N/A,NOT DISTRACTED,MD,TRANSIT BUS,ACCELERATING,45,No,2020,NOVA,BUS,39.00750667,-77.02062833,2023,5,8
230024653,Property Damage Crash,05/23/2023 08:01:00 AM,COLESVILLE RD,NA,SAME DIRECTION SIDESWIPE,Clear,DRY,Daylight,TRAFFIC SIGNAL,NONE DETECTED,Yes,No Apparent Injury,N/A,NOT DISTRACTED,MD,"CARGO VAN/LIGHT TRUCK 2 AXLES (OVER 10,000LBS (4,536 KG))",ACCELERATING,45,No,2012,EPO,TK,39.00750667,-77.02062833,2023,5,8
230024365,Property Damage Crash,05/23/2023 12:53:00 AM,NA,NA,OTHER,Clear,NA,Medium,N/A,ALCOHOL PRESENT,Yes,No Apparent Injury,N/A,UNKNOWN,MD,PICKUP TRUCK,ACCELERATING,5,No,2013,TOYOTA,TACOMA,39.1819775,-77.26283683,2023,5,0
230024625,Injury Crash,05/22/2023 09:20:00 PM,GEORGIA AVE,PEDESTRIAN,SINGLE VEHICLE,Clear,DRY,Dark,NO CONTROLS,NONE DETECTED,No,No Apparent Injury,N/A,LOOKED BUT DID NOT SEE,MD,PASSENGER CAR,MOVING CONSTANT SPEED,35,No,2012,TOYOTA,4S,39.06744833,-77.06039167,2023,5,21
230024617,Property Damage Crash,05/22/2023 08:17:00 PM,QUEENSGUARD RD,NA,SAME DIRECTION SIDESWIPE,Clear,DRY,Medium,NO CONTROLS,NONE DETECTED,Yes,No Apparent Injury,N/A,UNKNOWN,DE,AMBULANCE/EMERGENCY,MOVING CONSTANT SPEED,25,No,2022,PIRC,FT,39.05823833,-77.04854167,2023,5,20
230024614,Property Damage Crash,05/22/2023 07:54:00 PM,WESTLAKE DR,NA,SAME DIRECTION SIDESWIPE,Clear,DRY,Daylight,NO CONTROLS,NONE DETECTED,No,No Apparent Injury,N/A,NOT DISTRACTED,MD,TRANSIT BUS,MOVING CONSTANT SPEED,30,No,2013,GILLIG,BUS,39.02424951,-77.14945841,2023,5,19
230024614,Property Damage Crash,05/22/2023 07:54:00 PM,WESTLAKE DR,NA,SAME DIRECTION SIDESWIPE,Clear,DRY,Daylight,NO CONTROLS,NONE DETECTED,Yes,No Apparent Injury,N/A,UNKNOWN,NA,NA,UNKNOWN,30,No,0,UNKNOWN,UNKNOWN,39.02424951,-77.14945841,2023,5,19
230024607,Property Damage Crash,05/22/2023 07:20:00 PM,HOLTON LA,NA,SAME DIRECTION LEFT TURN,Clear,N/A,Daylight,NO CONTROLS,NONE DETECTED,Yes,No Apparent Injury,N/A,LOOKED BUT DID NOT SEE,MD,PASSENGER CAR,MOVING CONSTANT SPEED,25,No,2005,HONDA,PILOT,38.98600333,-76.987115,2023,5,19
230024607,Property Damage Crash,05/22/2023 07:20:00 PM,HOLTON LA,NA,SAME DIRECTION LEFT TURN,Clear,N/A,Daylight,NO CONTROLS,NONE DETECTED,Yes,No Apparent Injury,N/A,INATTENTIVE OR LOST IN THOUGHT,MD,PASSENGER CAR,MOVING CONSTANT SPEED,25,No,2020,HOND,SD,38.98600333,-76.987115,2023,5,19
230024595,Property Damage Crash,05/22/2023 05:55:00 PM,COLESVILLE RD,NA,SAME DIRECTION SIDESWIPE,Cloudy,DRY,Daylight,NO CONTROLS,NONE DETECTED,Yes,No Apparent Injury,N/A,UNKNOWN,NA,UNKNOWN,UNKNOWN,35,No,0,UNKNOWN,UNKNOWN,39.018579,-77.0141795,2023,5,17
230024595,Property Damage Crash,05/22/2023 05:55:00 PM,COLESVILLE RD,NA,SAME DIRECTION SIDESWIPE,Cloudy,DRY,Daylight,NO CONTROLS,NONE DETECTED,No,No Apparent Injury,N/A,NOT DISTRACTED,MD,TRANSIT BUS,STOPPED IN TRAFFIC LANE,35,No,2020,NOVA,BU,39.018579,-77.0141795,2023,5,17
230024566,Injury Crash,05/22/2023 04:16:00 PM,BRINK RD,NA,SAME DIR REAR END,Clear,DRY,Daylight,NO CONTROLS,ALCOHOL PRESENT,Yes,No Apparent Injury,N/A,LOOKED BUT DID NOT SEE,MD,"CARGO VAN/LIGHT TRUCK 2 AXLES (OVER 10,000LBS (4,536 KG))",MOVING CONSTANT SPEED,35,No,2019,FORD,SPRINTER,39.20603067,-77.21548733,2023,5,16
230024566,Injury Crash,05/22/2023 04:16:00 PM,BRINK RD,NA,SAME DIR REAR END,Clear,DRY,Daylight,NO CONTROLS,NONE DETECTED,No,Possible Minor Injury,N/A,NOT DISTRACTED,MD,PASSENGER CAR,STOPPED IN TRAFFIC LANE,35,No,2009,TOYOTA,COROLLA,39.20603067,-77.21548733,2023,5,16
230024566,Injury Crash,05/22/2023 04:16:00 PM,BRINK RD,NA,SAME DIR REAR END,Clear,DRY,Daylight,NO CONTROLS,NONE DETECTED,No,No Apparent Injury,N/A,NOT DISTRACTED,MD,(SPORT) UTILITY VEHICLE,STOPPED IN TRAFFIC LANE,35,No,2017,LNDR,DISCOVERY,39.20603067,-77.21548733,2023,5,16
230024554,Injury Crash,05/22/2023 03:56:00 PM,DARNESTOWN RD,NA,HEAD ON LEFT TURN,Clear,DRY,Daylight,TRAFFIC SIGNAL,NONE DETECTED,Yes,Possible Minor Injury,N/A,NOT DISTRACTED,MD,PASSENGER CAR,MOVING CONSTANT SPEED,40,No,2009,NISS,TK,39.10263851,-77.22063215,2023,5,15
230024554,Injury Crash,05/22/2023 03:56:00 PM,DARNESTOWN RD,NA,HEAD ON LEFT TURN,Clear,DRY,Daylight,TRAFFIC SIGNAL,NONE DETECTED,No,Possible Minor Injury,N/A,NOT DISTRACTED,MD,PASSENGER CAR,MAKING LEFT TURN,40,No,2010,ACUR,TK,39.10263851,-77.22063215,2023,5,15
230024557,Injury Crash,05/22/2023 03:51:00 PM,OLNEY SANDY SPRING RD,NA,SAME DIR REAR END,Clear,DRY,Daylight,NO CONTROLS,NONE DETECTED,No,No Apparent Injury,N/A,UNKNOWN,MD,(SPORT) UTILITY VEHICLE,UNKNOWN,40,No,2023,BMW,UT,39.14574333,-77.04899833,2023,5,15
230024557,Injury Crash,05/22/2023 03:51:00 PM,OLNEY SANDY SPRING RD,NA,SAME DIR REAR END,Clear,DRY,Daylight,NO CONTROLS,NONE DETECTED,Yes,No Apparent Injury,N/A,UNKNOWN,MD,(SPORT) UTILITY VEHICLE,MOVING CONSTANT SPEED,40,No,2008,TOYOTA,RAV4,39.14574333,-77.04899833,2023,5,15
230024557,Injury Crash,05/22/2023 03:51:00 PM,OLNEY SANDY SPRING RD,NA,SAME DIR REAR END,Clear,DRY,Daylight,NO CONTROLS,NONE DETECTED,Yes,Possible Minor Injury,N/A,UNKNOWN,MD,PASSENGER CAR,MOVING CONSTANT SPEED,40,No,2019,HONDA,ACCORD,39.14574333,-77.04899833,2023,5,15
230024560,Property Damage Crash,05/22/2023 03:44:00 PM,RADNOR RD,NA,OPPOSITE DIRECTION SIDESWIPE,Clear,DRY,Daylight,NO CONTROLS,NONE DETECTED,Yes,No Apparent Injury,N/A,NOT DISTRACTED,MD,PASSENGER CAR,MOVING CONSTANT SPEED,25,No,2002,MERZ,CLK-CLASS,38.98159448,-77.11597257,2023,5,15
230024544,Property Damage Crash,05/22/2023 03:00:00 PM,BRANDERMILL DR,NA,SINGLE VEHICLE,Clear,DRY,Daylight,NO CONTROLS,NONE DETECTED,Yes,No Apparent Injury,N/A,NOT DISTRACTED,MD,(SPORT) UTILITY VEHICLE,MOVING CONSTANT SPEED,25,No,2020,TOYOTA,C-HR,39.19136733,-77.2374815,2023,5,15
230024524,Property Damage Crash,05/22/2023 01:50:00 PM,FREDERICK RD,NA,SAME DIR REAR END,Clear,DRY,Daylight,TRAFFIC SIGNAL,NONE DETECTED,Yes,No Apparent Injury,N/A,UNKNOWN,XX,PASSENGER CAR,STARTING FROM LANE,35,No,2000,CHRYSLER,TOWN COUNTRY,39.15894928,-77.21879127,2023,5,13
230024524,Property Damage Crash,05/22/2023 01:50:00 PM,FREDERICK RD,NA,SAME DIR REAR END,Clear,DRY,Daylight,TRAFFIC SIGNAL,NONE DETECTED,No,No Apparent Injury,N/A,NOT DISTRACTED,MD,PASSENGER CAR,STOPPED IN TRAFFIC LANE,35,No,2006,NISSAN,COUPE,39.15894928,-77.21879127,2023,5,13
230024532,Property Damage Crash,05/22/2023 01:30:00 PM,NA,NA,OTHER,Clear,NA,Daylight,NO CONTROLS,NONE DETECTED,Yes,No Apparent Injury,N/A,UNKNOWN,MD,PASSENGER CAR,MOVING CONSTANT SPEED,10,No,2016,MAZDA,4D,39.14895003,-77.1893549,2023,5,13
230024501,Injury Crash,05/22/2023 12:25:00 PM,VEIRS MILL RD,NA,SAME DIRECTION SIDESWIPE,Clear,DRY,Daylight,TRAFFIC SIGNAL,NONE DETECTED,No,No Apparent Injury,N/A,NOT DISTRACTED,MD,PASSENGER CAR,MOVING CONSTANT SPEED,35,No,2004,TOYT,UT,39.07839758,-77.13034455,2023,5,12
230024501,Injury Crash,05/22/2023 12:25:00 PM,VEIRS MILL RD,NA,SAME DIRECTION SIDESWIPE,Clear,DRY,Daylight,TRAFFIC SIGNAL,NONE DETECTED,Yes,Possible Minor Injury,N/A,NOT DISTRACTED,MD,PASSENGER CAR,MOVING CONSTANT SPEED,35,No,2001,TOYOT,4S,39.07839758,-77.13034455,2023,5,12
230024481,Property Damage Crash,05/22/2023 10:35:00 AM,CONNECTICUT AVE,NA,SAME DIRECTION SIDESWIPE,Clear,DRY,Daylight,TRAFFIC SIGNAL,NONE DETECTED,No,No Apparent Injury,"N/A, V EXHAUST SYSTEM|R OTHER ROAD",NOT DISTRACTED,MD,"MEDIUM/HEAVY TRUCKS 3 AXLES (OVER 10,000LBS (4,536KG))",SLOWING OR STOPPING,35,No,2022,FRHT,CARGO TRUCK,38.98846367,-77.07727433,2023,5,10
230024481,Property Damage Crash,05/22/2023 10:35:00 AM,CONNECTICUT AVE,NA,SAME DIRECTION SIDESWIPE,Clear,DRY,Daylight,TRAFFIC SIGNAL,NONE DETECTED,No,No Apparent Injury,"N/A, V EXHAUST SYSTEM|R OTHER ROAD",NOT DISTRACTED,DC,SCHOOL BUS,SLOWING OR STOPPING,35,No,2021,FORD,SCHOOL BUS,38.98846367,-77.07727433,2023,5,10
230024654,Property Damage Crash,05/22/2023 10:31:00 AM,NA,NA,OTHER,Clear,NA,Daylight,NO CONTROLS,NONE DETECTED,Yes,No Apparent Injury,N/A,UNKNOWN,MD,PASSENGER CAR,MAKING LEFT TURN,10,No,2010,TOYOTA,HIGHLANDER,39.05603534,-76.96729587,2023,5,10
230024478,Property Damage Crash,05/22/2023 10:30:00 AM,MUNCASTER MILL RD,NA,SINGLE VEHICLE,Clear,DRY,Daylight,NO CONTROLS,NONE DETECTED,Yes,No Apparent Injury,N/A,NOT DISTRACTED,MD,PASSENGER CAR,MAKING LEFT TURN,35,No,2023,LEXS,UT,39.109134,-77.08016317,2023,5,10
230024475,Property Damage Crash,05/22/2023 10:07:00 AM,MIDCOUNTY HWY,NA,SAME DIR REAR END,Clear,DRY,Daylight,TRAFFIC SIGNAL,NONE DETECTED,No,No Apparent Injury,N/A,UNKNOWN,MD,VAN,STOPPED IN TRAFFIC LANE,50,No,2003,CHEVROLET,VAN,39.15790101,-77.19177715,2023,5,10
230024475,Property Damage Crash,05/22/2023 10:07:00 AM,MIDCOUNTY HWY,NA,SAME DIR REAR END,Clear,DRY,Daylight,TRAFFIC SIGNAL,NONE DETECTED,Yes,No Apparent Injury,N/A,UNKNOWN,TX,PASSENGER CAR,SLOWING OR STOPPING,50,No,2022,BMW,X5,39.15790101,-77.19177715,2023,5,10