Local Case Number,ACRS Report Type,Crash Date/Time,Road Name,Related Non-Motorist,Collision Type,Weather,Surface Condition,Light,Traffic Control,Driver Substance Abuse,Driver At Fault,Injury Severity,Circumstance,Driver Distracted By,Drivers License State,Vehicle Body Type,Vehicle Movement,Speed Limit,Driverless Vehicle,Vehicle Year,Vehicle Make,Vehicle Model,Latitude,Longitude,Year,Month,Hour
230023235,Property Damage Crash,05/20/2023 03:45:00 PM,OLD HUNDRED RD,NA,STRAIGHT MOVEMENT ANGLE,Clear,DRY,Daylight,N/A,NONE DETECTED,Yes,No Apparent Injury,N/A,LOOKED BUT DID NOT SEE,IL,PASSENGER CAR,STARTING FROM LANE,40,No,2015,LEXUS,ES 350,39.24688233,-77.35010117,2023,5,15
230023235,Property Damage Crash,05/20/2023 03:45:00 PM,OLD HUNDRED RD,NA,STRAIGHT MOVEMENT ANGLE,Clear,DRY,Daylight,N/A,NONE DETECTED,No,No Apparent Injury,N/A,NOT DISTRACTED,MD,(SPORT) UTILITY VEHICLE,MOVING CONSTANT SPEED,40,No,2016,HOND,TK,39.24688233,-77.35010117,2023,5,15
230023235,Property Damage Crash,05/20/2023 03:45:00 PM,OLD HUNDRED RD,NA,STRAIGHT MOVEMENT ANGLE,Clear,DRY,Daylight,N/A,NONE DETECTED,No,No Apparent Injury,N/A,NOT DISTRACTED,MD,(SPORT) UTILITY VEHICLE,STOPPED IN TRAFFIC LANE,40,No,2018,VOLV,TK,39.24688233,-77.35010117,2023,5,15
230024240,Property Damage Crash,05/20/2023 03:16:00 PM,FLOWER HILL WAY,NA,OTHER,Clear,DRY,Daylight,STOP SIGN,NONE DETECTED,Yes,No Apparent Injury,N/A,UNKNOWN,MD,PASSENGER CAR,MAKING RIGHT TURN,25,No,2001,GMC,YUKON,39.16274007,-77.17362902,2023,5,15
230024226,Property Damage Crash,05/20/2023 03:00:00 PM,FREDERICK RD,NA,SAME DIR REAR END,Clear,DRY,Daylight,NO CONTROLS,NONE DETECTED,No,No Apparent Injury,N/A,NOT DISTRACTED,MD,PICKUP TRUCK,SLOWING OR STOPPING,45,No,2011,DODG,TK,39.18952833,-77.24121667,2023,5,15
230024226,Property Damage Crash,05/20/2023 03:00:00 PM,FREDERICK RD,NA,SAME DIR REAR END,Clear,DRY,Daylight,NO CONTROLS,NONE DETECTED,Yes,No Apparent Injury,N/A,INATTENTIVE OR LOST IN THOUGHT,MD,PICKUP TRUCK,SLOWING OR STOPPING,45,No,2008,GMC,TK,39.18952833,-77.24121667,2023,5,15
230000953,Injury Crash,05/20/2023 03:00:00 PM,NA,PEDESTRIAN,N/A,Clear,NA,Daylight,N/A,NONE DETECTED,Unknown,No Apparent Injury,N/A,NOT DISTRACTED,MD,PASSENGER CAR,PARKING,5,No,2023,LEXUS,4S,39.20949217,-77.24475033,2023,5,15
230024226,Property Damage Crash,05/20/2023 03:00:00 PM,FREDERICK RD,NA,SAME DIR REAR END,Clear,DRY,Daylight,NO CONTROLS,NONE DETECTED,No,No Apparent Injury,N/A,NOT DISTRACTED,NY,PASSENGER CAR,SLOWING OR STOPPING,45,No,2022,HONDA,SUV,39.18952833,-77.24121667,2023,5,15
230024217,Injury Crash,05/20/2023 02:19:00 PM,UNIVERSITY BLVD E,NA,SAME DIR REAR END,Clear,DRY,Daylight,TRAFFIC SIGNAL,NONE DETECTED,No,Possible Minor Injury,N/A,NOT DISTRACTED,MD,PASSENGER CAR,STOPPED IN TRAFFIC LANE,35,No,2018,FORD,F150,39.01773167,-77.00762667,2023,5,14
230024217,Injury Crash,05/20/2023 02:19:00 PM,UNIVERSITY BLVD E,NA,SAME DIR REAR END,Clear,DRY,Daylight,TRAFFIC SIGNAL,NONE DETECTED,Yes,No Apparent Injury,N/A,NOT DISTRACTED,MD,PASSENGER CAR,STARTING FROM PARKED,35,No,2014,HONDA,PILOT,39.01773167,-77.00762667,2023,5,14
230024220,Property Damage Crash,05/20/2023 01:35:00 PM,RIVER RD,NA,SAME DIRECTION SIDESWIPE,Clear,DRY,Daylight,TRAFFIC SIGNAL,NONE DETECTED,No,No Apparent Injury,N/A,NOT DISTRACTED,MD,PASSENGER CAR,STOPPED IN TRAFFIC LANE,35,No,2016,LEXS,RX350,38.96302671,-77.10104188,2023,5,13
230024220,Property Damage Crash,05/20/2023 01:35:00 PM,RIVER RD,NA,SAME DIRECTION SIDESWIPE,Clear,DRY,Daylight,TRAFFIC SIGNAL,NONE DETECTED,Yes,No Apparent Injury,N/A,UNKNOWN,MD,"OTHER LIGHT TRUCKS (10,000LBS (4,536KG) OR LESS)",MAKING LEFT TURN,35,No,2014,TOYOTA,TACOMA,38.96302671,-77.10104188,2023,5,13
230024224,Injury Crash,05/20/2023 01:31:00 PM,MACARTHUR BLVD,NA,SAME DIR REAR END,Clear,DRY,Daylight,TRAFFIC SIGNAL,NONE DETECTED,No,Possible Minor Injury,N/A,NOT DISTRACTED,DC,PASSENGER CAR,STOPPED IN TRAFFIC LANE,30,No,2014,HOND,CIVIC,38.97848667,-77.21362667,2023,5,13
230024224,Injury Crash,05/20/2023 01:31:00 PM,MACARTHUR BLVD,NA,SAME DIR REAR END,Clear,DRY,Daylight,TRAFFIC SIGNAL,NONE DETECTED,Yes,No Apparent Injury,N/A,LOOKED BUT DID NOT SEE,MD,PASSENGER CAR,MOVING CONSTANT SPEED,30,No,2013,KIA,RIO,38.97848667,-77.21362667,2023,5,13
230024224,Injury Crash,05/20/2023 01:31:00 PM,MACARTHUR BLVD,NA,SAME DIR REAR END,Clear,DRY,Daylight,TRAFFIC SIGNAL,NONE DETECTED,No,No Apparent Injury,N/A,NOT DISTRACTED,VA,PASSENGER CAR,STOPPED IN TRAFFIC LANE,30,No,2018,HOND,FIT,38.97848667,-77.21362667,2023,5,13
230024210,Property Damage Crash,05/20/2023 01:26:00 PM,WASCHE RD,NA,HEAD ON LEFT TURN,Clear,DRY,Daylight,NO CONTROLS,NONE DETECTED,No,No Apparent Injury,N/A,NOT DISTRACTED,MD,VAN,MOVING CONSTANT SPEED,35,No,2018,JEEP,GRAND CHEROKEE,39.16216137,-77.45008195,2023,5,13
230024210,Property Damage Crash,05/20/2023 01:26:00 PM,WASCHE RD,NA,HEAD ON LEFT TURN,Clear,DRY,Daylight,NO CONTROLS,NONE DETECTED,Yes,No Apparent Injury,N/A,LOOKED BUT DID NOT SEE,MD,VAN,MAKING LEFT TURN,35,No,2008,DODGE,GRAND CARAVAN,39.16216137,-77.45008195,2023,5,13
230024207,Property Damage Crash,05/20/2023 01:00:00 PM,PARKLAWN DR,NA,SAME DIRECTION SIDESWIPE,Clear,DRY,Daylight,N/A,NONE DETECTED,No,No Apparent Injury,N/A,NOT DISTRACTED,MD,PASSENGER CAR,MOVING CONSTANT SPEED,35,No,2016,BMW,X5,39.05166167,-77.10621667,2023,5,13
230024207,Property Damage Crash,05/20/2023 01:00:00 PM,PARKLAWN DR,NA,SAME DIRECTION SIDESWIPE,Clear,DRY,Daylight,N/A,NONE DETECTED,Yes,No Apparent Injury,N/A,LOOKED BUT DID NOT SEE,DC,PASSENGER CAR,MOVING CONSTANT SPEED,35,No,2011,TOYOTA,RAV4,39.05166167,-77.10621667,2023,5,13
230024202,Property Damage Crash,05/20/2023 12:35:00 PM,VEIRS MILL RD,NA,SAME DIR REAR END,Clear,DRY,Daylight,YIELD SIGN,NONE DETECTED,Yes,No Apparent Injury,N/A,NOT DISTRACTED,MD,(SPORT) UTILITY VEHICLE,SLOWING OR STOPPING,35,No,2018,FORD,UT,39.08158833,-77.1455875,2023,5,12
230024202,Property Damage Crash,05/20/2023 12:35:00 PM,VEIRS MILL RD,NA,SAME DIR REAR END,Clear,DRY,Daylight,YIELD SIGN,NONE DETECTED,No,No Apparent Injury,N/A,NOT DISTRACTED,MD,(SPORT) UTILITY VEHICLE,SLOWING OR STOPPING,35,No,2018,SUBARU,SW,39.08158833,-77.1455875,2023,5,12
23000950,Property Damage Crash,05/20/2023 11:55:00 AM,CONCORD ST,NA,SAME DIR REAR END,Clear,DRY,Daylight,STOP SIGN,NONE DETECTED,No,No Apparent Injury,N/A,NOT DISTRACTED,MD,PASSENGER CAR,STOPPED IN TRAFFIC LANE,25,No,2016,AUDI,4S,39.031193,-77.07493826,2023,5,11
23000950,Property Damage Crash,05/20/2023 11:55:00 AM,CONCORD ST,NA,SAME DIR REAR END,Clear,DRY,Daylight,STOP SIGN,NONE DETECTED,Yes,No Apparent Injury,N/A,DISTRACTED BY OUTSIDE PERSON OBJECT OR EVENT,MD,"MEDIUM/HEAVY TRUCKS 3 AXLES (OVER 10,000LBS (4,536KG))",BACKING,25,No,2018,FREIGHTLINER,TRASH TRUCK,39.031193,-77.07493826,2023,5,11
230024197,Injury Crash,05/20/2023 11:47:00 AM,CRABBS BRANCH WAY,NA,HEAD ON LEFT TURN,Clear,DRY,Daylight,NO CONTROLS,NONE DETECTED,Yes,Possible Minor Injury,N/A,NOT DISTRACTED,MD,(SPORT) UTILITY VEHICLE,MAKING LEFT TURN,40,No,2016,HONDA,CRV,39.11605333,-77.15690833,2023,5,11
230024197,Injury Crash,05/20/2023 11:47:00 AM,CRABBS BRANCH WAY,NA,HEAD ON LEFT TURN,Clear,DRY,Daylight,NO CONTROLS,NONE DETECTED,No,No Apparent Injury,N/A,NOT DISTRACTED,MD,OTHER,MOVING CONSTANT SPEED,40,No,2015,HOND,4S,39.11605333,-77.15690833,2023,5,11
230024192,Injury Crash,05/20/2023 11:10:00 AM,MAIN ST,NA,STRAIGHT MOVEMENT ANGLE,Clear,DRY,Daylight,N/A,NONE DETECTED,Yes,No Apparent Injury,N/A,NOT DISTRACTED,MD,PASSENGER CAR,MAKING LEFT TURN,35,No,2015,BUICK,LOCROSSIE,39.289325,-77.20090167,2023,5,11
230024192,Injury Crash,05/20/2023 11:10:00 AM,MAIN ST,NA,STRAIGHT MOVEMENT ANGLE,Clear,DRY,Daylight,N/A,NONE DETECTED,No,Possible Minor Injury,N/A,NOT DISTRACTED,MD,PASSENGER CAR,MOVING CONSTANT SPEED,35,No,2018,HONDA,CIVIC,39.289325,-77.20090167,2023,5,11
230024187,Property Damage Crash,05/20/2023 10:28:00 AM,SPRING ST,NA,STRAIGHT MOVEMENT ANGLE,Clear,DRY,Daylight,TRAFFIC SIGNAL,NONE DETECTED,No,No Apparent Injury,N/A,NOT DISTRACTED,MD,PASSENGER CAR,ACCELERATING,35,No,2015,HOND,CRV,38.99925967,-77.02606283,2023,5,10
230024187,Property Damage Crash,05/20/2023 10:28:00 AM,SPRING ST,NA,STRAIGHT MOVEMENT ANGLE,Clear,DRY,Daylight,TRAFFIC SIGNAL,NONE DETECTED,Yes,No Apparent Injury,N/A,LOOKED BUT DID NOT SEE,MD,PASSENGER CAR,MOVING CONSTANT SPEED,35,No,2018,HOND,CRV,38.99925967,-77.02606283,2023,5,10
230024182,Property Damage Crash,05/20/2023 09:32:00 AM,CLOPPER RD,NA,STRAIGHT MOVEMENT ANGLE,Clear,DRY,Daylight,STOP SIGN,NONE DETECTED,No,No Apparent Injury,N/A,NOT DISTRACTED,MD,PASSENGER CAR,MOVING CONSTANT SPEED,45,No,2017,CHRYSLER,PACIFICA,39.15613167,-77.26472833,2023,5,9
230024182,Property Damage Crash,05/20/2023 09:32:00 AM,CLOPPER RD,NA,STRAIGHT MOVEMENT ANGLE,Clear,DRY,Daylight,STOP SIGN,NONE DETECTED,Yes,No Apparent Injury,N/A,LOOKED BUT DID NOT SEE,MD,PASSENGER CAR,MAKING LEFT TURN,45,No,2015,NISSAN,ALTIMA,39.15613167,-77.26472833,2023,5,9
230024179,Property Damage Crash,05/20/2023 09:00:00 AM,WATERS LANDING DR,NA,SAME DIRECTION SIDESWIPE,Clear,DRY,Daylight,N/A,NONE DETECTED,No,No Apparent Injury,N/A,NOT DISTRACTED,MD,PASSENGER CAR,PARKING,25,No,2017,KIA,SEDONA,39.18773667,-77.26680167,2023,5,9
230024179,Property Damage Crash,05/20/2023 09:00:00 AM,WATERS LANDING DR,NA,SAME DIRECTION SIDESWIPE,Clear,DRY,Daylight,N/A,NONE DETECTED,Yes,No Apparent Injury,N/A,NOT DISTRACTED,MD,PASSENGER CAR,MOVING CONSTANT SPEED,25,No,2014,KIA,SPORTAGE,39.18773667,-77.26680167,2023,5,9
230024168,Property Damage Crash,05/20/2023 06:35:00 AM,DARNESTOWN RD,NA,SINGLE VEHICLE,Cloudy,WET,Medium,NO CONTROLS,NONE DETECTED,Yes,No Apparent Injury,"N/A, V WIPERS|W OTHER ENVIRONMENTAL",NOT DISTRACTED,MD,(SPORT) UTILITY VEHICLE,MOVING CONSTANT SPEED,50,No,2004,FORD,TK,39.11839983,-77.31674883,2023,5,6
230024164,Property Damage Crash,05/20/2023 04:07:00 AM,GEORGIA AVE,NA,SINGLE VEHICLE,Clear,DRY,Dark,NO CONTROLS,NONE DETECTED,Yes,No Apparent Injury,N/A,UNKNOWN,NA,PASSENGER CAR,MOVING CONSTANT SPEED,35,Unknown,2010,DODGE,CALIBER,39.05187167,-77.05121167,2023,5,4
230024161,Property Damage Crash,05/20/2023 02:36:00 AM,NEW HAMPSHIRE AVE,NA,SINGLE VEHICLE,Clear,DRY,Medium,NO CONTROLS,NONE DETECTED,No,No Apparent Injury,N/A,NOT DISTRACTED,MD,(SPORT) UTILITY VEHICLE,MOVING CONSTANT SPEED,40,No,2008,NISS,ROGUE,39.1305015,-76.9923861,2023,5,2
230024159,Property Damage Crash,05/20/2023 02:13:00 AM,COLESVILLE RD,NA,STRAIGHT MOVEMENT ANGLE,Clear,DRY,Medium,TRAFFIC SIGNAL,NONE DETECTED,Yes,No Apparent Injury,N/A,BY OTHER OCCUPANTS,MD,PASSENGER CAR,MOVING CONSTANT SPEED,35,No,2022,TOYOTA,CAMRY,39.0205365,-77.013323,2023,5,2
230024159,Property Damage Crash,05/20/2023 02:13:00 AM,COLESVILLE RD,NA,STRAIGHT MOVEMENT ANGLE,Clear,DRY,Medium,TRAFFIC SIGNAL,NONE DETECTED,No,No Apparent Injury,N/A,NOT DISTRACTED,MD,PASSENGER CAR,MOVING CONSTANT SPEED,35,No,2018,HONDA,HRV,39.0205365,-77.013323,2023,5,2
230024153,Property Damage Crash,05/20/2023 12:49:00 AM,QUINCE ORCHARD RD,NA,SAME DIRECTION SIDESWIPE,Clear,DRY,Medium,NO CONTROLS,NONE DETECTED,No,No Apparent Injury,N/A,NOT DISTRACTED,MD,(SPORT) UTILITY VEHICLE,SLOWING OR STOPPING,35,No,2022,FORD,BRONCO,39.14224783,-77.21892717,2023,5,0
230024153,Property Damage Crash,05/20/2023 12:49:00 AM,QUINCE ORCHARD RD,NA,SAME DIRECTION SIDESWIPE,Clear,DRY,Medium,NO CONTROLS,NONE DETECTED,Yes,No Apparent Injury,N/A,INATTENTIVE OR LOST IN THOUGHT,MD,(SPORT) UTILITY VEHICLE,ACCELERATING,35,No,2014,JEEP,CHEROKEE,39.14224783,-77.21892717,2023,5,0
230024152,Property Damage Crash,05/20/2023 12:13:00 AM,NEW HAMPSHIRE AVE,NA,SAME DIRECTION SIDESWIPE,Clear,DRY,Medium,TRAFFIC SIGNAL,NONE DETECTED,Yes,No Apparent Injury,N/A,BY OTHER OCCUPANTS,MD,PASSENGER CAR,MAKING RIGHT TURN,40,No,2014,TOYOTA,SIENNA,39.02465717,-76.97906167,2023,5,0
230024152,Property Damage Crash,05/20/2023 12:13:00 AM,NEW HAMPSHIRE AVE,NA,SAME DIRECTION SIDESWIPE,Clear,DRY,Medium,TRAFFIC SIGNAL,NONE DETECTED,No,No Apparent Injury,N/A,NOT DISTRACTED,MD,PASSENGER CAR,MOVING CONSTANT SPEED,40,No,2020,INFINITI,Q50,39.02465717,-76.97906167,2023,5,0
230024151,Property Damage Crash,05/19/2023 11:53:00 PM,CONNECTICUT AVE,NA,SAME DIR REAR END,Clear,DRY,Medium,NO CONTROLS,NONE DETECTED,Yes,No Apparent Injury,N/A,INATTENTIVE OR LOST IN THOUGHT,NA,(SPORT) UTILITY VEHICLE,MOVING CONSTANT SPEED,30,No,2017,NISSAN,TK,38.96704424,-77.07781421,2023,5,23
230024151,Property Damage Crash,05/19/2023 11:53:00 PM,CONNECTICUT AVE,NA,SAME DIR REAR END,Clear,DRY,Medium,NO CONTROLS,NONE DETECTED,No,No Apparent Injury,N/A,NOT DISTRACTED,NJ,(SPORT) UTILITY VEHICLE,MOVING CONSTANT SPEED,30,No,2023,DODGE,HORNET,38.96704424,-77.07781421,2023,5,23
230024144,Injury Crash,05/19/2023 10:58:00 PM,GEORGIA AVE,NA,STRAIGHT MOVEMENT ANGLE,Clear,DRY,Medium,TRAFFIC SIGNAL,NONE DETECTED,Yes,Possible Minor Injury,N/A,NOT DISTRACTED,MD,PASSENGER CAR,MOVING CONSTANT SPEED,40,No,2017,HONDA,CRV,39.159677,-77.06411767,2023,5,22
230024144,Injury Crash,05/19/2023 10:58:00 PM,GEORGIA AVE,NA,STRAIGHT MOVEMENT ANGLE,Clear,DRY,Medium,TRAFFIC SIGNAL,NONE DETECTED,No,Possible Minor Injury,N/A,NOT DISTRACTED,MD,PASSENGER CAR,ACCELERATING,40,No,2021,JEEP,COMPASS,39.159677,-77.06411767,2023,5,22
230024142,Injury Crash,05/19/2023 10:26:00 PM,COLESVILLE RD,NA,STRAIGHT MOVEMENT ANGLE,Clear,DRY,Medium,TRAFFIC SIGNAL,NONE DETECTED,No,Possible Minor Injury,N/A,NOT DISTRACTED,MD,PASSENGER CAR,MOVING CONSTANT SPEED,35,No,2011,NISSAN,VERSA,38.99607765,-77.02817971,2023,5,22
230024142,Injury Crash,05/19/2023 10:26:00 PM,COLESVILLE RD,NA,STRAIGHT MOVEMENT ANGLE,Clear,DRY,Medium,TRAFFIC SIGNAL,NONE DETECTED,Yes,No Apparent Injury,N/A,UNKNOWN,NA,(SPORT) UTILITY VEHICLE,MOVING CONSTANT SPEED,35,No,2017,INFINITI,LL,38.99607765,-77.02817971,2023,5,22
230024138,Injury Crash,05/19/2023 10:21:00 PM,NEW HAMPSHIRE AVE,NA,HEAD ON LEFT TURN,Clear,DRY,Medium,TRAFFIC SIGNAL,NONE DETECTED,No,No Apparent Injury,N/A,NOT DISTRACTED,MD,PASSENGER CAR,MAKING LEFT TURN,30,No,2018,JEEP,WRANGLER,39.01157986,-76.97891018,2023,5,22
230024138,Injury Crash,05/19/2023 10:21:00 PM,NEW HAMPSHIRE AVE,NA,HEAD ON LEFT TURN,Clear,DRY,Medium,TRAFFIC SIGNAL,ALCOHOL PRESENT,Yes,No Apparent Injury,N/A,UNKNOWN,MD,PASSENGER CAR,MOVING CONSTANT SPEED,30,No,2018,HONDA,CIVIC,39.01157986,-76.97891018,2023,5,22
230024138,Injury Crash,05/19/2023 10:21:00 PM,NEW HAMPSHIRE AVE,NA,HEAD ON LEFT TURN,Clear,DRY,Medium,TRAFFIC SIGNAL,NONE DETECTED,No,No Apparent Injury,N/A,NOT DISTRACTED,MD,PASSENGER CAR,MAKING LEFT TURN,30,No,2014,MITS,MIRAGE,39.01157986,-76.97891018,2023,5,22
230024136,Property Damage Crash,05/19/2023 10:05:00 PM,NORBECK RD,NA,SAME DIR REND LEFT TURN,Clear,DRY,Medium,TRAFFIC SIGNAL,NONE DETECTED,Yes,No Apparent Injury,N/A,DISTRACTED BY OUTSIDE PERSON OBJECT OR EVENT,MD,(SPORT) UTILITY VEHICLE,MAKING LEFT TURN,40,No,2021,LEXS,UT,39.07576991,-77.11607305,2023,5,22
230024137,Property Damage Crash,05/19/2023 10:05:00 PM,NORBECK RD,NA,SINGLE VEHICLE,Clear,DRY,Medium,TRAFFIC SIGNAL,NONE DETECTED,No,No Apparent Injury,N/A,NOT DISTRACTED,MD,PASSENGER CAR,STARTING FROM LANE,40,No,2000,NISSAN,MAXIMA,39.09036733,-77.128559,2023,5,22
230024136,Property Damage Crash,05/19/2023 10:05:00 PM,NORBECK RD,NA,SAME DIR REND LEFT TURN,Clear,DRY,Medium,TRAFFIC SIGNAL,NONE DETECTED,No,No Apparent Injury,N/A,OTHER DISTRACTION,MD,PASSENGER CAR,STOPPED IN TRAFFIC LANE,40,No,2002,TOYOTA,CAMRY,39.07576991,-77.11607305,2023,5,22
23004134,Property Damage Crash,05/19/2023 09:33:00 PM,TUCKERMAN LA,NA,SINGLE VEHICLE,Clear,DRY,Medium,NO CONTROLS,NONE DETECTED,Yes,No Apparent Injury,N/A,NOT DISTRACTED,MD,PASSENGER CAR,MOVING CONSTANT SPEED,30,No,2020,JEEP,COMPASS,39.03227172,-77.11892711,2023,5,21
230024107,Property Damage Crash,05/19/2023 07:30:00 PM,FREDERICK RD,NA,STRAIGHT MOVEMENT ANGLE,Cloudy,DRY,Daylight,TRAFFIC SIGNAL,NONE DETECTED,Unknown,No Apparent Injury,N/A,UNKNOWN,MD,PASSENGER CAR,MOVING CONSTANT SPEED,35,No,2008,LEXS,TK,39.15591375,-77.21588918,2023,5,19
230024107,Property Damage Crash,05/19/2023 07:30:00 PM,FREDERICK RD,NA,STRAIGHT MOVEMENT ANGLE,Cloudy,DRY,Daylight,TRAFFIC SIGNAL,NONE DETECTED,Unknown,No Apparent Injury,N/A,UNKNOWN,MD,PASSENGER CAR,MAKING LEFT TURN,35,No,2004,MITS,TK,39.15591375,-77.21588918,2023,5,19
230024116,Injury Crash,05/19/2023 07:05:00 PM,JERUSALEM RD,BICYCLIST,STRAIGHT MOVEMENT ANGLE,Clear,N/A,Daylight,STOP SIGN,NONE DETECTED,No,No Apparent Injury,N/A,NOT DISTRACTED,MD,(SPORT) UTILITY VEHICLE,MOVING CONSTANT SPEED,35,No,2021,FORD,EXPEDITION,39.1592876,-77.40643573,2023,5,19
230024124,Property Damage Crash,05/19/2023 05:56:00 PM,NEW HAMPSHIRE AVE,NA,SAME DIR REAR END,Clear,DRY,Daylight,TRAFFIC SIGNAL,NONE DETECTED,Yes,No Apparent Injury,N/A,LOOKED BUT DID NOT SEE,MD,PASSENGER CAR,SLOWING OR STOPPING,45,No,2012,KIA,OPTIMA,39.08936488,-76.99976903,2023,5,17
230024124,Property Damage Crash,05/19/2023 05:56:00 PM,NEW HAMPSHIRE AVE,NA,SAME DIR REAR END,Clear,DRY,Daylight,TRAFFIC SIGNAL,NONE DETECTED,No,No Apparent Injury,N/A,NOT DISTRACTED,MD,VAN,STOPPED IN TRAFFIC LANE,45,No,2016,FORD,VAN CARGO,39.08936488,-76.99976903,2023,5,17
230024091,Property Damage Crash,05/19/2023 04:26:00 PM,NA,NA,OTHER,Clear,NA,Daylight,NO CONTROLS,NONE DETECTED,No,No Apparent Injury,N/A,NOT DISTRACTED,MD,PASSENGER CAR,ACCELERATING,5,No,2012,TOYOTA,RAV4,38.98756583,-76.98617633,2023,5,16
230024091,Property Damage Crash,05/19/2023 04:26:00 PM,NA,NA,OTHER,Clear,NA,Daylight,NO CONTROLS,NONE DETECTED,Yes,No Apparent Injury,N/A,UNKNOWN,NA,PASSENGER CAR,BACKING,5,No,2010,CHEV,TK,38.98756583,-76.98617633,2023,5,16
230024094,Property Damage Crash,05/19/2023 04:07:00 PM,NA,NA,SINGLE VEHICLE,Clear,NA,Daylight,NO CONTROLS,NONE DETECTED,Yes,No Apparent Injury,N/A,NOT DISTRACTED,MD,"CARGO VAN/LIGHT TRUCK 2 AXLES (OVER 10,000LBS (4,536 KG))",MOVING CONSTANT SPEED,10,No,2012,FORD,ECOLINE 450,39.17676,-77.17829733,2023,5,16
230024079,Property Damage Crash,05/19/2023 03:42:00 PM,DALEWOOD DR,NA,SAME DIRECTION SIDESWIPE,Clear,DRY,Daylight,NO CONTROLS,NONE DETECTED,Unknown,No Apparent Injury,N/A,LOOKED BUT DID NOT SEE,MD,SCHOOL BUS,MAKING LEFT TURN,25,No,2018,THMS,BU,39.06008833,-77.069365,2023,5,15
230024079,Property Damage Crash,05/19/2023 03:42:00 PM,DALEWOOD DR,NA,SAME DIRECTION SIDESWIPE,Clear,DRY,Daylight,NO CONTROLS,NONE DETECTED,Unknown,No Apparent Injury,N/A,NOT DISTRACTED,MD,PASSENGER CAR,MAKING LEFT TURN,25,No,2017,TOYT,SD,39.06008833,-77.069365,2023,5,15
230024066,Injury Crash,05/19/2023 03:16:00 PM,BEL PRE RD,NA,STRAIGHT MOVEMENT ANGLE,Clear,DRY,Daylight,STOP SIGN,NONE DETECTED,No,Possible Minor Injury,N/A,NOT DISTRACTED,MD,PASSENGER CAR,UNKNOWN,35,No,2018,FORD,SD,39.09053,-77.05351333,2023,5,15
230024066,Injury Crash,05/19/2023 03:16:00 PM,BEL PRE RD,NA,STRAIGHT MOVEMENT ANGLE,Clear,DRY,Daylight,STOP SIGN,NONE DETECTED,Yes,Possible Minor Injury,N/A,UNKNOWN,MD,VAN,ACCELERATING,35,No,2022,FORD,PV,39.09053,-77.05351333,2023,5,15
230024073,Property Damage Crash,05/19/2023 03:10:00 PM,NA,NA,OTHER,Clear,NA,Daylight,N/A,NONE DETECTED,Yes,No Apparent Injury,N/A,UNKNOWN,MD,PASSENGER CAR,UNKNOWN,5,No,2010,HONDA,CRV,39.0838238,-77.14819616,2023,5,15
230024065,Property Damage Crash,05/19/2023 02:54:00 PM,NEW HAMPSHIRE AVE,NA,HEAD ON LEFT TURN,Clear,DRY,Daylight,NO CONTROLS,NONE DETECTED,Yes,No Apparent Injury,N/A,NOT DISTRACTED,MD,PASSENGER CAR,MAKING LEFT TURN,35,No,2010,TOYOTA,CAMRY,38.97698833,-76.99232233,2023,5,14
230024065,Property Damage Crash,05/19/2023 02:54:00 PM,NEW HAMPSHIRE AVE,NA,HEAD ON LEFT TURN,Clear,DRY,Daylight,NO CONTROLS,NONE DETECTED,No,No Apparent Injury,N/A,NOT DISTRACTED,DC,PASSENGER CAR,MOVING CONSTANT SPEED,35,No,2012,HYUNDAI,SONATA,38.97698833,-76.99232233,2023,5,14
230024062,Injury Crash,05/19/2023 02:41:00 PM,TUCKERMAN LA,PEDESTRIAN,SINGLE VEHICLE,Clear,DRY,Daylight,NO CONTROLS,NONE DETECTED,No,No Apparent Injury,N/A,NOT DISTRACTED,MD,PASSENGER CAR,MOVING CONSTANT SPEED,35,No,2023,HYUNDAI,TUCSON,39.0408405,-77.1747445,2023,5,14
230024059,Property Damage Crash,05/19/2023 02:40:00 PM,RIDGE RD,NA,SAME DIR REAR END,Clear,DRY,Daylight,NO CONTROLS,NONE DETECTED,No,No Apparent Injury,N/A,NOT DISTRACTED,MD,(SPORT) UTILITY VEHICLE,SLOWING OR STOPPING,30,No,2016,TOYOTA,4RUNNER,39.28083667,-77.21166333,2023,5,14
230024059,Property Damage Crash,05/19/2023 02:40:00 PM,RIDGE RD,NA,SAME DIR REAR END,Clear,DRY,Daylight,NO CONTROLS,NONE DETECTED,Yes,No Apparent Injury,N/A,EATING OR DRINKING,MD,PASSENGER CAR,SLOWING OR STOPPING,30,No,2012,HONDA,CIVIC,39.28083667,-77.21166333,2023,5,14
230024049,Injury Crash,05/19/2023 01:38:00 PM,COLESVILLE RD,NA,STRAIGHT MOVEMENT ANGLE,Clear,DRY,Daylight,TRAFFIC SIGNAL,NONE DETECTED,Unknown,Possible Minor Injury,N/A,NOT DISTRACTED,MD,PASSENGER CAR,MAKING LEFT TURN,25,No,2013,LEXUS,CT,39.01301883,-77.01671533,2023,5,13
230024049,Injury Crash,05/19/2023 01:38:00 PM,COLESVILLE RD,NA,STRAIGHT MOVEMENT ANGLE,Clear,DRY,Daylight,TRAFFIC SIGNAL,NONE DETECTED,Unknown,No Apparent Injury,N/A,NOT DISTRACTED,MD,TRANSIT BUS,MOVING CONSTANT SPEED,40,No,2021,NFLY,TRANSIT BUS,39.01301883,-77.01671533,2023,5,13
230024030,Property Damage Crash,05/19/2023 12:35:00 PM,SHADY GROVE RD,NA,SAME DIRECTION SIDESWIPE,Clear,DRY,Daylight,N/A,NONE DETECTED,Yes,No Apparent Injury,N/A,NOT DISTRACTED,MD,PASSENGER CAR,MOVING CONSTANT SPEED,40,No,2018,BMW,X5,39.10124167,-77.19158333,2023,5,12
230024030,Property Damage Crash,05/19/2023 12:35:00 PM,SHADY GROVE RD,NA,SAME DIRECTION SIDESWIPE,Clear,DRY,Daylight,N/A,NONE DETECTED,No,No Apparent Injury,N/A,NOT DISTRACTED,MD,PASSENGER CAR,MOVING CONSTANT SPEED,40,No,2015,FORD,FOCUS,39.10124167,-77.19158333,2023,5,12
230027637,Property Damage Crash,05/19/2023 11:00:00 AM,NA,NA,SAME DIRECTION SIDESWIPE,Clear,NA,Daylight,NO CONTROLS,NONE DETECTED,Yes,No Apparent Injury,N/A,UNKNOWN,NA,PASSENGER CAR,STARTING FROM PARKED,0,No,2013,HONDA,CRV,39.17986015,-77.26411104,2023,5,11
230024000,Injury Crash,05/19/2023 10:15:00 AM,RIVER RD,NA,HEAD ON LEFT TURN,Clear,DRY,Daylight,TRAFFIC SIGNAL,NONE DETECTED,No,Suspected Serious Injury,N/A,NOT DISTRACTED,MD,PASSENGER CAR,MAKING LEFT TURN,35,No,2015,KIA,SOUL,38.986205,-77.14321333,2023,5,10
230024000,Injury Crash,05/19/2023 10:15:00 AM,RIVER RD,NA,HEAD ON LEFT TURN,Clear,DRY,Daylight,TRAFFIC SIGNAL,NONE DETECTED,Yes,No Apparent Injury,N/A,OTHER DISTRACTION,MD,PASSENGER CAR,MOVING CONSTANT SPEED,35,No,2005,MERZ,4S,38.986205,-77.14321333,2023,5,10
230024000,Injury Crash,05/19/2023 10:15:00 AM,RIVER RD,NA,HEAD ON LEFT TURN,Clear,DRY,Daylight,TRAFFIC SIGNAL,NONE DETECTED,No,No Apparent Injury,N/A,NOT DISTRACTED,MD,PASSENGER CAR,STOPPED IN TRAFFIC LANE,35,No,2012,TOYOTA,COROLLA,38.986205,-77.14321333,2023,5,10