Local Case Number,ACRS Report Type,Crash Date/Time,Road Name,Related Non-Motorist,Collision Type,Weather,Surface Condition,Light,Traffic Control,Driver Substance Abuse,Driver At Fault,Injury Severity,Circumstance,Driver Distracted By,Drivers License State,Vehicle Body Type,Vehicle Movement,Speed Limit,Driverless Vehicle,Vehicle Year,Vehicle Make,Vehicle Model,Latitude,Longitude,Year,Month,Hour
230023720,Property Damage Crash,05/17/2023 04:57:00 PM,FREDERICK RD,NA,SAME DIR REAR END,Clear,DRY,Daylight,NO CONTROLS,NONE DETECTED,No,No Apparent Injury,"BACKUP DUE TO PRIOR CRASH, N/A",NOT DISTRACTED,MD,PASSENGER CAR,MOVING CONSTANT SPEED,40,No,2016,MAZDA,CX5,39.21224,-77.248395,2023,5,16
230023720,Property Damage Crash,05/17/2023 04:57:00 PM,FREDERICK RD,NA,SAME DIR REAR END,Clear,DRY,Daylight,NO CONTROLS,NONE DETECTED,Yes,No Apparent Injury,"BACKUP DUE TO PRIOR CRASH, N/A",LOOKED BUT DID NOT SEE,MD,PASSENGER CAR,MOVING CONSTANT SPEED,40,No,2013,KIA,SOUL,39.21224,-77.248395,2023,5,16
230023719,Injury Crash,05/17/2023 04:50:00 PM,CASHELL RD,NA,SINGLE VEHICLE,Clear,DRY,Daylight,NO CONTROLS,NONE DETECTED,No,Possible Minor Injury,"ANIMAL, N/A",NOT DISTRACTED,MD,PASSENGER CAR,MOVING CONSTANT SPEED,35,No,2015,HOND,4S,39.14343167,-77.091985,2023,5,16
230023717,Property Damage Crash,05/17/2023 04:41:00 PM,NEW HAMPSHIRE AVE,NA,STRAIGHT MOVEMENT ANGLE,Clear,DRY,Daylight,NO CONTROLS,NONE DETECTED,No,No Apparent Injury,N/A,NOT DISTRACTED,MD,PASSENGER CAR,MOVING CONSTANT SPEED,40,No,2005,VOLV,WG,39.06870267,-77.00289783,2023,5,16
230023717,Property Damage Crash,05/17/2023 04:41:00 PM,NEW HAMPSHIRE AVE,NA,STRAIGHT MOVEMENT ANGLE,Clear,DRY,Daylight,NO CONTROLS,NONE DETECTED,Yes,No Apparent Injury,N/A,LOOKED BUT DID NOT SEE,MD,PASSENGER CAR,MAKING LEFT TURN,40,No,2017,KIA,SORENTO,39.06870267,-77.00289783,2023,5,16
230023710,Property Damage Crash,05/17/2023 04:10:00 PM,FREDERICK RD,NA,STRAIGHT MOVEMENT ANGLE,Clear,DRY,Daylight,TRAFFIC SIGNAL,NONE DETECTED,No,No Apparent Injury,N/A,NOT DISTRACTED,MD,PASSENGER CAR,ACCELERATING,25,No,2023,HONDA,CIVIC,39.2158405,-77.2528695,2023,5,16
230023710,Property Damage Crash,05/17/2023 04:10:00 PM,FREDERICK RD,NA,STRAIGHT MOVEMENT ANGLE,Clear,DRY,Daylight,TRAFFIC SIGNAL,NONE DETECTED,Yes,No Apparent Injury,N/A,NOT DISTRACTED,MD,PASSENGER CAR,MOVING CONSTANT SPEED,40,No,2013,LEXUS,SUV,39.2158405,-77.2528695,2023,5,16
230023709,Injury Crash,05/17/2023 03:54:00 PM,SNOWDEN FARM PKWY,NA,HEAD ON LEFT TURN,Clear,DRY,Daylight,NO CONTROLS,NONE DETECTED,Yes,No Apparent Injury,N/A,INATTENTIVE OR LOST IN THOUGHT,MD,PICKUP TRUCK,STARTING FROM LANE,40,No,2006,TOYT,TK,39.24389667,-77.263285,2023,5,15
230023709,Injury Crash,05/17/2023 03:54:00 PM,SNOWDEN FARM PKWY,NA,HEAD ON LEFT TURN,Clear,DRY,Daylight,NO CONTROLS,NONE DETECTED,No,Possible Minor Injury,N/A,NOT DISTRACTED,MD,PASSENGER CAR,MOVING CONSTANT SPEED,40,No,2006,HONDA,4S,39.24389667,-77.263285,2023,5,15
230023706,Property Damage Crash,05/17/2023 03:10:00 PM,SLIGO AVE,NA,SAME DIRECTION SIDESWIPE,Clear,DRY,Daylight,NO CONTROLS,NONE DETECTED,Unknown,No Apparent Injury,N/A,NOT DISTRACTED,MD,TRANSIT BUS,SLOWING OR STOPPING,20,No,2009,GILL,HY,38.99132417,-77.01214,2023,5,15
230023683,Injury Crash,05/17/2023 02:08:00 PM,COLUMBIA PIKE,NA,HEAD ON LEFT TURN,Clear,DRY,Daylight,TRAFFIC SIGNAL,NONE DETECTED,Yes,No Apparent Injury,N/A,BY OTHER OCCUPANTS,MD,PASSENGER CAR,SLOWING OR STOPPING,50,No,2012,HONDA,ODYSSEY,39.05792,-76.96855833,2023,5,14
230023683,Injury Crash,05/17/2023 02:08:00 PM,COLUMBIA PIKE,NA,HEAD ON LEFT TURN,Clear,DRY,Daylight,TRAFFIC SIGNAL,NONE DETECTED,No,Possible Minor Injury,N/A,NOT DISTRACTED,MD,PASSENGER CAR,MAKING LEFT TURN,50,No,2022,HONDA,CRV,39.05792,-76.96855833,2023,5,14
230023680,Property Damage Crash,05/17/2023 01:57:00 PM,NA,NA,SAME DIR REAR END,Clear,NA,Daylight,NO CONTROLS,NONE DETECTED,Yes,No Apparent Injury,N/A,LOOKED BUT DID NOT SEE,MD,PASSENGER CAR,BACKING,0,No,2014,DODG,TK,39.18599467,-77.26018767,2023,5,13
230024033,Property Damage Crash,05/17/2023 01:30:00 PM,NA,NA,SINGLE VEHICLE,Clear,NA,Daylight,N/A,NONE DETECTED,Yes,No Apparent Injury,N/A,NOT DISTRACTED,MD,POLICE VEHICLE/NON EMERGENCY,PARKING,0,No,2021,FORD,EXPLORER,39.18057325,-77.2611612,2023,5,13
230023646,Property Damage Crash,05/17/2023 12:10:00 PM,NA,NA,STRAIGHT MOVEMENT ANGLE,Clear,NA,Daylight,NO CONTROLS,NONE DETECTED,No,No Apparent Injury,N/A,NOT DISTRACTED,MD,POLICE VEHICLE/NON EMERGENCY,MOVING CONSTANT SPEED,10,No,2021,FORD,UT,39.15098833,-77.23291833,2023,5,12
230023646,Property Damage Crash,05/17/2023 12:10:00 PM,NA,NA,STRAIGHT MOVEMENT ANGLE,Clear,NA,Daylight,NO CONTROLS,NONE DETECTED,Yes,No Apparent Injury,N/A,NOT DISTRACTED,MD,PICKUP TRUCK,BACKING,10,No,2014,HOND,TK,39.15098833,-77.23291833,2023,5,12
23000923,Property Damage Crash,05/17/2023 11:12:00 AM,NA,NA,ANGLE MEETS LEFT TURN,Clear,NA,Daylight,NO CONTROLS,NONE DETECTED,Unknown,No Apparent Injury,N/A,UNKNOWN,MD,"CARGO VAN/LIGHT TRUCK 2 AXLES (OVER 10,000LBS (4,536 KG))",MOVING CONSTANT SPEED,25,No,2021,FORD,SUPER DUTY,39.05375599,-77.02812463,2023,5,11
23000923,Property Damage Crash,05/17/2023 11:12:00 AM,NA,NA,ANGLE MEETS LEFT TURN,Clear,NA,Daylight,NO CONTROLS,NONE DETECTED,Unknown,No Apparent Injury,N/A,NOT DISTRACTED,MD,"CARGO VAN/LIGHT TRUCK 2 AXLES (OVER 10,000LBS (4,536 KG))",MAKING LEFT TURN,25,No,2019,FORD,SUPER DUTY,39.05375599,-77.02812463,2023,5,11
230023635,Injury Crash,05/17/2023 11:07:00 AM,NORBECK RD,NA,HEAD ON LEFT TURN,Clear,DRY,Daylight,TRAFFIC SIGNAL,NONE DETECTED,No,Possible Minor Injury,N/A,NOT DISTRACTED,MD,PASSENGER CAR,MOVING CONSTANT SPEED,40,No,2016,SUBARU,FORESTER,39.09536,-77.11217833,2023,5,11
230023635,Injury Crash,05/17/2023 11:07:00 AM,NORBECK RD,NA,HEAD ON LEFT TURN,Clear,DRY,Daylight,TRAFFIC SIGNAL,NONE DETECTED,Yes,No Apparent Injury,N/A,UNKNOWN,MD,PASSENGER CAR,MAKING LEFT TURN,40,No,2019,TOYOTA,RAV4,39.09536,-77.11217833,2023,5,11
230023641,Property Damage Crash,05/17/2023 10:40:00 AM,BRINK RD,NA,SAME DIR REAR END,Clear,DRY,Daylight,TRAFFIC SIGNAL,NONE DETECTED,Yes,No Apparent Injury,N/A,OTHER ELECTRONIC DEVICE (NAVIGATIONAL PALM PILOT),XX,PASSENGER CAR,ACCELERATING,35,No,1996,HONDA,ACCORD,39.23887853,-77.27497953,2023,5,10
230023641,Property Damage Crash,05/17/2023 10:40:00 AM,BRINK RD,NA,SAME DIR REAR END,Clear,DRY,Daylight,TRAFFIC SIGNAL,NONE DETECTED,No,No Apparent Injury,N/A,NOT DISTRACTED,MD,PASSENGER CAR,STOPPED IN TRAFFIC LANE,0,No,2013,MERCEDES,4D SEDAN,39.23887853,-77.27497953,2023,5,10
230023441,Property Damage Crash,05/17/2023 10:16:00 AM,THE HILLS PLAZA,NA,SAME DIR REAR END,Clear,DRY,Daylight,NO CONTROLS,NONE DETECTED,No,No Apparent Injury,N/A,NOT DISTRACTED,VA,PASSENGER CAR,MOVING CONSTANT SPEED,25,No,2016,NISSAN,VERSA,38.96481098,-77.08889585,2023,5,10
230023441,Property Damage Crash,05/17/2023 10:16:00 AM,THE HILLS PLAZA,NA,SAME DIR REAR END,Clear,DRY,Daylight,NO CONTROLS,NONE DETECTED,Yes,No Apparent Injury,N/A,LOOKED BUT DID NOT SEE,FL,PASSENGER CAR,PARKING,25,No,2019,BMW,530I,38.96481098,-77.08889585,2023,5,10
230023619,Property Damage Crash,05/17/2023 09:40:00 AM,E GUDE DR,NA,SINGLE VEHICLE,Cloudy,DRY,Daylight,NO CONTROLS,NONE DETECTED,No,No Apparent Injury,N/A,NOT DISTRACTED,MD,VAN,MOVING CONSTANT SPEED,40,No,2019,FORD,TRANSIT,39.09938017,-77.13882183,2023,5,9
230023611,Property Damage Crash,05/17/2023 09:21:00 AM,BETHESDA CHURCH RD,NA,SINGLE VEHICLE,Clear,DRY,Daylight,NO CONTROLS,NONE DETECTED,Yes,No Apparent Injury,N/A,OTHER DISTRACTION,MD,(SPORT) UTILITY VEHICLE,MOVING CONSTANT SPEED,30,No,2006,LEXS,TK,39.28560167,-77.21505167,2023,5,9
230023605,Property Damage Crash,05/17/2023 08:33:00 AM,16TH ST,NA,SAME DIR REAR END,Clear,DRY,Daylight,NO CONTROLS,NONE DETECTED,No,No Apparent Injury,N/A,NOT DISTRACTED,DC,PASSENGER CAR,SLOWING OR STOPPING,35,No,2005,TOYOTA,RAV4,39.00245417,-77.0401575,2023,5,8
230023605,Property Damage Crash,05/17/2023 08:33:00 AM,16TH ST,NA,SAME DIR REAR END,Clear,DRY,Daylight,NO CONTROLS,NONE DETECTED,Yes,No Apparent Injury,N/A,LOOKED BUT DID NOT SEE,DC,PASSENGER CAR,MOVING CONSTANT SPEED,35,No,2018,TOYOTA,RAV4,39.00245417,-77.0401575,2023,5,8
230023598,Property Damage Crash,05/17/2023 08:06:00 AM,COLUMBIA PIKE,NA,SAME DIR BOTH LEFT TURN,Clear,DRY,Daylight,TRAFFIC SIGNAL,NONE DETECTED,Yes,No Apparent Injury,N/A,OTHER DISTRACTION,MD,TRANSIT BUS,MOVING CONSTANT SPEED,35,No,2020,NOVA,BUS,39.03254133,-77.00371933,2023,5,8
230023598,Property Damage Crash,05/17/2023 08:06:00 AM,COLUMBIA PIKE,NA,SAME DIR BOTH LEFT TURN,Clear,DRY,Daylight,TRAFFIC SIGNAL,NONE DETECTED,No,No Apparent Injury,N/A,NOT DISTRACTED,MD,TRANSIT BUS,MOVING CONSTANT SPEED,35,No,2016,NEW,FLYER,39.03254133,-77.00371933,2023,5,8
230023599,Property Damage Crash,05/17/2023 08:05:00 AM,RIVER RD,NA,SAME DIR REAR END,Clear,DRY,Daylight,STOP SIGN,NONE DETECTED,No,No Apparent Injury,N/A,NOT DISTRACTED,MD,(SPORT) UTILITY VEHICLE,STOPPED IN TRAFFIC LANE,40,No,2021,CHEV,SUBURBAN,39.00154,-77.17956833,2023,5,8
230023599,Property Damage Crash,05/17/2023 08:05:00 AM,RIVER RD,NA,SAME DIR REAR END,Clear,DRY,Daylight,STOP SIGN,NONE DETECTED,Yes,No Apparent Injury,N/A,LOOKED BUT DID NOT SEE,CO,PASSENGER CAR,MAKING RIGHT TURN,40,No,2014,KIA,FORTE,39.00154,-77.17956833,2023,5,8
230023597,Injury Crash,05/17/2023 07:31:00 AM,FOREST GLEN RD,NA,SAME DIRECTION RIGHT TURN,Clear,DRY,Daylight,NO CONTROLS,NONE DETECTED,No,No Apparent Injury,N/A,NOT DISTRACTED,MD,PASSENGER CAR,STOPPED IN TRAFFIC LANE,25,No,2004,FORD,TK,39.01575983,-77.041733,2023,5,7
230023597,Injury Crash,05/17/2023 07:31:00 AM,FOREST GLEN RD,NA,SAME DIRECTION RIGHT TURN,Clear,DRY,Daylight,NO CONTROLS,NONE DETECTED,No,Possible Minor Injury,N/A,NOT DISTRACTED,MD,PASSENGER CAR,MOVING CONSTANT SPEED,25,No,2014,HONDA,CIVIC,39.01575983,-77.041733,2023,5,7
230023597,Injury Crash,05/17/2023 07:31:00 AM,FOREST GLEN RD,NA,SAME DIRECTION RIGHT TURN,Clear,DRY,Daylight,NO CONTROLS,NONE DETECTED,Yes,No Apparent Injury,N/A,LOOKED BUT DID NOT SEE,MD,PASSENGER CAR,MAKING LEFT TURN,25,No,1994,TOYOTA,PK,39.01575983,-77.041733,2023,5,7
230023606,Property Damage Crash,05/17/2023 07:30:00 AM,E MELBOURNE AVE,NA,OPPOSITE DIRECTION SIDESWIPE,Clear,DRY,Daylight,NO CONTROLS,NONE DETECTED,Yes,No Apparent Injury,N/A,UNKNOWN,MD,"CARGO VAN/LIGHT TRUCK 2 AXLES (OVER 10,000LBS (4,536 KG))",PARKING,25,No,2017,FORD,F150,39.00784,-77.00578,2023,5,7
230023606,Property Damage Crash,05/17/2023 07:30:00 AM,E MELBOURNE AVE,NA,OPPOSITE DIRECTION SIDESWIPE,Clear,DRY,Daylight,NO CONTROLS,NONE DETECTED,No,No Apparent Injury,N/A,UNKNOWN,MD,SCHOOL BUS,PARKING,25,No,2016,THOMAS BUS,BUS,39.00784,-77.00578,2023,5,7
230023596,Injury Crash,05/17/2023 07:18:00 AM,CONNECTICUT AVE,NA,STRAIGHT MOVEMENT ANGLE,Clear,DRY,Daylight,N/A,NONE DETECTED,Yes,Possible Minor Injury,N/A,UNKNOWN,MD,PASSENGER CAR,MOVING CONSTANT SPEED,35,No,2008,NISSAN,PATHFINDER,39.06898952,-77.07548118,2023,5,7
230023596,Injury Crash,05/17/2023 07:18:00 AM,CONNECTICUT AVE,NA,STRAIGHT MOVEMENT ANGLE,Clear,DRY,Daylight,N/A,NONE DETECTED,No,No Apparent Injury,N/A,NOT DISTRACTED,MD,"MEDIUM/HEAVY TRUCKS 3 AXLES (OVER 10,000LBS (4,536KG))",MAKING LEFT TURN,35,No,2019,MACK,TRUCK,39.06898952,-77.07548118,2023,5,7
230023591,Injury Crash,05/17/2023 05:30:00 AM,W EDMONSTON DR,NA,OTHER,Clear,DRY,Medium,FLASHING TRAFFIC SIGNAL,NONE DETECTED,Yes,Possible Minor Injury,N/A,UNKNOWN,XX,PASSENGER CAR,MOVING CONSTANT SPEED,35,No,2013,HYUNDAI,VELOSTAR,39.07450554,-77.13574804,2023,5,5
230023591,Injury Crash,05/17/2023 05:30:00 AM,W EDMONSTON DR,NA,OTHER,Clear,DRY,Medium,FLASHING TRAFFIC SIGNAL,NONE DETECTED,No,Possible Minor Injury,N/A,NOT DISTRACTED,MD,PASSENGER CAR,MOVING CONSTANT SPEED,40,No,2023,TESLA,MODEL Y,39.07450554,-77.13574804,2023,5,5
230023591,Injury Crash,05/17/2023 05:30:00 AM,W EDMONSTON DR,NA,OTHER,Clear,DRY,Medium,FLASHING TRAFFIC SIGNAL,NONE DETECTED,No,Possible Minor Injury,N/A,NOT DISTRACTED,MD,PASSENGER CAR,MOVING CONSTANT SPEED,40,No,2017,TOYOTA,HIGHLANDER,39.07450554,-77.13574804,2023,5,5
230023591,Injury Crash,05/17/2023 05:30:00 AM,W EDMONSTON DR,NA,OTHER,Clear,DRY,Medium,FLASHING TRAFFIC SIGNAL,NONE DETECTED,No,Possible Minor Injury,N/A,NOT DISTRACTED,MD,PASSENGER CAR,MOVING CONSTANT SPEED,40,No,2009,SCION,TC,39.07450554,-77.13574804,2023,5,5
230023564,Property Damage Crash,05/16/2023 09:00:00 PM,NEW HAMPSHIRE AVE,NA,SAME DIR REAR END,Clear,DRY,Medium,TRAFFIC SIGNAL,NONE DETECTED,No,No Apparent Injury,N/A,NOT DISTRACTED,MD,VAN,STOPPED IN TRAFFIC LANE,45,No,2006,TOYT,VN,39.12097133,-76.98827883,2023,5,21
230023564,Property Damage Crash,05/16/2023 09:00:00 PM,NEW HAMPSHIRE AVE,NA,SAME DIR REAR END,Clear,DRY,Medium,TRAFFIC SIGNAL,NONE DETECTED,Yes,No Apparent Injury,N/A,LOOKED BUT DID NOT SEE,VA,PICKUP TRUCK,ACCELERATING,45,No,2010,NISSAN,FRONTIER,39.12097133,-76.98827883,2023,5,21
23000916,Property Damage Crash,05/16/2023 08:10:00 PM,NA,NA,OTHER,Clear,NA,Daylight,N/A,NONE DETECTED,Yes,No Apparent Injury,N/A,NOT DISTRACTED,MD,PASSENGER CAR,BACKING,25,No,2020,FORD,F250,39.06027933,-77.0497152,2023,5,20
23000916,Property Damage Crash,05/16/2023 08:10:00 PM,NA,NA,OTHER,Clear,NA,Daylight,N/A,NONE DETECTED,No,No Apparent Injury,N/A,NOT DISTRACTED,MD,PASSENGER CAR,CHANGING LANES,25,No,2013,TOYOTA,COROLLA,39.06027933,-77.0497152,2023,5,20
230023555,Property Damage Crash,05/16/2023 07:20:00 PM,RUGBY AVE,NA,STRAIGHT MOVEMENT ANGLE,Clear,DRY,Medium,N/A,NONE DETECTED,Yes,No Apparent Injury,N/A,LOOKED BUT DID NOT SEE,VA,VAN,MAKING RIGHT TURN,25,No,2021,HONDA,ODDYSSEY,38.9908325,-77.09825233,2023,5,19
230023555,Property Damage Crash,05/16/2023 07:20:00 PM,RUGBY AVE,NA,STRAIGHT MOVEMENT ANGLE,Clear,DRY,Medium,N/A,NONE DETECTED,No,No Apparent Injury,N/A,NOT DISTRACTED,MD,PASSENGER CAR,MOVING CONSTANT SPEED,25,No,2008,TOYT,COROLLA,38.9908325,-77.09825233,2023,5,19
230023534,Property Damage Crash,05/16/2023 05:58:00 PM,NA,NA,SAME DIRECTION SIDESWIPE,Rain,NA,Daylight,NO CONTROLS,NONE DETECTED,Yes,No Apparent Injury,"N/A, WET",NOT DISTRACTED,MD,POLICE VEHICLE/NON EMERGENCY,PARKING,15,No,2015,FORD,INTERCEPTOR,39.14557959,-77.1450656,2023,5,17
230023523,Property Damage Crash,05/16/2023 05:12:00 PM,TWINBROOK PKWY,NA,STRAIGHT MOVEMENT ANGLE,Cloudy,DRY,Daylight,TRAFFIC SIGNAL,NONE DETECTED,Yes,No Apparent Injury,N/A,UNKNOWN,MD,PASSENGER CAR,MOVING CONSTANT SPEED,35,No,2023,VOLKSWAGEN,TAOS,39.061561,-77.1164705,2023,5,17
230023523,Property Damage Crash,05/16/2023 05:12:00 PM,TWINBROOK PKWY,NA,STRAIGHT MOVEMENT ANGLE,Cloudy,DRY,Daylight,TRAFFIC SIGNAL,NONE DETECTED,Yes,No Apparent Injury,N/A,UNKNOWN,MD,PASSENGER CAR,MOVING CONSTANT SPEED,35,No,2009,HONDA,ACCORD,39.061561,-77.1164705,2023,5,17
230023521,Property Damage Crash,05/16/2023 04:57:00 PM,HUNGERFORD DR,NA,OTHER,Cloudy,DRY,Daylight,TRAFFIC SIGNAL,NONE DETECTED,Yes,No Apparent Injury,N/A,UNKNOWN,MD,TRANSIT BUS,CHANGING LANES,40,No,2017,GILLIG,BUS,39.103074,-77.155787,2023,5,16
230023521,Property Damage Crash,05/16/2023 04:57:00 PM,HUNGERFORD DR,NA,OTHER,Cloudy,DRY,Daylight,TRAFFIC SIGNAL,NONE DETECTED,No,No Apparent Injury,N/A,UNKNOWN,MD,PASSENGER CAR,MAKING RIGHT TURN,40,No,2006,VOLK,JETTA,39.103074,-77.155787,2023,5,16
230023524,Property Damage Crash,05/16/2023 04:55:00 PM,FREDERICK RD,NA,SAME DIR REAR END,Clear,DRY,Daylight,NO CONTROLS,NONE DETECTED,No,No Apparent Injury,N/A,NOT DISTRACTED,MD,PICKUP TRUCK,STARTING FROM LANE,40,No,2020,DODGE,TK,39.276015,-77.312215,2023,5,16
230022451,Property Damage Crash,05/16/2023 04:55:00 PM,16TH ST,NA,STRAIGHT MOVEMENT ANGLE,Clear,DRY,Daylight,TRAFFIC SIGNAL,NONE DETECTED,No,No Apparent Injury,N/A,NOT DISTRACTED,XX,PASSENGER CAR,MOVING CONSTANT SPEED,35,No,2021,CHRYSLER,300,38.9945868,-77.03636414,2023,5,16
230022451,Property Damage Crash,05/16/2023 04:55:00 PM,16TH ST,NA,STRAIGHT MOVEMENT ANGLE,Clear,DRY,Daylight,TRAFFIC SIGNAL,NONE DETECTED,Yes,No Apparent Injury,N/A,NOT DISTRACTED,NA,PASSENGER CAR,MOVING CONSTANT SPEED,35,No,2015,HYUNDAI,SONATA,38.9945868,-77.03636414,2023,5,16
230023524,Property Damage Crash,05/16/2023 04:55:00 PM,FREDERICK RD,NA,SAME DIR REAR END,Clear,DRY,Daylight,NO CONTROLS,NONE DETECTED,Yes,No Apparent Injury,N/A,NOT DISTRACTED,MD,(SPORT) UTILITY VEHICLE,MOVING CONSTANT SPEED,40,No,2008,NISS,TK,39.276015,-77.312215,2023,5,16
230022451,Property Damage Crash,05/16/2023 04:55:00 PM,16TH ST,NA,STRAIGHT MOVEMENT ANGLE,Clear,DRY,Daylight,TRAFFIC SIGNAL,NONE DETECTED,No,No Apparent Injury,N/A,NOT DISTRACTED,MD,PASSENGER CAR,MOVING CONSTANT SPEED,35,No,2020,HONDA,CIVIC,38.9945868,-77.03636414,2023,5,16
230023514,Injury Crash,05/16/2023 04:35:00 PM,NORBECK RD,NA,SAME DIRECTION SIDESWIPE,Cloudy,DRY,Daylight,TRAFFIC SIGNAL,NONE DETECTED,No,No Apparent Injury,N/A,NOT DISTRACTED,MD,PASSENGER CAR,MOVING CONSTANT SPEED,35,No,2007,HOND,PILOT,39.09517583,-77.11258283,2023,5,16
230023514,Injury Crash,05/16/2023 04:35:00 PM,NORBECK RD,NA,SAME DIRECTION SIDESWIPE,Cloudy,DRY,Daylight,TRAFFIC SIGNAL,NONE DETECTED,Yes,Possible Minor Injury,N/A,LOOKED BUT DID NOT SEE,MD,PASSENGER CAR,ACCELERATING,35,No,2021,HYUN,SANTA FE,39.09517583,-77.11258283,2023,5,16
230023515,Property Damage Crash,05/16/2023 04:33:00 PM,OLD GEORGETOWN RD,NA,SAME DIR REAR END,Clear,DRY,Daylight,TRAFFIC SIGNAL,NONE DETECTED,Yes,No Apparent Injury,N/A,LOOKED BUT DID NOT SEE,MD,TRANSIT BUS,STARTING FROM LANE,45,No,2019,GILG,BUS,39.02749167,-77.12641167,2023,5,16
230023515,Property Damage Crash,05/16/2023 04:33:00 PM,OLD GEORGETOWN RD,NA,SAME DIR REAR END,Clear,DRY,Daylight,TRAFFIC SIGNAL,NONE DETECTED,No,No Apparent Injury,N/A,NOT DISTRACTED,MD,PASSENGER CAR,STOPPED IN TRAFFIC LANE,45,No,2021,NISS,SD,39.02749167,-77.12641167,2023,5,16
230023504,Property Damage Crash,05/16/2023 04:15:00 PM,DEL RAY AVE,NA,SAME DIRECTION SIDESWIPE,Clear,DRY,Daylight,N/A,NONE DETECTED,No,No Apparent Injury,N/A,NOT DISTRACTED,DC,(SPORT) UTILITY VEHICLE,STARTING FROM PARKED,25,No,2018,TOYOTA,RAV4,38.98905767,-77.09967833,2023,5,16
230023504,Property Damage Crash,05/16/2023 04:15:00 PM,DEL RAY AVE,NA,SAME DIRECTION SIDESWIPE,Clear,DRY,Daylight,N/A,NONE DETECTED,Yes,No Apparent Injury,N/A,UNKNOWN,MD,(SPORT) UTILITY VEHICLE,MOVING CONSTANT SPEED,25,No,2016,LNDR,DISCOVERY,38.98905767,-77.09967833,2023,5,16
230023504,Property Damage Crash,05/16/2023 04:15:00 PM,DEL RAY AVE,NA,SAME DIRECTION SIDESWIPE,Clear,DRY,Daylight,N/A,NONE DETECTED,No,No Apparent Injury,N/A,NOT DISTRACTED,MD,(SPORT) UTILITY VEHICLE,PARKED,25,No,2021,VOLV,XC60,38.98905767,-77.09967833,2023,5,16
230023484,Property Damage Crash,05/16/2023 02:30:00 PM,NA,NA,STRAIGHT MOVEMENT ANGLE,Clear,NA,Daylight,NO CONTROLS,NONE DETECTED,Yes,No Apparent Injury,N/A,OTHER DISTRACTION,DC,PASSENGER CAR,PARKING,15,No,2013,LEXS,TK,38.969325,-77.13887833,2023,5,14
230023486,Property Damage Crash,05/16/2023 02:20:00 PM,NA,NA,STRAIGHT MOVEMENT ANGLE,Cloudy,NA,Daylight,N/A,NONE DETECTED,No,No Apparent Injury,N/A,NOT DISTRACTED,MD,SCHOOL BUS,PARKED,15,No,2020,THOMAS,BUS,39.18324167,-77.21562,2023,5,14
230023486,Property Damage Crash,05/16/2023 02:20:00 PM,NA,NA,STRAIGHT MOVEMENT ANGLE,Cloudy,NA,Daylight,N/A,NONE DETECTED,Yes,No Apparent Injury,N/A,NOT DISTRACTED,MD,(SPORT) UTILITY VEHICLE,STARTING FROM PARKED,15,No,2014,ACUR,TK,39.18324167,-77.21562,2023,5,14
230023471,Property Damage Crash,05/16/2023 01:22:00 PM,PINNACLE DR,NA,SAME DIRECTION RIGHT TURN,Clear,DRY,Daylight,NO CONTROLS,NONE DETECTED,No,No Apparent Injury,N/A,NOT DISTRACTED,MD,PASSENGER CAR,PARKED,0,No,2017,VOLKSWAGEN,TIGUAN,39.18171514,-77.26476364,2023,5,13
230023471,Property Damage Crash,05/16/2023 01:22:00 PM,PINNACLE DR,NA,SAME DIRECTION RIGHT TURN,Clear,DRY,Daylight,NO CONTROLS,NONE DETECTED,Yes,No Apparent Injury,N/A,LOOKED BUT DID NOT SEE,MD,OTHER,MAKING RIGHT TURN,25,No,2017,FORD,TRANSIT 150,39.18171514,-77.26476364,2023,5,13
230023447,Property Damage Crash,05/16/2023 12:24:00 PM,AMHERST AVE,NA,SAME DIR REAR END,Clear,DRY,Daylight,NO CONTROLS,NONE DETECTED,Yes,No Apparent Injury,N/A,NOT DISTRACTED,MD,POLICE VEHICLE/NON EMERGENCY,SLOWING OR STOPPING,25,No,2016,FORD,TAURUS,39.03731967,-77.048403,2023,5,12
230023431,Injury Crash,05/16/2023 10:50:00 AM,NA,PEDESTRIAN,OTHER,Clear,NA,Daylight,NO CONTROLS,NONE DETECTED,Unknown,No Apparent Injury,N/A,NOT DISTRACTED,MD,OTHER,BACKING,5,No,2013,JOHN DEERE,GATOR UTV,39.14307365,-77.2043583,2023,5,10
230023424,Injury Crash,05/16/2023 09:59:00 AM,FREDERICK RD,NA,SAME DIR REAR END,Clear,DRY,Daylight,NO CONTROLS,NONE DETECTED,Yes,No Apparent Injury,N/A,NOT DISTRACTED,MD,PASSENGER CAR,SLOWING OR STOPPING,30,No,2013,TOYT,UT,39.12501628,-77.18139082,2023,5,9
230023424,Injury Crash,05/16/2023 09:59:00 AM,FREDERICK RD,NA,SAME DIR REAR END,Clear,DRY,Daylight,NO CONTROLS,NONE DETECTED,No,Possible Minor Injury,N/A,NOT DISTRACTED,MD,PASSENGER CAR,STARTING FROM LANE,30,No,2012,CHEV,4S,39.12501628,-77.18139082,2023,5,9
230023417,Injury Crash,05/16/2023 09:30:00 AM,FREDERICK RD,NA,STRAIGHT MOVEMENT ANGLE,Clear,DRY,Daylight,TRAFFIC SIGNAL,NONE DETECTED,No,Possible Minor Injury,N/A,NOT DISTRACTED,MD,(SPORT) UTILITY VEHICLE,MOVING CONSTANT SPEED,30,No,2010,NISS,ROGUE,39.223205,-77.26031333,2023,5,9
230023417,Injury Crash,05/16/2023 09:30:00 AM,FREDERICK RD,NA,STRAIGHT MOVEMENT ANGLE,Clear,DRY,Daylight,TRAFFIC SIGNAL,NONE DETECTED,Yes,No Apparent Injury,N/A,UNKNOWN,MD,(SPORT) UTILITY VEHICLE,MOVING CONSTANT SPEED,40,No,2023,VOLK,ATLAS,39.223205,-77.26031333,2023,5,9
230023416,Injury Crash,05/16/2023 09:07:00 AM,BALTIMORE RD,BICYCLIST,STRAIGHT MOVEMENT ANGLE,Clear,DRY,Daylight,N/A,NONE DETECTED,Yes,No Apparent Injury,N/A,UNKNOWN,NA,PASSENGER CAR,ACCELERATING,30,No,2023,TOYOTA,SIENNA,39.09074562,-77.11497145,2023,5,9
230023422,Property Damage Crash,05/16/2023 09:00:00 AM,NA,NA,OTHER,Clear,NA,Daylight,NO CONTROLS,NONE DETECTED,Yes,No Apparent Injury,N/A,LOOKED BUT DID NOT SEE,PA,TRUCK TRACTOR,MOVING CONSTANT SPEED,10,No,2022,INTL,TRACTOR TRUCK,39.11319667,-77.23308167,2023,5,9
230023468,Property Damage Crash,05/16/2023 08:10:00 AM,FALLS RD,NA,SINGLE VEHICLE,Cloudy,DRY,Daylight,N/A,NONE DETECTED,Yes,No Apparent Injury,N/A,INATTENTIVE OR LOST IN THOUGHT,MD,(SPORT) UTILITY VEHICLE,MOVING CONSTANT SPEED,30,No,2010,MERZ,ML63,39.03479833,-77.19494667,2023,5,8
230023404,Property Damage Crash,05/16/2023 07:55:00 AM,MIDDLEBROOK RD,NA,SAME DIRECTION LEFT TURN,Clear,DRY,Daylight,TRAFFIC SIGNAL,NONE DETECTED,Yes,No Apparent Injury,N/A,UNKNOWN,VA,PASSENGER CAR,CHANGING LANES,40,No,2011,TOYOTA,PRIUS,39.17514524,-77.25340157,2023,5,7