Local Case Number,ACRS Report Type,Crash Date/Time,Road Name,Related Non-Motorist,Collision Type,Weather,Surface Condition,Light,Traffic Control,Driver Substance Abuse,Driver At Fault,Injury Severity,Circumstance,Driver Distracted By,Drivers License State,Vehicle Body Type,Vehicle Movement,Speed Limit,Driverless Vehicle,Vehicle Year,Vehicle Make,Vehicle Model,Latitude,Longitude,Year,Month,Hour
230023052,Injury Crash,05/14/2023 12:30:00 AM,UNIVERSITY BLVD E,NA,SAME DIR REAR END,Clear,DRY,Dark,TRAFFIC SIGNAL,NONE DETECTED,No,No Apparent Injury,N/A,NOT DISTRACTED,MD,PASSENGER CAR,STOPPED IN TRAFFIC LANE,35,No,2006,ACURA,TXS,38.9995,-76.99565,2023,5,0
230023052,Injury Crash,05/14/2023 12:30:00 AM,UNIVERSITY BLVD E,NA,SAME DIR REAR END,Clear,DRY,Dark,TRAFFIC SIGNAL,NONE DETECTED,Yes,No Apparent Injury,N/A,NOT DISTRACTED,NA,NA,MOVING CONSTANT SPEED,35,No,0,UNKNOWN,UNKNOWN,38.9995,-76.99565,2023,5,0
230023050,Property Damage Crash,05/14/2023 12:05:00 AM,GEORGIA AVE,NA,SINGLE VEHICLE,Clear,DRY,Medium,NO CONTROLS,NONE DETECTED,Yes,No Apparent Injury,N/A,NOT DISTRACTED,MD,PASSENGER CAR,NEGOTIATING A CURVE,35,No,2015,CHEVY,CAMERO,39.19615215,-77.06709591,2023,5,0
230023045,Property Damage Crash,05/13/2023 10:30:00 PM,FENTON ST,NA,SAME DIRECTION LEFT TURN,Clear,DRY,Medium,NO CONTROLS,NONE DETECTED,No,No Apparent Injury,N/A,NOT DISTRACTED,MD,PASSENGER CAR,MOVING CONSTANT SPEED,25,No,2018,HONDA,CIVIC,38.99255504,-77.0241593,2023,5,22
230023045,Property Damage Crash,05/13/2023 10:30:00 PM,FENTON ST,NA,SAME DIRECTION LEFT TURN,Clear,DRY,Medium,NO CONTROLS,NONE DETECTED,Yes,No Apparent Injury,N/A,UNKNOWN,NA,PASSENGER CAR,STARTING FROM PARKED,25,No,2012,CHEVROLET,EQUINOX,38.99255504,-77.0241593,2023,5,22
230023043,Injury Crash,05/13/2023 09:48:00 PM,NORBECK RD,NA,SAME DIR REAR END,Clear,WET,Medium,TRAFFIC SIGNAL,NONE DETECTED,No,Possible Minor Injury,N/A,NOT DISTRACTED,MD,PASSENGER CAR,STARTING FROM LANE,40,No,2016,LEXUS,IS300,39.09534167,-77.1123,2023,5,21
230023043,Injury Crash,05/13/2023 09:48:00 PM,NORBECK RD,NA,SAME DIR REAR END,Clear,WET,Medium,TRAFFIC SIGNAL,NONE DETECTED,Yes,No Apparent Injury,N/A,UNKNOWN,MD,PASSENGER CAR,MOVING CONSTANT SPEED,40,No,2013,DODGE,DART,39.09534167,-77.1123,2023,5,21
230023040,Property Damage Crash,05/13/2023 09:26:00 PM,SPENCERVILLE RD,NA,SINGLE VEHICLE,Clear,DRY,Medium,NO CONTROLS,NONE DETECTED,Yes,No Apparent Injury,N/A,UNKNOWN,NA,PASSENGER CAR,MOVING CONSTANT SPEED,40,No,2009,HONDA,ACCORD,39.117995,-76.98019333,2023,5,21
230023038,Property Damage Crash,05/13/2023 09:04:00 PM,BEL PRE RD,NA,SAME DIR REND LEFT TURN,Clear,DRY,Medium,NO CONTROLS,NONE DETECTED,No,No Apparent Injury,N/A,NOT DISTRACTED,MD,PASSENGER CAR,STOPPED IN TRAFFIC LANE,35,No,2019,TOYOTA,HIGHLANDER,39.09134783,-77.0662865,2023,5,21
230023038,Property Damage Crash,05/13/2023 09:04:00 PM,BEL PRE RD,NA,SAME DIR REND LEFT TURN,Clear,DRY,Medium,NO CONTROLS,NONE DETECTED,No,No Apparent Injury,N/A,NOT DISTRACTED,MD,PASSENGER CAR,SLOWING OR STOPPING,35,No,2022,HONDA,CIVIC,39.09134783,-77.0662865,2023,5,21
230023038,Property Damage Crash,05/13/2023 09:04:00 PM,BEL PRE RD,NA,SAME DIR REND LEFT TURN,Clear,DRY,Medium,NO CONTROLS,NONE DETECTED,Yes,No Apparent Injury,N/A,UNKNOWN,MD,PICKUP TRUCK,MOVING CONSTANT SPEED,35,No,2021,RAM,1500,39.09134783,-77.0662865,2023,5,21
230023031,Property Damage Crash,05/13/2023 07:47:00 PM,NA,NA,STRAIGHT MOVEMENT ANGLE,Rain,NA,Daylight,STOP SIGN,NONE DETECTED,Yes,No Apparent Injury,"N/A, RAIN, SNOW",UNKNOWN,VA,PASSENGER CAR,ACCELERATING,5,No,2021,SUBARU,WRX,39.05542795,-77.11736271,2023,5,19
230023031,Property Damage Crash,05/13/2023 07:47:00 PM,NA,NA,STRAIGHT MOVEMENT ANGLE,Rain,NA,Daylight,STOP SIGN,NONE DETECTED,No,No Apparent Injury,"N/A, RAIN, SNOW",UNKNOWN,NA,PASSENGER CAR,MOVING CONSTANT SPEED,5,No,2012,FORD,4D,39.05542795,-77.11736271,2023,5,19
230023015,Property Damage Crash,05/13/2023 05:34:00 PM,BALTIMORE RD,NA,SAME DIR REAR END,Rain,WET,Daylight,N/A,NONE DETECTED,No,No Apparent Injury,"RAIN, SNOW, WET",NOT DISTRACTED,MD,PASSENGER CAR,SLOWING OR STOPPING,30,No,2012,FORD,4S,39.093435,-77.11344167,2023,5,17
230023015,Property Damage Crash,05/13/2023 05:34:00 PM,BALTIMORE RD,NA,SAME DIR REAR END,Rain,WET,Daylight,N/A,NONE DETECTED,Yes,No Apparent Injury,"RAIN, SNOW, WET",NOT DISTRACTED,VA,UNKNOWN,SLOWING OR STOPPING,30,No,1988,GRUMMAN ALLIED,LLV-A,39.093435,-77.11344167,2023,5,17
230023009,Property Damage Crash,05/13/2023 04:40:00 PM,W DIAMOND AVE,NA,STRAIGHT MOVEMENT ANGLE,Rain,WET,Daylight,NO CONTROLS,NONE DETECTED,Yes,No Apparent Injury,"N/A, WET",LOOKED BUT DID NOT SEE,MD,PASSENGER CAR,MAKING LEFT TURN,30,No,2003,TOYOTA,TACOMA,39.1398465,-77.20620993,2023,5,16
230023009,Property Damage Crash,05/13/2023 04:40:00 PM,W DIAMOND AVE,NA,STRAIGHT MOVEMENT ANGLE,Rain,WET,Daylight,NO CONTROLS,NONE DETECTED,No,No Apparent Injury,"N/A, WET",NOT DISTRACTED,MD,PASSENGER CAR,MOVING CONSTANT SPEED,30,No,2015,NISSAN,ROGUE,39.1398465,-77.20620993,2023,5,16
230023008,Property Damage Crash,05/13/2023 04:35:00 PM,SNOUFFERS SCHOOL RD,NA,HEAD ON LEFT TURN,Rain,WET,Daylight,STOP SIGN,NONE DETECTED,No,No Apparent Injury,"RAIN, SNOW, WET",NOT DISTRACTED,MD,"CARGO VAN/LIGHT TRUCK 2 AXLES (OVER 10,000LBS (4,536 KG))",MOVING CONSTANT SPEED,35,No,2013,TOYOTA,TACOMA,39.18700667,-77.18546,2023,5,16
230023008,Property Damage Crash,05/13/2023 04:35:00 PM,SNOUFFERS SCHOOL RD,NA,HEAD ON LEFT TURN,Rain,WET,Daylight,STOP SIGN,NONE DETECTED,Yes,No Apparent Injury,"RAIN, SNOW, WET",LOOKED BUT DID NOT SEE,MD,"CARGO VAN/LIGHT TRUCK 2 AXLES (OVER 10,000LBS (4,536 KG))",MAKING LEFT TURN,35,No,1996,FORD,F150,39.18700667,-77.18546,2023,5,16
230023000,Injury Crash,05/13/2023 04:30:00 PM,GEORGIA AVE,NA,SAME DIR REAR END,Rain,WET,Daylight,TRAFFIC SIGNAL,NONE DETECTED,No,No Apparent Injury,"RAIN, SNOW, WET",NOT DISTRACTED,MD,PASSENGER CAR,SLOWING OR STOPPING,25,No,2015,NISSAN,SENTRA,39.04299,-77.05184,2023,5,16
230023000,Injury Crash,05/13/2023 04:30:00 PM,GEORGIA AVE,NA,SAME DIR REAR END,Rain,WET,Daylight,TRAFFIC SIGNAL,NONE DETECTED,Yes,No Apparent Injury,"RAIN, SNOW, WET",NOT DISTRACTED,MD,PASSENGER CAR,MOVING CONSTANT SPEED,25,No,2013,DODGE,RAM,39.04299,-77.05184,2023,5,16
230023000,Injury Crash,05/13/2023 04:30:00 PM,GEORGIA AVE,NA,SAME DIR REAR END,Rain,WET,Daylight,TRAFFIC SIGNAL,NONE DETECTED,No,Possible Minor Injury,"RAIN, SNOW, WET",NOT DISTRACTED,MD,PASSENGER CAR,SLOWING OR STOPPING,25,No,2011,JEEP,TK,39.04299,-77.05184,2023,5,16
230022998,Property Damage Crash,05/13/2023 03:42:00 PM,CLARKSBURG RD,NA,SINGLE VEHICLE,Rain,WET,Daylight,NO CONTROLS,NONE DETECTED,Yes,No Apparent Injury,"RAIN, SNOW, WET",UNKNOWN,MD,PASSENGER CAR,MOVING CONSTANT SPEED,40,No,1999,SAAB,4S,39.263365,-77.28183167,2023,5,15
230022980,Property Damage Crash,05/13/2023 01:17:00 PM,CONNECTICUT AVE,NA,SAME DIRECTION SIDESWIPE,Rain,WET,Daylight,NO CONTROLS,NONE DETECTED,Yes,No Apparent Injury,N/A,UNKNOWN,NA,PASSENGER CAR,MOVING CONSTANT SPEED,30,No,2020,ACURA,MDX,38.98087833,-77.07685333,2023,5,13
230022980,Property Damage Crash,05/13/2023 01:17:00 PM,CONNECTICUT AVE,NA,SAME DIRECTION SIDESWIPE,Rain,WET,Daylight,NO CONTROLS,NONE DETECTED,No,No Apparent Injury,N/A,NOT DISTRACTED,MD,PASSENGER CAR,MOVING CONSTANT SPEED,30,No,2012,HONDA,ACCORD,38.98087833,-77.07685333,2023,5,13
230022978,Property Damage Crash,05/13/2023 12:30:00 PM,NA,NA,OTHER,Rain,NA,Daylight,N/A,NONE DETECTED,No,No Apparent Injury,"RAIN, SNOW, WET",NOT DISTRACTED,MD,PASSENGER CAR,BACKING,15,No,2020,VOLVO,XC40,39.03617325,-77.05497597,2023,5,12
230022978,Property Damage Crash,05/13/2023 12:30:00 PM,NA,NA,OTHER,Rain,NA,Daylight,N/A,NONE DETECTED,Yes,No Apparent Injury,"RAIN, SNOW, WET",UNKNOWN,NA,PASSENGER CAR,MOVING CONSTANT SPEED,15,No,2013,TOYOTA,VENZA,39.03617325,-77.05497597,2023,5,12
230024914,Property Damage Crash,05/13/2023 11:00:00 AM,E RANDOLPH RD,NA,OTHER,Clear,DRY,Daylight,NO CONTROLS,NONE DETECTED,No,No Apparent Injury,N/A,NOT DISTRACTED,MD,(SPORT) UTILITY VEHICLE,MAKING LEFT TURN,40,No,2015,JEEP,RENEGADE,39.0745638,-76.99234719,2023,5,11
230024914,Property Damage Crash,05/13/2023 11:00:00 AM,E RANDOLPH RD,NA,OTHER,Clear,DRY,Daylight,NO CONTROLS,NONE DETECTED,Yes,No Apparent Injury,N/A,UNKNOWN,MD,PASSENGER CAR,MAKING LEFT TURN,35,No,2018,NISSAN,ALTIMA,39.0745638,-76.99234719,2023,5,11
230022963,Property Damage Crash,05/13/2023 10:39:00 AM,NA,NA,OTHER,Cloudy,NA,Daylight,NO CONTROLS,NONE DETECTED,Yes,No Apparent Injury,N/A,UNKNOWN,MD,PASSENGER CAR,MAKING RIGHT TURN,10,No,2017,CHEV,PICKUP,39.13546723,-77.17772055,2023,5,10
230022957,Property Damage Crash,05/13/2023 10:30:00 AM,BEL PRE RD,NA,STRAIGHT MOVEMENT ANGLE,Cloudy,WET,Daylight,NO CONTROLS,NONE DETECTED,No,No Apparent Injury,"RAIN, SNOW, WET",NOT DISTRACTED,MD,PASSENGER CAR,MOVING CONSTANT SPEED,35,No,2019,TOYT,TK,39.09022333,-77.05368333,2023,5,10
230022957,Property Damage Crash,05/13/2023 10:30:00 AM,BEL PRE RD,NA,STRAIGHT MOVEMENT ANGLE,Cloudy,WET,Daylight,NO CONTROLS,NONE DETECTED,Yes,No Apparent Injury,"RAIN, SNOW, WET",LOOKED BUT DID NOT SEE,VA,PASSENGER CAR,STARTING FROM LANE,35,No,2014,JEEP,SUV,39.09022333,-77.05368333,2023,5,10
230022957,Property Damage Crash,05/13/2023 10:30:00 AM,BEL PRE RD,NA,STRAIGHT MOVEMENT ANGLE,Cloudy,WET,Daylight,NO CONTROLS,NONE DETECTED,No,No Apparent Injury,"RAIN, SNOW, WET",NOT DISTRACTED,MD,PASSENGER CAR,MOVING CONSTANT SPEED,35,No,2005,HOND,UT,39.09022333,-77.05368333,2023,5,10
230022949,Property Damage Crash,05/13/2023 09:30:00 AM,E GUDE DR,NA,SAME DIR REAR END,Rain,WET,Daylight,TRAFFIC SIGNAL,NONE DETECTED,Yes,No Apparent Injury,"RAIN, SNOW, WET",NOT DISTRACTED,MD,VAN,SLOWING OR STOPPING,35,No,2017,TOYOTA,SIENNA,39.10658,-77.15116667,2023,5,9
230022949,Property Damage Crash,05/13/2023 09:30:00 AM,E GUDE DR,NA,SAME DIR REAR END,Rain,WET,Daylight,TRAFFIC SIGNAL,NONE DETECTED,No,No Apparent Injury,"RAIN, SNOW, WET",NOT DISTRACTED,MD,PICKUP TRUCK,STOPPED IN TRAFFIC LANE,35,No,2004,CHEVROLET,SILVERADO,39.10658,-77.15116667,2023,5,9
230022947,Injury Crash,05/13/2023 09:15:00 AM,GEORGIA AVE,BICYCLIST,OTHER,Cloudy,DRY,Daylight,TRAFFIC SIGNAL,NONE DETECTED,Yes,No Apparent Injury,N/A,LOOKED BUT DID NOT SEE,MD,PASSENGER CAR,RIGHT TURN ON RED,35,No,2014,GMC,UT,39.08445267,-77.07783433,2023,5,9
230022943,Property Damage Crash,05/13/2023 08:20:00 AM,RANDOLPH RD,NA,STRAIGHT MOVEMENT ANGLE,Clear,DRY,Daylight,TRAFFIC SIGNAL,NONE DETECTED,No,No Apparent Injury,N/A,NOT DISTRACTED,MD,PASSENGER CAR,MAKING LEFT TURN,40,No,2005,HONDA,CRV,39.06600687,-77.02278373,2023,5,8
230022943,Property Damage Crash,05/13/2023 08:20:00 AM,RANDOLPH RD,NA,STRAIGHT MOVEMENT ANGLE,Clear,DRY,Daylight,TRAFFIC SIGNAL,NONE DETECTED,Yes,No Apparent Injury,N/A,LOOKED BUT DID NOT SEE,MD,PASSENGER CAR,MOVING CONSTANT SPEED,40,No,2006,BUIC,SE,39.06600687,-77.02278373,2023,5,8
230022943,Property Damage Crash,05/13/2023 08:20:00 AM,RANDOLPH RD,NA,STRAIGHT MOVEMENT ANGLE,Clear,DRY,Daylight,TRAFFIC SIGNAL,NONE DETECTED,No,No Apparent Injury,N/A,NOT DISTRACTED,MD,PASSENGER CAR,STOPPED IN TRAFFIC LANE,40,No,2021,MERZ,UT,39.06600687,-77.02278373,2023,5,8
230022942,Property Damage Crash,05/13/2023 08:08:00 AM,TRAVILAH RD,NA,STRAIGHT MOVEMENT ANGLE,Clear,DRY,Daylight,TRAFFIC SIGNAL,NONE DETECTED,Yes,No Apparent Injury,N/A,UNKNOWN,MD,PASSENGER CAR,MAKING RIGHT TURN,35,No,2016,JEEP,PATRIOT,39.09605917,-77.20741183,2023,5,8
230022940,Injury Crash,05/13/2023 08:08:00 AM,NEW HAMPSHIRE AVE,NA,STRAIGHT MOVEMENT ANGLE,Cloudy,WET,Daylight,NO CONTROLS,NONE DETECTED,No,Possible Minor Injury,"N/A, WET",NOT DISTRACTED,MD,(SPORT) UTILITY VEHICLE,MAKING LEFT TURN,40,No,2019,HYUNDIA,TUCSON,39.06163367,-76.99825367,2023,5,8
230022940,Injury Crash,05/13/2023 08:08:00 AM,NEW HAMPSHIRE AVE,NA,STRAIGHT MOVEMENT ANGLE,Cloudy,WET,Daylight,NO CONTROLS,NONE DETECTED,Yes,No Apparent Injury,"N/A, WET",NOT DISTRACTED,MD,PASSENGER CAR,SLOWING OR STOPPING,40,No,2009,TOYOTA,CAMRY,39.06163367,-76.99825367,2023,5,8
230022942,Property Damage Crash,05/13/2023 08:08:00 AM,TRAVILAH RD,NA,STRAIGHT MOVEMENT ANGLE,Clear,DRY,Daylight,TRAFFIC SIGNAL,NONE DETECTED,No,No Apparent Injury,N/A,NOT DISTRACTED,MD,PASSENGER CAR,STOPPED IN TRAFFIC LANE,35,No,2022,CHEV,UT,39.09605917,-77.20741183,2023,5,8
230022935,Property Damage Crash,05/13/2023 05:59:00 AM,GEORGIA AVE,NA,SINGLE VEHICLE,Cloudy,DRY,Dark,TRAFFIC SIGNAL,NONE DETECTED,Yes,No Apparent Injury,N/A,UNKNOWN,NA,PASSENGER CAR,UNKNOWN,30,No,2014,CHEVROLET,CRUZE,39.23134,-77.281955,2023,5,5
230022931,Property Damage Crash,05/13/2023 03:58:00 AM,CONNECTICUT AVE,NA,SAME DIR REAR END,Clear,DRY,Medium,TRAFFIC SIGNAL,NONE DETECTED,Yes,No Apparent Injury,N/A,INATTENTIVE OR LOST IN THOUGHT,MD,PASSENGER CAR,ACCELERATING,35,No,2019,VOLKSWAGON,GTI,38.98767833,-77.07722,2023,5,3
230022931,Property Damage Crash,05/13/2023 03:58:00 AM,CONNECTICUT AVE,NA,SAME DIR REAR END,Clear,DRY,Medium,TRAFFIC SIGNAL,NONE DETECTED,No,No Apparent Injury,N/A,NOT DISTRACTED,DC,(SPORT) UTILITY VEHICLE,STOPPED IN TRAFFIC LANE,35,No,2020,AUDI,Q3,38.98767833,-77.07722,2023,5,3
230022929,Injury Crash,05/13/2023 03:31:00 AM,ASHTON RD,NA,SINGLE VEHICLE,Clear,DRY,Dark,NO CONTROLS,NONE DETECTED,Yes,No Apparent Injury,"DEBRIS OR OBSTRUCTION, V WIPERS|W OTHER ENVIRONMENTAL",NOT DISTRACTED,MD,(SPORT) UTILITY VEHICLE,MOVING CONSTANT SPEED,45,No,2015,TOYT,RAV4,39.15416359,-77.00256322,2023,5,3
230022903,Injury Crash,05/12/2023 11:00:00 PM,SOUTHAMPTON DR,NA,STRAIGHT MOVEMENT ANGLE,Clear,DRY,Medium,STOP SIGN,NONE DETECTED,Yes,Possible Minor Injury,N/A,UNKNOWN,MD,PASSENGER CAR,MOVING CONSTANT SPEED,35,No,2016,SCION,IA,39.00620197,-76.98444899,2023,5,23
230022903,Injury Crash,05/12/2023 11:00:00 PM,SOUTHAMPTON DR,NA,STRAIGHT MOVEMENT ANGLE,Clear,DRY,Medium,STOP SIGN,NONE DETECTED,No,No Apparent Injury,N/A,NOT DISTRACTED,MD,PICKUP TRUCK,MOVING CONSTANT SPEED,35,No,2011,CHEVY,SILVERADO,39.00620197,-76.98444899,2023,5,23
230022902,Property Damage Crash,05/12/2023 10:18:00 PM,NA,NA,SAME DIRECTION SIDESWIPE,Clear,NA,Medium,NO CONTROLS,NONE DETECTED,Yes,No Apparent Injury,N/A,UNKNOWN,NA,PASSENGER CAR,PARKING,10,No,2000,HONDA,CIVIC,38.99802369,-77.02519648,2023,5,22
230022721,Property Damage Crash,05/12/2023 09:45:00 PM,GREAT PARK CIRCLE,NA,SAME DIR REAR END,Clear,DRY,Medium,NO CONTROLS,NONE DETECTED,Yes,No Apparent Injury,N/A,NOT DISTRACTED,MD,PASSENGER CAR,MOVING CONSTANT SPEED,15,No,2009,INFINITY,G37,39.20328583,-77.257508,2023,5,21
230022721,Property Damage Crash,05/12/2023 09:45:00 PM,GREAT PARK CIRCLE,NA,SAME DIR REAR END,Clear,DRY,Medium,NO CONTROLS,NONE DETECTED,No,No Apparent Injury,N/A,NOT DISTRACTED,WA,PASSENGER CAR,PARKING,15,No,2023,TOYOTA,CAMERY,39.20328583,-77.257508,2023,5,21
230022897,Property Damage Crash,05/12/2023 09:23:00 PM,CAPITAL BELTWAY,NA,SAME DIR REND RIGHT TURN,Clear,DRY,Medium,NO CONTROLS,NONE DETECTED,No,No Apparent Injury,N/A,NOT DISTRACTED,MD,PASSENGER CAR,MOVING CONSTANT SPEED,55,No,2020,INFINITI,QX60,38.98921833,-77.1570925,2023,5,21
230022897,Property Damage Crash,05/12/2023 09:23:00 PM,CAPITAL BELTWAY,NA,SAME DIR REND RIGHT TURN,Clear,DRY,Medium,NO CONTROLS,NONE DETECTED,Yes,No Apparent Injury,N/A,NOT DISTRACTED,MD,(SPORT) UTILITY VEHICLE,CHANGING LANES,55,No,2007,CHEV,UT,38.98921833,-77.1570925,2023,5,21
230022865,Injury Crash,05/12/2023 06:13:00 PM,FLOWER AVE,PEDESTRIAN,SINGLE VEHICLE,Clear,DRY,Daylight,N/A,NONE DETECTED,Yes,No Apparent Injury,N/A,OTHER DISTRACTION,NA,PASSENGER CAR,MOVING CONSTANT SPEED,35,No,1994,TOYOTA,COROLLA,39.027421,-77.00449083,2023,5,18
230022857,Injury Crash,05/12/2023 05:04:00 PM,FREDERICK RD,NA,HEAD ON LEFT TURN,Clear,DRY,Daylight,NO CONTROLS,NONE DETECTED,Yes,No Apparent Injury,N/A,UNKNOWN,MD,PASSENGER CAR,MOVING CONSTANT SPEED,40,No,2005,TOYOTA,AVALON,39.25556567,-77.30189133,2023,5,17
230022857,Injury Crash,05/12/2023 05:04:00 PM,FREDERICK RD,NA,HEAD ON LEFT TURN,Clear,DRY,Daylight,NO CONTROLS,NONE DETECTED,No,Possible Minor Injury,N/A,NOT DISTRACTED,MD,PASSENGER CAR,MOVING CONSTANT SPEED,40,No,2019,NISSAN,ROGUE,39.25556567,-77.30189133,2023,5,17
230022852,Injury Crash,05/12/2023 05:00:00 PM,STEDWICK RD,PEDESTRIAN,OTHER,Clear,DRY,Daylight,NO CONTROLS,NONE DETECTED,Yes,No Apparent Injury,N/A,UNKNOWN,NA,NA,UNKNOWN,15,No,0,UNKNOWN,UNKNOWN,39.17096343,-77.21288113,2023,5,17
230022853,Property Damage Crash,05/12/2023 04:44:00 PM,GEORGIA AVE,NA,SAME DIR REAR END,Clear,DRY,Daylight,TRAFFIC SIGNAL,NONE DETECTED,No,No Apparent Injury,N/A,NOT DISTRACTED,MD,PASSENGER CAR,STOPPED IN TRAFFIC LANE,30,No,2020,NISSIAN,PK,39.22285733,-77.05950967,2023,5,16
230022853,Property Damage Crash,05/12/2023 04:44:00 PM,GEORGIA AVE,NA,SAME DIR REAR END,Clear,DRY,Daylight,TRAFFIC SIGNAL,NONE DETECTED,Yes,No Apparent Injury,N/A,UNKNOWN,MD,PASSENGER CAR,MOVING CONSTANT SPEED,30,No,2009,SUBARU,FORESTER,39.22285733,-77.05950967,2023,5,16
230022835,Injury Crash,05/12/2023 03:53:00 PM,MARKET ST E,NA,STRAIGHT MOVEMENT ANGLE,Clear,DRY,Daylight,STOP SIGN,NONE DETECTED,No,Possible Minor Injury,N/A,UNKNOWN,MD,PASSENGER CAR,MOVING CONSTANT SPEED,25,No,2022,HONDA,CIVIC,39.11668167,-77.230475,2023,5,15
230022835,Injury Crash,05/12/2023 03:53:00 PM,MARKET ST E,NA,STRAIGHT MOVEMENT ANGLE,Clear,DRY,Daylight,STOP SIGN,NONE DETECTED,Yes,No Apparent Injury,N/A,UNKNOWN,FL,OTHER,ACCELERATING,25,No,2000,FORD,POSTAL TRUCK,39.11668167,-77.230475,2023,5,15
230022873,Property Damage Crash,05/12/2023 03:00:00 PM,NA,NA,OTHER,Clear,NA,Daylight,NO CONTROLS,NONE DETECTED,Yes,No Apparent Injury,N/A,UNKNOWN,NA,PASSENGER CAR,STARTING FROM PARKED,35,No,2018,JEEP,COMPASS,39.17150709,-77.20474898,2023,5,15
230022822,Injury Crash,05/12/2023 02:52:00 PM,FREDERICK RD,NA,HEAD ON LEFT TURN,Clear,DRY,Daylight,TRAFFIC SIGNAL,NONE DETECTED,No,No Apparent Injury,N/A,NOT DISTRACTED,VA,(SPORT) UTILITY VEHICLE,MOVING CONSTANT SPEED,45,No,2021,HONDA,HRV,39.19818191,-77.24504222,2023,5,14
230022822,Injury Crash,05/12/2023 02:52:00 PM,FREDERICK RD,NA,HEAD ON LEFT TURN,Clear,DRY,Daylight,TRAFFIC SIGNAL,NONE DETECTED,Yes,Possible Minor Injury,N/A,LOOKED BUT DID NOT SEE,MD,(SPORT) UTILITY VEHICLE,MAKING LEFT TURN,45,No,2006,CADILLAC,ESCALADE,39.19818191,-77.24504222,2023,5,14
230022823,Property Damage Crash,05/12/2023 02:49:00 PM,CHERRY HILL RD,NA,STRAIGHT MOVEMENT ANGLE,Clear,DRY,Daylight,TRAFFIC SIGNAL,NONE DETECTED,No,No Apparent Injury,N/A,LOOKED BUT DID NOT SEE,MD,PASSENGER CAR,MOVING CONSTANT SPEED,45,No,2016,HYUNDAI,SONATA,39.05639568,-76.95431882,2023,5,14
230022823,Property Damage Crash,05/12/2023 02:49:00 PM,CHERRY HILL RD,NA,STRAIGHT MOVEMENT ANGLE,Clear,DRY,Daylight,TRAFFIC SIGNAL,NONE DETECTED,Yes,No Apparent Injury,N/A,NOT DISTRACTED,MD,PASSENGER CAR,MAKING LEFT TURN,45,No,2012,NISSAN,ARMADA,39.05639568,-76.95431882,2023,5,14
230022799,Property Damage Crash,05/12/2023 01:00:00 PM,CONNECTICUT AVE,NA,SAME DIR REAR END,Clear,DRY,Daylight,NO CONTROLS,NONE DETECTED,Yes,No Apparent Injury,N/A,NOT DISTRACTED,MD,PASSENGER CAR,SLOWING OR STOPPING,35,No,2016,HOND,4S,39.00358667,-77.077315,2023,5,13
230022799,Property Damage Crash,05/12/2023 01:00:00 PM,CONNECTICUT AVE,NA,SAME DIR REAR END,Clear,DRY,Daylight,NO CONTROLS,NONE DETECTED,No,No Apparent Injury,N/A,NOT DISTRACTED,MD,PASSENGER CAR,STOPPED IN TRAFFIC LANE,35,No,2022,KIA,UT,39.00358667,-77.077315,2023,5,13
230022786,Property Damage Crash,05/12/2023 12:00:00 PM,UNIVERSITY BLVD W,NA,STRAIGHT MOVEMENT ANGLE,Clear,DRY,Daylight,STOP SIGN,NONE DETECTED,No,No Apparent Injury,N/A,NOT DISTRACTED,MD,PASSENGER CAR,MOVING CONSTANT SPEED,35,No,2018,DODGE,CARAVAN,39.03266833,-77.07386333,2023,5,12
230022786,Property Damage Crash,05/12/2023 12:00:00 PM,UNIVERSITY BLVD W,NA,STRAIGHT MOVEMENT ANGLE,Clear,DRY,Daylight,STOP SIGN,NONE DETECTED,Yes,No Apparent Injury,N/A,LOOKED BUT DID NOT SEE,MD,PASSENGER CAR,STARTING FROM LANE,10,No,2020,TOYOTA,RAV4,39.03266833,-77.07386333,2023,5,12
230022779,Injury Crash,05/12/2023 11:42:00 AM,ARCOLA AVE,NA,SAME DIR REAR END,Clear,DRY,Daylight,TRAFFIC SIGNAL,NONE DETECTED,No,Possible Minor Injury,N/A,NOT DISTRACTED,MD,(SPORT) UTILITY VEHICLE,STOPPED IN TRAFFIC LANE,25,No,2012,TOYOTA,RAV4,39.04475,-77.031285,2023,5,11
230022779,Injury Crash,05/12/2023 11:42:00 AM,ARCOLA AVE,NA,SAME DIR REAR END,Clear,DRY,Daylight,TRAFFIC SIGNAL,NONE DETECTED,Yes,No Apparent Injury,N/A,LOOKED BUT DID NOT SEE,MD,VAN,STARTING FROM LANE,25,No,2016,TOYOTA,SIENNA,39.04475,-77.031285,2023,5,11
230022752,Injury Crash,05/12/2023 10:50:00 AM,WATERS LANDING DR,NA,SAME DIR REAR END,Clear,DRY,Daylight,NO CONTROLS,NONE DETECTED,Yes,Possible Minor Injury,N/A,NOT DISTRACTED,MD,PASSENGER CAR,MOVING CONSTANT SPEED,40,No,2014,TOYT,4S,39.18417667,-77.26313,2023,5,10
230022769,Injury Crash,05/12/2023 10:12:00 AM,VEIRS MILL RD,NA,SAME DIRECTION SIDESWIPE,Clear,DRY,Daylight,N/A,NONE DETECTED,Yes,Possible Minor Injury,N/A,OTHER DISTRACTION,MD,PASSENGER CAR,MOVING CONSTANT SPEED,35,No,2012,CHEVROLET,SONIC,39.05581667,-77.081485,2023,5,10
230022769,Injury Crash,05/12/2023 10:12:00 AM,VEIRS MILL RD,NA,SAME DIRECTION SIDESWIPE,Clear,DRY,Daylight,N/A,NONE DETECTED,No,No Apparent Injury,N/A,NOT DISTRACTED,MD,PASSENGER CAR,MOVING CONSTANT SPEED,35,No,2019,HONDA,ACCORD,39.05581667,-77.081485,2023,5,10
230022763,Injury Crash,05/12/2023 09:55:00 AM,OLD GEORGETOWN RD,NA,HEAD ON LEFT TURN,Clear,DRY,Daylight,TRAFFIC SIGNAL,NONE DETECTED,Yes,Possible Minor Injury,N/A,LOOKED BUT DID NOT SEE,MD,PASSENGER CAR,MAKING LEFT TURN,35,No,2013,TOYT,4S,39.04477426,-77.12055008,2023,5,9
230022763,Injury Crash,05/12/2023 09:55:00 AM,OLD GEORGETOWN RD,NA,HEAD ON LEFT TURN,Clear,DRY,Daylight,TRAFFIC SIGNAL,NONE DETECTED,No,Possible Minor Injury,N/A,NOT DISTRACTED,MD,PASSENGER CAR,MOVING CONSTANT SPEED,35,No,2013,FORD,ESCAPE,39.04477426,-77.12055008,2023,5,9
230022756,Property Damage Crash,05/12/2023 09:27:00 AM,SECOND AVE,NA,STRAIGHT MOVEMENT ANGLE,Clear,DRY,Daylight,STOP SIGN,NONE DETECTED,Yes,No Apparent Injury,N/A,NOT DISTRACTED,UT,(SPORT) UTILITY VEHICLE,STARTING FROM LANE,25,No,2023,NISSAN,UT,39.00419167,-77.04106167,2023,5,9
230022756,Property Damage Crash,05/12/2023 09:27:00 AM,SECOND AVE,NA,STRAIGHT MOVEMENT ANGLE,Clear,DRY,Daylight,STOP SIGN,NONE DETECTED,No,No Apparent Injury,N/A,NOT DISTRACTED,MD,(SPORT) UTILITY VEHICLE,MOVING CONSTANT SPEED,25,No,2016,KIA,SORENTO,39.00419167,-77.04106167,2023,5,9
230022746,Injury Crash,05/12/2023 08:16:00 AM,OLNEY LAYTONSVILLE RD,NA,SAME DIR REAR END,Clear,DRY,Daylight,NO CONTROLS,NONE DETECTED,Yes,No Apparent Injury,N/A,NOT DISTRACTED,MD,PASSENGER CAR,MOVING CONSTANT SPEED,40,No,2019,FORD,FIESTA,39.159215,-77.07647667,2023,5,8