Local Case Number,ACRS Report Type,Crash Date/Time,Road Name,Related Non-Motorist,Collision Type,Weather,Surface Condition,Light,Traffic Control,Driver Substance Abuse,Driver At Fault,Injury Severity,Circumstance,Driver Distracted By,Drivers License State,Vehicle Body Type,Vehicle Movement,Speed Limit,Driverless Vehicle,Vehicle Year,Vehicle Make,Vehicle Model,Latitude,Longitude,Year,Month,Hour
230022746,Injury Crash,05/12/2023 08:16:00 AM,OLNEY LAYTONSVILLE RD,NA,SAME DIR REAR END,Clear,DRY,Daylight,NO CONTROLS,NONE DETECTED,No,Possible Minor Injury,N/A,NOT DISTRACTED,MD,PASSENGER CAR,STOPPED IN TRAFFIC LANE,40,No,2006,TOYOTA,COROLLA,39.159215,-77.07647667,2023,5,8
230022744,Property Damage Crash,05/12/2023 08:10:00 AM,JOHNSON AVE,NA,SINGLE VEHICLE,Clear,DRY,Daylight,NO CONTROLS,NONE DETECTED,Yes,No Apparent Injury,N/A,NOT DISTRACTED,MD,SCHOOL BUS,SLOWING OR STOPPING,25,No,2022,FRHT,SB,39.00574,-77.116563,2023,5,8
230022737,Property Damage Crash,05/12/2023 07:15:00 AM,NEW HAMPSHIRE AVE,NA,SAME DIRECTION SIDESWIPE,Clear,DRY,Daylight,N/A,NONE DETECTED,Yes,No Apparent Injury,N/A,UNKNOWN,NA,PASSENGER CAR,MOVING CONSTANT SPEED,30,No,2018,JEEP,WRANLER,39.04071686,-76.99121969,2023,5,7
230022737,Property Damage Crash,05/12/2023 07:15:00 AM,NEW HAMPSHIRE AVE,NA,SAME DIRECTION SIDESWIPE,Clear,DRY,Daylight,N/A,NONE DETECTED,No,No Apparent Injury,N/A,NOT DISTRACTED,MD,PASSENGER CAR,MOVING CONSTANT SPEED,30,No,2018,TOYOTA,COROLLA,39.04071686,-76.99121969,2023,5,7
230022735,Property Damage Crash,05/12/2023 06:55:00 AM,CLOPPER RD,NA,SAME DIR REAR END,Clear,DRY,Daylight,TRAFFIC SIGNAL,NONE DETECTED,No,No Apparent Injury,N/A,NOT DISTRACTED,NJ,PASSENGER CAR,STOPPED IN TRAFFIC LANE,40,No,2013,ACURA,4S,39.18393167,-77.26275,2023,5,6
230022735,Property Damage Crash,05/12/2023 06:55:00 AM,CLOPPER RD,NA,SAME DIR REAR END,Clear,DRY,Daylight,TRAFFIC SIGNAL,NONE DETECTED,No,No Apparent Injury,N/A,NOT DISTRACTED,MD,PASSENGER CAR,STOPPED IN TRAFFIC LANE,40,No,2013,BMW,4S,39.18393167,-77.26275,2023,5,6
230022735,Property Damage Crash,05/12/2023 06:55:00 AM,CLOPPER RD,NA,SAME DIR REAR END,Clear,DRY,Daylight,TRAFFIC SIGNAL,NONE DETECTED,Yes,No Apparent Injury,N/A,NOT DISTRACTED,MD,PASSENGER CAR,MOVING CONSTANT SPEED,40,No,2011,TOYT,COROLLA,39.18393167,-77.26275,2023,5,6
230022734,Injury Crash,05/12/2023 06:35:00 AM,GEORGIA AVE,NA,STRAIGHT MOVEMENT ANGLE,Clear,DRY,Daylight,STOP SIGN,NONE DETECTED,No,Possible Minor Injury,N/A,NOT DISTRACTED,MD,PASSENGER CAR,MOVING CONSTANT SPEED,35,No,2013,HONDA,ACCORD,39.06669167,-77.05926833,2023,5,6
230022734,Injury Crash,05/12/2023 06:35:00 AM,GEORGIA AVE,NA,STRAIGHT MOVEMENT ANGLE,Clear,DRY,Daylight,STOP SIGN,NONE DETECTED,Yes,No Apparent Injury,N/A,LOOKED BUT DID NOT SEE,MD,PASSENGER CAR,ACCELERATING,25,No,2011,TOYOTA,COROLLA,39.06669167,-77.05926833,2023,5,6
230022703,Property Damage Crash,05/11/2023 08:58:00 PM,CAPEHART DR,NA,SAME DIRECTION SIDESWIPE,Clear,DRY,Dark,NO CONTROLS,NONE DETECTED,Yes,No Apparent Injury,N/A,NOT DISTRACTED,MD,PASSENGER CAR,MOVING CONSTANT SPEED,15,No,2014,FORD,FUSION,39.17009283,-77.216528,2023,5,20
230022690,Injury Crash,05/11/2023 07:00:00 PM,NA,PEDESTRIAN,OTHER,Clear,NA,Daylight,NO CONTROLS,NONE DETECTED,Yes,No Apparent Injury,N/A,NOT DISTRACTED,MD,PASSENGER CAR,MAKING LEFT TURN,15,No,2023,HYUN,SD,39.17183167,-77.204945,2023,5,19
230022678,Injury Crash,05/11/2023 06:25:00 PM,MIDDLEBROOK RD,NA,HEAD ON LEFT TURN,Clear,DRY,Daylight,TRAFFIC SIGNAL,NONE DETECTED,No,Possible Minor Injury,N/A,NOT DISTRACTED,MD,PASSENGER CAR,MOVING CONSTANT SPEED,40,No,2008,MERC,E350,39.17444667,-77.24879867,2023,5,18
230022678,Injury Crash,05/11/2023 06:25:00 PM,MIDDLEBROOK RD,NA,HEAD ON LEFT TURN,Clear,DRY,Daylight,TRAFFIC SIGNAL,NONE DETECTED,Yes,No Apparent Injury,N/A,OTHER DISTRACTION,MD,PASSENGER CAR,MAKING LEFT TURN,40,No,2015,TESLA,MODEL S,39.17444667,-77.24879867,2023,5,18
230022687,Property Damage Crash,05/11/2023 06:20:00 PM,COLESVILLE RD,NA,SINGLE VEHICLE,Clear,DRY,Daylight,N/A,ALCOHOL PRESENT,Yes,No Apparent Injury,N/A,UNKNOWN,XX,PASSENGER CAR,ACCELERATING,35,No,2004,BMW,330,39.00894041,-77.01807474,2023,5,18
230022674,Property Damage Crash,05/11/2023 06:15:00 PM,WOOTTON PKWY,NA,SAME DIR REAR END,Clear,DRY,Daylight,NO CONTROLS,NONE DETECTED,No,No Apparent Injury,N/A,NOT DISTRACTED,MD,"OTHER LIGHT TRUCKS (10,000LBS (4,536KG) OR LESS)",STOPPED IN TRAFFIC LANE,35,No,2015,FORD,F450,39.06660549,-77.15114336,2023,5,18
230022674,Property Damage Crash,05/11/2023 06:15:00 PM,WOOTTON PKWY,NA,SAME DIR REAR END,Clear,DRY,Daylight,NO CONTROLS,NONE DETECTED,Yes,No Apparent Injury,N/A,LOOKED BUT DID NOT SEE,MD,PASSENGER CAR,MOVING CONSTANT SPEED,35,No,2014,HONDA,ODESSEY,39.06660549,-77.15114336,2023,5,18
230022668,Property Damage Crash,05/11/2023 05:47:00 PM,OLD GEORGETOWN RD,NA,SAME DIRECTION SIDESWIPE,Clear,DRY,Daylight,TRAFFIC SIGNAL,NONE DETECTED,No,No Apparent Injury,N/A,NOT DISTRACTED,MD,AMBULANCE/NON EMERGENCY,STOPPED IN TRAFFIC LANE,35,No,2020,FRHT,TK,39.000003,-77.11005667,2023,5,17
230022668,Property Damage Crash,05/11/2023 05:47:00 PM,OLD GEORGETOWN RD,NA,SAME DIRECTION SIDESWIPE,Clear,DRY,Daylight,TRAFFIC SIGNAL,NONE DETECTED,Yes,No Apparent Injury,N/A,NOT DISTRACTED,MD,(SPORT) UTILITY VEHICLE,CHANGING LANES,35,No,2022,BMW,X7,39.000003,-77.11005667,2023,5,17
230022666,Injury Crash,05/11/2023 05:45:00 PM,BETHESDA AVE,NA,SAME DIR REAR END,Clear,DRY,Daylight,N/A,NONE DETECTED,No,No Apparent Injury,N/A,NOT DISTRACTED,FL,PASSENGER CAR,PARKED,25,No,2012,FORD,MUSTANG,38.98104267,-77.09723917,2023,5,17
230022666,Injury Crash,05/11/2023 05:45:00 PM,BETHESDA AVE,NA,SAME DIR REAR END,Clear,DRY,Daylight,N/A,NONE DETECTED,Yes,Possible Minor Injury,N/A,NOT DISTRACTED,MD,PASSENGER CAR,ACCELERATING,25,No,2020,DODG,CHARGER,38.98104267,-77.09723917,2023,5,17
230022666,Injury Crash,05/11/2023 05:45:00 PM,BETHESDA AVE,NA,SAME DIR REAR END,Clear,DRY,Daylight,N/A,NONE DETECTED,No,Possible Minor Injury,N/A,NOT DISTRACTED,MD,PASSENGER CAR,MOVING CONSTANT SPEED,25,No,2009,HYUN,AZERA,38.98104267,-77.09723917,2023,5,17
230022652,Property Damage Crash,05/11/2023 05:12:00 PM,QUINCE ORCHARD RD,NA,HEAD ON LEFT TURN,Clear,DRY,Daylight,TRAFFIC SIGNAL,NONE DETECTED,Yes,No Apparent Injury,N/A,UNKNOWN,MD,PASSENGER CAR,ACCELERATING,35,No,2011,HONDA,ACCORD,39.13445833,-77.223995,2023,5,17
230022652,Property Damage Crash,05/11/2023 05:12:00 PM,QUINCE ORCHARD RD,NA,HEAD ON LEFT TURN,Clear,DRY,Daylight,TRAFFIC SIGNAL,NONE DETECTED,No,No Apparent Injury,N/A,NOT DISTRACTED,WV,PASSENGER CAR,MOVING CONSTANT SPEED,35,No,2017,SUBARU,FORESTER,39.13445833,-77.223995,2023,5,17
230022659,Injury Crash,05/11/2023 05:11:00 PM,PINEY BRANCH RD,NA,STRAIGHT MOVEMENT ANGLE,Clear,DRY,Daylight,NO CONTROLS,NONE DETECTED,Yes,No Apparent Injury,N/A,NOT DISTRACTED,MD,PASSENGER CAR,MOVING CONSTANT SPEED,30,No,2005,FORD,ECONO VAN,38.99862988,-76.9987401,2023,5,17
230022659,Injury Crash,05/11/2023 05:11:00 PM,PINEY BRANCH RD,NA,STRAIGHT MOVEMENT ANGLE,Clear,DRY,Daylight,NO CONTROLS,NONE DETECTED,Yes,Possible Minor Injury,N/A,INATTENTIVE OR LOST IN THOUGHT,MD,PASSENGER CAR,MAKING RIGHT TURN,30,No,2021,TOYOTA,RAV 4,38.99862988,-76.9987401,2023,5,17
230022664,Property Damage Crash,05/11/2023 05:05:00 PM,SEVEN LOCKS RD,NA,SAME DIR REAR END,Clear,DRY,Daylight,TRAFFIC SIGNAL,NONE DETECTED,Yes,No Apparent Injury,N/A,OTHER DISTRACTION,MD,(SPORT) UTILITY VEHICLE,SLOWING OR STOPPING,35,No,2004,TOYOTA,HIGHLANDER,39.02371667,-77.16233167,2023,5,17
230022664,Property Damage Crash,05/11/2023 05:05:00 PM,SEVEN LOCKS RD,NA,SAME DIR REAR END,Clear,DRY,Daylight,TRAFFIC SIGNAL,NONE DETECTED,No,No Apparent Injury,N/A,NOT DISTRACTED,VA,PASSENGER CAR,STOPPED IN TRAFFIC LANE,35,No,2015,MERCEDES,C300,39.02371667,-77.16233167,2023,5,17
230022664,Property Damage Crash,05/11/2023 05:05:00 PM,SEVEN LOCKS RD,NA,SAME DIR REAR END,Clear,DRY,Daylight,TRAFFIC SIGNAL,NONE DETECTED,No,No Apparent Injury,N/A,NOT DISTRACTED,MD,(SPORT) UTILITY VEHICLE,STOPPED IN TRAFFIC LANE,35,No,2018,CADILLAC,XT5,39.02371667,-77.16233167,2023,5,17
230022649,Property Damage Crash,05/11/2023 05:00:00 PM,ASPEN HILL RD,NA,STRAIGHT MOVEMENT ANGLE,Clear,N/A,Daylight,STOP SIGN,NONE DETECTED,Yes,No Apparent Injury,N/A,LOOKED BUT DID NOT SEE,MD,(SPORT) UTILITY VEHICLE,STARTING FROM LANE,30,No,2022,HONDA,CRV,39.08028667,-77.07874333,2023,5,17
230022649,Property Damage Crash,05/11/2023 05:00:00 PM,ASPEN HILL RD,NA,STRAIGHT MOVEMENT ANGLE,Clear,N/A,Daylight,STOP SIGN,NONE DETECTED,No,No Apparent Injury,N/A,NOT DISTRACTED,MD,(SPORT) UTILITY VEHICLE,MOVING CONSTANT SPEED,30,No,2020,MAZDA,6,39.08028667,-77.07874333,2023,5,17
230022682,Injury Crash,05/11/2023 04:50:00 PM,QUINCE ORCHARD RD,NA,OTHER,Clear,DRY,Daylight,TRAFFIC SIGNAL,NONE DETECTED,No,No Apparent Injury,N/A,LOOKED BUT DID NOT SEE,MD,PASSENGER CAR,MOVING CONSTANT SPEED,35,No,2018,HOND,4S,39.14465667,-77.22012,2023,5,16
230022682,Injury Crash,05/11/2023 04:50:00 PM,QUINCE ORCHARD RD,NA,OTHER,Clear,DRY,Daylight,TRAFFIC SIGNAL,NONE DETECTED,Yes,Possible Minor Injury,N/A,NOT DISTRACTED,MD,MOTORCYCLE,CHANGING LANES,35,No,2021,ZR900,SPORT,39.14465667,-77.22012,2023,5,16
230022682,Injury Crash,05/11/2023 04:50:00 PM,QUINCE ORCHARD RD,NA,OTHER,Clear,DRY,Daylight,TRAFFIC SIGNAL,NONE DETECTED,No,No Apparent Injury,N/A,NOT DISTRACTED,MD,PASSENGER CAR,MOVING CONSTANT SPEED,35,No,1999,CHEV,TRAILBLAZER,39.14465667,-77.22012,2023,5,16
230022645,Property Damage Crash,05/11/2023 04:30:00 PM,RIDGE RD,NA,SAME DIR REAR END,Clear,DRY,Daylight,NO CONTROLS,NONE DETECTED,No,No Apparent Injury,N/A,NOT DISTRACTED,MD,PASSENGER CAR,MOVING CONSTANT SPEED,40,No,2009,MERC,MARINER,39.2432335,-77.23470067,2023,5,16
230022645,Property Damage Crash,05/11/2023 04:30:00 PM,RIDGE RD,NA,SAME DIR REAR END,Clear,DRY,Daylight,NO CONTROLS,NONE DETECTED,Yes,No Apparent Injury,N/A,NOT DISTRACTED,MD,PASSENGER CAR,MOVING CONSTANT SPEED,40,No,2014,HOND,CIVIC,39.2432335,-77.23470067,2023,5,16
230022644,Property Damage Crash,05/11/2023 04:30:00 PM,NA,NA,SINGLE VEHICLE,Clear,NA,Daylight,N/A,NONE DETECTED,Yes,No Apparent Injury,N/A,LOOKED BUT DID NOT SEE,MD,PASSENGER CAR,ACCELERATING,0,No,2022,ACURA,RDX,39.09950067,-77.14854533,2023,5,16
230022646,Property Damage Crash,05/11/2023 04:25:00 PM,NA,NA,SAME DIRECTION SIDESWIPE,Clear,NA,Daylight,NO CONTROLS,NONE DETECTED,Yes,No Apparent Injury,N/A,OTHER DISTRACTION,MD,PASSENGER CAR,CHANGING LANES,0,No,2012,BUICK,REGAL,39.1805995,-77.26951433,2023,5,16
230022646,Property Damage Crash,05/11/2023 04:25:00 PM,NA,NA,SAME DIRECTION SIDESWIPE,Clear,NA,Daylight,NO CONTROLS,NONE DETECTED,Yes,No Apparent Injury,N/A,OTHER DISTRACTION,MD,PASSENGER CAR,CHANGING LANES,0,No,2019,TOYT,RAV4,39.1805995,-77.26951433,2023,5,16
230022639,Property Damage Crash,05/11/2023 04:21:00 PM,FAIRWAY AVE,NA,OTHER,Clear,DRY,Daylight,NO CONTROLS,NONE DETECTED,Yes,No Apparent Injury,N/A,NOT DISTRACTED,MD,SCHOOL BUS,MOVING CONSTANT SPEED,25,No,2018,FRHT,BUS,39.01484053,-77.01201212,2023,5,16
230022629,Injury Crash,05/11/2023 03:20:00 PM,BARRON ST,NA,HEAD ON LEFT TURN,Clear,DRY,Daylight,TRAFFIC SIGNAL,NONE DETECTED,Yes,No Apparent Injury,N/A,NOT DISTRACTED,MD,PASSENGER CAR,MAKING LEFT TURN,35,No,2016,TOYOTA,VAN,38.99901167,-76.99755667,2023,5,15
230022629,Injury Crash,05/11/2023 03:20:00 PM,BARRON ST,NA,HEAD ON LEFT TURN,Clear,DRY,Daylight,TRAFFIC SIGNAL,NONE DETECTED,No,Possible Minor Injury,N/A,NOT DISTRACTED,MD,PASSENGER CAR,MOVING CONSTANT SPEED,35,No,2009,HONDA,CIVIC,38.99901167,-76.99755667,2023,5,15
230022608,Property Damage Crash,05/11/2023 02:00:00 PM,FIRST ST,NA,SAME DIR REAR END,Clear,DRY,Daylight,NO CONTROLS,NONE DETECTED,Yes,No Apparent Injury,N/A,NOT DISTRACTED,PA,"CARGO VAN/LIGHT TRUCK 2 AXLES (OVER 10,000LBS (4,536 KG))",SLOWING OR STOPPING,40,No,2023,FRT,TK,39.08374306,-77.13651892,2023,5,14
230022608,Property Damage Crash,05/11/2023 02:00:00 PM,FIRST ST,NA,SAME DIR REAR END,Clear,DRY,Daylight,NO CONTROLS,NONE DETECTED,No,No Apparent Injury,N/A,NOT DISTRACTED,MD,PASSENGER CAR,SLOWING OR STOPPING,40,No,2023,HYUN,SD,39.08374306,-77.13651892,2023,5,14
230022605,Property Damage Crash,05/11/2023 02:00:00 PM,NA,NA,OTHER,Clear,NA,Daylight,NO CONTROLS,NONE DETECTED,Yes,No Apparent Injury,N/A,NOT DISTRACTED,MD,POLICE VEHICLE/NON EMERGENCY,PARKING,10,No,2020,DODGE,CHARGER,39.15732267,-77.05064283,2023,5,14
230022608,Property Damage Crash,05/11/2023 02:00:00 PM,FIRST ST,NA,SAME DIR REAR END,Clear,DRY,Daylight,NO CONTROLS,NONE DETECTED,No,No Apparent Injury,N/A,NOT DISTRACTED,MD,"MEDIUM/HEAVY TRUCKS 3 AXLES (OVER 10,000LBS (4,536KG))",SLOWING OR STOPPING,40,No,2000,PTRB,DT,39.08374306,-77.13651892,2023,5,14
230022595,Injury Crash,05/11/2023 12:44:00 PM,NORBECK RD,NA,SAME DIR REAR END,Clear,DRY,Daylight,TRAFFIC SIGNAL,NONE DETECTED,No,No Apparent Injury,N/A,NOT DISTRACTED,MD,PASSENGER CAR,SLOWING OR STOPPING,35,No,2017,TOYT,4H,39.09668667,-77.10856833,2023,5,12
230022595,Injury Crash,05/11/2023 12:44:00 PM,NORBECK RD,NA,SAME DIR REAR END,Clear,DRY,Daylight,TRAFFIC SIGNAL,NONE DETECTED,Yes,Suspected Serious Injury,N/A,NOT DISTRACTED,MD,PASSENGER CAR,MOVING CONSTANT SPEED,35,No,2004,HONDA,PILOT,39.09668667,-77.10856833,2023,5,12
230022565,Property Damage Crash,05/11/2023 10:58:00 AM,GEORGIA AVE,NA,STRAIGHT MOVEMENT ANGLE,Clear,DRY,Daylight,NO CONTROLS,NONE DETECTED,No,No Apparent Injury,N/A,NOT DISTRACTED,MD,PASSENGER CAR,MOVING CONSTANT SPEED,35,No,2007,HONDA,CR-V,38.9933211,-77.0265744,2023,5,10
230022565,Property Damage Crash,05/11/2023 10:58:00 AM,GEORGIA AVE,NA,STRAIGHT MOVEMENT ANGLE,Clear,DRY,Daylight,NO CONTROLS,NONE DETECTED,Yes,No Apparent Injury,N/A,OTHER DISTRACTION,NA,PASSENGER CAR,MAKING RIGHT TURN,35,No,2020,TOYOTA,CAMERY,38.9933211,-77.0265744,2023,5,10
230022566,Injury Crash,05/11/2023 10:57:00 AM,UNIVERSITY BLVD W,NA,HEAD ON LEFT TURN,Clear,DRY,Daylight,NO CONTROLS,NONE DETECTED,No,No Apparent Injury,N/A,NOT DISTRACTED,MD,VAN,MOVING CONSTANT SPEED,35,No,2006,TOYOTA,SIENA,39.03293,-77.07381833,2023,5,10
230022566,Injury Crash,05/11/2023 10:57:00 AM,UNIVERSITY BLVD W,NA,HEAD ON LEFT TURN,Clear,DRY,Daylight,NO CONTROLS,NONE DETECTED,Yes,Possible Minor Injury,N/A,NOT DISTRACTED,MD,PASSENGER CAR,MAKING LEFT TURN,35,No,2010,TOYOTA,CORROLA,39.03293,-77.07381833,2023,5,10
230022557,Property Damage Crash,05/11/2023 09:22:00 AM,LOCBURY DR,NA,SAME DIRECTION SIDESWIPE,Clear,DRY,Daylight,NO CONTROLS,NONE DETECTED,Yes,No Apparent Injury,N/A,NOT DISTRACTED,MD,SCHOOL BUS,MOVING CONSTANT SPEED,30,No,2018,FRHT,BUS,39.183645,-77.26872333,2023,5,9
230022550,Property Damage Crash,05/11/2023 09:20:00 AM,GERMANTOWN RD,NA,SAME DIRECTION SIDESWIPE,Clear,DRY,Daylight,TRAFFIC SIGNAL,NONE DETECTED,Yes,No Apparent Injury,N/A,LOOKED BUT DID NOT SEE,MD,(SPORT) UTILITY VEHICLE,MOVING CONSTANT SPEED,40,No,2018,MERZ,UT,39.18117667,-77.26187333,2023,5,9
230022550,Property Damage Crash,05/11/2023 09:20:00 AM,GERMANTOWN RD,NA,SAME DIRECTION SIDESWIPE,Clear,DRY,Daylight,TRAFFIC SIGNAL,NONE DETECTED,No,No Apparent Injury,N/A,NOT DISTRACTED,MD,PASSENGER CAR,MOVING CONSTANT SPEED,40,No,2022,CHEVY,SD,39.18117667,-77.26187333,2023,5,9
230022552,Property Damage Crash,05/11/2023 09:17:00 AM,NA,NA,OTHER,Clear,NA,Daylight,N/A,NONE DETECTED,Yes,No Apparent Injury,N/A,NOT DISTRACTED,MD,SCHOOL BUS,OTHER,25,No,2020,THOMAS,BUS,39.05133667,-77.10199667,2023,5,9
230022547,Injury Crash,05/11/2023 08:42:00 AM,EISENHOWER MEMORIAL HWY,NA,SAME DIRECTION RIGHT TURN,Clear,DRY,Daylight,N/A,NONE DETECTED,No,No Apparent Injury,N/A,NOT DISTRACTED,MD,PASSENGER CAR,MOVING CONSTANT SPEED,55,No,2022,TESLA,MODEL Y,39.0521064,-77.15301867,2023,5,8
230022547,Injury Crash,05/11/2023 08:42:00 AM,EISENHOWER MEMORIAL HWY,NA,SAME DIRECTION RIGHT TURN,Clear,DRY,Daylight,N/A,NONE DETECTED,Yes,Possible Minor Injury,N/A,UNKNOWN,DC,PASSENGER CAR,MOVING CONSTANT SPEED,55,No,2022,TOYOTA,RAV4,39.0521064,-77.15301867,2023,5,8
230022542,Injury Crash,05/11/2023 06:43:00 AM,PINEY BRANCH RD,NA,SAME DIR REAR END,Clear,DRY,Daylight,NO CONTROLS,NONE DETECTED,No,No Apparent Injury,N/A,NOT DISTRACTED,MD,VAN,MOVING CONSTANT SPEED,35,No,2006,CHEVROLET,EXPRESS,38.99859433,-76.99978167,2023,5,6
230022542,Injury Crash,05/11/2023 06:43:00 AM,PINEY BRANCH RD,NA,SAME DIR REAR END,Clear,DRY,Daylight,NO CONTROLS,NONE DETECTED,Yes,Possible Minor Injury,N/A,UNKNOWN,MD,(SPORT) UTILITY VEHICLE,MOVING CONSTANT SPEED,35,No,2012,HONDA,CRV,38.99859433,-76.99978167,2023,5,6
230022542,Injury Crash,05/11/2023 06:43:00 AM,PINEY BRANCH RD,NA,SAME DIR REAR END,Clear,DRY,Daylight,NO CONTROLS,NONE DETECTED,No,Possible Minor Injury,N/A,NOT DISTRACTED,MD,PASSENGER CAR,MOVING CONSTANT SPEED,35,No,2004,TOYOTA,COROLLA,38.99859433,-76.99978167,2023,5,6
230022539,Injury Crash,05/11/2023 04:24:00 AM,SHADY GROVE RD,NA,OTHER,Clear,DRY,Medium,TRAFFIC SIGNAL,NONE DETECTED,Unknown,Possible Minor Injury,N/A,UNKNOWN,MD,PASSENGER CAR,MAKING LEFT TURN,40,No,2010,FORD,F350,39.12027833,-77.18041333,2023,5,4
230022539,Injury Crash,05/11/2023 04:24:00 AM,SHADY GROVE RD,NA,OTHER,Clear,DRY,Medium,TRAFFIC SIGNAL,NONE DETECTED,Unknown,Possible Minor Injury,N/A,UNKNOWN,MD,PASSENGER CAR,MOVING CONSTANT SPEED,40,No,2015,HONDA,ACCORD,39.12027833,-77.18041333,2023,5,4
230022492,Property Damage Crash,05/10/2023 07:50:00 PM,VEIRS MILL RD,NA,SAME DIR REAR END,Clear,DRY,Medium,TRAFFIC SIGNAL,NONE DETECTED,Yes,No Apparent Injury,N/A,UNKNOWN,MD,PICKUP TRUCK,CHANGING LANES,35,No,1991,FORD,F150,39.05144933,-77.07437733,2023,5,19
230022492,Property Damage Crash,05/10/2023 07:50:00 PM,VEIRS MILL RD,NA,SAME DIR REAR END,Clear,DRY,Medium,TRAFFIC SIGNAL,NONE DETECTED,No,No Apparent Injury,N/A,NOT DISTRACTED,MD,TRANSIT BUS,STOPPED IN TRAFFIC LANE,35,No,2019,TRANSIT,BUS,39.05144933,-77.07437733,2023,5,19
230022487,Injury Crash,05/10/2023 07:32:00 PM,WOODFIELD RD,NA,HEAD ON LEFT TURN,Clear,DRY,Medium,TRAFFIC SIGNAL,NONE DETECTED,No,No Apparent Injury,N/A,NOT DISTRACTED,MD,PICKUP TRUCK,MOVING CONSTANT SPEED,45,No,1994,FORD,RANGER,39.18540084,-77.15075726,2023,5,19
230022487,Injury Crash,05/10/2023 07:32:00 PM,WOODFIELD RD,NA,HEAD ON LEFT TURN,Clear,DRY,Medium,TRAFFIC SIGNAL,NONE DETECTED,Yes,Possible Minor Injury,N/A,LOOKED BUT DID NOT SEE,MD,PICKUP TRUCK,MAKING LEFT TURN,45,No,2021,TOYOTA,TUNDRA,39.18540084,-77.15075726,2023,5,19
230022458,Property Damage Crash,05/10/2023 05:27:00 PM,GREAT SENECA HWY,NA,HEAD ON LEFT TURN,Clear,DRY,Daylight,NO CONTROLS,NONE DETECTED,No,No Apparent Injury,"BACKUP DUE TO REGULAR CONGESTION, N/A",NOT DISTRACTED,MD,(SPORT) UTILITY VEHICLE,MAKING RIGHT TURN,30,No,2013,FORD,ESCAPE,39.15728367,-77.27574317,2023,5,17
230022458,Property Damage Crash,05/10/2023 05:27:00 PM,GREAT SENECA HWY,NA,HEAD ON LEFT TURN,Clear,DRY,Daylight,NO CONTROLS,NONE DETECTED,No,No Apparent Injury,"BACKUP DUE TO REGULAR CONGESTION, N/A",NOT DISTRACTED,MD,VAN,MOVING CONSTANT SPEED,45,No,1996,TOYT,WG,39.15728367,-77.27574317,2023,5,17
230022458,Property Damage Crash,05/10/2023 05:27:00 PM,GREAT SENECA HWY,NA,HEAD ON LEFT TURN,Clear,DRY,Daylight,NO CONTROLS,NONE DETECTED,Yes,No Apparent Injury,"BACKUP DUE TO REGULAR CONGESTION, N/A",NOT DISTRACTED,MD,(SPORT) UTILITY VEHICLE,MAKING LEFT TURN,45,No,2021,TOYT,RAV4,39.15728367,-77.27574317,2023,5,17
230022465,Injury Crash,05/10/2023 05:17:00 PM,COLESVILLE RD,NA,SAME DIR REAR END,Clear,DRY,Daylight,TRAFFIC SIGNAL,NONE DETECTED,Yes,No Apparent Injury,N/A,NOT DISTRACTED,MD,(SPORT) UTILITY VEHICLE,SLOWING OR STOPPING,35,No,2014,FORD,ESCAPE,38.99641767,-77.0278815,2023,5,17
230022465,Injury Crash,05/10/2023 05:17:00 PM,COLESVILLE RD,NA,SAME DIR REAR END,Clear,DRY,Daylight,TRAFFIC SIGNAL,NONE DETECTED,No,Possible Minor Injury,N/A,NOT DISTRACTED,MD,(SPORT) UTILITY VEHICLE,SLOWING OR STOPPING,35,No,2015,MERCEDES,TK,38.99641767,-77.0278815,2023,5,17
230022454,Property Damage Crash,05/10/2023 05:08:00 PM,GEORGIA AVE,NA,SAME DIR REAR END,Clear,DRY,Daylight,TRAFFIC SIGNAL,NONE DETECTED,No,No Apparent Injury,N/A,NOT DISTRACTED,MD,PASSENGER CAR,STOPPED IN TRAFFIC LANE,0,No,2011,CHEV,EQUINOX,39.092965,-77.08012333,2023,5,17
230022454,Property Damage Crash,05/10/2023 05:08:00 PM,GEORGIA AVE,NA,SAME DIR REAR END,Clear,DRY,Daylight,TRAFFIC SIGNAL,NONE DETECTED,Yes,No Apparent Injury,N/A,LOOKED BUT DID NOT SEE,MD,PASSENGER CAR,MOVING CONSTANT SPEED,40,No,2018,CHEVY,EQUINOX,39.092965,-77.08012333,2023,5,17
230022456,Injury Crash,05/10/2023 05:01:00 PM,E GUDE DR,PEDESTRIAN,OTHER,Clear,DRY,Daylight,NO CONTROLS,NONE DETECTED,Yes,No Apparent Injury,N/A,UNKNOWN,MD,PASSENGER CAR,MAKING RIGHT TURN,35,No,2018,TOYOTA,CAMRY,39.09669446,-77.1353897,2023,5,17
230022448,Property Damage Crash,05/10/2023 04:51:00 PM,COLESVILLE RD,NA,OTHER,Clear,DRY,Daylight,TRAFFIC SIGNAL,NONE DETECTED,No,No Apparent Injury,N/A,NOT DISTRACTED,MD,PASSENGER CAR,SLOWING OR STOPPING,0,No,2016,HYUNDI,4S,38.99508738,-77.02986082,2023,5,16
230022448,Property Damage Crash,05/10/2023 04:51:00 PM,COLESVILLE RD,NA,OTHER,Clear,DRY,Daylight,TRAFFIC SIGNAL,NONE DETECTED,No,No Apparent Injury,N/A,NOT DISTRACTED,DC,PASSENGER CAR,SLOWING OR STOPPING,0,No,2014,NISSAN,P4D,38.99508738,-77.02986082,2023,5,16
230022448,Property Damage Crash,05/10/2023 04:51:00 PM,COLESVILLE RD,NA,OTHER,Clear,DRY,Daylight,TRAFFIC SIGNAL,NONE DETECTED,Yes,No Apparent Injury,N/A,UNKNOWN,NA,PASSENGER CAR,MOVING CONSTANT SPEED,30,No,2015,HYUNDAI,4S,38.99508738,-77.02986082,2023,5,16
230022448,Property Damage Crash,05/10/2023 04:51:00 PM,COLESVILLE RD,NA,OTHER,Clear,DRY,Daylight,TRAFFIC SIGNAL,NONE DETECTED,No,No Apparent Injury,N/A,NOT DISTRACTED,MD,PASSENGER CAR,SLOWING OR STOPPING,0,No,2023,FORD,UT,38.99508738,-77.02986082,2023,5,16
230022422,Property Damage Crash,05/10/2023 04:21:00 PM,NA,NA,SINGLE VEHICLE,Clear,NA,Daylight,NO CONTROLS,NONE DETECTED,Yes,No Apparent Injury,N/A,NOT DISTRACTED,MD,PASSENGER CAR,BACKING,25,No,2013,MERCEDES,4DR,38.9626405,-77.08466,2023,5,16
230022436,Property Damage Crash,05/10/2023 04:00:00 PM,WENDY LA,NA,STRAIGHT MOVEMENT ANGLE,Clear,DRY,Daylight,N/A,NONE DETECTED,No,No Apparent Injury,N/A,NOT DISTRACTED,MD,PASSENGER CAR,SLOWING OR STOPPING,35,No,2017,TOYT,COROLLA,39.07972667,-77.073735,2023,5,16
230022436,Property Damage Crash,05/10/2023 04:00:00 PM,WENDY LA,NA,STRAIGHT MOVEMENT ANGLE,Clear,DRY,Daylight,N/A,NONE DETECTED,Yes,No Apparent Injury,N/A,LOOKED BUT DID NOT SEE,MD,PASSENGER CAR,MAKING LEFT TURN,35,No,2019,VOLKS,4S,39.07972667,-77.073735,2023,5,16
230022411,Property Damage Crash,05/10/2023 01:54:00 PM,NICHOLSON LA,NA,SAME DIRECTION SIDESWIPE,Clear,DRY,Daylight,NO CONTROLS,NONE DETECTED,Yes,No Apparent Injury,N/A,LOOKED BUT DID NOT SEE,MD,"OTHER LIGHT TRUCKS (10,000LBS (4,536KG) OR LESS)",CHANGING LANES,30,No,2017,FORD,TK,39.04475667,-77.11472833,2023,5,13