Local Case Number,ACRS Report Type,Crash Date/Time,Road Name,Related Non-Motorist,Collision Type,Weather,Surface Condition,Light,Traffic Control,Driver Substance Abuse,Driver At Fault,Injury Severity,Circumstance,Driver Distracted By,Drivers License State,Vehicle Body Type,Vehicle Movement,Speed Limit,Driverless Vehicle,Vehicle Year,Vehicle Make,Vehicle Model,Latitude,Longitude,Year,Month,Hour
230022033,Property Damage Crash,05/08/2023 05:15:00 PM,COLESVILLE RD,NA,SAME DIR REAR END,Clear,DRY,Daylight,NO CONTROLS,NONE DETECTED,Yes,No Apparent Injury,N/A,UNKNOWN,NJ,PASSENGER CAR,MOVING CONSTANT SPEED,40,No,2019,NISSAN,SENTRA,39.02819799,-77.00868299,2023,5,17
230022044,Property Damage Crash,05/08/2023 04:50:00 PM,GAME PRESERVE RD,NA,ANGLE MEETS RIGHT TURN,Clear,DRY,Daylight,STOP SIGN,NONE DETECTED,No,No Apparent Injury,N/A,NOT DISTRACTED,MD,PASSENGER CAR,STOPPED IN TRAFFIC LANE,25,No,2017,NISSAN,ALTIMA,39.17034167,-77.222395,2023,5,16
230022044,Property Damage Crash,05/08/2023 04:50:00 PM,GAME PRESERVE RD,NA,ANGLE MEETS RIGHT TURN,Clear,DRY,Daylight,STOP SIGN,NONE DETECTED,Yes,No Apparent Injury,N/A,LOOKED BUT DID NOT SEE,TX,(SPORT) UTILITY VEHICLE,MAKING RIGHT TURN,25,No,2017,JAGUAR,TK,39.17034167,-77.222395,2023,5,16
230022028,Property Damage Crash,05/08/2023 04:42:00 PM,CARROLL AVE,NA,SAME DIR REAR END,Clear,DRY,Daylight,TRAFFIC SIGNAL,NONE DETECTED,Yes,No Apparent Injury,N/A,UNKNOWN,MD,PASSENGER CAR,STARTING FROM LANE,25,Unknown,2012,KIA,OPTIMA,38.98664578,-76.99577702,2023,5,16
230022028,Property Damage Crash,05/08/2023 04:42:00 PM,CARROLL AVE,NA,SAME DIR REAR END,Clear,DRY,Daylight,TRAFFIC SIGNAL,NONE DETECTED,No,No Apparent Injury,N/A,NOT DISTRACTED,MD,PASSENGER CAR,STARTING FROM LANE,25,No,2019,HONDA,CR-V,38.98664578,-76.99577702,2023,5,16
230022026,Property Damage Crash,05/08/2023 04:33:00 PM,RIVER RD,NA,SAME DIRECTION RIGHT TURN,Clear,DRY,Daylight,NO CONTROLS,NONE DETECTED,Yes,No Apparent Injury,N/A,NOT DISTRACTED,WY,(SPORT) UTILITY VEHICLE,CHANGING LANES,30,No,2017,MERZ,4D,39.0192045,-77.2105695,2023,5,16
230022026,Property Damage Crash,05/08/2023 04:33:00 PM,RIVER RD,NA,SAME DIRECTION RIGHT TURN,Clear,DRY,Daylight,NO CONTROLS,NONE DETECTED,No,No Apparent Injury,N/A,NOT DISTRACTED,NY,(SPORT) UTILITY VEHICLE,MOVING CONSTANT SPEED,30,No,2023,HYUN,PALISADE,39.0192045,-77.2105695,2023,5,16
230022061,Property Damage Crash,05/08/2023 04:30:00 PM,ROBEY RD,NA,SAME DIR REAR END,Clear,DRY,Daylight,STOP SIGN,NONE DETECTED,Yes,No Apparent Injury,N/A,INATTENTIVE OR LOST IN THOUGHT,NA,PASSENGER CAR,ACCELERATING,35,No,2023,TOYOTA,CAMRY,39.07999517,-76.94547083,2023,5,16
230022061,Property Damage Crash,05/08/2023 04:30:00 PM,ROBEY RD,NA,SAME DIR REAR END,Clear,DRY,Daylight,STOP SIGN,NONE DETECTED,No,No Apparent Injury,N/A,NOT DISTRACTED,MD,PASSENGER CAR,SLOWING OR STOPPING,35,No,2015,TOYT,CAMRY,39.07999517,-76.94547083,2023,5,16
230022199,Injury Crash,05/08/2023 03:55:00 PM,DARNESTOWN RD,NA,SAME DIR REAR END,Clear,DRY,Daylight,NO CONTROLS,NONE DETECTED,No,Possible Minor Injury,N/A,NOT DISTRACTED,MD,PASSENGER CAR,MAKING LEFT TURN,40,No,2018,TOYOTA,CAMRY,39.1155992,-77.26479121,2023,5,15
230022199,Injury Crash,05/08/2023 03:55:00 PM,DARNESTOWN RD,NA,SAME DIR REAR END,Clear,DRY,Daylight,NO CONTROLS,NONE DETECTED,Yes,No Apparent Injury,N/A,UNKNOWN,VA,PASSENGER CAR,MOVING CONSTANT SPEED,40,No,2010,TOYOTA,CAMRY,39.1155992,-77.26479121,2023,5,15
230022011,Injury Crash,05/08/2023 03:53:00 PM,QUINCE ORCHARD RD,NA,HEAD ON LEFT TURN,Clear,DRY,Daylight,TRAFFIC SIGNAL,NONE DETECTED,Yes,No Apparent Injury,N/A,LOOKED BUT DID NOT SEE,XX,VAN,MAKING LEFT TURN,35,No,2004,TOYT,PV,39.14271757,-77.22090215,2023,5,15
230022011,Injury Crash,05/08/2023 03:53:00 PM,QUINCE ORCHARD RD,NA,HEAD ON LEFT TURN,Clear,DRY,Daylight,TRAFFIC SIGNAL,NONE DETECTED,No,Possible Minor Injury,N/A,NOT DISTRACTED,MD,PASSENGER CAR,MOVING CONSTANT SPEED,35,No,2018,KIA,FORTE,39.14271757,-77.22090215,2023,5,15
230022004,Injury Crash,05/08/2023 03:37:00 PM,FENTON ST,BICYCLIST,STRAIGHT MOVEMENT ANGLE,Clear,DRY,Daylight,STOP SIGN,NONE DETECTED,Yes,No Apparent Injury,N/A,LOOKED BUT DID NOT SEE,DC,PASSENGER CAR,STARTING FROM LANE,25,No,2012,NISSAN,ALTIMA,38.98881588,-77.02395068,2023,5,15
230022001,Injury Crash,05/08/2023 02:49:00 PM,FREDERICK RD,NA,HEAD ON LEFT TURN,Clear,DRY,Daylight,TRAFFIC SIGNAL,NONE DETECTED,Yes,Possible Minor Injury,N/A,LOOKED BUT DID NOT SEE,MD,PASSENGER CAR,MAKING LEFT TURN,40,No,2013,HONDA,CIVIC,39.200197,-77.24545883,2023,5,14
230022001,Injury Crash,05/08/2023 02:49:00 PM,FREDERICK RD,NA,HEAD ON LEFT TURN,Clear,DRY,Daylight,TRAFFIC SIGNAL,NONE DETECTED,No,Possible Minor Injury,N/A,NOT DISTRACTED,MD,PASSENGER CAR,MOVING CONSTANT SPEED,40,No,2011,HONDA,CRV,39.200197,-77.24545883,2023,5,14
230022010,Property Damage Crash,05/08/2023 02:47:00 PM,WISCONSIN AVE,NA,SAME DIRECTION RIGHT TURN,Clear,DRY,Daylight,TRAFFIC SIGNAL,NONE DETECTED,Yes,No Apparent Injury,N/A,LOOKED BUT DID NOT SEE,MD,PASSENGER CAR,MAKING RIGHT TURN,25,No,2017,VOLK,JETTA,38.97664633,-77.09058267,2023,5,14
230022010,Property Damage Crash,05/08/2023 02:47:00 PM,WISCONSIN AVE,NA,SAME DIRECTION RIGHT TURN,Clear,DRY,Daylight,TRAFFIC SIGNAL,NONE DETECTED,No,No Apparent Injury,N/A,NOT DISTRACTED,DC,TRANSIT BUS,MOVING CONSTANT SPEED,25,No,2022,NFLY,BUS,38.97664633,-77.09058267,2023,5,14
230022012,Property Damage Crash,05/08/2023 02:11:00 PM,MIDDLEBROOK RD,NA,SAME DIR REAR END,Clear,DRY,Daylight,TRAFFIC SIGNAL,NONE DETECTED,No,No Apparent Injury,N/A,NOT DISTRACTED,MD,PASSENGER CAR,STOPPED IN TRAFFIC LANE,40,No,2013,TOYT,4S,39.17926,-77.266815,2023,5,14
230022012,Property Damage Crash,05/08/2023 02:11:00 PM,MIDDLEBROOK RD,NA,SAME DIR REAR END,Clear,DRY,Daylight,TRAFFIC SIGNAL,NONE DETECTED,Yes,No Apparent Injury,N/A,UNKNOWN,NA,PASSENGER CAR,SLOWING OR STOPPING,40,No,2002,ACURA,MDX,39.17926,-77.266815,2023,5,14
230022012,Property Damage Crash,05/08/2023 02:11:00 PM,MIDDLEBROOK RD,NA,SAME DIR REAR END,Clear,DRY,Daylight,TRAFFIC SIGNAL,NONE DETECTED,No,No Apparent Injury,N/A,NOT DISTRACTED,MD,PASSENGER CAR,SLOWING OR STOPPING,40,No,2022,HOND,SD,39.17926,-77.266815,2023,5,14
230021991,Property Damage Crash,05/08/2023 02:06:00 PM,GOLDSBORO RD,NA,SAME DIR REAR END,Clear,DRY,Daylight,NO CONTROLS,NONE DETECTED,No,No Apparent Injury,N/A,NOT DISTRACTED,MD,(SPORT) UTILITY VEHICLE,SLOWING OR STOPPING,35,No,2020,MERCEDES,TK,38.97138597,-77.12494739,2023,5,14
230021991,Property Damage Crash,05/08/2023 02:06:00 PM,GOLDSBORO RD,NA,SAME DIR REAR END,Clear,DRY,Daylight,NO CONTROLS,NONE DETECTED,Yes,No Apparent Injury,N/A,UNKNOWN,MD,PASSENGER CAR,MOVING CONSTANT SPEED,35,No,2017,HYUNDAI,SONATA,38.97138597,-77.12494739,2023,5,14
230021979,Property Damage Crash,05/08/2023 01:23:00 PM,UNIVERSITY BLVD W,NA,SAME DIR REAR END,Clear,DRY,Daylight,TRAFFIC SIGNAL,NONE DETECTED,No,No Apparent Injury,N/A,NOT DISTRACTED,MD,PASSENGER CAR,SLOWING OR STOPPING,35,No,2011,VOLTSWAGON,TIGUAN,39.026405,-77.02039659,2023,5,13
230021979,Property Damage Crash,05/08/2023 01:23:00 PM,UNIVERSITY BLVD W,NA,SAME DIR REAR END,Clear,DRY,Daylight,TRAFFIC SIGNAL,NONE DETECTED,Yes,No Apparent Injury,N/A,OTHER DISTRACTION,XX,PASSENGER CAR,SLOWING OR STOPPING,35,No,2008,MITSUBISHI,GALANT,39.026405,-77.02039659,2023,5,13
230021984,Injury Crash,05/08/2023 01:08:00 PM,CAPITAL BELTWAY,NA,SAME DIR REAR END,Clear,DRY,Daylight,NO CONTROLS,NONE DETECTED,No,Possible Minor Injury,N/A,NOT DISTRACTED,SC,PASSENGER CAR,SLOWING OR STOPPING,55,No,2020,HONDA,ACCORD,39.01333417,-77.1320785,2023,5,13
230021984,Injury Crash,05/08/2023 01:08:00 PM,CAPITAL BELTWAY,NA,SAME DIR REAR END,Clear,DRY,Daylight,NO CONTROLS,NONE DETECTED,Yes,No Apparent Injury,N/A,NOT DISTRACTED,VA,PASSENGER CAR,MOVING CONSTANT SPEED,55,No,2017,CHEVY,MALIBU,39.01333417,-77.1320785,2023,5,13
230021966,Property Damage Crash,05/08/2023 12:47:00 PM,ROCKLEDGE DR,NA,SINGLE VEHICLE,Clear,DRY,Daylight,TRAFFIC SIGNAL,NONE DETECTED,Yes,No Apparent Injury,N/A,OTHER ELECTRONIC DEVICE (NAVIGATIONAL PALM PILOT),MD,(SPORT) UTILITY VEHICLE,MAKING LEFT TURN,30,No,2022,HONDA,CR-V,39.03164833,-77.13171467,2023,5,12
230021959,Injury Crash,05/08/2023 11:49:00 AM,DAMASCUS RD,NA,SINGLE VEHICLE,Clear,DRY,Daylight,NO CONTROLS,NONE DETECTED,Yes,Possible Minor Injury,N/A,NOT DISTRACTED,MD,(SPORT) UTILITY VEHICLE,SLOWING OR STOPPING,50,No,2013,HONDA,CR-V,39.28170717,-77.17358017,2023,5,11
230022030,Injury Crash,05/08/2023 11:30:00 AM,JONES BRIDGE RD,BICYCLIST,SINGLE VEHICLE,Clear,DRY,Daylight,TRAFFIC SIGNAL,NONE DETECTED,Yes,No Apparent Injury,N/A,LOOKED BUT DID NOT SEE,MD,PASSENGER CAR,MAKING RIGHT TURN,30,No,2015,NISSAN,4S,39.00025213,-77.08010321,2023,5,11
230021953,Injury Crash,05/08/2023 11:30:00 AM,SPENCERVILLE RD,NA,SAME DIR REAR END,Clear,DRY,Daylight,TRAFFIC SIGNAL,NONE DETECTED,No,No Apparent Injury,N/A,NOT DISTRACTED,MD,STATION WAGON,STOPPED IN TRAFFIC LANE,40,No,2016,BMW,TK,39.12104368,-76.98814013,2023,5,11
230021953,Injury Crash,05/08/2023 11:30:00 AM,SPENCERVILLE RD,NA,SAME DIR REAR END,Clear,DRY,Daylight,TRAFFIC SIGNAL,NONE DETECTED,Yes,Possible Minor Injury,N/A,UNKNOWN,MD,(SPORT) UTILITY VEHICLE,UNKNOWN,40,No,2016,HOND,TK,39.12104368,-76.98814013,2023,5,11
230021931,Property Damage Crash,05/08/2023 09:20:00 AM,E GUDE DR,NA,OTHER,Clear,DRY,Daylight,N/A,NONE DETECTED,No,No Apparent Injury,N/A,UNKNOWN,GA,PASSENGER CAR,MOVING CONSTANT SPEED,40,No,2016,NISSAN,ROGUE,39.09700133,-77.134954,2023,5,9
230021931,Property Damage Crash,05/08/2023 09:20:00 AM,E GUDE DR,NA,OTHER,Clear,DRY,Daylight,N/A,NONE DETECTED,Yes,No Apparent Injury,N/A,UNKNOWN,PA,TRUCK TRACTOR,MAKING RIGHT TURN,40,No,2004,MACK,TT,39.09700133,-77.134954,2023,5,9
230021928,Property Damage Crash,05/08/2023 09:10:00 AM,MUDDY BRANCH RD,NA,STRAIGHT MOVEMENT ANGLE,Clear,DRY,Daylight,NO CONTROLS,NONE DETECTED,Yes,No Apparent Injury,N/A,UNKNOWN,NC,PASSENGER CAR,MOVING CONSTANT SPEED,30,No,2014,HYUN,ELANTRA,39.11238133,-77.216201,2023,5,9
230021928,Property Damage Crash,05/08/2023 09:10:00 AM,MUDDY BRANCH RD,NA,STRAIGHT MOVEMENT ANGLE,Clear,DRY,Daylight,NO CONTROLS,NONE DETECTED,No,No Apparent Injury,N/A,NOT DISTRACTED,MD,PASSENGER CAR,MOVING CONSTANT SPEED,30,No,2014,BMW,X1,39.11238133,-77.216201,2023,5,9
230021923,Injury Crash,05/08/2023 08:30:00 AM,S FREDERICK RD,NA,HEAD ON LEFT TURN,Clear,DRY,Daylight,STOP SIGN,NONE DETECTED,Yes,Possible Minor Injury,N/A,LOOKED BUT DID NOT SEE,MD,PASSENGER CAR,MAKING U TURN,35,No,2010,HONDA,ODYSSEY,39.13026312,-77.18732812,2023,5,8
230021923,Injury Crash,05/08/2023 08:30:00 AM,S FREDERICK RD,NA,HEAD ON LEFT TURN,Clear,DRY,Daylight,STOP SIGN,NONE DETECTED,No,Possible Minor Injury,N/A,NOT DISTRACTED,MD,PASSENGER CAR,MOVING CONSTANT SPEED,35,No,2016,HYUNDAI,SW,39.13026312,-77.18732812,2023,5,8
230021917,Property Damage Crash,05/08/2023 07:52:00 AM,OBSERVATION DR,NA,SAME DIRECTION LEFT TURN,Clear,WET,Daylight,NO CONTROLS,NONE DETECTED,No,No Apparent Injury,"N/A, WET",NOT DISTRACTED,MD,PICKUP TRUCK,MOVING CONSTANT SPEED,25,No,2010,FORD,F150,39.18117367,-77.24477567,2023,5,7
230021917,Property Damage Crash,05/08/2023 07:52:00 AM,OBSERVATION DR,NA,SAME DIRECTION LEFT TURN,Clear,WET,Daylight,NO CONTROLS,NONE DETECTED,Yes,No Apparent Injury,"N/A, WET",LOOKED BUT DID NOT SEE,MD,PASSENGER CAR,MAKING LEFT TURN,25,No,2015,NISSAN,ALTIMA,39.18117367,-77.24477567,2023,5,7
230021913,Injury Crash,05/08/2023 07:32:00 AM,VEIRS MILL RD,NA,SAME DIR REAR END,Clear,WET,Daylight,TRAFFIC SIGNAL,NONE DETECTED,No,Possible Minor Injury,"N/A, WET",NOT DISTRACTED,MD,PASSENGER CAR,STOPPED IN TRAFFIC LANE,40,No,2013,FORD,SD,39.07716712,-77.12356723,2023,5,7
230021916,Injury Crash,05/08/2023 07:32:00 AM,MASSACHUSETTS AVE,NA,STRAIGHT MOVEMENT ANGLE,Cloudy,DRY,Daylight,TRAFFIC SIGNAL,NONE DETECTED,Yes,No Apparent Injury,N/A,UNKNOWN,MD,(SPORT) UTILITY VEHICLE,ACCELERATING,25,No,2023,MERCEDES,EQS,38.96346433,-77.12105917,2023,5,7
230021916,Injury Crash,05/08/2023 07:32:00 AM,MASSACHUSETTS AVE,NA,STRAIGHT MOVEMENT ANGLE,Cloudy,DRY,Daylight,TRAFFIC SIGNAL,NONE DETECTED,No,Possible Minor Injury,N/A,NOT DISTRACTED,MD,(SPORT) UTILITY VEHICLE,MOVING CONSTANT SPEED,30,No,2023,HYUNDAI,PALISADE,38.96346433,-77.12105917,2023,5,7
230021913,Injury Crash,05/08/2023 07:32:00 AM,VEIRS MILL RD,NA,SAME DIR REAR END,Clear,WET,Daylight,TRAFFIC SIGNAL,NONE DETECTED,Yes,No Apparent Injury,"N/A, WET",OTHER DISTRACTION,MD,PASSENGER CAR,MOVING CONSTANT SPEED,40,No,2007,VOLK,SD,39.07716712,-77.12356723,2023,5,7
230021913,Injury Crash,05/08/2023 07:32:00 AM,VEIRS MILL RD,NA,SAME DIR REAR END,Clear,WET,Daylight,TRAFFIC SIGNAL,NONE DETECTED,No,No Apparent Injury,"N/A, WET",NOT DISTRACTED,MD,VAN,STOPPED IN TRAFFIC LANE,40,No,2012,MERZ,TK,39.07716712,-77.12356723,2023,5,7
230021915,Property Damage Crash,05/08/2023 07:30:00 AM,EISENHOWER MEMORIAL HWY,NA,SINGLE VEHICLE,Cloudy,WET,Daylight,NO CONTROLS,NONE DETECTED,Yes,No Apparent Injury,"N/A, WET",UNKNOWN,MD,PASSENGER CAR,MOVING CONSTANT SPEED,55,No,2009,HOND,CIVIC,39.12036,-77.195391,2023,5,7
230021914,Property Damage Crash,05/08/2023 07:10:00 AM,SHADY GROVE RD,NA,SAME DIR REAR END,Clear,WET,Daylight,TRAFFIC SIGNAL,NONE DETECTED,No,No Apparent Injury,N/A,NOT DISTRACTED,MD,PASSENGER CAR,STOPPED IN TRAFFIC LANE,30,No,2017,TOYT,4S,39.08306917,-77.21754133,2023,5,7
230021914,Property Damage Crash,05/08/2023 07:10:00 AM,SHADY GROVE RD,NA,SAME DIR REAR END,Clear,WET,Daylight,TRAFFIC SIGNAL,NONE DETECTED,Yes,No Apparent Injury,N/A,OTHER DISTRACTION,MD,SCHOOL BUS,BACKING,30,No,2019,FRHT,BU,39.08306917,-77.21754133,2023,5,7
230021909,Property Damage Crash,05/08/2023 07:05:00 AM,HUNGERFORD DR,NA,SAME DIR REAR END,Clear,WET,Daylight,TRAFFIC SIGNAL,NONE DETECTED,Yes,No Apparent Injury,N/A,UNKNOWN,XX,PASSENGER CAR,MOVING CONSTANT SPEED,35,No,2018,KIA,NIRO,39.0873285,-77.150209,2023,5,7
230021909,Property Damage Crash,05/08/2023 07:05:00 AM,HUNGERFORD DR,NA,SAME DIR REAR END,Clear,WET,Daylight,TRAFFIC SIGNAL,NONE DETECTED,No,No Apparent Injury,N/A,NOT DISTRACTED,MD,TRANSIT BUS,STOPPED IN TRAFFIC LANE,35,No,2010,TRANSIT,BUS,39.0873285,-77.150209,2023,5,7
230021908,Injury Crash,05/08/2023 07:00:00 AM,KNOWLES AVE,NA,STRAIGHT MOVEMENT ANGLE,Rain,WET,Daylight,STOP SIGN,NONE DETECTED,Yes,No Apparent Injury,"VISION OBSTRUCTION (INCL. BLINDED BY SUN), WET",NOT DISTRACTED,MD,(SPORT) UTILITY VEHICLE,ENTERING TRAFFIC LANE,30,No,2001,TOYT,RAV4,39.02780133,-77.07806417,2023,5,7
230021908,Injury Crash,05/08/2023 07:00:00 AM,KNOWLES AVE,NA,STRAIGHT MOVEMENT ANGLE,Rain,WET,Daylight,STOP SIGN,NONE DETECTED,No,No Apparent Injury,"VISION OBSTRUCTION (INCL. BLINDED BY SUN), WET",NOT DISTRACTED,TX,(SPORT) UTILITY VEHICLE,MOVING CONSTANT SPEED,30,No,2016,LEXUS,GX460,39.02780133,-77.07806417,2023,5,7
230021936,Property Damage Crash,05/08/2023 04:00:00 AM,NA,NA,SINGLE VEHICLE,Clear,NA,Dark,NO CONTROLS,NONE DETECTED,Yes,No Apparent Injury,N/A,UNKNOWN,NA,PASSENGER CAR,OTHER,0,No,2018,HYUNDAI,ELANTRA,39.10938279,-77.21002542,2023,5,4
230021662,Property Damage Crash,05/08/2023 02:27:00 AM,EISENHOWER MEMORIAL HWY,NA,SAME DIR REAR END,Clear,DRY,Medium,NO CONTROLS,ALCOHOL PRESENT,Yes,No Apparent Injury,N/A,UNKNOWN,MD,PASSENGER CAR,MOVING CONSTANT SPEED,55,No,2018,AUDI,A5,39.11343287,-77.19033689,2023,5,2
230021662,Property Damage Crash,05/08/2023 02:27:00 AM,EISENHOWER MEMORIAL HWY,NA,SAME DIR REAR END,Clear,DRY,Medium,NO CONTROLS,NONE DETECTED,No,No Apparent Injury,N/A,UNKNOWN,NA,NA,MOVING CONSTANT SPEED,55,No,0,UNKNOWN,UNKNOWN,39.11343287,-77.19033689,2023,5,2
230021886,Property Damage Crash,05/07/2023 09:29:00 PM,NEW HAMPSHIRE AVE,NA,OTHER,Rain,WET,Medium,N/A,NONE DETECTED,Yes,No Apparent Injury,"SLEET, HAIL, FREEZ. RAIN, WET",UNKNOWN,MD,PASSENGER CAR,ACCELERATING,45,No,2023,BMW,M5,39.09055667,-77.00026333,2023,5,21
230021886,Property Damage Crash,05/07/2023 09:29:00 PM,NEW HAMPSHIRE AVE,NA,OTHER,Rain,WET,Medium,N/A,NONE DETECTED,No,No Apparent Injury,"SLEET, HAIL, FREEZ. RAIN, WET",NOT DISTRACTED,MD,PASSENGER CAR,SLOWING OR STOPPING,45,No,1999,CHEVY,CORVETTE,39.09055667,-77.00026333,2023,5,21
230021888,Property Damage Crash,05/07/2023 09:28:00 PM,NA,NA,OTHER,Clear,NA,Medium,NO CONTROLS,ALCOHOL PRESENT,Yes,No Apparent Injury,N/A,LOOKED BUT DID NOT SEE,VA,PASSENGER CAR,BACKING,15,No,2008,VOLKSWAGON,GTI,39.11634124,-77.19835552,2023,5,21
230021884,Property Damage Crash,05/07/2023 08:56:00 PM,NA,NA,SINGLE VEHICLE,Rain,NA,Medium,N/A,NONE DETECTED,Yes,No Apparent Injury,N/A,NOT DISTRACTED,MD,PASSENGER CAR,ACCELERATING,25,No,2016,HONDA,CRV,38.996773,-77.03773133,2023,5,20
230021877,Property Damage Crash,05/07/2023 08:15:00 PM,AIRPARK RD,NA,SINGLE VEHICLE,Rain,WET,Medium,N/A,NONE DETECTED,Yes,No Apparent Injury,"RAIN, SNOW, WET",UNKNOWN,MD,PASSENGER CAR,NEGOTIATING A CURVE,50,No,2009,TOYOTA,COROLLA,39.15436833,-77.14184667,2023,5,20
230021879,Property Damage Crash,05/07/2023 08:00:00 PM,TOURMALINE CT,NA,SAME DIR REAR END,Clear,WET,Medium,OTHER,NONE DETECTED,No,No Apparent Injury,"N/A, WET",UNKNOWN,MD,VAN,SLOWING OR STOPPING,40,No,2018,HONDA,ODDESSY,39.0656825,-76.9732505,2023,5,20
230021879,Property Damage Crash,05/07/2023 08:00:00 PM,TOURMALINE CT,NA,SAME DIR REAR END,Clear,WET,Medium,OTHER,NONE DETECTED,Yes,No Apparent Injury,"N/A, WET",UNKNOWN,MD,PASSENGER CAR,MOVING CONSTANT SPEED,40,No,2010,TOYOTA,PRIUS,39.0656825,-76.9732505,2023,5,20
230021867,Property Damage Crash,05/07/2023 07:25:00 PM,NEW HAMPSHIRE AVE,NA,SAME DIR REAR END,Rain,WET,Daylight,TRAFFIC SIGNAL,NONE DETECTED,Yes,No Apparent Injury,"N/A, WET",UNKNOWN,MD,PASSENGER CAR,MOVING CONSTANT SPEED,45,No,1995,TOYOTA,CAMRY,39.01522556,-76.97776846,2023,5,19
230021867,Property Damage Crash,05/07/2023 07:25:00 PM,NEW HAMPSHIRE AVE,NA,SAME DIR REAR END,Rain,WET,Daylight,TRAFFIC SIGNAL,NONE DETECTED,No,No Apparent Injury,"N/A, WET",NOT DISTRACTED,MD,PASSENGER CAR,MOVING CONSTANT SPEED,45,No,2003,HONDA,PILOT,39.01522556,-76.97776846,2023,5,19
230021870,Property Damage Crash,05/07/2023 06:57:00 PM,RUSSELL AVE,NA,SAME DIR REAR END,Rain,WET,Daylight,TRAFFIC SIGNAL,NONE DETECTED,Yes,No Apparent Injury,N/A,UNKNOWN,NA,PASSENGER CAR,MOVING CONSTANT SPEED,30,No,2008,TOYOTA,SIENNA,39.15054581,-77.20396906,2023,5,18
230021870,Property Damage Crash,05/07/2023 06:57:00 PM,RUSSELL AVE,NA,SAME DIR REAR END,Rain,WET,Daylight,TRAFFIC SIGNAL,NONE DETECTED,No,No Apparent Injury,N/A,NOT DISTRACTED,VA,PASSENGER CAR,STOPPED IN TRAFFIC LANE,30,No,2022,MAZDA,CX-30,39.15054581,-77.20396906,2023,5,18
230021873,Property Damage Crash,05/07/2023 06:43:00 PM,GEORGIA AVE,NA,SAME DIR REAR END,Rain,WET,Daylight,TRAFFIC SIGNAL,NONE DETECTED,Yes,No Apparent Injury,"N/A, RAIN, SNOW",UNKNOWN,NA,PASSENGER CAR,SLOWING OR STOPPING,35,No,2004,TOYOTA,COROLLA,39.06104388,-77.05104661,2023,5,18
230021873,Property Damage Crash,05/07/2023 06:43:00 PM,GEORGIA AVE,NA,SAME DIR REAR END,Rain,WET,Daylight,TRAFFIC SIGNAL,NONE DETECTED,No,No Apparent Injury,"N/A, RAIN, SNOW",NOT DISTRACTED,MD,PASSENGER CAR,SLOWING OR STOPPING,35,No,2015,HONDA,ACCORD,39.06104388,-77.05104661,2023,5,18
230021864,Property Damage Crash,05/07/2023 06:40:00 PM,ROCKLEDGE DR,NA,SAME DIR REAR END,Rain,WET,Daylight,NO CONTROLS,NONE DETECTED,Yes,No Apparent Injury,"SLEET, HAIL, FREEZ. RAIN, WET",NOT DISTRACTED,MD,PASSENGER CAR,SLOWING OR STOPPING,25,No,2016,ACURA,TLX,39.0281425,-77.13896983,2023,5,18
230021864,Property Damage Crash,05/07/2023 06:40:00 PM,ROCKLEDGE DR,NA,SAME DIR REAR END,Rain,WET,Daylight,NO CONTROLS,NONE DETECTED,No,No Apparent Injury,"SLEET, HAIL, FREEZ. RAIN, WET",NOT DISTRACTED,MD,PASSENGER CAR,SLOWING OR STOPPING,25,No,2011,KIA,UT,39.0281425,-77.13896983,2023,5,18
230021863,Property Damage Crash,05/07/2023 06:21:00 PM,RANDOLPH RD,NA,SINGLE VEHICLE,Rain,WET,Daylight,NO CONTROLS,NONE DETECTED,Yes,No Apparent Injury,"RAIN, SNOW, WET",UNKNOWN,MD,PASSENGER CAR,SLOWING OR STOPPING,45,No,2016,VOLKSWAGEN,GTI,39.07497945,-77.00503398,2023,5,18
230021861,Property Damage Crash,05/07/2023 06:01:00 PM,RANDOLPH RD,NA,SAME DIR REAR END,Rain,WET,Daylight,TRAFFIC SIGNAL,NONE DETECTED,Yes,No Apparent Injury,"RAIN, SNOW, WET",UNKNOWN,MD,STATION WAGON,SLOWING OR STOPPING,35,No,1991,MERCEDES,300TE,39.05348333,-77.10401167,2023,5,18
230021861,Property Damage Crash,05/07/2023 06:01:00 PM,RANDOLPH RD,NA,SAME DIR REAR END,Rain,WET,Daylight,TRAFFIC SIGNAL,NONE DETECTED,No,No Apparent Injury,"RAIN, SNOW, WET",NOT DISTRACTED,NY,PASSENGER CAR,STOPPED IN TRAFFIC LANE,35,No,1998,TOYOTA,CAMRY,39.05348333,-77.10401167,2023,5,18
230021859,Injury Crash,05/07/2023 05:57:00 PM,NEW HAMPSHIRE AVE,NA,SAME DIR REAR END,Cloudy,DRY,Daylight,TRAFFIC SIGNAL,NONE DETECTED,No,Possible Minor Injury,N/A,NOT DISTRACTED,MD,PASSENGER CAR,SLOWING OR STOPPING,40,No,2014,NISSAN,SENTRA,39.00794299,-76.98000915,2023,5,17
230021859,Injury Crash,05/07/2023 05:57:00 PM,NEW HAMPSHIRE AVE,NA,SAME DIR REAR END,Cloudy,DRY,Daylight,TRAFFIC SIGNAL,NONE DETECTED,Yes,No Apparent Injury,N/A,NOT DISTRACTED,MD,PASSENGER CAR,SLOWING OR STOPPING,40,No,2006,TOYOTA,TACOMA,39.00794299,-76.98000915,2023,5,17
230021836,Injury Crash,05/07/2023 02:16:00 PM,WOODFIELD RD,NA,HEAD ON LEFT TURN,Cloudy,DRY,Daylight,TRAFFIC SIGNAL,NONE DETECTED,No,No Apparent Injury,N/A,NOT DISTRACTED,MD,PASSENGER CAR,MOVING CONSTANT SPEED,30,No,2009,TOYOTA,CAMRY,39.28763167,-77.20179833,2023,5,14
230021836,Injury Crash,05/07/2023 02:16:00 PM,WOODFIELD RD,NA,HEAD ON LEFT TURN,Cloudy,DRY,Daylight,TRAFFIC SIGNAL,NONE DETECTED,Yes,Possible Minor Injury,N/A,LOOKED BUT DID NOT SEE,MD,PASSENGER CAR,MAKING LEFT TURN,30,No,2016,AUDI,Q5,39.28763167,-77.20179833,2023,5,14
230021838,Injury Crash,05/07/2023 02:13:00 PM,SEVEN LOCKS RD,NA,SAME DIR REAR END,Cloudy,DRY,Daylight,NO CONTROLS,NONE DETECTED,No,No Apparent Injury,N/A,NOT DISTRACTED,MD,PASSENGER CAR,SLOWING OR STOPPING,35,No,2005,HONDA,ODYSSEY,39.04107967,-77.159178,2023,5,14
230021838,Injury Crash,05/07/2023 02:13:00 PM,SEVEN LOCKS RD,NA,SAME DIR REAR END,Cloudy,DRY,Daylight,NO CONTROLS,NONE DETECTED,Yes,No Apparent Injury,N/A,UNKNOWN,MD,PASSENGER CAR,SLOWING OR STOPPING,35,No,2018,MAZDA,3,39.04107967,-77.159178,2023,5,14
230021833,Property Damage Crash,05/07/2023 02:07:00 PM,GEORGIA AVE,NA,SAME DIRECTION SIDESWIPE,Clear,DRY,Daylight,TRAFFIC SIGNAL,NONE DETECTED,Yes,No Apparent Injury,N/A,LOOKED BUT DID NOT SEE,VT,AMBULANCE/EMERGENCY,CHANGING LANES,15,No,2020,FRHT,M2,39.03884667,-77.05079646,2023,5,14
230021833,Property Damage Crash,05/07/2023 02:07:00 PM,GEORGIA AVE,NA,SAME DIRECTION SIDESWIPE,Clear,DRY,Daylight,TRAFFIC SIGNAL,NONE DETECTED,No,No Apparent Injury,N/A,NOT DISTRACTED,MD,PASSENGER CAR,STOPPED IN TRAFFIC LANE,0,No,2017,TOYO,COROLLA,39.03884667,-77.05079646,2023,5,14