Local Case Number,ACRS Report Type,Crash Date/Time,Road Name,Related Non-Motorist,Collision Type,Weather,Surface Condition,Light,Traffic Control,Driver Substance Abuse,Driver At Fault,Injury Severity,Circumstance,Driver Distracted By,Drivers License State,Vehicle Body Type,Vehicle Movement,Speed Limit,Driverless Vehicle,Vehicle Year,Vehicle Make,Vehicle Model,Latitude,Longitude,Year,Month,Hour
230021830,Property Damage Crash,05/07/2023 01:39:00 PM,GEORGIA AVE,NA,STRAIGHT MOVEMENT ANGLE,Clear,DRY,Daylight,TRAFFIC SIGNAL,NONE DETECTED,No,No Apparent Injury,N/A,NOT DISTRACTED,DC,PASSENGER CAR,MOVING CONSTANT SPEED,30,No,2018,HONDA,CIVIC,38.99600594,-77.02817689,2023,5,13
230021830,Property Damage Crash,05/07/2023 01:39:00 PM,GEORGIA AVE,NA,STRAIGHT MOVEMENT ANGLE,Clear,DRY,Daylight,TRAFFIC SIGNAL,NONE DETECTED,Yes,No Apparent Injury,N/A,NOT DISTRACTED,XX,VAN,MAKING LEFT TURN,30,No,2000,CHEVROLET,ASTROVAN,38.99600594,-77.02817689,2023,5,13
230021808,Injury Crash,05/07/2023 10:29:00 AM,MUNCASTER MILL RD,NA,SAME DIR REAR END,Cloudy,DRY,Daylight,TRAFFIC SIGNAL,NONE DETECTED,Yes,No Apparent Injury,N/A,NOT DISTRACTED,MD,PASSENGER CAR,SLOWING OR STOPPING,40,No,2018,MAZDA,CX3,39.13493443,-77.12393473,2023,5,10
230021808,Injury Crash,05/07/2023 10:29:00 AM,MUNCASTER MILL RD,NA,SAME DIR REAR END,Cloudy,DRY,Daylight,TRAFFIC SIGNAL,NONE DETECTED,No,Possible Minor Injury,N/A,NOT DISTRACTED,MD,PASSENGER CAR,STOPPED IN TRAFFIC LANE,40,No,2019,SUBA,CROSSTREK,39.13493443,-77.12393473,2023,5,10
230021802,Property Damage Crash,05/07/2023 09:24:00 AM,FREDERICK RD,NA,STRAIGHT MOVEMENT ANGLE,Clear,DRY,Daylight,TRAFFIC SIGNAL,NONE DETECTED,No,No Apparent Injury,N/A,NOT DISTRACTED,MD,PASSENGER CAR,MOVING CONSTANT SPEED,40,No,2016,LEXS,RX 350,39.10665774,-77.15880452,2023,5,9
230021802,Property Damage Crash,05/07/2023 09:24:00 AM,FREDERICK RD,NA,STRAIGHT MOVEMENT ANGLE,Clear,DRY,Daylight,TRAFFIC SIGNAL,NONE DETECTED,Yes,No Apparent Injury,N/A,NOT DISTRACTED,MD,PASSENGER CAR,SLOWING OR STOPPING,35,No,2007,HYUNDAI,SDN,39.10665774,-77.15880452,2023,5,9
230021804,Property Damage Crash,05/07/2023 09:15:00 AM,NA,NA,N/A,Cloudy,NA,Daylight,NO CONTROLS,NONE DETECTED,Yes,No Apparent Injury,N/A,NOT DISTRACTED,MD,PASSENGER CAR,BACKING,0,No,2008,HONDA,CIVIC,39.14510175,-77.21683925,2023,5,9
230021794,Property Damage Crash,05/07/2023 07:25:00 AM,CONNECTICUT AVE,NA,STRAIGHT MOVEMENT ANGLE,Cloudy,DRY,Daylight,N/A,NONE DETECTED,No,No Apparent Injury,N/A,NOT DISTRACTED,MD,PASSENGER CAR,MOVING CONSTANT SPEED,40,No,2018,HONDA,CIVIC,39.07788833,-77.08055333,2023,5,7
230021794,Property Damage Crash,05/07/2023 07:25:00 AM,CONNECTICUT AVE,NA,STRAIGHT MOVEMENT ANGLE,Cloudy,DRY,Daylight,N/A,NONE DETECTED,Yes,No Apparent Injury,N/A,LOOKED BUT DID NOT SEE,MD,PASSENGER CAR,MAKING LEFT TURN,40,No,2020,TOYOTA,RAV4,39.07788833,-77.08055333,2023,5,7
230021787,Property Damage Crash,05/07/2023 04:55:00 AM,CAMERON ST,NA,SINGLE VEHICLE,Clear,DRY,Medium,NO CONTROLS,NONE DETECTED,Yes,No Apparent Injury,N/A,UNKNOWN,MD,PASSENGER CAR,MOVING CONSTANT SPEED,25,No,2019,HONDA,CIVIC,38.9955823,-77.03336932,2023,5,4
230021781,Property Damage Crash,05/07/2023 03:11:00 AM,HICKERSON DR,NA,OTHER,Clear,DRY,Medium,NO CONTROLS,ALCOHOL PRESENT,Yes,No Apparent Injury,N/A,NOT DISTRACTED,MD,PICKUP TRUCK,MAKING RIGHT TURN,25,No,2013,FORD,F150,39.04238183,-77.05100317,2023,5,3
230021779,Property Damage Crash,05/07/2023 02:26:00 AM,CENTERWAY RD,NA,HEAD ON LEFT TURN,Clear,DRY,Medium,NO CONTROLS,NONE DETECTED,No,No Apparent Injury,N/A,NOT DISTRACTED,MD,(SPORT) UTILITY VEHICLE,MOVING CONSTANT SPEED,35,No,2018,TOYOTA,RAV 4,39.169451,-77.18282783,2023,5,2
230021779,Property Damage Crash,05/07/2023 02:26:00 AM,CENTERWAY RD,NA,HEAD ON LEFT TURN,Clear,DRY,Medium,NO CONTROLS,NONE DETECTED,Yes,No Apparent Injury,N/A,NOT DISTRACTED,MD,PASSENGER CAR,MAKING U TURN,35,No,2018,HYUNDAI,SONATA,39.169451,-77.18282783,2023,5,2
230021776,Property Damage Crash,05/07/2023 01:39:00 AM,NA,NA,N/A,Clear,NA,Medium,NO CONTROLS,NONE DETECTED,Yes,No Apparent Injury,N/A,UNKNOWN,NA,PASSENGER CAR,STARTING FROM PARKED,0,No,2021,TOYT,TACOMA,39.1929186,-77.1928633,2023,5,1
230021769,Property Damage Crash,05/06/2023 11:47:00 PM,POWDER MILL RD,NA,OPPOSITE DIRECTION SIDESWIPE,Clear,DRY,Medium,NO CONTROLS,ALCOHOL PRESENT,Yes,No Apparent Injury,N/A,UNKNOWN,MD,PASSENGER CAR,ACCELERATING,25,No,2021,TOYOTA,CAMRY,39.02281767,-76.97411333,2023,5,23
230021768,Property Damage Crash,05/06/2023 11:40:00 PM,ROCKVILLE PIKE,NA,STRAIGHT MOVEMENT ANGLE,Clear,DRY,Medium,TRAFFIC SIGNAL,NONE DETECTED,No,No Apparent Injury,N/A,NOT DISTRACTED,MD,PASSENGER CAR,MOVING CONSTANT SPEED,35,No,2009,TOYT,4S,39.0834764,-77.14697252,2023,5,23
230021768,Property Damage Crash,05/06/2023 11:40:00 PM,ROCKVILLE PIKE,NA,STRAIGHT MOVEMENT ANGLE,Clear,DRY,Medium,TRAFFIC SIGNAL,NONE DETECTED,Yes,No Apparent Injury,N/A,NOT DISTRACTED,MD,PASSENGER CAR,MAKING LEFT TURN,35,No,2022,CHEV,PC,39.0834764,-77.14697252,2023,5,23
230021766,Property Damage Crash,05/06/2023 11:08:00 PM,CRESTHAVEN DR,NA,SAME DIR BOTH LEFT TURN,Clear,DRY,Dark,NO CONTROLS,NONE DETECTED,Yes,No Apparent Injury,N/A,UNKNOWN,NA,PASSENGER CAR,MOVING CONSTANT SPEED,25,No,2007,TOYOTA,SEDAN,39.02917754,-76.98562901,2023,5,23
230021762,Property Damage Crash,05/06/2023 10:08:00 PM,COLESVILLE RD,NA,STRAIGHT MOVEMENT ANGLE,Clear,DRY,Medium,TRAFFIC SIGNAL,NONE DETECTED,Yes,No Apparent Injury,N/A,UNKNOWN,NA,PASSENGER CAR,MOVING CONSTANT SPEED,35,No,2016,HONDA,ACCORD,38.99631833,-77.02828333,2023,5,22
230021762,Property Damage Crash,05/06/2023 10:08:00 PM,COLESVILLE RD,NA,STRAIGHT MOVEMENT ANGLE,Clear,DRY,Medium,TRAFFIC SIGNAL,NONE DETECTED,No,No Apparent Injury,N/A,NOT DISTRACTED,DC,PASSENGER CAR,ACCELERATING,35,No,2005,HONDA,ODYSSEY,38.99631833,-77.02828333,2023,5,22
230021761,Injury Crash,05/06/2023 10:02:00 PM,WATKINS MILL RD,NA,STRAIGHT MOVEMENT ANGLE,Clear,DRY,Medium,NO CONTROLS,NONE DETECTED,No,Possible Minor Injury,N/A,NOT DISTRACTED,MD,PASSENGER CAR,MOVING CONSTANT SPEED,35,No,2018,NISSAN,ALTIMA,39.17209833,-77.208445,2023,5,22
230021761,Injury Crash,05/06/2023 10:02:00 PM,WATKINS MILL RD,NA,STRAIGHT MOVEMENT ANGLE,Clear,DRY,Medium,NO CONTROLS,NONE DETECTED,Yes,No Apparent Injury,N/A,LOOKED BUT DID NOT SEE,MD,PASSENGER CAR,MAKING LEFT TURN,35,No,1998,LEXUS,SD,39.17209833,-77.208445,2023,5,22
230021754,Property Damage Crash,05/06/2023 08:38:00 PM,HILDAROSE DR,NA,STRAIGHT MOVEMENT ANGLE,Clear,DRY,Medium,NO CONTROLS,NONE DETECTED,No,No Apparent Injury,N/A,NOT DISTRACTED,PA,(SPORT) UTILITY VEHICLE,MOVING CONSTANT SPEED,25,No,2016,BMW,SUV,39.0201965,-77.045928,2023,5,20
230021754,Property Damage Crash,05/06/2023 08:38:00 PM,HILDAROSE DR,NA,STRAIGHT MOVEMENT ANGLE,Clear,DRY,Medium,NO CONTROLS,NONE DETECTED,Yes,No Apparent Injury,N/A,LOOKED BUT DID NOT SEE,MD,PICKUP TRUCK,MAKING RIGHT TURN,25,No,2000,FORD,F250,39.0201965,-77.045928,2023,5,20
230021750,Property Damage Crash,05/06/2023 08:15:00 PM,COLESVILLE RD,NA,SINGLE VEHICLE,Clear,DRY,Medium,N/A,NONE DETECTED,Yes,No Apparent Injury,N/A,INATTENTIVE OR LOST IN THOUGHT,MD,PASSENGER CAR,MOVING CONSTANT SPEED,30,No,2006,ACUR,SD,39.02059167,-77.01216,2023,5,20
230021746,Property Damage Crash,05/06/2023 07:20:00 PM,NA,NA,OTHER,Clear,NA,Daylight,N/A,NONE DETECTED,Yes,No Apparent Injury,N/A,UNKNOWN,MD,PASSENGER CAR,ACCELERATING,15,No,2016,FORD,SD,39.11470091,-77.21707452,2023,5,19
230021745,Injury Crash,05/06/2023 07:15:00 PM,MONTGOMERY VILLAGE AVE,NA,SAME DIR REAR END,Clear,DRY,Daylight,TRAFFIC SIGNAL,NONE DETECTED,Yes,No Apparent Injury,N/A,NOT DISTRACTED,MD,PASSENGER CAR,MOVING CONSTANT SPEED,35,No,2004,LEXUS,SUV,39.15912833,-77.202615,2023,5,19
230021745,Injury Crash,05/06/2023 07:15:00 PM,MONTGOMERY VILLAGE AVE,NA,SAME DIR REAR END,Clear,DRY,Daylight,TRAFFIC SIGNAL,NONE DETECTED,No,No Apparent Injury,N/A,NOT DISTRACTED,MD,OTHER BUS,SLOWING OR STOPPING,35,No,2013,GILL,BU,39.15912833,-77.202615,2023,5,19
230021739,Property Damage Crash,05/06/2023 06:21:00 PM,E RANDOLPH RD,NA,STRAIGHT MOVEMENT ANGLE,Clear,DRY,Daylight,NO CONTROLS,NONE DETECTED,Yes,No Apparent Injury,N/A,LOOKED BUT DID NOT SEE,MD,PASSENGER CAR,MAKING LEFT TURN,40,No,2011,TOYT,4S,39.07007333,-76.98782,2023,5,18
230021739,Property Damage Crash,05/06/2023 06:21:00 PM,E RANDOLPH RD,NA,STRAIGHT MOVEMENT ANGLE,Clear,DRY,Daylight,NO CONTROLS,NONE DETECTED,No,No Apparent Injury,N/A,NOT DISTRACTED,MD,PASSENGER CAR,MOVING CONSTANT SPEED,40,No,2014,TOYT,TUNDRA,39.07007333,-76.98782,2023,5,18
230021740,Property Damage Crash,05/06/2023 06:00:00 PM,NORLEE DR,NA,STRAIGHT MOVEMENT ANGLE,Clear,DRY,Daylight,NO CONTROLS,NONE DETECTED,Yes,No Apparent Injury,N/A,NOT DISTRACTED,MD,PASSENGER CAR,BACKING,30,No,2005,HONDA,CIVIC,39.03845333,-77.05617667,2023,5,18
230021733,Property Damage Crash,05/06/2023 05:28:00 PM,E RANDOLPH RD,NA,HEAD ON LEFT TURN,Clear,DRY,Daylight,TRAFFIC SIGNAL,NONE DETECTED,No,No Apparent Injury,N/A,NOT DISTRACTED,MD,PASSENGER CAR,MOVING CONSTANT SPEED,40,No,2011,HOND,SD,39.07213733,-76.98875133,2023,5,17
230021733,Property Damage Crash,05/06/2023 05:28:00 PM,E RANDOLPH RD,NA,HEAD ON LEFT TURN,Clear,DRY,Daylight,TRAFFIC SIGNAL,NONE DETECTED,Yes,No Apparent Injury,N/A,LOOKED BUT DID NOT SEE,MD,PASSENGER CAR,MAKING LEFT TURN,40,No,2016,FORD,FUSION,39.07213733,-76.98875133,2023,5,17
230021729,Property Damage Crash,05/06/2023 05:10:00 PM,NA,NA,OTHER,Clear,NA,Daylight,NO CONTROLS,NONE DETECTED,Yes,No Apparent Injury,N/A,UNKNOWN,NA,PASSENGER CAR,BACKING,5,No,2011,NISSAN,PATHFINDER,39.07973233,-77.14269372,2023,5,17
230021728,Injury Crash,05/06/2023 04:43:00 PM,FISHER AVE,NA,SAME DIRECTION SIDESWIPE,Clear,DRY,Daylight,STOP SIGN,NONE DETECTED,No,Possible Minor Injury,N/A,UNKNOWN,MD,PASSENGER CAR,MOVING CONSTANT SPEED,30,No,2016,KIA,SPORTAGE,39.14237291,-77.40751934,2023,5,16
230021728,Injury Crash,05/06/2023 04:43:00 PM,FISHER AVE,NA,SAME DIRECTION SIDESWIPE,Clear,DRY,Daylight,STOP SIGN,NONE DETECTED,Yes,No Apparent Injury,N/A,UNKNOWN,MD,VAN,ENTERING TRAFFIC LANE,30,No,2006,DODGE,CARAVAN,39.14237291,-77.40751934,2023,5,16
230021707,Property Damage Crash,05/06/2023 02:12:00 PM,UNIVERSITY BLVD E,NA,SAME DIR REAR END,Clear,DRY,Daylight,NO CONTROLS,NONE DETECTED,Yes,No Apparent Injury,N/A,INATTENTIVE OR LOST IN THOUGHT,MD,(SPORT) UTILITY VEHICLE,MOVING CONSTANT SPEED,35,No,2015,MAZD,TK,39.00151585,-76.9956207,2023,5,14
230021707,Property Damage Crash,05/06/2023 02:12:00 PM,UNIVERSITY BLVD E,NA,SAME DIR REAR END,Clear,DRY,Daylight,NO CONTROLS,NONE DETECTED,No,No Apparent Injury,N/A,NOT DISTRACTED,MD,TRANSIT BUS,SLOWING OR STOPPING,35,No,2013,METRO,BUS,39.00151585,-76.9956207,2023,5,14
230021708,Property Damage Crash,05/06/2023 02:00:00 PM,NEW HAMPSHIRE AVE,NA,STRAIGHT MOVEMENT ANGLE,Clear,DRY,Daylight,TRAFFIC SIGNAL,NONE DETECTED,Yes,No Apparent Injury,N/A,LOOKED BUT DID NOT SEE,MD,PASSENGER CAR,MOVING CONSTANT SPEED,40,No,2014,NISS,CG,39.09561667,-77.002205,2023,5,14
230021708,Property Damage Crash,05/06/2023 02:00:00 PM,NEW HAMPSHIRE AVE,NA,STRAIGHT MOVEMENT ANGLE,Clear,DRY,Daylight,TRAFFIC SIGNAL,NONE DETECTED,No,No Apparent Injury,N/A,NOT DISTRACTED,MD,PASSENGER CAR,STARTING FROM LANE,35,No,2022,TOYT,UT,39.09561667,-77.002205,2023,5,14
230021696,Property Damage Crash,05/06/2023 12:56:00 PM,NA,NA,OTHER,Clear,NA,Daylight,NO CONTROLS,NONE DETECTED,Yes,No Apparent Injury,N/A,LOOKED BUT DID NOT SEE,VA,PASSENGER CAR,BACKING,5,No,2020,HONDA,CIVIC,39.04296174,-77.04761418,2023,5,12
230021696,Property Damage Crash,05/06/2023 12:56:00 PM,NA,NA,OTHER,Clear,NA,Daylight,NO CONTROLS,NONE DETECTED,No,No Apparent Injury,N/A,NOT DISTRACTED,MD,POLICE VEHICLE/NON EMERGENCY,OTHER,5,No,2013,FORD,EXPLORER,39.04296174,-77.04761418,2023,5,12
230021690,Property Damage Crash,05/06/2023 12:20:00 PM,GLADSTONE DR,NA,HEAD ON,Clear,DRY,Daylight,NO CONTROLS,NONE DETECTED,No,No Apparent Injury,N/A,NOT DISTRACTED,MD,PASSENGER CAR,MOVING CONSTANT SPEED,25,No,2017,AUDI,SD,39.08229398,-77.12761399,2023,5,12
230021690,Property Damage Crash,05/06/2023 12:20:00 PM,GLADSTONE DR,NA,HEAD ON,Clear,DRY,Daylight,NO CONTROLS,NONE DETECTED,Yes,No Apparent Injury,N/A,NOT DISTRACTED,MD,PASSENGER CAR,MOVING CONSTANT SPEED,25,No,2017,TOYT,4S,39.08229398,-77.12761399,2023,5,12
230021668,Injury Crash,05/06/2023 06:55:00 AM,W WATKINS MILL RD,NA,STRAIGHT MOVEMENT ANGLE,Clear,DRY,Daylight,TRAFFIC SIGNAL,NONE DETECTED,Yes,No Apparent Injury,N/A,OTHER DISTRACTION,MD,PASSENGER CAR,MAKING LEFT TURN,35,No,2022,HYUNDAI,ELANTRA,39.1570213,-77.2249813,2023,5,6
230021668,Injury Crash,05/06/2023 06:55:00 AM,W WATKINS MILL RD,NA,STRAIGHT MOVEMENT ANGLE,Clear,DRY,Daylight,TRAFFIC SIGNAL,NONE DETECTED,No,Possible Minor Injury,N/A,NOT DISTRACTED,MD,PASSENGER CAR,MOVING CONSTANT SPEED,35,No,2019,HONDA,HRV,39.1570213,-77.2249813,2023,5,6
230021666,Property Damage Crash,05/06/2023 04:52:00 AM,DARNESTOWN RD,NA,SINGLE VEHICLE,Clear,DRY,Medium,FLASHING TRAFFIC SIGNAL,NONE DETECTED,Yes,No Apparent Injury,N/A,UNKNOWN,NA,PASSENGER CAR,MOVING CONSTANT SPEED,35,No,2020,HONDA,CIVIC,39.09657833,-77.20356667,2023,5,4
230021665,Property Damage Crash,05/06/2023 01:30:00 AM,DENNIS AVE,NA,OTHER,Clear,DRY,Medium,NO CONTROLS,NONE DETECTED,Yes,No Apparent Injury,N/A,UNKNOWN,DC,VAN,MOVING CONSTANT SPEED,25,No,2017,FORD,TRANSIT CONNEC,39.023842,-77.02933883,2023,5,1
230021650,Property Damage Crash,05/06/2023 01:11:00 AM,COLUMBIA PIKE,NA,SINGLE VEHICLE,Clear,DRY,Medium,NO CONTROLS,NONE DETECTED,Yes,No Apparent Injury,N/A,UNKNOWN,MD,PASSENGER CAR,UNKNOWN,35,No,2018,HONDA,CIVIC,39.107525,-76.93178833,2023,5,1
230021641,Property Damage Crash,05/05/2023 11:17:00 PM,NEWCUT RD,NA,SAME DIR REAR END,Clear,DRY,Medium,NO CONTROLS,NONE DETECTED,Yes,No Apparent Injury,N/A,UNKNOWN,NA,PASSENGER CAR,N/A,25,No,2007,MERZ,4D,39.23052043,-77.24665014,2023,5,23
230021639,Property Damage Crash,05/05/2023 11:10:00 PM,ROCKVILLE PIKE,NA,SAME DIR REAR END,Clear,DRY,Medium,TRAFFIC SIGNAL,NONE DETECTED,Yes,No Apparent Injury,N/A,UNKNOWN,NA,PASSENGER CAR,SLOWING OR STOPPING,35,No,2003,CHEVEROLET,TAHOE,39.0744269,-77.13572132,2023,5,23
230021639,Property Damage Crash,05/05/2023 11:10:00 PM,ROCKVILLE PIKE,NA,SAME DIR REAR END,Clear,DRY,Medium,TRAFFIC SIGNAL,NONE DETECTED,No,No Apparent Injury,N/A,NOT DISTRACTED,MD,PASSENGER CAR,MOVING CONSTANT SPEED,35,No,2009,HOND,CP,39.0744269,-77.13572132,2023,5,23
230021636,Property Damage Crash,05/05/2023 10:15:00 PM,WISCONSIN AVE,NA,SAME DIRECTION LEFT TURN,Clear,N/A,Medium,TRAFFIC SIGNAL,NONE DETECTED,Yes,No Apparent Injury,N/A,UNKNOWN,MD,PASSENGER CAR,MAKING LEFT TURN,25,No,2019,VOLKSWAGEN,TIGUAN,38.98357188,-77.09392217,2023,5,22
230021636,Property Damage Crash,05/05/2023 10:15:00 PM,WISCONSIN AVE,NA,SAME DIRECTION LEFT TURN,Clear,N/A,Medium,TRAFFIC SIGNAL,NONE DETECTED,No,No Apparent Injury,N/A,NOT DISTRACTED,MD,PASSENGER CAR,MOVING CONSTANT SPEED,25,No,2015,CHEVROLET,CRUZE,38.98357188,-77.09392217,2023,5,22
230021631,Property Damage Crash,05/05/2023 09:57:00 PM,SEVEN LOCKS RD,NA,STRAIGHT MOVEMENT ANGLE,Clear,DRY,Medium,TRAFFIC SIGNAL,NONE DETECTED,No,No Apparent Injury,N/A,NOT DISTRACTED,MD,PASSENGER CAR,MOVING CONSTANT SPEED,35,No,2013,HOND,VN,39.01209917,-77.1599635,2023,5,21
230021631,Property Damage Crash,05/05/2023 09:57:00 PM,SEVEN LOCKS RD,NA,STRAIGHT MOVEMENT ANGLE,Clear,DRY,Medium,TRAFFIC SIGNAL,NONE DETECTED,Yes,No Apparent Injury,N/A,BY OTHER OCCUPANTS,MD,PASSENGER CAR,MOVING CONSTANT SPEED,35,No,2014,BMW,SU,39.01209917,-77.1599635,2023,5,21
230021629,Property Damage Crash,05/05/2023 09:25:00 PM,QUINCE ORCHARD RD,NA,OTHER,Clear,DRY,Medium,NO CONTROLS,NONE DETECTED,No,No Apparent Injury,N/A,NOT DISTRACTED,MD,PASSENGER CAR,MOVING CONSTANT SPEED,40,No,2017,NISSAN,VERSA,39.14556976,-77.21976038,2023,5,21
230021629,Property Damage Crash,05/05/2023 09:25:00 PM,QUINCE ORCHARD RD,NA,OTHER,Clear,DRY,Medium,NO CONTROLS,NONE DETECTED,Yes,No Apparent Injury,N/A,UNKNOWN,NA,NA,MOVING CONSTANT SPEED,40,No,0,UNKNOWN,UNKNOWN,39.14556976,-77.21976038,2023,5,21
230021612,Property Damage Crash,05/05/2023 07:37:00 PM,DILSTON RD,NA,OPPOSITE DIRECTION SIDESWIPE,Clear,DRY,Daylight,N/A,NONE DETECTED,Yes,No Apparent Injury,N/A,UNKNOWN,NA,PASSENGER CAR,MOVING CONSTANT SPEED,25,No,2018,HONDA,ACCORD,39.01241188,-76.98112353,2023,5,19
230021597,Injury Crash,05/05/2023 06:10:00 PM,BRINK RD,NA,SAME DIR REAR END,Clear,DRY,Daylight,TRAFFIC SIGNAL,NONE DETECTED,No,No Apparent Injury,N/A,NOT DISTRACTED,MD,PASSENGER CAR,STOPPED IN TRAFFIC LANE,40,No,2022,VOLKSWAGEN,TIGUAN,39.20869852,-77.16786348,2023,5,18
230021597,Injury Crash,05/05/2023 06:10:00 PM,BRINK RD,NA,SAME DIR REAR END,Clear,DRY,Daylight,TRAFFIC SIGNAL,NONE DETECTED,No,Possible Minor Injury,N/A,UNKNOWN,MD,PASSENGER CAR,STOPPED IN TRAFFIC LANE,40,No,2019,CHEVROLET,TRAVERSE,39.20869852,-77.16786348,2023,5,18
230021597,Injury Crash,05/05/2023 06:10:00 PM,BRINK RD,NA,SAME DIR REAR END,Clear,DRY,Daylight,TRAFFIC SIGNAL,NONE DETECTED,Yes,No Apparent Injury,N/A,NOT DISTRACTED,MD,PICKUP TRUCK,SLOWING OR STOPPING,40,No,2004,FORD,F150,39.20869852,-77.16786348,2023,5,18
230021597,Injury Crash,05/05/2023 06:10:00 PM,BRINK RD,NA,SAME DIR REAR END,Clear,DRY,Daylight,TRAFFIC SIGNAL,NONE DETECTED,No,No Apparent Injury,N/A,NOT DISTRACTED,MD,PASSENGER CAR,STOPPED IN TRAFFIC LANE,40,No,2007,HONDA,CRV-EXL,39.20869852,-77.16786348,2023,5,18
230021595,Property Damage Crash,05/05/2023 05:04:00 PM,DEMOCRACY BLVD,NA,SAME DIRECTION SIDESWIPE,Clear,DRY,Daylight,NO CONTROLS,NONE DETECTED,No,No Apparent Injury,N/A,NOT DISTRACTED,MD,TRANSIT BUS,STOPPED IN TRAFFIC LANE,35,No,2013,TRANSIT,BUS,39.02458,-77.12637833,2023,5,17
230021595,Property Damage Crash,05/05/2023 05:04:00 PM,DEMOCRACY BLVD,NA,SAME DIRECTION SIDESWIPE,Clear,DRY,Daylight,NO CONTROLS,NONE DETECTED,No,No Apparent Injury,N/A,NOT DISTRACTED,MD,PICKUP TRUCK,MOVING CONSTANT SPEED,35,No,2018,TOYTA,TUNDRA,39.02458,-77.12637833,2023,5,17
230021595,Property Damage Crash,05/05/2023 05:04:00 PM,DEMOCRACY BLVD,NA,SAME DIRECTION SIDESWIPE,Clear,DRY,Daylight,NO CONTROLS,NONE DETECTED,Yes,No Apparent Injury,N/A,LOOKED BUT DID NOT SEE,MD,(SPORT) UTILITY VEHICLE,CHANGING LANES,35,No,2015,FORD,ESCAPE,39.02458,-77.12637833,2023,5,17
230021588,Property Damage Crash,05/05/2023 04:46:00 PM,MIDCOUNTY HWY,NA,SAME DIR REAR END,Clear,DRY,Daylight,TRAFFIC SIGNAL,NONE DETECTED,Yes,No Apparent Injury,N/A,UNKNOWN,NA,NA,MOVING CONSTANT SPEED,50,No,0,UNKNOWN,UNKNOWN,39.15755,-77.190785,2023,5,16
230021588,Property Damage Crash,05/05/2023 04:46:00 PM,MIDCOUNTY HWY,NA,SAME DIR REAR END,Clear,DRY,Daylight,TRAFFIC SIGNAL,NONE DETECTED,No,No Apparent Injury,N/A,NOT DISTRACTED,MD,PASSENGER CAR,STOPPED IN TRAFFIC LANE,50,No,2015,HONDA,CIVIC,39.15755,-77.190785,2023,5,16
230021575,Property Damage Crash,05/05/2023 03:51:00 PM,GERMANTOWN RD,NA,SINGLE VEHICLE,Clear,DRY,Daylight,NO CONTROLS,NONE DETECTED,Yes,No Apparent Injury,N/A,NOT DISTRACTED,MD,PASSENGER CAR,UNKNOWN,40,No,2006,TOYOTA,MATRIX,39.1632665,-77.28282083,2023,5,15
230021560,Property Damage Crash,05/05/2023 03:36:00 PM,CRABBS BRANCH WAY,NA,SAME DIR REAR END,Clear,DRY,Daylight,TRAFFIC SIGNAL,NONE DETECTED,No,No Apparent Injury,N/A,NOT DISTRACTED,MD,CROSS COUNTRY BUS,STOPPED IN TRAFFIC LANE,35,No,2012,FREIGHTLINER,MT445,39.12126167,-77.15891833,2023,5,15
230021560,Property Damage Crash,05/05/2023 03:36:00 PM,CRABBS BRANCH WAY,NA,SAME DIR REAR END,Clear,DRY,Daylight,TRAFFIC SIGNAL,NONE DETECTED,Yes,No Apparent Injury,N/A,NOT DISTRACTED,MD,PASSENGER CAR,MOVING CONSTANT SPEED,35,No,2018,TOYOTA,RAV4,39.12126167,-77.15891833,2023,5,15
230021556,Property Damage Crash,05/05/2023 02:59:00 PM,BETHESDA CHURCH RD,NA,ANGLE MEETS LEFT TURN,Cloudy,DRY,Daylight,STOP SIGN,NONE DETECTED,Yes,No Apparent Injury,N/A,LOOKED BUT DID NOT SEE,MD,PASSENGER CAR,MAKING LEFT TURN,30,No,2007,HOND,FIT,39.28417,-77.20920333,2023,5,14
230021556,Property Damage Crash,05/05/2023 02:59:00 PM,BETHESDA CHURCH RD,NA,ANGLE MEETS LEFT TURN,Cloudy,DRY,Daylight,STOP SIGN,NONE DETECTED,No,No Apparent Injury,N/A,NOT DISTRACTED,MD,"OTHER LIGHT TRUCKS (10,000LBS (4,536KG) OR LESS)",MOVING CONSTANT SPEED,30,No,2012,TOYT,TK,39.28417,-77.20920333,2023,5,14
230021542,Injury Crash,05/05/2023 02:14:00 PM,FENTON ST,PEDESTRIAN,SINGLE VEHICLE,Clear,DRY,Daylight,NO CONTROLS,NONE DETECTED,No,No Apparent Injury,N/A,NOT DISTRACTED,MD,"MEDIUM/HEAVY TRUCKS 3 AXLES (OVER 10,000LBS (4,536KG))",BACKING,35,No,2020,FRT,TR,38.99058156,-77.02389591,2023,5,14
230021541,Property Damage Crash,05/05/2023 02:08:00 PM,VICTORY LA,NA,SINGLE VEHICLE,Clear,DRY,Daylight,YIELD SIGN,NONE DETECTED,Yes,No Apparent Injury,N/A,OTHER DISTRACTION,MD,PASSENGER CAR,MOVING CONSTANT SPEED,25,No,2022,HONDA,PILOT,39.04522667,-77.1718945,2023,5,14
230021503,Property Damage Crash,05/05/2023 11:24:00 AM,WOODFIELD RD,NA,SAME DIRECTION SIDESWIPE,Clear,DRY,Daylight,N/A,NONE DETECTED,No,No Apparent Injury,N/A,NOT DISTRACTED,MD,VAN,STOPPED IN TRAFFIC LANE,35,No,2020,MERZ,METRIS,39.26473167,-77.20468833,2023,5,11
230021503,Property Damage Crash,05/05/2023 11:24:00 AM,WOODFIELD RD,NA,SAME DIRECTION SIDESWIPE,Clear,DRY,Daylight,N/A,NONE DETECTED,Yes,No Apparent Injury,N/A,UNKNOWN,NA,(SPORT) UTILITY VEHICLE,MOVING CONSTANT SPEED,35,No,9999,LEXUS,UNKNOWN,39.26473167,-77.20468833,2023,5,11
230021500,Property Damage Crash,05/05/2023 11:20:00 AM,TECH RD,NA,SAME DIR REAR END,Clear,DRY,Daylight,NO CONTROLS,NONE DETECTED,No,No Apparent Injury,N/A,NOT DISTRACTED,MD,TRANSIT BUS,MOVING CONSTANT SPEED,30,No,2013,METRO,TRANSIT,39.05843,-76.96884,2023,5,11
230021500,Property Damage Crash,05/05/2023 11:20:00 AM,TECH RD,NA,SAME DIR REAR END,Clear,DRY,Daylight,NO CONTROLS,NONE DETECTED,Yes,No Apparent Injury,N/A,NOT DISTRACTED,MD,PASSENGER CAR,MOVING CONSTANT SPEED,30,No,2017,TOYOTA,COROLLA,39.05843,-76.96884,2023,5,11
230021492,Property Damage Crash,05/05/2023 10:47:00 AM,SEMINARY RD,NA,OTHER,Clear,DRY,Daylight,TRAFFIC SIGNAL,NONE DETECTED,Yes,No Apparent Injury,N/A,LOOKED BUT DID NOT SEE,MD,PASSENGER CAR,MOVING CONSTANT SPEED,25,No,2017,BMW,4D,39.00893333,-77.04394,2023,5,10
230021492,Property Damage Crash,05/05/2023 10:47:00 AM,SEMINARY RD,NA,OTHER,Clear,DRY,Daylight,TRAFFIC SIGNAL,NONE DETECTED,No,No Apparent Injury,N/A,NOT DISTRACTED,MD,PASSENGER CAR,MAKING LEFT TURN,25,No,2020,FORD,TK,39.00893333,-77.04394,2023,5,10
230021492,Property Damage Crash,05/05/2023 10:47:00 AM,SEMINARY RD,NA,OTHER,Clear,DRY,Daylight,TRAFFIC SIGNAL,NONE DETECTED,No,No Apparent Injury,N/A,NOT DISTRACTED,MD,PASSENGER CAR,N/A,25,No,2011,JEEP,UT,39.00893333,-77.04394,2023,5,10