Local Case Number,ACRS Report Type,Crash Date/Time,Road Name,Related Non-Motorist,Collision Type,Weather,Surface Condition,Light,Traffic Control,Driver Substance Abuse,Driver At Fault,Injury Severity,Circumstance,Driver Distracted By,Drivers License State,Vehicle Body Type,Vehicle Movement,Speed Limit,Driverless Vehicle,Vehicle Year,Vehicle Make,Vehicle Model,Latitude,Longitude,Year,Month,Hour
230021260,Property Damage Crash,05/03/2023 11:24:00 PM,NEW HAMPSHIRE AVE,NA,SAME DIR REAR END,Clear,DRY,Medium,TRAFFIC SIGNAL,NONE DETECTED,Yes,No Apparent Injury,N/A,UNKNOWN,NA,PASSENGER CAR,SLOWING OR STOPPING,35,No,2006,HONDA,ACCORD,39.015412070000004,-76.9778746,2023,5,23
230021263,Property Damage Crash,05/03/2023 10:58:00 PM,HAWKINS CREAMERY RD,NA,N/A,Clear,DRY,Dark,NO CONTROLS,ALCOHOL PRESENT,Yes,No Apparent Injury,N/A,LOOKED BUT DID NOT SEE,MD,(SPORT) UTILITY VEHICLE,MOVING CONSTANT SPEED,40,No,2014,MERCEDES,GLK,39.27170883,-77.2043115,2023,5,22
230021254,Injury Crash,05/03/2023 09:47:00 PM,DOUBLELAND RD,NA,SINGLE VEHICLE,Clear,DRY,Dark,NO CONTROLS,NONE DETECTED,Yes,Possible Minor Injury,N/A,UNKNOWN,MD,STATION WAGON,MOVING CONSTANT SPEED,30,No,2006,TOYOTA,SIENNA,39.18957041,-77.17080239,2023,5,21
230021251,Injury Crash,05/03/2023 09:20:00 PM,QUINCE ORCHARD RD,NA,SAME DIR REAR END,Clear,DRY,Medium,TRAFFIC SIGNAL,ALCOHOL PRESENT,Yes,No Apparent Injury,N/A,NOT DISTRACTED,MD,PASSENGER CAR,MOVING CONSTANT SPEED,35,No,2020,TOYOTA,CAMRY,39.14830272,-77.21792713,2023,5,21
230021251,Injury Crash,05/03/2023 09:20:00 PM,QUINCE ORCHARD RD,NA,SAME DIR REAR END,Clear,DRY,Medium,TRAFFIC SIGNAL,NONE DETECTED,No,Possible Minor Injury,N/A,NOT DISTRACTED,MD,PASSENGER CAR,STOPPED IN TRAFFIC LANE,35,No,2007,NISS,SD,39.14830272,-77.21792713,2023,5,21
230021244,Injury Crash,05/03/2023 08:14:00 PM,NORBECK RD,NA,STRAIGHT MOVEMENT ANGLE,Clear,DRY,Medium,N/A,NONE DETECTED,Yes,Possible Minor Injury,N/A,LOOKED BUT DID NOT SEE,MD,(SPORT) UTILITY VEHICLE,MOVING CONSTANT SPEED,35,No,2006,HONDA,TK,39.08695534,-77.13510562,2023,5,20
230021244,Injury Crash,05/03/2023 08:14:00 PM,NORBECK RD,NA,STRAIGHT MOVEMENT ANGLE,Clear,DRY,Medium,N/A,NONE DETECTED,No,Possible Minor Injury,N/A,NOT DISTRACTED,MD,(SPORT) UTILITY VEHICLE,MOVING CONSTANT SPEED,50,No,2019,TOYOTA,C-HR,39.08695534,-77.13510562,2023,5,20
230021223,Injury Crash,05/03/2023 06:58:00 PM,CRYSTAL ROCK DR,NA,SAME DIR REAR END,Clear,DRY,Daylight,NO CONTROLS,ALCOHOL PRESENT,Yes,Possible Minor Injury,N/A,INATTENTIVE OR LOST IN THOUGHT,MD,PASSENGER CAR,MOVING CONSTANT SPEED,35,No,2011,MERCEDES,C300,39.19867309,-77.27564166,2023,5,18
230021231,Injury Crash,05/03/2023 06:47:00 PM,FATHER HURLEY BLVD,NA,STRAIGHT MOVEMENT ANGLE,Clear,DRY,Daylight,TRAFFIC SIGNAL,NONE DETECTED,Yes,Possible Minor Injury,N/A,UNKNOWN,MD,PASSENGER CAR,MOVING CONSTANT SPEED,35,No,1999,TOYOTA,AVALON,39.18117256,-77.27643899,2023,5,18
230021231,Injury Crash,05/03/2023 06:47:00 PM,FATHER HURLEY BLVD,NA,STRAIGHT MOVEMENT ANGLE,Clear,DRY,Daylight,TRAFFIC SIGNAL,NONE DETECTED,No,No Apparent Injury,N/A,NOT DISTRACTED,MD,PICKUP TRUCK,MOVING CONSTANT SPEED,30,No,2019,DODGE,RAM,39.18117256,-77.27643899,2023,5,18
230021231,Injury Crash,05/03/2023 06:47:00 PM,FATHER HURLEY BLVD,NA,STRAIGHT MOVEMENT ANGLE,Clear,DRY,Daylight,TRAFFIC SIGNAL,NONE DETECTED,No,Possible Minor Injury,N/A,NOT DISTRACTED,MD,PASSENGER CAR,MAKING LEFT TURN,30,No,2016,VOLVO,S60,39.18117256,-77.27643899,2023,5,18
230021216,Property Damage Crash,05/03/2023 06:30:00 PM,NA,NA,STRAIGHT MOVEMENT ANGLE,Clear,NA,Daylight,NO CONTROLS,NONE DETECTED,Yes,No Apparent Injury,N/A,TALKING OR LISTENING TO CELLULAR PHONE,MD,VAN,MOVING CONSTANT SPEED,5,No,2007,NISSAN,VN,39.15569758,-77.19999162,2023,5,18
230021216,Property Damage Crash,05/03/2023 06:30:00 PM,NA,NA,STRAIGHT MOVEMENT ANGLE,Clear,NA,Daylight,NO CONTROLS,NONE DETECTED,No,No Apparent Injury,N/A,NOT DISTRACTED,MD,(SPORT) UTILITY VEHICLE,PARKED,0,No,2020,NISS,UT,39.15569758,-77.19999162,2023,5,18
230021218,Property Damage Crash,05/03/2023 06:00:00 PM,MONTROSE RD,NA,SAME DIRECTION LEFT TURN,Cloudy,DRY,Daylight,NO CONTROLS,NONE DETECTED,Yes,No Apparent Injury,N/A,LOOKED BUT DID NOT SEE,XX,PASSENGER CAR,CHANGING LANES,40,No,2010,HYUN,SONATA,39.05601667,-77.15228167,2023,5,18
230021218,Property Damage Crash,05/03/2023 06:00:00 PM,MONTROSE RD,NA,SAME DIRECTION LEFT TURN,Cloudy,DRY,Daylight,NO CONTROLS,NONE DETECTED,No,No Apparent Injury,N/A,NOT DISTRACTED,MD,PASSENGER CAR,MOVING CONSTANT SPEED,40,No,2018,FORD,FOCUS,39.05601667,-77.15228167,2023,5,18
230021242,Property Damage Crash,05/03/2023 05:50:00 PM,NORBECK RD,NA,SAME DIR REAR END,Cloudy,DRY,Daylight,STOP SIGN,NONE DETECTED,Yes,No Apparent Injury,N/A,UNKNOWN,NA,"CARGO VAN/LIGHT TRUCK 2 AXLES (OVER 10,000LBS (4,536 KG))",SLOWING OR STOPPING,35,No,2016,GMC,SIERRA,39.11280023,-77.06765151,2023,5,17
230021242,Property Damage Crash,05/03/2023 05:50:00 PM,NORBECK RD,NA,SAME DIR REAR END,Cloudy,DRY,Daylight,STOP SIGN,NONE DETECTED,No,No Apparent Injury,N/A,NOT DISTRACTED,MD,PASSENGER CAR,STOPPED IN TRAFFIC LANE,35,No,2015,ACUR,TLX,39.11280023,-77.06765151,2023,5,17
230021210,Property Damage Crash,05/03/2023 05:17:00 PM,FIELDS RD,NA,STRAIGHT MOVEMENT ANGLE,Clear,DRY,Daylight,NO CONTROLS,NONE DETECTED,No,No Apparent Injury,N/A,NOT DISTRACTED,MD,PASSENGER CAR,MOVING CONSTANT SPEED,35,No,2019,VOLK,SD,39.11107167,-77.19188833,2023,5,17
230021210,Property Damage Crash,05/03/2023 05:17:00 PM,FIELDS RD,NA,STRAIGHT MOVEMENT ANGLE,Clear,DRY,Daylight,NO CONTROLS,NONE DETECTED,Yes,No Apparent Injury,N/A,UNKNOWN,MD,PASSENGER CAR,STARTING FROM LANE,35,No,2005,TOYOTA,COROLLA,39.11107167,-77.19188833,2023,5,17
230021195,Injury Crash,05/03/2023 05:00:00 PM,GLENALLAN AVE,NA,SAME DIRECTION LEFT TURN,Clear,DRY,Daylight,NO CONTROLS,NONE DETECTED,Yes,No Apparent Injury,N/A,NOT DISTRACTED,MD,PASSENGER CAR,MOVING CONSTANT SPEED,30,No,2015,CHEV,IMPALA,39.06392167,-77.05180833,2023,5,17
230021195,Injury Crash,05/03/2023 05:00:00 PM,GLENALLAN AVE,NA,SAME DIRECTION LEFT TURN,Clear,DRY,Daylight,NO CONTROLS,NONE DETECTED,Yes,Possible Minor Injury,N/A,UNKNOWN,MD,PASSENGER CAR,MAKING LEFT TURN,30,No,2008,SATURN,ASTRA,39.06392167,-77.05180833,2023,5,17
230021196,Injury Crash,05/03/2023 04:15:00 PM,CONNECTICUT AVE,NA,HEAD ON LEFT TURN,Rain,WET,Daylight,TRAFFIC SIGNAL,NONE DETECTED,No,No Apparent Injury,"N/A, WET",NOT DISTRACTED,MD,PASSENGER CAR,MOVING CONSTANT SPEED,40,No,2015,NISSAN,ALTIMA,39.04754,-77.07562,2023,5,16
230021196,Injury Crash,05/03/2023 04:15:00 PM,CONNECTICUT AVE,NA,HEAD ON LEFT TURN,Rain,WET,Daylight,TRAFFIC SIGNAL,NONE DETECTED,Yes,Possible Minor Injury,"N/A, WET",LOOKED BUT DID NOT SEE,MD,PASSENGER CAR,MAKING LEFT TURN,40,No,2008,HONDA,CIVIC,39.04754,-77.07562,2023,5,16
230021188,Property Damage Crash,05/03/2023 03:36:00 PM,CONNECTICUT AVE,NA,SAME DIRECTION SIDESWIPE,Clear,DRY,Daylight,N/A,NONE DETECTED,No,No Apparent Injury,N/A,NOT DISTRACTED,DC,TRANSIT BUS,MOVING CONSTANT SPEED,35,No,2013,TBU,BUS,38.980674,-77.0771005,2023,5,15
230021188,Property Damage Crash,05/03/2023 03:36:00 PM,CONNECTICUT AVE,NA,SAME DIRECTION SIDESWIPE,Clear,DRY,Daylight,N/A,NONE DETECTED,Yes,No Apparent Injury,N/A,UNKNOWN,NA,UNKNOWN,MOVING CONSTANT SPEED,35,No,0,UNKNOWN,UNKNOWN,38.980674,-77.0771005,2023,5,15
230021169,Injury Crash,05/03/2023 03:16:00 PM,SPENCERVILLE RD,NA,SAME DIR REAR END,Cloudy,DRY,Daylight,NO CONTROLS,NONE DETECTED,Unknown,Possible Minor Injury,N/A,NOT DISTRACTED,MD,PASSENGER CAR,MOVING CONSTANT SPEED,25,No,2015,TOYOTA,SD,39.11747716,-76.97044924,2023,5,15
230021169,Injury Crash,05/03/2023 03:16:00 PM,SPENCERVILLE RD,NA,SAME DIR REAR END,Cloudy,DRY,Daylight,NO CONTROLS,NONE DETECTED,Unknown,No Apparent Injury,N/A,NOT DISTRACTED,MD,PASSENGER CAR,SLOWING OR STOPPING,25,No,2017,TOYOTA,PK,39.11747716,-76.97044924,2023,5,15
230021169,Injury Crash,05/03/2023 03:16:00 PM,SPENCERVILLE RD,NA,SAME DIR REAR END,Cloudy,DRY,Daylight,NO CONTROLS,NONE DETECTED,Unknown,No Apparent Injury,N/A,NOT DISTRACTED,MD,PASSENGER CAR,SLOWING OR STOPPING,25,No,2013,NISSAN,4S,39.11747716,-76.97044924,2023,5,15
230021156,Property Damage Crash,05/03/2023 02:01:00 PM,UNIVERSITY BLVD E,NA,SAME DIR REAR END,Rain,WET,Daylight,YIELD SIGN,NONE DETECTED,No,No Apparent Injury,N/A,NOT DISTRACTED,MD,PASSENGER CAR,MOVING CONSTANT SPEED,35,No,2013,KIA,RIO,39.01597217,-77.0054775,2023,5,14
230021156,Property Damage Crash,05/03/2023 02:01:00 PM,UNIVERSITY BLVD E,NA,SAME DIR REAR END,Rain,WET,Daylight,YIELD SIGN,NONE DETECTED,Yes,No Apparent Injury,N/A,UNKNOWN,MD,PICKUP TRUCK,MAKING RIGHT TURN,35,No,2022,CHEV,SILVERADO,39.01597217,-77.0054775,2023,5,14
230022151,Property Damage Crash,05/03/2023 01:30:00 PM,RANDOLPH RD,NA,SAME DIR REAR END,Cloudy,WET,Daylight,NO CONTROLS,NONE DETECTED,No,No Apparent Injury,"N/A, WET",NOT DISTRACTED,MD,PASSENGER CAR,MOVING CONSTANT SPEED,40,No,2007,TOYT,TK,39.07422167,-77.00619167,2023,5,13
230022151,Property Damage Crash,05/03/2023 01:30:00 PM,RANDOLPH RD,NA,SAME DIR REAR END,Cloudy,WET,Daylight,NO CONTROLS,NONE DETECTED,Yes,No Apparent Injury,"N/A, WET",DISTRACTED BY OUTSIDE PERSON OBJECT OR EVENT,MD,PASSENGER CAR,CHANGING LANES,40,No,2007,NISSAN,ALTIMA,39.07422167,-77.00619167,2023,5,13
230021134,Property Damage Crash,05/03/2023 12:45:00 PM,NA,NA,OPPOSITE DIRECTION SIDESWIPE,Clear,NA,Daylight,N/A,NONE DETECTED,Yes,No Apparent Injury,N/A,LOOKED BUT DID NOT SEE,MD,(SPORT) UTILITY VEHICLE,STARTING FROM PARKED,15,No,2020,TOYT,UT,39.03832833,-77.0574275,2023,5,12
230021119,Injury Crash,05/03/2023 11:30:00 AM,OLD GEORGETOWN RD,NA,HEAD ON LEFT TURN,Clear,DRY,Daylight,TRAFFIC SIGNAL,NONE DETECTED,Yes,Possible Minor Injury,N/A,NOT DISTRACTED,MD,(SPORT) UTILITY VEHICLE,MAKING LEFT TURN,40,No,2011,HONDA,PILOT,39.01667167,-77.11965333,2023,5,11
230021119,Injury Crash,05/03/2023 11:30:00 AM,OLD GEORGETOWN RD,NA,HEAD ON LEFT TURN,Clear,DRY,Daylight,TRAFFIC SIGNAL,NONE DETECTED,No,No Apparent Injury,N/A,NOT DISTRACTED,MD,PICKUP TRUCK,MOVING CONSTANT SPEED,40,No,2022,FORD,F550,39.01667167,-77.11965333,2023,5,11
230021112,Injury Crash,05/03/2023 10:15:00 AM,ROYAL RD,PEDESTRIAN,OTHER,Clear,DRY,Daylight,NO CONTROLS,NONE DETECTED,Yes,No Apparent Injury,N/A,LOOKED BUT DID NOT SEE,MD,PICKUP TRUCK,MOVING CONSTANT SPEED,30,No,1996,CHEVROLET,2500,39.02655898,-76.98563193,2023,5,10
230021110,Injury Crash,05/03/2023 10:05:00 AM,DARNESTOWN RD,NA,SINGLE VEHICLE,Clear,DRY,Daylight,N/A,NONE DETECTED,Yes,Possible Minor Injury,N/A,UNKNOWN,MD,PASSENGER CAR,MOVING CONSTANT SPEED,35,No,2014,TOYOTA,RAV4,39.10040233,-77.21346183,2023,5,10
230021094,Property Damage Crash,05/03/2023 08:53:00 AM,FREDERICK RD,NA,SAME DIR REAR END,Cloudy,WET,Daylight,NO CONTROLS,NONE DETECTED,Yes,No Apparent Injury,"BACKUP DUE TO NON-RECURRING INCIDENT, N/A, WET",UNKNOWN,MD,PASSENGER CAR,SLOWING OR STOPPING,40,No,2019,HYUNDAI,IONIC,39.16923967,-77.2343775,2023,5,8
230021094,Property Damage Crash,05/03/2023 08:53:00 AM,FREDERICK RD,NA,SAME DIR REAR END,Cloudy,WET,Daylight,NO CONTROLS,NONE DETECTED,No,No Apparent Injury,"BACKUP DUE TO NON-RECURRING INCIDENT, N/A, WET",NOT DISTRACTED,MD,PASSENGER CAR,SLOWING OR STOPPING,40,No,1994,CHEVROLET,GEO PRISM,39.16923967,-77.2343775,2023,5,8
230021096,Property Damage Crash,05/03/2023 08:35:00 AM,DARNESTOWN RD,NA,SAME DIR REAR END,Clear,WET,Daylight,N/A,NONE DETECTED,Yes,No Apparent Injury,N/A,UNKNOWN,MD,PASSENGER CAR,MOVING CONSTANT SPEED,40,No,2014,TOYOTA,TK,39.118437,-77.3177995,2023,5,8
230021096,Property Damage Crash,05/03/2023 08:35:00 AM,DARNESTOWN RD,NA,SAME DIR REAR END,Clear,WET,Daylight,N/A,NONE DETECTED,No,No Apparent Injury,N/A,NOT DISTRACTED,FL,PASSENGER CAR,SLOWING OR STOPPING,40,No,2019,HYUNDAI,4DOOR,39.118437,-77.3177995,2023,5,8
230021096,Property Damage Crash,05/03/2023 08:35:00 AM,DARNESTOWN RD,NA,SAME DIR REAR END,Clear,WET,Daylight,N/A,NONE DETECTED,No,No Apparent Injury,N/A,NOT DISTRACTED,MD,PASSENGER CAR,SLOWING OR STOPPING,40,No,2020,CHEVY,HB,39.118437,-77.3177995,2023,5,8
230021087,Property Damage Crash,05/03/2023 08:11:00 AM,WESLEY RD,NA,SAME DIRECTION SIDESWIPE,Cloudy,WET,Daylight,NO CONTROLS,NONE DETECTED,Yes,No Apparent Injury,"N/A, WET",NOT DISTRACTED,MD,"CARGO VAN/LIGHT TRUCK 2 AXLES (OVER 10,000LBS (4,536 KG))",BACKING,25,No,2015,FORD,TK,39.09123665,-77.13285774,2023,5,8
230021084,Property Damage Crash,05/03/2023 08:00:00 AM,SPENCERVILLE RD,NA,SINGLE VEHICLE,Rain,WET,Daylight,NO CONTROLS,NONE DETECTED,Unknown,No Apparent Injury,N/A,NOT DISTRACTED,MD,PICKUP TRUCK,MOVING CONSTANT SPEED,25,No,2003,CHEVY,3500,39.11838333,-76.98151167,2023,5,8
230021219,Property Damage Crash,05/03/2023 07:29:00 AM,WEXFORD DR,NA,SAME DIRECTION SIDESWIPE,Clear,DRY,Daylight,STOP SIGN,NONE DETECTED,No,No Apparent Injury,N/A,NOT DISTRACTED,MD,PASSENGER CAR,STOPPED IN TRAFFIC LANE,15,No,2000,HOND,SD,39.03897867,-77.07734467,2023,5,7
230021219,Property Damage Crash,05/03/2023 07:29:00 AM,WEXFORD DR,NA,SAME DIRECTION SIDESWIPE,Clear,DRY,Daylight,STOP SIGN,NONE DETECTED,Yes,No Apparent Injury,N/A,NOT DISTRACTED,MD,PASSENGER CAR,MAKING RIGHT TURN,15,No,2020,CHEV,TK,39.03897867,-77.07734467,2023,5,7
230021082,Property Damage Crash,05/03/2023 07:16:00 AM,GRANDVIEW AVE,NA,STRAIGHT MOVEMENT ANGLE,Clear,DRY,Daylight,STOP SIGN,NONE DETECTED,Yes,No Apparent Injury,N/A,UNKNOWN,NA,NA,ACCELERATING,25,No,0,UNKNOWN,UNKNOWN,39.04718814,-77.05314206,2023,5,7
230021082,Property Damage Crash,05/03/2023 07:16:00 AM,GRANDVIEW AVE,NA,STRAIGHT MOVEMENT ANGLE,Clear,DRY,Daylight,STOP SIGN,NONE DETECTED,No,No Apparent Injury,N/A,NOT DISTRACTED,MD,(SPORT) UTILITY VEHICLE,MOVING CONSTANT SPEED,25,No,2023,KIA,TELLURIDE,39.04718814,-77.05314206,2023,5,7
230021083,Injury Crash,05/03/2023 07:12:00 AM,W GUDE DR,NA,SAME DIR REAR END,Rain,WET,Daylight,N/A,NONE DETECTED,No,Possible Minor Injury,"SLEET, HAIL, FREEZ. RAIN, WET",NOT DISTRACTED,MD,PASSENGER CAR,MOVING CONSTANT SPEED,35,No,2012,MAZA,UT,39.10674667,-77.16722817,2023,5,7
230021083,Injury Crash,05/03/2023 07:12:00 AM,W GUDE DR,NA,SAME DIR REAR END,Rain,WET,Daylight,N/A,NONE DETECTED,Yes,No Apparent Injury,"SLEET, HAIL, FREEZ. RAIN, WET",NOT DISTRACTED,MD,PASSENGER CAR,MAKING RIGHT TURN,35,No,2021,HYUN,SD,39.10674667,-77.16722817,2023,5,7
230021079,Property Damage Crash,05/03/2023 06:59:00 AM,GEORGIA AVE,NA,STRAIGHT MOVEMENT ANGLE,Rain,WET,Medium,TRAFFIC SIGNAL,NONE DETECTED,No,No Apparent Injury,"RAIN, SNOW, WET",NOT DISTRACTED,MD,PASSENGER CAR,STARTING FROM LANE,35,No,2017,TOYT,SIENA,39.06057167,-77.05098,2023,5,6
230021079,Property Damage Crash,05/03/2023 06:59:00 AM,GEORGIA AVE,NA,STRAIGHT MOVEMENT ANGLE,Rain,WET,Medium,TRAFFIC SIGNAL,NONE DETECTED,Yes,No Apparent Injury,"RAIN, SNOW, WET",NOT DISTRACTED,MD,PASSENGER CAR,MOVING CONSTANT SPEED,35,No,2007,ACUR,TSX,39.06057167,-77.05098,2023,5,6
230021081,Property Damage Crash,05/03/2023 06:51:00 AM,SHADY GROVE RD,NA,STRAIGHT MOVEMENT ANGLE,Rain,WET,Daylight,N/A,NONE DETECTED,No,No Apparent Injury,N/A,NOT DISTRACTED,VA,"MEDIUM/HEAVY TRUCKS 3 AXLES (OVER 10,000LBS (4,536KG))",MOVING CONSTANT SPEED,35,No,2015,PETERBILT,TK,39.09191367,-77.20875,2023,5,6
230021081,Property Damage Crash,05/03/2023 06:51:00 AM,SHADY GROVE RD,NA,STRAIGHT MOVEMENT ANGLE,Rain,WET,Daylight,N/A,NONE DETECTED,Yes,No Apparent Injury,N/A,LOOKED BUT DID NOT SEE,MD,PASSENGER CAR,ACCELERATING,35,No,2017,CHEVY,4H,39.09191367,-77.20875,2023,5,6
230021056,Property Damage Crash,05/02/2023 10:00:00 PM,OLD COLUMBIA PIKE,NA,HEAD ON LEFT TURN,Clear,DRY,Medium,TRAFFIC SIGNAL,NONE DETECTED,No,No Apparent Injury,N/A,NOT DISTRACTED,MD,PASSENGER CAR,MOVING CONSTANT SPEED,35,No,2012,NISSAN,VERSA,39.11261167,-76.933005,2023,5,22
230021056,Property Damage Crash,05/02/2023 10:00:00 PM,OLD COLUMBIA PIKE,NA,HEAD ON LEFT TURN,Clear,DRY,Medium,TRAFFIC SIGNAL,NONE DETECTED,Yes,No Apparent Injury,N/A,NOT DISTRACTED,MD,PASSENGER CAR,MAKING LEFT TURN,15,No,2011,HONDA,PILOT,39.11261167,-76.933005,2023,5,22
230021049,Injury Crash,05/02/2023 09:18:00 PM,CLUB HOUSE RD,PEDESTRIAN,STRAIGHT MOVEMENT ANGLE,Clear,WET,Dark,NO CONTROLS,NONE DETECTED,Yes,No Apparent Injury,N/A,NOT DISTRACTED,MD,PASSENGER CAR,MAKING LEFT TURN,30,No,2008,TOYOTA,HIGHLANDER,39.17443167,-77.20546167,2023,5,21
230021036,Property Damage Crash,05/02/2023 07:32:00 PM,SHADY GROVE RD,NA,SAME DIRECTION LEFT TURN,Rain,WET,Daylight,TRAFFIC SIGNAL,NONE DETECTED,Yes,No Apparent Injury,"RAIN, SNOW, WET",NOT DISTRACTED,NA,PASSENGER CAR,MAKING LEFT TURN,35,No,2014,BMW,328I,39.12260214,-77.17761996,2023,5,19
230021036,Property Damage Crash,05/02/2023 07:32:00 PM,SHADY GROVE RD,NA,SAME DIRECTION LEFT TURN,Rain,WET,Daylight,TRAFFIC SIGNAL,NONE DETECTED,No,No Apparent Injury,"RAIN, SNOW, WET",NOT DISTRACTED,MD,PASSENGER CAR,MAKING LEFT TURN,35,No,2015,HONDA,CIVIC,39.12260214,-77.17761996,2023,5,19
230021032,Property Damage Crash,05/02/2023 07:22:00 PM,LITTLE SENECA PKWY,NA,SAME DIRECTION LEFT TURN,Rain,WET,Daylight,YIELD SIGN,NONE DETECTED,Yes,No Apparent Injury,N/A,INATTENTIVE OR LOST IN THOUGHT,MD,PASSENGER CAR,MOVING CONSTANT SPEED,35,No,2014,TOYOTA,CAMERY,39.23028833,-77.25230667,2023,5,19
230021032,Property Damage Crash,05/02/2023 07:22:00 PM,LITTLE SENECA PKWY,NA,SAME DIRECTION LEFT TURN,Rain,WET,Daylight,YIELD SIGN,NONE DETECTED,No,No Apparent Injury,N/A,NOT DISTRACTED,MD,PASSENGER CAR,ENTERING TRAFFIC LANE,35,No,2013,HONDA,CIVIC,39.23028833,-77.25230667,2023,5,19
230021037,Property Damage Crash,05/02/2023 06:41:00 PM,BEL PRE RD,NA,OPPOSITE DIR BOTH LEFT TURN,Cloudy,N/A,Daylight,STOP SIGN,NONE DETECTED,No,No Apparent Injury,N/A,NOT DISTRACTED,MD,PASSENGER CAR,MAKING LEFT TURN,25,No,2019,TOYOTA,COROLLA,39.09049577,-77.04840583,2023,5,18
230021037,Property Damage Crash,05/02/2023 06:41:00 PM,BEL PRE RD,NA,OPPOSITE DIR BOTH LEFT TURN,Cloudy,N/A,Daylight,STOP SIGN,NONE DETECTED,Yes,No Apparent Injury,N/A,UNKNOWN,NA,NA,MAKING LEFT TURN,25,No,0,UNKNOWN,UNKNOWN,39.09049577,-77.04840583,2023,5,18
230021025,Property Damage Crash,05/02/2023 06:33:00 PM,CHERRY HILL RD,NA,SAME DIRECTION SIDESWIPE,Rain,WET,Daylight,NO CONTROLS,NONE DETECTED,No,No Apparent Injury,"RAIN, SNOW, WET",NOT DISTRACTED,MD,PASSENGER CAR,MOVING CONSTANT SPEED,40,No,2008,NISSAN,XTERRA,39.05745233,-76.95497267,2023,5,18
230021025,Property Damage Crash,05/02/2023 06:33:00 PM,CHERRY HILL RD,NA,SAME DIRECTION SIDESWIPE,Rain,WET,Daylight,NO CONTROLS,NONE DETECTED,Yes,No Apparent Injury,"RAIN, SNOW, WET",NOT DISTRACTED,MD,PASSENGER CAR,CHANGING LANES,40,No,2019,TOYT,SD,39.05745233,-76.95497267,2023,5,18
230021025,Property Damage Crash,05/02/2023 06:33:00 PM,CHERRY HILL RD,NA,SAME DIRECTION SIDESWIPE,Rain,WET,Daylight,NO CONTROLS,NONE DETECTED,No,No Apparent Injury,"RAIN, SNOW, WET",NOT DISTRACTED,MD,PASSENGER CAR,MOVING CONSTANT SPEED,40,No,2021,KIA,KS,39.05745233,-76.95497267,2023,5,18
230021021,Property Damage Crash,05/02/2023 06:16:00 PM,MIDCOUNTY HWY,NA,HEAD ON LEFT TURN,Rain,WET,Daylight,TRAFFIC SIGNAL,NONE DETECTED,Yes,No Apparent Injury,"RAIN, SNOW, WET",LOOKED BUT DID NOT SEE,DC,PASSENGER CAR,MAKING LEFT TURN,50,No,2019,HONDA,CIVIC,39.14786667,-77.16974167,2023,5,18
230021021,Property Damage Crash,05/02/2023 06:16:00 PM,MIDCOUNTY HWY,NA,HEAD ON LEFT TURN,Rain,WET,Daylight,TRAFFIC SIGNAL,NONE DETECTED,No,No Apparent Injury,"RAIN, SNOW, WET",LOOKED BUT DID NOT SEE,MD,PASSENGER CAR,MOVING CONSTANT SPEED,50,No,2020,HOND,UT,39.14786667,-77.16974167,2023,5,18
230021016,Injury Crash,05/02/2023 05:45:00 PM,RIDGE RD,NA,STRAIGHT MOVEMENT ANGLE,Cloudy,WET,Daylight,TRAFFIC SIGNAL,NONE DETECTED,Yes,Possible Minor Injury,"N/A, WET",LOOKED BUT DID NOT SEE,MD,(SPORT) UTILITY VEHICLE,MOVING CONSTANT SPEED,40,No,2016,TOYT,HIGHLANDER,39.21003767,-77.239959,2023,5,17
230021016,Injury Crash,05/02/2023 05:45:00 PM,RIDGE RD,NA,STRAIGHT MOVEMENT ANGLE,Cloudy,WET,Daylight,TRAFFIC SIGNAL,NONE DETECTED,No,Possible Minor Injury,"N/A, WET",NOT DISTRACTED,MD,PASSENGER CAR,STARTING FROM LANE,40,No,2007,VOLKS,GTI,39.21003767,-77.239959,2023,5,17
230021013,Injury Crash,05/02/2023 05:40:00 PM,FLEET ST,BICYCLIST,OTHER,Rain,WET,Daylight,STOP SIGN,NONE DETECTED,Yes,No Apparent Injury,N/A,OTHER DISTRACTION,MD,POLICE VEHICLE/EMERGENCY,STARTING FROM LANE,25,No,2020,SUBA,UT,39.080116,-77.14711414,2023,5,17
230021010,Injury Crash,05/02/2023 05:20:00 PM,RIVER RD,NA,SAME DIR REAR END,Rain,WET,Daylight,NO CONTROLS,NONE DETECTED,No,No Apparent Injury,"RAIN, SNOW, WET",NOT DISTRACTED,MD,PASSENGER CAR,STOPPED IN TRAFFIC LANE,30,No,2018,TESLA,MODEL 3,39.00101333,-77.17838333,2023,5,17
230021010,Injury Crash,05/02/2023 05:20:00 PM,RIVER RD,NA,SAME DIR REAR END,Rain,WET,Daylight,NO CONTROLS,NONE DETECTED,Yes,No Apparent Injury,"RAIN, SNOW, WET",NOT DISTRACTED,MD,PASSENGER CAR,MOVING CONSTANT SPEED,30,No,2006,BMW,650,39.00101333,-77.17838333,2023,5,17
230021012,Injury Crash,05/02/2023 05:07:00 PM,COLUMBIA PIKE,NA,SAME DIR REAR END,Rain,WET,Daylight,TRAFFIC SIGNAL,NONE DETECTED,No,Possible Minor Injury,"N/A, SLEET, HAIL, FREEZ. RAIN",NOT DISTRACTED,MD,PASSENGER CAR,MOVING CONSTANT SPEED,40,No,2014,JEEP,WRANGLER,39.04556583,-76.988114,2023,5,17
230021012,Injury Crash,05/02/2023 05:07:00 PM,COLUMBIA PIKE,NA,SAME DIR REAR END,Rain,WET,Daylight,TRAFFIC SIGNAL,NONE DETECTED,Yes,No Apparent Injury,"N/A, SLEET, HAIL, FREEZ. RAIN",NOT DISTRACTED,MD,PASSENGER CAR,SLOWING OR STOPPING,40,No,2016,HONDA,CRV,39.04556583,-76.988114,2023,5,17
230021003,Injury Crash,05/02/2023 04:45:00 PM,CEDAR LA,NA,SAME DIR REAR END,Cloudy,DRY,Daylight,TRAFFIC SIGNAL,NONE DETECTED,No,Possible Minor Injury,N/A,NOT DISTRACTED,MD,PASSENGER CAR,STOPPED IN TRAFFIC LANE,35,No,2018,VOLV,XC60,39.00814195,-77.09458783,2023,5,16
230021003,Injury Crash,05/02/2023 04:45:00 PM,CEDAR LA,NA,SAME DIR REAR END,Cloudy,DRY,Daylight,TRAFFIC SIGNAL,NONE DETECTED,Yes,No Apparent Injury,N/A,BY OTHER OCCUPANTS,MD,PASSENGER CAR,MOVING CONSTANT SPEED,35,No,2012,LINC,MKZ,39.00814195,-77.09458783,2023,5,16
230021006,Property Damage Crash,05/02/2023 04:30:00 PM,FREDERICK RD,NA,SAME DIR REAR END,Cloudy,WET,Daylight,TRAFFIC SIGNAL,NONE DETECTED,No,No Apparent Injury,"N/A, WET",NOT DISTRACTED,MD,PASSENGER CAR,PARKED,35,No,2016,HINDA,CR-V,39.14379057,-77.20119498,2023,5,16
230021006,Property Damage Crash,05/02/2023 04:30:00 PM,FREDERICK RD,NA,SAME DIR REAR END,Cloudy,WET,Daylight,TRAFFIC SIGNAL,NONE DETECTED,Yes,No Apparent Injury,"N/A, WET",UNKNOWN,MD,PASSENGER CAR,ACCELERATING,35,No,2015,FORD,TAURUS,39.14379057,-77.20119498,2023,5,16