Local Case Number,ACRS Report Type,Crash Date/Time,Road Name,Related Non-Motorist,Collision Type,Weather,Surface Condition,Light,Traffic Control,Driver Substance Abuse,Driver At Fault,Injury Severity,Circumstance,Driver Distracted By,Drivers License State,Vehicle Body Type,Vehicle Movement,Speed Limit,Driverless Vehicle,Vehicle Year,Vehicle Make,Vehicle Model,Latitude,Longitude,Year,Month,Hour
230020989,Property Damage Crash,05/02/2023 03:40:00 PM,NA,NA,SAME DIRECTION SIDESWIPE,Cloudy,NA,Daylight,NO CONTROLS,NONE DETECTED,No,No Apparent Injury,N/A,NOT DISTRACTED,MD,PASSENGER CAR,PARKED,0,No,2012,LEXUS,HB,38.9841967,-77.09869678,2023,5,15
230020989,Property Damage Crash,05/02/2023 03:40:00 PM,NA,NA,SAME DIRECTION SIDESWIPE,Cloudy,NA,Daylight,NO CONTROLS,NONE DETECTED,Yes,No Apparent Injury,N/A,INATTENTIVE OR LOST IN THOUGHT,MD,PASSENGER CAR,ACCELERATING,0,No,2006,TOYOTA,CAMRY,38.9841967,-77.09869678,2023,5,15
230020964,Property Damage Crash,05/02/2023 02:29:00 PM,VEIRS MILL RD,NA,SAME DIR REAR END,Rain,WET,Daylight,N/A,NONE DETECTED,Yes,No Apparent Injury,"N/A, WET",LOOKED BUT DID NOT SEE,MD,PASSENGER CAR,MAKING RIGHT TURN,40,No,2005,VOLKSWAGEN,JETTA,39.05695283,-77.083894,2023,5,14
230020970,Property Damage Crash,05/02/2023 02:29:00 PM,EAST WEST HWY (W/B COUPLET),NA,SAME DIR REAR END,Clear,DRY,Daylight,TRAFFIC SIGNAL,NONE DETECTED,Yes,No Apparent Injury,N/A,NOT DISTRACTED,MD,TRANSIT BUS,STARTING FROM LANE,25,No,2021,NEW FLYER,BUS,38.98520732,-77.09061294,2023,5,14
230020964,Property Damage Crash,05/02/2023 02:29:00 PM,VEIRS MILL RD,NA,SAME DIR REAR END,Rain,WET,Daylight,N/A,NONE DETECTED,No,No Apparent Injury,"N/A, WET",NOT DISTRACTED,DC,(SPORT) UTILITY VEHICLE,MOVING CONSTANT SPEED,40,No,2011,MAZDA,3I,39.05695283,-77.083894,2023,5,14
230020970,Property Damage Crash,05/02/2023 02:29:00 PM,EAST WEST HWY (W/B COUPLET),NA,SAME DIR REAR END,Clear,DRY,Daylight,TRAFFIC SIGNAL,NONE DETECTED,No,No Apparent Injury,N/A,NOT DISTRACTED,MD,PASSENGER CAR,STOPPED IN TRAFFIC LANE,25,No,2016,KIA,SEDONA,38.98520732,-77.09061294,2023,5,14
230020974,Property Damage Crash,05/02/2023 02:27:00 PM,NA,NA,OTHER,Clear,NA,Daylight,NO CONTROLS,NONE DETECTED,Yes,No Apparent Injury,N/A,LOOKED BUT DID NOT SEE,MD,PASSENGER CAR,STARTING FROM PARKED,5,No,2000,HONDA,4DR,39.14111632,-77.19351768,2023,5,14
230020961,Injury Crash,05/02/2023 02:20:00 PM,WESTLAKE TERR,NA,SAME DIR REAR END,Rain,WET,Daylight,TRAFFIC SIGNAL,NONE DETECTED,No,No Apparent Injury,"RAIN, SNOW, WET",NOT DISTRACTED,DC,PASSENGER CAR,STOPPED IN TRAFFIC LANE,35,No,2007,LEXUS,400H,39.02725648,-77.14749736,2023,5,14
230020961,Injury Crash,05/02/2023 02:20:00 PM,WESTLAKE TERR,NA,SAME DIR REAR END,Rain,WET,Daylight,TRAFFIC SIGNAL,NONE DETECTED,Yes,Possible Minor Injury,"RAIN, SNOW, WET",DISTRACTED BY OUTSIDE PERSON OBJECT OR EVENT,MD,PASSENGER CAR,SLOWING OR STOPPING,35,No,2016,HYUN,4S,39.02725648,-77.14749736,2023,5,14
230020967,Property Damage Crash,05/02/2023 02:14:00 PM,FATHER HURLEY BLVD,NA,STRAIGHT MOVEMENT ANGLE,Rain,WET,Daylight,TRAFFIC SIGNAL,NONE DETECTED,Yes,No Apparent Injury,"RAIN, SNOW, WET",LOOKED BUT DID NOT SEE,MD,PICKUP TRUCK,MOVING CONSTANT SPEED,35,No,2016,CHEVROLET,SILVERADO,39.19661183,-77.2657665,2023,5,14
230020967,Property Damage Crash,05/02/2023 02:14:00 PM,FATHER HURLEY BLVD,NA,STRAIGHT MOVEMENT ANGLE,Rain,WET,Daylight,TRAFFIC SIGNAL,NONE DETECTED,Yes,No Apparent Injury,"RAIN, SNOW, WET",LOOKED BUT DID NOT SEE,MD,PASSENGER CAR,MOVING CONSTANT SPEED,35,No,2003,LINCOLN,NAVIGATOR,39.19661183,-77.2657665,2023,5,14
230021029,Property Damage Crash,05/02/2023 02:00:00 PM,BETHESDA CHURCH RD,NA,SAME DIRECTION SIDESWIPE,Clear,DRY,Daylight,NO CONTROLS,NONE DETECTED,No,No Apparent Injury,N/A,NOT DISTRACTED,MD,PASSENGER CAR,MOVING CONSTANT SPEED,30,No,2018,CHEV,SD,39.28515936,-77.21367565,2023,5,14
230021029,Property Damage Crash,05/02/2023 02:00:00 PM,BETHESDA CHURCH RD,NA,SAME DIRECTION SIDESWIPE,Clear,DRY,Daylight,NO CONTROLS,NONE DETECTED,Yes,No Apparent Injury,N/A,UNKNOWN,NA,PASSENGER CAR,ACCELERATING,30,No,2006,HONDA,CRV,39.28515936,-77.21367565,2023,5,14
230020953,Property Damage Crash,05/02/2023 01:47:00 PM,FATHER HURLEY BLVD,NA,STRAIGHT MOVEMENT ANGLE,Cloudy,DRY,Daylight,TRAFFIC SIGNAL,NONE DETECTED,No,No Apparent Injury,N/A,NOT DISTRACTED,MD,(SPORT) UTILITY VEHICLE,MAKING LEFT TURN,40,No,2021,KIA,SELTOS,39.19885467,-77.26092367,2023,5,13
230020953,Property Damage Crash,05/02/2023 01:47:00 PM,FATHER HURLEY BLVD,NA,STRAIGHT MOVEMENT ANGLE,Cloudy,DRY,Daylight,TRAFFIC SIGNAL,NONE DETECTED,No,No Apparent Injury,N/A,NOT DISTRACTED,MD,PASSENGER CAR,MAKING LEFT TURN,40,No,2013,HOND,ACCORD,39.19885467,-77.26092367,2023,5,13
230020953,Property Damage Crash,05/02/2023 01:47:00 PM,FATHER HURLEY BLVD,NA,STRAIGHT MOVEMENT ANGLE,Cloudy,DRY,Daylight,TRAFFIC SIGNAL,NONE DETECTED,Yes,No Apparent Injury,N/A,NOT DISTRACTED,MD,PASSENGER CAR,MOVING CONSTANT SPEED,40,No,2008,MERCEDES,C300,39.19885467,-77.26092367,2023,5,13
230020943,Injury Crash,05/02/2023 01:13:00 PM,RANDOLPH RD,NA,SAME DIRECTION LEFT TURN,Rain,WET,Daylight,N/A,NONE DETECTED,No,No Apparent Injury,"N/A, WET",NOT DISTRACTED,MD,"MEDIUM/HEAVY TRUCKS 3 AXLES (OVER 10,000LBS (4,536KG))",MOVING CONSTANT SPEED,35,No,2022,FORD,TK,39.05358483,-77.10531273,2023,5,13
230020943,Injury Crash,05/02/2023 01:13:00 PM,RANDOLPH RD,NA,SAME DIRECTION LEFT TURN,Rain,WET,Daylight,N/A,NONE DETECTED,Yes,No Apparent Injury,"N/A, WET",UNKNOWN,MD,PASSENGER CAR,CHANGING LANES,35,No,2016,DODGE,VAN,39.05358483,-77.10531273,2023,5,13
230020942,Property Damage Crash,05/02/2023 01:11:00 PM,ROCKVILLE PIKE,NA,SAME DIRECTION SIDESWIPE,Clear,WET,Daylight,NO CONTROLS,NONE DETECTED,Yes,No Apparent Injury,"BACKUP DUE TO NON-RECURRING INCIDENT, N/A",LOOKED BUT DID NOT SEE,VA,PASSENGER CAR,CHANGING LANES,35,No,2005,JEEP,WRANGLER,39.01003676,-77.09705869,2023,5,13
230020942,Property Damage Crash,05/02/2023 01:11:00 PM,ROCKVILLE PIKE,NA,SAME DIRECTION SIDESWIPE,Clear,WET,Daylight,NO CONTROLS,NONE DETECTED,No,No Apparent Injury,"BACKUP DUE TO NON-RECURRING INCIDENT, N/A",NOT DISTRACTED,MD,TRANSIT BUS,MOVING CONSTANT SPEED,35,No,2009,GILL,BUS,39.01003676,-77.09705869,2023,5,13
230021230,Property Damage Crash,05/02/2023 12:00:00 PM,NA,NA,OTHER,Clear,NA,Daylight,N/A,NONE DETECTED,Yes,No Apparent Injury,N/A,UNKNOWN,MD,"OTHER LIGHT TRUCKS (10,000LBS (4,536KG) OR LESS)",BACKING,0,No,2019,GMC,TRUCK,38.98754448,-76.9965603,2023,5,12
230020923,Injury Crash,05/02/2023 11:32:00 AM,ROCKVILLE PIKE,NA,STRAIGHT MOVEMENT ANGLE,Cloudy,DRY,Daylight,TRAFFIC SIGNAL,NONE DETECTED,No,Possible Minor Injury,N/A,NOT DISTRACTED,MD,(SPORT) UTILITY VEHICLE,MAKING LEFT TURN,35,No,2015,HONDA,CR-V,39.01500617,-77.10000983,2023,5,11
230020923,Injury Crash,05/02/2023 11:32:00 AM,ROCKVILLE PIKE,NA,STRAIGHT MOVEMENT ANGLE,Cloudy,DRY,Daylight,TRAFFIC SIGNAL,NONE DETECTED,Yes,Possible Minor Injury,N/A,UNKNOWN,MD,PASSENGER CAR,MOVING CONSTANT SPEED,35,No,2023,MAZDA,CX-5,39.01500617,-77.10000983,2023,5,11
230020963,Injury Crash,05/02/2023 10:00:00 AM,NEW HAMPSHIRE AVE,PEDESTRIAN,SINGLE VEHICLE,Clear,DRY,Daylight,TRAFFIC SIGNAL,NONE DETECTED,Unknown,No Apparent Injury,N/A,UNKNOWN,MD,PASSENGER CAR,MOVING CONSTANT SPEED,35,No,2015,CHRYSLER,4D,38.98799061,-76.98782723,2023,5,10
230020896,Property Damage Crash,05/02/2023 09:14:00 AM,CONNECTICUT AVE,NA,SAME DIRECTION SIDESWIPE,Cloudy,DRY,Daylight,TRAFFIC SIGNAL,NONE DETECTED,Yes,No Apparent Injury,N/A,NOT DISTRACTED,MD,"MEDIUM/HEAVY TRUCKS 3 AXLES (OVER 10,000LBS (4,536KG))",MOVING CONSTANT SPEED,30,No,2017,PETERBUILT,DUMP,38.990915,-77.07732667,2023,5,9
230020896,Property Damage Crash,05/02/2023 09:14:00 AM,CONNECTICUT AVE,NA,SAME DIRECTION SIDESWIPE,Cloudy,DRY,Daylight,TRAFFIC SIGNAL,NONE DETECTED,No,No Apparent Injury,N/A,NOT DISTRACTED,MD,SCHOOL BUS,STOPPED IN TRAFFIC LANE,30,No,2023,FREIGHTLINER,BUS,38.990915,-77.07732667,2023,5,9
230020900,Property Damage Crash,05/02/2023 09:11:00 AM,DALE DR,NA,STRAIGHT MOVEMENT ANGLE,Clear,DRY,Daylight,NO CONTROLS,NONE DETECTED,Yes,No Apparent Injury,N/A,LOOKED BUT DID NOT SEE,MD,PASSENGER CAR,MAKING LEFT TURN,25,No,2006,TOYOTA,CAMERY,39.00558333,-77.02358167,2023,5,9
230020900,Property Damage Crash,05/02/2023 09:11:00 AM,DALE DR,NA,STRAIGHT MOVEMENT ANGLE,Clear,DRY,Daylight,NO CONTROLS,NONE DETECTED,No,No Apparent Injury,N/A,NOT DISTRACTED,MD,SCHOOL BUS,MOVING CONSTANT SPEED,25,No,2020,THOMAS,SCHOOL BUS,39.00558333,-77.02358167,2023,5,9
230020900,Property Damage Crash,05/02/2023 09:11:00 AM,DALE DR,NA,STRAIGHT MOVEMENT ANGLE,Clear,DRY,Daylight,NO CONTROLS,NONE DETECTED,No,No Apparent Injury,N/A,NOT DISTRACTED,MD,PASSENGER CAR,MOVING CONSTANT SPEED,25,No,2019,HYUNDAI,TUCSON,39.00558333,-77.02358167,2023,5,9
230020898,Property Damage Crash,05/02/2023 09:05:00 AM,HUNGERFORD DR,NA,SAME DIRECTION LEFT TURN,Clear,DRY,Daylight,TRAFFIC SIGNAL,NONE DETECTED,No,No Apparent Injury,N/A,NOT DISTRACTED,MD,PASSENGER CAR,MOVING CONSTANT SPEED,40,No,2010,TOYOTA,4S,39.10328367,-77.15574867,2023,5,9
230020898,Property Damage Crash,05/02/2023 09:05:00 AM,HUNGERFORD DR,NA,SAME DIRECTION LEFT TURN,Clear,DRY,Daylight,TRAFFIC SIGNAL,NONE DETECTED,Yes,No Apparent Injury,N/A,OTHER DISTRACTION,MD,PASSENGER CAR,MAKING U TURN,40,No,2014,KIA,SOUL,39.10328367,-77.15574867,2023,5,9
230018827,Property Damage Crash,05/02/2023 07:51:00 AM,WILSON LA,NA,OTHER,Clear,DRY,Daylight,STOP SIGN,NONE DETECTED,Yes,No Apparent Injury,N/A,NOT DISTRACTED,MD,PASSENGER CAR,MOVING CONSTANT SPEED,30,No,2016,TOYOTA,CAMRY,38.98122285,-77.14073006,2023,5,7
230018827,Property Damage Crash,05/02/2023 07:51:00 AM,WILSON LA,NA,OTHER,Clear,DRY,Daylight,STOP SIGN,NONE DETECTED,No,No Apparent Injury,N/A,NOT DISTRACTED,NY,PASSENGER CAR,STOPPED IN TRAFFIC LANE,30,No,2015,JEEP,TK,38.98122285,-77.14073006,2023,5,7
230018827,Property Damage Crash,05/02/2023 07:51:00 AM,WILSON LA,NA,OTHER,Clear,DRY,Daylight,STOP SIGN,NONE DETECTED,No,No Apparent Injury,N/A,NOT DISTRACTED,VA,PASSENGER CAR,MOVING CONSTANT SPEED,30,No,2013,TOYOTA,VENZA,38.98122285,-77.14073006,2023,5,7
230020879,Property Damage Crash,05/02/2023 07:41:00 AM,VEIRS MILL RD,NA,ANGLE MEETS LEFT TURN,Cloudy,DRY,Daylight,STOP SIGN,NONE DETECTED,Yes,No Apparent Injury,N/A,LOOKED BUT DID NOT SEE,MD,PASSENGER CAR,MAKING LEFT TURN,35,No,2017,HONDA,ACCORD,39.05027361,-77.07267328,2023,5,7
230020879,Property Damage Crash,05/02/2023 07:41:00 AM,VEIRS MILL RD,NA,ANGLE MEETS LEFT TURN,Cloudy,DRY,Daylight,STOP SIGN,NONE DETECTED,No,No Apparent Injury,N/A,NOT DISTRACTED,MD,PASSENGER CAR,MOVING CONSTANT SPEED,35,No,2021,SUBA,UT,39.05027361,-77.07267328,2023,5,7
230020878,Property Damage Crash,05/02/2023 07:35:00 AM,WOODFIELD RD,NA,SAME DIR REAR END,Cloudy,DRY,Daylight,NO CONTROLS,NONE DETECTED,No,No Apparent Injury,N/A,NOT DISTRACTED,MD,PASSENGER CAR,STOPPED IN TRAFFIC LANE,40,No,2018,NISS,ROGUE,39.21067,-77.17056,2023,5,7
230020878,Property Damage Crash,05/02/2023 07:35:00 AM,WOODFIELD RD,NA,SAME DIR REAR END,Cloudy,DRY,Daylight,NO CONTROLS,NONE DETECTED,Yes,No Apparent Injury,N/A,UNKNOWN,MD,PASSENGER CAR,MOVING CONSTANT SPEED,40,No,2015,KIA,RIO,39.21067,-77.17056,2023,5,7
230020878,Property Damage Crash,05/02/2023 07:35:00 AM,WOODFIELD RD,NA,SAME DIR REAR END,Cloudy,DRY,Daylight,NO CONTROLS,NONE DETECTED,No,No Apparent Injury,N/A,NOT DISTRACTED,MD,PASSENGER CAR,STOPPED IN TRAFFIC LANE,40,No,2015,HONDA,CR-V,39.21067,-77.17056,2023,5,7
230020871,Property Damage Crash,05/02/2023 06:38:00 AM,LAYHILL RD,NA,SAME DIR REAR END,Cloudy,WET,Daylight,TRAFFIC SIGNAL,NONE DETECTED,No,No Apparent Injury,"N/A, WET",NOT DISTRACTED,MD,PASSENGER CAR,SLOWING OR STOPPING,40,No,2022,HONDA,ACCORD,39.098816,-77.04268283,2023,5,6
230020871,Property Damage Crash,05/02/2023 06:38:00 AM,LAYHILL RD,NA,SAME DIR REAR END,Cloudy,WET,Daylight,TRAFFIC SIGNAL,NONE DETECTED,Yes,No Apparent Injury,"N/A, WET",INATTENTIVE OR LOST IN THOUGHT,MD,PASSENGER CAR,SLOWING OR STOPPING,40,No,1997,HONDA,ACCORD,39.098816,-77.04268283,2023,5,6
230020870,Injury Crash,05/02/2023 05:52:00 AM,PINEY BRANCH RD,PEDESTRIAN,N/A,Clear,DRY,Medium,TRAFFIC SIGNAL,NONE DETECTED,Yes,No Apparent Injury,N/A,LOOKED BUT DID NOT SEE,MD,PASSENGER CAR,MAKING LEFT TURN,35,No,2012,TOYT,4S,38.99371605,-77.00914387,2023,5,5
230020867,Property Damage Crash,05/02/2023 04:54:00 AM,BROADBIRCH DR,NA,STRAIGHT MOVEMENT ANGLE,Clear,DRY,Medium,TRAFFIC SIGNAL,NONE DETECTED,No,No Apparent Injury,N/A,NOT DISTRACTED,MD,PASSENGER CAR,MOVING CONSTANT SPEED,40,No,2020,TOYOTA,TACOMA,39.056525,-76.954425,2023,5,4
230020867,Property Damage Crash,05/02/2023 04:54:00 AM,BROADBIRCH DR,NA,STRAIGHT MOVEMENT ANGLE,Clear,DRY,Medium,TRAFFIC SIGNAL,NONE DETECTED,Yes,No Apparent Injury,N/A,LOOKED BUT DID NOT SEE,MD,PASSENGER CAR,STARTING FROM LANE,40,No,2022,TOYOTA,CAMRY,39.056525,-76.954425,2023,5,4
230020854,Property Damage Crash,05/01/2023 11:35:00 PM,GEORGIA AVE,NA,SINGLE VEHICLE,Cloudy,WET,Medium,NO CONTROLS,NONE DETECTED,Yes,No Apparent Injury,"N/A, WET",UNKNOWN,XX,PASSENGER CAR,MAKING RIGHT TURN,35,No,2007,BMW,328,39.05717874,-77.05009649,2023,5,23
230020848,Property Damage Crash,05/01/2023 10:30:00 PM,SANDY SPRING RD,NA,SAME DIR REAR END,Clear,WET,Medium,TRAFFIC SIGNAL,NONE DETECTED,No,No Apparent Injury,N/A,NOT DISTRACTED,MD,PASSENGER CAR,STOPPED IN TRAFFIC LANE,35,No,2004,HONDA,PILOT,39.11189896,-76.92866972,2023,5,22
230020848,Property Damage Crash,05/01/2023 10:30:00 PM,SANDY SPRING RD,NA,SAME DIR REAR END,Clear,WET,Medium,TRAFFIC SIGNAL,NONE DETECTED,Yes,No Apparent Injury,N/A,NOT DISTRACTED,MD,PASSENGER CAR,SLOWING OR STOPPING,35,No,2008,HONDA,ACCORD,39.11189896,-76.92866972,2023,5,22
230020852,Injury Crash,05/01/2023 10:12:00 PM,PARK VISTA DR,NA,SINGLE VEHICLE,Rain,WET,Medium,NO CONTROLS,NONE DETECTED,Yes,Possible Minor Injury,"N/A, WET",UNKNOWN,DC,PASSENGER CAR,NEGOTIATING A CURVE,35,No,1998,LINCOLN,TOWN CAR,39.103025,-77.04663167,2023,5,22
230020840,Property Damage Crash,05/01/2023 08:42:00 PM,NEW HAMPSHIRE AVE,NA,STRAIGHT MOVEMENT ANGLE,Cloudy,DRY,Medium,TRAFFIC SIGNAL,NONE DETECTED,No,No Apparent Injury,N/A,NOT DISTRACTED,MD,PASSENGER CAR,MOVING CONSTANT SPEED,35,No,2018,CHEVY,TRAVERSE,39.0442375,-76.9922355,2023,5,20
230020840,Property Damage Crash,05/01/2023 08:42:00 PM,NEW HAMPSHIRE AVE,NA,STRAIGHT MOVEMENT ANGLE,Cloudy,DRY,Medium,TRAFFIC SIGNAL,NONE DETECTED,Yes,No Apparent Injury,N/A,LOOKED BUT DID NOT SEE,NC,PASSENGER CAR,MAKING LEFT TURN,35,No,2023,HYUNDAI,SONATA,39.0442375,-76.9922355,2023,5,20
230020832,Property Damage Crash,05/01/2023 07:39:00 PM,RESEARCH BLVD,NA,SAME DIR REAR END,Cloudy,DRY,Medium,NO CONTROLS,NONE DETECTED,No,No Apparent Injury,N/A,NOT DISTRACTED,MD,TRANSIT BUS,ACCELERATING,35,No,2014,GILL,BU,39.10481483,-77.189569,2023,5,19
230020832,Property Damage Crash,05/01/2023 07:39:00 PM,RESEARCH BLVD,NA,SAME DIR REAR END,Cloudy,DRY,Medium,NO CONTROLS,NONE DETECTED,Yes,No Apparent Injury,N/A,INATTENTIVE OR LOST IN THOUGHT,MA,PASSENGER CAR,ACCELERATING,35,No,2022,TOYT,4S,39.10481483,-77.189569,2023,5,19
230020819,Property Damage Crash,05/01/2023 05:35:00 PM,RANDOLPH RD,NA,STRAIGHT MOVEMENT ANGLE,Cloudy,DRY,Daylight,NO CONTROLS,NONE DETECTED,No,No Apparent Injury,N/A,NOT DISTRACTED,MD,PASSENGER CAR,MOVING CONSTANT SPEED,35,No,2020,TOYOTA,COROLLA,39.05346683,-77.10734283,2023,5,17
230020819,Property Damage Crash,05/01/2023 05:35:00 PM,RANDOLPH RD,NA,STRAIGHT MOVEMENT ANGLE,Cloudy,DRY,Daylight,NO CONTROLS,NONE DETECTED,Yes,No Apparent Injury,N/A,LOOKED BUT DID NOT SEE,VA,PASSENGER CAR,MAKING LEFT TURN,35,No,2015,KIA,OPTIMA,39.05346683,-77.10734283,2023,5,17
230020811,Property Damage Crash,05/01/2023 04:28:00 PM,NA,NA,OTHER,Cloudy,NA,Daylight,NO CONTROLS,NONE DETECTED,No,No Apparent Injury,N/A,NOT DISTRACTED,MD,SCHOOL BUS,STOPPED IN TRAFFIC LANE,5,No,2013,THOMAS BUILT,BUS,39.15951277,-77.20137954,2023,5,16
230020811,Property Damage Crash,05/01/2023 04:28:00 PM,NA,NA,OTHER,Cloudy,NA,Daylight,NO CONTROLS,NONE DETECTED,Yes,No Apparent Injury,N/A,UNKNOWN,MD,PASSENGER CAR,PARKED,5,No,2017,TOYOTA,COROLLA,39.15951277,-77.20137954,2023,5,16
230020805,Property Damage Crash,05/01/2023 04:10:00 PM,OLD COLUMBIA PIKE,NA,STRAIGHT MOVEMENT ANGLE,Cloudy,DRY,Daylight,TRAFFIC SIGNAL,NONE DETECTED,Unknown,No Apparent Injury,N/A,NOT DISTRACTED,MD,PASSENGER CAR,ENTERING TRAFFIC LANE,30,No,2022,TOYOTA,C-HR,39.10994021,-76.93451323,2023,5,16
230020805,Property Damage Crash,05/01/2023 04:10:00 PM,OLD COLUMBIA PIKE,NA,STRAIGHT MOVEMENT ANGLE,Cloudy,DRY,Daylight,TRAFFIC SIGNAL,NONE DETECTED,Unknown,No Apparent Injury,N/A,NOT DISTRACTED,MD,PASSENGER CAR,MOVING CONSTANT SPEED,30,No,2011,CHEVY,EQUINOX LTZ,39.10994021,-76.93451323,2023,5,16
230020804,Injury Crash,05/01/2023 04:04:00 PM,HATHAWAY DR,BICYCLIST,OTHER,Clear,DRY,Daylight,NO CONTROLS,NONE DETECTED,No,No Apparent Injury,N/A,NOT DISTRACTED,MD,PASSENGER CAR,STOPPED IN TRAFFIC LANE,25,No,2009,TOYOTA,SIENNA,39.07481467,-77.0458985,2023,5,16
230020803,Injury Crash,05/01/2023 03:52:00 PM,NA,NA,SINGLE VEHICLE,Rain,NA,Daylight,N/A,NONE DETECTED,Yes,Possible Minor Injury,N/A,NOT DISTRACTED,MD,(SPORT) UTILITY VEHICLE,MOVING CONSTANT SPEED,40,No,2018,JEEP,TK,39.21374667,-77.142885,2023,5,15
230020799,Injury Crash,05/01/2023 03:33:00 PM,GOSHEN RD,NA,HEAD ON LEFT TURN,Cloudy,DRY,Daylight,STOP SIGN,NONE DETECTED,Yes,No Apparent Injury,N/A,LOOKED BUT DID NOT SEE,MD,PASSENGER CAR,MAKING LEFT TURN,35,No,2020,GMC,ACADIA,39.135479,-77.194695,2023,5,15
230020799,Injury Crash,05/01/2023 03:33:00 PM,GOSHEN RD,NA,HEAD ON LEFT TURN,Cloudy,DRY,Daylight,STOP SIGN,NONE DETECTED,No,Possible Minor Injury,N/A,NOT DISTRACTED,MD,PASSENGER CAR,MOVING CONSTANT SPEED,35,No,2014,LEXUS,GX460,39.135479,-77.194695,2023,5,15
230020801,Property Damage Crash,05/01/2023 03:30:00 PM,WISCONSIN AVE,NA,SAME DIR REAR END,Clear,DRY,Daylight,N/A,ALCOHOL PRESENT,Yes,No Apparent Injury,N/A,NOT DISTRACTED,MD,PICKUP TRUCK,MOVING CONSTANT SPEED,35,No,2012,FORD,F350,38.98928233,-77.095384,2023,5,15
230020801,Property Damage Crash,05/01/2023 03:30:00 PM,WISCONSIN AVE,NA,SAME DIR REAR END,Clear,DRY,Daylight,N/A,NONE DETECTED,No,No Apparent Injury,N/A,NOT DISTRACTED,MD,(SPORT) UTILITY VEHICLE,SLOWING OR STOPPING,35,No,2015,SUBARU,OUTBACK,38.98928233,-77.095384,2023,5,15
230020795,Property Damage Crash,05/01/2023 03:10:00 PM,SUNDOWN RD,NA,HEAD ON,Rain,WET,Daylight,NO CONTROLS,NONE DETECTED,No,No Apparent Injury,"RAIN, SNOW, WET",NOT DISTRACTED,MD,PASSENGER CAR,MOVING CONSTANT SPEED,40,No,2011,INFINITI,4S,39.21944483,-77.09958867,2023,5,15
230020795,Property Damage Crash,05/01/2023 03:10:00 PM,SUNDOWN RD,NA,HEAD ON,Rain,WET,Daylight,NO CONTROLS,NONE DETECTED,Yes,No Apparent Injury,"RAIN, SNOW, WET",NOT DISTRACTED,XX,PASSENGER CAR,MOVING CONSTANT SPEED,40,No,2010,HONDA,ACCORD,39.21944483,-77.09958867,2023,5,15
230020789,Property Damage Crash,05/01/2023 02:25:00 PM,GERMANTOWN RD,NA,SAME DIR REAR END,Clear,DRY,Daylight,TRAFFIC SIGNAL,NONE DETECTED,No,No Apparent Injury,N/A,NOT DISTRACTED,MD,PASSENGER CAR,STOPPED IN TRAFFIC LANE,40,No,2006,HOND,ACCORD,39.18353509,-77.2565779,2023,5,14
230020789,Property Damage Crash,05/01/2023 02:25:00 PM,GERMANTOWN RD,NA,SAME DIR REAR END,Clear,DRY,Daylight,TRAFFIC SIGNAL,NONE DETECTED,Yes,No Apparent Injury,N/A,NOT DISTRACTED,MD,(SPORT) UTILITY VEHICLE,ACCELERATING,40,No,2003,HOND,ELEMENT,39.18353509,-77.2565779,2023,5,14
230020769,Injury Crash,05/01/2023 01:15:00 PM,UNIVERSITY BLVD W,NA,SAME DIR REAR END,Cloudy,DRY,Daylight,TRAFFIC SIGNAL,NONE DETECTED,No,Possible Minor Injury,N/A,LOOKED BUT DID NOT SEE,MD,(SPORT) UTILITY VEHICLE,STOPPED IN TRAFFIC LANE,30,No,2022,CHEVY,TAHOE,39.03957833,-77.05631033,2023,5,13
230020769,Injury Crash,05/01/2023 01:15:00 PM,UNIVERSITY BLVD W,NA,SAME DIR REAR END,Cloudy,DRY,Daylight,TRAFFIC SIGNAL,NONE DETECTED,Yes,No Apparent Injury,N/A,OTHER CELLULAR PHONE RELATED,MD,(SPORT) UTILITY VEHICLE,MOVING CONSTANT SPEED,30,No,2016,NISS,ROGUE,39.03957833,-77.05631033,2023,5,13
230020698,Injury Crash,05/01/2023 07:00:00 AM,CONNECTICUT AVE,NA,SAME DIR REAR END,Clear,DRY,Daylight,NO CONTROLS,NONE DETECTED,No,No Apparent Injury,N/A,NOT DISTRACTED,MD,PASSENGER CAR,STOPPED IN TRAFFIC LANE,0,No,2011,MERCEDES,ML350,39.005996,-77.078181,2023,5,7
230020698,Injury Crash,05/01/2023 07:00:00 AM,CONNECTICUT AVE,NA,SAME DIR REAR END,Clear,DRY,Daylight,NO CONTROLS,NONE DETECTED,No,No Apparent Injury,N/A,NOT DISTRACTED,FL,PASSENGER CAR,SLOWING OR STOPPING,5,No,2007,HONDA,CRV,39.005996,-77.078181,2023,5,7
230020698,Injury Crash,05/01/2023 07:00:00 AM,CONNECTICUT AVE,NA,SAME DIR REAR END,Clear,DRY,Daylight,NO CONTROLS,NONE DETECTED,No,Possible Minor Injury,N/A,NOT DISTRACTED,MD,PASSENGER CAR,MOVING CONSTANT SPEED,25,No,2022,JEEP,WRANGLER,39.005996,-77.078181,2023,5,7
230020696,Injury Crash,05/01/2023 06:40:00 AM,OLD COLUMBIA PIKE,NA,STRAIGHT MOVEMENT ANGLE,Clear,DRY,Daylight,STOP SIGN,NONE DETECTED,No,Possible Minor Injury,N/A,NOT DISTRACTED,MD,PASSENGER CAR,MOVING CONSTANT SPEED,35,No,2023,NISSAN,KICKS,39.069615,-76.96497,2023,5,6
230020696,Injury Crash,05/01/2023 06:40:00 AM,OLD COLUMBIA PIKE,NA,STRAIGHT MOVEMENT ANGLE,Clear,DRY,Daylight,STOP SIGN,NONE DETECTED,Yes,No Apparent Injury,N/A,LOOKED BUT DID NOT SEE,MD,PASSENGER CAR,STARTING FROM LANE,25,No,2022,TOYOTA,COROLLA,39.069615,-76.96497,2023,5,6
230020693,Property Damage Crash,05/01/2023 05:53:00 AM,ARCTIC AVE,NA,SAME DIR REAR END,Clear,DRY,Medium,NO CONTROLS,NONE DETECTED,Yes,No Apparent Injury,N/A,OTHER DISTRACTION,MD,PASSENGER CAR,MOVING CONSTANT SPEED,25,No,2016,HONDA,PILOT,39.074601,-77.09939783,2023,5,5
230020694,Property Damage Crash,05/01/2023 05:46:00 AM,COLESVILLE RD,NA,SAME DIRECTION SIDESWIPE,Clear,DRY,Medium,NO CONTROLS,NONE DETECTED,Yes,No Apparent Injury,N/A,LOOKED BUT DID NOT SEE,MD,TRANSIT BUS,CHANGING LANES,35,No,2020,GILG,BUS,39.01027425,-77.01763871,2023,5,5
230020694,Property Damage Crash,05/01/2023 05:46:00 AM,COLESVILLE RD,NA,SAME DIRECTION SIDESWIPE,Clear,DRY,Medium,NO CONTROLS,NONE DETECTED,No,No Apparent Injury,N/A,NOT DISTRACTED,MD,(SPORT) UTILITY VEHICLE,MOVING CONSTANT SPEED,35,No,2015,FORD,EXPLORER,39.01027425,-77.01763871,2023,5,5
230020690,Property Damage Crash,05/01/2023 05:00:00 AM,UNIVERSITY BLVD W,NA,SINGLE VEHICLE,Clear,DRY,Medium,N/A,NONE DETECTED,Yes,No Apparent Injury,N/A,UNKNOWN,MD,PASSENGER CAR,MOVING CONSTANT SPEED,30,No,2021,HYUNDAI,VENUE,39.04036333,-77.04363,2023,5,5
230020689,Property Damage Crash,05/01/2023 02:44:00 AM,LAYHILL RD,NA,OTHER,Cloudy,DRY,Medium,NO CONTROLS,NONE DETECTED,Yes,No Apparent Injury,N/A,NOT DISTRACTED,MD,POLICE VEHICLE/NON EMERGENCY,STARTING FROM PARKED,15,No,2013,FORD,INTERCEPTOR,39.11322383,-77.03021401,2023,5,2