Local Case Number,ACRS Report Type,Crash Date/Time,Road Name,Related Non-Motorist,Collision Type,Weather,Surface Condition,Light,Traffic Control,Driver Substance Abuse,Driver At Fault,Injury Severity,Circumstance,Driver Distracted By,Drivers License State,Vehicle Body Type,Vehicle Movement,Speed Limit,Driverless Vehicle,Vehicle Year,Vehicle Make,Vehicle Model,Latitude,Longitude,Year,Month,Hour
230020545,Injury Crash,04/30/2023 11:46:00 PM,GEORGIA AVE,BICYCLIST,OTHER,Clear,DRY,Medium,TRAFFIC SIGNAL,NONE DETECTED,Yes,No Apparent Injury,N/A,UNKNOWN,NA,NA,RIGHT TURN ON RED,30,No,0,UNKNOWN,UNKNOWN,38.98469765,-77.0264628,2023,4,23
230020666,Injury Crash,04/30/2023 09:05:00 PM,E JEFFERSON ST,NA,STRAIGHT MOVEMENT ANGLE,Clear,DRY,Medium,TRAFFIC SIGNAL,NONE DETECTED,Yes,Possible Minor Injury,N/A,INATTENTIVE OR LOST IN THOUGHT,MD,PASSENGER CAR,ACCELERATING,30,No,2014,SUBARU,IMPREZA,39.05273367,-77.12606283,2023,4,21
230020666,Injury Crash,04/30/2023 09:05:00 PM,E JEFFERSON ST,NA,STRAIGHT MOVEMENT ANGLE,Clear,DRY,Medium,TRAFFIC SIGNAL,NONE DETECTED,No,Possible Minor Injury,N/A,NOT DISTRACTED,MD,PASSENGER CAR,MAKING LEFT TURN,35,No,2017,NISSAN,ROGUE,39.05273367,-77.12606283,2023,4,21
230020525,Injury Crash,04/30/2023 07:32:00 PM,UNIVERSITY BLVD E,NA,SAME DIR REAR END,Cloudy,DRY,Daylight,TRAFFIC SIGNAL,NONE DETECTED,No,Possible Minor Injury,N/A,NOT DISTRACTED,DC,VAN,STOPPED IN TRAFFIC LANE,35,No,2010,HONDA,ODYSSEY,38.99935311,-76.99507263,2023,4,19
230020525,Injury Crash,04/30/2023 07:32:00 PM,UNIVERSITY BLVD E,NA,SAME DIR REAR END,Cloudy,DRY,Daylight,TRAFFIC SIGNAL,NONE DETECTED,No,Possible Minor Injury,N/A,NOT DISTRACTED,MD,(SPORT) UTILITY VEHICLE,STOPPED IN TRAFFIC LANE,35,No,2008,TOYOTA,HIGHLANDER,38.99935311,-76.99507263,2023,4,19
230020525,Injury Crash,04/30/2023 07:32:00 PM,UNIVERSITY BLVD E,NA,SAME DIR REAR END,Cloudy,DRY,Daylight,TRAFFIC SIGNAL,NONE DETECTED,No,No Apparent Injury,N/A,NOT DISTRACTED,MD,PASSENGER CAR,STOPPED IN TRAFFIC LANE,35,No,2019,SUBURA,WRX,38.99935311,-76.99507263,2023,4,19
230020525,Injury Crash,04/30/2023 07:32:00 PM,UNIVERSITY BLVD E,NA,SAME DIR REAR END,Cloudy,DRY,Daylight,TRAFFIC SIGNAL,ALCOHOL PRESENT,Yes,No Apparent Injury,N/A,UNKNOWN,MD,PICKUP TRUCK,SLOWING OR STOPPING,35,No,2014,FORD,F150,38.99935311,-76.99507263,2023,4,19
230020639,Property Damage Crash,04/30/2023 04:16:00 PM,GOSHEN RD,NA,ANGLE MEETS LEFT HEAD ON,Cloudy,WET,Daylight,STOP SIGN,NONE DETECTED,No,No Apparent Injury,"N/A, WET",NOT DISTRACTED,MD,PASSENGER CAR,MOVING CONSTANT SPEED,35,No,2015,LEXS,SD,39.1867195,-77.18718583,2023,4,16
230020639,Property Damage Crash,04/30/2023 04:16:00 PM,GOSHEN RD,NA,ANGLE MEETS LEFT HEAD ON,Cloudy,WET,Daylight,STOP SIGN,NONE DETECTED,Yes,No Apparent Injury,"N/A, WET",LOOKED BUT DID NOT SEE,MD,(SPORT) UTILITY VEHICLE,MAKING LEFT TURN,35,No,2014,GMC,TK,39.1867195,-77.18718583,2023,4,16
230020634,Injury Crash,04/30/2023 04:00:00 PM,WISCONSIN AVE,NA,SAME DIRECTION SIDESWIPE,Rain,WET,Daylight,TRAFFIC SIGNAL,NONE DETECTED,No,No Apparent Injury,"RAIN, SNOW, WET",NOT DISTRACTED,MD,PASSENGER CAR,MOVING CONSTANT SPEED,35,No,2016,MUSTANG,2D COUPE,38.99294667,-77.096181670000007,2023,4,16
230020634,Injury Crash,04/30/2023 04:00:00 PM,WISCONSIN AVE,NA,SAME DIRECTION SIDESWIPE,Rain,WET,Daylight,TRAFFIC SIGNAL,NONE DETECTED,Yes,No Apparent Injury,"RAIN, SNOW, WET",LOOKED BUT DID NOT SEE,DC,PASSENGER CAR,ENTERING TRAFFIC LANE,35,No,2023,HONDA,ACCORD,38.99294667,-77.096181670000007,2023,4,16
230020637,Injury Crash,04/30/2023 03:42:00 PM,MONTROSE RD,NA,SAME DIR REAR END,Rain,WET,Daylight,TRAFFIC SIGNAL,NONE DETECTED,No,Possible Minor Injury,"RAIN, SNOW, WET",UNKNOWN,MD,PASSENGER CAR,MOVING CONSTANT SPEED,25,No,2019,TOYOTA,CAMRY,39.053054,-77.118009,2023,4,15
230020637,Injury Crash,04/30/2023 03:42:00 PM,MONTROSE RD,NA,SAME DIR REAR END,Rain,WET,Daylight,TRAFFIC SIGNAL,NONE DETECTED,Yes,No Apparent Injury,"RAIN, SNOW, WET",UNKNOWN,MD,OTHER,MOVING CONSTANT SPEED,25,No,2005,FRHT,SV,39.053054,-77.118009,2023,4,15
230020632,Injury Crash,04/30/2023 03:40:00 PM,COLUMBIA PIKE,NA,SAME DIR REAR END,Rain,WET,Daylight,NO CONTROLS,NONE DETECTED,Yes,No Apparent Injury,"RAIN, SNOW, WET",NOT DISTRACTED,MD,(SPORT) UTILITY VEHICLE,SLOWING OR STOPPING,40,No,2016,MAZDA,CX5,39.03082919,-77.00502129,2023,4,15
230020632,Injury Crash,04/30/2023 03:40:00 PM,COLUMBIA PIKE,NA,SAME DIR REAR END,Rain,WET,Daylight,NO CONTROLS,NONE DETECTED,No,Possible Minor Injury,"RAIN, SNOW, WET",NOT DISTRACTED,MD,(SPORT) UTILITY VEHICLE,STOPPED IN TRAFFIC LANE,40,No,2011,CHEVY,TRAVERSE,39.03082919,-77.00502129,2023,4,15
230020617,Property Damage Crash,04/30/2023 02:00:00 PM,MONTROSE PKWY,NA,SINGLE VEHICLE,Rain,WET,Daylight,NO CONTROLS,NONE DETECTED,Yes,No Apparent Injury,"RAIN, SNOW, WET",UNKNOWN,MD,PASSENGER CAR,MOVING CONSTANT SPEED,35,No,2010,HONDA,FIT,39.05128115,-77.13409366,2023,4,14
230020615,Injury Crash,04/30/2023 01:52:00 PM,RANDOLPH RD,NA,STRAIGHT MOVEMENT ANGLE,Rain,WET,Daylight,TRAFFIC SIGNAL,NONE DETECTED,Yes,Suspected Serious Injury,"N/A, WET",UNKNOWN,MD,PASSENGER CAR,ACCELERATING,35,No,1999,HONDA,CIVIC LX,39.05714911,-77.0736084,2023,4,13
230020615,Injury Crash,04/30/2023 01:52:00 PM,RANDOLPH RD,NA,STRAIGHT MOVEMENT ANGLE,Rain,WET,Daylight,TRAFFIC SIGNAL,NONE DETECTED,No,No Apparent Injury,"N/A, WET",NOT DISTRACTED,MD,(SPORT) UTILITY VEHICLE,MAKING LEFT TURN,35,No,2020,TOYOTA,RAV4,39.05714911,-77.0736084,2023,4,13
230020610,Injury Crash,04/30/2023 01:09:00 PM,GEORGIA AVE,NA,SAME DIR REAR END,Rain,WET,Daylight,TRAFFIC SIGNAL,NONE DETECTED,Unknown,No Apparent Injury,"RAIN, SNOW, WET",DISTRACTED BY OUTSIDE PERSON OBJECT OR EVENT,MD,PASSENGER CAR,MOVING CONSTANT SPEED,35,No,2006,HUMMER,H2,39.01383,-77.04223167,2023,4,13
230020610,Injury Crash,04/30/2023 01:09:00 PM,GEORGIA AVE,NA,SAME DIR REAR END,Rain,WET,Daylight,TRAFFIC SIGNAL,NONE DETECTED,No,Possible Minor Injury,"RAIN, SNOW, WET",NOT DISTRACTED,MD,PASSENGER CAR,STOPPED IN TRAFFIC LANE,35,No,2014,HONDA,CIVIC,39.01383,-77.04223167,2023,4,13
230020598,Property Damage Crash,04/30/2023 11:00:00 AM,MUNCASTER MILL RD,NA,SAME DIR REAR END,Rain,WET,Daylight,PERSON,NONE DETECTED,Yes,No Apparent Injury,"RAIN, SNOW, WET",NOT DISTRACTED,MD,PASSENGER CAR,SLOWING OR STOPPING,40,No,2007,TOYOTA,COROLLA,39.14065667,-77.13625667,2023,4,11
230020598,Property Damage Crash,04/30/2023 11:00:00 AM,MUNCASTER MILL RD,NA,SAME DIR REAR END,Rain,WET,Daylight,PERSON,NONE DETECTED,No,No Apparent Injury,"RAIN, SNOW, WET",NOT DISTRACTED,MD,PASSENGER CAR,STOPPED IN TRAFFIC LANE,40,No,2015,TOYOTA,CAMRY,39.14065667,-77.13625667,2023,4,11
230020593,Property Damage Crash,04/30/2023 10:45:00 AM,WHITES FERRY RD,NA,STRAIGHT MOVEMENT ANGLE,Rain,WET,Daylight,STOP SIGN,NONE DETECTED,No,No Apparent Injury,"RAIN, SNOW, WET",NOT DISTRACTED,MD,PASSENGER CAR,MOVING CONSTANT SPEED,40,No,2008,DODGE,RAM,39.15884061,-77.45214513,2023,4,10
230020593,Property Damage Crash,04/30/2023 10:45:00 AM,WHITES FERRY RD,NA,STRAIGHT MOVEMENT ANGLE,Rain,WET,Daylight,STOP SIGN,NONE DETECTED,Yes,No Apparent Injury,"RAIN, SNOW, WET",NOT DISTRACTED,MD,PASSENGER CAR,STARTING FROM LANE,30,No,2013,AUDI,CP,39.15884061,-77.45214513,2023,4,10
230020586,Injury Crash,04/30/2023 09:29:00 AM,FREDERICK RD,NA,HEAD ON LEFT TURN,Rain,WET,Daylight,NO CONTROLS,NONE DETECTED,No,Possible Minor Injury,"N/A, WET",NOT DISTRACTED,MD,PASSENGER CAR,MOVING CONSTANT SPEED,30,No,2012,TOYOTA,YARIS,39.23886191,-77.27963584,2023,4,9
230020586,Injury Crash,04/30/2023 09:29:00 AM,FREDERICK RD,NA,HEAD ON LEFT TURN,Rain,WET,Daylight,NO CONTROLS,NONE DETECTED,Yes,No Apparent Injury,"N/A, WET",DIALING CELLULAR PHONE,MD,PASSENGER CAR,MAKING LEFT TURN,30,No,2022,VOLKSWAGEN,JETTA,39.23886191,-77.27963584,2023,4,9
230020581,Property Damage Crash,04/30/2023 08:58:00 AM,GERMANTOWN RD,NA,SINGLE VEHICLE,Rain,WET,Daylight,NO CONTROLS,NONE DETECTED,Unknown,No Apparent Injury,"RAIN, SNOW, WET",UNKNOWN,MD,PASSENGER CAR,ACCELERATING,45,No,2006,CHRYSLER,PT CRUISER,39.16316167,-77.28335167,2023,4,8
230020564,Property Damage Crash,04/30/2023 03:47:00 AM,ROCKVILLE PIKE,NA,STRAIGHT MOVEMENT ANGLE,Cloudy,DRY,Medium,TRAFFIC SIGNAL,NONE DETECTED,Yes,No Apparent Injury,N/A,OTHER DISTRACTION,MD,PASSENGER CAR,MOVING CONSTANT SPEED,30,No,2018,SUBARU,LEGACY,39.07442977,-77.1356899,2023,4,3
230020564,Property Damage Crash,04/30/2023 03:47:00 AM,ROCKVILLE PIKE,NA,STRAIGHT MOVEMENT ANGLE,Cloudy,DRY,Medium,TRAFFIC SIGNAL,NONE DETECTED,No,No Apparent Injury,N/A,NOT DISTRACTED,MD,PASSENGER CAR,MOVING CONSTANT SPEED,40,No,2012,HONDA,CIVIC,39.07442977,-77.1356899,2023,4,3
230020560,Injury Crash,04/30/2023 02:58:00 AM,COLESVILLE RD,NA,STRAIGHT MOVEMENT ANGLE,Clear,DRY,Medium,FLASHING TRAFFIC SIGNAL,NONE DETECTED,No,Possible Minor Injury,N/A,NOT DISTRACTED,MD,PASSENGER CAR,MOVING CONSTANT SPEED,30,No,2022,TOYOTA,RAV 4,38.99764599,-77.02699186,2023,4,2
230020560,Injury Crash,04/30/2023 02:58:00 AM,COLESVILLE RD,NA,STRAIGHT MOVEMENT ANGLE,Clear,DRY,Medium,FLASHING TRAFFIC SIGNAL,NONE DETECTED,Yes,No Apparent Injury,N/A,NOT DISTRACTED,MD,PASSENGER CAR,MOVING CONSTANT SPEED,25,No,2020,LINC,UT,38.99764599,-77.02699186,2023,4,2
230020516,Property Damage Crash,04/29/2023 06:42:00 PM,SANDY SPRING RD,NA,OTHER,Clear,DRY,Daylight,TRAFFIC SIGNAL,NONE DETECTED,No,No Apparent Injury,N/A,NOT DISTRACTED,VA,(SPORT) UTILITY VEHICLE,MOVING CONSTANT SPEED,45,No,2020,FORD,EXPLORER,39.106258,-76.91879683,2023,4,18
230020516,Property Damage Crash,04/29/2023 06:42:00 PM,SANDY SPRING RD,NA,OTHER,Clear,DRY,Daylight,TRAFFIC SIGNAL,NONE DETECTED,Yes,No Apparent Injury,N/A,LOOKED BUT DID NOT SEE,XX,PASSENGER CAR,MAKING LEFT TURN,45,No,2004,SUBARU,LEGACY,39.106258,-76.91879683,2023,4,18
230020516,Property Damage Crash,04/29/2023 06:42:00 PM,SANDY SPRING RD,NA,OTHER,Clear,DRY,Daylight,TRAFFIC SIGNAL,NONE DETECTED,No,No Apparent Injury,N/A,NOT DISTRACTED,MD,(SPORT) UTILITY VEHICLE,MOVING CONSTANT SPEED,45,No,2022,HYUN,SANTA FE,39.106258,-76.91879683,2023,4,18
230020505,Property Damage Crash,04/29/2023 04:25:00 PM,NEW HAMPSHIRE AVE,NA,SAME DIR REAR END,Clear,DRY,Daylight,TRAFFIC SIGNAL,NONE DETECTED,No,No Apparent Injury,N/A,NOT DISTRACTED,MD,PASSENGER CAR,STOPPED IN TRAFFIC LANE,40,No,2019,DODGE,RAM 3500,39.01142281,-76.97888035,2023,4,16
230020505,Property Damage Crash,04/29/2023 04:25:00 PM,NEW HAMPSHIRE AVE,NA,SAME DIR REAR END,Clear,DRY,Daylight,TRAFFIC SIGNAL,NONE DETECTED,Yes,No Apparent Injury,N/A,UNKNOWN,NA,PASSENGER CAR,STARTING FROM LANE,40,No,2004,HONDA,ACCORD,39.01142281,-76.97888035,2023,4,16
230020495,Property Damage Crash,04/29/2023 03:35:00 PM,MUNCASTER MILL RD,NA,SAME DIR REAR END,Clear,DRY,Daylight,NO CONTROLS,NONE DETECTED,Yes,No Apparent Injury,N/A,UNKNOWN,MD,PASSENGER CAR,SLOWING OR STOPPING,40,No,2014,TOYOTA,TRUCK,39.14175452,-77.13836664,2023,4,15
230020495,Property Damage Crash,04/29/2023 03:35:00 PM,MUNCASTER MILL RD,NA,SAME DIR REAR END,Clear,DRY,Daylight,NO CONTROLS,NONE DETECTED,No,No Apparent Injury,N/A,NOT DISTRACTED,MD,PASSENGER CAR,SLOWING OR STOPPING,40,No,2015,JEEP,WRANGLER,39.14175452,-77.13836664,2023,4,15
230020495,Property Damage Crash,04/29/2023 03:35:00 PM,MUNCASTER MILL RD,NA,SAME DIR REAR END,Clear,DRY,Daylight,NO CONTROLS,NONE DETECTED,No,No Apparent Injury,N/A,NOT DISTRACTED,MD,PASSENGER CAR,SLOWING OR STOPPING,40,No,2014,SUBARU,SUV,39.14175452,-77.13836664,2023,4,15
230020504,Property Damage Crash,04/29/2023 03:21:00 PM,GEORGIA AVE,NA,SAME DIRECTION LEFT TURN,Clear,DRY,Daylight,NO CONTROLS,NONE DETECTED,No,No Apparent Injury,N/A,NOT DISTRACTED,VA,PASSENGER CAR,MOVING CONSTANT SPEED,30,No,2004,HONDA,4S,38.98991269,-77.02673921,2023,4,15
230020504,Property Damage Crash,04/29/2023 03:21:00 PM,GEORGIA AVE,NA,SAME DIRECTION LEFT TURN,Clear,DRY,Daylight,NO CONTROLS,NONE DETECTED,Yes,No Apparent Injury,N/A,UNKNOWN,NA,TRANSIT BUS,MOVING CONSTANT SPEED,30,No,2021,NFLY,548,38.98991269,-77.02673921,2023,4,15
230020492,Injury Crash,04/29/2023 03:04:00 PM,GEORGIA AVE,NA,HEAD ON LEFT TURN,Clear,DRY,Daylight,TRAFFIC SIGNAL,NONE DETECTED,No,Possible Minor Injury,N/A,NOT DISTRACTED,MD,PASSENGER CAR,MOVING CONSTANT SPEED,45,No,2019,FORD,MUSTANG,39.13066833,-77.07067833,2023,4,15
230020492,Injury Crash,04/29/2023 03:04:00 PM,GEORGIA AVE,NA,HEAD ON LEFT TURN,Clear,DRY,Daylight,TRAFFIC SIGNAL,NONE DETECTED,Yes,No Apparent Injury,N/A,NOT DISTRACTED,MD,PASSENGER CAR,MAKING LEFT TURN,45,No,2021,LNDR,UT,39.13066833,-77.07067833,2023,4,15
230020469,Injury Crash,04/29/2023 01:01:00 PM,WISTERIA DR,NA,STRAIGHT MOVEMENT ANGLE,Cloudy,DRY,Daylight,STOP SIGN,NONE DETECTED,Yes,No Apparent Injury,N/A,LOOKED BUT DID NOT SEE,MD,PASSENGER CAR,MAKING LEFT TURN,35,No,2013,HOND,2S,39.17831067,-77.27246667,2023,4,13
230020469,Injury Crash,04/29/2023 01:01:00 PM,WISTERIA DR,NA,STRAIGHT MOVEMENT ANGLE,Cloudy,DRY,Daylight,STOP SIGN,NONE DETECTED,No,No Apparent Injury,N/A,NOT DISTRACTED,MD,PASSENGER CAR,MOVING CONSTANT SPEED,35,No,2017,NISSAN,ROGUE,39.17831067,-77.27246667,2023,4,13
23020465,Injury Crash,04/29/2023 12:41:00 PM,FARRAGUT AVE,BICYCLIST,OTHER,Cloudy,DRY,Daylight,NO CONTROLS,NONE DETECTED,Unknown,No Apparent Injury,N/A,LOOKED BUT DID NOT SEE,MD,PASSENGER CAR,ACCELERATING,25,No,2017,HONDA,ACCORD,39.031870670000004,-77.07538083,2023,4,12
230020483,Property Damage Crash,04/29/2023 12:25:00 PM,EXECUTIVE BLVD,NA,SAME DIRECTION SIDESWIPE,Cloudy,DRY,Daylight,NO CONTROLS,NONE DETECTED,Yes,No Apparent Injury,N/A,UNKNOWN,NA,PASSENGER CAR,MOVING CONSTANT SPEED,10,No,2016,FORD,CMAX,39.02552083,-77.12586617,2023,4,12
230020449,Property Damage Crash,04/29/2023 10:19:00 AM,REDLAND RD,NA,SAME DIR REAR END,Cloudy,WET,Daylight,TRAFFIC SIGNAL,NONE DETECTED,Yes,No Apparent Injury,N/A,UNKNOWN,MD,"MEDIUM/HEAVY TRUCKS 3 AXLES (OVER 10,000LBS (4,536KG))",MOVING CONSTANT SPEED,40,No,2014,FRHT,M2,39.12041515,-77.1590072,2023,4,10
230020449,Property Damage Crash,04/29/2023 10:19:00 AM,REDLAND RD,NA,SAME DIR REAR END,Cloudy,WET,Daylight,TRAFFIC SIGNAL,NONE DETECTED,No,No Apparent Injury,N/A,NOT DISTRACTED,VA,TRANSIT BUS,MOVING CONSTANT SPEED,40,No,2017,GILG,BUS,39.12041515,-77.1590072,2023,4,10
230020433,Property Damage Crash,04/29/2023 08:05:00 AM,VEIRS MILL RD,NA,SAME DIRECTION SIDESWIPE,Rain,WET,Daylight,TRAFFIC SIGNAL,NONE DETECTED,Yes,No Apparent Injury,"NON-HIGHWAY WORK, SLEET, HAIL, FREEZ. RAIN, WET",LOOKED BUT DID NOT SEE,MD,TRANSIT BUS,SLOWING OR STOPPING,25,No,2013,NEW FLYER,TRANSIT BUS,39.0367865,-77.05072633,2023,4,8
230020433,Property Damage Crash,04/29/2023 08:05:00 AM,VEIRS MILL RD,NA,SAME DIRECTION SIDESWIPE,Rain,WET,Daylight,TRAFFIC SIGNAL,NONE DETECTED,No,No Apparent Injury,"NON-HIGHWAY WORK, SLEET, HAIL, FREEZ. RAIN, WET",NOT DISTRACTED,MD,PICKUP TRUCK,MOVING CONSTANT SPEED,25,No,2020,RAM,2500,39.0367865,-77.05072633,2023,4,8
230020432,Property Damage Crash,04/29/2023 07:45:00 AM,NEW HAMPSHIRE AVE,NA,SAME DIRECTION SIDESWIPE,Clear,DRY,Daylight,N/A,NONE DETECTED,No,No Apparent Injury,N/A,NOT DISTRACTED,MD,TRANSIT BUS,STOPPED IN TRAFFIC LANE,35,No,2019,NFLY,BU,38.98834979,-76.98773426,2023,4,7
230020432,Property Damage Crash,04/29/2023 07:45:00 AM,NEW HAMPSHIRE AVE,NA,SAME DIRECTION SIDESWIPE,Clear,DRY,Daylight,N/A,NONE DETECTED,Yes,No Apparent Injury,N/A,LOOKED BUT DID NOT SEE,MD,"CARGO VAN/LIGHT TRUCK 2 AXLES (OVER 10,000LBS (4,536 KG))",MOVING CONSTANT SPEED,35,No,2014,FORD,ECONOLINE,38.98834979,-76.98773426,2023,4,7
230020427,Property Damage Crash,04/29/2023 06:50:00 AM,ROCKVILLE PIKE,NA,SINGLE VEHICLE,Rain,WET,Daylight,TRAFFIC SIGNAL,ALCOHOL PRESENT,Yes,No Apparent Injury,"RAIN, SNOW, WET",INATTENTIVE OR LOST IN THOUGHT,MD,PASSENGER CAR,MOVING CONSTANT SPEED,35,No,2015,HOND,SD,38.999415,-77.09682167,2023,4,6
230020424,Injury Crash,04/29/2023 06:00:00 AM,OLD BALTIMORE RD,NA,SINGLE VEHICLE,Rain,WET,Dark,NO CONTROLS,NONE DETECTED,Yes,Possible Minor Injury,"RAIN, SNOW, WET",NOT DISTRACTED,MD,PICKUP TRUCK,MOVING CONSTANT SPEED,35,No,2007,TOYOTA,TACOMA,39.13635167,-77.065585,2023,4,6
230020425,Injury Crash,04/29/2023 05:55:00 AM,RANDOLPH RD,NA,STRAIGHT MOVEMENT ANGLE,Cloudy,WET,Medium,TRAFFIC SIGNAL,NONE DETECTED,Yes,Possible Minor Injury,N/A,NOT DISTRACTED,MD,POLICE VEHICLE/NON EMERGENCY,MAKING LEFT TURN,35,No,2014,DODGE,CHARGER,39.05919333,-77.0475635,2023,4,5
230020425,Injury Crash,04/29/2023 05:55:00 AM,RANDOLPH RD,NA,STRAIGHT MOVEMENT ANGLE,Cloudy,WET,Medium,TRAFFIC SIGNAL,NONE DETECTED,No,Possible Minor Injury,N/A,NOT DISTRACTED,MD,POLICE VEHICLE/NON EMERGENCY,MOVING CONSTANT SPEED,35,No,2014,DODGE,CHARGER,39.05919333,-77.0475635,2023,4,5
230020419,Property Damage Crash,04/29/2023 04:45:00 AM,KEY WEST AVE,NA,SINGLE VEHICLE,Rain,WET,Medium,TRAFFIC SIGNAL,NONE DETECTED,Yes,No Apparent Injury,"RAIN, SNOW, WET",NOT DISTRACTED,MD,(SPORT) UTILITY VEHICLE,MOVING CONSTANT SPEED,40,No,2005,LEXUS,RX350,39.1005295,-77.21323167,2023,4,4
230020410,Property Damage Crash,04/29/2023 02:02:00 AM,RANDOLPH RD,NA,SINGLE VEHICLE,Rain,WET,Medium,TRAFFIC SIGNAL,NONE DETECTED,Unknown,No Apparent Injury,"SLEET, HAIL, FREEZ. RAIN, WET",NOT DISTRACTED,MD,PASSENGER CAR,MOVING CONSTANT SPEED,35,No,2016,TOYT,4S,39.05926,-77.0478805,2023,4,2
230020409,Property Damage Crash,04/29/2023 01:28:00 AM,CONNECTICUT AVE,NA,SAME DIRECTION SIDESWIPE,Rain,WET,Medium,TRAFFIC SIGNAL,NONE DETECTED,No,No Apparent Injury,N/A,NOT DISTRACTED,TX,PASSENGER CAR,STOPPED IN TRAFFIC LANE,35,No,2017,VOLKSWAGEN,PASSAT,38.976311,-77.07707567,2023,4,1
230020409,Property Damage Crash,04/29/2023 01:28:00 AM,CONNECTICUT AVE,NA,SAME DIRECTION SIDESWIPE,Rain,WET,Medium,TRAFFIC SIGNAL,NONE DETECTED,Yes,No Apparent Injury,N/A,UNKNOWN,NA,PASSENGER CAR,ACCELERATING,35,No,2023,KIA,FORTE,38.976311,-77.07707567,2023,4,1
230020406,Injury Crash,04/29/2023 01:06:00 AM,NEW HAMPSHIRE AVE,NA,STRAIGHT MOVEMENT ANGLE,Rain,WET,Medium,TRAFFIC SIGNAL,NONE DETECTED,No,Possible Minor Injury,"RAIN, SNOW, WET",NOT DISTRACTED,MD,PASSENGER CAR,MOVING CONSTANT SPEED,35,No,2017,HONDA,PILOT,38.98590684,-76.98812768,2023,4,1
230020406,Injury Crash,04/29/2023 01:06:00 AM,NEW HAMPSHIRE AVE,NA,STRAIGHT MOVEMENT ANGLE,Rain,WET,Medium,TRAFFIC SIGNAL,NONE DETECTED,Yes,Possible Minor Injury,"RAIN, SNOW, WET",NOT DISTRACTED,MD,PASSENGER CAR,MOVING CONSTANT SPEED,35,No,2021,NISSAN,ALTIMA,38.98590684,-76.98812768,2023,4,1
230020405,Property Damage Crash,04/29/2023 12:57:00 AM,GEORGIA AVE,NA,STRAIGHT MOVEMENT ANGLE,Rain,WET,Medium,TRAFFIC SIGNAL,NONE DETECTED,No,No Apparent Injury,N/A,NOT DISTRACTED,MD,PASSENGER CAR,ACCELERATING,25,No,2013,HONDA,ACCORD,39.04711617,-77.05216433,2023,4,0
230020405,Property Damage Crash,04/29/2023 12:57:00 AM,GEORGIA AVE,NA,STRAIGHT MOVEMENT ANGLE,Rain,WET,Medium,TRAFFIC SIGNAL,ALCOHOL PRESENT,Yes,No Apparent Injury,N/A,NOT DISTRACTED,MD,PASSENGER CAR,MOVING CONSTANT SPEED,35,No,2016,TOYOTA,COROLLA,39.04711617,-77.05216433,2023,4,0
230020398,Injury Crash,04/29/2023 12:04:00 AM,MUNCASTER MILL RD,NA,STRAIGHT MOVEMENT ANGLE,Rain,WET,Medium,TRAFFIC SIGNAL,NONE DETECTED,Yes,Possible Minor Injury,"RAIN, SNOW, WET",NOT DISTRACTED,MD,PASSENGER CAR,MAKING LEFT TURN,40,No,2022,BMW,X7,39.12219934,-77.1150934,2023,4,0
230020398,Injury Crash,04/29/2023 12:04:00 AM,MUNCASTER MILL RD,NA,STRAIGHT MOVEMENT ANGLE,Rain,WET,Medium,TRAFFIC SIGNAL,NONE DETECTED,No,Possible Minor Injury,"RAIN, SNOW, WET",NOT DISTRACTED,MD,PASSENGER CAR,MOVING CONSTANT SPEED,40,No,2014,TOYOTA,SIENNA,39.12219934,-77.1150934,2023,4,0
230020396,Injury Crash,04/28/2023 11:37:00 PM,RIDGE RD,NA,SINGLE VEHICLE,Rain,WET,Medium,N/A,ALCOHOL PRESENT,Yes,Possible Minor Injury,"RAIN, SNOW, WET",UNKNOWN,MD,PICKUP TRUCK,MOVING CONSTANT SPEED,45,No,2005,CHEV,K2500,39.30266333,-77.19735167,2023,4,23
230020393,Property Damage Crash,04/28/2023 10:06:00 PM,CHERRY HILL RD,NA,STRAIGHT MOVEMENT ANGLE,Rain,WET,Medium,STOP SIGN,NONE DETECTED,Yes,No Apparent Injury,N/A,LOOKED BUT DID NOT SEE,VA,PASSENGER CAR,MAKING LEFT TURN,35,No,2015,TOYOTA,4S,39.05022683,-76.952649,2023,4,22
230020393,Property Damage Crash,04/28/2023 10:06:00 PM,CHERRY HILL RD,NA,STRAIGHT MOVEMENT ANGLE,Rain,WET,Medium,STOP SIGN,NONE DETECTED,No,No Apparent Injury,N/A,NOT DISTRACTED,MD,PASSENGER CAR,MOVING CONSTANT SPEED,35,No,2014,HONDA,CIVIC,39.05022683,-76.952649,2023,4,22
230020390,Property Damage Crash,04/28/2023 08:54:00 PM,NEW HAMPSHIRE AVE,NA,SAME DIR REAR END,Rain,WET,Medium,TRAFFIC SIGNAL,NONE DETECTED,Yes,No Apparent Injury,N/A,UNKNOWN,MD,PASSENGER CAR,MOVING CONSTANT SPEED,0,No,2012,HONDA,CIVIC,39.01973352,-76.97629785,2023,4,20
230020390,Property Damage Crash,04/28/2023 08:54:00 PM,NEW HAMPSHIRE AVE,NA,SAME DIR REAR END,Rain,WET,Medium,TRAFFIC SIGNAL,NONE DETECTED,No,No Apparent Injury,N/A,NOT DISTRACTED,DC,PASSENGER CAR,SLOWING OR STOPPING,0,No,2016,JEEP,CHEROKEE,39.01973352,-76.97629785,2023,4,20
230020385,Property Damage Crash,04/28/2023 08:30:00 PM,AIRPARK RD,NA,SINGLE VEHICLE,Rain,WET,Medium,N/A,NONE DETECTED,Yes,No Apparent Injury,"SLEET, HAIL, FREEZ. RAIN, WET",NOT DISTRACTED,MD,PASSENGER CAR,ACCELERATING,50,No,2010,NISSAN,370Z,39.14951167,-77.14586833,2023,4,20
230020386,Injury Crash,04/28/2023 08:29:00 PM,LOCKWOOD DR,PEDESTRIAN,OTHER,Rain,WET,Medium,TRAFFIC SIGNAL,NONE DETECTED,Yes,No Apparent Injury,"RAIN, SNOW, WET",LOOKED BUT DID NOT SEE,MD,PASSENGER CAR,MAKING LEFT TURN,20,No,2015,NISSAN,ALTIMA,39.0396955,-76.99084211,2023,4,20
230020380,Property Damage Crash,04/28/2023 08:15:00 PM,VEIRS MILL RD,NA,SAME DIR REAR END,Rain,WET,Medium,TRAFFIC SIGNAL,NONE DETECTED,Yes,No Apparent Injury,"N/A, WET",LOOKED BUT DID NOT SEE,MD,PASSENGER CAR,MOVING CONSTANT SPEED,35,No,2006,TOYT,4S,39.07712983,-77.12406067,2023,4,20
230020380,Property Damage Crash,04/28/2023 08:15:00 PM,VEIRS MILL RD,NA,SAME DIR REAR END,Rain,WET,Medium,TRAFFIC SIGNAL,NONE DETECTED,No,No Apparent Injury,"N/A, WET",NOT DISTRACTED,MD,PASSENGER CAR,SLOWING OR STOPPING,35,No,2014,TOYT,SD,39.07712983,-77.12406067,2023,4,20
230020379,Property Damage Crash,04/28/2023 07:56:00 PM,GEORGIA AVE,NA,UNKNOWN,Rain,WET,Medium,TRAFFIC SIGNAL,NONE DETECTED,No,No Apparent Injury,"BACKUP DUE TO REGULAR CONGESTION, RAIN, SNOW, WET",UNKNOWN,NA,PASSENGER CAR,MAKING LEFT TURN,30,No,2019,HONDA,CIVIC,39.014265,-77.04203067,2023,4,19
230020379,Property Damage Crash,04/28/2023 07:56:00 PM,GEORGIA AVE,NA,UNKNOWN,Rain,WET,Medium,TRAFFIC SIGNAL,NONE DETECTED,Yes,No Apparent Injury,"BACKUP DUE TO REGULAR CONGESTION, RAIN, SNOW, WET",LOOKED BUT DID NOT SEE,XX,PASSENGER CAR,SKIDDING,50,No,2016,TOYOTA,COROLLA,39.014265,-77.04203067,2023,4,19