Local Case Number,ACRS Report Type,Crash Date/Time,Road Name,Related Non-Motorist,Collision Type,Weather,Surface Condition,Light,Traffic Control,Driver Substance Abuse,Driver At Fault,Injury Severity,Circumstance,Driver Distracted By,Drivers License State,Vehicle Body Type,Vehicle Movement,Speed Limit,Driverless Vehicle,Vehicle Year,Vehicle Make,Vehicle Model,Latitude,Longitude,Year,Month,Hour
230020374,Property Damage Crash,04/28/2023 07:10:00 PM,AIRPARK RD,NA,SINGLE VEHICLE,Rain,WET,Medium,N/A,NONE DETECTED,Yes,No Apparent Injury,"SLEET, HAIL, FREEZ. RAIN, WET, WORN, TRAVEL-POLISHED SURFACE",NOT DISTRACTED,MD,PASSENGER CAR,MOVING CONSTANT SPEED,55,No,2020,TOYPTA,COROLLA,39.15285,-77.142080000000007,2023,4,19
230020375,Property Damage Crash,04/28/2023 07:06:00 PM,FATHER HURLEY BLVD,NA,SAME DIR REAR END,Rain,WET,Daylight,TRAFFIC SIGNAL,NONE DETECTED,Yes,No Apparent Injury,"N/A, WET",NOT DISTRACTED,MD,PASSENGER CAR,SLOWING OR STOPPING,40,No,1997,HONDA,ACCORD,39.19906283,-77.26101817,2023,4,19
230020375,Property Damage Crash,04/28/2023 07:06:00 PM,FATHER HURLEY BLVD,NA,SAME DIR REAR END,Rain,WET,Daylight,TRAFFIC SIGNAL,NONE DETECTED,No,No Apparent Injury,"N/A, WET",NOT DISTRACTED,MD,PASSENGER CAR,SLOWING OR STOPPING,40,No,2012,TOYOTA,CAMRY,39.19906283,-77.26101817,2023,4,19
230020366,Property Damage Crash,04/28/2023 06:20:00 PM,FREDERICK RD,NA,SAME DIRECTION SIDESWIPE,Rain,WET,Daylight,NO CONTROLS,NONE DETECTED,Yes,No Apparent Injury,"RAIN, SNOW, WET",NOT DISTRACTED,MD,(SPORT) UTILITY VEHICLE,CHANGING LANES,35,No,2004,MITS,UT,39.14848767,-77.20722223,2023,4,18
230020370,Property Damage Crash,04/28/2023 06:20:00 PM,NEW HAMPSHIRE AVE,NA,SAME DIR REAR END,Rain,WET,Daylight,NO CONTROLS,NONE DETECTED,No,No Apparent Injury,"RAIN, SNOW, WET",NOT DISTRACTED,MD,(SPORT) UTILITY VEHICLE,MOVING CONSTANT SPEED,40,No,2012,LEXUS,RX,39.01577274,-76.97758151,2023,4,18
230020370,Property Damage Crash,04/28/2023 06:20:00 PM,NEW HAMPSHIRE AVE,NA,SAME DIR REAR END,Rain,WET,Daylight,NO CONTROLS,NONE DETECTED,Yes,No Apparent Injury,"RAIN, SNOW, WET",UNKNOWN,MD,PASSENGER CAR,MOVING CONSTANT SPEED,40,No,2009,HONDA,CIVIC,39.01577274,-76.97758151,2023,4,18
230020366,Property Damage Crash,04/28/2023 06:20:00 PM,FREDERICK RD,NA,SAME DIRECTION SIDESWIPE,Rain,WET,Daylight,NO CONTROLS,NONE DETECTED,No,No Apparent Injury,"RAIN, SNOW, WET",NOT DISTRACTED,MD,PICKUP TRUCK,SLOWING OR STOPPING,35,No,2023,CHEV,SILVERADO,39.14848767,-77.20722223,2023,4,18
230020362,Property Damage Crash,04/28/2023 06:00:00 PM,NEW HAMPSHIRE AVE,NA,SAME DIRECTION RIGHT TURN,Rain,WET,Dark,NO CONTROLS,NONE DETECTED,No,No Apparent Injury,N/A,NOT DISTRACTED,MD,TRANSIT BUS,STOPPED IN TRAFFIC LANE,25,No,2019,NFLY,548,38.98887866,-76.98787766,2023,4,18
230020362,Property Damage Crash,04/28/2023 06:00:00 PM,NEW HAMPSHIRE AVE,NA,SAME DIRECTION RIGHT TURN,Rain,WET,Dark,NO CONTROLS,NONE DETECTED,Yes,No Apparent Injury,N/A,NOT DISTRACTED,MD,(SPORT) UTILITY VEHICLE,ACCELERATING,25,No,2014,HONDA,PILOT,38.98887866,-76.98787766,2023,4,18
230020364,Property Damage Crash,04/28/2023 05:45:00 PM,COLESVILLE RD,NA,SAME DIRECTION LEFT TURN,Rain,WET,Daylight,N/A,NONE DETECTED,No,No Apparent Injury,"V WIPERS|W OTHER ENVIRONMENTAL, WET",NOT DISTRACTED,MD,TRANSIT BUS,MOVING CONSTANT SPEED,35,No,2009,GILL,BUS,39.00664202,-77.02171689,2023,4,17
230020364,Property Damage Crash,04/28/2023 05:45:00 PM,COLESVILLE RD,NA,SAME DIRECTION LEFT TURN,Rain,WET,Daylight,N/A,NONE DETECTED,Yes,No Apparent Injury,"V WIPERS|W OTHER ENVIRONMENTAL, WET",LOOKED BUT DID NOT SEE,MD,PASSENGER CAR,MOVING CONSTANT SPEED,35,No,2020,CHEVY,EQUINOX,39.00664202,-77.02171689,2023,4,17
230020350,Property Damage Crash,04/28/2023 05:20:00 PM,CENTURY BLVD,NA,STRAIGHT MOVEMENT ANGLE,Rain,WET,Daylight,STOP SIGN,NONE DETECTED,Yes,No Apparent Injury,"N/A, WET",UNKNOWN,MD,PASSENGER CAR,MAKING RIGHT TURN,25,No,2018,ACURA,CX-3,39.18102281,-77.26711673,2023,4,17
230020350,Property Damage Crash,04/28/2023 05:20:00 PM,CENTURY BLVD,NA,STRAIGHT MOVEMENT ANGLE,Rain,WET,Daylight,STOP SIGN,NONE DETECTED,No,No Apparent Injury,"N/A, WET",NOT DISTRACTED,VA,PASSENGER CAR,STARTING FROM LANE,25,No,2022,TESLA,MODEL 3,39.18102281,-77.26711673,2023,4,17
230020352,Injury Crash,04/28/2023 05:16:00 PM,VEIRS MILL RD,NA,SAME DIR REAR END,Rain,WET,Daylight,TRAFFIC SIGNAL,NONE DETECTED,Yes,No Apparent Injury,"N/A, WET",NOT DISTRACTED,NY,PASSENGER CAR,SLOWING OR STOPPING,35,No,2007,SATURN,AURA,39.07492967,-77.11563238,2023,4,17
230020352,Injury Crash,04/28/2023 05:16:00 PM,VEIRS MILL RD,NA,SAME DIR REAR END,Rain,WET,Daylight,TRAFFIC SIGNAL,NONE DETECTED,No,Possible Minor Injury,"N/A, WET",NOT DISTRACTED,MD,PASSENGER CAR,SLOWING OR STOPPING,35,No,2012,TOYT,4S,39.07492967,-77.11563238,2023,4,17
230020351,Property Damage Crash,04/28/2023 05:05:00 PM,FREDERICK RD,NA,SAME DIRECTION SIDESWIPE,Rain,WET,Daylight,NO CONTROLS,NONE DETECTED,Yes,No Apparent Injury,"RAIN, SNOW, WET",LOOKED BUT DID NOT SEE,MD,PASSENGER CAR,CHANGING LANES,40,No,2005,HONDA,ACCORD,39.16335767,-77.22561112,2023,4,17
230020351,Property Damage Crash,04/28/2023 05:05:00 PM,FREDERICK RD,NA,SAME DIRECTION SIDESWIPE,Rain,WET,Daylight,NO CONTROLS,NONE DETECTED,No,No Apparent Injury,"RAIN, SNOW, WET",NOT DISTRACTED,MD,PASSENGER CAR,MOVING CONSTANT SPEED,35,No,2005,TOYT,HB,39.16335767,-77.22561112,2023,4,17
230020500,Property Damage Crash,04/28/2023 05:00:00 PM,PINNACLE DR,NA,OTHER,Rain,WET,Daylight,NO CONTROLS,NONE DETECTED,Yes,No Apparent Injury,N/A,LOOKED BUT DID NOT SEE,NA,PASSENGER CAR,PARKING,25,No,2018,MAZDA,WAGON,39.1832805,-77.26529469,2023,4,17
230020338,Injury Crash,04/28/2023 04:26:00 PM,RANDOLPH RD,NA,SAME DIR REAR END,Rain,WET,Daylight,TRAFFIC SIGNAL,NONE DETECTED,No,Possible Minor Injury,"RAIN, SNOW, WET",LOOKED BUT DID NOT SEE,XX,PASSENGER CAR,SLOWING OR STOPPING,40,No,2010,HONDA,ACCORD,39.07223533,-77.00996617,2023,4,16
230020338,Injury Crash,04/28/2023 04:26:00 PM,RANDOLPH RD,NA,SAME DIR REAR END,Rain,WET,Daylight,TRAFFIC SIGNAL,NONE DETECTED,No,No Apparent Injury,"RAIN, SNOW, WET",NOT DISTRACTED,MD,PASSENGER CAR,SLOWING OR STOPPING,40,No,2015,HOND,4S,39.07223533,-77.00996617,2023,4,16
230020331,Property Damage Crash,04/28/2023 04:04:00 PM,NEEDWOOD RD,NA,HEAD ON,Rain,WET,Daylight,NO CONTROLS,NONE DETECTED,Yes,No Apparent Injury,"RAIN, SNOW, WET",NOT DISTRACTED,XX,PASSENGER CAR,MOVING CONSTANT SPEED,40,No,2011,TOYOTA,COROLLA,39.12442196,-77.13460387,2023,4,16
230020331,Property Damage Crash,04/28/2023 04:04:00 PM,NEEDWOOD RD,NA,HEAD ON,Rain,WET,Daylight,NO CONTROLS,NONE DETECTED,No,No Apparent Injury,"RAIN, SNOW, WET",NOT DISTRACTED,MD,PASSENGER CAR,MOVING CONSTANT SPEED,40,No,2020,ACUR,RDX,39.12442196,-77.13460387,2023,4,16
230020334,Injury Crash,04/28/2023 04:00:00 PM,BEALLSVILLE RD,NA,HEAD ON,Rain,WET,Daylight,NO CONTROLS,NONE DETECTED,Yes,No Apparent Injury,"N/A, WET",NOT DISTRACTED,MD,PASSENGER CAR,MOVING CONSTANT SPEED,40,No,2021,LEXUS,ES,39.20452767,-77.38716817,2023,4,16
230020334,Injury Crash,04/28/2023 04:00:00 PM,BEALLSVILLE RD,NA,HEAD ON,Rain,WET,Daylight,NO CONTROLS,NONE DETECTED,No,Possible Minor Injury,"N/A, WET",NOT DISTRACTED,MD,PASSENGER CAR,MOVING CONSTANT SPEED,40,No,2012,JEEP,LIBERTY,39.20452767,-77.38716817,2023,4,16
230020335,Property Damage Crash,04/28/2023 04:00:00 PM,WISCONSIN AVE,NA,OTHER,Rain,WET,Daylight,NO CONTROLS,NONE DETECTED,No,No Apparent Injury,"RAIN, SNOW, WET",NOT DISTRACTED,DC,(SPORT) UTILITY VEHICLE,STOPPED IN TRAFFIC LANE,35,No,2019,JEEP,WRANGLER,38.9797545,-77.0918585,2023,4,16
230020335,Property Damage Crash,04/28/2023 04:00:00 PM,WISCONSIN AVE,NA,OTHER,Rain,WET,Daylight,NO CONTROLS,NONE DETECTED,Yes,No Apparent Injury,"RAIN, SNOW, WET",INATTENTIVE OR LOST IN THOUGHT,MD,PASSENGER CAR,MOVING CONSTANT SPEED,35,No,2004,MAZDA,3,38.9797545,-77.0918585,2023,4,16
230020335,Property Damage Crash,04/28/2023 04:00:00 PM,WISCONSIN AVE,NA,OTHER,Rain,WET,Daylight,NO CONTROLS,NONE DETECTED,No,No Apparent Injury,"RAIN, SNOW, WET",NOT DISTRACTED,MD,(SPORT) UTILITY VEHICLE,STOPPED IN TRAFFIC LANE,35,No,2011,HONDA,PILOT,38.9797545,-77.0918585,2023,4,16
230020339,Property Damage Crash,04/28/2023 03:32:00 PM,RANDOLPH RD,NA,SAME DIRECTION RIGHT TURN,Rain,WET,Daylight,NO CONTROLS,NONE DETECTED,No,No Apparent Injury,"RAIN, SNOW, WET",NOT DISTRACTED,MD,VAN,STARTING FROM PARKED,35,No,1989,GRUMMAN,MAIL TRUCK,39.05747482,-77.07597214,2023,4,15
230020339,Property Damage Crash,04/28/2023 03:32:00 PM,RANDOLPH RD,NA,SAME DIRECTION RIGHT TURN,Rain,WET,Daylight,NO CONTROLS,NONE DETECTED,Yes,No Apparent Injury,"RAIN, SNOW, WET",NOT DISTRACTED,MD,(SPORT) UTILITY VEHICLE,CHANGING LANES,35,No,2022,SUBARU,CROSSTREK,39.05747482,-77.07597214,2023,4,15
230020323,Property Damage Crash,04/28/2023 03:10:00 PM,WATKINS MILL RD,NA,SINGLE VEHICLE,Rain,WET,Daylight,NO CONTROLS,NONE DETECTED,Yes,No Apparent Injury,"RAIN, SNOW, WET",NOT DISTRACTED,MD,PASSENGER CAR,MOVING CONSTANT SPEED,35,No,2005,TOYT,4S,39.187935,-77.21598324,2023,4,15
230020329,Property Damage Crash,04/28/2023 03:01:00 PM,WATKINS RD,NA,SINGLE VEHICLE,Rain,WET,Daylight,NO CONTROLS,NONE DETECTED,Yes,No Apparent Injury,"N/A, WET",NOT DISTRACTED,MD,SCHOOL BUS,MOVING CONSTANT SPEED,35,No,2020,THMS,SCHOOL BUS,39.23580219,-77.20696075,2023,4,15
230020314,Injury Crash,04/28/2023 02:18:00 PM,WHITES FERRY RD,NA,SAME DIR REAR END,Rain,WET,Daylight,NO CONTROLS,NONE DETECTED,Yes,Possible Minor Injury,"RAIN, SNOW, WET",INATTENTIVE OR LOST IN THOUGHT,MD,PASSENGER CAR,MOVING CONSTANT SPEED,40,No,1996,MAZDA,PROTEGE,39.12410833,-77.36540667,2023,4,14
230020314,Injury Crash,04/28/2023 02:18:00 PM,WHITES FERRY RD,NA,SAME DIR REAR END,Rain,WET,Daylight,NO CONTROLS,NONE DETECTED,No,No Apparent Injury,"RAIN, SNOW, WET",NOT DISTRACTED,MD,"OTHER LIGHT TRUCKS (10,000LBS (4,536KG) OR LESS)",STOPPED IN TRAFFIC LANE,40,No,2019,FORD,F150,39.12410833,-77.36540667,2023,4,14
230020316,Property Damage Crash,04/28/2023 01:38:00 PM,RIVER RD,NA,SINGLE VEHICLE,Rain,WET,Daylight,N/A,NONE DETECTED,No,No Apparent Injury,"RAIN, SNOW, WET",NOT DISTRACTED,VA,OTHER,MOVING CONSTANT SPEED,40,No,1991,GM,USPS TRK,39.03973,-77.25032333,2023,4,13
230020295,Property Damage Crash,04/28/2023 12:30:00 PM,FREDERICK RD,NA,STRAIGHT MOVEMENT ANGLE,Rain,WET,Daylight,TRAFFIC SIGNAL,NONE DETECTED,No,No Apparent Injury,"RAIN, SNOW, WET",NOT DISTRACTED,MD,(SPORT) UTILITY VEHICLE,MOVING CONSTANT SPEED,45,No,2016,MITSUBISHI,OUTLANDER,39.198435,-77.24477167,2023,4,12
230020295,Property Damage Crash,04/28/2023 12:30:00 PM,FREDERICK RD,NA,STRAIGHT MOVEMENT ANGLE,Rain,WET,Daylight,TRAFFIC SIGNAL,NONE DETECTED,Yes,No Apparent Injury,"RAIN, SNOW, WET",LOOKED BUT DID NOT SEE,MD,PASSENGER CAR,MAKING LEFT TURN,45,No,2012,NISSAN,JUKE,39.198435,-77.24477167,2023,4,12
230020291,Injury Crash,04/28/2023 12:25:00 PM,UNIVERSITY BLVD W,NA,SAME DIR REAR END,Rain,WET,Daylight,NO CONTROLS,NONE DETECTED,Yes,No Apparent Injury,"RAIN, SNOW, WET",UNKNOWN,MD,(SPORT) UTILITY VEHICLE,SLOWING OR STOPPING,40,No,2007,HOND,TK,39.02411167,-77.01809,2023,4,12
230020291,Injury Crash,04/28/2023 12:25:00 PM,UNIVERSITY BLVD W,NA,SAME DIR REAR END,Rain,WET,Daylight,NO CONTROLS,NONE DETECTED,No,Possible Minor Injury,"RAIN, SNOW, WET",NOT DISTRACTED,MD,PASSENGER CAR,SLOWING OR STOPPING,40,No,2009,NISSAN,VERSA,39.02411167,-77.01809,2023,4,12
230020293,Injury Crash,04/28/2023 12:20:00 PM,ELTON RD,PEDESTRIAN,OTHER,Rain,WET,Medium,NO CONTROLS,NONE DETECTED,Yes,No Apparent Injury,"N/A, WET",NOT DISTRACTED,XX,VAN,MOVING CONSTANT SPEED,25,No,2008,FORD,E250,39.01970738,-76.97459518,2023,4,12
230020368,Property Damage Crash,04/28/2023 12:20:00 PM,MIDDLEBROOK RD,NA,HEAD ON LEFT TURN,Rain,WET,Daylight,TRAFFIC SIGNAL,NONE DETECTED,Yes,No Apparent Injury,N/A,LOOKED BUT DID NOT SEE,XX,PASSENGER CAR,MAKING LEFT TURN,40,No,2010,NISSAN,MAXIMA,39.1768145,-77.26437417,2023,4,12
230020368,Property Damage Crash,04/28/2023 12:20:00 PM,MIDDLEBROOK RD,NA,HEAD ON LEFT TURN,Rain,WET,Daylight,TRAFFIC SIGNAL,NONE DETECTED,No,No Apparent Injury,N/A,NOT DISTRACTED,MD,PASSENGER CAR,MOVING CONSTANT SPEED,40,No,2015,JEEP,PATRIOT,39.1768145,-77.26437417,2023,4,12
230020294,Property Damage Crash,04/28/2023 12:16:00 PM,CRABBS BRANCH WAY,NA,STRAIGHT MOVEMENT ANGLE,Rain,WET,Daylight,TRAFFIC SIGNAL,NONE DETECTED,No,No Apparent Injury,"RAIN, SNOW, WET",NOT DISTRACTED,MD,VAN,MOVING CONSTANT SPEED,40,No,2020,TOYT,PV,39.12089833,-77.15838167,2023,4,12
230020294,Property Damage Crash,04/28/2023 12:16:00 PM,CRABBS BRANCH WAY,NA,STRAIGHT MOVEMENT ANGLE,Rain,WET,Daylight,TRAFFIC SIGNAL,NONE DETECTED,Yes,No Apparent Injury,"RAIN, SNOW, WET",NOT DISTRACTED,MD,(SPORT) UTILITY VEHICLE,MAKING LEFT TURN,40,No,2021,SUBARU,FORESTER,39.12089833,-77.15838167,2023,4,12
230020284,Property Damage Crash,04/28/2023 11:56:00 AM,NA,NA,OTHER,Rain,NA,Daylight,NO CONTROLS,NONE DETECTED,Yes,No Apparent Injury,N/A,UNKNOWN,NA,PASSENGER CAR,BACKING,5,No,2010,GMC,SRA,39.05802367,-77.08354433,2023,4,11
230020284,Property Damage Crash,04/28/2023 11:56:00 AM,NA,NA,OTHER,Rain,NA,Daylight,NO CONTROLS,NONE DETECTED,No,No Apparent Injury,N/A,NOT DISTRACTED,MD,PASSENGER CAR,PARKED,5,No,2020,TOYO,TK,39.05802367,-77.08354433,2023,4,11
230020279,Property Damage Crash,04/28/2023 10:52:00 AM,AIRPARK RD,NA,SINGLE VEHICLE,Rain,WET,Daylight,NO CONTROLS,NONE DETECTED,Yes,No Apparent Injury,"RAIN, SNOW, SLEET, HAIL, FREEZ. RAIN, WET",NOT DISTRACTED,MD,PASSENGER CAR,SKIDDING,50,No,2005,PONTIAC,VN,39.13869217,-77.20517033,2023,4,10
230020256,Injury Crash,04/28/2023 09:04:00 AM,MT EPHRAIM RD,NA,OPPOSITE DIRECTION SIDESWIPE,Rain,WET,Daylight,NO CONTROLS,NONE DETECTED,Yes,No Apparent Injury,N/A,UNKNOWN,NA,NA,MOVING CONSTANT SPEED,30,No,0,UNKNOWN,UNKNOWN,39.220355,-77.42103,2023,4,9
230020256,Injury Crash,04/28/2023 09:04:00 AM,MT EPHRAIM RD,NA,OPPOSITE DIRECTION SIDESWIPE,Rain,WET,Daylight,NO CONTROLS,NONE DETECTED,No,Possible Minor Injury,N/A,NOT DISTRACTED,MD,(SPORT) UTILITY VEHICLE,MOVING CONSTANT SPEED,30,No,2020,NISSAN,ROGUE,39.220355,-77.42103,2023,4,9
230020258,Injury Crash,04/28/2023 08:54:00 AM,W GUDE DR,NA,SAME DIR REAR END,Rain,WET,Daylight,TRAFFIC SIGNAL,NONE DETECTED,No,No Apparent Injury,N/A,NOT DISTRACTED,MD,PASSENGER CAR,MAKING LEFT TURN,25,No,2022,TESLA,SEDAN,39.10041583,-77.18205417,2023,4,8
230020258,Injury Crash,04/28/2023 08:54:00 AM,W GUDE DR,NA,SAME DIR REAR END,Rain,WET,Daylight,TRAFFIC SIGNAL,NONE DETECTED,Yes,Possible Minor Injury,N/A,UNKNOWN,DC,PASSENGER CAR,MOVING CONSTANT SPEED,25,No,1999,ISUZU,JEEP,39.10041583,-77.18205417,2023,4,8
230020257,Property Damage Crash,04/28/2023 08:37:00 AM,CARROLL AVE,NA,SAME DIRECTION SIDESWIPE,Rain,WET,Daylight,NO CONTROLS,NONE DETECTED,No,No Apparent Injury,N/A,NOT DISTRACTED,MD,SCHOOL BUS,STOPPED IN TRAFFIC LANE,25,No,2022,FRHT,BUS,38.99520167,-76.99236833,2023,4,8
230020257,Property Damage Crash,04/28/2023 08:37:00 AM,CARROLL AVE,NA,SAME DIRECTION SIDESWIPE,Rain,WET,Daylight,NO CONTROLS,NONE DETECTED,Yes,No Apparent Injury,N/A,NOT DISTRACTED,MD,(SPORT) UTILITY VEHICLE,PASSING,25,No,2007,TOYOTA,RAV4,38.99520167,-76.99236833,2023,4,8
230020383,Property Damage Crash,04/28/2023 08:15:00 AM,16TH ST,NA,SAME DIRECTION SIDESWIPE,Rain,WET,Medium,NO CONTROLS,NONE DETECTED,No,No Apparent Injury,"RAIN, SNOW, WET",NOT DISTRACTED,MD,(SPORT) UTILITY VEHICLE,MOVING CONSTANT SPEED,25,No,2020,TESLA,MODEL Y,38.9936291,-77.03634698,2023,4,8
230020383,Property Damage Crash,04/28/2023 08:15:00 AM,16TH ST,NA,SAME DIRECTION SIDESWIPE,Rain,WET,Medium,NO CONTROLS,NONE DETECTED,No,No Apparent Injury,"RAIN, SNOW, WET",NOT DISTRACTED,PA,PASSENGER CAR,MOVING CONSTANT SPEED,25,No,2018,TOYOTA,CAMRY,38.9936291,-77.03634698,2023,4,8
230020383,Property Damage Crash,04/28/2023 08:15:00 AM,16TH ST,NA,SAME DIRECTION SIDESWIPE,Rain,WET,Medium,NO CONTROLS,NONE DETECTED,Yes,No Apparent Injury,"RAIN, SNOW, WET",INATTENTIVE OR LOST IN THOUGHT,MD,PASSENGER CAR,CHANGING LANES,25,No,2017,CHEVY,HB,38.9936291,-77.03634698,2023,4,8
230020246,Property Damage Crash,04/28/2023 05:45:00 AM,W MONTGOMERY AVE,NA,STRAIGHT MOVEMENT ANGLE,Rain,WET,Medium,TRAFFIC SIGNAL,NONE DETECTED,No,No Apparent Injury,N/A,NOT DISTRACTED,MD,PASSENGER CAR,MAKING LEFT TURN,40,No,2011,TOYOTA,SIENNA,39.09292445,-77.18279467,2023,4,5
230020246,Property Damage Crash,04/28/2023 05:45:00 AM,W MONTGOMERY AVE,NA,STRAIGHT MOVEMENT ANGLE,Rain,WET,Medium,TRAFFIC SIGNAL,NONE DETECTED,Yes,No Apparent Injury,N/A,NOT DISTRACTED,MD,PASSENGER CAR,MOVING CONSTANT SPEED,40,No,2006,HONDA,PILOT,39.09292445,-77.18279467,2023,4,5
230020245,Injury Crash,04/28/2023 05:32:00 AM,CONNECTICUT AVE,PEDESTRIAN,SINGLE VEHICLE,Rain,WET,Medium,TRAFFIC SIGNAL,NONE DETECTED,No,No Apparent Injury,"SLEET, HAIL, FREEZ. RAIN, WET",LOOKED BUT DID NOT SEE,MD,STATION WAGON,MAKING RIGHT TURN,35,No,2013,HONDA,CRV,39.22816667,-77.428785,2023,4,5
230020241,Fatal Crash,04/28/2023 02:05:00 AM,WIGHTMAN RD,NA,HEAD ON LEFT TURN,Cloudy,DRY,Medium,NO CONTROLS,NONE DETECTED,Yes,Possible Minor Injury,N/A,UNKNOWN,MD,"CARGO VAN/LIGHT TRUCK 2 AXLES (OVER 10,000LBS (4,536 KG))",MOVING CONSTANT SPEED,35,No,2017,FORD,F450 DUAL,39.19416946,-77.19497588,2023,4,2
230020241,Fatal Crash,04/28/2023 02:05:00 AM,WIGHTMAN RD,NA,HEAD ON LEFT TURN,Cloudy,DRY,Medium,NO CONTROLS,NONE DETECTED,No,Fatal Injury,N/A,UNKNOWN,MD,PASSENGER CAR,MAKING LEFT TURN,35,No,2021,NISSAN,VERSA,39.19416946,-77.19497588,2023,4,2
230020235,Property Damage Crash,04/28/2023 01:00:00 AM,WOODFIELD RD,NA,STRAIGHT MOVEMENT ANGLE,Clear,DRY,Medium,NO CONTROLS,NONE DETECTED,No,No Apparent Injury,"ANIMAL, N/A",NOT DISTRACTED,MD,MOTORCYCLE,MOVING CONSTANT SPEED,50,No,2008,HARLEY DAVIDSON,TO,39.22529667,-77.17683,2023,4,1
230020229,Injury Crash,04/27/2023 11:45:00 PM,RIDGE RD,BICYCLIST,OTHER,Clear,DRY,Medium,NO CONTROLS,NONE DETECTED,No,No Apparent Injury,N/A,LOOKED BUT DID NOT SEE,MD,PASSENGER CAR,MOVING CONSTANT SPEED,40,No,2018,MAZD,CN,39.1983498,-77.2618043,2023,4,23
230020292,Property Damage Crash,04/27/2023 11:28:00 PM,OLNEY LAYTONSVILLE RD,NA,SINGLE VEHICLE,Clear,DRY,Dark,NO CONTROLS,NONE DETECTED,Yes,No Apparent Injury,N/A,NOT DISTRACTED,MD,POLICE VEHICLE/NON EMERGENCY,MOVING CONSTANT SPEED,50,No,2017,FORD,POLICE INTERCEPTOR,39.18606782,-77.11691889,2023,4,23
230020222,Injury Crash,04/27/2023 10:15:00 PM,COLUMBIA PIKE,NA,SAME DIR REAR END,Clear,DRY,Dark,TRAFFIC SIGNAL,NONE DETECTED,No,Possible Minor Injury,N/A,NOT DISTRACTED,MD,PASSENGER CAR,STOPPED IN TRAFFIC LANE,50,No,2018,TOYOTA,TK,39.07378667,-76.95554,2023,4,22
230020222,Injury Crash,04/27/2023 10:15:00 PM,COLUMBIA PIKE,NA,SAME DIR REAR END,Clear,DRY,Dark,TRAFFIC SIGNAL,NONE DETECTED,Yes,No Apparent Injury,N/A,UNKNOWN,NA,PASSENGER CAR,MOVING CONSTANT SPEED,50,No,2007,NISSAN,SENTRA,39.07378667,-76.95554,2023,4,22
230020219,Injury Crash,04/27/2023 09:35:00 PM,ROCKVILLE PIKE,BICYCLIST,OTHER,Clear,DRY,Medium,TRAFFIC SIGNAL,NONE DETECTED,Yes,No Apparent Injury,N/A,LOOKED BUT DID NOT SEE,MD,PASSENGER CAR,RIGHT TURN ON RED,30,No,2016,FORD,4DR,39.06428133,-77.12619411,2023,4,21
230020221,Property Damage Crash,04/27/2023 09:30:00 PM,COLESVILLE RD,NA,SAME DIR REAR END,Clear,DRY,Medium,NO CONTROLS,NONE DETECTED,Yes,No Apparent Injury,N/A,UNKNOWN,NA,PASSENGER CAR,MOVING CONSTANT SPEED,35,No,2022,HYUNDAI,KONA,39.01281,-77.01680833,2023,4,21
230020221,Property Damage Crash,04/27/2023 09:30:00 PM,COLESVILLE RD,NA,SAME DIR REAR END,Clear,DRY,Medium,NO CONTROLS,NONE DETECTED,No,No Apparent Injury,N/A,NOT DISTRACTED,MD,PASSENGER CAR,SLOWING OR STOPPING,35,No,2022,DODGE,CHARGER,39.01281,-77.01680833,2023,4,21
230020213,Injury Crash,04/27/2023 08:59:00 PM,FATHER HURLEY BLVD,NA,SAME DIR REAR END,Clear,DRY,Medium,TRAFFIC SIGNAL,NONE DETECTED,No,Possible Minor Injury,N/A,NOT DISTRACTED,MD,PASSENGER CAR,STOPPED IN TRAFFIC LANE,40,No,2013,INFINITI,G37X,39.19908667,-77.260855,2023,4,20
230020213,Injury Crash,04/27/2023 08:59:00 PM,FATHER HURLEY BLVD,NA,SAME DIR REAR END,Clear,DRY,Medium,TRAFFIC SIGNAL,NONE DETECTED,Yes,No Apparent Injury,N/A,NOT DISTRACTED,MD,PASSENGER CAR,SLOWING OR STOPPING,40,No,2006,VOLKSWAGON,JETTA,39.19908667,-77.260855,2023,4,20
230020209,Property Damage Crash,04/27/2023 08:00:00 PM,ATLANTIC AVE,NA,SAME DIRECTION SIDESWIPE,Clear,DRY,Medium,TRAFFIC SIGNAL,NONE DETECTED,Yes,No Apparent Injury,N/A,NOT DISTRACTED,MD,PASSENGER CAR,ACCELERATING,25,No,2006,DODGE,TK,39.07494,-77.11563,2023,4,20
230020209,Property Damage Crash,04/27/2023 08:00:00 PM,ATLANTIC AVE,NA,SAME DIRECTION SIDESWIPE,Clear,DRY,Medium,TRAFFIC SIGNAL,NONE DETECTED,No,No Apparent Injury,N/A,NOT DISTRACTED,MD,PASSENGER CAR,ACCELERATING,25,No,2013,TOYOTA,TK,39.07494,-77.11563,2023,4,20
230020203,Property Damage Crash,04/27/2023 07:50:00 PM,NEW HAMPSHIRE AVE,NA,STRAIGHT MOVEMENT ANGLE,Cloudy,DRY,Medium,TRAFFIC SIGNAL,NONE DETECTED,No,No Apparent Injury,N/A,NOT DISTRACTED,MD,PASSENGER CAR,MOVING CONSTANT SPEED,40,No,2011,TOYT,4S,39.06164,-76.99831667,2023,4,19
230020203,Property Damage Crash,04/27/2023 07:50:00 PM,NEW HAMPSHIRE AVE,NA,STRAIGHT MOVEMENT ANGLE,Cloudy,DRY,Medium,TRAFFIC SIGNAL,NONE DETECTED,Yes,No Apparent Injury,N/A,LOOKED BUT DID NOT SEE,MD,PASSENGER CAR,MAKING LEFT TURN,40,No,1999,HOND,SD,39.06164,-76.99831667,2023,4,19
230020173,Injury Crash,04/27/2023 03:57:00 PM,SHADY GROVE RD,NA,SAME DIR REAR END,Clear,DRY,Daylight,TRAFFIC SIGNAL,NONE DETECTED,No,No Apparent Injury,N/A,NOT DISTRACTED,MD,PASSENGER CAR,STOPPED IN TRAFFIC LANE,35,No,2015,CHEVROLET,TAHOE,39.12230459,-77.17766771,2023,4,15
230020173,Injury Crash,04/27/2023 03:57:00 PM,SHADY GROVE RD,NA,SAME DIR REAR END,Clear,DRY,Daylight,TRAFFIC SIGNAL,NONE DETECTED,Yes,No Apparent Injury,N/A,NOT DISTRACTED,MD,PASSENGER CAR,SLOWING OR STOPPING,35,No,2005,LEXUS,ES330,39.12230459,-77.17766771,2023,4,15
230020163,Property Damage Crash,04/27/2023 03:03:00 PM,VEIRS MILL RD,NA,STRAIGHT MOVEMENT ANGLE,Clear,DRY,Daylight,STOP SIGN,NONE DETECTED,Yes,No Apparent Injury,N/A,LOOKED BUT DID NOT SEE,MD,PASSENGER CAR,MAKING RIGHT TURN,35,No,2019,HONDA,SD,39.050935,-77.07369167,2023,4,15
230020163,Property Damage Crash,04/27/2023 03:03:00 PM,VEIRS MILL RD,NA,STRAIGHT MOVEMENT ANGLE,Clear,DRY,Daylight,STOP SIGN,NONE DETECTED,No,No Apparent Injury,N/A,NOT DISTRACTED,MD,PASSENGER CAR,STOPPED IN TRAFFIC LANE,35,No,2012,FORD,UT,39.050935,-77.07369167,2023,4,15
230020163,Property Damage Crash,04/27/2023 03:03:00 PM,VEIRS MILL RD,NA,STRAIGHT MOVEMENT ANGLE,Clear,DRY,Daylight,STOP SIGN,NONE DETECTED,No,No Apparent Injury,N/A,NOT DISTRACTED,MD,PASSENGER CAR,STOPPED IN TRAFFIC LANE,35,No,2012,HOND,4S,39.050935,-77.07369167,2023,4,15