Local Case Number,ACRS Report Type,Crash Date/Time,Road Name,Related Non-Motorist,Collision Type,Weather,Surface Condition,Light,Traffic Control,Driver Substance Abuse,Driver At Fault,Injury Severity,Circumstance,Driver Distracted By,Drivers License State,Vehicle Body Type,Vehicle Movement,Speed Limit,Driverless Vehicle,Vehicle Year,Vehicle Make,Vehicle Model,Latitude,Longitude,Year,Month,Hour
230020163,Property Damage Crash,04/27/2023 03:03:00 PM,VEIRS MILL RD,NA,STRAIGHT MOVEMENT ANGLE,Clear,DRY,Daylight,STOP SIGN,NONE DETECTED,No,No Apparent Injury,N/A,NOT DISTRACTED,MD,PASSENGER CAR,MOVING CONSTANT SPEED,35,No,2020,TOYOTA,SD,39.050935,-77.07369167,2023,4,15
230020162,Injury Crash,04/27/2023 02:42:00 PM,NA,NA,SAME DIR REAR END,Clear,NA,Daylight,N/A,NONE DETECTED,Yes,No Apparent Injury,N/A,UNKNOWN,MD,OTHER,MOVING CONSTANT SPEED,15,No,2016,VOLVO,L150,39.12358202,-77.17190511,2023,4,14
230020161,Injury Crash,04/27/2023 02:42:00 PM,E JEFFERSON ST,NA,HEAD ON LEFT TURN,Clear,DRY,Daylight,NO CONTROLS,NONE DETECTED,No,Possible Minor Injury,N/A,NOT DISTRACTED,MD,PASSENGER CAR,MOVING CONSTANT SPEED,15,No,2012,TOYT,4S,39.076828,-77.14312267,2023,4,14
230020162,Injury Crash,04/27/2023 02:42:00 PM,NA,NA,SAME DIR REAR END,Clear,NA,Daylight,N/A,NONE DETECTED,No,Possible Minor Injury,N/A,NOT DISTRACTED,MD,PASSENGER CAR,STOPPED IN TRAFFIC LANE,15,No,2015,SCION,XB,39.12358202,-77.17190511,2023,4,14
230020161,Injury Crash,04/27/2023 02:42:00 PM,E JEFFERSON ST,NA,HEAD ON LEFT TURN,Clear,DRY,Daylight,NO CONTROLS,NONE DETECTED,Yes,No Apparent Injury,N/A,NOT DISTRACTED,MD,PASSENGER CAR,MAKING LEFT TURN,15,No,2009,TOYT,4S,39.076828,-77.14312267,2023,4,14
230020148,Property Damage Crash,04/27/2023 01:44:00 PM,CAPITAL BELTWAY,NA,SAME DIR REAR END,Clear,DRY,Daylight,N/A,NONE DETECTED,No,No Apparent Injury,"BACKUP DUE TO PRIOR CRASH, N/A",NOT DISTRACTED,MD,POLICE VEHICLE/NON EMERGENCY,MOVING CONSTANT SPEED,55,No,2014,FORD,EXPLORER,39.01037533,-77.08899433,2023,4,13
230020148,Property Damage Crash,04/27/2023 01:44:00 PM,CAPITAL BELTWAY,NA,SAME DIR REAR END,Clear,DRY,Daylight,N/A,NONE DETECTED,Yes,No Apparent Injury,"BACKUP DUE TO PRIOR CRASH, N/A",INATTENTIVE OR LOST IN THOUGHT,MD,PASSENGER CAR,MOVING CONSTANT SPEED,55,No,2013,HONDA,CIVIC,39.01037533,-77.08899433,2023,4,13
230020152,Property Damage Crash,04/27/2023 01:39:00 PM,SHEPHERD ST,NA,SAME DIRECTION SIDESWIPE,Clear,DRY,Daylight,NO CONTROLS,NONE DETECTED,Yes,No Apparent Injury,N/A,NOT DISTRACTED,NA,NA,MOVING CONSTANT SPEED,25,No,0,UNKNOWN,UNKNOWN,38.97952739,-77.0696759,2023,4,13
230020139,Property Damage Crash,04/27/2023 12:56:00 PM,NA,NA,OTHER,Clear,NA,Daylight,NO CONTROLS,NONE DETECTED,Yes,No Apparent Injury,N/A,OTHER DISTRACTION,MD,PASSENGER CAR,ACCELERATING,0,No,2011,MERCEDES,E550,39.02525333,-77.14809333,2023,4,12
230020127,Property Damage Crash,04/27/2023 12:07:00 PM,ROCKVILLE PIKE,NA,SAME DIR BOTH LEFT TURN,Clear,DRY,Daylight,N/A,NONE DETECTED,Unknown,No Apparent Injury,N/A,INATTENTIVE OR LOST IN THOUGHT,MD,PASSENGER CAR,MAKING LEFT TURN,35,No,2013,HONDA,FIT SPORT,39.05090833,-77.11499167,2023,4,12
230020127,Property Damage Crash,04/27/2023 12:07:00 PM,ROCKVILLE PIKE,NA,SAME DIR BOTH LEFT TURN,Clear,DRY,Daylight,N/A,NONE DETECTED,Unknown,No Apparent Injury,N/A,LOOKED BUT DID NOT SEE,MD,"MEDIUM/HEAVY TRUCKS 3 AXLES (OVER 10,000LBS (4,536KG))",MAKING LEFT TURN,35,No,2023,MACK,GRANITE,39.05090833,-77.11499167,2023,4,12
230020118,Injury Crash,04/27/2023 11:31:00 AM,NA,PEDESTRIAN,OTHER,Cloudy,NA,Daylight,NO CONTROLS,NONE DETECTED,Yes,Possible Minor Injury,N/A,LOOKED BUT DID NOT SEE,MD,PASSENGER CAR,MOVING CONSTANT SPEED,5,No,2011,HONDA,CRV,39.1517915,-77.06752,2023,4,11
230020120,Injury Crash,04/27/2023 11:22:00 AM,DEMOCRACY BLVD,NA,SAME DIR REAR END,Clear,DRY,Daylight,NO CONTROLS,NONE DETECTED,Yes,No Apparent Injury,N/A,INATTENTIVE OR LOST IN THOUGHT,MD,OTHER,MOVING CONSTANT SPEED,35,No,2000,FORD,MAIL TRUCK,39.02299333,-77.13265833,2023,4,11
230020120,Injury Crash,04/27/2023 11:22:00 AM,DEMOCRACY BLVD,NA,SAME DIR REAR END,Clear,DRY,Daylight,NO CONTROLS,NONE DETECTED,No,Possible Minor Injury,N/A,NOT DISTRACTED,DC,PASSENGER CAR,SLOWING OR STOPPING,35,No,2015,TIYOTA,HIGHLANDER,39.02299333,-77.13265833,2023,4,11
230020112,Injury Crash,04/27/2023 10:48:00 AM,EXECUTIVE BLVD,NA,HEAD ON LEFT TURN,Cloudy,DRY,Daylight,PERSON,NONE DETECTED,No,No Apparent Injury,"N/A, ROAD UNDER CONSTRUCTION/MAINTENANCE",NOT DISTRACTED,MD,PASSENGER CAR,MOVING CONSTANT SPEED,30,No,2019,INFINITI,Q60,39.04872067,-77.1245795,2023,4,10
230020112,Injury Crash,04/27/2023 10:48:00 AM,EXECUTIVE BLVD,NA,HEAD ON LEFT TURN,Cloudy,DRY,Daylight,PERSON,NONE DETECTED,Yes,No Apparent Injury,"N/A, ROAD UNDER CONSTRUCTION/MAINTENANCE",UNKNOWN,MD,(SPORT) UTILITY VEHICLE,MAKING LEFT TURN,30,No,2021,HONDA,PILOT,39.04872067,-77.1245795,2023,4,10
230020121,Property Damage Crash,04/27/2023 10:33:00 AM,NA,NA,SAME DIRECTION SIDESWIPE,Clear,NA,Daylight,NO CONTROLS,NONE DETECTED,No,No Apparent Injury,N/A,NOT DISTRACTED,MD,SCHOOL BUS,PARKED,0,No,2019,THMS,BU,39.06131833,-77.06642667,2023,4,10
230020121,Property Damage Crash,04/27/2023 10:33:00 AM,NA,NA,SAME DIRECTION SIDESWIPE,Clear,NA,Daylight,NO CONTROLS,NONE DETECTED,Yes,No Apparent Injury,N/A,NOT DISTRACTED,MD,"MEDIUM/HEAVY TRUCKS 3 AXLES (OVER 10,000LBS (4,536KG))",ACCELERATING,10,No,2018,FRHT,ST,39.06131833,-77.06642667,2023,4,10
230020104,Injury Crash,04/27/2023 10:28:00 AM,FALLSGROVE BLVD,PEDESTRIAN,SINGLE VEHICLE,Clear,DRY,Daylight,NO CONTROLS,NONE DETECTED,No,No Apparent Injury,N/A,NOT DISTRACTED,MD,(SPORT) UTILITY VEHICLE,PARKING,30,No,2015,HONDA,CRV,39.09667353,-77.19366236,2023,4,10
230020107,Injury Crash,04/27/2023 10:22:00 AM,WILSON LA,NA,STRAIGHT MOVEMENT ANGLE,Clear,DRY,Daylight,STOP SIGN,NONE DETECTED,Yes,Possible Minor Injury,N/A,NOT DISTRACTED,PA,PASSENGER CAR,ENTERING TRAFFIC LANE,25,No,2019,TOYTOTA,PRIUS,38.9871859,-77.10691686,2023,4,10
230020107,Injury Crash,04/27/2023 10:22:00 AM,WILSON LA,NA,STRAIGHT MOVEMENT ANGLE,Clear,DRY,Daylight,STOP SIGN,NONE DETECTED,No,No Apparent Injury,N/A,NOT DISTRACTED,MD,PASSENGER CAR,MOVING CONSTANT SPEED,25,No,2007,BMW,328I,38.9871859,-77.10691686,2023,4,10
230020091,Property Damage Crash,04/27/2023 08:30:00 AM,KERSEY RD,NA,STRAIGHT MOVEMENT ANGLE,Clear,DRY,Daylight,STOP SIGN,NONE DETECTED,Yes,No Apparent Injury,N/A,LOOKED BUT DID NOT SEE,MD,(SPORT) UTILITY VEHICLE,STARTING FROM LANE,25,No,2021,SUBARU,ASCENT,39.04418833,-77.0288685,2023,4,8
230020091,Property Damage Crash,04/27/2023 08:30:00 AM,KERSEY RD,NA,STRAIGHT MOVEMENT ANGLE,Clear,DRY,Daylight,STOP SIGN,NONE DETECTED,No,No Apparent Injury,N/A,NOT DISTRACTED,MD,(SPORT) UTILITY VEHICLE,MOVING CONSTANT SPEED,25,No,2015,TOYOTA,HIGHLANDER,39.04418833,-77.0288685,2023,4,8
230020089,Injury Crash,04/27/2023 08:20:00 AM,QUINCE ORCHARD RD,NA,SAME DIRECTION LEFT TURN,Clear,DRY,Daylight,NO CONTROLS,NONE DETECTED,Yes,No Apparent Injury,N/A,LOOKED BUT DID NOT SEE,MD,PASSENGER CAR,CHANGING LANES,35,No,2018,HONDA,TK,39.14999762,-77.21518358,2023,4,8
230020089,Injury Crash,04/27/2023 08:20:00 AM,QUINCE ORCHARD RD,NA,SAME DIRECTION LEFT TURN,Clear,DRY,Daylight,NO CONTROLS,NONE DETECTED,No,Possible Minor Injury,N/A,UNKNOWN,MD,MOTORCYCLE,MOVING CONSTANT SPEED,35,No,1982,HONDA,CB750,39.14999762,-77.21518358,2023,4,8
230020087,Property Damage Crash,04/27/2023 07:45:00 AM,MONTGOMERY VILLAGE AVE,NA,SAME DIR REAR END,Clear,DRY,Daylight,NO CONTROLS,NONE DETECTED,Yes,No Apparent Injury,N/A,NOT DISTRACTED,MD,PASSENGER CAR,SLOWING OR STOPPING,35,No,2017,HYUN,ELANTRA,39.14981642,-77.21532335,2023,4,7
230020087,Property Damage Crash,04/27/2023 07:45:00 AM,MONTGOMERY VILLAGE AVE,NA,SAME DIR REAR END,Clear,DRY,Daylight,NO CONTROLS,NONE DETECTED,No,No Apparent Injury,N/A,NOT DISTRACTED,MD,PASSENGER CAR,SLOWING OR STOPPING,35,No,2010,NISS,TK,39.14981642,-77.21532335,2023,4,7
230020086,Property Damage Crash,04/27/2023 07:30:00 AM,NEWPORT MILL RD,NA,STRAIGHT MOVEMENT ANGLE,Clear,DRY,Daylight,STOP SIGN,NONE DETECTED,Yes,No Apparent Injury,N/A,LOOKED BUT DID NOT SEE,MD,(SPORT) UTILITY VEHICLE,MAKING RIGHT TURN,20,No,2015,CHEVORLET,SUBURBAN,39.04285483,-77.068469,2023,4,7
230020086,Property Damage Crash,04/27/2023 07:30:00 AM,NEWPORT MILL RD,NA,STRAIGHT MOVEMENT ANGLE,Clear,DRY,Daylight,STOP SIGN,NONE DETECTED,No,No Apparent Injury,N/A,NOT DISTRACTED,MD,SCHOOL BUS,MOVING CONSTANT SPEED,20,No,2016,THOMAS,BUS,39.04285483,-77.068469,2023,4,7
230020084,Property Damage Crash,04/27/2023 07:26:00 AM,GEORGIA AVE,NA,SAME DIR REAR END,Clear,N/A,Medium,NO CONTROLS,NONE DETECTED,Yes,No Apparent Injury,N/A,UNKNOWN,NA,NA,UNKNOWN,35,No,0,UNKNOWN,UNKNOWN,38.99606899,-77.02809085,2023,4,7
230020084,Property Damage Crash,04/27/2023 07:26:00 AM,GEORGIA AVE,NA,SAME DIR REAR END,Clear,N/A,Medium,NO CONTROLS,NONE DETECTED,No,No Apparent Injury,N/A,NOT DISTRACTED,MD,SCHOOL BUS,MOVING CONSTANT SPEED,35,No,2021,FORD,YY,38.99606899,-77.02809085,2023,4,7
230020081,Property Damage Crash,04/27/2023 06:45:00 AM,COLESVILLE RD,NA,SAME DIR REAR END,Clear,WET,Daylight,TRAFFIC SIGNAL,NONE DETECTED,No,No Apparent Injury,N/A,NOT DISTRACTED,MD,PASSENGER CAR,MOVING CONSTANT SPEED,35,No,2007,ACUR,4S,39.01979817,-77.0134185,2023,4,6
230020081,Property Damage Crash,04/27/2023 06:45:00 AM,COLESVILLE RD,NA,SAME DIR REAR END,Clear,WET,Daylight,TRAFFIC SIGNAL,NONE DETECTED,Unknown,No Apparent Injury,N/A,NOT DISTRACTED,MD,PASSENGER CAR,MOVING CONSTANT SPEED,35,No,2005,DODG,VN,39.01979817,-77.0134185,2023,4,6
230020081,Property Damage Crash,04/27/2023 06:45:00 AM,COLESVILLE RD,NA,SAME DIR REAR END,Clear,WET,Daylight,TRAFFIC SIGNAL,NONE DETECTED,Yes,No Apparent Injury,N/A,UNKNOWN,MD,PASSENGER CAR,MOVING CONSTANT SPEED,35,No,2016,TOYT,TK,39.01979817,-77.0134185,2023,4,6
230020081,Property Damage Crash,04/27/2023 06:45:00 AM,COLESVILLE RD,NA,SAME DIR REAR END,Clear,WET,Daylight,TRAFFIC SIGNAL,NONE DETECTED,No,No Apparent Injury,N/A,NOT DISTRACTED,MD,PICKUP TRUCK,MOVING CONSTANT SPEED,35,No,2012,FORD,PK,39.01979817,-77.0134185,2023,4,6
230020079,Property Damage Crash,04/27/2023 06:20:00 AM,COLESVILLE RD,NA,STRAIGHT MOVEMENT ANGLE,Clear,DRY,Medium,TRAFFIC SIGNAL,NONE DETECTED,No,No Apparent Injury,N/A,NOT DISTRACTED,MD,(SPORT) UTILITY VEHICLE,MOVING CONSTANT SPEED,35,No,2019,HONDA,HRV,39.02062153,-77.01240817,2023,4,6
230020079,Property Damage Crash,04/27/2023 06:20:00 AM,COLESVILLE RD,NA,STRAIGHT MOVEMENT ANGLE,Clear,DRY,Medium,TRAFFIC SIGNAL,NONE DETECTED,Yes,No Apparent Injury,N/A,OTHER DISTRACTION,MD,PASSENGER CAR,STARTING FROM LANE,35,No,2014,TOYOTA,COROLLA,39.02062153,-77.01240817,2023,4,6
230020077,Injury Crash,04/27/2023 06:18:00 AM,COLESVILLE RD,NA,STRAIGHT MOVEMENT ANGLE,Clear,DRY,Daylight,TRAFFIC SIGNAL,NONE DETECTED,Yes,Possible Minor Injury,N/A,LOOKED BUT DID NOT SEE,MD,PASSENGER CAR,MOVING CONSTANT SPEED,45,No,2014,HONDA,ACCORD,39.005495,-77.02297333,2023,4,6
230020077,Injury Crash,04/27/2023 06:18:00 AM,COLESVILLE RD,NA,STRAIGHT MOVEMENT ANGLE,Clear,DRY,Daylight,TRAFFIC SIGNAL,NONE DETECTED,Yes,Possible Minor Injury,N/A,LOOKED BUT DID NOT SEE,MD,PASSENGER CAR,MOVING CONSTANT SPEED,45,No,2023,CHEVROLET,SABURBAN,39.005495,-77.02297333,2023,4,6
230020051,Injury Crash,04/26/2023 08:56:00 PM,RANDOLPH RD,NA,SAME DIR REAR END,Clear,DRY,Dark,NO CONTROLS,ALCOHOL PRESENT,Yes,Suspected Serious Injury,N/A,UNKNOWN,MD,PASSENGER CAR,MOVING CONSTANT SPEED,40,No,2009,HONDA,ACCORD,39.07470233,-77.00524433,2023,4,20
230020051,Injury Crash,04/26/2023 08:56:00 PM,RANDOLPH RD,NA,SAME DIR REAR END,Clear,DRY,Dark,NO CONTROLS,NONE DETECTED,No,Possible Minor Injury,N/A,NOT DISTRACTED,MD,"MEDIUM/HEAVY TRUCKS 3 AXLES (OVER 10,000LBS (4,536KG))",SLOWING OR STOPPING,45,No,2012,VOLVO,730,39.07470233,-77.00524433,2023,4,20
230020029,Property Damage Crash,04/26/2023 06:40:00 PM,COLESVILLE RD,NA,SAME DIRECTION SIDESWIPE,Clear,DRY,Daylight,TRAFFIC SIGNAL,NONE DETECTED,No,No Apparent Injury,N/A,NOT DISTRACTED,DC,TRANSIT BUS,MOVING CONSTANT SPEED,35,No,2013,NEW FLYER,TBU,39.00941,-77.01776,2023,4,18
230020029,Property Damage Crash,04/26/2023 06:40:00 PM,COLESVILLE RD,NA,SAME DIRECTION SIDESWIPE,Clear,DRY,Daylight,TRAFFIC SIGNAL,NONE DETECTED,Yes,No Apparent Injury,N/A,UNKNOWN,NA,PASSENGER CAR,UNKNOWN,35,No,2005,TOYOTA,CAMRY,39.00941,-77.01776,2023,4,18
230020030,Property Damage Crash,04/26/2023 06:30:00 PM,BLACKTHORN ST,NA,OTHER,Clear,DRY,Daylight,N/A,NONE DETECTED,No,No Apparent Injury,N/A,NOT DISTRACTED,DC,PASSENGER CAR,STOPPED IN TRAFFIC LANE,25,No,2004,TOYT,COROLLA,38.99144833,-77.0976,2023,4,18
230020030,Property Damage Crash,04/26/2023 06:30:00 PM,BLACKTHORN ST,NA,OTHER,Clear,DRY,Daylight,N/A,NONE DETECTED,Yes,No Apparent Injury,N/A,UNKNOWN,NA,(SPORT) UTILITY VEHICLE,MOVING CONSTANT SPEED,25,No,2012,NISS,TK,38.99144833,-77.0976,2023,4,18
230020018,Property Damage Crash,04/26/2023 05:38:00 PM,DARNESTOWN RD,NA,SAME DIR REAR END,Clear,DRY,Daylight,NO CONTROLS,NONE DETECTED,Yes,No Apparent Injury,N/A,UNKNOWN,MD,PASSENGER CAR,SLOWING OR STOPPING,45,No,2009,TOYT,4S,39.10132333,-77.21669667,2023,4,17
230020018,Property Damage Crash,04/26/2023 05:38:00 PM,DARNESTOWN RD,NA,SAME DIR REAR END,Clear,DRY,Daylight,NO CONTROLS,NONE DETECTED,No,No Apparent Injury,N/A,UNKNOWN,MD,PASSENGER CAR,SLOWING OR STOPPING,45,No,2016,TOYT,CAMRY,39.10132333,-77.21669667,2023,4,17
230020018,Property Damage Crash,04/26/2023 05:38:00 PM,DARNESTOWN RD,NA,SAME DIR REAR END,Clear,DRY,Daylight,NO CONTROLS,NONE DETECTED,No,No Apparent Injury,N/A,UNKNOWN,MD,PASSENGER CAR,SLOWING OR STOPPING,45,No,2012,HOND,TK,39.10132333,-77.21669667,2023,4,17
230020013,Property Damage Crash,04/26/2023 05:00:00 PM,HUNGERFORD DR,NA,OTHER,Clear,DRY,Daylight,TRAFFIC SIGNAL,NONE DETECTED,No,No Apparent Injury,N/A,NOT DISTRACTED,MD,OTHER,MOVING CONSTANT SPEED,35,No,2015,JEEP,SUV,39.08735303,-77.1500002,2023,4,17
230020013,Property Damage Crash,04/26/2023 05:00:00 PM,HUNGERFORD DR,NA,OTHER,Clear,DRY,Daylight,TRAFFIC SIGNAL,NONE DETECTED,Yes,No Apparent Injury,N/A,NOT DISTRACTED,MD,PASSENGER CAR,MOVING CONSTANT SPEED,35,No,2022,CHEVY,TK,39.08735303,-77.1500002,2023,4,17
230020000,Injury Crash,04/26/2023 04:15:00 PM,FALLS RD,NA,SAME DIR REAR END,Clear,DRY,Daylight,TRAFFIC SIGNAL,NONE DETECTED,No,Possible Minor Injury,N/A,NOT DISTRACTED,MD,PASSENGER CAR,STOPPED IN TRAFFIC LANE,40,No,2014,TOYT,SIENNA VN,39.04976919,-77.18824353,2023,4,16
230020000,Injury Crash,04/26/2023 04:15:00 PM,FALLS RD,NA,SAME DIR REAR END,Clear,DRY,Daylight,TRAFFIC SIGNAL,NONE DETECTED,Yes,No Apparent Injury,N/A,UNKNOWN,MD,PASSENGER CAR,SLOWING OR STOPPING,40,No,2017,TOYT,CAMERY 4D,39.04976919,-77.18824353,2023,4,16
230020001,Property Damage Crash,04/26/2023 04:13:00 PM,BETHESDA AVE,NA,ANGLE MEETS LEFT TURN,Clear,DRY,Daylight,NO CONTROLS,NONE DETECTED,Yes,No Apparent Injury,N/A,NOT DISTRACTED,MD,PASSENGER CAR,MAKING LEFT TURN,25,No,2018,TOYOTA,RAV4,38.981325,-77.09421,2023,4,16
230020001,Property Damage Crash,04/26/2023 04:13:00 PM,BETHESDA AVE,NA,ANGLE MEETS LEFT TURN,Clear,DRY,Daylight,NO CONTROLS,NONE DETECTED,No,No Apparent Injury,N/A,NOT DISTRACTED,VA,PASSENGER CAR,ACCELERATING,25,No,2018,TESLA,MODEL 3,38.981325,-77.09421,2023,4,16
230020001,Property Damage Crash,04/26/2023 04:13:00 PM,BETHESDA AVE,NA,ANGLE MEETS LEFT TURN,Clear,DRY,Daylight,NO CONTROLS,NONE DETECTED,No,No Apparent Injury,N/A,NOT DISTRACTED,MD,PASSENGER CAR,STOPPED IN TRAFFIC LANE,25,No,2021,LINCON,AVIATOR,38.981325,-77.09421,2023,4,16
230019995,Property Damage Crash,04/26/2023 03:50:00 PM,LAMBERTON DR,NA,SAME DIRECTION SIDESWIPE,Clear,DRY,Daylight,TRAFFIC SIGNAL,NONE DETECTED,No,No Apparent Injury,N/A,NOT DISTRACTED,MD,TRANSIT BUS,STOPPED IN TRAFFIC LANE,25,No,2020,GILG,BUS,39.04112217,-77.02929633,2023,4,15
230019995,Property Damage Crash,04/26/2023 03:50:00 PM,LAMBERTON DR,NA,SAME DIRECTION SIDESWIPE,Clear,DRY,Daylight,TRAFFIC SIGNAL,NONE DETECTED,Yes,No Apparent Injury,N/A,NOT DISTRACTED,MD,SCHOOL BUS,SLOWING OR STOPPING,25,No,2021,FRHT,SB,39.04112217,-77.02929633,2023,4,15
230019998,Property Damage Crash,04/26/2023 03:49:00 PM,NORWOOD RD,NA,SAME DIR REAR END,Clear,DRY,Daylight,NO CONTROLS,NONE DETECTED,No,No Apparent Injury,N/A,NOT DISTRACTED,MD,(SPORT) UTILITY VEHICLE,STOPPED IN TRAFFIC LANE,40,No,2017,HOND,TK,39.12824667,-77.02857033,2023,4,15
230019998,Property Damage Crash,04/26/2023 03:49:00 PM,NORWOOD RD,NA,SAME DIR REAR END,Clear,DRY,Daylight,NO CONTROLS,NONE DETECTED,Yes,No Apparent Injury,N/A,LOOKED BUT DID NOT SEE,MD,PASSENGER CAR,SLOWING OR STOPPING,40,No,2014,VOLK,4S,39.12824667,-77.02857033,2023,4,15
230019998,Property Damage Crash,04/26/2023 03:49:00 PM,NORWOOD RD,NA,SAME DIR REAR END,Clear,DRY,Daylight,NO CONTROLS,NONE DETECTED,No,No Apparent Injury,N/A,NOT DISTRACTED,MD,PASSENGER CAR,STOPPED IN TRAFFIC LANE,40,No,2014,HOND,4S,39.12824667,-77.02857033,2023,4,15
230019998,Property Damage Crash,04/26/2023 03:49:00 PM,NORWOOD RD,NA,SAME DIR REAR END,Clear,DRY,Daylight,NO CONTROLS,NONE DETECTED,No,No Apparent Injury,N/A,LOOKED BUT DID NOT SEE,MD,PASSENGER CAR,STOPPED IN TRAFFIC LANE,40,No,2007,CHEV,SD,39.12824667,-77.02857033,2023,4,15
230019989,Property Damage Crash,04/26/2023 03:40:00 PM,WISCONSIN AVE,NA,HEAD ON LEFT TURN,Rain,WET,Daylight,TRAFFIC SIGNAL,NONE DETECTED,Yes,No Apparent Injury,"N/A, WET",LOOKED BUT DID NOT SEE,DC,PASSENGER CAR,MAKING LEFT TURN,25,No,2014,TOYOTA,PRIUS,38.98826667,-77.09513167,2023,4,15
230019989,Property Damage Crash,04/26/2023 03:40:00 PM,WISCONSIN AVE,NA,HEAD ON LEFT TURN,Rain,WET,Daylight,TRAFFIC SIGNAL,NONE DETECTED,No,No Apparent Injury,"N/A, WET",NOT DISTRACTED,MD,PICKUP TRUCK,MOVING CONSTANT SPEED,25,No,2014,HONDA,RIDGELINE,38.98826667,-77.09513167,2023,4,15
230019939,Property Damage Crash,04/26/2023 12:19:00 PM,PARKLAWN DR,NA,SAME DIRECTION SIDESWIPE,Cloudy,DRY,Daylight,NO CONTROLS,NONE DETECTED,No,No Apparent Injury,N/A,NOT DISTRACTED,MD,TRANSIT BUS,SLOWING OR STOPPING,35,No,2010,NEW FLYER,BUS,39.04836517,-77.10183467,2023,4,12
230019939,Property Damage Crash,04/26/2023 12:19:00 PM,PARKLAWN DR,NA,SAME DIRECTION SIDESWIPE,Cloudy,DRY,Daylight,NO CONTROLS,NONE DETECTED,Yes,No Apparent Injury,N/A,UNKNOWN,NA,UNKNOWN,PASSING,35,No,0,UNKNOWN,UNKNOWN,39.04836517,-77.10183467,2023,4,12
230019937,Property Damage Crash,04/26/2023 12:17:00 PM,RANDOLPH RD,NA,HEAD ON LEFT TURN,Clear,DRY,Daylight,TRAFFIC SIGNAL,NONE DETECTED,Yes,No Apparent Injury,N/A,NOT DISTRACTED,MD,PASSENGER CAR,MAKING LEFT TURN,35,No,2013,MINI,4H,39.05364967,-77.104149,2023,4,12
230019937,Property Damage Crash,04/26/2023 12:17:00 PM,RANDOLPH RD,NA,HEAD ON LEFT TURN,Clear,DRY,Daylight,TRAFFIC SIGNAL,NONE DETECTED,No,No Apparent Injury,N/A,NOT DISTRACTED,MD,PASSENGER CAR,MOVING CONSTANT SPEED,35,No,2007,LEXUS,SD,39.05364967,-77.104149,2023,4,12
230019949,Property Damage Crash,04/26/2023 12:00:00 PM,NA,NA,OPPOSITE DIRECTION SIDESWIPE,Clear,NA,Daylight,N/A,NONE DETECTED,Yes,No Apparent Injury,N/A,UNKNOWN,NA,PASSENGER CAR,PARKING,5,No,2023,BMW,330E,39.12077667,-77.20397833,2023,4,12
230019931,Injury Crash,04/26/2023 11:28:00 AM,WOODMONT AVE,NA,HEAD ON,Clear,DRY,Daylight,TRAFFIC SIGNAL,NONE DETECTED,Yes,No Apparent Injury,N/A,NOT DISTRACTED,MD,PASSENGER CAR,MAKING RIGHT TURN,35,No,2010,HOND,ACCORD,38.979872,-77.092142,2023,4,11
230019931,Injury Crash,04/26/2023 11:28:00 AM,WOODMONT AVE,NA,HEAD ON,Clear,DRY,Daylight,TRAFFIC SIGNAL,NONE DETECTED,No,Possible Minor Injury,N/A,NOT DISTRACTED,MD,(SPORT) UTILITY VEHICLE,STOPPED IN TRAFFIC LANE,15,No,2017,FORD,EXPLORER,38.979872,-77.092142,2023,4,11
230020064,Property Damage Crash,04/26/2023 11:20:00 AM,HUNGERFORD DR,NA,SAME DIRECTION SIDESWIPE,Rain,WET,Medium,N/A,NONE DETECTED,Yes,No Apparent Injury,"SLEET, HAIL, FREEZ. RAIN, WET",LOOKED BUT DID NOT SEE,MD,PASSENGER CAR,MOVING CONSTANT SPEED,35,No,2016,NISSAN,4D,39.09156833,-77.1532865,2023,4,11
230020064,Property Damage Crash,04/26/2023 11:20:00 AM,HUNGERFORD DR,NA,SAME DIRECTION SIDESWIPE,Rain,WET,Medium,N/A,NONE DETECTED,No,No Apparent Injury,"SLEET, HAIL, FREEZ. RAIN, WET",NOT DISTRACTED,MD,"OTHER LIGHT TRUCKS (10,000LBS (4,536KG) OR LESS)",MOVING CONSTANT SPEED,35,No,2010,FORD,TK,39.09156833,-77.1532865,2023,4,11
23000770,Property Damage Crash,04/26/2023 11:05:00 AM,BUCKLODGE RD,NA,HEAD ON,Clear,DRY,Daylight,N/A,NONE DETECTED,Yes,No Apparent Injury,N/A,UNKNOWN,NA,NA,MOVING CONSTANT SPEED,40,Unknown,0,UNKNOWN,UNKNOWN,39.1692535,-77.35955517,2023,4,11
23000770,Property Damage Crash,04/26/2023 11:05:00 AM,BUCKLODGE RD,NA,HEAD ON,Clear,DRY,Daylight,N/A,NONE DETECTED,No,No Apparent Injury,N/A,NOT DISTRACTED,MD,PICKUP TRUCK,MOVING CONSTANT SPEED,40,No,2020,FORD,PK,39.1692535,-77.35955517,2023,4,11
230019914,Property Damage Crash,04/26/2023 11:00:00 AM,TRAVILAH RD,NA,SINGLE VEHICLE,Clear,DRY,Daylight,N/A,NONE DETECTED,Yes,No Apparent Injury,N/A,UNKNOWN,DC,PASSENGER CAR,MAKING LEFT TURN,35,No,2022,TOYOTA,CAMRY,39.06398246,-77.27627697,2023,4,11
230019929,Property Damage Crash,04/26/2023 09:32:00 AM,NA,NA,OTHER,Clear,NA,Daylight,NO CONTROLS,NONE DETECTED,Yes,No Apparent Injury,N/A,NOT DISTRACTED,MD,PASSENGER CAR,PARKING,20,No,2021,JEEP,WRANGLER,39.06458538,-77.16048867,2023,4,9
230019900,Property Damage Crash,04/26/2023 09:31:00 AM,MEADOWHILL RD,NA,OTHER,Cloudy,DRY,Daylight,NO CONTROLS,NONE DETECTED,Yes,No Apparent Injury,N/A,LOOKED BUT DID NOT SEE,MD,"MEDIUM/HEAVY TRUCKS 3 AXLES (OVER 10,000LBS (4,536KG))",MOVING CONSTANT SPEED,25,No,2019,MACK,TRASH,39.03141233,-76.99695967,2023,4,9
230019898,Property Damage Crash,04/26/2023 09:29:00 AM,CAPITAL BELTWAY,NA,SAME DIR REAR END,Cloudy,DRY,Daylight,NO CONTROLS,NONE DETECTED,No,No Apparent Injury,"BACKUP DUE TO REGULAR CONGESTION, N/A",NOT DISTRACTED,FL,PASSENGER CAR,STOPPED IN TRAFFIC LANE,55,No,2017,HONDA,CIVIC,38.97231683,-77.179076,2023,4,9
230019898,Property Damage Crash,04/26/2023 09:29:00 AM,CAPITAL BELTWAY,NA,SAME DIR REAR END,Cloudy,DRY,Daylight,NO CONTROLS,NONE DETECTED,Yes,No Apparent Injury,"BACKUP DUE TO REGULAR CONGESTION, N/A",UNKNOWN,MD,PICKUP TRUCK,SLOWING OR STOPPING,55,No,2017,RAM,3500,38.97231683,-77.179076,2023,4,9
230019898,Property Damage Crash,04/26/2023 09:29:00 AM,CAPITAL BELTWAY,NA,SAME DIR REAR END,Cloudy,DRY,Daylight,NO CONTROLS,NONE DETECTED,No,No Apparent Injury,"BACKUP DUE TO REGULAR CONGESTION, N/A",NOT DISTRACTED,VA,PASSENGER CAR,STOPPED IN TRAFFIC LANE,55,No,2017,BMW,X6,38.97231683,-77.179076,2023,4,9