Local Case Number,ACRS Report Type,Crash Date/Time,Road Name,Related Non-Motorist,Collision Type,Weather,Surface Condition,Light,Traffic Control,Driver Substance Abuse,Driver At Fault,Injury Severity,Circumstance,Driver Distracted By,Drivers License State,Vehicle Body Type,Vehicle Movement,Speed Limit,Driverless Vehicle,Vehicle Year,Vehicle Make,Vehicle Model,Latitude,Longitude,Year,Month,Hour
230019889,Injury Crash,04/26/2023 08:45:00 AM,FRIENDSHIP BLVD,NA,SAME DIRECTION RIGHT TURN,Clear,DRY,Daylight,NO CONTROLS,NONE DETECTED,No,No Apparent Injury,N/A,NOT DISTRACTED,MD,PASSENGER CAR,MOVING CONSTANT SPEED,25,No,2017,HOND,ACCORD,38.96009417,-77.08802383,2023,4,8
230019889,Injury Crash,04/26/2023 08:45:00 AM,FRIENDSHIP BLVD,NA,SAME DIRECTION RIGHT TURN,Clear,DRY,Daylight,NO CONTROLS,NONE DETECTED,Yes,Possible Minor Injury,N/A,NOT DISTRACTED,MD,PASSENGER CAR,CHANGING LANES,25,No,2017,NISS,ROGUE,38.96009417,-77.08802383,2023,4,8
230019887,Property Damage Crash,04/26/2023 08:29:00 AM,GEORGIA AVE,NA,SAME DIRECTION SIDESWIPE,Clear,DRY,Daylight,NO CONTROLS,NONE DETECTED,No,No Apparent Injury,N/A,NOT DISTRACTED,MD,PASSENGER CAR,MOVING CONSTANT SPEED,35,No,2012,FORD,FOCUS,39.09206637,-77.07961584,2023,4,8
230019887,Property Damage Crash,04/26/2023 08:29:00 AM,GEORGIA AVE,NA,SAME DIRECTION SIDESWIPE,Clear,DRY,Daylight,NO CONTROLS,NONE DETECTED,Yes,No Apparent Injury,N/A,UNKNOWN,NA,UNKNOWN,MOVING CONSTANT SPEED,35,No,0,UNKNOWN,UNKNOWN,39.09206637,-77.07961584,2023,4,8
230019884,Property Damage Crash,04/26/2023 08:15:00 AM,GATESHEAD MANOR WAY,NA,SAME DIR REAR END,Cloudy,DRY,Daylight,TRAFFIC SIGNAL,NONE DETECTED,No,No Apparent Injury,N/A,NOT DISTRACTED,MD,SCHOOL BUS,STOPPED IN TRAFFIC LANE,30,No,2019,THMS,BU,39.07743667,-76.94237833,2023,4,8
230019884,Property Damage Crash,04/26/2023 08:15:00 AM,GATESHEAD MANOR WAY,NA,SAME DIR REAR END,Cloudy,DRY,Daylight,TRAFFIC SIGNAL,NONE DETECTED,Yes,No Apparent Injury,N/A,UNKNOWN,MD,PASSENGER CAR,MOVING CONSTANT SPEED,30,No,2007,MERC,4S,39.07743667,-76.94237833,2023,4,8
230019871,Property Damage Crash,04/26/2023 06:00:00 AM,100 BLK PHILADELPHIA,NA,SAME DIR REND RIGHT TURN,Clear,DRY,Medium,TRAFFIC SIGNAL,NONE DETECTED,No,No Apparent Injury,N/A,NOT DISTRACTED,MD,TRANSIT BUS,STOPPED IN TRAFFIC LANE,25,No,2016,NWFL,XDE,38.98103212,-77.01042209,2023,4,6
230019871,Property Damage Crash,04/26/2023 06:00:00 AM,100 BLK PHILADELPHIA,NA,SAME DIR REND RIGHT TURN,Clear,DRY,Medium,TRAFFIC SIGNAL,NONE DETECTED,Yes,No Apparent Injury,N/A,UNKNOWN,MD,PASSENGER CAR,SLOWING OR STOPPING,25,No,2021,TOYOTA,RAV4,38.98103212,-77.01042209,2023,4,6
230019869,Property Damage Crash,04/26/2023 05:01:00 AM,RANDOLPH RD,NA,STRAIGHT MOVEMENT ANGLE,Clear,DRY,Medium,FLASHING TRAFFIC SIGNAL,NONE DETECTED,Yes,No Apparent Injury,N/A,UNKNOWN,NA,PICKUP TRUCK,MOVING CONSTANT SPEED,35,No,2016,FORD,F150,39.05544236,-77.08376028,2023,4,5
230019869,Property Damage Crash,04/26/2023 05:01:00 AM,RANDOLPH RD,NA,STRAIGHT MOVEMENT ANGLE,Clear,DRY,Medium,FLASHING TRAFFIC SIGNAL,NONE DETECTED,No,No Apparent Injury,N/A,NOT DISTRACTED,MD,PASSENGER CAR,MOVING CONSTANT SPEED,35,No,2011,CHEVY,CAMARO,39.05544236,-77.08376028,2023,4,5
230019865,Property Damage Crash,04/26/2023 01:27:00 AM,BETHESDA CHURCH RD,NA,SINGLE VEHICLE,Clear,DRY,Dark,NO CONTROLS,NONE DETECTED,No,No Apparent Injury,"ANIMAL, N/A",NOT DISTRACTED,MD,POLICE VEHICLE/NON EMERGENCY,SLOWING OR STOPPING,30,No,2017,FORD,INTERCEPTOR,39.30035752,-77.2336319,2023,4,1
230019864,Property Damage Crash,04/26/2023 01:08:00 AM,WARING STATION RD,NA,OPPOSITE DIRECTION SIDESWIPE,Clear,DRY,Medium,NO CONTROLS,NONE DETECTED,No,No Apparent Injury,N/A,NOT DISTRACTED,MD,PICKUP TRUCK,MOVING CONSTANT SPEED,30,No,2004,CHEVROLET,2500HD,39.15798426,-77.25320688,2023,4,1
230019864,Property Damage Crash,04/26/2023 01:08:00 AM,WARING STATION RD,NA,OPPOSITE DIRECTION SIDESWIPE,Clear,DRY,Medium,NO CONTROLS,NONE DETECTED,Yes,No Apparent Injury,N/A,NOT DISTRACTED,MD,(SPORT) UTILITY VEHICLE,MOVING CONSTANT SPEED,30,No,2009,TOYOTA,RAV4,39.15798426,-77.25320688,2023,4,1
230019854,Injury Crash,04/25/2023 10:10:00 PM,HUNGERFORD DR,PEDESTRIAN,SINGLE VEHICLE,Clear,DRY,Medium,NO CONTROLS,NONE DETECTED,Yes,No Apparent Injury,N/A,OTHER DISTRACTION,MD,(SPORT) UTILITY VEHICLE,ACCELERATING,30,No,2006,HONDA,UT,39.1035149,-77.1566645,2023,4,22
230019920,Property Damage Crash,04/25/2023 08:30:00 PM,NA,NA,SAME DIR REAR END,Clear,NA,Medium,N/A,NONE DETECTED,Yes,No Apparent Injury,N/A,UNKNOWN,NA,PASSENGER CAR,BACKING,0,No,2014,BMW,4S,39.18037295,-77.26706258,2023,4,20
230019841,Property Damage Crash,04/25/2023 08:08:00 PM,GREAT SENECA HWY,NA,STRAIGHT MOVEMENT ANGLE,Clear,DRY,Medium,TRAFFIC SIGNAL,NONE DETECTED,No,No Apparent Injury,N/A,NOT DISTRACTED,MD,PASSENGER CAR,MOVING CONSTANT SPEED,35,No,2017,SUBA,WG,39.16656562,-77.27055208,2023,4,20
230019841,Property Damage Crash,04/25/2023 08:08:00 PM,GREAT SENECA HWY,NA,STRAIGHT MOVEMENT ANGLE,Clear,DRY,Medium,TRAFFIC SIGNAL,NONE DETECTED,Yes,No Apparent Injury,N/A,LOOKED BUT DID NOT SEE,MD,PASSENGER CAR,MAKING LEFT TURN,35,No,2020,TOYO,TK,39.16656562,-77.27055208,2023,4,20
230019452,Property Damage Crash,04/25/2023 07:40:00 PM,DEVERE DR,NA,SINGLE VEHICLE,Clear,DRY,Daylight,NO CONTROLS,NONE DETECTED,Yes,No Apparent Injury,N/A,UNKNOWN,XX,PASSENGER CAR,ACCELERATING,25,No,2019,HYUNDAI,ELANTRA,39.02089547,-76.98546399,2023,4,19
230019824,Property Damage Crash,04/25/2023 06:40:00 PM,WISCONSIN AVE,NA,SAME DIRECTION SIDESWIPE,Clear,DRY,Daylight,TRAFFIC SIGNAL,NONE DETECTED,No,No Apparent Injury,N/A,NOT DISTRACTED,MD,PASSENGER CAR,STOPPED IN TRAFFIC LANE,35,No,2018,TSMR,3,38.96174442,-77.08609695,2023,4,18
230019824,Property Damage Crash,04/25/2023 06:40:00 PM,WISCONSIN AVE,NA,SAME DIRECTION SIDESWIPE,Clear,DRY,Daylight,TRAFFIC SIGNAL,NONE DETECTED,Yes,No Apparent Injury,N/A,NOT DISTRACTED,MD,TRANSIT BUS,CHANGING LANES,35,No,2023,NEW FLYER,XCELSIOR,38.96174442,-77.08609695,2023,4,18
230019810,Injury Crash,04/25/2023 04:57:00 PM,COLUMBIA PIKE,NA,SAME DIR REAR END,Clear,DRY,Daylight,NO CONTROLS,NONE DETECTED,No,No Apparent Injury,N/A,NOT DISTRACTED,MD,PASSENGER CAR,ACCELERATING,45,No,2022,SUBARU,OUTBACK,39.11154867,-76.93230467,2023,4,16
230019810,Injury Crash,04/25/2023 04:57:00 PM,COLUMBIA PIKE,NA,SAME DIR REAR END,Clear,DRY,Daylight,NO CONTROLS,NONE DETECTED,Yes,Possible Minor Injury,N/A,UNKNOWN,MD,PASSENGER CAR,MOVING CONSTANT SPEED,45,No,2009,TOYOTA,COROLLA,39.11154867,-76.93230467,2023,4,16
230019810,Injury Crash,04/25/2023 04:57:00 PM,COLUMBIA PIKE,NA,SAME DIR REAR END,Clear,DRY,Daylight,NO CONTROLS,NONE DETECTED,No,No Apparent Injury,N/A,NOT DISTRACTED,MD,PASSENGER CAR,STOPPED IN TRAFFIC LANE,45,No,2015,TOYOTA,HIGHLANDER,39.11154867,-76.93230467,2023,4,16
230019812,Property Damage Crash,04/25/2023 04:45:00 PM,NA,NA,STRAIGHT MOVEMENT ANGLE,Clear,NA,Daylight,NO CONTROLS,NONE DETECTED,Yes,No Apparent Injury,N/A,LOOKED BUT DID NOT SEE,XX,PASSENGER CAR,MOVING CONSTANT SPEED,5,No,2009,HOND,SD,39.14628878,-77.20400553,2023,4,16
230019812,Property Damage Crash,04/25/2023 04:45:00 PM,NA,NA,STRAIGHT MOVEMENT ANGLE,Clear,NA,Daylight,NO CONTROLS,NONE DETECTED,Yes,No Apparent Injury,N/A,NOT DISTRACTED,MD,(SPORT) UTILITY VEHICLE,MOVING CONSTANT SPEED,5,No,2017,MERZ,UT,39.14628878,-77.20400553,2023,4,16
230019809,Property Damage Crash,04/25/2023 04:43:00 PM,PLUM ORCHARD DR,NA,SAME DIRECTION SIDESWIPE,Cloudy,DRY,Daylight,NO CONTROLS,NONE DETECTED,Yes,No Apparent Injury,N/A,UNKNOWN,NA,PASSENGER CAR,MOVING CONSTANT SPEED,30,No,2015,FORD,ESCAPE,39.056065,-76.95727333,2023,4,16
230019809,Property Damage Crash,04/25/2023 04:43:00 PM,PLUM ORCHARD DR,NA,SAME DIRECTION SIDESWIPE,Cloudy,DRY,Daylight,NO CONTROLS,NONE DETECTED,No,No Apparent Injury,N/A,NOT DISTRACTED,MD,PASSENGER CAR,MOVING CONSTANT SPEED,30,No,2020,SUBA,UT,39.056065,-76.95727333,2023,4,16
230019807,Injury Crash,04/25/2023 04:37:00 PM,NA,PEDESTRIAN,SINGLE VEHICLE,Clear,NA,Daylight,N/A,NONE DETECTED,Yes,No Apparent Injury,N/A,UNKNOWN,MD,PASSENGER CAR,BACKING,0,No,2014,FORD,FUSION,39.1261727,-77.18230353,2023,4,16
230019783,Injury Crash,04/25/2023 02:47:00 PM,DEMOCRACY BLVD,NA,SAME DIR REAR END,Cloudy,DRY,Daylight,NO CONTROLS,NONE DETECTED,No,Possible Minor Injury,N/A,NOT DISTRACTED,MD,(SPORT) UTILITY VEHICLE,SLOWING OR STOPPING,35,No,2017,PORSCHE,MACAN,39.02234,-77.14939983,2023,4,14
230019783,Injury Crash,04/25/2023 02:47:00 PM,DEMOCRACY BLVD,NA,SAME DIR REAR END,Cloudy,DRY,Daylight,NO CONTROLS,NONE DETECTED,Yes,No Apparent Injury,N/A,UNKNOWN,MD,(SPORT) UTILITY VEHICLE,MOVING CONSTANT SPEED,30,No,2009,TOYOTA,HIGHLANDER,39.02234,-77.14939983,2023,4,14
230019776,Property Damage Crash,04/25/2023 02:25:00 PM,NEW HAMPSHIRE AVE,NA,SAME DIRECTION SIDESWIPE,Clear,DRY,Daylight,TRAFFIC SIGNAL,NONE DETECTED,Yes,No Apparent Injury,N/A,NOT DISTRACTED,MD,PASSENGER CAR,CHANGING LANES,40,No,2020,NISS,UT,39.07398067,-77.002362,2023,4,14
230019776,Property Damage Crash,04/25/2023 02:25:00 PM,NEW HAMPSHIRE AVE,NA,SAME DIRECTION SIDESWIPE,Clear,DRY,Daylight,TRAFFIC SIGNAL,NONE DETECTED,No,No Apparent Injury,N/A,NOT DISTRACTED,MD,TRANSIT BUS,MOVING CONSTANT SPEED,40,No,2010,METRO,BUS,39.07398067,-77.002362,2023,4,14
230019765,Injury Crash,04/25/2023 02:20:00 PM,WILLIAMSBURG DR,NA,STRAIGHT MOVEMENT ANGLE,Cloudy,DRY,Daylight,NO CONTROLS,NONE DETECTED,No,No Apparent Injury,N/A,NOT DISTRACTED,MD,(SPORT) UTILITY VEHICLE,MOVING CONSTANT SPEED,30,No,2019,TOYOTA,RAV4,39.02044067,-77.00092333,2023,4,14
230019765,Injury Crash,04/25/2023 02:20:00 PM,WILLIAMSBURG DR,NA,STRAIGHT MOVEMENT ANGLE,Cloudy,DRY,Daylight,NO CONTROLS,NONE DETECTED,Yes,Possible Minor Injury,N/A,UNKNOWN,MD,VAN,MOVING CONSTANT SPEED,30,No,2010,HONDA,ODYSSEY,39.02044067,-77.00092333,2023,4,14
230019770,Property Damage Crash,04/25/2023 02:15:00 PM,NA,NA,OTHER,Cloudy,NA,Daylight,NO CONTROLS,NONE DETECTED,Yes,No Apparent Injury,N/A,NOT DISTRACTED,MD,SCHOOL BUS,PARKING,5,No,2023,FREIGHTLINER,SCHOOL BUS,39.0263805,-77.13086233,2023,4,14
230019754,Injury Crash,04/25/2023 01:40:00 PM,RANDOLPH RD,NA,SAME DIR REAR END,Clear,DRY,Daylight,TRAFFIC SIGNAL,NONE DETECTED,No,No Apparent Injury,N/A,NOT DISTRACTED,MD,PASSENGER CAR,STOPPED IN TRAFFIC LANE,35,No,2012,VOLVO,S80,39.05727142,-77.07284504,2023,4,13
230019754,Injury Crash,04/25/2023 01:40:00 PM,RANDOLPH RD,NA,SAME DIR REAR END,Clear,DRY,Daylight,TRAFFIC SIGNAL,NONE DETECTED,No,Possible Minor Injury,N/A,NOT DISTRACTED,MD,PASSENGER CAR,STOPPED IN TRAFFIC LANE,35,No,2013,HONDA,CIVIC,39.05727142,-77.07284504,2023,4,13
230019754,Injury Crash,04/25/2023 01:40:00 PM,RANDOLPH RD,NA,SAME DIR REAR END,Clear,DRY,Daylight,TRAFFIC SIGNAL,NONE DETECTED,Yes,Possible Minor Injury,N/A,INATTENTIVE OR LOST IN THOUGHT,MD,PASSENGER CAR,SLOWING OR STOPPING,35,No,2017,HONDA,CIVIC,39.05727142,-77.07284504,2023,4,13
230019739,Property Damage Crash,04/25/2023 12:20:00 PM,NA,NA,OTHER,Clear,NA,Daylight,NO CONTROLS,NONE DETECTED,Yes,No Apparent Injury,N/A,UNKNOWN,NA,PASSENGER CAR,BACKING,15,No,2015,TOYOTA,TK,38.99709833,-77.02357667,2023,4,12
230019737,Injury Crash,04/25/2023 12:05:00 PM,PARKLAND DR,NA,SAME DIR REAR END,Clear,DRY,Daylight,STOP SIGN,NONE DETECTED,No,Suspected Serious Injury,N/A,NOT DISTRACTED,MD,(SPORT) UTILITY VEHICLE,SLOWING OR STOPPING,25,No,2008,HONDA,CRV,39.06885057,-77.08860254,2023,4,12
230019737,Injury Crash,04/25/2023 12:05:00 PM,PARKLAND DR,NA,SAME DIR REAR END,Clear,DRY,Daylight,STOP SIGN,NONE DETECTED,Yes,Possible Minor Injury,N/A,NOT DISTRACTED,MD,(SPORT) UTILITY VEHICLE,MOVING CONSTANT SPEED,25,No,2021,JEEP,GRAND CHEROKEE,39.06885057,-77.08860254,2023,4,12
230019731,Property Damage Crash,04/25/2023 12:01:00 PM,NORBECK RD,NA,OTHER,Clear,DRY,Daylight,TRAFFIC SIGNAL,NONE DETECTED,Yes,No Apparent Injury,N/A,INATTENTIVE OR LOST IN THOUGHT,MD,PASSENGER CAR,MOVING CONSTANT SPEED,35,No,2014,NISS,VERSA,39.09547667,-77.11224167,2023,4,12
230019731,Property Damage Crash,04/25/2023 12:01:00 PM,NORBECK RD,NA,OTHER,Clear,DRY,Daylight,TRAFFIC SIGNAL,NONE DETECTED,No,No Apparent Injury,N/A,NOT DISTRACTED,MD,PASSENGER CAR,STOPPED IN TRAFFIC LANE,35,No,2018,CHEV,WORK VAN,39.09547667,-77.11224167,2023,4,12
230019747,Property Damage Crash,04/25/2023 11:58:00 AM,CENTERWAY RD,NA,SAME DIR BOTH LEFT TURN,Clear,DRY,Daylight,TRAFFIC SIGNAL,NONE DETECTED,No,No Apparent Injury,N/A,NOT DISTRACTED,MD,PASSENGER CAR,MAKING LEFT TURN,35,No,2005,LEXUS,RX330,39.17250647,-77.20357081,2023,4,11
230019747,Property Damage Crash,04/25/2023 11:58:00 AM,CENTERWAY RD,NA,SAME DIR BOTH LEFT TURN,Clear,DRY,Daylight,TRAFFIC SIGNAL,NONE DETECTED,Yes,No Apparent Injury,N/A,UNKNOWN,MD,PASSENGER CAR,MAKING LEFT TURN,35,No,2009,NISSAN,ALTIMA,39.17250647,-77.20357081,2023,4,11
230019733,Injury Crash,04/25/2023 11:51:00 AM,WOOTTON PKWY,NA,SAME DIR REAR END,Clear,DRY,Daylight,TRAFFIC SIGNAL,NONE DETECTED,No,No Apparent Injury,N/A,NOT DISTRACTED,MD,PASSENGER CAR,STOPPED IN TRAFFIC LANE,40,No,2017,FORD,4S,39.06676332,-77.15412591,2023,4,11
230019733,Injury Crash,04/25/2023 11:51:00 AM,WOOTTON PKWY,NA,SAME DIR REAR END,Clear,DRY,Daylight,TRAFFIC SIGNAL,NONE DETECTED,Yes,Possible Minor Injury,N/A,UNKNOWN,MD,PASSENGER CAR,MOVING CONSTANT SPEED,40,No,2009,HOND,4S,39.06676332,-77.15412591,2023,4,11
230019732,Property Damage Crash,04/25/2023 11:50:00 AM,NA,NA,SAME DIRECTION RIGHT TURN,Clear,NA,Daylight,NO CONTROLS,NONE DETECTED,Yes,No Apparent Injury,"N/A, VISION OBSTRUCTION (INCL. BLINDED BY SUN)",NOT DISTRACTED,PA,FIRE VEHICLE/NON EMERGENCY,STARTING FROM PARKED,15,No,2019,PIRC,TK,39.12575332,-77.237315,2023,4,11
230019711,Property Damage Crash,04/25/2023 10:47:00 AM,FREDERICK RD,NA,OTHER,Clear,DRY,Daylight,TRAFFIC SIGNAL,NONE DETECTED,Yes,No Apparent Injury,N/A,LOOKED BUT DID NOT SEE,MD,"OTHER LIGHT TRUCKS (10,000LBS (4,536KG) OR LESS)",BACKING,40,No,2007,STER,DUMP TRUCK,39.12289,-77.17827,2023,4,10
230019711,Property Damage Crash,04/25/2023 10:47:00 AM,FREDERICK RD,NA,OTHER,Clear,DRY,Daylight,TRAFFIC SIGNAL,NONE DETECTED,No,No Apparent Injury,N/A,NOT DISTRACTED,MD,PASSENGER CAR,STOPPED IN TRAFFIC LANE,40,No,2014,TOYT,HB,39.12289,-77.17827,2023,4,10
230019709,Injury Crash,04/25/2023 10:47:00 AM,FREDERICK RD,NA,SAME DIRECTION SIDESWIPE,Clear,DRY,Daylight,TRAFFIC SIGNAL,NONE DETECTED,No,No Apparent Injury,N/A,NOT DISTRACTED,MD,(SPORT) UTILITY VEHICLE,STOPPED IN TRAFFIC LANE,40,No,2016,CHEV,UT,39.12273333,-77.17802,2023,4,10
230019701,Property Damage Crash,04/25/2023 10:12:00 AM,ROCKVILLE PIKE,NA,SAME DIR REAR END,Clear,DRY,Daylight,NO CONTROLS,NONE DETECTED,No,No Apparent Injury,N/A,NOT DISTRACTED,MD,PASSENGER CAR,SLOWING OR STOPPING,45,No,2023,KIA,UT,39.03476,-77.10709167,2023,4,10
230019701,Property Damage Crash,04/25/2023 10:12:00 AM,ROCKVILLE PIKE,NA,SAME DIR REAR END,Clear,DRY,Daylight,NO CONTROLS,NONE DETECTED,Yes,No Apparent Injury,N/A,LOOKED BUT DID NOT SEE,DC,PASSENGER CAR,MOVING CONSTANT SPEED,45,No,2011,CHEVY,SILVERADO,39.03476,-77.10709167,2023,4,10
230019704,Injury Crash,04/25/2023 10:00:00 AM,BRIGGS CHANEY RD,NA,HEAD ON LEFT TURN,Clear,N/A,Daylight,TRAFFIC SIGNAL,NONE DETECTED,Unknown,Possible Minor Injury,N/A,NOT DISTRACTED,MD,PASSENGER CAR,MOVING CONSTANT SPEED,40,No,2015,TOYTOA,COR,39.0838515,-76.95178217,2023,4,10
230019704,Injury Crash,04/25/2023 10:00:00 AM,BRIGGS CHANEY RD,NA,HEAD ON LEFT TURN,Clear,N/A,Daylight,TRAFFIC SIGNAL,NONE DETECTED,Unknown,No Apparent Injury,N/A,NOT DISTRACTED,MD,"CARGO VAN/LIGHT TRUCK 2 AXLES (OVER 10,000LBS (4,536 KG))",MAKING LEFT TURN,40,No,2018,FTL,BOX TRUCK,39.0838515,-76.95178217,2023,4,10
230019695,Property Damage Crash,04/25/2023 08:50:00 AM,CONNECTICUT AVE,NA,OTHER,Clear,DRY,Daylight,TRAFFIC SIGNAL,NONE DETECTED,Unknown,No Apparent Injury,N/A,UNKNOWN,DC,PASSENGER CAR,MOVING CONSTANT SPEED,15,No,2014,TOYOTA,TACOMA,38.99170767,-77.09800383,2023,4,8
230019695,Property Damage Crash,04/25/2023 08:50:00 AM,CONNECTICUT AVE,NA,OTHER,Clear,DRY,Daylight,TRAFFIC SIGNAL,NONE DETECTED,Yes,No Apparent Injury,N/A,UNKNOWN,NA,NA,MOVING CONSTANT SPEED,25,No,0,UNKNOWN,UNKNOWN,38.99170767,-77.09800383,2023,4,8
230019695,Property Damage Crash,04/25/2023 08:50:00 AM,CONNECTICUT AVE,NA,OTHER,Clear,DRY,Daylight,TRAFFIC SIGNAL,NONE DETECTED,Unknown,No Apparent Injury,N/A,UNKNOWN,MD,PASSENGER CAR,STOPPED IN TRAFFIC LANE,0,No,2018,BMW,X1,38.99170767,-77.09800383,2023,4,8
230019677,Property Damage Crash,04/25/2023 08:50:00 AM,RANDOLPH RD,NA,SAME DIR REAR END,Clear,DRY,Daylight,TRAFFIC SIGNAL,NONE DETECTED,Yes,No Apparent Injury,N/A,NOT DISTRACTED,MD,PASSENGER CAR,CHANGING LANES,35,No,2015,TOYT,SD,39.05346667,-77.088045,2023,4,8
230019677,Property Damage Crash,04/25/2023 08:50:00 AM,RANDOLPH RD,NA,SAME DIR REAR END,Clear,DRY,Daylight,TRAFFIC SIGNAL,NONE DETECTED,No,No Apparent Injury,N/A,NOT DISTRACTED,MD,PASSENGER CAR,STOPPED IN TRAFFIC LANE,35,No,2021,CHEV,SILVERADO,39.05346667,-77.088045,2023,4,8
230019677,Property Damage Crash,04/25/2023 08:50:00 AM,RANDOLPH RD,NA,SAME DIR REAR END,Clear,DRY,Daylight,TRAFFIC SIGNAL,NONE DETECTED,No,No Apparent Injury,N/A,NOT DISTRACTED,MD,PASSENGER CAR,SLOWING OR STOPPING,35,No,2012,MAZD,CX9,39.05346667,-77.088045,2023,4,8
230019685,Property Damage Crash,04/25/2023 08:36:00 AM,NA,NA,OTHER,Clear,NA,Daylight,NO CONTROLS,NONE DETECTED,Yes,No Apparent Injury,N/A,NOT DISTRACTED,MD,OTHER BUS,SLOWING OR STOPPING,10,No,2021,THMS,SB,39.09169333,-77.07942333,2023,4,8
230019676,Property Damage Crash,04/25/2023 08:09:00 AM,NA,NA,SINGLE VEHICLE,Clear,NA,Daylight,N/A,NONE DETECTED,Yes,No Apparent Injury,N/A,NOT DISTRACTED,MD,PASSENGER CAR,STARTING FROM PARKED,25,No,2019,CHEVROLET,CRUZE,39.17802183,-77.258931,2023,4,8
230019674,Injury Crash,04/25/2023 07:23:00 AM,VEIRS MILL RD,NA,SINGLE VEHICLE,Clear,DRY,Daylight,N/A,NONE DETECTED,Yes,Possible Minor Injury,N/A,NOT DISTRACTED,MD,PASSENGER CAR,MOVING CONSTANT SPEED,45,No,2014,HONDA,ACCORD,39.07273333,-77.11089833,2023,4,7
230019670,Property Damage Crash,04/25/2023 06:53:00 AM,NICHOLSON LA,NA,SAME DIRECTION LEFT TURN,Clear,DRY,Daylight,TRAFFIC SIGNAL,NONE DETECTED,No,No Apparent Injury,N/A,NOT DISTRACTED,VA,PASSENGER CAR,MOVING CONSTANT SPEED,30,No,2000,HONDA,CRV,39.04483,-77.11364667,2023,4,6
230019670,Property Damage Crash,04/25/2023 06:53:00 AM,NICHOLSON LA,NA,SAME DIRECTION LEFT TURN,Clear,DRY,Daylight,TRAFFIC SIGNAL,NONE DETECTED,Yes,No Apparent Injury,N/A,LOOKED BUT DID NOT SEE,MD,PASSENGER CAR,MAKING LEFT TURN,30,No,2000,HONDA,CIVIC,39.04483,-77.11364667,2023,4,6
230019632,Property Damage Crash,04/24/2023 08:22:00 PM,VEIRS MILL RD,NA,STRAIGHT MOVEMENT ANGLE,Clear,DRY,Medium,STOP SIGN,NONE DETECTED,No,No Apparent Injury,N/A,NOT DISTRACTED,MD,PASSENGER CAR,MOVING CONSTANT SPEED,25,No,2007,TOYT,PK,39.03944333,-77.05426167,2023,4,20
230019632,Property Damage Crash,04/24/2023 08:22:00 PM,VEIRS MILL RD,NA,STRAIGHT MOVEMENT ANGLE,Clear,DRY,Medium,STOP SIGN,NONE DETECTED,Yes,No Apparent Injury,N/A,LOOKED BUT DID NOT SEE,MD,PASSENGER CAR,ACCELERATING,25,No,2015,TOYOTA,RAV4,39.03944333,-77.05426167,2023,4,20
230019629,Property Damage Crash,04/24/2023 08:00:00 PM,NA,NA,STRAIGHT MOVEMENT ANGLE,Clear,NA,Medium,NO CONTROLS,NONE DETECTED,No,No Apparent Injury,N/A,NOT DISTRACTED,MD,(SPORT) UTILITY VEHICLE,MOVING CONSTANT SPEED,5,No,2020,ACURA,MDX,39.1240521,-77.23539893,2023,4,20
230019629,Property Damage Crash,04/24/2023 08:00:00 PM,NA,NA,STRAIGHT MOVEMENT ANGLE,Clear,NA,Medium,NO CONTROLS,NONE DETECTED,Yes,No Apparent Injury,N/A,LOOKED BUT DID NOT SEE,XX,PASSENGER CAR,BACKING,5,No,2010,HONDA,CIVIC,39.1240521,-77.23539893,2023,4,20
230019619,Property Damage Crash,04/24/2023 06:47:00 PM,WOODFIELD RD,NA,SAME DIR REAR END,Clear,DRY,Daylight,TRAFFIC SIGNAL,NONE DETECTED,No,No Apparent Injury,N/A,NOT DISTRACTED,MD,PASSENGER CAR,STOPPED IN TRAFFIC LANE,40,No,2020,KIA,OPTIMA,39.19527802,-77.15312848,2023,4,18
230019619,Property Damage Crash,04/24/2023 06:47:00 PM,WOODFIELD RD,NA,SAME DIR REAR END,Clear,DRY,Daylight,TRAFFIC SIGNAL,NONE DETECTED,Yes,No Apparent Injury,N/A,LOOKED BUT DID NOT SEE,MD,PASSENGER CAR,MOVING CONSTANT SPEED,40,No,2015,HONDA,CIVIL,39.19527802,-77.15312848,2023,4,18
230019623,Property Damage Crash,04/24/2023 06:05:00 PM,SUMMIT AVE,NA,SAME DIR REAR END,Clear,DRY,Daylight,TRAFFIC SIGNAL,NONE DETECTED,No,No Apparent Injury,N/A,NOT DISTRACTED,MD,PASSENGER CAR,STOPPED IN TRAFFIC LANE,25,No,2016,TOYOTA,4H,39.02787211,-77.07954296,2023,4,18
230019623,Property Damage Crash,04/24/2023 06:05:00 PM,SUMMIT AVE,NA,SAME DIR REAR END,Clear,DRY,Daylight,TRAFFIC SIGNAL,NONE DETECTED,Yes,No Apparent Injury,N/A,UNKNOWN,NA,PASSENGER CAR,BACKING,25,No,2020,MERCEDES BENZ,4S,39.02787211,-77.07954296,2023,4,18
230019438,Property Damage Crash,04/24/2023 06:00:00 PM,GEORGIA AVE,NA,SAME DIR REAR END,Clear,DRY,Daylight,OTHER,NONE DETECTED,No,No Apparent Injury,N/A,NOT DISTRACTED,MD,PASSENGER CAR,MOVING CONSTANT SPEED,30,No,2015,CHEVROLET,SUBURBAN,39.0131602,-77.04193435,2023,4,18
230019438,Property Damage Crash,04/24/2023 06:00:00 PM,GEORGIA AVE,NA,SAME DIR REAR END,Clear,DRY,Daylight,OTHER,NONE DETECTED,Yes,No Apparent Injury,N/A,UNKNOWN,NA,PASSENGER CAR,MOVING CONSTANT SPEED,30,No,2008,CHEVROLET,TRAILBLAZER,39.0131602,-77.04193435,2023,4,18
230019607,Injury Crash,04/24/2023 05:49:00 PM,EAST VILLAGE AVE,NA,SINGLE VEHICLE,Clear,DRY,Daylight,NO CONTROLS,NONE DETECTED,Yes,Possible Minor Injury,N/A,UNKNOWN,MD,PASSENGER CAR,MOVING CONSTANT SPEED,30,No,2011,TOYOTA,COROLLA,39.18796867,-77.16809067,2023,4,17
230019603,Property Damage Crash,04/24/2023 05:39:00 PM,MONTGOMERY LA,NA,SAME DIRECTION SIDESWIPE,Clear,DRY,Daylight,TRAFFIC SIGNAL,NONE DETECTED,Yes,No Apparent Injury,N/A,LOOKED BUT DID NOT SEE,MD,PASSENGER CAR,MAKING LEFT TURN,35,No,2019,HONDA,CIVIC,38.9833645,-77.09603633,2023,4,17
230019603,Property Damage Crash,04/24/2023 05:39:00 PM,MONTGOMERY LA,NA,SAME DIRECTION SIDESWIPE,Clear,DRY,Daylight,TRAFFIC SIGNAL,NONE DETECTED,No,No Apparent Injury,N/A,NOT DISTRACTED,MD,TRANSIT BUS,MAKING LEFT TURN,35,No,2010,NEW FLYER,BUS,38.9833645,-77.09603633,2023,4,17
230019601,Property Damage Crash,04/24/2023 05:11:00 PM,MONTGOMERY VILLAGE AVE,NA,SAME DIR REAR END,Clear,DRY,Daylight,NO CONTROLS,NONE DETECTED,No,No Apparent Injury,"BACKUP DUE TO REGULAR CONGESTION, N/A",NOT DISTRACTED,MD,PASSENGER CAR,STOPPED IN TRAFFIC LANE,35,No,2015,HOND,SU,39.15944067,-77.20242333,2023,4,17
230019601,Property Damage Crash,04/24/2023 05:11:00 PM,MONTGOMERY VILLAGE AVE,NA,SAME DIR REAR END,Clear,DRY,Daylight,NO CONTROLS,NONE DETECTED,No,No Apparent Injury,"BACKUP DUE TO REGULAR CONGESTION, N/A",NOT DISTRACTED,MD,PASSENGER CAR,STOPPED IN TRAFFIC LANE,35,No,2009,TOYT,TK,39.15944067,-77.20242333,2023,4,17