Local Case Number,ACRS Report Type,Crash Date/Time,Road Name,Related Non-Motorist,Collision Type,Weather,Surface Condition,Light,Traffic Control,Driver Substance Abuse,Driver At Fault,Injury Severity,Circumstance,Driver Distracted By,Drivers License State,Vehicle Body Type,Vehicle Movement,Speed Limit,Driverless Vehicle,Vehicle Year,Vehicle Make,Vehicle Model,Latitude,Longitude,Year,Month,Hour
230019304,Property Damage Crash,04/22/2023 08:01:00 PM,STEWART LA,NA,SAME DIRECTION SIDESWIPE,Rain,WET,Dark,NO CONTROLS,NONE DETECTED,Unknown,No Apparent Injury,"N/A, WET",UNKNOWN,NC,PASSENGER CAR,MOVING CONSTANT SPEED,50,No,2020,NISSAN,ALTIMA,39.04837333,-76.9841915,2023,4,20
230019299,Property Damage Crash,04/22/2023 07:25:00 PM,HUNGERFORD DR,NA,HEAD ON LEFT TURN,Rain,WET,Medium,TRAFFIC SIGNAL,NONE DETECTED,No,No Apparent Injury,N/A,NOT DISTRACTED,MD,PASSENGER CAR,MOVING CONSTANT SPEED,35,No,2017,HOND,SD,39.08735303,-77.1500002,2023,4,19
230019299,Property Damage Crash,04/22/2023 07:25:00 PM,HUNGERFORD DR,NA,HEAD ON LEFT TURN,Rain,WET,Medium,TRAFFIC SIGNAL,NONE DETECTED,Yes,No Apparent Injury,N/A,LOOKED BUT DID NOT SEE,MD,PASSENGER CAR,MAKING LEFT TURN,35,No,2018,FORD,TK,39.08735303,-77.1500002,2023,4,19
230019296,Property Damage Crash,04/22/2023 07:17:00 PM,BARRON ST,NA,SAME DIRECTION LEFT TURN,Clear,WET,Daylight,TRAFFIC SIGNAL,NONE DETECTED,No,No Apparent Injury,N/A,NOT DISTRACTED,XX,PASSENGER CAR,MOVING CONSTANT SPEED,35,No,2012,HYUNDAI,SD,39.03253267,-77.00503433,2023,4,19
230019296,Property Damage Crash,04/22/2023 07:17:00 PM,BARRON ST,NA,SAME DIRECTION LEFT TURN,Clear,WET,Daylight,TRAFFIC SIGNAL,NONE DETECTED,Yes,No Apparent Injury,N/A,NOT DISTRACTED,MD,PASSENGER CAR,MOVING CONSTANT SPEED,35,No,2020,HONDA,CIVIC,39.03253267,-77.00503433,2023,4,19
230019290,Property Damage Crash,04/22/2023 06:23:00 PM,NEEDWOOD RD,NA,SINGLE VEHICLE,Clear,WET,Daylight,NO CONTROLS,NONE DETECTED,Yes,No Apparent Injury,"N/A, WET",NOT DISTRACTED,MD,PASSENGER CAR,NEGOTIATING A CURVE,30,No,2014,TOYOTA,RAV 4,39.1239465,-77.13471,2023,4,18
230019285,Injury Crash,04/22/2023 06:14:00 PM,DR BIRD RD,NA,SINGLE VEHICLE,Rain,WET,Daylight,NO CONTROLS,NONE DETECTED,Yes,Possible Minor Injury,"N/A, WET",UNKNOWN,MD,PICKUP TRUCK,MOVING CONSTANT SPEED,30,No,2013,FORD,F150,39.14200817,-77.03858217,2023,4,18
230019277,Injury Crash,04/22/2023 05:15:00 PM,DARNESTOWN RD,NA,SAME DIR REAR END,Rain,WET,Daylight,TRAFFIC SIGNAL,NONE DETECTED,Yes,No Apparent Injury,"RAIN, SNOW, WET",UNKNOWN,MD,PASSENGER CAR,SLOWING OR STOPPING,30,No,2009,CADILLAC,ESCALADE,39.11796122,-77.25344957,2023,4,17
230019277,Injury Crash,04/22/2023 05:15:00 PM,DARNESTOWN RD,NA,SAME DIR REAR END,Rain,WET,Daylight,TRAFFIC SIGNAL,NONE DETECTED,No,No Apparent Injury,"RAIN, SNOW, WET",NOT DISTRACTED,MD,PASSENGER CAR,STOPPED IN TRAFFIC LANE,30,No,2023,VOLKSWAGEN,ATLAS,39.11796122,-77.25344957,2023,4,17
230019277,Injury Crash,04/22/2023 05:15:00 PM,DARNESTOWN RD,NA,SAME DIR REAR END,Rain,WET,Daylight,TRAFFIC SIGNAL,NONE DETECTED,No,Possible Minor Injury,"RAIN, SNOW, WET",NOT DISTRACTED,MD,PASSENGER CAR,STOPPED IN TRAFFIC LANE,30,No,2016,HONDA,CRV,39.11796122,-77.25344957,2023,4,17
230019276,Injury Crash,04/22/2023 05:00:00 PM,BLUNT RD,NA,HEAD ON,Rain,WET,Daylight,N/A,NONE DETECTED,Yes,Possible Minor Injury,"N/A, WET",NOT DISTRACTED,MD,PASSENGER CAR,MOVING CONSTANT SPEED,30,No,2009,CHEVROLET,AVEO,39.18687059,-77.23061738,2023,4,17
230019276,Injury Crash,04/22/2023 05:00:00 PM,BLUNT RD,NA,HEAD ON,Rain,WET,Daylight,N/A,NONE DETECTED,No,Possible Minor Injury,"N/A, WET",NOT DISTRACTED,MD,(SPORT) UTILITY VEHICLE,MOVING CONSTANT SPEED,30,No,2008,INFINITY,FX35,39.18687059,-77.23061738,2023,4,17
230019282,Injury Crash,04/22/2023 04:45:00 PM,GEORGIA AVE,NA,STRAIGHT MOVEMENT ANGLE,Cloudy,DRY,Daylight,TRAFFIC SIGNAL,NONE DETECTED,No,Suspected Serious Injury,N/A,NOT DISTRACTED,MD,PASSENGER CAR,MOVING CONSTANT SPEED,15,No,2010,TOYOTA,COROLLA,39.04308139,-77.05206949,2023,4,16
230019282,Injury Crash,04/22/2023 04:45:00 PM,GEORGIA AVE,NA,STRAIGHT MOVEMENT ANGLE,Cloudy,DRY,Daylight,TRAFFIC SIGNAL,NONE DETECTED,Yes,No Apparent Injury,N/A,UNKNOWN,MD,PASSENGER CAR,MOVING CONSTANT SPEED,30,No,2006,DODGE,GRAND CARAVAN,39.04308139,-77.05206949,2023,4,16
230019269,Property Damage Crash,04/22/2023 04:15:00 PM,BRIGGS CHANEY RD,NA,SAME DIR REAR END,Rain,WET,Daylight,NO CONTROLS,NONE DETECTED,Yes,No Apparent Injury,"RAIN, SNOW, WET",UNKNOWN,MD,(SPORT) UTILITY VEHICLE,MOVING CONSTANT SPEED,35,No,2002,MITSUBISHI,MONTERO,39.07958008,-76.94537096,2023,4,16
230019269,Property Damage Crash,04/22/2023 04:15:00 PM,BRIGGS CHANEY RD,NA,SAME DIR REAR END,Rain,WET,Daylight,NO CONTROLS,NONE DETECTED,No,No Apparent Injury,"RAIN, SNOW, WET",NOT DISTRACTED,MD,PASSENGER CAR,SLOWING OR STOPPING,35,No,2015,TOYT,TK,39.07958008,-76.94537096,2023,4,16
230019270,Property Damage Crash,04/22/2023 04:10:00 PM,FREDERICK RD,NA,SINGLE VEHICLE,Rain,WET,Daylight,TRAFFIC SIGNAL,NONE DETECTED,Yes,No Apparent Injury,"RAIN, SNOW, WET",NOT DISTRACTED,MD,PASSENGER CAR,MAKING LEFT TURN,40,No,2016,KIA,SORENTO,39.20441367,-77.24621767,2023,4,16
230019274,Property Damage Crash,04/22/2023 02:29:00 PM,WISTERIA DR,NA,STRAIGHT MOVEMENT ANGLE,Rain,WET,Medium,NO CONTROLS,NONE DETECTED,Yes,No Apparent Injury,N/A,UNKNOWN,NA,PASSENGER CAR,MAKING LEFT TURN,30,No,2012,NISSAN,QUEST,39.17026646,-77.26193818,2023,4,14
230019274,Property Damage Crash,04/22/2023 02:29:00 PM,WISTERIA DR,NA,STRAIGHT MOVEMENT ANGLE,Rain,WET,Medium,NO CONTROLS,NONE DETECTED,No,No Apparent Injury,N/A,NOT DISTRACTED,MD,PASSENGER CAR,MAKING LEFT TURN,30,No,2020,TOYOTA,COROLLA,39.17026646,-77.26193818,2023,4,14
230019251,Property Damage Crash,04/22/2023 02:04:00 PM,NA,NA,OTHER,Rain,NA,Daylight,NO CONTROLS,NONE DETECTED,No,No Apparent Injury,"RAIN, SNOW, WET",NOT DISTRACTED,MD,PASSENGER CAR,SLOWING OR STOPPING,10,No,2020,NISSAN,KICKS,39.15463602,-77.198662529999993,2023,4,14
230019251,Property Damage Crash,04/22/2023 02:04:00 PM,NA,NA,OTHER,Rain,NA,Daylight,NO CONTROLS,NONE DETECTED,Yes,No Apparent Injury,"RAIN, SNOW, WET",LOOKED BUT DID NOT SEE,XX,PASSENGER CAR,BACKING,10,No,2012,HONDA,PILOT,39.15463602,-77.198662529999993,2023,4,14
230019252,Injury Crash,04/22/2023 01:54:00 PM,CLOPPER RD,NA,STRAIGHT MOVEMENT ANGLE,Rain,WET,Daylight,STOP SIGN,NONE DETECTED,Yes,Possible Minor Injury,N/A,UNKNOWN,MD,PASSENGER CAR,ACCELERATING,45,No,2004,ACURA,TL,39.16976,-77.29638333,2023,4,13
230019252,Injury Crash,04/22/2023 01:54:00 PM,CLOPPER RD,NA,STRAIGHT MOVEMENT ANGLE,Rain,WET,Daylight,STOP SIGN,NONE DETECTED,No,No Apparent Injury,N/A,NOT DISTRACTED,MD,(SPORT) UTILITY VEHICLE,MOVING CONSTANT SPEED,45,No,2016,TOYT,SW,39.16976,-77.29638333,2023,4,13
230019236,Injury Crash,04/22/2023 01:00:00 PM,MUNCASTER MILL RD,NA,SAME DIR REAR END,Rain,WET,Daylight,NO CONTROLS,NONE DETECTED,No,Possible Minor Injury,"RAIN, SNOW, WET",NOT DISTRACTED,MD,PASSENGER CAR,STOPPED IN TRAFFIC LANE,40,No,2013,TOYOTA,CAMRY,39.1432333,-77.14048047,2023,4,13
230019244,Property Damage Crash,04/22/2023 01:00:00 PM,NEW HAMPSHIRE AVE,NA,SAME DIRECTION SIDESWIPE,Rain,N/A,Daylight,N/A,NONE DETECTED,No,No Apparent Injury,"N/A, RAIN, SNOW",NOT DISTRACTED,MD,(SPORT) UTILITY VEHICLE,MOVING CONSTANT SPEED,45,No,2011,NISS,TK,39.08812752,-76.99948801,2023,4,13
230019244,Property Damage Crash,04/22/2023 01:00:00 PM,NEW HAMPSHIRE AVE,NA,SAME DIRECTION SIDESWIPE,Rain,N/A,Daylight,N/A,NONE DETECTED,No,No Apparent Injury,"N/A, RAIN, SNOW",NOT DISTRACTED,MD,(SPORT) UTILITY VEHICLE,MOVING CONSTANT SPEED,45,No,2018,JEEP,UT,39.08812752,-76.99948801,2023,4,13
230019244,Property Damage Crash,04/22/2023 01:00:00 PM,NEW HAMPSHIRE AVE,NA,SAME DIRECTION SIDESWIPE,Rain,N/A,Daylight,N/A,NONE DETECTED,Yes,No Apparent Injury,"N/A, RAIN, SNOW",UNKNOWN,MD,PASSENGER CAR,MOVING CONSTANT SPEED,45,No,2007,KIA,RIO,39.08812752,-76.99948801,2023,4,13
230019236,Injury Crash,04/22/2023 01:00:00 PM,MUNCASTER MILL RD,NA,SAME DIR REAR END,Rain,WET,Daylight,NO CONTROLS,NONE DETECTED,Yes,No Apparent Injury,"RAIN, SNOW, WET",NOT DISTRACTED,MD,(SPORT) UTILITY VEHICLE,SLOWING OR STOPPING,40,No,2012,HONDA,CRV,39.1432333,-77.14048047,2023,4,13
230019228,Injury Crash,04/22/2023 12:29:00 PM,NA,NA,SAME DIR REAR END,Cloudy,NA,Daylight,N/A,NONE DETECTED,Yes,Possible Minor Injury,N/A,UNKNOWN,MD,PASSENGER CAR,ACCELERATING,0,No,2019,INFI,4D,39.14726105,-77.20579772,2023,4,12
230019230,Property Damage Crash,04/22/2023 12:24:00 PM,DEMOCRACY BLVD,NA,OTHER,Rain,WET,Daylight,NO CONTROLS,NONE DETECTED,No,No Apparent Injury,"N/A, WET",NOT DISTRACTED,MD,PASSENGER CAR,MOVING CONSTANT SPEED,35,No,2011,KIA,UT,39.02307333,-77.15322333,2023,4,12
230019230,Property Damage Crash,04/22/2023 12:24:00 PM,DEMOCRACY BLVD,NA,OTHER,Rain,WET,Daylight,NO CONTROLS,NONE DETECTED,Yes,No Apparent Injury,"N/A, WET",LOOKED BUT DID NOT SEE,DC,PASSENGER CAR,MAKING U TURN,35,No,2017,BMW,CV,39.02307333,-77.15322333,2023,4,12
230019221,Property Damage Crash,04/22/2023 11:48:00 AM,BEL PRE RD,NA,STRAIGHT MOVEMENT ANGLE,Cloudy,DRY,Daylight,N/A,NONE DETECTED,No,No Apparent Injury,N/A,NOT DISTRACTED,MD,PASSENGER CAR,MOVING CONSTANT SPEED,25,No,2016,SUBARU,CROSSTREX,39.09639167,-77.09532333,2023,4,11
230019221,Property Damage Crash,04/22/2023 11:48:00 AM,BEL PRE RD,NA,STRAIGHT MOVEMENT ANGLE,Cloudy,DRY,Daylight,N/A,NONE DETECTED,Yes,No Apparent Injury,N/A,LOOKED BUT DID NOT SEE,MD,PASSENGER CAR,BACKING,25,No,2013,CHEVROLET,SILVERADO,39.09639167,-77.09532333,2023,4,11
230019217,Property Damage Crash,04/22/2023 11:05:00 AM,OLD COLUMBIA PIKE,NA,STRAIGHT MOVEMENT ANGLE,Cloudy,DRY,Daylight,NO CONTROLS,NONE DETECTED,No,No Apparent Injury,N/A,NOT DISTRACTED,MD,MOTORCYCLE,MOVING CONSTANT SPEED,35,No,1999,DUCATI,ST4,39.1087056,-76.9360103,2023,4,11
230019217,Property Damage Crash,04/22/2023 11:05:00 AM,OLD COLUMBIA PIKE,NA,STRAIGHT MOVEMENT ANGLE,Cloudy,DRY,Daylight,NO CONTROLS,NONE DETECTED,Yes,No Apparent Injury,N/A,LOOKED BUT DID NOT SEE,MD,PASSENGER CAR,MAKING LEFT TURN,35,No,2004,BMW,330CI,39.1087056,-76.9360103,2023,4,11
230019215,Property Damage Crash,04/22/2023 10:50:00 AM,SPENCERVILLE RD,NA,SAME DIRECTION SIDESWIPE,Cloudy,DRY,Daylight,PERSON,NONE DETECTED,No,No Apparent Injury,N/A,NOT DISTRACTED,MD,POLICE VEHICLE/NON EMERGENCY,PARKED,35,No,2014,DODG,4S,39.10820333,-76.94516667,2023,4,10
230019215,Property Damage Crash,04/22/2023 10:50:00 AM,SPENCERVILLE RD,NA,SAME DIRECTION SIDESWIPE,Cloudy,DRY,Daylight,PERSON,NONE DETECTED,Yes,No Apparent Injury,N/A,NOT DISTRACTED,MD,PASSENGER CAR,SLOWING OR STOPPING,35,No,2021,HOND,UT,39.10820333,-76.94516667,2023,4,10
230019213,Injury Crash,04/22/2023 10:21:00 AM,GEORGIA AVE,NA,SAME DIR REAR END,Clear,DRY,Daylight,TRAFFIC SIGNAL,NONE DETECTED,Yes,No Apparent Injury,N/A,NOT DISTRACTED,MD,PASSENGER CAR,STARTING FROM LANE,30,No,2014,HONDA,CIVIC,39.011474,-77.04184683,2023,4,10
230019213,Injury Crash,04/22/2023 10:21:00 AM,GEORGIA AVE,NA,SAME DIR REAR END,Clear,DRY,Daylight,TRAFFIC SIGNAL,NONE DETECTED,No,Possible Minor Injury,N/A,NOT DISTRACTED,MD,PASSENGER CAR,STARTING FROM LANE,30,No,2022,MERZ,SD,39.011474,-77.04184683,2023,4,10
230019203,Injury Crash,04/22/2023 10:10:00 AM,LELAND ST,BICYCLIST,STRAIGHT MOVEMENT ANGLE,Clear,DRY,Daylight,STOP SIGN,NONE DETECTED,No,No Apparent Injury,N/A,NOT DISTRACTED,MD,PASSENGER CAR,MOVING CONSTANT SPEED,25,No,2010,LEXIS,RX 450H,38.9851545,-77.08398083,2023,4,10
230019200,Property Damage Crash,04/22/2023 09:55:00 AM,RIDGE RD,NA,SAME DIRECTION SIDESWIPE,Cloudy,DRY,Daylight,NO CONTROLS,NONE DETECTED,Yes,No Apparent Injury,N/A,NOT DISTRACTED,MD,(SPORT) UTILITY VEHICLE,CHANGING LANES,30,No,2019,TOYOTA,HIGHLANDER TK,39.28990167,-77.204845,2023,4,9
230019200,Property Damage Crash,04/22/2023 09:55:00 AM,RIDGE RD,NA,SAME DIRECTION SIDESWIPE,Cloudy,DRY,Daylight,NO CONTROLS,NONE DETECTED,No,No Apparent Injury,N/A,NOT DISTRACTED,MD,POLICE VEHICLE/NON EMERGENCY,SLOWING OR STOPPING,30,No,2018,DODG,CHARGER 4S,39.28990167,-77.204845,2023,4,9
230019178,Property Damage Crash,04/22/2023 07:15:00 AM,BANNOCKBURN DR,NA,OTHER,Clear,DRY,Daylight,NO CONTROLS,NONE DETECTED,Yes,No Apparent Injury,N/A,EATING OR DRINKING,MD,PASSENGER CAR,MOVING CONSTANT SPEED,25,No,2021,ACURA,4S,39.04851333,-77.096635,2023,4,7
230019179,Injury Crash,04/22/2023 07:11:00 AM,VEIRS MILL RD,NA,STRAIGHT MOVEMENT ANGLE,Clear,DRY,Daylight,TRAFFIC SIGNAL,NONE DETECTED,No,No Apparent Injury,N/A,NOT DISTRACTED,MD,PASSENGER CAR,STARTING FROM LANE,25,No,2015,LEXIS,4S,39.07351295,-77.11193583,2023,4,7
230019179,Injury Crash,04/22/2023 07:11:00 AM,VEIRS MILL RD,NA,STRAIGHT MOVEMENT ANGLE,Clear,DRY,Daylight,TRAFFIC SIGNAL,NONE DETECTED,Yes,Possible Minor Injury,N/A,UNKNOWN,MD,PASSENGER CAR,MOVING CONSTANT SPEED,35,No,2010,HONDA,CIVIC,39.07351295,-77.11193583,2023,4,7
230019175,Property Damage Crash,04/22/2023 06:12:00 AM,RITCHIE AVE,NA,SAME DIR REAR END,Clear,DRY,Medium,NO CONTROLS,NONE DETECTED,Yes,No Apparent Injury,N/A,NOT DISTRACTED,MD,PASSENGER CAR,MOVING CONSTANT SPEED,15,No,2014,TOYT,4S,38.985439,-77.00761433,2023,4,6
230019170,Injury Crash,04/22/2023 04:33:00 AM,BRINK RD,NA,SINGLE VEHICLE,Clear,DRY,Medium,NO CONTROLS,ALCOHOL PRESENT,Yes,Possible Minor Injury,N/A,UNKNOWN,VA,PASSENGER CAR,MOVING CONSTANT SPEED,35,No,2004,CHEVY,TAHOE,39.20792867,-77.17318183,2023,4,4
230019156,Property Damage Crash,04/21/2023 10:15:00 PM,UNIVERSITY BLVD E,NA,SAME DIRECTION SIDESWIPE,Clear,DRY,Medium,NO CONTROLS,NONE DETECTED,No,No Apparent Injury,N/A,NOT DISTRACTED,MD,(SPORT) UTILITY VEHICLE,MOVING CONSTANT SPEED,35,No,2016,TOYOTA,RAV4,38.99294422,-76.99187373,2023,4,22
230019156,Property Damage Crash,04/21/2023 10:15:00 PM,UNIVERSITY BLVD E,NA,SAME DIRECTION SIDESWIPE,Clear,DRY,Medium,NO CONTROLS,NONE DETECTED,Yes,No Apparent Injury,N/A,UNKNOWN,NA,(SPORT) UTILITY VEHICLE,MOVING CONSTANT SPEED,35,No,2018,ACURA,RDX,38.99294422,-76.99187373,2023,4,22
230019160,Property Damage Crash,04/21/2023 09:55:00 PM,RANDOLPH RD,NA,SAME DIRECTION SIDESWIPE,Clear,DRY,Medium,NO CONTROLS,NONE DETECTED,No,No Apparent Injury,N/A,LOOKED BUT DID NOT SEE,VA,TRANSIT BUS,LEAVING TRAFFIC LANE,30,No,2019,NFLY,548,39.05405315,-77.09491601,2023,4,21
230019160,Property Damage Crash,04/21/2023 09:55:00 PM,RANDOLPH RD,NA,SAME DIRECTION SIDESWIPE,Clear,DRY,Medium,NO CONTROLS,NONE DETECTED,No,No Apparent Injury,N/A,NOT DISTRACTED,MD,PASSENGER CAR,MOVING CONSTANT SPEED,30,No,2019,TOYOTA,CAMRY,39.05405315,-77.09491601,2023,4,21
230019143,Injury Crash,04/21/2023 09:46:00 PM,VEIRS MILL RD,NA,SAME DIR REAR END,Clear,DRY,Medium,TRAFFIC SIGNAL,NONE DETECTED,No,No Apparent Injury,N/A,NOT DISTRACTED,MD,PASSENGER CAR,STOPPED IN TRAFFIC LANE,40,No,2019,TOYT,SD,39.07504945,-77.11564927,2023,4,21
230019143,Injury Crash,04/21/2023 09:46:00 PM,VEIRS MILL RD,NA,SAME DIR REAR END,Clear,DRY,Medium,TRAFFIC SIGNAL,NONE DETECTED,Yes,No Apparent Injury,N/A,UNKNOWN,MD,PASSENGER CAR,MOVING CONSTANT SPEED,40,No,2013,MAZD,HB,39.07504945,-77.11564927,2023,4,21
230019140,Property Damage Crash,04/21/2023 09:19:00 PM,HOWELL RD,NA,N/A,Clear,DRY,Medium,NO CONTROLS,NONE DETECTED,Yes,No Apparent Injury,N/A,LOOKED BUT DID NOT SEE,MD,PASSENGER CAR,MOVING CONSTANT SPEED,15,No,2015,LAND ROVER,HSE,38.99785258,-77.13126737,2023,4,21
230019140,Property Damage Crash,04/21/2023 09:19:00 PM,HOWELL RD,NA,N/A,Clear,DRY,Medium,NO CONTROLS,NONE DETECTED,No,No Apparent Injury,N/A,NOT DISTRACTED,MD,MOTORCYCLE,PARKED,15,No,2014,HONDA,CB500X,38.99785258,-77.13126737,2023,4,21
230019140,Property Damage Crash,04/21/2023 09:19:00 PM,HOWELL RD,NA,N/A,Clear,DRY,Medium,NO CONTROLS,NONE DETECTED,No,No Apparent Injury,N/A,NOT DISTRACTED,MD,PASSENGER CAR,PARKED,15,No,2021,MAZDA,3,38.99785258,-77.13126737,2023,4,21
230019129,Property Damage Crash,04/21/2023 08:15:00 PM,GEORGIA AVE,NA,OTHER,Clear,DRY,Medium,N/A,NONE DETECTED,Yes,No Apparent Injury,N/A,LOOKED BUT DID NOT SEE,XX,FIRE VEHICLE/EMERGENCY,MOVING CONSTANT SPEED,20,No,2008,SPAR,TK,38.99858167,-77.00260333,2023,4,20
230019129,Property Damage Crash,04/21/2023 08:15:00 PM,GEORGIA AVE,NA,OTHER,Clear,DRY,Medium,N/A,NONE DETECTED,Yes,No Apparent Injury,N/A,LOOKED BUT DID NOT SEE,MD,"CARGO VAN/LIGHT TRUCK 2 AXLES (OVER 10,000LBS (4,536 KG))",MOVING CONSTANT SPEED,15,No,2018,FRHT,ST,38.99858167,-77.00260333,2023,4,20
230019141,Property Damage Crash,04/21/2023 08:02:00 PM,NA,NA,OPPOSITE DIRECTION SIDESWIPE,Clear,NA,Dark,NO CONTROLS,NONE DETECTED,Yes,No Apparent Injury,N/A,UNKNOWN,NJ,PASSENGER CAR,MOVING CONSTANT SPEED,10,No,2016,TOYOTA,COROLLA,39.05671767,-77.084677,2023,4,20
230019141,Property Damage Crash,04/21/2023 08:02:00 PM,NA,NA,OPPOSITE DIRECTION SIDESWIPE,Clear,NA,Dark,NO CONTROLS,NONE DETECTED,No,No Apparent Injury,N/A,UNKNOWN,MD,PASSENGER CAR,BACKING,10,No,2011,HONDA,CIVIC,39.05671767,-77.084677,2023,4,20
230019122,Property Damage Crash,04/21/2023 07:42:00 PM,MUDDY BRANCH RD,NA,HEAD ON LEFT TURN,Clear,DRY,Daylight,TRAFFIC SIGNAL,NONE DETECTED,Yes,No Apparent Injury,N/A,UNKNOWN,MD,PASSENGER CAR,MAKING LEFT TURN,40,No,2014,CHRY,TOWN & COUNTRY,39.14016495,-77.20529055,2023,4,19
230019122,Property Damage Crash,04/21/2023 07:42:00 PM,MUDDY BRANCH RD,NA,HEAD ON LEFT TURN,Clear,DRY,Daylight,TRAFFIC SIGNAL,NONE DETECTED,No,No Apparent Injury,N/A,NOT DISTRACTED,MD,PASSENGER CAR,MOVING CONSTANT SPEED,25,No,2016,JEEP,COMPASS,39.14016495,-77.20529055,2023,4,19
230019133,Injury Crash,04/21/2023 07:23:00 PM,FREDERICK RD,NA,SINGLE VEHICLE,Clear,DRY,Medium,N/A,NONE DETECTED,Yes,Suspected Serious Injury,N/A,UNKNOWN,MD,MOTORCYCLE,OTHER,40,No,2005,SUZUKI,DR-Z400,39.17658,-77.23843,2023,4,19
23000741,Property Damage Crash,04/21/2023 06:56:00 PM,SLIGO CREEK PKWY,NA,SINGLE VEHICLE,Clear,DRY,Daylight,NO CONTROLS,NONE DETECTED,Yes,No Apparent Injury,N/A,NOT DISTRACTED,MD,PASSENGER CAR,MOVING CONSTANT SPEED,25,No,2006,KIA,LX SUV,38.980549,-76.99669847,2023,4,18
230019116,Injury Crash,04/21/2023 06:54:00 PM,RIDGE RD,NA,SAME DIR REAR END,Clear,DRY,Daylight,NO CONTROLS,NONE DETECTED,Yes,Possible Minor Injury,N/A,INATTENTIVE OR LOST IN THOUGHT,MD,(SPORT) UTILITY VEHICLE,MOVING CONSTANT SPEED,40,No,2014,TOYOTA,RAV4,39.26018037,-77.22325378,2023,4,18
230019116,Injury Crash,04/21/2023 06:54:00 PM,RIDGE RD,NA,SAME DIR REAR END,Clear,DRY,Daylight,NO CONTROLS,NONE DETECTED,No,Possible Minor Injury,N/A,NOT DISTRACTED,MD,PASSENGER CAR,STOPPED IN TRAFFIC LANE,40,No,2010,MAZDA,3,39.26018037,-77.22325378,2023,4,18
230019114,Property Damage Crash,04/21/2023 06:39:00 PM,GATESHEAD MANOR WAY,NA,SAME DIR REAR END,Clear,DRY,Daylight,NO CONTROLS,NONE DETECTED,Yes,No Apparent Injury,N/A,LOOKED BUT DID NOT SEE,MD,PASSENGER CAR,MOVING CONSTANT SPEED,15,No,2015,HYUN,SONATA,39.07900479,-76.93949059,2023,4,18
230019100,Injury Crash,04/21/2023 05:37:00 PM,ROCKVILLE PIKE,NA,STRAIGHT MOVEMENT ANGLE,Clear,DRY,Daylight,TRAFFIC SIGNAL,NONE DETECTED,No,Possible Minor Injury,N/A,NOT DISTRACTED,MD,PASSENGER CAR,MOVING CONSTANT SPEED,35,No,2015,FORD,FUSION,39.03476,-77.10681,2023,4,17
230019100,Injury Crash,04/21/2023 05:37:00 PM,ROCKVILLE PIKE,NA,STRAIGHT MOVEMENT ANGLE,Clear,DRY,Daylight,TRAFFIC SIGNAL,NONE DETECTED,Yes,No Apparent Injury,N/A,UNKNOWN,MD,(SPORT) UTILITY VEHICLE,MAKING LEFT TURN,35,No,2019,HONDA,PILOT,39.03476,-77.10681,2023,4,17
230019099,Injury Crash,04/21/2023 05:26:00 PM,CARROLL AVE,NA,STRAIGHT MOVEMENT ANGLE,Clear,DRY,Daylight,STOP SIGN,NONE DETECTED,No,No Apparent Injury,N/A,NOT DISTRACTED,MD,PASSENGER CAR,MOVING CONSTANT SPEED,25,No,2008,TOYT,HB,38.98625,-76.99633167,2023,4,17
230019099,Injury Crash,04/21/2023 05:26:00 PM,CARROLL AVE,NA,STRAIGHT MOVEMENT ANGLE,Clear,DRY,Daylight,STOP SIGN,NONE DETECTED,Yes,No Apparent Injury,N/A,NOT DISTRACTED,MD,PASSENGER CAR,STARTING FROM LANE,25,No,2022,TOYT,UT,38.98625,-76.99633167,2023,4,17
230019088,Injury Crash,04/21/2023 04:55:00 PM,FREDERICK RD,NA,SAME DIR REAR END,Clear,DRY,Daylight,NO CONTROLS,NONE DETECTED,No,Possible Minor Injury,"BACKUP DUE TO REGULAR CONGESTION, N/A",NOT DISTRACTED,MD,PASSENGER CAR,SLOWING OR STOPPING,30,No,2019,FORD,F150,39.1463718,-77.20444812,2023,4,16
230019088,Injury Crash,04/21/2023 04:55:00 PM,FREDERICK RD,NA,SAME DIR REAR END,Clear,DRY,Daylight,NO CONTROLS,NONE DETECTED,Yes,No Apparent Injury,"BACKUP DUE TO REGULAR CONGESTION, N/A",LOOKED BUT DID NOT SEE,MD,PASSENGER CAR,MOVING CONSTANT SPEED,30,No,2021,DODGE,PROMASTER 1500,39.1463718,-77.20444812,2023,4,16
230019097,Property Damage Crash,04/21/2023 04:41:00 PM,DONEGAL CT,NA,SAME DIRECTION RIGHT TURN,Clear,DRY,Daylight,N/A,NONE DETECTED,Yes,No Apparent Injury,N/A,LOOKED BUT DID NOT SEE,MD,OTHER,STARTING FROM LANE,25,No,1989,GM,GRUMMAN ALLIED TK,39.01221667,-77.20877167,2023,4,16
230019097,Property Damage Crash,04/21/2023 04:41:00 PM,DONEGAL CT,NA,SAME DIRECTION RIGHT TURN,Clear,DRY,Daylight,N/A,NONE DETECTED,No,No Apparent Injury,N/A,NOT DISTRACTED,MD,(SPORT) UTILITY VEHICLE,MOVING CONSTANT SPEED,25,No,2018,LAND ROVER,RANGE ROVER,39.01221667,-77.20877167,2023,4,16
230019189,Property Damage Crash,04/21/2023 04:00:00 PM,GEORGIA AVE,NA,SAME DIR REAR END,Clear,DRY,Daylight,TRAFFIC SIGNAL,NONE DETECTED,Yes,No Apparent Injury,N/A,NOT DISTRACTED,MD,PASSENGER CAR,CHANGING LANES,35,No,2014,HONDA,CIVIC,39.02554083,-77.046175,2023,4,16
230019189,Property Damage Crash,04/21/2023 04:00:00 PM,GEORGIA AVE,NA,SAME DIR REAR END,Clear,DRY,Daylight,TRAFFIC SIGNAL,NONE DETECTED,No,No Apparent Injury,N/A,NOT DISTRACTED,MD,PASSENGER CAR,STOPPED IN TRAFFIC LANE,35,No,2014,GMC,TERRIAN,39.02554083,-77.046175,2023,4,16
230019078,Property Damage Crash,04/21/2023 03:42:00 PM,WOODFIELD RD,NA,SAME DIRECTION SIDESWIPE,Clear,DRY,Daylight,NO CONTROLS,NONE DETECTED,Yes,No Apparent Injury,N/A,INATTENTIVE OR LOST IN THOUGHT,MD,PASSENGER CAR,ENTERING TRAFFIC LANE,30,No,2016,HONDA,CIVIC,39.28172574,-77.20241838,2023,4,15
230019078,Property Damage Crash,04/21/2023 03:42:00 PM,WOODFIELD RD,NA,SAME DIRECTION SIDESWIPE,Clear,DRY,Daylight,NO CONTROLS,NONE DETECTED,No,No Apparent Injury,N/A,NOT DISTRACTED,MD,PASSENGER CAR,MOVING CONSTANT SPEED,30,No,2015,HONDA,CIVIC,39.28172574,-77.20241838,2023,4,15
230019425,Property Damage Crash,04/21/2023 03:34:00 PM,NA,NA,STRAIGHT MOVEMENT ANGLE,Clear,NA,Daylight,N/A,NONE DETECTED,Yes,No Apparent Injury,N/A,INATTENTIVE OR LOST IN THOUGHT,NA,PASSENGER CAR,PARKING,5,No,2016,GMC,YUKON,38.98966626,-76.98969706,2023,4,15
230019070,Property Damage Crash,04/21/2023 03:19:00 PM,CRABBS BRANCH WAY,NA,HEAD ON LEFT TURN,Clear,DRY,Daylight,TRAFFIC SIGNAL,NONE DETECTED,Yes,No Apparent Injury,N/A,UNKNOWN,MD,PASSENGER CAR,MAKING LEFT TURN,35,No,2018,VOLVO,XC60,39.12113833,-77.15847333,2023,4,15