Local Case Number,ACRS Report Type,Crash Date/Time,Road Name,Related Non-Motorist,Collision Type,Weather,Surface Condition,Light,Traffic Control,Driver Substance Abuse,Driver At Fault,Injury Severity,Circumstance,Driver Distracted By,Drivers License State,Vehicle Body Type,Vehicle Movement,Speed Limit,Driverless Vehicle,Vehicle Year,Vehicle Make,Vehicle Model,Latitude,Longitude,Year,Month,Hour
230018818,Property Damage Crash,04/20/2023 06:46:00 AM,FATHER HURLEY BLVD,NA,SINGLE VEHICLE,Clear,DRY,Daylight,NO CONTROLS,NONE DETECTED,Yes,No Apparent Injury,"ANIMAL, N/A",NOT DISTRACTED,MD,SCHOOL BUS,MOVING CONSTANT SPEED,35,No,2022,FRHT,FRHT BUS,39.18720017,-77.27390683,2023,4,6
230018815,Property Damage Crash,04/20/2023 05:01:00 AM,BROADBIRCH DR,NA,SINGLE VEHICLE,Clear,DRY,Medium,N/A,NONE DETECTED,Yes,No Apparent Injury,N/A,BY OTHER OCCUPANTS,MD,PASSENGER CAR,MOVING CONSTANT SPEED,35,No,2006,HONDA,CIVIC,39.05564333,-76.95783833,2023,4,5
230018807,Property Damage Crash,04/19/2023 11:43:00 PM,HEWITT AVE,NA,SINGLE VEHICLE,Clear,DRY,Medium,N/A,NONE DETECTED,Yes,No Apparent Injury,N/A,UNKNOWN,GA,PASSENGER CAR,MOVING CONSTANT SPEED,25,No,2012,ACURA,TL,39.0791285,-77.06840467,2023,4,23
230018798,Property Damage Crash,04/19/2023 10:33:00 PM,SNOUFFERS SCHOOL RD,NA,STRAIGHT MOVEMENT ANGLE,Clear,DRY,Medium,TRAFFIC SIGNAL,NONE DETECTED,No,No Apparent Injury,N/A,NOT DISTRACTED,ME,PASSENGER CAR,ACCELERATING,35,No,2015,PORS,TK,39.15897164,-77.16037203,2023,4,22
230018798,Property Damage Crash,04/19/2023 10:33:00 PM,SNOUFFERS SCHOOL RD,NA,STRAIGHT MOVEMENT ANGLE,Clear,DRY,Medium,TRAFFIC SIGNAL,NONE DETECTED,Yes,No Apparent Injury,N/A,UNKNOWN,MD,PASSENGER CAR,MOVING CONSTANT SPEED,35,No,2009,INFINITI,4D,39.15897164,-77.16037203,2023,4,22
230018804,Property Damage Crash,04/19/2023 10:06:00 PM,NA,NA,SAME DIRECTION SIDESWIPE,Clear,NA,Medium,NO CONTROLS,ALCOHOL PRESENT,Yes,No Apparent Injury,N/A,OTHER DISTRACTION,MD,PASSENGER CAR,ACCELERATING,0,No,2006,LEXUS,IS,38.99862009,-77.00878287,2023,4,22
230018795,Injury Crash,04/19/2023 09:36:00 PM,UNIVERSITY BLVD E,NA,STRAIGHT MOVEMENT ANGLE,Clear,DRY,Medium,NO CONTROLS,ALCOHOL PRESENT,Yes,Possible Minor Injury,N/A,OTHER DISTRACTION,MD,PASSENGER CAR,ACCELERATING,35,No,2006,LEXUS,IS350,39.01360833,-77.00395333,2023,4,21
230018795,Injury Crash,04/19/2023 09:36:00 PM,UNIVERSITY BLVD E,NA,STRAIGHT MOVEMENT ANGLE,Clear,DRY,Medium,NO CONTROLS,ALCOHOL PRESENT,No,No Apparent Injury,N/A,NOT DISTRACTED,MD,PASSENGER CAR,MOVING CONSTANT SPEED,30,No,2009,HONDA,CIVC,39.01360833,-77.00395333,2023,4,21
230018796,Property Damage Crash,04/19/2023 09:33:00 PM,NA,NA,OPPOSITE DIRECTION SIDESWIPE,Clear,NA,Medium,STOP SIGN,NONE DETECTED,Yes,No Apparent Injury,N/A,NOT DISTRACTED,VA,AMBULANCE/EMERGENCY,MAKING LEFT TURN,10,No,2008,FORD,ST,39.15643058,-77.2220261,2023,4,21
230018796,Property Damage Crash,04/19/2023 09:33:00 PM,NA,NA,OPPOSITE DIRECTION SIDESWIPE,Clear,NA,Medium,STOP SIGN,NONE DETECTED,No,No Apparent Injury,N/A,NOT DISTRACTED,MD,PASSENGER CAR,STOPPED IN TRAFFIC LANE,10,No,2003,BMW,SD,39.15643058,-77.2220261,2023,4,21
230018793,Injury Crash,04/19/2023 09:00:00 PM,BAUER DR,PEDESTRIAN,STRAIGHT MOVEMENT ANGLE,Clear,DRY,Medium,TRAFFIC SIGNAL,NONE DETECTED,Yes,No Apparent Injury,N/A,LOOKED BUT DID NOT SEE,MD,PASSENGER CAR,MAKING LEFT TURN,35,No,2007,ACURA,TL,39.0960701,-77.1098676,2023,4,21
230018791,Property Damage Crash,04/19/2023 08:53:00 PM,EAST VILLAGE AVE,NA,SINGLE VEHICLE,Clear,DRY,Medium,YIELD SIGN,NONE DETECTED,Yes,No Apparent Injury,N/A,UNKNOWN,MD,MOTORCYCLE,SLOWING OR STOPPING,30,No,2006,YAMAHA,FZ6,39.19003817,-77.1851135,2023,4,20
230018790,Property Damage Crash,04/19/2023 08:47:00 PM,RAMSEY AVE,NA,SAME DIR REAR END,Clear,DRY,Medium,TRAFFIC SIGNAL,NONE DETECTED,Yes,No Apparent Injury,N/A,NOT DISTRACTED,MD,PASSENGER CAR,SLOWING OR STOPPING,25,No,2002,FORD,2S,38.994204,-77.029184,2023,4,20
230018790,Property Damage Crash,04/19/2023 08:47:00 PM,RAMSEY AVE,NA,SAME DIR REAR END,Clear,DRY,Medium,TRAFFIC SIGNAL,NONE DETECTED,No,No Apparent Injury,N/A,NOT DISTRACTED,MD,TRANSIT BUS,STOPPED IN TRAFFIC LANE,25,No,2010,NWFL,DE4,38.994204,-77.029184,2023,4,20
230018766,Injury Crash,04/19/2023 06:30:00 PM,GALWAY DR,PEDESTRIAN,OTHER,Clear,DRY,Daylight,NO CONTROLS,NONE DETECTED,Unknown,No Apparent Injury,"N/A, VISION OBSTRUCTION (INCL. BLINDED BY SUN)",LOOKED BUT DID NOT SEE,MD,PASSENGER CAR,MOVING CONSTANT SPEED,25,No,2019,HOND,UT,39.06375167,-76.94507,2023,4,18
230018757,Property Damage Crash,04/19/2023 06:00:00 PM,ROBINDALE DR,NA,STRAIGHT MOVEMENT ANGLE,Clear,DRY,Daylight,TRAFFIC SIGNAL,NONE DETECTED,Yes,No Apparent Injury,N/A,OTHER DISTRACTION,MD,PASSENGER CAR,MAKING LEFT TURN,45,No,2017,VOLKSWAGEN,GLI,39.05828,-77.04816333,2023,4,18
230018757,Property Damage Crash,04/19/2023 06:00:00 PM,ROBINDALE DR,NA,STRAIGHT MOVEMENT ANGLE,Clear,DRY,Daylight,TRAFFIC SIGNAL,NONE DETECTED,No,No Apparent Injury,N/A,NOT DISTRACTED,MD,PASSENGER CAR,MOVING CONSTANT SPEED,45,No,1990,CHEVY,TK,39.05828,-77.04816333,2023,4,18
230024823,Property Damage Crash,04/19/2023 05:31:00 PM,KENSINGTON PKWY,NA,OTHER,Clear,DRY,Daylight,NO CONTROLS,NONE DETECTED,Yes,No Apparent Injury,N/A,UNKNOWN,NA,NA,UNKNOWN,25,No,0,UNKNOWN,UNKNOWN,39.02373985,-77.07194066,2023,4,17
230018756,Property Damage Crash,04/19/2023 05:25:00 PM,NA,NA,OTHER,Clear,NA,Daylight,NO CONTROLS,NONE DETECTED,Yes,No Apparent Injury,N/A,UNKNOWN,MD,PICKUP TRUCK,PARKING,0,No,2002,TOYOTA,TK,39.0443353,-77.10521662,2023,4,17
230018750,Property Damage Crash,04/19/2023 05:13:00 PM,MASSACHUSETTS AVE,NA,SAME DIRECTION SIDESWIPE,Clear,DRY,Daylight,NO CONTROLS,NONE DETECTED,Yes,No Apparent Injury,N/A,NOT DISTRACTED,MD,VAN,PASSING,35,No,2018,NISSAN,NV 1500,38.967472,-77.12648117,2023,4,17
230018750,Property Damage Crash,04/19/2023 05:13:00 PM,MASSACHUSETTS AVE,NA,SAME DIRECTION SIDESWIPE,Clear,DRY,Daylight,NO CONTROLS,NONE DETECTED,No,No Apparent Injury,N/A,NOT DISTRACTED,MD,TRANSIT BUS,STOPPED IN TRAFFIC LANE,35,No,2021,GILG,BUS,38.967472,-77.12648117,2023,4,17
230018752,Property Damage Crash,04/19/2023 04:52:00 PM,NA,NA,HEAD ON,Clear,NA,Daylight,NO CONTROLS,NONE DETECTED,Yes,No Apparent Injury,N/A,LOOKED BUT DID NOT SEE,MD,SCHOOL BUS,BACKING,5,No,2017,THOM,BUS,39.05399167,-76.963885,2023,4,16
230018731,Injury Crash,04/19/2023 03:48:00 PM,UNIVERSITY BLVD E,NA,SAME DIR REAR END,Clear,DRY,Daylight,NO CONTROLS,NONE DETECTED,No,No Apparent Injury,N/A,NOT DISTRACTED,MD,PASSENGER CAR,SLOWING OR STOPPING,35,No,2019,NISSAN,NV,39.00012783,-76.99507517,2023,4,15
230018731,Injury Crash,04/19/2023 03:48:00 PM,UNIVERSITY BLVD E,NA,SAME DIR REAR END,Clear,DRY,Daylight,NO CONTROLS,NONE DETECTED,Yes,Possible Minor Injury,N/A,UNKNOWN,MD,PASSENGER CAR,SLOWING OR STOPPING,35,No,2005,TOYOTA,MATRIX,39.00012783,-76.99507517,2023,4,15
230018731,Injury Crash,04/19/2023 03:48:00 PM,UNIVERSITY BLVD E,NA,SAME DIR REAR END,Clear,DRY,Daylight,NO CONTROLS,NONE DETECTED,No,Possible Minor Injury,N/A,NOT DISTRACTED,MD,PASSENGER CAR,SLOWING OR STOPPING,35,No,2012,HONDA,CRV,39.00012783,-76.99507517,2023,4,15
230018727,Property Damage Crash,04/19/2023 03:45:00 PM,BRIGGS CHANEY RD,NA,SAME DIR REAR END,Clear,DRY,Daylight,NO CONTROLS,NONE DETECTED,Yes,No Apparent Injury,"N/A, V EXHAUST SYSTEM|R OTHER ROAD",NOT DISTRACTED,MD,PICKUP TRUCK,SLOWING OR STOPPING,35,No,2016,FORD,PK,39.08423833,-76.95087333,2023,4,15
230018727,Property Damage Crash,04/19/2023 03:45:00 PM,BRIGGS CHANEY RD,NA,SAME DIR REAR END,Clear,DRY,Daylight,NO CONTROLS,NONE DETECTED,No,No Apparent Injury,"N/A, V EXHAUST SYSTEM|R OTHER ROAD",NOT DISTRACTED,MD,PICKUP TRUCK,STOPPED IN TRAFFIC LANE,35,No,2021,RAM,PK,39.08423833,-76.95087333,2023,4,15
230018724,Property Damage Crash,04/19/2023 03:27:00 PM,E JEFFERSON ST,NA,STRAIGHT MOVEMENT ANGLE,Clear,DRY,Daylight,TRAFFIC SIGNAL,NONE DETECTED,No,No Apparent Injury,N/A,NOT DISTRACTED,VA,PASSENGER CAR,MOVING CONSTANT SPEED,30,No,2017,HOND,CRV,39.08188693,-77.14913516,2023,4,15
230018724,Property Damage Crash,04/19/2023 03:27:00 PM,E JEFFERSON ST,NA,STRAIGHT MOVEMENT ANGLE,Clear,DRY,Daylight,TRAFFIC SIGNAL,NONE DETECTED,Yes,No Apparent Injury,N/A,NOT DISTRACTED,MD,PASSENGER CAR,MOVING CONSTANT SPEED,30,No,2019,MAZD,4S,39.08188693,-77.14913516,2023,4,15
230018713,Property Damage Crash,04/19/2023 02:20:00 PM,GERMANTOWN RD,NA,SAME DIRECTION SIDESWIPE,Clear,DRY,Daylight,TRAFFIC SIGNAL,NONE DETECTED,No,No Apparent Injury,N/A,NOT DISTRACTED,MD,PASSENGER CAR,MAKING LEFT TURN,25,No,2003,MERZ,C230,39.18223388,-77.26006515,2023,4,14
230018713,Property Damage Crash,04/19/2023 02:20:00 PM,GERMANTOWN RD,NA,SAME DIRECTION SIDESWIPE,Clear,DRY,Daylight,TRAFFIC SIGNAL,NONE DETECTED,Yes,No Apparent Injury,N/A,UNKNOWN,NA,PICKUP TRUCK,MAKING LEFT TURN,25,No,2021,TOYOTA,TACOMA,39.18223388,-77.26006515,2023,4,14
230018707,Injury Crash,04/19/2023 01:57:00 PM,SOUTHLAWN LA,NA,SINGLE VEHICLE,Clear,DRY,Daylight,STOP SIGN,NONE DETECTED,Yes,Possible Minor Injury,N/A,UNKNOWN,MD,PASSENGER CAR,MOVING CONSTANT SPEED,25,No,2015,NISSAN,ROGUE,39.10656833,-77.12092,2023,4,13
230018723,Injury Crash,04/19/2023 01:25:00 PM,MUDDY BRANCH RD,NA,STRAIGHT MOVEMENT ANGLE,Clear,DRY,Daylight,STOP SIGN,NONE DETECTED,No,Possible Minor Injury,N/A,NOT DISTRACTED,MD,(SPORT) UTILITY VEHICLE,MOVING CONSTANT SPEED,45,No,2020,FORD,ESCAPE,39.11243393,-77.21652898,2023,4,13
230018723,Injury Crash,04/19/2023 01:25:00 PM,MUDDY BRANCH RD,NA,STRAIGHT MOVEMENT ANGLE,Clear,DRY,Daylight,STOP SIGN,NONE DETECTED,Yes,No Apparent Injury,N/A,LOOKED BUT DID NOT SEE,MD,(SPORT) UTILITY VEHICLE,MAKING LEFT TURN,25,No,2019,INFI,4S,39.11243393,-77.21652898,2023,4,13
230018700,Property Damage Crash,04/19/2023 01:12:00 PM,NORBECK RD,NA,SAME DIR REAR END,Clear,DRY,Daylight,TRAFFIC SIGNAL,NONE DETECTED,No,No Apparent Injury,N/A,NOT DISTRACTED,MD,PASSENGER CAR,STOPPED IN TRAFFIC LANE,50,No,2019,MAZD,SD,39.09298075,-77.12259078,2023,4,13
230018700,Property Damage Crash,04/19/2023 01:12:00 PM,NORBECK RD,NA,SAME DIR REAR END,Clear,DRY,Daylight,TRAFFIC SIGNAL,NONE DETECTED,Yes,No Apparent Injury,N/A,UNKNOWN,NA,PASSENGER CAR,MOVING CONSTANT SPEED,50,No,2022,NISSAN,SENTRA,39.09298075,-77.12259078,2023,4,13
230018695,Property Damage Crash,04/19/2023 12:58:00 PM,GOSHEN RD,NA,SAME DIR REAR END,Clear,DRY,Daylight,TRAFFIC SIGNAL,NONE DETECTED,No,No Apparent Injury,N/A,NOT DISTRACTED,MD,PASSENGER CAR,STARTING FROM LANE,35,No,2022,TOYT,SD,39.15180288,-77.19238837,2023,4,12
230018695,Property Damage Crash,04/19/2023 12:58:00 PM,GOSHEN RD,NA,SAME DIR REAR END,Clear,DRY,Daylight,TRAFFIC SIGNAL,NONE DETECTED,Yes,No Apparent Injury,N/A,INATTENTIVE OR LOST IN THOUGHT,MD,"CARGO VAN/LIGHT TRUCK 2 AXLES (OVER 10,000LBS (4,536 KG))",MOVING CONSTANT SPEED,35,No,2012,ISU,PK,39.15180288,-77.19238837,2023,4,12
230018695,Property Damage Crash,04/19/2023 12:58:00 PM,GOSHEN RD,NA,SAME DIR REAR END,Clear,DRY,Daylight,TRAFFIC SIGNAL,NONE DETECTED,No,No Apparent Injury,N/A,NOT DISTRACTED,MD,PASSENGER CAR,STARTING FROM LANE,35,No,2013,TOYT,HB,39.15180288,-77.19238837,2023,4,12
230018683,Injury Crash,04/19/2023 12:20:00 PM,LONGDRAFT RD,BICYCLIST,STRAIGHT MOVEMENT ANGLE,Clear,DRY,Daylight,TRAFFIC SIGNAL,NONE DETECTED,Yes,No Apparent Injury,N/A,UNKNOWN,MD,PASSENGER CAR,MAKING RIGHT TURN,30,No,2011,HOND,CRV,39.13353467,-77.244827,2023,4,12
230018684,Property Damage Crash,04/19/2023 12:18:00 PM,GROSVENOR LA,NA,OTHER,Clear,DRY,Medium,NO CONTROLS,NONE DETECTED,Yes,No Apparent Injury,N/A,NOT DISTRACTED,MD,PICKUP TRUCK,BACKING,15,No,2013,CHEVY,SILVERADO,39.02327083,-77.10578383,2023,4,12
230018669,Property Damage Crash,04/19/2023 11:30:00 AM,NA,NA,N/A,Clear,NA,Daylight,NO CONTROLS,NONE DETECTED,Yes,No Apparent Injury,N/A,NOT DISTRACTED,MD,SCHOOL BUS,BACKING,15,No,2012,THOMAS,BUS,38.9865633,-77.08841655,2023,4,11
230018651,Property Damage Crash,04/19/2023 10:15:00 AM,GEORGIA AVE,NA,SAME DIR REAR END,Clear,DRY,Daylight,NO CONTROLS,NONE DETECTED,Yes,No Apparent Injury,N/A,NOT DISTRACTED,MD,PASSENGER CAR,MOVING CONSTANT SPEED,30,No,2008,NISS,SD,39.15280333,-77.06680333,2023,4,10
230018651,Property Damage Crash,04/19/2023 10:15:00 AM,GEORGIA AVE,NA,SAME DIR REAR END,Clear,DRY,Daylight,NO CONTROLS,NONE DETECTED,No,No Apparent Injury,N/A,NOT DISTRACTED,VA,PASSENGER CAR,SLOWING OR STOPPING,30,No,2021,SUBARU,FORESTER,39.15280333,-77.06680333,2023,4,10
230018649,Property Damage Crash,04/19/2023 09:36:00 AM,NA,NA,STRAIGHT MOVEMENT ANGLE,Clear,NA,Daylight,NO CONTROLS,NONE DETECTED,No,No Apparent Injury,N/A,UNKNOWN,MD,(SPORT) UTILITY VEHICLE,MOVING CONSTANT SPEED,0,No,2020,CHEVROLET,EQUINOX,39.17908817,-77.2392835,2023,4,9
230018649,Property Damage Crash,04/19/2023 09:36:00 AM,NA,NA,STRAIGHT MOVEMENT ANGLE,Clear,NA,Daylight,NO CONTROLS,NONE DETECTED,Yes,No Apparent Injury,N/A,NOT DISTRACTED,MD,PASSENGER CAR,MAKING RIGHT TURN,0,No,2019,GMC,ACADIA,39.17908817,-77.2392835,2023,4,9
230018644,Injury Crash,04/19/2023 09:30:00 AM,INDUSTRIAL PKWY,NA,STRAIGHT MOVEMENT ANGLE,Clear,DRY,Daylight,STOP SIGN,NONE DETECTED,No,Possible Minor Injury,N/A,NOT DISTRACTED,MD,VAN,MOVING CONSTANT SPEED,30,No,2009,TOYOTA,SIENNA,39.05584628,-76.97108367,2023,4,9
230018644,Injury Crash,04/19/2023 09:30:00 AM,INDUSTRIAL PKWY,NA,STRAIGHT MOVEMENT ANGLE,Clear,DRY,Daylight,STOP SIGN,NONE DETECTED,Yes,No Apparent Injury,N/A,UNKNOWN,DC,(SPORT) UTILITY VEHICLE,MOVING CONSTANT SPEED,30,No,2015,INFINITI,QX60,39.05584628,-76.97108367,2023,4,9
230018640,Property Damage Crash,04/19/2023 09:16:00 AM,GREENTREE RD,NA,STRAIGHT MOVEMENT ANGLE,Clear,DRY,Daylight,STOP SIGN,NONE DETECTED,No,No Apparent Injury,N/A,NOT DISTRACTED,MD,VAN,MOVING CONSTANT SPEED,30,No,2004,TOYOTA,SIENNA,39.00033767,-77.11219817,2023,4,9
230018640,Property Damage Crash,04/19/2023 09:16:00 AM,GREENTREE RD,NA,STRAIGHT MOVEMENT ANGLE,Clear,DRY,Daylight,STOP SIGN,NONE DETECTED,Yes,No Apparent Injury,N/A,LOOKED BUT DID NOT SEE,MD,(SPORT) UTILITY VEHICLE,MAKING LEFT TURN,25,No,2019,TOYOTA,RAV 4,39.00033767,-77.11219817,2023,4,9
230018646,Property Damage Crash,04/19/2023 09:12:00 AM,SEVEN LOCKS RD,NA,STRAIGHT MOVEMENT ANGLE,Clear,DRY,Daylight,STOP SIGN,NONE DETECTED,No,No Apparent Injury,N/A,NOT DISTRACTED,MD,PASSENGER CAR,MOVING CONSTANT SPEED,35,No,2018,TOYOTA,PRIUS,39.01274012,-77.16099287,2023,4,9
230018646,Property Damage Crash,04/19/2023 09:12:00 AM,SEVEN LOCKS RD,NA,STRAIGHT MOVEMENT ANGLE,Clear,DRY,Daylight,STOP SIGN,NONE DETECTED,Yes,No Apparent Injury,N/A,NOT DISTRACTED,MD,(SPORT) UTILITY VEHICLE,MAKING LEFT TURN,10,No,2018,MERCEDES,GLE350,39.01274012,-77.16099287,2023,4,9
230018633,Property Damage Crash,04/19/2023 08:50:00 AM,CONNECTICUT AVE,NA,STRAIGHT MOVEMENT ANGLE,Clear,DRY,Daylight,STOP SIGN,NONE DETECTED,Yes,No Apparent Injury,N/A,LOOKED BUT DID NOT SEE,MD,PASSENGER CAR,CHANGING LANES,5,No,2011,GMC,ACADIA,39.08136333,-77.07997667,2023,4,8
230018633,Property Damage Crash,04/19/2023 08:50:00 AM,CONNECTICUT AVE,NA,STRAIGHT MOVEMENT ANGLE,Clear,DRY,Daylight,STOP SIGN,NONE DETECTED,No,No Apparent Injury,N/A,NOT DISTRACTED,MD,PASSENGER CAR,MOVING CONSTANT SPEED,35,No,2009,TOYT,YARIS,39.08136333,-77.07997667,2023,4,8
230018637,Property Damage Crash,04/19/2023 08:36:00 AM,UNIVERSITY BLVD E,NA,SAME DIRECTION SIDESWIPE,Clear,DRY,Daylight,NO CONTROLS,NONE DETECTED,No,No Apparent Injury,N/A,NOT DISTRACTED,MD,PASSENGER CAR,MOVING CONSTANT SPEED,35,No,2019,VOLK,GTI,39.01378739,-77.00384848,2023,4,8
230018637,Property Damage Crash,04/19/2023 08:36:00 AM,UNIVERSITY BLVD E,NA,SAME DIRECTION SIDESWIPE,Clear,DRY,Daylight,NO CONTROLS,NONE DETECTED,Yes,No Apparent Injury,N/A,NOT DISTRACTED,MD,PASSENGER CAR,CHANGING LANES,35,No,2014,TOYOTA,COROLLA,39.01378739,-77.00384848,2023,4,8
230018632,Property Damage Crash,04/19/2023 08:30:00 AM,S FREDERICK RD,NA,HEAD ON LEFT TURN,Clear,DRY,Daylight,TRAFFIC SIGNAL,NONE DETECTED,Yes,No Apparent Injury,N/A,UNKNOWN,MD,PASSENGER CAR,MAKING LEFT TURN,30,No,2016,VOLKS,4S,39.13716875,-77.19315893,2023,4,8
230018632,Property Damage Crash,04/19/2023 08:30:00 AM,S FREDERICK RD,NA,HEAD ON LEFT TURN,Clear,DRY,Daylight,TRAFFIC SIGNAL,NONE DETECTED,No,No Apparent Injury,N/A,NOT DISTRACTED,MD,PASSENGER CAR,MOVING CONSTANT SPEED,30,No,2019,CHEVY,EQUINOX,39.13716875,-77.19315893,2023,4,8
230018630,Property Damage Crash,04/19/2023 07:57:00 AM,FREDERICK RD,NA,SAME DIR REAR END,Clear,DRY,Daylight,N/A,NONE DETECTED,Yes,No Apparent Injury,N/A,NOT DISTRACTED,MD,PASSENGER CAR,SLOWING OR STOPPING,45,No,2008,NISS,SD,39.12315957,-77.17873817,2023,4,7
230018628,Injury Crash,04/19/2023 07:57:00 AM,GERMANTOWN RD,NA,STRAIGHT MOVEMENT ANGLE,Clear,DRY,Daylight,STOP SIGN,NONE DETECTED,Yes,Possible Minor Injury,"BACKUP DUE TO REGULAR CONGESTION, N/A",UNKNOWN,MD,PASSENGER CAR,ACCELERATING,40,No,2016,TOYOTA,COROLLA,39.15724333,-77.28541833,2023,4,7
230018628,Injury Crash,04/19/2023 07:57:00 AM,GERMANTOWN RD,NA,STRAIGHT MOVEMENT ANGLE,Clear,DRY,Daylight,STOP SIGN,NONE DETECTED,No,No Apparent Injury,"BACKUP DUE TO REGULAR CONGESTION, N/A",LOOKED BUT DID NOT SEE,MD,PASSENGER CAR,MAKING LEFT TURN,40,No,2021,AUDI,Q5,39.15724333,-77.28541833,2023,4,7
230018630,Property Damage Crash,04/19/2023 07:57:00 AM,FREDERICK RD,NA,SAME DIR REAR END,Clear,DRY,Daylight,N/A,NONE DETECTED,No,No Apparent Injury,N/A,NOT DISTRACTED,MD,PASSENGER CAR,SLOWING OR STOPPING,45,No,2020,SUBA,UT,39.12315957,-77.17873817,2023,4,7
230018625,Property Damage Crash,04/19/2023 07:34:00 AM,RIDGE RD,NA,SAME DIR REAR END,Clear,DRY,Daylight,NO CONTROLS,NONE DETECTED,Yes,No Apparent Injury,N/A,NOT DISTRACTED,MD,PICKUP TRUCK,SLOWING OR STOPPING,35,No,2008,FORD,SUPER DUTY,39.28536233,-77.209561,2023,4,7
230018625,Property Damage Crash,04/19/2023 07:34:00 AM,RIDGE RD,NA,SAME DIR REAR END,Clear,DRY,Daylight,NO CONTROLS,NONE DETECTED,No,No Apparent Injury,N/A,NOT DISTRACTED,MD,PASSENGER CAR,SLOWING OR STOPPING,35,No,2011,HONDA,CIVIC,39.28536233,-77.209561,2023,4,7
230018625,Property Damage Crash,04/19/2023 07:34:00 AM,RIDGE RD,NA,SAME DIR REAR END,Clear,DRY,Daylight,NO CONTROLS,NONE DETECTED,No,No Apparent Injury,N/A,NOT DISTRACTED,MD,PASSENGER CAR,SLOWING OR STOPPING,35,No,2015,TOYOTA,RAV4,39.28536233,-77.209561,2023,4,7
230018625,Property Damage Crash,04/19/2023 07:34:00 AM,RIDGE RD,NA,SAME DIR REAR END,Clear,DRY,Daylight,NO CONTROLS,NONE DETECTED,No,No Apparent Injury,N/A,NOT DISTRACTED,MD,PICKUP TRUCK,SLOWING OR STOPPING,35,No,2020,FORD,EXPLORER,39.28536233,-77.209561,2023,4,7
230018639,Property Damage Crash,04/19/2023 07:09:00 AM,ROCKVILLE PIKE,NA,SAME DIRECTION SIDESWIPE,Clear,DRY,Daylight,N/A,NONE DETECTED,Yes,No Apparent Injury,N/A,NOT DISTRACTED,GA,PICKUP TRUCK,MOVING CONSTANT SPEED,35,No,2004,FORD,RANGER,39.00637647,-77.09759896,2023,4,7
230018639,Property Damage Crash,04/19/2023 07:09:00 AM,ROCKVILLE PIKE,NA,SAME DIRECTION SIDESWIPE,Clear,DRY,Daylight,N/A,NONE DETECTED,No,No Apparent Injury,N/A,NOT DISTRACTED,MD,PASSENGER CAR,MOVING CONSTANT SPEED,35,No,2005,ACURA,4S,39.00637647,-77.09759896,2023,4,7
230018693,Property Damage Crash,04/18/2023 11:50:00 PM,NA,NA,SINGLE VEHICLE,Clear,NA,Medium,N/A,NONE DETECTED,Yes,No Apparent Injury,N/A,UNKNOWN,MD,PASSENGER CAR,ACCELERATING,5,No,2011,NISSAN,SENTRA,39.08448255,-77.1490766,2023,4,23
230018597,Property Damage Crash,04/18/2023 11:40:00 PM,ASHTON RD,NA,SINGLE VEHICLE,Clear,DRY,Medium,NO CONTROLS,NONE DETECTED,Yes,No Apparent Injury,N/A,UNKNOWN,MD,PASSENGER CAR,MOVING CONSTANT SPEED,45,No,2008,VW,JETTA,39.16026581,-76.97904292,2023,4,23
230018602,Property Damage Crash,04/18/2023 11:36:00 PM,GEORGIA AVE,NA,SAME DIR REAR END,Clear,DRY,Medium,TRAFFIC SIGNAL,NONE DETECTED,No,No Apparent Injury,N/A,NOT DISTRACTED,MD,PASSENGER CAR,MOVING CONSTANT SPEED,40,No,2019,HYUNDAI,SONATA,39.01594,-77.04278,2023,4,23
230018602,Property Damage Crash,04/18/2023 11:36:00 PM,GEORGIA AVE,NA,SAME DIR REAR END,Clear,DRY,Medium,TRAFFIC SIGNAL,NONE DETECTED,Yes,No Apparent Injury,N/A,UNKNOWN,MD,PASSENGER CAR,MOVING CONSTANT SPEED,40,No,2013,MAZDA,3,39.01594,-77.04278,2023,4,23
230018593,Property Damage Crash,04/18/2023 09:06:00 PM,GOLDSBORO RD,NA,SINGLE VEHICLE,Clear,DRY,Medium,NO CONTROLS,ALCOHOL PRESENT,Yes,No Apparent Injury,N/A,INATTENTIVE OR LOST IN THOUGHT,MD,PASSENGER CAR,MOVING CONSTANT SPEED,35,No,2009,HONDA,ACCORD,38.97091825,-77.12653611,2023,4,21
230018584,Injury Crash,04/18/2023 08:37:00 PM,BONIFANT RD,NA,SINGLE VEHICLE,Clear,DRY,Medium,NO CONTROLS,NONE DETECTED,Yes,Suspected Serious Injury,N/A,UNKNOWN,MD,PASSENGER CAR,MOVING CONSTANT SPEED,40,No,2002,ACURA,RSX,39.093471,-77.037782000000007,2023,4,20
230018576,Injury Crash,04/18/2023 08:22:00 PM,ARCOLA AVE,NA,OTHER,Clear,DRY,Medium,N/A,NONE DETECTED,Yes,Possible Minor Injury,N/A,UNKNOWN,MD,PASSENGER CAR,MOVING CONSTANT SPEED,30,No,2012,NISSAN,ROUGE,39.04705833,-77.03765167,2023,4,20
230018574,Property Damage Crash,04/18/2023 08:07:00 PM,GLENVILLE RD,NA,SAME DIR REAR END,Clear,DRY,Medium,NO CONTROLS,NONE DETECTED,Yes,No Apparent Injury,N/A,INATTENTIVE OR LOST IN THOUGHT,NA,PASSENGER CAR,MOVING CONSTANT SPEED,5,No,2005,CHEVY,TRAILBLAZER,39.00261287,-76.99709719,2023,4,20
230018551,Injury Crash,04/18/2023 06:15:00 PM,GREAT SENECA HWY,NA,SAME DIR REAR END,Clear,DRY,Daylight,TRAFFIC SIGNAL,NONE DETECTED,No,Possible Minor Injury,N/A,LOOKED BUT DID NOT SEE,MD,(SPORT) UTILITY VEHICLE,STOPPED IN TRAFFIC LANE,50,No,2021,TOYOTA,RAV 4,39.1450555,-77.274072,2023,4,18
230018551,Injury Crash,04/18/2023 06:15:00 PM,GREAT SENECA HWY,NA,SAME DIR REAR END,Clear,DRY,Daylight,TRAFFIC SIGNAL,NONE DETECTED,Yes,Possible Minor Injury,N/A,LOOKED BUT DID NOT SEE,MD,PASSENGER CAR,MOVING CONSTANT SPEED,50,No,2014,FORD,FUSION,39.1450555,-77.274072,2023,4,18
230018553,Injury Crash,04/18/2023 05:52:00 PM,BRINK RD,NA,STRAIGHT MOVEMENT ANGLE,Clear,DRY,Daylight,STOP SIGN,NONE DETECTED,Yes,No Apparent Injury,N/A,NOT DISTRACTED,MD,PASSENGER CAR,STARTING FROM PARKED,25,No,2015,HONDA,CROSSTOU,39.2040361,-77.2071629,2023,4,17
230018553,Injury Crash,04/18/2023 05:52:00 PM,BRINK RD,NA,STRAIGHT MOVEMENT ANGLE,Clear,DRY,Daylight,STOP SIGN,NONE DETECTED,No,Possible Minor Injury,N/A,NOT DISTRACTED,MD,PASSENGER CAR,MOVING CONSTANT SPEED,40,No,2016,JAGU,XF,39.2040361,-77.2071629,2023,4,17
230018547,Property Damage Crash,04/18/2023 05:49:00 PM,ROCKVILLE PIKE,NA,SAME DIRECTION LEFT TURN,Clear,DRY,Daylight,TRAFFIC SIGNAL,NONE DETECTED,Yes,No Apparent Injury,N/A,NOT DISTRACTED,MD,PASSENGER CAR,CHANGING LANES,35,No,2006,NISSAN,SENTRA,39.02385931,-77.10286565,2023,4,17