Local Case Number,ACRS Report Type,Crash Date/Time,Road Name,Related Non-Motorist,Collision Type,Weather,Surface Condition,Light,Traffic Control,Driver Substance Abuse,Driver At Fault,Injury Severity,Circumstance,Driver Distracted By,Drivers License State,Vehicle Body Type,Vehicle Movement,Speed Limit,Driverless Vehicle,Vehicle Year,Vehicle Make,Vehicle Model,Latitude,Longitude,Year,Month,Hour
230018547,Property Damage Crash,04/18/2023 05:49:00 PM,ROCKVILLE PIKE,NA,SAME DIRECTION LEFT TURN,Clear,DRY,Daylight,TRAFFIC SIGNAL,NONE DETECTED,No,No Apparent Injury,N/A,NOT DISTRACTED,MD,PASSENGER CAR,MOVING CONSTANT SPEED,35,No,2017,HOND,CIVIC,39.02385931,-77.10286565,2023,4,17
230018537,Property Damage Crash,04/18/2023 05:19:00 PM,SCENERY DR,NA,STRAIGHT MOVEMENT ANGLE,Clear,DRY,Daylight,TRAFFIC SIGNAL,NONE DETECTED,Yes,No Apparent Injury,N/A,UNKNOWN,MD,PASSENGER CAR,MOVING CONSTANT SPEED,35,No,2021,JEEP,CHEROKEE,39.19244833,-77.23324167,2023,4,17
230018537,Property Damage Crash,04/18/2023 05:19:00 PM,SCENERY DR,NA,STRAIGHT MOVEMENT ANGLE,Clear,DRY,Daylight,TRAFFIC SIGNAL,NONE DETECTED,No,No Apparent Injury,N/A,NOT DISTRACTED,MD,PASSENGER CAR,MOVING CONSTANT SPEED,30,No,2010,HONDA,CIVIC,39.19244833,-77.23324167,2023,4,17
230018533,Property Damage Crash,04/18/2023 05:15:00 PM,COLUMBIA PIKE,NA,SAME DIR REAR END,Clear,DRY,Daylight,NO CONTROLS,NONE DETECTED,No,No Apparent Injury,N/A,NOT DISTRACTED,MD,SCHOOL BUS,SLOWING OR STOPPING,45,No,2016,HSB,THOM BU,39.054695,-76.97346433,2023,4,17
230018533,Property Damage Crash,04/18/2023 05:15:00 PM,COLUMBIA PIKE,NA,SAME DIR REAR END,Clear,DRY,Daylight,NO CONTROLS,NONE DETECTED,No,No Apparent Injury,N/A,NOT DISTRACTED,MD,PASSENGER CAR,SLOWING OR STOPPING,45,No,2019,LEXUS,NX300,39.054695,-76.97346433,2023,4,17
230018533,Property Damage Crash,04/18/2023 05:15:00 PM,COLUMBIA PIKE,NA,SAME DIR REAR END,Clear,DRY,Daylight,NO CONTROLS,NONE DETECTED,Yes,No Apparent Injury,N/A,LOOKED BUT DID NOT SEE,MD,PASSENGER CAR,SLOWING OR STOPPING,45,No,2011,LEXS,SW,39.054695,-76.97346433,2023,4,17
230018531,Property Damage Crash,04/18/2023 05:10:00 PM,NA,NA,OTHER,Clear,NA,Daylight,NO CONTROLS,NONE DETECTED,Yes,No Apparent Injury,N/A,LOOKED BUT DID NOT SEE,MD,PASSENGER CAR,STARTING FROM PARKED,5,No,2017,CHEVROLET,MALIBU,39.14118495,-77.22281434,2023,4,17
230018540,Property Damage Crash,04/18/2023 05:07:00 PM,FRANKLIN ST,NA,SAME DIRECTION SIDESWIPE,Clear,DRY,Daylight,NO CONTROLS,NONE DETECTED,Yes,No Apparent Injury,N/A,UNKNOWN,NA,NA,UNKNOWN,25,No,0,UNKNOWN,UNKNOWN,39.02025289,-77.0885335,2023,4,17
230018524,Injury Crash,04/18/2023 04:44:00 PM,CLIFTON RD,NA,OTHER,Clear,DRY,Daylight,NO CONTROLS,NONE DETECTED,Yes,Possible Minor Injury,N/A,LOOKED BUT DID NOT SEE,MD,(SPORT) UTILITY VEHICLE,MAKING LEFT TURN,35,No,2009,KIA,4D,39.10636711,-76.9186981,2023,4,16
230018524,Injury Crash,04/18/2023 04:44:00 PM,CLIFTON RD,NA,OTHER,Clear,DRY,Daylight,NO CONTROLS,NONE DETECTED,No,No Apparent Injury,N/A,LOOKED BUT DID NOT SEE,XX,(SPORT) UTILITY VEHICLE,MOVING CONSTANT SPEED,35,No,2019,HONDA,PILOT,39.10636711,-76.9186981,2023,4,16
230018520,Property Damage Crash,04/18/2023 04:14:00 PM,GEORGIA AVE,NA,SAME DIR REAR END,Clear,DRY,Daylight,TRAFFIC SIGNAL,NONE DETECTED,Yes,No Apparent Injury,N/A,NOT DISTRACTED,MD,"OTHER LIGHT TRUCKS (10,000LBS (4,536KG) OR LESS)",SLOWING OR STOPPING,45,No,2007,INTERNATIONAL,4000,39.136985,-77.06904167,2023,4,16
230018520,Property Damage Crash,04/18/2023 04:14:00 PM,GEORGIA AVE,NA,SAME DIR REAR END,Clear,DRY,Daylight,TRAFFIC SIGNAL,NONE DETECTED,No,No Apparent Injury,N/A,NOT DISTRACTED,MD,(SPORT) UTILITY VEHICLE,SLOWING OR STOPPING,45,No,2021,MAZD,UT,39.136985,-77.06904167,2023,4,16
230018503,Injury Crash,04/18/2023 03:34:00 PM,HALPINE RD,PEDESTRIAN,SINGLE VEHICLE,Clear,DRY,Daylight,TRAFFIC SIGNAL,NONE DETECTED,Yes,No Apparent Injury,N/A,LOOKED BUT DID NOT SEE,MD,PASSENGER CAR,MAKING LEFT TURN,25,No,2013,HOND,SD,39.06092196,-77.12576469,2023,4,15
230018505,Property Damage Crash,04/18/2023 03:25:00 PM,AMBERLEIGH DR,NA,SAME DIRECTION SIDESWIPE,Clear,DRY,Daylight,NO CONTROLS,NONE DETECTED,No,No Apparent Injury,N/A,NOT DISTRACTED,MD,SCHOOL BUS,MOVING CONSTANT SPEED,25,No,2021,THMS,SB,39.06704817,-77.03784522,2023,4,15
230018505,Property Damage Crash,04/18/2023 03:25:00 PM,AMBERLEIGH DR,NA,SAME DIRECTION SIDESWIPE,Clear,DRY,Daylight,NO CONTROLS,NONE DETECTED,Yes,No Apparent Injury,N/A,UNKNOWN,MD,OTHER,STARTING FROM PARKED,25,No,1991,GENERAL MOTORS,POSTAL TRUCK,39.06704817,-77.03784522,2023,4,15
230018497,Property Damage Crash,04/18/2023 03:05:00 PM,NORTH ST,NA,SAME DIR REND LEFT TURN,Clear,DRY,Daylight,NO CONTROLS,NONE DETECTED,No,No Apparent Injury,N/A,NOT DISTRACTED,MD,"CARGO VAN/LIGHT TRUCK 2 AXLES (OVER 10,000LBS (4,536 KG))",STOPPED IN TRAFFIC LANE,25,No,2015,MACK,TK,39.09028446,-77.15739007,2023,4,15
230018497,Property Damage Crash,04/18/2023 03:05:00 PM,NORTH ST,NA,SAME DIR REND LEFT TURN,Clear,DRY,Daylight,NO CONTROLS,NONE DETECTED,Yes,No Apparent Injury,N/A,OTHER ELECTRONIC DEVICE (NAVIGATIONAL PALM PILOT),VA,(SPORT) UTILITY VEHICLE,MOVING CONSTANT SPEED,25,No,2019,CHEVROLET,TAHOE,39.09028446,-77.15739007,2023,4,15
230018457,Property Damage Crash,04/18/2023 12:21:00 PM,SEVEN LOCKS RD,NA,SINGLE VEHICLE,Clear,DRY,Daylight,N/A,NONE DETECTED,Yes,No Apparent Injury,N/A,UNKNOWN,MD,"MEDIUM/HEAVY TRUCKS 3 AXLES (OVER 10,000LBS (4,536KG))",MOVING CONSTANT SPEED,35,No,2020,FORD,ST,39.058605,-77.161415,2023,4,12
230018442,Property Damage Crash,04/18/2023 11:37:00 AM,GEORGIA AVE,NA,STRAIGHT MOVEMENT ANGLE,Clear,DRY,Daylight,TRAFFIC SIGNAL,NONE DETECTED,Yes,No Apparent Injury,N/A,LOOKED BUT DID NOT SEE,MD,PASSENGER CAR,MOVING CONSTANT SPEED,35,No,2019,NISS,WG,39.08367523,-77.07790443,2023,4,11
230018442,Property Damage Crash,04/18/2023 11:37:00 AM,GEORGIA AVE,NA,STRAIGHT MOVEMENT ANGLE,Clear,DRY,Daylight,TRAFFIC SIGNAL,NONE DETECTED,No,No Apparent Injury,N/A,NOT DISTRACTED,MD,PASSENGER CAR,STARTING FROM LANE,35,No,2017,TOYT,TK,39.08367523,-77.07790443,2023,4,11
230018435,Property Damage Crash,04/18/2023 11:00:00 AM,RIPPLING BROOK DR,NA,SAME DIRECTION SIDESWIPE,Clear,DRY,Daylight,NO CONTROLS,NONE DETECTED,Yes,No Apparent Injury,"ANIMAL, N/A",UNKNOWN,MD,VAN,MOVING CONSTANT SPEED,25,No,2019,CHEVORLET,EXPRESS,39.07493483,-77.05969367,2023,4,11
230018453,Property Damage Crash,04/18/2023 10:20:00 AM,MASSACHUSETTS AVE,NA,SAME DIRECTION SIDESWIPE,Clear,DRY,Daylight,NO CONTROLS,NONE DETECTED,No,No Apparent Injury,N/A,NOT DISTRACTED,MD,PICKUP TRUCK,MOVING CONSTANT SPEED,35,No,2016,TOYOTA,TUNDRA,38.94997994,-77.10132597,2023,4,10
230018453,Property Damage Crash,04/18/2023 10:20:00 AM,MASSACHUSETTS AVE,NA,SAME DIRECTION SIDESWIPE,Clear,DRY,Daylight,NO CONTROLS,NONE DETECTED,No,No Apparent Injury,N/A,NOT DISTRACTED,NJ,"MEDIUM/HEAVY TRUCKS 3 AXLES (OVER 10,000LBS (4,536KG))",MOVING CONSTANT SPEED,35,No,2018,FREIGHTLINER,CASCADIA,38.94997994,-77.10132597,2023,4,10
230018413,Injury Crash,04/18/2023 09:28:00 AM,FLOWER AVE,NA,SAME DIRECTION RIGHT TURN,Clear,DRY,Daylight,NO CONTROLS,NONE DETECTED,No,Possible Minor Injury,N/A,NOT DISTRACTED,MD,PASSENGER CAR,MOVING CONSTANT SPEED,25,No,2017,HONDA,CIVIC,38.995125,-77.00249833,2023,4,9
230018413,Injury Crash,04/18/2023 09:28:00 AM,FLOWER AVE,NA,SAME DIRECTION RIGHT TURN,Clear,DRY,Daylight,NO CONTROLS,NONE DETECTED,Yes,Possible Minor Injury,N/A,NOT DISTRACTED,MD,(SPORT) UTILITY VEHICLE,MAKING U TURN,25,No,2018,HYUNDAI,TUCSON,38.995125,-77.00249833,2023,4,9
230024523,Property Damage Crash,04/18/2023 08:30:00 AM,NA,NA,SAME DIR REAR END,Clear,NA,Daylight,NO CONTROLS,NONE DETECTED,Yes,No Apparent Injury,N/A,LOOKED BUT DID NOT SEE,MD,PASSENGER CAR,BACKING,5,No,2018,BUIC,4S,39.08125355,-77.15069304,2023,4,8
230024523,Property Damage Crash,04/18/2023 08:30:00 AM,NA,NA,SAME DIR REAR END,Clear,NA,Daylight,NO CONTROLS,NONE DETECTED,No,No Apparent Injury,N/A,NOT DISTRACTED,MD,PASSENGER CAR,STOPPED IN TRAFFIC LANE,5,No,2016,MAZDA,3,39.08125355,-77.15069304,2023,4,8
230018398,Injury Crash,04/18/2023 06:27:00 AM,NEW HAMPSHIRE AVE,NA,STRAIGHT MOVEMENT ANGLE,Clear,DRY,Daylight,TRAFFIC SIGNAL,NONE DETECTED,No,Possible Minor Injury,N/A,NOT DISTRACTED,MD,PASSENGER CAR,MOVING CONSTANT SPEED,35,No,1997,ACURA,INTEGRA,39.0397247,-76.9907027,2023,4,6
230018398,Injury Crash,04/18/2023 06:27:00 AM,NEW HAMPSHIRE AVE,NA,STRAIGHT MOVEMENT ANGLE,Clear,DRY,Daylight,TRAFFIC SIGNAL,NONE DETECTED,Yes,No Apparent Injury,N/A,UNKNOWN,NA,PASSENGER CAR,SLOWING OR STOPPING,35,No,2017,BMW,440I,39.0397247,-76.9907027,2023,4,6
230018372,Injury Crash,04/17/2023 08:35:00 PM,FOREST GLEN RD,PEDESTRIAN,SINGLE VEHICLE,Clear,DRY,Medium,STOP SIGN,NONE DETECTED,Yes,No Apparent Injury,N/A,INATTENTIVE OR LOST IN THOUGHT,DC,PASSENGER CAR,ACCELERATING,25,No,2017,TOYOTA,CAMRY,39.03450883,-77.011285,2023,4,20
230018346,Property Damage Crash,04/17/2023 05:45:00 PM,WOODMONT AVE,NA,SINGLE VEHICLE,Clear,DRY,Daylight,NO CONTROLS,NONE DETECTED,Yes,No Apparent Injury,N/A,NOT DISTRACTED,DC,PASSENGER CAR,MOVING CONSTANT SPEED,25,No,2023,TESLA,MODEL Y,38.98062867,-77.09473017,2023,4,17
230018366,Property Damage Crash,04/17/2023 05:21:00 PM,GEORGIA AVE,NA,SAME DIR REAR END,Clear,DRY,Daylight,TRAFFIC SIGNAL,NONE DETECTED,Yes,No Apparent Injury,N/A,NOT DISTRACTED,MD,PASSENGER CAR,SLOWING OR STOPPING,30,No,2011,ACURA,4S,39.02529833,-77.04563667,2023,4,17
230018366,Property Damage Crash,04/17/2023 05:21:00 PM,GEORGIA AVE,NA,SAME DIR REAR END,Clear,DRY,Daylight,TRAFFIC SIGNAL,NONE DETECTED,No,No Apparent Injury,N/A,NOT DISTRACTED,MD,PASSENGER CAR,STOPPED IN TRAFFIC LANE,30,No,2016,TOYOTA,4S,39.02529833,-77.04563667,2023,4,17
230018339,Injury Crash,04/17/2023 05:12:00 PM,SNOUFFERS SCHOOL RD,NA,SINGLE VEHICLE,Clear,DRY,Daylight,NO CONTROLS,NONE DETECTED,Yes,Suspected Serious Injury,N/A,UNKNOWN,MD,PASSENGER CAR,MOVING CONSTANT SPEED,40,No,2005,FORD,FOCUS,39.16462002,-77.16728818,2023,4,17
230018340,Property Damage Crash,04/17/2023 05:00:00 PM,OLD COLUMBIA PIKE,NA,SAME DIRECTION RIGHT TURN,Clear,DRY,Daylight,NO CONTROLS,NONE DETECTED,No,No Apparent Injury,N/A,NOT DISTRACTED,DC,TRANSIT BUS,MOVING CONSTANT SPEED,35,No,2013,TBU,BUS,39.07663433,-76.95744833,2023,4,17
230018340,Property Damage Crash,04/17/2023 05:00:00 PM,OLD COLUMBIA PIKE,NA,SAME DIRECTION RIGHT TURN,Clear,DRY,Daylight,NO CONTROLS,NONE DETECTED,Yes,No Apparent Injury,N/A,LOOKED BUT DID NOT SEE,MD,PASSENGER CAR,CHANGING LANES,35,No,2020,ACUR,SD,39.07663433,-76.95744833,2023,4,17
230018331,Property Damage Crash,04/17/2023 04:20:00 PM,THORNAPPLE ST,NA,SAME DIRECTION SIDESWIPE,Clear,DRY,Daylight,STOP SIGN,NONE DETECTED,Yes,No Apparent Injury,N/A,NOT DISTRACTED,MD,PASSENGER CAR,ACCELERATING,25,No,2016,THOMAS,SCHOOL BUS,38.98332167,-77.06933033,2023,4,16
230018316,Property Damage Crash,04/17/2023 03:30:00 PM,OLD GEORGETOWN RD,NA,STRAIGHT MOVEMENT ANGLE,Clear,DRY,Daylight,OTHER,NONE DETECTED,Yes,No Apparent Injury,N/A,LOOKED BUT DID NOT SEE,MD,MOTORCYCLE,MOVING CONSTANT SPEED,35,No,2014,TRUM,STREET TRIPLE,39.038622,-77.108809,2023,4,15
230018316,Property Damage Crash,04/17/2023 03:30:00 PM,OLD GEORGETOWN RD,NA,STRAIGHT MOVEMENT ANGLE,Clear,DRY,Daylight,OTHER,NONE DETECTED,No,No Apparent Injury,N/A,NOT DISTRACTED,MD,PASSENGER CAR,MOVING CONSTANT SPEED,35,No,2014,TOYOTA,TACOMA,39.038622,-77.108809,2023,4,15
230018286,Injury Crash,04/17/2023 12:12:00 PM,KNOWLES AVE,NA,STRAIGHT MOVEMENT ANGLE,Clear,DRY,Daylight,NO CONTROLS,NONE DETECTED,No,No Apparent Injury,N/A,NOT DISTRACTED,MD,PASSENGER CAR,MOVING CONSTANT SPEED,30,No,2016,KIA,TK,39.0276825,-77.07878383,2023,4,12
230018286,Injury Crash,04/17/2023 12:12:00 PM,KNOWLES AVE,NA,STRAIGHT MOVEMENT ANGLE,Clear,DRY,Daylight,NO CONTROLS,NONE DETECTED,Yes,No Apparent Injury,N/A,NOT DISTRACTED,MD,(SPORT) UTILITY VEHICLE,ACCELERATING,30,No,2014,AUDI,UT,39.0276825,-77.07878383,2023,4,12
230018276,Property Damage Crash,04/17/2023 10:58:00 AM,403 REDLAND BLVD,NA,OTHER,Clear,DRY,Daylight,NO CONTROLS,NONE DETECTED,Yes,No Apparent Injury,N/A,UNKNOWN,FL,PASSENGER CAR,BACKING,5,No,2022,HONDA,ACCORD,39.1130554,-77.1718179,2023,4,10
230018265,Property Damage Crash,04/17/2023 10:25:00 AM,COLESVILLE RD,NA,SAME DIRECTION SIDESWIPE,Clear,DRY,Daylight,TRAFFIC SIGNAL,NONE DETECTED,Unknown,No Apparent Injury,N/A,LOOKED BUT DID NOT SEE,MD,PASSENGER CAR,MOVING CONSTANT SPEED,30,No,2015,TOYOTA,RAV4,39.001085,-77.02527583,2023,4,10
230018265,Property Damage Crash,04/17/2023 10:25:00 AM,COLESVILLE RD,NA,SAME DIRECTION SIDESWIPE,Clear,DRY,Daylight,TRAFFIC SIGNAL,NONE DETECTED,Unknown,No Apparent Injury,N/A,LOOKED BUT DID NOT SEE,MD,PASSENGER CAR,MOVING CONSTANT SPEED,30,No,2009,TOYOTA,4D,39.001085,-77.02527583,2023,4,10
230018247,Injury Crash,04/17/2023 09:00:00 AM,WISCONSIN AVE,PEDESTRIAN,OTHER,Clear,DRY,Daylight,NO CONTROLS,NONE DETECTED,Yes,No Apparent Injury,N/A,LOOKED BUT DID NOT SEE,MD,PASSENGER CAR,BACKING,25,No,2013,FORD,SU,38.98991,-77.10287667,2023,4,9
230018250,Injury Crash,04/17/2023 09:00:00 AM,CONNECTICUT AVE,NA,SAME DIR BOTH LEFT TURN,Clear,DRY,Daylight,TRAFFIC SIGNAL,NONE DETECTED,Yes,No Apparent Injury,N/A,UNKNOWN,MD,POLICE VEHICLE/EMERGENCY,MAKING LEFT TURN,35,No,2018,HONDA,CR-V,39.03356667,-77.074365,2023,4,9
230018250,Injury Crash,04/17/2023 09:00:00 AM,CONNECTICUT AVE,NA,SAME DIR BOTH LEFT TURN,Clear,DRY,Daylight,TRAFFIC SIGNAL,NONE DETECTED,No,Possible Minor Injury,N/A,NOT DISTRACTED,MD,VAN,MAKING U TURN,35,No,2017,FORD,VAN,39.03356667,-77.074365,2023,4,9
230018253,Property Damage Crash,04/17/2023 08:41:00 AM,NA,NA,OTHER,Clear,NA,Daylight,NO CONTROLS,NONE DETECTED,Yes,No Apparent Injury,N/A,NOT DISTRACTED,MD,PASSENGER CAR,BACKING,15,No,2004,TOYOTA,SIENNA,39.04236133,-77.07672483,2023,4,8
230018253,Property Damage Crash,04/17/2023 08:41:00 AM,NA,NA,OTHER,Clear,NA,Daylight,NO CONTROLS,NONE DETECTED,No,No Apparent Injury,N/A,NOT DISTRACTED,MD,SCHOOL BUS,STOPPED IN TRAFFIC LANE,15,No,2011,THOMAS,BUS,39.04236133,-77.07672483,2023,4,8
230018244,Injury Crash,04/17/2023 08:40:00 AM,NA,NA,OTHER,Clear,NA,Daylight,NO CONTROLS,NONE DETECTED,Yes,Possible Minor Injury,N/A,NOT DISTRACTED,MD,(SPORT) UTILITY VEHICLE,ACCELERATING,0,No,2006,MERCEDES,ML 350,39.11241167,-77.01654,2023,4,8
230018242,Property Damage Crash,04/17/2023 08:04:00 AM,LANDON LA,NA,STRAIGHT MOVEMENT ANGLE,Cloudy,DRY,Daylight,STOP SIGN,NONE DETECTED,Yes,No Apparent Injury,N/A,LOOKED BUT DID NOT SEE,MD,(SPORT) UTILITY VEHICLE,STARTING FROM LANE,25,No,2022,JEEP,GRAND CHEROKEE,38.98659183,-77.12163317,2023,4,8
230018242,Property Damage Crash,04/17/2023 08:04:00 AM,LANDON LA,NA,STRAIGHT MOVEMENT ANGLE,Cloudy,DRY,Daylight,STOP SIGN,NONE DETECTED,No,No Apparent Injury,N/A,NOT DISTRACTED,MD,POLICE VEHICLE/NON EMERGENCY,ACCELERATING,25,No,2018,DODGE,CHARGER,38.98659183,-77.12163317,2023,4,8
230018245,Property Damage Crash,04/17/2023 08:00:00 AM,VEIRS MILL RD,NA,SAME DIR REAR END,Clear,DRY,Daylight,N/A,NONE DETECTED,No,No Apparent Injury,N/A,NOT DISTRACTED,NA,VAN,MOVING CONSTANT SPEED,35,No,2017,FORD,TRANSIT,39.07975808,-77.13738336,2023,4,8
230018245,Property Damage Crash,04/17/2023 08:00:00 AM,VEIRS MILL RD,NA,SAME DIR REAR END,Clear,DRY,Daylight,N/A,NONE DETECTED,Yes,No Apparent Injury,N/A,NOT DISTRACTED,MD,PASSENGER CAR,MOVING CONSTANT SPEED,35,No,2020,HYUNDAI,SONATA,39.07975808,-77.13738336,2023,4,8
230018239,Injury Crash,04/17/2023 07:51:00 AM,WOODFIELD RD,NA,HEAD ON LEFT TURN,Clear,DRY,Daylight,TRAFFIC SIGNAL,NONE DETECTED,No,Possible Minor Injury,N/A,NOT DISTRACTED,MD,PASSENGER CAR,MOVING CONSTANT SPEED,30,No,2003,TOYOTA,CAMRY,39.19506833,-77.15310167,2023,4,7
230018239,Injury Crash,04/17/2023 07:51:00 AM,WOODFIELD RD,NA,HEAD ON LEFT TURN,Clear,DRY,Daylight,TRAFFIC SIGNAL,NONE DETECTED,Yes,No Apparent Injury,N/A,LOOKED BUT DID NOT SEE,MD,PICKUP TRUCK,MAKING LEFT TURN,30,No,2022,CHEV,2500,39.19506833,-77.15310167,2023,4,7
230018237,Property Damage Crash,04/17/2023 07:45:00 AM,E JEFFERSON ST,NA,SAME DIRECTION SIDESWIPE,Clear,DRY,Daylight,TRAFFIC SIGNAL,NONE DETECTED,Yes,No Apparent Injury,"N/A, RUTS, HOLES, BUMPS",NOT DISTRACTED,VA,PICKUP TRUCK,MOVING CONSTANT SPEED,30,No,2021,CHEVROLET,SILVERADO,39.08193091,-77.14928498,2023,4,7
230018237,Property Damage Crash,04/17/2023 07:45:00 AM,E JEFFERSON ST,NA,SAME DIRECTION SIDESWIPE,Clear,DRY,Daylight,TRAFFIC SIGNAL,NONE DETECTED,No,No Apparent Injury,"N/A, RUTS, HOLES, BUMPS",NOT DISTRACTED,MD,PICKUP TRUCK,MOVING CONSTANT SPEED,30,No,2016,FORD,F350,39.08193091,-77.14928498,2023,4,7
230018234,Injury Crash,04/17/2023 06:48:00 AM,FREDERICK RD,NA,STRAIGHT MOVEMENT ANGLE,Clear,DRY,Daylight,TRAFFIC SIGNAL,NONE DETECTED,Yes,No Apparent Injury,N/A,NOT DISTRACTED,MD,PASSENGER CAR,MAKING LEFT TURN,30,No,2016,TOYT,RAVA,39.198225,-77.24512167,2023,4,6
230018234,Injury Crash,04/17/2023 06:48:00 AM,FREDERICK RD,NA,STRAIGHT MOVEMENT ANGLE,Clear,DRY,Daylight,TRAFFIC SIGNAL,NONE DETECTED,No,Suspected Serious Injury,N/A,NOT DISTRACTED,MD,PASSENGER CAR,MOVING CONSTANT SPEED,35,No,2021,TOYT,CAMRY,39.198225,-77.24512167,2023,4,6
230018230,Property Damage Crash,04/17/2023 06:03:00 AM,UNIVERSITY BLVD E,NA,STRAIGHT MOVEMENT ANGLE,Clear,DRY,Medium,NO CONTROLS,NONE DETECTED,No,No Apparent Injury,N/A,NOT DISTRACTED,MD,FIRE VEHICLE/NON EMERGENCY,MOVING CONSTANT SPEED,35,No,2021,FIRE TRUCK,PIERCE,39.00254871,-76.99568252,2023,4,6
230018230,Property Damage Crash,04/17/2023 06:03:00 AM,UNIVERSITY BLVD E,NA,STRAIGHT MOVEMENT ANGLE,Clear,DRY,Medium,NO CONTROLS,NONE DETECTED,Yes,No Apparent Injury,N/A,LOOKED BUT DID NOT SEE,MD,PASSENGER CAR,MAKING LEFT TURN,35,No,1998,TOYOTA,4RUNNER,39.00254871,-76.99568252,2023,4,6
230018223,Injury Crash,04/17/2023 02:02:00 AM,MIDCOUNTY HWY,NA,SINGLE VEHICLE,Rain,WET,Medium,TRAFFIC SIGNAL,NONE DETECTED,Yes,Suspected Serious Injury,N/A,UNKNOWN,MD,PASSENGER CAR,MOVING CONSTANT SPEED,45,No,2016,HYUN,ELANTRA,39.14073717,-77.15191083,2023,4,2
230013504,Property Damage Crash,04/17/2023 12:23:00 AM,WINTERGATE DR,NA,SAME DIR REAR END,Clear,DRY,Medium,NO CONTROLS,NONE DETECTED,Yes,No Apparent Injury,N/A,UNKNOWN,WA,PASSENGER CAR,MOVING CONSTANT SPEED,35,No,2008,SATURN,VUE,39.11049432,-77.05699761,2023,4,0
230018208,Injury Crash,04/16/2023 11:05:00 PM,GEORGIA AVE,NA,STRAIGHT MOVEMENT ANGLE,Clear,DRY,Medium,TRAFFIC SIGNAL,NONE DETECTED,Yes,No Apparent Injury,N/A,UNKNOWN,NJ,PASSENGER CAR,MOVING CONSTANT SPEED,35,No,2020,NISSAN,SENTRA,39.04308461,-77.05199279,2023,4,23
230018208,Injury Crash,04/16/2023 11:05:00 PM,GEORGIA AVE,NA,STRAIGHT MOVEMENT ANGLE,Clear,DRY,Medium,TRAFFIC SIGNAL,NONE DETECTED,No,Possible Minor Injury,N/A,NOT DISTRACTED,MD,VAN,MOVING CONSTANT SPEED,35,No,2020,KIA,SEDONA,39.04308461,-77.05199279,2023,4,23
230018175,Injury Crash,04/16/2023 07:05:00 PM,ELM ST,PEDESTRIAN,STRAIGHT MOVEMENT ANGLE,Clear,DRY,Daylight,TRAFFIC SIGNAL,NONE DETECTED,Yes,No Apparent Injury,N/A,LOOKED BUT DID NOT SEE,DC,(SPORT) UTILITY VEHICLE,MAKING LEFT TURN,25,No,2016,NISSAN,ROGUE,38.982098,-77.09860583,2023,4,19
230018181,Injury Crash,04/16/2023 05:40:00 PM,BOWIE MILL RD,NA,HEAD ON,Clear,DRY,Medium,NO CONTROLS,NONE DETECTED,No,Possible Minor Injury,N/A,NOT DISTRACTED,MD,PASSENGER CAR,MOVING CONSTANT SPEED,35,No,2009,GMC,SUV,39.14974676,-77.1079814,2023,4,17
230018181,Injury Crash,04/16/2023 05:40:00 PM,BOWIE MILL RD,NA,HEAD ON,Clear,DRY,Medium,NO CONTROLS,ALCOHOL PRESENT,Yes,No Apparent Injury,N/A,NOT DISTRACTED,MD,PASSENGER CAR,MOVING CONSTANT SPEED,35,No,2003,ACURA,TL,39.14974676,-77.1079814,2023,4,17
230018164,Property Damage Crash,04/16/2023 05:00:00 PM,NA,NA,OTHER,Clear,NA,Daylight,NO CONTROLS,NONE DETECTED,No,No Apparent Injury,N/A,NOT DISTRACTED,MD,(SPORT) UTILITY VEHICLE,STOPPED IN TRAFFIC LANE,15,No,2021,VOLK,ATLAS,39.08384994,-76.94640867,2023,4,17
230018164,Property Damage Crash,04/16/2023 05:00:00 PM,NA,NA,OTHER,Clear,NA,Daylight,NO CONTROLS,NONE DETECTED,Yes,No Apparent Injury,N/A,UNKNOWN,NA,(SPORT) UTILITY VEHICLE,BACKING,15,No,2003,TOYOTA,4 RUNNER,39.08384994,-76.94640867,2023,4,17
230018149,Property Damage Crash,04/16/2023 04:07:00 PM,INDUSTRIAL PKWY,NA,N/A,Clear,DRY,Daylight,NO CONTROLS,NONE DETECTED,Yes,No Apparent Injury,N/A,INATTENTIVE OR LOST IN THOUGHT,MD,PASSENGER CAR,ACCELERATING,15,No,2018,TOYOTA,RAV4,39.05427183,-76.97017033,2023,4,16
230018142,Property Damage Crash,04/16/2023 03:06:00 PM,LAYHILL RD,NA,SAME DIR REAR END,Clear,DRY,Daylight,NO CONTROLS,NONE DETECTED,No,No Apparent Injury,N/A,NOT DISTRACTED,DC,(SPORT) UTILITY VEHICLE,SLOWING OR STOPPING,40,No,2022,HYUNDAI,UT,39.0771935,-77.0460305,2023,4,15
230018142,Property Damage Crash,04/16/2023 03:06:00 PM,LAYHILL RD,NA,SAME DIR REAR END,Clear,DRY,Daylight,NO CONTROLS,NONE DETECTED,Yes,No Apparent Injury,N/A,LOOKED BUT DID NOT SEE,MD,VAN,SLOWING OR STOPPING,40,No,2005,HOND,PV,39.0771935,-77.0460305,2023,4,15
230018136,Property Damage Crash,04/16/2023 02:25:00 PM,HUNGERFORD DR,NA,SAME DIR REAR END,Cloudy,DRY,Daylight,TRAFFIC SIGNAL,NONE DETECTED,Yes,No Apparent Injury,N/A,UNKNOWN,MD,PASSENGER CAR,STARTING FROM LANE,40,No,1974,CHEVY,CORVETTE,39.085504,-77.148488,2023,4,14
230018136,Property Damage Crash,04/16/2023 02:25:00 PM,HUNGERFORD DR,NA,SAME DIR REAR END,Cloudy,DRY,Daylight,TRAFFIC SIGNAL,NONE DETECTED,No,No Apparent Injury,N/A,NOT DISTRACTED,MD,PASSENGER CAR,STOPPED IN TRAFFIC LANE,40,No,2002,CHEV,PK,39.085504,-77.148488,2023,4,14
230018123,Injury Crash,04/16/2023 12:14:00 PM,RIDGE RD,NA,HEAD ON,Cloudy,DRY,Daylight,NO CONTROLS,NONE DETECTED,Yes,Possible Minor Injury,N/A,EATING OR DRINKING,MD,PASSENGER CAR,SLOWING OR STOPPING,50,No,2011,NISS,SENTRA SD,39.330585,-77.19024333,2023,4,12
230018123,Injury Crash,04/16/2023 12:14:00 PM,RIDGE RD,NA,HEAD ON,Cloudy,DRY,Daylight,NO CONTROLS,NONE DETECTED,No,Possible Minor Injury,N/A,NOT DISTRACTED,MD,PASSENGER CAR,MOVING CONSTANT SPEED,50,No,2020,MERZ,E450 4S,39.330585,-77.19024333,2023,4,12
230018104,Injury Crash,04/16/2023 09:01:00 AM,LAYHILL RD,BICYCLIST,OTHER,Clear,DRY,Daylight,TRAFFIC SIGNAL,NONE DETECTED,Yes,No Apparent Injury,N/A,LOOKED BUT DID NOT SEE,MD,PASSENGER CAR,MAKING LEFT TURN,40,No,2004,TOYT,4S,39.0691727,-77.0455124,2023,4,9
230018092,Injury Crash,04/16/2023 08:02:00 AM,NA,PEDESTRIAN,OTHER,Clear,NA,Daylight,N/A,NONE DETECTED,Yes,No Apparent Injury,N/A,NOT DISTRACTED,MD,(SPORT) UTILITY VEHICLE,MAKING LEFT TURN,0,No,2002,TOYOTA,SEQUOIA,39.07744483,-77.079981,2023,4,8
230018087,Property Damage Crash,04/16/2023 06:01:00 AM,CRESTMOOR DR,NA,SAME DIR REAR END,Clear,DRY,Medium,NO CONTROLS,ALCOHOL PRESENT,Yes,No Apparent Injury,N/A,UNKNOWN,MD,PASSENGER CAR,MOVING CONSTANT SPEED,30,No,2017,HYUNDAI,ELANTRA,39.02734183,-77.00838117,2023,4,6