Local Case Number,ACRS Report Type,Crash Date/Time,Road Name,Related Non-Motorist,Collision Type,Weather,Surface Condition,Light,Traffic Control,Driver Substance Abuse,Driver At Fault,Injury Severity,Circumstance,Driver Distracted By,Drivers License State,Vehicle Body Type,Vehicle Movement,Speed Limit,Driverless Vehicle,Vehicle Year,Vehicle Make,Vehicle Model,Latitude,Longitude,Year,Month,Hour
230018077,Property Damage Crash,04/16/2023 02:44:00 AM,CADDINGTON AVE,NA,OTHER,Clear,DRY,Medium,NO CONTROLS,NONE DETECTED,Yes,No Apparent Injury,N/A,UNKNOWN,NA,PASSENGER CAR,MOVING CONSTANT SPEED,25,No,2015,FORD,TK,39.03416564,-77.02206003,2023,4,2
230018073,Injury Crash,04/16/2023 02:34:00 AM,MUDDY BRANCH RD,NA,SINGLE VEHICLE,Clear,DRY,Medium,NO CONTROLS,ALCOHOL PRESENT,Yes,Possible Minor Injury,N/A,LOOKED BUT DID NOT SEE,MD,PASSENGER CAR,MOVING CONSTANT SPEED,35,No,2013,FORD,FUSION,39.1170532,-77.21677983,2023,4,2
230018068,Property Damage Crash,04/16/2023 01:30:00 AM,GEORGIA AVE,NA,SAME DIR REAR END,Clear,DRY,Dark,UNKNOWN,NONE DETECTED,No,No Apparent Injury,N/A,UNKNOWN,NA,NA,STOPPED IN TRAFFIC LANE,25,No,0,UNKNOWN,UNKNOWN,39.03561436,-77.04975141,2023,4,1
230018068,Property Damage Crash,04/16/2023 01:30:00 AM,GEORGIA AVE,NA,SAME DIR REAR END,Clear,DRY,Dark,UNKNOWN,NONE DETECTED,No,No Apparent Injury,N/A,NOT DISTRACTED,MD,PASSENGER CAR,STOPPED IN TRAFFIC LANE,25,No,2023,KIA,STING,39.03561436,-77.04975141,2023,4,1
230018068,Property Damage Crash,04/16/2023 01:30:00 AM,GEORGIA AVE,NA,SAME DIR REAR END,Clear,DRY,Dark,UNKNOWN,NONE DETECTED,Yes,No Apparent Injury,N/A,NOT DISTRACTED,XX,PASSENGER CAR,MOVING CONSTANT SPEED,25,No,2016,HONDA,CIVIC,39.03561436,-77.04975141,2023,4,1
230018051,Property Damage Crash,04/15/2023 09:35:00 PM,NEW HAMPSHIRE AVE,NA,SAME DIR REAR END,Clear,DRY,Medium,TRAFFIC SIGNAL,ALCOHOL PRESENT,Yes,No Apparent Injury,N/A,INATTENTIVE OR LOST IN THOUGHT,MD,PASSENGER CAR,MOVING CONSTANT SPEED,40,No,2003,HONDA,CIVIC,39.03628167,-76.98868333,2023,4,21
230018051,Property Damage Crash,04/15/2023 09:35:00 PM,NEW HAMPSHIRE AVE,NA,SAME DIR REAR END,Clear,DRY,Medium,TRAFFIC SIGNAL,NONE DETECTED,No,No Apparent Injury,N/A,NOT DISTRACTED,MD,PASSENGER CAR,SLOWING OR STOPPING,40,No,2018,HONDA,ACCORD,39.03628167,-76.98868333,2023,4,21
230018053,Injury Crash,04/15/2023 09:32:00 PM,GEORGIA AVE,NA,STRAIGHT MOVEMENT ANGLE,Clear,DRY,Medium,TRAFFIC SIGNAL,NONE DETECTED,No,No Apparent Injury,N/A,NOT DISTRACTED,MD,PASSENGER CAR,MOVING CONSTANT SPEED,25,No,2015,TOYOTA,COROLLA,39.04150922,-77.0517681,2023,4,21
230018053,Injury Crash,04/15/2023 09:32:00 PM,GEORGIA AVE,NA,STRAIGHT MOVEMENT ANGLE,Clear,DRY,Medium,TRAFFIC SIGNAL,NONE DETECTED,No,No Apparent Injury,N/A,NOT DISTRACTED,MD,PASSENGER CAR,MOVING CONSTANT SPEED,25,No,2022,TOYOTA,CAMRY,39.04150922,-77.0517681,2023,4,21
230018053,Injury Crash,04/15/2023 09:32:00 PM,GEORGIA AVE,NA,STRAIGHT MOVEMENT ANGLE,Clear,DRY,Medium,TRAFFIC SIGNAL,NONE DETECTED,Yes,No Apparent Injury,N/A,UNKNOWN,NA,PASSENGER CAR,MOVING CONSTANT SPEED,25,No,2007,HONDA,ACCORD,39.04150922,-77.0517681,2023,4,21
230018057,Property Damage Crash,04/15/2023 09:30:00 PM,GEORGIA AVE,NA,SAME DIR REAR END,Clear,DRY,Medium,TRAFFIC SIGNAL,NONE DETECTED,Yes,No Apparent Injury,N/A,UNKNOWN,NA,PASSENGER CAR,UNKNOWN,25,No,2007,HONDA,ACCORD,39.03112557,-77.02848652,2023,4,21
230018057,Property Damage Crash,04/15/2023 09:30:00 PM,GEORGIA AVE,NA,SAME DIR REAR END,Clear,DRY,Medium,TRAFFIC SIGNAL,NONE DETECTED,No,No Apparent Injury,N/A,NOT DISTRACTED,MD,(SPORT) UTILITY VEHICLE,STOPPED IN TRAFFIC LANE,25,No,2018,TOYOTA,RAV4,39.03112557,-77.02848652,2023,4,21
230018048,Property Damage Crash,04/15/2023 09:12:00 PM,PINEY BRANCH RD,NA,SAME DIRECTION LEFT TURN,Clear,DRY,Medium,TRAFFIC SIGNAL,NONE DETECTED,Yes,No Apparent Injury,N/A,UNKNOWN,NA,PASSENGER CAR,MOVING CONSTANT SPEED,30,No,2009,NISSAN,ROGUE,38.99969457,-76.99517408,2023,4,21
230018048,Property Damage Crash,04/15/2023 09:12:00 PM,PINEY BRANCH RD,NA,SAME DIRECTION LEFT TURN,Clear,DRY,Medium,TRAFFIC SIGNAL,NONE DETECTED,No,No Apparent Injury,N/A,NOT DISTRACTED,MD,PASSENGER CAR,MAKING LEFT TURN,30,No,2018,TOYOTA,C-HR,38.99969457,-76.99517408,2023,4,21
230018045,Property Damage Crash,04/15/2023 09:00:00 PM,NEW HAMPSHIRE AVE,NA,SAME DIRECTION RIGHT TURN,Clear,DRY,Medium,NO CONTROLS,NONE DETECTED,Yes,No Apparent Injury,N/A,UNKNOWN,NA,(SPORT) UTILITY VEHICLE,CHANGING LANES,35,No,2015,VOLVO,SUV,39.01580498,-76.97759659,2023,4,21
230018050,Property Damage Crash,04/15/2023 09:00:00 PM,ROCKVILLE PIKE,NA,SAME DIRECTION SIDESWIPE,Clear,DRY,Medium,N/A,NONE DETECTED,No,No Apparent Injury,N/A,NOT DISTRACTED,MD,(SPORT) UTILITY VEHICLE,MOVING CONSTANT SPEED,40,No,2021,HONDA,CRV,39.0809026,-77.14475484,2023,4,21
230018044,Property Damage Crash,04/15/2023 09:00:00 PM,VEIRS MILL RD,NA,SAME DIR REAR END,Clear,DRY,Medium,TRAFFIC SIGNAL,NONE DETECTED,No,No Apparent Injury,N/A,NOT DISTRACTED,MD,PICKUP TRUCK,SLOWING OR STOPPING,40,No,2009,TOYTA,TACOMA,39.0525925,-77.076015,2023,4,21
230018045,Property Damage Crash,04/15/2023 09:00:00 PM,NEW HAMPSHIRE AVE,NA,SAME DIRECTION RIGHT TURN,Clear,DRY,Medium,NO CONTROLS,NONE DETECTED,No,No Apparent Injury,N/A,NOT DISTRACTED,MD,PASSENGER CAR,MOVING CONSTANT SPEED,35,No,2015,TOYOTA,COROLLA,39.01580498,-76.97759659,2023,4,21
230018050,Property Damage Crash,04/15/2023 09:00:00 PM,ROCKVILLE PIKE,NA,SAME DIRECTION SIDESWIPE,Clear,DRY,Medium,N/A,NONE DETECTED,Yes,No Apparent Injury,N/A,UNKNOWN,NA,PASSENGER CAR,MOVING CONSTANT SPEED,40,No,2017,FORD,MUSTANG,39.0809026,-77.14475484,2023,4,21
230018044,Property Damage Crash,04/15/2023 09:00:00 PM,VEIRS MILL RD,NA,SAME DIR REAR END,Clear,DRY,Medium,TRAFFIC SIGNAL,NONE DETECTED,Yes,No Apparent Injury,N/A,INATTENTIVE OR LOST IN THOUGHT,TX,PASSENGER CAR,SLOWING OR STOPPING,40,No,2003,TOYOTA,CAMRY,39.0525925,-77.076015,2023,4,21
230018039,Property Damage Crash,04/15/2023 08:29:00 PM,VEIRS MILL RD,NA,SINGLE VEHICLE,Cloudy,DRY,Medium,NO CONTROLS,NONE DETECTED,Yes,No Apparent Injury,N/A,UNKNOWN,MD,PASSENGER CAR,MOVING CONSTANT SPEED,35,No,2009,HONDA,CIVIC,39.05088833,-77.07385833,2023,4,20
230018035,Injury Crash,04/15/2023 08:02:00 PM,BRIGGS CHANEY RD,NA,STRAIGHT MOVEMENT ANGLE,Clear,DRY,Medium,TRAFFIC SIGNAL,NONE DETECTED,No,No Apparent Injury,N/A,NOT DISTRACTED,MD,AMBULANCE/EMERGENCY,MOVING CONSTANT SPEED,35,No,2020,FRHT,AM,39.08279859,-76.94812805,2023,4,20
230018035,Injury Crash,04/15/2023 08:02:00 PM,BRIGGS CHANEY RD,NA,STRAIGHT MOVEMENT ANGLE,Clear,DRY,Medium,TRAFFIC SIGNAL,NONE DETECTED,Yes,Possible Minor Injury,N/A,UNKNOWN,MD,PASSENGER CAR,MAKING LEFT TURN,35,No,2001,MERZ,PC,39.08279859,-76.94812805,2023,4,20
230018025,Property Damage Crash,04/15/2023 06:28:00 PM,PEPPER RIDGE WAY,NA,SAME DIR REAR END,Clear,DRY,Daylight,NO CONTROLS,NONE DETECTED,Yes,No Apparent Injury,N/A,NOT DISTRACTED,MD,PASSENGER CAR,MOVING CONSTANT SPEED,35,No,2003,HONDA,ACCORD,39.150663,-77.16555233,2023,4,18
230018025,Property Damage Crash,04/15/2023 06:28:00 PM,PEPPER RIDGE WAY,NA,SAME DIR REAR END,Clear,DRY,Daylight,NO CONTROLS,NONE DETECTED,No,No Apparent Injury,N/A,NOT DISTRACTED,MD,PASSENGER CAR,SLOWING OR STOPPING,35,No,2018,HONDA,CLARITY,39.150663,-77.16555233,2023,4,18
230018017,Injury Crash,04/15/2023 06:03:00 PM,NA,PEDESTRIAN,SAME DIRECTION SIDESWIPE,Clear,NA,Daylight,N/A,NONE DETECTED,Yes,Possible Minor Injury,N/A,LOOKED BUT DID NOT SEE,MD,PASSENGER CAR,ACCELERATING,15,No,2020,BMW,M340I,39.02129667,-77.01142583,2023,4,18
230018010,Property Damage Crash,04/15/2023 04:46:00 PM,VEIRS MILL RD,NA,STRAIGHT MOVEMENT ANGLE,Clear,DRY,Daylight,STOP SIGN,NONE DETECTED,Yes,No Apparent Injury,N/A,UNKNOWN,MD,(SPORT) UTILITY VEHICLE,MOVING CONSTANT SPEED,25,No,2010,CHEV,TAVERSE,39.05830867,-77.08618733,2023,4,16
230018010,Property Damage Crash,04/15/2023 04:46:00 PM,VEIRS MILL RD,NA,STRAIGHT MOVEMENT ANGLE,Clear,DRY,Daylight,STOP SIGN,NONE DETECTED,No,No Apparent Injury,N/A,NOT DISTRACTED,MD,PASSENGER CAR,MOVING CONSTANT SPEED,35,No,2011,HYUN,ELANTRA,39.05830867,-77.08618733,2023,4,16
230018012,Property Damage Crash,04/15/2023 03:37:00 PM,NA,NA,OTHER,Clear,NA,Daylight,N/A,NONE DETECTED,Yes,No Apparent Injury,N/A,INATTENTIVE OR LOST IN THOUGHT,NA,PASSENGER CAR,ACCELERATING,15,No,2010,CHEVY,4D,38.9900345,-76.99020767,2023,4,15
230018012,Property Damage Crash,04/15/2023 03:37:00 PM,NA,NA,OTHER,Clear,NA,Daylight,N/A,NONE DETECTED,No,No Apparent Injury,N/A,NOT DISTRACTED,MD,PASSENGER CAR,PARKED,0,No,2013,NISSAN,MURANO,38.9900345,-76.99020767,2023,4,15
230017993,Property Damage Crash,04/15/2023 02:04:00 PM,WISCONSIN AVE,NA,SAME DIRECTION SIDESWIPE,Clear,DRY,Daylight,NO CONTROLS,NONE DETECTED,No,No Apparent Injury,N/A,NOT DISTRACTED,MD,STATION WAGON,MOVING CONSTANT SPEED,35,No,2015,VOLV,TK,38.984949,-77.0942415,2023,4,14
230017993,Property Damage Crash,04/15/2023 02:04:00 PM,WISCONSIN AVE,NA,SAME DIRECTION SIDESWIPE,Clear,DRY,Daylight,NO CONTROLS,NONE DETECTED,Yes,No Apparent Injury,N/A,LOOKED BUT DID NOT SEE,MD,(SPORT) UTILITY VEHICLE,CHANGING LANES,35,No,2016,GMC,UT,38.984949,-77.0942415,2023,4,14
230017989,Property Damage Crash,04/15/2023 02:02:00 PM,ROCKVILLE PIKE,NA,SAME DIR REAR END,Clear,DRY,Daylight,TRAFFIC SIGNAL,NONE DETECTED,Yes,No Apparent Injury,"BACKUP DUE TO NON-RECURRING INCIDENT, N/A",INATTENTIVE OR LOST IN THOUGHT,MD,PASSENGER CAR,SLOWING OR STOPPING,35,No,2010,TOYOTA,RAV4,39.0357995,-77.10747217,2023,4,14
230017989,Property Damage Crash,04/15/2023 02:02:00 PM,ROCKVILLE PIKE,NA,SAME DIR REAR END,Clear,DRY,Daylight,TRAFFIC SIGNAL,NONE DETECTED,No,No Apparent Injury,"BACKUP DUE TO NON-RECURRING INCIDENT, N/A",NOT DISTRACTED,MD,PASSENGER CAR,STOPPED IN TRAFFIC LANE,35,No,2006,ACURA,MDX,39.0357995,-77.10747217,2023,4,14
230017988,Injury Crash,04/15/2023 01:58:00 PM,DARNESTOWN RD,BICYCLIST,OTHER,Cloudy,DRY,Daylight,NO CONTROLS,NONE DETECTED,No,No Apparent Injury,N/A,LOOKED BUT DID NOT SEE,MD,PASSENGER CAR,MAKING RIGHT TURN,0,No,2019,HYUNDAI,TUCSON,39.11770833,-77.25185833,2023,4,13
230017986,Injury Crash,04/15/2023 01:51:00 PM,GERMANTOWN RD,NA,SAME DIRECTION RIGHT TURN,Rain,WET,Daylight,NO CONTROLS,NONE DETECTED,No,No Apparent Injury,"N/A, WET",NOT DISTRACTED,MD,PASSENGER CAR,MOVING CONSTANT SPEED,30,No,2018,KIA,FORTE,39.19296,-77.239733330000007,2023,4,13
230017986,Injury Crash,04/15/2023 01:51:00 PM,GERMANTOWN RD,NA,SAME DIRECTION RIGHT TURN,Rain,WET,Daylight,NO CONTROLS,NONE DETECTED,Yes,Possible Minor Injury,"N/A, WET",UNKNOWN,MD,PASSENGER CAR,CHANGING LANES,35,No,2010,TOYT,SEDAN,39.19296,-77.239733330000007,2023,4,13
230017984,Injury Crash,04/15/2023 01:30:00 PM,NA,OTHER PEDALCYCLIST,OTHER,Cloudy,NA,Daylight,N/A,NONE DETECTED,Yes,No Apparent Injury,"N/A, PHYSICAL OBSTRUCTION(S)",LOOKED BUT DID NOT SEE,MD,PASSENGER CAR,STARTING FROM PARKED,5,No,2014,CHEV,SILVERADO,39.07925908,-77.06372679,2023,4,13
230017987,Injury Crash,04/15/2023 01:27:00 PM,CENTURY BLVD,NA,STRAIGHT MOVEMENT ANGLE,Cloudy,DRY,Daylight,NO CONTROLS,NONE DETECTED,Yes,No Apparent Injury,N/A,LOOKED BUT DID NOT SEE,MD,PASSENGER CAR,MAKING LEFT TURN,20,No,2006,FORD,EXPLORER,39.18255349,-77.26447451,2023,4,13
230017987,Injury Crash,04/15/2023 01:27:00 PM,CENTURY BLVD,NA,STRAIGHT MOVEMENT ANGLE,Cloudy,DRY,Daylight,NO CONTROLS,NONE DETECTED,No,No Apparent Injury,N/A,NOT DISTRACTED,MD,PASSENGER CAR,MOVING CONSTANT SPEED,20,No,2023,KIA,FORTE,39.18255349,-77.26447451,2023,4,13
230017983,Property Damage Crash,04/15/2023 01:10:00 PM,FREDERICK RD,NA,SAME DIR REAR END,Clear,DRY,Daylight,TRAFFIC SIGNAL,NONE DETECTED,Yes,No Apparent Injury,N/A,NOT DISTRACTED,MD,PASSENGER CAR,SLOWING OR STOPPING,40,No,2017,MITS,LANCER,39.11591983,-77.16681967,2023,4,13
230017983,Property Damage Crash,04/15/2023 01:10:00 PM,FREDERICK RD,NA,SAME DIR REAR END,Clear,DRY,Daylight,TRAFFIC SIGNAL,NONE DETECTED,No,No Apparent Injury,N/A,NOT DISTRACTED,MD,PASSENGER CAR,STOPPED IN TRAFFIC LANE,40,No,2023,KIA,TELLURIDE,39.11591983,-77.16681967,2023,4,13
230017970,Property Damage Crash,04/15/2023 12:04:00 PM,GROSVENOR LA,NA,STRAIGHT MOVEMENT ANGLE,Clear,DRY,Daylight,STOP SIGN,NONE DETECTED,No,No Apparent Injury,N/A,NOT DISTRACTED,MD,PASSENGER CAR,MOVING CONSTANT SPEED,30,No,2008,HOND,TK,39.022335,-77.10524333,2023,4,12
230017970,Property Damage Crash,04/15/2023 12:04:00 PM,GROSVENOR LA,NA,STRAIGHT MOVEMENT ANGLE,Clear,DRY,Daylight,STOP SIGN,NONE DETECTED,Yes,No Apparent Injury,N/A,LOOKED BUT DID NOT SEE,MD,PASSENGER CAR,MAKING LEFT TURN,30,No,2013,HOND,4S,39.022335,-77.10524333,2023,4,12
230017973,Property Damage Crash,04/15/2023 11:57:00 AM,KENTLANDS BLVD,NA,STRAIGHT MOVEMENT ANGLE,Cloudy,DRY,Daylight,STOP SIGN,NONE DETECTED,No,No Apparent Injury,N/A,NOT DISTRACTED,MD,PASSENGER CAR,MOVING CONSTANT SPEED,30,No,2018,MAZDA,CX9,39.12283167,-77.23320667,2023,4,11
230017973,Property Damage Crash,04/15/2023 11:57:00 AM,KENTLANDS BLVD,NA,STRAIGHT MOVEMENT ANGLE,Cloudy,DRY,Daylight,STOP SIGN,NONE DETECTED,Yes,No Apparent Injury,N/A,LOOKED BUT DID NOT SEE,MD,PASSENGER CAR,STARTING FROM LANE,25,No,2022,HONDA,HRV,39.12283167,-77.23320667,2023,4,11
230017966,Property Damage Crash,04/15/2023 11:50:00 AM,BEALL AVE #2,NA,SAME DIRECTION SIDESWIPE,Clear,DRY,Daylight,N/A,NONE DETECTED,Yes,No Apparent Injury,N/A,NOT DISTRACTED,MD,AMBULANCE/EMERGENCY,MOVING CONSTANT SPEED,25,No,2020,FRHT,ST,39.09882346,-77.19211716,2023,4,11
230017969,Injury Crash,04/15/2023 11:35:00 AM,NEW HAMPSHIRE AVE,NA,STRAIGHT MOVEMENT ANGLE,Clear,DRY,Daylight,TRAFFIC SIGNAL,NONE DETECTED,Yes,No Apparent Injury,N/A,LOOKED BUT DID NOT SEE,MD,PICKUP TRUCK,ACCELERATING,35,No,1994,GMC,SUBURBAN,38.98760429,-76.98798473,2023,4,11
230017969,Injury Crash,04/15/2023 11:35:00 AM,NEW HAMPSHIRE AVE,NA,STRAIGHT MOVEMENT ANGLE,Clear,DRY,Daylight,TRAFFIC SIGNAL,NONE DETECTED,No,Possible Minor Injury,N/A,NOT DISTRACTED,MD,PASSENGER CAR,MOVING CONSTANT SPEED,35,No,2008,NISSAN,SENTRA,38.98760429,-76.98798473,2023,4,11
230016979,Injury Crash,04/15/2023 11:00:00 AM,LOST KNIFE RD,NA,SAME DIR REAR END,Clear,DRY,Daylight,TRAFFIC SIGNAL,NONE DETECTED,Yes,Possible Minor Injury,N/A,LOOKED BUT DID NOT SEE,XX,(SPORT) UTILITY VEHICLE,MOVING CONSTANT SPEED,35,No,2010,DODG,HB,39.15650972,-77.20629332,2023,4,11
230017697,Property Damage Crash,04/15/2023 11:00:00 AM,FIELDCREST RD,NA,SINGLE VEHICLE,Cloudy,WET,Daylight,NO CONTROLS,NONE DETECTED,Yes,No Apparent Injury,"N/A, WET",NOT DISTRACTED,MD,(SPORT) UTILITY VEHICLE,MAKING LEFT TURN,35,No,2017,NISSAN,ROGUE,39.18535807,-77.1358858,2023,4,11
230016979,Injury Crash,04/15/2023 11:00:00 AM,LOST KNIFE RD,NA,SAME DIR REAR END,Clear,DRY,Daylight,TRAFFIC SIGNAL,NONE DETECTED,No,No Apparent Injury,N/A,NOT DISTRACTED,MD,PICKUP TRUCK,STOPPED IN TRAFFIC LANE,35,No,2010,FORD,150,39.15650972,-77.20629332,2023,4,11
230017960,Property Damage Crash,04/15/2023 10:50:00 AM,FREDERICK RD,NA,HEAD ON LEFT TURN,Clear,DRY,Daylight,TRAFFIC SIGNAL,NONE DETECTED,Unknown,No Apparent Injury,N/A,NOT DISTRACTED,MD,PASSENGER CAR,MOVING CONSTANT SPEED,40,No,2013,LEXUS,LS,39.11590617,-77.16564217,2023,4,10
230017960,Property Damage Crash,04/15/2023 10:50:00 AM,FREDERICK RD,NA,HEAD ON LEFT TURN,Clear,DRY,Daylight,TRAFFIC SIGNAL,NONE DETECTED,Unknown,No Apparent Injury,N/A,NOT DISTRACTED,MD,PASSENGER CAR,MAKING LEFT TURN,40,No,2023,TOYOTA,COROLLA,39.11590617,-77.16564217,2023,4,10
230017953,Property Damage Crash,04/15/2023 09:45:00 AM,NEW HAMPSHIRE AVE,NA,SINGLE VEHICLE,Clear,DRY,Daylight,TRAFFIC SIGNAL,NONE DETECTED,Yes,No Apparent Injury,N/A,UNKNOWN,MD,PASSENGER CAR,SKIDDING,40,No,2007,TOYOTA,COROLLA,39.03020485,-76.98386695,2023,4,9
230017943,Injury Crash,04/15/2023 08:23:00 AM,BALTIMORE RD,PEDESTRIAN,SINGLE VEHICLE,Cloudy,WET,Daylight,TRAFFIC SIGNAL,NONE DETECTED,Yes,No Apparent Injury,N/A,UNKNOWN,MD,PASSENGER CAR,MAKING LEFT TURN,25,No,2012,MERZ,TK,39.08465867,-77.136484,2023,4,8
23000676,Property Damage Crash,04/15/2023 05:10:00 AM,BEACH DR,NA,SINGLE VEHICLE,Rain,WET,Dark,N/A,ALCOHOL PRESENT,Yes,No Apparent Injury,N/A,OTHER DISTRACTION,MD,PASSENGER CAR,OTHER,25,No,2005,ACURA,TSX,39.0343448,-77.0841008,2023,4,5
230017933,Property Damage Crash,04/15/2023 04:07:00 AM,W EDMONSTON DR,NA,SINGLE VEHICLE,Rain,WET,Medium,TRAFFIC SIGNAL,NONE DETECTED,Yes,No Apparent Injury,"RAIN, SNOW, WET",UNKNOWN,MD,POLICE VEHICLE/EMERGENCY,NEGOTIATING A CURVE,25,No,2020,DODGE,DURANGO,39.07140099,-77.13947179,2023,4,4
230017921,Injury Crash,04/15/2023 01:30:00 AM,PINEY BRANCH RD,NA,HEAD ON,Clear,DRY,Medium,NO CONTROLS,NONE DETECTED,No,Possible Minor Injury,N/A,NOT DISTRACTED,MD,PASSENGER CAR,MOVING CONSTANT SPEED,30,No,2021,TOYOTA,CAMRY,38.99733326,-77.00485967,2023,4,1
230017921,Injury Crash,04/15/2023 01:30:00 AM,PINEY BRANCH RD,NA,HEAD ON,Clear,DRY,Medium,NO CONTROLS,ALCOHOL PRESENT,Yes,Possible Minor Injury,N/A,UNKNOWN,MD,PASSENGER CAR,MOVING CONSTANT SPEED,30,No,2003,HONDA,ELEMENT,38.99733326,-77.00485967,2023,4,1
230017913,Property Damage Crash,04/15/2023 12:07:00 AM,LOCKWOOD DR,NA,SINGLE VEHICLE,Clear,DRY,Medium,NO CONTROLS,NONE DETECTED,Yes,No Apparent Injury,N/A,NOT DISTRACTED,MD,PASSENGER CAR,ACCELERATING,30,No,2014,HONDA,CIVIC,39.04134741,-76.98589512,2023,4,0
230017911,Injury Crash,04/15/2023 12:05:00 AM,BOUIC AVE,PEDESTRIAN,OTHER,Clear,DRY,Medium,STOP SIGN,NONE DETECTED,Yes,No Apparent Injury,N/A,NOT DISTRACTED,MD,PASSENGER CAR,MAKING LEFT TURN,20,No,2019,DODG,4S,39.06121417,-77.120909,2023,4,0
230017905,Injury Crash,04/14/2023 11:20:00 PM,REDLAND RD,NA,SAME DIR REAR END,Clear,DRY,Dark,NO CONTROLS,ALCOHOL PRESENT,Yes,No Apparent Injury,N/A,UNKNOWN,NY,PASSENGER CAR,UNKNOWN,35,No,2006,JEEP,TK,39.11550574,-77.16609956,2023,4,23
230017905,Injury Crash,04/14/2023 11:20:00 PM,REDLAND RD,NA,SAME DIR REAR END,Clear,DRY,Dark,NO CONTROLS,NONE DETECTED,No,Possible Minor Injury,N/A,NOT DISTRACTED,MD,PASSENGER CAR,MOVING CONSTANT SPEED,35,No,2022,SUBA,UT,39.11550574,-77.16609956,2023,4,23
230017906,Property Damage Crash,04/14/2023 11:10:00 PM,CONNECTICUT AVE,NA,SAME DIRECTION RIGHT TURN,Clear,DRY,Medium,TRAFFIC SIGNAL,NONE DETECTED,No,No Apparent Injury,N/A,NOT DISTRACTED,MD,PASSENGER CAR,MOVING CONSTANT SPEED,35,No,2021,HONDA,ACCORD,39.08025047,-77.08033046,2023,4,23
230017906,Property Damage Crash,04/14/2023 11:10:00 PM,CONNECTICUT AVE,NA,SAME DIRECTION RIGHT TURN,Clear,DRY,Medium,TRAFFIC SIGNAL,NONE DETECTED,Yes,No Apparent Injury,N/A,NOT DISTRACTED,MD,"CARGO VAN/LIGHT TRUCK 2 AXLES (OVER 10,000LBS (4,536 KG))",MAKING RIGHT TURN,35,No,2017,FORD,F550,39.08025047,-77.08033046,2023,4,23
230017904,Property Damage Crash,04/14/2023 11:03:00 PM,WINDING WOODS WAY,NA,SINGLE VEHICLE,Clear,DRY,Medium,N/A,NONE DETECTED,Yes,No Apparent Injury,N/A,NOT DISTRACTED,MD,PICKUP TRUCK,STARTING FROM PARKED,25,No,2022,CHEVROLET,SILVERADO,39.22425817,-77.2491355,2023,4,23
230017895,Property Damage Crash,04/14/2023 07:45:00 PM,NA,NA,SAME DIRECTION SIDESWIPE,Clear,NA,Medium,N/A,NONE DETECTED,Yes,No Apparent Injury,N/A,UNKNOWN,NA,PASSENGER CAR,MOVING CONSTANT SPEED,15,No,2022,TOYOTA,TUNDRA,39.03116518,-77.004043480000007,2023,4,19
230017890,Property Damage Crash,04/14/2023 07:30:00 PM,WASHINGTONIAN BLVD,NA,SAME DIR REAR END,Clear,DRY,Medium,NO CONTROLS,ALCOHOL PRESENT,Yes,No Apparent Injury,N/A,LOOKED BUT DID NOT SEE,VA,PASSENGER CAR,SLOWING OR STOPPING,15,No,2021,MERCEDES,GLC300,39.11671889,-77.19933679,2023,4,19
230017890,Property Damage Crash,04/14/2023 07:30:00 PM,WASHINGTONIAN BLVD,NA,SAME DIR REAR END,Clear,DRY,Medium,NO CONTROLS,NONE DETECTED,No,No Apparent Injury,N/A,NOT DISTRACTED,MD,PASSENGER CAR,SLOWING OR STOPPING,15,No,2010,TOYOTA,COROLLA,39.11671889,-77.19933679,2023,4,19
230017879,Property Damage Crash,04/14/2023 06:20:00 PM,GEORGIA AVE,NA,SAME DIR REAR END,Clear,DRY,Daylight,N/A,NONE DETECTED,Unknown,No Apparent Injury,N/A,UNKNOWN,MD,PASSENGER CAR,MOVING CONSTANT SPEED,35,No,2011,HONDA,CIVIC,39.08045867,-77.0747245,2023,4,18
230017879,Property Damage Crash,04/14/2023 06:20:00 PM,GEORGIA AVE,NA,SAME DIR REAR END,Clear,DRY,Daylight,N/A,NONE DETECTED,Unknown,No Apparent Injury,N/A,NOT DISTRACTED,MD,PICKUP TRUCK,STARTING FROM LANE,35,No,2016,FORD,F150,39.08045867,-77.0747245,2023,4,18
230017869,Property Damage Crash,04/14/2023 05:31:00 PM,GEORGIA AVE,NA,SAME DIR REAR END,Clear,DRY,Daylight,N/A,NONE DETECTED,Yes,No Apparent Injury,N/A,UNKNOWN,MD,PASSENGER CAR,MOVING CONSTANT SPEED,30,No,2014,HONDA,ACCORD,39.15745817,-77.06549283,2023,4,17
230017869,Property Damage Crash,04/14/2023 05:31:00 PM,GEORGIA AVE,NA,SAME DIR REAR END,Clear,DRY,Daylight,N/A,NONE DETECTED,No,No Apparent Injury,N/A,NOT DISTRACTED,MD,PASSENGER CAR,SLOWING OR STOPPING,30,No,2011,TOYOTA,CAMRY,39.15745817,-77.06549283,2023,4,17
230017864,Property Damage Crash,04/14/2023 05:02:00 PM,RIDGE RD,NA,SAME DIR REAR END,Cloudy,DRY,Daylight,TRAFFIC SIGNAL,NONE DETECTED,No,No Apparent Injury,N/A,NOT DISTRACTED,MD,POLICE VEHICLE/EMERGENCY,STOPPED IN TRAFFIC LANE,45,No,2017,HYUNDAI,ELANTRA,39.21009167,-77.23948333,2023,4,17
230017864,Property Damage Crash,04/14/2023 05:02:00 PM,RIDGE RD,NA,SAME DIR REAR END,Cloudy,DRY,Daylight,TRAFFIC SIGNAL,ALCOHOL PRESENT,Yes,No Apparent Injury,N/A,UNKNOWN,MD,PASSENGER CAR,SLOWING OR STOPPING,45,No,2017,MERCEDES-BENZ,C300,39.21009167,-77.23948333,2023,4,17
230017858,Property Damage Crash,04/14/2023 05:02:00 PM,NA,NA,OTHER,Clear,NA,Daylight,NO CONTROLS,NONE DETECTED,Yes,No Apparent Injury,N/A,DISTRACTED BY OUTSIDE PERSON OBJECT OR EVENT,MD,PASSENGER CAR,BACKING,5,No,2007,TOYOTA,COROLLA,39.12741529,-77.16584791,2023,4,17
230017864,Property Damage Crash,04/14/2023 05:02:00 PM,RIDGE RD,NA,SAME DIR REAR END,Cloudy,DRY,Daylight,TRAFFIC SIGNAL,NONE DETECTED,No,No Apparent Injury,N/A,NOT DISTRACTED,FL,PASSENGER CAR,STOPPED IN TRAFFIC LANE,45,No,2011,TOYOTA,PRIUS,39.21009167,-77.23948333,2023,4,17
230017859,Property Damage Crash,04/14/2023 05:00:00 PM,NA,NA,OTHER,Clear,NA,Daylight,NO CONTROLS,NONE DETECTED,No,No Apparent Injury,N/A,NOT DISTRACTED,MD,PASSENGER CAR,UNKNOWN,15,No,2008,TOYOTA,PRIUS,39.14815336,-77.22583006,2023,4,17
230017859,Property Damage Crash,04/14/2023 05:00:00 PM,NA,NA,OTHER,Clear,NA,Daylight,NO CONTROLS,NONE DETECTED,Yes,No Apparent Injury,N/A,LOOKED BUT DID NOT SEE,MD,PASSENGER CAR,UNKNOWN,15,No,2011,FORD,EXPLORER,39.14815336,-77.22583006,2023,4,17
230017854,Property Damage Crash,04/14/2023 04:45:00 PM,E DIAMOND AVE,NA,SAME DIR REAR END,Clear,DRY,Daylight,NO CONTROLS,NONE DETECTED,No,No Apparent Injury,N/A,NOT DISTRACTED,MD,POLICE VEHICLE/NON EMERGENCY,STOPPED IN TRAFFIC LANE,30,No,2018,DODGE,JOURNEY,39.142241,-77.19275883,2023,4,16