Local Case Number,ACRS Report Type,Crash Date/Time,Road Name,Related Non-Motorist,Collision Type,Weather,Surface Condition,Light,Traffic Control,Driver Substance Abuse,Driver At Fault,Injury Severity,Circumstance,Driver Distracted By,Drivers License State,Vehicle Body Type,Vehicle Movement,Speed Limit,Driverless Vehicle,Vehicle Year,Vehicle Make,Vehicle Model,Latitude,Longitude,Year,Month,Hour
230016998,Property Damage Crash,04/09/2023 11:43:00 PM,ALBERTI DR,NA,OPPOSITE DIRECTION SIDESWIPE,Clear,DRY,Medium,NO CONTROLS,NONE DETECTED,No,No Apparent Injury,N/A,NOT DISTRACTED,MD,PASSENGER CAR,MOVING CONSTANT SPEED,25,No,2014,TOYOTA,CAMRY,39.03112557,-77.02848652,2023,4,23
230016989,Property Damage Crash,04/09/2023 10:31:00 PM,COLUMBIA PIKE,NA,SAME DIR REAR END,Clear,DRY,Dark,NO CONTROLS,NONE DETECTED,No,No Apparent Injury,N/A,DISTRACTED BY OUTSIDE PERSON OBJECT OR EVENT,MD,PASSENGER CAR,MOVING CONSTANT SPEED,35,No,2018,DODGE,CHALLENGER,39.05347642,-76.97603542,2023,4,22
230016989,Property Damage Crash,04/09/2023 10:31:00 PM,COLUMBIA PIKE,NA,SAME DIR REAR END,Clear,DRY,Dark,NO CONTROLS,NONE DETECTED,No,No Apparent Injury,N/A,NOT DISTRACTED,MD,PASSENGER CAR,MOVING CONSTANT SPEED,35,No,2014,LEXUS,LS,39.05347642,-76.97603542,2023,4,22
230016989,Property Damage Crash,04/09/2023 10:31:00 PM,COLUMBIA PIKE,NA,SAME DIR REAR END,Clear,DRY,Dark,NO CONTROLS,NONE DETECTED,Yes,No Apparent Injury,N/A,UNKNOWN,NA,UNKNOWN,MOVING CONSTANT SPEED,35,Unknown,0,UNKNOWN,UNKNOWN,39.05347642,-76.97603542,2023,4,22
230016989,Property Damage Crash,04/09/2023 10:31:00 PM,COLUMBIA PIKE,NA,SAME DIR REAR END,Clear,DRY,Dark,NO CONTROLS,NONE DETECTED,No,No Apparent Injury,N/A,NOT DISTRACTED,MD,PASSENGER CAR,MOVING CONSTANT SPEED,35,No,2003,TOYOTA,CAMRY,39.05347642,-76.97603542,2023,4,22
230016990,Property Damage Crash,04/09/2023 10:30:00 PM,GEORGIA AVE,NA,SAME DIR REAR END,Clear,DRY,Medium,TRAFFIC SIGNAL,NONE DETECTED,No,No Apparent Injury,N/A,NOT DISTRACTED,MD,(SPORT) UTILITY VEHICLE,SLOWING OR STOPPING,35,No,2008,NISSAN,ROGUE,39.06834,-77.06090167,2023,4,22
230016990,Property Damage Crash,04/09/2023 10:30:00 PM,GEORGIA AVE,NA,SAME DIR REAR END,Clear,DRY,Medium,TRAFFIC SIGNAL,NONE DETECTED,Yes,No Apparent Injury,N/A,INATTENTIVE OR LOST IN THOUGHT,MD,PASSENGER CAR,MOVING CONSTANT SPEED,35,No,2004,HONDA,CIVIC,39.06834,-77.06090167,2023,4,22
230016987,Injury Crash,04/09/2023 10:05:00 PM,NA,NA,OTHER,Clear,NA,Medium,NO CONTROLS,NONE DETECTED,Yes,Possible Minor Injury,N/A,LOOKED BUT DID NOT SEE,MD,PASSENGER CAR,ACCELERATING,25,No,2013,HYUNDAI,ELANTRA,39.05128667,-76.9500325,2023,4,22
230016981,Property Damage Crash,04/09/2023 08:45:00 PM,SHADY GROVE RD,NA,SINGLE VEHICLE,Clear,DRY,Medium,TRAFFIC SIGNAL,ALCOHOL PRESENT,Yes,No Apparent Injury,N/A,NOT DISTRACTED,MD,PASSENGER CAR,MOVING CONSTANT SPEED,40,No,2004,BUICK,LE SABRE,39.1295084,-77.16423083,2023,4,20
230016977,Injury Crash,04/09/2023 08:43:00 PM,FLOWER AVE,NA,HEAD ON LEFT TURN,Clear,DRY,Medium,TRAFFIC SIGNAL,NONE DETECTED,No,No Apparent Injury,N/A,NOT DISTRACTED,MD,PASSENGER CAR,STOPPED IN TRAFFIC LANE,35,No,2021,TOYT,RAV 4,39.01035732,-77.00825353,2023,4,20
230016973,Injury Crash,04/09/2023 08:43:00 PM,CENTURY BLVD,NA,STRAIGHT MOVEMENT ANGLE,Clear,DRY,Medium,STOP SIGN,NONE DETECTED,Unknown,No Apparent Injury,N/A,UNKNOWN,MD,PASSENGER CAR,MOVING CONSTANT SPEED,35,No,2015,NISSAN,ALTIMA,39.19109863,-77.26484433,2023,4,20
230016977,Injury Crash,04/09/2023 08:43:00 PM,FLOWER AVE,NA,HEAD ON LEFT TURN,Clear,DRY,Medium,TRAFFIC SIGNAL,NONE DETECTED,Yes,No Apparent Injury,N/A,LOOKED BUT DID NOT SEE,DC,PASSENGER CAR,MAKING RIGHT TURN,35,No,2013,LEXUS,4S,39.01035732,-77.00825353,2023,4,20
230016973,Injury Crash,04/09/2023 08:43:00 PM,CENTURY BLVD,NA,STRAIGHT MOVEMENT ANGLE,Clear,DRY,Medium,STOP SIGN,NONE DETECTED,Unknown,No Apparent Injury,N/A,NOT DISTRACTED,MD,PASSENGER CAR,MOVING CONSTANT SPEED,35,No,2017,NISSAN,PATHFINDER,39.19109863,-77.26484433,2023,4,20
230016969,Property Damage Crash,04/09/2023 07:36:00 PM,WALDORF DR,NA,OPPOSITE DIRECTION SIDESWIPE,Clear,DRY,Medium,NO CONTROLS,NONE DETECTED,No,No Apparent Injury,N/A,NOT DISTRACTED,MD,PASSENGER CAR,N/A,35,No,2019,GMC,TERRAIN,39.18208284,-77.27735107,2023,4,19
230016969,Property Damage Crash,04/09/2023 07:36:00 PM,WALDORF DR,NA,OPPOSITE DIRECTION SIDESWIPE,Clear,DRY,Medium,NO CONTROLS,NONE DETECTED,Yes,No Apparent Injury,N/A,OTHER DISTRACTION,NA,PASSENGER CAR,MAKING LEFT TURN,35,No,1900,NISSAN,2D,39.18208284,-77.27735107,2023,4,19
230016963,Property Damage Crash,04/09/2023 06:09:00 PM,SANDY SPRING RD,NA,SINGLE VEHICLE,Clear,DRY,Daylight,NO CONTROLS,NONE DETECTED,Yes,No Apparent Injury,N/A,UNKNOWN,NA,PASSENGER CAR,CHANGING LANES,55,No,2017,HYUNDAI,SONATE,39.1065421,-76.92017132,2023,4,18
230016960,Property Damage Crash,04/09/2023 05:53:00 PM,MONTGOMERY AVE,NA,SAME DIRECTION LEFT TURN,Clear,DRY,Daylight,TRAFFIC SIGNAL,NONE DETECTED,No,No Apparent Injury,N/A,NOT DISTRACTED,MD,PASSENGER CAR,SLOWING OR STOPPING,20,No,2010,TOYOTA,PRUIS,38.98401083,-77.0915578,2023,4,17
230016960,Property Damage Crash,04/09/2023 05:53:00 PM,MONTGOMERY AVE,NA,SAME DIRECTION LEFT TURN,Clear,DRY,Daylight,TRAFFIC SIGNAL,NONE DETECTED,Yes,No Apparent Injury,N/A,NOT DISTRACTED,MD,(SPORT) UTILITY VEHICLE,CHANGING LANES,20,No,2021,TOYTA,RAV4,38.98401083,-77.0915578,2023,4,17
230016954,Property Damage Crash,04/09/2023 05:20:00 PM,WATKINS MILL RD,NA,STRAIGHT MOVEMENT ANGLE,Clear,DRY,Daylight,TRAFFIC SIGNAL,NONE DETECTED,No,No Apparent Injury,N/A,NOT DISTRACTED,MD,PASSENGER CAR,MAKING LEFT TURN,35,No,2016,HONDA,CIVIC,39.15608177,-77.2257691,2023,4,17
230016954,Property Damage Crash,04/09/2023 05:20:00 PM,WATKINS MILL RD,NA,STRAIGHT MOVEMENT ANGLE,Clear,DRY,Daylight,TRAFFIC SIGNAL,NONE DETECTED,Yes,No Apparent Injury,N/A,UNKNOWN,MD,PASSENGER CAR,MOVING CONSTANT SPEED,35,No,2019,HONDA,PILOT,39.15608177,-77.2257691,2023,4,17
230016949,Property Damage Crash,04/09/2023 04:28:00 PM,1336 VEIRS MILL ROAD,NA,SAME DIR REAR END,Clear,DRY,Daylight,NO CONTROLS,NONE DETECTED,Yes,No Apparent Injury,N/A,OTHER DISTRACTION,MD,PASSENGER CAR,MOVING CONSTANT SPEED,40,No,2015,HOND,SD,39.07725783,-77.12450583,2023,4,16
230016949,Property Damage Crash,04/09/2023 04:28:00 PM,1336 VEIRS MILL ROAD,NA,SAME DIR REAR END,Clear,DRY,Daylight,NO CONTROLS,NONE DETECTED,No,No Apparent Injury,N/A,NOT DISTRACTED,MD,PASSENGER CAR,MOVING CONSTANT SPEED,40,No,2020,SUBA,UT,39.07725783,-77.12450583,2023,4,16
230016946,Property Damage Crash,04/09/2023 03:30:00 PM,GOSHEN RD,NA,OTHER,Clear,DRY,Daylight,TRAFFIC SIGNAL,NONE DETECTED,Yes,No Apparent Injury,N/A,NOT DISTRACTED,MD,PASSENGER CAR,ACCELERATING,35,No,2010,HOND,UT,39.14974833,-77.23387167,2023,4,15
230016946,Property Damage Crash,04/09/2023 03:30:00 PM,GOSHEN RD,NA,OTHER,Clear,DRY,Daylight,TRAFFIC SIGNAL,NONE DETECTED,No,No Apparent Injury,N/A,NOT DISTRACTED,VA,PASSENGER CAR,STOPPED IN TRAFFIC LANE,35,No,2018,TOYOTA,TACOMA,39.14974833,-77.23387167,2023,4,15
230016925,Property Damage Crash,04/09/2023 01:07:00 PM,NA,PEDESTRIAN,OTHER,Clear,NA,Daylight,NO CONTROLS,NONE DETECTED,Yes,No Apparent Injury,N/A,LOOKED BUT DID NOT SEE,MD,PASSENGER CAR,MOVING CONSTANT SPEED,15,No,2012,SCION,XD,38.99175733,-77.03182517,2023,4,13
230016922,Property Damage Crash,04/09/2023 11:40:00 AM,NA,NA,OTHER,Clear,NA,Daylight,NO CONTROLS,NONE DETECTED,Yes,No Apparent Injury,N/A,UNKNOWN,MD,PASSENGER CAR,PARKING,5,No,2021,SUBARU,ASCENT,39.04319863,-77.11319653,2023,4,11
230016922,Property Damage Crash,04/09/2023 11:40:00 AM,NA,NA,OTHER,Clear,NA,Daylight,NO CONTROLS,NONE DETECTED,No,No Apparent Injury,N/A,NOT DISTRACTED,MD,PASSENGER CAR,PARKED,5,No,2021,TOYOTA,SIENNS,39.04319863,-77.11319653,2023,4,11
230016913,Property Damage Crash,04/09/2023 10:59:00 AM,BEL PRE RD,NA,STRAIGHT MOVEMENT ANGLE,Clear,DRY,Daylight,STOP SIGN,NONE DETECTED,No,No Apparent Injury,N/A,NOT DISTRACTED,MD,(SPORT) UTILITY VEHICLE,MOVING CONSTANT SPEED,25,No,2022,TOYT,HIGHLANDER,39.09448083,-77.09029133,2023,4,10
230016913,Property Damage Crash,04/09/2023 10:59:00 AM,BEL PRE RD,NA,STRAIGHT MOVEMENT ANGLE,Clear,DRY,Daylight,STOP SIGN,NONE DETECTED,Yes,No Apparent Injury,N/A,LOOKED BUT DID NOT SEE,MD,PASSENGER CAR,MAKING RIGHT TURN,25,No,2009,PONTIC,VIBE,39.09448083,-77.09029133,2023,4,10
230016907,Property Damage Crash,04/09/2023 09:57:00 AM,FIRSTFIELD RD,NA,STRAIGHT MOVEMENT ANGLE,Clear,N/A,Daylight,NO CONTROLS,NONE DETECTED,Yes,No Apparent Injury,N/A,LOOKED BUT DID NOT SEE,MD,PASSENGER CAR,MOVING CONSTANT SPEED,25,No,2013,FORD,SD,39.14515308,-77.22175883,2023,4,9
230016907,Property Damage Crash,04/09/2023 09:57:00 AM,FIRSTFIELD RD,NA,STRAIGHT MOVEMENT ANGLE,Clear,N/A,Daylight,NO CONTROLS,NONE DETECTED,No,No Apparent Injury,N/A,NOT DISTRACTED,MD,PASSENGER CAR,MOVING CONSTANT SPEED,25,No,2013,HOND,SD,39.14515308,-77.22175883,2023,4,9
230016899,Property Damage Crash,04/09/2023 07:30:00 AM,NA,NA,SINGLE VEHICLE,Clear,NA,Medium,NO CONTROLS,ALCOHOL PRESENT,Yes,No Apparent Injury,N/A,UNKNOWN,MD,PASSENGER CAR,MOVING CONSTANT SPEED,20,No,2008,NISSAN,ALTIMA,39.05633833,-76.96408167,2023,4,7
230016888,Property Damage Crash,04/09/2023 02:55:00 AM,ROCKVILLE PIKE,NA,SINGLE VEHICLE,Clear,DRY,Medium,TRAFFIC SIGNAL,ALCOHOL PRESENT,Yes,No Apparent Injury,N/A,OTHER DISTRACTION,MD,PASSENGER CAR,MAKING RIGHT TURN,40,No,2015,MITBISHI,LANCER,39.0307013,-77.10532924,2023,4,2
230016878,Injury Crash,04/09/2023 01:32:00 AM,GEORGIA AVE,NA,STRAIGHT MOVEMENT ANGLE,Clear,DRY,Medium,TRAFFIC SIGNAL,NONE DETECTED,Unknown,No Apparent Injury,N/A,NOT DISTRACTED,MD,PASSENGER CAR,MAKING LEFT TURN,45,No,2014,TOYT,4S,39.09346167,-77.07959,2023,4,1
230016878,Injury Crash,04/09/2023 01:32:00 AM,GEORGIA AVE,NA,STRAIGHT MOVEMENT ANGLE,Clear,DRY,Medium,TRAFFIC SIGNAL,NONE DETECTED,Unknown,No Apparent Injury,N/A,NOT DISTRACTED,MD,PASSENGER CAR,MOVING CONSTANT SPEED,45,No,2018,FORD,TK,39.09346167,-77.07959,2023,4,1
230016863,Property Damage Crash,04/08/2023 10:52:00 PM,NEW HAMPSHIRE AVE SER RD,NA,SAME DIR REAR END,Clear,DRY,Medium,NO CONTROLS,ALCOHOL PRESENT,Yes,No Apparent Injury,"N/A, V EXHAUST SYSTEM|R OTHER ROAD",LOOKED BUT DID NOT SEE,MD,PASSENGER CAR,SLOWING OR STOPPING,40,No,2001,HONDA,CIVIC,39.0358689,-76.9887733,2023,4,22
230016863,Property Damage Crash,04/08/2023 10:52:00 PM,NEW HAMPSHIRE AVE SER RD,NA,SAME DIR REAR END,Clear,DRY,Medium,NO CONTROLS,NONE DETECTED,No,No Apparent Injury,"N/A, V EXHAUST SYSTEM|R OTHER ROAD",NOT DISTRACTED,MD,POLICE VEHICLE/NON EMERGENCY,STOPPED IN TRAFFIC LANE,40,No,2016,FORD,INTERCEPTOR,39.0358689,-76.9887733,2023,4,22
230016855,Injury Crash,04/08/2023 09:50:00 PM,W DIAMOND AVE,NA,OTHER,Clear,DRY,Medium,TRAFFIC SIGNAL,NONE DETECTED,Yes,No Apparent Injury,N/A,NOT DISTRACTED,MD,PASSENGER CAR,MAKING LEFT TURN,35,No,2016,TOYT,TK,39.14196012,-77.2175907,2023,4,21
230016855,Injury Crash,04/08/2023 09:50:00 PM,W DIAMOND AVE,NA,OTHER,Clear,DRY,Medium,TRAFFIC SIGNAL,NONE DETECTED,No,Possible Minor Injury,N/A,NOT DISTRACTED,MD,PASSENGER CAR,MOVING CONSTANT SPEED,35,No,2015,TOYOTA,SIENNA,39.14196012,-77.2175907,2023,4,21
230016844,Property Damage Crash,04/08/2023 08:13:00 PM,FREDERICK RD,NA,STRAIGHT MOVEMENT ANGLE,Clear,DRY,Medium,TRAFFIC SIGNAL,NONE DETECTED,Yes,No Apparent Injury,N/A,UNKNOWN,MD,PASSENGER CAR,MOVING CONSTANT SPEED,35,No,2022,HOND,INSIGHT,39.15250983,-77.2117304,2023,4,20
230016844,Property Damage Crash,04/08/2023 08:13:00 PM,FREDERICK RD,NA,STRAIGHT MOVEMENT ANGLE,Clear,DRY,Medium,TRAFFIC SIGNAL,NONE DETECTED,No,No Apparent Injury,N/A,NOT DISTRACTED,MD,(SPORT) UTILITY VEHICLE,MOVING CONSTANT SPEED,35,No,2015,KIA,SORENTA,39.15250983,-77.2117304,2023,4,20
230016846,Property Damage Crash,04/08/2023 08:13:00 PM,CAPITAL BELTWAY,NA,SINGLE VEHICLE,Clear,DRY,Medium,NO CONTROLS,NONE DETECTED,No,No Apparent Injury,N/A,NOT DISTRACTED,VA,PASSENGER CAR,OTHER,70,No,2008,FORD,FUSION SEL,39.02002652,-76.98391361,2023,4,20
230016836,Property Damage Crash,04/08/2023 07:33:00 PM,CENTURY BLVD,NA,SAME DIRECTION LEFT TURN,Clear,DRY,Daylight,N/A,NONE DETECTED,No,No Apparent Injury,N/A,NOT DISTRACTED,VA,PASSENGER CAR,MOVING CONSTANT SPEED,35,No,2022,NISSAN,SENTRA,39.18611833,-77.26006167,2023,4,19
230016836,Property Damage Crash,04/08/2023 07:33:00 PM,CENTURY BLVD,NA,SAME DIRECTION LEFT TURN,Clear,DRY,Daylight,N/A,NONE DETECTED,Yes,No Apparent Injury,N/A,LOOKED BUT DID NOT SEE,WV,(SPORT) UTILITY VEHICLE,CHANGING LANES,35,No,2022,FORD,EXPLORER,39.18611833,-77.26006167,2023,4,19
230016824,Property Damage Crash,04/08/2023 06:15:00 PM,NEW HAMPSHIRE AVE,NA,SAME DIR REAR END,Cloudy,DRY,Daylight,TRAFFIC SIGNAL,NONE DETECTED,No,No Apparent Injury,N/A,NOT DISTRACTED,MD,PASSENGER CAR,STOPPED IN TRAFFIC LANE,35,No,2021,TOYOTA,COROLLA,38.9779705,-76.99163233,2023,4,18
230016824,Property Damage Crash,04/08/2023 06:15:00 PM,NEW HAMPSHIRE AVE,NA,SAME DIR REAR END,Cloudy,DRY,Daylight,TRAFFIC SIGNAL,NONE DETECTED,Yes,No Apparent Injury,N/A,INATTENTIVE OR LOST IN THOUGHT,MD,PASSENGER CAR,MOVING CONSTANT SPEED,35,No,2009,HONDA,ACCORD,38.9779705,-76.99163233,2023,4,18
230016824,Property Damage Crash,04/08/2023 06:15:00 PM,NEW HAMPSHIRE AVE,NA,SAME DIR REAR END,Cloudy,DRY,Daylight,TRAFFIC SIGNAL,NONE DETECTED,No,No Apparent Injury,N/A,NOT DISTRACTED,MD,PASSENGER CAR,STOPPED IN TRAFFIC LANE,35,No,2019,NISSAN,VERSA,38.9779705,-76.99163233,2023,4,18
230016826,Property Damage Crash,04/08/2023 06:14:00 PM,AVERY RD,NA,SINGLE VEHICLE,Cloudy,DRY,Daylight,NO CONTROLS,NONE DETECTED,Yes,No Apparent Injury,N/A,UNKNOWN,MD,PASSENGER CAR,MAKING LEFT TURN,25,No,2022,TESLA,MODEL Y,39.10352675,-77.1234943,2023,4,18
230016808,Injury Crash,04/08/2023 04:00:00 PM,MIDDLEBROOK RD,NA,SAME DIRECTION SIDESWIPE,Clear,DRY,Daylight,NO CONTROLS,NONE DETECTED,No,Possible Minor Injury,N/A,NOT DISTRACTED,MD,PASSENGER CAR,SLOWING OR STOPPING,35,No,2019,HONDA,SD,39.18104328,-77.2692853,2023,4,16
230016808,Injury Crash,04/08/2023 04:00:00 PM,MIDDLEBROOK RD,NA,SAME DIRECTION SIDESWIPE,Clear,DRY,Daylight,NO CONTROLS,NONE DETECTED,Yes,No Apparent Injury,N/A,NOT DISTRACTED,VA,PASSENGER CAR,MOVING CONSTANT SPEED,35,No,2019,FORD,FUSION,39.18104328,-77.2692853,2023,4,16
230016813,Property Damage Crash,04/08/2023 03:49:00 PM,OLD BALTIMORE RD,NA,HEAD ON LEFT TURN,Clear,DRY,Daylight,STOP SIGN,NONE DETECTED,Yes,No Apparent Injury,N/A,NOT DISTRACTED,MD,PASSENGER CAR,ACCELERATING,30,No,2019,HOND,UT,39.15804112,-77.04926715,2023,4,15
230016813,Property Damage Crash,04/08/2023 03:49:00 PM,OLD BALTIMORE RD,NA,HEAD ON LEFT TURN,Clear,DRY,Daylight,STOP SIGN,NONE DETECTED,No,No Apparent Injury,N/A,NOT DISTRACTED,MD,PASSENGER CAR,MAKING LEFT TURN,30,No,2022,TESL,UT,39.15804112,-77.04926715,2023,4,15
230016654,Property Damage Crash,04/08/2023 03:29:00 PM,NA,NA,OTHER,Cloudy,NA,Daylight,NO CONTROLS,NONE DETECTED,Yes,No Apparent Injury,N/A,UNKNOWN,NA,PASSENGER CAR,MAKING RIGHT TURN,5,No,2014,TOYT,TUNDRA,39.03599281,-77.05686855,2023,4,15
230016799,Property Damage Crash,04/08/2023 02:50:00 PM,NA,NA,HEAD ON LEFT TURN,Clear,NA,Daylight,N/A,NONE DETECTED,Yes,No Apparent Injury,N/A,NOT DISTRACTED,MD,POLICE VEHICLE/NON EMERGENCY,PARKING,5,No,2021,FORD,EXPLORER,39.08103466,-77.14593388,2023,4,14
230016798,Injury Crash,04/08/2023 02:46:00 PM,AIRPARK RD,NA,SINGLE VEHICLE,Clear,DRY,Daylight,N/A,NONE DETECTED,Yes,Possible Minor Injury,N/A,UNKNOWN,WV,MOTORCYCLE,MOVING CONSTANT SPEED,50,No,2020,HARLEY DAVIDSON,MC,39.15292809,-77.14160773,2023,4,14
230016801,Property Damage Crash,04/08/2023 02:30:00 PM,NA,NA,SAME DIRECTION SIDESWIPE,Cloudy,NA,Daylight,NO CONTROLS,ALCOHOL PRESENT,Yes,No Apparent Injury,N/A,UNKNOWN,MD,(SPORT) UTILITY VEHICLE,MOVING CONSTANT SPEED,15,No,2008,FORD,EXPLORER,38.99184699,-77.01265936,2023,4,14
230016778,Injury Crash,04/08/2023 12:50:00 PM,GREAT SENECA HWY,NA,SAME DIRECTION SIDESWIPE,Clear,DRY,Daylight,TRAFFIC SIGNAL,NONE DETECTED,No,No Apparent Injury,N/A,NOT DISTRACTED,MD,PASSENGER CAR,STOPPED IN TRAFFIC LANE,55,No,2020,FORD,VAN,39.10853004,-77.21209322,2023,4,12
230016778,Injury Crash,04/08/2023 12:50:00 PM,GREAT SENECA HWY,NA,SAME DIRECTION SIDESWIPE,Clear,DRY,Daylight,TRAFFIC SIGNAL,NONE DETECTED,No,Possible Minor Injury,N/A,NOT DISTRACTED,MD,PASSENGER CAR,STOPPED IN TRAFFIC LANE,55,No,2018,LEXUS,4D,39.10853004,-77.21209322,2023,4,12
230016778,Injury Crash,04/08/2023 12:50:00 PM,GREAT SENECA HWY,NA,SAME DIRECTION SIDESWIPE,Clear,DRY,Daylight,TRAFFIC SIGNAL,NONE DETECTED,No,Possible Minor Injury,N/A,NOT DISTRACTED,MD,PASSENGER CAR,STOPPED IN TRAFFIC LANE,55,No,2022,BMW,SUV,39.10853004,-77.21209322,2023,4,12
230016778,Injury Crash,04/08/2023 12:50:00 PM,GREAT SENECA HWY,NA,SAME DIRECTION SIDESWIPE,Clear,DRY,Daylight,TRAFFIC SIGNAL,NONE DETECTED,Yes,Possible Minor Injury,N/A,NOT DISTRACTED,MD,PASSENGER CAR,MOVING CONSTANT SPEED,55,No,2022,TOYO,SUV,39.10853004,-77.21209322,2023,4,12
230016780,Property Damage Crash,04/08/2023 12:30:00 PM,NEW HAMPSHIRE AVE,NA,SAME DIRECTION SIDESWIPE,Clear,DRY,Daylight,NO CONTROLS,NONE DETECTED,No,No Apparent Injury,N/A,NOT DISTRACTED,MD,PASSENGER CAR,MOVING CONSTANT SPEED,40,No,2015,HONDA,CIVIC,39.06475703,-76.99967505,2023,4,12
230016780,Property Damage Crash,04/08/2023 12:30:00 PM,NEW HAMPSHIRE AVE,NA,SAME DIRECTION SIDESWIPE,Clear,DRY,Daylight,NO CONTROLS,NONE DETECTED,Yes,No Apparent Injury,N/A,NOT DISTRACTED,XX,PICKUP TRUCK,CHANGING LANES,40,No,2007,FORD,F-150,39.06475703,-76.99967505,2023,4,12
230016775,Property Damage Crash,04/08/2023 12:08:00 PM,GOSHEN RD,NA,SINGLE VEHICLE,Clear,DRY,Daylight,NO CONTROLS,NONE DETECTED,Yes,No Apparent Injury,N/A,BY OTHER OCCUPANTS,MD,PASSENGER CAR,MOVING CONSTANT SPEED,35,No,2018,DODGE,CHALLANGER,39.20283167,-77.185795,2023,4,12
230016768,Property Damage Crash,04/08/2023 11:50:00 AM,NORBECK RD,NA,SAME DIR REAR END,Clear,DRY,Daylight,N/A,NONE DETECTED,Yes,No Apparent Injury,N/A,NOT DISTRACTED,MD,PASSENGER CAR,MOVING CONSTANT SPEED,40,No,2023,AUDI,A4,39.09072617,-77.1279695,2023,4,11
230016768,Property Damage Crash,04/08/2023 11:50:00 AM,NORBECK RD,NA,SAME DIR REAR END,Clear,DRY,Daylight,N/A,NONE DETECTED,No,No Apparent Injury,N/A,NOT DISTRACTED,MD,PASSENGER CAR,SLOWING OR STOPPING,40,No,2010,MERCEDEZ,UT,39.09072617,-77.1279695,2023,4,11
230016769,Property Damage Crash,04/08/2023 11:50:00 AM,GEORGIA AVE,NA,SAME DIR REAR END,Clear,DRY,Daylight,TRAFFIC SIGNAL,NONE DETECTED,Yes,No Apparent Injury,N/A,LOOKED BUT DID NOT SEE,MD,PASSENGER CAR,MAKING RIGHT TURN,30,No,2016,TOYOTA,PRIUS,39.152575,-77.06655,2023,4,11
230016769,Property Damage Crash,04/08/2023 11:50:00 AM,GEORGIA AVE,NA,SAME DIR REAR END,Clear,DRY,Daylight,TRAFFIC SIGNAL,NONE DETECTED,No,No Apparent Injury,N/A,NOT DISTRACTED,MD,PASSENGER CAR,STOPPED IN TRAFFIC LANE,30,No,2020,CHEVROLET,EQUINOX,39.152575,-77.06655,2023,4,11
230016765,Property Damage Crash,04/08/2023 11:29:00 AM,RANDOLPH RD,NA,STRAIGHT MOVEMENT ANGLE,Clear,DRY,Daylight,NO CONTROLS,NONE DETECTED,Yes,No Apparent Injury,N/A,INATTENTIVE OR LOST IN THOUGHT,MD,VAN,MAKING LEFT TURN,35,No,2000,MERCEDES,MOUNTAINEER,39.05748533,-77.07690183,2023,4,11
230016765,Property Damage Crash,04/08/2023 11:29:00 AM,RANDOLPH RD,NA,STRAIGHT MOVEMENT ANGLE,Clear,DRY,Daylight,NO CONTROLS,NONE DETECTED,No,No Apparent Injury,N/A,NOT DISTRACTED,MD,PASSENGER CAR,MOVING CONSTANT SPEED,35,No,2022,SUBARU,WRX,39.05748533,-77.07690183,2023,4,11
230016752,Property Damage Crash,04/08/2023 10:00:00 AM,E RANDOLPH RD,NA,SAME DIRECTION RIGHT TURN,Clear,DRY,Daylight,NO CONTROLS,NONE DETECTED,No,No Apparent Injury,N/A,NOT DISTRACTED,MD,PASSENGER CAR,MOVING CONSTANT SPEED,40,No,2019,HONDA,PILOT,39.07575126,-77.0009612,2023,4,10
230016752,Property Damage Crash,04/08/2023 10:00:00 AM,E RANDOLPH RD,NA,SAME DIRECTION RIGHT TURN,Clear,DRY,Daylight,NO CONTROLS,NONE DETECTED,Yes,No Apparent Injury,N/A,UNKNOWN,NA,NA,MAKING RIGHT TURN,40,No,0,UNKNOWN,UNKNOWN,39.07575126,-77.0009612,2023,4,10
230016743,Property Damage Crash,04/08/2023 09:36:00 AM,NORBECK RD,NA,SAME DIR REND LEFT TURN,Cloudy,DRY,Daylight,TRAFFIC SIGNAL,NONE DETECTED,No,No Apparent Injury,N/A,NOT DISTRACTED,MD,PASSENGER CAR,SLOWING OR STOPPING,35,No,2017,VOLK,4S,39.09573333,-77.11229833,2023,4,9
230016743,Property Damage Crash,04/08/2023 09:36:00 AM,NORBECK RD,NA,SAME DIR REND LEFT TURN,Cloudy,DRY,Daylight,TRAFFIC SIGNAL,NONE DETECTED,Yes,No Apparent Injury,N/A,NOT DISTRACTED,MD,PASSENGER CAR,MOVING CONSTANT SPEED,35,No,2021,TOYT,COROLLA,39.09573333,-77.11229833,2023,4,9
230016734,Property Damage Crash,04/08/2023 06:15:00 AM,VEIRS MILL RD,NA,HEAD ON LEFT TURN,Clear,DRY,Medium,TRAFFIC SIGNAL,NONE DETECTED,No,No Apparent Injury,N/A,NOT DISTRACTED,MD,PASSENGER CAR,MAKING LEFT TURN,35,No,2004,FORD,F250,39.05623283,-77.08241383,2023,4,6
230016734,Property Damage Crash,04/08/2023 06:15:00 AM,VEIRS MILL RD,NA,HEAD ON LEFT TURN,Clear,DRY,Medium,TRAFFIC SIGNAL,NONE DETECTED,Yes,No Apparent Injury,N/A,LOOKED BUT DID NOT SEE,MD,PASSENGER CAR,MOVING CONSTANT SPEED,35,No,2009,TOYOTA,CAMRY,39.05623283,-77.08241383,2023,4,6
230016733,Injury Crash,04/08/2023 06:10:00 AM,PIER POINT PL,NA,HEAD ON,Clear,DRY,Medium,N/A,NONE DETECTED,Yes,Possible Minor Injury,N/A,UNKNOWN,MD,PASSENGER CAR,MOVING CONSTANT SPEED,25,No,2009,HONDA,ACCORD,39.160445,-77.19816167,2023,4,6
230016731,Injury Crash,04/08/2023 05:10:00 AM,SHADY GROVE RD,NA,STRAIGHT MOVEMENT ANGLE,Clear,DRY,Medium,TRAFFIC SIGNAL,NONE DETECTED,No,Possible Minor Injury,N/A,NOT DISTRACTED,MD,PASSENGER CAR,MOVING CONSTANT SPEED,40,No,2012,TOYT,4S,39.14870889,-77.14714516,2023,4,5
230016731,Injury Crash,04/08/2023 05:10:00 AM,SHADY GROVE RD,NA,STRAIGHT MOVEMENT ANGLE,Clear,DRY,Medium,TRAFFIC SIGNAL,NONE DETECTED,Yes,Possible Minor Injury,N/A,NOT DISTRACTED,MD,PASSENGER CAR,MOVING CONSTANT SPEED,40,No,2019,HONDA,CIVIC,39.14870889,-77.14714516,2023,4,5
230016719,Property Damage Crash,04/08/2023 01:33:00 AM,UNIVERSITY BLVD E,NA,STRAIGHT MOVEMENT ANGLE,Clear,DRY,Medium,TRAFFIC SIGNAL,NONE DETECTED,No,No Apparent Injury,N/A,UNKNOWN,MD,PASSENGER CAR,MOVING CONSTANT SPEED,35,No,2022,TOYOTA,TAKOMA,39.01963317,-77.013298,2023,4,1
230016719,Property Damage Crash,04/08/2023 01:33:00 AM,UNIVERSITY BLVD E,NA,STRAIGHT MOVEMENT ANGLE,Clear,DRY,Medium,TRAFFIC SIGNAL,NONE DETECTED,Yes,No Apparent Injury,N/A,UNKNOWN,MD,PASSENGER CAR,ACCELERATING,35,No,2018,NISSAN,ROGUE,39.01963317,-77.013298,2023,4,1
230016711,Property Damage Crash,04/07/2023 11:32:00 PM,FAIRLAND RD,NA,STRAIGHT MOVEMENT ANGLE,Clear,DRY,Medium,TRAFFIC SIGNAL,NONE DETECTED,Yes,No Apparent Injury,N/A,LOOKED BUT DID NOT SEE,MD,PASSENGER CAR,MAKING LEFT TURN,35,No,2005,HONDA,CRVLX,39.07599094,-76.95775805,2023,4,23