Local Case Number,ACRS Report Type,Crash Date/Time,Road Name,Related Non-Motorist,Collision Type,Weather,Surface Condition,Light,Traffic Control,Driver Substance Abuse,Driver At Fault,Injury Severity,Circumstance,Driver Distracted By,Drivers License State,Vehicle Body Type,Vehicle Movement,Speed Limit,Driverless Vehicle,Vehicle Year,Vehicle Make,Vehicle Model,Latitude,Longitude,Year,Month,Hour
230015980,Property Damage Crash,04/03/2023 05:34:00 PM,WATKINS MILL RD,NA,HEAD ON LEFT TURN,Clear,DRY,Daylight,NO CONTROLS,NONE DETECTED,No,No Apparent Injury,N/A,NOT DISTRACTED,MD,PASSENGER CAR,MOVING CONSTANT SPEED,35,No,2018,NISSAN,VERSA,39.17612717,-77.20991583,2023,4,17
230015981,Property Damage Crash,04/03/2023 05:12:00 PM,RIDGE RD,NA,SAME DIR REAR END,Clear,DRY,Daylight,TRAFFIC SIGNAL,NONE DETECTED,No,No Apparent Injury,N/A,NOT DISTRACTED,MD,PICKUP TRUCK,ACCELERATING,45,No,2007,DODGE,RAM,39.20489049,-77.24642387,2023,4,17
230015981,Property Damage Crash,04/03/2023 05:12:00 PM,RIDGE RD,NA,SAME DIR REAR END,Clear,DRY,Daylight,TRAFFIC SIGNAL,NONE DETECTED,Yes,No Apparent Injury,N/A,LOOKED BUT DID NOT SEE,MD,PASSENGER CAR,ACCELERATING,45,No,2010,HYUN,ELANTRA,39.20489049,-77.24642387,2023,4,17
230015981,Property Damage Crash,04/03/2023 05:12:00 PM,RIDGE RD,NA,SAME DIR REAR END,Clear,DRY,Daylight,TRAFFIC SIGNAL,NONE DETECTED,No,No Apparent Injury,N/A,NOT DISTRACTED,MD,VAN,ACCELERATING,45,No,2018,TOYOTA,SIENNA,39.20489049,-77.24642387,2023,4,17
230015981,Property Damage Crash,04/03/2023 05:12:00 PM,RIDGE RD,NA,SAME DIR REAR END,Clear,DRY,Daylight,TRAFFIC SIGNAL,NONE DETECTED,No,No Apparent Injury,N/A,NOT DISTRACTED,MD,(SPORT) UTILITY VEHICLE,ACCELERATING,45,No,2022,ACUR,MDX,39.20489049,-77.24642387,2023,4,17
230015970,Property Damage Crash,04/03/2023 04:50:00 PM,COLUMBIA PIKE,NA,SAME DIR REAR END,Clear,DRY,Daylight,TRAFFIC SIGNAL,NONE DETECTED,Yes,No Apparent Injury,"BACKUP DUE TO REGULAR CONGESTION, N/A",LOOKED BUT DID NOT SEE,MD,POLICE VEHICLE/NON EMERGENCY,ACCELERATING,50,No,2016,FORD,INTERCEPTOR,39.09385083,-76.93902867,2023,4,16
230015970,Property Damage Crash,04/03/2023 04:50:00 PM,COLUMBIA PIKE,NA,SAME DIR REAR END,Clear,DRY,Daylight,TRAFFIC SIGNAL,NONE DETECTED,No,No Apparent Injury,"BACKUP DUE TO REGULAR CONGESTION, N/A",NOT DISTRACTED,MD,PICKUP TRUCK,STOPPED IN TRAFFIC LANE,50,No,2021,DODGE,RAM 1500,39.09385083,-76.93902867,2023,4,16
230015933,Injury Crash,04/03/2023 01:31:00 PM,OLD BALTIMORE RD,NA,SINGLE VEHICLE,Clear,DRY,Daylight,NO CONTROLS,NONE DETECTED,Yes,Possible Minor Injury,N/A,NOT DISTRACTED,XX,ALL TERRAIN VEHICLE (ATV),MOVING CONSTANT SPEED,30,No,2022,SURRON,LIGHT  BEE,39.16075512,-77.04983776,2023,4,13
230015922,Property Damage Crash,04/03/2023 01:20:00 PM,NEW HAMPSHIRE AVE,NA,SAME DIRECTION LEFT TURN,Clear,DRY,Daylight,NO CONTROLS,NONE DETECTED,No,No Apparent Injury,N/A,NOT DISTRACTED,MD,PASSENGER CAR,MOVING CONSTANT SPEED,35,No,2015,INFI,TK,39.03631333,-76.98908833,2023,4,13
230015922,Property Damage Crash,04/03/2023 01:20:00 PM,NEW HAMPSHIRE AVE,NA,SAME DIRECTION LEFT TURN,Clear,DRY,Daylight,NO CONTROLS,NONE DETECTED,Yes,No Apparent Injury,N/A,LOOKED BUT DID NOT SEE,MD,PASSENGER CAR,CHANGING LANES,35,No,2015,AUDI,SD,39.03631333,-76.98908833,2023,4,13
230015926,Injury Crash,04/03/2023 01:07:00 PM,RIDGE RD,NA,SAME DIR REAR END,Clear,DRY,Daylight,NO CONTROLS,NONE DETECTED,No,Possible Minor Injury,N/A,NOT DISTRACTED,MD,(SPORT) UTILITY VEHICLE,SLOWING OR STOPPING,45,No,2018,GMC,TERRAIN,39.19971667,-77.258935,2023,4,13
230015926,Injury Crash,04/03/2023 01:07:00 PM,RIDGE RD,NA,SAME DIR REAR END,Clear,DRY,Daylight,NO CONTROLS,NONE DETECTED,Yes,Possible Minor Injury,N/A,LOOKED BUT DID NOT SEE,MD,(SPORT) UTILITY VEHICLE,MOVING CONSTANT SPEED,45,No,2012,CHEV,EQUINOX,39.19971667,-77.258935,2023,4,13
230015931,Property Damage Crash,04/03/2023 01:05:00 PM,NEW HAMPSHIRE AVE,NA,SAME DIR REAR END,Clear,DRY,Daylight,NO CONTROLS,NONE DETECTED,No,No Apparent Injury,N/A,NOT DISTRACTED,MD,PASSENGER CAR,STOPPED IN TRAFFIC LANE,35,No,2011,HONDA,CIVIC,39.01629553,-76.97738413,2023,4,13
230015931,Property Damage Crash,04/03/2023 01:05:00 PM,NEW HAMPSHIRE AVE,NA,SAME DIR REAR END,Clear,DRY,Daylight,NO CONTROLS,NONE DETECTED,Yes,No Apparent Injury,N/A,UNKNOWN,MD,PASSENGER CAR,MOVING CONSTANT SPEED,35,No,2008,SATURN,ASTRA,39.01629553,-76.97738413,2023,4,13
230015931,Property Damage Crash,04/03/2023 01:05:00 PM,NEW HAMPSHIRE AVE,NA,SAME DIR REAR END,Clear,DRY,Daylight,NO CONTROLS,NONE DETECTED,No,No Apparent Injury,N/A,NOT DISTRACTED,MD,PASSENGER CAR,STOPPED IN TRAFFIC LANE,35,No,2004,HONDA,ACCORD,39.01629553,-76.97738413,2023,4,13
230015914,Injury Crash,04/03/2023 12:05:00 PM,OLNEY SANDY SPRING RD,NA,SAME DIR REAR END,Clear,DRY,Daylight,TRAFFIC SIGNAL,NONE DETECTED,No,No Apparent Injury,N/A,NOT DISTRACTED,MD,PASSENGER CAR,STOPPED IN TRAFFIC LANE,35,No,2012,HOND,4S,39.14956117,-77.02726417,2023,4,12
230015914,Injury Crash,04/03/2023 12:05:00 PM,OLNEY SANDY SPRING RD,NA,SAME DIR REAR END,Clear,DRY,Daylight,TRAFFIC SIGNAL,NONE DETECTED,Yes,No Apparent Injury,N/A,NOT DISTRACTED,MD,PASSENGER CAR,SLOWING OR STOPPING,35,No,2016,TOYT,UT,39.14956117,-77.02726417,2023,4,12
230015911,Property Damage Crash,04/03/2023 11:21:00 AM,GEORGIA AVE,NA,SAME DIRECTION LEFT TURN,Clear,DRY,Daylight,TRAFFIC SIGNAL,NONE DETECTED,Yes,No Apparent Injury,N/A,LOOKED BUT DID NOT SEE,MD,PASSENGER CAR,MOVING CONSTANT SPEED,30,No,2019,GENE,G80,39.15264,-77.06665417,2023,4,11
230015911,Property Damage Crash,04/03/2023 11:21:00 AM,GEORGIA AVE,NA,SAME DIRECTION LEFT TURN,Clear,DRY,Daylight,TRAFFIC SIGNAL,NONE DETECTED,No,No Apparent Injury,N/A,NOT DISTRACTED,MD,"MEDIUM/HEAVY TRUCKS 3 AXLES (OVER 10,000LBS (4,536KG))",STOPPED IN TRAFFIC LANE,30,No,2017,PETERBILT,DUMP TRUCK,39.15264,-77.06665417,2023,4,11
230015879,Injury Crash,04/03/2023 10:00:00 AM,CENTERHILL ST,NA,STRAIGHT MOVEMENT ANGLE,Clear,DRY,Daylight,STOP SIGN,NONE DETECTED,No,Possible Minor Injury,N/A,NOT DISTRACTED,MD,(SPORT) UTILITY VEHICLE,MOVING CONSTANT SPEED,40,No,2022,VOLKSWAGEN,ID.4,39.05057264,-77.07250048,2023,4,10
230015879,Injury Crash,04/03/2023 10:00:00 AM,CENTERHILL ST,NA,STRAIGHT MOVEMENT ANGLE,Clear,DRY,Daylight,STOP SIGN,NONE DETECTED,Yes,Possible Minor Injury,N/A,LOOKED BUT DID NOT SEE,MD,(SPORT) UTILITY VEHICLE,MAKING LEFT TURN,40,No,2017,HYUNDAI,TUCSON,39.05057264,-77.07250048,2023,4,10
230015881,Property Damage Crash,04/03/2023 10:00:00 AM,COLBY AVE,NA,OPPOSITE DIRECTION SIDESWIPE,Clear,DRY,Daylight,N/A,NONE DETECTED,Yes,No Apparent Injury,N/A,NOT DISTRACTED,MD,"MEDIUM/HEAVY TRUCKS 3 AXLES (OVER 10,000LBS (4,536KG))",BACKING,15,No,2011,VOLVO,TRASH TRUCK,38.97920723,-76.99640862,2023,4,10
230015878,Injury Crash,04/03/2023 09:47:00 AM,WILSON LA,NA,STRAIGHT MOVEMENT ANGLE,Clear,DRY,Daylight,NO CONTROLS,NONE DETECTED,No,No Apparent Injury,N/A,NOT DISTRACTED,FL,PASSENGER CAR,MOVING CONSTANT SPEED,25,No,2002,ACURA,TL,38.98741967,-77.10855567,2023,4,9
230015878,Injury Crash,04/03/2023 09:47:00 AM,WILSON LA,NA,STRAIGHT MOVEMENT ANGLE,Clear,DRY,Daylight,NO CONTROLS,NONE DETECTED,Yes,Possible Minor Injury,N/A,LOOKED BUT DID NOT SEE,MD,(SPORT) UTILITY VEHICLE,MAKING LEFT TURN,25,No,2016,SUBARU,OUTBACK,38.98741967,-77.10855567,2023,4,9
230015860,Injury Crash,04/03/2023 07:15:00 AM,CLOPPER RD,NA,STRAIGHT MOVEMENT ANGLE,Clear,DRY,Daylight,TRAFFIC SIGNAL,NONE DETECTED,Yes,No Apparent Injury,N/A,INATTENTIVE OR LOST IN THOUGHT,MD,PASSENGER CAR,MOVING CONSTANT SPEED,35,No,2018,DODGE,VAN,39.14363832,-77.22362476,2023,4,7
230015860,Injury Crash,04/03/2023 07:15:00 AM,CLOPPER RD,NA,STRAIGHT MOVEMENT ANGLE,Clear,DRY,Daylight,TRAFFIC SIGNAL,NONE DETECTED,No,Possible Minor Injury,N/A,NOT DISTRACTED,MD,PASSENGER CAR,MOVING CONSTANT SPEED,35,No,2019,HOND,SD,39.14363832,-77.22362476,2023,4,7
230015852,Property Damage Crash,04/02/2023 11:57:00 PM,NEW HAMPSHIRE AVE,NA,ANGLE MEETS LEFT TURN,Clear,DRY,Medium,TRAFFIC SIGNAL,NONE DETECTED,No,No Apparent Injury,N/A,NOT DISTRACTED,MD,PASSENGER CAR,MAKING LEFT TURN,35,No,2022,KIA,SD,39.01139,-76.97845667,2023,4,23
230015852,Property Damage Crash,04/02/2023 11:57:00 PM,NEW HAMPSHIRE AVE,NA,ANGLE MEETS LEFT TURN,Clear,DRY,Medium,TRAFFIC SIGNAL,NONE DETECTED,Yes,No Apparent Injury,N/A,UNKNOWN,NA,NA,MOVING CONSTANT SPEED,35,No,0,UNKNOWN,UNKNOWN,39.01139,-76.97845667,2023,4,23
230015833,Property Damage Crash,04/02/2023 08:15:00 PM,PINEY BRANCH RD,NA,SAME DIRECTION RIGHT TURN,Clear,DRY,Medium,N/A,NONE DETECTED,No,No Apparent Injury,N/A,NOT DISTRACTED,MD,PASSENGER CAR,MOVING CONSTANT SPEED,35,No,2013,HONDA,CIVIC,39.00107,-76.987095,2023,4,20
230015833,Property Damage Crash,04/02/2023 08:15:00 PM,PINEY BRANCH RD,NA,SAME DIRECTION RIGHT TURN,Clear,DRY,Medium,N/A,NONE DETECTED,Yes,No Apparent Injury,N/A,UNKNOWN,MD,PASSENGER CAR,MOVING CONSTANT SPEED,35,No,2008,HONDA,ODESSY,39.00107,-76.987095,2023,4,20
230015822,Injury Crash,04/02/2023 07:10:00 PM,EISENHOWER MEMORIAL HWY,NA,SAME DIR REAR END,Clear,DRY,Daylight,TRAFFIC SIGNAL,NONE DETECTED,Yes,No Apparent Injury,N/A,INATTENTIVE OR LOST IN THOUGHT,MD,PASSENGER CAR,MOVING CONSTANT SPEED,35,No,2003,TOYOTA,CAMRY,39.02175667,-77.14222167,2023,4,19
230015822,Injury Crash,04/02/2023 07:10:00 PM,EISENHOWER MEMORIAL HWY,NA,SAME DIR REAR END,Clear,DRY,Daylight,TRAFFIC SIGNAL,NONE DETECTED,No,Possible Minor Injury,N/A,NOT DISTRACTED,MD,(SPORT) UTILITY VEHICLE,MAKING LEFT TURN,35,No,2022,MERCEDES,GLB250,39.02175667,-77.14222167,2023,4,19
23000587,Property Damage Crash,04/02/2023 06:57:00 PM,NA,NA,OTHER,Clear,NA,Daylight,N/A,NONE DETECTED,No,No Apparent Injury,N/A,NOT DISTRACTED,MD,OTHER,PARKED,0,No,2023,TRACKER,M,39.19898,-77.29598,2023,4,18
23000587,Property Damage Crash,04/02/2023 06:57:00 PM,NA,NA,OTHER,Clear,NA,Daylight,N/A,NONE DETECTED,Yes,No Apparent Injury,N/A,NOT DISTRACTED,NA,PICKUP TRUCK,PARKING,5,No,2020,DODGE,RAM,39.19898,-77.29598,2023,4,18
230015824,Property Damage Crash,04/02/2023 06:45:00 PM,NA,NA,SAME DIRECTION SIDESWIPE,Clear,NA,Daylight,NO CONTROLS,ALCOHOL PRESENT,Yes,No Apparent Injury,N/A,OTHER DISTRACTION,MD,PASSENGER CAR,PARKING,0,No,2003,HONDA,PILOT,38.99763,-76.99694833,2023,4,18
230015798,Property Damage Crash,04/02/2023 02:58:00 PM,CONNECTICUT AVE,NA,SAME DIRECTION RIGHT TURN,Clear,DRY,Daylight,TRAFFIC SIGNAL,NONE DETECTED,Yes,No Apparent Injury,N/A,LOOKED BUT DID NOT SEE,MD,PICKUP TRUCK,CHANGING LANES,30,No,2014,RAM,1500,39.03151833,-77.0751,2023,4,14
230015798,Property Damage Crash,04/02/2023 02:58:00 PM,CONNECTICUT AVE,NA,SAME DIRECTION RIGHT TURN,Clear,DRY,Daylight,TRAFFIC SIGNAL,NONE DETECTED,No,No Apparent Injury,N/A,NOT DISTRACTED,MD,POLICE VEHICLE/EMERGENCY,SLOWING OR STOPPING,30,No,2012,TOYOTA,COROLLA,39.03151833,-77.0751,2023,4,14
230015894,Property Damage Crash,04/02/2023 02:30:00 PM,NA,NA,N/A,Clear,NA,Daylight,N/A,NONE DETECTED,Yes,No Apparent Injury,N/A,UNKNOWN,NA,PASSENGER CAR,BACKING,5,No,2016,TOYOTA,AVALON,39.12553815,-77.2386364,2023,4,14
230015780,Injury Crash,04/02/2023 01:18:00 PM,NA,NA,OTHER,Clear,NA,Daylight,NO CONTROLS,NONE DETECTED,No,No Apparent Injury,N/A,NOT DISTRACTED,MD,PASSENGER CAR,PARKED,5,No,2013,TOYOTA,4S,39.15037,-77.02182667,2023,4,13
230015780,Injury Crash,04/02/2023 01:18:00 PM,NA,NA,OTHER,Clear,NA,Daylight,NO CONTROLS,NONE DETECTED,No,No Apparent Injury,N/A,NOT DISTRACTED,DC,PASSENGER CAR,PARKED,5,No,2012,TOYOTA,COROLLA,39.15037,-77.02182667,2023,4,13
230015780,Injury Crash,04/02/2023 01:18:00 PM,NA,NA,OTHER,Clear,NA,Daylight,NO CONTROLS,NONE DETECTED,Yes,Possible Minor Injury,N/A,INATTENTIVE OR LOST IN THOUGHT,MD,PASSENGER CAR,BACKING,5,No,2002,HONDA,ACCORD,39.15037,-77.02182667,2023,4,13
230015777,Injury Crash,04/02/2023 12:53:00 PM,NA,PEDESTRIAN,OTHER,Clear,NA,Daylight,NO CONTROLS,NONE DETECTED,Yes,No Apparent Injury,N/A,LOOKED BUT DID NOT SEE,MD,PASSENGER CAR,BACKING,5,No,2014,GMC,TERRAIN,38.99206833,-77.03204,2023,4,12
230015774,Injury Crash,04/02/2023 12:02:00 PM,CAPITAL BELTWAY,NA,SAME DIR REAR END,Clear,DRY,Daylight,NO CONTROLS,NONE DETECTED,Yes,Possible Minor Injury,N/A,UNKNOWN,MD,PASSENGER CAR,MOVING CONSTANT SPEED,55,No,2021,TOYOTA,COROLLA,39.01397367,-77.05596567,2023,4,12
230015774,Injury Crash,04/02/2023 12:02:00 PM,CAPITAL BELTWAY,NA,SAME DIR REAR END,Clear,DRY,Daylight,NO CONTROLS,NONE DETECTED,No,No Apparent Injury,N/A,NOT DISTRACTED,VA,PASSENGER CAR,MOVING CONSTANT SPEED,55,No,2013,LEXUS,RX350,39.01397367,-77.05596567,2023,4,12
230015774,Injury Crash,04/02/2023 12:02:00 PM,CAPITAL BELTWAY,NA,SAME DIR REAR END,Clear,DRY,Daylight,NO CONTROLS,NONE DETECTED,No,No Apparent Injury,N/A,NOT DISTRACTED,MD,PASSENGER CAR,MOVING CONSTANT SPEED,55,No,2022,HONDA,ACCORD,39.01397367,-77.05596567,2023,4,12
230015761,Injury Crash,04/02/2023 10:46:00 AM,FLEET ST,NA,STRAIGHT MOVEMENT ANGLE,Clear,DRY,Daylight,TRAFFIC SIGNAL,NONE DETECTED,Unknown,Possible Minor Injury,N/A,UNKNOWN,MD,PASSENGER CAR,MAKING LEFT TURN,30,No,2022,DODGE,CHARGER,39.0807354,-77.15005649,2023,4,10
230015761,Injury Crash,04/02/2023 10:46:00 AM,FLEET ST,NA,STRAIGHT MOVEMENT ANGLE,Clear,DRY,Daylight,TRAFFIC SIGNAL,NONE DETECTED,Unknown,No Apparent Injury,N/A,UNKNOWN,MD,PASSENGER CAR,MAKING LEFT TURN,30,No,2014,FORD,PC,39.0807354,-77.15005649,2023,4,10
230015759,Property Damage Crash,04/02/2023 10:06:00 AM,NORBECK RD,NA,HEAD ON,Clear,DRY,Daylight,NO CONTROLS,NONE DETECTED,Yes,No Apparent Injury,N/A,NOT DISTRACTED,MD,PASSENGER CAR,MOVING CONSTANT SPEED,35,No,2021,HONDA,ACCORD,39.11972717,-77.042473,2023,4,10
230015759,Property Damage Crash,04/02/2023 10:06:00 AM,NORBECK RD,NA,HEAD ON,Clear,DRY,Daylight,NO CONTROLS,NONE DETECTED,No,No Apparent Injury,N/A,NOT DISTRACTED,MD,VAN,STOPPED IN TRAFFIC LANE,35,No,2010,FORD,E250,39.11972717,-77.042473,2023,4,10
230015750,Injury Crash,04/02/2023 07:21:00 AM,TWINBROOK PKWY,NA,SINGLE VEHICLE,Clear,DRY,Daylight,NO CONTROLS,NONE DETECTED,Yes,Possible Minor Injury,N/A,NOT DISTRACTED,MD,PASSENGER CAR,MOVING CONSTANT SPEED,25,No,2008,BMW,SD,39.07592017,-77.1113365,2023,4,7
230015743,Property Damage Crash,04/02/2023 02:46:00 AM,EAST WEST HWY,NA,SINGLE VEHICLE,Clear,DRY,Medium,NO CONTROLS,NONE DETECTED,Yes,No Apparent Injury,N/A,LOOKED BUT DID NOT SEE,VA,(SPORT) UTILITY VEHICLE,MOVING CONSTANT SPEED,35,No,2022,CHEVY,TAHOE,38.99599643,-77.04133687,2023,4,2
230015741,Injury Crash,04/02/2023 01:51:00 AM,NORBECK RD,NA,HEAD ON,Clear,DRY,Medium,OTHER,NONE DETECTED,Yes,No Apparent Injury,N/A,TALKING OR LISTENING TO CELLULAR PHONE,MD,PASSENGER CAR,ACCELERATING,45,No,2022,DODGE,CHARGER,39.11888676,-77.02103918,2023,4,1
230015741,Injury Crash,04/02/2023 01:51:00 AM,NORBECK RD,NA,HEAD ON,Clear,DRY,Medium,OTHER,NONE DETECTED,No,Possible Minor Injury,N/A,NOT DISTRACTED,MD,PICKUP TRUCK,PARKED,45,No,2014,FORD,F350,39.11888676,-77.02103918,2023,4,1
230015730,Injury Crash,04/01/2023 11:20:00 PM,CLOPPER RD,NA,SAME DIR REAR END,Clear,DRY,Medium,N/A,NONE DETECTED,Yes,No Apparent Injury,N/A,UNKNOWN,NA,UNKNOWN,UNKNOWN,35,No,0,UNKNOWN,UNKNOWN,39.14379425,-77.22424467,2023,4,23
230015730,Injury Crash,04/01/2023 11:20:00 PM,CLOPPER RD,NA,SAME DIR REAR END,Clear,DRY,Medium,N/A,NONE DETECTED,No,Possible Minor Injury,N/A,NOT DISTRACTED,MD,PASSENGER CAR,STOPPED IN TRAFFIC LANE,35,No,2015,NISSAN,4H,39.14379425,-77.22424467,2023,4,23
230015725,Property Damage Crash,04/01/2023 10:57:00 PM,COLESVILLE RD,NA,OTHER,Clear,DRY,Dark,NO CONTROLS,ALCOHOL PRESENT,Yes,No Apparent Injury,N/A,NOT DISTRACTED,MD,PASSENGER CAR,MOVING CONSTANT SPEED,35,No,2017,HOND,HB,38.99281,-77.034535,2023,4,22
230015726,Property Damage Crash,04/01/2023 10:42:00 PM,WISTERIA DR,NA,OPPOSITE DIRECTION SIDESWIPE,Clear,DRY,Dark,NO CONTROLS,ALCOHOL PRESENT,Yes,No Apparent Injury,N/A,NOT DISTRACTED,MD,PASSENGER CAR,LEAVING TRAFFIC LANE,30,No,2016,TOYOTA,4S,39.16366222,-77.25887455,2023,4,22
230015717,Property Damage Crash,04/01/2023 09:19:00 PM,SHADY GROVE RD,NA,SINGLE VEHICLE,Windy,DRY,Medium,NO CONTROLS,NONE DETECTED,No,No Apparent Injury,"DEBRIS OR OBSTRUCTION, SEVERE CROSSWINDS",NOT DISTRACTED,MD,PASSENGER CAR,MOVING CONSTANT SPEED,35,No,2020,KIA,STINGER,39.12765667,-77.17177833,2023,4,21
230015713,Property Damage Crash,04/01/2023 08:59:00 PM,PINEY BRANCH RD,NA,OTHER,Rain,WET,Medium,TRAFFIC SIGNAL,NONE DETECTED,No,No Apparent Injury,N/A,NOT DISTRACTED,MD,PASSENGER CAR,MOVING CONSTANT SPEED,35,No,2010,TOYOTA,COROLLA,39.00058667,-76.989555,2023,4,20
230015713,Property Damage Crash,04/01/2023 08:59:00 PM,PINEY BRANCH RD,NA,OTHER,Rain,WET,Medium,TRAFFIC SIGNAL,ALCOHOL PRESENT,Yes,No Apparent Injury,N/A,LOOKED BUT DID NOT SEE,XX,PASSENGER CAR,MOVING CONSTANT SPEED,35,No,2019,TOYOTA,CAMRY,39.00058667,-76.989555,2023,4,20
230015713,Property Damage Crash,04/01/2023 08:59:00 PM,PINEY BRANCH RD,NA,OTHER,Rain,WET,Medium,TRAFFIC SIGNAL,NONE DETECTED,No,No Apparent Injury,N/A,NOT DISTRACTED,MD,PASSENGER CAR,MOVING CONSTANT SPEED,35,No,2008,FORD,CP,39.00058667,-76.989555,2023,4,20
230015711,Injury Crash,04/01/2023 08:30:00 PM,UNIVERSITY BLVD E,NA,SAME DIR REAR END,Clear,DRY,Medium,NO CONTROLS,NONE DETECTED,No,No Apparent Injury,N/A,NOT DISTRACTED,MD,PASSENGER CAR,MOVING CONSTANT SPEED,35,No,2010,ACURA,4DR,39.00310701,-76.99590656,2023,4,20
230015711,Injury Crash,04/01/2023 08:30:00 PM,UNIVERSITY BLVD E,NA,SAME DIR REAR END,Clear,DRY,Medium,NO CONTROLS,ALCOHOL PRESENT,Yes,Possible Minor Injury,N/A,UNKNOWN,MD,PASSENGER CAR,MOVING CONSTANT SPEED,35,No,2017,HONDA,CIVIC,39.00310701,-76.99590656,2023,4,20
230015705,Property Damage Crash,04/01/2023 08:04:00 PM,BEL PRE RD,NA,SAME DIR REAR END,Clear,DRY,Medium,TRAFFIC SIGNAL,NONE DETECTED,No,No Apparent Injury,N/A,NOT DISTRACTED,MD,(SPORT) UTILITY VEHICLE,STOPPED IN TRAFFIC LANE,35,No,2009,TOYOTA,RAV4,39.0905965,-77.04797117,2023,4,20
230015705,Property Damage Crash,04/01/2023 08:04:00 PM,BEL PRE RD,NA,SAME DIR REAR END,Clear,DRY,Medium,TRAFFIC SIGNAL,NONE DETECTED,Yes,No Apparent Injury,N/A,NOT DISTRACTED,MD,PASSENGER CAR,SLOWING OR STOPPING,35,No,2015,TOYOTA,COROLLA,39.0905965,-77.04797117,2023,4,20
230015705,Property Damage Crash,04/01/2023 08:04:00 PM,BEL PRE RD,NA,SAME DIR REAR END,Clear,DRY,Medium,TRAFFIC SIGNAL,NONE DETECTED,No,No Apparent Injury,N/A,NOT DISTRACTED,MD,TRANSIT BUS,STOPPED IN TRAFFIC LANE,35,No,2014,GILL,BUS,39.0905965,-77.04797117,2023,4,20
230015704,Fatal Crash,04/01/2023 07:37:00 PM,NORBECK RD,NA,HEAD ON,Clear,DRY,Medium,NO CONTROLS,NONE DETECTED,No,No Apparent Injury,N/A,NOT DISTRACTED,NJ,PASSENGER CAR,MOVING CONSTANT SPEED,45,No,2019,NISSAN,ROGUE,39.12036892,-77.01694114,2023,4,19
230015704,Fatal Crash,04/01/2023 07:37:00 PM,NORBECK RD,NA,HEAD ON,Clear,DRY,Medium,NO CONTROLS,ALCOHOL PRESENT,Yes,Fatal Injury,N/A,UNKNOWN,MD,PASSENGER CAR,NEGOTIATING A CURVE,45,No,2012,HONDA,PILOT,39.12036892,-77.01694114,2023,4,19
230015704,Fatal Crash,04/01/2023 07:37:00 PM,NORBECK RD,NA,HEAD ON,Clear,DRY,Medium,NO CONTROLS,NONE DETECTED,No,Suspected Serious Injury,N/A,NOT DISTRACTED,MD,PASSENGER CAR,MOVING CONSTANT SPEED,45,No,2019,HONDA,PILOT,39.12036892,-77.01694114,2023,4,19
230015696,Injury Crash,04/01/2023 06:30:00 PM,EAST WEST HWY,NA,SAME DIR REAR END,Rain,WET,Daylight,STOP SIGN,NONE DETECTED,Yes,Possible Minor Injury,"N/A, WET",NOT DISTRACTED,MD,PASSENGER CAR,MOVING CONSTANT SPEED,30,No,2016,BMW,COUPE,38.98788483,-77.07949967,2023,4,18
230015696,Injury Crash,04/01/2023 06:30:00 PM,EAST WEST HWY,NA,SAME DIR REAR END,Rain,WET,Daylight,STOP SIGN,NONE DETECTED,Yes,No Apparent Injury,"N/A, WET",NOT DISTRACTED,MD,PASSENGER CAR,ACCELERATING,30,No,2014,TOYOTA,COROLLA,38.98788483,-77.07949967,2023,4,18
230015695,Property Damage Crash,04/01/2023 06:20:00 PM,UNIVERSITY BLVD W,NA,HEAD ON LEFT TURN,Rain,WET,Daylight,TRAFFIC SIGNAL,NONE DETECTED,No,No Apparent Injury,"RAIN, SNOW, WET",UNKNOWN,MD,PASSENGER CAR,MOVING CONSTANT SPEED,35,No,2017,FORD,FUSION,39.04106183,-77.04841533,2023,4,18
230015695,Property Damage Crash,04/01/2023 06:20:00 PM,UNIVERSITY BLVD W,NA,HEAD ON LEFT TURN,Rain,WET,Daylight,TRAFFIC SIGNAL,NONE DETECTED,Yes,No Apparent Injury,"RAIN, SNOW, WET",UNKNOWN,DC,TRANSIT BUS,MAKING LEFT TURN,35,No,2014,GILL,BUS,39.04106183,-77.04841533,2023,4,18
230015688,Injury Crash,04/01/2023 05:30:00 PM,HUNGERFORD DR,NA,SAME DIR REAR END,Clear,DRY,Daylight,TRAFFIC SIGNAL,NONE DETECTED,Yes,Possible Minor Injury,N/A,NOT DISTRACTED,VA,PASSENGER CAR,MOVING CONSTANT SPEED,35,No,2006,LEXUS,RX 330,39.085186,-77.1480525,2023,4,17
230015688,Injury Crash,04/01/2023 05:30:00 PM,HUNGERFORD DR,NA,SAME DIR REAR END,Clear,DRY,Daylight,TRAFFIC SIGNAL,NONE DETECTED,No,No Apparent Injury,N/A,NOT DISTRACTED,MD,PASSENGER CAR,STOPPED IN TRAFFIC LANE,35,No,2023,LEXUS,SD,39.085186,-77.1480525,2023,4,17
230015688,Injury Crash,04/01/2023 05:30:00 PM,HUNGERFORD DR,NA,SAME DIR REAR END,Clear,DRY,Daylight,TRAFFIC SIGNAL,NONE DETECTED,No,No Apparent Injury,N/A,NOT DISTRACTED,MD,PASSENGER CAR,STOPPED IN TRAFFIC LANE,35,No,2019,MERCEDES,4S,39.085186,-77.1480525,2023,4,17
230015688,Injury Crash,04/01/2023 05:30:00 PM,HUNGERFORD DR,NA,SAME DIR REAR END,Clear,DRY,Daylight,TRAFFIC SIGNAL,NONE DETECTED,No,No Apparent Injury,N/A,NOT DISTRACTED,MD,PASSENGER CAR,STOPPED IN TRAFFIC LANE,35,No,2008,SUBARU,LEGACY,39.085186,-77.1480525,2023,4,17
230015694,Property Damage Crash,04/01/2023 05:26:00 PM,TWINBROOK PKWY,NA,SAME DIRECTION SIDESWIPE,Clear,DRY,Daylight,TRAFFIC SIGNAL,NONE DETECTED,No,No Apparent Injury,N/A,NOT DISTRACTED,MD,(SPORT) UTILITY VEHICLE,STOPPED IN TRAFFIC LANE,40,No,2012,JEEP,LIBERTY,39.07329296,-77.11203854,2023,4,17
230015694,Property Damage Crash,04/01/2023 05:26:00 PM,TWINBROOK PKWY,NA,SAME DIRECTION SIDESWIPE,Clear,DRY,Daylight,TRAFFIC SIGNAL,NONE DETECTED,Yes,No Apparent Injury,N/A,NOT DISTRACTED,VA,(SPORT) UTILITY VEHICLE,STARTING FROM LANE,40,No,2006,LEXUS,RX330,39.07329296,-77.11203854,2023,4,17
230015684,Injury Crash,04/01/2023 04:56:00 PM,NA,PEDESTRIAN,SINGLE VEHICLE,Clear,NA,Daylight,NO CONTROLS,NONE DETECTED,Yes,No Apparent Injury,N/A,UNKNOWN,NA,PASSENGER CAR,ACCELERATING,15,No,1990,NISSAN,TRUCK,39.03936487,-77.02629433,2023,4,16
230015683,Property Damage Crash,04/01/2023 04:45:00 PM,OLD GEORGETOWN RD,NA,OTHER,Clear,DRY,Daylight,TRAFFIC SIGNAL,NONE DETECTED,No,No Apparent Injury,N/A,NOT DISTRACTED,MD,PASSENGER CAR,MOVING CONSTANT SPEED,35,No,2016,MERCEDES,E350,39.01330833,-77.11732333,2023,4,16