Local Case Number,ACRS Report Type,Crash Date/Time,Road Name,Related Non-Motorist,Collision Type,Weather,Surface Condition,Light,Traffic Control,Driver Substance Abuse,Driver At Fault,Injury Severity,Circumstance,Driver Distracted By,Drivers License State,Vehicle Body Type,Vehicle Movement,Speed Limit,Driverless Vehicle,Vehicle Year,Vehicle Make,Vehicle Model,Latitude,Longitude,Year,Month,Hour
230015683,Property Damage Crash,04/01/2023 04:45:00 PM,OLD GEORGETOWN RD,NA,OTHER,Clear,DRY,Daylight,TRAFFIC SIGNAL,NONE DETECTED,Yes,No Apparent Injury,N/A,UNKNOWN,MD,"OTHER LIGHT TRUCKS (10,000LBS (4,536KG) OR LESS)",MAKING U TURN,35,No,2019,INTL,4000,39.01330833,-77.11732333,2023,4,16
230015682,Property Damage Crash,04/01/2023 04:43:00 PM,MARYLAND AVE,NA,STRAIGHT MOVEMENT ANGLE,Clear,DRY,Daylight,TRAFFIC SIGNAL,NONE DETECTED,No,No Apparent Injury,N/A,NOT DISTRACTED,MD,PASSENGER CAR,MOVING CONSTANT SPEED,30,No,2022,MAZD,SD,39.08270726,-77.15107842,2023,4,16
230015682,Property Damage Crash,04/01/2023 04:43:00 PM,MARYLAND AVE,NA,STRAIGHT MOVEMENT ANGLE,Clear,DRY,Daylight,TRAFFIC SIGNAL,NONE DETECTED,Yes,No Apparent Injury,N/A,NOT DISTRACTED,MD,PASSENGER CAR,MOVING CONSTANT SPEED,30,No,2011,MAZDA,SD,39.08270726,-77.15107842,2023,4,16
230015676,Injury Crash,04/01/2023 04:21:00 PM,GEORGIA AVE,NA,ANGLE MEETS LEFT TURN,Clear,DRY,Daylight,NO CONTROLS,NONE DETECTED,No,No Apparent Injury,N/A,NOT DISTRACTED,MD,PASSENGER CAR,MOVING CONSTANT SPEED,35,No,2011,NISSAN,ROGUE,39.08514256,-77.07859964,2023,4,16
230015676,Injury Crash,04/01/2023 04:21:00 PM,GEORGIA AVE,NA,ANGLE MEETS LEFT TURN,Clear,DRY,Daylight,NO CONTROLS,NONE DETECTED,Yes,Possible Minor Injury,N/A,UNKNOWN,MD,PASSENGER CAR,MOVING CONSTANT SPEED,35,No,2008,TOYT,HIGHLANDER,39.08514256,-77.07859964,2023,4,16
230015667,Property Damage Crash,04/01/2023 03:27:00 PM,COLESVILLE RD,NA,SAME DIR REAR END,Clear,DRY,Daylight,NO CONTROLS,NONE DETECTED,Yes,No Apparent Injury,N/A,LOOKED BUT DID NOT SEE,MD,PASSENGER CAR,MOVING CONSTANT SPEED,35,No,2008,DODGE,CARAVAN,39.02395607,-77.01127433,2023,4,15
230015667,Property Damage Crash,04/01/2023 03:27:00 PM,COLESVILLE RD,NA,SAME DIR REAR END,Clear,DRY,Daylight,NO CONTROLS,NONE DETECTED,No,No Apparent Injury,N/A,NOT DISTRACTED,MD,PASSENGER CAR,N/A,35,No,2016,FORD,F150,39.02395607,-77.01127433,2023,4,15
230015667,Property Damage Crash,04/01/2023 03:27:00 PM,COLESVILLE RD,NA,SAME DIR REAR END,Clear,DRY,Daylight,NO CONTROLS,NONE DETECTED,No,No Apparent Injury,N/A,NOT DISTRACTED,MD,PASSENGER CAR,SLOWING OR STOPPING,35,No,1999,CHEVEROLET,SUBURBAN,39.02395607,-77.01127433,2023,4,15
230015667,Property Damage Crash,04/01/2023 03:27:00 PM,COLESVILLE RD,NA,SAME DIR REAR END,Clear,DRY,Daylight,NO CONTROLS,NONE DETECTED,No,No Apparent Injury,N/A,NOT DISTRACTED,VA,PASSENGER CAR,SLOWING OR STOPPING,35,No,2018,TOYOTA,RAV 4,39.02395607,-77.01127433,2023,4,15
230015659,Property Damage Crash,04/01/2023 02:17:00 PM,SUNDALE DR,NA,OTHER,Clear,DRY,Daylight,NO CONTROLS,NONE DETECTED,Yes,No Apparent Injury,N/A,UNKNOWN,NA,PASSENGER CAR,MOVING CONSTANT SPEED,25,No,2013,TOOYOTA,CAMRY,38.9963812,-77.04576073,2023,4,14
230015649,Property Damage Crash,04/01/2023 12:45:00 PM,COLESVILLE RD,NA,HEAD ON LEFT TURN,Clear,DRY,Daylight,TRAFFIC SIGNAL,NONE DETECTED,Yes,No Apparent Injury,N/A,NOT DISTRACTED,MD,PASSENGER CAR,MAKING LEFT TURN,35,No,2012,SUBA,4S,39.00897333,-77.01792167,2023,4,12
230015649,Property Damage Crash,04/01/2023 12:45:00 PM,COLESVILLE RD,NA,HEAD ON LEFT TURN,Clear,DRY,Daylight,TRAFFIC SIGNAL,NONE DETECTED,Yes,No Apparent Injury,N/A,NOT DISTRACTED,MD,PASSENGER CAR,MOVING CONSTANT SPEED,35,No,2014,ACUR,TK,39.00897333,-77.01792167,2023,4,12
230015640,Injury Crash,04/01/2023 12:11:00 PM,W GUDE DR,BICYCLIST,SAME DIR REAR END,Rain,WET,Daylight,NO CONTROLS,NONE DETECTED,Yes,No Apparent Injury,N/A,UNKNOWN,MD,(SPORT) UTILITY VEHICLE,CHANGING LANES,35,No,2005,LEXU,TK,39.10612783,-77.16937517,2023,4,12
230015638,Injury Crash,04/01/2023 12:03:00 PM,TWINBROOK PKWY,NA,STRAIGHT MOVEMENT ANGLE,Clear,WET,Daylight,TRAFFIC SIGNAL,NONE DETECTED,No,No Apparent Injury,N/A,NOT DISTRACTED,MD,PASSENGER CAR,STARTING FROM LANE,40,No,2018,HONDA,ACCORD,39.0627652,-77.11653225,2023,4,12
230015638,Injury Crash,04/01/2023 12:03:00 PM,TWINBROOK PKWY,NA,STRAIGHT MOVEMENT ANGLE,Clear,WET,Daylight,TRAFFIC SIGNAL,NONE DETECTED,Yes,No Apparent Injury,N/A,UNKNOWN,MD,PASSENGER CAR,MOVING CONSTANT SPEED,40,No,2014,NISSAN,ROGUE,39.0627652,-77.11653225,2023,4,12
230015769,Property Damage Crash,04/01/2023 11:30:00 AM,KNOWLES AVE,NA,SAME DIRECTION SIDESWIPE,Cloudy,DRY,Daylight,NO CONTROLS,NONE DETECTED,Yes,No Apparent Injury,N/A,UNKNOWN,NA,NA,MOVING CONSTANT SPEED,35,No,0,UNKNOWN,UNKNOWN,39.03095544,-77.08605229,2023,4,11
230015769,Property Damage Crash,04/01/2023 11:30:00 AM,KNOWLES AVE,NA,SAME DIRECTION SIDESWIPE,Cloudy,DRY,Daylight,NO CONTROLS,NONE DETECTED,No,No Apparent Injury,N/A,NOT DISTRACTED,MD,PASSENGER CAR,STOPPED IN TRAFFIC LANE,35,No,2019,HYUNDAI,SONATA,39.03095544,-77.08605229,2023,4,11
230015628,Property Damage Crash,04/01/2023 10:13:00 AM,TOWER OAKS BLVD,NA,SINGLE VEHICLE,Rain,WET,Daylight,NO CONTROLS,NONE DETECTED,Yes,No Apparent Injury,"RAIN, SNOW, WET",NOT DISTRACTED,MD,PASSENGER CAR,MOVING CONSTANT SPEED,40,No,2003,BMW,SD,39.06432033,-77.15521683,2023,4,10
230015621,Injury Crash,04/01/2023 08:53:00 AM,ROCKVILLE PIKE,NA,SAME DIR REAR END,Rain,WET,Daylight,TRAFFIC SIGNAL,NONE DETECTED,Yes,Possible Minor Injury,"N/A, WET",NOT DISTRACTED,MD,PASSENGER CAR,MOVING CONSTANT SPEED,35,No,2007,LINC,SD,39.07447599,-77.13560542,2023,4,8
230015621,Injury Crash,04/01/2023 08:53:00 AM,ROCKVILLE PIKE,NA,SAME DIR REAR END,Rain,WET,Daylight,TRAFFIC SIGNAL,NONE DETECTED,No,No Apparent Injury,"N/A, WET",NOT DISTRACTED,MD,PASSENGER CAR,SLOWING OR STOPPING,35,No,2021,TOYT,UT,39.07447599,-77.13560542,2023,4,8
230015610,Property Damage Crash,04/01/2023 05:27:00 AM,GEORGIA AVE,NA,SAME DIR REAR END,Rain,WET,Medium,TRAFFIC SIGNAL,NONE DETECTED,Yes,No Apparent Injury,"RAIN, SNOW, WET",NOT DISTRACTED,DC,PASSENGER CAR,SLOWING OR STOPPING,25,No,2012,CHEVY,CRUZE,39.04157383,-77.05180771,2023,4,5
230015610,Property Damage Crash,04/01/2023 05:27:00 AM,GEORGIA AVE,NA,SAME DIR REAR END,Rain,WET,Medium,TRAFFIC SIGNAL,NONE DETECTED,No,No Apparent Injury,"RAIN, SNOW, WET",NOT DISTRACTED,MD,PASSENGER CAR,STOPPED IN TRAFFIC LANE,25,No,2016,HYUNDAI,4D,39.04157383,-77.05180771,2023,4,5
230015608,Property Damage Crash,04/01/2023 05:01:00 AM,FENTON ST,NA,STRAIGHT MOVEMENT ANGLE,Rain,WET,Medium,FLASHING TRAFFIC SIGNAL,NONE DETECTED,Unknown,No Apparent Injury,"RAIN, SNOW, WET",UNKNOWN,VA,PASSENGER CAR,MOVING CONSTANT SPEED,30,No,2015,NISSAN,ALTIMA,38.99296245,-77.0241835,2023,4,5
230015608,Property Damage Crash,04/01/2023 05:01:00 AM,FENTON ST,NA,STRAIGHT MOVEMENT ANGLE,Rain,WET,Medium,FLASHING TRAFFIC SIGNAL,NONE DETECTED,Unknown,No Apparent Injury,"RAIN, SNOW, WET",UNKNOWN,MD,PASSENGER CAR,UNKNOWN,30,No,2008,DODGE,DURANGO,38.99296245,-77.0241835,2023,4,5
230015605,Injury Crash,04/01/2023 04:23:00 AM,OLD COLUMBIA PIKE,NA,STRAIGHT MOVEMENT ANGLE,Clear,WET,Medium,FLASHING TRAFFIC SIGNAL,NONE DETECTED,Yes,Possible Minor Injury,"N/A, WET",UNKNOWN,CT,PASSENGER CAR,MOVING CONSTANT SPEED,35,No,2016,JEEP,COMPASS,39.06338748,-76.96583749,2023,4,4
230015605,Injury Crash,04/01/2023 04:23:00 AM,OLD COLUMBIA PIKE,NA,STRAIGHT MOVEMENT ANGLE,Clear,WET,Medium,FLASHING TRAFFIC SIGNAL,NONE DETECTED,No,Possible Minor Injury,"N/A, WET",NOT DISTRACTED,MD,PASSENGER CAR,MOVING CONSTANT SPEED,35,No,1998,TOYOTA,CORROLA,39.06338748,-76.96583749,2023,4,4
230015604,Injury Crash,04/01/2023 03:14:00 AM,FENTON ST,NA,SAME DIR REAR END,Rain,WET,Medium,NO CONTROLS,NONE DETECTED,Yes,No Apparent Injury,"RAIN, SNOW, WET",UNKNOWN,NA,VAN,MOVING CONSTANT SPEED,30,No,1900,VAN,VAN,38.99052667,-77.02400333,2023,4,3
230015604,Injury Crash,04/01/2023 03:14:00 AM,FENTON ST,NA,SAME DIR REAR END,Rain,WET,Medium,NO CONTROLS,NONE DETECTED,No,Suspected Serious Injury,"RAIN, SNOW, WET",UNKNOWN,VA,MOPED,MOVING CONSTANT SPEED,30,No,2008,HONDA,49CC,38.99052667,-77.02400333,2023,4,3
230015602,Property Damage Crash,04/01/2023 03:02:00 AM,WOODFIELD RD,NA,STRAIGHT MOVEMENT ANGLE,Rain,WET,Medium,TRAFFIC SIGNAL,ALCOHOL PRESENT,Yes,No Apparent Injury,N/A,LOOKED BUT DID NOT SEE,MD,PASSENGER CAR,MOVING CONSTANT SPEED,35,No,2014,FORD,F250,39.15216823,-77.17258501,2023,4,3
230015602,Property Damage Crash,04/01/2023 03:02:00 AM,WOODFIELD RD,NA,STRAIGHT MOVEMENT ANGLE,Rain,WET,Medium,TRAFFIC SIGNAL,NONE DETECTED,No,No Apparent Injury,N/A,NOT DISTRACTED,MD,PASSENGER CAR,UNKNOWN,35,No,2018,MAZDA,CX-5,39.15216823,-77.17258501,2023,4,3
230015592,Property Damage Crash,04/01/2023 12:39:00 AM,MIDCOUNTY HWY,NA,SAME DIRECTION SIDESWIPE,Rain,WET,Medium,OTHER,NONE DETECTED,Yes,No Apparent Injury,N/A,LOOKED BUT DID NOT SEE,MD,PASSENGER CAR,MOVING CONSTANT SPEED,50,No,2012,VOLK,4S,39.15196132,-77.17648006,2023,4,0
230015592,Property Damage Crash,04/01/2023 12:39:00 AM,MIDCOUNTY HWY,NA,SAME DIRECTION SIDESWIPE,Rain,WET,Medium,OTHER,NONE DETECTED,No,No Apparent Injury,N/A,NOT DISTRACTED,MD,PASSENGER CAR,MOVING CONSTANT SPEED,50,No,2014,JEEP,PATRIOT,39.15196132,-77.17648006,2023,4,0
230015586,Property Damage Crash,03/31/2023 11:54:00 PM,WASHINGTONIAN BLVD,NA,SINGLE VEHICLE,Clear,DRY,Medium,NO CONTROLS,NONE DETECTED,Yes,No Apparent Injury,N/A,NOT DISTRACTED,MD,PASSENGER CAR,MOVING CONSTANT SPEED,25,No,2018,SUBARU,4S,39.1170173,-77.20478952,2023,3,23
230015589,Property Damage Crash,03/31/2023 11:35:00 PM,UNIVERSITY BLVD E,NA,SAME DIR REAR END,Clear,DRY,Medium,TRAFFIC SIGNAL,ALCOHOL PRESENT,Yes,No Apparent Injury,N/A,UNKNOWN,NA,PICKUP TRUCK,MOVING CONSTANT SPEED,30,No,2012,DODGE,RAM 2500,38.99962818,-76.99558449,2023,3,23
230015589,Property Damage Crash,03/31/2023 11:35:00 PM,UNIVERSITY BLVD E,NA,SAME DIR REAR END,Clear,DRY,Medium,TRAFFIC SIGNAL,NONE DETECTED,No,No Apparent Injury,N/A,NOT DISTRACTED,MD,PASSENGER CAR,MAKING RIGHT TURN,30,No,2004,HYUNDAI,SANTA FE,38.99962818,-76.99558449,2023,3,23
230015583,Property Damage Crash,03/31/2023 11:01:00 PM,ROCKVILLE PIKE,NA,SAME DIRECTION RIGHT TURN,Clear,DRY,Medium,TRAFFIC SIGNAL,NONE DETECTED,No,No Apparent Injury,N/A,NOT DISTRACTED,MD,PASSENGER CAR,MOVING CONSTANT SPEED,35,No,2019,ACUR,UT,38.9967745,-77.09651733,2023,3,23
230015583,Property Damage Crash,03/31/2023 11:01:00 PM,ROCKVILLE PIKE,NA,SAME DIRECTION RIGHT TURN,Clear,DRY,Medium,TRAFFIC SIGNAL,NONE DETECTED,Yes,No Apparent Injury,N/A,LOOKED BUT DID NOT SEE,DC,PASSENGER CAR,CHANGING LANES,35,No,2005,PONTIAC,G6,38.9967745,-77.09651733,2023,3,23
230015576,Property Damage Crash,03/31/2023 10:26:00 PM,FREDERICK RD,NA,OTHER,Clear,DRY,Medium,NO CONTROLS,NONE DETECTED,Yes,No Apparent Injury,N/A,INATTENTIVE OR LOST IN THOUGHT,MD,PASSENGER CAR,N/A,35,No,2007,TOYOTA,YARIS,39.11164967,-77.16151183,2023,3,22
230015574,Property Damage Crash,03/31/2023 09:52:00 PM,ROCKVILLE PIKE,NA,STRAIGHT MOVEMENT ANGLE,Clear,DRY,Medium,TRAFFIC SIGNAL,NONE DETECTED,Yes,No Apparent Injury,N/A,NOT DISTRACTED,MD,(SPORT) UTILITY VEHICLE,MAKING U TURN,35,No,2019,MERZ,TK,39.03475198,-77.10696819,2023,3,21
230015574,Property Damage Crash,03/31/2023 09:52:00 PM,ROCKVILLE PIKE,NA,STRAIGHT MOVEMENT ANGLE,Clear,DRY,Medium,TRAFFIC SIGNAL,NONE DETECTED,No,No Apparent Injury,N/A,NOT DISTRACTED,MD,PASSENGER CAR,MOVING CONSTANT SPEED,35,No,2022,HOND,SD,39.03475198,-77.10696819,2023,3,21
230015571,Property Damage Crash,03/31/2023 09:45:00 PM,BUCKNELL DR,NA,SAME DIR REAR END,Clear,DRY,Medium,N/A,NONE DETECTED,No,No Apparent Injury,N/A,NOT DISTRACTED,ND,PASSENGER CAR,SLOWING OR STOPPING,25,No,2017,DODG,JOURNEY,39.03662,-77.046365,2023,3,21
230015571,Property Damage Crash,03/31/2023 09:45:00 PM,BUCKNELL DR,NA,SAME DIR REAR END,Clear,DRY,Medium,N/A,NONE DETECTED,Yes,No Apparent Injury,N/A,INATTENTIVE OR LOST IN THOUGHT,MD,PASSENGER CAR,MOVING CONSTANT SPEED,25,No,2017,HONDA,SD,39.03662,-77.046365,2023,3,21
230015569,Property Damage Crash,03/31/2023 08:43:00 PM,WILTON OAKS DR,NA,OPPOSITE DIRECTION SIDESWIPE,Cloudy,DRY,Medium,NO CONTROLS,NONE DETECTED,Yes,No Apparent Injury,N/A,UNKNOWN,NA,(SPORT) UTILITY VEHICLE,UNKNOWN,25,No,2007,HONDA,CRV,39.07328,-77.05085167,2023,3,20
230015555,Property Damage Crash,03/31/2023 07:22:00 PM,OLD GEORGETOWN RD,NA,SAME DIR REAR END,Clear,DRY,Medium,TRAFFIC SIGNAL,NONE DETECTED,No,No Apparent Injury,N/A,NOT DISTRACTED,MD,STATION WAGON,SLOWING OR STOPPING,25,No,2021,MAZDA,CX9,38.99263167,-77.107145,2023,3,19
230015555,Property Damage Crash,03/31/2023 07:22:00 PM,OLD GEORGETOWN RD,NA,SAME DIR REAR END,Clear,DRY,Medium,TRAFFIC SIGNAL,NONE DETECTED,Yes,No Apparent Injury,N/A,TALKING OR LISTENING TO CELLULAR PHONE,MD,PASSENGER CAR,MOVING CONSTANT SPEED,25,No,2013,MNNI,COOPER,38.99263167,-77.107145,2023,3,19
230015557,Property Damage Crash,03/31/2023 07:16:00 PM,RANDOLPH RD,NA,SAME DIR REAR END,Clear,DRY,Daylight,TRAFFIC SIGNAL,NONE DETECTED,Yes,No Apparent Injury,N/A,LOOKED BUT DID NOT SEE,XX,PASSENGER CAR,ACCELERATING,40,No,2014,HONDA,CIVIC,39.0710765,-77.01176833,2023,3,19
230015557,Property Damage Crash,03/31/2023 07:16:00 PM,RANDOLPH RD,NA,SAME DIR REAR END,Clear,DRY,Daylight,TRAFFIC SIGNAL,NONE DETECTED,No,No Apparent Injury,N/A,NOT DISTRACTED,MD,PASSENGER CAR,STARTING FROM LANE,40,No,2018,HONDA,SW,39.0710765,-77.01176833,2023,3,19
230015547,Injury Crash,03/31/2023 06:36:00 PM,GEORGIA AVE,NA,HEAD ON LEFT TURN,Cloudy,DRY,Daylight,NO CONTROLS,NONE DETECTED,No,Possible Minor Injury,N/A,NOT DISTRACTED,MD,PASSENGER CAR,MOVING CONSTANT SPEED,35,No,2019,NISS,SD,39.05071333,-77.05186,2023,3,18
230015547,Injury Crash,03/31/2023 06:36:00 PM,GEORGIA AVE,NA,HEAD ON LEFT TURN,Cloudy,DRY,Daylight,NO CONTROLS,NONE DETECTED,Yes,Possible Minor Injury,N/A,LOOKED BUT DID NOT SEE,MD,PASSENGER CAR,MAKING LEFT TURN,35,No,2011,NISSAN,ALTIMA,39.05071333,-77.05186,2023,3,18
230015547,Injury Crash,03/31/2023 06:36:00 PM,GEORGIA AVE,NA,HEAD ON LEFT TURN,Cloudy,DRY,Daylight,NO CONTROLS,NONE DETECTED,No,No Apparent Injury,N/A,NOT DISTRACTED,MD,PASSENGER CAR,STOPPED IN TRAFFIC LANE,35,No,2013,TOYOTA,COROLLA,39.05071333,-77.05186,2023,3,18
230015514,Property Damage Crash,03/31/2023 03:38:00 PM,CALVERTON BLVD,NA,STRAIGHT MOVEMENT ANGLE,Clear,DRY,Daylight,STOP SIGN,NONE DETECTED,No,No Apparent Injury,N/A,NOT DISTRACTED,MD,(SPORT) UTILITY VEHICLE,MOVING CONSTANT SPEED,35,No,2012,DODGE,CALIBER,39.05683472,-76.95124553,2023,3,15
230015514,Property Damage Crash,03/31/2023 03:38:00 PM,CALVERTON BLVD,NA,STRAIGHT MOVEMENT ANGLE,Clear,DRY,Daylight,STOP SIGN,NONE DETECTED,Yes,No Apparent Injury,N/A,LOOKED BUT DID NOT SEE,MD,(SPORT) UTILITY VEHICLE,MAKING LEFT TURN,35,No,2021,NISS,UT,39.05683472,-76.95124553,2023,3,15
230015510,Injury Crash,03/31/2023 02:47:00 PM,COLESVILLE RD,NA,SAME DIR REAR END,Cloudy,DRY,Daylight,NO CONTROLS,NONE DETECTED,No,No Apparent Injury,N/A,NOT DISTRACTED,MD,PASSENGER CAR,SLOWING OR STOPPING,40,No,2015,TOYT,COROL,39.02966,-77.006785,2023,3,14
230015510,Injury Crash,03/31/2023 02:47:00 PM,COLESVILLE RD,NA,SAME DIR REAR END,Cloudy,DRY,Daylight,NO CONTROLS,NONE DETECTED,Yes,No Apparent Injury,N/A,DISTRACTED BY OUTSIDE PERSON OBJECT OR EVENT,MD,PICKUP TRUCK,SLOWING OR STOPPING,40,No,2006,TOYT,TUNDRA,39.02966,-77.006785,2023,3,14
230015507,Property Damage Crash,03/31/2023 02:23:00 PM,COLUMBIA PIKE,NA,SAME DIR REAR END,Clear,DRY,Daylight,TRAFFIC SIGNAL,NONE DETECTED,No,No Apparent Injury,N/A,NOT DISTRACTED,MD,PASSENGER CAR,STOPPED IN TRAFFIC LANE,35,No,2022,SUBA,UT,39.0298835,-77.00607367,2023,3,14
230015507,Property Damage Crash,03/31/2023 02:23:00 PM,COLUMBIA PIKE,NA,SAME DIR REAR END,Clear,DRY,Daylight,TRAFFIC SIGNAL,NONE DETECTED,Yes,No Apparent Injury,N/A,UNKNOWN,MD,PICKUP TRUCK,MOVING CONSTANT SPEED,35,No,2016,GMC,SIERRA,39.0298835,-77.00607367,2023,3,14
230015972,Property Damage Crash,03/31/2023 01:41:00 PM,NA,NA,OTHER,Clear,NA,Daylight,N/A,NONE DETECTED,Yes,No Apparent Injury,N/A,LOOKED BUT DID NOT SEE,MD,VAN,BACKING,5,No,2006,TOYOTA,VAN,39.2039253,-77.24526783,2023,3,13
230015490,Property Damage Crash,03/31/2023 12:50:00 PM,OLD COLUMBIA PIKE,NA,STRAIGHT MOVEMENT ANGLE,Cloudy,DRY,Daylight,TRAFFIC SIGNAL,NONE DETECTED,Yes,No Apparent Injury,N/A,LOOKED BUT DID NOT SEE,MD,PASSENGER CAR,MOVING CONSTANT SPEED,35,No,2002,TOYOTA,HIGHLANDER,39.1126805,-76.932722,2023,3,12
230015490,Property Damage Crash,03/31/2023 12:50:00 PM,OLD COLUMBIA PIKE,NA,STRAIGHT MOVEMENT ANGLE,Cloudy,DRY,Daylight,TRAFFIC SIGNAL,NONE DETECTED,No,No Apparent Injury,N/A,NOT DISTRACTED,MD,PASSENGER CAR,STARTING FROM LANE,35,No,2016,HONDA,CIVIC,39.1126805,-76.932722,2023,3,12
230015488,Property Damage Crash,03/31/2023 12:36:00 PM,MIDDLEBROOK RD,NA,SAME DIR REAR END,Clear,DRY,Daylight,NO CONTROLS,NONE DETECTED,Yes,No Apparent Injury,"BACKUP DUE TO PRIOR CRASH, N/A",UNKNOWN,VA,PASSENGER CAR,MOVING CONSTANT SPEED,40,No,2012,TOYOTA,COROLLA,39.17449617,-77.2522925,2023,3,12
230015488,Property Damage Crash,03/31/2023 12:36:00 PM,MIDDLEBROOK RD,NA,SAME DIR REAR END,Clear,DRY,Daylight,NO CONTROLS,NONE DETECTED,No,No Apparent Injury,"BACKUP DUE TO PRIOR CRASH, N/A",NOT DISTRACTED,MD,PASSENGER CAR,SLOWING OR STOPPING,40,No,2022,FORD,ESCAPE,39.17449617,-77.2522925,2023,3,12
230015481,Injury Crash,03/31/2023 11:49:00 AM,NA,NA,OTHER,Cloudy,NA,Daylight,N/A,NONE DETECTED,Yes,No Apparent Injury,N/A,UNKNOWN,MD,PASSENGER CAR,STARTING FROM PARKED,5,No,2017,JEEP,UT,39.15651,-77.21269167,2023,3,11
230015475,Property Damage Crash,03/31/2023 11:00:00 AM,OLNEY SANDY SPRING RD,NA,SAME DIR REAR END,Clear,DRY,Daylight,N/A,NONE DETECTED,No,No Apparent Injury,N/A,NOT DISTRACTED,MD,PASSENGER CAR,SLOWING OR STOPPING,0,No,2017,LEXS,RS350,39.14614,-77.04031,2023,3,11
230015475,Property Damage Crash,03/31/2023 11:00:00 AM,OLNEY SANDY SPRING RD,NA,SAME DIR REAR END,Clear,DRY,Daylight,N/A,NONE DETECTED,Yes,No Apparent Injury,N/A,LOOKED BUT DID NOT SEE,MD,PASSENGER CAR,MOVING CONSTANT SPEED,35,No,1999,ACUR,SD,39.14614,-77.04031,2023,3,11
230015451,Property Damage Crash,03/31/2023 06:45:00 AM,S FREDERICK RD,NA,SAME DIR REAR END,Clear,DRY,Medium,TRAFFIC SIGNAL,DRUG PRESENT,No,No Apparent Injury,N/A,NOT DISTRACTED,MD,PASSENGER CAR,STOPPED IN TRAFFIC LANE,35,No,2021,SUBA,UT,39.13236632,-77.1888695,2023,3,6
230015451,Property Damage Crash,03/31/2023 06:45:00 AM,S FREDERICK RD,NA,SAME DIR REAR END,Clear,DRY,Medium,TRAFFIC SIGNAL,NONE DETECTED,Yes,No Apparent Injury,N/A,LOOKED BUT DID NOT SEE,MD,PASSENGER CAR,MOVING CONSTANT SPEED,35,No,2014,CHEV,CRUISE,39.13236632,-77.1888695,2023,3,6
230015439,Property Damage Crash,03/31/2023 02:00:00 AM,GEORGIA AVE,NA,SAME DIRECTION SIDESWIPE,Clear,DRY,Medium,NO CONTROLS,ALCOHOL PRESENT,Yes,No Apparent Injury,N/A,UNKNOWN,DC,PASSENGER CAR,MOVING CONSTANT SPEED,30,No,2014,TOYOTA,COROLLA,38.98942606,-77.02659372,2023,3,2
230015439,Property Damage Crash,03/31/2023 02:00:00 AM,GEORGIA AVE,NA,SAME DIRECTION SIDESWIPE,Clear,DRY,Medium,NO CONTROLS,NONE DETECTED,No,No Apparent Injury,N/A,NOT DISTRACTED,MD,PASSENGER CAR,MOVING CONSTANT SPEED,30,No,1998,MERCURY,SABLE,38.98942606,-77.02659372,2023,3,2
230015436,Property Damage Crash,03/31/2023 12:25:00 AM,GEORGIA AVE,NA,SINGLE VEHICLE,Clear,DRY,Medium,NO CONTROLS,NONE DETECTED,No,No Apparent Injury,N/A,NOT DISTRACTED,MD,PASSENGER CAR,MOVING CONSTANT SPEED,35,No,2014,HYUN,HB,39.05440446,-77.05036906,2023,3,0
230015434,Property Damage Crash,03/30/2023 10:20:00 PM,RUATAN ST,NA,HEAD ON,Clear,DRY,Medium,NO CONTROLS,ALCOHOL PRESENT,Yes,No Apparent Injury,N/A,UNKNOWN,MD,PASSENGER CAR,MOVING CONSTANT SPEED,25,No,2017,TOYOTA,COROLLA,38.99943667,-76.98863833,2023,3,22
230015434,Property Damage Crash,03/30/2023 10:20:00 PM,RUATAN ST,NA,HEAD ON,Clear,DRY,Medium,NO CONTROLS,NONE DETECTED,No,No Apparent Injury,N/A,NOT DISTRACTED,MD,(SPORT) UTILITY VEHICLE,MOVING CONSTANT SPEED,25,No,2006,ACURA,MDX,38.99943667,-76.98863833,2023,3,22
230015429,Injury Crash,03/30/2023 09:04:00 PM,QUINCE ORCHARD RD,PEDESTRIAN,OTHER,Clear,DRY,Medium,TRAFFIC SIGNAL,NONE DETECTED,No,No Apparent Injury,N/A,LOOKED BUT DID NOT SEE,MD,PASSENGER CAR,MOVING CONSTANT SPEED,35,No,2015,MERCEDES,4S,39.14799243,-77.21799047,2023,3,21
230015401,Property Damage Crash,03/30/2023 06:42:00 PM,COLLEGE PKWY,NA,SAME DIRECTION LEFT TURN,Clear,DRY,Daylight,NO CONTROLS,NONE DETECTED,No,No Apparent Injury,N/A,NOT DISTRACTED,MD,PASSENGER CAR,MOVING CONSTANT SPEED,25,No,2015,HYUNDAI,4S,39.10227445,-77.15823994,2023,3,18
230015401,Property Damage Crash,03/30/2023 06:42:00 PM,COLLEGE PKWY,NA,SAME DIRECTION LEFT TURN,Clear,DRY,Daylight,NO CONTROLS,NONE DETECTED,Yes,No Apparent Injury,N/A,LOOKED BUT DID NOT SEE,MD,PASSENGER CAR,MAKING LEFT TURN,25,No,2014,TOYT,VN,39.10227445,-77.15823994,2023,3,18
230015404,Property Damage Crash,03/30/2023 06:30:00 PM,NA,NA,OTHER,Clear,NA,Daylight,NO CONTROLS,NONE DETECTED,Yes,No Apparent Injury,N/A,UNKNOWN,NA,PASSENGER CAR,BACKING,10,No,2018,NISSAN,TK,39.15037912,-77.21275667,2023,3,18
230015398,Property Damage Crash,03/30/2023 05:57:00 PM,KENDALL ST,NA,HEAD ON LEFT TURN,Clear,DRY,Daylight,STOP SIGN,NONE DETECTED,No,No Apparent Injury,N/A,NOT DISTRACTED,MD,PASSENGER CAR,MOVING CONSTANT SPEED,25,No,2018,HOND,4S,39.05828333,-77.060245,2023,3,17
230015398,Property Damage Crash,03/30/2023 05:57:00 PM,KENDALL ST,NA,HEAD ON LEFT TURN,Clear,DRY,Daylight,STOP SIGN,NONE DETECTED,Yes,No Apparent Injury,N/A,UNKNOWN,MD,PASSENGER CAR,MAKING LEFT TURN,25,No,2019,NISSIAN,ROUGE,39.05828333,-77.060245,2023,3,17
230015373,Property Damage Crash,03/30/2023 04:14:00 PM,NA,NA,SINGLE VEHICLE,Clear,NA,Daylight,NO CONTROLS,NONE DETECTED,Yes,No Apparent Injury,N/A,LOOKED BUT DID NOT SEE,MD,PICKUP TRUCK,MAKING RIGHT TURN,0,No,2022,CHEVROLET,COLORADO,39.18958667,-77.11992,2023,3,16
230015375,Property Damage Crash,03/30/2023 04:01:00 PM,CAPITAL BELTWAY,NA,SAME DIR REAR END,Clear,DRY,Daylight,NO CONTROLS,NONE DETECTED,Yes,No Apparent Injury,N/A,NOT DISTRACTED,MD,POLICE VEHICLE/NON EMERGENCY,MOVING CONSTANT SPEED,55,No,2014,DODGE,CHARGER,39.0053536,-77.07916684,2023,3,16
230015375,Property Damage Crash,03/30/2023 04:01:00 PM,CAPITAL BELTWAY,NA,SAME DIR REAR END,Clear,DRY,Daylight,NO CONTROLS,NONE DETECTED,No,No Apparent Injury,N/A,NOT DISTRACTED,MD,POLICE VEHICLE/NON EMERGENCY,SLOWING OR STOPPING,55,No,2014,CHEV,TAHOE,39.0053536,-77.07916684,2023,3,16
230015354,Injury Crash,03/30/2023 02:54:00 PM,ROCKVILLE PIKE,NA,SAME DIR REAR END,Clear,DRY,Daylight,NO CONTROLS,NONE DETECTED,No,No Apparent Injury,N/A,NOT DISTRACTED,MD,PASSENGER CAR,STOPPED IN TRAFFIC LANE,40,No,2020,CHEVY,MALIBU,39.04331,-77.11096667,2023,3,14