Local Case Number,ACRS Report Type,Crash Date/Time,Road Name,Related Non-Motorist,Collision Type,Weather,Surface Condition,Light,Traffic Control,Driver Substance Abuse,Driver At Fault,Injury Severity,Circumstance,Driver Distracted By,Drivers License State,Vehicle Body Type,Vehicle Movement,Speed Limit,Driverless Vehicle,Vehicle Year,Vehicle Make,Vehicle Model,Latitude,Longitude,Year,Month,Hour
230015354,Injury Crash,03/30/2023 02:54:00 PM,ROCKVILLE PIKE,NA,SAME DIR REAR END,Clear,DRY,Daylight,NO CONTROLS,NONE DETECTED,Yes,Possible Minor Injury,N/A,UNKNOWN,MD,PASSENGER CAR,MOVING CONSTANT SPEED,40,No,2002,MAZD,4S,39.04331,-77.11096667,2023,3,14
230015354,Injury Crash,03/30/2023 02:54:00 PM,ROCKVILLE PIKE,NA,SAME DIR REAR END,Clear,DRY,Daylight,NO CONTROLS,NONE DETECTED,No,No Apparent Injury,N/A,NOT DISTRACTED,MD,(SPORT) UTILITY VEHICLE,STOPPED IN TRAFFIC LANE,40,No,2016,HONDA,CRV,39.04331,-77.11096667,2023,3,14
230015361,Injury Crash,03/30/2023 02:37:00 PM,MIDDLEBROOK RD,NA,STRAIGHT MOVEMENT ANGLE,Cloudy,DRY,Daylight,STOP SIGN,NONE DETECTED,Yes,No Apparent Injury,N/A,LOOKED BUT DID NOT SEE,MD,(SPORT) UTILITY VEHICLE,ACCELERATING,40,No,2012,HONDA,CRV,39.17893533,-77.2400775,2023,3,14
230015361,Injury Crash,03/30/2023 02:37:00 PM,MIDDLEBROOK RD,NA,STRAIGHT MOVEMENT ANGLE,Cloudy,DRY,Daylight,STOP SIGN,NONE DETECTED,No,Possible Minor Injury,N/A,NOT DISTRACTED,MD,(SPORT) UTILITY VEHICLE,MOVING CONSTANT SPEED,40,No,2001,CHEV,BLASER,39.17893533,-77.2400775,2023,3,14
230015359,Injury Crash,03/30/2023 02:28:00 PM,UNIVERSITY BLVD W,NA,SAME DIR REAR END,Clear,DRY,Daylight,TRAFFIC SIGNAL,NONE DETECTED,Yes,No Apparent Injury,N/A,UNKNOWN,NA,PASSENGER CAR,MOVING CONSTANT SPEED,35,No,2013,HONDA,CIVIC,39.03647,-77.03126167,2023,3,14
230015359,Injury Crash,03/30/2023 02:28:00 PM,UNIVERSITY BLVD W,NA,SAME DIR REAR END,Clear,DRY,Daylight,TRAFFIC SIGNAL,NONE DETECTED,No,Possible Minor Injury,N/A,NOT DISTRACTED,MD,PASSENGER CAR,MOVING CONSTANT SPEED,35,No,2012,HONDA,ACCORD,39.03647,-77.03126167,2023,3,14
230015342,Injury Crash,03/30/2023 02:22:00 PM,OLNEY LAYTONSVILLE RD,NA,STRAIGHT MOVEMENT ANGLE,Clear,DRY,Daylight,NO CONTROLS,NONE DETECTED,No,No Apparent Injury,N/A,NOT DISTRACTED,MD,PASSENGER CAR,MOVING CONSTANT SPEED,30,No,2016,TOYOTA,PRIUS,39.154888,-77.069452,2023,3,14
230015342,Injury Crash,03/30/2023 02:22:00 PM,OLNEY LAYTONSVILLE RD,NA,STRAIGHT MOVEMENT ANGLE,Clear,DRY,Daylight,NO CONTROLS,NONE DETECTED,Yes,Possible Minor Injury,N/A,NOT DISTRACTED,MD,PASSENGER CAR,MAKING LEFT TURN,30,No,2009,NISS,TK,39.154888,-77.069452,2023,3,14
230015348,Property Damage Crash,03/30/2023 02:20:00 PM,MEDICAL CENTER DR,NA,SAME DIRECTION SIDESWIPE,Clear,DRY,Daylight,NO CONTROLS,NONE DETECTED,Yes,No Apparent Injury,N/A,LOOKED BUT DID NOT SEE,MD,PASSENGER CAR,MOVING CONSTANT SPEED,30,No,2023,HYUN,SUV,39.09656583,-77.19813667,2023,3,14
230015348,Property Damage Crash,03/30/2023 02:20:00 PM,MEDICAL CENTER DR,NA,SAME DIRECTION SIDESWIPE,Clear,DRY,Daylight,NO CONTROLS,NONE DETECTED,No,No Apparent Injury,N/A,NOT DISTRACTED,MD,TRANSIT BUS,CHANGING LANES,25,No,2021,GILG,BUS,39.09656583,-77.19813667,2023,3,14
230015341,Injury Crash,03/30/2023 02:07:00 PM,EAST WEST HWY,NA,OPPOSITE DIRECTION SIDESWIPE,Clear,DRY,Daylight,N/A,NONE DETECTED,Yes,No Apparent Injury,N/A,LOOKED BUT DID NOT SEE,DC,PASSENGER CAR,MAKING LEFT TURN,35,No,2013,HYUNDAI,ACCENT,38.99403333,-77.03228833,2023,3,14
230015341,Injury Crash,03/30/2023 02:07:00 PM,EAST WEST HWY,NA,OPPOSITE DIRECTION SIDESWIPE,Clear,DRY,Daylight,N/A,NONE DETECTED,No,Possible Minor Injury,N/A,NOT DISTRACTED,MD,(SPORT) UTILITY VEHICLE,SLOWING OR STOPPING,35,No,2016,FORD,EXPLORER,38.99403333,-77.03228833,2023,3,14
230015340,Property Damage Crash,03/30/2023 02:05:00 PM,QUINCE ORCHARD RD,NA,SAME DIR REAR END,Clear,DRY,Daylight,TRAFFIC SIGNAL,NONE DETECTED,No,No Apparent Injury,N/A,NOT DISTRACTED,MD,PASSENGER CAR,STOPPED IN TRAFFIC LANE,35,No,2008,NISS,ALTIMA,39.1421307,-77.22141733,2023,3,14
230015340,Property Damage Crash,03/30/2023 02:05:00 PM,QUINCE ORCHARD RD,NA,SAME DIR REAR END,Clear,DRY,Daylight,TRAFFIC SIGNAL,NONE DETECTED,Yes,No Apparent Injury,N/A,UNKNOWN,MD,PASSENGER CAR,MOVING CONSTANT SPEED,35,No,2016,SUBA,CROSSTREK,39.1421307,-77.22141733,2023,3,14
230015340,Property Damage Crash,03/30/2023 02:05:00 PM,QUINCE ORCHARD RD,NA,SAME DIR REAR END,Clear,DRY,Daylight,TRAFFIC SIGNAL,NONE DETECTED,No,No Apparent Injury,N/A,NOT DISTRACTED,MD,PASSENGER CAR,MOVING CONSTANT SPEED,35,No,2016,FORD,FOCUS,39.1421307,-77.22141733,2023,3,14
230015329,Property Damage Crash,03/30/2023 12:54:00 PM,KEY WEST AVE,NA,SAME DIR REAR END,Clear,DRY,Daylight,TRAFFIC SIGNAL,NONE DETECTED,No,No Apparent Injury,N/A,NOT DISTRACTED,FL,PASSENGER CAR,SLOWING OR STOPPING,40,No,2021,JEEP,WRANGLER,39.10437833,-77.19274333,2023,3,12
230015329,Property Damage Crash,03/30/2023 12:54:00 PM,KEY WEST AVE,NA,SAME DIR REAR END,Clear,DRY,Daylight,TRAFFIC SIGNAL,NONE DETECTED,Yes,No Apparent Injury,N/A,LOOKED BUT DID NOT SEE,MD,PASSENGER CAR,MOVING CONSTANT SPEED,40,No,2014,DODG,CHARGER,39.10437833,-77.19274333,2023,3,12
230015314,Injury Crash,03/30/2023 11:35:00 AM,BALTIMORE RD,NA,SAME DIR REND RIGHT TURN,Clear,DRY,Daylight,TRAFFIC SIGNAL,NONE DETECTED,No,No Apparent Injury,N/A,NOT DISTRACTED,MD,(SPORT) UTILITY VEHICLE,MAKING RIGHT TURN,25,No,2017,SUBA,SW,39.08459674,-77.13612283,2023,3,11
230015314,Injury Crash,03/30/2023 11:35:00 AM,BALTIMORE RD,NA,SAME DIR REND RIGHT TURN,Clear,DRY,Daylight,TRAFFIC SIGNAL,NONE DETECTED,Yes,No Apparent Injury,N/A,NOT DISTRACTED,MD,PASSENGER CAR,ACCELERATING,25,No,2014,HYUN,4S,39.08459674,-77.13612283,2023,3,11
230015309,Property Damage Crash,03/30/2023 10:47:00 AM,GERMANTOWN RD,NA,SINGLE VEHICLE,Clear,DRY,Daylight,NO CONTROLS,NONE DETECTED,Yes,No Apparent Injury,N/A,UNKNOWN,MD,PASSENGER CAR,MOVING CONSTANT SPEED,40,No,2021,CHEVROLET,EQUINOX,39.19101233,-77.22686367,2023,3,10
230015301,Property Damage Crash,03/30/2023 10:20:00 AM,W DIAMOND AVE,NA,STRAIGHT MOVEMENT ANGLE,Clear,DRY,Daylight,TRAFFIC SIGNAL,NONE DETECTED,Yes,No Apparent Injury,N/A,LOOKED BUT DID NOT SEE,MD,PASSENGER CAR,MOVING CONSTANT SPEED,35,No,2014,TOYT,SD,39.14046982,-77.21058162,2023,3,10
230015301,Property Damage Crash,03/30/2023 10:20:00 AM,W DIAMOND AVE,NA,STRAIGHT MOVEMENT ANGLE,Clear,DRY,Daylight,TRAFFIC SIGNAL,NONE DETECTED,No,No Apparent Injury,N/A,NOT DISTRACTED,PA,"CARGO VAN/LIGHT TRUCK 2 AXLES (OVER 10,000LBS (4,536 KG))",MAKING LEFT TURN,35,No,2015,INTL,TRUCK,39.14046982,-77.21058162,2023,3,10
230015298,Property Damage Crash,03/30/2023 10:08:00 AM,MARYLAND AVE,NA,SAME DIR REAR END,Clear,DRY,Daylight,N/A,NONE DETECTED,Yes,No Apparent Injury,N/A,UNKNOWN,MD,PASSENGER CAR,PARKED,30,No,2017,FORD,4H,39.08720783,-77.15099117,2023,3,10
230015298,Property Damage Crash,03/30/2023 10:08:00 AM,MARYLAND AVE,NA,SAME DIR REAR END,Clear,DRY,Daylight,N/A,NONE DETECTED,No,No Apparent Injury,N/A,NOT DISTRACTED,MD,PASSENGER CAR,MOVING CONSTANT SPEED,30,No,1996,TOYOTA,CAMRY,39.08720783,-77.15099117,2023,3,10
230015302,Property Damage Crash,03/30/2023 09:20:00 AM,FREDERICK RD,NA,SAME DIRECTION SIDESWIPE,Clear,DRY,Daylight,N/A,NONE DETECTED,No,No Apparent Injury,N/A,NOT DISTRACTED,MD,PASSENGER CAR,MOVING CONSTANT SPEED,40,No,2012,FORD,4S,39.12656,-77.16566717,2023,3,9
230015302,Property Damage Crash,03/30/2023 09:20:00 AM,FREDERICK RD,NA,SAME DIRECTION SIDESWIPE,Clear,DRY,Daylight,N/A,NONE DETECTED,Yes,No Apparent Injury,N/A,NOT DISTRACTED,MD,PASSENGER CAR,CHANGING LANES,40,No,2015,FRHT,BUS,39.12656,-77.16566717,2023,3,9
230015290,Property Damage Crash,03/30/2023 09:19:00 AM,EAST WEST HWY,NA,SAME DIRECTION SIDESWIPE,Clear,DRY,Daylight,TRAFFIC SIGNAL,NONE DETECTED,No,No Apparent Injury,N/A,NOT DISTRACTED,MD,SCHOOL BUS,STOPPED IN TRAFFIC LANE,35,No,2022,THMS,SCHOOL BUS,38.99412917,-77.05240483,2023,3,9
230015290,Property Damage Crash,03/30/2023 09:19:00 AM,EAST WEST HWY,NA,SAME DIRECTION SIDESWIPE,Clear,DRY,Daylight,TRAFFIC SIGNAL,NONE DETECTED,Yes,No Apparent Injury,N/A,NOT DISTRACTED,MD,TRUCK TRACTOR,CHANGING LANES,35,No,2006,FREIGHTLINER,TRACTOR TRAILER,38.99412917,-77.05240483,2023,3,9
230015299,Property Damage Crash,03/30/2023 09:05:00 AM,OLD GEORGETOWN RD,NA,SAME DIRECTION SIDESWIPE,Clear,DRY,Daylight,NO CONTROLS,NONE DETECTED,Yes,No Apparent Injury,N/A,UNKNOWN,NA,NA,CHANGING LANES,30,No,0,UNKNOWN,UNKNOWN,38.9929549,-77.10764569,2023,3,9
230015299,Property Damage Crash,03/30/2023 09:05:00 AM,OLD GEORGETOWN RD,NA,SAME DIRECTION SIDESWIPE,Clear,DRY,Daylight,NO CONTROLS,NONE DETECTED,No,No Apparent Injury,N/A,NOT DISTRACTED,MD,PASSENGER CAR,MOVING CONSTANT SPEED,30,No,2020,SUBARU,FORESTER,38.9929549,-77.10764569,2023,3,9
230015280,Property Damage Crash,03/30/2023 08:20:00 AM,W DIAMOND AVE,NA,SAME DIR REAR END,Clear,DRY,Daylight,TRAFFIC SIGNAL,NONE DETECTED,Yes,No Apparent Injury,N/A,LOOKED BUT DID NOT SEE,MD,(SPORT) UTILITY VEHICLE,MOVING CONSTANT SPEED,35,No,2014,TOYOTA,SUV,39.14056907,-77.21092225,2023,3,8
230015280,Property Damage Crash,03/30/2023 08:20:00 AM,W DIAMOND AVE,NA,SAME DIR REAR END,Clear,DRY,Daylight,TRAFFIC SIGNAL,NONE DETECTED,No,No Apparent Injury,N/A,NOT DISTRACTED,MD,VAN,MOVING CONSTANT SPEED,35,No,2017,CHEVROLET,EXPRESS,39.14056907,-77.21092225,2023,3,8
230015278,Injury Crash,03/30/2023 07:53:00 AM,E GUDE DR,NA,HEAD ON LEFT TURN,Clear,DRY,Daylight,TRAFFIC SIGNAL,NONE DETECTED,Yes,Possible Minor Injury,N/A,LOOKED BUT DID NOT SEE,DC,PASSENGER CAR,MAKING LEFT TURN,40,No,2011,TOYOTA,COROLLA,39.106495,-77.14907667,2023,3,7
230015278,Injury Crash,03/30/2023 07:53:00 AM,E GUDE DR,NA,HEAD ON LEFT TURN,Clear,DRY,Daylight,TRAFFIC SIGNAL,NONE DETECTED,No,No Apparent Injury,N/A,NOT DISTRACTED,MD,"OTHER LIGHT TRUCKS (10,000LBS (4,536KG) OR LESS)",MOVING CONSTANT SPEED,40,No,2014,ISU,DS,39.106495,-77.14907667,2023,3,7
230015274,Property Damage Crash,03/30/2023 07:30:00 AM,GEORGIA AVE,NA,SAME DIRECTION SIDESWIPE,Clear,DRY,Daylight,TRAFFIC SIGNAL,NONE DETECTED,Unknown,No Apparent Injury,N/A,NOT DISTRACTED,MD,PICKUP TRUCK,MOVING CONSTANT SPEED,35,No,2018,FORD,TK,39.14287833,-77.06727833,2023,3,7
230015274,Property Damage Crash,03/30/2023 07:30:00 AM,GEORGIA AVE,NA,SAME DIRECTION SIDESWIPE,Clear,DRY,Daylight,TRAFFIC SIGNAL,NONE DETECTED,Unknown,No Apparent Injury,N/A,NOT DISTRACTED,MD,PASSENGER CAR,CHANGING LANES,35,No,2014,AUDI,Q7,39.14287833,-77.06727833,2023,3,7
230015260,Property Damage Crash,03/29/2023 11:58:00 PM,RANDOLPH RD,NA,SINGLE VEHICLE,Clear,DRY,Medium,NO CONTROLS,ALCOHOL PRESENT,Yes,No Apparent Injury,N/A,OTHER DISTRACTION,MD,PASSENGER CAR,MOVING CONSTANT SPEED,35,No,2019,TOYT,COROLLA,39.05780367,-77.0521065,2023,3,23
230015255,Injury Crash,03/29/2023 11:12:00 PM,WESTERLY AVE,NA,SINGLE VEHICLE,Clear,DRY,Medium,N/A,NONE DETECTED,Yes,Possible Minor Injury,N/A,UNKNOWN,MD,MOTORCYCLE,STARTING FROM LANE,25,No,2008,HARLEY DAVIDSON,FLD,39.13767287,-77.4090897,2023,3,23
230015251,Injury Crash,03/29/2023 10:10:00 PM,FREDERICK RD,NA,STRAIGHT MOVEMENT ANGLE,Cloudy,DRY,Medium,TRAFFIC SIGNAL,NONE DETECTED,Yes,Possible Minor Injury,N/A,UNKNOWN,PA,PASSENGER CAR,ACCELERATING,40,No,2016,VOLKS,PASSAT,39.10628101,-77.15809227,2023,3,22
230015251,Injury Crash,03/29/2023 10:10:00 PM,FREDERICK RD,NA,STRAIGHT MOVEMENT ANGLE,Cloudy,DRY,Medium,TRAFFIC SIGNAL,NONE DETECTED,No,No Apparent Injury,N/A,NOT DISTRACTED,MD,PASSENGER CAR,MOVING CONSTANT SPEED,40,No,2008,TOYOTA,COROLLA,39.10628101,-77.15809227,2023,3,22
230015248,Property Damage Crash,03/29/2023 09:45:00 PM,BEL PRE RD,NA,STRAIGHT MOVEMENT ANGLE,Clear,DRY,Medium,NO CONTROLS,NONE DETECTED,Yes,No Apparent Injury,N/A,NOT DISTRACTED,MD,PASSENGER CAR,ENTERING TRAFFIC LANE,35,No,2014,KIA,OPTIMA,39.09034555,-77.04497246,2023,3,21
230015248,Property Damage Crash,03/29/2023 09:45:00 PM,BEL PRE RD,NA,STRAIGHT MOVEMENT ANGLE,Clear,DRY,Medium,NO CONTROLS,NONE DETECTED,No,No Apparent Injury,N/A,NOT DISTRACTED,MD,PASSENGER CAR,MOVING CONSTANT SPEED,35,No,2010,FORD,4S,39.09034555,-77.04497246,2023,3,21
230015228,Injury Crash,03/29/2023 07:34:00 PM,16TH ST,NA,OTHER,Clear,DRY,Medium,TRAFFIC SIGNAL,NONE DETECTED,No,No Apparent Injury,N/A,NOT DISTRACTED,MD,(SPORT) UTILITY VEHICLE,MOVING CONSTANT SPEED,35,No,2022,MAZD,CX5,38.99439667,-77.03639333,2023,3,19
230015228,Injury Crash,03/29/2023 07:34:00 PM,16TH ST,NA,OTHER,Clear,DRY,Medium,TRAFFIC SIGNAL,NONE DETECTED,Yes,Possible Minor Injury,N/A,UNKNOWN,MD,PASSENGER CAR,MAKING LEFT TURN,35,No,2004,TOYT,CAMRY,38.99439667,-77.03639333,2023,3,19
230015217,Injury Crash,03/29/2023 06:38:00 PM,OLD GEORGETOWN RD,NA,STRAIGHT MOVEMENT ANGLE,Clear,DRY,Daylight,TRAFFIC SIGNAL,NONE DETECTED,Yes,No Apparent Injury,N/A,LOOKED BUT DID NOT SEE,MD,(SPORT) UTILITY VEHICLE,MAKING LEFT TURN,40,No,2013,NISS,MURANO,39.022445,-77.12370667,2023,3,18
230015217,Injury Crash,03/29/2023 06:38:00 PM,OLD GEORGETOWN RD,NA,STRAIGHT MOVEMENT ANGLE,Clear,DRY,Daylight,TRAFFIC SIGNAL,NONE DETECTED,No,Possible Minor Injury,N/A,NOT DISTRACTED,MD,PASSENGER CAR,MOVING CONSTANT SPEED,40,No,2020,HYUN,SONATA,39.022445,-77.12370667,2023,3,18
230015212,Property Damage Crash,03/29/2023 06:11:00 PM,THAYER AVE,NA,STRAIGHT MOVEMENT ANGLE,Clear,DRY,Daylight,TRAFFIC SIGNAL,NONE DETECTED,No,No Apparent Injury,N/A,NOT DISTRACTED,MD,(SPORT) UTILITY VEHICLE,MOVING CONSTANT SPEED,30,No,2022,DODGE,DURANGO,38.99303545,-77.02428132,2023,3,18
230015215,Property Damage Crash,03/29/2023 06:11:00 PM,POWDER MILL RD,NA,STRAIGHT MOVEMENT ANGLE,Clear,DRY,Daylight,NO CONTROLS,NONE DETECTED,Yes,No Apparent Injury,N/A,NOT DISTRACTED,MD,PASSENGER CAR,STARTING FROM LANE,40,No,2017,MERCEDES,C300,39.02266891,-76.97613858,2023,3,18
230015212,Property Damage Crash,03/29/2023 06:11:00 PM,THAYER AVE,NA,STRAIGHT MOVEMENT ANGLE,Clear,DRY,Daylight,TRAFFIC SIGNAL,NONE DETECTED,Yes,No Apparent Injury,N/A,NOT DISTRACTED,MD,PASSENGER CAR,ENTERING TRAFFIC LANE,30,No,2013,NISSAN,ALTIMA,38.99303545,-77.02428132,2023,3,18
230015215,Property Damage Crash,03/29/2023 06:11:00 PM,POWDER MILL RD,NA,STRAIGHT MOVEMENT ANGLE,Clear,DRY,Daylight,NO CONTROLS,NONE DETECTED,No,No Apparent Injury,N/A,NOT DISTRACTED,XX,PASSENGER CAR,MOVING CONSTANT SPEED,40,No,2011,CADILLAC,ESCALADE,39.02266891,-76.97613858,2023,3,18
230015208,Property Damage Crash,03/29/2023 06:04:00 PM,MIDCOUNTY HWY,NA,SAME DIR REAR END,Clear,DRY,Daylight,TRAFFIC SIGNAL,NONE DETECTED,No,No Apparent Injury,N/A,NOT DISTRACTED,MD,PASSENGER CAR,SLOWING OR STOPPING,45,No,2008,DODGE,GRAND CARAVAN,39.14742686,-77.16941355,2023,3,18
230015208,Property Damage Crash,03/29/2023 06:04:00 PM,MIDCOUNTY HWY,NA,SAME DIR REAR END,Clear,DRY,Daylight,TRAFFIC SIGNAL,NONE DETECTED,Yes,No Apparent Injury,N/A,UNKNOWN,MD,PICKUP TRUCK,UNKNOWN,45,No,2001,FORD,F250,39.14742686,-77.16941355,2023,3,18
230015221,Property Damage Crash,03/29/2023 06:00:00 PM,LAYHILL RD,NA,HEAD ON LEFT TURN,Clear,DRY,Daylight,TRAFFIC SIGNAL,NONE DETECTED,Yes,No Apparent Injury,N/A,LOOKED BUT DID NOT SEE,MD,PASSENGER CAR,MAKING LEFT TURN,40,No,2022,GRAY,NISSAN,39.12038433,-77.034197,2023,3,18
230015210,Property Damage Crash,03/29/2023 06:00:00 PM,CONNECTICUT AVE,NA,STRAIGHT MOVEMENT ANGLE,Clear,DRY,Daylight,NO CONTROLS,NONE DETECTED,No,No Apparent Injury,N/A,NOT DISTRACTED,MD,PASSENGER CAR,MOVING CONSTANT SPEED,35,No,2011,TOYOTA,CAMRY,39.02477,-77.07608,2023,3,18
230015221,Property Damage Crash,03/29/2023 06:00:00 PM,LAYHILL RD,NA,HEAD ON LEFT TURN,Clear,DRY,Daylight,TRAFFIC SIGNAL,NONE DETECTED,Yes,No Apparent Injury,N/A,LOOKED BUT DID NOT SEE,MD,PASSENGER CAR,MOVING CONSTANT SPEED,40,No,2016,HOND,CRV,39.12038433,-77.034197,2023,3,18
230015210,Property Damage Crash,03/29/2023 06:00:00 PM,CONNECTICUT AVE,NA,STRAIGHT MOVEMENT ANGLE,Clear,DRY,Daylight,NO CONTROLS,NONE DETECTED,Yes,No Apparent Injury,N/A,LOOKED BUT DID NOT SEE,MD,PASSENGER CAR,MAKING U TURN,35,No,2014,TOYT,COROLLA,39.02477,-77.07608,2023,3,18
230015203,Property Damage Crash,03/29/2023 05:28:00 PM,CENTERWAY RD,NA,SAME DIR REAR END,Clear,DRY,Daylight,TRAFFIC SIGNAL,NONE DETECTED,Yes,No Apparent Injury,N/A,NOT DISTRACTED,MD,PASSENGER CAR,MOVING CONSTANT SPEED,35,No,2018,JEEP,UT,39.16950333,-77.19042167,2023,3,17
230015203,Property Damage Crash,03/29/2023 05:28:00 PM,CENTERWAY RD,NA,SAME DIR REAR END,Clear,DRY,Daylight,TRAFFIC SIGNAL,NONE DETECTED,No,No Apparent Injury,N/A,NOT DISTRACTED,MD,PASSENGER CAR,STOPPED IN TRAFFIC LANE,35,No,2022,VOLV,UT,39.16950333,-77.19042167,2023,3,17
230015203,Property Damage Crash,03/29/2023 05:28:00 PM,CENTERWAY RD,NA,SAME DIR REAR END,Clear,DRY,Daylight,TRAFFIC SIGNAL,NONE DETECTED,No,No Apparent Injury,N/A,NOT DISTRACTED,MD,PASSENGER CAR,STOPPED IN TRAFFIC LANE,35,No,1997,CHEV,TK,39.16950333,-77.19042167,2023,3,17
230015198,Property Damage Crash,03/29/2023 05:15:00 PM,GREAT SENECA HWY,NA,HEAD ON LEFT TURN,Clear,DRY,Daylight,NO CONTROLS,NONE DETECTED,No,No Apparent Injury,N/A,NOT DISTRACTED,MD,(SPORT) UTILITY VEHICLE,MOVING CONSTANT SPEED,45,No,2018,NISS,KICKS,39.15745833,-77.27588,2023,3,17
230015198,Property Damage Crash,03/29/2023 05:15:00 PM,GREAT SENECA HWY,NA,HEAD ON LEFT TURN,Clear,DRY,Daylight,NO CONTROLS,NONE DETECTED,Yes,No Apparent Injury,N/A,LOOKED BUT DID NOT SEE,MD,PASSENGER CAR,MAKING LEFT TURN,45,No,2010,CRYS,SEBRING,39.15745833,-77.27588,2023,3,17
230015197,Injury Crash,03/29/2023 04:54:00 PM,RANDOLPH RD,NA,STRAIGHT MOVEMENT ANGLE,Clear,DRY,Daylight,TRAFFIC SIGNAL,NONE DETECTED,No,Possible Minor Injury,N/A,NOT DISTRACTED,MD,PASSENGER CAR,MOVING CONSTANT SPEED,40,No,2007,HONDA,ACCORD,39.06593167,-77.02283333,2023,3,16
230015197,Injury Crash,03/29/2023 04:54:00 PM,RANDOLPH RD,NA,STRAIGHT MOVEMENT ANGLE,Clear,DRY,Daylight,TRAFFIC SIGNAL,NONE DETECTED,Yes,Possible Minor Injury,N/A,LOOKED BUT DID NOT SEE,MD,(SPORT) UTILITY VEHICLE,MAKING LEFT TURN,40,No,2023,MERCEDES,GLE350,39.06593167,-77.02283333,2023,3,16
230015196,Property Damage Crash,03/29/2023 04:49:00 PM,OLNEY LAYTONSVILLE RD,NA,STRAIGHT MOVEMENT ANGLE,Clear,DRY,Daylight,NO CONTROLS,NONE DETECTED,No,No Apparent Injury,"N/A, ROAD UNDER CONSTRUCTION/MAINTENANCE",NOT DISTRACTED,MD,PASSENGER CAR,MOVING CONSTANT SPEED,30,No,2010,TOYT,4S,39.15473667,-77.06946333,2023,3,16
230015196,Property Damage Crash,03/29/2023 04:49:00 PM,OLNEY LAYTONSVILLE RD,NA,STRAIGHT MOVEMENT ANGLE,Clear,DRY,Daylight,NO CONTROLS,NONE DETECTED,Yes,No Apparent Injury,"N/A, ROAD UNDER CONSTRUCTION/MAINTENANCE",UNKNOWN,MD,(SPORT) UTILITY VEHICLE,MAKING LEFT TURN,30,No,2020,VOLV,UT,39.15473667,-77.06946333,2023,3,16
230015183,Property Damage Crash,03/29/2023 03:30:00 PM,ROCKVILLE PIKE,NA,SAME DIR REAR END,Clear,DRY,Daylight,NO CONTROLS,NONE DETECTED,Yes,No Apparent Injury,N/A,NOT DISTRACTED,DC,TRANSIT BUS,SLOWING OR STOPPING,35,No,2013,NEW FLYER,METRO BUS,39.05917067,-77.12138867,2023,3,15
230015183,Property Damage Crash,03/29/2023 03:30:00 PM,ROCKVILLE PIKE,NA,SAME DIR REAR END,Clear,DRY,Daylight,NO CONTROLS,NONE DETECTED,No,No Apparent Injury,N/A,NOT DISTRACTED,MD,PASSENGER CAR,SLOWING OR STOPPING,35,No,2021,TESL,SD,39.05917067,-77.12138867,2023,3,15
230015177,Injury Crash,03/29/2023 03:13:00 PM,GEORGIA AVE,NA,STRAIGHT MOVEMENT ANGLE,Clear,DRY,Daylight,TRAFFIC SIGNAL,NONE DETECTED,Yes,Possible Minor Injury,N/A,LOOKED BUT DID NOT SEE,MD,PASSENGER CAR,MAKING LEFT TURN,35,No,2014,TOYOTA,SIENNA,39.047223,-77.051928,2023,3,15
230015177,Injury Crash,03/29/2023 03:13:00 PM,GEORGIA AVE,NA,STRAIGHT MOVEMENT ANGLE,Clear,DRY,Daylight,TRAFFIC SIGNAL,NONE DETECTED,No,Possible Minor Injury,N/A,LOOKED BUT DID NOT SEE,MD,PASSENGER CAR,MOVING CONSTANT SPEED,35,No,2007,JEEP,GRAND CHEROKEE,39.047223,-77.051928,2023,3,15
230015177,Injury Crash,03/29/2023 03:13:00 PM,GEORGIA AVE,NA,STRAIGHT MOVEMENT ANGLE,Clear,DRY,Daylight,TRAFFIC SIGNAL,NONE DETECTED,No,No Apparent Injury,N/A,NOT DISTRACTED,MD,"CARGO VAN/LIGHT TRUCK 2 AXLES (OVER 10,000LBS (4,536 KG))",STOPPED IN TRAFFIC LANE,35,No,2020,CHEVROLET,EXPRESS,39.047223,-77.051928,2023,3,15
230015179,Injury Crash,03/29/2023 03:07:00 PM,BARNESVILLE RD,NA,OTHER,Clear,DRY,Daylight,NO CONTROLS,NONE DETECTED,Yes,Possible Minor Injury,N/A,NOT DISTRACTED,MD,(SPORT) UTILITY VEHICLE,MAKING U TURN,40,No,2009,HONDA,CRV,39.19039833,-77.32136,2023,3,15
230015179,Injury Crash,03/29/2023 03:07:00 PM,BARNESVILLE RD,NA,OTHER,Clear,DRY,Daylight,NO CONTROLS,NONE DETECTED,No,No Apparent Injury,N/A,NOT DISTRACTED,MD,PICKUP TRUCK,MOVING CONSTANT SPEED,30,No,2017,FORD,PK,39.19039833,-77.32136,2023,3,15
230015145,Property Damage Crash,03/29/2023 12:30:00 PM,GAITHER RD,NA,SINGLE VEHICLE,Clear,DRY,Daylight,N/A,NONE DETECTED,Yes,No Apparent Injury,N/A,NOT DISTRACTED,MD,(SPORT) UTILITY VEHICLE,MOVING CONSTANT SPEED,35,No,2007,JEEP,CHEROKEE,39.1099805,-77.173974,2023,3,12
230015139,Injury Crash,03/29/2023 11:40:00 AM,CONNECTICUT AVE,NA,STRAIGHT MOVEMENT ANGLE,Clear,DRY,Daylight,NO CONTROLS,NONE DETECTED,No,Possible Minor Injury,N/A,NOT DISTRACTED,MD,PASSENGER CAR,MOVING CONSTANT SPEED,35,No,2008,HONDA,CIVIC,39.01820667,-77.07828333,2023,3,11
230015139,Injury Crash,03/29/2023 11:40:00 AM,CONNECTICUT AVE,NA,STRAIGHT MOVEMENT ANGLE,Clear,DRY,Daylight,NO CONTROLS,NONE DETECTED,Yes,No Apparent Injury,N/A,LOOKED BUT DID NOT SEE,MD,PASSENGER CAR,MAKING LEFT TURN,35,No,2016,BMW,750I,39.01820667,-77.07828333,2023,3,11
230015128,Property Damage Crash,03/29/2023 11:05:00 AM,355 N BOUND,NA,SAME DIR BOTH LEFT TURN,Clear,DRY,Daylight,N/A,NONE DETECTED,Yes,No Apparent Injury,N/A,UNKNOWN,DC,PASSENGER CAR,MOVING CONSTANT SPEED,35,No,2010,TOYOTA,PRIUS,39.07440717,-77.11699067,2023,3,11
230015128,Property Damage Crash,03/29/2023 11:05:00 AM,355 N BOUND,NA,SAME DIR BOTH LEFT TURN,Clear,DRY,Daylight,N/A,NONE DETECTED,No,No Apparent Injury,N/A,UNKNOWN,MD,PASSENGER CAR,MOVING CONSTANT SPEED,35,No,2010,HOND,VN,39.07440717,-77.11699067,2023,3,11
230015104,Property Damage Crash,03/29/2023 08:00:00 AM,NORBECK RD,NA,SAME DIR REAR END,Clear,DRY,Daylight,NO CONTROLS,NONE DETECTED,No,No Apparent Injury,N/A,NOT DISTRACTED,MD,PASSENGER CAR,SLOWING OR STOPPING,40,No,2021,JEEP,UT,39.121057,-77.03723967,2023,3,8
230015104,Property Damage Crash,03/29/2023 08:00:00 AM,NORBECK RD,NA,SAME DIR REAR END,Clear,DRY,Daylight,NO CONTROLS,NONE DETECTED,Yes,No Apparent Injury,N/A,UNKNOWN,MD,PASSENGER CAR,MOVING CONSTANT SPEED,40,No,2019,HOND,HB,39.121057,-77.03723967,2023,3,8
230015105,Property Damage Crash,03/29/2023 07:42:00 AM,OLD GEORGETOWN RD,NA,SAME DIR BOTH LEFT TURN,Clear,DRY,Daylight,TRAFFIC SIGNAL,NONE DETECTED,No,No Apparent Injury,N/A,NOT DISTRACTED,MD,SCHOOL BUS,MAKING LEFT TURN,35,No,2022,THOMAS,CONV-EV 310TS,39.04967317,-77.114004,2023,3,7