Local Case Number,ACRS Report Type,Crash Date/Time,Road Name,Related Non-Motorist,Collision Type,Weather,Surface Condition,Light,Traffic Control,Driver Substance Abuse,Driver At Fault,Injury Severity,Circumstance,Driver Distracted By,Drivers License State,Vehicle Body Type,Vehicle Movement,Speed Limit,Driverless Vehicle,Vehicle Year,Vehicle Make,Vehicle Model,Latitude,Longitude,Year,Month,Hour
230015105,Property Damage Crash,03/29/2023 07:42:00 AM,OLD GEORGETOWN RD,NA,SAME DIR BOTH LEFT TURN,Clear,DRY,Daylight,TRAFFIC SIGNAL,NONE DETECTED,Yes,No Apparent Injury,N/A,NOT DISTRACTED,MD,PASSENGER CAR,OTHER,35,No,2005,HONDA,ODYSSEY,39.04967317,-77.114004,2023,3,7
230015101,Property Damage Crash,03/29/2023 05:23:00 AM,GEORGIA AVE,NA,SINGLE VEHICLE,Clear,DRY,Medium,NO CONTROLS,NONE DETECTED,Yes,No Apparent Injury,N/A,UNKNOWN,NA,PASSENGER CAR,MOVING CONSTANT SPEED,40,No,2009,HONDA,CIVIC,39.00042,-77.03285,2023,3,5
230014397,Property Damage Crash,03/29/2023 03:55:00 AM,COLUMBIA PIKE,NA,SINGLE VEHICLE,Clear,WET,Medium,N/A,NONE DETECTED,Yes,No Apparent Injury,N/A,INATTENTIVE OR LOST IN THOUGHT,MD,PASSENGER CAR,UNKNOWN,40,No,2018,HONDA,CRV,39.02688667,-77.01042333,2023,3,3
230015075,Property Damage Crash,03/28/2023 09:39:00 PM,DARNESTOWN RD,NA,SAME DIRECTION SIDESWIPE,Clear,DRY,Dark,N/A,NONE DETECTED,No,No Apparent Injury,N/A,NOT DISTRACTED,MD,PASSENGER CAR,MAKING LEFT TURN,40,No,2011,SUBA,FORESTER,39.16914098,-77.39916554,2023,3,21
230015075,Property Damage Crash,03/28/2023 09:39:00 PM,DARNESTOWN RD,NA,SAME DIRECTION SIDESWIPE,Clear,DRY,Dark,N/A,NONE DETECTED,Yes,No Apparent Injury,N/A,NOT DISTRACTED,MD,PASSENGER CAR,PASSING,40,No,2011,TOYOTA,CAMRY,39.16914098,-77.39916554,2023,3,21
230015064,Injury Crash,03/28/2023 09:11:00 PM,SHADY GROVE RD,NA,STRAIGHT MOVEMENT ANGLE,Clear,DRY,Medium,TRAFFIC SIGNAL,NONE DETECTED,Yes,Possible Minor Injury,N/A,NOT DISTRACTED,MD,PASSENGER CAR,MOVING CONSTANT SPEED,40,No,2019,TOYOTA,COROLLA,39.10503233,-77.190505,2023,3,21
230015064,Injury Crash,03/28/2023 09:11:00 PM,SHADY GROVE RD,NA,STRAIGHT MOVEMENT ANGLE,Clear,DRY,Medium,TRAFFIC SIGNAL,NONE DETECTED,No,Possible Minor Injury,N/A,NOT DISTRACTED,MD,PASSENGER CAR,MOVING CONSTANT SPEED,35,No,2014,CHEVROLET,CRUZE,39.10503233,-77.190505,2023,3,21
230015059,Injury Crash,03/28/2023 08:25:00 PM,MUDDY BRANCH RD,NA,SAME DIR REAR END,Clear,DRY,Medium,TRAFFIC SIGNAL,NONE DETECTED,Yes,Possible Minor Injury,N/A,NOT DISTRACTED,MD,POLICE VEHICLE/NON EMERGENCY,MOVING CONSTANT SPEED,45,No,2016,FORD,TAURUS,39.13923,-77.20521667,2023,3,20
230015059,Injury Crash,03/28/2023 08:25:00 PM,MUDDY BRANCH RD,NA,SAME DIR REAR END,Clear,DRY,Medium,TRAFFIC SIGNAL,NONE DETECTED,No,Possible Minor Injury,N/A,UNKNOWN,XX,PASSENGER CAR,STOPPED IN TRAFFIC LANE,45,No,2018,TOYOTA,CAMRY,39.13923,-77.20521667,2023,3,20
230015050,Property Damage Crash,03/28/2023 07:20:00 PM,FREDERICK RD,NA,HEAD ON LEFT TURN,Clear,DRY,Daylight,TRAFFIC SIGNAL,NONE DETECTED,No,No Apparent Injury,N/A,NOT DISTRACTED,MD,(SPORT) UTILITY VEHICLE,MOVING CONSTANT SPEED,40,No,2023,KIA,SPORTAGE,39.198445,-77.24480833,2023,3,19
230015050,Property Damage Crash,03/28/2023 07:20:00 PM,FREDERICK RD,NA,HEAD ON LEFT TURN,Clear,DRY,Daylight,TRAFFIC SIGNAL,NONE DETECTED,Yes,No Apparent Injury,N/A,NOT DISTRACTED,MD,PASSENGER CAR,MAKING LEFT TURN,40,No,2021,KIA,RIO,39.198445,-77.24480833,2023,3,19
230015042,Property Damage Crash,03/28/2023 06:46:00 PM,SANDY SPRING RD,NA,SAME DIR REAR END,Clear,DRY,Daylight,TRAFFIC SIGNAL,ALCOHOL PRESENT,Yes,No Apparent Injury,N/A,LOOKED BUT DID NOT SEE,XX,PASSENGER CAR,SLOWING OR STOPPING,35,No,2016,HONDA,CIVIC,39.10636711,-76.9186981,2023,3,18
230015042,Property Damage Crash,03/28/2023 06:46:00 PM,SANDY SPRING RD,NA,SAME DIR REAR END,Clear,DRY,Daylight,TRAFFIC SIGNAL,NONE DETECTED,No,No Apparent Injury,N/A,NOT DISTRACTED,MD,(SPORT) UTILITY VEHICLE,STOPPED IN TRAFFIC LANE,35,No,2016,TOYOTA,RAV4,39.10636711,-76.9186981,2023,3,18
230015036,Property Damage Crash,03/28/2023 05:50:00 PM,RIDGE RD,NA,SAME DIRECTION SIDESWIPE,Clear,DRY,Daylight,TRAFFIC SIGNAL,NONE DETECTED,Yes,No Apparent Injury,N/A,LOOKED BUT DID NOT SEE,MD,PASSENGER CAR,CHANGING LANES,40,No,2000,TOYOTA,CAMRY,39.20207,-77.252645,2023,3,17
230015036,Property Damage Crash,03/28/2023 05:50:00 PM,RIDGE RD,NA,SAME DIRECTION SIDESWIPE,Clear,DRY,Daylight,TRAFFIC SIGNAL,NONE DETECTED,No,No Apparent Injury,N/A,NOT DISTRACTED,MD,PASSENGER CAR,MOVING CONSTANT SPEED,40,No,2019,MAZDA,CX3,39.20207,-77.252645,2023,3,17
230015013,Injury Crash,03/28/2023 04:29:00 PM,WOODFIELD RD,NA,STRAIGHT MOVEMENT ANGLE,Clear,DRY,Daylight,TRAFFIC SIGNAL,NONE DETECTED,No,Possible Minor Injury,N/A,NOT DISTRACTED,MD,PASSENGER CAR,MOVING CONSTANT SPEED,45,No,2017,HYUN,4S,39.18534333,-77.15077667,2023,3,16
230015013,Injury Crash,03/28/2023 04:29:00 PM,WOODFIELD RD,NA,STRAIGHT MOVEMENT ANGLE,Clear,DRY,Daylight,TRAFFIC SIGNAL,NONE DETECTED,Yes,No Apparent Injury,N/A,OTHER DISTRACTION,MD,PICKUP TRUCK,ACCELERATING,45,No,2011,FORD,TK,39.18534333,-77.15077667,2023,3,16
230014993,Injury Crash,03/28/2023 02:41:00 PM,WHITTIER BLVD,NA,ANGLE MEETS LEFT TURN,Clear,DRY,Daylight,STOP SIGN,NONE DETECTED,Yes,No Apparent Injury,N/A,UNKNOWN,MD,PASSENGER CAR,MAKING LEFT TURN,25,No,2012,BMW,535I,38.97966333,-77.12458667,2023,3,14
230014993,Injury Crash,03/28/2023 02:41:00 PM,WHITTIER BLVD,NA,ANGLE MEETS LEFT TURN,Clear,DRY,Daylight,STOP SIGN,NONE DETECTED,No,Possible Minor Injury,N/A,NOT DISTRACTED,MD,(SPORT) UTILITY VEHICLE,MOVING CONSTANT SPEED,25,No,2016,LNDR,RANG ROVER,38.97966333,-77.12458667,2023,3,14
230014984,Property Damage Crash,03/28/2023 01:58:00 PM,OLD COLUMBIA PIKE,NA,OTHER,Clear,DRY,Daylight,TRAFFIC SIGNAL,NONE DETECTED,Yes,No Apparent Injury,N/A,NOT DISTRACTED,MD,(SPORT) UTILITY VEHICLE,MAKING LEFT TURN,30,No,2011,DODG,4H,39.112075,-76.93248833,2023,3,13
230014984,Property Damage Crash,03/28/2023 01:58:00 PM,OLD COLUMBIA PIKE,NA,OTHER,Clear,DRY,Daylight,TRAFFIC SIGNAL,NONE DETECTED,No,No Apparent Injury,N/A,LOOKED BUT DID NOT SEE,MD,STATION WAGON,MAKING RIGHT TURN,30,No,2020,SUBA,SW,39.112075,-76.93248833,2023,3,13
230014981,Property Damage Crash,03/28/2023 01:54:00 PM,N HORNERS LA,NA,STRAIGHT MOVEMENT ANGLE,Clear,DRY,Daylight,NO CONTROLS,NONE DETECTED,No,No Apparent Injury,N/A,NOT DISTRACTED,MD,PICKUP TRUCK,MOVING CONSTANT SPEED,25,No,2009,FORD,PK,39.08875529,-77.1433322,2023,3,13
230014981,Property Damage Crash,03/28/2023 01:54:00 PM,N HORNERS LA,NA,STRAIGHT MOVEMENT ANGLE,Clear,DRY,Daylight,NO CONTROLS,NONE DETECTED,Yes,No Apparent Injury,N/A,NOT DISTRACTED,MD,PASSENGER CAR,ACCELERATING,25,No,2022,VOLV,UT,39.08875529,-77.1433322,2023,3,13
230014979,Injury Crash,03/28/2023 01:45:00 PM,VEIRS MILL RD,NA,SAME DIRECTION SIDESWIPE,Clear,DRY,Daylight,TRAFFIC SIGNAL,NONE DETECTED,No,No Apparent Injury,N/A,NOT DISTRACTED,MD,TRANSIT BUS,MOVING CONSTANT SPEED,40,No,2013,NEW FLYER,BUS,39.05113,-77.07494333,2023,3,13
230014979,Injury Crash,03/28/2023 01:45:00 PM,VEIRS MILL RD,NA,SAME DIRECTION SIDESWIPE,Clear,DRY,Daylight,TRAFFIC SIGNAL,NONE DETECTED,No,No Apparent Injury,N/A,NOT DISTRACTED,DC,PASSENGER CAR,STOPPED IN TRAFFIC LANE,40,No,2017,HYUNDAI,SONATA,39.05113,-77.07494333,2023,3,13
230014979,Injury Crash,03/28/2023 01:45:00 PM,VEIRS MILL RD,NA,SAME DIRECTION SIDESWIPE,Clear,DRY,Daylight,TRAFFIC SIGNAL,NONE DETECTED,Yes,Possible Minor Injury,N/A,UNKNOWN,MD,(SPORT) UTILITY VEHICLE,CHANGING LANES,40,No,2012,ACURA,RDX,39.05113,-77.07494333,2023,3,13
230014740,Property Damage Crash,03/28/2023 11:04:00 AM,NEW HAMPSHIRE AVE,NA,SINGLE VEHICLE,Clear,DRY,Daylight,TRAFFIC SIGNAL,DRUG PRESENT,Yes,No Apparent Injury,N/A,NOT DISTRACTED,MD,PASSENGER CAR,MOVING CONSTANT SPEED,45,No,2007,CHEVROLET,HHR,39.08838798,-76.99968081,2023,3,11
230014927,Property Damage Crash,03/28/2023 09:45:00 AM,NA,NA,STRAIGHT MOVEMENT ANGLE,Clear,NA,Daylight,N/A,NONE DETECTED,Yes,No Apparent Injury,N/A,LOOKED BUT DID NOT SEE,MD,VAN,SLOWING OR STOPPING,15,No,2008,CHEVROLET,EXPRESS,39.28225667,-77.21074833,2023,3,9
230014931,Property Damage Crash,03/28/2023 09:34:00 AM,GAINSBOROUGH RD,NA,SAME DIRECTION LEFT TURN,Clear,DRY,Daylight,NO CONTROLS,NONE DETECTED,No,No Apparent Injury,N/A,NOT DISTRACTED,MD,PASSENGER CAR,MOVING CONSTANT SPEED,25,No,2021,NISSAN,ROGUE,39.04356315,-77.17210528,2023,3,9
230014931,Property Damage Crash,03/28/2023 09:34:00 AM,GAINSBOROUGH RD,NA,SAME DIRECTION LEFT TURN,Clear,DRY,Daylight,NO CONTROLS,NONE DETECTED,Yes,No Apparent Injury,N/A,LOOKED BUT DID NOT SEE,MD,PASSENGER CAR,STARTING FROM PARKED,25,No,2014,MERCEDES BENZ,CLA 250,39.04356315,-77.17210528,2023,3,9
230015336,Property Damage Crash,03/28/2023 09:29:00 AM,COLUMBIA PIKE,NA,SAME DIR REAR END,Clear,DRY,Daylight,N/A,NONE DETECTED,Yes,No Apparent Injury,N/A,LOOKED BUT DID NOT SEE,MD,(SPORT) UTILITY VEHICLE,MOVING CONSTANT SPEED,35,No,2018,HONDA,CRV,39.045264,-76.990145,2023,3,9
230015336,Property Damage Crash,03/28/2023 09:29:00 AM,COLUMBIA PIKE,NA,SAME DIR REAR END,Clear,DRY,Daylight,N/A,NONE DETECTED,No,No Apparent Injury,N/A,NOT DISTRACTED,VA,(SPORT) UTILITY VEHICLE,MOVING CONSTANT SPEED,35,No,2011,VOLVO,XC60,39.045264,-76.990145,2023,3,9
230014924,Property Damage Crash,03/28/2023 09:09:00 AM,RIVER RD,NA,SAME DIR REAR END,Clear,DRY,Daylight,NO CONTROLS,NONE DETECTED,Yes,No Apparent Injury,N/A,OTHER ELECTRONIC DEVICE (NAVIGATIONAL PALM PILOT),MD,PASSENGER CAR,MOVING CONSTANT SPEED,35,No,2014,TOYOTA,COROLLA,38.976215,-77.12729167,2023,3,9
230014924,Property Damage Crash,03/28/2023 09:09:00 AM,RIVER RD,NA,SAME DIR REAR END,Clear,DRY,Daylight,NO CONTROLS,NONE DETECTED,Yes,No Apparent Injury,N/A,NOT DISTRACTED,MD,(SPORT) UTILITY VEHICLE,STOPPED IN TRAFFIC LANE,35,No,2023,TOYOTA,HIGLANDER,38.976215,-77.12729167,2023,3,9
230014923,Property Damage Crash,03/28/2023 09:06:00 AM,BURLINGTON AVE,NA,OTHER,Clear,DRY,Daylight,TRAFFIC SIGNAL,NONE DETECTED,Yes,No Apparent Injury,N/A,NOT DISTRACTED,MD,PICKUP TRUCK,STOPPED IN TRAFFIC LANE,30,No,2017,FORD,TK,38.9872955,-77.02629983,2023,3,9
230014923,Property Damage Crash,03/28/2023 09:06:00 AM,BURLINGTON AVE,NA,OTHER,Clear,DRY,Daylight,TRAFFIC SIGNAL,NONE DETECTED,No,No Apparent Injury,N/A,NOT DISTRACTED,MD,SCHOOL BUS,SLOWING OR STOPPING,30,No,2020,THMS,BU,38.9872955,-77.02629983,2023,3,9
230014914,Injury Crash,03/28/2023 08:10:00 AM,GEORGIA AVE,NA,STRAIGHT MOVEMENT ANGLE,Cloudy,DRY,Daylight,STOP SIGN,NONE DETECTED,No,Possible Minor Injury,N/A,NOT DISTRACTED,MD,PASSENGER CAR,MOVING CONSTANT SPEED,45,No,2019,CHEVROLET,TRAVERSE,39.06659039,-77.05929838,2023,3,8
230014914,Injury Crash,03/28/2023 08:10:00 AM,GEORGIA AVE,NA,STRAIGHT MOVEMENT ANGLE,Cloudy,DRY,Daylight,STOP SIGN,NONE DETECTED,Yes,Possible Minor Injury,N/A,LOOKED BUT DID NOT SEE,MD,PASSENGER CAR,ACCELERATING,25,No,2008,VOLKSWAGEN,JETTA,39.06659039,-77.05929838,2023,3,8
230014903,Injury Crash,03/28/2023 07:05:00 AM,UNIVERSITY BLVD E,PEDESTRIAN,OTHER,Clear,DRY,Medium,TRAFFIC SIGNAL,NONE DETECTED,Yes,No Apparent Injury,N/A,LOOKED BUT DID NOT SEE,MD,PASSENGER CAR,MAKING RIGHT TURN,35,No,2011,HONDA,FIT,39.01215753,-77.00266355,2023,3,7
230014856,Injury Crash,03/27/2023 08:12:00 PM,NA,OTHER PEDALCYCLIST,STRAIGHT MOVEMENT ANGLE,Clear,NA,Medium,N/A,NONE DETECTED,Yes,No Apparent Injury,N/A,LOOKED BUT DID NOT SEE,MD,PASSENGER CAR,ACCELERATING,5,No,2008,TOYO,2S,39.05836333,-77.04811333,2023,3,20
230014867,Property Damage Crash,03/27/2023 08:05:00 PM,OLNEY SANDY SPRING RD,NA,STRAIGHT MOVEMENT ANGLE,Clear,DRY,Medium,TRAFFIC SIGNAL,NONE DETECTED,Yes,No Apparent Injury,"N/A, ROAD UNDER CONSTRUCTION/MAINTENANCE",LOOKED BUT DID NOT SEE,MD,(SPORT) UTILITY VEHICLE,MAKING LEFT TURN,30,No,2015,HONDA,CR-V,39.1518682,-77.0644303,2023,3,20
230014867,Property Damage Crash,03/27/2023 08:05:00 PM,OLNEY SANDY SPRING RD,NA,STRAIGHT MOVEMENT ANGLE,Clear,DRY,Medium,TRAFFIC SIGNAL,ALCOHOL PRESENT,No,No Apparent Injury,"N/A, ROAD UNDER CONSTRUCTION/MAINTENANCE",UNKNOWN,MD,PICKUP TRUCK,MOVING CONSTANT SPEED,30,No,2018,FORD,F150,39.1518682,-77.0644303,2023,3,20
230014851,Property Damage Crash,03/27/2023 06:56:00 PM,MARKET ST,NA,OPPOSITE DIRECTION SIDESWIPE,Clear,DRY,Daylight,NO CONTROLS,NONE DETECTED,Yes,No Apparent Injury,N/A,UNKNOWN,MD,"MEDIUM/HEAVY TRUCKS 3 AXLES (OVER 10,000LBS (4,536KG))",NEGOTIATING A CURVE,30,No,2023,MACK,ANTHEM,39.18103653,-77.05919393,2023,3,18
230014851,Property Damage Crash,03/27/2023 06:56:00 PM,MARKET ST,NA,OPPOSITE DIRECTION SIDESWIPE,Clear,DRY,Daylight,NO CONTROLS,NONE DETECTED,No,No Apparent Injury,N/A,NOT DISTRACTED,MD,PASSENGER CAR,NEGOTIATING A CURVE,30,No,2018,DODGE,RAM,39.18103653,-77.05919393,2023,3,18
230014834,Property Damage Crash,03/27/2023 06:21:00 PM,DAMASCUS RD,NA,STRAIGHT MOVEMENT ANGLE,Clear,DRY,Daylight,N/A,NONE DETECTED,Yes,No Apparent Injury,N/A,LOOKED BUT DID NOT SEE,MD,PASSENGER CAR,STARTING FROM LANE,30,No,2000,LINCOLN,SD,39.22698167,-77.07587883,2023,3,18
230014834,Property Damage Crash,03/27/2023 06:21:00 PM,DAMASCUS RD,NA,STRAIGHT MOVEMENT ANGLE,Clear,DRY,Daylight,N/A,NONE DETECTED,No,No Apparent Injury,N/A,NOT DISTRACTED,MD,PICKUP TRUCK,MOVING CONSTANT SPEED,40,No,2006,FORD,DS,39.22698167,-77.07587883,2023,3,18
230014828,Property Damage Crash,03/27/2023 05:30:00 PM,5TH AVE,NA,OTHER,Clear,DRY,Daylight,N/A,NONE DETECTED,Yes,No Apparent Injury,N/A,UNKNOWN,XX,(SPORT) UTILITY VEHICLE,PARKING,5,No,2013,FORD,ESCAPE,38.96917342,-77.00244952,2023,3,17
230014831,Property Damage Crash,03/27/2023 05:18:00 PM,NIGHTINGALE ST,NA,OTHER,Clear,DRY,Daylight,NO CONTROLS,NONE DETECTED,Yes,No Apparent Injury,N/A,UNKNOWN,NA,VAN,CHANGING LANES,25,No,2019,DODGE,VAN,39.25755461,-77.20940964,2023,3,17
230014771,Property Damage Crash,03/27/2023 01:57:00 PM,NA,NA,SAME DIRECTION SIDESWIPE,Cloudy,NA,Daylight,N/A,NONE DETECTED,Yes,No Apparent Injury,N/A,UNKNOWN,NA,NA,ACCELERATING,25,No,0,UNKNOWN,UNKNOWN,39.17262,-77.21396667,2023,3,13
230014769,Property Damage Crash,03/27/2023 01:00:00 PM,WHITMOOR TERR,NA,OTHER,Cloudy,UNKNOWN,Daylight,NO CONTROLS,NONE DETECTED,Yes,No Apparent Injury,N/A,LOOKED BUT DID NOT SEE,MD,"MEDIUM/HEAVY TRUCKS 3 AXLES (OVER 10,000LBS (4,536KG))",MOVING CONSTANT SPEED,25,No,2013,FORD,F450,39.028745,-77.00481667,2023,3,13
230014762,Property Damage Crash,03/27/2023 12:50:00 PM,FREDERICK RD,NA,HEAD ON LEFT TURN,Cloudy,DRY,Daylight,NO CONTROLS,NONE DETECTED,Yes,No Apparent Injury,N/A,LOOKED BUT DID NOT SEE,VA,PICKUP TRUCK,MAKING LEFT TURN,35,No,2013,FORD,F350,39.21345471,-77.24904793,2023,3,12
230014762,Property Damage Crash,03/27/2023 12:50:00 PM,FREDERICK RD,NA,HEAD ON LEFT TURN,Cloudy,DRY,Daylight,NO CONTROLS,NONE DETECTED,No,No Apparent Injury,N/A,NOT DISTRACTED,MD,PASSENGER CAR,MOVING CONSTANT SPEED,35,No,2011,CHRYSLER,4D,39.21345471,-77.24904793,2023,3,12
230014759,Injury Crash,03/27/2023 11:40:00 AM,NA,PEDESTRIAN,SINGLE VEHICLE,Cloudy,NA,Daylight,N/A,NONE DETECTED,Yes,Possible Minor Injury,N/A,NOT DISTRACTED,MD,(SPORT) UTILITY VEHICLE,STARTING FROM PARKED,15,No,2020,JEEP,LAREDO,39.02534749,-77.12782794,2023,3,11
230014726,Property Damage Crash,03/27/2023 10:00:00 AM,CALVERTON BLVD,NA,ANGLE MEETS LEFT HEAD ON,Clear,DRY,Daylight,STOP SIGN,NONE DETECTED,No,No Apparent Injury,N/A,NOT DISTRACTED,MD,PASSENGER CAR,STARTING FROM LANE,30,No,2016,KIA,OPTIMA,39.056805,-76.9512,2023,3,10
230014726,Property Damage Crash,03/27/2023 10:00:00 AM,CALVERTON BLVD,NA,ANGLE MEETS LEFT HEAD ON,Clear,DRY,Daylight,STOP SIGN,NONE DETECTED,Yes,No Apparent Injury,N/A,NOT DISTRACTED,MD,PASSENGER CAR,MAKING LEFT TURN,30,No,2019,NISSAN,PATHFINDER,39.056805,-76.9512,2023,3,10
230019388,Injury Crash,03/27/2023 09:30:00 AM,WATKINS MILL RD,NA,SAME DIR BOTH LEFT TURN,Clear,DRY,Daylight,TRAFFIC SIGNAL,NONE DETECTED,No,No Apparent Injury,N/A,NOT DISTRACTED,MD,PASSENGER CAR,MAKING LEFT TURN,35,No,2021,TOYT,UT,39.17067073,-77.20885779,2023,3,9
230019388,Injury Crash,03/27/2023 09:30:00 AM,WATKINS MILL RD,NA,SAME DIR BOTH LEFT TURN,Clear,DRY,Daylight,TRAFFIC SIGNAL,NONE DETECTED,Yes,No Apparent Injury,N/A,NOT DISTRACTED,MD,PASSENGER CAR,CHANGING LANES,35,No,2013,FORD,TK,39.17067073,-77.20885779,2023,3,9
230014713,Property Damage Crash,03/27/2023 08:35:00 AM,THIRTEENTH AVE,NA,OTHER,Clear,DRY,Daylight,N/A,NONE DETECTED,No,No Apparent Injury,N/A,NOT DISTRACTED,MD,PICKUP TRUCK,PARKED,25,No,2016,FORD,F-150,38.9789498,-76.98858355,2023,3,8
230014713,Property Damage Crash,03/27/2023 08:35:00 AM,THIRTEENTH AVE,NA,OTHER,Clear,DRY,Daylight,N/A,NONE DETECTED,Yes,No Apparent Injury,N/A,UNKNOWN,MD,PASSENGER CAR,MOVING CONSTANT SPEED,25,No,2015,LEXUS,TK,38.9789498,-76.98858355,2023,3,8
230014711,Injury Crash,03/27/2023 08:25:00 AM,TWINBROOK PKWY,NA,HEAD ON LEFT TURN,Clear,DRY,Daylight,TRAFFIC SIGNAL,NONE DETECTED,No,Possible Minor Injury,N/A,NOT DISTRACTED,MD,PASSENGER CAR,MAKING LEFT TURN,35,No,2010,NISSAN,XTERRA,39.06141675,-77.11656197,2023,3,8
230014711,Injury Crash,03/27/2023 08:25:00 AM,TWINBROOK PKWY,NA,HEAD ON LEFT TURN,Clear,DRY,Daylight,TRAFFIC SIGNAL,NONE DETECTED,Yes,Possible Minor Injury,N/A,UNKNOWN,MD,PASSENGER CAR,MOVING CONSTANT SPEED,35,No,2014,HONDA,CIVIC,39.06141675,-77.11656197,2023,3,8
230013809,Injury Crash,03/27/2023 06:44:00 AM,WOODMONT AVE,NA,SAME DIR REAR END,Clear,DRY,Medium,NO CONTROLS,NONE DETECTED,Yes,No Apparent Injury,N/A,NOT DISTRACTED,NA,PASSENGER CAR,MOVING CONSTANT SPEED,25,No,1999,TOYOTA,CAMRY,38.99292147,-77.09701926,2023,3,6
230013809,Injury Crash,03/27/2023 06:44:00 AM,WOODMONT AVE,NA,SAME DIR REAR END,Clear,DRY,Medium,NO CONTROLS,NONE DETECTED,No,Possible Minor Injury,N/A,NOT DISTRACTED,MD,PASSENGER CAR,STOPPED IN TRAFFIC LANE,25,No,2015,TOYOTA,PRUS,38.99292147,-77.09701926,2023,3,6
230014571,Property Damage Crash,03/27/2023 06:30:00 AM,SHERRIE LA,NA,SINGLE VEHICLE,Clear,DRY,Dark,NO CONTROLS,ALCOHOL PRESENT,Yes,No Apparent Injury,N/A,UNKNOWN,MD,PASSENGER CAR,UNKNOWN,25,No,2016,FORD,ST,39.09284983,-77.079496,2023,3,6
230014701,Injury Crash,03/27/2023 06:24:00 AM,GUE RD,NA,STRAIGHT MOVEMENT ANGLE,Clear,DRY,Medium,NO CONTROLS,NONE DETECTED,Yes,No Apparent Injury,N/A,NOT DISTRACTED,MD,PASSENGER CAR,MOVING CONSTANT SPEED,35,No,2002,TOYT,CAMRY,39.30174912,-77.19741368,2023,3,6
230014701,Injury Crash,03/27/2023 06:24:00 AM,GUE RD,NA,STRAIGHT MOVEMENT ANGLE,Clear,DRY,Medium,NO CONTROLS,NONE DETECTED,No,Suspected Serious Injury,N/A,NOT DISTRACTED,MD,PASSENGER CAR,MOVING CONSTANT SPEED,30,No,2014,HONDA,CRV,39.30174912,-77.19741368,2023,3,6
230014700,Property Damage Crash,03/27/2023 06:22:00 AM,PICCARD DR,NA,OTHER,Clear,DRY,Medium,NO CONTROLS,NONE DETECTED,Yes,No Apparent Injury,N/A,UNKNOWN,MD,(SPORT) UTILITY VEHICLE,MOVING CONSTANT SPEED,20,No,2021,TOYT,PV,39.10596517,-77.17991183,2023,3,6
230014670,Property Damage Crash,03/26/2023 08:10:00 PM,MONTROSE AVE,NA,SAME DIRECTION SIDESWIPE,Clear,DRY,Medium,N/A,NONE DETECTED,Yes,No Apparent Injury,N/A,UNKNOWN,NA,UNKNOWN,ACCELERATING,25,No,0,UNKNOWN,UNKNOWN,39.02448167,-77.10178333,2023,3,20
230014665,Injury Crash,03/26/2023 08:00:00 PM,FREDERICK RD,NA,STRAIGHT MOVEMENT ANGLE,Clear,DRY,Medium,TRAFFIC SIGNAL,NONE DETECTED,Yes,Possible Minor Injury,N/A,UNKNOWN,VA,PASSENGER CAR,MOVING CONSTANT SPEED,40,No,2020,DODGE,4D,39.17185,-77.236313,2023,3,20
230014665,Injury Crash,03/26/2023 08:00:00 PM,FREDERICK RD,NA,STRAIGHT MOVEMENT ANGLE,Clear,DRY,Medium,TRAFFIC SIGNAL,NONE DETECTED,No,No Apparent Injury,N/A,NOT DISTRACTED,MD,PICKUP TRUCK,MAKING LEFT TURN,40,No,2002,DODGE,TRUCK,39.17185,-77.236313,2023,3,20
230014667,Injury Crash,03/26/2023 07:49:00 PM,PINEY BRANCH RD,NA,SAME DIRECTION SIDESWIPE,Clear,DRY,Medium,NO CONTROLS,NONE DETECTED,Yes,Possible Minor Injury,N/A,LOOKED BUT DID NOT SEE,MD,PASSENGER CAR,MOVING CONSTANT SPEED,30,No,2019,TOYOTA,RAV 4,39.00124667,-76.98610167,2023,3,19
230014667,Injury Crash,03/26/2023 07:49:00 PM,PINEY BRANCH RD,NA,SAME DIRECTION SIDESWIPE,Clear,DRY,Medium,NO CONTROLS,NONE DETECTED,No,Possible Minor Injury,N/A,NOT DISTRACTED,MD,PASSENGER CAR,MOVING CONSTANT SPEED,30,No,2016,SUBARU,WRX,39.00124667,-76.98610167,2023,3,19
230014660,Property Damage Crash,03/26/2023 06:50:00 PM,WAYNE AVE,NA,SAME DIRECTION SIDESWIPE,Clear,DRY,Daylight,TRAFFIC SIGNAL,NONE DETECTED,Yes,No Apparent Injury,N/A,INATTENTIVE OR LOST IN THOUGHT,MD,PASSENGER CAR,STOPPED IN TRAFFIC LANE,35,No,2012,TOYOTA,4S,38.99587,-77.02468,2023,3,18
230014660,Property Damage Crash,03/26/2023 06:50:00 PM,WAYNE AVE,NA,SAME DIRECTION SIDESWIPE,Clear,DRY,Daylight,TRAFFIC SIGNAL,NONE DETECTED,No,No Apparent Injury,N/A,NOT DISTRACTED,MD,TRANSIT BUS,MOVING CONSTANT SPEED,25,No,2022,BU,UK,38.99587,-77.02468,2023,3,18
230014659,Property Damage Crash,03/26/2023 06:44:00 PM,RIDGE RD,NA,SINGLE VEHICLE,Clear,DRY,Daylight,NO CONTROLS,NONE DETECTED,Yes,No Apparent Injury,N/A,NOT DISTRACTED,MD,PASSENGER CAR,MOVING CONSTANT SPEED,40,No,2002,FORD,EXPLORER,39.25470433,-77.22753867,2023,3,18
230014655,Property Damage Crash,03/26/2023 06:30:00 PM,GEORGIA AVE,NA,SAME DIRECTION SIDESWIPE,Clear,DRY,Daylight,TRAFFIC SIGNAL,NONE DETECTED,Yes,No Apparent Injury,N/A,UNKNOWN,MD,TRANSIT BUS,CHANGING LANES,35,No,2016,TBU,UK,38.99574,-77.02765,2023,3,18
230014655,Property Damage Crash,03/26/2023 06:30:00 PM,GEORGIA AVE,NA,SAME DIRECTION SIDESWIPE,Clear,DRY,Daylight,TRAFFIC SIGNAL,NONE DETECTED,No,No Apparent Injury,N/A,NOT DISTRACTED,MD,PASSENGER CAR,SLOWING OR STOPPING,35,No,2011,TOYOTA,CAMRY,38.99574,-77.02765,2023,3,18
230015016,Property Damage Crash,03/26/2023 05:27:00 PM,NEW HAMPSHIRE AVE,NA,SAME DIRECTION SIDESWIPE,Clear,DRY,Daylight,TRAFFIC SIGNAL,NONE DETECTED,No,No Apparent Injury,N/A,NOT DISTRACTED,MD,PASSENGER CAR,CHANGING LANES,35,No,2018,TESLA,4S,39.01173002,-76.97872699,2023,3,17
230015016,Property Damage Crash,03/26/2023 05:27:00 PM,NEW HAMPSHIRE AVE,NA,SAME DIRECTION SIDESWIPE,Clear,DRY,Daylight,TRAFFIC SIGNAL,NONE DETECTED,Yes,No Apparent Injury,N/A,LOOKED BUT DID NOT SEE,MD,PICKUP TRUCK,CHANGING LANES,35,No,2008,FORD,PICK UP,39.01173002,-76.97872699,2023,3,17
230014639,Injury Crash,03/26/2023 05:05:00 PM,PERSIMMON TREE RD,BICYCLIST,STRAIGHT MOVEMENT ANGLE,Clear,DRY,Daylight,STOP SIGN,NONE DETECTED,No,No Apparent Injury,N/A,NOT DISTRACTED,MD,PASSENGER CAR,ACCELERATING,35,No,2022,HYUNDAI,TUCSON,38.99770667,-77.18886933,2023,3,17
230014305,Property Damage Crash,03/26/2023 04:16:00 PM,GEORGIA AVE,NA,OTHER,Rain,WET,Daylight,N/A,NONE DETECTED,No,No Apparent Injury,N/A,NOT DISTRACTED,MD,(SPORT) UTILITY VEHICLE,SLOWING OR STOPPING,30,No,2020,ACURA,RDX,39.00584167,-77.01385,2023,3,16