Local Case Number,ACRS Report Type,Crash Date/Time,Road Name,Related Non-Motorist,Collision Type,Weather,Surface Condition,Light,Traffic Control,Driver Substance Abuse,Driver At Fault,Injury Severity,Circumstance,Driver Distracted By,Drivers License State,Vehicle Body Type,Vehicle Movement,Speed Limit,Driverless Vehicle,Vehicle Year,Vehicle Make,Vehicle Model,Latitude,Longitude,Year,Month,Hour
230014305,Property Damage Crash,03/26/2023 04:16:00 PM,GEORGIA AVE,NA,OTHER,Rain,WET,Daylight,N/A,NONE DETECTED,Yes,No Apparent Injury,N/A,LOOKED BUT DID NOT SEE,MD,PASSENGER CAR,CHANGING LANES,30,No,2019,MITSHUBISHI,OUTLANDER,39.00584167,-77.01385,2023,3,16
230014631,Property Damage Crash,03/26/2023 03:45:00 PM,BARNESVILLE RD,NA,SAME DIR REAR END,Clear,DRY,Daylight,NO CONTROLS,NONE DETECTED,Yes,No Apparent Injury,N/A,LOOKED BUT DID NOT SEE,MD,PICKUP TRUCK,MOVING CONSTANT SPEED,30,No,2005,TOYT,TK,39.18686833,-77.31729333,2023,3,15
230014631,Property Damage Crash,03/26/2023 03:45:00 PM,BARNESVILLE RD,NA,SAME DIR REAR END,Clear,DRY,Daylight,NO CONTROLS,NONE DETECTED,No,No Apparent Injury,N/A,NOT DISTRACTED,MD,(SPORT) UTILITY VEHICLE,MOVING CONSTANT SPEED,30,No,2016,TOYT,RAV 4,39.18686833,-77.31729333,2023,3,15
230014620,Property Damage Crash,03/26/2023 02:06:00 PM,EAST WEST HWY,NA,SAME DIRECTION SIDESWIPE,Clear,DRY,Daylight,TRAFFIC SIGNAL,NONE DETECTED,Yes,No Apparent Injury,N/A,UNKNOWN,MD,PASSENGER CAR,ACCELERATING,35,No,2011,HYUNDAI,4 DOOR,38.98752,-77.02658667,2023,3,14
230014620,Property Damage Crash,03/26/2023 02:06:00 PM,EAST WEST HWY,NA,SAME DIRECTION SIDESWIPE,Clear,DRY,Daylight,TRAFFIC SIGNAL,NONE DETECTED,No,No Apparent Injury,N/A,NOT DISTRACTED,MD,PASSENGER CAR,ACCELERATING,35,No,2023,TOYOTA,HIGHLANDER,38.98752,-77.02658667,2023,3,14
230014616,Property Damage Crash,03/26/2023 01:45:00 PM,FATHER HURLEY BLVD,NA,SAME DIRECTION SIDESWIPE,Clear,DRY,Daylight,TRAFFIC SIGNAL,NONE DETECTED,No,No Apparent Injury,N/A,NOT DISTRACTED,MD,VAN,STARTING FROM LANE,30,No,2005,CHRYSLER,TOWN & COUNTRY,39.19351934,-77.27020222,2023,3,13
230014616,Property Damage Crash,03/26/2023 01:45:00 PM,FATHER HURLEY BLVD,NA,SAME DIRECTION SIDESWIPE,Clear,DRY,Daylight,TRAFFIC SIGNAL,NONE DETECTED,Yes,No Apparent Injury,N/A,UNKNOWN,MD,(SPORT) UTILITY VEHICLE,CHANGING LANES,30,No,2020,JEEP,GLADIATOR,39.19351934,-77.27020222,2023,3,13
230014603,Injury Crash,03/26/2023 12:51:00 PM,HUNGERFORD DR,NA,HEAD ON LEFT TURN,Clear,DRY,Daylight,TRAFFIC SIGNAL,NONE DETECTED,No,Possible Minor Injury,N/A,NOT DISTRACTED,MD,(SPORT) UTILITY VEHICLE,MOVING CONSTANT SPEED,35,No,2022,HYUN,UT,39.09429033,-77.15316883,2023,3,12
230014603,Injury Crash,03/26/2023 12:51:00 PM,HUNGERFORD DR,NA,HEAD ON LEFT TURN,Clear,DRY,Daylight,TRAFFIC SIGNAL,NONE DETECTED,Yes,No Apparent Injury,N/A,LOOKED BUT DID NOT SEE,MD,(SPORT) UTILITY VEHICLE,MAKING LEFT TURN,35,No,2013,HOND,CRV,39.09429033,-77.15316883,2023,3,12
230014610,Property Damage Crash,03/26/2023 12:45:00 PM,NEW HAMPSHIRE AVE,NA,SAME DIRECTION SIDESWIPE,Clear,DRY,Daylight,N/A,NONE DETECTED,No,No Apparent Injury,N/A,NOT DISTRACTED,MD,PASSENGER CAR,MOVING CONSTANT SPEED,40,No,2006,MERCEDES,E350,39.06958833,-76.95557833,2023,3,12
230014610,Property Damage Crash,03/26/2023 12:45:00 PM,NEW HAMPSHIRE AVE,NA,SAME DIRECTION SIDESWIPE,Clear,DRY,Daylight,N/A,NONE DETECTED,Yes,No Apparent Injury,N/A,NOT DISTRACTED,NA,PASSENGER CAR,CHANGING LANES,40,No,2020,HODNA,CRV,39.06958833,-76.95557833,2023,3,12
230014702,Property Damage Crash,03/26/2023 12:25:00 PM,NEW HAMPSHIRE AVE,NA,SAME DIRECTION SIDESWIPE,Clear,DRY,Daylight,NO CONTROLS,NONE DETECTED,No,No Apparent Injury,N/A,NOT DISTRACTED,MD,PASSENGER CAR,MOVING CONSTANT SPEED,40,No,2019,KIA,SORENTO,39.06935,-76.95552833,2023,3,12
230014702,Property Damage Crash,03/26/2023 12:25:00 PM,NEW HAMPSHIRE AVE,NA,SAME DIRECTION SIDESWIPE,Clear,DRY,Daylight,NO CONTROLS,NONE DETECTED,Yes,No Apparent Injury,N/A,NOT DISTRACTED,NA,PICKUP TRUCK,ACCELERATING,40,No,2016,FORD,F350,39.06935,-76.95552833,2023,3,12
230014591,Property Damage Crash,03/26/2023 09:53:00 AM,MONTROSE RD,NA,SAME DIRECTION LEFT TURN,Clear,DRY,Daylight,UNKNOWN,NONE DETECTED,Yes,No Apparent Injury,N/A,NOT DISTRACTED,MD,PASSENGER CAR,CHANGING LANES,30,No,2000,FORD,MUSTANG,39.0533279,-77.13577724,2023,3,9
230014591,Property Damage Crash,03/26/2023 09:53:00 AM,MONTROSE RD,NA,SAME DIRECTION LEFT TURN,Clear,DRY,Daylight,UNKNOWN,NONE DETECTED,No,No Apparent Injury,N/A,NOT DISTRACTED,MD,PASSENGER CAR,MOVING CONSTANT SPEED,30,No,2019,SUBARU,IMPREZA,39.0533279,-77.13577724,2023,3,9
230014582,Property Damage Crash,03/26/2023 09:20:00 AM,E GUDE DR,NA,SAME DIRECTION SIDESWIPE,Clear,DRY,Daylight,NO CONTROLS,NONE DETECTED,Unknown,No Apparent Injury,N/A,LOOKED BUT DID NOT SEE,MD,"MEDIUM/HEAVY TRUCKS 3 AXLES (OVER 10,000LBS (4,536KG))",CHANGING LANES,40,No,2015,PETERBUILT,TRACTOR,39.10655667,-77.15315,2023,3,9
230014582,Property Damage Crash,03/26/2023 09:20:00 AM,E GUDE DR,NA,SAME DIRECTION SIDESWIPE,Clear,DRY,Daylight,NO CONTROLS,NONE DETECTED,Unknown,No Apparent Injury,N/A,NOT DISTRACTED,VA,PASSENGER CAR,MOVING CONSTANT SPEED,40,No,2013,HYUN,VELOSTER,39.10655667,-77.15315,2023,3,9
230014578,Property Damage Crash,03/26/2023 08:45:00 AM,1030 VIERS MILL ROAD,NA,SAME DIRECTION RIGHT TURN,Clear,DRY,Daylight,N/A,NONE DETECTED,No,No Apparent Injury,N/A,UNKNOWN,MD,OTHER BUS,MOVING CONSTANT SPEED,25,No,2022,NFLY,2022,39.07867783,-77.13121617,2023,3,8
230014578,Property Damage Crash,03/26/2023 08:45:00 AM,1030 VIERS MILL ROAD,NA,SAME DIRECTION RIGHT TURN,Clear,DRY,Daylight,N/A,NONE DETECTED,Yes,No Apparent Injury,N/A,UNKNOWN,MD,PASSENGER CAR,MOVING CONSTANT SPEED,25,No,2015,FORD,FUSION,39.07867783,-77.13121617,2023,3,8
230014565,Property Damage Crash,03/26/2023 03:32:00 AM,TENBROOK DR,NA,SINGLE VEHICLE,Cloudy,DRY,Medium,NO CONTROLS,NONE DETECTED,Yes,No Apparent Injury,N/A,NOT DISTRACTED,MD,PASSENGER CAR,MOVING CONSTANT SPEED,25,No,2016,HONDA,ACCORD,39.03112557,-77.02848652,2023,3,3
230014566,Property Damage Crash,03/26/2023 03:30:00 AM,RAMP 3 FR IS 370 EB TO IS 270 NB,NA,SINGLE VEHICLE,Cloudy,WET,Dark,NO CONTROLS,NONE DETECTED,Yes,No Apparent Injury,"N/A, WET",DIALING CELLULAR PHONE,MD,PASSENGER CAR,MOVING CONSTANT SPEED,25,No,2010,MERCEDES,E,39.12135427,-77.1953953,2023,3,3
230014560,Property Damage Crash,03/26/2023 03:22:00 AM,EAST WEST HWY,NA,SINGLE VEHICLE,Cloudy,WET,Medium,TRAFFIC SIGNAL,ALCOHOL PRESENT,Yes,No Apparent Injury,"N/A, WET",NOT DISTRACTED,VA,PASSENGER CAR,MOVING CONSTANT SPEED,40,No,2010,TOYOTA,COROLLA,38.9938405,-77.05172233,2023,3,3
230014564,Property Damage Crash,03/26/2023 03:10:00 AM,FLACK ST,NA,OPPOSITE DIRECTION SIDESWIPE,Cloudy,WET,Medium,N/A,NONE DETECTED,Yes,No Apparent Injury,N/A,UNKNOWN,NA,NA,MOVING CONSTANT SPEED,25,No,0,UNKNOWN,UNKNOWN,39.06919252,-77.06346093,2023,3,3
230014555,Property Damage Crash,03/26/2023 02:41:00 AM,ROCKVILLE PIKE,NA,OTHER,Cloudy,WET,Medium,FLASHING TRAFFIC SIGNAL,NONE DETECTED,No,No Apparent Injury,"N/A, WET",NOT DISTRACTED,MD,PASSENGER CAR,MOVING CONSTANT SPEED,35,No,2013,HYUN,4S,39.07450105,-77.13568919,2023,3,2
230014555,Property Damage Crash,03/26/2023 02:41:00 AM,ROCKVILLE PIKE,NA,OTHER,Cloudy,WET,Medium,FLASHING TRAFFIC SIGNAL,NONE DETECTED,Yes,No Apparent Injury,"N/A, WET",NOT DISTRACTED,MD,(SPORT) UTILITY VEHICLE,MOVING CONSTANT SPEED,35,No,2023,LAND ROVER,RANGE ROVER,39.07450105,-77.13568919,2023,3,2
230014556,Property Damage Crash,03/26/2023 02:24:00 AM,GEORGIAN WOODS PL,NA,SINGLE VEHICLE,Cloudy,WET,Dark,NO CONTROLS,NONE DETECTED,Yes,No Apparent Injury,N/A,UNKNOWN,MD,PASSENGER CAR,MAKING LEFT TURN,25,No,2013,HONDA,ACCORD,39.05421883,-77.04615953,2023,3,2
230014551,Property Damage Crash,03/26/2023 01:36:00 AM,RIDGE RD,NA,SINGLE VEHICLE,Clear,WET,Dark,NO CONTROLS,NONE DETECTED,Yes,No Apparent Injury,"N/A, WET",NOT DISTRACTED,MD,PASSENGER CAR,MOVING CONSTANT SPEED,40,No,2020,NISSAN,SENTRA,39.2636535,-77.219158,2023,3,1
230014548,Property Damage Crash,03/26/2023 01:10:00 AM,SNOUFFERS SCHOOL RD,NA,STRAIGHT MOVEMENT ANGLE,Clear,WET,Medium,FLASHING TRAFFIC SIGNAL,NONE DETECTED,Yes,No Apparent Injury,N/A,NOT DISTRACTED,MD,PASSENGER CAR,MAKING RIGHT TURN,40,No,2006,CHEV,TK,39.1700132,-77.17670568,2023,3,1
230014548,Property Damage Crash,03/26/2023 01:10:00 AM,SNOUFFERS SCHOOL RD,NA,STRAIGHT MOVEMENT ANGLE,Clear,WET,Medium,FLASHING TRAFFIC SIGNAL,NONE DETECTED,No,No Apparent Injury,N/A,NOT DISTRACTED,MD,PASSENGER CAR,MOVING CONSTANT SPEED,40,No,2019,FORD,UT,39.1700132,-77.17670568,2023,3,1
230014527,Property Damage Crash,03/25/2023 10:05:00 PM,NA,NA,OTHER,Cloudy,NA,Medium,N/A,NONE DETECTED,Yes,No Apparent Injury,N/A,DISTRACTED BY OUTSIDE PERSON OBJECT OR EVENT,MD,PASSENGER CAR,BACKING,5,No,2017,NISSAN,ALTIMA,39.07573278,-77.13710037,2023,3,22
230014529,Property Damage Crash,03/25/2023 09:43:00 PM,GRACEFIELD RD,NA,SAME DIRECTION SIDESWIPE,Cloudy,WET,Medium,NO CONTROLS,ALCOHOL PRESENT,Yes,No Apparent Injury,"N/A, WET",NOT DISTRACTED,MD,PASSENGER CAR,MOVING CONSTANT SPEED,25,No,2012,BUICK,ENCLAVE,39.0583065,-76.95195233,2023,3,21
230014524,Property Damage Crash,03/25/2023 09:43:00 PM,GRACEFIELD RD,NA,SAME DIRECTION SIDESWIPE,Cloudy,WET,Dark,NO CONTROLS,ALCOHOL PRESENT,Yes,No Apparent Injury,"N/A, WET",NOT DISTRACTED,MD,PASSENGER CAR,MOVING CONSTANT SPEED,35,No,2012,BUICK,ENCLAVE,39.05832383,-76.95193383,2023,3,21
230014522,Property Damage Crash,03/25/2023 08:38:00 PM,OBSERVATION DR,NA,SAME DIRECTION SIDESWIPE,Rain,WET,Medium,NO CONTROLS,NONE DETECTED,Yes,No Apparent Injury,"RAIN, SNOW, WET",NOT DISTRACTED,MD,PASSENGER CAR,MOVING CONSTANT SPEED,35,No,2016,CHEVY,CRUZ,39.19526167,-77.25493333,2023,3,20
230014522,Property Damage Crash,03/25/2023 08:38:00 PM,OBSERVATION DR,NA,SAME DIRECTION SIDESWIPE,Rain,WET,Medium,NO CONTROLS,NONE DETECTED,No,No Apparent Injury,"RAIN, SNOW, WET",UNKNOWN,NA,NA,CHANGING LANES,35,No,0,UNKNOWN,UNKNOWN,39.19526167,-77.25493333,2023,3,20
230014509,Injury Crash,03/25/2023 06:35:00 PM,CAPITAL BELTWAY,NA,SAME DIR REAR END,Cloudy,WET,Medium,TRAFFIC SIGNAL,NONE DETECTED,No,Possible Minor Injury,"N/A, WET",NOT DISTRACTED,MD,PASSENGER CAR,STOPPED IN TRAFFIC LANE,30,No,2014,TOYT,UT,39.019915,-76.97643333,2023,3,18
230014509,Injury Crash,03/25/2023 06:35:00 PM,CAPITAL BELTWAY,NA,SAME DIR REAR END,Cloudy,WET,Medium,TRAFFIC SIGNAL,NONE DETECTED,Yes,No Apparent Injury,"N/A, WET",NOT DISTRACTED,MD,PASSENGER CAR,STOPPED IN TRAFFIC LANE,30,No,2000,HOND,SD,39.019915,-76.97643333,2023,3,18
230014503,Injury Crash,03/25/2023 06:03:00 PM,OLD GEORGETOWN RD,NA,STRAIGHT MOVEMENT ANGLE,Cloudy,WET,Medium,TRAFFIC SIGNAL,NONE DETECTED,Yes,Possible Minor Injury,N/A,NOT DISTRACTED,MD,PASSENGER CAR,MOVING CONSTANT SPEED,40,No,2017,TOYOTA,COROLLA,39.04937,-77.11458917,2023,3,18
230014503,Injury Crash,03/25/2023 06:03:00 PM,OLD GEORGETOWN RD,NA,STRAIGHT MOVEMENT ANGLE,Cloudy,WET,Medium,TRAFFIC SIGNAL,NONE DETECTED,No,No Apparent Injury,N/A,NOT DISTRACTED,WV,PASSENGER CAR,STOPPED IN TRAFFIC LANE,40,No,2020,FORD,FUSION,39.04937,-77.11458917,2023,3,18
230014499,Injury Crash,03/25/2023 06:00:00 PM,GEORGIA AVE,PEDESTRIAN,OTHER,Cloudy,WET,Daylight,NO CONTROLS,NONE DETECTED,Yes,No Apparent Injury,"N/A, WET",UNKNOWN,MD,PASSENGER CAR,MOVING CONSTANT SPEED,35,No,2016,SUBA,4S,39.055404,-77.050068,2023,3,18
230014497,Injury Crash,03/25/2023 05:30:00 PM,MONTROSE RD,NA,SAME DIR REAR END,Cloudy,WET,Daylight,TRAFFIC SIGNAL,NONE DETECTED,Yes,Possible Minor Injury,"N/A, WET",UNKNOWN,MD,PASSENGER CAR,CHANGING LANES,35,No,2014,MERZ,E350,39.05519167,-77.146985,2023,3,17
230014497,Injury Crash,03/25/2023 05:30:00 PM,MONTROSE RD,NA,SAME DIR REAR END,Cloudy,WET,Daylight,TRAFFIC SIGNAL,NONE DETECTED,Yes,No Apparent Injury,"N/A, WET",UNKNOWN,MD,PASSENGER CAR,MOVING CONSTANT SPEED,35,No,2008,FORD,F150,39.05519167,-77.146985,2023,3,17
230014489,Property Damage Crash,03/25/2023 04:29:00 PM,NA,NA,HEAD ON,Cloudy,NA,Daylight,NO CONTROLS,NONE DETECTED,Yes,No Apparent Injury,"N/A, WET",UNKNOWN,NA,PASSENGER CAR,MOVING CONSTANT SPEED,10,No,1999,MERC,4S,39.15931083,-77.27920283,2023,3,16
230014486,Property Damage Crash,03/25/2023 04:11:00 PM,PRINCE PHILIP DR,NA,SINGLE VEHICLE,Cloudy,WET,Daylight,NO CONTROLS,NONE DETECTED,Yes,No Apparent Injury,"N/A, WET",NOT DISTRACTED,MD,PASSENGER CAR,MOVING CONSTANT SPEED,30,No,2010,CHRYSLER,PT CRUISER,39.14075366,-77.06331318,2023,3,16
230014480,Injury Crash,03/25/2023 03:53:00 PM,RANDOLPH RD,NA,SAME DIR REAR END,Rain,WET,Daylight,STOP SIGN,NONE DETECTED,No,Possible Minor Injury,"N/A, WET",NOT DISTRACTED,MD,PASSENGER CAR,STOPPED IN TRAFFIC LANE,35,No,2016,HONDA,CRV,39.05381183,-77.09872617,2023,3,15
230014480,Injury Crash,03/25/2023 03:53:00 PM,RANDOLPH RD,NA,SAME DIR REAR END,Rain,WET,Daylight,STOP SIGN,NONE DETECTED,Yes,No Apparent Injury,"N/A, WET",INATTENTIVE OR LOST IN THOUGHT,MD,PASSENGER CAR,MOVING CONSTANT SPEED,35,No,2011,HONDA,ACCORD,39.05381183,-77.09872617,2023,3,15
230014483,Property Damage Crash,03/25/2023 03:47:00 PM,SOMERVILLE RD,NA,OTHER,Cloudy,WET,Daylight,NO CONTROLS,NONE DETECTED,Yes,No Apparent Injury,N/A,UNKNOWN,MD,PASSENGER CAR,STARTING FROM PARKED,30,No,2022,NISSAN,ALTIMA,39.118046,-77.16809733,2023,3,15
230014483,Property Damage Crash,03/25/2023 03:47:00 PM,SOMERVILLE RD,NA,OTHER,Cloudy,WET,Daylight,NO CONTROLS,NONE DETECTED,No,No Apparent Injury,N/A,UNKNOWN,MD,PASSENGER CAR,MOVING CONSTANT SPEED,30,No,2017,JEEP,COMPASS,39.118046,-77.16809733,2023,3,15
230014465,Injury Crash,03/25/2023 02:30:00 PM,CONNECTICUT AVE,NA,SAME DIR REAR END,Rain,WET,Daylight,TRAFFIC SIGNAL,NONE DETECTED,No,No Apparent Injury,"RAIN, SNOW, WET",NOT DISTRACTED,MD,PASSENGER CAR,STOPPED IN TRAFFIC LANE,40,No,2022,TOYOTA,CAMRY,39.084045,-77.07692333,2023,3,14
230014465,Injury Crash,03/25/2023 02:30:00 PM,CONNECTICUT AVE,NA,SAME DIR REAR END,Rain,WET,Daylight,TRAFFIC SIGNAL,NONE DETECTED,Yes,No Apparent Injury,"RAIN, SNOW, WET",UNKNOWN,MD,PASSENGER CAR,STARTING FROM LANE,40,No,2017,HONDA,CIVIC,39.084045,-77.07692333,2023,3,14
230014465,Injury Crash,03/25/2023 02:30:00 PM,CONNECTICUT AVE,NA,SAME DIR REAR END,Rain,WET,Daylight,TRAFFIC SIGNAL,NONE DETECTED,No,Possible Minor Injury,"RAIN, SNOW, WET",NOT DISTRACTED,MD,PASSENGER CAR,STOPPED IN TRAFFIC LANE,40,No,2016,TOYOTA,COROLLA,39.084045,-77.07692333,2023,3,14
230014462,Property Damage Crash,03/25/2023 02:07:00 PM,FALLS RD,NA,OTHER,Rain,WET,Daylight,TRAFFIC SIGNAL,NONE DETECTED,Unknown,No Apparent Injury,"N/A, WET",NOT DISTRACTED,MD,PASSENGER CAR,SKIDDING,30,No,2018,HONDA,FIT,39.07611383,-77.16242828,2023,3,14
230014462,Property Damage Crash,03/25/2023 02:07:00 PM,FALLS RD,NA,OTHER,Rain,WET,Daylight,TRAFFIC SIGNAL,NONE DETECTED,Unknown,No Apparent Injury,"N/A, WET",NOT DISTRACTED,VA,PASSENGER CAR,MAKING LEFT TURN,30,No,2022,TOYOTA,TK,39.07611383,-77.16242828,2023,3,14
230014461,Injury Crash,03/25/2023 01:59:00 PM,E RANDOLPH RD,NA,HEAD ON LEFT TURN,Rain,WET,Daylight,NO CONTROLS,NONE DETECTED,No,Suspected Serious Injury,"RAIN, SNOW, WET",NOT DISTRACTED,MD,PASSENGER CAR,MOVING CONSTANT SPEED,40,No,2018,HONDA,CRV,39.06531,-76.97218833,2023,3,13
230014461,Injury Crash,03/25/2023 01:59:00 PM,E RANDOLPH RD,NA,HEAD ON LEFT TURN,Rain,WET,Daylight,NO CONTROLS,NONE DETECTED,Yes,Suspected Serious Injury,"RAIN, SNOW, WET",NOT DISTRACTED,MD,VAN,SKIDDING,40,No,2006,DODGE,SPRINTER,39.06531,-76.97218833,2023,3,13
230014468,Property Damage Crash,03/25/2023 01:30:00 PM,NA,NA,OTHER,Rain,NA,Daylight,NO CONTROLS,NONE DETECTED,No,No Apparent Injury,"N/A, WET",NOT DISTRACTED,MD,(SPORT) UTILITY VEHICLE,PARKED,15,No,2020,HYUN,TK,39.0843105,-76.95195367,2023,3,13
230014468,Property Damage Crash,03/25/2023 01:30:00 PM,NA,NA,OTHER,Rain,NA,Daylight,NO CONTROLS,NONE DETECTED,Yes,No Apparent Injury,"N/A, WET",NOT DISTRACTED,NA,PASSENGER CAR,PARKING,10,No,2021,DODGE,CHALLENGER,39.0843105,-76.95195367,2023,3,13
230014443,Property Damage Crash,03/25/2023 12:05:00 PM,SANDY SPRING RD,NA,SAME DIR REAR END,Rain,WET,Daylight,TRAFFIC SIGNAL,NONE DETECTED,No,No Apparent Injury,"N/A, WET",NOT DISTRACTED,MD,PASSENGER CAR,SLOWING OR STOPPING,40,No,2019,TOYT,UT,39.10637783,-76.91929017,2023,3,12
230014443,Property Damage Crash,03/25/2023 12:05:00 PM,SANDY SPRING RD,NA,SAME DIR REAR END,Rain,WET,Daylight,TRAFFIC SIGNAL,NONE DETECTED,Yes,No Apparent Injury,"N/A, WET",NOT DISTRACTED,PA,PASSENGER CAR,SLOWING OR STOPPING,40,No,2011,HONDA,FIT,39.10637783,-76.91929017,2023,3,12
230014437,Injury Crash,03/25/2023 12:00:00 PM,UNIVERSITY BLVD E,NA,HEAD ON LEFT TURN,Rain,WET,Daylight,TRAFFIC SIGNAL,NONE DETECTED,No,No Apparent Injury,"N/A, WET",NOT DISTRACTED,MD,PASSENGER CAR,MOVING CONSTANT SPEED,35,No,2019,FORD,SD,39.01206,-77.00258167,2023,3,12
230014437,Injury Crash,03/25/2023 12:00:00 PM,UNIVERSITY BLVD E,NA,HEAD ON LEFT TURN,Rain,WET,Daylight,TRAFFIC SIGNAL,NONE DETECTED,Yes,No Apparent Injury,"N/A, WET",NOT DISTRACTED,MD,PASSENGER CAR,MAKING LEFT TURN,35,No,2015,TOYOTA,SIENNA,39.01206,-77.00258167,2023,3,12
230014436,Property Damage Crash,03/25/2023 12:00:00 PM,OLD GEORGETOWN RD,NA,ANGLE MEETS LEFT TURN,Rain,WET,Daylight,TRAFFIC SIGNAL,NONE DETECTED,No,No Apparent Injury,"RAIN, SNOW, WET",NOT DISTRACTED,MD,PASSENGER CAR,MOVING CONSTANT SPEED,35,No,2012,FIAT,CN,39.01523333,-77.11880833,2023,3,12
230014436,Property Damage Crash,03/25/2023 12:00:00 PM,OLD GEORGETOWN RD,NA,ANGLE MEETS LEFT TURN,Rain,WET,Daylight,TRAFFIC SIGNAL,NONE DETECTED,Yes,No Apparent Injury,"RAIN, SNOW, WET",LOOKED BUT DID NOT SEE,MD,PASSENGER CAR,MAKING LEFT TURN,35,No,2022,HYUN,SD,39.01523333,-77.11880833,2023,3,12
230014431,Property Damage Crash,03/25/2023 11:08:00 AM,EAST VILLAGE AVE,NA,SINGLE VEHICLE,Cloudy,WET,Daylight,N/A,NONE DETECTED,Yes,No Apparent Injury,"N/A, WET",UNKNOWN,MD,"OTHER LIGHT TRUCKS (10,000LBS (4,536KG) OR LESS)",MOVING CONSTANT SPEED,35,No,2019,HONDA,CRV,39.188075,-77.16792917,2023,3,11
230014442,Property Damage Crash,03/25/2023 10:30:00 AM,BONIFANT RD,NA,SAME DIR REAR END,Rain,WET,Daylight,NO CONTROLS,NONE DETECTED,No,No Apparent Injury,"N/A, WET",NOT DISTRACTED,MD,PASSENGER CAR,MAKING LEFT TURN,25,No,2022,HOND,SD,39.09488667,-77.029825,2023,3,10
230014442,Property Damage Crash,03/25/2023 10:30:00 AM,BONIFANT RD,NA,SAME DIR REAR END,Rain,WET,Daylight,NO CONTROLS,NONE DETECTED,Yes,No Apparent Injury,"N/A, WET",UNKNOWN,MD,PASSENGER CAR,MOVING CONSTANT SPEED,25,No,2017,MAZDA,3,39.09488667,-77.029825,2023,3,10
230014477,Property Damage Crash,03/25/2023 10:13:00 AM,GEORGIA AVE,NA,SAME DIRECTION SIDESWIPE,Rain,WET,Daylight,TRAFFIC SIGNAL,NONE DETECTED,Yes,No Apparent Injury,"N/A, RAIN, SNOW",OTHER DISTRACTION,MD,FIRE VEHICLE/EMERGENCY,MOVING CONSTANT SPEED,30,No,2015,SEAGRAVE,RESCUE 1,38.99957598,-77.03200052,2023,3,10
230014477,Property Damage Crash,03/25/2023 10:13:00 AM,GEORGIA AVE,NA,SAME DIRECTION SIDESWIPE,Rain,WET,Daylight,TRAFFIC SIGNAL,NONE DETECTED,No,No Apparent Injury,"N/A, RAIN, SNOW",NOT DISTRACTED,MD,PASSENGER CAR,STOPPED IN TRAFFIC LANE,30,No,2008,TOYOTA,SIENNA,38.99957598,-77.03200052,2023,3,10
230014415,Injury Crash,03/25/2023 09:30:00 AM,CHERRY HILL RD,NA,HEAD ON LEFT TURN,Rain,WET,Daylight,TRAFFIC SIGNAL,NONE DETECTED,Yes,Possible Minor Injury,"RAIN, SNOW, WET",NOT DISTRACTED,MD,(SPORT) UTILITY VEHICLE,MAKING LEFT TURN,40,No,2022,FORD,EXPLORER,39.05254833,-76.95348,2023,3,9
230014415,Injury Crash,03/25/2023 09:30:00 AM,CHERRY HILL RD,NA,HEAD ON LEFT TURN,Rain,WET,Daylight,TRAFFIC SIGNAL,NONE DETECTED,No,No Apparent Injury,"RAIN, SNOW, WET",NOT DISTRACTED,MD,PASSENGER CAR,MOVING CONSTANT SPEED,40,No,2021,MERCEDES,GLC 300,39.05254833,-76.95348,2023,3,9
230014414,Injury Crash,03/25/2023 09:30:00 AM,CLUB HOUSE RD,PEDESTRIAN,SINGLE VEHICLE,Rain,WET,Daylight,TRAFFIC SIGNAL,NONE DETECTED,Yes,No Apparent Injury,"RAIN, SNOW, WET",LOOKED BUT DID NOT SEE,MD,"CARGO VAN/LIGHT TRUCK 2 AXLES (OVER 10,000LBS (4,536 KG))",MAKING RIGHT TURN,25,No,2021,FRHT,CG,39.17253667,-77.20127667,2023,3,9
23000541,Injury Crash,03/25/2023 09:00:00 AM,KENSINGTON PKWY,PEDESTRIAN,SINGLE VEHICLE,Rain,WET,Daylight,STOP SIGN,NONE DETECTED,Yes,No Apparent Injury,"RAIN, SNOW, WET",LOOKED BUT DID NOT SEE,MD,PASSENGER CAR,ACCELERATING,25,No,2005,TOYOTA,SIENNA,39.01012092,-77.07385623,2023,3,9
230014400,Property Damage Crash,03/25/2023 04:50:00 AM,LEXINGTON ST,NA,SAME DIR REAR END,Clear,WET,Medium,N/A,ALCOHOL PRESENT,Yes,No Apparent Injury,"N/A, WET",UNKNOWN,MD,PASSENGER CAR,MOVING CONSTANT SPEED,25,No,2009,NISSAN,ALTIMA,39.03052417,-77.07236483,2023,3,4
230014394,Fatal Crash,03/25/2023 01:47:00 AM,COLUMBIA PIKE,PEDESTRIAN,SINGLE VEHICLE,Rain,WET,Medium,NO CONTROLS,NONE DETECTED,No,No Apparent Injury,"RAIN, SNOW, WET",UNKNOWN,MD,(SPORT) UTILITY VEHICLE,MOVING CONSTANT SPEED,40,No,2021,JEEP,GRAND CHEROKEE,39.03240511,-77.00350933,2023,3,1
230014721,Injury Crash,03/25/2023 01:46:00 AM,COLUMBIA PIKE,PEDESTRIAN,SINGLE VEHICLE,Rain,WET,Medium,NO CONTROLS,NONE DETECTED,No,No Apparent Injury,"N/A, WET",NOT DISTRACTED,MD,PASSENGER CAR,MOVING CONSTANT SPEED,40,No,2015,LEXUS,ES300,39.03234576,-77.00357021,2023,3,1
230014386,Property Damage Crash,03/25/2023 01:00:00 AM,REDLAND BLVD,NA,SINGLE VEHICLE,Rain,WET,Medium,NO CONTROLS,ALCOHOL PRESENT,Yes,No Apparent Injury,"N/A, WET",UNKNOWN,MD,PASSENGER CAR,MOVING CONSTANT SPEED,35,No,2020,TOYT,SD,39.1095165,-77.1790885,2023,3,1
230014384,Property Damage Crash,03/25/2023 12:13:00 AM,NA,NA,SINGLE VEHICLE,Cloudy,NA,Medium,N/A,ALCOHOL PRESENT,Yes,No Apparent Injury,"N/A, RAIN, SNOW",UNKNOWN,MD,PICKUP TRUCK,MOVING CONSTANT SPEED,5,No,2019,TOYOTA,TACOMA,39.05521,-76.95567333,2023,3,0
230014375,Property Damage Crash,03/24/2023 11:30:00 PM,BRIGGS CHANEY RD,NA,STRAIGHT MOVEMENT ANGLE,Rain,WET,Medium,TRAFFIC SIGNAL,NONE DETECTED,Yes,No Apparent Injury,"RAIN, SNOW, WET",UNKNOWN,NA,NA,UNKNOWN,35,No,0,UNKNOWN,UNKNOWN,39.08257,-76.94791833,2023,3,23
230014375,Property Damage Crash,03/24/2023 11:30:00 PM,BRIGGS CHANEY RD,NA,STRAIGHT MOVEMENT ANGLE,Rain,WET,Medium,TRAFFIC SIGNAL,NONE DETECTED,No,No Apparent Injury,"RAIN, SNOW, WET",NOT DISTRACTED,MD,PASSENGER CAR,MOVING CONSTANT SPEED,35,No,2008,PONTIAC,G6,39.08257,-76.94791833,2023,3,23
230014373,Property Damage Crash,03/24/2023 10:12:00 PM,BRINK RD,NA,SINGLE VEHICLE,Rain,WET,Dark,NO CONTROLS,NONE DETECTED,Yes,No Apparent Injury,"RAIN, SNOW, WET",NOT DISTRACTED,MD,PASSENGER CAR,MOVING CONSTANT SPEED,35,No,2017,HYUNDAI,ELANTRA,39.2005145,-77.19438833,2023,3,22
230014364,Property Damage Crash,03/24/2023 09:32:00 PM,VEIRS MILL SERV RD,NA,SAME DIR REAR END,Rain,WET,Medium,NO CONTROLS,NONE DETECTED,No,No Apparent Injury,"SLEET, HAIL, FREEZ. RAIN, WET",NOT DISTRACTED,MD,PASSENGER CAR,MOVING CONSTANT SPEED,40,No,2006,HONDA,ACCORD,39.07497477,-77.1155662,2023,3,21