Local Case Number,ACRS Report Type,Crash Date/Time,Road Name,Related Non-Motorist,Collision Type,Weather,Surface Condition,Light,Traffic Control,Driver Substance Abuse,Driver At Fault,Injury Severity,Circumstance,Driver Distracted By,Drivers License State,Vehicle Body Type,Vehicle Movement,Speed Limit,Driverless Vehicle,Vehicle Year,Vehicle Make,Vehicle Model,Latitude,Longitude,Year,Month,Hour
230014364,Property Damage Crash,03/24/2023 09:32:00 PM,VEIRS MILL SERV RD,NA,SAME DIR REAR END,Rain,WET,Medium,NO CONTROLS,NONE DETECTED,Yes,No Apparent Injury,"SLEET, HAIL, FREEZ. RAIN, WET",NOT DISTRACTED,NA,PASSENGER CAR,MOVING CONSTANT SPEED,40,No,2008,SUBARU,SW,39.07497477,-77.1155662,2023,3,21
230014366,Property Damage Crash,03/24/2023 09:11:00 PM,MONTROSE RD,NA,SAME DIR REAR END,Rain,WET,Medium,NO CONTROLS,NONE DETECTED,No,No Apparent Injury,"RAIN, SNOW, WET",NOT DISTRACTED,MD,VAN,SLOWING OR STOPPING,30,No,2017,FORD,TRANSIT VAN,39.05358833,-77.1293,2023,3,21
230014366,Property Damage Crash,03/24/2023 09:11:00 PM,MONTROSE RD,NA,SAME DIR REAR END,Rain,WET,Medium,NO CONTROLS,NONE DETECTED,Yes,No Apparent Injury,"RAIN, SNOW, WET",UNKNOWN,NA,NA,MOVING CONSTANT SPEED,30,No,0,UNKNOWN,UNKNOWN,39.05358833,-77.1293,2023,3,21
230014367,Property Damage Crash,03/24/2023 08:47:00 PM,S FREDERICK RD,NA,SINGLE VEHICLE,Rain,WET,Medium,N/A,NONE DETECTED,Yes,No Apparent Injury,"N/A, WET",INATTENTIVE OR LOST IN THOUGHT,MD,PASSENGER CAR,MOVING CONSTANT SPEED,35,No,2018,TOYOTA,CAMRY,39.13552708,-77.19177483,2023,3,20
230014358,Property Damage Crash,03/24/2023 08:42:00 PM,GREAT SENECA HWY,NA,HEAD ON LEFT TURN,Clear,WET,Medium,TRAFFIC SIGNAL,NONE DETECTED,No,No Apparent Injury,"N/A, WET",NOT DISTRACTED,MD,PASSENGER CAR,ACCELERATING,40,No,2013,TOYT,SU,39.15898,-77.27556667,2023,3,20
230014358,Property Damage Crash,03/24/2023 08:42:00 PM,GREAT SENECA HWY,NA,HEAD ON LEFT TURN,Clear,WET,Medium,TRAFFIC SIGNAL,NONE DETECTED,No,No Apparent Injury,"N/A, WET",NOT DISTRACTED,MD,PASSENGER CAR,STOPPED IN TRAFFIC LANE,40,No,2018,NISS,4S,39.15898,-77.27556667,2023,3,20
230014358,Property Damage Crash,03/24/2023 08:42:00 PM,GREAT SENECA HWY,NA,HEAD ON LEFT TURN,Clear,WET,Medium,TRAFFIC SIGNAL,NONE DETECTED,Yes,No Apparent Injury,"N/A, WET",INATTENTIVE OR LOST IN THOUGHT,MD,PASSENGER CAR,MOVING CONSTANT SPEED,40,No,2019,HYUN,4S,39.15898,-77.27556667,2023,3,20
230014355,Injury Crash,03/24/2023 08:24:00 PM,GEORGIA AVE,NA,HEAD ON LEFT TURN,Rain,WET,Medium,NO CONTROLS,NONE DETECTED,No,Possible Minor Injury,"RAIN, SNOW, WET",NOT DISTRACTED,MD,PASSENGER CAR,MOVING CONSTANT SPEED,25,No,2015,SUBA,UT,39.04092167,-77.05181667,2023,3,20
230014355,Injury Crash,03/24/2023 08:24:00 PM,GEORGIA AVE,NA,HEAD ON LEFT TURN,Rain,WET,Medium,NO CONTROLS,NONE DETECTED,Yes,No Apparent Injury,"RAIN, SNOW, WET",UNKNOWN,MD,PASSENGER CAR,MAKING LEFT TURN,25,No,2023,HYUN,UT,39.04092167,-77.05181667,2023,3,20
230014353,Property Damage Crash,03/24/2023 08:14:00 PM,LITTLE SENECA PKWY,NA,SINGLE VEHICLE,Rain,WET,Medium,NO CONTROLS,NONE DETECTED,Yes,No Apparent Injury,"RAIN, SNOW, WET",NOT DISTRACTED,MD,PASSENGER CAR,MOVING CONSTANT SPEED,30,No,2021,VOLKSWAGEB,JETTA,39.224988,-77.2567065,2023,3,20
230014352,Property Damage Crash,03/24/2023 07:44:00 PM,LOST KNIFE RD,NA,SAME DIRECTION SIDESWIPE,Rain,WET,Medium,NO CONTROLS,NONE DETECTED,Yes,No Apparent Injury,"RAIN, SNOW, WET",UNKNOWN,NA,NA,STARTING FROM LANE,30,No,0,UNKNOWN,UNKNOWN,39.155775,-77.202325,2023,3,19
230014352,Property Damage Crash,03/24/2023 07:44:00 PM,LOST KNIFE RD,NA,SAME DIRECTION SIDESWIPE,Rain,WET,Medium,NO CONTROLS,NONE DETECTED,No,No Apparent Injury,"RAIN, SNOW, WET",NOT DISTRACTED,MD,PASSENGER CAR,MOVING CONSTANT SPEED,30,No,2022,BMW,UT,39.155775,-77.202325,2023,3,19
230014339,Property Damage Crash,03/24/2023 06:26:00 PM,VEIRS MILL RD,NA,SAME DIR REAR END,Rain,WET,Medium,NO CONTROLS,NONE DETECTED,No,No Apparent Injury,"RAIN, SNOW, WET",NOT DISTRACTED,PA,PASSENGER CAR,MOVING CONSTANT SPEED,30,No,2016,HONDA,CRV,39.05333333,-77.07755667,2023,3,18
230014339,Property Damage Crash,03/24/2023 06:26:00 PM,VEIRS MILL RD,NA,SAME DIR REAR END,Rain,WET,Medium,NO CONTROLS,NONE DETECTED,Yes,No Apparent Injury,"RAIN, SNOW, WET",UNKNOWN,MD,PASSENGER CAR,MOVING CONSTANT SPEED,30,No,2011,CHEV,EXPRESS,39.05333333,-77.07755667,2023,3,18
230014339,Property Damage Crash,03/24/2023 06:26:00 PM,VEIRS MILL RD,NA,SAME DIR REAR END,Rain,WET,Medium,NO CONTROLS,NONE DETECTED,No,No Apparent Injury,"RAIN, SNOW, WET",NOT DISTRACTED,MD,PASSENGER CAR,MOVING CONSTANT SPEED,30,No,2017,HOND,4S,39.05333333,-77.07755667,2023,3,18
230016375,Property Damage Crash,03/24/2023 06:00:00 PM,CEDAR LA,NA,SAME DIR REAR END,Rain,WET,Daylight,NO CONTROLS,NONE DETECTED,No,No Apparent Injury,"RAIN, SNOW, WET",NOT DISTRACTED,MD,(SPORT) UTILITY VEHICLE,MOVING CONSTANT SPEED,30,No,2014,HONDA,CRV,39.01059576,-77.09145035,2023,3,18
230016375,Property Damage Crash,03/24/2023 06:00:00 PM,CEDAR LA,NA,SAME DIR REAR END,Rain,WET,Daylight,NO CONTROLS,NONE DETECTED,Yes,No Apparent Injury,"RAIN, SNOW, WET",UNKNOWN,NA,(SPORT) UTILITY VEHICLE,MOVING CONSTANT SPEED,30,No,2017,NISSAN,ROGUE,39.01059576,-77.09145035,2023,3,18
230014331,Injury Crash,03/24/2023 05:45:00 PM,BRINK RD,NA,STRAIGHT MOVEMENT ANGLE,Rain,WET,Medium,NO CONTROLS,NONE DETECTED,No,No Apparent Injury,"RAIN, SNOW, WET",NOT DISTRACTED,MD,PASSENGER CAR,MOVING CONSTANT SPEED,35,No,2018,TOYT,SD,39.20920667,-77.16529333,2023,3,17
230014331,Injury Crash,03/24/2023 05:45:00 PM,BRINK RD,NA,STRAIGHT MOVEMENT ANGLE,Rain,WET,Medium,NO CONTROLS,NONE DETECTED,Yes,No Apparent Injury,"RAIN, SNOW, WET",OTHER DISTRACTION,MD,PASSENGER CAR,MAKING LEFT TURN,35,No,2022,ACURA,UT,39.20920667,-77.16529333,2023,3,17
230014325,Injury Crash,03/24/2023 05:32:00 PM,FREDERICK RD,PEDESTRIAN,OTHER,Rain,WET,Daylight,NO CONTROLS,NONE DETECTED,No,No Apparent Injury,"RAIN, SNOW, WET",NOT DISTRACTED,MD,PASSENGER CAR,MOVING CONSTANT SPEED,35,No,2011,HONDA,CRV,39.15096333,-77.20979,2023,3,17
230014312,Property Damage Crash,03/24/2023 04:54:00 PM,W DEER PARK RD,NA,STRAIGHT MOVEMENT ANGLE,Rain,WET,Daylight,STOP SIGN,NONE DETECTED,Yes,No Apparent Injury,"RAIN, SNOW, WET",INATTENTIVE OR LOST IN THOUGHT,MD,PASSENGER CAR,ACCELERATING,25,No,2022,HONDA,CIVIC,39.13047081,-77.20166957,2023,3,16
230014312,Property Damage Crash,03/24/2023 04:54:00 PM,W DEER PARK RD,NA,STRAIGHT MOVEMENT ANGLE,Rain,WET,Daylight,STOP SIGN,NONE DETECTED,No,No Apparent Injury,"RAIN, SNOW, WET",NOT DISTRACTED,MD,PASSENGER CAR,MOVING CONSTANT SPEED,25,No,2017,HONDA,CRV,39.13047081,-77.20166957,2023,3,16
230014309,Property Damage Crash,03/24/2023 04:45:00 PM,KENTLANDS BLVD,NA,SAME DIR REAR END,Rain,WET,Daylight,NO CONTROLS,NONE DETECTED,Yes,No Apparent Injury,"RAIN, SNOW, WET",NOT DISTRACTED,MD,PASSENGER CAR,SLOWING OR STOPPING,25,No,2019,LEXS,TK,39.12362793,-77.23385025,2023,3,16
230014309,Property Damage Crash,03/24/2023 04:45:00 PM,KENTLANDS BLVD,NA,SAME DIR REAR END,Rain,WET,Daylight,NO CONTROLS,NONE DETECTED,No,No Apparent Injury,"RAIN, SNOW, WET",NOT DISTRACTED,MD,PASSENGER CAR,SLOWING OR STOPPING,25,No,2011,SUBA,TK,39.12362793,-77.23385025,2023,3,16
230014314,Injury Crash,03/24/2023 04:44:00 PM,PINEY BRANCH RD,NA,OTHER,Rain,WET,Daylight,NO CONTROLS,NONE DETECTED,No,Possible Minor Injury,"N/A, WET",NOT DISTRACTED,MD,POLICE VEHICLE/NON EMERGENCY,MOVING CONSTANT SPEED,30,No,2016,FORD,INTERCEPTOR,39.16102,-77.232615,2023,3,16
230014314,Injury Crash,03/24/2023 04:44:00 PM,PINEY BRANCH RD,NA,OTHER,Rain,WET,Daylight,NO CONTROLS,NONE DETECTED,No,No Apparent Injury,"N/A, WET",NOT DISTRACTED,MD,PASSENGER CAR,MOVING CONSTANT SPEED,30,No,2009,HONDA,CIVIC,39.16102,-77.232615,2023,3,16
230014314,Injury Crash,03/24/2023 04:44:00 PM,PINEY BRANCH RD,NA,OTHER,Rain,WET,Daylight,NO CONTROLS,ALCOHOL PRESENT,Yes,No Apparent Injury,"N/A, WET",OTHER DISTRACTION,XX,PASSENGER CAR,MAKING RIGHT TURN,30,No,2010,NISSAN,ALTIMA,39.16102,-77.232615,2023,3,16
230014307,Injury Crash,03/24/2023 04:30:00 PM,COLESVILLE RD,NA,SAME DIR REAR END,Rain,WET,Daylight,TRAFFIC SIGNAL,NONE DETECTED,Unknown,No Apparent Injury,"RAIN, SNOW, WET",LOOKED BUT DID NOT SEE,VA,VAN,SLOWING OR STOPPING,35,No,2019,PROMASTER,25 VAN,39.01959458,-77.01328434,2023,3,16
230014307,Injury Crash,03/24/2023 04:30:00 PM,COLESVILLE RD,NA,SAME DIR REAR END,Rain,WET,Daylight,TRAFFIC SIGNAL,NONE DETECTED,Unknown,Possible Minor Injury,"RAIN, SNOW, WET",LOOKED BUT DID NOT SEE,VA,PASSENGER CAR,CHANGING LANES,35,No,2013,NISSAN,ALTIMA,39.01959458,-77.01328434,2023,3,16
230014306,Property Damage Crash,03/24/2023 04:18:00 PM,FREDERICK RD,NA,HEAD ON LEFT TURN,Rain,WET,Daylight,TRAFFIC SIGNAL,NONE DETECTED,Yes,No Apparent Injury,"RAIN, SNOW, WET",LOOKED BUT DID NOT SEE,MD,PASSENGER CAR,MAKING LEFT TURN,40,No,2002,TOYT,CAMRY,39.17833967,-77.23867967,2023,3,16
230014306,Property Damage Crash,03/24/2023 04:18:00 PM,FREDERICK RD,NA,HEAD ON LEFT TURN,Rain,WET,Daylight,TRAFFIC SIGNAL,NONE DETECTED,No,No Apparent Injury,"RAIN, SNOW, WET",NOT DISTRACTED,MD,PASSENGER CAR,MOVING CONSTANT SPEED,40,No,2013,HOND,ACCORD,39.17833967,-77.23867967,2023,3,16
230014337,Property Damage Crash,03/24/2023 04:15:00 PM,RUATAN ST,NA,STRAIGHT MOVEMENT ANGLE,Rain,WET,Daylight,STOP SIGN,NONE DETECTED,Yes,No Apparent Injury,"SLEET, HAIL, FREEZ. RAIN, WET",LOOKED BUT DID NOT SEE,MD,STATION WAGON,ACCELERATING,25,No,2011,TOYT,SIENNA,38.99916333,-76.98930167,2023,3,16
230014301,Property Damage Crash,03/24/2023 04:15:00 PM,CLARKSBURG RD,NA,SINGLE VEHICLE,Rain,WET,Daylight,NO CONTROLS,NONE DETECTED,Yes,No Apparent Injury,"N/A, WET",NOT DISTRACTED,MD,PASSENGER CAR,MOVING CONSTANT SPEED,35,No,2010,TOYOTA,COROLLA,39.257924,-77.27680633,2023,3,16
230014337,Property Damage Crash,03/24/2023 04:15:00 PM,RUATAN ST,NA,STRAIGHT MOVEMENT ANGLE,Rain,WET,Daylight,STOP SIGN,NONE DETECTED,No,No Apparent Injury,"SLEET, HAIL, FREEZ. RAIN, WET",NOT DISTRACTED,MD,PICKUP TRUCK,MOVING CONSTANT SPEED,25,No,1998,TOYT,TACOM,38.99916333,-76.98930167,2023,3,16
230014299,Property Damage Crash,03/24/2023 03:57:00 PM,LOCKWOOD DR,NA,STRAIGHT MOVEMENT ANGLE,Rain,WET,Daylight,STOP SIGN,NONE DETECTED,Yes,No Apparent Injury,"RAIN, SNOW, WET",LOOKED BUT DID NOT SEE,MD,(SPORT) UTILITY VEHICLE,ENTERING TRAFFIC LANE,10,No,2011,FORD,EXPLORER,39.03893825,-76.99212991,2023,3,15
230014298,Injury Crash,03/24/2023 03:57:00 PM,BRIGGS CHANEY RD,NA,SAME DIR REAR END,Rain,WET,Daylight,TRAFFIC SIGNAL,NONE DETECTED,No,Possible Minor Injury,"RAIN, SNOW, WET",NOT DISTRACTED,MD,(SPORT) UTILITY VEHICLE,SLOWING OR STOPPING,40,No,2006,HONDA,CRV,39.07394933,-76.93977567,2023,3,15
230014299,Property Damage Crash,03/24/2023 03:57:00 PM,LOCKWOOD DR,NA,STRAIGHT MOVEMENT ANGLE,Rain,WET,Daylight,STOP SIGN,NONE DETECTED,No,No Apparent Injury,"RAIN, SNOW, WET",NOT DISTRACTED,MD,PASSENGER CAR,MOVING CONSTANT SPEED,30,No,2017,TOYOTA,CAMRY,39.03893825,-76.99212991,2023,3,15
230014298,Injury Crash,03/24/2023 03:57:00 PM,BRIGGS CHANEY RD,NA,SAME DIR REAR END,Rain,WET,Daylight,TRAFFIC SIGNAL,NONE DETECTED,Yes,No Apparent Injury,"RAIN, SNOW, WET",UNKNOWN,MD,PASSENGER CAR,SLOWING OR STOPPING,40,No,2017,LEXUS,ES350,39.07394933,-76.93977567,2023,3,15
230014292,Property Damage Crash,03/24/2023 03:33:00 PM,FIELDS RD,NA,SINGLE VEHICLE,Rain,WET,Daylight,TRAFFIC SIGNAL,NONE DETECTED,Yes,No Apparent Injury,"RAIN, SNOW, WET",NOT DISTRACTED,VA,PASSENGER CAR,MOVING CONSTANT SPEED,30,No,2011,TOYOTA,RAV4,39.11635212,-77.20781488,2023,3,15
230014297,Injury Crash,03/24/2023 03:32:00 PM,TWINBROOK PKWY,NA,SAME DIR REAR END,Rain,WET,Daylight,NO CONTROLS,NONE DETECTED,Yes,No Apparent Injury,"RAIN, SNOW, WET",NOT DISTRACTED,MD,(SPORT) UTILITY VEHICLE,SLOWING OR STOPPING,35,No,2003,TOYOTA,HIGHLANDER,39.067565,-77.113705,2023,3,15
230014297,Injury Crash,03/24/2023 03:32:00 PM,TWINBROOK PKWY,NA,SAME DIR REAR END,Rain,WET,Daylight,NO CONTROLS,NONE DETECTED,No,Possible Minor Injury,"RAIN, SNOW, WET",NOT DISTRACTED,MD,(SPORT) UTILITY VEHICLE,STOPPED IN TRAFFIC LANE,35,No,2015,HONDA,PILOT,39.067565,-77.113705,2023,3,15
230014293,Property Damage Crash,03/24/2023 03:19:00 PM,MONTROSE RD,NA,SAME DIR REAR END,Rain,WET,Daylight,N/A,NONE DETECTED,Yes,No Apparent Injury,"RAIN, SNOW, WET",LOOKED BUT DID NOT SEE,MD,POLICE VEHICLE/EMERGENCY,SLOWING OR STOPPING,45,No,2007,NISS,4S,39.05617167,-77.16886,2023,3,15
230014293,Property Damage Crash,03/24/2023 03:19:00 PM,MONTROSE RD,NA,SAME DIR REAR END,Rain,WET,Daylight,N/A,NONE DETECTED,No,No Apparent Injury,"RAIN, SNOW, WET",NOT DISTRACTED,MD,PASSENGER CAR,STOPPED IN TRAFFIC LANE,45,No,2023,TOYT,HIGHLANDER,39.05617167,-77.16886,2023,3,15
230014289,Property Damage Crash,03/24/2023 03:15:00 PM,OLD COLUMBIA PIKE,NA,STRAIGHT MOVEMENT ANGLE,Rain,WET,Daylight,NO CONTROLS,NONE DETECTED,No,No Apparent Injury,"N/A, WET",NOT DISTRACTED,MD,PICKUP TRUCK,MOVING CONSTANT SPEED,45,No,2002,TOYOTA,TUNDRA,39.11063283,-76.93329667,2023,3,15
230014289,Property Damage Crash,03/24/2023 03:15:00 PM,OLD COLUMBIA PIKE,NA,STRAIGHT MOVEMENT ANGLE,Rain,WET,Daylight,NO CONTROLS,NONE DETECTED,Yes,No Apparent Injury,"N/A, WET",LOOKED BUT DID NOT SEE,MD,PASSENGER CAR,ENTERING TRAFFIC LANE,45,No,2018,TOYT,UT,39.11063283,-76.93329667,2023,3,15
230014290,Property Damage Crash,03/24/2023 02:55:00 PM,ROCKVILLE PIKE,NA,SAME DIRECTION RIGHT TURN,Rain,WET,Daylight,NO CONTROLS,NONE DETECTED,Yes,No Apparent Injury,"RAIN, SNOW, WET",NOT DISTRACTED,MD,(SPORT) UTILITY VEHICLE,MAKING RIGHT TURN,35,No,2013,TOYT,HIGHLANDER,39.06578628,-77.12738904,2023,3,14
230014290,Property Damage Crash,03/24/2023 02:55:00 PM,ROCKVILLE PIKE,NA,SAME DIRECTION RIGHT TURN,Rain,WET,Daylight,NO CONTROLS,NONE DETECTED,Yes,No Apparent Injury,"RAIN, SNOW, WET",NOT DISTRACTED,DC,(SPORT) UTILITY VEHICLE,SLOWING OR STOPPING,35,No,2004,CHEVROLET,SUBURBAN,39.06578628,-77.12738904,2023,3,14
230014308,Property Damage Crash,03/24/2023 02:30:00 PM,GOLF ESTATES DR,NA,SINGLE VEHICLE,Rain,WET,Medium,NO CONTROLS,NONE DETECTED,Yes,No Apparent Injury,"RAIN, SNOW, WET",NOT DISTRACTED,MD,(SPORT) UTILITY VEHICLE,MAKING RIGHT TURN,35,No,2015,LEXUS,CT200H,39.20158,-77.13599,2023,3,14
230014280,Injury Crash,03/24/2023 02:30:00 PM,BROADWOOD DR,NA,SINGLE VEHICLE,Rain,WET,Daylight,NO CONTROLS,NONE DETECTED,Yes,Possible Minor Injury,"N/A, WET",NOT DISTRACTED,MD,PICKUP TRUCK,MOVING CONSTANT SPEED,25,No,2016,RAM,PK,39.08072572,-77.12143707,2023,3,14
230014277,Injury Crash,03/24/2023 01:56:00 PM,RIDGE RD,NA,SAME DIR REAR END,Rain,WET,Daylight,NO CONTROLS,NONE DETECTED,Yes,Possible Minor Injury,"RAIN, SNOW, WET",NOT DISTRACTED,MD,PASSENGER CAR,MOVING CONSTANT SPEED,45,No,2003,HYUNDAI,ELANTRA,39.1995345,-77.26012083,2023,3,13
230014277,Injury Crash,03/24/2023 01:56:00 PM,RIDGE RD,NA,SAME DIR REAR END,Rain,WET,Daylight,NO CONTROLS,NONE DETECTED,No,No Apparent Injury,"RAIN, SNOW, WET",NOT DISTRACTED,NY,(SPORT) UTILITY VEHICLE,SLOWING OR STOPPING,45,No,2021,VOLKSWAGON,SE-V6,39.1995345,-77.26012083,2023,3,13
230014276,Property Damage Crash,03/24/2023 01:55:00 PM,FREDERICK RD,NA,SAME DIR REAR END,Rain,WET,Daylight,NO CONTROLS,NONE DETECTED,No,No Apparent Injury,"RAIN, SNOW, WET",NOT DISTRACTED,MD,SCHOOL BUS,STOPPED IN TRAFFIC LANE,40,No,2016,THOM,BUS,39.10739333,-77.15917167,2023,3,13
230014276,Property Damage Crash,03/24/2023 01:55:00 PM,FREDERICK RD,NA,SAME DIR REAR END,Rain,WET,Daylight,NO CONTROLS,NONE DETECTED,Yes,No Apparent Injury,"RAIN, SNOW, WET",NOT DISTRACTED,MD,PASSENGER CAR,SLOWING OR STOPPING,40,No,2011,TOYT,PRIUS,39.10739333,-77.15917167,2023,3,13
230014269,Property Damage Crash,03/24/2023 01:22:00 PM,CLOPPER RD,NA,STRAIGHT MOVEMENT ANGLE,Rain,WET,Daylight,TRAFFIC SIGNAL,NONE DETECTED,Yes,No Apparent Injury,"RAIN, SNOW, WET",NOT DISTRACTED,MD,PASSENGER CAR,MOVING CONSTANT SPEED,30,No,2021,FORD,EXPLORER,39.16124333,-77.27976667,2023,3,13
230014269,Property Damage Crash,03/24/2023 01:22:00 PM,CLOPPER RD,NA,STRAIGHT MOVEMENT ANGLE,Rain,WET,Daylight,TRAFFIC SIGNAL,NONE DETECTED,No,No Apparent Injury,"RAIN, SNOW, WET",NOT DISTRACTED,MD,PASSENGER CAR,STARTING FROM LANE,30,No,2021,TOYT,SD,39.16124333,-77.27976667,2023,3,13
230014262,Property Damage Crash,03/24/2023 01:09:00 PM,ETHAN ALLEN AVE,NA,SAME DIRECTION LEFT TURN,Rain,WET,Daylight,NO CONTROLS,NONE DETECTED,No,No Apparent Injury,N/A,NOT DISTRACTED,MD,VAN,MAKING LEFT TURN,25,No,2010,FORD,E150,38.97816527,-77.00403967,2023,3,13
230014262,Property Damage Crash,03/24/2023 01:09:00 PM,ETHAN ALLEN AVE,NA,SAME DIRECTION LEFT TURN,Rain,WET,Daylight,NO CONTROLS,NONE DETECTED,Yes,No Apparent Injury,N/A,UNKNOWN,NA,PASSENGER CAR,ACCELERATING,25,No,2018,MERCEDES-BENZ,E400,38.97816527,-77.00403967,2023,3,13
230014263,Property Damage Crash,03/24/2023 12:51:00 PM,E GUDE DR,NA,SAME DIR REAR END,Rain,WET,Daylight,TRAFFIC SIGNAL,NONE DETECTED,No,No Apparent Injury,"RAIN, SNOW, WET",NOT DISTRACTED,MD,STATION WAGON,STOPPED IN TRAFFIC LANE,40,No,2019,SUBARU,FORESTER,39.23220333,-77.14232167,2023,3,12
230014263,Property Damage Crash,03/24/2023 12:51:00 PM,E GUDE DR,NA,SAME DIR REAR END,Rain,WET,Daylight,TRAFFIC SIGNAL,NONE DETECTED,Yes,No Apparent Injury,"RAIN, SNOW, WET",LOOKED BUT DID NOT SEE,MD,VAN,SLOWING OR STOPPING,40,No,2008,CHEVROLET,EXPRESS,39.23220333,-77.14232167,2023,3,12
230014263,Property Damage Crash,03/24/2023 12:51:00 PM,E GUDE DR,NA,SAME DIR REAR END,Rain,WET,Daylight,TRAFFIC SIGNAL,NONE DETECTED,No,No Apparent Injury,"RAIN, SNOW, WET",NOT DISTRACTED,MD,VAN,STOPPED IN TRAFFIC LANE,40,No,2021,CHEVROLET,3500 EXPRESS,39.23220333,-77.14232167,2023,3,12
230014252,Property Damage Crash,03/24/2023 12:23:00 PM,HAVARD ST,NA,STRAIGHT MOVEMENT ANGLE,Rain,WET,Daylight,NO CONTROLS,NONE DETECTED,Yes,No Apparent Injury,"SLEET, HAIL, FREEZ. RAIN, WET",LOOKED BUT DID NOT SEE,MD,(SPORT) UTILITY VEHICLE,ENTERING TRAFFIC LANE,25,No,2019,TOYTA,HIGHLANDER,39.060735,-77.08580667,2023,3,12
230014252,Property Damage Crash,03/24/2023 12:23:00 PM,HAVARD ST,NA,STRAIGHT MOVEMENT ANGLE,Rain,WET,Daylight,NO CONTROLS,NONE DETECTED,No,No Apparent Injury,"SLEET, HAIL, FREEZ. RAIN, WET",NOT DISTRACTED,MD,PASSENGER CAR,MOVING CONSTANT SPEED,25,No,2013,HONDA,ACCORD,39.060735,-77.08580667,2023,3,12
230014240,Injury Crash,03/24/2023 11:44:00 AM,AIRPARK RD,NA,OPPOSITE DIRECTION SIDESWIPE,Rain,WET,Daylight,NO CONTROLS,NONE DETECTED,No,Possible Minor Injury,"RAIN, SNOW, WET",NOT DISTRACTED,MD,(SPORT) UTILITY VEHICLE,MOVING CONSTANT SPEED,50,No,2019,CHEV,SUBURBAN,39.15419833,-77.14180833,2023,3,11
230014240,Injury Crash,03/24/2023 11:44:00 AM,AIRPARK RD,NA,OPPOSITE DIRECTION SIDESWIPE,Rain,WET,Daylight,NO CONTROLS,NONE DETECTED,Yes,Possible Minor Injury,"RAIN, SNOW, WET",NOT DISTRACTED,MD,PASSENGER CAR,SKIDDING,50,No,1999,ACUR,TL,39.15419833,-77.14180833,2023,3,11
230014241,Property Damage Crash,03/24/2023 11:31:00 AM,NA,NA,OTHER,Clear,NA,Daylight,NO CONTROLS,NONE DETECTED,Yes,No Apparent Injury,N/A,UNKNOWN,NA,NA,BACKING,25,No,0,UNKNOWN,UNKNOWN,39.02501,-77.14631,2023,3,11
230014237,Property Damage Crash,03/24/2023 11:01:00 AM,NA,NA,OTHER,Rain,NA,Daylight,N/A,NONE DETECTED,Yes,No Apparent Injury,"N/A, RAIN, SNOW",UNKNOWN,MD,PICKUP TRUCK,BACKING,0,No,2011,CHEVROLET,TK,39.10091,-77.15641,2023,3,11
230014230,Injury Crash,03/24/2023 10:50:00 AM,RANDOLPH RD,NA,SAME DIRECTION SIDESWIPE,Rain,WET,Daylight,TRAFFIC SIGNAL,NONE DETECTED,No,No Apparent Injury,"RAIN, SNOW, WET",NOT DISTRACTED,MD,PASSENGER CAR,MOVING CONSTANT SPEED,40,No,2023,TOYOTA,SEQUOIA,39.05970833,-77.04667,2023,3,10
230014230,Injury Crash,03/24/2023 10:50:00 AM,RANDOLPH RD,NA,SAME DIRECTION SIDESWIPE,Rain,WET,Daylight,TRAFFIC SIGNAL,NONE DETECTED,Yes,Possible Minor Injury,"RAIN, SNOW, WET",UNKNOWN,MD,PASSENGER CAR,CHANGING LANES,40,No,2008,TOYOTA,CAMRY,39.05970833,-77.04667,2023,3,10
230014224,Property Damage Crash,03/24/2023 10:49:00 AM,PINEY MEETINGHOUSE RD,NA,STRAIGHT MOVEMENT ANGLE,Rain,WET,Daylight,TRAFFIC SIGNAL,NONE DETECTED,Yes,No Apparent Injury,"N/A, RAIN, SNOW",NOT DISTRACTED,MD,PASSENGER CAR,MAKING LEFT TURN,35,No,2006,TOYT,4S,39.08237767,-77.2171685,2023,3,10
230014224,Property Damage Crash,03/24/2023 10:49:00 AM,PINEY MEETINGHOUSE RD,NA,STRAIGHT MOVEMENT ANGLE,Rain,WET,Daylight,TRAFFIC SIGNAL,NONE DETECTED,No,No Apparent Injury,"N/A, RAIN, SNOW",NOT DISTRACTED,MD,PASSENGER CAR,MOVING CONSTANT SPEED,35,No,2020,VOLV,XC60,39.08237767,-77.2171685,2023,3,10
230014218,Injury Crash,03/24/2023 10:00:00 AM,OLNEY SANDY SPRING RD,NA,HEAD ON,Rain,WET,Daylight,NO CONTROLS,NONE DETECTED,No,Possible Minor Injury,"N/A, WET",NOT DISTRACTED,MD,PASSENGER CAR,MOVING CONSTANT SPEED,35,No,2016,HONDA,CIVIC,39.14914667,-77.029595,2023,3,10
230014218,Injury Crash,03/24/2023 10:00:00 AM,OLNEY SANDY SPRING RD,NA,HEAD ON,Rain,WET,Daylight,NO CONTROLS,NONE DETECTED,Yes,No Apparent Injury,"N/A, WET",NOT DISTRACTED,MD,PASSENGER CAR,MOVING CONSTANT SPEED,25,No,2014,HONDA,CIVIC,39.14914667,-77.029595,2023,3,10
230014210,Property Damage Crash,03/24/2023 09:20:00 AM,WASHINGTON GROVE LA,NA,HEAD ON LEFT TURN,Rain,WET,Daylight,TRAFFIC SIGNAL,NONE DETECTED,No,No Apparent Injury,N/A,NOT DISTRACTED,MD,PASSENGER CAR,MOVING CONSTANT SPEED,30,No,2022,TOYT,HIGHLANDER,39.13910375,-77.18018538,2023,3,9
230014210,Property Damage Crash,03/24/2023 09:20:00 AM,WASHINGTON GROVE LA,NA,HEAD ON LEFT TURN,Rain,WET,Daylight,TRAFFIC SIGNAL,NONE DETECTED,Yes,No Apparent Injury,N/A,NOT DISTRACTED,MD,PASSENGER CAR,MAKING LEFT TURN,30,No,2016,CHEV,CRUZ,39.13910375,-77.18018538,2023,3,9
230014206,Property Damage Crash,03/24/2023 09:12:00 AM,EISENHOWER MEMORIAL HWY,NA,SAME DIR REAR END,Rain,WET,Daylight,NO CONTROLS,NONE DETECTED,Yes,No Apparent Injury,"N/A, WET",UNKNOWN,MD,PASSENGER CAR,ACCELERATING,55,No,2020,INFI,3.0T,39.03253833,-77.13620333,2023,3,9
230014206,Property Damage Crash,03/24/2023 09:12:00 AM,EISENHOWER MEMORIAL HWY,NA,SAME DIR REAR END,Rain,WET,Daylight,NO CONTROLS,NONE DETECTED,No,No Apparent Injury,"N/A, WET",NOT DISTRACTED,MD,(SPORT) UTILITY VEHICLE,MOVING CONSTANT SPEED,70,No,2019,FORD,ESCAPE,39.03253833,-77.13620333,2023,3,9
230014205,Property Damage Crash,03/24/2023 09:10:00 AM,SPENCER RD,NA,STRAIGHT MOVEMENT ANGLE,Rain,WET,Daylight,NO CONTROLS,NONE DETECTED,No,No Apparent Injury,"SLEET, HAIL, FREEZ. RAIN, WET",NOT DISTRACTED,MD,SCHOOL BUS,MOVING CONSTANT SPEED,20,No,2020,THOMPSON,SCHOOL BUS,38.99762,-77.04264667,2023,3,9
230014205,Property Damage Crash,03/24/2023 09:10:00 AM,SPENCER RD,NA,STRAIGHT MOVEMENT ANGLE,Rain,WET,Daylight,NO CONTROLS,NONE DETECTED,Yes,No Apparent Injury,"SLEET, HAIL, FREEZ. RAIN, WET",LOOKED BUT DID NOT SEE,MD,PASSENGER CAR,STARTING FROM PARKED,20,No,2004,INFINITI,I35,38.99762,-77.04264667,2023,3,9