Local Case Number,ACRS Report Type,Crash Date/Time,Road Name,Related Non-Motorist,Collision Type,Weather,Surface Condition,Light,Traffic Control,Driver Substance Abuse,Driver At Fault,Injury Severity,Circumstance,Driver Distracted By,Drivers License State,Vehicle Body Type,Vehicle Movement,Speed Limit,Driverless Vehicle,Vehicle Year,Vehicle Make,Vehicle Model,Latitude,Longitude,Year,Month,Hour
230014266,Property Damage Crash,03/24/2023 09:07:00 AM,EISENHOWER MEMORIAL HWY,NA,SAME DIR REAR END,Rain,WET,Daylight,N/A,NONE DETECTED,Yes,No Apparent Injury,"N/A, WET",UNKNOWN,MD,PASSENGER CAR,ACCELERATING,55,No,2011,MAZDA,3,39.04626,-77.14997167,2023,3,9
230014266,Property Damage Crash,03/24/2023 09:07:00 AM,EISENHOWER MEMORIAL HWY,NA,SAME DIR REAR END,Rain,WET,Daylight,N/A,NONE DETECTED,No,No Apparent Injury,"N/A, WET",NOT DISTRACTED,MD,PASSENGER CAR,MOVING CONSTANT SPEED,55,No,2016,ACURA,4S TLX,39.04626,-77.14997167,2023,3,9
230014201,Property Damage Crash,03/24/2023 08:37:00 AM,UNIVERSITY BLVD E,NA,SAME DIRECTION RIGHT TURN,Rain,WET,Daylight,NO CONTROLS,NONE DETECTED,No,No Apparent Injury,N/A,NOT DISTRACTED,MD,"CARGO VAN/LIGHT TRUCK 2 AXLES (OVER 10,000LBS (4,536 KG))",MOVING CONSTANT SPEED,35,No,2010,FREIGHTLINER,ST,38.99876433,-76.99480233,2023,3,8
230014201,Property Damage Crash,03/24/2023 08:37:00 AM,UNIVERSITY BLVD E,NA,SAME DIRECTION RIGHT TURN,Rain,WET,Daylight,NO CONTROLS,NONE DETECTED,Yes,No Apparent Injury,N/A,UNKNOWN,MD,PASSENGER CAR,CHANGING LANES,30,No,2021,TOYOTA,COROLLA,38.99876433,-76.99480233,2023,3,8
230014329,Property Damage Crash,03/24/2023 08:25:00 AM,MACARTHUR BLVD,NA,SAME DIRECTION LEFT TURN,Rain,WET,Daylight,NO CONTROLS,NONE DETECTED,Unknown,No Apparent Injury,"N/A, WET",UNKNOWN,DC,PASSENGER CAR,MOVING CONSTANT SPEED,30,No,2012,NISSAN,ROGUE,38.94221865,-77.113921,2023,3,8
230014329,Property Damage Crash,03/24/2023 08:25:00 AM,MACARTHUR BLVD,NA,SAME DIRECTION LEFT TURN,Rain,WET,Daylight,NO CONTROLS,NONE DETECTED,Unknown,No Apparent Injury,"N/A, WET",UNKNOWN,NA,TRANSIT BUS,MAKING RIGHT TURN,30,No,2020,TRANSIT,BUS,38.94221865,-77.113921,2023,3,8
230014198,Injury Crash,03/24/2023 07:45:00 AM,FLEET ST,PEDESTRIAN,SINGLE VEHICLE,Rain,WET,Medium,NO CONTROLS,NONE DETECTED,Yes,No Apparent Injury,"RAIN, SNOW, WET",LOOKED BUT DID NOT SEE,MD,PASSENGER CAR,MOVING CONSTANT SPEED,25,No,2017,TOTOTA,RAV4,39.0800635,-77.14846033,2023,3,7
230014193,Injury Crash,03/24/2023 06:30:00 AM,CLUB HOUSE RD,PEDESTRIAN,OTHER,Rain,WET,Dark,TRAFFIC SIGNAL,NONE DETECTED,Yes,No Apparent Injury,N/A,UNKNOWN,NA,UNKNOWN,RIGHT TURN ON RED,35,No,0,UNKNOWN,UNKNOWN,39.17462517,-77.203767,2023,3,6
230014192,Injury Crash,03/24/2023 06:24:00 AM,GREAT SENECA HWY,NA,STRAIGHT MOVEMENT ANGLE,Rain,WET,Medium,TRAFFIC SIGNAL,NONE DETECTED,Yes,Possible Minor Injury,"RAIN, SNOW, WET",UNKNOWN,MD,PASSENGER CAR,MOVING CONSTANT SPEED,35,No,2016,HONDA,ACCORD,39.15342465,-77.27830168,2023,3,6
230014192,Injury Crash,03/24/2023 06:24:00 AM,GREAT SENECA HWY,NA,STRAIGHT MOVEMENT ANGLE,Rain,WET,Medium,TRAFFIC SIGNAL,NONE DETECTED,Yes,No Apparent Injury,"RAIN, SNOW, WET",UNKNOWN,MD,PASSENGER CAR,MOVING CONSTANT SPEED,35,No,2014,FORD,F150,39.15342465,-77.27830168,2023,3,6
230014177,Injury Crash,03/24/2023 12:53:00 AM,FLANDERS AVE,NA,SAME DIR REAR END,Clear,DRY,Medium,NO CONTROLS,NONE DETECTED,Yes,Possible Minor Injury,N/A,OTHER DISTRACTION,MD,PASSENGER CAR,MOVING CONSTANT SPEED,25,No,2015,KIA,SOUL,39.03848333,-77.10734667,2023,3,0
23000534,Property Damage Crash,03/23/2023 10:35:00 PM,MEADOWSIDE LA,NA,SINGLE VEHICLE,Clear,DRY,Dark,N/A,NONE DETECTED,Yes,No Apparent Injury,"ANIMAL, N/A",DISTRACTED BY OUTSIDE PERSON OBJECT OR EVENT,SC,PASSENGER CAR,MOVING CONSTANT SPEED,25,No,2016,DODGE,CHALLENGER,39.11687517,-77.10431687,2023,3,22
230014150,Property Damage Crash,03/23/2023 08:20:00 PM,NA,NA,SINGLE VEHICLE,Clear,NA,Medium,N/A,NONE DETECTED,Yes,No Apparent Injury,N/A,UNKNOWN,MD,(SPORT) UTILITY VEHICLE,SLOWING OR STOPPING,0,No,1997,FORD,EXPLORER,39.11417667,-77.186875,2023,3,20
230014143,Property Damage Crash,03/23/2023 07:43:00 PM,KEY WEST AVE,NA,SAME DIRECTION RIGHT TURN,Clear,DRY,Medium,N/A,NONE DETECTED,Yes,No Apparent Injury,N/A,INATTENTIVE OR LOST IN THOUGHT,MD,PASSENGER CAR,MOVING CONSTANT SPEED,40,No,2021,TOYT,RAV4,39.10556627,-77.19751678,2023,3,19
230014143,Property Damage Crash,03/23/2023 07:43:00 PM,KEY WEST AVE,NA,SAME DIRECTION RIGHT TURN,Clear,DRY,Medium,N/A,NONE DETECTED,No,No Apparent Injury,N/A,NOT DISTRACTED,MD,PASSENGER CAR,ACCELERATING,40,No,2017,TOYOTA,COROLLA IM,39.10556627,-77.19751678,2023,3,19
23000532,Property Damage Crash,03/23/2023 06:42:00 PM,NA,NA,HEAD ON,Clear,NA,Daylight,NO CONTROLS,NONE DETECTED,No,No Apparent Injury,N/A,NOT DISTRACTED,ME,PASSENGER CAR,N/A,0,Unknown,2021,HOND,CRV,39.08003309,-77.067028,2023,3,18
23000532,Property Damage Crash,03/23/2023 06:42:00 PM,NA,NA,HEAD ON,Clear,NA,Daylight,NO CONTROLS,NONE DETECTED,Yes,No Apparent Injury,N/A,LOOKED BUT DID NOT SEE,MD,PASSENGER CAR,ACCELERATING,10,No,2016,TOYT,4DR,39.08003309,-77.067028,2023,3,18
230014131,Property Damage Crash,03/23/2023 06:32:00 PM,LITTLE SENECA PKWY,NA,STRAIGHT MOVEMENT ANGLE,Clear,DRY,Daylight,YIELD SIGN,NONE DETECTED,Yes,No Apparent Injury,N/A,UNKNOWN,MD,(SPORT) UTILITY VEHICLE,OTHER,30,No,2017,LEXUS,RX350,39.23165061,-77.24331676,2023,3,18
230014131,Property Damage Crash,03/23/2023 06:32:00 PM,LITTLE SENECA PKWY,NA,STRAIGHT MOVEMENT ANGLE,Clear,DRY,Daylight,YIELD SIGN,NONE DETECTED,No,No Apparent Injury,N/A,NOT DISTRACTED,MD,PASSENGER CAR,MOVING CONSTANT SPEED,30,No,2015,TOYT,COROLLA,39.23165061,-77.24331676,2023,3,18
230014121,Injury Crash,03/23/2023 05:54:00 PM,WALDORF DR,NA,OTHER,Clear,DRY,Daylight,NO CONTROLS,NONE DETECTED,Yes,Possible Minor Injury,N/A,UNKNOWN,MD,RECREATIONAL VEHICLE,UNKNOWN,25,No,0,UNKNOWN,UNKNOWN,39.18426833,-77.26366167,2023,3,17
230014118,Property Damage Crash,03/23/2023 05:54:00 PM,ROYAL DOMINION DR,NA,SAME DIR REAR END,Clear,DRY,Daylight,NO CONTROLS,NONE DETECTED,No,No Apparent Injury,N/A,NOT DISTRACTED,MD,PASSENGER CAR,SLOWING OR STOPPING,35,No,2021,HONDA,HRV,38.98817883,-77.14691483,2023,3,17
230014118,Property Damage Crash,03/23/2023 05:54:00 PM,ROYAL DOMINION DR,NA,SAME DIR REAR END,Clear,DRY,Daylight,NO CONTROLS,NONE DETECTED,Yes,No Apparent Injury,N/A,UNKNOWN,MD,PASSENGER CAR,MOVING CONSTANT SPEED,35,No,2010,HOND,ACCORD,38.98817883,-77.14691483,2023,3,17
23001411,Injury Crash,03/23/2023 05:35:00 PM,NA,PEDESTRIAN,SINGLE VEHICLE,Clear,NA,Daylight,NO CONTROLS,NONE DETECTED,Yes,No Apparent Injury,N/A,INATTENTIVE OR LOST IN THOUGHT,DC,PASSENGER CAR,MOVING CONSTANT SPEED,5,No,2015,TOYOTA,RAV4,39.00006806,-76.9922138,2023,3,17
230014082,Property Damage Crash,03/23/2023 04:30:00 PM,HERITAGE HILLS DR,NA,OTHER,Clear,DRY,Daylight,NO CONTROLS,NONE DETECTED,No,No Apparent Injury,N/A,NOT DISTRACTED,MD,SCHOOL BUS,SLOWING OR STOPPING,35,No,2020,THOMAS,BUS,39.168303,-77.065085,2023,3,16
230014082,Property Damage Crash,03/23/2023 04:30:00 PM,HERITAGE HILLS DR,NA,OTHER,Clear,DRY,Daylight,NO CONTROLS,NONE DETECTED,Yes,No Apparent Injury,N/A,LOOKED BUT DID NOT SEE,MD,PASSENGER CAR,BACKING,35,No,2019,VOLKS,JETTA,39.168303,-77.065085,2023,3,16
230014096,Injury Crash,03/23/2023 04:20:00 PM,GEORGIA AVE,PEDESTRIAN,OTHER,Clear,DRY,Daylight,TRAFFIC SIGNAL,NONE DETECTED,Yes,No Apparent Injury,N/A,LOOKED BUT DID NOT SEE,MD,PASSENGER CAR,MAKING LEFT TURN,25,No,2014,GILL,BU,39.03819,-77.05083,2023,3,16
230014115,Property Damage Crash,03/23/2023 04:19:00 PM,GEORGIA AVE,NA,OPPOSITE DIRECTION SIDESWIPE,Clear,DRY,Daylight,NO CONTROLS,NONE DETECTED,Yes,No Apparent Injury,N/A,UNKNOWN,NA,PASSENGER CAR,MOVING CONSTANT SPEED,35,No,2012,CHEVY,SUBURBAN,39.09166717,-77.05903733,2023,3,16
230014115,Property Damage Crash,03/23/2023 04:19:00 PM,GEORGIA AVE,NA,OPPOSITE DIRECTION SIDESWIPE,Clear,DRY,Daylight,NO CONTROLS,NONE DETECTED,No,No Apparent Injury,N/A,NOT DISTRACTED,DC,PASSENGER CAR,MOVING CONSTANT SPEED,35,No,2009,HONDA,CRV,39.09166717,-77.05903733,2023,3,16
230014080,Property Damage Crash,03/23/2023 03:40:00 PM,BOWIE MILL RD,NA,STRAIGHT MOVEMENT ANGLE,Clear,DRY,Daylight,TRAFFIC SIGNAL,NONE DETECTED,No,No Apparent Injury,N/A,UNKNOWN,MD,PASSENGER CAR,MOVING CONSTANT SPEED,40,No,2012,KIA,SORENTO,39.15489467,-77.09485283,2023,3,15
230014080,Property Damage Crash,03/23/2023 03:40:00 PM,BOWIE MILL RD,NA,STRAIGHT MOVEMENT ANGLE,Clear,DRY,Daylight,TRAFFIC SIGNAL,NONE DETECTED,Yes,No Apparent Injury,N/A,UNKNOWN,MD,PASSENGER CAR,MAKING LEFT TURN,40,No,2014,VOLVO,S60,39.15489467,-77.09485283,2023,3,15
230014079,Property Damage Crash,03/23/2023 03:00:00 PM,NORWOOD RD,NA,SAME DIR REAR END,Clear,DRY,Daylight,TRAFFIC SIGNAL,NONE DETECTED,Yes,No Apparent Injury,N/A,UNKNOWN,NA,PASSENGER CAR,SLOWING OR STOPPING,35,No,2019,FORD,TK,39.11865517,-77.0209325,2023,3,15
230014079,Property Damage Crash,03/23/2023 03:00:00 PM,NORWOOD RD,NA,SAME DIR REAR END,Clear,DRY,Daylight,TRAFFIC SIGNAL,NONE DETECTED,No,No Apparent Injury,N/A,NOT DISTRACTED,MD,PASSENGER CAR,STOPPED IN TRAFFIC LANE,35,No,2017,HYUNDIA,ELANTRA,39.11865517,-77.0209325,2023,3,15
230014060,Property Damage Crash,03/23/2023 01:45:00 PM,SECURITY LA,NA,STRAIGHT MOVEMENT ANGLE,Clear,DRY,Daylight,NO CONTROLS,NONE DETECTED,Yes,No Apparent Injury,"N/A, VISION OBSTRUCTION (INCL. BLINDED BY SUN)",LOOKED BUT DID NOT SEE,GA,"CARGO VAN/LIGHT TRUCK 2 AXLES (OVER 10,000LBS (4,536 KG))",ENTERING TRAFFIC LANE,25,No,2010,NISSAN,FRONTIER,39.04181241,-77.11158958,2023,3,13
230014060,Property Damage Crash,03/23/2023 01:45:00 PM,SECURITY LA,NA,STRAIGHT MOVEMENT ANGLE,Clear,DRY,Daylight,NO CONTROLS,NONE DETECTED,No,No Apparent Injury,"N/A, VISION OBSTRUCTION (INCL. BLINDED BY SUN)",NOT DISTRACTED,MD,PASSENGER CAR,MOVING CONSTANT SPEED,25,No,2019,KIA,TK,39.04181241,-77.11158958,2023,3,13
230014052,Injury Crash,03/23/2023 01:07:00 PM,FREDERICK RD,NA,SAME DIR REAR END,Clear,DRY,Daylight,STOP SIGN,NONE DETECTED,Yes,No Apparent Injury,N/A,LOOKED BUT DID NOT SEE,MD,PICKUP TRUCK,ACCELERATING,40,No,2011,CHEVEROLET,SILVERADO,39.1457576,-77.2231587,2023,3,13
230014052,Injury Crash,03/23/2023 01:07:00 PM,FREDERICK RD,NA,SAME DIR REAR END,Clear,DRY,Daylight,STOP SIGN,NONE DETECTED,No,Possible Minor Injury,N/A,NOT DISTRACTED,MD,PASSENGER CAR,MOVING CONSTANT SPEED,40,No,2019,NISSAN,ROGUE,39.1457576,-77.2231587,2023,3,13
230014034,Property Damage Crash,03/23/2023 10:26:00 AM,NA,NA,SINGLE VEHICLE,Cloudy,NA,Daylight,NO CONTROLS,NONE DETECTED,Yes,No Apparent Injury,N/A,LOOKED BUT DID NOT SEE,MD,AMBULANCE/NON EMERGENCY,BACKING,0,No,2018,FRHT,AMBULANCE,38.94984167,-77.11566667,2023,3,10
230014016,Property Damage Crash,03/23/2023 09:00:00 AM,NA,NA,SINGLE VEHICLE,Rain,NA,Daylight,N/A,NONE DETECTED,Yes,No Apparent Injury,N/A,UNKNOWN,MD,PASSENGER CAR,PARKING,25,No,2016,HONDA,ACCORD,39.168008,-77.20955867,2023,3,9
230014017,Property Damage Crash,03/23/2023 08:48:00 AM,NORTHAMPTON DR,NA,OTHER,Rain,WET,Daylight,NO CONTROLS,NONE DETECTED,Yes,No Apparent Injury,"N/A, WET",LOOKED BUT DID NOT SEE,MD,SCHOOL BUS,BACKING,35,No,2016,THOMAS,BUS,39.00681739,-76.98108002,2023,3,8
230014017,Property Damage Crash,03/23/2023 08:48:00 AM,NORTHAMPTON DR,NA,OTHER,Rain,WET,Daylight,NO CONTROLS,NONE DETECTED,No,No Apparent Injury,"N/A, WET",NOT DISTRACTED,MD,PASSENGER CAR,STOPPED IN TRAFFIC LANE,35,No,2001,TOYT,COROLLA,39.00681739,-76.98108002,2023,3,8
230014013,Property Damage Crash,03/23/2023 08:30:00 AM,PARKLAND DR,NA,SAME DIR REAR END,Cloudy,N/A,Daylight,TRAFFIC SIGNAL,NONE DETECTED,No,No Apparent Injury,N/A,NOT DISTRACTED,MD,SCHOOL BUS,SLOWING OR STOPPING,25,No,2017,THOM,BU,39.07793617,-77.08700533,2023,3,8
230014013,Property Damage Crash,03/23/2023 08:30:00 AM,PARKLAND DR,NA,SAME DIR REAR END,Cloudy,N/A,Daylight,TRAFFIC SIGNAL,NONE DETECTED,Yes,No Apparent Injury,N/A,UNKNOWN,MD,PASSENGER CAR,MOVING CONSTANT SPEED,35,No,2013,HOND,TK,39.07793617,-77.08700533,2023,3,8
230014011,Injury Crash,03/23/2023 08:29:00 AM,MIDCOUNTY HWY,NA,SAME DIR REAR END,Cloudy,DRY,Daylight,N/A,NONE DETECTED,Yes,Suspected Serious Injury,N/A,UNKNOWN,MD,VAN,MOVING CONSTANT SPEED,45,No,2016,TOYT,SIENNA,39.14514,-77.16498,2023,3,8
230014011,Injury Crash,03/23/2023 08:29:00 AM,MIDCOUNTY HWY,NA,SAME DIR REAR END,Cloudy,DRY,Daylight,N/A,NONE DETECTED,No,Possible Minor Injury,N/A,NOT DISTRACTED,MD,SCHOOL BUS,PARKED,45,No,2014,THOMAS,BUS,39.14514,-77.16498,2023,3,8
230014010,Property Damage Crash,03/23/2023 08:02:00 AM,RIVER RD,NA,SAME DIR REAR END,Cloudy,DRY,Daylight,NO CONTROLS,NONE DETECTED,No,No Apparent Injury,"BACKUP DUE TO REGULAR CONGESTION, N/A",NOT DISTRACTED,MD,VAN,SLOWING OR STOPPING,35,No,2015,TOYOTA,SIENNA,38.99981,-77.17545967,2023,3,8
230014010,Property Damage Crash,03/23/2023 08:02:00 AM,RIVER RD,NA,SAME DIR REAR END,Cloudy,DRY,Daylight,NO CONTROLS,NONE DETECTED,No,No Apparent Injury,"BACKUP DUE TO REGULAR CONGESTION, N/A",NOT DISTRACTED,MD,VAN,STOPPED IN TRAFFIC LANE,35,No,2020,TOYOTA,SIENNA,38.99981,-77.17545967,2023,3,8
230014010,Property Damage Crash,03/23/2023 08:02:00 AM,RIVER RD,NA,SAME DIR REAR END,Cloudy,DRY,Daylight,NO CONTROLS,NONE DETECTED,No,No Apparent Injury,"BACKUP DUE TO REGULAR CONGESTION, N/A",NOT DISTRACTED,MD,(SPORT) UTILITY VEHICLE,STOPPED IN TRAFFIC LANE,35,No,2022,GMC,DENALI,38.99981,-77.17545967,2023,3,8
230014010,Property Damage Crash,03/23/2023 08:02:00 AM,RIVER RD,NA,SAME DIR REAR END,Cloudy,DRY,Daylight,NO CONTROLS,NONE DETECTED,Yes,No Apparent Injury,"BACKUP DUE TO REGULAR CONGESTION, N/A",INATTENTIVE OR LOST IN THOUGHT,MD,(SPORT) UTILITY VEHICLE,MOVING CONSTANT SPEED,35,No,2012,JEEP,WRANGLER,38.99981,-77.17545967,2023,3,8
230014005,Injury Crash,03/23/2023 07:58:00 AM,S SUMMIT AVE,NA,OTHER,Clear,DRY,Daylight,STOP SIGN,NONE DETECTED,No,No Apparent Injury,N/A,NOT DISTRACTED,MD,PASSENGER CAR,MOVING CONSTANT SPEED,25,No,2016,MERZ,SD,39.14057816,-77.19371262,2023,3,7
230014005,Injury Crash,03/23/2023 07:58:00 AM,S SUMMIT AVE,NA,OTHER,Clear,DRY,Daylight,STOP SIGN,NONE DETECTED,Yes,No Apparent Injury,N/A,LOOKED BUT DID NOT SEE,MD,PASSENGER CAR,MAKING LEFT TURN,25,No,2017,NISSAN,ALTIMA,39.14057816,-77.19371262,2023,3,7
230014007,Injury Crash,03/23/2023 07:50:00 AM,CONNECTICUT AVE,NA,SAME DIRECTION SIDESWIPE,Cloudy,DRY,Daylight,NO CONTROLS,NONE DETECTED,Yes,No Apparent Injury,N/A,NOT DISTRACTED,MD,PASSENGER CAR,CHANGING LANES,35,No,2017,HYUN,S0NATA,39.02168667,-77.07685833,2023,3,7
230014007,Injury Crash,03/23/2023 07:50:00 AM,CONNECTICUT AVE,NA,SAME DIRECTION SIDESWIPE,Cloudy,DRY,Daylight,NO CONTROLS,NONE DETECTED,No,No Apparent Injury,N/A,NOT DISTRACTED,MD,(SPORT) UTILITY VEHICLE,MOVING CONSTANT SPEED,35,No,2010,JEEP,PATRIOT,39.02168667,-77.07685833,2023,3,7
230014007,Injury Crash,03/23/2023 07:50:00 AM,CONNECTICUT AVE,NA,SAME DIRECTION SIDESWIPE,Cloudy,DRY,Daylight,NO CONTROLS,NONE DETECTED,No,Possible Minor Injury,N/A,NOT DISTRACTED,MD,PASSENGER CAR,MOVING CONSTANT SPEED,35,No,2019,NISSAN,VERSA,39.02168667,-77.07685833,2023,3,7
230013998,Property Damage Crash,03/23/2023 05:20:00 AM,WOODFIELD RD,NA,OPPOSITE DIRECTION SIDESWIPE,Clear,DRY,Medium,N/A,NONE DETECTED,Unknown,No Apparent Injury,N/A,UNKNOWN,MD,TRANSIT BUS,MOVING CONSTANT SPEED,40,No,2021,GILG,BU,39.21652018,-77.17323654,2023,3,5
230013998,Property Damage Crash,03/23/2023 05:20:00 AM,WOODFIELD RD,NA,OPPOSITE DIRECTION SIDESWIPE,Clear,DRY,Medium,N/A,NONE DETECTED,Unknown,No Apparent Injury,N/A,UNKNOWN,MD,PICKUP TRUCK,MOVING CONSTANT SPEED,40,No,2001,FORD,F250,39.21652018,-77.17323654,2023,3,5
230013985,Property Damage Crash,03/22/2023 11:37:00 PM,FREDERICK RD,NA,ANGLE MEETS RIGHT TURN,Clear,DRY,Medium,TRAFFIC SIGNAL,NONE DETECTED,No,No Apparent Injury,N/A,NOT DISTRACTED,WV,PASSENGER CAR,MOVING CONSTANT SPEED,40,No,2010,TOYOTA,PRIUS,39.10666248,-77.15836353,2023,3,23
230013985,Property Damage Crash,03/22/2023 11:37:00 PM,FREDERICK RD,NA,ANGLE MEETS RIGHT TURN,Clear,DRY,Medium,TRAFFIC SIGNAL,NONE DETECTED,Yes,No Apparent Injury,N/A,LOOKED BUT DID NOT SEE,MD,PICKUP TRUCK,RIGHT TURN ON RED,40,No,2019,DODGE,RAM,39.10666248,-77.15836353,2023,3,23
230013970,Injury Crash,03/22/2023 08:20:00 PM,TURKEY FOOT RD,NA,SINGLE VEHICLE,Clear,DRY,Dark,N/A,NONE DETECTED,Unknown,No Apparent Injury,N/A,NOT DISTRACTED,VA,"MEDIUM/HEAVY TRUCKS 3 AXLES (OVER 10,000LBS (4,536KG))",MOVING CONSTANT SPEED,40,No,2003,STERLING,FLATBED,39.09581348,-77.2790524,2023,3,20
230013964,Injury Crash,03/22/2023 08:00:00 PM,RANDOLPH RD,NA,SAME DIRECTION SIDESWIPE,Clear,DRY,Medium,TRAFFIC SIGNAL,NONE DETECTED,Yes,No Apparent Injury,N/A,LOOKED BUT DID NOT SEE,MD,PASSENGER CAR,CHANGING LANES,35,No,2008,TOYOTA,TACOMA,39.05919,-77.047565,2023,3,20
230013964,Injury Crash,03/22/2023 08:00:00 PM,RANDOLPH RD,NA,SAME DIRECTION SIDESWIPE,Clear,DRY,Medium,TRAFFIC SIGNAL,NONE DETECTED,No,Possible Minor Injury,N/A,NOT DISTRACTED,MD,PASSENGER CAR,MOVING CONSTANT SPEED,35,No,2022,HONDA,CIVIC,39.05919,-77.047565,2023,3,20
230013959,Injury Crash,03/22/2023 07:24:00 PM,NA,NA,SAME DIR REAR END,Clear,NA,Medium,N/A,NONE DETECTED,Yes,No Apparent Injury,N/A,NOT DISTRACTED,PA,TRANSIT BUS,SLOWING OR STOPPING,10,No,2019,VANHOOL,BUS,39.1212093,-77.16218532,2023,3,19
230013959,Injury Crash,03/22/2023 07:24:00 PM,NA,NA,SAME DIR REAR END,Clear,NA,Medium,N/A,NONE DETECTED,No,No Apparent Injury,N/A,NOT DISTRACTED,MD,TRANSIT BUS,STOPPED IN TRAFFIC LANE,10,No,2017,GILLIG,BUS,39.1212093,-77.16218532,2023,3,19
230013951,Injury Crash,03/22/2023 06:48:00 PM,FREDERICK RD,NA,SAME DIR REAR END,Clear,DRY,Daylight,N/A,NONE DETECTED,Unknown,No Apparent Injury,N/A,UNKNOWN,MD,PASSENGER CAR,ACCELERATING,40,No,2021,TOYT,UT,39.18625167,-77.23999333,2023,3,18
230013951,Injury Crash,03/22/2023 06:48:00 PM,FREDERICK RD,NA,SAME DIR REAR END,Clear,DRY,Daylight,N/A,NONE DETECTED,Unknown,Suspected Serious Injury,N/A,UNKNOWN,MD,MOTORCYCLE,ACCELERATING,40,No,2006,YAMAHA,R6,39.18625167,-77.23999333,2023,3,18
230013943,Property Damage Crash,03/22/2023 06:40:00 PM,CENTURY BLVD,NA,SAME DIRECTION RIGHT TURN,Clear,DRY,Daylight,TRAFFIC SIGNAL,ALCOHOL PRESENT,Yes,No Apparent Injury,N/A,OTHER DISTRACTION,MD,PASSENGER CAR,MOVING CONSTANT SPEED,40,No,2015,HONDA,ACCORD,39.18448833,-77.262335,2023,3,18
230013943,Property Damage Crash,03/22/2023 06:40:00 PM,CENTURY BLVD,NA,SAME DIRECTION RIGHT TURN,Clear,DRY,Daylight,TRAFFIC SIGNAL,NONE DETECTED,No,No Apparent Injury,N/A,NOT DISTRACTED,TX,PASSENGER CAR,MAKING RIGHT TURN,40,No,2012,BMW,325I,39.18448833,-77.262335,2023,3,18
230013934,Injury Crash,03/22/2023 06:03:00 PM,LAYHILL RD,NA,SINGLE VEHICLE,Cloudy,DRY,Daylight,NO CONTROLS,NONE DETECTED,Yes,Possible Minor Injury,N/A,UNKNOWN,MD,PASSENGER CAR,MAKING RIGHT TURN,40,No,2002,TOYOTA,HIGHLANDER,39.06976581,-77.04522999,2023,3,18
230013933,Property Damage Crash,03/22/2023 05:56:00 PM,NA,NA,OPPOSITE DIRECTION SIDESWIPE,Clear,NA,Daylight,NO CONTROLS,NONE DETECTED,Yes,No Apparent Injury,N/A,LOOKED BUT DID NOT SEE,MD,(SPORT) UTILITY VEHICLE,PARKING,0,No,2018,AUDI,Q5,39.06210456,-77.15962759,2023,3,17
230013937,Injury Crash,03/22/2023 05:45:00 PM,RIVER RD,NA,SINGLE VEHICLE,Clear,DRY,Daylight,NO CONTROLS,NONE DETECTED,Yes,Possible Minor Injury,N/A,UNKNOWN,MD,(SPORT) UTILITY VEHICLE,UNKNOWN,30,No,1990,JEEP,WRANGLER,39.12239417,-77.49224367,2023,3,17
230013918,Property Damage Crash,03/22/2023 05:20:00 PM,MONTGOMERY VILLAGE AVE,NA,STRAIGHT MOVEMENT ANGLE,Clear,DRY,Daylight,STOP SIGN,NONE DETECTED,No,No Apparent Injury,N/A,NOT DISTRACTED,MD,PASSENGER CAR,MOVING CONSTANT SPEED,35,No,2017,NISSAN,SUV,39.17089996,-77.20406948,2023,3,17
230013918,Property Damage Crash,03/22/2023 05:20:00 PM,MONTGOMERY VILLAGE AVE,NA,STRAIGHT MOVEMENT ANGLE,Clear,DRY,Daylight,STOP SIGN,NONE DETECTED,Yes,No Apparent Injury,N/A,LOOKED BUT DID NOT SEE,MD,PASSENGER CAR,ACCELERATING,35,No,2019,TOYOTA,VAN,39.17089996,-77.20406948,2023,3,17
230013899,Injury Crash,03/22/2023 02:56:00 PM,NA,NA,HEAD ON LEFT TURN,Clear,NA,Daylight,NO CONTROLS,ALCOHOL PRESENT,Yes,No Apparent Injury,N/A,LOOKED BUT DID NOT SEE,MD,PASSENGER CAR,MOVING CONSTANT SPEED,0,No,2013,HYUNDAI,SANTA FE,39.04168317,-76.98715817,2023,3,14
230013899,Injury Crash,03/22/2023 02:56:00 PM,NA,NA,HEAD ON LEFT TURN,Clear,NA,Daylight,NO CONTROLS,NONE DETECTED,No,Possible Minor Injury,N/A,NOT DISTRACTED,MD,PASSENGER CAR,MOVING CONSTANT SPEED,0,No,2008,HONDA,CIVIC,39.04168317,-76.98715817,2023,3,14
230013897,Property Damage Crash,03/22/2023 02:45:00 PM,GREAT SENECA HWY,NA,SAME DIR REAR END,Clear,DRY,Daylight,TRAFFIC SIGNAL,NONE DETECTED,Yes,No Apparent Injury,N/A,UNKNOWN,MD,PASSENGER CAR,MOVING CONSTANT SPEED,35,No,2018,MERCEDEZ BENZ,GLE350,39.145875,-77.27443833,2023,3,14
230013897,Property Damage Crash,03/22/2023 02:45:00 PM,GREAT SENECA HWY,NA,SAME DIR REAR END,Clear,DRY,Daylight,TRAFFIC SIGNAL,NONE DETECTED,No,No Apparent Injury,N/A,NOT DISTRACTED,MD,PASSENGER CAR,STOPPED IN TRAFFIC LANE,35,No,2010,TOYOTA,CAMRY,39.145875,-77.27443833,2023,3,14
230013897,Property Damage Crash,03/22/2023 02:45:00 PM,GREAT SENECA HWY,NA,SAME DIR REAR END,Clear,DRY,Daylight,TRAFFIC SIGNAL,NONE DETECTED,No,No Apparent Injury,N/A,NOT DISTRACTED,MD,PASSENGER CAR,STOPPED IN TRAFFIC LANE,35,No,2017,CRYSLER,PACIFICA,39.145875,-77.27443833,2023,3,14
23000519,Property Damage Crash,03/22/2023 01:51:00 PM,NA,NA,OTHER,Clear,NA,Daylight,NO CONTROLS,NONE DETECTED,No,No Apparent Injury,N/A,NOT DISTRACTED,MD,PASSENGER CAR,PARKED,15,No,2010,FORD,4S,39.0524558,-77.0441546,2023,3,13
23000519,Property Damage Crash,03/22/2023 01:51:00 PM,NA,NA,OTHER,Clear,NA,Daylight,NO CONTROLS,NONE DETECTED,Yes,No Apparent Injury,N/A,UNKNOWN,MD,PICKUP TRUCK,BACKING,15,No,2012,FORD,TK,39.0524558,-77.0441546,2023,3,13
230013841,Property Damage Crash,03/22/2023 10:30:00 AM,FREDERICK RD,NA,STRAIGHT MOVEMENT ANGLE,Clear,DRY,Daylight,TRAFFIC SIGNAL,NONE DETECTED,Yes,No Apparent Injury,N/A,INATTENTIVE OR LOST IN THOUGHT,MD,PASSENGER CAR,MOVING CONSTANT SPEED,35,No,2019,MITS,UT,39.15926289,-77.21899408,2023,3,10
230013841,Property Damage Crash,03/22/2023 10:30:00 AM,FREDERICK RD,NA,STRAIGHT MOVEMENT ANGLE,Clear,DRY,Daylight,TRAFFIC SIGNAL,NONE DETECTED,No,No Apparent Injury,N/A,NOT DISTRACTED,MD,PASSENGER CAR,MOVING CONSTANT SPEED,35,No,2021,LEXS,SD,39.15926289,-77.21899408,2023,3,10
230013949,Injury Crash,03/22/2023 10:15:00 AM,HUNGERFORD DR,PEDESTRIAN,SINGLE VEHICLE,Clear,DRY,Daylight,NO CONTROLS,NONE DETECTED,No,No Apparent Injury,N/A,NOT DISTRACTED,MD,PASSENGER CAR,MOVING CONSTANT SPEED,40,No,2014,FORD,F150,39.1010152,-77.15471508,2023,3,10