Local Case Number,ACRS Report Type,Crash Date/Time,Road Name,Related Non-Motorist,Collision Type,Weather,Surface Condition,Light,Traffic Control,Driver Substance Abuse,Driver At Fault,Injury Severity,Circumstance,Driver Distracted By,Drivers License State,Vehicle Body Type,Vehicle Movement,Speed Limit,Driverless Vehicle,Vehicle Year,Vehicle Make,Vehicle Model,Latitude,Longitude,Year,Month,Hour
230013844,Property Damage Crash,03/22/2023 10:12:00 AM,SHADY GROVE RD,NA,ANGLE MEETS LEFT TURN,Clear,DRY,Daylight,TRAFFIC SIGNAL,NONE DETECTED,Yes,No Apparent Injury,N/A,NOT DISTRACTED,MD,(SPORT) UTILITY VEHICLE,MOVING CONSTANT SPEED,40,No,2020,CHEVY,TRAQ,39.05810167,-77.15203167,2023,3,10
230013844,Property Damage Crash,03/22/2023 10:12:00 AM,SHADY GROVE RD,NA,ANGLE MEETS LEFT TURN,Clear,DRY,Daylight,TRAFFIC SIGNAL,NONE DETECTED,No,No Apparent Injury,N/A,NOT DISTRACTED,MD,TRANSIT BUS,MAKING LEFT TURN,35,No,2021,GILG,BU,39.05810167,-77.15203167,2023,3,10
230013844,Property Damage Crash,03/22/2023 10:12:00 AM,SHADY GROVE RD,NA,ANGLE MEETS LEFT TURN,Clear,DRY,Daylight,TRAFFIC SIGNAL,NONE DETECTED,No,No Apparent Injury,N/A,NOT DISTRACTED,MD,"OTHER LIGHT TRUCKS (10,000LBS (4,536KG) OR LESS)",ENTERING TRAFFIC LANE,30,No,2018,MAC,TR,39.05810167,-77.15203167,2023,3,10
230013832,Property Damage Crash,03/22/2023 09:33:00 AM,SHADOW OAK DR,NA,SINGLE VEHICLE,Clear,DRY,Daylight,N/A,NONE DETECTED,Yes,No Apparent Injury,N/A,UNKNOWN,MD,PASSENGER CAR,MOVING CONSTANT SPEED,30,No,2018,HOND,SD CIVIC,39.18672667,-77.20301,2023,3,9
230013830,Injury Crash,03/22/2023 09:23:00 AM,WHETSTONE DR,NA,SINGLE VEHICLE,Cloudy,DRY,Daylight,N/A,NONE DETECTED,Yes,Possible Minor Injury,N/A,NOT DISTRACTED,VA,PASSENGER CAR,MOVING CONSTANT SPEED,25,No,2017,JEEP,SUV,39.16602738,-77.19904165,2023,3,9
230013825,Property Damage Crash,03/22/2023 08:53:00 AM,LAYHILL RD,NA,SAME DIRECTION SIDESWIPE,Clear,DRY,Daylight,TRAFFIC SIGNAL,NONE DETECTED,No,No Apparent Injury,N/A,NOT DISTRACTED,MD,PASSENGER CAR,STOPPED IN TRAFFIC LANE,40,No,2016,HONDA,CIVIC,39.09551532,-77.04450905,2023,3,8
230013825,Property Damage Crash,03/22/2023 08:53:00 AM,LAYHILL RD,NA,SAME DIRECTION SIDESWIPE,Clear,DRY,Daylight,TRAFFIC SIGNAL,NONE DETECTED,No,No Apparent Injury,N/A,NOT DISTRACTED,MD,"MEDIUM/HEAVY TRUCKS 3 AXLES (OVER 10,000LBS (4,536KG))",MOVING CONSTANT SPEED,40,No,2007,CHEV,PK,39.09551532,-77.04450905,2023,3,8
230013825,Property Damage Crash,03/22/2023 08:53:00 AM,LAYHILL RD,NA,SAME DIRECTION SIDESWIPE,Clear,DRY,Daylight,TRAFFIC SIGNAL,NONE DETECTED,Yes,No Apparent Injury,N/A,INATTENTIVE OR LOST IN THOUGHT,MD,PASSENGER CAR,MAKING LEFT TURN,40,No,2008,HONDA,ACCORD,39.09551532,-77.04450905,2023,3,8
230013822,Property Damage Crash,03/22/2023 08:40:00 AM,EXECUTIVE BLVD,NA,SAME DIRECTION SIDESWIPE,Clear,DRY,Daylight,TRAFFIC SIGNAL,NONE DETECTED,No,No Apparent Injury,N/A,NOT DISTRACTED,MD,PASSENGER CAR,MOVING CONSTANT SPEED,30,No,2021,THMS,BUS,39.04881833,-77.11963333,2023,3,8
230013822,Property Damage Crash,03/22/2023 08:40:00 AM,EXECUTIVE BLVD,NA,SAME DIRECTION SIDESWIPE,Clear,DRY,Daylight,TRAFFIC SIGNAL,NONE DETECTED,Yes,No Apparent Injury,N/A,UNKNOWN,NA,UNKNOWN,MOVING CONSTANT SPEED,30,No,0,UNKNOWN,UNKNOWN,39.04881833,-77.11963333,2023,3,8
230013816,Property Damage Crash,03/22/2023 08:06:00 AM,N SUMMIT AVE,NA,SAME DIRECTION SIDESWIPE,Cloudy,DRY,Daylight,NO CONTROLS,NONE DETECTED,No,No Apparent Injury,N/A,NOT DISTRACTED,NY,TRUCK TRACTOR,STOPPED IN TRAFFIC LANE,25,No,2010,VOLVO,TK,39.143751,-77.19304633,2023,3,8
230013816,Property Damage Crash,03/22/2023 08:06:00 AM,N SUMMIT AVE,NA,SAME DIRECTION SIDESWIPE,Cloudy,DRY,Daylight,NO CONTROLS,NONE DETECTED,Yes,No Apparent Injury,N/A,NOT DISTRACTED,MD,SCHOOL BUS,MOVING CONSTANT SPEED,25,No,2016,THOM,BUS,39.143751,-77.19304633,2023,3,8
230013817,Property Damage Crash,03/22/2023 08:00:00 AM,DARNESTOWN RD,NA,SAME DIR REAR END,Cloudy,DRY,Daylight,TRAFFIC SIGNAL,NONE DETECTED,No,No Apparent Injury,N/A,NOT DISTRACTED,VA,(SPORT) UTILITY VEHICLE,SLOWING OR STOPPING,40,No,2015,CHEVY,TRAVERSE,39.10262984,-77.22062276,2023,3,8
230013817,Property Damage Crash,03/22/2023 08:00:00 AM,DARNESTOWN RD,NA,SAME DIR REAR END,Cloudy,DRY,Daylight,TRAFFIC SIGNAL,NONE DETECTED,Yes,No Apparent Injury,N/A,LOOKED BUT DID NOT SEE,CA,PASSENGER CAR,MOVING CONSTANT SPEED,40,No,2023,JEEP,WRANGLER,39.10262984,-77.22062276,2023,3,8
230013807,Injury Crash,03/22/2023 05:28:00 AM,SHADY GROVE RD,NA,ANGLE MEETS RIGHT TURN,Clear,DRY,Medium,FLASHING TRAFFIC SIGNAL,NONE DETECTED,No,No Apparent Injury,N/A,NOT DISTRACTED,MD,PASSENGER CAR,MOVING CONSTANT SPEED,45,No,2010,DODGE,JOURNEY,39.1403465,-77.15198683,2023,3,5
230013807,Injury Crash,03/22/2023 05:28:00 AM,SHADY GROVE RD,NA,ANGLE MEETS RIGHT TURN,Clear,DRY,Medium,FLASHING TRAFFIC SIGNAL,NONE DETECTED,Yes,Possible Minor Injury,N/A,UNKNOWN,MD,PICKUP TRUCK,MAKING RIGHT TURN,45,No,2011,FORD,TK,39.1403465,-77.15198683,2023,3,5
230013804,Property Damage Crash,03/22/2023 03:10:00 AM,WISTERIA DR,NA,SINGLE VEHICLE,Clear,DRY,Medium,NO CONTROLS,NONE DETECTED,Yes,No Apparent Injury,N/A,UNKNOWN,MD,(SPORT) UTILITY VEHICLE,MOVING CONSTANT SPEED,30,No,2019,CHEVROLET,TRAX,39.164629,-77.25903783,2023,3,3
230013799,Fatal Crash,03/22/2023 12:27:00 AM,TURKEY FOOT RD,NA,SINGLE VEHICLE,Clear,DRY,Dark,NO CONTROLS,ALCOHOL PRESENT,Yes,Fatal Injury,N/A,UNKNOWN,MD,PASSENGER CAR,UNKNOWN,30,No,2017,TOYOTA,4 RUNNER,39.09198998,-77.27079551,2023,3,0
230013787,Injury Crash,03/21/2023 09:51:00 PM,SHADY GROVE RD,BICYCLIST,SAME DIR REAR END,Clear,DRY,Medium,NO CONTROLS,NONE DETECTED,Yes,No Apparent Injury,N/A,UNKNOWN,NA,NA,UNKNOWN,35,No,0,UNKNOWN,UNKNOWN,39.13441178,-77.15753169,2023,3,21
230013777,Property Damage Crash,03/21/2023 08:16:00 PM,NA,NA,STRAIGHT MOVEMENT ANGLE,Clear,NA,Medium,NO CONTROLS,ALCOHOL PRESENT,Yes,No Apparent Injury,N/A,OTHER DISTRACTION,XX,PASSENGER CAR,ACCELERATING,10,No,2003,DODGE,RAM,39.052585,-77.05038333,2023,3,20
230013777,Property Damage Crash,03/21/2023 08:16:00 PM,NA,NA,STRAIGHT MOVEMENT ANGLE,Clear,NA,Medium,NO CONTROLS,NONE DETECTED,No,No Apparent Injury,N/A,NOT DISTRACTED,MD,PASSENGER CAR,BACKING,10,No,2011,NISSAN,TK,39.052585,-77.05038333,2023,3,20
230013769,Property Damage Crash,03/21/2023 07:14:00 PM,KEY WEST AVE,NA,STRAIGHT MOVEMENT ANGLE,Clear,DRY,Daylight,TRAFFIC SIGNAL,NONE DETECTED,No,No Apparent Injury,N/A,NOT DISTRACTED,MD,PASSENGER CAR,ACCELERATING,35,No,2012,VW,4S,39.10540267,-77.1967845,2023,3,19
230013769,Property Damage Crash,03/21/2023 07:14:00 PM,KEY WEST AVE,NA,STRAIGHT MOVEMENT ANGLE,Clear,DRY,Daylight,TRAFFIC SIGNAL,NONE DETECTED,Yes,No Apparent Injury,N/A,INATTENTIVE OR LOST IN THOUGHT,MD,PASSENGER CAR,MOVING CONSTANT SPEED,40,No,2013,HONDA,CIVIC,39.10540267,-77.1967845,2023,3,19
230013545,Injury Crash,03/21/2023 05:34:00 PM,LAYHILL RD,NA,SAME DIR REAR END,Clear,DRY,Daylight,TRAFFIC SIGNAL,NONE DETECTED,Yes,No Apparent Injury,N/A,BY MOVING OBJECT IN VEHICLE,DC,PASSENGER CAR,MOVING CONSTANT SPEED,40,No,1998,HONDA,4D,39.08856059,-77.04462264,2023,3,17
230013545,Injury Crash,03/21/2023 05:34:00 PM,LAYHILL RD,NA,SAME DIR REAR END,Clear,DRY,Daylight,TRAFFIC SIGNAL,NONE DETECTED,No,Possible Minor Injury,N/A,NOT DISTRACTED,MD,PASSENGER CAR,STOPPED IN TRAFFIC LANE,40,No,2021,TOYOTA,VENZA,39.08856059,-77.04462264,2023,3,17
230013750,Property Damage Crash,03/21/2023 05:33:00 PM,CENTERWAY RD,NA,STRAIGHT MOVEMENT ANGLE,Cloudy,DRY,Daylight,NO CONTROLS,NONE DETECTED,Yes,No Apparent Injury,N/A,UNKNOWN,MD,(SPORT) UTILITY VEHICLE,MOVING CONSTANT SPEED,25,No,2007,ACURA,SUV,39.17213733,-77.20500783,2023,3,17
230013750,Property Damage Crash,03/21/2023 05:33:00 PM,CENTERWAY RD,NA,STRAIGHT MOVEMENT ANGLE,Cloudy,DRY,Daylight,NO CONTROLS,NONE DETECTED,No,No Apparent Injury,N/A,NOT DISTRACTED,MD,(SPORT) UTILITY VEHICLE,MOVING CONSTANT SPEED,25,No,2022,CHEVY,EQUINOX,39.17213733,-77.20500783,2023,3,17
230013749,Injury Crash,03/21/2023 05:15:00 PM,NORBECK RD,NA,SAME DIR REAR END,Cloudy,DRY,Daylight,TRAFFIC SIGNAL,NONE DETECTED,No,Possible Minor Injury,N/A,NOT DISTRACTED,MD,(SPORT) UTILITY VEHICLE,SLOWING OR STOPPING,50,No,2014,SUBA,FORESTER,39.09512006,-77.1126168,2023,3,17
230013749,Injury Crash,03/21/2023 05:15:00 PM,NORBECK RD,NA,SAME DIR REAR END,Cloudy,DRY,Daylight,TRAFFIC SIGNAL,NONE DETECTED,Yes,No Apparent Injury,N/A,NOT DISTRACTED,MD,PASSENGER CAR,SLOWING OR STOPPING,50,No,2016,NISS,MAXIMA,39.09512006,-77.1126168,2023,3,17
230013744,Injury Crash,03/21/2023 05:02:00 PM,MONTICELLO AVE,PEDESTRIAN,OTHER,Clear,DRY,Daylight,N/A,NONE DETECTED,No,No Apparent Injury,N/A,NOT DISTRACTED,MD,PASSENGER CAR,MOVING CONSTANT SPEED,25,No,2012,TOYT,CAMRY,39.039985,-77.02712667,2023,3,17
230013727,Injury Crash,03/21/2023 04:03:00 PM,KEYSTONE AVE,PEDESTRIAN,OTHER,Clear,DRY,Daylight,NO CONTROLS,NONE DETECTED,No,No Apparent Injury,N/A,LOOKED BUT DID NOT SEE,DC,PASSENGER CAR,ACCELERATING,25,No,2012,ACURA,TSX,38.99212326,-77.10298094,2023,3,16
230013751,Property Damage Crash,03/21/2023 04:00:00 PM,LINDEN LA,NA,HEAD ON,Clear,DRY,Daylight,NO CONTROLS,NONE DETECTED,No,No Apparent Injury,N/A,NOT DISTRACTED,MD,PASSENGER CAR,MOVING CONSTANT SPEED,25,No,1996,FORD,RANGER,39.009987,-77.05505417,2023,3,16
230013724,Property Damage Crash,03/21/2023 04:00:00 PM,RIVER RD,NA,SAME DIR REAR END,Clear,DRY,Daylight,NO CONTROLS,NONE DETECTED,Yes,No Apparent Injury,N/A,NOT DISTRACTED,MD,PASSENGER CAR,MOVING CONSTANT SPEED,35,No,2003,TOYT,COROLLA,38.991985,-77.097795,2023,3,16
230013751,Property Damage Crash,03/21/2023 04:00:00 PM,LINDEN LA,NA,HEAD ON,Clear,DRY,Daylight,NO CONTROLS,NONE DETECTED,Yes,No Apparent Injury,N/A,UNKNOWN,MD,PASSENGER CAR,MOVING CONSTANT SPEED,25,No,2016,MAZD,4S,39.009987,-77.05505417,2023,3,16
230013724,Property Damage Crash,03/21/2023 04:00:00 PM,RIVER RD,NA,SAME DIR REAR END,Clear,DRY,Daylight,NO CONTROLS,NONE DETECTED,No,No Apparent Injury,N/A,NOT DISTRACTED,MD,PICKUP TRUCK,STOPPED IN TRAFFIC LANE,35,No,2010,FORD,F150,38.991985,-77.097795,2023,3,16
230013723,Property Damage Crash,03/21/2023 03:44:00 PM,NA,NA,OPPOSITE DIRECTION SIDESWIPE,Clear,NA,Daylight,NO CONTROLS,NONE DETECTED,No,No Apparent Injury,N/A,NOT DISTRACTED,MD,(SPORT) UTILITY VEHICLE,SLOWING OR STOPPING,25,No,2015,LEXUS,GX460,39.08092933,-76.943704,2023,3,15
230013723,Property Damage Crash,03/21/2023 03:44:00 PM,NA,NA,OPPOSITE DIRECTION SIDESWIPE,Clear,NA,Daylight,NO CONTROLS,NONE DETECTED,Yes,No Apparent Injury,N/A,UNKNOWN,MD,SCHOOL BUS,MAKING LEFT TURN,25,No,2017,THOMAS,CONVENTIONAL,39.08092933,-76.943704,2023,3,15
230013717,Injury Crash,03/21/2023 03:09:00 PM,PICCARD DR,NA,STRAIGHT MOVEMENT ANGLE,Cloudy,DRY,Daylight,STOP SIGN,NONE DETECTED,Yes,No Apparent Injury,N/A,NOT DISTRACTED,MD,PASSENGER CAR,MAKING LEFT TURN,30,No,2020,BMW,430XI,39.11133717,-77.18257883,2023,3,15
230013717,Injury Crash,03/21/2023 03:09:00 PM,PICCARD DR,NA,STRAIGHT MOVEMENT ANGLE,Cloudy,DRY,Daylight,STOP SIGN,NONE DETECTED,No,Possible Minor Injury,N/A,NOT DISTRACTED,MD,PASSENGER CAR,SLOWING OR STOPPING,30,No,2012,TOYOTA,CAMRY,39.11133717,-77.18257883,2023,3,15
230013713,Property Damage Crash,03/21/2023 02:45:00 PM,UNIVERSITY BLVD E,NA,SAME DIR REAR END,Clear,DRY,Daylight,TRAFFIC SIGNAL,NONE DETECTED,Yes,No Apparent Injury,N/A,LOOKED BUT DID NOT SEE,MD,PASSENGER CAR,SLOWING OR STOPPING,35,No,2012,TOYT,CAMRY,39.01215753,-77.00266355,2023,3,14
230013713,Property Damage Crash,03/21/2023 02:45:00 PM,UNIVERSITY BLVD E,NA,SAME DIR REAR END,Clear,DRY,Daylight,TRAFFIC SIGNAL,NONE DETECTED,No,No Apparent Injury,N/A,NOT DISTRACTED,MD,PASSENGER CAR,SLOWING OR STOPPING,35,No,2020,FORD,T350,39.01215753,-77.00266355,2023,3,14
230013713,Property Damage Crash,03/21/2023 02:45:00 PM,UNIVERSITY BLVD E,NA,SAME DIR REAR END,Clear,DRY,Daylight,TRAFFIC SIGNAL,NONE DETECTED,No,No Apparent Injury,N/A,NOT DISTRACTED,MD,PASSENGER CAR,SLOWING OR STOPPING,35,No,2013,NISS,ROGUE,39.01215753,-77.00266355,2023,3,14
230013700,Injury Crash,03/21/2023 01:50:00 PM,EISENHOWER MEMORIAL HWY,NA,SINGLE VEHICLE,Clear,DRY,Daylight,N/A,NONE DETECTED,Yes,Possible Minor Injury,N/A,NOT DISTRACTED,MD,PASSENGER CAR,ACCELERATING,55,No,2001,GMC,YUKON,39.1313215,-77.206243,2023,3,13
230013693,Property Damage Crash,03/21/2023 12:46:00 PM,BRADLEY BLVD,NA,SAME DIRECTION RIGHT TURN,Clear,DRY,Daylight,NO CONTROLS,NONE DETECTED,Yes,No Apparent Injury,N/A,NOT DISTRACTED,MD,PASSENGER CAR,PASSING,35,No,2005,CHEV.,SILVERADO,39.00003,-77.18507,2023,3,12
230013693,Property Damage Crash,03/21/2023 12:46:00 PM,BRADLEY BLVD,NA,SAME DIRECTION RIGHT TURN,Clear,DRY,Daylight,NO CONTROLS,NONE DETECTED,No,No Apparent Injury,N/A,NOT DISTRACTED,MD,PASSENGER CAR,STOPPED IN TRAFFIC LANE,35,No,2019,BMW,X7,39.00003,-77.18507,2023,3,12
230012979,Property Damage Crash,03/21/2023 12:31:00 PM,BATTERY LA,NA,OTHER,Clear,DRY,Daylight,NO CONTROLS,NONE DETECTED,Yes,No Apparent Injury,N/A,UNKNOWN,MD,PASSENGER CAR,PASSING,30,No,2005,TOYOTA,CAMRY,38.9927076,-77.0970763,2023,3,12
230012979,Property Damage Crash,03/21/2023 12:31:00 PM,BATTERY LA,NA,OTHER,Clear,DRY,Daylight,NO CONTROLS,NONE DETECTED,No,No Apparent Injury,N/A,NOT DISTRACTED,VA,AMBULANCE/EMERGENCY,PARKED,30,No,2009,CHEVROLET,G3,38.9927076,-77.0970763,2023,3,12
230013670,Injury Crash,03/21/2023 11:14:00 AM,MUNCASTER MILL RD,NA,SAME DIR REAR END,Clear,DRY,Daylight,PERSON,NONE DETECTED,No,Possible Minor Injury,N/A,NOT DISTRACTED,MD,(SPORT) UTILITY VEHICLE,STOPPED IN TRAFFIC LANE,35,No,2013,INFINITI,FX37,39.13261,-77.121265,2023,3,11
230013670,Injury Crash,03/21/2023 11:14:00 AM,MUNCASTER MILL RD,NA,SAME DIR REAR END,Clear,DRY,Daylight,PERSON,NONE DETECTED,Yes,No Apparent Injury,N/A,UNKNOWN,NA,(SPORT) UTILITY VEHICLE,MOVING CONSTANT SPEED,35,No,2005,CADILLAC,ESCALADE,39.13261,-77.121265,2023,3,11
230013670,Injury Crash,03/21/2023 11:14:00 AM,MUNCASTER MILL RD,NA,SAME DIR REAR END,Clear,DRY,Daylight,PERSON,NONE DETECTED,No,No Apparent Injury,N/A,NOT DISTRACTED,MD,(SPORT) UTILITY VEHICLE,STOPPED IN TRAFFIC LANE,35,No,2022,TOYT,UT,39.13261,-77.121265,2023,3,11
230013653,Property Damage Crash,03/21/2023 10:25:00 AM,EISENHOWER MEMORIAL HWY,NA,SAME DIR REAR END,Clear,DRY,Daylight,N/A,NONE DETECTED,No,No Apparent Injury,"BACKUP DUE TO REGULAR CONGESTION, N/A",NOT DISTRACTED,MD,PASSENGER CAR,SLOWING OR STOPPING,65,No,2014,CHEVROLET,CRUZE,39.26406333,-77.31178333,2023,3,10
230013653,Property Damage Crash,03/21/2023 10:25:00 AM,EISENHOWER MEMORIAL HWY,NA,SAME DIR REAR END,Clear,DRY,Daylight,N/A,NONE DETECTED,Yes,No Apparent Injury,"BACKUP DUE TO REGULAR CONGESTION, N/A",OTHER CELLULAR PHONE RELATED,MD,PASSENGER CAR,MOVING CONSTANT SPEED,65,No,2013,FORD,FUSION,39.26406333,-77.31178333,2023,3,10
230013654,Property Damage Crash,03/21/2023 10:10:00 AM,GREAT SENECA HWY,NA,SAME DIRECTION SIDESWIPE,Clear,DRY,Daylight,NO CONTROLS,NONE DETECTED,No,No Apparent Injury,N/A,NOT DISTRACTED,MD,TRANSIT BUS,SLOWING OR STOPPING,50,No,2014,GILLIG,BUS,39.130873,-77.24057367,2023,3,10
230013654,Property Damage Crash,03/21/2023 10:10:00 AM,GREAT SENECA HWY,NA,SAME DIRECTION SIDESWIPE,Clear,DRY,Daylight,NO CONTROLS,NONE DETECTED,Yes,No Apparent Injury,N/A,UNKNOWN,MD,PASSENGER CAR,PASSING,50,No,2017,HONDA,CIVIC,39.130873,-77.24057367,2023,3,10
230013421,Injury Crash,03/21/2023 09:39:00 AM,UNIVERSITY BLVD W,NA,STRAIGHT MOVEMENT ANGLE,Clear,DRY,Daylight,TRAFFIC SIGNAL,NONE DETECTED,No,Suspected Serious Injury,N/A,NOT DISTRACTED,MD,POLICE VEHICLE/EMERGENCY,MAKING LEFT TURN,25,No,2018,FORD,TARUS,39.04135219,-77.04824282,2023,3,9
230013421,Injury Crash,03/21/2023 09:39:00 AM,UNIVERSITY BLVD W,NA,STRAIGHT MOVEMENT ANGLE,Clear,DRY,Daylight,TRAFFIC SIGNAL,NONE DETECTED,Yes,Possible Minor Injury,N/A,LOOKED BUT DID NOT SEE,MD,(SPORT) UTILITY VEHICLE,MOVING CONSTANT SPEED,30,No,2011,FORD,EXPEDITION,39.04135219,-77.04824282,2023,3,9
230013636,Property Damage Crash,03/21/2023 09:30:00 AM,EAST VILLAGE AVE,NA,SAME DIRECTION SIDESWIPE,Clear,DRY,Daylight,N/A,NONE DETECTED,No,No Apparent Injury,"N/A, VISION OBSTRUCTION (INCL. BLINDED BY SUN)",NOT DISTRACTED,MD,PICKUP TRUCK,MOVING CONSTANT SPEED,35,No,2015,TOYOTA,TUNDRA,39.18928333,-77.18418833,2023,3,9
230013642,Injury Crash,03/21/2023 09:30:00 AM,SHADY GROVE RD,NA,HEAD ON LEFT TURN,Clear,DRY,Daylight,TRAFFIC SIGNAL,NONE DETECTED,No,No Apparent Injury,N/A,NOT DISTRACTED,MD,VAN,STOPPED IN TRAFFIC LANE,25,No,2015,CHEVY,VAN,39.10741375,-77.18937456,2023,3,9
230013636,Property Damage Crash,03/21/2023 09:30:00 AM,EAST VILLAGE AVE,NA,SAME DIRECTION SIDESWIPE,Clear,DRY,Daylight,N/A,NONE DETECTED,Yes,No Apparent Injury,"N/A, VISION OBSTRUCTION (INCL. BLINDED BY SUN)",NOT DISTRACTED,MD,PASSENGER CAR,MOVING CONSTANT SPEED,35,No,2022,TOYOTA,HIGHLANDER,39.18928333,-77.18418833,2023,3,9
230013642,Injury Crash,03/21/2023 09:30:00 AM,SHADY GROVE RD,NA,HEAD ON LEFT TURN,Clear,DRY,Daylight,TRAFFIC SIGNAL,NONE DETECTED,Yes,Possible Minor Injury,N/A,LOOKED BUT DID NOT SEE,MD,PASSENGER CAR,MAKING LEFT TURN,30,No,2016,LINCOLN,4D,39.10741375,-77.18937456,2023,3,9
230013642,Injury Crash,03/21/2023 09:30:00 AM,SHADY GROVE RD,NA,HEAD ON LEFT TURN,Clear,DRY,Daylight,TRAFFIC SIGNAL,NONE DETECTED,No,Possible Minor Injury,N/A,NOT DISTRACTED,MD,PASSENGER CAR,MOVING CONSTANT SPEED,30,No,2015,CADI,4D,39.10741375,-77.18937456,2023,3,9
230013648,Property Damage Crash,03/21/2023 09:27:00 AM,CAPITAL BELTWAY,NA,SAME DIR REAR END,Clear,DRY,Daylight,N/A,NONE DETECTED,Yes,No Apparent Injury,N/A,NOT DISTRACTED,DC,PASSENGER CAR,MOVING CONSTANT SPEED,55,No,2020,KIA,SPORTAGE,39.01339345,-77.04646995,2023,3,9
230013648,Property Damage Crash,03/21/2023 09:27:00 AM,CAPITAL BELTWAY,NA,SAME DIR REAR END,Clear,DRY,Daylight,N/A,NONE DETECTED,No,No Apparent Injury,N/A,NOT DISTRACTED,MD,PICKUP TRUCK,STOPPED IN TRAFFIC LANE,55,No,2020,FORD,F350,39.01339345,-77.04646995,2023,3,9
230013632,Injury Crash,03/21/2023 08:55:00 AM,MIDDLEBROOK RD,NA,STRAIGHT MOVEMENT ANGLE,Clear,DRY,Daylight,TRAFFIC SIGNAL,NONE DETECTED,Yes,No Apparent Injury,N/A,NOT DISTRACTED,MD,PASSENGER CAR,MOVING CONSTANT SPEED,40,No,2013,LEXUS,GS350,39.178529,-77.241875,2023,3,8
230013632,Injury Crash,03/21/2023 08:55:00 AM,MIDDLEBROOK RD,NA,STRAIGHT MOVEMENT ANGLE,Clear,DRY,Daylight,TRAFFIC SIGNAL,NONE DETECTED,No,Possible Minor Injury,N/A,NOT DISTRACTED,MD,PASSENGER CAR,MAKING LEFT TURN,40,No,2012,VOLVO,S60,39.178529,-77.241875,2023,3,8
230013778,Property Damage Crash,03/21/2023 08:24:00 AM,WARING STATION RD,NA,SINGLE VEHICLE,Clear,DRY,Medium,NO CONTROLS,NONE DETECTED,Yes,No Apparent Injury,N/A,OTHER DISTRACTION,MD,PASSENGER CAR,MOVING CONSTANT SPEED,35,No,2014,KIA,OPTIMA,39.166495,-77.24611167,2023,3,8
230013629,Injury Crash,03/21/2023 07:57:00 AM,ROCKVILLE PIKE,NA,SAME DIR REAR END,Clear,DRY,Daylight,TRAFFIC SIGNAL,NONE DETECTED,No,No Apparent Injury,N/A,NOT DISTRACTED,MD,(SPORT) UTILITY VEHICLE,STOPPED IN TRAFFIC LANE,15,No,2019,CHEVY,SUBURBAN,39.03487776,-77.10724477,2023,3,7
230013629,Injury Crash,03/21/2023 07:57:00 AM,ROCKVILLE PIKE,NA,SAME DIR REAR END,Clear,DRY,Daylight,TRAFFIC SIGNAL,NONE DETECTED,Yes,No Apparent Injury,N/A,NOT DISTRACTED,MD,VAN,MOVING CONSTANT SPEED,35,No,2019,FORD,EXPRESS,39.03487776,-77.10724477,2023,3,7
230013629,Injury Crash,03/21/2023 07:57:00 AM,ROCKVILLE PIKE,NA,SAME DIR REAR END,Clear,DRY,Daylight,TRAFFIC SIGNAL,NONE DETECTED,No,Possible Minor Injury,N/A,NOT DISTRACTED,MD,VAN,SLOWING OR STOPPING,35,No,2017,CHEVY,EXPRESS,39.03487776,-77.10724477,2023,3,7
230013629,Injury Crash,03/21/2023 07:57:00 AM,ROCKVILLE PIKE,NA,SAME DIR REAR END,Clear,DRY,Daylight,TRAFFIC SIGNAL,NONE DETECTED,No,Possible Minor Injury,N/A,NOT DISTRACTED,MD,VAN,SLOWING OR STOPPING,35,No,2014,CHEVY,EXPRESS,39.03487776,-77.10724477,2023,3,7
230013628,Property Damage Crash,03/21/2023 07:37:00 AM,VEIRS MILL RD,NA,SINGLE VEHICLE,Clear,DRY,Daylight,N/A,NONE DETECTED,Yes,No Apparent Injury,N/A,UNKNOWN,MD,PASSENGER CAR,MOVING CONSTANT SPEED,40,No,2015,TOYOTA,COROLLA,39.07160333,-77.10896,2023,3,7
230013623,Injury Crash,03/21/2023 06:56:00 AM,ROTHBURY DR,PEDESTRIAN,SINGLE VEHICLE,Clear,DRY,Medium,STOP SIGN,NONE DETECTED,Yes,No Apparent Injury,N/A,LOOKED BUT DID NOT SEE,MD,PASSENGER CAR,STARTING FROM LANE,25,No,2011,NISS,4S,39.18499833,-77.193835000000007,2023,3,6
230013619,Injury Crash,03/21/2023 06:00:00 AM,COLUMBIA PIKE,NA,HEAD ON LEFT TURN,Clear,N/A,Medium,TRAFFIC SIGNAL,NONE DETECTED,No,Possible Minor Injury,N/A,NOT DISTRACTED,MD,PASSENGER CAR,MAKING LEFT TURN,40,No,2010,TOYOTA,VENZA,39.05880512,-76.96935231,2023,3,6
230013619,Injury Crash,03/21/2023 06:00:00 AM,COLUMBIA PIKE,NA,HEAD ON LEFT TURN,Clear,N/A,Medium,TRAFFIC SIGNAL,NONE DETECTED,Yes,No Apparent Injury,N/A,UNKNOWN,NA,NA,MOVING CONSTANT SPEED,40,No,0,UNKNOWN,UNKNOWN,39.05880512,-76.96935231,2023,3,6
230013604,Injury Crash,03/20/2023 11:05:00 PM,NORBECK RD,NA,STRAIGHT MOVEMENT ANGLE,Clear,DRY,Medium,TRAFFIC SIGNAL,NONE DETECTED,Yes,No Apparent Injury,N/A,NOT DISTRACTED,MD,PASSENGER CAR,MAKING LEFT TURN,35,No,2007,HOND,SD,39.0991885,-77.0998715,2023,3,23
230013604,Injury Crash,03/20/2023 11:05:00 PM,NORBECK RD,NA,STRAIGHT MOVEMENT ANGLE,Clear,DRY,Medium,TRAFFIC SIGNAL,NONE DETECTED,No,Possible Minor Injury,N/A,UNKNOWN,MD,PASSENGER CAR,MAKING LEFT TURN,35,No,2017,SUBARU,UT,39.0991885,-77.0998715,2023,3,23
230013586,Property Damage Crash,03/20/2023 08:36:00 PM,RIDGE RD,NA,HEAD ON LEFT TURN,Clear,DRY,Medium,NO CONTROLS,NONE DETECTED,Yes,No Apparent Injury,N/A,UNKNOWN,MD,PASSENGER CAR,MAKING LEFT TURN,30,No,2003,AUDI,SEDAN,39.27787817,-77.21269783,2023,3,20
230013586,Property Damage Crash,03/20/2023 08:36:00 PM,RIDGE RD,NA,HEAD ON LEFT TURN,Clear,DRY,Medium,NO CONTROLS,NONE DETECTED,No,No Apparent Injury,N/A,NOT DISTRACTED,MD,PASSENGER CAR,MOVING CONSTANT SPEED,30,No,2019,VOLKSWAGON,SEDAN,39.27787817,-77.21269783,2023,3,20
230013582,Property Damage Crash,03/20/2023 08:25:00 PM,NA,NA,SINGLE VEHICLE,Clear,NA,Medium,NO CONTROLS,NONE DETECTED,Yes,No Apparent Injury,N/A,NOT DISTRACTED,MD,PASSENGER CAR,ACCELERATING,15,No,2013,SCION,4D,39.0562815,-77.0835285,2023,3,20
230013578,Injury Crash,03/20/2023 08:04:00 PM,LAMBERTON DR,OTHER CONVEYANCE,OTHER,Clear,DRY,Medium,N/A,NONE DETECTED,No,No Apparent Injury,N/A,LOOKED BUT DID NOT SEE,MD,PASSENGER CAR,MAKING RIGHT TURN,25,No,2021,TOYOTA,HIGHLANDER,39.04451936,-77.02255646,2023,3,20
230013576,Property Damage Crash,03/20/2023 07:50:00 PM,RANDOLPH RD,NA,STRAIGHT MOVEMENT ANGLE,Clear,DRY,Medium,TRAFFIC SIGNAL,NONE DETECTED,Unknown,No Apparent Injury,N/A,NOT DISTRACTED,MD,PASSENGER CAR,MOVING CONSTANT SPEED,35,No,2003,TOYOTA,4RUNNER,39.05902733,-77.06913017,2023,3,19