Local Case Number,ACRS Report Type,Crash Date/Time,Road Name,Related Non-Motorist,Collision Type,Weather,Surface Condition,Light,Traffic Control,Driver Substance Abuse,Driver At Fault,Injury Severity,Circumstance,Driver Distracted By,Drivers License State,Vehicle Body Type,Vehicle Movement,Speed Limit,Driverless Vehicle,Vehicle Year,Vehicle Make,Vehicle Model,Latitude,Longitude,Year,Month,Hour
230013576,Property Damage Crash,03/20/2023 07:50:00 PM,RANDOLPH RD,NA,STRAIGHT MOVEMENT ANGLE,Clear,DRY,Medium,TRAFFIC SIGNAL,NONE DETECTED,Unknown,No Apparent Injury,N/A,NOT DISTRACTED,MD,PASSENGER CAR,MOVING CONSTANT SPEED,35,No,2017,CHEVY,SILVERADO,39.05902733,-77.06913017,2023,3,19
230013567,Property Damage Crash,03/20/2023 07:00:00 PM,NA,NA,SAME DIRECTION SIDESWIPE,Clear,NA,Daylight,NO CONTROLS,NONE DETECTED,Yes,No Apparent Injury,N/A,NOT DISTRACTED,MD,PICKUP TRUCK,PARKING,5,No,2007,TOYOTA,TUNDRA,39.06133817,-76.95882067,2023,3,19
230013557,Injury Crash,03/20/2023 06:15:00 PM,BEL PRE RD,NA,HEAD ON LEFT TURN,Clear,DRY,Daylight,NO CONTROLS,NONE DETECTED,Yes,Possible Minor Injury,N/A,UNKNOWN,MD,PASSENGER CAR,MAKING LEFT TURN,35,No,2009,HONDA,FIT,39.09031083,-77.053397,2023,3,18
230013557,Injury Crash,03/20/2023 06:15:00 PM,BEL PRE RD,NA,HEAD ON LEFT TURN,Clear,DRY,Daylight,NO CONTROLS,NONE DETECTED,No,No Apparent Injury,N/A,NOT DISTRACTED,MD,PASSENGER CAR,MOVING CONSTANT SPEED,35,No,2023,HYUNDAI,TUCSON,39.09031083,-77.053397,2023,3,18
230013555,Property Damage Crash,03/20/2023 05:43:00 PM,EAST WEST HWY,NA,HEAD ON LEFT TURN,Clear,DRY,Daylight,TRAFFIC SIGNAL,NONE DETECTED,No,No Apparent Injury,N/A,NOT DISTRACTED,MD,PASSENGER CAR,MOVING CONSTANT SPEED,35,No,2004,HYUNDAI,SD,38.99395433,-77.0522545,2023,3,17
230013555,Property Damage Crash,03/20/2023 05:43:00 PM,EAST WEST HWY,NA,HEAD ON LEFT TURN,Clear,DRY,Daylight,TRAFFIC SIGNAL,NONE DETECTED,Yes,No Apparent Injury,N/A,NOT DISTRACTED,MD,PASSENGER CAR,ACCELERATING,35,No,2023,HYUNDAI,SONATA,38.99395433,-77.0522545,2023,3,17
230013547,Property Damage Crash,03/20/2023 05:35:00 PM,LAYHILL RD,NA,OTHER,Clear,DRY,Daylight,TRAFFIC SIGNAL,NONE DETECTED,Unknown,No Apparent Injury,N/A,UNKNOWN,VA,PASSENGER CAR,MAKING LEFT TURN,40,No,2013,TOYOTA,PRIUS,39.09023517,-77.044895,2023,3,17
230013547,Property Damage Crash,03/20/2023 05:35:00 PM,LAYHILL RD,NA,OTHER,Clear,DRY,Daylight,TRAFFIC SIGNAL,NONE DETECTED,Unknown,No Apparent Injury,N/A,UNKNOWN,MD,PASSENGER CAR,MAKING RIGHT TURN,40,No,2019,BMW,440I,39.09023517,-77.044895,2023,3,17
230013540,Injury Crash,03/20/2023 04:56:00 PM,NICHOLSON LA,PEDESTRIAN,STRAIGHT MOVEMENT ANGLE,Clear,DRY,Daylight,TRAFFIC SIGNAL,NONE DETECTED,Yes,No Apparent Injury,N/A,LOOKED BUT DID NOT SEE,MD,PASSENGER CAR,MAKING LEFT TURN,35,No,2004,MERZ,TK,39.04462667,-77.11313167,2023,3,16
230013543,Property Damage Crash,03/20/2023 04:30:00 PM,SILKCOTTON WAY,NA,SAME DIRECTION LEFT TURN,Clear,DRY,Daylight,NO CONTROLS,NONE DETECTED,Yes,No Apparent Injury,N/A,DISTRACTED BY OUTSIDE PERSON OBJECT OR EVENT,MD,(SPORT) UTILITY VEHICLE,STARTING FROM PARKED,25,No,2021,TOYT,UT,39.1481202,-77.1628327,2023,3,16
230013543,Property Damage Crash,03/20/2023 04:30:00 PM,SILKCOTTON WAY,NA,SAME DIRECTION LEFT TURN,Clear,DRY,Daylight,NO CONTROLS,NONE DETECTED,Yes,No Apparent Injury,N/A,DISTRACTED BY OUTSIDE PERSON OBJECT OR EVENT,MD,OTHER,STARTING FROM PARKED,25,No,2004,FORD,MAIL TRUCK,39.1481202,-77.1628327,2023,3,16
230013534,Property Damage Crash,03/20/2023 04:14:00 PM,NA,NA,OTHER,Clear,NA,Daylight,NO CONTROLS,NONE DETECTED,Yes,No Apparent Injury,N/A,NOT DISTRACTED,MD,PASSENGER CAR,ACCELERATING,10,No,2018,TOYOTA,RAV 4,39.13402072,-77.03193794,2023,3,16
230013533,Property Damage Crash,03/20/2023 03:49:00 PM,BERRYVILLE RD,NA,SINGLE VEHICLE,Clear,DRY,Daylight,NO CONTROLS,NONE DETECTED,Yes,No Apparent Injury,N/A,NOT DISTRACTED,MD,SCHOOL BUS,BACKING,25,No,2021,THMS,BUS,39.10586183,-77.32314267,2023,3,15
230013527,Property Damage Crash,03/20/2023 03:45:00 PM,NA,NA,SINGLE VEHICLE,Clear,NA,Daylight,NO CONTROLS,NONE DETECTED,Yes,No Apparent Injury,N/A,UNKNOWN,MD,PASSENGER CAR,BACKING,15,No,2012,PONTIAC,G6,39.0426025,-76.9850475,2023,3,15
230013526,Property Damage Crash,03/20/2023 03:35:00 PM,ELMER SCHOOL RD,NA,OTHER,Clear,DRY,Daylight,STOP SIGN,NONE DETECTED,No,No Apparent Injury,N/A,NOT DISTRACTED,MD,POLICE VEHICLE/NON EMERGENCY,STOPPED IN TRAFFIC LANE,35,No,2016,FORD,INTERCEPTOR,39.16476273,-77.47993877,2023,3,15
230013526,Property Damage Crash,03/20/2023 03:35:00 PM,ELMER SCHOOL RD,NA,OTHER,Clear,DRY,Daylight,STOP SIGN,NONE DETECTED,Yes,No Apparent Injury,N/A,UNKNOWN,MD,VAN,BACKING,35,No,2018,RAM,PROMASTER 2500,39.16476273,-77.47993877,2023,3,15
230013519,Property Damage Crash,03/20/2023 03:03:00 PM,RANDOLPH RD,NA,ANGLE MEETS RIGHT TURN,Clear,DRY,Daylight,TRAFFIC SIGNAL,NONE DETECTED,No,No Apparent Injury,N/A,NOT DISTRACTED,MD,PASSENGER CAR,MOVING CONSTANT SPEED,45,No,2020,HYUNDAI,IONIQ,39.05887775,-77.04898465,2023,3,15
230013519,Property Damage Crash,03/20/2023 03:03:00 PM,RANDOLPH RD,NA,ANGLE MEETS RIGHT TURN,Clear,DRY,Daylight,TRAFFIC SIGNAL,NONE DETECTED,Yes,No Apparent Injury,N/A,OTHER DISTRACTION,MD,PASSENGER CAR,MAKING RIGHT TURN,45,No,2022,TOYOTA,TACOMA,39.05887775,-77.04898465,2023,3,15
230013521,Injury Crash,03/20/2023 02:59:00 PM,HINES RD,NA,SAME DIR REAR END,Clear,DRY,Daylight,NO CONTROLS,NONE DETECTED,Yes,Possible Minor Injury,N/A,UNKNOWN,MD,(SPORT) UTILITY VEHICLE,MOVING CONSTANT SPEED,35,No,2018,GMC,TERRAIN,39.14126957,-77.08097284,2023,3,14
230013521,Injury Crash,03/20/2023 02:59:00 PM,HINES RD,NA,SAME DIR REAR END,Clear,DRY,Daylight,NO CONTROLS,NONE DETECTED,No,No Apparent Injury,N/A,NOT DISTRACTED,MD,PASSENGER CAR,STOPPED IN TRAFFIC LANE,35,No,2010,LEXUS,ES350,39.14126957,-77.08097284,2023,3,14
230013482,Injury Crash,03/20/2023 01:17:00 PM,COLESVILLE RD,NA,STRAIGHT MOVEMENT ANGLE,Clear,DRY,Daylight,TRAFFIC SIGNAL,NONE DETECTED,Unknown,Possible Minor Injury,N/A,NOT DISTRACTED,MD,PASSENGER CAR,MOVING CONSTANT SPEED,45,No,2022,VOLK,HB,39.0202953,-77.01274556,2023,3,13
230013482,Injury Crash,03/20/2023 01:17:00 PM,COLESVILLE RD,NA,STRAIGHT MOVEMENT ANGLE,Clear,DRY,Daylight,TRAFFIC SIGNAL,NONE DETECTED,Unknown,No Apparent Injury,N/A,OTHER DISTRACTION,MD,PASSENGER CAR,MOVING CONSTANT SPEED,45,No,2008,ACUR,TSX,39.0202953,-77.01274556,2023,3,13
230013479,Property Damage Crash,03/20/2023 12:42:00 PM,NA,NA,STRAIGHT MOVEMENT ANGLE,Clear,NA,Daylight,NO CONTROLS,NONE DETECTED,Yes,No Apparent Injury,N/A,LOOKED BUT DID NOT SEE,MD,PASSENGER CAR,BACKING,10,No,2022,TOYOTA,COROLLA,39.02475767,-77.12466083,2023,3,12
230013479,Property Damage Crash,03/20/2023 12:42:00 PM,NA,NA,STRAIGHT MOVEMENT ANGLE,Clear,NA,Daylight,NO CONTROLS,NONE DETECTED,No,No Apparent Injury,N/A,NOT DISTRACTED,MD,PASSENGER CAR,SLOWING OR STOPPING,10,No,2021,TOYOTA,CAMRY,39.02475767,-77.12466083,2023,3,12
230013499,Property Damage Crash,03/20/2023 12:00:00 PM,NA,NA,UNKNOWN,Clear,NA,Daylight,NO CONTROLS,NONE DETECTED,Yes,No Apparent Injury,N/A,UNKNOWN,NA,UNKNOWN,UNKNOWN,15,Unknown,0,UNKNOWN,UNKNOWN,39.11635538,-77.25151956,2023,3,12
230013463,Injury Crash,03/20/2023 11:48:00 AM,BEL PRE RD,NA,OTHER,Clear,DRY,Daylight,N/A,NONE DETECTED,No,No Apparent Injury,N/A,NOT DISTRACTED,MD,"MEDIUM/HEAVY TRUCKS 3 AXLES (OVER 10,000LBS (4,536KG))",MOVING CONSTANT SPEED,35,No,2018,HINO,STRAIGHT TK,39.09064333,-77.04576983,2023,3,11
230013463,Injury Crash,03/20/2023 11:48:00 AM,BEL PRE RD,NA,OTHER,Clear,DRY,Daylight,N/A,NONE DETECTED,No,Possible Minor Injury,N/A,NOT DISTRACTED,MD,PASSENGER CAR,SLOWING OR STOPPING,35,No,2014,MAZDA,MIATA,39.09064333,-77.04576983,2023,3,11
230013463,Injury Crash,03/20/2023 11:48:00 AM,BEL PRE RD,NA,OTHER,Clear,DRY,Daylight,N/A,NONE DETECTED,No,Possible Minor Injury,N/A,NOT DISTRACTED,MD,PASSENGER CAR,MOVING CONSTANT SPEED,35,No,2018,KIA,SOUL,39.09064333,-77.04576983,2023,3,11
230013463,Injury Crash,03/20/2023 11:48:00 AM,BEL PRE RD,NA,OTHER,Clear,DRY,Daylight,N/A,NONE DETECTED,Yes,No Apparent Injury,N/A,LOOKED BUT DID NOT SEE,MD,PASSENGER CAR,MAKING LEFT TURN,35,No,2009,TOYOTA,2S,39.09064333,-77.04576983,2023,3,11
230018643,Property Damage Crash,03/20/2023 10:55:00 AM,NA,NA,SINGLE VEHICLE,Clear,NA,Daylight,NO CONTROLS,NONE DETECTED,Yes,No Apparent Injury,N/A,LOOKED BUT DID NOT SEE,MD,POLICE VEHICLE/NON EMERGENCY,STARTING FROM PARKED,10,No,2015,TOYOTA,SIENNA,39.174258879999996,-77.17791326,2023,3,10
230013441,Property Damage Crash,03/20/2023 10:24:00 AM,14670 SOUTHLAWN LANE,NA,N/A,Clear,DRY,Daylight,NO CONTROLS,NONE DETECTED,Yes,No Apparent Injury,N/A,UNKNOWN,DC,PASSENGER CAR,UNKNOWN,5,No,2023,MAZDA,CX-50,39.09347833,-77.135201,2023,3,10
220013427,Injury Crash,03/20/2023 10:14:00 AM,NA,PEDESTRIAN,SINGLE VEHICLE,Clear,NA,Daylight,NO CONTROLS,NONE DETECTED,Yes,No Apparent Injury,N/A,LOOKED BUT DID NOT SEE,MD,PASSENGER CAR,MAKING LEFT TURN,10,No,2023,TESLA,Y,39.06915948,-77.129731520000007,2023,3,10
230013428,Property Damage Crash,03/20/2023 09:50:00 AM,COLUMBIA PIKE,NA,SAME DIR REAR END,Clear,DRY,Daylight,TRAFFIC SIGNAL,NONE DETECTED,Yes,No Apparent Injury,N/A,NOT DISTRACTED,MD,PASSENGER CAR,STARTING FROM LANE,25,No,2021,VOLVO,XC60,39.06335,-76.96288333,2023,3,9
230013428,Property Damage Crash,03/20/2023 09:50:00 AM,COLUMBIA PIKE,NA,SAME DIR REAR END,Clear,DRY,Daylight,TRAFFIC SIGNAL,NONE DETECTED,No,No Apparent Injury,N/A,NOT DISTRACTED,MD,SCHOOL BUS,STARTING FROM LANE,25,No,2015,FREIGHTLINER,BUS,39.06335,-76.96288333,2023,3,9
230013419,Property Damage Crash,03/20/2023 09:20:00 AM,OLD GEORGETOWN RD,NA,STRAIGHT MOVEMENT ANGLE,Clear,DRY,Daylight,STOP SIGN,NONE DETECTED,No,No Apparent Injury,N/A,NOT DISTRACTED,MD,PASSENGER CAR,MOVING CONSTANT SPEED,25,No,2018,AUDI,A4,38.98807833,-77.09946717,2023,3,9
230013419,Property Damage Crash,03/20/2023 09:20:00 AM,OLD GEORGETOWN RD,NA,STRAIGHT MOVEMENT ANGLE,Clear,DRY,Daylight,STOP SIGN,NONE DETECTED,Yes,No Apparent Injury,N/A,NOT DISTRACTED,MD,PASSENGER CAR,STARTING FROM LANE,25,No,2020,BMW,330,38.98807833,-77.09946717,2023,3,9
230013416,Property Damage Crash,03/20/2023 09:00:00 AM,RANDOLPH RD,NA,SAME DIR REAR END,Clear,DRY,Daylight,TRAFFIC SIGNAL,NONE DETECTED,No,No Apparent Injury,N/A,NOT DISTRACTED,MD,TRANSIT BUS,SLOWING OR STOPPING,40,No,2016,NEW FLYER,TBU,39.05400333,-77.0944485,2023,3,9
230013416,Property Damage Crash,03/20/2023 09:00:00 AM,RANDOLPH RD,NA,SAME DIR REAR END,Clear,DRY,Daylight,TRAFFIC SIGNAL,NONE DETECTED,Yes,No Apparent Injury,N/A,NOT DISTRACTED,MD,PASSENGER CAR,MOVING CONSTANT SPEED,40,No,2015,CHRY,4S,39.05400333,-77.0944485,2023,3,9
230013415,Property Damage Crash,03/20/2023 08:53:00 AM,AMHERST AVE,NA,SAME DIRECTION SIDESWIPE,Clear,DRY,Daylight,NO CONTROLS,NONE DETECTED,Yes,No Apparent Injury,N/A,UNKNOWN,MD,PASSENGER CAR,STARTING FROM PARKED,25,No,2020,MAZDA,3,39.04273033,-77.04793183,2023,3,8
230013415,Property Damage Crash,03/20/2023 08:53:00 AM,AMHERST AVE,NA,SAME DIRECTION SIDESWIPE,Clear,DRY,Daylight,NO CONTROLS,NONE DETECTED,No,No Apparent Injury,N/A,NOT DISTRACTED,MD,PASSENGER CAR,MOVING CONSTANT SPEED,25,No,2016,FORD,TAURUS,39.04273033,-77.04793183,2023,3,8
230013407,Injury Crash,03/20/2023 08:14:00 AM,NORTH GATE DR,PEDESTRIAN,OTHER,Clear,DRY,Daylight,NO CONTROLS,NONE DETECTED,No,No Apparent Injury,N/A,NOT DISTRACTED,MD,PASSENGER CAR,STOPPED IN TRAFFIC LANE,25,No,2006,HONDA,ODYSSEY,39.09040688,-77.05123322,2023,3,8
230013407,Injury Crash,03/20/2023 08:14:00 AM,NORTH GATE DR,PEDESTRIAN,OTHER,Clear,DRY,Daylight,NO CONTROLS,NONE DETECTED,Yes,No Apparent Injury,N/A,LOOKED BUT DID NOT SEE,DC,PASSENGER CAR,MAKING LEFT TURN,25,No,2013,HONDA,CIVIC,39.09040688,-77.05123322,2023,3,8
230013402,Injury Crash,03/20/2023 08:05:00 AM,COLUMBIA PIKE,NA,SAME DIR REAR END,Clear,DRY,Daylight,N/A,NONE DETECTED,Yes,No Apparent Injury,N/A,UNKNOWN,MD,PASSENGER CAR,SLOWING OR STOPPING,35,No,2015,DODGE,CHARGER,39.03964213,-76.99805515,2023,3,8
230013402,Injury Crash,03/20/2023 08:05:00 AM,COLUMBIA PIKE,NA,SAME DIR REAR END,Clear,DRY,Daylight,N/A,NONE DETECTED,No,Possible Minor Injury,N/A,NOT DISTRACTED,MD,PASSENGER CAR,STOPPED IN TRAFFIC LANE,35,No,2014,HONDA,CIVIC,39.03964213,-76.99805515,2023,3,8
23000503,Property Damage Crash,03/20/2023 07:42:00 AM,UNIVERSITY BLVD E,NA,SAME DIRECTION RIGHT TURN,Clear,DRY,Daylight,TRAFFIC SIGNAL,NONE DETECTED,Yes,No Apparent Injury,N/A,NO DRIVER PRESENT,NA,NA,ACCELERATING,35,No,0,UNKNOWN,UNKNOWN,39.0205211,-77.0124386,2023,3,7
23000503,Property Damage Crash,03/20/2023 07:42:00 AM,UNIVERSITY BLVD E,NA,SAME DIRECTION RIGHT TURN,Clear,DRY,Daylight,TRAFFIC SIGNAL,NONE DETECTED,No,No Apparent Injury,N/A,NOT DISTRACTED,MD,PICKUP TRUCK,ACCELERATING,35,No,2018,FORD,TK,39.0205211,-77.0124386,2023,3,7
230013406,Property Damage Crash,03/20/2023 07:40:00 AM,NORBECK RD,NA,SAME DIRECTION SIDESWIPE,Clear,N/A,Daylight,NO CONTROLS,NONE DETECTED,Yes,No Apparent Injury,N/A,UNKNOWN,NA,PASSENGER CAR,CHANGING LANES,40,No,2019,CHEVY,CRUZE,39.12089183,-77.03617189,2023,3,7
230013406,Property Damage Crash,03/20/2023 07:40:00 AM,NORBECK RD,NA,SAME DIRECTION SIDESWIPE,Clear,N/A,Daylight,NO CONTROLS,NONE DETECTED,No,No Apparent Injury,N/A,NOT DISTRACTED,MD,PASSENGER CAR,MOVING CONSTANT SPEED,40,No,2015,MITS,MIRAGE,39.12089183,-77.03617189,2023,3,7
230013389,Property Damage Crash,03/20/2023 12:48:00 AM,NEW HAMPSHIRE AVE,NA,STRAIGHT MOVEMENT ANGLE,Clear,DRY,Medium,STOP SIGN,NONE DETECTED,No,No Apparent Injury,N/A,NOT DISTRACTED,MD,PASSENGER CAR,MOVING CONSTANT SPEED,40,No,2019,HOND,ACCORD,39.00858,-76.97985833,2023,3,0
230013389,Property Damage Crash,03/20/2023 12:48:00 AM,NEW HAMPSHIRE AVE,NA,STRAIGHT MOVEMENT ANGLE,Clear,DRY,Medium,STOP SIGN,NONE DETECTED,Yes,No Apparent Injury,N/A,LOOKED BUT DID NOT SEE,MD,(SPORT) UTILITY VEHICLE,MAKING LEFT TURN,25,No,2009,FORD,ESCAPE,39.00858,-76.97985833,2023,3,0
230013382,Property Damage Crash,03/19/2023 09:45:00 PM,NA,NA,SINGLE VEHICLE,Clear,NA,Medium,N/A,NONE DETECTED,Yes,No Apparent Injury,N/A,LOOKED BUT DID NOT SEE,MD,POLICE VEHICLE/NON EMERGENCY,BACKING,5,No,2019,DODGE,CHARGER,39.19832164,-77.25776146,2023,3,21
230013367,Property Damage Crash,03/19/2023 06:53:00 PM,COLESVILLE RD,NA,SAME DIR REAR END,Clear,DRY,Daylight,TRAFFIC SIGNAL,NONE DETECTED,No,No Apparent Injury,N/A,NOT DISTRACTED,MD,(SPORT) UTILITY VEHICLE,MOVING CONSTANT SPEED,35,No,2020,BMW,X5,38.9942809,-77.0308104,2023,3,18
230013367,Property Damage Crash,03/19/2023 06:53:00 PM,COLESVILLE RD,NA,SAME DIR REAR END,Clear,DRY,Daylight,TRAFFIC SIGNAL,NONE DETECTED,Yes,No Apparent Injury,N/A,UNKNOWN,MD,TRANSIT BUS,MAKING RIGHT TURN,35,No,2016,GILL,BUS,38.9942809,-77.0308104,2023,3,18
230013362,Injury Crash,03/19/2023 06:47:00 PM,LAYHILL RD,NA,SINGLE VEHICLE,Clear,DRY,Daylight,NO CONTROLS,NONE DETECTED,Yes,Possible Minor Injury,N/A,DISTRACTED BY OUTSIDE PERSON OBJECT OR EVENT,MD,VAN,MOVING CONSTANT SPEED,35,No,2008,TOYOTA,SIENNA,39.11522717,-77.03693717,2023,3,18
230013361,Injury Crash,03/19/2023 06:38:00 PM,GEORGIA AVE,NA,STRAIGHT MOVEMENT ANGLE,Clear,DRY,Daylight,TRAFFIC SIGNAL,NONE DETECTED,No,Possible Minor Injury,N/A,NOT DISTRACTED,MD,PASSENGER CAR,STARTING FROM LANE,25,No,2021,HOND,HB,39.03205617,-77.04847317,2023,3,18
230013361,Injury Crash,03/19/2023 06:38:00 PM,GEORGIA AVE,NA,STRAIGHT MOVEMENT ANGLE,Clear,DRY,Daylight,TRAFFIC SIGNAL,NONE DETECTED,Yes,No Apparent Injury,N/A,UNKNOWN,MD,PASSENGER CAR,MOVING CONSTANT SPEED,25,No,2007,TOYOTA,COROLLA,39.03205617,-77.04847317,2023,3,18
230013360,Property Damage Crash,03/19/2023 06:32:00 PM,HUNGERFORD DR,NA,HEAD ON LEFT TURN,Clear,DRY,Daylight,TRAFFIC SIGNAL,NONE DETECTED,No,No Apparent Injury,N/A,NOT DISTRACTED,MD,PASSENGER CAR,MOVING CONSTANT SPEED,35,No,1988,BMW,325I,39.094351,-77.15287583,2023,3,18
230013360,Property Damage Crash,03/19/2023 06:32:00 PM,HUNGERFORD DR,NA,HEAD ON LEFT TURN,Clear,DRY,Daylight,TRAFFIC SIGNAL,NONE DETECTED,Yes,No Apparent Injury,N/A,LOOKED BUT DID NOT SEE,MD,PASSENGER CAR,MOVING CONSTANT SPEED,35,No,2003,TOYT,UT,39.094351,-77.15287583,2023,3,18
230013354,Property Damage Crash,03/19/2023 05:45:00 PM,SOUTHAMPTON DR,NA,STRAIGHT MOVEMENT ANGLE,Clear,DRY,Daylight,STOP SIGN,NONE DETECTED,No,No Apparent Injury,N/A,NOT DISTRACTED,MD,PASSENGER CAR,MOVING CONSTANT SPEED,20,No,2014,GIL,BUS,39.00639,-76.98509333,2023,3,17
230013354,Property Damage Crash,03/19/2023 05:45:00 PM,SOUTHAMPTON DR,NA,STRAIGHT MOVEMENT ANGLE,Clear,DRY,Daylight,STOP SIGN,NONE DETECTED,Yes,No Apparent Injury,N/A,NOT DISTRACTED,MD,PASSENGER CAR,MOVING CONSTANT SPEED,20,No,2012,MAZDA,CX-9,39.00639,-76.98509333,2023,3,17
230013348,Injury Crash,03/19/2023 05:07:00 PM,NA,PEDESTRIAN,STRAIGHT MOVEMENT ANGLE,Clear,NA,Daylight,N/A,NONE DETECTED,Yes,No Apparent Injury,N/A,LOOKED BUT DID NOT SEE,MD,PASSENGER CAR,MAKING RIGHT TURN,40,No,2015,TOYOTA,PRIUS,39.12989667,-77.18639,2023,3,17
230013335,Property Damage Crash,03/19/2023 04:08:00 PM,OLD COLUMBIA PIKE,NA,SAME DIR REAR END,Clear,DRY,Daylight,NO CONTROLS,NONE DETECTED,Yes,No Apparent Injury,"N/A, VISION OBSTRUCTION (INCL. BLINDED BY SUN)",LOOKED BUT DID NOT SEE,MD,PASSENGER CAR,MOVING CONSTANT SPEED,35,No,2008,BMW,535XI,39.06704667,-76.96320667,2023,3,16
230013335,Property Damage Crash,03/19/2023 04:08:00 PM,OLD COLUMBIA PIKE,NA,SAME DIR REAR END,Clear,DRY,Daylight,NO CONTROLS,NONE DETECTED,No,No Apparent Injury,"N/A, VISION OBSTRUCTION (INCL. BLINDED BY SUN)",NOT DISTRACTED,MD,VAN,STOPPED IN TRAFFIC LANE,35,No,2020,RAM,CG,39.06704667,-76.96320667,2023,3,16
230013327,Injury Crash,03/19/2023 02:48:00 PM,SHADY GROVE RD,NA,SAME DIR REAR END,Clear,DRY,Daylight,N/A,NONE DETECTED,Yes,No Apparent Injury,N/A,TEXTING FROM A CELLULAR PHONE,MD,PASSENGER CAR,MOVING CONSTANT SPEED,40,No,2019,LAND ROVER,RANGE ROVER,39.12138443,-77.17873293,2023,3,14
230013327,Injury Crash,03/19/2023 02:48:00 PM,SHADY GROVE RD,NA,SAME DIR REAR END,Clear,DRY,Daylight,N/A,NONE DETECTED,No,Possible Minor Injury,N/A,NOT DISTRACTED,MD,PASSENGER CAR,MOVING CONSTANT SPEED,40,No,2022,HONDA,CR-V,39.12138443,-77.17873293,2023,3,14
230013327,Injury Crash,03/19/2023 02:48:00 PM,SHADY GROVE RD,NA,SAME DIR REAR END,Clear,DRY,Daylight,N/A,NONE DETECTED,No,No Apparent Injury,N/A,NOT DISTRACTED,MD,PASSENGER CAR,SLOWING OR STOPPING,40,No,2014,HONDA,CIVIC,39.12138443,-77.17873293,2023,3,14
230013324,Property Damage Crash,03/19/2023 02:06:00 PM,NORMANDY CROSSING DR,NA,SAME DIRECTION SIDESWIPE,Clear,DRY,Daylight,NO CONTROLS,NONE DETECTED,No,No Apparent Injury,N/A,NOT DISTRACTED,MD,PASSENGER CAR,MOVING CONSTANT SPEED,25,No,2018,SUBARU,WRX,39.10291833,-77.05084117,2023,3,14
230013324,Property Damage Crash,03/19/2023 02:06:00 PM,NORMANDY CROSSING DR,NA,SAME DIRECTION SIDESWIPE,Clear,DRY,Daylight,NO CONTROLS,NONE DETECTED,Yes,No Apparent Injury,N/A,NOT DISTRACTED,MD,PASSENGER CAR,STARTING FROM PARKED,25,No,2008,HYUN,ELANTRA,39.10291833,-77.05084117,2023,3,14
230013318,Property Damage Crash,03/19/2023 01:43:00 PM,NA,NA,SAME DIR REAR END,Clear,NA,Daylight,STOP SIGN,NONE DETECTED,No,No Apparent Injury,N/A,NOT DISTRACTED,MD,PASSENGER CAR,STOPPED IN TRAFFIC LANE,5,No,2021,TOYT,WG,39.00040183,-76.99601367,2023,3,13
230013318,Property Damage Crash,03/19/2023 01:43:00 PM,NA,NA,SAME DIR REAR END,Clear,NA,Daylight,STOP SIGN,NONE DETECTED,Yes,No Apparent Injury,N/A,UNKNOWN,MD,PASSENGER CAR,SLOWING OR STOPPING,5,No,2008,HOND,SD,39.00040183,-76.99601367,2023,3,13
230013293,Property Damage Crash,03/19/2023 11:05:00 AM,TURKEY BRANCH PKWY,NA,SAME DIRECTION SIDESWIPE,Clear,DRY,Daylight,NO CONTROLS,NONE DETECTED,Yes,No Apparent Injury,N/A,INATTENTIVE OR LOST IN THOUGHT,PA,PASSENGER CAR,MOVING CONSTANT SPEED,25,No,2016,CHEVROLET,SPARK,39.06524067,-77.08794567,2023,3,11
230013293,Property Damage Crash,03/19/2023 11:05:00 AM,TURKEY BRANCH PKWY,NA,SAME DIRECTION SIDESWIPE,Clear,DRY,Daylight,NO CONTROLS,NONE DETECTED,No,No Apparent Injury,N/A,NOT DISTRACTED,MD,(SPORT) UTILITY VEHICLE,MOVING CONSTANT SPEED,25,No,2016,AUDI,Q5,39.06524067,-77.08794567,2023,3,11
230013585,Property Damage Crash,03/19/2023 11:00:00 AM,RIDGE RD,NA,SAME DIRECTION SIDESWIPE,Clear,DRY,Daylight,NO CONTROLS,NONE DETECTED,No,No Apparent Injury,N/A,NOT DISTRACTED,MD,PASSENGER CAR,MOVING CONSTANT SPEED,40,No,2012,NISSIAN,ARMADA,39.20555507,-77.24271751,2023,3,11
230013585,Property Damage Crash,03/19/2023 11:00:00 AM,RIDGE RD,NA,SAME DIRECTION SIDESWIPE,Clear,DRY,Daylight,NO CONTROLS,NONE DETECTED,Yes,No Apparent Injury,N/A,UNKNOWN,NA,PASSENGER CAR,MOVING CONSTANT SPEED,40,No,0,UNKNOWN,UNKNOWN,39.20555507,-77.24271751,2023,3,11
230013289,Property Damage Crash,03/19/2023 10:45:00 AM,RUSSELL AVE,NA,HEAD ON LEFT TURN,Clear,DRY,Daylight,TRAFFIC SIGNAL,NONE DETECTED,No,No Apparent Injury,N/A,NOT DISTRACTED,MD,PASSENGER CAR,MOVING CONSTANT SPEED,25,No,2011,FORD,FUSION,39.15775583,-77.21354933,2023,3,10
230013289,Property Damage Crash,03/19/2023 10:45:00 AM,RUSSELL AVE,NA,HEAD ON LEFT TURN,Clear,DRY,Daylight,TRAFFIC SIGNAL,NONE DETECTED,Yes,No Apparent Injury,N/A,NOT DISTRACTED,MD,(SPORT) UTILITY VEHICLE,MAKING LEFT TURN,25,No,2019,VOLK,ATLAS,39.15775583,-77.21354933,2023,3,10
230013268,Property Damage Crash,03/19/2023 07:14:00 AM,WOODFIELD RD,NA,SINGLE VEHICLE,Clear,DRY,Medium,NO CONTROLS,NONE DETECTED,Yes,No Apparent Injury,N/A,NOT DISTRACTED,MD,(SPORT) UTILITY VEHICLE,MOVING CONSTANT SPEED,45,No,2010,HOND,PILOT,39.19227,-77.15248167,2023,3,7
230013269,Property Damage Crash,03/19/2023 06:58:00 AM,GREAT SENECA HWY,NA,SAME DIRECTION SIDESWIPE,Clear,DRY,Medium,TRAFFIC SIGNAL,NONE DETECTED,Yes,No Apparent Injury,N/A,LOOKED BUT DID NOT SEE,MD,PASSENGER CAR,MOVING CONSTANT SPEED,40,No,2008,LEXUS,4S,39.17484578,-77.26097248,2023,3,6
230013269,Property Damage Crash,03/19/2023 06:58:00 AM,GREAT SENECA HWY,NA,SAME DIRECTION SIDESWIPE,Clear,DRY,Medium,TRAFFIC SIGNAL,NONE DETECTED,No,No Apparent Injury,N/A,NOT DISTRACTED,MD,(SPORT) UTILITY VEHICLE,MOVING CONSTANT SPEED,40,No,2014,HONDA,PILOT,39.17484578,-77.26097248,2023,3,6
230013263,Property Damage Crash,03/19/2023 06:25:00 AM,HUNGERFORD DR,NA,SINGLE VEHICLE,Clear,DRY,Medium,N/A,NONE DETECTED,Yes,No Apparent Injury,N/A,NOT DISTRACTED,DC,PASSENGER CAR,MOVING CONSTANT SPEED,40,No,2010,AUDI,4D,39.09827271,-77.15389698,2023,3,6
230013261,Property Damage Crash,03/19/2023 04:42:00 AM,RIDGE RD,NA,SINGLE VEHICLE,Clear,DRY,Dark,NO CONTROLS,NONE DETECTED,Yes,No Apparent Injury,N/A,UNKNOWN,MD,(SPORT) UTILITY VEHICLE,MOVING CONSTANT SPEED,40,No,2022,DODGE,DURANGO,39.24439833,-77.23455667,2023,3,4