Local Case Number,ACRS Report Type,Crash Date/Time,Road Name,Related Non-Motorist,Collision Type,Weather,Surface Condition,Light,Traffic Control,Driver Substance Abuse,Driver At Fault,Injury Severity,Circumstance,Driver Distracted By,Drivers License State,Vehicle Body Type,Vehicle Movement,Speed Limit,Driverless Vehicle,Vehicle Year,Vehicle Make,Vehicle Model,Latitude,Longitude,Year,Month,Hour
230013259,Property Damage Crash,03/19/2023 03:54:00 AM,OLD BALTIMORE RD,NA,SINGLE VEHICLE,Clear,DRY,Dark,NO CONTROLS,NONE DETECTED,Yes,No Apparent Injury,N/A,NOT DISTRACTED,WV,PASSENGER CAR,MAKING RIGHT TURN,35,No,2016,KIA,SOUL,39.13706433,-77.06457967,2023,3,3
230013255,Property Damage Crash,03/19/2023 03:15:00 AM,VEIRS MILL RD,NA,SINGLE VEHICLE,Clear,DRY,Medium,TRAFFIC SIGNAL,ALCOHOL PRESENT,Yes,No Apparent Injury,N/A,NOT DISTRACTED,MD,PASSENGER CAR,UNKNOWN,40,No,2017,VOLKS,GTI,39.07542143,-77.1167632,2023,3,3
230013252,Injury Crash,03/19/2023 02:35:00 AM,E DIAMOND AVE,NA,SINGLE VEHICLE,Clear,DRY,Medium,NO CONTROLS,ALCOHOL PRESENT,Yes,Suspected Serious Injury,N/A,NOT DISTRACTED,MD,PASSENGER CAR,ACCELERATING,30,No,2003,NISSAN,SENTRA,39.14112912,-77.18506663,2023,3,2
230013266,Property Damage Crash,03/19/2023 01:00:00 AM,HUNTOVER DR,NA,SINGLE VEHICLE,Clear,DRY,Dark,NO CONTROLS,ALCOHOL PRESENT,Yes,No Apparent Injury,N/A,UNKNOWN,MD,PASSENGER CAR,MOVING CONSTANT SPEED,25,No,1997,HONDA,ACCORD,39.03805865,-77.12814362,2023,3,1
230013240,Property Damage Crash,03/18/2023 11:25:00 PM,SHADY GROVE RD,NA,SINGLE VEHICLE,Clear,DRY,Medium,N/A,NONE DETECTED,Yes,No Apparent Injury,N/A,UNKNOWN,MD,PICKUP TRUCK,MOVING CONSTANT SPEED,45,No,2022,TOYT,TACOMA,39.13720333,-77.15459,2023,3,23
230013157,Property Damage Crash,03/18/2023 10:48:00 PM,UNIVERSITY BLVD E,NA,SAME DIRECTION SIDESWIPE,Clear,DRY,Medium,NO CONTROLS,NONE DETECTED,Yes,No Apparent Injury,N/A,UNKNOWN,NA,(SPORT) UTILITY VEHICLE,MOVING CONSTANT SPEED,35,No,2006,LEXUS,RX,39.01945652,-77.01080838,2023,3,22
230013157,Property Damage Crash,03/18/2023 10:48:00 PM,UNIVERSITY BLVD E,NA,SAME DIRECTION SIDESWIPE,Clear,DRY,Medium,NO CONTROLS,NONE DETECTED,No,No Apparent Injury,N/A,NOT DISTRACTED,MD,PASSENGER CAR,MOVING CONSTANT SPEED,35,No,2012,NISSAN,ALTIMA,39.01945652,-77.01080838,2023,3,22
230013224,Injury Crash,03/18/2023 08:39:00 PM,OAKLYN DR,NA,STRAIGHT MOVEMENT ANGLE,Clear,DRY,Medium,STOP SIGN,NONE DETECTED,No,Possible Minor Injury,N/A,NOT DISTRACTED,MD,PASSENGER CAR,MOVING CONSTANT SPEED,35,No,2009,MERCEDEZ,E350,39.00091683,-77.210896,2023,3,20
230013224,Injury Crash,03/18/2023 08:39:00 PM,OAKLYN DR,NA,STRAIGHT MOVEMENT ANGLE,Clear,DRY,Medium,STOP SIGN,NONE DETECTED,Yes,No Apparent Injury,N/A,NOT DISTRACTED,MD,PASSENGER CAR,MOVING CONSTANT SPEED,35,No,2016,KIA,SOUL,39.00091683,-77.210896,2023,3,20
230013222,Injury Crash,03/18/2023 08:20:00 PM,OLNEY LAYTONSVILLE RD,NA,SAME DIR REAR END,Clear,DRY,Dark,NO CONTROLS,NONE DETECTED,Yes,No Apparent Injury,N/A,LOOKED BUT DID NOT SEE,MD,PASSENGER CAR,MOVING CONSTANT SPEED,50,No,2013,BMW,4S,39.17672217,-77.100288,2023,3,20
230013222,Injury Crash,03/18/2023 08:20:00 PM,OLNEY LAYTONSVILLE RD,NA,SAME DIR REAR END,Clear,DRY,Dark,NO CONTROLS,NONE DETECTED,No,No Apparent Injury,N/A,NOT DISTRACTED,MD,"OTHER LIGHT TRUCKS (10,000LBS (4,536KG) OR LESS)",ENTERING TRAFFIC LANE,50,No,2003,FORD,TRUCK,39.17672217,-77.100288,2023,3,20
230013221,Injury Crash,03/18/2023 08:17:00 PM,DAMASCUS RD,NA,SAME DIR REAR END,Clear,DRY,Dark,NO CONTROLS,NONE DETECTED,No,Possible Minor Injury,N/A,NOT DISTRACTED,MD,(SPORT) UTILITY VEHICLE,SLOWING OR STOPPING,35,No,2018,JEEP,TK,39.28301667,-77.189535,2023,3,20
230013221,Injury Crash,03/18/2023 08:17:00 PM,DAMASCUS RD,NA,SAME DIR REAR END,Clear,DRY,Dark,NO CONTROLS,NONE DETECTED,Yes,Possible Minor Injury,N/A,NOT DISTRACTED,MD,PICKUP TRUCK,MOVING CONSTANT SPEED,35,No,2014,FORD,PK,39.28301667,-77.189535,2023,3,20
230013217,Property Damage Crash,03/18/2023 07:46:00 PM,NA,NA,OTHER,Clear,NA,Medium,NO CONTROLS,NONE DETECTED,Yes,No Apparent Injury,N/A,UNKNOWN,NA,PASSENGER CAR,MOVING CONSTANT SPEED,10,No,2015,HYUNDAI,ELANTRA,38.9942834,-77.02594067,2023,3,19
230013233,Property Damage Crash,03/18/2023 06:30:00 PM,GLENVILLE RD,NA,OTHER,Clear,DRY,Daylight,NO CONTROLS,NONE DETECTED,Yes,No Apparent Injury,N/A,UNKNOWN,MD,PICKUP TRUCK,PASSING,25,No,2016,RAM,3500,39.00062316,-76.99661827,2023,3,18
230013202,Injury Crash,03/18/2023 05:10:00 PM,UNIVERSITY BLVD W,NA,SINGLE VEHICLE,Clear,DRY,Daylight,NO CONTROLS,NONE DETECTED,Unknown,Possible Minor Injury,N/A,OTHER DISTRACTION,MD,PASSENGER CAR,LEAVING TRAFFIC LANE,35,No,2012,FORD,TRANSIT,39.038599,-77.041987,2023,3,17
230013201,Property Damage Crash,03/18/2023 05:08:00 PM,LAYHILL RD,NA,SINGLE VEHICLE,Clear,DRY,Daylight,NO CONTROLS,NONE DETECTED,Yes,No Apparent Injury,N/A,OTHER CELLULAR PHONE RELATED,MD,PASSENGER CAR,MOVING CONSTANT SPEED,40,No,2013,NISSAN,SENTRA,39.09780817,-77.04323333,2023,3,17
230013198,Property Damage Crash,03/18/2023 05:00:00 PM,RIVER RD,NA,HEAD ON LEFT TURN,Clear,DRY,Daylight,TRAFFIC SIGNAL,NONE DETECTED,No,No Apparent Injury,N/A,NOT DISTRACTED,MD,PASSENGER CAR,STARTING FROM LANE,35,No,2018,LEXUS,ES 350,38.98604242,-77.14337223,2023,3,17
230013198,Property Damage Crash,03/18/2023 05:00:00 PM,RIVER RD,NA,HEAD ON LEFT TURN,Clear,DRY,Daylight,TRAFFIC SIGNAL,NONE DETECTED,Yes,No Apparent Injury,N/A,INATTENTIVE OR LOST IN THOUGHT,MD,(SPORT) UTILITY VEHICLE,MAKING LEFT TURN,35,No,2015,MERZ,ML 350,38.98604242,-77.14337223,2023,3,17
230013205,Property Damage Crash,03/18/2023 04:34:00 PM,WOOTTON PKWY,NA,SAME DIRECTION SIDESWIPE,Clear,DRY,Daylight,NO CONTROLS,NONE DETECTED,Yes,No Apparent Injury,N/A,OTHER DISTRACTION,MD,PASSENGER CAR,CHANGING LANES,35,No,2017,MERCEDEZ,BENZ,39.06694667,-77.16295333,2023,3,16
230013205,Property Damage Crash,03/18/2023 04:34:00 PM,WOOTTON PKWY,NA,SAME DIRECTION SIDESWIPE,Clear,DRY,Daylight,NO CONTROLS,NONE DETECTED,No,No Apparent Injury,N/A,NOT DISTRACTED,MD,TRANSIT BUS,MOVING CONSTANT SPEED,35,No,2016,GILLIG,LOW FLOOR,39.06694667,-77.16295333,2023,3,16
230013195,Injury Crash,03/18/2023 04:30:00 PM,FREDERICK RD,NA,HEAD ON LEFT TURN,Clear,DRY,Daylight,TRAFFIC SIGNAL,NONE DETECTED,No,Possible Minor Injury,N/A,NOT DISTRACTED,MD,(SPORT) UTILITY VEHICLE,STOPPED IN TRAFFIC LANE,45,No,2013,KIA,SOUL,39.1785385,-77.23839717,2023,3,16
230013195,Injury Crash,03/18/2023 04:30:00 PM,FREDERICK RD,NA,HEAD ON LEFT TURN,Clear,DRY,Daylight,TRAFFIC SIGNAL,NONE DETECTED,No,Possible Minor Injury,N/A,NOT DISTRACTED,MD,PASSENGER CAR,MOVING CONSTANT SPEED,45,No,2008,VOLKS,RABBIT,39.1785385,-77.23839717,2023,3,16
230013195,Injury Crash,03/18/2023 04:30:00 PM,FREDERICK RD,NA,HEAD ON LEFT TURN,Clear,DRY,Daylight,TRAFFIC SIGNAL,NONE DETECTED,Yes,Possible Minor Injury,N/A,LOOKED BUT DID NOT SEE,MD,PASSENGER CAR,MAKING LEFT TURN,45,No,2017,TOYT,YARIS,39.1785385,-77.23839717,2023,3,16
230013200,Property Damage Crash,03/18/2023 04:25:00 PM,PLEASANT DR,NA,STRAIGHT MOVEMENT ANGLE,Clear,DRY,Daylight,TRAFFIC SIGNAL,NONE DETECTED,No,No Apparent Injury,N/A,NOT DISTRACTED,MD,PASSENGER CAR,MOVING CONSTANT SPEED,35,No,2010,MAZD,4S,39.11417033,-77.17192967,2023,3,16
230013200,Property Damage Crash,03/18/2023 04:25:00 PM,PLEASANT DR,NA,STRAIGHT MOVEMENT ANGLE,Clear,DRY,Daylight,TRAFFIC SIGNAL,NONE DETECTED,Yes,No Apparent Injury,N/A,LOOKED BUT DID NOT SEE,MD,PASSENGER CAR,MOVING CONSTANT SPEED,35,No,2006,VOLV,SW,39.11417033,-77.17192967,2023,3,16
230013187,Injury Crash,03/18/2023 03:11:00 PM,CAPITAL BELTWAY,NA,SAME DIR REAR END,Clear,DRY,Daylight,N/A,NONE DETECTED,Yes,No Apparent Injury,N/A,NOT DISTRACTED,VA,(SPORT) UTILITY VEHICLE,SLOWING OR STOPPING,55,No,2022,HONDA,CRV,38.98538517,-77.1580825,2023,3,15
230013187,Injury Crash,03/18/2023 03:11:00 PM,CAPITAL BELTWAY,NA,SAME DIR REAR END,Clear,DRY,Daylight,N/A,NONE DETECTED,No,No Apparent Injury,N/A,NOT DISTRACTED,MD,PICKUP TRUCK,SLOWING OR STOPPING,55,No,2023,RAM,PK,38.98538517,-77.1580825,2023,3,15
230013181,Property Damage Crash,03/18/2023 02:40:00 PM,MUNCASTER MILL RD,NA,SAME DIR REAR END,Clear,DRY,Daylight,TRAFFIC SIGNAL,NONE DETECTED,No,No Apparent Injury,N/A,NOT DISTRACTED,MD,(SPORT) UTILITY VEHICLE,STOPPED IN TRAFFIC LANE,35,No,2017,HOND,CRV,39.15890833,-77.1601,2023,3,14
230013181,Property Damage Crash,03/18/2023 02:40:00 PM,MUNCASTER MILL RD,NA,SAME DIR REAR END,Clear,DRY,Daylight,TRAFFIC SIGNAL,NONE DETECTED,Yes,No Apparent Injury,N/A,INATTENTIVE OR LOST IN THOUGHT,MD,(SPORT) UTILITY VEHICLE,MOVING CONSTANT SPEED,35,No,2016,TOYOTA,RAV4,39.15890833,-77.1601,2023,3,14
230013178,Injury Crash,03/18/2023 02:24:00 PM,GEORGIA AVE,NA,STRAIGHT MOVEMENT ANGLE,Clear,DRY,Daylight,TRAFFIC SIGNAL,NONE DETECTED,No,No Apparent Injury,N/A,NOT DISTRACTED,MD,PASSENGER CAR,MOVING CONSTANT SPEED,45,No,2016,TOYOTA,PRIUS,39.08770333,-77.07941167,2023,3,14
230013178,Injury Crash,03/18/2023 02:24:00 PM,GEORGIA AVE,NA,STRAIGHT MOVEMENT ANGLE,Clear,DRY,Daylight,TRAFFIC SIGNAL,NONE DETECTED,Yes,Possible Minor Injury,N/A,UNKNOWN,MD,PASSENGER CAR,MAKING LEFT TURN,45,No,2022,TOYOTA,SIENNA,39.08770333,-77.07941167,2023,3,14
230013160,Property Damage Crash,03/18/2023 12:05:00 PM,FLOWER HILL WAY,NA,STRAIGHT MOVEMENT ANGLE,Cloudy,DRY,Daylight,STOP SIGN,NONE DETECTED,Yes,No Apparent Injury,N/A,LOOKED BUT DID NOT SEE,MD,PASSENGER CAR,STARTING FROM LANE,25,No,2018,SUBA,SW,39.15545,-77.16449667,2023,3,12
230013160,Property Damage Crash,03/18/2023 12:05:00 PM,FLOWER HILL WAY,NA,STRAIGHT MOVEMENT ANGLE,Cloudy,DRY,Daylight,STOP SIGN,NONE DETECTED,No,No Apparent Injury,N/A,NOT DISTRACTED,MD,(SPORT) UTILITY VEHICLE,STOPPED IN TRAFFIC LANE,25,No,2016,TOYT,4RUNNER,39.15545,-77.16449667,2023,3,12
230013160,Property Damage Crash,03/18/2023 12:05:00 PM,FLOWER HILL WAY,NA,STRAIGHT MOVEMENT ANGLE,Cloudy,DRY,Daylight,STOP SIGN,NONE DETECTED,No,No Apparent Injury,N/A,NOT DISTRACTED,MD,PASSENGER CAR,MOVING CONSTANT SPEED,25,No,2016,CADI,CTS,39.15545,-77.16449667,2023,3,12
230013155,Property Damage Crash,03/18/2023 11:45:00 AM,FREDERICK RD,NA,STRAIGHT MOVEMENT ANGLE,Clear,DRY,Daylight,TRAFFIC SIGNAL,NONE DETECTED,Yes,No Apparent Injury,N/A,LOOKED BUT DID NOT SEE,MD,PASSENGER CAR,MOVING CONSTANT SPEED,40,No,2009,HOND,SD,39.11559812,-77.16624489,2023,3,11
230013155,Property Damage Crash,03/18/2023 11:45:00 AM,FREDERICK RD,NA,STRAIGHT MOVEMENT ANGLE,Clear,DRY,Daylight,TRAFFIC SIGNAL,NONE DETECTED,No,No Apparent Injury,N/A,NOT DISTRACTED,MD,PASSENGER CAR,MOVING CONSTANT SPEED,25,No,2017,HOND,TK,39.11559812,-77.16624489,2023,3,11
230013153,Property Damage Crash,03/18/2023 11:35:00 AM,CEDAR LA,NA,SAME DIR REND RIGHT TURN,Clear,DRY,Daylight,TRAFFIC SIGNAL,NONE DETECTED,Yes,No Apparent Injury,N/A,NOT DISTRACTED,MD,PASSENGER CAR,STARTING FROM LANE,25,No,2018,HOND,TK,39.006785,-77.09737333,2023,3,11
230013153,Property Damage Crash,03/18/2023 11:35:00 AM,CEDAR LA,NA,SAME DIR REND RIGHT TURN,Clear,DRY,Daylight,TRAFFIC SIGNAL,NONE DETECTED,No,No Apparent Injury,N/A,NOT DISTRACTED,MD,PASSENGER CAR,STARTING FROM LANE,25,No,2017,TOYT,TK,39.006785,-77.09737333,2023,3,11
230013139,Injury Crash,03/18/2023 09:40:00 AM,NEW HAMPSHIRE AVE,NA,STRAIGHT MOVEMENT ANGLE,Clear,DRY,Daylight,NO CONTROLS,NONE DETECTED,Yes,No Apparent Injury,N/A,NOT DISTRACTED,MD,PASSENGER CAR,MAKING U TURN,40,No,2020,TOYOTA,COROLLA,39.06649167,-77.00080833,2023,3,9
230013139,Injury Crash,03/18/2023 09:40:00 AM,NEW HAMPSHIRE AVE,NA,STRAIGHT MOVEMENT ANGLE,Clear,DRY,Daylight,NO CONTROLS,NONE DETECTED,No,Possible Minor Injury,N/A,NOT DISTRACTED,MD,PASSENGER CAR,MOVING CONSTANT SPEED,40,No,2007,TOYOTA,HIGHLANDER,39.06649167,-77.00080833,2023,3,9
230013133,Property Damage Crash,03/18/2023 08:30:00 AM,AMITY DR,NA,OTHER,Clear,DRY,Daylight,N/A,ALCOHOL PRESENT,Yes,No Apparent Injury,N/A,NOT DISTRACTED,MD,PASSENGER CAR,BACKING,25,No,2023,VOLK,SUV,39.13984198,-77.16469323,2023,3,8
230013128,Property Damage Crash,03/18/2023 07:01:00 AM,FREDERICK RD,NA,HEAD ON LEFT TURN,Cloudy,DRY,Medium,TRAFFIC SIGNAL,NONE DETECTED,Unknown,No Apparent Injury,N/A,UNKNOWN,MD,(SPORT) UTILITY VEHICLE,MOVING CONSTANT SPEED,35,No,2017,HONDA,PILOT,39.1519605,-77.21156883,2023,3,7
230013128,Property Damage Crash,03/18/2023 07:01:00 AM,FREDERICK RD,NA,HEAD ON LEFT TURN,Cloudy,DRY,Medium,TRAFFIC SIGNAL,NONE DETECTED,Unknown,No Apparent Injury,N/A,UNKNOWN,MD,VAN,MAKING LEFT TURN,35,No,2011,CHEVY,EXPRESS,39.1519605,-77.21156883,2023,3,7
230013126,Injury Crash,03/18/2023 06:53:00 AM,W WATKINS MILL RD,NA,STRAIGHT MOVEMENT ANGLE,Cloudy,DRY,Medium,TRAFFIC SIGNAL,NONE DETECTED,Yes,Possible Minor Injury,N/A,UNKNOWN,MD,PASSENGER CAR,MOVING CONSTANT SPEED,35,No,2015,TOYOTA,COROLLA,39.15570167,-77.22710667,2023,3,6
230013126,Injury Crash,03/18/2023 06:53:00 AM,W WATKINS MILL RD,NA,STRAIGHT MOVEMENT ANGLE,Cloudy,DRY,Medium,TRAFFIC SIGNAL,NONE DETECTED,No,Possible Minor Injury,N/A,NOT DISTRACTED,MD,PASSENGER CAR,MAKING LEFT TURN,35,No,2019,TOYOTA,CAMRY,39.15570167,-77.22710667,2023,3,6
230013115,Property Damage Crash,03/18/2023 03:30:00 AM,NEW HAMPSHIRE AVE,NA,STRAIGHT MOVEMENT ANGLE,Clear,DRY,Medium,FLASHING TRAFFIC SIGNAL,NONE DETECTED,No,No Apparent Injury,N/A,NOT DISTRACTED,MD,PASSENGER CAR,MOVING CONSTANT SPEED,45,No,2012,TOYOTA,COROLLA,39.04649667,-76.99388833,2023,3,3
230013115,Property Damage Crash,03/18/2023 03:30:00 AM,NEW HAMPSHIRE AVE,NA,STRAIGHT MOVEMENT ANGLE,Clear,DRY,Medium,FLASHING TRAFFIC SIGNAL,ALCOHOL PRESENT,Yes,No Apparent Injury,N/A,LOOKED BUT DID NOT SEE,VA,PASSENGER CAR,MAKING LEFT TURN,25,No,2021,VOLKSWAGEN,PASSAT,39.04649667,-76.99388833,2023,3,3
230013118,Property Damage Crash,03/18/2023 02:45:00 AM,VEIRS MILL RD,NA,SINGLE VEHICLE,Clear,DRY,Medium,TRAFFIC SIGNAL,ALCOHOL PRESENT,Yes,No Apparent Injury,N/A,UNKNOWN,MD,PASSENGER CAR,MOVING CONSTANT SPEED,35,No,2003,TOYOTA,COROLLA,39.03814262,-77.05258349,2023,3,2
230013095,Property Damage Crash,03/17/2023 11:04:00 PM,WOODFIELD RD,NA,SAME DIR BOTH LEFT TURN,Clear,WET,Medium,TRAFFIC SIGNAL,NONE DETECTED,Yes,No Apparent Injury,N/A,LOOKED BUT DID NOT SEE,MD,PASSENGER CAR,MAKING LEFT TURN,35,No,2001,TOYOTA,TK,39.1591334,-77.16036426,2023,3,23
230013095,Property Damage Crash,03/17/2023 11:04:00 PM,WOODFIELD RD,NA,SAME DIR BOTH LEFT TURN,Clear,WET,Medium,TRAFFIC SIGNAL,NONE DETECTED,No,No Apparent Injury,N/A,NOT DISTRACTED,MD,"MEDIUM/HEAVY TRUCKS 3 AXLES (OVER 10,000LBS (4,536KG))",MAKING LEFT TURN,35,No,2002,INTL,DS,39.1591334,-77.16036426,2023,3,23
230013065,Injury Crash,03/17/2023 07:56:00 PM,NA,PEDESTRIAN,SINGLE VEHICLE,Clear,NA,Medium,NO CONTROLS,NONE DETECTED,No,No Apparent Injury,N/A,NOT DISTRACTED,MD,VAN,MOVING CONSTANT SPEED,25,No,2007,TOYOTA,SIENNA,38.99953537,-77.20114463,2023,3,19
230013063,Injury Crash,03/17/2023 07:34:00 PM,ROCKLEDGE DR,NA,SAME DIR REAR END,Clear,DRY,Medium,NO CONTROLS,NONE DETECTED,Yes,No Apparent Injury,N/A,LOOKED BUT DID NOT SEE,MD,PASSENGER CAR,MOVING CONSTANT SPEED,35,No,2015,TOYOTA,COROLLA,39.02449,-77.13277167,2023,3,19
230013063,Injury Crash,03/17/2023 07:34:00 PM,ROCKLEDGE DR,NA,SAME DIR REAR END,Clear,DRY,Medium,NO CONTROLS,NONE DETECTED,No,Possible Minor Injury,N/A,NOT DISTRACTED,MD,PASSENGER CAR,PARKED,35,No,2007,HONDA,CIVIC,39.02449,-77.13277167,2023,3,19
230013049,Property Damage Crash,03/17/2023 06:10:00 PM,NA,NA,SAME DIR REAR END,Clear,NA,Daylight,NO CONTROLS,NONE DETECTED,Yes,No Apparent Injury,N/A,UNKNOWN,NA,NA,MOVING CONSTANT SPEED,15,No,0,UNKNOWN,UNKNOWN,39.1702685,-77.26191666,2023,3,18
230013049,Property Damage Crash,03/17/2023 06:10:00 PM,NA,NA,SAME DIR REAR END,Clear,NA,Daylight,NO CONTROLS,NONE DETECTED,No,No Apparent Injury,N/A,NOT DISTRACTED,MD,(SPORT) UTILITY VEHICLE,MAKING RIGHT TURN,15,No,2021,CHEVROLET,EQUINOX,39.1702685,-77.26191666,2023,3,18
230013028,Property Damage Crash,03/17/2023 04:26:00 PM,DEXTER AVE,NA,SAME DIRECTION RIGHT TURN,Clear,DRY,Daylight,NO CONTROLS,NONE DETECTED,Yes,No Apparent Injury,N/A,UNKNOWN,MD,ALL TERRAIN VEHICLE (ATV),MOVING CONSTANT SPEED,35,No,2009,NISS,ROGUE,39.02218504,-77.04569065,2023,3,16
230013017,Property Damage Crash,03/17/2023 04:00:00 PM,S SUMMIT AVE,NA,ANGLE MEETS LEFT TURN,Clear,DRY,Daylight,NO CONTROLS,NONE DETECTED,Yes,No Apparent Injury,N/A,LOOKED BUT DID NOT SEE,MD,PASSENGER CAR,MAKING LEFT TURN,25,No,2016,SUBARU,OUTBACK,39.141014,-77.19371717,2023,3,16
230013017,Property Damage Crash,03/17/2023 04:00:00 PM,S SUMMIT AVE,NA,ANGLE MEETS LEFT TURN,Clear,DRY,Daylight,NO CONTROLS,NONE DETECTED,No,No Apparent Injury,N/A,NOT DISTRACTED,MD,PASSENGER CAR,MOVING CONSTANT SPEED,25,No,2004,TOYOTA,COROLLA,39.141014,-77.19371717,2023,3,16
230013021,Property Damage Crash,03/17/2023 03:47:00 PM,RANDOLPH RD,NA,SAME DIR REAR END,Clear,DRY,Daylight,TRAFFIC SIGNAL,NONE DETECTED,No,No Apparent Injury,N/A,NOT DISTRACTED,MD,VAN,SLOWING OR STOPPING,40,No,2019,HONDA,ODY,39.05951583,-77.04721983,2023,3,15
230013021,Property Damage Crash,03/17/2023 03:47:00 PM,RANDOLPH RD,NA,SAME DIR REAR END,Clear,DRY,Daylight,TRAFFIC SIGNAL,NONE DETECTED,Yes,No Apparent Injury,N/A,LOOKED BUT DID NOT SEE,MD,VAN,SLOWING OR STOPPING,40,No,2018,CHRY,VN,39.05951583,-77.04721983,2023,3,15
230013022,Injury Crash,03/17/2023 03:45:00 PM,RANDOLPH RD,NA,STRAIGHT MOVEMENT ANGLE,Cloudy,DRY,Daylight,N/A,NONE DETECTED,No,No Apparent Injury,N/A,NOT DISTRACTED,MD,PASSENGER CAR,MOVING CONSTANT SPEED,35,No,2014,CHRY,VN,39.05344559,-77.10764305,2023,3,15
230013022,Injury Crash,03/17/2023 03:45:00 PM,RANDOLPH RD,NA,STRAIGHT MOVEMENT ANGLE,Cloudy,DRY,Daylight,N/A,NONE DETECTED,Yes,No Apparent Injury,N/A,UNKNOWN,MD,PASSENGER CAR,ENTERING TRAFFIC LANE,35,No,2015,KIA,SD,39.05344559,-77.10764305,2023,3,15
230013010,Property Damage Crash,03/17/2023 03:40:00 PM,FIRSTFIELD RD,NA,STRAIGHT MOVEMENT ANGLE,Cloudy,WET,Daylight,STOP SIGN,NONE DETECTED,No,No Apparent Injury,"N/A, WET",NOT DISTRACTED,MD,PASSENGER CAR,SLOWING OR STOPPING,30,No,2011,TOYT,COROLLA,39.14181667,-77.22448,2023,3,15
230013010,Property Damage Crash,03/17/2023 03:40:00 PM,FIRSTFIELD RD,NA,STRAIGHT MOVEMENT ANGLE,Cloudy,WET,Daylight,STOP SIGN,NONE DETECTED,Yes,No Apparent Injury,"N/A, WET",NOT DISTRACTED,MD,POLICE VEHICLE/EMERGENCY,MAKING LEFT TURN,30,No,2021,NISS,SENTRA,39.14181667,-77.22448,2023,3,15
230014246,Property Damage Crash,03/17/2023 03:35:00 PM,NA,NA,SINGLE VEHICLE,Clear,NA,Daylight,N/A,NONE DETECTED,Yes,No Apparent Injury,N/A,UNKNOWN,MD,POLICE VEHICLE/NON EMERGENCY,BACKING,0,No,2017,FORD,PRISONER TNSPT VAN,39.06911692,-77.16148105,2023,3,15
230013008,Property Damage Crash,03/17/2023 03:25:00 PM,MONTGOMERY VILLAGE AVE,NA,HEAD ON LEFT TURN,Cloudy,WET,Daylight,TRAFFIC SIGNAL,NONE DETECTED,Yes,No Apparent Injury,"N/A, WET",LOOKED BUT DID NOT SEE,MD,PASSENGER CAR,MAKING LEFT TURN,35,No,2013,HONDA,CIVIC,39.17390333,-77.20365733,2023,3,15
230013008,Property Damage Crash,03/17/2023 03:25:00 PM,MONTGOMERY VILLAGE AVE,NA,HEAD ON LEFT TURN,Cloudy,WET,Daylight,TRAFFIC SIGNAL,NONE DETECTED,No,No Apparent Injury,"N/A, WET",NOT DISTRACTED,MD,PASSENGER CAR,MOVING CONSTANT SPEED,35,No,2020,FORD,UT,39.17390333,-77.20365733,2023,3,15
230013016,Property Damage Crash,03/17/2023 03:20:00 PM,EAST WEST HWY,NA,SAME DIR REAR END,Cloudy,DRY,Daylight,NO CONTROLS,NONE DETECTED,No,No Apparent Injury,N/A,NOT DISTRACTED,MD,PASSENGER CAR,SLOWING OR STOPPING,35,No,2014,TOYOTA,CAMRY,38.99598517,-77.04143817,2023,3,15
230013009,Property Damage Crash,03/17/2023 03:20:00 PM,GOSHEN RD,NA,ANGLE MEETS LEFT TURN,Rain,WET,Daylight,TRAFFIC SIGNAL,NONE DETECTED,No,No Apparent Injury,"RAIN, SNOW, WET",NOT DISTRACTED,MD,PASSENGER CAR,STARTING FROM LANE,30,No,2018,VOLK,SUV,39.18709167,-77.18795,2023,3,15
230013016,Property Damage Crash,03/17/2023 03:20:00 PM,EAST WEST HWY,NA,SAME DIR REAR END,Cloudy,DRY,Daylight,NO CONTROLS,NONE DETECTED,Yes,No Apparent Injury,N/A,INATTENTIVE OR LOST IN THOUGHT,MD,PASSENGER CAR,SLOWING OR STOPPING,35,No,2017,TOYT,4S,38.99598517,-77.04143817,2023,3,15
230013009,Property Damage Crash,03/17/2023 03:20:00 PM,GOSHEN RD,NA,ANGLE MEETS LEFT TURN,Rain,WET,Daylight,TRAFFIC SIGNAL,NONE DETECTED,Yes,No Apparent Injury,"RAIN, SNOW, WET",NOT DISTRACTED,NA,PASSENGER CAR,MOVING CONSTANT SPEED,30,No,2013,FORD,PICKUP,39.18709167,-77.18795,2023,3,15
230013019,Property Damage Crash,03/17/2023 02:50:00 PM,GEORGIA AVE,NA,SAME DIRECTION SIDESWIPE,Clear,DRY,Daylight,N/A,NONE DETECTED,Yes,No Apparent Injury,N/A,NOT DISTRACTED,MD,PASSENGER CAR,MOVING CONSTANT SPEED,35,No,2004,MITS,ECLIPSE,39.14257483,-77.0669545,2023,3,14
230013019,Property Damage Crash,03/17/2023 02:50:00 PM,GEORGIA AVE,NA,SAME DIRECTION SIDESWIPE,Clear,DRY,Daylight,N/A,NONE DETECTED,No,No Apparent Injury,N/A,NOT DISTRACTED,WV,TRANSIT BUS,MOVING CONSTANT SPEED,35,No,2000,2011,EXPRESS,39.14257483,-77.0669545,2023,3,14
230013012,Property Damage Crash,03/17/2023 02:31:00 PM,NA,NA,OTHER,Rain,NA,Daylight,NO CONTROLS,NONE DETECTED,Yes,No Apparent Injury,"N/A, WET",LOOKED BUT DID NOT SEE,NA,UNKNOWN,STARTING FROM PARKED,5,No,0,UNKNOWN,UNKNOWN,39.039935,-77.066795,2023,3,14
230013012,Property Damage Crash,03/17/2023 02:31:00 PM,NA,NA,OTHER,Rain,NA,Daylight,NO CONTROLS,NONE DETECTED,No,No Apparent Injury,"N/A, WET",NOT DISTRACTED,MD,SCHOOL BUS,PARKED,5,No,2012,THOM,BU,39.039935,-77.066795,2023,3,14
230012994,Injury Crash,03/17/2023 02:15:00 PM,NA,OTHER,SINGLE VEHICLE,Rain,NA,Daylight,NO CONTROLS,NONE DETECTED,Yes,Possible Minor Injury,"RAIN, SNOW, WET",UNKNOWN,MD,PASSENGER CAR,BACKING,5,No,2012,MERZ,C300,39.17951317,-77.0652365,2023,3,14
230012984,Property Damage Crash,03/17/2023 01:13:00 PM,BONNIBELLE PL,NA,OTHER,Rain,WET,Daylight,NO CONTROLS,NONE DETECTED,Yes,No Apparent Injury,N/A,UNKNOWN,PA,FIRE VEHICLE/EMERGENCY,MOVING CONSTANT SPEED,10,No,2008,SPAR,TRUCK,39.10791167,-77.1718195,2023,3,13
230012974,Injury Crash,03/17/2023 12:51:00 PM,E JEFFERSON ST,NA,HEAD ON LEFT TURN,Rain,WET,Daylight,NO CONTROLS,NONE DETECTED,Yes,No Apparent Injury,"N/A, RAIN, SNOW",LOOKED BUT DID NOT SEE,MD,(SPORT) UTILITY VEHICLE,MAKING LEFT TURN,30,No,2017,TOYOTA,RAV4,39.05735367,-77.12625425,2023,3,12
230012974,Injury Crash,03/17/2023 12:51:00 PM,E JEFFERSON ST,NA,HEAD ON LEFT TURN,Rain,WET,Daylight,NO CONTROLS,NONE DETECTED,No,Possible Minor Injury,"N/A, RAIN, SNOW",NOT DISTRACTED,MD,(SPORT) UTILITY VEHICLE,MOVING CONSTANT SPEED,30,No,2014,TOYOTA,HIGHLANDER,39.05735367,-77.12625425,2023,3,12
230012998,Property Damage Crash,03/17/2023 12:16:00 PM,NA,NA,STRAIGHT MOVEMENT ANGLE,Rain,NA,Daylight,NO CONTROLS,NONE DETECTED,Yes,No Apparent Injury,N/A,UNKNOWN,MD,PASSENGER CAR,BACKING,10,No,1998,INFINITI,Q45,39.08915833,-77.06734817,2023,3,12