Local Case Number,ACRS Report Type,Crash Date/Time,Road Name,Related Non-Motorist,Collision Type,Weather,Surface Condition,Light,Traffic Control,Driver Substance Abuse,Driver At Fault,Injury Severity,Circumstance,Driver Distracted By,Drivers License State,Vehicle Body Type,Vehicle Movement,Speed Limit,Driverless Vehicle,Vehicle Year,Vehicle Make,Vehicle Model,Latitude,Longitude,Year,Month,Hour
230012998,Property Damage Crash,03/17/2023 12:16:00 PM,NA,NA,STRAIGHT MOVEMENT ANGLE,Rain,NA,Daylight,NO CONTROLS,NONE DETECTED,No,No Apparent Injury,N/A,NOT DISTRACTED,MD,PASSENGER CAR,MOVING CONSTANT SPEED,10,No,2005,HONDA,CRV,39.08915833,-77.06734817,2023,3,12
230012965,Property Damage Crash,03/17/2023 11:59:00 AM,INDEPENDENCE ST,NA,STRAIGHT MOVEMENT ANGLE,Rain,WET,Daylight,STOP SIGN,NONE DETECTED,No,No Apparent Injury,"RAIN, SNOW, WET",NOT DISTRACTED,MD,PASSENGER CAR,MOVING CONSTANT SPEED,35,No,2004,TOYOTA,SOLARA,39.0757715,-77.08181733,2023,3,11
230012965,Property Damage Crash,03/17/2023 11:59:00 AM,INDEPENDENCE ST,NA,STRAIGHT MOVEMENT ANGLE,Rain,WET,Daylight,STOP SIGN,NONE DETECTED,Yes,No Apparent Injury,"RAIN, SNOW, WET",NOT DISTRACTED,MD,PASSENGER CAR,ACCELERATING,35,No,2017,HONDA,CRV,39.0757715,-77.08181733,2023,3,11
230012956,Property Damage Crash,03/17/2023 11:25:00 AM,FREDERICK RD,NA,HEAD ON LEFT TURN,Rain,WET,Daylight,NO CONTROLS,NONE DETECTED,No,No Apparent Injury,N/A,NOT DISTRACTED,MD,PASSENGER CAR,ACCELERATING,45,No,2022,TESLA,MODEL 3,39.20668017,-77.2468595,2023,3,11
230012956,Property Damage Crash,03/17/2023 11:25:00 AM,FREDERICK RD,NA,HEAD ON LEFT TURN,Rain,WET,Daylight,NO CONTROLS,NONE DETECTED,Yes,No Apparent Injury,N/A,NOT DISTRACTED,MD,VAN,MAKING LEFT TURN,45,No,2009,HONDA,ODYSSEY,39.20668017,-77.2468595,2023,3,11
230012937,Property Damage Crash,03/17/2023 09:22:00 AM,NA,NA,OPPOSITE DIRECTION SIDESWIPE,Cloudy,NA,Daylight,N/A,NONE DETECTED,Yes,No Apparent Injury,N/A,UNKNOWN,NA,PASSENGER CAR,MAKING RIGHT TURN,30,No,2012,VOLKSWAGON,JETTA,39.06056472,-77.12766576,2023,3,9
230012937,Property Damage Crash,03/17/2023 09:22:00 AM,NA,NA,OPPOSITE DIRECTION SIDESWIPE,Cloudy,NA,Daylight,N/A,NONE DETECTED,No,No Apparent Injury,N/A,NOT DISTRACTED,MD,(SPORT) UTILITY VEHICLE,STOPPED IN TRAFFIC LANE,30,No,2017,VOLVO,XC90,39.06056472,-77.12766576,2023,3,9
230012933,Injury Crash,03/17/2023 09:12:00 AM,DUFIEF MILL RD,NA,ANGLE MEETS LEFT HEAD ON,Clear,DRY,Daylight,N/A,NONE DETECTED,No,Possible Minor Injury,N/A,NOT DISTRACTED,MD,PASSENGER CAR,MOVING CONSTANT SPEED,35,No,2009,JEEP,TK,39.0978405,-77.2286005,2023,3,9
230012933,Injury Crash,03/17/2023 09:12:00 AM,DUFIEF MILL RD,NA,ANGLE MEETS LEFT HEAD ON,Clear,DRY,Daylight,N/A,NONE DETECTED,Yes,No Apparent Injury,N/A,UNKNOWN,MD,PASSENGER CAR,ACCELERATING,35,No,2021,MAZDA,CX5,39.0978405,-77.2286005,2023,3,9
230012932,Property Damage Crash,03/17/2023 08:55:00 AM,BIRCHTREE LA,NA,OTHER,Cloudy,DRY,Daylight,NO CONTROLS,NONE DETECTED,Yes,No Apparent Injury,N/A,NOT DISTRACTED,MD,SCHOOL BUS,BACKING,25,No,2016,THOM,BU,39.08565833,-77.06393517,2023,3,8
230012928,Property Damage Crash,03/17/2023 08:31:00 AM,FOGGY GLEN DR,NA,OTHER,Clear,DRY,Daylight,NO CONTROLS,NONE DETECTED,Yes,No Apparent Injury,N/A,LOOKED BUT DID NOT SEE,MD,SCHOOL BUS,MOVING CONSTANT SPEED,15,No,2022,THOMAS,BUS,39.15002333,-77.02704833,2023,3,8
230012921,Injury Crash,03/17/2023 07:50:00 AM,FREDERICK RD,NA,SAME DIR REAR END,Clear,DRY,Daylight,N/A,NONE DETECTED,No,No Apparent Injury,N/A,NOT DISTRACTED,MD,PASSENGER CAR,STOPPED IN TRAFFIC LANE,40,No,2018,JEEP,COMPASS,39.19393833,-77.24351833,2023,3,7
230012926,Injury Crash,03/17/2023 07:50:00 AM,FREDERICK RD,NA,SAME DIR REAR END,Clear,DRY,Daylight,N/A,NONE DETECTED,Yes,No Apparent Injury,N/A,NOT DISTRACTED,MD,PASSENGER CAR,SLOWING OR STOPPING,40,No,2015,JEEP,LIBERTY,39.19377167,-77.24348833,2023,3,7
230012921,Injury Crash,03/17/2023 07:50:00 AM,FREDERICK RD,NA,SAME DIR REAR END,Clear,DRY,Daylight,N/A,NONE DETECTED,No,No Apparent Injury,N/A,NOT DISTRACTED,MD,(SPORT) UTILITY VEHICLE,STOPPED IN TRAFFIC LANE,40,No,2011,AUDI,Q5,39.19393833,-77.24351833,2023,3,7
230012926,Injury Crash,03/17/2023 07:50:00 AM,FREDERICK RD,NA,SAME DIR REAR END,Clear,DRY,Daylight,N/A,NONE DETECTED,No,Possible Minor Injury,N/A,NOT DISTRACTED,MD,PASSENGER CAR,STOPPED IN TRAFFIC LANE,40,No,2021,TOYOTA,CAMRY,39.19377167,-77.24348833,2023,3,7
230012921,Injury Crash,03/17/2023 07:50:00 AM,FREDERICK RD,NA,SAME DIR REAR END,Clear,DRY,Daylight,N/A,NONE DETECTED,Yes,Possible Minor Injury,N/A,INATTENTIVE OR LOST IN THOUGHT,MD,PASSENGER CAR,MOVING CONSTANT SPEED,40,No,2021,TOYOTA,CAMRY,39.19393833,-77.24351833,2023,3,7
230013070,Property Damage Crash,03/17/2023 07:40:00 AM,ELLSWORTH DR,NA,SAME DIRECTION SIDESWIPE,Clear,DRY,Medium,TRAFFIC SIGNAL,NONE DETECTED,Yes,No Apparent Injury,N/A,INATTENTIVE OR LOST IN THOUGHT,DC,(SPORT) UTILITY VEHICLE,MOVING CONSTANT SPEED,30,No,2021,MERC,CG,38.99520236,-77.02713625,2023,3,7
230013070,Property Damage Crash,03/17/2023 07:40:00 AM,ELLSWORTH DR,NA,SAME DIRECTION SIDESWIPE,Clear,DRY,Medium,TRAFFIC SIGNAL,NONE DETECTED,No,No Apparent Injury,N/A,NOT DISTRACTED,MD,TRANSIT BUS,MOVING CONSTANT SPEED,30,No,2021,UK,BUS,38.99520236,-77.02713625,2023,3,7
230012916,Property Damage Crash,03/17/2023 07:15:00 AM,NA,NA,SINGLE VEHICLE,Cloudy,NA,Daylight,NO CONTROLS,NONE DETECTED,No,No Apparent Injury,N/A,NOT DISTRACTED,MD,SCHOOL BUS,MOVING CONSTANT SPEED,10,No,2020,THOM,BUS,39.08739767,-77.07717733,2023,3,7
230012923,Property Damage Crash,03/17/2023 07:15:00 AM,DORSEY RD,NA,SINGLE VEHICLE,Clear,DRY,Daylight,NO CONTROLS,NONE DETECTED,Yes,No Apparent Injury,N/A,NOT DISTRACTED,PA,PICKUP TRUCK,MOVING CONSTANT SPEED,25,No,2019,RAM,TK,39.19752363,-77.14406579,2023,3,7
230012915,Property Damage Crash,03/17/2023 06:42:00 AM,MAPLE AVE,NA,SAME DIR REND LEFT TURN,Clear,DRY,Medium,STOP SIGN,NONE DETECTED,Yes,No Apparent Injury,N/A,NOT DISTRACTED,MD,FIRE VEHICLE/EMERGENCY,MAKING LEFT TURN,10,No,2008,SPARTA,N/A,38.97665833,-77.01329833,2023,3,6
230012903,Property Damage Crash,03/17/2023 01:18:00 AM,RIDGE RD,NA,SINGLE VEHICLE,Clear,DRY,Medium,NO CONTROLS,NONE DETECTED,Yes,No Apparent Injury,N/A,INATTENTIVE OR LOST IN THOUGHT,MD,PASSENGER CAR,MOVING CONSTANT SPEED,40,No,2020,KIA,OPTIMA,39.2712735,-77.21646967,2023,3,1
230012899,Property Damage Crash,03/16/2023 11:36:00 PM,MONTGOMERY AVE,NA,SAME DIRECTION SIDESWIPE,Clear,DRY,Medium,NO CONTROLS,NONE DETECTED,No,No Apparent Injury,N/A,NOT DISTRACTED,MD,PASSENGER CAR,MOVING CONSTANT SPEED,35,No,2019,FORD,TK,38.98614123,-77.08625494,2023,3,23
230012899,Property Damage Crash,03/16/2023 11:36:00 PM,MONTGOMERY AVE,NA,SAME DIRECTION SIDESWIPE,Clear,DRY,Medium,NO CONTROLS,NONE DETECTED,Yes,No Apparent Injury,N/A,UNKNOWN,NA,PASSENGER CAR,MOVING CONSTANT SPEED,35,No,2014,TOYOTA,4D,38.98614123,-77.08625494,2023,3,23
230021889,Injury Crash,03/16/2023 09:00:00 PM,NA,NA,SINGLE VEHICLE,Clear,NA,Medium,NO CONTROLS,ALCOHOL PRESENT,Yes,Possible Minor Injury,N/A,INATTENTIVE OR LOST IN THOUGHT,MD,PASSENGER CAR,UNKNOWN,20,No,2015,FORD,ESCAPE,39.18460833,-77.24874833,2023,3,21
230012886,Property Damage Crash,03/16/2023 08:55:00 PM,TWINBROOK PKWY,NA,SAME DIRECTION SIDESWIPE,Clear,DRY,Medium,TRAFFIC SIGNAL,NONE DETECTED,No,No Apparent Injury,N/A,NOT DISTRACTED,MD,(SPORT) UTILITY VEHICLE,MOVING CONSTANT SPEED,30,No,2011,HONDA,UT,39.0732029,-77.11209572,2023,3,20
230012886,Property Damage Crash,03/16/2023 08:55:00 PM,TWINBROOK PKWY,NA,SAME DIRECTION SIDESWIPE,Clear,DRY,Medium,TRAFFIC SIGNAL,NONE DETECTED,Yes,No Apparent Injury,N/A,NOT DISTRACTED,XX,PASSENGER CAR,PASSING,30,No,2000,TOY,HB,39.0732029,-77.11209572,2023,3,20
230012882,Property Damage Crash,03/16/2023 08:08:00 PM,TWINBROOK PKWY,NA,SAME DIRECTION SIDESWIPE,Clear,DRY,Medium,TRAFFIC SIGNAL,NONE DETECTED,No,No Apparent Injury,N/A,NOT DISTRACTED,MD,TRANSIT BUS,STOPPED IN TRAFFIC LANE,30,No,2013,GILL,BU,39.07313263,-77.1121554,2023,3,20
230012882,Property Damage Crash,03/16/2023 08:08:00 PM,TWINBROOK PKWY,NA,SAME DIRECTION SIDESWIPE,Clear,DRY,Medium,TRAFFIC SIGNAL,NONE DETECTED,Yes,No Apparent Injury,N/A,UNKNOWN,MD,(SPORT) UTILITY VEHICLE,PASSING,30,No,2019,MITS,OUTLANDER,39.07313263,-77.1121554,2023,3,20
230012887,Property Damage Crash,03/16/2023 07:57:00 PM,PINEY BRANCH RD,NA,SAME DIR REAR END,Clear,DRY,Medium,NO CONTROLS,NONE DETECTED,Yes,No Apparent Injury,N/A,OTHER DISTRACTION,NA,PASSENGER CAR,MOVING CONSTANT SPEED,35,No,2017,CHEVY,MALIBU,38.99929444,-76.99557369,2023,3,19
230012887,Property Damage Crash,03/16/2023 07:57:00 PM,PINEY BRANCH RD,NA,SAME DIR REAR END,Clear,DRY,Medium,NO CONTROLS,NONE DETECTED,No,No Apparent Injury,N/A,NOT DISTRACTED,MD,PASSENGER CAR,MOVING CONSTANT SPEED,35,No,2021,HONDA,CIVIC,38.99929444,-76.99557369,2023,3,19
230012877,Injury Crash,03/16/2023 07:53:00 PM,OVERLOOK DR,NA,ANGLE MEETS LEFT TURN,Clear,DRY,Medium,NO CONTROLS,NONE DETECTED,No,No Apparent Injury,N/A,NOT DISTRACTED,MD,PASSENGER CAR,MOVING CONSTANT SPEED,35,No,2008,NISSAN,TITAN,39.02443883,-76.97952833,2023,3,19
230012877,Injury Crash,03/16/2023 07:53:00 PM,OVERLOOK DR,NA,ANGLE MEETS LEFT TURN,Clear,DRY,Medium,NO CONTROLS,NONE DETECTED,Yes,No Apparent Injury,N/A,INATTENTIVE OR LOST IN THOUGHT,XX,PASSENGER CAR,ENTERING TRAFFIC LANE,35,No,2010,KIA,FORTE,39.02443883,-76.97952833,2023,3,19
230012861,Property Damage Crash,03/16/2023 06:20:00 PM,PINEY BRANCH RD,NA,SAME DIR REAR END,Clear,DRY,Daylight,N/A,NONE DETECTED,Yes,No Apparent Injury,N/A,UNKNOWN,MD,PASSENGER CAR,MOVING CONSTANT SPEED,30,No,2014,BMW,SUV,38.985563,-77.01405783,2023,3,18
230012861,Property Damage Crash,03/16/2023 06:20:00 PM,PINEY BRANCH RD,NA,SAME DIR REAR END,Clear,DRY,Daylight,N/A,NONE DETECTED,No,No Apparent Injury,N/A,UNKNOWN,MD,PASSENGER CAR,MOVING CONSTANT SPEED,30,No,1997,HONDA,ACCORD,38.985563,-77.01405783,2023,3,18
230012865,Property Damage Crash,03/16/2023 05:50:00 PM,NA,NA,OTHER,Clear,NA,Daylight,NO CONTROLS,NONE DETECTED,Yes,No Apparent Injury,N/A,LOOKED BUT DID NOT SEE,MD,(SPORT) UTILITY VEHICLE,PARKING,25,No,2018,HYUNDAI,TUCSON,38.96345067,-77.1068453,2023,3,17
230012851,Injury Crash,03/16/2023 05:29:00 PM,MASSACHUSETTS AVE,NA,HEAD ON LEFT TURN,Clear,DRY,Daylight,NO CONTROLS,NONE DETECTED,Yes,Possible Minor Injury,N/A,NOT DISTRACTED,DC,PASSENGER CAR,MAKING U TURN,35,No,2018,VOLK,ATLAS,38.95600027,-77.10583885,2023,3,17
230012851,Injury Crash,03/16/2023 05:29:00 PM,MASSACHUSETTS AVE,NA,HEAD ON LEFT TURN,Clear,DRY,Daylight,NO CONTROLS,NONE DETECTED,No,No Apparent Injury,N/A,NOT DISTRACTED,MD,PASSENGER CAR,MOVING CONSTANT SPEED,35,No,2015,HOND,CIVIC,38.95600027,-77.10583885,2023,3,17
230012850,Property Damage Crash,03/16/2023 04:55:00 PM,MARYLAND AVE,NA,SAME DIR REAR END,Clear,DRY,Daylight,N/A,NONE DETECTED,Yes,No Apparent Injury,N/A,LOOKED BUT DID NOT SEE,MD,"CARGO VAN/LIGHT TRUCK 2 AXLES (OVER 10,000LBS (4,536 KG))",MOVING CONSTANT SPEED,30,No,2011,TOYOTA,SIENNA,39.07955833,-77.154825,2023,3,16
230012850,Property Damage Crash,03/16/2023 04:55:00 PM,MARYLAND AVE,NA,SAME DIR REAR END,Clear,DRY,Daylight,N/A,NONE DETECTED,No,No Apparent Injury,N/A,NOT DISTRACTED,DC,(SPORT) UTILITY VEHICLE,SLOWING OR STOPPING,30,No,2014,FORD,ESCAPE,39.07955833,-77.154825,2023,3,16
230012844,Injury Crash,03/16/2023 04:43:00 PM,NORBECK RD,NA,HEAD ON LEFT TURN,Clear,DRY,Daylight,NO CONTROLS,NONE DETECTED,Yes,No Apparent Injury,N/A,UNKNOWN,MD,PASSENGER CAR,MAKING LEFT TURN,35,No,2021,CHEV,HB,39.08702566,-77.13487428,2023,3,16
230012844,Injury Crash,03/16/2023 04:43:00 PM,NORBECK RD,NA,HEAD ON LEFT TURN,Clear,DRY,Daylight,NO CONTROLS,NONE DETECTED,No,Possible Minor Injury,N/A,NOT DISTRACTED,MD,PASSENGER CAR,STOPPED IN TRAFFIC LANE,35,No,2002,NISS,SD,39.08702566,-77.13487428,2023,3,16
230012844,Injury Crash,03/16/2023 04:43:00 PM,NORBECK RD,NA,HEAD ON LEFT TURN,Clear,DRY,Daylight,NO CONTROLS,NONE DETECTED,No,Suspected Serious Injury,N/A,NOT DISTRACTED,MD,PASSENGER CAR,MOVING CONSTANT SPEED,35,No,2020,HYUN,4S,39.08702566,-77.13487428,2023,3,16
230012833,Property Damage Crash,03/16/2023 04:30:00 PM,OLD COLUMBIA PIKE,NA,HEAD ON LEFT TURN,Clear,DRY,Daylight,TRAFFIC SIGNAL,NONE DETECTED,Unknown,No Apparent Injury,N/A,LOOKED BUT DID NOT SEE,MD,PASSENGER CAR,MAKING LEFT TURN,40,No,2006,MERCARY,UT,39.11271283,-76.93295717,2023,3,16
230012833,Property Damage Crash,03/16/2023 04:30:00 PM,OLD COLUMBIA PIKE,NA,HEAD ON LEFT TURN,Clear,DRY,Daylight,TRAFFIC SIGNAL,NONE DETECTED,Unknown,No Apparent Injury,N/A,LOOKED BUT DID NOT SEE,MD,PASSENGER CAR,ACCELERATING,40,No,2022,TOYT,UT,39.11271283,-76.93295717,2023,3,16
230012832,Injury Crash,03/16/2023 04:28:00 PM,KEY WEST AVE,NA,SAME DIR REAR END,Clear,DRY,Daylight,N/A,NONE DETECTED,Yes,No Apparent Injury,N/A,NOT DISTRACTED,MD,PASSENGER CAR,MOVING CONSTANT SPEED,40,No,2016,DODGE,JOURNEY,39.10527289,-77.19414504,2023,3,16
230012832,Injury Crash,03/16/2023 04:28:00 PM,KEY WEST AVE,NA,SAME DIR REAR END,Clear,DRY,Daylight,N/A,NONE DETECTED,No,Possible Minor Injury,N/A,NOT DISTRACTED,MD,VAN,MOVING CONSTANT SPEED,40,No,2019,MERCEDES BENZ,SPRINTER,39.10527289,-77.19414504,2023,3,16
230012832,Injury Crash,03/16/2023 04:28:00 PM,KEY WEST AVE,NA,SAME DIR REAR END,Clear,DRY,Daylight,N/A,NONE DETECTED,No,No Apparent Injury,N/A,NOT DISTRACTED,MD,PICKUP TRUCK,SLOWING OR STOPPING,40,No,2012,FORD,SUPERDUTY,39.10527289,-77.19414504,2023,3,16
230012830,Property Damage Crash,03/16/2023 04:04:00 PM,HAYWORTH DRIVE,NA,SINGLE VEHICLE,Clear,DRY,Daylight,NO CONTROLS,NONE DETECTED,Yes,No Apparent Injury,N/A,NOT DISTRACTED,MD,SCHOOL BUS,NEGOTIATING A CURVE,5,No,2021,THOMAS,MSDE-D-12,39.08094233,-77.21570833,2023,3,16
230012829,Injury Crash,03/16/2023 04:00:00 PM,GEORGIA AVE,NA,SAME DIRECTION SIDESWIPE,Clear,DRY,Daylight,NO CONTROLS,NONE DETECTED,No,Possible Minor Injury,N/A,NOT DISTRACTED,ND,MOTORCYCLE,ACCELERATING,30,No,2017,KAWASAKI,MOTO,39.15072104,-77.06658479,2023,3,16
230012829,Injury Crash,03/16/2023 04:00:00 PM,GEORGIA AVE,NA,SAME DIRECTION SIDESWIPE,Clear,DRY,Daylight,NO CONTROLS,NONE DETECTED,Yes,No Apparent Injury,N/A,LOOKED BUT DID NOT SEE,MD,PASSENGER CAR,MOVING CONSTANT SPEED,30,No,2019,MERCEDES,4S,39.15072104,-77.06658479,2023,3,16
230012823,Injury Crash,03/16/2023 03:39:00 PM,DEMOCRACY BLVD,NA,STRAIGHT MOVEMENT ANGLE,Clear,DRY,Daylight,TRAFFIC SIGNAL,NONE DETECTED,No,No Apparent Injury,N/A,NOT DISTRACTED,MD,PASSENGER CAR,MOVING CONSTANT SPEED,35,No,2017,FORD,F150,39.02223749,-77.16761467,2023,3,15
230012823,Injury Crash,03/16/2023 03:39:00 PM,DEMOCRACY BLVD,NA,STRAIGHT MOVEMENT ANGLE,Clear,DRY,Daylight,TRAFFIC SIGNAL,NONE DETECTED,Yes,No Apparent Injury,N/A,LOOKED BUT DID NOT SEE,MD,PASSENGER CAR,STARTING FROM LANE,35,No,2007,TOYOTA,AVALON,39.02223749,-77.16761467,2023,3,15
230012823,Injury Crash,03/16/2023 03:39:00 PM,DEMOCRACY BLVD,NA,STRAIGHT MOVEMENT ANGLE,Clear,DRY,Daylight,TRAFFIC SIGNAL,NONE DETECTED,No,No Apparent Injury,N/A,NOT DISTRACTED,MD,PASSENGER CAR,MOVING CONSTANT SPEED,35,No,2022,LUCID,SD,39.02223749,-77.16761467,2023,3,15
230012837,Injury Crash,03/16/2023 03:31:00 PM,NA,PEDESTRIAN,SINGLE VEHICLE,Clear,NA,Daylight,OTHER,NONE DETECTED,No,No Apparent Injury,N/A,NOT DISTRACTED,NA,TRANSIT BUS,SLOWING OR STOPPING,0,No,2013,NEW FLYER,TBU,38.99089667,-77.02791833,2023,3,15
230012811,Injury Crash,03/16/2023 03:03:00 PM,NA,NA,OTHER,Clear,NA,Daylight,NO CONTROLS,NONE DETECTED,No,Possible Minor Injury,N/A,NOT DISTRACTED,MD,PASSENGER CAR,PARKED,5,No,2018,HONDA,CIVIC,39.00894629,-76.99827604,2023,3,15
230012811,Injury Crash,03/16/2023 03:03:00 PM,NA,NA,OTHER,Clear,NA,Daylight,NO CONTROLS,NONE DETECTED,Yes,No Apparent Injury,N/A,OTHER DISTRACTION,MD,PASSENGER CAR,MOVING CONSTANT SPEED,5,No,2016,CHEVY,SILVERADO,39.00894629,-76.99827604,2023,3,15
230012806,Injury Crash,03/16/2023 03:00:00 PM,EISENHOWER MEMORIAL HWY,NA,SAME DIR REAR END,Clear,DRY,Daylight,NO CONTROLS,NONE DETECTED,No,No Apparent Injury,N/A,NOT DISTRACTED,MD,PASSENGER CAR,SLOWING OR STOPPING,55,No,2020,NISS,ALTIMA,39.161245,-77.2331,2023,3,15
230012806,Injury Crash,03/16/2023 03:00:00 PM,EISENHOWER MEMORIAL HWY,NA,SAME DIR REAR END,Clear,DRY,Daylight,NO CONTROLS,DRUG PRESENT,No,No Apparent Injury,N/A,NOT DISTRACTED,MD,PASSENGER CAR,SLOWING OR STOPPING,55,No,2013,HOND,ACCORD,39.161245,-77.2331,2023,3,15
230012806,Injury Crash,03/16/2023 03:00:00 PM,EISENHOWER MEMORIAL HWY,NA,SAME DIR REAR END,Clear,DRY,Daylight,NO CONTROLS,NONE DETECTED,No,Possible Minor Injury,N/A,NOT DISTRACTED,MD,(SPORT) UTILITY VEHICLE,SLOWING OR STOPPING,55,No,2019,ACUR,MDX,39.161245,-77.2331,2023,3,15
230012806,Injury Crash,03/16/2023 03:00:00 PM,EISENHOWER MEMORIAL HWY,NA,SAME DIR REAR END,Clear,DRY,Daylight,NO CONTROLS,NONE DETECTED,Yes,No Apparent Injury,N/A,LOOKED BUT DID NOT SEE,MD,POLICE VEHICLE/NON EMERGENCY,MOVING CONSTANT SPEED,55,No,2015,FORD,INTERCEPTOR,39.161245,-77.2331,2023,3,15
230012800,Injury Crash,03/16/2023 02:30:00 PM,SHADY GROVE RD,NA,STRAIGHT MOVEMENT ANGLE,Clear,DRY,Daylight,TRAFFIC SIGNAL,NONE DETECTED,Yes,Possible Minor Injury,N/A,UNKNOWN,MD,"OTHER LIGHT TRUCKS (10,000LBS (4,536KG) OR LESS)",MOVING CONSTANT SPEED,35,No,2016,JEEP,TK,39.11199711,-77.18690308,2023,3,14
230012800,Injury Crash,03/16/2023 02:30:00 PM,SHADY GROVE RD,NA,STRAIGHT MOVEMENT ANGLE,Clear,DRY,Daylight,TRAFFIC SIGNAL,NONE DETECTED,No,No Apparent Injury,N/A,NOT DISTRACTED,VA,VAN,MAKING LEFT TURN,35,No,2004,FORD,VAN,39.11199711,-77.18690308,2023,3,14
230012803,Injury Crash,03/16/2023 02:28:00 PM,GREAT SENECA HWY,NA,STRAIGHT MOVEMENT ANGLE,Clear,DRY,Daylight,NO CONTROLS,NONE DETECTED,Yes,Suspected Serious Injury,N/A,NOT DISTRACTED,FL,MOTORCYCLE,MOVING CONSTANT SPEED,50,No,2021,UNK,MOTORCYCLE,39.11567956,-77.22313589,2023,3,14
230012803,Injury Crash,03/16/2023 02:28:00 PM,GREAT SENECA HWY,NA,STRAIGHT MOVEMENT ANGLE,Clear,DRY,Daylight,NO CONTROLS,NONE DETECTED,Yes,Possible Minor Injury,N/A,LOOKED BUT DID NOT SEE,MD,(SPORT) UTILITY VEHICLE,MAKING LEFT TURN,50,No,2018,TOYOTA,RAV4,39.11567956,-77.22313589,2023,3,14
230012792,Injury Crash,03/16/2023 02:01:00 PM,QUINCE ORCHARD RD,NA,SAME DIR REAR END,Clear,DRY,Daylight,NO CONTROLS,NONE DETECTED,Yes,No Apparent Injury,N/A,UNKNOWN,NA,PASSENGER CAR,SLOWING OR STOPPING,35,No,2014,HONDA,CIVIC,39.14533048,-77.21998028,2023,3,14
230012792,Injury Crash,03/16/2023 02:01:00 PM,QUINCE ORCHARD RD,NA,SAME DIR REAR END,Clear,DRY,Daylight,NO CONTROLS,NONE DETECTED,No,Possible Minor Injury,N/A,NOT DISTRACTED,NC,(SPORT) UTILITY VEHICLE,SLOWING OR STOPPING,35,No,2007,CHEVROLET,SUBURBAN,39.14533048,-77.21998028,2023,3,14
230012796,Fatal Crash,03/16/2023 01:28:00 PM,COLUMBIA PIKE,PEDESTRIAN,SINGLE VEHICLE,Clear,DRY,Daylight,TRAFFIC SIGNAL,NONE DETECTED,No,No Apparent Injury,N/A,NOT DISTRACTED,MD,(SPORT) UTILITY VEHICLE,MOVING CONSTANT SPEED,45,No,2002,FORD,EXPLORER,39.04653583,-76.98675402,2023,3,13
230012785,Property Damage Crash,03/16/2023 01:14:00 PM,QUINCE ORCHARD RD,NA,SAME DIR REAR END,Clear,DRY,Daylight,TRAFFIC SIGNAL,NONE DETECTED,No,No Apparent Injury,N/A,NOT DISTRACTED,MD,PASSENGER CAR,STOPPED IN TRAFFIC LANE,35,No,2017,HYUN,SD,39.14703557,-77.21903675,2023,3,13
230012785,Property Damage Crash,03/16/2023 01:14:00 PM,QUINCE ORCHARD RD,NA,SAME DIR REAR END,Clear,DRY,Daylight,TRAFFIC SIGNAL,NONE DETECTED,No,No Apparent Injury,N/A,NOT DISTRACTED,MD,PASSENGER CAR,STOPPED IN TRAFFIC LANE,35,No,2017,HONDA,4S,39.14703557,-77.21903675,2023,3,13
230012785,Property Damage Crash,03/16/2023 01:14:00 PM,QUINCE ORCHARD RD,NA,SAME DIR REAR END,Clear,DRY,Daylight,TRAFFIC SIGNAL,NONE DETECTED,No,No Apparent Injury,N/A,NOT DISTRACTED,MD,(SPORT) UTILITY VEHICLE,STOPPED IN TRAFFIC LANE,35,No,2018,SUBA,TK,39.14703557,-77.21903675,2023,3,13
230012785,Property Damage Crash,03/16/2023 01:14:00 PM,QUINCE ORCHARD RD,NA,SAME DIR REAR END,Clear,DRY,Daylight,TRAFFIC SIGNAL,NONE DETECTED,Yes,No Apparent Injury,N/A,LOOKED BUT DID NOT SEE,MD,(SPORT) UTILITY VEHICLE,SLOWING OR STOPPING,35,No,2020,BUIC,UT,39.14703557,-77.21903675,2023,3,13
230012776,Property Damage Crash,03/16/2023 12:20:00 PM,PRINCE PHILIP DR,NA,STRAIGHT MOVEMENT ANGLE,Clear,DRY,Daylight,STOP SIGN,NONE DETECTED,Yes,No Apparent Injury,N/A,LOOKED BUT DID NOT SEE,MD,VAN,MOVING CONSTANT SPEED,30,No,2013,FORD,CG,39.15605167,-77.05874833,2023,3,12
230012776,Property Damage Crash,03/16/2023 12:20:00 PM,PRINCE PHILIP DR,NA,STRAIGHT MOVEMENT ANGLE,Clear,DRY,Daylight,STOP SIGN,NONE DETECTED,No,No Apparent Injury,N/A,NOT DISTRACTED,MD,VAN,STARTING FROM LANE,30,No,2014,HONDA,VAN,39.15605167,-77.05874833,2023,3,12
230012777,Property Damage Crash,03/16/2023 12:15:00 PM,NA,NA,SAME DIR REAR END,Clear,NA,Daylight,NO CONTROLS,NONE DETECTED,Yes,No Apparent Injury,N/A,UNKNOWN,NA,NA,PARKING,0,No,0,UNKNOWN,UNKNOWN,39.1150944,-77.18630505,2023,3,12
230012773,Injury Crash,03/16/2023 12:10:00 PM,STRINGTOWN RD,NA,STRAIGHT MOVEMENT ANGLE,Clear,DRY,Daylight,STOP SIGN,NONE DETECTED,No,Possible Minor Injury,N/A,NOT DISTRACTED,MD,(SPORT) UTILITY VEHICLE,MOVING CONSTANT SPEED,35,No,2014,KIA,TK,39.23661,-77.27925333,2023,3,12
230012773,Injury Crash,03/16/2023 12:10:00 PM,STRINGTOWN RD,NA,STRAIGHT MOVEMENT ANGLE,Clear,DRY,Daylight,STOP SIGN,NONE DETECTED,Yes,Possible Minor Injury,N/A,LOOKED BUT DID NOT SEE,MD,PASSENGER CAR,ACCELERATING,35,No,2019,HYUN,SD,39.23661,-77.27925333,2023,3,12
230012772,Property Damage Crash,03/16/2023 12:03:00 PM,E GUDE DR,NA,SAME DIR REAR END,Clear,DRY,Daylight,N/A,NONE DETECTED,Yes,No Apparent Injury,N/A,NOT DISTRACTED,MD,PASSENGER CAR,MOVING CONSTANT SPEED,35,No,2012,HYUN,ACCENT,39.0980685,-77.13630117,2023,3,12
230012772,Property Damage Crash,03/16/2023 12:03:00 PM,E GUDE DR,NA,SAME DIR REAR END,Clear,DRY,Daylight,N/A,NONE DETECTED,No,No Apparent Injury,N/A,NOT DISTRACTED,MD,"MEDIUM/HEAVY TRUCKS 3 AXLES (OVER 10,000LBS (4,536KG))",MAKING LEFT TURN,35,No,2020,FRHT,TRASH TRUCK,39.0980685,-77.13630117,2023,3,12
230012768,Property Damage Crash,03/16/2023 11:45:00 AM,NA,NA,OTHER,Clear,NA,Daylight,N/A,NONE DETECTED,Yes,No Apparent Injury,N/A,NOT DISTRACTED,SC,PASSENGER CAR,MAKING LEFT TURN,5,No,2019,DODGE,CHARGER,39.17127833,-77.26134867,2023,3,11
230012762,Property Damage Crash,03/16/2023 11:08:00 AM,DEMOCRACY BLVD,NA,SINGLE VEHICLE,Clear,DRY,Daylight,TRAFFIC SIGNAL,NONE DETECTED,Yes,No Apparent Injury,N/A,NOT DISTRACTED,MD,PASSENGER CAR,MAKING U TURN,30,No,2016,TOYOTA,CAMRY,39.02350467,-77.132386,2023,3,11
230012755,Property Damage Crash,03/16/2023 10:13:00 AM,EDGEMOOR LA,NA,SINGLE VEHICLE,Clear,DRY,Daylight,OTHER,NONE DETECTED,Yes,No Apparent Injury,"N/A, ROAD UNDER CONSTRUCTION/MAINTENANCE",LOOKED BUT DID NOT SEE,MD,SCHOOL BUS,MOVING CONSTANT SPEED,25,No,2015,THOMAS,BUS,38.98563841,-77.09549294,2023,3,10