Local Case Number,ACRS Report Type,Crash Date/Time,Road Name,Related Non-Motorist,Collision Type,Weather,Surface Condition,Light,Traffic Control,Driver Substance Abuse,Driver At Fault,Injury Severity,Circumstance,Driver Distracted By,Drivers License State,Vehicle Body Type,Vehicle Movement,Speed Limit,Driverless Vehicle,Vehicle Year,Vehicle Make,Vehicle Model,Latitude,Longitude,Year,Month,Hour
230012786,Property Damage Crash,03/16/2023 09:15:00 AM,GEORGIA AVE,NA,SAME DIR REAR END,Clear,DRY,Daylight,NO CONTROLS,NONE DETECTED,Yes,No Apparent Injury,"BACKUP DUE TO REGULAR CONGESTION, N/A",UNKNOWN,NA,PICKUP TRUCK,MOVING CONSTANT SPEED,35,No,1999,FORD,PK,39.12980577,-77.07095636,2023,3,9
230012786,Property Damage Crash,03/16/2023 09:15:00 AM,GEORGIA AVE,NA,SAME DIR REAR END,Clear,DRY,Daylight,NO CONTROLS,NONE DETECTED,No,No Apparent Injury,"BACKUP DUE TO REGULAR CONGESTION, N/A",NOT DISTRACTED,MD,PASSENGER CAR,STOPPED IN TRAFFIC LANE,35,No,2017,NISSAN,SENTRA,39.12980577,-77.07095636,2023,3,9
230012737,Property Damage Crash,03/16/2023 08:11:00 AM,WOODHAVEN BLVD,NA,OPPOSITE DIRECTION SIDESWIPE,Clear,DRY,Daylight,NO CONTROLS,NONE DETECTED,No,No Apparent Injury,N/A,NOT DISTRACTED,MD,SCHOOL BUS,SLOWING OR STOPPING,25,No,2023,THOMAS,BUS,38.99045217,-77.13344417,2023,3,8
230012737,Property Damage Crash,03/16/2023 08:11:00 AM,WOODHAVEN BLVD,NA,OPPOSITE DIRECTION SIDESWIPE,Clear,DRY,Daylight,NO CONTROLS,NONE DETECTED,Yes,No Apparent Injury,N/A,LOOKED BUT DID NOT SEE,MD,PASSENGER CAR,PASSING,25,No,2003,HONDA,ACCORD,38.99045217,-77.13344417,2023,3,8
230012736,Property Damage Crash,03/16/2023 07:40:00 AM,TAMARACK RD,NA,SAME DIRECTION SIDESWIPE,Clear,DRY,Daylight,N/A,NONE DETECTED,Yes,No Apparent Injury,N/A,UNKNOWN,NA,VAN,MOVING CONSTANT SPEED,30,No,2012,CHEVROLET,VAN,39.072883,-76.980918,2023,3,7
230012736,Property Damage Crash,03/16/2023 07:40:00 AM,TAMARACK RD,NA,SAME DIRECTION SIDESWIPE,Clear,DRY,Daylight,N/A,NONE DETECTED,No,No Apparent Injury,N/A,NOT DISTRACTED,MD,PASSENGER CAR,MOVING CONSTANT SPEED,30,No,2014,HONDA,ACCORD,39.072883,-76.980918,2023,3,7
230012730,Injury Crash,03/16/2023 06:32:00 AM,TECH RD,PEDESTRIAN,OTHER,Clear,DRY,Medium,TRAFFIC SIGNAL,NONE DETECTED,Yes,No Apparent Injury,N/A,LOOKED BUT DID NOT SEE,MD,PICKUP TRUCK,MAKING RIGHT TURN,50,No,2016,FORD,F150,39.05830545,-76.96872152,2023,3,6
230012723,Property Damage Crash,03/16/2023 01:40:00 AM,LAYHILL RD,NA,SINGLE VEHICLE,Clear,DRY,Medium,TRAFFIC SIGNAL,NONE DETECTED,Yes,No Apparent Injury,N/A,UNKNOWN,MD,PASSENGER CAR,MAKING RIGHT TURN,45,No,2020,HYUNDAI,ELANTRA,39.0988372,-77.04277278,2023,3,1
230012721,Property Damage Crash,03/16/2023 12:50:00 AM,NA,NA,HEAD ON,Clear,NA,Medium,NO CONTROLS,NONE DETECTED,Yes,No Apparent Injury,N/A,OTHER DISTRACTION,NA,PASSENGER CAR,MOVING CONSTANT SPEED,10,No,2013,HYUNDAI,ACCENT,39.05604,-76.95186,2023,3,0
230012721,Property Damage Crash,03/16/2023 12:50:00 AM,NA,NA,HEAD ON,Clear,NA,Medium,NO CONTROLS,NONE DETECTED,No,No Apparent Injury,N/A,NOT DISTRACTED,MD,POLICE VEHICLE/EMERGENCY,SLOWING OR STOPPING,10,No,2010,DODGE,CHARGER,39.05604,-76.95186,2023,3,0
230012718,Property Damage Crash,03/16/2023 12:31:00 AM,RIDGE RD,NA,SAME DIRECTION SIDESWIPE,Clear,DRY,Medium,N/A,NONE DETECTED,Yes,No Apparent Injury,N/A,NOT DISTRACTED,MD,POLICE VEHICLE/NON EMERGENCY,MOVING CONSTANT SPEED,45,No,2012,DODGE,CHARGER,39.203375,-77.250195,2023,3,0
230012718,Property Damage Crash,03/16/2023 12:31:00 AM,RIDGE RD,NA,SAME DIRECTION SIDESWIPE,Clear,DRY,Medium,N/A,NONE DETECTED,No,No Apparent Injury,N/A,NOT DISTRACTED,MD,PASSENGER CAR,MOVING CONSTANT SPEED,45,No,2017,GMC,YUKON,39.203375,-77.250195,2023,3,0
230012704,Property Damage Crash,03/15/2023 09:08:00 PM,GEORGIA AVE,NA,ANGLE MEETS LEFT TURN,Clear,DRY,Medium,STOP SIGN,NONE DETECTED,No,No Apparent Injury,N/A,NOT DISTRACTED,MD,PASSENGER CAR,MOVING CONSTANT SPEED,25,No,2011,TOYOTA,CAMRY,39.0422429,-77.05187467,2023,3,21
230012704,Property Damage Crash,03/15/2023 09:08:00 PM,GEORGIA AVE,NA,ANGLE MEETS LEFT TURN,Clear,DRY,Medium,STOP SIGN,NONE DETECTED,Yes,No Apparent Injury,N/A,LOOKED BUT DID NOT SEE,MD,PASSENGER CAR,MAKING LEFT TURN,25,No,2015,CHEVY,MALIBU,39.0422429,-77.05187467,2023,3,21
230012698,Injury Crash,03/15/2023 07:32:00 PM,MIDDLEBROOK RD,NA,STRAIGHT MOVEMENT ANGLE,Clear,DRY,Medium,TRAFFIC SIGNAL,NONE DETECTED,Yes,No Apparent Injury,N/A,OTHER DISTRACTION,MD,(SPORT) UTILITY VEHICLE,SLOWING OR STOPPING,40,No,2001,FORD,ESCAPE,39.17839667,-77.241975,2023,3,19
230012698,Injury Crash,03/15/2023 07:32:00 PM,MIDDLEBROOK RD,NA,STRAIGHT MOVEMENT ANGLE,Clear,DRY,Medium,TRAFFIC SIGNAL,NONE DETECTED,No,Possible Minor Injury,N/A,NOT DISTRACTED,MD,(SPORT) UTILITY VEHICLE,STARTING FROM LANE,40,No,2019,CADILLAC,XT5,39.17839667,-77.241975,2023,3,19
230012676,Injury Crash,03/15/2023 05:26:00 PM,CLOPPER RD,NA,STRAIGHT MOVEMENT ANGLE,Clear,DRY,Daylight,STOP SIGN,NONE DETECTED,Yes,Possible Minor Injury,N/A,NOT DISTRACTED,MD,PASSENGER CAR,MAKING LEFT TURN,40,No,2022,TOYT,CAMRY,39.15047167,-77.24492167,2023,3,17
230012676,Injury Crash,03/15/2023 05:26:00 PM,CLOPPER RD,NA,STRAIGHT MOVEMENT ANGLE,Clear,DRY,Daylight,STOP SIGN,NONE DETECTED,No,No Apparent Injury,N/A,NOT DISTRACTED,DE,VAN,SLOWING OR STOPPING,40,No,2006,CHEV,EXPRESS,39.15047167,-77.24492167,2023,3,17
230012655,Property Damage Crash,03/15/2023 04:01:00 PM,UNIVERSITY BLVD W,NA,SAME DIR REAR END,Clear,DRY,Daylight,NO CONTROLS,NONE DETECTED,No,No Apparent Injury,N/A,NOT DISTRACTED,MD,"CARGO VAN/LIGHT TRUCK 2 AXLES (OVER 10,000LBS (4,536 KG))",STOPPED IN TRAFFIC LANE,40,No,2016,FREIGHT,BOX TK,39.03105928,-77.02194616,2023,3,16
230012693,Property Damage Crash,03/15/2023 04:01:00 PM,SCHUYLKILL RD,NA,OTHER,Clear,DRY,Daylight,STOP SIGN,NONE DETECTED,Yes,No Apparent Injury,N/A,UNKNOWN,MD,(SPORT) UTILITY VEHICLE,MOVING CONSTANT SPEED,25,No,2005,HONDA,PILOT,39.04480833,-77.09768,2023,3,16
230012693,Property Damage Crash,03/15/2023 04:01:00 PM,SCHUYLKILL RD,NA,OTHER,Clear,DRY,Daylight,STOP SIGN,NONE DETECTED,No,No Apparent Injury,N/A,NOT DISTRACTED,MD,(SPORT) UTILITY VEHICLE,MOVING CONSTANT SPEED,25,No,2018,TOYT,RAV 4,39.04480833,-77.09768,2023,3,16
230012655,Property Damage Crash,03/15/2023 04:01:00 PM,UNIVERSITY BLVD W,NA,SAME DIR REAR END,Clear,DRY,Daylight,NO CONTROLS,NONE DETECTED,Yes,No Apparent Injury,N/A,UNKNOWN,NA,PASSENGER CAR,UNKNOWN,40,No,2005,TOYOTA,COROLLA,39.03105928,-77.02194616,2023,3,16
230012651,Injury Crash,03/15/2023 04:00:00 PM,FATHER HURLEY BLVD,NA,STRAIGHT MOVEMENT ANGLE,Clear,DRY,Daylight,TRAFFIC SIGNAL,NONE DETECTED,No,Possible Minor Injury,N/A,NOT DISTRACTED,MD,PASSENGER CAR,MOVING CONSTANT SPEED,35,No,2019,FORD,FUSION,39.16932067,-77.282877,2023,3,16
230012651,Injury Crash,03/15/2023 04:00:00 PM,FATHER HURLEY BLVD,NA,STRAIGHT MOVEMENT ANGLE,Clear,DRY,Daylight,TRAFFIC SIGNAL,NONE DETECTED,Yes,Possible Minor Injury,N/A,LOOKED BUT DID NOT SEE,MD,VAN,STARTING FROM LANE,35,No,2006,DODGE,VN,39.16932067,-77.282877,2023,3,16
230012649,Injury Crash,03/15/2023 03:55:00 PM,WINDHAM LA,NA,STRAIGHT MOVEMENT ANGLE,Clear,DRY,Daylight,STOP SIGN,NONE DETECTED,No,Possible Minor Injury,N/A,NOT DISTRACTED,MD,PASSENGER CAR,ACCELERATING,20,No,2016,HYUN,4D,39.031973,-77.047051,2023,3,15
230012649,Injury Crash,03/15/2023 03:55:00 PM,WINDHAM LA,NA,STRAIGHT MOVEMENT ANGLE,Clear,DRY,Daylight,STOP SIGN,NONE DETECTED,Yes,No Apparent Injury,N/A,LOOKED BUT DID NOT SEE,PA,OTHER,ACCELERATING,20,No,1984,USPS,USPS,39.031973,-77.047051,2023,3,15
230012648,Property Damage Crash,03/15/2023 03:47:00 PM,GEORGIA AVE,NA,SAME DIR REAR END,Clear,DRY,Daylight,NO CONTROLS,NONE DETECTED,Yes,No Apparent Injury,N/A,NOT DISTRACTED,MD,PASSENGER CAR,SLOWING OR STOPPING,30,No,2020,JEEP,UT,39.01473833,-77.04193,2023,3,15
230012648,Property Damage Crash,03/15/2023 03:47:00 PM,GEORGIA AVE,NA,SAME DIR REAR END,Clear,DRY,Daylight,NO CONTROLS,NONE DETECTED,No,No Apparent Injury,N/A,NOT DISTRACTED,MD,PASSENGER CAR,STOPPED IN TRAFFIC LANE,30,No,2012,FORD,UT,39.01473833,-77.04193,2023,3,15
230012639,Property Damage Crash,03/15/2023 03:28:00 PM,RIVER RD,NA,SAME DIR REAR END,Clear,DRY,Daylight,NO CONTROLS,NONE DETECTED,No,No Apparent Injury,"BACKUP DUE TO REGULAR CONGESTION, N/A",NOT DISTRACTED,MD,PASSENGER CAR,SLOWING OR STOPPING,35,No,2016,FORD,FUSION,39.01241783,-77.20050317,2023,3,15
230012639,Property Damage Crash,03/15/2023 03:28:00 PM,RIVER RD,NA,SAME DIR REAR END,Clear,DRY,Daylight,NO CONTROLS,NONE DETECTED,Yes,No Apparent Injury,"BACKUP DUE TO REGULAR CONGESTION, N/A",NOT DISTRACTED,MD,(SPORT) UTILITY VEHICLE,MOVING CONSTANT SPEED,35,No,2008,CHRY,TOWN AND COUNTRY,39.01241783,-77.20050317,2023,3,15
230012639,Property Damage Crash,03/15/2023 03:28:00 PM,RIVER RD,NA,SAME DIR REAR END,Clear,DRY,Daylight,NO CONTROLS,NONE DETECTED,No,No Apparent Injury,"BACKUP DUE TO REGULAR CONGESTION, N/A",NOT DISTRACTED,MD,PASSENGER CAR,SLOWING OR STOPPING,35,No,2011,TOYT,PRIUS,39.01241783,-77.20050317,2023,3,15
230012640,Property Damage Crash,03/15/2023 02:49:00 PM,BONIFANT RD,NA,SAME DIR REAR END,Clear,DRY,Daylight,NO CONTROLS,NONE DETECTED,Yes,No Apparent Injury,N/A,NOT DISTRACTED,MD,PASSENGER CAR,MOVING CONSTANT SPEED,35,No,2013,INFI,G37X,39.09431433,-77.03198483,2023,3,14
230012640,Property Damage Crash,03/15/2023 02:49:00 PM,BONIFANT RD,NA,SAME DIR REAR END,Clear,DRY,Daylight,NO CONTROLS,NONE DETECTED,No,No Apparent Injury,N/A,NOT DISTRACTED,MD,(SPORT) UTILITY VEHICLE,SLOWING OR STOPPING,35,No,2023,GENS,GV 70,39.09431433,-77.03198483,2023,3,14
230012630,Injury Crash,03/15/2023 02:06:00 PM,MEDICAL CENTER DR,NA,UNKNOWN,Clear,DRY,Daylight,NO CONTROLS,NONE DETECTED,Unknown,Possible Minor Injury,N/A,UNKNOWN,MD,PASSENGER CAR,UNKNOWN,25,No,2014,2014,LEXUS,39.1036405,-77.1965375,2023,3,14
230012630,Injury Crash,03/15/2023 02:06:00 PM,MEDICAL CENTER DR,NA,UNKNOWN,Clear,DRY,Daylight,NO CONTROLS,NONE DETECTED,Unknown,Possible Minor Injury,N/A,UNKNOWN,MD,PASSENGER CAR,UNKNOWN,25,No,2012,HONDA,CIVIC,39.1036405,-77.1965375,2023,3,14
230012601,Injury Crash,03/15/2023 12:10:00 PM,RANDOLPH RD,PEDESTRIAN,OTHER,Clear,DRY,Daylight,TRAFFIC SIGNAL,NONE DETECTED,No,No Apparent Injury,N/A,NOT DISTRACTED,MD,PASSENGER CAR,SLOWING OR STOPPING,40,No,2005,MERZ,SD,39.06667415,-77.01958235,2023,3,12
230012966,Property Damage Crash,03/15/2023 12:00:00 PM,NA,NA,OTHER,Clear,NA,Daylight,NO CONTROLS,NONE DETECTED,Yes,No Apparent Injury,N/A,LOOKED BUT DID NOT SEE,NA,(SPORT) UTILITY VEHICLE,PARKING,10,No,2020,MERZ,UT,39.12255824,-77.2371461,2023,3,12
230012595,Property Damage Crash,03/15/2023 11:23:00 AM,NA,NA,OPPOSITE DIRECTION SIDESWIPE,Clear,NA,Daylight,N/A,NONE DETECTED,Yes,No Apparent Injury,N/A,NOT DISTRACTED,MD,VAN,STARTING FROM PARKED,10,No,2014,CHEVY,EXPRESS,39.151147,-77.1478925,2023,3,11
230012589,Property Damage Crash,03/15/2023 11:18:00 AM,LAYHILL RD,NA,STRAIGHT MOVEMENT ANGLE,Clear,DRY,Daylight,TRAFFIC SIGNAL,NONE DETECTED,Yes,No Apparent Injury,N/A,LOOKED BUT DID NOT SEE,MD,PASSENGER CAR,MAKING RIGHT TURN,40,No,2017,TOYOTA,VRZ,39.06660705,-77.16137252,2023,3,11
230012589,Property Damage Crash,03/15/2023 11:18:00 AM,LAYHILL RD,NA,STRAIGHT MOVEMENT ANGLE,Clear,DRY,Daylight,TRAFFIC SIGNAL,DRUG PRESENT,No,No Apparent Injury,N/A,NOT DISTRACTED,MD,PASSENGER CAR,MOVING CONSTANT SPEED,40,No,2000,TOYOTA,CAMRY,39.06660705,-77.16137252,2023,3,11
230012749,Property Damage Crash,03/15/2023 10:50:00 AM,W MONTGOMERY AVE,NA,SAME DIR REAR END,Clear,DRY,Daylight,NO CONTROLS,NONE DETECTED,No,No Apparent Injury,N/A,UNKNOWN,MD,PASSENGER CAR,STOPPED IN TRAFFIC LANE,30,No,2018,LEXUS,IS350,39.08563488,-77.17009363,2023,3,10
230012749,Property Damage Crash,03/15/2023 10:50:00 AM,W MONTGOMERY AVE,NA,SAME DIR REAR END,Clear,DRY,Daylight,NO CONTROLS,NONE DETECTED,Yes,No Apparent Injury,N/A,UNKNOWN,MD,PASSENGER CAR,MOVING CONSTANT SPEED,30,No,2021,FORD,EXPLORER,39.08563488,-77.17009363,2023,3,10
230012642,Property Damage Crash,03/15/2023 10:40:00 AM,WATKINS MILL RD,NA,SAME DIR REAR END,Clear,DRY,Daylight,TRAFFIC SIGNAL,NONE DETECTED,Yes,No Apparent Injury,N/A,UNKNOWN,NA,PASSENGER CAR,MOVING CONSTANT SPEED,35,No,2020,HYUNDAI,ELANTRA,39.15910637,-77.21925485,2023,3,10
230012642,Property Damage Crash,03/15/2023 10:40:00 AM,WATKINS MILL RD,NA,SAME DIR REAR END,Clear,DRY,Daylight,TRAFFIC SIGNAL,NONE DETECTED,No,No Apparent Injury,N/A,NOT DISTRACTED,MD,PASSENGER CAR,SLOWING OR STOPPING,35,No,2011,HONDA,CR-V,39.15910637,-77.21925485,2023,3,10
230012574,Property Damage Crash,03/15/2023 10:02:00 AM,POMANDER LA,NA,SAME DIRECTION RIGHT TURN,Clear,DRY,Daylight,NO CONTROLS,NONE DETECTED,Yes,No Apparent Injury,N/A,UNKNOWN,NA,PASSENGER CAR,MAKING U TURN,25,No,9999,HONDA,CRV,38.98422333,-77.06283,2023,3,10
230012564,Injury Crash,03/15/2023 09:25:00 AM,MATENY RD,NA,ANGLE MEETS LEFT HEAD ON,Clear,DRY,Daylight,STOP SIGN,NONE DETECTED,No,Possible Minor Injury,"N/A, VISION OBSTRUCTION (INCL. BLINDED BY SUN)",NOT DISTRACTED,MD,PASSENGER CAR,MOVING CONSTANT SPEED,30,No,2009,TOYOTA,CAMRY,39.15972667,-77.267445,2023,3,9
230012564,Injury Crash,03/15/2023 09:25:00 AM,MATENY RD,NA,ANGLE MEETS LEFT HEAD ON,Clear,DRY,Daylight,STOP SIGN,NONE DETECTED,Yes,No Apparent Injury,"N/A, VISION OBSTRUCTION (INCL. BLINDED BY SUN)",LOOKED BUT DID NOT SEE,MD,PASSENGER CAR,MAKING LEFT TURN,30,No,2016,TOYOTA,COROLLA,39.15972667,-77.267445,2023,3,9
230012594,Property Damage Crash,03/15/2023 09:15:00 AM,LAYHILL RD,NA,SAME DIRECTION SIDESWIPE,Clear,DRY,Daylight,NO CONTROLS,NONE DETECTED,No,No Apparent Injury,N/A,NOT DISTRACTED,MD,PASSENGER CAR,MOVING CONSTANT SPEED,35,No,2021,VOLK,UT,39.096116,-77.1088455,2023,3,9
230012594,Property Damage Crash,03/15/2023 09:15:00 AM,LAYHILL RD,NA,SAME DIRECTION SIDESWIPE,Clear,DRY,Daylight,NO CONTROLS,NONE DETECTED,Yes,No Apparent Injury,N/A,UNKNOWN,NA,PASSENGER CAR,CHANGING LANES,35,No,2012,MERC,2300,39.096116,-77.1088455,2023,3,9
230012562,Property Damage Crash,03/15/2023 08:10:00 AM,NA,NA,SAME DIRECTION SIDESWIPE,Clear,NA,Daylight,YIELD SIGN,NONE DETECTED,Yes,No Apparent Injury,N/A,LOOKED BUT DID NOT SEE,MD,PASSENGER CAR,MOVING CONSTANT SPEED,15,No,2018,FORD,FOCUS,39.01595,-77.04597,2023,3,8
230012580,Property Damage Crash,03/15/2023 08:10:00 AM,GEORGIA AVE,NA,SAME DIR REAR END,Clear,DRY,Daylight,N/A,NONE DETECTED,No,No Apparent Injury,N/A,NOT DISTRACTED,MD,PASSENGER CAR,SLOWING OR STOPPING,35,No,2021,CHEVROLET,SPARK,39.0364662,-77.05010381,2023,3,8
230012562,Property Damage Crash,03/15/2023 08:10:00 AM,NA,NA,SAME DIRECTION SIDESWIPE,Clear,NA,Daylight,YIELD SIGN,NONE DETECTED,No,No Apparent Injury,N/A,NOT DISTRACTED,MD,OTHER BUS,MOVING CONSTANT SPEED,15,No,2014,GILLIG,BUS,39.01595,-77.04597,2023,3,8
230012580,Property Damage Crash,03/15/2023 08:10:00 AM,GEORGIA AVE,NA,SAME DIR REAR END,Clear,DRY,Daylight,N/A,NONE DETECTED,Yes,No Apparent Injury,N/A,UNKNOWN,NA,PASSENGER CAR,MOVING CONSTANT SPEED,35,No,2021,TOYOTA,VENZA,39.0364662,-77.05010381,2023,3,8
230012552,Property Damage Crash,03/15/2023 06:57:00 AM,NA,NA,SINGLE VEHICLE,Clear,NA,Medium,N/A,NONE DETECTED,Yes,No Apparent Injury,N/A,NOT DISTRACTED,MD,SCHOOL BUS,MOVING CONSTANT SPEED,15,No,2018,FRHT,BUS,38.99305167,-77.01074833,2023,3,6
230012536,Property Damage Crash,03/14/2023 11:00:00 PM,VEIRS MILL RD,NA,STRAIGHT MOVEMENT ANGLE,Clear,DRY,Medium,TRAFFIC SIGNAL,NONE DETECTED,No,No Apparent Injury,N/A,NOT DISTRACTED,DC,PASSENGER CAR,ACCELERATING,35,No,2011,VOLKS,JETTA,39.05749333,-77.08470167,2023,3,23
230012536,Property Damage Crash,03/14/2023 11:00:00 PM,VEIRS MILL RD,NA,STRAIGHT MOVEMENT ANGLE,Clear,DRY,Medium,TRAFFIC SIGNAL,NONE DETECTED,Yes,No Apparent Injury,N/A,NOT DISTRACTED,MD,PASSENGER CAR,MOVING CONSTANT SPEED,35,No,2022,TOYTA,CAMARY,39.05749333,-77.08470167,2023,3,23
230012526,Injury Crash,03/14/2023 09:16:00 PM,SEVEN LOCKS RD,NA,HEAD ON,Clear,DRY,Medium,NO CONTROLS,NONE DETECTED,No,Possible Minor Injury,N/A,NOT DISTRACTED,MD,PASSENGER CAR,MOVING CONSTANT SPEED,35,No,2018,JEEP,COMPASS,39.0426849,-77.1596733,2023,3,21
230012526,Injury Crash,03/14/2023 09:16:00 PM,SEVEN LOCKS RD,NA,HEAD ON,Clear,DRY,Medium,NO CONTROLS,ALCOHOL PRESENT,Yes,No Apparent Injury,N/A,OTHER DISTRACTION,MD,PASSENGER CAR,MOVING CONSTANT SPEED,35,No,2016,AUDI,A5,39.0426849,-77.1596733,2023,3,21
230012520,Property Damage Crash,03/14/2023 08:38:00 PM,GUNNERS BRANCH RD,NA,SAME DIRECTION RIGHT TURN,Clear,DRY,Medium,NO CONTROLS,NONE DETECTED,No,No Apparent Injury,N/A,NOT DISTRACTED,MD,PASSENGER CAR,MAKING RIGHT TURN,30,No,2014,JEEP,TK,39.17522667,-77.24106667,2023,3,20
230012520,Property Damage Crash,03/14/2023 08:38:00 PM,GUNNERS BRANCH RD,NA,SAME DIRECTION RIGHT TURN,Clear,DRY,Medium,NO CONTROLS,NONE DETECTED,Yes,No Apparent Injury,N/A,NOT DISTRACTED,MD,PASSENGER CAR,MAKING RIGHT TURN,30,No,2012,TOYT,4S,39.17522667,-77.24106667,2023,3,20
230012512,Property Damage Crash,03/14/2023 08:30:00 PM,VEIRS MILL RD,NA,SAME DIR REAR END,Clear,DRY,Medium,NO CONTROLS,NONE DETECTED,Yes,No Apparent Injury,N/A,NOT DISTRACTED,MD,PASSENGER CAR,SLOWING OR STOPPING,40,No,2012,HOND,2S,39.07542143,-77.1167632,2023,3,20
230012512,Property Damage Crash,03/14/2023 08:30:00 PM,VEIRS MILL RD,NA,SAME DIR REAR END,Clear,DRY,Medium,NO CONTROLS,NONE DETECTED,No,No Apparent Injury,N/A,NOT DISTRACTED,MD,PASSENGER CAR,SLOWING OR STOPPING,40,No,2021,KIA,K5,39.07542143,-77.1167632,2023,3,20
230012511,Property Damage Crash,03/14/2023 08:15:00 PM,RANDOLPH RD,NA,SAME DIR REAR END,Clear,DRY,Medium,NO CONTROLS,NONE DETECTED,Yes,No Apparent Injury,N/A,UNKNOWN,MD,PASSENGER CAR,SLOWING OR STOPPING,35,No,2007,ACUR,TS,39.05335901,-77.11184497,2023,3,20
230012511,Property Damage Crash,03/14/2023 08:15:00 PM,RANDOLPH RD,NA,SAME DIR REAR END,Clear,DRY,Medium,NO CONTROLS,NONE DETECTED,No,No Apparent Injury,N/A,NOT DISTRACTED,MD,PASSENGER CAR,SLOWING OR STOPPING,35,No,2009,TOYT,4S,39.05335901,-77.11184497,2023,3,20
230012518,Property Damage Crash,03/14/2023 08:11:00 PM,VEIRS MILL RD,NA,SAME DIRECTION SIDESWIPE,Clear,DRY,Medium,NO CONTROLS,NONE DETECTED,Yes,No Apparent Injury,N/A,LOOKED BUT DID NOT SEE,NA,PASSENGER CAR,MOVING CONSTANT SPEED,35,No,2009,TOYT,CAMRY,39.03791833,-77.05677167,2023,3,20
230012518,Property Damage Crash,03/14/2023 08:11:00 PM,VEIRS MILL RD,NA,SAME DIRECTION SIDESWIPE,Clear,DRY,Medium,NO CONTROLS,NONE DETECTED,No,No Apparent Injury,N/A,NOT DISTRACTED,MD,PASSENGER CAR,MOVING CONSTANT SPEED,35,No,2013,TOYT,TK,39.03791833,-77.05677167,2023,3,20
230012504,Property Damage Crash,03/14/2023 07:24:00 PM,BURNT HILL RD,NA,SINGLE VEHICLE,Clear,DRY,Medium,NO CONTROLS,NONE DETECTED,No,No Apparent Injury,"ANIMAL, N/A",UNKNOWN,MD,STATION WAGON,MOVING CONSTANT SPEED,35,No,2006,VOLKSWAGEN,TOUAREG,39.27518533,-77.250682,2023,3,19
230012501,Property Damage Crash,03/14/2023 07:14:00 PM,MONTROSE AVE,NA,OTHER,Clear,DRY,Medium,NO CONTROLS,NONE DETECTED,Yes,No Apparent Injury,N/A,UNKNOWN,MD,PASSENGER CAR,MOVING CONSTANT SPEED,25,No,2014,MINI,COOPER,39.02839833,-77.09753,2023,3,19
230012507,Property Damage Crash,03/14/2023 06:56:00 PM,CONNECTICUT AVE,NA,HEAD ON,Clear,DRY,Medium,TRAFFIC SIGNAL,NONE DETECTED,Yes,No Apparent Injury,N/A,UNKNOWN,MD,PASSENGER CAR,ACCELERATING,25,No,2014,CHEVROLET,SILVERADO,39.027595,-77.07676667,2023,3,18
230012507,Property Damage Crash,03/14/2023 06:56:00 PM,CONNECTICUT AVE,NA,HEAD ON,Clear,DRY,Medium,TRAFFIC SIGNAL,NONE DETECTED,No,No Apparent Injury,N/A,NOT DISTRACTED,WA,PASSENGER CAR,STOPPED IN TRAFFIC LANE,25,No,2020,MITSUBISHI,OUTANDER,39.027595,-77.07676667,2023,3,18
230012482,Property Damage Crash,03/14/2023 06:05:00 PM,CARROLL AVE,NA,STRAIGHT MOVEMENT ANGLE,Clear,DRY,Daylight,STOP SIGN,NONE DETECTED,No,No Apparent Injury,N/A,NOT DISTRACTED,MD,PASSENGER CAR,MOVING CONSTANT SPEED,35,No,2002,HONDA,VAN,38.98635911,-76.99605194,2023,3,18
230012482,Property Damage Crash,03/14/2023 06:05:00 PM,CARROLL AVE,NA,STRAIGHT MOVEMENT ANGLE,Clear,DRY,Daylight,STOP SIGN,NONE DETECTED,Yes,No Apparent Injury,N/A,LOOKED BUT DID NOT SEE,MD,VAN,ACCELERATING,25,No,2021,FORD,CG,38.98635911,-76.99605194,2023,3,18
230012499,Injury Crash,03/14/2023 05:51:00 PM,MUNCASTER MILL RD,NA,SINGLE VEHICLE,Clear,DRY,Daylight,NO CONTROLS,ALCOHOL PRESENT,Yes,Possible Minor Injury,N/A,NOT DISTRACTED,XX,"MEDIUM/HEAVY TRUCKS 3 AXLES (OVER 10,000LBS (4,536KG))",MOVING CONSTANT SPEED,40,No,2015,FORD,F450,39.12465433,-77.115593,2023,3,17
230012488,Property Damage Crash,03/14/2023 05:31:00 PM,OLD GEORGETOWN RD,NA,SAME DIR REAR END,Clear,DRY,Daylight,TRAFFIC SIGNAL,NONE DETECTED,No,No Apparent Injury,N/A,NOT DISTRACTED,MD,PASSENGER CAR,STOPPED IN TRAFFIC LANE,35,No,2014,SUBARU,IMPREZA,39.01087833,-77.11546,2023,3,17
230012488,Property Damage Crash,03/14/2023 05:31:00 PM,OLD GEORGETOWN RD,NA,SAME DIR REAR END,Clear,DRY,Daylight,TRAFFIC SIGNAL,NONE DETECTED,Yes,No Apparent Injury,N/A,UNKNOWN,NA,(SPORT) UTILITY VEHICLE,MOVING CONSTANT SPEED,35,No,2020,BUICK,ENCORE,39.01087833,-77.11546,2023,3,17
230012488,Property Damage Crash,03/14/2023 05:31:00 PM,OLD GEORGETOWN RD,NA,SAME DIR REAR END,Clear,DRY,Daylight,TRAFFIC SIGNAL,NONE DETECTED,No,No Apparent Injury,N/A,NOT DISTRACTED,MD,(SPORT) UTILITY VEHICLE,STOPPED IN TRAFFIC LANE,35,No,2021,CHEVROLET,EQUINOX,39.01087833,-77.11546,2023,3,17
230012488,Property Damage Crash,03/14/2023 05:31:00 PM,OLD GEORGETOWN RD,NA,SAME DIR REAR END,Clear,DRY,Daylight,TRAFFIC SIGNAL,NONE DETECTED,No,No Apparent Injury,N/A,NOT DISTRACTED,VA,(SPORT) UTILITY VEHICLE,STOPPED IN TRAFFIC LANE,35,No,2022,AUDI,Q5,39.01087833,-77.11546,2023,3,17
230012473,Property Damage Crash,03/14/2023 05:09:00 PM,NA,NA,SAME DIRECTION SIDESWIPE,Clear,NA,Daylight,NO CONTROLS,NONE DETECTED,No,No Apparent Injury,N/A,NOT DISTRACTED,MD,SCHOOL BUS,PARKED,10,No,2023,ICRP,SCHOOL BUS,39.06664817,-77.038165,2023,3,17
230012473,Property Damage Crash,03/14/2023 05:09:00 PM,NA,NA,SAME DIRECTION SIDESWIPE,Clear,NA,Daylight,NO CONTROLS,NONE DETECTED,Yes,No Apparent Injury,N/A,NOT DISTRACTED,MD,(SPORT) UTILITY VEHICLE,ACCELERATING,10,No,2013,NISS,PATHFINDER,39.06664817,-77.038165,2023,3,17
230012472,Property Damage Crash,03/14/2023 04:42:00 PM,NA,NA,SINGLE VEHICLE,Clear,NA,Daylight,N/A,NONE DETECTED,Unknown,No Apparent Injury,N/A,NOT DISTRACTED,MD,SCHOOL BUS,MOVING CONSTANT SPEED,10,No,2023,ICRP,SB,39.06663167,-77.03821,2023,3,16
230012464,Property Damage Crash,03/14/2023 04:19:00 PM,CEDAR LA,NA,SAME DIRECTION SIDESWIPE,Clear,DRY,Daylight,N/A,NONE DETECTED,Yes,No Apparent Injury,N/A,UNKNOWN,VA,PASSENGER CAR,MOVING CONSTANT SPEED,30,No,2013,TOYOTA,COROLLA,39.00553167,-77.10186,2023,3,16