Local Case Number,ACRS Report Type,Crash Date/Time,Road Name,Related Non-Motorist,Collision Type,Weather,Surface Condition,Light,Traffic Control,Driver Substance Abuse,Driver At Fault,Injury Severity,Circumstance,Driver Distracted By,Drivers License State,Vehicle Body Type,Vehicle Movement,Speed Limit,Driverless Vehicle,Vehicle Year,Vehicle Make,Vehicle Model,Latitude,Longitude,Year,Month,Hour
230012460,Injury Crash,03/14/2023 04:11:00 PM,RAMP 5 FR RAMP 8 TO FATHER HURLEY BLVD,NA,SINGLE VEHICLE,Clear,DRY,Daylight,NO CONTROLS,NONE DETECTED,Yes,Possible Minor Injury,N/A,UNKNOWN,VA,PICKUP TRUCK,MOVING CONSTANT SPEED,40,No,2017,TOYOTA,TACOMA,39.20016933,-77.25783017,2023,3,16
230012462,Property Damage Crash,03/14/2023 04:00:00 PM,LOYOLA ST,NA,SAME DIR REAR END,Clear,DRY,Daylight,STOP SIGN,NONE DETECTED,No,No Apparent Injury,N/A,NOT DISTRACTED,MD,PASSENGER CAR,MAKING RIGHT TURN,30,No,2010,TOYOTA,COROLLA,39.07859707,-77.07437394,2023,3,16
230012462,Property Damage Crash,03/14/2023 04:00:00 PM,LOYOLA ST,NA,SAME DIR REAR END,Clear,DRY,Daylight,STOP SIGN,NONE DETECTED,Yes,No Apparent Injury,N/A,UNKNOWN,MD,PICKUP TRUCK,MOVING CONSTANT SPEED,30,No,2008,TOYOTA,TUNDRA,39.07859707,-77.07437394,2023,3,16
230011817,Property Damage Crash,03/14/2023 04:00:00 PM,KIMBERLY ST,NA,SAME DIR REAR END,Clear,DRY,Daylight,NO CONTROLS,NONE DETECTED,Yes,No Apparent Injury,N/A,UNKNOWN,NA,PASSENGER CAR,UNKNOWN,25,No,2004,TOYT,SIENNA,39.03153114,-77.05223751,2023,3,16
230012457,Property Damage Crash,03/14/2023 03:58:00 PM,NA,NA,STRAIGHT MOVEMENT ANGLE,Clear,NA,Daylight,NO CONTROLS,NONE DETECTED,No,No Apparent Injury,N/A,NOT DISTRACTED,MD,PASSENGER CAR,MOVING CONSTANT SPEED,0,No,2009,AUDI,A4,39.0765964,-77.00336603,2023,3,15
230012457,Property Damage Crash,03/14/2023 03:58:00 PM,NA,NA,STRAIGHT MOVEMENT ANGLE,Clear,NA,Daylight,NO CONTROLS,NONE DETECTED,Yes,No Apparent Injury,N/A,LOOKED BUT DID NOT SEE,MD,PASSENGER CAR,BACKING,0,No,2011,TOYOTA,CAMRY,39.0765964,-77.00336603,2023,3,15
230013454,Property Damage Crash,03/14/2023 03:49:00 PM,NEW HAMPSHIRE AVE,NA,SAME DIR REAR END,Clear,DRY,Daylight,NO CONTROLS,NONE DETECTED,No,No Apparent Injury,"DEBRIS OR OBSTRUCTION, N/A",NOT DISTRACTED,MD,PASSENGER CAR,SLOWING OR STOPPING,40,No,2015,HOND,ACCORD,39.09637583,-77.00223833,2023,3,15
230013454,Property Damage Crash,03/14/2023 03:49:00 PM,NEW HAMPSHIRE AVE,NA,SAME DIR REAR END,Clear,DRY,Daylight,NO CONTROLS,NONE DETECTED,Yes,No Apparent Injury,"DEBRIS OR OBSTRUCTION, N/A",NOT DISTRACTED,MD,VAN,SLOWING OR STOPPING,40,No,2017,CHRYSLER,PACIFICA,39.09637583,-77.00223833,2023,3,15
230012449,Property Damage Crash,03/14/2023 03:25:00 PM,MT PISGAH RD,NA,SAME DIR REAR END,Clear,DRY,Daylight,NO CONTROLS,NONE DETECTED,No,No Apparent Injury,N/A,UNKNOWN,MD,PASSENGER CAR,MOVING CONSTANT SPEED,25,No,2019,HYUNDAI,KONA,39.01146608,-76.97713973,2023,3,15
230012449,Property Damage Crash,03/14/2023 03:25:00 PM,MT PISGAH RD,NA,SAME DIR REAR END,Clear,DRY,Daylight,NO CONTROLS,NONE DETECTED,Yes,No Apparent Injury,N/A,UNKNOWN,MD,PASSENGER CAR,MOVING CONSTANT SPEED,25,No,2007,TOYOTA,COROLLA,39.01146608,-76.97713973,2023,3,15
230012269,Injury Crash,03/14/2023 03:12:00 PM,NA,PEDESTRIAN,HEAD ON,Clear,NA,Daylight,NO CONTROLS,NONE DETECTED,Yes,Suspected Serious Injury,N/A,OTHER DISTRACTION,MD,PASSENGER CAR,OTHER,0,No,2012,JEEP,GRAND CHEROKEE,39.05478663,-77.11541242,2023,3,15
230012441,Property Damage Crash,03/14/2023 02:43:00 PM,NA,NA,SAME DIRECTION RIGHT TURN,Clear,NA,Daylight,NO CONTROLS,NONE DETECTED,No,No Apparent Injury,N/A,NOT DISTRACTED,MD,SCHOOL BUS,PARKED,5,No,2020,THOM,BUS,39.079842,-77.14756367,2023,3,14
230012441,Property Damage Crash,03/14/2023 02:43:00 PM,NA,NA,SAME DIRECTION RIGHT TURN,Clear,NA,Daylight,NO CONTROLS,NONE DETECTED,Yes,No Apparent Injury,N/A,UNKNOWN,MD,SCHOOL BUS,PARKING,5,No,2017,THOM,BUS,39.079842,-77.14756367,2023,3,14
230012429,Injury Crash,03/14/2023 02:22:00 PM,ROCKVILLE PIKE,NA,OTHER,Clear,DRY,Daylight,TRAFFIC SIGNAL,NONE DETECTED,No,Possible Minor Injury,N/A,NOT DISTRACTED,MD,PASSENGER CAR,MOVING CONSTANT SPEED,40,No,2013,HYUN,4S,39.02242333,-77.103045,2023,3,14
230012429,Injury Crash,03/14/2023 02:22:00 PM,ROCKVILLE PIKE,NA,OTHER,Clear,DRY,Daylight,TRAFFIC SIGNAL,NONE DETECTED,Yes,No Apparent Injury,N/A,LOOKED BUT DID NOT SEE,MD,PASSENGER CAR,MOVING CONSTANT SPEED,40,No,2017,KIA,SD,39.02242333,-77.103045,2023,3,14
230012429,Injury Crash,03/14/2023 02:22:00 PM,ROCKVILLE PIKE,NA,OTHER,Clear,DRY,Daylight,TRAFFIC SIGNAL,NONE DETECTED,No,No Apparent Injury,N/A,NOT DISTRACTED,VA,VAN,STOPPED IN TRAFFIC LANE,40,No,2018,RAM,PROMSTR15,39.02242333,-77.103045,2023,3,14
230012433,Property Damage Crash,03/14/2023 02:05:00 PM,TURBRIDGE DR,NA,SAME DIRECTION SIDESWIPE,Clear,DRY,Daylight,NO CONTROLS,NONE DETECTED,Yes,No Apparent Injury,N/A,NOT DISTRACTED,MD,FIRE VEHICLE/NON EMERGENCY,MAKING RIGHT TURN,35,No,2016,PRCE,TK,39.09440717,-76.93692633,2023,3,14
230012394,Property Damage Crash,03/14/2023 10:53:00 AM,VEIRS MILL RD,NA,SINGLE VEHICLE,Clear,DRY,Daylight,TRAFFIC SIGNAL,NONE DETECTED,Yes,No Apparent Injury,N/A,NOT DISTRACTED,MD,PASSENGER CAR,MOVING CONSTANT SPEED,35,No,2000,FORD,TK,39.07865811,-77.1310631,2023,3,10
230012393,Property Damage Crash,03/14/2023 10:45:00 AM,W MONTGOMERY AVE,NA,ANGLE MEETS LEFT TURN,Clear,DRY,Daylight,TRAFFIC SIGNAL,NONE DETECTED,Yes,No Apparent Injury,N/A,OTHER ELECTRONIC DEVICE (NAVIGATIONAL PALM PILOT),MD,"OTHER LIGHT TRUCKS (10,000LBS (4,536KG) OR LESS)",MOVING CONSTANT SPEED,45,No,2018,MACK,TK,39.09081669,-77.17925361,2023,3,10
230012393,Property Damage Crash,03/14/2023 10:45:00 AM,W MONTGOMERY AVE,NA,ANGLE MEETS LEFT TURN,Clear,DRY,Daylight,TRAFFIC SIGNAL,NONE DETECTED,No,No Apparent Injury,N/A,NOT DISTRACTED,MD,PASSENGER CAR,STARTING FROM LANE,0,No,2023,HYUN,UT,39.09081669,-77.17925361,2023,3,10
230012388,Property Damage Crash,03/14/2023 09:31:00 AM,NEW HAMPSHIRE AVE,NA,SAME DIRECTION SIDESWIPE,Clear,DRY,Daylight,TRAFFIC SIGNAL,NONE DETECTED,Yes,No Apparent Injury,N/A,UNKNOWN,MD,(SPORT) UTILITY VEHICLE,ACCELERATING,45,No,2013,FORD,TK,39.07629505,-77.00176637,2023,3,9
230012388,Property Damage Crash,03/14/2023 09:31:00 AM,NEW HAMPSHIRE AVE,NA,SAME DIRECTION SIDESWIPE,Clear,DRY,Daylight,TRAFFIC SIGNAL,NONE DETECTED,No,No Apparent Injury,N/A,NOT DISTRACTED,MD,"CARGO VAN/LIGHT TRUCK 2 AXLES (OVER 10,000LBS (4,536 KG))",STOPPED IN TRAFFIC LANE,45,No,2022,FRHT,BU,39.07629505,-77.00176637,2023,3,9
230012381,Injury Crash,03/14/2023 09:10:00 AM,GEORGIA AVE,NA,ANGLE MEETS LEFT TURN,Clear,DRY,Daylight,STOP SIGN,NONE DETECTED,No,Possible Minor Injury,N/A,NOT DISTRACTED,MD,PASSENGER CAR,MOVING CONSTANT SPEED,35,No,2001,MERC,SD,39.0707465,-77.06300683,2023,3,9
230012381,Injury Crash,03/14/2023 09:10:00 AM,GEORGIA AVE,NA,ANGLE MEETS LEFT TURN,Clear,DRY,Daylight,STOP SIGN,NONE DETECTED,Yes,Possible Minor Injury,N/A,UNKNOWN,MD,PASSENGER CAR,MAKING LEFT TURN,35,No,2015,TOYT,TK,39.0707465,-77.06300683,2023,3,9
230012378,Injury Crash,03/14/2023 09:00:00 AM,MCKNEW RD,NA,STRAIGHT MOVEMENT ANGLE,Clear,DRY,Daylight,TRAFFIC SIGNAL,NONE DETECTED,No,Possible Minor Injury,N/A,NOT DISTRACTED,MD,PASSENGER CAR,MAKING RIGHT TURN,40,No,2020,TOYOTA,SIENNA,39.05004636,-76.99297767,2023,3,9
230012378,Injury Crash,03/14/2023 09:00:00 AM,MCKNEW RD,NA,STRAIGHT MOVEMENT ANGLE,Clear,DRY,Daylight,TRAFFIC SIGNAL,NONE DETECTED,Yes,Possible Minor Injury,N/A,LOOKED BUT DID NOT SEE,MD,PASSENGER CAR,MOVING CONSTANT SPEED,40,No,2005,DODGE,CARAVAN,39.05004636,-76.99297767,2023,3,9
230012380,Injury Crash,03/14/2023 08:57:00 AM,WILD OLIVE DR,BICYCLIST,STRAIGHT MOVEMENT ANGLE,Clear,DRY,Daylight,NO CONTROLS,NONE DETECTED,Yes,No Apparent Injury,N/A,UNKNOWN,MD,PASSENGER CAR,BACKING,25,No,2011,HYUNDAI,SANTA FE,39.05452817,-77.1751345,2023,3,8
230012375,Property Damage Crash,03/14/2023 08:25:00 AM,AIRPARK RD,NA,OPPOSITE DIRECTION SIDESWIPE,Clear,DRY,Daylight,NO CONTROLS,NONE DETECTED,No,No Apparent Injury,N/A,NOT DISTRACTED,MD,VAN,MOVING CONSTANT SPEED,50,No,2000,DODGE,CARAVAN,39.16417,-77.14927833,2023,3,8
230012375,Property Damage Crash,03/14/2023 08:25:00 AM,AIRPARK RD,NA,OPPOSITE DIRECTION SIDESWIPE,Clear,DRY,Daylight,NO CONTROLS,NONE DETECTED,Yes,No Apparent Injury,N/A,UNKNOWN,NA,"OTHER LIGHT TRUCKS (10,000LBS (4,536KG) OR LESS)",MOVING CONSTANT SPEED,50,No,2003,CHEVROLET,BOXTRUCK,39.16417,-77.14927833,2023,3,8
230012367,Property Damage Crash,03/14/2023 08:01:00 AM,GEORGIA AVE,NA,SAME DIRECTION SIDESWIPE,Clear,DRY,Daylight,TRAFFIC SIGNAL,NONE DETECTED,Yes,No Apparent Injury,N/A,LOOKED BUT DID NOT SEE,MD,SCHOOL BUS,MAKING LEFT TURN,35,No,2022,THMS,BU,39.04717964,-77.05209599,2023,3,8
230012367,Property Damage Crash,03/14/2023 08:01:00 AM,GEORGIA AVE,NA,SAME DIRECTION SIDESWIPE,Clear,DRY,Daylight,TRAFFIC SIGNAL,NONE DETECTED,No,No Apparent Injury,N/A,NOT DISTRACTED,MD,"CARGO VAN/LIGHT TRUCK 2 AXLES (OVER 10,000LBS (4,536 KG))",STOPPED IN TRAFFIC LANE,35,No,2007,CHEVROLET,EXPRESS,39.04717964,-77.05209599,2023,3,8
230012366,Injury Crash,03/14/2023 06:38:00 AM,COLUMBIA PIKE,NA,SAME DIR REAR END,Clear,DRY,Medium,NO CONTROLS,NONE DETECTED,Yes,No Apparent Injury,"BACKUP DUE TO REGULAR CONGESTION, N/A",NOT DISTRACTED,MD,PASSENGER CAR,SLOWING OR STOPPING,40,No,2003,BUICK,PARK,39.04239933,-76.99359433,2023,3,6
230012366,Injury Crash,03/14/2023 06:38:00 AM,COLUMBIA PIKE,NA,SAME DIR REAR END,Clear,DRY,Medium,NO CONTROLS,NONE DETECTED,No,No Apparent Injury,"BACKUP DUE TO REGULAR CONGESTION, N/A",NOT DISTRACTED,MD,PASSENGER CAR,SLOWING OR STOPPING,40,No,2019,BMW,X5,39.04239933,-76.99359433,2023,3,6
230012366,Injury Crash,03/14/2023 06:38:00 AM,COLUMBIA PIKE,NA,SAME DIR REAR END,Clear,DRY,Medium,NO CONTROLS,NONE DETECTED,No,No Apparent Injury,"BACKUP DUE TO REGULAR CONGESTION, N/A",NOT DISTRACTED,MD,PASSENGER CAR,SLOWING OR STOPPING,40,No,2022,HONDA,CRV,39.04239933,-76.99359433,2023,3,6
230012366,Injury Crash,03/14/2023 06:38:00 AM,COLUMBIA PIKE,NA,SAME DIR REAR END,Clear,DRY,Medium,NO CONTROLS,NONE DETECTED,No,Possible Minor Injury,"BACKUP DUE TO REGULAR CONGESTION, N/A",NOT DISTRACTED,MD,PASSENGER CAR,SLOWING OR STOPPING,40,No,2009,NISSAN,VERSA,39.04239933,-76.99359433,2023,3,6
230012366,Injury Crash,03/14/2023 06:38:00 AM,COLUMBIA PIKE,NA,SAME DIR REAR END,Clear,DRY,Medium,NO CONTROLS,NONE DETECTED,No,Possible Minor Injury,"BACKUP DUE TO REGULAR CONGESTION, N/A",NOT DISTRACTED,MD,PASSENGER CAR,SLOWING OR STOPPING,40,No,2020,LEXUS,RX450R,39.04239933,-76.99359433,2023,3,6
230012365,Property Damage Crash,03/14/2023 06:25:00 AM,GERMANTOWN RD,NA,STRAIGHT MOVEMENT ANGLE,Clear,DRY,Medium,TRAFFIC SIGNAL,NONE DETECTED,No,No Apparent Injury,N/A,NOT DISTRACTED,MD,PASSENGER CAR,MOVING CONSTANT SPEED,45,No,2005,PONT,4H,39.186394,-77.25334567,2023,3,6
230012365,Property Damage Crash,03/14/2023 06:25:00 AM,GERMANTOWN RD,NA,STRAIGHT MOVEMENT ANGLE,Clear,DRY,Medium,TRAFFIC SIGNAL,NONE DETECTED,Yes,No Apparent Injury,N/A,LOOKED BUT DID NOT SEE,MD,PASSENGER CAR,MAKING LEFT TURN,45,No,2015,KIA,TK,39.186394,-77.25334567,2023,3,6
230012362,Injury Crash,03/14/2023 03:13:00 AM,GEORGIA AVE,NA,SINGLE VEHICLE,Clear,DRY,Medium,FLASHING TRAFFIC SIGNAL,NONE DETECTED,Yes,Suspected Serious Injury,N/A,OTHER DISTRACTION,MD,PASSENGER CAR,MAKING LEFT TURN,35,No,2018,HYUNDAI,ELANTRA,39.16140167,-77.10111683,2023,3,3
230012350,Property Damage Crash,03/13/2023 10:19:00 PM,PLYERS MILL RD,NA,SAME DIR REAR END,Clear,DRY,Medium,NO CONTROLS,NONE DETECTED,Yes,No Apparent Injury,N/A,UNKNOWN,MD,PASSENGER CAR,MOVING CONSTANT SPEED,25,No,2017,FORD,4S,39.02995667,-77.04862833,2023,3,22
230012348,Property Damage Crash,03/13/2023 10:01:00 PM,COLUMBIA PIKE,NA,SINGLE VEHICLE,Clear,DRY,Medium,UNKNOWN,NONE DETECTED,Unknown,No Apparent Injury,N/A,UNKNOWN,NA,PASSENGER CAR,UNKNOWN,55,Unknown,2016,HONDA,SD,39.10423925,-76.93317412,2023,3,22
230012319,Property Damage Crash,03/13/2023 07:02:00 PM,NA,NA,SAME DIRECTION SIDESWIPE,Clear,NA,Medium,N/A,NONE DETECTED,Yes,No Apparent Injury,N/A,INATTENTIVE OR LOST IN THOUGHT,MD,PASSENGER CAR,ACCELERATING,25,No,2006,HYUNDAI,SONATA,38.992335,-77.04876433,2023,3,19
230012338,Property Damage Crash,03/13/2023 06:45:00 PM,DOXDAM TERR,PEDESTRIAN,SINGLE VEHICLE,Clear,DRY,Daylight,NO CONTROLS,NONE DETECTED,Yes,No Apparent Injury,N/A,UNKNOWN,NA,NA,ACCELERATING,25,No,0,UNKNOWN,UNKNOWN,39.19930469,-77.24274173,2023,3,18
230012308,Injury Crash,03/13/2023 05:30:00 PM,UNIVERSITY BLVD E,NA,SAME DIR REAR END,Clear,N/A,Daylight,TRAFFIC SIGNAL,NONE DETECTED,Yes,No Apparent Injury,N/A,NOT DISTRACTED,MD,PASSENGER CAR,MOVING CONSTANT SPEED,30,No,2014,NISSAN,SENTRA,38.99980898,-76.99548866,2023,3,17
230012308,Injury Crash,03/13/2023 05:30:00 PM,UNIVERSITY BLVD E,NA,SAME DIR REAR END,Clear,N/A,Daylight,TRAFFIC SIGNAL,NONE DETECTED,No,Possible Minor Injury,N/A,NOT DISTRACTED,MD,PASSENGER CAR,STOPPED IN TRAFFIC LANE,30,No,2005,ACURA,SEDAN,38.99980898,-76.99548866,2023,3,17
230012300,Property Damage Crash,03/13/2023 05:17:00 PM,DEWEY RD,NA,SAME DIRECTION SIDESWIPE,Clear,DRY,Daylight,NO CONTROLS,NONE DETECTED,Yes,No Apparent Injury,N/A,UNKNOWN,MD,PASSENGER CAR,ACCELERATING,25,No,2013,GILL,BUS,39.04558034,-77.08737243,2023,3,17
230012290,Property Damage Crash,03/13/2023 04:50:00 PM,FREDERICK RD,NA,SAME DIRECTION RIGHT TURN,Cloudy,DRY,Daylight,NO CONTROLS,NONE DETECTED,No,No Apparent Injury,N/A,NOT DISTRACTED,MD,PASSENGER CAR,MOVING CONSTANT SPEED,40,No,2018,VOLKSWAGEN,TIGUAN,39.12179336,-77.17634454,2023,3,16
230012290,Property Damage Crash,03/13/2023 04:50:00 PM,FREDERICK RD,NA,SAME DIRECTION RIGHT TURN,Cloudy,DRY,Daylight,NO CONTROLS,NONE DETECTED,Yes,No Apparent Injury,N/A,UNKNOWN,MD,PASSENGER CAR,CHANGING LANES,40,No,2021,NISSAN,ALTIMA,39.12179336,-77.17634454,2023,3,16
230012279,Property Damage Crash,03/13/2023 04:10:00 PM,RANDOLPH RD,NA,SAME DIRECTION SIDESWIPE,Clear,DRY,Daylight,NO CONTROLS,NONE DETECTED,Yes,No Apparent Injury,N/A,DISTRACTED BY OUTSIDE PERSON OBJECT OR EVENT,MD,PASSENGER CAR,MOVING CONSTANT SPEED,45,No,2015,TOYT,4S,39.06619117,-77.02360295,2023,3,16
230012279,Property Damage Crash,03/13/2023 04:10:00 PM,RANDOLPH RD,NA,SAME DIRECTION SIDESWIPE,Clear,DRY,Daylight,NO CONTROLS,NONE DETECTED,No,No Apparent Injury,N/A,NOT DISTRACTED,MD,(SPORT) UTILITY VEHICLE,MOVING CONSTANT SPEED,45,No,2016,CHEV,UT,39.06619117,-77.02360295,2023,3,16
230012280,Property Damage Crash,03/13/2023 03:50:00 PM,RANDOLPH RD,NA,SINGLE VEHICLE,Clear,DRY,Daylight,TRAFFIC SIGNAL,NONE DETECTED,Yes,No Apparent Injury,N/A,NOT DISTRACTED,MD,STATION WAGON,MOVING CONSTANT SPEED,40,No,2016,SUBU,FORESTER,39.06613167,-77.02418833,2023,3,15
230012272,Property Damage Crash,03/13/2023 03:41:00 PM,RIVER RD,NA,SAME DIR REAR END,Clear,N/A,Daylight,NO CONTROLS,NONE DETECTED,No,No Apparent Injury,N/A,NOT DISTRACTED,MD,(SPORT) UTILITY VEHICLE,STOPPED IN TRAFFIC LANE,30,No,2017,ACURA,MDX,39.00080883,-77.177639,2023,3,15
230012272,Property Damage Crash,03/13/2023 03:41:00 PM,RIVER RD,NA,SAME DIR REAR END,Clear,N/A,Daylight,NO CONTROLS,NONE DETECTED,Yes,No Apparent Injury,N/A,OTHER CELLULAR PHONE RELATED,VA,PASSENGER CAR,SLOWING OR STOPPING,30,No,2001,TOYOTA,COROLLA,39.00080883,-77.177639,2023,3,15
230012272,Property Damage Crash,03/13/2023 03:41:00 PM,RIVER RD,NA,SAME DIR REAR END,Clear,N/A,Daylight,NO CONTROLS,NONE DETECTED,No,No Apparent Injury,N/A,NOT DISTRACTED,VA,VAN,STOPPED IN TRAFFIC LANE,30,No,2003,HONDA,ODYSSEY,39.00080883,-77.177639,2023,3,15
230012265,Injury Crash,03/13/2023 02:50:00 PM,WOODFIELD RD,PEDESTRIAN,SINGLE VEHICLE,Cloudy,DRY,Daylight,TRAFFIC SIGNAL,NONE DETECTED,Yes,No Apparent Injury,N/A,LOOKED BUT DID NOT SEE,MD,PICKUP TRUCK,MAKING LEFT TURN,35,No,2021,FORD,PK,39.28815667,-77.20185167,2023,3,14
230012262,Property Damage Crash,03/13/2023 02:29:00 PM,GEORGIA AVE,NA,SAME DIR REAR END,Cloudy,DRY,Daylight,NO CONTROLS,NONE DETECTED,Yes,No Apparent Injury,N/A,NOT DISTRACTED,MD,SCHOOL BUS,MOVING CONSTANT SPEED,40,No,2015,FRHT,BU,39.11191133,-77.07612267,2023,3,14
230012262,Property Damage Crash,03/13/2023 02:29:00 PM,GEORGIA AVE,NA,SAME DIR REAR END,Cloudy,DRY,Daylight,NO CONTROLS,NONE DETECTED,No,No Apparent Injury,N/A,NOT DISTRACTED,MD,PASSENGER CAR,SLOWING OR STOPPING,40,No,2021,TOYOTA,RAV4,39.11191133,-77.07612267,2023,3,14
230012256,Property Damage Crash,03/13/2023 02:08:00 PM,NA,NA,SAME DIRECTION SIDESWIPE,Clear,NA,Daylight,NO CONTROLS,NONE DETECTED,Yes,No Apparent Injury,N/A,LOOKED BUT DID NOT SEE,MD,SCHOOL BUS,STARTING FROM PARKED,15,No,2017,THOMAS,BUS,39.12867833,-77.166095,2023,3,14
230012256,Property Damage Crash,03/13/2023 02:08:00 PM,NA,NA,SAME DIRECTION SIDESWIPE,Clear,NA,Daylight,NO CONTROLS,NONE DETECTED,No,No Apparent Injury,N/A,NOT DISTRACTED,MD,PASSENGER CAR,MOVING CONSTANT SPEED,15,No,2013,VOLK,TIGUAN,39.12867833,-77.166095,2023,3,14
230012246,Property Damage Crash,03/13/2023 01:17:00 PM,DARNESTOWN RD,NA,SINGLE VEHICLE,Clear,DRY,Daylight,NO CONTROLS,NONE DETECTED,Yes,No Apparent Injury,N/A,UNKNOWN,MD,PASSENGER CAR,MOVING CONSTANT SPEED,40,No,1999,TOYOTA,CAMRY,39.11252333,-77.27315167,2023,3,13
230012238,Property Damage Crash,03/13/2023 12:20:00 PM,BRIGGS CHANEY RD,NA,SINGLE VEHICLE,Cloudy,WET,Daylight,TRAFFIC SIGNAL,NONE DETECTED,Yes,No Apparent Injury,"N/A, WET",UNKNOWN,MD,(SPORT) UTILITY VEHICLE,MAKING LEFT TURN,35,No,2012,JEEP,GRAND CHEROKEE,39.08419833,-76.95073333,2023,3,12
230012235,Property Damage Crash,03/13/2023 12:15:00 PM,WOODFIELD RD EXT,NA,HEAD ON LEFT TURN,Cloudy,WET,Daylight,NO CONTROLS,NONE DETECTED,Yes,No Apparent Injury,"N/A, WET",LOOKED BUT DID NOT SEE,MD,(SPORT) UTILITY VEHICLE,MAKING LEFT TURN,40,No,2018,KIA,NIRO,39.28980667,-77.20106,2023,3,12
230012235,Property Damage Crash,03/13/2023 12:15:00 PM,WOODFIELD RD EXT,NA,HEAD ON LEFT TURN,Cloudy,WET,Daylight,NO CONTROLS,NONE DETECTED,No,No Apparent Injury,"N/A, WET",NOT DISTRACTED,MD,PICKUP TRUCK,MOVING CONSTANT SPEED,40,No,2012,TOYT,TACOMA,39.28980667,-77.20106,2023,3,12
230012212,Property Damage Crash,03/13/2023 10:51:00 AM,GEORGIA AVE,NA,SAME DIRECTION SIDESWIPE,Cloudy,WET,Daylight,N/A,NONE DETECTED,No,No Apparent Injury,N/A,NOT DISTRACTED,MD,PASSENGER CAR,MOVING CONSTANT SPEED,35,No,2006,MAZDA,4S,39.08358702,-77.07752178,2023,3,10
230012212,Property Damage Crash,03/13/2023 10:51:00 AM,GEORGIA AVE,NA,SAME DIRECTION SIDESWIPE,Cloudy,WET,Daylight,N/A,NONE DETECTED,Yes,No Apparent Injury,N/A,LOOKED BUT DID NOT SEE,MD,PASSENGER CAR,MOVING CONSTANT SPEED,35,No,2012,TOYOTA,PRIUS,39.08358702,-77.07752178,2023,3,10
230012198,Property Damage Crash,03/13/2023 09:58:00 AM,CAPITAL BELTWAY,NA,SINGLE VEHICLE,Cloudy,WET,Daylight,NO CONTROLS,NONE DETECTED,Yes,No Apparent Injury,"N/A, RAIN, SNOW",NOT DISTRACTED,MD,PASSENGER CAR,MAKING RIGHT TURN,55,No,2020,HONDA,CIVIC,39.0131805,-77.04053833,2023,3,9
230012189,Property Damage Crash,03/13/2023 08:55:00 AM,RIVER RD,NA,STRAIGHT MOVEMENT ANGLE,Rain,WET,Daylight,TRAFFIC SIGNAL,NONE DETECTED,No,No Apparent Injury,"RAIN, SNOW, WET",NOT DISTRACTED,MD,PASSENGER CAR,MOVING CONSTANT SPEED,35,No,2013,MERCEDEZ,E350,38.97317217,-77.12219783,2023,3,8
230012189,Property Damage Crash,03/13/2023 08:55:00 AM,RIVER RD,NA,STRAIGHT MOVEMENT ANGLE,Rain,WET,Daylight,TRAFFIC SIGNAL,NONE DETECTED,Yes,No Apparent Injury,"RAIN, SNOW, WET",NOT DISTRACTED,DC,PASSENGER CAR,MAKING LEFT TURN,35,No,2007,NISSAN,ALTIMA,38.97317217,-77.12219783,2023,3,8
230012187,Property Damage Crash,03/13/2023 07:57:00 AM,SYCAMORE LA,NA,SINGLE VEHICLE,Rain,WET,Daylight,OTHER,NONE DETECTED,Yes,No Apparent Injury,"N/A, V EXHAUST SYSTEM|R OTHER ROAD, WET",NOT DISTRACTED,MD,SCHOOL BUS,MAKING LEFT TURN,25,No,2022,THOMAS,BUS,39.11793383,-77.09084267,2023,3,7
230012174,Injury Crash,03/13/2023 04:35:00 AM,DEMOCRACY BLVD,NA,STRAIGHT MOVEMENT ANGLE,Rain,WET,Medium,FLASHING TRAFFIC SIGNAL,NONE DETECTED,No,No Apparent Injury,"RAIN, SNOW, WET",NOT DISTRACTED,PA,"MEDIUM/HEAVY TRUCKS 3 AXLES (OVER 10,000LBS (4,536KG))",SLOWING OR STOPPING,35,No,2017,FRIEGHT LINER,CORINADO,39.02470617,-77.12511467,2023,3,4
230012174,Injury Crash,03/13/2023 04:35:00 AM,DEMOCRACY BLVD,NA,STRAIGHT MOVEMENT ANGLE,Rain,WET,Medium,FLASHING TRAFFIC SIGNAL,NONE DETECTED,Yes,Possible Minor Injury,"RAIN, SNOW, WET",NOT DISTRACTED,VA,PASSENGER CAR,MOVING CONSTANT SPEED,35,No,2019,TOYTA,CAMRY,39.02470617,-77.12511467,2023,3,4
230012171,Property Damage Crash,03/13/2023 02:08:00 AM,WHITES FERRY RD,NA,SINGLE VEHICLE,Rain,WET,Dark,NO CONTROLS,NONE DETECTED,Yes,No Apparent Injury,"RAIN, SNOW, WET",NOT DISTRACTED,MD,"CARGO VAN/LIGHT TRUCK 2 AXLES (OVER 10,000LBS (4,536 KG))",SLOWING OR STOPPING,40,No,2020,CHEV,5500HD,39.1325,-77.385625,2023,3,2
230012163,Property Damage Crash,03/12/2023 10:31:00 PM,COLUMBIA PIKE,NA,SAME DIR REAR END,Rain,WET,Medium,TRAFFIC SIGNAL,NONE DETECTED,No,No Apparent Injury,"RAIN, SNOW, WET",NOT DISTRACTED,VA,PASSENGER CAR,STOPPED IN TRAFFIC LANE,50,No,2019,MAZDA,CX9,39.0735558,-76.95575777,2023,3,22
230012163,Property Damage Crash,03/12/2023 10:31:00 PM,COLUMBIA PIKE,NA,SAME DIR REAR END,Rain,WET,Medium,TRAFFIC SIGNAL,ALCOHOL PRESENT,Yes,No Apparent Injury,"RAIN, SNOW, WET",DIALING CELLULAR PHONE,MD,PASSENGER CAR,SLOWING OR STOPPING,50,No,2017,GMC,SAVANNA,39.0735558,-76.95575777,2023,3,22
230012160,Property Damage Crash,03/12/2023 10:30:00 PM,NA,NA,SAME DIR REAR END,Clear,NA,Medium,NO CONTROLS,NONE DETECTED,Yes,No Apparent Injury,N/A,NOT DISTRACTED,MD,POLICE VEHICLE/NON EMERGENCY,STARTING FROM PARKED,15,No,2018,FORD,INTERCEPTOR,39.02052167,-77.01331833,2023,3,22
230012161,Property Damage Crash,03/12/2023 10:25:00 PM,TENBROOK DR,NA,OTHER,Rain,WET,Medium,N/A,NONE DETECTED,Yes,No Apparent Injury,"RAIN, SNOW, WET",INATTENTIVE OR LOST IN THOUGHT,MD,PASSENGER CAR,MOVING CONSTANT SPEED,25,No,2017,HONDA,ACCORD,39.01993333,-77.03153333,2023,3,22
230012157,Property Damage Crash,03/12/2023 09:22:00 PM,ROCKVILLE PIKE,NA,SAME DIR REAR END,Rain,WET,Medium,TRAFFIC SIGNAL,ALCOHOL PRESENT,Yes,No Apparent Injury,"N/A, WET",LOOKED BUT DID NOT SEE,MD,PASSENGER CAR,MOVING CONSTANT SPEED,45,No,2014,HONDA,CIVIC,39.03085333,-77.105365,2023,3,21
230012157,Property Damage Crash,03/12/2023 09:22:00 PM,ROCKVILLE PIKE,NA,SAME DIR REAR END,Rain,WET,Medium,TRAFFIC SIGNAL,NONE DETECTED,No,No Apparent Injury,"N/A, WET",NOT DISTRACTED,MD,PASSENGER CAR,STOPPED IN TRAFFIC LANE,45,No,2006,ACURA,TL,39.03085333,-77.105365,2023,3,21
230012146,Property Damage Crash,03/12/2023 08:15:00 PM,W DEER PARK RD,NA,SINGLE VEHICLE,Rain,WET,Dark,NO CONTROLS,NONE DETECTED,Yes,No Apparent Injury,"RAIN, SNOW, WET",NOT DISTRACTED,NY,PASSENGER CAR,MOVING CONSTANT SPEED,25,No,2014,HONDA,CRV,39.13401197,-77.20392427,2023,3,20