Local Case Number,ACRS Report Type,Crash Date/Time,Road Name,Related Non-Motorist,Collision Type,Weather,Surface Condition,Light,Traffic Control,Driver Substance Abuse,Driver At Fault,Injury Severity,Circumstance,Driver Distracted By,Drivers License State,Vehicle Body Type,Vehicle Movement,Speed Limit,Driverless Vehicle,Vehicle Year,Vehicle Make,Vehicle Model,Latitude,Longitude,Year,Month,Hour
230012144,Injury Crash,03/12/2023 08:00:00 PM,VEIRS MILL RD,PEDESTRIAN,OTHER,Rain,WET,Medium,NO CONTROLS,NONE DETECTED,No,No Apparent Injury,"N/A, WET",NOT DISTRACTED,MD,PASSENGER CAR,MOVING CONSTANT SPEED,25,No,2008,PONTIAC,VIBE,39.03957783,-77.05484,2023,3,20
230012141,Injury Crash,03/12/2023 07:30:00 PM,ROCKVILLE PIKE,NA,ANGLE MEETS LEFT TURN,Rain,WET,Medium,NO CONTROLS,NONE DETECTED,No,No Apparent Injury,"RAIN, SNOW, WET",NOT DISTRACTED,MD,PASSENGER CAR,MOVING CONSTANT SPEED,40,No,2019,KIA,FORTE,39.0699405,-77.13117772,2023,3,19
230012141,Injury Crash,03/12/2023 07:30:00 PM,ROCKVILLE PIKE,NA,ANGLE MEETS LEFT TURN,Rain,WET,Medium,NO CONTROLS,NONE DETECTED,Yes,No Apparent Injury,"RAIN, SNOW, WET",NOT DISTRACTED,MD,PASSENGER CAR,ACCELERATING,40,No,2022,TOYOTA,COROLLA,39.0699405,-77.13117772,2023,3,19
230012143,Property Damage Crash,03/12/2023 07:27:00 PM,GEORGIA AVE,NA,SAME DIR REAR END,Rain,WET,Medium,NO CONTROLS,NONE DETECTED,No,No Apparent Injury,"RAIN, SNOW, WET",NOT DISTRACTED,MD,PASSENGER CAR,SLOWING OR STOPPING,30,No,2013,HYUNDAI,SANTFE,39.03426667,-77.04929667,2023,3,19
230012143,Property Damage Crash,03/12/2023 07:27:00 PM,GEORGIA AVE,NA,SAME DIR REAR END,Rain,WET,Medium,NO CONTROLS,NONE DETECTED,Yes,No Apparent Injury,"RAIN, SNOW, WET",LOOKED BUT DID NOT SEE,MD,PASSENGER CAR,MOVING CONSTANT SPEED,35,No,2020,TOYOTA,COROLLA,39.03426667,-77.04929667,2023,3,19
230012143,Property Damage Crash,03/12/2023 07:27:00 PM,GEORGIA AVE,NA,SAME DIR REAR END,Rain,WET,Medium,NO CONTROLS,NONE DETECTED,No,No Apparent Injury,"RAIN, SNOW, WET",NOT DISTRACTED,MD,PASSENGER CAR,SLOWING OR STOPPING,30,No,2012,TOYT,4S,39.03426667,-77.04929667,2023,3,19
230012138,Property Damage Crash,03/12/2023 06:34:00 PM,UNIVERSITY BLVD E,NA,STRAIGHT MOVEMENT ANGLE,Rain,WET,Daylight,STOP SIGN,NONE DETECTED,No,No Apparent Injury,"SLEET, HAIL, FREEZ. RAIN, WET",NOT DISTRACTED,MD,(SPORT) UTILITY VEHICLE,MOVING CONSTANT SPEED,35,No,2004,HOND,PILOT,39.00149833,-76.995595,2023,3,18
230012138,Property Damage Crash,03/12/2023 06:34:00 PM,UNIVERSITY BLVD E,NA,STRAIGHT MOVEMENT ANGLE,Rain,WET,Daylight,STOP SIGN,NONE DETECTED,Yes,No Apparent Injury,"SLEET, HAIL, FREEZ. RAIN, WET",LOOKED BUT DID NOT SEE,MD,(SPORT) UTILITY VEHICLE,MAKING LEFT TURN,25,No,2015,NISS,ROGUE,39.00149833,-76.995595,2023,3,18
230012132,Injury Crash,03/12/2023 06:10:00 PM,EAST WEST HWY,NA,HEAD ON LEFT TURN,Rain,WET,Daylight,TRAFFIC SIGNAL,NONE DETECTED,Yes,No Apparent Injury,N/A,LOOKED BUT DID NOT SEE,DC,PASSENGER CAR,MAKING LEFT TURN,35,No,2002,BMW,530,38.99492602,-77.0456521,2023,3,18
230012132,Injury Crash,03/12/2023 06:10:00 PM,EAST WEST HWY,NA,HEAD ON LEFT TURN,Rain,WET,Daylight,TRAFFIC SIGNAL,NONE DETECTED,No,Possible Minor Injury,N/A,NOT DISTRACTED,MD,PASSENGER CAR,MOVING CONSTANT SPEED,35,No,2015,MITS,MIRAGE,38.99492602,-77.0456521,2023,3,18
230012130,Property Damage Crash,03/12/2023 05:55:00 PM,SENECA MEADOWS PKWY,NA,SINGLE VEHICLE,Cloudy,WET,Daylight,NO CONTROLS,NONE DETECTED,Yes,No Apparent Injury,"RAIN, SNOW, WET",NOT DISTRACTED,MD,(SPORT) UTILITY VEHICLE,MOVING CONSTANT SPEED,30,No,2008,LEXS,RX350,39.19026,-77.25718183,2023,3,17
230012133,Property Damage Crash,03/12/2023 05:47:00 PM,16TH ST,NA,OTHER,Rain,WET,Daylight,TRAFFIC SIGNAL,NONE DETECTED,Yes,No Apparent Injury,N/A,LOOKED BUT DID NOT SEE,DC,PASSENGER CAR,MAKING LEFT TURN,35,No,2019,HONDA,CIVIC,38.99467167,-77.03645833,2023,3,17
230012133,Property Damage Crash,03/12/2023 05:47:00 PM,16TH ST,NA,OTHER,Rain,WET,Daylight,TRAFFIC SIGNAL,NONE DETECTED,No,No Apparent Injury,N/A,NOT DISTRACTED,MD,PASSENGER CAR,MOVING CONSTANT SPEED,35,No,2017,HYUN,4S,38.99467167,-77.03645833,2023,3,17
230012125,Property Damage Crash,03/12/2023 05:00:00 PM,CLOPPER RD,NA,SAME DIR REAR END,Rain,WET,Daylight,TRAFFIC SIGNAL,NONE DETECTED,Yes,No Apparent Injury,N/A,LOOKED BUT DID NOT SEE,MD,PASSENGER CAR,SLOWING OR STOPPING,30,No,2007,HONDA,PILOT,39.14274305,-77.22147597,2023,3,17
230012125,Property Damage Crash,03/12/2023 05:00:00 PM,CLOPPER RD,NA,SAME DIR REAR END,Rain,WET,Daylight,TRAFFIC SIGNAL,NONE DETECTED,No,No Apparent Injury,N/A,NOT DISTRACTED,MD,PASSENGER CAR,STOPPED IN TRAFFIC LANE,30,No,2021,FORD,TK,39.14274305,-77.22147597,2023,3,17
230012122,Property Damage Crash,03/12/2023 04:45:00 PM,CENTERWAY RD,NA,SINGLE VEHICLE,Rain,WET,Daylight,NO CONTROLS,NONE DETECTED,Yes,No Apparent Injury,"N/A, WET",NOT DISTRACTED,MD,PASSENGER CAR,MOVING CONSTANT SPEED,35,No,2013,HYUN,SD,39.16972667,-77.17763167,2023,3,16
230012123,Property Damage Crash,03/12/2023 04:23:00 PM,NA,NA,OTHER,Snow,NA,Daylight,N/A,NONE DETECTED,No,No Apparent Injury,N/A,NOT DISTRACTED,TN,(SPORT) UTILITY VEHICLE,PARKED,0,No,2022,NISSAN,ROGUE,39.12976,-77.16712833,2023,3,16
230012123,Property Damage Crash,03/12/2023 04:23:00 PM,NA,NA,OTHER,Snow,NA,Daylight,N/A,NONE DETECTED,Yes,No Apparent Injury,N/A,UNKNOWN,NA,PASSENGER CAR,BACKING,0,No,2020,TOYOTA,COROLLA,39.12976,-77.16712833,2023,3,16
230012120,Property Damage Crash,03/12/2023 04:21:00 PM,W EDMONSTON DR,NA,HEAD ON LEFT TURN,Cloudy,DRY,Daylight,NO CONTROLS,NONE DETECTED,No,No Apparent Injury,N/A,NOT DISTRACTED,MD,(SPORT) UTILITY VEHICLE,STOPPED IN TRAFFIC LANE,25,No,2005,HOND,TK,39.07271619,-77.13776891,2023,3,16
230012120,Property Damage Crash,03/12/2023 04:21:00 PM,W EDMONSTON DR,NA,HEAD ON LEFT TURN,Cloudy,DRY,Daylight,NO CONTROLS,NONE DETECTED,Yes,No Apparent Injury,N/A,NOT DISTRACTED,MD,(SPORT) UTILITY VEHICLE,MOVING CONSTANT SPEED,25,No,2017,DODG,TK,39.07271619,-77.13776891,2023,3,16
230012120,Property Damage Crash,03/12/2023 04:21:00 PM,W EDMONSTON DR,NA,HEAD ON LEFT TURN,Cloudy,DRY,Daylight,NO CONTROLS,NONE DETECTED,No,No Apparent Injury,N/A,NOT DISTRACTED,MD,(SPORT) UTILITY VEHICLE,SLOWING OR STOPPING,25,No,2021,TOYT,UT,39.07271619,-77.13776891,2023,3,16
230012117,Injury Crash,03/12/2023 03:52:00 PM,CEDAR LA,NA,STRAIGHT MOVEMENT ANGLE,Clear,DRY,Daylight,TRAFFIC SIGNAL,NONE DETECTED,Yes,No Apparent Injury,N/A,UNKNOWN,MD,PASSENGER CAR,MAKING LEFT TURN,35,No,2021,HOND,UT,39.00786978,-77.09457922,2023,3,15
230012117,Injury Crash,03/12/2023 03:52:00 PM,CEDAR LA,NA,STRAIGHT MOVEMENT ANGLE,Clear,DRY,Daylight,TRAFFIC SIGNAL,NONE DETECTED,Yes,Possible Minor Injury,N/A,UNKNOWN,MD,PASSENGER CAR,MOVING CONSTANT SPEED,35,No,2021,JEEP,CHEROKEE,39.00786978,-77.09457922,2023,3,15
230012115,Property Damage Crash,03/12/2023 03:45:00 PM,MEDICAL CENTER WAY,NA,SAME DIRECTION SIDESWIPE,Cloudy,DRY,Daylight,STOP SIGN,NONE DETECTED,Yes,No Apparent Injury,N/A,UNKNOWN,NA,PASSENGER CAR,ACCELERATING,20,No,0,VOLKS,UNKNOWN,39.09748,-77.19554,2023,3,15
230012115,Property Damage Crash,03/12/2023 03:45:00 PM,MEDICAL CENTER WAY,NA,SAME DIRECTION SIDESWIPE,Cloudy,DRY,Daylight,STOP SIGN,NONE DETECTED,No,No Apparent Injury,N/A,NOT DISTRACTED,MD,TRANSIT BUS,STOPPED IN TRAFFIC LANE,20,No,2016,GILL,BUS,39.09748,-77.19554,2023,3,15
230012101,Property Damage Crash,03/12/2023 01:11:00 PM,NA,NA,OPPOSITE DIRECTION SIDESWIPE,Clear,NA,Daylight,NO CONTROLS,NONE DETECTED,Yes,No Apparent Injury,N/A,UNKNOWN,MD,PICKUP TRUCK,MOVING CONSTANT SPEED,20,No,2010,FORD,F150,39.17962379,-77.23349189,2023,3,13
230012101,Property Damage Crash,03/12/2023 01:11:00 PM,NA,NA,OPPOSITE DIRECTION SIDESWIPE,Clear,NA,Daylight,NO CONTROLS,NONE DETECTED,No,No Apparent Injury,N/A,NOT DISTRACTED,MD,PICKUP TRUCK,PARKED,0,No,2003,TOYOTA,TACOMA,39.17962379,-77.23349189,2023,3,13
230012097,Injury Crash,03/12/2023 12:40:00 PM,COLESVILLE RD,NA,SINGLE VEHICLE,Cloudy,DRY,Daylight,N/A,NONE DETECTED,Yes,Possible Minor Injury,N/A,UNKNOWN,MD,PASSENGER CAR,SLOWING OR STOPPING,35,No,2008,TOYOTA,RAV4,39.00889167,-77.01839167,2023,3,12
230012087,Injury Crash,03/12/2023 11:42:00 AM,UNIVERSITY BLVD W,PEDESTRIAN,HEAD ON,Clear,DRY,Daylight,N/A,NONE DETECTED,No,No Apparent Injury,N/A,NOT DISTRACTED,MD,PASSENGER CAR,MOVING CONSTANT SPEED,35,No,2009,TOYOTA,COROLLA,39.05821733,-77.04855467,2023,3,11
230012086,Property Damage Crash,03/12/2023 11:27:00 AM,NA,NA,OTHER,Clear,NA,Daylight,N/A,NONE DETECTED,Yes,No Apparent Injury,N/A,UNKNOWN,NA,PASSENGER CAR,BACKING,5,No,2017,LEXUS,4 DOOR,38.99408333,-77.03239667,2023,3,11
230012086,Property Damage Crash,03/12/2023 11:27:00 AM,NA,NA,OTHER,Clear,NA,Daylight,N/A,NONE DETECTED,No,No Apparent Injury,N/A,NOT DISTRACTED,DC,PASSENGER CAR,PARKED,0,No,2015,TOYOYTA,4 DOOR,38.99408333,-77.03239667,2023,3,11
230012079,Property Damage Crash,03/12/2023 10:12:00 AM,SHADY GROVE RD,NA,SAME DIR REAR END,Clear,DRY,Daylight,NO CONTROLS,NONE DETECTED,Yes,No Apparent Injury,N/A,UNKNOWN,MD,PASSENGER CAR,SLOWING OR STOPPING,35,No,2013,TOYT,PV,39.14485833,-77.15007,2023,3,10
230012079,Property Damage Crash,03/12/2023 10:12:00 AM,SHADY GROVE RD,NA,SAME DIR REAR END,Clear,DRY,Daylight,NO CONTROLS,NONE DETECTED,No,No Apparent Injury,N/A,NOT DISTRACTED,MD,PASSENGER CAR,MAKING RIGHT TURN,35,No,2021,FORD,UT,39.14485833,-77.15007,2023,3,10
230012068,Property Damage Crash,03/12/2023 05:27:00 AM,VEIRS MILL RD,NA,SAME DIR REAR END,Clear,DRY,Medium,TRAFFIC SIGNAL,NONE DETECTED,Yes,No Apparent Injury,N/A,NOT DISTRACTED,MD,PASSENGER CAR,MOVING CONSTANT SPEED,35,No,2016,CHRYSLER,4DR,39.07852355,-77.13109826,2023,3,5
230012068,Property Damage Crash,03/12/2023 05:27:00 AM,VEIRS MILL RD,NA,SAME DIR REAR END,Clear,DRY,Medium,TRAFFIC SIGNAL,NONE DETECTED,No,No Apparent Injury,N/A,NOT DISTRACTED,MD,PASSENGER CAR,STOPPED IN TRAFFIC LANE,35,No,2009,TOYOTA,CAMRY,39.07852355,-77.13109826,2023,3,5
230012054,Property Damage Crash,03/11/2023 11:47:00 PM,WHETSTONE DR,NA,HEAD ON,Clear,DRY,Medium,NO CONTROLS,NONE DETECTED,Yes,No Apparent Injury,N/A,DIALING CELLULAR PHONE,MD,PASSENGER CAR,MOVING CONSTANT SPEED,30,No,2017,HOND,SD,39.16544833,-77.19875667,2023,3,23
230012050,Property Damage Crash,03/11/2023 11:20:00 PM,WASHINGTONIAN BLVD,NA,SINGLE VEHICLE,Clear,DRY,Medium,NO CONTROLS,NONE DETECTED,Yes,No Apparent Injury,N/A,INATTENTIVE OR LOST IN THOUGHT,MD,PASSENGER CAR,MOVING CONSTANT SPEED,25,No,2017,NISSAN,SENTRA,39.11790333,-77.2019965,2023,3,23
230012048,Injury Crash,03/11/2023 10:11:00 PM,E JEFFERSON ST,NA,STRAIGHT MOVEMENT ANGLE,Clear,DRY,Medium,NO CONTROLS,NONE DETECTED,Yes,No Apparent Injury,N/A,NOT DISTRACTED,MD,PASSENGER CAR,ACCELERATING,35,No,2017,SUBA,FORRESTER,39.05245869,-77.12624574,2023,3,22
230012048,Injury Crash,03/11/2023 10:11:00 PM,E JEFFERSON ST,NA,STRAIGHT MOVEMENT ANGLE,Clear,DRY,Medium,NO CONTROLS,NONE DETECTED,No,No Apparent Injury,N/A,NOT DISTRACTED,MD,VAN,MOVING CONSTANT SPEED,35,No,2010,HOND,ODYSSEY,39.05245869,-77.12624574,2023,3,22
230012047,Injury Crash,03/11/2023 10:05:00 PM,VEIRS MILL RD,NA,STRAIGHT MOVEMENT ANGLE,Clear,DRY,Medium,NO CONTROLS,NONE DETECTED,Yes,Suspected Serious Injury,N/A,UNKNOWN,MD,PASSENGER CAR,MAKING LEFT TURN,35,No,2016,HONDA,ACCORD,39.05130882,-77.07511704,2023,3,22
230012047,Injury Crash,03/11/2023 10:05:00 PM,VEIRS MILL RD,NA,STRAIGHT MOVEMENT ANGLE,Clear,DRY,Medium,NO CONTROLS,ALCOHOL PRESENT,Yes,Possible Minor Injury,N/A,UNKNOWN,MD,PASSENGER CAR,MOVING CONSTANT SPEED,35,No,2004,ACURA,TL,39.05130882,-77.07511704,2023,3,22
230012015,Injury Crash,03/11/2023 05:18:00 PM,GEORGIA AVE,NA,SAME DIR REAR END,Clear,DRY,Daylight,TRAFFIC SIGNAL,NONE DETECTED,No,No Apparent Injury,N/A,NOT DISTRACTED,MD,PASSENGER CAR,STOPPED IN TRAFFIC LANE,45,No,2020,HONDA,PILOT,39.12632136,-77.07240692,2023,3,17
230012015,Injury Crash,03/11/2023 05:18:00 PM,GEORGIA AVE,NA,SAME DIR REAR END,Clear,DRY,Daylight,TRAFFIC SIGNAL,ALCOHOL PRESENT,Yes,Possible Minor Injury,N/A,UNKNOWN,MD,PASSENGER CAR,MOVING CONSTANT SPEED,45,No,2018,HYUNDAI,ELANTRA,39.12632136,-77.07240692,2023,3,17
230011996,Injury Crash,03/11/2023 03:25:00 PM,CHERRY HILL RD,NA,SAME DIR REAR END,Clear,DRY,Daylight,N/A,NONE DETECTED,No,No Apparent Injury,N/A,NOT DISTRACTED,MD,PASSENGER CAR,SLOWING OR STOPPING,35,No,2007,NISS,4S,39.057511,-76.95501667,2023,3,15
230011996,Injury Crash,03/11/2023 03:25:00 PM,CHERRY HILL RD,NA,SAME DIR REAR END,Clear,DRY,Daylight,N/A,NONE DETECTED,No,Possible Minor Injury,N/A,NOT DISTRACTED,MD,PASSENGER CAR,SLOWING OR STOPPING,35,No,2020,TOYOTA,HIGHLANDER,39.057511,-76.95501667,2023,3,15
230011996,Injury Crash,03/11/2023 03:25:00 PM,CHERRY HILL RD,NA,SAME DIR REAR END,Clear,DRY,Daylight,N/A,NONE DETECTED,Yes,No Apparent Injury,N/A,LOOKED BUT DID NOT SEE,MD,PASSENGER CAR,MOVING CONSTANT SPEED,35,No,2013,HOND,SD,39.057511,-76.95501667,2023,3,15
230012031,Property Damage Crash,03/11/2023 02:30:00 PM,BETHESDA AVE,NA,SAME DIRECTION SIDESWIPE,Clear,DRY,Daylight,TRAFFIC SIGNAL,NONE DETECTED,Yes,No Apparent Injury,N/A,UNKNOWN,NA,PASSENGER CAR,MOVING CONSTANT SPEED,25,No,2020,HONDA,CR,38.98086482,-77.09830016,2023,3,14
230012031,Property Damage Crash,03/11/2023 02:30:00 PM,BETHESDA AVE,NA,SAME DIRECTION SIDESWIPE,Clear,DRY,Daylight,TRAFFIC SIGNAL,NONE DETECTED,No,No Apparent Injury,N/A,NOT DISTRACTED,MD,PASSENGER CAR,STOPPED IN TRAFFIC LANE,25,No,2013,VOLKSWAGEN,BETLE,38.98086482,-77.09830016,2023,3,14
230011991,Property Damage Crash,03/11/2023 02:26:00 PM,ROCKVILLE PIKE,NA,STRAIGHT MOVEMENT ANGLE,Cloudy,DRY,Daylight,TRAFFIC SIGNAL,NONE DETECTED,No,No Apparent Injury,N/A,NOT DISTRACTED,DC,(SPORT) UTILITY VEHICLE,MAKING LEFT TURN,35,No,2009,TOYOTA,HIGHLANDER,39.07713162,-77.13935276,2023,3,14
230011991,Property Damage Crash,03/11/2023 02:26:00 PM,ROCKVILLE PIKE,NA,STRAIGHT MOVEMENT ANGLE,Cloudy,DRY,Daylight,TRAFFIC SIGNAL,NONE DETECTED,Yes,No Apparent Injury,N/A,NOT DISTRACTED,VA,(SPORT) UTILITY VEHICLE,MOVING CONSTANT SPEED,35,No,2015,LEXUS,RX350,39.07713162,-77.13935276,2023,3,14
230011972,Injury Crash,03/11/2023 12:48:00 PM,SHADY GROVE RD,NA,ANGLE MEETS LEFT TURN,Clear,DRY,Daylight,TRAFFIC SIGNAL,NONE DETECTED,Unknown,No Apparent Injury,N/A,UNKNOWN,MD,PASSENGER CAR,MOVING CONSTANT SPEED,40,No,2013,HYUN,SONATA,39.10931,-77.18842833,2023,3,12
230011972,Injury Crash,03/11/2023 12:48:00 PM,SHADY GROVE RD,NA,ANGLE MEETS LEFT TURN,Clear,DRY,Daylight,TRAFFIC SIGNAL,NONE DETECTED,Unknown,Possible Minor Injury,N/A,UNKNOWN,GA,PASSENGER CAR,MAKING LEFT TURN,40,No,2016,VOLKS,JETTA,39.10931,-77.18842833,2023,3,12
230011969,Injury Crash,03/11/2023 12:35:00 PM,DUNDEE RD,NA,SINGLE VEHICLE,Clear,DRY,Daylight,WARNING SIGN,NONE DETECTED,Yes,Possible Minor Injury,N/A,NOT DISTRACTED,MD,PASSENGER CAR,MOVING CONSTANT SPEED,25,No,2012,MERZ,4S,39.08737143,-77.18184042,2023,3,12
230011976,Property Damage Crash,03/11/2023 12:25:00 PM,PINEY BRANCH RD,NA,SAME DIR REAR END,Clear,DRY,Daylight,NO CONTROLS,NONE DETECTED,No,No Apparent Injury,N/A,NOT DISTRACTED,US,PASSENGER CAR,SLOWING OR STOPPING,30,No,2018,NISSAN,SENTRA,38.99974037,-76.99607747,2023,3,12
230011976,Property Damage Crash,03/11/2023 12:25:00 PM,PINEY BRANCH RD,NA,SAME DIR REAR END,Clear,DRY,Daylight,NO CONTROLS,NONE DETECTED,Yes,No Apparent Injury,N/A,UNKNOWN,NA,PASSENGER CAR,MOVING CONSTANT SPEED,30,No,2014,HONDA,4DR,38.99974037,-76.99607747,2023,3,12
230011959,Property Damage Crash,03/11/2023 11:41:00 AM,NA,NA,SINGLE VEHICLE,Clear,NA,Daylight,NO CONTROLS,NONE DETECTED,Yes,No Apparent Injury,N/A,LOOKED BUT DID NOT SEE,NY,PICKUP TRUCK,STARTING FROM PARKED,5,No,2022,FORD,TRK,39.14845333,-77.22241667,2023,3,11
230011949,Property Damage Crash,03/11/2023 10:30:00 AM,NA,NA,SINGLE VEHICLE,Clear,NA,Daylight,NO CONTROLS,NONE DETECTED,Yes,No Apparent Injury,N/A,NOT DISTRACTED,NJ,POLICE VEHICLE/EMERGENCY,MOVING CONSTANT SPEED,15,No,2002,PIERCE,DASH,39.081629,-77.14756017,2023,3,10
230011902,Injury Crash,03/11/2023 12:13:00 AM,CHERRY HILL RD,NA,OTHER,Clear,DRY,Medium,TRAFFIC SIGNAL,NONE DETECTED,No,Possible Minor Injury,N/A,NOT DISTRACTED,MD,PASSENGER CAR,MOVING CONSTANT SPEED,40,No,2015,MINI,COOPER S,39.056195,-76.95401667,2023,3,0
230011902,Injury Crash,03/11/2023 12:13:00 AM,CHERRY HILL RD,NA,OTHER,Clear,DRY,Medium,TRAFFIC SIGNAL,NONE DETECTED,Yes,No Apparent Injury,N/A,UNKNOWN,NA,PASSENGER CAR,MOVING CONSTANT SPEED,30,No,2015,HONDA,CIVIC,39.056195,-76.95401667,2023,3,0
230011902,Injury Crash,03/11/2023 12:13:00 AM,CHERRY HILL RD,NA,OTHER,Clear,DRY,Medium,TRAFFIC SIGNAL,NONE DETECTED,No,Possible Minor Injury,N/A,NOT DISTRACTED,MD,VAN,MAKING LEFT TURN,40,No,2018,HONDA,ODYSSEY,39.056195,-76.95401667,2023,3,0
230011897,Property Damage Crash,03/10/2023 11:32:00 PM,COLUMBIA PIKE,NA,SAME DIR REAR END,Clear,DRY,Medium,TRAFFIC SIGNAL,NONE DETECTED,No,No Apparent Injury,N/A,NOT DISTRACTED,MD,PASSENGER CAR,STARTING FROM LANE,45,No,2019,INFINITY,QX50,39.04131667,-76.995365,2023,3,23
230011897,Property Damage Crash,03/10/2023 11:32:00 PM,COLUMBIA PIKE,NA,SAME DIR REAR END,Clear,DRY,Medium,TRAFFIC SIGNAL,ALCOHOL PRESENT,Yes,No Apparent Injury,N/A,LOOKED BUT DID NOT SEE,XX,PASSENGER CAR,CHANGING LANES,45,No,2009,HONDA,ACCORD,39.04131667,-76.995365,2023,3,23
230011894,Property Damage Crash,03/10/2023 11:10:00 PM,FENTON ST,NA,SAME DIRECTION RIGHT TURN,Clear,DRY,Medium,TRAFFIC SIGNAL,NONE DETECTED,Yes,No Apparent Injury,N/A,UNKNOWN,NA,PASSENGER CAR,MAKING U TURN,25,No,2012,HYUNDIA,ELANTRA,38.997243,-77.0258285,2023,3,23
230011894,Property Damage Crash,03/10/2023 11:10:00 PM,FENTON ST,NA,SAME DIRECTION RIGHT TURN,Clear,DRY,Medium,TRAFFIC SIGNAL,NONE DETECTED,No,No Apparent Injury,N/A,NOT DISTRACTED,MD,PASSENGER CAR,STOPPED IN TRAFFIC LANE,25,No,2018,MERCEDES,TLA250,38.997243,-77.0258285,2023,3,23
230011885,Property Damage Crash,03/10/2023 10:01:00 PM,PERRY PKWY,NA,SINGLE VEHICLE,Clear,WET,Medium,NO CONTROLS,NONE DETECTED,Yes,No Apparent Injury,"N/A, WET",NOT DISTRACTED,MD,PASSENGER CAR,MOVING CONSTANT SPEED,35,No,2009,TOYOTA,SD,39.14390902,-77.2127356,2023,3,22
230011881,Property Damage Crash,03/10/2023 09:11:00 PM,OAKMONT AVE,NA,HEAD ON LEFT TURN,Rain,WET,Medium,NO CONTROLS,NONE DETECTED,No,No Apparent Injury,"N/A, WET",NOT DISTRACTED,MD,PASSENGER CAR,MOVING CONSTANT SPEED,35,No,2016,INFINITY,SEDAN,39.12766667,-77.17446333,2023,3,21
230011881,Property Damage Crash,03/10/2023 09:11:00 PM,OAKMONT AVE,NA,HEAD ON LEFT TURN,Rain,WET,Medium,NO CONTROLS,NONE DETECTED,Yes,No Apparent Injury,"N/A, WET",NOT DISTRACTED,MD,PASSENGER CAR,ACCELERATING,35,No,2009,HOND,CIVIC,39.12766667,-77.17446333,2023,3,21
230011859,Injury Crash,03/10/2023 06:59:00 PM,PHILADELPHIA AVE,NA,STRAIGHT MOVEMENT ANGLE,Rain,WET,Medium,TRAFFIC SIGNAL,NONE DETECTED,No,Possible Minor Injury,"RAIN, SNOW, WET",NOT DISTRACTED,MD,PASSENGER CAR,MOVING CONSTANT SPEED,25,No,2013,HONDA,CRV,38.98313,-77.01533333,2023,3,18
230011859,Injury Crash,03/10/2023 06:59:00 PM,PHILADELPHIA AVE,NA,STRAIGHT MOVEMENT ANGLE,Rain,WET,Medium,TRAFFIC SIGNAL,NONE DETECTED,Yes,No Apparent Injury,"RAIN, SNOW, WET",INATTENTIVE OR LOST IN THOUGHT,DC,PASSENGER CAR,MAKING LEFT TURN,25,No,2008,CHEVROLET,IMPALA,38.98313,-77.01533333,2023,3,18
230011855,Injury Crash,03/10/2023 06:41:00 PM,GLEN MILL RD,NA,SAME DIR REAR END,Rain,WET,Dark,NO CONTROLS,NONE DETECTED,No,No Apparent Injury,"N/A, WET",UNKNOWN,MD,(SPORT) UTILITY VEHICLE,MOVING CONSTANT SPEED,30,No,2016,BMW,X3,39.0866795,-77.1964515,2023,3,18
230011855,Injury Crash,03/10/2023 06:41:00 PM,GLEN MILL RD,NA,SAME DIR REAR END,Rain,WET,Dark,NO CONTROLS,NONE DETECTED,No,Possible Minor Injury,"N/A, WET",NOT DISTRACTED,DC,(SPORT) UTILITY VEHICLE,STOPPED IN TRAFFIC LANE,30,No,2019,BUICK,ENCLAVE,39.0866795,-77.1964515,2023,3,18
230011848,Property Damage Crash,03/10/2023 06:25:00 PM,INDEPENDENCE ST,NA,STRAIGHT MOVEMENT ANGLE,Rain,WET,Medium,TRAFFIC SIGNAL,NONE DETECTED,Yes,No Apparent Injury,"N/A, WET",LOOKED BUT DID NOT SEE,MD,PASSENGER CAR,MAKING LEFT TURN,30,No,2013,KIA,SOUL,39.075885,-77.08045667,2023,3,18
230011848,Property Damage Crash,03/10/2023 06:25:00 PM,INDEPENDENCE ST,NA,STRAIGHT MOVEMENT ANGLE,Rain,WET,Medium,TRAFFIC SIGNAL,NONE DETECTED,No,No Apparent Injury,"N/A, WET",NOT DISTRACTED,MD,POLICE VEHICLE/EMERGENCY,ACCELERATING,30,No,2007,ACURA,TSX,39.075885,-77.08045667,2023,3,18
230011939,Property Damage Crash,03/10/2023 05:45:00 PM,NEW HAMPSHIRE AVE,NA,SAME DIRECTION SIDESWIPE,Rain,WET,Daylight,TRAFFIC SIGNAL,NONE DETECTED,No,No Apparent Injury,N/A,NOT DISTRACTED,MD,PASSENGER CAR,MOVING CONSTANT SPEED,30,No,2018,TOYOTA,COROLLA,39.04003358,-76.9902011,2023,3,17
230011939,Property Damage Crash,03/10/2023 05:45:00 PM,NEW HAMPSHIRE AVE,NA,SAME DIRECTION SIDESWIPE,Rain,WET,Daylight,TRAFFIC SIGNAL,NONE DETECTED,Yes,No Apparent Injury,N/A,UNKNOWN,NA,UNKNOWN,CHANGING LANES,30,No,0,UNKNOWN,UNKNOWN,39.04003358,-76.9902011,2023,3,17
230011841,Injury Crash,03/10/2023 05:30:00 PM,MIDCOUNTY HWY,NA,SAME DIR REAR END,Rain,WET,Medium,TRAFFIC SIGNAL,NONE DETECTED,No,Possible Minor Injury,"RAIN, SNOW, WET",NOT DISTRACTED,MD,PASSENGER CAR,SLOWING OR STOPPING,30,No,2017,TOYOT,SW,39.1514977,-77.17364313,2023,3,17
230011841,Injury Crash,03/10/2023 05:30:00 PM,MIDCOUNTY HWY,NA,SAME DIR REAR END,Rain,WET,Medium,TRAFFIC SIGNAL,NONE DETECTED,Yes,No Apparent Injury,"RAIN, SNOW, WET",LOOKED BUT DID NOT SEE,MD,PASSENGER CAR,SLOWING OR STOPPING,30,No,2015,HOND,4S,39.1514977,-77.17364313,2023,3,17
230011837,Injury Crash,03/10/2023 05:28:00 PM,WASHINGTON GROVE LA,NA,SINGLE VEHICLE,Rain,WET,Medium,N/A,NONE DETECTED,Yes,Possible Minor Injury,"RAIN, SNOW, WET",NOT DISTRACTED,MD,PASSENGER CAR,MOVING CONSTANT SPEED,25,No,2009,TOYOTA,PRIUS,39.14972,-77.16641,2023,3,17
230011836,Injury Crash,03/10/2023 05:28:00 PM,PINEY BRANCH RD,PEDESTRIAN,SINGLE VEHICLE,Rain,WET,Medium,TRAFFIC SIGNAL,NONE DETECTED,No,No Apparent Injury,"N/A, WET",NOT DISTRACTED,MD,PASSENGER CAR,MOVING CONSTANT SPEED,30,No,2016,NISS,4S,38.99156667,-77.010095,2023,3,17
230011827,Injury Crash,03/10/2023 04:50:00 PM,LAYTONSVILLE RD,NA,HEAD ON,Rain,WET,Daylight,NO CONTROLS,NONE DETECTED,Yes,Possible Minor Injury,"RAIN, SNOW, WET",LOOKED BUT DID NOT SEE,VA,(SPORT) UTILITY VEHICLE,PASSING,40,No,2020,TOYOTA,RAV4,39.24373833,-77.14368833,2023,3,16
230011827,Injury Crash,03/10/2023 04:50:00 PM,LAYTONSVILLE RD,NA,HEAD ON,Rain,WET,Daylight,NO CONTROLS,NONE DETECTED,No,Possible Minor Injury,"RAIN, SNOW, WET",NOT DISTRACTED,MD,(SPORT) UTILITY VEHICLE,MOVING CONSTANT SPEED,40,No,2011,HONDA,ODDESSEY,39.24373833,-77.14368833,2023,3,16