Local Case Number,ACRS Report Type,Crash Date/Time,Road Name,Related Non-Motorist,Collision Type,Weather,Surface Condition,Light,Traffic Control,Driver Substance Abuse,Driver At Fault,Injury Severity,Circumstance,Driver Distracted By,Drivers License State,Vehicle Body Type,Vehicle Movement,Speed Limit,Driverless Vehicle,Vehicle Year,Vehicle Make,Vehicle Model,Latitude,Longitude,Year,Month,Hour
230011821,Injury Crash,03/10/2023 04:32:00 PM,CLOPPER RD,NA,HEAD ON LEFT TURN,Rain,WET,Medium,N/A,NONE DETECTED,No,Possible Minor Injury,"RAIN, SNOW, WET",NOT DISTRACTED,MD,PASSENGER CAR,MOVING CONSTANT SPEED,35,No,2008,VOLK,SD,39.14834003,-77.23721508,2023,3,16
230011821,Injury Crash,03/10/2023 04:32:00 PM,CLOPPER RD,NA,HEAD ON LEFT TURN,Rain,WET,Medium,N/A,NONE DETECTED,Yes,Possible Minor Injury,"RAIN, SNOW, WET",LOOKED BUT DID NOT SEE,MD,PASSENGER CAR,MAKING LEFT TURN,35,No,2007,HYUN,4S,39.14834003,-77.23721508,2023,3,16
230011818,Injury Crash,03/10/2023 04:20:00 PM,NORWOOD RD,NA,SAME DIR REAR END,Rain,WET,Daylight,TRAFFIC SIGNAL,NONE DETECTED,Yes,No Apparent Injury,"N/A, RAIN, SNOW",UNKNOWN,NA,PASSENGER CAR,MOVING CONSTANT SPEED,40,No,0,TOYOTA,CAMRY,39.12028167,-76.98905,2023,3,16
230011818,Injury Crash,03/10/2023 04:20:00 PM,NORWOOD RD,NA,SAME DIR REAR END,Rain,WET,Daylight,TRAFFIC SIGNAL,NONE DETECTED,No,Possible Minor Injury,"N/A, RAIN, SNOW",NOT DISTRACTED,MD,PASSENGER CAR,MOVING CONSTANT SPEED,40,No,2015,DODGE,CHARGER,39.12028167,-76.98905,2023,3,16
230011815,Injury Crash,03/10/2023 04:19:00 PM,COLUMBIA PIKE,NA,SAME DIR REAR END,Rain,WET,Daylight,NO CONTROLS,NONE DETECTED,No,No Apparent Injury,"N/A, WET",NOT DISTRACTED,NA,NA,STOPPED IN TRAFFIC LANE,50,No,0,UNKNOWN,UNKNOWN,39.05517833,-76.97281167,2023,3,16
230011815,Injury Crash,03/10/2023 04:19:00 PM,COLUMBIA PIKE,NA,SAME DIR REAR END,Rain,WET,Daylight,NO CONTROLS,NONE DETECTED,No,Possible Minor Injury,"N/A, WET",NOT DISTRACTED,VA,PASSENGER CAR,STOPPED IN TRAFFIC LANE,50,No,2016,BMW,X5,39.05517833,-76.97281167,2023,3,16
230011815,Injury Crash,03/10/2023 04:19:00 PM,COLUMBIA PIKE,NA,SAME DIR REAR END,Rain,WET,Daylight,NO CONTROLS,NONE DETECTED,Yes,Possible Minor Injury,"N/A, WET",NOT DISTRACTED,MD,PASSENGER CAR,MOVING CONSTANT SPEED,50,No,2013,HOND,PV,39.05517833,-76.97281167,2023,3,16
230011811,Property Damage Crash,03/10/2023 04:01:00 PM,RANDOLPH RD,NA,SAME DIR REAR END,Rain,WET,Daylight,TRAFFIC SIGNAL,NONE DETECTED,Yes,No Apparent Injury,"SLEET, HAIL, FREEZ. RAIN, WET",LOOKED BUT DID NOT SEE,MD,PASSENGER CAR,SLOWING OR STOPPING,40,No,2022,TOYT,SD,39.0716715,-77.01152,2023,3,16
230011811,Property Damage Crash,03/10/2023 04:01:00 PM,RANDOLPH RD,NA,SAME DIR REAR END,Rain,WET,Daylight,TRAFFIC SIGNAL,NONE DETECTED,No,No Apparent Injury,"SLEET, HAIL, FREEZ. RAIN, WET",NOT DISTRACTED,MD,(SPORT) UTILITY VEHICLE,STOPPED IN TRAFFIC LANE,40,No,2022,TOYT,UT,39.0716715,-77.01152,2023,3,16
230011812,Property Damage Crash,03/10/2023 03:50:00 PM,NEW HAMPSHIRE AVE,NA,SAME DIR REAR END,Rain,WET,Daylight,TRAFFIC SIGNAL,NONE DETECTED,Yes,No Apparent Injury,"RAIN, SNOW, WET",UNKNOWN,VA,PASSENGER CAR,MOVING CONSTANT SPEED,40,No,2018,HONDA,4DR,38.9930445,-77.026192,2023,3,15
230011812,Property Damage Crash,03/10/2023 03:50:00 PM,NEW HAMPSHIRE AVE,NA,SAME DIR REAR END,Rain,WET,Daylight,TRAFFIC SIGNAL,NONE DETECTED,No,No Apparent Injury,"RAIN, SNOW, WET",NOT DISTRACTED,MD,SCHOOL BUS,MOVING CONSTANT SPEED,40,No,2021,FREIGHTLINER,SCHOOL BUS,38.9930445,-77.026192,2023,3,15
230011781,Property Damage Crash,03/10/2023 12:58:00 PM,NA,NA,STRAIGHT MOVEMENT ANGLE,Rain,NA,Daylight,N/A,NONE DETECTED,Yes,No Apparent Injury,"N/A, WET",LOOKED BUT DID NOT SEE,MD,PICKUP TRUCK,ACCELERATING,15,No,2003,FORD,RANGER,39.20118571,-77.2552834,2023,3,12
230011781,Property Damage Crash,03/10/2023 12:58:00 PM,NA,NA,STRAIGHT MOVEMENT ANGLE,Rain,NA,Daylight,N/A,NONE DETECTED,Yes,No Apparent Injury,"N/A, WET",NOT DISTRACTED,DE,PASSENGER CAR,MOVING CONSTANT SPEED,15,No,2020,CHEVROLET,SONIC,39.20118571,-77.2552834,2023,3,12
230011771,Injury Crash,03/10/2023 12:45:00 PM,METRO ACCESS RD,NA,SINGLE VEHICLE,Snow,WET,Daylight,N/A,NONE DETECTED,Yes,Possible Minor Injury,"N/A, WET",UNKNOWN,MD,PASSENGER CAR,MOVING CONSTANT SPEED,40,No,2004,SUBARU,WRX STI,39.12393022,-77.16159358,2023,3,12
230011769,Property Damage Crash,03/10/2023 12:24:00 PM,RANDOLPH RD,NA,STRAIGHT MOVEMENT ANGLE,Clear,WET,Daylight,TRAFFIC SIGNAL,NONE DETECTED,No,No Apparent Injury,"N/A, WET",NOT DISTRACTED,MD,"CARGO VAN/LIGHT TRUCK 2 AXLES (OVER 10,000LBS (4,536 KG))",MAKING LEFT TURN,25,No,2003,CHEVROLET,TRY,39.05915689,-77.04777898,2023,3,12
230011769,Property Damage Crash,03/10/2023 12:24:00 PM,RANDOLPH RD,NA,STRAIGHT MOVEMENT ANGLE,Clear,WET,Daylight,TRAFFIC SIGNAL,NONE DETECTED,Yes,No Apparent Injury,"N/A, WET",LOOKED BUT DID NOT SEE,MD,PASSENGER CAR,MOVING CONSTANT SPEED,35,No,2010,HONDA,CIVIC,39.05915689,-77.04777898,2023,3,12
220011744,Injury Crash,03/10/2023 11:15:00 AM,CLARA BARTON PKWY,NA,SINGLE VEHICLE,Rain,WET,Daylight,NO CONTROLS,NONE DETECTED,Yes,Possible Minor Injury,"RAIN, SNOW, WET",NOT DISTRACTED,ID,PASSENGER CAR,MOVING CONSTANT SPEED,35,No,1999,FORD,EXPLORER,38.97035167,-77.14677,2023,3,11
230011740,Property Damage Crash,03/10/2023 10:45:00 AM,MUDDY BRANCH RD,NA,SAME DIRECTION LEFT TURN,Rain,WET,Daylight,TRAFFIC SIGNAL,NONE DETECTED,Yes,No Apparent Injury,"RAIN, SNOW, WET",LOOKED BUT DID NOT SEE,MD,PASSENGER CAR,MOVING CONSTANT SPEED,40,No,2023,VOLV,UT,39.10287833,-77.22116167,2023,3,10
230011740,Property Damage Crash,03/10/2023 10:45:00 AM,MUDDY BRANCH RD,NA,SAME DIRECTION LEFT TURN,Rain,WET,Daylight,TRAFFIC SIGNAL,NONE DETECTED,No,No Apparent Injury,"RAIN, SNOW, WET",NOT DISTRACTED,MD,PASSENGER CAR,MOVING CONSTANT SPEED,40,No,2016,NISS,TK,39.10287833,-77.22116167,2023,3,10
230011740,Property Damage Crash,03/10/2023 10:45:00 AM,MUDDY BRANCH RD,NA,SAME DIRECTION LEFT TURN,Rain,WET,Daylight,TRAFFIC SIGNAL,NONE DETECTED,No,No Apparent Injury,"RAIN, SNOW, WET",NOT DISTRACTED,MD,PASSENGER CAR,MOVING CONSTANT SPEED,40,No,2021,TOYT,UT,39.10287833,-77.22116167,2023,3,10
230011750,Property Damage Crash,03/10/2023 10:44:00 AM,APPLE RIDGE RD,NA,SAME DIR REAR END,Cloudy,WET,Daylight,TRAFFIC SIGNAL,NONE DETECTED,No,No Apparent Injury,N/A,NOT DISTRACTED,MD,PASSENGER CAR,STOPPED IN TRAFFIC LANE,25,No,2011,TOYT,CAMRY,39.18688212,-77.19894453,2023,3,10
230011750,Property Damage Crash,03/10/2023 10:44:00 AM,APPLE RIDGE RD,NA,SAME DIR REAR END,Cloudy,WET,Daylight,TRAFFIC SIGNAL,NONE DETECTED,Yes,No Apparent Injury,N/A,NOT DISTRACTED,MD,TRANSIT BUS,STOPPED IN TRAFFIC LANE,25,No,2017,GILG,BUS,39.18688212,-77.19894453,2023,3,10
230011727,Injury Crash,03/10/2023 09:39:00 AM,RIDGE RD,NA,SAME DIR REAR END,Snow,WET,Daylight,NO CONTROLS,NONE DETECTED,No,Possible Minor Injury,"SLEET, HAIL, FREEZ. RAIN, WET",NOT DISTRACTED,MD,(SPORT) UTILITY VEHICLE,SLOWING OR STOPPING,35,No,2016,HONDA,CRV,39.20118571,-77.2552834,2023,3,9
230011727,Injury Crash,03/10/2023 09:39:00 AM,RIDGE RD,NA,SAME DIR REAR END,Snow,WET,Daylight,NO CONTROLS,NONE DETECTED,No,No Apparent Injury,"SLEET, HAIL, FREEZ. RAIN, WET",NOT DISTRACTED,MD,(SPORT) UTILITY VEHICLE,SLOWING OR STOPPING,35,No,2018,TOYOTA,RAV4,39.20118571,-77.2552834,2023,3,9
230011727,Injury Crash,03/10/2023 09:39:00 AM,RIDGE RD,NA,SAME DIR REAR END,Snow,WET,Daylight,NO CONTROLS,NONE DETECTED,Yes,Possible Minor Injury,"SLEET, HAIL, FREEZ. RAIN, WET",NOT DISTRACTED,MD,PASSENGER CAR,MOVING CONSTANT SPEED,35,No,2007,HONDA,ODYSSEY,39.20118571,-77.2552834,2023,3,9
23000434,Property Damage Crash,03/10/2023 09:35:00 AM,NA,NA,SINGLE VEHICLE,Rain,NA,Daylight,NO CONTROLS,NONE DETECTED,Yes,No Apparent Injury,"N/A, RAIN, SNOW",LOOKED BUT DID NOT SEE,PA,(SPORT) UTILITY VEHICLE,MOVING CONSTANT SPEED,5,No,2007,JEEP,CHEROKEE,39.15063056,-77.30567197,2023,3,9
230011703,Property Damage Crash,03/10/2023 05:52:00 AM,BLUNT RD,NA,SINGLE VEHICLE,Clear,WET,Dark,NO CONTROLS,NONE DETECTED,No,No Apparent Injury,N/A,NOT DISTRACTED,MD,POLICE VEHICLE/NON EMERGENCY,MOVING CONSTANT SPEED,25,No,2018,FORD,TAURUS,39.18707103,-77.2300687,2023,3,5
230011700,Property Damage Crash,03/10/2023 04:47:00 AM,WOODFIELD RD,NA,STRAIGHT MOVEMENT ANGLE,Clear,DRY,Medium,FLASHING TRAFFIC SIGNAL,NONE DETECTED,No,No Apparent Injury,N/A,NOT DISTRACTED,MD,PASSENGER CAR,STARTING FROM LANE,30,No,2010,HONDA,CRV,39.28770833,-77.20165117,2023,3,4
230011700,Property Damage Crash,03/10/2023 04:47:00 AM,WOODFIELD RD,NA,STRAIGHT MOVEMENT ANGLE,Clear,DRY,Medium,FLASHING TRAFFIC SIGNAL,NONE DETECTED,Yes,No Apparent Injury,N/A,INATTENTIVE OR LOST IN THOUGHT,MD,PASSENGER CAR,MOVING CONSTANT SPEED,30,No,2003,TOYOTA,COROLLA,39.28770833,-77.20165117,2023,3,4
230011681,Property Damage Crash,03/09/2023 09:45:00 PM,LINDEN LA,NA,SINGLE VEHICLE,Clear,DRY,Medium,NO CONTROLS,NONE DETECTED,Yes,No Apparent Injury,N/A,UNKNOWN,DC,PASSENGER CAR,MOVING CONSTANT SPEED,25,No,2012,MAZDA,MAZDA3,39.009845,-77.05494833,2023,3,21
230011661,Property Damage Crash,03/09/2023 07:20:00 PM,RIDGE RD,NA,SAME DIRECTION SIDESWIPE,Clear,DRY,Medium,NO CONTROLS,NONE DETECTED,Yes,No Apparent Injury,N/A,NOT DISTRACTED,MD,PASSENGER CAR,MOVING CONSTANT SPEED,40,No,2018,HYUNDAI,TUCSON,39.2029865,-77.251525,2023,3,19
230011661,Property Damage Crash,03/09/2023 07:20:00 PM,RIDGE RD,NA,SAME DIRECTION SIDESWIPE,Clear,DRY,Medium,NO CONTROLS,NONE DETECTED,No,No Apparent Injury,N/A,NOT DISTRACTED,MD,PASSENGER CAR,SLOWING OR STOPPING,40,No,2021,SUBARU,4S,39.2029865,-77.251525,2023,3,19
230011655,Property Damage Crash,03/09/2023 06:45:00 PM,DEMOCRACY BLVD,NA,HEAD ON LEFT TURN,Clear,DRY,Medium,TRAFFIC SIGNAL,NONE DETECTED,Yes,No Apparent Injury,N/A,INATTENTIVE OR LOST IN THOUGHT,MD,(SPORT) UTILITY VEHICLE,MAKING LEFT TURN,35,No,2018,LINCOLN,MKX,39.02347708,-77.16254052,2023,3,18
230011655,Property Damage Crash,03/09/2023 06:45:00 PM,DEMOCRACY BLVD,NA,HEAD ON LEFT TURN,Clear,DRY,Medium,TRAFFIC SIGNAL,NONE DETECTED,No,No Apparent Injury,N/A,NOT DISTRACTED,MD,(SPORT) UTILITY VEHICLE,MOVING CONSTANT SPEED,35,No,2015,JEEP,WRANGLER,39.02347708,-77.16254052,2023,3,18
230011658,Property Damage Crash,03/09/2023 06:30:00 PM,RIDGE RD,NA,ANGLE MEETS RIGHT TURN,Cloudy,DRY,Medium,NO CONTROLS,NONE DETECTED,No,No Apparent Injury,N/A,NOT DISTRACTED,MD,TRUCK TRACTOR,MOVING CONSTANT SPEED,30,No,2014,PETERBLT,TRACTOR,39.29071,-77.20476833,2023,3,18
230011658,Property Damage Crash,03/09/2023 06:30:00 PM,RIDGE RD,NA,ANGLE MEETS RIGHT TURN,Cloudy,DRY,Medium,NO CONTROLS,NONE DETECTED,Yes,No Apparent Injury,N/A,LOOKED BUT DID NOT SEE,MD,PASSENGER CAR,MAKING RIGHT TURN,30,No,2016,HYUNDAI,ELANTRA,39.29071,-77.20476833,2023,3,18
230011645,Property Damage Crash,03/09/2023 06:06:00 PM,CLOPPER RD,NA,SAME DIR REAR END,Clear,DRY,Medium,TRAFFIC SIGNAL,NONE DETECTED,No,No Apparent Injury,N/A,NOT DISTRACTED,MD,PASSENGER CAR,STOPPED IN TRAFFIC LANE,30,No,2023,CHEV,PK,39.16447233,-77.28633417,2023,3,18
230011645,Property Damage Crash,03/09/2023 06:06:00 PM,CLOPPER RD,NA,SAME DIR REAR END,Clear,DRY,Medium,TRAFFIC SIGNAL,NONE DETECTED,Yes,No Apparent Injury,N/A,OTHER DISTRACTION,MD,PASSENGER CAR,MOVING CONSTANT SPEED,30,No,2017,CHEV,4D,39.16447233,-77.28633417,2023,3,18
230011644,Property Damage Crash,03/09/2023 05:51:00 PM,GEORGIA AVE,NA,HEAD ON LEFT TURN,Clear,DRY,Daylight,TRAFFIC SIGNAL,NONE DETECTED,No,No Apparent Injury,N/A,NOT DISTRACTED,MD,(SPORT) UTILITY VEHICLE,MOVING CONSTANT SPEED,30,No,2016,SUBARU,FORESTER,39.15922604,-77.06436054,2023,3,17
230011644,Property Damage Crash,03/09/2023 05:51:00 PM,GEORGIA AVE,NA,HEAD ON LEFT TURN,Clear,DRY,Daylight,TRAFFIC SIGNAL,NONE DETECTED,Yes,No Apparent Injury,N/A,UNKNOWN,MD,(SPORT) UTILITY VEHICLE,MAKING U TURN,30,No,2017,BMW,UT,39.15922604,-77.06436054,2023,3,17
230011641,Property Damage Crash,03/09/2023 05:24:00 PM,PINNACLE DR,NA,SAME DIRECTION SIDESWIPE,Clear,DRY,Daylight,STOP SIGN,NONE DETECTED,Unknown,No Apparent Injury,N/A,NOT DISTRACTED,MD,PASSENGER CAR,PARKED,20,No,2012,SUBARU,OUTBACK,39.18206605,-77.2651486,2023,3,17
230011641,Property Damage Crash,03/09/2023 05:24:00 PM,PINNACLE DR,NA,SAME DIRECTION SIDESWIPE,Clear,DRY,Daylight,STOP SIGN,NONE DETECTED,Unknown,No Apparent Injury,N/A,NOT DISTRACTED,MD,SCHOOL BUS,MAKING RIGHT TURN,20,No,2022,THOMAS,SCHOOL BUS,39.18206605,-77.2651486,2023,3,17
230011666,Property Damage Crash,03/09/2023 04:57:00 PM,NA,NA,OTHER,Clear,NA,Daylight,NO CONTROLS,NONE DETECTED,Yes,No Apparent Injury,"N/A, VISION OBSTRUCTION (INCL. BLINDED BY SUN)",LOOKED BUT DID NOT SEE,MD,POLICE VEHICLE/NON EMERGENCY,BACKING,10,No,2018,FORD,INTERCEPTOR,39.153145,-77.19702167,2023,3,16
230011666,Property Damage Crash,03/09/2023 04:57:00 PM,NA,NA,OTHER,Clear,NA,Daylight,NO CONTROLS,NONE DETECTED,No,No Apparent Injury,"N/A, VISION OBSTRUCTION (INCL. BLINDED BY SUN)",NOT DISTRACTED,MD,PASSENGER CAR,MOVING CONSTANT SPEED,10,No,2015,MAZDA,CX9,39.153145,-77.19702167,2023,3,16
230011630,Property Damage Crash,03/09/2023 04:42:00 PM,W EDMONSTON DR,NA,SAME DIRECTION RIGHT TURN,Clear,DRY,Daylight,TRAFFIC SIGNAL,NONE DETECTED,No,No Apparent Injury,N/A,NOT DISTRACTED,MD,(SPORT) UTILITY VEHICLE,STOPPED IN TRAFFIC LANE,25,No,2020,MAZD,UT,39.07429728,-77.13607639,2023,3,16
230011630,Property Damage Crash,03/09/2023 04:42:00 PM,W EDMONSTON DR,NA,SAME DIRECTION RIGHT TURN,Clear,DRY,Daylight,TRAFFIC SIGNAL,NONE DETECTED,Yes,No Apparent Injury,N/A,UNKNOWN,NA,"CARGO VAN/LIGHT TRUCK 2 AXLES (OVER 10,000LBS (4,536 KG))",MAKING RIGHT TURN,25,No,2021,FORD,TK,39.07429728,-77.13607639,2023,3,16
230011615,Property Damage Crash,03/09/2023 04:12:00 PM,SHADY GROVE RD,NA,SAME DIRECTION SIDESWIPE,Clear,DRY,Daylight,TRAFFIC SIGNAL,NONE DETECTED,No,No Apparent Injury,N/A,NOT DISTRACTED,MD,PASSENGER CAR,ACCELERATING,25,No,2012,JEEP,WRANGLER,39.10939667,-77.18820333,2023,3,16
230011615,Property Damage Crash,03/09/2023 04:12:00 PM,SHADY GROVE RD,NA,SAME DIRECTION SIDESWIPE,Clear,DRY,Daylight,TRAFFIC SIGNAL,NONE DETECTED,Yes,No Apparent Injury,N/A,NOT DISTRACTED,MD,PASSENGER CAR,MOVING CONSTANT SPEED,40,No,2011,TOYOA,CAMRY,39.10939667,-77.18820333,2023,3,16
230011607,Injury Crash,03/09/2023 04:05:00 PM,HOLTON LA,NA,STRAIGHT MOVEMENT ANGLE,Clear,N/A,Daylight,TRAFFIC SIGNAL,NONE DETECTED,Yes,Possible Minor Injury,N/A,NOT DISTRACTED,MD,PASSENGER CAR,MOVING CONSTANT SPEED,35,No,2018,TOYOTA,CAMARY,38.98587679,-76.98762178,2023,3,16
230011607,Injury Crash,03/09/2023 04:05:00 PM,HOLTON LA,NA,STRAIGHT MOVEMENT ANGLE,Clear,N/A,Daylight,TRAFFIC SIGNAL,NONE DETECTED,Yes,No Apparent Injury,N/A,NOT DISTRACTED,MD,PICKUP TRUCK,MAKING LEFT TURN,35,No,2010,GMC,TRUCK,38.98587679,-76.98762178,2023,3,16
230011069,Injury Crash,03/09/2023 03:36:00 PM,LAYHILL RD,PEDESTRIAN,SINGLE VEHICLE,Clear,DRY,Daylight,TRAFFIC SIGNAL,NONE DETECTED,No,No Apparent Injury,N/A,LOOKED BUT DID NOT SEE,MD,VAN,MAKING RIGHT TURN,30,No,2020,NISS,VN,39.09076333,-77.04522667,2023,3,15
230011594,Property Damage Crash,03/09/2023 02:25:00 PM,NEW HAMPSHIRE AVE,NA,STRAIGHT MOVEMENT ANGLE,Clear,DRY,Daylight,TRAFFIC SIGNAL,NONE DETECTED,No,No Apparent Injury,N/A,NOT DISTRACTED,MD,PASSENGER CAR,MOVING CONSTANT SPEED,45,No,2013,NISS,HB,39.10617833,-77.00144,2023,3,14
230011594,Property Damage Crash,03/09/2023 02:25:00 PM,NEW HAMPSHIRE AVE,NA,STRAIGHT MOVEMENT ANGLE,Clear,DRY,Daylight,TRAFFIC SIGNAL,NONE DETECTED,Yes,No Apparent Injury,N/A,NOT DISTRACTED,MD,PASSENGER CAR,MAKING LEFT TURN,40,No,2014,MERZ,SU,39.10617833,-77.00144,2023,3,14
230011594,Property Damage Crash,03/09/2023 02:25:00 PM,NEW HAMPSHIRE AVE,NA,STRAIGHT MOVEMENT ANGLE,Clear,DRY,Daylight,TRAFFIC SIGNAL,NONE DETECTED,No,No Apparent Injury,N/A,NOT DISTRACTED,MD,PASSENGER CAR,MOVING CONSTANT SPEED,45,No,2003,CADI,SD,39.10617833,-77.00144,2023,3,14
230011583,Property Damage Crash,03/09/2023 01:30:00 PM,MAIN ST,NA,SINGLE VEHICLE,Clear,DRY,Daylight,N/A,NONE DETECTED,Yes,No Apparent Injury,N/A,EATING OR DRINKING,MD,PASSENGER CAR,MOVING CONSTANT SPEED,25,No,2013,HYUNDAI,SONATA,39.11353513,-77.23951063,2023,3,13
230011574,Property Damage Crash,03/09/2023 11:15:00 AM,NA,NA,SINGLE VEHICLE,Clear,NA,Daylight,N/A,NONE DETECTED,Yes,No Apparent Injury,N/A,LOOKED BUT DID NOT SEE,MD,PASSENGER CAR,BACKING,5,No,1999,ISUZU,FSR,39.08448255,-77.1490766,2023,3,11
230011550,Injury Crash,03/09/2023 11:05:00 AM,EDNOR RD,NA,SINGLE VEHICLE,Clear,DRY,Daylight,NO CONTROLS,NONE DETECTED,Yes,Possible Minor Injury,N/A,NOT DISTRACTED,MD,PASSENGER CAR,MOVING CONSTANT SPEED,40,No,2019,HYUNDAI,ELANTRA,39.130875,-77.011025,2023,3,11
230011547,Property Damage Crash,03/09/2023 10:49:00 AM,MANNAKEE ST,NA,STRAIGHT MOVEMENT ANGLE,Clear,DRY,Daylight,PERSON,NONE DETECTED,Unknown,No Apparent Injury,N/A,NOT DISTRACTED,MD,PASSENGER CAR,MOVING CONSTANT SPEED,25,No,2010,HOND,4S,39.08684969,-77.16733954,2023,3,10
230011547,Property Damage Crash,03/09/2023 10:49:00 AM,MANNAKEE ST,NA,STRAIGHT MOVEMENT ANGLE,Clear,DRY,Daylight,PERSON,NONE DETECTED,Unknown,No Apparent Injury,N/A,NOT DISTRACTED,MD,(SPORT) UTILITY VEHICLE,MOVING CONSTANT SPEED,25,No,2011,KIA,TK,39.08684969,-77.16733954,2023,3,10
230011543,Injury Crash,03/09/2023 10:30:00 AM,HUNGERFORD DR,NA,STRAIGHT MOVEMENT ANGLE,Clear,DRY,Daylight,TRAFFIC SIGNAL,NONE DETECTED,No,Possible Minor Injury,N/A,NOT DISTRACTED,MD,PASSENGER CAR,MAKING LEFT TURN,40,No,2015,HONDA,ACCORD,39.10343837,-77.1559277,2023,3,10
230011543,Injury Crash,03/09/2023 10:30:00 AM,HUNGERFORD DR,NA,STRAIGHT MOVEMENT ANGLE,Clear,DRY,Daylight,TRAFFIC SIGNAL,NONE DETECTED,Yes,No Apparent Injury,N/A,UNKNOWN,MD,PASSENGER CAR,MOVING CONSTANT SPEED,40,No,2019,TOYOTA,COROLLA,39.10343837,-77.1559277,2023,3,10
230011537,Property Damage Crash,03/09/2023 09:50:00 AM,CLARA BARTON PKWY,NA,STRAIGHT MOVEMENT ANGLE,Clear,DRY,Daylight,TRAFFIC SIGNAL,NONE DETECTED,No,No Apparent Injury,N/A,NOT DISTRACTED,MD,(SPORT) UTILITY VEHICLE,STOPPED IN TRAFFIC LANE,35,No,2008,TOYT,RAV4,38.97861467,-77.20687983,2023,3,9
230011537,Property Damage Crash,03/09/2023 09:50:00 AM,CLARA BARTON PKWY,NA,STRAIGHT MOVEMENT ANGLE,Clear,DRY,Daylight,TRAFFIC SIGNAL,NONE DETECTED,Yes,No Apparent Injury,N/A,UNKNOWN,PA,PASSENGER CAR,MOVING CONSTANT SPEED,30,No,2016,HONDA,CIVIC,38.97861467,-77.20687983,2023,3,9
230011540,Property Damage Crash,03/09/2023 09:40:00 AM,DEMOCRACY BLVD,NA,SAME DIR REAR END,Clear,DRY,Daylight,TRAFFIC SIGNAL,NONE DETECTED,Yes,No Apparent Injury,N/A,UNKNOWN,NA,UNKNOWN,MOVING CONSTANT SPEED,45,No,0,UNKNOWN,UNKNOWN,39.02150538,-77.14103218,2023,3,9
230011540,Property Damage Crash,03/09/2023 09:40:00 AM,DEMOCRACY BLVD,NA,SAME DIR REAR END,Clear,DRY,Daylight,TRAFFIC SIGNAL,NONE DETECTED,No,No Apparent Injury,N/A,NOT DISTRACTED,VI,PASSENGER CAR,PARKED,0,No,2019,HONDA,CIVIC,39.02150538,-77.14103218,2023,3,9
230011533,Property Damage Crash,03/09/2023 09:37:00 AM,LOCKWOOD DR,NA,SAME DIR REAR END,Clear,DRY,Daylight,NO CONTROLS,NONE DETECTED,No,No Apparent Injury,N/A,NOT DISTRACTED,MD,(SPORT) UTILITY VEHICLE,STOPPED IN TRAFFIC LANE,30,No,1994,ISU,UT,39.04025833,-76.98987333,2023,3,9
230011533,Property Damage Crash,03/09/2023 09:37:00 AM,LOCKWOOD DR,NA,SAME DIR REAR END,Clear,DRY,Daylight,NO CONTROLS,NONE DETECTED,Yes,No Apparent Injury,N/A,OTHER DISTRACTION,MD,SCHOOL BUS,MOVING CONSTANT SPEED,30,No,2017,THOM,BU,39.04025833,-76.98987333,2023,3,9
230011530,Property Damage Crash,03/09/2023 09:16:00 AM,PINE TOP LA,NA,HEAD ON,Clear,DRY,Daylight,NO CONTROLS,NONE DETECTED,No,No Apparent Injury,N/A,NOT DISTRACTED,MD,SCHOOL BUS,STOPPED IN TRAFFIC LANE,25,No,2020,THOMAS,BUS,39.10168667,-76.92569333,2023,3,9
230011530,Property Damage Crash,03/09/2023 09:16:00 AM,PINE TOP LA,NA,HEAD ON,Clear,DRY,Daylight,NO CONTROLS,NONE DETECTED,Yes,No Apparent Injury,N/A,OTHER DISTRACTION,MD,(SPORT) UTILITY VEHICLE,MAKING RIGHT TURN,25,No,2020,TOYOTA,HIGHLANDER,39.10168667,-76.92569333,2023,3,9
230011526,Property Damage Crash,03/09/2023 08:40:00 AM,ROCKVILLE PIKE,NA,STRAIGHT MOVEMENT ANGLE,Clear,DRY,Daylight,TRAFFIC SIGNAL,NONE DETECTED,Yes,No Apparent Injury,N/A,ADJUSTING AUDIO AND OR CLIMATE CONTROLS,MD,PASSENGER CAR,SLOWING OR STOPPING,40,No,2023,TOYOTA,CAMRY,39.04683167,-77.11283733,2023,3,8
230011526,Property Damage Crash,03/09/2023 08:40:00 AM,ROCKVILLE PIKE,NA,STRAIGHT MOVEMENT ANGLE,Clear,DRY,Daylight,TRAFFIC SIGNAL,NONE DETECTED,No,No Apparent Injury,N/A,NOT DISTRACTED,MD,PASSENGER CAR,MAKING LEFT TURN,40,No,2012,HONDA,CIVIC,39.04683167,-77.11283733,2023,3,8
230011522,Injury Crash,03/09/2023 08:03:00 AM,MONTGOMERY VILLAGE AVE,NA,SAME DIR REAR END,Clear,DRY,Daylight,TRAFFIC SIGNAL,NONE DETECTED,Yes,No Apparent Injury,N/A,INATTENTIVE OR LOST IN THOUGHT,MD,PASSENGER CAR,ACCELERATING,35,No,2018,RAM,1500,39.15879717,-77.20335,2023,3,8
230011522,Injury Crash,03/09/2023 08:03:00 AM,MONTGOMERY VILLAGE AVE,NA,SAME DIR REAR END,Clear,DRY,Daylight,TRAFFIC SIGNAL,NONE DETECTED,No,No Apparent Injury,N/A,NOT DISTRACTED,MD,PASSENGER CAR,SLOWING OR STOPPING,35,No,2017,CHRYSLER,PACIFICA,39.15879717,-77.20335,2023,3,8
230011520,Property Damage Crash,03/09/2023 07:01:00 AM,CLOPPER RD,NA,SAME DIR REAR END,Clear,DRY,Daylight,NO CONTROLS,NONE DETECTED,Yes,No Apparent Injury,"BACKUP DUE TO REGULAR CONGESTION, N/A",UNKNOWN,VA,PASSENGER CAR,MOVING CONSTANT SPEED,35,No,2017,HONDA,CIVIC,39.14811517,-77.23600967,2023,3,7
230011520,Property Damage Crash,03/09/2023 07:01:00 AM,CLOPPER RD,NA,SAME DIR REAR END,Clear,DRY,Daylight,NO CONTROLS,NONE DETECTED,No,No Apparent Injury,"BACKUP DUE TO REGULAR CONGESTION, N/A",NOT DISTRACTED,MD,PASSENGER CAR,SLOWING OR STOPPING,35,No,2016,NISSAN,ROGUE,39.14811517,-77.23600967,2023,3,7
230011520,Property Damage Crash,03/09/2023 07:01:00 AM,CLOPPER RD,NA,SAME DIR REAR END,Clear,DRY,Daylight,NO CONTROLS,NONE DETECTED,Unknown,No Apparent Injury,"BACKUP DUE TO REGULAR CONGESTION, N/A",UNKNOWN,MD,PASSENGER CAR,SLOWING OR STOPPING,35,No,2012,ACURA,SD,39.14811517,-77.23600967,2023,3,7
230011520,Property Damage Crash,03/09/2023 07:01:00 AM,CLOPPER RD,NA,SAME DIR REAR END,Clear,DRY,Daylight,NO CONTROLS,NONE DETECTED,Unknown,No Apparent Injury,"BACKUP DUE TO REGULAR CONGESTION, N/A",NOT DISTRACTED,MD,PASSENGER CAR,MOVING CONSTANT SPEED,35,No,2012,KIA,OPTIMA,39.14811517,-77.23600967,2023,3,7
230011518,Injury Crash,03/09/2023 06:49:00 AM,CONNECTICUT AVE,NA,SAME DIRECTION SIDESWIPE,Clear,DRY,Daylight,TRAFFIC SIGNAL,NONE DETECTED,Yes,No Apparent Injury,N/A,LOOKED BUT DID NOT SEE,NJ,PASSENGER CAR,CHANGING LANES,35,No,2013,TESLA,4DR,38.99660833,-77.077185,2023,3,6