Local Case Number,ACRS Report Type,Crash Date/Time,Road Name,Related Non-Motorist,Collision Type,Weather,Surface Condition,Light,Traffic Control,Driver Substance Abuse,Driver At Fault,Injury Severity,Circumstance,Driver Distracted By,Drivers License State,Vehicle Body Type,Vehicle Movement,Speed Limit,Driverless Vehicle,Vehicle Year,Vehicle Make,Vehicle Model,Latitude,Longitude,Year,Month,Hour
230011518,Injury Crash,03/09/2023 06:49:00 AM,CONNECTICUT AVE,NA,SAME DIRECTION SIDESWIPE,Clear,DRY,Daylight,TRAFFIC SIGNAL,NONE DETECTED,No,No Apparent Injury,N/A,NOT DISTRACTED,VA,PASSENGER CAR,MOVING CONSTANT SPEED,35,No,2022,KIA,FORTE,38.99660833,-77.077185,2023,3,6
230011517,Injury Crash,03/09/2023 06:24:00 AM,CHERRY HILL RD,NA,HEAD ON,Clear,DRY,Medium,NO CONTROLS,NONE DETECTED,No,Possible Minor Injury,N/A,NOT DISTRACTED,MD,PASSENGER CAR,MOVING CONSTANT SPEED,40,No,2017,LEXUS,GS 350,39.0486316,-76.95233613,2023,3,6
230011517,Injury Crash,03/09/2023 06:24:00 AM,CHERRY HILL RD,NA,HEAD ON,Clear,DRY,Medium,NO CONTROLS,NONE DETECTED,Yes,Suspected Serious Injury,N/A,OTHER DISTRACTION,MD,PASSENGER CAR,LEAVING TRAFFIC LANE,40,No,2015,HONDA,CRV,39.0486316,-76.95233613,2023,3,6
230011479,Injury Crash,03/08/2023 08:27:00 PM,CLOPPER RD,NA,HEAD ON LEFT TURN,Clear,DRY,Medium,TRAFFIC SIGNAL,NONE DETECTED,No,Possible Minor Injury,N/A,NOT DISTRACTED,MD,PASSENGER CAR,MOVING CONSTANT SPEED,40,No,2002,HONDA,ACCORD,39.15937533,-77.27532467,2023,3,20
230011479,Injury Crash,03/08/2023 08:27:00 PM,CLOPPER RD,NA,HEAD ON LEFT TURN,Clear,DRY,Medium,TRAFFIC SIGNAL,NONE DETECTED,Yes,No Apparent Injury,N/A,LOOKED BUT DID NOT SEE,MD,PASSENGER CAR,MAKING LEFT TURN,40,No,2018,TOYT,SD,39.15937533,-77.27532467,2023,3,20
230011465,Injury Crash,03/08/2023 07:41:00 PM,GEORGIA AVE,PEDESTRIAN,OTHER,Clear,DRY,Medium,TRAFFIC SIGNAL,NONE DETECTED,Yes,No Apparent Injury,N/A,UNKNOWN,NA,NA,ACCELERATING,35,No,0,UNKNOWN,UNKNOWN,38.99594489,-77.02803686,2023,3,19
230011467,Property Damage Crash,03/08/2023 07:29:00 PM,16TH ST,NA,STRAIGHT MOVEMENT ANGLE,Clear,N/A,Medium,TRAFFIC SIGNAL,NONE DETECTED,No,No Apparent Injury,N/A,NOT DISTRACTED,DC,PASSENGER CAR,STOPPED IN TRAFFIC LANE,35,No,2014,SUBARU,FORESTER,38.994125,-77.036325,2023,3,19
230011467,Property Damage Crash,03/08/2023 07:29:00 PM,16TH ST,NA,STRAIGHT MOVEMENT ANGLE,Clear,N/A,Medium,TRAFFIC SIGNAL,NONE DETECTED,No,No Apparent Injury,N/A,NOT DISTRACTED,MD,PASSENGER CAR,ACCELERATING,35,No,2014,ACUR,TK,38.994125,-77.036325,2023,3,19
230011467,Property Damage Crash,03/08/2023 07:29:00 PM,16TH ST,NA,STRAIGHT MOVEMENT ANGLE,Clear,N/A,Medium,TRAFFIC SIGNAL,NONE DETECTED,Yes,No Apparent Injury,N/A,UNKNOWN,NA,PASSENGER CAR,MOVING CONSTANT SPEED,35,No,2013,HYUN,4DR,38.994125,-77.036325,2023,3,19
230011470,Property Damage Crash,03/08/2023 07:28:00 PM,SHADY GROVE RD,NA,SAME DIRECTION RIGHT TURN,Clear,DRY,Medium,NO CONTROLS,NONE DETECTED,No,No Apparent Injury,N/A,NOT DISTRACTED,MD,TRANSIT BUS,STARTING FROM LANE,40,No,2017,GILIG,BUS,39.12061583,-77.179693,2023,3,19
230011470,Property Damage Crash,03/08/2023 07:28:00 PM,SHADY GROVE RD,NA,SAME DIRECTION RIGHT TURN,Clear,DRY,Medium,NO CONTROLS,NONE DETECTED,Yes,No Apparent Injury,N/A,NOT DISTRACTED,GA,PASSENGER CAR,MAKING RIGHT TURN,40,No,2014,HONDA,ACCORD,39.12061583,-77.179693,2023,3,19
230011432,Injury Crash,03/08/2023 04:32:00 PM,BANK ST,NA,STRAIGHT MOVEMENT ANGLE,Clear,DRY,Daylight,STOP SIGN,NONE DETECTED,No,Possible Minor Injury,N/A,NOT DISTRACTED,MD,PASSENGER CAR,MOVING CONSTANT SPEED,25,No,2022,HYUNDAI,TUCSON,39.15022333,-77.233635,2023,3,16
230011432,Injury Crash,03/08/2023 04:32:00 PM,BANK ST,NA,STRAIGHT MOVEMENT ANGLE,Clear,DRY,Daylight,STOP SIGN,NONE DETECTED,Yes,No Apparent Injury,N/A,UNKNOWN,MD,PASSENGER CAR,ACCELERATING,25,No,2015,HOND,UT,39.15022333,-77.233635,2023,3,16
230011431,Property Damage Crash,03/08/2023 04:30:00 PM,COLUMBIA PIKE,NA,SAME DIR REAR END,Clear,DRY,Daylight,TRAFFIC SIGNAL,NONE DETECTED,No,No Apparent Injury,N/A,NOT DISTRACTED,MD,PASSENGER CAR,SLOWING OR STOPPING,55,No,2019,KIA,FORTE,39.09947133,-76.935715,2023,3,16
230011431,Property Damage Crash,03/08/2023 04:30:00 PM,COLUMBIA PIKE,NA,SAME DIR REAR END,Clear,DRY,Daylight,TRAFFIC SIGNAL,NONE DETECTED,Yes,No Apparent Injury,N/A,LOOKED BUT DID NOT SEE,MD,PASSENGER CAR,MOVING CONSTANT SPEED,55,No,2016,VOLK,JETTA,39.09947133,-76.935715,2023,3,16
230011431,Property Damage Crash,03/08/2023 04:30:00 PM,COLUMBIA PIKE,NA,SAME DIR REAR END,Clear,DRY,Daylight,TRAFFIC SIGNAL,NONE DETECTED,Yes,No Apparent Injury,N/A,LOOKED BUT DID NOT SEE,MD,PASSENGER CAR,MOVING CONSTANT SPEED,55,No,2010,KIA,SOUL,39.09947133,-76.935715,2023,3,16
230011431,Property Damage Crash,03/08/2023 04:30:00 PM,COLUMBIA PIKE,NA,SAME DIR REAR END,Clear,DRY,Daylight,TRAFFIC SIGNAL,NONE DETECTED,No,No Apparent Injury,N/A,LOOKED BUT DID NOT SEE,MD,(SPORT) UTILITY VEHICLE,MOVING CONSTANT SPEED,55,No,2019,HYUN,TUCSON,39.09947133,-76.935715,2023,3,16
230011440,Property Damage Crash,03/08/2023 04:16:00 PM,W MONTGOMERY AVE,NA,OTHER,Clear,DRY,Daylight,NO CONTROLS,NONE DETECTED,Yes,No Apparent Injury,N/A,UNKNOWN,MD,PASSENGER CAR,CHANGING LANES,35,No,2014,MAZDA,CX-9,39.08568,-77.176953,2023,3,16
230011440,Property Damage Crash,03/08/2023 04:16:00 PM,W MONTGOMERY AVE,NA,OTHER,Clear,DRY,Daylight,NO CONTROLS,NONE DETECTED,No,No Apparent Injury,N/A,UNKNOWN,MD,PASSENGER CAR,MOVING CONSTANT SPEED,35,No,2016,BUICK,ENCORE,39.08568,-77.176953,2023,3,16
230011423,Property Damage Crash,03/08/2023 03:43:00 PM,GEORGIA AVE,NA,SAME DIR REAR END,Clear,DRY,Daylight,TRAFFIC SIGNAL,NONE DETECTED,No,No Apparent Injury,N/A,NOT DISTRACTED,MD,PASSENGER CAR,SLOWING OR STOPPING,45,No,2014,HONDA,CIVIC,39.10352233,-77.07665133,2023,3,15
230011423,Property Damage Crash,03/08/2023 03:43:00 PM,GEORGIA AVE,NA,SAME DIR REAR END,Clear,DRY,Daylight,TRAFFIC SIGNAL,NONE DETECTED,Yes,No Apparent Injury,N/A,UNKNOWN,MD,PASSENGER CAR,SLOWING OR STOPPING,45,No,2008,TOYOTA,HIGHLANDER,39.10352233,-77.07665133,2023,3,15
230011407,Property Damage Crash,03/08/2023 02:43:00 PM,MIDDLEBROOK RD,NA,STRAIGHT MOVEMENT ANGLE,Clear,DRY,Daylight,STOP SIGN,NONE DETECTED,Yes,No Apparent Injury,N/A,UNKNOWN,XX,PASSENGER CAR,MAKING LEFT TURN,35,No,2010,HONDA,FIT,39.17871316,-77.2663923,2023,3,14
230011407,Property Damage Crash,03/08/2023 02:43:00 PM,MIDDLEBROOK RD,NA,STRAIGHT MOVEMENT ANGLE,Clear,DRY,Daylight,STOP SIGN,NONE DETECTED,No,No Apparent Injury,N/A,NOT DISTRACTED,MD,PASSENGER CAR,MOVING CONSTANT SPEED,35,No,1998,HONDA,CIVIC,39.17871316,-77.2663923,2023,3,14
230011401,Property Damage Crash,03/08/2023 01:30:00 PM,KENDALL ST,NA,SINGLE VEHICLE,Clear,DRY,Daylight,N/A,NONE DETECTED,Yes,No Apparent Injury,N/A,UNKNOWN,NA,PASSENGER CAR,MOVING CONSTANT SPEED,25,No,2018,HYUNDAI,ELANTRA,39.0557445,-77.06161317,2023,3,13
230011387,Injury Crash,03/08/2023 01:20:00 PM,RIVER RD,NA,SAME DIRECTION SIDESWIPE,Clear,DRY,Daylight,NO CONTROLS,NONE DETECTED,Yes,Possible Minor Injury,N/A,LOOKED BUT DID NOT SEE,MD,PASSENGER CAR,CHANGING LANES,30,No,2020,NISSAN,ALTIMA,39.01829983,-77.20924933,2023,3,13
230011387,Injury Crash,03/08/2023 01:20:00 PM,RIVER RD,NA,SAME DIRECTION SIDESWIPE,Clear,DRY,Daylight,NO CONTROLS,NONE DETECTED,No,No Apparent Injury,N/A,NOT DISTRACTED,MD,PICKUP TRUCK,MOVING CONSTANT SPEED,30,No,2008,FORD,PICK UP,39.01829983,-77.20924933,2023,3,13
230011377,Property Damage Crash,03/08/2023 11:50:00 AM,NA,NA,SINGLE VEHICLE,Clear,NA,Daylight,N/A,NONE DETECTED,Yes,No Apparent Injury,N/A,NOT DISTRACTED,MD,(SPORT) UTILITY VEHICLE,STARTING FROM PARKED,10,No,2012,TOYOTA,HIGHLANDER,39.026005,-76.9802731,2023,3,11
230011355,Property Damage Crash,03/08/2023 10:45:00 AM,NA,NA,SINGLE VEHICLE,Clear,NA,Daylight,NO CONTROLS,NONE DETECTED,Yes,No Apparent Injury,N/A,NOT DISTRACTED,MD,PASSENGER CAR,STARTING FROM PARKED,25,No,2015,HYUNDAI,4S,39.156155,-77.06770167,2023,3,10
230011335,Injury Crash,03/08/2023 09:28:00 AM,SHADY GROVE RD,NA,SAME DIR REAR END,Clear,DRY,Daylight,TRAFFIC SIGNAL,NONE DETECTED,No,Possible Minor Injury,N/A,NOT DISTRACTED,MD,PASSENGER CAR,STARTING FROM LANE,40,No,2004,ACURA,TSX,39.12229125,-77.17776495,2023,3,9
230011335,Injury Crash,03/08/2023 09:28:00 AM,SHADY GROVE RD,NA,SAME DIR REAR END,Clear,DRY,Daylight,TRAFFIC SIGNAL,NONE DETECTED,Yes,No Apparent Injury,N/A,INATTENTIVE OR LOST IN THOUGHT,MD,PASSENGER CAR,STARTING FROM LANE,40,No,1999,FORD,EXPLORER,39.12229125,-77.17776495,2023,3,9
230011332,Property Damage Crash,03/08/2023 09:20:00 AM,CONNECTICUT AVE,NA,SAME DIR REAR END,Clear,DRY,Daylight,TRAFFIC SIGNAL,NONE DETECTED,Yes,No Apparent Injury,N/A,UNKNOWN,MD,PASSENGER CAR,SLOWING OR STOPPING,5,No,2016,SUBARU,OUTBACK,39.03057717,-77.0756705,2023,3,9
230011332,Property Damage Crash,03/08/2023 09:20:00 AM,CONNECTICUT AVE,NA,SAME DIR REAR END,Clear,DRY,Daylight,TRAFFIC SIGNAL,NONE DETECTED,No,No Apparent Injury,N/A,NOT DISTRACTED,MD,SCHOOL BUS,STOPPED IN TRAFFIC LANE,0,No,2017,THOM,BUS,39.03057717,-77.0756705,2023,3,9
230011326,Property Damage Crash,03/08/2023 08:40:00 AM,NEW HAMPSHIRE AVE,NA,STRAIGHT MOVEMENT ANGLE,Clear,DRY,Daylight,STOP SIGN,NONE DETECTED,Yes,No Apparent Injury,N/A,LOOKED BUT DID NOT SEE,MD,PASSENGER CAR,ENTERING TRAFFIC LANE,30,No,2018,KIA,TK,39.09987833,-77.00376333,2023,3,8
230011326,Property Damage Crash,03/08/2023 08:40:00 AM,NEW HAMPSHIRE AVE,NA,STRAIGHT MOVEMENT ANGLE,Clear,DRY,Daylight,STOP SIGN,NONE DETECTED,No,No Apparent Injury,N/A,NOT DISTRACTED,MD,PASSENGER CAR,MOVING CONSTANT SPEED,45,No,2017,HYUN,SD,39.09987833,-77.00376333,2023,3,8
230011314,Injury Crash,03/08/2023 06:34:00 AM,NORBECK RD,NA,SAME DIR REAR END,Clear,DRY,Daylight,TRAFFIC SIGNAL,NONE DETECTED,No,Possible Minor Injury,N/A,NOT DISTRACTED,MD,PASSENGER CAR,STOPPED IN TRAFFIC LANE,40,No,2009,TOYOTA,CAMRY,39.07266488,-77.06919899,2023,3,6
230011314,Injury Crash,03/08/2023 06:34:00 AM,NORBECK RD,NA,SAME DIR REAR END,Clear,DRY,Daylight,TRAFFIC SIGNAL,NONE DETECTED,Yes,No Apparent Injury,N/A,ADJUSTING AUDIO AND OR CLIMATE CONTROLS,MD,PASSENGER CAR,MOVING CONSTANT SPEED,40,No,2013,CHRYSLER,200,39.07266488,-77.06919899,2023,3,6
230011310,Property Damage Crash,03/08/2023 05:30:00 AM,PINEY BRANCH RD,NA,STRAIGHT MOVEMENT ANGLE,Clear,DRY,Medium,FLASHING TRAFFIC SIGNAL,NONE DETECTED,No,No Apparent Injury,N/A,NOT DISTRACTED,MD,PASSENGER CAR,MOVING CONSTANT SPEED,35,No,2006,HONDA,CIVIC,38.99849924,-77.00110535,2023,3,5
230011310,Property Damage Crash,03/08/2023 05:30:00 AM,PINEY BRANCH RD,NA,STRAIGHT MOVEMENT ANGLE,Clear,DRY,Medium,FLASHING TRAFFIC SIGNAL,NONE DETECTED,Yes,No Apparent Injury,N/A,UNKNOWN,NA,UNKNOWN,ACCELERATING,35,No,0,UNKNOWN,UNKNOWN,38.99849924,-77.00110535,2023,3,5
230011309,Injury Crash,03/08/2023 05:05:00 AM,MAIN ST,NA,STRAIGHT MOVEMENT ANGLE,Clear,DRY,Medium,TRAFFIC SIGNAL,NONE DETECTED,No,Possible Minor Injury,N/A,NOT DISTRACTED,MD,"OTHER LIGHT TRUCKS (10,000LBS (4,536KG) OR LESS)",MOVING CONSTANT SPEED,35,No,2005,INTL,ST,39.28757333,-77.20154833,2023,3,5
230011309,Injury Crash,03/08/2023 05:05:00 AM,MAIN ST,NA,STRAIGHT MOVEMENT ANGLE,Clear,DRY,Medium,TRAFFIC SIGNAL,NONE DETECTED,Yes,Suspected Serious Injury,N/A,NOT DISTRACTED,MD,PASSENGER CAR,MOVING CONSTANT SPEED,35,No,2012,KIA,SOUL,39.28757333,-77.20154833,2023,3,5
230011302,Property Damage Crash,03/08/2023 01:50:00 AM,LAYHILL RD,NA,OTHER,Clear,DRY,Medium,NO CONTROLS,NONE DETECTED,Yes,No Apparent Injury,N/A,UNKNOWN,MD,PASSENGER CAR,LEAVING TRAFFIC LANE,40,No,2012,HONDA,CRZ,39.07791055,-77.04629811,2023,3,1
230011286,Injury Crash,03/07/2023 10:19:00 PM,NA,NA,SAME DIR REAR END,Clear,NA,Medium,N/A,NONE DETECTED,Yes,Possible Minor Injury,N/A,LOOKED BUT DID NOT SEE,MD,PASSENGER CAR,BACKING,10,No,2011,CHEVROLET,CRUZ,39.02076167,-77.01427333,2023,3,22
230011286,Injury Crash,03/07/2023 10:19:00 PM,NA,NA,SAME DIR REAR END,Clear,NA,Medium,N/A,NONE DETECTED,No,No Apparent Injury,N/A,NOT DISTRACTED,MD,PASSENGER CAR,STOPPED IN TRAFFIC LANE,10,No,2016,TOYOTA,YARIS,39.02076167,-77.01427333,2023,3,22
230011291,Property Damage Crash,03/07/2023 09:42:00 PM,COLUMBIA PIKE,NA,SAME DIRECTION RIGHT TURN,Clear,DRY,Medium,N/A,NONE DETECTED,Unknown,No Apparent Injury,N/A,NOT DISTRACTED,MD,TRANSIT BUS,MOVING CONSTANT SPEED,35,No,2020,NOV B,BU,39.04054,-76.98823667,2023,3,21
230011291,Property Damage Crash,03/07/2023 09:42:00 PM,COLUMBIA PIKE,NA,SAME DIRECTION RIGHT TURN,Clear,DRY,Medium,N/A,NONE DETECTED,Unknown,No Apparent Injury,N/A,NOT DISTRACTED,MD,PASSENGER CAR,MOVING CONSTANT SPEED,35,No,2014,SUBARU,UT,39.04054,-76.98823667,2023,3,21
230011266,Property Damage Crash,03/07/2023 07:22:00 PM,NA,NA,OPPOSITE DIRECTION SIDESWIPE,Clear,NA,Medium,N/A,NONE DETECTED,No,No Apparent Injury,N/A,NOT DISTRACTED,MD,PASSENGER CAR,PARKING,25,No,2021,KIA,RIO,39.02450667,-77.12445333,2023,3,19
230011266,Property Damage Crash,03/07/2023 07:22:00 PM,NA,NA,OPPOSITE DIRECTION SIDESWIPE,Clear,NA,Medium,N/A,NONE DETECTED,Yes,No Apparent Injury,N/A,UNKNOWN,MD,(SPORT) UTILITY VEHICLE,PASSING,25,No,2017,BMW,X3,39.02450667,-77.12445333,2023,3,19
230011258,Property Damage Crash,03/07/2023 07:00:00 PM,FREDERICK RD,NA,SINGLE VEHICLE,Clear,DRY,Medium,NO CONTROLS,NONE DETECTED,Yes,No Apparent Injury,N/A,OTHER DISTRACTION,MD,PICKUP TRUCK,MOVING CONSTANT SPEED,40,No,2007,FORD,EXPLORER,39.17864333,-77.23835583,2023,3,19
230011260,Property Damage Crash,03/07/2023 06:45:00 PM,CONNECTICUT AVE,NA,SAME DIR REAR END,Clear,DRY,Medium,N/A,NONE DETECTED,Yes,No Apparent Injury,N/A,UNKNOWN,MD,PASSENGER CAR,MOVING CONSTANT SPEED,35,No,2005,HOND,CIVIC,39.09023933,-77.0714105,2023,3,18
230011260,Property Damage Crash,03/07/2023 06:45:00 PM,CONNECTICUT AVE,NA,SAME DIR REAR END,Clear,DRY,Medium,N/A,NONE DETECTED,No,No Apparent Injury,N/A,NOT DISTRACTED,MD,PASSENGER CAR,SLOWING OR STOPPING,35,No,2016,VOLVO,S60,39.09023933,-77.0714105,2023,3,18
230011247,Property Damage Crash,03/07/2023 05:46:00 PM,EDNOR RD,NA,SAME DIR REAR END,Clear,DRY,Daylight,NO CONTROLS,NONE DETECTED,No,No Apparent Injury,N/A,NOT DISTRACTED,MD,PASSENGER CAR,STOPPED IN TRAFFIC LANE,35,No,2011,TOYOTA,CAMRY,39.12692167,-77.02163833,2023,3,17
230011247,Property Damage Crash,03/07/2023 05:46:00 PM,EDNOR RD,NA,SAME DIR REAR END,Clear,DRY,Daylight,NO CONTROLS,NONE DETECTED,Yes,No Apparent Injury,N/A,OTHER DISTRACTION,MD,PASSENGER CAR,MOVING CONSTANT SPEED,35,No,2014,TOYOTA,COROLLA,39.12692167,-77.02163833,2023,3,17
230011235,Injury Crash,03/07/2023 05:15:00 PM,GEORGIA AVE,PEDESTRIAN,SINGLE VEHICLE,Clear,DRY,Daylight,TRAFFIC SIGNAL,NONE DETECTED,Yes,No Apparent Injury,N/A,LOOKED BUT DID NOT SEE,MD,PASSENGER CAR,MAKING LEFT TURN,35,No,2018,NISS,ROGUE,39.0529,-77.05126667,2023,3,17
230011245,Property Damage Crash,03/07/2023 04:51:00 PM,BRIGGS CHANEY RD,NA,SINGLE VEHICLE,Clear,DRY,Daylight,TRAFFIC SIGNAL,ALCOHOL PRESENT,Yes,No Apparent Injury,N/A,LOOKED BUT DID NOT SEE,MD,PASSENGER CAR,MAKING RIGHT TURN,35,No,2016,TOYOTA,CAMRY,39.0744479,-76.94009905,2023,3,16
230011225,Property Damage Crash,03/07/2023 04:50:00 PM,RIFFLE FORD RD,NA,SAME DIR REAR END,Clear,DRY,Daylight,STOP SIGN,NONE DETECTED,Yes,No Apparent Injury,N/A,NOT DISTRACTED,MD,POLICE VEHICLE/NON EMERGENCY,MAKING RIGHT TURN,35,No,2019,DODGE,CHARGER,39.14804333,-77.29012333,2023,3,16
230011225,Property Damage Crash,03/07/2023 04:50:00 PM,RIFFLE FORD RD,NA,SAME DIR REAR END,Clear,DRY,Daylight,STOP SIGN,NONE DETECTED,No,No Apparent Injury,N/A,NOT DISTRACTED,MD,PICKUP TRUCK,MAKING RIGHT TURN,35,No,2019,DODGE,RAM,39.14804333,-77.29012333,2023,3,16
230011219,Injury Crash,03/07/2023 04:00:00 PM,COLUMBIA PIKE,NA,SAME DIR REAR END,Clear,DRY,Daylight,NO CONTROLS,NONE DETECTED,Yes,No Apparent Injury,N/A,LOOKED BUT DID NOT SEE,MD,PASSENGER CAR,SLOWING OR STOPPING,55,No,2015,HONDA,CIVIC,39.1306172,-76.9199625,2023,3,16
230011219,Injury Crash,03/07/2023 04:00:00 PM,COLUMBIA PIKE,NA,SAME DIR REAR END,Clear,DRY,Daylight,NO CONTROLS,NONE DETECTED,No,No Apparent Injury,N/A,NOT DISTRACTED,MD,PASSENGER CAR,SLOWING OR STOPPING,55,No,2022,FORD,MUSTANG E,39.1306172,-76.9199625,2023,3,16
230011219,Injury Crash,03/07/2023 04:00:00 PM,COLUMBIA PIKE,NA,SAME DIR REAR END,Clear,DRY,Daylight,NO CONTROLS,NONE DETECTED,Yes,Suspected Serious Injury,N/A,LOOKED BUT DID NOT SEE,OH,PASSENGER CAR,SLOWING OR STOPPING,55,No,2016,TOYOTA,SCION,39.1306172,-76.9199625,2023,3,16
230011210,Property Damage Crash,03/07/2023 03:33:00 PM,SHADY GROVE RD,NA,SAME DIR REAR END,Clear,DRY,Daylight,NO CONTROLS,NONE DETECTED,No,No Apparent Injury,N/A,NOT DISTRACTED,PA,PASSENGER CAR,STOPPED IN TRAFFIC LANE,0,No,2015,TOYOTA,PRIUS,39.10816833,-77.188995,2023,3,15
230011210,Property Damage Crash,03/07/2023 03:33:00 PM,SHADY GROVE RD,NA,SAME DIR REAR END,Clear,DRY,Daylight,NO CONTROLS,NONE DETECTED,No,No Apparent Injury,N/A,NOT DISTRACTED,MD,PASSENGER CAR,STOPPED IN TRAFFIC LANE,0,No,2015,HOND,CR-V,39.10816833,-77.188995,2023,3,15
230011210,Property Damage Crash,03/07/2023 03:33:00 PM,SHADY GROVE RD,NA,SAME DIR REAR END,Clear,DRY,Daylight,NO CONTROLS,NONE DETECTED,Yes,No Apparent Injury,N/A,OTHER DISTRACTION,MD,PASSENGER CAR,MOVING CONSTANT SPEED,40,No,2015,NISS,ROGUE,39.10816833,-77.188995,2023,3,15
230011209,Injury Crash,03/07/2023 03:24:00 PM,VEIRS MILL RD,NA,SAME DIR REAR END,Clear,DRY,Daylight,NO CONTROLS,NONE DETECTED,Yes,Possible Minor Injury,N/A,UNKNOWN,MD,PASSENGER CAR,SLOWING OR STOPPING,35,No,2019,JEEP,CHEROKEE,39.0495696,-77.07101479,2023,3,15
230011209,Injury Crash,03/07/2023 03:24:00 PM,VEIRS MILL RD,NA,SAME DIR REAR END,Clear,DRY,Daylight,NO CONTROLS,NONE DETECTED,No,No Apparent Injury,N/A,NOT DISTRACTED,MD,PASSENGER CAR,STOPPED IN TRAFFIC LANE,35,No,2021,NISSAN,LEAF,39.0495696,-77.07101479,2023,3,15
230011209,Injury Crash,03/07/2023 03:24:00 PM,VEIRS MILL RD,NA,SAME DIR REAR END,Clear,DRY,Daylight,NO CONTROLS,NONE DETECTED,No,Possible Minor Injury,N/A,NOT DISTRACTED,MD,PASSENGER CAR,STOPPED IN TRAFFIC LANE,35,No,2018,TOYOTA,RAV4,39.0495696,-77.07101479,2023,3,15
230011202,Property Damage Crash,03/07/2023 03:00:00 PM,ROCKVILLE PIKE,NA,STRAIGHT MOVEMENT ANGLE,Clear,DRY,Daylight,STOP SIGN,NONE DETECTED,Yes,No Apparent Injury,N/A,LOOKED BUT DID NOT SEE,MD,PASSENGER CAR,MOVING CONSTANT SPEED,25,No,2021,TOYOTA,UT,39.038622,-77.108809,2023,3,15
230011202,Property Damage Crash,03/07/2023 03:00:00 PM,ROCKVILLE PIKE,NA,STRAIGHT MOVEMENT ANGLE,Clear,DRY,Daylight,STOP SIGN,NONE DETECTED,No,No Apparent Injury,N/A,NOT DISTRACTED,MD,PASSENGER CAR,MOVING CONSTANT SPEED,35,No,2016,MERZ,UT,39.038622,-77.108809,2023,3,15
230011200,Injury Crash,03/07/2023 02:45:00 PM,ROCKVILLE PIKE,NA,STRAIGHT MOVEMENT ANGLE,Clear,DRY,Daylight,NO CONTROLS,NONE DETECTED,Yes,Possible Minor Injury,N/A,LOOKED BUT DID NOT SEE,MD,(SPORT) UTILITY VEHICLE,MAKING LEFT TURN,35,No,2019,TOYT,TK,39.07633915,-77.13848996,2023,3,14
230011200,Injury Crash,03/07/2023 02:45:00 PM,ROCKVILLE PIKE,NA,STRAIGHT MOVEMENT ANGLE,Clear,DRY,Daylight,NO CONTROLS,NONE DETECTED,No,Possible Minor Injury,N/A,NOT DISTRACTED,MD,PASSENGER CAR,MOVING CONSTANT SPEED,35,No,2010,FORD,PK,39.07633915,-77.13848996,2023,3,14
230011200,Injury Crash,03/07/2023 02:45:00 PM,ROCKVILLE PIKE,NA,STRAIGHT MOVEMENT ANGLE,Clear,DRY,Daylight,NO CONTROLS,NONE DETECTED,No,Possible Minor Injury,N/A,NOT DISTRACTED,VA,(SPORT) UTILITY VEHICLE,STOPPED IN TRAFFIC LANE,10,No,2016,LEXUS,SUV,39.07633915,-77.13848996,2023,3,14
230011206,Property Damage Crash,03/07/2023 02:43:00 PM,COLUMBIA PIKE,NA,SAME DIR REAR END,Clear,DRY,Daylight,TRAFFIC SIGNAL,NONE DETECTED,No,No Apparent Injury,N/A,NOT DISTRACTED,MD,PASSENGER CAR,SLOWING OR STOPPING,55,No,2009,HOND,CIVIC,39.09263167,-76.940035,2023,3,14
230011206,Property Damage Crash,03/07/2023 02:43:00 PM,COLUMBIA PIKE,NA,SAME DIR REAR END,Clear,DRY,Daylight,TRAFFIC SIGNAL,NONE DETECTED,Yes,No Apparent Injury,N/A,LOOKED BUT DID NOT SEE,MD,STATION WAGON,SLOWING OR STOPPING,55,No,2012,SUBURA,OUTBACK,39.09263167,-76.940035,2023,3,14
230011183,Property Damage Crash,03/07/2023 01:30:00 PM,REDLAND RD,NA,HEAD ON LEFT TURN,Clear,DRY,Daylight,TRAFFIC SIGNAL,NONE DETECTED,Yes,No Apparent Injury,N/A,NOT DISTRACTED,MD,PASSENGER CAR,MAKING LEFT TURN,30,No,2022,TOYT,HB,39.11552183,-77.1664525,2023,3,13
230011183,Property Damage Crash,03/07/2023 01:30:00 PM,REDLAND RD,NA,HEAD ON LEFT TURN,Clear,DRY,Daylight,TRAFFIC SIGNAL,NONE DETECTED,No,No Apparent Injury,N/A,NOT DISTRACTED,MD,PASSENGER CAR,MOVING CONSTANT SPEED,30,No,2009,HOND,4S,39.11552183,-77.1664525,2023,3,13
230011168,Injury Crash,03/07/2023 12:45:00 PM,FIRST ST,NA,SAME DIR REAR END,Clear,DRY,Daylight,TRAFFIC SIGNAL,NONE DETECTED,No,Possible Minor Injury,N/A,NOT DISTRACTED,MD,PASSENGER CAR,STOPPED IN TRAFFIC LANE,30,No,2016,HONDA,CIVIC,39.0773865,-77.13934559,2023,3,12
230011168,Injury Crash,03/07/2023 12:45:00 PM,FIRST ST,NA,SAME DIR REAR END,Clear,DRY,Daylight,TRAFFIC SIGNAL,NONE DETECTED,Yes,No Apparent Injury,N/A,LOOKED BUT DID NOT SEE,MD,PASSENGER CAR,SLOWING OR STOPPING,30,No,2014,TOYT,PRIUS,39.0773865,-77.13934559,2023,3,12
230011168,Injury Crash,03/07/2023 12:45:00 PM,FIRST ST,NA,SAME DIR REAR END,Clear,DRY,Daylight,TRAFFIC SIGNAL,NONE DETECTED,No,No Apparent Injury,N/A,NOT DISTRACTED,MD,(SPORT) UTILITY VEHICLE,STOPPED IN TRAFFIC LANE,30,No,2016,FORD,UT,39.0773865,-77.13934559,2023,3,12
230011162,Property Damage Crash,03/07/2023 12:10:00 PM,COLESVILLE RD,NA,SAME DIR REAR END,Clear,DRY,Daylight,TRAFFIC SIGNAL,NONE DETECTED,Yes,No Apparent Injury,N/A,OTHER DISTRACTION,MD,PASSENGER CAR,MOVING CONSTANT SPEED,35,No,2004,TOYOTA,MATRIX,39.013047,-77.01666417,2023,3,12
230011162,Property Damage Crash,03/07/2023 12:10:00 PM,COLESVILLE RD,NA,SAME DIR REAR END,Clear,DRY,Daylight,TRAFFIC SIGNAL,NONE DETECTED,No,No Apparent Injury,N/A,NOT DISTRACTED,MD,(SPORT) UTILITY VEHICLE,STOPPED IN TRAFFIC LANE,35,No,2006,ACURA,MDX,39.013047,-77.01666417,2023,3,12
230011158,Injury Crash,03/07/2023 11:45:00 AM,GEORGIA AVE,NA,SAME DIR REAR END,Clear,DRY,Daylight,N/A,NONE DETECTED,Yes,No Apparent Injury,N/A,NOT DISTRACTED,MD,PASSENGER CAR,SLOWING OR STOPPING,30,No,2013,CHEV,SSILVERADO,39.02472333,-77.045985,2023,3,11
230011158,Injury Crash,03/07/2023 11:45:00 AM,GEORGIA AVE,NA,SAME DIR REAR END,Clear,DRY,Daylight,N/A,NONE DETECTED,No,Possible Minor Injury,N/A,NOT DISTRACTED,MD,PASSENGER CAR,SLOWING OR STOPPING,30,No,2017,CHEV,SD,39.02472333,-77.045985,2023,3,11
230011150,Property Damage Crash,03/07/2023 11:02:00 AM,E GUDE DR,NA,STRAIGHT MOVEMENT ANGLE,Clear,DRY,Daylight,TRAFFIC SIGNAL,NONE DETECTED,No,No Apparent Injury,N/A,NOT DISTRACTED,MD,PICKUP TRUCK,MOVING CONSTANT SPEED,35,No,2008,GMC,SIERRA,39.10628333,-77.15241,2023,3,11