Local Case Number,ACRS Report Type,Crash Date/Time,Road Name,Related Non-Motorist,Collision Type,Weather,Surface Condition,Light,Traffic Control,Driver Substance Abuse,Driver At Fault,Injury Severity,Circumstance,Driver Distracted By,Drivers License State,Vehicle Body Type,Vehicle Movement,Speed Limit,Driverless Vehicle,Vehicle Year,Vehicle Make,Vehicle Model,Latitude,Longitude,Year,Month,Hour
230011150,Property Damage Crash,03/07/2023 11:02:00 AM,E GUDE DR,NA,STRAIGHT MOVEMENT ANGLE,Clear,DRY,Daylight,TRAFFIC SIGNAL,NONE DETECTED,Yes,No Apparent Injury,N/A,BY OTHER OCCUPANTS,MD,PASSENGER CAR,MAKING LEFT TURN,35,No,2019,HYUN,KONA,39.10628333,-77.15241,2023,3,11
230011137,Property Damage Crash,03/07/2023 09:37:00 AM,EISENHOWER MEMORIAL HWY,NA,SAME DIR REAR END,Clear,DRY,Daylight,NO CONTROLS,NONE DETECTED,No,No Apparent Injury,N/A,NOT DISTRACTED,MD,PASSENGER CAR,SLOWING OR STOPPING,55,No,2012,HONDA,CIVIC,39.20011727,-77.26559837,2023,3,9
230011137,Property Damage Crash,03/07/2023 09:37:00 AM,EISENHOWER MEMORIAL HWY,NA,SAME DIR REAR END,Clear,DRY,Daylight,NO CONTROLS,NONE DETECTED,Yes,No Apparent Injury,N/A,INATTENTIVE OR LOST IN THOUGHT,MD,PASSENGER CAR,SLOWING OR STOPPING,55,No,2013,HYUNDAI,SONATA,39.20011727,-77.26559837,2023,3,9
230011137,Property Damage Crash,03/07/2023 09:37:00 AM,EISENHOWER MEMORIAL HWY,NA,SAME DIR REAR END,Clear,DRY,Daylight,NO CONTROLS,NONE DETECTED,No,No Apparent Injury,N/A,NOT DISTRACTED,WV,PASSENGER CAR,SLOWING OR STOPPING,55,No,2020,NISSAN,PATHFINDER,39.20011727,-77.26559837,2023,3,9
230011128,Property Damage Crash,03/07/2023 07:44:00 AM,NA,NA,OPPOSITE DIRECTION SIDESWIPE,Clear,NA,Daylight,NO CONTROLS,NONE DETECTED,No,No Apparent Injury,N/A,NOT DISTRACTED,MD,PICKUP TRUCK,MOVING CONSTANT SPEED,10,No,2006,TOYT,PK,39.00003978,-76.99475042,2023,3,7
230011128,Property Damage Crash,03/07/2023 07:44:00 AM,NA,NA,OPPOSITE DIRECTION SIDESWIPE,Clear,NA,Daylight,NO CONTROLS,NONE DETECTED,Yes,No Apparent Injury,N/A,UNKNOWN,NA,PICKUP TRUCK,MOVING CONSTANT SPEED,10,No,2010,DODGE,RAM,39.00003978,-76.99475042,2023,3,7
230011124,Property Damage Crash,03/07/2023 07:14:00 AM,INDEPENDENCE ST,NA,STRAIGHT MOVEMENT ANGLE,Clear,DRY,Daylight,NO CONTROLS,NONE DETECTED,Yes,No Apparent Injury,"DEBRIS OR OBSTRUCTION, VISION OBSTRUCTION (INCL. BLINDED BY SUN)",LOOKED BUT DID NOT SEE,MD,PASSENGER CAR,MAKING LEFT TURN,25,No,2020,HOND,HB,39.07291683,-77.08613367,2023,3,7
230011124,Property Damage Crash,03/07/2023 07:14:00 AM,INDEPENDENCE ST,NA,STRAIGHT MOVEMENT ANGLE,Clear,DRY,Daylight,NO CONTROLS,NONE DETECTED,No,No Apparent Injury,"DEBRIS OR OBSTRUCTION, VISION OBSTRUCTION (INCL. BLINDED BY SUN)",LOOKED BUT DID NOT SEE,DC,VAN,MOVING CONSTANT SPEED,25,No,2008,DODGE,CARAVAN,39.07291683,-77.08613367,2023,3,7
230011123,Injury Crash,03/07/2023 06:42:00 AM,FATHER HURLEY BLVD,NA,SAME DIR REAR END,Clear,DRY,Daylight,NO CONTROLS,NONE DETECTED,No,Possible Minor Injury,"BACKUP DUE TO REGULAR CONGESTION, N/A",NOT DISTRACTED,MD,PICKUP TRUCK,SLOWING OR STOPPING,40,No,2014,DODGE,RAM,39.19763167,-77.26374167,2023,3,6
230011123,Injury Crash,03/07/2023 06:42:00 AM,FATHER HURLEY BLVD,NA,SAME DIR REAR END,Clear,DRY,Daylight,NO CONTROLS,NONE DETECTED,Yes,No Apparent Injury,"BACKUP DUE TO REGULAR CONGESTION, N/A",UNKNOWN,NC,(SPORT) UTILITY VEHICLE,MOVING CONSTANT SPEED,40,No,2010,MITS,OUTLANDER,39.19763167,-77.26374167,2023,3,6
230011110,Injury Crash,03/06/2023 10:49:00 PM,MONTROSE RD,NA,SAME DIRECTION SIDESWIPE,Clear,DRY,Medium,NO CONTROLS,NONE DETECTED,Yes,Possible Minor Injury,N/A,NOT DISTRACTED,MD,PASSENGER CAR,CHANGING LANES,40,No,2019,CHRYSLER,300,39.05484167,-77.14629,2023,3,22
230011110,Injury Crash,03/06/2023 10:49:00 PM,MONTROSE RD,NA,SAME DIRECTION SIDESWIPE,Clear,DRY,Medium,NO CONTROLS,NONE DETECTED,No,Possible Minor Injury,N/A,NOT DISTRACTED,DC,PICKUP TRUCK,MOVING CONSTANT SPEED,40,No,2017,TOYOTA,TACOMA,39.05484167,-77.14629,2023,3,22
230011110,Injury Crash,03/06/2023 10:49:00 PM,MONTROSE RD,NA,SAME DIRECTION SIDESWIPE,Clear,DRY,Medium,NO CONTROLS,NONE DETECTED,No,No Apparent Injury,N/A,NOT DISTRACTED,MD,PASSENGER CAR,ACCELERATING,40,No,2018,HONDA,CRV,39.05484167,-77.14629,2023,3,22
230011108,Property Damage Crash,03/06/2023 10:21:00 PM,NEW HAMPSHIRE AVE,NA,SAME DIR REAR END,Clear,DRY,Medium,TRAFFIC SIGNAL,NONE DETECTED,Yes,No Apparent Injury,N/A,USING DEVICE OBJECT BROUGHT INTO VEHICLE,MD,PASSENGER CAR,MOVING CONSTANT SPEED,45,No,2017,NISS,SENTRA,39.10640495,-77.00119845,2023,3,22
230011108,Property Damage Crash,03/06/2023 10:21:00 PM,NEW HAMPSHIRE AVE,NA,SAME DIR REAR END,Clear,DRY,Medium,TRAFFIC SIGNAL,NONE DETECTED,No,No Apparent Injury,N/A,NOT DISTRACTED,MD,PASSENGER CAR,STOPPED IN TRAFFIC LANE,45,No,2008,FORD,UT,39.10640495,-77.00119845,2023,3,22
230011088,Property Damage Crash,03/06/2023 07:41:00 PM,ROCKVILLE PIKE,NA,SAME DIR REAR END,Clear,DRY,Medium,N/A,NONE DETECTED,Yes,No Apparent Injury,N/A,UNKNOWN,MD,PASSENGER CAR,SLOWING OR STOPPING,40,No,2011,TOYOTA,CAMRY,39.07611617,-77.13802278,2023,3,19
230011088,Property Damage Crash,03/06/2023 07:41:00 PM,ROCKVILLE PIKE,NA,SAME DIR REAR END,Clear,DRY,Medium,N/A,NONE DETECTED,No,No Apparent Injury,N/A,NOT DISTRACTED,WA,PASSENGER CAR,STOPPED IN TRAFFIC LANE,40,No,2013,HONDA,CIVIC,39.07611617,-77.13802278,2023,3,19
230011088,Property Damage Crash,03/06/2023 07:41:00 PM,ROCKVILLE PIKE,NA,SAME DIR REAR END,Clear,DRY,Medium,N/A,NONE DETECTED,No,No Apparent Injury,N/A,NOT DISTRACTED,MD,PASSENGER CAR,STOPPED IN TRAFFIC LANE,40,No,2016,TOYT,TK,39.07611617,-77.13802278,2023,3,19
230011087,Injury Crash,03/06/2023 07:15:00 PM,CONNECTICUT AVE,PEDESTRIAN,SINGLE VEHICLE,Clear,DRY,Medium,NO CONTROLS,NONE DETECTED,No,No Apparent Injury,N/A,NOT DISTRACTED,MD,PASSENGER CAR,SLOWING OR STOPPING,35,No,2004,HYUN,SANTA FE,38.99981583,-77.08142567,2023,3,19
230011073,Property Damage Crash,03/06/2023 05:30:00 PM,COLUMBIA PIKE,NA,SAME DIRECTION SIDESWIPE,Clear,DRY,Daylight,N/A,NONE DETECTED,No,No Apparent Injury,N/A,NOT DISTRACTED,MD,PASSENGER CAR,MOVING CONSTANT SPEED,55,No,2007,TOYOTA,CAMRY,39.10548067,-76.9324485,2023,3,17
230011073,Property Damage Crash,03/06/2023 05:30:00 PM,COLUMBIA PIKE,NA,SAME DIRECTION SIDESWIPE,Clear,DRY,Daylight,N/A,NONE DETECTED,Yes,No Apparent Injury,N/A,NOT DISTRACTED,IL,PASSENGER CAR,CHANGING LANES,55,No,2014,JEEP,GRD CHEROKEE,39.10548067,-76.9324485,2023,3,17
230011052,Property Damage Crash,03/06/2023 04:50:00 PM,NEW HAMPSHIRE AVE,NA,HEAD ON LEFT TURN,Clear,DRY,Daylight,NO CONTROLS,NONE DETECTED,Yes,No Apparent Injury,N/A,LOOKED BUT DID NOT SEE,MD,PASSENGER CAR,MAKING LEFT TURN,45,No,2018,LEXS,SD,39.0771135,-77.0018135,2023,3,16
230011052,Property Damage Crash,03/06/2023 04:50:00 PM,NEW HAMPSHIRE AVE,NA,HEAD ON LEFT TURN,Clear,DRY,Daylight,NO CONTROLS,NONE DETECTED,No,No Apparent Injury,N/A,NOT DISTRACTED,MD,PASSENGER CAR,SLOWING OR STOPPING,45,No,2015,HOND,4S,39.0771135,-77.0018135,2023,3,16
230011048,Injury Crash,03/06/2023 04:20:00 PM,TWINBROOK PKWY,NA,SAME DIR REAR END,Clear,DRY,Daylight,N/A,NONE DETECTED,No,Possible Minor Injury,N/A,NOT DISTRACTED,MD,(SPORT) UTILITY VEHICLE,MOVING CONSTANT SPEED,30,No,2016,HOND,TK,39.06108002,-77.1164975,2023,3,16
230011048,Injury Crash,03/06/2023 04:20:00 PM,TWINBROOK PKWY,NA,SAME DIR REAR END,Clear,DRY,Daylight,N/A,NONE DETECTED,Yes,No Apparent Injury,N/A,UNKNOWN,MD,(SPORT) UTILITY VEHICLE,MOVING CONSTANT SPEED,30,No,2004,FORD,EXPLORER,39.06108002,-77.1164975,2023,3,16
230011041,Injury Crash,03/06/2023 04:07:00 PM,OLD COLUMBIA PIKE,NA,OTHER,Clear,DRY,Daylight,TRAFFIC SIGNAL,NONE DETECTED,No,No Apparent Injury,N/A,NOT DISTRACTED,MD,VAN,MOVING CONSTANT SPEED,45,No,2013,TOYT,PV,39.11260667,-76.93289,2023,3,16
230011041,Injury Crash,03/06/2023 04:07:00 PM,OLD COLUMBIA PIKE,NA,OTHER,Clear,DRY,Daylight,TRAFFIC SIGNAL,NONE DETECTED,Yes,Possible Minor Injury,N/A,NOT DISTRACTED,MD,PASSENGER CAR,MAKING LEFT TURN,45,No,2018,ACUR,SD,39.11260667,-76.93289,2023,3,16
230011042,Property Damage Crash,03/06/2023 03:14:00 PM,NA,NA,SAME DIRECTION SIDESWIPE,Clear,NA,Daylight,NO CONTROLS,NONE DETECTED,No,No Apparent Injury,N/A,NOT DISTRACTED,MD,SCHOOL BUS,PARKED,10,No,2015,THOMAS,BUS,39.08371383,-77.0911945,2023,3,15
230011042,Property Damage Crash,03/06/2023 03:14:00 PM,NA,NA,SAME DIRECTION SIDESWIPE,Clear,NA,Daylight,NO CONTROLS,NONE DETECTED,Yes,No Apparent Injury,N/A,NOT DISTRACTED,MD,SCHOOL BUS,SLOWING OR STOPPING,10,No,2012,THOMAS,CONV,39.08371383,-77.0911945,2023,3,15
230011023,Injury Crash,03/06/2023 02:08:00 PM,CLOPPER RD,NA,SAME DIR REAR END,Clear,DRY,Daylight,NO CONTROLS,NONE DETECTED,Yes,No Apparent Injury,N/A,LOOKED BUT DID NOT SEE,MD,SCHOOL BUS,MOVING CONSTANT SPEED,35,No,2017,THOMAS,BUS,39.15536783,-77.261027,2023,3,14
230011023,Injury Crash,03/06/2023 02:08:00 PM,CLOPPER RD,NA,SAME DIR REAR END,Clear,DRY,Daylight,NO CONTROLS,NONE DETECTED,No,Possible Minor Injury,N/A,NOT DISTRACTED,MD,PASSENGER CAR,MAKING LEFT TURN,35,No,2014,MAZDA,5,39.15536783,-77.261027,2023,3,14
230011050,Property Damage Crash,03/06/2023 01:42:00 PM,NA,NA,OTHER,Clear,NA,Daylight,N/A,NONE DETECTED,Yes,No Apparent Injury,N/A,UNKNOWN,NA,PICKUP TRUCK,BACKING,15,No,2017,FORD,F150,39.23775483,-77.29183867,2023,3,13
230011030,Property Damage Crash,03/06/2023 01:17:00 PM,NA,NA,SINGLE VEHICLE,Clear,NA,Daylight,N/A,ALCOHOL PRESENT,Yes,No Apparent Injury,N/A,UNKNOWN,XX,PASSENGER CAR,UNKNOWN,5,No,2006,TOYOTA,SIENNA,38.987344,-76.986167,2023,3,13
230011003,Property Damage Crash,03/06/2023 12:49:00 PM,FREDERICK RD,NA,STRAIGHT MOVEMENT ANGLE,Clear,DRY,Daylight,TRAFFIC SIGNAL,NONE DETECTED,No,No Apparent Injury,N/A,NOT DISTRACTED,MD,PASSENGER CAR,MOVING CONSTANT SPEED,45,No,2016,CHEVROLET,VOLT,39.19821517,-77.24467333,2023,3,12
230011003,Property Damage Crash,03/06/2023 12:49:00 PM,FREDERICK RD,NA,STRAIGHT MOVEMENT ANGLE,Clear,DRY,Daylight,TRAFFIC SIGNAL,NONE DETECTED,Yes,No Apparent Injury,N/A,NOT DISTRACTED,MD,PASSENGER CAR,MAKING LEFT TURN,30,No,2002,JEEP,GRAND CHEROKEE,39.19821517,-77.24467333,2023,3,12
230010994,Property Damage Crash,03/06/2023 12:03:00 PM,ROCKVILLE PIKE,NA,SAME DIRECTION SIDESWIPE,Clear,N/A,Daylight,N/A,NONE DETECTED,No,No Apparent Injury,N/A,NOT DISTRACTED,MD,PASSENGER CAR,MOVING CONSTANT SPEED,40,No,2015,HOND,4S,39.05942,-77.12182467,2023,3,12
230010994,Property Damage Crash,03/06/2023 12:03:00 PM,ROCKVILLE PIKE,NA,SAME DIRECTION SIDESWIPE,Clear,N/A,Daylight,N/A,NONE DETECTED,Yes,No Apparent Injury,N/A,NOT DISTRACTED,MD,PASSENGER CAR,CHANGING LANES,40,No,2020,PORS,TK,39.05942,-77.12182467,2023,3,12
230010991,Property Damage Crash,03/06/2023 11:40:00 AM,NA,NA,OTHER,Clear,NA,Daylight,NO CONTROLS,NONE DETECTED,Yes,No Apparent Injury,N/A,NOT DISTRACTED,MD,"CARGO VAN/LIGHT TRUCK 2 AXLES (OVER 10,000LBS (4,536 KG))",BACKING,10,No,2006,FORD,DS,39.00917,-76.98135333,2023,3,11
230010987,Injury Crash,03/06/2023 10:48:00 AM,NA,PEDESTRIAN,OTHER,Clear,NA,Daylight,NO CONTROLS,NONE DETECTED,Yes,No Apparent Injury,N/A,UNKNOWN,NA,PASSENGER CAR,PARKING,20,No,2019,TOYOTA,SIENNA,39.05456667,-76.95594333,2023,3,10
230010987,Injury Crash,03/06/2023 10:48:00 AM,NA,PEDESTRIAN,OTHER,Clear,NA,Daylight,NO CONTROLS,NONE DETECTED,No,Possible Minor Injury,N/A,NOT DISTRACTED,MD,PASSENGER CAR,PARKED,20,No,2023,HYUN,UT,39.05456667,-76.95594333,2023,3,10
230010974,Injury Crash,03/06/2023 10:43:00 AM,ROCKVILLE PIKE,NA,SAME DIR REAR END,Clear,DRY,Daylight,NO CONTROLS,NONE DETECTED,No,No Apparent Injury,N/A,NOT DISTRACTED,VA,PASSENGER CAR,SLOWING OR STOPPING,40,No,2019,TOYOTA,CAMRY,39.03781667,-77.10844333,2023,3,10
230010974,Injury Crash,03/06/2023 10:43:00 AM,ROCKVILLE PIKE,NA,SAME DIR REAR END,Clear,DRY,Daylight,NO CONTROLS,NONE DETECTED,Yes,No Apparent Injury,N/A,INATTENTIVE OR LOST IN THOUGHT,MD,PASSENGER CAR,MOVING CONSTANT SPEED,40,No,2015,TOYOTA,COROLLA,39.03781667,-77.10844333,2023,3,10
230010974,Injury Crash,03/06/2023 10:43:00 AM,ROCKVILLE PIKE,NA,SAME DIR REAR END,Clear,DRY,Daylight,NO CONTROLS,NONE DETECTED,No,Possible Minor Injury,N/A,NOT DISTRACTED,MD,PASSENGER CAR,MOVING CONSTANT SPEED,40,No,2010,FORD,TK,39.03781667,-77.10844333,2023,3,10
230010974,Injury Crash,03/06/2023 10:43:00 AM,ROCKVILLE PIKE,NA,SAME DIR REAR END,Clear,DRY,Daylight,NO CONTROLS,NONE DETECTED,No,No Apparent Injury,N/A,UNKNOWN,NA,UNKNOWN,SLOWING OR STOPPING,40,No,0,UNKNOWN,UNKNOWN,39.03781667,-77.10844333,2023,3,10
230010957,Property Damage Crash,03/06/2023 09:00:00 AM,NEW HAMPSHIRE AVE,NA,SAME DIR REAR END,Clear,DRY,Daylight,TRAFFIC SIGNAL,NONE DETECTED,No,No Apparent Injury,N/A,NOT DISTRACTED,MD,PASSENGER CAR,STOPPED IN TRAFFIC LANE,35,No,2015,NISSAN,SENTRA,39.01538833,-76.97792333,2023,3,9
230010957,Property Damage Crash,03/06/2023 09:00:00 AM,NEW HAMPSHIRE AVE,NA,SAME DIR REAR END,Clear,DRY,Daylight,TRAFFIC SIGNAL,NONE DETECTED,Yes,No Apparent Injury,N/A,NOT DISTRACTED,MD,PASSENGER CAR,MOVING CONSTANT SPEED,35,No,2014,HOND,TK,39.01538833,-76.97792333,2023,3,9
230010957,Property Damage Crash,03/06/2023 09:00:00 AM,NEW HAMPSHIRE AVE,NA,SAME DIR REAR END,Clear,DRY,Daylight,TRAFFIC SIGNAL,NONE DETECTED,No,No Apparent Injury,N/A,NOT DISTRACTED,MD,PASSENGER CAR,STOPPED IN TRAFFIC LANE,35,No,2020,TOYOTA,RAV4,39.01538833,-76.97792333,2023,3,9
230010959,Property Damage Crash,03/06/2023 08:41:00 AM,PINEY BRANCH RD,NA,SAME DIRECTION SIDESWIPE,Clear,DRY,Daylight,NO CONTROLS,NONE DETECTED,No,No Apparent Injury,N/A,NOT DISTRACTED,MD,SCHOOL BUS,SLOWING OR STOPPING,30,No,2021,FRHT,SCHOOL BUS,38.99935333,-76.99616667,2023,3,8
230010949,Property Damage Crash,03/06/2023 01:26:00 AM,SORREL AVE,NA,OTHER,Clear,DRY,Dark,NO CONTROLS,NONE DETECTED,Yes,No Apparent Injury,N/A,UNKNOWN,MD,PASSENGER CAR,MOVING CONSTANT SPEED,25,No,2021,HYUNDAI,ACCENT,39.016454,-77.19361467,2023,3,1
230010934,Injury Crash,03/06/2023 12:24:00 AM,OLD GEORGETOWN RD,NA,SINGLE VEHICLE,Clear,DRY,Medium,TRAFFIC SIGNAL,NONE DETECTED,Yes,Suspected Serious Injury,N/A,NOT DISTRACTED,MD,PASSENGER CAR,ACCELERATING,25,No,2012,VOLKSWAGEN,JETTA,38.987865,-77.099255,2023,3,0
230010950,Property Damage Crash,03/06/2023 12:10:00 AM,GRANDVIEW AVE,NA,SAME DIRECTION SIDESWIPE,Clear,DRY,Dark,NO CONTROLS,NONE DETECTED,Yes,No Apparent Injury,N/A,INATTENTIVE OR LOST IN THOUGHT,MD,(SPORT) UTILITY VEHICLE,MOVING CONSTANT SPEED,25,No,2016,HONDA,CRV,39.04730044,-77.05492159,2023,3,0
230010912,Injury Crash,03/05/2023 08:15:00 PM,VEIRS MILL RD,PEDESTRIAN,OTHER,Clear,DRY,Medium,TRAFFIC SIGNAL,NONE DETECTED,No,No Apparent Injury,N/A,NOT DISTRACTED,MD,STATION WAGON,MOVING CONSTANT SPEED,35,No,2007,TOYT,UT,39.07491545,-77.11553743,2023,3,20
230010908,Property Damage Crash,03/05/2023 06:35:00 PM,ODENDHAL AVE,NA,SAME DIRECTION SIDESWIPE,Clear,DRY,Medium,NO CONTROLS,NONE DETECTED,Yes,No Apparent Injury,N/A,UNKNOWN,NA,NA,MOVING CONSTANT SPEED,25,No,0,UNKNOWN,UNKNOWN,39.15267045,-77.1913087,2023,3,18
230010894,Property Damage Crash,03/05/2023 06:08:00 PM,SEVERN RD,NA,OTHER,Clear,DRY,Medium,NO CONTROLS,ALCOHOL PRESENT,Yes,No Apparent Injury,N/A,UNKNOWN,MD,PASSENGER CAR,ACCELERATING,25,No,2017,TOYOTA,COROLLA,39.16398833,-77.193935,2023,3,18
230010894,Property Damage Crash,03/05/2023 06:08:00 PM,SEVERN RD,NA,OTHER,Clear,DRY,Medium,NO CONTROLS,NONE DETECTED,No,No Apparent Injury,N/A,NOT DISTRACTED,NY,PASSENGER CAR,SLOWING OR STOPPING,25,No,2018,TOYOTA,RAV4,39.16398833,-77.193935,2023,3,18
230010889,Injury Crash,03/05/2023 05:41:00 PM,WISTERIA DR,NA,STRAIGHT MOVEMENT ANGLE,Clear,DRY,Daylight,STOP SIGN,NONE DETECTED,No,No Apparent Injury,N/A,NOT DISTRACTED,VA,PASSENGER CAR,MOVING CONSTANT SPEED,30,No,2019,HYUNDAI,SONATA,39.17704715,-77.27002302,2023,3,17
230010889,Injury Crash,03/05/2023 05:41:00 PM,WISTERIA DR,NA,STRAIGHT MOVEMENT ANGLE,Clear,DRY,Daylight,STOP SIGN,NONE DETECTED,Yes,No Apparent Injury,N/A,NOT DISTRACTED,MD,PASSENGER CAR,ACCELERATING,30,No,2017,VOLK,TK,39.17704715,-77.27002302,2023,3,17
230010880,Property Damage Crash,03/05/2023 04:31:00 PM,LOST KNIFE RD,NA,STRAIGHT MOVEMENT ANGLE,Clear,DRY,Daylight,STOP SIGN,NONE DETECTED,No,No Apparent Injury,N/A,NOT DISTRACTED,MD,PASSENGER CAR,MOVING CONSTANT SPEED,35,No,2015,CADI,ATS,39.15639333,-77.20248167,2023,3,16
230010880,Property Damage Crash,03/05/2023 04:31:00 PM,LOST KNIFE RD,NA,STRAIGHT MOVEMENT ANGLE,Clear,DRY,Daylight,STOP SIGN,NONE DETECTED,Yes,No Apparent Injury,N/A,NOT DISTRACTED,MD,PASSENGER CAR,MAKING LEFT TURN,35,No,2014,TOYOTA,CAMRY,39.15639333,-77.20248167,2023,3,16
230010887,Property Damage Crash,03/05/2023 04:30:00 PM,NA,NA,OTHER,Clear,NA,Daylight,NO CONTROLS,NONE DETECTED,Yes,No Apparent Injury,N/A,NOT DISTRACTED,NA,NA,PARKING,5,No,0,UNKNOWN,UNKNOWN,39.11564305,-77.20745267,2023,3,16
230010825,Property Damage Crash,03/05/2023 03:59:00 PM,NA,NA,OTHER,Clear,NA,Daylight,NO CONTROLS,NONE DETECTED,No,No Apparent Injury,N/A,NOT DISTRACTED,MD,PASSENGER CAR,PARKED,10,No,2007,NISS,4S,39.13903842,-77.19460063,2023,3,15
230010825,Property Damage Crash,03/05/2023 03:59:00 PM,NA,NA,OTHER,Clear,NA,Daylight,NO CONTROLS,NONE DETECTED,Yes,No Apparent Injury,N/A,UNKNOWN,NA,PASSENGER CAR,BACKING,10,No,2007,FORD,EXPEDITION,39.13903842,-77.19460063,2023,3,15
230010874,Property Damage Crash,03/05/2023 03:32:00 PM,MIDCOUNTY HWY,NA,SAME DIR REAR END,Clear,DRY,Daylight,TRAFFIC SIGNAL,NONE DETECTED,No,No Apparent Injury,N/A,NOT DISTRACTED,MD,PASSENGER CAR,MAKING RIGHT TURN,50,No,2006,HOND,CIVIC,39.15763667,-77.19131667,2023,3,15
230010874,Property Damage Crash,03/05/2023 03:32:00 PM,MIDCOUNTY HWY,NA,SAME DIR REAR END,Clear,DRY,Daylight,TRAFFIC SIGNAL,NONE DETECTED,Yes,No Apparent Injury,N/A,NOT DISTRACTED,MD,PASSENGER CAR,MAKING RIGHT TURN,50,No,2015,CHEV,SONIC,39.15763667,-77.19131667,2023,3,15
230010872,Property Damage Crash,03/05/2023 03:06:00 PM,CONNECTICUT AVE,NA,SAME DIRECTION SIDESWIPE,Clear,DRY,Daylight,TRAFFIC SIGNAL,NONE DETECTED,Yes,No Apparent Injury,"N/A, ROAD UNDER CONSTRUCTION/MAINTENANCE, V EXHAUST SYSTEM|R OTHER ROAD",UNKNOWN,DC,TRANSIT BUS,SLOWING OR STOPPING,35,No,2010,NEW FLYER,BUS,38.99981948,-77.07700878,2023,3,15
230010872,Property Damage Crash,03/05/2023 03:06:00 PM,CONNECTICUT AVE,NA,SAME DIRECTION SIDESWIPE,Clear,DRY,Daylight,TRAFFIC SIGNAL,NONE DETECTED,Yes,No Apparent Injury,"N/A, ROAD UNDER CONSTRUCTION/MAINTENANCE, V EXHAUST SYSTEM|R OTHER ROAD",UNKNOWN,MD,PASSENGER CAR,MOVING CONSTANT SPEED,35,No,2008,HYUN,ELENTRA,38.99981948,-77.07700878,2023,3,15
230010848,Property Damage Crash,03/05/2023 11:41:00 AM,NA,NA,SINGLE VEHICLE,Clear,NA,Daylight,NO CONTROLS,NONE DETECTED,Yes,No Apparent Injury,N/A,NOT DISTRACTED,MD,PASSENGER CAR,MOVING CONSTANT SPEED,25,No,2007,HOND,CRV,39.11214467,-77.04565567,2023,3,11
230010843,Property Damage Crash,03/05/2023 10:13:00 AM,CONNECTICUT AVE,NA,SAME DIR REAR END,Clear,DRY,Daylight,TRAFFIC SIGNAL,NONE DETECTED,Yes,No Apparent Injury,N/A,UNKNOWN,NA,PASSENGER CAR,CHANGING LANES,35,No,2003,HONDA,ACCORD,39.08390181,-77.0771792,2023,3,10
230010843,Property Damage Crash,03/05/2023 10:13:00 AM,CONNECTICUT AVE,NA,SAME DIR REAR END,Clear,DRY,Daylight,TRAFFIC SIGNAL,NONE DETECTED,No,No Apparent Injury,N/A,NOT DISTRACTED,MD,PASSENGER CAR,SLOWING OR STOPPING,35,No,2011,BMW,325I,39.08390181,-77.0771792,2023,3,10
230010824,Injury Crash,03/05/2023 04:50:00 AM,UNIVERSITY BLVD W,NA,STRAIGHT MOVEMENT ANGLE,Clear,DRY,Medium,FLASHING TRAFFIC SIGNAL,NONE DETECTED,No,Possible Minor Injury,N/A,UNKNOWN,MD,PASSENGER CAR,MOVING CONSTANT SPEED,35,No,2006,HONDA,ACCORD,39.04139266,-77.04809313,2023,3,4
230010824,Injury Crash,03/05/2023 04:50:00 AM,UNIVERSITY BLVD W,NA,STRAIGHT MOVEMENT ANGLE,Clear,DRY,Medium,FLASHING TRAFFIC SIGNAL,NONE DETECTED,Yes,No Apparent Injury,N/A,UNKNOWN,US,(SPORT) UTILITY VEHICLE,ACCELERATING,35,No,2016,HONDA,PILOT,39.04139266,-77.04809313,2023,3,4
230010814,Property Damage Crash,03/05/2023 01:45:00 AM,ROCKING HORSE RD,NA,SAME DIR REAR END,Clear,DRY,Medium,NO CONTROLS,NONE DETECTED,Yes,No Apparent Injury,N/A,OTHER DISTRACTION,MD,PASSENGER CAR,MOVING CONSTANT SPEED,25,No,2017,NISSAN,SENTRA,39.05244798,-77.09539709,2023,3,1
230010851,Property Damage Crash,03/05/2023 01:00:00 AM,COLUMBIA PIKE,NA,SAME DIRECTION SIDESWIPE,Clear,DRY,Dark,NO CONTROLS,NONE DETECTED,Yes,No Apparent Injury,N/A,UNKNOWN,MD,PASSENGER CAR,UNKNOWN,30,No,1997,HONDA,CIVIC,39.039,-76.99528167,2023,3,1
230010791,Injury Crash,03/04/2023 10:53:00 PM,OLD COLUMBIA PIKE,NA,SINGLE VEHICLE,Clear,DRY,Medium,NO CONTROLS,DRUG AND ALCOHOL CONTRIBUTED,Yes,Suspected Serious Injury,N/A,NOT DISTRACTED,MD,PASSENGER CAR,MOVING CONSTANT SPEED,35,No,2016,FORD,FUSION,39.12159222,-76.92751477,2023,3,22
230010774,Property Damage Crash,03/04/2023 07:58:00 PM,NEW HAMPSHIRE AVE,NA,SAME DIRECTION LEFT TURN,Clear,N/A,Medium,TRAFFIC SIGNAL,NONE DETECTED,Yes,No Apparent Injury,N/A,UNKNOWN,NA,"CARGO VAN/LIGHT TRUCK 2 AXLES (OVER 10,000LBS (4,536 KG))",MAKING LEFT TURN,35,No,2015,FORD,ECONOLINE,38.98867726,-76.98767732,2023,3,19
230010774,Property Damage Crash,03/04/2023 07:58:00 PM,NEW HAMPSHIRE AVE,NA,SAME DIRECTION LEFT TURN,Clear,N/A,Medium,TRAFFIC SIGNAL,NONE DETECTED,No,No Apparent Injury,N/A,NOT DISTRACTED,MD,PICKUP TRUCK,STARTING FROM LANE,35,No,2005,FORD,F150,38.98867726,-76.98767732,2023,3,19
230010773,Property Damage Crash,03/04/2023 07:45:00 PM,MONTCLAIR DR,NA,OPPOSITE DIRECTION SIDESWIPE,Clear,DRY,Medium,NO CONTROLS,NONE DETECTED,Yes,No Apparent Injury,N/A,NOT DISTRACTED,MD,PASSENGER CAR,MOVING CONSTANT SPEED,15,No,2003,HONDA,ACCORD,39.06322667,-76.988775,2023,3,19
230010766,Property Damage Crash,03/04/2023 05:54:00 PM,ROCKVILLE PIKE,NA,SAME DIRECTION SIDESWIPE,Clear,DRY,Daylight,N/A,NONE DETECTED,Yes,No Apparent Injury,N/A,UNKNOWN,NA,(SPORT) UTILITY VEHICLE,MOVING CONSTANT SPEED,35,No,2011,CADILLAC,XTS,39.07188805,-77.13284603,2023,3,17
230010766,Property Damage Crash,03/04/2023 05:54:00 PM,ROCKVILLE PIKE,NA,SAME DIRECTION SIDESWIPE,Clear,DRY,Daylight,N/A,NONE DETECTED,No,No Apparent Injury,N/A,NOT DISTRACTED,MD,PASSENGER CAR,MOVING CONSTANT SPEED,35,No,2001,TOYT,COROLLA,39.07188805,-77.13284603,2023,3,17
230010750,Injury Crash,03/04/2023 04:59:00 PM,AUGUST DR,NA,OTHER,Clear,DRY,Daylight,NO CONTROLS,NONE DETECTED,Yes,Possible Minor Injury,N/A,UNKNOWN,MD,(SPORT) UTILITY VEHICLE,MOVING CONSTANT SPEED,25,No,2012,HONDA,CRV,39.0214346,-77.04349755,2023,3,16
230010735,Injury Crash,03/04/2023 04:22:00 PM,HUNGERFORD DR,NA,STRAIGHT MOVEMENT ANGLE,Clear,DRY,Daylight,TRAFFIC SIGNAL,NONE DETECTED,Yes,Possible Minor Injury,N/A,NOT DISTRACTED,XX,PASSENGER CAR,MAKING LEFT TURN,35,No,2016,HONDA,CIVIC,39.08921,-77.15154,2023,3,16
230010735,Injury Crash,03/04/2023 04:22:00 PM,HUNGERFORD DR,NA,STRAIGHT MOVEMENT ANGLE,Clear,DRY,Daylight,TRAFFIC SIGNAL,NONE DETECTED,No,Possible Minor Injury,N/A,NOT DISTRACTED,MD,PASSENGER CAR,MOVING CONSTANT SPEED,35,No,2003,FORD,MUSTANG,39.08921,-77.15154,2023,3,16