Local Case Number,ACRS Report Type,Crash Date/Time,Road Name,Related Non-Motorist,Collision Type,Weather,Surface Condition,Light,Traffic Control,Driver Substance Abuse,Driver At Fault,Injury Severity,Circumstance,Driver Distracted By,Drivers License State,Vehicle Body Type,Vehicle Movement,Speed Limit,Driverless Vehicle,Vehicle Year,Vehicle Make,Vehicle Model,Latitude,Longitude,Year,Month,Hour
230010764,Property Damage Crash,03/04/2023 03:00:00 PM,NEW HAMPSHIRE AVE,PEDESTRIAN,OTHER,Clear,DRY,Daylight,TRAFFIC SIGNAL,NONE DETECTED,No,No Apparent Injury,N/A,NOT DISTRACTED,MD,PASSENGER CAR,MOVING CONSTANT SPEED,35,No,2016,HONDA,ACCORD,38.97536398,-76.99407758,2023,3,15
230010724,Property Damage Crash,03/04/2023 02:35:00 PM,RANDOLPH RD,NA,SAME DIR REAR END,Clear,DRY,Daylight,TRAFFIC SIGNAL,NONE DETECTED,No,No Apparent Injury,N/A,NOT DISTRACTED,MD,PICKUP TRUCK,MOVING CONSTANT SPEED,35,No,2014,FORD,F150,39.05807867,-77.0499615,2023,3,14
230010724,Property Damage Crash,03/04/2023 02:35:00 PM,RANDOLPH RD,NA,SAME DIR REAR END,Clear,DRY,Daylight,TRAFFIC SIGNAL,NONE DETECTED,No,No Apparent Injury,N/A,NOT DISTRACTED,MD,PASSENGER CAR,MOVING CONSTANT SPEED,35,No,2017,TOYOTA,COROLLA,39.05807867,-77.0499615,2023,3,14
230010724,Property Damage Crash,03/04/2023 02:35:00 PM,RANDOLPH RD,NA,SAME DIR REAR END,Clear,DRY,Daylight,TRAFFIC SIGNAL,NONE DETECTED,Yes,No Apparent Injury,N/A,NOT DISTRACTED,MD,PASSENGER CAR,SLOWING OR STOPPING,35,No,2010,TOYOTA,RAV4,39.05807867,-77.0499615,2023,3,14
230010720,Property Damage Crash,03/04/2023 02:22:00 PM,MUDDY BRANCH RD,NA,SAME DIR REAR END,Clear,DRY,Daylight,N/A,NONE DETECTED,Yes,No Apparent Injury,N/A,NOT DISTRACTED,MD,(SPORT) UTILITY VEHICLE,MOVING CONSTANT SPEED,35,No,2005,TOYT,UT SEQOUIA,39.13696,-77.20562833,2023,3,14
230010720,Property Damage Crash,03/04/2023 02:22:00 PM,MUDDY BRANCH RD,NA,SAME DIR REAR END,Clear,DRY,Daylight,N/A,NONE DETECTED,No,No Apparent Injury,N/A,NOT DISTRACTED,MD,(SPORT) UTILITY VEHICLE,STOPPED IN TRAFFIC LANE,35,No,2021,HOND,UT PILOT,39.13696,-77.20562833,2023,3,14
230010708,Property Damage Crash,03/04/2023 12:30:00 PM,NEWCUT RD,NA,SAME DIRECTION SIDESWIPE,Clear,DRY,Daylight,NO CONTROLS,NONE DETECTED,No,No Apparent Injury,N/A,NOT DISTRACTED,MD,VAN,MOVING CONSTANT SPEED,25,No,2018,RAM,PROMASTER,39.23003717,-77.2483075,2023,3,12
230010708,Property Damage Crash,03/04/2023 12:30:00 PM,NEWCUT RD,NA,SAME DIRECTION SIDESWIPE,Clear,DRY,Daylight,NO CONTROLS,NONE DETECTED,Yes,No Apparent Injury,N/A,LOOKED BUT DID NOT SEE,MD,VAN,ENTERING TRAFFIC LANE,25,No,2016,TOYOTA,SIENNA,39.23003717,-77.2483075,2023,3,12
230010710,Injury Crash,03/04/2023 12:17:00 PM,WILSON LA,NA,HEAD ON LEFT TURN,Clear,DRY,Daylight,TRAFFIC SIGNAL,NONE DETECTED,Yes,No Apparent Injury,N/A,LOOKED BUT DID NOT SEE,MD,PASSENGER CAR,MAKING LEFT TURN,30,No,2016,MERCEDES BENZ,E350,38.98597583,-77.11533733,2023,3,12
230010710,Injury Crash,03/04/2023 12:17:00 PM,WILSON LA,NA,HEAD ON LEFT TURN,Clear,DRY,Daylight,TRAFFIC SIGNAL,NONE DETECTED,No,Possible Minor Injury,N/A,NOT DISTRACTED,MD,PASSENGER CAR,MOVING CONSTANT SPEED,30,No,2005,TOYOTA,COROLLA,38.98597583,-77.11533733,2023,3,12
230011016,Property Damage Crash,03/04/2023 11:12:00 AM,NA,NA,OTHER,Clear,NA,Daylight,N/A,NONE DETECTED,Yes,No Apparent Injury,N/A,UNKNOWN,XX,PASSENGER CAR,PARKING,15,No,2013,HONDA,CIVIC,39.18541317,-77.261209,2023,3,11
230010691,Injury Crash,03/04/2023 10:35:00 AM,CONNECTICUT AVE,NA,SAME DIR REAR END,Clear,DRY,Daylight,NO CONTROLS,NONE DETECTED,No,Possible Minor Injury,N/A,NOT DISTRACTED,MD,PASSENGER CAR,SLOWING OR STOPPING,35,No,2005,TOYTA,CAMRY,39.06881167,-77.07529833,2023,3,10
230010691,Injury Crash,03/04/2023 10:35:00 AM,CONNECTICUT AVE,NA,SAME DIR REAR END,Clear,DRY,Daylight,NO CONTROLS,NONE DETECTED,Yes,No Apparent Injury,N/A,NOT DISTRACTED,VA,PASSENGER CAR,MOVING CONSTANT SPEED,35,No,2013,VOLKSWAGEN,GOLF TSI,39.06881167,-77.07529833,2023,3,10
230010690,Injury Crash,03/04/2023 09:52:00 AM,HUNGERFORD DR,NA,STRAIGHT MOVEMENT ANGLE,Clear,DRY,Daylight,TRAFFIC SIGNAL,NONE DETECTED,Yes,Possible Minor Injury,N/A,NOT DISTRACTED,MD,PASSENGER CAR,MOVING CONSTANT SPEED,40,No,2007,TOYT,4S,39.10338087,-77.155979,2023,3,9
230010690,Injury Crash,03/04/2023 09:52:00 AM,HUNGERFORD DR,NA,STRAIGHT MOVEMENT ANGLE,Clear,DRY,Daylight,TRAFFIC SIGNAL,NONE DETECTED,No,No Apparent Injury,N/A,NOT DISTRACTED,MD,PASSENGER CAR,MOVING CONSTANT SPEED,40,No,2013,TOYT,SW,39.10338087,-77.155979,2023,3,9
230010682,Property Damage Crash,03/04/2023 09:14:00 AM,GEORGIA AVE,NA,SAME DIR REAR END,Clear,DRY,Daylight,TRAFFIC SIGNAL,ALCOHOL PRESENT,Yes,No Apparent Injury,N/A,OTHER DISTRACTION,MD,PASSENGER CAR,MOVING CONSTANT SPEED,35,No,2014,NISSAN,ALTIMA,39.07219272,-77.06425844,2023,3,9
230010682,Property Damage Crash,03/04/2023 09:14:00 AM,GEORGIA AVE,NA,SAME DIR REAR END,Clear,DRY,Daylight,TRAFFIC SIGNAL,NONE DETECTED,No,No Apparent Injury,N/A,NOT DISTRACTED,TX,PASSENGER CAR,MOVING CONSTANT SPEED,35,No,2021,NISSAN,SENTRA,39.07219272,-77.06425844,2023,3,9
230010678,Property Damage Crash,03/04/2023 08:27:00 AM,QUAIL VALLEY BLVD,NA,SAME DIRECTION SIDESWIPE,Clear,DRY,Daylight,NO CONTROLS,NONE DETECTED,Yes,No Apparent Injury,N/A,NOT DISTRACTED,MD,TRANSIT BUS,SLOWING OR STOPPING,25,No,2017,GILG,BU,39.16379667,-77.19032833,2023,3,8
230010668,Property Damage Crash,03/04/2023 05:22:00 AM,CAPITAL BELTWAY,NA,SAME DIRECTION SIDESWIPE,Clear,DRY,Medium,N/A,NONE DETECTED,Yes,No Apparent Injury,N/A,LOOKED BUT DID NOT SEE,MD,PASSENGER CAR,CHANGING LANES,55,No,2002,TOYOTA,COROLLA,39.01160833,-77.064105,2023,3,5
230010668,Property Damage Crash,03/04/2023 05:22:00 AM,CAPITAL BELTWAY,NA,SAME DIRECTION SIDESWIPE,Clear,DRY,Medium,N/A,NONE DETECTED,No,No Apparent Injury,N/A,NOT DISTRACTED,MD,PASSENGER CAR,MOVING CONSTANT SPEED,55,No,2013,HONDA,FIT,39.01160833,-77.064105,2023,3,5
230010667,Property Damage Crash,03/04/2023 05:15:00 AM,BRINK RD,NA,SINGLE VEHICLE,Clear,WET,Dark,NO CONTROLS,NONE DETECTED,Yes,No Apparent Injury,"N/A, WET",UNKNOWN,NA,PICKUP TRUCK,MOVING CONSTANT SPEED,40,No,2003,DODGE,1500,39.20052614,-77.19416402,2023,3,5
230010666,Property Damage Crash,03/04/2023 05:00:00 AM,GEORGIA AVE,NA,SAME DIR REAR END,Clear,WET,Medium,TRAFFIC SIGNAL,NONE DETECTED,Yes,No Apparent Injury,"RAIN, SNOW, WET",UNKNOWN,NA,PASSENGER CAR,SLOWING OR STOPPING,35,No,2013,HYUNDAI,SONATA,38.99291286,-77.02656289,2023,3,5
230010666,Property Damage Crash,03/04/2023 05:00:00 AM,GEORGIA AVE,NA,SAME DIR REAR END,Clear,WET,Medium,TRAFFIC SIGNAL,NONE DETECTED,No,No Apparent Injury,"RAIN, SNOW, WET",NOT DISTRACTED,MD,PASSENGER CAR,STOPPED IN TRAFFIC LANE,35,No,2015,AUDI,A4,38.99291286,-77.02656289,2023,3,5
230010665,Property Damage Crash,03/04/2023 04:49:00 AM,MUNCASTER MILL RD,NA,SINGLE VEHICLE,Clear,WET,Medium,N/A,NONE DETECTED,Yes,No Apparent Injury,"N/A, WET",UNKNOWN,NA,PASSENGER CAR,MOVING CONSTANT SPEED,35,No,2013,NISSAN,ALTIMA,39.15367833,-77.15371333,2023,3,4
230010664,Fatal Crash,03/04/2023 04:07:00 AM,MONTROSE RD,NA,SINGLE VEHICLE,Cloudy,WET,Medium,NO CONTROLS,DRUG AND ALCOHOL CONTRIBUTED,Yes,Possible Minor Injury,"N/A, WET",UNKNOWN,MD,PASSENGER CAR,MOVING CONSTANT SPEED,40,No,2012,INFINITI,G37,39.05424372,-77.14336696,2023,3,4
230010661,Property Damage Crash,03/04/2023 02:52:00 AM,RAMP 1 FR IS 270 NB TO MD 118 WB,NA,SINGLE VEHICLE,Cloudy,WET,Medium,NO CONTROLS,DRUG AND ALCOHOL CONTRIBUTED,Yes,No Apparent Injury,"N/A, WET",NOT DISTRACTED,MD,PASSENGER CAR,MOVING CONSTANT SPEED,55,No,2009,MERCEDES-BENZ,ML350,39.18542514,-77.2553974,2023,3,2
230010738,Injury Crash,03/03/2023 11:45:00 PM,NA,PEDESTRIAN,OTHER,Cloudy,NA,Medium,N/A,NONE DETECTED,Yes,No Apparent Injury,N/A,LOOKED BUT DID NOT SEE,NA,PASSENGER CAR,MOVING CONSTANT SPEED,15,No,2015,AUDI,4D,39.09186046,-77.04556559,2023,3,23
230010637,Property Damage Crash,03/03/2023 10:33:00 PM,RANDOLPH RD,NA,SAME DIRECTION RIGHT TURN,Rain,WET,Medium,TRAFFIC SIGNAL,NONE DETECTED,Yes,No Apparent Injury,"N/A, RAIN, SNOW",NOT DISTRACTED,MD,(SPORT) UTILITY VEHICLE,MAKING RIGHT TURN,35,No,2013,NISSAN,ROGUE,39.05805883,-77.04845817,2023,3,22
230010637,Property Damage Crash,03/03/2023 10:33:00 PM,RANDOLPH RD,NA,SAME DIRECTION RIGHT TURN,Rain,WET,Medium,TRAFFIC SIGNAL,NONE DETECTED,No,No Apparent Injury,"N/A, RAIN, SNOW",NOT DISTRACTED,MD,(SPORT) UTILITY VEHICLE,MOVING CONSTANT SPEED,35,No,2015,TOYOTA,HIGHLANDER,39.05805883,-77.04845817,2023,3,22
230010635,Property Damage Crash,03/03/2023 10:10:00 PM,W DEER PARK RD,NA,HEAD ON LEFT TURN,Rain,WET,Medium,STOP SIGN,NONE DETECTED,No,No Apparent Injury,"SLEET, HAIL, FREEZ. RAIN, WET",NOT DISTRACTED,MD,PASSENGER CAR,MAKING LEFT TURN,25,No,2020,NISS,SD,39.12904267,-77.19232433,2023,3,22
230010635,Property Damage Crash,03/03/2023 10:10:00 PM,W DEER PARK RD,NA,HEAD ON LEFT TURN,Rain,WET,Medium,STOP SIGN,NONE DETECTED,Yes,No Apparent Injury,"SLEET, HAIL, FREEZ. RAIN, WET",NOT DISTRACTED,NA,NA,MOVING CONSTANT SPEED,25,No,0,UNKNOWN,UNKNOWN,39.12904267,-77.19232433,2023,3,22
230014372,Property Damage Crash,03/03/2023 09:16:00 PM,UNIVERSITY BLVD E,NA,SINGLE VEHICLE,Clear,WET,Medium,N/A,NONE DETECTED,Yes,No Apparent Injury,"RAIN, SNOW, RUTS, HOLES, BUMPS",NOT DISTRACTED,MD,POLICE VEHICLE/EMERGENCY,MOVING CONSTANT SPEED,35,No,2016,FORD,INTERCEPTOR,38.99956067,-76.99536888,2023,3,21
230010625,Property Damage Crash,03/03/2023 08:35:00 PM,COLUMBIA PIKE,NA,SINGLE VEHICLE,Rain,WET,Dark,NO CONTROLS,NONE DETECTED,Yes,No Apparent Injury,"RAIN, SNOW, WET",UNKNOWN,MD,(SPORT) UTILITY VEHICLE,MOVING CONSTANT SPEED,50,No,2016,JEEP,CHEROKEE,39.106708,-76.93169583,2023,3,20
230010626,Property Damage Crash,03/03/2023 08:31:00 PM,DENNIS AVE,NA,OTHER,Rain,WET,Medium,OTHER,NONE DETECTED,No,No Apparent Injury,"N/A, WET",NOT DISTRACTED,MD,(SPORT) UTILITY VEHICLE,MOVING CONSTANT SPEED,10,No,2021,FORD,EXPLORER,39.02595167,-77.04094,2023,3,20
230010626,Property Damage Crash,03/03/2023 08:31:00 PM,DENNIS AVE,NA,OTHER,Rain,WET,Medium,OTHER,NONE DETECTED,Yes,No Apparent Injury,"N/A, WET",LOOKED BUT DID NOT SEE,MD,PASSENGER CAR,BACKING,10,No,2015,TOYOTA,AVALON,39.02595167,-77.04094,2023,3,20
230010623,Injury Crash,03/03/2023 08:25:00 PM,WISCONSIN AVE,PEDESTRIAN,OTHER,Rain,WET,Medium,OTHER,ALCOHOL PRESENT,Yes,No Apparent Injury,"RAIN, SNOW, WET",UNKNOWN,MD,(SPORT) UTILITY VEHICLE,MAKING LEFT TURN,25,No,2020,JEEP,CHEROKEE,38.977025,-77.09094833,2023,3,20
230010620,Property Damage Crash,03/03/2023 08:07:00 PM,CARROLL AVE,NA,OTHER,Rain,WET,Medium,TRAFFIC SIGNAL,NONE DETECTED,No,No Apparent Injury,"RAIN, SNOW, WET",NOT DISTRACTED,MD,PASSENGER CAR,STOPPED IN TRAFFIC LANE,30,No,2007,TOYT,SD,38.99465333,-76.99266,2023,3,20
230010620,Property Damage Crash,03/03/2023 08:07:00 PM,CARROLL AVE,NA,OTHER,Rain,WET,Medium,TRAFFIC SIGNAL,ALCOHOL PRESENT,Yes,No Apparent Injury,"RAIN, SNOW, WET",UNKNOWN,MD,PASSENGER CAR,OTHER,30,No,2018,NISSAN,ROGUE,38.99465333,-76.99266,2023,3,20
230010619,Injury Crash,03/03/2023 07:55:00 PM,LAYHILL RD,NA,SINGLE VEHICLE,Rain,WET,Dark,NO CONTROLS,NONE DETECTED,Yes,Possible Minor Injury,"ANIMAL, SLEET, HAIL, FREEZ. RAIN, WET",LOOKED BUT DID NOT SEE,MD,PASSENGER CAR,SLOWING OR STOPPING,40,No,2019,NISS,SD,39.07096145,-77.01242454,2023,3,19
230014350,Injury Crash,03/03/2023 07:30:00 PM,RANDOLPH RD,PEDESTRIAN,OTHER,Rain,WET,Dark,TRAFFIC SIGNAL,NONE DETECTED,Yes,No Apparent Injury,"RAIN, SNOW, WET",LOOKED BUT DID NOT SEE,MD,PASSENGER CAR,SLOWING OR STOPPING,35,No,2020,HYUNDAI,ACCENT,39.0582115,-77.05016422,2023,3,19
230010611,Injury Crash,03/03/2023 06:38:00 PM,E RANDOLPH RD,NA,STRAIGHT MOVEMENT ANGLE,Rain,WET,Dark,NO CONTROLS,NONE DETECTED,Unknown,No Apparent Injury,"SLEET, HAIL, FREEZ. RAIN, WET",UNKNOWN,MD,PASSENGER CAR,MOVING CONSTANT SPEED,35,No,2018,TOYT,SD,39.06563167,-76.97371333,2023,3,18
230010611,Injury Crash,03/03/2023 06:38:00 PM,E RANDOLPH RD,NA,STRAIGHT MOVEMENT ANGLE,Rain,WET,Dark,NO CONTROLS,NONE DETECTED,Unknown,Possible Minor Injury,"SLEET, HAIL, FREEZ. RAIN, WET",UNKNOWN,MD,PASSENGER CAR,MOVING CONSTANT SPEED,35,No,2020,EXPLORER,FORD,39.06563167,-76.97371333,2023,3,18
230010612,Property Damage Crash,03/03/2023 06:30:00 PM,BOILING BROOK PKWY,NA,SAME DIR REAR END,Rain,WET,Dark,STOP SIGN,NONE DETECTED,No,No Apparent Injury,"N/A, WET",NOT DISTRACTED,MD,PASSENGER CAR,MOVING CONSTANT SPEED,25,No,2014,TOYOTA,4S,38.99176967,-77.098125,2023,3,18
230010609,Injury Crash,03/03/2023 06:30:00 PM,ELLINGTON BLVD.,PEDESTRIAN,SINGLE VEHICLE,Rain,WET,Medium,STOP SIGN,NONE DETECTED,Yes,No Apparent Injury,"RAIN, SNOW, WET",UNKNOWN,MD,OTHER,ACCELERATING,25,No,2012,NISS,SEDAN,39.11439167,-77.20553,2023,3,18
230010608,Injury Crash,03/03/2023 06:26:00 PM,LIVINGSTON ST,PEDESTRIAN,SINGLE VEHICLE,Rain,WET,Medium,TRAFFIC SIGNAL,NONE DETECTED,Yes,No Apparent Injury,"N/A, WET",UNKNOWN,MD,PASSENGER CAR,MAKING LEFT TURN,35,No,2013,FORD,ESCAPE,39.05828415,-77.05535679,2023,3,18
230010606,Property Damage Crash,03/03/2023 05:50:00 PM,NA,NA,SAME DIR REAR END,Rain,NA,Medium,N/A,NONE DETECTED,No,No Apparent Injury,"N/A, WET",NOT DISTRACTED,MD,PASSENGER CAR,STOPPED IN TRAFFIC LANE,10,No,2010,HOND,SD,38.98825429,-76.98818902,2023,3,17
230010606,Property Damage Crash,03/03/2023 05:50:00 PM,NA,NA,SAME DIR REAR END,Rain,NA,Medium,N/A,NONE DETECTED,Yes,No Apparent Injury,"N/A, WET",NOT DISTRACTED,NA,PICKUP TRUCK,MOVING CONSTANT SPEED,10,No,2015,GMC,TK,38.98825429,-76.98818902,2023,3,17
230010601,Property Damage Crash,03/03/2023 05:43:00 PM,BROADBIRCH DR,NA,HEAD ON LEFT TURN,Rain,WET,Medium,TRAFFIC SIGNAL,NONE DETECTED,No,No Apparent Injury,"N/A, WET",NOT DISTRACTED,MD,PASSENGER CAR,ACCELERATING,25,No,2014,HONDA,ACCORD,39.05619633,-76.95437683,2023,3,17
230010601,Property Damage Crash,03/03/2023 05:43:00 PM,BROADBIRCH DR,NA,HEAD ON LEFT TURN,Rain,WET,Medium,TRAFFIC SIGNAL,NONE DETECTED,Yes,No Apparent Injury,"N/A, WET",LOOKED BUT DID NOT SEE,VA,PASSENGER CAR,MAKING LEFT TURN,25,No,2017,DODGE,1500,39.05619633,-76.95437683,2023,3,17
230010598,Property Damage Crash,03/03/2023 05:00:00 PM,WATKINS MILL RD,NA,SAME DIR REAR END,Rain,WET,Daylight,NO CONTROLS,NONE DETECTED,No,No Apparent Injury,"RAIN, SNOW, WET",NOT DISTRACTED,NA,PASSENGER CAR,STOPPED IN TRAFFIC LANE,35,No,2008,TOYOTA,COROLLA,39.18015058,-77.2099544,2023,3,17
230010598,Property Damage Crash,03/03/2023 05:00:00 PM,WATKINS MILL RD,NA,SAME DIR REAR END,Rain,WET,Daylight,NO CONTROLS,NONE DETECTED,Yes,No Apparent Injury,"RAIN, SNOW, WET",NOT DISTRACTED,MD,PASSENGER CAR,SKIDDING,35,No,2009,HONDAT,FIT,39.18015058,-77.2099544,2023,3,17
230010590,Property Damage Crash,03/03/2023 04:51:00 PM,BATCHELLORS FOREST RD,NA,SINGLE VEHICLE,Rain,WET,Daylight,NO CONTROLS,NONE DETECTED,Yes,No Apparent Injury,"RAIN, SNOW, WET",NOT DISTRACTED,MD,PASSENGER CAR,MOVING CONSTANT SPEED,25,No,2009,CHEVROLET,COBALT,39.1382073,-77.043893980000007,2023,3,16
230010593,Property Damage Crash,03/03/2023 04:35:00 PM,BREGMAN RD,NA,STRAIGHT MOVEMENT ANGLE,Rain,WET,Daylight,STOP SIGN,NONE DETECTED,No,No Apparent Injury,"RAIN, SNOW, WET",NOT DISTRACTED,MD,PASSENGER CAR,MOVING CONSTANT SPEED,40,No,2005,FORD,CROWN VIC,39.07480223,-77.00507793,2023,3,16
230010593,Property Damage Crash,03/03/2023 04:35:00 PM,BREGMAN RD,NA,STRAIGHT MOVEMENT ANGLE,Rain,WET,Daylight,STOP SIGN,NONE DETECTED,Yes,No Apparent Injury,"RAIN, SNOW, WET",LOOKED BUT DID NOT SEE,MD,PASSENGER CAR,MAKING LEFT TURN,30,No,2010,HYUNDAI,SONATA,39.07480223,-77.00507793,2023,3,16
230010585,Injury Crash,03/03/2023 04:20:00 PM,OLNEY SANDY SPRING RD,NA,STRAIGHT MOVEMENT ANGLE,Rain,WET,Daylight,TRAFFIC SIGNAL,NONE DETECTED,Yes,Possible Minor Injury,"SLEET, HAIL, FREEZ. RAIN, WET",UNKNOWN,MD,PASSENGER CAR,MAKING LEFT TURN,30,No,2005,LEXUS,4S,39.152963,-77.06685683,2023,3,16
230010585,Injury Crash,03/03/2023 04:20:00 PM,OLNEY SANDY SPRING RD,NA,STRAIGHT MOVEMENT ANGLE,Rain,WET,Daylight,TRAFFIC SIGNAL,NONE DETECTED,No,No Apparent Injury,"SLEET, HAIL, FREEZ. RAIN, WET",NOT DISTRACTED,MD,PASSENGER CAR,MOVING CONSTANT SPEED,30,No,2004,TOYT,VN,39.152963,-77.06685683,2023,3,16
230010578,Injury Crash,03/03/2023 03:45:00 PM,COLUMBIA PIKE,NA,STRAIGHT MOVEMENT ANGLE,Rain,WET,Daylight,TRAFFIC SIGNAL,NONE DETECTED,No,Possible Minor Injury,"N/A, WET",NOT DISTRACTED,NY,PASSENGER CAR,ACCELERATING,50,No,2021,ACURA,RDX,39.07330817,-76.95548833,2023,3,15
230010577,Property Damage Crash,03/03/2023 03:45:00 PM,ELM ST,NA,SINGLE VEHICLE,Rain,WET,Daylight,N/A,NONE DETECTED,Yes,No Apparent Injury,"N/A, RAIN, SNOW",LOOKED BUT DID NOT SEE,MD,"CARGO VAN/LIGHT TRUCK 2 AXLES (OVER 10,000LBS (4,536 KG))",PARKING,25,No,2020,FORD,FLEET,38.98363841,-77.0873071,2023,3,15
230010578,Injury Crash,03/03/2023 03:45:00 PM,COLUMBIA PIKE,NA,STRAIGHT MOVEMENT ANGLE,Rain,WET,Daylight,TRAFFIC SIGNAL,NONE DETECTED,Yes,Possible Minor Injury,"N/A, WET",OTHER ELECTRONIC DEVICE (NAVIGATIONAL PALM PILOT),MD,PASSENGER CAR,MOVING CONSTANT SPEED,50,No,2018,FORD,EXPLOER,39.07330817,-76.95548833,2023,3,15
230010578,Injury Crash,03/03/2023 03:45:00 PM,COLUMBIA PIKE,NA,STRAIGHT MOVEMENT ANGLE,Rain,WET,Daylight,TRAFFIC SIGNAL,NONE DETECTED,No,No Apparent Injury,"N/A, WET",NOT DISTRACTED,MD,PASSENGER CAR,MAKING RIGHT TURN,50,No,2020,FORD,CV,39.07330817,-76.95548833,2023,3,15
230010572,Property Damage Crash,03/03/2023 03:23:00 PM,CRYSTAL ROCK DR,NA,STRAIGHT MOVEMENT ANGLE,Rain,WET,Daylight,STOP SIGN,NONE DETECTED,Yes,No Apparent Injury,"N/A, WET",NOT DISTRACTED,MD,PASSENGER CAR,ACCELERATING,40,No,2001,TOYOTA,SOLARA,39.18994787,-77.26671663,2023,3,15
230010572,Property Damage Crash,03/03/2023 03:23:00 PM,CRYSTAL ROCK DR,NA,STRAIGHT MOVEMENT ANGLE,Rain,WET,Daylight,STOP SIGN,NONE DETECTED,No,No Apparent Injury,"N/A, WET",NOT DISTRACTED,MD,POLICE VEHICLE/NON EMERGENCY,MOVING CONSTANT SPEED,40,No,2014,DODGE,CHARGER,39.18994787,-77.26671663,2023,3,15
230010570,Property Damage Crash,03/03/2023 03:15:00 PM,DEMOCRACY BLVD,NA,SAME DIR REAR END,Rain,WET,Daylight,TRAFFIC SIGNAL,NONE DETECTED,No,No Apparent Injury,"RAIN, SNOW, WET",NOT DISTRACTED,MD,(SPORT) UTILITY VEHICLE,STOPPED IN TRAFFIC LANE,45,No,2013,MERCEDES,G63,39.02313333,-77.16145,2023,3,15
230010570,Property Damage Crash,03/03/2023 03:15:00 PM,DEMOCRACY BLVD,NA,SAME DIR REAR END,Rain,WET,Daylight,TRAFFIC SIGNAL,NONE DETECTED,Yes,No Apparent Injury,"RAIN, SNOW, WET",UNKNOWN,MD,PASSENGER CAR,SLOWING OR STOPPING,45,No,2016,TOYOTA,CAMRY,39.02313333,-77.16145,2023,3,15
230010567,Property Damage Crash,03/03/2023 03:15:00 PM,16TH ST,NA,SAME DIRECTION SIDESWIPE,Rain,WET,Daylight,TRAFFIC SIGNAL,NONE DETECTED,No,No Apparent Injury,"RAIN, SNOW, WET",NOT DISTRACTED,DC,PASSENGER CAR,MOVING CONSTANT SPEED,35,No,2017,JEEP,UT,38.99248283,-77.0364815,2023,3,15
230010567,Property Damage Crash,03/03/2023 03:15:00 PM,16TH ST,NA,SAME DIRECTION SIDESWIPE,Rain,WET,Daylight,TRAFFIC SIGNAL,NONE DETECTED,Yes,No Apparent Injury,"RAIN, SNOW, WET",NOT DISTRACTED,MD,PASSENGER CAR,ACCELERATING,35,No,2013,FORD,FOCUS,38.99248283,-77.0364815,2023,3,15
230010570,Property Damage Crash,03/03/2023 03:15:00 PM,DEMOCRACY BLVD,NA,SAME DIR REAR END,Rain,WET,Daylight,TRAFFIC SIGNAL,NONE DETECTED,No,No Apparent Injury,"RAIN, SNOW, WET",NOT DISTRACTED,MD,(SPORT) UTILITY VEHICLE,STOPPED IN TRAFFIC LANE,45,No,2012,BMW,X3,39.02313333,-77.16145,2023,3,15
230010561,Injury Crash,03/03/2023 02:55:00 PM,ODENDHAL AVE,NA,STRAIGHT MOVEMENT ANGLE,Rain,WET,Daylight,TRAFFIC SIGNAL,NONE DETECTED,Yes,Possible Minor Injury,"RAIN, SNOW, WET",LOOKED BUT DID NOT SEE,MD,PASSENGER CAR,MAKING LEFT TURN,30,No,2014,HONDA,ACCORD,39.15211365,-77.19834985,2023,3,14
230010561,Injury Crash,03/03/2023 02:55:00 PM,ODENDHAL AVE,NA,STRAIGHT MOVEMENT ANGLE,Rain,WET,Daylight,TRAFFIC SIGNAL,NONE DETECTED,No,No Apparent Injury,"RAIN, SNOW, WET",NOT DISTRACTED,MD,PASSENGER CAR,MOVING CONSTANT SPEED,30,No,2017,MAZD,4H,39.15211365,-77.19834985,2023,3,14
230010565,Property Damage Crash,03/03/2023 02:38:00 PM,BRIGGS CHANEY RD,NA,SAME DIR REAR END,Rain,WET,Daylight,NO CONTROLS,NONE DETECTED,Yes,No Apparent Injury,"N/A, WET",UNKNOWN,MD,PASSENGER CAR,MOVING CONSTANT SPEED,40,No,2002,LEXUS,GS300,39.0801,-76.94616,2023,3,14
230010565,Property Damage Crash,03/03/2023 02:38:00 PM,BRIGGS CHANEY RD,NA,SAME DIR REAR END,Rain,WET,Daylight,NO CONTROLS,NONE DETECTED,No,No Apparent Injury,"N/A, WET",NOT DISTRACTED,MD,PASSENGER CAR,SLOWING OR STOPPING,40,No,2020,ACURA,UT,39.0801,-76.94616,2023,3,14
230010556,Injury Crash,03/03/2023 02:30:00 PM,MUDDY BRANCH RD,NA,SAME DIR REAR END,Rain,WET,Daylight,TRAFFIC SIGNAL,NONE DETECTED,No,Possible Minor Injury,"N/A, WET",NOT DISTRACTED,MD,PASSENGER CAR,STOPPED IN TRAFFIC LANE,45,No,2003,MERZ,4S,39.11104833,-77.21713567,2023,3,14
230010556,Injury Crash,03/03/2023 02:30:00 PM,MUDDY BRANCH RD,NA,SAME DIR REAR END,Rain,WET,Daylight,TRAFFIC SIGNAL,NONE DETECTED,Yes,No Apparent Injury,"N/A, WET",LOOKED BUT DID NOT SEE,MD,PASSENGER CAR,SLOWING OR STOPPING,45,No,2013,ACUR,4S,39.11104833,-77.21713567,2023,3,14
230010550,Property Damage Crash,03/03/2023 02:00:00 PM,RIVER RD,NA,STRAIGHT MOVEMENT ANGLE,Rain,WET,Daylight,TRAFFIC SIGNAL,NONE DETECTED,No,No Apparent Injury,"RAIN, SNOW, WET",NOT DISTRACTED,MD,PASSENGER CAR,MOVING CONSTANT SPEED,40,No,2007,KIA,AMANTI,38.96575083,-77.10516233,2023,3,14
230010550,Property Damage Crash,03/03/2023 02:00:00 PM,RIVER RD,NA,STRAIGHT MOVEMENT ANGLE,Rain,WET,Daylight,TRAFFIC SIGNAL,NONE DETECTED,Yes,No Apparent Injury,"RAIN, SNOW, WET",NOT DISTRACTED,MD,"MEDIUM/HEAVY TRUCKS 3 AXLES (OVER 10,000LBS (4,536KG))",BACKING,40,No,2021,PTR,TK,38.96575083,-77.10516233,2023,3,14
230010542,Property Damage Crash,03/03/2023 01:21:00 PM,W DIAMOND AVE,NA,STRAIGHT MOVEMENT ANGLE,Snow,WET,Daylight,STOP SIGN,NONE DETECTED,No,No Apparent Injury,"RAIN, SNOW, WET",NOT DISTRACTED,MD,PASSENGER CAR,MOVING CONSTANT SPEED,35,No,2003,TOYT,4 RUNNER,39.14065317,-77.20187883,2023,3,13
230010542,Property Damage Crash,03/03/2023 01:21:00 PM,W DIAMOND AVE,NA,STRAIGHT MOVEMENT ANGLE,Snow,WET,Daylight,STOP SIGN,NONE DETECTED,Yes,No Apparent Injury,"RAIN, SNOW, WET",LOOKED BUT DID NOT SEE,MD,PASSENGER CAR,MAKING LEFT TURN,35,No,2016,HOND,ACCORD,39.14065317,-77.20187883,2023,3,13
230010547,Property Damage Crash,03/03/2023 12:55:00 PM,NORBECK RD,NA,SAME DIR REAR END,Rain,WET,Daylight,NO CONTROLS,NONE DETECTED,No,No Apparent Injury,"RAIN, SNOW, WET",NOT DISTRACTED,MD,(SPORT) UTILITY VEHICLE,SLOWING OR STOPPING,40,No,2023,TOYOTA,RAV4,39.27156,-77.21551,2023,3,12