Local Case Number,ACRS Report Type,Crash Date/Time,Road Name,Related Non-Motorist,Collision Type,Weather,Surface Condition,Light,Traffic Control,Driver Substance Abuse,Driver At Fault,Injury Severity,Circumstance,Driver Distracted By,Drivers License State,Vehicle Body Type,Vehicle Movement,Speed Limit,Driverless Vehicle,Vehicle Year,Vehicle Make,Vehicle Model,Latitude,Longitude,Year,Month,Hour
230010221,Property Damage Crash,03/01/2023 04:30:00 PM,RANDOLPH RD,NA,SAME DIRECTION RIGHT TURN,Clear,DRY,Daylight,N/A,NONE DETECTED,Yes,No Apparent Injury,N/A,LOOKED BUT DID NOT SEE,MD,PASSENGER CAR,CHANGING LANES,35,No,2013,HYUNDAI,TUCSON,39.05362667,-77.09180667,2023,3,16
230010217,Property Damage Crash,03/01/2023 04:24:00 PM,NA,NA,OTHER,Clear,NA,Daylight,NO CONTROLS,NONE DETECTED,Yes,No Apparent Injury,N/A,UNKNOWN,NA,PASSENGER CAR,UNKNOWN,5,No,2011,HYUNDAI,SONATA,39.09326833,-77.10828333,2023,3,16
230010208,Property Damage Crash,03/01/2023 03:55:00 PM,W EDMONSTON DR,NA,SAME DIRECTION SIDESWIPE,Clear,DRY,Daylight,NO CONTROLS,NONE DETECTED,Yes,No Apparent Injury,N/A,UNKNOWN,MD,SCHOOL BUS,MOVING CONSTANT SPEED,35,No,2017,THOMAS,BUS,39.07391073,-77.13631623,2023,3,15
230010208,Property Damage Crash,03/01/2023 03:55:00 PM,W EDMONSTON DR,NA,SAME DIRECTION SIDESWIPE,Clear,DRY,Daylight,NO CONTROLS,NONE DETECTED,No,No Apparent Injury,N/A,NOT DISTRACTED,MD,PASSENGER CAR,MOVING CONSTANT SPEED,35,No,2018,PORSCHE,MACAN,39.07391073,-77.13631623,2023,3,15
230010207,Injury Crash,03/01/2023 03:47:00 PM,NORBECK RD,NA,SINGLE VEHICLE,Clear,DRY,Daylight,TRAFFIC SIGNAL,NONE DETECTED,Yes,Possible Minor Injury,N/A,OTHER DISTRACTION,MD,PASSENGER CAR,MOVING CONSTANT SPEED,40,No,2014,HYUNDAI,SONATA,39.11254167,-77.06457,2023,3,15
230010203,Property Damage Crash,03/01/2023 03:33:00 PM,CALVERTON BLVD,NA,STRAIGHT MOVEMENT ANGLE,Clear,DRY,Daylight,NO CONTROLS,NONE DETECTED,Yes,No Apparent Injury,N/A,LOOKED BUT DID NOT SEE,MD,PASSENGER CAR,MOVING CONSTANT SPEED,30,No,2015,TOYT,4S,39.04460667,-77.11202333,2023,3,15
230010203,Property Damage Crash,03/01/2023 03:33:00 PM,CALVERTON BLVD,NA,STRAIGHT MOVEMENT ANGLE,Clear,DRY,Daylight,NO CONTROLS,NONE DETECTED,No,No Apparent Injury,N/A,NOT DISTRACTED,MD,PASSENGER CAR,MOVING CONSTANT SPEED,40,No,2021,KIA,SORENTO,39.04460667,-77.11202333,2023,3,15
230010204,Injury Crash,03/01/2023 03:27:00 PM,VEIRS MILL RD,NA,SAME DIR REAR END,Clear,DRY,Daylight,TRAFFIC SIGNAL,NONE DETECTED,No,Possible Minor Injury,N/A,NOT DISTRACTED,MD,PASSENGER CAR,SLOWING OR STOPPING,25,No,2020,SUBARU,FORESTER,39.04450167,-77.06363,2023,3,15
230010204,Injury Crash,03/01/2023 03:27:00 PM,VEIRS MILL RD,NA,SAME DIR REAR END,Clear,DRY,Daylight,TRAFFIC SIGNAL,NONE DETECTED,Yes,No Apparent Injury,N/A,LOOKED BUT DID NOT SEE,MD,PASSENGER CAR,MOVING CONSTANT SPEED,25,No,2005,HONDA,ACCORD,39.04450167,-77.06363,2023,3,15
230010206,Property Damage Crash,03/01/2023 03:22:00 PM,NA,NA,OTHER,Clear,NA,Daylight,N/A,NONE DETECTED,Yes,No Apparent Injury,N/A,UNKNOWN,MD,(SPORT) UTILITY VEHICLE,BACKING,0,No,2010,HUMMER,H3,39.117335,-77.25389167,2023,3,15
230010206,Property Damage Crash,03/01/2023 03:22:00 PM,NA,NA,OTHER,Clear,NA,Daylight,N/A,NONE DETECTED,No,No Apparent Injury,N/A,NOT DISTRACTED,MD,(SPORT) UTILITY VEHICLE,SLOWING OR STOPPING,0,No,2008,HYUN,SANTA FE,39.117335,-77.25389167,2023,3,15
230010205,Property Damage Crash,03/01/2023 03:15:00 PM,NA,NA,SAME DIRECTION SIDESWIPE,Clear,NA,Daylight,NO CONTROLS,NONE DETECTED,Yes,No Apparent Injury,N/A,LOOKED BUT DID NOT SEE,MD,SCHOOL BUS,MOVING CONSTANT SPEED,0,No,2013,THOMAS,BUS,39.07483,-77.18769,2023,3,15
230010205,Property Damage Crash,03/01/2023 03:15:00 PM,NA,NA,SAME DIRECTION SIDESWIPE,Clear,NA,Daylight,NO CONTROLS,NONE DETECTED,No,No Apparent Injury,N/A,NOT DISTRACTED,MD,PASSENGER CAR,SLOWING OR STOPPING,0,No,2023,ACUR,INTEGRA,39.07483,-77.18769,2023,3,15
230010195,Property Damage Crash,03/01/2023 02:24:00 PM,NEW HAMPSHIRE AVE,NA,SAME DIR REAR END,Clear,DRY,Daylight,TRAFFIC SIGNAL,NONE DETECTED,Yes,No Apparent Injury,N/A,LOOKED BUT DID NOT SEE,NY,PASSENGER CAR,ACCELERATING,50,No,2017,TOYOTA,COROLLA,39.0410605,-76.99128333,2023,3,14
230010195,Property Damage Crash,03/01/2023 02:24:00 PM,NEW HAMPSHIRE AVE,NA,SAME DIR REAR END,Clear,DRY,Daylight,TRAFFIC SIGNAL,NONE DETECTED,No,No Apparent Injury,N/A,NOT DISTRACTED,MD,"CARGO VAN/LIGHT TRUCK 2 AXLES (OVER 10,000LBS (4,536 KG))",ACCELERATING,50,No,2019,MACK,GRANITE,39.0410605,-76.99128333,2023,3,14
230010186,Injury Crash,03/01/2023 02:11:00 PM,ROCKVILLE PIKE,NA,SAME DIR REAR END,Clear,DRY,Daylight,NO CONTROLS,NONE DETECTED,Yes,Possible Minor Injury,N/A,NOT DISTRACTED,MD,PASSENGER CAR,MOVING CONSTANT SPEED,35,No,2016,TOYT,4S,39.07360563,-77.13454448,2023,3,14
230010186,Injury Crash,03/01/2023 02:11:00 PM,ROCKVILLE PIKE,NA,SAME DIR REAR END,Clear,DRY,Daylight,NO CONTROLS,NONE DETECTED,No,No Apparent Injury,N/A,NOT DISTRACTED,MD,PASSENGER CAR,MAKING RIGHT TURN,35,No,2017,HONDA,ACCORD,39.07360563,-77.13454448,2023,3,14
230010170,Property Damage Crash,03/01/2023 01:07:00 PM,WOODMONT AVE,NA,SAME DIRECTION SIDESWIPE,Clear,DRY,Daylight,TRAFFIC SIGNAL,NONE DETECTED,No,No Apparent Injury,N/A,NOT DISTRACTED,MD,TRANSIT BUS,ACCELERATING,25,No,2020,GILG,BUS,38.98622533,-77.09691233,2023,3,13
230010170,Property Damage Crash,03/01/2023 01:07:00 PM,WOODMONT AVE,NA,SAME DIRECTION SIDESWIPE,Clear,DRY,Daylight,TRAFFIC SIGNAL,NONE DETECTED,Yes,No Apparent Injury,N/A,LOOKED BUT DID NOT SEE,MD,PASSENGER CAR,ACCELERATING,25,No,2003,TOYOTA,COROLLA,38.98622533,-77.09691233,2023,3,13
230010165,Property Damage Crash,03/01/2023 12:51:00 PM,S FREDERICK RD,NA,SAME DIR REAR END,Clear,DRY,Daylight,TRAFFIC SIGNAL,NONE DETECTED,Yes,No Apparent Injury,N/A,UNKNOWN,MD,PASSENGER CAR,MOVING CONSTANT SPEED,35,No,2009,HONDA,CIVIC,39.13792713,-77.19401804,2023,3,12
230010165,Property Damage Crash,03/01/2023 12:51:00 PM,S FREDERICK RD,NA,SAME DIR REAR END,Clear,DRY,Daylight,TRAFFIC SIGNAL,NONE DETECTED,No,No Apparent Injury,N/A,NOT DISTRACTED,MD,PASSENGER CAR,SLOWING OR STOPPING,35,No,2003,TOYOTA,CAMRY,39.13792713,-77.19401804,2023,3,12
230010161,Property Damage Crash,03/01/2023 12:34:00 PM,OLD GEORGETOWN RD,NA,SAME DIRECTION SIDESWIPE,Clear,DRY,Daylight,TRAFFIC SIGNAL,NONE DETECTED,Yes,No Apparent Injury,N/A,LOOKED BUT DID NOT SEE,DC,PASSENGER CAR,CHANGING LANES,40,No,1992,HONDA,ACCORD,39.03446,-77.12513,2023,3,12
230010161,Property Damage Crash,03/01/2023 12:34:00 PM,OLD GEORGETOWN RD,NA,SAME DIRECTION SIDESWIPE,Clear,DRY,Daylight,TRAFFIC SIGNAL,NONE DETECTED,No,No Apparent Injury,N/A,NOT DISTRACTED,MD,(SPORT) UTILITY VEHICLE,MOVING CONSTANT SPEED,40,No,2017,AUDI,TK,39.03446,-77.12513,2023,3,12
230010151,Property Damage Crash,03/01/2023 11:45:00 AM,WOODFIELD RD,NA,ANGLE MEETS LEFT TURN,Clear,DRY,Daylight,NO CONTROLS,NONE DETECTED,No,No Apparent Injury,N/A,NOT DISTRACTED,MD,(SPORT) UTILITY VEHICLE,STOPPED IN TRAFFIC LANE,35,No,2019,SUBARU,OUTBACK,39.16431167,-77.157375,2023,3,11
230010151,Property Damage Crash,03/01/2023 11:45:00 AM,WOODFIELD RD,NA,ANGLE MEETS LEFT TURN,Clear,DRY,Daylight,NO CONTROLS,NONE DETECTED,No,No Apparent Injury,N/A,NOT DISTRACTED,MD,LIMOUSINE,MOVING CONSTANT SPEED,35,No,2008,NISSAN,ALTIMA,39.16431167,-77.157375,2023,3,11
230010151,Property Damage Crash,03/01/2023 11:45:00 AM,WOODFIELD RD,NA,ANGLE MEETS LEFT TURN,Clear,DRY,Daylight,NO CONTROLS,NONE DETECTED,Yes,No Apparent Injury,N/A,LOOKED BUT DID NOT SEE,MD,PASSENGER CAR,MAKING LEFT TURN,35,No,2007,HONDA,CIVIC,39.16431167,-77.157375,2023,3,11
230010162,Property Damage Crash,03/01/2023 11:16:00 AM,REEDIE DR,NA,SAME DIRECTION SIDESWIPE,Clear,DRY,Daylight,TRAFFIC SIGNAL,NONE DETECTED,Unknown,No Apparent Injury,N/A,NOT DISTRACTED,MD,PASSENGER CAR,MOVING CONSTANT SPEED,35,No,2019,TOYOTA,RAV4,39.03891167,-77.05031833,2023,3,11
230010162,Property Damage Crash,03/01/2023 11:16:00 AM,REEDIE DR,NA,SAME DIRECTION SIDESWIPE,Clear,DRY,Daylight,TRAFFIC SIGNAL,NONE DETECTED,Unknown,No Apparent Injury,N/A,LOOKED BUT DID NOT SEE,MD,TRANSIT BUS,ACCELERATING,35,No,2013,NEW,FLYER,39.03891167,-77.05031833,2023,3,11
230010144,Property Damage Crash,03/01/2023 10:59:00 AM,MONTGOMERY VILLAGE AVE,NA,STRAIGHT MOVEMENT ANGLE,Clear,DRY,Daylight,TRAFFIC SIGNAL,NONE DETECTED,Yes,No Apparent Injury,N/A,LOOKED BUT DID NOT SEE,MD,"OTHER LIGHT TRUCKS (10,000LBS (4,536KG) OR LESS)",MOVING CONSTANT SPEED,25,No,2000,FORD,UTILIMASTER,39.17434236,-77.20342478,2023,3,10
230010144,Property Damage Crash,03/01/2023 10:59:00 AM,MONTGOMERY VILLAGE AVE,NA,STRAIGHT MOVEMENT ANGLE,Clear,DRY,Daylight,TRAFFIC SIGNAL,NONE DETECTED,No,No Apparent Injury,N/A,NOT DISTRACTED,MD,PASSENGER CAR,MOVING CONSTANT SPEED,35,No,2018,BUICK,4S,39.17434236,-77.20342478,2023,3,10
230010137,Injury Crash,03/01/2023 10:13:00 AM,FREDERICK RD,NA,SAME DIR REAR END,Clear,DRY,Daylight,TRAFFIC SIGNAL,NONE DETECTED,No,Possible Minor Injury,N/A,NOT DISTRACTED,MD,PASSENGER CAR,SLOWING OR STOPPING,35,No,2019,HYUN,SW,39.15910333,-77.219351,2023,3,10
230010137,Injury Crash,03/01/2023 10:13:00 AM,FREDERICK RD,NA,SAME DIR REAR END,Clear,DRY,Daylight,TRAFFIC SIGNAL,NONE DETECTED,Yes,No Apparent Injury,N/A,UNKNOWN,MD,PASSENGER CAR,ACCELERATING,35,No,2016,HONDA,ODYSSEY,39.15910333,-77.219351,2023,3,10
230010132,Property Damage Crash,03/01/2023 09:30:00 AM,ROCKVILLE PIKE,NA,SINGLE VEHICLE,Clear,DRY,Daylight,TRAFFIC SIGNAL,NONE DETECTED,Yes,No Apparent Injury,N/A,UNKNOWN,VA,"MEDIUM/HEAVY TRUCKS 3 AXLES (OVER 10,000LBS (4,536KG))",MOVING CONSTANT SPEED,40,No,2006,KENW,TK,39.06330267,-77.12536533,2023,3,9
230010124,Property Damage Crash,03/01/2023 09:16:00 AM,GROSVENOR LA,NA,STRAIGHT MOVEMENT ANGLE,Clear,DRY,Daylight,STOP SIGN,NONE DETECTED,Yes,No Apparent Injury,N/A,NOT DISTRACTED,MD,PASSENGER CAR,MAKING LEFT TURN,35,No,2011,HONDA,CRV,39.02274117,-77.11346833,2023,3,9
230010124,Property Damage Crash,03/01/2023 09:16:00 AM,GROSVENOR LA,NA,STRAIGHT MOVEMENT ANGLE,Clear,DRY,Daylight,STOP SIGN,NONE DETECTED,No,No Apparent Injury,N/A,NOT DISTRACTED,MD,VAN,MOVING CONSTANT SPEED,35,No,2014,FORD,CG,39.02274117,-77.11346833,2023,3,9
230010127,Property Damage Crash,03/01/2023 09:11:00 AM,GEORGIA AVE,NA,SAME DIRECTION LEFT TURN,Clear,DRY,Daylight,TRAFFIC SIGNAL,NONE DETECTED,Yes,No Apparent Injury,N/A,LOOKED BUT DID NOT SEE,MD,SCHOOL BUS,MAKING LEFT TURN,35,No,2011,THOMAS,BUS,39.04676467,-77.05214117,2023,3,9
230010127,Property Damage Crash,03/01/2023 09:11:00 AM,GEORGIA AVE,NA,SAME DIRECTION LEFT TURN,Clear,DRY,Daylight,TRAFFIC SIGNAL,NONE DETECTED,No,No Apparent Injury,N/A,NOT DISTRACTED,MD,PICKUP TRUCK,STOPPED IN TRAFFIC LANE,35,No,2013,FORD,TK,39.04676467,-77.05214117,2023,3,9
230010121,Injury Crash,03/01/2023 08:50:00 AM,CONNECTICUT AVE,NA,SAME DIRECTION RIGHT TURN,Clear,DRY,Daylight,NO CONTROLS,NONE DETECTED,Yes,No Apparent Injury,N/A,LOOKED BUT DID NOT SEE,MD,PASSENGER CAR,CHANGING LANES,35,No,2005,TOYT,4DR,39.03386883,-77.07464833,2023,3,8
230010121,Injury Crash,03/01/2023 08:50:00 AM,CONNECTICUT AVE,NA,SAME DIRECTION RIGHT TURN,Clear,DRY,Daylight,NO CONTROLS,NONE DETECTED,No,No Apparent Injury,N/A,NOT DISTRACTED,MD,PASSENGER CAR,STOPPED IN TRAFFIC LANE,35,No,2016,TOYOTA,4DR,39.03386883,-77.07464833,2023,3,8
230010121,Injury Crash,03/01/2023 08:50:00 AM,CONNECTICUT AVE,NA,SAME DIRECTION RIGHT TURN,Clear,DRY,Daylight,NO CONTROLS,NONE DETECTED,No,Possible Minor Injury,N/A,NOT DISTRACTED,MD,PASSENGER CAR,MOVING CONSTANT SPEED,35,No,2022,HONDA,ACCORD,39.03386883,-77.07464833,2023,3,8
230010114,Injury Crash,03/01/2023 08:30:00 AM,NORBECK RD,NA,SAME DIR REAR END,Clear,DRY,Daylight,NO CONTROLS,NONE DETECTED,No,Suspected Serious Injury,N/A,NOT DISTRACTED,MD,PASSENGER CAR,SLOWING OR STOPPING,35,No,2015,SUBA,UT,39.11233733,-77.06198067,2023,3,8
230010114,Injury Crash,03/01/2023 08:30:00 AM,NORBECK RD,NA,SAME DIR REAR END,Clear,DRY,Daylight,NO CONTROLS,NONE DETECTED,Yes,No Apparent Injury,N/A,UNKNOWN,MD,PICKUP TRUCK,MOVING CONSTANT SPEED,35,No,2013,CHEV,PK,39.11233733,-77.06198067,2023,3,8
230010107,Injury Crash,03/01/2023 06:59:00 AM,GEORGIA AVE,NA,SAME DIR REAR END,Clear,DRY,Daylight,NO CONTROLS,NONE DETECTED,Yes,No Apparent Injury,"N/A, V EXHAUST SYSTEM|R OTHER ROAD",INATTENTIVE OR LOST IN THOUGHT,MD,PASSENGER CAR,MOVING CONSTANT SPEED,40,No,2022,RAM,PV,39.16167383,-77.06300567,2023,3,6
230010107,Injury Crash,03/01/2023 06:59:00 AM,GEORGIA AVE,NA,SAME DIR REAR END,Clear,DRY,Daylight,NO CONTROLS,NONE DETECTED,No,Possible Minor Injury,"N/A, V EXHAUST SYSTEM|R OTHER ROAD",DISTRACTED BY OUTSIDE PERSON OBJECT OR EVENT,MD,PASSENGER CAR,SLOWING OR STOPPING,40,No,2019,FORD,UT,39.16167383,-77.06300567,2023,3,6
230010104,Property Damage Crash,03/01/2023 06:11:00 AM,CHICKASAW DR,NA,SAME DIR REAR END,Clear,DRY,Medium,NO CONTROLS,NONE DETECTED,Yes,No Apparent Injury,N/A,INATTENTIVE OR LOST IN THOUGHT,MD,PASSENGER CAR,MOVING CONSTANT SPEED,25,No,2014,HONDA,CR-V,39.04287667,-76.99243833,2023,3,6
230056863,Property Damage Crash,02/28/2023 10:43:00 PM,STRINGTOWN RD,NA,STRAIGHT MOVEMENT ANGLE,Clear,DRY,Medium,TRAFFIC SIGNAL,NONE DETECTED,No,No Apparent Injury,N/A,NOT DISTRACTED,MD,PASSENGER CAR,N/A,35,No,2016,MITS,TK,39.234741,-77.28138917,2023,2,22
230056863,Property Damage Crash,02/28/2023 10:43:00 PM,STRINGTOWN RD,NA,STRAIGHT MOVEMENT ANGLE,Clear,DRY,Medium,TRAFFIC SIGNAL,NONE DETECTED,Yes,No Apparent Injury,N/A,INATTENTIVE OR LOST IN THOUGHT,MD,PASSENGER CAR,MAKING LEFT TURN,35,No,2023,HYUN,UT,39.234741,-77.28138917,2023,2,22
230010069,Injury Crash,02/28/2023 07:24:00 PM,NA,NA,SINGLE VEHICLE,Cloudy,NA,Dark,NO CONTROLS,NONE DETECTED,Yes,Possible Minor Injury,N/A,OTHER DISTRACTION,MD,(SPORT) UTILITY VEHICLE,ACCELERATING,0,No,2000,INFI,QX24,39.01745333,-77.06498833,2023,2,19
230010154,Property Damage Crash,02/28/2023 07:00:00 PM,CENTURY BLVD,NA,SAME DIRECTION SIDESWIPE,Clear,DRY,Medium,NO CONTROLS,NONE DETECTED,No,No Apparent Injury,N/A,NOT DISTRACTED,MD,(SPORT) UTILITY VEHICLE,PARKED,25,No,2019,KIA,SORENTO,39.18118902,-77.26683767,2023,2,19
230010154,Property Damage Crash,02/28/2023 07:00:00 PM,CENTURY BLVD,NA,SAME DIRECTION SIDESWIPE,Clear,DRY,Medium,NO CONTROLS,NONE DETECTED,Yes,No Apparent Injury,N/A,UNKNOWN,NA,NA,MOVING CONSTANT SPEED,25,No,0,UNKNOWN,UNKNOWN,39.18118902,-77.26683767,2023,2,19
230010066,Injury Crash,02/28/2023 06:25:00 PM,FIELDS RD,OTHER,OTHER,Clear,DRY,Medium,TRAFFIC SIGNAL,NONE DETECTED,Unknown,No Apparent Injury,N/A,LOOKED BUT DID NOT SEE,MD,PASSENGER CAR,MAKING RIGHT TURN,30,No,2018,VOLKSWAGON,TIGUAN,39.11574885,-77.20397746,2023,2,18
230010075,Property Damage Crash,02/28/2023 05:59:00 PM,NA,NA,OTHER,Clear,NA,Medium,N/A,NONE DETECTED,No,No Apparent Injury,N/A,NOT DISTRACTED,MD,PASSENGER CAR,MOVING CONSTANT SPEED,0,No,2017,TOYT,CAMRY,39.051972,-77.10547633,2023,2,17
230010075,Property Damage Crash,02/28/2023 05:59:00 PM,NA,NA,OTHER,Clear,NA,Medium,N/A,NONE DETECTED,Yes,No Apparent Injury,N/A,LOOKED BUT DID NOT SEE,MD,"CARGO VAN/LIGHT TRUCK 2 AXLES (OVER 10,000LBS (4,536 KG))",BACKING,0,No,2018,DODGE,SPRINTER,39.051972,-77.10547633,2023,2,17
230010054,Injury Crash,02/28/2023 05:57:00 PM,REDLAND RD,PEDESTRIAN,SINGLE VEHICLE,Clear,DRY,Medium,NO CONTROLS,NONE DETECTED,Yes,No Apparent Injury,N/A,NOT DISTRACTED,MD,(SPORT) UTILITY VEHICLE,MAKING RIGHT TURN,40,No,2020,NISSAN,MURANO,39.11932767,-77.16091183,2023,2,17
230010031,Injury Crash,02/28/2023 04:31:00 PM,GEORGIA AVE,NA,SAME DIR REAR END,Clear,DRY,Daylight,TRAFFIC SIGNAL,NONE DETECTED,Yes,No Apparent Injury,N/A,LOOKED BUT DID NOT SEE,MD,PASSENGER CAR,STARTING FROM LANE,35,No,2013,FORD,FLEX,39.09253333,-77.07919167,2023,2,16
230010031,Injury Crash,02/28/2023 04:31:00 PM,GEORGIA AVE,NA,SAME DIR REAR END,Clear,DRY,Daylight,TRAFFIC SIGNAL,NONE DETECTED,No,Possible Minor Injury,N/A,NOT DISTRACTED,MD,PASSENGER CAR,STOPPED IN TRAFFIC LANE,35,No,2011,HOND,CIVIC,39.09253333,-77.07919167,2023,2,16
230010020,Property Damage Crash,02/28/2023 04:13:00 PM,COLUMBIA PIKE,NA,SAME DIR REAR END,Clear,N/A,Daylight,TRAFFIC SIGNAL,NONE DETECTED,Yes,No Apparent Injury,N/A,LOOKED BUT DID NOT SEE,MD,PASSENGER CAR,SLOWING OR STOPPING,45,No,2019,TOYOTA,HIGLANDER,39.05378983,-76.97494767,2023,2,16
230010020,Property Damage Crash,02/28/2023 04:13:00 PM,COLUMBIA PIKE,NA,SAME DIR REAR END,Clear,N/A,Daylight,TRAFFIC SIGNAL,NONE DETECTED,No,No Apparent Injury,N/A,NOT DISTRACTED,MD,PASSENGER CAR,STOPPED IN TRAFFIC LANE,45,No,2016,JEEP,CHEROKEE,39.05378983,-76.97494767,2023,2,16
230010009,Property Damage Crash,02/28/2023 02:54:00 PM,S FREDERICK RD,NA,SAME DIR REAR END,Clear,DRY,Daylight,NO CONTROLS,NONE DETECTED,Yes,No Apparent Injury,N/A,UNKNOWN,MD,SCHOOL BUS,SLOWING OR STOPPING,35,No,2020,THMS,BU,39.13655867,-77.1926705,2023,2,14
230010009,Property Damage Crash,02/28/2023 02:54:00 PM,S FREDERICK RD,NA,SAME DIR REAR END,Clear,DRY,Daylight,NO CONTROLS,NONE DETECTED,No,No Apparent Injury,N/A,UNKNOWN,MD,SCHOOL BUS,SLOWING OR STOPPING,35,No,2022,FRHT,CHASSIS,39.13655867,-77.1926705,2023,2,14
230010007,Property Damage Crash,02/28/2023 02:40:00 PM,NA,NA,OTHER,Clear,NA,Daylight,NO CONTROLS,NONE DETECTED,Yes,No Apparent Injury,N/A,UNKNOWN,MD,VAN,STARTING FROM PARKED,25,No,2012,HONDA,VAN,39.18705978,-77.18454217,2023,2,14
230010000,Property Damage Crash,02/28/2023 02:22:00 PM,EAST WEST HWY,NA,SAME DIRECTION RIGHT TURN,Clear,DRY,Daylight,NO CONTROLS,NONE DETECTED,No,No Apparent Injury,N/A,NOT DISTRACTED,MD,PASSENGER CAR,MOVING CONSTANT SPEED,35,No,2018,HOND,SD,38.99584823,-77.03926205,2023,2,14
230010000,Property Damage Crash,02/28/2023 02:22:00 PM,EAST WEST HWY,NA,SAME DIRECTION RIGHT TURN,Clear,DRY,Daylight,NO CONTROLS,NONE DETECTED,Yes,No Apparent Injury,N/A,NOT DISTRACTED,MD,PASSENGER CAR,CHANGING LANES,35,No,2015,FORD,CP,38.99584823,-77.03926205,2023,2,14
230009991,Property Damage Crash,02/28/2023 01:52:00 PM,CRYSTAL ROCK DR,NA,SAME DIR REND LEFT TURN,Clear,DRY,Daylight,TRAFFIC SIGNAL,NONE DETECTED,Yes,No Apparent Injury,N/A,NOT DISTRACTED,MD,PASSENGER CAR,MAKING LEFT TURN,40,No,2007,HOND,CIVIC,39.1811,-77.26187667,2023,2,13
230009991,Property Damage Crash,02/28/2023 01:52:00 PM,CRYSTAL ROCK DR,NA,SAME DIR REND LEFT TURN,Clear,DRY,Daylight,TRAFFIC SIGNAL,NONE DETECTED,No,No Apparent Injury,N/A,NOT DISTRACTED,MD,PASSENGER CAR,MAKING LEFT TURN,40,No,2022,TOYT,COROLLA,39.1811,-77.26187667,2023,2,13
230009987,Injury Crash,02/28/2023 01:37:00 PM,ROSSMOOR BLVD,NA,STRAIGHT MOVEMENT ANGLE,Clear,DRY,Daylight,STOP SIGN,NONE DETECTED,No,Possible Minor Injury,N/A,NOT DISTRACTED,MD,PASSENGER CAR,MOVING CONSTANT SPEED,30,No,2010,LEXU,CN,39.10109,-77.07595167,2023,2,13
230009987,Injury Crash,02/28/2023 01:37:00 PM,ROSSMOOR BLVD,NA,STRAIGHT MOVEMENT ANGLE,Clear,DRY,Daylight,STOP SIGN,NONE DETECTED,Yes,No Apparent Injury,N/A,NOT DISTRACTED,MD,(SPORT) UTILITY VEHICLE,MAKING LEFT TURN,30,No,2018,JEEP,COMPASS,39.10109,-77.07595167,2023,2,13
230009981,Property Damage Crash,02/28/2023 01:10:00 PM,ASPEN HILL RD,NA,SAME DIR REAR END,Clear,DRY,Daylight,N/A,NONE DETECTED,Yes,No Apparent Injury,N/A,LOOKED BUT DID NOT SEE,MD,PASSENGER CAR,MOVING CONSTANT SPEED,30,No,2016,TOYOTA,TUNDRA,39.06595167,-77.159629,2023,2,13
230009981,Property Damage Crash,02/28/2023 01:10:00 PM,ASPEN HILL RD,NA,SAME DIR REAR END,Clear,DRY,Daylight,N/A,NONE DETECTED,No,No Apparent Injury,N/A,NOT DISTRACTED,MD,PASSENGER CAR,SLOWING OR STOPPING,30,No,2022,TOYOTA,HIGHLANDER,39.06595167,-77.159629,2023,2,13
230009979,Injury Crash,02/28/2023 12:59:00 PM,GERMANTOWN RD,NA,SINGLE VEHICLE,Clear,DRY,Daylight,TRAFFIC SIGNAL,NONE DETECTED,Yes,Possible Minor Injury,N/A,UNKNOWN,MD,(SPORT) UTILITY VEHICLE,MOVING CONSTANT SPEED,35,No,2014,TOYOTA,RAV4,39.18847647,-77.25203857,2023,2,12
NA,Property Damage Crash,02/28/2023 12:50:00 PM,SLIGO CREEK PKWY,NA,HEAD ON LEFT TURN,Clear,DRY,Daylight,OTHER,NONE DETECTED,No,No Apparent Injury,N/A,NOT DISTRACTED,MD,SCHOOL BUS,MOVING CONSTANT SPEED,25,No,2021,FRHT,SB,38.99162817,-77.00600068,2023,2,12
NA,Property Damage Crash,02/28/2023 12:50:00 PM,SLIGO CREEK PKWY,NA,HEAD ON LEFT TURN,Clear,DRY,Daylight,OTHER,NONE DETECTED,Yes,No Apparent Injury,N/A,OTHER CELLULAR PHONE RELATED,MD,VAN,PASSING,25,No,2019,RAM,VN,38.99162817,-77.00600068,2023,2,12
230009960,Property Damage Crash,02/28/2023 11:43:00 AM,WOOTTON PKWY,NA,SAME DIR REAR END,Clear,DRY,Daylight,TRAFFIC SIGNAL,NONE DETECTED,No,No Apparent Injury,"BACKUP DUE TO NON-RECURRING INCIDENT, N/A",NOT DISTRACTED,MD,(SPORT) UTILITY VEHICLE,SLOWING OR STOPPING,40,No,2013,BMW,SUV,39.06983444,-77.17011655,2023,2,11
230009960,Property Damage Crash,02/28/2023 11:43:00 AM,WOOTTON PKWY,NA,SAME DIR REAR END,Clear,DRY,Daylight,TRAFFIC SIGNAL,NONE DETECTED,Yes,No Apparent Injury,"BACKUP DUE TO NON-RECURRING INCIDENT, N/A",NOT DISTRACTED,MD,(SPORT) UTILITY VEHICLE,STARTING FROM LANE,40,No,2019,CHEVROLET,TK,39.06983444,-77.17011655,2023,2,11
230009955,Injury Crash,02/28/2023 11:25:00 AM,NA,PEDESTRIAN,SINGLE VEHICLE,Cloudy,NA,Daylight,STOP SIGN,NONE DETECTED,Yes,No Apparent Injury,N/A,LOOKED BUT DID NOT SEE,GA,PASSENGER CAR,SLOWING OR STOPPING,15,No,2011,TOYOTA,CAMRY,39.05585868,-77.11690217,2023,2,11
230009927,Property Damage Crash,02/28/2023 09:24:00 AM,RIDGE RD,NA,SAME DIRECTION SIDESWIPE,Cloudy,WET,Daylight,N/A,DRUG PRESENT,Yes,No Apparent Injury,N/A,NOT DISTRACTED,FL,PASSENGER CAR,CHANGING LANES,45,No,2007,HONDA,CIVIC,39.20558933,-77.24350867,2023,2,9
230009927,Property Damage Crash,02/28/2023 09:24:00 AM,RIDGE RD,NA,SAME DIRECTION SIDESWIPE,Cloudy,WET,Daylight,N/A,NONE DETECTED,No,No Apparent Injury,N/A,NOT DISTRACTED,MD,PICKUP TRUCK,MOVING CONSTANT SPEED,45,No,2020,CHEVROLET,SILVERADO,39.20558933,-77.24350867,2023,2,9
230009920,Injury Crash,02/28/2023 08:57:00 AM,FREDERICK RD,NA,SINGLE VEHICLE,Clear,DRY,Daylight,NO CONTROLS,NONE DETECTED,Yes,Suspected Serious Injury,N/A,NOT DISTRACTED,MD,PASSENGER CAR,CHANGING LANES,45,No,2007,HONDA,CIVIC 4S,39.19415,-77.24353167,2023,2,8
230009910,Property Damage Crash,02/28/2023 08:37:00 AM,WATKINS MILL RD,NA,SINGLE VEHICLE,Clear,WET,Daylight,NO CONTROLS,NONE DETECTED,Yes,No Apparent Injury,"N/A, WET",NOT DISTRACTED,MD,PASSENGER CAR,MOVING CONSTANT SPEED,35,No,2012,HOND,TK,39.18992333,-77.220825,2023,2,8
230009911,Injury Crash,02/28/2023 08:34:00 AM,FREDERICK RD,NA,STRAIGHT MOVEMENT ANGLE,Rain,WET,Daylight,NO CONTROLS,NONE DETECTED,Yes,Possible Minor Injury,"N/A, WET",NOT DISTRACTED,PA,POLICE VEHICLE/NON EMERGENCY,MAKING RIGHT TURN,35,No,2014,DODGE,CHARGER,39.24052333,-77.281685,2023,2,8
230009911,Injury Crash,02/28/2023 08:34:00 AM,FREDERICK RD,NA,STRAIGHT MOVEMENT ANGLE,Rain,WET,Daylight,NO CONTROLS,NONE DETECTED,No,Possible Minor Injury,"N/A, WET",NOT DISTRACTED,MD,PASSENGER CAR,MOVING CONSTANT SPEED,35,No,2012,HONDA,ACCORD,39.24052333,-77.281685,2023,2,8