Local Case Number,ACRS Report Type,Crash Date/Time,Road Name,Related Non-Motorist,Collision Type,Weather,Surface Condition,Light,Traffic Control,Driver Substance Abuse,Driver At Fault,Injury Severity,Circumstance,Driver Distracted By,Drivers License State,Vehicle Body Type,Vehicle Movement,Speed Limit,Driverless Vehicle,Vehicle Year,Vehicle Make,Vehicle Model,Latitude,Longitude,Year,Month,Hour
230009658,Property Damage Crash,02/26/2023 05:06:00 PM,TRAVILAH RD,NA,SAME DIR REAR END,Clear,DRY,Daylight,NO CONTROLS,NONE DETECTED,No,No Apparent Injury,N/A,NOT DISTRACTED,MD,SNOWMOBILE,SLOWING OR STOPPING,35,No,2017,MERZ,GLC300,39.08004265,-77.25546251,2023,2,17
230009658,Property Damage Crash,02/26/2023 05:06:00 PM,TRAVILAH RD,NA,SAME DIR REAR END,Clear,DRY,Daylight,NO CONTROLS,NONE DETECTED,Yes,No Apparent Injury,N/A,LOOKED BUT DID NOT SEE,MD,PASSENGER CAR,MOVING CONSTANT SPEED,35,No,2014,VOLK,PASSAT,39.08004265,-77.25546251,2023,2,17
230009646,Property Damage Crash,02/26/2023 04:45:00 PM,GREAT SENECA HWY,NA,HEAD ON LEFT TURN,Clear,DRY,Daylight,TRAFFIC SIGNAL,NONE DETECTED,No,No Apparent Injury,N/A,NOT DISTRACTED,MD,PASSENGER CAR,MOVING CONSTANT SPEED,45,No,2010,TOYOTA,COROLLA,39.14629333,-77.27483167,2023,2,16
230009646,Property Damage Crash,02/26/2023 04:45:00 PM,GREAT SENECA HWY,NA,HEAD ON LEFT TURN,Clear,DRY,Daylight,TRAFFIC SIGNAL,NONE DETECTED,Yes,No Apparent Injury,N/A,DISTRACTED BY OUTSIDE PERSON OBJECT OR EVENT,MD,PASSENGER CAR,MAKING LEFT TURN,45,No,2017,TOYOTA,RAV4,39.14629333,-77.27483167,2023,2,16
230009637,Injury Crash,02/26/2023 02:57:00 PM,TWINBROOK PKWY,NA,SAME DIRECTION LEFT TURN,Clear,DRY,Daylight,N/A,NONE DETECTED,No,Possible Minor Injury,N/A,NOT DISTRACTED,MD,(SPORT) UTILITY VEHICLE,UNKNOWN,35,No,2012,TOYOTA,SU,39.07286902,-77.11236958,2023,2,14
230009637,Injury Crash,02/26/2023 02:57:00 PM,TWINBROOK PKWY,NA,SAME DIRECTION LEFT TURN,Clear,DRY,Daylight,N/A,NONE DETECTED,Yes,No Apparent Injury,N/A,UNKNOWN,MD,PASSENGER CAR,MAKING LEFT TURN,35,No,2011,TOYOTA,4S,39.07286902,-77.11236958,2023,2,14
230009702,Property Damage Crash,02/26/2023 02:30:00 PM,NA,NA,UNKNOWN,Clear,NA,Daylight,NO CONTROLS,NONE DETECTED,Yes,No Apparent Injury,N/A,UNKNOWN,NA,PASSENGER CAR,UNKNOWN,5,No,2015,HONDA,4S,39.07965822,-77.08875569,2023,2,14
230009702,Property Damage Crash,02/26/2023 02:30:00 PM,NA,NA,UNKNOWN,Clear,NA,Daylight,NO CONTROLS,NONE DETECTED,No,No Apparent Injury,N/A,NOT DISTRACTED,VA,PASSENGER CAR,PARKED,5,No,2020,TOYOTA,4S,39.07965822,-77.08875569,2023,2,14
230009635,Injury Crash,02/26/2023 02:17:00 PM,BUCKNELL DR,NA,SINGLE VEHICLE,Clear,DRY,Daylight,NO CONTROLS,ALCOHOL PRESENT,Yes,Possible Minor Injury,N/A,UNKNOWN,MD,PASSENGER CAR,UNKNOWN,25,No,2006,INFINITI,G35,39.036673,-77.046258,2023,2,14
230009629,Property Damage Crash,02/26/2023 02:05:00 PM,TRIANGLE LA,NA,SINGLE VEHICLE,Clear,DRY,Daylight,NO CONTROLS,NONE DETECTED,Yes,No Apparent Injury,N/A,LOOKED BUT DID NOT SEE,MD,(SPORT) UTILITY VEHICLE,MAKING LEFT TURN,5,No,2016,CHEVROLET,TAHOE,39.04039767,-77.05203317,2023,2,14
230009627,Injury Crash,02/26/2023 01:41:00 PM,RAMP 6 FR RP 3 (FR MD200 EB) TO MD97 SB,BICYCLIST,OTHER,Clear,DRY,Daylight,NO CONTROLS,NONE DETECTED,Yes,No Apparent Injury,N/A,NOT DISTRACTED,VA,PASSENGER CAR,ACCELERATING,45,No,2011,HYUNDAI,SANTA FE,39.117673,-77.07472367,2023,2,13
230009602,Property Damage Crash,02/26/2023 09:52:00 AM,VEIRS MILL RD,NA,OTHER,Clear,DRY,Daylight,TRAFFIC SIGNAL,NONE DETECTED,No,No Apparent Injury,N/A,NOT DISTRACTED,MD,PASSENGER CAR,STOPPED IN TRAFFIC LANE,40,No,2009,NISSAN,SD,39.07344804,-77.11181764,2023,2,9
230009602,Property Damage Crash,02/26/2023 09:52:00 AM,VEIRS MILL RD,NA,OTHER,Clear,DRY,Daylight,TRAFFIC SIGNAL,NONE DETECTED,Yes,No Apparent Injury,N/A,UNKNOWN,MD,TRANSIT BUS,BACKING,40,No,2016,GILL,BUS,39.07344804,-77.11181764,2023,2,9
230009596,Property Damage Crash,02/26/2023 09:32:00 AM,FREDERICK RD,NA,SINGLE VEHICLE,Cloudy,DRY,Daylight,N/A,NONE DETECTED,Yes,No Apparent Injury,N/A,NOT DISTRACTED,MD,PASSENGER CAR,MOVING CONSTANT SPEED,35,No,2005,HONDA,PILOT,39.12611914,-77.18339297,2023,2,9
230009595,Property Damage Crash,02/26/2023 09:19:00 AM,VEIRS MILL RD,NA,SAME DIRECTION SIDESWIPE,Clear,DRY,Daylight,N/A,NONE DETECTED,Yes,No Apparent Injury,N/A,UNKNOWN,NA,UNKNOWN,CHANGING LANES,35,No,0,UNKNOWN,UNKNOWN,39.05653902,-77.08352957,2023,2,9
230009595,Property Damage Crash,02/26/2023 09:19:00 AM,VEIRS MILL RD,NA,SAME DIRECTION SIDESWIPE,Clear,DRY,Daylight,N/A,NONE DETECTED,No,No Apparent Injury,N/A,NOT DISTRACTED,MD,VAN,MOVING CONSTANT SPEED,35,No,2017,FORD,VAN,39.05653902,-77.08352957,2023,2,9
230009584,Property Damage Crash,02/26/2023 05:09:00 AM,GOSHEN RD,NA,SINGLE VEHICLE,Clear,DRY,Dark,N/A,NONE DETECTED,Yes,No Apparent Injury,N/A,NO DRIVER PRESENT,NA,PASSENGER CAR,UNKNOWN,35,No,2020,HYUNDAI,ELANTRA,39.161442,-77.19276016,2023,2,5
230009582,Property Damage Crash,02/26/2023 04:10:00 AM,WOODFIELD RD,NA,SINGLE VEHICLE,Clear,DRY,Dark,NO CONTROLS,NONE DETECTED,Yes,No Apparent Injury,N/A,UNKNOWN,MD,PASSENGER CAR,MOVING CONSTANT SPEED,50,No,2013,SUBARU,IMPREZA,39.22067712,-77.1752903,2023,2,4
230009574,Property Damage Crash,02/26/2023 03:02:00 AM,CHERRY HILL RD,NA,STRAIGHT MOVEMENT ANGLE,Clear,DRY,Medium,FLASHING TRAFFIC SIGNAL,NONE DETECTED,No,No Apparent Injury,N/A,NOT DISTRACTED,MD,PASSENGER CAR,MOVING CONSTANT SPEED,35,No,2023,KIA,RIO,39.05668,-76.95461833,2023,2,3
230009574,Property Damage Crash,02/26/2023 03:02:00 AM,CHERRY HILL RD,NA,STRAIGHT MOVEMENT ANGLE,Clear,DRY,Medium,FLASHING TRAFFIC SIGNAL,NONE DETECTED,Yes,No Apparent Injury,N/A,LOOKED BUT DID NOT SEE,MD,PASSENGER CAR,MAKING LEFT TURN,35,No,2015,HYUNDAI,SONATA,39.05668,-76.95461833,2023,2,3
230009571,Property Damage Crash,02/26/2023 02:00:00 AM,SHAKESPEARE BLVD,NA,SINGLE VEHICLE,Clear,DRY,Medium,NO CONTROLS,NONE DETECTED,Yes,No Apparent Injury,N/A,DIALING CELLULAR PHONE,XX,PASSENGER CAR,MOVING CONSTANT SPEED,35,No,2003,HONDA,CRV,39.19735769,-77.24847571,2023,2,2
230009568,Property Damage Crash,02/26/2023 01:40:00 AM,ROCKVILLE PIKE,NA,STRAIGHT MOVEMENT ANGLE,Clear,DRY,Medium,FLASHING TRAFFIC SIGNAL,NONE DETECTED,Yes,No Apparent Injury,N/A,NOT DISTRACTED,MD,PASSENGER CAR,MOVING CONSTANT SPEED,35,No,2010,TOYOTA,COROLLA,39.07446386,-77.13571803,2023,2,1
230009568,Property Damage Crash,02/26/2023 01:40:00 AM,ROCKVILLE PIKE,NA,STRAIGHT MOVEMENT ANGLE,Clear,DRY,Medium,FLASHING TRAFFIC SIGNAL,NONE DETECTED,No,No Apparent Injury,N/A,NOT DISTRACTED,MD,PASSENGER CAR,SLOWING OR STOPPING,35,No,2005,CHEVROLET,PK,39.07446386,-77.13571803,2023,2,1
230009568,Property Damage Crash,02/26/2023 01:40:00 AM,ROCKVILLE PIKE,NA,STRAIGHT MOVEMENT ANGLE,Clear,DRY,Medium,FLASHING TRAFFIC SIGNAL,NONE DETECTED,No,No Apparent Injury,N/A,NOT DISTRACTED,MD,PASSENGER CAR,MOVING CONSTANT SPEED,35,No,2014,ACURA,MDX,39.07446386,-77.13571803,2023,2,1
230009561,Property Damage Crash,02/25/2023 11:12:00 PM,UNIVERSITY BLVD W,NA,SAME DIRECTION SIDESWIPE,Clear,DRY,Medium,TRAFFIC SIGNAL,NONE DETECTED,Yes,No Apparent Injury,N/A,LOOKED BUT DID NOT SEE,MD,PASSENGER CAR,CHANGING LANES,30,No,2020,TOYOTA,CAMRY,39.04123667,-77.04755167,2023,2,23
230009561,Property Damage Crash,02/25/2023 11:12:00 PM,UNIVERSITY BLVD W,NA,SAME DIRECTION SIDESWIPE,Clear,DRY,Medium,TRAFFIC SIGNAL,NONE DETECTED,No,No Apparent Injury,N/A,NOT DISTRACTED,MD,POLICE VEHICLE/NON EMERGENCY,MOVING CONSTANT SPEED,30,No,2016,FORD,4S,39.04123667,-77.04755167,2023,2,23
230009560,Property Damage Crash,02/25/2023 10:08:00 PM,10TH AVE,NA,SAME DIRECTION SIDESWIPE,Cloudy,DRY,Medium,N/A,ALCOHOL PRESENT,Yes,No Apparent Injury,N/A,UNKNOWN,MD,PASSENGER CAR,MOVING CONSTANT SPEED,25,No,2009,CHEVROLET,EXPRESS,38.99397333,-76.99123,2023,2,22
230009553,Injury Crash,02/25/2023 09:15:00 PM,W MONTGOMERY AVE,NA,SAME DIR REAR END,Clear,WET,Medium,NO CONTROLS,NONE DETECTED,Yes,No Apparent Injury,"N/A, WET",LOOKED BUT DID NOT SEE,MD,PASSENGER CAR,MOVING CONSTANT SPEED,30,No,2023,CHEVY,2S,39.08433839,-77.15997802,2023,2,21
230009553,Injury Crash,02/25/2023 09:15:00 PM,W MONTGOMERY AVE,NA,SAME DIR REAR END,Clear,WET,Medium,NO CONTROLS,NONE DETECTED,No,No Apparent Injury,"N/A, WET",NOT DISTRACTED,MD,PASSENGER CAR,SLOWING OR STOPPING,30,No,2019,HONDA,4S,39.08433839,-77.15997802,2023,2,21
230009553,Injury Crash,02/25/2023 09:15:00 PM,W MONTGOMERY AVE,NA,SAME DIR REAR END,Clear,WET,Medium,NO CONTROLS,NONE DETECTED,No,No Apparent Injury,"N/A, WET",NOT DISTRACTED,ND,PASSENGER CAR,STOPPED IN TRAFFIC LANE,30,No,2006,TOYOTA,SUV,39.08433839,-77.15997802,2023,2,21
230009550,Property Damage Crash,02/25/2023 08:18:00 PM,NA,NA,SAME DIR REAR END,Clear,NA,Medium,N/A,NONE DETECTED,Yes,No Apparent Injury,N/A,UNKNOWN,XX,PASSENGER CAR,MOVING CONSTANT SPEED,10,No,2018,MERCEDES,GLE,39.12147307,-77.23616467,2023,2,20
230020838,Property Damage Crash,02/25/2023 06:30:00 PM,GOSHEN RD,NA,SAME DIR REAR END,Clear,DRY,Medium,TRAFFIC SIGNAL,NONE DETECTED,Yes,No Apparent Injury,N/A,UNKNOWN,MD,PASSENGER CAR,SLOWING OR STOPPING,35,No,2010,NISSAN,SEDAN,39.18581822,-77.18739247,2023,2,18
230020838,Property Damage Crash,02/25/2023 06:30:00 PM,GOSHEN RD,NA,SAME DIR REAR END,Clear,DRY,Medium,TRAFFIC SIGNAL,NONE DETECTED,No,No Apparent Injury,N/A,NOT DISTRACTED,MD,PASSENGER CAR,STOPPED IN TRAFFIC LANE,35,No,2012,TOYOTA,SEDAN,39.18581822,-77.18739247,2023,2,18
230009530,Property Damage Crash,02/25/2023 05:45:00 PM,GEORGIA AVE,NA,STRAIGHT MOVEMENT ANGLE,Clear,DRY,Daylight,NO CONTROLS,NONE DETECTED,No,No Apparent Injury,N/A,NOT DISTRACTED,MD,PASSENGER CAR,MOVING CONSTANT SPEED,35,No,2018,HONDA,CRV,39.059375,-77.05029867,2023,2,17
230009530,Property Damage Crash,02/25/2023 05:45:00 PM,GEORGIA AVE,NA,STRAIGHT MOVEMENT ANGLE,Clear,DRY,Daylight,NO CONTROLS,NONE DETECTED,Yes,No Apparent Injury,N/A,LOOKED BUT DID NOT SEE,XX,PASSENGER CAR,ACCELERATING,35,No,2010,TOYT,CAROLLA,39.059375,-77.05029867,2023,2,17
230009524,Property Damage Crash,02/25/2023 04:54:00 PM,RUSSELL AVE,NA,HEAD ON LEFT TURN,Rain,WET,Daylight,TRAFFIC SIGNAL,NONE DETECTED,Yes,No Apparent Injury,"RAIN, SNOW, WET",NOT DISTRACTED,MD,PASSENGER CAR,MAKING LEFT TURN,30,No,2019,ALFA ROMEO,STELVIO,39.15131,-77.20711167,2023,2,16
230009524,Property Damage Crash,02/25/2023 04:54:00 PM,RUSSELL AVE,NA,HEAD ON LEFT TURN,Rain,WET,Daylight,TRAFFIC SIGNAL,NONE DETECTED,No,No Apparent Injury,"RAIN, SNOW, WET",NOT DISTRACTED,VA,PASSENGER CAR,MOVING CONSTANT SPEED,30,No,2013,CHEV,4S,39.15131,-77.20711167,2023,2,16
230009521,Property Damage Crash,02/25/2023 04:30:00 PM,SEVEN LOCKS RD,NA,STRAIGHT MOVEMENT ANGLE,Cloudy,WET,Daylight,STOP SIGN,NONE DETECTED,No,No Apparent Injury,N/A,NOT DISTRACTED,MD,PASSENGER CAR,MOVING CONSTANT SPEED,35,No,2007,TOYOTA,HIGHLANDER,39.04156182,-77.15924433,2023,2,16
230009521,Property Damage Crash,02/25/2023 04:30:00 PM,SEVEN LOCKS RD,NA,STRAIGHT MOVEMENT ANGLE,Cloudy,WET,Daylight,STOP SIGN,NONE DETECTED,Yes,No Apparent Injury,N/A,LOOKED BUT DID NOT SEE,MD,PASSENGER CAR,ENTERING TRAFFIC LANE,35,No,2014,TOYOTA,SIENNA,39.04156182,-77.15924433,2023,2,16
230009514,Property Damage Crash,02/25/2023 03:21:00 PM,NORBECK RD,NA,SINGLE VEHICLE,Rain,WET,Daylight,NO CONTROLS,NONE DETECTED,Yes,No Apparent Injury,"RAIN, SNOW, WET",UNKNOWN,MD,PASSENGER CAR,NEGOTIATING A CURVE,35,No,2001,LEXUS,GS 300,39.10919833,-77.07958333,2023,2,15
230009512,Property Damage Crash,02/25/2023 03:10:00 PM,OLD GEORGETOWN RD,NA,SAME DIR REAR END,Rain,WET,Daylight,NO CONTROLS,NONE DETECTED,Yes,No Apparent Injury,"RAIN, SNOW, WET",LOOKED BUT DID NOT SEE,MD,PASSENGER CAR,MOVING CONSTANT SPEED,35,No,2010,TOYT,SD,38.991855,-77.09846,2023,2,15
230009512,Property Damage Crash,02/25/2023 03:10:00 PM,OLD GEORGETOWN RD,NA,SAME DIR REAR END,Rain,WET,Daylight,NO CONTROLS,NONE DETECTED,No,No Apparent Injury,"RAIN, SNOW, WET",NOT DISTRACTED,MD,PASSENGER CAR,STOPPED IN TRAFFIC LANE,35,No,2018,HONDA,PILOT,38.991855,-77.09846,2023,2,15
230009506,Property Damage Crash,02/25/2023 02:40:00 PM,RIDGE RD,NA,STRAIGHT MOVEMENT ANGLE,Cloudy,WET,Daylight,STOP SIGN,NONE DETECTED,No,No Apparent Injury,"N/A, WET",NOT DISTRACTED,MD,(SPORT) UTILITY VEHICLE,MOVING CONSTANT SPEED,40,No,2016,SUBARU,FORESTER,39.27407234,-77.21520638,2023,2,14
230009506,Property Damage Crash,02/25/2023 02:40:00 PM,RIDGE RD,NA,STRAIGHT MOVEMENT ANGLE,Cloudy,WET,Daylight,STOP SIGN,NONE DETECTED,Yes,No Apparent Injury,"N/A, WET",LOOKED BUT DID NOT SEE,MD,PASSENGER CAR,MAKING LEFT TURN,40,No,2001,HONDA,CIVIC,39.27407234,-77.21520638,2023,2,14
230009500,Injury Crash,02/25/2023 02:04:00 PM,GERMANTOWN RD,NA,SAME DIR REAR END,Snow,WET,Daylight,TRAFFIC SIGNAL,NONE DETECTED,Yes,No Apparent Injury,"RAIN, SNOW, WET",INATTENTIVE OR LOST IN THOUGHT,MD,PASSENGER CAR,MOVING CONSTANT SPEED,45,No,2014,MAZDA,MAZDA2,39.18353,-77.256435,2023,2,14
230009500,Injury Crash,02/25/2023 02:04:00 PM,GERMANTOWN RD,NA,SAME DIR REAR END,Snow,WET,Daylight,TRAFFIC SIGNAL,NONE DETECTED,No,Possible Minor Injury,"RAIN, SNOW, WET",NOT DISTRACTED,MD,PASSENGER CAR,STOPPED IN TRAFFIC LANE,45,No,2019,HYUNDAI,SONATA,39.18353,-77.256435,2023,2,14
230009502,Property Damage Crash,02/25/2023 01:51:00 PM,MACARTHUR BLVD,NA,OTHER,Cloudy,WET,Daylight,STOP SIGN,NONE DETECTED,No,No Apparent Injury,"RAIN, SNOW, WET",NOT DISTRACTED,MD,PASSENGER CAR,STOPPED IN TRAFFIC LANE,30,No,2019,MAZDA,CX9,38.97284833,-77.14643167,2023,2,13
230009502,Property Damage Crash,02/25/2023 01:51:00 PM,MACARTHUR BLVD,NA,OTHER,Cloudy,WET,Daylight,STOP SIGN,NONE DETECTED,No,No Apparent Injury,"RAIN, SNOW, WET",NOT DISTRACTED,VA,PASSENGER CAR,MOVING CONSTANT SPEED,30,No,2006,CHEV,TRAILBLAZER,38.97284833,-77.14643167,2023,2,13
230009502,Property Damage Crash,02/25/2023 01:51:00 PM,MACARTHUR BLVD,NA,OTHER,Cloudy,WET,Daylight,STOP SIGN,NONE DETECTED,Yes,No Apparent Injury,"RAIN, SNOW, WET",UNKNOWN,MD,PASSENGER CAR,MAKING LEFT TURN,30,No,2014,TOYT,COROLLA,38.97284833,-77.14643167,2023,2,13
230009505,Property Damage Crash,02/25/2023 01:37:00 PM,CORDELL AVE,NA,OTHER,Rain,WET,Daylight,NO CONTROLS,NONE DETECTED,Yes,No Apparent Injury,N/A,UNKNOWN,NA,UNKNOWN,BACKING,25,No,2011,UNKNOWN,UNKNOWN,38.98895083,-77.098538,2023,2,13
230009505,Property Damage Crash,02/25/2023 01:37:00 PM,CORDELL AVE,NA,OTHER,Rain,WET,Daylight,NO CONTROLS,NONE DETECTED,No,No Apparent Injury,N/A,NOT DISTRACTED,MD,PASSENGER CAR,PARKED,25,No,2011,TOYOTA,RAV4,38.98895083,-77.098538,2023,2,13
230009490,Injury Crash,02/25/2023 01:14:00 PM,FREDERICK RD,NA,SAME DIR REAR END,Rain,WET,Daylight,NO CONTROLS,NONE DETECTED,Yes,No Apparent Injury,"RAIN, SNOW, WET",NOT DISTRACTED,MD,PASSENGER CAR,MOVING CONSTANT SPEED,25,No,2012,BMW,X5,39.2396365,-77.27876817,2023,2,13
230009490,Injury Crash,02/25/2023 01:14:00 PM,FREDERICK RD,NA,SAME DIR REAR END,Rain,WET,Daylight,NO CONTROLS,NONE DETECTED,No,No Apparent Injury,"RAIN, SNOW, WET",NOT DISTRACTED,MD,PASSENGER CAR,SLOWING OR STOPPING,25,No,2006,HONDA,CIVIC,39.2396365,-77.27876817,2023,2,13
230009495,Property Damage Crash,02/25/2023 12:20:00 PM,RANDOLPH RD,NA,SAME DIRECTION SIDESWIPE,Snow,WET,Daylight,N/A,NONE DETECTED,Yes,No Apparent Injury,N/A,UNKNOWN,NA,PASSENGER CAR,CHANGING LANES,35,No,2000,NISSAN,UNK,39.05887917,-77.150703,2023,2,12
230009495,Property Damage Crash,02/25/2023 12:20:00 PM,RANDOLPH RD,NA,SAME DIRECTION SIDESWIPE,Snow,WET,Daylight,N/A,NONE DETECTED,No,No Apparent Injury,N/A,NOT DISTRACTED,MD,PASSENGER CAR,MOVING CONSTANT SPEED,35,No,2006,TOYOTA,PRIUS,39.05887917,-77.150703,2023,2,12
230009481,Property Damage Crash,02/25/2023 11:56:00 AM,ELM ST,NA,SAME DIRECTION LEFT TURN,Snow,SNOW,Daylight,NO CONTROLS,NONE DETECTED,Yes,No Apparent Injury,"ICY OR SNOW-COVERED, RAIN, SNOW",NOT DISTRACTED,MD,PASSENGER CAR,STARTING FROM PARKED,25,No,2021,ACUR,SD,38.98211317,-77.09814217,2023,2,11
230009481,Property Damage Crash,02/25/2023 11:56:00 AM,ELM ST,NA,SAME DIRECTION LEFT TURN,Snow,SNOW,Daylight,NO CONTROLS,NONE DETECTED,No,No Apparent Injury,"ICY OR SNOW-COVERED, RAIN, SNOW",NOT DISTRACTED,MD,"OTHER LIGHT TRUCKS (10,000LBS (4,536KG) OR LESS)",SLOWING OR STOPPING,25,No,2014,FORD,TRUCK,38.98211317,-77.09814217,2023,2,11
230009477,Property Damage Crash,02/25/2023 11:33:00 AM,HAVARD ST,NA,STRAIGHT MOVEMENT ANGLE,Snow,WET,Daylight,STOP SIGN,NONE DETECTED,Yes,No Apparent Injury,N/A,LOOKED BUT DID NOT SEE,MD,PASSENGER CAR,ACCELERATING,25,No,2007,FORD,FOCUS,39.06107817,-77.08530383,2023,2,11
230009477,Property Damage Crash,02/25/2023 11:33:00 AM,HAVARD ST,NA,STRAIGHT MOVEMENT ANGLE,Snow,WET,Daylight,STOP SIGN,NONE DETECTED,No,No Apparent Injury,N/A,UNKNOWN,NA,UNKNOWN,MOVING CONSTANT SPEED,25,No,0,UNKNOWN,UNKNOWN,39.06107817,-77.08530383,2023,2,11
230009462,Injury Crash,02/25/2023 09:25:00 AM,MIDCOUNTY HWY,NA,HEAD ON LEFT TURN,Cloudy,DRY,Daylight,TRAFFIC SIGNAL,NONE DETECTED,Unknown,No Apparent Injury,N/A,NOT DISTRACTED,MD,PASSENGER CAR,MOVING CONSTANT SPEED,45,No,2007,TOYT,TK,39.15076031,-77.17450158,2023,2,9
230009462,Injury Crash,02/25/2023 09:25:00 AM,MIDCOUNTY HWY,NA,HEAD ON LEFT TURN,Cloudy,DRY,Daylight,TRAFFIC SIGNAL,NONE DETECTED,Unknown,Possible Minor Injury,N/A,NOT DISTRACTED,MD,PASSENGER CAR,MOVING CONSTANT SPEED,25,No,2007,TOYT,UT,39.15076031,-77.17450158,2023,2,9
230009455,Property Damage Crash,02/25/2023 06:30:00 AM,GERMANTOWN RD,NA,STRAIGHT MOVEMENT ANGLE,Clear,DRY,Medium,TRAFFIC SIGNAL,NONE DETECTED,No,No Apparent Injury,N/A,NOT DISTRACTED,PA,PASSENGER CAR,MAKING LEFT TURN,45,No,2019,DODGE,CHARGER,39.18335113,-77.2570859,2023,2,6
230009455,Property Damage Crash,02/25/2023 06:30:00 AM,GERMANTOWN RD,NA,STRAIGHT MOVEMENT ANGLE,Clear,DRY,Medium,TRAFFIC SIGNAL,NONE DETECTED,Yes,No Apparent Injury,N/A,INATTENTIVE OR LOST IN THOUGHT,MD,(SPORT) UTILITY VEHICLE,MOVING CONSTANT SPEED,45,No,2004,GMC,YUKON,39.18335113,-77.2570859,2023,2,6
230009454,Property Damage Crash,02/25/2023 06:15:00 AM,CHESTNUT ST,NA,SAME DIR REAR END,Clear,DRY,Medium,NO CONTROLS,NONE DETECTED,No,No Apparent Injury,N/A,NOT DISTRACTED,MD,POLICE VEHICLE/EMERGENCY,MOVING CONSTANT SPEED,25,No,2005,HYUN,SD,39.14242945,-77.20303593,2023,2,6
230009454,Property Damage Crash,02/25/2023 06:15:00 AM,CHESTNUT ST,NA,SAME DIR REAR END,Clear,DRY,Medium,NO CONTROLS,NONE DETECTED,Yes,No Apparent Injury,N/A,LOOKED BUT DID NOT SEE,MD,PASSENGER CAR,MOVING CONSTANT SPEED,25,No,2002,LEXUS,ES300,39.14242945,-77.20303593,2023,2,6
230009449,Property Damage Crash,02/25/2023 03:43:00 AM,CARROLL AVE,NA,SAME DIR REAR END,Clear,DRY,Medium,TRAFFIC SIGNAL,NONE DETECTED,No,No Apparent Injury,N/A,NOT DISTRACTED,MD,PASSENGER CAR,MAKING RIGHT TURN,35,No,2022,HONDA,ACCORD,38.99962211,-76.9910599,2023,2,3
230009449,Property Damage Crash,02/25/2023 03:43:00 AM,CARROLL AVE,NA,SAME DIR REAR END,Clear,DRY,Medium,TRAFFIC SIGNAL,NONE DETECTED,Yes,No Apparent Injury,N/A,LOOKED BUT DID NOT SEE,MD,PASSENGER CAR,MOVING CONSTANT SPEED,35,No,2004,FORD,EXPLORER,38.99962211,-76.9910599,2023,2,3
230009448,Injury Crash,02/25/2023 03:22:00 AM,HATHAWAY DR,NA,OTHER,Clear,DRY,Medium,NO CONTROLS,NONE DETECTED,Yes,Possible Minor Injury,N/A,UNKNOWN,MD,PASSENGER CAR,LEAVING TRAFFIC LANE,25,No,2004,TOYOTA,COROLLA,39.07512983,-77.05365233,2023,2,3
230009447,Property Damage Crash,02/25/2023 03:18:00 AM,N WASHINGTON ST,NA,SINGLE VEHICLE,Clear,DRY,Medium,N/A,NONE DETECTED,Yes,No Apparent Injury,N/A,UNKNOWN,NA,PASSENGER CAR,UNKNOWN,30,No,2019,HONDA,CR-VV,39.08486118,-77.15303587,2023,2,3
230009442,Property Damage Crash,02/25/2023 02:45:00 AM,VEIRS MILL RD,NA,SAME DIR REAR END,Clear,DRY,Medium,NO CONTROLS,NONE DETECTED,No,No Apparent Injury,N/A,NOT DISTRACTED,MD,PASSENGER CAR,SLOWING OR STOPPING,40,No,2015,INFI,TK,39.07804528,-77.12805764,2023,2,2
230009442,Property Damage Crash,02/25/2023 02:45:00 AM,VEIRS MILL RD,NA,SAME DIR REAR END,Clear,DRY,Medium,NO CONTROLS,NONE DETECTED,Yes,No Apparent Injury,N/A,NOT DISTRACTED,MD,PASSENGER CAR,MOVING CONSTANT SPEED,40,No,2012,FORD,UT,39.07804528,-77.12805764,2023,2,2
230009440,Property Damage Crash,02/25/2023 01:01:00 AM,ROTHBURY DR,NA,SAME DIR REAR END,Clear,DRY,Medium,NO CONTROLS,ALCOHOL PRESENT,Yes,No Apparent Injury,N/A,OTHER DISTRACTION,MD,PICKUP TRUCK,MOVING CONSTANT SPEED,30,No,1999,CHEV,TK,39.185735,-77.19048933,2023,2,1
230009424,Property Damage Crash,02/24/2023 11:20:00 PM,THIRTEENTH AVE,NA,SAME DIR REAR END,Clear,DRY,Medium,NO CONTROLS,NONE DETECTED,Yes,No Apparent Injury,N/A,NOT DISTRACTED,MD,PASSENGER CAR,MOVING CONSTANT SPEED,25,No,2022,TOYT,PK,38.97972733,-76.98905633,2023,2,23
230009425,Injury Crash,02/24/2023 10:57:00 PM,E GUDE DR,NA,SINGLE VEHICLE,Clear,DRY,Medium,TRAFFIC SIGNAL,NONE DETECTED,Yes,Possible Minor Injury,N/A,NOT DISTRACTED,MD,PASSENGER CAR,MOVING CONSTANT SPEED,35,No,2008,CADI,ESCALADE,39.09772833,-77.13722,2023,2,22
230009399,Injury Crash,02/24/2023 08:12:00 PM,OLNEY SANDY SPRING RD,NA,SINGLE VEHICLE,Clear,DRY,Medium,NO CONTROLS,ALCOHOL PRESENT,Yes,Possible Minor Injury,N/A,UNKNOWN,MD,PASSENGER CAR,MOVING CONSTANT SPEED,35,No,2001,FORD,MUSTANG,39.14914744,-77.01708895,2023,2,20
230009381,Injury Crash,02/24/2023 07:09:00 PM,FREDERICK RD,NA,STRAIGHT MOVEMENT ANGLE,Cloudy,DRY,Medium,TRAFFIC SIGNAL,NONE DETECTED,Yes,No Apparent Injury,N/A,NOT DISTRACTED,NY,(SPORT) UTILITY VEHICLE,STARTING FROM LANE,45,No,1999,TOYT,RAV4,39.19224633,-77.24274433,2023,2,19
230009381,Injury Crash,02/24/2023 07:09:00 PM,FREDERICK RD,NA,STRAIGHT MOVEMENT ANGLE,Cloudy,DRY,Medium,TRAFFIC SIGNAL,NONE DETECTED,No,Possible Minor Injury,N/A,NOT DISTRACTED,MD,PASSENGER CAR,MAKING LEFT TURN,45,No,2018,TOYOTA,CAMRY,39.19224633,-77.24274433,2023,2,19
230009372,Property Damage Crash,02/24/2023 06:08:00 PM,NA,NA,SAME DIRECTION SIDESWIPE,Clear,NA,Medium,N/A,NONE DETECTED,Yes,No Apparent Injury,N/A,UNKNOWN,NA,PASSENGER CAR,PARKING,20,No,2016,CHEVY,TK,38.993041,-77.04892417,2023,2,18
230009348,Injury Crash,02/24/2023 04:46:00 PM,QUINCE ORCHARD RD,NA,SAME DIR REAR END,Clear,DRY,Daylight,TRAFFIC SIGNAL,NONE DETECTED,No,No Apparent Injury,N/A,NOT DISTRACTED,MD,PASSENGER CAR,STOPPED IN TRAFFIC LANE,35,No,2020,TOYT,SD,39.14536333,-77.21987667,2023,2,16
230009348,Injury Crash,02/24/2023 04:46:00 PM,QUINCE ORCHARD RD,NA,SAME DIR REAR END,Clear,DRY,Daylight,TRAFFIC SIGNAL,NONE DETECTED,No,Possible Minor Injury,N/A,NOT DISTRACTED,MD,PASSENGER CAR,STOPPED IN TRAFFIC LANE,35,No,2016,JEEP,TK,39.14536333,-77.21987667,2023,2,16
230009348,Injury Crash,02/24/2023 04:46:00 PM,QUINCE ORCHARD RD,NA,SAME DIR REAR END,Clear,DRY,Daylight,TRAFFIC SIGNAL,NONE DETECTED,Yes,No Apparent Injury,N/A,UNKNOWN,MD,PASSENGER CAR,MOVING CONSTANT SPEED,35,No,2016,NISSAN,ALTIMA,39.14536333,-77.21987667,2023,2,16