Local Case Number,ACRS Report Type,Crash Date/Time,Road Name,Related Non-Motorist,Collision Type,Weather,Surface Condition,Light,Traffic Control,Driver Substance Abuse,Driver At Fault,Injury Severity,Circumstance,Driver Distracted By,Drivers License State,Vehicle Body Type,Vehicle Movement,Speed Limit,Driverless Vehicle,Vehicle Year,Vehicle Make,Vehicle Model,Latitude,Longitude,Year,Month,Hour
230009338,Property Damage Crash,02/24/2023 03:49:00 PM,FRANKLIN AVE,NA,SAME DIRECTION LEFT TURN,Clear,DRY,Daylight,NO CONTROLS,NONE DETECTED,No,No Apparent Injury,N/A,NOT DISTRACTED,MD,AMBULANCE/EMERGENCY,MOVING CONSTANT SPEED,30,No,2016,FRHT,AMBULANCE,39.00992067,-77.01059733,2023,2,15
230009338,Property Damage Crash,02/24/2023 03:49:00 PM,FRANKLIN AVE,NA,SAME DIRECTION LEFT TURN,Clear,DRY,Daylight,NO CONTROLS,NONE DETECTED,Yes,No Apparent Injury,N/A,UNKNOWN,MD,PASSENGER CAR,OTHER,30,No,2013,HYUN,SONATA,39.00992067,-77.01059733,2023,2,15
230009323,Property Damage Crash,02/24/2023 03:45:00 PM,HATHAWAY DR,NA,SAME DIR REAR END,Clear,DRY,Daylight,NO CONTROLS,NONE DETECTED,Yes,No Apparent Injury,N/A,NOT DISTRACTED,MD,PASSENGER CAR,MOVING CONSTANT SPEED,25,No,2020,HONDA,INSIGHT,39.075307,-77.048029,2023,2,15
230009323,Property Damage Crash,02/24/2023 03:45:00 PM,HATHAWAY DR,NA,SAME DIR REAR END,Clear,DRY,Daylight,NO CONTROLS,NONE DETECTED,No,No Apparent Injury,N/A,NOT DISTRACTED,MD,PASSENGER CAR,SLOWING OR STOPPING,25,No,2006,TOYOTA,RAV4,39.075307,-77.048029,2023,2,15
230009321,Injury Crash,02/24/2023 03:05:00 PM,ELLSWORTH DR,NA,HEAD ON,Clear,DRY,Daylight,NO CONTROLS,NONE DETECTED,Yes,No Apparent Injury,N/A,UNKNOWN,NA,UNKNOWN,MOVING CONSTANT SPEED,35,No,0,UNKNOWN,UNKNOWN,39.04547833,-76.99122667,2023,2,15
230009321,Injury Crash,02/24/2023 03:05:00 PM,ELLSWORTH DR,NA,HEAD ON,Clear,DRY,Daylight,NO CONTROLS,NONE DETECTED,No,No Apparent Injury,N/A,NOT DISTRACTED,MD,PASSENGER CAR,MOVING CONSTANT SPEED,35,No,2018,TOYT,TK,39.04547833,-76.99122667,2023,2,15
230009121,Property Damage Crash,02/24/2023 03:00:00 PM,FAIRLAND RD,NA,SAME DIRECTION SIDESWIPE,Clear,DRY,Daylight,NO CONTROLS,NONE DETECTED,No,No Apparent Injury,N/A,NOT DISTRACTED,MD,PASSENGER CAR,SLOWING OR STOPPING,30,No,2011,TOYOTA,SIENNA,39.07715341,-76.99119447,2023,2,15
230009121,Property Damage Crash,02/24/2023 03:00:00 PM,FAIRLAND RD,NA,SAME DIRECTION SIDESWIPE,Clear,DRY,Daylight,NO CONTROLS,NONE DETECTED,Yes,No Apparent Injury,N/A,UNKNOWN,MD,PASSENGER CAR,MOVING CONSTANT SPEED,30,No,2008,LAND ROVER,LR3,39.07715341,-76.99119447,2023,2,15
230009313,Property Damage Crash,02/24/2023 02:55:00 PM,KING FARM BLVD,NA,STRAIGHT MOVEMENT ANGLE,Cloudy,DRY,Daylight,YIELD SIGN,NONE DETECTED,Yes,No Apparent Injury,N/A,NOT DISTRACTED,MD,PASSENGER CAR,ACCELERATING,25,No,2012,LEXU,TK,39.1136657,-77.17289706,2023,2,14
230009313,Property Damage Crash,02/24/2023 02:55:00 PM,KING FARM BLVD,NA,STRAIGHT MOVEMENT ANGLE,Cloudy,DRY,Daylight,YIELD SIGN,NONE DETECTED,No,No Apparent Injury,N/A,NOT DISTRACTED,MD,PASSENGER CAR,MOVING CONSTANT SPEED,25,No,2020,AUDI,HB,39.1136657,-77.17289706,2023,2,14
230009309,Injury Crash,02/24/2023 02:27:00 PM,NEW HAMPSHIRE AVE,NA,STRAIGHT MOVEMENT ANGLE,Clear,DRY,Daylight,TRAFFIC SIGNAL,NONE DETECTED,Yes,Possible Minor Injury,N/A,UNKNOWN,MD,PASSENGER CAR,MAKING LEFT TURN,25,No,2020,HONDA,CIVIC,38.9875617,-76.9879339,2023,2,14
230009309,Injury Crash,02/24/2023 02:27:00 PM,NEW HAMPSHIRE AVE,NA,STRAIGHT MOVEMENT ANGLE,Clear,DRY,Daylight,TRAFFIC SIGNAL,NONE DETECTED,No,Possible Minor Injury,N/A,NOT DISTRACTED,MD,PASSENGER CAR,PASSING,25,No,2011,HYUNDAI,SONARA,38.9875617,-76.9879339,2023,2,14
230009298,Property Damage Crash,02/24/2023 01:49:00 PM,COLUMBIA PIKE,NA,SAME DIR REAR END,Clear,DRY,Daylight,NO CONTROLS,NONE DETECTED,Yes,No Apparent Injury,N/A,INATTENTIVE OR LOST IN THOUGHT,MD,POLICE VEHICLE/NON EMERGENCY,MOVING CONSTANT SPEED,50,No,2018,FORD,INTERCEPTOR,39.05399224,-76.97468118,2023,2,13
230009298,Property Damage Crash,02/24/2023 01:49:00 PM,COLUMBIA PIKE,NA,SAME DIR REAR END,Clear,DRY,Daylight,NO CONTROLS,NONE DETECTED,No,No Apparent Injury,N/A,NOT DISTRACTED,TX,PASSENGER CAR,STOPPED IN TRAFFIC LANE,50,No,2012,HONDA,ACCORD,39.05399224,-76.97468118,2023,2,13
230009293,Property Damage Crash,02/24/2023 01:21:00 PM,COLUMBIA PIKE,NA,SAME DIRECTION RIGHT TURN,Clear,DRY,Daylight,NO CONTROLS,NONE DETECTED,No,No Apparent Injury,N/A,NOT DISTRACTED,MD,MOTORCYCLE,MOVING CONSTANT SPEED,55,No,2016,HARLY DAVIDSON,DYNO LOW RIDER,39.05821307,-76.96796445,2023,2,13
230009293,Property Damage Crash,02/24/2023 01:21:00 PM,COLUMBIA PIKE,NA,SAME DIRECTION RIGHT TURN,Clear,DRY,Daylight,NO CONTROLS,NONE DETECTED,Yes,No Apparent Injury,N/A,OTHER DISTRACTION,NA,PASSENGER CAR,LEAVING TRAFFIC LANE,55,No,2015,AUDI,4S,39.05821307,-76.96796445,2023,2,13
230009290,Property Damage Crash,02/24/2023 01:18:00 PM,NA,NA,SINGLE VEHICLE,Clear,NA,Daylight,NO CONTROLS,NONE DETECTED,Yes,No Apparent Injury,N/A,NOT DISTRACTED,MD,PASSENGER CAR,ACCELERATING,15,No,2013,HYUNDAI,SSONATA,39.04331833,-77.100188,2023,2,13
230009275,Property Damage Crash,02/24/2023 12:05:00 PM,FIRSTFIELD RD,NA,STRAIGHT MOVEMENT ANGLE,Clear,DRY,Daylight,STOP SIGN,NONE DETECTED,Yes,No Apparent Injury,N/A,LOOKED BUT DID NOT SEE,MD,PASSENGER CAR,MAKING LEFT TURN,30,No,2007,TOYOTA,CAMRY,39.14170492,-77.22433365,2023,2,12
230009275,Property Damage Crash,02/24/2023 12:05:00 PM,FIRSTFIELD RD,NA,STRAIGHT MOVEMENT ANGLE,Clear,DRY,Daylight,STOP SIGN,NONE DETECTED,No,No Apparent Injury,N/A,NOT DISTRACTED,MD,(SPORT) UTILITY VEHICLE,MOVING CONSTANT SPEED,30,No,2007,FORD,UT,39.14170492,-77.22433365,2023,2,12
230008928,Property Damage Crash,02/24/2023 11:00:00 AM,CHERRY LAUREL LA,NA,OTHER,Clear,DRY,Daylight,NO CONTROLS,NONE DETECTED,Yes,No Apparent Injury,N/A,LOOKED BUT DID NOT SEE,MD,SCHOOL BUS,STARTING FROM LANE,25,No,2020,THMS,SCHOOL BUS,39.1608778,-77.16618173,2023,2,11
230009255,Property Damage Crash,02/24/2023 10:40:00 AM,COLESVILLE RD,NA,STRAIGHT MOVEMENT ANGLE,Clear,DRY,Daylight,NO CONTROLS,NONE DETECTED,Yes,No Apparent Injury,N/A,LOOKED BUT DID NOT SEE,DC,PASSENGER CAR,MAKING LEFT TURN,35,No,2021,HYUNDAI,ACCENT,38.99798383,-77.026031,2023,2,10
230009255,Property Damage Crash,02/24/2023 10:40:00 AM,COLESVILLE RD,NA,STRAIGHT MOVEMENT ANGLE,Clear,DRY,Daylight,NO CONTROLS,NONE DETECTED,No,No Apparent Injury,N/A,NOT DISTRACTED,DC,PASSENGER CAR,MOVING CONSTANT SPEED,35,No,2013,MERCEDES,C CLS 300,38.99798383,-77.026031,2023,2,10
230009233,Property Damage Crash,02/24/2023 08:27:00 AM,WOODFIELD RD,NA,SAME DIR REAR END,Clear,DRY,Daylight,NO CONTROLS,NONE DETECTED,Yes,No Apparent Injury,N/A,NOT DISTRACTED,MD,PASSENGER CAR,MOVING CONSTANT SPEED,35,No,2021,CHEVROLET,EXPRESS,39.19724167,-77.15444833,2023,2,8
230009233,Property Damage Crash,02/24/2023 08:27:00 AM,WOODFIELD RD,NA,SAME DIR REAR END,Clear,DRY,Daylight,NO CONTROLS,NONE DETECTED,No,No Apparent Injury,N/A,NOT DISTRACTED,MD,VAN,STOPPED IN TRAFFIC LANE,35,No,2016,NISSAN,NV2500 TK,39.19724167,-77.15444833,2023,2,8
230009233,Property Damage Crash,02/24/2023 08:27:00 AM,WOODFIELD RD,NA,SAME DIR REAR END,Clear,DRY,Daylight,NO CONTROLS,NONE DETECTED,No,No Apparent Injury,N/A,NOT DISTRACTED,MD,PASSENGER CAR,STOPPED IN TRAFFIC LANE,35,No,2015,SUBARU,LEGACY 4S,39.19724167,-77.15444833,2023,2,8
230009357,Property Damage Crash,02/24/2023 07:45:00 AM,FERNWOOD RD,NA,SAME DIR REAR END,Clear,DRY,Daylight,NO CONTROLS,NONE DETECTED,Yes,No Apparent Injury,N/A,UNKNOWN,MD,(SPORT) UTILITY VEHICLE,SLOWING OR STOPPING,30,No,2014,JEEP,WRANGLER,39.0210498,-77.13466264,2023,2,7
230009357,Property Damage Crash,02/24/2023 07:45:00 AM,FERNWOOD RD,NA,SAME DIR REAR END,Clear,DRY,Daylight,NO CONTROLS,NONE DETECTED,No,No Apparent Injury,N/A,NOT DISTRACTED,MD,(SPORT) UTILITY VEHICLE,STOPPED IN TRAFFIC LANE,30,No,2017,AUDI,Q7,39.0210498,-77.13466264,2023,2,7
230009230,Injury Crash,02/24/2023 07:40:00 AM,CASTLE BLVD,NA,STRAIGHT MOVEMENT ANGLE,Clear,DRY,Daylight,NO CONTROLS,NONE DETECTED,Yes,Possible Minor Injury,N/A,LOOKED BUT DID NOT SEE,MD,PASSENGER CAR,MAKING LEFT TURN,35,No,2014,HYUNDAI,SONATA,39.08471233,-76.94057933,2023,2,7
230009230,Injury Crash,02/24/2023 07:40:00 AM,CASTLE BLVD,NA,STRAIGHT MOVEMENT ANGLE,Clear,DRY,Daylight,NO CONTROLS,NONE DETECTED,No,Possible Minor Injury,N/A,NOT DISTRACTED,MD,PASSENGER CAR,MOVING CONSTANT SPEED,35,No,2018,HONDA,CIVIC,39.08471233,-76.94057933,2023,2,7
230009231,Property Damage Crash,02/24/2023 07:35:00 AM,GIRARD STREET,NA,OTHER,Clear,DRY,Daylight,NO CONTROLS,NONE DETECTED,No,No Apparent Injury,"N/A, VISION OBSTRUCTION (INCL. BLINDED BY SUN)",NOT DISTRACTED,MD,PASSENGER CAR,MOVING CONSTANT SPEED,25,No,2012,DODGE,4S,39.1507797,-77.19136658,2023,2,7
230009231,Property Damage Crash,02/24/2023 07:35:00 AM,GIRARD STREET,NA,OTHER,Clear,DRY,Daylight,NO CONTROLS,NONE DETECTED,Yes,No Apparent Injury,"N/A, VISION OBSTRUCTION (INCL. BLINDED BY SUN)",OTHER DISTRACTION,VA,(SPORT) UTILITY VEHICLE,MAKING LEFT TURN,25,No,2017,BMW,UT,39.1507797,-77.19136658,2023,2,7
230009227,Property Damage Crash,02/24/2023 07:00:00 AM,ASPEN HILL RD,NA,STRAIGHT MOVEMENT ANGLE,Clear,DRY,Daylight,STOP SIGN,NONE DETECTED,No,No Apparent Injury,N/A,NOT DISTRACTED,MD,(SPORT) UTILITY VEHICLE,MOVING CONSTANT SPEED,30,No,2006,HONDA,CRV,39.07853383,-77.0907695,2023,2,7
230009227,Property Damage Crash,02/24/2023 07:00:00 AM,ASPEN HILL RD,NA,STRAIGHT MOVEMENT ANGLE,Clear,DRY,Daylight,STOP SIGN,NONE DETECTED,Yes,No Apparent Injury,N/A,INATTENTIVE OR LOST IN THOUGHT,MD,PICKUP TRUCK,MAKING LEFT TURN,30,No,2000,FORD,F350,39.07853383,-77.0907695,2023,2,7
230009223,Property Damage Crash,02/24/2023 06:04:00 AM,CHERRY HILL RD,NA,SINGLE VEHICLE,Clear,DRY,Medium,NO CONTROLS,NONE DETECTED,Yes,No Apparent Injury,N/A,NOT DISTRACTED,MD,PASSENGER CAR,MOVING CONSTANT SPEED,30,No,2002,HONDA,CIVIC DX,39.045933,-76.95495,2023,2,6
230009220,Property Damage Crash,02/24/2023 04:19:00 AM,PLEASANT RIDGE DR,NA,SINGLE VEHICLE,Clear,DRY,Medium,NO CONTROLS,NONE DETECTED,Yes,No Apparent Injury,N/A,UNKNOWN,MD,(SPORT) UTILITY VEHICLE,MOVING CONSTANT SPEED,25,No,2004,FORD,EXPLORER,39.19080062,-77.19116757,2023,2,4
230009209,Property Damage Crash,02/24/2023 01:00:00 AM,CONNECTICUT AVE,NA,STRAIGHT MOVEMENT ANGLE,Clear,DRY,Medium,FLASHING TRAFFIC SIGNAL,NONE DETECTED,No,No Apparent Injury,N/A,NOT DISTRACTED,MD,PASSENGER CAR,MOVING CONSTANT SPEED,30,No,2009,TOYOTA,MATRIX,39.02744853,-77.07650142,2023,2,1
230009209,Property Damage Crash,02/24/2023 01:00:00 AM,CONNECTICUT AVE,NA,STRAIGHT MOVEMENT ANGLE,Clear,DRY,Medium,FLASHING TRAFFIC SIGNAL,NONE DETECTED,Yes,No Apparent Injury,N/A,UNKNOWN,NA,PASSENGER CAR,MAKING LEFT TURN,30,No,2013,HONDA,ACCORD,39.02744853,-77.07650142,2023,2,1
230009192,Property Damage Crash,02/23/2023 09:19:00 PM,NA,NA,SAME DIRECTION SIDESWIPE,Clear,NA,Medium,NO CONTROLS,NONE DETECTED,No,No Apparent Injury,N/A,NOT DISTRACTED,DC,PASSENGER CAR,PARKED,5,No,2022,HONDA,ACCORD,39.00554621,-76.98155508,2023,2,21
230009192,Property Damage Crash,02/23/2023 09:19:00 PM,NA,NA,SAME DIRECTION SIDESWIPE,Clear,NA,Medium,NO CONTROLS,NONE DETECTED,Yes,No Apparent Injury,N/A,UNKNOWN,NA,PICKUP TRUCK,ACCELERATING,5,No,2017,CHEVY,UNK,39.00554621,-76.98155508,2023,2,21
230009185,Injury Crash,02/23/2023 08:03:00 PM,EISENHOWER MEMORIAL HWY,PEDESTRIAN,SINGLE VEHICLE,Clear,DRY,Medium,TRAFFIC SIGNAL,NONE DETECTED,No,No Apparent Injury,N/A,NOT DISTRACTED,MD,PASSENGER CAR,ACCELERATING,35,No,2008,TOYOTA,COROLLA,39.15665167,-77.22439167,2023,2,20
230009182,Property Damage Crash,02/23/2023 07:30:00 PM,NA,NA,OTHER,Clear,NA,Medium,N/A,NONE DETECTED,Yes,No Apparent Injury,N/A,LOOKED BUT DID NOT SEE,MD,PASSENGER CAR,BACKING,25,No,2007,HYUNAI,SANTA FE,39.03066143,-77.10494244,2023,2,19
230009174,Injury Crash,02/23/2023 07:07:00 PM,POWDER MILL RD,PEDESTRIAN,OTHER,Clear,DRY,Medium,NO CONTROLS,NONE DETECTED,No,No Apparent Injury,N/A,NOT DISTRACTED,MD,PASSENGER CAR,MOVING CONSTANT SPEED,35,No,2019,KIA,SEDAN,39.02376984,-76.97305845,2023,2,19
230009164,Injury Crash,02/23/2023 05:36:00 PM,FIELDS RD,PEDESTRIAN,HEAD ON,Clear,DRY,Medium,NO CONTROLS,NONE DETECTED,Yes,No Apparent Injury,N/A,UNKNOWN,MD,PASSENGER CAR,BACKING,15,No,2005,FORD,TK,39.11561247,-77.20505528,2023,2,17
230009162,Injury Crash,02/23/2023 05:30:00 PM,W WATKINS MILL RD,NA,SAME DIR REAR END,Clear,DRY,Medium,NO CONTROLS,NONE DETECTED,No,No Apparent Injury,N/A,NOT DISTRACTED,MD,PASSENGER CAR,STOPPED IN TRAFFIC LANE,30,No,2012,RANGE ROVER,TK,39.15698397,-77.22399365,2023,2,17
230009162,Injury Crash,02/23/2023 05:30:00 PM,W WATKINS MILL RD,NA,SAME DIR REAR END,Clear,DRY,Medium,NO CONTROLS,NONE DETECTED,Yes,Possible Minor Injury,N/A,NOT DISTRACTED,NC,PASSENGER CAR,MOVING CONSTANT SPEED,30,No,2012,VOLKS,JETTA,39.15698397,-77.22399365,2023,2,17
230009156,Property Damage Crash,02/23/2023 05:18:00 PM,MONTGOMERY VILLAGE AVE,NA,SAME DIR REAR END,Clear,DRY,Daylight,YIELD SIGN,NONE DETECTED,No,No Apparent Injury,N/A,NOT DISTRACTED,MD,PASSENGER CAR,MAKING RIGHT TURN,35,No,2018,CHEV,CRUZ,39.190432,-77.1919655,2023,2,17
230009156,Property Damage Crash,02/23/2023 05:18:00 PM,MONTGOMERY VILLAGE AVE,NA,SAME DIR REAR END,Clear,DRY,Daylight,YIELD SIGN,NONE DETECTED,Yes,No Apparent Injury,N/A,LOOKED BUT DID NOT SEE,MD,PASSENGER CAR,MAKING RIGHT TURN,35,No,2016,HOND,ACCORD,39.190432,-77.1919655,2023,2,17
230009151,Property Damage Crash,02/23/2023 05:12:00 PM,HOLTON LA,NA,OTHER,Clear,DRY,Daylight,TRAFFIC SIGNAL,NONE DETECTED,Yes,No Apparent Injury,N/A,NOT DISTRACTED,MD,PASSENGER CAR,ACCELERATING,70,No,2017,HYUNDAI,ELANTRA,38.985782,-76.990016,2023,2,17
230009151,Property Damage Crash,02/23/2023 05:12:00 PM,HOLTON LA,NA,OTHER,Clear,DRY,Daylight,TRAFFIC SIGNAL,NONE DETECTED,No,No Apparent Injury,N/A,NOT DISTRACTED,MD,PASSENGER CAR,MOVING CONSTANT SPEED,25,No,2012,HONDA,CIVIC,38.985782,-76.990016,2023,2,17
23000334,Property Damage Crash,02/23/2023 04:19:00 PM,NA,NA,OTHER,Clear,NA,Daylight,N/A,NONE DETECTED,Yes,No Apparent Injury,N/A,LOOKED BUT DID NOT SEE,MD,VAN,STARTING FROM PARKED,5,No,2008,FORD,ECONOLINE 350,39.16131767,-77.159285,2023,2,16
23000334,Property Damage Crash,02/23/2023 04:19:00 PM,NA,NA,OTHER,Clear,NA,Daylight,N/A,NONE DETECTED,No,No Apparent Injury,N/A,NOT DISTRACTED,XX,PASSENGER CAR,PARKED,5,No,2004,NISSAN,2S,39.16131767,-77.159285,2023,2,16
230009139,Property Damage Crash,02/23/2023 04:13:00 PM,TECH RD,NA,SAME DIR REAR END,Clear,N/A,Daylight,TRAFFIC SIGNAL,NONE DETECTED,No,No Apparent Injury,N/A,NOT DISTRACTED,MD,PASSENGER CAR,SLOWING OR STOPPING,50,No,1999,MERCEDES,E 320,39.05755933,-76.9687935,2023,2,16
230009139,Property Damage Crash,02/23/2023 04:13:00 PM,TECH RD,NA,SAME DIR REAR END,Clear,N/A,Daylight,TRAFFIC SIGNAL,NONE DETECTED,Yes,No Apparent Injury,N/A,LOOKED BUT DID NOT SEE,XX,PASSENGER CAR,MOVING CONSTANT SPEED,50,No,2012,NISSAN,SENTRA,39.05755933,-76.9687935,2023,2,16
230009138,Property Damage Crash,02/23/2023 04:08:00 PM,COLUMBIA PIKE,NA,SAME DIR REAR END,Clear,DRY,Daylight,TRAFFIC SIGNAL,NONE DETECTED,No,No Apparent Injury,N/A,NOT DISTRACTED,MD,(SPORT) UTILITY VEHICLE,STOPPED IN TRAFFIC LANE,55,No,2023,AUDI,UT,39.03190746,-77.00401789,2023,2,16
230009138,Property Damage Crash,02/23/2023 04:08:00 PM,COLUMBIA PIKE,NA,SAME DIR REAR END,Clear,DRY,Daylight,TRAFFIC SIGNAL,NONE DETECTED,Yes,No Apparent Injury,N/A,NOT DISTRACTED,NA,(SPORT) UTILITY VEHICLE,MOVING CONSTANT SPEED,55,No,2023,HYUNDAI,SANTA FE,39.03190746,-77.00401789,2023,2,16
230009138,Property Damage Crash,02/23/2023 04:08:00 PM,COLUMBIA PIKE,NA,SAME DIR REAR END,Clear,DRY,Daylight,TRAFFIC SIGNAL,NONE DETECTED,No,No Apparent Injury,N/A,NOT DISTRACTED,MD,PASSENGER CAR,STOPPED IN TRAFFIC LANE,55,No,2012,MAZDA,SEDAN,39.03190746,-77.00401789,2023,2,16
230009138,Property Damage Crash,02/23/2023 04:08:00 PM,COLUMBIA PIKE,NA,SAME DIR REAR END,Clear,DRY,Daylight,TRAFFIC SIGNAL,NONE DETECTED,No,No Apparent Injury,N/A,NOT DISTRACTED,MD,(SPORT) UTILITY VEHICLE,STOPPED IN TRAFFIC LANE,55,No,2016,MAZDA,UT,39.03190746,-77.00401789,2023,2,16
230009129,Property Damage Crash,02/23/2023 03:45:00 PM,UNIVERSITY BLVD W,NA,SAME DIRECTION SIDESWIPE,Clear,DRY,Daylight,FLASHING TRAFFIC SIGNAL,NONE DETECTED,Yes,No Apparent Injury,N/A,NOT DISTRACTED,MD,PASSENGER CAR,MOVING CONSTANT SPEED,35,No,2016,HONDA,CIVIC,39.03993167,-77.04335433,2023,2,15
230009129,Property Damage Crash,02/23/2023 03:45:00 PM,UNIVERSITY BLVD W,NA,SAME DIRECTION SIDESWIPE,Clear,DRY,Daylight,FLASHING TRAFFIC SIGNAL,NONE DETECTED,No,No Apparent Injury,N/A,NOT DISTRACTED,MD,PASSENGER CAR,MOVING CONSTANT SPEED,35,No,2012,HONDA,CRV,39.03993167,-77.04335433,2023,2,15
230009126,Property Damage Crash,02/23/2023 03:23:00 PM,PARTRIDGE DR,NA,SAME DIR REAR END,Clear,DRY,Daylight,NO CONTROLS,NONE DETECTED,No,No Apparent Injury,N/A,NOT DISTRACTED,MD,PASSENGER CAR,SLOWING OR STOPPING,10,No,2010,TOYT,SW,39.07385983,-76.98976883,2023,2,15
230009126,Property Damage Crash,02/23/2023 03:23:00 PM,PARTRIDGE DR,NA,SAME DIR REAR END,Clear,DRY,Daylight,NO CONTROLS,NONE DETECTED,Yes,No Apparent Injury,N/A,OTHER DISTRACTION,VA,PASSENGER CAR,SLOWING OR STOPPING,10,No,2010,HONDA,CIVIC,39.07385983,-76.98976883,2023,2,15
230009117,Injury Crash,02/23/2023 02:48:00 PM,W MONTGOMERY AVE,NA,SAME DIR REAR END,Clear,DRY,Daylight,NO CONTROLS,NONE DETECTED,Yes,Possible Minor Injury,N/A,UNKNOWN,MD,PASSENGER CAR,UNKNOWN,40,No,2016,VOLKSWAGEN,JETTA,39.08954317,-77.177909,2023,2,14
230009117,Injury Crash,02/23/2023 02:48:00 PM,W MONTGOMERY AVE,NA,SAME DIR REAR END,Clear,DRY,Daylight,NO CONTROLS,NONE DETECTED,No,Possible Minor Injury,N/A,NOT DISTRACTED,MD,TRANSIT BUS,SLOWING OR STOPPING,40,No,2009,GILLIG,LOW FLOOR BUS,39.08954317,-77.177909,2023,2,14
230009114,Injury Crash,02/23/2023 02:36:00 PM,VEIRS MILL RD,NA,HEAD ON LEFT TURN,Clear,DRY,Daylight,TRAFFIC SIGNAL,NONE DETECTED,Yes,No Apparent Injury,N/A,UNKNOWN,MD,PASSENGER CAR,MAKING LEFT TURN,15,No,1996,FORD,BRONCO,39.03802333,-77.05249833,2023,2,14
230009114,Injury Crash,02/23/2023 02:36:00 PM,VEIRS MILL RD,NA,HEAD ON LEFT TURN,Clear,DRY,Daylight,TRAFFIC SIGNAL,NONE DETECTED,No,No Apparent Injury,N/A,NOT DISTRACTED,VA,PASSENGER CAR,ACCELERATING,15,No,2018,TOYOTA,RAV4,39.03802333,-77.05249833,2023,2,14
230009103,Injury Crash,02/23/2023 01:50:00 PM,CRYSTAL ROCK DR,NA,STRAIGHT MOVEMENT ANGLE,Clear,DRY,Daylight,STOP SIGN,NONE DETECTED,No,Possible Minor Injury,N/A,NOT DISTRACTED,MD,PASSENGER CAR,MOVING CONSTANT SPEED,40,No,2023,MAZDA,4D,39.18981483,-77.2666995,2023,2,13
230009103,Injury Crash,02/23/2023 01:50:00 PM,CRYSTAL ROCK DR,NA,STRAIGHT MOVEMENT ANGLE,Clear,DRY,Daylight,STOP SIGN,NONE DETECTED,Yes,No Apparent Injury,N/A,LOOKED BUT DID NOT SEE,MD,PASSENGER CAR,MAKING LEFT TURN,40,No,2007,LEXUS,4S,39.18981483,-77.2666995,2023,2,13
230009101,Property Damage Crash,02/23/2023 01:31:00 PM,GEORGIA AVE,NA,SAME DIR REAR END,Clear,DRY,Daylight,NO CONTROLS,NONE DETECTED,No,No Apparent Injury,N/A,NOT DISTRACTED,MD,PASSENGER CAR,STOPPED IN TRAFFIC LANE,30,No,2010,HOND,SW,39.05457333,-77.05048667,2023,2,13
230009101,Property Damage Crash,02/23/2023 01:31:00 PM,GEORGIA AVE,NA,SAME DIR REAR END,Clear,DRY,Daylight,NO CONTROLS,NONE DETECTED,Yes,No Apparent Injury,N/A,NOT DISTRACTED,MD,PASSENGER CAR,MOVING CONSTANT SPEED,30,No,2017,TOYT,SIENNA,39.05457333,-77.05048667,2023,2,13
230009093,Property Damage Crash,02/23/2023 01:00:00 PM,KENTLANDS BLVD,NA,HEAD ON LEFT TURN,Clear,DRY,Daylight,STOP SIGN,NONE DETECTED,No,No Apparent Injury,N/A,NOT DISTRACTED,MD,PASSENGER CAR,MOVING CONSTANT SPEED,25,No,2020,HYUN,SD,39.12416897,-77.24030072,2023,2,13
230009093,Property Damage Crash,02/23/2023 01:00:00 PM,KENTLANDS BLVD,NA,HEAD ON LEFT TURN,Clear,DRY,Daylight,STOP SIGN,NONE DETECTED,Yes,No Apparent Injury,N/A,LOOKED BUT DID NOT SEE,MD,PASSENGER CAR,MOVING CONSTANT SPEED,20,No,2017,HOND,4S,39.12416897,-77.24030072,2023,2,13
230009061,Injury Crash,02/23/2023 11:35:00 AM,FREDERICK RD,NA,STRAIGHT MOVEMENT ANGLE,Clear,DRY,Daylight,TRAFFIC SIGNAL,NONE DETECTED,No,Possible Minor Injury,N/A,NOT DISTRACTED,MD,PASSENGER CAR,MOVING CONSTANT SPEED,35,No,2012,HOND,4S,39.21576833,-77.25272833,2023,2,11
230009061,Injury Crash,02/23/2023 11:35:00 AM,FREDERICK RD,NA,STRAIGHT MOVEMENT ANGLE,Clear,DRY,Daylight,TRAFFIC SIGNAL,NONE DETECTED,Yes,No Apparent Injury,N/A,NOT DISTRACTED,VA,PASSENGER CAR,MAKING LEFT TURN,40,No,2007,TOYOTA,PRIUS,39.21576833,-77.25272833,2023,2,11
230009058,Property Damage Crash,02/23/2023 10:30:00 AM,ARROWHEAD RD,NA,ANGLE MEETS LEFT TURN,Clear,DRY,Daylight,STOP SIGN,NONE DETECTED,Yes,No Apparent Injury,N/A,UNKNOWN,MD,PASSENGER CAR,MAKING LEFT TURN,35,No,2005,TOYT,CAMRY,39.18378595,-77.19313412,2023,2,10
230009058,Property Damage Crash,02/23/2023 10:30:00 AM,ARROWHEAD RD,NA,ANGLE MEETS LEFT TURN,Clear,DRY,Daylight,STOP SIGN,NONE DETECTED,No,No Apparent Injury,N/A,NOT DISTRACTED,VA,PASSENGER CAR,MOVING CONSTANT SPEED,35,No,2017,MAZDA,3,39.18378595,-77.19313412,2023,2,10
230009056,Property Damage Crash,02/23/2023 10:21:00 AM,OVERLEA DR,NA,SINGLE VEHICLE,Clear,DRY,Daylight,NO CONTROLS,NONE DETECTED,No,No Apparent Injury,N/A,NOT DISTRACTED,MD,PASSENGER CAR,MOVING CONSTANT SPEED,25,No,2017,CHEVROLET,CRUZE,39.07408967,-77.18845183,2023,2,10
230009036,Property Damage Crash,02/23/2023 08:56:00 AM,NEW HAMPSHIRE AVE,NA,SAME DIR REAR END,Cloudy,DRY,Daylight,N/A,NONE DETECTED,No,No Apparent Injury,N/A,NOT DISTRACTED,MD,PASSENGER CAR,MOVING CONSTANT SPEED,30,No,2007,CHEVY,SD,38.96637,-77.0023385,2023,2,8
230009036,Property Damage Crash,02/23/2023 08:56:00 AM,NEW HAMPSHIRE AVE,NA,SAME DIR REAR END,Cloudy,DRY,Daylight,N/A,NONE DETECTED,Yes,No Apparent Injury,N/A,LOOKED BUT DID NOT SEE,MD,PASSENGER CAR,MOVING CONSTANT SPEED,30,No,2002,HONDA,CRV,38.96637,-77.0023385,2023,2,8
230009026,Property Damage Crash,02/23/2023 07:43:00 AM,GEORGIA AVE,NA,SAME DIR REAR END,Clear,DRY,Daylight,N/A,NONE DETECTED,Yes,No Apparent Injury,N/A,OTHER DISTRACTION,MD,PASSENGER CAR,MAKING RIGHT TURN,30,No,2006,TOYOTA,CAMRY,39.03513,-77.04916667,2023,2,7
230009026,Property Damage Crash,02/23/2023 07:43:00 AM,GEORGIA AVE,NA,SAME DIR REAR END,Clear,DRY,Daylight,N/A,NONE DETECTED,No,No Apparent Injury,N/A,NOT DISTRACTED,MD,TRANSIT BUS,STOPPED IN TRAFFIC LANE,30,No,2009,TBU,TBU,39.03513,-77.04916667,2023,2,7
230009021,Property Damage Crash,02/23/2023 06:56:00 AM,OLD GEORGETOWN RD,NA,SAME DIR REAR END,Clear,DRY,Medium,N/A,NONE DETECTED,Yes,No Apparent Injury,"BACKUP DUE TO REGULAR CONGESTION, N/A",INATTENTIVE OR LOST IN THOUGHT,MD,PASSENGER CAR,SLOWING OR STOPPING,40,No,2023,NISSAN,ALTIMA,39.0177185,-77.12039717,2023,2,6