Local Case Number,ACRS Report Type,Crash Date/Time,Road Name,Related Non-Motorist,Collision Type,Weather,Surface Condition,Light,Traffic Control,Driver Substance Abuse,Driver At Fault,Injury Severity,Circumstance,Driver Distracted By,Drivers License State,Vehicle Body Type,Vehicle Movement,Speed Limit,Driverless Vehicle,Vehicle Year,Vehicle Make,Vehicle Model,Latitude,Longitude,Year,Month,Hour
230007695,Injury Crash,02/15/2023 01:14:00 PM,MIDCOUNTY HWY,NA,ANGLE MEETS RIGHT TURN,Clear,DRY,Daylight,TRAFFIC SIGNAL,NONE DETECTED,No,Possible Minor Injury,N/A,NOT DISTRACTED,MD,PASSENGER CAR,MOVING CONSTANT SPEED,50,No,2014,HONDA,4S,39.15086833,-77.17413167,2023,2,13
230007686,Property Damage Crash,02/15/2023 12:48:00 PM,NA,NA,OTHER,Clear,NA,Daylight,N/A,NONE DETECTED,No,No Apparent Injury,N/A,NOT DISTRACTED,MD,VAN,PARKED,5,No,2013,FORD,TK,39.0850424,-77.13512322,2023,2,12
230007686,Property Damage Crash,02/15/2023 12:48:00 PM,NA,NA,OTHER,Clear,NA,Daylight,N/A,NONE DETECTED,Yes,No Apparent Injury,N/A,LOOKED BUT DID NOT SEE,MD,"OTHER LIGHT TRUCKS (10,000LBS (4,536KG) OR LESS)",BACKING,5,No,2015,FORD,TK,39.0850424,-77.13512322,2023,2,12
230007668,Property Damage Crash,02/15/2023 11:00:00 AM,NA,NA,SAME DIRECTION SIDESWIPE,Clear,NA,Daylight,N/A,NONE DETECTED,No,No Apparent Injury,N/A,NOT DISTRACTED,MD,PASSENGER CAR,SLOWING OR STOPPING,5,No,2013,TOYT,SW,39.08306091,-77.15063539,2023,2,11
230007668,Property Damage Crash,02/15/2023 11:00:00 AM,NA,NA,SAME DIRECTION SIDESWIPE,Clear,NA,Daylight,N/A,NONE DETECTED,Yes,No Apparent Injury,N/A,NOT DISTRACTED,MD,PASSENGER CAR,MOVING CONSTANT SPEED,5,No,2019,HOND,4H,39.08306091,-77.15063539,2023,2,11
230007654,Injury Crash,02/15/2023 10:05:00 AM,LAYHILL RD,NA,SINGLE VEHICLE,Clear,DRY,Daylight,NO CONTROLS,NONE DETECTED,Yes,Suspected Serious Injury,N/A,NOT DISTRACTED,MD,PASSENGER CAR,MOVING CONSTANT SPEED,40,No,1999,LINCOLN,NAV,39.08206283,-77.04703167,2023,2,10
230007637,Property Damage Crash,02/15/2023 07:49:00 AM,RANDOLPH RD,NA,SAME DIRECTION SIDESWIPE,Cloudy,DRY,Daylight,TRAFFIC SIGNAL,NONE DETECTED,No,No Apparent Injury,N/A,NOT DISTRACTED,MD,PASSENGER CAR,STOPPED IN TRAFFIC LANE,35,No,2023,BMW,X5,39.06613684,-77.03297369,2023,2,7
230007637,Property Damage Crash,02/15/2023 07:49:00 AM,RANDOLPH RD,NA,SAME DIRECTION SIDESWIPE,Cloudy,DRY,Daylight,TRAFFIC SIGNAL,NONE DETECTED,Yes,No Apparent Injury,N/A,UNKNOWN,XX,PASSENGER CAR,MOVING CONSTANT SPEED,35,No,2016,HYUNDAI,SONATA,39.06613684,-77.03297369,2023,2,7
230007637,Property Damage Crash,02/15/2023 07:49:00 AM,RANDOLPH RD,NA,SAME DIRECTION SIDESWIPE,Cloudy,DRY,Daylight,TRAFFIC SIGNAL,NONE DETECTED,No,No Apparent Injury,N/A,NOT DISTRACTED,MD,PASSENGER CAR,STOPPED IN TRAFFIC LANE,35,No,2016,TOYOTA,RAV4,39.06613684,-77.03297369,2023,2,7
230007637,Property Damage Crash,02/15/2023 07:49:00 AM,RANDOLPH RD,NA,SAME DIRECTION SIDESWIPE,Cloudy,DRY,Daylight,TRAFFIC SIGNAL,NONE DETECTED,No,No Apparent Injury,N/A,NOT DISTRACTED,MD,PASSENGER CAR,STOPPED IN TRAFFIC LANE,35,No,2020,TOYOTA,SIENNA,39.06613684,-77.03297369,2023,2,7
230007635,Injury Crash,02/15/2023 07:15:00 AM,FREDERICK RD,NA,SAME DIR REAR END,Rain,WET,Medium,TRAFFIC SIGNAL,NONE DETECTED,No,No Apparent Injury,"N/A, WET",NOT DISTRACTED,MD,PASSENGER CAR,SLOWING OR STOPPING,35,No,2010,TOYOTA,4S,39.16002753,-77.21997603,2023,2,7
230007635,Injury Crash,02/15/2023 07:15:00 AM,FREDERICK RD,NA,SAME DIR REAR END,Rain,WET,Medium,TRAFFIC SIGNAL,NONE DETECTED,No,No Apparent Injury,"N/A, WET",NOT DISTRACTED,MD,PASSENGER CAR,SLOWING OR STOPPING,35,No,2022,TOYOTA,PRIUS,39.16002753,-77.21997603,2023,2,7
230007635,Injury Crash,02/15/2023 07:15:00 AM,FREDERICK RD,NA,SAME DIR REAR END,Rain,WET,Medium,TRAFFIC SIGNAL,NONE DETECTED,Yes,Possible Minor Injury,"N/A, WET",LOOKED BUT DID NOT SEE,MD,PASSENGER CAR,MOVING CONSTANT SPEED,35,No,2015,TOYOTA,CAMRY,39.16002753,-77.21997603,2023,2,7
230007636,Property Damage Crash,02/15/2023 07:10:00 AM,WHITES FERRY RD,NA,SINGLE VEHICLE,Rain,WET,Daylight,NO CONTROLS,NONE DETECTED,Yes,No Apparent Injury,"N/A, WET",NOT DISTRACTED,MD,SCHOOL BUS,MOVING CONSTANT SPEED,40,No,2018,THOMAS,BUS,39.128315,-77.38352833,2023,2,7
230007653,Property Damage Crash,02/15/2023 02:00:00 AM,WOODFIELD RD,NA,SINGLE VEHICLE,Cloudy,DRY,Dark,NO CONTROLS,NONE DETECTED,Yes,No Apparent Injury,"ANIMAL, N/A",NOT DISTRACTED,MD,PASSENGER CAR,MOVING CONSTANT SPEED,50,No,2013,KIA,RIO,39.220195,-77.17506667,2023,2,2
230007623,Property Damage Crash,02/15/2023 12:57:00 AM,PINEY BRANCH RD,NA,SINGLE VEHICLE,Clear,DRY,Medium,N/A,NONE DETECTED,Yes,No Apparent Injury,N/A,OTHER DISTRACTION,MD,PASSENGER CAR,MOVING CONSTANT SPEED,35,No,2001,TOYOTA,COROLLA,38.997882,-77.00450483,2023,2,0
230007619,Property Damage Crash,02/14/2023 11:33:00 PM,LAYTONSVILLE RD,NA,SINGLE VEHICLE,Clear,DRY,Dark,NO CONTROLS,NONE DETECTED,Yes,No Apparent Injury,N/A,NOT DISTRACTED,MD,PASSENGER CAR,MOVING CONSTANT SPEED,50,No,2022,TESLA,MODEL 3,39.23129167,-77.142255,2023,2,23
230007614,Injury Crash,02/14/2023 11:25:00 PM,VEIRS MILL RD,NA,OTHER,Clear,DRY,Dark,NO CONTROLS,NONE DETECTED,Yes,Possible Minor Injury,N/A,OTHER DISTRACTION,MD,(SPORT) UTILITY VEHICLE,MOVING CONSTANT SPEED,35,No,2014,HYUNDAI,SATAN,39.06276483,-77.093936,2023,2,23
230007606,Injury Crash,02/14/2023 09:25:00 PM,RANDOLPH RD,NA,SAME DIRECTION SIDESWIPE,Clear,DRY,Medium,NO CONTROLS,NONE DETECTED,No,Possible Minor Injury,N/A,NOT DISTRACTED,MD,PASSENGER CAR,MOVING CONSTANT SPEED,35,No,1995,BMW,2S,39.057577,-77.07806367,2023,2,21
230007606,Injury Crash,02/14/2023 09:25:00 PM,RANDOLPH RD,NA,SAME DIRECTION SIDESWIPE,Clear,DRY,Medium,NO CONTROLS,NONE DETECTED,Yes,No Apparent Injury,N/A,UNKNOWN,MD,PASSENGER CAR,CHANGING LANES,35,No,2020,HONDA,CRV,39.057577,-77.07806367,2023,2,21
230007601,Injury Crash,02/14/2023 09:11:00 PM,DARNESTOWN RD,NA,SINGLE VEHICLE,Clear,DRY,Medium,N/A,NONE DETECTED,No,Possible Minor Injury,"ANIMAL, N/A",NOT DISTRACTED,MD,PICKUP TRUCK,MOVING CONSTANT SPEED,50,No,2022,TOYT,TUNDRA,39.12307,-77.32427667,2023,2,21
230007596,Injury Crash,02/14/2023 08:36:00 PM,S SUMMIT AVE,PEDESTRIAN,STRAIGHT MOVEMENT ANGLE,Clear,DRY,Medium,TRAFFIC SIGNAL,NONE DETECTED,No,No Apparent Injury,N/A,NOT DISTRACTED,MD,PASSENGER CAR,MAKING LEFT TURN,30,No,2020,TOYOTA,COROLLA,39.14194667,-77.19340167,2023,2,20
230007586,Property Damage Crash,02/14/2023 07:20:00 PM,LAYHILL RD,NA,SAME DIRECTION SIDESWIPE,Clear,DRY,Medium,NO CONTROLS,NONE DETECTED,Yes,No Apparent Injury,N/A,LOOKED BUT DID NOT SEE,MD,PICKUP TRUCK,CHANGING LANES,40,No,2019,TOYOTA,TACOMA,39.09128763,-77.04502732,2023,2,19
230007586,Property Damage Crash,02/14/2023 07:20:00 PM,LAYHILL RD,NA,SAME DIRECTION SIDESWIPE,Clear,DRY,Medium,NO CONTROLS,NONE DETECTED,No,No Apparent Injury,N/A,NOT DISTRACTED,FL,PASSENGER CAR,ACCELERATING,40,No,2004,TOYOTA,4D,39.09128763,-77.04502732,2023,2,19
230007573,Property Damage Crash,02/14/2023 06:14:00 PM,LAYHILL RD,NA,SAME DIR REAR END,Clear,DRY,Medium,NO CONTROLS,NONE DETECTED,Yes,No Apparent Injury,N/A,NOT DISTRACTED,MD,PASSENGER CAR,ACCELERATING,35,No,2006,HOND,ACCORD,39.07478,-77.04605333,2023,2,18
230007573,Property Damage Crash,02/14/2023 06:14:00 PM,LAYHILL RD,NA,SAME DIR REAR END,Clear,DRY,Medium,NO CONTROLS,NONE DETECTED,No,No Apparent Injury,N/A,NOT DISTRACTED,MD,PICKUP TRUCK,SLOWING OR STOPPING,35,No,2018,FORD,F150,39.07478,-77.04605333,2023,2,18
230007569,Property Damage Crash,02/14/2023 06:00:00 PM,CONGRESSIONAL LA,NA,STRAIGHT MOVEMENT ANGLE,Clear,DRY,Medium,NO CONTROLS,NONE DETECTED,No,No Apparent Injury,N/A,NOT DISTRACTED,MD,PASSENGER CAR,MOVING CONSTANT SPEED,25,No,2016,BMW,UT,39.0632875,-77.127915,2023,2,18
230007569,Property Damage Crash,02/14/2023 06:00:00 PM,CONGRESSIONAL LA,NA,STRAIGHT MOVEMENT ANGLE,Clear,DRY,Medium,NO CONTROLS,NONE DETECTED,Yes,No Apparent Injury,N/A,LOOKED BUT DID NOT SEE,MD,PASSENGER CAR,MAKING U TURN,25,No,2020,TOYT,UT,39.0632875,-77.127915,2023,2,18
230007570,Property Damage Crash,02/14/2023 05:35:00 PM,TOWER OAKS BLVD,NA,SAME DIR REAR END,Clear,DRY,Medium,TRAFFIC SIGNAL,NONE DETECTED,No,No Apparent Injury,N/A,UNKNOWN,MD,(SPORT) UTILITY VEHICLE,STOPPED IN TRAFFIC LANE,30,No,2020,KIA,TK,39.05603545,-77.14931743,2023,2,17
230007570,Property Damage Crash,02/14/2023 05:35:00 PM,TOWER OAKS BLVD,NA,SAME DIR REAR END,Clear,DRY,Medium,TRAFFIC SIGNAL,NONE DETECTED,Yes,No Apparent Injury,N/A,UNKNOWN,MD,PICKUP TRUCK,BACKING,30,No,2013,TOYT,TK,39.05603545,-77.14931743,2023,2,17
230007561,Injury Crash,02/14/2023 05:33:00 PM,ROCKVILLE PIKE,OTHER CONVEYANCE,STRAIGHT MOVEMENT ANGLE,Clear,DRY,Daylight,TRAFFIC SIGNAL,NONE DETECTED,Yes,No Apparent Injury,N/A,LOOKED BUT DID NOT SEE,MD,PASSENGER CAR,MAKING LEFT TURN,35,No,2014,VOLK,JETTA,39.06965167,-77.13047,2023,2,17
230007565,Property Damage Crash,02/14/2023 05:30:00 PM,RANDOLPH RD,NA,SAME DIRECTION SIDESWIPE,Clear,DRY,Daylight,TRAFFIC SIGNAL,NONE DETECTED,Yes,No Apparent Injury,N/A,LOOKED BUT DID NOT SEE,MD,PASSENGER CAR,CHANGING LANES,40,No,2007,HONDA,ACCORD 4S,39.053461,-77.10699,2023,2,17
230007565,Property Damage Crash,02/14/2023 05:30:00 PM,RANDOLPH RD,NA,SAME DIRECTION SIDESWIPE,Clear,DRY,Daylight,TRAFFIC SIGNAL,NONE DETECTED,No,No Apparent Injury,N/A,NOT DISTRACTED,MD,VAN,STOPPED IN TRAFFIC LANE,40,No,2001,FORD,E250 VAN,39.053461,-77.10699,2023,2,17
230007560,Property Damage Crash,02/14/2023 05:15:00 PM,CLERMONT PL,NA,SINGLE VEHICLE,Clear,DRY,Daylight,NO CONTROLS,NONE DETECTED,Yes,No Apparent Injury,N/A,UNKNOWN,MD,SCHOOL BUS,MAKING LEFT TURN,30,No,2018,FRHT,BUS,39.03553595,-77.09111918,2023,2,17
230007555,Injury Crash,02/14/2023 05:05:00 PM,OLD GEORGETOWN RD,NA,STRAIGHT MOVEMENT ANGLE,Clear,DRY,Daylight,TRAFFIC SIGNAL,NONE DETECTED,No,No Apparent Injury,N/A,NOT DISTRACTED,MD,"OTHER LIGHT TRUCKS (10,000LBS (4,536KG) OR LESS)",STARTING FROM LANE,40,No,2015,FORD,TRUCK,39.030161,-77.12665667,2023,2,17
230007555,Injury Crash,02/14/2023 05:05:00 PM,OLD GEORGETOWN RD,NA,STRAIGHT MOVEMENT ANGLE,Clear,DRY,Daylight,TRAFFIC SIGNAL,NONE DETECTED,Yes,Possible Minor Injury,N/A,LOOKED BUT DID NOT SEE,VA,(SPORT) UTILITY VEHICLE,MOVING CONSTANT SPEED,40,No,2015,NISSIAN,ROUGE,39.030161,-77.12665667,2023,2,17
230007543,Injury Crash,02/14/2023 04:34:00 PM,WOOTTON PKWY,PEDESTRIAN,OTHER,Clear,DRY,Daylight,PERSON,NONE DETECTED,No,No Apparent Injury,N/A,NOT DISTRACTED,MD,PASSENGER CAR,MOVING CONSTANT SPEED,25,No,2022,KIA,FORTE,39.0837375,-77.15342333,2023,2,16
230007538,Injury Crash,02/14/2023 04:22:00 PM,COLESVILLE RD,NA,STRAIGHT MOVEMENT ANGLE,Clear,DRY,Daylight,TRAFFIC SIGNAL,NONE DETECTED,Yes,Possible Minor Injury,N/A,NOT DISTRACTED,MD,(SPORT) UTILITY VEHICLE,ACCELERATING,30,No,2020,CHEV,TRAVERSE,38.99255617,-77.03622683,2023,2,16
230007538,Injury Crash,02/14/2023 04:22:00 PM,COLESVILLE RD,NA,STRAIGHT MOVEMENT ANGLE,Clear,DRY,Daylight,TRAFFIC SIGNAL,NONE DETECTED,Yes,No Apparent Injury,N/A,NOT DISTRACTED,MD,(SPORT) UTILITY VEHICLE,ACCELERATING,30,No,2012,VOLKSWAGEN,TIGUAN,38.99255617,-77.03622683,2023,2,16
230007537,Injury Crash,02/14/2023 04:15:00 PM,REDLAND RD,NA,HEAD ON LEFT TURN,Clear,DRY,Daylight,TRAFFIC SIGNAL,NONE DETECTED,No,Possible Minor Injury,N/A,NOT DISTRACTED,MD,PASSENGER CAR,ACCELERATING,35,No,2000,TOYOTA,CAMRY,39.119923,-77.159903,2023,2,16
230007537,Injury Crash,02/14/2023 04:15:00 PM,REDLAND RD,NA,HEAD ON LEFT TURN,Clear,DRY,Daylight,TRAFFIC SIGNAL,NONE DETECTED,Yes,Possible Minor Injury,N/A,NOT DISTRACTED,MD,(SPORT) UTILITY VEHICLE,MAKING LEFT TURN,35,No,2009,HONDA,CRV,39.119923,-77.159903,2023,2,16
230007531,Property Damage Crash,02/14/2023 03:55:00 PM,NA,NA,OTHER,Clear,NA,Daylight,N/A,NONE DETECTED,Yes,No Apparent Injury,N/A,LOOKED BUT DID NOT SEE,MD,POLICE VEHICLE/NON EMERGENCY,BACKING,25,No,2020,DODGE,RAM,39.10916528,-76.99550436,2023,2,15
230007526,Injury Crash,02/14/2023 03:51:00 PM,VEIRS MILL RD,NA,STRAIGHT MOVEMENT ANGLE,Clear,DRY,Daylight,TRAFFIC SIGNAL,NONE DETECTED,No,Possible Minor Injury,N/A,NOT DISTRACTED,MD,PASSENGER CAR,STARTING FROM LANE,25,No,2020,HYUNDAI,IONIQ,39.045225,-77.065155,2023,2,15
230007526,Injury Crash,02/14/2023 03:51:00 PM,VEIRS MILL RD,NA,STRAIGHT MOVEMENT ANGLE,Clear,DRY,Daylight,TRAFFIC SIGNAL,NONE DETECTED,Yes,No Apparent Injury,N/A,UNKNOWN,MD,TRANSIT BUS,MOVING CONSTANT SPEED,35,No,2013,GILLIG,BUS,39.045225,-77.065155,2023,2,15
230007533,Injury Crash,02/14/2023 03:48:00 PM,EAST WEST HWY,NA,SAME DIR REAR END,Clear,DRY,Daylight,N/A,NONE DETECTED,Yes,No Apparent Injury,"BACKUP DUE TO REGULAR CONGESTION, N/A",NOT DISTRACTED,MD,SCHOOL BUS,SLOWING OR STOPPING,35,No,2023,THMS,BUS,38.9925095,-77.06049217,2023,2,15
230007533,Injury Crash,02/14/2023 03:48:00 PM,EAST WEST HWY,NA,SAME DIR REAR END,Clear,DRY,Daylight,N/A,NONE DETECTED,No,No Apparent Injury,"BACKUP DUE TO REGULAR CONGESTION, N/A",NOT DISTRACTED,MD,PASSENGER CAR,SLOWING OR STOPPING,35,No,2013,HONDA,CROSSTOUR,38.9925095,-77.06049217,2023,2,15
230007521,Property Damage Crash,02/14/2023 03:20:00 PM,HIGHLAND RIDGE AVE,NA,OPPOSITE DIRECTION SIDESWIPE,Clear,DRY,Daylight,NO CONTROLS,NONE DETECTED,Yes,No Apparent Injury,N/A,NOT DISTRACTED,MD,PASSENGER CAR,SLOWING OR STOPPING,25,No,2014,HOND,ACCORD,39.12300333,-77.22626167,2023,2,15
230007521,Property Damage Crash,02/14/2023 03:20:00 PM,HIGHLAND RIDGE AVE,NA,OPPOSITE DIRECTION SIDESWIPE,Clear,DRY,Daylight,NO CONTROLS,NONE DETECTED,Yes,No Apparent Injury,N/A,UNKNOWN,MD,SCHOOL BUS,SLOWING OR STOPPING,25,No,2022,THMS,SB,39.12300333,-77.22626167,2023,2,15
230007539,Property Damage Crash,02/14/2023 02:00:00 PM,UNIVERSITY BLVD W,NA,SAME DIRECTION SIDESWIPE,Clear,DRY,Daylight,NO CONTROLS,NONE DETECTED,No,No Apparent Injury,N/A,NOT DISTRACTED,MD,TRANSIT BUS,STOPPED IN TRAFFIC LANE,35,No,2010,TBU,METRO BUS,39.03603,-77.03604,2023,2,14
230007539,Property Damage Crash,02/14/2023 02:00:00 PM,UNIVERSITY BLVD W,NA,SAME DIRECTION SIDESWIPE,Clear,DRY,Daylight,NO CONTROLS,NONE DETECTED,Yes,No Apparent Injury,N/A,INATTENTIVE OR LOST IN THOUGHT,DC,RECREATIONAL VEHICLE,ACCELERATING,35,No,2015,TOYOTA,RAV4,39.03603,-77.03604,2023,2,14
230007545,Property Damage Crash,02/14/2023 12:30:00 PM,PERRY AVE,NA,SAME DIRECTION SIDESWIPE,Clear,DRY,Daylight,NO CONTROLS,NONE DETECTED,Yes,No Apparent Injury,N/A,UNKNOWN,NA,PASSENGER CAR,MOVING CONSTANT SPEED,25,No,2012,VOLKSWAGON,JETTA,39.03288382,-77.07434494,2023,2,12
230007476,Property Damage Crash,02/14/2023 11:30:00 AM,ROCKVILLE PIKE,NA,HEAD ON LEFT TURN,Clear,DRY,Daylight,TRAFFIC SIGNAL,NONE DETECTED,No,No Apparent Injury,N/A,NOT DISTRACTED,MD,PASSENGER CAR,MAKING LEFT TURN,40,No,2013,LEXUS,GX460,39.04476833,-77.111155,2023,2,11
230007476,Property Damage Crash,02/14/2023 11:30:00 AM,ROCKVILLE PIKE,NA,HEAD ON LEFT TURN,Clear,DRY,Daylight,TRAFFIC SIGNAL,NONE DETECTED,Yes,No Apparent Injury,N/A,UNKNOWN,XX,(SPORT) UTILITY VEHICLE,RIGHT TURN ON RED,40,No,2023,UU,UU,39.04476833,-77.111155,2023,2,11
230007457,Property Damage Crash,02/14/2023 10:20:00 AM,PLUM ORCHARD DR,NA,STRAIGHT MOVEMENT ANGLE,Clear,DRY,Daylight,STOP SIGN,NONE DETECTED,Yes,No Apparent Injury,N/A,LOOKED BUT DID NOT SEE,MD,PASSENGER CAR,MAKING LEFT TURN,25,No,2014,HONDA,ODYSSEY,39.05269333,-76.95279833,2023,2,10
230007457,Property Damage Crash,02/14/2023 10:20:00 AM,PLUM ORCHARD DR,NA,STRAIGHT MOVEMENT ANGLE,Clear,DRY,Daylight,STOP SIGN,NONE DETECTED,No,No Apparent Injury,N/A,NOT DISTRACTED,MD,VAN,MOVING CONSTANT SPEED,25,No,2018,DODGE,VAN,39.05269333,-76.95279833,2023,2,10
230007454,Property Damage Crash,02/14/2023 10:16:00 AM,MERRIMAC DR,NA,OTHER,Clear,DRY,Daylight,N/A,NONE DETECTED,No,No Apparent Injury,N/A,NOT DISTRACTED,MD,PASSENGER CAR,MOVING CONSTANT SPEED,30,Unknown,2012,TOYOTA,4S,38.992622,-76.99169133,2023,2,10
230007454,Property Damage Crash,02/14/2023 10:16:00 AM,MERRIMAC DR,NA,OTHER,Clear,DRY,Daylight,N/A,NONE DETECTED,Yes,No Apparent Injury,N/A,LOOKED BUT DID NOT SEE,MD,"CARGO VAN/LIGHT TRUCK 2 AXLES (OVER 10,000LBS (4,536 KG))",ACCELERATING,30,No,2018,KW,TK,38.992622,-76.99169133,2023,2,10
230007449,Property Damage Crash,02/14/2023 09:52:00 AM,NA,NA,OPPOSITE DIRECTION SIDESWIPE,Clear,NA,Daylight,NO CONTROLS,NONE DETECTED,Unknown,No Apparent Injury,N/A,NOT DISTRACTED,MD,PASSENGER CAR,MAKING LEFT TURN,10,No,2020,SUBARU,IMPREZA,39.08910167,-77.06957,2023,2,9
230007449,Property Damage Crash,02/14/2023 09:52:00 AM,NA,NA,OPPOSITE DIRECTION SIDESWIPE,Clear,NA,Daylight,NO CONTROLS,NONE DETECTED,Unknown,No Apparent Injury,N/A,NOT DISTRACTED,MD,PICKUP TRUCK,MAKING RIGHT TURN,10,No,2000,FORD,EXCURSION,39.08910167,-77.06957,2023,2,9
230007440,Injury Crash,02/14/2023 09:00:00 AM,NEWCUT RD,NA,STRAIGHT MOVEMENT ANGLE,Clear,DRY,Daylight,STOP SIGN,NONE DETECTED,No,Possible Minor Injury,N/A,NOT DISTRACTED,MD,(SPORT) UTILITY VEHICLE,MOVING CONSTANT SPEED,25,No,2021,TOYOTA,HIGHLANDER,39.19402167,-77.26957833,2023,2,9
230007440,Injury Crash,02/14/2023 09:00:00 AM,NEWCUT RD,NA,STRAIGHT MOVEMENT ANGLE,Clear,DRY,Daylight,STOP SIGN,NONE DETECTED,Yes,Possible Minor Injury,N/A,NOT DISTRACTED,MD,PASSENGER CAR,STARTING FROM LANE,25,No,2022,SUBARU,IMPREZA,39.19402167,-77.26957833,2023,2,9
230007429,Property Damage Crash,02/14/2023 07:58:00 AM,NA,NA,SINGLE VEHICLE,Clear,NA,Daylight,NO CONTROLS,NONE DETECTED,Yes,No Apparent Injury,N/A,LOOKED BUT DID NOT SEE,MD,PASSENGER CAR,MOVING CONSTANT SPEED,0,No,2020,ACUR,MDX,38.98524737,-77.09646477,2023,2,7
230007430,Property Damage Crash,02/14/2023 07:49:00 AM,RANDOLPH RD,NA,SAME DIRECTION SIDESWIPE,Clear,DRY,Daylight,NO CONTROLS,NONE DETECTED,Yes,No Apparent Injury,N/A,LOOKED BUT DID NOT SEE,MD,FIRE VEHICLE/EMERGENCY,MOVING CONSTANT SPEED,35,No,2019,PIRC,TK,39.05724464,-77.0766028,2023,2,7
230007430,Property Damage Crash,02/14/2023 07:49:00 AM,RANDOLPH RD,NA,SAME DIRECTION SIDESWIPE,Clear,DRY,Daylight,NO CONTROLS,NONE DETECTED,No,No Apparent Injury,N/A,NOT DISTRACTED,MD,PASSENGER CAR,STOPPED IN TRAFFIC LANE,35,No,2015,HOND,4S,39.05724464,-77.0766028,2023,2,7
230007428,Injury Crash,02/14/2023 07:30:00 AM,RANDOLPH RD,NA,SAME DIRECTION SIDESWIPE,Clear,DRY,Daylight,TRAFFIC SIGNAL,NONE DETECTED,No,No Apparent Injury,N/A,NOT DISTRACTED,MD,PICKUP TRUCK,MOVING CONSTANT SPEED,35,No,1999,TOYOTA,TACOMA,39.057107,-77.07340883,2023,2,7
230007428,Injury Crash,02/14/2023 07:30:00 AM,RANDOLPH RD,NA,SAME DIRECTION SIDESWIPE,Clear,DRY,Daylight,TRAFFIC SIGNAL,NONE DETECTED,Yes,No Apparent Injury,N/A,INATTENTIVE OR LOST IN THOUGHT,MD,PASSENGER CAR,MAKING LEFT TURN,35,No,2009,HONDA,CRV,39.057107,-77.07340883,2023,2,7
230007428,Injury Crash,02/14/2023 07:30:00 AM,RANDOLPH RD,NA,SAME DIRECTION SIDESWIPE,Clear,DRY,Daylight,TRAFFIC SIGNAL,NONE DETECTED,No,No Apparent Injury,N/A,NOT DISTRACTED,MD,PASSENGER CAR,MOVING CONSTANT SPEED,35,No,2015,HONDA,CRV,39.057107,-77.07340883,2023,2,7
230007414,Property Damage Crash,02/14/2023 01:18:00 AM,AVERY RD,NA,SINGLE VEHICLE,Clear,DRY,Dark,NO CONTROLS,NONE DETECTED,Yes,No Apparent Injury,N/A,UNKNOWN,MD,PASSENGER CAR,SKIDDING,25,No,2015,VOLK,JETTA,39.11014333,-77.121375,2023,2,1
230007402,Property Damage Crash,02/13/2023 10:17:00 PM,NEW HAMPSHIRE AVE,NA,SAME DIR REND RIGHT TURN,Clear,DRY,Medium,OTHER,NONE DETECTED,No,No Apparent Injury,N/A,NOT DISTRACTED,MD,PASSENGER CAR,MOVING CONSTANT SPEED,25,No,2020,NISS,SD,38.98839167,-76.98726833,2023,2,22
230007402,Property Damage Crash,02/13/2023 10:17:00 PM,NEW HAMPSHIRE AVE,NA,SAME DIR REND RIGHT TURN,Clear,DRY,Medium,OTHER,NONE DETECTED,Yes,No Apparent Injury,N/A,LOOKED BUT DID NOT SEE,MD,PASSENGER CAR,MOVING CONSTANT SPEED,25,No,2022,NISS,PATH,38.98839167,-76.98726833,2023,2,22
230007400,Property Damage Crash,02/13/2023 09:45:00 PM,SAM EIG HWY,NA,STRAIGHT MOVEMENT ANGLE,Clear,DRY,Medium,TRAFFIC SIGNAL,NONE DETECTED,No,No Apparent Injury,N/A,LOOKED BUT DID NOT SEE,MD,PASSENGER CAR,MOVING CONSTANT SPEED,25,No,2014,AUDI,2S,39.11740015,-77.2058878,2023,2,21
230007400,Property Damage Crash,02/13/2023 09:45:00 PM,SAM EIG HWY,NA,STRAIGHT MOVEMENT ANGLE,Clear,DRY,Medium,TRAFFIC SIGNAL,NONE DETECTED,Yes,No Apparent Injury,N/A,LOOKED BUT DID NOT SEE,MD,PASSENGER CAR,MOVING CONSTANT SPEED,25,No,2013,FORD,F150,39.11740015,-77.2058878,2023,2,21
230007395,Property Damage Crash,02/13/2023 09:30:00 PM,BOILING BROOK PKWY,NA,STRAIGHT MOVEMENT ANGLE,Clear,DRY,Medium,STOP SIGN,NONE DETECTED,Yes,No Apparent Injury,N/A,INATTENTIVE OR LOST IN THOUGHT,MD,PASSENGER CAR,MOVING CONSTANT SPEED,25,No,2017,JEEP,TK,39.048014,-77.10037317,2023,2,21
230007395,Property Damage Crash,02/13/2023 09:30:00 PM,BOILING BROOK PKWY,NA,STRAIGHT MOVEMENT ANGLE,Clear,DRY,Medium,STOP SIGN,NONE DETECTED,No,No Apparent Injury,N/A,NOT DISTRACTED,MD,PASSENGER CAR,MOVING CONSTANT SPEED,25,No,2015,TOYT,SD,39.048014,-77.10037317,2023,2,21
230007392,Property Damage Crash,02/13/2023 09:23:00 PM,CLOPPER RD,NA,ANGLE MEETS LEFT TURN,Clear,DRY,Medium,TRAFFIC SIGNAL,NONE DETECTED,Yes,No Apparent Injury,N/A,NOT DISTRACTED,MD,PASSENGER CAR,MOVING CONSTANT SPEED,35,No,2011,HYUN,SD,39.14744547,-77.23295483,2023,2,21
230007392,Property Damage Crash,02/13/2023 09:23:00 PM,CLOPPER RD,NA,ANGLE MEETS LEFT TURN,Clear,DRY,Medium,TRAFFIC SIGNAL,NONE DETECTED,No,No Apparent Injury,N/A,NOT DISTRACTED,MD,PASSENGER CAR,MOVING CONSTANT SPEED,35,No,2002,ACUR,HB,39.14744547,-77.23295483,2023,2,21
230006140,Injury Crash,02/13/2023 09:21:00 PM,HOWE DR,NA,SINGLE VEHICLE,Clear,DRY,Dark,N/A,ALCOHOL PRESENT,Yes,Possible Minor Injury,N/A,TALKING OR LISTENING TO CELLULAR PHONE,MD,PASSENGER CAR,MAKING LEFT TURN,25,No,2018,NISSAN,MAXIMA,39.14968526,-77.07102659,2023,2,21
230007389,Property Damage Crash,02/13/2023 09:06:00 PM,W WATKINS MILL RD,NA,SAME DIRECTION SIDESWIPE,Clear,DRY,Medium,TRAFFIC SIGNAL,NONE DETECTED,No,No Apparent Injury,N/A,NOT DISTRACTED,MD,PASSENGER CAR,MOVING CONSTANT SPEED,35,No,2018,HONDA,CIVIC,39.1475775,-77.23262458,2023,2,21
230007389,Property Damage Crash,02/13/2023 09:06:00 PM,W WATKINS MILL RD,NA,SAME DIRECTION SIDESWIPE,Clear,DRY,Medium,TRAFFIC SIGNAL,NONE DETECTED,Yes,No Apparent Injury,N/A,NOT DISTRACTED,MD,PASSENGER CAR,MAKING LEFT TURN,35,No,2019,TOYOTA,HIGHLANDER,39.1475775,-77.23262458,2023,2,21
230007384,Property Damage Crash,02/13/2023 07:51:00 PM,FAIRLAND RD,NA,N/A,Clear,DRY,Dark,NO CONTROLS,NONE DETECTED,Yes,No Apparent Injury,N/A,NOT DISTRACTED,VA,PASSENGER CAR,SLOWING OR STOPPING,40,No,2014,MITSUBISHI,OUTLANDER,39.084039,-76.98578333,2023,2,19
230007377,Injury Crash,02/13/2023 07:28:00 PM,NA,NA,STRAIGHT MOVEMENT ANGLE,Clear,NA,Medium,STOP SIGN,NONE DETECTED,No,No Apparent Injury,N/A,NOT DISTRACTED,MD,PASSENGER CAR,MOVING CONSTANT SPEED,10,No,2007,HOND,CIVIC,39.0569341,-77.11603881,2023,2,19