Local Case Number,ACRS Report Type,Crash Date/Time,Road Name,Related Non-Motorist,Collision Type,Weather,Surface Condition,Light,Traffic Control,Driver Substance Abuse,Driver At Fault,Injury Severity,Circumstance,Driver Distracted By,Drivers License State,Vehicle Body Type,Vehicle Movement,Speed Limit,Driverless Vehicle,Vehicle Year,Vehicle Make,Vehicle Model,Latitude,Longitude,Year,Month,Hour
230007377,Injury Crash,02/13/2023 07:28:00 PM,NA,NA,STRAIGHT MOVEMENT ANGLE,Clear,NA,Medium,STOP SIGN,NONE DETECTED,Yes,No Apparent Injury,N/A,UNKNOWN,MD,(SPORT) UTILITY VEHICLE,OTHER,10,No,2022,JEEP,GLADIATOR,39.0569341,-77.11603881,2023,2,19
230007370,Property Damage Crash,02/13/2023 06:59:00 PM,VEIRS MILL RD,NA,ANGLE MEETS RIGHT TURN,Clear,DRY,Medium,TRAFFIC SIGNAL,NONE DETECTED,No,No Apparent Injury,N/A,NOT DISTRACTED,VA,PASSENGER CAR,SLOWING OR STOPPING,35,No,2019,HONDA,HRV,39.036795,-77.05108,2023,2,18
230007370,Property Damage Crash,02/13/2023 06:59:00 PM,VEIRS MILL RD,NA,ANGLE MEETS RIGHT TURN,Clear,DRY,Medium,TRAFFIC SIGNAL,NONE DETECTED,Yes,No Apparent Injury,N/A,UNKNOWN,NA,PASSENGER CAR,RIGHT TURN ON RED,35,No,2020,KIA,FORTE,39.036795,-77.05108,2023,2,18
230007367,Property Damage Crash,02/13/2023 06:54:00 PM,QUINCE ORCHARD RD,NA,STRAIGHT MOVEMENT ANGLE,Clear,DRY,Medium,TRAFFIC SIGNAL,NONE DETECTED,Yes,No Apparent Injury,N/A,LOOKED BUT DID NOT SEE,MD,PASSENGER CAR,MAKING LEFT TURN,40,No,2008,VOLK,HB,39.12902332,-77.23072985,2023,2,18
230007367,Property Damage Crash,02/13/2023 06:54:00 PM,QUINCE ORCHARD RD,NA,STRAIGHT MOVEMENT ANGLE,Clear,DRY,Medium,TRAFFIC SIGNAL,NONE DETECTED,No,No Apparent Injury,N/A,NOT DISTRACTED,MD,OTHER,MOVING CONSTANT SPEED,40,No,2000,FORD,TRUCK,39.12902332,-77.23072985,2023,2,18
230007033,Property Damage Crash,02/13/2023 06:44:00 PM,PERRYWOOD DR,NA,SINGLE VEHICLE,Clear,DRY,Medium,NO CONTROLS,NONE DETECTED,Yes,No Apparent Injury,N/A,OTHER DISTRACTION,MD,PASSENGER CAR,MOVING CONSTANT SPEED,35,No,2022,BMW,UT,39.09582183,-76.94576828,2023,2,18
230007363,Property Damage Crash,02/13/2023 06:28:00 PM,NA,NA,OTHER,Clear,NA,Medium,N/A,NONE DETECTED,Yes,No Apparent Injury,N/A,DISTRACTED BY OUTSIDE PERSON OBJECT OR EVENT,MD,PASSENGER CAR,BACKING,0,No,2021,TOYOTA,COROLLA,39.15295409,-77.06779977,2023,2,18
230007342,Property Damage Crash,02/13/2023 05:34:00 PM,COLUMBIA PIKE,NA,SAME DIR REAR END,Clear,DRY,Daylight,TRAFFIC SIGNAL,NONE DETECTED,Yes,No Apparent Injury,N/A,LOOKED BUT DID NOT SEE,MD,(SPORT) UTILITY VEHICLE,MOVING CONSTANT SPEED,50,No,2015,ACURA,4D,39.047619160000004,-76.98533295,2023,2,17
230007342,Property Damage Crash,02/13/2023 05:34:00 PM,COLUMBIA PIKE,NA,SAME DIR REAR END,Clear,DRY,Daylight,TRAFFIC SIGNAL,NONE DETECTED,No,No Apparent Injury,N/A,NOT DISTRACTED,VA,PASSENGER CAR,SLOWING OR STOPPING,50,No,2022,TOYOTA,COROLLA,39.047619160000004,-76.98533295,2023,2,17
230007337,Property Damage Crash,02/13/2023 04:40:00 PM,WILDCAT RD,NA,SAME DIRECTION SIDESWIPE,Clear,DRY,Daylight,NO CONTROLS,NONE DETECTED,No,No Apparent Injury,N/A,NOT DISTRACTED,MD,PASSENGER CAR,MOVING CONSTANT SPEED,25,No,2014,SCION,TC,39.23265667,-77.20479,2023,2,16
230007337,Property Damage Crash,02/13/2023 04:40:00 PM,WILDCAT RD,NA,SAME DIRECTION SIDESWIPE,Clear,DRY,Daylight,NO CONTROLS,NONE DETECTED,Yes,No Apparent Injury,N/A,UNKNOWN,MD,PASSENGER CAR,PASSING,25,No,2007,HYUNDAI,ELANTRA,39.23265667,-77.20479,2023,2,16
230007328,Property Damage Crash,02/13/2023 04:21:00 PM,N WASHINGTON ST,NA,STRAIGHT MOVEMENT ANGLE,Clear,DRY,Daylight,NO CONTROLS,NONE DETECTED,Yes,No Apparent Injury,N/A,NOT DISTRACTED,MD,PASSENGER CAR,MOVING CONSTANT SPEED,30,No,2014,TOYT,SD,39.08805656,-77.15357798,2023,2,16
230007328,Property Damage Crash,02/13/2023 04:21:00 PM,N WASHINGTON ST,NA,STRAIGHT MOVEMENT ANGLE,Clear,DRY,Daylight,NO CONTROLS,NONE DETECTED,No,No Apparent Injury,N/A,NOT DISTRACTED,MD,PASSENGER CAR,MOVING CONSTANT SPEED,30,No,2015,BMW,TK,39.08805656,-77.15357798,2023,2,16
230007321,Property Damage Crash,02/13/2023 04:00:00 PM,GEORGIA AVE,NA,SINGLE VEHICLE,Cloudy,DRY,Daylight,NO CONTROLS,NONE DETECTED,Yes,No Apparent Injury,N/A,NOT DISTRACTED,DC,PASSENGER CAR,SLOWING OR STOPPING,30,No,2001,HONDA,CIVIC,38.99657383,-77.02879333,2023,2,16
230007320,Injury Crash,02/13/2023 03:49:00 PM,RANDOLPH RD,PEDESTRIAN,SINGLE VEHICLE,Clear,DRY,Daylight,TRAFFIC SIGNAL,NONE DETECTED,No,No Apparent Injury,"N/A, VISION OBSTRUCTION (INCL. BLINDED BY SUN)",LOOKED BUT DID NOT SEE,MD,PASSENGER CAR,STARTING FROM LANE,35,No,2015,NISSAN,TK,39.05625874,-77.0825617,2023,2,15
230007308,Property Damage Crash,02/13/2023 02:34:00 PM,RICHTER FARM RD,NA,SINGLE VEHICLE,Cloudy,DRY,Daylight,NO CONTROLS,NONE DETECTED,Yes,No Apparent Injury,N/A,OTHER DISTRACTION,MD,PASSENGER CAR,MOVING CONSTANT SPEED,35,No,2016,ACURA,RDX,39.16955167,-77.29697167,2023,2,14
230007269,Property Damage Crash,02/13/2023 12:25:00 PM,NORBECK RD,NA,STRAIGHT MOVEMENT ANGLE,Clear,DRY,Daylight,TRAFFIC SIGNAL,NONE DETECTED,Yes,No Apparent Injury,N/A,INATTENTIVE OR LOST IN THOUGHT,MD,PASSENGER CAR,MOVING CONSTANT SPEED,40,No,2012,CHEV,4S,39.12053015,-77.03385105,2023,2,12
230007269,Property Damage Crash,02/13/2023 12:25:00 PM,NORBECK RD,NA,STRAIGHT MOVEMENT ANGLE,Clear,DRY,Daylight,TRAFFIC SIGNAL,NONE DETECTED,No,No Apparent Injury,N/A,NOT DISTRACTED,MD,PASSENGER CAR,MOVING CONSTANT SPEED,45,No,2016,ACUR,TK,39.12053015,-77.03385105,2023,2,12
230007277,Property Damage Crash,02/13/2023 12:24:00 PM,GEORGIA AVE,NA,SAME DIR REAR END,Clear,DRY,Daylight,TRAFFIC SIGNAL,NONE DETECTED,Yes,No Apparent Injury,N/A,NOT DISTRACTED,MD,PASSENGER CAR,SLOWING OR STOPPING,35,No,1999,DODGE,DURANGO,38.99605052,-77.02805454,2023,2,12
230007277,Property Damage Crash,02/13/2023 12:24:00 PM,GEORGIA AVE,NA,SAME DIR REAR END,Clear,DRY,Daylight,TRAFFIC SIGNAL,NONE DETECTED,No,No Apparent Injury,N/A,NOT DISTRACTED,DC,PASSENGER CAR,SLOWING OR STOPPING,35,No,2015,TOYOTA,PRIUS,38.99605052,-77.02805454,2023,2,12
230007266,Injury Crash,02/13/2023 12:05:00 PM,NEW HAMPSHIRE AVE,NA,SAME DIR REAR END,Clear,DRY,Daylight,NO CONTROLS,NONE DETECTED,Yes,No Apparent Injury,N/A,LOOKED BUT DID NOT SEE,MD,"CARGO VAN/LIGHT TRUCK 2 AXLES (OVER 10,000LBS (4,536 KG))",MOVING CONSTANT SPEED,40,No,2017,CHEVROLET,EXPRESS,39.05004636,-76.99297767,2023,2,12
230007266,Injury Crash,02/13/2023 12:05:00 PM,NEW HAMPSHIRE AVE,NA,SAME DIR REAR END,Clear,DRY,Daylight,NO CONTROLS,NONE DETECTED,No,Possible Minor Injury,N/A,NOT DISTRACTED,MD,OTHER,STOPPED IN TRAFFIC LANE,40,No,2000,FORD,MAIL TRUCK,39.05004636,-76.99297767,2023,2,12
230007275,Injury Crash,02/13/2023 12:00:00 PM,GEORGIA AVE,NA,SAME DIR REAR END,Clear,DRY,Daylight,TRAFFIC SIGNAL,NONE DETECTED,No,No Apparent Injury,N/A,NOT DISTRACTED,MD,PASSENGER CAR,SLOWING OR STOPPING,35,No,2007,SUBA,TK,39.01567833,-77.04298167,2023,2,12
230007275,Injury Crash,02/13/2023 12:00:00 PM,GEORGIA AVE,NA,SAME DIR REAR END,Clear,DRY,Daylight,TRAFFIC SIGNAL,NONE DETECTED,Yes,Possible Minor Injury,N/A,NOT DISTRACTED,MD,PASSENGER CAR,MOVING CONSTANT SPEED,35,No,2016,NISSAN,SENTRA,39.01567833,-77.04298167,2023,2,12
230007256,Injury Crash,02/13/2023 10:54:00 AM,NA,NA,SINGLE VEHICLE,Clear,NA,Daylight,NO CONTROLS,NONE DETECTED,Yes,Possible Minor Injury,N/A,NOT DISTRACTED,MD,PASSENGER CAR,BACKING,5,No,2023,MERZ,C300,38.98866517,-77.07934467,2023,2,10
230007252,Property Damage Crash,02/13/2023 10:43:00 AM,NEW HAMPSHIRE AVE SERV RD,NA,SAME DIRECTION RIGHT TURN,Clear,DRY,Daylight,TRAFFIC SIGNAL,NONE DETECTED,Yes,No Apparent Injury,N/A,NOT DISTRACTED,PA,PASSENGER CAR,MOVING CONSTANT SPEED,35,No,2019,GMC,SW,38.98804917,-76.98820267,2023,2,10
230007252,Property Damage Crash,02/13/2023 10:43:00 AM,NEW HAMPSHIRE AVE SERV RD,NA,SAME DIRECTION RIGHT TURN,Clear,DRY,Daylight,TRAFFIC SIGNAL,NONE DETECTED,No,No Apparent Injury,N/A,NOT DISTRACTED,MD,OTHER BUS,MOVING CONSTANT SPEED,35,No,2014,CHEVY,YY,38.98804917,-76.98820267,2023,2,10
230007242,Property Damage Crash,02/13/2023 10:00:00 AM,UNIVERSITY BLVD E,NA,HEAD ON LEFT TURN,Clear,DRY,Daylight,TRAFFIC SIGNAL,NONE DETECTED,No,No Apparent Injury,N/A,NOT DISTRACTED,MD,PASSENGER CAR,MAKING RIGHT TURN,35,No,2015,HONDA,ACCORD,39.00044683,-76.99545933,2023,2,10
230007242,Property Damage Crash,02/13/2023 10:00:00 AM,UNIVERSITY BLVD E,NA,HEAD ON LEFT TURN,Clear,DRY,Daylight,TRAFFIC SIGNAL,NONE DETECTED,Yes,No Apparent Injury,N/A,NOT DISTRACTED,MD,PASSENGER CAR,MOVING CONSTANT SPEED,35,No,2018,VOLKSWAGON,ATLAS,39.00044683,-76.99545933,2023,2,10
230007232,Injury Crash,02/13/2023 09:40:00 AM,GOSHEN RD,PEDESTRIAN,HEAD ON LEFT TURN,Clear,WET,Daylight,TRAFFIC SIGNAL,NONE DETECTED,No,No Apparent Injury,"N/A, WET",NOT DISTRACTED,MD,PASSENGER CAR,MOVING CONSTANT SPEED,30,No,2008,FORD,TK,39.18786333,-77.187085,2023,2,9
230007232,Injury Crash,02/13/2023 09:40:00 AM,GOSHEN RD,PEDESTRIAN,HEAD ON LEFT TURN,Clear,WET,Daylight,TRAFFIC SIGNAL,NONE DETECTED,Yes,No Apparent Injury,"N/A, WET",UNKNOWN,MD,PASSENGER CAR,MAKING LEFT TURN,30,No,2012,INFINITI,G37,39.18786333,-77.187085,2023,2,9
230007248,Property Damage Crash,02/13/2023 09:30:00 AM,CLARKSBURG RD,NA,SAME DIRECTION SIDESWIPE,Clear,DRY,Daylight,NO CONTROLS,NONE DETECTED,Yes,No Apparent Injury,N/A,LOOKED BUT DID NOT SEE,XX,PASSENGER CAR,STARTING FROM PARKED,25,No,2017,VOLVO,S90,39.22221777,-77.2856136,2023,2,9
230007248,Property Damage Crash,02/13/2023 09:30:00 AM,CLARKSBURG RD,NA,SAME DIRECTION SIDESWIPE,Clear,DRY,Daylight,NO CONTROLS,NONE DETECTED,No,No Apparent Injury,N/A,NOT DISTRACTED,MD,PASSENGER CAR,MOVING CONSTANT SPEED,25,No,2014,TOYOTA,COROLLA,39.22221777,-77.2856136,2023,2,9
230007310,Injury Crash,02/13/2023 09:30:00 AM,QUINCE ORCHARD RD,NA,SINGLE VEHICLE,Clear,DRY,Daylight,TRAFFIC SIGNAL,NONE DETECTED,No,Suspected Serious Injury,N/A,OTHER DISTRACTION,MD,PASSENGER CAR,MOVING CONSTANT SPEED,35,No,2019,MINI,CN,39.12840649,-77.23717554,2023,2,9
230007237,Property Damage Crash,02/13/2023 09:15:00 AM,BEL PRE RD,NA,SAME DIR REAR END,Clear,DRY,Daylight,NO CONTROLS,NONE DETECTED,Yes,No Apparent Injury,N/A,LOOKED BUT DID NOT SEE,MD,PASSENGER CAR,MOVING CONSTANT SPEED,35,No,2006,HONDA,CIVIC,39.092455,-77.04575667,2023,2,9
230007237,Property Damage Crash,02/13/2023 09:15:00 AM,BEL PRE RD,NA,SAME DIR REAR END,Clear,DRY,Daylight,NO CONTROLS,NONE DETECTED,No,No Apparent Injury,N/A,NOT DISTRACTED,XX,PASSENGER CAR,SLOWING OR STOPPING,35,No,2022,MITSIBISHI,OUTLANDER,39.092455,-77.04575667,2023,2,9
230007230,Property Damage Crash,02/13/2023 09:03:00 AM,FREDERICK RD,NA,OTHER,Clear,DRY,Daylight,NO CONTROLS,NONE DETECTED,Yes,No Apparent Injury,N/A,INATTENTIVE OR LOST IN THOUGHT,MD,PASSENGER CAR,MAKING RIGHT TURN,45,No,2016,CHEVROLET,CRUZ,39.20872167,-77.24735383,2023,2,9
230007230,Property Damage Crash,02/13/2023 09:03:00 AM,FREDERICK RD,NA,OTHER,Clear,DRY,Daylight,NO CONTROLS,NONE DETECTED,No,No Apparent Injury,N/A,NOT DISTRACTED,MD,TRANSIT BUS,SLOWING OR STOPPING,45,No,2017,GILLIG,GILLIG BUS,39.20872167,-77.24735383,2023,2,9
230007245,Property Damage Crash,02/13/2023 08:45:00 AM,NA,NA,SAME DIR REAR END,Clear,NA,Daylight,NO CONTROLS,NONE DETECTED,Yes,No Apparent Injury,N/A,UNKNOWN,MD,(SPORT) UTILITY VEHICLE,SLOWING OR STOPPING,15,No,2018,GMC,YUKON XL,39.01165233,-77.10543033,2023,2,8
230007245,Property Damage Crash,02/13/2023 08:45:00 AM,NA,NA,SAME DIR REAR END,Clear,NA,Daylight,NO CONTROLS,NONE DETECTED,No,No Apparent Injury,N/A,NOT DISTRACTED,MD,PASSENGER CAR,SLOWING OR STOPPING,15,No,2012,FIAT,500,39.01165233,-77.10543033,2023,2,8
230007226,Injury Crash,02/13/2023 08:30:00 AM,WOODFIELD RD,NA,SAME DIR REAR END,Clear,WET,Daylight,NO CONTROLS,NONE DETECTED,No,Possible Minor Injury,"N/A, WET",NOT DISTRACTED,MD,PASSENGER CAR,STOPPED IN TRAFFIC LANE,40,No,2010,MERCEDEZ,R350,39.23871333,-77.182265,2023,2,8
230007226,Injury Crash,02/13/2023 08:30:00 AM,WOODFIELD RD,NA,SAME DIR REAR END,Clear,WET,Daylight,NO CONTROLS,NONE DETECTED,Yes,No Apparent Injury,"N/A, WET",UNKNOWN,MD,PASSENGER CAR,MOVING CONSTANT SPEED,40,No,2008,CHEVY,SILVERADO,39.23871333,-77.182265,2023,2,8
230007229,Injury Crash,02/13/2023 08:19:00 AM,ROCKVILLE PIKE,NA,SAME DIR REAR END,Clear,DRY,Daylight,NO CONTROLS,NONE DETECTED,No,Possible Minor Injury,N/A,NOT DISTRACTED,MD,PASSENGER CAR,SLOWING OR STOPPING,35,No,2019,VOLKSWAGEN,ARTEON,38.997185,-77.09655967,2023,2,8
230007229,Injury Crash,02/13/2023 08:19:00 AM,ROCKVILLE PIKE,NA,SAME DIR REAR END,Clear,DRY,Daylight,NO CONTROLS,NONE DETECTED,Yes,No Apparent Injury,N/A,NOT DISTRACTED,MD,OTHER BUS,SLOWING OR STOPPING,35,No,2018,FORD,E-350,38.997185,-77.09655967,2023,2,8
230007221,Property Damage Crash,02/13/2023 07:53:00 AM,FLETCHER PL,NA,OPPOSITE DIRECTION SIDESWIPE,Clear,DRY,Daylight,N/A,NONE DETECTED,No,No Apparent Injury,N/A,NOT DISTRACTED,MD,PASSENGER CAR,PARKED,10,No,2006,ACURA,MDX,39.08315633,-77.1188195,2023,2,7
230007221,Property Damage Crash,02/13/2023 07:53:00 AM,FLETCHER PL,NA,OPPOSITE DIRECTION SIDESWIPE,Clear,DRY,Daylight,N/A,NONE DETECTED,Yes,No Apparent Injury,N/A,NOT DISTRACTED,MD,SCHOOL BUS,OTHER,10,No,2018,THMS BU,BUS,39.08315633,-77.1188195,2023,2,7
230007220,Injury Crash,02/13/2023 07:45:00 AM,VEIRS MILL RD,NA,SAME DIRECTION SIDESWIPE,Cloudy,ICE,Daylight,N/A,NONE DETECTED,No,No Apparent Injury,"ICY OR SNOW-COVERED, SLEET, HAIL, FREEZ. RAIN",NOT DISTRACTED,MD,PASSENGER CAR,MOVING CONSTANT SPEED,35,No,2017,HOND,SD,39.07176633,-77.10899267,2023,2,7
230007220,Injury Crash,02/13/2023 07:45:00 AM,VEIRS MILL RD,NA,SAME DIRECTION SIDESWIPE,Cloudy,ICE,Daylight,N/A,NONE DETECTED,Yes,No Apparent Injury,"ICY OR SNOW-COVERED, SLEET, HAIL, FREEZ. RAIN",NOT DISTRACTED,MD,PASSENGER CAR,CHANGING LANES,35,No,2002,FORD,VAN,39.07176633,-77.10899267,2023,2,7
230007217,Injury Crash,02/13/2023 07:33:00 AM,TUCKERMAN LA,NA,STRAIGHT MOVEMENT ANGLE,Clear,WET,Daylight,STOP SIGN,NONE DETECTED,Yes,Possible Minor Injury,N/A,NOT DISTRACTED,MD,PASSENGER CAR,MAKING LEFT TURN,30,No,2020,HONDA,CRV,39.03003367,-77.11283917,2023,2,7
230007219,Injury Crash,02/13/2023 07:33:00 AM,WOOTTON PKWY,NA,SINGLE VEHICLE,Clear,ICE,Daylight,NO CONTROLS,NONE DETECTED,Yes,Possible Minor Injury,"ICY OR SNOW-COVERED, N/A",NOT DISTRACTED,DC,PASSENGER CAR,MOVING CONSTANT SPEED,35,No,2003,FORD,E-350,39.06698667,-77.15762617,2023,2,7
230007217,Injury Crash,02/13/2023 07:33:00 AM,TUCKERMAN LA,NA,STRAIGHT MOVEMENT ANGLE,Clear,WET,Daylight,STOP SIGN,NONE DETECTED,No,Possible Minor Injury,N/A,NOT DISTRACTED,MD,(SPORT) UTILITY VEHICLE,MOVING CONSTANT SPEED,30,No,2011,TOYOTA,SIENNA,39.03003367,-77.11283917,2023,2,7
230007216,Injury Crash,02/13/2023 07:24:00 AM,CONNECTICUT AVE,NA,SINGLE VEHICLE,Clear,ICE,Daylight,NO CONTROLS,NONE DETECTED,Unknown,Possible Minor Injury,"ICY OR SNOW-COVERED, N/A",NOT DISTRACTED,MD,PICKUP TRUCK,MOVING CONSTANT SPEED,35,No,2006,CHEVROLET,2500,39.07241,-77.07759167,2023,2,7
230007212,Property Damage Crash,02/13/2023 07:22:00 AM,NORBECK RD,NA,SAME DIR REAR END,Clear,ICE,Dark,NO CONTROLS,NONE DETECTED,Unknown,No Apparent Injury,"ICY OR SNOW-COVERED, SLEET, HAIL, FREEZ. RAIN",NOT DISTRACTED,MD,VAN,SKIDDING,50,No,2017,RAM,PROMASTER,39.09401243,-77.11741173,2023,2,7
230007212,Property Damage Crash,02/13/2023 07:22:00 AM,NORBECK RD,NA,SAME DIR REAR END,Clear,ICE,Dark,NO CONTROLS,NONE DETECTED,Unknown,No Apparent Injury,"ICY OR SNOW-COVERED, SLEET, HAIL, FREEZ. RAIN",LOOKED BUT DID NOT SEE,NA,NA,SLOWING OR STOPPING,50,Unknown,0,UNKNOWN,UNKNOWN,39.09401243,-77.11741173,2023,2,7
230007210,Property Damage Crash,02/13/2023 07:18:00 AM,NORBECK RD,NA,SAME DIRECTION SIDESWIPE,Snow,ICE,Daylight,NO CONTROLS,NONE DETECTED,Yes,No Apparent Injury,"ICY OR SNOW-COVERED, SLEET, HAIL, FREEZ. RAIN",NOT DISTRACTED,MD,PASSENGER CAR,SLOWING OR STOPPING,40,No,2014,TOYT,SD,39.09438333,-77.11918667,2023,2,7
230007210,Property Damage Crash,02/13/2023 07:18:00 AM,NORBECK RD,NA,SAME DIRECTION SIDESWIPE,Snow,ICE,Daylight,NO CONTROLS,NONE DETECTED,No,No Apparent Injury,"ICY OR SNOW-COVERED, SLEET, HAIL, FREEZ. RAIN",NOT DISTRACTED,MD,SCHOOL BUS,SLOWING OR STOPPING,40,No,2018,FRHT,BU,39.09438333,-77.11918667,2023,2,7
230007213,Property Damage Crash,02/13/2023 07:05:00 AM,DARNESTOWN RD,NA,OTHER,Clear,ICE,Daylight,NO CONTROLS,NONE DETECTED,No,No Apparent Injury,"ICY OR SNOW-COVERED, N/A",NOT DISTRACTED,MD,"OTHER LIGHT TRUCKS (10,000LBS (4,536KG) OR LESS)",STOPPED IN TRAFFIC LANE,50,No,2002,FORD,F350,39.12805942,-77.33572368,2023,2,7
230007213,Property Damage Crash,02/13/2023 07:05:00 AM,DARNESTOWN RD,NA,OTHER,Clear,ICE,Daylight,NO CONTROLS,NONE DETECTED,Yes,No Apparent Injury,"ICY OR SNOW-COVERED, N/A",NOT DISTRACTED,MD,PASSENGER CAR,MOVING CONSTANT SPEED,50,No,1997,HONDA,ACCORD,39.12805942,-77.33572368,2023,2,7
230007208,Injury Crash,02/13/2023 07:03:00 AM,SHADY GROVE RD,NA,SAME DIR REAR END,Clear,ICE,Daylight,N/A,NONE DETECTED,Yes,No Apparent Injury,"ICY OR SNOW-COVERED, N/A",UNKNOWN,NA,PASSENGER CAR,MOVING CONSTANT SPEED,40,No,0,HONDA,ACCORD,39.13011333,-77.16284,2023,2,7
230007208,Injury Crash,02/13/2023 07:03:00 AM,SHADY GROVE RD,NA,SAME DIR REAR END,Clear,ICE,Daylight,N/A,NONE DETECTED,No,Possible Minor Injury,"ICY OR SNOW-COVERED, N/A",NOT DISTRACTED,MD,PASSENGER CAR,SLOWING OR STOPPING,40,No,2014,TOYOTA,CAROLLA,39.13011333,-77.16284,2023,2,7
230007218,Property Damage Crash,02/13/2023 06:57:00 AM,DARNESTOWN RD,NA,SINGLE VEHICLE,Clear,ICE,Medium,NO CONTROLS,NONE DETECTED,Yes,No Apparent Injury,"ICY OR SNOW-COVERED, N/A",NOT DISTRACTED,MD,(SPORT) UTILITY VEHICLE,MOVING CONSTANT SPEED,50,No,1998,TOYOTA,4RUNNER,39.12805376,-77.33568433,2023,2,6
230007203,Injury Crash,02/13/2023 06:45:00 AM,FREDERICK RD,NA,SAME DIR REAR END,Clear,ICE,Medium,NO CONTROLS,NONE DETECTED,No,No Apparent Injury,"ICY OR SNOW-COVERED, SLEET, HAIL, FREEZ. RAIN",NOT DISTRACTED,MD,PASSENGER CAR,SLOWING OR STOPPING,40,No,2009,FORD,F250,39.16713694,-77.22939574,2023,2,6
230007203,Injury Crash,02/13/2023 06:45:00 AM,FREDERICK RD,NA,SAME DIR REAR END,Clear,ICE,Medium,NO CONTROLS,NONE DETECTED,Yes,Possible Minor Injury,"ICY OR SNOW-COVERED, SLEET, HAIL, FREEZ. RAIN",NOT DISTRACTED,MD,PASSENGER CAR,MOVING CONSTANT SPEED,40,No,2022,LEX,350,39.16713694,-77.22939574,2023,2,6
230007205,Injury Crash,02/13/2023 06:31:00 AM,GREAT SENECA HWY,NA,SINGLE VEHICLE,Cloudy,ICE,Dark,N/A,NONE DETECTED,No,Possible Minor Injury,"ICY OR SNOW-COVERED, N/A",NOT DISTRACTED,MD,PICKUP TRUCK,MOVING CONSTANT SPEED,55,No,2009,CHEV,SILVERADO,39.13780833,-77.26380833,2023,2,6
230007206,Property Damage Crash,02/13/2023 06:30:00 AM,NORBECK RD,NA,SINGLE VEHICLE,Clear,ICE,Medium,NO CONTROLS,NONE DETECTED,Yes,No Apparent Injury,"ICY OR SNOW-COVERED, SLEET, HAIL, FREEZ. RAIN, WET",NOT DISTRACTED,MD,PASSENGER CAR,MOVING CONSTANT SPEED,60,No,2008,HONDA,FIT,39.092455,-77.04575667,2023,2,6
230007207,Injury Crash,02/13/2023 06:16:00 AM,EISENHOWER MEMORIAL HWY,NA,OTHER,Clear,ICE,Dark,N/A,NONE DETECTED,No,No Apparent Injury,"ICY OR SNOW-COVERED, N/A",NOT DISTRACTED,MD,PASSENGER CAR,MOVING CONSTANT SPEED,55,No,2022,LEXS,SD,39.16339621,-77.23713925,2023,2,6
230007207,Injury Crash,02/13/2023 06:16:00 AM,EISENHOWER MEMORIAL HWY,NA,OTHER,Clear,ICE,Dark,N/A,NONE DETECTED,No,Possible Minor Injury,"ICY OR SNOW-COVERED, N/A",NOT DISTRACTED,MD,VAN,MOVING CONSTANT SPEED,55,No,2005,FORD,E350,39.16339621,-77.23713925,2023,2,6
230007207,Injury Crash,02/13/2023 06:16:00 AM,EISENHOWER MEMORIAL HWY,NA,OTHER,Clear,ICE,Dark,N/A,NONE DETECTED,No,No Apparent Injury,"ICY OR SNOW-COVERED, N/A",NOT DISTRACTED,MD,PASSENGER CAR,MOVING CONSTANT SPEED,55,No,2018,CHEV,SILVERADO,39.16339621,-77.23713925,2023,2,6
230007199,Property Damage Crash,02/13/2023 01:15:00 AM,CINNAMON DR,NA,SAME DIR REAR END,Rain,WET,Medium,NO CONTROLS,NONE DETECTED,Yes,No Apparent Injury,"N/A, WET",UNKNOWN,NA,PASSENGER CAR,MOVING CONSTANT SPEED,25,No,0,UNK,UNK,39.158355,-77.26304,2023,2,1
230007078,Injury Crash,02/13/2023 12:49:00 AM,ELLINGTON BLVD,NA,SINGLE VEHICLE,Clear,DRY,Medium,STOP SIGN,ALCOHOL PRESENT,Yes,Possible Minor Injury,N/A,UNKNOWN,MD,PASSENGER CAR,MOVING CONSTANT SPEED,25,No,2015,NISSAN,SENTRA,39.11432817,-77.20588017,2023,2,0
230007195,Property Damage Crash,02/13/2023 12:48:00 AM,COLUMBIA PIKE,NA,SINGLE VEHICLE,Rain,WET,Dark,NO CONTROLS,NONE DETECTED,Yes,No Apparent Injury,"RAIN, SNOW, WET",UNKNOWN,NA,PASSENGER CAR,NEGOTIATING A CURVE,35,No,2013,HONDA,CRV,39.08497833,-76.94786833,2023,2,0
230007193,Property Damage Crash,02/13/2023 12:03:00 AM,SPRING ST,NA,STRAIGHT MOVEMENT ANGLE,Rain,WET,Medium,NO CONTROLS,NONE DETECTED,No,No Apparent Injury,N/A,NOT DISTRACTED,MD,PASSENGER CAR,MOVING CONSTANT SPEED,25,No,2019,HYUNDAI,SANTE FE,38.998415,-77.03294167,2023,2,0
230007193,Property Damage Crash,02/13/2023 12:03:00 AM,SPRING ST,NA,STRAIGHT MOVEMENT ANGLE,Rain,WET,Medium,NO CONTROLS,NONE DETECTED,Yes,No Apparent Injury,N/A,LOOKED BUT DID NOT SEE,MD,PASSENGER CAR,ACCELERATING,25,No,2010,ACURA,TL,38.998415,-77.03294167,2023,2,0
230007189,Property Damage Crash,02/12/2023 11:28:00 PM,PARKLAWN DR,NA,SAME DIR REAR END,Rain,WET,Medium,TRAFFIC SIGNAL,NONE DETECTED,No,No Apparent Injury,"RAIN, SNOW, WET",NOT DISTRACTED,MD,PASSENGER CAR,MOVING CONSTANT SPEED,30,No,2011,MAZDA,3,39.06084333,-77.11165333,2023,2,23
230007189,Property Damage Crash,02/12/2023 11:28:00 PM,PARKLAWN DR,NA,SAME DIR REAR END,Rain,WET,Medium,TRAFFIC SIGNAL,NONE DETECTED,Yes,No Apparent Injury,"RAIN, SNOW, WET",UNKNOWN,NA,NA,MOVING CONSTANT SPEED,30,No,0,UNKNOWN,UNKNOWN,39.06084333,-77.11165333,2023,2,23
230007190,Property Damage Crash,02/12/2023 11:23:00 PM,INDEPENDENCE ST,NA,HEAD ON,Rain,WET,Medium,NO CONTROLS,NONE DETECTED,Yes,No Apparent Injury,N/A,NOT DISTRACTED,MD,PASSENGER CAR,SLOWING OR STOPPING,30,No,2019,HONDA,CIVIC,39.07299977,-77.08571152,2023,2,23
230007184,Property Damage Crash,02/12/2023 09:23:00 PM,NA,NA,OTHER,Rain,NA,Medium,STOP SIGN,NONE DETECTED,No,No Apparent Injury,N/A,NOT DISTRACTED,MD,TRANSIT BUS,MAKING RIGHT TURN,5,No,2016,NEW FLYER,XCELSIOR,38.9943465,-77.0296808,2023,2,21
230007184,Property Damage Crash,02/12/2023 09:23:00 PM,NA,NA,OTHER,Rain,NA,Medium,STOP SIGN,NONE DETECTED,Yes,No Apparent Injury,N/A,NOT DISTRACTED,MD,TRANSIT BUS,MAKING LEFT TURN,5,No,2020,NOVABUS,LFS ARTICULATED,38.9943465,-77.0296808,2023,2,21
230007182,Injury Crash,02/12/2023 09:06:00 PM,SNOUFFERS SCHOOL RD,NA,STRAIGHT MOVEMENT ANGLE,Rain,WET,Medium,STOP SIGN,NONE DETECTED,No,No Apparent Injury,"RAIN, SNOW, WET",NOT DISTRACTED,MD,PASSENGER CAR,MOVING CONSTANT SPEED,40,No,2008,CHEVROLET,COBALT,39.16651367,-77.17131967,2023,2,21