Local Case Number,ACRS Report Type,Crash Date/Time,Road Name,Related Non-Motorist,Collision Type,Weather,Surface Condition,Light,Traffic Control,Driver Substance Abuse,Driver At Fault,Injury Severity,Circumstance,Driver Distracted By,Drivers License State,Vehicle Body Type,Vehicle Movement,Speed Limit,Driverless Vehicle,Vehicle Year,Vehicle Make,Vehicle Model,Latitude,Longitude,Year,Month,Hour
230007182,Injury Crash,02/12/2023 09:06:00 PM,SNOUFFERS SCHOOL RD,NA,STRAIGHT MOVEMENT ANGLE,Rain,WET,Medium,STOP SIGN,NONE DETECTED,Yes,No Apparent Injury,"RAIN, SNOW, WET",UNKNOWN,XX,PASSENGER CAR,MAKING LEFT TURN,15,No,2004,MITS,SD,39.16651367,-77.17131967,2023,2,21
230007180,Property Damage Crash,02/12/2023 08:57:00 PM,LITTLE SENECA PKWY,NA,SINGLE VEHICLE,Rain,WET,Medium,OTHER,DRUG PRESENT,Yes,No Apparent Injury,"RAIN, SNOW, WET",UNKNOWN,MD,PASSENGER CAR,NEGOTIATING A CURVE,35,No,2023,TOYOTA,CAMRY,39.229575,-77.25297,2023,2,20
230007179,Property Damage Crash,02/12/2023 08:42:00 PM,GEORGIA AVE,NA,SAME DIR REAR END,Rain,WET,Medium,TRAFFIC SIGNAL,NONE DETECTED,Yes,No Apparent Injury,N/A,UNKNOWN,MD,PASSENGER CAR,MOVING CONSTANT SPEED,35,No,2015,TOYT,4S,39.06122333,-77.05288667,2023,2,20
230007179,Property Damage Crash,02/12/2023 08:42:00 PM,GEORGIA AVE,NA,SAME DIR REAR END,Rain,WET,Medium,TRAFFIC SIGNAL,NONE DETECTED,No,No Apparent Injury,N/A,NOT DISTRACTED,MD,(SPORT) UTILITY VEHICLE,STOPPED IN TRAFFIC LANE,35,No,2004,HOND,TK,39.06122333,-77.05288667,2023,2,20
230007177,Property Damage Crash,02/12/2023 08:20:00 PM,NEW HAMPSHIRE AVE,NA,SAME DIR REAR END,Rain,WET,Medium,TRAFFIC SIGNAL,NONE DETECTED,Yes,No Apparent Injury,"RAIN, SNOW, WET",UNKNOWN,XX,PASSENGER CAR,STARTING FROM LANE,35,No,2016,HONDA,HR-V,38.98192583,-76.98889233,2023,2,20
230007177,Property Damage Crash,02/12/2023 08:20:00 PM,NEW HAMPSHIRE AVE,NA,SAME DIR REAR END,Rain,WET,Medium,TRAFFIC SIGNAL,NONE DETECTED,No,No Apparent Injury,"RAIN, SNOW, WET",NOT DISTRACTED,MD,PASSENGER CAR,STARTING FROM LANE,35,No,2014,FORD,SD,38.98192583,-76.98889233,2023,2,20
230007171,Property Damage Crash,02/12/2023 06:04:00 PM,ROCKVILLE PIKE,NA,STRAIGHT MOVEMENT ANGLE,Rain,WET,Medium,TRAFFIC SIGNAL,NONE DETECTED,Yes,No Apparent Injury,"RAIN, SNOW, WET",INATTENTIVE OR LOST IN THOUGHT,MD,PASSENGER CAR,MOVING CONSTANT SPEED,35,No,2018,AUDI,Q3,39.01493919,-77.09994449,2023,2,18
230007171,Property Damage Crash,02/12/2023 06:04:00 PM,ROCKVILLE PIKE,NA,STRAIGHT MOVEMENT ANGLE,Rain,WET,Medium,TRAFFIC SIGNAL,NONE DETECTED,No,No Apparent Injury,"RAIN, SNOW, WET",NOT DISTRACTED,MD,PASSENGER CAR,ACCELERATING,35,No,2014,HONDA,CRV,39.01493919,-77.09994449,2023,2,18
230007388,Injury Crash,02/12/2023 06:00:00 PM,CARROLL AVE,PEDESTRIAN,HEAD ON LEFT TURN,Rain,WET,Medium,TRAFFIC SIGNAL,NONE DETECTED,Yes,No Apparent Injury,N/A,UNKNOWN,MD,(SPORT) UTILITY VEHICLE,MAKING LEFT TURN,35,No,2016,HONDA,CRV,38.99994443,-76.99078522,2023,2,18
230007852,Property Damage Crash,02/12/2023 05:34:00 PM,NA,NA,OTHER,Rain,NA,Daylight,NO CONTROLS,NONE DETECTED,Yes,No Apparent Injury,N/A,LOOKED BUT DID NOT SEE,NA,PASSENGER CAR,PARKING,25,No,2023,GMC,YUKON,39.01688766,-77.10742295,2023,2,17
230007161,Property Damage Crash,02/12/2023 04:40:00 PM,EISENHOWER MEMORIAL HWY,NA,UNKNOWN,Rain,WET,Daylight,NO CONTROLS,NONE DETECTED,No,No Apparent Injury,N/A,NOT DISTRACTED,MD,(SPORT) UTILITY VEHICLE,MOVING CONSTANT SPEED,55,No,2022,VOLKSWAGON,ATLAS,39.051637,-77.15286283,2023,2,16
230007161,Property Damage Crash,02/12/2023 04:40:00 PM,EISENHOWER MEMORIAL HWY,NA,UNKNOWN,Rain,WET,Daylight,NO CONTROLS,NONE DETECTED,Yes,No Apparent Injury,N/A,UNKNOWN,NA,NA,UNKNOWN,55,No,0,UNKNOWN,UNKNOWN,39.051637,-77.15286283,2023,2,16
230007158,Property Damage Crash,02/12/2023 04:30:00 PM,ATLANTIC AVE,NA,STRAIGHT MOVEMENT ANGLE,Rain,WET,Daylight,NO CONTROLS,NONE DETECTED,Yes,No Apparent Injury,"RAIN, SNOW, WET",NOT DISTRACTED,MD,PASSENGER CAR,SLOWING OR STOPPING,40,No,2008,TOYOTA,SIENNA,39.07499692,-77.11567656,2023,2,16
230007158,Property Damage Crash,02/12/2023 04:30:00 PM,ATLANTIC AVE,NA,STRAIGHT MOVEMENT ANGLE,Rain,WET,Daylight,NO CONTROLS,NONE DETECTED,No,No Apparent Injury,"RAIN, SNOW, WET",NOT DISTRACTED,MD,PASSENGER CAR,MOVING CONSTANT SPEED,40,No,1998,JEEP,UT,39.07499692,-77.11567656,2023,2,16
230007150,Property Damage Crash,02/12/2023 03:49:00 PM,CLOPPER RD,NA,OTHER,Rain,WET,Daylight,N/A,NONE DETECTED,Yes,No Apparent Injury,"RAIN, SNOW, WET",UNKNOWN,MD,PASSENGER CAR,ACCELERATING,40,No,2009,INFINITI,G37,39.16341172,-77.2847289,2023,2,15
230007150,Property Damage Crash,02/12/2023 03:49:00 PM,CLOPPER RD,NA,OTHER,Rain,WET,Daylight,N/A,NONE DETECTED,No,No Apparent Injury,"RAIN, SNOW, WET",NOT DISTRACTED,MD,PASSENGER CAR,MOVING CONSTANT SPEED,40,No,2008,TOYOTA,SIENNA,39.16341172,-77.2847289,2023,2,15
230007139,Property Damage Crash,02/12/2023 02:08:00 PM,DARNESTOWN RD,NA,STRAIGHT MOVEMENT ANGLE,Rain,WET,Daylight,TRAFFIC SIGNAL,NONE DETECTED,Yes,No Apparent Injury,"RAIN, SNOW, WET",NOT DISTRACTED,MD,PASSENGER CAR,MOVING CONSTANT SPEED,40,No,2019,DODGE,CARAVAN,39.10093333,-77.22482167,2023,2,14
230007139,Property Damage Crash,02/12/2023 02:08:00 PM,DARNESTOWN RD,NA,STRAIGHT MOVEMENT ANGLE,Rain,WET,Daylight,TRAFFIC SIGNAL,NONE DETECTED,No,No Apparent Injury,"RAIN, SNOW, WET",NOT DISTRACTED,MD,PASSENGER CAR,MOVING CONSTANT SPEED,40,No,2007,JEEP,LIBERTY,39.10093333,-77.22482167,2023,2,14
230007134,Property Damage Crash,02/12/2023 01:46:00 PM,WOODFIELD RD,NA,STRAIGHT MOVEMENT ANGLE,Rain,WET,Daylight,TRAFFIC SIGNAL,NONE DETECTED,No,No Apparent Injury,"N/A, WET",NOT DISTRACTED,MD,PASSENGER CAR,MAKING LEFT TURN,35,No,2019,HOND,TK,39.15929333,-77.16024333,2023,2,13
230007134,Property Damage Crash,02/12/2023 01:46:00 PM,WOODFIELD RD,NA,STRAIGHT MOVEMENT ANGLE,Rain,WET,Daylight,TRAFFIC SIGNAL,NONE DETECTED,Yes,No Apparent Injury,"N/A, WET",INATTENTIVE OR LOST IN THOUGHT,MD,PASSENGER CAR,MOVING CONSTANT SPEED,35,No,2019,HONDA,TK,39.15929333,-77.16024333,2023,2,13
230007120,Property Damage Crash,02/12/2023 12:19:00 PM,COUNTY CT,NA,HEAD ON LEFT TURN,Clear,DRY,Daylight,NO CONTROLS,ALCOHOL PRESENT,Yes,No Apparent Injury,N/A,OTHER DISTRACTION,MD,PASSENGER CAR,BACKING,30,No,2014,TOYT,SD,39.1184055,-77.21326582,2023,2,12
230007169,Property Damage Crash,02/12/2023 12:00:00 PM,SCHUYLKILL RD,NA,OTHER,Clear,WET,Daylight,NO CONTROLS,NONE DETECTED,Yes,No Apparent Injury,N/A,UNKNOWN,NA,VAN,BACKING,25,No,2020,DODGE,PRO MASTER 1500,39.03648667,-77.08708167,2023,2,12
230007113,Property Damage Crash,02/12/2023 11:34:00 AM,GEORGIA AVE,NA,SAME DIR REAR END,Rain,WET,Daylight,TRAFFIC SIGNAL,NONE DETECTED,No,No Apparent Injury,N/A,NOT DISTRACTED,MD,PASSENGER CAR,STOPPED IN TRAFFIC LANE,35,No,2011,HONDA,ACCORD,39.0476175,-77.05199867,2023,2,11
230007113,Property Damage Crash,02/12/2023 11:34:00 AM,GEORGIA AVE,NA,SAME DIR REAR END,Rain,WET,Daylight,TRAFFIC SIGNAL,NONE DETECTED,No,No Apparent Injury,N/A,NOT DISTRACTED,MD,PASSENGER CAR,STOPPED IN TRAFFIC LANE,35,No,2010,HYUNDA,SONATA,39.0476175,-77.05199867,2023,2,11
230007113,Property Damage Crash,02/12/2023 11:34:00 AM,GEORGIA AVE,NA,SAME DIR REAR END,Rain,WET,Daylight,TRAFFIC SIGNAL,NONE DETECTED,Yes,No Apparent Injury,N/A,LOOKED BUT DID NOT SEE,MD,PASSENGER CAR,STARTING FROM LANE,35,No,2014,BMW,535,39.0476175,-77.05199867,2023,2,11
230007106,Property Damage Crash,02/12/2023 10:14:00 AM,NEW HAMPSHIRE AVE,NA,SAME DIR REAR END,Rain,WET,Daylight,TRAFFIC SIGNAL,NONE DETECTED,No,No Apparent Injury,"RAIN, SNOW, WET",NOT DISTRACTED,MD,"OTHER LIGHT TRUCKS (10,000LBS (4,536KG) OR LESS)",STOPPED IN TRAFFIC LANE,35,No,2017,FORD,F650,38.98791333,-76.98781833,2023,2,10
230007106,Property Damage Crash,02/12/2023 10:14:00 AM,NEW HAMPSHIRE AVE,NA,SAME DIR REAR END,Rain,WET,Daylight,TRAFFIC SIGNAL,NONE DETECTED,Yes,No Apparent Injury,"RAIN, SNOW, WET",UNKNOWN,MD,TRANSIT BUS,SLOWING OR STOPPING,35,No,2016,GILL,BU,38.98791333,-76.98781833,2023,2,10
230007104,Property Damage Crash,02/12/2023 10:00:00 AM,STALEYBRIDGE RD,NA,SAME DIR REAR END,Cloudy,DRY,Daylight,NO CONTROLS,NONE DETECTED,Yes,No Apparent Injury,N/A,UNKNOWN,NA,PASSENGER CAR,MOVING CONSTANT SPEED,20,No,2000,TOYOTA,CAMRY,39.16734374,-77.2400197,2023,2,10
230007102,Property Damage Crash,02/12/2023 09:00:00 AM,EAST WEST HWY,NA,HEAD ON LEFT TURN,Rain,WET,Daylight,TRAFFIC SIGNAL,NONE DETECTED,No,No Apparent Injury,"N/A, WET",NOT DISTRACTED,MD,PASSENGER CAR,MOVING CONSTANT SPEED,35,No,2013,TOYOTA,SCION,38.99424667,-77.05259,2023,2,9
230007102,Property Damage Crash,02/12/2023 09:00:00 AM,EAST WEST HWY,NA,HEAD ON LEFT TURN,Rain,WET,Daylight,TRAFFIC SIGNAL,NONE DETECTED,Yes,No Apparent Injury,"N/A, WET",LOOKED BUT DID NOT SEE,MD,PASSENGER CAR,MAKING LEFT TURN,35,No,2019,SUBARU,LEGACY,38.99424667,-77.05259,2023,2,9
230007087,Property Damage Crash,02/12/2023 03:45:00 AM,CHAPELGATE RD,NA,SINGLE VEHICLE,Clear,DRY,Dark,STOP SIGN,NONE DETECTED,Yes,No Apparent Injury,N/A,INATTENTIVE OR LOST IN THOUGHT,MD,PASSENGER CAR,MOVING CONSTANT SPEED,25,No,2011,NISS,4S,39.174115,-77.23749333,2023,2,3
230007089,Property Damage Crash,02/12/2023 03:20:00 AM,GEORGIA AVE,NA,SINGLE VEHICLE,Clear,DRY,Medium,TRAFFIC SIGNAL,ALCOHOL PRESENT,Yes,No Apparent Injury,N/A,OTHER DISTRACTION,MD,PASSENGER CAR,MOVING CONSTANT SPEED,35,No,2008,NIISAN,TITAN,39.03885,-77.05093,2023,2,3
230007083,Property Damage Crash,02/12/2023 02:28:00 AM,PROFESSIONAL DR,NA,SINGLE VEHICLE,Clear,DRY,Medium,TRAFFIC SIGNAL,NONE DETECTED,Yes,No Apparent Injury,N/A,UNKNOWN,NA,PASSENGER CAR,MAKING RIGHT TURN,25,No,2008,HONDA,CIVIC,39.16341083,-77.22685833,2023,2,2
230007080,Property Damage Crash,02/12/2023 01:14:00 AM,BALTIMORE RD,NA,OTHER,Clear,DRY,Medium,N/A,NONE DETECTED,Yes,No Apparent Injury,N/A,UNKNOWN,MD,PICKUP TRUCK,MOVING CONSTANT SPEED,25,No,2022,GMC,PK,39.08462311,-77.13892442,2023,2,1
230007067,Property Damage Crash,02/11/2023 10:30:00 PM,CALVERTON BLVD,NA,SAME DIRECTION SIDESWIPE,Clear,DRY,Dark,NO CONTROLS,ALCOHOL PRESENT,Yes,No Apparent Injury,N/A,OTHER DISTRACTION,MD,PASSENGER CAR,MOVING CONSTANT SPEED,30,No,2014,HONDA,CIVIC,39.05663812,-76.94606835,2023,2,22
230007056,Property Damage Crash,02/11/2023 09:20:00 PM,NEW HAMPSHIRE AVE,NA,SAME DIR REAR END,Clear,DRY,Medium,N/A,NONE DETECTED,Yes,No Apparent Injury,N/A,UNKNOWN,NA,PASSENGER CAR,MOVING CONSTANT SPEED,40,No,2015,HONDA,CIVIC,39.01574498,-76.97762669,2023,2,21
230007056,Property Damage Crash,02/11/2023 09:20:00 PM,NEW HAMPSHIRE AVE,NA,SAME DIR REAR END,Clear,DRY,Medium,N/A,NONE DETECTED,No,No Apparent Injury,N/A,NOT DISTRACTED,MD,PASSENGER CAR,MOVING CONSTANT SPEED,40,No,2010,SUBARU,LEGACY,39.01574498,-76.97762669,2023,2,21
230007056,Property Damage Crash,02/11/2023 09:20:00 PM,NEW HAMPSHIRE AVE,NA,SAME DIR REAR END,Clear,DRY,Medium,N/A,NONE DETECTED,No,No Apparent Injury,N/A,NOT DISTRACTED,MD,PASSENGER CAR,MOVING CONSTANT SPEED,40,No,2019,KIA,SPORTAGE,39.01574498,-76.97762669,2023,2,21
230007048,Property Damage Crash,02/11/2023 07:56:00 PM,GREAT SENECA HWY,NA,ANGLE MEETS LEFT TURN,Clear,DRY,Medium,TRAFFIC SIGNAL,NONE DETECTED,Yes,No Apparent Injury,N/A,UNKNOWN,MD,PASSENGER CAR,MAKING LEFT TURN,50,No,2018,ACURA,MDX,39.13369217,-77.24474033,2023,2,19
230007048,Property Damage Crash,02/11/2023 07:56:00 PM,GREAT SENECA HWY,NA,ANGLE MEETS LEFT TURN,Clear,DRY,Medium,TRAFFIC SIGNAL,NONE DETECTED,No,No Apparent Injury,N/A,NOT DISTRACTED,MD,PASSENGER CAR,MOVING CONSTANT SPEED,50,No,2017,TOYOTA,COROLLA,39.13369217,-77.24474033,2023,2,19
230007039,Property Damage Crash,02/11/2023 07:45:00 PM,LAYHILL RD,NA,STRAIGHT MOVEMENT ANGLE,Clear,DRY,Medium,N/A,NONE DETECTED,No,No Apparent Injury,N/A,NOT DISTRACTED,MD,POLICE VEHICLE/NON EMERGENCY,MOVING CONSTANT SPEED,40,No,2019,DODGE,CHARGER,39.07932683,-77.04665333,2023,2,19
230007039,Property Damage Crash,02/11/2023 07:45:00 PM,LAYHILL RD,NA,STRAIGHT MOVEMENT ANGLE,Clear,DRY,Medium,N/A,NONE DETECTED,Yes,No Apparent Injury,N/A,NOT DISTRACTED,GA,PASSENGER CAR,MAKING LEFT TURN,40,No,2013,HONDA,CIVIC,39.07932683,-77.04665333,2023,2,19
230007041,Property Damage Crash,02/11/2023 07:40:00 PM,RIVER RD,NA,SAME DIRECTION RIGHT TURN,Clear,DRY,Medium,TRAFFIC SIGNAL,NONE DETECTED,No,No Apparent Injury,N/A,NOT DISTRACTED,MD,PASSENGER CAR,MOVING CONSTANT SPEED,30,No,2015,CHEVY,IMPALA,38.97314042,-77.12182577,2023,2,19
230007041,Property Damage Crash,02/11/2023 07:40:00 PM,RIVER RD,NA,SAME DIRECTION RIGHT TURN,Clear,DRY,Medium,TRAFFIC SIGNAL,NONE DETECTED,Yes,No Apparent Injury,N/A,LOOKED BUT DID NOT SEE,MD,PASSENGER CAR,MAKING RIGHT TURN,30,No,2023,CHEV,BOLTEUV,38.97314042,-77.12182577,2023,2,19
230007111,Property Damage Crash,02/11/2023 07:20:00 PM,MAYFIELD DR,NA,OPPOSITE DIRECTION SIDESWIPE,Clear,DRY,Medium,NO CONTROLS,NONE DETECTED,Yes,No Apparent Injury,N/A,UNKNOWN,NA,NA,MOVING CONSTANT SPEED,25,No,0,UNKNOWN,UNKNOWN,39.02129584,-77.13115995,2023,2,19
230007034,Injury Crash,02/11/2023 06:59:00 PM,COLUMBIA PIKE,NA,SAME DIR REAR END,Clear,DRY,Medium,TRAFFIC SIGNAL,NONE DETECTED,No,Possible Minor Injury,N/A,NOT DISTRACTED,MD,PASSENGER CAR,SLOWING OR STOPPING,50,No,2004,HONDA,ACCORD,39.072971,-76.95572717,2023,2,18
230007034,Injury Crash,02/11/2023 06:59:00 PM,COLUMBIA PIKE,NA,SAME DIR REAR END,Clear,DRY,Medium,TRAFFIC SIGNAL,NONE DETECTED,Yes,No Apparent Injury,N/A,UNKNOWN,MD,PASSENGER CAR,SLOWING OR STOPPING,50,No,2014,NISSAN,MURANO,39.072971,-76.95572717,2023,2,18
230007035,Property Damage Crash,02/11/2023 06:46:00 PM,RIVER RD,NA,SAME DIRECTION SIDESWIPE,Clear,DRY,Medium,N/A,NONE DETECTED,Yes,No Apparent Injury,N/A,UNKNOWN,VA,(SPORT) UTILITY VEHICLE,CHANGING LANES,35,No,2018,CHEVROLET,EQUINOX,38.96003041,-77.09637005,2023,2,18
230007035,Property Damage Crash,02/11/2023 06:46:00 PM,RIVER RD,NA,SAME DIRECTION SIDESWIPE,Clear,DRY,Medium,N/A,NONE DETECTED,No,No Apparent Injury,N/A,NOT DISTRACTED,MD,(SPORT) UTILITY VEHICLE,MOVING CONSTANT SPEED,30,No,2011,LEXUS,RX350,38.96003041,-77.09637005,2023,2,18
230007029,Property Damage Crash,02/11/2023 06:20:00 PM,POWDER MILL RD,NA,OTHER,Clear,DRY,Medium,NO CONTROLS,NONE DETECTED,Yes,No Apparent Injury,N/A,NOT DISTRACTED,MD,PASSENGER CAR,MOVING CONSTANT SPEED,40,No,2021,HONDA,CRV,39.02322009,-76.97423004,2023,2,18
230007027,Property Damage Crash,02/11/2023 06:10:00 PM,NEW HAMPSHIRE AVE,NA,SAME DIRECTION SIDESWIPE,Clear,DRY,Medium,TRAFFIC SIGNAL,NONE DETECTED,No,No Apparent Injury,N/A,NOT DISTRACTED,MD,PASSENGER CAR,STOPPED IN TRAFFIC LANE,40,No,2013,HYUNDAI,GENESIS,39.03419,-76.98705833,2023,2,18
230007027,Property Damage Crash,02/11/2023 06:10:00 PM,NEW HAMPSHIRE AVE,NA,SAME DIRECTION SIDESWIPE,Clear,DRY,Medium,TRAFFIC SIGNAL,NONE DETECTED,Yes,No Apparent Injury,N/A,LOOKED BUT DID NOT SEE,MD,PASSENGER CAR,MOVING CONSTANT SPEED,40,No,2009,KIA,SPECTRA,39.03419,-76.98705833,2023,2,18
230007027,Property Damage Crash,02/11/2023 06:10:00 PM,NEW HAMPSHIRE AVE,NA,SAME DIRECTION SIDESWIPE,Clear,DRY,Medium,TRAFFIC SIGNAL,NONE DETECTED,No,No Apparent Injury,N/A,NOT DISTRACTED,MD,(SPORT) UTILITY VEHICLE,STOPPED IN TRAFFIC LANE,40,No,2016,LEXUS,NX200T,39.03419,-76.98705833,2023,2,18
230007028,Injury Crash,02/11/2023 06:06:00 PM,NEW HAMPSHIRE AVE,NA,SINGLE VEHICLE,Clear,DRY,Dark,NO CONTROLS,NONE DETECTED,Yes,Possible Minor Injury,"ANIMAL, N/A",UNKNOWN,PA,(SPORT) UTILITY VEHICLE,MOVING CONSTANT SPEED,40,No,2018,LINCOLN,MKC,39.18820167,-77.02436833,2023,2,18
230007018,Injury Crash,02/11/2023 05:30:00 PM,BEL PRE RD,NA,STRAIGHT MOVEMENT ANGLE,Clear,DRY,Medium,N/A,NONE DETECTED,No,Possible Minor Injury,N/A,NOT DISTRACTED,MD,PASSENGER CAR,MOVING CONSTANT SPEED,35,No,2016,HYUNDAI,ELANTRA,39.09064383,-77.04607483,2023,2,17
230007018,Injury Crash,02/11/2023 05:30:00 PM,BEL PRE RD,NA,STRAIGHT MOVEMENT ANGLE,Clear,DRY,Medium,N/A,NONE DETECTED,Yes,No Apparent Injury,N/A,LOOKED BUT DID NOT SEE,MD,PASSENGER CAR,MAKING RIGHT TURN,15,No,2006,HONDA,CRV,39.09064383,-77.04607483,2023,2,17
230007020,Property Damage Crash,02/11/2023 05:13:00 PM,INSPIRATION LA,NA,OTHER,Clear,DRY,Daylight,NO CONTROLS,NONE DETECTED,Yes,No Apparent Injury,N/A,UNKNOWN,NA,PASSENGER CAR,MAKING LEFT TURN,15,No,2012,MERZ,SUV,39.11779092,-77.23980295,2023,2,17
230007017,Property Damage Crash,02/11/2023 04:58:00 PM,UNIVERSITY BLVD E,NA,SAME DIRECTION SIDESWIPE,Clear,DRY,Medium,TRAFFIC SIGNAL,NONE DETECTED,Yes,No Apparent Injury,N/A,UNKNOWN,MD,PASSENGER CAR,CHANGING LANES,35,No,2018,NISSAN,MORANO,39.00092298,-76.99571029,2023,2,16
230007017,Property Damage Crash,02/11/2023 04:58:00 PM,UNIVERSITY BLVD E,NA,SAME DIRECTION SIDESWIPE,Clear,DRY,Medium,TRAFFIC SIGNAL,NONE DETECTED,No,No Apparent Injury,N/A,NOT DISTRACTED,MD,PASSENGER CAR,SLOWING OR STOPPING,35,No,2011,HONDA,FIT,39.00092298,-76.99571029,2023,2,16
230007013,Property Damage Crash,02/11/2023 04:53:00 PM,OLD COLUMBIA PIKE,NA,STRAIGHT MOVEMENT ANGLE,Clear,DRY,Daylight,NO CONTROLS,NONE DETECTED,Yes,No Apparent Injury,N/A,LOOKED BUT DID NOT SEE,MD,(SPORT) UTILITY VEHICLE,MAKING LEFT TURN,25,No,2022,HYUNDAI,IONIQ,39.10842631,-76.93657893,2023,2,16
230007013,Property Damage Crash,02/11/2023 04:53:00 PM,OLD COLUMBIA PIKE,NA,STRAIGHT MOVEMENT ANGLE,Clear,DRY,Daylight,NO CONTROLS,NONE DETECTED,No,No Apparent Injury,N/A,NOT DISTRACTED,MD,PASSENGER CAR,SLOWING OR STOPPING,25,No,2012,HONDA,CIVIC,39.10842631,-76.93657893,2023,2,16
230007009,Property Damage Crash,02/11/2023 04:45:00 PM,MATENY RD,NA,SINGLE VEHICLE,Clear,N/A,Daylight,NO CONTROLS,NONE DETECTED,Yes,No Apparent Injury,N/A,NOT DISTRACTED,MD,PASSENGER CAR,ACCELERATING,25,No,2014,TOYOTA,CAMRY,39.14663033,-77.2733505,2023,2,16
230007011,Property Damage Crash,02/11/2023 04:30:00 PM,NA,NA,OPPOSITE DIRECTION SIDESWIPE,Clear,NA,Daylight,NO CONTROLS,NONE DETECTED,Yes,No Apparent Injury,N/A,LOOKED BUT DID NOT SEE,NA,PASSENGER CAR,ACCELERATING,5,No,2014,HONDA,CRV,39.03895833,-77.05120667,2023,2,16
230007003,Injury Crash,02/11/2023 04:00:00 PM,GERMANTOWN RD,NA,SAME DIR REAR END,Cloudy,DRY,Daylight,TRAFFIC SIGNAL,NONE DETECTED,Yes,No Apparent Injury,N/A,LOOKED BUT DID NOT SEE,MD,(SPORT) UTILITY VEHICLE,MOVING CONSTANT SPEED,45,No,2015,JEEP,LAREDO,39.1907765,-77.24761683,2023,2,16
230007003,Injury Crash,02/11/2023 04:00:00 PM,GERMANTOWN RD,NA,SAME DIR REAR END,Cloudy,DRY,Daylight,TRAFFIC SIGNAL,NONE DETECTED,Yes,No Apparent Injury,N/A,NOT DISTRACTED,MD,PASSENGER CAR,SLOWING OR STOPPING,45,No,2018,TSMR,MODEL 3,39.1907765,-77.24761683,2023,2,16
230007003,Injury Crash,02/11/2023 04:00:00 PM,GERMANTOWN RD,NA,SAME DIR REAR END,Cloudy,DRY,Daylight,TRAFFIC SIGNAL,NONE DETECTED,No,No Apparent Injury,N/A,NOT DISTRACTED,MD,PASSENGER CAR,SLOWING OR STOPPING,45,No,2003,HONDA,ACCORD,39.1907765,-77.24761683,2023,2,16
230007006,Property Damage Crash,02/11/2023 03:56:00 PM,COLUMBIA BLVD,NA,SAME DIRECTION LEFT TURN,Clear,DRY,Daylight,OTHER,NONE DETECTED,No,No Apparent Injury,N/A,NOT DISTRACTED,MD,PASSENGER CAR,MOVING CONSTANT SPEED,35,No,2001,NISS,TK,39.008365,-77.04143167,2023,2,15
230007006,Property Damage Crash,02/11/2023 03:56:00 PM,COLUMBIA BLVD,NA,SAME DIRECTION LEFT TURN,Clear,DRY,Daylight,OTHER,NONE DETECTED,Yes,No Apparent Injury,N/A,NOT DISTRACTED,MD,PASSENGER CAR,MAKING LEFT TURN,35,No,2020,TOYT,SD,39.008365,-77.04143167,2023,2,15
230007000,Property Damage Crash,02/11/2023 03:07:00 PM,NA,NA,OTHER,Clear,NA,Daylight,N/A,NONE DETECTED,Yes,No Apparent Injury,N/A,LOOKED BUT DID NOT SEE,NA,(SPORT) UTILITY VEHICLE,PARKING,15,No,2015,TOYOTA,RAV4,39.05772833,-77.12357333,2023,2,15
230006980,Property Damage Crash,02/11/2023 01:20:00 PM,LONDON LA,NA,SAME DIRECTION SIDESWIPE,Clear,DRY,Daylight,NO CONTROLS,NONE DETECTED,Yes,No Apparent Injury,N/A,NOT DISTRACTED,MD,FIRE VEHICLE/EMERGENCY,MOVING CONSTANT SPEED,20,No,2019,PIERCE,ENFORCER,39.08932926,-77.08078616,2023,2,13
230006973,Property Damage Crash,02/11/2023 12:48:00 PM,GREAT SENECA HWY,NA,SAME DIR REAR END,Clear,DRY,Daylight,NO CONTROLS,NONE DETECTED,Yes,No Apparent Injury,N/A,NOT DISTRACTED,MD,PASSENGER CAR,MOVING CONSTANT SPEED,50,No,2016,TOYT,SD,39.13685719,-77.25238302,2023,2,12
230006973,Property Damage Crash,02/11/2023 12:48:00 PM,GREAT SENECA HWY,NA,SAME DIR REAR END,Clear,DRY,Daylight,NO CONTROLS,NONE DETECTED,No,No Apparent Injury,N/A,NOT DISTRACTED,MD,PASSENGER CAR,MAKING RIGHT TURN,50,No,2020,TOYOTA,RAV4,39.13685719,-77.25238302,2023,2,12
230006967,Injury Crash,02/11/2023 12:20:00 PM,FREDERICK RD,NA,STRAIGHT MOVEMENT ANGLE,Clear,DRY,Daylight,TRAFFIC SIGNAL,NONE DETECTED,No,No Apparent Injury,N/A,NOT DISTRACTED,XX,PASSENGER CAR,MAKING LEFT TURN,35,No,2014,TOYOTA,CAMRY,39.15305963,-77.21244582,2023,2,12
230006967,Injury Crash,02/11/2023 12:20:00 PM,FREDERICK RD,NA,STRAIGHT MOVEMENT ANGLE,Clear,DRY,Daylight,TRAFFIC SIGNAL,NONE DETECTED,Yes,No Apparent Injury,N/A,BY OTHER OCCUPANTS,MD,PASSENGER CAR,MOVING CONSTANT SPEED,40,No,2008,JEEP,GRAND CHEROKEE,39.15305963,-77.21244582,2023,2,12
230006964,Property Damage Crash,02/11/2023 11:27:00 AM,NA,NA,OTHER,Clear,NA,Daylight,NO CONTROLS,NONE DETECTED,Yes,No Apparent Injury,N/A,UNKNOWN,MD,PASSENGER CAR,ACCELERATING,0,No,2011,TOYOTA,CAMRY,39.19865617,-77.24668767,2023,2,11
230006938,Injury Crash,02/11/2023 07:23:00 AM,CHERRY HILL RD,NA,HEAD ON LEFT TURN,Clear,DRY,Daylight,TRAFFIC SIGNAL,NONE DETECTED,Yes,No Apparent Injury,N/A,NOT DISTRACTED,MD,PASSENGER CAR,MAKING LEFT TURN,25,No,2012,HYUNDAI,ELANTRA TOURING,39.052528,-76.9532445,2023,2,7
230006938,Injury Crash,02/11/2023 07:23:00 AM,CHERRY HILL RD,NA,HEAD ON LEFT TURN,Clear,DRY,Daylight,TRAFFIC SIGNAL,NONE DETECTED,No,No Apparent Injury,N/A,NOT DISTRACTED,MD,PASSENGER CAR,MOVING CONSTANT SPEED,30,No,2017,NISSAN,MAXIMA SV,39.052528,-76.9532445,2023,2,7
230006933,Property Damage Crash,02/11/2023 04:42:00 AM,CHERRY HILL RD,NA,STRAIGHT MOVEMENT ANGLE,Clear,DRY,Medium,TRAFFIC SIGNAL,NONE DETECTED,No,No Apparent Injury,N/A,NOT DISTRACTED,MD,PASSENGER CAR,MOVING CONSTANT SPEED,40,No,2019,TOYOTA,HIGHLANDER,39.05602283,-76.95438267,2023,2,4
230006933,Property Damage Crash,02/11/2023 04:42:00 AM,CHERRY HILL RD,NA,STRAIGHT MOVEMENT ANGLE,Clear,DRY,Medium,TRAFFIC SIGNAL,NONE DETECTED,Yes,No Apparent Injury,N/A,LOOKED BUT DID NOT SEE,MD,PASSENGER CAR,ACCELERATING,30,No,2014,CHEV,IMPALA,39.05602283,-76.95438267,2023,2,4
230006934,Property Damage Crash,02/11/2023 04:20:00 AM,GEORGIA AVE,NA,SAME DIRECTION SIDESWIPE,Clear,DRY,Medium,N/A,ALCOHOL PRESENT,Yes,No Apparent Injury,N/A,NOT DISTRACTED,VA,PASSENGER CAR,MOVING CONSTANT SPEED,35,No,2021,MERCEDES-BENZ,GLE350,39.01169796,-77.04121961,2023,2,4