Local Case Number,ACRS Report Type,Crash Date/Time,Road Name,Related Non-Motorist,Collision Type,Weather,Surface Condition,Light,Traffic Control,Driver Substance Abuse,Driver At Fault,Injury Severity,Circumstance,Driver Distracted By,Drivers License State,Vehicle Body Type,Vehicle Movement,Speed Limit,Driverless Vehicle,Vehicle Year,Vehicle Make,Vehicle Model,Latitude,Longitude,Year,Month,Hour
230006934,Property Damage Crash,02/11/2023 04:20:00 AM,GEORGIA AVE,NA,SAME DIRECTION SIDESWIPE,Clear,DRY,Medium,N/A,NONE DETECTED,No,No Apparent Injury,N/A,NOT DISTRACTED,WV,POLICE VEHICLE/NON EMERGENCY,MOVING CONSTANT SPEED,35,No,2021,FORD,EXPLORER,39.01169796,-77.04121961,2023,2,4
230006930,Property Damage Crash,02/11/2023 03:07:00 AM,CAPITAL BELTWAY,NA,SAME DIR REAR END,Clear,DRY,Medium,NO CONTROLS,NONE DETECTED,Yes,No Apparent Injury,N/A,INATTENTIVE OR LOST IN THOUGHT,MD,PASSENGER CAR,CHANGING LANES,55,No,2021,TOYOTA,RAV4,39.00632,-77.07254,2023,2,3
230006930,Property Damage Crash,02/11/2023 03:07:00 AM,CAPITAL BELTWAY,NA,SAME DIR REAR END,Clear,DRY,Medium,NO CONTROLS,NONE DETECTED,No,No Apparent Injury,N/A,NOT DISTRACTED,MD,PICKUP TRUCK,MOVING CONSTANT SPEED,55,No,2014,TOYOTA,TUNDRA,39.00632,-77.07254,2023,2,3
230006924,Property Damage Crash,02/11/2023 02:30:00 AM,NA,NA,SINGLE VEHICLE,Clear,NA,Medium,NO CONTROLS,ALCOHOL PRESENT,Yes,No Apparent Injury,N/A,OTHER DISTRACTION,MD,PASSENGER CAR,SLOWING OR STOPPING,10,No,2003,CHEVY,TK,39.17693727,-77.17694208,2023,2,2
230006922,Property Damage Crash,02/11/2023 02:00:00 AM,UNIVERSITY BLVD W,NA,SINGLE VEHICLE,Clear,DRY,Dark,FLASHING TRAFFIC SIGNAL,ALCOHOL PRESENT,Yes,No Apparent Injury,N/A,OTHER DISTRACTION,MD,SNOWMOBILE,MOVING CONSTANT SPEED,35,No,2018,BMW,UT,39.03666267,-77.02989783,2023,2,2
230006913,Property Damage Crash,02/10/2023 11:00:00 PM,NA,NA,STRAIGHT MOVEMENT ANGLE,Clear,NA,Medium,NO CONTROLS,NONE DETECTED,No,No Apparent Injury,N/A,NOT DISTRACTED,MD,POLICE VEHICLE/NON EMERGENCY,MOVING CONSTANT SPEED,10,No,2012,KIA,OPTIMA,39.0595525,-77.04897383,2023,2,23
230006913,Property Damage Crash,02/10/2023 11:00:00 PM,NA,NA,STRAIGHT MOVEMENT ANGLE,Clear,NA,Medium,NO CONTROLS,NONE DETECTED,Yes,No Apparent Injury,N/A,UNKNOWN,MD,PASSENGER CAR,MOVING CONSTANT SPEED,10,No,2019,HONDA,CIVIC,39.0595525,-77.04897383,2023,2,23
230006899,Property Damage Crash,02/10/2023 08:10:00 PM,NORBECK RD,NA,OTHER,Clear,DRY,Medium,TRAFFIC SIGNAL,NONE DETECTED,Yes,No Apparent Injury,N/A,NOT DISTRACTED,MD,(SPORT) UTILITY VEHICLE,BACKING,45,No,2010,TOYOYTA,FJ CRUISER,39.09602648,-77.10991321,2023,2,20
230006899,Property Damage Crash,02/10/2023 08:10:00 PM,NORBECK RD,NA,OTHER,Clear,DRY,Medium,TRAFFIC SIGNAL,NONE DETECTED,No,No Apparent Injury,N/A,NOT DISTRACTED,MD,POLICE VEHICLE/NON EMERGENCY,STOPPED IN TRAFFIC LANE,45,No,2014,DODGE,CHARGER,39.09602648,-77.10991321,2023,2,20
230006893,Property Damage Crash,02/10/2023 07:15:00 PM,COLESVILLE RD,NA,OTHER,Clear,DRY,Medium,TRAFFIC SIGNAL,NONE DETECTED,No,No Apparent Injury,N/A,NOT DISTRACTED,MD,TRANSIT BUS,MOVING CONSTANT SPEED,35,No,2020,NOVB,BU,39.02032833,-77.0126,2023,2,19
230006893,Property Damage Crash,02/10/2023 07:15:00 PM,COLESVILLE RD,NA,OTHER,Clear,DRY,Medium,TRAFFIC SIGNAL,NONE DETECTED,Yes,No Apparent Injury,N/A,LOOKED BUT DID NOT SEE,MD,PASSENGER CAR,MOVING CONSTANT SPEED,35,No,2019,SUBA,SW,39.02032833,-77.0126,2023,2,19
230006896,Property Damage Crash,02/10/2023 07:05:00 PM,ROCKLEDGE DR,NA,OTHER,Clear,DRY,Medium,NO CONTROLS,NONE DETECTED,No,No Apparent Injury,N/A,NOT DISTRACTED,MD,PASSENGER CAR,MAKING LEFT TURN,30,No,2015,NISS,4S,39.02954606,-77.13213361,2023,2,19
230006896,Property Damage Crash,02/10/2023 07:05:00 PM,ROCKLEDGE DR,NA,OTHER,Clear,DRY,Medium,NO CONTROLS,NONE DETECTED,Yes,No Apparent Injury,N/A,NOT DISTRACTED,NA,PASSENGER CAR,MOVING CONSTANT SPEED,30,No,2010,DODGE,VAN,39.02954606,-77.13213361,2023,2,19
230006881,Property Damage Crash,02/10/2023 05:56:00 PM,RIDGE RD,NA,STRAIGHT MOVEMENT ANGLE,Cloudy,DRY,Medium,STOP SIGN,NONE DETECTED,Yes,No Apparent Injury,N/A,LOOKED BUT DID NOT SEE,MD,PASSENGER CAR,MAKING LEFT TURN,40,No,2010,TOYOTA,RAV4,39.27394667,-77.21491833,2023,2,17
230006881,Property Damage Crash,02/10/2023 05:56:00 PM,RIDGE RD,NA,STRAIGHT MOVEMENT ANGLE,Cloudy,DRY,Medium,STOP SIGN,NONE DETECTED,No,No Apparent Injury,N/A,NOT DISTRACTED,MD,PASSENGER CAR,MOVING CONSTANT SPEED,40,No,2022,KIA,SELTOS,39.27394667,-77.21491833,2023,2,17
230006879,Property Damage Crash,02/10/2023 05:48:00 PM,VEIRS MILL RD,NA,STRAIGHT MOVEMENT ANGLE,Clear,DRY,Medium,NO CONTROLS,NONE DETECTED,No,No Apparent Injury,N/A,NOT DISTRACTED,MD,PASSENGER CAR,MOVING CONSTANT SPEED,40,No,2000,BMW,323I,39.07402333,-77.113068,2023,2,17
230006879,Property Damage Crash,02/10/2023 05:48:00 PM,VEIRS MILL RD,NA,STRAIGHT MOVEMENT ANGLE,Clear,DRY,Medium,NO CONTROLS,NONE DETECTED,Yes,No Apparent Injury,N/A,UNKNOWN,MD,PASSENGER CAR,MAKING LEFT TURN,40,No,2006,PONTIAC,GRAND PRIX,39.07402333,-77.113068,2023,2,17
230006873,Injury Crash,02/10/2023 05:12:00 PM,CARROLL AVE,PEDESTRIAN,OTHER,Clear,DRY,Daylight,NO CONTROLS,NONE DETECTED,No,No Apparent Injury,N/A,UNKNOWN,MD,PASSENGER CAR,MOVING CONSTANT SPEED,25,No,2008,TOYOTA,COROLLA,38.97856121,-77.00566701,2023,2,17
230006882,Property Damage Crash,02/10/2023 05:00:00 PM,E GUDE DR,NA,ANGLE MEETS RIGHT TURN,Clear,DRY,Daylight,NO CONTROLS,NONE DETECTED,Yes,No Apparent Injury,N/A,LOOKED BUT DID NOT SEE,MD,(SPORT) UTILITY VEHICLE,MAKING RIGHT TURN,40,No,2000,MERCEDES BENZ,SUV M CLASS,39.10076817,-77.14078733,2023,2,17
230006882,Property Damage Crash,02/10/2023 05:00:00 PM,E GUDE DR,NA,ANGLE MEETS RIGHT TURN,Clear,DRY,Daylight,NO CONTROLS,NONE DETECTED,No,No Apparent Injury,N/A,NOT DISTRACTED,MD,TRANSIT BUS,MOVING CONSTANT SPEED,40,No,2019,GILIG,BUS,39.10076817,-77.14078733,2023,2,17
230006871,Property Damage Crash,02/10/2023 04:58:00 PM,EMORY GROVE RD,NA,SAME DIRECTION SIDESWIPE,Clear,DRY,Daylight,NO CONTROLS,NONE DETECTED,Yes,No Apparent Injury,N/A,UNKNOWN,MD,SCHOOL BUS,MOVING CONSTANT SPEED,25,No,2019,FRHT,SCHOOL BUS,39.16734112,-77.19673893,2023,2,16
23006864,Property Damage Crash,02/10/2023 04:50:00 PM,FREDERICK RD,NA,SAME DIR BOTH LEFT TURN,Cloudy,DRY,Daylight,TRAFFIC SIGNAL,NONE DETECTED,No,No Apparent Injury,N/A,NOT DISTRACTED,MD,(SPORT) UTILITY VEHICLE,MAKING LEFT TURN,45,No,2014,AUDI,Q7,39.20525933,-77.24600817,2023,2,16
23006864,Property Damage Crash,02/10/2023 04:50:00 PM,FREDERICK RD,NA,SAME DIR BOTH LEFT TURN,Cloudy,DRY,Daylight,TRAFFIC SIGNAL,NONE DETECTED,Yes,No Apparent Injury,N/A,LOOKED BUT DID NOT SEE,MD,TRANSIT BUS,MAKING LEFT TURN,45,No,2017,GILLIG,40' DIESEL,39.20525933,-77.24600817,2023,2,16
230006867,Property Damage Crash,02/10/2023 04:18:00 PM,SADDLE RIVER DR,NA,OTHER,Clear,DRY,Daylight,STOP SIGN,NONE DETECTED,Yes,No Apparent Injury,N/A,UNKNOWN,MD,PASSENGER CAR,MOVING CONSTANT SPEED,25,No,2006,KIA,RIO,39.08678733,-77.23984133,2023,2,16
230006867,Property Damage Crash,02/10/2023 04:18:00 PM,SADDLE RIVER DR,NA,OTHER,Clear,DRY,Daylight,STOP SIGN,NONE DETECTED,No,No Apparent Injury,N/A,UNKNOWN,MD,PASSENGER CAR,MOVING CONSTANT SPEED,25,No,2016,TOYT,HIGHLANDER,39.08678733,-77.23984133,2023,2,16
230006840,Property Damage Crash,02/10/2023 03:19:00 PM,DARNESTOWN RD,NA,HEAD ON LEFT TURN,Clear,DRY,Daylight,TRAFFIC SIGNAL,NONE DETECTED,No,No Apparent Injury,N/A,NOT DISTRACTED,MD,PASSENGER CAR,SLOWING OR STOPPING,35,No,2018,HYUNDAI,TK,39.117735,-77.25127,2023,2,15
230006840,Property Damage Crash,02/10/2023 03:19:00 PM,DARNESTOWN RD,NA,HEAD ON LEFT TURN,Clear,DRY,Daylight,TRAFFIC SIGNAL,NONE DETECTED,Yes,No Apparent Injury,N/A,NOT DISTRACTED,MD,PASSENGER CAR,ACCELERATING,35,No,2017,HONDA,ODYSSEY,39.117735,-77.25127,2023,2,15
230006837,Property Damage Crash,02/10/2023 03:00:00 PM,MONTGOMERY VILLAGE AVE,NA,SAME DIR REAR END,Clear,DRY,Daylight,N/A,NONE DETECTED,No,No Apparent Injury,N/A,NOT DISTRACTED,MD,PASSENGER CAR,SLOWING OR STOPPING,35,No,2020,NISSAN,4S,39.173095000000004,-77.20352333,2023,2,15
230006837,Property Damage Crash,02/10/2023 03:00:00 PM,MONTGOMERY VILLAGE AVE,NA,SAME DIR REAR END,Clear,DRY,Daylight,N/A,NONE DETECTED,No,No Apparent Injury,N/A,NOT DISTRACTED,MD,PASSENGER CAR,SLOWING OR STOPPING,35,No,2019,INTW,TL,39.173095000000004,-77.20352333,2023,2,15
230006837,Property Damage Crash,02/10/2023 03:00:00 PM,MONTGOMERY VILLAGE AVE,NA,SAME DIR REAR END,Clear,DRY,Daylight,N/A,NONE DETECTED,Yes,No Apparent Injury,N/A,NOT DISTRACTED,MD,PASSENGER CAR,MOVING CONSTANT SPEED,35,No,2012,HOND,4S,39.173095000000004,-77.20352333,2023,2,15
230006813,Property Damage Crash,02/10/2023 12:56:00 PM,NA,NA,STRAIGHT MOVEMENT ANGLE,Clear,NA,Daylight,NO CONTROLS,NONE DETECTED,No,No Apparent Injury,N/A,NOT DISTRACTED,MD,PASSENGER CAR,MOVING CONSTANT SPEED,10,No,2021,TOYOTA,COROLLA,39.128515,-77.16500333,2023,2,12
230006813,Property Damage Crash,02/10/2023 12:56:00 PM,NA,NA,STRAIGHT MOVEMENT ANGLE,Clear,NA,Daylight,NO CONTROLS,NONE DETECTED,Yes,No Apparent Injury,N/A,LOOKED BUT DID NOT SEE,MD,SCHOOL BUS,STARTING FROM PARKED,10,No,2014,THOMAS,BUS,39.128515,-77.16500333,2023,2,12
230007411,Property Damage Crash,02/10/2023 11:55:00 AM,GLEN RD,NA,SINGLE VEHICLE,Clear,DRY,Daylight,N/A,NONE DETECTED,Yes,No Apparent Injury,"DEBRIS OR OBSTRUCTION, N/A",LOOKED BUT DID NOT SEE,MD,POLICE VEHICLE/NON EMERGENCY,MOVING CONSTANT SPEED,35,No,2018,CHRYS,PACIFICA,39.02477433,-77.149474,2023,2,11
230006796,Injury Crash,02/10/2023 11:40:00 AM,ROCKVILLE PIKE,NA,SAME DIRECTION LEFT TURN,Clear,DRY,Daylight,TRAFFIC SIGNAL,NONE DETECTED,No,Possible Minor Injury,N/A,NOT DISTRACTED,MD,PASSENGER CAR,STOPPED IN TRAFFIC LANE,35,No,2021,CHEVY,MALIBU,39.0236694,-77.10289826,2023,2,11
230006796,Injury Crash,02/10/2023 11:40:00 AM,ROCKVILLE PIKE,NA,SAME DIRECTION LEFT TURN,Clear,DRY,Daylight,TRAFFIC SIGNAL,NONE DETECTED,Yes,No Apparent Injury,N/A,LOOKED BUT DID NOT SEE,DC,PASSENGER CAR,CHANGING LANES,35,No,2003,HONDA,PSW,39.0236694,-77.10289826,2023,2,11
230006796,Injury Crash,02/10/2023 11:40:00 AM,ROCKVILLE PIKE,NA,SAME DIRECTION LEFT TURN,Clear,DRY,Daylight,TRAFFIC SIGNAL,NONE DETECTED,No,No Apparent Injury,N/A,NOT DISTRACTED,MD,PASSENGER CAR,MOVING CONSTANT SPEED,25,No,2017,JEEP,CHEROKEE,39.0236694,-77.10289826,2023,2,11
230006791,Property Damage Crash,02/10/2023 10:58:00 AM,NEW HAMPSHIRE AVE,NA,OTHER,Clear,DRY,Daylight,NO CONTROLS,NONE DETECTED,No,No Apparent Injury,N/A,NOT DISTRACTED,WA,PASSENGER CAR,MOVING CONSTANT SPEED,35,No,2011,AUDI,TT,38.97863133,-76.99115567,2023,2,10
230006791,Property Damage Crash,02/10/2023 10:58:00 AM,NEW HAMPSHIRE AVE,NA,OTHER,Clear,DRY,Daylight,NO CONTROLS,NONE DETECTED,Yes,No Apparent Injury,N/A,UNKNOWN,MD,"MEDIUM/HEAVY TRUCKS 3 AXLES (OVER 10,000LBS (4,536KG))",MOVING CONSTANT SPEED,35,No,2018,KW,TK,38.97863133,-76.99115567,2023,2,10
230006788,Property Damage Crash,02/10/2023 10:30:00 AM,NEW HAMPSHIRE AVE,NA,SAME DIRECTION LEFT TURN,Clear,DRY,Daylight,NO CONTROLS,NONE DETECTED,Yes,No Apparent Injury,N/A,UNKNOWN,NA,PASSENGER CAR,CHANGING LANES,35,No,2018,HONDA,CRV,39.07614109,-77.00204396,2023,2,10
230006788,Property Damage Crash,02/10/2023 10:30:00 AM,NEW HAMPSHIRE AVE,NA,SAME DIRECTION LEFT TURN,Clear,DRY,Daylight,NO CONTROLS,NONE DETECTED,No,No Apparent Injury,N/A,NOT DISTRACTED,MD,PASSENGER CAR,MOVING CONSTANT SPEED,35,No,2007,NISSAN,SD,39.07614109,-77.00204396,2023,2,10
230006776,Property Damage Crash,02/10/2023 09:38:00 AM,CLOPPER RD,NA,SINGLE VEHICLE,Clear,DRY,Daylight,TRAFFIC SIGNAL,NONE DETECTED,Yes,No Apparent Injury,N/A,UNKNOWN,MD,"MEDIUM/HEAVY TRUCKS 3 AXLES (OVER 10,000LBS (4,536KG))",MAKING RIGHT TURN,35,No,2008,FREIGHT,TRUCK,39.14826,-77.237915,2023,2,9
230006762,Property Damage Crash,02/10/2023 09:10:00 AM,MUNCASTER MILL RD,NA,SAME DIR REAR END,Clear,DRY,Daylight,NO CONTROLS,NONE DETECTED,No,No Apparent Injury,N/A,NOT DISTRACTED,MD,PASSENGER CAR,MAKING LEFT TURN,35,No,2011,HYUNDIA,SUV,39.15007983,-77.148557,2023,2,9
230006762,Property Damage Crash,02/10/2023 09:10:00 AM,MUNCASTER MILL RD,NA,SAME DIR REAR END,Clear,DRY,Daylight,NO CONTROLS,NONE DETECTED,Yes,No Apparent Injury,N/A,UNKNOWN,MD,PASSENGER CAR,MOVING CONSTANT SPEED,35,No,2015,JEEP,WRANGLER,39.15007983,-77.148557,2023,2,9
230006764,Injury Crash,02/10/2023 09:03:00 AM,LAYHILL RD,NA,STRAIGHT MOVEMENT ANGLE,Clear,DRY,Daylight,TRAFFIC SIGNAL,NONE DETECTED,No,Possible Minor Injury,N/A,NOT DISTRACTED,MD,PASSENGER CAR,STOPPED IN TRAFFIC LANE,35,No,2015,MAZD,4S,39.100165,-77.041815,2023,2,9
230006764,Injury Crash,02/10/2023 09:03:00 AM,LAYHILL RD,NA,STRAIGHT MOVEMENT ANGLE,Clear,DRY,Daylight,TRAFFIC SIGNAL,NONE DETECTED,Yes,Possible Minor Injury,N/A,UNKNOWN,MD,PASSENGER CAR,MOVING CONSTANT SPEED,45,No,2002,BMW,325C,39.100165,-77.041815,2023,2,9
230006757,Injury Crash,02/10/2023 09:01:00 AM,WISCONSIN AVE,NA,HEAD ON LEFT TURN,Clear,DRY,Daylight,TRAFFIC SIGNAL,NONE DETECTED,Yes,No Apparent Injury,N/A,NOT DISTRACTED,MD,PASSENGER CAR,MAKING LEFT TURN,25,No,2021,TOYOTA,RAV4,38.988165,-77.09503,2023,2,9
230006757,Injury Crash,02/10/2023 09:01:00 AM,WISCONSIN AVE,NA,HEAD ON LEFT TURN,Clear,DRY,Daylight,TRAFFIC SIGNAL,NONE DETECTED,No,Possible Minor Injury,N/A,NOT DISTRACTED,MD,PASSENGER CAR,MOVING CONSTANT SPEED,25,No,2021,NISSAN,WG,38.988165,-77.09503,2023,2,9
230006760,Injury Crash,02/10/2023 08:56:00 AM,DARNESTOWN RD,NA,STRAIGHT MOVEMENT ANGLE,Clear,DRY,Daylight,TRAFFIC SIGNAL,NONE DETECTED,No,Possible Minor Injury,N/A,NOT DISTRACTED,MD,(SPORT) UTILITY VEHICLE,MAKING LEFT TURN,40,No,2018,MERZ,UT,39.10057833,-77.21369167,2023,2,8
230006760,Injury Crash,02/10/2023 08:56:00 AM,DARNESTOWN RD,NA,STRAIGHT MOVEMENT ANGLE,Clear,DRY,Daylight,TRAFFIC SIGNAL,NONE DETECTED,Yes,Possible Minor Injury,N/A,LOOKED BUT DID NOT SEE,MD,(SPORT) UTILITY VEHICLE,MOVING CONSTANT SPEED,40,No,2021,MERZ,TK,39.10057833,-77.21369167,2023,2,8
23006759,Property Damage Crash,02/10/2023 08:42:00 AM,NA,NA,OTHER,Clear,NA,Daylight,NO CONTROLS,NONE DETECTED,Yes,No Apparent Injury,N/A,NOT DISTRACTED,MD,PASSENGER CAR,BACKING,15,No,2021,TOYT,UT,39.174835,-77.24401667,2023,2,8
23006759,Property Damage Crash,02/10/2023 08:42:00 AM,NA,NA,OTHER,Clear,NA,Daylight,NO CONTROLS,NONE DETECTED,No,No Apparent Injury,N/A,NOT DISTRACTED,MD,PASSENGER CAR,BACKING,15,No,2006,HOND,TK,39.174835,-77.24401667,2023,2,8
230006756,Injury Crash,02/10/2023 08:15:00 AM,W EDMONSTON DR,NA,SAME DIRECTION SIDESWIPE,Clear,DRY,Daylight,NO CONTROLS,NONE DETECTED,No,Possible Minor Injury,N/A,NOT DISTRACTED,MD,PASSENGER CAR,MOVING CONSTANT SPEED,30,No,2016,JEEP,CHEROKEE,39.07370591,-77.13656561,2023,2,8
230006756,Injury Crash,02/10/2023 08:15:00 AM,W EDMONSTON DR,NA,SAME DIRECTION SIDESWIPE,Clear,DRY,Daylight,NO CONTROLS,NONE DETECTED,Yes,No Apparent Injury,N/A,NOT DISTRACTED,MD,PASSENGER CAR,PASSING,30,No,2002,GMC,YUKON,39.07370591,-77.13656561,2023,2,8
230006750,Property Damage Crash,02/10/2023 07:19:00 AM,COLESVILLE RD,NA,STRAIGHT MOVEMENT ANGLE,Clear,DRY,Daylight,TRAFFIC SIGNAL,NONE DETECTED,No,No Apparent Injury,N/A,NOT DISTRACTED,MD,SCHOOL BUS,MOVING CONSTANT SPEED,25,No,2017,THOM,BUS,38.99762435,-77.0269814,2023,2,7
230006750,Property Damage Crash,02/10/2023 07:19:00 AM,COLESVILLE RD,NA,STRAIGHT MOVEMENT ANGLE,Clear,DRY,Daylight,TRAFFIC SIGNAL,NONE DETECTED,Yes,No Apparent Injury,N/A,NOT DISTRACTED,MD,(SPORT) UTILITY VEHICLE,SLOWING OR STOPPING,35,No,2013,LINCOLN,MKT,38.99762435,-77.0269814,2023,2,7
230006732,Property Damage Crash,02/09/2023 11:19:00 PM,COLESVILLE RD,NA,SINGLE VEHICLE,Clear,DRY,Medium,N/A,NONE DETECTED,Yes,No Apparent Injury,N/A,NOT DISTRACTED,DC,PASSENGER CAR,ACCELERATING,40,No,2010,ACURA,SD,39.014305,-77.01666,2023,2,23
230006731,Property Damage Crash,02/09/2023 11:15:00 PM,FATHER HURLEY BLVD,NA,SINGLE VEHICLE,Clear,DRY,Medium,N/A,NONE DETECTED,Yes,No Apparent Injury,N/A,UNKNOWN,NA,PASSENGER CAR,MOVING CONSTANT SPEED,40,No,1998,TOYOTA,TACOMA,39.19017333,-77.272945000000007,2023,2,23
230007782,Injury Crash,02/09/2023 09:35:00 PM,GEORGIA AVE,NA,SAME DIR REAR END,Clear,DRY,Medium,TRAFFIC SIGNAL,NONE DETECTED,Yes,No Apparent Injury,N/A,UNKNOWN,XX,PASSENGER CAR,SLOWING OR STOPPING,25,No,2010,TOYOTA,PRIUS,39.04320428,-77.05210776,2023,2,21
230007782,Injury Crash,02/09/2023 09:35:00 PM,GEORGIA AVE,NA,SAME DIR REAR END,Clear,DRY,Medium,TRAFFIC SIGNAL,NONE DETECTED,No,Possible Minor Injury,N/A,NOT DISTRACTED,DC,PASSENGER CAR,SLOWING OR STOPPING,25,No,1993,VOLKSWAGEN,CORRADO,39.04320428,-77.05210776,2023,2,21
230006725,Injury Crash,02/09/2023 08:51:00 PM,RANDOLPH RD,NA,SAME DIR REAR END,Clear,DRY,Medium,RAILWAY CROSSING DEVICE,NONE DETECTED,No,Possible Minor Injury,N/A,NOT DISTRACTED,MD,PASSENGER CAR,STOPPED IN TRAFFIC LANE,40,No,2012,SUBARU,IMPREZA,39.05329057,-77.11092034,2023,2,20
230006725,Injury Crash,02/09/2023 08:51:00 PM,RANDOLPH RD,NA,SAME DIR REAR END,Clear,DRY,Medium,RAILWAY CROSSING DEVICE,NONE DETECTED,Yes,No Apparent Injury,N/A,LOOKED BUT DID NOT SEE,MD,PASSENGER CAR,SLOWING OR STOPPING,40,No,2010,HONDA,4S,39.05329057,-77.11092034,2023,2,20
230007382,Property Damage Crash,02/09/2023 08:00:00 PM,BILTMORE DR,NA,SAME DIR BOTH LEFT TURN,Clear,DRY,Medium,NO CONTROLS,NONE DETECTED,No,No Apparent Injury,N/A,NOT DISTRACTED,MD,PASSENGER CAR,MOVING CONSTANT SPEED,25,No,2011,SUBARU,FORESTER,39.03362667,-77.00325817,2023,2,20
230007382,Property Damage Crash,02/09/2023 08:00:00 PM,BILTMORE DR,NA,SAME DIR BOTH LEFT TURN,Clear,DRY,Medium,NO CONTROLS,ALCOHOL PRESENT,Yes,No Apparent Injury,N/A,OTHER DISTRACTION,MD,PASSENGER CAR,MOVING CONSTANT SPEED,25,No,1999,INFINITI,TK,39.03362667,-77.00325817,2023,2,20
23000931,Property Damage Crash,02/09/2023 06:48:00 PM,MEADOWCROFT LA,NA,STRAIGHT MOVEMENT ANGLE,Clear,DRY,Medium,STOP SIGN,NONE DETECTED,Yes,No Apparent Injury,N/A,UNKNOWN,MD,PASSENGER CAR,MAKING LEFT TURN,35,No,2019,FORD,EXPLORER,39.18115167,-77.177705,2023,2,18
23000931,Property Damage Crash,02/09/2023 06:48:00 PM,MEADOWCROFT LA,NA,STRAIGHT MOVEMENT ANGLE,Clear,DRY,Medium,STOP SIGN,NONE DETECTED,No,No Apparent Injury,N/A,NOT DISTRACTED,MD,PASSENGER CAR,MOVING CONSTANT SPEED,35,No,2007,TOYOTA,CAMRY,39.18115167,-77.177705,2023,2,18
230006737,Property Damage Crash,02/09/2023 06:45:00 PM,BILTMORE DR,NA,OPPOSITE DIRECTION SIDESWIPE,Clear,DRY,Medium,NO CONTROLS,ALCOHOL PRESENT,Yes,No Apparent Injury,N/A,OTHER DISTRACTION,MD,PASSENGER CAR,MOVING CONSTANT SPEED,20,No,1999,INFINITI,QX4,39.01161061,-77.00464773,2023,2,18
230006701,Injury Crash,02/09/2023 06:37:00 PM,COLESVILLE RD,NA,HEAD ON LEFT TURN,Clear,DRY,Medium,NO CONTROLS,NONE DETECTED,No,Possible Minor Injury,N/A,NOT DISTRACTED,MD,PASSENGER CAR,MOVING CONSTANT SPEED,40,No,2022,TOYOTA,RAVA4,39.02158417,-77.01183833,2023,2,18
230006701,Injury Crash,02/09/2023 06:37:00 PM,COLESVILLE RD,NA,HEAD ON LEFT TURN,Clear,DRY,Medium,NO CONTROLS,ALCOHOL PRESENT,Yes,No Apparent Injury,N/A,OTHER DISTRACTION,MD,PASSENGER CAR,MAKING LEFT TURN,40,No,1999,INFINITI,QX4,39.02158417,-77.01183833,2023,2,18
230006701,Injury Crash,02/09/2023 06:37:00 PM,COLESVILLE RD,NA,HEAD ON LEFT TURN,Clear,DRY,Medium,NO CONTROLS,NONE DETECTED,No,No Apparent Injury,N/A,NOT DISTRACTED,MD,PASSENGER CAR,STOPPED IN TRAFFIC LANE,25,No,2022,TESLA,MODEL3,39.02158417,-77.01183833,2023,2,18
230006693,Property Damage Crash,02/09/2023 05:45:00 PM,BATTERY LA,NA,SAME DIR REAR END,Clear,DRY,Medium,OTHER,NONE DETECTED,No,No Apparent Injury,N/A,NOT DISTRACTED,MD,PASSENGER CAR,STOPPED IN TRAFFIC LANE,25,No,2014,INFINITI,Q50,38.99246833,-77.10007333,2023,2,17
230006693,Property Damage Crash,02/09/2023 05:45:00 PM,BATTERY LA,NA,SAME DIR REAR END,Clear,DRY,Medium,OTHER,NONE DETECTED,Yes,No Apparent Injury,N/A,UNKNOWN,MD,PASSENGER CAR,MOVING CONSTANT SPEED,25,No,2012,VOLKSWAGEN,BEETLE,38.99246833,-77.10007333,2023,2,17
230006674,Injury Crash,02/09/2023 04:23:00 PM,OLD COLUMBIA PIKE,NA,STRAIGHT MOVEMENT ANGLE,Clear,DRY,Daylight,NO CONTROLS,NONE DETECTED,Yes,No Apparent Injury,N/A,NOT DISTRACTED,MD,PASSENGER CAR,ACCELERATING,35,No,2010,DODG,JOURNEY,39.08361236,-76.95165083,2023,2,16
230006674,Injury Crash,02/09/2023 04:23:00 PM,OLD COLUMBIA PIKE,NA,STRAIGHT MOVEMENT ANGLE,Clear,DRY,Daylight,NO CONTROLS,NONE DETECTED,No,Possible Minor Injury,N/A,NOT DISTRACTED,MD,PASSENGER CAR,STARTING FROM LANE,35,No,2019,GMC,TERRAIN,39.08361236,-76.95165083,2023,2,16
230006646,Property Damage Crash,02/09/2023 02:40:00 PM,BRIGGS CHANEY RD,NA,SINGLE VEHICLE,Clear,DRY,Daylight,NO CONTROLS,NONE DETECTED,Yes,No Apparent Injury,N/A,NOT DISTRACTED,MD,PASSENGER CAR,MOVING CONSTANT SPEED,35,No,2021,TESLA,Y,39.10448667,-76.98789333,2023,2,14
23000242,Property Damage Crash,02/09/2023 02:00:00 PM,NA,NA,OTHER,Clear,NA,Daylight,NO CONTROLS,NONE DETECTED,Yes,No Apparent Injury,N/A,UNKNOWN,NA,NA,UNKNOWN,15,No,0,UNKNOWN,UNKNOWN,39.058355,-77.03882183,2023,2,14
230006638,Injury Crash,02/09/2023 01:50:00 PM,FREDERICK RD,NA,SINGLE VEHICLE,Clear,DRY,Daylight,NO CONTROLS,NONE DETECTED,Yes,Possible Minor Injury,N/A,LOOKED BUT DID NOT SEE,MD,MOTORCYCLE,MOVING CONSTANT SPEED,40,No,2022,SUZUKI,SV,39.121215,-77.175565,2023,2,13
23006631,Property Damage Crash,02/09/2023 01:37:00 PM,FENTON ST,NA,SAME DIRECTION SIDESWIPE,Cloudy,DRY,Daylight,NO CONTROLS,NONE DETECTED,Yes,No Apparent Injury,N/A,NOT DISTRACTED,DC,PASSENGER CAR,OTHER,30,No,2020,TOYOTA,RAV4,38.991321,-77.023956,2023,2,13
230006623,Injury Crash,02/09/2023 12:58:00 PM,PINEY BRANCH RD,NA,SAME DIRECTION LEFT TURN,Cloudy,DRY,Daylight,NO CONTROLS,NONE DETECTED,No,No Apparent Injury,N/A,NOT DISTRACTED,NA,NA,MOVING CONSTANT SPEED,30,No,0,UNKNOWN,UNKNOWN,38.9981495,-77.003466,2023,2,12
230006623,Injury Crash,02/09/2023 12:58:00 PM,PINEY BRANCH RD,NA,SAME DIRECTION LEFT TURN,Cloudy,DRY,Daylight,NO CONTROLS,NONE DETECTED,Yes,No Apparent Injury,N/A,LOOKED BUT DID NOT SEE,MD,TRANSIT BUS,CHANGING LANES,30,No,2016,GILLIG,BUS,38.9981495,-77.003466,2023,2,12
230006620,Injury Crash,02/09/2023 12:30:00 PM,OLD RANDOLPH RD,BICYCLIST,HEAD ON LEFT TURN,Cloudy,DRY,Daylight,STOP SIGN,NONE DETECTED,No,No Apparent Injury,N/A,NOT DISTRACTED,MD,PASSENGER CAR,STOPPED IN TRAFFIC LANE,35,No,2013,HONDA,CIVIC,39.0644735,-77.02918233,2023,2,12
230006617,Property Damage Crash,02/09/2023 12:22:00 PM,SANDY SPRING RD,NA,STRAIGHT MOVEMENT ANGLE,Cloudy,DRY,Daylight,TRAFFIC SIGNAL,NONE DETECTED,No,No Apparent Injury,N/A,NOT DISTRACTED,MD,PASSENGER CAR,STARTING FROM LANE,45,No,2021,TOYOTA,RAV4,39.11155667,-76.92846833,2023,2,12
230006617,Property Damage Crash,02/09/2023 12:22:00 PM,SANDY SPRING RD,NA,STRAIGHT MOVEMENT ANGLE,Cloudy,DRY,Daylight,TRAFFIC SIGNAL,NONE DETECTED,Yes,No Apparent Injury,N/A,LOOKED BUT DID NOT SEE,MD,PASSENGER CAR,MOVING CONSTANT SPEED,35,No,2019,BMW,530E,39.11155667,-76.92846833,2023,2,12