Local Case Number,ACRS Report Type,Crash Date/Time,Road Name,Related Non-Motorist,Collision Type,Weather,Surface Condition,Light,Traffic Control,Driver Substance Abuse,Driver At Fault,Injury Severity,Circumstance,Driver Distracted By,Drivers License State,Vehicle Body Type,Vehicle Movement,Speed Limit,Driverless Vehicle,Vehicle Year,Vehicle Make,Vehicle Model,Latitude,Longitude,Year,Month,Hour
230006596,Property Damage Crash,02/09/2023 11:00:00 AM,MONTGOMERY VILLAGE AVE,NA,ANGLE MEETS LEFT TURN,Cloudy,DRY,Daylight,TRAFFIC SIGNAL,NONE DETECTED,Yes,No Apparent Injury,N/A,DISTRACTED BY OUTSIDE PERSON OBJECT OR EVENT,FL,PASSENGER CAR,MAKING LEFT TURN,35,No,2013,HONDA,ACCORD,39.1604,-77.20183667,2023,2,11
230006596,Property Damage Crash,02/09/2023 11:00:00 AM,MONTGOMERY VILLAGE AVE,NA,ANGLE MEETS LEFT TURN,Cloudy,DRY,Daylight,TRAFFIC SIGNAL,NONE DETECTED,No,No Apparent Injury,N/A,NOT DISTRACTED,MD,PASSENGER CAR,MOVING CONSTANT SPEED,35,No,2014,TOYOTA,COROLLA,39.1604,-77.20183667,2023,2,11
230006589,Injury Crash,02/09/2023 10:00:00 AM,UNIVERSITY BLVD W,NA,STRAIGHT MOVEMENT ANGLE,Clear,DRY,Daylight,STOP SIGN,NONE DETECTED,No,Possible Minor Injury,N/A,NOT DISTRACTED,MD,PASSENGER CAR,MOVING CONSTANT SPEED,30,No,2012,SUBARU,IMPREZA,39.0322945,-77.0741785,2023,2,10
230006589,Injury Crash,02/09/2023 10:00:00 AM,UNIVERSITY BLVD W,NA,STRAIGHT MOVEMENT ANGLE,Clear,DRY,Daylight,STOP SIGN,NONE DETECTED,Yes,No Apparent Injury,N/A,NOT DISTRACTED,MD,PASSENGER CAR,MOVING CONSTANT SPEED,10,No,2013,HYUNDAI,4DR,39.0322945,-77.0741785,2023,2,10
230006585,Property Damage Crash,02/09/2023 09:45:00 AM,N WASHINGTON ST,NA,STRAIGHT MOVEMENT ANGLE,Clear,DRY,Daylight,TRAFFIC SIGNAL,NONE DETECTED,Yes,No Apparent Injury,N/A,LOOKED BUT DID NOT SEE,MD,PASSENGER CAR,MOVING CONSTANT SPEED,30,No,2018,HONDA,ODYSSEY,39.08862649,-77.15367409,2023,2,9
230006585,Property Damage Crash,02/09/2023 09:45:00 AM,N WASHINGTON ST,NA,STRAIGHT MOVEMENT ANGLE,Clear,DRY,Daylight,TRAFFIC SIGNAL,NONE DETECTED,No,No Apparent Injury,N/A,NOT DISTRACTED,MD,PASSENGER CAR,MOVING CONSTANT SPEED,30,No,2009,LEXUS,ES350,39.08862649,-77.15367409,2023,2,9
230006578,Injury Crash,02/09/2023 09:33:00 AM,AVERY RD,NA,SINGLE VEHICLE,Clear,DRY,Daylight,NO CONTROLS,NONE DETECTED,Yes,Possible Minor Injury,N/A,NOT DISTRACTED,MD,PASSENGER CAR,MOVING CONSTANT SPEED,30,No,2019,KIA,SOUL,39.11921667,-77.11912667,2023,2,9
230006584,Property Damage Crash,02/09/2023 09:27:00 AM,NA,NA,SAME DIRECTION SIDESWIPE,Clear,NA,Daylight,N/A,NONE DETECTED,No,No Apparent Injury,N/A,NOT DISTRACTED,MD,PASSENGER CAR,PARKED,0,No,2020,ACUR,SD,39.0621059,-77.15980702,2023,2,9
230006584,Property Damage Crash,02/09/2023 09:27:00 AM,NA,NA,SAME DIRECTION SIDESWIPE,Clear,NA,Daylight,N/A,NONE DETECTED,Yes,No Apparent Injury,N/A,LOOKED BUT DID NOT SEE,MD,"OTHER LIGHT TRUCKS (10,000LBS (4,536KG) OR LESS)",OTHER,5,No,2016,FORD,TK,39.0621059,-77.15980702,2023,2,9
230006567,Injury Crash,02/09/2023 09:11:00 AM,CAPITAL BELTWAY,NA,SAME DIR REAR END,Cloudy,DRY,Daylight,NO CONTROLS,NONE DETECTED,No,No Apparent Injury,N/A,NOT DISTRACTED,MD,PASSENGER CAR,SLOWING OR STOPPING,50,No,2022,SUBARU,ASCENT,39.01563,-77.001705,2023,2,9
230006567,Injury Crash,02/09/2023 09:11:00 AM,CAPITAL BELTWAY,NA,SAME DIR REAR END,Cloudy,DRY,Daylight,NO CONTROLS,NONE DETECTED,Yes,No Apparent Injury,N/A,LOOKED BUT DID NOT SEE,MD,PASSENGER CAR,CHANGING LANES,50,No,2006,TOYOTA,4RUNNER,39.01563,-77.001705,2023,2,9
230006564,Injury Crash,02/09/2023 08:43:00 AM,GEORGIA AVE,PEDESTRIAN,OTHER,Cloudy,DRY,Daylight,TRAFFIC SIGNAL,NONE DETECTED,No,No Apparent Injury,N/A,NOT DISTRACTED,NA,TRANSIT BUS,MAKING LEFT TURN,35,No,2014,GILL,L. FLOOR,39.06029753,-77.05097211,2023,2,8
230006565,Injury Crash,02/09/2023 08:37:00 AM,POSTOAK RD,NA,SAME DIR REAR END,Cloudy,DRY,Daylight,NO CONTROLS,NONE DETECTED,Yes,No Apparent Injury,N/A,UNKNOWN,MD,PASSENGER CAR,UNKNOWN,25,No,2017,FORD,EXPLORER,39.05288583,-77.16917033,2023,2,8
230006565,Injury Crash,02/09/2023 08:37:00 AM,POSTOAK RD,NA,SAME DIR REAR END,Cloudy,DRY,Daylight,NO CONTROLS,NONE DETECTED,No,No Apparent Injury,N/A,NOT DISTRACTED,DC,OTHER BUS,SLOWING OR STOPPING,25,No,2015,FORD/GOSHEN,E-350 CUTAWAY/MINIBUS,39.05288583,-77.16917033,2023,2,8
230006562,Property Damage Crash,02/09/2023 08:30:00 AM,DECOVERLY DR,NA,SAME DIRECTION SIDESWIPE,Clear,DRY,Daylight,N/A,NONE DETECTED,Yes,No Apparent Injury,N/A,LOOKED BUT DID NOT SEE,MD,TRANSIT BUS,MOVING CONSTANT SPEED,25,No,2019,GILG,BU,39.11243572,-77.1996815,2023,2,8
230006549,Property Damage Crash,02/09/2023 06:42:00 AM,RANDOLPH RD,NA,SAME DIRECTION LEFT TURN,Clear,DRY,Medium,N/A,NONE DETECTED,No,No Apparent Injury,"BACKUP DUE TO NON-RECURRING INCIDENT, N/A",NOT DISTRACTED,MD,"OTHER LIGHT TRUCKS (10,000LBS (4,536KG) OR LESS)",MOVING CONSTANT SPEED,35,No,2018,CHEVROLET,BOX TRUCK,39.05354833,-77.10499833,2023,2,6
230006549,Property Damage Crash,02/09/2023 06:42:00 AM,RANDOLPH RD,NA,SAME DIRECTION LEFT TURN,Clear,DRY,Medium,N/A,NONE DETECTED,Yes,No Apparent Injury,"BACKUP DUE TO NON-RECURRING INCIDENT, N/A",NOT DISTRACTED,MD,TRANSIT BUS,CHANGING LANES,35,No,2010,NEW FLYER,BUS,39.05354833,-77.10499833,2023,2,6
230006544,Injury Crash,02/09/2023 06:26:00 AM,ROCKVILLE PIKE,PEDESTRIAN,SINGLE VEHICLE,Cloudy,DRY,Medium,TRAFFIC SIGNAL,NONE DETECTED,Yes,No Apparent Injury,N/A,LOOKED BUT DID NOT SEE,MD,PASSENGER CAR,MAKING RIGHT TURN,40,No,2007,GMC,SIERRA,39.0474655,-77.1129135,2023,2,6
230006538,Property Damage Crash,02/09/2023 05:49:00 AM,WOOTTON PKWY,NA,STRAIGHT MOVEMENT ANGLE,Cloudy,WET,Medium,FLASHING TRAFFIC SIGNAL,NONE DETECTED,No,No Apparent Injury,N/A,NOT DISTRACTED,XX,PASSENGER CAR,MOVING CONSTANT SPEED,35,No,2015,AUDI,A4,39.06689517,-77.16162067,2023,2,5
230006538,Property Damage Crash,02/09/2023 05:49:00 AM,WOOTTON PKWY,NA,STRAIGHT MOVEMENT ANGLE,Cloudy,WET,Medium,FLASHING TRAFFIC SIGNAL,NONE DETECTED,Yes,No Apparent Injury,N/A,UNKNOWN,MD,PASSENGER CAR,MAKING LEFT TURN,35,No,2022,JEEP,WRANGLER,39.06689517,-77.16162067,2023,2,5
230006533,Property Damage Crash,02/09/2023 03:18:00 AM,LOG HOUSE RD,NA,SINGLE VEHICLE,Cloudy,WET,Dark,N/A,NONE DETECTED,Yes,No Apparent Injury,"N/A, WET",UNKNOWN,MD,PASSENGER CAR,UNKNOWN,35,No,2022,HYUNDIA,KIN0,39.24606167,-77.20467667,2023,2,3
230006528,Injury Crash,02/09/2023 12:54:00 AM,WOODWELL RD,NA,SINGLE VEHICLE,Clear,DRY,Medium,NO CONTROLS,ALCOHOL PRESENT,Yes,Possible Minor Injury,N/A,UNKNOWN,TN,PASSENGER CAR,MOVING CONSTANT SPEED,30,No,2014,AUDI,A7,39.08795917,-77.0343965,2023,2,0
230006519,Injury Crash,02/08/2023 10:47:00 PM,OLNEY SANDY SPRING RD,NA,HEAD ON LEFT TURN,Clear,DRY,Medium,TRAFFIC SIGNAL,NONE DETECTED,No,Possible Minor Injury,N/A,NOT DISTRACTED,MD,PASSENGER CAR,MOVING CONSTANT SPEED,40,No,2004,TOYOTA,VAN,39.1451,-77.04784333,2023,2,22
230006519,Injury Crash,02/08/2023 10:47:00 PM,OLNEY SANDY SPRING RD,NA,HEAD ON LEFT TURN,Clear,DRY,Medium,TRAFFIC SIGNAL,NONE DETECTED,Yes,Possible Minor Injury,N/A,NOT DISTRACTED,MD,PASSENGER CAR,STARTING FROM LANE,40,No,2007,HYUNDAI,SONATA,39.1451,-77.04784333,2023,2,22
230006516,Property Damage Crash,02/08/2023 10:38:00 PM,NEW HAMPSHIRE AVE,NA,SAME DIR REAR END,Clear,DRY,Medium,TRAFFIC SIGNAL,NONE DETECTED,No,No Apparent Injury,N/A,NOT DISTRACTED,MD,PASSENGER CAR,STOPPED IN TRAFFIC LANE,35,No,2017,NISSAN,MURANO,39.019345,-76.97653833,2023,2,22
230006516,Property Damage Crash,02/08/2023 10:38:00 PM,NEW HAMPSHIRE AVE,NA,SAME DIR REAR END,Clear,DRY,Medium,TRAFFIC SIGNAL,NONE DETECTED,Yes,No Apparent Injury,N/A,LOOKED BUT DID NOT SEE,MD,PASSENGER CAR,MOVING CONSTANT SPEED,35,No,2010,HONDA,ACCORD,39.019345,-76.97653833,2023,2,22
230006508,Property Damage Crash,02/08/2023 09:26:00 PM,OLD COLUMBIA PIKE,NA,STRAIGHT MOVEMENT ANGLE,Clear,DRY,Dark,TRAFFIC SIGNAL,NONE DETECTED,Yes,No Apparent Injury,N/A,UNKNOWN,NA,NA,UNKNOWN,40,No,0,UNKNOWN,UNKNOWN,39.11092483,-76.93201017,2023,2,21
230006508,Property Damage Crash,02/08/2023 09:26:00 PM,OLD COLUMBIA PIKE,NA,STRAIGHT MOVEMENT ANGLE,Clear,DRY,Dark,TRAFFIC SIGNAL,NONE DETECTED,No,No Apparent Injury,N/A,NOT DISTRACTED,MD,PASSENGER CAR,MAKING LEFT TURN,45,No,2016,TESL,MODEL X,39.11092483,-76.93201017,2023,2,21
230006488,Property Damage Crash,02/08/2023 06:44:00 PM,GEORGIA AVE,NA,STRAIGHT MOVEMENT ANGLE,Clear,DRY,Medium,TRAFFIC SIGNAL,NONE DETECTED,No,No Apparent Injury,N/A,NOT DISTRACTED,MD,PICKUP TRUCK,MAKING LEFT TURN,45,No,1985,CHEV,TK,39.08325333,-77.07741,2023,2,18
230006488,Property Damage Crash,02/08/2023 06:44:00 PM,GEORGIA AVE,NA,STRAIGHT MOVEMENT ANGLE,Clear,DRY,Medium,TRAFFIC SIGNAL,NONE DETECTED,Yes,No Apparent Injury,N/A,UNKNOWN,MD,PASSENGER CAR,MOVING CONSTANT SPEED,45,No,2015,NISSAN,ALTIMA,39.08325333,-77.07741,2023,2,18
230006484,Property Damage Crash,02/08/2023 06:29:00 PM,COLESVILLE RD,NA,SAME DIRECTION SIDESWIPE,Clear,DRY,Dark,TRAFFIC SIGNAL,NONE DETECTED,Yes,No Apparent Injury,N/A,NOT DISTRACTED,NA,PASSENGER CAR,MOVING CONSTANT SPEED,30,No,0,UNKNOWN,UNKNOWN,38.99484859,-77.03022258,2023,2,18
230006484,Property Damage Crash,02/08/2023 06:29:00 PM,COLESVILLE RD,NA,SAME DIRECTION SIDESWIPE,Clear,DRY,Dark,TRAFFIC SIGNAL,NONE DETECTED,No,No Apparent Injury,N/A,NOT DISTRACTED,MD,OTHER BUS,STARTING FROM LANE,25,No,2014,GIILIG,BUS,38.99484859,-77.03022258,2023,2,18
230006482,Property Damage Crash,02/08/2023 06:10:00 PM,PINEY BRANCH RD,NA,STRAIGHT MOVEMENT ANGLE,Clear,DRY,Medium,NO CONTROLS,NONE DETECTED,No,No Apparent Injury,N/A,NOT DISTRACTED,MD,VAN,MOVING CONSTANT SPEED,40,No,2008,HONDA,ODYSSEY,38.99983,-76.99455167,2023,2,18
230006482,Property Damage Crash,02/08/2023 06:10:00 PM,PINEY BRANCH RD,NA,STRAIGHT MOVEMENT ANGLE,Clear,DRY,Medium,NO CONTROLS,NONE DETECTED,Yes,No Apparent Injury,N/A,NOT DISTRACTED,MD,(SPORT) UTILITY VEHICLE,MAKING RIGHT TURN,5,No,2003,TOYOTA,HIGHLANDER,38.99983,-76.99455167,2023,2,18
230006487,Property Damage Crash,02/08/2023 06:09:00 PM,RANDOLPH RD,NA,SINGLE VEHICLE,Clear,DRY,Medium,TRAFFIC SIGNAL,NONE DETECTED,Yes,No Apparent Injury,N/A,UNKNOWN,MD,PASSENGER CAR,SLOWING OR STOPPING,35,No,2012,TOYOTA,CAMRY,39.05340236,-77.08939097,2023,2,18
230006469,Property Damage Crash,02/08/2023 05:24:00 PM,DARNESTOWN RD,NA,SAME DIR REAR END,Clear,DRY,Medium,TRAFFIC SIGNAL,NONE DETECTED,No,No Apparent Injury,N/A,UNKNOWN,MD,PASSENGER CAR,STOPPED IN TRAFFIC LANE,50,No,2009,TOYT,CAMRY,39.10979167,-77.30237283,2023,2,17
230006469,Property Damage Crash,02/08/2023 05:24:00 PM,DARNESTOWN RD,NA,SAME DIR REAR END,Clear,DRY,Medium,TRAFFIC SIGNAL,NONE DETECTED,Yes,No Apparent Injury,N/A,UNKNOWN,MD,VAN,MOVING CONSTANT SPEED,50,No,2012,FORD,TRANSIT CONNECT,39.10979167,-77.30237283,2023,2,17
230006469,Property Damage Crash,02/08/2023 05:24:00 PM,DARNESTOWN RD,NA,SAME DIR REAR END,Clear,DRY,Medium,TRAFFIC SIGNAL,NONE DETECTED,No,No Apparent Injury,N/A,UNKNOWN,MD,PASSENGER CAR,STOPPED IN TRAFFIC LANE,50,No,2022,HONDA,ACCORD,39.10979167,-77.30237283,2023,2,17
230006471,Property Damage Crash,02/08/2023 05:23:00 PM,HEWITT AVE,NA,SAME DIR REAR END,Clear,DRY,Daylight,NO CONTROLS,NONE DETECTED,Yes,No Apparent Injury,N/A,NOT DISTRACTED,MD,(SPORT) UTILITY VEHICLE,MOVING CONSTANT SPEED,30,No,2020,HYUNDAI,SANTA FE,39.07945333,-77.067175,2023,2,17
230006466,Property Damage Crash,02/08/2023 05:19:00 PM,UNIVERSITY BLVD E,NA,SAME DIRECTION LEFT TURN,Clear,DRY,Daylight,TRAFFIC SIGNAL,NONE DETECTED,No,No Apparent Injury,N/A,NOT DISTRACTED,MD,PASSENGER CAR,MOVING CONSTANT SPEED,35,No,2021,HONDA,CRV,39.02080667,-77.0133,2023,2,17
230006466,Property Damage Crash,02/08/2023 05:19:00 PM,UNIVERSITY BLVD E,NA,SAME DIRECTION LEFT TURN,Clear,DRY,Daylight,TRAFFIC SIGNAL,NONE DETECTED,Yes,No Apparent Injury,N/A,LOOKED BUT DID NOT SEE,MD,SCHOOL BUS,MAKING LEFT TURN,35,No,2018,FRHT,BU,39.02080667,-77.0133,2023,2,17
230006465,Property Damage Crash,02/08/2023 05:15:00 PM,RIDGE RD,NA,SAME DIR REAR END,Cloudy,DRY,Medium,NO CONTROLS,NONE DETECTED,Yes,No Apparent Injury,N/A,LOOKED BUT DID NOT SEE,MD,PASSENGER CAR,SLOWING OR STOPPING,40,No,2016,JEEP,COMPASS,39.33103,-77.18997,2023,2,17
230006465,Property Damage Crash,02/08/2023 05:15:00 PM,RIDGE RD,NA,SAME DIR REAR END,Cloudy,DRY,Medium,NO CONTROLS,NONE DETECTED,No,No Apparent Injury,N/A,NOT DISTRACTED,MD,PICKUP TRUCK,SLOWING OR STOPPING,40,No,2003,CHEVROLET,PU,39.33103,-77.18997,2023,2,17
230006468,Property Damage Crash,02/08/2023 05:13:00 PM,FREDERICK RD,NA,HEAD ON LEFT TURN,Clear,DRY,Medium,TRAFFIC SIGNAL,NONE DETECTED,Yes,No Apparent Injury,N/A,NOT DISTRACTED,MD,PASSENGER CAR,ACCELERATING,40,No,2010,TOYOTA,CAMRY,39.12263583,-77.17793333,2023,2,17
230006468,Property Damage Crash,02/08/2023 05:13:00 PM,FREDERICK RD,NA,HEAD ON LEFT TURN,Clear,DRY,Medium,TRAFFIC SIGNAL,NONE DETECTED,Yes,No Apparent Injury,N/A,NOT DISTRACTED,MD,PASSENGER CAR,MAKING LEFT TURN,40,No,2008,FORD,ESCAPE,39.12263583,-77.17793333,2023,2,17
230006452,Property Damage Crash,02/08/2023 04:45:00 PM,SEVEN LOCKS RD,NA,SAME DIR REAR END,Clear,DRY,Daylight,TRAFFIC SIGNAL,NONE DETECTED,No,No Apparent Injury,N/A,NOT DISTRACTED,MD,AMBULANCE/NON EMERGENCY,STOPPED IN TRAFFIC LANE,30,No,2017,RAM,3500,38.99280401,-77.16184761,2023,2,16
230006452,Property Damage Crash,02/08/2023 04:45:00 PM,SEVEN LOCKS RD,NA,SAME DIR REAR END,Clear,DRY,Daylight,TRAFFIC SIGNAL,NONE DETECTED,Yes,No Apparent Injury,N/A,INATTENTIVE OR LOST IN THOUGHT,MD,VAN,SLOWING OR STOPPING,30,No,2011,HONDA,ODYSSEY,38.99280401,-77.16184761,2023,2,16
230006444,Property Damage Crash,02/08/2023 04:20:00 PM,RITCHIE AVE,NA,SAME DIR REAR END,Clear,DRY,Daylight,NO CONTROLS,NONE DETECTED,Yes,No Apparent Injury,N/A,NOT DISTRACTED,MD,PASSENGER CAR,ACCELERATING,25,No,2011,TOY,4S,38.9898515,-77.0165555,2023,2,16
230006445,Injury Crash,02/08/2023 04:10:00 PM,OLD GEORGETOWN RD,NA,SAME DIR REAR END,Clear,DRY,Daylight,TRAFFIC SIGNAL,NONE DETECTED,Yes,No Apparent Injury,N/A,INATTENTIVE OR LOST IN THOUGHT,VA,PASSENGER CAR,SLOWING OR STOPPING,35,No,2015,BMW,428I,39.01622711,-77.11918068,2023,2,16
230006445,Injury Crash,02/08/2023 04:10:00 PM,OLD GEORGETOWN RD,NA,SAME DIR REAR END,Clear,DRY,Daylight,TRAFFIC SIGNAL,NONE DETECTED,No,Possible Minor Injury,N/A,NOT DISTRACTED,VA,PASSENGER CAR,SLOWING OR STOPPING,35,No,2016,HONDA,ACCORD,39.01622711,-77.11918068,2023,2,16
230006445,Injury Crash,02/08/2023 04:10:00 PM,OLD GEORGETOWN RD,NA,SAME DIR REAR END,Clear,DRY,Daylight,TRAFFIC SIGNAL,NONE DETECTED,No,No Apparent Injury,N/A,NOT DISTRACTED,MD,SNOWMOBILE,SLOWING OR STOPPING,35,No,2019,TOYT,RAV4,39.01622711,-77.11918068,2023,2,16
230006473,Property Damage Crash,02/08/2023 03:30:00 PM,COLLEGE VIEW DR,NA,SAME DIRECTION SIDESWIPE,Clear,DRY,Daylight,NO CONTROLS,NONE DETECTED,Yes,No Apparent Injury,N/A,NOT DISTRACTED,MD,SCHOOL BUS,MOVING CONSTANT SPEED,25,No,2015,THOMAS,BUS,39.04793167,-77.0701855,2023,2,15
230006403,Property Damage Crash,02/08/2023 01:46:00 PM,NA,NA,OPPOSITE DIRECTION SIDESWIPE,Clear,NA,Daylight,NO CONTROLS,NONE DETECTED,Unknown,No Apparent Injury,N/A,NOT DISTRACTED,MD,(SPORT) UTILITY VEHICLE,MOVING CONSTANT SPEED,15,No,2020,JEEP,COMPASS,38.996094,-77.0382235,2023,2,13
230006403,Property Damage Crash,02/08/2023 01:46:00 PM,NA,NA,OPPOSITE DIRECTION SIDESWIPE,Clear,NA,Daylight,NO CONTROLS,NONE DETECTED,Unknown,No Apparent Injury,N/A,UNKNOWN,MD,PASSENGER CAR,MOVING CONSTANT SPEED,15,No,2009,HONDA,ACCORDQ,38.996094,-77.0382235,2023,2,13
230008441,Property Damage Crash,02/08/2023 12:57:00 PM,NA,NA,STRAIGHT MOVEMENT ANGLE,Clear,NA,Daylight,NO CONTROLS,NONE DETECTED,Yes,No Apparent Injury,N/A,UNKNOWN,NA,PICKUP TRUCK,STARTING FROM PARKED,0,No,2011,CHEVY,SILVERADO,39.04111694,-77.05136028,2023,2,12
230006383,Property Damage Crash,02/08/2023 12:23:00 PM,FLEET ST,NA,STRAIGHT MOVEMENT ANGLE,Clear,DRY,Daylight,NO CONTROLS,NONE DETECTED,No,No Apparent Injury,N/A,NOT DISTRACTED,MD,PASSENGER CAR,MOVING CONSTANT SPEED,25,No,2020,NISS,SW,39.08038704,-77.14910875,2023,2,12
230006383,Property Damage Crash,02/08/2023 12:23:00 PM,FLEET ST,NA,STRAIGHT MOVEMENT ANGLE,Clear,DRY,Daylight,NO CONTROLS,NONE DETECTED,Yes,No Apparent Injury,N/A,NOT DISTRACTED,MD,PASSENGER CAR,MOVING CONSTANT SPEED,25,No,2017,JEEP,TK,39.08038704,-77.14910875,2023,2,12
230006362,Injury Crash,02/08/2023 10:05:00 AM,WASHINGTONIAN BLVD,PEDESTRIAN,SINGLE VEHICLE,Clear,DRY,Daylight,NO CONTROLS,NONE DETECTED,Unknown,No Apparent Injury,N/A,NOT DISTRACTED,MD,"OTHER LIGHT TRUCKS (10,000LBS (4,536KG) OR LESS)",STARTING FROM LANE,25,No,2017,FORD,TK,39.11813701,-77.20631658,2023,2,10
230006361,Property Damage Crash,02/08/2023 10:00:00 AM,OLD GEORGETOWN RD,NA,SAME DIR REAR END,Clear,DRY,Daylight,TRAFFIC SIGNAL,NONE DETECTED,No,No Apparent Injury,N/A,NOT DISTRACTED,MD,PASSENGER CAR,MOVING CONSTANT SPEED,35,No,2015,AUDI,4D,38.99967167,-77.10127167,2023,2,10
230006361,Property Damage Crash,02/08/2023 10:00:00 AM,OLD GEORGETOWN RD,NA,SAME DIR REAR END,Clear,DRY,Daylight,TRAFFIC SIGNAL,NONE DETECTED,Yes,No Apparent Injury,N/A,NOT DISTRACTED,DC,PASSENGER CAR,MOVING CONSTANT SPEED,35,No,2022,MERZ,SUV,38.99967167,-77.10127167,2023,2,10
230006361,Property Damage Crash,02/08/2023 10:00:00 AM,OLD GEORGETOWN RD,NA,SAME DIR REAR END,Clear,DRY,Daylight,TRAFFIC SIGNAL,NONE DETECTED,No,No Apparent Injury,N/A,NOT DISTRACTED,MD,PASSENGER CAR,MOVING CONSTANT SPEED,35,No,2016,TOYT,4H,38.99967167,-77.10127167,2023,2,10
230006344,Property Damage Crash,02/08/2023 08:23:00 AM,BEL PRE RD,NA,HEAD ON LEFT TURN,Clear,DRY,Daylight,NO CONTROLS,NONE DETECTED,Yes,No Apparent Injury,N/A,NOT DISTRACTED,MD,VAN,MAKING LEFT TURN,0,No,2010,FORD,E250,39.09121033,-77.06249217,2023,2,8
230006344,Property Damage Crash,02/08/2023 08:23:00 AM,BEL PRE RD,NA,HEAD ON LEFT TURN,Clear,DRY,Daylight,NO CONTROLS,NONE DETECTED,No,No Apparent Injury,N/A,NOT DISTRACTED,MD,MOTORCYCLE,MOVING CONSTANT SPEED,35,No,2003,KAWASAKI,ZX9,39.09121033,-77.06249217,2023,2,8
230006341,Property Damage Crash,02/08/2023 08:00:00 AM,BEL PRE RD,NA,SAME DIRECTION SIDESWIPE,Clear,DRY,Daylight,TRAFFIC SIGNAL,NONE DETECTED,No,No Apparent Injury,N/A,NOT DISTRACTED,MD,(SPORT) UTILITY VEHICLE,MOVING CONSTANT SPEED,25,No,2020,NISSAN,PATHFINDER,39.093389,-77.07898383,2023,2,8
230006341,Property Damage Crash,02/08/2023 08:00:00 AM,BEL PRE RD,NA,SAME DIRECTION SIDESWIPE,Clear,DRY,Daylight,TRAFFIC SIGNAL,NONE DETECTED,No,No Apparent Injury,N/A,NOT DISTRACTED,MD,(SPORT) UTILITY VEHICLE,ACCELERATING,25,No,2017,TOYTA,RAV 4,39.093389,-77.07898383,2023,2,8
230006341,Property Damage Crash,02/08/2023 08:00:00 AM,BEL PRE RD,NA,SAME DIRECTION SIDESWIPE,Clear,DRY,Daylight,TRAFFIC SIGNAL,NONE DETECTED,Yes,No Apparent Injury,N/A,LOOKED BUT DID NOT SEE,MD,PASSENGER CAR,CHANGING LANES,25,No,2007,HONDA,CIVIC,39.093389,-77.07898383,2023,2,8
230006335,Injury Crash,02/08/2023 07:55:00 AM,GLENALLAN AVE,NA,SAME DIR REAR END,Clear,DRY,Daylight,STOP SIGN,NONE DETECTED,No,Possible Minor Injury,N/A,NOT DISTRACTED,MD,PASSENGER CAR,SLOWING OR STOPPING,25,No,2015,TOYOTA,COROLLA,39.06134583,-77.02599617,2023,2,7
230006335,Injury Crash,02/08/2023 07:55:00 AM,GLENALLAN AVE,NA,SAME DIR REAR END,Clear,DRY,Daylight,STOP SIGN,NONE DETECTED,Yes,Possible Minor Injury,N/A,INATTENTIVE OR LOST IN THOUGHT,MD,PASSENGER CAR,SLOWING OR STOPPING,25,No,2014,HYUNDAI,SONATA,39.06134583,-77.02599617,2023,2,7
230006336,Property Damage Crash,02/08/2023 07:46:00 AM,NA,NA,STRAIGHT MOVEMENT ANGLE,Clear,NA,Daylight,NO CONTROLS,NONE DETECTED,Yes,No Apparent Injury,N/A,NOT DISTRACTED,MD,PASSENGER CAR,STARTING FROM PARKED,10,No,2008,HONDA,ACCORD,39.09195433,-77.05006017,2023,2,7
230006333,Injury Crash,02/08/2023 07:26:00 AM,LAYHILL RD,NA,SAME DIR REAR END,Clear,DRY,Daylight,TRAFFIC SIGNAL,NONE DETECTED,Yes,No Apparent Injury,N/A,LOOKED BUT DID NOT SEE,MD,PASSENGER CAR,MOVING CONSTANT SPEED,40,No,2008,HONDA,4S,39.06289167,-77.04951833,2023,2,7
230006333,Injury Crash,02/08/2023 07:26:00 AM,LAYHILL RD,NA,SAME DIR REAR END,Clear,DRY,Daylight,TRAFFIC SIGNAL,NONE DETECTED,No,Possible Minor Injury,N/A,NOT DISTRACTED,MD,PASSENGER CAR,STOPPED IN TRAFFIC LANE,40,No,2017,JEEP,CHEROKEE,39.06289167,-77.04951833,2023,2,7
230006339,Property Damage Crash,02/08/2023 07:25:00 AM,EISENHOWER MEMORIAL HWY,NA,SAME DIR REAR END,Clear,DRY,Daylight,N/A,NONE DETECTED,No,No Apparent Injury,N/A,NOT DISTRACTED,MD,PASSENGER CAR,SLOWING OR STOPPING,55,No,2015,TESLA,MODEL S,39.07343047,-77.16413606,2023,2,7
230006339,Property Damage Crash,02/08/2023 07:25:00 AM,EISENHOWER MEMORIAL HWY,NA,SAME DIR REAR END,Clear,DRY,Daylight,N/A,NONE DETECTED,Yes,No Apparent Injury,N/A,NOT DISTRACTED,MD,PASSENGER CAR,SLOWING OR STOPPING,55,No,2008,JEEP,LAREDO,39.07343047,-77.16413606,2023,2,7
230006331,Injury Crash,02/08/2023 07:00:00 AM,GOSHEN RD,NA,OPPOSITE DIRECTION SIDESWIPE,Clear,DRY,Medium,NO CONTROLS,NONE DETECTED,Yes,Possible Minor Injury,N/A,LOOKED BUT DID NOT SEE,MD,(SPORT) UTILITY VEHICLE,MOVING CONSTANT SPEED,35,No,2003,NISS,UT,39.18241333,-77.18825,2023,2,7
230006331,Injury Crash,02/08/2023 07:00:00 AM,GOSHEN RD,NA,OPPOSITE DIRECTION SIDESWIPE,Clear,DRY,Medium,NO CONTROLS,NONE DETECTED,No,No Apparent Injury,N/A,NOT DISTRACTED,MD,POLICE VEHICLE/EMERGENCY,MOVING CONSTANT SPEED,35,No,2006,HOND,4S,39.18241333,-77.18825,2023,2,7
230006320,Property Damage Crash,02/07/2023 11:32:00 PM,POOKS HILL RD,NA,SAME DIRECTION SIDESWIPE,Clear,DRY,Medium,NO CONTROLS,ALCOHOL PRESENT,Yes,No Apparent Injury,N/A,UNKNOWN,MD,PASSENGER CAR,MOVING CONSTANT SPEED,25,No,2020,INFINITI,QX80,39.01603,-77.10464667,2023,2,23
230006310,Injury Crash,02/07/2023 10:06:00 PM,16TH ST,PEDESTRIAN,OTHER,Clear,DRY,Medium,OTHER,NONE DETECTED,Yes,No Apparent Injury,N/A,NOT DISTRACTED,MD,PASSENGER CAR,SLOWING OR STOPPING,30,No,2003,BUICK,CENTURY,38.99510224,-77.036345,2023,2,22
230006303,Property Damage Crash,02/07/2023 09:00:00 PM,CLUB HOUSE RD,NA,SAME DIR REAR END,Clear,DRY,Medium,N/A,NONE DETECTED,Yes,No Apparent Injury,N/A,DISTRACTED BY OUTSIDE PERSON OBJECT OR EVENT,MD,POLICE VEHICLE/NON EMERGENCY,SLOWING OR STOPPING,30,No,2017,FORD,INTERCEPTOR,39.17444233,-77.205393,2023,2,21
230006303,Property Damage Crash,02/07/2023 09:00:00 PM,CLUB HOUSE RD,NA,SAME DIR REAR END,Clear,DRY,Medium,N/A,NONE DETECTED,No,No Apparent Injury,N/A,DISTRACTED BY OUTSIDE PERSON OBJECT OR EVENT,MD,PASSENGER CAR,SLOWING OR STOPPING,30,No,2018,SUBARU,4S,39.17444233,-77.205393,2023,2,21
230006295,Property Damage Crash,02/07/2023 08:10:00 PM,NA,NA,OTHER,Clear,NA,Medium,NO CONTROLS,ALCOHOL PRESENT,Yes,No Apparent Injury,N/A,NOT DISTRACTED,MD,PASSENGER CAR,BACKING,5,No,2020,BMW,2S,39.11694228,-77.25221742,2023,2,20