Local Case Number,ACRS Report Type,Crash Date/Time,Road Name,Related Non-Motorist,Collision Type,Weather,Surface Condition,Light,Traffic Control,Driver Substance Abuse,Driver At Fault,Injury Severity,Circumstance,Driver Distracted By,Drivers License State,Vehicle Body Type,Vehicle Movement,Speed Limit,Driverless Vehicle,Vehicle Year,Vehicle Make,Vehicle Model,Latitude,Longitude,Year,Month,Hour
230005817,Property Damage Crash,02/05/2023 12:13:00 AM,CHESTNUT ST,NA,SAME DIR REAR END,Clear,DRY,Medium,N/A,ALCOHOL PRESENT,Yes,No Apparent Injury,N/A,UNKNOWN,MD,PASSENGER CAR,MOVING CONSTANT SPEED,25,No,2002,BMW,530I,39.14094767,-77.20431733,2023,2,0
230005812,Property Damage Crash,02/04/2023 11:20:00 PM,BALTIMORE RD,NA,HEAD ON LEFT TURN,Clear,DRY,Medium,TRAFFIC SIGNAL,NONE DETECTED,No,No Apparent Injury,N/A,NOT DISTRACTED,MD,PASSENGER CAR,MOVING CONSTANT SPEED,25,No,2008,MITS,4S,39.08458219,-77.13621927,2023,2,23
230005812,Property Damage Crash,02/04/2023 11:20:00 PM,BALTIMORE RD,NA,HEAD ON LEFT TURN,Clear,DRY,Medium,TRAFFIC SIGNAL,NONE DETECTED,Yes,No Apparent Injury,N/A,NOT DISTRACTED,MD,PASSENGER CAR,MAKING LEFT TURN,25,No,2007,HONDA,CIVIC,39.08458219,-77.13621927,2023,2,23
230005813,Property Damage Crash,02/04/2023 11:13:00 PM,ROTHBURY DR,NA,SAME DIRECTION LEFT TURN,Clear,DRY,Medium,NO CONTROLS,NONE DETECTED,Yes,No Apparent Injury,N/A,LOOKED BUT DID NOT SEE,MD,PASSENGER CAR,MAKING LEFT TURN,25,No,2016,MINNI,HB,39.18549933,-77.18893567,2023,2,23
230005813,Property Damage Crash,02/04/2023 11:13:00 PM,ROTHBURY DR,NA,SAME DIRECTION LEFT TURN,Clear,DRY,Medium,NO CONTROLS,NONE DETECTED,Yes,No Apparent Injury,N/A,UNKNOWN,MD,PASSENGER CAR,MOVING CONSTANT SPEED,25,No,2016,DODGE,JOURNEY,39.18549933,-77.18893567,2023,2,23
230005797,Property Damage Crash,02/04/2023 08:40:00 PM,WASHINGTON AVE,NA,HEAD ON,Clear,DRY,Medium,N/A,NONE DETECTED,Unknown,No Apparent Injury,N/A,UNKNOWN,US,PASSENGER CAR,MOVING CONSTANT SPEED,25,No,2012,NISS,SENTRA,38.992155,-77.04849,2023,2,20
230005797,Property Damage Crash,02/04/2023 08:40:00 PM,WASHINGTON AVE,NA,HEAD ON,Clear,DRY,Medium,N/A,NONE DETECTED,Unknown,No Apparent Injury,N/A,UNKNOWN,MD,PASSENGER CAR,MOVING CONSTANT SPEED,25,No,2013,TOYT,COROLLA,38.992155,-77.04849,2023,2,20
230005792,Property Damage Crash,02/04/2023 07:13:00 PM,ROCKVILLE PIKE,NA,STRAIGHT MOVEMENT ANGLE,Clear,DRY,Medium,NO CONTROLS,NONE DETECTED,Yes,No Apparent Injury,N/A,UNKNOWN,MD,PASSENGER CAR,MAKING LEFT TURN,35,No,2019,KIA,SD,39.06498266,-77.12672251,2023,2,19
230005792,Property Damage Crash,02/04/2023 07:13:00 PM,ROCKVILLE PIKE,NA,STRAIGHT MOVEMENT ANGLE,Clear,DRY,Medium,NO CONTROLS,NONE DETECTED,No,No Apparent Injury,N/A,UNKNOWN,MD,PASSENGER CAR,MOVING CONSTANT SPEED,35,No,2014,TOYT,4S,39.06498266,-77.12672251,2023,2,19
230005789,Property Damage Crash,02/04/2023 06:40:00 PM,RANDOLPH RD,NA,SAME DIR REAR END,Clear,DRY,Medium,N/A,NONE DETECTED,Yes,No Apparent Injury,N/A,UNKNOWN,NA,NA,UNKNOWN,35,No,0,UNKNOWN,UNKNOWN,39.05345919,-77.10775671,2023,2,18
230005789,Property Damage Crash,02/04/2023 06:40:00 PM,RANDOLPH RD,NA,SAME DIR REAR END,Clear,DRY,Medium,N/A,NONE DETECTED,No,No Apparent Injury,N/A,NOT DISTRACTED,MD,(SPORT) UTILITY VEHICLE,SLOWING OR STOPPING,35,No,2022,TOYOTA,HIGHLANDER,39.05345919,-77.10775671,2023,2,18
230005784,Property Damage Crash,02/04/2023 06:15:00 PM,STEDWICK RD,NA,HEAD ON,Clear,DRY,Dark,N/A,NONE DETECTED,Yes,No Apparent Injury,N/A,NOT DISTRACTED,MD,VAN,MOVING CONSTANT SPEED,25,No,2010,TOYT,SIENNA,39.17036333,-77.20750667,2023,2,18
230005784,Property Damage Crash,02/04/2023 06:15:00 PM,STEDWICK RD,NA,HEAD ON,Clear,DRY,Dark,N/A,NONE DETECTED,No,No Apparent Injury,N/A,NOT DISTRACTED,MD,(SPORT) UTILITY VEHICLE,MOVING CONSTANT SPEED,25,No,2020,TOYT,HIGHLANDER,39.17036333,-77.20750667,2023,2,18
230005772,Property Damage Crash,02/04/2023 03:43:00 PM,DALEWOOD DR,NA,SAME DIR REAR END,Clear,DRY,Daylight,TRAFFIC SIGNAL,NONE DETECTED,Yes,No Apparent Injury,N/A,NOT DISTRACTED,VA,PASSENGER CAR,MOVING CONSTANT SPEED,35,No,2012,HONDA,CIVIC,39.05915917,-77.0688717,2023,2,15
230005772,Property Damage Crash,02/04/2023 03:43:00 PM,DALEWOOD DR,NA,SAME DIR REAR END,Clear,DRY,Daylight,TRAFFIC SIGNAL,NONE DETECTED,No,No Apparent Injury,N/A,NOT DISTRACTED,MD,PASSENGER CAR,SLOWING OR STOPPING,35,No,2015,HONDA,ACCORD,39.05915917,-77.0688717,2023,2,15
230005768,Property Damage Crash,02/04/2023 03:28:00 PM,METROPOLITAN AVE,NA,SAME DIR REAR END,Clear,DRY,Daylight,NO CONTROLS,NONE DETECTED,No,No Apparent Injury,N/A,NOT DISTRACTED,MD,PASSENGER CAR,MAKING LEFT TURN,25,No,2016,HOND,4S,39.0291775,-77.07400567,2023,2,15
230005768,Property Damage Crash,02/04/2023 03:28:00 PM,METROPOLITAN AVE,NA,SAME DIR REAR END,Clear,DRY,Daylight,NO CONTROLS,NONE DETECTED,Yes,No Apparent Injury,N/A,UNKNOWN,MD,PASSENGER CAR,MOVING CONSTANT SPEED,25,No,2006,HOND,SD,39.0291775,-77.07400567,2023,2,15
230005757,Injury Crash,02/04/2023 02:28:00 PM,OBSERVATION DR,NA,SAME DIRECTION SIDESWIPE,Clear,DRY,Daylight,STOP SIGN,NONE DETECTED,Yes,No Apparent Injury,N/A,UNKNOWN,MD,VAN,CHANGING LANES,35,No,2017,TOYOTA,SIENNA,39.19318033,-77.248239,2023,2,14
230005757,Injury Crash,02/04/2023 02:28:00 PM,OBSERVATION DR,NA,SAME DIRECTION SIDESWIPE,Clear,DRY,Daylight,STOP SIGN,NONE DETECTED,No,Possible Minor Injury,N/A,NOT DISTRACTED,MN,PASSENGER CAR,SLOWING OR STOPPING,35,No,2008,TOYOTA,FJ CRUISER,39.19318033,-77.248239,2023,2,14
230005753,Property Damage Crash,02/04/2023 02:00:00 PM,NA,NA,OPPOSITE DIRECTION SIDESWIPE,Clear,NA,Daylight,N/A,NONE DETECTED,Yes,No Apparent Injury,N/A,LOOKED BUT DID NOT SEE,MD,OTHER,PARKING,5,No,2000,FORD,MAIL TRUCK,39.05549525,-76.9694386,2023,2,14
230005752,Injury Crash,02/04/2023 01:58:00 PM,GEORGIA AVE,NA,STRAIGHT MOVEMENT ANGLE,Clear,DRY,Daylight,TRAFFIC SIGNAL,NONE DETECTED,No,Possible Minor Injury,N/A,NOT DISTRACTED,MD,PASSENGER CAR,MOVING CONSTANT SPEED,30,No,2021,NISSAN,SENTRA,39.00848,-77.04016167,2023,2,13
230005752,Injury Crash,02/04/2023 01:58:00 PM,GEORGIA AVE,NA,STRAIGHT MOVEMENT ANGLE,Clear,DRY,Daylight,TRAFFIC SIGNAL,NONE DETECTED,Yes,No Apparent Injury,N/A,NOT DISTRACTED,MD,PASSENGER CAR,MAKING LEFT TURN,30,No,2018,FORD,ESCAPE,39.00848,-77.04016167,2023,2,13
230005743,Property Damage Crash,02/04/2023 12:17:00 PM,SPRING ST,NA,OTHER,Clear,DRY,Daylight,NO CONTROLS,NONE DETECTED,Yes,No Apparent Injury,N/A,UNKNOWN,VA,PASSENGER CAR,OTHER,30,No,2018,NISSAN,ROGUE,39.00004833,-77.02864183,2023,2,12
230005860,Property Damage Crash,02/04/2023 11:44:00 AM,NA,NA,OTHER,Clear,NA,Daylight,N/A,NONE DETECTED,Yes,No Apparent Injury,N/A,UNKNOWN,MD,PASSENGER CAR,PARKING,0,No,2012,HONDA,CIVIC,39.20392946,-77.24503309,2023,2,11
230005708,Property Damage Crash,02/04/2023 04:38:00 AM,NA,NA,OTHER,Clear,NA,Medium,NO CONTROLS,NONE DETECTED,Yes,No Apparent Injury,N/A,UNKNOWN,MD,PASSENGER CAR,UNKNOWN,15,No,2004,HONDA,ACCORD,39.1479813,-77.19075397,2023,2,4
230005705,Property Damage Crash,02/04/2023 03:00:00 AM,COLESVILLE RD,NA,STRAIGHT MOVEMENT ANGLE,Clear,DRY,Medium,FLASHING TRAFFIC SIGNAL,NONE DETECTED,No,No Apparent Injury,N/A,NOT DISTRACTED,VA,PASSENGER CAR,MOVING CONSTANT SPEED,40,No,2019,ACURA,TLX,38.99767667,-77.026805,2023,2,3
230005705,Property Damage Crash,02/04/2023 03:00:00 AM,COLESVILLE RD,NA,STRAIGHT MOVEMENT ANGLE,Clear,DRY,Medium,FLASHING TRAFFIC SIGNAL,NONE DETECTED,Yes,No Apparent Injury,N/A,UNKNOWN,NA,NA,MOVING CONSTANT SPEED,30,No,0,UNKNOWN,UNKNOWN,38.99767667,-77.026805,2023,2,3
230005698,Property Damage Crash,02/04/2023 01:28:00 AM,W WATKINS MILL RD,NA,HEAD ON LEFT TURN,Clear,DRY,Medium,TRAFFIC SIGNAL,NONE DETECTED,No,No Apparent Injury,N/A,NOT DISTRACTED,MD,PASSENGER CAR,MOVING CONSTANT SPEED,35,No,2009,HONDA,CIVIC,39.15576398,-77.2273256,2023,2,1
230005698,Property Damage Crash,02/04/2023 01:28:00 AM,W WATKINS MILL RD,NA,HEAD ON LEFT TURN,Clear,DRY,Medium,TRAFFIC SIGNAL,NONE DETECTED,Yes,No Apparent Injury,N/A,LOOKED BUT DID NOT SEE,MD,PASSENGER CAR,MAKING LEFT TURN,35,No,2017,HONDA,ACCORD,39.15576398,-77.2273256,2023,2,1
230004792,Injury Crash,02/04/2023 12:55:00 AM,GOSHEN RD,NA,SAME DIR REAR END,Clear,DRY,Medium,TRAFFIC SIGNAL,NONE DETECTED,Yes,No Apparent Injury,N/A,UNKNOWN,VA,PASSENGER CAR,MOVING CONSTANT SPEED,35,No,2015,NISSAN,VERSA NITE,39.15238496,-77.19241794,2023,2,0
230004792,Injury Crash,02/04/2023 12:55:00 AM,GOSHEN RD,NA,SAME DIR REAR END,Clear,DRY,Medium,TRAFFIC SIGNAL,NONE DETECTED,No,Possible Minor Injury,N/A,UNKNOWN,MD,PASSENGER CAR,SLOWING OR STOPPING,35,No,2013,NISSAN,ROGUE,39.15238496,-77.19241794,2023,2,0
230005622,Property Damage Crash,02/03/2023 11:48:00 PM,NA,NA,OTHER,Windy,NA,Medium,N/A,DRUG AND ALCOHOL CONTRIBUTED,Yes,No Apparent Injury,N/A,UNKNOWN,MD,PASSENGER CAR,PARKING,15,No,2016,HYUNDAI,ELANTRA,39.00811637,-76.98173125,2023,2,23
230005680,Property Damage Crash,02/03/2023 09:24:00 PM,FALLS RD,NA,SAME DIR REAR END,Clear,DRY,Medium,N/A,NONE DETECTED,No,No Apparent Injury,N/A,NOT DISTRACTED,MD,(SPORT) UTILITY VEHICLE,STOPPED IN TRAFFIC LANE,35,No,2004,TOYT,HIGHLANDER,39.05124833,-77.18750167,2023,2,21
230005680,Property Damage Crash,02/03/2023 09:24:00 PM,FALLS RD,NA,SAME DIR REAR END,Clear,DRY,Medium,N/A,NONE DETECTED,Yes,No Apparent Injury,N/A,NOT DISTRACTED,DC,(SPORT) UTILITY VEHICLE,MOVING CONSTANT SPEED,35,No,2015,CHEV,TAHOE,39.05124833,-77.18750167,2023,2,21
230005672,Property Damage Crash,02/03/2023 08:45:00 PM,COLUMBIA PIKE,NA,SAME DIR REAR END,Clear,DRY,Medium,TRAFFIC SIGNAL,NONE DETECTED,No,No Apparent Injury,N/A,NOT DISTRACTED,MD,PASSENGER CAR,STOPPED IN TRAFFIC LANE,55,No,2919,HONDA,4DR,39.09689783,-76.9373,2023,2,20
230005672,Property Damage Crash,02/03/2023 08:45:00 PM,COLUMBIA PIKE,NA,SAME DIR REAR END,Clear,DRY,Medium,TRAFFIC SIGNAL,NONE DETECTED,Yes,No Apparent Injury,N/A,LOOKED BUT DID NOT SEE,MD,PASSENGER CAR,MOVING CONSTANT SPEED,55,No,2015,TOYOTA,4DR,39.09689783,-76.9373,2023,2,20
230005668,Injury Crash,02/03/2023 08:13:00 PM,MIDDLEBROOK RD,PEDESTRIAN,N/A,Cloudy,DRY,Medium,YIELD SIGN,NONE DETECTED,Yes,No Apparent Injury,N/A,LOOKED BUT DID NOT SEE,MD,PASSENGER CAR,MAKING RIGHT TURN,35,No,2022,TOYOTA,CAMRY,39.183033,-77.29010017,2023,2,20
230005663,Property Damage Crash,02/03/2023 07:30:00 PM,GRANDIN AVE,NA,STRAIGHT MOVEMENT ANGLE,Clear,DRY,Medium,STOP SIGN,NONE DETECTED,No,No Apparent Injury,N/A,NOT DISTRACTED,MD,PASSENGER CAR,MOVING CONSTANT SPEED,25,No,2016,TOYOTA,CAMRY,39.07792333,-77.12355583,2023,2,19
230005663,Property Damage Crash,02/03/2023 07:30:00 PM,GRANDIN AVE,NA,STRAIGHT MOVEMENT ANGLE,Clear,DRY,Medium,STOP SIGN,NONE DETECTED,Yes,No Apparent Injury,N/A,LOOKED BUT DID NOT SEE,MD,PASSENGER CAR,MOVING CONSTANT SPEED,25,No,2012,TOYT,SD,39.07792333,-77.12355583,2023,2,19
230005650,Property Damage Crash,02/03/2023 05:35:00 PM,CAREY ST,NA,OPPOSITE DIRECTION SIDESWIPE,Clear,DRY,Medium,NO CONTROLS,ALCOHOL PRESENT,Yes,No Apparent Injury,N/A,UNKNOWN,MD,PICKUP TRUCK,MOVING CONSTANT SPEED,25,No,2004,TOYOTA,TRUCK,39.05465983,-77.07372275,2023,2,17
230005650,Property Damage Crash,02/03/2023 05:35:00 PM,CAREY ST,NA,OPPOSITE DIRECTION SIDESWIPE,Clear,DRY,Medium,NO CONTROLS,NONE DETECTED,No,No Apparent Injury,N/A,NOT DISTRACTED,MD,PASSENGER CAR,MOVING CONSTANT SPEED,25,No,2019,BMW,SUV,39.05465983,-77.07372275,2023,2,17
230005630,Injury Crash,02/03/2023 04:35:00 PM,SPENCERVILLE RD,NA,STRAIGHT MOVEMENT ANGLE,Clear,DRY,Daylight,FLASHING TRAFFIC SIGNAL,NONE DETECTED,Yes,Possible Minor Injury,N/A,LOOKED BUT DID NOT SEE,MD,PASSENGER CAR,MAKING LEFT TURN,40,No,2021,TOYT,RAV4,39.11614783,-76.962226,2023,2,16
230005630,Injury Crash,02/03/2023 04:35:00 PM,SPENCERVILLE RD,NA,STRAIGHT MOVEMENT ANGLE,Clear,DRY,Daylight,FLASHING TRAFFIC SIGNAL,NONE DETECTED,No,Possible Minor Injury,N/A,NOT DISTRACTED,MD,PASSENGER CAR,MOVING CONSTANT SPEED,40,No,2021,NISS,ROGUE,39.11614783,-76.962226,2023,2,16
230005648,Property Damage Crash,02/03/2023 04:15:00 PM,16TH ST,NA,SAME DIRECTION SIDESWIPE,Clear,DRY,Daylight,N/A,NONE DETECTED,Yes,No Apparent Injury,N/A,UNKNOWN,NA,PASSENGER CAR,MOVING CONSTANT SPEED,35,No,2023,SUBARU,CROSSTREK,38.99673201,-77.03649678,2023,2,16
230005648,Property Damage Crash,02/03/2023 04:15:00 PM,16TH ST,NA,SAME DIRECTION SIDESWIPE,Clear,DRY,Daylight,N/A,NONE DETECTED,No,No Apparent Injury,N/A,UNKNOWN,DC,PASSENGER CAR,MOVING CONSTANT SPEED,35,No,2019,MAZDA,CX-5,38.99673201,-77.03649678,2023,2,16
230005622,Property Damage Crash,02/03/2023 03:58:00 PM,SIMMONS DR,NA,SAME DIRECTION SIDESWIPE,Clear,DRY,Daylight,STOP SIGN,NONE DETECTED,Yes,No Apparent Injury,N/A,NOT DISTRACTED,MD,FIRE VEHICLE/NON EMERGENCY,MAKING LEFT TURN,25,No,2019,SEAG,TK,39.07711387,-77.12972068,2023,2,15
230005627,Property Damage Crash,02/03/2023 03:54:00 PM,CEDAR AVE,NA,OTHER,Windy,DRY,Daylight,N/A,NONE DETECTED,Yes,No Apparent Injury,"N/A, SEVERE CROSSWINDS",LOOKED BUT DID NOT SEE,MD,SCHOOL BUS,MOVING CONSTANT SPEED,25,No,2015,FRHT,BU,39.138428330000004,-77.19806667,2023,2,15
230005623,Property Damage Crash,02/03/2023 03:50:00 PM,VEIRS MILL RD,NA,SAME DIRECTION SIDESWIPE,Clear,DRY,Daylight,NO CONTROLS,NONE DETECTED,Yes,No Apparent Injury,N/A,LOOKED BUT DID NOT SEE,MD,PASSENGER CAR,CHANGING LANES,35,No,2023,FORD,ESCAPE,39.05119556,-77.0741301,2023,2,15
230005623,Property Damage Crash,02/03/2023 03:50:00 PM,VEIRS MILL RD,NA,SAME DIRECTION SIDESWIPE,Clear,DRY,Daylight,NO CONTROLS,NONE DETECTED,No,No Apparent Injury,N/A,NOT DISTRACTED,MD,PASSENGER CAR,MOVING CONSTANT SPEED,35,No,2020,MERZ,GLC300,39.05119556,-77.0741301,2023,2,15
230005614,Injury Crash,02/03/2023 03:26:00 PM,SHADY GROVE RD,NA,HEAD ON LEFT TURN,Clear,DRY,Daylight,TRAFFIC SIGNAL,NONE DETECTED,Unknown,No Apparent Injury,N/A,UNKNOWN,MD,PASSENGER CAR,MAKING LEFT TURN,40,No,2018,JEEP,WRANGLER,39.10946272,-77.1883147,2023,2,15
230005614,Injury Crash,02/03/2023 03:26:00 PM,SHADY GROVE RD,NA,HEAD ON LEFT TURN,Clear,DRY,Daylight,TRAFFIC SIGNAL,NONE DETECTED,Unknown,No Apparent Injury,N/A,UNKNOWN,SC,PASSENGER CAR,MOVING CONSTANT SPEED,40,No,2019,CHEV,EQUINOX,39.10946272,-77.1883147,2023,2,15
230005624,Property Damage Crash,02/03/2023 02:39:00 PM,PINEY BRANCH RD,NA,STRAIGHT MOVEMENT ANGLE,Clear,DRY,Daylight,STOP SIGN,NONE DETECTED,Yes,No Apparent Injury,"N/A, V EXHAUST SYSTEM|R OTHER ROAD",NOT DISTRACTED,MD,PASSENGER CAR,MOVING CONSTANT SPEED,30,No,2012,FORD,EXPEDITION,38.98853,-77.01337667,2023,2,14
230005624,Property Damage Crash,02/03/2023 02:39:00 PM,PINEY BRANCH RD,NA,STRAIGHT MOVEMENT ANGLE,Clear,DRY,Daylight,STOP SIGN,NONE DETECTED,No,No Apparent Injury,"N/A, V EXHAUST SYSTEM|R OTHER ROAD",NOT DISTRACTED,MD,PASSENGER CAR,STARTING FROM LANE,25,No,2018,TOYOTA,RAV 4,38.98853,-77.01337667,2023,2,14
230005579,Injury Crash,02/03/2023 12:45:00 PM,NA,PEDESTRIAN,OTHER,Clear,NA,Daylight,NO CONTROLS,NONE DETECTED,Yes,No Apparent Injury,N/A,NOT DISTRACTED,MD,PASSENGER CAR,PARKING,5,No,2015,LEXUS,TK,39.11339,-77.18479283,2023,2,12
230005558,Property Damage Crash,02/03/2023 09:23:00 AM,CARROLL AVE,NA,STRAIGHT MOVEMENT ANGLE,Clear,DRY,Daylight,NO CONTROLS,NONE DETECTED,No,No Apparent Injury,N/A,NOT DISTRACTED,MD,PASSENGER CAR,MOVING CONSTANT SPEED,30,No,2014,TOYOTA,CAMRY,38.99964467,-76.99038,2023,2,9
230005558,Property Damage Crash,02/03/2023 09:23:00 AM,CARROLL AVE,NA,STRAIGHT MOVEMENT ANGLE,Clear,DRY,Daylight,NO CONTROLS,NONE DETECTED,Yes,No Apparent Injury,N/A,UNKNOWN,MD,(SPORT) UTILITY VEHICLE,ACCELERATING,30,No,2009,NISSAN,MURANO,38.99964467,-76.99038,2023,2,9
230005550,Property Damage Crash,02/03/2023 08:59:00 AM,MIDDLEBROOK RD,NA,SAME DIRECTION SIDESWIPE,Clear,DRY,Daylight,NO CONTROLS,NONE DETECTED,No,No Apparent Injury,N/A,NOT DISTRACTED,MD,SCHOOL BUS,MOVING CONSTANT SPEED,40,No,2017,THOM,BUS,39.17516167,-77.24747833,2023,2,8
230005550,Property Damage Crash,02/03/2023 08:59:00 AM,MIDDLEBROOK RD,NA,SAME DIRECTION SIDESWIPE,Clear,DRY,Daylight,NO CONTROLS,NONE DETECTED,Yes,No Apparent Injury,N/A,NOT DISTRACTED,MD,PASSENGER CAR,CHANGING LANES,40,No,2020,TOYT,COROLLA LE,39.17516167,-77.24747833,2023,2,8
230005545,Property Damage Crash,02/03/2023 08:00:00 AM,SILVER ASH CT,NA,SAME DIRECTION SIDESWIPE,Clear,DRY,Daylight,N/A,NONE DETECTED,Yes,No Apparent Injury,N/A,LOOKED BUT DID NOT SEE,MD,SCHOOL BUS,NEGOTIATING A CURVE,25,No,2020,THMS,BU,39.09830833,-76.92595167,2023,2,8
230005538,Property Damage Crash,02/03/2023 06:21:00 AM,SEVEN LOCKS RD,NA,SAME DIRECTION SIDESWIPE,Clear,N/A,Medium,NO CONTROLS,NONE DETECTED,Yes,No Apparent Injury,N/A,UNKNOWN,MD,TRANSIT BUS,CHANGING LANES,35,No,2020,GILLIG,LOW FLOOR BUS,39.05812067,-77.16135017,2023,2,6
230005538,Property Damage Crash,02/03/2023 06:21:00 AM,SEVEN LOCKS RD,NA,SAME DIRECTION SIDESWIPE,Clear,N/A,Medium,NO CONTROLS,NONE DETECTED,No,No Apparent Injury,N/A,NOT DISTRACTED,MD,PASSENGER CAR,MOVING CONSTANT SPEED,35,No,2014,RAM,1500,39.05812067,-77.16135017,2023,2,6
230005529,Injury Crash,02/03/2023 01:50:00 AM,UNIVERSITY BLVD W,NA,SINGLE VEHICLE,Clear,DRY,Medium,FLASHING TRAFFIC SIGNAL,NONE DETECTED,Yes,Possible Minor Injury,N/A,UNKNOWN,MD,PASSENGER CAR,MOVING CONSTANT SPEED,35,No,2022,HONDA,ACCORD,39.03559428,-77.02489969,2023,2,1
230005532,Injury Crash,02/03/2023 12:34:00 AM,GERMANTOWN RD,NA,STRAIGHT MOVEMENT ANGLE,Clear,DRY,Medium,FLASHING TRAFFIC SIGNAL,NONE DETECTED,No,Possible Minor Injury,N/A,NOT DISTRACTED,MD,(SPORT) UTILITY VEHICLE,MOVING CONSTANT SPEED,40,No,2012,HOND,CRV,39.176895,-77.269879,2023,2,0
230005532,Injury Crash,02/03/2023 12:34:00 AM,GERMANTOWN RD,NA,STRAIGHT MOVEMENT ANGLE,Clear,DRY,Medium,FLASHING TRAFFIC SIGNAL,NONE DETECTED,Yes,No Apparent Injury,N/A,UNKNOWN,MD,PASSENGER CAR,MAKING LEFT TURN,40,No,2016,HOND,ACCORD,39.176895,-77.269879,2023,2,0
230005510,Property Damage Crash,02/02/2023 10:56:00 PM,GEORGIA AVE,NA,HEAD ON LEFT TURN,Clear,DRY,Medium,TRAFFIC SIGNAL,NONE DETECTED,No,No Apparent Injury,N/A,NOT DISTRACTED,MD,(SPORT) UTILITY VEHICLE,MAKING LEFT TURN,25,No,2021,VOLVO,XC60,39.10406,-77.07645333,2023,2,22
230005510,Property Damage Crash,02/02/2023 10:56:00 PM,GEORGIA AVE,NA,HEAD ON LEFT TURN,Clear,DRY,Medium,TRAFFIC SIGNAL,NONE DETECTED,Yes,No Apparent Injury,N/A,NOT DISTRACTED,MD,PASSENGER CAR,MOVING CONSTANT SPEED,45,No,2019,HOND,CIVIC,39.10406,-77.07645333,2023,2,22
230005515,Property Damage Crash,02/02/2023 09:19:00 PM,MARKET ST,NA,SINGLE VEHICLE,Clear,DRY,Dark,N/A,NONE DETECTED,Yes,No Apparent Injury,N/A,NOT DISTRACTED,MD,PASSENGER CAR,MOVING CONSTANT SPEED,30,No,2017,FORD,FOCUS,39.1803415,-77.0598325,2023,2,21
230005507,Injury Crash,02/02/2023 08:58:00 PM,BRADLEY LA,BICYCLIST,SINGLE VEHICLE,Clear,DRY,Medium,TRAFFIC SIGNAL,NONE DETECTED,Unknown,No Apparent Injury,N/A,LOOKED BUT DID NOT SEE,DC,(SPORT) UTILITY VEHICLE,MOVING CONSTANT SPEED,35,No,2017,LEXUS,UT,38.97710467,-77.09101133,2023,2,20
230005508,Property Damage Crash,02/02/2023 08:49:00 PM,RIVER RD,NA,SINGLE VEHICLE,Clear,DRY,Dark,N/A,DRUG PRESENT,Yes,No Apparent Injury,N/A,UNKNOWN,MD,STATION WAGON,OTHER,30,No,2008,SUBA,SW,39.08481333,-77.42173333,2023,2,20
230005502,Property Damage Crash,02/02/2023 08:10:00 PM,WISTERIA DR,NA,OTHER,Clear,DRY,Medium,NO CONTROLS,NONE DETECTED,Yes,No Apparent Injury,N/A,LOOKED BUT DID NOT SEE,MD,POLICE VEHICLE/NON EMERGENCY,STARTING FROM LANE,35,No,2017,FORD,INTERCEPTOR,39.17765033,-77.271268,2023,2,20
230005502,Property Damage Crash,02/02/2023 08:10:00 PM,WISTERIA DR,NA,OTHER,Clear,DRY,Medium,NO CONTROLS,NONE DETECTED,No,No Apparent Injury,N/A,NOT DISTRACTED,MD,PASSENGER CAR,MOVING CONSTANT SPEED,35,No,2015,BMW,TK,39.17765033,-77.271268,2023,2,20
230005493,Injury Crash,02/02/2023 06:47:00 PM,CASTLE BLVD,NA,SAME DIRECTION SIDESWIPE,Cloudy,DRY,Medium,N/A,NONE DETECTED,Yes,No Apparent Injury,N/A,NOT DISTRACTED,MD,TRANSIT BUS,CHANGING LANES,30,No,2020,NOVA,BU,39.08171833,-76.94522833,2023,2,18
230005493,Injury Crash,02/02/2023 06:47:00 PM,CASTLE BLVD,NA,SAME DIRECTION SIDESWIPE,Cloudy,DRY,Medium,N/A,NONE DETECTED,No,No Apparent Injury,N/A,NOT DISTRACTED,MD,PICKUP TRUCK,MOVING CONSTANT SPEED,30,No,2009,DODG,DAKOTA,39.08171833,-76.94522833,2023,2,18
230005486,Injury Crash,02/02/2023 06:30:00 PM,ROCKVILLE PIKE,NA,SAME DIR REAR END,Clear,DRY,Medium,TRAFFIC SIGNAL,NONE DETECTED,Yes,No Apparent Injury,N/A,LOOKED BUT DID NOT SEE,MD,PASSENGER CAR,MOVING CONSTANT SPEED,40,No,2016,DODGE,TK,39.03066143,-77.10494244,2023,2,18
230005486,Injury Crash,02/02/2023 06:30:00 PM,ROCKVILLE PIKE,NA,SAME DIR REAR END,Clear,DRY,Medium,TRAFFIC SIGNAL,NONE DETECTED,No,Possible Minor Injury,N/A,NOT DISTRACTED,MD,PASSENGER CAR,MOVING CONSTANT SPEED,40,No,2016,TOYOTA,RAV 4,39.03066143,-77.10494244,2023,2,18
230005486,Injury Crash,02/02/2023 06:30:00 PM,ROCKVILLE PIKE,NA,SAME DIR REAR END,Clear,DRY,Medium,TRAFFIC SIGNAL,NONE DETECTED,No,No Apparent Injury,N/A,NOT DISTRACTED,MD,PASSENGER CAR,MOVING CONSTANT SPEED,40,No,2011,TOYOTA,HB,39.03066143,-77.10494244,2023,2,18
230005488,Injury Crash,02/02/2023 06:25:00 PM,RUSSELL AVE,NA,HEAD ON LEFT TURN,Clear,DRY,Medium,TRAFFIC SIGNAL,NONE DETECTED,Yes,Possible Minor Injury,N/A,UNKNOWN,MD,PASSENGER CAR,MAKING LEFT TURN,30,No,2012,VERSA,NISSAN,39.15136674,-77.20725544,2023,2,18
230005488,Injury Crash,02/02/2023 06:25:00 PM,RUSSELL AVE,NA,HEAD ON LEFT TURN,Clear,DRY,Medium,TRAFFIC SIGNAL,NONE DETECTED,No,No Apparent Injury,N/A,NOT DISTRACTED,MD,PICKUP TRUCK,MOVING CONSTANT SPEED,30,No,2011,CHEVROLET,SILVERADO,39.15136674,-77.20725544,2023,2,18
230005467,Property Damage Crash,02/02/2023 04:40:00 PM,FREDERICK RD,NA,SAME DIR REAR END,Clear,DRY,Daylight,TRAFFIC SIGNAL,NONE DETECTED,Yes,No Apparent Injury,N/A,UNKNOWN,MD,PASSENGER CAR,CHANGING LANES,45,No,2018,TOYOTA,4H,39.1982675,-77.24475778,2023,2,16
230005467,Property Damage Crash,02/02/2023 04:40:00 PM,FREDERICK RD,NA,SAME DIR REAR END,Clear,DRY,Daylight,TRAFFIC SIGNAL,NONE DETECTED,No,No Apparent Injury,N/A,NOT DISTRACTED,MD,PASSENGER CAR,MOVING CONSTANT SPEED,45,No,2008,PRIUS,HATCHBACK,39.1982675,-77.24475778,2023,2,16
230005465,Property Damage Crash,02/02/2023 04:31:00 PM,WACOMOR DR,NA,OPPOSITE DIRECTION SIDESWIPE,Clear,DRY,Daylight,N/A,NONE DETECTED,No,No Apparent Injury,N/A,NOT DISTRACTED,MD,PASSENGER CAR,MOVING CONSTANT SPEED,30,No,2010,CHRYSLEY,TOWN & COUNTRY,39.23010797,-77.23675615,2023,2,16
230005465,Property Damage Crash,02/02/2023 04:31:00 PM,WACOMOR DR,NA,OPPOSITE DIRECTION SIDESWIPE,Clear,DRY,Daylight,N/A,NONE DETECTED,No,No Apparent Injury,N/A,NOT DISTRACTED,MD,PASSENGER CAR,MOVING CONSTANT SPEED,30,No,2017,CHRYSLER,PACIFICA,39.23010797,-77.23675615,2023,2,16
230005465,Property Damage Crash,02/02/2023 04:31:00 PM,WACOMOR DR,NA,OPPOSITE DIRECTION SIDESWIPE,Clear,DRY,Daylight,N/A,NONE DETECTED,Yes,No Apparent Injury,N/A,NOT DISTRACTED,MD,PASSENGER CAR,MOVING CONSTANT SPEED,30,No,2020,CHEVY,TRAVERSE,39.23010797,-77.23675615,2023,2,16