Local Case Number,ACRS Report Type,Crash Date/Time,Road Name,Related Non-Motorist,Collision Type,Weather,Surface Condition,Light,Traffic Control,Driver Substance Abuse,Driver At Fault,Injury Severity,Circumstance,Driver Distracted By,Drivers License State,Vehicle Body Type,Vehicle Movement,Speed Limit,Driverless Vehicle,Vehicle Year,Vehicle Make,Vehicle Model,Latitude,Longitude,Year,Month,Hour
230005130,Injury Crash,01/31/2023 06:00:00 PM,VEIRS MILL RD,NA,HEAD ON LEFT TURN,Rain,WET,Medium,TRAFFIC SIGNAL,NONE DETECTED,No,Possible Minor Injury,N/A,NOT DISTRACTED,MD,PASSENGER CAR,MOVING CONSTANT SPEED,30,No,2011,NISSAN,PATHFINDER,39.07715228,-77.12366519,2023,1,18
230005130,Injury Crash,01/31/2023 06:00:00 PM,VEIRS MILL RD,NA,HEAD ON LEFT TURN,Rain,WET,Medium,TRAFFIC SIGNAL,NONE DETECTED,Yes,No Apparent Injury,N/A,NOT DISTRACTED,MD,PASSENGER CAR,MAKING LEFT TURN,30,No,2012,HONDA,CR-V,39.07715228,-77.12366519,2023,1,18
230005136,Property Damage Crash,01/31/2023 06:00:00 PM,OLNEY SANDY SPRING RD,NA,SINGLE VEHICLE,Rain,WET,Medium,NO CONTROLS,NONE DETECTED,Yes,No Apparent Injury,N/A,UNKNOWN,NA,NA,UNKNOWN,30,No,0,UNKNOWN,UNKNOWN,39.14918667,-77.01435,2023,1,18
230005127,Injury Crash,01/31/2023 05:35:00 PM,OMEGA DR,PEDESTRIAN,N/A,Rain,WET,Medium,NO CONTROLS,NONE DETECTED,No,No Apparent Injury,N/A,NOT DISTRACTED,MD,PASSENGER CAR,MOVING CONSTANT SPEED,30,No,2016,DODG,2H,39.10871833,-77.19306417,2023,1,17
230005126,Property Damage Crash,01/31/2023 05:12:00 PM,TRAVILLE  GATEWAY DR,NA,ANGLE MEETS LEFT TURN,Rain,WET,Medium,STOP SIGN,NONE DETECTED,No,No Apparent Injury,"RAIN, SNOW, WET",NOT DISTRACTED,MD,PASSENGER CAR,MOVING CONSTANT SPEED,25,No,2021,FORD,EXPLORER,39.09498695,-77.20220629,2023,1,17
230005126,Property Damage Crash,01/31/2023 05:12:00 PM,TRAVILLE  GATEWAY DR,NA,ANGLE MEETS LEFT TURN,Rain,WET,Medium,STOP SIGN,NONE DETECTED,Yes,No Apparent Injury,"RAIN, SNOW, WET",LOOKED BUT DID NOT SEE,MD,PASSENGER CAR,MAKING LEFT TURN,25,No,2017,TOYT,SIENNA,39.09498695,-77.20220629,2023,1,17
230005119,Property Damage Crash,01/31/2023 04:45:00 PM,W GUDE DR,NA,OTHER,Rain,WET,Daylight,TRAFFIC SIGNAL,NONE DETECTED,No,No Apparent Injury,"RAIN, SNOW, WET",UNKNOWN,MD,PASSENGER CAR,MOVING CONSTANT SPEED,35,No,2019,TOYOTA,YARIS,39.10003433,-77.18184683,2023,1,16
230005119,Property Damage Crash,01/31/2023 04:45:00 PM,W GUDE DR,NA,OTHER,Rain,WET,Daylight,TRAFFIC SIGNAL,NONE DETECTED,Yes,No Apparent Injury,"RAIN, SNOW, WET",UNKNOWN,MD,PASSENGER CAR,MAKING LEFT TURN,35,No,2017,TOYT,PRIUS,39.10003433,-77.18184683,2023,1,16
230005213,Property Damage Crash,01/31/2023 04:30:00 PM,FREDERICK RD,NA,SAME DIRECTION SIDESWIPE,Clear,DRY,Daylight,NO CONTROLS,NONE DETECTED,Yes,No Apparent Injury,N/A,UNKNOWN,NA,(SPORT) UTILITY VEHICLE,MOVING CONSTANT SPEED,40,No,2007,AUDI,UNK SUV,39.1522232,-77.21151964,2023,1,16
230005213,Property Damage Crash,01/31/2023 04:30:00 PM,FREDERICK RD,NA,SAME DIRECTION SIDESWIPE,Clear,DRY,Daylight,NO CONTROLS,NONE DETECTED,No,No Apparent Injury,N/A,NOT DISTRACTED,MD,(SPORT) UTILITY VEHICLE,MOVING CONSTANT SPEED,40,No,2020,JEEP,CHEROKEE,39.1522232,-77.21151964,2023,1,16
230005116,Property Damage Crash,01/31/2023 04:13:00 PM,WISTERIA DR,NA,SINGLE VEHICLE,Rain,WET,Daylight,NO CONTROLS,NONE DETECTED,Yes,No Apparent Injury,"N/A, WET",NOT DISTRACTED,MD,PASSENGER CAR,MOVING CONSTANT SPEED,30,No,2009,HONDA,CIVIC,39.17837045,-77.27265399,2023,1,16
230005096,Injury Crash,01/31/2023 03:30:00 PM,ROCKVILLE PIKE,PEDESTRIAN,OTHER,Clear,DRY,Daylight,TRAFFIC SIGNAL,NONE DETECTED,Yes,No Apparent Injury,N/A,LOOKED BUT DID NOT SEE,CT,PASSENGER CAR,MAKING RIGHT TURN,5,No,2015,SUBARU,OUTBACK,39.00177117,-77.05545783,2023,1,15
230005088,Property Damage Crash,01/31/2023 02:13:00 PM,MONTGOMERY AVE,NA,OTHER,Rain,WET,Daylight,TRAFFIC SIGNAL,NONE DETECTED,Unknown,No Apparent Injury,"RAIN, SNOW, WET",UNKNOWN,MD,"OTHER LIGHT TRUCKS (10,000LBS (4,536KG) OR LESS)",MOVING CONSTANT SPEED,30,No,2003,ISUZU,NPR,38.985865,-77.086581,2023,1,14
230005088,Property Damage Crash,01/31/2023 02:13:00 PM,MONTGOMERY AVE,NA,OTHER,Rain,WET,Daylight,TRAFFIC SIGNAL,NONE DETECTED,Unknown,No Apparent Injury,"RAIN, SNOW, WET",UNKNOWN,MD,PASSENGER CAR,MOVING CONSTANT SPEED,30,No,2017,CHEVROLET,MALIBU,38.985865,-77.086581,2023,1,14
230005088,Property Damage Crash,01/31/2023 02:13:00 PM,MONTGOMERY AVE,NA,OTHER,Rain,WET,Daylight,TRAFFIC SIGNAL,NONE DETECTED,No,No Apparent Injury,"RAIN, SNOW, WET",NOT DISTRACTED,MD,(SPORT) UTILITY VEHICLE,STOPPED IN TRAFFIC LANE,30,No,2014,HONDA,RAV-4,38.985865,-77.086581,2023,1,14
230005073,Property Damage Crash,01/31/2023 01:33:00 PM,CEDAR LA,NA,STRAIGHT MOVEMENT ANGLE,Rain,WET,Daylight,STOP SIGN,NONE DETECTED,No,No Apparent Injury,"RAIN, SNOW, WET",NOT DISTRACTED,MD,PASSENGER CAR,MOVING CONSTANT SPEED,30,No,2015,TOYOTA,PRIUS,39.01991117,-77.086136,2023,1,13
230005073,Property Damage Crash,01/31/2023 01:33:00 PM,CEDAR LA,NA,STRAIGHT MOVEMENT ANGLE,Rain,WET,Daylight,STOP SIGN,NONE DETECTED,Yes,No Apparent Injury,"RAIN, SNOW, WET",LOOKED BUT DID NOT SEE,MD,PASSENGER CAR,ACCELERATING,30,No,2015,BMW,335I,39.01991117,-77.086136,2023,1,13
230005086,Injury Crash,01/31/2023 01:00:00 PM,GEORGIA AVE,PEDESTRIAN,OTHER,Rain,WET,Daylight,NO CONTROLS,NONE DETECTED,Yes,No Apparent Injury,N/A,NOT DISTRACTED,NA,PASSENGER CAR,BACKING,35,No,1999,HONDA,PASSPORT,38.9983479,-77.0305945,2023,1,13
230005067,Injury Crash,01/31/2023 12:11:00 PM,NA,NA,OTHER,Rain,NA,Daylight,N/A,NONE DETECTED,No,No Apparent Injury,"N/A, WET",NOT DISTRACTED,MD,"OTHER LIGHT TRUCKS (10,000LBS (4,536KG) OR LESS)",STOPPED IN TRAFFIC LANE,15,No,2018,FRHT,TK,39.03561,-77.05576,2023,1,12
230005067,Injury Crash,01/31/2023 12:11:00 PM,NA,NA,OTHER,Rain,NA,Daylight,N/A,NONE DETECTED,Yes,Possible Minor Injury,"N/A, WET",LOOKED BUT DID NOT SEE,MD,PASSENGER CAR,BACKING,15,No,2013,TOYT,TK,39.03561,-77.05576,2023,1,12
230005054,Property Damage Crash,01/31/2023 11:54:00 AM,MT VERNON PL,NA,SAME DIRECTION LEFT TURN,Rain,WET,Daylight,NO CONTROLS,NONE DETECTED,No,No Apparent Injury,"N/A, RAIN, SNOW",NOT DISTRACTED,MD,PASSENGER CAR,MOVING CONSTANT SPEED,25,No,2021,NISSAN,VERSA,39.07626604,-77.14524149,2023,1,11
230005054,Property Damage Crash,01/31/2023 11:54:00 AM,MT VERNON PL,NA,SAME DIRECTION LEFT TURN,Rain,WET,Daylight,NO CONTROLS,NONE DETECTED,Yes,No Apparent Injury,"N/A, RAIN, SNOW",NOT DISTRACTED,MD,PASSENGER CAR,ENTERING TRAFFIC LANE,25,No,2003,SUBA,SD,39.07626604,-77.14524149,2023,1,11
23005029,Injury Crash,01/31/2023 10:35:00 AM,ROCKVILLE PIKE,NA,SAME DIR REAR END,Rain,WET,Daylight,TRAFFIC SIGNAL,NONE DETECTED,No,No Apparent Injury,"SLEET, HAIL, FREEZ. RAIN, WET",NOT DISTRACTED,MD,PASSENGER CAR,SLOWING OR STOPPING,35,No,2016,TOYOTA,4S,39.08176917,-77.14596033,2023,1,10
23005029,Injury Crash,01/31/2023 10:35:00 AM,ROCKVILLE PIKE,NA,SAME DIR REAR END,Rain,WET,Daylight,TRAFFIC SIGNAL,NONE DETECTED,Yes,No Apparent Injury,"SLEET, HAIL, FREEZ. RAIN, WET",NOT DISTRACTED,MD,PASSENGER CAR,ACCELERATING,35,No,2006,DODG,PV,39.08176917,-77.14596033,2023,1,10
230005027,Property Damage Crash,01/31/2023 10:22:00 AM,CONNECTICUT AVE,NA,STRAIGHT MOVEMENT ANGLE,Rain,WET,Daylight,NO CONTROLS,NONE DETECTED,Yes,No Apparent Injury,"BACKUP DUE TO NON-RECURRING INCIDENT, RAIN, SNOW, WET",LOOKED BUT DID NOT SEE,MD,FIRE VEHICLE/EMERGENCY,MOVING CONSTANT SPEED,30,No,2018,FORD,TRUCK,38.992485,-77.07707,2023,1,10
230005027,Property Damage Crash,01/31/2023 10:22:00 AM,CONNECTICUT AVE,NA,STRAIGHT MOVEMENT ANGLE,Rain,WET,Daylight,NO CONTROLS,NONE DETECTED,No,No Apparent Injury,"BACKUP DUE TO NON-RECURRING INCIDENT, RAIN, SNOW, WET",NOT DISTRACTED,MD,PASSENGER CAR,MAKING U TURN,30,No,2019,ACUR,SD,38.992485,-77.07707,2023,1,10
230005030,Injury Crash,01/31/2023 10:21:00 AM,WISTERIA DR,NA,STRAIGHT MOVEMENT ANGLE,Rain,WET,Daylight,STOP SIGN,NONE DETECTED,No,Possible Minor Injury,"RAIN, SNOW, WET",NOT DISTRACTED,MD,PASSENGER CAR,ACCELERATING,35,No,2016,LEXUS,CT,39.17739833,-77.270915,2023,1,10
230005030,Injury Crash,01/31/2023 10:21:00 AM,WISTERIA DR,NA,STRAIGHT MOVEMENT ANGLE,Rain,WET,Daylight,STOP SIGN,NONE DETECTED,Yes,No Apparent Injury,"RAIN, SNOW, WET",UNKNOWN,MD,PASSENGER CAR,MOVING CONSTANT SPEED,35,No,2013,HONDA,CIVIC,39.17739833,-77.270915,2023,1,10
230005028,Property Damage Crash,01/31/2023 10:14:00 AM,RIVER RD,NA,SAME DIR REAR END,Rain,WET,Daylight,TRAFFIC SIGNAL,NONE DETECTED,Yes,No Apparent Injury,"RAIN, SNOW, WET",LOOKED BUT DID NOT SEE,MD,PASSENGER CAR,BACKING,30,No,2018,TOYOTA,COROLLA,38.96057533,-77.096695,2023,1,10
230005028,Property Damage Crash,01/31/2023 10:14:00 AM,RIVER RD,NA,SAME DIR REAR END,Rain,WET,Daylight,TRAFFIC SIGNAL,NONE DETECTED,No,No Apparent Injury,"RAIN, SNOW, WET",NOT DISTRACTED,MD,POLICE VEHICLE/NON EMERGENCY,STOPPED IN TRAFFIC LANE,30,No,2017,FORD,INTERECPTOR,38.96057533,-77.096695,2023,1,10
230005005,Property Damage Crash,01/31/2023 08:50:00 AM,CLOPPER RD,NA,SAME DIR REAR END,Rain,WET,Daylight,NO CONTROLS,NONE DETECTED,Yes,No Apparent Injury,"RAIN, SNOW, WET",NOT DISTRACTED,MD,(SPORT) UTILITY VEHICLE,MOVING CONSTANT SPEED,45,No,2008,HONDA,CRV,39.154765,-77.25778167,2023,1,8
230005005,Property Damage Crash,01/31/2023 08:50:00 AM,CLOPPER RD,NA,SAME DIR REAR END,Rain,WET,Daylight,NO CONTROLS,NONE DETECTED,No,No Apparent Injury,"RAIN, SNOW, WET",NOT DISTRACTED,MD,PASSENGER CAR,SLOWING OR STOPPING,45,No,2022,TOYT,SD,39.154765,-77.25778167,2023,1,8
230005005,Property Damage Crash,01/31/2023 08:50:00 AM,CLOPPER RD,NA,SAME DIR REAR END,Rain,WET,Daylight,NO CONTROLS,NONE DETECTED,No,No Apparent Injury,"RAIN, SNOW, WET",NOT DISTRACTED,MD,PASSENGER CAR,SLOWING OR STOPPING,45,No,2012,HYUN,SONATA,39.154765,-77.25778167,2023,1,8
230004999,Injury Crash,01/31/2023 08:44:00 AM,FATHER HURLEY BLVD,NA,SAME DIR REAR END,Cloudy,DRY,Daylight,TRAFFIC SIGNAL,NONE DETECTED,No,No Apparent Injury,N/A,NOT DISTRACTED,PA,PASSENGER CAR,STOPPED IN TRAFFIC LANE,40,No,2017,SUBARU,SDN,39.19402167,-77.26957833,2023,1,8
230004999,Injury Crash,01/31/2023 08:44:00 AM,FATHER HURLEY BLVD,NA,SAME DIR REAR END,Cloudy,DRY,Daylight,TRAFFIC SIGNAL,NONE DETECTED,Yes,No Apparent Injury,N/A,UNKNOWN,NA,NA,SLOWING OR STOPPING,40,Unknown,0,UNKNOWN,UNKNOWN,39.19402167,-77.26957833,2023,1,8
230004999,Injury Crash,01/31/2023 08:44:00 AM,FATHER HURLEY BLVD,NA,SAME DIR REAR END,Cloudy,DRY,Daylight,TRAFFIC SIGNAL,NONE DETECTED,No,No Apparent Injury,N/A,NOT DISTRACTED,XX,(SPORT) UTILITY VEHICLE,STOPPED IN TRAFFIC LANE,40,No,2008,CHRYSLER,ASPEN,39.19402167,-77.26957833,2023,1,8
230005006,Property Damage Crash,01/31/2023 08:43:00 AM,MUDDY BRANCH RD,NA,HEAD ON LEFT TURN,Rain,WET,Daylight,TRAFFIC SIGNAL,NONE DETECTED,Yes,No Apparent Injury,"RAIN, SNOW, WET",UNKNOWN,MD,PASSENGER CAR,MAKING LEFT TURN,40,No,2015,VOLKSWAGEN,JETTA,39.12622667,-77.21130833,2023,1,8
230005006,Property Damage Crash,01/31/2023 08:43:00 AM,MUDDY BRANCH RD,NA,HEAD ON LEFT TURN,Rain,WET,Daylight,TRAFFIC SIGNAL,NONE DETECTED,No,No Apparent Injury,"RAIN, SNOW, WET",NOT DISTRACTED,MD,PICKUP TRUCK,MOVING CONSTANT SPEED,40,No,2009,CHEVROLET,SILVERADO,39.12622667,-77.21130833,2023,1,8
230005004,Property Damage Crash,01/31/2023 08:25:00 AM,CAPITOL VIEW AVE,NA,SINGLE VEHICLE,Rain,WET,Daylight,NO CONTROLS,NONE DETECTED,Yes,No Apparent Injury,"RAIN, SNOW, WET",NOT DISTRACTED,DC,PASSENGER CAR,MOVING CONSTANT SPEED,30,No,2009,CHEVY,COLBOT,39.02114167,-77.06190667,2023,1,8
230004998,Property Damage Crash,01/31/2023 07:41:00 AM,OLD GEORGETOWN RD,NA,SAME DIR REAR END,Rain,WET,Daylight,NO CONTROLS,NONE DETECTED,Yes,No Apparent Injury,"BACKUP DUE TO REGULAR CONGESTION, RAIN, SNOW, WET",UNKNOWN,NA,PASSENGER CAR,SLOWING OR STOPPING,35,No,2022,TOYOTA,PRIUS,39.03238233,-77.125967,2023,1,7
230004998,Property Damage Crash,01/31/2023 07:41:00 AM,OLD GEORGETOWN RD,NA,SAME DIR REAR END,Rain,WET,Daylight,NO CONTROLS,NONE DETECTED,No,No Apparent Injury,"BACKUP DUE TO REGULAR CONGESTION, RAIN, SNOW, WET",NOT DISTRACTED,MD,PASSENGER CAR,SLOWING OR STOPPING,35,No,2018,TOYOTA,RAV4,39.03238233,-77.125967,2023,1,7
230004991,Property Damage Crash,01/31/2023 07:00:00 AM,FOREST GLEN RD,NA,OPPOSITE DIRECTION SIDESWIPE,Cloudy,DRY,Medium,NO CONTROLS,NONE DETECTED,Yes,No Apparent Injury,N/A,NOT DISTRACTED,NA,UNKNOWN,MAKING LEFT TURN,25,No,0,UNKNOWN,UNKNOWN,39.01579728,-77.04152935,2023,1,7
230004991,Property Damage Crash,01/31/2023 07:00:00 AM,FOREST GLEN RD,NA,OPPOSITE DIRECTION SIDESWIPE,Cloudy,DRY,Medium,NO CONTROLS,NONE DETECTED,No,No Apparent Injury,N/A,NOT DISTRACTED,WV,PASSENGER CAR,MOVING CONSTANT SPEED,30,No,2010,HOND,SD,39.01579728,-77.04152935,2023,1,7
230004988,Injury Crash,01/31/2023 06:30:00 AM,WATKINS MILL RD,NA,STRAIGHT MOVEMENT ANGLE,Clear,DRY,Medium,TRAFFIC SIGNAL,NONE DETECTED,No,Possible Minor Injury,N/A,NOT DISTRACTED,MD,PASSENGER CAR,MAKING LEFT TURN,35,No,2018,HODNA,CIVIC,39.15608783,-77.225679,2023,1,6
230004988,Injury Crash,01/31/2023 06:30:00 AM,WATKINS MILL RD,NA,STRAIGHT MOVEMENT ANGLE,Clear,DRY,Medium,TRAFFIC SIGNAL,NONE DETECTED,Yes,No Apparent Injury,N/A,LOOKED BUT DID NOT SEE,MD,PASSENGER CAR,MOVING CONSTANT SPEED,35,No,2016,CHEVY,MALIBU,39.15608783,-77.225679,2023,1,6
230004985,Property Damage Crash,01/31/2023 04:50:00 AM,COLUMBIA PIKE,NA,HEAD ON LEFT TURN,Clear,DRY,Medium,TRAFFIC SIGNAL,NONE DETECTED,Yes,No Apparent Injury,N/A,NOT DISTRACTED,MD,PASSENGER CAR,MAKING LEFT TURN,35,No,2016,NISSAN,ALTIMA,39.05787333,-76.96829833,2023,1,4
230004985,Property Damage Crash,01/31/2023 04:50:00 AM,COLUMBIA PIKE,NA,HEAD ON LEFT TURN,Clear,DRY,Medium,TRAFFIC SIGNAL,NONE DETECTED,No,No Apparent Injury,N/A,NOT DISTRACTED,MD,PASSENGER CAR,MOVING CONSTANT SPEED,35,No,2017,HONDA,ACCORD,39.05787333,-76.96829833,2023,1,4
230004970,Injury Crash,01/30/2023 10:13:00 PM,FALLS RD,NA,SINGLE VEHICLE,Clear,DRY,Dark,NO CONTROLS,NONE DETECTED,Yes,Possible Minor Injury,"ANIMAL, N/A",NOT DISTRACTED,MD,PASSENGER CAR,MOVING CONSTANT SPEED,35,No,2006,TOYOTA,CAMERY,39.055535,-77.18098833,2023,1,22
230004955,Injury Crash,01/30/2023 08:23:00 PM,OBSERVATION DR,NA,SINGLE VEHICLE,Clear,DRY,Medium,NO CONTROLS,NONE DETECTED,Yes,Possible Minor Injury,N/A,UNKNOWN,MD,PASSENGER CAR,MAKING RIGHT TURN,30,No,2010,TOYOTA,PRIUS,39.20382667,-77.25988,2023,1,20
230004958,Property Damage Crash,01/30/2023 06:36:00 PM,RANDOLPH RD,NA,STRAIGHT MOVEMENT ANGLE,Clear,DRY,Medium,TRAFFIC SIGNAL,NONE DETECTED,Yes,No Apparent Injury,N/A,NOT DISTRACTED,NA,"CARGO VAN/LIGHT TRUCK 2 AXLES (OVER 10,000LBS (4,536 KG))",MAKING LEFT TURN,35,No,2014,GMC,SAVANA,39.0535024,-77.1068255,2023,1,18
230004958,Property Damage Crash,01/30/2023 06:36:00 PM,RANDOLPH RD,NA,STRAIGHT MOVEMENT ANGLE,Clear,DRY,Medium,TRAFFIC SIGNAL,NONE DETECTED,No,No Apparent Injury,N/A,NOT DISTRACTED,MD,PASSENGER CAR,STOPPED IN TRAFFIC LANE,35,No,2019,TOYOTA,COROLLA,39.0535024,-77.1068255,2023,1,18
230004951,Property Damage Crash,01/30/2023 06:23:00 PM,FREDERICK RD,NA,SAME DIRECTION SIDESWIPE,Clear,DRY,Medium,NO CONTROLS,NONE DETECTED,No,No Apparent Injury,N/A,NOT DISTRACTED,MD,(SPORT) UTILITY VEHICLE,MOVING CONSTANT SPEED,40,No,2022,MITSUBISHI,OUTLANDER,39.179275,-77.2382,2023,1,18
230004951,Property Damage Crash,01/30/2023 06:23:00 PM,FREDERICK RD,NA,SAME DIRECTION SIDESWIPE,Clear,DRY,Medium,NO CONTROLS,NONE DETECTED,Yes,No Apparent Injury,N/A,UNKNOWN,VA,(SPORT) UTILITY VEHICLE,CHANGING LANES,40,No,2008,ACURA,MDX,39.179275,-77.2382,2023,1,18
230004951,Property Damage Crash,01/30/2023 06:23:00 PM,FREDERICK RD,NA,SAME DIRECTION SIDESWIPE,Clear,DRY,Medium,NO CONTROLS,NONE DETECTED,No,No Apparent Injury,N/A,NOT DISTRACTED,MD,(SPORT) UTILITY VEHICLE,MOVING CONSTANT SPEED,40,No,2019,SUBARU,CROSSTREK,39.179275,-77.2382,2023,1,18
230004929,Property Damage Crash,01/30/2023 06:15:00 PM,ALDERTON LA,NA,SINGLE VEHICLE,Clear,DRY,Dark,NO CONTROLS,NONE DETECTED,Yes,No Apparent Injury,N/A,INATTENTIVE OR LOST IN THOUGHT,MD,PASSENGER CAR,MOVING CONSTANT SPEED,25,No,2013,TOYOTA,HIGHLANDER,39.0887035,-77.03198583,2023,1,18
230004928,Property Damage Crash,01/30/2023 06:12:00 PM,PINEY BRANCH RD,NA,HEAD ON LEFT TURN,Clear,DRY,Medium,TRAFFIC SIGNAL,NONE DETECTED,Yes,No Apparent Injury,N/A,UNKNOWN,MD,(SPORT) UTILITY VEHICLE,MAKING LEFT TURN,30,No,2020,CHEVY,EQUINOX,38.99584378,-77.00608723,2023,1,18
230004928,Property Damage Crash,01/30/2023 06:12:00 PM,PINEY BRANCH RD,NA,HEAD ON LEFT TURN,Clear,DRY,Medium,TRAFFIC SIGNAL,NONE DETECTED,No,No Apparent Injury,N/A,NOT DISTRACTED,MD,PASSENGER CAR,MOVING CONSTANT SPEED,30,No,2016,TOYOTA,PRIUS,38.99584378,-77.00608723,2023,1,18
230004913,Injury Crash,01/30/2023 04:32:00 PM,RANDOLPH RD,NA,HEAD ON LEFT TURN,Clear,DRY,Daylight,TRAFFIC SIGNAL,NONE DETECTED,No,No Apparent Injury,N/A,NOT DISTRACTED,MD,PASSENGER CAR,STOPPED IN TRAFFIC LANE,30,No,2010,NISS,4S,39.05945356,-77.0467755,2023,1,16
230004913,Injury Crash,01/30/2023 04:32:00 PM,RANDOLPH RD,NA,HEAD ON LEFT TURN,Clear,DRY,Daylight,TRAFFIC SIGNAL,NONE DETECTED,Unknown,Possible Minor Injury,N/A,UNKNOWN,MD,PASSENGER CAR,MOVING CONSTANT SPEED,30,No,2012,HONDA,CIVIC,39.05945356,-77.0467755,2023,1,16
230004913,Injury Crash,01/30/2023 04:32:00 PM,RANDOLPH RD,NA,HEAD ON LEFT TURN,Clear,DRY,Daylight,TRAFFIC SIGNAL,NONE DETECTED,No,No Apparent Injury,N/A,NOT DISTRACTED,MD,PASSENGER CAR,MAKING RIGHT TURN,30,No,2020,CHEVY,EQUINOX,39.05945356,-77.0467755,2023,1,16
230004942,Injury Crash,01/30/2023 04:30:00 PM,NA,NA,ANGLE MEETS RIGHT TURN,Clear,NA,Daylight,NO CONTROLS,NONE DETECTED,No,Possible Minor Injury,N/A,NOT DISTRACTED,MD,PASSENGER CAR,MOVING CONSTANT SPEED,10,No,2020,DODGE,CHARGER,39.08552038,-77.0762018,2023,1,16
230004942,Injury Crash,01/30/2023 04:30:00 PM,NA,NA,ANGLE MEETS RIGHT TURN,Clear,NA,Daylight,NO CONTROLS,NONE DETECTED,Yes,No Apparent Injury,N/A,NOT DISTRACTED,MD,PASSENGER CAR,MAKING RIGHT TURN,10,No,2019,SUB,4D,39.08552038,-77.0762018,2023,1,16
230004894,Injury Crash,01/30/2023 04:05:00 PM,GOLDEN ASH WAY,NA,STRAIGHT MOVEMENT ANGLE,Clear,DRY,Daylight,STOP SIGN,NONE DETECTED,Yes,No Apparent Injury,N/A,NOT DISTRACTED,MD,PASSENGER CAR,STARTING FROM LANE,25,No,2018,TOYT,TK,39.1193635,-77.23415083,2023,1,16
230004894,Injury Crash,01/30/2023 04:05:00 PM,GOLDEN ASH WAY,NA,STRAIGHT MOVEMENT ANGLE,Clear,DRY,Daylight,STOP SIGN,NONE DETECTED,No,Possible Minor Injury,N/A,NOT DISTRACTED,VA,PASSENGER CAR,MOVING CONSTANT SPEED,25,No,2017,HONDA,CIVIC,39.1193635,-77.23415083,2023,1,16
230004910,Property Damage Crash,01/30/2023 04:00:00 PM,NA,NA,SAME DIR REAR END,Clear,NA,Daylight,NO CONTROLS,NONE DETECTED,No,No Apparent Injury,N/A,NOT DISTRACTED,DC,PASSENGER CAR,PARKED,0,No,2016,VOLK,JTS,38.99531,-77.02498,2023,1,16
230004910,Property Damage Crash,01/30/2023 04:00:00 PM,NA,NA,SAME DIR REAR END,Clear,NA,Daylight,NO CONTROLS,NONE DETECTED,Yes,No Apparent Injury,N/A,UNKNOWN,NA,UNKNOWN,STARTING FROM PARKED,10,No,0,UNKNOWN,UNKNOWN,38.99531,-77.02498,2023,1,16
230004891,Injury Crash,01/30/2023 03:45:00 PM,MONTGOMERY VILLAGE AVE,NA,SAME DIR REAR END,Clear,DRY,Daylight,TRAFFIC SIGNAL,NONE DETECTED,Unknown,Possible Minor Injury,N/A,LOOKED BUT DID NOT SEE,MD,PASSENGER CAR,UNKNOWN,30,No,2006,CADI,SD,39.15144207,-77.21323843,2023,1,15
230004891,Injury Crash,01/30/2023 03:45:00 PM,MONTGOMERY VILLAGE AVE,NA,SAME DIR REAR END,Clear,DRY,Daylight,TRAFFIC SIGNAL,NONE DETECTED,Unknown,No Apparent Injury,N/A,UNKNOWN,DC,PASSENGER CAR,UNKNOWN,30,No,2014,FORD,EXPLORER,39.15144207,-77.21323843,2023,1,15
230004915,Property Damage Crash,01/30/2023 03:24:00 PM,GAINSBOROUGH RD,NA,SAME DIRECTION SIDESWIPE,Clear,DRY,Daylight,NO CONTROLS,NONE DETECTED,Yes,No Apparent Injury,N/A,NOT DISTRACTED,XX,(SPORT) UTILITY VEHICLE,MOVING CONSTANT SPEED,25,No,2022,HONDA,PILOT,39.043185,-77.172337,2023,1,15
230004888,Property Damage Crash,01/30/2023 03:18:00 PM,NA,NA,STRAIGHT MOVEMENT ANGLE,Clear,NA,Daylight,NO CONTROLS,NONE DETECTED,No,No Apparent Injury,N/A,NOT DISTRACTED,MD,PASSENGER CAR,MOVING CONSTANT SPEED,10,No,2022,VOLKSWAGEN,TIGUAN,39.14681157,-77.19240622,2023,1,15
230004888,Property Damage Crash,01/30/2023 03:18:00 PM,NA,NA,STRAIGHT MOVEMENT ANGLE,Clear,NA,Daylight,NO CONTROLS,NONE DETECTED,Yes,No Apparent Injury,N/A,UNKNOWN,VA,PASSENGER CAR,BACKING,10,No,2007,HONDA,ODYSSEY,39.14681157,-77.19240622,2023,1,15
230004855,Injury Crash,01/30/2023 12:44:00 PM,GEORGIA AVE,NA,STRAIGHT MOVEMENT ANGLE,Clear,DRY,Daylight,NO CONTROLS,NONE DETECTED,Yes,No Apparent Injury,N/A,LOOKED BUT DID NOT SEE,MD,PASSENGER CAR,STARTING FROM LANE,45,No,2019,FORD,EDGE,39.085225,-77.07862967,2023,1,12
230004855,Injury Crash,01/30/2023 12:44:00 PM,GEORGIA AVE,NA,STRAIGHT MOVEMENT ANGLE,Clear,DRY,Daylight,NO CONTROLS,NONE DETECTED,No,Possible Minor Injury,N/A,NOT DISTRACTED,MD,PASSENGER CAR,MOVING CONSTANT SPEED,45,No,2019,CHRYSLER,300,39.085225,-77.07862967,2023,1,12
230007307,Property Damage Crash,01/30/2023 12:30:00 PM,SAM EIG HWY,NA,SAME DIRECTION SIDESWIPE,Clear,DRY,Daylight,N/A,NONE DETECTED,No,No Apparent Injury,N/A,NOT DISTRACTED,MD,PASSENGER CAR,MOVING CONSTANT SPEED,35,No,2007,NISSAN,4S,39.11977946,-77.19993914,2023,1,12
230007307,Property Damage Crash,01/30/2023 12:30:00 PM,SAM EIG HWY,NA,SAME DIRECTION SIDESWIPE,Clear,DRY,Daylight,N/A,NONE DETECTED,Yes,No Apparent Injury,N/A,LOOKED BUT DID NOT SEE,NA,PASSENGER CAR,MOVING CONSTANT SPEED,30,No,2019,RAM,TK,39.11977946,-77.19993914,2023,1,12
230004836,Property Damage Crash,01/30/2023 11:40:00 AM,NEW HAMPSHIRE AVE,NA,SINGLE VEHICLE,Cloudy,DRY,Daylight,NO CONTROLS,NONE DETECTED,Yes,No Apparent Injury,N/A,OTHER ELECTRONIC DEVICE (NAVIGATIONAL PALM PILOT),MD,POLICE VEHICLE/EMERGENCY,CHANGING LANES,40,No,2013,FORD,EXPLORER,39.02867889,-76.9831973,2023,1,11
230004837,Property Damage Crash,01/30/2023 11:32:00 AM,EDSON LA,NA,HEAD ON,Cloudy,DRY,Daylight,TRAFFIC SIGNAL,NONE DETECTED,Yes,No Apparent Injury,N/A,LOOKED BUT DID NOT SEE,MD,PASSENGER CAR,MAKING RIGHT TURN,30,No,2016,TOYOTA,IA,39.04000633,-77.12194083,2023,1,11
230004837,Property Damage Crash,01/30/2023 11:32:00 AM,EDSON LA,NA,HEAD ON,Cloudy,DRY,Daylight,TRAFFIC SIGNAL,NONE DETECTED,No,No Apparent Injury,N/A,NOT DISTRACTED,MD,PASSENGER CAR,STOPPED IN TRAFFIC LANE,30,No,2014,DODG,CHALLENGER,39.04000633,-77.12194083,2023,1,11
230004818,Property Damage Crash,01/30/2023 08:58:00 AM,CHERRY VALLEY DR,NA,OTHER,Cloudy,WET,Daylight,NO CONTROLS,NONE DETECTED,Yes,No Apparent Injury,"N/A, WET",NOT DISTRACTED,MD,SCHOOL BUS,SLOWING OR STOPPING,25,No,2015,FREIGHT BUS,SCHOOL BUS,39.13235017,-77.09482633,2023,1,8