Local Case Number,ACRS Report Type,Crash Date/Time,Road Name,Related Non-Motorist,Collision Type,Weather,Surface Condition,Light,Traffic Control,Driver Substance Abuse,Driver At Fault,Injury Severity,Circumstance,Driver Distracted By,Drivers License State,Vehicle Body Type,Vehicle Movement,Speed Limit,Driverless Vehicle,Vehicle Year,Vehicle Make,Vehicle Model,Latitude,Longitude,Year,Month,Hour
230004496,Property Damage Crash,01/27/2023 04:44:00 PM,CABIN JOHN PKWY,NA,SAME DIR REAR END,Clear,DRY,Daylight,N/A,NONE DETECTED,No,No Apparent Injury,N/A,NOT DISTRACTED,MD,VAN,SLOWING OR STOPPING,55,No,2022,HONDA,ODYSSEY,38.98157667,-77.15599,2023,1,16
230004492,Property Damage Crash,01/27/2023 04:35:00 PM,EAST WEST HWY,NA,SAME DIRECTION SIDESWIPE,Clear,DRY,Daylight,NO CONTROLS,NONE DETECTED,Yes,No Apparent Injury,N/A,UNKNOWN,MD,TRANSIT BUS,STARTING FROM LANE,35,No,2016,GILLIG,BUS,38.99254993,-77.05554312,2023,1,16
230004492,Property Damage Crash,01/27/2023 04:35:00 PM,EAST WEST HWY,NA,SAME DIRECTION SIDESWIPE,Clear,DRY,Daylight,NO CONTROLS,NONE DETECTED,No,No Apparent Injury,N/A,NOT DISTRACTED,MD,POLICE VEHICLE/EMERGENCY,STOPPED IN TRAFFIC LANE,35,No,2012,DODGE,CHARGER,38.99254993,-77.05554312,2023,1,16
230004489,Property Damage Crash,01/27/2023 04:14:00 PM,ROCKVILLE PIKE,NA,SAME DIR REAR END,Clear,DRY,Daylight,NO CONTROLS,NONE DETECTED,Yes,No Apparent Injury,"N/A, VISION OBSTRUCTION (INCL. BLINDED BY SUN)",LOOKED BUT DID NOT SEE,PA,PASSENGER CAR,CHANGING LANES,40,No,2016,HOND,CRV,39.05632167,-77.11914333,2023,1,16
230004489,Property Damage Crash,01/27/2023 04:14:00 PM,ROCKVILLE PIKE,NA,SAME DIR REAR END,Clear,DRY,Daylight,NO CONTROLS,NONE DETECTED,No,No Apparent Injury,"N/A, VISION OBSTRUCTION (INCL. BLINDED BY SUN)",NOT DISTRACTED,MD,TRANSIT BUS,SLOWING OR STOPPING,40,No,2017,GILIG,BUS,39.05632167,-77.11914333,2023,1,16
230004482,Property Damage Crash,01/27/2023 04:05:00 PM,NA,NA,HEAD ON LEFT TURN,Clear,NA,Daylight,NO CONTROLS,NONE DETECTED,Yes,No Apparent Injury,N/A,LOOKED BUT DID NOT SEE,MD,PASSENGER CAR,ACCELERATING,10,No,2013,HYUN,2S,39.08453017,-77.080925,2023,1,16
230004482,Property Damage Crash,01/27/2023 04:05:00 PM,NA,NA,HEAD ON LEFT TURN,Clear,NA,Daylight,NO CONTROLS,NONE DETECTED,No,No Apparent Injury,N/A,NOT DISTRACTED,MD,PASSENGER CAR,MOVING CONSTANT SPEED,15,No,2013,KIA,TK,39.08453017,-77.080925,2023,1,16
230004478,Property Damage Crash,01/27/2023 03:15:00 PM,SYCAMORE FARM DR,NA,SAME DIRECTION SIDESWIPE,Clear,DRY,Daylight,NO CONTROLS,NONE DETECTED,Yes,No Apparent Injury,N/A,OTHER DISTRACTION,MD,(SPORT) UTILITY VEHICLE,ACCELERATING,30,No,2020,AUDI,4S,39.230935,-77.254795,2023,1,15
230004473,Property Damage Crash,01/27/2023 02:55:00 PM,SNOUFFERS SCHOOL RD,NA,HEAD ON,Clear,DRY,Daylight,NO CONTROLS,NONE DETECTED,No,No Apparent Injury,N/A,NOT DISTRACTED,MD,PASSENGER CAR,MOVING CONSTANT SPEED,35,No,2009,JEEP,CHEROKEE,39.18252783,-77.18170667,2023,1,14
230004473,Property Damage Crash,01/27/2023 02:55:00 PM,SNOUFFERS SCHOOL RD,NA,HEAD ON,Clear,DRY,Daylight,NO CONTROLS,NONE DETECTED,Yes,No Apparent Injury,N/A,UNKNOWN,MD,VAN,MOVING CONSTANT SPEED,35,No,2018,RAM,VAN,39.18252783,-77.18170667,2023,1,14
230004486,Property Damage Crash,01/27/2023 02:00:00 PM,CLOPPER RD,NA,SAME DIR REAR END,Clear,DRY,Daylight,TRAFFIC SIGNAL,NONE DETECTED,Yes,No Apparent Injury,N/A,UNKNOWN,NA,PASSENGER CAR,BACKING,35,No,2009,HOND,2S,39.162757,-77.28280628,2023,1,14
230004471,Property Damage Crash,01/27/2023 02:00:00 PM,OLD GEORGETOWN RD,NA,OTHER,Clear,DRY,Daylight,N/A,NONE DETECTED,No,No Apparent Injury,N/A,NOT DISTRACTED,MD,PASSENGER CAR,PARKED,0,No,2011,CHEVROLET,EQUINOX,39.00655583,-77.0970995,2023,1,14
230004471,Property Damage Crash,01/27/2023 02:00:00 PM,OLD GEORGETOWN RD,NA,OTHER,Clear,DRY,Daylight,N/A,NONE DETECTED,Yes,No Apparent Injury,N/A,NOT DISTRACTED,MD,PASSENGER CAR,BACKING,5,No,2015,BMW,428I,39.00655583,-77.0970995,2023,1,14
230004486,Property Damage Crash,01/27/2023 02:00:00 PM,CLOPPER RD,NA,SAME DIR REAR END,Clear,DRY,Daylight,TRAFFIC SIGNAL,NONE DETECTED,No,No Apparent Injury,N/A,NOT DISTRACTED,MD,PASSENGER CAR,STOPPED IN TRAFFIC LANE,35,No,2006,HOND,SU,39.162757,-77.28280628,2023,1,14
230004465,Injury Crash,01/27/2023 01:51:00 PM,SHADY GROVE RD,NA,SAME DIR REAR END,Clear,DRY,Daylight,TRAFFIC SIGNAL,NONE DETECTED,Yes,No Apparent Injury,N/A,OTHER DISTRACTION,MD,PASSENGER CAR,SLOWING OR STOPPING,40,No,2013,HONDA,ODYSSEY,39.129,-77.167165,2023,1,13
230004465,Injury Crash,01/27/2023 01:51:00 PM,SHADY GROVE RD,NA,SAME DIR REAR END,Clear,DRY,Daylight,TRAFFIC SIGNAL,NONE DETECTED,No,Possible Minor Injury,N/A,NOT DISTRACTED,MD,PASSENGER CAR,UNKNOWN,40,No,2017,HYUNDAI,SANTA FE,39.129,-77.167165,2023,1,13
230004459,Property Damage Crash,01/27/2023 01:34:00 PM,SNOUFFERS SCHOOL RD,NA,OTHER,Clear,DRY,Daylight,N/A,NONE DETECTED,Yes,No Apparent Injury,N/A,NOT DISTRACTED,MD,POLICE VEHICLE/NON EMERGENCY,MAKING U TURN,35,No,2014,DODGE,CHARGER,39.1874805,-77.18632783,2023,1,13
230004459,Property Damage Crash,01/27/2023 01:34:00 PM,SNOUFFERS SCHOOL RD,NA,OTHER,Clear,DRY,Daylight,N/A,NONE DETECTED,No,No Apparent Injury,N/A,NOT DISTRACTED,MD,PASSENGER CAR,MOVING CONSTANT SPEED,35,No,2007,DODGE,CARAVAN,39.1874805,-77.18632783,2023,1,13
230004458,Injury Crash,01/27/2023 01:30:00 PM,ROCKVILLE PIKE,PEDESTRIAN,N/A,Clear,N/A,Daylight,TRAFFIC SIGNAL,NONE DETECTED,Yes,No Apparent Injury,N/A,UNKNOWN,MD,PASSENGER CAR,MOVING CONSTANT SPEED,25,No,2008,CHEVY,TK,39.0839455,-77.15342883,2023,1,13
220004467,Property Damage Crash,01/27/2023 01:27:00 PM,NA,NA,STRAIGHT MOVEMENT ANGLE,Clear,NA,Daylight,NO CONTROLS,NONE DETECTED,Yes,No Apparent Injury,N/A,UNKNOWN,NA,PASSENGER CAR,BACKING,20,No,2021,SUBARU,FORESTER,39.024925,-77.12479833,2023,1,13
220004467,Property Damage Crash,01/27/2023 01:27:00 PM,NA,NA,STRAIGHT MOVEMENT ANGLE,Clear,NA,Daylight,NO CONTROLS,NONE DETECTED,No,No Apparent Injury,N/A,NOT DISTRACTED,MD,PASSENGER CAR,MOVING CONSTANT SPEED,20,No,2014,TOYT,4S,39.024925,-77.12479833,2023,1,13
230004462,Property Damage Crash,01/27/2023 01:13:00 PM,N SUMMIT AVE,NA,HEAD ON LEFT TURN,Cloudy,DRY,Daylight,STOP SIGN,NONE DETECTED,No,No Apparent Injury,N/A,NOT DISTRACTED,MD,PASSENGER CAR,MOVING CONSTANT SPEED,25,No,2018,NISS,SENTRA,39.14321244,-77.19309678,2023,1,13
230004462,Property Damage Crash,01/27/2023 01:13:00 PM,N SUMMIT AVE,NA,HEAD ON LEFT TURN,Cloudy,DRY,Daylight,STOP SIGN,NONE DETECTED,Yes,No Apparent Injury,N/A,LOOKED BUT DID NOT SEE,MD,VAN,MAKING LEFT TURN,30,No,2012,CHEV,EXPRESS,39.14321244,-77.19309678,2023,1,13
230004447,Property Damage Crash,01/27/2023 11:45:00 AM,NA,NA,OTHER,Clear,NA,Daylight,NO CONTROLS,NONE DETECTED,Yes,No Apparent Injury,N/A,NOT DISTRACTED,XX,PASSENGER CAR,OTHER,35,No,2006,TOYOTA,SIENNA LE,39.08042817,-76.94451917,2023,1,11
230004440,Property Damage Crash,01/27/2023 11:28:00 AM,GEORGIA ST,NA,OPPOSITE DIRECTION SIDESWIPE,Cloudy,DRY,Daylight,NO CONTROLS,NONE DETECTED,Yes,No Apparent Injury,N/A,NOT DISTRACTED,MD,PICKUP TRUCK,SLOWING OR STOPPING,20,No,2016,FORD,F350,38.97789333,-77.07185333,2023,1,11
230004440,Property Damage Crash,01/27/2023 11:28:00 AM,GEORGIA ST,NA,OPPOSITE DIRECTION SIDESWIPE,Cloudy,DRY,Daylight,NO CONTROLS,NONE DETECTED,No,No Apparent Injury,N/A,NOT DISTRACTED,MD,PASSENGER CAR,STOPPED IN TRAFFIC LANE,20,No,2022,VOLVO,XC90,38.97789333,-77.07185333,2023,1,11
230004420,Property Damage Crash,01/27/2023 09:03:00 AM,BLACKWELL RD,NA,SAME DIR REAR END,Clear,DRY,Daylight,PERSON,NONE DETECTED,Yes,No Apparent Injury,N/A,NOT DISTRACTED,MD,PASSENGER CAR,MOVING CONSTANT SPEED,50,No,2007,TOYT,4S,39.10163,-77.20572,2023,1,9
230004420,Property Damage Crash,01/27/2023 09:03:00 AM,BLACKWELL RD,NA,SAME DIR REAR END,Clear,DRY,Daylight,PERSON,NONE DETECTED,No,No Apparent Injury,N/A,NOT DISTRACTED,MD,PASSENGER CAR,SLOWING OR STOPPING,50,No,2020,KIA,UT,39.10163,-77.20572,2023,1,9
230004419,Property Damage Crash,01/27/2023 09:02:00 AM,MONTROSE RD,NA,SAME DIR REAR END,Clear,DRY,Daylight,NO CONTROLS,NONE DETECTED,Yes,No Apparent Injury,N/A,DISTRACTED BY OUTSIDE PERSON OBJECT OR EVENT,MD,PASSENGER CAR,SLOWING OR STOPPING,30,No,1999,TOYOTA,CELICA,39.05322354,-77.13179281,2023,1,9
230004419,Property Damage Crash,01/27/2023 09:02:00 AM,MONTROSE RD,NA,SAME DIR REAR END,Clear,DRY,Daylight,NO CONTROLS,NONE DETECTED,No,No Apparent Injury,N/A,NOT DISTRACTED,MD,PASSENGER CAR,SLOWING OR STOPPING,30,No,2021,LEXUS,SUV,39.05322354,-77.13179281,2023,1,9
230004407,Property Damage Crash,01/27/2023 06:30:00 AM,BATCHELLORS FOREST RD,NA,HEAD ON LEFT TURN,Clear,DRY,Dark,YIELD SIGN,NONE DETECTED,Yes,No Apparent Injury,N/A,LOOKED BUT DID NOT SEE,MD,PASSENGER CAR,STARTING FROM LANE,40,No,2021,HOND,UT,39.12379667,-77.072655,2023,1,6
230004407,Property Damage Crash,01/27/2023 06:30:00 AM,BATCHELLORS FOREST RD,NA,HEAD ON LEFT TURN,Clear,DRY,Dark,YIELD SIGN,NONE DETECTED,No,No Apparent Injury,N/A,NOT DISTRACTED,MD,PASSENGER CAR,MOVING CONSTANT SPEED,40,No,2019,SUBARU,WRX,39.12379667,-77.072655,2023,1,6
230004404,Property Damage Crash,01/27/2023 04:16:00 AM,GEORGIA AVE,NA,SAME DIR REAR END,Clear,DRY,Medium,NO CONTROLS,NONE DETECTED,Yes,No Apparent Injury,N/A,UNKNOWN,NA,PICKUP TRUCK,MOVING CONSTANT SPEED,35,No,2014,NISSAN,FRONTIER,39.060065,-77.05122333,2023,1,4
230004404,Property Damage Crash,01/27/2023 04:16:00 AM,GEORGIA AVE,NA,SAME DIR REAR END,Clear,DRY,Medium,NO CONTROLS,NONE DETECTED,No,No Apparent Injury,N/A,NOT DISTRACTED,MD,PASSENGER CAR,MOVING CONSTANT SPEED,35,No,2008,TOYT,4S,39.060065,-77.05122333,2023,1,4
230004401,Injury Crash,01/27/2023 12:45:00 AM,CARROLL AVE,NA,SINGLE VEHICLE,Clear,DRY,Medium,NO CONTROLS,NONE DETECTED,Yes,Possible Minor Injury,N/A,UNKNOWN,MA,VAN,MOVING CONSTANT SPEED,15,No,2021,CHRYSLER,PACIFICA,38.97776443,-77.00730825,2023,1,0
230004390,Property Damage Crash,01/26/2023 10:43:00 PM,RANDOLPH RD,NA,SINGLE VEHICLE,Clear,DRY,Medium,N/A,NONE DETECTED,Yes,No Apparent Injury,N/A,UNKNOWN,NA,PASSENGER CAR,MOVING CONSTANT SPEED,35,No,2006,HONDA,ODYSSEY,39.05916833,-77.063835,2023,1,22
230004370,Property Damage Crash,01/26/2023 07:40:00 PM,EAST WEST HWY,NA,HEAD ON LEFT TURN,Clear,DRY,Medium,TRAFFIC SIGNAL,NONE DETECTED,No,No Apparent Injury,N/A,NOT DISTRACTED,MD,PASSENGER CAR,MOVING CONSTANT SPEED,35,No,2003,INFINITI,G35,38.99469015,-77.0363022,2023,1,19
230004370,Property Damage Crash,01/26/2023 07:40:00 PM,EAST WEST HWY,NA,HEAD ON LEFT TURN,Clear,DRY,Medium,TRAFFIC SIGNAL,NONE DETECTED,Yes,No Apparent Injury,N/A,UNKNOWN,MD,PASSENGER CAR,MAKING LEFT TURN,35,No,2018,HONDA,ACCORD,38.99469015,-77.0363022,2023,1,19
230004365,Property Damage Crash,01/26/2023 06:05:00 PM,COLESVILLE RD,NA,SAME DIRECTION SIDESWIPE,Clear,DRY,Dark,NO CONTROLS,NONE DETECTED,No,No Apparent Injury,N/A,NOT DISTRACTED,MD,TRANSIT BUS,SLOWING OR STOPPING,30,No,2013,NEW FLYER,XCELSIOR,39.02073333,-77.01223,2023,1,18
230004365,Property Damage Crash,01/26/2023 06:05:00 PM,COLESVILLE RD,NA,SAME DIRECTION SIDESWIPE,Clear,DRY,Dark,NO CONTROLS,NONE DETECTED,Yes,No Apparent Injury,N/A,UNKNOWN,MD,PASSENGER CAR,MOVING CONSTANT SPEED,30,No,2016,TOYOTA,COROLLA,39.02073333,-77.01223,2023,1,18
230004357,Property Damage Crash,01/26/2023 06:00:00 PM,NA,NA,OPPOSITE DIRECTION SIDESWIPE,Clear,NA,Medium,NO CONTROLS,NONE DETECTED,Yes,No Apparent Injury,N/A,UNKNOWN,NA,(SPORT) UTILITY VEHICLE,BACKING,10,No,2005,FORD,ESCAPE,38.99147,-77.01324,2023,1,18
230004357,Property Damage Crash,01/26/2023 06:00:00 PM,NA,NA,OPPOSITE DIRECTION SIDESWIPE,Clear,NA,Medium,NO CONTROLS,NONE DETECTED,No,No Apparent Injury,N/A,NOT DISTRACTED,NY,PASSENGER CAR,PARKED,0,No,2013,MITS,LANCER,38.99147,-77.01324,2023,1,18
230004325,Injury Crash,01/26/2023 04:18:00 PM,FLOWER HILL WAY,PEDESTRIAN,N/A,Clear,DRY,Daylight,NO CONTROLS,NONE DETECTED,Yes,No Apparent Injury,N/A,LOOKED BUT DID NOT SEE,MD,PASSENGER CAR,MAKING RIGHT TURN,30,No,2016,FORD,FOCUS,39.16172543,-77.17262688,2023,1,16
230004299,Property Damage Crash,01/26/2023 02:06:00 PM,OLD GEORGETOWN RD,NA,SAME DIR REAR END,Cloudy,DRY,Daylight,NO CONTROLS,NONE DETECTED,Yes,No Apparent Injury,N/A,NOT DISTRACTED,DC,TRANSIT BUS,MAKING RIGHT TURN,40,No,2016,GILL,BU,39.04890683,-77.1140245,2023,1,14
230004299,Property Damage Crash,01/26/2023 02:06:00 PM,OLD GEORGETOWN RD,NA,SAME DIR REAR END,Cloudy,DRY,Daylight,NO CONTROLS,NONE DETECTED,No,No Apparent Injury,N/A,NOT DISTRACTED,MD,PASSENGER CAR,MAKING RIGHT TURN,40,No,2016,NISS,SENTRA,39.04890683,-77.1140245,2023,1,14
230004375,Property Damage Crash,01/26/2023 02:00:00 PM,NA,NA,OPPOSITE DIRECTION SIDESWIPE,Rain,NA,Daylight,NO CONTROLS,NONE DETECTED,Yes,No Apparent Injury,N/A,UNKNOWN,NA,NA,BACKING,15,No,0,UNKNOWN,UNKNOWN,39.10408519,-77.07087466,2023,1,14
230004280,Injury Crash,01/26/2023 01:38:00 PM,VEIRS MILL RD,NA,HEAD ON LEFT TURN,Clear,DRY,Daylight,NO CONTROLS,NONE DETECTED,No,Possible Minor Injury,N/A,NOT DISTRACTED,MD,PASSENGER CAR,MOVING CONSTANT SPEED,40,No,2020,TOYOTA,COROLLA,39.07405333,-77.11254667,2023,1,13
230004280,Injury Crash,01/26/2023 01:38:00 PM,VEIRS MILL RD,NA,HEAD ON LEFT TURN,Clear,DRY,Daylight,NO CONTROLS,NONE DETECTED,Yes,Possible Minor Injury,N/A,LOOKED BUT DID NOT SEE,MD,PASSENGER CAR,MAKING LEFT TURN,40,No,2021,HYUNDAI,ELANTRA,39.07405333,-77.11254667,2023,1,13
230004285,Property Damage Crash,01/26/2023 01:36:00 PM,NA,PEDESTRIAN,OTHER,Cloudy,NA,Daylight,N/A,NONE DETECTED,Yes,No Apparent Injury,N/A,UNKNOWN,NA,VAN,STARTING FROM PARKED,5,No,0,UNK,UNK,39.07652084,-77.13802343,2023,1,13
230004278,Property Damage Crash,01/26/2023 01:10:00 PM,FREDERICK RD,NA,STRAIGHT MOVEMENT ANGLE,Cloudy,DRY,Daylight,NO CONTROLS,NONE DETECTED,No,No Apparent Injury,N/A,NOT DISTRACTED,MD,PASSENGER CAR,MOVING CONSTANT SPEED,30,No,2008,HOND,CIVIC,39.14449462,-77.20238225,2023,1,13
230004278,Property Damage Crash,01/26/2023 01:10:00 PM,FREDERICK RD,NA,STRAIGHT MOVEMENT ANGLE,Cloudy,DRY,Daylight,NO CONTROLS,NONE DETECTED,Yes,No Apparent Injury,N/A,LOOKED BUT DID NOT SEE,MD,PASSENGER CAR,MAKING LEFT TURN,30,No,2008,SUBA,IMPREZA,39.14449462,-77.20238225,2023,1,13
230004269,Property Damage Crash,01/26/2023 11:30:00 AM,CASTLE BLVD,NA,STRAIGHT MOVEMENT ANGLE,Cloudy,DRY,Daylight,NO CONTROLS,NONE DETECTED,No,No Apparent Injury,N/A,NOT DISTRACTED,MD,TRANSIT BUS,MOVING CONSTANT SPEED,25,No,2020,BUS,BU,39.08133617,-76.94596433,2023,1,11
230004269,Property Damage Crash,01/26/2023 11:30:00 AM,CASTLE BLVD,NA,STRAIGHT MOVEMENT ANGLE,Cloudy,DRY,Daylight,NO CONTROLS,NONE DETECTED,Yes,No Apparent Injury,N/A,NOT DISTRACTED,MD,PASSENGER CAR,MAKING RIGHT TURN,25,No,2010,TOYOTA,CAMRY,39.08133617,-76.94596433,2023,1,11
230004252,Property Damage Crash,01/26/2023 11:00:00 AM,RUSSELL AVE,NA,STRAIGHT MOVEMENT ANGLE,Clear,DRY,Daylight,STOP SIGN,NONE DETECTED,Yes,No Apparent Injury,N/A,LOOKED BUT DID NOT SEE,MD,PASSENGER CAR,MOVING CONSTANT SPEED,25,No,2018,HYUNDAI,GENESIS,39.14394335,-77.19686322,2023,1,11
230004252,Property Damage Crash,01/26/2023 11:00:00 AM,RUSSELL AVE,NA,STRAIGHT MOVEMENT ANGLE,Clear,DRY,Daylight,STOP SIGN,NONE DETECTED,No,No Apparent Injury,N/A,NOT DISTRACTED,MD,PASSENGER CAR,ACCELERATING,25,No,2020,TOYOTA,RAV4,39.14394335,-77.19686322,2023,1,11
230004255,Injury Crash,01/26/2023 10:58:00 AM,ROCKVILLE PIKE,NA,SAME DIRECTION RIGHT TURN,Clear,DRY,Daylight,N/A,NONE DETECTED,No,Possible Minor Injury,N/A,NOT DISTRACTED,MD,PASSENGER CAR,MOVING CONSTANT SPEED,40,No,2018,HYUNDAI,ELANTRA,39.06957865,-77.13056137,2023,1,10
230004255,Injury Crash,01/26/2023 10:58:00 AM,ROCKVILLE PIKE,NA,SAME DIRECTION RIGHT TURN,Clear,DRY,Daylight,N/A,NONE DETECTED,Yes,No Apparent Injury,N/A,INATTENTIVE OR LOST IN THOUGHT,VA,(SPORT) UTILITY VEHICLE,MAKING RIGHT TURN,40,No,2008,TOYOTA,RAV4,39.06957865,-77.13056137,2023,1,10
230004242,Property Damage Crash,01/26/2023 09:53:00 AM,ROCKVILLE PIKE,NA,SAME DIRECTION SIDESWIPE,Clear,DRY,Daylight,NO CONTROLS,NONE DETECTED,Yes,No Apparent Injury,N/A,NOT DISTRACTED,NA,NA,MOVING CONSTANT SPEED,25,No,0,UNKNOWN,UNKNOWN,38.99794039,-77.09681673,2023,1,9
230004242,Property Damage Crash,01/26/2023 09:53:00 AM,ROCKVILLE PIKE,NA,SAME DIRECTION SIDESWIPE,Clear,DRY,Daylight,NO CONTROLS,NONE DETECTED,No,No Apparent Injury,N/A,NOT DISTRACTED,MD,TRANSIT BUS,MOVING CONSTANT SPEED,25,No,2009,GILL,BUS,38.99794039,-77.09681673,2023,1,9
230004222,Property Damage Crash,01/26/2023 08:15:00 AM,RIVER RD,NA,SAME DIR REAR END,Clear,WET,Daylight,TRAFFIC SIGNAL,NONE DETECTED,No,No Apparent Injury,"N/A, WET",NOT DISTRACTED,MD,PASSENGER CAR,SLOWING OR STOPPING,40,No,2020,LEXUS,4D,39.03132833,-77.23250167,2023,1,8
230004222,Property Damage Crash,01/26/2023 08:15:00 AM,RIVER RD,NA,SAME DIR REAR END,Clear,WET,Daylight,TRAFFIC SIGNAL,NONE DETECTED,No,No Apparent Injury,"N/A, WET",NOT DISTRACTED,MD,PASSENGER CAR,STOPPED IN TRAFFIC LANE,40,No,2018,FORD,TK,39.03132833,-77.23250167,2023,1,8
230004222,Property Damage Crash,01/26/2023 08:15:00 AM,RIVER RD,NA,SAME DIR REAR END,Clear,WET,Daylight,TRAFFIC SIGNAL,NONE DETECTED,Yes,No Apparent Injury,"N/A, WET",NOT DISTRACTED,MD,PASSENGER CAR,SLOWING OR STOPPING,40,No,2020,FORD,EXCURSION,39.03132833,-77.23250167,2023,1,8
230004227,Property Damage Crash,01/26/2023 08:06:00 AM,BENSON TERR,NA,OTHER,Clear,DRY,Daylight,NO CONTROLS,NONE DETECTED,Yes,No Apparent Injury,N/A,LOOKED BUT DID NOT SEE,MD,SCHOOL BUS,MOVING CONSTANT SPEED,15,No,2020,THOMAS,BUS,39.03856833,-77.054361,2023,1,8
230004215,Property Damage Crash,01/26/2023 07:51:00 AM,CENTERWAY RD,NA,STRAIGHT MOVEMENT ANGLE,Clear,DRY,Daylight,TRAFFIC SIGNAL,NONE DETECTED,Yes,No Apparent Injury,N/A,UNKNOWN,MD,VAN,MOVING CONSTANT SPEED,35,No,2005,HOND,VN,39.17256547,-77.20147396,2023,1,7
230004215,Property Damage Crash,01/26/2023 07:51:00 AM,CENTERWAY RD,NA,STRAIGHT MOVEMENT ANGLE,Clear,DRY,Daylight,TRAFFIC SIGNAL,NONE DETECTED,No,No Apparent Injury,N/A,NOT DISTRACTED,MD,VAN,STARTING FROM LANE,35,No,2018,DOG,SW,39.17256547,-77.20147396,2023,1,7
230004212,Injury Crash,01/26/2023 07:38:00 AM,WELLER RD,NA,STRAIGHT MOVEMENT ANGLE,Clear,DRY,Daylight,STOP SIGN,NONE DETECTED,Yes,No Apparent Injury,N/A,LOOKED BUT DID NOT SEE,MD,VAN,MAKING LEFT TURN,30,No,2012,CHRYSLER,TOWN & COUNTRY,39.0642725,-77.06875467,2023,1,7
230004212,Injury Crash,01/26/2023 07:38:00 AM,WELLER RD,NA,STRAIGHT MOVEMENT ANGLE,Clear,DRY,Daylight,STOP SIGN,NONE DETECTED,No,No Apparent Injury,N/A,NOT DISTRACTED,MD,PASSENGER CAR,MOVING CONSTANT SPEED,30,No,2020,TOYOTA,COROLLA,39.0642725,-77.06875467,2023,1,7
230004210,Injury Crash,01/26/2023 07:28:00 AM,NEW HAMPSHIRE AVE,NA,HEAD ON LEFT TURN,Clear,DRY,Daylight,NO CONTROLS,NONE DETECTED,No,No Apparent Injury,N/A,NOT DISTRACTED,MD,PICKUP TRUCK,MOVING CONSTANT SPEED,40,No,2004,GMC,SIERRA,39.05823833,-76.99752833,2023,1,7
230004210,Injury Crash,01/26/2023 07:28:00 AM,NEW HAMPSHIRE AVE,NA,HEAD ON LEFT TURN,Clear,DRY,Daylight,NO CONTROLS,NONE DETECTED,Yes,Possible Minor Injury,N/A,LOOKED BUT DID NOT SEE,MD,PASSENGER CAR,MAKING LEFT TURN,40,No,2008,NISSAN,VERSA,39.05823833,-76.99752833,2023,1,7
230004207,Injury Crash,01/26/2023 07:18:00 AM,WISTERIA DR,PEDESTRIAN,SINGLE VEHICLE,Clear,WET,Daylight,SCHOOL ZONE SIGN DEVICE,NONE DETECTED,Yes,No Apparent Injury,"N/A, WET",OTHER DISTRACTION,MD,(SPORT) UTILITY VEHICLE,ACCELERATING,30,No,2005,ACURA,MDX,39.16670087,-77.25934287,2023,1,7
230004201,Injury Crash,01/26/2023 06:45:00 AM,CONNECTICUT AVE,PEDESTRIAN,OTHER,Cloudy,WET,Medium,TRAFFIC SIGNAL,NONE DETECTED,Yes,No Apparent Injury,"N/A, WET",LOOKED BUT DID NOT SEE,MD,PASSENGER CAR,MAKING LEFT TURN,35,No,2013,HOND,TK,39.06365833,-77.07338667,2023,1,6
230004200,Injury Crash,01/26/2023 06:25:00 AM,CRYSTAL ROCK DR,PEDESTRIAN,OTHER,Clear,WET,Dark,STOP SIGN,NONE DETECTED,Yes,No Apparent Injury,"N/A, WET",NOT DISTRACTED,MD,PASSENGER CAR,MAKING RIGHT TURN,25,No,2022,HONDA,CIVIC,39.17916533,-77.26167533,2023,1,6
230004197,Property Damage Crash,01/26/2023 06:15:00 AM,EAST WEST HWY,NA,SAME DIRECTION RIGHT TURN,Clear,DRY,Medium,YIELD SIGN,NONE DETECTED,No,No Apparent Injury,N/A,NOT DISTRACTED,DC,PASSENGER CAR,MOVING CONSTANT SPEED,25,No,2003,TOYOTA,CAMRY,38.98520102,-77.08999914,2023,1,6
230004197,Property Damage Crash,01/26/2023 06:15:00 AM,EAST WEST HWY,NA,SAME DIRECTION RIGHT TURN,Clear,DRY,Medium,YIELD SIGN,NONE DETECTED,Yes,No Apparent Injury,N/A,LOOKED BUT DID NOT SEE,NA,PASSENGER CAR,MOVING CONSTANT SPEED,25,No,2020,JEEP,WRANGLER,38.98520102,-77.08999914,2023,1,6
230004185,Property Damage Crash,01/25/2023 09:11:00 PM,NEW HAMPSHIRE AVE,NA,SAME DIRECTION RIGHT TURN,Rain,WET,Medium,N/A,NONE DETECTED,No,No Apparent Injury,"RAIN, SNOW, WET",NOT DISTRACTED,DC,PASSENGER CAR,MOVING CONSTANT SPEED,40,No,2017,ACURA,TLX,39.02867344,-76.98328859,2023,1,21
230004185,Property Damage Crash,01/25/2023 09:11:00 PM,NEW HAMPSHIRE AVE,NA,SAME DIRECTION RIGHT TURN,Rain,WET,Medium,N/A,NONE DETECTED,Yes,No Apparent Injury,"RAIN, SNOW, WET",LOOKED BUT DID NOT SEE,MD,PASSENGER CAR,MAKING RIGHT TURN,40,No,2006,TOYOTA,CAMRY,39.02867344,-76.98328859,2023,1,21
230004189,Injury Crash,01/25/2023 09:00:00 PM,MONTGOMERY VILLAGE AVE,PEDESTRIAN,N/A,Rain,WET,Dark,TRAFFIC SIGNAL,NONE DETECTED,Yes,No Apparent Injury,"N/A, WET",UNKNOWN,NA,NA,MAKING LEFT TURN,35,No,0,UNKNOWN,UNKNOWN,39.15806039,-77.20414207,2023,1,21
230004175,Property Damage Crash,01/25/2023 07:40:00 PM,MACARTHUR BLVD,NA,HEAD ON,Rain,WET,Medium,NO CONTROLS,NONE DETECTED,Yes,No Apparent Injury,N/A,INATTENTIVE OR LOST IN THOUGHT,VA,(SPORT) UTILITY VEHICLE,MOVING CONSTANT SPEED,30,No,2007,HONDA,ELEMENT,38.97121083,-77.1425872,2023,1,19
230004175,Property Damage Crash,01/25/2023 07:40:00 PM,MACARTHUR BLVD,NA,HEAD ON,Rain,WET,Medium,NO CONTROLS,NONE DETECTED,No,No Apparent Injury,N/A,NOT DISTRACTED,US,VAN,MOVING CONSTANT SPEED,30,No,2011,HONDA,ODYSSEY,38.97121083,-77.1425872,2023,1,19
230004175,Property Damage Crash,01/25/2023 07:40:00 PM,MACARTHUR BLVD,NA,HEAD ON,Rain,WET,Medium,NO CONTROLS,NONE DETECTED,No,No Apparent Injury,N/A,NOT DISTRACTED,VA,PASSENGER CAR,MOVING CONSTANT SPEED,30,No,2017,TESLA,S,38.97121083,-77.1425872,2023,1,19
230004172,Property Damage Crash,01/25/2023 06:36:00 PM,NEW HAMPSHIRE AVE,NA,ANGLE MEETS LEFT TURN,Rain,WET,Medium,TRAFFIC SIGNAL,NONE DETECTED,Yes,No Apparent Injury,"RAIN, SNOW, WET",LOOKED BUT DID NOT SEE,MD,(SPORT) UTILITY VEHICLE,MAKING LEFT TURN,40,No,2018,CHEVROLET,EQUINOX,39.07322587,-77.00276947,2023,1,18
230004172,Property Damage Crash,01/25/2023 06:36:00 PM,NEW HAMPSHIRE AVE,NA,ANGLE MEETS LEFT TURN,Rain,WET,Medium,TRAFFIC SIGNAL,NONE DETECTED,No,No Apparent Injury,"RAIN, SNOW, WET",UNKNOWN,NA,UNKNOWN,ACCELERATING,40,No,0,UNKNOWN,UNKNOWN,39.07322587,-77.00276947,2023,1,18