Local Case Number,ACRS Report Type,Crash Date/Time,Road Name,Related Non-Motorist,Collision Type,Weather,Surface Condition,Light,Traffic Control,Driver Substance Abuse,Driver At Fault,Injury Severity,Circumstance,Driver Distracted By,Drivers License State,Vehicle Body Type,Vehicle Movement,Speed Limit,Driverless Vehicle,Vehicle Year,Vehicle Make,Vehicle Model,Latitude,Longitude,Year,Month,Hour
230004153,Injury Crash,01/25/2023 06:20:00 PM,BRIGGS CHANEY RD,NA,HEAD ON LEFT TURN,Rain,WET,Medium,TRAFFIC SIGNAL,NONE DETECTED,Yes,No Apparent Injury,N/A,NOT DISTRACTED,MD,PASSENGER CAR,MAKING LEFT TURN,35,No,2007,MERC,SD,39.102175,-76.98180333,2023,1,18
230004153,Injury Crash,01/25/2023 06:20:00 PM,BRIGGS CHANEY RD,NA,HEAD ON LEFT TURN,Rain,WET,Medium,TRAFFIC SIGNAL,NONE DETECTED,No,No Apparent Injury,N/A,NOT DISTRACTED,MD,PASSENGER CAR,MOVING CONSTANT SPEED,35,No,2013,TOYT,4S,39.102175,-76.98180333,2023,1,18
230004161,Injury Crash,01/25/2023 05:57:00 PM,KEY WEST AVE,NA,SAME DIR BOTH LEFT TURN,Rain,WET,Medium,TRAFFIC SIGNAL,NONE DETECTED,No,Possible Minor Injury,N/A,NOT DISTRACTED,MD,PASSENGER CAR,MAKING LEFT TURN,40,No,2011,NISSAN,ALTIMA,39.103475,-77.19046833,2023,1,17
230004161,Injury Crash,01/25/2023 05:57:00 PM,KEY WEST AVE,NA,SAME DIR BOTH LEFT TURN,Rain,WET,Medium,TRAFFIC SIGNAL,NONE DETECTED,Yes,No Apparent Injury,N/A,UNKNOWN,NA,(SPORT) UTILITY VEHICLE,MAKING LEFT TURN,40,No,2018,JEEP,WRANGLER,39.103475,-77.19046833,2023,1,17
230004178,Property Damage Crash,01/25/2023 05:55:00 PM,NA,NA,OTHER,Rain,NA,Dark,NO CONTROLS,NONE DETECTED,Yes,No Apparent Injury,"N/A, RAIN, SNOW",UNKNOWN,MD,PASSENGER CAR,BACKING,0,No,1999,LEXUS,RX300,39.0610208,-77.1570934,2023,1,17
230004180,Property Damage Crash,01/25/2023 05:45:00 PM,WISCONSIN AVE,NA,SAME DIR REAR END,Rain,UNKNOWN,Medium,TRAFFIC SIGNAL,NONE DETECTED,No,No Apparent Injury,N/A,NOT DISTRACTED,UT,PASSENGER CAR,CHANGING LANES,25,No,2018,JEEP,COMPASS,38.9778823,-77.09105488,2023,1,17
230004151,Property Damage Crash,01/25/2023 05:45:00 PM,RANDOLPH RD,NA,SINGLE VEHICLE,Rain,WET,Medium,NO CONTROLS,NONE DETECTED,Yes,No Apparent Injury,"RAIN, SNOW, WET",NOT DISTRACTED,MD,PICKUP TRUCK,SKIDDING,35,No,2011,DODGE,RAM,39.05363,-77.08761833,2023,1,17
230004180,Property Damage Crash,01/25/2023 05:45:00 PM,WISCONSIN AVE,NA,SAME DIR REAR END,Rain,UNKNOWN,Medium,TRAFFIC SIGNAL,NONE DETECTED,Yes,No Apparent Injury,N/A,UNKNOWN,NA,PASSENGER CAR,CHANGING LANES,25,No,2014,AUDI,A4,38.9778823,-77.09105488,2023,1,17
230004149,Property Damage Crash,01/25/2023 05:40:00 PM,COLESVILLE RD,NA,SAME DIRECTION SIDESWIPE,Rain,WET,Medium,NO CONTROLS,NONE DETECTED,Yes,No Apparent Injury,"RAIN, SNOW, WET",NOT DISTRACTED,DC,TRANSIT BUS,MOVING CONSTANT SPEED,35,No,2021,METRO TRANSIT,METROBUS,39.00771029,-77.02007953,2023,1,17
230004149,Property Damage Crash,01/25/2023 05:40:00 PM,COLESVILLE RD,NA,SAME DIRECTION SIDESWIPE,Rain,WET,Medium,NO CONTROLS,NONE DETECTED,No,No Apparent Injury,"RAIN, SNOW, WET",NOT DISTRACTED,MD,PASSENGER CAR,MOVING CONSTANT SPEED,35,No,2016,MERCEDES,CLA250,39.00771029,-77.02007953,2023,1,17
230004142,Property Damage Crash,01/25/2023 05:10:00 PM,NEW HAMPSHIRE AVE,NA,STRAIGHT MOVEMENT ANGLE,Rain,WET,Medium,STOP SIGN,NONE DETECTED,Yes,No Apparent Injury,"RAIN, SNOW, WET",NOT DISTRACTED,MD,PASSENGER CAR,MAKING RIGHT TURN,35,No,2011,HONDA,PILOT,39.07395667,-77.00260167,2023,1,17
230004142,Property Damage Crash,01/25/2023 05:10:00 PM,NEW HAMPSHIRE AVE,NA,STRAIGHT MOVEMENT ANGLE,Rain,WET,Medium,STOP SIGN,NONE DETECTED,No,No Apparent Injury,"RAIN, SNOW, WET",NOT DISTRACTED,MD,PASSENGER CAR,MOVING CONSTANT SPEED,35,No,2004,GMC,SIERRA,39.07395667,-77.00260167,2023,1,17
230004138,Injury Crash,01/25/2023 04:51:00 PM,GEORGIA AVE,NA,SAME DIR REAR END,Rain,WET,Daylight,NO CONTROLS,NONE DETECTED,Yes,Possible Minor Injury,N/A,UNKNOWN,MD,PASSENGER CAR,UNKNOWN,45,No,2016,FORD,FUSION,39.09192,-77.079665,2023,1,16
230004138,Injury Crash,01/25/2023 04:51:00 PM,GEORGIA AVE,NA,SAME DIR REAR END,Rain,WET,Daylight,NO CONTROLS,NONE DETECTED,No,No Apparent Injury,N/A,NOT DISTRACTED,MD,PASSENGER CAR,ACCELERATING,45,No,2016,SUBA,SW,39.09192,-77.079665,2023,1,16
230004259,Property Damage Crash,01/25/2023 04:00:00 PM,CONNECTICUT AVE,NA,SAME DIRECTION SIDESWIPE,Rain,WET,Daylight,TRAFFIC SIGNAL,NONE DETECTED,No,No Apparent Injury,N/A,NOT DISTRACTED,MD,SCHOOL BUS,STARTING FROM LANE,35,No,2014,THOMAS,BUS,38.97662079,-77.0771026,2023,1,16
230004259,Property Damage Crash,01/25/2023 04:00:00 PM,CONNECTICUT AVE,NA,SAME DIRECTION SIDESWIPE,Rain,WET,Daylight,TRAFFIC SIGNAL,NONE DETECTED,Yes,No Apparent Injury,N/A,UNKNOWN,NA,"CARGO VAN/LIGHT TRUCK 2 AXLES (OVER 10,000LBS (4,536 KG))",STARTING FROM LANE,35,No,2022,FORD,F450,38.97662079,-77.0771026,2023,1,16
230004125,Property Damage Crash,01/25/2023 03:49:00 PM,NA,NA,OPPOSITE DIRECTION SIDESWIPE,Rain,NA,Daylight,NO CONTROLS,NONE DETECTED,No,No Apparent Injury,"RAIN, SNOW, WET",NOT DISTRACTED,MD,(SPORT) UTILITY VEHICLE,PARKED,15,No,2016,HONDA,CRV,39.08771,-77.07780833,2023,1,15
230004125,Property Damage Crash,01/25/2023 03:49:00 PM,NA,NA,OPPOSITE DIRECTION SIDESWIPE,Rain,NA,Daylight,NO CONTROLS,NONE DETECTED,Yes,No Apparent Injury,"RAIN, SNOW, WET",LOOKED BUT DID NOT SEE,MD,VAN,BACKING,15,No,2020,DODGE,MAIL VAN,39.08771,-77.07780833,2023,1,15
230004114,Property Damage Crash,01/25/2023 03:28:00 PM,BRINK RD,NA,SINGLE VEHICLE,Rain,WET,Daylight,N/A,NONE DETECTED,Yes,No Apparent Injury,"RAIN, SNOW, WET",NOT DISTRACTED,MD,PASSENGER CAR,MOVING CONSTANT SPEED,30,No,2007,TOYOTA,CAMRY,39.21122667,-77.15207667,2023,1,15
230004116,Injury Crash,01/25/2023 03:20:00 PM,QUINCE ORCHARD RD,NA,SAME DIR REAR END,Rain,WET,Daylight,TRAFFIC SIGNAL,NONE DETECTED,Yes,No Apparent Injury,N/A,OTHER ELECTRONIC DEVICE (NAVIGATIONAL PALM PILOT),MD,PASSENGER CAR,MOVING CONSTANT SPEED,30,No,2013,MITSUBISHI,OUTLANDER,39.15010875,-77.21462237,2023,1,15
230004116,Injury Crash,01/25/2023 03:20:00 PM,QUINCE ORCHARD RD,NA,SAME DIR REAR END,Rain,WET,Daylight,TRAFFIC SIGNAL,NONE DETECTED,No,Possible Minor Injury,N/A,NOT DISTRACTED,MD,PASSENGER CAR,STOPPED IN TRAFFIC LANE,30,No,2018,VW,4S,39.15010875,-77.21462237,2023,1,15
230004121,Injury Crash,01/25/2023 03:13:00 PM,WOODMONT AVE,PEDESTRIAN,OTHER,Cloudy,WET,Daylight,TRAFFIC SIGNAL,NONE DETECTED,Yes,No Apparent Injury,N/A,UNKNOWN,MD,"CARGO VAN/LIGHT TRUCK 2 AXLES (OVER 10,000LBS (4,536 KG))",MAKING LEFT TURN,25,No,2017,ISUZU,TRUCK,38.98224667,-77.09599333,2023,1,15
230004108,Property Damage Crash,01/25/2023 02:54:00 PM,GEORGIA AVE,NA,SAME DIR REAR END,Rain,WET,Daylight,NO CONTROLS,NONE DETECTED,Yes,No Apparent Injury,"RAIN, SNOW, WET",INATTENTIVE OR LOST IN THOUGHT,MD,PASSENGER CAR,MOVING CONSTANT SPEED,35,No,2014,TOYT,CAMRY,39.07820833,-77.07152,2023,1,14
230004108,Property Damage Crash,01/25/2023 02:54:00 PM,GEORGIA AVE,NA,SAME DIR REAR END,Rain,WET,Daylight,NO CONTROLS,NONE DETECTED,No,No Apparent Injury,"RAIN, SNOW, WET",NOT DISTRACTED,MD,PASSENGER CAR,SLOWING OR STOPPING,35,No,2006,BMW,530,39.07820833,-77.07152,2023,1,14
230004111,Property Damage Crash,01/25/2023 02:44:00 PM,OLNEY LAYTONSVILLE RD,NA,HEAD ON,Rain,WET,Daylight,NO CONTROLS,NONE DETECTED,Yes,No Apparent Injury,"N/A, WET",NOT DISTRACTED,PA,PASSENGER CAR,SKIDDING,40,No,2007,KIA,SPORTAGE,39.19446483,-77.12523117,2023,1,14
230004111,Property Damage Crash,01/25/2023 02:44:00 PM,OLNEY LAYTONSVILLE RD,NA,HEAD ON,Rain,WET,Daylight,NO CONTROLS,NONE DETECTED,No,No Apparent Injury,"N/A, WET",NOT DISTRACTED,MD,VAN,SLOWING OR STOPPING,40,No,2021,FORD,TRANSIT,39.19446483,-77.12523117,2023,1,14
230004101,Property Damage Crash,01/25/2023 02:26:00 PM,ROCKVILLE PIKE,NA,SAME DIR REAR END,Rain,WET,Daylight,NO CONTROLS,NONE DETECTED,No,No Apparent Injury,"RAIN, SNOW, WET",NOT DISTRACTED,MD,PASSENGER CAR,MAKING RIGHT TURN,35,No,2015,NISS,SD,39.07829775,-77.14127001,2023,1,14
230004101,Property Damage Crash,01/25/2023 02:26:00 PM,ROCKVILLE PIKE,NA,SAME DIR REAR END,Rain,WET,Daylight,NO CONTROLS,NONE DETECTED,Yes,No Apparent Injury,"RAIN, SNOW, WET",NOT DISTRACTED,MD,PASSENGER CAR,MOVING CONSTANT SPEED,35,No,2005,HOND,4S,39.07829775,-77.14127001,2023,1,14
230004087,Injury Crash,01/25/2023 01:10:00 PM,QUINCE ORCHARD RD,NA,SAME DIR REAR END,Rain,WET,Daylight,TRAFFIC SIGNAL,NONE DETECTED,No,No Apparent Injury,"RAIN, SNOW, WET",NOT DISTRACTED,MD,(SPORT) UTILITY VEHICLE,STOPPED IN TRAFFIC LANE,40,No,2013,TOYT,TK,39.1279471,-77.23863602,2023,1,13
230004087,Injury Crash,01/25/2023 01:10:00 PM,QUINCE ORCHARD RD,NA,SAME DIR REAR END,Rain,WET,Daylight,TRAFFIC SIGNAL,NONE DETECTED,Yes,No Apparent Injury,"RAIN, SNOW, WET",LOOKED BUT DID NOT SEE,MD,(SPORT) UTILITY VEHICLE,SLOWING OR STOPPING,40,No,2014,FORD,UT,39.1279471,-77.23863602,2023,1,13
230004087,Injury Crash,01/25/2023 01:10:00 PM,QUINCE ORCHARD RD,NA,SAME DIR REAR END,Rain,WET,Daylight,TRAFFIC SIGNAL,NONE DETECTED,No,Possible Minor Injury,"RAIN, SNOW, WET",NOT DISTRACTED,MD,(SPORT) UTILITY VEHICLE,STOPPED IN TRAFFIC LANE,40,No,2022,GMC,TERRAIN,39.1279471,-77.23863602,2023,1,13
230004083,Injury Crash,01/25/2023 12:47:00 PM,BROOKVILLE RD,NA,STRAIGHT MOVEMENT ANGLE,Rain,WET,Daylight,STOP SIGN,NONE DETECTED,No,Possible Minor Injury,N/A,NOT DISTRACTED,MD,VAN,MOVING CONSTANT SPEED,25,No,2017,TOYOTA,SIENNA,38.98654833,-77.07197,2023,1,12
230004083,Injury Crash,01/25/2023 12:47:00 PM,BROOKVILLE RD,NA,STRAIGHT MOVEMENT ANGLE,Rain,WET,Daylight,STOP SIGN,NONE DETECTED,Yes,No Apparent Injury,N/A,UNKNOWN,MD,PASSENGER CAR,ACCELERATING,25,No,2010,HONDA,ACCORD,38.98654833,-77.07197,2023,1,12
20004050,Property Damage Crash,01/25/2023 10:10:00 AM,LEWIS AVE,NA,SAME DIRECTION SIDESWIPE,Cloudy,DRY,Daylight,NO CONTROLS,NONE DETECTED,Yes,No Apparent Injury,N/A,UNKNOWN,NA,UNKNOWN,MOVING CONSTANT SPEED,25,No,0,UNKNOWN,UNKNOWN,39.06751029,-77.12578676,2023,1,10
230004032,Property Damage Crash,01/25/2023 07:05:00 AM,SHADY GROVE RD,NA,SAME DIR BOTH LEFT TURN,Clear,DRY,Medium,TRAFFIC SIGNAL,NONE DETECTED,Yes,No Apparent Injury,N/A,NOT DISTRACTED,MD,TRUCK TRACTOR,MAKING LEFT TURN,40,No,2018,INTL,TRACTOR,39.12217083,-77.17678517,2023,1,7
230004032,Property Damage Crash,01/25/2023 07:05:00 AM,SHADY GROVE RD,NA,SAME DIR BOTH LEFT TURN,Clear,DRY,Medium,TRAFFIC SIGNAL,NONE DETECTED,No,No Apparent Injury,N/A,NOT DISTRACTED,MD,PASSENGER CAR,MAKING LEFT TURN,40,No,2019,HONDA,HRV,39.12217083,-77.17678517,2023,1,7
230004023,Property Damage Crash,01/25/2023 06:39:00 AM,EAST WEST HWY,NA,SAME DIRECTION SIDESWIPE,Clear,DRY,Dark,NO CONTROLS,NONE DETECTED,Yes,No Apparent Injury,N/A,UNKNOWN,XX,UNKNOWN,CHANGING LANES,35,No,0,UNKNOWN,UNKNOWN,38.99502,-77.04505,2023,1,6
230004023,Property Damage Crash,01/25/2023 06:39:00 AM,EAST WEST HWY,NA,SAME DIRECTION SIDESWIPE,Clear,DRY,Dark,NO CONTROLS,NONE DETECTED,No,No Apparent Injury,N/A,NOT DISTRACTED,MD,PASSENGER CAR,MOVING CONSTANT SPEED,35,No,2020,TOYOTA,RAV4,38.99502,-77.04505,2023,1,6
230004007,Property Damage Crash,01/25/2023 12:06:00 AM,COLUMBIA PIKE,NA,ANGLE MEETS RIGHT TURN,Clear,DRY,Medium,STOP SIGN,NONE DETECTED,No,No Apparent Injury,N/A,NOT DISTRACTED,MD,POLICE VEHICLE/NON EMERGENCY,MOVING CONSTANT SPEED,45,No,2013,FORD,INTERCEPTOR,39.03755333,-76.99908267,2023,1,0
230004007,Property Damage Crash,01/25/2023 12:06:00 AM,COLUMBIA PIKE,NA,ANGLE MEETS RIGHT TURN,Clear,DRY,Medium,STOP SIGN,NONE DETECTED,Yes,No Apparent Injury,N/A,UNKNOWN,MD,PICKUP TRUCK,MAKING RIGHT TURN,45,No,2016,FORD,F350,39.03755333,-76.99908267,2023,1,0
230003988,Injury Crash,01/24/2023 08:52:00 PM,DALEWOOD DR,PEDESTRIAN,HEAD ON,Clear,DRY,Medium,NO CONTROLS,NONE DETECTED,Yes,No Apparent Injury,N/A,LOOKED BUT DID NOT SEE,MD,PASSENGER CAR,MOVING CONSTANT SPEED,25,No,2006,TOYOTA,TC,39.0919575,-77.06938833,2023,1,20
230003986,Property Damage Crash,01/24/2023 08:42:00 PM,COLESVILLE RD,NA,SAME DIRECTION SIDESWIPE,Clear,DRY,Medium,NO CONTROLS,NONE DETECTED,No,No Apparent Injury,"BACKUP DUE TO REGULAR CONGESTION, N/A",NOT DISTRACTED,MD,TRANSIT BUS,MOVING CONSTANT SPEED,35,No,2019,NOVB,BU,38.99846417,-77.02637225,2023,1,20
230003986,Property Damage Crash,01/24/2023 08:42:00 PM,COLESVILLE RD,NA,SAME DIRECTION SIDESWIPE,Clear,DRY,Medium,NO CONTROLS,NONE DETECTED,Yes,No Apparent Injury,"BACKUP DUE TO REGULAR CONGESTION, N/A",LOOKED BUT DID NOT SEE,MD,(SPORT) UTILITY VEHICLE,ENTERING TRAFFIC LANE,35,No,2018,AUDI,SQ5,38.99846417,-77.02637225,2023,1,20
230003968,Injury Crash,01/24/2023 07:05:00 PM,NORMANDY CROSSING DR,PEDESTRIAN,OTHER,Clear,DRY,Medium,NO CONTROLS,NONE DETECTED,Yes,No Apparent Injury,N/A,LOOKED BUT DID NOT SEE,MD,(SPORT) UTILITY VEHICLE,MAKING LEFT TURN,0,No,2020,NISSAN,UT,39.10208817,-77.05068733,2023,1,19
230003958,Property Damage Crash,01/24/2023 06:15:00 PM,NORBECK RD,NA,SINGLE VEHICLE,Clear,DRY,Medium,NO CONTROLS,NONE DETECTED,Yes,No Apparent Injury,N/A,UNKNOWN,NY,PASSENGER CAR,MAKING RIGHT TURN,35,No,2006,TOYOTA,COROLLA,39.10828617,-77.08151417,2023,1,18
230003940,Property Damage Crash,01/24/2023 04:16:00 PM,RANDOLPH RD,NA,SAME DIR REAR END,Clear,DRY,Daylight,NO CONTROLS,NONE DETECTED,Yes,No Apparent Injury,N/A,UNKNOWN,MD,VAN,MOVING CONSTANT SPEED,40,No,2014,TOYOTA,SIENNA,39.05382259,-77.09922217,2023,1,16
230003940,Property Damage Crash,01/24/2023 04:16:00 PM,RANDOLPH RD,NA,SAME DIR REAR END,Clear,DRY,Daylight,NO CONTROLS,NONE DETECTED,No,No Apparent Injury,N/A,NOT DISTRACTED,MD,PICKUP TRUCK,STOPPED IN TRAFFIC LANE,40,No,2022,DODGE,RAM,39.05382259,-77.09922217,2023,1,16
230003940,Property Damage Crash,01/24/2023 04:16:00 PM,RANDOLPH RD,NA,SAME DIR REAR END,Clear,DRY,Daylight,NO CONTROLS,NONE DETECTED,No,No Apparent Injury,N/A,NOT DISTRACTED,MD,(SPORT) UTILITY VEHICLE,STOPPED IN TRAFFIC LANE,40,No,1998,TOYOTA,RAV4,39.05382259,-77.09922217,2023,1,16
230003932,Property Damage Crash,01/24/2023 03:35:00 PM,COLESVILLE RD,NA,SAME DIRECTION SIDESWIPE,Clear,DRY,Daylight,NO CONTROLS,NONE DETECTED,No,No Apparent Injury,N/A,NOT DISTRACTED,MD,(SPORT) UTILITY VEHICLE,MOVING CONSTANT SPEED,35,No,2020,TOYOTA,RAV4,39.00935298,-77.01778007,2023,1,15
230003932,Property Damage Crash,01/24/2023 03:35:00 PM,COLESVILLE RD,NA,SAME DIRECTION SIDESWIPE,Clear,DRY,Daylight,NO CONTROLS,NONE DETECTED,Yes,No Apparent Injury,N/A,UNKNOWN,NA,PASSENGER CAR,UNKNOWN,35,No,2015,TOYOTA,CAMRY,39.00935298,-77.01778007,2023,1,15
230003928,Injury Crash,01/24/2023 02:50:00 PM,MONTGOMERY VILLAGE AVE,NA,SAME DIR REAR END,Clear,DRY,Daylight,TRAFFIC SIGNAL,NONE DETECTED,No,Possible Minor Injury,N/A,NOT DISTRACTED,MD,PASSENGER CAR,STOPPED IN TRAFFIC LANE,35,No,2012,RANGE ROVER,JT,39.14990423,-77.21504373,2023,1,14
230003928,Injury Crash,01/24/2023 02:50:00 PM,MONTGOMERY VILLAGE AVE,NA,SAME DIR REAR END,Clear,DRY,Daylight,TRAFFIC SIGNAL,NONE DETECTED,Yes,No Apparent Injury,N/A,NOT DISTRACTED,MD,PASSENGER CAR,MOVING CONSTANT SPEED,35,No,2003,STRN,UT,39.14990423,-77.21504373,2023,1,14
230003926,Property Damage Crash,01/24/2023 02:30:00 PM,CALVERTON BLVD,NA,SAME DIR REAR END,Clear,DRY,Daylight,NO CONTROLS,NONE DETECTED,No,No Apparent Injury,N/A,NOT DISTRACTED,MD,PASSENGER CAR,SLOWING OR STOPPING,30,No,2015,LEXUS,RX 350,39.05671316,-76.9466812,2023,1,14
230003926,Property Damage Crash,01/24/2023 02:30:00 PM,CALVERTON BLVD,NA,SAME DIR REAR END,Clear,DRY,Daylight,NO CONTROLS,NONE DETECTED,Yes,No Apparent Injury,N/A,INATTENTIVE OR LOST IN THOUGHT,MD,PASSENGER CAR,MOVING CONSTANT SPEED,30,No,2011,TOYOTA,CAMRY,39.05671316,-76.9466812,2023,1,14
230003923,Property Damage Crash,01/24/2023 02:15:00 PM,NA,NA,SINGLE VEHICLE,Clear,NA,Daylight,NO CONTROLS,NONE DETECTED,Yes,No Apparent Injury,N/A,LOOKED BUT DID NOT SEE,MD,(SPORT) UTILITY VEHICLE,PARKING,5,No,2022,LEXUS,UT,39.12672689,-77.23913233,2023,1,14
230003895,Property Damage Crash,01/24/2023 11:40:00 AM,NA,NA,OTHER,Clear,NA,Daylight,NO CONTROLS,NONE DETECTED,Yes,No Apparent Injury,N/A,NOT DISTRACTED,MD,FIRE VEHICLE/EMERGENCY,BACKING,5,No,2016,CHEVROLET,SUV,39.13176,-77.12264167,2023,1,11
230003886,Injury Crash,01/24/2023 11:18:00 AM,FREDERICK RD,NA,STRAIGHT MOVEMENT ANGLE,Clear,DRY,Daylight,TRAFFIC SIGNAL,NONE DETECTED,No,Possible Minor Injury,N/A,NOT DISTRACTED,MD,PASSENGER CAR,MOVING CONSTANT SPEED,30,No,2016,NISS,ROGUE,39.19861833,-77.24499833,2023,1,11
230003886,Injury Crash,01/24/2023 11:18:00 AM,FREDERICK RD,NA,STRAIGHT MOVEMENT ANGLE,Clear,DRY,Daylight,TRAFFIC SIGNAL,NONE DETECTED,Yes,Possible Minor Injury,N/A,UNKNOWN,MD,PASSENGER CAR,MOVING CONSTANT SPEED,50,No,2020,HYUN,SD,39.19861833,-77.24499833,2023,1,11
230003868,Injury Crash,01/24/2023 09:55:00 AM,WOODFIELD RD,NA,SAME DIR REAR END,Clear,DRY,Daylight,TRAFFIC SIGNAL,NONE DETECTED,Yes,No Apparent Injury,N/A,UNKNOWN,MD,VAN,SLOWING OR STOPPING,45,No,2014,CHEV,EXPRESS,39.15198705,-77.1724082,2023,1,9
230003868,Injury Crash,01/24/2023 09:55:00 AM,WOODFIELD RD,NA,SAME DIR REAR END,Clear,DRY,Daylight,TRAFFIC SIGNAL,NONE DETECTED,No,Possible Minor Injury,N/A,NOT DISTRACTED,MD,PASSENGER CAR,STOPPED IN TRAFFIC LANE,45,No,2011,TOYT,4S,39.15198705,-77.1724082,2023,1,9
230003873,Property Damage Crash,01/24/2023 09:50:00 AM,HUNTINGTON PKWY,NA,STRAIGHT MOVEMENT ANGLE,Clear,DRY,Daylight,STOP SIGN,NONE DETECTED,No,No Apparent Injury,N/A,NOT DISTRACTED,MD,PASSENGER CAR,MOVING CONSTANT SPEED,35,No,2021,AUDI,SD,38.992227,-77.114528,2023,1,9
230003873,Property Damage Crash,01/24/2023 09:50:00 AM,HUNTINGTON PKWY,NA,STRAIGHT MOVEMENT ANGLE,Clear,DRY,Daylight,STOP SIGN,NONE DETECTED,Yes,No Apparent Injury,N/A,LOOKED BUT DID NOT SEE,MD,(SPORT) UTILITY VEHICLE,STARTING FROM LANE,35,No,2017,JEEP,CHEROKEE,38.992227,-77.114528,2023,1,9
230003864,Property Damage Crash,01/24/2023 09:36:00 AM,LITTLETON ST,NA,SAME DIRECTION SIDESWIPE,Clear,DRY,Daylight,NO CONTROLS,NONE DETECTED,Yes,No Apparent Injury,N/A,NOT DISTRACTED,MD,PASSENGER CAR,MOVING CONSTANT SPEED,25,No,2017,HONDA,CIVIC,39.06519267,-77.0848625,2023,1,9
230003939,Property Damage Crash,01/24/2023 09:30:00 AM,NA,NA,OTHER,Clear,NA,Daylight,NO CONTROLS,NONE DETECTED,Yes,No Apparent Injury,N/A,LOOKED BUT DID NOT SEE,NA,NA,MOVING CONSTANT SPEED,15,No,0,UNKNOWN,UNKNOWN,38.99753333,-77.1097275,2023,1,9
230003857,Property Damage Crash,01/24/2023 09:19:00 AM,EAST WEST HWY,NA,SINGLE VEHICLE,Clear,DRY,Daylight,NO CONTROLS,NONE DETECTED,Yes,No Apparent Injury,N/A,NOT DISTRACTED,MD,SCHOOL BUS,MOVING CONSTANT SPEED,35,No,2018,FRHT,BU,38.992305,-77.056885,2023,1,9
230003860,Property Damage Crash,01/24/2023 09:12:00 AM,COLUMBIA PIKE,NA,ANGLE MEETS LEFT TURN,Clear,N/A,Daylight,TRAFFIC SIGNAL,NONE DETECTED,No,No Apparent Injury,N/A,NOT DISTRACTED,MD,(SPORT) UTILITY VEHICLE,ACCELERATING,45,No,2016,FORD,UT,39.09558317,-76.938373,2023,1,9
230003860,Property Damage Crash,01/24/2023 09:12:00 AM,COLUMBIA PIKE,NA,ANGLE MEETS LEFT TURN,Clear,N/A,Daylight,TRAFFIC SIGNAL,NONE DETECTED,Yes,No Apparent Injury,N/A,NOT DISTRACTED,MD,PASSENGER CAR,MAKING LEFT TURN,45,No,2010,NISSAN,ALTIMA,39.09558317,-76.938373,2023,1,9
230003851,Property Damage Crash,01/24/2023 08:30:00 AM,OLD COLUMBIA PIKE,NA,STRAIGHT MOVEMENT ANGLE,Clear,DRY,Daylight,NO CONTROLS,NONE DETECTED,No,No Apparent Injury,N/A,NOT DISTRACTED,MD,PASSENGER CAR,MOVING CONSTANT SPEED,35,No,2013,HOND,TK,39.076585,-76.95752667,2023,1,8
230003851,Property Damage Crash,01/24/2023 08:30:00 AM,OLD COLUMBIA PIKE,NA,STRAIGHT MOVEMENT ANGLE,Clear,DRY,Daylight,NO CONTROLS,NONE DETECTED,Yes,No Apparent Injury,N/A,LOOKED BUT DID NOT SEE,DC,PASSENGER CAR,MAKING RIGHT TURN,35,No,2014,FORD,EDGE,39.076585,-76.95752667,2023,1,8
230003846,Injury Crash,01/24/2023 08:04:00 AM,WISCONSIN AVE,PEDESTRIAN,SINGLE VEHICLE,Clear,DRY,Daylight,NO CONTROLS,NONE DETECTED,No,Possible Minor Injury,N/A,NOT DISTRACTED,MD,PASSENGER CAR,STARTING FROM LANE,15,No,2010,TOYO,SD,38.98892487,-77.09526238,2023,1,8
230003844,Property Damage Crash,01/24/2023 08:00:00 AM,AVENEL RD,NA,SAME DIRECTION SIDESWIPE,Clear,DRY,Daylight,NO CONTROLS,NONE DETECTED,Yes,No Apparent Injury,N/A,INATTENTIVE OR LOST IN THOUGHT,MD,POLICE VEHICLE/NON EMERGENCY,MOVING CONSTANT SPEED,25,No,2013,FORD,EXPLORER,39.01100283,-76.98003633,2023,1,8
230003845,Injury Crash,01/24/2023 07:58:00 AM,BRADLEY BLVD,OTHER,OTHER,Clear,DRY,Daylight,PERSON,NONE DETECTED,Yes,No Apparent Injury,"N/A, VISION OBSTRUCTION (INCL. BLINDED BY SUN)",UNKNOWN,MD,PASSENGER CAR,MOVING CONSTANT SPEED,35,No,1995,HONDA,CIVIC,38.99493133,-77.12397233,2023,1,7
220003838,Property Damage Crash,01/24/2023 07:05:00 AM,WOODFIELD RD,NA,STRAIGHT MOVEMENT ANGLE,Clear,DRY,Medium,TRAFFIC SIGNAL,NONE DETECTED,Yes,No Apparent Injury,N/A,UNKNOWN,MD,PASSENGER CAR,MOVING CONSTANT SPEED,45,No,2017,TOYT,TK,39.16417581,-77.15714751,2023,1,7
220003838,Property Damage Crash,01/24/2023 07:05:00 AM,WOODFIELD RD,NA,STRAIGHT MOVEMENT ANGLE,Clear,DRY,Medium,TRAFFIC SIGNAL,NONE DETECTED,No,No Apparent Injury,N/A,NOT DISTRACTED,MD,PASSENGER CAR,MAKING LEFT TURN,0,No,1992,LEXS,2D,39.16417581,-77.15714751,2023,1,7
230003835,Injury Crash,01/24/2023 04:52:00 AM,RIDGE RD,NA,STRAIGHT MOVEMENT ANGLE,Clear,DRY,Medium,FLASHING TRAFFIC SIGNAL,NONE DETECTED,Yes,No Apparent Injury,N/A,LOOKED BUT DID NOT SEE,MD,PASSENGER CAR,ACCELERATING,35,No,2021,ACURA,RDX,39.20591314,-77.23539715,2023,1,4
230003835,Injury Crash,01/24/2023 04:52:00 AM,RIDGE RD,NA,STRAIGHT MOVEMENT ANGLE,Clear,DRY,Medium,FLASHING TRAFFIC SIGNAL,NONE DETECTED,No,Possible Minor Injury,N/A,LOOKED BUT DID NOT SEE,MD,PASSENGER CAR,MOVING CONSTANT SPEED,35,No,2009,TOYOTA,CAMERY,39.20591314,-77.23539715,2023,1,4
230003834,Injury Crash,01/24/2023 04:32:00 AM,VEIRS MILL RD,NA,STRAIGHT MOVEMENT ANGLE,Clear,DRY,Medium,NO CONTROLS,NONE DETECTED,No,Possible Minor Injury,N/A,NOT DISTRACTED,MD,PASSENGER CAR,MOVING CONSTANT SPEED,40,No,2006,CHEVY,TRAILBLAZER,39.07821067,-77.12866753,2023,1,4
230003834,Injury Crash,01/24/2023 04:32:00 AM,VEIRS MILL RD,NA,STRAIGHT MOVEMENT ANGLE,Clear,DRY,Medium,NO CONTROLS,NONE DETECTED,Yes,No Apparent Injury,N/A,LOOKED BUT DID NOT SEE,MD,PASSENGER CAR,ACCELERATING,25,No,2006,NISS,4S,39.07821067,-77.12866753,2023,1,4
230003825,Property Damage Crash,01/23/2023 11:43:00 PM,TAMARACK RD,NA,SINGLE VEHICLE,Clear,DRY,Medium,N/A,NONE DETECTED,Yes,No Apparent Injury,N/A,UNKNOWN,MD,PASSENGER CAR,MOVING CONSTANT SPEED,25,No,2006,CADILLAC,CTS,39.06818082,-76.98527171,2023,1,23
230003810,Injury Crash,01/23/2023 08:59:00 PM,CONNECTICUT AVE,NA,HEAD ON LEFT TURN,Clear,DRY,Medium,TRAFFIC SIGNAL,NONE DETECTED,No,Possible Minor Injury,N/A,NOT DISTRACTED,MD,PASSENGER CAR,MOVING CONSTANT SPEED,35,No,2009,NISSAN,VERSA,39.02730683,-77.07683733,2023,1,20