Local Case Number,ACRS Report Type,Crash Date/Time,Road Name,Related Non-Motorist,Collision Type,Weather,Surface Condition,Light,Traffic Control,Driver Substance Abuse,Driver At Fault,Injury Severity,Circumstance,Driver Distracted By,Drivers License State,Vehicle Body Type,Vehicle Movement,Speed Limit,Driverless Vehicle,Vehicle Year,Vehicle Make,Vehicle Model,Latitude,Longitude,Year,Month,Hour
230003810,Injury Crash,01/23/2023 08:59:00 PM,CONNECTICUT AVE,NA,HEAD ON LEFT TURN,Clear,DRY,Medium,TRAFFIC SIGNAL,NONE DETECTED,Yes,Possible Minor Injury,N/A,UNKNOWN,NA,PASSENGER CAR,MAKING LEFT TURN,35,No,2015,TOYTA,COROLLA,39.02730683,-77.07683733,2023,1,20
230003798,Property Damage Crash,01/23/2023 07:14:00 PM,UNIVERSITY BLVD W,NA,SAME DIR REAR END,Clear,DRY,Medium,NO CONTROLS,ALCOHOL PRESENT,Yes,No Apparent Injury,N/A,LOOKED BUT DID NOT SEE,CA,PASSENGER CAR,MOVING CONSTANT SPEED,35,No,2018,FORD,ECO SPORT,39.032355,-77.02297667,2023,1,19
230003783,Property Damage Crash,01/23/2023 06:16:00 PM,ROCKVILLE PIKE,NA,SAME DIR REAR END,Clear,DRY,Medium,NO CONTROLS,NONE DETECTED,No,No Apparent Injury,N/A,NOT DISTRACTED,MD,PASSENGER CAR,SLOWING OR STOPPING,35,No,2016,SUBARU,FORESTER,39.00309067,-77.09721433,2023,1,18
230003783,Property Damage Crash,01/23/2023 06:16:00 PM,ROCKVILLE PIKE,NA,SAME DIR REAR END,Clear,DRY,Medium,NO CONTROLS,NONE DETECTED,No,No Apparent Injury,N/A,NOT DISTRACTED,MD,PASSENGER CAR,SLOWING OR STOPPING,35,No,2013,TOYOTA,CAMRY,39.00309067,-77.09721433,2023,1,18
230003783,Property Damage Crash,01/23/2023 06:16:00 PM,ROCKVILLE PIKE,NA,SAME DIR REAR END,Clear,DRY,Medium,NO CONTROLS,NONE DETECTED,Yes,No Apparent Injury,N/A,UNKNOWN,MD,PASSENGER CAR,UNKNOWN,35,No,2017,TOYOTA,CAMRY,39.00309067,-77.09721433,2023,1,18
230003758,Property Damage Crash,01/23/2023 04:36:00 PM,COLUMBIA PIKE,NA,SAME DIRECTION SIDESWIPE,Clear,DRY,Daylight,TRAFFIC SIGNAL,NONE DETECTED,Yes,No Apparent Injury,N/A,UNKNOWN,NA,(SPORT) UTILITY VEHICLE,CHANGING LANES,40,No,2011,CHEVROLET,EQUINOX,39.04638179,-76.98697477,2023,1,16
230003758,Property Damage Crash,01/23/2023 04:36:00 PM,COLUMBIA PIKE,NA,SAME DIRECTION SIDESWIPE,Clear,DRY,Daylight,TRAFFIC SIGNAL,NONE DETECTED,No,No Apparent Injury,N/A,NOT DISTRACTED,MD,(SPORT) UTILITY VEHICLE,MOVING CONSTANT SPEED,40,No,2013,HONDA,CRV,39.04638179,-76.98697477,2023,1,16
230003762,Property Damage Crash,01/23/2023 04:09:00 PM,W FALKLAND LA,NA,SAME DIR REAR END,Clear,WET,Daylight,NO CONTROLS,NONE DETECTED,No,No Apparent Injury,N/A,NOT DISTRACTED,MD,(SPORT) UTILITY VEHICLE,MOVING CONSTANT SPEED,35,No,2020,JEEP,UT,38.99459227,-77.03437977,2023,1,16
230003762,Property Damage Crash,01/23/2023 04:09:00 PM,W FALKLAND LA,NA,SAME DIR REAR END,Clear,WET,Daylight,NO CONTROLS,NONE DETECTED,Yes,No Apparent Injury,N/A,UNKNOWN,MD,PASSENGER CAR,ACCELERATING,35,No,2005,HONDA,CP,38.99459227,-77.03437977,2023,1,16
230003739,Property Damage Crash,01/23/2023 03:17:00 PM,RANDOLPH RD,NA,STRAIGHT MOVEMENT ANGLE,Cloudy,DRY,Daylight,NO CONTROLS,NONE DETECTED,No,No Apparent Injury,N/A,NOT DISTRACTED,MD,PASSENGER CAR,MOVING CONSTANT SPEED,40,No,2022,NISSAN,ALTIMA,39.06257232,-77.04199501,2023,1,15
230003739,Property Damage Crash,01/23/2023 03:17:00 PM,RANDOLPH RD,NA,STRAIGHT MOVEMENT ANGLE,Cloudy,DRY,Daylight,NO CONTROLS,NONE DETECTED,Yes,No Apparent Injury,N/A,LOOKED BUT DID NOT SEE,MD,(SPORT) UTILITY VEHICLE,ACCELERATING,40,No,2018,NISSAN,ROGUE,39.06257232,-77.04199501,2023,1,15
230003736,Injury Crash,01/23/2023 02:51:00 PM,RUSSELL AVE,NA,OTHER,Cloudy,DRY,Daylight,TRAFFIC SIGNAL,NONE DETECTED,Yes,No Apparent Injury,N/A,LOOKED BUT DID NOT SEE,MD,PASSENGER CAR,MAKING LEFT TURN,25,No,2013,HONDA,4S,39.1514029,-77.20752668,2023,1,14
230003736,Injury Crash,01/23/2023 02:51:00 PM,RUSSELL AVE,NA,OTHER,Cloudy,DRY,Daylight,TRAFFIC SIGNAL,NONE DETECTED,No,Possible Minor Injury,N/A,NOT DISTRACTED,MD,PASSENGER CAR,MOVING CONSTANT SPEED,25,No,2008,NISS,4S,39.1514029,-77.20752668,2023,1,14
230003712,Injury Crash,01/23/2023 12:45:00 PM,OLD GEORGETOWN RD,NA,OTHER,Cloudy,WET,Daylight,TRAFFIC SIGNAL,NONE DETECTED,No,No Apparent Injury,"N/A, WET",NOT DISTRACTED,MD,VAN,STOPPED IN TRAFFIC LANE,35,No,2002,TOYOTA,SIENNA,39.04034317,-77.12225133,2023,1,12
230003712,Injury Crash,01/23/2023 12:45:00 PM,OLD GEORGETOWN RD,NA,OTHER,Cloudy,WET,Daylight,TRAFFIC SIGNAL,NONE DETECTED,No,No Apparent Injury,"N/A, WET",NOT DISTRACTED,MD,PASSENGER CAR,STOPPED IN TRAFFIC LANE,35,No,2010,HONDA,CIVIC,39.04034317,-77.12225133,2023,1,12
230003712,Injury Crash,01/23/2023 12:45:00 PM,OLD GEORGETOWN RD,NA,OTHER,Cloudy,WET,Daylight,TRAFFIC SIGNAL,NONE DETECTED,Yes,No Apparent Injury,"N/A, WET",UNKNOWN,MD,PASSENGER CAR,MOVING CONSTANT SPEED,35,No,2006,HONDA,CIVIC,39.04034317,-77.12225133,2023,1,12
230003698,Property Damage Crash,01/23/2023 11:59:00 AM,BEECHCRAFT AVE,NA,HEAD ON LEFT TURN,Cloudy,DRY,Daylight,NO CONTROLS,NONE DETECTED,No,No Apparent Injury,N/A,NOT DISTRACTED,MD,PASSENGER CAR,STARTING FROM PARKED,30,No,2005,TOYT,SD,39.16345667,-77.16219667,2023,1,11
230003698,Property Damage Crash,01/23/2023 11:59:00 AM,BEECHCRAFT AVE,NA,HEAD ON LEFT TURN,Cloudy,DRY,Daylight,NO CONTROLS,NONE DETECTED,Yes,No Apparent Injury,N/A,LOOKED BUT DID NOT SEE,MD,PASSENGER CAR,MAKING U TURN,30,No,2015,TOYOTA,COROLLA,39.16345667,-77.16219667,2023,1,11
230003674,Property Damage Crash,01/23/2023 09:45:00 AM,FREDERICK RD,NA,SAME DIR REAR END,Rain,WET,Daylight,N/A,NONE DETECTED,Yes,No Apparent Injury,"N/A, WET",LOOKED BUT DID NOT SEE,MD,PASSENGER CAR,MOVING CONSTANT SPEED,40,No,1997,T0Y0TA,COROLLA,39.12005567,-77.17359617,2023,1,9
230003674,Property Damage Crash,01/23/2023 09:45:00 AM,FREDERICK RD,NA,SAME DIR REAR END,Rain,WET,Daylight,N/A,NONE DETECTED,No,No Apparent Injury,"N/A, WET",NOT DISTRACTED,MD,PASSENGER CAR,SLOWING OR STOPPING,40,No,2020,TOYOTA,HIGLANDER,39.12005567,-77.17359617,2023,1,9
230003674,Property Damage Crash,01/23/2023 09:45:00 AM,FREDERICK RD,NA,SAME DIR REAR END,Rain,WET,Daylight,N/A,NONE DETECTED,No,No Apparent Injury,"N/A, WET",NOT DISTRACTED,MD,PASSENGER CAR,SLOWING OR STOPPING,40,No,2009,TOYOTA,RAV 4,39.12005567,-77.17359617,2023,1,9
230003664,Injury Crash,01/23/2023 08:33:00 AM,GEORGIA AVE,NA,STRAIGHT MOVEMENT ANGLE,Rain,WET,Daylight,TRAFFIC SIGNAL,NONE DETECTED,No,No Apparent Injury,"N/A, WET",NOT DISTRACTED,MD,PASSENGER CAR,ACCELERATING,25,No,2011,TOYOTA,COROLLA,39.04287167,-77.05214667,2023,1,8
230003664,Injury Crash,01/23/2023 08:33:00 AM,GEORGIA AVE,NA,STRAIGHT MOVEMENT ANGLE,Rain,WET,Daylight,TRAFFIC SIGNAL,NONE DETECTED,Yes,Possible Minor Injury,"N/A, WET",LOOKED BUT DID NOT SEE,MD,PASSENGER CAR,STARTING FROM LANE,25,No,2016,HONDA,ACCORD,39.04287167,-77.05214667,2023,1,8
230003985,Property Damage Crash,01/23/2023 08:30:00 AM,ETHAN ALLEN AVE,NA,SAME DIRECTION LEFT TURN,Clear,DRY,Daylight,TRAFFIC SIGNAL,NONE DETECTED,Unknown,No Apparent Injury,N/A,UNKNOWN,NA,"OTHER LIGHT TRUCKS (10,000LBS (4,536KG) OR LESS)",STARTING FROM LANE,25,No,2001,TOYOTA,TK,38.97530286,-76.99429942,2023,1,8
230003985,Property Damage Crash,01/23/2023 08:30:00 AM,ETHAN ALLEN AVE,NA,SAME DIRECTION LEFT TURN,Clear,DRY,Daylight,TRAFFIC SIGNAL,NONE DETECTED,Unknown,No Apparent Injury,N/A,UNKNOWN,DC,PASSENGER CAR,STARTING FROM LANE,25,No,2015,BMW,CV,38.97530286,-76.99429942,2023,1,8
230003659,Property Damage Crash,01/23/2023 08:20:00 AM,TECH RD,NA,SAME DIR REND LEFT TURN,Rain,WET,Daylight,STOP SIGN,NONE DETECTED,No,No Apparent Injury,N/A,NOT DISTRACTED,MD,PASSENGER CAR,STOPPED IN TRAFFIC LANE,30,No,2019,INFINITI,SEDAN,39.04854659,-76.98349338,2023,1,8
230003659,Property Damage Crash,01/23/2023 08:20:00 AM,TECH RD,NA,SAME DIR REND LEFT TURN,Rain,WET,Daylight,STOP SIGN,NONE DETECTED,Yes,No Apparent Injury,N/A,UNKNOWN,NA,PASSENGER CAR,MOVING CONSTANT SPEED,25,No,2019,HYUNDAI,SONATA,39.04854659,-76.98349338,2023,1,8
230003655,Property Damage Crash,01/23/2023 08:15:00 AM,FREDERICK RD,NA,SAME DIRECTION SIDESWIPE,Clear,WET,Daylight,TRAFFIC SIGNAL,NONE DETECTED,Yes,No Apparent Injury,N/A,LOOKED BUT DID NOT SEE,MD,PASSENGER CAR,RIGHT TURN ON RED,45,No,2015,DODGE,CHARGER,39.1956185,-77.24519067,2023,1,8
230003655,Property Damage Crash,01/23/2023 08:15:00 AM,FREDERICK RD,NA,SAME DIRECTION SIDESWIPE,Clear,WET,Daylight,TRAFFIC SIGNAL,NONE DETECTED,No,No Apparent Injury,N/A,NOT DISTRACTED,MD,PASSENGER CAR,MOVING CONSTANT SPEED,45,No,2014,DODGE,JOURNEY,39.1956185,-77.24519067,2023,1,8
230003653,Injury Crash,01/23/2023 07:52:00 AM,JONES BRIDGE RD,NA,STRAIGHT MOVEMENT ANGLE,Rain,WET,Daylight,OTHER,NONE DETECTED,Yes,Possible Minor Injury,"RAIN, SNOW, WET",UNKNOWN,DC,(SPORT) UTILITY VEHICLE,MAKING U TURN,25,No,2022,CHEVROLET,TRAILBLAZER,38.99685483,-77.09567767,2023,1,7
230003653,Injury Crash,01/23/2023 07:52:00 AM,JONES BRIDGE RD,NA,STRAIGHT MOVEMENT ANGLE,Rain,WET,Daylight,OTHER,NONE DETECTED,No,No Apparent Injury,"RAIN, SNOW, WET",NOT DISTRACTED,MD,PASSENGER CAR,MOVING CONSTANT SPEED,25,No,2014,HONDA,CIVIC,38.99685483,-77.09567767,2023,1,7
230003652,Property Damage Crash,01/23/2023 07:35:00 AM,WICKHAM RD,NA,OTHER,Cloudy,WET,Daylight,NO CONTROLS,NONE DETECTED,Yes,No Apparent Injury,N/A,OTHER DISTRACTION,MD,TRANSIT BUS,MOVING CONSTANT SPEED,25,No,2014,GILL,BUS,39.15635167,-77.09414167,2023,1,7
230003647,Injury Crash,01/23/2023 07:02:00 AM,CRABBS BRANCH WAY,PEDESTRIAN,OTHER,Rain,WET,Dark,OTHER,NONE DETECTED,Yes,No Apparent Injury,"N/A, WET",LOOKED BUT DID NOT SEE,MD,PASSENGER CAR,PASSING,35,No,2019,HYUNDAI,SONATA,39.11650667,-77.15667333,2023,1,7
230003638,Property Damage Crash,01/23/2023 02:20:00 AM,GEORGIA AVE,NA,SINGLE VEHICLE,Rain,WET,Dark,N/A,NONE DETECTED,Yes,No Apparent Injury,N/A,UNKNOWN,NA,PASSENGER CAR,UNKNOWN,25,Unknown,2005,ACURA,UNKNOWN,39.03911833,-77.05102333,2023,1,2
230003633,Property Damage Crash,01/22/2023 11:29:00 PM,LOCKWOOD DR,NA,STRAIGHT MOVEMENT ANGLE,Rain,WET,Medium,NO CONTROLS,NONE DETECTED,Yes,No Apparent Injury,"PHYSICAL OBSTRUCTION(S), RAIN, SNOW",LOOKED BUT DID NOT SEE,VA,PASSENGER CAR,MAKING RIGHT TURN,30,No,2009,HONDA,CIVIC,39.04140133,-76.983571,2023,1,23
230003633,Property Damage Crash,01/22/2023 11:29:00 PM,LOCKWOOD DR,NA,STRAIGHT MOVEMENT ANGLE,Rain,WET,Medium,NO CONTROLS,NONE DETECTED,No,No Apparent Injury,"PHYSICAL OBSTRUCTION(S), RAIN, SNOW",NOT DISTRACTED,MD,PASSENGER CAR,MOVING CONSTANT SPEED,30,No,2013,FORD,TAURUS,39.04140133,-76.983571,2023,1,23
230003631,Injury Crash,01/22/2023 11:10:00 PM,COLUMBIA PIKE,NA,STRAIGHT MOVEMENT ANGLE,Rain,WET,Medium,TRAFFIC SIGNAL,NONE DETECTED,Yes,Possible Minor Injury,"RAIN, SNOW, WET",LOOKED BUT DID NOT SEE,MD,PASSENGER CAR,MAKING RIGHT TURN,45,No,2021,TOYOTA,HIGHLANDER,39.03839833,-76.998805,2023,1,23
230003631,Injury Crash,01/22/2023 11:10:00 PM,COLUMBIA PIKE,NA,STRAIGHT MOVEMENT ANGLE,Rain,WET,Medium,TRAFFIC SIGNAL,NONE DETECTED,No,Possible Minor Injury,"RAIN, SNOW, WET",NOT DISTRACTED,MD,PASSENGER CAR,MOVING CONSTANT SPEED,45,No,2020,DODGE,CHARGER,39.03839833,-76.998805,2023,1,23
230003632,Property Damage Crash,01/22/2023 10:47:00 PM,FLEET ST,NA,SINGLE VEHICLE,Rain,WET,Medium,STOP SIGN,NONE DETECTED,Yes,No Apparent Injury,"RAIN, SNOW, WET",NOT DISTRACTED,MD,PASSENGER CAR,MOVING CONSTANT SPEED,25,No,2018,VOLKS,GOLF,39.07773038,-77.14341188,2023,1,22
230003622,Property Damage Crash,01/22/2023 09:32:00 PM,EISENHOWER MEMORIAL HWY,NA,SINGLE VEHICLE,Rain,WET,Medium,NO CONTROLS,NONE DETECTED,Yes,No Apparent Injury,"RAIN, SNOW, WET",NOT DISTRACTED,WA,(SPORT) UTILITY VEHICLE,MOVING CONSTANT SPEED,55,No,2014,HOND,UT,39.13830022,-77.21140712,2023,1,21
230003621,Property Damage Crash,01/22/2023 09:30:00 PM,CAPITAL BELTWAY,NA,SINGLE VEHICLE,Rain,WET,Medium,NO CONTROLS,NONE DETECTED,No,No Apparent Injury,"SLEET, HAIL, FREEZ. RAIN, WET",NOT DISTRACTED,MD,PASSENGER CAR,MOVING CONSTANT SPEED,55,No,2006,BMW,550,39.01648323,-77.01120693,2023,1,21
230003616,Injury Crash,01/22/2023 08:20:00 PM,ROCKVILLE PIKE,PEDESTRIAN,OTHER,Rain,WET,Medium,TRAFFIC SIGNAL,NONE DETECTED,Yes,No Apparent Injury,"N/A, RAIN, SNOW",LOOKED BUT DID NOT SEE,MD,PASSENGER CAR,MAKING RIGHT TURN,35,No,2017,HONDA,CIVIC,39.06137667,-77.12393,2023,1,20
230003609,Property Damage Crash,01/22/2023 07:45:00 PM,SANGAMORE RD,NA,STRAIGHT MOVEMENT ANGLE,Rain,WET,Dark,STOP SIGN,NONE DETECTED,No,No Apparent Injury,N/A,NOT DISTRACTED,VA,PASSENGER CAR,MOVING CONSTANT SPEED,30,No,2022,VOLK,JETTA,38.9627011,-77.12130262,2023,1,19
230003609,Property Damage Crash,01/22/2023 07:45:00 PM,SANGAMORE RD,NA,STRAIGHT MOVEMENT ANGLE,Rain,WET,Dark,STOP SIGN,NONE DETECTED,Yes,No Apparent Injury,N/A,LOOKED BUT DID NOT SEE,US,PASSENGER CAR,MOVING CONSTANT SPEED,25,No,2023,BMW,430I,38.9627011,-77.12130262,2023,1,19
230003608,Injury Crash,01/22/2023 07:22:00 PM,GEORGIA AVE,NA,SAME DIR REAR END,Rain,WET,Medium,NO CONTROLS,NONE DETECTED,Yes,No Apparent Injury,"RAIN, SNOW, WET",UNKNOWN,MD,PASSENGER CAR,MOVING CONSTANT SPEED,35,No,1998,TOYOTA,SUV,39.01937342,-77.04398315,2023,1,19
230003608,Injury Crash,01/22/2023 07:22:00 PM,GEORGIA AVE,NA,SAME DIR REAR END,Rain,WET,Medium,NO CONTROLS,NONE DETECTED,No,Possible Minor Injury,"RAIN, SNOW, WET",NOT DISTRACTED,VA,PASSENGER CAR,STOPPED IN TRAFFIC LANE,35,No,2004,BMW,SUV,39.01937342,-77.04398315,2023,1,19
230003606,Property Damage Crash,01/22/2023 07:13:00 PM,UNIVERSITY BLVD E,NA,SAME DIR REAR END,Rain,WET,Medium,TRAFFIC SIGNAL,NONE DETECTED,Yes,No Apparent Injury,"N/A, WET",UNKNOWN,NA,PASSENGER CAR,ACCELERATING,25,No,2019,CHEVROLET,TK,38.98941,-76.9883,2023,1,19
230003606,Property Damage Crash,01/22/2023 07:13:00 PM,UNIVERSITY BLVD E,NA,SAME DIR REAR END,Rain,WET,Medium,TRAFFIC SIGNAL,NONE DETECTED,No,No Apparent Injury,"N/A, WET",NOT DISTRACTED,MD,PASSENGER CAR,STARTING FROM LANE,25,No,2012,FORD,EXP,38.98941,-76.9883,2023,1,19
230003603,Property Damage Crash,01/22/2023 07:10:00 PM,CRYSTAL ROCK DR,NA,SINGLE VEHICLE,Rain,WET,Medium,NO CONTROLS,NONE DETECTED,Yes,No Apparent Injury,"RAIN, SNOW, WET",NOT DISTRACTED,MD,PICKUP TRUCK,MOVING CONSTANT SPEED,35,No,2002,FORD,TRUCK,39.18763833,-77.26432333,2023,1,19
230003601,Property Damage Crash,01/22/2023 06:47:00 PM,GEORGIA AVE,NA,SAME DIRECTION SIDESWIPE,Rain,WET,Medium,NO CONTROLS,NONE DETECTED,Unknown,No Apparent Injury,"RAIN, SNOW, WET",LOOKED BUT DID NOT SEE,DC,PASSENGER CAR,CHANGING LANES,35,No,2012,JEEP,LIBERTY LI,39.01008833,-77.04102833,2023,1,18
230003601,Property Damage Crash,01/22/2023 06:47:00 PM,GEORGIA AVE,NA,SAME DIRECTION SIDESWIPE,Rain,WET,Medium,NO CONTROLS,NONE DETECTED,Unknown,No Apparent Injury,"RAIN, SNOW, WET",LOOKED BUT DID NOT SEE,SC,PASSENGER CAR,CHANGING LANES,35,No,2016,CHRY,200C,39.01008833,-77.04102833,2023,1,18
230003596,Property Damage Crash,01/22/2023 06:16:00 PM,MARINELLI RD,NA,SAME DIRECTION RIGHT TURN,Rain,WET,Medium,NO CONTROLS,NONE DETECTED,Yes,No Apparent Injury,"RAIN, SNOW, WET",NOT DISTRACTED,MD,TRANSIT BUS,MAKING RIGHT TURN,30,No,2013,TBU,BUS,39.0476065,-77.10821483,2023,1,18
230003595,Property Damage Crash,01/22/2023 06:06:00 PM,TECH RD,NA,HEAD ON LEFT TURN,Rain,WET,Medium,STOP SIGN,ALCOHOL PRESENT,Yes,No Apparent Injury,"N/A, RAIN, SNOW",UNKNOWN,MD,PASSENGER CAR,MAKING RIGHT TURN,30,No,2002,HONDA,CIVIC,39.0589614,-76.96936637,2023,1,18
230003595,Property Damage Crash,01/22/2023 06:06:00 PM,TECH RD,NA,HEAD ON LEFT TURN,Rain,WET,Medium,STOP SIGN,NONE DETECTED,No,No Apparent Injury,"N/A, RAIN, SNOW",NOT DISTRACTED,MD,PASSENGER CAR,STOPPED IN TRAFFIC LANE,30,No,2022,TOYTOTA,COROLLA,39.0589614,-76.96936637,2023,1,18
230003590,Property Damage Crash,01/22/2023 05:30:00 PM,MONTROSE RD,NA,SAME DIR REAR END,Rain,WET,Medium,TRAFFIC SIGNAL,NONE DETECTED,No,No Apparent Injury,"RAIN, SNOW, WET",NOT DISTRACTED,VA,(SPORT) UTILITY VEHICLE,SLOWING OR STOPPING,40,No,2016,HONDA,CR-V,39.05540333,-77.14770333,2023,1,17
230003590,Property Damage Crash,01/22/2023 05:30:00 PM,MONTROSE RD,NA,SAME DIR REAR END,Rain,WET,Medium,TRAFFIC SIGNAL,NONE DETECTED,Yes,No Apparent Injury,"RAIN, SNOW, WET",LOOKED BUT DID NOT SEE,MD,PASSENGER CAR,MOVING CONSTANT SPEED,40,No,2013,HONDA,CIVIC,39.05540333,-77.14770333,2023,1,17
230003566,Property Damage Crash,01/22/2023 01:35:00 PM,RIVER RD,NA,SAME DIR REAR END,Rain,WET,Daylight,NO CONTROLS,NONE DETECTED,No,No Apparent Injury,"N/A, WET",NOT DISTRACTED,MD,PASSENGER CAR,STOPPED IN TRAFFIC LANE,35,No,2014,MERCEDES BENZ,S63,39.00989,-77.19646,2023,1,13
230003566,Property Damage Crash,01/22/2023 01:35:00 PM,RIVER RD,NA,SAME DIR REAR END,Rain,WET,Daylight,NO CONTROLS,NONE DETECTED,Yes,No Apparent Injury,"N/A, WET",NOT DISTRACTED,MD,PASSENGER CAR,MOVING CONSTANT SPEED,35,No,2012,SUBARU,OUTBACK,39.00989,-77.19646,2023,1,13
230003773,Property Damage Crash,01/22/2023 01:30:00 PM,NA,NA,UNKNOWN,Rain,NA,Daylight,NO CONTROLS,NONE DETECTED,Yes,No Apparent Injury,"SLEET, HAIL, FREEZ. RAIN, WET",UNKNOWN,MD,PASSENGER CAR,UNKNOWN,10,No,2016,MAZDA,SUV,39.14258944,-77.19351444,2023,1,13
230003561,Injury Crash,01/22/2023 01:14:00 PM,WELLER RD,NA,STRAIGHT MOVEMENT ANGLE,Rain,WET,Daylight,TRAFFIC SIGNAL,NONE DETECTED,Yes,Possible Minor Injury,"N/A, RAIN, SNOW",INATTENTIVE OR LOST IN THOUGHT,MD,PASSENGER CAR,MOVING CONSTANT SPEED,35,No,2019,TOYOTA,CAMRY,39.0646405,-77.07394817,2023,1,13
230003561,Injury Crash,01/22/2023 01:14:00 PM,WELLER RD,NA,STRAIGHT MOVEMENT ANGLE,Rain,WET,Daylight,TRAFFIC SIGNAL,NONE DETECTED,No,Possible Minor Injury,"N/A, RAIN, SNOW",NOT DISTRACTED,MD,PASSENGER CAR,MOVING CONSTANT SPEED,30,No,2006,HONDA,ODYSSEY,39.0646405,-77.07394817,2023,1,13
230003551,Injury Crash,01/22/2023 12:25:00 PM,SHADY GROVE RD,NA,ANGLE MEETS LEFT HEAD ON,Rain,WET,Daylight,TRAFFIC SIGNAL,NONE DETECTED,Yes,Possible Minor Injury,"RAIN, SNOW, WET",NOT DISTRACTED,MD,(SPORT) UTILITY VEHICLE,SLOWING OR STOPPING,40,No,2007,TOYT,TK RAV4,39.11221167,-77.18698833,2023,1,12
230003551,Injury Crash,01/22/2023 12:25:00 PM,SHADY GROVE RD,NA,ANGLE MEETS LEFT HEAD ON,Rain,WET,Daylight,TRAFFIC SIGNAL,NONE DETECTED,No,Possible Minor Injury,"RAIN, SNOW, WET",NOT DISTRACTED,MD,(SPORT) UTILITY VEHICLE,MOVING CONSTANT SPEED,35,No,2015,CHEVY,TRAVERSE,39.11221167,-77.18698833,2023,1,12
230003554,Property Damage Crash,01/22/2023 12:10:00 PM,GEORGIA AVE,NA,SAME DIRECTION SIDESWIPE,Rain,WET,Daylight,TRAFFIC SIGNAL,NONE DETECTED,No,No Apparent Injury,N/A,NOT DISTRACTED,MD,PASSENGER CAR,SLOWING OR STOPPING,35,No,2021,TOYT,UT,39.05354817,-77.05094317,2023,1,12
230003554,Property Damage Crash,01/22/2023 12:10:00 PM,GEORGIA AVE,NA,SAME DIRECTION SIDESWIPE,Rain,WET,Daylight,TRAFFIC SIGNAL,NONE DETECTED,Yes,No Apparent Injury,N/A,UNKNOWN,MD,PASSENGER CAR,CHANGING LANES,35,No,2004,TOYOTA,SIENNA,39.05354817,-77.05094317,2023,1,12
230003542,Injury Crash,01/22/2023 11:35:00 AM,SAM EIG HWY,NA,SAME DIR REAR END,Rain,WET,Daylight,TRAFFIC SIGNAL,NONE DETECTED,Yes,No Apparent Injury,"N/A, WET",UNKNOWN,MD,(SPORT) UTILITY VEHICLE,MOVING CONSTANT SPEED,40,No,2005,ACURA,TK,39.1093705,-77.21402183,2023,1,11
230003542,Injury Crash,01/22/2023 11:35:00 AM,SAM EIG HWY,NA,SAME DIR REAR END,Rain,WET,Daylight,TRAFFIC SIGNAL,NONE DETECTED,No,Possible Minor Injury,"N/A, WET",NOT DISTRACTED,MD,PASSENGER CAR,STOPPED IN TRAFFIC LANE,40,No,2014,TOYOTA,4S,39.1093705,-77.21402183,2023,1,11
230003543,Property Damage Crash,01/22/2023 11:31:00 AM,ROCKVILLE PIKE,NA,STRAIGHT MOVEMENT ANGLE,Rain,WET,Daylight,NO CONTROLS,NONE DETECTED,No,No Apparent Injury,"RAIN, SNOW, WET",NOT DISTRACTED,MD,(SPORT) UTILITY VEHICLE,MOVING CONSTANT SPEED,35,No,2002,JEEP,TK,39.0669855,-77.12845824,2023,1,11
230003543,Property Damage Crash,01/22/2023 11:31:00 AM,ROCKVILLE PIKE,NA,STRAIGHT MOVEMENT ANGLE,Rain,WET,Daylight,NO CONTROLS,NONE DETECTED,Yes,No Apparent Injury,"RAIN, SNOW, WET",NOT DISTRACTED,MD,PASSENGER CAR,MAKING RIGHT TURN,35,No,2018,AUDI,4D,39.0669855,-77.12845824,2023,1,11
230003527,Property Damage Crash,01/22/2023 08:30:00 AM,SCENERY DR,NA,STRAIGHT MOVEMENT ANGLE,Clear,DRY,Daylight,TRAFFIC SIGNAL,NONE DETECTED,Yes,No Apparent Injury,N/A,LOOKED BUT DID NOT SEE,MD,PASSENGER CAR,MAKING LEFT TURN,30,No,2019,VOLKSWAGEN,PASSAT,39.19218792,-77.23343698,2023,1,8
230003527,Property Damage Crash,01/22/2023 08:30:00 AM,SCENERY DR,NA,STRAIGHT MOVEMENT ANGLE,Clear,DRY,Daylight,TRAFFIC SIGNAL,NONE DETECTED,Yes,No Apparent Injury,N/A,NOT DISTRACTED,MD,(SPORT) UTILITY VEHICLE,MOVING CONSTANT SPEED,30,No,2022,HYUNDAI,VENUE,39.19218792,-77.23343698,2023,1,8
230003525,Property Damage Crash,01/22/2023 07:07:00 AM,MUNCASTER MILL RD,NA,SINGLE VEHICLE,Clear,DRY,Medium,NO CONTROLS,NONE DETECTED,Yes,No Apparent Injury,N/A,NOT DISTRACTED,MD,PASSENGER CAR,MOVING CONSTANT SPEED,40,No,2018,HYUN,SD,39.11824,-77.10331167,2023,1,7
230003523,Property Damage Crash,01/22/2023 05:40:00 AM,ZION RD,NA,SINGLE VEHICLE,Clear,DRY,Medium,NO CONTROLS,NONE DETECTED,Yes,No Apparent Injury,N/A,UNKNOWN,NA,PASSENGER CAR,UNKNOWN,30,No,2016,KIA,OPTIMA,39.21592167,-77.08918333,2023,1,5
230003514,Property Damage Crash,01/22/2023 03:15:00 AM,CEDAR LA,NA,OTHER,Clear,DRY,Medium,NO CONTROLS,ALCOHOL PRESENT,Yes,No Apparent Injury,N/A,LOOKED BUT DID NOT SEE,MD,PASSENGER CAR,MOVING CONSTANT SPEED,30,No,2010,TOYT,HIGHLANDER,39.01322833,-77.090555,2023,1,3
230003512,Property Damage Crash,01/22/2023 02:48:00 AM,GEORGIA AVE,NA,STRAIGHT MOVEMENT ANGLE,Clear,DRY,Medium,TRAFFIC SIGNAL,NONE DETECTED,Unknown,No Apparent Injury,N/A,NOT DISTRACTED,MD,PASSENGER CAR,MOVING CONSTANT SPEED,25,No,2001,TOYT,4S,39.04692317,-77.051971,2023,1,2
230003512,Property Damage Crash,01/22/2023 02:48:00 AM,GEORGIA AVE,NA,STRAIGHT MOVEMENT ANGLE,Clear,DRY,Medium,TRAFFIC SIGNAL,NONE DETECTED,Unknown,No Apparent Injury,N/A,NOT DISTRACTED,MD,PASSENGER CAR,MOVING CONSTANT SPEED,35,No,2015,MERCEDES,C-CLASS,39.04692317,-77.051971,2023,1,2
230003511,Injury Crash,01/22/2023 01:50:00 AM,NEW HAMPSHIRE AVE,NA,ANGLE MEETS RIGHT TURN,Clear,DRY,Medium,TRAFFIC SIGNAL,ALCOHOL PRESENT,Yes,No Apparent Injury,N/A,NOT DISTRACTED,MD,(SPORT) UTILITY VEHICLE,MOVING CONSTANT SPEED,40,No,2012,HONDA,PILOT,39.07644333,-77.00173167,2023,1,1
230003511,Injury Crash,01/22/2023 01:50:00 AM,NEW HAMPSHIRE AVE,NA,ANGLE MEETS RIGHT TURN,Clear,DRY,Medium,TRAFFIC SIGNAL,NONE DETECTED,No,Possible Minor Injury,N/A,NOT DISTRACTED,MD,(SPORT) UTILITY VEHICLE,MAKING RIGHT TURN,40,No,2018,NISSAN,KICKS,39.07644333,-77.00173167,2023,1,1
230003498,Injury Crash,01/21/2023 11:37:00 PM,GEORGIA AVE,NA,SAME DIR REAR END,Clear,N/A,Medium,TRAFFIC SIGNAL,ALCOHOL PRESENT,Yes,No Apparent Injury,N/A,NOT DISTRACTED,MD,PASSENGER CAR,MOVING CONSTANT SPEED,35,No,2008,HONDA,ELEMENT,38.99976833,-77.03231667,2023,1,23
230003498,Injury Crash,01/21/2023 11:37:00 PM,GEORGIA AVE,NA,SAME DIR REAR END,Clear,N/A,Medium,TRAFFIC SIGNAL,NONE DETECTED,No,Possible Minor Injury,N/A,NOT DISTRACTED,MD,PASSENGER CAR,STOPPED IN TRAFFIC LANE,35,No,2022,TOYT,RAV4,38.99976833,-77.03231667,2023,1,23