Local Case Number,ACRS Report Type,Crash Date/Time,Road Name,Related Non-Motorist,Collision Type,Weather,Surface Condition,Light,Traffic Control,Driver Substance Abuse,Driver At Fault,Injury Severity,Circumstance,Driver Distracted By,Drivers License State,Vehicle Body Type,Vehicle Movement,Speed Limit,Driverless Vehicle,Vehicle Year,Vehicle Make,Vehicle Model,Latitude,Longitude,Year,Month,Hour
230003498,Injury Crash,01/21/2023 11:37:00 PM,GEORGIA AVE,NA,SAME DIR REAR END,Clear,N/A,Medium,TRAFFIC SIGNAL,NONE DETECTED,No,Possible Minor Injury,N/A,NOT DISTRACTED,MD,PASSENGER CAR,STOPPED IN TRAFFIC LANE,35,No,2018,CHEV,IMPALA,38.99976833,-77.03231667,2023,1,23
230003499,Injury Crash,01/21/2023 11:32:00 PM,GEORGIA AVE,NA,OTHER,Clear,DRY,Medium,NO CONTROLS,ALCOHOL PRESENT,Yes,Possible Minor Injury,N/A,NOT DISTRACTED,MD,PASSENGER CAR,MOVING CONSTANT SPEED,25,No,2021,NISSAN,SENTRA,39.04091317,-77.05166967,2023,1,23
230003500,Property Damage Crash,01/21/2023 11:31:00 PM,CHERRY HILL RD,NA,SAME DIR REAR END,Clear,DRY,Medium,TRAFFIC SIGNAL,NONE DETECTED,No,No Apparent Injury,N/A,NOT DISTRACTED,MD,PASSENGER CAR,STARTING FROM PARKED,35,No,2021,ACUR,UT,39.0626562,-76.96258449,2023,1,23
230003500,Property Damage Crash,01/21/2023 11:31:00 PM,CHERRY HILL RD,NA,SAME DIR REAR END,Clear,DRY,Medium,TRAFFIC SIGNAL,NONE DETECTED,Yes,No Apparent Injury,N/A,UNKNOWN,NA,PASSENGER CAR,UNKNOWN,35,No,2003,HOND,ACCORD,39.0626562,-76.96258449,2023,1,23
230003496,Property Damage Crash,01/21/2023 09:50:00 PM,LEANING OAK ST,NA,OTHER,Clear,DRY,Dark,NO CONTROLS,ALCOHOL PRESENT,Yes,No Apparent Injury,N/A,UNKNOWN,LA,PICKUP TRUCK,MOVING CONSTANT SPEED,25,No,2019,TOYOTA,TAKOMA,39.11711029,-77.22945644,2023,1,21
220003488,Property Damage Crash,01/21/2023 09:37:00 PM,BRIGGS CHANEY RD,NA,STRAIGHT MOVEMENT ANGLE,Clear,DRY,Medium,STOP SIGN,NONE DETECTED,Yes,No Apparent Injury,N/A,LOOKED BUT DID NOT SEE,MD,PASSENGER CAR,MOVING CONSTANT SPEED,35,No,2015,SUBARU,LEGACY,39.07584233,-76.94132867,2023,1,21
220003488,Property Damage Crash,01/21/2023 09:37:00 PM,BRIGGS CHANEY RD,NA,STRAIGHT MOVEMENT ANGLE,Clear,DRY,Medium,STOP SIGN,NONE DETECTED,No,No Apparent Injury,N/A,NOT DISTRACTED,MD,PASSENGER CAR,MAKING LEFT TURN,35,No,2010,TOYOTA,COROLLA,39.07584233,-76.94132867,2023,1,21
230003483,Injury Crash,01/21/2023 08:50:00 PM,UNIVERSITY BLVD E,NA,SAME DIR REAR END,Clear,N/A,Medium,TRAFFIC SIGNAL,NONE DETECTED,No,No Apparent Injury,N/A,NOT DISTRACTED,PA,PASSENGER CAR,STOPPED IN TRAFFIC LANE,25,No,2017,FORD,SDN,38.98997167,-76.98914,2023,1,20
230003483,Injury Crash,01/21/2023 08:50:00 PM,UNIVERSITY BLVD E,NA,SAME DIR REAR END,Clear,N/A,Medium,TRAFFIC SIGNAL,NONE DETECTED,Yes,No Apparent Injury,N/A,UNKNOWN,NA,PASSENGER CAR,ACCELERATING,25,No,1998,TOYT,UT,38.98997167,-76.98914,2023,1,20
230003482,Property Damage Crash,01/21/2023 08:32:00 PM,OLD HUNDRED RD,NA,SINGLE VEHICLE,Clear,DRY,Dark,N/A,NONE DETECTED,No,No Apparent Injury,N/A,NOT DISTRACTED,MD,(SPORT) UTILITY VEHICLE,MOVING CONSTANT SPEED,40,No,2021,HONDA,CRV,39.27456067,-77.33744033,2023,1,20
230003470,Injury Crash,01/21/2023 05:47:00 PM,SHADY GROVE RD,NA,STRAIGHT MOVEMENT ANGLE,Clear,DRY,Medium,TRAFFIC SIGNAL,NONE DETECTED,No,Possible Minor Injury,N/A,NOT DISTRACTED,MD,PASSENGER CAR,STARTING FROM LANE,40,No,2022,TOYOTA,SD,39.11184245,-77.18704683,2023,1,17
230003470,Injury Crash,01/21/2023 05:47:00 PM,SHADY GROVE RD,NA,STRAIGHT MOVEMENT ANGLE,Clear,DRY,Medium,TRAFFIC SIGNAL,NONE DETECTED,Yes,No Apparent Injury,N/A,UNKNOWN,MD,(SPORT) UTILITY VEHICLE,MOVING CONSTANT SPEED,40,No,2013,JEEP,UT,39.11184245,-77.18704683,2023,1,17
230003441,Property Damage Crash,01/21/2023 12:20:00 PM,WAVERLY ST,NA,SINGLE VEHICLE,Cloudy,DRY,Daylight,NO CONTROLS,NONE DETECTED,Yes,No Apparent Injury,N/A,LOOKED BUT DID NOT SEE,MD,"CARGO VAN/LIGHT TRUCK 2 AXLES (OVER 10,000LBS (4,536 KG))",BACKING,25,No,2020,FRIGHTLINER,TRUCK,38.98375686,-77.0924218,2023,1,12
230003440,Property Damage Crash,01/21/2023 11:36:00 AM,COLESVILLE RD,NA,STRAIGHT MOVEMENT ANGLE,Clear,DRY,Daylight,TRAFFIC SIGNAL,NONE DETECTED,Unknown,No Apparent Injury,N/A,LOOKED BUT DID NOT SEE,MD,AMBULANCE/EMERGENCY,MOVING CONSTANT SPEED,35,No,2014,FREIGHTLINER,M2106,39.01981056,-77.01331613,2023,1,11
230003440,Property Damage Crash,01/21/2023 11:36:00 AM,COLESVILLE RD,NA,STRAIGHT MOVEMENT ANGLE,Clear,DRY,Daylight,TRAFFIC SIGNAL,NONE DETECTED,Unknown,No Apparent Injury,N/A,LOOKED BUT DID NOT SEE,MD,PASSENGER CAR,MOVING CONSTANT SPEED,35,No,2016,JEEP,GRAND CHEROKEE,39.01981056,-77.01331613,2023,1,11
230003416,Injury Crash,01/21/2023 10:54:00 AM,SHADY GROVE RD,PEDESTRIAN,OTHER,Clear,DRY,Daylight,TRAFFIC SIGNAL,NONE DETECTED,Yes,No Apparent Injury,N/A,INATTENTIVE OR LOST IN THOUGHT,MD,PASSENGER CAR,RIGHT TURN ON RED,40,No,2007,HOND,HB,39.093945,-77.19595167,2023,1,10
230003414,Injury Crash,01/21/2023 10:39:00 AM,JONES LA,NA,SINGLE VEHICLE,Cloudy,DRY,Daylight,N/A,NONE DETECTED,Yes,No Apparent Injury,N/A,OTHER DISTRACTION,MD,PASSENGER CAR,MOVING CONSTANT SPEED,35,No,2013,VOLKS,PASSAT,39.09704667,-77.26561333,2023,1,10
230003404,Property Damage Crash,01/21/2023 08:20:00 AM,UNIVERSITY BLVD W,NA,SAME DIR REAR END,Clear,DRY,Daylight,TRAFFIC SIGNAL,NONE DETECTED,No,No Apparent Injury,N/A,NOT DISTRACTED,QC,PASSENGER CAR,STOPPED IN TRAFFIC LANE,35,No,2022,SUBURBAN,SUV,39.0415765,-77.05121933,2023,1,8
230003404,Property Damage Crash,01/21/2023 08:20:00 AM,UNIVERSITY BLVD W,NA,SAME DIR REAR END,Clear,DRY,Daylight,TRAFFIC SIGNAL,NONE DETECTED,Yes,No Apparent Injury,N/A,UNKNOWN,MD,PASSENGER CAR,SLOWING OR STOPPING,35,No,2013,NISSIAN,SENTRA,39.0415765,-77.05121933,2023,1,8
230003397,Injury Crash,01/21/2023 04:44:00 AM,FISHER AVE,NA,SINGLE VEHICLE,Cloudy,DRY,Medium,N/A,ALCOHOL PRESENT,Yes,No Apparent Injury,N/A,NOT DISTRACTED,MD,"OTHER LIGHT TRUCKS (10,000LBS (4,536KG) OR LESS)",MOVING CONSTANT SPEED,30,No,2015,ACURA,MDX,39.14155817,-77.40737633,2023,1,4
230003392,Property Damage Crash,01/21/2023 01:30:00 AM,POPLAR SPRING RD,NA,OTHER,Clear,DRY,Dark,NO CONTROLS,NONE DETECTED,Yes,No Apparent Injury,N/A,UNKNOWN,MD,PASSENGER CAR,UNKNOWN,25,No,2017,CHEVROLET,CRUZE,39.1172153,-77.17252597,2023,1,1
230003373,Property Damage Crash,01/20/2023 11:13:00 PM,GEORGIA AVE,NA,OTHER,Clear,N/A,Medium,NO CONTROLS,NONE DETECTED,No,No Apparent Injury,N/A,NOT DISTRACTED,VA,PASSENGER CAR,PARKED,0,No,2006,CHEVROLET,EXPRESS,38.99768333,-77.02961833,2023,1,23
230003373,Property Damage Crash,01/20/2023 11:13:00 PM,GEORGIA AVE,NA,OTHER,Clear,N/A,Medium,NO CONTROLS,ALCOHOL PRESENT,Yes,No Apparent Injury,N/A,NOT DISTRACTED,VA,PASSENGER CAR,MAKING RIGHT TURN,30,No,1993,MAZDA,MX-6,38.99768333,-77.02961833,2023,1,23
230003368,Property Damage Crash,01/20/2023 10:30:00 PM,NA,NA,SINGLE VEHICLE,Clear,NA,Medium,NO CONTROLS,NONE DETECTED,Yes,No Apparent Injury,N/A,LOOKED BUT DID NOT SEE,MD,POLICE VEHICLE/NON EMERGENCY,BACKING,0,No,2014,DODGE,CHARGER,38.99136676,-77.09760458,2023,1,22
230003361,Property Damage Crash,01/20/2023 09:52:00 PM,NEW HAMPSHIRE AVE,NA,SAME DIRECTION LEFT TURN,Clear,DRY,Medium,TRAFFIC SIGNAL,NONE DETECTED,No,No Apparent Injury,N/A,NOT DISTRACTED,MD,TRANSIT BUS,STARTING FROM LANE,25,No,2019,NFLY,548,38.98865,-76.98774,2023,1,21
230003361,Property Damage Crash,01/20/2023 09:52:00 PM,NEW HAMPSHIRE AVE,NA,SAME DIRECTION LEFT TURN,Clear,DRY,Medium,TRAFFIC SIGNAL,NONE DETECTED,Yes,No Apparent Injury,N/A,UNKNOWN,NA,PASSENGER CAR,ACCELERATING,25,No,2005,FORD,TK,38.98865,-76.98774,2023,1,21
230003358,Property Damage Crash,01/20/2023 09:36:00 PM,MUNCASTER MILL RD,NA,HEAD ON LEFT TURN,Clear,DRY,Medium,TRAFFIC SIGNAL,NONE DETECTED,Yes,No Apparent Injury,N/A,NOT DISTRACTED,MD,PASSENGER CAR,MAKING LEFT TURN,35,No,2001,CHRYSLER,TOWN & COUNTRY,39.159149,-77.160536,2023,1,21
230003358,Property Damage Crash,01/20/2023 09:36:00 PM,MUNCASTER MILL RD,NA,HEAD ON LEFT TURN,Clear,DRY,Medium,TRAFFIC SIGNAL,NONE DETECTED,No,No Apparent Injury,N/A,NOT DISTRACTED,MD,PASSENGER CAR,MOVING CONSTANT SPEED,35,No,2019,TOYT,WG,39.159149,-77.160536,2023,1,21
230003352,Injury Crash,01/20/2023 09:15:00 PM,DALEWOOD DR,NA,SINGLE VEHICLE,Clear,DRY,Medium,NO CONTROLS,NONE DETECTED,Yes,Possible Minor Injury,N/A,UNKNOWN,MD,POLICE VEHICLE/EMERGENCY,MOVING CONSTANT SPEED,30,No,2015,JEEP,CHEROKEE,39.062605,-77.0648,2023,1,21
230003350,Injury Crash,01/20/2023 09:02:00 PM,UNIVERSITY BLVD E,NA,OTHER,Clear,DRY,Medium,N/A,NONE DETECTED,Yes,Possible Minor Injury,N/A,NOT DISTRACTED,MD,PASSENGER CAR,OTHER,25,No,2013,INFI,CP,38.99248333,-76.991815,2023,1,21
230003350,Injury Crash,01/20/2023 09:02:00 PM,UNIVERSITY BLVD E,NA,OTHER,Clear,DRY,Medium,N/A,NONE DETECTED,No,No Apparent Injury,N/A,NOT DISTRACTED,MD,PASSENGER CAR,MOVING CONSTANT SPEED,25,No,2020,HYUN,4S,38.99248333,-76.991815,2023,1,21
230003351,Injury Crash,01/20/2023 09:00:00 PM,NA,NA,SINGLE VEHICLE,Clear,NA,Medium,NO CONTROLS,NONE DETECTED,Yes,Possible Minor Injury,N/A,LOOKED BUT DID NOT SEE,MD,PASSENGER CAR,ACCELERATING,5,No,2021,PORCHE,CAYENNE,38.99753333,-77.1097275,2023,1,21
230003335,Property Damage Crash,01/20/2023 07:15:00 PM,WOODFIELD RD,NA,HEAD ON LEFT TURN,Clear,DRY,Medium,TRAFFIC SIGNAL,NONE DETECTED,No,No Apparent Injury,N/A,NOT DISTRACTED,MD,PICKUP TRUCK,STOPPED IN TRAFFIC LANE,45,No,2004,DODGE,RAM,39.15880833,-77.16013167,2023,1,19
230003335,Property Damage Crash,01/20/2023 07:15:00 PM,WOODFIELD RD,NA,HEAD ON LEFT TURN,Clear,DRY,Medium,TRAFFIC SIGNAL,NONE DETECTED,Yes,No Apparent Injury,N/A,LOOKED BUT DID NOT SEE,MD,PASSENGER CAR,MAKING LEFT TURN,45,No,2006,BMW,325I,39.15880833,-77.16013167,2023,1,19
230003335,Property Damage Crash,01/20/2023 07:15:00 PM,WOODFIELD RD,NA,HEAD ON LEFT TURN,Clear,DRY,Medium,TRAFFIC SIGNAL,NONE DETECTED,No,No Apparent Injury,N/A,NOT DISTRACTED,MD,PASSENGER CAR,MOVING CONSTANT SPEED,45,No,2003,TOYOTA,RAV-4,39.15880833,-77.16013167,2023,1,19
230003339,Property Damage Crash,01/20/2023 07:15:00 PM,GEORGIA AVE,NA,SINGLE VEHICLE,Clear,DRY,Dark,NO CONTROLS,NONE DETECTED,Yes,No Apparent Injury,"ANIMAL, N/A",NOT DISTRACTED,MD,(SPORT) UTILITY VEHICLE,MOVING CONSTANT SPEED,40,No,2012,DODGE,DURANGO,39.2268,-77.05829833,2023,1,19
230003334,Injury Crash,01/20/2023 06:58:00 PM,NA,PEDESTRIAN,OTHER,Clear,NA,Medium,STOP SIGN,NONE DETECTED,Yes,No Apparent Injury,N/A,UNKNOWN,NA,(SPORT) UTILITY VEHICLE,STARTING FROM PARKED,10,No,0,UNKNOWN,UNKNOWN,39.154036670000004,-77.19976667,2023,1,18
230004146,Property Damage Crash,01/20/2023 05:30:00 PM,NA,NA,SAME DIRECTION SIDESWIPE,Clear,NA,Medium,NO CONTROLS,NONE DETECTED,Yes,No Apparent Injury,N/A,UNKNOWN,NA,(SPORT) UTILITY VEHICLE,MAKING RIGHT TURN,10,No,1999,HONDA,PILOT,39.05342738,-77.10706477,2023,1,17
230004146,Property Damage Crash,01/20/2023 05:30:00 PM,NA,NA,SAME DIRECTION SIDESWIPE,Clear,NA,Medium,NO CONTROLS,NONE DETECTED,No,No Apparent Injury,N/A,NOT DISTRACTED,MD,PASSENGER CAR,MAKING RIGHT TURN,10,No,2010,HONDA,CIVIC,39.05342738,-77.10706477,2023,1,17
230003308,Property Damage Crash,01/20/2023 04:33:00 PM,NA,NA,SAME DIR REAR END,Clear,NA,Daylight,NO CONTROLS,NONE DETECTED,Yes,No Apparent Injury,N/A,UNKNOWN,MD,PASSENGER CAR,SLOWING OR STOPPING,5,No,2014,TOYT,TK,39.01046833,-77.041805,2023,1,16
230003308,Property Damage Crash,01/20/2023 04:33:00 PM,NA,NA,SAME DIR REAR END,Clear,NA,Daylight,NO CONTROLS,NONE DETECTED,No,No Apparent Injury,N/A,NOT DISTRACTED,MD,PASSENGER CAR,PARKED,5,No,2005,HOND,4S,39.01046833,-77.041805,2023,1,16
230003297,Injury Crash,01/20/2023 04:29:00 PM,CLOPPER RD,NA,SINGLE VEHICLE,Clear,DRY,Daylight,NO CONTROLS,NONE DETECTED,Yes,Possible Minor Injury,N/A,NOT DISTRACTED,MD,PASSENGER CAR,MOVING CONSTANT SPEED,40,No,2004,HONDA,VAN,39.166831,-77.29163383,2023,1,16
230003281,Property Damage Crash,01/20/2023 02:47:00 PM,NA,NA,SAME DIRECTION LEFT TURN,Clear,NA,Daylight,NO CONTROLS,NONE DETECTED,No,No Apparent Injury,N/A,NOT DISTRACTED,MD,SCHOOL BUS,PARKED,5,No,2012,THOMAS,BUS,39.064759,-77.039561,2023,1,14
230003281,Property Damage Crash,01/20/2023 02:47:00 PM,NA,NA,SAME DIRECTION LEFT TURN,Clear,NA,Daylight,NO CONTROLS,NONE DETECTED,Yes,No Apparent Injury,N/A,LOOKED BUT DID NOT SEE,MD,SCHOOL BUS,PASSING,5,No,2021,THOMAS,MSDE-D-12,39.064759,-77.039561,2023,1,14
230003279,Injury Crash,01/20/2023 02:19:00 PM,PEACH TREE RD,NA,STRAIGHT MOVEMENT ANGLE,Cloudy,N/A,Daylight,NO CONTROLS,NONE DETECTED,Yes,No Apparent Injury,N/A,UNKNOWN,MD,PASSENGER CAR,MAKING LEFT TURN,40,No,2012,VOLK,4S,39.21988583,-77.3493415,2023,1,14
230003279,Injury Crash,01/20/2023 02:19:00 PM,PEACH TREE RD,NA,STRAIGHT MOVEMENT ANGLE,Cloudy,N/A,Daylight,NO CONTROLS,NONE DETECTED,No,Possible Minor Injury,N/A,NOT DISTRACTED,MD,VAN,MOVING CONSTANT SPEED,40,No,2022,CHRY,PV,39.21988583,-77.3493415,2023,1,14
23000123,Property Damage Crash,01/20/2023 02:16:00 PM,NA,NA,OTHER,Clear,NA,Daylight,NO CONTROLS,NONE DETECTED,No,No Apparent Injury,N/A,NOT DISTRACTED,MD,POLICE VEHICLE/EMERGENCY,ACCELERATING,10,No,2019,CHEVY,TRAVERSE,39.05484217,-76.955711,2023,1,14
23000123,Property Damage Crash,01/20/2023 02:16:00 PM,NA,NA,OTHER,Clear,NA,Daylight,NO CONTROLS,NONE DETECTED,Yes,No Apparent Injury,N/A,LOOKED BUT DID NOT SEE,MD,PASSENGER CAR,ACCELERATING,10,No,2003,MERZ,SUV,39.05484217,-76.955711,2023,1,14
230003273,Property Damage Crash,01/20/2023 02:15:00 PM,WOODMONT AVE,NA,SAME DIR REAR END,Clear,DRY,Daylight,NO CONTROLS,NONE DETECTED,Yes,No Apparent Injury,N/A,LOOKED BUT DID NOT SEE,MD,AMBULANCE/EMERGENCY,BACKING,25,No,2018,FRIGHTLINER,AMB,38.99133267,-77.09678509,2023,1,14
230003273,Property Damage Crash,01/20/2023 02:15:00 PM,WOODMONT AVE,NA,SAME DIR REAR END,Clear,DRY,Daylight,NO CONTROLS,NONE DETECTED,No,No Apparent Injury,N/A,NOT DISTRACTED,MD,PASSENGER CAR,STOPPED IN TRAFFIC LANE,25,No,2016,MITSBSHI,OUTLANDER,38.99133267,-77.09678509,2023,1,14
230003265,Injury Crash,01/20/2023 01:54:00 PM,UNIVERSITY BLVD W,NA,HEAD ON LEFT TURN,Clear,DRY,Daylight,NO CONTROLS,NONE DETECTED,No,No Apparent Injury,N/A,NOT DISTRACTED,MD,(SPORT) UTILITY VEHICLE,MOVING CONSTANT SPEED,35,No,2016,TOYOTA,SUV,39.03551333,-77.06496833,2023,1,13
230003265,Injury Crash,01/20/2023 01:54:00 PM,UNIVERSITY BLVD W,NA,HEAD ON LEFT TURN,Clear,DRY,Daylight,NO CONTROLS,NONE DETECTED,Yes,Possible Minor Injury,N/A,LOOKED BUT DID NOT SEE,MD,PASSENGER CAR,MAKING LEFT TURN,35,No,2015,NISSAN,ALTIMA,39.03551333,-77.06496833,2023,1,13
230003262,Property Damage Crash,01/20/2023 01:32:00 PM,MONTGOMERY AVE,NA,SAME DIRECTION SIDESWIPE,Cloudy,DRY,Daylight,NO CONTROLS,NONE DETECTED,No,No Apparent Injury,N/A,NOT DISTRACTED,MD,TRANSIT BUS,MAKING RIGHT TURN,30,No,2013,NEW FLYER,BUS,38.98589,-77.08649833,2023,1,13
230003262,Property Damage Crash,01/20/2023 01:32:00 PM,MONTGOMERY AVE,NA,SAME DIRECTION SIDESWIPE,Cloudy,DRY,Daylight,NO CONTROLS,NONE DETECTED,Yes,No Apparent Injury,N/A,DISTRACTED BY OUTSIDE PERSON OBJECT OR EVENT,MD,PASSENGER CAR,MAKING RIGHT TURN,30,No,2013,FORD,FOCUS,38.98589,-77.08649833,2023,1,13
230003246,Injury Crash,01/20/2023 12:30:00 PM,SAYBROOK AVE,NA,STRAIGHT MOVEMENT ANGLE,Clear,DRY,Daylight,STOP SIGN,NONE DETECTED,No,Possible Minor Injury,N/A,NOT DISTRACTED,MD,PASSENGER CAR,MOVING CONSTANT SPEED,35,No,2007,HONDA,CRV,39.01000167,-77.00962333,2023,1,12
230003246,Injury Crash,01/20/2023 12:30:00 PM,SAYBROOK AVE,NA,STRAIGHT MOVEMENT ANGLE,Clear,DRY,Daylight,STOP SIGN,NONE DETECTED,Yes,Possible Minor Injury,N/A,LOOKED BUT DID NOT SEE,MD,PASSENGER CAR,MOVING CONSTANT SPEED,25,No,2002,TOYOTA,PRIUS,39.01000167,-77.00962333,2023,1,12
230003248,Injury Crash,01/20/2023 12:21:00 PM,SHADY GROVE RD,NA,STRAIGHT MOVEMENT ANGLE,Clear,DRY,Daylight,TRAFFIC SIGNAL,NONE DETECTED,Yes,No Apparent Injury,N/A,UNKNOWN,MD,PASSENGER CAR,UNKNOWN,40,No,2020,TOYOTA,CAMRY,39.10948082,-77.18827491,2023,1,12
230003248,Injury Crash,01/20/2023 12:21:00 PM,SHADY GROVE RD,NA,STRAIGHT MOVEMENT ANGLE,Clear,DRY,Daylight,TRAFFIC SIGNAL,NONE DETECTED,No,Possible Minor Injury,N/A,NOT DISTRACTED,MD,PASSENGER CAR,MAKING LEFT TURN,40,No,2021,JEEP,COMPASS,39.10948082,-77.18827491,2023,1,12
230003243,Property Damage Crash,01/20/2023 12:14:00 PM,GEORGIA AVE,NA,SAME DIRECTION SIDESWIPE,Clear,DRY,Daylight,TRAFFIC SIGNAL,NONE DETECTED,No,No Apparent Injury,N/A,NOT DISTRACTED,MD,VAN,MOVING CONSTANT SPEED,45,No,1999,TOYOTA,SIENNA,39.10167167,-77.077165,2023,1,12
230003243,Property Damage Crash,01/20/2023 12:14:00 PM,GEORGIA AVE,NA,SAME DIRECTION SIDESWIPE,Clear,DRY,Daylight,TRAFFIC SIGNAL,NONE DETECTED,Yes,No Apparent Injury,N/A,LOOKED BUT DID NOT SEE,MD,(SPORT) UTILITY VEHICLE,MOVING CONSTANT SPEED,45,No,2017,TOYTA,RAV 4,39.10167167,-77.077165,2023,1,12
230003229,Property Damage Crash,01/20/2023 11:07:00 AM,NA,NA,SAME DIRECTION SIDESWIPE,Cloudy,NA,Daylight,N/A,NONE DETECTED,Yes,No Apparent Injury,N/A,UNKNOWN,XX,PASSENGER CAR,PARKING,0,No,2011,TOYOTA,VENZA,39.22947833,-77.24975,2023,1,11
230003214,Property Damage Crash,01/20/2023 10:16:00 AM,SHADY GROVE RD,NA,SAME DIRECTION SIDESWIPE,Clear,DRY,Daylight,TRAFFIC SIGNAL,NONE DETECTED,Yes,No Apparent Injury,N/A,LOOKED BUT DID NOT SEE,NA,UNKNOWN,MAKING LEFT TURN,40,No,2023,UNKNOWN,UNKNOWN,39.12667848,-77.17348476,2023,1,10
230003214,Property Damage Crash,01/20/2023 10:16:00 AM,SHADY GROVE RD,NA,SAME DIRECTION SIDESWIPE,Clear,DRY,Daylight,TRAFFIC SIGNAL,NONE DETECTED,No,No Apparent Injury,N/A,NOT DISTRACTED,MD,TRANSIT BUS,STOPPED IN TRAFFIC LANE,40,No,2017,GILG,RIDE ON BUS,39.12667848,-77.17348476,2023,1,10
230003202,Injury Crash,01/20/2023 09:07:00 AM,MIDDLEBROOK RD,NA,STRAIGHT MOVEMENT ANGLE,Clear,DRY,Daylight,STOP SIGN,NONE DETECTED,Yes,No Apparent Injury,N/A,LOOKED BUT DID NOT SEE,MD,PASSENGER CAR,MOVING CONSTANT SPEED,35,No,2019,TOYT,TK,39.18147167,-77.26969767,2023,1,9
230003202,Injury Crash,01/20/2023 09:07:00 AM,MIDDLEBROOK RD,NA,STRAIGHT MOVEMENT ANGLE,Clear,DRY,Daylight,STOP SIGN,NONE DETECTED,No,Possible Minor Injury,N/A,NOT DISTRACTED,MD,PASSENGER CAR,MOVING CONSTANT SPEED,35,No,2021,MAZD,UT,39.18147167,-77.26969767,2023,1,9
230003198,Injury Crash,01/20/2023 08:47:00 AM,E JEFFERSON ST,PEDESTRIAN,OTHER,Clear,DRY,Daylight,TRAFFIC SIGNAL,NONE DETECTED,Yes,No Apparent Injury,N/A,DISTRACTED BY OUTSIDE PERSON OBJECT OR EVENT,MD,PASSENGER CAR,MAKING RIGHT TURN,30,No,2010,FORD,FOCUS,39.08212167,-77.15105667,2023,1,8
230003196,Injury Crash,01/20/2023 08:44:00 AM,CORDELL AVE,PEDESTRIAN,SINGLE VEHICLE,Clear,DRY,Daylight,TRAFFIC SIGNAL,NONE DETECTED,Yes,No Apparent Injury,"N/A, VISION OBSTRUCTION (INCL. BLINDED BY SUN)",LOOKED BUT DID NOT SEE,MD,PASSENGER CAR,MAKING LEFT TURN,25,No,2009,HONDA,ACCORD,38.99080487,-77.09643951,2023,1,8
230003194,Property Damage Crash,01/20/2023 08:30:00 AM,NA,NA,SAME DIR BOTH LEFT TURN,Clear,NA,Daylight,NO CONTROLS,NONE DETECTED,Yes,No Apparent Injury,N/A,LOOKED BUT DID NOT SEE,MD,SCHOOL BUS,SLOWING OR STOPPING,15,No,2019,THMS BU,THMS BU,39.12397535,-77.06377249,2023,1,8
230003194,Property Damage Crash,01/20/2023 08:30:00 AM,NA,NA,SAME DIR BOTH LEFT TURN,Clear,NA,Daylight,NO CONTROLS,NONE DETECTED,No,No Apparent Injury,N/A,NOT DISTRACTED,MD,PASSENGER CAR,SLOWING OR STOPPING,10,No,2005,NISSAN,ALTIMA,39.12397535,-77.06377249,2023,1,8
230003192,Injury Crash,01/20/2023 08:20:00 AM,CHRISTOPHER AVE,NA,SAME DIR REAR END,Clear,DRY,Daylight,TRAFFIC SIGNAL,NONE DETECTED,Yes,No Apparent Injury,N/A,LOOKED BUT DID NOT SEE,MD,(SPORT) UTILITY VEHICLE,CHANGING LANES,30,No,2016,KIA,SORENTO,39.15858333,-77.20485167,2023,1,8
230003192,Injury Crash,01/20/2023 08:20:00 AM,CHRISTOPHER AVE,NA,SAME DIR REAR END,Clear,DRY,Daylight,TRAFFIC SIGNAL,NONE DETECTED,No,Possible Minor Injury,N/A,NOT DISTRACTED,MD,PASSENGER CAR,SLOWING OR STOPPING,30,No,2002,TOYOTA,PRIUS,39.15858333,-77.20485167,2023,1,8
230003189,Injury Crash,01/20/2023 07:45:00 AM,DARNESTOWN RD,NA,STRAIGHT MOVEMENT ANGLE,Clear,DRY,Daylight,TRAFFIC SIGNAL,NONE DETECTED,No,No Apparent Injury,N/A,NOT DISTRACTED,MD,PASSENGER CAR,MOVING CONSTANT SPEED,30,No,2017,SUBARU,STI,39.11760308,-77.25131353,2023,1,7
230003189,Injury Crash,01/20/2023 07:45:00 AM,DARNESTOWN RD,NA,STRAIGHT MOVEMENT ANGLE,Clear,DRY,Daylight,TRAFFIC SIGNAL,NONE DETECTED,Yes,Possible Minor Injury,N/A,LOOKED BUT DID NOT SEE,MD,PASSENGER CAR,MAKING LEFT TURN,30,No,2021,VOLKSWAGEN,JETTA,39.11760308,-77.25131353,2023,1,7
230003226,Property Damage Crash,01/20/2023 07:40:00 AM,BAUER DR,NA,OTHER,Cloudy,WET,Daylight,N/A,NONE DETECTED,Yes,No Apparent Injury,"N/A, WET",UNKNOWN,MD,PASSENGER CAR,UNKNOWN,25,No,2022,MAZDA,CX-30,39.09098667,-77.10258833,2023,1,7
230003180,Injury Crash,01/20/2023 06:11:00 AM,GREAT SENECA HWY,NA,SINGLE VEHICLE,Clear,WET,Medium,TRAFFIC SIGNAL,NONE DETECTED,Yes,Possible Minor Injury,"N/A, WET",UNKNOWN,MD,PASSENGER CAR,MOVING CONSTANT SPEED,50,No,2013,TOYT,AVALON,39.11877167,-77.22360833,2023,1,6
230003179,Property Damage Crash,01/20/2023 06:10:00 AM,SHADY GROVE RD,NA,SINGLE VEHICLE,Cloudy,WET,Medium,NO CONTROLS,NONE DETECTED,Yes,No Apparent Injury,"N/A, WET",OTHER DISTRACTION,VA,PASSENGER CAR,MOVING CONSTANT SPEED,45,No,2007,TOYOTA,COROLLA,39.11276778,-77.18682798,2023,1,6
230003165,Property Damage Crash,01/20/2023 12:41:00 AM,EISENHOWER MEMORIAL HWY,NA,SINGLE VEHICLE,Clear,WET,Medium,NO CONTROLS,NONE DETECTED,Yes,No Apparent Injury,"N/A, WET",NOT DISTRACTED,MD,PASSENGER CAR,MOVING CONSTANT SPEED,45,No,2015,HOND,4S,39.12028556,-77.19521374,2023,1,0
230003142,Injury Crash,01/19/2023 08:50:00 PM,OLD GEORGETOWN RD,NA,HEAD ON LEFT TURN,Rain,WET,Medium,TRAFFIC SIGNAL,NONE DETECTED,Yes,No Apparent Injury,"RAIN, SNOW, WET",LOOKED BUT DID NOT SEE,MD,(SPORT) UTILITY VEHICLE,MAKING LEFT TURN,40,No,2015,NISSAN,ROUGE,39.0302025,-77.12663433,2023,1,20
230003142,Injury Crash,01/19/2023 08:50:00 PM,OLD GEORGETOWN RD,NA,HEAD ON LEFT TURN,Rain,WET,Medium,TRAFFIC SIGNAL,NONE DETECTED,No,No Apparent Injury,"RAIN, SNOW, WET",NOT DISTRACTED,MD,PASSENGER CAR,MOVING CONSTANT SPEED,40,No,2021,HONDA,CIVIC,39.0302025,-77.12663433,2023,1,20
230003150,Property Damage Crash,01/19/2023 07:45:00 PM,NA,NA,SAME DIR REAR END,Clear,NA,Medium,N/A,NONE DETECTED,Yes,No Apparent Injury,"N/A, WET",UNKNOWN,NA,PASSENGER CAR,PARKING,15,No,2016,JEEP,PATRIOT,39.19911333,-77.255505,2023,1,19
230003134,Property Damage Crash,01/19/2023 07:30:00 PM,NA,NA,OTHER,Cloudy,NA,Medium,NO CONTROLS,ALCOHOL PRESENT,Yes,No Apparent Injury,N/A,NOT DISTRACTED,MD,PASSENGER CAR,BACKING,25,No,2007,HONDA,CRV,39.16635191,-77.15684336,2023,1,19