Local Case Number,ACRS Report Type,Crash Date/Time,Road Name,Related Non-Motorist,Collision Type,Weather,Surface Condition,Light,Traffic Control,Driver Substance Abuse,Driver At Fault,Injury Severity,Circumstance,Driver Distracted By,Drivers License State,Vehicle Body Type,Vehicle Movement,Speed Limit,Driverless Vehicle,Vehicle Year,Vehicle Make,Vehicle Model,Latitude,Longitude,Year,Month,Hour
230003127,Property Damage Crash,01/19/2023 06:10:00 PM,RIVER RD,NA,SAME DIR REAR END,Rain,WET,Medium,NO CONTROLS,NONE DETECTED,No,No Apparent Injury,"N/A, WET",NOT DISTRACTED,MD,(SPORT) UTILITY VEHICLE,SLOWING OR STOPPING,35,No,2021,TOYT,RAV 4,38.97191155,-77.11990178,2023,1,18
230003127,Property Damage Crash,01/19/2023 06:10:00 PM,RIVER RD,NA,SAME DIR REAR END,Rain,WET,Medium,NO CONTROLS,NONE DETECTED,Yes,No Apparent Injury,"N/A, WET",INATTENTIVE OR LOST IN THOUGHT,MD,PASSENGER CAR,SLOWING OR STOPPING,35,No,2014,TOYT,PRIUS,38.97191155,-77.11990178,2023,1,18
230003122,Property Damage Crash,01/19/2023 06:00:00 PM,LOST KNIFE RD,NA,STRAIGHT MOVEMENT ANGLE,Rain,WET,Medium,NO CONTROLS,NONE DETECTED,Yes,No Apparent Injury,"N/A, RAIN, SNOW",UNKNOWN,MD,PASSENGER CAR,ACCELERATING,35,No,2006,VOLVO,SUV,39.15641711,-77.20249104,2023,1,18
230003122,Property Damage Crash,01/19/2023 06:00:00 PM,LOST KNIFE RD,NA,STRAIGHT MOVEMENT ANGLE,Rain,WET,Medium,NO CONTROLS,NONE DETECTED,No,No Apparent Injury,"N/A, RAIN, SNOW",NOT DISTRACTED,MD,PASSENGER CAR,MOVING CONSTANT SPEED,35,No,2020,HYUNDAI,TUCSON,39.15641711,-77.20249104,2023,1,18
230003116,Property Damage Crash,01/19/2023 05:51:00 PM,CARROLL AVE,NA,STRAIGHT MOVEMENT ANGLE,Rain,WET,Medium,STOP SIGN,NONE DETECTED,Yes,No Apparent Injury,"RAIN, SNOW, WET",LOOKED BUT DID NOT SEE,MD,PASSENGER CAR,MAKING LEFT TURN,25,No,2016,NISSAN,SENTRA,38.98963333,-76.99343,2023,1,17
230003116,Property Damage Crash,01/19/2023 05:51:00 PM,CARROLL AVE,NA,STRAIGHT MOVEMENT ANGLE,Rain,WET,Medium,STOP SIGN,NONE DETECTED,No,No Apparent Injury,"RAIN, SNOW, WET",LOOKED BUT DID NOT SEE,MD,PASSENGER CAR,MOVING CONSTANT SPEED,25,No,2009,TOYT,UT,38.98963333,-76.99343,2023,1,17
230003115,Property Damage Crash,01/19/2023 05:43:00 PM,RANDOLPH RD,NA,STRAIGHT MOVEMENT ANGLE,Rain,WET,Medium,TRAFFIC SIGNAL,NONE DETECTED,No,No Apparent Injury,"RAIN, SNOW, WET",NOT DISTRACTED,TX,PASSENGER CAR,ACCELERATING,40,No,2001,LINC,SUV,39.06046483,-77.04522733,2023,1,17
230003115,Property Damage Crash,01/19/2023 05:43:00 PM,RANDOLPH RD,NA,STRAIGHT MOVEMENT ANGLE,Rain,WET,Medium,TRAFFIC SIGNAL,NONE DETECTED,Yes,No Apparent Injury,"RAIN, SNOW, WET",LOOKED BUT DID NOT SEE,MD,PASSENGER CAR,MOVING CONSTANT SPEED,40,No,2016,TOYOTA,COROLLA,39.06046483,-77.04522733,2023,1,17
230003105,Property Damage Crash,01/19/2023 04:30:00 PM,WOODMONT AVE,NA,SAME DIRECTION SIDESWIPE,Cloudy,DRY,Medium,TRAFFIC SIGNAL,NONE DETECTED,No,No Apparent Injury,N/A,NOT DISTRACTED,MD,PASSENGER CAR,STOPPED IN TRAFFIC LANE,30,No,2017,AUDI,A4,38.99264423,-77.0970926,2023,1,16
230003105,Property Damage Crash,01/19/2023 04:30:00 PM,WOODMONT AVE,NA,SAME DIRECTION SIDESWIPE,Cloudy,DRY,Medium,TRAFFIC SIGNAL,NONE DETECTED,Yes,No Apparent Injury,N/A,NOT DISTRACTED,MD,FIRE VEHICLE/EMERGENCY,MAKING LEFT TURN,30,No,2019,PIERCE,FRE TRUCK,38.99264423,-77.0970926,2023,1,16
230003103,Property Damage Crash,01/19/2023 04:25:00 PM,NA,NA,SINGLE VEHICLE,Rain,NA,Medium,N/A,NONE DETECTED,Yes,No Apparent Injury,N/A,UNKNOWN,MD,(SPORT) UTILITY VEHICLE,BACKING,30,No,2021,BMW,X5,39.050535000000004,-77.16641667,2023,1,16
230003092,Injury Crash,01/19/2023 04:13:00 PM,RANDOLPH RD,NA,STRAIGHT MOVEMENT ANGLE,Rain,WET,Daylight,STOP SIGN,NONE DETECTED,Yes,Possible Minor Injury,"RAIN, SNOW, WET",LOOKED BUT DID NOT SEE,MD,PASSENGER CAR,MAKING LEFT TURN,40,No,2018,HYUNDAI,ELANTRA,39.07481667,-77.00492167,2023,1,16
230003092,Injury Crash,01/19/2023 04:13:00 PM,RANDOLPH RD,NA,STRAIGHT MOVEMENT ANGLE,Rain,WET,Daylight,STOP SIGN,NONE DETECTED,No,No Apparent Injury,"RAIN, SNOW, WET",NOT DISTRACTED,MD,PASSENGER CAR,MOVING CONSTANT SPEED,40,No,2012,HOND,4S,39.07481667,-77.00492167,2023,1,16
230003098,Property Damage Crash,01/19/2023 03:59:00 PM,BRIGGS CHANEY RD,NA,SAME DIR REAR END,Rain,WET,Medium,NO CONTROLS,NONE DETECTED,No,No Apparent Injury,"RAIN, SNOW, WET",NOT DISTRACTED,MD,PASSENGER CAR,SLOWING OR STOPPING,35,No,2021,TOYOTA,CAMRY,39.0825396,-76.94780521,2023,1,15
230003098,Property Damage Crash,01/19/2023 03:59:00 PM,BRIGGS CHANEY RD,NA,SAME DIR REAR END,Rain,WET,Medium,NO CONTROLS,NONE DETECTED,No,No Apparent Injury,"RAIN, SNOW, WET",NOT DISTRACTED,MD,PASSENGER CAR,STOPPED IN TRAFFIC LANE,35,No,2000,TOYOTA,AVALON,39.0825396,-76.94780521,2023,1,15
230003098,Property Damage Crash,01/19/2023 03:59:00 PM,BRIGGS CHANEY RD,NA,SAME DIR REAR END,Rain,WET,Medium,NO CONTROLS,NONE DETECTED,Yes,No Apparent Injury,"RAIN, SNOW, WET",NOT DISTRACTED,MD,PICKUP TRUCK,SLOWING OR STOPPING,35,No,2017,FORD,RAPTOR,39.0825396,-76.94780521,2023,1,15
230003098,Property Damage Crash,01/19/2023 03:59:00 PM,BRIGGS CHANEY RD,NA,SAME DIR REAR END,Rain,WET,Medium,NO CONTROLS,NONE DETECTED,No,No Apparent Injury,"RAIN, SNOW, WET",NOT DISTRACTED,MD,PASSENGER CAR,STOPPED IN TRAFFIC LANE,35,No,2023,NISSAN,ROUGE,39.0825396,-76.94780521,2023,1,15
230003062,Injury Crash,01/19/2023 01:37:00 PM,SLIGO AVE,NA,SAME DIR REAR END,Rain,WET,Daylight,NO CONTROLS,NONE DETECTED,No,No Apparent Injury,"N/A, RAIN, SNOW",NOT DISTRACTED,DC,(SPORT) UTILITY VEHICLE,SLOWING OR STOPPING,25,No,2018,HONDA,CRV,38.99035867,-77.0191165,2023,1,13
230003065,Property Damage Crash,01/19/2023 01:37:00 PM,16TH ST,NA,SAME DIR REAR END,Cloudy,DRY,Daylight,TRAFFIC SIGNAL,NONE DETECTED,No,No Apparent Injury,N/A,NOT DISTRACTED,MD,"CARGO VAN/LIGHT TRUCK 2 AXLES (OVER 10,000LBS (4,536 KG))",STOPPED IN TRAFFIC LANE,0,No,2011,NISSAN,TRUCK,38.99167667,-77.03564333,2023,1,13
230003062,Injury Crash,01/19/2023 01:37:00 PM,SLIGO AVE,NA,SAME DIR REAR END,Rain,WET,Daylight,NO CONTROLS,NONE DETECTED,Yes,No Apparent Injury,"N/A, RAIN, SNOW",NOT DISTRACTED,MD,PASSENGER CAR,MOVING CONSTANT SPEED,25,No,2014,TOYOTA,PRIUS,38.99035867,-77.0191165,2023,1,13
230003065,Property Damage Crash,01/19/2023 01:37:00 PM,16TH ST,NA,SAME DIR REAR END,Cloudy,DRY,Daylight,TRAFFIC SIGNAL,NONE DETECTED,Yes,No Apparent Injury,N/A,UNKNOWN,MD,PASSENGER CAR,CHANGING LANES,25,No,2021,JEEP,CHEROKEE,38.99167667,-77.03564333,2023,1,13
230003067,Property Damage Crash,01/19/2023 12:45:00 PM,UNIVERSITY BLVD W,NA,ANGLE MEETS RIGHT TURN,Rain,WET,Daylight,TRAFFIC SIGNAL,NONE DETECTED,Yes,No Apparent Injury,"N/A, WET",UNKNOWN,NA,RECREATIONAL VEHICLE,MAKING RIGHT TURN,35,No,2013,HONDA,PILOT,39.03999,-77.05514,2023,1,12
230003067,Property Damage Crash,01/19/2023 12:45:00 PM,UNIVERSITY BLVD W,NA,ANGLE MEETS RIGHT TURN,Rain,WET,Daylight,TRAFFIC SIGNAL,NONE DETECTED,No,No Apparent Injury,"N/A, WET",NOT DISTRACTED,MD,PASSENGER CAR,MOVING CONSTANT SPEED,35,No,2019,ACURA,TLX,39.03999,-77.05514,2023,1,12
230003047,Injury Crash,01/19/2023 12:01:00 PM,MIDDLEBROOK RD,PEDESTRIAN,SINGLE VEHICLE,Cloudy,WET,Daylight,STOP SIGN,NONE DETECTED,Yes,No Apparent Injury,"RAIN, SNOW, WET",LOOKED BUT DID NOT SEE,MD,PASSENGER CAR,SLOWING OR STOPPING,25,No,2018,HONDA,ACCORD,39.174774,-77.259127,2023,1,12
230003034,Property Damage Crash,01/19/2023 10:29:00 AM,NEW HAMPSHIRE AVE,NA,SAME DIR REAR END,Cloudy,WET,Daylight,TRAFFIC SIGNAL,NONE DETECTED,No,No Apparent Injury,N/A,NOT DISTRACTED,MD,PASSENGER CAR,STOPPED IN TRAFFIC LANE,40,No,2009,INFINITI,G37X,39.01199,-76.97897817,2023,1,10
230003034,Property Damage Crash,01/19/2023 10:29:00 AM,NEW HAMPSHIRE AVE,NA,SAME DIR REAR END,Cloudy,WET,Daylight,TRAFFIC SIGNAL,NONE DETECTED,No,No Apparent Injury,N/A,NOT DISTRACTED,MD,VAN,STOPPED IN TRAFFIC LANE,40,No,2018,FORD,CG,39.01199,-76.97897817,2023,1,10
230003034,Property Damage Crash,01/19/2023 10:29:00 AM,NEW HAMPSHIRE AVE,NA,SAME DIR REAR END,Cloudy,WET,Daylight,TRAFFIC SIGNAL,NONE DETECTED,No,No Apparent Injury,N/A,NOT DISTRACTED,MD,PASSENGER CAR,STOPPED IN TRAFFIC LANE,40,No,2012,VOLKSWAGON,BEETLE,39.01199,-76.97897817,2023,1,10
230003034,Property Damage Crash,01/19/2023 10:29:00 AM,NEW HAMPSHIRE AVE,NA,SAME DIR REAR END,Cloudy,WET,Daylight,TRAFFIC SIGNAL,NONE DETECTED,Yes,No Apparent Injury,N/A,UNKNOWN,MD,PASSENGER CAR,MOVING CONSTANT SPEED,40,No,2009,TOYOTA,COROLLA,39.01199,-76.97897817,2023,1,10
230003033,Property Damage Crash,01/19/2023 10:16:00 AM,TOWER OAKS BLVD,NA,HEAD ON LEFT TURN,Rain,WET,Daylight,TRAFFIC SIGNAL,NONE DETECTED,Yes,No Apparent Injury,"N/A, WET",NOT DISTRACTED,MD,PASSENGER CAR,MAKING LEFT TURN,30,No,2018,NISSAN,ALTIMA,39.05858184,-77.15231802,2023,1,10
230003033,Property Damage Crash,01/19/2023 10:16:00 AM,TOWER OAKS BLVD,NA,HEAD ON LEFT TURN,Rain,WET,Daylight,TRAFFIC SIGNAL,NONE DETECTED,Yes,No Apparent Injury,"N/A, WET",NOT DISTRACTED,MD,PASSENGER CAR,SLOWING OR STOPPING,30,No,2005,FORD,MUSTANG,39.05858184,-77.15231802,2023,1,10
230003031,Injury Crash,01/19/2023 09:44:00 AM,SUNDOWN RD,NA,SINGLE VEHICLE,Cloudy,WET,Daylight,NO CONTROLS,NONE DETECTED,Yes,Possible Minor Injury,"ANIMAL, WET",NOT DISTRACTED,MB,(SPORT) UTILITY VEHICLE,MOVING CONSTANT SPEED,40,No,2018,NISSAN,PATHFINDER,39.21938587,-77.09888225,2023,1,9
230003019,Property Damage Crash,01/19/2023 09:30:00 AM,GOOD HOPE RD,NA,STRAIGHT MOVEMENT ANGLE,Rain,WET,Daylight,STOP SIGN,NONE DETECTED,Unknown,No Apparent Injury,N/A,NOT DISTRACTED,PA,PASSENGER CAR,ACCELERATING,15,No,2020,CHEVROLET,COLORADO,39.09644706,-76.98695416,2023,1,9
230003019,Property Damage Crash,01/19/2023 09:30:00 AM,GOOD HOPE RD,NA,STRAIGHT MOVEMENT ANGLE,Rain,WET,Daylight,STOP SIGN,NONE DETECTED,Unknown,No Apparent Injury,N/A,NOT DISTRACTED,MD,PASSENGER CAR,MAKING LEFT TURN,15,No,2019,HOND,UT,39.09644706,-76.98695416,2023,1,9
230003013,Injury Crash,01/19/2023 08:45:00 AM,COLESVILLE RD,NA,SAME DIR REAR END,Cloudy,WET,Daylight,N/A,NONE DETECTED,Yes,No Apparent Injury,"N/A, WET",NOT DISTRACTED,MD,PASSENGER CAR,SLOWING OR STOPPING,35,No,2017,ACURA,MDX,39.01043976,-77.01761744,2023,1,8
230003013,Injury Crash,01/19/2023 08:45:00 AM,COLESVILLE RD,NA,SAME DIR REAR END,Cloudy,WET,Daylight,N/A,NONE DETECTED,No,Possible Minor Injury,"N/A, WET",NOT DISTRACTED,MD,PASSENGER CAR,SLOWING OR STOPPING,35,No,2002,MERCEDES BENZ,C320,39.01043976,-77.01761744,2023,1,8
230003011,Property Damage Crash,01/19/2023 08:08:00 AM,RIVER RD,NA,SAME DIR REAR END,Rain,WET,Daylight,NO CONTROLS,NONE DETECTED,Yes,No Apparent Injury,"N/A, WET",INATTENTIVE OR LOST IN THOUGHT,MD,PASSENGER CAR,SLOWING OR STOPPING,35,No,2018,JEEP,UT,38.99062,-77.15431,2023,1,8
230003011,Property Damage Crash,01/19/2023 08:08:00 AM,RIVER RD,NA,SAME DIR REAR END,Rain,WET,Daylight,NO CONTROLS,NONE DETECTED,No,No Apparent Injury,"N/A, WET",NOT DISTRACTED,MD,PASSENGER CAR,STOPPED IN TRAFFIC LANE,35,No,2021,LEXS,UT,38.99062,-77.15431,2023,1,8
230003003,Injury Crash,01/19/2023 07:19:00 AM,RIDGE RD,NA,SAME DIR REAR END,Cloudy,DRY,Medium,N/A,NONE DETECTED,No,No Apparent Injury,N/A,NOT DISTRACTED,MD,"MEDIUM/HEAVY TRUCKS 3 AXLES (OVER 10,000LBS (4,536KG))",MOVING CONSTANT SPEED,40,No,2023,PTRB,GARBAGE TRUCK,39.20424436,-77.24779404,2023,1,7
230003003,Injury Crash,01/19/2023 07:19:00 AM,RIDGE RD,NA,SAME DIR REAR END,Cloudy,DRY,Medium,N/A,NONE DETECTED,Yes,No Apparent Injury,N/A,UNKNOWN,MD,PASSENGER CAR,MOVING CONSTANT SPEED,40,No,2006,NISSAN,ROGUE,39.20424436,-77.24779404,2023,1,7
230002998,Property Damage Crash,01/19/2023 05:55:00 AM,MONTGOMERY VILLAGE AVE,NA,STRAIGHT MOVEMENT ANGLE,Clear,WET,Medium,TRAFFIC SIGNAL,NONE DETECTED,No,No Apparent Injury,"N/A, WET",NOT DISTRACTED,MD,PASSENGER CAR,MOVING CONSTANT SPEED,35,No,2021,TOYOTA,RAV4,39.1614875,-77.20159017,2023,1,5
230002998,Property Damage Crash,01/19/2023 05:55:00 AM,MONTGOMERY VILLAGE AVE,NA,STRAIGHT MOVEMENT ANGLE,Clear,WET,Medium,TRAFFIC SIGNAL,NONE DETECTED,Yes,No Apparent Injury,"N/A, WET",NOT DISTRACTED,MD,PASSENGER CAR,MOVING CONSTANT SPEED,35,No,2013,KIA,OPTIMA,39.1614875,-77.20159017,2023,1,5
23000297,Injury Crash,01/19/2023 04:40:00 AM,FLOWER AVE,NA,STRAIGHT MOVEMENT ANGLE,Clear,WET,Medium,N/A,NONE DETECTED,No,No Apparent Injury,N/A,NOT DISTRACTED,MD,PASSENGER CAR,MOVING CONSTANT SPEED,25,No,2021,TOYOTA,CAMRY,38.9986381,-77.00366678,2023,1,4
23000297,Injury Crash,01/19/2023 04:40:00 AM,FLOWER AVE,NA,STRAIGHT MOVEMENT ANGLE,Clear,WET,Medium,N/A,NONE DETECTED,Yes,No Apparent Injury,N/A,NOT DISTRACTED,DC,PASSENGER CAR,MAKING LEFT TURN,25,No,2015,HONDA,CIVIC,38.9986381,-77.00366678,2023,1,4
230002991,Property Damage Crash,01/19/2023 03:29:00 AM,DARNESTOWN RD,NA,SINGLE VEHICLE,Rain,WET,Medium,STOP SIGN,NONE DETECTED,Yes,No Apparent Injury,"RAIN, SNOW, WET",NOT DISTRACTED,VA,PASSENGER CAR,SKIDDING,30,No,2016,VOLK,TIGUAN,39.113775,-77.26771,2023,1,3
230002980,Property Damage Crash,01/18/2023 11:45:00 PM,MATTHEWS DR,NA,OTHER,Clear,DRY,Medium,N/A,NONE DETECTED,Yes,No Apparent Injury,N/A,OTHER DISTRACTION,MD,PASSENGER CAR,SKIDDING,25,No,2019,CHEVY,EQUINOX,39.06734038,-77.12522265,2023,1,23
230002977,Injury Crash,01/18/2023 11:10:00 PM,BALTIMORE RD,NA,SINGLE VEHICLE,Clear,DRY,Medium,NO CONTROLS,ALCOHOL PRESENT,Yes,Possible Minor Injury,N/A,UNKNOWN,MD,PASSENGER CAR,MOVING CONSTANT SPEED,25,No,2017,TOYT,SD,39.0840693,-77.12808293,2023,1,23
230002975,Property Damage Crash,01/18/2023 11:00:00 PM,WISTERIA DR,NA,SINGLE VEHICLE,Clear,DRY,Medium,TRAFFIC SIGNAL,NONE DETECTED,Yes,No Apparent Injury,N/A,NOT DISTRACTED,MD,PASSENGER CAR,MOVING CONSTANT SPEED,30,No,2012,SCION,IQ,39.17420667,-77.26732333,2023,1,23
230002968,Property Damage Crash,01/18/2023 09:20:00 PM,WISCONSIN AVE,NA,SAME DIRECTION SIDESWIPE,Clear,DRY,Medium,TRAFFIC SIGNAL,NONE DETECTED,No,No Apparent Injury,N/A,NOT DISTRACTED,WV,"CARGO VAN/LIGHT TRUCK 2 AXLES (OVER 10,000LBS (4,536 KG))",STOPPED IN TRAFFIC LANE,35,No,2020,FORD,TRANSIT 350HD,38.97725833,-77.09099017,2023,1,21
230002968,Property Damage Crash,01/18/2023 09:20:00 PM,WISCONSIN AVE,NA,SAME DIRECTION SIDESWIPE,Clear,DRY,Medium,TRAFFIC SIGNAL,NONE DETECTED,Yes,No Apparent Injury,N/A,UNKNOWN,NA,NA,MAKING LEFT TURN,35,No,0,UNKNOWN,UNKNOWN,38.97725833,-77.09099017,2023,1,21
23000294,Property Damage Crash,01/18/2023 06:45:00 PM,GIRARD ST,NA,STRAIGHT MOVEMENT ANGLE,Clear,DRY,Medium,TRAFFIC SIGNAL,NONE DETECTED,Yes,No Apparent Injury,N/A,UNKNOWN,XX,PASSENGER CAR,MAKING LEFT TURN,30,No,2009,MAZDA,4D,39.15092263,-77.1925129,2023,1,18
23000294,Property Damage Crash,01/18/2023 06:45:00 PM,GIRARD ST,NA,STRAIGHT MOVEMENT ANGLE,Clear,DRY,Medium,TRAFFIC SIGNAL,NONE DETECTED,No,No Apparent Injury,N/A,NOT DISTRACTED,MD,PASSENGER CAR,MOVING CONSTANT SPEED,30,No,2010,TOYOTA,CAMRY,39.15092263,-77.1925129,2023,1,18
230002938,Property Damage Crash,01/18/2023 06:25:00 PM,WELLER RD,NA,STRAIGHT MOVEMENT ANGLE,Clear,DRY,Medium,STOP SIGN,NONE DETECTED,Yes,No Apparent Injury,N/A,NOT DISTRACTED,MD,PASSENGER CAR,ACCELERATING,30,No,2005,HONDA,CRV,39.06369,-77.07255833,2023,1,18
230002938,Property Damage Crash,01/18/2023 06:25:00 PM,WELLER RD,NA,STRAIGHT MOVEMENT ANGLE,Clear,DRY,Medium,STOP SIGN,NONE DETECTED,No,No Apparent Injury,N/A,NOT DISTRACTED,MD,PASSENGER CAR,MOVING CONSTANT SPEED,30,No,2008,HONDA,CIVIC,39.06369,-77.07255833,2023,1,18
230002939,Property Damage Crash,01/18/2023 06:12:00 PM,RANDOLPH RD,NA,STRAIGHT MOVEMENT ANGLE,Clear,DRY,Medium,STOP SIGN,NONE DETECTED,No,No Apparent Injury,N/A,NOT DISTRACTED,MD,PASSENGER CAR,MOVING CONSTANT SPEED,40,No,2019,VOLK,JETTA,39.07497,-77.004865,2023,1,18
230002939,Property Damage Crash,01/18/2023 06:12:00 PM,RANDOLPH RD,NA,STRAIGHT MOVEMENT ANGLE,Clear,DRY,Medium,STOP SIGN,NONE DETECTED,Yes,No Apparent Injury,N/A,NOT DISTRACTED,VA,PASSENGER CAR,MAKING RIGHT TURN,25,No,2014,LEXUS,IS,39.07497,-77.004865,2023,1,18
230002933,Property Damage Crash,01/18/2023 06:00:00 PM,GEORGIA AVE,NA,SAME DIR REAR END,Clear,DRY,Medium,NO CONTROLS,NONE DETECTED,Yes,No Apparent Injury,N/A,NOT DISTRACTED,MD,PASSENGER CAR,ACCELERATING,35,No,2012,FORD,FUSION,39.07843167,-77.07221133,2023,1,18
230002933,Property Damage Crash,01/18/2023 06:00:00 PM,GEORGIA AVE,NA,SAME DIR REAR END,Clear,DRY,Medium,NO CONTROLS,NONE DETECTED,No,No Apparent Injury,N/A,NOT DISTRACTED,DC,PASSENGER CAR,STOPPED IN TRAFFIC LANE,35,No,2016,BMW,X3,39.07843167,-77.07221133,2023,1,18
230002930,Property Damage Crash,01/18/2023 05:30:00 PM,SPENCERVILLE RD,NA,SAME DIR REAR END,Clear,DRY,Medium,NO CONTROLS,NONE DETECTED,Yes,No Apparent Injury,N/A,LOOKED BUT DID NOT SEE,MD,PASSENGER CAR,MOVING CONSTANT SPEED,35,No,2017,CHEV,Z1,39.12019667,-76.98562167,2023,1,17
230002930,Property Damage Crash,01/18/2023 05:30:00 PM,SPENCERVILLE RD,NA,SAME DIR REAR END,Clear,DRY,Medium,NO CONTROLS,NONE DETECTED,No,No Apparent Injury,N/A,NOT DISTRACTED,MD,PASSENGER CAR,SLOWING OR STOPPING,35,No,2017,VOLK,SD,39.12019667,-76.98562167,2023,1,17
230002930,Property Damage Crash,01/18/2023 05:30:00 PM,SPENCERVILLE RD,NA,SAME DIR REAR END,Clear,DRY,Medium,NO CONTROLS,NONE DETECTED,No,No Apparent Injury,N/A,NOT DISTRACTED,MD,PASSENGER CAR,STOPPED IN TRAFFIC LANE,35,No,1998,LEXUS,4D,39.12019667,-76.98562167,2023,1,17
230002915,Injury Crash,01/18/2023 05:00:00 PM,CEDAR LA,PEDESTRIAN,SAME DIRECTION RIGHT TURN,Cloudy,DRY,Daylight,TRAFFIC SIGNAL,NONE DETECTED,Yes,No Apparent Injury,N/A,NOT DISTRACTED,MD,PASSENGER CAR,MAKING RIGHT TURN,15,No,2006,TOYOTA,HIGHLANDER,39.00801735,-77.09457666,2023,1,17
230002918,Injury Crash,01/18/2023 05:00:00 PM,CENTERWAY RD,NA,SAME DIR REAR END,Clear,DRY,Daylight,NO CONTROLS,NONE DETECTED,No,Possible Minor Injury,N/A,NOT DISTRACTED,MD,PASSENGER CAR,MOVING CONSTANT SPEED,30,No,2011,HONDA,ACCORD,39.1713379,-77.19854567,2023,1,17
230002918,Injury Crash,01/18/2023 05:00:00 PM,CENTERWAY RD,NA,SAME DIR REAR END,Clear,DRY,Daylight,NO CONTROLS,NONE DETECTED,Yes,Possible Minor Injury,N/A,UNKNOWN,VA,PASSENGER CAR,MOVING CONSTANT SPEED,30,No,2011,LEXUS,ES350,39.1713379,-77.19854567,2023,1,17
230002912,Property Damage Crash,01/18/2023 04:53:00 PM,SHADY GROVE RD,NA,SAME DIR REAR END,Clear,DRY,Medium,TRAFFIC SIGNAL,NONE DETECTED,No,No Apparent Injury,N/A,NOT DISTRACTED,MD,TRANSIT BUS,STOPPED IN TRAFFIC LANE,40,No,2013,GILLIG,BUS,39.12687683,-77.1732365,2023,1,16
230002912,Property Damage Crash,01/18/2023 04:53:00 PM,SHADY GROVE RD,NA,SAME DIR REAR END,Clear,DRY,Medium,TRAFFIC SIGNAL,NONE DETECTED,Yes,No Apparent Injury,N/A,NOT DISTRACTED,MD,PASSENGER CAR,MOVING CONSTANT SPEED,40,No,2004,SATURN,ION,39.12687683,-77.1732365,2023,1,16
230002904,Property Damage Crash,01/18/2023 04:25:00 PM,COLUMBIA PIKE,NA,SAME DIR REAR END,Clear,DRY,Daylight,NO CONTROLS,NONE DETECTED,Yes,No Apparent Injury,N/A,NOT DISTRACTED,NY,PASSENGER CAR,CHANGING LANES,55,No,2014,FORD,FUSION,39.09770133,-76.93685683,2023,1,16
230002904,Property Damage Crash,01/18/2023 04:25:00 PM,COLUMBIA PIKE,NA,SAME DIR REAR END,Clear,DRY,Daylight,NO CONTROLS,NONE DETECTED,No,No Apparent Injury,N/A,NOT DISTRACTED,MD,PASSENGER CAR,MOVING CONSTANT SPEED,55,No,2006,TOYT,COROLLA,39.09770133,-76.93685683,2023,1,16
230002919,Property Damage Crash,01/18/2023 04:06:00 PM,STEDWICK RD,NA,SINGLE VEHICLE,Clear,DRY,Daylight,NO CONTROLS,NONE DETECTED,Yes,No Apparent Injury,N/A,UNKNOWN,MD,(SPORT) UTILITY VEHICLE,MAKING RIGHT TURN,25,No,2013,INFINITI,FX37,39.17425214,-77.21336023,2023,1,16
230002897,Property Damage Crash,01/18/2023 03:57:00 PM,NORBECK RD,NA,OPPOSITE DIRECTION SIDESWIPE,Clear,DRY,Daylight,NO CONTROLS,NONE DETECTED,No,No Apparent Injury,N/A,NOT DISTRACTED,MD,VAN,MOVING CONSTANT SPEED,45,No,2017,CHEV,TK,39.122831,-77.0008385,2023,1,15
230002897,Property Damage Crash,01/18/2023 03:57:00 PM,NORBECK RD,NA,OPPOSITE DIRECTION SIDESWIPE,Clear,DRY,Daylight,NO CONTROLS,NONE DETECTED,Yes,No Apparent Injury,N/A,LOOKED BUT DID NOT SEE,MD,(SPORT) UTILITY VEHICLE,MOVING CONSTANT SPEED,45,No,2012,CHEV,TK,39.122831,-77.0008385,2023,1,15
230002898,Property Damage Crash,01/18/2023 03:44:00 PM,SAM EIG HWY,NA,SAME DIR REAR END,Clear,DRY,Daylight,TRAFFIC SIGNAL,NONE DETECTED,Yes,No Apparent Injury,N/A,LOOKED BUT DID NOT SEE,MD,"MEDIUM/HEAVY TRUCKS 3 AXLES (OVER 10,000LBS (4,536KG))",SLOWING OR STOPPING,35,No,2018,KW,ST,39.10930529,-77.21250132,2023,1,15
230002898,Property Damage Crash,01/18/2023 03:44:00 PM,SAM EIG HWY,NA,SAME DIR REAR END,Clear,DRY,Daylight,TRAFFIC SIGNAL,NONE DETECTED,No,No Apparent Injury,N/A,NOT DISTRACTED,MD,PASSENGER CAR,SLOWING OR STOPPING,35,No,2015,HONDA,UT,39.10930529,-77.21250132,2023,1,15
230002916,Property Damage Crash,01/18/2023 03:39:00 PM,COLESVILLE RD,NA,SAME DIR REAR END,Clear,DRY,Daylight,NO CONTROLS,NONE DETECTED,No,No Apparent Injury,N/A,NOT DISTRACTED,MD,PASSENGER CAR,MOVING CONSTANT SPEED,35,No,2016,TOYOTA,CAMRY,39.01860741,-77.01442468,2023,1,15
230002916,Property Damage Crash,01/18/2023 03:39:00 PM,COLESVILLE RD,NA,SAME DIR REAR END,Clear,DRY,Daylight,NO CONTROLS,NONE DETECTED,Yes,No Apparent Injury,N/A,UNKNOWN,NA,PASSENGER CAR,MOVING CONSTANT SPEED,35,No,2007,BMW,328,39.01860741,-77.01442468,2023,1,15
230002891,Property Damage Crash,01/18/2023 03:30:00 PM,NEW HAMPSHIRE AVE,NA,SAME DIR REAR END,Clear,DRY,Daylight,NO CONTROLS,NONE DETECTED,No,No Apparent Injury,N/A,NOT DISTRACTED,MD,PASSENGER CAR,MOVING CONSTANT SPEED,30,No,2021,GENISIS,UT,39.198946,-77.02380133,2023,1,15
230002891,Property Damage Crash,01/18/2023 03:30:00 PM,NEW HAMPSHIRE AVE,NA,SAME DIR REAR END,Clear,DRY,Daylight,NO CONTROLS,NONE DETECTED,Yes,No Apparent Injury,N/A,NOT DISTRACTED,MD,PASSENGER CAR,MOVING CONSTANT SPEED,30,No,2017,CHEVROLET,PV,39.198946,-77.02380133,2023,1,15
230002873,Property Damage Crash,01/18/2023 01:08:00 PM,BRINK RD,NA,SAME DIR REAR END,Cloudy,DRY,Daylight,NO CONTROLS,NONE DETECTED,Yes,No Apparent Injury,N/A,NOT DISTRACTED,MD,(SPORT) UTILITY VEHICLE,MOVING CONSTANT SPEED,30,No,2005,CHEV,EQUINOX,39.20276333,-77.18898,2023,1,13
230002873,Property Damage Crash,01/18/2023 01:08:00 PM,BRINK RD,NA,SAME DIR REAR END,Cloudy,DRY,Daylight,NO CONTROLS,NONE DETECTED,No,No Apparent Injury,N/A,NOT DISTRACTED,MD,(SPORT) UTILITY VEHICLE,MAKING LEFT TURN,30,No,2020,AUDI,Q5,39.20276333,-77.18898,2023,1,13
23000110,Property Damage Crash,01/18/2023 01:00:00 PM,NA,NA,OTHER,Clear,NA,Daylight,N/A,NONE DETECTED,Yes,No Apparent Injury,N/A,NOT DISTRACTED,MD,PICKUP TRUCK,BACKING,5,No,2014,FORD,TRUCK,39.27473283,-77.251511,2023,1,13
230002857,Property Damage Crash,01/18/2023 12:32:00 PM,SHADY GROVE RD,NA,STRAIGHT MOVEMENT ANGLE,Clear,DRY,Daylight,TRAFFIC SIGNAL,NONE DETECTED,No,No Apparent Injury,N/A,NOT DISTRACTED,ME,"OTHER LIGHT TRUCKS (10,000LBS (4,536KG) OR LESS)",MOVING CONSTANT SPEED,40,No,2020,CHEV,CG,39.09288333,-77.19604833,2023,1,12