Local Case Number,ACRS Report Type,Crash Date/Time,Road Name,Related Non-Motorist,Collision Type,Weather,Surface Condition,Light,Traffic Control,Driver Substance Abuse,Driver At Fault,Injury Severity,Circumstance,Driver Distracted By,Drivers License State,Vehicle Body Type,Vehicle Movement,Speed Limit,Driverless Vehicle,Vehicle Year,Vehicle Make,Vehicle Model,Latitude,Longitude,Year,Month,Hour
230002857,Property Damage Crash,01/18/2023 12:32:00 PM,SHADY GROVE RD,NA,STRAIGHT MOVEMENT ANGLE,Clear,DRY,Daylight,TRAFFIC SIGNAL,NONE DETECTED,Yes,No Apparent Injury,N/A,UNKNOWN,NA,UNKNOWN,UNKNOWN,40,No,0,UNKNOWN,UNKNOWN,39.09288333,-77.19604833,2023,1,12
230002853,Injury Crash,01/18/2023 12:21:00 PM,NA,NA,STRAIGHT MOVEMENT ANGLE,Cloudy,NA,Daylight,NO CONTROLS,NONE DETECTED,Yes,Possible Minor Injury,N/A,LOOKED BUT DID NOT SEE,MD,PASSENGER CAR,ACCELERATING,0,No,2014,MERCEDES,SUV,39.181063,-77.27045333,2023,1,12
230002853,Injury Crash,01/18/2023 12:21:00 PM,NA,NA,STRAIGHT MOVEMENT ANGLE,Cloudy,NA,Daylight,NO CONTROLS,NONE DETECTED,No,No Apparent Injury,N/A,NOT DISTRACTED,MD,PASSENGER CAR,ACCELERATING,0,No,2016,HOND,SD,39.181063,-77.27045333,2023,1,12
230002813,Property Damage Crash,01/18/2023 09:46:00 AM,GLENALLAN AVE,NA,SAME DIRECTION SIDESWIPE,Clear,OTHER,Daylight,NO CONTROLS,NONE DETECTED,Unknown,No Apparent Injury,"DEBRIS OR OBSTRUCTION, N/A",NOT DISTRACTED,MD,PASSENGER CAR,MOVING CONSTANT SPEED,30,No,2020,HOND,SD,39.06401333,-77.053585,2023,1,9
230002813,Property Damage Crash,01/18/2023 09:46:00 AM,GLENALLAN AVE,NA,SAME DIRECTION SIDESWIPE,Clear,OTHER,Daylight,NO CONTROLS,NONE DETECTED,No,No Apparent Injury,"DEBRIS OR OBSTRUCTION, N/A",NOT DISTRACTED,MD,PASSENGER CAR,MOVING CONSTANT SPEED,30,No,1999,HOND,SD,39.06401333,-77.053585,2023,1,9
230002805,Injury Crash,01/18/2023 09:12:00 AM,UNIVERSITY BLVD W,NA,SAME DIR REAR END,Clear,DRY,Daylight,NO CONTROLS,NONE DETECTED,No,Possible Minor Injury,N/A,NOT DISTRACTED,MD,VAN,SLOWING OR STOPPING,40,No,2004,NISSAN,QUEST,39.023814,-77.01771783,2023,1,9
230002805,Injury Crash,01/18/2023 09:12:00 AM,UNIVERSITY BLVD W,NA,SAME DIR REAR END,Clear,DRY,Daylight,NO CONTROLS,NONE DETECTED,Yes,No Apparent Injury,N/A,UNKNOWN,MD,VAN,MOVING CONSTANT SPEED,40,No,2014,DODGE,GRAND CARAVAN,39.023814,-77.01771783,2023,1,9
230002795,Injury Crash,01/18/2023 08:02:00 AM,WELLER RD,BICYCLIST,OTHER,Clear,DRY,Daylight,STOP SIGN,NONE DETECTED,Yes,No Apparent Injury,N/A,LOOKED BUT DID NOT SEE,MD,(SPORT) UTILITY VEHICLE,MAKING RIGHT TURN,25,No,2022,HOND,CRV,39.063475,-77.0725245,2023,1,8
230002796,Property Damage Crash,01/18/2023 07:57:00 AM,MORNINGWOOD DR,NA,OTHER,Clear,DRY,Daylight,NO CONTROLS,NONE DETECTED,Yes,No Apparent Injury,N/A,LOOKED BUT DID NOT SEE,MD,SCHOOL BUS,MOVING CONSTANT SPEED,25,No,2014,THOMAS,SCHOOL BUS,39.15234667,-77.07531667,2023,1,7
230002792,Property Damage Crash,01/18/2023 07:30:00 AM,JONES BRIDGE RD,NA,HEAD ON LEFT TURN,Clear,DRY,Daylight,TRAFFIC SIGNAL,NONE DETECTED,Yes,No Apparent Injury,N/A,NOT DISTRACTED,MD,PASSENGER CAR,MAKING U TURN,35,No,2021,SUBARU,CROSSTREK,38.99883283,-77.08815067,2023,1,7
230002792,Property Damage Crash,01/18/2023 07:30:00 AM,JONES BRIDGE RD,NA,HEAD ON LEFT TURN,Clear,DRY,Daylight,TRAFFIC SIGNAL,NONE DETECTED,No,No Apparent Injury,N/A,NOT DISTRACTED,MD,PASSENGER CAR,MOVING CONSTANT SPEED,35,No,2014,JEEP,CHEROKEE,38.99883283,-77.08815067,2023,1,7
230002790,Injury Crash,01/18/2023 06:15:00 AM,RANDOLPH RD,NA,SAME DIRECTION RIGHT TURN,Clear,WET,Medium,NO CONTROLS,NONE DETECTED,Yes,No Apparent Injury,N/A,UNKNOWN,NA,UNKNOWN,CHANGING LANES,40,No,0,UNKNOWN,UNKNOWN,39.07348667,-77.00789,2023,1,6
230002790,Injury Crash,01/18/2023 06:15:00 AM,RANDOLPH RD,NA,SAME DIRECTION RIGHT TURN,Clear,WET,Medium,NO CONTROLS,NONE DETECTED,No,Possible Minor Injury,N/A,NOT DISTRACTED,MD,PASSENGER CAR,MOVING CONSTANT SPEED,40,No,1995,MAZDA,MX-2,39.07348667,-77.00789,2023,1,6
230002780,Injury Crash,01/18/2023 12:29:00 AM,RAMP 6 FR MONTROSE RD TO MD 355 SB,NA,SINGLE VEHICLE,Cloudy,WET,Medium,NO CONTROLS,ALCOHOL PRESENT,Yes,Possible Minor Injury,"N/A, WET",NOT DISTRACTED,MD,PASSENGER CAR,MOVING CONSTANT SPEED,25,No,2021,DODGE,CHARGER,39.05416833,-77.118115,2023,1,0
230002774,Injury Crash,01/17/2023 11:05:00 PM,W DIAMOND AVE,NA,SINGLE VEHICLE,Cloudy,WET,Medium,TRAFFIC SIGNAL,ALCOHOL PRESENT,Yes,Possible Minor Injury,"RAIN, SNOW, WET",INATTENTIVE OR LOST IN THOUGHT,FL,PASSENGER CAR,ACCELERATING,35,No,2020,HONDA,CIVIC,39.14016676,-77.20488729,2023,1,23
230002769,Property Damage Crash,01/17/2023 10:25:00 PM,RIDGE RD,NA,SINGLE VEHICLE,Cloudy,WET,Medium,OTHER,NONE DETECTED,Yes,No Apparent Injury,"SMOG, SMOKE, WET",NOT DISTRACTED,MD,(SPORT) UTILITY VEHICLE,MOVING CONSTANT SPEED,35,No,2019,CHEVY,EQUINOX,39.2314415,-77.24290683,2023,1,22
230002767,Property Damage Crash,01/17/2023 10:09:00 PM,BRINK RD,NA,SAME DIRECTION SIDESWIPE,Cloudy,WET,Dark,NO CONTROLS,ALCOHOL PRESENT,Yes,No Apparent Injury,"SMOG, SMOKE, WET",LOOKED BUT DID NOT SEE,MD,PASSENGER CAR,MOVING CONSTANT SPEED,40,No,2017,SUBA,OUTBACK,39.2074965,-77.21975717,2023,1,22
230002765,Property Damage Crash,01/17/2023 10:00:00 PM,VEIRS MILL RD,NA,SAME DIR REAR END,Clear,DRY,Medium,TRAFFIC SIGNAL,NONE DETECTED,No,No Apparent Injury,N/A,NOT DISTRACTED,MD,PASSENGER CAR,STOPPED IN TRAFFIC LANE,35,No,2021,TOYOTA,4S,39.07737717,-77.1235995,2023,1,22
230002765,Property Damage Crash,01/17/2023 10:00:00 PM,VEIRS MILL RD,NA,SAME DIR REAR END,Clear,DRY,Medium,TRAFFIC SIGNAL,NONE DETECTED,Yes,No Apparent Injury,N/A,LOOKED BUT DID NOT SEE,MD,PASSENGER CAR,MOVING CONSTANT SPEED,35,No,2013,HONDA,4S,39.07737717,-77.1235995,2023,1,22
230002765,Property Damage Crash,01/17/2023 10:00:00 PM,VEIRS MILL RD,NA,SAME DIR REAR END,Clear,DRY,Medium,TRAFFIC SIGNAL,NONE DETECTED,No,No Apparent Injury,N/A,NOT DISTRACTED,MD,PASSENGER CAR,STOPPED IN TRAFFIC LANE,35,No,2014,JEEP,TK,39.07737717,-77.1235995,2023,1,22
230002761,Property Damage Crash,01/17/2023 09:48:00 PM,BRIGGS CHANEY RD,NA,OTHER,Cloudy,DRY,Medium,TRAFFIC SIGNAL,NONE DETECTED,Yes,No Apparent Injury,N/A,NOT DISTRACTED,XX,PASSENGER CAR,MAKING LEFT TURN,45,No,2010,HONDA,CIVIC,39.08299167,-76.94818,2023,1,21
230002761,Property Damage Crash,01/17/2023 09:48:00 PM,BRIGGS CHANEY RD,NA,OTHER,Cloudy,DRY,Medium,TRAFFIC SIGNAL,NONE DETECTED,No,No Apparent Injury,N/A,NOT DISTRACTED,MD,PASSENGER CAR,MAKING RIGHT TURN,45,No,2021,VOLKS,JETTA,39.08299167,-76.94818,2023,1,21
230002757,Property Damage Crash,01/17/2023 09:17:00 PM,NEW HAMPSHIRE AVE,NA,SAME DIR REAR END,Cloudy,DRY,Medium,NO CONTROLS,NONE DETECTED,Yes,No Apparent Injury,N/A,NOT DISTRACTED,MD,PASSENGER CAR,SLOWING OR STOPPING,45,No,2012,TOYOTA,4S,39.1055155,-77.00216983,2023,1,21
230002757,Property Damage Crash,01/17/2023 09:17:00 PM,NEW HAMPSHIRE AVE,NA,SAME DIR REAR END,Cloudy,DRY,Medium,NO CONTROLS,NONE DETECTED,No,No Apparent Injury,N/A,NOT DISTRACTED,MD,PASSENGER CAR,SLOWING OR STOPPING,45,No,2007,HOND,SD,39.1055155,-77.00216983,2023,1,21
230002754,Property Damage Crash,01/17/2023 08:43:00 PM,ELNORA ST,NA,OTHER,Clear,WET,Medium,NO CONTROLS,NONE DETECTED,No,No Apparent Injury,N/A,NOT DISTRACTED,MD,PASSENGER CAR,MOVING CONSTANT SPEED,25,No,2017,TOYOTA,SIENNA,39.04512754,-77.05637793,2023,1,20
230002745,Injury Crash,01/17/2023 08:13:00 PM,PATTON DR,PEDESTRIAN,SINGLE VEHICLE,Clear,DRY,Medium,NO CONTROLS,NONE DETECTED,Yes,Possible Minor Injury,N/A,UNKNOWN,NA,NA,MAKING RIGHT TURN,35,No,0,UNKNOWN,UNKNOWN,39.00256455,-76.99565913,2023,1,20
230002734,Property Damage Crash,01/17/2023 06:30:00 PM,RANDOLPH RD,NA,SAME DIRECTION SIDESWIPE,Clear,DRY,Medium,NO CONTROLS,NONE DETECTED,No,No Apparent Injury,N/A,LOOKED BUT DID NOT SEE,MD,PASSENGER CAR,MOVING CONSTANT SPEED,35,No,2010,HOND,4DR,39.05724167,-77.07466,2023,1,18
230002734,Property Damage Crash,01/17/2023 06:30:00 PM,RANDOLPH RD,NA,SAME DIRECTION SIDESWIPE,Clear,DRY,Medium,NO CONTROLS,NONE DETECTED,Yes,No Apparent Injury,N/A,LOOKED BUT DID NOT SEE,MD,PASSENGER CAR,MOVING CONSTANT SPEED,35,No,2018,HYUN,SONATA,39.05724167,-77.07466,2023,1,18
230002932,Property Damage Crash,01/17/2023 06:24:00 PM,NA,NA,SAME DIR REAR END,Clear,NA,Medium,STOP SIGN,NONE DETECTED,No,No Apparent Injury,N/A,NOT DISTRACTED,MD,PASSENGER CAR,STOPPED IN TRAFFIC LANE,0,No,2008,MAZDA,4D,39.09079213,-77.17774009,2023,1,18
230002932,Property Damage Crash,01/17/2023 06:24:00 PM,NA,NA,SAME DIR REAR END,Clear,NA,Medium,STOP SIGN,NONE DETECTED,Yes,No Apparent Injury,N/A,LOOKED BUT DID NOT SEE,NA,PASSENGER CAR,MOVING CONSTANT SPEED,0,No,2017,INFINITY,4D,39.09079213,-77.17774009,2023,1,18
230002733,Injury Crash,01/17/2023 06:23:00 PM,NEW HAMPSHIRE AVE,NA,SAME DIR REAR END,Clear,DRY,Medium,N/A,NONE DETECTED,No,Possible Minor Injury,N/A,NOT DISTRACTED,MD,PASSENGER CAR,MOVING CONSTANT SPEED,40,No,2011,TOYOTA,CAMRY,39.03745717,-76.98939367,2023,1,18
230002733,Injury Crash,01/17/2023 06:23:00 PM,NEW HAMPSHIRE AVE,NA,SAME DIR REAR END,Clear,DRY,Medium,N/A,NONE DETECTED,Yes,No Apparent Injury,N/A,LOOKED BUT DID NOT SEE,XX,PASSENGER CAR,MOVING CONSTANT SPEED,40,No,2016,HONDA,PILOT,39.03745717,-76.98939367,2023,1,18
230002698,Property Damage Crash,01/17/2023 02:56:00 PM,GEORGIA AVE,NA,SAME DIR REAR END,Clear,DRY,Daylight,TRAFFIC SIGNAL,NONE DETECTED,No,No Apparent Injury,N/A,NOT DISTRACTED,MD,PASSENGER CAR,STOPPED IN TRAFFIC LANE,30,No,2015,SUBARU,LEGACY,39.15300643,-77.06675494,2023,1,14
230002698,Property Damage Crash,01/17/2023 02:56:00 PM,GEORGIA AVE,NA,SAME DIR REAR END,Clear,DRY,Daylight,TRAFFIC SIGNAL,NONE DETECTED,Yes,No Apparent Injury,N/A,UNKNOWN,NA,PICKUP TRUCK,SLOWING OR STOPPING,30,No,2019,CHEVROLET,TRUCK,39.15300643,-77.06675494,2023,1,14
230002700,Fatal Crash,01/17/2023 02:29:00 PM,W GUDE DR,NA,SINGLE VEHICLE,Cloudy,WET,Daylight,NO CONTROLS,NONE DETECTED,Yes,Fatal Injury,"V WIPERS|W OTHER ENVIRONMENTAL, WET",UNKNOWN,MD,PASSENGER CAR,NEGOTIATING A CURVE,40,No,2018,INFINITI,Q50,39.10670333,-77.16795333,2023,1,14
230002692,Property Damage Crash,01/17/2023 02:28:00 PM,GATEWAY CENTER DR,NA,SAME DIRECTION SIDESWIPE,Cloudy,DRY,Daylight,N/A,NONE DETECTED,Yes,No Apparent Injury,N/A,OTHER DISTRACTION,MD,SCHOOL BUS,MOVING CONSTANT SPEED,30,No,2014,THOMAS,BUS,39.22660833,-77.27726333,2023,1,14
230002683,Property Damage Crash,01/17/2023 02:14:00 PM,MIDDLEVALE LA,NA,SINGLE VEHICLE,Cloudy,WET,Daylight,NO CONTROLS,NONE DETECTED,Yes,No Apparent Injury,"N/A, WET",LOOKED BUT DID NOT SEE,MD,PASSENGER CAR,ACCELERATING,20,No,2018,HYUNDAI,SONATA,39.068971,-77.0406615,2023,1,14
230002684,Property Damage Crash,01/17/2023 02:08:00 PM,GREAT FALLS RD,NA,STRAIGHT MOVEMENT ANGLE,Clear,DRY,Daylight,TRAFFIC SIGNAL,NONE DETECTED,No,No Apparent Injury,N/A,NOT DISTRACTED,MA,PASSENGER CAR,MAKING LEFT TURN,30,No,2021,TOYOTA,SEDAN,39.08392492,-77.15682642,2023,1,14
230002684,Property Damage Crash,01/17/2023 02:08:00 PM,GREAT FALLS RD,NA,STRAIGHT MOVEMENT ANGLE,Clear,DRY,Daylight,TRAFFIC SIGNAL,NONE DETECTED,Yes,No Apparent Injury,N/A,UNKNOWN,MD,PASSENGER CAR,MOVING CONSTANT SPEED,30,No,2022,TOYT,SD,39.08392492,-77.15682642,2023,1,14
230002715,Property Damage Crash,01/17/2023 02:00:00 PM,BRIGGS CHANEY RD,NA,SAME DIRECTION RIGHT TURN,Clear,DRY,Daylight,NO CONTROLS,NONE DETECTED,Yes,No Apparent Injury,N/A,UNKNOWN,MD,PASSENGER CAR,MOVING CONSTANT SPEED,35,No,2021,CHEVY,TRAX,39.08460267,-76.9514565,2023,1,14
230002688,Property Damage Crash,01/17/2023 02:00:00 PM,NEW HAMPSHIRE AVE,NA,SAME DIR REAR END,Cloudy,WET,Daylight,NO CONTROLS,NONE DETECTED,No,No Apparent Injury,"N/A, WET",NOT DISTRACTED,MD,PICKUP TRUCK,SLOWING OR STOPPING,35,No,2020,TOYT,TACOM,39.01285167,-76.978395,2023,1,14
230002688,Property Damage Crash,01/17/2023 02:00:00 PM,NEW HAMPSHIRE AVE,NA,SAME DIR REAR END,Cloudy,WET,Daylight,NO CONTROLS,NONE DETECTED,Yes,No Apparent Injury,"N/A, WET",UNKNOWN,XX,(SPORT) UTILITY VEHICLE,SLOWING OR STOPPING,35,No,2010,HOND,CRV,39.01285167,-76.978395,2023,1,14
230002715,Property Damage Crash,01/17/2023 02:00:00 PM,BRIGGS CHANEY RD,NA,SAME DIRECTION RIGHT TURN,Clear,DRY,Daylight,NO CONTROLS,NONE DETECTED,No,No Apparent Injury,N/A,NOT DISTRACTED,MD,TRANSIT BUS,PARKED,35,No,2014,GILL,BUS,39.08460267,-76.9514565,2023,1,14
230002675,Injury Crash,01/17/2023 01:53:00 PM,GEORGIA AVE,NA,SAME DIR REAR END,Rain,WET,Daylight,TRAFFIC SIGNAL,NONE DETECTED,Yes,Suspected Serious Injury,"RAIN, SNOW, WET",DISTRACTED BY OUTSIDE PERSON OBJECT OR EVENT,MD,PASSENGER CAR,MOVING CONSTANT SPEED,45,No,2019,BMW,X1,39.103435,-77.07665167,2023,1,13
230002675,Injury Crash,01/17/2023 01:53:00 PM,GEORGIA AVE,NA,SAME DIR REAR END,Rain,WET,Daylight,TRAFFIC SIGNAL,NONE DETECTED,No,No Apparent Injury,"RAIN, SNOW, WET",NOT DISTRACTED,MD,PASSENGER CAR,STOPPED IN TRAFFIC LANE,45,No,2021,TOYT,SD,39.103435,-77.07665167,2023,1,13
230002671,Injury Crash,01/17/2023 01:51:00 PM,GEORGIA AVE,NA,SAME DIR REAR END,Rain,WET,Daylight,N/A,NONE DETECTED,Yes,Suspected Serious Injury,"N/A, WET",OTHER DISTRACTION,MD,PASSENGER CAR,MOVING CONSTANT SPEED,45,No,2019,BMW,SUV,39.1036,-77.076575,2023,1,13
230002671,Injury Crash,01/17/2023 01:51:00 PM,GEORGIA AVE,NA,SAME DIR REAR END,Rain,WET,Daylight,N/A,NONE DETECTED,No,No Apparent Injury,"N/A, WET",NOT DISTRACTED,MD,PASSENGER CAR,MOVING CONSTANT SPEED,45,No,2007,ACUR,TK,39.1036,-77.076575,2023,1,13
230002665,Property Damage Crash,01/17/2023 01:15:00 PM,SHADY GROVE RD,NA,SAME DIR REAR END,Rain,WET,Daylight,TRAFFIC SIGNAL,NONE DETECTED,Yes,No Apparent Injury,N/A,NOT DISTRACTED,MD,PASSENGER CAR,STARTING FROM LANE,40,No,2022,FORD,EDGE,39.1206425,-77.17908167,2023,1,13
230002665,Property Damage Crash,01/17/2023 01:15:00 PM,SHADY GROVE RD,NA,SAME DIR REAR END,Rain,WET,Daylight,TRAFFIC SIGNAL,NONE DETECTED,No,No Apparent Injury,N/A,NOT DISTRACTED,MD,(SPORT) UTILITY VEHICLE,STARTING FROM LANE,40,No,2022,FORD,INTERCEPTOR,39.1206425,-77.17908167,2023,1,13
230002669,Property Damage Crash,01/17/2023 01:11:00 PM,CLARKSBURG RD,NA,SINGLE VEHICLE,Cloudy,WET,Daylight,N/A,NONE DETECTED,Yes,No Apparent Injury,"N/A, WET",NOT DISTRACTED,BC,PICKUP TRUCK,ACCELERATING,30,No,2003,FORD,F150,39.22816333,-77.28837167,2023,1,13
230002670,Property Damage Crash,01/17/2023 01:03:00 PM,CONNECTICUT AVE,NA,SAME DIRECTION SIDESWIPE,Rain,WET,Daylight,TRAFFIC SIGNAL,NONE DETECTED,Yes,No Apparent Injury,N/A,UNKNOWN,NA,NA,MOVING CONSTANT SPEED,30,No,0,UNKNOWN,UNKNOWN,38.97791383,-77.07669467,2023,1,13
230002670,Property Damage Crash,01/17/2023 01:03:00 PM,CONNECTICUT AVE,NA,SAME DIRECTION SIDESWIPE,Rain,WET,Daylight,TRAFFIC SIGNAL,NONE DETECTED,No,No Apparent Injury,N/A,NOT DISTRACTED,MD,PASSENGER CAR,MOVING CONSTANT SPEED,30,No,2020,TOYOTA,COROLLA,38.97791383,-77.07669467,2023,1,13
230002646,Property Damage Crash,01/17/2023 12:20:00 PM,MUNCASTER MILL RD,NA,SINGLE VEHICLE,Rain,N/A,Daylight,N/A,NONE DETECTED,Yes,No Apparent Injury,"N/A, WET",NOT DISTRACTED,DC,"OTHER LIGHT TRUCKS (10,000LBS (4,536KG) OR LESS)",MOVING CONSTANT SPEED,35,No,2016,CHEVROLET,TK,39.15171,-77.15036667,2023,1,12
230002642,Property Damage Crash,01/17/2023 11:50:00 AM,W JEFFERSON ST,NA,HEAD ON LEFT TURN,Rain,WET,Daylight,TRAFFIC SIGNAL,NONE DETECTED,Yes,No Apparent Injury,"SLEET, HAIL, FREEZ. RAIN, WET",NOT DISTRACTED,MD,PASSENGER CAR,MAKING LEFT TURN,30,No,2017,HOND,TK,39.08346,-77.153402,2023,1,11
230002642,Property Damage Crash,01/17/2023 11:50:00 AM,W JEFFERSON ST,NA,HEAD ON LEFT TURN,Rain,WET,Daylight,TRAFFIC SIGNAL,NONE DETECTED,No,No Apparent Injury,"SLEET, HAIL, FREEZ. RAIN, WET",NOT DISTRACTED,MD,PASSENGER CAR,MOVING CONSTANT SPEED,30,No,2011,SUBA,SD,39.08346,-77.153402,2023,1,11
230002627,Property Damage Crash,01/17/2023 11:00:00 AM,NEW HAMPSHIRE AVE,NA,SINGLE VEHICLE,Rain,WET,Daylight,TRAFFIC SIGNAL,NONE DETECTED,Yes,No Apparent Injury,"RAIN, SNOW, WET",LOOKED BUT DID NOT SEE,DC,PASSENGER CAR,STARTING FROM LANE,35,No,2012,NISSAN,ALTIMA,38.98735517,-76.9879135,2023,1,11
230002623,Property Damage Crash,01/17/2023 10:25:00 AM,COLUMBIA PIKE,NA,SAME DIR REAR END,Rain,WET,Daylight,TRAFFIC SIGNAL,NONE DETECTED,Yes,No Apparent Injury,"RAIN, SNOW, WET",NOT DISTRACTED,MD,PASSENGER CAR,MOVING CONSTANT SPEED,40,No,2020,DODGE,CHARGER,39.03048517,-77.00561583,2023,1,10
230002623,Property Damage Crash,01/17/2023 10:25:00 AM,COLUMBIA PIKE,NA,SAME DIR REAR END,Rain,WET,Daylight,TRAFFIC SIGNAL,NONE DETECTED,No,No Apparent Injury,"RAIN, SNOW, WET",NOT DISTRACTED,MD,PASSENGER CAR,MOVING CONSTANT SPEED,35,No,2005,SUBA,OUTBACK,39.03048517,-77.00561583,2023,1,10
230002623,Property Damage Crash,01/17/2023 10:25:00 AM,COLUMBIA PIKE,NA,SAME DIR REAR END,Rain,WET,Daylight,TRAFFIC SIGNAL,NONE DETECTED,No,No Apparent Injury,"RAIN, SNOW, WET",NOT DISTRACTED,MD,PASSENGER CAR,MOVING CONSTANT SPEED,35,No,2019,VOLK,JETTA,39.03048517,-77.00561583,2023,1,10
230002619,Property Damage Crash,01/17/2023 09:40:00 AM,RANDOLPH RD,NA,SAME DIRECTION SIDESWIPE,Rain,WET,Daylight,TRAFFIC SIGNAL,NONE DETECTED,Yes,No Apparent Injury,N/A,LOOKED BUT DID NOT SEE,FL,PICKUP TRUCK,CHANGING LANES,35,No,2005,NISSAN,TITAN,39.05102283,-77.1096135,2023,1,9
230002619,Property Damage Crash,01/17/2023 09:40:00 AM,RANDOLPH RD,NA,SAME DIRECTION SIDESWIPE,Rain,WET,Daylight,TRAFFIC SIGNAL,NONE DETECTED,No,No Apparent Injury,N/A,NOT DISTRACTED,MD,PASSENGER CAR,MOVING CONSTANT SPEED,35,No,2013,SUBA,CP,39.05102283,-77.1096135,2023,1,9
230002611,Property Damage Crash,01/17/2023 08:45:00 AM,IVY LEAGUE LA,NA,OPPOSITE DIRECTION SIDESWIPE,Rain,WET,Daylight,N/A,NONE DETECTED,No,No Apparent Injury,N/A,NOT DISTRACTED,MD,PASSENGER CAR,MOVING CONSTANT SPEED,25,No,2013,BMW,X5,39.09504365,-77.15358467,2023,1,8
230002611,Property Damage Crash,01/17/2023 08:45:00 AM,IVY LEAGUE LA,NA,OPPOSITE DIRECTION SIDESWIPE,Rain,WET,Daylight,N/A,ALCOHOL PRESENT,Yes,No Apparent Injury,N/A,NOT DISTRACTED,MD,PASSENGER CAR,MOVING CONSTANT SPEED,25,No,2015,TOYOTA,PRIUS,39.09504365,-77.15358467,2023,1,8
230002605,Injury Crash,01/17/2023 08:35:00 AM,CONNECTICUT AVE,NA,SAME DIRECTION SIDESWIPE,Rain,WET,Daylight,NO CONTROLS,NONE DETECTED,No,No Apparent Injury,"RAIN, SNOW, WET",NOT DISTRACTED,MD,PASSENGER CAR,MOVING CONSTANT SPEED,30,No,2010,HONDA,CIVIC,39.00356823,-77.07754953,2023,1,8
230002605,Injury Crash,01/17/2023 08:35:00 AM,CONNECTICUT AVE,NA,SAME DIRECTION SIDESWIPE,Rain,WET,Daylight,NO CONTROLS,NONE DETECTED,Yes,Possible Minor Injury,"RAIN, SNOW, WET",LOOKED BUT DID NOT SEE,MD,PASSENGER CAR,CHANGING LANES,35,No,2016,NISSAN,ROGUE,39.00356823,-77.07754953,2023,1,8
230002608,Property Damage Crash,01/17/2023 08:34:00 AM,E JEFFERSON ST,NA,OTHER,Rain,WET,Daylight,TRAFFIC SIGNAL,NONE DETECTED,Yes,No Apparent Injury,N/A,NOT DISTRACTED,MD,PASSENGER CAR,BACKING,30,No,2022,FORD,PK,39.08272152,-77.15119914,2023,1,8
230002608,Property Damage Crash,01/17/2023 08:34:00 AM,E JEFFERSON ST,NA,OTHER,Rain,WET,Daylight,TRAFFIC SIGNAL,NONE DETECTED,No,No Apparent Injury,N/A,NOT DISTRACTED,MD,PASSENGER CAR,N/A,30,No,2013,TOYT,UT,39.08272152,-77.15119914,2023,1,8
230002604,Property Damage Crash,01/17/2023 08:05:00 AM,NEW HAMPSHIRE AVE,NA,SAME DIRECTION SIDESWIPE,Rain,WET,Daylight,TRAFFIC SIGNAL,NONE DETECTED,No,No Apparent Injury,"RAIN, SNOW, WET",NOT DISTRACTED,MD,PASSENGER CAR,STOPPED IN TRAFFIC LANE,45,No,2016,TOYT,4S,39.04771667,-76.99262333,2023,1,8
230002604,Property Damage Crash,01/17/2023 08:05:00 AM,NEW HAMPSHIRE AVE,NA,SAME DIRECTION SIDESWIPE,Rain,WET,Daylight,TRAFFIC SIGNAL,NONE DETECTED,Yes,No Apparent Injury,"RAIN, SNOW, WET",UNKNOWN,MD,PASSENGER CAR,SLOWING OR STOPPING,40,No,2006,LNDR,TK,39.04771667,-76.99262333,2023,1,8
230002596,Property Damage Crash,01/17/2023 06:44:00 AM,MONTGOMERY VILLAGE AVE,NA,OTHER,Rain,WET,Medium,TRAFFIC SIGNAL,NONE DETECTED,No,No Apparent Injury,"RAIN, SNOW, WET",NOT DISTRACTED,MD,PASSENGER CAR,MOVING CONSTANT SPEED,35,No,2000,HONDA,ACCORD,39.15443427,-77.20928556,2023,1,6
230002596,Property Damage Crash,01/17/2023 06:44:00 AM,MONTGOMERY VILLAGE AVE,NA,OTHER,Rain,WET,Medium,TRAFFIC SIGNAL,NONE DETECTED,Yes,No Apparent Injury,"RAIN, SNOW, WET",LOOKED BUT DID NOT SEE,MD,PASSENGER CAR,MAKING LEFT TURN,35,No,1998,TOYT,4S,39.15443427,-77.20928556,2023,1,6
230002588,Property Damage Crash,01/17/2023 01:51:00 AM,16TH ST,NA,SAME DIR REAR END,Clear,DRY,Medium,TRAFFIC SIGNAL,NONE DETECTED,Yes,No Apparent Injury,N/A,INATTENTIVE OR LOST IN THOUGHT,MD,PASSENGER CAR,SLOWING OR STOPPING,35,No,2016,KIA,OPTIMA,38.9926955,-77.0364218,2023,1,1
230002588,Property Damage Crash,01/17/2023 01:51:00 AM,16TH ST,NA,SAME DIR REAR END,Clear,DRY,Medium,TRAFFIC SIGNAL,NONE DETECTED,No,No Apparent Injury,N/A,NOT DISTRACTED,DC,PASSENGER CAR,STOPPED IN TRAFFIC LANE,35,No,2017,TOYOTA,PRIUS,38.9926955,-77.0364218,2023,1,1
230002588,Property Damage Crash,01/17/2023 01:51:00 AM,16TH ST,NA,SAME DIR REAR END,Clear,DRY,Medium,TRAFFIC SIGNAL,NONE DETECTED,No,No Apparent Injury,N/A,NOT DISTRACTED,DC,PASSENGER CAR,STOPPED IN TRAFFIC LANE,35,No,2021,HONDA,ODYSSEY,38.9926955,-77.0364218,2023,1,1
230002586,Property Damage Crash,01/17/2023 12:42:00 AM,NA,NA,SINGLE VEHICLE,Clear,NA,Medium,NO CONTROLS,NONE DETECTED,Yes,No Apparent Injury,N/A,NOT DISTRACTED,VA,PASSENGER CAR,ACCELERATING,5,No,2010,MAZDA,3,38.98408,-76.98777333,2023,1,0
230002569,Property Damage Crash,01/16/2023 08:22:00 PM,BRIGGS CHANEY RD,NA,SAME DIR BOTH LEFT TURN,Clear,DRY,Medium,TRAFFIC SIGNAL,NONE DETECTED,Unknown,No Apparent Injury,N/A,UNKNOWN,MD,TRANSIT BUS,MAKING LEFT TURN,30,No,2020,NOVB,BU,39.081295,-76.94571333,2023,1,20
230002569,Property Damage Crash,01/16/2023 08:22:00 PM,BRIGGS CHANEY RD,NA,SAME DIR BOTH LEFT TURN,Clear,DRY,Medium,TRAFFIC SIGNAL,NONE DETECTED,Unknown,No Apparent Injury,N/A,UNKNOWN,MD,PASSENGER CAR,MAKING LEFT TURN,30,No,2006,NISS,UT,39.081295,-76.94571333,2023,1,20
230002564,Property Damage Crash,01/16/2023 07:05:00 PM,RIVER RD,NA,SAME DIR REAR END,Clear,DRY,Medium,TRAFFIC SIGNAL,NONE DETECTED,No,No Apparent Injury,N/A,NOT DISTRACTED,MD,PASSENGER CAR,SLOWING OR STOPPING,35,No,2011,FORD,TK,38.9830415,-77.13703617,2023,1,19
230002564,Property Damage Crash,01/16/2023 07:05:00 PM,RIVER RD,NA,SAME DIR REAR END,Clear,DRY,Medium,TRAFFIC SIGNAL,NONE DETECTED,Yes,No Apparent Injury,N/A,LOOKED BUT DID NOT SEE,MD,PASSENGER CAR,MOVING CONSTANT SPEED,35,No,2005,SCIO,4S,38.9830415,-77.13703617,2023,1,19
230003055,Property Damage Crash,01/16/2023 06:05:00 PM,FREDERICK RD,NA,SAME DIR REAR END,Clear,DRY,Medium,NO CONTROLS,NONE DETECTED,No,No Apparent Injury,N/A,NOT DISTRACTED,MD,PASSENGER CAR,SLOWING OR STOPPING,25,No,2020,TOYT,PK,39.18453667,-77.26290667,2023,1,18