Local Case Number,ACRS Report Type,Crash Date/Time,Road Name,Related Non-Motorist,Collision Type,Weather,Surface Condition,Light,Traffic Control,Driver Substance Abuse,Driver At Fault,Injury Severity,Circumstance,Driver Distracted By,Drivers License State,Vehicle Body Type,Vehicle Movement,Speed Limit,Driverless Vehicle,Vehicle Year,Vehicle Make,Vehicle Model,Latitude,Longitude,Year,Month,Hour
230003055,Property Damage Crash,01/16/2023 06:05:00 PM,FREDERICK RD,NA,SAME DIR REAR END,Clear,DRY,Medium,NO CONTROLS,NONE DETECTED,Yes,No Apparent Injury,N/A,NOT DISTRACTED,NA,PICKUP TRUCK,MOVING CONSTANT SPEED,35,No,2022,FORD,F150,39.18453667,-77.26290667,2023,1,18
230002545,Property Damage Crash,01/16/2023 05:40:00 PM,MONTGOMERY VILLAGE AVE,NA,SAME DIR REAR END,Clear,DRY,Medium,N/A,NONE DETECTED,No,No Apparent Injury,N/A,NOT DISTRACTED,MD,PASSENGER CAR,SLOWING OR STOPPING,35,No,2023,TOYOTA,CAMRY,39.16366167,-77.20317,2023,1,17
230002545,Property Damage Crash,01/16/2023 05:40:00 PM,MONTGOMERY VILLAGE AVE,NA,SAME DIR REAR END,Clear,DRY,Medium,N/A,NONE DETECTED,Yes,No Apparent Injury,N/A,NOT DISTRACTED,MD,PASSENGER CAR,MOVING CONSTANT SPEED,35,No,2012,VOLKS,JETTA,39.16366167,-77.20317,2023,1,17
230002545,Property Damage Crash,01/16/2023 05:40:00 PM,MONTGOMERY VILLAGE AVE,NA,SAME DIR REAR END,Clear,DRY,Medium,N/A,NONE DETECTED,No,No Apparent Injury,N/A,NOT DISTRACTED,MD,PASSENGER CAR,SLOWING OR STOPPING,35,No,2018,DODGE,CHARGER,39.16366167,-77.20317,2023,1,17
230002423,Property Damage Crash,01/16/2023 05:10:00 PM,UNIVERSITY BLVD W,NA,ANGLE MEETS LEFT TURN,Clear,DRY,Dark,STOP SIGN,NONE DETECTED,Yes,No Apparent Injury,N/A,UNKNOWN,NA,PASSENGER CAR,MAKING LEFT TURN,35,No,2022,CHEVORLET,SUBURBAN,39.02968727,-77.02117761,2023,1,17
230002423,Property Damage Crash,01/16/2023 05:10:00 PM,UNIVERSITY BLVD W,NA,ANGLE MEETS LEFT TURN,Clear,DRY,Dark,STOP SIGN,NONE DETECTED,No,No Apparent Injury,N/A,UNKNOWN,NA,NA,MOVING CONSTANT SPEED,35,No,0,UNKNOWN,UNKNOWN,39.02968727,-77.02117761,2023,1,17
230002423,Property Damage Crash,01/16/2023 05:10:00 PM,UNIVERSITY BLVD W,NA,ANGLE MEETS LEFT TURN,Clear,DRY,Dark,STOP SIGN,NONE DETECTED,No,No Apparent Injury,N/A,NOT DISTRACTED,MD,PASSENGER CAR,MOVING CONSTANT SPEED,35,No,2010,TOYOTA,CAMRY,39.02968727,-77.02117761,2023,1,17
230002546,Property Damage Crash,01/16/2023 05:00:00 PM,FALLSMEAD WAY,NA,SINGLE VEHICLE,Clear,DRY,Daylight,STOP SIGN,ALCOHOL PRESENT,Yes,No Apparent Injury,N/A,OTHER DISTRACTION,MD,PASSENGER CAR,MAKING LEFT TURN,35,No,2021,JEEP,WRANGLER,39.07138583,-77.16707988,2023,1,17
230002541,Property Damage Crash,01/16/2023 04:35:00 PM,NA,NA,OTHER,Clear,NA,Daylight,N/A,NONE DETECTED,Yes,No Apparent Injury,N/A,LOOKED BUT DID NOT SEE,XX,PASSENGER CAR,BACKING,5,No,2007,ACURA,4S,39.1461629,-77.23470708,2023,1,16
230002541,Property Damage Crash,01/16/2023 04:35:00 PM,NA,NA,OTHER,Clear,NA,Daylight,N/A,NONE DETECTED,No,No Apparent Injury,N/A,NOT DISTRACTED,MD,PASSENGER CAR,MOVING CONSTANT SPEED,5,No,2015,HONDA,4S,39.1461629,-77.23470708,2023,1,16
230002537,Property Damage Crash,01/16/2023 04:25:00 PM,BRIGGS CHANEY RD,NA,SAME DIR REAR END,Clear,DRY,Daylight,NO CONTROLS,NONE DETECTED,No,No Apparent Injury,N/A,NOT DISTRACTED,MD,PASSENGER CAR,STOPPED IN TRAFFIC LANE,35,No,2010,VW,EOS,39.09102,-76.96659333,2023,1,16
230002537,Property Damage Crash,01/16/2023 04:25:00 PM,BRIGGS CHANEY RD,NA,SAME DIR REAR END,Clear,DRY,Daylight,NO CONTROLS,NONE DETECTED,Yes,No Apparent Injury,N/A,LOOKED BUT DID NOT SEE,VA,VAN,MOVING CONSTANT SPEED,35,No,2019,NISS,NV 200,39.09102,-76.96659333,2023,1,16
230002535,Injury Crash,01/16/2023 04:22:00 PM,FAIRLAND RD,NA,SINGLE VEHICLE,Clear,DRY,Daylight,NO CONTROLS,NONE DETECTED,Yes,Possible Minor Injury,N/A,NOT DISTRACTED,MD,PASSENGER CAR,NEGOTIATING A CURVE,30,No,2016,TOYOTA,RAV4,39.06556667,-76.94443833,2023,1,16
230002527,Injury Crash,01/16/2023 02:39:00 PM,ASPEN HILL RD,NA,SAME DIR REAR END,Clear,DRY,Daylight,N/A,NONE DETECTED,No,Possible Minor Injury,N/A,NOT DISTRACTED,MD,PASSENGER CAR,SLOWING OR STOPPING,25,No,2017,HYUNDAI,ELANTRA,39.07114867,-77.101917,2023,1,14
230002527,Injury Crash,01/16/2023 02:39:00 PM,ASPEN HILL RD,NA,SAME DIR REAR END,Clear,DRY,Daylight,N/A,NONE DETECTED,Yes,No Apparent Injury,N/A,LOOKED BUT DID NOT SEE,MD,PASSENGER CAR,MOVING CONSTANT SPEED,25,No,2019,TOYOTA,COROLLA,39.07114867,-77.101917,2023,1,14
230002518,Property Damage Crash,01/16/2023 01:57:00 PM,SNOUFFERS SCHOOL RD,NA,STRAIGHT MOVEMENT ANGLE,Clear,DRY,Daylight,N/A,NONE DETECTED,Yes,No Apparent Injury,N/A,LOOKED BUT DID NOT SEE,MD,PASSENGER CAR,MAKING LEFT TURN,40,No,2017,PORSCHE,MACAN,39.16001833,-77.16160333,2023,1,13
230002518,Property Damage Crash,01/16/2023 01:57:00 PM,SNOUFFERS SCHOOL RD,NA,STRAIGHT MOVEMENT ANGLE,Clear,DRY,Daylight,N/A,NONE DETECTED,No,No Apparent Injury,N/A,NOT DISTRACTED,MD,PASSENGER CAR,MOVING CONSTANT SPEED,40,No,2011,HOND,SD,39.16001833,-77.16160333,2023,1,13
230002516,Property Damage Crash,01/16/2023 01:49:00 PM,SCHAEFFER RD,NA,SAME DIRECTION LEFT TURN,Clear,DRY,Daylight,NO CONTROLS,NONE DETECTED,No,No Apparent Injury,N/A,NOT DISTRACTED,MD,PASSENGER CAR,MAKING LEFT TURN,30,No,2016,TOYOTA,COROLLA,39.15957,-77.29004167,2023,1,13
230002516,Property Damage Crash,01/16/2023 01:49:00 PM,SCHAEFFER RD,NA,SAME DIRECTION LEFT TURN,Clear,DRY,Daylight,NO CONTROLS,NONE DETECTED,Yes,No Apparent Injury,N/A,NOT DISTRACTED,MD,PASSENGER CAR,PASSING,30,No,2019,JEEP,COMPASS,39.15957,-77.29004167,2023,1,13
230002510,Injury Crash,01/16/2023 01:30:00 PM,LAYHILL RD,NA,SAME DIR REAR END,Clear,DRY,Daylight,NO CONTROLS,NONE DETECTED,Yes,No Apparent Injury,N/A,INATTENTIVE OR LOST IN THOUGHT,MD,PASSENGER CAR,MOVING CONSTANT SPEED,40,No,2015,NISSAN,ROGUE,39.092455,-77.04575667,2023,1,13
230002510,Injury Crash,01/16/2023 01:30:00 PM,LAYHILL RD,NA,SAME DIR REAR END,Clear,DRY,Daylight,NO CONTROLS,NONE DETECTED,No,Possible Minor Injury,N/A,NOT DISTRACTED,MD,PASSENGER CAR,SLOWING OR STOPPING,40,No,2010,CHEVORLET,HHR,39.092455,-77.04575667,2023,1,13
230002507,Property Damage Crash,01/16/2023 01:10:00 PM,MONTGOMERY VILLAGE AVE,NA,HEAD ON,Clear,DRY,Daylight,TRAFFIC SIGNAL,NONE DETECTED,Yes,No Apparent Injury,N/A,NOT DISTRACTED,MD,PASSENGER CAR,MAKING LEFT TURN,35,No,2022,RAM,PK,39.15256684,-77.21210026,2023,1,13
230002507,Property Damage Crash,01/16/2023 01:10:00 PM,MONTGOMERY VILLAGE AVE,NA,HEAD ON,Clear,DRY,Daylight,TRAFFIC SIGNAL,NONE DETECTED,No,No Apparent Injury,N/A,NOT DISTRACTED,MD,PASSENGER CAR,MOVING CONSTANT SPEED,35,No,2014,TOYT,VN,39.15256684,-77.21210026,2023,1,13
230002502,Property Damage Crash,01/16/2023 12:30:00 PM,COLUMBIA PIKE,NA,SINGLE VEHICLE,Clear,N/A,Daylight,NO CONTROLS,NONE DETECTED,Yes,No Apparent Injury,N/A,NOT DISTRACTED,MD,PICKUP TRUCK,MOVING CONSTANT SPEED,30,No,2022,DODGE,RAM,39.04854659,-76.98349338,2023,1,12
230002501,Injury Crash,01/16/2023 12:12:00 PM,QUINCE ORCHARD RD,NA,HEAD ON,Clear,DRY,Daylight,NO CONTROLS,NONE DETECTED,Yes,Suspected Serious Injury,N/A,LOOKED BUT DID NOT SEE,MD,PASSENGER CAR,MOVING CONSTANT SPEED,35,No,2010,HONDA,CRV,39.13173,-77.22565667,2023,1,12
230002501,Injury Crash,01/16/2023 12:12:00 PM,QUINCE ORCHARD RD,NA,HEAD ON,Clear,DRY,Daylight,NO CONTROLS,NONE DETECTED,No,Suspected Serious Injury,N/A,NOT DISTRACTED,MD,PASSENGER CAR,MOVING CONSTANT SPEED,35,No,2020,CHEVY,MALIBU,39.13173,-77.22565667,2023,1,12
230002503,Property Damage Crash,01/16/2023 11:40:00 AM,NA,NA,OTHER,Clear,NA,Daylight,NO CONTROLS,NONE DETECTED,Yes,No Apparent Injury,N/A,UNKNOWN,NA,PASSENGER CAR,BACKING,5,No,2021,FORD,ECONOLINE,39.08423933,-77.08043,2023,1,11
230002457,Property Damage Crash,01/16/2023 02:02:00 AM,CONNECTICUT AVE,NA,SINGLE VEHICLE,Clear,DRY,Medium,FLASHING TRAFFIC SIGNAL,NONE DETECTED,Yes,No Apparent Injury,N/A,OTHER DISTRACTION,MD,PICKUP TRUCK,MOVING CONSTANT SPEED,35,No,2020,FORD,F150,39.02445167,-77.07608667,2023,1,2
230002455,Property Damage Crash,01/16/2023 01:12:00 AM,OLD COLUMBIA PIKE,NA,HEAD ON,Clear,DRY,Medium,N/A,ALCOHOL PRESENT,Yes,No Apparent Injury,N/A,OTHER DISTRACTION,MD,PASSENGER CAR,STARTING FROM LANE,45,No,2022,HONDA,CIVIC,39.09575584,-76.93806082,2023,1,1
230002455,Property Damage Crash,01/16/2023 01:12:00 AM,OLD COLUMBIA PIKE,NA,HEAD ON,Clear,DRY,Medium,N/A,NONE DETECTED,No,No Apparent Injury,N/A,NOT DISTRACTED,MD,POLICE VEHICLE/NON EMERGENCY,PARKED,0,No,2022,FORD,EXPLORER,39.09575584,-76.93806082,2023,1,1
230002451,Property Damage Crash,01/16/2023 12:23:00 AM,RIDGE RD,NA,HEAD ON,Clear,DRY,Medium,N/A,NONE DETECTED,Yes,No Apparent Injury,N/A,NOT DISTRACTED,MD,PASSENGER CAR,MOVING CONSTANT SPEED,25,No,2013,TOYOTA,SIENNA,39.22374633,-77.24179217,2023,1,0
230002437,Property Damage Crash,01/15/2023 09:57:00 PM,STEDWICK RD,NA,SAME DIR REAR END,Clear,N/A,Medium,TRAFFIC SIGNAL,NONE DETECTED,No,No Apparent Injury,N/A,NOT DISTRACTED,MD,PASSENGER CAR,MAKING LEFT TURN,25,No,2012,HONDA,ACCORD,39.149835,-77.23384833,2023,1,21
230002437,Property Damage Crash,01/15/2023 09:57:00 PM,STEDWICK RD,NA,SAME DIR REAR END,Clear,N/A,Medium,TRAFFIC SIGNAL,NONE DETECTED,Yes,No Apparent Injury,N/A,UNKNOWN,MD,PICKUP TRUCK,MAKING LEFT TURN,25,No,2009,FORD,TK,39.149835,-77.23384833,2023,1,21
230002433,Property Damage Crash,01/15/2023 09:40:00 PM,CONNECTICUT AVE,NA,STRAIGHT MOVEMENT ANGLE,Clear,DRY,Medium,STOP SIGN,NONE DETECTED,Yes,No Apparent Injury,N/A,UNKNOWN,MD,PASSENGER CAR,MAKING RIGHT TURN,35,No,2005,TOYOTA,CAMRY,39.0782865,-77.080801,2023,1,21
230002433,Property Damage Crash,01/15/2023 09:40:00 PM,CONNECTICUT AVE,NA,STRAIGHT MOVEMENT ANGLE,Clear,DRY,Medium,STOP SIGN,NONE DETECTED,No,No Apparent Injury,N/A,NOT DISTRACTED,MD,PASSENGER CAR,MOVING CONSTANT SPEED,35,No,2005,HOND,4S,39.0782865,-77.080801,2023,1,21
230002431,Injury Crash,01/15/2023 08:52:00 PM,E GUDE DR,NA,STRAIGHT MOVEMENT ANGLE,Clear,DRY,Medium,TRAFFIC SIGNAL,NONE DETECTED,Yes,Possible Minor Injury,N/A,NO DRIVER PRESENT,NA,PASSENGER CAR,MOVING CONSTANT SPEED,40,No,2006,CADI,GTS,39.09791583,-77.136405,2023,1,20
230002431,Injury Crash,01/15/2023 08:52:00 PM,E GUDE DR,NA,STRAIGHT MOVEMENT ANGLE,Clear,DRY,Medium,TRAFFIC SIGNAL,NONE DETECTED,No,No Apparent Injury,N/A,NOT DISTRACTED,MD,PICKUP TRUCK,MOVING CONSTANT SPEED,40,No,2019,TOYT,TACOMA,39.09791583,-77.136405,2023,1,20
230002431,Injury Crash,01/15/2023 08:52:00 PM,E GUDE DR,NA,STRAIGHT MOVEMENT ANGLE,Clear,DRY,Medium,TRAFFIC SIGNAL,NONE DETECTED,No,No Apparent Injury,N/A,NOT DISTRACTED,MD,PASSENGER CAR,STOPPED IN TRAFFIC LANE,40,No,2019,HONDA,CIVIC,39.09791583,-77.136405,2023,1,20
230002425,Property Damage Crash,01/15/2023 07:05:00 PM,GOODHILL RD,NA,SAME DIR REAR END,Clear,DRY,Medium,NO CONTROLS,NONE DETECTED,No,No Apparent Injury,N/A,NOT DISTRACTED,MD,PASSENGER CAR,MAKING LEFT TURN,25,No,2022,TOYT,RAV4,39.05723833,-77.072495,2023,1,19
230002425,Property Damage Crash,01/15/2023 07:05:00 PM,GOODHILL RD,NA,SAME DIR REAR END,Clear,DRY,Medium,NO CONTROLS,NONE DETECTED,Yes,No Apparent Injury,N/A,UNKNOWN,NA,PASSENGER CAR,ACCELERATING,25,No,2016,TOYT,RAV4,39.05723833,-77.072495,2023,1,19
230002415,Property Damage Crash,01/15/2023 06:54:00 PM,AIRCRAFT DR,NA,STRAIGHT MOVEMENT ANGLE,Cloudy,DRY,Dark,NO CONTROLS,NONE DETECTED,Yes,No Apparent Injury,N/A,NOT DISTRACTED,MD,PASSENGER CAR,ENTERING TRAFFIC LANE,5,No,2018,NISS,4S,39.18236151,-77.26042913,2023,1,18
230002415,Property Damage Crash,01/15/2023 06:54:00 PM,AIRCRAFT DR,NA,STRAIGHT MOVEMENT ANGLE,Cloudy,DRY,Dark,NO CONTROLS,NONE DETECTED,No,No Apparent Injury,N/A,NOT DISTRACTED,MD,(SPORT) UTILITY VEHICLE,MOVING CONSTANT SPEED,35,No,2016,JEEP,TK,39.18236151,-77.26042913,2023,1,18
230002411,Property Damage Crash,01/15/2023 05:15:00 PM,BONIFANT RD,NA,SAME DIR REAR END,Clear,DRY,Medium,TRAFFIC SIGNAL,NONE DETECTED,No,No Apparent Injury,N/A,NOT DISTRACTED,MD,(SPORT) UTILITY VEHICLE,STOPPED IN TRAFFIC LANE,35,No,2017,JEEP,TK,39.09575697,-77.00234407,2023,1,17
230002411,Property Damage Crash,01/15/2023 05:15:00 PM,BONIFANT RD,NA,SAME DIR REAR END,Clear,DRY,Medium,TRAFFIC SIGNAL,NONE DETECTED,Yes,No Apparent Injury,N/A,LOOKED BUT DID NOT SEE,NA,PASSENGER CAR,SLOWING OR STOPPING,35,No,2007,NISSAN,VERSA,39.09575697,-77.00234407,2023,1,17
230002396,Property Damage Crash,01/15/2023 03:25:00 PM,PARKLAND DR,NA,STRAIGHT MOVEMENT ANGLE,Clear,DRY,Daylight,STOP SIGN,NONE DETECTED,No,No Apparent Injury,N/A,NOT DISTRACTED,MD,(SPORT) UTILITY VEHICLE,MOVING CONSTANT SPEED,25,No,2022,TOYOTA,VENZA,39.06993333,-77.08797167,2023,1,15
230002396,Property Damage Crash,01/15/2023 03:25:00 PM,PARKLAND DR,NA,STRAIGHT MOVEMENT ANGLE,Clear,DRY,Daylight,STOP SIGN,NONE DETECTED,Yes,No Apparent Injury,N/A,UNKNOWN,MD,PASSENGER CAR,ACCELERATING,25,No,2012,TOYT,4S,39.06993333,-77.08797167,2023,1,15
230002392,Property Damage Crash,01/15/2023 03:24:00 PM,NA,NA,OPPOSITE DIR BOTH LEFT TURN,Clear,NA,Daylight,NO CONTROLS,NONE DETECTED,Yes,No Apparent Injury,N/A,LOOKED BUT DID NOT SEE,MD,POLICE VEHICLE/NON EMERGENCY,BACKING,5,No,2017,FORD,INTERCEPTOR,39.0315405,-76.99970167,2023,1,15
230002394,Property Damage Crash,01/15/2023 03:01:00 PM,WATKINS MILL RD,NA,SAME DIRECTION SIDESWIPE,Clear,DRY,Daylight,NO CONTROLS,NONE DETECTED,Yes,No Apparent Injury,N/A,UNKNOWN,NA,PASSENGER CAR,MOVING CONSTANT SPEED,25,No,2013,VOLKS,PASSAT,39.15961355,-77.22161972,2023,1,15
230002394,Property Damage Crash,01/15/2023 03:01:00 PM,WATKINS MILL RD,NA,SAME DIRECTION SIDESWIPE,Clear,DRY,Daylight,NO CONTROLS,NONE DETECTED,No,No Apparent Injury,N/A,NOT DISTRACTED,MD,PASSENGER CAR,PARKING,25,No,2018,CHRY,SD,39.15961355,-77.22161972,2023,1,15
230002387,Property Damage Crash,01/15/2023 02:10:00 PM,WOODMONT AVE,NA,OTHER,Clear,DRY,Daylight,TRAFFIC SIGNAL,NONE DETECTED,Yes,No Apparent Injury,N/A,UNKNOWN,NA,PASSENGER CAR,MAKING LEFT TURN,25,No,2023,MINI,COOPER,38.98961333,-77.09642333,2023,1,14
230002387,Property Damage Crash,01/15/2023 02:10:00 PM,WOODMONT AVE,NA,OTHER,Clear,DRY,Daylight,TRAFFIC SIGNAL,NONE DETECTED,No,No Apparent Injury,N/A,NOT DISTRACTED,DC,PASSENGER CAR,MOVING CONSTANT SPEED,25,No,2015,TOYOTA,PRIUS,38.98961333,-77.09642333,2023,1,14
230002376,Property Damage Crash,01/15/2023 01:10:00 PM,ROLLINS AVE,NA,OTHER,Clear,DRY,Daylight,NO CONTROLS,NONE DETECTED,Yes,No Apparent Injury,N/A,NOT DISTRACTED,MD,(SPORT) UTILITY VEHICLE,PASSING,30,No,2021,TOYOTA,RAV4,39.05860216,-77.12422657,2023,1,13
230002372,Property Damage Crash,01/15/2023 12:34:00 PM,GEORGIA AVE,NA,SAME DIR REAR END,Clear,DRY,Daylight,NO CONTROLS,NONE DETECTED,Yes,No Apparent Injury,N/A,UNKNOWN,NA,PASSENGER CAR,CHANGING LANES,25,No,2016,DODGE,CHALLENGER,38.99322159,-77.02674081,2023,1,12
230002372,Property Damage Crash,01/15/2023 12:34:00 PM,GEORGIA AVE,NA,SAME DIR REAR END,Clear,DRY,Daylight,NO CONTROLS,NONE DETECTED,No,No Apparent Injury,N/A,NOT DISTRACTED,DC,PASSENGER CAR,STOPPED IN TRAFFIC LANE,25,No,2022,TOYOTA,AVALON,38.99322159,-77.02674081,2023,1,12
230002350,Property Damage Crash,01/15/2023 08:11:00 AM,EAST AVE,NA,STRAIGHT MOVEMENT ANGLE,Clear,DRY,Daylight,NO CONTROLS,NONE DETECTED,Yes,No Apparent Injury,N/A,UNKNOWN,NA,(SPORT) UTILITY VEHICLE,MOVING CONSTANT SPEED,20,No,2013,JEEP,SUV,38.97975133,-77.087087,2023,1,8
230002348,Fatal Crash,01/15/2023 07:23:00 AM,MUNCASTER MILL RD,NA,HEAD ON,Clear,DRY,Medium,NO CONTROLS,DRUG AND ALCOHOL CONTRIBUTED,Yes,Fatal Injury,N/A,UNKNOWN,MD,PASSENGER CAR,MOVING CONSTANT SPEED,40,No,2015,HONDA,CIVIC,39.113125,-77.08997667,2023,1,7
230002348,Fatal Crash,01/15/2023 07:23:00 AM,MUNCASTER MILL RD,NA,HEAD ON,Clear,DRY,Medium,NO CONTROLS,NONE DETECTED,No,Suspected Serious Injury,N/A,NOT DISTRACTED,MD,(SPORT) UTILITY VEHICLE,OTHER,40,No,2014,FORD,ESCAPE,39.113125,-77.08997667,2023,1,7
230002335,Property Damage Crash,01/15/2023 02:54:00 AM,BROADBIRCH DR,NA,STRAIGHT MOVEMENT ANGLE,Clear,DRY,Medium,TRAFFIC SIGNAL,NONE DETECTED,No,No Apparent Injury,N/A,NOT DISTRACTED,MD,PICKUP TRUCK,MOVING CONSTANT SPEED,35,No,2015,DODGE,RAM,39.05621,-76.95443167,2023,1,2
230002335,Property Damage Crash,01/15/2023 02:54:00 AM,BROADBIRCH DR,NA,STRAIGHT MOVEMENT ANGLE,Clear,DRY,Medium,TRAFFIC SIGNAL,NONE DETECTED,Yes,No Apparent Injury,N/A,NOT DISTRACTED,MD,PASSENGER CAR,STARTING FROM LANE,35,No,2013,BMW,SD,39.05621,-76.95443167,2023,1,2
230002332,Property Damage Crash,01/15/2023 02:16:00 AM,NELSON ST,NA,SAME DIRECTION SIDESWIPE,Clear,DRY,Dark,NO CONTROLS,NONE DETECTED,Yes,No Apparent Injury,N/A,INATTENTIVE OR LOST IN THOUGHT,MD,PASSENGER CAR,MOVING CONSTANT SPEED,25,No,2021,VOLK,JETTA,39.09444167,-77.16341,2023,1,2
230002329,Injury Crash,01/15/2023 02:07:00 AM,DAMASCUS RD,NA,SINGLE VEHICLE,Clear,DRY,Medium,STOP SIGN,NONE DETECTED,Yes,No Apparent Injury,N/A,LOOKED BUT DID NOT SEE,MD,PASSENGER CAR,SLOWING OR STOPPING,30,No,2022,CHEVY,PICK UP,39.25401418,-77.14232554,2023,1,2
230002324,Property Damage Crash,01/15/2023 01:54:00 AM,CEDAR AVE,NA,OTHER,Clear,DRY,Medium,NO CONTROLS,ALCOHOL PRESENT,Yes,No Apparent Injury,N/A,OTHER DISTRACTION,MD,PASSENGER CAR,MOVING CONSTANT SPEED,25,No,2008,HONDA,ACCORD,39.13672513,-77.20013197,2023,1,1
230002321,Property Damage Crash,01/15/2023 01:00:00 AM,LONGMEAD CROSSING DR,NA,SINGLE VEHICLE,Clear,DRY,Medium,N/A,ALCOHOL PRESENT,Yes,No Apparent Injury,N/A,UNKNOWN,MD,PASSENGER CAR,MOVING CONSTANT SPEED,30,No,2018,VOLVO,S90,39.1074305,-77.05341775,2023,1,1
230002320,Injury Crash,01/15/2023 12:27:00 AM,NORWOOD RD,NA,SINGLE VEHICLE,Clear,DRY,Medium,N/A,NONE DETECTED,Yes,Possible Minor Injury,N/A,UNKNOWN,MD,PASSENGER CAR,MOVING CONSTANT SPEED,40,No,2012,TOYOTA,SU,39.11324767,-77.01318267,2023,1,0
230002315,Injury Crash,01/14/2023 11:57:00 PM,NEW HAMPSHIRE AVE,NA,HEAD ON LEFT TURN,Clear,DRY,Medium,TRAFFIC SIGNAL,NONE DETECTED,No,No Apparent Injury,N/A,NOT DISTRACTED,MD,PASSENGER CAR,MOVING CONSTANT SPEED,45,No,2001,ACUR,MDX,39.04465667,-76.99232667,2023,1,23
230002315,Injury Crash,01/14/2023 11:57:00 PM,NEW HAMPSHIRE AVE,NA,HEAD ON LEFT TURN,Clear,DRY,Medium,TRAFFIC SIGNAL,NONE DETECTED,Yes,No Apparent Injury,N/A,LOOKED BUT DID NOT SEE,GA,PASSENGER CAR,ACCELERATING,25,No,2022,TOYOTA,COROLLA CROSS,39.04465667,-76.99232667,2023,1,23
230002303,Property Damage Crash,01/14/2023 10:15:00 PM,ETHAN ALLEN AVE,NA,STRAIGHT MOVEMENT ANGLE,Clear,DRY,Medium,STOP SIGN,NONE DETECTED,Yes,No Apparent Injury,N/A,UNKNOWN,MD,PASSENGER CAR,OTHER,5,No,2013,CHEVROLET,UT,38.9761575,-76.99684583,2023,1,22
230002303,Property Damage Crash,01/14/2023 10:15:00 PM,ETHAN ALLEN AVE,NA,STRAIGHT MOVEMENT ANGLE,Clear,DRY,Medium,STOP SIGN,NONE DETECTED,No,No Apparent Injury,N/A,UNKNOWN,MD,PASSENGER CAR,OTHER,5,No,2012,HONDA,ODYSSEY,38.9761575,-76.99684583,2023,1,22
230002301,Property Damage Crash,01/14/2023 08:14:00 PM,NA,NA,OTHER,Clear,NA,Dark,NO CONTROLS,NONE DETECTED,Yes,No Apparent Injury,N/A,BY OTHER OCCUPANTS,NA,PASSENGER CAR,BACKING,25,Unknown,2012,HYUNDAI,ELANTRA,39.03398051,-77.04291263,2023,1,20
230002285,Property Damage Crash,01/14/2023 07:31:00 PM,GEORGIA AVE,NA,SAME DIR REAR END,Clear,DRY,Medium,TRAFFIC SIGNAL,NONE DETECTED,Yes,No Apparent Injury,N/A,LOOKED BUT DID NOT SEE,MD,PASSENGER CAR,MOVING CONSTANT SPEED,45,No,2004,GMC,SIERRA,39.10140333,-77.076867,2023,1,19
230002285,Property Damage Crash,01/14/2023 07:31:00 PM,GEORGIA AVE,NA,SAME DIR REAR END,Clear,DRY,Medium,TRAFFIC SIGNAL,NONE DETECTED,No,No Apparent Injury,N/A,UNKNOWN,NA,PASSENGER CAR,STOPPED IN TRAFFIC LANE,45,Unknown,2019,CHEVROLET,CRUZE,39.10140333,-77.076867,2023,1,19
230002282,Property Damage Crash,01/14/2023 06:20:00 PM,NA,NA,UNKNOWN,Clear,NA,Medium,NO CONTROLS,NONE DETECTED,Yes,No Apparent Injury,N/A,UNKNOWN,NA,PASSENGER CAR,UNKNOWN,15,No,2010,HONDA,4S,39.14972867,-77.20588787,2023,1,18
230002267,Property Damage Crash,01/14/2023 04:31:00 PM,GEORGIA AVE,NA,SAME DIR REAR END,Clear,DRY,Daylight,NO CONTROLS,NONE DETECTED,No,No Apparent Injury,N/A,NOT DISTRACTED,MD,PASSENGER CAR,STOPPED IN TRAFFIC LANE,25,No,2021,TOYT,SD,39.01557667,-77.04245333,2023,1,16
230002267,Property Damage Crash,01/14/2023 04:31:00 PM,GEORGIA AVE,NA,SAME DIR REAR END,Clear,DRY,Daylight,NO CONTROLS,NONE DETECTED,Yes,No Apparent Injury,N/A,UNKNOWN,NA,PASSENGER CAR,SLOWING OR STOPPING,25,No,2011,HOND,2H,39.01557667,-77.04245333,2023,1,16
230002258,Injury Crash,01/14/2023 04:15:00 PM,OLNEY LAYTONSVILLE RD,NA,HEAD ON LEFT TURN,Cloudy,DRY,Daylight,TRAFFIC SIGNAL,NONE DETECTED,No,Possible Minor Injury,N/A,UNKNOWN,MD,STATION WAGON,MOVING CONSTANT SPEED,40,No,2014,MAZDA,2,39.23305667,-77.28177167,2023,1,16
230002258,Injury Crash,01/14/2023 04:15:00 PM,OLNEY LAYTONSVILLE RD,NA,HEAD ON LEFT TURN,Cloudy,DRY,Daylight,TRAFFIC SIGNAL,NONE DETECTED,Yes,Possible Minor Injury,N/A,UNKNOWN,MD,STATION WAGON,MAKING LEFT TURN,40,No,2014,MAZDA,3,39.23305667,-77.28177167,2023,1,16
230002254,Property Damage Crash,01/14/2023 04:07:00 PM,BROADBIRCH DR,NA,OTHER,Clear,DRY,Daylight,TRAFFIC SIGNAL,NONE DETECTED,Yes,No Apparent Injury,N/A,OTHER DISTRACTION,MD,PASSENGER CAR,MAKING U TURN,25,No,2011,BUIC,4S,39.055636,-76.95719033,2023,1,16
230002254,Property Damage Crash,01/14/2023 04:07:00 PM,BROADBIRCH DR,NA,OTHER,Clear,DRY,Daylight,TRAFFIC SIGNAL,NONE DETECTED,No,No Apparent Injury,N/A,NOT DISTRACTED,MD,PASSENGER CAR,MOVING CONSTANT SPEED,25,No,2022,TOYOTA,TACOMA,39.055636,-76.95719033,2023,1,16
230002256,Property Damage Crash,01/14/2023 03:00:00 PM,FRAMINGHAM DR,NA,HEAD ON,Clear,DRY,Daylight,NO CONTROLS,NONE DETECTED,Yes,No Apparent Injury,N/A,INATTENTIVE OR LOST IN THOUGHT,MD,PASSENGER CAR,MOVING CONSTANT SPEED,25,No,2021,TOYT,SD,39.17492833,-77.18625,2023,1,15
230002242,Property Damage Crash,01/14/2023 02:30:00 PM,RANDOLPH RD,NA,SAME DIRECTION SIDESWIPE,Cloudy,DRY,Daylight,NO CONTROLS,NONE DETECTED,Yes,No Apparent Injury,N/A,UNKNOWN,NA,(SPORT) UTILITY VEHICLE,MOVING CONSTANT SPEED,30,No,2015,JEEP,WRANGLER,39.0533078,-77.110058,2023,1,14
230002242,Property Damage Crash,01/14/2023 02:30:00 PM,RANDOLPH RD,NA,SAME DIRECTION SIDESWIPE,Cloudy,DRY,Daylight,NO CONTROLS,NONE DETECTED,No,No Apparent Injury,N/A,NOT DISTRACTED,MD,(SPORT) UTILITY VEHICLE,MOVING CONSTANT SPEED,35,No,2022,SUBARU,SUV,39.0533078,-77.110058,2023,1,14
230002239,Property Damage Crash,01/14/2023 02:18:00 PM,NEW HAMPSHIRE AVE,NA,STRAIGHT MOVEMENT ANGLE,Cloudy,DRY,Daylight,TRAFFIC SIGNAL,NONE DETECTED,No,No Apparent Injury,N/A,UNKNOWN,MD,PASSENGER CAR,MOVING CONSTANT SPEED,30,No,2017,LEXS,TK,38.98754275,-76.98798884,2023,1,14
230002239,Property Damage Crash,01/14/2023 02:18:00 PM,NEW HAMPSHIRE AVE,NA,STRAIGHT MOVEMENT ANGLE,Cloudy,DRY,Daylight,TRAFFIC SIGNAL,NONE DETECTED,Yes,No Apparent Injury,N/A,UNKNOWN,MD,PASSENGER CAR,STOPPED IN TRAFFIC LANE,0,No,2018,NISSAN,SENTRA,38.98754275,-76.98798884,2023,1,14