Local Case Number,ACRS Report Type,Crash Date/Time,Road Name,Related Non-Motorist,Collision Type,Weather,Surface Condition,Light,Traffic Control,Driver Substance Abuse,Driver At Fault,Injury Severity,Circumstance,Driver Distracted By,Drivers License State,Vehicle Body Type,Vehicle Movement,Speed Limit,Driverless Vehicle,Vehicle Year,Vehicle Make,Vehicle Model,Latitude,Longitude,Year,Month,Hour
230002336,Property Damage Crash,01/14/2023 02:00:00 PM,ROCKVILLE PIKE,NA,SAME DIR REAR END,Cloudy,DRY,Daylight,NO CONTROLS,NONE DETECTED,Yes,No Apparent Injury,N/A,NOT DISTRACTED,MD,PASSENGER CAR,MOVING CONSTANT SPEED,40,No,2013,CHRYSLER,300,39.05634531,-77.11852552,2023,1,14
230002336,Property Damage Crash,01/14/2023 02:00:00 PM,ROCKVILLE PIKE,NA,SAME DIR REAR END,Cloudy,DRY,Daylight,NO CONTROLS,NONE DETECTED,No,No Apparent Injury,N/A,NOT DISTRACTED,MD,PASSENGER CAR,SLOWING OR STOPPING,40,No,2019,TOYOTA,RAV4,39.05634531,-77.11852552,2023,1,14
230002231,Property Damage Crash,01/14/2023 12:34:00 PM,ROCKVILLE PIKE,NA,STRAIGHT MOVEMENT ANGLE,Cloudy,DRY,Daylight,NO CONTROLS,NONE DETECTED,Yes,No Apparent Injury,N/A,LOOKED BUT DID NOT SEE,MD,PASSENGER CAR,MAKING LEFT TURN,40,No,2007,TOYOTA,COROLLA,39.04613983,-77.11238117,2023,1,12
230002231,Property Damage Crash,01/14/2023 12:34:00 PM,ROCKVILLE PIKE,NA,STRAIGHT MOVEMENT ANGLE,Cloudy,DRY,Daylight,NO CONTROLS,NONE DETECTED,No,No Apparent Injury,N/A,NOT DISTRACTED,DC,PASSENGER CAR,MAKING LEFT TURN,40,No,2020,BMW,X5,39.04613983,-77.11238117,2023,1,12
230002467,Property Damage Crash,01/14/2023 12:00:00 PM,NA,NA,SINGLE VEHICLE,Clear,NA,Daylight,N/A,NONE DETECTED,Yes,No Apparent Injury,N/A,NOT DISTRACTED,MD,PASSENGER CAR,STARTING FROM PARKED,5,No,2004,TOYOTA,TUNDRA,39.0077792,-77.05043904,2023,1,12
230002228,Property Damage Crash,01/14/2023 11:53:00 AM,STEEPLE RD,NA,SAME DIRECTION SIDESWIPE,Clear,DRY,Daylight,NO CONTROLS,NONE DETECTED,Yes,No Apparent Injury,N/A,UNKNOWN,MD,TRANSIT BUS,MOVING CONSTANT SPEED,30,No,2021,GILG,BU,39.17379333,-77.292845,2023,1,11
230002227,Property Damage Crash,01/14/2023 11:45:00 AM,SHADY GROVE RD,NA,STRAIGHT MOVEMENT ANGLE,Cloudy,DRY,Daylight,TRAFFIC SIGNAL,NONE DETECTED,Yes,No Apparent Injury,N/A,LOOKED BUT DID NOT SEE,MD,VAN,SLOWING OR STOPPING,40,No,2013,TOYT,VN,39.11160228,-77.1872247,2023,1,11
230002227,Property Damage Crash,01/14/2023 11:45:00 AM,SHADY GROVE RD,NA,STRAIGHT MOVEMENT ANGLE,Cloudy,DRY,Daylight,TRAFFIC SIGNAL,NONE DETECTED,No,No Apparent Injury,N/A,NOT DISTRACTED,VA,VAN,MAKING LEFT TURN,40,No,2014,CHEV,EXPRESS,39.11160228,-77.1872247,2023,1,11
230002222,Injury Crash,01/14/2023 10:52:00 AM,LOCKWOOD DR,NA,HEAD ON LEFT TURN,Cloudy,DRY,Daylight,TRAFFIC SIGNAL,NONE DETECTED,Yes,No Apparent Injury,N/A,UNKNOWN,MD,(SPORT) UTILITY VEHICLE,MAKING LEFT TURN,30,No,2019,CHEV,TRAVERSE,39.04036833,-76.9896,2023,1,10
230002222,Injury Crash,01/14/2023 10:52:00 AM,LOCKWOOD DR,NA,HEAD ON LEFT TURN,Cloudy,DRY,Daylight,TRAFFIC SIGNAL,NONE DETECTED,No,Possible Minor Injury,N/A,NOT DISTRACTED,MD,PASSENGER CAR,MOVING CONSTANT SPEED,30,No,2022,HOND,CIVIC,39.04036833,-76.9896,2023,1,10
230002216,Property Damage Crash,01/14/2023 09:48:00 AM,NEW HAMPSHIRE AVE,NA,SAME DIR REAR END,Clear,DRY,Daylight,TRAFFIC SIGNAL,NONE DETECTED,No,No Apparent Injury,N/A,NOT DISTRACTED,MD,PASSENGER CAR,CHANGING LANES,35,No,2014,HOND,4S,38.98327852,-76.9882945,2023,1,9
230002216,Property Damage Crash,01/14/2023 09:48:00 AM,NEW HAMPSHIRE AVE,NA,SAME DIR REAR END,Clear,DRY,Daylight,TRAFFIC SIGNAL,NONE DETECTED,No,No Apparent Injury,N/A,LOOKED BUT DID NOT SEE,MD,OTHER BUS,ACCELERATING,35,No,2009,GILLIE,LOWFLOOR,38.98327852,-76.9882945,2023,1,9
230002207,Property Damage Crash,01/14/2023 05:30:00 AM,GEORGIA AVE,NA,SAME DIR REAR END,Clear,DRY,Medium,TRAFFIC SIGNAL,NONE DETECTED,Yes,No Apparent Injury,N/A,OTHER DISTRACTION,MD,PASSENGER CAR,MOVING CONSTANT SPEED,35,No,2008,BMW,330I,39.05270233,-77.05105117,2023,1,5
230002207,Property Damage Crash,01/14/2023 05:30:00 AM,GEORGIA AVE,NA,SAME DIR REAR END,Clear,DRY,Medium,TRAFFIC SIGNAL,NONE DETECTED,No,No Apparent Injury,N/A,NOT DISTRACTED,MD,"CARGO VAN/LIGHT TRUCK 2 AXLES (OVER 10,000LBS (4,536 KG))",MOVING CONSTANT SPEED,35,No,2019,ISU,NPR,39.05270233,-77.05105117,2023,1,5
230002251,Injury Crash,01/14/2023 03:45:00 AM,E GUDE DR,NA,SAME DIR REAR END,Clear,DRY,Medium,TRAFFIC SIGNAL,NONE DETECTED,Yes,Possible Minor Injury,N/A,NOT DISTRACTED,MD,PASSENGER CAR,MOVING CONSTANT SPEED,40,No,2008,NISS,ALTIMA,39.10634833,-77.15254333,2023,1,3
230002251,Injury Crash,01/14/2023 03:45:00 AM,E GUDE DR,NA,SAME DIR REAR END,Clear,DRY,Medium,TRAFFIC SIGNAL,NONE DETECTED,No,Possible Minor Injury,N/A,NOT DISTRACTED,MD,PASSENGER CAR,SLOWING OR STOPPING,40,No,2011,KIA,SORENTO,39.10634833,-77.15254333,2023,1,3
230002202,Injury Crash,01/14/2023 03:29:00 AM,MONTGOMERY VILLAGE AVE,NA,STRAIGHT MOVEMENT ANGLE,Clear,DRY,Medium,FLASHING TRAFFIC SIGNAL,NONE DETECTED,Yes,Possible Minor Injury,N/A,LOOKED BUT DID NOT SEE,MD,VAN,MAKING LEFT TURN,35,No,2013,TOYOTA,SIENNA,39.16015717,-77.20183533,2023,1,3
230002202,Injury Crash,01/14/2023 03:29:00 AM,MONTGOMERY VILLAGE AVE,NA,STRAIGHT MOVEMENT ANGLE,Clear,DRY,Medium,FLASHING TRAFFIC SIGNAL,NONE DETECTED,No,No Apparent Injury,N/A,NOT DISTRACTED,MD,(SPORT) UTILITY VEHICLE,MOVING CONSTANT SPEED,35,No,2014,JEEP,GRAND CHEROKEE,39.16015717,-77.20183533,2023,1,3
230002201,Property Damage Crash,01/14/2023 03:22:00 AM,UNIVERSITY BLVD E,NA,SAME DIR REAR END,Clear,DRY,Medium,TRAFFIC SIGNAL,ALCOHOL PRESENT,Yes,No Apparent Injury,N/A,INATTENTIVE OR LOST IN THOUGHT,MD,PASSENGER CAR,MOVING CONSTANT SPEED,35,No,2016,TOYOTA,SCION,39.01944115,-77.01079293,2023,1,3
230002201,Property Damage Crash,01/14/2023 03:22:00 AM,UNIVERSITY BLVD E,NA,SAME DIR REAR END,Clear,DRY,Medium,TRAFFIC SIGNAL,NONE DETECTED,No,No Apparent Injury,N/A,NOT DISTRACTED,MD,PASSENGER CAR,STOPPED IN TRAFFIC LANE,35,No,2016,HONDA,HRV,39.01944115,-77.01079293,2023,1,3
230002189,Injury Crash,01/13/2023 11:15:00 PM,GEORGIA AVE,PEDESTRIAN,OTHER,Clear,DRY,Medium,TRAFFIC SIGNAL,NONE DETECTED,Unknown,No Apparent Injury,N/A,NOT DISTRACTED,MD,PASSENGER CAR,ACCELERATING,30,No,2008,TOYOTA,PRIUS,39.03881,-77.05091167,2023,1,23
230002193,Property Damage Crash,01/13/2023 11:11:00 PM,EAST WEST HWY,NA,SINGLE VEHICLE,Clear,N/A,Medium,NO CONTROLS,NONE DETECTED,Yes,No Apparent Injury,N/A,NOT DISTRACTED,MD,"OTHER LIGHT TRUCKS (10,000LBS (4,536KG) OR LESS)",MOVING CONSTANT SPEED,30,No,2017,FORD,TRUCK,38.99246948,-77.03127816,2023,1,23
230002173,Property Damage Crash,01/13/2023 08:20:00 PM,UNIVERSITY BLVD E,NA,SAME DIR REAR END,Clear,DRY,Medium,NO CONTROLS,NONE DETECTED,No,No Apparent Injury,N/A,NOT DISTRACTED,MD,PASSENGER CAR,MOVING CONSTANT SPEED,35,No,2018,TOYT,TK,39.00222833,-76.99563333,2023,1,20
230002173,Property Damage Crash,01/13/2023 08:20:00 PM,UNIVERSITY BLVD E,NA,SAME DIR REAR END,Clear,DRY,Medium,NO CONTROLS,ALCOHOL PRESENT,Yes,No Apparent Injury,N/A,LOOKED BUT DID NOT SEE,MD,PASSENGER CAR,SLOWING OR STOPPING,35,No,2006,ACUR,HB,39.00222833,-76.99563333,2023,1,20
230002167,Property Damage Crash,01/13/2023 07:47:00 PM,NA,NA,SAME DIR REAR END,Clear,NA,Medium,N/A,NONE DETECTED,No,No Apparent Injury,N/A,NOT DISTRACTED,MD,PASSENGER CAR,STOPPED IN TRAFFIC LANE,5,No,2006,HOND,TK,38.99234333,-77.02483833,2023,1,19
230002167,Property Damage Crash,01/13/2023 07:47:00 PM,NA,NA,SAME DIR REAR END,Clear,NA,Medium,N/A,NONE DETECTED,Yes,No Apparent Injury,N/A,OTHER DISTRACTION,NA,PASSENGER CAR,BACKING,5,No,2020,TOYT,4S,38.99234333,-77.02483833,2023,1,19
230002162,Injury Crash,01/13/2023 07:30:00 PM,ASPEN HILL RD,PEDESTRIAN,SINGLE VEHICLE,Clear,DRY,Medium,TRAFFIC SIGNAL,NONE DETECTED,Unknown,No Apparent Injury,N/A,LOOKED BUT DID NOT SEE,MD,VAN,MAKING LEFT TURN,25,No,2013,TOYOTA,SIENNA,39.07911733,-77.08718417,2023,1,19
230002158,Property Damage Crash,01/13/2023 06:25:00 PM,SEVEN LOCKS RD,NA,SAME DIR REAR END,Clear,DRY,Medium,NO CONTROLS,NONE DETECTED,Yes,No Apparent Injury,N/A,INATTENTIVE OR LOST IN THOUGHT,MD,PASSENGER CAR,MOVING CONSTANT SPEED,35,No,2015,HOND,ODYSSEY VN,39.04704,-77.16145333,2023,1,18
230002158,Property Damage Crash,01/13/2023 06:25:00 PM,SEVEN LOCKS RD,NA,SAME DIR REAR END,Clear,DRY,Medium,NO CONTROLS,NONE DETECTED,No,No Apparent Injury,N/A,NOT DISTRACTED,MD,PASSENGER CAR,STOPPED IN TRAFFIC LANE,35,No,2016,BMW,535XI,39.04704,-77.16145333,2023,1,18
230002155,Property Damage Crash,01/13/2023 06:12:00 PM,VEIRS MILL RD,NA,HEAD ON LEFT TURN,Clear,DRY,Medium,TRAFFIC SIGNAL,NONE DETECTED,Unknown,No Apparent Injury,N/A,UNKNOWN,MD,(SPORT) UTILITY VEHICLE,MOVING CONSTANT SPEED,40,No,2005,ACUR,TK,39.07714729,-77.12372539,2023,1,18
230002155,Property Damage Crash,01/13/2023 06:12:00 PM,VEIRS MILL RD,NA,HEAD ON LEFT TURN,Clear,DRY,Medium,TRAFFIC SIGNAL,NONE DETECTED,Unknown,No Apparent Injury,N/A,UNKNOWN,MD,(SPORT) UTILITY VEHICLE,MAKING LEFT TURN,40,No,2015,HOND,TK,39.07714729,-77.12372539,2023,1,18
230002149,Injury Crash,01/13/2023 05:20:00 PM,UNIVERSITY BLVD W,PEDESTRIAN,SINGLE VEHICLE,Clear,DRY,Medium,TRAFFIC SIGNAL,NONE DETECTED,No,No Apparent Injury,N/A,NOT DISTRACTED,MD,PASSENGER CAR,ACCELERATING,35,No,2013,HONDA,CIVIC,39.041445,-77.04847333,2023,1,17
230002147,Property Damage Crash,01/13/2023 04:13:00 PM,OLD GEORGETOWN RD,NA,SAME DIRECTION LEFT TURN,Clear,DRY,Daylight,TRAFFIC SIGNAL,NONE DETECTED,No,No Apparent Injury,N/A,NOT DISTRACTED,MD,PASSENGER CAR,MOVING CONSTANT SPEED,30,No,2022,HONDA,ACCORD,38.9846615,-77.09618967,2023,1,16
230002147,Property Damage Crash,01/13/2023 04:13:00 PM,OLD GEORGETOWN RD,NA,SAME DIRECTION LEFT TURN,Clear,DRY,Daylight,TRAFFIC SIGNAL,NONE DETECTED,Yes,No Apparent Injury,N/A,UNKNOWN,NA,TRANSIT BUS,CHANGING LANES,30,No,2019,GILLIG,BUS,38.9846615,-77.09618967,2023,1,16
230002135,Property Damage Crash,01/13/2023 04:10:00 PM,LULLABY RD,NA,OTHER,Clear,DRY,Daylight,NO CONTROLS,NONE DETECTED,Yes,No Apparent Injury,N/A,LOOKED BUT DID NOT SEE,MD,SCHOOL BUS,MOVING CONSTANT SPEED,0,No,2014,THOMAS,SCHOOL BUS,39.17653083,-77.287112,2023,1,16
230001946,Property Damage Crash,01/13/2023 04:02:00 PM,NEW HAMPSHIRE AVE,NA,SAME DIR REAR END,Rain,WET,Daylight,TRAFFIC SIGNAL,ALCOHOL PRESENT,Yes,No Apparent Injury,N/A,UNKNOWN,MD,PASSENGER CAR,SLOWING OR STOPPING,35,No,2006,SUZUKI,FORENZA,39.02271048,-76.97785993,2023,1,16
230001946,Property Damage Crash,01/13/2023 04:02:00 PM,NEW HAMPSHIRE AVE,NA,SAME DIR REAR END,Rain,WET,Daylight,TRAFFIC SIGNAL,NONE DETECTED,No,No Apparent Injury,N/A,NOT DISTRACTED,MD,PICKUP TRUCK,STOPPED IN TRAFFIC LANE,35,No,2016,DODGE,RAM,39.02271048,-76.97785993,2023,1,16
230002113,Property Damage Crash,01/13/2023 02:22:00 PM,SHADY GROVE RD,NA,STRAIGHT MOVEMENT ANGLE,Clear,DRY,Daylight,TRAFFIC SIGNAL,NONE DETECTED,Yes,No Apparent Injury,N/A,LOOKED BUT DID NOT SEE,MD,PASSENGER CAR,MOVING CONSTANT SPEED,40,No,2015,HOND,CIVIC,39.109245,-77.18815833,2023,1,14
230002113,Property Damage Crash,01/13/2023 02:22:00 PM,SHADY GROVE RD,NA,STRAIGHT MOVEMENT ANGLE,Clear,DRY,Daylight,TRAFFIC SIGNAL,NONE DETECTED,No,No Apparent Injury,N/A,NOT DISTRACTED,MD,PASSENGER CAR,STARTING FROM LANE,40,No,2012,HOND,FIT,39.109245,-77.18815833,2023,1,14
230002092,Injury Crash,01/13/2023 01:06:00 PM,GEORGIA AVE,NA,SAME DIRECTION SIDESWIPE,Clear,DRY,Daylight,TRAFFIC SIGNAL,NONE DETECTED,Unknown,No Apparent Injury,N/A,NOT DISTRACTED,MD,PASSENGER CAR,MOVING CONSTANT SPEED,35,No,2013,TOYOTA,PRIUS,39.01585479,-77.04272461,2023,1,13
230002092,Injury Crash,01/13/2023 01:06:00 PM,GEORGIA AVE,NA,SAME DIRECTION SIDESWIPE,Clear,DRY,Daylight,TRAFFIC SIGNAL,NONE DETECTED,Unknown,Possible Minor Injury,N/A,NOT DISTRACTED,MD,PASSENGER CAR,MOVING CONSTANT SPEED,35,No,2008,TOYOTA,RAV4,39.01585479,-77.04272461,2023,1,13
230002077,Property Damage Crash,01/13/2023 12:03:00 PM,NA,NA,OTHER,Clear,NA,Daylight,NO CONTROLS,NONE DETECTED,Yes,No Apparent Injury,N/A,UNKNOWN,NA,NA,BACKING,15,No,0,UNKNOWN,UNKNOWN,39.02426467,-77.14824192,2023,1,12
230002073,Property Damage Crash,01/13/2023 11:29:00 AM,NA,NA,SINGLE VEHICLE,Clear,NA,Daylight,N/A,NONE DETECTED,Yes,No Apparent Injury,N/A,LOOKED BUT DID NOT SEE,MD,PASSENGER CAR,PARKING,5,No,2014,CHEVROLET,EXPRESS 2500,39.05836117,-76.95540528,2023,1,11
230002048,Injury Crash,01/13/2023 09:30:00 AM,EISENHOWER MEMORIAL HWY,NA,SAME DIR REAR END,Clear,DRY,Daylight,N/A,NONE DETECTED,No,No Apparent Injury,N/A,NOT DISTRACTED,WV,AMBULANCE/NON EMERGENCY,MOVING CONSTANT SPEED,55,No,2020,FRNT,ST,39.14148,-77.212815,2023,1,9
230002048,Injury Crash,01/13/2023 09:30:00 AM,EISENHOWER MEMORIAL HWY,NA,SAME DIR REAR END,Clear,DRY,Daylight,N/A,NONE DETECTED,Yes,Possible Minor Injury,N/A,INATTENTIVE OR LOST IN THOUGHT,MD,PASSENGER CAR,MOVING CONSTANT SPEED,55,No,2021,HYUN,ACCENT,39.14148,-77.212815,2023,1,9
230002047,Injury Crash,01/13/2023 09:23:00 AM,WELLER RD,NA,ANGLE MEETS LEFT TURN,Cloudy,WET,Daylight,STOP SIGN,NONE DETECTED,No,No Apparent Injury,"N/A, WET",NOT DISTRACTED,MD,PICKUP TRUCK,OTHER,25,No,2014,NISSAN,FRONTIER,39.06481833,-77.06539167,2023,1,9
230002047,Injury Crash,01/13/2023 09:23:00 AM,WELLER RD,NA,ANGLE MEETS LEFT TURN,Cloudy,WET,Daylight,STOP SIGN,NONE DETECTED,No,Possible Minor Injury,"N/A, WET",NOT DISTRACTED,MD,PASSENGER CAR,MOVING CONSTANT SPEED,25,No,2016,HYUNDAI,SONATA,39.06481833,-77.06539167,2023,1,9
230002047,Injury Crash,01/13/2023 09:23:00 AM,WELLER RD,NA,ANGLE MEETS LEFT TURN,Cloudy,WET,Daylight,STOP SIGN,NONE DETECTED,Yes,Possible Minor Injury,"N/A, WET",UNKNOWN,MD,PASSENGER CAR,MAKING LEFT TURN,25,No,2004,HYUNDAI,SUV,39.06481833,-77.06539167,2023,1,9
230002041,Injury Crash,01/13/2023 08:24:00 AM,NA,OTHER PEDALCYCLIST,STRAIGHT MOVEMENT ANGLE,Cloudy,NA,Daylight,N/A,NONE DETECTED,Yes,No Apparent Injury,"N/A, WET",LOOKED BUT DID NOT SEE,MD,PASSENGER CAR,PARKING,0,No,2016,NISSAN,ROGUE,39.05806167,-77.04848667,2023,1,8
230002040,Injury Crash,01/13/2023 08:00:00 AM,MUNCASTER RD,NA,STRAIGHT MOVEMENT ANGLE,Clear,WET,Daylight,NO CONTROLS,NONE DETECTED,Yes,No Apparent Injury,N/A,NOT DISTRACTED,MD,PICKUP TRUCK,ENTERING TRAFFIC LANE,35,No,2005,CHEV,2500,39.14559559,-77.14394244,2023,1,8
230002040,Injury Crash,01/13/2023 08:00:00 AM,MUNCASTER RD,NA,STRAIGHT MOVEMENT ANGLE,Clear,WET,Daylight,NO CONTROLS,NONE DETECTED,No,Possible Minor Injury,N/A,NOT DISTRACTED,MD,PASSENGER CAR,MOVING CONSTANT SPEED,35,No,2022,SUB,WRX,39.14559559,-77.14394244,2023,1,8
230002037,Property Damage Crash,01/13/2023 07:37:00 AM,GEORGIA AVE,NA,SAME DIR REAR END,Rain,WET,Daylight,TRAFFIC SIGNAL,NONE DETECTED,No,No Apparent Injury,"N/A, WET",NOT DISTRACTED,MD,PASSENGER CAR,STOPPED IN TRAFFIC LANE,35,No,2017,TOYOTA,CAMRY,39.01060808,-77.04093956,2023,1,7
230002037,Property Damage Crash,01/13/2023 07:37:00 AM,GEORGIA AVE,NA,SAME DIR REAR END,Rain,WET,Daylight,TRAFFIC SIGNAL,NONE DETECTED,Yes,No Apparent Injury,"N/A, WET",NOT DISTRACTED,MD,(SPORT) UTILITY VEHICLE,SLOWING OR STOPPING,35,No,2013,HONDA,PILOT,39.01060808,-77.04093956,2023,1,7
230002036,Property Damage Crash,01/13/2023 07:25:00 AM,PARKVALE RD,NA,SAME DIR REAR END,Rain,WET,Daylight,STOP SIGN,NONE DETECTED,Yes,No Apparent Injury,"N/A, WET",NOT DISTRACTED,MD,SCHOOL BUS,SLOWING OR STOPPING,25,No,2014,THOM,BUS,39.09357167,-77.113075,2023,1,7
230002036,Property Damage Crash,01/13/2023 07:25:00 AM,PARKVALE RD,NA,SAME DIR REAR END,Rain,WET,Daylight,STOP SIGN,NONE DETECTED,No,No Apparent Injury,"N/A, WET",NOT DISTRACTED,MD,PASSENGER CAR,STOPPED IN TRAFFIC LANE,25,No,2020,NISS,UT,39.09357167,-77.113075,2023,1,7
230002024,Property Damage Crash,01/13/2023 04:15:00 AM,CENTURY BLVD,NA,OTHER,Rain,WET,Medium,NO CONTROLS,NONE DETECTED,Yes,No Apparent Injury,"RAIN, SNOW, WET",UNKNOWN,MD,POLICE VEHICLE/NON EMERGENCY,MOVING CONSTANT SPEED,20,No,2020,CHEVY,TAHOE,39.182525,-77.26453833,2023,1,4
230002019,Property Damage Crash,01/13/2023 01:39:00 AM,MAPLE LEAF DR,NA,SINGLE VEHICLE,Rain,WET,Medium,NO CONTROLS,NONE DETECTED,Yes,No Apparent Injury,N/A,TEXTING FROM A CELLULAR PHONE,MD,PASSENGER CAR,MOVING CONSTANT SPEED,15,No,2016,HONDA,PILOT,39.18734883,-77.20276583,2023,1,1
230002016,Property Damage Crash,01/13/2023 12:34:00 AM,WOODFIELD RD,NA,SINGLE VEHICLE,Rain,WET,Medium,OTHER,NONE DETECTED,Yes,No Apparent Injury,"RAIN, SNOW, WET",OTHER DISTRACTION,MD,PASSENGER CAR,MOVING CONSTANT SPEED,50,No,2011,TOYOTA,COROLLA,39.235299500000004,-77.1803895,2023,1,0
230002015,Property Damage Crash,01/12/2023 11:58:00 PM,DAMASCUS RD,NA,SINGLE VEHICLE,Rain,WET,Medium,STOP SIGN,NONE DETECTED,Yes,No Apparent Injury,"RAIN, SNOW, WET",NOT DISTRACTED,MD,PASSENGER CAR,UNKNOWN,35,No,2000,CHEVY,BLAZER,39.25484667,-77.143855,2023,1,23
230002014,Property Damage Crash,01/12/2023 11:38:00 PM,RANDOLPH RD,NA,SAME DIR REAR END,Rain,WET,Medium,TRAFFIC SIGNAL,ALCOHOL PRESENT,Yes,No Apparent Injury,N/A,UNKNOWN,MD,VAN,MOVING CONSTANT SPEED,25,No,2004,FORD,CARGO VAN,39.05815408,-77.04974802,2023,1,23
230002014,Property Damage Crash,01/12/2023 11:38:00 PM,RANDOLPH RD,NA,SAME DIR REAR END,Rain,WET,Medium,TRAFFIC SIGNAL,NONE DETECTED,No,No Apparent Injury,N/A,NOT DISTRACTED,MD,PASSENGER CAR,STOPPED IN TRAFFIC LANE,25,No,2021,VOLKSWAGON,TIGUAN,39.05815408,-77.04974802,2023,1,23
230002005,Property Damage Crash,01/12/2023 10:44:00 PM,GREAT SENECA HWY,NA,SINGLE VEHICLE,Rain,WET,Medium,NO CONTROLS,NONE DETECTED,Yes,No Apparent Injury,"N/A, WET",UNKNOWN,XX,PASSENGER CAR,STARTING FROM LANE,50,No,2021,HONDA,CIVIC,39.12529932,-77.23372762,2023,1,22
230002000,Injury Crash,01/12/2023 10:10:00 PM,GEORGIA AVE,NA,STRAIGHT MOVEMENT ANGLE,Rain,WET,Medium,N/A,NONE DETECTED,Yes,No Apparent Injury,N/A,UNKNOWN,NA,NA,MAKING LEFT TURN,35,No,0,UNKNOWN,UNKNOWN,39.07484333,-77.06753333,2023,1,22
230002000,Injury Crash,01/12/2023 10:10:00 PM,GEORGIA AVE,NA,STRAIGHT MOVEMENT ANGLE,Rain,WET,Medium,N/A,NONE DETECTED,No,Possible Minor Injury,N/A,NOT DISTRACTED,MD,PASSENGER CAR,MOVING CONSTANT SPEED,35,No,2010,HONDA,FIT,39.07484333,-77.06753333,2023,1,22
230001998,Property Damage Crash,01/12/2023 09:52:00 PM,CLARKSBURG RD,NA,SINGLE VEHICLE,Rain,WET,Dark,OTHER,NONE DETECTED,Yes,No Apparent Injury,"N/A, WET",UNKNOWN,MD,PICKUP TRUCK,UNKNOWN,35,No,1997,TOYOTA,TACOMA,39.26300067,-77.28196367,2023,1,21
230001993,Property Damage Crash,01/12/2023 09:41:00 PM,FREDERICK RD,NA,SINGLE VEHICLE,Rain,WET,Medium,TRAFFIC SIGNAL,NONE DETECTED,Yes,No Apparent Injury,"RAIN, SNOW, WET",NOT DISTRACTED,MD,PASSENGER CAR,MOVING CONSTANT SPEED,35,No,2016,HYUN,4S,39.15268058,-77.21182932,2023,1,21
230001976,Property Damage Crash,01/12/2023 07:34:00 PM,16TH ST,NA,STRAIGHT MOVEMENT ANGLE,Clear,DRY,Medium,TRAFFIC SIGNAL,NONE DETECTED,Yes,No Apparent Injury,N/A,LOOKED BUT DID NOT SEE,MD,PASSENGER CAR,MOVING CONSTANT SPEED,25,No,2014,TOYT,WG,38.99213435,-77.03617722,2023,1,19
230001976,Property Damage Crash,01/12/2023 07:34:00 PM,16TH ST,NA,STRAIGHT MOVEMENT ANGLE,Clear,DRY,Medium,TRAFFIC SIGNAL,NONE DETECTED,No,No Apparent Injury,N/A,NOT DISTRACTED,DC,PASSENGER CAR,STARTING FROM LANE,25,No,2010,INFINITI,G37X,38.99213435,-77.03617722,2023,1,19
230001974,Property Damage Crash,01/12/2023 07:24:00 PM,BRADLEY LA,NA,OTHER,Clear,DRY,Medium,TRAFFIC SIGNAL,NONE DETECTED,Yes,No Apparent Injury,N/A,LOOKED BUT DID NOT SEE,VA,PASSENGER CAR,MAKING LEFT TURN,30,No,1992,ACURA,CP,38.97728833,-77.09080833,2023,1,19
230001974,Property Damage Crash,01/12/2023 07:24:00 PM,BRADLEY LA,NA,OTHER,Clear,DRY,Medium,TRAFFIC SIGNAL,NONE DETECTED,No,No Apparent Injury,N/A,NOT DISTRACTED,DC,PASSENGER CAR,MOVING CONSTANT SPEED,30,No,2016,HONDA,ACCORD,38.97728833,-77.09080833,2023,1,19
230001981,Property Damage Crash,01/12/2023 07:21:00 PM,PARHAM RD,NA,SAME DIRECTION SIDESWIPE,Cloudy,DRY,Dark,NO CONTROLS,ALCOHOL PRESENT,Yes,No Apparent Injury,N/A,OTHER DISTRACTION,MD,PASSENGER CAR,OTHER,0,No,2006,ACURA,TL,39.01455333,-76.980135,2023,1,19
230001967,Property Damage Crash,01/12/2023 06:25:00 PM,COLUMBIA PIKE,NA,SAME DIRECTION LEFT TURN,Clear,DRY,Medium,N/A,NONE DETECTED,No,No Apparent Injury,N/A,NOT DISTRACTED,MD,PASSENGER CAR,MOVING CONSTANT SPEED,45,No,2020,TOYOTA,CAMRY,39.04766233,-76.98545667,2023,1,18
230001967,Property Damage Crash,01/12/2023 06:25:00 PM,COLUMBIA PIKE,NA,SAME DIRECTION LEFT TURN,Clear,DRY,Medium,N/A,NONE DETECTED,Yes,No Apparent Injury,N/A,LOOKED BUT DID NOT SEE,MD,PASSENGER CAR,CHANGING LANES,45,No,2009,HONDA,CIVIC,39.04766233,-76.98545667,2023,1,18
230001970,Injury Crash,01/12/2023 06:19:00 PM,FREDERICK RD,PEDESTRIAN,OTHER,Clear,WET,Medium,TRAFFIC SIGNAL,NONE DETECTED,No,No Apparent Injury,"N/A, WET",UNKNOWN,NA,NA,MOVING CONSTANT SPEED,35,No,0,UNKNOWN,UNKNOWN,39.11222041,-77.16190113,2023,1,18
230001975,Property Damage Crash,01/12/2023 06:15:00 PM,OLNEY LAYTONSVILLE RD,NA,SAME DIR REAR END,Clear,DRY,Medium,TRAFFIC SIGNAL,ALCOHOL PRESENT,Yes,No Apparent Injury,N/A,NOT DISTRACTED,MD,PASSENGER CAR,MOVING CONSTANT SPEED,30,No,2019,HONDA,CR-V,39.160692,-77.07894767,2023,1,18
230001975,Property Damage Crash,01/12/2023 06:15:00 PM,OLNEY LAYTONSVILLE RD,NA,SAME DIR REAR END,Clear,DRY,Medium,TRAFFIC SIGNAL,NONE DETECTED,No,No Apparent Injury,N/A,NOT DISTRACTED,MD,PASSENGER CAR,STOPPED IN TRAFFIC LANE,30,No,2007,LEXUS,ES 350,39.160692,-77.07894767,2023,1,18
230001957,Property Damage Crash,01/12/2023 05:50:00 PM,PHILADELPHIA AVE,NA,SINGLE VEHICLE,Clear,WET,Medium,NO CONTROLS,NONE DETECTED,Yes,No Apparent Injury,N/A,INATTENTIVE OR LOST IN THOUGHT,MD,(SPORT) UTILITY VEHICLE,MOVING CONSTANT SPEED,30,No,2016,TOYOTA,RAV 4,38.98651667,-77.02153333,2023,1,17
230001948,Injury Crash,01/12/2023 05:35:00 PM,MUDDY BRANCH RD,NA,SAME DIR REAR END,Clear,DRY,Medium,NO CONTROLS,NONE DETECTED,Yes,Possible Minor Injury,"BACKUP DUE TO REGULAR CONGESTION, N/A",LOOKED BUT DID NOT SEE,MD,PASSENGER CAR,SLOWING OR STOPPING,30,No,2003,HONDA,ACCORD,39.13717433,-77.20548197,2023,1,17
230001948,Injury Crash,01/12/2023 05:35:00 PM,MUDDY BRANCH RD,NA,SAME DIR REAR END,Clear,DRY,Medium,NO CONTROLS,NONE DETECTED,No,Possible Minor Injury,"BACKUP DUE TO REGULAR CONGESTION, N/A",NOT DISTRACTED,MD,PASSENGER CAR,SLOWING OR STOPPING,30,No,2011,MERCEDES,E350,39.13717433,-77.20548197,2023,1,17
230001937,Property Damage Crash,01/12/2023 04:30:00 PM,GRUBB RD,NA,HEAD ON LEFT TURN,Cloudy,WET,Daylight,TRAFFIC SIGNAL,NONE DETECTED,Yes,No Apparent Injury,"N/A, WET",NOT DISTRACTED,MD,PASSENGER CAR,MAKING LEFT TURN,35,No,2018,MAZDA,MAZDA 3,38.9937976,-77.05202349,2023,1,16
230001937,Property Damage Crash,01/12/2023 04:30:00 PM,GRUBB RD,NA,HEAD ON LEFT TURN,Cloudy,WET,Daylight,TRAFFIC SIGNAL,NONE DETECTED,No,No Apparent Injury,"N/A, WET",NOT DISTRACTED,DC,PASSENGER CAR,MOVING CONSTANT SPEED,35,No,2018,FORD,FUSION,38.9937976,-77.05202349,2023,1,16