Local Case Number,ACRS Report Type,Crash Date/Time,Road Name,Related Non-Motorist,Collision Type,Weather,Surface Condition,Light,Traffic Control,Driver Substance Abuse,Driver At Fault,Injury Severity,Circumstance,Driver Distracted By,Drivers License State,Vehicle Body Type,Vehicle Movement,Speed Limit,Driverless Vehicle,Vehicle Year,Vehicle Make,Vehicle Model,Latitude,Longitude,Year,Month,Hour
230001900,Property Damage Crash,01/12/2023 02:26:00 PM,NA,NA,STRAIGHT MOVEMENT ANGLE,Cloudy,NA,Daylight,N/A,NONE DETECTED,Yes,No Apparent Injury,N/A,UNKNOWN,MD,PICKUP TRUCK,ACCELERATING,15,No,1998,FORD,F150,38.99962917,-76.990329,2023,1,14
230001900,Property Damage Crash,01/12/2023 02:26:00 PM,NA,NA,STRAIGHT MOVEMENT ANGLE,Cloudy,NA,Daylight,N/A,NONE DETECTED,No,No Apparent Injury,N/A,NOT DISTRACTED,MD,(SPORT) UTILITY VEHICLE,MOVING CONSTANT SPEED,15,No,2013,TOYOTA,VENZA,38.99962917,-76.990329,2023,1,14
230001901,Property Damage Crash,01/12/2023 02:25:00 PM,GEORGIA AVE,NA,STRAIGHT MOVEMENT ANGLE,Cloudy,DRY,Daylight,TRAFFIC SIGNAL,NONE DETECTED,Yes,No Apparent Injury,N/A,NOT DISTRACTED,MD,PASSENGER CAR,MAKING LEFT TURN,45,No,2015,TOYOTA,HIGHLANDER,39.11496667,-77.07474333,2023,1,14
230001901,Property Damage Crash,01/12/2023 02:25:00 PM,GEORGIA AVE,NA,STRAIGHT MOVEMENT ANGLE,Cloudy,DRY,Daylight,TRAFFIC SIGNAL,NONE DETECTED,No,No Apparent Injury,N/A,NOT DISTRACTED,MD,PASSENGER CAR,MOVING CONSTANT SPEED,45,No,2002,HONDA,ACCORD,39.11496667,-77.07474333,2023,1,14
230001902,Injury Crash,01/12/2023 02:10:00 PM,NEW HAMPSHIRE AVE,NA,SAME DIR REAR END,Cloudy,DRY,Daylight,TRAFFIC SIGNAL,NONE DETECTED,No,Possible Minor Injury,N/A,NOT DISTRACTED,MD,PASSENGER CAR,STOPPED IN TRAFFIC LANE,35,No,2004,HONDA,4S,38.97519693,-76.99405295,2023,1,14
230001902,Injury Crash,01/12/2023 02:10:00 PM,NEW HAMPSHIRE AVE,NA,SAME DIR REAR END,Cloudy,DRY,Daylight,TRAFFIC SIGNAL,NONE DETECTED,Yes,No Apparent Injury,N/A,LOOKED BUT DID NOT SEE,MD,"MEDIUM/HEAVY TRUCKS 3 AXLES (OVER 10,000LBS (4,536KG))",ACCELERATING,35,No,2018,KENILWORTH,TK,38.97519693,-76.99405295,2023,1,14
230001897,Property Damage Crash,01/12/2023 01:51:00 PM,GEORGIA AVE,NA,SAME DIRECTION SIDESWIPE,Cloudy,DRY,Daylight,NO CONTROLS,NONE DETECTED,Yes,No Apparent Injury,N/A,LOOKED BUT DID NOT SEE,MD,PASSENGER CAR,CHANGING LANES,35,No,2016,NISSAN,ALTIMA,39.01244,-77.04219,2023,1,13
230001897,Property Damage Crash,01/12/2023 01:51:00 PM,GEORGIA AVE,NA,SAME DIRECTION SIDESWIPE,Cloudy,DRY,Daylight,NO CONTROLS,NONE DETECTED,No,No Apparent Injury,N/A,NOT DISTRACTED,MD,"MEDIUM/HEAVY TRUCKS 3 AXLES (OVER 10,000LBS (4,536KG))",MOVING CONSTANT SPEED,35,No,2011,KENWORTH,TDS,39.01244,-77.04219,2023,1,13
230001898,Property Damage Crash,01/12/2023 01:42:00 PM,VALLEY VIEW AVE,NA,SAME DIRECTION SIDESWIPE,Clear,WET,Daylight,NO CONTROLS,ALCOHOL PRESENT,Yes,No Apparent Injury,N/A,UNKNOWN,MD,PASSENGER CAR,CHANGING LANES,25,No,2011,CHEV,CRUZ,39.03818968,-77.05657304,2023,1,13
230001898,Property Damage Crash,01/12/2023 01:42:00 PM,VALLEY VIEW AVE,NA,SAME DIRECTION SIDESWIPE,Clear,WET,Daylight,NO CONTROLS,NONE DETECTED,No,No Apparent Injury,N/A,NOT DISTRACTED,MD,PASSENGER CAR,MOVING CONSTANT SPEED,25,No,2014,HONDA,CIVIC,39.03818968,-77.05657304,2023,1,13
230001883,Injury Crash,01/12/2023 01:31:00 PM,CONNECTICUT AVE,NA,SAME DIRECTION SIDESWIPE,Cloudy,DRY,Daylight,NO CONTROLS,NONE DETECTED,Yes,Possible Minor Injury,N/A,LOOKED BUT DID NOT SEE,MD,(SPORT) UTILITY VEHICLE,MOVING CONSTANT SPEED,35,No,2013,CHEV,TK,39.066231,-77.0746215,2023,1,13
230001883,Injury Crash,01/12/2023 01:31:00 PM,CONNECTICUT AVE,NA,SAME DIRECTION SIDESWIPE,Cloudy,DRY,Daylight,NO CONTROLS,NONE DETECTED,No,No Apparent Injury,N/A,NOT DISTRACTED,MD,PASSENGER CAR,SLOWING OR STOPPING,35,No,2020,NISSAN,VERSA,39.066231,-77.0746215,2023,1,13
230001883,Injury Crash,01/12/2023 01:31:00 PM,CONNECTICUT AVE,NA,SAME DIRECTION SIDESWIPE,Cloudy,DRY,Daylight,NO CONTROLS,NONE DETECTED,No,No Apparent Injury,N/A,NOT DISTRACTED,MD,TRANSIT BUS,STOPPED IN TRAFFIC LANE,35,No,2020,GILLIG,RIDE ON BUS,39.066231,-77.0746215,2023,1,13
230001876,Property Damage Crash,01/12/2023 01:05:00 PM,NA,NA,STRAIGHT MOVEMENT ANGLE,Clear,NA,Daylight,STOP SIGN,NONE DETECTED,Yes,No Apparent Injury,N/A,UNKNOWN,MD,PASSENGER CAR,ACCELERATING,5,No,2010,TOYOTA,CAMRY,39.04105833,-76.99018,2023,1,13
230001876,Property Damage Crash,01/12/2023 01:05:00 PM,NA,NA,STRAIGHT MOVEMENT ANGLE,Clear,NA,Daylight,STOP SIGN,NONE DETECTED,No,No Apparent Injury,N/A,NOT DISTRACTED,DC,PASSENGER CAR,MOVING CONSTANT SPEED,5,No,2020,TOYOTA,CAMRY,39.04105833,-76.99018,2023,1,13
230001879,Property Damage Crash,01/12/2023 12:58:00 PM,NA,NA,SAME DIRECTION SIDESWIPE,Cloudy,NA,Daylight,N/A,NONE DETECTED,Yes,No Apparent Injury,N/A,NOT DISTRACTED,MD,PASSENGER CAR,ACCELERATING,15,No,2012,VOLKSWAGEN,PASSAT,39.10604167,-77.068165,2023,1,12
230001873,Property Damage Crash,01/12/2023 12:45:00 PM,E GUDE DR,NA,SAME DIRECTION SIDESWIPE,Clear,DRY,Daylight,N/A,NONE DETECTED,Yes,No Apparent Injury,N/A,NOT DISTRACTED,MD,"CARGO VAN/LIGHT TRUCK 2 AXLES (OVER 10,000LBS (4,536 KG))",SLOWING OR STOPPING,40,No,2020,FRHT,ST,39.09958833,-77.13919333,2023,1,12
230001873,Property Damage Crash,01/12/2023 12:45:00 PM,E GUDE DR,NA,SAME DIRECTION SIDESWIPE,Clear,DRY,Daylight,N/A,NONE DETECTED,No,No Apparent Injury,N/A,NOT DISTRACTED,MD,"CARGO VAN/LIGHT TRUCK 2 AXLES (OVER 10,000LBS (4,536 KG))",STOPPED IN TRAFFIC LANE,40,No,2022,KW,ST,39.09958833,-77.13919333,2023,1,12
230001846,Property Damage Crash,01/12/2023 10:11:00 AM,FREDERICK RD,NA,SAME DIR REAR END,Cloudy,WET,Daylight,NO CONTROLS,NONE DETECTED,Yes,No Apparent Injury,"BACKUP DUE TO REGULAR CONGESTION, N/A",OTHER DISTRACTION,MD,PASSENGER CAR,MOVING CONSTANT SPEED,40,No,2006,SUBARU,LEGACY,39.219698,-77.25739017,2023,1,10
230001846,Property Damage Crash,01/12/2023 10:11:00 AM,FREDERICK RD,NA,SAME DIR REAR END,Cloudy,WET,Daylight,NO CONTROLS,NONE DETECTED,No,No Apparent Injury,"BACKUP DUE TO REGULAR CONGESTION, N/A",NOT DISTRACTED,MD,PASSENGER CAR,SLOWING OR STOPPING,40,No,2018,FORD,FUSION,39.219698,-77.25739017,2023,1,10
230001848,Injury Crash,01/12/2023 10:08:00 AM,GOLDSBORO RD,NA,STRAIGHT MOVEMENT ANGLE,Clear,DRY,Daylight,TRAFFIC SIGNAL,NONE DETECTED,Unknown,Possible Minor Injury,N/A,NOT DISTRACTED,DC,PASSENGER CAR,MOVING CONSTANT SPEED,35,No,1996,FORD,RANGER,38.96993,-77.13121,2023,1,10
230001848,Injury Crash,01/12/2023 10:08:00 AM,GOLDSBORO RD,NA,STRAIGHT MOVEMENT ANGLE,Clear,DRY,Daylight,TRAFFIC SIGNAL,NONE DETECTED,Unknown,No Apparent Injury,N/A,NOT DISTRACTED,MD,PASSENGER CAR,MAKING LEFT TURN,35,No,2022,VOLKSWAGON,ATLAS,38.96993,-77.13121,2023,1,10
230001828,Injury Crash,01/12/2023 08:16:00 AM,MONTROSE PKWY,NA,OTHER,Cloudy,WET,Daylight,TRAFFIC SIGNAL,NONE DETECTED,No,No Apparent Injury,"N/A, WET",NOT DISTRACTED,MD,PASSENGER CAR,STOPPED IN TRAFFIC LANE,30,No,2014,BMW,X1,39.050551,-77.12609567,2023,1,8
230001828,Injury Crash,01/12/2023 08:16:00 AM,MONTROSE PKWY,NA,OTHER,Cloudy,WET,Daylight,TRAFFIC SIGNAL,NONE DETECTED,Yes,No Apparent Injury,"N/A, WET",UNKNOWN,MD,(SPORT) UTILITY VEHICLE,MAKING LEFT TURN,35,No,2020,VOLVO,XC40,39.050551,-77.12609567,2023,1,8
230001828,Injury Crash,01/12/2023 08:16:00 AM,MONTROSE PKWY,NA,OTHER,Cloudy,WET,Daylight,TRAFFIC SIGNAL,NONE DETECTED,No,No Apparent Injury,"N/A, WET",NOT DISTRACTED,MD,PASSENGER CAR,MOVING CONSTANT SPEED,35,No,2018,HYUNDAI,ELANTRA,39.050551,-77.12609567,2023,1,8
230001825,Property Damage Crash,01/12/2023 07:17:00 AM,FIELDCREST RD,NA,OTHER,Clear,DRY,Medium,N/A,NONE DETECTED,Yes,No Apparent Injury,"ANIMAL, N/A",NOT DISTRACTED,MD,(SPORT) UTILITY VEHICLE,MOVING CONSTANT SPEED,50,No,2004,TOYOTA,RAV4,39.18659483,-77.13292391,2023,1,7
230001822,Injury Crash,01/12/2023 06:15:00 AM,PINEY BRANCH RD,NA,STRAIGHT MOVEMENT ANGLE,Rain,WET,Medium,STOP SIGN,NONE DETECTED,Yes,Possible Minor Injury,N/A,LOOKED BUT DID NOT SEE,MD,PASSENGER CAR,MAKING RIGHT TURN,30,No,2018,FORD,FUSION,38.989248,-77.0115,2023,1,6
230001822,Injury Crash,01/12/2023 06:15:00 AM,PINEY BRANCH RD,NA,STRAIGHT MOVEMENT ANGLE,Rain,WET,Medium,STOP SIGN,NONE DETECTED,No,Possible Minor Injury,N/A,NOT DISTRACTED,DC,VAN,MOVING CONSTANT SPEED,30,No,2007,TOYOTA,SIENNA,38.989248,-77.0115,2023,1,6
230001808,Injury Crash,01/12/2023 12:05:00 AM,NA,PEDESTRIAN,OTHER,Rain,NA,Dark,NO CONTROLS,NONE DETECTED,No,No Apparent Injury,N/A,NOT DISTRACTED,MD,PASSENGER CAR,PARKED,5,No,2015,FORD,F250,39.16307192,-77.22393417,2023,1,0
230001807,Property Damage Crash,01/11/2023 11:16:00 PM,DEMOCRACY BLVD,NA,ANGLE MEETS LEFT TURN,Rain,WET,Medium,TRAFFIC SIGNAL,NONE DETECTED,Unknown,No Apparent Injury,"N/A, WET",NOT DISTRACTED,MD,PASSENGER CAR,MOVING CONSTANT SPEED,35,No,2015,TOYT,4H,39.022015,-77.14753333,2023,1,23
230001807,Property Damage Crash,01/11/2023 11:16:00 PM,DEMOCRACY BLVD,NA,ANGLE MEETS LEFT TURN,Rain,WET,Medium,TRAFFIC SIGNAL,NONE DETECTED,Unknown,No Apparent Injury,"N/A, WET",NOT DISTRACTED,VA,PASSENGER CAR,MOVING CONSTANT SPEED,25,No,2011,TOYOTA,VENZA,39.022015,-77.14753333,2023,1,23
230001799,Property Damage Crash,01/11/2023 09:30:00 PM,VEIRS MILL RD,NA,OTHER,Clear,DRY,Medium,NO CONTROLS,NONE DETECTED,Yes,No Apparent Injury,N/A,LOOKED BUT DID NOT SEE,MD,PASSENGER CAR,MOVING CONSTANT SPEED,35,No,2010,DODGE,JOURNEY,39.07962117,-77.13793717,2023,1,21
230001799,Property Damage Crash,01/11/2023 09:30:00 PM,VEIRS MILL RD,NA,OTHER,Clear,DRY,Medium,NO CONTROLS,NONE DETECTED,No,No Apparent Injury,N/A,NOT DISTRACTED,MD,PASSENGER CAR,MOVING CONSTANT SPEED,35,No,2019,FORD,4S,39.07962117,-77.13793717,2023,1,21
230001791,Property Damage Crash,01/11/2023 08:30:00 PM,NA,NA,STRAIGHT MOVEMENT ANGLE,Clear,NA,Medium,NO CONTROLS,NONE DETECTED,No,No Apparent Injury,N/A,LOOKED BUT DID NOT SEE,MD,POLICE VEHICLE/NON EMERGENCY,SLOWING OR STOPPING,5,No,2014,DODGE,CHARGER,39.076335,-77.003815,2023,1,20
230001791,Property Damage Crash,01/11/2023 08:30:00 PM,NA,NA,STRAIGHT MOVEMENT ANGLE,Clear,NA,Medium,NO CONTROLS,NONE DETECTED,Yes,No Apparent Injury,N/A,NOT DISTRACTED,MD,PASSENGER CAR,MOVING CONSTANT SPEED,5,No,2020,TOYT,4S,39.076335,-77.003815,2023,1,20
230001783,Property Damage Crash,01/11/2023 07:05:00 PM,BONIFANT ST,NA,SAME DIR REAR END,Clear,DRY,Medium,NO CONTROLS,NONE DETECTED,No,No Apparent Injury,N/A,OTHER DISTRACTION,NA,PASSENGER CAR,BACKING,15,No,2008,FORD,4DR,38.99415617,-77.02451267,2023,1,19
230001783,Property Damage Crash,01/11/2023 07:05:00 PM,BONIFANT ST,NA,SAME DIR REAR END,Clear,DRY,Medium,NO CONTROLS,NONE DETECTED,No,No Apparent Injury,N/A,NOT DISTRACTED,MD,PASSENGER CAR,STOPPED IN TRAFFIC LANE,15,No,2021,NISS,HB,38.99415617,-77.02451267,2023,1,19
230001782,Property Damage Crash,01/11/2023 06:25:00 PM,RANDOLPH RD,NA,SAME DIRECTION RIGHT TURN,Clear,DRY,Medium,NO CONTROLS,NONE DETECTED,No,No Apparent Injury,N/A,NOT DISTRACTED,MD,PASSENGER CAR,MOVING CONSTANT SPEED,35,No,2018,MAZD,3,39.0572587,-77.07695584,2023,1,18
230001782,Property Damage Crash,01/11/2023 06:25:00 PM,RANDOLPH RD,NA,SAME DIRECTION RIGHT TURN,Clear,DRY,Medium,NO CONTROLS,NONE DETECTED,No,No Apparent Injury,N/A,NOT DISTRACTED,MD,PASSENGER CAR,MOVING CONSTANT SPEED,35,No,2016,CHEV,TRAVERSE,39.0572587,-77.07695584,2023,1,18
230001782,Property Damage Crash,01/11/2023 06:25:00 PM,RANDOLPH RD,NA,SAME DIRECTION RIGHT TURN,Clear,DRY,Medium,NO CONTROLS,NONE DETECTED,Yes,No Apparent Injury,N/A,UNKNOWN,XX,PASSENGER CAR,CHANGING LANES,35,No,2009,HONDA,CIVIC,39.0572587,-77.07695584,2023,1,18
230001780,Property Damage Crash,01/11/2023 06:17:00 PM,MONTGOMERY VILLAGE AVE,NA,SAME DIRECTION LEFT TURN,Clear,DRY,Medium,TRAFFIC SIGNAL,NONE DETECTED,No,No Apparent Injury,N/A,NOT DISTRACTED,MD,PASSENGER CAR,MAKING LEFT TURN,35,No,2017,HYUN,SANTA FE,39.16041,-77.20212833,2023,1,18
230001780,Property Damage Crash,01/11/2023 06:17:00 PM,MONTGOMERY VILLAGE AVE,NA,SAME DIRECTION LEFT TURN,Clear,DRY,Medium,TRAFFIC SIGNAL,NONE DETECTED,Yes,No Apparent Injury,N/A,NOT DISTRACTED,MD,TRANSIT BUS,MAKING LEFT TURN,35,No,2013,GILLS,LOW FLOOR BUS,39.16041,-77.20212833,2023,1,18
230001774,Property Damage Crash,01/11/2023 06:00:00 PM,RANDOLPH RD,NA,SAME DIRECTION SIDESWIPE,Clear,DRY,Medium,NO CONTROLS,NONE DETECTED,No,No Apparent Injury,N/A,NOT DISTRACTED,MD,(SPORT) UTILITY VEHICLE,MOVING CONSTANT SPEED,35,No,2022,CHEVROLET,TRAVERSE,39.053785070000004,-77.0949272,2023,1,18
230001774,Property Damage Crash,01/11/2023 06:00:00 PM,RANDOLPH RD,NA,SAME DIRECTION SIDESWIPE,Clear,DRY,Medium,NO CONTROLS,NONE DETECTED,Yes,No Apparent Injury,N/A,UNKNOWN,NA,VAN,UNKNOWN,35,No,2021,NISSAN,NV,39.053785070000004,-77.0949272,2023,1,18
230001775,Injury Crash,01/11/2023 05:59:00 PM,COLESVILLE RD,NA,SAME DIR REAR END,Clear,DRY,Medium,TRAFFIC SIGNAL,NONE DETECTED,Yes,No Apparent Injury,N/A,NOT DISTRACTED,MD,PICKUP TRUCK,MOVING CONSTANT SPEED,35,No,2006,DODG,PK,38.99581167,-77.02886167,2023,1,17
230001775,Injury Crash,01/11/2023 05:59:00 PM,COLESVILLE RD,NA,SAME DIR REAR END,Clear,DRY,Medium,TRAFFIC SIGNAL,NONE DETECTED,No,Possible Minor Injury,N/A,NOT DISTRACTED,MD,PASSENGER CAR,CHANGING LANES,35,No,2015,MERZ,C300,38.99581167,-77.02886167,2023,1,17
230001772,Property Damage Crash,01/11/2023 05:52:00 PM,RANDOLPH RD,NA,SAME DIRECTION SIDESWIPE,Clear,DRY,Medium,NO CONTROLS,NONE DETECTED,Yes,No Apparent Injury,N/A,DISTRACTED BY OUTSIDE PERSON OBJECT OR EVENT,MD,PASSENGER CAR,CHANGING LANES,40,No,2013,HOND,SD,39.07426667,-77.006355,2023,1,17
230001772,Property Damage Crash,01/11/2023 05:52:00 PM,RANDOLPH RD,NA,SAME DIRECTION SIDESWIPE,Clear,DRY,Medium,NO CONTROLS,NONE DETECTED,No,No Apparent Injury,N/A,NOT DISTRACTED,MD,PASSENGER CAR,MOVING CONSTANT SPEED,40,No,2006,HOND,SD,39.07426667,-77.006355,2023,1,17
230001772,Property Damage Crash,01/11/2023 05:52:00 PM,RANDOLPH RD,NA,SAME DIRECTION SIDESWIPE,Clear,DRY,Medium,NO CONTROLS,NONE DETECTED,No,No Apparent Injury,N/A,NOT DISTRACTED,MD,PASSENGER CAR,MOVING CONSTANT SPEED,40,No,2011,TOYOTA,CAMRY,39.07426667,-77.006355,2023,1,17
230001771,Property Damage Crash,01/11/2023 05:47:00 PM,FREDERICK RD,NA,HEAD ON LEFT TURN,Clear,DRY,Medium,TRAFFIC SIGNAL,NONE DETECTED,No,No Apparent Injury,N/A,NOT DISTRACTED,MD,PASSENGER CAR,MOVING CONSTANT SPEED,35,No,1997,MERCEDEZ-BENZ,4D,39.11906333,-77.17169833,2023,1,17
230001771,Property Damage Crash,01/11/2023 05:47:00 PM,FREDERICK RD,NA,HEAD ON LEFT TURN,Clear,DRY,Medium,TRAFFIC SIGNAL,NONE DETECTED,Yes,No Apparent Injury,N/A,NOT DISTRACTED,MD,PASSENGER CAR,MAKING LEFT TURN,35,No,2011,LEXUS,ES350,39.11906333,-77.17169833,2023,1,17
230001761,Property Damage Crash,01/11/2023 04:55:00 PM,S SUMMIT AVE,NA,SAME DIRECTION SIDESWIPE,Clear,DRY,Dark,TRAFFIC SIGNAL,NONE DETECTED,No,No Apparent Injury,N/A,NOT DISTRACTED,MD,PASSENGER CAR,MOVING CONSTANT SPEED,30,No,2018,HONDA,CLARITY,39.14212939,-77.19338395,2023,1,16
230001761,Property Damage Crash,01/11/2023 04:55:00 PM,S SUMMIT AVE,NA,SAME DIRECTION SIDESWIPE,Clear,DRY,Dark,TRAFFIC SIGNAL,NONE DETECTED,Yes,No Apparent Injury,N/A,LOOKED BUT DID NOT SEE,MD,PASSENGER CAR,MOVING CONSTANT SPEED,30,No,2018,TOYOTA,CAMRY,39.14212939,-77.19338395,2023,1,16
23001752,Property Damage Crash,01/11/2023 03:56:00 PM,TWINBROOK PKWY,NA,SINGLE VEHICLE,Clear,DRY,Daylight,NO CONTROLS,NONE DETECTED,Yes,No Apparent Injury,N/A,NOT DISTRACTED,MD,PASSENGER CAR,MOVING CONSTANT SPEED,25,No,2008,HOND,CIVIC,39.08048658,-77.1134146,2023,1,15
230001744,Property Damage Crash,01/11/2023 03:55:00 PM,NORBECK RD,NA,SINGLE VEHICLE,Cloudy,DRY,Daylight,TRAFFIC SIGNAL,NONE DETECTED,Yes,No Apparent Injury,N/A,NOT DISTRACTED,MD,PASSENGER CAR,MAKING RIGHT TURN,50,No,2016,MITBUSHI,OUTLANDER,39.09084567,-77.12887833,2023,1,15
230001742,Property Damage Crash,01/11/2023 03:45:00 PM,RAILROAD ST,NA,SINGLE VEHICLE,Clear,DRY,Daylight,TRAFFIC SIGNAL,NONE DETECTED,Yes,No Apparent Injury,N/A,UNKNOWN,MD,SCHOOL BUS,MAKING RIGHT TURN,25,No,2016,THOMAS,D12,39.13607527,-77.17718897,2023,1,15
230001741,Injury Crash,01/11/2023 03:42:00 PM,CLOPPER RD,NA,SAME DIR REAR END,Clear,DRY,Daylight,NO CONTROLS,NONE DETECTED,No,Possible Minor Injury,N/A,NOT DISTRACTED,MD,PASSENGER CAR,SLOWING OR STOPPING,35,No,2020,HOND,SD ACCORD,39.14290803,-77.22160733,2023,1,15
230001741,Injury Crash,01/11/2023 03:42:00 PM,CLOPPER RD,NA,SAME DIR REAR END,Clear,DRY,Daylight,NO CONTROLS,NONE DETECTED,Yes,No Apparent Injury,N/A,UNKNOWN,MD,(SPORT) UTILITY VEHICLE,MOVING CONSTANT SPEED,35,No,2015,TOYT,TK RAV4,39.14290803,-77.22160733,2023,1,15
230001738,Property Damage Crash,01/11/2023 03:27:00 PM,CLARKSBURG RD,NA,SINGLE VEHICLE,Clear,DRY,Daylight,NO CONTROLS,NONE DETECTED,Yes,No Apparent Injury,N/A,NOT DISTRACTED,MD,PASSENGER CAR,MOVING CONSTANT SPEED,40,No,2015,CHRYSLER,200,39.20944601,-77.30060102,2023,1,15
230001733,Property Damage Crash,01/11/2023 02:50:00 PM,GEORGIA AVE,NA,SAME DIRECTION SIDESWIPE,Clear,DRY,Daylight,TRAFFIC SIGNAL,NONE DETECTED,No,No Apparent Injury,N/A,NOT DISTRACTED,MD,PASSENGER CAR,STARTING FROM LANE,35,No,2022,HONDA,CIVIC,39.0837414,-77.0776269,2023,1,14
230001733,Property Damage Crash,01/11/2023 02:50:00 PM,GEORGIA AVE,NA,SAME DIRECTION SIDESWIPE,Clear,DRY,Daylight,TRAFFIC SIGNAL,NONE DETECTED,Yes,No Apparent Injury,N/A,OTHER DISTRACTION,MD,PASSENGER CAR,STARTING FROM LANE,35,No,2016,CHEVY,EQUINOX,39.0837414,-77.0776269,2023,1,14
230001721,Injury Crash,01/11/2023 01:57:00 PM,NA,PEDESTRIAN,OTHER,Cloudy,NA,Daylight,N/A,NONE DETECTED,Yes,No Apparent Injury,N/A,UNKNOWN,MD,"MEDIUM/HEAVY TRUCKS 3 AXLES (OVER 10,000LBS (4,536KG))",BACKING,0,No,2015,HINO,ST,39.101803,-77.142026,2023,1,13
230001721,Injury Crash,01/11/2023 01:57:00 PM,NA,PEDESTRIAN,OTHER,Cloudy,NA,Daylight,N/A,NONE DETECTED,No,Possible Minor Injury,N/A,UNKNOWN,MD,TRUCK TRACTOR,PARKED,0,No,2009,FREIGHTLINER,TR,39.101803,-77.142026,2023,1,13
230001734,Injury Crash,01/11/2023 01:24:00 PM,GEORGIA AVE,NA,SAME DIR REAR END,Clear,DRY,Daylight,TRAFFIC SIGNAL,NONE DETECTED,Yes,Possible Minor Injury,N/A,UNKNOWN,MD,PASSENGER CAR,SLOWING OR STOPPING,45,No,2016,CHEVROLET,EQUINOX,39.10934512,-77.07581611,2023,1,13
230001734,Injury Crash,01/11/2023 01:24:00 PM,GEORGIA AVE,NA,SAME DIR REAR END,Clear,DRY,Daylight,TRAFFIC SIGNAL,NONE DETECTED,No,No Apparent Injury,N/A,NOT DISTRACTED,MD,PASSENGER CAR,STOPPED IN TRAFFIC LANE,45,No,2007,NISSAN,SENTRA,39.10934512,-77.07581611,2023,1,13
230001709,Injury Crash,01/11/2023 01:22:00 PM,FREDERICK RD,NA,SAME DIR REAR END,Cloudy,DRY,Daylight,YIELD SIGN,NONE DETECTED,Yes,Possible Minor Injury,N/A,NOT DISTRACTED,MD,(SPORT) UTILITY VEHICLE,ACCELERATING,45,No,2023,LNDR,DISCOVERY,39.20468106,-77.2465567,2023,1,13
230001709,Injury Crash,01/11/2023 01:22:00 PM,FREDERICK RD,NA,SAME DIR REAR END,Cloudy,DRY,Daylight,YIELD SIGN,NONE DETECTED,No,Possible Minor Injury,N/A,NOT DISTRACTED,MD,(SPORT) UTILITY VEHICLE,SLOWING OR STOPPING,40,No,2016,CHEV,TAHOE,39.20468106,-77.2465567,2023,1,13
230004096,Property Damage Crash,01/11/2023 01:20:00 PM,NA,NA,OTHER,Clear,NA,Daylight,N/A,NONE DETECTED,No,No Apparent Injury,N/A,NOT DISTRACTED,MD,PASSENGER CAR,STOPPED IN TRAFFIC LANE,0,No,2021,HONDA,HRV,39.0464145,-77.11340183,2023,1,13
230004096,Property Damage Crash,01/11/2023 01:20:00 PM,NA,NA,OTHER,Clear,NA,Daylight,N/A,NONE DETECTED,Yes,No Apparent Injury,N/A,NOT DISTRACTED,MD,PASSENGER CAR,BACKING,5,No,2016,HONDA,4DR,39.0464145,-77.11340183,2023,1,13
230001758,Property Damage Crash,01/11/2023 12:00:00 PM,NA,NA,OTHER,Clear,NA,Daylight,N/A,NONE DETECTED,Yes,No Apparent Injury,N/A,LOOKED BUT DID NOT SEE,MD,(SPORT) UTILITY VEHICLE,BACKING,15,No,2018,LEXUS,NX300,39.0443259,-77.11083553,2023,1,12
230001758,Property Damage Crash,01/11/2023 12:00:00 PM,NA,NA,OTHER,Clear,NA,Daylight,N/A,NONE DETECTED,No,No Apparent Injury,N/A,NOT DISTRACTED,MD,PASSENGER CAR,PARKING,15,No,2009,TOYT,4S,39.0443259,-77.11083553,2023,1,12
230001676,Property Damage Crash,01/11/2023 09:47:00 AM,MONTROSE RD,NA,SAME DIR REAR END,Clear,DRY,Daylight,TRAFFIC SIGNAL,NONE DETECTED,Yes,No Apparent Injury,N/A,UNKNOWN,MD,(SPORT) UTILITY VEHICLE,MOVING CONSTANT SPEED,35,No,2018,HONDA,CR-V,39.05083067,-77.12842467,2023,1,9
230001676,Property Damage Crash,01/11/2023 09:47:00 AM,MONTROSE RD,NA,SAME DIR REAR END,Clear,DRY,Daylight,TRAFFIC SIGNAL,NONE DETECTED,No,No Apparent Injury,N/A,NOT DISTRACTED,MD,PASSENGER CAR,STOPPED IN TRAFFIC LANE,35,No,2016,TOYOTA,CAMRY,39.05083067,-77.12842467,2023,1,9
230001674,Property Damage Crash,01/11/2023 09:25:00 AM,RANDOLPH RD,NA,SAME DIR REAR END,Clear,DRY,Daylight,TRAFFIC SIGNAL,NONE DETECTED,No,No Apparent Injury,N/A,NOT DISTRACTED,MD,SCHOOL BUS,STOPPED IN TRAFFIC LANE,40,No,2013,THOM,BUS,39.07562217,-77.00269167,2023,1,9
230001674,Property Damage Crash,01/11/2023 09:25:00 AM,RANDOLPH RD,NA,SAME DIR REAR END,Clear,DRY,Daylight,TRAFFIC SIGNAL,NONE DETECTED,Yes,No Apparent Injury,N/A,NOT DISTRACTED,MD,PASSENGER CAR,SLOWING OR STOPPING,40,No,2000,TOYT,SIENNA,39.07562217,-77.00269167,2023,1,9
230001666,Property Damage Crash,01/11/2023 08:58:00 AM,BRIGGS CHANEY RD,NA,SAME DIR REAR END,Cloudy,DRY,Daylight,TRAFFIC SIGNAL,NONE DETECTED,No,No Apparent Injury,N/A,NOT DISTRACTED,MD,PICKUP TRUCK,STOPPED IN TRAFFIC LANE,35,No,2020,CHEVROLET,SILVERADO,39.08684517,-76.95845967,2023,1,8
230001666,Property Damage Crash,01/11/2023 08:58:00 AM,BRIGGS CHANEY RD,NA,SAME DIR REAR END,Cloudy,DRY,Daylight,TRAFFIC SIGNAL,NONE DETECTED,Yes,No Apparent Injury,N/A,UNKNOWN,MD,PASSENGER CAR,MOVING CONSTANT SPEED,35,No,2017,TOYOTA,CAMRY,39.08684517,-76.95845967,2023,1,8
230001656,Property Damage Crash,01/11/2023 08:29:00 AM,LONE OAK DR,NA,SAME DIRECTION SIDESWIPE,Clear,DRY,Daylight,NO CONTROLS,NONE DETECTED,No,No Apparent Injury,N/A,NOT DISTRACTED,MD,PASSENGER CAR,STARTING FROM LANE,25,No,2007,HONDA,ACCORD,39.02060217,-77.13156217,2023,1,8
230001656,Property Damage Crash,01/11/2023 08:29:00 AM,LONE OAK DR,NA,SAME DIRECTION SIDESWIPE,Clear,DRY,Daylight,NO CONTROLS,NONE DETECTED,Yes,No Apparent Injury,N/A,NOT DISTRACTED,MD,VAN,PASSING,25,No,2022,TOYOTA,SIENNA,39.02060217,-77.13156217,2023,1,8
230001651,Property Damage Crash,01/11/2023 08:00:00 AM,MERRIMAC DR,NA,STRAIGHT MOVEMENT ANGLE,Clear,DRY,Daylight,NO CONTROLS,NONE DETECTED,No,No Apparent Injury,N/A,NOT DISTRACTED,MD,PASSENGER CAR,MOVING CONSTANT SPEED,30,No,2015,TOYT,4S,38.992611170000004,-76.991619,2023,1,8
230001658,Property Damage Crash,01/11/2023 08:00:00 AM,LOCKWOOD DR,NA,OTHER,Clear,DRY,Daylight,NO CONTROLS,NONE DETECTED,No,No Apparent Injury,N/A,NOT DISTRACTED,MD,(SPORT) UTILITY VEHICLE,MOVING CONSTANT SPEED,40,No,2016,VOLK,UT,39.038947,-76.99067517,2023,1,8