Local Case Number,ACRS Report Type,Crash Date/Time,Road Name,Related Non-Motorist,Collision Type,Weather,Surface Condition,Light,Traffic Control,Driver Substance Abuse,Driver At Fault,Injury Severity,Circumstance,Driver Distracted By,Drivers License State,Vehicle Body Type,Vehicle Movement,Speed Limit,Driverless Vehicle,Vehicle Year,Vehicle Make,Vehicle Model,Latitude,Longitude,Year,Month,Hour
230001658,Property Damage Crash,01/11/2023 08:00:00 AM,LOCKWOOD DR,NA,OTHER,Clear,DRY,Daylight,NO CONTROLS,NONE DETECTED,Yes,No Apparent Injury,N/A,LOOKED BUT DID NOT SEE,MD,(SPORT) UTILITY VEHICLE,ACCELERATING,40,No,2010,HOND,TK,39.038947,-76.99067517,2023,1,8
230001651,Property Damage Crash,01/11/2023 08:00:00 AM,MERRIMAC DR,NA,STRAIGHT MOVEMENT ANGLE,Clear,DRY,Daylight,NO CONTROLS,NONE DETECTED,Yes,No Apparent Injury,N/A,NOT DISTRACTED,MD,PASSENGER CAR,ACCELERATING,30,No,2011,TOYT,CAMRY,38.992611170000004,-76.991619,2023,1,8
230001654,Property Damage Crash,01/11/2023 07:41:00 AM,NEW HAMPSHIRE AVE,NA,SAME DIR REAR END,Clear,DRY,Daylight,NO CONTROLS,NONE DETECTED,No,No Apparent Injury,N/A,NOT DISTRACTED,MD,PICKUP TRUCK,SLOWING OR STOPPING,40,No,2018,CHEV,SILVER,39.02364667,-76.97858167,2023,1,7
230001654,Property Damage Crash,01/11/2023 07:41:00 AM,NEW HAMPSHIRE AVE,NA,SAME DIR REAR END,Clear,DRY,Daylight,NO CONTROLS,NONE DETECTED,No,No Apparent Injury,N/A,NOT DISTRACTED,MD,(SPORT) UTILITY VEHICLE,SLOWING OR STOPPING,40,No,2012,HOND,CRV,39.02364667,-76.97858167,2023,1,7
230001654,Property Damage Crash,01/11/2023 07:41:00 AM,NEW HAMPSHIRE AVE,NA,SAME DIR REAR END,Clear,DRY,Daylight,NO CONTROLS,NONE DETECTED,Yes,No Apparent Injury,N/A,LOOKED BUT DID NOT SEE,WA,PASSENGER CAR,MOVING CONSTANT SPEED,40,No,2014,TOYT,PRIUS,39.02364667,-76.97858167,2023,1,7
230001646,Injury Crash,01/11/2023 07:38:00 AM,FERNWOOD RD,NA,SAME DIRECTION RIGHT TURN,Clear,DRY,Medium,TRAFFIC SIGNAL,NONE DETECTED,No,No Apparent Injury,N/A,NOT DISTRACTED,MD,"MEDIUM/HEAVY TRUCKS 3 AXLES (OVER 10,000LBS (4,536KG))",MAKING RIGHT TURN,30,No,2019,MACK,GRANITE,39.01826667,-77.13299517,2023,1,7
230001646,Injury Crash,01/11/2023 07:38:00 AM,FERNWOOD RD,NA,SAME DIRECTION RIGHT TURN,Clear,DRY,Medium,TRAFFIC SIGNAL,NONE DETECTED,Yes,Possible Minor Injury,N/A,NOT DISTRACTED,MD,PASSENGER CAR,MOVING CONSTANT SPEED,30,No,2009,HONDA,CIVIC,39.01826667,-77.13299517,2023,1,7
230001648,Property Damage Crash,01/11/2023 07:25:00 AM,CLARKSBURG RD,NA,SINGLE VEHICLE,Clear,DRY,Medium,NO CONTROLS,NONE DETECTED,Yes,No Apparent Injury,N/A,NOT DISTRACTED,MD,(SPORT) UTILITY VEHICLE,MAKING U TURN,40,No,2008,FORD,EDGE,39.22505917,-77.29198133,2023,1,7
23001647,Property Damage Crash,01/11/2023 07:22:00 AM,COLUMBIA PIKE,NA,SAME DIRECTION LEFT TURN,Clear,N/A,Medium,N/A,NONE DETECTED,No,No Apparent Injury,N/A,NOT DISTRACTED,MD,PASSENGER CAR,MOVING CONSTANT SPEED,40,No,2017,FORD,ESCAPE,39.03398426,-77.00226548,2023,1,7
23001647,Property Damage Crash,01/11/2023 07:22:00 AM,COLUMBIA PIKE,NA,SAME DIRECTION LEFT TURN,Clear,N/A,Medium,N/A,NONE DETECTED,Yes,No Apparent Injury,N/A,UNKNOWN,NA,PASSENGER CAR,MOVING CONSTANT SPEED,40,No,2009,NISSAN,QUEST,39.03398426,-77.00226548,2023,1,7
230009611,Property Damage Crash,01/11/2023 07:10:00 AM,FALLS RD,NA,SINGLE VEHICLE,Clear,DRY,Medium,NO CONTROLS,NONE DETECTED,Yes,No Apparent Injury,N/A,UNKNOWN,MD,PASSENGER CAR,MOVING CONSTANT SPEED,25,No,2016,MITSUBISHI,4DR,39.07132817,-77.16747633,2023,1,7
230001626,Injury Crash,01/11/2023 12:19:00 AM,QUAIL VALLEY BLVD,NA,OTHER,Clear,DRY,Medium,NO CONTROLS,NONE DETECTED,Yes,Possible Minor Injury,N/A,INATTENTIVE OR LOST IN THOUGHT,MD,PASSENGER CAR,UNKNOWN,30,No,2015,NISSAN,VAN,39.16064667,-77.189025,2023,1,0
230001610,Injury Crash,01/10/2023 09:25:00 PM,SHADY GROVE RD,NA,STRAIGHT MOVEMENT ANGLE,Clear,DRY,Medium,TRAFFIC SIGNAL,NONE DETECTED,No,No Apparent Injury,N/A,NOT DISTRACTED,VA,PASSENGER CAR,MOVING CONSTANT SPEED,30,No,2007,JEEP,LIBERTY,39.105175,-77.19055667,2023,1,21
230001610,Injury Crash,01/10/2023 09:25:00 PM,SHADY GROVE RD,NA,STRAIGHT MOVEMENT ANGLE,Clear,DRY,Medium,TRAFFIC SIGNAL,NONE DETECTED,Yes,Possible Minor Injury,N/A,NOT DISTRACTED,MD,PASSENGER CAR,MOVING CONSTANT SPEED,40,No,2022,TOYOTA,CAMRY,39.105175,-77.19055667,2023,1,21
230007734,Property Damage Crash,01/10/2023 08:30:00 PM,NA,NA,SINGLE VEHICLE,Clear,NA,Medium,N/A,NONE DETECTED,No,No Apparent Injury,"ANIMAL, N/A",NOT DISTRACTED,MD,POLICE VEHICLE/NON EMERGENCY,SLOWING OR STOPPING,25,No,2019,DODGE,CHARGER,39.17443392,-77.17820152,2023,1,20
230001594,Injury Crash,01/10/2023 08:02:00 PM,NA,PEDESTRIAN,SINGLE VEHICLE,Clear,NA,Medium,NO CONTROLS,NONE DETECTED,Yes,No Apparent Injury,N/A,UNKNOWN,MD,PASSENGER CAR,ACCELERATING,15,No,1998,DODGE,RAM,39.05735867,-77.08101134,2023,1,20
230001584,Property Damage Crash,01/10/2023 06:30:00 PM,COLESVILLE RD,NA,SAME DIRECTION LEFT TURN,Clear,DRY,Medium,TRAFFIC SIGNAL,NONE DETECTED,Yes,No Apparent Injury,N/A,LOOKED BUT DID NOT SEE,VA,PASSENGER CAR,MAKING LEFT TURN,35,No,2011,TOYT,RAV 4,39.00091458,-77.02558618,2023,1,18
230001584,Property Damage Crash,01/10/2023 06:30:00 PM,COLESVILLE RD,NA,SAME DIRECTION LEFT TURN,Clear,DRY,Medium,TRAFFIC SIGNAL,NONE DETECTED,No,No Apparent Injury,N/A,NOT DISTRACTED,MD,PASSENGER CAR,MOVING CONSTANT SPEED,35,No,2002,TOYT,SD,39.00091458,-77.02558618,2023,1,18
230001561,Injury Crash,01/10/2023 05:40:00 PM,RANDOLPH RD,PEDESTRIAN,OTHER,Clear,DRY,Medium,TRAFFIC SIGNAL,NONE DETECTED,Yes,No Apparent Injury,N/A,UNKNOWN,NA,NA,MAKING LEFT TURN,35,No,0,UNKNOWN,UNKNOWN,39.06641242,-77.03036487,2023,1,17
230001558,Injury Crash,01/10/2023 05:20:00 PM,MIDDLEBROOK RD,NA,SAME DIRECTION SIDESWIPE,Clear,DRY,Medium,TRAFFIC SIGNAL,NONE DETECTED,No,Possible Minor Injury,N/A,NOT DISTRACTED,DC,(SPORT) UTILITY VEHICLE,MOVING CONSTANT SPEED,35,No,2013,KIA,OPTIMA,39.17890067,-77.26747783,2023,1,17
230001558,Injury Crash,01/10/2023 05:20:00 PM,MIDDLEBROOK RD,NA,SAME DIRECTION SIDESWIPE,Clear,DRY,Medium,TRAFFIC SIGNAL,NONE DETECTED,Yes,No Apparent Injury,N/A,LOOKED BUT DID NOT SEE,MD,(SPORT) UTILITY VEHICLE,CHANGING LANES,35,No,2003,MERCEDES BENZ,MI350,39.17890067,-77.26747783,2023,1,17
230001559,Property Damage Crash,01/10/2023 05:10:00 PM,NA,NA,SAME DIRECTION LEFT TURN,Clear,NA,Medium,NO CONTROLS,NONE DETECTED,Yes,No Apparent Injury,N/A,UNKNOWN,NA,PASSENGER CAR,PARKING,10,No,2013,HYUN,SONATA,38.99656922,-77.02341414,2023,1,17
230001559,Property Damage Crash,01/10/2023 05:10:00 PM,NA,NA,SAME DIRECTION LEFT TURN,Clear,NA,Medium,NO CONTROLS,NONE DETECTED,No,No Apparent Injury,N/A,NOT DISTRACTED,DC,PASSENGER CAR,PARKED,0,No,2014,SUBA,UT,38.99656922,-77.02341414,2023,1,17
230001557,Injury Crash,01/10/2023 05:00:00 PM,CONNECTICUT AVE,NA,HEAD ON LEFT TURN,Clear,DRY,Daylight,FLASHING TRAFFIC SIGNAL,NONE DETECTED,No,Possible Minor Injury,N/A,NOT DISTRACTED,MD,PASSENGER CAR,MOVING CONSTANT SPEED,35,No,2008,SATURN,SEDAN,39.02231667,-77.07634167,2023,1,17
230001557,Injury Crash,01/10/2023 05:00:00 PM,CONNECTICUT AVE,NA,HEAD ON LEFT TURN,Clear,DRY,Daylight,FLASHING TRAFFIC SIGNAL,NONE DETECTED,Yes,No Apparent Injury,N/A,INATTENTIVE OR LOST IN THOUGHT,MD,PASSENGER CAR,MAKING LEFT TURN,35,No,2021,MAZD,SD,39.02231667,-77.07634167,2023,1,17
230001557,Injury Crash,01/10/2023 05:00:00 PM,CONNECTICUT AVE,NA,HEAD ON LEFT TURN,Clear,DRY,Daylight,FLASHING TRAFFIC SIGNAL,NONE DETECTED,No,Possible Minor Injury,N/A,NOT DISTRACTED,MD,PASSENGER CAR,MOVING CONSTANT SPEED,35,No,2016,CHEVY,SPARK,39.02231667,-77.07634167,2023,1,17
230001539,Injury Crash,01/10/2023 04:16:00 PM,OBSERVATION DR,NA,STRAIGHT MOVEMENT ANGLE,Cloudy,DRY,Daylight,STOP SIGN,NONE DETECTED,Yes,No Apparent Injury,N/A,LOOKED BUT DID NOT SEE,MD,POLICE VEHICLE/EMERGENCY,MAKING LEFT TURN,30,No,2006,FORD,TAURUS,39.18128167,-77.24473833,2023,1,16
230001539,Injury Crash,01/10/2023 04:16:00 PM,OBSERVATION DR,NA,STRAIGHT MOVEMENT ANGLE,Cloudy,DRY,Daylight,STOP SIGN,NONE DETECTED,No,Possible Minor Injury,N/A,NOT DISTRACTED,MD,(SPORT) UTILITY VEHICLE,MOVING CONSTANT SPEED,30,No,2019,HONDA,CRV,39.18128167,-77.24473833,2023,1,16
230001543,Injury Crash,01/10/2023 04:00:00 PM,NORBECK RD,NA,HEAD ON,Clear,DRY,Daylight,NO CONTROLS,ALCOHOL PRESENT,Yes,Possible Minor Injury,N/A,NOT DISTRACTED,PA,PASSENGER CAR,MOVING CONSTANT SPEED,25,No,1996,HONDA,CIVIC,39.09281,-77.1227956,2023,1,16
230001545,Property Damage Crash,01/10/2023 04:00:00 PM,E JEFFERSON ST,NA,SAME DIRECTION SIDESWIPE,Clear,DRY,Daylight,TRAFFIC SIGNAL,NONE DETECTED,Yes,No Apparent Injury,N/A,NOT DISTRACTED,MD,AMBULANCE/EMERGENCY,PASSING,30,No,2020,FRHT,M2,39.08276581,-77.1510148,2023,1,16
230001543,Injury Crash,01/10/2023 04:00:00 PM,NORBECK RD,NA,HEAD ON,Clear,DRY,Daylight,NO CONTROLS,NONE DETECTED,No,No Apparent Injury,N/A,NOT DISTRACTED,MD,PASSENGER CAR,MOVING CONSTANT SPEED,25,No,2022,FORD,PICKUP,39.09281,-77.1227956,2023,1,16
230001545,Property Damage Crash,01/10/2023 04:00:00 PM,E JEFFERSON ST,NA,SAME DIRECTION SIDESWIPE,Clear,DRY,Daylight,TRAFFIC SIGNAL,NONE DETECTED,No,No Apparent Injury,N/A,NOT DISTRACTED,MD,SCHOOL BUS,STOPPED IN TRAFFIC LANE,30,No,2013,THOM,BUS,39.08276581,-77.1510148,2023,1,16
230001534,Injury Crash,01/10/2023 03:48:00 PM,GEORGIA AVE,NA,SAME DIR REAR END,Clear,DRY,Daylight,NO CONTROLS,ALCOHOL PRESENT,Yes,No Apparent Injury,N/A,UNKNOWN,MD,PASSENGER CAR,MOVING CONSTANT SPEED,35,No,2010,HONDA,PILOT,39.033877,-77.04897183,2023,1,15
230001534,Injury Crash,01/10/2023 03:48:00 PM,GEORGIA AVE,NA,SAME DIR REAR END,Clear,DRY,Daylight,NO CONTROLS,NONE DETECTED,No,Possible Minor Injury,N/A,NOT DISTRACTED,MD,PASSENGER CAR,STARTING FROM LANE,35,No,2012,MERCEDES,SD,39.033877,-77.04897183,2023,1,15
230001516,Property Damage Crash,01/10/2023 03:45:00 PM,NA,NA,OTHER,Clear,NA,Daylight,N/A,NONE DETECTED,Yes,No Apparent Injury,N/A,LOOKED BUT DID NOT SEE,MD,VAN,BACKING,0,No,2012,FORD,E350,39.17897267,-77.26748683,2023,1,15
230001511,Property Damage Crash,01/10/2023 01:51:00 PM,MONTROSE RD,NA,SAME DIRECTION SIDESWIPE,Clear,DRY,Daylight,N/A,NONE DETECTED,Unknown,No Apparent Injury,N/A,NOT DISTRACTED,MD,TRANSIT BUS,MOVING CONSTANT SPEED,35,No,2020,GILG,BUS,39.05438333,-77.141889,2023,1,13
230001511,Property Damage Crash,01/10/2023 01:51:00 PM,MONTROSE RD,NA,SAME DIRECTION SIDESWIPE,Clear,DRY,Daylight,N/A,NONE DETECTED,Unknown,No Apparent Injury,N/A,NOT DISTRACTED,MD,PASSENGER CAR,MOVING CONSTANT SPEED,35,No,2020,FORD,PK,39.05438333,-77.141889,2023,1,13
230001507,Property Damage Crash,01/10/2023 01:20:00 PM,NA,NA,SAME DIR REAR END,Clear,NA,Daylight,N/A,NONE DETECTED,No,No Apparent Injury,N/A,NOT DISTRACTED,MD,PASSENGER CAR,PARKING,15,No,2004,HONDA,ODYSSEY,39.03617709,-77.05398182,2023,1,13
230001507,Property Damage Crash,01/10/2023 01:20:00 PM,NA,NA,SAME DIR REAR END,Clear,NA,Daylight,N/A,NONE DETECTED,No,No Apparent Injury,N/A,NOT DISTRACTED,MD,"MEDIUM/HEAVY TRUCKS 3 AXLES (OVER 10,000LBS (4,536KG))",BACKING,15,No,2018,KENWORTH,T440,39.03617709,-77.05398182,2023,1,13
230001500,Property Damage Crash,01/10/2023 01:01:00 PM,SYCAMORE FARM DR,NA,SAME DIRECTION SIDESWIPE,Cloudy,DRY,Daylight,NO CONTROLS,NONE DETECTED,Yes,No Apparent Injury,N/A,LOOKED BUT DID NOT SEE,MD,PASSENGER CAR,MOVING CONSTANT SPEED,25,No,2018,SUBARU,IMPREZA,39.23227966,-77.25502147,2023,1,13
230001491,Property Damage Crash,01/10/2023 12:15:00 PM,RIVER RD,NA,HEAD ON,Clear,DRY,Daylight,NO CONTROLS,NONE DETECTED,No,No Apparent Injury,N/A,NOT DISTRACTED,MD,PASSENGER CAR,MOVING CONSTANT SPEED,35,No,2018,CHEVROLET,SILVERADO,38.99251,-77.1617,2023,1,12
230001491,Property Damage Crash,01/10/2023 12:15:00 PM,RIVER RD,NA,HEAD ON,Clear,DRY,Daylight,NO CONTROLS,NONE DETECTED,Yes,No Apparent Injury,N/A,NOT DISTRACTED,MD,PASSENGER CAR,MOVING CONSTANT SPEED,35,No,2009,CHRYSLER,3.8L,38.99251,-77.1617,2023,1,12
230001485,Property Damage Crash,01/10/2023 12:00:00 PM,OLD COLUMBIA PIKE,NA,SAME DIRECTION RIGHT TURN,Clear,DRY,Daylight,NO CONTROLS,NONE DETECTED,No,No Apparent Injury,N/A,NOT DISTRACTED,MD,PASSENGER CAR,MOVING CONSTANT SPEED,40,No,2015,MERZ,4S,39.06191167,-76.96691667,2023,1,12
230001485,Property Damage Crash,01/10/2023 12:00:00 PM,OLD COLUMBIA PIKE,NA,SAME DIRECTION RIGHT TURN,Clear,DRY,Daylight,NO CONTROLS,NONE DETECTED,Yes,No Apparent Injury,N/A,LOOKED BUT DID NOT SEE,MD,PICKUP TRUCK,CHANGING LANES,40,No,2001,FORD,F-250,39.06191167,-76.96691667,2023,1,12
230001469,Property Damage Crash,01/10/2023 10:52:00 AM,WHITES FERRY RD,NA,SINGLE VEHICLE,Cloudy,DRY,Daylight,NO CONTROLS,NONE DETECTED,Yes,No Apparent Injury,N/A,NOT DISTRACTED,MD,(SPORT) UTILITY VEHICLE,MOVING CONSTANT SPEED,30,No,2015,HOND,TK,39.13325991,-77.39872873,2023,1,10
21000060,Property Damage Crash,01/10/2023 10:00:00 AM,SHADY GROVE RD,NA,OTHER,Clear,DRY,Daylight,TRAFFIC SIGNAL,NONE DETECTED,Yes,No Apparent Injury,N/A,NOT DISTRACTED,MD,"CARGO VAN/LIGHT TRUCK 2 AXLES (OVER 10,000LBS (4,536 KG))",STARTING FROM LANE,35,No,2018,FORD,TK,39.14884819,-77.14690984,2023,1,10
21000060,Property Damage Crash,01/10/2023 10:00:00 AM,SHADY GROVE RD,NA,OTHER,Clear,DRY,Daylight,TRAFFIC SIGNAL,NONE DETECTED,No,No Apparent Injury,N/A,NOT DISTRACTED,MD,"OTHER LIGHT TRUCKS (10,000LBS (4,536KG) OR LESS)",STOPPED IN TRAFFIC LANE,35,No,2010,FORD,TK,39.14884819,-77.14690984,2023,1,10
230001458,Property Damage Crash,01/10/2023 09:59:00 AM,CARROLL AVE,NA,STRAIGHT MOVEMENT ANGLE,Cloudy,DRY,Daylight,NO CONTROLS,NONE DETECTED,No,No Apparent Injury,N/A,NOT DISTRACTED,MD,PASSENGER CAR,MOVING CONSTANT SPEED,30,No,2019,NISSAN,MAXIMA,38.99323383,-76.992748,2023,1,9
230001458,Property Damage Crash,01/10/2023 09:59:00 AM,CARROLL AVE,NA,STRAIGHT MOVEMENT ANGLE,Cloudy,DRY,Daylight,NO CONTROLS,NONE DETECTED,Yes,No Apparent Injury,N/A,UNKNOWN,MD,PASSENGER CAR,MAKING LEFT TURN,30,No,2012,TOYOTA,COROLLA,38.99323383,-76.992748,2023,1,9
230001458,Property Damage Crash,01/10/2023 09:59:00 AM,CARROLL AVE,NA,STRAIGHT MOVEMENT ANGLE,Cloudy,DRY,Daylight,NO CONTROLS,NONE DETECTED,No,No Apparent Injury,N/A,NOT DISTRACTED,VA,VAN,MOVING CONSTANT SPEED,30,No,2017,FORD,TRANSIT,38.99323383,-76.992748,2023,1,9
230001448,Injury Crash,01/10/2023 09:00:00 AM,NEW HAMPSHIRE AVE,NA,HEAD ON LEFT TURN,Clear,DRY,Daylight,NO CONTROLS,NONE DETECTED,Yes,Possible Minor Injury,N/A,UNKNOWN,MD,PASSENGER CAR,MAKING LEFT TURN,40,No,2019,CHEV,SONIC,39.03091167,-76.984125,2023,1,9
230001448,Injury Crash,01/10/2023 09:00:00 AM,NEW HAMPSHIRE AVE,NA,HEAD ON LEFT TURN,Clear,DRY,Daylight,NO CONTROLS,NONE DETECTED,No,Possible Minor Injury,N/A,NOT DISTRACTED,MD,PASSENGER CAR,MOVING CONSTANT SPEED,40,No,2020,TOYT,CAMRY,39.03091167,-76.984125,2023,1,9
230001446,Property Damage Crash,01/10/2023 08:47:00 AM,GEORGIA AVE,NA,SAME DIR REAR END,Clear,DRY,Daylight,NO CONTROLS,NONE DETECTED,No,No Apparent Injury,N/A,NOT DISTRACTED,MD,PASSENGER CAR,SLOWING OR STOPPING,40,No,2021,CHEV,TRAILBLAZER,39.16874467,-77.05976317,2023,1,8
230001446,Property Damage Crash,01/10/2023 08:47:00 AM,GEORGIA AVE,NA,SAME DIR REAR END,Clear,DRY,Daylight,NO CONTROLS,NONE DETECTED,Yes,No Apparent Injury,N/A,LOOKED BUT DID NOT SEE,MD,PASSENGER CAR,MOVING CONSTANT SPEED,40,No,2018,MERZ,C300,39.16874467,-77.05976317,2023,1,8
230001456,Injury Crash,01/10/2023 07:35:00 AM,OLNEY SANDY SPRING RD,PEDESTRIAN,OTHER,Clear,DRY,Daylight,NO CONTROLS,NONE DETECTED,Yes,No Apparent Injury,N/A,UNKNOWN,NA,NA,STARTING FROM PARKED,30,No,0,UNKNOWN,UNKNOWN,39.14911853,-77.01700222,2023,1,7
230001429,Property Damage Crash,01/10/2023 12:47:00 AM,BRUNSWICK AVE,NA,SAME DIR REAR END,Clear,DRY,Medium,NO CONTROLS,NONE DETECTED,Yes,No Apparent Injury,N/A,INATTENTIVE OR LOST IN THOUGHT,MD,PASSENGER CAR,MOVING CONSTANT SPEED,25,No,2016,CHEV,MALIBU,39.025573,-77.05523363,2023,1,0
230001403,Injury Crash,01/09/2023 07:48:00 PM,FATHER HURLEY BLVD,NA,SAME DIRECTION SIDESWIPE,Clear,DRY,Medium,TRAFFIC SIGNAL,NONE DETECTED,No,No Apparent Injury,N/A,NOT DISTRACTED,MD,PASSENGER CAR,MAKING LEFT TURN,35,No,2017,HONDA,CIVIC,39.19358667,-77.27039167,2023,1,19
230001403,Injury Crash,01/09/2023 07:48:00 PM,FATHER HURLEY BLVD,NA,SAME DIRECTION SIDESWIPE,Clear,DRY,Medium,TRAFFIC SIGNAL,NONE DETECTED,Yes,No Apparent Injury,N/A,NOT DISTRACTED,PA,PASSENGER CAR,MAKING RIGHT TURN,35,No,2013,NISSAN,ALTIMA,39.19358667,-77.27039167,2023,1,19
230001398,Property Damage Crash,01/09/2023 06:50:00 PM,FIRSTFIELD RD,NA,ANGLE MEETS LEFT HEAD ON,Clear,DRY,Medium,STOP SIGN,NONE DETECTED,Yes,No Apparent Injury,N/A,LOOKED BUT DID NOT SEE,MD,OTHER,MAKING LEFT TURN,30,No,2000,FORD,UTILIMASTER,39.14068823,-77.2244676,2023,1,18
230001398,Property Damage Crash,01/09/2023 06:50:00 PM,FIRSTFIELD RD,NA,ANGLE MEETS LEFT HEAD ON,Clear,DRY,Medium,STOP SIGN,NONE DETECTED,No,No Apparent Injury,N/A,NOT DISTRACTED,MD,PASSENGER CAR,MOVING CONSTANT SPEED,30,No,2004,HOND,TK,39.14068823,-77.2244676,2023,1,18
230001382,Injury Crash,01/09/2023 05:45:00 PM,MUNCASTER MILL RD,NA,OPPOSITE DIRECTION SIDESWIPE,Clear,DRY,Medium,NO CONTROLS,NONE DETECTED,No,Possible Minor Injury,N/A,NOT DISTRACTED,MD,PASSENGER CAR,MOVING CONSTANT SPEED,40,No,2019,ACURA,TLX,39.12561233,-77.11567517,2023,1,17
230001392,Property Damage Crash,01/09/2023 05:45:00 PM,GEORGIA AVE,NA,HEAD ON LEFT TURN,Clear,DRY,Medium,TRAFFIC SIGNAL,NONE DETECTED,Yes,No Apparent Injury,N/A,NOT DISTRACTED,MD,PASSENGER CAR,MAKING LEFT TURN,30,No,2018,KIA,RIO,38.98728667,-77.02662867,2023,1,17
230001382,Injury Crash,01/09/2023 05:45:00 PM,MUNCASTER MILL RD,NA,OPPOSITE DIRECTION SIDESWIPE,Clear,DRY,Medium,NO CONTROLS,NONE DETECTED,Yes,Possible Minor Injury,N/A,LOOKED BUT DID NOT SEE,MD,PASSENGER CAR,MOVING CONSTANT SPEED,40,No,2001,FORD,FOCUS,39.12561233,-77.11567517,2023,1,17
230001392,Property Damage Crash,01/09/2023 05:45:00 PM,GEORGIA AVE,NA,HEAD ON LEFT TURN,Clear,DRY,Medium,TRAFFIC SIGNAL,NONE DETECTED,No,No Apparent Injury,N/A,NOT DISTRACTED,NJ,STATION WAGON,MOVING CONSTANT SPEED,30,No,2008,SUBARU,OUTBACK,38.98728667,-77.02662867,2023,1,17
230001382,Injury Crash,01/09/2023 05:45:00 PM,MUNCASTER MILL RD,NA,OPPOSITE DIRECTION SIDESWIPE,Clear,DRY,Medium,NO CONTROLS,NONE DETECTED,No,Possible Minor Injury,N/A,NOT DISTRACTED,MD,PASSENGER CAR,MOVING CONSTANT SPEED,40,No,2014,HOND,TK,39.12561233,-77.11567517,2023,1,17
230001387,Property Damage Crash,01/09/2023 05:36:00 PM,RANDOLPH RD,NA,SAME DIR REAR END,Clear,DRY,Medium,NO CONTROLS,NONE DETECTED,No,No Apparent Injury,N/A,NOT DISTRACTED,MD,PASSENGER CAR,SLOWING OR STOPPING,40,No,2019,MAZDA,HB,39.07553577,-77.00189603,2023,1,17
230001387,Property Damage Crash,01/09/2023 05:36:00 PM,RANDOLPH RD,NA,SAME DIR REAR END,Clear,DRY,Medium,NO CONTROLS,ALCOHOL PRESENT,Yes,No Apparent Injury,N/A,UNKNOWN,MD,PASSENGER CAR,SLOWING OR STOPPING,40,No,2016,TOYOTA,RAV 4,39.07553577,-77.00189603,2023,1,17
230001361,Property Damage Crash,01/09/2023 04:00:00 PM,FREDERICK RD,NA,SAME DIRECTION SIDESWIPE,Clear,DRY,Daylight,TRAFFIC SIGNAL,NONE DETECTED,No,No Apparent Injury,N/A,NOT DISTRACTED,MD,PASSENGER CAR,MOVING CONSTANT SPEED,40,No,2012,NISS,SD,39.16344648,-77.22627193,2023,1,16
230001361,Property Damage Crash,01/09/2023 04:00:00 PM,FREDERICK RD,NA,SAME DIRECTION SIDESWIPE,Clear,DRY,Daylight,TRAFFIC SIGNAL,NONE DETECTED,Yes,No Apparent Injury,N/A,NOT DISTRACTED,MD,PASSENGER CAR,ACCELERATING,40,No,2017,FORD,4S,39.16344648,-77.22627193,2023,1,16
230001349,Injury Crash,01/09/2023 03:30:00 PM,COLUMBIA PIKE,NA,SAME DIR REAR END,Clear,DRY,Daylight,TRAFFIC SIGNAL,NONE DETECTED,Yes,Possible Minor Injury,N/A,LOOKED BUT DID NOT SEE,MD,PASSENGER CAR,MOVING CONSTANT SPEED,50,No,2020,SUBARU,FORESTER,39.04641469,-76.98699028,2023,1,15
230001349,Injury Crash,01/09/2023 03:30:00 PM,COLUMBIA PIKE,NA,SAME DIR REAR END,Clear,DRY,Daylight,TRAFFIC SIGNAL,NONE DETECTED,No,Possible Minor Injury,N/A,NOT DISTRACTED,MD,PASSENGER CAR,SLOWING OR STOPPING,50,No,2020,SUBARU,OUTBACK,39.04641469,-76.98699028,2023,1,15
230001344,Property Damage Crash,01/09/2023 03:00:00 PM,NA,NA,STRAIGHT MOVEMENT ANGLE,Clear,NA,Daylight,NO CONTROLS,NONE DETECTED,No,No Apparent Injury,N/A,NOT DISTRACTED,MD,SCHOOL BUS,MOVING CONSTANT SPEED,5,No,2020,THMS,BU,39.07789,-77.18318217,2023,1,15
230001344,Property Damage Crash,01/09/2023 03:00:00 PM,NA,NA,STRAIGHT MOVEMENT ANGLE,Clear,NA,Daylight,NO CONTROLS,NONE DETECTED,Yes,No Apparent Injury,N/A,LOOKED BUT DID NOT SEE,MD,PASSENGER CAR,STARTING FROM PARKED,5,No,2014,HOND,TK,39.07789,-77.18318217,2023,1,15
230001345,Property Damage Crash,01/09/2023 02:48:00 PM,NEW HAMPSHIRE AVE,NA,SAME DIR REAR END,Clear,DRY,Daylight,TRAFFIC SIGNAL,NONE DETECTED,No,No Apparent Injury,N/A,NOT DISTRACTED,MD,PASSENGER CAR,STOPPED IN TRAFFIC LANE,35,No,2015,TOYT,CAROLLA,39.04835333,-76.99311167,2023,1,14
230001345,Property Damage Crash,01/09/2023 02:48:00 PM,NEW HAMPSHIRE AVE,NA,SAME DIR REAR END,Clear,DRY,Daylight,TRAFFIC SIGNAL,NONE DETECTED,Yes,No Apparent Injury,N/A,UNKNOWN,XX,PICKUP TRUCK,MOVING CONSTANT SPEED,35,No,2004,CHEV,COLORADO LS,39.04835333,-76.99311167,2023,1,14
230001335,Property Damage Crash,01/09/2023 02:26:00 PM,ROCKLEDGE BLVD,NA,SAME DIR REAR END,Clear,DRY,Daylight,TRAFFIC SIGNAL,NONE DETECTED,No,No Apparent Injury,N/A,NOT DISTRACTED,WV,PASSENGER CAR,MOVING CONSTANT SPEED,35,No,2019,DODGE,RAM,39.03193728,-77.13140487,2023,1,14
230001335,Property Damage Crash,01/09/2023 02:26:00 PM,ROCKLEDGE BLVD,NA,SAME DIR REAR END,Clear,DRY,Daylight,TRAFFIC SIGNAL,NONE DETECTED,Yes,No Apparent Injury,N/A,LOOKED BUT DID NOT SEE,MD,PASSENGER CAR,MOVING CONSTANT SPEED,35,No,2017,JEEP,GC,39.03193728,-77.13140487,2023,1,14
230001323,Property Damage Crash,01/09/2023 12:41:00 PM,CLARKSBURG RD,NA,SAME DIRECTION SIDESWIPE,Clear,DRY,Daylight,NO CONTROLS,NONE DETECTED,Yes,No Apparent Injury,N/A,NOT DISTRACTED,MD,PASSENGER CAR,CHANGING LANES,30,No,2020,CHEVROLET,SPARK,39.23893369,-77.28185855,2023,1,12
230001323,Property Damage Crash,01/09/2023 12:41:00 PM,CLARKSBURG RD,NA,SAME DIRECTION SIDESWIPE,Clear,DRY,Daylight,NO CONTROLS,NONE DETECTED,Yes,No Apparent Injury,N/A,NOT DISTRACTED,MD,PASSENGER CAR,MOVING CONSTANT SPEED,30,No,2020,SUBA,OUTBACK,39.23893369,-77.28185855,2023,1,12
230001297,Property Damage Crash,01/09/2023 10:55:00 AM,FREDERICK RD,NA,STRAIGHT MOVEMENT ANGLE,Clear,DRY,Daylight,TRAFFIC SIGNAL,NONE DETECTED,No,No Apparent Injury,N/A,NOT DISTRACTED,MD,PICKUP TRUCK,MOVING CONSTANT SPEED,30,No,2012,DODG,RAM,39.11561967,-77.166397,2023,1,10
230001297,Property Damage Crash,01/09/2023 10:55:00 AM,FREDERICK RD,NA,STRAIGHT MOVEMENT ANGLE,Clear,DRY,Daylight,TRAFFIC SIGNAL,NONE DETECTED,Yes,No Apparent Injury,N/A,NOT DISTRACTED,MD,PASSENGER CAR,MOVING CONSTANT SPEED,45,No,2010,TOYT,COROLLA,39.11561967,-77.166397,2023,1,10