Local Case Number,ACRS Report Type,Crash Date/Time,Road Name,Related Non-Motorist,Collision Type,Weather,Surface Condition,Light,Traffic Control,Driver Substance Abuse,Driver At Fault,Injury Severity,Circumstance,Driver Distracted By,Drivers License State,Vehicle Body Type,Vehicle Movement,Speed Limit,Driverless Vehicle,Vehicle Year,Vehicle Make,Vehicle Model,Latitude,Longitude,Year,Month,Hour
220057926,Injury Crash,01/06/2023 07:47:00 PM,E DIAMOND AVE,NA,SAME DIR REAR END,Clear,DRY,Medium,TRAFFIC SIGNAL,NONE DETECTED,No,Possible Minor Injury,N/A,NOT DISTRACTED,MD,PASSENGER CAR,STOPPED IN TRAFFIC LANE,30,No,2019,TOYOTA,TK,39.14197996,-77.19340597,2023,1,19
220057926,Injury Crash,01/06/2023 07:47:00 PM,E DIAMOND AVE,NA,SAME DIR REAR END,Clear,DRY,Medium,TRAFFIC SIGNAL,NONE DETECTED,Yes,No Apparent Injury,N/A,UNKNOWN,NA,PASSENGER CAR,SLOWING OR STOPPING,30,No,2014,JEEP,TK,39.14197996,-77.19340597,2023,1,19
230001035,Property Damage Crash,01/06/2023 07:06:00 PM,NA,NA,OTHER,Clear,NA,Medium,N/A,NONE DETECTED,Yes,No Apparent Injury,N/A,UNKNOWN,NA,PASSENGER CAR,BACKING,5,No,2010,KIA,4DR,39.01086517,-77.05525333,2023,1,19
230000984,Property Damage Crash,01/06/2023 06:51:00 PM,ROCKVILLE PIKE,NA,HEAD ON LEFT TURN,Clear,DRY,Medium,TRAFFIC SIGNAL,NONE DETECTED,No,No Apparent Injury,N/A,NOT DISTRACTED,MD,PASSENGER CAR,STARTING FROM LANE,35,No,2021,HONDA,CRV,38.99967333,-77.09696167,2023,1,18
230000984,Property Damage Crash,01/06/2023 06:51:00 PM,ROCKVILLE PIKE,NA,HEAD ON LEFT TURN,Clear,DRY,Medium,TRAFFIC SIGNAL,NONE DETECTED,Yes,No Apparent Injury,N/A,NOT DISTRACTED,MD,PASSENGER CAR,ACCELERATING,35,No,2021,TOYOTA,COROLLA,38.99967333,-77.09696167,2023,1,18
230000984,Property Damage Crash,01/06/2023 06:51:00 PM,ROCKVILLE PIKE,NA,HEAD ON LEFT TURN,Clear,DRY,Medium,TRAFFIC SIGNAL,NONE DETECTED,No,No Apparent Injury,N/A,NOT DISTRACTED,MD,PASSENGER CAR,STARTING FROM LANE,35,No,2013,LEXUS,RX350,38.99967333,-77.09696167,2023,1,18
230000981,Property Damage Crash,01/06/2023 06:30:00 PM,ROTHBURY DR,NA,STRAIGHT MOVEMENT ANGLE,Clear,DRY,Medium,STOP SIGN,NONE DETECTED,No,No Apparent Injury,N/A,NOT DISTRACTED,MD,PASSENGER CAR,MAKING LEFT TURN,30,No,2017,HONDA,ACCORD,39.185465,-77.18888833,2023,1,18
230000981,Property Damage Crash,01/06/2023 06:30:00 PM,ROTHBURY DR,NA,STRAIGHT MOVEMENT ANGLE,Clear,DRY,Medium,STOP SIGN,NONE DETECTED,Yes,No Apparent Injury,N/A,NOT DISTRACTED,MD,PASSENGER CAR,ENTERING TRAFFIC LANE,30,No,2013,HONDA,CIVIC,39.185465,-77.18888833,2023,1,18
230000976,Property Damage Crash,01/06/2023 05:38:00 PM,GEORGIA AVE,NA,SAME DIRECTION SIDESWIPE,Clear,DRY,Medium,NO CONTROLS,NONE DETECTED,Unknown,No Apparent Injury,N/A,NOT DISTRACTED,MD,TRANSIT BUS,MOVING CONSTANT SPEED,35,No,2022,NFLY,BU,39.01531167,-77.04198,2023,1,17
230000976,Property Damage Crash,01/06/2023 05:38:00 PM,GEORGIA AVE,NA,SAME DIRECTION SIDESWIPE,Clear,DRY,Medium,NO CONTROLS,NONE DETECTED,Unknown,No Apparent Injury,N/A,NOT DISTRACTED,AL,PASSENGER CAR,MOVING CONSTANT SPEED,35,No,2020,TOYT,TK,39.01531167,-77.04198,2023,1,17
230000962,Property Damage Crash,01/06/2023 04:48:00 PM,NA,NA,STRAIGHT MOVEMENT ANGLE,Clear,NA,Medium,NO CONTROLS,NONE DETECTED,Yes,No Apparent Injury,N/A,NOT DISTRACTED,MD,PASSENGER CAR,MOVING CONSTANT SPEED,15,No,2014,NISSAN,VERSA,39.05499167,-76.955345,2023,1,16
230000962,Property Damage Crash,01/06/2023 04:48:00 PM,NA,NA,STRAIGHT MOVEMENT ANGLE,Clear,NA,Medium,NO CONTROLS,NONE DETECTED,No,No Apparent Injury,N/A,LOOKED BUT DID NOT SEE,MD,PASSENGER CAR,MOVING CONSTANT SPEED,15,No,2011,HONDA,ACCORD,39.05499167,-76.955345,2023,1,16
23000958,Property Damage Crash,01/06/2023 04:30:00 PM,NA,NA,OTHER,Clear,NA,Daylight,NO CONTROLS,NONE DETECTED,Yes,No Apparent Injury,N/A,UNKNOWN,DC,PASSENGER CAR,BACKING,5,No,2012,GMC,UT,39.03912167,-77.05105333,2023,1,16
230000953,Property Damage Crash,01/06/2023 04:00:00 PM,MONTGOMERY VILLAGE AVE,NA,SAME DIR REAR END,Clear,DRY,Daylight,TRAFFIC SIGNAL,NONE DETECTED,No,No Apparent Injury,"N/A, VISION OBSTRUCTION (INCL. BLINDED BY SUN)",NOT DISTRACTED,MD,PASSENGER CAR,STOPPED IN TRAFFIC LANE,35,No,2022,KIA,UT,39.15549887,-77.20910335,2023,1,16
230000953,Property Damage Crash,01/06/2023 04:00:00 PM,MONTGOMERY VILLAGE AVE,NA,SAME DIR REAR END,Clear,DRY,Daylight,TRAFFIC SIGNAL,NONE DETECTED,Yes,No Apparent Injury,"N/A, VISION OBSTRUCTION (INCL. BLINDED BY SUN)",DISTRACTED BY OUTSIDE PERSON OBJECT OR EVENT,MD,PASSENGER CAR,SLOWING OR STOPPING,35,No,2006,TOYT,4S,39.15549887,-77.20910335,2023,1,16
230000922,Property Damage Crash,01/06/2023 01:59:00 PM,E JEFFERSON ST,NA,OTHER,Clear,DRY,Daylight,TRAFFIC SIGNAL,NONE DETECTED,Unknown,No Apparent Injury,N/A,UNKNOWN,MD,SCHOOL BUS,MOVING CONSTANT SPEED,30,No,2018,THMS,BU,39.082747,-77.151104,2023,1,13
230000922,Property Damage Crash,01/06/2023 01:59:00 PM,E JEFFERSON ST,NA,OTHER,Clear,DRY,Daylight,TRAFFIC SIGNAL,NONE DETECTED,Yes,No Apparent Injury,N/A,UNKNOWN,NA,NA,MOVING CONSTANT SPEED,30,No,0,UNKNOWN,UNKNOWN,39.082747,-77.151104,2023,1,13
230000913,Injury Crash,01/06/2023 01:36:00 PM,SEMINARY RD,NA,ANGLE MEETS LEFT HEAD ON,Cloudy,DRY,Daylight,NO CONTROLS,NONE DETECTED,Yes,No Apparent Injury,N/A,NOT DISTRACTED,MD,PASSENGER CAR,STARTING FROM LANE,30,No,2003,TOYT,UT,39.01080167,-77.04861333,2023,1,13
230000913,Injury Crash,01/06/2023 01:36:00 PM,SEMINARY RD,NA,ANGLE MEETS LEFT HEAD ON,Cloudy,DRY,Daylight,NO CONTROLS,NONE DETECTED,No,Possible Minor Injury,N/A,NOT DISTRACTED,MD,PASSENGER CAR,MOVING CONSTANT SPEED,30,No,2015,HYUN,UT,39.01080167,-77.04861333,2023,1,13
230001672,Property Damage Crash,01/06/2023 10:10:00 AM,NA,NA,OTHER,Clear,NA,Daylight,NO CONTROLS,NONE DETECTED,Yes,No Apparent Injury,N/A,UNKNOWN,NA,PICKUP TRUCK,MOVING CONSTANT SPEED,15,No,2015,RAM,4500,39.09389648,-77.15359656,2023,1,10
230000861,Property Damage Crash,01/06/2023 09:04:00 AM,NEW HAMPSHIRE AVE,NA,OTHER,Cloudy,DRY,Daylight,NO CONTROLS,NONE DETECTED,Yes,No Apparent Injury,N/A,LOOKED BUT DID NOT SEE,MD,"OTHER LIGHT TRUCKS (10,000LBS (4,536KG) OR LESS)",BACKING,25,No,2017,MACK,DUMP TRUCK,39.07748333,-77.000695,2023,1,9
230000859,Property Damage Crash,01/06/2023 09:00:00 AM,NA,NA,SAME DIRECTION SIDESWIPE,Clear,NA,Daylight,PERSON,NONE DETECTED,No,No Apparent Injury,N/A,NOT DISTRACTED,MD,SCHOOL BUS,STOPPED IN TRAFFIC LANE,5,No,2018,BUS,FRHT,39.099262,-77.203179,2023,1,9
230000859,Property Damage Crash,01/06/2023 09:00:00 AM,NA,NA,SAME DIRECTION SIDESWIPE,Clear,NA,Daylight,PERSON,NONE DETECTED,Yes,No Apparent Injury,N/A,NOT DISTRACTED,MD,(SPORT) UTILITY VEHICLE,ACCELERATING,5,No,2021,TOYOTA,HIGHLANDER,39.099262,-77.203179,2023,1,9
2300029,Property Damage Crash,01/06/2023 07:00:00 AM,NA,NA,SINGLE VEHICLE,Clear,NA,Medium,N/A,NONE DETECTED,Yes,No Apparent Injury,N/A,NOT DISTRACTED,MD,(SPORT) UTILITY VEHICLE,MAKING U TURN,10,No,2015,FORD,EXPLORER,39.06527983,-77.04597717,2023,1,7
230000847,Property Damage Crash,01/06/2023 05:20:00 AM,WATKINS MILL RD,NA,SAME DIR REAR END,Clear,DRY,Medium,N/A,NONE DETECTED,No,No Apparent Injury,N/A,NOT DISTRACTED,MD,POLICE VEHICLE/NON EMERGENCY,SLOWING OR STOPPING,35,No,2017,FORD,TAURUS,39.1859915,-77.213171,2023,1,5
230000847,Property Damage Crash,01/06/2023 05:20:00 AM,WATKINS MILL RD,NA,SAME DIR REAR END,Clear,DRY,Medium,N/A,NONE DETECTED,Yes,No Apparent Injury,N/A,LOOKED BUT DID NOT SEE,XX,MOTORCYCLE,MOVING CONSTANT SPEED,35,No,2009,KAWASAKI,EN500,39.1859915,-77.213171,2023,1,5
230000832,Property Damage Crash,01/05/2023 11:38:00 PM,MUNCASTER MILL RD,NA,SAME DIRECTION LEFT TURN,Clear,N/A,Medium,NO CONTROLS,NONE DETECTED,No,No Apparent Injury,N/A,NOT DISTRACTED,MD,(SPORT) UTILITY VEHICLE,MAKING LEFT TURN,40,No,2022,MITS,UT,39.11890113,-77.1061289,2023,1,23
230000832,Property Damage Crash,01/05/2023 11:38:00 PM,MUNCASTER MILL RD,NA,SAME DIRECTION LEFT TURN,Clear,N/A,Medium,NO CONTROLS,NONE DETECTED,Yes,No Apparent Injury,N/A,NOT DISTRACTED,KY,PASSENGER CAR,PASSING,40,No,2015,CHRYSLER,200,39.11890113,-77.1061289,2023,1,23
230000812,Injury Crash,01/05/2023 08:41:00 PM,SHADY GROVE RD,NA,SAME DIRECTION SIDESWIPE,Rain,WET,Medium,NO CONTROLS,NONE DETECTED,Yes,No Apparent Injury,"RAIN, SNOW, WET",USING OTHER DEVICE CONTROLS INTEGRAL TO VEHICLE,MD,(SPORT) UTILITY VEHICLE,MOVING CONSTANT SPEED,40,No,2018,TOYT,RAV4 TK,39.09079167,-77.20372167,2023,1,20
230000812,Injury Crash,01/05/2023 08:41:00 PM,SHADY GROVE RD,NA,SAME DIRECTION SIDESWIPE,Rain,WET,Medium,NO CONTROLS,NONE DETECTED,No,Possible Minor Injury,"RAIN, SNOW, WET",NOT DISTRACTED,MD,(SPORT) UTILITY VEHICLE,MOVING CONSTANT SPEED,40,No,2019,FORD,EDGE TK,39.09079167,-77.20372167,2023,1,20
230000809,Property Damage Crash,01/05/2023 08:34:00 PM,CONNECTICUT AVE,NA,SAME DIRECTION RIGHT TURN,Clear,WET,Medium,TRAFFIC SIGNAL,NONE DETECTED,No,No Apparent Injury,N/A,NOT DISTRACTED,MD,PASSENGER CAR,MOVING CONSTANT SPEED,35,No,2007,HOND,ACCORD,39.05723,-77.07410833,2023,1,20
230000809,Property Damage Crash,01/05/2023 08:34:00 PM,CONNECTICUT AVE,NA,SAME DIRECTION RIGHT TURN,Clear,WET,Medium,TRAFFIC SIGNAL,NONE DETECTED,Yes,No Apparent Injury,N/A,UNKNOWN,NA,UNKNOWN,MAKING RIGHT TURN,35,No,0,UNKNOWN,UNKNOWN,39.05723,-77.07410833,2023,1,20
230000809,Property Damage Crash,01/05/2023 08:34:00 PM,CONNECTICUT AVE,NA,SAME DIRECTION RIGHT TURN,Clear,WET,Medium,TRAFFIC SIGNAL,NONE DETECTED,No,No Apparent Injury,N/A,NOT DISTRACTED,MD,PASSENGER CAR,MOVING CONSTANT SPEED,35,No,2009,HOND,ODYSSEY,39.05723,-77.07410833,2023,1,20
230000808,Property Damage Crash,01/05/2023 08:15:00 PM,WEST SIDE DR,NA,SAME DIR REAR END,Rain,WET,Medium,YIELD SIGN,NONE DETECTED,Yes,No Apparent Injury,"SLEET, HAIL, FREEZ. RAIN, WET",NOT DISTRACTED,MD,PASSENGER CAR,MOVING CONSTANT SPEED,25,No,2019,CHEVROLET,TRAVERSE,39.12731627,-77.20904589,2023,1,20
230000808,Property Damage Crash,01/05/2023 08:15:00 PM,WEST SIDE DR,NA,SAME DIR REAR END,Rain,WET,Medium,YIELD SIGN,NONE DETECTED,No,No Apparent Injury,"SLEET, HAIL, FREEZ. RAIN, WET",NOT DISTRACTED,MD,OTHER,SLOWING OR STOPPING,25,No,2022,JEEP,PK,39.12731627,-77.20904589,2023,1,20
230000806,Injury Crash,01/05/2023 08:10:00 PM,RANDOLPH RD,NA,SAME DIR REAR END,Clear,DRY,Medium,TRAFFIC SIGNAL,NONE DETECTED,No,No Apparent Injury,N/A,NOT DISTRACTED,MD,POLICE VEHICLE/EMERGENCY,SLOWING OR STOPPING,30,No,2016,NISS,TK,39.06000667,-77.06478167,2023,1,20
230000806,Injury Crash,01/05/2023 08:10:00 PM,RANDOLPH RD,NA,SAME DIR REAR END,Clear,DRY,Medium,TRAFFIC SIGNAL,NONE DETECTED,Yes,No Apparent Injury,N/A,UNKNOWN,MD,PASSENGER CAR,SLOWING OR STOPPING,30,No,2021,TOYOTA,SIENA,39.06000667,-77.06478167,2023,1,20
230000799,Injury Crash,01/05/2023 07:30:00 PM,CEDAR AVE,NA,HEAD ON,Cloudy,DRY,Medium,NO CONTROLS,NONE DETECTED,No,No Apparent Injury,N/A,NOT DISTRACTED,MD,PASSENGER CAR,STOPPED IN TRAFFIC LANE,30,No,2019,CHEV,TRAVERSE,39.13411692,-77.20264391,2023,1,19
230000799,Injury Crash,01/05/2023 07:30:00 PM,CEDAR AVE,NA,HEAD ON,Cloudy,DRY,Medium,NO CONTROLS,NONE DETECTED,Yes,Possible Minor Injury,N/A,NOT DISTRACTED,XX,MOTORCYCLE,MOVING CONSTANT SPEED,30,No,2014,HONDA,CRF450R,39.13411692,-77.20264391,2023,1,19
230000797,Injury Crash,01/05/2023 07:20:00 PM,NEW HAMPSHIRE AVE,PEDESTRIAN,SINGLE VEHICLE,Rain,WET,Medium,TRAFFIC SIGNAL,NONE DETECTED,Unknown,No Apparent Injury,"RAIN, SNOW, WET",UNKNOWN,MD,(SPORT) UTILITY VEHICLE,MAKING RIGHT TURN,40,No,2007,MAZDA,CX7,39.021105,-76.97666,2023,1,19
230000798,Property Damage Crash,01/05/2023 07:12:00 PM,MONTGOMERY VILLAGE AVE,NA,OTHER,Rain,WET,Medium,TRAFFIC SIGNAL,NONE DETECTED,Yes,No Apparent Injury,"RAIN, SNOW, WET",NOT DISTRACTED,MD,PASSENGER CAR,MOVING CONSTANT SPEED,35,No,2005,TOYT,PRIUS,39.15804167,-77.20426,2023,1,19
230000798,Property Damage Crash,01/05/2023 07:12:00 PM,MONTGOMERY VILLAGE AVE,NA,OTHER,Rain,WET,Medium,TRAFFIC SIGNAL,NONE DETECTED,No,No Apparent Injury,"RAIN, SNOW, WET",NOT DISTRACTED,MD,PASSENGER CAR,MOVING CONSTANT SPEED,35,No,2022,TOYT,HIGHLANDER,39.15804167,-77.20426,2023,1,19
230000798,Property Damage Crash,01/05/2023 07:12:00 PM,MONTGOMERY VILLAGE AVE,NA,OTHER,Rain,WET,Medium,TRAFFIC SIGNAL,NONE DETECTED,Yes,No Apparent Injury,"RAIN, SNOW, WET",NOT DISTRACTED,MD,PASSENGER CAR,MOVING CONSTANT SPEED,35,No,2014,JEEP,GRAND CHEROKEE,39.15804167,-77.20426,2023,1,19
230000787,Injury Crash,01/05/2023 06:42:00 PM,BROOKVILLE RD,NA,HEAD ON,Clear,DRY,Medium,N/A,NONE DETECTED,Unknown,Possible Minor Injury,N/A,NOT DISTRACTED,MD,PASSENGER CAR,SLOWING OR STOPPING,25,No,2010,HONDA,CIVIC,38.97977667,-77.07108,2023,1,18
230000787,Injury Crash,01/05/2023 06:42:00 PM,BROOKVILLE RD,NA,HEAD ON,Clear,DRY,Medium,N/A,NONE DETECTED,Yes,No Apparent Injury,N/A,UNKNOWN,MD,PASSENGER CAR,MOVING CONSTANT SPEED,25,No,2013,FORD,ESCAPE,38.97977667,-77.07108,2023,1,18
230000222,Property Damage Crash,01/05/2023 06:34:00 PM,UNIVERSITY BLVD E,NA,SAME DIRECTION RIGHT TURN,Clear,DRY,Medium,TRAFFIC SIGNAL,NONE DETECTED,Yes,No Apparent Injury,N/A,OTHER DISTRACTION,MD,PASSENGER CAR,MOVING CONSTANT SPEED,35,No,2004,HONDA,CIVIC,38.99109451,-76.99010438,2023,1,18
230000222,Property Damage Crash,01/05/2023 06:34:00 PM,UNIVERSITY BLVD E,NA,SAME DIRECTION RIGHT TURN,Clear,DRY,Medium,TRAFFIC SIGNAL,NONE DETECTED,No,No Apparent Injury,N/A,NOT DISTRACTED,MD,PASSENGER CAR,MOVING CONSTANT SPEED,35,No,2021,HONDA,RIDGELINE,38.99109451,-76.99010438,2023,1,18
230000791,Property Damage Crash,01/05/2023 06:34:00 PM,NA,NA,OTHER,Rain,NA,Medium,NO CONTROLS,NONE DETECTED,Yes,No Apparent Injury,N/A,NOT DISTRACTED,MD,PASSENGER CAR,BACKING,5,No,2014,VW,JETTA,39.08389321,-77.15361593,2023,1,18
230000784,Injury Crash,01/05/2023 05:38:00 PM,BROOKVILLE RD,PEDESTRIAN,OTHER,Clear,DRY,Medium,N/A,NONE DETECTED,Yes,No Apparent Injury,N/A,NOT DISTRACTED,MD,PICKUP TRUCK,MOVING CONSTANT SPEED,25,No,2019,DODGE,RAM,38.99108,-77.09783,2023,1,17
230000783,Injury Crash,01/05/2023 05:37:00 PM,SPARTAN RD,NA,STRAIGHT MOVEMENT ANGLE,Clear,DRY,Dark,STOP SIGN,NONE DETECTED,Yes,Possible Minor Injury,N/A,NOT DISTRACTED,MD,PASSENGER CAR,MOVING CONSTANT SPEED,30,No,2010,TOYT,4S,39.15548833,-77.05949333,2023,1,17
230000783,Injury Crash,01/05/2023 05:37:00 PM,SPARTAN RD,NA,STRAIGHT MOVEMENT ANGLE,Clear,DRY,Dark,STOP SIGN,NONE DETECTED,Yes,No Apparent Injury,N/A,LOOKED BUT DID NOT SEE,MD,PASSENGER CAR,MAKING LEFT TURN,30,No,2015,HOND,4S,39.15548833,-77.05949333,2023,1,17
230000782,Property Damage Crash,01/05/2023 05:35:00 PM,W MONTGOMERY AVE,NA,SINGLE VEHICLE,Clear,DRY,Medium,N/A,NONE DETECTED,No,No Apparent Injury,N/A,NOT DISTRACTED,GA,PASSENGER CAR,MOVING CONSTANT SPEED,30,No,2011,TOYOTA,CAMRY,39.085795,-77.17253167,2023,1,17
230000447,Property Damage Crash,01/05/2023 04:40:00 PM,FATHER HURLEY BLVD,NA,SAME DIR REAR END,Rain,WET,Daylight,TRAFFIC SIGNAL,NONE DETECTED,No,No Apparent Injury,"N/A, WET",NOT DISTRACTED,MD,(SPORT) UTILITY VEHICLE,STOPPED IN TRAFFIC LANE,45,No,2012,FORD,TK,39.19921667,-77.26066167,2023,1,16
230000447,Property Damage Crash,01/05/2023 04:40:00 PM,FATHER HURLEY BLVD,NA,SAME DIR REAR END,Rain,WET,Daylight,TRAFFIC SIGNAL,NONE DETECTED,No,No Apparent Injury,"N/A, WET",NOT DISTRACTED,MD,PASSENGER CAR,MOVING CONSTANT SPEED,45,No,2007,MERZ,4S,39.19921667,-77.26066167,2023,1,16
230000447,Property Damage Crash,01/05/2023 04:40:00 PM,FATHER HURLEY BLVD,NA,SAME DIR REAR END,Rain,WET,Daylight,TRAFFIC SIGNAL,NONE DETECTED,Yes,No Apparent Injury,"N/A, WET",LOOKED BUT DID NOT SEE,MD,PASSENGER CAR,MOVING CONSTANT SPEED,45,No,2004,MERC,4S,39.19921667,-77.26066167,2023,1,16
230000775,Injury Crash,01/05/2023 04:30:00 PM,SHADY GROVE RD,PEDESTRIAN,OTHER,Cloudy,DRY,Daylight,TRAFFIC SIGNAL,NONE DETECTED,Yes,No Apparent Injury,N/A,LOOKED BUT DID NOT SEE,NY,PASSENGER CAR,ACCELERATING,25,No,2015,HYUNDAI,SONATA,39.12063682,-77.18038349,2023,1,16
230000770,Property Damage Crash,01/05/2023 04:20:00 PM,NEW HAMPSHIRE AVE,NA,SAME DIRECTION SIDESWIPE,Clear,DRY,Daylight,TRAFFIC SIGNAL,NONE DETECTED,Yes,No Apparent Injury,N/A,UNKNOWN,DC,VAN,CHANGING LANES,35,No,2018,FORD,METRO ACCESS,39.03658783,-76.98933917,2023,1,16
230000770,Property Damage Crash,01/05/2023 04:20:00 PM,NEW HAMPSHIRE AVE,NA,SAME DIRECTION SIDESWIPE,Clear,DRY,Daylight,TRAFFIC SIGNAL,NONE DETECTED,No,No Apparent Injury,N/A,NOT DISTRACTED,MD,PASSENGER CAR,MOVING CONSTANT SPEED,35,No,2010,TOYT,CAMRY,39.03658783,-76.98933917,2023,1,16
230000759,Property Damage Crash,01/05/2023 03:34:00 PM,GRANDE VISTA DR,NA,SINGLE VEHICLE,Cloudy,DRY,Daylight,N/A,NONE DETECTED,Yes,No Apparent Injury,N/A,LOOKED BUT DID NOT SEE,MD,SCHOOL BUS,MOVING CONSTANT SPEED,20,No,2017,THOM,SB,39.12296338,-77.14547994,2023,1,15
230000743,Property Damage Crash,01/05/2023 03:30:00 PM,CALHOUN PLACE,NA,STRAIGHT MOVEMENT ANGLE,Clear,DRY,Daylight,STOP SIGN,NONE DETECTED,No,No Apparent Injury,N/A,UNKNOWN,MD,PASSENGER CAR,MAKING LEFT TURN,25,No,2017,CHEVROLET,MALIBU,39.107865,-77.148875,2023,1,15
230000743,Property Damage Crash,01/05/2023 03:30:00 PM,CALHOUN PLACE,NA,STRAIGHT MOVEMENT ANGLE,Clear,DRY,Daylight,STOP SIGN,NONE DETECTED,No,No Apparent Injury,N/A,UNKNOWN,MD,PASSENGER CAR,ACCELERATING,25,No,2016,FORD,C-MAX,39.107865,-77.148875,2023,1,15
230000744,Property Damage Crash,01/05/2023 03:25:00 PM,JONES BRIDGE RD,NA,SAME DIRECTION RIGHT TURN,Clear,DRY,Daylight,NO CONTROLS,NONE DETECTED,Yes,No Apparent Injury,N/A,UNKNOWN,IA,PASSENGER CAR,CHANGING LANES,35,No,2022,FORD,EDGE,39.0000883,-77.07777574,2023,1,15
230000744,Property Damage Crash,01/05/2023 03:25:00 PM,JONES BRIDGE RD,NA,SAME DIRECTION RIGHT TURN,Clear,DRY,Daylight,NO CONTROLS,NONE DETECTED,No,No Apparent Injury,N/A,NOT DISTRACTED,VA,(SPORT) UTILITY VEHICLE,MOVING CONSTANT SPEED,35,No,2018,CHEVROLET,SUBURBAN,39.0000883,-77.07777574,2023,1,15
230000746,Property Damage Crash,01/05/2023 03:15:00 PM,NA,NA,OTHER,Clear,NA,Daylight,NO CONTROLS,NONE DETECTED,No,No Apparent Injury,N/A,NOT DISTRACTED,MD,POLICE VEHICLE/NON EMERGENCY,STOPPED IN TRAFFIC LANE,5,No,2014,HONDA,PILOT,38.98731366,-76.98656637,2023,1,15
230000746,Property Damage Crash,01/05/2023 03:15:00 PM,NA,NA,OTHER,Clear,NA,Daylight,NO CONTROLS,NONE DETECTED,Yes,No Apparent Injury,N/A,NOT DISTRACTED,MD,PASSENGER CAR,ACCELERATING,5,No,2005,HONDA,TK,38.98731366,-76.98656637,2023,1,15
230000741,Property Damage Crash,01/05/2023 03:10:00 PM,E RANDOLPH RD,NA,SINGLE VEHICLE,Clear,DRY,Daylight,NO CONTROLS,NONE DETECTED,No,No Apparent Injury,N/A,LOOKED BUT DID NOT SEE,MD,PASSENGER CAR,MOVING CONSTANT SPEED,40,No,2023,SUBA,SD,39.06368667,-76.966415,2023,1,15
230000745,Property Damage Crash,01/05/2023 03:00:00 PM,WISCONSIN AVE,NA,SAME DIRECTION RIGHT TURN,Clear,DRY,Daylight,NO CONTROLS,NONE DETECTED,Yes,No Apparent Injury,N/A,LOOKED BUT DID NOT SEE,MD,PASSENGER CAR,CHANGING LANES,25,No,2019,VOLK,SD,38.98140711,-77.09281665,2023,1,15
230000745,Property Damage Crash,01/05/2023 03:00:00 PM,WISCONSIN AVE,NA,SAME DIRECTION RIGHT TURN,Clear,DRY,Daylight,NO CONTROLS,NONE DETECTED,Yes,No Apparent Injury,N/A,UNKNOWN,NA,PASSENGER CAR,CHANGING LANES,25,No,2020,VOLVO,XC90,38.98140711,-77.09281665,2023,1,15
230000738,Injury Crash,01/05/2023 02:57:00 PM,WISCONSIN AVE,NA,SAME DIR REAR END,Clear,DRY,Daylight,NO CONTROLS,NONE DETECTED,Yes,No Apparent Injury,N/A,NOT DISTRACTED,MD,PASSENGER CAR,SLOWING OR STOPPING,25,No,2013,HONDA,CRV,38.98594,-77.09311667,2023,1,14
230000738,Injury Crash,01/05/2023 02:57:00 PM,WISCONSIN AVE,NA,SAME DIR REAR END,Clear,DRY,Daylight,NO CONTROLS,NONE DETECTED,No,No Apparent Injury,N/A,NOT DISTRACTED,MD,PASSENGER CAR,SLOWING OR STOPPING,25,No,2021,TOYOTA,RAV4,38.98594,-77.09311667,2023,1,14
230000735,Injury Crash,01/05/2023 02:50:00 PM,RANDOLPH RD,NA,SAME DIR REAR END,Clear,DRY,Daylight,NO CONTROLS,NONE DETECTED,Yes,No Apparent Injury,N/A,INATTENTIVE OR LOST IN THOUGHT,MD,PASSENGER CAR,SLOWING OR STOPPING,35,No,2010,HONDA,CIVIC,39.05726737,-77.07470404,2023,1,14
230000735,Injury Crash,01/05/2023 02:50:00 PM,RANDOLPH RD,NA,SAME DIR REAR END,Clear,DRY,Daylight,NO CONTROLS,NONE DETECTED,No,Possible Minor Injury,N/A,NOT DISTRACTED,MD,PICKUP TRUCK,SLOWING OR STOPPING,35,No,2012,TOOTA,TACOMA,39.05726737,-77.07470404,2023,1,14
230000735,Injury Crash,01/05/2023 02:50:00 PM,RANDOLPH RD,NA,SAME DIR REAR END,Clear,DRY,Daylight,NO CONTROLS,NONE DETECTED,No,No Apparent Injury,N/A,NOT DISTRACTED,MD,(SPORT) UTILITY VEHICLE,SLOWING OR STOPPING,35,No,2012,TOYOTA,RAV 4,39.05726737,-77.07470404,2023,1,14
230000749,Injury Crash,01/05/2023 02:46:00 PM,S SUMMIT AVE,NA,SAME DIRECTION SIDESWIPE,Clear,DRY,Daylight,N/A,NONE DETECTED,No,No Apparent Injury,"BACKUP DUE TO REGULAR CONGESTION, N/A",NOT DISTRACTED,MD,(SPORT) UTILITY VEHICLE,SLOWING OR STOPPING,25,No,2022,TESLA,Y,39.14075767,-77.19365448,2023,1,14
230000749,Injury Crash,01/05/2023 02:46:00 PM,S SUMMIT AVE,NA,SAME DIRECTION SIDESWIPE,Clear,DRY,Daylight,N/A,NONE DETECTED,Yes,No Apparent Injury,"BACKUP DUE TO REGULAR CONGESTION, N/A",NOT DISTRACTED,NA,PICKUP TRUCK,BACKING,25,No,2018,FORD,TK,39.14075767,-77.19365448,2023,1,14
230000729,Property Damage Crash,01/05/2023 02:29:00 PM,HENDERSON CORNER RD,NA,STRAIGHT MOVEMENT ANGLE,Clear,DRY,Daylight,NO CONTROLS,NONE DETECTED,No,No Apparent Injury,N/A,NOT DISTRACTED,MD,VAN,MOVING CONSTANT SPEED,20,No,2006,TOYOTA,SIENNA,39.20224867,-77.24690065,2023,1,14
230000729,Property Damage Crash,01/05/2023 02:29:00 PM,HENDERSON CORNER RD,NA,STRAIGHT MOVEMENT ANGLE,Clear,DRY,Daylight,NO CONTROLS,NONE DETECTED,Yes,No Apparent Injury,N/A,LOOKED BUT DID NOT SEE,MD,(SPORT) UTILITY VEHICLE,MAKING LEFT TURN,20,No,2022,TESLA,MODEL Y,39.20224867,-77.24690065,2023,1,14
230001085,Property Damage Crash,01/05/2023 02:15:00 PM,NA,NA,OTHER,Clear,NA,Daylight,NO CONTROLS,NONE DETECTED,Yes,No Apparent Injury,N/A,UNKNOWN,NA,PASSENGER CAR,BACKING,0,No,2022,SUBARU,FORESTER,39.0631935,-77.253831,2023,1,14
230000736,Property Damage Crash,01/05/2023 02:06:00 PM,BEL PRE RD,NA,SAME DIR REAR END,Clear,DRY,Daylight,NO CONTROLS,NONE DETECTED,No,No Apparent Injury,N/A,NOT DISTRACTED,TX,PASSENGER CAR,SLOWING OR STOPPING,35,No,2010,HONDA,ACCORD,39.09085,-77.066785,2023,1,14
230000736,Property Damage Crash,01/05/2023 02:06:00 PM,BEL PRE RD,NA,SAME DIR REAR END,Clear,DRY,Daylight,NO CONTROLS,NONE DETECTED,Yes,No Apparent Injury,N/A,UNKNOWN,VA,(SPORT) UTILITY VEHICLE,CHANGING LANES,35,No,2012,FORD,ESCAPE,39.09085,-77.066785,2023,1,14
230000724,Property Damage Crash,01/05/2023 02:00:00 PM,WELLER RD,NA,SINGLE VEHICLE,Clear,DRY,Daylight,NO CONTROLS,NONE DETECTED,Yes,No Apparent Injury,N/A,UNKNOWN,MD,PASSENGER CAR,MAKING RIGHT TURN,25,No,2021,HYUNDAI,KONA,39.06691,-77.05904,2023,1,14