Local Case Number,ACRS Report Type,Crash Date/Time,Road Name,Related Non-Motorist,Collision Type,Weather,Surface Condition,Light,Traffic Control,Driver Substance Abuse,Driver At Fault,Injury Severity,Circumstance,Driver Distracted By,Drivers License State,Vehicle Body Type,Vehicle Movement,Speed Limit,Driverless Vehicle,Vehicle Year,Vehicle Make,Vehicle Model,Latitude,Longitude,Year,Month,Hour
230000711,Property Damage Crash,01/05/2023 12:58:00 PM,NA,NA,OTHER,Clear,NA,Daylight,N/A,NONE DETECTED,Yes,No Apparent Injury,N/A,UNKNOWN,XX,PASSENGER CAR,PARKING,5,No,2021,AUDI,S5,39.12370404,-77.16469045,2023,1,12
230000718,Property Damage Crash,01/05/2023 12:50:00 PM,NA,NA,OTHER,Clear,NA,Daylight,NO CONTROLS,NONE DETECTED,Yes,No Apparent Injury,N/A,UNKNOWN,NA,PASSENGER CAR,PARKING,5,No,2022,LEXUS,NX,39.04408337,-77.10595441,2023,1,12
230000718,Property Damage Crash,01/05/2023 12:50:00 PM,NA,NA,OTHER,Clear,NA,Daylight,NO CONTROLS,NONE DETECTED,No,No Apparent Injury,N/A,NOT DISTRACTED,MD,PASSENGER CAR,PARKED,5,No,2018,MERCEDES,4S,39.04408337,-77.10595441,2023,1,12
230000705,Property Damage Crash,01/05/2023 12:43:00 PM,RIDGE RD,NA,SAME DIR REAR END,Clear,DRY,Daylight,TRAFFIC SIGNAL,NONE DETECTED,Yes,No Apparent Injury,N/A,UNKNOWN,DC,PASSENGER CAR,SLOWING OR STOPPING,45,No,2013,MINI,COOPER,39.20254717,-77.25220517,2023,1,12
230000705,Property Damage Crash,01/05/2023 12:43:00 PM,RIDGE RD,NA,SAME DIR REAR END,Clear,DRY,Daylight,TRAFFIC SIGNAL,NONE DETECTED,No,No Apparent Injury,N/A,NOT DISTRACTED,MD,PASSENGER CAR,STOPPED IN TRAFFIC LANE,45,No,2010,TOYOTA,COROLLA,39.20254717,-77.25220517,2023,1,12
230000705,Property Damage Crash,01/05/2023 12:43:00 PM,RIDGE RD,NA,SAME DIR REAR END,Clear,DRY,Daylight,TRAFFIC SIGNAL,NONE DETECTED,No,No Apparent Injury,N/A,NOT DISTRACTED,MD,PASSENGER CAR,STOPPED IN TRAFFIC LANE,45,No,2009,TOYOTA,COROLLA,39.20254717,-77.25220517,2023,1,12
230000696,Injury Crash,01/05/2023 11:39:00 AM,GEORGIA AVE,PEDESTRIAN,OTHER,Clear,DRY,Daylight,NO CONTROLS,NONE DETECTED,No,No Apparent Injury,N/A,NOT DISTRACTED,MD,PASSENGER CAR,MOVING CONSTANT SPEED,35,No,2021,HONDA,ACCORD,39.07897383,-77.07310583,2023,1,11
230000682,Property Damage Crash,01/05/2023 10:21:00 AM,NA,NA,OTHER,Clear,NA,Daylight,NO CONTROLS,NONE DETECTED,Yes,No Apparent Injury,N/A,NOT DISTRACTED,PA,POLICE VEHICLE/NON EMERGENCY,BACKING,0,No,2016,FORD,TAURUS,38.9917,-77.097935,2023,1,10
230000680,Property Damage Crash,01/05/2023 10:00:00 AM,UNIVERSITY BLVD E,NA,OTHER,Cloudy,WET,Daylight,TRAFFIC SIGNAL,NONE DETECTED,Yes,No Apparent Injury,N/A,UNKNOWN,NA,NA,MOVING CONSTANT SPEED,35,No,0,UNKNOWN,UNKNOWN,39.01983145,-77.01340114,2023,1,10
230000680,Property Damage Crash,01/05/2023 10:00:00 AM,UNIVERSITY BLVD E,NA,OTHER,Cloudy,WET,Daylight,TRAFFIC SIGNAL,NONE DETECTED,No,No Apparent Injury,N/A,NOT DISTRACTED,MD,TRANSIT BUS,MAKING RIGHT TURN,35,No,2011,GILLIG,LOWFLOOR,39.01983145,-77.01340114,2023,1,10
220000673,Property Damage Crash,01/05/2023 09:40:00 AM,RANDOLPH RD,NA,OTHER,Cloudy,DRY,Daylight,TRAFFIC SIGNAL,NONE DETECTED,Yes,No Apparent Injury,N/A,UNKNOWN,MD,PASSENGER CAR,MOVING CONSTANT SPEED,35,No,2013,HYUNDAI,4S,39.05980501,-77.04649497,2023,1,9
220000673,Property Damage Crash,01/05/2023 09:40:00 AM,RANDOLPH RD,NA,OTHER,Cloudy,DRY,Daylight,TRAFFIC SIGNAL,NONE DETECTED,No,No Apparent Injury,N/A,NOT DISTRACTED,MD,PASSENGER CAR,MAKING LEFT TURN,35,No,2019,CADILLAC,4S,39.05980501,-77.04649497,2023,1,9
230000660,Property Damage Crash,01/05/2023 07:47:00 AM,ROCKVILLE PIKE,NA,SAME DIR REAR END,Clear,DRY,Daylight,NO CONTROLS,NONE DETECTED,Yes,No Apparent Injury,N/A,UNKNOWN,NA,PASSENGER CAR,ACCELERATING,35,No,2010,TOYOTA,COROLLA,39.01436608,-77.09969291,2023,1,7
230000660,Property Damage Crash,01/05/2023 07:47:00 AM,ROCKVILLE PIKE,NA,SAME DIR REAR END,Clear,DRY,Daylight,NO CONTROLS,NONE DETECTED,No,No Apparent Injury,N/A,NOT DISTRACTED,MD,VAN,STOPPED IN TRAFFIC LANE,35,No,2015,TOYOTA,SIENNA,39.01436608,-77.09969291,2023,1,7
230000657,Injury Crash,01/05/2023 07:32:00 AM,FREDERICK RD,NA,STRAIGHT MOVEMENT ANGLE,Clear,DRY,Medium,NO CONTROLS,NONE DETECTED,Yes,No Apparent Injury,N/A,NOT DISTRACTED,MD,PASSENGER CAR,MAKING LEFT TURN,30,No,2002,CHEV,TRAIL BLAZER,39.1459735,-77.20397497,2023,1,7
230000657,Injury Crash,01/05/2023 07:32:00 AM,FREDERICK RD,NA,STRAIGHT MOVEMENT ANGLE,Clear,DRY,Medium,NO CONTROLS,NONE DETECTED,No,Possible Minor Injury,N/A,NOT DISTRACTED,MD,PASSENGER CAR,MOVING CONSTANT SPEED,30,No,2019,NISS,KICKS,39.1459735,-77.20397497,2023,1,7
230000656,Property Damage Crash,01/05/2023 07:30:00 AM,COLESVILLE RD,NA,STRAIGHT MOVEMENT ANGLE,Clear,DRY,Daylight,TRAFFIC SIGNAL,NONE DETECTED,No,No Apparent Injury,N/A,NOT DISTRACTED,MD,FIRE VEHICLE/EMERGENCY,MOVING CONSTANT SPEED,30,No,2009,SPAR,TK,38.997325,-77.02728833,2023,1,7
230000656,Property Damage Crash,01/05/2023 07:30:00 AM,COLESVILLE RD,NA,STRAIGHT MOVEMENT ANGLE,Clear,DRY,Daylight,TRAFFIC SIGNAL,NONE DETECTED,Yes,No Apparent Injury,N/A,LOOKED BUT DID NOT SEE,MD,PASSENGER CAR,MOVING CONSTANT SPEED,30,No,2008,MERCEDES,GL450,38.997325,-77.02728833,2023,1,7
230000634,Property Damage Crash,01/04/2023 10:30:00 PM,GEORGIA AVE,NA,STRAIGHT MOVEMENT ANGLE,Clear,DRY,Medium,NO CONTROLS,NONE DETECTED,Yes,No Apparent Injury,N/A,NOT DISTRACTED,MD,PASSENGER CAR,MAKING LEFT TURN,45,No,2020,CADI,CTS,39.08509,-77.07851833,2023,1,22
230000634,Property Damage Crash,01/04/2023 10:30:00 PM,GEORGIA AVE,NA,STRAIGHT MOVEMENT ANGLE,Clear,DRY,Medium,NO CONTROLS,NONE DETECTED,No,No Apparent Injury,N/A,NOT DISTRACTED,MD,PASSENGER CAR,MOVING CONSTANT SPEED,45,No,2005,TOYOTA,AVA,39.08509,-77.07851833,2023,1,22
230000617,Property Damage Crash,01/04/2023 07:05:00 PM,16TH ST,NA,HEAD ON LEFT TURN,Clear,WET,Medium,TRAFFIC SIGNAL,NONE DETECTED,No,No Apparent Injury,"N/A, WET",NOT DISTRACTED,MD,PASSENGER CAR,MOVING CONSTANT SPEED,35,No,2022,TOYOTA,COROLLA,38.99474733,-77.03635,2023,1,19
230000617,Property Damage Crash,01/04/2023 07:05:00 PM,16TH ST,NA,HEAD ON LEFT TURN,Clear,WET,Medium,TRAFFIC SIGNAL,NONE DETECTED,Yes,No Apparent Injury,"N/A, WET",LOOKED BUT DID NOT SEE,MD,PASSENGER CAR,MAKING LEFT TURN,35,No,2010,KIA,TK,38.99474733,-77.03635,2023,1,19
230000609,Property Damage Crash,01/04/2023 06:30:00 PM,ROLLINS AVE,NA,OTHER,Clear,DRY,Medium,NO CONTROLS,NONE DETECTED,Yes,No Apparent Injury,N/A,INATTENTIVE OR LOST IN THOUGHT,MD,PASSENGER CAR,MOVING CONSTANT SPEED,30,No,2015,TOYT,UT,39.05872255,-77.12332035,2023,1,18
230000615,Property Damage Crash,01/04/2023 06:11:00 PM,NA,NA,STRAIGHT MOVEMENT ANGLE,Clear,NA,Dark,N/A,NONE DETECTED,Yes,No Apparent Injury,N/A,NOT DISTRACTED,MD,PASSENGER CAR,PARKING,5,No,1998,BUIC,LESABRE,39.18522167,-77.189055,2023,1,18
230000615,Property Damage Crash,01/04/2023 06:11:00 PM,NA,NA,STRAIGHT MOVEMENT ANGLE,Clear,NA,Dark,N/A,NONE DETECTED,No,No Apparent Injury,N/A,NOT DISTRACTED,PA,PASSENGER CAR,MOVING CONSTANT SPEED,5,No,2013,TOYT,TK,39.18522167,-77.189055,2023,1,18
230000586,Injury Crash,01/04/2023 05:05:00 PM,TOM FOX AVE,PEDESTRIAN,SINGLE VEHICLE,Cloudy,WET,Medium,STOP SIGN,NONE DETECTED,Yes,No Apparent Injury,"N/A, WET",NOT DISTRACTED,MD,PICKUP TRUCK,MAKING LEFT TURN,30,No,2014,FORD,TK,39.1351178,-77.403698,2023,1,17
230000567,Injury Crash,01/04/2023 04:04:00 PM,PINEY BRANCH RD,NA,STRAIGHT MOVEMENT ANGLE,Clear,DRY,Daylight,N/A,NONE DETECTED,Yes,Possible Minor Injury,N/A,NOT DISTRACTED,MD,PASSENGER CAR,MAKING LEFT TURN,40,No,2015,HONDA,ODYSSEY,38.99972017,-76.99378017,2023,1,16
230000567,Injury Crash,01/04/2023 04:04:00 PM,PINEY BRANCH RD,NA,STRAIGHT MOVEMENT ANGLE,Clear,DRY,Daylight,N/A,NONE DETECTED,No,No Apparent Injury,N/A,NOT DISTRACTED,MD,(SPORT) UTILITY VEHICLE,MOVING CONSTANT SPEED,40,No,2014,ACURA,MDX,38.99972017,-76.99378017,2023,1,16
230000547,Property Damage Crash,01/04/2023 02:05:00 PM,GAITHER RD,NA,HEAD ON LEFT TURN,Cloudy,WET,Daylight,N/A,NONE DETECTED,No,No Apparent Injury,N/A,NOT DISTRACTED,MD,PASSENGER CAR,MOVING CONSTANT SPEED,30,No,2000,NISSAN,TK,39.17661783,-77.269627,2023,1,14
230000547,Property Damage Crash,01/04/2023 02:05:00 PM,GAITHER RD,NA,HEAD ON LEFT TURN,Cloudy,WET,Daylight,N/A,NONE DETECTED,Yes,No Apparent Injury,N/A,NOT DISTRACTED,MD,PASSENGER CAR,MAKING LEFT TURN,30,No,2020,GMC,PK,39.17661783,-77.269627,2023,1,14
230000521,Property Damage Crash,01/04/2023 12:17:00 PM,E GUDE DR,NA,SAME DIR REAR END,Cloudy,WET,Daylight,TRAFFIC SIGNAL,NONE DETECTED,No,No Apparent Injury,N/A,NOT DISTRACTED,VA,VAN,SLOWING OR STOPPING,40,No,2018,CHEVY,EXPRESS G350,39.10653333,-77.151655,2023,1,12
230000521,Property Damage Crash,01/04/2023 12:17:00 PM,E GUDE DR,NA,SAME DIR REAR END,Cloudy,WET,Daylight,TRAFFIC SIGNAL,NONE DETECTED,Yes,No Apparent Injury,N/A,NOT DISTRACTED,MD,VAN,MOVING CONSTANT SPEED,40,No,2007,GMC,TK,39.10653333,-77.151655,2023,1,12
230000491,Property Damage Crash,01/04/2023 10:03:00 AM,VEIRS MILL RD,NA,STRAIGHT MOVEMENT ANGLE,Cloudy,WET,Daylight,TRAFFIC SIGNAL,NONE DETECTED,No,No Apparent Injury,N/A,NOT DISTRACTED,MD,PASSENGER CAR,STARTING FROM LANE,25,No,2022,GENESIS,SD,39.04513703,-77.06494259,2023,1,10
230000491,Property Damage Crash,01/04/2023 10:03:00 AM,VEIRS MILL RD,NA,STRAIGHT MOVEMENT ANGLE,Cloudy,WET,Daylight,TRAFFIC SIGNAL,NONE DETECTED,Yes,No Apparent Injury,N/A,NOT DISTRACTED,MD,PASSENGER CAR,MOVING CONSTANT SPEED,35,No,2009,HONDA,CIVIC,39.04513703,-77.06494259,2023,1,10
230000489,Injury Crash,01/04/2023 09:43:00 AM,NORBECK RD,NA,SAME DIR REND LEFT TURN,Clear,DRY,Daylight,TRAFFIC SIGNAL,NONE DETECTED,Yes,No Apparent Injury,N/A,UNKNOWN,MD,PASSENGER CAR,MOVING CONSTANT SPEED,50,No,2004,TOYOTA,CAMRY,39.090055,-77.12928117,2023,1,9
230000489,Injury Crash,01/04/2023 09:43:00 AM,NORBECK RD,NA,SAME DIR REND LEFT TURN,Clear,DRY,Daylight,TRAFFIC SIGNAL,NONE DETECTED,No,Possible Minor Injury,N/A,NOT DISTRACTED,MD,PASSENGER CAR,MOVING CONSTANT SPEED,50,No,2008,MAZDA,3,39.090055,-77.12928117,2023,1,9
230000488,Property Damage Crash,01/04/2023 09:30:00 AM,NA,NA,SINGLE VEHICLE,Cloudy,NA,Daylight,N/A,NONE DETECTED,Yes,No Apparent Injury,N/A,LOOKED BUT DID NOT SEE,MD,SCHOOL BUS,MOVING CONSTANT SPEED,15,No,2020,THMS,BU,39.1498,-77.21151167,2023,1,9
230000477,Property Damage Crash,01/04/2023 08:38:00 AM,COLESVILLE RD,NA,SAME DIRECTION LEFT TURN,Clear,DRY,Daylight,TRAFFIC SIGNAL,NONE DETECTED,Yes,No Apparent Injury,N/A,LOOKED BUT DID NOT SEE,FL,(SPORT) UTILITY VEHICLE,MAKING LEFT TURN,35,No,2021,BMW,X301,39.0052293,-77.02289662,2023,1,8
230000477,Property Damage Crash,01/04/2023 08:38:00 AM,COLESVILLE RD,NA,SAME DIRECTION LEFT TURN,Clear,DRY,Daylight,TRAFFIC SIGNAL,NONE DETECTED,No,No Apparent Injury,N/A,NOT DISTRACTED,DC,(SPORT) UTILITY VEHICLE,MOVING CONSTANT SPEED,35,No,2013,DODGE,PV,39.0052293,-77.02289662,2023,1,8
220057650,Injury Crash,01/04/2023 07:59:00 AM,FERRARA DR,NA,OTHER,Clear,DRY,Daylight,STOP SIGN,NONE DETECTED,Yes,No Apparent Injury,N/A,UNKNOWN,MD,PASSENGER CAR,MAKING RIGHT TURN,25,No,2010,TOYOTA,2S,39.05247961,-77.07932903,2023,1,7
220057650,Injury Crash,01/04/2023 07:59:00 AM,FERRARA DR,NA,OTHER,Clear,DRY,Daylight,STOP SIGN,NONE DETECTED,No,Possible Minor Injury,N/A,NOT DISTRACTED,MD,(SPORT) UTILITY VEHICLE,MOVING CONSTANT SPEED,25,No,2003,MITSUBISHI,TK,39.05247961,-77.07932903,2023,1,7
230000467,Property Damage Crash,01/04/2023 07:49:00 AM,PINEY BRANCH RD,NA,STRAIGHT MOVEMENT ANGLE,Cloudy,WET,Daylight,NO CONTROLS,NONE DETECTED,Yes,No Apparent Injury,N/A,LOOKED BUT DID NOT SEE,MD,PASSENGER CAR,MAKING LEFT TURN,35,No,2008,SUBARU,IMPREZZA,38.99972424,-76.99471306,2023,1,7
230000467,Property Damage Crash,01/04/2023 07:49:00 AM,PINEY BRANCH RD,NA,STRAIGHT MOVEMENT ANGLE,Cloudy,WET,Daylight,NO CONTROLS,NONE DETECTED,No,No Apparent Injury,N/A,NOT DISTRACTED,MD,PASSENGER CAR,MOVING CONSTANT SPEED,35,No,2021,HYUNDAI,SONATA,38.99972424,-76.99471306,2023,1,7
230000465,Property Damage Crash,01/04/2023 07:25:00 AM,OLD GEORGETOWN RD,NA,SAME DIR REAR END,Clear,DRY,Medium,NO CONTROLS,NONE DETECTED,Yes,No Apparent Injury,N/A,UNKNOWN,XX,PICKUP TRUCK,STOPPED IN TRAFFIC LANE,35,No,2019,FORD,F250,39.02617783,-77.12687983,2023,1,7
230000465,Property Damage Crash,01/04/2023 07:25:00 AM,OLD GEORGETOWN RD,NA,SAME DIR REAR END,Clear,DRY,Medium,NO CONTROLS,NONE DETECTED,Yes,No Apparent Injury,N/A,UNKNOWN,MD,(SPORT) UTILITY VEHICLE,MOVING CONSTANT SPEED,35,No,2011,JEEP,GRAND CHEROKEE,39.02617783,-77.12687983,2023,1,7
230000460,Property Damage Crash,01/04/2023 06:40:00 AM,MONTGOMERY VILLAGE AVE,NA,SAME DIRECTION SIDESWIPE,Clear,WET,Medium,N/A,NONE DETECTED,Yes,No Apparent Injury,N/A,UNKNOWN,MD,PASSENGER CAR,MOVING CONSTANT SPEED,35,No,2012,HONDA,CIVIC,39.16102752,-77.20206825,2023,1,6
230000460,Property Damage Crash,01/04/2023 06:40:00 AM,MONTGOMERY VILLAGE AVE,NA,SAME DIRECTION SIDESWIPE,Clear,WET,Medium,N/A,NONE DETECTED,No,No Apparent Injury,N/A,NOT DISTRACTED,MD,PICKUP TRUCK,MOVING CONSTANT SPEED,35,No,2006,CHEVY,TK,39.16102752,-77.20206825,2023,1,6
230000456,Injury Crash,01/04/2023 05:27:00 AM,OLD GEORGETOWN RD,NA,SAME DIR REAR END,Clear,WET,Medium,NO CONTROLS,NONE DETECTED,No,No Apparent Injury,"N/A, WET",NOT DISTRACTED,MD,VAN,SLOWING OR STOPPING,30,No,2006,TOYOTA,SIENNA,39.03111133,-77.12663133,2023,1,5
230000456,Injury Crash,01/04/2023 05:27:00 AM,OLD GEORGETOWN RD,NA,SAME DIR REAR END,Clear,WET,Medium,NO CONTROLS,NONE DETECTED,Yes,No Apparent Injury,"N/A, WET",NOT DISTRACTED,PA,(SPORT) UTILITY VEHICLE,SLOWING OR STOPPING,30,No,2020,CHEVROLET,EQUINOX,39.03111133,-77.12663133,2023,1,5
230000445,Property Damage Crash,01/03/2023 11:57:00 PM,RANDOLPH RD,NA,SINGLE VEHICLE,Clear,DRY,Medium,FLASHING TRAFFIC SIGNAL,ALCOHOL PRESENT,Yes,No Apparent Injury,N/A,UNKNOWN,MD,PASSENGER CAR,MOVING CONSTANT SPEED,35,No,2007,FORD,FOCUS,39.0595979,-77.06176814,2023,1,23
230000429,Injury Crash,01/03/2023 09:25:00 PM,MUNCASTER MILL RD,NA,SAME DIR REAR END,Rain,WET,Medium,NO CONTROLS,NONE DETECTED,Yes,No Apparent Injury,"RAIN, SNOW, WET",UNKNOWN,MD,PASSENGER CAR,SLOWING OR STOPPING,35,No,2019,HONDA,CIVIC,39.12428333,-77.115515,2023,1,21
230000429,Injury Crash,01/03/2023 09:25:00 PM,MUNCASTER MILL RD,NA,SAME DIR REAR END,Rain,WET,Medium,NO CONTROLS,NONE DETECTED,No,Possible Minor Injury,"RAIN, SNOW, WET",NOT DISTRACTED,MD,PASSENGER CAR,MOVING CONSTANT SPEED,35,No,2020,JEEP,WRANGLER,39.12428333,-77.115515,2023,1,21
230000429,Injury Crash,01/03/2023 09:25:00 PM,MUNCASTER MILL RD,NA,SAME DIR REAR END,Rain,WET,Medium,NO CONTROLS,NONE DETECTED,No,No Apparent Injury,"RAIN, SNOW, WET",NOT DISTRACTED,MD,(SPORT) UTILITY VEHICLE,MAKING LEFT TURN,35,No,2018,TOYOTA,HIGHLANDER,39.12428333,-77.115515,2023,1,21
230000405,Property Damage Crash,01/03/2023 07:59:00 PM,GEORGIA AVE,NA,SAME DIRECTION SIDESWIPE,Clear,WET,Medium,N/A,NONE DETECTED,Yes,No Apparent Injury,"N/A, WET",LOOKED BUT DID NOT SEE,MD,PASSENGER CAR,MOVING CONSTANT SPEED,30,No,2012,HOND,4S,39.15121629,-77.06687433,2023,1,19
230000405,Property Damage Crash,01/03/2023 07:59:00 PM,GEORGIA AVE,NA,SAME DIRECTION SIDESWIPE,Clear,WET,Medium,N/A,NONE DETECTED,No,No Apparent Injury,"N/A, WET",NOT DISTRACTED,MD,PASSENGER CAR,MOVING CONSTANT SPEED,30,No,2015,KIA,SPORTAGE,39.15121629,-77.06687433,2023,1,19
230002561,Property Damage Crash,01/03/2023 07:30:00 PM,MAPLE AVE,NA,SAME DIRECTION LEFT TURN,Clear,DRY,Medium,N/A,NONE DETECTED,No,No Apparent Injury,N/A,NOT DISTRACTED,MD,AMBULANCE/EMERGENCY,MOVING CONSTANT SPEED,15,No,2002,CDI,DEVILLE,38.98101715,-77.01033378,2023,1,19
230002561,Property Damage Crash,01/03/2023 07:30:00 PM,MAPLE AVE,NA,SAME DIRECTION LEFT TURN,Clear,DRY,Medium,N/A,NONE DETECTED,Yes,No Apparent Injury,N/A,UNKNOWN,NA,NA,MOVING CONSTANT SPEED,15,No,0,UNKNOWN,UNKNOWN,38.98101715,-77.01033378,2023,1,19
220000397,Property Damage Crash,01/03/2023 06:52:00 PM,GOLDSTONE CT,NA,HEAD ON,Cloudy,WET,Medium,NO CONTROLS,NONE DETECTED,Yes,No Apparent Injury,"RAIN, SNOW, WET",INATTENTIVE OR LOST IN THOUGHT,MD,PASSENGER CAR,SLOWING OR STOPPING,15,No,2011,TOYOTA,HIGHLANDER,39.06693333,-76.97020333,2023,1,18
230000395,Injury Crash,01/03/2023 06:45:00 PM,ROCKVILLE PIKE,PEDESTRIAN,OTHER,Clear,WET,Medium,TRAFFIC SIGNAL,NONE DETECTED,Yes,No Apparent Injury,N/A,LOOKED BUT DID NOT SEE,MD,PASSENGER CAR,MAKING RIGHT TURN,15,No,2021,HYUN,ELANTRA,39.05739905,-77.12037172,2023,1,18
230000384,Property Damage Crash,01/03/2023 05:42:00 PM,RANDOLPH RD,NA,SAME DIR REAR END,Cloudy,DRY,Medium,NO CONTROLS,NONE DETECTED,Yes,No Apparent Injury,N/A,NOT DISTRACTED,MD,PASSENGER CAR,SLOWING OR STOPPING,40,No,2006,TOYOTA,PRIUS,39.06839833,-77.01575167,2023,1,17
230000384,Property Damage Crash,01/03/2023 05:42:00 PM,RANDOLPH RD,NA,SAME DIR REAR END,Cloudy,DRY,Medium,NO CONTROLS,NONE DETECTED,No,No Apparent Injury,N/A,NOT DISTRACTED,MD,STATION WAGON,STOPPED IN TRAFFIC LANE,40,No,2013,TOYT,RAV4,39.06839833,-77.01575167,2023,1,17
230000381,Injury Crash,01/03/2023 05:31:00 PM,SHADY GROVE RD,NA,SAME DIR REAR END,Clear,WET,Dark,NO CONTROLS,NONE DETECTED,Yes,Possible Minor Injury,"BACKUP DUE TO REGULAR CONGESTION, N/A",UNKNOWN,MD,PASSENGER CAR,MOVING CONSTANT SPEED,45,No,2014,VOLK,GLI,39.13627,-77.155455,2023,1,17
230000381,Injury Crash,01/03/2023 05:31:00 PM,SHADY GROVE RD,NA,SAME DIR REAR END,Clear,WET,Dark,NO CONTROLS,NONE DETECTED,No,Possible Minor Injury,"BACKUP DUE TO REGULAR CONGESTION, N/A",UNKNOWN,MD,PASSENGER CAR,STOPPED IN TRAFFIC LANE,45,No,2015,TOYOTA,CAMRY,39.13627,-77.155455,2023,1,17
230000382,Property Damage Crash,01/03/2023 05:22:00 PM,MUNCASTER MILL RD,NA,SAME DIR REAR END,Clear,WET,Dark,TRAFFIC SIGNAL,NONE DETECTED,Yes,No Apparent Injury,"N/A, WET",NOT DISTRACTED,MD,PASSENGER CAR,ACCELERATING,45,No,2009,HONDA,ACCORD,39.116627,-77.09988817,2023,1,17
230000382,Property Damage Crash,01/03/2023 05:22:00 PM,MUNCASTER MILL RD,NA,SAME DIR REAR END,Clear,WET,Dark,TRAFFIC SIGNAL,NONE DETECTED,No,No Apparent Injury,"N/A, WET",NOT DISTRACTED,MD,PASSENGER CAR,STOPPED IN TRAFFIC LANE,45,No,2016,TOYOTA,COROLLA,39.116627,-77.09988817,2023,1,17
230000382,Property Damage Crash,01/03/2023 05:22:00 PM,MUNCASTER MILL RD,NA,SAME DIR REAR END,Clear,WET,Dark,TRAFFIC SIGNAL,NONE DETECTED,No,No Apparent Injury,"N/A, WET",NOT DISTRACTED,MD,PASSENGER CAR,STOPPED IN TRAFFIC LANE,45,No,2011,HYUNDAI,ELANTRA,39.116627,-77.09988817,2023,1,17
230000362,Property Damage Crash,01/03/2023 03:50:00 PM,ROCKVILLE PIKE,NA,SAME DIR REAR END,Clear,DRY,Daylight,TRAFFIC SIGNAL,NONE DETECTED,Yes,No Apparent Injury,N/A,UNKNOWN,CO,PICKUP TRUCK,MOVING CONSTANT SPEED,35,No,2005,FORD,F150,38.99725233,-77.096552,2023,1,15
230000362,Property Damage Crash,01/03/2023 03:50:00 PM,ROCKVILLE PIKE,NA,SAME DIR REAR END,Clear,DRY,Daylight,TRAFFIC SIGNAL,NONE DETECTED,No,No Apparent Injury,N/A,UNKNOWN,MD,PASSENGER CAR,SLOWING OR STOPPING,35,No,2017,AUDI,Q5,38.99725233,-77.096552,2023,1,15
230000359,Property Damage Crash,01/03/2023 03:48:00 PM,BEACH DR,NA,OTHER,Clear,DRY,Daylight,TRAFFIC SIGNAL,NONE DETECTED,Yes,No Apparent Injury,N/A,LOOKED BUT DID NOT SEE,MD,PASSENGER CAR,MAKING LEFT TURN,30,No,2008,TOYT,MATRIX,38.993275,-77.06368833,2023,1,15
230000359,Property Damage Crash,01/03/2023 03:48:00 PM,BEACH DR,NA,OTHER,Clear,DRY,Daylight,TRAFFIC SIGNAL,NONE DETECTED,No,No Apparent Injury,N/A,NOT DISTRACTED,DC,PASSENGER CAR,MOVING CONSTANT SPEED,30,No,2019,FORD,FUSION,38.993275,-77.06368833,2023,1,15
230000350,Property Damage Crash,01/03/2023 03:15:00 PM,GOLDENROD LA,NA,SINGLE VEHICLE,Clear,DRY,Daylight,N/A,NONE DETECTED,Yes,No Apparent Injury,N/A,NOT DISTRACTED,MD,(SPORT) UTILITY VEHICLE,MOVING CONSTANT SPEED,30,No,2012,LEXUS,RX450,39.18429227,-77.248089,2023,1,15
230000346,Injury Crash,01/03/2023 02:35:00 PM,MONTROSE RD,NA,STRAIGHT MOVEMENT ANGLE,Cloudy,WET,Daylight,TRAFFIC SIGNAL,NONE DETECTED,No,No Apparent Injury,"N/A, WET",NOT DISTRACTED,TX,TRUCK TRACTOR,MOVING CONSTANT SPEED,40,No,2019,PETERBUILT,567,39.0557885,-77.149963,2023,1,14
230000346,Injury Crash,01/03/2023 02:35:00 PM,MONTROSE RD,NA,STRAIGHT MOVEMENT ANGLE,Cloudy,WET,Daylight,TRAFFIC SIGNAL,NONE DETECTED,Yes,Possible Minor Injury,"N/A, WET",LOOKED BUT DID NOT SEE,MD,(SPORT) UTILITY VEHICLE,MAKING LEFT TURN,40,No,2020,CADI,XT4,39.0557885,-77.149963,2023,1,14
230000338,Property Damage Crash,01/03/2023 02:30:00 PM,WESTLAKE TERR,NA,HEAD ON LEFT TURN,Clear,DRY,Daylight,TRAFFIC SIGNAL,NONE DETECTED,Yes,No Apparent Injury,N/A,NOT DISTRACTED,MD,PASSENGER CAR,STARTING FROM LANE,30,No,2015,FORD,F150,39.02656667,-77.14194333,2023,1,14
230000338,Property Damage Crash,01/03/2023 02:30:00 PM,WESTLAKE TERR,NA,HEAD ON LEFT TURN,Clear,DRY,Daylight,TRAFFIC SIGNAL,NONE DETECTED,No,No Apparent Injury,N/A,NOT DISTRACTED,MD,PASSENGER CAR,MOVING CONSTANT SPEED,30,No,2017,SUBA,WG,39.02656667,-77.14194333,2023,1,14
230000340,Property Damage Crash,01/03/2023 02:15:00 PM,NA,NA,HEAD ON,Clear,NA,Daylight,NO CONTROLS,NONE DETECTED,No,No Apparent Injury,N/A,NOT DISTRACTED,MD,PASSENGER CAR,BACKING,15,No,2003,TOYOTA,4RUNNER,39.04599833,-76.990705,2023,1,14
230000340,Property Damage Crash,01/03/2023 02:15:00 PM,NA,NA,HEAD ON,Clear,NA,Daylight,NO CONTROLS,NONE DETECTED,Yes,No Apparent Injury,N/A,UNKNOWN,NA,PICKUP TRUCK,BACKING,15,No,2020,CHEVROLET,SILVERADO,39.04599833,-76.990705,2023,1,14
230001353,Property Damage Crash,01/03/2023 02:06:00 PM,NA,NA,OTHER,Clear,NA,Daylight,NO CONTROLS,NONE DETECTED,Yes,No Apparent Injury,N/A,UNKNOWN,NA,NA,STARTING FROM PARKED,5,No,0,UNKNOWN,UNKNOWN,39.18106667,-77.177715,2023,1,14
230000312,Property Damage Crash,01/03/2023 12:14:00 PM,NA,NA,SINGLE VEHICLE,Rain,NA,Daylight,N/A,NONE DETECTED,Yes,No Apparent Injury,"N/A, WET",LOOKED BUT DID NOT SEE,MD,SCHOOL BUS,BACKING,25,No,2014,THOMAS BUS,CONV-MSDE-C-8,39.19324333,-77.19283333,2023,1,12
230000494,Property Damage Crash,01/03/2023 09:30:00 AM,RAMP 9 FR IS 370 EB TO SHADY GROVE RD,NA,SAME DIR BOTH LEFT TURN,Cloudy,WET,Daylight,TRAFFIC SIGNAL,NONE DETECTED,Yes,No Apparent Injury,N/A,UNKNOWN,NA,(SPORT) UTILITY VEHICLE,MAKING LEFT TURN,25,No,2017,INFINITY,QX70,39.12061971,-77.18040167,2023,1,9
230000494,Property Damage Crash,01/03/2023 09:30:00 AM,RAMP 9 FR IS 370 EB TO SHADY GROVE RD,NA,SAME DIR BOTH LEFT TURN,Cloudy,WET,Daylight,TRAFFIC SIGNAL,NONE DETECTED,No,No Apparent Injury,N/A,NOT DISTRACTED,MD,PASSENGER CAR,MAKING LEFT TURN,25,No,2018,TOYT,4S,39.12061971,-77.18040167,2023,1,9
230000284,Property Damage Crash,01/03/2023 09:08:00 AM,OLD GEORGETOWN RD,NA,SAME DIR REAR END,Rain,WET,Daylight,NO CONTROLS,NONE DETECTED,No,No Apparent Injury,N/A,NOT DISTRACTED,MD,SCHOOL BUS,SLOWING OR STOPPING,40,No,2022,FRHT,SB,39.03592,-77.12437833,2023,1,9