Local Case Number,ACRS Report Type,Crash Date/Time,Road Name,Related Non-Motorist,Collision Type,Weather,Surface Condition,Light,Traffic Control,Driver Substance Abuse,Driver At Fault,Injury Severity,Circumstance,Driver Distracted By,Drivers License State,Vehicle Body Type,Vehicle Movement,Speed Limit,Driverless Vehicle,Vehicle Year,Vehicle Make,Vehicle Model,Latitude,Longitude,Year,Month,Hour
230000284,Property Damage Crash,01/03/2023 09:08:00 AM,OLD GEORGETOWN RD,NA,SAME DIR REAR END,Rain,WET,Daylight,NO CONTROLS,NONE DETECTED,Yes,No Apparent Injury,N/A,LOOKED BUT DID NOT SEE,MD,VAN,CHANGING LANES,40,No,2022,CHRY,PV,39.03592,-77.12437833,2023,1,9
230000277,Injury Crash,01/03/2023 09:00:00 AM,CHERRY HILL RD,NA,SAME DIRECTION SIDESWIPE,Clear,DRY,Daylight,NO CONTROLS,NONE DETECTED,No,No Apparent Injury,N/A,NOT DISTRACTED,DC,PASSENGER CAR,MOVING CONSTANT SPEED,40,No,2016,TOYOTA,PRIUS,39.04798,-76.952315,2023,1,9
230000277,Injury Crash,01/03/2023 09:00:00 AM,CHERRY HILL RD,NA,SAME DIRECTION SIDESWIPE,Clear,DRY,Daylight,NO CONTROLS,NONE DETECTED,No,No Apparent Injury,N/A,NOT DISTRACTED,MD,PASSENGER CAR,MOVING CONSTANT SPEED,40,No,2008,NISSIAN,ALTIMA,39.04798,-76.952315,2023,1,9
230000277,Injury Crash,01/03/2023 09:00:00 AM,CHERRY HILL RD,NA,SAME DIRECTION SIDESWIPE,Clear,DRY,Daylight,NO CONTROLS,DRUG PRESENT,Yes,Possible Minor Injury,N/A,UNKNOWN,MD,PASSENGER CAR,MOVING CONSTANT SPEED,40,No,2019,HONDA,ACCORD,39.04798,-76.952315,2023,1,9
230000268,Property Damage Crash,01/03/2023 07:40:00 AM,RIDGE RD,NA,SINGLE VEHICLE,Cloudy,DRY,Daylight,NO CONTROLS,NONE DETECTED,Yes,No Apparent Injury,N/A,UNKNOWN,MD,PASSENGER CAR,MOVING CONSTANT SPEED,40,No,2007,FORD,EXPLORER,39.25815833,-77.22480333,2023,1,7
230000266,Property Damage Crash,01/03/2023 07:07:00 AM,WISCONSIN AVE,NA,SAME DIRECTION SIDESWIPE,Clear,DRY,Medium,NO CONTROLS,NONE DETECTED,No,No Apparent Injury,N/A,NOT DISTRACTED,MD,PASSENGER CAR,MOVING CONSTANT SPEED,25,No,2016,HOND,ACCORD,38.97848,-77.09151833,2023,1,7
230000266,Property Damage Crash,01/03/2023 07:07:00 AM,WISCONSIN AVE,NA,SAME DIRECTION SIDESWIPE,Clear,DRY,Medium,NO CONTROLS,NONE DETECTED,Yes,No Apparent Injury,N/A,UNKNOWN,NA,PASSENGER CAR,CHANGING LANES,25,No,1999,HONDA,4D,38.97848,-77.09151833,2023,1,7
230000269,Property Damage Crash,01/03/2023 06:50:00 AM,ROCKVILLE PIKE,NA,OTHER,Clear,DRY,Medium,NO CONTROLS,NONE DETECTED,Yes,No Apparent Injury,N/A,UNKNOWN,MD,PASSENGER CAR,CHANGING LANES,40,No,2020,TOYOTA,COROLLA,39.06382549,-77.1257499,2023,1,6
230000269,Property Damage Crash,01/03/2023 06:50:00 AM,ROCKVILLE PIKE,NA,OTHER,Clear,DRY,Medium,NO CONTROLS,NONE DETECTED,No,No Apparent Injury,N/A,NOT DISTRACTED,MD,PASSENGER CAR,OTHER,40,No,2009,FORD,FOCUS,39.06382549,-77.1257499,2023,1,6
230000265,Property Damage Crash,01/03/2023 06:15:00 AM,CONNECTICUT AVE,NA,SAME DIR REAR END,Clear,DRY,Medium,NO CONTROLS,NONE DETECTED,No,No Apparent Injury,N/A,NOT DISTRACTED,MD,PASSENGER CAR,STOPPED IN TRAFFIC LANE,40,No,2018,FORD,4S,39.04914283,-77.0754975,2023,1,6
230000265,Property Damage Crash,01/03/2023 06:15:00 AM,CONNECTICUT AVE,NA,SAME DIR REAR END,Clear,DRY,Medium,NO CONTROLS,NONE DETECTED,Yes,No Apparent Injury,N/A,INATTENTIVE OR LOST IN THOUGHT,MD,PASSENGER CAR,MOVING CONSTANT SPEED,40,No,2007,PONTIAC,GRAND PRIX,39.04914283,-77.0754975,2023,1,6
230000265,Property Damage Crash,01/03/2023 06:15:00 AM,CONNECTICUT AVE,NA,SAME DIR REAR END,Clear,DRY,Medium,NO CONTROLS,NONE DETECTED,No,No Apparent Injury,N/A,NOT DISTRACTED,MD,PASSENGER CAR,SLOWING OR STOPPING,40,No,2017,NISSAN,SENTRA,39.04914283,-77.0754975,2023,1,6
230000230,Property Damage Crash,01/02/2023 07:45:00 PM,ROCKVILLE PIKE,NA,STRAIGHT MOVEMENT ANGLE,Cloudy,DRY,Medium,TRAFFIC SIGNAL,NONE DETECTED,No,No Apparent Injury,N/A,NOT DISTRACTED,MD,PASSENGER CAR,MOVING CONSTANT SPEED,25,No,2014,HONDA,CIVIC,39.07431693,-77.1357051,2023,1,19
230000230,Property Damage Crash,01/02/2023 07:45:00 PM,ROCKVILLE PIKE,NA,STRAIGHT MOVEMENT ANGLE,Cloudy,DRY,Medium,TRAFFIC SIGNAL,NONE DETECTED,Yes,No Apparent Injury,N/A,LOOKED BUT DID NOT SEE,MD,PASSENGER CAR,MAKING LEFT TURN,25,No,2021,TOYT,SD,39.07431693,-77.1357051,2023,1,19
230000223,Property Damage Crash,01/02/2023 06:35:00 PM,FENTON ST,NA,SAME DIRECTION SIDESWIPE,Clear,DRY,Medium,TRAFFIC SIGNAL,NONE DETECTED,No,No Apparent Injury,N/A,NOT DISTRACTED,MD,TRANSIT BUS,STARTING FROM PARKED,25,No,2020,GILG,BU,38.99405217,-77.0242165,2023,1,18
230000223,Property Damage Crash,01/02/2023 06:35:00 PM,FENTON ST,NA,SAME DIRECTION SIDESWIPE,Clear,DRY,Medium,TRAFFIC SIGNAL,NONE DETECTED,Yes,No Apparent Injury,N/A,NOT DISTRACTED,PA,PASSENGER CAR,STARTING FROM PARKED,25,No,2021,SUBARU,SW,38.99405217,-77.0242165,2023,1,18
230000205,Property Damage Crash,01/02/2023 04:55:00 PM,NA,NA,SINGLE VEHICLE,Clear,NA,Daylight,NO CONTROLS,NONE DETECTED,Yes,No Apparent Injury,N/A,LOOKED BUT DID NOT SEE,MD,POLICE VEHICLE/NON EMERGENCY,BACKING,10,No,2014,DODGE,CHARGER,39.15329014,-77.19894862,2023,1,16
230000201,Property Damage Crash,01/02/2023 04:15:00 PM,NA,NA,OTHER,Clear,NA,Daylight,N/A,NONE DETECTED,Yes,No Apparent Injury,N/A,NOT DISTRACTED,NA,PASSENGER CAR,BACKING,10,No,0,HONDA,ACCORD,38.99309237,-77.02807393,2023,1,16
230000235,Property Damage Crash,01/02/2023 03:24:00 PM,NA,NA,SAME DIR REAR END,Clear,NA,Daylight,NO CONTROLS,NONE DETECTED,Yes,No Apparent Injury,N/A,UNKNOWN,NA,PASSENGER CAR,SLOWING OR STOPPING,5,No,2012,LINCOLN,NAVIGATOR,39.15205667,-77.23354,2023,1,15
230000235,Property Damage Crash,01/02/2023 03:24:00 PM,NA,NA,SAME DIR REAR END,Clear,NA,Daylight,NO CONTROLS,NONE DETECTED,No,No Apparent Injury,N/A,NOT DISTRACTED,MD,PASSENGER CAR,SLOWING OR STOPPING,5,No,2016,ACURA,MDX,39.15205667,-77.23354,2023,1,15
230000200,Property Damage Crash,01/02/2023 03:16:00 PM,NA,NA,SAME DIRECTION SIDESWIPE,Cloudy,NA,Daylight,NO CONTROLS,NONE DETECTED,Yes,No Apparent Injury,N/A,INATTENTIVE OR LOST IN THOUGHT,NA,NA,UNKNOWN,0,No,0,UNKNOWN,UNKNOWN,39.17687371,-77.26899882,2023,1,15
230000195,Injury Crash,01/02/2023 02:50:00 PM,CLOPPER RD,NA,SAME DIR REAR END,Cloudy,DRY,Daylight,TRAFFIC SIGNAL,NONE DETECTED,Yes,No Apparent Injury,N/A,LOOKED BUT DID NOT SEE,NC,PASSENGER CAR,MOVING CONSTANT SPEED,35,No,2016,HONDA,CIVIC,39.15423333,-77.25440683,2023,1,14
230000195,Injury Crash,01/02/2023 02:50:00 PM,CLOPPER RD,NA,SAME DIR REAR END,Cloudy,DRY,Daylight,TRAFFIC SIGNAL,NONE DETECTED,No,No Apparent Injury,N/A,NOT DISTRACTED,MD,PASSENGER CAR,STOPPED IN TRAFFIC LANE,35,No,2015,CHRY,300,39.15423333,-77.25440683,2023,1,14
230000190,Property Damage Crash,01/02/2023 02:16:00 PM,ROLLINS AVE,NA,SAME DIRECTION RIGHT TURN,Clear,DRY,Daylight,NO CONTROLS,NONE DETECTED,Yes,No Apparent Injury,N/A,UNKNOWN,NA,"OTHER LIGHT TRUCKS (10,000LBS (4,536KG) OR LESS)",UNKNOWN,30,No,2014,INTERNATIONAL,TK,39.05876686,-77.12286915,2023,1,14
230000190,Property Damage Crash,01/02/2023 02:16:00 PM,ROLLINS AVE,NA,SAME DIRECTION RIGHT TURN,Clear,DRY,Daylight,NO CONTROLS,NONE DETECTED,No,No Apparent Injury,N/A,UNKNOWN,MD,PASSENGER CAR,MOVING CONSTANT SPEED,30,No,2016,HONDA,CRV,39.05876686,-77.12286915,2023,1,14
230000185,Injury Crash,01/02/2023 02:10:00 PM,OLD HUNDRED RD,NA,STRAIGHT MOVEMENT ANGLE,Cloudy,DRY,Daylight,STOP SIGN,NONE DETECTED,No,Possible Minor Injury,N/A,NOT DISTRACTED,MD,PASSENGER CAR,MOVING CONSTANT SPEED,30,No,2018,JEEP,LATITUDE,39.24691054,-77.34984269,2023,1,14
230000185,Injury Crash,01/02/2023 02:10:00 PM,OLD HUNDRED RD,NA,STRAIGHT MOVEMENT ANGLE,Cloudy,DRY,Daylight,STOP SIGN,NONE DETECTED,Yes,Possible Minor Injury,N/A,LOOKED BUT DID NOT SEE,MD,PASSENGER CAR,ACCELERATING,30,No,2010,HONDA,ACCORD,39.24691054,-77.34984269,2023,1,14
230000232,Property Damage Crash,01/02/2023 02:00:00 PM,NA,NA,UNKNOWN,Clear,NA,Daylight,NO CONTROLS,NONE DETECTED,Yes,No Apparent Injury,N/A,UNKNOWN,NA,(SPORT) UTILITY VEHICLE,PARKING,0,No,2010,ACURA,MDX,39.11381569,-77.12966951,2023,1,14
230000153,Property Damage Crash,01/02/2023 10:05:00 AM,WHEAT FALL DR,NA,SINGLE VEHICLE,Clear,DRY,Daylight,NO CONTROLS,NONE DETECTED,Yes,No Apparent Injury,N/A,INATTENTIVE OR LOST IN THOUGHT,PA,FIRE VEHICLE/NON EMERGENCY,ACCELERATING,25,No,2019,PIERCE,FIRE TRUCK,39.145893,-77.15484167,2023,1,10
230000139,Property Damage Crash,01/02/2023 07:43:00 AM,GEORGIA AVE,NA,SAME DIR REAR END,Clear,DRY,Daylight,TRAFFIC SIGNAL,NONE DETECTED,Yes,No Apparent Injury,N/A,UNKNOWN,NA,NA,ACCELERATING,45,No,0,UNKNOWN,UNKNOWN,39.01239735,-77.04141797,2023,1,7
230000139,Property Damage Crash,01/02/2023 07:43:00 AM,GEORGIA AVE,NA,SAME DIR REAR END,Clear,DRY,Daylight,TRAFFIC SIGNAL,NONE DETECTED,No,No Apparent Injury,N/A,NOT DISTRACTED,MD,PASSENGER CAR,STOPPED IN TRAFFIC LANE,45,No,2010,HONDA,FIT,39.01239735,-77.04141797,2023,1,7
230000139,Property Damage Crash,01/02/2023 07:43:00 AM,GEORGIA AVE,NA,SAME DIR REAR END,Clear,DRY,Daylight,TRAFFIC SIGNAL,NONE DETECTED,No,No Apparent Injury,N/A,NOT DISTRACTED,MD,(SPORT) UTILITY VEHICLE,STOPPED IN TRAFFIC LANE,45,No,2021,TOYOTA,UT,39.01239735,-77.04141797,2023,1,7
230000128,Injury Crash,01/02/2023 04:00:00 AM,RANDOLPH RD,NA,STRAIGHT MOVEMENT ANGLE,Clear,DRY,Dark,TRAFFIC SIGNAL,NONE DETECTED,Yes,No Apparent Injury,N/A,NOT DISTRACTED,MD,(SPORT) UTILITY VEHICLE,MAKING LEFT TURN,40,No,2019,NISSAN,MURANO,39.06058883,-77.04510983,2023,1,4
230000128,Injury Crash,01/02/2023 04:00:00 AM,RANDOLPH RD,NA,STRAIGHT MOVEMENT ANGLE,Clear,DRY,Dark,TRAFFIC SIGNAL,NONE DETECTED,No,Possible Minor Injury,N/A,NOT DISTRACTED,MD,PASSENGER CAR,MOVING CONSTANT SPEED,40,No,2005,TOYT,CAMRY,39.06058883,-77.04510983,2023,1,4
230000126,Injury Crash,01/02/2023 03:15:00 AM,SHADY GROVE RD,NA,SINGLE VEHICLE,Clear,DRY,Medium,TRAFFIC SIGNAL,DRUG PRESENT,Yes,Possible Minor Injury,N/A,INATTENTIVE OR LOST IN THOUGHT,MD,PASSENGER CAR,MAKING RIGHT TURN,45,No,2006,CHRY,300,39.14081244,-77.15209097,2023,1,3
230000186,Property Damage Crash,01/02/2023 02:46:00 AM,KENDALL ST,NA,SAME DIR REAR END,Clear,UNKNOWN,Dark,NO CONTROLS,NONE DETECTED,Yes,No Apparent Injury,N/A,UNKNOWN,MD,PASSENGER CAR,MOVING CONSTANT SPEED,25,No,2019,TOYOTA,CAMRY,39.05690333,-77.06091833,2023,1,2
230000102,Property Damage Crash,01/01/2023 08:45:00 PM,BRIGGS CHANEY RD,NA,SAME DIR REAR END,Clear,DRY,Medium,NO CONTROLS,NONE DETECTED,Yes,No Apparent Injury,N/A,LOOKED BUT DID NOT SEE,MD,PASSENGER CAR,SLOWING OR STOPPING,35,No,2012,ACUR,4S,39.087335,-76.96105317,2023,1,20
230000102,Property Damage Crash,01/01/2023 08:45:00 PM,BRIGGS CHANEY RD,NA,SAME DIR REAR END,Clear,DRY,Medium,NO CONTROLS,NONE DETECTED,No,No Apparent Injury,N/A,LOOKED BUT DID NOT SEE,MD,PASSENGER CAR,SLOWING OR STOPPING,35,No,2013,TOYT,TK,39.087335,-76.96105317,2023,1,20
230000178,Property Damage Crash,01/01/2023 06:57:00 PM,NA,NA,OTHER,Clear,NA,Medium,NO CONTROLS,NONE DETECTED,Yes,No Apparent Injury,N/A,UNKNOWN,MD,PICKUP TRUCK,BACKING,0,No,2021,FORD,RANGER,39.23790766,-77.27671509,2023,1,18
230000092,Property Damage Crash,01/01/2023 06:20:00 PM,WATKINS MILL RD,NA,SAME DIR REAR END,Clear,DRY,Medium,NO CONTROLS,ALCOHOL PRESENT,Yes,No Apparent Injury,N/A,NOT DISTRACTED,MD,PASSENGER CAR,MOVING CONSTANT SPEED,35,No,2018,TOYT,TK,39.1597315,-77.2184967,2023,1,18
230000092,Property Damage Crash,01/01/2023 06:20:00 PM,WATKINS MILL RD,NA,SAME DIR REAR END,Clear,DRY,Medium,NO CONTROLS,NONE DETECTED,No,No Apparent Injury,N/A,NOT DISTRACTED,XX,UNKNOWN,STOPPED IN TRAFFIC LANE,35,No,0,UNKNOWN,UKNOWN,39.1597315,-77.2184967,2023,1,18
230000092,Property Damage Crash,01/01/2023 06:20:00 PM,WATKINS MILL RD,NA,SAME DIR REAR END,Clear,DRY,Medium,NO CONTROLS,NONE DETECTED,No,No Apparent Injury,N/A,NOT DISTRACTED,MD,PASSENGER CAR,STOPPED IN TRAFFIC LANE,35,No,2019,HYUN,4S,39.1597315,-77.2184967,2023,1,18
230000081,Property Damage Crash,01/01/2023 04:06:00 PM,PINEY BRANCH RD,NA,SAME DIR REAR END,Clear,DRY,Daylight,NO CONTROLS,NONE DETECTED,No,No Apparent Injury,N/A,NOT DISTRACTED,XX,PASSENGER CAR,MAKING LEFT TURN,35,No,2016,HONDA,4D,38.99879623,-76.99880355,2023,1,16
230000081,Property Damage Crash,01/01/2023 04:06:00 PM,PINEY BRANCH RD,NA,SAME DIR REAR END,Clear,DRY,Daylight,NO CONTROLS,ALCOHOL PRESENT,Yes,No Apparent Injury,N/A,INATTENTIVE OR LOST IN THOUGHT,MD,PASSENGER CAR,MOVING CONSTANT SPEED,35,No,2016,TOYOTA,RAV4,38.99879623,-76.99880355,2023,1,16
230000076,Property Damage Crash,01/01/2023 03:10:00 PM,GEORGIA AVE,NA,SAME DIR REAR END,Clear,DRY,Daylight,N/A,NONE DETECTED,Yes,No Apparent Injury,N/A,UNKNOWN,NA,NA,BACKING,25,No,0,UNKNOWN,UNKNOWN,39.04046877,-77.05151821,2023,1,15
230000070,Property Damage Crash,01/01/2023 01:07:00 PM,PINEY BRANCH RD,NA,STRAIGHT MOVEMENT ANGLE,Clear,DRY,Daylight,NO CONTROLS,NONE DETECTED,Yes,No Apparent Injury,N/A,LOOKED BUT DID NOT SEE,MD,PASSENGER CAR,ENTERING TRAFFIC LANE,35,No,2006,HONDA,CIVIC,38.99955815,-76.99115017,2023,1,13
230000070,Property Damage Crash,01/01/2023 01:07:00 PM,PINEY BRANCH RD,NA,STRAIGHT MOVEMENT ANGLE,Clear,DRY,Daylight,NO CONTROLS,NONE DETECTED,No,No Apparent Injury,N/A,NOT DISTRACTED,MD,PASSENGER CAR,MOVING CONSTANT SPEED,35,No,2010,HONDA,CIVIC,38.99955815,-76.99115017,2023,1,13
230000055,Injury Crash,01/01/2023 11:35:00 AM,MIDCOUNTY HWY,NA,ANGLE MEETS LEFT HEAD ON,Clear,DRY,Daylight,TRAFFIC SIGNAL,NONE DETECTED,No,Possible Minor Injury,N/A,NOT DISTRACTED,MD,(SPORT) UTILITY VEHICLE,MOVING CONSTANT SPEED,45,No,2017,HYUN,TUSCON,39.14775167,-77.16942333,2023,1,11
230000055,Injury Crash,01/01/2023 11:35:00 AM,MIDCOUNTY HWY,NA,ANGLE MEETS LEFT HEAD ON,Clear,DRY,Daylight,TRAFFIC SIGNAL,NONE DETECTED,Yes,No Apparent Injury,N/A,LOOKED BUT DID NOT SEE,MD,(SPORT) UTILITY VEHICLE,MOVING CONSTANT SPEED,45,No,2008,TOYT,TK,39.14775167,-77.16942333,2023,1,11
230000049,Injury Crash,01/01/2023 10:00:00 AM,COLESVILLE RD,NA,SAME DIR REAR END,Clear,DRY,Daylight,TRAFFIC SIGNAL,NONE DETECTED,Yes,No Apparent Injury,N/A,NOT DISTRACTED,DC,PASSENGER CAR,MOVING CONSTANT SPEED,35,No,2011,CADILLAC,SRX,39.00488667,-77.02311333,2023,1,10
230000049,Injury Crash,01/01/2023 10:00:00 AM,COLESVILLE RD,NA,SAME DIR REAR END,Clear,DRY,Daylight,TRAFFIC SIGNAL,NONE DETECTED,No,No Apparent Injury,N/A,NOT DISTRACTED,MD,PASSENGER CAR,STOPPED IN TRAFFIC LANE,35,No,2020,KIA,SORENTO,39.00488667,-77.02311333,2023,1,10
230000049,Injury Crash,01/01/2023 10:00:00 AM,COLESVILLE RD,NA,SAME DIR REAR END,Clear,DRY,Daylight,TRAFFIC SIGNAL,NONE DETECTED,No,Possible Minor Injury,N/A,NOT DISTRACTED,MD,PASSENGER CAR,STOPPED IN TRAFFIC LANE,35,No,2019,HYUNDAI,IONIQ,39.00488667,-77.02311333,2023,1,10
230000041,Property Damage Crash,01/01/2023 08:30:00 AM,UNIVERSITY BLVD E,NA,SINGLE VEHICLE,Clear,WET,Daylight,NO CONTROLS,ALCOHOL PRESENT,Yes,No Apparent Injury,"N/A, WET",NOT DISTRACTED,MD,PASSENGER CAR,MOVING CONSTANT SPEED,35,No,2009,INFINITI,4 DOOR,39.01795019,-77.00724971,2023,1,8
230000039,Property Damage Crash,01/01/2023 07:09:00 AM,GEORGIA AVE,NA,SINGLE VEHICLE,Clear,WET,Medium,TRAFFIC SIGNAL,ALCOHOL PRESENT,Yes,No Apparent Injury,N/A,OTHER DISTRACTION,MD,PASSENGER CAR,OTHER,45,No,2011,BMW,4S,39.10907206,-77.07552683,2023,1,7
230000033,Property Damage Crash,01/01/2023 05:27:00 AM,MARYLAND AVE,NA,OTHER,Clear,WET,Medium,N/A,NONE DETECTED,Yes,No Apparent Injury,"N/A, WET",UNKNOWN,MD,PASSENGER CAR,UNKNOWN,25,No,2017,HONDA,CIVIC,39.08339234,-77.14903604,2023,1,5
230000029,Property Damage Crash,01/01/2023 04:29:00 AM,BONIFANT RD,NA,SINGLE VEHICLE,Cloudy,WET,Medium,NO CONTROLS,NONE DETECTED,Yes,No Apparent Injury,"RAIN, SNOW, WET",INATTENTIVE OR LOST IN THOUGHT,MD,PASSENGER CAR,MOVING CONSTANT SPEED,35,No,2008,HONDA,CIVIC,39.09191833,-77.04164317,2023,1,4
230000028,Property Damage Crash,01/01/2023 03:58:00 AM,GEORGIA AVE,NA,SINGLE VEHICLE,Cloudy,DRY,Dark,NO CONTROLS,ALCOHOL PRESENT,Yes,No Apparent Injury,N/A,UNKNOWN,XX,PASSENGER CAR,MOVING CONSTANT SPEED,35,No,2006,HONDA,CIVIC,39.05528075,-77.05005891,2023,1,3
220000005,Property Damage Crash,01/01/2023 12:49:00 AM,COLESVILLE RD,NA,STRAIGHT MOVEMENT ANGLE,Cloudy,WET,Medium,TRAFFIC SIGNAL,NONE DETECTED,Yes,No Apparent Injury,"N/A, WET",LOOKED BUT DID NOT SEE,MD,PASSENGER CAR,MOVING CONSTANT SPEED,35,No,2017,MITSUBISHI,OUTLANDER,39.019795,-77.01334333,2023,1,0
220000005,Property Damage Crash,01/01/2023 12:49:00 AM,COLESVILLE RD,NA,STRAIGHT MOVEMENT ANGLE,Cloudy,WET,Medium,TRAFFIC SIGNAL,NONE DETECTED,No,No Apparent Injury,"N/A, WET",NOT DISTRACTED,MD,PASSENGER CAR,STARTING FROM LANE,35,No,2022,TESLA,4D,39.019795,-77.01334333,2023,1,0
230000004,Property Damage Crash,12/31/2022 11:56:00 PM,UNIVERSITY BLVD E,NA,SAME DIRECTION SIDESWIPE,Cloudy,WET,Medium,N/A,ALCOHOL PRESENT,Yes,No Apparent Injury,N/A,UNKNOWN,MD,PICKUP TRUCK,STARTING FROM LANE,35,No,2003,CHEVROLET,1500,39.01921705,-77.0124238,2022,12,23
230000004,Property Damage Crash,12/31/2022 11:56:00 PM,UNIVERSITY BLVD E,NA,SAME DIRECTION SIDESWIPE,Cloudy,WET,Medium,N/A,NONE DETECTED,No,No Apparent Injury,N/A,NOT DISTRACTED,WV,PASSENGER CAR,STARTING FROM LANE,35,No,2015,KIA,FORTE,39.01921705,-77.0124238,2022,12,23
220058076,Property Damage Crash,12/31/2022 11:00:00 PM,NORBECK RD,NA,SAME DIR REAR END,Rain,WET,Medium,TRAFFIC SIGNAL,NONE DETECTED,No,No Apparent Injury,"RAIN, SNOW, WET",NOT DISTRACTED,MD,PASSENGER CAR,MOVING CONSTANT SPEED,35,No,2021,CHEV,CAMARO,39.095995,-77.110315,2022,12,23
220058076,Property Damage Crash,12/31/2022 11:00:00 PM,NORBECK RD,NA,SAME DIR REAR END,Rain,WET,Medium,TRAFFIC SIGNAL,NONE DETECTED,Yes,No Apparent Injury,"RAIN, SNOW, WET",NOT DISTRACTED,MD,PASSENGER CAR,MOVING CONSTANT SPEED,35,No,2015,FORD,MUSTANG,39.095995,-77.110315,2022,12,23
220058071,Property Damage Crash,12/31/2022 10:26:00 PM,EISENHOWER MEMORIAL HWY,NA,SINGLE VEHICLE,Rain,WET,Dark,NO CONTROLS,NONE DETECTED,Yes,No Apparent Injury,"RAIN, SNOW, WET",NOT DISTRACTED,MD,PASSENGER CAR,MOVING CONSTANT SPEED,55,No,2011,TOYT,SD,39.119685,-77.19544667,2022,12,22
220058069,Injury Crash,12/31/2022 09:20:00 PM,NA,PEDESTRIAN,SINGLE VEHICLE,Rain,NA,Medium,NO CONTROLS,NONE DETECTED,No,No Apparent Injury,"RAIN, SNOW, WET",NOT DISTRACTED,MD,PASSENGER CAR,MOVING CONSTANT SPEED,10,No,2008,NISSAN,VN,39.089525,-77.066725,2022,12,21
230006199,Property Damage Crash,12/31/2022 09:07:00 PM,NA,NA,OTHER,Rain,NA,Medium,NO CONTROLS,NONE DETECTED,Yes,No Apparent Injury,"RAIN, SNOW, WET",UNKNOWN,NA,UNKNOWN,OTHER,15,No,0,UNKNOWN,UNKNOWN,39.02557168,-77.12992829,2022,12,21
220058064,Property Damage Crash,12/31/2022 08:00:00 PM,CENTERWAY RD,NA,SAME DIRECTION SIDESWIPE,Rain,WET,Medium,NO CONTROLS,ALCOHOL PRESENT,Yes,No Apparent Injury,"N/A, WET",NOT DISTRACTED,MD,PASSENGER CAR,MOVING CONSTANT SPEED,35,No,1999,DODG,TK,39.17126283,-77.19848417,2022,12,20
220058062,Property Damage Crash,12/31/2022 07:30:00 PM,NA,NA,ANGLE MEETS LEFT TURN,Rain,NA,Medium,NO CONTROLS,NONE DETECTED,No,No Apparent Injury,"RAIN, SNOW, WET",NOT DISTRACTED,MD,PASSENGER CAR,BACKING,5,No,2019,CHEV,TK,39.0612,-77.05168667,2022,12,19
220058062,Property Damage Crash,12/31/2022 07:30:00 PM,NA,NA,ANGLE MEETS LEFT TURN,Rain,NA,Medium,NO CONTROLS,NONE DETECTED,Yes,No Apparent Injury,"RAIN, SNOW, WET",DISTRACTED BY OUTSIDE PERSON OBJECT OR EVENT,MD,PASSENGER CAR,PARKING,5,No,2010,ACURA,4S,39.0612,-77.05168667,2022,12,19
220058065,Injury Crash,12/31/2022 07:16:00 PM,RIVER RD,NA,HEAD ON LEFT TURN,Rain,WET,Medium,TRAFFIC SIGNAL,NONE DETECTED,No,No Apparent Injury,"RAIN, SNOW, WET",NOT DISTRACTED,MD,(SPORT) UTILITY VEHICLE,MOVING CONSTANT SPEED,35,No,2019,LEXUS,RX350,38.99205217,-77.16104,2022,12,19
220058065,Injury Crash,12/31/2022 07:16:00 PM,RIVER RD,NA,HEAD ON LEFT TURN,Rain,WET,Medium,TRAFFIC SIGNAL,NONE DETECTED,Yes,No Apparent Injury,"RAIN, SNOW, WET",UNKNOWN,MD,PASSENGER CAR,MAKING LEFT TURN,35,No,2022,TESLA,MODEL 3,38.99205217,-77.16104,2022,12,19
220058058,Injury Crash,12/31/2022 06:55:00 PM,FREDERICK RD,NA,SAME DIR REAR END,Rain,WET,Medium,TRAFFIC SIGNAL,NONE DETECTED,No,Possible Minor Injury,"RAIN, SNOW, WET",NOT DISTRACTED,MD,PASSENGER CAR,MOVING CONSTANT SPEED,40,No,2007,TOYT,SIENNA,39.16143483,-77.22250167,2022,12,18
220058058,Injury Crash,12/31/2022 06:55:00 PM,FREDERICK RD,NA,SAME DIR REAR END,Rain,WET,Medium,TRAFFIC SIGNAL,NONE DETECTED,Yes,Possible Minor Injury,"RAIN, SNOW, WET",LOOKED BUT DID NOT SEE,MD,PASSENGER CAR,CHANGING LANES,40,No,2016,FORD,EXPLORER,39.16143483,-77.22250167,2022,12,18
220058055,Property Damage Crash,12/31/2022 06:27:00 PM,SNOWDEN FARM PKWY,NA,HEAD ON LEFT TURN,Rain,WET,Medium,TRAFFIC SIGNAL,NONE DETECTED,No,No Apparent Injury,"RAIN, SNOW, WET",NOT DISTRACTED,MD,PASSENGER CAR,MOVING CONSTANT SPEED,40,No,2021,HONDA,CIVIC,39.24498833,-77.26508333,2022,12,18
220058055,Property Damage Crash,12/31/2022 06:27:00 PM,SNOWDEN FARM PKWY,NA,HEAD ON LEFT TURN,Rain,WET,Medium,TRAFFIC SIGNAL,NONE DETECTED,Yes,No Apparent Injury,"RAIN, SNOW, WET",UNKNOWN,MD,PASSENGER CAR,MAKING LEFT TURN,40,No,2008,VOLK,BEETLE,39.24498833,-77.26508333,2022,12,18
220058047,Injury Crash,12/31/2022 05:34:00 PM,STEDWICK RD,PEDESTRIAN,SINGLE VEHICLE,Rain,WET,Medium,TRAFFIC SIGNAL,NONE DETECTED,Yes,No Apparent Injury,"RAIN, SNOW, WET",UNKNOWN,NC,PICKUP TRUCK,MAKING RIGHT TURN,25,No,2007,FORD,F150,39.17063469,-77.20885412,2022,12,17
220058048,Injury Crash,12/31/2022 05:31:00 PM,NEW HAMPSHIRE AVE,PEDESTRIAN,OTHER,Rain,WET,Medium,TRAFFIC SIGNAL,NONE DETECTED,Yes,No Apparent Injury,"N/A, RAIN, SNOW",NOT DISTRACTED,MD,PASSENGER CAR,MOVING CONSTANT SPEED,40,No,1998,CHEVROLET,BLAZER,39.03990738,-76.99052167,2022,12,17
220058042,Property Damage Crash,12/31/2022 04:39:00 PM,SWEEPSTAKES RD,NA,STRAIGHT MOVEMENT ANGLE,Cloudy,WET,Daylight,STOP SIGN,NONE DETECTED,Yes,No Apparent Injury,"RAIN, SNOW, WET",LOOKED BUT DID NOT SEE,MD,(SPORT) UTILITY VEHICLE,MAKING LEFT TURN,30,No,2009,HONDA,UT,39.27026333,-77.218475,2022,12,16
220058042,Property Damage Crash,12/31/2022 04:39:00 PM,SWEEPSTAKES RD,NA,STRAIGHT MOVEMENT ANGLE,Cloudy,WET,Daylight,STOP SIGN,NONE DETECTED,No,No Apparent Injury,"RAIN, SNOW, WET",NOT DISTRACTED,MD,POLICE VEHICLE/NON EMERGENCY,MOVING CONSTANT SPEED,30,No,2019,DODGE,CHARGER,39.27026333,-77.218475,2022,12,16
220058038,Property Damage Crash,12/31/2022 04:22:00 PM,CONNECTICUT AVE,NA,SAME DIRECTION SIDESWIPE,Rain,WET,Daylight,NO CONTROLS,NONE DETECTED,No,No Apparent Injury,"RAIN, SNOW, WET",NOT DISTRACTED,MD,PASSENGER CAR,MOVING CONSTANT SPEED,30,No,2013,HONDA,PILOT,39.08654718,-77.07381957,2022,12,16
220058038,Property Damage Crash,12/31/2022 04:22:00 PM,CONNECTICUT AVE,NA,SAME DIRECTION SIDESWIPE,Rain,WET,Daylight,NO CONTROLS,NONE DETECTED,Yes,No Apparent Injury,"RAIN, SNOW, WET",UNKNOWN,NA,PASSENGER CAR,MOVING CONSTANT SPEED,30,No,2016,TOYOTA,4D,39.08654718,-77.07381957,2022,12,16