Local Case Number,ACRS Report Type,Crash Date/Time,Road Name,Related Non-Motorist,Collision Type,Weather,Surface Condition,Light,Traffic Control,Driver Substance Abuse,Driver At Fault,Injury Severity,Circumstance,Driver Distracted By,Drivers License State,Vehicle Body Type,Vehicle Movement,Speed Limit,Driverless Vehicle,Vehicle Year,Vehicle Make,Vehicle Model,Latitude,Longitude,Year,Month,Hour
220058039,Property Damage Crash,12/31/2022 04:03:00 PM,AIRPARK RD,NA,SAME DIRECTION SIDESWIPE,Rain,WET,Medium,NO CONTROLS,NONE DETECTED,Yes,No Apparent Injury,"RAIN, SNOW, WET",NOT DISTRACTED,MD,PASSENGER CAR,NEGOTIATING A CURVE,40,No,2008,TOYOTA,TUNDRA,39.15463833,-77.14213167,2022,12,16
220058039,Property Damage Crash,12/31/2022 04:03:00 PM,AIRPARK RD,NA,SAME DIRECTION SIDESWIPE,Rain,WET,Medium,NO CONTROLS,NONE DETECTED,No,No Apparent Injury,"RAIN, SNOW, WET",NOT DISTRACTED,MD,AMBULANCE/EMERGENCY,NEGOTIATING A CURVE,40,No,2010,HYUNDAI,ELANTRA,39.15463833,-77.14213167,2022,12,16
220058031,Property Damage Crash,12/31/2022 03:21:00 PM,CONNECTICUT AVE,NA,STRAIGHT MOVEMENT ANGLE,Rain,WET,Daylight,TRAFFIC SIGNAL,NONE DETECTED,Yes,No Apparent Injury,"RAIN, SNOW, WET",UNKNOWN,NA,PASSENGER CAR,UNKNOWN,35,No,2009,TOYOTA,4S,39.08384833,-77.077095,2022,12,15
220058031,Property Damage Crash,12/31/2022 03:21:00 PM,CONNECTICUT AVE,NA,STRAIGHT MOVEMENT ANGLE,Rain,WET,Daylight,TRAFFIC SIGNAL,NONE DETECTED,No,No Apparent Injury,"RAIN, SNOW, WET",NOT DISTRACTED,MI,(SPORT) UTILITY VEHICLE,MOVING CONSTANT SPEED,35,No,2022,VOLVO,XC90,39.08384833,-77.077095,2022,12,15
220058026,Property Damage Crash,12/31/2022 02:46:00 PM,SHADY GROVE METRO ACCESS ROAD,NA,SINGLE VEHICLE,Rain,WET,Daylight,NO CONTROLS,NONE DETECTED,Yes,No Apparent Injury,"N/A, WET",LOOKED BUT DID NOT SEE,MD,PASSENGER CAR,MOVING CONSTANT SPEED,25,No,2014,CHEV,CAMERO,39.12181667,-77.16557,2022,12,14
220058018,Property Damage Crash,12/31/2022 01:30:00 PM,N SUMMIT AVE,NA,ANGLE MEETS LEFT TURN,Cloudy,WET,Daylight,STOP SIGN,NONE DETECTED,No,No Apparent Injury,"N/A, WET",NOT DISTRACTED,MD,PASSENGER CAR,MOVING CONSTANT SPEED,25,No,2013,TOYT,4S,39.14918743,-77.19304629,2022,12,13
220058018,Property Damage Crash,12/31/2022 01:30:00 PM,N SUMMIT AVE,NA,ANGLE MEETS LEFT TURN,Cloudy,WET,Daylight,STOP SIGN,NONE DETECTED,Yes,No Apparent Injury,"N/A, WET",UNKNOWN,NA,UNKNOWN,MAKING LEFT TURN,25,No,0,UNKNOWN,UNKNOWN,39.14918743,-77.19304629,2022,12,13
220057982,Injury Crash,12/31/2022 06:42:00 AM,FATHER HURLEY BLVD,NA,SAME DIR REAR END,Cloudy,WET,Medium,TRAFFIC SIGNAL,NONE DETECTED,No,Possible Minor Injury,"N/A, WET",NOT DISTRACTED,MD,PASSENGER CAR,STARTING FROM LANE,35,No,2016,TOYOTA,4S,39.19339346,-77.27018214,2022,12,6
220057982,Injury Crash,12/31/2022 06:42:00 AM,FATHER HURLEY BLVD,NA,SAME DIR REAR END,Cloudy,WET,Medium,TRAFFIC SIGNAL,NONE DETECTED,Yes,Possible Minor Injury,"N/A, WET",NOT DISTRACTED,NA,NA,ACCELERATING,35,No,0,UNKNOWN,UNKNOWN,39.19339346,-77.27018214,2022,12,6
220057972,Injury Crash,12/31/2022 03:31:00 AM,GEORGIA AVE,NA,STRAIGHT MOVEMENT ANGLE,Clear,DRY,Medium,TRAFFIC SIGNAL,ALCOHOL PRESENT,Yes,No Apparent Injury,N/A,UNKNOWN,MD,PASSENGER CAR,STARTING FROM LANE,35,No,2014,NISSAN,SENTRA,39.06013417,-77.0509111,2022,12,3
220057972,Injury Crash,12/31/2022 03:31:00 AM,GEORGIA AVE,NA,STRAIGHT MOVEMENT ANGLE,Clear,DRY,Medium,TRAFFIC SIGNAL,NONE DETECTED,No,Possible Minor Injury,N/A,NOT DISTRACTED,MD,PASSENGER CAR,STARTING FROM LANE,35,No,2019,KIA,FORTE,39.06013417,-77.0509111,2022,12,3
220057973,Property Damage Crash,12/31/2022 03:16:00 AM,NA,NA,SINGLE VEHICLE,Clear,NA,Medium,N/A,NONE DETECTED,Yes,No Apparent Injury,N/A,INATTENTIVE OR LOST IN THOUGHT,DC,PASSENGER CAR,PARKING,10,No,2007,BMW,328I,38.96266517,-77.08771083,2022,12,3
220057968,Injury Crash,12/31/2022 02:38:00 AM,RANDOLPH RD,NA,SINGLE VEHICLE,Cloudy,WET,Dark,NO CONTROLS,ALCOHOL PRESENT,Yes,Possible Minor Injury,"N/A, WET",UNKNOWN,MD,(SPORT) UTILITY VEHICLE,MOVING CONSTANT SPEED,35,No,2011,TOYOTA,RAV4,39.05335282,-77.08801065,2022,12,2
220057964,Property Damage Crash,12/31/2022 02:10:00 AM,ROCKVILLE PIKE,NA,SINGLE VEHICLE,Clear,WET,Medium,TRAFFIC SIGNAL,NONE DETECTED,Yes,No Apparent Injury,N/A,UNKNOWN,MD,PASSENGER CAR,MOVING CONSTANT SPEED,40,No,2015,HYUNDAI,ELANTRA,39.05863976,-77.12105187,2022,12,2
220057962,Property Damage Crash,12/31/2022 01:30:00 AM,OLD GEORGETOWN RD,NA,SINGLE VEHICLE,Cloudy,WET,Medium,TRAFFIC SIGNAL,NONE DETECTED,Yes,No Apparent Injury,"N/A, WET",UNKNOWN,NA,PASSENGER CAR,UNKNOWN,25,Unknown,2022,HONDA,CIVIC,38.985933,-77.09633417,2022,12,1
220057961,Property Damage Crash,12/31/2022 01:14:00 AM,RAMP 4 FR MD 650 NB TO IS 495 EB,NA,SAME DIRECTION SIDESWIPE,Clear,DRY,Medium,NO CONTROLS,NONE DETECTED,Unknown,No Apparent Injury,N/A,UNKNOWN,MD,PASSENGER CAR,ACCELERATING,35,No,2007,HONDA,PILOT,39.020064,-76.98379083,2022,12,1
220057961,Property Damage Crash,12/31/2022 01:14:00 AM,RAMP 4 FR MD 650 NB TO IS 495 EB,NA,SAME DIRECTION SIDESWIPE,Clear,DRY,Medium,NO CONTROLS,NONE DETECTED,Unknown,No Apparent Injury,N/A,UNKNOWN,MD,TRUCK TRACTOR,MOVING CONSTANT SPEED,35,No,2010,PETERBILT,X,39.020064,-76.98379083,2022,12,1
220057949,Injury Crash,12/30/2022 11:18:00 PM,LAYHILL RD,NA,SAME DIR REAR END,Clear,WET,Medium,TRAFFIC SIGNAL,NONE DETECTED,Yes,No Apparent Injury,N/A,NOT DISTRACTED,MD,PASSENGER CAR,MOVING CONSTANT SPEED,40,No,2015,VOLKSWAGEN,JETTA,39.06278167,-77.05037333,2022,12,23
220057949,Injury Crash,12/30/2022 11:18:00 PM,LAYHILL RD,NA,SAME DIR REAR END,Clear,WET,Medium,TRAFFIC SIGNAL,NONE DETECTED,No,Possible Minor Injury,N/A,NOT DISTRACTED,MD,PASSENGER CAR,SLOWING OR STOPPING,40,No,2010,HONDA,ODYSSEY,39.06278167,-77.05037333,2022,12,23
220057943,Property Damage Crash,12/30/2022 10:21:00 PM,UNDERWOOD ST,NA,OTHER,Clear,DRY,Medium,NO CONTROLS,NONE DETECTED,No,No Apparent Injury,N/A,NOT DISTRACTED,MD,(SPORT) UTILITY VEHICLE,PARKED,25,No,2022,DODGE,DURANGO,38.98319833,-77.07472167,2022,12,22
220057943,Property Damage Crash,12/30/2022 10:21:00 PM,UNDERWOOD ST,NA,OTHER,Clear,DRY,Medium,NO CONTROLS,NONE DETECTED,Yes,No Apparent Injury,N/A,UNKNOWN,VA,PASSENGER CAR,BACKING,25,No,2014,TOYOTA,CAMRY,38.98319833,-77.07472167,2022,12,22
220057933,Injury Crash,12/30/2022 08:49:00 PM,RIDGE RD,NA,SAME DIR REAR END,Clear,DRY,Medium,NO CONTROLS,NONE DETECTED,No,Possible Minor Injury,N/A,NOT DISTRACTED,MD,PASSENGER CAR,STOPPED IN TRAFFIC LANE,40,No,2012,VW,HATCHBACK,39.27075167,-77.21659667,2022,12,20
220057933,Injury Crash,12/30/2022 08:49:00 PM,RIDGE RD,NA,SAME DIR REAR END,Clear,DRY,Medium,NO CONTROLS,NONE DETECTED,Yes,No Apparent Injury,N/A,UNKNOWN,MD,PASSENGER CAR,MOVING CONSTANT SPEED,40,No,2019,NISSAN,SENTRA,39.27075167,-77.21659667,2022,12,20
220057933,Injury Crash,12/30/2022 08:49:00 PM,RIDGE RD,NA,SAME DIR REAR END,Clear,DRY,Medium,NO CONTROLS,NONE DETECTED,No,No Apparent Injury,N/A,NOT DISTRACTED,MD,PASSENGER CAR,MOVING CONSTANT SPEED,40,No,2016,HONDA,CRV,39.27075167,-77.21659667,2022,12,20
220057930,Property Damage Crash,12/30/2022 08:40:00 PM,WOOTTON PKWY,NA,SINGLE VEHICLE,Clear,DRY,Medium,TRAFFIC SIGNAL,NONE DETECTED,Yes,No Apparent Injury,N/A,OTHER ELECTRONIC DEVICE (NAVIGATIONAL PALM PILOT),MD,PASSENGER CAR,MAKING U TURN,40,No,2010,HYUN,ELANTRA,39.06668167,-77.16214667,2022,12,20
220057932,Property Damage Crash,12/30/2022 07:51:00 PM,OAKVALE ST,NA,SINGLE VEHICLE,Cloudy,DRY,Dark,N/A,DRUG PRESENT,Yes,No Apparent Injury,N/A,UNKNOWN,WV,PASSENGER CAR,MOVING CONSTANT SPEED,25,No,2011,SUBARU,LEGACY,39.08777733,-77.087148440000007,2022,12,19
220057924,Property Damage Crash,12/30/2022 07:30:00 PM,UNIVERSITY BLVD E,NA,OTHER,Clear,DRY,Medium,NO CONTROLS,NONE DETECTED,No,No Apparent Injury,N/A,NOT DISTRACTED,MD,PASSENGER CAR,PARKED,10,No,2017,HONDA,ACCORD,38.9898445,-76.98982067,2022,12,19
220057924,Property Damage Crash,12/30/2022 07:30:00 PM,UNIVERSITY BLVD E,NA,OTHER,Clear,DRY,Medium,NO CONTROLS,NONE DETECTED,Yes,No Apparent Injury,N/A,UNKNOWN,NA,PASSENGER CAR,N/A,10,No,2015,CHEVY,VAN,38.9898445,-76.98982067,2022,12,19
220057916,Property Damage Crash,12/30/2022 07:15:00 PM,COLUMBIA PIKE,NA,HEAD ON LEFT TURN,Clear,DRY,Medium,TRAFFIC SIGNAL,NONE DETECTED,No,No Apparent Injury,N/A,NOT DISTRACTED,MD,PASSENGER CAR,MOVING CONSTANT SPEED,35,No,2006,MAZDA,TRIBUTE,39.03072333,-77.00365167,2022,12,19
220057916,Property Damage Crash,12/30/2022 07:15:00 PM,COLUMBIA PIKE,NA,HEAD ON LEFT TURN,Clear,DRY,Medium,TRAFFIC SIGNAL,NONE DETECTED,Yes,No Apparent Injury,N/A,NOT DISTRACTED,MD,PASSENGER CAR,MAKING LEFT TURN,35,No,2018,KIA,NIRO PLUG,39.03072333,-77.00365167,2022,12,19
220057912,Property Damage Crash,12/30/2022 06:36:00 PM,CLARKSBURG RD,NA,SINGLE VEHICLE,Clear,DRY,Dark,STOP SIGN,NONE DETECTED,Yes,No Apparent Injury,N/A,INATTENTIVE OR LOST IN THOUGHT,MD,PASSENGER CAR,MOVING CONSTANT SPEED,35,No,2008,ACURA,4S,39.286125,-77.27174333,2022,12,18
220057907,Property Damage Crash,12/30/2022 05:50:00 PM,VEIRS MILL RD,NA,SAME DIR REAR END,Clear,DRY,Medium,TRAFFIC SIGNAL,NONE DETECTED,Yes,No Apparent Injury,N/A,UNKNOWN,MD,PASSENGER CAR,SLOWING OR STOPPING,40,No,2012,HOND,4S,39.07506182,-77.11608108,2022,12,17
220057907,Property Damage Crash,12/30/2022 05:50:00 PM,VEIRS MILL RD,NA,SAME DIR REAR END,Clear,DRY,Medium,TRAFFIC SIGNAL,NONE DETECTED,No,No Apparent Injury,N/A,NOT DISTRACTED,MD,PASSENGER CAR,STOPPED IN TRAFFIC LANE,40,No,2022,GMC,SIERRA,39.07506182,-77.11608108,2022,12,17
220057917,Injury Crash,12/30/2022 05:42:00 PM,RANDOLPH RD,NA,STRAIGHT MOVEMENT ANGLE,Clear,DRY,Dark,TRAFFIC SIGNAL,NONE DETECTED,Yes,Suspected Serious Injury,N/A,LOOKED BUT DID NOT SEE,MD,MOTORCYCLE,MOVING CONSTANT SPEED,40,No,2014,TAOT,RTX 50,39.07148,-77.01128,2022,12,17
220057917,Injury Crash,12/30/2022 05:42:00 PM,RANDOLPH RD,NA,STRAIGHT MOVEMENT ANGLE,Clear,DRY,Dark,TRAFFIC SIGNAL,NONE DETECTED,Yes,No Apparent Injury,N/A,LOOKED BUT DID NOT SEE,MD,PASSENGER CAR,MAKING LEFT TURN,40,No,2022,MAZDA,CX5,39.07148,-77.01128,2022,12,17
220057895,Property Damage Crash,12/30/2022 05:17:00 PM,NEW HAMPSHIRE AVE,NA,SAME DIR REAR END,Clear,DRY,Medium,N/A,NONE DETECTED,No,No Apparent Injury,N/A,NOT DISTRACTED,MD,(SPORT) UTILITY VEHICLE,SLOWING OR STOPPING,35,No,2019,HONDA,HRV,39.01658155,-76.97726203,2022,12,17
220057895,Property Damage Crash,12/30/2022 05:17:00 PM,NEW HAMPSHIRE AVE,NA,SAME DIR REAR END,Clear,DRY,Medium,N/A,NONE DETECTED,Yes,No Apparent Injury,N/A,UNKNOWN,MD,TRANSIT BUS,SLOWING OR STOPPING,35,No,2010,TBU,BUS,39.01658155,-76.97726203,2022,12,17
220057901,Property Damage Crash,12/30/2022 04:30:00 PM,NA,NA,OTHER,Cloudy,NA,Medium,NO CONTROLS,NONE DETECTED,Yes,No Apparent Injury,N/A,UNKNOWN,MD,PASSENGER CAR,PARKING,5,No,2013,HONDA,4S,39.04989461,-77.10878048,2022,12,16
220057889,Property Damage Crash,12/30/2022 04:04:00 PM,MONTGOMERY AVE,NA,SAME DIRECTION LEFT TURN,Clear,DRY,Daylight,TRAFFIC SIGNAL,NONE DETECTED,No,No Apparent Injury,N/A,NOT DISTRACTED,MD,PASSENGER CAR,MOVING CONSTANT SPEED,25,No,2002,LEXUS,4S,38.98323,-77.09244,2022,12,16
220057889,Property Damage Crash,12/30/2022 04:04:00 PM,MONTGOMERY AVE,NA,SAME DIRECTION LEFT TURN,Clear,DRY,Daylight,TRAFFIC SIGNAL,NONE DETECTED,Yes,No Apparent Injury,N/A,UNKNOWN,MD,PASSENGER CAR,MAKING LEFT TURN,25,No,2021,AUDI,Q5,38.98323,-77.09244,2022,12,16
220057881,Injury Crash,12/30/2022 03:23:00 PM,NA,PEDESTRIAN,STRAIGHT MOVEMENT ANGLE,Clear,NA,Daylight,NO CONTROLS,NONE DETECTED,Yes,No Apparent Injury,N/A,NOT DISTRACTED,MD,PASSENGER CAR,ACCELERATING,0,No,2013,HYUNDAI,ELANTRA,39.04372333,-77.11082333,2022,12,15
220057880,Injury Crash,12/30/2022 03:20:00 PM,RIVER RD,NA,ANGLE MEETS RIGHT TURN,Clear,DRY,Daylight,TRAFFIC SIGNAL,NONE DETECTED,Yes,Possible Minor Injury,N/A,NOT DISTRACTED,XX,PASSENGER CAR,MOVING CONSTANT SPEED,35,No,2008,TOYOT,COR,38.96326583,-77.10140317,2022,12,15
220057880,Injury Crash,12/30/2022 03:20:00 PM,RIVER RD,NA,ANGLE MEETS RIGHT TURN,Clear,DRY,Daylight,TRAFFIC SIGNAL,NONE DETECTED,Yes,No Apparent Injury,N/A,NOT DISTRACTED,MD,PASSENGER CAR,MAKING RIGHT TURN,35,No,2010,MERZ,4S,38.96326583,-77.10140317,2022,12,15
220057879,Property Damage Crash,12/30/2022 03:15:00 PM,GREENLY ST,NA,STRAIGHT MOVEMENT ANGLE,Clear,DRY,Daylight,STOP SIGN,NONE DETECTED,Yes,No Apparent Injury,N/A,UNKNOWN,MD,VAN,UNKNOWN,25,No,2013,CHEVROLET,EXPRESS,39.06151333,-77.07451333,2022,12,15
220057879,Property Damage Crash,12/30/2022 03:15:00 PM,GREENLY ST,NA,STRAIGHT MOVEMENT ANGLE,Clear,DRY,Daylight,STOP SIGN,NONE DETECTED,No,No Apparent Injury,N/A,NOT DISTRACTED,MD,PASSENGER CAR,MOVING CONSTANT SPEED,25,No,2021,NISSAN,4S,39.06151333,-77.07451333,2022,12,15
220057877,Injury Crash,12/30/2022 03:08:00 PM,FREDERICK RD,NA,HEAD ON,Clear,DRY,Daylight,TRAFFIC SIGNAL,NONE DETECTED,Yes,Possible Minor Injury,N/A,NOT DISTRACTED,MD,(SPORT) UTILITY VEHICLE,MAKING LEFT TURN,40,No,2019,MERZ,SUV,39.10657595,-77.15855366,2022,12,15
220057877,Injury Crash,12/30/2022 03:08:00 PM,FREDERICK RD,NA,HEAD ON,Clear,DRY,Daylight,TRAFFIC SIGNAL,NONE DETECTED,No,Possible Minor Injury,N/A,NOT DISTRACTED,MD,VAN,ACCELERATING,40,No,2013,TOYT,VAN,39.10657595,-77.15855366,2022,12,15
220057877,Injury Crash,12/30/2022 03:08:00 PM,FREDERICK RD,NA,HEAD ON,Clear,DRY,Daylight,TRAFFIC SIGNAL,NONE DETECTED,Yes,No Apparent Injury,N/A,NOT DISTRACTED,MD,(SPORT) UTILITY VEHICLE,MAKING LEFT TURN,40,No,2019,BMW,SUV,39.10657595,-77.15855366,2022,12,15
220057875,Property Damage Crash,12/30/2022 02:39:00 PM,MARYLAND AVE,NA,STRAIGHT MOVEMENT ANGLE,Clear,DRY,Daylight,TRAFFIC SIGNAL,NONE DETECTED,Unknown,No Apparent Injury,N/A,NOT DISTRACTED,MD,VAN,MOVING CONSTANT SPEED,30,No,2020,FORD,VAN,39.07615667,-77.16265833,2022,12,14
220057875,Property Damage Crash,12/30/2022 02:39:00 PM,MARYLAND AVE,NA,STRAIGHT MOVEMENT ANGLE,Clear,DRY,Daylight,TRAFFIC SIGNAL,NONE DETECTED,Unknown,No Apparent Injury,N/A,NOT DISTRACTED,MD,(SPORT) UTILITY VEHICLE,STARTING FROM LANE,25,No,2018,MAZD,4H,39.07615667,-77.16265833,2022,12,14
220057873,Property Damage Crash,12/30/2022 02:30:00 PM,MUDDY BRANCH RD,NA,SAME DIRECTION SIDESWIPE,Clear,DRY,Daylight,STOP SIGN,NONE DETECTED,Yes,No Apparent Injury,N/A,LOOKED BUT DID NOT SEE,MD,PASSENGER CAR,MAKING RIGHT TURN,45,No,2018,TOYOTA,CAMRY,39.1175818,-77.2169795,2022,12,14
220057873,Property Damage Crash,12/30/2022 02:30:00 PM,MUDDY BRANCH RD,NA,SAME DIRECTION SIDESWIPE,Clear,DRY,Daylight,STOP SIGN,NONE DETECTED,No,No Apparent Injury,N/A,NOT DISTRACTED,MD,PASSENGER CAR,MOVING CONSTANT SPEED,45,No,2000,HONDA,ACCORD,39.1175818,-77.2169795,2022,12,14
220057866,Injury Crash,12/30/2022 02:00:00 PM,COLUMBIA PIKE,NA,SAME DIR REAR END,Clear,DRY,Daylight,NO CONTROLS,NONE DETECTED,Yes,Possible Minor Injury,N/A,NOT DISTRACTED,MD,PASSENGER CAR,MOVING CONSTANT SPEED,35,No,2019,NISSAN,ROGUE,39.03285167,-77.00293167,2022,12,14
220057866,Injury Crash,12/30/2022 02:00:00 PM,COLUMBIA PIKE,NA,SAME DIR REAR END,Clear,DRY,Daylight,NO CONTROLS,NONE DETECTED,No,No Apparent Injury,N/A,NOT DISTRACTED,MD,PASSENGER CAR,SLOWING OR STOPPING,35,No,2022,LEXUS,RX350,39.03285167,-77.00293167,2022,12,14
220057866,Injury Crash,12/30/2022 02:00:00 PM,COLUMBIA PIKE,NA,SAME DIR REAR END,Clear,DRY,Daylight,NO CONTROLS,NONE DETECTED,No,No Apparent Injury,N/A,NOT DISTRACTED,MD,PASSENGER CAR,SLOWING OR STOPPING,35,No,2018,NISSAN,ROGUE,39.03285167,-77.00293167,2022,12,14
220057866,Injury Crash,12/30/2022 02:00:00 PM,COLUMBIA PIKE,NA,SAME DIR REAR END,Clear,DRY,Daylight,NO CONTROLS,NONE DETECTED,No,Possible Minor Injury,N/A,NOT DISTRACTED,MD,PASSENGER CAR,SLOWING OR STOPPING,35,No,2020,TOYOTA,RAV4,39.03285167,-77.00293167,2022,12,14
220057860,Property Damage Crash,12/30/2022 01:10:00 PM,ROCKVILLE PIKE,NA,SAME DIR REAR END,Clear,DRY,Daylight,N/A,NONE DETECTED,Yes,No Apparent Injury,N/A,NOT DISTRACTED,MD,(SPORT) UTILITY VEHICLE,STOPPED IN TRAFFIC LANE,35,No,2011,ACURA,MDX,39.00458167,-77.09733333,2022,12,13
220057860,Property Damage Crash,12/30/2022 01:10:00 PM,ROCKVILLE PIKE,NA,SAME DIR REAR END,Clear,DRY,Daylight,N/A,NONE DETECTED,Yes,No Apparent Injury,N/A,INATTENTIVE OR LOST IN THOUGHT,MD,PASSENGER CAR,MOVING CONSTANT SPEED,35,No,2014,CHEVY,MALIBU,39.00458167,-77.09733333,2022,12,13
230001871,Property Damage Crash,12/30/2022 12:45:00 PM,NA,NA,OTHER,Clear,NA,Daylight,OTHER,NONE DETECTED,Yes,No Apparent Injury,N/A,UNKNOWN,MD,PASSENGER CAR,STARTING FROM PARKED,5,No,2012,TOYOTA,HIGHLANDER,38.99109451,-76.99010438,2022,12,12
220057830,Property Damage Crash,12/30/2022 10:28:00 AM,GEORGIA AVE,NA,SAME DIR REAR END,Clear,DRY,Daylight,TRAFFIC SIGNAL,NONE DETECTED,No,No Apparent Injury,N/A,NOT DISTRACTED,MD,(SPORT) UTILITY VEHICLE,STOPPED IN TRAFFIC LANE,45,No,2015,GMC,YUKON,39.12574483,-77.07234817,2022,12,10
220057830,Property Damage Crash,12/30/2022 10:28:00 AM,GEORGIA AVE,NA,SAME DIR REAR END,Clear,DRY,Daylight,TRAFFIC SIGNAL,NONE DETECTED,Yes,No Apparent Injury,N/A,UNKNOWN,MD,PASSENGER CAR,MOVING CONSTANT SPEED,45,No,2019,NISSAN,ROGUE,39.12574483,-77.07234817,2022,12,10
220057830,Property Damage Crash,12/30/2022 10:28:00 AM,GEORGIA AVE,NA,SAME DIR REAR END,Clear,DRY,Daylight,TRAFFIC SIGNAL,NONE DETECTED,No,No Apparent Injury,N/A,NOT DISTRACTED,MD,STATION WAGON,STOPPED IN TRAFFIC LANE,45,No,2021,SUBARU,OUTBACK,39.12574483,-77.07234817,2022,12,10
220057823,Property Damage Crash,12/30/2022 10:03:00 AM,CLOPPER RD,NA,SAME DIR REAR END,Clear,DRY,Daylight,TRAFFIC SIGNAL,NONE DETECTED,No,No Apparent Injury,N/A,NOT DISTRACTED,MD,PASSENGER CAR,SLOWING OR STOPPING,35,No,2009,TOYOTA,AVALON,39.154127,-77.25442617,2022,12,10
220057823,Property Damage Crash,12/30/2022 10:03:00 AM,CLOPPER RD,NA,SAME DIR REAR END,Clear,DRY,Daylight,TRAFFIC SIGNAL,NONE DETECTED,Yes,No Apparent Injury,N/A,INATTENTIVE OR LOST IN THOUGHT,MD,PASSENGER CAR,SLOWING OR STOPPING,35,No,2013,FORD,FLEX,39.154127,-77.25442617,2022,12,10
220057838,Property Damage Crash,12/30/2022 09:45:00 AM,NA,NA,SAME DIRECTION RIGHT TURN,Clear,NA,Daylight,NO CONTROLS,NONE DETECTED,Yes,No Apparent Injury,N/A,NOT DISTRACTED,MD,POLICE VEHICLE/NON EMERGENCY,STARTING FROM PARKED,0,No,2018,DODGE,CHARGER,39.18537831,-77.2613666,2022,12,9
220057838,Property Damage Crash,12/30/2022 09:45:00 AM,NA,NA,SAME DIRECTION RIGHT TURN,Clear,NA,Daylight,NO CONTROLS,NONE DETECTED,No,No Apparent Injury,N/A,NOT DISTRACTED,MD,POLICE VEHICLE/NON EMERGENCY,PARKED,0,No,2021,FORD,INTERCEPTOR,39.18537831,-77.2613666,2022,12,9
220057825,Injury Crash,12/30/2022 09:42:00 AM,CENTURY BLVD,NA,SINGLE VEHICLE,Clear,DRY,Daylight,NO CONTROLS,NONE DETECTED,Yes,Possible Minor Injury,N/A,NOT DISTRACTED,MD,PICKUP TRUCK,MOVING CONSTANT SPEED,35,No,2007,CHEVROLET,SILVERADO,39.18997833,-77.26320167,2022,12,9
220057820,Property Damage Crash,12/30/2022 09:35:00 AM,EAST WEST HWY,NA,SAME DIR REAR END,Clear,N/A,Daylight,NO CONTROLS,NONE DETECTED,Yes,No Apparent Injury,N/A,UNKNOWN,NA,PASSENGER CAR,MOVING CONSTANT SPEED,35,No,2003,MERCEDES,312,38.99334663,-77.05277301,2022,12,9
220057820,Property Damage Crash,12/30/2022 09:35:00 AM,EAST WEST HWY,NA,SAME DIR REAR END,Clear,N/A,Daylight,NO CONTROLS,NONE DETECTED,No,No Apparent Injury,N/A,NOT DISTRACTED,MD,PASSENGER CAR,MOVING CONSTANT SPEED,35,No,1995,VOLVO,850,38.99334663,-77.05277301,2022,12,9
220057817,Property Damage Crash,12/30/2022 09:17:00 AM,UPPER ROCK CR,NA,SAME DIR REAR END,Clear,DRY,Daylight,NO CONTROLS,NONE DETECTED,No,No Apparent Injury,N/A,NOT DISTRACTED,MD,PASSENGER CAR,STOPPED IN TRAFFIC LANE,15,No,2021,HOND,SD,39.112214,-77.1852135,2022,12,9
220057817,Property Damage Crash,12/30/2022 09:17:00 AM,UPPER ROCK CR,NA,SAME DIR REAR END,Clear,DRY,Daylight,NO CONTROLS,NONE DETECTED,Yes,No Apparent Injury,N/A,UNKNOWN,VA,PASSENGER CAR,MOVING CONSTANT SPEED,15,No,2010,TOYOTA,PRIUS,39.112214,-77.1852135,2022,12,9
220057815,Property Damage Crash,12/30/2022 08:48:00 AM,NEW HAMPSHIRE AVE,NA,UNKNOWN,Clear,DRY,Daylight,TRAFFIC SIGNAL,NONE DETECTED,Yes,No Apparent Injury,N/A,INATTENTIVE OR LOST IN THOUGHT,DC,PASSENGER CAR,UNKNOWN,40,No,2017,INFI,Q60,39.030145,-76.98385,2022,12,8
220057811,Property Damage Crash,12/30/2022 08:10:00 AM,NEW HAMPSHIRE AVE,NA,SAME DIR REAR END,Clear,DRY,Daylight,TRAFFIC SIGNAL,NONE DETECTED,Yes,No Apparent Injury,N/A,OTHER DISTRACTION,MD,PASSENGER CAR,OTHER,40,No,2013,NISS,ALTIMA,39.01947,-76.97649167,2022,12,8
220057796,Property Damage Crash,12/29/2022 11:16:00 PM,MIDCOUNTY HWY,NA,SINGLE VEHICLE,Clear,DRY,Medium,N/A,ALCOHOL PRESENT,Yes,No Apparent Injury,N/A,NOT DISTRACTED,MD,PASSENGER CAR,MAKING RIGHT TURN,45,No,2016,BUIC,4S,39.14128833,-77.1522615,2022,12,23
220057788,Injury Crash,12/29/2022 10:20:00 PM,FREDERICK RD,NA,HEAD ON LEFT TURN,Clear,DRY,Medium,TRAFFIC SIGNAL,NONE DETECTED,No,No Apparent Injury,N/A,NOT DISTRACTED,MD,PASSENGER CAR,MOVING CONSTANT SPEED,30,No,2019,VOLKSWAGON,4S,39.15016355,-77.20903098,2022,12,22
220057788,Injury Crash,12/29/2022 10:20:00 PM,FREDERICK RD,NA,HEAD ON LEFT TURN,Clear,DRY,Medium,TRAFFIC SIGNAL,NONE DETECTED,Yes,Possible Minor Injury,N/A,NOT DISTRACTED,MD,PASSENGER CAR,MAKING U TURN,30,No,2017,HYUNDAI,4S,39.15016355,-77.20903098,2022,12,22
220057777,Property Damage Crash,12/29/2022 09:20:00 PM,E GUDE DR,NA,HEAD ON LEFT TURN,Clear,DRY,Medium,TRAFFIC SIGNAL,NONE DETECTED,Yes,No Apparent Injury,N/A,UNKNOWN,MD,PASSENGER CAR,MAKING LEFT TURN,25,No,2007,TOYT,SD,39.09778305,-77.13643814,2022,12,21
220057777,Property Damage Crash,12/29/2022 09:20:00 PM,E GUDE DR,NA,HEAD ON LEFT TURN,Clear,DRY,Medium,TRAFFIC SIGNAL,NONE DETECTED,No,No Apparent Injury,N/A,UNKNOWN,MD,(SPORT) UTILITY VEHICLE,MOVING CONSTANT SPEED,25,No,2014,NISS,4S,39.09778305,-77.13643814,2022,12,21
220057773,Property Damage Crash,12/29/2022 08:59:00 PM,HUNTMASTER RD,NA,SINGLE VEHICLE,Clear,ICE,Dark,NO CONTROLS,NONE DETECTED,Yes,No Apparent Injury,"ICY OR SNOW-COVERED, N/A",NOT DISTRACTED,MD,(SPORT) UTILITY VEHICLE,SLOWING OR STOPPING,25,No,2014,FORD,ESCAPE,39.21058667,-77.20591,2022,12,20
220057765,Property Damage Crash,12/29/2022 07:44:00 PM,OLNEY SANDY SPRING RD,BICYCLIST,OTHER,Clear,DRY,Medium,STOP SIGN,NONE DETECTED,Yes,No Apparent Injury,N/A,LOOKED BUT DID NOT SEE,MD,PASSENGER CAR,MAKING RIGHT TURN,30,No,2016,LEXS,UT,39.15201462,-77.06429908,2022,12,19
220057762,Property Damage Crash,12/29/2022 07:16:00 PM,NA,NA,OTHER,Clear,NA,Medium,NO CONTROLS,NONE DETECTED,Yes,No Apparent Injury,N/A,UNKNOWN,NA,"CARGO VAN/LIGHT TRUCK 2 AXLES (OVER 10,000LBS (4,536 KG))",UNKNOWN,15,No,2006,CHEVROLET,TK,39.15901667,-77.213076,2022,12,19