Local Case Number,ACRS Report Type,Crash Date/Time,Road Name,Related Non-Motorist,Collision Type,Weather,Surface Condition,Light,Traffic Control,Driver Substance Abuse,Driver At Fault,Injury Severity,Circumstance,Driver Distracted By,Drivers License State,Vehicle Body Type,Vehicle Movement,Speed Limit,Driverless Vehicle,Vehicle Year,Vehicle Make,Vehicle Model,Latitude,Longitude,Year,Month,Hour
220057750,Property Damage Crash,12/29/2022 06:00:00 PM,NA,NA,OTHER,Clear,NA,Medium,N/A,NONE DETECTED,Yes,No Apparent Injury,N/A,LOOKED BUT DID NOT SEE,MD,PASSENGER CAR,BACKING,15,No,2007,SATURN,SUV,39.15079608,-77.21383683,2022,12,18
220057750,Property Damage Crash,12/29/2022 06:00:00 PM,NA,NA,OTHER,Clear,NA,Medium,N/A,NONE DETECTED,No,No Apparent Injury,N/A,NOT DISTRACTED,MD,PASSENGER CAR,STOPPED IN TRAFFIC LANE,15,No,2021,VOLK,UT,39.15079608,-77.21383683,2022,12,18
220057740,Injury Crash,12/29/2022 05:01:00 PM,RIDGE RD,NA,SAME DIR REAR END,Clear,DRY,Medium,NO CONTROLS,NONE DETECTED,No,Possible Minor Injury,N/A,NOT DISTRACTED,MD,PASSENGER CAR,MOVING CONSTANT SPEED,40,No,2014,NISS,TK,39.25870833,-77.22445167,2022,12,17
220057740,Injury Crash,12/29/2022 05:01:00 PM,RIDGE RD,NA,SAME DIR REAR END,Clear,DRY,Medium,NO CONTROLS,NONE DETECTED,Yes,No Apparent Injury,N/A,INATTENTIVE OR LOST IN THOUGHT,MD,PASSENGER CAR,MOVING CONSTANT SPEED,40,No,2013,MAZD,WG,39.25870833,-77.22445167,2022,12,17
220057740,Injury Crash,12/29/2022 05:01:00 PM,RIDGE RD,NA,SAME DIR REAR END,Clear,DRY,Medium,NO CONTROLS,NONE DETECTED,No,Possible Minor Injury,N/A,NOT DISTRACTED,MD,PASSENGER CAR,STOPPED IN TRAFFIC LANE,40,No,2009,TOYT,4S,39.25870833,-77.22445167,2022,12,17
220057577,Property Damage Crash,12/29/2022 04:29:00 PM,MONTGOMERY AVE,NA,SAME DIRECTION SIDESWIPE,Clear,DRY,Daylight,NO CONTROLS,NONE DETECTED,No,No Apparent Injury,N/A,NOT DISTRACTED,MD,PASSENGER CAR,MOVING CONSTANT SPEED,30,No,2004,CHEVY,TRUCK,39.14639034,-77.20455706,2022,12,16
220057577,Property Damage Crash,12/29/2022 04:29:00 PM,MONTGOMERY AVE,NA,SAME DIRECTION SIDESWIPE,Clear,DRY,Daylight,NO CONTROLS,NONE DETECTED,Yes,No Apparent Injury,N/A,UNKNOWN,MD,PASSENGER CAR,ACCELERATING,30,No,2008,LEXUS,4D,39.14639034,-77.20455706,2022,12,16
220057719,Property Damage Crash,12/29/2022 03:41:00 PM,RANDOLPH RD,NA,SAME DIR REAR END,Clear,DRY,Daylight,TRAFFIC SIGNAL,NONE DETECTED,No,No Apparent Injury,N/A,NOT DISTRACTED,MD,PASSENGER CAR,STOPPED IN TRAFFIC LANE,0,No,2012,SUBARU,FORESTER,39.05629574,-77.08252581,2022,12,15
220057719,Property Damage Crash,12/29/2022 03:41:00 PM,RANDOLPH RD,NA,SAME DIR REAR END,Clear,DRY,Daylight,TRAFFIC SIGNAL,NONE DETECTED,Yes,No Apparent Injury,N/A,UNKNOWN,NA,PASSENGER CAR,MOVING CONSTANT SPEED,35,No,2011,FORD,TRK,39.05629574,-77.08252581,2022,12,15
220057716,Property Damage Crash,12/29/2022 03:24:00 PM,ELTON RD,NA,SAME DIR REAR END,Clear,DRY,Daylight,TRAFFIC SIGNAL,ALCOHOL PRESENT,Yes,No Apparent Injury,N/A,NOT DISTRACTED,MD,PASSENGER CAR,MOVING CONSTANT SPEED,35,No,2007,CHEVROLET,SUBURBAN,39.02028625,-76.97674127,2022,12,15
220057716,Property Damage Crash,12/29/2022 03:24:00 PM,ELTON RD,NA,SAME DIR REAR END,Clear,DRY,Daylight,TRAFFIC SIGNAL,NONE DETECTED,No,No Apparent Injury,N/A,NOT DISTRACTED,MD,PASSENGER CAR,MOVING CONSTANT SPEED,35,No,2005,TOYOTA,SIENNA,39.02028625,-76.97674127,2022,12,15
220057709,Property Damage Crash,12/29/2022 02:15:00 PM,NA,NA,SAME DIRECTION SIDESWIPE,Clear,NA,Daylight,N/A,NONE DETECTED,Yes,No Apparent Injury,N/A,NOT DISTRACTED,MD,PASSENGER CAR,ACCELERATING,15,No,2006,NISSAN,FRONTIER,39.03975004,-77.05189372,2022,12,14
220057697,Property Damage Crash,12/29/2022 01:00:00 PM,GEORGIA AVE,NA,SINGLE VEHICLE,Clear,DRY,Daylight,NO CONTROLS,NONE DETECTED,Yes,No Apparent Injury,N/A,LOOKED BUT DID NOT SEE,MD,PASSENGER CAR,MAKING RIGHT TURN,35,No,2019,TOYOTA,HIGHLANDER,38.99191667,-77.02681833,2022,12,13
220057698,Property Damage Crash,12/29/2022 12:58:00 PM,HAMILTON AVE,NA,OPPOSITE DIRECTION SIDESWIPE,Clear,DRY,Daylight,NO CONTROLS,NONE DETECTED,Unknown,No Apparent Injury,N/A,NOT DISTRACTED,MD,SCHOOL BUS,MOVING CONSTANT SPEED,15,No,2016,THOMAS,BUILT BUS,39.008135,-77.017865,2022,12,12
220057698,Property Damage Crash,12/29/2022 12:58:00 PM,HAMILTON AVE,NA,OPPOSITE DIRECTION SIDESWIPE,Clear,DRY,Daylight,NO CONTROLS,NONE DETECTED,Unknown,No Apparent Injury,N/A,NOT DISTRACTED,PA,PASSENGER CAR,MOVING CONSTANT SPEED,15,No,2019,LINCOLN,NAUTILUS,39.008135,-77.017865,2022,12,12
220057689,Injury Crash,12/29/2022 12:44:00 PM,ROCKVILLE PIKE,NA,SAME DIR REAR END,Clear,DRY,Daylight,N/A,NONE DETECTED,No,Possible Minor Injury,"BACKUP DUE TO REGULAR CONGESTION, N/A",NOT DISTRACTED,MD,PASSENGER CAR,SLOWING OR STOPPING,40,No,2014,JEEP,CHEROKEE,39.0714023,-77.13237387,2022,12,12
220057689,Injury Crash,12/29/2022 12:44:00 PM,ROCKVILLE PIKE,NA,SAME DIR REAR END,Clear,DRY,Daylight,N/A,NONE DETECTED,Yes,Possible Minor Injury,"BACKUP DUE TO REGULAR CONGESTION, N/A",INATTENTIVE OR LOST IN THOUGHT,MD,PASSENGER CAR,MOVING CONSTANT SPEED,40,No,2017,LEXUS,ES350,39.0714023,-77.13237387,2022,12,12
220057689,Injury Crash,12/29/2022 12:44:00 PM,ROCKVILLE PIKE,NA,SAME DIR REAR END,Clear,DRY,Daylight,N/A,NONE DETECTED,No,No Apparent Injury,"BACKUP DUE TO REGULAR CONGESTION, N/A",NOT DISTRACTED,MD,PASSENGER CAR,SLOWING OR STOPPING,40,No,2016,MAZDA,CX5,39.0714023,-77.13237387,2022,12,12
220057686,Property Damage Crash,12/29/2022 12:35:00 PM,CENTER POINT WAY,NA,OTHER,Clear,DRY,Daylight,NO CONTROLS,NONE DETECTED,Yes,No Apparent Injury,N/A,LOOKED BUT DID NOT SEE,VA,(SPORT) UTILITY VEHICLE,PARKED,25,No,2021,FORD,EXPLORER,39.12198548,-77.23562746,2022,12,12
220057686,Property Damage Crash,12/29/2022 12:35:00 PM,CENTER POINT WAY,NA,OTHER,Clear,DRY,Daylight,NO CONTROLS,NONE DETECTED,No,No Apparent Injury,N/A,LOOKED BUT DID NOT SEE,MD,PASSENGER CAR,MOVING CONSTANT SPEED,25,No,2012,HONDA,4S,39.12198548,-77.23562746,2022,12,12
220057685,Injury Crash,12/29/2022 12:30:00 PM,GERMANTOWN RD,NA,SINGLE VEHICLE,Clear,DRY,Daylight,NO CONTROLS,NONE DETECTED,Yes,Possible Minor Injury,N/A,OTHER DISTRACTION,MD,PASSENGER CAR,LEAVING TRAFFIC LANE,0,No,2015,HYUNDAI,ACCENT,39.1798225,-77.26504933,2022,12,12
220057688,Property Damage Crash,12/29/2022 12:19:00 PM,OLD GEORGETOWN RD,NA,SAME DIR REAR END,Clear,DRY,Daylight,TRAFFIC SIGNAL,NONE DETECTED,No,No Apparent Injury,N/A,NOT DISTRACTED,PA,PASSENGER CAR,STOPPED IN TRAFFIC LANE,35,No,2020,TOYOTA,C-HR,39.014114,-77.118216,2022,12,12
220057688,Property Damage Crash,12/29/2022 12:19:00 PM,OLD GEORGETOWN RD,NA,SAME DIR REAR END,Clear,DRY,Daylight,TRAFFIC SIGNAL,NONE DETECTED,No,No Apparent Injury,N/A,NOT DISTRACTED,MD,(SPORT) UTILITY VEHICLE,STOPPED IN TRAFFIC LANE,35,No,2012,BMW,X5,39.014114,-77.118216,2022,12,12
220057688,Property Damage Crash,12/29/2022 12:19:00 PM,OLD GEORGETOWN RD,NA,SAME DIR REAR END,Clear,DRY,Daylight,TRAFFIC SIGNAL,NONE DETECTED,Yes,No Apparent Injury,N/A,LOOKED BUT DID NOT SEE,MD,PASSENGER CAR,SLOWING OR STOPPING,35,No,2010,LEXUS,HS 250 H,39.014114,-77.118216,2022,12,12
220057675,Injury Crash,12/29/2022 11:24:00 AM,MONTROSE RD,NA,SAME DIR REAR END,Clear,DRY,Daylight,TRAFFIC SIGNAL,NONE DETECTED,Yes,No Apparent Injury,N/A,LOOKED BUT DID NOT SEE,MD,PASSENGER CAR,MOVING CONSTANT SPEED,45,No,2009,HYUN,SD,39.05634833,-77.16817333,2022,12,11
220057675,Injury Crash,12/29/2022 11:24:00 AM,MONTROSE RD,NA,SAME DIR REAR END,Clear,DRY,Daylight,TRAFFIC SIGNAL,NONE DETECTED,No,No Apparent Injury,N/A,NOT DISTRACTED,MD,PASSENGER CAR,STOPPED IN TRAFFIC LANE,45,No,2008,LEXU,TK,39.05634833,-77.16817333,2022,12,11
220057675,Injury Crash,12/29/2022 11:24:00 AM,MONTROSE RD,NA,SAME DIR REAR END,Clear,DRY,Daylight,TRAFFIC SIGNAL,NONE DETECTED,No,Possible Minor Injury,N/A,NOT DISTRACTED,MD,PASSENGER CAR,STOPPED IN TRAFFIC LANE,45,No,2012,TOYT,TK,39.05634833,-77.16817333,2022,12,11
220057655,Property Damage Crash,12/29/2022 08:45:00 AM,FOREST GLEN RD,NA,SAME DIR REAR END,Clear,DRY,Daylight,NO CONTROLS,NONE DETECTED,No,No Apparent Injury,N/A,NOT DISTRACTED,MD,TRANSIT BUS,SLOWING OR STOPPING,25,No,2014,GILL,BUS,39.015825,-77.039205,2022,12,8
220057655,Property Damage Crash,12/29/2022 08:45:00 AM,FOREST GLEN RD,NA,SAME DIR REAR END,Clear,DRY,Daylight,NO CONTROLS,NONE DETECTED,Yes,No Apparent Injury,N/A,UNKNOWN,MD,PASSENGER CAR,SLOWING OR STOPPING,25,No,2013,LEXUS,RX350,39.015825,-77.039205,2022,12,8
220057657,Property Damage Crash,12/29/2022 08:33:00 AM,RIVER RD,NA,SAME DIR REAR END,Clear,DRY,Daylight,TRAFFIC SIGNAL,NONE DETECTED,No,No Apparent Injury,"N/A, VISION OBSTRUCTION (INCL. BLINDED BY SUN)",NOT DISTRACTED,MD,PASSENGER CAR,STOPPED IN TRAFFIC LANE,40,No,2013,TOYOTA,PRIUS,38.992941,-77.16248367,2022,12,8
220057657,Property Damage Crash,12/29/2022 08:33:00 AM,RIVER RD,NA,SAME DIR REAR END,Clear,DRY,Daylight,TRAFFIC SIGNAL,NONE DETECTED,Yes,No Apparent Injury,"N/A, VISION OBSTRUCTION (INCL. BLINDED BY SUN)",LOOKED BUT DID NOT SEE,MD,(SPORT) UTILITY VEHICLE,SLOWING OR STOPPING,40,No,2019,BMW,X5,38.992941,-77.16248367,2022,12,8
220057657,Property Damage Crash,12/29/2022 08:33:00 AM,RIVER RD,NA,SAME DIR REAR END,Clear,DRY,Daylight,TRAFFIC SIGNAL,NONE DETECTED,No,No Apparent Injury,"N/A, VISION OBSTRUCTION (INCL. BLINDED BY SUN)",NOT DISTRACTED,MD,(SPORT) UTILITY VEHICLE,STOPPED IN TRAFFIC LANE,40,No,2021,AUDI,Q5,38.992941,-77.16248367,2022,12,8
220057658,Property Damage Crash,12/29/2022 08:26:00 AM,SNOWDEN FARM PKWY,NA,SAME DIR REAR END,Clear,DRY,Daylight,NO CONTROLS,NONE DETECTED,Yes,No Apparent Injury,"N/A, VISION OBSTRUCTION (INCL. BLINDED BY SUN)",NOT DISTRACTED,MD,PASSENGER CAR,MOVING CONSTANT SPEED,40,No,2018,TOYOTA,CAMRY,39.24663217,-77.26732467,2022,12,8
220057658,Property Damage Crash,12/29/2022 08:26:00 AM,SNOWDEN FARM PKWY,NA,SAME DIR REAR END,Clear,DRY,Daylight,NO CONTROLS,NONE DETECTED,No,No Apparent Injury,"N/A, VISION OBSTRUCTION (INCL. BLINDED BY SUN)",NOT DISTRACTED,MD,(SPORT) UTILITY VEHICLE,SLOWING OR STOPPING,40,No,2017,ACURA,RDX,39.24663217,-77.26732467,2022,12,8
220057654,Property Damage Crash,12/29/2022 08:10:00 AM,SEMINARY RD,NA,SAME DIR REAR END,Clear,DRY,Daylight,N/A,NONE DETECTED,No,No Apparent Injury,N/A,NOT DISTRACTED,MD,"MEDIUM/HEAVY TRUCKS 3 AXLES (OVER 10,000LBS (4,536KG))",SLOWING OR STOPPING,25,No,2019,FORD,TRUCK,39.00876667,-77.04223167,2022,12,8
220057654,Property Damage Crash,12/29/2022 08:10:00 AM,SEMINARY RD,NA,SAME DIR REAR END,Clear,DRY,Daylight,N/A,NONE DETECTED,Yes,No Apparent Injury,N/A,UNKNOWN,MD,PASSENGER CAR,SLOWING OR STOPPING,25,No,2007,CHRYSTLER,TOWN AND COUNTRY,39.00876667,-77.04223167,2022,12,8
220057649,Property Damage Crash,12/29/2022 07:00:00 AM,MUNCASTER MILL RD,NA,SAME DIRECTION RIGHT TURN,Clear,DRY,Medium,NO CONTROLS,NONE DETECTED,No,No Apparent Injury,N/A,NOT DISTRACTED,MD,"CARGO VAN/LIGHT TRUCK 2 AXLES (OVER 10,000LBS (4,536 KG))",MOVING CONSTANT SPEED,40,No,2011,MACK,TK,39.12833266,-77.11677331,2022,12,7
220057649,Property Damage Crash,12/29/2022 07:00:00 AM,MUNCASTER MILL RD,NA,SAME DIRECTION RIGHT TURN,Clear,DRY,Medium,NO CONTROLS,NONE DETECTED,Yes,No Apparent Injury,N/A,NOT DISTRACTED,NA,UNKNOWN,PASSING,40,No,0,UNKNOWN,UNKNOWN,39.12833266,-77.11677331,2022,12,7
220057646,Property Damage Crash,12/29/2022 05:40:00 AM,CHERRY HILL RD,NA,SINGLE VEHICLE,Clear,N/A,Medium,N/A,NONE DETECTED,Yes,No Apparent Injury,N/A,LOOKED BUT DID NOT SEE,VA,PASSENGER CAR,MOVING CONSTANT SPEED,40,No,2003,TOYOTA,COROLLA,39.06269667,-76.96223333,2022,12,5
220057641,Property Damage Crash,12/29/2022 01:51:00 AM,E FRANKLIN AVE,NA,SINGLE VEHICLE,Clear,N/A,Medium,N/A,ALCOHOL PRESENT,Yes,No Apparent Injury,N/A,INATTENTIVE OR LOST IN THOUGHT,DC,PASSENGER CAR,UNKNOWN,25,No,2021,MERCEDES,GLA250,39.012435,-77.00239,2022,12,1
220057621,Property Damage Crash,12/28/2022 10:30:00 PM,COLUMBIA PIKE,NA,STRAIGHT MOVEMENT ANGLE,Clear,N/A,Medium,TRAFFIC SIGNAL,NONE DETECTED,Yes,No Apparent Injury,N/A,NOT DISTRACTED,MD,PASSENGER CAR,MAKING LEFT TURN,55,No,2004,TOYOTA,HIGHLANDER,39.09559964,-76.93795998,2022,12,22
220057621,Property Damage Crash,12/28/2022 10:30:00 PM,COLUMBIA PIKE,NA,STRAIGHT MOVEMENT ANGLE,Clear,N/A,Medium,TRAFFIC SIGNAL,NONE DETECTED,No,No Apparent Injury,N/A,NOT DISTRACTED,MD,PASSENGER CAR,MOVING CONSTANT SPEED,55,No,1995,LEXUS,4S,39.09559964,-76.93795998,2022,12,22
220057595,Property Damage Crash,12/28/2022 07:03:00 PM,RIDGE RD,NA,HEAD ON LEFT TURN,Clear,DRY,Medium,TRAFFIC SIGNAL,NONE DETECTED,Yes,No Apparent Injury,N/A,UNKNOWN,MD,PASSENGER CAR,MAKING LEFT TURN,30,No,2022,SUBA,SW,39.300125,-77.19955,2022,12,19
220057595,Property Damage Crash,12/28/2022 07:03:00 PM,RIDGE RD,NA,HEAD ON LEFT TURN,Clear,DRY,Medium,TRAFFIC SIGNAL,NONE DETECTED,No,No Apparent Injury,N/A,NOT DISTRACTED,MD,PASSENGER CAR,MOVING CONSTANT SPEED,30,No,2008,HONDA,TK,39.300125,-77.19955,2022,12,19
220057593,Property Damage Crash,12/28/2022 06:40:00 PM,BLAIR RD,NA,SAME DIR REAR END,Clear,DRY,Medium,TRAFFIC SIGNAL,NONE DETECTED,Yes,No Apparent Injury,"BACKUP DUE TO REGULAR CONGESTION, N/A",UNKNOWN,NA,PASSENGER CAR,MOVING CONSTANT SPEED,35,No,2020,KIA,FORTE,38.98469958,-77.02656175,2022,12,18
220057593,Property Damage Crash,12/28/2022 06:40:00 PM,BLAIR RD,NA,SAME DIR REAR END,Clear,DRY,Medium,TRAFFIC SIGNAL,NONE DETECTED,No,No Apparent Injury,"BACKUP DUE TO REGULAR CONGESTION, N/A",NOT DISTRACTED,MD,PASSENGER CAR,STOPPED IN TRAFFIC LANE,35,No,2010,MERCEDES,C300,38.98469958,-77.02656175,2022,12,18
220057591,Property Damage Crash,12/28/2022 06:18:00 PM,UNIVERSITY BLVD E,NA,SAME DIR REAR END,Clear,DRY,Medium,NO CONTROLS,NONE DETECTED,No,No Apparent Injury,N/A,NOT DISTRACTED,VA,PASSENGER CAR,STOPPED IN TRAFFIC LANE,35,No,2018,FORD,F150,39.00262063,-76.99593032,2022,12,18
220057591,Property Damage Crash,12/28/2022 06:18:00 PM,UNIVERSITY BLVD E,NA,SAME DIR REAR END,Clear,DRY,Medium,NO CONTROLS,NONE DETECTED,No,No Apparent Injury,N/A,NOT DISTRACTED,MD,PASSENGER CAR,STOPPED IN TRAFFIC LANE,35,No,2020,FORD,UT,39.00262063,-76.99593032,2022,12,18
220057591,Property Damage Crash,12/28/2022 06:18:00 PM,UNIVERSITY BLVD E,NA,SAME DIR REAR END,Clear,DRY,Medium,NO CONTROLS,NONE DETECTED,Yes,No Apparent Injury,N/A,INATTENTIVE OR LOST IN THOUGHT,DC,PASSENGER CAR,MOVING CONSTANT SPEED,35,No,2010,HONDA,ACCORD,39.00262063,-76.99593032,2022,12,18
220057591,Property Damage Crash,12/28/2022 06:18:00 PM,UNIVERSITY BLVD E,NA,SAME DIR REAR END,Clear,DRY,Medium,NO CONTROLS,NONE DETECTED,No,No Apparent Injury,N/A,NOT DISTRACTED,MD,PASSENGER CAR,STOPPED IN TRAFFIC LANE,35,No,2011,TOYOTA,2S,39.00262063,-76.99593032,2022,12,18
220057585,Injury Crash,12/28/2022 05:49:00 PM,MIDDLEBROOK RD,NA,SAME DIR REAR END,Clear,DRY,Medium,TRAFFIC SIGNAL,NONE DETECTED,Yes,No Apparent Injury,N/A,OTHER CELLULAR PHONE RELATED,MD,PASSENGER CAR,MOVING CONSTANT SPEED,40,No,2017,SUBARU,WRX STI,39.17519017,-77.25399432,2022,12,17
220057585,Injury Crash,12/28/2022 05:49:00 PM,MIDDLEBROOK RD,NA,SAME DIR REAR END,Clear,DRY,Medium,TRAFFIC SIGNAL,NONE DETECTED,No,Possible Minor Injury,N/A,NOT DISTRACTED,MD,(SPORT) UTILITY VEHICLE,STOPPED IN TRAFFIC LANE,40,No,2016,MAZDA,CX5,39.17519017,-77.25399432,2022,12,17
220057586,Injury Crash,12/28/2022 05:44:00 PM,PINEY BRANCH RD,PEDESTRIAN,OTHER,Clear,DRY,Dark,TRAFFIC SIGNAL,NONE DETECTED,No,Possible Minor Injury,N/A,NOT DISTRACTED,MD,PICKUP TRUCK,MOVING CONSTANT SPEED,25,No,2013,CHEVEROLET,SILVERADO,38.99941732,-76.99638024,2022,12,17
220057574,Property Damage Crash,12/28/2022 04:30:00 PM,RANDOLPH RD,NA,HEAD ON LEFT TURN,Clear,DRY,Daylight,NO CONTROLS,NONE DETECTED,Yes,No Apparent Injury,N/A,NOT DISTRACTED,MD,PASSENGER CAR,MAKING LEFT TURN,35,No,2017,HYUN,4S,39.06684333,-77.01983,2022,12,16
220057574,Property Damage Crash,12/28/2022 04:30:00 PM,RANDOLPH RD,NA,HEAD ON LEFT TURN,Clear,DRY,Daylight,NO CONTROLS,NONE DETECTED,No,No Apparent Injury,N/A,NOT DISTRACTED,MD,PASSENGER CAR,MOVING CONSTANT SPEED,35,No,2010,HYUN,4S,39.06684333,-77.01983,2022,12,16
220057563,Property Damage Crash,12/28/2022 03:56:00 PM,RANDOLPH RD,NA,SAME DIR REAR END,Clear,DRY,Daylight,N/A,NONE DETECTED,No,No Apparent Injury,N/A,NOT DISTRACTED,MD,PASSENGER CAR,SLOWING OR STOPPING,35,No,2000,NISSAN,MAXIMA,39.05819505,-77.07115327,2022,12,15
220057563,Property Damage Crash,12/28/2022 03:56:00 PM,RANDOLPH RD,NA,SAME DIR REAR END,Clear,DRY,Daylight,N/A,NONE DETECTED,No,No Apparent Injury,N/A,NOT DISTRACTED,MD,PASSENGER CAR,STOPPED IN TRAFFIC LANE,35,No,2020,TOYOTA,COROLLA,39.05819505,-77.07115327,2022,12,15
220057563,Property Damage Crash,12/28/2022 03:56:00 PM,RANDOLPH RD,NA,SAME DIR REAR END,Clear,DRY,Daylight,N/A,NONE DETECTED,Yes,No Apparent Injury,N/A,NOT DISTRACTED,MD,PASSENGER CAR,SLOWING OR STOPPING,35,No,2022,KIA,FORTE,39.05819505,-77.07115327,2022,12,15
220057563,Property Damage Crash,12/28/2022 03:56:00 PM,RANDOLPH RD,NA,SAME DIR REAR END,Clear,DRY,Daylight,N/A,NONE DETECTED,No,No Apparent Injury,N/A,NOT DISTRACTED,MD,PASSENGER CAR,SLOWING OR STOPPING,35,No,2016,TOYOTA,RAV4,39.05819505,-77.07115327,2022,12,15
220057551,Injury Crash,12/28/2022 03:23:00 PM,SEMINARY PL,NA,STRAIGHT MOVEMENT ANGLE,Clear,DRY,Daylight,NO CONTROLS,NONE DETECTED,No,No Apparent Injury,N/A,NOT DISTRACTED,MD,PASSENGER CAR,MOVING CONSTANT SPEED,30,No,2013,TOYT,4S,39.009596,-77.0414875,2022,12,15
220057551,Injury Crash,12/28/2022 03:23:00 PM,SEMINARY PL,NA,STRAIGHT MOVEMENT ANGLE,Clear,DRY,Daylight,NO CONTROLS,NONE DETECTED,Yes,Possible Minor Injury,N/A,LOOKED BUT DID NOT SEE,MD,PASSENGER CAR,ACCELERATING,30,No,2019,HYUN,4S,39.009596,-77.0414875,2022,12,15
220057553,Injury Crash,12/28/2022 03:17:00 PM,ROCKVILLE PIKE,NA,OTHER,Clear,DRY,Daylight,TRAFFIC SIGNAL,NONE DETECTED,No,No Apparent Injury,N/A,NOT DISTRACTED,MD,VAN,STOPPED IN TRAFFIC LANE,35,No,2019,HONDA,ODYSSEY,39.0066805,-77.09763383,2022,12,15
220057553,Injury Crash,12/28/2022 03:17:00 PM,ROCKVILLE PIKE,NA,OTHER,Clear,DRY,Daylight,TRAFFIC SIGNAL,NONE DETECTED,No,Possible Minor Injury,N/A,NOT DISTRACTED,MD,(SPORT) UTILITY VEHICLE,STOPPED IN TRAFFIC LANE,35,No,2011,CHEVROLET,SUBURBAN,39.0066805,-77.09763383,2022,12,15
220057553,Injury Crash,12/28/2022 03:17:00 PM,ROCKVILLE PIKE,NA,OTHER,Clear,DRY,Daylight,TRAFFIC SIGNAL,NONE DETECTED,Yes,Suspected Serious Injury,N/A,OTHER DISTRACTION,MD,PASSENGER CAR,MOVING CONSTANT SPEED,35,No,2019,HYUNDAI,ELANTRA,39.0066805,-77.09763383,2022,12,15
220057555,Injury Crash,12/28/2022 03:08:00 PM,WISTERIA DR,NA,OTHER,Clear,DRY,Daylight,NO CONTROLS,NONE DETECTED,Yes,No Apparent Injury,N/A,NOT DISTRACTED,MA,PASSENGER CAR,BACKING,15,No,2013,MITS,OUTLANDER,39.17490667,-77.26737333,2022,12,15
220057555,Injury Crash,12/28/2022 03:08:00 PM,WISTERIA DR,NA,OTHER,Clear,DRY,Daylight,NO CONTROLS,NONE DETECTED,No,No Apparent Injury,N/A,NOT DISTRACTED,MD,PASSENGER CAR,MOVING CONSTANT SPEED,15,No,2018,MERZ,VN,39.17490667,-77.26737333,2022,12,15
220057547,Property Damage Crash,12/28/2022 02:36:00 PM,GEORGIA AVE,NA,SAME DIRECTION RIGHT TURN,Clear,DRY,Daylight,NO CONTROLS,NONE DETECTED,Yes,No Apparent Injury,N/A,UNKNOWN,MD,PASSENGER CAR,CHANGING LANES,30,No,2005,SCION,2D,39.15085625,-77.06704481,2022,12,14
220057547,Property Damage Crash,12/28/2022 02:36:00 PM,GEORGIA AVE,NA,SAME DIRECTION RIGHT TURN,Clear,DRY,Daylight,NO CONTROLS,NONE DETECTED,No,No Apparent Injury,N/A,NOT DISTRACTED,MD,PASSENGER CAR,MOVING CONSTANT SPEED,30,No,2016,BMW,328,39.15085625,-77.06704481,2022,12,14
220057538,Injury Crash,12/28/2022 02:00:00 PM,SNOUFFERS SCHOOL RD,PEDESTRIAN,SINGLE VEHICLE,Clear,DRY,Daylight,TRAFFIC SIGNAL,NONE DETECTED,Yes,No Apparent Injury,N/A,UNKNOWN,NA,NA,ACCELERATING,40,No,0,UNKNOWN,UNKNOWN,39.16250556,-77.1657427,2022,12,14
220057525,Injury Crash,12/28/2022 01:05:00 PM,NA,NA,SINGLE VEHICLE,Clear,NA,Daylight,N/A,NONE DETECTED,Yes,Possible Minor Injury,N/A,NOT DISTRACTED,MD,PASSENGER CAR,PARKING,0,No,2006,HONDA,ACCORD,39.04978667,-77.108725,2022,12,13
220057518,Property Damage Crash,12/28/2022 11:30:00 AM,PROSPERITY DR,NA,SAME DIRECTION LEFT TURN,Clear,DRY,Daylight,NO CONTROLS,NONE DETECTED,Yes,No Apparent Injury,N/A,UNKNOWN,MD,TRANSIT BUS,CHANGING LANES,35,No,2011,GILL,BUS,39.06145333,-76.96081167,2022,12,11
220057518,Property Damage Crash,12/28/2022 11:30:00 AM,PROSPERITY DR,NA,SAME DIRECTION LEFT TURN,Clear,DRY,Daylight,NO CONTROLS,NONE DETECTED,No,No Apparent Injury,N/A,NOT DISTRACTED,MD,PASSENGER CAR,MOVING CONSTANT SPEED,35,No,2015,CHEVROLET,SILVERADO,39.06145333,-76.96081167,2022,12,11
220057499,Property Damage Crash,12/28/2022 08:30:00 AM,VEIRS MILL RD,NA,SAME DIR REAR END,Clear,DRY,Daylight,TRAFFIC SIGNAL,NONE DETECTED,No,No Apparent Injury,N/A,NOT DISTRACTED,MD,PASSENGER CAR,STOPPED IN TRAFFIC LANE,40,No,2015,FORD,TK,39.07848817,-77.13071467,2022,12,8
220057499,Property Damage Crash,12/28/2022 08:30:00 AM,VEIRS MILL RD,NA,SAME DIR REAR END,Clear,DRY,Daylight,TRAFFIC SIGNAL,DRUG PRESENT,Yes,No Apparent Injury,N/A,UNKNOWN,MD,PASSENGER CAR,SLOWING OR STOPPING,40,No,2014,VW,PASSAT,39.07848817,-77.13071467,2022,12,8
220057481,Injury Crash,12/27/2022 11:05:00 PM,GEORGIA AVE,NA,SAME DIR REAR END,Clear,DRY,Medium,NO CONTROLS,NONE DETECTED,No,Possible Minor Injury,N/A,NOT DISTRACTED,MD,PASSENGER CAR,MOVING CONSTANT SPEED,25,No,2020,TOYT,UT,39.05491817,-77.05015767,2022,12,23
220057481,Injury Crash,12/27/2022 11:05:00 PM,GEORGIA AVE,NA,SAME DIR REAR END,Clear,DRY,Medium,NO CONTROLS,NONE DETECTED,Yes,No Apparent Injury,N/A,LOOKED BUT DID NOT SEE,VA,PASSENGER CAR,SLOWING OR STOPPING,25,No,2015,MAZDA,4DR,39.05491817,-77.05015767,2022,12,23
220057467,Property Damage Crash,12/27/2022 07:48:00 PM,BRIGGS CHANEY RD,NA,OTHER,Clear,DRY,Dark,NO CONTROLS,NONE DETECTED,No,No Apparent Injury,N/A,NOT DISTRACTED,MD,PASSENGER CAR,MOVING CONSTANT SPEED,35,No,2018,TOYOTA,COROLLA,39.06870667,-76.93716833,2022,12,19
220057467,Property Damage Crash,12/27/2022 07:48:00 PM,BRIGGS CHANEY RD,NA,OTHER,Clear,DRY,Dark,NO CONTROLS,NONE DETECTED,Yes,No Apparent Injury,N/A,UNKNOWN,NA,PICKUP TRUCK,MAKING LEFT TURN,35,No,2018,DODGE,RAM,39.06870667,-76.93716833,2022,12,19
220057445,Property Damage Crash,12/27/2022 05:57:00 PM,MIDDLEBROOK RD,NA,STRAIGHT MOVEMENT ANGLE,Clear,DRY,Medium,STOP SIGN,NONE DETECTED,Yes,No Apparent Injury,N/A,LOOKED BUT DID NOT SEE,MD,PASSENGER CAR,ENTERING TRAFFIC LANE,35,No,2012,HOND,CIVIC,39.18306,-77.27081167,2022,12,17
220057445,Property Damage Crash,12/27/2022 05:57:00 PM,MIDDLEBROOK RD,NA,STRAIGHT MOVEMENT ANGLE,Clear,DRY,Medium,STOP SIGN,NONE DETECTED,No,No Apparent Injury,N/A,NOT DISTRACTED,MD,PASSENGER CAR,MOVING CONSTANT SPEED,35,No,2014,AUDI,SUV,39.18306,-77.27081167,2022,12,17