Local Case Number,ACRS Report Type,Crash Date/Time,Road Name,Related Non-Motorist,Collision Type,Weather,Surface Condition,Light,Traffic Control,Driver Substance Abuse,Driver At Fault,Injury Severity,Circumstance,Driver Distracted By,Drivers License State,Vehicle Body Type,Vehicle Movement,Speed Limit,Driverless Vehicle,Vehicle Year,Vehicle Make,Vehicle Model,Latitude,Longitude,Year,Month,Hour
220057167,Property Damage Crash,12/25/2022 12:24:00 AM,TURKEY BRANCH PKWY,NA,SAME DIRECTION SIDESWIPE,Clear,DRY,Medium,NO CONTROLS,NONE DETECTED,Yes,No Apparent Injury,N/A,UNKNOWN,NA,PASSENGER CAR,MOVING CONSTANT SPEED,35,No,2015,TOYOTA,COROLLA,39.06454531,-77.0878704,2022,12,0
220057163,Property Damage Crash,12/24/2022 11:16:00 PM,OAKVIEW DR,NA,SINGLE VEHICLE,Clear,DRY,Medium,N/A,NONE DETECTED,No,No Apparent Injury,N/A,NOT DISTRACTED,MD,PASSENGER CAR,MOVING CONSTANT SPEED,35,No,2008,SATURN,VUE,39.01554667,-76.97801667,2022,12,23
220057140,Property Damage Crash,12/24/2022 06:15:00 PM,FOX VALLEY DR,NA,HEAD ON,Clear,DRY,Medium,NO CONTROLS,NONE DETECTED,Yes,No Apparent Injury,N/A,NOT DISTRACTED,MD,PASSENGER CAR,MOVING CONSTANT SPEED,25,No,2019,LEXUS,TK,39.12335117,-77.08195933,2022,12,18
220057140,Property Damage Crash,12/24/2022 06:15:00 PM,FOX VALLEY DR,NA,HEAD ON,Clear,DRY,Medium,NO CONTROLS,NONE DETECTED,No,No Apparent Injury,N/A,NOT DISTRACTED,MD,PASSENGER CAR,MOVING CONSTANT SPEED,25,No,2014,HOND,SD,39.12335117,-77.08195933,2022,12,18
220057137,Property Damage Crash,12/24/2022 06:04:00 PM,EASLEY ST,NA,HEAD ON,Clear,DRY,Medium,NO CONTROLS,NONE DETECTED,Yes,No Apparent Injury,N/A,DISTRACTED BY OUTSIDE PERSON OBJECT OR EVENT,MD,PASSENGER CAR,MOVING CONSTANT SPEED,25,No,2017,HYAUNDAI,ELANTRA,38.99398083,-77.02371317,2022,12,18
220057123,Property Damage Crash,12/24/2022 03:23:00 PM,REDLAND BLVD,NA,ANGLE MEETS RIGHT TURN,Clear,DRY,Daylight,NO CONTROLS,NONE DETECTED,No,No Apparent Injury,N/A,NOT DISTRACTED,MD,PICKUP TRUCK,MOVING CONSTANT SPEED,30,No,2019,FORD,TK,39.11400033,-77.16887712,2022,12,15
220057123,Property Damage Crash,12/24/2022 03:23:00 PM,REDLAND BLVD,NA,ANGLE MEETS RIGHT TURN,Clear,DRY,Daylight,NO CONTROLS,NONE DETECTED,Yes,No Apparent Injury,N/A,NOT DISTRACTED,PA,PASSENGER CAR,MAKING RIGHT TURN,30,No,2013,HONDA,SDN,39.11400033,-77.16887712,2022,12,15
220057121,Injury Crash,12/24/2022 02:36:00 PM,NEW HAMPSHIRE AVE,NA,STRAIGHT MOVEMENT ANGLE,Clear,DRY,Daylight,NO CONTROLS,NONE DETECTED,No,Possible Minor Injury,N/A,NOT DISTRACTED,MD,PASSENGER CAR,MOVING CONSTANT SPEED,45,No,2022,FORD,MAVERICK,39.09946233,-77.00345483,2022,12,14
220057121,Injury Crash,12/24/2022 02:36:00 PM,NEW HAMPSHIRE AVE,NA,STRAIGHT MOVEMENT ANGLE,Clear,DRY,Daylight,NO CONTROLS,NONE DETECTED,Yes,Possible Minor Injury,N/A,NOT DISTRACTED,MD,PASSENGER CAR,MAKING LEFT TURN,45,No,2014,HONDA,CR-V,39.09946233,-77.00345483,2022,12,14
220057113,Property Damage Crash,12/24/2022 01:22:00 PM,CHERRY HILL RD,NA,STRAIGHT MOVEMENT ANGLE,Clear,DRY,Daylight,NO CONTROLS,NONE DETECTED,Yes,No Apparent Injury,N/A,LOOKED BUT DID NOT SEE,MD,PASSENGER CAR,MAKING LEFT TURN,35,No,2000,LEXUS,ES,39.05244667,-76.95407833,2022,12,13
220057113,Property Damage Crash,12/24/2022 01:22:00 PM,CHERRY HILL RD,NA,STRAIGHT MOVEMENT ANGLE,Clear,DRY,Daylight,NO CONTROLS,NONE DETECTED,No,No Apparent Injury,N/A,NOT DISTRACTED,MD,PASSENGER CAR,MOVING CONSTANT SPEED,35,No,2017,HONDA,CIVIC,39.05244667,-76.95407833,2022,12,13
220057105,Property Damage Crash,12/24/2022 12:25:00 PM,NA,NA,SINGLE VEHICLE,Clear,NA,Daylight,N/A,NONE DETECTED,Yes,No Apparent Injury,N/A,UNKNOWN,MD,(SPORT) UTILITY VEHICLE,BACKING,0,No,2024,HYUNDAI,TUCSON,38.97285333,-77.09118167,2022,12,12
220057110,Property Damage Crash,12/24/2022 12:25:00 PM,TEACHERS WAY,NA,OTHER,Clear,DRY,Daylight,NO CONTROLS,NONE DETECTED,No,No Apparent Injury,N/A,NOT DISTRACTED,CA,PASSENGER CAR,PARKED,25,No,2015,MAZDA,6,39.14311249,-77.19184922,2022,12,12
220057110,Property Damage Crash,12/24/2022 12:25:00 PM,TEACHERS WAY,NA,OTHER,Clear,DRY,Daylight,NO CONTROLS,NONE DETECTED,Yes,No Apparent Injury,N/A,UNKNOWN,NA,NA,MOVING CONSTANT SPEED,25,No,0,UNKNOWN,UNKNOWN,39.14311249,-77.19184922,2022,12,12
220057108,Property Damage Crash,12/24/2022 12:24:00 PM,ELKIN ST,NA,SAME DIRECTION SIDESWIPE,Clear,DRY,Medium,NO CONTROLS,NONE DETECTED,Yes,No Apparent Injury,N/A,UNKNOWN,NA,UNKNOWN,UNKNOWN,25,No,0,UNKNOWN,UNKNOWN,39.04355783,-77.049771,2022,12,12
220057103,Property Damage Crash,12/24/2022 12:10:00 PM,CARROLL AVE,NA,SAME DIR REAR END,Clear,DRY,Daylight,N/A,NONE DETECTED,No,No Apparent Injury,N/A,NOT DISTRACTED,NA,PASSENGER CAR,STOPPED IN TRAFFIC LANE,25,No,2020,MERCEDES,UNK,38.9746704,-77.01252768,2022,12,12
220057103,Property Damage Crash,12/24/2022 12:10:00 PM,CARROLL AVE,NA,SAME DIR REAR END,Clear,DRY,Daylight,N/A,NONE DETECTED,Yes,No Apparent Injury,N/A,UNKNOWN,MD,PASSENGER CAR,MOVING CONSTANT SPEED,25,No,2013,ACURA,RDX,38.9746704,-77.01252768,2022,12,12
220057100,Property Damage Crash,12/24/2022 11:30:00 AM,QUINCE ORCHARD RD,NA,SAME DIR REAR END,Clear,DRY,Daylight,TRAFFIC SIGNAL,NONE DETECTED,No,No Apparent Injury,N/A,NOT DISTRACTED,MD,(SPORT) UTILITY VEHICLE,SLOWING OR STOPPING,40,No,2018,HONDA,HRV,39.13518193,-77.22364443,2022,12,11
220057100,Property Damage Crash,12/24/2022 11:30:00 AM,QUINCE ORCHARD RD,NA,SAME DIR REAR END,Clear,DRY,Daylight,TRAFFIC SIGNAL,NONE DETECTED,No,No Apparent Injury,N/A,NOT DISTRACTED,MD,STATION WAGON,SLOWING OR STOPPING,40,No,2018,FORD,UT,39.13518193,-77.22364443,2022,12,11
220057100,Property Damage Crash,12/24/2022 11:30:00 AM,QUINCE ORCHARD RD,NA,SAME DIR REAR END,Clear,DRY,Daylight,TRAFFIC SIGNAL,NONE DETECTED,Yes,No Apparent Injury,N/A,LOOKED BUT DID NOT SEE,MD,PASSENGER CAR,SLOWING OR STOPPING,40,No,2016,TOYOTA,COROLLA,39.13518193,-77.22364443,2022,12,11
220057100,Property Damage Crash,12/24/2022 11:30:00 AM,QUINCE ORCHARD RD,NA,SAME DIR REAR END,Clear,DRY,Daylight,TRAFFIC SIGNAL,NONE DETECTED,No,No Apparent Injury,N/A,NOT DISTRACTED,MD,(SPORT) UTILITY VEHICLE,SLOWING OR STOPPING,40,No,2021,NISSAN,MURANO,39.13518193,-77.22364443,2022,12,11
220057099,Property Damage Crash,12/24/2022 10:22:00 AM,NA,NA,OTHER,Clear,NA,Daylight,NO CONTROLS,NONE DETECTED,Yes,No Apparent Injury,N/A,UNKNOWN,NA,PICKUP TRUCK,BACKING,0,No,2012,TOYOTA,TK,39.14260401,-77.19373908,2022,12,10
220057088,Property Damage Crash,12/24/2022 09:33:00 AM,KEY WEST AVE,NA,STRAIGHT MOVEMENT ANGLE,Clear,DRY,Daylight,TRAFFIC SIGNAL,NONE DETECTED,No,No Apparent Injury,"N/A, VISION OBSTRUCTION (INCL. BLINDED BY SUN)",NOT DISTRACTED,MD,PASSENGER CAR,MAKING LEFT TURN,40,No,2014,VOLK,4S,39.10349833,-77.20632333,2022,12,9
220057088,Property Damage Crash,12/24/2022 09:33:00 AM,KEY WEST AVE,NA,STRAIGHT MOVEMENT ANGLE,Clear,DRY,Daylight,TRAFFIC SIGNAL,NONE DETECTED,Yes,No Apparent Injury,"N/A, VISION OBSTRUCTION (INCL. BLINDED BY SUN)",UNKNOWN,MD,(SPORT) UTILITY VEHICLE,MOVING CONSTANT SPEED,50,No,2017,HOND,CRV,39.10349833,-77.20632333,2022,12,9
220057298,Property Damage Crash,12/24/2022 05:00:00 AM,MILES ST,NA,UNKNOWN,Clear,WET,Medium,NO CONTROLS,NONE DETECTED,Yes,No Apparent Injury,N/A,UNKNOWN,NA,NA,UNKNOWN,0,No,0,UNKNOWN,UNKNOWN,39.00255596,-76.99093675,2022,12,5
220057069,Fatal Crash,12/24/2022 04:24:00 AM,SLIGO AVE,NA,SINGLE VEHICLE,Clear,DRY,Medium,TRAFFIC SIGNAL,ALCOHOL PRESENT,Yes,Fatal Injury,N/A,UNKNOWN,XX,PASSENGER CAR,NEGOTIATING A CURVE,20,No,2007,SCION,TC,38.99140167,-77.01028167,2022,12,4
220057066,Property Damage Crash,12/24/2022 04:04:00 AM,ELKIN ST,NA,SAME DIR REAR END,Clear,DRY,Medium,N/A,ALCOHOL PRESENT,Yes,No Apparent Injury,N/A,INATTENTIVE OR LOST IN THOUGHT,MD,PASSENGER CAR,MOVING CONSTANT SPEED,25,No,2008,LEXUS,LS460,39.04347167,-77.04984833,2022,12,4
220057065,Property Damage Crash,12/24/2022 04:00:00 AM,ROLLINS AVE,NA,SINGLE VEHICLE,Clear,DRY,Medium,NO CONTROLS,NONE DETECTED,Yes,No Apparent Injury,N/A,LOOKED BUT DID NOT SEE,MD,PASSENGER CAR,ACCELERATING,15,No,2019,DODGE,CHARGER,39.05827583,-77.12542567,2022,12,4
220057064,Property Damage Crash,12/24/2022 03:35:00 AM,NORBECK RD,NA,STRAIGHT MOVEMENT ANGLE,Clear,DRY,Medium,TRAFFIC SIGNAL,NONE DETECTED,Yes,No Apparent Injury,N/A,NOT DISTRACTED,DC,PASSENGER CAR,MOVING CONSTANT SPEED,35,No,2022,TOYOTA,HIGHLANDER,39.109045,-77.08014333,2022,12,3
220057064,Property Damage Crash,12/24/2022 03:35:00 AM,NORBECK RD,NA,STRAIGHT MOVEMENT ANGLE,Clear,DRY,Medium,TRAFFIC SIGNAL,NONE DETECTED,No,No Apparent Injury,N/A,NOT DISTRACTED,MD,PASSENGER CAR,MOVING CONSTANT SPEED,35,No,2016,HOND,TK,39.109045,-77.08014333,2022,12,3
220057063,Property Damage Crash,12/24/2022 03:00:00 AM,EAST WEST HWY,NA,OTHER,Clear,DRY,Medium,N/A,NONE DETECTED,Yes,No Apparent Injury,N/A,UNKNOWN,MD,PASSENGER CAR,MAKING LEFT TURN,30,No,2017,JEEP,GRAND CHEROKEE,38.98880333,-77.02788167,2022,12,3
220057062,Property Damage Crash,12/24/2022 02:36:00 AM,CAPITAL BELTWAY,NA,SAME DIRECTION SIDESWIPE,Clear,DRY,Medium,NO CONTROLS,NONE DETECTED,No,No Apparent Injury,N/A,NOT DISTRACTED,MD,PASSENGER CAR,ACCELERATING,55,No,1990,TOYOTA,4S,39.0132719,-77.03810853,2022,12,2
220057062,Property Damage Crash,12/24/2022 02:36:00 AM,CAPITAL BELTWAY,NA,SAME DIRECTION SIDESWIPE,Clear,DRY,Medium,NO CONTROLS,NONE DETECTED,Yes,No Apparent Injury,N/A,UNKNOWN,MD,PASSENGER CAR,ACCELERATING,55,No,1997,JEEP,WRANGLER,39.0132719,-77.03810853,2022,12,2
220057060,Property Damage Crash,12/24/2022 02:29:00 AM,WIGHTMAN RD,NA,HEAD ON,Clear,DRY,Dark,NO CONTROLS,NONE DETECTED,No,No Apparent Injury,N/A,NOT DISTRACTED,MD,PASSENGER CAR,MOVING CONSTANT SPEED,35,No,2019,JEEP,GRAND CHEROKEE,39.18924083,-77.1907465,2022,12,2
220057060,Property Damage Crash,12/24/2022 02:29:00 AM,WIGHTMAN RD,NA,HEAD ON,Clear,DRY,Dark,NO CONTROLS,ALCOHOL PRESENT,Yes,No Apparent Injury,N/A,UNKNOWN,MD,PASSENGER CAR,MOVING CONSTANT SPEED,35,No,2016,NISSIAN,JUKE,39.18924083,-77.1907465,2022,12,2
220057049,Property Damage Crash,12/23/2022 11:37:00 PM,LAYHILL RD,NA,SAME DIR REAR END,Clear,DRY,Medium,NO CONTROLS,ALCOHOL PRESENT,Yes,No Apparent Injury,N/A,INATTENTIVE OR LOST IN THOUGHT,MD,PASSENGER CAR,MOVING CONSTANT SPEED,40,No,2012,NISSAN,VERSA,39.08554979,-77.04562697,2022,12,23
220057049,Property Damage Crash,12/23/2022 11:37:00 PM,LAYHILL RD,NA,SAME DIR REAR END,Clear,DRY,Medium,NO CONTROLS,NONE DETECTED,No,No Apparent Injury,N/A,NOT DISTRACTED,MD,PASSENGER CAR,MOVING CONSTANT SPEED,40,No,2014,JEEP,WRANGLER,39.08554979,-77.04562697,2022,12,23
220057045,Property Damage Crash,12/23/2022 10:50:00 PM,RANDOLPH RD,NA,HEAD ON LEFT TURN,Clear,DRY,Medium,TRAFFIC SIGNAL,NONE DETECTED,Yes,No Apparent Injury,N/A,UNKNOWN,MD,PASSENGER CAR,MAKING LEFT TURN,35,No,2020,FORD,FUSION,39.05695367,-77.07334985,2022,12,22
220057045,Property Damage Crash,12/23/2022 10:50:00 PM,RANDOLPH RD,NA,HEAD ON LEFT TURN,Clear,DRY,Medium,TRAFFIC SIGNAL,NONE DETECTED,No,No Apparent Injury,N/A,NOT DISTRACTED,MD,(SPORT) UTILITY VEHICLE,MOVING CONSTANT SPEED,35,No,2018,JEEP,WRANGLER,39.05695367,-77.07334985,2022,12,22
220057039,Injury Crash,12/23/2022 09:05:00 PM,GOSHEN RD,NA,STRAIGHT MOVEMENT ANGLE,Clear,DRY,Medium,TRAFFIC SIGNAL,NONE DETECTED,Yes,No Apparent Injury,N/A,NOT DISTRACTED,MD,PICKUP TRUCK,MAKING LEFT TURN,30,No,2000,TOYT,TACOMA,39.1525789,-77.1925063,2022,12,21
220057039,Injury Crash,12/23/2022 09:05:00 PM,GOSHEN RD,NA,STRAIGHT MOVEMENT ANGLE,Clear,DRY,Medium,TRAFFIC SIGNAL,NONE DETECTED,No,Possible Minor Injury,N/A,NOT DISTRACTED,MD,PASSENGER CAR,MOVING CONSTANT SPEED,30,No,2013,TOYT,CAMRY,39.1525789,-77.1925063,2022,12,21
220057209,Property Damage Crash,12/23/2022 09:00:00 PM,NA,NA,OTHER,Clear,NA,Medium,NO CONTROLS,NONE DETECTED,Yes,No Apparent Injury,N/A,NOT DISTRACTED,MD,PASSENGER CAR,BACKING,0,No,2019,TOYOTA,CHR,39.02956538,-77.04848893,2022,12,21
220057035,Property Damage Crash,12/23/2022 08:51:00 PM,MUNCASTER MILL RD,NA,SAME DIR REAR END,Clear,DRY,Medium,NO CONTROLS,NONE DETECTED,No,No Apparent Injury,N/A,NOT DISTRACTED,MD,PASSENGER CAR,STOPPED IN TRAFFIC LANE,35,No,2017,TOYT,SD,39.14523867,-77.143249,2022,12,20
220057035,Property Damage Crash,12/23/2022 08:51:00 PM,MUNCASTER MILL RD,NA,SAME DIR REAR END,Clear,DRY,Medium,NO CONTROLS,NONE DETECTED,Yes,No Apparent Injury,N/A,UNKNOWN,MD,PASSENGER CAR,MOVING CONSTANT SPEED,35,No,2012,CHRY,PV,39.14523867,-77.143249,2022,12,20
220057036,Property Damage Crash,12/23/2022 08:46:00 PM,RUSSELL AVE,NA,SAME DIRECTION SIDESWIPE,Clear,DRY,Dark,STOP SIGN,NONE DETECTED,Yes,No Apparent Injury,N/A,LOOKED BUT DID NOT SEE,NA,NA,SLOWING OR STOPPING,25,No,0,UNKNOWN,UNKNOWN,39.14216163,-77.19650757,2022,12,20
220057036,Property Damage Crash,12/23/2022 08:46:00 PM,RUSSELL AVE,NA,SAME DIRECTION SIDESWIPE,Clear,DRY,Dark,STOP SIGN,NONE DETECTED,No,No Apparent Injury,N/A,NOT DISTRACTED,MD,TRANSIT BUS,PARKED,25,No,2014,GILLIG,L-FLOOR,39.14216163,-77.19650757,2022,12,20
220057027,Property Damage Crash,12/23/2022 08:05:00 PM,BRIARWOOD TERR,NA,HEAD ON,Clear,DRY,Medium,NO CONTROLS,NONE DETECTED,Yes,No Apparent Injury,N/A,DISTRACTED BY OUTSIDE PERSON OBJECT OR EVENT,MD,VAN,MOVING CONSTANT SPEED,30,No,2021,RAM,PROMASTER 3500,39.09028583,-77.09525817,2022,12,20
220057028,Property Damage Crash,12/23/2022 07:26:00 PM,COLESVILLE RD,NA,SAME DIRECTION SIDESWIPE,Clear,DRY,Medium,N/A,NONE DETECTED,No,No Apparent Injury,N/A,NOT DISTRACTED,MD,TRANSIT BUS,MOVING CONSTANT SPEED,35,No,2020,NOVB,BU,39.00009,-77.02568833,2022,12,19
220057028,Property Damage Crash,12/23/2022 07:26:00 PM,COLESVILLE RD,NA,SAME DIRECTION SIDESWIPE,Clear,DRY,Medium,N/A,NONE DETECTED,Yes,No Apparent Injury,N/A,LOOKED BUT DID NOT SEE,MD,PASSENGER CAR,STARTING FROM PARKED,35,No,2012,HOND,4S,39.00009,-77.02568833,2022,12,19
220057020,Property Damage Crash,12/23/2022 06:40:00 PM,CONNECTICUT AVE,NA,SAME DIRECTION SIDESWIPE,Clear,DRY,Medium,NO CONTROLS,NONE DETECTED,Yes,No Apparent Injury,N/A,UNKNOWN,MD,PASSENGER CAR,CHANGING LANES,35,No,2008,HONDA,CIVIC,39.0753765,-77.08001433,2022,12,18
220057020,Property Damage Crash,12/23/2022 06:40:00 PM,CONNECTICUT AVE,NA,SAME DIRECTION SIDESWIPE,Clear,DRY,Medium,NO CONTROLS,NONE DETECTED,No,No Apparent Injury,N/A,NOT DISTRACTED,MA,PASSENGER CAR,MOVING CONSTANT SPEED,35,No,2023,MAZDA,CX-5,39.0753765,-77.08001433,2022,12,18
220057016,Injury Crash,12/23/2022 06:20:00 PM,FREDERICK RD,NA,SAME DIRECTION RIGHT TURN,Clear,DRY,Medium,TRAFFIC SIGNAL,NONE DETECTED,No,No Apparent Injury,N/A,NOT DISTRACTED,MD,TRANSIT BUS,MAKING RIGHT TURN,25,No,2018,GILLIG,BUS,39.11735883,-77.16880733,2022,12,18
220057016,Injury Crash,12/23/2022 06:20:00 PM,FREDERICK RD,NA,SAME DIRECTION RIGHT TURN,Clear,DRY,Medium,TRAFFIC SIGNAL,NONE DETECTED,Yes,Possible Minor Injury,N/A,LOOKED BUT DID NOT SEE,DC,PASSENGER CAR,ENTERING TRAFFIC LANE,25,No,2018,TOYOTA,4D,39.11735883,-77.16880733,2022,12,18
220057012,Injury Crash,12/23/2022 06:15:00 PM,ANNAPOLIS ROCK RD,NA,SINGLE VEHICLE,Clear,DRY,Dark,NO CONTROLS,NONE DETECTED,Yes,Possible Minor Injury,N/A,OTHER CELLULAR PHONE RELATED,MD,VAN,MOVING CONSTANT SPEED,35,No,2019,FORD,CARGO VAN,39.27462117,-77.146751,2022,12,18
220057015,Property Damage Crash,12/23/2022 06:00:00 PM,ROCKVILLE PIKE,NA,STRAIGHT MOVEMENT ANGLE,Windy,DRY,Medium,TRAFFIC SIGNAL,NONE DETECTED,No,No Apparent Injury,N/A,NOT DISTRACTED,MD,PASSENGER CAR,MOVING CONSTANT SPEED,35,No,2015,NISSAN,JUKE,39.058626,-77.1205955,2022,12,18
220057015,Property Damage Crash,12/23/2022 06:00:00 PM,ROCKVILLE PIKE,NA,STRAIGHT MOVEMENT ANGLE,Windy,DRY,Medium,TRAFFIC SIGNAL,NONE DETECTED,Yes,No Apparent Injury,N/A,LOOKED BUT DID NOT SEE,MD,PASSENGER CAR,MAKING LEFT TURN,35,No,2011,TOYOTA,PRIUS,39.058626,-77.1205955,2022,12,18
220057001,Property Damage Crash,12/23/2022 04:25:00 PM,UNIVERSITY BLVD E,NA,SAME DIR REAR END,Clear,DRY,Daylight,NO CONTROLS,NONE DETECTED,No,No Apparent Injury,N/A,NOT DISTRACTED,MD,TRANSIT BUS,STOPPED IN TRAFFIC LANE,35,No,2013,NEW FLYER,XCELSIOR,38.994545,-76.99288833,2022,12,16
220057001,Property Damage Crash,12/23/2022 04:25:00 PM,UNIVERSITY BLVD E,NA,SAME DIR REAR END,Clear,DRY,Daylight,NO CONTROLS,NONE DETECTED,Yes,No Apparent Injury,N/A,INATTENTIVE OR LOST IN THOUGHT,MD,PASSENGER CAR,MAKING RIGHT TURN,30,No,2016,HONDA,CRV,38.994545,-76.99288833,2022,12,16
220056986,Injury Crash,12/23/2022 02:29:00 PM,KEY WEST AVE,NA,STRAIGHT MOVEMENT ANGLE,Clear,DRY,Daylight,TRAFFIC SIGNAL,NONE DETECTED,Yes,Suspected Serious Injury,N/A,UNKNOWN,MD,PASSENGER CAR,MOVING CONSTANT SPEED,40,No,2016,HONDA,ACCORD,39.10526017,-77.196706,2022,12,14
220056986,Injury Crash,12/23/2022 02:29:00 PM,KEY WEST AVE,NA,STRAIGHT MOVEMENT ANGLE,Clear,DRY,Daylight,TRAFFIC SIGNAL,NONE DETECTED,No,No Apparent Injury,N/A,NOT DISTRACTED,MD,(SPORT) UTILITY VEHICLE,MOVING CONSTANT SPEED,40,No,2022,LEXUS,RX,39.10526017,-77.196706,2022,12,14
220056984,Property Damage Crash,12/23/2022 02:00:00 PM,RAMP 1 FR IS 270 NB TO MD 117 WB,NA,SAME DIR REAR END,Clear,DRY,Daylight,TRAFFIC SIGNAL,NONE DETECTED,No,No Apparent Injury,N/A,NOT DISTRACTED,DC,PASSENGER CAR,SLOWING OR STOPPING,25,No,2017,NISSAN,MAXIMA,39.14055896,-77.21074097,2022,12,14
220056984,Property Damage Crash,12/23/2022 02:00:00 PM,RAMP 1 FR IS 270 NB TO MD 117 WB,NA,SAME DIR REAR END,Clear,DRY,Daylight,TRAFFIC SIGNAL,NONE DETECTED,No,No Apparent Injury,N/A,NOT DISTRACTED,VA,VAN,SLOWING OR STOPPING,25,No,2015,CHRYSLER,TOWN & COUNTRY,39.14055896,-77.21074097,2022,12,14
220056984,Property Damage Crash,12/23/2022 02:00:00 PM,RAMP 1 FR IS 270 NB TO MD 117 WB,NA,SAME DIR REAR END,Clear,DRY,Daylight,TRAFFIC SIGNAL,NONE DETECTED,Yes,No Apparent Injury,N/A,LOOKED BUT DID NOT SEE,MD,PASSENGER CAR,SLOWING OR STOPPING,25,No,2013,TOYOTA,COROLLA,39.14055896,-77.21074097,2022,12,14
220056980,Property Damage Crash,12/23/2022 01:15:00 PM,QUINCE ORCHARD RD,NA,SAME DIR REAR END,Clear,DRY,Daylight,NO CONTROLS,NONE DETECTED,Yes,No Apparent Injury,N/A,NOT DISTRACTED,MD,TRUCK TRACTOR,SLOWING OR STOPPING,40,No,2021,FRHT,ST,39.14212393,-77.22130978,2022,12,13
220056980,Property Damage Crash,12/23/2022 01:15:00 PM,QUINCE ORCHARD RD,NA,SAME DIR REAR END,Clear,DRY,Daylight,NO CONTROLS,NONE DETECTED,No,No Apparent Injury,N/A,NOT DISTRACTED,MD,PASSENGER CAR,SLOWING OR STOPPING,40,No,2014,DODGE,GRAND CARAVAN,39.14212393,-77.22130978,2022,12,13
220056975,Property Damage Crash,12/23/2022 12:45:00 PM,LAYTONSVILLE RD,NA,SAME DIR REAR END,Windy,WET,Daylight,NO CONTROLS,NONE DETECTED,Yes,No Apparent Injury,"DEBRIS OR OBSTRUCTION, N/A",UNKNOWN,MD,PASSENGER CAR,SLOWING OR STOPPING,45,No,2018,MITSUBISHI,OUTLANDER,39.23118667,-77.14232667,2022,12,12
220056975,Property Damage Crash,12/23/2022 12:45:00 PM,LAYTONSVILLE RD,NA,SAME DIR REAR END,Windy,WET,Daylight,NO CONTROLS,NONE DETECTED,No,No Apparent Injury,"DEBRIS OR OBSTRUCTION, N/A",NOT DISTRACTED,MD,VAN,STOPPED IN TRAFFIC LANE,45,No,2008,HONDA,ODYSSEY,39.23118667,-77.14232667,2022,12,12
220056972,Property Damage Crash,12/23/2022 12:25:00 PM,WISCONSIN AVE,NA,SAME DIR REAR END,Clear,DRY,Daylight,NO CONTROLS,NONE DETECTED,Yes,No Apparent Injury,N/A,LOOKED BUT DID NOT SEE,MD,(SPORT) UTILITY VEHICLE,CHANGING LANES,35,No,2013,VOLV,TK,38.99105167,-77.09555167,2022,12,12
220056972,Property Damage Crash,12/23/2022 12:25:00 PM,WISCONSIN AVE,NA,SAME DIR REAR END,Clear,DRY,Daylight,NO CONTROLS,NONE DETECTED,No,No Apparent Injury,N/A,NOT DISTRACTED,MD,TRANSIT BUS,MOVING CONSTANT SPEED,35,No,2013,METRO,BUS,38.99105167,-77.09555167,2022,12,12
220056971,Injury Crash,12/23/2022 12:24:00 PM,INTERCOUNTY CONNECTOR,NA,SINGLE VEHICLE,Cloudy,ICE,Daylight,NO CONTROLS,NONE DETECTED,Yes,Possible Minor Injury,"ICY OR SNOW-COVERED, SEVERE CROSSWINDS",NOT DISTRACTED,MD,POLICE VEHICLE/NON EMERGENCY,MOVING CONSTANT SPEED,60,No,2016,FORD,TAURUS,39.11352002,-77.06182851,2022,12,12
220056970,Injury Crash,12/23/2022 12:18:00 PM,PINEY BRANCH RD,NA,STRAIGHT MOVEMENT ANGLE,Clear,DRY,Daylight,NO CONTROLS,NONE DETECTED,No,No Apparent Injury,N/A,NOT DISTRACTED,MD,PASSENGER CAR,MOVING CONSTANT SPEED,35,No,2008,DODG,CARAVAN,38.998752,-76.9987665,2022,12,12
220056970,Injury Crash,12/23/2022 12:18:00 PM,PINEY BRANCH RD,NA,STRAIGHT MOVEMENT ANGLE,Clear,DRY,Daylight,NO CONTROLS,NONE DETECTED,Yes,No Apparent Injury,N/A,LOOKED BUT DID NOT SEE,MD,PASSENGER CAR,MAKING LEFT TURN,35,No,2007,CHEVROLET,COBALT,38.998752,-76.9987665,2022,12,12
220056970,Injury Crash,12/23/2022 12:18:00 PM,PINEY BRANCH RD,NA,STRAIGHT MOVEMENT ANGLE,Clear,DRY,Daylight,NO CONTROLS,NONE DETECTED,No,Possible Minor Injury,N/A,NOT DISTRACTED,MD,(SPORT) UTILITY VEHICLE,STOPPED IN TRAFFIC LANE,35,No,2015,NISSAN,PATHFINDER,38.998752,-76.9987665,2022,12,12
22002238,Property Damage Crash,12/23/2022 12:10:00 PM,MUNCASTER MILL RD,NA,SINGLE VEHICLE,Rain,WET,Dark,NO CONTROLS,ALCOHOL PRESENT,Yes,No Apparent Injury,N/A,NOT DISTRACTED,MD,VAN,MOVING CONSTANT SPEED,40,No,2003,CHEVROLET,ASTRO,39.13452224,-77.1232663,2022,12,12
220056968,Property Damage Crash,12/23/2022 12:07:00 PM,BUCKLODGE RD,NA,SINGLE VEHICLE,Clear,DRY,Daylight,N/A,NONE DETECTED,Yes,No Apparent Injury,N/A,NOT DISTRACTED,MD,(SPORT) UTILITY VEHICLE,MOVING CONSTANT SPEED,30,No,2008,SUBA,FORESTER,39.18707167,-77.343815,2022,12,12
220056956,Injury Crash,12/23/2022 11:25:00 AM,FREDERICK RD,NA,STRAIGHT MOVEMENT ANGLE,Windy,WET,Daylight,TRAFFIC SIGNAL,NONE DETECTED,No,Possible Minor Injury,N/A,NOT DISTRACTED,MD,PASSENGER CAR,ACCELERATING,25,No,2016,TOYOTA,RAV 4,39.11551017,-77.16611567,2022,12,11
220056956,Injury Crash,12/23/2022 11:25:00 AM,FREDERICK RD,NA,STRAIGHT MOVEMENT ANGLE,Windy,WET,Daylight,TRAFFIC SIGNAL,NONE DETECTED,Yes,No Apparent Injury,N/A,NOT DISTRACTED,MD,PASSENGER CAR,MOVING CONSTANT SPEED,40,No,2012,HOND,TK,39.11551017,-77.16611567,2022,12,11
220056955,Injury Crash,12/23/2022 10:52:00 AM,CABIN JOHN PKWY,NA,SINGLE VEHICLE,Rain,WET,Daylight,NO CONTROLS,NONE DETECTED,Yes,Possible Minor Injury,"RAIN, SNOW, WET",UNKNOWN,DC,PASSENGER CAR,MOVING CONSTANT SPEED,25,No,2001,GMC,YUKON,38.97064167,-77.14735333,2022,12,10
220056949,Injury Crash,12/23/2022 10:35:00 AM,GEORGIA AVE,NA,STRAIGHT MOVEMENT ANGLE,Windy,WET,Daylight,TRAFFIC SIGNAL,NONE DETECTED,Yes,No Apparent Injury,"RAIN, SNOW, WET",NOT DISTRACTED,MD,POLICE VEHICLE/EMERGENCY,MAKING LEFT TURN,35,No,2016,HOND,TK,39.08759167,-77.08003333,2022,12,10
220056949,Injury Crash,12/23/2022 10:35:00 AM,GEORGIA AVE,NA,STRAIGHT MOVEMENT ANGLE,Windy,WET,Daylight,TRAFFIC SIGNAL,NONE DETECTED,No,No Apparent Injury,"RAIN, SNOW, WET",NOT DISTRACTED,MD,PASSENGER CAR,MOVING CONSTANT SPEED,35,No,2019,BUIC,SW,39.08759167,-77.08003333,2022,12,10