Local Case Number,ACRS Report Type,Crash Date/Time,Road Name,Related Non-Motorist,Collision Type,Weather,Surface Condition,Light,Traffic Control,Driver Substance Abuse,Driver At Fault,Injury Severity,Circumstance,Driver Distracted By,Drivers License State,Vehicle Body Type,Vehicle Movement,Speed Limit,Driverless Vehicle,Vehicle Year,Vehicle Make,Vehicle Model,Latitude,Longitude,Year,Month,Hour
220056460,Property Damage Crash,12/20/2022 04:58:00 PM,RIVER RD,NA,STRAIGHT MOVEMENT ANGLE,Clear,DRY,Medium,TRAFFIC SIGNAL,NONE DETECTED,No,No Apparent Injury,N/A,NOT DISTRACTED,MD,PASSENGER CAR,STOPPED IN TRAFFIC LANE,30,No,2022,CHEVY,MAILIBU,38.96031053,-77.0968524,2022,12,16
220056460,Property Damage Crash,12/20/2022 04:58:00 PM,RIVER RD,NA,STRAIGHT MOVEMENT ANGLE,Clear,DRY,Medium,TRAFFIC SIGNAL,NONE DETECTED,No,No Apparent Injury,N/A,NOT DISTRACTED,MD,PASSENGER CAR,MOVING CONSTANT SPEED,35,No,2017,LEXUS,ES350,38.96031053,-77.0968524,2022,12,16
220056460,Property Damage Crash,12/20/2022 04:58:00 PM,RIVER RD,NA,STRAIGHT MOVEMENT ANGLE,Clear,DRY,Medium,TRAFFIC SIGNAL,NONE DETECTED,Yes,No Apparent Injury,N/A,UNKNOWN,MD,OTHER,ACCELERATING,30,No,2017,SUBARU,IMPREZA,38.96031053,-77.0968524,2022,12,16
220056453,Property Damage Crash,12/20/2022 04:31:00 PM,FENTON ST,NA,SAME DIRECTION SIDESWIPE,Clear,DRY,Daylight,FLASHING TRAFFIC SIGNAL,NONE DETECTED,No,No Apparent Injury,N/A,NOT DISTRACTED,MD,SCHOOL BUS,STOPPED IN TRAFFIC LANE,25,No,2018,FRHT,BUS,38.99229667,-77.02425,2022,12,16
220056453,Property Damage Crash,12/20/2022 04:31:00 PM,FENTON ST,NA,SAME DIRECTION SIDESWIPE,Clear,DRY,Daylight,FLASHING TRAFFIC SIGNAL,NONE DETECTED,Yes,No Apparent Injury,N/A,UNKNOWN,NA,UNKNOWN,PASSING,25,Unknown,0,UNKNOWN,UNKNOWN,38.99229667,-77.02425,2022,12,16
220056451,Property Damage Crash,12/20/2022 04:20:00 PM,DARNESTOWN RD,NA,SINGLE VEHICLE,Clear,DRY,Medium,NO CONTROLS,NONE DETECTED,No,No Apparent Injury,"ANIMAL, N/A",NOT DISTRACTED,MD,SCHOOL BUS,MOVING CONSTANT SPEED,50,No,2021,THMS,SB,39.1276664,-77.3325565,2022,12,16
220056438,Property Damage Crash,12/20/2022 03:57:00 PM,CHERRY HILL RD,NA,SAME DIR REAR END,Clear,DRY,Daylight,TRAFFIC SIGNAL,NONE DETECTED,Yes,No Apparent Injury,N/A,UNKNOWN,MD,PASSENGER CAR,ACCELERATING,40,No,2016,HYUN,SD,39.05658433,-76.95459917,2022,12,15
220056438,Property Damage Crash,12/20/2022 03:57:00 PM,CHERRY HILL RD,NA,SAME DIR REAR END,Clear,DRY,Daylight,TRAFFIC SIGNAL,NONE DETECTED,No,No Apparent Injury,N/A,NOT DISTRACTED,MD,(SPORT) UTILITY VEHICLE,STOPPED IN TRAFFIC LANE,40,No,2019,JEEP,TK,39.05658433,-76.95459917,2022,12,15
220056444,Property Damage Crash,12/20/2022 03:07:00 PM,SPRING ST,NA,SAME DIR REAR END,Clear,DRY,Daylight,TRAFFIC SIGNAL,NONE DETECTED,No,No Apparent Injury,N/A,NOT DISTRACTED,MD,PASSENGER CAR,STOPPED IN TRAFFIC LANE,25,No,2022,LEXUS,CV,38.99895167,-77.02466167,2022,12,15
220056444,Property Damage Crash,12/20/2022 03:07:00 PM,SPRING ST,NA,SAME DIR REAR END,Clear,DRY,Daylight,TRAFFIC SIGNAL,NONE DETECTED,Yes,No Apparent Injury,N/A,OTHER DISTRACTION,MD,SCHOOL BUS,SLOWING OR STOPPING,25,No,2015,FRHT,BUS,38.99895167,-77.02466167,2022,12,15
220056426,Injury Crash,12/20/2022 02:45:00 PM,HUNGERFORD DR,NA,SAME DIR REAR END,Clear,DRY,Daylight,NO CONTROLS,NONE DETECTED,Yes,No Apparent Injury,N/A,NOT DISTRACTED,MD,PASSENGER CAR,MOVING CONSTANT SPEED,35,No,2022,TESLA,Y,39.0908432,-77.15273981,2022,12,14
220056426,Injury Crash,12/20/2022 02:45:00 PM,HUNGERFORD DR,NA,SAME DIR REAR END,Clear,DRY,Daylight,NO CONTROLS,NONE DETECTED,No,Possible Minor Injury,N/A,NOT DISTRACTED,MD,PASSENGER CAR,MOVING CONSTANT SPEED,35,No,2003,STRN,4S,39.0908432,-77.15273981,2022,12,14
220056416,Property Damage Crash,12/20/2022 01:30:00 PM,COLESVILLE RD,NA,SAME DIR REAR END,Clear,DRY,Daylight,TRAFFIC SIGNAL,NONE DETECTED,Yes,No Apparent Injury,N/A,INATTENTIVE OR LOST IN THOUGHT,MD,POLICE VEHICLE/NON EMERGENCY,MOVING CONSTANT SPEED,35,No,2013,DODGE,CHARGER,39.00033983,-77.026153,2022,12,13
220056416,Property Damage Crash,12/20/2022 01:30:00 PM,COLESVILLE RD,NA,SAME DIR REAR END,Clear,DRY,Daylight,TRAFFIC SIGNAL,NONE DETECTED,No,No Apparent Injury,N/A,NOT DISTRACTED,MD,PASSENGER CAR,SLOWING OR STOPPING,35,No,2012,TOYOTA,PRIUS,39.00033983,-77.026153,2022,12,13
220056383,Property Damage Crash,12/20/2022 09:49:00 AM,WATKINS POND BLVD,NA,STRAIGHT MOVEMENT ANGLE,Clear,DRY,Daylight,TRAFFIC SIGNAL,NONE DETECTED,Yes,No Apparent Injury,"N/A, VISION OBSTRUCTION (INCL. BLINDED BY SUN)",UNKNOWN,XX,PASSENGER CAR,MOVING CONSTANT SPEED,35,No,2012,NISSAN,4DOOR,39.11226556,-77.16187702,2022,12,9
220056383,Property Damage Crash,12/20/2022 09:49:00 AM,WATKINS POND BLVD,NA,STRAIGHT MOVEMENT ANGLE,Clear,DRY,Daylight,TRAFFIC SIGNAL,NONE DETECTED,No,No Apparent Injury,"N/A, VISION OBSTRUCTION (INCL. BLINDED BY SUN)",NOT DISTRACTED,MD,PASSENGER CAR,MAKING LEFT TURN,25,No,2017,HOND,4S,39.11226556,-77.16187702,2022,12,9
220056369,Property Damage Crash,12/20/2022 09:20:00 AM,KIRKLYNN AVE,NA,SAME DIRECTION LEFT TURN,Clear,DRY,Daylight,N/A,NONE DETECTED,Yes,No Apparent Injury,N/A,NOT DISTRACTED,MD,PASSENGER CAR,STARTING FROM LANE,35,No,2013,FORD,FOCUS,38.98835277,-76.98791908,2022,12,9
220056368,Property Damage Crash,12/20/2022 09:20:00 AM,SUNDALE DR,NA,OTHER,Clear,DRY,Daylight,NO CONTROLS,NONE DETECTED,Yes,No Apparent Injury,N/A,LOOKED BUT DID NOT SEE,MD,SCHOOL BUS,MOVING CONSTANT SPEED,15,No,2017,THOM BU,HSB,39.00126,-77.0455262,2022,12,9
220056369,Property Damage Crash,12/20/2022 09:20:00 AM,KIRKLYNN AVE,NA,SAME DIRECTION LEFT TURN,Clear,DRY,Daylight,N/A,NONE DETECTED,No,No Apparent Injury,N/A,INATTENTIVE OR LOST IN THOUGHT,MD,PASSENGER CAR,STARTING FROM LANE,35,No,2021,VOLKSWAGEN,SD,38.98835277,-76.98791908,2022,12,9
220056358,Injury Crash,12/20/2022 08:48:00 AM,W GUDE DR,NA,HEAD ON LEFT TURN,Clear,DRY,Daylight,TRAFFIC SIGNAL,NONE DETECTED,No,Possible Minor Injury,N/A,UNKNOWN,MD,PASSENGER CAR,MOVING CONSTANT SPEED,40,No,2010,TOYT,TK,39.1020095,-77.1769335,2022,12,8
220056358,Injury Crash,12/20/2022 08:48:00 AM,W GUDE DR,NA,HEAD ON LEFT TURN,Clear,DRY,Daylight,TRAFFIC SIGNAL,NONE DETECTED,Yes,Suspected Serious Injury,N/A,UNKNOWN,MD,PASSENGER CAR,MOVING CONSTANT SPEED,40,No,2016,VOLKSWAGON,JETTA,39.1020095,-77.1769335,2022,12,8
220056348,Property Damage Crash,12/20/2022 08:09:00 AM,CLOPPER RD,NA,SAME DIR REAR END,Clear,DRY,Daylight,NO CONTROLS,NONE DETECTED,Yes,No Apparent Injury,N/A,INATTENTIVE OR LOST IN THOUGHT,MD,PASSENGER CAR,MOVING CONSTANT SPEED,35,No,2008,TOYOTA,PRIUS,39.16319467,-77.284147,2022,12,8
220056348,Property Damage Crash,12/20/2022 08:09:00 AM,CLOPPER RD,NA,SAME DIR REAR END,Clear,DRY,Daylight,NO CONTROLS,NONE DETECTED,No,No Apparent Injury,N/A,NOT DISTRACTED,MD,PASSENGER CAR,SLOWING OR STOPPING,35,No,2017,HONDA,CRV,39.16319467,-77.284147,2022,12,8
220056350,Property Damage Crash,12/20/2022 08:06:00 AM,WEBSTER CT,NA,HEAD ON LEFT TURN,Clear,DRY,Daylight,NO CONTROLS,NONE DETECTED,No,No Apparent Injury,N/A,NOT DISTRACTED,MD,(SPORT) UTILITY VEHICLE,MOVING CONSTANT SPEED,25,No,2013,NISSAN,ROGUE,39.17975667,-77.28673333,2022,12,8
220056350,Property Damage Crash,12/20/2022 08:06:00 AM,WEBSTER CT,NA,HEAD ON LEFT TURN,Clear,DRY,Daylight,NO CONTROLS,NONE DETECTED,Yes,No Apparent Injury,N/A,LOOKED BUT DID NOT SEE,MD,(SPORT) UTILITY VEHICLE,MAKING LEFT TURN,25,No,2018,GMC,TERRAIN,39.17975667,-77.28673333,2022,12,8
220056349,Injury Crash,12/20/2022 08:01:00 AM,OLD GEORGETOWN RD,NA,STRAIGHT MOVEMENT ANGLE,Clear,DRY,Daylight,TRAFFIC SIGNAL,NONE DETECTED,No,No Apparent Injury,N/A,NOT DISTRACTED,MD,PASSENGER CAR,MOVING CONSTANT SPEED,30,No,2020,TOYOTA,CAMRY,39.02693583,-77.125932,2022,12,8
220056349,Injury Crash,12/20/2022 08:01:00 AM,OLD GEORGETOWN RD,NA,STRAIGHT MOVEMENT ANGLE,Clear,DRY,Daylight,TRAFFIC SIGNAL,NONE DETECTED,Yes,Possible Minor Injury,N/A,UNKNOWN,VA,PASSENGER CAR,MOVING CONSTANT SPEED,35,No,2016,TOYOTA,COROLLA,39.02693583,-77.125932,2022,12,8
220056360,Property Damage Crash,12/20/2022 08:00:00 AM,CONNECTICUT AVE SERVICE RD,NA,STRAIGHT MOVEMENT ANGLE,Clear,DRY,Daylight,STOP SIGN,NONE DETECTED,Yes,No Apparent Injury,"N/A, VISION OBSTRUCTION (INCL. BLINDED BY SUN)",UNKNOWN,NA,PASSENGER CAR,ACCELERATING,25,No,2018,JEEP,COMPASS,39.092455,-77.04575667,2022,12,8
220056360,Property Damage Crash,12/20/2022 08:00:00 AM,CONNECTICUT AVE SERVICE RD,NA,STRAIGHT MOVEMENT ANGLE,Clear,DRY,Daylight,STOP SIGN,NONE DETECTED,No,No Apparent Injury,"N/A, VISION OBSTRUCTION (INCL. BLINDED BY SUN)",NOT DISTRACTED,MD,PASSENGER CAR,MAKING LEFT TURN,45,No,2019,VOLKSWAGEN,TIGUAN,39.092455,-77.04575667,2022,12,8
220056352,Property Damage Crash,12/20/2022 07:58:00 AM,MAY ST,NA,OTHER,Clear,DRY,Daylight,NO CONTROLS,NONE DETECTED,No,No Apparent Injury,N/A,NOT DISTRACTED,MD,SCHOOL BUS,MOVING CONSTANT SPEED,25,No,2011,THOMAS,PUSH MSDE D12,39.07202867,-77.068206,2022,12,7
220056352,Property Damage Crash,12/20/2022 07:58:00 AM,MAY ST,NA,OTHER,Clear,DRY,Daylight,NO CONTROLS,NONE DETECTED,Yes,No Apparent Injury,N/A,LOOKED BUT DID NOT SEE,MD,PASSENGER CAR,BACKING,25,No,2014,HOND,PILOT,39.07202867,-77.068206,2022,12,7
220056363,Property Damage Crash,12/20/2022 06:52:00 AM,MONTERREY DR,NA,OPPOSITE DIRECTION SIDESWIPE,Clear,DRY,Medium,NO CONTROLS,NONE DETECTED,Yes,No Apparent Injury,N/A,LOOKED BUT DID NOT SEE,MD,PASSENGER CAR,MOVING CONSTANT SPEED,25,No,2020,TOYOTA,CAMRY,39.04402378,-77.06088005,2022,12,6
220056341,Injury Crash,12/20/2022 06:42:00 AM,CLARKSBURG RD,NA,SAME DIR REAR END,Clear,DRY,Medium,NO CONTROLS,NONE DETECTED,Yes,No Apparent Injury,N/A,NOT DISTRACTED,MD,PASSENGER CAR,MOVING CONSTANT SPEED,35,No,2017,BMW,330I,39.29383167,-77.261885,2022,12,6
220056341,Injury Crash,12/20/2022 06:42:00 AM,CLARKSBURG RD,NA,SAME DIR REAR END,Clear,DRY,Medium,NO CONTROLS,NONE DETECTED,No,Possible Minor Injury,N/A,NOT DISTRACTED,MD,(SPORT) UTILITY VEHICLE,SLOWING OR STOPPING,35,No,2018,JEEP,RENEGADE,39.29383167,-77.261885,2022,12,6
220056339,Property Damage Crash,12/20/2022 05:35:00 AM,TWIG RD,NA,OTHER,Clear,DRY,Medium,NO CONTROLS,NONE DETECTED,Yes,No Apparent Injury,N/A,UNKNOWN,NA,PASSENGER CAR,LEAVING TRAFFIC LANE,30,Unknown,2013,HYUNDAI,SONATA,39.09303683,-76.98508117,2022,12,5
220056339,Property Damage Crash,12/20/2022 05:35:00 AM,TWIG RD,NA,OTHER,Clear,DRY,Medium,NO CONTROLS,NONE DETECTED,No,No Apparent Injury,N/A,UNKNOWN,NA,PASSENGER CAR,PARKED,30,Unknown,2011,NISSAN,SENTRA,39.09303683,-76.98508117,2022,12,5
220056337,Property Damage Crash,12/20/2022 05:31:00 AM,QUINCE ORCHARD RD,NA,STRAIGHT MOVEMENT ANGLE,Clear,DRY,Medium,FLASHING TRAFFIC SIGNAL,NONE DETECTED,Yes,No Apparent Injury,N/A,NOT DISTRACTED,MD,PASSENGER CAR,STARTING FROM LANE,35,No,2013,HOND,TK,39.14808933,-77.21819183,2022,12,5
220056337,Property Damage Crash,12/20/2022 05:31:00 AM,QUINCE ORCHARD RD,NA,STRAIGHT MOVEMENT ANGLE,Clear,DRY,Medium,FLASHING TRAFFIC SIGNAL,NONE DETECTED,No,No Apparent Injury,N/A,NOT DISTRACTED,MD,PASSENGER CAR,MOVING CONSTANT SPEED,35,No,2017,CHEVY,TK,39.14808933,-77.21819183,2022,12,5
220056328,Property Damage Crash,12/20/2022 12:48:00 AM,LAYHILL RD,NA,SINGLE VEHICLE,Clear,DRY,Medium,NO CONTROLS,NONE DETECTED,Yes,No Apparent Injury,N/A,UNKNOWN,MD,(SPORT) UTILITY VEHICLE,N/A,40,No,2017,SUBA,SW,39.09265467,-77.04505817,2022,12,0
220056330,Property Damage Crash,12/20/2022 12:00:00 AM,FALLS RD,NA,OTHER,Clear,DRY,Medium,N/A,NONE DETECTED,Yes,No Apparent Injury,N/A,OTHER DISTRACTION,MD,PASSENGER CAR,MOVING CONSTANT SPEED,35,No,2022,LEXUS,UNK,39.05274355,-77.18460401,2022,12,0
220056325,Property Damage Crash,12/19/2022 09:49:00 PM,KENILWORTH AVE,NA,SINGLE VEHICLE,Clear,DRY,Medium,NO CONTROLS,NONE DETECTED,Yes,No Apparent Injury,N/A,LOOKED BUT DID NOT SEE,MD,PASSENGER CAR,MAKING U TURN,25,No,2020,BMW,SD,39.03225167,-77.09538,2022,12,21
220056315,Property Damage Crash,12/19/2022 08:45:00 PM,ROCKVILLE PIKE,NA,SAME DIR REAR END,Clear,DRY,Medium,N/A,NONE DETECTED,No,No Apparent Injury,N/A,NOT DISTRACTED,MD,(SPORT) UTILITY VEHICLE,SLOWING OR STOPPING,40,No,2017,TOYOTA,RAV 4,39.03175667,-77.10562333,2022,12,20
220056315,Property Damage Crash,12/19/2022 08:45:00 PM,ROCKVILLE PIKE,NA,SAME DIR REAR END,Clear,DRY,Medium,N/A,NONE DETECTED,Yes,No Apparent Injury,N/A,UNKNOWN,TN,PASSENGER CAR,MOVING CONSTANT SPEED,40,No,2020,FORD,MUSTANG,39.03175667,-77.10562333,2022,12,20
220056312,Injury Crash,12/19/2022 08:06:00 PM,NA,NA,SINGLE VEHICLE,Clear,NA,Medium,NO CONTROLS,NONE DETECTED,Yes,Possible Minor Injury,N/A,UNKNOWN,MD,PASSENGER CAR,MOVING CONSTANT SPEED,0,No,2015,HYUNDAI,ELANTRA,39.03470412,-77.07146437,2022,12,20
220056302,Property Damage Crash,12/19/2022 07:39:00 PM,VEIRS MILL RD,NA,SAME DIR REAR END,Clear,DRY,Medium,TRAFFIC SIGNAL,NONE DETECTED,No,No Apparent Injury,N/A,INATTENTIVE OR LOST IN THOUGHT,MD,PASSENGER CAR,STOPPED IN TRAFFIC LANE,30,No,2004,HONDA,POILET,39.05252,-77.07624833,2022,12,19
220056302,Property Damage Crash,12/19/2022 07:39:00 PM,VEIRS MILL RD,NA,SAME DIR REAR END,Clear,DRY,Medium,TRAFFIC SIGNAL,NONE DETECTED,Yes,No Apparent Injury,N/A,NOT DISTRACTED,MD,PASSENGER CAR,MOVING CONSTANT SPEED,30,No,2010,FORD,FUSION,39.05252,-77.07624833,2022,12,19
220056302,Property Damage Crash,12/19/2022 07:39:00 PM,VEIRS MILL RD,NA,SAME DIR REAR END,Clear,DRY,Medium,TRAFFIC SIGNAL,NONE DETECTED,Yes,No Apparent Injury,N/A,UNKNOWN,MD,PASSENGER CAR,MOVING CONSTANT SPEED,30,No,2019,TOYOTA,4 RUNER,39.05252,-77.07624833,2022,12,19
220056304,Property Damage Crash,12/19/2022 07:36:00 PM,WHETSTONE CIR,NA,SINGLE VEHICLE,Clear,DRY,Dark,NO CONTROLS,NONE DETECTED,Yes,No Apparent Injury,N/A,NOT DISTRACTED,MD,PASSENGER CAR,MOVING CONSTANT SPEED,25,No,2020,MAZDA,6,39.16833478,-77.19260713,2022,12,19
220056298,Injury Crash,12/19/2022 07:12:00 PM,UNIVERSITY BLVD W,NA,OTHER,Clear,DRY,Medium,TRAFFIC SIGNAL,NONE DETECTED,No,Possible Minor Injury,N/A,NOT DISTRACTED,MD,PASSENGER CAR,MOVING CONSTANT SPEED,25,No,2011,DODGE,AVENGER,39.04103186,-77.05305291,2022,12,19
220056298,Injury Crash,12/19/2022 07:12:00 PM,UNIVERSITY BLVD W,NA,OTHER,Clear,DRY,Medium,TRAFFIC SIGNAL,NONE DETECTED,Yes,Possible Minor Injury,N/A,LOOKED BUT DID NOT SEE,MD,PASSENGER CAR,MAKING LEFT TURN,25,No,2018,HONDA,CIVIC,39.04103186,-77.05305291,2022,12,19
220056299,Property Damage Crash,12/19/2022 06:50:00 PM,KENTLANDS BLVD,NA,SAME DIRECTION SIDESWIPE,Clear,DRY,Medium,NO CONTROLS,NONE DETECTED,No,No Apparent Injury,N/A,NOT DISTRACTED,AL,"MEDIUM/HEAVY TRUCKS 3 AXLES (OVER 10,000LBS (4,536KG))",MOVING CONSTANT SPEED,25,No,2020,FRG,TT,39.123181,-77.234737,2022,12,18
220056299,Property Damage Crash,12/19/2022 06:50:00 PM,KENTLANDS BLVD,NA,SAME DIRECTION SIDESWIPE,Clear,DRY,Medium,NO CONTROLS,NONE DETECTED,Yes,No Apparent Injury,N/A,UNKNOWN,MD,PASSENGER CAR,MOVING CONSTANT SPEED,25,No,2019,VOLKSWAGEN,TIGUAN,39.123181,-77.234737,2022,12,18
220056289,Injury Crash,12/19/2022 06:31:00 PM,NEW HAMPSHIRE AVE,NA,SAME DIR REAR END,Cloudy,DRY,Medium,NO CONTROLS,NONE DETECTED,No,Possible Minor Injury,N/A,NOT DISTRACTED,MD,PASSENGER CAR,SLOWING OR STOPPING,35,No,2014,TOYOTA,CAMRY,39.00889,-76.97962,2022,12,18
220056289,Injury Crash,12/19/2022 06:31:00 PM,NEW HAMPSHIRE AVE,NA,SAME DIR REAR END,Cloudy,DRY,Medium,NO CONTROLS,ALCOHOL PRESENT,Yes,No Apparent Injury,N/A,OTHER DISTRACTION,MD,PASSENGER CAR,MOVING CONSTANT SPEED,35,No,2006,HONDA,CRV,39.00889,-76.97962,2022,12,18
220056288,Property Damage Crash,12/19/2022 06:30:00 PM,CONNECTICUT AVE,NA,STRAIGHT MOVEMENT ANGLE,Clear,DRY,Medium,TRAFFIC SIGNAL,NONE DETECTED,Yes,No Apparent Injury,N/A,LOOKED BUT DID NOT SEE,MD,PASSENGER CAR,MOVING CONSTANT SPEED,30,No,2020,HONDA,CRV,38.976748,-77.07726517,2022,12,18
220056288,Property Damage Crash,12/19/2022 06:30:00 PM,CONNECTICUT AVE,NA,STRAIGHT MOVEMENT ANGLE,Clear,DRY,Medium,TRAFFIC SIGNAL,NONE DETECTED,No,No Apparent Injury,N/A,NOT DISTRACTED,MD,PASSENGER CAR,MOVING CONSTANT SPEED,30,No,2012,DODGE,CHARGER,38.976748,-77.07726517,2022,12,18
220056291,Property Damage Crash,12/19/2022 06:30:00 PM,MUNCASTER MILL RD,NA,STRAIGHT MOVEMENT ANGLE,Clear,DRY,Medium,TRAFFIC SIGNAL,NONE DETECTED,Yes,No Apparent Injury,N/A,UNKNOWN,MD,PASSENGER CAR,MOVING CONSTANT SPEED,40,No,2019,SUBARU,IMPREZA,39.14902717,-77.1471435,2022,12,18
220056291,Property Damage Crash,12/19/2022 06:30:00 PM,MUNCASTER MILL RD,NA,STRAIGHT MOVEMENT ANGLE,Clear,DRY,Medium,TRAFFIC SIGNAL,NONE DETECTED,No,No Apparent Injury,N/A,NOT DISTRACTED,MD,PICKUP TRUCK,MOVING CONSTANT SPEED,40,No,2012,FORD,F250,39.14902717,-77.1471435,2022,12,18
220056272,Property Damage Crash,12/19/2022 05:05:00 PM,NA,NA,OTHER,Clear,NA,Medium,NO CONTROLS,NONE DETECTED,Yes,No Apparent Injury,N/A,NOT DISTRACTED,MD,SCHOOL BUS,MOVING CONSTANT SPEED,0,No,2014,THOM,BUS,39.0118893,-77.0242278,2022,12,17
220057453,Property Damage Crash,12/19/2022 05:00:00 PM,NA,NA,OTHER,Clear,NA,Medium,NO CONTROLS,NONE DETECTED,Yes,No Apparent Injury,N/A,UNKNOWN,MD,PASSENGER CAR,OTHER,0,No,2005,MERCEDES BENZ,4DR,39.1802785,-77.18446283,2022,12,17
220056264,Injury Crash,12/19/2022 04:25:00 PM,NA,PEDESTRIAN,OPPOSITE DIRECTION SIDESWIPE,Clear,NA,Daylight,NO CONTROLS,NONE DETECTED,No,No Apparent Injury,N/A,NOT DISTRACTED,MD,PASSENGER CAR,STOPPED IN TRAFFIC LANE,15,No,2015,HONDA,PILOT,39.03562333,-77.055785,2022,12,16
220056264,Injury Crash,12/19/2022 04:25:00 PM,NA,PEDESTRIAN,OPPOSITE DIRECTION SIDESWIPE,Clear,NA,Daylight,NO CONTROLS,NONE DETECTED,Yes,No Apparent Injury,N/A,OTHER DISTRACTION,MD,PASSENGER CAR,STARTING FROM PARKED,15,No,2021,TOYOTA,CAMERY,39.03562333,-77.055785,2022,12,16
220056258,Property Damage Crash,12/19/2022 04:20:00 PM,W WATKINS MILL RD,NA,SAME DIR REAR END,Clear,DRY,Medium,TRAFFIC SIGNAL,NONE DETECTED,Yes,No Apparent Injury,N/A,NOT DISTRACTED,MD,PASSENGER CAR,ACCELERATING,35,No,2013,MITS,EVO,39.14815403,-77.23271263,2022,12,16
220056258,Property Damage Crash,12/19/2022 04:20:00 PM,W WATKINS MILL RD,NA,SAME DIR REAR END,Clear,DRY,Medium,TRAFFIC SIGNAL,NONE DETECTED,No,No Apparent Injury,N/A,NOT DISTRACTED,MD,(SPORT) UTILITY VEHICLE,STOPPED IN TRAFFIC LANE,35,No,2016,TOYOTA,RAV4,39.14815403,-77.23271263,2022,12,16
220056255,Property Damage Crash,12/19/2022 03:48:00 PM,CARROLL AVE,NA,SAME DIRECTION SIDESWIPE,Cloudy,DRY,Daylight,TRAFFIC SIGNAL,NONE DETECTED,Yes,No Apparent Injury,N/A,NOT DISTRACTED,MD,SCHOOL BUS,SLOWING OR STOPPING,25,No,2018,FREIGHTLINER,BUS,39.00007333,-76.99029333,2022,12,15
220056255,Property Damage Crash,12/19/2022 03:48:00 PM,CARROLL AVE,NA,SAME DIRECTION SIDESWIPE,Cloudy,DRY,Daylight,TRAFFIC SIGNAL,NONE DETECTED,No,No Apparent Injury,N/A,NOT DISTRACTED,MD,SCHOOL BUS,STOPPED IN TRAFFIC LANE,25,No,2016,THOMAS,PUSH-MSDE-D-12,39.00007333,-76.99029333,2022,12,15
220056246,Property Damage Crash,12/19/2022 03:05:00 PM,NA,NA,OTHER,Clear,NA,Daylight,N/A,NONE DETECTED,Yes,No Apparent Injury,N/A,NOT DISTRACTED,MD,PASSENGER CAR,PARKING,10,No,2014,FORD,UT,39.03108333,-77.00391833,2022,12,15
220056246,Property Damage Crash,12/19/2022 03:05:00 PM,NA,NA,OTHER,Clear,NA,Daylight,N/A,NONE DETECTED,No,No Apparent Injury,N/A,NOT DISTRACTED,MD,PASSENGER CAR,PARKED,10,No,2015,CHEV,TK,39.03108333,-77.00391833,2022,12,15
220056250,Injury Crash,12/19/2022 03:04:00 PM,RIVER RD,NA,STRAIGHT MOVEMENT ANGLE,Clear,DRY,Daylight,NO CONTROLS,NONE DETECTED,Yes,Possible Minor Injury,N/A,LOOKED BUT DID NOT SEE,MD,PASSENGER CAR,ACCELERATING,35,No,2009,TOYT,4S,38.963072,-77.10137133,2022,12,15
220056250,Injury Crash,12/19/2022 03:04:00 PM,RIVER RD,NA,STRAIGHT MOVEMENT ANGLE,Clear,DRY,Daylight,NO CONTROLS,NONE DETECTED,No,No Apparent Injury,N/A,NOT DISTRACTED,MD,PASSENGER CAR,MOVING CONSTANT SPEED,35,No,2015,TOYT,4S,38.963072,-77.10137133,2022,12,15
220056247,Injury Crash,12/19/2022 03:00:00 PM,FALLS RD,NA,OPPOSITE DIRECTION SIDESWIPE,Clear,DRY,Daylight,NO CONTROLS,NONE DETECTED,Yes,Possible Minor Injury,N/A,INATTENTIVE OR LOST IN THOUGHT,MD,PASSENGER CAR,MOVING CONSTANT SPEED,30,No,2011,TOYOTA,RAV 4,39.02074667,-77.20778833,2022,12,15
220056247,Injury Crash,12/19/2022 03:00:00 PM,FALLS RD,NA,OPPOSITE DIRECTION SIDESWIPE,Clear,DRY,Daylight,NO CONTROLS,NONE DETECTED,No,No Apparent Injury,N/A,NOT DISTRACTED,MD,PASSENGER CAR,MOVING CONSTANT SPEED,30,No,2012,LEXUS,TK,39.02074667,-77.20778833,2022,12,15
220056242,Injury Crash,12/19/2022 02:50:00 PM,NA,NA,STRAIGHT MOVEMENT ANGLE,Cloudy,NA,Daylight,STOP SIGN,NONE DETECTED,Yes,Possible Minor Injury,N/A,LOOKED BUT DID NOT SEE,MD,PASSENGER CAR,ACCELERATING,15,No,2020,TOYOTA,CAMRY,39.19999333,-77.24662883,2022,12,14
220056242,Injury Crash,12/19/2022 02:50:00 PM,NA,NA,STRAIGHT MOVEMENT ANGLE,Cloudy,NA,Daylight,STOP SIGN,NONE DETECTED,No,No Apparent Injury,N/A,NOT DISTRACTED,MD,PICKUP TRUCK,MOVING CONSTANT SPEED,15,No,2017,RAM,2500,39.19999333,-77.24662883,2022,12,14
220056243,Property Damage Crash,12/19/2022 02:45:00 PM,NA,NA,OPPOSITE DIRECTION SIDESWIPE,Clear,NA,Daylight,N/A,NONE DETECTED,No,No Apparent Injury,N/A,NOT DISTRACTED,MD,SCHOOL BUS,STOPPED IN TRAFFIC LANE,0,No,2011,THOMAS,BUS,39.06471833,-77.03976667,2022,12,14
220056243,Property Damage Crash,12/19/2022 02:45:00 PM,NA,NA,OPPOSITE DIRECTION SIDESWIPE,Clear,NA,Daylight,N/A,NONE DETECTED,Yes,No Apparent Injury,N/A,NOT DISTRACTED,MD,SCHOOL BUS,MOVING CONSTANT SPEED,5,No,2018,FRHT,BU,39.06471833,-77.03976667,2022,12,14
220056240,Injury Crash,12/19/2022 02:42:00 PM,SOUTHLAWN LA,NA,STRAIGHT MOVEMENT ANGLE,Clear,DRY,Daylight,NO CONTROLS,NONE DETECTED,Yes,No Apparent Injury,N/A,NOT DISTRACTED,MD,PASSENGER CAR,MOVING CONSTANT SPEED,25,No,2013,MERZ,4S,39.09860108,-77.13621136,2022,12,14
220056240,Injury Crash,12/19/2022 02:42:00 PM,SOUTHLAWN LA,NA,STRAIGHT MOVEMENT ANGLE,Clear,DRY,Daylight,NO CONTROLS,NONE DETECTED,No,Possible Minor Injury,N/A,NOT DISTRACTED,MD,PASSENGER CAR,MOVING CONSTANT SPEED,25,No,2018,BUIC,TK,39.09860108,-77.13621136,2022,12,14
220056230,Property Damage Crash,12/19/2022 01:59:00 PM,REDLAND BLVD,NA,STRAIGHT MOVEMENT ANGLE,Clear,DRY,Daylight,TRAFFIC SIGNAL,NONE DETECTED,Yes,No Apparent Injury,N/A,NOT DISTRACTED,FL,PASSENGER CAR,MOVING CONSTANT SPEED,35,No,2013,HOND,FIT,39.10871653,-77.18173009,2022,12,13
220056230,Property Damage Crash,12/19/2022 01:59:00 PM,REDLAND BLVD,NA,STRAIGHT MOVEMENT ANGLE,Clear,DRY,Daylight,TRAFFIC SIGNAL,NONE DETECTED,No,No Apparent Injury,N/A,NOT DISTRACTED,MD,PASSENGER CAR,MOVING CONSTANT SPEED,35,No,1998,VOLV,SD,39.10871653,-77.18173009,2022,12,13