Local Case Number,ACRS Report Type,Crash Date/Time,Road Name,Related Non-Motorist,Collision Type,Weather,Surface Condition,Light,Traffic Control,Driver Substance Abuse,Driver At Fault,Injury Severity,Circumstance,Driver Distracted By,Drivers License State,Vehicle Body Type,Vehicle Movement,Speed Limit,Driverless Vehicle,Vehicle Year,Vehicle Make,Vehicle Model,Latitude,Longitude,Year,Month,Hour
220056308,Injury Crash,12/19/2022 12:59:00 PM,LEWIS AVE,NA,SINGLE VEHICLE,Clear,DRY,Medium,NO CONTROLS,ALCOHOL PRESENT,Yes,Possible Minor Injury,N/A,UNKNOWN,MD,PASSENGER CAR,DRIVERLESS MOVING VEH.,15,No,2015,NISSAN,SENTRA,39.07596376,-77.13536837,2022,12,12
220056218,Property Damage Crash,12/19/2022 12:46:00 PM,NA,NA,OTHER,Clear,NA,Daylight,NO CONTROLS,NONE DETECTED,Yes,No Apparent Injury,N/A,UNKNOWN,NA,VAN,UNKNOWN,5,No,1993,GMC,TK,38.99973667,-77.00343833,2022,12,12
220056205,Injury Crash,12/19/2022 12:22:00 PM,GEORGIA AVE,NA,STRAIGHT MOVEMENT ANGLE,Clear,DRY,Daylight,TRAFFIC SIGNAL,NONE DETECTED,Yes,No Apparent Injury,"N/A, VISION OBSTRUCTION (INCL. BLINDED BY SUN)",LOOKED BUT DID NOT SEE,VA,PASSENGER CAR,MAKING LEFT TURN,25,No,2012,MITSUBISHI,OUTLANDER,39.14264167,-77.06753667,2022,12,12
220056205,Injury Crash,12/19/2022 12:22:00 PM,GEORGIA AVE,NA,STRAIGHT MOVEMENT ANGLE,Clear,DRY,Daylight,TRAFFIC SIGNAL,NONE DETECTED,No,No Apparent Injury,"N/A, VISION OBSTRUCTION (INCL. BLINDED BY SUN)",NOT DISTRACTED,MD,PASSENGER CAR,MOVING CONSTANT SPEED,25,No,2015,DODGE,RAM,39.14264167,-77.06753667,2022,12,12
220056171,Injury Crash,12/19/2022 09:33:00 AM,RANDOLPH RD,NA,SINGLE VEHICLE,Clear,DRY,Daylight,NO CONTROLS,NONE DETECTED,Yes,Possible Minor Injury,N/A,INATTENTIVE OR LOST IN THOUGHT,MD,(SPORT) UTILITY VEHICLE,LEAVING TRAFFIC LANE,30,No,2022,VOLVO,XC60,39.06957167,-77.013945,2022,12,9
220056169,Property Damage Crash,12/19/2022 09:05:00 AM,COLUMBIA PIKE,NA,SAME DIR REND RIGHT TURN,Clear,ICE,Daylight,TRAFFIC SIGNAL,NONE DETECTED,Yes,No Apparent Injury,"N/A, V WIPERS|W OTHER ENVIRONMENTAL",NOT DISTRACTED,NY,(SPORT) UTILITY VEHICLE,MAKING RIGHT TURN,35,No,2015,HONDA,CRV,39.056045,-76.97118967,2022,12,9
220056169,Property Damage Crash,12/19/2022 09:05:00 AM,COLUMBIA PIKE,NA,SAME DIR REND RIGHT TURN,Clear,ICE,Daylight,TRAFFIC SIGNAL,NONE DETECTED,No,No Apparent Injury,"N/A, V WIPERS|W OTHER ENVIRONMENTAL",NOT DISTRACTED,MD,PASSENGER CAR,MAKING RIGHT TURN,35,No,2022,TESLA,MODEL3,39.056045,-76.97118967,2022,12,9
220056160,Property Damage Crash,12/19/2022 07:50:00 AM,REDLAND RD,NA,ANGLE MEETS LEFT TURN,Clear,DRY,Daylight,NO CONTROLS,NONE DETECTED,No,No Apparent Injury,N/A,LOOKED BUT DID NOT SEE,MD,VAN,MAKING LEFT TURN,35,No,2020,MERCEDES,METRIS,39.13440167,-77.14647333,2022,12,7
220056160,Property Damage Crash,12/19/2022 07:50:00 AM,REDLAND RD,NA,ANGLE MEETS LEFT TURN,Clear,DRY,Daylight,NO CONTROLS,NONE DETECTED,Yes,No Apparent Injury,N/A,NOT DISTRACTED,MD,PASSENGER CAR,MOVING CONSTANT SPEED,35,No,2000,HOND,ACCORD,39.13440167,-77.14647333,2022,12,7
220056162,Property Damage Crash,12/19/2022 07:42:00 AM,OLD GEORGETOWN RD,NA,SAME DIR REAR END,Clear,DRY,Daylight,NO CONTROLS,NONE DETECTED,No,No Apparent Injury,N/A,NOT DISTRACTED,CO,PASSENGER CAR,STOPPED IN TRAFFIC LANE,40,No,2021,KIA,MP,39.03316833,-77.12582167,2022,12,7
220056162,Property Damage Crash,12/19/2022 07:42:00 AM,OLD GEORGETOWN RD,NA,SAME DIR REAR END,Clear,DRY,Daylight,NO CONTROLS,NONE DETECTED,Yes,No Apparent Injury,N/A,NOT DISTRACTED,MD,POLICE VEHICLE/EMERGENCY,MOVING CONSTANT SPEED,40,No,1995,TOYT,4S,39.03316833,-77.12582167,2022,12,7
220056159,Property Damage Crash,12/19/2022 07:40:00 AM,MIDDLEBROOK RD,NA,STRAIGHT MOVEMENT ANGLE,Clear,DRY,Daylight,STOP SIGN,NONE DETECTED,No,No Apparent Injury,N/A,NOT DISTRACTED,MD,PASSENGER CAR,MOVING CONSTANT SPEED,30,No,2012,HONDA,ACCORD,39.18162063,-77.23178912,2022,12,7
220056159,Property Damage Crash,12/19/2022 07:40:00 AM,MIDDLEBROOK RD,NA,STRAIGHT MOVEMENT ANGLE,Clear,DRY,Daylight,STOP SIGN,NONE DETECTED,Yes,No Apparent Injury,N/A,LOOKED BUT DID NOT SEE,MD,(SPORT) UTILITY VEHICLE,MAKING RIGHT TURN,30,No,2023,CHEVROLET,TRAILBLAZER,39.18162063,-77.23178912,2022,12,7
220056155,Property Damage Crash,12/19/2022 07:36:00 AM,COLESVILLE RD,NA,SAME DIR REAR END,Clear,DRY,Daylight,TRAFFIC SIGNAL,NONE DETECTED,Yes,No Apparent Injury,N/A,UNKNOWN,MD,PASSENGER CAR,SLOWING OR STOPPING,35,No,2019,TOYOTA,HRV,39.01900917,-77.01413383,2022,12,7
220056155,Property Damage Crash,12/19/2022 07:36:00 AM,COLESVILLE RD,NA,SAME DIR REAR END,Clear,DRY,Daylight,TRAFFIC SIGNAL,NONE DETECTED,No,No Apparent Injury,N/A,NOT DISTRACTED,MD,PASSENGER CAR,SLOWING OR STOPPING,35,No,2008,FORD,FUSION,39.01900917,-77.01413383,2022,12,7
220056158,Property Damage Crash,12/19/2022 07:33:00 AM,WOODFIELD RD,NA,SAME DIR REAR END,Clear,ICE,Daylight,TRAFFIC SIGNAL,NONE DETECTED,No,No Apparent Injury,"ICY OR SNOW-COVERED, N/A",NOT DISTRACTED,MD,(SPORT) UTILITY VEHICLE,STOPPED IN TRAFFIC LANE,40,No,2020,FORD,TRANSIT CG,39.27378167,-77.204395,2022,12,7
220056158,Property Damage Crash,12/19/2022 07:33:00 AM,WOODFIELD RD,NA,SAME DIR REAR END,Clear,ICE,Daylight,TRAFFIC SIGNAL,NONE DETECTED,Yes,No Apparent Injury,"ICY OR SNOW-COVERED, N/A",NOT DISTRACTED,MD,(SPORT) UTILITY VEHICLE,SLOWING OR STOPPING,40,No,2019,BUIC,ENCORE UT,39.27378167,-77.204395,2022,12,7
220056158,Property Damage Crash,12/19/2022 07:33:00 AM,WOODFIELD RD,NA,SAME DIR REAR END,Clear,ICE,Daylight,TRAFFIC SIGNAL,NONE DETECTED,No,No Apparent Injury,"ICY OR SNOW-COVERED, N/A",NOT DISTRACTED,MD,(SPORT) UTILITY VEHICLE,STOPPED IN TRAFFIC LANE,40,No,1997,LEXU,LX450 TK,39.27378167,-77.204395,2022,12,7
220056150,Property Damage Crash,12/19/2022 06:11:00 AM,NEW HAMPSHIRE AVE,NA,OTHER,Cloudy,DRY,Medium,TRAFFIC SIGNAL,NONE DETECTED,Yes,No Apparent Injury,N/A,UNKNOWN,MD,VAN,SLOWING OR STOPPING,35,No,2018,CHRYSLER,TOWN AND COUNTY,39.01149565,-76.97900062,2022,12,6
220056150,Property Damage Crash,12/19/2022 06:11:00 AM,NEW HAMPSHIRE AVE,NA,OTHER,Cloudy,DRY,Medium,TRAFFIC SIGNAL,NONE DETECTED,No,No Apparent Injury,N/A,NOT DISTRACTED,MD,TRANSIT BUS,STOPPED IN TRAFFIC LANE,35,No,2014,NABI,TBU,39.01149565,-76.97900062,2022,12,6
220056147,Injury Crash,12/19/2022 05:30:00 AM,MONTGOMERY VILLAGE AVE,NA,STRAIGHT MOVEMENT ANGLE,Clear,DRY,Medium,FLASHING TRAFFIC SIGNAL,NONE DETECTED,No,Possible Minor Injury,N/A,NOT DISTRACTED,MD,PASSENGER CAR,MOVING CONSTANT SPEED,35,No,2007,ACURA,4S,39.174456,-77.20369167,2022,12,5
220056147,Injury Crash,12/19/2022 05:30:00 AM,MONTGOMERY VILLAGE AVE,NA,STRAIGHT MOVEMENT ANGLE,Clear,DRY,Medium,FLASHING TRAFFIC SIGNAL,NONE DETECTED,Yes,Possible Minor Injury,N/A,UNKNOWN,MD,PASSENGER CAR,STARTING FROM LANE,30,No,2017,AUDI,A4,39.174456,-77.20369167,2022,12,5
220056125,Property Damage Crash,12/18/2022 10:27:00 PM,NEW HAMPSHIRE AVE,NA,SAME DIR REAR END,Clear,DRY,Medium,TRAFFIC SIGNAL,NONE DETECTED,Yes,No Apparent Injury,N/A,UNKNOWN,MD,AMBULANCE/EMERGENCY,SLOWING OR STOPPING,35,No,2012,FRHT,AM,38.98959003,-76.98857892,2022,12,22
220056125,Property Damage Crash,12/18/2022 10:27:00 PM,NEW HAMPSHIRE AVE,NA,SAME DIR REAR END,Clear,DRY,Medium,TRAFFIC SIGNAL,NONE DETECTED,No,No Apparent Injury,N/A,UNKNOWN,DC,PASSENGER CAR,SLOWING OR STOPPING,35,No,2004,ACURA,MDX,38.98959003,-76.98857892,2022,12,22
220056122,Property Damage Crash,12/18/2022 09:26:00 PM,RIDGE RD,NA,SINGLE VEHICLE,Clear,ICE,Medium,NO CONTROLS,NONE DETECTED,Yes,No Apparent Injury,"ICY OR SNOW-COVERED, V WIPERS|W OTHER ENVIRONMENTAL",NOT DISTRACTED,MD,PASSENGER CAR,MOVING CONSTANT SPEED,30,No,2014,CHEVROLET,CAMERO,39.29780667,-77.20326,2022,12,21
220056120,Property Damage Crash,12/18/2022 09:23:00 PM,BRIGGS CHANEY RD,NA,STRAIGHT MOVEMENT ANGLE,Clear,DRY,Medium,TRAFFIC SIGNAL,NONE DETECTED,No,No Apparent Injury,N/A,NOT DISTRACTED,MD,PASSENGER CAR,MAKING LEFT TURN,35,No,2013,NISSAN,ROUGE,39.08281667,-76.94811333,2022,12,21
220056120,Property Damage Crash,12/18/2022 09:23:00 PM,BRIGGS CHANEY RD,NA,STRAIGHT MOVEMENT ANGLE,Clear,DRY,Medium,TRAFFIC SIGNAL,NONE DETECTED,Yes,No Apparent Injury,N/A,INATTENTIVE OR LOST IN THOUGHT,MD,PASSENGER CAR,MOVING CONSTANT SPEED,35,No,2016,BMW,328I,39.08281667,-76.94811333,2022,12,21
220056213,Property Damage Crash,12/18/2022 09:00:00 PM,NA,NA,SINGLE VEHICLE,Clear,NA,Medium,NO CONTROLS,NONE DETECTED,Yes,No Apparent Injury,N/A,NOT DISTRACTED,MD,"CARGO VAN/LIGHT TRUCK 2 AXLES (OVER 10,000LBS (4,536 KG))",MAKING LEFT TURN,15,No,2017,FORD,TRANSIT,39.13266761,-77.1723804,2022,12,21
220056108,Injury Crash,12/18/2022 06:55:00 PM,CALVERTON BLVD,NA,STRAIGHT MOVEMENT ANGLE,Clear,DRY,Dark,STOP SIGN,NONE DETECTED,No,Possible Minor Injury,N/A,NOT DISTRACTED,MD,PASSENGER CAR,MOVING CONSTANT SPEED,30,No,2020,VOLK,SD,39.05692,-76.94669,2022,12,18
220056108,Injury Crash,12/18/2022 06:55:00 PM,CALVERTON BLVD,NA,STRAIGHT MOVEMENT ANGLE,Clear,DRY,Dark,STOP SIGN,NONE DETECTED,Yes,Possible Minor Injury,N/A,LOOKED BUT DID NOT SEE,MD,(SPORT) UTILITY VEHICLE,MAKING LEFT TURN,15,No,2020,TOYT,UT,39.05692,-76.94669,2022,12,18
220056105,Injury Crash,12/18/2022 06:30:00 PM,CONNECTICUT AVE,NA,SINGLE VEHICLE,Clear,DRY,Medium,TRAFFIC SIGNAL,NONE DETECTED,Yes,Possible Minor Injury,N/A,UNKNOWN,MD,VAN,MOVING CONSTANT SPEED,35,No,2003,FORD,E150,39.0766075,-77.08068817,2022,12,18
220056102,Property Damage Crash,12/18/2022 06:30:00 PM,NEW HAMPSHIRE AVE,NA,SAME DIRECTION RIGHT TURN,Clear,DRY,Medium,TRAFFIC SIGNAL,NONE DETECTED,No,No Apparent Injury,N/A,NOT DISTRACTED,MD,PASSENGER CAR,OTHER,10,No,2018,TOYT,SD,38.98756568,-76.98803443,2022,12,18
220056102,Property Damage Crash,12/18/2022 06:30:00 PM,NEW HAMPSHIRE AVE,NA,SAME DIRECTION RIGHT TURN,Clear,DRY,Medium,TRAFFIC SIGNAL,NONE DETECTED,Yes,No Apparent Injury,N/A,UNKNOWN,NA,NA,MOVING CONSTANT SPEED,35,No,0,UNKNOWN,UNKNOWN,38.98756568,-76.98803443,2022,12,18
220056102,Property Damage Crash,12/18/2022 06:30:00 PM,NEW HAMPSHIRE AVE,NA,SAME DIRECTION RIGHT TURN,Clear,DRY,Medium,TRAFFIC SIGNAL,NONE DETECTED,No,No Apparent Injury,N/A,NOT DISTRACTED,VA,(SPORT) UTILITY VEHICLE,MOVING CONSTANT SPEED,35,No,2022,TOYOTA,RAV4,38.98756568,-76.98803443,2022,12,18
220056090,Injury Crash,12/18/2022 05:35:00 PM,RANDOLPH RD,NA,SAME DIR REAR END,Clear,DRY,Medium,TRAFFIC SIGNAL,NONE DETECTED,No,No Apparent Injury,N/A,NOT DISTRACTED,MD,PASSENGER CAR,STOPPED IN TRAFFIC LANE,35,No,2014,TOYOTA,RAV4,39.05916283,-77.06873283,2022,12,17
220056090,Injury Crash,12/18/2022 05:35:00 PM,RANDOLPH RD,NA,SAME DIR REAR END,Clear,DRY,Medium,TRAFFIC SIGNAL,NONE DETECTED,Yes,No Apparent Injury,N/A,NOT DISTRACTED,GA,PASSENGER CAR,MOVING CONSTANT SPEED,35,No,2007,TOYOTA,HIGHLANDER,39.05916283,-77.06873283,2022,12,17
220056084,Property Damage Crash,12/18/2022 05:05:00 PM,NA,NA,OTHER,Clear,NA,Medium,N/A,NONE DETECTED,Yes,No Apparent Injury,N/A,LOOKED BUT DID NOT SEE,XX,PASSENGER CAR,BACKING,10,No,2015,HONDA,CIVIC,39.04027667,-77.052875,2022,12,17
220056084,Property Damage Crash,12/18/2022 05:05:00 PM,NA,NA,OTHER,Clear,NA,Medium,N/A,NONE DETECTED,No,No Apparent Injury,N/A,NOT DISTRACTED,MD,PASSENGER CAR,ACCELERATING,10,No,2013,CHEV,TK,39.04027667,-77.052875,2022,12,17
220056098,Property Damage Crash,12/18/2022 04:50:00 PM,NEW HAMPSHIRE AVE,NA,SAME DIRECTION SIDESWIPE,Clear,DRY,Medium,TRAFFIC SIGNAL,NONE DETECTED,Yes,No Apparent Injury,N/A,UNKNOWN,NA,PASSENGER CAR,CHANGING LANES,40,No,2015,CHRYSLER,300,39.03969534,-76.99043531,2022,12,16
220056098,Property Damage Crash,12/18/2022 04:50:00 PM,NEW HAMPSHIRE AVE,NA,SAME DIRECTION SIDESWIPE,Clear,DRY,Medium,TRAFFIC SIGNAL,NONE DETECTED,No,No Apparent Injury,N/A,NOT DISTRACTED,MD,PASSENGER CAR,STARTING FROM LANE,40,No,2020,HYUNDAI,ELANTRA,39.03969534,-76.99043531,2022,12,16
220056080,Property Damage Crash,12/18/2022 04:02:00 PM,MONROE ST,NA,SAME DIRECTION SIDESWIPE,Clear,DRY,Daylight,NO CONTROLS,NONE DETECTED,No,No Apparent Injury,N/A,NOT DISTRACTED,MD,PASSENGER CAR,MOVING CONSTANT SPEED,15,No,2019,HONDA,HR-V,39.08469,-77.14904,2022,12,16
220056080,Property Damage Crash,12/18/2022 04:02:00 PM,MONROE ST,NA,SAME DIRECTION SIDESWIPE,Clear,DRY,Daylight,NO CONTROLS,NONE DETECTED,Yes,No Apparent Injury,N/A,NOT DISTRACTED,NA,PASSENGER CAR,MOVING CONSTANT SPEED,15,No,2010,HOND,TK,39.08469,-77.14904,2022,12,16
220056077,Property Damage Crash,12/18/2022 03:50:00 PM,WASHINGTONIAN BLVD,NA,SAME DIR REAR END,Clear,DRY,Daylight,NO CONTROLS,NONE DETECTED,No,No Apparent Injury,N/A,NOT DISTRACTED,MD,PASSENGER CAR,SLOWING OR STOPPING,20,No,2017,VOLV,TK,39.11926642,-77.20155213,2022,12,15
220056077,Property Damage Crash,12/18/2022 03:50:00 PM,WASHINGTONIAN BLVD,NA,SAME DIR REAR END,Clear,DRY,Daylight,NO CONTROLS,NONE DETECTED,Yes,No Apparent Injury,N/A,UNKNOWN,NA,PASSENGER CAR,MOVING CONSTANT SPEED,20,No,2010,DODGE,CHARGER,39.11926642,-77.20155213,2022,12,15
220054802,Injury Crash,12/18/2022 03:00:00 PM,N SUMMIT AVE,NA,SAME DIR REAR END,Clear,DRY,Daylight,TRAFFIC SIGNAL,NONE DETECTED,No,Possible Minor Injury,N/A,NOT DISTRACTED,MD,PASSENGER CAR,STOPPED IN TRAFFIC LANE,25,No,2016,MAZDA,6,39.14378399,-77.19290594,2022,12,15
220054802,Injury Crash,12/18/2022 03:00:00 PM,N SUMMIT AVE,NA,SAME DIR REAR END,Clear,DRY,Daylight,TRAFFIC SIGNAL,NONE DETECTED,Yes,No Apparent Injury,N/A,UNKNOWN,NA,PASSENGER CAR,ACCELERATING,25,No,2013,DODGE,DART,39.14378399,-77.19290594,2022,12,15
220056061,Property Damage Crash,12/18/2022 01:45:00 PM,KNOWLES AVE,NA,SAME DIR REAR END,Clear,DRY,Daylight,NO CONTROLS,NONE DETECTED,No,No Apparent Injury,N/A,NOT DISTRACTED,MD,PASSENGER CAR,SLOWING OR STOPPING,25,No,2021,TOYOTA,VENZA,39.0308945,-77.08619217,2022,12,13
220056061,Property Damage Crash,12/18/2022 01:45:00 PM,KNOWLES AVE,NA,SAME DIR REAR END,Clear,DRY,Daylight,NO CONTROLS,NONE DETECTED,Yes,No Apparent Injury,N/A,NOT DISTRACTED,MD,PASSENGER CAR,MOVING CONSTANT SPEED,25,No,2017,HONDA,4DR,39.0308945,-77.08619217,2022,12,13
220056058,Injury Crash,12/18/2022 01:29:00 PM,NA,NA,STRAIGHT MOVEMENT ANGLE,Clear,NA,Daylight,STOP SIGN,NONE DETECTED,No,No Apparent Injury,N/A,NOT DISTRACTED,MD,(SPORT) UTILITY VEHICLE,MOVING CONSTANT SPEED,0,No,2019,TOYT,UT,39.16413049,-77.22654387,2022,12,13
220056058,Injury Crash,12/18/2022 01:29:00 PM,NA,NA,STRAIGHT MOVEMENT ANGLE,Clear,NA,Daylight,STOP SIGN,NONE DETECTED,Yes,Possible Minor Injury,N/A,LOOKED BUT DID NOT SEE,MD,PASSENGER CAR,ACCELERATING,0,No,2012,INFI,4S,39.16413049,-77.22654387,2022,12,13
220056047,Property Damage Crash,12/18/2022 10:50:00 AM,NEW HAMPSHIRE AVE,NA,SAME DIR REAR END,Clear,DRY,Daylight,TRAFFIC SIGNAL,NONE DETECTED,No,No Apparent Injury,N/A,NOT DISTRACTED,MD,PASSENGER CAR,STOPPED IN TRAFFIC LANE,40,No,2018,TOYOTA,RAV4,39.058825,-76.99768333,2022,12,10
220056047,Property Damage Crash,12/18/2022 10:50:00 AM,NEW HAMPSHIRE AVE,NA,SAME DIR REAR END,Clear,DRY,Daylight,TRAFFIC SIGNAL,NONE DETECTED,Yes,No Apparent Injury,N/A,NOT DISTRACTED,MD,PASSENGER CAR,MOVING CONSTANT SPEED,40,No,2004,MERCEDES,S430,39.058825,-76.99768333,2022,12,10
220056033,Property Damage Crash,12/18/2022 08:40:00 AM,GEORGIA AVE,NA,SAME DIRECTION SIDESWIPE,Clear,DRY,Daylight,NO CONTROLS,NONE DETECTED,Yes,No Apparent Injury,N/A,LOOKED BUT DID NOT SEE,DC,PASSENGER CAR,MOVING CONSTANT SPEED,30,No,2011,NISSAN,MURANO,38.99101333,-77.02671333,2022,12,8
220056033,Property Damage Crash,12/18/2022 08:40:00 AM,GEORGIA AVE,NA,SAME DIRECTION SIDESWIPE,Clear,DRY,Daylight,NO CONTROLS,NONE DETECTED,No,No Apparent Injury,N/A,NOT DISTRACTED,MD,PASSENGER CAR,MOVING CONSTANT SPEED,30,No,2014,ACURA,MDX,38.99101333,-77.02671333,2022,12,8
220056026,Property Damage Crash,12/18/2022 04:14:00 AM,GEORGIA AVE,NA,SAME DIR BOTH LEFT TURN,Clear,DRY,Medium,TRAFFIC SIGNAL,NONE DETECTED,Yes,No Apparent Injury,N/A,UNKNOWN,NA,PASSENGER CAR,MAKING LEFT TURN,30,No,2007,VOLVO,4D,39.00863437,-77.04021325,2022,12,4
220056026,Property Damage Crash,12/18/2022 04:14:00 AM,GEORGIA AVE,NA,SAME DIR BOTH LEFT TURN,Clear,DRY,Medium,TRAFFIC SIGNAL,NONE DETECTED,No,No Apparent Injury,N/A,NOT DISTRACTED,MD,TRANSIT BUS,MAKING LEFT TURN,30,No,2016,GILL,BUS,39.00863437,-77.04021325,2022,12,4
220056022,Property Damage Crash,12/18/2022 02:35:00 AM,ARLINGTON RD,NA,SINGLE VEHICLE,Clear,DRY,Medium,NO CONTROLS,NONE DETECTED,Yes,No Apparent Injury,N/A,UNKNOWN,NA,PASSENGER CAR,MOVING CONSTANT SPEED,25,No,2021,MERCEDES,CLA 250,38.97718918,-77.09866669,2022,12,2
220056016,Property Damage Crash,12/18/2022 01:26:00 AM,CLARKSBURG RD,NA,SINGLE VEHICLE,Clear,DRY,Dark,NO CONTROLS,NONE DETECTED,Yes,No Apparent Injury,N/A,NOT DISTRACTED,MD,PASSENGER CAR,MOVING CONSTANT SPEED,30,No,2016,TOYOTA,SUV,39.27272167,-77.2770255,2022,12,1
220056009,Property Damage Crash,12/18/2022 12:47:00 AM,WISCONSIN AVE,NA,SAME DIRECTION SIDESWIPE,Clear,DRY,Medium,NO CONTROLS,NONE DETECTED,Yes,No Apparent Injury,N/A,UNKNOWN,NA,(SPORT) UTILITY VEHICLE,MOVING CONSTANT SPEED,35,No,2013,TOYOTA,RAV4,38.97727562,-77.09053091,2022,12,0
220056009,Property Damage Crash,12/18/2022 12:47:00 AM,WISCONSIN AVE,NA,SAME DIRECTION SIDESWIPE,Clear,DRY,Medium,NO CONTROLS,NONE DETECTED,No,No Apparent Injury,N/A,NOT DISTRACTED,MD,PASSENGER CAR,MOVING CONSTANT SPEED,35,No,2010,FORD,FOCUS,38.97727562,-77.09053091,2022,12,0
220055843,Property Damage Crash,12/17/2022 11:23:00 PM,LAYHILL RD,NA,STRAIGHT MOVEMENT ANGLE,Clear,DRY,Medium,UNKNOWN,NONE DETECTED,No,No Apparent Injury,N/A,NOT DISTRACTED,MD,PASSENGER CAR,MOVING CONSTANT SPEED,25,No,2004,HYUNDAI,SANTA FE,39.06094184,-77.05081188,2022,12,23
220055843,Property Damage Crash,12/17/2022 11:23:00 PM,LAYHILL RD,NA,STRAIGHT MOVEMENT ANGLE,Clear,DRY,Medium,UNKNOWN,ALCOHOL PRESENT,Yes,No Apparent Injury,N/A,NOT DISTRACTED,MD,PICKUP TRUCK,MAKING RIGHT TURN,25,No,2018,TOYOTA,TUNDRA,39.06094184,-77.05081188,2022,12,23
220055992,Property Damage Crash,12/17/2022 10:39:00 PM,NA,NA,SINGLE VEHICLE,Clear,NA,Medium,N/A,ALCOHOL PRESENT,Yes,No Apparent Injury,N/A,NOT DISTRACTED,MD,PASSENGER CAR,STARTING FROM PARKED,0,No,2006,MAZDA,3,39.14650416,-77.20375887,2022,12,22
220055975,Property Damage Crash,12/17/2022 08:16:00 PM,COLUMBIA PIKE,NA,SAME DIR REAR END,Clear,DRY,Medium,NO CONTROLS,NONE DETECTED,Yes,No Apparent Injury,N/A,LOOKED BUT DID NOT SEE,MD,PASSENGER CAR,MOVING CONSTANT SPEED,50,No,2015,HOND,SD,39.05448417,-76.97442233,2022,12,20
220055975,Property Damage Crash,12/17/2022 08:16:00 PM,COLUMBIA PIKE,NA,SAME DIR REAR END,Clear,DRY,Medium,NO CONTROLS,NONE DETECTED,No,No Apparent Injury,N/A,NOT DISTRACTED,MD,PASSENGER CAR,MOVING CONSTANT SPEED,50,No,2014,CHEV,UT,39.05448417,-76.97442233,2022,12,20
220055977,Property Damage Crash,12/17/2022 07:57:00 PM,UNIVERSITY BLVD E,NA,SAME DIRECTION SIDESWIPE,Clear,DRY,Medium,N/A,NONE DETECTED,No,No Apparent Injury,N/A,NOT DISTRACTED,MD,PASSENGER CAR,MOVING CONSTANT SPEED,40,No,2017,ACURA,TL,39.15442833,-77.2138,2022,12,19
220055977,Property Damage Crash,12/17/2022 07:57:00 PM,UNIVERSITY BLVD E,NA,SAME DIRECTION SIDESWIPE,Clear,DRY,Medium,N/A,NONE DETECTED,Yes,No Apparent Injury,N/A,UNKNOWN,MD,PASSENGER CAR,MOVING CONSTANT SPEED,40,No,2015,CHEVROLET,VAN,39.15442833,-77.2138,2022,12,19
220055970,Injury Crash,12/17/2022 07:13:00 PM,GERMANTOWN RD,NA,SAME DIRECTION SIDESWIPE,Clear,DRY,Medium,TRAFFIC SIGNAL,DRUG AND ALCOHOL CONTRIBUTED,Yes,Possible Minor Injury,N/A,NOT DISTRACTED,MD,(SPORT) UTILITY VEHICLE,MOVING CONSTANT SPEED,40,No,2005,FORD,EXPEDITION,39.17677758,-77.2701332,2022,12,19
220055970,Injury Crash,12/17/2022 07:13:00 PM,GERMANTOWN RD,NA,SAME DIRECTION SIDESWIPE,Clear,DRY,Medium,TRAFFIC SIGNAL,NONE DETECTED,No,No Apparent Injury,N/A,NOT DISTRACTED,MD,(SPORT) UTILITY VEHICLE,MOVING CONSTANT SPEED,40,No,2020,JEEP,CHEROKEE,39.17677758,-77.2701332,2022,12,19
220055961,Property Damage Crash,12/17/2022 06:26:00 PM,NEW HAMPSHIRE AVE,NA,SAME DIR REAR END,Cloudy,DRY,Medium,NO CONTROLS,NONE DETECTED,Yes,No Apparent Injury,N/A,LOOKED BUT DID NOT SEE,DC,PASSENGER CAR,SLOWING OR STOPPING,40,No,2013,INFINITI,M37X,39.06994,-77.003175,2022,12,18
220055961,Property Damage Crash,12/17/2022 06:26:00 PM,NEW HAMPSHIRE AVE,NA,SAME DIR REAR END,Cloudy,DRY,Medium,NO CONTROLS,NONE DETECTED,No,No Apparent Injury,N/A,NOT DISTRACTED,MD,PICKUP TRUCK,SLOWING OR STOPPING,40,No,2016,TOYOTA,TUNDRA,39.06994,-77.003175,2022,12,18
220055962,Injury Crash,12/17/2022 06:25:00 PM,MIDCOUNTY HWY,NA,STRAIGHT MOVEMENT ANGLE,Clear,DRY,Medium,TRAFFIC SIGNAL,NONE DETECTED,Yes,No Apparent Injury,N/A,UNKNOWN,XX,PASSENGER CAR,MOVING CONSTANT SPEED,35,No,2013,NISSAN,VERSA,39.14743687,-77.16923972,2022,12,18
220055962,Injury Crash,12/17/2022 06:25:00 PM,MIDCOUNTY HWY,NA,STRAIGHT MOVEMENT ANGLE,Clear,DRY,Medium,TRAFFIC SIGNAL,NONE DETECTED,No,No Apparent Injury,N/A,NOT DISTRACTED,MD,PASSENGER CAR,MOVING CONSTANT SPEED,50,No,2009,CHRY,VN,39.14743687,-77.16923972,2022,12,18
220055960,Injury Crash,12/17/2022 06:00:00 PM,MUDDY BRANCH RD,NA,HEAD ON LEFT TURN,Clear,DRY,Medium,TRAFFIC SIGNAL,NONE DETECTED,Yes,Possible Minor Injury,N/A,LOOKED BUT DID NOT SEE,MD,PASSENGER CAR,MAKING LEFT TURN,30,No,2008,HONDA,CIVIC,39.1401026,-77.20531682,2022,12,18
220055960,Injury Crash,12/17/2022 06:00:00 PM,MUDDY BRANCH RD,NA,HEAD ON LEFT TURN,Clear,DRY,Medium,TRAFFIC SIGNAL,NONE DETECTED,No,Possible Minor Injury,N/A,NOT DISTRACTED,MD,PASSENGER CAR,ACCELERATING,30,No,2017,TOYOTA,CAMRY,39.1401026,-77.20531682,2022,12,18
220055959,Property Damage Crash,12/17/2022 06:00:00 PM,ARCOLA AVE,NA,SINGLE VEHICLE,Clear,DRY,Medium,NO CONTROLS,NONE DETECTED,No,No Apparent Injury,N/A,NOT DISTRACTED,MD,PASSENGER CAR,MOVING CONSTANT SPEED,25,No,2014,HONDA,CIVIC,39.047242,-77.0457405,2022,12,18
220055958,Property Damage Crash,12/17/2022 05:59:00 PM,RANDOLPH RD,NA,SAME DIRECTION SIDESWIPE,Clear,DRY,Medium,TRAFFIC SIGNAL,NONE DETECTED,No,No Apparent Injury,N/A,NOT DISTRACTED,MD,PASSENGER CAR,MAKING LEFT TURN,35,No,2013,HONDA,CIVIC,39.05917667,-77.05005833,2022,12,17
220055958,Property Damage Crash,12/17/2022 05:59:00 PM,RANDOLPH RD,NA,SAME DIRECTION SIDESWIPE,Clear,DRY,Medium,TRAFFIC SIGNAL,NONE DETECTED,Yes,No Apparent Injury,N/A,LOOKED BUT DID NOT SEE,MD,PASSENGER CAR,MAKING LEFT TURN,35,No,2000,BMW,328I,39.05917667,-77.05005833,2022,12,17
220055942,Property Damage Crash,12/17/2022 03:37:00 PM,NEW HAMPSHIRE AVE,NA,ANGLE MEETS RIGHT TURN,Clear,DRY,Daylight,STOP SIGN,NONE DETECTED,Yes,No Apparent Injury,N/A,LOOKED BUT DID NOT SEE,MD,PASSENGER CAR,MAKING RIGHT TURN,45,No,2016,NISSAN,ALTIMA,39.0799625,-77.00141883,2022,12,15
220055942,Property Damage Crash,12/17/2022 03:37:00 PM,NEW HAMPSHIRE AVE,NA,ANGLE MEETS RIGHT TURN,Clear,DRY,Daylight,STOP SIGN,NONE DETECTED,No,No Apparent Injury,N/A,NOT DISTRACTED,MD,(SPORT) UTILITY VEHICLE,SLOWING OR STOPPING,45,No,2011,CHEV,UT,39.0799625,-77.00141883,2022,12,15