Local Case Number,ACRS Report Type,Crash Date/Time,Road Name,Related Non-Motorist,Collision Type,Weather,Surface Condition,Light,Traffic Control,Driver Substance Abuse,Driver At Fault,Injury Severity,Circumstance,Driver Distracted By,Drivers License State,Vehicle Body Type,Vehicle Movement,Speed Limit,Driverless Vehicle,Vehicle Year,Vehicle Make,Vehicle Model,Latitude,Longitude,Year,Month,Hour
220055940,Injury Crash,12/17/2022 03:22:00 PM,RIDGE RD,NA,SAME DIR REAR END,Clear,DRY,Daylight,NO CONTROLS,NONE DETECTED,No,Possible Minor Injury,N/A,NOT DISTRACTED,MD,PASSENGER CAR,MAKING LEFT TURN,40,No,2017,TOYT,TK,39.25807683,-77.224787,2022,12,15
220055940,Injury Crash,12/17/2022 03:22:00 PM,RIDGE RD,NA,SAME DIR REAR END,Clear,DRY,Daylight,NO CONTROLS,NONE DETECTED,Yes,Possible Minor Injury,N/A,UNKNOWN,MD,PASSENGER CAR,MOVING CONSTANT SPEED,40,No,2017,KIA,TK,39.25807683,-77.224787,2022,12,15
220055757,Property Damage Crash,12/17/2022 03:19:00 PM,CONNECTICUT AVE,NA,HEAD ON,Clear,DRY,Daylight,NO CONTROLS,NONE DETECTED,Yes,No Apparent Injury,N/A,LOOKED BUT DID NOT SEE,MD,PASSENGER CAR,BACKING,25,No,2019,ACURA,RLX,39.05838667,-77.04786783,2022,12,15
220055757,Property Damage Crash,12/17/2022 03:19:00 PM,CONNECTICUT AVE,NA,HEAD ON,Clear,DRY,Daylight,NO CONTROLS,NONE DETECTED,No,No Apparent Injury,N/A,NOT DISTRACTED,VA,PASSENGER CAR,PARKED,25,No,2010,HONDA,ACCORD,39.05838667,-77.04786783,2022,12,15
220055931,Property Damage Crash,12/17/2022 02:33:00 PM,GREENCASTLE RD,NA,SAME DIR REAR END,Clear,DRY,Daylight,TRAFFIC SIGNAL,NONE DETECTED,Yes,No Apparent Injury,N/A,UNKNOWN,MD,PASSENGER CAR,MOVING CONSTANT SPEED,35,No,2009,HYUNDAI,SONATA,39.09537833,-76.937623,2022,12,14
220055931,Property Damage Crash,12/17/2022 02:33:00 PM,GREENCASTLE RD,NA,SAME DIR REAR END,Clear,DRY,Daylight,TRAFFIC SIGNAL,NONE DETECTED,No,No Apparent Injury,N/A,NOT DISTRACTED,MD,PASSENGER CAR,SLOWING OR STOPPING,35,No,2016,NISS,4S,39.09537833,-76.937623,2022,12,14
220055927,Property Damage Crash,12/17/2022 02:23:00 PM,DEMOCRACY BLVD,NA,OTHER,Clear,DRY,Daylight,TRAFFIC SIGNAL,NONE DETECTED,No,No Apparent Injury,N/A,NOT DISTRACTED,MD,(SPORT) UTILITY VEHICLE,ACCELERATING,45,No,2014,JEEP,LIMITED 4 X4,39.02329667,-77.16321167,2022,12,14
220055927,Property Damage Crash,12/17/2022 02:23:00 PM,DEMOCRACY BLVD,NA,OTHER,Clear,DRY,Daylight,TRAFFIC SIGNAL,NONE DETECTED,Yes,No Apparent Injury,N/A,LOOKED BUT DID NOT SEE,MD,PASSENGER CAR,CHANGING LANES,45,No,2009,TOYT,4S,39.02329667,-77.16321167,2022,12,14
220055922,Property Damage Crash,12/17/2022 01:46:00 PM,WOODMONT AVE,NA,OTHER,Clear,DRY,Daylight,NO CONTROLS,NONE DETECTED,Yes,No Apparent Injury,N/A,DISTRACTED BY OUTSIDE PERSON OBJECT OR EVENT,MD,PASSENGER CAR,PARKING,30,No,2006,ACURA,4 DOOR,38.98144333,-77.09525167,2022,12,13
220055922,Property Damage Crash,12/17/2022 01:46:00 PM,WOODMONT AVE,NA,OTHER,Clear,DRY,Daylight,NO CONTROLS,NONE DETECTED,No,No Apparent Injury,N/A,NOT DISTRACTED,MD,PASSENGER CAR,STARTING FROM PARKED,30,No,2013,TOYOTA,PRIUS,38.98144333,-77.09525167,2022,12,13
220055918,Property Damage Crash,12/17/2022 01:30:00 PM,CORDELL AVE,NA,OTHER,Clear,DRY,Daylight,NO CONTROLS,NONE DETECTED,No,No Apparent Injury,N/A,NOT DISTRACTED,MD,PASSENGER CAR,PARKED,0,No,2015,MERCEDES,4DR,38.9905345,-77.097048,2022,12,13
220055918,Property Damage Crash,12/17/2022 01:30:00 PM,CORDELL AVE,NA,OTHER,Clear,DRY,Daylight,NO CONTROLS,NONE DETECTED,Yes,No Apparent Injury,N/A,INATTENTIVE OR LOST IN THOUGHT,MD,PASSENGER CAR,PARKING,5,No,2009,SUBARU,4DR,38.9905345,-77.097048,2022,12,13
220055910,Property Damage Crash,12/17/2022 12:42:00 PM,GEORGIA AVE,NA,SINGLE VEHICLE,Clear,DRY,Daylight,TRAFFIC SIGNAL,NONE DETECTED,Yes,No Apparent Injury,N/A,NOT DISTRACTED,VA,FIRE VEHICLE/EMERGENCY,MOVING CONSTANT SPEED,25,No,2019,PIRC,TK,39.039338,-77.05117433,2022,12,12
220055902,Property Damage Crash,12/17/2022 11:58:00 AM,MUDDY BRANCH RD,NA,STRAIGHT MOVEMENT ANGLE,Cloudy,DRY,Daylight,TRAFFIC SIGNAL,NONE DETECTED,Yes,No Apparent Injury,N/A,LOOKED BUT DID NOT SEE,XX,PASSENGER CAR,RIGHT TURN ON RED,35,No,2018,TOYT,CAMRY,39.14027167,-77.20570333,2022,12,11
220055902,Property Damage Crash,12/17/2022 11:58:00 AM,MUDDY BRANCH RD,NA,STRAIGHT MOVEMENT ANGLE,Cloudy,DRY,Daylight,TRAFFIC SIGNAL,NONE DETECTED,No,No Apparent Injury,N/A,LOOKED BUT DID NOT SEE,MD,PASSENGER CAR,MOVING CONSTANT SPEED,35,No,2018,HOND,CIVIC,39.14027167,-77.20570333,2022,12,11
220055904,Injury Crash,12/17/2022 11:56:00 AM,COLESVILLE RD,NA,OTHER,Clear,DRY,Daylight,N/A,NONE DETECTED,No,No Apparent Injury,"BACKUP DUE TO REGULAR CONGESTION, N/A",NOT DISTRACTED,MD,PASSENGER CAR,SLOWING OR STOPPING,35,No,2022,TOYOTA,HIGHLANDER,39.00851816,-77.01865349,2022,12,11
220055904,Injury Crash,12/17/2022 11:56:00 AM,COLESVILLE RD,NA,OTHER,Clear,DRY,Daylight,N/A,NONE DETECTED,No,No Apparent Injury,"BACKUP DUE TO REGULAR CONGESTION, N/A",NOT DISTRACTED,MD,PASSENGER CAR,SLOWING OR STOPPING,35,No,2016,MERCEDES,CLA250,39.00851816,-77.01865349,2022,12,11
220055904,Injury Crash,12/17/2022 11:56:00 AM,COLESVILLE RD,NA,OTHER,Clear,DRY,Daylight,N/A,NONE DETECTED,No,No Apparent Injury,"BACKUP DUE TO REGULAR CONGESTION, N/A",NOT DISTRACTED,MD,PASSENGER CAR,SLOWING OR STOPPING,35,No,2010,TOYOTA,HIGHLANDER,39.00851816,-77.01865349,2022,12,11
220055904,Injury Crash,12/17/2022 11:56:00 AM,COLESVILLE RD,NA,OTHER,Clear,DRY,Daylight,N/A,NONE DETECTED,Yes,No Apparent Injury,"BACKUP DUE TO REGULAR CONGESTION, N/A",UNKNOWN,MD,"MEDIUM/HEAVY TRUCKS 3 AXLES (OVER 10,000LBS (4,536KG))",SLOWING OR STOPPING,35,No,2004,MACK,CV700,39.00851816,-77.01865349,2022,12,11
220055904,Injury Crash,12/17/2022 11:56:00 AM,COLESVILLE RD,NA,OTHER,Clear,DRY,Daylight,N/A,NONE DETECTED,No,No Apparent Injury,"BACKUP DUE TO REGULAR CONGESTION, N/A",NOT DISTRACTED,MD,PASSENGER CAR,SLOWING OR STOPPING,35,No,2006,HONDA,CIVIC,39.00851816,-77.01865349,2022,12,11
220055904,Injury Crash,12/17/2022 11:56:00 AM,COLESVILLE RD,NA,OTHER,Clear,DRY,Daylight,N/A,NONE DETECTED,No,No Apparent Injury,"BACKUP DUE TO REGULAR CONGESTION, N/A",NOT DISTRACTED,VA,PASSENGER CAR,SLOWING OR STOPPING,35,No,2016,TOYOTA,CAMRY,39.00851816,-77.01865349,2022,12,11
220055904,Injury Crash,12/17/2022 11:56:00 AM,COLESVILLE RD,NA,OTHER,Clear,DRY,Daylight,N/A,NONE DETECTED,No,No Apparent Injury,"BACKUP DUE TO REGULAR CONGESTION, N/A",NOT DISTRACTED,MD,PASSENGER CAR,SLOWING OR STOPPING,35,No,2018,PORSCHE,MECAN,39.00851816,-77.01865349,2022,12,11
220055904,Injury Crash,12/17/2022 11:56:00 AM,COLESVILLE RD,NA,OTHER,Clear,DRY,Daylight,N/A,NONE DETECTED,No,Possible Minor Injury,"BACKUP DUE TO REGULAR CONGESTION, N/A",NOT DISTRACTED,MD,PASSENGER CAR,SLOWING OR STOPPING,35,No,2008,AUDI,Q7,39.00851816,-77.01865349,2022,12,11
220055896,Property Damage Crash,12/17/2022 11:00:00 AM,MAIN ST,NA,SAME DIRECTION SIDESWIPE,Clear,DRY,Daylight,NO CONTROLS,NONE DETECTED,Yes,No Apparent Injury,N/A,NOT DISTRACTED,MD,PICKUP TRUCK,MOVING CONSTANT SPEED,25,No,2018,TOYT,TUNDRA,39.11715485,-77.23655124,2022,12,11
220055893,Injury Crash,12/17/2022 10:13:00 AM,E GUDE DR,NA,SAME DIRECTION SIDESWIPE,Clear,DRY,Daylight,N/A,NONE DETECTED,No,No Apparent Injury,N/A,NOT DISTRACTED,MD,PASSENGER CAR,STOPPED IN TRAFFIC LANE,35,No,2005,HONDA,ACCORD,39.1066,-77.15775167,2022,12,10
220055893,Injury Crash,12/17/2022 10:13:00 AM,E GUDE DR,NA,SAME DIRECTION SIDESWIPE,Clear,DRY,Daylight,N/A,NONE DETECTED,No,Possible Minor Injury,N/A,NOT DISTRACTED,MD,PASSENGER CAR,MOVING CONSTANT SPEED,35,No,2022,TOYOTA,COROLLA,39.1066,-77.15775167,2022,12,10
220055893,Injury Crash,12/17/2022 10:13:00 AM,E GUDE DR,NA,SAME DIRECTION SIDESWIPE,Clear,DRY,Daylight,N/A,NONE DETECTED,Yes,No Apparent Injury,N/A,LOOKED BUT DID NOT SEE,MD,PASSENGER CAR,CHANGING LANES,35,No,2002,TOYOTA,ACCORD,39.1066,-77.15775167,2022,12,10
220055877,Property Damage Crash,12/17/2022 07:14:00 AM,KENTLANDS BLVD,NA,SAME DIR REAR END,Clear,DRY,Medium,NO CONTROLS,NONE DETECTED,Yes,No Apparent Injury,N/A,UNKNOWN,MD,PASSENGER CAR,MOVING CONSTANT SPEED,25,No,2023,SUBA,UT,39.12583154,-77.24368354,2022,12,7
220055874,Injury Crash,12/17/2022 07:05:00 AM,MACARTHUR BLVD,NA,SINGLE VEHICLE,Clear,DRY,Medium,NO CONTROLS,NONE DETECTED,Yes,Possible Minor Injury,N/A,INATTENTIVE OR LOST IN THOUGHT,MD,PASSENGER CAR,MOVING CONSTANT SPEED,30,No,2015,HONDA,TK,38.970655,-77.14221833,2022,12,7
220055875,Property Damage Crash,12/17/2022 07:00:00 AM,CAPITAL BELTWAY,NA,SINGLE VEHICLE,Clear,ICE,Medium,N/A,NONE DETECTED,Yes,No Apparent Injury,"ICY OR SNOW-COVERED, N/A",NOT DISTRACTED,DC,(SPORT) UTILITY VEHICLE,MOVING CONSTANT SPEED,35,No,2020,ACURA,RDX,38.9829275,-77.15742,2022,12,7
220055872,Property Damage Crash,12/17/2022 06:05:00 AM,W MONTGOMERY AVE,NA,SINGLE VEHICLE,Clear,DRY,Medium,TRAFFIC SIGNAL,NONE DETECTED,Yes,No Apparent Injury,N/A,NOT DISTRACTED,VA,(SPORT) UTILITY VEHICLE,MOVING CONSTANT SPEED,40,No,2018,NISSAN,ARMADA,39.09112467,-77.179054,2022,12,6
220055867,Property Damage Crash,12/17/2022 05:35:00 AM,NEW HAMPSHIRE AVE,NA,SAME DIR REND LEFT TURN,Clear,DRY,Dark,NO CONTROLS,ALCOHOL PRESENT,Yes,No Apparent Injury,N/A,UNKNOWN,VA,PASSENGER CAR,MOVING CONSTANT SPEED,45,No,2021,TESLA,UT,39.06891333,-77.00276833,2022,12,5
220055867,Property Damage Crash,12/17/2022 05:35:00 AM,NEW HAMPSHIRE AVE,NA,SAME DIR REND LEFT TURN,Clear,DRY,Dark,NO CONTROLS,NONE DETECTED,No,No Apparent Injury,N/A,NOT DISTRACTED,MD,PASSENGER CAR,STOPPED IN TRAFFIC LANE,45,No,2013,TOYOTA,UT,39.06891333,-77.00276833,2022,12,5
220055861,Property Damage Crash,12/17/2022 02:54:00 AM,CAPITAL BELTWAY,NA,SINGLE VEHICLE,Clear,DRY,Medium,NO CONTROLS,NONE DETECTED,No,No Apparent Injury,"N/A, RUTS, HOLES, BUMPS",NOT DISTRACTED,MD,PASSENGER CAR,MOVING CONSTANT SPEED,55,No,2011,HYUN,SD,39.01688633,-77.14757067,2022,12,2
220055859,Property Damage Crash,12/17/2022 02:35:00 AM,RANDOLPH RD,NA,SINGLE VEHICLE,Clear,DRY,Medium,NO CONTROLS,NONE DETECTED,Yes,No Apparent Injury,N/A,UNKNOWN,MD,PASSENGER CAR,MOVING CONSTANT SPEED,35,No,2014,MERC,CLA 250,39.05752667,-77.0518,2022,12,2
220055850,Injury Crash,12/17/2022 01:09:00 AM,PINEY BRANCH RD,NA,SINGLE VEHICLE,Clear,DRY,Dark,NO CONTROLS,NONE DETECTED,Yes,No Apparent Injury,N/A,UNKNOWN,NA,PASSENGER CAR,MOVING CONSTANT SPEED,35,Unknown,2013,HONDA,CIVIC,38.99524167,-77.00704667,2022,12,1
220055854,Property Damage Crash,12/17/2022 01:02:00 AM,FERN ST,NA,OTHER,Clear,DRY,Medium,NO CONTROLS,ALCOHOL PRESENT,Yes,No Apparent Injury,N/A,UNKNOWN,MD,PICKUP TRUCK,ACCELERATING,25,No,2011,CHEVY,SILVERADO,39.04064051,-77.04950297,2022,12,1
220055849,Injury Crash,12/17/2022 12:49:00 AM,SEVEN LOCKS RD,NA,STRAIGHT MOVEMENT ANGLE,Clear,DRY,Medium,FLASHING TRAFFIC SIGNAL,ALCOHOL PRESENT,Yes,No Apparent Injury,N/A,NOT DISTRACTED,MD,(SPORT) UTILITY VEHICLE,ACCELERATING,45,No,2007,MAZDA,CX-7,39.02326328,-77.16238102,2022,12,0
220055849,Injury Crash,12/17/2022 12:49:00 AM,SEVEN LOCKS RD,NA,STRAIGHT MOVEMENT ANGLE,Clear,DRY,Medium,FLASHING TRAFFIC SIGNAL,NONE DETECTED,No,Possible Minor Injury,N/A,NOT DISTRACTED,MD,(SPORT) UTILITY VEHICLE,MOVING CONSTANT SPEED,35,No,2022,BMW,X6,39.02326328,-77.16238102,2022,12,0
220055847,Property Damage Crash,12/17/2022 12:30:00 AM,GEORGIA AVE,NA,SAME DIRECTION SIDESWIPE,Clear,DRY,Medium,NO CONTROLS,NONE DETECTED,No,No Apparent Injury,N/A,NOT DISTRACTED,MD,TRANSIT BUS,MOVING CONSTANT SPEED,30,No,2020,NOV,BU,39.00627167,-77.038745,2022,12,0
220055847,Property Damage Crash,12/17/2022 12:30:00 AM,GEORGIA AVE,NA,SAME DIRECTION SIDESWIPE,Clear,DRY,Medium,NO CONTROLS,NONE DETECTED,Yes,No Apparent Injury,N/A,LOOKED BUT DID NOT SEE,MD,PASSENGER CAR,CHANGING LANES,30,No,2013,FORD,FOCUS,39.00627167,-77.038745,2022,12,0
220055826,Property Damage Crash,12/16/2022 09:09:00 PM,EAST WEST HWY,NA,SAME DIR REAR END,Clear,DRY,Medium,TRAFFIC SIGNAL,NONE DETECTED,Yes,No Apparent Injury,N/A,NOT DISTRACTED,MD,PASSENGER CAR,STOPPED IN TRAFFIC LANE,35,No,2014,NISSIAN,4S,38.99462763,-77.03639956,2022,12,21
220055826,Property Damage Crash,12/16/2022 09:09:00 PM,EAST WEST HWY,NA,SAME DIR REAR END,Clear,DRY,Medium,TRAFFIC SIGNAL,NONE DETECTED,No,No Apparent Injury,N/A,NOT DISTRACTED,DC,(SPORT) UTILITY VEHICLE,STOPPED IN TRAFFIC LANE,35,No,2008,JEEP,UT,38.99462763,-77.03639956,2022,12,21
220055825,Property Damage Crash,12/16/2022 08:46:00 PM,LONGMEAD CROSSING DR,NA,SINGLE VEHICLE,Clear,DRY,Medium,NO CONTROLS,NONE DETECTED,Yes,No Apparent Injury,N/A,LOOKED BUT DID NOT SEE,MD,PASSENGER CAR,MOVING CONSTANT SPEED,30,No,2006,BMW,X-5,39.107391,-77.05332917,2022,12,20
220055809,Injury Crash,12/16/2022 07:53:00 PM,PINEY BRANCH RD,NA,STRAIGHT MOVEMENT ANGLE,Clear,DRY,Medium,TRAFFIC SIGNAL,NONE DETECTED,Yes,No Apparent Injury,N/A,NOT DISTRACTED,MD,PASSENGER CAR,MAKING U TURN,35,No,2011,TOYOTA,CAMRY,38.99367483,-77.00906146,2022,12,19
220055809,Injury Crash,12/16/2022 07:53:00 PM,PINEY BRANCH RD,NA,STRAIGHT MOVEMENT ANGLE,Clear,DRY,Medium,TRAFFIC SIGNAL,NONE DETECTED,No,Possible Minor Injury,N/A,NOT DISTRACTED,MD,PASSENGER CAR,MOVING CONSTANT SPEED,35,No,2013,NISSAN,ALTIMA,38.99367483,-77.00906146,2022,12,19
220055804,Property Damage Crash,12/16/2022 07:29:00 PM,PINEY BRANCH RD,NA,OTHER,Clear,DRY,Dark,NO CONTROLS,NONE DETECTED,No,No Apparent Injury,N/A,NOT DISTRACTED,MD,PASSENGER CAR,MOVING CONSTANT SPEED,35,No,2013,HOND,4S,39.00147167,-76.98672167,2022,12,19
220055804,Property Damage Crash,12/16/2022 07:29:00 PM,PINEY BRANCH RD,NA,OTHER,Clear,DRY,Dark,NO CONTROLS,NONE DETECTED,Yes,No Apparent Injury,N/A,LOOKED BUT DID NOT SEE,XX,PASSENGER CAR,MAKING LEFT TURN,35,No,2008,HOND,SD,39.00147167,-76.98672167,2022,12,19
220055813,Injury Crash,12/16/2022 07:24:00 PM,MONTROSE RD,NA,HEAD ON,Clear,DRY,Medium,TRAFFIC SIGNAL,NONE DETECTED,Yes,Possible Minor Injury,N/A,UNKNOWN,MD,(SPORT) UTILITY VEHICLE,MOVING CONSTANT SPEED,40,No,2002,DODGE,NITRO,39.0543971,-77.14445303,2022,12,19
220055813,Injury Crash,12/16/2022 07:24:00 PM,MONTROSE RD,NA,HEAD ON,Clear,DRY,Medium,TRAFFIC SIGNAL,NONE DETECTED,No,Possible Minor Injury,N/A,NOT DISTRACTED,DC,PASSENGER CAR,MOVING CONSTANT SPEED,40,No,2023,VOLVO,S90,39.0543971,-77.14445303,2022,12,19
220055802,Property Damage Crash,12/16/2022 07:17:00 PM,ROCKVILLE PIKE,NA,SAME DIR BOTH LEFT TURN,Clear,DRY,Medium,TRAFFIC SIGNAL,NONE DETECTED,No,No Apparent Injury,N/A,NOT DISTRACTED,DC,PASSENGER CAR,MAKING LEFT TURN,45,No,2016,HONDA,PSV,39.04900333,-77.11427,2022,12,19
220055802,Property Damage Crash,12/16/2022 07:17:00 PM,ROCKVILLE PIKE,NA,SAME DIR BOTH LEFT TURN,Clear,DRY,Medium,TRAFFIC SIGNAL,NONE DETECTED,Yes,No Apparent Injury,N/A,UNKNOWN,NA,NA,MAKING LEFT TURN,45,No,0,UNKNOWN,UNKNOWN,39.04900333,-77.11427,2022,12,19
220055797,Property Damage Crash,12/16/2022 06:25:00 PM,DAMASCUS RD,NA,SAME DIRECTION SIDESWIPE,Clear,DRY,Dark,STOP SIGN,NONE DETECTED,Yes,No Apparent Injury,N/A,LOOKED BUT DID NOT SEE,MD,PASSENGER CAR,MAKING LEFT TURN,50,No,2019,TOYOTA,CAMRY,39.26864437,-77.15192955,2022,12,18
220055797,Property Damage Crash,12/16/2022 06:25:00 PM,DAMASCUS RD,NA,SAME DIRECTION SIDESWIPE,Clear,DRY,Dark,STOP SIGN,NONE DETECTED,No,No Apparent Injury,N/A,NOT DISTRACTED,MD,PASSENGER CAR,MOVING CONSTANT SPEED,50,No,2018,VOKSWAGEN,JETTA,39.26864437,-77.15192955,2022,12,18
220055791,Property Damage Crash,12/16/2022 06:15:00 PM,ETHAN ALLEN AVE,NA,STRAIGHT MOVEMENT ANGLE,Clear,DRY,Medium,STOP SIGN,NONE DETECTED,No,No Apparent Injury,N/A,NOT DISTRACTED,MD,PASSENGER CAR,MOVING CONSTANT SPEED,25,No,2014,NISSAN,ROGUE,38.97616775,-76.99681088,2022,12,18
220055791,Property Damage Crash,12/16/2022 06:15:00 PM,ETHAN ALLEN AVE,NA,STRAIGHT MOVEMENT ANGLE,Clear,DRY,Medium,STOP SIGN,NONE DETECTED,Yes,No Apparent Injury,N/A,UNKNOWN,NA,NA,MAKING LEFT TURN,25,No,0,UNKNOWN,UNKNOWN,38.97616775,-76.99681088,2022,12,18
220055789,Property Damage Crash,12/16/2022 05:55:00 PM,GEORGIA AVE,NA,SAME DIRECTION SIDESWIPE,Clear,DRY,Medium,TRAFFIC SIGNAL,NONE DETECTED,No,No Apparent Injury,N/A,UNKNOWN,MD,PASSENGER CAR,RIGHT TURN ON RED,25,No,2013,HYUNDAI,4S,39.04317867,-77.05191433,2022,12,17
220055789,Property Damage Crash,12/16/2022 05:55:00 PM,GEORGIA AVE,NA,SAME DIRECTION SIDESWIPE,Clear,DRY,Medium,TRAFFIC SIGNAL,NONE DETECTED,Yes,No Apparent Injury,N/A,UNKNOWN,NA,UNKNOWN,MAKING LEFT TURN,25,No,0,UNKNOWN,UNKNOWN,39.04317867,-77.05191433,2022,12,17
220055785,Property Damage Crash,12/16/2022 05:33:00 PM,NEW HAMPSHIRE AVE,NA,SAME DIR REAR END,Clear,DRY,Medium,N/A,NONE DETECTED,No,No Apparent Injury,N/A,NOT DISTRACTED,NA,NA,SLOWING OR STOPPING,40,No,0,UNKNOWN,UNKNOWN,39.02506933,-76.98012767,2022,12,17
220055785,Property Damage Crash,12/16/2022 05:33:00 PM,NEW HAMPSHIRE AVE,NA,SAME DIR REAR END,Clear,DRY,Medium,N/A,NONE DETECTED,No,No Apparent Injury,N/A,NOT DISTRACTED,MD,PASSENGER CAR,SLOWING OR STOPPING,40,No,2004,CHEV,TK,39.02506933,-76.98012767,2022,12,17
220055785,Property Damage Crash,12/16/2022 05:33:00 PM,NEW HAMPSHIRE AVE,NA,SAME DIR REAR END,Clear,DRY,Medium,N/A,NONE DETECTED,Yes,No Apparent Injury,N/A,LOOKED BUT DID NOT SEE,MD,PASSENGER CAR,MOVING CONSTANT SPEED,40,No,2021,FORD,F150,39.02506933,-76.98012767,2022,12,17
220055781,Property Damage Crash,12/16/2022 05:03:00 PM,EAST WEST HWY,NA,STRAIGHT MOVEMENT ANGLE,Clear,DRY,Medium,N/A,NONE DETECTED,No,No Apparent Injury,N/A,NOT DISTRACTED,MD,(SPORT) UTILITY VEHICLE,MOVING CONSTANT SPEED,35,No,2018,JEEP,WRANGLER,38.99087333,-77.097,2022,12,17
220055781,Property Damage Crash,12/16/2022 05:03:00 PM,EAST WEST HWY,NA,STRAIGHT MOVEMENT ANGLE,Clear,DRY,Medium,N/A,NONE DETECTED,Yes,No Apparent Injury,N/A,UNKNOWN,NA,PICKUP TRUCK,MOVING CONSTANT SPEED,35,No,2000,FORD,TK,38.99087333,-77.097,2022,12,17
220055769,Injury Crash,12/16/2022 05:02:00 PM,LAYHILL RD,NA,ANGLE MEETS LEFT TURN,Clear,DRY,Dark,TRAFFIC SIGNAL,NONE DETECTED,Yes,No Apparent Injury,N/A,UNKNOWN,MD,PASSENGER CAR,ACCELERATING,35,No,2015,SUBA,UT,39.06299333,-77.04982,2022,12,17
220055769,Injury Crash,12/16/2022 05:02:00 PM,LAYHILL RD,NA,ANGLE MEETS LEFT TURN,Clear,DRY,Dark,TRAFFIC SIGNAL,NONE DETECTED,No,No Apparent Injury,N/A,NOT DISTRACTED,MD,PASSENGER CAR,MAKING LEFT TURN,35,No,2021,TESL,UT,39.06299333,-77.04982,2022,12,17
220055760,Property Damage Crash,12/16/2022 04:28:00 PM,NA,NA,SAME DIR REAR END,Clear,NA,Medium,NO CONTROLS,ALCOHOL PRESENT,Yes,No Apparent Injury,N/A,TALKING OR LISTENING TO CELLULAR PHONE,MD,PASSENGER CAR,STARTING FROM PARKED,5,No,2002,FORD,F150,39.07730547,-77.0035611,2022,12,16
220055760,Property Damage Crash,12/16/2022 04:28:00 PM,NA,NA,SAME DIR REAR END,Clear,NA,Medium,NO CONTROLS,NONE DETECTED,No,No Apparent Injury,N/A,NOT DISTRACTED,MD,PASSENGER CAR,PARKED,5,No,2019,CHEVY,CHEVY TK,39.07730547,-77.0035611,2022,12,16
220055746,Injury Crash,12/16/2022 03:03:00 PM,NA,PEDESTRIAN,OTHER,Clear,NA,Daylight,NO CONTROLS,NONE DETECTED,Yes,No Apparent Injury,N/A,UNKNOWN,MD,PASSENGER CAR,MAKING LEFT TURN,15,No,2009,HONDA,ACCORD 4S,39.11478824,-77.2169752,2022,12,15
220055728,Property Damage Crash,12/16/2022 02:47:00 PM,NA,NA,SAME DIRECTION SIDESWIPE,Clear,NA,Daylight,NO CONTROLS,NONE DETECTED,Yes,No Apparent Injury,N/A,NOT DISTRACTED,MD,PASSENGER CAR,PARKING,15,No,2012,TOYOTA,TACOMA,39.03933625,-77.05180103,2022,12,14
220055726,Property Damage Crash,12/16/2022 02:33:00 PM,FREDERICK RD,NA,STRAIGHT MOVEMENT ANGLE,Clear,DRY,Daylight,N/A,NONE DETECTED,No,No Apparent Injury,N/A,NOT DISTRACTED,MD,PASSENGER CAR,MOVING CONSTANT SPEED,40,No,2017,HYUNDAI,ELANTRA,39.189925,-77.24164167,2022,12,14
220055726,Property Damage Crash,12/16/2022 02:33:00 PM,FREDERICK RD,NA,STRAIGHT MOVEMENT ANGLE,Clear,DRY,Daylight,N/A,NONE DETECTED,Yes,No Apparent Injury,N/A,LOOKED BUT DID NOT SEE,MD,PASSENGER CAR,MAKING LEFT TURN,40,No,2014,NISSAN,ROGUE,39.189925,-77.24164167,2022,12,14
220055711,Injury Crash,12/16/2022 01:31:00 PM,ROCKVILLE PIKE,NA,HEAD ON LEFT TURN,Clear,DRY,Daylight,NO CONTROLS,NONE DETECTED,No,Possible Minor Injury,N/A,NOT DISTRACTED,DC,MOPED,MOVING CONSTANT SPEED,40,No,2022,YAMAHA,ZUMA,39.04327,-77.11145667,2022,12,13
220055711,Injury Crash,12/16/2022 01:31:00 PM,ROCKVILLE PIKE,NA,HEAD ON LEFT TURN,Clear,DRY,Daylight,NO CONTROLS,NONE DETECTED,Yes,No Apparent Injury,N/A,LOOKED BUT DID NOT SEE,MD,PASSENGER CAR,MAKING LEFT TURN,40,No,2018,KIA,SEDONA,39.04327,-77.11145667,2022,12,13
220055715,Property Damage Crash,12/16/2022 01:30:00 PM,CLOPPER RD,NA,OTHER,Cloudy,DRY,Daylight,TRAFFIC SIGNAL,NONE DETECTED,No,No Apparent Injury,N/A,NOT DISTRACTED,MD,PASSENGER CAR,MOVING CONSTANT SPEED,35,No,1998,TOYOTA,COROLLA,39.14365678,-77.22376919,2022,12,13
220055715,Property Damage Crash,12/16/2022 01:30:00 PM,CLOPPER RD,NA,OTHER,Cloudy,DRY,Daylight,TRAFFIC SIGNAL,NONE DETECTED,Yes,No Apparent Injury,N/A,LOOKED BUT DID NOT SEE,MD,PICKUP TRUCK,MAKING LEFT TURN,35,No,2017,FORD,PK,39.14365678,-77.22376919,2022,12,13
220055714,Injury Crash,12/16/2022 12:56:00 PM,ROCKVILLE PIKE,NA,STRAIGHT MOVEMENT ANGLE,Clear,DRY,Daylight,TRAFFIC SIGNAL,NONE DETECTED,Yes,Possible Minor Injury,N/A,LOOKED BUT DID NOT SEE,DC,PASSENGER CAR,MOVING CONSTANT SPEED,35,No,2018,HONDA,4 DOOR,39.0404905,-77.10986167,2022,12,12
220055714,Injury Crash,12/16/2022 12:56:00 PM,ROCKVILLE PIKE,NA,STRAIGHT MOVEMENT ANGLE,Clear,DRY,Daylight,TRAFFIC SIGNAL,NONE DETECTED,No,Possible Minor Injury,N/A,NOT DISTRACTED,VA,PASSENGER CAR,MAKING LEFT TURN,35,No,2014,INFINITI,Q50,39.0404905,-77.10986167,2022,12,12
220055702,Injury Crash,12/16/2022 12:45:00 PM,CONNECTICUT AVE,NA,HEAD ON LEFT TURN,Clear,DRY,Daylight,TRAFFIC SIGNAL,NONE DETECTED,Yes,Possible Minor Injury,N/A,LOOKED BUT DID NOT SEE,MD,PASSENGER CAR,MAKING LEFT TURN,35,No,2016,JEEP,PATRIOT,38.99606,-77.07725667,2022,12,12
220055702,Injury Crash,12/16/2022 12:45:00 PM,CONNECTICUT AVE,NA,HEAD ON LEFT TURN,Clear,DRY,Daylight,TRAFFIC SIGNAL,NONE DETECTED,No,No Apparent Injury,N/A,NOT DISTRACTED,MD,(SPORT) UTILITY VEHICLE,MOVING CONSTANT SPEED,35,No,2018,MAZDA,CX9,38.99606,-77.07725667,2022,12,12
220055719,Property Damage Crash,12/16/2022 12:30:00 PM,NA,NA,OTHER,Cloudy,NA,Daylight,NO CONTROLS,NONE DETECTED,No,No Apparent Injury,N/A,NOT DISTRACTED,MD,PASSENGER CAR,STOPPED IN TRAFFIC LANE,10,No,2016,HYUNDAI,ELANTRA,39.02576667,-77.14314167,2022,12,12
220055719,Property Damage Crash,12/16/2022 12:30:00 PM,NA,NA,OTHER,Cloudy,NA,Daylight,NO CONTROLS,NONE DETECTED,Yes,No Apparent Injury,N/A,UNKNOWN,NA,PASSENGER CAR,ACCELERATING,10,No,2015,FORD,MUSTANG,39.02576667,-77.14314167,2022,12,12
220055696,Property Damage Crash,12/16/2022 12:15:00 PM,ETHAN ALLEN AVE,NA,STRAIGHT MOVEMENT ANGLE,Clear,DRY,Daylight,STOP SIGN,NONE DETECTED,No,No Apparent Injury,N/A,NOT DISTRACTED,DC,PASSENGER CAR,MOVING CONSTANT SPEED,25,No,2004,HONDA,ACCORD,38.97616775,-76.99681088,2022,12,12