Local Case Number,ACRS Report Type,Crash Date/Time,Road Name,Related Non-Motorist,Collision Type,Weather,Surface Condition,Light,Traffic Control,Driver Substance Abuse,Driver At Fault,Injury Severity,Circumstance,Driver Distracted By,Drivers License State,Vehicle Body Type,Vehicle Movement,Speed Limit,Driverless Vehicle,Vehicle Year,Vehicle Make,Vehicle Model,Latitude,Longitude,Year,Month,Hour
220055696,Property Damage Crash,12/16/2022 12:15:00 PM,ETHAN ALLEN AVE,NA,STRAIGHT MOVEMENT ANGLE,Clear,DRY,Daylight,STOP SIGN,NONE DETECTED,Yes,No Apparent Injury,N/A,UNKNOWN,DC,PASSENGER CAR,ACCELERATING,25,No,2013,CHRYSLER,200,38.97616775,-76.99681088,2022,12,12
220055692,Property Damage Crash,12/16/2022 11:46:00 AM,BOU AVE,NA,SAME DIRECTION SIDESWIPE,Cloudy,DRY,Daylight,NO CONTROLS,NONE DETECTED,Yes,No Apparent Injury,N/A,UNKNOWN,MD,PASSENGER CAR,MOVING CONSTANT SPEED,25,No,2013,FORD,FIESTA,39.05640667,-77.1188,2022,12,11
220055692,Property Damage Crash,12/16/2022 11:46:00 AM,BOU AVE,NA,SAME DIRECTION SIDESWIPE,Cloudy,DRY,Daylight,NO CONTROLS,NONE DETECTED,No,No Apparent Injury,N/A,NOT DISTRACTED,MD,POLICE VEHICLE/NON EMERGENCY,MOVING CONSTANT SPEED,25,No,2011,FORD,CROWN VICTORIA,39.05640667,-77.1188,2022,12,11
220055685,Injury Crash,12/16/2022 10:59:00 AM,FALLS RD,NA,SINGLE VEHICLE,Clear,DRY,Daylight,N/A,NONE DETECTED,Yes,Possible Minor Injury,N/A,NOT DISTRACTED,MD,PASSENGER CAR,UNKNOWN,35,No,2012,LEXS,TK,39.050195,-77.18822167,2022,12,10
220055674,Property Damage Crash,12/16/2022 10:20:00 AM,FREDERICK RD,NA,SAME DIR REAR END,Clear,WET,Daylight,TRAFFIC SIGNAL,NONE DETECTED,No,No Apparent Injury,"N/A, WET",NOT DISTRACTED,MD,PASSENGER CAR,STOPPED IN TRAFFIC LANE,40,No,2021,ACURA,RDX,39.17164,-77.23623333,2022,12,10
220055674,Property Damage Crash,12/16/2022 10:20:00 AM,FREDERICK RD,NA,SAME DIR REAR END,Clear,WET,Daylight,TRAFFIC SIGNAL,NONE DETECTED,Yes,No Apparent Injury,"N/A, WET",NOT DISTRACTED,MD,POLICE VEHICLE/EMERGENCY,SLOWING OR STOPPING,40,No,2009,TOYOTA,CAMRY,39.17164,-77.23623333,2022,12,10
220055663,Property Damage Crash,12/16/2022 09:50:00 AM,WESTLAKE TERR,NA,SAME DIRECTION SIDESWIPE,Cloudy,WET,Daylight,NO CONTROLS,NONE DETECTED,No,No Apparent Injury,"N/A, WET",NOT DISTRACTED,MD,TRANSIT BUS,STOPPED IN TRAFFIC LANE,30,No,2013,NEW FLYER,BUS,39.0264935,-77.14345217,2022,12,9
220055663,Property Damage Crash,12/16/2022 09:50:00 AM,WESTLAKE TERR,NA,SAME DIRECTION SIDESWIPE,Cloudy,WET,Daylight,NO CONTROLS,NONE DETECTED,Yes,No Apparent Injury,"N/A, WET",UNKNOWN,MD,(SPORT) UTILITY VEHICLE,MOVING CONSTANT SPEED,30,No,2016,ACURA,RDX,39.0264935,-77.14345217,2022,12,9
220055666,Property Damage Crash,12/16/2022 09:40:00 AM,BANK ST,NA,SAME DIR REAR END,Clear,DRY,Daylight,TRAFFIC SIGNAL,NONE DETECTED,No,No Apparent Injury,N/A,NOT DISTRACTED,MD,POLICE VEHICLE/NON EMERGENCY,STOPPED IN TRAFFIC LANE,45,No,2014,DODGE,CHARGER,39.1407575,-77.22147133,2022,12,9
220055666,Property Damage Crash,12/16/2022 09:40:00 AM,BANK ST,NA,SAME DIR REAR END,Clear,DRY,Daylight,TRAFFIC SIGNAL,NONE DETECTED,Yes,No Apparent Injury,N/A,UNKNOWN,MD,PASSENGER CAR,SLOWING OR STOPPING,45,No,2002,CHRYSLER,VAN,39.1407575,-77.22147133,2022,12,9
220055658,Property Damage Crash,12/16/2022 09:30:00 AM,W DIAMOND AVE,NA,SAME DIR REAR END,Clear,WET,Daylight,NO CONTROLS,NONE DETECTED,Yes,No Apparent Injury,"N/A, WET",LOOKED BUT DID NOT SEE,MD,PASSENGER CAR,MOVING CONSTANT SPEED,30,No,2010,CHEV,TAHOE,39.14015,-77.20370833,2022,12,9
220055658,Property Damage Crash,12/16/2022 09:30:00 AM,W DIAMOND AVE,NA,SAME DIR REAR END,Clear,WET,Daylight,NO CONTROLS,NONE DETECTED,No,No Apparent Injury,"N/A, WET",NOT DISTRACTED,MD,PASSENGER CAR,STOPPED IN TRAFFIC LANE,30,No,2018,DODG,UT,39.14015,-77.20370833,2022,12,9
220055665,Property Damage Crash,12/16/2022 09:27:00 AM,CONNECTICUT AVE,NA,OTHER,Clear,WET,Daylight,NO CONTROLS,NONE DETECTED,Yes,No Apparent Injury,N/A,NOT DISTRACTED,MD,OTHER,BACKING,35,No,1961,GMC,MH,39.02147667,-77.07664333,2022,12,9
220055665,Property Damage Crash,12/16/2022 09:27:00 AM,CONNECTICUT AVE,NA,OTHER,Clear,WET,Daylight,NO CONTROLS,NONE DETECTED,No,No Apparent Injury,N/A,NOT DISTRACTED,MD,POLICE VEHICLE/EMERGENCY,STOPPED IN TRAFFIC LANE,35,No,2019,DODGE,CHARGER,39.02147667,-77.07664333,2022,12,9
220055652,Property Damage Crash,12/16/2022 08:50:00 AM,GATESHEAD MANOR WAY,NA,STRAIGHT MOVEMENT ANGLE,Clear,WET,Daylight,STOP SIGN,NONE DETECTED,Unknown,No Apparent Injury,N/A,NOT DISTRACTED,MD,PASSENGER CAR,STARTING FROM LANE,25,No,1999,HONDA,CIVIC,39.0787655,-76.93774367,2022,12,8
220055652,Property Damage Crash,12/16/2022 08:50:00 AM,GATESHEAD MANOR WAY,NA,STRAIGHT MOVEMENT ANGLE,Clear,WET,Daylight,STOP SIGN,NONE DETECTED,Unknown,No Apparent Injury,N/A,NOT DISTRACTED,MD,PASSENGER CAR,STARTING FROM LANE,25,No,2017,HONDA,CIVIC,39.0787655,-76.93774367,2022,12,8
220052191,Property Damage Crash,12/16/2022 08:14:00 AM,ALLEGHENY AVE,NA,SAME DIRECTION SIDESWIPE,Clear,DRY,Daylight,NO CONTROLS,NONE DETECTED,Yes,No Apparent Injury,N/A,UNKNOWN,XX,PASSENGER CAR,UNKNOWN,0,No,2009,ACURA,4S,38.9710054,-77.0056797,2022,12,8
220055646,Property Damage Crash,12/16/2022 08:00:00 AM,EISENHOWER MEMORIAL HWY,NA,SINGLE VEHICLE,Clear,WET,Daylight,NO CONTROLS,NONE DETECTED,Yes,No Apparent Injury,"ICY OR SNOW-COVERED, N/A",LOOKED BUT DID NOT SEE,MD,PASSENGER CAR,MOVING CONSTANT SPEED,25,No,2018,TOYOTA,TK,39.112035,-77.18972667,2022,12,8
220055640,Injury Crash,12/16/2022 07:17:00 AM,EAST WEST HWY,NA,SAME DIR REAR END,Clear,WET,Medium,TRAFFIC SIGNAL,NONE DETECTED,No,No Apparent Injury,"N/A, WET",NOT DISTRACTED,MD,PASSENGER CAR,STOPPED IN TRAFFIC LANE,35,No,2013,HONDA,PILOT,38.99497072,-77.04497447,2022,12,7
220055640,Injury Crash,12/16/2022 07:17:00 AM,EAST WEST HWY,NA,SAME DIR REAR END,Clear,WET,Medium,TRAFFIC SIGNAL,NONE DETECTED,No,Possible Minor Injury,"N/A, WET",NOT DISTRACTED,MD,PASSENGER CAR,SLOWING OR STOPPING,35,No,2018,NISSAN,SENTRA,38.99497072,-77.04497447,2022,12,7
220055640,Injury Crash,12/16/2022 07:17:00 AM,EAST WEST HWY,NA,SAME DIR REAR END,Clear,WET,Medium,TRAFFIC SIGNAL,NONE DETECTED,Yes,Possible Minor Injury,"N/A, WET",UNKNOWN,MD,PASSENGER CAR,MOVING CONSTANT SPEED,35,No,2008,FORD,FUSION,38.99497072,-77.04497447,2022,12,7
220055639,Property Damage Crash,12/16/2022 07:05:00 AM,CONNECTICUT AVE,NA,SAME DIR REAR END,Clear,WET,Medium,NO CONTROLS,NONE DETECTED,Yes,No Apparent Injury,"N/A, WET",INATTENTIVE OR LOST IN THOUGHT,MD,VAN,MOVING CONSTANT SPEED,40,No,2009,CHEVROLET,EXPRESS,39.050242,-77.0752695,2022,12,7
220055639,Property Damage Crash,12/16/2022 07:05:00 AM,CONNECTICUT AVE,NA,SAME DIR REAR END,Clear,WET,Medium,NO CONTROLS,NONE DETECTED,No,No Apparent Injury,"N/A, WET",NOT DISTRACTED,MD,PASSENGER CAR,STOPPED IN TRAFFIC LANE,40,No,2018,CHEVROLET,TAHOE,39.050242,-77.0752695,2022,12,7
220055636,Property Damage Crash,12/16/2022 06:50:00 AM,ROCKVILLE PIKE,NA,SINGLE VEHICLE,Rain,WET,Medium,N/A,NONE DETECTED,Yes,No Apparent Injury,"N/A, WET",NOT DISTRACTED,NA,PASSENGER CAR,MOVING CONSTANT SPEED,40,No,2021,HYUNDAI,KONA,39.07243217,-77.13366167,2022,12,6
220055635,Property Damage Crash,12/16/2022 06:24:00 AM,SHADY GROVE RD,NA,HEAD ON LEFT TURN,Clear,WET,Medium,TRAFFIC SIGNAL,NONE DETECTED,Yes,No Apparent Injury,"N/A, WET",UNKNOWN,VA,PASSENGER CAR,MOVING CONSTANT SPEED,45,No,2022,NISSAN,SENTRA,39.11454,-77.18599667,2022,12,6
220055635,Property Damage Crash,12/16/2022 06:24:00 AM,SHADY GROVE RD,NA,HEAD ON LEFT TURN,Clear,WET,Medium,TRAFFIC SIGNAL,NONE DETECTED,No,No Apparent Injury,"N/A, WET",NOT DISTRACTED,MD,PASSENGER CAR,ACCELERATING,45,No,2020,HONDA,PASSPORT,39.11454,-77.18599667,2022,12,6
220055628,Injury Crash,12/16/2022 04:39:00 AM,WARING STATION RD,NA,ANGLE MEETS LEFT HEAD ON,Rain,WET,Medium,STOP SIGN,NONE DETECTED,Yes,No Apparent Injury,"N/A, WET",NOT DISTRACTED,MD,PASSENGER CAR,MAKING LEFT TURN,35,No,2018,FORD,F150,39.16189183,-77.250649,2022,12,4
220055628,Injury Crash,12/16/2022 04:39:00 AM,WARING STATION RD,NA,ANGLE MEETS LEFT HEAD ON,Rain,WET,Medium,STOP SIGN,NONE DETECTED,No,Possible Minor Injury,"N/A, WET",NOT DISTRACTED,MD,PASSENGER CAR,MAKING RIGHT TURN,35,No,2008,HONDA,FIT,39.16189183,-77.250649,2022,12,4
220055626,Property Damage Crash,12/16/2022 02:46:00 AM,GEORGIA AVE,NA,SINGLE VEHICLE,Rain,WET,Medium,N/A,NONE DETECTED,Yes,No Apparent Injury,"N/A, WET",OTHER DISTRACTION,MD,PASSENGER CAR,ACCELERATING,35,No,2009,BMW,CP,39.0859005,-77.07867967,2022,12,2
220055613,Property Damage Crash,12/16/2022 12:03:00 AM,QUINCE ORCHARD RD,NA,SAME DIR REAR END,Rain,WET,Dark,TRAFFIC SIGNAL,NONE DETECTED,No,No Apparent Injury,"SLEET, HAIL, FREEZ. RAIN, WET",NOT DISTRACTED,MD,PASSENGER CAR,SLOWING OR STOPPING,35,No,2009,HONDA,ACCORD,39.14925375,-77.21586718,2022,12,0
220055613,Property Damage Crash,12/16/2022 12:03:00 AM,QUINCE ORCHARD RD,NA,SAME DIR REAR END,Rain,WET,Dark,TRAFFIC SIGNAL,NONE DETECTED,Yes,No Apparent Injury,"SLEET, HAIL, FREEZ. RAIN, WET",UNKNOWN,NA,NA,SLOWING OR STOPPING,35,No,0,UNKNOWN,UNKNOWN,39.14925375,-77.21586718,2022,12,0
220055611,Injury Crash,12/15/2022 11:59:00 PM,MONTGOMERY VILLAGE AVE,NA,SAME DIR REAR END,Rain,WET,Medium,TRAFFIC SIGNAL,NONE DETECTED,Yes,Possible Minor Injury,N/A,NOT DISTRACTED,XX,PASSENGER CAR,SLOWING OR STOPPING,35,No,2008,TOYOTA,SIENNA,39.15825763,-77.20425845,2022,12,23
220055611,Injury Crash,12/15/2022 11:59:00 PM,MONTGOMERY VILLAGE AVE,NA,SAME DIR REAR END,Rain,WET,Medium,TRAFFIC SIGNAL,NONE DETECTED,No,No Apparent Injury,N/A,NOT DISTRACTED,NA,NA,SLOWING OR STOPPING,35,No,0,UNKNOWN,UNKNOWN,39.15825763,-77.20425845,2022,12,23
220055601,Property Damage Crash,12/15/2022 10:30:00 PM,FALLS RD,NA,SINGLE VEHICLE,Rain,WET,Medium,TRAFFIC SIGNAL,NONE DETECTED,Yes,No Apparent Injury,"ICY OR SNOW-COVERED, RAIN, SNOW",NOT DISTRACTED,MD,PASSENGER CAR,MAKING RIGHT TURN,35,No,2012,JEEP,LIBERTY,39.01817833,-77.20922333,2022,12,22
220055603,Property Damage Crash,12/15/2022 10:25:00 PM,GEORGIA AVE,NA,SAME DIR REAR END,Rain,WET,Medium,TRAFFIC SIGNAL,NONE DETECTED,Yes,No Apparent Injury,"RAIN, SNOW, WET",NOT DISTRACTED,MD,PASSENGER CAR,SLOWING OR STOPPING,35,No,2009,NISSAN,ALTIMA,39.11208667,-77.22167667,2022,12,22
220055603,Property Damage Crash,12/15/2022 10:25:00 PM,GEORGIA AVE,NA,SAME DIR REAR END,Rain,WET,Medium,TRAFFIC SIGNAL,NONE DETECTED,No,No Apparent Injury,"RAIN, SNOW, WET",NOT DISTRACTED,MD,PASSENGER CAR,SLOWING OR STOPPING,35,No,2015,HONDA,SD,39.11208667,-77.22167667,2022,12,22
220055598,Property Damage Crash,12/15/2022 09:40:00 PM,NA,NA,OTHER,Rain,NA,Medium,NO CONTROLS,NONE DETECTED,Yes,No Apparent Injury,N/A,NOT DISTRACTED,MD,PASSENGER CAR,BACKING,10,No,2017,BMW,X3,39.05607017,-77.08317717,2022,12,21
220055598,Property Damage Crash,12/15/2022 09:40:00 PM,NA,NA,OTHER,Rain,NA,Medium,NO CONTROLS,NONE DETECTED,No,No Apparent Injury,N/A,NOT DISTRACTED,MD,PASSENGER CAR,PARKED,10,No,2021,TOYT,PK,39.05607017,-77.08317717,2022,12,21
220055602,Injury Crash,12/15/2022 09:30:00 PM,COLESVILLE RD,PEDESTRIAN,OTHER,Rain,WET,Medium,TRAFFIC SIGNAL,NONE DETECTED,Yes,No Apparent Injury,"N/A, RAIN, SNOW",NOT DISTRACTED,DC,PASSENGER CAR,MAKING LEFT TURN,35,No,2014,TOYOTA,CAMRY,38.99772469,-77.02717788,2022,12,21
220055597,Injury Crash,12/15/2022 09:16:00 PM,CEDAR LA,BICYCLIST,SINGLE VEHICLE,Rain,WET,Medium,TRAFFIC SIGNAL,NONE DETECTED,Unknown,No Apparent Injury,"RAIN, SNOW, WET",NOT DISTRACTED,MD,(SPORT) UTILITY VEHICLE,MAKING LEFT TURN,35,No,2021,TOYOTA,HIGHLANDER,39.00803188,-77.09460208,2022,12,21
220055594,Property Damage Crash,12/15/2022 08:06:00 PM,PINEY BRANCH RD,NA,SAME DIR REAR END,Clear,DRY,Medium,TRAFFIC SIGNAL,NONE DETECTED,No,No Apparent Injury,N/A,NOT DISTRACTED,MD,PASSENGER CAR,STOPPED IN TRAFFIC LANE,35,No,2019,TOYOTA,SEDAN,39.032412,-77.004714,2022,12,20
220055594,Property Damage Crash,12/15/2022 08:06:00 PM,PINEY BRANCH RD,NA,SAME DIR REAR END,Clear,DRY,Medium,TRAFFIC SIGNAL,NONE DETECTED,Yes,No Apparent Injury,N/A,UNKNOWN,NA,PASSENGER CAR,MOVING CONSTANT SPEED,35,No,2013,FORD,TRUCK,39.032412,-77.004714,2022,12,20
220055584,Injury Crash,12/15/2022 07:12:00 PM,MIDCOUNTY HWY,NA,ANGLE MEETS LEFT TURN,Rain,WET,Medium,NO CONTROLS,NONE DETECTED,No,No Apparent Injury,"N/A, WET",NOT DISTRACTED,MD,PICKUP TRUCK,MOVING CONSTANT SPEED,45,No,2004,GMC,TK,39.14273317,-77.1576475,2022,12,19
220055584,Injury Crash,12/15/2022 07:12:00 PM,MIDCOUNTY HWY,NA,ANGLE MEETS LEFT TURN,Rain,WET,Medium,NO CONTROLS,NONE DETECTED,Yes,Possible Minor Injury,"N/A, WET",UNKNOWN,VA,PASSENGER CAR,MAKING LEFT TURN,45,No,2021,INFI,SD,39.14273317,-77.1576475,2022,12,19
220055585,Injury Crash,12/15/2022 07:09:00 PM,W GREENVALE PKWY,NA,OTHER,Rain,WET,Medium,NO CONTROLS,NONE DETECTED,Yes,Possible Minor Injury,"N/A, WET",UNKNOWN,MD,(SPORT) UTILITY VEHICLE,MOVING CONSTANT SPEED,25,No,2020,SUBARU,TK,38.99354667,-77.09810333,2022,12,19
220055580,Injury Crash,12/15/2022 07:06:00 PM,W DIAMOND AVE,NA,HEAD ON LEFT TURN,Rain,WET,Medium,NO CONTROLS,NONE DETECTED,Yes,Possible Minor Injury,N/A,NOT DISTRACTED,MD,PASSENGER CAR,MOVING CONSTANT SPEED,35,No,2022,VOLV,UT,39.1405995,-77.21432417,2022,12,19
220055580,Injury Crash,12/15/2022 07:06:00 PM,W DIAMOND AVE,NA,HEAD ON LEFT TURN,Rain,WET,Medium,NO CONTROLS,NONE DETECTED,No,Possible Minor Injury,N/A,NOT DISTRACTED,MD,PASSENGER CAR,MAKING LEFT TURN,35,No,2022,KIA,UT,39.1405995,-77.21432417,2022,12,19
220055576,Property Damage Crash,12/15/2022 06:49:00 PM,GOSHEN RD,NA,SINGLE VEHICLE,Rain,WET,Dark,NO CONTROLS,NONE DETECTED,Yes,No Apparent Injury,"RAIN, SNOW, WET",UNKNOWN,MD,PASSENGER CAR,MOVING CONSTANT SPEED,35,No,2010,TOYOTA,CAMRY,39.16298167,-77.19219667,2022,12,18
220055590,Property Damage Crash,12/15/2022 06:45:00 PM,SHADY GROVE RD,NA,SAME DIR BOTH LEFT TURN,Rain,WET,Medium,TRAFFIC SIGNAL,NONE DETECTED,Yes,No Apparent Injury,N/A,UNKNOWN,NA,TRUCK TRACTOR,MAKING LEFT TURN,40,No,2015,STOU,1DW,39.11740259,-77.18348974,2022,12,18
220055590,Property Damage Crash,12/15/2022 06:45:00 PM,SHADY GROVE RD,NA,SAME DIR BOTH LEFT TURN,Rain,WET,Medium,TRAFFIC SIGNAL,NONE DETECTED,No,No Apparent Injury,N/A,NOT DISTRACTED,MD,PASSENGER CAR,MAKING LEFT TURN,40,No,2012,HYUNDAI,TUCSON,39.11740259,-77.18348974,2022,12,18
220055571,Property Damage Crash,12/15/2022 06:20:00 PM,VEIRS MILL RD,NA,SAME DIRECTION SIDESWIPE,Rain,WET,Medium,NO CONTROLS,NONE DETECTED,No,No Apparent Injury,N/A,NOT DISTRACTED,MD,PASSENGER CAR,MOVING CONSTANT SPEED,35,No,2020,HOND,HB,39.06893133,-77.10479633,2022,12,18
220055571,Property Damage Crash,12/15/2022 06:20:00 PM,VEIRS MILL RD,NA,SAME DIRECTION SIDESWIPE,Rain,WET,Medium,NO CONTROLS,NONE DETECTED,No,No Apparent Injury,N/A,NOT DISTRACTED,MD,PASSENGER CAR,MOVING CONSTANT SPEED,35,No,2000,HOND,4S,39.06893133,-77.10479633,2022,12,18
220055571,Property Damage Crash,12/15/2022 06:20:00 PM,VEIRS MILL RD,NA,SAME DIRECTION SIDESWIPE,Rain,WET,Medium,NO CONTROLS,NONE DETECTED,Yes,No Apparent Injury,N/A,NOT DISTRACTED,MD,PASSENGER CAR,CHANGING LANES,35,No,2016,NISS,UT,39.06893133,-77.10479633,2022,12,18
220055560,Injury Crash,12/15/2022 06:00:00 PM,COLUMBIA PIKE,NA,STRAIGHT MOVEMENT ANGLE,Rain,WET,Medium,NO CONTROLS,NONE DETECTED,Yes,Possible Minor Injury,"N/A, RAIN, SNOW",UNKNOWN,MD,PASSENGER CAR,MAKING RIGHT TURN,40,No,2019,TOYOTA,HIGHLANDER,39.03695123,-76.99952358,2022,12,18
220055560,Injury Crash,12/15/2022 06:00:00 PM,COLUMBIA PIKE,NA,STRAIGHT MOVEMENT ANGLE,Rain,WET,Medium,NO CONTROLS,NONE DETECTED,No,No Apparent Injury,"N/A, RAIN, SNOW",NOT DISTRACTED,MD,PASSENGER CAR,MOVING CONSTANT SPEED,40,No,2012,HYUNDI,ACCENT,39.03695123,-76.99952358,2022,12,18
220055568,Injury Crash,12/15/2022 05:56:00 PM,W GUDE DR,NA,HEAD ON LEFT TURN,Rain,WET,Medium,TRAFFIC SIGNAL,NONE DETECTED,Yes,Possible Minor Injury,"N/A, WET",NOT DISTRACTED,MD,PASSENGER CAR,MAKING LEFT TURN,40,No,2022,NISSAN,SENTRA,39.0997805,-77.18492233,2022,12,17
220055568,Injury Crash,12/15/2022 05:56:00 PM,W GUDE DR,NA,HEAD ON LEFT TURN,Rain,WET,Medium,TRAFFIC SIGNAL,NONE DETECTED,No,No Apparent Injury,"N/A, WET",NOT DISTRACTED,MD,(SPORT) UTILITY VEHICLE,MOVING CONSTANT SPEED,25,No,2013,TOYOTA,RAV 4,39.0997805,-77.18492233,2022,12,17
220055563,Property Damage Crash,12/15/2022 05:48:00 PM,SPENCERVILLE RD,NA,SINGLE VEHICLE,Rain,WET,Dark,NO CONTROLS,NONE DETECTED,Yes,No Apparent Injury,"N/A, WET",LOOKED BUT DID NOT SEE,MD,PASSENGER CAR,MOVING CONSTANT SPEED,35,No,2021,MERZ,UT,39.10819167,-76.945388,2022,12,17
220055573,Property Damage Crash,12/15/2022 05:31:00 PM,RICHTER FARM RD,NA,STRAIGHT MOVEMENT ANGLE,Rain,WET,Medium,STOP SIGN,NONE DETECTED,No,No Apparent Injury,"N/A, WET",NOT DISTRACTED,MD,PASSENGER CAR,ACCELERATING,35,No,2020,KIA,SPORTAGE,39.15218167,-77.29656,2022,12,17
220055573,Property Damage Crash,12/15/2022 05:31:00 PM,RICHTER FARM RD,NA,STRAIGHT MOVEMENT ANGLE,Rain,WET,Medium,STOP SIGN,NONE DETECTED,Yes,No Apparent Injury,"N/A, WET",LOOKED BUT DID NOT SEE,DE,PASSENGER CAR,ACCELERATING,30,No,2016,GMC,ACADIA,39.15218167,-77.29656,2022,12,17
220055559,Property Damage Crash,12/15/2022 05:14:00 PM,FREDERICK RD,NA,HEAD ON LEFT TURN,Rain,WET,Medium,NO CONTROLS,NONE DETECTED,Yes,No Apparent Injury,"RAIN, SNOW, WET",NOT DISTRACTED,MD,PASSENGER CAR,MOVING CONSTANT SPEED,40,No,2009,TOYOTA4D,4D,39.22406167,-77.26126167,2022,12,17
220055559,Property Damage Crash,12/15/2022 05:14:00 PM,FREDERICK RD,NA,HEAD ON LEFT TURN,Rain,WET,Medium,NO CONTROLS,NONE DETECTED,No,No Apparent Injury,"RAIN, SNOW, WET",NOT DISTRACTED,MD,PASSENGER CAR,MAKING U TURN,40,No,2015,TOYOTA,4D,39.22406167,-77.26126167,2022,12,17
220055552,Property Damage Crash,12/15/2022 04:34:00 PM,TRAVILAH RD,NA,HEAD ON,Rain,WET,Medium,NO CONTROLS,NONE DETECTED,No,No Apparent Injury,"RAIN, SNOW, WET",NOT DISTRACTED,MD,PASSENGER CAR,MOVING CONSTANT SPEED,35,No,2008,HONDA,ACCORD,39.08653383,-77.21822233,2022,12,16
220055552,Property Damage Crash,12/15/2022 04:34:00 PM,TRAVILAH RD,NA,HEAD ON,Rain,WET,Medium,NO CONTROLS,NONE DETECTED,No,No Apparent Injury,"RAIN, SNOW, WET",NOT DISTRACTED,MD,PASSENGER CAR,MOVING CONSTANT SPEED,35,No,2016,MERCEDEZ,E350,39.08653383,-77.21822233,2022,12,16
220055552,Property Damage Crash,12/15/2022 04:34:00 PM,TRAVILAH RD,NA,HEAD ON,Rain,WET,Medium,NO CONTROLS,NONE DETECTED,Yes,No Apparent Injury,"RAIN, SNOW, WET",UNKNOWN,MD,PASSENGER CAR,ACCELERATING,35,No,2007,CHRYSLER,SEBRING,39.08653383,-77.21822233,2022,12,16
220055551,Property Damage Crash,12/15/2022 04:31:00 PM,RIDGE RD,NA,SAME DIRECTION SIDESWIPE,Rain,WET,Daylight,NO CONTROLS,NONE DETECTED,No,No Apparent Injury,N/A,NOT DISTRACTED,MD,(SPORT) UTILITY VEHICLE,MOVING CONSTANT SPEED,40,No,2023,GMC,ACADIA,39.21823087,-77.23860791,2022,12,16
220055551,Property Damage Crash,12/15/2022 04:31:00 PM,RIDGE RD,NA,SAME DIRECTION SIDESWIPE,Rain,WET,Daylight,NO CONTROLS,NONE DETECTED,Yes,No Apparent Injury,N/A,NOT DISTRACTED,MD,PICKUP TRUCK,CHANGING LANES,40,No,2021,RAM,2500,39.21823087,-77.23860791,2022,12,16
220055543,Injury Crash,12/15/2022 04:12:00 PM,GEORGIA AVE,NA,STRAIGHT MOVEMENT ANGLE,Rain,WET,Daylight,NO CONTROLS,NONE DETECTED,No,Possible Minor Injury,"N/A, RAIN, SNOW",NOT DISTRACTED,MD,POLICE VEHICLE/EMERGENCY,MOVING CONSTANT SPEED,35,No,2021,HONDA,CRV,39.070833,-77.06346517,2022,12,16
220055543,Injury Crash,12/15/2022 04:12:00 PM,GEORGIA AVE,NA,STRAIGHT MOVEMENT ANGLE,Rain,WET,Daylight,NO CONTROLS,NONE DETECTED,Yes,Possible Minor Injury,"N/A, RAIN, SNOW",NOT DISTRACTED,MD,PASSENGER CAR,MAKING LEFT TURN,35,No,2009,TOYOTA,CAMRY,39.070833,-77.06346517,2022,12,16
220055548,Property Damage Crash,12/15/2022 03:33:00 PM,COLESVILLE RD,NA,STRAIGHT MOVEMENT ANGLE,Rain,WET,Daylight,TRAFFIC SIGNAL,NONE DETECTED,Yes,No Apparent Injury,"RAIN, SNOW, WET",UNKNOWN,NA,UNKNOWN,UNKNOWN,35,No,0,UNKNOWN,UNKNOWN,39.00523727,-77.02273549,2022,12,15
220055548,Property Damage Crash,12/15/2022 03:33:00 PM,COLESVILLE RD,NA,STRAIGHT MOVEMENT ANGLE,Rain,WET,Daylight,TRAFFIC SIGNAL,NONE DETECTED,No,No Apparent Injury,"RAIN, SNOW, WET",NOT DISTRACTED,MD,PASSENGER CAR,MAKING LEFT TURN,35,No,2005,NISSAN,ALTIMA,39.00523727,-77.02273549,2022,12,15
220055535,Property Damage Crash,12/15/2022 03:25:00 PM,MACARTHUR BLVD,NA,SAME DIR REAR END,Rain,WET,Daylight,NO CONTROLS,NONE DETECTED,No,No Apparent Injury,"RAIN, SNOW, WET",NOT DISTRACTED,US,PASSENGER CAR,STOPPED IN TRAFFIC LANE,35,No,2022,VOLVO,XC60,38.96119677,-77.13327928,2022,12,15
220055535,Property Damage Crash,12/15/2022 03:25:00 PM,MACARTHUR BLVD,NA,SAME DIR REAR END,Rain,WET,Daylight,NO CONTROLS,NONE DETECTED,Yes,No Apparent Injury,"RAIN, SNOW, WET",UNKNOWN,MD,PASSENGER CAR,MOVING CONSTANT SPEED,35,No,2011,HOND,FIT,38.96119677,-77.13327928,2022,12,15
220055540,Property Damage Crash,12/15/2022 03:15:00 PM,S GLEN RD,NA,SINGLE VEHICLE,Rain,WET,Daylight,NO CONTROLS,NONE DETECTED,No,No Apparent Injury,"RAIN, SNOW, WET",NOT DISTRACTED,MD,PASSENGER CAR,MOVING CONSTANT SPEED,30,No,2018,TSMR,3,39.03019167,-77.21012833,2022,12,15
220055554,Property Damage Crash,12/15/2022 02:50:00 PM,NA,NA,OTHER,Rain,NA,Medium,NO CONTROLS,NONE DETECTED,Yes,No Apparent Injury,"RAIN, SNOW, WET",OTHER DISTRACTION,NA,PASSENGER CAR,ACCELERATING,30,No,2017,HONDA,CIVIC,39.03917133,-77.0518255,2022,12,14
220055521,Property Damage Crash,12/15/2022 01:41:00 PM,PHILADELPHIA AVE,NA,SAME DIRECTION LEFT TURN,Rain,WET,Daylight,NO CONTROLS,NONE DETECTED,No,No Apparent Injury,"N/A, WET",NOT DISTRACTED,DC,PASSENGER CAR,MOVING CONSTANT SPEED,25,No,2021,NISSAN,ALTIMA,38.98693083,-77.02128133,2022,12,13
220055521,Property Damage Crash,12/15/2022 01:41:00 PM,PHILADELPHIA AVE,NA,SAME DIRECTION LEFT TURN,Rain,WET,Daylight,NO CONTROLS,NONE DETECTED,Yes,No Apparent Injury,"N/A, WET",INATTENTIVE OR LOST IN THOUGHT,DC,PASSENGER CAR,ENTERING TRAFFIC LANE,25,No,2017,KIA,SPORTAGE,38.98693083,-77.02128133,2022,12,13
220055515,Property Damage Crash,12/15/2022 01:32:00 PM,BRADLEY BLVD,NA,SAME DIRECTION SIDESWIPE,Rain,WET,Daylight,NO CONTROLS,NONE DETECTED,No,No Apparent Injury,"RAIN, SNOW, WET",NOT DISTRACTED,MD,"OTHER LIGHT TRUCKS (10,000LBS (4,536KG) OR LESS)",PARKED,25,No,2016,FORD,F150,38.977853,-77.09285983,2022,12,13
220055515,Property Damage Crash,12/15/2022 01:32:00 PM,BRADLEY BLVD,NA,SAME DIRECTION SIDESWIPE,Rain,WET,Daylight,NO CONTROLS,NONE DETECTED,Yes,No Apparent Injury,"RAIN, SNOW, WET",DISTRACTED BY OUTSIDE PERSON OBJECT OR EVENT,MD,VAN,MOVING CONSTANT SPEED,25,No,2018,DODGE,SPRINTER,38.977853,-77.09285983,2022,12,13