Local Case Number,ACRS Report Type,Crash Date/Time,Road Name,Related Non-Motorist,Collision Type,Weather,Surface Condition,Light,Traffic Control,Driver Substance Abuse,Driver At Fault,Injury Severity,Circumstance,Driver Distracted By,Drivers License State,Vehicle Body Type,Vehicle Movement,Speed Limit,Driverless Vehicle,Vehicle Year,Vehicle Make,Vehicle Model,Latitude,Longitude,Year,Month,Hour
220055502,Property Damage Crash,12/15/2022 12:17:00 PM,SNOWDEN FARM PKWY,NA,HEAD ON LEFT TURN,Rain,WET,Daylight,NO CONTROLS,NONE DETECTED,No,No Apparent Injury,"RAIN, SNOW, WET",NOT DISTRACTED,MD,PASSENGER CAR,MOVING CONSTANT SPEED,40,No,2013,KIA,SPORTAGE,39.23134,-77.25880667,2022,12,12
220055502,Property Damage Crash,12/15/2022 12:17:00 PM,SNOWDEN FARM PKWY,NA,HEAD ON LEFT TURN,Rain,WET,Daylight,NO CONTROLS,NONE DETECTED,Yes,No Apparent Injury,"RAIN, SNOW, WET",LOOKED BUT DID NOT SEE,MD,PASSENGER CAR,MAKING LEFT TURN,40,No,2021,NISSAN,VERSA,39.23134,-77.25880667,2022,12,12
220055496,Property Damage Crash,12/15/2022 12:06:00 PM,FREDERICK RD,NA,STRAIGHT MOVEMENT ANGLE,Rain,WET,Daylight,TRAFFIC SIGNAL,NONE DETECTED,No,No Apparent Injury,"RAIN, SNOW, WET",NOT DISTRACTED,VA,PASSENGER CAR,MOVING CONSTANT SPEED,45,No,2018,HONDA,CIVIC,39.19825683,-77.24483367,2022,12,12
220055496,Property Damage Crash,12/15/2022 12:06:00 PM,FREDERICK RD,NA,STRAIGHT MOVEMENT ANGLE,Rain,WET,Daylight,TRAFFIC SIGNAL,NONE DETECTED,Yes,No Apparent Injury,"RAIN, SNOW, WET",UNKNOWN,NA,NA,MAKING LEFT TURN,30,No,0,UNKNOWN,UNKNOWN,39.19825683,-77.24483367,2022,12,12
220055494,Injury Crash,12/15/2022 11:55:00 AM,OLD COLUMBIA PIKE,NA,SINGLE VEHICLE,Rain,WET,Daylight,N/A,NONE DETECTED,Yes,Possible Minor Injury,"SLEET, HAIL, FREEZ. RAIN, WET",LOOKED BUT DID NOT SEE,MD,PASSENGER CAR,MOVING CONSTANT SPEED,35,No,2012,KIA,OPTIMA,39.08235713,-76.95304183,2022,12,11
220055486,Property Damage Crash,12/15/2022 11:05:00 AM,MUNCASTER MILL RD,NA,SAME DIRECTION SIDESWIPE,Rain,WET,Daylight,NO CONTROLS,NONE DETECTED,Yes,No Apparent Injury,"SLEET, HAIL, FREEZ. RAIN, WET",LOOKED BUT DID NOT SEE,MD,"MEDIUM/HEAVY TRUCKS 3 AXLES (OVER 10,000LBS (4,536KG))",SLOWING OR STOPPING,40,No,2018,MACK,ST,39.11212167,-77.08632667,2022,12,11
220055486,Property Damage Crash,12/15/2022 11:05:00 AM,MUNCASTER MILL RD,NA,SAME DIRECTION SIDESWIPE,Rain,WET,Daylight,NO CONTROLS,NONE DETECTED,No,No Apparent Injury,"SLEET, HAIL, FREEZ. RAIN, WET",NOT DISTRACTED,MD,PASSENGER CAR,STOPPED IN TRAFFIC LANE,40,No,2019,TOYT,SD,39.11212167,-77.08632667,2022,12,11
220055484,Property Damage Crash,12/15/2022 11:00:00 AM,RESEARCH BLVD,NA,SAME DIRECTION SIDESWIPE,Rain,WET,Daylight,N/A,NONE DETECTED,No,No Apparent Injury,N/A,NOT DISTRACTED,MD,PASSENGER CAR,MOVING CONSTANT SPEED,40,No,2016,FORD,F150,39.09987317,-77.18167469,2022,12,11
220055484,Property Damage Crash,12/15/2022 11:00:00 AM,RESEARCH BLVD,NA,SAME DIRECTION SIDESWIPE,Rain,WET,Daylight,N/A,NONE DETECTED,Yes,No Apparent Injury,N/A,LOOKED BUT DID NOT SEE,MD,PASSENGER CAR,CHANGING LANES,40,No,2019,CADILLAC,XT4,39.09987317,-77.18167469,2022,12,11
220055476,Property Damage Crash,12/15/2022 09:51:00 AM,COLUMBIA PIKE,NA,SAME DIR REAR END,Snow,WET,Daylight,TRAFFIC SIGNAL,NONE DETECTED,No,No Apparent Injury,"RAIN, SNOW, SLEET, HAIL, FREEZ. RAIN, WET",NOT DISTRACTED,MD,PASSENGER CAR,SLOWING OR STOPPING,55,No,2009,DODGE,JOURNEY,39.09536383,-76.93804917,2022,12,9
220055476,Property Damage Crash,12/15/2022 09:51:00 AM,COLUMBIA PIKE,NA,SAME DIR REAR END,Snow,WET,Daylight,TRAFFIC SIGNAL,NONE DETECTED,Yes,No Apparent Injury,"RAIN, SNOW, SLEET, HAIL, FREEZ. RAIN, WET",NOT DISTRACTED,MD,PASSENGER CAR,SKIDDING,55,No,2008,TOYOTA,COROLLA,39.09536383,-76.93804917,2022,12,9
NA,Property Damage Crash,12/15/2022 09:50:00 AM,RAMP 4 FR IS 270 NB TO MD 189 EB,NA,SAME DIRECTION RIGHT TURN,Snow,ICE,Daylight,NO CONTROLS,NONE DETECTED,No,No Apparent Injury,"ICY OR SNOW-COVERED, SLEET, HAIL, FREEZ. RAIN",NOT DISTRACTED,MD,POLICE VEHICLE/EMERGENCY,MOVING CONSTANT SPEED,55,No,2014,DODGE,CHARGER,39.07350619,-77.16350678,2022,12,9
NA,Property Damage Crash,12/15/2022 09:50:00 AM,RAMP 4 FR IS 270 NB TO MD 189 EB,NA,SAME DIRECTION RIGHT TURN,Snow,ICE,Daylight,NO CONTROLS,NONE DETECTED,Yes,No Apparent Injury,"ICY OR SNOW-COVERED, SLEET, HAIL, FREEZ. RAIN",NOT DISTRACTED,VA,PASSENGER CAR,CHANGING LANES,55,No,2019,TOYOTA,PRIUS,39.07350619,-77.16350678,2022,12,9
220055478,Injury Crash,12/15/2022 09:43:00 AM,GERMANTOWN RD,NA,SAME DIR REAR END,Rain,WET,Daylight,NO CONTROLS,NONE DETECTED,No,Possible Minor Injury,"RAIN, SNOW, WET",NOT DISTRACTED,MD,PASSENGER CAR,SLOWING OR STOPPING,45,No,2017,SUBARU,FORESTER,39.1909945,-77.25471,2022,12,9
220055478,Injury Crash,12/15/2022 09:43:00 AM,GERMANTOWN RD,NA,SAME DIR REAR END,Rain,WET,Daylight,NO CONTROLS,NONE DETECTED,Yes,Possible Minor Injury,"RAIN, SNOW, WET",OTHER DISTRACTION,MD,PASSENGER CAR,MOVING CONSTANT SPEED,45,No,2018,CHEVROLET,EQUINOX,39.1909945,-77.25471,2022,12,9
220055478,Injury Crash,12/15/2022 09:43:00 AM,GERMANTOWN RD,NA,SAME DIR REAR END,Rain,WET,Daylight,NO CONTROLS,NONE DETECTED,No,Possible Minor Injury,"RAIN, SNOW, WET",NOT DISTRACTED,MD,PASSENGER CAR,SLOWING OR STOPPING,45,No,2017,MERZ BENZ,GL550,39.1909945,-77.25471,2022,12,9
220055474,Property Damage Crash,12/15/2022 09:10:00 AM,MAYOR LA,NA,OTHER,Rain,WET,Daylight,NO CONTROLS,NONE DETECTED,No,No Apparent Injury,"RAIN, SNOW, WET",NOT DISTRACTED,MD,POLICE VEHICLE/NON EMERGENCY,STOPPED IN TRAFFIC LANE,25,No,2016,FORD,INTERCEPTOR,38.99049617,-77.02569433,2022,12,9
220055474,Property Damage Crash,12/15/2022 09:10:00 AM,MAYOR LA,NA,OTHER,Rain,WET,Daylight,NO CONTROLS,NONE DETECTED,Yes,No Apparent Injury,"RAIN, SNOW, WET",LOOKED BUT DID NOT SEE,MD,PASSENGER CAR,BACKING,25,No,2020,MAZDA,HATCHBACK,38.99049617,-77.02569433,2022,12,9
220055471,Property Damage Crash,12/15/2022 09:00:00 AM,DIAMONDBACK DR,NA,SINGLE VEHICLE,Rain,WET,Daylight,NO CONTROLS,NONE DETECTED,Yes,No Apparent Injury,"RAIN, SNOW, WET",NOT DISTRACTED,MD,PASSENGER CAR,MOVING CONSTANT SPEED,35,No,2009,BMW,335,39.1063,-77.20217533,2022,12,9
220055473,Property Damage Crash,12/15/2022 08:48:00 AM,RIVER RD,NA,SAME DIR REND LEFT TURN,Rain,WET,Daylight,N/A,NONE DETECTED,Yes,No Apparent Injury,"RAIN, SNOW, WET",UNKNOWN,MD,PASSENGER CAR,MOVING CONSTANT SPEED,40,No,1999,TOYT,COROLLA,39.06065167,-77.28211,2022,12,8
220055473,Property Damage Crash,12/15/2022 08:48:00 AM,RIVER RD,NA,SAME DIR REND LEFT TURN,Rain,WET,Daylight,N/A,NONE DETECTED,No,No Apparent Injury,"RAIN, SNOW, WET",NOT DISTRACTED,MD,PASSENGER CAR,MOVING CONSTANT SPEED,40,No,2019,VOLK,4S,39.06065167,-77.28211,2022,12,8
220055473,Property Damage Crash,12/15/2022 08:48:00 AM,RIVER RD,NA,SAME DIR REND LEFT TURN,Rain,WET,Daylight,N/A,NONE DETECTED,No,No Apparent Injury,"RAIN, SNOW, WET",NOT DISTRACTED,MD,PASSENGER CAR,MAKING LEFT TURN,40,No,2007,HOND,SD,39.06065167,-77.28211,2022,12,8
220055472,Property Damage Crash,12/15/2022 08:43:00 AM,SHADY GROVE RD,NA,OTHER,Rain,WET,Daylight,TRAFFIC SIGNAL,NONE DETECTED,No,No Apparent Injury,"N/A, WET",UNKNOWN,MD,PICKUP TRUCK,MOVING CONSTANT SPEED,40,No,2019,CHEVY,SILVERADO,39.114758,-77.18574,2022,12,8
220055472,Property Damage Crash,12/15/2022 08:43:00 AM,SHADY GROVE RD,NA,OTHER,Rain,WET,Daylight,TRAFFIC SIGNAL,NONE DETECTED,Yes,No Apparent Injury,"N/A, WET",UNKNOWN,MD,PASSENGER CAR,CHANGING LANES,40,No,2015,HUNDAY,ELANTRA,39.114758,-77.18574,2022,12,8
220055458,Injury Crash,12/15/2022 02:44:00 AM,WELLER RD,NA,SAME DIR REAR END,Rain,WET,Medium,OTHER,ALCOHOL PRESENT,Yes,Possible Minor Injury,"RAIN, SNOW, WET",OTHER ELECTRONIC DEVICE (NAVIGATIONAL PALM PILOT),MD,PASSENGER CAR,MOVING CONSTANT SPEED,25,No,2005,TOYOTA,COROLLA,39.06529,-77.06412167,2022,12,2
220055422,Injury Crash,12/14/2022 07:49:00 PM,RIDGE RD,NA,SAME DIRECTION SIDESWIPE,Cloudy,DRY,Medium,NO CONTROLS,NONE DETECTED,Yes,No Apparent Injury,N/A,LOOKED BUT DID NOT SEE,MD,(SPORT) UTILITY VEHICLE,N/A,45,No,2006,HONDA,CRV,39.20752383,-77.24123683,2022,12,19
220055422,Injury Crash,12/14/2022 07:49:00 PM,RIDGE RD,NA,SAME DIRECTION SIDESWIPE,Cloudy,DRY,Medium,NO CONTROLS,NONE DETECTED,No,Possible Minor Injury,N/A,NOT DISTRACTED,MD,(SPORT) UTILITY VEHICLE,MOVING CONSTANT SPEED,45,No,2020,HYUN,KONA,39.20752383,-77.24123683,2022,12,19
220055421,Property Damage Crash,12/14/2022 07:33:00 PM,COLESVILLE RD,NA,SAME DIR REAR END,Rain,WET,Medium,NO CONTROLS,NONE DETECTED,No,No Apparent Injury,"RAIN, SNOW, WET",NOT DISTRACTED,AZ,PASSENGER CAR,MOVING CONSTANT SPEED,40,No,2021,CHEVY,EQUINOX,39.02503885,-77.01116447,2022,12,19
220055421,Property Damage Crash,12/14/2022 07:33:00 PM,COLESVILLE RD,NA,SAME DIR REAR END,Rain,WET,Medium,NO CONTROLS,NONE DETECTED,Yes,No Apparent Injury,"RAIN, SNOW, WET",UNKNOWN,NA,PASSENGER CAR,MOVING CONSTANT SPEED,40,No,2000,FORD,CROWN VIC,39.02503885,-77.01116447,2022,12,19
220055421,Property Damage Crash,12/14/2022 07:33:00 PM,COLESVILLE RD,NA,SAME DIR REAR END,Rain,WET,Medium,NO CONTROLS,NONE DETECTED,No,No Apparent Injury,"RAIN, SNOW, WET",NOT DISTRACTED,DC,PASSENGER CAR,MOVING CONSTANT SPEED,40,No,2014,FORD,CMAX,39.02503885,-77.01116447,2022,12,19
220055417,Property Damage Crash,12/14/2022 07:17:00 PM,FLOWER HILL WAY,NA,HEAD ON,Clear,DRY,Medium,TRAFFIC SIGNAL,NONE DETECTED,Yes,No Apparent Injury,N/A,LOOKED BUT DID NOT SEE,MD,PASSENGER CAR,MAKING LEFT TURN,25,No,2015,HOND,SD,39.15608533,-77.1653465,2022,12,19
220055417,Property Damage Crash,12/14/2022 07:17:00 PM,FLOWER HILL WAY,NA,HEAD ON,Clear,DRY,Medium,TRAFFIC SIGNAL,NONE DETECTED,No,No Apparent Injury,N/A,NOT DISTRACTED,CA,PICKUP TRUCK,ACCELERATING,25,No,2001,TOYT,PK,39.15608533,-77.1653465,2022,12,19
220055410,Injury Crash,12/14/2022 06:46:00 PM,EAST WEST HWY,NA,STRAIGHT MOVEMENT ANGLE,Clear,DRY,Medium,NO CONTROLS,NONE DETECTED,Yes,No Apparent Injury,N/A,LOOKED BUT DID NOT SEE,MD,(SPORT) UTILITY VEHICLE,MAKING LEFT TURN,35,No,2013,HYUNDAI,SANTA FE,38.99090059,-77.02984403,2022,12,18
220055410,Injury Crash,12/14/2022 06:46:00 PM,EAST WEST HWY,NA,STRAIGHT MOVEMENT ANGLE,Clear,DRY,Medium,NO CONTROLS,NONE DETECTED,No,Possible Minor Injury,N/A,NOT DISTRACTED,MD,PASSENGER CAR,MOVING CONSTANT SPEED,35,No,2022,TOYOTA,COROLLA,38.99090059,-77.02984403,2022,12,18
220055424,Property Damage Crash,12/14/2022 06:40:00 PM,CAPITAL BELTWAY,NA,SAME DIR REAR END,Clear,DRY,Dark,NO CONTROLS,NONE DETECTED,No,No Apparent Injury,N/A,NOT DISTRACTED,VA,PASSENGER CAR,SLOWING OR STOPPING,55,No,2018,KIA,SOUL,38.99584384,-77.158255,2022,12,18
220055424,Property Damage Crash,12/14/2022 06:40:00 PM,CAPITAL BELTWAY,NA,SAME DIR REAR END,Clear,DRY,Dark,NO CONTROLS,NONE DETECTED,Yes,No Apparent Injury,N/A,INATTENTIVE OR LOST IN THOUGHT,VA,PASSENGER CAR,MOVING CONSTANT SPEED,55,No,2013,NISSAN,ALTIMA,38.99584384,-77.158255,2022,12,18
220055424,Property Damage Crash,12/14/2022 06:40:00 PM,CAPITAL BELTWAY,NA,SAME DIR REAR END,Clear,DRY,Dark,NO CONTROLS,NONE DETECTED,No,No Apparent Injury,N/A,NOT DISTRACTED,WA,PASSENGER CAR,SLOWING OR STOPPING,55,No,2005,PONTIAC,VIBE,38.99584384,-77.158255,2022,12,18
220055406,Property Damage Crash,12/14/2022 06:14:00 PM,NA,NA,SAME DIR REAR END,Clear,NA,Medium,N/A,NONE DETECTED,Yes,No Apparent Injury,N/A,UNKNOWN,NA,VAN,BACKING,30,No,2013,FORD,VAN CARGO,39.01069,-77.04251833,2022,12,18
220055398,Property Damage Crash,12/14/2022 05:11:00 PM,CONNECTICUT AVE,NA,HEAD ON LEFT TURN,Clear,DRY,Medium,TRAFFIC SIGNAL,NONE DETECTED,No,No Apparent Injury,N/A,NOT DISTRACTED,DC,PASSENGER CAR,MAKING RIGHT TURN,35,No,2020,SUBARU,LEGACY,38.996171,-77.07728917,2022,12,17
220055398,Property Damage Crash,12/14/2022 05:11:00 PM,CONNECTICUT AVE,NA,HEAD ON LEFT TURN,Clear,DRY,Medium,TRAFFIC SIGNAL,NONE DETECTED,Yes,No Apparent Injury,N/A,UNKNOWN,MD,PASSENGER CAR,MAKING LEFT TURN,35,No,2020,TESLA,MODEL X,38.996171,-77.07728917,2022,12,17
220055398,Property Damage Crash,12/14/2022 05:11:00 PM,CONNECTICUT AVE,NA,HEAD ON LEFT TURN,Clear,DRY,Medium,TRAFFIC SIGNAL,NONE DETECTED,Yes,No Apparent Injury,N/A,UNKNOWN,MD,PASSENGER CAR,MOVING CONSTANT SPEED,35,No,2015,CHEVROLET,MALIBU,38.996171,-77.07728917,2022,12,17
220055386,Property Damage Crash,12/14/2022 04:48:00 PM,MONTGOMERY VILLAGE AVE,NA,SAME DIR REAR END,Clear,DRY,Medium,TRAFFIC SIGNAL,NONE DETECTED,No,No Apparent Injury,N/A,NOT DISTRACTED,MD,PASSENGER CAR,SLOWING OR STOPPING,35,No,2004,NISSAN,TITAN,39.157835,-77.20448667,2022,12,16
220055386,Property Damage Crash,12/14/2022 04:48:00 PM,MONTGOMERY VILLAGE AVE,NA,SAME DIR REAR END,Clear,DRY,Medium,TRAFFIC SIGNAL,NONE DETECTED,Yes,No Apparent Injury,N/A,NOT DISTRACTED,MD,PASSENGER CAR,ENTERING TRAFFIC LANE,35,No,2015,NISSAN,MURANO,39.157835,-77.20448667,2022,12,16
220055387,Property Damage Crash,12/14/2022 04:30:00 PM,NA,NA,SAME DIR REAR END,Clear,NA,Medium,NO CONTROLS,NONE DETECTED,No,No Apparent Injury,N/A,NOT DISTRACTED,MD,PASSENGER CAR,PARKED,0,No,2014,TOYT,4S,39.09099621,-77.17817859,2022,12,16
220055387,Property Damage Crash,12/14/2022 04:30:00 PM,NA,NA,SAME DIR REAR END,Clear,NA,Medium,NO CONTROLS,NONE DETECTED,Yes,No Apparent Injury,N/A,NOT DISTRACTED,NA,PASSENGER CAR,MOVING CONSTANT SPEED,5,No,2009,NISSA,VERSA,39.09099621,-77.17817859,2022,12,16
220055366,Property Damage Crash,12/14/2022 03:10:00 PM,MERRIMAC DR,NA,STRAIGHT MOVEMENT ANGLE,Clear,DRY,Daylight,N/A,NONE DETECTED,No,No Apparent Injury,N/A,NOT DISTRACTED,XX,PASSENGER CAR,MOVING CONSTANT SPEED,35,No,2010,CHEV,4S,38.9928235,-76.99141467,2022,12,15
220055366,Property Damage Crash,12/14/2022 03:10:00 PM,MERRIMAC DR,NA,STRAIGHT MOVEMENT ANGLE,Clear,DRY,Daylight,N/A,NONE DETECTED,Yes,No Apparent Injury,N/A,LOOKED BUT DID NOT SEE,MD,PASSENGER CAR,MOVING CONSTANT SPEED,35,No,2016,TOYT,COROLLA,38.9928235,-76.99141467,2022,12,15
220055351,Injury Crash,12/14/2022 01:53:00 PM,CONNECTICUT AVE,BICYCLIST,STRAIGHT MOVEMENT ANGLE,Cloudy,DRY,Daylight,NO CONTROLS,NONE DETECTED,Yes,No Apparent Injury,N/A,LOOKED BUT DID NOT SEE,MD,PASSENGER CAR,MAKING RIGHT TURN,35,No,2012,NISSAN,MAXIMA,38.991215,-77.07686333,2022,12,13
220055342,Property Damage Crash,12/14/2022 12:46:00 PM,BUCKLODGE RD,NA,OTHER,Cloudy,DRY,Daylight,NO CONTROLS,NONE DETECTED,Yes,No Apparent Injury,N/A,LOOKED BUT DID NOT SEE,MD,OTHER,BACKING,35,No,1991,GENERAL MOTORS,LLV,39.19341083,-77.333155,2022,12,12
220055342,Property Damage Crash,12/14/2022 12:46:00 PM,BUCKLODGE RD,NA,OTHER,Cloudy,DRY,Daylight,NO CONTROLS,NONE DETECTED,No,No Apparent Injury,N/A,NOT DISTRACTED,MD,PASSENGER CAR,STOPPED IN TRAFFIC LANE,0,No,2019,VOLKSWAGEN,JETTA,39.19341083,-77.333155,2022,12,12
220055344,Property Damage Crash,12/14/2022 12:30:00 PM,KNOWLES AVE,NA,ANGLE MEETS LEFT HEAD ON,Clear,DRY,Daylight,NO CONTROLS,NONE DETECTED,Yes,No Apparent Injury,N/A,NOT DISTRACTED,MD,PASSENGER CAR,MOVING CONSTANT SPEED,30,No,2013,HOND,CIVIC,39.02753417,-77.0777005,2022,12,12
220055344,Property Damage Crash,12/14/2022 12:30:00 PM,KNOWLES AVE,NA,ANGLE MEETS LEFT HEAD ON,Clear,DRY,Daylight,NO CONTROLS,NONE DETECTED,No,No Apparent Injury,N/A,NOT DISTRACTED,MD,PASSENGER CAR,MOVING CONSTANT SPEED,30,No,2017,HOND,ACCORD,39.02753417,-77.0777005,2022,12,12
220055338,Property Damage Crash,12/14/2022 11:56:00 AM,QUINCE ORCHARD RD,NA,OPPOSITE DIR BOTH LEFT TURN,Cloudy,DRY,Daylight,N/A,NONE DETECTED,No,No Apparent Injury,N/A,NOT DISTRACTED,MD,PASSENGER CAR,MOVING CONSTANT SPEED,35,No,2021,VOLK,JETTA,39.09152,-77.24902667,2022,12,11
220055338,Property Damage Crash,12/14/2022 11:56:00 AM,QUINCE ORCHARD RD,NA,OPPOSITE DIR BOTH LEFT TURN,Cloudy,DRY,Daylight,N/A,NONE DETECTED,Yes,No Apparent Injury,N/A,UNKNOWN,MD,"OTHER LIGHT TRUCKS (10,000LBS (4,536KG) OR LESS)",MOVING CONSTANT SPEED,35,No,2012,GMC,SIERRA,39.09152,-77.24902667,2022,12,11
220055324,Property Damage Crash,12/14/2022 11:27:00 AM,NA,NA,HEAD ON,Clear,NA,Daylight,NO CONTROLS,NONE DETECTED,No,No Apparent Injury,N/A,NOT DISTRACTED,MD,PASSENGER CAR,MOVING CONSTANT SPEED,15,No,2017,PORSCHE,CAYENNE,39.03940333,-77.05499,2022,12,11
220055324,Property Damage Crash,12/14/2022 11:27:00 AM,NA,NA,HEAD ON,Clear,NA,Daylight,NO CONTROLS,NONE DETECTED,Yes,No Apparent Injury,N/A,LOOKED BUT DID NOT SEE,XX,PASSENGER CAR,MOVING CONSTANT SPEED,15,No,2014,NISSAN,ROGUE,39.03940333,-77.05499,2022,12,11
220055306,Injury Crash,12/14/2022 10:00:00 AM,UNIVERSITY BLVD W,NA,STRAIGHT MOVEMENT ANGLE,Clear,DRY,Daylight,STOP SIGN,NONE DETECTED,Yes,Possible Minor Injury,N/A,LOOKED BUT DID NOT SEE,MD,PASSENGER CAR,ACCELERATING,25,No,2021,TOYOTA,COROLLA,39.021731,-77.01526483,2022,12,10
220055306,Injury Crash,12/14/2022 10:00:00 AM,UNIVERSITY BLVD W,NA,STRAIGHT MOVEMENT ANGLE,Clear,DRY,Daylight,STOP SIGN,NONE DETECTED,No,Possible Minor Injury,N/A,UNKNOWN,MD,PASSENGER CAR,MOVING CONSTANT SPEED,35,No,2007,HONDA,CRV,39.021731,-77.01526483,2022,12,10
220055300,Property Damage Crash,12/14/2022 09:37:00 AM,FATHER HURLEY BLVD,NA,SAME DIR REAR END,Clear,DRY,Daylight,FLASHING TRAFFIC SIGNAL,NONE DETECTED,No,No Apparent Injury,"BACKUP DUE TO REGULAR CONGESTION, N/A",NOT DISTRACTED,MD,PICKUP TRUCK,MOVING CONSTANT SPEED,40,No,2018,FORD,F250,39.19798667,-77.26308333,2022,12,9
220055300,Property Damage Crash,12/14/2022 09:37:00 AM,FATHER HURLEY BLVD,NA,SAME DIR REAR END,Clear,DRY,Daylight,FLASHING TRAFFIC SIGNAL,NONE DETECTED,No,No Apparent Injury,"BACKUP DUE TO REGULAR CONGESTION, N/A",NOT DISTRACTED,MD,PASSENGER CAR,MOVING CONSTANT SPEED,40,No,2018,SUBARU,OUTBACK,39.19798667,-77.26308333,2022,12,9
220055300,Property Damage Crash,12/14/2022 09:37:00 AM,FATHER HURLEY BLVD,NA,SAME DIR REAR END,Clear,DRY,Daylight,FLASHING TRAFFIC SIGNAL,NONE DETECTED,Yes,No Apparent Injury,"BACKUP DUE TO REGULAR CONGESTION, N/A",LOOKED BUT DID NOT SEE,MD,"CARGO VAN/LIGHT TRUCK 2 AXLES (OVER 10,000LBS (4,536 KG))",MOVING CONSTANT SPEED,40,No,2017,FORD,TRANSIT VAN,39.19798667,-77.26308333,2022,12,9
220055300,Property Damage Crash,12/14/2022 09:37:00 AM,FATHER HURLEY BLVD,NA,SAME DIR REAR END,Clear,DRY,Daylight,FLASHING TRAFFIC SIGNAL,NONE DETECTED,No,No Apparent Injury,"BACKUP DUE TO REGULAR CONGESTION, N/A",NOT DISTRACTED,MD,(SPORT) UTILITY VEHICLE,SLOWING OR STOPPING,40,No,2022,FORD,EXPLORER,39.19798667,-77.26308333,2022,12,9
220055292,Injury Crash,12/14/2022 09:10:00 AM,COLESVILLE RD,NA,SAME DIRECTION SIDESWIPE,Clear,DRY,Daylight,TRAFFIC SIGNAL,NONE DETECTED,No,No Apparent Injury,N/A,NOT DISTRACTED,PA,"MEDIUM/HEAVY TRUCKS 3 AXLES (OVER 10,000LBS (4,536KG))",MOVING CONSTANT SPEED,40,No,2019,BOX,TRUCK,39.00644617,-77.02191283,2022,12,9
220055292,Injury Crash,12/14/2022 09:10:00 AM,COLESVILLE RD,NA,SAME DIRECTION SIDESWIPE,Clear,DRY,Daylight,TRAFFIC SIGNAL,NONE DETECTED,Yes,Possible Minor Injury,N/A,UNKNOWN,MD,PASSENGER CAR,MOVING CONSTANT SPEED,40,No,2021,NISS,WG,39.00644617,-77.02191283,2022,12,9
220055281,Property Damage Crash,12/14/2022 08:10:00 AM,GEORGIA AVE,NA,SAME DIRECTION SIDESWIPE,Clear,DRY,Daylight,N/A,NONE DETECTED,Unknown,No Apparent Injury,"N/A, V EXHAUST SYSTEM|R OTHER ROAD",NOT DISTRACTED,MD,PICKUP TRUCK,MOVING CONSTANT SPEED,35,No,2020,GMC,SIERRA,39.04775533,-77.05197567,2022,12,8
220055281,Property Damage Crash,12/14/2022 08:10:00 AM,GEORGIA AVE,NA,SAME DIRECTION SIDESWIPE,Clear,DRY,Daylight,N/A,NONE DETECTED,Unknown,No Apparent Injury,"N/A, V EXHAUST SYSTEM|R OTHER ROAD",NOT DISTRACTED,MD,SCHOOL BUS,SLOWING OR STOPPING,35,No,2016,THOMAS,BUS,39.04775533,-77.05197567,2022,12,8
220055283,Property Damage Crash,12/14/2022 08:08:00 AM,BRADLEY BLVD,NA,SAME DIRECTION SIDESWIPE,Clear,DRY,Daylight,NO CONTROLS,NONE DETECTED,Yes,No Apparent Injury,N/A,UNKNOWN,NA,NA,MOVING CONSTANT SPEED,25,No,0,UNKNOWN,UNKNOWN,38.978245,-77.09357833,2022,12,8
220055283,Property Damage Crash,12/14/2022 08:08:00 AM,BRADLEY BLVD,NA,SAME DIRECTION SIDESWIPE,Clear,DRY,Daylight,NO CONTROLS,NONE DETECTED,No,No Apparent Injury,N/A,NOT DISTRACTED,MD,PASSENGER CAR,OTHER,25,No,2016,FORD,FOCUS,38.978245,-77.09357833,2022,12,8
220055276,Injury Crash,12/14/2022 07:25:00 AM,BREWSTER AVE,NA,OTHER,Clear,DRY,Daylight,N/A,NONE DETECTED,Yes,Possible Minor Injury,N/A,OTHER DISTRACTION,MD,PASSENGER CAR,MOVING CONSTANT SPEED,25,No,2017,AUDI,A4,39.01174,-77.01559833,2022,12,7
220055272,Property Damage Crash,12/14/2022 06:00:00 AM,PLUM ORCHARD DR,NA,OTHER,Clear,DRY,Medium,NO CONTROLS,NONE DETECTED,Yes,No Apparent Injury,N/A,NOT DISTRACTED,MD,FIRE VEHICLE/EMERGENCY,MOVING CONSTANT SPEED,30,No,2019,PIRC,FIRE TRUCK,39.05266742,-76.95269198,2022,12,6
220055267,Property Damage Crash,12/14/2022 03:19:00 AM,NA,NA,HEAD ON LEFT TURN,Clear,NA,Medium,NO CONTROLS,NONE DETECTED,Yes,No Apparent Injury,N/A,DISTRACTED BY OUTSIDE PERSON OBJECT OR EVENT,MD,PASSENGER CAR,MOVING CONSTANT SPEED,5,No,2013,HYUNDAI,GENESIS,39.0038074,-76.9976736,2022,12,3
220055260,Injury Crash,12/14/2022 01:26:00 AM,NEW HAMPSHIRE AVE,NA,SAME DIR REAR END,Clear,DRY,Medium,N/A,ALCOHOL PRESENT,Yes,No Apparent Injury,N/A,LOOKED BUT DID NOT SEE,MD,PASSENGER CAR,MOVING CONSTANT SPEED,35,No,2014,TOYOTA,IA,39.02243667,-76.97656333,2022,12,1
220055260,Injury Crash,12/14/2022 01:26:00 AM,NEW HAMPSHIRE AVE,NA,SAME DIR REAR END,Clear,DRY,Medium,N/A,NONE DETECTED,No,Possible Minor Injury,N/A,NOT DISTRACTED,MD,POLICE VEHICLE/NON EMERGENCY,STOPPED IN TRAFFIC LANE,35,No,2014,DODGE,CHARGER,39.02243667,-76.97656333,2022,12,1
220055253,Property Damage Crash,12/13/2022 10:52:00 PM,NA,NA,SINGLE VEHICLE,Clear,NA,Dark,NO CONTROLS,ALCOHOL PRESENT,Yes,No Apparent Injury,N/A,LOOKED BUT DID NOT SEE,MD,PICKUP TRUCK,ACCELERATING,15,No,2003,DODGE,RAM 1500,39.1838065,-77.26107283,2022,12,22
220055250,Injury Crash,12/13/2022 10:45:00 PM,MUNCASTER MILL RD,NA,HEAD ON LEFT TURN,Clear,DRY,Medium,NO CONTROLS,NONE DETECTED,Yes,Possible Minor Injury,N/A,LOOKED BUT DID NOT SEE,MD,PASSENGER CAR,MAKING LEFT TURN,30,No,1995,TOYOT,COROLLA,39.15334,-77.1531573,2022,12,22
220055250,Injury Crash,12/13/2022 10:45:00 PM,MUNCASTER MILL RD,NA,HEAD ON LEFT TURN,Clear,DRY,Medium,NO CONTROLS,NONE DETECTED,No,No Apparent Injury,N/A,NOT DISTRACTED,MD,PASSENGER CAR,MOVING CONSTANT SPEED,30,No,2014,SUBURU,IMPREZA,39.15334,-77.1531573,2022,12,22
220055243,Property Damage Crash,12/13/2022 10:15:00 PM,GATESHEAD MANOR WAY,NA,SINGLE VEHICLE,Clear,DRY,Medium,NO CONTROLS,NONE DETECTED,Yes,No Apparent Injury,N/A,NOT DISTRACTED,MD,PASSENGER CAR,MOVING CONSTANT SPEED,35,No,2012,KIA,OPTIMA,39.07905167,-76.93963333,2022,12,22
220055236,Injury Crash,12/13/2022 09:09:00 PM,WEYMOUTH ST,PEDESTRIAN,SINGLE VEHICLE,Clear,DRY,Medium,NO CONTROLS,NONE DETECTED,Yes,No Apparent Injury,N/A,UNKNOWN,MD,PASSENGER CAR,MAKING RIGHT TURN,25,No,2022,CADI,CTS,39.032693,-77.088495,2022,12,21