Local Case Number,ACRS Report Type,Crash Date/Time,Road Name,Related Non-Motorist,Collision Type,Weather,Surface Condition,Light,Traffic Control,Driver Substance Abuse,Driver At Fault,Injury Severity,Circumstance,Driver Distracted By,Drivers License State,Vehicle Body Type,Vehicle Movement,Speed Limit,Driverless Vehicle,Vehicle Year,Vehicle Make,Vehicle Model,Latitude,Longitude,Year,Month,Hour
220046704,Property Damage Crash,12/13/2022 06:58:00 PM,MARIGOLD LA,PEDESTRIAN,OPPOSITE DIRECTION SIDESWIPE,Clear,DRY,Dark,NO CONTROLS,NONE DETECTED,Yes,No Apparent Injury,N/A,UNKNOWN,NA,PASSENGER CAR,BACKING,20,No,2007,HYUNDAI,UNK,39.0712178,-77.0437098,2022,12,18
220055198,Property Damage Crash,12/13/2022 06:13:00 PM,GERMANTOWN RD,NA,STRAIGHT MOVEMENT ANGLE,Clear,DRY,Medium,TRAFFIC SIGNAL,NONE DETECTED,Yes,No Apparent Injury,N/A,LOOKED BUT DID NOT SEE,MD,(SPORT) UTILITY VEHICLE,ACCELERATING,40,No,2019,DODGE,DURANGO,39.17694727,-77.2701603,2022,12,18
220055198,Property Damage Crash,12/13/2022 06:13:00 PM,GERMANTOWN RD,NA,STRAIGHT MOVEMENT ANGLE,Clear,DRY,Medium,TRAFFIC SIGNAL,NONE DETECTED,No,No Apparent Injury,N/A,NOT DISTRACTED,MD,PASSENGER CAR,MOVING CONSTANT SPEED,35,No,2022,NISSAN,ALTIMA,39.17694727,-77.2701603,2022,12,18
220055195,Property Damage Crash,12/13/2022 06:06:00 PM,SPENCERVILLE RD,NA,ANGLE MEETS LEFT TURN,Clear,DRY,Medium,NO CONTROLS,NONE DETECTED,No,No Apparent Injury,N/A,NOT DISTRACTED,MD,PASSENGER CAR,MOVING CONSTANT SPEED,25,No,2008,HOND,SD,39.10943167,-76.93527917,2022,12,18
220055195,Property Damage Crash,12/13/2022 06:06:00 PM,SPENCERVILLE RD,NA,ANGLE MEETS LEFT TURN,Clear,DRY,Medium,NO CONTROLS,NONE DETECTED,Yes,No Apparent Injury,N/A,LOOKED BUT DID NOT SEE,MD,PASSENGER CAR,MAKING LEFT TURN,25,No,2008,FORD,EDGE,39.10943167,-76.93527917,2022,12,18
220055197,Property Damage Crash,12/13/2022 06:05:00 PM,MUDDY BRANCH RD,NA,HEAD ON LEFT TURN,Clear,DRY,Medium,TRAFFIC SIGNAL,NONE DETECTED,Yes,No Apparent Injury,N/A,NOT DISTRACTED,MD,PASSENGER CAR,ACCELERATING,45,No,2019,HONDA,HRV,39.11504558,-77.21575177,2022,12,18
220055197,Property Damage Crash,12/13/2022 06:05:00 PM,MUDDY BRANCH RD,NA,HEAD ON LEFT TURN,Clear,DRY,Medium,TRAFFIC SIGNAL,NONE DETECTED,No,No Apparent Injury,N/A,NOT DISTRACTED,MD,PASSENGER CAR,MOVING CONSTANT SPEED,45,No,2012,HONDA,CIVIC,39.11504558,-77.21575177,2022,12,18
220055194,Injury Crash,12/13/2022 06:05:00 PM,BEALL AVE #2,PEDESTRIAN,OTHER,Clear,DRY,Medium,STOP SIGN,NONE DETECTED,Yes,No Apparent Injury,N/A,LOOKED BUT DID NOT SEE,MD,PASSENGER CAR,STARTING FROM LANE,25,No,2022,HYUNDAI,SUV,39.0868935,-77.158811,2022,12,18
220055192,Property Damage Crash,12/13/2022 06:00:00 PM,NEW HAMPSHIRE AVE,NA,SAME DIRECTION LEFT TURN,Clear,DRY,Medium,TRAFFIC SIGNAL,NONE DETECTED,Unknown,No Apparent Injury,N/A,UNKNOWN,NA,PASSENGER CAR,ACCELERATING,35,No,2020,TOYOTA,COROLLA,38.97577967,-76.99330667,2022,12,18
220055199,Property Damage Crash,12/13/2022 06:00:00 PM,WELLER RD,NA,STRAIGHT MOVEMENT ANGLE,Clear,DRY,Medium,STOP SIGN,NONE DETECTED,No,No Apparent Injury,N/A,NOT DISTRACTED,MD,PICKUP TRUCK,MOVING CONSTANT SPEED,25,No,2013,CHEV,DS,39.062125,-77.07525833,2022,12,18
220055192,Property Damage Crash,12/13/2022 06:00:00 PM,NEW HAMPSHIRE AVE,NA,SAME DIRECTION LEFT TURN,Clear,DRY,Medium,TRAFFIC SIGNAL,NONE DETECTED,Unknown,No Apparent Injury,N/A,UNKNOWN,MD,PASSENGER CAR,ACCELERATING,35,No,2007,CHRYSLER,PACIFICA,38.97577967,-76.99330667,2022,12,18
220055199,Property Damage Crash,12/13/2022 06:00:00 PM,WELLER RD,NA,STRAIGHT MOVEMENT ANGLE,Clear,DRY,Medium,STOP SIGN,NONE DETECTED,Yes,No Apparent Injury,N/A,LOOKED BUT DID NOT SEE,MD,PASSENGER CAR,ACCELERATING,25,No,2008,HOND,HB,39.062125,-77.07525833,2022,12,18
220055200,Property Damage Crash,12/13/2022 05:44:00 PM,MERRIMAC DR,NA,SAME DIRECTION RIGHT TURN,Clear,DRY,Medium,N/A,NONE DETECTED,No,No Apparent Injury,N/A,NOT DISTRACTED,MD,PASSENGER CAR,MOVING CONSTANT SPEED,35,No,2018,MERZ,SD,38.98823817,-76.98757817,2022,12,17
220055200,Property Damage Crash,12/13/2022 05:44:00 PM,MERRIMAC DR,NA,SAME DIRECTION RIGHT TURN,Clear,DRY,Medium,N/A,NONE DETECTED,Yes,No Apparent Injury,N/A,LOOKED BUT DID NOT SEE,XX,PASSENGER CAR,MOVING CONSTANT SPEED,35,No,2016,TOYOTA,COROLLA,38.98823817,-76.98757817,2022,12,17
220055188,Property Damage Crash,12/13/2022 05:16:00 PM,UNIVERSITY BLVD E,NA,SAME DIR REAR END,Clear,DRY,Medium,NO CONTROLS,NONE DETECTED,No,No Apparent Injury,N/A,NOT DISTRACTED,MD,PASSENGER CAR,MOVING CONSTANT SPEED,55,No,2005,TOYOTA,SCION,39.01746806,-76.99342142,2022,12,17
220055188,Property Damage Crash,12/13/2022 05:16:00 PM,UNIVERSITY BLVD E,NA,SAME DIR REAR END,Clear,DRY,Medium,NO CONTROLS,NONE DETECTED,Yes,No Apparent Injury,N/A,INATTENTIVE OR LOST IN THOUGHT,VA,PASSENGER CAR,MOVING CONSTANT SPEED,55,No,1996,TOYOTA,4RUNNER,39.01746806,-76.99342142,2022,12,17
220055188,Property Damage Crash,12/13/2022 05:16:00 PM,UNIVERSITY BLVD E,NA,SAME DIR REAR END,Clear,DRY,Medium,NO CONTROLS,NONE DETECTED,No,No Apparent Injury,N/A,NOT DISTRACTED,MD,POLICE VEHICLE/NON EMERGENCY,MOVING CONSTANT SPEED,55,No,2014,DODGE,CHARGER,39.01746806,-76.99342142,2022,12,17
220055186,Property Damage Crash,12/13/2022 05:04:00 PM,NA,NA,SAME DIRECTION LEFT TURN,Clear,NA,Medium,N/A,NONE DETECTED,Yes,No Apparent Injury,N/A,UNKNOWN,NA,"CARGO VAN/LIGHT TRUCK 2 AXLES (OVER 10,000LBS (4,536 KG))",MOVING CONSTANT SPEED,5,No,2006,FORD,ECONO,39.07526236,-77.11708089,2022,12,17
220055186,Property Damage Crash,12/13/2022 05:04:00 PM,NA,NA,SAME DIRECTION LEFT TURN,Clear,NA,Medium,N/A,NONE DETECTED,No,No Apparent Injury,N/A,NOT DISTRACTED,MD,(SPORT) UTILITY VEHICLE,MAKING LEFT TURN,5,No,2010,LEXS,TK,39.07526236,-77.11708089,2022,12,17
220055174,Property Damage Crash,12/13/2022 04:18:00 PM,LONE OAK DR,NA,OTHER,Clear,DRY,Daylight,N/A,NONE DETECTED,Yes,No Apparent Injury,N/A,NOT DISTRACTED,MD,SCHOOL BUS,MOVING CONSTANT SPEED,25,No,2019,FRHT,BU,39.01970217,-77.117625,2022,12,16
220055189,Property Damage Crash,12/13/2022 04:05:00 PM,TUCKERMAN LA,NA,OPPOSITE DIRECTION SIDESWIPE,Cloudy,DRY,Daylight,TRAFFIC SIGNAL,NONE DETECTED,No,No Apparent Injury,N/A,NOT DISTRACTED,MD,(SPORT) UTILITY VEHICLE,STOPPED IN TRAFFIC LANE,35,No,2021,SUBARU,FORESTER,39.03996207,-77.15734082,2022,12,16
220055189,Property Damage Crash,12/13/2022 04:05:00 PM,TUCKERMAN LA,NA,OPPOSITE DIRECTION SIDESWIPE,Cloudy,DRY,Daylight,TRAFFIC SIGNAL,NONE DETECTED,Yes,No Apparent Injury,N/A,UNKNOWN,MD,(SPORT) UTILITY VEHICLE,MAKING RIGHT TURN,35,No,2022,LEXUS,GX460 PRE,39.03996207,-77.15734082,2022,12,16
220055171,Property Damage Crash,12/13/2022 03:34:00 PM,EAST WEST HWY,NA,OTHER,Clear,DRY,Daylight,TRAFFIC SIGNAL,NONE DETECTED,Yes,No Apparent Injury,N/A,LOOKED BUT DID NOT SEE,MD,(SPORT) UTILITY VEHICLE,MAKING LEFT TURN,35,No,2011,HYUN,TUSCON,38.99481667,-77.03625167,2022,12,15
220055171,Property Damage Crash,12/13/2022 03:34:00 PM,EAST WEST HWY,NA,OTHER,Clear,DRY,Daylight,TRAFFIC SIGNAL,NONE DETECTED,No,No Apparent Injury,N/A,NOT DISTRACTED,MD,PASSENGER CAR,MOVING CONSTANT SPEED,35,No,2013,HONDA,CIVIC,38.99481667,-77.03625167,2022,12,15
220055157,Injury Crash,12/13/2022 03:09:00 PM,MICHAELS DR,NA,SAME DIR REAR END,Clear,DRY,Daylight,STOP SIGN,NONE DETECTED,No,No Apparent Injury,N/A,NOT DISTRACTED,DC,PASSENGER CAR,SLOWING OR STOPPING,30,No,2013,LAND ROVER,LR SPORT,39.01031783,-77.133254,2022,12,15
220055157,Injury Crash,12/13/2022 03:09:00 PM,MICHAELS DR,NA,SAME DIR REAR END,Clear,DRY,Daylight,STOP SIGN,NONE DETECTED,Yes,Possible Minor Injury,N/A,LOOKED BUT DID NOT SEE,MD,PASSENGER CAR,MOVING CONSTANT SPEED,30,No,2023,MAZDA,CX5,39.01031783,-77.133254,2022,12,15
220055146,Property Damage Crash,12/13/2022 02:03:00 PM,JUSTICE RD,NA,SAME DIRECTION SIDESWIPE,Clear,DRY,Daylight,NO CONTROLS,NONE DETECTED,Yes,No Apparent Injury,N/A,NOT DISTRACTED,MD,AMBULANCE/EMERGENCY,MOVING CONSTANT SPEED,25,No,2020,FRHT,AM,39.0758495,-77.08793483,2022,12,14
220055143,Property Damage Crash,12/13/2022 01:50:00 PM,OLNEY SANDY SPRING RD,NA,HEAD ON LEFT TURN,Clear,DRY,Daylight,TRAFFIC SIGNAL,NONE DETECTED,Yes,No Apparent Injury,N/A,LOOKED BUT DID NOT SEE,MD,PASSENGER CAR,STARTING FROM LANE,30,No,2013,SUBA,UT,39.15296833,-77.06676667,2022,12,13
220055143,Property Damage Crash,12/13/2022 01:50:00 PM,OLNEY SANDY SPRING RD,NA,HEAD ON LEFT TURN,Clear,DRY,Daylight,TRAFFIC SIGNAL,NONE DETECTED,No,No Apparent Injury,N/A,NOT DISTRACTED,MD,PASSENGER CAR,MOVING CONSTANT SPEED,30,No,2006,TOYT,TK,39.15296833,-77.06676667,2022,12,13
220055135,Injury Crash,12/13/2022 12:56:00 PM,UNIVERSITY BLVD E,NA,HEAD ON LEFT TURN,Clear,DRY,Daylight,TRAFFIC SIGNAL,NONE DETECTED,Yes,No Apparent Injury,N/A,LOOKED BUT DID NOT SEE,MD,(SPORT) UTILITY VEHICLE,ACCELERATING,35,No,2020,HYUN,UT,39.00569005,-76.99832919,2022,12,12
220055135,Injury Crash,12/13/2022 12:56:00 PM,UNIVERSITY BLVD E,NA,HEAD ON LEFT TURN,Clear,DRY,Daylight,TRAFFIC SIGNAL,NONE DETECTED,No,No Apparent Injury,N/A,NOT DISTRACTED,MD,PASSENGER CAR,MOVING CONSTANT SPEED,35,No,1998,TOYT,SD,39.00569005,-76.99832919,2022,12,12
220055119,Injury Crash,12/13/2022 11:40:00 AM,CONNECTICUT AVE,NA,SAME DIR REAR END,Clear,DRY,Daylight,NO CONTROLS,NONE DETECTED,Yes,No Apparent Injury,N/A,NOT DISTRACTED,MD,VAN,MOVING CONSTANT SPEED,35,No,2018,CHEV,VAN,38.98910217,-77.07679683,2022,12,11
220055119,Injury Crash,12/13/2022 11:40:00 AM,CONNECTICUT AVE,NA,SAME DIR REAR END,Clear,DRY,Daylight,NO CONTROLS,NONE DETECTED,No,Possible Minor Injury,N/A,NOT DISTRACTED,MD,VAN,SLOWING OR STOPPING,35,No,2012,NISS,VN,38.98910217,-77.07679683,2022,12,11
220055106,Injury Crash,12/13/2022 11:04:00 AM,LANSDOWNE WAY,NA,OTHER,Clear,DRY,Daylight,NO CONTROLS,NONE DETECTED,Unknown,No Apparent Injury,N/A,NOT DISTRACTED,MD,PASSENGER CAR,MOVING CONSTANT SPEED,25,No,2004,LEXUS,LS430,39.01212,-77.04557333,2022,12,11
220055106,Injury Crash,12/13/2022 11:04:00 AM,LANSDOWNE WAY,NA,OTHER,Clear,DRY,Daylight,NO CONTROLS,NONE DETECTED,Unknown,No Apparent Injury,N/A,NOT DISTRACTED,MD,PASSENGER CAR,PARKED,25,No,2003,HONDA,ODYSSEY,39.01212,-77.04557333,2022,12,11
220055103,Property Damage Crash,12/13/2022 10:32:00 AM,ARCTIC AVE,NA,OTHER,Clear,DRY,Daylight,N/A,NONE DETECTED,Yes,No Apparent Injury,"N/A, VISION OBSTRUCTION (INCL. BLINDED BY SUN)",NOT DISTRACTED,MD,PASSENGER CAR,MOVING CONSTANT SPEED,25,No,2008,HONDA,ACCORD,39.08097333,-77.09690833,2022,12,10
220055102,Property Damage Crash,12/13/2022 10:21:00 AM,NEW HAMPSHIRE AVE,NA,SAME DIRECTION SIDESWIPE,Clear,DRY,Daylight,TRAFFIC SIGNAL,NONE DETECTED,Yes,No Apparent Injury,N/A,UNKNOWN,MD,PICKUP TRUCK,ACCELERATING,40,No,2016,FORD,TK,39.011858,-76.97864233,2022,12,10
220055101,Injury Crash,12/13/2022 10:21:00 AM,OLD GEORGETOWN RD,NA,STRAIGHT MOVEMENT ANGLE,Clear,DRY,Daylight,TRAFFIC SIGNAL,NONE DETECTED,Yes,Possible Minor Injury,N/A,NOT DISTRACTED,MD,PASSENGER CAR,MAKING LEFT TURN,35,No,2023,MINI,COOPER,39.00010233,-77.10976817,2022,12,10
220055101,Injury Crash,12/13/2022 10:21:00 AM,OLD GEORGETOWN RD,NA,STRAIGHT MOVEMENT ANGLE,Clear,DRY,Daylight,TRAFFIC SIGNAL,NONE DETECTED,Yes,No Apparent Injury,N/A,NOT DISTRACTED,MD,(SPORT) UTILITY VEHICLE,MOVING CONSTANT SPEED,35,No,2009,TOYOTA,HIGHLANDER,39.00010233,-77.10976817,2022,12,10
220055102,Property Damage Crash,12/13/2022 10:21:00 AM,NEW HAMPSHIRE AVE,NA,SAME DIRECTION SIDESWIPE,Clear,DRY,Daylight,TRAFFIC SIGNAL,NONE DETECTED,No,No Apparent Injury,N/A,NOT DISTRACTED,MD,POLICE VEHICLE/EMERGENCY,ACCELERATING,40,No,2016,MERZ,UT,39.011858,-76.97864233,2022,12,10
220055093,Property Damage Crash,12/13/2022 10:00:00 AM,OMEGA DR,NA,SAME DIRECTION SIDESWIPE,Clear,DRY,Daylight,TRAFFIC SIGNAL,NONE DETECTED,Yes,No Apparent Injury,N/A,NOT DISTRACTED,MD,TRANSIT BUS,MAKING RIGHT TURN,35,No,2014,GILL,BU,39.1069955,-77.19503633,2022,12,10
220055098,Property Damage Crash,12/13/2022 10:00:00 AM,JEFFERSON PLAZA,NA,SINGLE VEHICLE,Clear,DRY,Daylight,NO CONTROLS,NONE DETECTED,Yes,No Apparent Injury,N/A,NOT DISTRACTED,MD,PASSENGER CAR,STARTING FROM PARKED,10,No,2019,DODGE,CHARGER,39.08072882,-77.14616124,2022,12,10
220055089,Property Damage Crash,12/13/2022 09:30:00 AM,S FREDERICK RD,NA,STRAIGHT MOVEMENT ANGLE,Clear,DRY,Daylight,TRAFFIC SIGNAL,NONE DETECTED,No,No Apparent Injury,N/A,NOT DISTRACTED,MD,TRANSIT BUS,ACCELERATING,35,No,2017,GILG,BU,39.13218071,-77.18894769,2022,12,9
220055089,Property Damage Crash,12/13/2022 09:30:00 AM,S FREDERICK RD,NA,STRAIGHT MOVEMENT ANGLE,Clear,DRY,Daylight,TRAFFIC SIGNAL,NONE DETECTED,Yes,No Apparent Injury,N/A,NOT DISTRACTED,MD,PASSENGER CAR,MAKING LEFT TURN,35,No,2022,HOND,CRV,39.13218071,-77.18894769,2022,12,9
220055090,Property Damage Crash,12/13/2022 09:00:00 AM,SEVEN LOCKS RD,NA,SAME DIR REAR END,Clear,DRY,Daylight,TRAFFIC SIGNAL,NONE DETECTED,Yes,No Apparent Injury,N/A,NOT DISTRACTED,MD,PASSENGER CAR,MOVING CONSTANT SPEED,35,No,2016,NISSAN,FRONTIER,39.0135125,-77.16031133,2022,12,9
220055090,Property Damage Crash,12/13/2022 09:00:00 AM,SEVEN LOCKS RD,NA,SAME DIR REAR END,Clear,DRY,Daylight,TRAFFIC SIGNAL,NONE DETECTED,No,No Apparent Injury,N/A,NOT DISTRACTED,MD,PASSENGER CAR,STOPPED IN TRAFFIC LANE,35,No,2021,DODGE,RAM,39.0135125,-77.16031133,2022,12,9
220055078,Injury Crash,12/13/2022 08:35:00 AM,NORBECK RD,NA,SAME DIR REAR END,Clear,DRY,Daylight,N/A,NONE DETECTED,No,No Apparent Injury,N/A,NOT DISTRACTED,MD,"CARGO VAN/LIGHT TRUCK 2 AXLES (OVER 10,000LBS (4,536 KG))",SLOWING OR STOPPING,45,No,2018,DODGE,RAM TK,39.0939642,-77.11923065,2022,12,8
220056556,Property Damage Crash,12/13/2022 08:35:00 AM,NA,NA,OTHER,Cloudy,NA,Daylight,N/A,NONE DETECTED,Yes,No Apparent Injury,N/A,UNKNOWN,NA,PASSENGER CAR,BACKING,10,No,2007,HONDA,2S,38.96546167,-77.10389667,2022,12,8
220055078,Injury Crash,12/13/2022 08:35:00 AM,NORBECK RD,NA,SAME DIR REAR END,Clear,DRY,Daylight,N/A,NONE DETECTED,Yes,Possible Minor Injury,N/A,UNKNOWN,MD,(SPORT) UTILITY VEHICLE,UNKNOWN,45,No,2011,FORD,EDGE,39.0939642,-77.11923065,2022,12,8
220055075,Injury Crash,12/13/2022 08:21:00 AM,S FREDERICK RD,NA,SAME DIRECTION RIGHT TURN,Clear,DRY,Daylight,NO CONTROLS,NONE DETECTED,Yes,Possible Minor Injury,N/A,NOT DISTRACTED,MD,PASSENGER CAR,MOVING CONSTANT SPEED,35,No,2007,TOYOTA,PRIUS,39.13621833,-77.1921153,2022,12,8
220055075,Injury Crash,12/13/2022 08:21:00 AM,S FREDERICK RD,NA,SAME DIRECTION RIGHT TURN,Clear,DRY,Daylight,NO CONTROLS,NONE DETECTED,No,No Apparent Injury,N/A,NOT DISTRACTED,MD,"MEDIUM/HEAVY TRUCKS 3 AXLES (OVER 10,000LBS (4,536KG))",MAKING RIGHT TURN,35,No,2016,WESTERN STAR,DUMP TRUCK,39.13621833,-77.1921153,2022,12,8
220055060,Property Damage Crash,12/13/2022 05:25:00 AM,WEST WATKINS MILL ROAD,NA,SAME DIRECTION LEFT TURN,Clear,DRY,Medium,TRAFFIC SIGNAL,NONE DETECTED,Yes,No Apparent Injury,N/A,LOOKED BUT DID NOT SEE,MD,PASSENGER CAR,CHANGING LANES,35,No,2011,HONDA,ACCORD,39.15655378,-77.22497265,2022,12,5
220055060,Property Damage Crash,12/13/2022 05:25:00 AM,WEST WATKINS MILL ROAD,NA,SAME DIRECTION LEFT TURN,Clear,DRY,Medium,TRAFFIC SIGNAL,NONE DETECTED,No,No Apparent Injury,N/A,NOT DISTRACTED,MD,PASSENGER CAR,MOVING CONSTANT SPEED,35,No,2022,FORD,SUV,39.15655378,-77.22497265,2022,12,5
220055050,Property Damage Crash,12/12/2022 11:19:00 PM,KEMP MILL RD,NA,HEAD ON,Clear,DRY,Dark,NO CONTROLS,NONE DETECTED,No,No Apparent Injury,N/A,NOT DISTRACTED,MD,PASSENGER CAR,MOVING CONSTANT SPEED,30,No,2003,TOYOTA,CAMRY,39.049665,-77.02493833,2022,12,23
220055050,Property Damage Crash,12/12/2022 11:19:00 PM,KEMP MILL RD,NA,HEAD ON,Clear,DRY,Dark,NO CONTROLS,NONE DETECTED,Yes,No Apparent Injury,N/A,INATTENTIVE OR LOST IN THOUGHT,MD,PASSENGER CAR,MOVING CONSTANT SPEED,30,No,2006,ACURA,4S,39.049665,-77.02493833,2022,12,23
220055050,Property Damage Crash,12/12/2022 11:19:00 PM,KEMP MILL RD,NA,HEAD ON,Clear,DRY,Dark,NO CONTROLS,NONE DETECTED,No,No Apparent Injury,N/A,NOT DISTRACTED,MD,PASSENGER CAR,MOVING CONSTANT SPEED,30,No,2014,HYUNDAI,VELOSTER,39.049665,-77.02493833,2022,12,23
220055051,Property Damage Crash,12/12/2022 10:49:00 PM,NA,NA,OTHER,Clear,NA,Medium,NO CONTROLS,NONE DETECTED,Yes,No Apparent Injury,N/A,UNKNOWN,XX,VAN,STARTING FROM PARKED,15,No,2010,DODGE,CARAVAN,39.09078955,-77.06824913,2022,12,22
220055051,Property Damage Crash,12/12/2022 10:49:00 PM,NA,NA,OTHER,Clear,NA,Medium,NO CONTROLS,NONE DETECTED,No,No Apparent Injury,N/A,NOT DISTRACTED,MD,"OTHER LIGHT TRUCKS (10,000LBS (4,536KG) OR LESS)",PARKED,15,No,2021,FORD,SV,39.09078955,-77.06824913,2022,12,22
220055035,Injury Crash,12/12/2022 09:01:00 PM,MONTGOMERY VILLAGE AVE,NA,STRAIGHT MOVEMENT ANGLE,Clear,DRY,Medium,TRAFFIC SIGNAL,NONE DETECTED,No,Possible Minor Injury,N/A,NOT DISTRACTED,MD,PASSENGER CAR,ACCELERATING,35,No,2015,CHEVY,CAMARO,39.17269833,-77.20339,2022,12,21
220055035,Injury Crash,12/12/2022 09:01:00 PM,MONTGOMERY VILLAGE AVE,NA,STRAIGHT MOVEMENT ANGLE,Clear,DRY,Medium,TRAFFIC SIGNAL,NONE DETECTED,Yes,No Apparent Injury,N/A,UNKNOWN,MD,PASSENGER CAR,MOVING CONSTANT SPEED,35,No,2021,TOYOTA,CAMRY,39.17269833,-77.20339,2022,12,21
220055025,Injury Crash,12/12/2022 07:46:00 PM,LOST KNIFE RD,NA,HEAD ON LEFT TURN,Clear,N/A,Medium,TRAFFIC SIGNAL,NONE DETECTED,Yes,No Apparent Injury,N/A,LOOKED BUT DID NOT SEE,MD,POLICE VEHICLE/NON EMERGENCY,MAKING LEFT TURN,35,No,2009,MITS,LANCER,39.15485833,-77.20086833,2022,12,19
220055025,Injury Crash,12/12/2022 07:46:00 PM,LOST KNIFE RD,NA,HEAD ON LEFT TURN,Clear,N/A,Medium,TRAFFIC SIGNAL,NONE DETECTED,No,No Apparent Injury,N/A,NOT DISTRACTED,MD,POLICE VEHICLE/EMERGENCY,MOVING CONSTANT SPEED,35,No,2019,DODGE,CHARGER,39.15485833,-77.20086833,2022,12,19
220055023,Property Damage Crash,12/12/2022 07:30:00 PM,ROCKVILLE PIKE,NA,SAME DIRECTION SIDESWIPE,Clear,DRY,Medium,NO CONTROLS,NONE DETECTED,No,No Apparent Injury,N/A,NOT DISTRACTED,MD,TRANSIT BUS,MOVING CONSTANT SPEED,40,No,2017,GILG,BU,39.07320633,-77.13437698,2022,12,19
220055023,Property Damage Crash,12/12/2022 07:30:00 PM,ROCKVILLE PIKE,NA,SAME DIRECTION SIDESWIPE,Clear,DRY,Medium,NO CONTROLS,NONE DETECTED,Yes,No Apparent Injury,N/A,NOT DISTRACTED,MD,CROSS COUNTRY BUS,PASSING,40,No,2013,TBU,BUS,39.07320633,-77.13437698,2022,12,19
220055037,Property Damage Crash,12/12/2022 07:15:00 PM,RANDOLPH RD,NA,OTHER,Clear,DRY,Dark,TRAFFIC SIGNAL,NONE DETECTED,Yes,No Apparent Injury,N/A,UNKNOWN,NA,PASSENGER CAR,CHANGING LANES,40,No,2008,TOYOTA,4S,39.07566132,-77.00185623,2022,12,19
220055037,Property Damage Crash,12/12/2022 07:15:00 PM,RANDOLPH RD,NA,OTHER,Clear,DRY,Dark,TRAFFIC SIGNAL,NONE DETECTED,Unknown,No Apparent Injury,N/A,UNKNOWN,MD,PASSENGER CAR,MOVING CONSTANT SPEED,40,No,2020,JEEP,WRANGLER,39.07566132,-77.00185623,2022,12,19
220055018,Property Damage Crash,12/12/2022 07:00:00 PM,GEORGIA AVE,NA,HEAD ON,Clear,DRY,Medium,TRAFFIC SIGNAL,NONE DETECTED,Yes,No Apparent Injury,N/A,NOT DISTRACTED,MD,PASSENGER CAR,MOVING CONSTANT SPEED,30,No,2007,MERCURY,MARINER,39.05801967,-77.04797,2022,12,19
220055018,Property Damage Crash,12/12/2022 07:00:00 PM,GEORGIA AVE,NA,HEAD ON,Clear,DRY,Medium,TRAFFIC SIGNAL,NONE DETECTED,No,No Apparent Injury,N/A,NOT DISTRACTED,MD,VAN,MOVING CONSTANT SPEED,30,No,2005,CHEVROLET,EXPRESS,39.05801967,-77.04797,2022,12,19
220055010,Property Damage Crash,12/12/2022 06:15:00 PM,FITZGERALD DR,NA,SINGLE VEHICLE,Clear,DRY,Medium,N/A,ALCOHOL PRESENT,Yes,No Apparent Injury,N/A,NOT DISTRACTED,MD,PASSENGER CAR,BACKING,25,No,2012,FORD,FOCUS,39.22603,-77.12060333,2022,12,18
220055009,Property Damage Crash,12/12/2022 06:00:00 PM,TWINBROOK PKWY,NA,SAME DIRECTION SIDESWIPE,Clear,DRY,Medium,TRAFFIC SIGNAL,NONE DETECTED,Yes,No Apparent Injury,N/A,UNKNOWN,MD,PASSENGER CAR,CHANGING LANES,35,No,2003,INFINITI,I35,39.06154817,-77.11637416,2022,12,18
220055009,Property Damage Crash,12/12/2022 06:00:00 PM,TWINBROOK PKWY,NA,SAME DIRECTION SIDESWIPE,Clear,DRY,Medium,TRAFFIC SIGNAL,NONE DETECTED,No,No Apparent Injury,N/A,NOT DISTRACTED,MD,"CARGO VAN/LIGHT TRUCK 2 AXLES (OVER 10,000LBS (4,536 KG))",MOVING CONSTANT SPEED,35,No,2021,FREIGHTLINER,MT 45G,39.06154817,-77.11637416,2022,12,18
220055013,Property Damage Crash,12/12/2022 05:40:00 PM,NEW HAMPSHIRE AVE,NA,SAME DIRECTION SIDESWIPE,Clear,DRY,Medium,TRAFFIC SIGNAL,NONE DETECTED,Yes,No Apparent Injury,N/A,UNKNOWN,NA,VAN,MOVING CONSTANT SPEED,40,No,2010,CHEVROLET,EXPRESS 2500,39.01723665,-76.97730811,2022,12,17
220055013,Property Damage Crash,12/12/2022 05:40:00 PM,NEW HAMPSHIRE AVE,NA,SAME DIRECTION SIDESWIPE,Clear,DRY,Medium,TRAFFIC SIGNAL,NONE DETECTED,No,No Apparent Injury,N/A,NOT DISTRACTED,MD,PASSENGER CAR,MOVING CONSTANT SPEED,40,No,2014,ACURA,4S,39.01723665,-76.97730811,2022,12,17
220054999,Injury Crash,12/12/2022 05:37:00 PM,NEW HAMPSHIRE AVE,NA,SAME DIR REAR END,Clear,DRY,Medium,NO CONTROLS,NONE DETECTED,Yes,Suspected Serious Injury,N/A,NOT DISTRACTED,MD,PASSENGER CAR,MOVING CONSTANT SPEED,30,No,2012,KIA,OPTIMA,39.00997333,-76.97932333,2022,12,17
220054999,Injury Crash,12/12/2022 05:37:00 PM,NEW HAMPSHIRE AVE,NA,SAME DIR REAR END,Clear,DRY,Medium,NO CONTROLS,NONE DETECTED,No,No Apparent Injury,N/A,NOT DISTRACTED,DC,PASSENGER CAR,MOVING CONSTANT SPEED,30,No,2013,TOYOTA,RAV4,39.00997333,-76.97932333,2022,12,17
220054999,Injury Crash,12/12/2022 05:37:00 PM,NEW HAMPSHIRE AVE,NA,SAME DIR REAR END,Clear,DRY,Medium,NO CONTROLS,NONE DETECTED,No,No Apparent Injury,N/A,NOT DISTRACTED,DC,PASSENGER CAR,MOVING CONSTANT SPEED,30,No,2002,CHEVY,SUBURBAN,39.00997333,-76.97932333,2022,12,17
220054999,Injury Crash,12/12/2022 05:37:00 PM,NEW HAMPSHIRE AVE,NA,SAME DIR REAR END,Clear,DRY,Medium,NO CONTROLS,NONE DETECTED,No,No Apparent Injury,N/A,NOT DISTRACTED,MD,PASSENGER CAR,MOVING CONSTANT SPEED,30,No,2001,TOYOTA,COROLLA,39.00997333,-76.97932333,2022,12,17
220054984,Injury Crash,12/12/2022 04:44:00 PM,ROCKVILLE PIKE,NA,STRAIGHT MOVEMENT ANGLE,Cloudy,DRY,Daylight,NO CONTROLS,NONE DETECTED,Yes,No Apparent Injury,N/A,LOOKED BUT DID NOT SEE,MD,PASSENGER CAR,MOVING CONSTANT SPEED,40,No,2008,BMW,328,39.07636741,-77.13842497,2022,12,16
220054984,Injury Crash,12/12/2022 04:44:00 PM,ROCKVILLE PIKE,NA,STRAIGHT MOVEMENT ANGLE,Cloudy,DRY,Daylight,NO CONTROLS,NONE DETECTED,No,Possible Minor Injury,N/A,NOT DISTRACTED,MD,PASSENGER CAR,MOVING CONSTANT SPEED,40,No,2022,INFINITI,Q60,39.07636741,-77.13842497,2022,12,16
220045986,Property Damage Crash,12/12/2022 04:43:00 PM,ROCKVILLE PIKE,NA,SAME DIRECTION RIGHT TURN,Clear,DRY,Medium,N/A,NONE DETECTED,No,No Apparent Injury,N/A,NOT DISTRACTED,WV,FIRE VEHICLE/EMERGENCY,SLOWING OR STOPPING,40,No,2020,SPTN,FT - RS703,39.07668983,-77.13865433,2022,12,16
220045986,Property Damage Crash,12/12/2022 04:43:00 PM,ROCKVILLE PIKE,NA,SAME DIRECTION RIGHT TURN,Clear,DRY,Medium,N/A,NONE DETECTED,Yes,No Apparent Injury,N/A,UNKNOWN,NA,"OTHER LIGHT TRUCKS (10,000LBS (4,536KG) OR LESS)",CHANGING LANES,40,No,0,FORD,F150,39.07668983,-77.13865433,2022,12,16