Local Case Number,ACRS Report Type,Crash Date/Time,Road Name,Related Non-Motorist,Collision Type,Weather,Surface Condition,Light,Traffic Control,Driver Substance Abuse,Driver At Fault,Injury Severity,Circumstance,Driver Distracted By,Drivers License State,Vehicle Body Type,Vehicle Movement,Speed Limit,Driverless Vehicle,Vehicle Year,Vehicle Make,Vehicle Model,Latitude,Longitude,Year,Month,Hour
220054981,Property Damage Crash,12/12/2022 04:33:00 PM,RIDGE RD,NA,SINGLE VEHICLE,Clear,DRY,Daylight,NO CONTROLS,NONE DETECTED,Unknown,No Apparent Injury,N/A,UNKNOWN,NA,NA,UNKNOWN,40,No,0,UNKNOWN,UNKNOWN,39.30939467,-77.19776433,2022,12,16
220054990,Property Damage Crash,12/12/2022 04:11:00 PM,PARKER AVE,NA,SINGLE VEHICLE,Clear,DRY,Daylight,NO CONTROLS,NONE DETECTED,Yes,No Apparent Injury,N/A,OTHER DISTRACTION,MD,PASSENGER CAR,MOVING CONSTANT SPEED,25,No,2011,BMW,340I,39.04902883,-77.05952167,2022,12,16
220055228,Injury Crash,12/12/2022 03:10:00 PM,NA,PEDESTRIAN,SINGLE VEHICLE,Clear,NA,Daylight,NO CONTROLS,NONE DETECTED,Unknown,Possible Minor Injury,N/A,UNKNOWN,MD,PASSENGER CAR,PARKING,15,No,2017,VOLKS,GOLF,39.15647387,-77.21351338,2022,12,15
220054961,Injury Crash,12/12/2022 03:02:00 PM,NA,NA,SINGLE VEHICLE,Clear,NA,Daylight,NO CONTROLS,NONE DETECTED,Yes,Possible Minor Injury,N/A,UNKNOWN,MD,(SPORT) UTILITY VEHICLE,BACKING,5,No,2014,HYUNDAI,TUCSON,39.11387965,-76.91532631,2022,12,15
220054949,Property Damage Crash,12/12/2022 02:01:00 PM,OLD COLUMBIA PIKE,NA,STRAIGHT MOVEMENT ANGLE,Clear,DRY,Daylight,STOP SIGN,NONE DETECTED,Yes,No Apparent Injury,N/A,NOT DISTRACTED,MD,PASSENGER CAR,MOVING CONSTANT SPEED,25,No,2019,BMW,530I,39.0680255,-76.96235083,2022,12,14
220054949,Property Damage Crash,12/12/2022 02:01:00 PM,OLD COLUMBIA PIKE,NA,STRAIGHT MOVEMENT ANGLE,Clear,DRY,Daylight,STOP SIGN,NONE DETECTED,No,No Apparent Injury,N/A,NOT DISTRACTED,MD,VAN,MOVING CONSTANT SPEED,25,No,2018,TOYOTA,SIENNA,39.0680255,-76.96235083,2022,12,14
220054948,Property Damage Crash,12/12/2022 01:38:00 PM,GEORGIA AVE,NA,SAME DIRECTION SIDESWIPE,Clear,DRY,Daylight,TRAFFIC SIGNAL,NONE DETECTED,No,No Apparent Injury,N/A,NOT DISTRACTED,MD,PASSENGER CAR,STARTING FROM LANE,25,No,2012,FORD,TOW TRUCK,39.03831667,-77.05129667,2022,12,13
220054948,Property Damage Crash,12/12/2022 01:38:00 PM,GEORGIA AVE,NA,SAME DIRECTION SIDESWIPE,Clear,DRY,Daylight,TRAFFIC SIGNAL,NONE DETECTED,Yes,No Apparent Injury,N/A,NOT DISTRACTED,MD,PASSENGER CAR,CHANGING LANES,25,No,2021,TOYOTA,CAMRY,39.03831667,-77.05129667,2022,12,13
220054942,Property Damage Crash,12/12/2022 01:31:00 PM,NEW HAMPSHIRE AVE,NA,STRAIGHT MOVEMENT ANGLE,Cloudy,DRY,Daylight,TRAFFIC SIGNAL,NONE DETECTED,Unknown,No Apparent Injury,N/A,LOOKED BUT DID NOT SEE,MD,PASSENGER CAR,MOVING CONSTANT SPEED,25,No,2016,TOYT,SIENN,39.01532686,-76.97795864,2022,12,13
220054942,Property Damage Crash,12/12/2022 01:31:00 PM,NEW HAMPSHIRE AVE,NA,STRAIGHT MOVEMENT ANGLE,Cloudy,DRY,Daylight,TRAFFIC SIGNAL,NONE DETECTED,Unknown,No Apparent Injury,N/A,NOT DISTRACTED,MD,"OTHER LIGHT TRUCKS (10,000LBS (4,536KG) OR LESS)",ACCELERATING,35,No,2019,FORD,TRANSIT,39.01532686,-76.97795864,2022,12,13
220054929,Injury Crash,12/12/2022 01:10:00 PM,UNIVERSITY BLVD E,NA,SAME DIR REAR END,Clear,DRY,Daylight,TRAFFIC SIGNAL,NONE DETECTED,Yes,No Apparent Injury,N/A,UNKNOWN,MD,(SPORT) UTILITY VEHICLE,SLOWING OR STOPPING,35,No,2022,TOYOTA,HIGHLANDER,39.0119791,-77.00242217,2022,12,13
220054929,Injury Crash,12/12/2022 01:10:00 PM,UNIVERSITY BLVD E,NA,SAME DIR REAR END,Clear,DRY,Daylight,TRAFFIC SIGNAL,NONE DETECTED,No,Possible Minor Injury,N/A,NOT DISTRACTED,MD,(SPORT) UTILITY VEHICLE,SLOWING OR STOPPING,35,No,2021,TOYOTA,RAV4,39.0119791,-77.00242217,2022,12,13
220054933,Injury Crash,12/12/2022 01:00:00 PM,NEW HAMPSHIRE AVE,NA,SINGLE VEHICLE,Clear,DRY,Daylight,NO CONTROLS,NONE DETECTED,Yes,Possible Minor Injury,N/A,NOT DISTRACTED,FL,"MEDIUM/HEAVY TRUCKS 3 AXLES (OVER 10,000LBS (4,536KG))",MOVING CONSTANT SPEED,40,No,2006,PTRB,TRUCK,39.08881333,-76.99946483,2022,12,13
220054919,Property Damage Crash,12/12/2022 12:10:00 PM,THAYER AVE,NA,SAME DIRECTION LEFT TURN,Cloudy,DRY,Daylight,NO CONTROLS,NONE DETECTED,Yes,No Apparent Injury,N/A,LOOKED BUT DID NOT SEE,DC,PASSENGER CAR,STARTING FROM PARKED,20,No,2020,KIA,NIRO,38.99300119,-77.02515818,2022,12,12
220054919,Property Damage Crash,12/12/2022 12:10:00 PM,THAYER AVE,NA,SAME DIRECTION LEFT TURN,Cloudy,DRY,Daylight,NO CONTROLS,NONE DETECTED,No,No Apparent Injury,N/A,NOT DISTRACTED,VA,PASSENGER CAR,MOVING CONSTANT SPEED,15,No,2008,TOYOTA,PRIUS,38.99300119,-77.02515818,2022,12,12
22002157,Property Damage Crash,12/12/2022 09:18:00 AM,EAST WEST HWY,NA,OTHER,Clear,DRY,Daylight,TRAFFIC SIGNAL,NONE DETECTED,Yes,No Apparent Injury,N/A,UNKNOWN,NA,NA,ACCELERATING,25,No,0,UNKNOWN,UNKNOWN,38.99313517,-77.03217717,2022,12,9
22002157,Property Damage Crash,12/12/2022 09:18:00 AM,EAST WEST HWY,NA,OTHER,Clear,DRY,Daylight,TRAFFIC SIGNAL,NONE DETECTED,No,No Apparent Injury,N/A,NOT DISTRACTED,MD,TRUCK TRACTOR,MAKING LEFT TURN,25,No,2018,FRHT,TK,38.99313517,-77.03217717,2022,12,9
220054883,Property Damage Crash,12/12/2022 09:17:00 AM,BUCKINGHAM DR,NA,OTHER,Cloudy,DRY,Daylight,N/A,NONE DETECTED,Yes,No Apparent Injury,N/A,NOT DISTRACTED,MD,SCHOOL BUS,MAKING RIGHT TURN,25,No,2014,THOMAS,BUS,39.00688167,-76.99593167,2022,12,9
220054969,Property Damage Crash,12/12/2022 09:00:00 AM,GREAT SENECA HWY,NA,SAME DIR REAR END,Clear,UNKNOWN,Daylight,N/A,NONE DETECTED,Unknown,No Apparent Injury,N/A,UNKNOWN,MD,PICKUP TRUCK,STOPPED IN TRAFFIC LANE,55,No,2012,FORD,TK,39.13325635,-77.24475791,2022,12,9
220054969,Property Damage Crash,12/12/2022 09:00:00 AM,GREAT SENECA HWY,NA,SAME DIR REAR END,Clear,UNKNOWN,Daylight,N/A,NONE DETECTED,Yes,No Apparent Injury,N/A,UNKNOWN,PA,PASSENGER CAR,MOVING CONSTANT SPEED,55,No,2018,AUDI,Q5,39.13325635,-77.24475791,2022,12,9
220054870,Property Damage Crash,12/12/2022 07:52:00 AM,DARNESTOWN RD,NA,SAME DIR REAR END,Cloudy,WET,Medium,NO CONTROLS,NONE DETECTED,Yes,No Apparent Injury,N/A,BY OTHER OCCUPANTS,MD,PASSENGER CAR,MOVING CONSTANT SPEED,40,No,2020,SUBARU,UT,39.113705,-77.271960000000007,2022,12,7
220054870,Property Damage Crash,12/12/2022 07:52:00 AM,DARNESTOWN RD,NA,SAME DIR REAR END,Cloudy,WET,Medium,NO CONTROLS,NONE DETECTED,No,No Apparent Injury,N/A,NOT DISTRACTED,MD,PASSENGER CAR,PARKED,40,No,2017,FORD,4S,39.113705,-77.271960000000007,2022,12,7
220054874,Property Damage Crash,12/12/2022 07:17:00 AM,NA,NA,SAME DIR REAR END,Clear,NA,Daylight,NO CONTROLS,NONE DETECTED,No,No Apparent Injury,N/A,NOT DISTRACTED,MD,PASSENGER CAR,OTHER,15,No,2020,HONDA,PILOT,39.09780039,-77.13591933,2022,12,7
220054874,Property Damage Crash,12/12/2022 07:17:00 AM,NA,NA,SAME DIR REAR END,Clear,NA,Daylight,NO CONTROLS,NONE DETECTED,Yes,No Apparent Injury,N/A,NOT DISTRACTED,MD,PASSENGER CAR,OTHER,15,No,2014,CHEVY,SD,39.09780039,-77.13591933,2022,12,7
220054866,Property Damage Crash,12/12/2022 06:24:00 AM,GEORGIA AVE,NA,STRAIGHT MOVEMENT ANGLE,Clear,DRY,Dark,STOP SIGN,NONE DETECTED,Yes,No Apparent Injury,N/A,NOT DISTRACTED,MD,PASSENGER CAR,MAKING LEFT TURN,40,No,2012,TOYTA,SIENNA,39.16518167,-77.06059667,2022,12,6
220054866,Property Damage Crash,12/12/2022 06:24:00 AM,GEORGIA AVE,NA,STRAIGHT MOVEMENT ANGLE,Clear,DRY,Dark,STOP SIGN,NONE DETECTED,No,No Apparent Injury,N/A,NOT DISTRACTED,MD,PASSENGER CAR,MOVING CONSTANT SPEED,40,No,1997,FORD,EXPEDITION,39.16518167,-77.06059667,2022,12,6
220054861,Property Damage Crash,12/12/2022 03:04:00 AM,NA,NA,N/A,Clear,NA,Medium,N/A,NONE DETECTED,Yes,No Apparent Injury,N/A,UNKNOWN,MD,POLICE VEHICLE/NON EMERGENCY,BACKING,15,No,2017,FORD,TAURUS,39.07904973,-77.06243659,2022,12,3
220054856,Injury Crash,12/12/2022 01:19:00 AM,SHADY GROVE RD,NA,STRAIGHT MOVEMENT ANGLE,Clear,DRY,Medium,FLASHING TRAFFIC SIGNAL,NONE DETECTED,Yes,Possible Minor Injury,N/A,UNKNOWN,MD,(SPORT) UTILITY VEHICLE,STARTING FROM LANE,40,No,2016,DODGE,JOURNEY,39.10076,-77.19177667,2022,12,1
220054856,Injury Crash,12/12/2022 01:19:00 AM,SHADY GROVE RD,NA,STRAIGHT MOVEMENT ANGLE,Clear,DRY,Medium,FLASHING TRAFFIC SIGNAL,NONE DETECTED,No,No Apparent Injury,N/A,NOT DISTRACTED,MD,PASSENGER CAR,MOVING CONSTANT SPEED,40,No,2010,TOYT,4H,39.10076,-77.19177667,2022,12,1
220054832,Injury Crash,12/11/2022 07:31:00 PM,HUGHES RD,NA,SINGLE VEHICLE,Clear,DRY,Dark,N/A,NONE DETECTED,Yes,Possible Minor Injury,N/A,UNKNOWN,MD,(SPORT) UTILITY VEHICLE,MOVING CONSTANT SPEED,30,No,2011,TOYOTA,4RUNNER,39.110015,-77.402845,2022,12,19
220054836,Property Damage Crash,12/11/2022 07:20:00 PM,COLUMBIA PIKE,NA,SAME DIRECTION LEFT TURN,Cloudy,DRY,Medium,NO CONTROLS,NONE DETECTED,No,No Apparent Injury,"BACKUP DUE TO PRIOR CRASH, N/A",NOT DISTRACTED,MD,PASSENGER CAR,MOVING CONSTANT SPEED,40,No,2013,TOYT,TK,39.0323306,-77.00361768,2022,12,19
220054836,Property Damage Crash,12/11/2022 07:20:00 PM,COLUMBIA PIKE,NA,SAME DIRECTION LEFT TURN,Cloudy,DRY,Medium,NO CONTROLS,NONE DETECTED,Yes,No Apparent Injury,"BACKUP DUE TO PRIOR CRASH, N/A",LOOKED BUT DID NOT SEE,MD,PASSENGER CAR,CHANGING LANES,40,No,2016,MERCEDEZ-BENZ,GLA,39.0323306,-77.00361768,2022,12,19
220054821,Property Damage Crash,12/11/2022 06:46:00 PM,ANSTED RD,NA,OTHER,Clear,DRY,Medium,NO CONTROLS,NONE DETECTED,Yes,No Apparent Injury,N/A,LOOKED BUT DID NOT SEE,MD,AMBULANCE/NON EMERGENCY,BACKING,25,No,2016,FRHT,AM,39.0906645,-76.97416167,2022,12,18
220054817,Injury Crash,12/11/2022 06:40:00 PM,COLUMBIA PIKE,NA,HEAD ON LEFT TURN,Clear,DRY,Medium,TRAFFIC SIGNAL,NONE DETECTED,Unknown,No Apparent Injury,N/A,NOT DISTRACTED,MD,PASSENGER CAR,MAKING LEFT TURN,30,No,2012,TOYOTA,PRIUS,39.03143333,-77.00448,2022,12,18
220054817,Injury Crash,12/11/2022 06:40:00 PM,COLUMBIA PIKE,NA,HEAD ON LEFT TURN,Clear,DRY,Medium,TRAFFIC SIGNAL,NONE DETECTED,Unknown,Possible Minor Injury,N/A,NOT DISTRACTED,VA,PASSENGER CAR,MOVING CONSTANT SPEED,30,No,2003,MITS,MONTERO,39.03143333,-77.00448,2022,12,18
220054823,Property Damage Crash,12/11/2022 06:20:00 PM,GEORGIA AVE,NA,SAME DIRECTION SIDESWIPE,Clear,DRY,Medium,TRAFFIC SIGNAL,NONE DETECTED,Yes,No Apparent Injury,N/A,LOOKED BUT DID NOT SEE,NA,PASSENGER CAR,ACCELERATING,30,Unknown,2017,TOYTOTA,COROLLA,39.058339,-77.04794083,2022,12,18
220054823,Property Damage Crash,12/11/2022 06:20:00 PM,GEORGIA AVE,NA,SAME DIRECTION SIDESWIPE,Clear,DRY,Medium,TRAFFIC SIGNAL,NONE DETECTED,No,No Apparent Injury,N/A,NOT DISTRACTED,MD,PASSENGER CAR,ACCELERATING,30,No,2011,HONDA,CR-V,39.058339,-77.04794083,2022,12,18
220054810,Injury Crash,12/11/2022 05:15:00 PM,GOSHEN RD,PEDESTRIAN,ANGLE MEETS LEFT HEAD ON,Clear,DRY,Dark,TRAFFIC SIGNAL,NONE DETECTED,No,No Apparent Injury,N/A,NOT DISTRACTED,MD,PASSENGER CAR,MAKING LEFT TURN,35,No,2000,TOYT,4S,39.18785883,-77.186636,2022,12,17
220054806,Injury Crash,12/11/2022 05:00:00 PM,WASHINGTONIAN BLVD,NA,SAME DIRECTION RIGHT TURN,Cloudy,DRY,Medium,STOP SIGN,NONE DETECTED,Yes,No Apparent Injury,N/A,UNKNOWN,MD,PASSENGER CAR,UNKNOWN,35,No,2018,TOYOTA,TACOMA,39.11501357,-77.19790892,2022,12,17
220054806,Injury Crash,12/11/2022 05:00:00 PM,WASHINGTONIAN BLVD,NA,SAME DIRECTION RIGHT TURN,Cloudy,DRY,Medium,STOP SIGN,NONE DETECTED,No,Possible Minor Injury,N/A,NOT DISTRACTED,MD,PASSENGER CAR,STARTING FROM LANE,35,No,2018,HOND,HRV,39.11501357,-77.19790892,2022,12,17
220054887,Property Damage Crash,12/11/2022 04:10:00 PM,EISENHOWER MEMORIAL HWY,NA,SAME DIRECTION SIDESWIPE,Cloudy,DRY,Daylight,NO CONTROLS,NONE DETECTED,No,No Apparent Injury,N/A,NOT DISTRACTED,MD,PASSENGER CAR,MOVING CONSTANT SPEED,55,No,2015,TOYOTA,CAMRY,39.1219565,-77.19859446,2022,12,16
220054887,Property Damage Crash,12/11/2022 04:10:00 PM,EISENHOWER MEMORIAL HWY,NA,SAME DIRECTION SIDESWIPE,Cloudy,DRY,Daylight,NO CONTROLS,NONE DETECTED,Yes,No Apparent Injury,N/A,UNKNOWN,NA,PASSENGER CAR,CHANGING LANES,55,No,0,NISSAN,ALTIMA,39.1219565,-77.19859446,2022,12,16
220054789,Property Damage Crash,12/11/2022 03:32:00 PM,EAST WEST HWY,NA,STRAIGHT MOVEMENT ANGLE,Clear,WET,Daylight,TRAFFIC SIGNAL,NONE DETECTED,No,No Apparent Injury,N/A,NOT DISTRACTED,MD,PASSENGER CAR,MOVING CONSTANT SPEED,35,No,2016,TOYT,COROLLA,38.99533333,-77.04256833,2022,12,15
220054789,Property Damage Crash,12/11/2022 03:32:00 PM,EAST WEST HWY,NA,STRAIGHT MOVEMENT ANGLE,Clear,WET,Daylight,TRAFFIC SIGNAL,NONE DETECTED,Yes,No Apparent Injury,N/A,LOOKED BUT DID NOT SEE,MD,VAN,MAKING U TURN,35,No,2019,TOYT,HIGHLANDER,38.99533333,-77.04256833,2022,12,15
220054788,Property Damage Crash,12/11/2022 03:04:00 PM,QUINCE ORCHARD RD,NA,SINGLE VEHICLE,Cloudy,WET,Daylight,TRAFFIC SIGNAL,NONE DETECTED,Yes,No Apparent Injury,N/A,NOT DISTRACTED,MD,POLICE VEHICLE/EMERGENCY,MOVING CONSTANT SPEED,35,No,2020,FORD,EXPLORER,39.15033858,-77.21447613,2022,12,15
22002154,Property Damage Crash,12/11/2022 02:55:00 PM,DAMASCUS RD,NA,SAME DIR REAR END,Rain,WET,Daylight,STOP SIGN,NONE DETECTED,Unknown,No Apparent Injury,"N/A, WET",UNKNOWN,MD,PASSENGER CAR,ACCELERATING,30,No,2006,HOND,4S,39.22619222,-77.0697444,2022,12,14
22002154,Property Damage Crash,12/11/2022 02:55:00 PM,DAMASCUS RD,NA,SAME DIR REAR END,Rain,WET,Daylight,STOP SIGN,NONE DETECTED,Unknown,No Apparent Injury,"N/A, WET",NOT DISTRACTED,MD,PASSENGER CAR,SLOWING OR STOPPING,30,No,2022,TOYT,UT,39.22619222,-77.0697444,2022,12,14
220054781,Property Damage Crash,12/11/2022 02:10:00 PM,BRENISH DR,NA,ANGLE MEETS LEFT TURN,Cloudy,WET,Daylight,NO CONTROLS,NONE DETECTED,No,No Apparent Injury,"N/A, WET",NOT DISTRACTED,MD,(SPORT) UTILITY VEHICLE,MAKING LEFT TURN,25,No,2022,HOND,CRV,39.17905833,-77.155705,2022,12,14
220054781,Property Damage Crash,12/11/2022 02:10:00 PM,BRENISH DR,NA,ANGLE MEETS LEFT TURN,Cloudy,WET,Daylight,NO CONTROLS,NONE DETECTED,Yes,No Apparent Injury,"N/A, WET",LOOKED BUT DID NOT SEE,MD,PICKUP TRUCK,MOVING CONSTANT SPEED,25,No,2006,HONDA,RIDGELINE,39.17905833,-77.155705,2022,12,14
220054769,Property Damage Crash,12/11/2022 12:15:00 PM,FULHAM ST,NA,OTHER,Rain,WET,Daylight,NO CONTROLS,NONE DETECTED,Yes,No Apparent Injury,"RAIN, SNOW, WET",INATTENTIVE OR LOST IN THOUGHT,MD,"OTHER LIGHT TRUCKS (10,000LBS (4,536KG) OR LESS)",STARTING FROM PARKED,25,No,2022,GMC,SAVANA,39.044045,-77.02578817,2022,12,12
220054761,Property Damage Crash,12/11/2022 11:20:00 AM,RIVER RD,NA,SAME DIR REAR END,Clear,DRY,Daylight,TRAFFIC SIGNAL,NONE DETECTED,No,No Apparent Injury,N/A,NOT DISTRACTED,DC,PASSENGER CAR,SLOWING OR STOPPING,35,No,2014,BMW,SUV,39.04862167,-77.09680167,2022,12,11
220054761,Property Damage Crash,12/11/2022 11:20:00 AM,RIVER RD,NA,SAME DIR REAR END,Clear,DRY,Daylight,TRAFFIC SIGNAL,NONE DETECTED,Yes,No Apparent Injury,N/A,INATTENTIVE OR LOST IN THOUGHT,MD,PASSENGER CAR,MOVING CONSTANT SPEED,35,No,2022,HOND,UT,39.04862167,-77.09680167,2022,12,11
220054761,Property Damage Crash,12/11/2022 11:20:00 AM,RIVER RD,NA,SAME DIR REAR END,Clear,DRY,Daylight,TRAFFIC SIGNAL,NONE DETECTED,No,No Apparent Injury,N/A,NOT DISTRACTED,NJ,PASSENGER CAR,STOPPED IN TRAFFIC LANE,35,No,2019,SUBARU,SW,39.04862167,-77.09680167,2022,12,11
220054737,Property Damage Crash,12/11/2022 06:45:00 AM,NOTLEY RD,NA,SINGLE VEHICLE,Rain,WET,Medium,NO CONTROLS,NONE DETECTED,Yes,No Apparent Injury,"N/A, WET",NOT DISTRACTED,MD,PASSENGER CAR,BACKING,25,No,2010,LEX,SD,39.10007733,-77.0165985,2022,12,6
220054725,Property Damage Crash,12/11/2022 01:47:00 AM,S SUMMIT AVE,NA,SINGLE VEHICLE,Clear,DRY,Medium,NO CONTROLS,ALCOHOL PRESENT,Yes,No Apparent Injury,N/A,NOT DISTRACTED,MD,PASSENGER CAR,MOVING CONSTANT SPEED,25,No,2015,LEXUS,RX350,39.13916099,-77.19380271,2022,12,1
220054712,Property Damage Crash,12/11/2022 12:43:00 AM,FREDERICK RD,NA,SINGLE VEHICLE,Clear,DRY,Dark,NO CONTROLS,ALCOHOL PRESENT,Yes,No Apparent Injury,N/A,OTHER DISTRACTION,XX,PASSENGER CAR,MOVING CONSTANT SPEED,35,No,2008,BMW,4S,39.15784688,-77.21815737,2022,12,0
220054710,Property Damage Crash,12/11/2022 12:23:00 AM,GUNNERFIELD LA,NA,SAME DIR REAR END,Clear,N/A,Medium,N/A,NONE DETECTED,Yes,No Apparent Injury,N/A,UNKNOWN,MD,PASSENGER CAR,UNKNOWN,15,No,2016,HONDA,[4D],39.169906,-77.25436567,2022,12,0
220054713,Injury Crash,12/11/2022 12:21:00 AM,NORWOOD RD,NA,SINGLE VEHICLE,Clear,N/A,Medium,NO CONTROLS,ALCOHOL PRESENT,Yes,Suspected Serious Injury,N/A,UNKNOWN,XX,PASSENGER CAR,MOVING CONSTANT SPEED,40,No,2014,HYUNDAI,TUCSON,39.13217615,-77.03040547,2022,12,0
220054708,Property Damage Crash,12/11/2022 12:20:00 AM,JACKSON AVE,NA,SINGLE VEHICLE,Clear,DRY,Medium,NO CONTROLS,NONE DETECTED,Yes,No Apparent Injury,N/A,UNKNOWN,NA,PASSENGER CAR,LEAVING TRAFFIC LANE,25,No,2021,KIA,K5,38.98288903,-76.99742094,2022,12,0
220054698,Property Damage Crash,12/10/2022 11:08:00 PM,NEW HAMPSHIRE AVE,NA,SAME DIR REAR END,Clear,DRY,Medium,TRAFFIC SIGNAL,NONE DETECTED,No,No Apparent Injury,N/A,NOT DISTRACTED,DC,PASSENGER CAR,SLOWING OR STOPPING,35,No,2021,VOLVO,XC40,38.985695,-76.98837833,2022,12,23
220054698,Property Damage Crash,12/10/2022 11:08:00 PM,NEW HAMPSHIRE AVE,NA,SAME DIR REAR END,Clear,DRY,Medium,TRAFFIC SIGNAL,NONE DETECTED,Yes,No Apparent Injury,N/A,UNKNOWN,NA,PASSENGER CAR,SLOWING OR STOPPING,35,No,2001,HONDA,CIVIC,38.985695,-76.98837833,2022,12,23
220054695,Property Damage Crash,12/10/2022 10:15:00 PM,SCENERY DR,NA,SAME DIRECTION SIDESWIPE,Clear,DRY,Medium,N/A,NONE DETECTED,Yes,No Apparent Injury,N/A,UNKNOWN,MD,PASSENGER CAR,UNKNOWN,30,No,2016,CHEVROLET,TAHOE,39.185995,-77.23246833,2022,12,22
220054692,Property Damage Crash,12/10/2022 09:41:00 PM,NA,NA,OTHER,Clear,NA,Medium,NO CONTROLS,ALCOHOL PRESENT,Yes,No Apparent Injury,N/A,NOT DISTRACTED,MA,PICKUP TRUCK,BACKING,0,No,2012,FORD,F150,38.982061,-77.093428,2022,12,21
220054689,Property Damage Crash,12/10/2022 08:00:00 PM,BRIGHTON DAM RD,NA,SAME DIRECTION SIDESWIPE,Clear,DRY,Dark,NO CONTROLS,NONE DETECTED,No,No Apparent Injury,N/A,NOT DISTRACTED,MD,PASSENGER CAR,STOPPED IN TRAFFIC LANE,30,No,2014,TOYOTA,RAV4,39.19219345,-77.02396936,2022,12,20
220054689,Property Damage Crash,12/10/2022 08:00:00 PM,BRIGHTON DAM RD,NA,SAME DIRECTION SIDESWIPE,Clear,DRY,Dark,NO CONTROLS,NONE DETECTED,Yes,No Apparent Injury,N/A,UNKNOWN,NA,PASSENGER CAR,ACCELERATING,30,No,2018,MAZDA,4H,39.19219345,-77.02396936,2022,12,20
220054679,Injury Crash,12/10/2022 07:50:00 PM,SNOUFFERS SCHOOL RD,NA,HEAD ON LEFT TURN,Clear,N/A,Medium,NO CONTROLS,NONE DETECTED,No,Possible Minor Injury,N/A,NOT DISTRACTED,MD,PASSENGER CAR,MOVING CONSTANT SPEED,35,No,1997,TOYOTA,TACOMA,39.16666,-77.17140167,2022,12,19
220054679,Injury Crash,12/10/2022 07:50:00 PM,SNOUFFERS SCHOOL RD,NA,HEAD ON LEFT TURN,Clear,N/A,Medium,NO CONTROLS,NONE DETECTED,Yes,No Apparent Injury,N/A,LOOKED BUT DID NOT SEE,MD,(SPORT) UTILITY VEHICLE,MAKING LEFT TURN,35,No,2010,CADI,SUV,39.16666,-77.17140167,2022,12,19
220054673,Property Damage Crash,12/10/2022 06:17:00 PM,SLIGO AVE,NA,HEAD ON LEFT TURN,Clear,DRY,Medium,NO CONTROLS,NONE DETECTED,Yes,No Apparent Injury,N/A,LOOKED BUT DID NOT SEE,MD,PASSENGER CAR,MAKING LEFT TURN,35,No,2014,TOYT,COROLLA,38.990275,-77.023685,2022,12,18
220054673,Property Damage Crash,12/10/2022 06:17:00 PM,SLIGO AVE,NA,HEAD ON LEFT TURN,Clear,DRY,Medium,NO CONTROLS,NONE DETECTED,No,No Apparent Injury,N/A,NOT DISTRACTED,MD,PASSENGER CAR,MOVING CONSTANT SPEED,35,No,2004,TOYOTA,PRIUS,38.990275,-77.023685,2022,12,18
220054673,Property Damage Crash,12/10/2022 06:17:00 PM,SLIGO AVE,NA,HEAD ON LEFT TURN,Clear,DRY,Medium,NO CONTROLS,NONE DETECTED,No,No Apparent Injury,N/A,NOT DISTRACTED,MD,PASSENGER CAR,MOVING CONSTANT SPEED,35,No,2022,TOYT,RAV4,38.990275,-77.023685,2022,12,18
220054668,Property Damage Crash,12/10/2022 05:56:00 PM,W DIAMOND AVE,NA,SAME DIR REAR END,Clear,DRY,Medium,NO CONTROLS,NONE DETECTED,Yes,No Apparent Injury,N/A,UNKNOWN,MD,PICKUP TRUCK,MOVING CONSTANT SPEED,35,No,1989,FORD,TK,39.14074472,-77.21435085,2022,12,17
220054668,Property Damage Crash,12/10/2022 05:56:00 PM,W DIAMOND AVE,NA,SAME DIR REAR END,Clear,DRY,Medium,NO CONTROLS,NONE DETECTED,No,No Apparent Injury,N/A,NOT DISTRACTED,MD,PASSENGER CAR,SLOWING OR STOPPING,35,No,2021,TOYOTA,TACOMA,39.14074472,-77.21435085,2022,12,17
220054668,Property Damage Crash,12/10/2022 05:56:00 PM,W DIAMOND AVE,NA,SAME DIR REAR END,Clear,DRY,Medium,NO CONTROLS,NONE DETECTED,No,No Apparent Injury,N/A,NOT DISTRACTED,MD,PASSENGER CAR,SLOWING OR STOPPING,35,No,2008,JEEP,TK,39.14074472,-77.21435085,2022,12,17
220054664,Property Damage Crash,12/10/2022 05:40:00 PM,RANDOLPH RD,NA,ANGLE MEETS RIGHT TURN,Clear,N/A,Medium,TRAFFIC SIGNAL,NONE DETECTED,No,No Apparent Injury,N/A,NOT DISTRACTED,NC,PASSENGER CAR,MOVING CONSTANT SPEED,35,No,2009,FORD,MUSTANG,39.05913833,-77.047455,2022,12,17
220054664,Property Damage Crash,12/10/2022 05:40:00 PM,RANDOLPH RD,NA,ANGLE MEETS RIGHT TURN,Clear,N/A,Medium,TRAFFIC SIGNAL,NONE DETECTED,Yes,No Apparent Injury,N/A,UNKNOWN,MD,PASSENGER CAR,MAKING RIGHT TURN,35,No,2019,TOYT,CHR,39.05913833,-77.047455,2022,12,17
220054661,Property Damage Crash,12/10/2022 05:20:00 PM,CAPITAL BELTWAY,NA,SAME DIR REAR END,Clear,DRY,Medium,NO CONTROLS,NONE DETECTED,Yes,No Apparent Injury,N/A,NOT DISTRACTED,DC,PASSENGER CAR,MOVING CONSTANT SPEED,55,No,2013,TOYOTA,PRIUS,39.01816,-76.99103833,2022,12,17
220054661,Property Damage Crash,12/10/2022 05:20:00 PM,CAPITAL BELTWAY,NA,SAME DIR REAR END,Clear,DRY,Medium,NO CONTROLS,NONE DETECTED,No,No Apparent Injury,N/A,NOT DISTRACTED,MD,PASSENGER CAR,SLOWING OR STOPPING,55,No,2020,MAZD,CX5,39.01816,-76.99103833,2022,12,17
220054662,Property Damage Crash,12/10/2022 05:16:00 PM,MUDDY BRANCH RD,NA,SAME DIR REAR END,Clear,DRY,Medium,N/A,DRUG PRESENT,No,No Apparent Injury,N/A,NOT DISTRACTED,MD,PASSENGER CAR,STOPPED IN TRAFFIC LANE,35,No,2013,TOYOTA,SEDAN,39.137665,-77.20540667,2022,12,17
220054662,Property Damage Crash,12/10/2022 05:16:00 PM,MUDDY BRANCH RD,NA,SAME DIR REAR END,Clear,DRY,Medium,N/A,NONE DETECTED,No,No Apparent Injury,N/A,NOT DISTRACTED,MD,PASSENGER CAR,STOPPED IN TRAFFIC LANE,35,No,2013,CHRYLER,MINIVAN,39.137665,-77.20540667,2022,12,17
220054662,Property Damage Crash,12/10/2022 05:16:00 PM,MUDDY BRANCH RD,NA,SAME DIR REAR END,Clear,DRY,Medium,N/A,NONE DETECTED,No,No Apparent Injury,N/A,NOT DISTRACTED,MD,PASSENGER CAR,STOPPED IN TRAFFIC LANE,35,No,2009,HONDA,SEDAN,39.137665,-77.20540667,2022,12,17
220054662,Property Damage Crash,12/10/2022 05:16:00 PM,MUDDY BRANCH RD,NA,SAME DIR REAR END,Clear,DRY,Medium,N/A,NONE DETECTED,Yes,No Apparent Injury,N/A,UNKNOWN,MD,PASSENGER CAR,SLOWING OR STOPPING,35,No,2006,NISSAN,SUV,39.137665,-77.20540667,2022,12,17