Local Case Number,ACRS Report Type,Crash Date/Time,Road Name,Related Non-Motorist,Collision Type,Weather,Surface Condition,Light,Traffic Control,Driver Substance Abuse,Driver At Fault,Injury Severity,Circumstance,Driver Distracted By,Drivers License State,Vehicle Body Type,Vehicle Movement,Speed Limit,Driverless Vehicle,Vehicle Year,Vehicle Make,Vehicle Model,Latitude,Longitude,Year,Month,Hour
220054649,Property Damage Crash,12/10/2022 03:10:00 PM,NA,NA,SAME DIR REAR END,Cloudy,NA,Daylight,NO CONTROLS,NONE DETECTED,Yes,No Apparent Injury,N/A,LOOKED BUT DID NOT SEE,NA,PASSENGER CAR,PARKED,0,No,2021,FORD,F150,38.98490417,-76.98744983,2022,12,15
220054649,Property Damage Crash,12/10/2022 03:10:00 PM,NA,NA,SAME DIR REAR END,Cloudy,NA,Daylight,NO CONTROLS,NONE DETECTED,No,No Apparent Injury,N/A,NOT DISTRACTED,MD,PASSENGER CAR,PARKED,0,No,2013,HONDA,RAV4,38.98490417,-76.98744983,2022,12,15
220054645,Property Damage Crash,12/10/2022 02:25:00 PM,NA,NA,SINGLE VEHICLE,Clear,NA,Daylight,NO CONTROLS,NONE DETECTED,Yes,No Apparent Injury,N/A,OTHER DISTRACTION,MD,PASSENGER CAR,STARTING FROM PARKED,10,No,2018,MERCEDES,C300,39.01805833,-77.21074333,2022,12,14
220054640,Property Damage Crash,12/10/2022 01:41:00 PM,ROCKLEDGE BLVD,NA,STRAIGHT MOVEMENT ANGLE,Clear,DRY,Daylight,TRAFFIC SIGNAL,NONE DETECTED,No,No Apparent Injury,N/A,NOT DISTRACTED,MD,PASSENGER CAR,MOVING CONSTANT SPEED,35,No,2011,HOND,TK,39.03119967,-77.13161044,2022,12,13
220054640,Property Damage Crash,12/10/2022 01:41:00 PM,ROCKLEDGE BLVD,NA,STRAIGHT MOVEMENT ANGLE,Clear,DRY,Daylight,TRAFFIC SIGNAL,NONE DETECTED,Yes,No Apparent Injury,N/A,UNKNOWN,MD,PASSENGER CAR,MOVING CONSTANT SPEED,35,No,2020,ACUR,SD,39.03119967,-77.13161044,2022,12,13
220055271,Property Damage Crash,12/10/2022 01:38:00 PM,NA,NA,SINGLE VEHICLE,Clear,NA,Daylight,N/A,NONE DETECTED,Yes,No Apparent Injury,N/A,UNKNOWN,MD,PASSENGER CAR,BACKING,0,No,1999,HONDA,ACCORD,39.28434165,-77.28329624,2022,12,13
220054624,Property Damage Crash,12/10/2022 11:20:00 AM,NEW HAMPSHIRE AVE,NA,SAME DIRECTION LEFT TURN,Cloudy,DRY,Daylight,TRAFFIC SIGNAL,NONE DETECTED,Yes,No Apparent Injury,N/A,UNKNOWN,MD,PASSENGER CAR,MOVING CONSTANT SPEED,35,No,2021,TOYT,CAMRY,39.01696167,-76.977325,2022,12,11
220054624,Property Damage Crash,12/10/2022 11:20:00 AM,NEW HAMPSHIRE AVE,NA,SAME DIRECTION LEFT TURN,Cloudy,DRY,Daylight,TRAFFIC SIGNAL,NONE DETECTED,No,No Apparent Injury,N/A,NOT DISTRACTED,MD,STATION WAGON,ACCELERATING,35,No,2016,HOND,ODYS,39.01696167,-76.977325,2022,12,11
220054598,Injury Crash,12/10/2022 08:11:00 AM,GEORGIA AVE,NA,STRAIGHT MOVEMENT ANGLE,Clear,DRY,Daylight,TRAFFIC SIGNAL,NONE DETECTED,Unknown,Possible Minor Injury,N/A,LOOKED BUT DID NOT SEE,MD,(SPORT) UTILITY VEHICLE,MOVING CONSTANT SPEED,35,No,2015,TOYOTA,RAV4,39.08397317,-77.0774235,2022,12,8
220054598,Injury Crash,12/10/2022 08:11:00 AM,GEORGIA AVE,NA,STRAIGHT MOVEMENT ANGLE,Clear,DRY,Daylight,TRAFFIC SIGNAL,NONE DETECTED,Unknown,Possible Minor Injury,N/A,LOOKED BUT DID NOT SEE,NY,(SPORT) UTILITY VEHICLE,MOVING CONSTANT SPEED,35,No,2011,JEEP,PATRIOT,39.08397317,-77.0774235,2022,12,8
220054590,Property Damage Crash,12/10/2022 05:20:00 AM,RIDGE RD,NA,OTHER,Clear,DRY,Medium,NO CONTROLS,NONE DETECTED,No,No Apparent Injury,N/A,NOT DISTRACTED,MD,POLICE VEHICLE/NON EMERGENCY,MOVING CONSTANT SPEED,50,No,2017,FORD,INTERCEPTOR SEDAN,39.25480249,-77.22744069,2022,12,5
220054589,Injury Crash,12/10/2022 04:54:00 AM,FRANKLIN AVE,NA,STRAIGHT MOVEMENT ANGLE,Clear,DRY,Medium,FLASHING TRAFFIC SIGNAL,NONE DETECTED,No,No Apparent Injury,N/A,NOT DISTRACTED,MD,PASSENGER CAR,MOVING CONSTANT SPEED,30,No,2010,FORD,SUV,39.01064667,-77.00819833,2022,12,4
220054589,Injury Crash,12/10/2022 04:54:00 AM,FRANKLIN AVE,NA,STRAIGHT MOVEMENT ANGLE,Clear,DRY,Medium,FLASHING TRAFFIC SIGNAL,NONE DETECTED,Yes,No Apparent Injury,N/A,UNKNOWN,MD,PASSENGER CAR,MOVING CONSTANT SPEED,30,No,2020,TOYOTA,COROLLA,39.01064667,-77.00819833,2022,12,4
220054578,Property Damage Crash,12/10/2022 01:37:00 AM,CLARKSBURG RD,NA,SINGLE VEHICLE,Clear,DRY,Dark,NO CONTROLS,NONE DETECTED,Yes,No Apparent Injury,N/A,NOT DISTRACTED,MD,PASSENGER CAR,MOVING CONSTANT SPEED,35,No,2015,TOYOTA,AVALON,39.2338535,-77.2825145,2022,12,1
220054571,Property Damage Crash,12/10/2022 12:28:00 AM,NEW HAMPSHIRE AVE,NA,SAME DIR REAR END,Clear,DRY,Medium,TRAFFIC SIGNAL,NONE DETECTED,Yes,No Apparent Injury,N/A,OTHER DISTRACTION,NA,PASSENGER CAR,MOVING CONSTANT SPEED,35,No,2010,HONDA,CIVIC,39.01952233,-76.9765595,2022,12,0
220054571,Property Damage Crash,12/10/2022 12:28:00 AM,NEW HAMPSHIRE AVE,NA,SAME DIR REAR END,Clear,DRY,Medium,TRAFFIC SIGNAL,NONE DETECTED,No,No Apparent Injury,N/A,NOT DISTRACTED,MD,PASSENGER CAR,STOPPED IN TRAFFIC LANE,35,No,2016,TOYOTA,HIGHLANDER,39.01952233,-76.9765595,2022,12,0
220054553,Property Damage Crash,12/09/2022 11:50:00 PM,BEL PRE RD,NA,STRAIGHT MOVEMENT ANGLE,Clear,DRY,Medium,NO CONTROLS,NONE DETECTED,Yes,No Apparent Injury,N/A,UNKNOWN,MD,PASSENGER CAR,ACCELERATING,35,No,2011,TOYOTA,CAMRY,39.09156,-77.067085,2022,12,23
220054553,Property Damage Crash,12/09/2022 11:50:00 PM,BEL PRE RD,NA,STRAIGHT MOVEMENT ANGLE,Clear,DRY,Medium,NO CONTROLS,NONE DETECTED,No,No Apparent Injury,N/A,NOT DISTRACTED,MD,PASSENGER CAR,MOVING CONSTANT SPEED,35,No,2013,HONDA,CIVIC,39.09156,-77.067085,2022,12,23
220054556,Property Damage Crash,12/09/2022 11:44:00 PM,SOUTHLAWN CT,NA,STRAIGHT MOVEMENT ANGLE,Clear,DRY,Dark,STOP SIGN,NONE DETECTED,Yes,No Apparent Injury,N/A,UNKNOWN,NA,(SPORT) UTILITY VEHICLE,MOVING CONSTANT SPEED,30,No,2010,CHEV,TAHOE,39.10349667,-77.13469333,2022,12,23
220054556,Property Damage Crash,12/09/2022 11:44:00 PM,SOUTHLAWN CT,NA,STRAIGHT MOVEMENT ANGLE,Clear,DRY,Dark,STOP SIGN,NONE DETECTED,No,No Apparent Injury,N/A,NOT DISTRACTED,MD,VAN,STOPPED IN TRAFFIC LANE,20,No,2014,TOYT,SIENNA,39.10349667,-77.13469333,2022,12,23
220054573,Property Damage Crash,12/09/2022 11:10:00 PM,NA,NA,SINGLE VEHICLE,Clear,NA,Medium,NO CONTROLS,NONE DETECTED,Yes,No Apparent Injury,N/A,NOT DISTRACTED,MD,AMBULANCE/NON EMERGENCY,BACKING,5,No,2020,FRHT,M2,39.01457341,-77.03423664,2022,12,23
220054542,Property Damage Crash,12/09/2022 09:06:00 PM,BRIGGS CHANEY RD,NA,SAME DIR REAR END,Clear,DRY,Medium,TRAFFIC SIGNAL,NONE DETECTED,Yes,No Apparent Injury,N/A,UNKNOWN,NA,(SPORT) UTILITY VEHICLE,MAKING LEFT TURN,35,No,2013,LEXUS,RX,39.08220655,-76.94719563,2022,12,21
220054542,Property Damage Crash,12/09/2022 09:06:00 PM,BRIGGS CHANEY RD,NA,SAME DIR REAR END,Clear,DRY,Medium,TRAFFIC SIGNAL,NONE DETECTED,No,No Apparent Injury,N/A,NOT DISTRACTED,MD,(SPORT) UTILITY VEHICLE,MAKING LEFT TURN,35,No,2008,SUBARU,FORRESTER,39.08220655,-76.94719563,2022,12,21
220054537,Property Damage Crash,12/09/2022 08:56:00 PM,E GUDE DR,NA,SAME DIR REAR END,Clear,DRY,Medium,TRAFFIC SIGNAL,NONE DETECTED,Yes,No Apparent Injury,N/A,LOOKED BUT DID NOT SEE,MD,PASSENGER CAR,MOVING CONSTANT SPEED,35,No,1996,GEO,4S,39.09386333,-77.13208667,2022,12,20
220054534,Property Damage Crash,12/09/2022 08:18:00 PM,COLUMBIA PIKE,NA,SAME DIRECTION SIDESWIPE,Clear,DRY,Medium,TRAFFIC SIGNAL,NONE DETECTED,No,No Apparent Injury,N/A,NOT DISTRACTED,MD,PASSENGER CAR,STOPPED IN TRAFFIC LANE,50,No,2009,HYUNDAI,AZERA,39.05814167,-76.96826833,2022,12,20
220054534,Property Damage Crash,12/09/2022 08:18:00 PM,COLUMBIA PIKE,NA,SAME DIRECTION SIDESWIPE,Clear,DRY,Medium,TRAFFIC SIGNAL,NONE DETECTED,Yes,No Apparent Injury,N/A,UNKNOWN,MD,PASSENGER CAR,CHANGING LANES,50,No,2015,CADILAC,SRX,39.05814167,-76.96826833,2022,12,20
220054523,Injury Crash,12/09/2022 07:16:00 PM,ROCKVILLE PIKE,PEDESTRIAN,OTHER,Clear,DRY,Medium,TRAFFIC SIGNAL,NONE DETECTED,Yes,Possible Minor Injury,N/A,INATTENTIVE OR LOST IN THOUGHT,MD,TRANSIT BUS,MAKING LEFT TURN,35,No,2017,GILG,BU,39.06182081,-77.12416018,2022,12,19
220054524,Property Damage Crash,12/09/2022 06:56:00 PM,COLESVILLE RD,NA,SAME DIRECTION LEFT TURN,Clear,DRY,Medium,NO CONTROLS,NONE DETECTED,Yes,No Apparent Injury,N/A,UNKNOWN,NA,UNKNOWN,MOVING CONSTANT SPEED,35,No,0,UNKNOWN,UNKNOWN,39.00272667,-77.02474167,2022,12,18
220054524,Property Damage Crash,12/09/2022 06:56:00 PM,COLESVILLE RD,NA,SAME DIRECTION LEFT TURN,Clear,DRY,Medium,NO CONTROLS,NONE DETECTED,No,No Apparent Injury,N/A,NOT DISTRACTED,MD,PASSENGER CAR,MAKING LEFT TURN,35,No,2021,SUBARU,CROSSTREX,39.00272667,-77.02474167,2022,12,18
220054516,Property Damage Crash,12/09/2022 05:46:00 PM,VEIRS MILL RD,NA,SAME DIRECTION SIDESWIPE,Clear,DRY,Medium,TRAFFIC SIGNAL,NONE DETECTED,Unknown,No Apparent Injury,N/A,UNKNOWN,MD,TRANSIT BUS,CHANGING LANES,35,No,2020,GILG,BUS,39.04893135,-77.06895549,2022,12,17
220054516,Property Damage Crash,12/09/2022 05:46:00 PM,VEIRS MILL RD,NA,SAME DIRECTION SIDESWIPE,Clear,DRY,Medium,TRAFFIC SIGNAL,NONE DETECTED,Unknown,No Apparent Injury,N/A,UNKNOWN,MD,PASSENGER CAR,MOVING CONSTANT SPEED,35,No,2021,CHEV,UT,39.04893135,-77.06895549,2022,12,17
220054505,Property Damage Crash,12/09/2022 05:35:00 PM,COLESVILLE RD,NA,HEAD ON LEFT TURN,Clear,DRY,Medium,NO CONTROLS,NONE DETECTED,Yes,No Apparent Injury,N/A,NOT DISTRACTED,MD,PASSENGER CAR,MAKING LEFT TURN,30,No,2004,TOYOTA,CAMRY,39.02803167,-77.008935,2022,12,17
220054505,Property Damage Crash,12/09/2022 05:35:00 PM,COLESVILLE RD,NA,HEAD ON LEFT TURN,Clear,DRY,Medium,NO CONTROLS,NONE DETECTED,No,No Apparent Injury,N/A,NOT DISTRACTED,MD,PASSENGER CAR,MOVING CONSTANT SPEED,30,No,2016,VOLKSWAGON,JETTA,39.02803167,-77.008935,2022,12,17
220054504,Property Damage Crash,12/09/2022 05:25:00 PM,NORBECK RD,NA,SAME DIR REAR END,Clear,DRY,Medium,TRAFFIC SIGNAL,NONE DETECTED,Yes,No Apparent Injury,N/A,NOT DISTRACTED,MD,PASSENGER CAR,CHANGING LANES,50,No,2020,FORD,UT,39.0909085,-77.12717883,2022,12,17
220054504,Property Damage Crash,12/09/2022 05:25:00 PM,NORBECK RD,NA,SAME DIR REAR END,Clear,DRY,Medium,TRAFFIC SIGNAL,NONE DETECTED,No,No Apparent Injury,N/A,NOT DISTRACTED,MD,POLICE VEHICLE/EMERGENCY,STOPPED IN TRAFFIC LANE,50,No,2016,SUBA,4S,39.0909085,-77.12717883,2022,12,17
220054504,Property Damage Crash,12/09/2022 05:25:00 PM,NORBECK RD,NA,SAME DIR REAR END,Clear,DRY,Medium,TRAFFIC SIGNAL,NONE DETECTED,No,No Apparent Injury,N/A,UNKNOWN,NA,PASSENGER CAR,STOPPED IN TRAFFIC LANE,50,No,2002,INFINITI,I35,39.0909085,-77.12717883,2022,12,17
220054489,Property Damage Crash,12/09/2022 04:17:00 PM,GERMANTOWN RD,NA,SAME DIR REAR END,Clear,DRY,Daylight,TRAFFIC SIGNAL,NONE DETECTED,No,No Apparent Injury,N/A,NOT DISTRACTED,MD,PASSENGER CAR,SLOWING OR STOPPING,35,No,2016,HONDA,HRV,39.18887833,-77.2515,2022,12,16
220054489,Property Damage Crash,12/09/2022 04:17:00 PM,GERMANTOWN RD,NA,SAME DIR REAR END,Clear,DRY,Daylight,TRAFFIC SIGNAL,NONE DETECTED,Yes,No Apparent Injury,N/A,LOOKED BUT DID NOT SEE,MD,PASSENGER CAR,SLOWING OR STOPPING,35,No,2013,TOYOTA,PRIUS,39.18887833,-77.2515,2022,12,16
22054491,Property Damage Crash,12/09/2022 04:05:00 PM,DARNESTOWN RD,NA,ANGLE MEETS LEFT TURN,Clear,DRY,Daylight,TRAFFIC SIGNAL,NONE DETECTED,Yes,No Apparent Injury,N/A,UNKNOWN,MD,PASSENGER CAR,SLOWING OR STOPPING,40,No,2005,TOYT,VN,39.09362333,-77.19721667,2022,12,16
22054491,Property Damage Crash,12/09/2022 04:05:00 PM,DARNESTOWN RD,NA,ANGLE MEETS LEFT TURN,Clear,DRY,Daylight,TRAFFIC SIGNAL,NONE DETECTED,No,No Apparent Injury,N/A,NOT DISTRACTED,MD,FIRE VEHICLE/EMERGENCY,MAKING LEFT TURN,25,No,2019,PIRC,TK,39.09362333,-77.19721667,2022,12,16
220054485,Property Damage Crash,12/09/2022 04:00:00 PM,GERMANTOWN RD,NA,SAME DIR REAR END,Clear,DRY,Daylight,TRAFFIC SIGNAL,NONE DETECTED,No,No Apparent Injury,N/A,LOOKED BUT DID NOT SEE,MD,PASSENGER CAR,SLOWING OR STOPPING,35,No,2010,NISSAN,ROGUE,39.178525,-77.26721,2022,12,16
220054485,Property Damage Crash,12/09/2022 04:00:00 PM,GERMANTOWN RD,NA,SAME DIR REAR END,Clear,DRY,Daylight,TRAFFIC SIGNAL,NONE DETECTED,Yes,No Apparent Injury,N/A,LOOKED BUT DID NOT SEE,MD,PASSENGER CAR,SLOWING OR STOPPING,35,No,2019,HYUNDAI,ELANTRA,39.178525,-77.26721,2022,12,16
220054467,Property Damage Crash,12/09/2022 03:03:00 PM,MASSACHUSETTS AVE,NA,STRAIGHT MOVEMENT ANGLE,Clear,DRY,Daylight,YIELD SIGN,NONE DETECTED,Yes,No Apparent Injury,N/A,LOOKED BUT DID NOT SEE,DC,PASSENGER CAR,SLOWING OR STOPPING,35,No,2017,HONDA,PILOT,38.958903,-77.11135333,2022,12,15
220054467,Property Damage Crash,12/09/2022 03:03:00 PM,MASSACHUSETTS AVE,NA,STRAIGHT MOVEMENT ANGLE,Clear,DRY,Daylight,YIELD SIGN,NONE DETECTED,No,No Apparent Injury,N/A,NOT DISTRACTED,VA,PASSENGER CAR,SLOWING OR STOPPING,35,No,2021,NISSAN,SENTRA,38.958903,-77.11135333,2022,12,15
220054469,Property Damage Crash,12/09/2022 02:50:00 PM,PARK RD,NA,OPPOSITE DIRECTION SIDESWIPE,Clear,DRY,Daylight,N/A,NONE DETECTED,Yes,No Apparent Injury,N/A,NOT DISTRACTED,XX,PASSENGER CAR,MOVING CONSTANT SPEED,25,No,2012,CHEVROLET,CRUZE,39.08592507,-77.14544944,2022,12,14
220054469,Property Damage Crash,12/09/2022 02:50:00 PM,PARK RD,NA,OPPOSITE DIRECTION SIDESWIPE,Clear,DRY,Daylight,N/A,NONE DETECTED,No,No Apparent Injury,N/A,NOT DISTRACTED,MD,PASSENGER CAR,MOVING CONSTANT SPEED,25,No,2013,TOYOTA,COROLLA,39.08592507,-77.14544944,2022,12,14
220054455,Property Damage Crash,12/09/2022 01:41:00 PM,ROCKVILLE PIKE,NA,STRAIGHT MOVEMENT ANGLE,Clear,DRY,Daylight,TRAFFIC SIGNAL,NONE DETECTED,Yes,No Apparent Injury,N/A,NOT DISTRACTED,MD,(SPORT) UTILITY VEHICLE,MOVING CONSTANT SPEED,35,No,2017,HYUNDAI,TUCSON,39.02277167,-77.10311667,2022,12,13
220054455,Property Damage Crash,12/09/2022 01:41:00 PM,ROCKVILLE PIKE,NA,STRAIGHT MOVEMENT ANGLE,Clear,DRY,Daylight,TRAFFIC SIGNAL,NONE DETECTED,No,No Apparent Injury,N/A,NOT DISTRACTED,MD,VAN,ACCELERATING,35,No,2012,HONDA,ODYSSEY,39.02277167,-77.10311667,2022,12,13
220054508,Injury Crash,12/09/2022 01:30:00 PM,NICHOLSON LA,PEDESTRIAN,N/A,Cloudy,DRY,Daylight,TRAFFIC SIGNAL,NONE DETECTED,Yes,Possible Minor Injury,N/A,UNKNOWN,NA,UNKNOWN,UNKNOWN,35,No,0,UNKNOWN,UNKNOWN,39.04454395,-77.11195198,2022,12,13
220054453,Property Damage Crash,12/09/2022 01:29:00 PM,GERMANTOWN RD,NA,SAME DIRECTION RIGHT TURN,Clear,DRY,Daylight,OTHER,NONE DETECTED,No,No Apparent Injury,N/A,NOT DISTRACTED,MD,TRANSIT BUS,MOVING CONSTANT SPEED,40,No,2019,GILLIG,COUNTY BUS,39.182035,-77.26285,2022,12,13
220054453,Property Damage Crash,12/09/2022 01:29:00 PM,GERMANTOWN RD,NA,SAME DIRECTION RIGHT TURN,Clear,DRY,Daylight,OTHER,NONE DETECTED,Yes,No Apparent Injury,N/A,LOOKED BUT DID NOT SEE,MD,PASSENGER CAR,CHANGING LANES,40,No,2016,TOYOTA,RAV4,39.182035,-77.26285,2022,12,13
220054447,Injury Crash,12/09/2022 12:45:00 PM,GEORGIA AVE,NA,HEAD ON LEFT TURN,Clear,DRY,Daylight,TRAFFIC SIGNAL,NONE DETECTED,Yes,No Apparent Injury,N/A,UNKNOWN,MD,PASSENGER CAR,MAKING LEFT TURN,35,No,2017,HONDA,FIT,39.047118330000004,-77.05183167,2022,12,12
220054447,Injury Crash,12/09/2022 12:45:00 PM,GEORGIA AVE,NA,HEAD ON LEFT TURN,Clear,DRY,Daylight,TRAFFIC SIGNAL,NONE DETECTED,No,No Apparent Injury,N/A,NOT DISTRACTED,MD,PASSENGER CAR,MOVING CONSTANT SPEED,35,No,2017,TOYOTA,COROLLA,39.047118330000004,-77.05183167,2022,12,12
220054572,Property Damage Crash,12/09/2022 11:41:00 AM,8600 FLOWER AVE,NA,SINGLE VEHICLE,Clear,DRY,Medium,NO CONTROLS,ALCOHOL PRESENT,Yes,No Apparent Injury,N/A,UNKNOWN,MD,PICKUP TRUCK,SLOWING OR STOPPING,25,No,2010,FORD,F150,38.99771379,-77.0034458,2022,12,11
220054424,Property Damage Crash,12/09/2022 10:47:00 AM,WILLARD AVE,NA,OTHER,Clear,DRY,Daylight,NO CONTROLS,NONE DETECTED,Yes,No Apparent Injury,N/A,NOT DISTRACTED,MD,PASSENGER CAR,MOVING CONSTANT SPEED,25,No,2021,NEWFLYER,BUS,38.96184167,-77.08762333,2022,12,10
220054418,Property Damage Crash,12/09/2022 10:20:00 AM,CONNECTICUT AVE,NA,SAME DIRECTION SIDESWIPE,Clear,DRY,Daylight,NO CONTROLS,NONE DETECTED,Yes,No Apparent Injury,N/A,LOOKED BUT DID NOT SEE,ME,TRANSIT BUS,MOVING CONSTANT SPEED,35,No,2014,GILL,BUS,39.02977572,-77.0759461,2022,12,10
220054418,Property Damage Crash,12/09/2022 10:20:00 AM,CONNECTICUT AVE,NA,SAME DIRECTION SIDESWIPE,Clear,DRY,Daylight,NO CONTROLS,NONE DETECTED,No,No Apparent Injury,N/A,NOT DISTRACTED,MD,VAN,MOVING CONSTANT SPEED,35,No,2013,MERCEDEZ,BLUETEC,39.02977572,-77.0759461,2022,12,10
22002135,Property Damage Crash,12/09/2022 08:30:00 AM,SHADY GROVE RD,NA,SAME DIRECTION LEFT TURN,Clear,DRY,Medium,NO CONTROLS,NONE DETECTED,Yes,No Apparent Injury,N/A,LOOKED BUT DID NOT SEE,MD,PASSENGER CAR,CHANGING LANES,40,No,2018,CHEVY,4S,39.120068,-77.18143217,2022,12,8
22002135,Property Damage Crash,12/09/2022 08:30:00 AM,SHADY GROVE RD,NA,SAME DIRECTION LEFT TURN,Clear,DRY,Medium,NO CONTROLS,NONE DETECTED,No,No Apparent Injury,N/A,NOT DISTRACTED,MD,"CARGO VAN/LIGHT TRUCK 2 AXLES (OVER 10,000LBS (4,536 KG))",MOVING CONSTANT SPEED,40,No,2008,FORD,TK,39.120068,-77.18143217,2022,12,8
220054403,Injury Crash,12/09/2022 08:28:00 AM,NEW HAMPSHIRE AVE,NA,SAME DIR REAR END,Clear,DRY,Daylight,TRAFFIC SIGNAL,NONE DETECTED,No,Possible Minor Injury,N/A,NOT DISTRACTED,MD,VAN,STOPPED IN TRAFFIC LANE,40,No,2013,TOYOTA,SIENNA,39.0134585,-76.97850417,2022,12,8
220054403,Injury Crash,12/09/2022 08:28:00 AM,NEW HAMPSHIRE AVE,NA,SAME DIR REAR END,Clear,DRY,Daylight,TRAFFIC SIGNAL,NONE DETECTED,Yes,No Apparent Injury,N/A,UNKNOWN,MD,"MEDIUM/HEAVY TRUCKS 3 AXLES (OVER 10,000LBS (4,536KG))",SLOWING OR STOPPING,40,No,2022,VOLVO,DUMP,39.0134585,-76.97850417,2022,12,8
220054403,Injury Crash,12/09/2022 08:28:00 AM,NEW HAMPSHIRE AVE,NA,SAME DIR REAR END,Clear,DRY,Daylight,TRAFFIC SIGNAL,NONE DETECTED,No,No Apparent Injury,N/A,NOT DISTRACTED,MD,VAN,STOPPED IN TRAFFIC LANE,40,No,2009,DODGE,CARAVAN,39.0134585,-76.97850417,2022,12,8
220054400,Property Damage Crash,12/09/2022 08:15:00 AM,OLNEY SANDY SPRING RD,NA,SAME DIR REAR END,Clear,DRY,Daylight,NO CONTROLS,NONE DETECTED,Yes,No Apparent Injury,"N/A, VISION OBSTRUCTION (INCL. BLINDED BY SUN)",NOT DISTRACTED,XX,PASSENGER CAR,MOVING CONSTANT SPEED,40,No,2014,TOYOTA,CAMRY,39.14541667,-77.04878667,2022,12,8
220054400,Property Damage Crash,12/09/2022 08:15:00 AM,OLNEY SANDY SPRING RD,NA,SAME DIR REAR END,Clear,DRY,Daylight,NO CONTROLS,NONE DETECTED,No,No Apparent Injury,"N/A, VISION OBSTRUCTION (INCL. BLINDED BY SUN)",NOT DISTRACTED,MD,(SPORT) UTILITY VEHICLE,SLOWING OR STOPPING,40,No,2018,NISS,TK,39.14541667,-77.04878667,2022,12,8
220054204,Property Damage Crash,12/09/2022 07:30:00 AM,BEL PRE RD,NA,SAME DIR REAR END,Clear,WET,Daylight,N/A,NONE DETECTED,Yes,No Apparent Injury,"N/A, WET",INATTENTIVE OR LOST IN THOUGHT,MD,PASSENGER CAR,MAKING RIGHT TURN,35,No,2015,TOYOTA,COROLLA,39.09376719,-77.07561187,2022,12,7
220054386,Property Damage Crash,12/09/2022 06:00:00 AM,CAPITAL BELTWAY,NA,SAME DIRECTION SIDESWIPE,Clear,DRY,Dark,NO CONTROLS,NONE DETECTED,No,No Apparent Injury,N/A,NOT DISTRACTED,MD,PASSENGER CAR,MOVING CONSTANT SPEED,55,No,2016,TOYOTA,HIGHLANDER,38.98638167,-77.15741167,2022,12,6
220054386,Property Damage Crash,12/09/2022 06:00:00 AM,CAPITAL BELTWAY,NA,SAME DIRECTION SIDESWIPE,Clear,DRY,Dark,NO CONTROLS,NONE DETECTED,Yes,No Apparent Injury,N/A,DISTRACTED BY OUTSIDE PERSON OBJECT OR EVENT,VA,PASSENGER CAR,MOVING CONSTANT SPEED,55,No,2022,CHEVY,COLORADO,38.98638167,-77.15741167,2022,12,6
220054384,Injury Crash,12/09/2022 04:13:00 AM,E GUDE DR,NA,OTHER,Clear,DRY,Medium,FLASHING TRAFFIC SIGNAL,NONE DETECTED,Unknown,Possible Minor Injury,N/A,UNKNOWN,MD,PICKUP TRUCK,MAKING LEFT TURN,40,No,2022,NISSAN,FRONTIER,39.09815,-77.13601333,2022,12,4
220054384,Injury Crash,12/09/2022 04:13:00 AM,E GUDE DR,NA,OTHER,Clear,DRY,Medium,FLASHING TRAFFIC SIGNAL,NONE DETECTED,Unknown,No Apparent Injury,N/A,UNKNOWN,MD,"MEDIUM/HEAVY TRUCKS 3 AXLES (OVER 10,000LBS (4,536KG))",MAKING RIGHT TURN,40,No,2018,KENWORTH,T880,39.09815,-77.13601333,2022,12,4
220054382,Property Damage Crash,12/09/2022 03:09:00 AM,NA,NA,OTHER,Clear,NA,Medium,N/A,NONE DETECTED,No,No Apparent Injury,N/A,NOT DISTRACTED,PA,POLICE VEHICLE/NON EMERGENCY,PARKED,0,No,2019,DODGE,CHARGER,39.11353,-77.23441133,2022,12,3
220054382,Property Damage Crash,12/09/2022 03:09:00 AM,NA,NA,OTHER,Clear,NA,Medium,N/A,NONE DETECTED,Yes,No Apparent Injury,N/A,LOOKED BUT DID NOT SEE,MD,POLICE VEHICLE/NON EMERGENCY,BACKING,0,No,2015,FORD,"INTERCEPTOR SD,",39.11353,-77.23441133,2022,12,3
220054345,Property Damage Crash,12/08/2022 07:49:00 PM,NA,NA,SINGLE VEHICLE,Clear,NA,Medium,N/A,NONE DETECTED,Yes,No Apparent Injury,N/A,NOT DISTRACTED,MD,PASSENGER CAR,UNKNOWN,10,No,2014,TOYOTA,COROLLA,39.06361718,-77.11480402,2022,12,19
220054325,Injury Crash,12/08/2022 06:01:00 PM,MASSACHUSETTS AVE,PEDESTRIAN,SINGLE VEHICLE,Clear,N/A,Medium,TRAFFIC SIGNAL,NONE DETECTED,Yes,No Apparent Injury,N/A,LOOKED BUT DID NOT SEE,MD,PASSENGER CAR,MAKING LEFT TURN,40,No,2016,AUDI,4S,38.96319,-77.1212,2022,12,18
220054318,Property Damage Crash,12/08/2022 05:32:00 PM,VEIRS MILL RD,NA,SAME DIR REAR END,Clear,DRY,Medium,TRAFFIC SIGNAL,NONE DETECTED,No,No Apparent Injury,N/A,NOT DISTRACTED,MD,(SPORT) UTILITY VEHICLE,STOPPED IN TRAFFIC LANE,45,No,2017,HYUN,UT,39.06336,-77.09518833,2022,12,17
220054318,Property Damage Crash,12/08/2022 05:32:00 PM,VEIRS MILL RD,NA,SAME DIR REAR END,Clear,DRY,Medium,TRAFFIC SIGNAL,NONE DETECTED,Yes,No Apparent Injury,N/A,LOOKED BUT DID NOT SEE,MD,PASSENGER CAR,SLOWING OR STOPPING,45,No,2014,TOYOTA,CAMRY,39.06336,-77.09518833,2022,12,17
220054319,Property Damage Crash,12/08/2022 05:24:00 PM,NA,NA,SAME DIRECTION SIDESWIPE,Clear,NA,Dark,NO CONTROLS,ALCOHOL PRESENT,Yes,No Apparent Injury,N/A,OTHER DISTRACTION,MD,PASSENGER CAR,PARKING,10,No,2004,TOYOTA,SIENNA,39.0208238,-77.04533498,2022,12,17
220054312,Property Damage Crash,12/08/2022 05:11:00 PM,GEORGIA AVE,NA,SAME DIRECTION SIDESWIPE,Clear,DRY,Medium,TRAFFIC SIGNAL,NONE DETECTED,Yes,No Apparent Injury,N/A,UNKNOWN,MD,PASSENGER CAR,CHANGING LANES,25,No,2022,HONDA,CIVIC,38.99461064,-77.02652813,2022,12,17
220054312,Property Damage Crash,12/08/2022 05:11:00 PM,GEORGIA AVE,NA,SAME DIRECTION SIDESWIPE,Clear,DRY,Medium,TRAFFIC SIGNAL,NONE DETECTED,No,No Apparent Injury,N/A,NOT DISTRACTED,GA,PASSENGER CAR,MOVING CONSTANT SPEED,25,No,2022,FORD,EXLORER,38.99461064,-77.02652813,2022,12,17
220054309,Injury Crash,12/08/2022 05:00:00 PM,CONNECTICUT AVE,NA,STRAIGHT MOVEMENT ANGLE,Clear,DRY,Medium,TRAFFIC SIGNAL,NONE DETECTED,Yes,Possible Minor Injury,N/A,NOT DISTRACTED,MD,PASSENGER CAR,MAKING LEFT TURN,35,No,2019,HONDA,FIT,39.02243233,-77.076307,2022,12,17
220054309,Injury Crash,12/08/2022 05:00:00 PM,CONNECTICUT AVE,NA,STRAIGHT MOVEMENT ANGLE,Clear,DRY,Medium,TRAFFIC SIGNAL,NONE DETECTED,No,Possible Minor Injury,N/A,NOT DISTRACTED,MD,PASSENGER CAR,MOVING CONSTANT SPEED,35,No,2018,HONDA,CIVIC,39.02243233,-77.076307,2022,12,17