Local Case Number,ACRS Report Type,Crash Date/Time,Road Name,Related Non-Motorist,Collision Type,Weather,Surface Condition,Light,Traffic Control,Driver Substance Abuse,Driver At Fault,Injury Severity,Circumstance,Driver Distracted By,Drivers License State,Vehicle Body Type,Vehicle Movement,Speed Limit,Driverless Vehicle,Vehicle Year,Vehicle Make,Vehicle Model,Latitude,Longitude,Year,Month,Hour
220054298,Injury Crash,12/08/2022 04:00:00 PM,BRINK RD,NA,STRAIGHT MOVEMENT ANGLE,Clear,DRY,Daylight,NO CONTROLS,NONE DETECTED,Yes,No Apparent Injury,N/A,LOOKED BUT DID NOT SEE,MD,PASSENGER CAR,MAKING LEFT TURN,30,No,2008,TOYT,4S,39.21020833,-77.23830667,2022,12,16
220054298,Injury Crash,12/08/2022 04:00:00 PM,BRINK RD,NA,STRAIGHT MOVEMENT ANGLE,Clear,DRY,Daylight,NO CONTROLS,NONE DETECTED,No,No Apparent Injury,N/A,NOT DISTRACTED,MD,SCHOOL BUS,MOVING CONSTANT SPEED,30,No,2014,THOM,BU,39.21020833,-77.23830667,2022,12,16
220054344,Property Damage Crash,12/08/2022 03:35:00 PM,NORBECK RD,NA,SAME DIRECTION SIDESWIPE,Clear,DRY,Daylight,NO CONTROLS,NONE DETECTED,Yes,No Apparent Injury,N/A,UNKNOWN,NA,(SPORT) UTILITY VEHICLE,MOVING CONSTANT SPEED,40,No,2015,TOYOTA,XX,39.12058267,-77.01627088,2022,12,15
220054344,Property Damage Crash,12/08/2022 03:35:00 PM,NORBECK RD,NA,SAME DIRECTION SIDESWIPE,Clear,DRY,Daylight,NO CONTROLS,NONE DETECTED,No,No Apparent Injury,N/A,NOT DISTRACTED,MD,PASSENGER CAR,MOVING CONSTANT SPEED,40,No,2016,HYUNDAI,SONATA,39.12058267,-77.01627088,2022,12,15
220054278,Property Damage Crash,12/08/2022 02:39:00 PM,TAFT ST,NA,STRAIGHT MOVEMENT ANGLE,Clear,DRY,Daylight,N/A,NONE DETECTED,Yes,No Apparent Injury,N/A,LOOKED BUT DID NOT SEE,MD,VAN,MAKING LEFT TURN,35,No,2010,CHEVROLET,VAN,39.09364633,-77.13602833,2022,12,14
220054278,Property Damage Crash,12/08/2022 02:39:00 PM,TAFT ST,NA,STRAIGHT MOVEMENT ANGLE,Clear,DRY,Daylight,N/A,NONE DETECTED,No,No Apparent Injury,N/A,LOOKED BUT DID NOT SEE,MD,PASSENGER CAR,MOVING CONSTANT SPEED,35,No,2011,CHEVROLET,TAHOE,39.09364633,-77.13602833,2022,12,14
22002128,Property Damage Crash,12/08/2022 11:47:00 AM,NA,NA,OTHER,Cloudy,NA,Daylight,NO CONTROLS,NONE DETECTED,No,No Apparent Injury,N/A,NOT DISTRACTED,MD,"OTHER LIGHT TRUCKS (10,000LBS (4,536KG) OR LESS)",PARKED,0,No,2022,FRHT,TRUCK,39.02821997,-77.07976646,2022,12,11
22002128,Property Damage Crash,12/08/2022 11:47:00 AM,NA,NA,OTHER,Cloudy,NA,Daylight,NO CONTROLS,NONE DETECTED,Yes,No Apparent Injury,N/A,NOT DISTRACTED,MD,"OTHER LIGHT TRUCKS (10,000LBS (4,536KG) OR LESS)",PASSING,15,No,2021,FORD,TRUCK,39.02821997,-77.07976646,2022,12,11
220054225,Property Damage Crash,12/08/2022 10:00:00 AM,E GUDE DR,NA,STRAIGHT MOVEMENT ANGLE,Clear,DRY,Daylight,TRAFFIC SIGNAL,NONE DETECTED,Yes,No Apparent Injury,N/A,NOT DISTRACTED,NA,NA,MOVING CONSTANT SPEED,40,No,0,UNKNOWN,UNKNOWN,39.09424863,-77.13245424,2022,12,10
220054225,Property Damage Crash,12/08/2022 10:00:00 AM,E GUDE DR,NA,STRAIGHT MOVEMENT ANGLE,Clear,DRY,Daylight,TRAFFIC SIGNAL,NONE DETECTED,No,No Apparent Injury,N/A,NOT DISTRACTED,MD,PASSENGER CAR,MAKING LEFT TURN,25,No,2017,VOLK,SD,39.09424863,-77.13245424,2022,12,10
220054222,Injury Crash,12/08/2022 09:50:00 AM,MARYLAND AVE,NA,SAME DIR REAR END,Clear,DRY,Daylight,N/A,NONE DETECTED,No,No Apparent Injury,N/A,NOT DISTRACTED,MD,PASSENGER CAR,SLOWING OR STOPPING,30,No,2019,HOND,TK,39.07775587,-77.15852488,2022,12,9
220054222,Injury Crash,12/08/2022 09:50:00 AM,MARYLAND AVE,NA,SAME DIR REAR END,Clear,DRY,Daylight,N/A,NONE DETECTED,No,No Apparent Injury,N/A,NOT DISTRACTED,VA,PASSENGER CAR,STOPPED IN TRAFFIC LANE,30,No,2016,SUBARU,FORESTER,39.07775587,-77.15852488,2022,12,9
220054222,Injury Crash,12/08/2022 09:50:00 AM,MARYLAND AVE,NA,SAME DIR REAR END,Clear,DRY,Daylight,N/A,NONE DETECTED,Yes,Possible Minor Injury,N/A,NOT DISTRACTED,MO,PASSENGER CAR,SLOWING OR STOPPING,30,No,2016,LEXUS,RX 350,39.07775587,-77.15852488,2022,12,9
220054219,Property Damage Crash,12/08/2022 09:18:00 AM,SHAKESPEARE BLVD,NA,STRAIGHT MOVEMENT ANGLE,Clear,WET,Daylight,STOP SIGN,NONE DETECTED,No,No Apparent Injury,N/A,NOT DISTRACTED,MD,TRANSIT BUS,MOVING CONSTANT SPEED,30,No,2021,GILLIG,BUS,39.19731217,-77.25212867,2022,12,9
220054219,Property Damage Crash,12/08/2022 09:18:00 AM,SHAKESPEARE BLVD,NA,STRAIGHT MOVEMENT ANGLE,Clear,WET,Daylight,STOP SIGN,NONE DETECTED,Yes,No Apparent Injury,N/A,UNKNOWN,MD,PASSENGER CAR,MAKING LEFT TURN,30,No,2016,NISSAN,ROGUE,39.19731217,-77.25212867,2022,12,9
220054214,Property Damage Crash,12/08/2022 08:47:00 AM,METRO ACCESS RD,NA,SINGLE VEHICLE,Clear,WET,Daylight,NO CONTROLS,NONE DETECTED,No,No Apparent Injury,"ANIMAL, WET",NOT DISTRACTED,DC,POLICE VEHICLE/NON EMERGENCY,MOVING CONSTANT SPEED,40,No,2017,FORD,4S,39.12465,-77.16101833,2022,12,8
220054207,Property Damage Crash,12/08/2022 08:10:00 AM,MIDDLEBROOK RD,NA,SAME DIR REAR END,Clear,WET,Daylight,TRAFFIC SIGNAL,NONE DETECTED,No,No Apparent Injury,"N/A, V WIPERS|W OTHER ENVIRONMENTAL",DISTRACTED BY OUTSIDE PERSON OBJECT OR EVENT,MD,PASSENGER CAR,STOPPED IN TRAFFIC LANE,35,No,2014,MERCEDES,E350,39.17740167,-77.26501833,2022,12,8
220054207,Property Damage Crash,12/08/2022 08:10:00 AM,MIDDLEBROOK RD,NA,SAME DIR REAR END,Clear,WET,Daylight,TRAFFIC SIGNAL,NONE DETECTED,Yes,No Apparent Injury,"N/A, V WIPERS|W OTHER ENVIRONMENTAL",LOOKED BUT DID NOT SEE,MD,PASSENGER CAR,MOVING CONSTANT SPEED,35,No,2013,CHEVY,MALIBU,39.17740167,-77.26501833,2022,12,8
220054209,Property Damage Crash,12/08/2022 08:05:00 AM,GEORGIA AVE,NA,HEAD ON LEFT TURN,Clear,WET,Daylight,NO CONTROLS,NONE DETECTED,Yes,No Apparent Injury,N/A,LOOKED BUT DID NOT SEE,MD,PASSENGER CAR,MAKING LEFT TURN,40,No,2013,SUBARU,OUTBACK,39.11171333,-77.07609667,2022,12,8
220054209,Property Damage Crash,12/08/2022 08:05:00 AM,GEORGIA AVE,NA,HEAD ON LEFT TURN,Clear,WET,Daylight,NO CONTROLS,NONE DETECTED,No,No Apparent Injury,N/A,NOT DISTRACTED,PA,PASSENGER CAR,MOVING CONSTANT SPEED,40,No,2013,NISSAN,4S,39.11171333,-77.07609667,2022,12,8
220054205,Property Damage Crash,12/08/2022 07:28:00 AM,BEL PRE RD,NA,SAME DIR REAR END,Clear,WET,Daylight,OTHER,NONE DETECTED,Yes,No Apparent Injury,"N/A, WET",INATTENTIVE OR LOST IN THOUGHT,MD,PASSENGER CAR,SLOWING OR STOPPING,35,No,2015,TOYT,SD,39.09046,-77.05044,2022,12,7
220054205,Property Damage Crash,12/08/2022 07:28:00 AM,BEL PRE RD,NA,SAME DIR REAR END,Clear,WET,Daylight,OTHER,NONE DETECTED,No,No Apparent Injury,"N/A, WET",NOT DISTRACTED,MD,PASSENGER CAR,SLOWING OR STOPPING,35,No,2003,TOYT,PV,39.09046,-77.05044,2022,12,7
220054202,Property Damage Crash,12/08/2022 07:17:00 AM,COLESVILLE RD,NA,SAME DIRECTION SIDESWIPE,Clear,DRY,Daylight,N/A,NONE DETECTED,Unknown,No Apparent Injury,N/A,LOOKED BUT DID NOT SEE,MD,PASSENGER CAR,MOVING CONSTANT SPEED,30,No,2013,HYUN,SD,39.04605667,-76.99029667,2022,12,7
220054202,Property Damage Crash,12/08/2022 07:17:00 AM,COLESVILLE RD,NA,SAME DIRECTION SIDESWIPE,Clear,DRY,Daylight,N/A,NONE DETECTED,Unknown,No Apparent Injury,N/A,NOT DISTRACTED,MD,TRANSIT BUS,CHANGING LANES,30,No,2020,NOVA,BU,39.04605667,-76.99029667,2022,12,7
220054197,Property Damage Crash,12/08/2022 04:47:00 AM,COLUMBIA PIKE,NA,SINGLE VEHICLE,Cloudy,WET,Medium,N/A,NONE DETECTED,No,No Apparent Injury,N/A,NOT DISTRACTED,PA,AMBULANCE/EMERGENCY,MOVING CONSTANT SPEED,50,No,2020,FORD,F650,39.04643333,-76.99394,2022,12,4
220054186,Property Damage Crash,12/07/2022 11:45:00 PM,OLD COLUMBIA PIKE,NA,SINGLE VEHICLE,Cloudy,N/A,Medium,N/A,NONE DETECTED,Yes,No Apparent Injury,"N/A, WET",UNKNOWN,MD,PASSENGER CAR,UNKNOWN,0,No,2017,FORD,4S,39.1136125,-76.93147667,2022,12,23
220054180,Property Damage Crash,12/07/2022 11:00:00 PM,WOODFIELD RD,NA,STRAIGHT MOVEMENT ANGLE,Cloudy,WET,Medium,STOP SIGN,NONE DETECTED,Unknown,No Apparent Injury,"SMOG, SMOKE, WET",NOT DISTRACTED,MD,PASSENGER CAR,ACCELERATING,40,No,2019,LEXUS,SUV,39.25634733,-77.200521,2022,12,23
220054180,Property Damage Crash,12/07/2022 11:00:00 PM,WOODFIELD RD,NA,STRAIGHT MOVEMENT ANGLE,Cloudy,WET,Medium,STOP SIGN,NONE DETECTED,Unknown,No Apparent Injury,"SMOG, SMOKE, WET",NOT DISTRACTED,MD,PASSENGER CAR,MOVING CONSTANT SPEED,40,No,1987,CHEV,CORVETTE,39.25634733,-77.200521,2022,12,23
220054136,Property Damage Crash,12/07/2022 06:09:00 PM,NA,NA,SINGLE VEHICLE,Clear,NA,Medium,NO CONTROLS,NONE DETECTED,Yes,No Apparent Injury,N/A,LOOKED BUT DID NOT SEE,MD,POLICE VEHICLE/EMERGENCY,MAKING RIGHT TURN,25,No,2019,DODGE,CHARGER,39.12660333,-77.20507167,2022,12,18
220054131,Property Damage Crash,12/07/2022 06:08:00 PM,GEORGIA AVE,NA,SAME DIRECTION LEFT TURN,Clear,DRY,Medium,N/A,NONE DETECTED,No,No Apparent Injury,N/A,NOT DISTRACTED,MD,(SPORT) UTILITY VEHICLE,MOVING CONSTANT SPEED,35,No,2018,TOYOTA,RAV4,39.00619208,-77.03883792,2022,12,18
220054131,Property Damage Crash,12/07/2022 06:08:00 PM,GEORGIA AVE,NA,SAME DIRECTION LEFT TURN,Clear,DRY,Medium,N/A,NONE DETECTED,Yes,No Apparent Injury,N/A,NOT DISTRACTED,MD,POLICE VEHICLE/EMERGENCY,MAKING LEFT TURN,35,No,2022,HYUNDAI,4S,39.00619208,-77.03883792,2022,12,18
220054125,Property Damage Crash,12/07/2022 05:40:00 PM,DIAMONDBACK DR,NA,STRAIGHT MOVEMENT ANGLE,Clear,DRY,Medium,TRAFFIC SIGNAL,NONE DETECTED,Yes,No Apparent Injury,N/A,UNKNOWN,MD,PASSENGER CAR,MOVING CONSTANT SPEED,35,No,2006,TOYT,SD,39.11493633,-77.2113205,2022,12,17
220054125,Property Damage Crash,12/07/2022 05:40:00 PM,DIAMONDBACK DR,NA,STRAIGHT MOVEMENT ANGLE,Clear,DRY,Medium,TRAFFIC SIGNAL,NONE DETECTED,No,No Apparent Injury,N/A,NOT DISTRACTED,MD,PASSENGER CAR,MOVING CONSTANT SPEED,35,No,2017,TOYT,4S,39.11493633,-77.2113205,2022,12,17
220053905,Property Damage Crash,12/07/2022 04:23:00 PM,NA,NA,SAME DIRECTION SIDESWIPE,Clear,NA,Medium,NO CONTROLS,NONE DETECTED,Yes,No Apparent Injury,N/A,LOOKED BUT DID NOT SEE,MD,SCHOOL BUS,MOVING CONSTANT SPEED,0,No,2012,THOM,BUS,39.04584436,-76.97553753,2022,12,16
220054111,Property Damage Crash,12/07/2022 04:21:00 PM,ROCKVILLE PIKE,NA,SAME DIR REAR END,Cloudy,WET,Medium,N/A,NONE DETECTED,No,No Apparent Injury,"N/A, WET",NOT DISTRACTED,MD,POLICE VEHICLE/EMERGENCY,SLOWING OR STOPPING,40,No,2014,DODGE,CHARGER,39.02877671,-77.10407773,2022,12,16
220054111,Property Damage Crash,12/07/2022 04:21:00 PM,ROCKVILLE PIKE,NA,SAME DIR REAR END,Cloudy,WET,Medium,N/A,NONE DETECTED,Yes,No Apparent Injury,"N/A, WET",NOT DISTRACTED,MD,POLICE VEHICLE/EMERGENCY,MOVING CONSTANT SPEED,40,No,2016,FORD,INTERCEPTOR,39.02877671,-77.10407773,2022,12,16
220054106,Injury Crash,12/07/2022 04:17:00 PM,NA,MACHINE OPERATOR/RIDER,STRAIGHT MOVEMENT ANGLE,Clear,NA,Medium,NO CONTROLS,NONE DETECTED,No,No Apparent Injury,"RAIN, SNOW, WET",NOT DISTRACTED,MD,(SPORT) UTILITY VEHICLE,MOVING CONSTANT SPEED,15,No,2021,HOND,CRV,39.04691333,-77.09962833,2022,12,16
220054087,Property Damage Crash,12/07/2022 03:37:00 PM,GOSHEN RD,NA,SAME DIR REAR END,Cloudy,WET,Daylight,NO CONTROLS,NONE DETECTED,Yes,No Apparent Injury,"N/A, WET",NOT DISTRACTED,MD,PASSENGER CAR,SLOWING OR STOPPING,35,No,2000,TOY,CAMRY,39.17388,-77.189435,2022,12,15
220054087,Property Damage Crash,12/07/2022 03:37:00 PM,GOSHEN RD,NA,SAME DIR REAR END,Cloudy,WET,Daylight,NO CONTROLS,NONE DETECTED,No,No Apparent Injury,"N/A, WET",NOT DISTRACTED,MD,PASSENGER CAR,SLOWING OR STOPPING,35,No,2016,TOY,HIGHLANDER,39.17388,-77.189435,2022,12,15
220054082,Injury Crash,12/07/2022 02:31:00 PM,COLUMBIA PIKE,NA,STRAIGHT MOVEMENT ANGLE,Cloudy,WET,Daylight,TRAFFIC SIGNAL,NONE DETECTED,No,Possible Minor Injury,"N/A, WET",NOT DISTRACTED,MD,(SPORT) UTILITY VEHICLE,MAKING LEFT TURN,35,No,2007,HUMMER,H3,39.11152282,-76.92867143,2022,12,14
220054082,Injury Crash,12/07/2022 02:31:00 PM,COLUMBIA PIKE,NA,STRAIGHT MOVEMENT ANGLE,Cloudy,WET,Daylight,TRAFFIC SIGNAL,NONE DETECTED,Yes,No Apparent Injury,"N/A, WET",LOOKED BUT DID NOT SEE,MD,PASSENGER CAR,MOVING CONSTANT SPEED,40,No,2007,HYUNDAI,SONATA,39.11152282,-76.92867143,2022,12,14
220054084,Property Damage Crash,12/07/2022 02:10:00 PM,RIVER RD,NA,SAME DIR REAR END,Cloudy,WET,Daylight,TRAFFIC SIGNAL,NONE DETECTED,No,No Apparent Injury,"N/A, WET",NOT DISTRACTED,MD,(SPORT) UTILITY VEHICLE,STARTING FROM LANE,35,No,2022,KIA,TELLURIDE,38.97358933,-77.12244433,2022,12,14
220054084,Property Damage Crash,12/07/2022 02:10:00 PM,RIVER RD,NA,SAME DIR REAR END,Cloudy,WET,Daylight,TRAFFIC SIGNAL,NONE DETECTED,Yes,No Apparent Injury,"N/A, WET",NOT DISTRACTED,MD,(SPORT) UTILITY VEHICLE,STARTING FROM LANE,35,No,2015,HONDA,CRV,38.97358933,-77.12244433,2022,12,14
220054086,Property Damage Crash,12/07/2022 02:05:00 PM,BRIGGS CHANEY RD,NA,HEAD ON LEFT TURN,Clear,WET,Daylight,TRAFFIC SIGNAL,NONE DETECTED,Yes,No Apparent Injury,"N/A, WET",UNKNOWN,MD,PASSENGER CAR,MAKING RIGHT TURN,35,No,2020,MINI,COOPER,39.10847733,-76.99786327,2022,12,14
220054086,Property Damage Crash,12/07/2022 02:05:00 PM,BRIGGS CHANEY RD,NA,HEAD ON LEFT TURN,Clear,WET,Daylight,TRAFFIC SIGNAL,NONE DETECTED,No,No Apparent Injury,"N/A, WET",NOT DISTRACTED,MD,PASSENGER CAR,MAKING LEFT TURN,35,No,2016,HONDA,ODYSSEY,39.10847733,-76.99786327,2022,12,14
220054068,Injury Crash,12/07/2022 01:43:00 PM,NA,NA,OTHER,Cloudy,NA,Daylight,NO CONTROLS,NONE DETECTED,Yes,Possible Minor Injury,"N/A, WET",DISTRACTED BY OUTSIDE PERSON OBJECT OR EVENT,MD,(SPORT) UTILITY VEHICLE,BACKING,5,No,2021,LEXS,UT,39.04018,-77.15596667,2022,12,13
220054068,Injury Crash,12/07/2022 01:43:00 PM,NA,NA,OTHER,Cloudy,NA,Daylight,NO CONTROLS,NONE DETECTED,No,No Apparent Injury,"N/A, WET",NOT DISTRACTED,WV,FIRE VEHICLE/EMERGENCY,MOVING CONSTANT SPEED,5,No,2008,SPAR,TK,39.04018,-77.15596667,2022,12,13
220054063,Injury Crash,12/07/2022 01:15:00 PM,WYNNFIELD DR,NA,OTHER,Cloudy,WET,Daylight,NO CONTROLS,NONE DETECTED,Yes,Possible Minor Injury,N/A,UNKNOWN,MD,PASSENGER CAR,MAKING LEFT TURN,25,No,2013,TOYOTA,CAMRY,39.18736371,-77.27918447,2022,12,13
220054057,Property Damage Crash,12/07/2022 12:59:00 PM,GEORGIA AVE,NA,SAME DIR REAR END,Cloudy,WET,Daylight,NO CONTROLS,NONE DETECTED,No,No Apparent Injury,"N/A, WET",NOT DISTRACTED,MD,PASSENGER CAR,SLOWING OR STOPPING,35,No,2016,HOND,TK,39.06071333,-77.05187,2022,12,12
220054057,Property Damage Crash,12/07/2022 12:59:00 PM,GEORGIA AVE,NA,SAME DIR REAR END,Cloudy,WET,Daylight,NO CONTROLS,NONE DETECTED,Yes,No Apparent Injury,"N/A, WET",INATTENTIVE OR LOST IN THOUGHT,MD,PASSENGER CAR,SLOWING OR STOPPING,35,No,2011,NISSAN,SENTRA,39.06071333,-77.05187,2022,12,12
220054061,Injury Crash,12/07/2022 12:56:00 PM,NA,PEDESTRIAN,OTHER,Cloudy,NA,Daylight,N/A,NONE DETECTED,Yes,No Apparent Injury,"RAIN, SNOW, WET",UNKNOWN,MD,(SPORT) UTILITY VEHICLE,BACKING,5,No,2022,ACURA,MDX,39.01824983,-77.2069875,2022,12,12
220054052,Injury Crash,12/07/2022 12:41:00 PM,NORBECK RD,NA,STRAIGHT MOVEMENT ANGLE,Cloudy,WET,Daylight,TRAFFIC SIGNAL,NONE DETECTED,No,Possible Minor Injury,"N/A, WET",NOT DISTRACTED,MD,PASSENGER CAR,MOVING CONSTANT SPEED,50,No,2001,JEEP,UT,39.09515183,-77.11247633,2022,12,12
220054052,Injury Crash,12/07/2022 12:41:00 PM,NORBECK RD,NA,STRAIGHT MOVEMENT ANGLE,Cloudy,WET,Daylight,TRAFFIC SIGNAL,NONE DETECTED,Yes,No Apparent Injury,"N/A, WET",LOOKED BUT DID NOT SEE,MD,PASSENGER CAR,MAKING LEFT TURN,35,No,2020,LEXS,4S,39.09515183,-77.11247633,2022,12,12
220054048,Property Damage Crash,12/07/2022 12:30:00 PM,PRINCE PHILIP DR,NA,SINGLE VEHICLE,Snow,WET,Daylight,NO CONTROLS,NONE DETECTED,Yes,No Apparent Injury,"SLEET, HAIL, FREEZ. RAIN, WET",NOT DISTRACTED,MD,PASSENGER CAR,SKIDDING,30,No,2009,NISSAN,4S,39.14328667,-77.05892667,2022,12,12
220054054,Property Damage Crash,12/07/2022 12:30:00 PM,NA,NA,STRAIGHT MOVEMENT ANGLE,Cloudy,NA,Daylight,NO CONTROLS,NONE DETECTED,Yes,No Apparent Injury,N/A,UNKNOWN,MD,PASSENGER CAR,BACKING,5,No,2014,TOYOTA,CAMRY,39.14302527,-77.21783217,2022,12,12
220054054,Property Damage Crash,12/07/2022 12:30:00 PM,NA,NA,STRAIGHT MOVEMENT ANGLE,Cloudy,NA,Daylight,NO CONTROLS,NONE DETECTED,No,No Apparent Injury,N/A,NOT DISTRACTED,MD,PASSENGER CAR,MOVING CONSTANT SPEED,5,No,2019,NISSAN,SD,39.14302527,-77.21783217,2022,12,12
220054039,Injury Crash,12/07/2022 11:53:00 AM,ROCKVILLE PIKE,NA,SAME DIR REAR END,Cloudy,WET,Daylight,TRAFFIC SIGNAL,NONE DETECTED,No,No Apparent Injury,"N/A, WET",NOT DISTRACTED,VA,PASSENGER CAR,SLOWING OR STOPPING,40,No,2019,SUBA,TK,39.05654933,-77.1196355,2022,12,11
220054039,Injury Crash,12/07/2022 11:53:00 AM,ROCKVILLE PIKE,NA,SAME DIR REAR END,Cloudy,WET,Daylight,TRAFFIC SIGNAL,NONE DETECTED,Yes,No Apparent Injury,"N/A, WET",NOT DISTRACTED,MD,PASSENGER CAR,MOVING CONSTANT SPEED,40,No,2015,TOYT,4S,39.05654933,-77.1196355,2022,12,11
220054039,Injury Crash,12/07/2022 11:53:00 AM,ROCKVILLE PIKE,NA,SAME DIR REAR END,Cloudy,WET,Daylight,TRAFFIC SIGNAL,NONE DETECTED,No,No Apparent Injury,"N/A, WET",NOT DISTRACTED,MD,PASSENGER CAR,SLOWING OR STOPPING,40,No,2019,LEXU,TK,39.05654933,-77.1196355,2022,12,11
220054051,Property Damage Crash,12/07/2022 11:50:00 AM,NA,NA,SINGLE VEHICLE,Rain,NA,Daylight,NO CONTROLS,NONE DETECTED,Yes,No Apparent Injury,"N/A, WET",LOOKED BUT DID NOT SEE,MD,PASSENGER CAR,PARKING,15,No,2015,GMC,TK,39.04220167,-77.05154667,2022,12,11
220054038,Property Damage Crash,12/07/2022 11:50:00 AM,RANDOLPH RD,NA,SAME DIR REND RIGHT TURN,Rain,WET,Daylight,TRAFFIC SIGNAL,NONE DETECTED,No,No Apparent Injury,"RAIN, SNOW, WET",NOT DISTRACTED,MD,PASSENGER CAR,STOPPED IN TRAFFIC LANE,35,No,2021,HOND,UT,39.06435833,-77.03896333,2022,12,11
220054038,Property Damage Crash,12/07/2022 11:50:00 AM,RANDOLPH RD,NA,SAME DIR REND RIGHT TURN,Rain,WET,Daylight,TRAFFIC SIGNAL,NONE DETECTED,Yes,No Apparent Injury,"RAIN, SNOW, WET",UNKNOWN,MD,SCHOOL BUS,SLOWING OR STOPPING,35,No,2021,THOMAS,CONV-MSDE-C-8,39.06435833,-77.03896333,2022,12,11
220054066,Property Damage Crash,12/07/2022 11:30:00 AM,OXFORD ST,NA,OTHER,Rain,WET,Daylight,N/A,NONE DETECTED,Yes,No Apparent Injury,"RAIN, SNOW, WET",UNKNOWN,NA,UNKNOWN,UNKNOWN,25,No,0,UNKNOWN,UNKNOWN,38.97472167,-77.0698745,2022,12,11
22002124,Property Damage Crash,12/07/2022 11:10:00 AM,SLIGO CREEK PKWY,NA,OTHER,Rain,WET,Daylight,NO CONTROLS,NONE DETECTED,Unknown,No Apparent Injury,"N/A, WET",NOT DISTRACTED,MD,VAN,MOVING CONSTANT SPEED,25,No,2016,RAM,VN,38.9940252,-77.0046105,2022,12,11
22002124,Property Damage Crash,12/07/2022 11:10:00 AM,SLIGO CREEK PKWY,NA,OTHER,Rain,WET,Daylight,NO CONTROLS,NONE DETECTED,No,No Apparent Injury,"N/A, WET",NOT DISTRACTED,MD,PASSENGER CAR,MOVING CONSTANT SPEED,25,No,2015,TOYT,SD,38.9940252,-77.0046105,2022,12,11
220054034,Injury Crash,12/07/2022 10:56:00 AM,GROSVENOR LA,NA,HEAD ON LEFT TURN,Rain,WET,Daylight,TRAFFIC SIGNAL,NONE DETECTED,Yes,Possible Minor Injury,N/A,LOOKED BUT DID NOT SEE,DC,PASSENGER CAR,MOVING CONSTANT SPEED,35,No,2021,TESLA,UTL,39.02228333,-77.10278667,2022,12,10
220054034,Injury Crash,12/07/2022 10:56:00 AM,GROSVENOR LA,NA,HEAD ON LEFT TURN,Rain,WET,Daylight,TRAFFIC SIGNAL,NONE DETECTED,No,Possible Minor Injury,N/A,NOT DISTRACTED,MD,PASSENGER CAR,STARTING FROM LANE,35,No,2022,LINC,CORSAIR,39.02228333,-77.10278667,2022,12,10
220054026,Property Damage Crash,12/07/2022 10:07:00 AM,MONTROSE PKWY,NA,SINGLE VEHICLE,Rain,WET,Daylight,N/A,NONE DETECTED,Yes,No Apparent Injury,"RAIN, SNOW, WET",UNKNOWN,MD,PASSENGER CAR,CHANGING LANES,35,No,2020,FORD,MUSTANG,39.05098167,-77.1313785,2022,12,10
220054024,Property Damage Crash,12/07/2022 10:05:00 AM,PINEY BRANCH RD,NA,STRAIGHT MOVEMENT ANGLE,Rain,WET,Daylight,NO CONTROLS,NONE DETECTED,No,No Apparent Injury,"N/A, WET",NOT DISTRACTED,VA,PASSENGER CAR,MOVING CONSTANT SPEED,40,No,2016,NISS,ROGUE,38.99962551,-76.99538726,2022,12,10
220054024,Property Damage Crash,12/07/2022 10:05:00 AM,PINEY BRANCH RD,NA,STRAIGHT MOVEMENT ANGLE,Rain,WET,Daylight,NO CONTROLS,NONE DETECTED,Yes,No Apparent Injury,"N/A, WET",LOOKED BUT DID NOT SEE,XX,PASSENGER CAR,MAKING LEFT TURN,40,No,2008,HOND,ODYSSEY,38.99962551,-76.99538726,2022,12,10
220054006,Injury Crash,12/07/2022 08:42:00 AM,GEORGIA AVE,NA,STRAIGHT MOVEMENT ANGLE,Rain,WET,Daylight,NO CONTROLS,NONE DETECTED,Yes,Possible Minor Injury,"RAIN, SNOW, WET",LOOKED BUT DID NOT SEE,MD,PASSENGER CAR,STARTING FROM LANE,35,No,2013,HONDA,CRV,39.06523761,-77.05771938,2022,12,8
220054006,Injury Crash,12/07/2022 08:42:00 AM,GEORGIA AVE,NA,STRAIGHT MOVEMENT ANGLE,Rain,WET,Daylight,NO CONTROLS,NONE DETECTED,No,No Apparent Injury,"RAIN, SNOW, WET",NOT DISTRACTED,MD,PASSENGER CAR,MOVING CONSTANT SPEED,35,No,2015,FORD,F150,39.06523761,-77.05771938,2022,12,8
220054012,Property Damage Crash,12/07/2022 08:36:00 AM,MASSACHUSETTS AVE,NA,OTHER,Rain,WET,Daylight,NO CONTROLS,NONE DETECTED,No,No Apparent Injury,"RAIN, SNOW, WET",NOT DISTRACTED,MD,PASSENGER CAR,STOPPED IN TRAFFIC LANE,35,No,2010,HONDA,ACCORD,38.95477333,-77.10470167,2022,12,8
220054012,Property Damage Crash,12/07/2022 08:36:00 AM,MASSACHUSETTS AVE,NA,OTHER,Rain,WET,Daylight,NO CONTROLS,NONE DETECTED,No,No Apparent Injury,"RAIN, SNOW, WET",NOT DISTRACTED,DC,PASSENGER CAR,SLOWING OR STOPPING,35,No,2016,FORD,PV,38.95477333,-77.10470167,2022,12,8
220054012,Property Damage Crash,12/07/2022 08:36:00 AM,MASSACHUSETTS AVE,NA,OTHER,Rain,WET,Daylight,NO CONTROLS,NONE DETECTED,Yes,No Apparent Injury,"RAIN, SNOW, WET",UNKNOWN,MD,PASSENGER CAR,SLOWING OR STOPPING,35,No,2017,NISSAN,ROGUE,38.95477333,-77.10470167,2022,12,8
20053996,Property Damage Crash,12/07/2022 08:00:00 AM,BRINK RD,NA,STRAIGHT MOVEMENT ANGLE,Rain,WET,Daylight,NO CONTROLS,NONE DETECTED,No,No Apparent Injury,N/A,NOT DISTRACTED,MD,PASSENGER CAR,MOVING CONSTANT SPEED,40,No,2016,BUICK,VERANO,39.20475683,-77.21107967,2022,12,8
20053996,Property Damage Crash,12/07/2022 08:00:00 AM,BRINK RD,NA,STRAIGHT MOVEMENT ANGLE,Rain,WET,Daylight,NO CONTROLS,NONE DETECTED,Yes,No Apparent Injury,N/A,LOOKED BUT DID NOT SEE,MD,"CARGO VAN/LIGHT TRUCK 2 AXLES (OVER 10,000LBS (4,536 KG))",STARTING FROM LANE,40,No,2000,FORD,UTILIMASTER,39.20475683,-77.21107967,2022,12,8
220053992,Property Damage Crash,12/07/2022 07:34:00 AM,SHADY GROVE RD,NA,SINGLE VEHICLE,Rain,WET,Daylight,NO CONTROLS,NONE DETECTED,Yes,No Apparent Injury,"N/A, WET",UNKNOWN,MD,PASSENGER CAR,MOVING CONSTANT SPEED,40,No,2014,HONDA,CRV,39.086414,-77.212961,2022,12,7
220053990,Property Damage Crash,12/07/2022 07:30:00 AM,CONNECTICUT AVE,NA,SAME DIR REAR END,Rain,WET,Daylight,TRAFFIC SIGNAL,NONE DETECTED,Yes,No Apparent Injury,"RAIN, SNOW, WET",NOT DISTRACTED,MD,PASSENGER CAR,SLOWING OR STOPPING,40,No,2014,HOND,CIVIC,39.0520555,-77.07486433,2022,12,7
220053990,Property Damage Crash,12/07/2022 07:30:00 AM,CONNECTICUT AVE,NA,SAME DIR REAR END,Rain,WET,Daylight,TRAFFIC SIGNAL,NONE DETECTED,No,No Apparent Injury,"RAIN, SNOW, WET",NOT DISTRACTED,MD,PASSENGER CAR,STOPPED IN TRAFFIC LANE,40,No,2011,JEEP,WRANGLER,39.0520555,-77.07486433,2022,12,7