Local Case Number,ACRS Report Type,Crash Date/Time,Road Name,Related Non-Motorist,Collision Type,Weather,Surface Condition,Light,Traffic Control,Driver Substance Abuse,Driver At Fault,Injury Severity,Circumstance,Driver Distracted By,Drivers License State,Vehicle Body Type,Vehicle Movement,Speed Limit,Driverless Vehicle,Vehicle Year,Vehicle Make,Vehicle Model,Latitude,Longitude,Year,Month,Hour
220053984,Injury Crash,12/07/2022 06:49:00 AM,WOODFIELD RD,NA,STRAIGHT MOVEMENT ANGLE,Cloudy,WET,Medium,NO CONTROLS,NONE DETECTED,No,No Apparent Injury,"N/A, V WIPERS|W OTHER ENVIRONMENTAL",NOT DISTRACTED,MD,PASSENGER CAR,MOVING CONSTANT SPEED,50,No,2008,NISSAN,ROGUE,39.21579,-77.17289833,2022,12,6
220053986,Property Damage Crash,12/07/2022 06:49:00 AM,SHADY GROVE RD,NA,SAME DIR REAR END,Cloudy,WET,Medium,NO CONTROLS,NONE DETECTED,No,No Apparent Injury,"N/A, WET",NOT DISTRACTED,MD,(SPORT) UTILITY VEHICLE,SLOWING OR STOPPING,45,No,2021,NISS,UT,39.12903305,-77.16712237,2022,12,6
220053986,Property Damage Crash,12/07/2022 06:49:00 AM,SHADY GROVE RD,NA,SAME DIR REAR END,Cloudy,WET,Medium,NO CONTROLS,NONE DETECTED,Yes,No Apparent Injury,"N/A, WET",NOT DISTRACTED,MD,(SPORT) UTILITY VEHICLE,SKIDDING,45,No,2020,JEEP,TK,39.12903305,-77.16712237,2022,12,6
220053984,Injury Crash,12/07/2022 06:49:00 AM,WOODFIELD RD,NA,STRAIGHT MOVEMENT ANGLE,Cloudy,WET,Medium,NO CONTROLS,NONE DETECTED,No,No Apparent Injury,"N/A, V WIPERS|W OTHER ENVIRONMENTAL",LOOKED BUT DID NOT SEE,MD,OTHER,ACCELERATING,50,No,2000,INTERNATIONAL,490,39.21579,-77.17289833,2022,12,6
220053984,Injury Crash,12/07/2022 06:49:00 AM,WOODFIELD RD,NA,STRAIGHT MOVEMENT ANGLE,Cloudy,WET,Medium,NO CONTROLS,NONE DETECTED,Yes,Possible Minor Injury,"N/A, V WIPERS|W OTHER ENVIRONMENTAL",UNKNOWN,MD,PASSENGER CAR,MOVING CONSTANT SPEED,50,No,2013,HYUNDAI,ELANTRA,39.21579,-77.17289833,2022,12,6
220053891,Property Damage Crash,12/07/2022 05:29:00 AM,WB CONNECTICUT AVE.,NA,SAME DIRECTION RIGHT TURN,Cloudy,WET,Medium,TRAFFIC SIGNAL,NONE DETECTED,Yes,No Apparent Injury,"N/A, WET",NOT DISTRACTED,MD,PASSENGER CAR,CHANGING LANES,40,No,2007,NISSAN,TK,39.084085,-77.07695417,2022,12,5
220053891,Property Damage Crash,12/07/2022 05:29:00 AM,WB CONNECTICUT AVE.,NA,SAME DIRECTION RIGHT TURN,Cloudy,WET,Medium,TRAFFIC SIGNAL,NONE DETECTED,No,No Apparent Injury,"N/A, WET",NOT DISTRACTED,MD,TRANSIT BUS,STOPPED IN TRAFFIC LANE,40,No,2009,GILLIE,LOW FLOOR,39.084085,-77.07695417,2022,12,5
220053979,Property Damage Crash,12/07/2022 03:19:00 AM,MIDCOUNTY HWY,NA,SINGLE VEHICLE,Cloudy,WET,Medium,FLASHING TRAFFIC SIGNAL,NONE DETECTED,No,No Apparent Injury,"SMOG, SMOKE, WET",NOT DISTRACTED,MD,PASSENGER CAR,MOVING CONSTANT SPEED,45,No,2022,MAZDA,3,39.15105919,-77.17381493,2022,12,3
220053975,Property Damage Crash,12/07/2022 12:35:00 AM,WOODMONT AVE,NA,OTHER,Clear,WET,Medium,FLASHING TRAFFIC SIGNAL,NONE DETECTED,Yes,No Apparent Injury,N/A,NOT DISTRACTED,MD,PASSENGER CAR,MOVING CONSTANT SPEED,25,No,2023,HYUNDAI,SANTA CRUZ,38.98604517,-77.09632583,2022,12,0
220053969,Property Damage Crash,12/06/2022 11:07:00 PM,NA,NA,SINGLE VEHICLE,Clear,NA,Medium,N/A,ALCOHOL PRESENT,Yes,No Apparent Injury,N/A,UNKNOWN,MD,PASSENGER CAR,ACCELERATING,10,No,2013,HONDA,ACCORD,39.16234123,-77.22410427,2022,12,23
220053971,Property Damage Crash,12/06/2022 11:05:00 PM,CHARLES RD,NA,SAME DIR REAR END,Rain,WET,Dark,NO CONTROLS,NONE DETECTED,Yes,No Apparent Injury,"SLEET, HAIL, FREEZ. RAIN, WET",NOT DISTRACTED,MD,PASSENGER CAR,MOVING CONSTANT SPEED,25,No,2006,CHEVROLET,4S,39.05017,-77.08347833,2022,12,23
220053967,Property Damage Crash,12/06/2022 10:50:00 PM,COLESVILLE RD,NA,STRAIGHT MOVEMENT ANGLE,Rain,WET,Medium,TRAFFIC SIGNAL,NONE DETECTED,Yes,No Apparent Injury,"RAIN, SNOW, WET",UNKNOWN,FL,PASSENGER CAR,MOVING CONSTANT SPEED,35,No,2021,TOYOTA,4RUNNER,38.99608667,-77.028535,2022,12,22
220053967,Property Damage Crash,12/06/2022 10:50:00 PM,COLESVILLE RD,NA,STRAIGHT MOVEMENT ANGLE,Rain,WET,Medium,TRAFFIC SIGNAL,NONE DETECTED,No,No Apparent Injury,"RAIN, SNOW, WET",NOT DISTRACTED,DC,TRANSIT BUS,ACCELERATING,35,No,2016,GILL,BU,38.99608667,-77.028535,2022,12,22
220053956,Property Damage Crash,12/06/2022 09:23:00 PM,EDMONSTON DR,NA,STRAIGHT MOVEMENT ANGLE,Rain,WET,Medium,NO CONTROLS,NONE DETECTED,No,No Apparent Injury,"RAIN, SNOW, WET",UNKNOWN,MD,PASSENGER CAR,MOVING CONSTANT SPEED,25,No,2003,TOYOTA,COROLLA,39.07501517,-77.13414217,2022,12,21
220053956,Property Damage Crash,12/06/2022 09:23:00 PM,EDMONSTON DR,NA,STRAIGHT MOVEMENT ANGLE,Rain,WET,Medium,NO CONTROLS,NONE DETECTED,Yes,No Apparent Injury,"RAIN, SNOW, WET",UNKNOWN,MD,PASSENGER CAR,ENTERING TRAFFIC LANE,25,No,2019,HONDA,UT,39.07501517,-77.13414217,2022,12,21
220053943,Property Damage Crash,12/06/2022 07:27:00 PM,NA,NA,SAME DIRECTION SIDESWIPE,Rain,NA,Medium,STOP SIGN,NONE DETECTED,No,No Apparent Injury,N/A,UNKNOWN,XX,VAN,STOPPED IN TRAFFIC LANE,15,No,2006,FORD,VN,39.12790631,-77.206303,2022,12,19
220053943,Property Damage Crash,12/06/2022 07:27:00 PM,NA,NA,SAME DIRECTION SIDESWIPE,Rain,NA,Medium,STOP SIGN,NONE DETECTED,Yes,No Apparent Injury,N/A,UNKNOWN,MD,PASSENGER CAR,PASSING,15,No,2014,HONDA,CRV,39.12790631,-77.206303,2022,12,19
220053938,Property Damage Crash,12/06/2022 07:15:00 PM,DUFIEF MILL RD,NA,STRAIGHT MOVEMENT ANGLE,Rain,WET,Medium,STOP SIGN,NONE DETECTED,Yes,No Apparent Injury,"RAIN, SNOW, WET",UNKNOWN,MD,PASSENGER CAR,MAKING LEFT TURN,35,No,2014,LEXS,ES 300H,39.09787,-77.22844833,2022,12,19
220053938,Property Damage Crash,12/06/2022 07:15:00 PM,DUFIEF MILL RD,NA,STRAIGHT MOVEMENT ANGLE,Rain,WET,Medium,STOP SIGN,NONE DETECTED,No,No Apparent Injury,"RAIN, SNOW, WET",NOT DISTRACTED,MD,PICKUP TRUCK,MOVING CONSTANT SPEED,35,No,2007,LINCOLN,MARK LT,39.09787,-77.22844833,2022,12,19
220053936,Property Damage Crash,12/06/2022 07:03:00 PM,PINEY BRANCH RD,NA,SAME DIR REAR END,Clear,WET,Medium,TRAFFIC SIGNAL,ALCOHOL PRESENT,Yes,No Apparent Injury,"N/A, WET",OTHER DISTRACTION,MD,PASSENGER CAR,MOVING CONSTANT SPEED,35,No,2020,HONDA,CRV,38.99905063,-76.99724168,2022,12,19
220053937,Property Damage Crash,12/06/2022 07:03:00 PM,BEL PRE RD,NA,ANGLE MEETS LEFT TURN,Rain,WET,Dark,STOP SIGN,NONE DETECTED,No,No Apparent Injury,"RAIN, SNOW, WET",NOT DISTRACTED,MD,PASSENGER CAR,MOVING CONSTANT SPEED,30,No,2007,CHEV,COBALT,39.09135333,-77.06670833,2022,12,19
220053937,Property Damage Crash,12/06/2022 07:03:00 PM,BEL PRE RD,NA,ANGLE MEETS LEFT TURN,Rain,WET,Dark,STOP SIGN,NONE DETECTED,Yes,No Apparent Injury,"RAIN, SNOW, WET",LOOKED BUT DID NOT SEE,MD,PASSENGER CAR,MAKING LEFT TURN,30,No,2004,CHEV,PK,39.09135333,-77.06670833,2022,12,19
220053936,Property Damage Crash,12/06/2022 07:03:00 PM,PINEY BRANCH RD,NA,SAME DIR REAR END,Clear,WET,Medium,TRAFFIC SIGNAL,NONE DETECTED,No,No Apparent Injury,"N/A, WET",NOT DISTRACTED,MD,PASSENGER CAR,STOPPED IN TRAFFIC LANE,35,No,2001,NISSAN,XTERRA,38.99905063,-76.99724168,2022,12,19
220053931,Property Damage Crash,12/06/2022 06:40:00 PM,RIVER RD,OTHER,SINGLE VEHICLE,Rain,WET,Medium,NO CONTROLS,NONE DETECTED,Yes,No Apparent Injury,"RAIN, SNOW, WET",UNKNOWN,ON,PASSENGER CAR,ACCELERATING,40,No,2019,MITSUBISHI,MIRAGE,39.078879,-77.32789483,2022,12,18
220053926,Injury Crash,12/06/2022 06:14:00 PM,NA,PEDESTRIAN,OTHER,Rain,NA,Medium,NO CONTROLS,NONE DETECTED,Yes,No Apparent Injury,"N/A, WET",LOOKED BUT DID NOT SEE,MD,(SPORT) UTILITY VEHICLE,MAKING LEFT TURN,10,No,2016,FORD,EXPLORER,39.02388833,-77.124185,2022,12,18
220053965,Property Damage Crash,12/06/2022 06:08:00 PM,WIRE AVE,NA,SAME DIR REAR END,Rain,WET,Dark,NO CONTROLS,NONE DETECTED,Yes,No Apparent Injury,N/A,UNKNOWN,NA,PASSENGER CAR,UNKNOWN,25,No,2015,NISSAN,ALTIMA,39.0071608,-77.01093362,2022,12,18
220053924,Property Damage Crash,12/06/2022 05:51:00 PM,GEORGIA AVE,NA,SAME DIRECTION SIDESWIPE,Rain,WET,Medium,TRAFFIC SIGNAL,NONE DETECTED,Yes,No Apparent Injury,"RAIN, SNOW, WET",UNKNOWN,NA,UNKNOWN,CHANGING LANES,35,No,0,UNKNOWN,UNKNOWN,39.005985,-77.03866833,2022,12,17
220053924,Property Damage Crash,12/06/2022 05:51:00 PM,GEORGIA AVE,NA,SAME DIRECTION SIDESWIPE,Rain,WET,Medium,TRAFFIC SIGNAL,NONE DETECTED,No,No Apparent Injury,"RAIN, SNOW, WET",NOT DISTRACTED,MD,PASSENGER CAR,STOPPED IN TRAFFIC LANE,35,No,2015,HONDA,ACCORD,39.005985,-77.03866833,2022,12,17
220053917,Injury Crash,12/06/2022 05:24:00 PM,CONNECTICUT AVE,NA,SAME DIR REAR END,Rain,WET,Medium,OTHER,NONE DETECTED,No,No Apparent Injury,"RAIN, SNOW, WET",NOT DISTRACTED,MD,PASSENGER CAR,STOPPED IN TRAFFIC LANE,30,No,2015,TOY,SUV,39.08981667,-77.07154167,2022,12,17
220053917,Injury Crash,12/06/2022 05:24:00 PM,CONNECTICUT AVE,NA,SAME DIR REAR END,Rain,WET,Medium,OTHER,NONE DETECTED,Yes,No Apparent Injury,"RAIN, SNOW, WET",NOT DISTRACTED,MD,PASSENGER CAR,SLOWING OR STOPPING,30,No,2016,HYUN,ELANTRA,39.08981667,-77.07154167,2022,12,17
220053916,Property Damage Crash,12/06/2022 05:15:00 PM,BRIGGS CHANEY RD,NA,ANGLE MEETS LEFT TURN,Rain,WET,Dark,NO CONTROLS,NONE DETECTED,Yes,No Apparent Injury,"N/A, WET",LOOKED BUT DID NOT SEE,DC,PASSENGER CAR,MAKING LEFT TURN,35,No,2016,INFINITI,UT,39.0788105,-76.94490217,2022,12,17
220053916,Property Damage Crash,12/06/2022 05:15:00 PM,BRIGGS CHANEY RD,NA,ANGLE MEETS LEFT TURN,Rain,WET,Dark,NO CONTROLS,NONE DETECTED,No,No Apparent Injury,"N/A, WET",NOT DISTRACTED,MD,PASSENGER CAR,MOVING CONSTANT SPEED,35,No,2014,MAZD,UT,39.0788105,-76.94490217,2022,12,17
220053910,Property Damage Crash,12/06/2022 05:15:00 PM,SHADY GROVE RD,NA,SAME DIR REAR END,Rain,WET,Medium,NO CONTROLS,NONE DETECTED,No,No Apparent Injury,"RAIN, SNOW, WET",NOT DISTRACTED,MD,PASSENGER CAR,SLOWING OR STOPPING,35,No,2004,TOYOTA,COROLLA,39.11535459,-77.18526974,2022,12,17
220053910,Property Damage Crash,12/06/2022 05:15:00 PM,SHADY GROVE RD,NA,SAME DIR REAR END,Rain,WET,Medium,NO CONTROLS,NONE DETECTED,Yes,No Apparent Injury,"RAIN, SNOW, WET",NOT DISTRACTED,MD,POLICE VEHICLE/EMERGENCY,SKIDDING,35,No,2016,FORD,TAURUS,39.11535459,-77.18526974,2022,12,17
220053904,Property Damage Crash,12/06/2022 04:46:00 PM,LOST KNIFE RD,NA,STRAIGHT MOVEMENT ANGLE,Rain,WET,Medium,YIELD SIGN,NONE DETECTED,No,No Apparent Injury,"N/A, RAIN, SNOW",NOT DISTRACTED,MD,PASSENGER CAR,MOVING CONSTANT SPEED,35,No,2001,HOND,ODY,39.15633833,-77.20258333,2022,12,16
220053904,Property Damage Crash,12/06/2022 04:46:00 PM,LOST KNIFE RD,NA,STRAIGHT MOVEMENT ANGLE,Rain,WET,Medium,YIELD SIGN,NONE DETECTED,Yes,No Apparent Injury,"N/A, RAIN, SNOW",NOT DISTRACTED,MD,PASSENGER CAR,MAKING LEFT TURN,35,No,2020,TOYOTA,CHR,39.15633833,-77.20258333,2022,12,16
220053911,Property Damage Crash,12/06/2022 04:45:00 PM,BEACH DR,NA,HEAD ON,Rain,WET,Medium,NO CONTROLS,NONE DETECTED,No,No Apparent Injury,"RAIN, SNOW, WET",NOT DISTRACTED,MD,SCHOOL BUS,STOPPED IN TRAFFIC LANE,25,No,2016,THOMAS,BUS,39.03300333,-77.08455333,2022,12,16
220053911,Property Damage Crash,12/06/2022 04:45:00 PM,BEACH DR,NA,HEAD ON,Rain,WET,Medium,NO CONTROLS,NONE DETECTED,Yes,No Apparent Injury,"RAIN, SNOW, WET",LOOKED BUT DID NOT SEE,MD,PASSENGER CAR,MOVING CONSTANT SPEED,25,No,1997,TOYT,COROLLA,39.03300333,-77.08455333,2022,12,16
220053901,Property Damage Crash,12/06/2022 04:00:00 PM,FREDERICK RD,NA,SAME DIR REAR END,Rain,WET,Dark,TRAFFIC SIGNAL,DRUG PRESENT,Yes,No Apparent Injury,N/A,INATTENTIVE OR LOST IN THOUGHT,MD,PASSENGER CAR,SLOWING OR STOPPING,40,No,2007,TOYOTA,COROLLA,39.11561018,-77.16609785,2022,12,16
220053901,Property Damage Crash,12/06/2022 04:00:00 PM,FREDERICK RD,NA,SAME DIR REAR END,Rain,WET,Dark,TRAFFIC SIGNAL,NONE DETECTED,No,No Apparent Injury,N/A,NOT DISTRACTED,MD,PASSENGER CAR,STOPPED IN TRAFFIC LANE,40,No,2016,SUBARU,FORESTER,39.11561018,-77.16609785,2022,12,16
220053886,Property Damage Crash,12/06/2022 03:19:00 PM,RANDOLPH RD,NA,SAME DIR REAR END,Rain,WET,Daylight,NO CONTROLS,NONE DETECTED,No,No Apparent Injury,"RAIN, SNOW, WET",NOT DISTRACTED,MD,PASSENGER CAR,SLOWING OR STOPPING,35,No,2020,TOYT,SD,39.05727098,-77.07591492,2022,12,15
220053886,Property Damage Crash,12/06/2022 03:19:00 PM,RANDOLPH RD,NA,SAME DIR REAR END,Rain,WET,Daylight,NO CONTROLS,NONE DETECTED,Yes,No Apparent Injury,"RAIN, SNOW, WET",LOOKED BUT DID NOT SEE,NJ,PASSENGER CAR,SLOWING OR STOPPING,35,No,2022,TOYOTA,COROLLA,39.05727098,-77.07591492,2022,12,15
220053887,Injury Crash,12/06/2022 03:17:00 PM,QUINCE ORCHARD RD,NA,OTHER,Rain,WET,Daylight,N/A,NONE DETECTED,No,Possible Minor Injury,N/A,NOT DISTRACTED,GA,"CARGO VAN/LIGHT TRUCK 2 AXLES (OVER 10,000LBS (4,536 KG))",MOVING CONSTANT SPEED,35,No,2018,FORD,PICKUP TRUCK,39.12418046,-77.24745579,2022,12,15
220053887,Injury Crash,12/06/2022 03:17:00 PM,QUINCE ORCHARD RD,NA,OTHER,Rain,WET,Daylight,N/A,NONE DETECTED,Yes,Possible Minor Injury,N/A,UNKNOWN,MD,PASSENGER CAR,MOVING CONSTANT SPEED,35,No,2007,FORD,EXPLORER,39.12418046,-77.24745579,2022,12,15
220053888,Property Damage Crash,12/06/2022 03:00:00 PM,MIDCOUNTY HWY,NA,SAME DIR REAR END,Rain,WET,Daylight,TRAFFIC SIGNAL,NONE DETECTED,Yes,No Apparent Injury,"SLEET, HAIL, FREEZ. RAIN, WET",NOT DISTRACTED,MD,SCHOOL BUS,SLOWING OR STOPPING,50,No,2013,THOMAS,BU,39.1510767,-77.17491147,2022,12,15
220053888,Property Damage Crash,12/06/2022 03:00:00 PM,MIDCOUNTY HWY,NA,SAME DIR REAR END,Rain,WET,Daylight,TRAFFIC SIGNAL,NONE DETECTED,No,No Apparent Injury,"SLEET, HAIL, FREEZ. RAIN, WET",NOT DISTRACTED,MD,PASSENGER CAR,SLOWING OR STOPPING,50,No,2020,HONDA,CIVIC,39.1510767,-77.17491147,2022,12,15
220053882,Property Damage Crash,12/06/2022 02:49:00 PM,NA,NA,SAME DIRECTION SIDESWIPE,Rain,NA,Daylight,NO CONTROLS,NONE DETECTED,Unknown,No Apparent Injury,"N/A, WET",NOT DISTRACTED,MD,SCHOOL BUS,MOVING CONSTANT SPEED,5,No,2022,THMS,BU,39.07986476,-77.1461838,2022,12,14
220053882,Property Damage Crash,12/06/2022 02:49:00 PM,NA,NA,SAME DIRECTION SIDESWIPE,Rain,NA,Daylight,NO CONTROLS,NONE DETECTED,Unknown,No Apparent Injury,"N/A, WET",NOT DISTRACTED,MD,SCHOOL BUS,MOVING CONSTANT SPEED,5,No,2022,THMS,BU,39.07986476,-77.1461838,2022,12,14
220053884,Property Damage Crash,12/06/2022 02:48:00 PM,NEW HAMPSHIRE AVE,NA,STRAIGHT MOVEMENT ANGLE,Rain,WET,Daylight,TRAFFIC SIGNAL,NONE DETECTED,No,No Apparent Injury,"RAIN, SNOW, WET",NOT DISTRACTED,MD,PASSENGER CAR,MOVING CONSTANT SPEED,35,No,2004,HOND,4S,38.98836217,-76.98817367,2022,12,14
220053884,Property Damage Crash,12/06/2022 02:48:00 PM,NEW HAMPSHIRE AVE,NA,STRAIGHT MOVEMENT ANGLE,Rain,WET,Daylight,TRAFFIC SIGNAL,NONE DETECTED,Yes,No Apparent Injury,"RAIN, SNOW, WET",NOT DISTRACTED,MD,PICKUP TRUCK,CHANGING LANES,35,No,2015,CHEVROLET,SILVERADO,38.98836217,-76.98817367,2022,12,14
220053878,Property Damage Crash,12/06/2022 02:46:00 PM,FIRSTFIELD RD,NA,SINGLE VEHICLE,Rain,WET,Daylight,N/A,NONE DETECTED,Yes,No Apparent Injury,"RAIN, SNOW, WET",NOT DISTRACTED,MD,(SPORT) UTILITY VEHICLE,ACCELERATING,30,No,2000,JEEP,TK,39.14206217,-77.224263,2022,12,14
220053877,Property Damage Crash,12/06/2022 02:30:00 PM,RANDOLPH RD,NA,SINGLE VEHICLE,Rain,WET,Daylight,TRAFFIC SIGNAL,NONE DETECTED,Yes,No Apparent Injury,"RAIN, SNOW, WET",UNKNOWN,MD,PASSENGER CAR,MOVING CONSTANT SPEED,35,No,2007,LEXUS,SD,39.092455,-77.04575667,2022,12,14
220053874,Injury Crash,12/06/2022 02:05:00 PM,OBSERVATION DR,NA,STRAIGHT MOVEMENT ANGLE,Cloudy,WET,Daylight,TRAFFIC SIGNAL,NONE DETECTED,No,Possible Minor Injury,"N/A, WET",NOT DISTRACTED,MD,PASSENGER CAR,STOPPED IN TRAFFIC LANE,35,No,2018,HONDA,CLARITY,39.197816,-77.254351,2022,12,14
220053874,Injury Crash,12/06/2022 02:05:00 PM,OBSERVATION DR,NA,STRAIGHT MOVEMENT ANGLE,Cloudy,WET,Daylight,TRAFFIC SIGNAL,NONE DETECTED,Yes,Possible Minor Injury,"N/A, WET",LOOKED BUT DID NOT SEE,MD,(SPORT) UTILITY VEHICLE,MAKING LEFT TURN,35,No,2016,LEXUS,GX460,39.197816,-77.254351,2022,12,14
220053874,Injury Crash,12/06/2022 02:05:00 PM,OBSERVATION DR,NA,STRAIGHT MOVEMENT ANGLE,Cloudy,WET,Daylight,TRAFFIC SIGNAL,NONE DETECTED,No,Possible Minor Injury,"N/A, WET",NOT DISTRACTED,MD,(SPORT) UTILITY VEHICLE,MOVING CONSTANT SPEED,35,No,2014,JEEP,LATITUDE,39.197816,-77.254351,2022,12,14
220053864,Property Damage Crash,12/06/2022 01:25:00 PM,NA,NA,OTHER,Rain,NA,Daylight,NO CONTROLS,NONE DETECTED,Yes,No Apparent Injury,"N/A, RAIN, SNOW",LOOKED BUT DID NOT SEE,MD,(SPORT) UTILITY VEHICLE,PARKING,5,No,2023,TOYOTA,HIGHLANDER,39.061335,-76.96004614,2022,12,13
220053858,Property Damage Crash,12/06/2022 01:19:00 PM,UNIVERSITY BLVD E,NA,SAME DIR REAR END,Rain,WET,Daylight,NO CONTROLS,NONE DETECTED,No,No Apparent Injury,"N/A, WET",NOT DISTRACTED,MD,PASSENGER CAR,SLOWING OR STOPPING,35,No,2000,HOND,ACCORD,39.00618359,-76.99759459,2022,12,13
220053858,Property Damage Crash,12/06/2022 01:19:00 PM,UNIVERSITY BLVD E,NA,SAME DIR REAR END,Rain,WET,Daylight,NO CONTROLS,NONE DETECTED,Yes,No Apparent Injury,"N/A, WET",UNKNOWN,NA,PASSENGER CAR,MOVING CONSTANT SPEED,35,No,2000,FORD,F-150,39.00618359,-76.99759459,2022,12,13
220053850,Property Damage Crash,12/06/2022 12:40:00 PM,CHERRY HILL RD,NA,SINGLE VEHICLE,Rain,WET,Daylight,TRAFFIC SIGNAL,NONE DETECTED,Yes,No Apparent Injury,"N/A, WET",NOT DISTRACTED,MD,(SPORT) UTILITY VEHICLE,MOVING CONSTANT SPEED,30,No,2004,ACUR,MDX,39.052493,-76.953926,2022,12,12
220053843,Property Damage Crash,12/06/2022 12:25:00 PM,GOOD HOPE RD,NA,SINGLE VEHICLE,Rain,WET,Daylight,NO CONTROLS,NONE DETECTED,Yes,No Apparent Injury,"N/A, WET",NOT DISTRACTED,MD,PASSENGER CAR,NEGOTIATING A CURVE,30,No,2007,HONDA,CIVIC,39.09393,-76.99463833,2022,12,12
220053838,Property Damage Crash,12/06/2022 11:30:00 AM,NA,NA,UNKNOWN,Rain,NA,Daylight,N/A,NONE DETECTED,Yes,No Apparent Injury,N/A,INATTENTIVE OR LOST IN THOUGHT,MD,PASSENGER CAR,PARKING,5,No,2019,TOYOTA,HIGHLANDER,39.0976291,-77.19131159,2022,12,11
220053828,Injury Crash,12/06/2022 11:04:00 AM,OLD GEORGETOWN RD,NA,HEAD ON LEFT TURN,Cloudy,WET,Daylight,TRAFFIC SIGNAL,NONE DETECTED,No,No Apparent Injury,N/A,NOT DISTRACTED,MD,(SPORT) UTILITY VEHICLE,MAKING LEFT TURN,40,No,2022,FORD,ESAPE,39.03119667,-77.12642833,2022,12,11
220053828,Injury Crash,12/06/2022 11:04:00 AM,OLD GEORGETOWN RD,NA,HEAD ON LEFT TURN,Cloudy,WET,Daylight,TRAFFIC SIGNAL,NONE DETECTED,Yes,Possible Minor Injury,N/A,UNKNOWN,MD,PASSENGER CAR,MOVING CONSTANT SPEED,40,No,2014,TOYOTA,CAMRY,39.03119667,-77.12642833,2022,12,11
220053826,Property Damage Crash,12/06/2022 10:52:00 AM,ASHTON RD,NA,SINGLE VEHICLE,Cloudy,WET,Daylight,NO CONTROLS,NONE DETECTED,Yes,No Apparent Injury,"RAIN, SNOW, WET",NOT DISTRACTED,MD,PASSENGER CAR,SLOWING OR STOPPING,45,No,2005,GMC,TK,39.160815,-76.97504333,2022,12,10
220053822,Property Damage Crash,12/06/2022 10:47:00 AM,MONTGOMERY VILLAGE AVE,NA,SAME DIR REND RIGHT TURN,Rain,WET,Daylight,TRAFFIC SIGNAL,NONE DETECTED,No,No Apparent Injury,"RAIN, SNOW, WET",NOT DISTRACTED,MD,PASSENGER CAR,STOPPED IN TRAFFIC LANE,35,No,2011,HOND,TK,39.150575,-77.21130965,2022,12,10
220053822,Property Damage Crash,12/06/2022 10:47:00 AM,MONTGOMERY VILLAGE AVE,NA,SAME DIR REND RIGHT TURN,Rain,WET,Daylight,TRAFFIC SIGNAL,NONE DETECTED,Yes,No Apparent Injury,"RAIN, SNOW, WET",NOT DISTRACTED,MD,PASSENGER CAR,SLOWING OR STOPPING,35,No,2015,HONDA,TK,39.150575,-77.21130965,2022,12,10
220053824,Injury Crash,12/06/2022 10:38:00 AM,SENECA RD,NA,SINGLE VEHICLE,Cloudy,WET,Daylight,OTHER,NONE DETECTED,Yes,Possible Minor Injury,"RAIN, SNOW, WET",UNKNOWN,MD,PASSENGER CAR,MOVING CONSTANT SPEED,45,No,2006,TOYOTA,CAMRY,39.0817685,-77.31175533,2022,12,10
220053827,Property Damage Crash,12/06/2022 10:29:00 AM,BRISBANE ST,NA,SAME DIRECTION SIDESWIPE,Cloudy,WET,Daylight,NO CONTROLS,NONE DETECTED,Unknown,No Apparent Injury,N/A,NOT DISTRACTED,MD,TRUCK TRACTOR,STARTING FROM LANE,25,No,2017,MACK,ST,39.02069842,-77.04168,2022,12,10
220053827,Property Damage Crash,12/06/2022 10:29:00 AM,BRISBANE ST,NA,SAME DIRECTION SIDESWIPE,Cloudy,WET,Daylight,NO CONTROLS,NONE DETECTED,Unknown,No Apparent Injury,N/A,UNKNOWN,MD,"CARGO VAN/LIGHT TRUCK 2 AXLES (OVER 10,000LBS (4,536 KG))",PARKED,25,No,2003,FORD,F250,39.02069842,-77.04168,2022,12,10
220053813,Property Damage Crash,12/06/2022 09:45:00 AM,NORTHAMPTON DR,NA,SAME DIRECTION SIDESWIPE,Rain,WET,Daylight,TRAFFIC SIGNAL,NONE DETECTED,Unknown,No Apparent Injury,"RAIN, SNOW, WET",NOT DISTRACTED,MD,TRANSIT BUS,PASSING,25,No,2015,TBU,BUS,39.00707683,-76.98010783,2022,12,9
220053813,Property Damage Crash,12/06/2022 09:45:00 AM,NORTHAMPTON DR,NA,SAME DIRECTION SIDESWIPE,Rain,WET,Daylight,TRAFFIC SIGNAL,NONE DETECTED,No,No Apparent Injury,"RAIN, SNOW, WET",NOT DISTRACTED,MD,PASSENGER CAR,STOPPED IN TRAFFIC LANE,25,No,2018,HONDA,CIVIC,39.00707683,-76.98010783,2022,12,9
220053811,Property Damage Crash,12/06/2022 09:27:00 AM,PINEY BRANCH RD,NA,SAME DIRECTION SIDESWIPE,Rain,WET,Daylight,NO CONTROLS,NONE DETECTED,No,No Apparent Injury,"RAIN, SNOW, WET",NOT DISTRACTED,MD,PASSENGER CAR,MOVING CONSTANT SPEED,35,No,1998,TOYT,CAMRY,38.99689733,-77.005072,2022,12,9
220053811,Property Damage Crash,12/06/2022 09:27:00 AM,PINEY BRANCH RD,NA,SAME DIRECTION SIDESWIPE,Rain,WET,Daylight,NO CONTROLS,NONE DETECTED,Yes,No Apparent Injury,"RAIN, SNOW, WET",LOOKED BUT DID NOT SEE,MD,(SPORT) UTILITY VEHICLE,MAKING LEFT TURN,35,No,2005,NISSAN,PATHFINDER,38.99689733,-77.005072,2022,12,9
220053804,Injury Crash,12/06/2022 08:30:00 AM,ASHTON RD,NA,OPPOSITE DIRECTION SIDESWIPE,Cloudy,WET,Daylight,NO CONTROLS,NONE DETECTED,No,No Apparent Injury,"SLEET, HAIL, FREEZ. RAIN, WET",NOT DISTRACTED,MD,PASSENGER CAR,MOVING CONSTANT SPEED,35,No,2010,LINCOLN,4S,39.16051817,-76.97580976,2022,12,8
220053804,Injury Crash,12/06/2022 08:30:00 AM,ASHTON RD,NA,OPPOSITE DIRECTION SIDESWIPE,Cloudy,WET,Daylight,NO CONTROLS,NONE DETECTED,Yes,Possible Minor Injury,"SLEET, HAIL, FREEZ. RAIN, WET",NOT DISTRACTED,MD,PASSENGER CAR,MOVING CONSTANT SPEED,35,No,2007,FORD,FUSION,39.16051817,-76.97580976,2022,12,8
220053802,Property Damage Crash,12/06/2022 08:16:00 AM,COLUMBIA PIKE,NA,SINGLE VEHICLE,Rain,WET,Daylight,N/A,NONE DETECTED,Yes,No Apparent Injury,"RAIN, SNOW, WET",LOOKED BUT DID NOT SEE,MD,(SPORT) UTILITY VEHICLE,MOVING CONSTANT SPEED,15,No,2003,TOYOTA,4RUNNER,39.08503721,-76.9476235,2022,12,8
220053801,Property Damage Crash,12/06/2022 08:00:00 AM,RAMP 2 FR DEMOCRACY BLVD TO IS 270Y NB,NA,SINGLE VEHICLE,Rain,WET,Daylight,NO CONTROLS,NONE DETECTED,Yes,No Apparent Injury,"RAIN, SNOW, WET",NOT DISTRACTED,VA,PASSENGER CAR,MOVING CONSTANT SPEED,25,No,2004,VOLVO,XC90,39.01998333,-77.14293,2022,12,8