Local Case Number,ACRS Report Type,Crash Date/Time,Road Name,Related Non-Motorist,Collision Type,Weather,Surface Condition,Light,Traffic Control,Driver Substance Abuse,Driver At Fault,Injury Severity,Circumstance,Driver Distracted By,Drivers License State,Vehicle Body Type,Vehicle Movement,Speed Limit,Driverless Vehicle,Vehicle Year,Vehicle Make,Vehicle Model,Latitude,Longitude,Year,Month,Hour
220053799,Property Damage Crash,12/06/2022 07:53:00 AM,FATHER HURLEY BLVD,NA,SAME DIR REAR END,Rain,WET,Daylight,TRAFFIC SIGNAL,NONE DETECTED,Yes,No Apparent Injury,"RAIN, SNOW, WET",LOOKED BUT DID NOT SEE,MD,"CARGO VAN/LIGHT TRUCK 2 AXLES (OVER 10,000LBS (4,536 KG))",MAKING RIGHT TURN,40,No,2020,CHEVY,4500 (VAN CARGO),39.19345833,-77.269865,2022,12,7
220053799,Property Damage Crash,12/06/2022 07:53:00 AM,FATHER HURLEY BLVD,NA,SAME DIR REAR END,Rain,WET,Daylight,TRAFFIC SIGNAL,NONE DETECTED,No,No Apparent Injury,"RAIN, SNOW, WET",NOT DISTRACTED,MD,PASSENGER CAR,MAKING LEFT TURN,40,No,2018,TOYOTA,CAMRY,39.19345833,-77.269865,2022,12,7
220053793,Property Damage Crash,12/06/2022 05:43:00 AM,TOWER OAKS BLVD,NA,SINGLE VEHICLE,Rain,WET,Dark,TRAFFIC SIGNAL,NONE DETECTED,Unknown,No Apparent Injury,"RAIN, SNOW, WET",NOT DISTRACTED,MD,PASSENGER CAR,UNKNOWN,35,No,2007,HONDA,CRV,39.055695,-77.14964333,2022,12,5
220053786,Property Damage Crash,12/06/2022 01:14:00 AM,BETHESDA CHURCH RD,NA,SINGLE VEHICLE,Clear,DRY,Dark,NO CONTROLS,NONE DETECTED,No,No Apparent Injury,N/A,NOT DISTRACTED,MD,POLICE VEHICLE/NON EMERGENCY,MOVING CONSTANT SPEED,30,No,2019,DODG,CHARGER,39.29176,-77.22432667,2022,12,1
220053782,Injury Crash,12/05/2022 09:00:00 PM,NA,NA,STRAIGHT MOVEMENT ANGLE,Clear,NA,Medium,STOP SIGN,NONE DETECTED,No,Possible Minor Injury,N/A,NOT DISTRACTED,MD,PASSENGER CAR,MOVING CONSTANT SPEED,0,No,2015,HYUNDAI,SONATA,39.05543835,-77.11734648,2022,12,21
220053782,Injury Crash,12/05/2022 09:00:00 PM,NA,NA,STRAIGHT MOVEMENT ANGLE,Clear,NA,Medium,STOP SIGN,NONE DETECTED,Yes,No Apparent Injury,N/A,UNKNOWN,MD,PASSENGER CAR,MOVING CONSTANT SPEED,0,No,2021,TOYOTA,CAMRY,39.05543835,-77.11734648,2022,12,21
220053762,Property Damage Crash,12/05/2022 07:47:00 PM,UNIVERSITY BLVD W,NA,SAME DIRECTION SIDESWIPE,Clear,DRY,Medium,N/A,ALCOHOL PRESENT,Yes,No Apparent Injury,N/A,LOOKED BUT DID NOT SEE,MD,PASSENGER CAR,MOVING CONSTANT SPEED,40,No,2002,TOYOTA,TACOMA,39.02209133,-77.01490733,2022,12,19
220053762,Property Damage Crash,12/05/2022 07:47:00 PM,UNIVERSITY BLVD W,NA,SAME DIRECTION SIDESWIPE,Clear,DRY,Medium,N/A,NONE DETECTED,No,No Apparent Injury,N/A,NOT DISTRACTED,MD,PASSENGER CAR,MOVING CONSTANT SPEED,40,No,2010,FORD,TK,39.02209133,-77.01490733,2022,12,19
220053761,Property Damage Crash,12/05/2022 07:41:00 PM,COLESVILLE RD,NA,SAME DIR REAR END,Clear,DRY,Medium,NO CONTROLS,NONE DETECTED,No,No Apparent Injury,N/A,NOT DISTRACTED,MD,PASSENGER CAR,SLOWING OR STOPPING,30,No,2018,TOYOYA,RAV4,38.99298983,-77.03232283,2022,12,19
220053761,Property Damage Crash,12/05/2022 07:41:00 PM,COLESVILLE RD,NA,SAME DIR REAR END,Clear,DRY,Medium,NO CONTROLS,NONE DETECTED,Yes,No Apparent Injury,N/A,UNKNOWN,NA,PASSENGER CAR,SLOWING OR STOPPING,30,No,2022,TOYOTA,CAMRY,38.99298983,-77.03232283,2022,12,19
220053755,Property Damage Crash,12/05/2022 06:53:00 PM,ZION RD,NA,SINGLE VEHICLE,Clear,DRY,Medium,NO CONTROLS,NONE DETECTED,Yes,No Apparent Injury,"DEBRIS OR OBSTRUCTION, N/A",NOT DISTRACTED,MD,PASSENGER CAR,MOVING CONSTANT SPEED,35,No,2017,JEEP,4D,39.21369874,-77.09040757,2022,12,18
220053751,Property Damage Crash,12/05/2022 06:43:00 PM,NA,NA,OPPOSITE DIRECTION SIDESWIPE,Clear,NA,Medium,N/A,NONE DETECTED,No,No Apparent Injury,N/A,NOT DISTRACTED,MD,PASSENGER CAR,MOVING CONSTANT SPEED,25,No,2019,HONDA,HRV,39.145305,-77.21961833,2022,12,18
220053751,Property Damage Crash,12/05/2022 06:43:00 PM,NA,NA,OPPOSITE DIRECTION SIDESWIPE,Clear,NA,Medium,N/A,NONE DETECTED,Yes,No Apparent Injury,N/A,UNKNOWN,MD,PASSENGER CAR,ACCELERATING,25,No,2021,JEEP,GRAND CHEROKEE,39.145305,-77.21961833,2022,12,18
220053736,Property Damage Crash,12/05/2022 05:07:00 PM,GEORGIA AVE,NA,SAME DIRECTION RIGHT TURN,Clear,DRY,Medium,NO CONTROLS,NONE DETECTED,Unknown,No Apparent Injury,N/A,NOT DISTRACTED,MD,PASSENGER CAR,MOVING CONSTANT SPEED,30,No,2022,KIA,OPTIMA,39.0264714,-77.04636624,2022,12,17
220053736,Property Damage Crash,12/05/2022 05:07:00 PM,GEORGIA AVE,NA,SAME DIRECTION RIGHT TURN,Clear,DRY,Medium,NO CONTROLS,NONE DETECTED,Unknown,No Apparent Injury,N/A,NOT DISTRACTED,VA,TRANSIT BUS,MOVING CONSTANT SPEED,30,No,2010,DE4,BUS,39.0264714,-77.04636624,2022,12,17
220053728,Property Damage Crash,12/05/2022 04:31:00 PM,CENTURY BLVD,NA,SAME DIRECTION RIGHT TURN,Clear,DRY,Medium,NO CONTROLS,NONE DETECTED,Yes,No Apparent Injury,N/A,LOOKED BUT DID NOT SEE,MD,PASSENGER CAR,MAKING RIGHT TURN,25,No,2018,HOND,4S,39.183341,-77.26246167,2022,12,16
220053728,Property Damage Crash,12/05/2022 04:31:00 PM,CENTURY BLVD,NA,SAME DIRECTION RIGHT TURN,Clear,DRY,Medium,NO CONTROLS,NONE DETECTED,No,No Apparent Injury,N/A,NOT DISTRACTED,WV,TRANSIT BUS,MOVING CONSTANT SPEED,25,No,2021,GILG,BU,39.183341,-77.26246167,2022,12,16
220053710,Injury Crash,12/05/2022 03:24:00 PM,NA,NA,SINGLE VEHICLE,Clear,NA,Daylight,NO CONTROLS,ALCOHOL PRESENT,Yes,Possible Minor Injury,N/A,UNKNOWN,MD,PASSENGER CAR,UNKNOWN,25,No,2009,CHEVROLET,EQUINOX,39.1888382,-77.27185994,2022,12,15
220053707,Injury Crash,12/05/2022 03:04:00 PM,GEORGIA AVE,NA,SAME DIR REAR END,Clear,DRY,Daylight,TRAFFIC SIGNAL,NONE DETECTED,No,Possible Minor Injury,"BACKUP DUE TO REGULAR CONGESTION, N/A",NOT DISTRACTED,MD,(SPORT) UTILITY VEHICLE,SLOWING OR STOPPING,35,No,2011,TOYOTA,VN,39.00767894,-77.03978612,2022,12,15
220053707,Injury Crash,12/05/2022 03:04:00 PM,GEORGIA AVE,NA,SAME DIR REAR END,Clear,DRY,Daylight,TRAFFIC SIGNAL,NONE DETECTED,No,Possible Minor Injury,"BACKUP DUE TO REGULAR CONGESTION, N/A",NOT DISTRACTED,NJ,(SPORT) UTILITY VEHICLE,SLOWING OR STOPPING,35,No,2021,MAZDA,UT,39.00767894,-77.03978612,2022,12,15
220053707,Injury Crash,12/05/2022 03:04:00 PM,GEORGIA AVE,NA,SAME DIR REAR END,Clear,DRY,Daylight,TRAFFIC SIGNAL,NONE DETECTED,Yes,No Apparent Injury,"BACKUP DUE TO REGULAR CONGESTION, N/A",LOOKED BUT DID NOT SEE,MD,PICKUP TRUCK,MOVING CONSTANT SPEED,35,No,2010,CHEVY,SILVERADO,39.00767894,-77.03978612,2022,12,15
220053704,Property Damage Crash,12/05/2022 03:00:00 PM,ROCKVILLE PIKE,NA,SAME DIR REND RIGHT TURN,Clear,DRY,Daylight,NO CONTROLS,NONE DETECTED,Yes,No Apparent Injury,N/A,NOT DISTRACTED,MD,PASSENGER CAR,MOVING CONSTANT SPEED,45,No,2012,MAZDA,3,39.0572505,-77.1199776,2022,12,15
220053704,Property Damage Crash,12/05/2022 03:00:00 PM,ROCKVILLE PIKE,NA,SAME DIR REND RIGHT TURN,Clear,DRY,Daylight,NO CONTROLS,NONE DETECTED,No,No Apparent Injury,N/A,NOT DISTRACTED,MD,PASSENGER CAR,MAKING RIGHT TURN,45,No,2012,NISSAN,VERSA,39.0572505,-77.1199776,2022,12,15
220053703,Injury Crash,12/05/2022 02:50:00 PM,WOODFIELD RD,NA,ANGLE MEETS LEFT TURN,Clear,DRY,Daylight,TRAFFIC SIGNAL,NONE DETECTED,No,Possible Minor Injury,N/A,NOT DISTRACTED,MD,(SPORT) UTILITY VEHICLE,MOVING CONSTANT SPEED,35,No,2007,CHEV,TK,39.15639833,-77.16533833,2022,12,14
220053703,Injury Crash,12/05/2022 02:50:00 PM,WOODFIELD RD,NA,ANGLE MEETS LEFT TURN,Clear,DRY,Daylight,TRAFFIC SIGNAL,NONE DETECTED,Yes,Possible Minor Injury,N/A,LOOKED BUT DID NOT SEE,XX,VAN,MAKING LEFT TURN,35,No,2004,NISSAN,QUEST,39.15639833,-77.16533833,2022,12,14
220053679,Injury Crash,12/05/2022 12:54:00 PM,RANDOLPH RD,NA,STRAIGHT MOVEMENT ANGLE,Clear,DRY,Daylight,TRAFFIC SIGNAL,NONE DETECTED,No,No Apparent Injury,N/A,NOT DISTRACTED,MD,PASSENGER CAR,MOVING CONSTANT SPEED,35,No,2018,BMW,4S,39.05911068,-77.06884284,2022,12,12
220053679,Injury Crash,12/05/2022 12:54:00 PM,RANDOLPH RD,NA,STRAIGHT MOVEMENT ANGLE,Clear,DRY,Daylight,TRAFFIC SIGNAL,NONE DETECTED,Yes,Possible Minor Injury,N/A,LOOKED BUT DID NOT SEE,MD,VAN,ACCELERATING,35,No,2020,CHRYSLER,VOYAGER,39.05911068,-77.06884284,2022,12,12
220053670,Property Damage Crash,12/05/2022 12:25:00 PM,W MONTGOMERY AVE,NA,SAME DIR REAR END,Clear,DRY,Daylight,TRAFFIC SIGNAL,NONE DETECTED,Yes,No Apparent Injury,N/A,NOT DISTRACTED,MD,PASSENGER CAR,SLOWING OR STOPPING,35,No,2012,TOYOTA,CAMRY,39.08374419,-77.15676163,2022,12,12
220053670,Property Damage Crash,12/05/2022 12:25:00 PM,W MONTGOMERY AVE,NA,SAME DIR REAR END,Clear,DRY,Daylight,TRAFFIC SIGNAL,NONE DETECTED,No,No Apparent Injury,N/A,NOT DISTRACTED,MD,PASSENGER CAR,STOPPED IN TRAFFIC LANE,35,No,2007,TOYOTA,YARIS,39.08374419,-77.15676163,2022,12,12
220053662,Injury Crash,12/05/2022 11:31:00 AM,THAYER AVE,NA,SAME DIRECTION RIGHT TURN,Clear,N/A,Daylight,NO CONTROLS,NONE DETECTED,Yes,No Apparent Injury,N/A,UNKNOWN,MD,(SPORT) UTILITY VEHICLE,MOVING CONSTANT SPEED,35,No,2014,TOYOTA,TK,38.99141,-77.01166,2022,12,11
220053662,Injury Crash,12/05/2022 11:31:00 AM,THAYER AVE,NA,SAME DIRECTION RIGHT TURN,Clear,N/A,Daylight,NO CONTROLS,NONE DETECTED,No,No Apparent Injury,N/A,NOT DISTRACTED,MD,PASSENGER CAR,MAKING LEFT TURN,35,No,2017,HONDA,HB,38.99141,-77.01166,2022,12,11
220053654,Property Damage Crash,12/05/2022 10:35:00 AM,CURRIER DR,NA,OTHER,Clear,DRY,Daylight,N/A,NONE DETECTED,Yes,No Apparent Injury,N/A,NOT DISTRACTED,MD,"OTHER LIGHT TRUCKS (10,000LBS (4,536KG) OR LESS)",SLOWING OR STOPPING,15,No,2004,AUTOCAR,TRUCK,39.08176209,-77.17656706,2022,12,10
220053644,Property Damage Crash,12/05/2022 09:53:00 AM,FENTON ST,NA,SAME DIRECTION SIDESWIPE,Clear,DRY,Daylight,NO CONTROLS,NONE DETECTED,Yes,No Apparent Injury,N/A,UNKNOWN,MD,TRANSIT BUS,CHANGING LANES,35,No,2012,GILL,BUS,38.99235667,-77.02401333,2022,12,9
220053644,Property Damage Crash,12/05/2022 09:53:00 AM,FENTON ST,NA,SAME DIRECTION SIDESWIPE,Clear,DRY,Daylight,NO CONTROLS,NONE DETECTED,No,No Apparent Injury,N/A,UNKNOWN,MD,"MEDIUM/HEAVY TRUCKS 3 AXLES (OVER 10,000LBS (4,536KG))",PARKED,35,No,2001,INTL,DUMP TRUCK,38.99235667,-77.02401333,2022,12,9
220053638,Property Damage Crash,12/05/2022 09:25:00 AM,WOODFIELD RD,NA,SAME DIR REAR END,Clear,DRY,Daylight,TRAFFIC SIGNAL,NONE DETECTED,Yes,No Apparent Injury,N/A,LOOKED BUT DID NOT SEE,MD,SCHOOL BUS,SLOWING OR STOPPING,35,No,2020,THMS,BUS,39.16972833,-77.15402,2022,12,9
220053638,Property Damage Crash,12/05/2022 09:25:00 AM,WOODFIELD RD,NA,SAME DIR REAR END,Clear,DRY,Daylight,TRAFFIC SIGNAL,NONE DETECTED,No,No Apparent Injury,N/A,NOT DISTRACTED,MD,PASSENGER CAR,STOPPED IN TRAFFIC LANE,35,No,2012,HOND,SD,39.16972833,-77.15402,2022,12,9
220053632,Property Damage Crash,12/05/2022 08:20:00 AM,DEWEY RD,NA,SAME DIRECTION SIDESWIPE,Clear,DRY,Daylight,NO CONTROLS,NONE DETECTED,Yes,No Apparent Injury,N/A,LOOKED BUT DID NOT SEE,MD,PASSENGER CAR,MOVING CONSTANT SPEED,25,No,2016,VOLK,PASSAT,39.04511667,-77.0870625,2022,12,8
220053627,Injury Crash,12/05/2022 08:13:00 AM,ROCKVILLE PIKE,NA,SAME DIR REAR END,Clear,DRY,Daylight,TRAFFIC SIGNAL,NONE DETECTED,No,Possible Minor Injury,N/A,NOT DISTRACTED,MD,PASSENGER CAR,STOPPED IN TRAFFIC LANE,35,No,2009,BMW,UT,39.07699818,-77.13917373,2022,12,8
220053627,Injury Crash,12/05/2022 08:13:00 AM,ROCKVILLE PIKE,NA,SAME DIR REAR END,Clear,DRY,Daylight,TRAFFIC SIGNAL,NONE DETECTED,Yes,Possible Minor Injury,N/A,OTHER ELECTRONIC DEVICE (NAVIGATIONAL PALM PILOT),MD,PASSENGER CAR,MOVING CONSTANT SPEED,35,No,2006,HOND,4S,39.07699818,-77.13917373,2022,12,8
220053627,Injury Crash,12/05/2022 08:13:00 AM,ROCKVILLE PIKE,NA,SAME DIR REAR END,Clear,DRY,Daylight,TRAFFIC SIGNAL,NONE DETECTED,No,Possible Minor Injury,N/A,NOT DISTRACTED,MD,PASSENGER CAR,STOPPED IN TRAFFIC LANE,35,No,2016,TOYOTA,4H,39.07699818,-77.13917373,2022,12,8
220053628,Property Damage Crash,12/05/2022 08:03:00 AM,LITTLE SENECA PKWY,NA,OTHER,Clear,DRY,Daylight,NO CONTROLS,NONE DETECTED,Yes,No Apparent Injury,N/A,NOT DISTRACTED,MD,SCHOOL BUS,MOVING CONSTANT SPEED,25,No,2017,THOM,BUS,39.23113533,-77.23970883,2022,12,8
220053628,Property Damage Crash,12/05/2022 08:03:00 AM,LITTLE SENECA PKWY,NA,OTHER,Clear,DRY,Daylight,NO CONTROLS,NONE DETECTED,No,No Apparent Injury,N/A,NOT DISTRACTED,MD,PICKUP TRUCK,STOPPED IN TRAFFIC LANE,25,No,2014,DODG,RAM,39.23113533,-77.23970883,2022,12,8
220053623,Property Damage Crash,12/05/2022 07:30:00 AM,NO NAME,NA,SAME DIRECTION SIDESWIPE,Clear,DRY,Daylight,NO CONTROLS,NONE DETECTED,Yes,No Apparent Injury,N/A,UNKNOWN,MD,(SPORT) UTILITY VEHICLE,CHANGING LANES,55,No,2019,SUBARU,ASCENT,39.02166833,-77.14328833,2022,12,7
220053623,Property Damage Crash,12/05/2022 07:30:00 AM,NO NAME,NA,SAME DIRECTION SIDESWIPE,Clear,DRY,Daylight,NO CONTROLS,NONE DETECTED,No,No Apparent Injury,N/A,NOT DISTRACTED,MD,POLICE VEHICLE/NON EMERGENCY,MOVING CONSTANT SPEED,55,No,2014,DODGE,CHARGER,39.02166833,-77.14328833,2022,12,7
220053624,Property Damage Crash,12/05/2022 07:21:00 AM,METRO STATION SILVER SPRING,NA,SAME DIRECTION RIGHT TURN,Clear,DRY,Daylight,NO CONTROLS,NONE DETECTED,No,No Apparent Injury,N/A,NOT DISTRACTED,MD,TRANSIT BUS,PARKED,15,No,2013,METRO,TBU,38.99383738,-77.0306982,2022,12,7
220053624,Property Damage Crash,12/05/2022 07:21:00 AM,METRO STATION SILVER SPRING,NA,SAME DIRECTION RIGHT TURN,Clear,DRY,Daylight,NO CONTROLS,NONE DETECTED,Yes,No Apparent Injury,N/A,UNKNOWN,MD,TRANSIT BUS,MAKING RIGHT TURN,15,No,2020,NOVA,BU,38.99383738,-77.0306982,2022,12,7
220053606,Property Damage Crash,12/05/2022 12:58:00 AM,QUINCE ORCHARD BLVD,NA,SAME DIRECTION SIDESWIPE,Clear,DRY,Medium,NO CONTROLS,ALCOHOL PRESENT,Yes,No Apparent Injury,N/A,UNKNOWN,MD,PASSENGER CAR,NEGOTIATING A CURVE,25,No,2016,CHEVY,TK,39.14183558,-77.22686108,2022,12,0
220053590,Injury Crash,12/04/2022 10:42:00 PM,COLESVILLE RD,NA,STRAIGHT MOVEMENT ANGLE,Clear,DRY,Medium,TRAFFIC SIGNAL,NONE DETECTED,No,Possible Minor Injury,N/A,NOT DISTRACTED,MD,PASSENGER CAR,ACCELERATING,40,No,2004,TOYOTA,HIGHLANDER,39.01961,-77.01340167,2022,12,22
220053590,Injury Crash,12/04/2022 10:42:00 PM,COLESVILLE RD,NA,STRAIGHT MOVEMENT ANGLE,Clear,DRY,Medium,TRAFFIC SIGNAL,NONE DETECTED,Yes,Possible Minor Injury,N/A,INATTENTIVE OR LOST IN THOUGHT,MD,PASSENGER CAR,ACCELERATING,40,No,2009,HONDA,ACCORD,39.01961,-77.01340167,2022,12,22
220053591,Property Damage Crash,12/04/2022 10:30:00 PM,HEWITT AVE,NA,SAME DIRECTION SIDESWIPE,Clear,DRY,Medium,NO CONTROLS,NONE DETECTED,Yes,No Apparent Injury,N/A,UNKNOWN,MD,PASSENGER CAR,MOVING CONSTANT SPEED,30,No,1999,HONDA,CIVIC,39.07948,-77.06682833,2022,12,22
220053580,Property Damage Crash,12/04/2022 08:56:00 PM,W DIAMOND AVE,NA,OTHER,Clear,DRY,Medium,NO CONTROLS,NONE DETECTED,Yes,No Apparent Injury,N/A,NOT DISTRACTED,MD,PASSENGER CAR,CHANGING LANES,35,No,2005,VOLV,SW,39.140268,-77.19566335,2022,12,20
220053580,Property Damage Crash,12/04/2022 08:56:00 PM,W DIAMOND AVE,NA,OTHER,Clear,DRY,Medium,NO CONTROLS,NONE DETECTED,No,No Apparent Injury,N/A,NOT DISTRACTED,MD,PASSENGER CAR,SLOWING OR STOPPING,35,No,2019,HYUNDAI,IONIQ,39.140268,-77.19566335,2022,12,20
220053580,Property Damage Crash,12/04/2022 08:56:00 PM,W DIAMOND AVE,NA,OTHER,Clear,DRY,Medium,NO CONTROLS,NONE DETECTED,No,No Apparent Injury,N/A,NOT DISTRACTED,MD,PASSENGER CAR,MOVING CONSTANT SPEED,35,No,2021,HOND,SD,39.140268,-77.19566335,2022,12,20
220053567,Property Damage Crash,12/04/2022 07:11:00 PM,OLNEY LAYTONSVILLE RD,OTHER CONVEYANCE,OTHER,Clear,DRY,Medium,STOP SIGN,NONE DETECTED,Yes,No Apparent Injury,N/A,LOOKED BUT DID NOT SEE,MD,PASSENGER CAR,MAKING RIGHT TURN,30,No,2023,HONDA,ODYSSEY,39.15531333,-77.07060833,2022,12,19
220053569,Property Damage Crash,12/04/2022 07:04:00 PM,BRINK RD,NA,STRAIGHT MOVEMENT ANGLE,Clear,DRY,Medium,TRAFFIC SIGNAL,NONE DETECTED,Yes,No Apparent Injury,N/A,NOT DISTRACTED,MD,PASSENGER CAR,ACCELERATING,40,No,2007,HONDA,PILOT,39.21217867,-77.1423725,2022,12,19
220053569,Property Damage Crash,12/04/2022 07:04:00 PM,BRINK RD,NA,STRAIGHT MOVEMENT ANGLE,Clear,DRY,Medium,TRAFFIC SIGNAL,NONE DETECTED,No,No Apparent Injury,N/A,NOT DISTRACTED,MD,PASSENGER CAR,MOVING CONSTANT SPEED,40,No,2012,NISSAN,SEDAN,39.21217867,-77.1423725,2022,12,19
220053564,Property Damage Crash,12/04/2022 06:24:00 PM,GEORGIA AVE,NA,SAME DIR REAR END,Clear,N/A,Medium,TRAFFIC SIGNAL,NONE DETECTED,Yes,No Apparent Injury,N/A,UNKNOWN,MD,PASSENGER CAR,SLOWING OR STOPPING,25,No,2018,HONDA,CRV,39.03863212,-77.05099542,2022,12,18
220053564,Property Damage Crash,12/04/2022 06:24:00 PM,GEORGIA AVE,NA,SAME DIR REAR END,Clear,N/A,Medium,TRAFFIC SIGNAL,NONE DETECTED,No,No Apparent Injury,N/A,NOT DISTRACTED,XX,LOW SPEED VEHICLE,SLOWING OR STOPPING,25,No,2021,FORD,EXPLORER,39.03863212,-77.05099542,2022,12,18
220053542,Injury Crash,12/04/2022 04:25:00 PM,NA,NA,SINGLE VEHICLE,Clear,NA,Daylight,NO CONTROLS,NONE DETECTED,Yes,Possible Minor Injury,N/A,INATTENTIVE OR LOST IN THOUGHT,MD,(SPORT) UTILITY VEHICLE,ACCELERATING,15,No,2018,MAZDA,CX-5,39.02691467,-77.15131033,2022,12,16
220053539,Property Damage Crash,12/04/2022 04:05:00 PM,RANDOLPH RD,NA,STRAIGHT MOVEMENT ANGLE,Clear,DRY,Daylight,TRAFFIC SIGNAL,NONE DETECTED,Yes,No Apparent Injury,N/A,LOOKED BUT DID NOT SEE,MD,PASSENGER CAR,MOVING CONSTANT SPEED,40,No,2012,TOYOTA,PRIUS,39.06391667,-77.03954333,2022,12,16
220053539,Property Damage Crash,12/04/2022 04:05:00 PM,RANDOLPH RD,NA,STRAIGHT MOVEMENT ANGLE,Clear,DRY,Daylight,TRAFFIC SIGNAL,NONE DETECTED,No,No Apparent Injury,N/A,NOT DISTRACTED,DE,(SPORT) UTILITY VEHICLE,MOVING CONSTANT SPEED,25,No,2018,SUBARU,OUTBACK,39.06391667,-77.03954333,2022,12,16
220053533,Property Damage Crash,12/04/2022 03:00:00 PM,W DIAMOND AVE,NA,SAME DIRECTION SIDESWIPE,Clear,DRY,Daylight,N/A,NONE DETECTED,Yes,No Apparent Injury,N/A,NOT DISTRACTED,MD,PASSENGER CAR,MOVING CONSTANT SPEED,30,No,2021,NISS,VERSA,39.14020922,-77.2064018,2022,12,15
220053533,Property Damage Crash,12/04/2022 03:00:00 PM,W DIAMOND AVE,NA,SAME DIRECTION SIDESWIPE,Clear,DRY,Daylight,N/A,NONE DETECTED,No,No Apparent Injury,N/A,NOT DISTRACTED,MD,PASSENGER CAR,MOVING CONSTANT SPEED,30,No,2021,TESL,SD,39.14020922,-77.2064018,2022,12,15
220053524,Injury Crash,12/04/2022 01:11:00 PM,LAYHILL RD,NA,SAME DIR REAR END,Clear,DRY,Daylight,TRAFFIC SIGNAL,NONE DETECTED,Yes,No Apparent Injury,N/A,NOT DISTRACTED,MD,(SPORT) UTILITY VEHICLE,ACCELERATING,35,No,2022,VOLK,UT,39.090826,-77.0452745,2022,12,13
220053524,Injury Crash,12/04/2022 01:11:00 PM,LAYHILL RD,NA,SAME DIR REAR END,Clear,DRY,Daylight,TRAFFIC SIGNAL,NONE DETECTED,No,Possible Minor Injury,N/A,NOT DISTRACTED,MD,(SPORT) UTILITY VEHICLE,SLOWING OR STOPPING,35,No,2007,TOYOTA,RAV4,39.090826,-77.0452745,2022,12,13
220053521,Injury Crash,12/04/2022 12:56:00 PM,MUDDY BRANCH RD,NA,SAME DIR REAR END,Clear,DRY,Daylight,TRAFFIC SIGNAL,NONE DETECTED,No,No Apparent Injury,N/A,NOT DISTRACTED,MD,PASSENGER CAR,STOPPED IN TRAFFIC LANE,35,No,2014,DODGE,RAM,39.115855,-77.21625,2022,12,12
220053521,Injury Crash,12/04/2022 12:56:00 PM,MUDDY BRANCH RD,NA,SAME DIR REAR END,Clear,DRY,Daylight,TRAFFIC SIGNAL,NONE DETECTED,No,No Apparent Injury,N/A,NOT DISTRACTED,MD,PASSENGER CAR,SLOWING OR STOPPING,35,No,2007,HONDA,ACCORD,39.115855,-77.21625,2022,12,12
220053521,Injury Crash,12/04/2022 12:56:00 PM,MUDDY BRANCH RD,NA,SAME DIR REAR END,Clear,DRY,Daylight,TRAFFIC SIGNAL,NONE DETECTED,Yes,Possible Minor Injury,N/A,UNKNOWN,MD,PASSENGER CAR,SLOWING OR STOPPING,35,No,2006,HONDA,ACCORD,39.115855,-77.21625,2022,12,12
220053508,Property Damage Crash,12/04/2022 11:16:00 AM,LOG HOUSE RD,NA,SINGLE VEHICLE,Clear,DRY,Daylight,NO CONTROLS,NONE DETECTED,Yes,No Apparent Injury,N/A,LOOKED BUT DID NOT SEE,MD,PASSENGER CAR,MOVING CONSTANT SPEED,25,No,2014,BMW,320,39.24674667,-77.20297,2022,12,11
220053500,Property Damage Crash,12/04/2022 09:12:00 AM,FAIRLAND RD,NA,HEAD ON LEFT TURN,Clear,DRY,Daylight,TRAFFIC SIGNAL,NONE DETECTED,Yes,No Apparent Injury,N/A,NOT DISTRACTED,MD,VAN,MAKING LEFT TURN,35,No,2011,TOYOTA,SIENNA,39.07577833,-76.95793667,2022,12,9
220053500,Property Damage Crash,12/04/2022 09:12:00 AM,FAIRLAND RD,NA,HEAD ON LEFT TURN,Clear,DRY,Daylight,TRAFFIC SIGNAL,NONE DETECTED,No,No Apparent Injury,N/A,NOT DISTRACTED,MD,PICKUP TRUCK,MOVING CONSTANT SPEED,35,No,2004,CHEVY,SILVERADO,39.07577833,-76.95793667,2022,12,9
220053496,Property Damage Crash,12/04/2022 07:30:00 AM,BUCKNELL DR,NA,SAME DIRECTION SIDESWIPE,Clear,DRY,Dark,NO CONTROLS,NONE DETECTED,Yes,No Apparent Injury,N/A,UNKNOWN,NA,PASSENGER CAR,UNKNOWN,25,No,2013,HYUNDAI,SONATA,39.04545533,-77.04612883,2022,12,7
220053488,Injury Crash,12/04/2022 03:39:00 AM,MONTROSE RD,NA,STRAIGHT MOVEMENT ANGLE,Clear,DRY,Medium,FLASHING TRAFFIC SIGNAL,NONE DETECTED,Yes,No Apparent Injury,N/A,UNKNOWN,MD,PASSENGER CAR,ACCELERATING,25,No,2022,CHEV,UT,39.05283833,-77.12611,2022,12,3
220053488,Injury Crash,12/04/2022 03:39:00 AM,MONTROSE RD,NA,STRAIGHT MOVEMENT ANGLE,Clear,DRY,Medium,FLASHING TRAFFIC SIGNAL,NONE DETECTED,No,Possible Minor Injury,N/A,NOT DISTRACTED,MD,OTHER,MOVING CONSTANT SPEED,25,No,2018,FREIGHTLINER,XX,39.05283833,-77.12611,2022,12,3
220053492,Property Damage Crash,12/04/2022 02:41:00 AM,EISNER ST,NA,OTHER,Clear,DRY,Dark,NO CONTROLS,NONE DETECTED,Yes,No Apparent Injury,N/A,UNKNOWN,NA,PASSENGER CAR,MOVING CONSTANT SPEED,25,No,2018,JEEP,GRAND CHEROKEE,39.03107692,-77.01867998,2022,12,2
220053480,Property Damage Crash,12/04/2022 02:29:00 AM,SANDY SPRING RD,NA,SAME DIR REAR END,Clear,DRY,Medium,N/A,NONE DETECTED,No,No Apparent Injury,N/A,NOT DISTRACTED,DC,PASSENGER CAR,SLOWING OR STOPPING,45,No,2002,HONDA,CIVIC,39.11082683,-76.92540433,2022,12,2
220053480,Property Damage Crash,12/04/2022 02:29:00 AM,SANDY SPRING RD,NA,SAME DIR REAR END,Clear,DRY,Medium,N/A,NONE DETECTED,Yes,No Apparent Injury,N/A,LOOKED BUT DID NOT SEE,MD,PASSENGER CAR,MOVING CONSTANT SPEED,45,No,2004,TOYOTA,COROLLA,39.11082683,-76.92540433,2022,12,2
220053471,Property Damage Crash,12/04/2022 12:03:00 AM,TIPPETT LA,NA,SAME DIR REAR END,Clear,DRY,Medium,NO CONTROLS,NONE DETECTED,Yes,No Apparent Injury,N/A,OTHER DISTRACTION,MD,PASSENGER CAR,MOVING CONSTANT SPEED,10,No,2010,TOYOTA,COROLLA,39.17473595,-77.19637874,2022,12,0
220053464,Property Damage Crash,12/03/2022 11:30:00 PM,NEW HAMPSHIRE AVE,NA,SAME DIR REAR END,Clear,DRY,Medium,FLASHING TRAFFIC SIGNAL,NONE DETECTED,No,No Apparent Injury,N/A,NOT DISTRACTED,MD,(SPORT) UTILITY VEHICLE,SLOWING OR STOPPING,40,No,2012,ACURA,MDX,39.07272924,-77.00260898,2022,12,23
220053464,Property Damage Crash,12/03/2022 11:30:00 PM,NEW HAMPSHIRE AVE,NA,SAME DIR REAR END,Clear,DRY,Medium,FLASHING TRAFFIC SIGNAL,ALCOHOL PRESENT,Yes,No Apparent Injury,N/A,NOT DISTRACTED,MD,PASSENGER CAR,MOVING CONSTANT SPEED,40,No,2015,HONDA,CIVIC,39.07272924,-77.00260898,2022,12,23
220053461,Property Damage Crash,12/03/2022 10:40:00 PM,BOILING BROOK PKWY,NA,OPPOSITE DIRECTION SIDESWIPE,Clear,DRY,Medium,STOP SIGN,NONE DETECTED,No,No Apparent Injury,N/A,NOT DISTRACTED,MD,PASSENGER CAR,MAKING LEFT TURN,15,No,2016,LEXUS,ES350,39.04764289,-77.0982684,2022,12,22