Local Case Number,ACRS Report Type,Crash Date/Time,Road Name,Related Non-Motorist,Collision Type,Weather,Surface Condition,Light,Traffic Control,Driver Substance Abuse,Driver At Fault,Injury Severity,Circumstance,Driver Distracted By,Drivers License State,Vehicle Body Type,Vehicle Movement,Speed Limit,Driverless Vehicle,Vehicle Year,Vehicle Make,Vehicle Model,Latitude,Longitude,Year,Month,Hour
220052962,Property Damage Crash,12/01/2022 06:15:00 AM,W DIAMOND AVE,NA,SAME DIR REAR END,Clear,DRY,Medium,TRAFFIC SIGNAL,NONE DETECTED,No,No Apparent Injury,N/A,NOT DISTRACTED,MD,PASSENGER CAR,SLOWING OR STOPPING,30,No,2017,TOYT,UT,39.1403249,-77.20966445,2022,12,6
220052962,Property Damage Crash,12/01/2022 06:15:00 AM,W DIAMOND AVE,NA,SAME DIR REAR END,Clear,DRY,Medium,TRAFFIC SIGNAL,NONE DETECTED,Yes,No Apparent Injury,N/A,LOOKED BUT DID NOT SEE,MD,VAN,SLOWING OR STOPPING,30,No,2015,RAM,VN,39.1403249,-77.20966445,2022,12,6
220052960,Property Damage Crash,12/01/2022 05:35:00 AM,PINEY BRANCH RD,NA,SINGLE VEHICLE,Clear,DRY,Medium,N/A,NONE DETECTED,Unknown,No Apparent Injury,N/A,UNKNOWN,MD,PASSENGER CAR,MAKING LEFT TURN,25,No,2015,CHEVROLET,IMPALA,38.99846333,-77.00366,2022,12,5
220052953,Property Damage Crash,12/01/2022 01:31:00 AM,SADDLE CREEK DR,NA,SAME DIR REAR END,Clear,DRY,Medium,NO CONTROLS,NONE DETECTED,Yes,No Apparent Injury,N/A,UNKNOWN,MD,PASSENGER CAR,MOVING CONSTANT SPEED,25,No,2009,TOYOTA,CAMRY,39.10278333,-76.920285,2022,12,1
220052948,Injury Crash,11/30/2022 11:40:00 PM,GEORGIA AVE,NA,SINGLE VEHICLE,Clear,DRY,Medium,TRAFFIC SIGNAL,NONE DETECTED,Yes,Possible Minor Injury,N/A,UNKNOWN,NJ,PASSENGER CAR,MAKING LEFT TURN,30,No,2008,NISSAN,ALTIMA,39.05791531,-77.05013146,2022,11,23
220052926,Property Damage Crash,11/30/2022 08:00:00 PM,STRUMMER LANE,NA,SAME DIR REAR END,Clear,DRY,Medium,STOP SIGN,NONE DETECTED,Yes,No Apparent Injury,N/A,DISTRACTED BY OUTSIDE PERSON OBJECT OR EVENT,MD,PASSENGER CAR,OTHER,25,No,2003,TOYOTA,RUNNER,39.11303581,-77.20147323,2022,11,20
220052926,Property Damage Crash,11/30/2022 08:00:00 PM,STRUMMER LANE,NA,SAME DIR REAR END,Clear,DRY,Medium,STOP SIGN,NONE DETECTED,No,No Apparent Injury,N/A,DISTRACTED BY OUTSIDE PERSON OBJECT OR EVENT,MD,PASSENGER CAR,STOPPED IN TRAFFIC LANE,25,No,2016,KIA,SOUL,39.11303581,-77.20147323,2022,11,20
220052920,Injury Crash,11/30/2022 07:26:00 PM,CONNECTICUT AVE,NA,SINGLE VEHICLE,Clear,DRY,Medium,N/A,NONE DETECTED,Yes,No Apparent Injury,N/A,INATTENTIVE OR LOST IN THOUGHT,MD,PASSENGER CAR,MOVING CONSTANT SPEED,30,No,2010,MERZ,CP,38.990905,-77.09817167,2022,11,19
220052921,Property Damage Crash,11/30/2022 07:22:00 PM,LOG HOUSE RD,NA,OTHER,Clear,WET,Dark,STOP SIGN,ALCOHOL PRESENT,Yes,No Apparent Injury,N/A,NOT DISTRACTED,MD,PASSENGER CAR,MAKING LEFT TURN,35,No,2005,TOYOTA,AVALON,39.23900593,-77.20926971,2022,11,19
220052921,Property Damage Crash,11/30/2022 07:22:00 PM,LOG HOUSE RD,NA,OTHER,Clear,WET,Dark,STOP SIGN,NONE DETECTED,No,No Apparent Injury,N/A,NOT DISTRACTED,MD,PASSENGER CAR,STOPPED IN TRAFFIC LANE,35,No,2013,TOYOTA,PRIUS,39.23900593,-77.20926971,2022,11,19
220052914,Injury Crash,11/30/2022 06:59:00 PM,NEW HAMPSHIRE AVE,NA,SAME DIR REAR END,Clear,DRY,Medium,TRAFFIC SIGNAL,NONE DETECTED,Yes,Possible Minor Injury,N/A,UNKNOWN,MD,PASSENGER CAR,MOVING CONSTANT SPEED,40,No,2012,PORSHCE,PANAMERA 4,39.01274167,-76.978675,2022,11,18
220052914,Injury Crash,11/30/2022 06:59:00 PM,NEW HAMPSHIRE AVE,NA,SAME DIR REAR END,Clear,DRY,Medium,TRAFFIC SIGNAL,NONE DETECTED,No,No Apparent Injury,N/A,NOT DISTRACTED,PA,PASSENGER CAR,STOPPED IN TRAFFIC LANE,40,No,2008,HONDA,CRV,39.01274167,-76.978675,2022,11,18
220052914,Injury Crash,11/30/2022 06:59:00 PM,NEW HAMPSHIRE AVE,NA,SAME DIR REAR END,Clear,DRY,Medium,TRAFFIC SIGNAL,NONE DETECTED,No,No Apparent Injury,N/A,NOT DISTRACTED,DC,PASSENGER CAR,STOPPED IN TRAFFIC LANE,40,No,2017,FORD,F150,39.01274167,-76.978675,2022,11,18
220052908,Injury Crash,11/30/2022 06:30:00 PM,BRADLEY BLVD,PEDESTRIAN,OTHER,Clear,N/A,Medium,FLASHING TRAFFIC SIGNAL,NONE DETECTED,Yes,No Apparent Injury,N/A,LOOKED BUT DID NOT SEE,MD,PASSENGER CAR,MOVING CONSTANT SPEED,25,No,2009,HONDA,ACCORD,38.97821667,-77.09348,2022,11,18
220052910,Property Damage Crash,11/30/2022 06:30:00 PM,OBSERVATION DR,NA,HEAD ON LEFT TURN,Clear,DRY,Medium,TRAFFIC SIGNAL,NONE DETECTED,Yes,No Apparent Injury,N/A,LOOKED BUT DID NOT SEE,MD,PASSENGER CAR,MAKING LEFT TURN,35,No,2021,TOYT,SD,39.19795667,-77.25420833,2022,11,18
220052910,Property Damage Crash,11/30/2022 06:30:00 PM,OBSERVATION DR,NA,HEAD ON LEFT TURN,Clear,DRY,Medium,TRAFFIC SIGNAL,NONE DETECTED,No,No Apparent Injury,N/A,LOOKED BUT DID NOT SEE,MD,PASSENGER CAR,MOVING CONSTANT SPEED,35,No,2003,NISSAN,250Z,39.19795667,-77.25420833,2022,11,18
220052925,Injury Crash,11/30/2022 05:50:00 PM,NA,PEDESTRIAN,OTHER,Clear,NA,Medium,OTHER,NONE DETECTED,Yes,No Apparent Injury,N/A,LOOKED BUT DID NOT SEE,MD,PASSENGER CAR,STARTING FROM PARKED,10,No,2017,MITSUBISHI,OUTLANDER,39.015,-77.035,2022,11,17
220052896,Property Damage Crash,11/30/2022 05:40:00 PM,WOODFIELD RD,NA,SAME DIRECTION SIDESWIPE,Cloudy,DRY,Medium,NO CONTROLS,NONE DETECTED,Yes,No Apparent Injury,N/A,NOT DISTRACTED,MD,(SPORT) UTILITY VEHICLE,OTHER,50,No,2008,HONDA,CRV,39.21985472,-77.17447228,2022,11,17
220052897,Injury Crash,11/30/2022 05:38:00 PM,ROCKVILLE PIKE,PEDESTRIAN,OTHER,Clear,DRY,Medium,TRAFFIC SIGNAL,NONE DETECTED,No,No Apparent Injury,N/A,NOT DISTRACTED,MD,PASSENGER CAR,MAKING RIGHT TURN,45,No,2014,CHRY,300,39.04445833,-77.11144,2022,11,17
220052906,Property Damage Crash,11/30/2022 05:30:00 PM,GOSHEN RD,NA,SAME DIR REAR END,Clear,DRY,Dark,TRAFFIC SIGNAL,NONE DETECTED,Yes,No Apparent Injury,N/A,UNKNOWN,MD,PASSENGER CAR,STARTING FROM LANE,35,No,2009,LINCOLN,MKZ,39.18508986,-77.18746786,2022,11,17
220052906,Property Damage Crash,11/30/2022 05:30:00 PM,GOSHEN RD,NA,SAME DIR REAR END,Clear,DRY,Dark,TRAFFIC SIGNAL,NONE DETECTED,No,No Apparent Injury,N/A,NOT DISTRACTED,MD,(SPORT) UTILITY VEHICLE,STOPPED IN TRAFFIC LANE,35,No,2013,BMW,X5,39.18508986,-77.18746786,2022,11,17
220052883,Property Damage Crash,11/30/2022 04:46:00 PM,WOODFIELD RD,NA,SINGLE VEHICLE,Cloudy,WET,Medium,NO CONTROLS,NONE DETECTED,Yes,No Apparent Injury,"ANIMAL, N/A",UNKNOWN,MD,PASSENGER CAR,MOVING CONSTANT SPEED,40,No,2008,HONDA,PILOT,39.21976567,-77.1744385,2022,11,16
220052887,Property Damage Crash,11/30/2022 04:40:00 PM,E RANDOLPH RD,NA,SAME DIRECTION SIDESWIPE,Clear,DRY,Medium,NO CONTROLS,NONE DETECTED,Yes,No Apparent Injury,N/A,UNKNOWN,MD,"OTHER LIGHT TRUCKS (10,000LBS (4,536KG) OR LESS)",MOVING CONSTANT SPEED,35,No,2012,GMC,SAVANA,39.06504,-76.97191,2022,11,16
220052887,Property Damage Crash,11/30/2022 04:40:00 PM,E RANDOLPH RD,NA,SAME DIRECTION SIDESWIPE,Clear,DRY,Medium,NO CONTROLS,NONE DETECTED,No,No Apparent Injury,N/A,NOT DISTRACTED,MD,PICKUP TRUCK,MOVING CONSTANT SPEED,35,No,1999,FORD,F150,39.06504,-76.97191,2022,11,16
220052858,Injury Crash,11/30/2022 03:10:00 PM,MUNCASTER RD,NA,HEAD ON,Rain,WET,Daylight,NO CONTROLS,NONE DETECTED,No,Possible Minor Injury,"N/A, WET",NOT DISTRACTED,MD,PASSENGER CAR,MOVING CONSTANT SPEED,40,No,2016,TOYT,4S,39.15414567,-77.1321735,2022,11,15
220052858,Injury Crash,11/30/2022 03:10:00 PM,MUNCASTER RD,NA,HEAD ON,Rain,WET,Daylight,NO CONTROLS,NONE DETECTED,Yes,Possible Minor Injury,"N/A, WET",NOT DISTRACTED,MD,PASSENGER CAR,MOVING CONSTANT SPEED,40,No,2019,TESLA,4S,39.15414567,-77.1321735,2022,11,15
220052857,Property Damage Crash,11/30/2022 02:56:00 PM,NORWOOD RD,NA,SAME DIR REAR END,Clear,DRY,Daylight,NO CONTROLS,NONE DETECTED,No,No Apparent Injury,N/A,NOT DISTRACTED,MD,PASSENGER CAR,SLOWING OR STOPPING,40,No,2019,TOYOTA,CAMRY,39.11146167,-77.01133667,2022,11,14
220052857,Property Damage Crash,11/30/2022 02:56:00 PM,NORWOOD RD,NA,SAME DIR REAR END,Clear,DRY,Daylight,NO CONTROLS,NONE DETECTED,Yes,No Apparent Injury,N/A,UNKNOWN,MD,PASSENGER CAR,MOVING CONSTANT SPEED,40,No,2016,JEEP,WRANGLER,39.11146167,-77.01133667,2022,11,14
220052847,Property Damage Crash,11/30/2022 02:17:00 PM,GEORGIA AVE,NA,STRAIGHT MOVEMENT ANGLE,Cloudy,WET,Daylight,TRAFFIC SIGNAL,NONE DETECTED,Yes,No Apparent Injury,"N/A, WET",LOOKED BUT DID NOT SEE,MD,PASSENGER CAR,SLOWING OR STOPPING,35,No,2022,NISSAN,KICKS,39.08373952,-77.07759746,2022,11,14
220052847,Property Damage Crash,11/30/2022 02:17:00 PM,GEORGIA AVE,NA,STRAIGHT MOVEMENT ANGLE,Cloudy,WET,Daylight,TRAFFIC SIGNAL,NONE DETECTED,No,No Apparent Injury,"N/A, WET",NOT DISTRACTED,MD,PASSENGER CAR,ACCELERATING,35,No,2016,TOYOTA,COROLLA,39.08373952,-77.07759746,2022,11,14
220052849,Injury Crash,11/30/2022 02:15:00 PM,NA,NA,OPPOSITE DIRECTION SIDESWIPE,Cloudy,NA,Daylight,NO CONTROLS,NONE DETECTED,Yes,Possible Minor Injury,"N/A, WET",UNKNOWN,MD,PASSENGER CAR,UNKNOWN,15,No,2011,INFI,TK,39.14123967,-77.22585433,2022,11,14
220052849,Injury Crash,11/30/2022 02:15:00 PM,NA,NA,OPPOSITE DIRECTION SIDESWIPE,Cloudy,NA,Daylight,NO CONTROLS,NONE DETECTED,No,Possible Minor Injury,"N/A, WET",NOT DISTRACTED,MD,PASSENGER CAR,SLOWING OR STOPPING,15,No,2008,TOYOTA,4S,39.14123967,-77.22585433,2022,11,14
220052851,Property Damage Crash,11/30/2022 02:11:00 PM,WOODFIELD RD,NA,SAME DIR REAR END,Cloudy,WET,Medium,NO CONTROLS,NONE DETECTED,Yes,No Apparent Injury,"N/A, WET",NOT DISTRACTED,MD,PICKUP TRUCK,SLOWING OR STOPPING,40,No,2016,RAM,1500,39.18977294,-77.15171692,2022,11,14
220052851,Property Damage Crash,11/30/2022 02:11:00 PM,WOODFIELD RD,NA,SAME DIR REAR END,Cloudy,WET,Medium,NO CONTROLS,NONE DETECTED,No,No Apparent Injury,"N/A, WET",NOT DISTRACTED,MD,(SPORT) UTILITY VEHICLE,STOPPED IN TRAFFIC LANE,40,No,2019,HOND,CRV,39.18977294,-77.15171692,2022,11,14
220052832,Property Damage Crash,11/30/2022 01:30:00 PM,NA,NA,OTHER,Cloudy,NA,Daylight,N/A,NONE DETECTED,Yes,No Apparent Injury,N/A,NOT DISTRACTED,PA,FIRE VEHICLE/NON EMERGENCY,MAKING LEFT TURN,5,No,2019,SEAG,TK,39.09189367,-77.17815763,2022,11,13
220052832,Property Damage Crash,11/30/2022 01:30:00 PM,NA,NA,OTHER,Cloudy,NA,Daylight,N/A,NONE DETECTED,No,No Apparent Injury,N/A,NOT DISTRACTED,MD,VAN,PARKED,5,No,2018,FORD,VN,39.09189367,-77.17815763,2022,11,13
220052913,Property Damage Crash,11/30/2022 12:02:00 PM,WILLARD AVE,NA,OTHER,Clear,WET,Daylight,NO CONTROLS,NONE DETECTED,No,No Apparent Injury,N/A,NOT DISTRACTED,DC,(SPORT) UTILITY VEHICLE,MOVING CONSTANT SPEED,30,No,2018,AUDI,Q7,38.96250352,-77.09072398,2022,11,12
220052913,Property Damage Crash,11/30/2022 12:02:00 PM,WILLARD AVE,NA,OTHER,Clear,WET,Daylight,NO CONTROLS,NONE DETECTED,Yes,No Apparent Injury,N/A,UNKNOWN,NA,PICKUP TRUCK,MOVING CONSTANT SPEED,30,No,2017,TOYOTA,TAKOMA,38.96250352,-77.09072398,2022,11,12
220055377,Property Damage Crash,11/30/2022 11:45:00 AM,NA,NA,SAME DIR REAR END,Clear,NA,Daylight,N/A,NONE DETECTED,Yes,No Apparent Injury,N/A,NOT DISTRACTED,MD,PASSENGER CAR,BACKING,5,No,2019,SUBARU,CROSSTREK,39.12066556,-77.17528704,2022,11,11
220055377,Property Damage Crash,11/30/2022 11:45:00 AM,NA,NA,SAME DIR REAR END,Clear,NA,Daylight,N/A,NONE DETECTED,No,No Apparent Injury,N/A,NOT DISTRACTED,MD,(SPORT) UTILITY VEHICLE,SLOWING OR STOPPING,5,No,2015,HONDA,CRV,39.12066556,-77.17528704,2022,11,11
220052801,Property Damage Crash,11/30/2022 09:30:00 AM,MONTROSE RD,NA,SAME DIRECTION SIDESWIPE,Rain,WET,Daylight,N/A,NONE DETECTED,Yes,No Apparent Injury,"N/A, WET",NOT DISTRACTED,NA,PASSENGER CAR,MOVING CONSTANT SPEED,40,No,2017,JEEP,TK,39.05420517,-77.14317133,2022,11,9
220052801,Property Damage Crash,11/30/2022 09:30:00 AM,MONTROSE RD,NA,SAME DIRECTION SIDESWIPE,Rain,WET,Daylight,N/A,NONE DETECTED,No,No Apparent Injury,"N/A, WET",NOT DISTRACTED,MD,PASSENGER CAR,MOVING CONSTANT SPEED,40,No,2015,MITS,SW,39.05420517,-77.14317133,2022,11,9
220052795,Injury Crash,11/30/2022 09:00:00 AM,NA,PEDESTRIAN,SINGLE VEHICLE,Rain,NA,Daylight,NO CONTROLS,NONE DETECTED,Yes,No Apparent Injury,"RAIN, SNOW, WET",UNKNOWN,MD,PASSENGER CAR,MAKING LEFT TURN,25,No,2020,CHEV,TK,38.99807317,-77.00231133,2022,11,9
220052798,Property Damage Crash,11/30/2022 08:51:00 AM,COLESVILLE RD,NA,SAME DIRECTION SIDESWIPE,Rain,WET,Daylight,TRAFFIC SIGNAL,NONE DETECTED,No,No Apparent Injury,"RAIN, SNOW, WET",NOT DISTRACTED,MD,PASSENGER CAR,MOVING CONSTANT SPEED,35,No,2021,ACUR,SD,39.02002817,-77.01316433,2022,11,8
220052798,Property Damage Crash,11/30/2022 08:51:00 AM,COLESVILLE RD,NA,SAME DIRECTION SIDESWIPE,Rain,WET,Daylight,TRAFFIC SIGNAL,NONE DETECTED,Yes,No Apparent Injury,"RAIN, SNOW, WET",OTHER DISTRACTION,MS,PASSENGER CAR,MOVING CONSTANT SPEED,35,No,2014,BMW,X3,39.02002817,-77.01316433,2022,11,8
220052790,Property Damage Crash,11/30/2022 08:50:00 AM,MONTROSE RD,NA,SAME DIR REAR END,Rain,WET,Daylight,TRAFFIC SIGNAL,NONE DETECTED,No,No Apparent Injury,"SLEET, HAIL, FREEZ. RAIN, WET",NOT DISTRACTED,MD,PASSENGER CAR,STOPPED IN TRAFFIC LANE,40,No,2020,TOYT,UT,39.055128,-77.13738183,2022,11,8
220052790,Property Damage Crash,11/30/2022 08:50:00 AM,MONTROSE RD,NA,SAME DIR REAR END,Rain,WET,Daylight,TRAFFIC SIGNAL,NONE DETECTED,Yes,No Apparent Injury,"SLEET, HAIL, FREEZ. RAIN, WET",NOT DISTRACTED,MD,PASSENGER CAR,MOVING CONSTANT SPEED,40,No,2021,HYUNDAI,VENUE,39.055128,-77.13738183,2022,11,8
220052783,Property Damage Crash,11/30/2022 08:00:00 AM,NEW HAMPSHIRE AVE,NA,SAME DIR REAR END,Rain,WET,Daylight,TRAFFIC SIGNAL,NONE DETECTED,Yes,No Apparent Injury,"SLEET, HAIL, FREEZ. RAIN, WET",NOT DISTRACTED,MD,PASSENGER CAR,CHANGING LANES,35,No,2019,NISSAN,SENTRA,39.01871517,-76.976838,2022,11,8
220052783,Property Damage Crash,11/30/2022 08:00:00 AM,NEW HAMPSHIRE AVE,NA,SAME DIR REAR END,Rain,WET,Daylight,TRAFFIC SIGNAL,NONE DETECTED,No,No Apparent Injury,"SLEET, HAIL, FREEZ. RAIN, WET",NOT DISTRACTED,MD,"MEDIUM/HEAVY TRUCKS 3 AXLES (OVER 10,000LBS (4,536KG))",SLOWING OR STOPPING,35,No,2022,INTERNATIONAL,BOX TRUCK,39.01871517,-76.976838,2022,11,8
220052786,Property Damage Crash,11/30/2022 08:00:00 AM,MASSACHUSETTS AVE,NA,SAME DIR REAR END,Rain,WET,Daylight,NO CONTROLS,NONE DETECTED,No,No Apparent Injury,"N/A, WET",NOT DISTRACTED,MD,PASSENGER CAR,MOVING CONSTANT SPEED,35,No,2023,HYUNDAI,TUCSON,38.96353,-77.12118,2022,11,8
220052786,Property Damage Crash,11/30/2022 08:00:00 AM,MASSACHUSETTS AVE,NA,SAME DIR REAR END,Rain,WET,Daylight,NO CONTROLS,NONE DETECTED,Yes,No Apparent Injury,"N/A, WET",NOT DISTRACTED,MD,PASSENGER CAR,SLOWING OR STOPPING,35,No,2012,TOYOTA,CAMRY,38.96353,-77.12118,2022,11,8
220052782,Injury Crash,11/30/2022 07:39:00 AM,WALDORF DR,NA,HEAD ON LEFT TURN,Rain,WET,Daylight,STOP SIGN,NONE DETECTED,Yes,No Apparent Injury,"RAIN, SNOW, WET",NOT DISTRACTED,MD,PASSENGER CAR,MAKING LEFT TURN,40,No,2015,CHEVY,IMPALA,39.18218167,-77.277585,2022,11,7
220052782,Injury Crash,11/30/2022 07:39:00 AM,WALDORF DR,NA,HEAD ON LEFT TURN,Rain,WET,Daylight,STOP SIGN,NONE DETECTED,No,Possible Minor Injury,"RAIN, SNOW, WET",NOT DISTRACTED,MD,(SPORT) UTILITY VEHICLE,MOVING CONSTANT SPEED,40,No,2012,FORD,EXPLORER,39.18218167,-77.277585,2022,11,7
220052779,Property Damage Crash,11/30/2022 06:40:00 AM,SLIGO CREEK PKWY,NA,SINGLE VEHICLE,Rain,WET,Dark,NO CONTROLS,NONE DETECTED,Yes,No Apparent Injury,"N/A, WET",NOT DISTRACTED,MD,PASSENGER CAR,MOVING CONSTANT SPEED,25,No,2007,JEEP,TK,38.980909,-76.990227,2022,11,6
220052778,Injury Crash,11/30/2022 06:30:00 AM,W DIAMOND AVE,NA,STRAIGHT MOVEMENT ANGLE,Rain,WET,Medium,NO CONTROLS,NONE DETECTED,Yes,Possible Minor Injury,"RAIN, SNOW, WET",LOOKED BUT DID NOT SEE,MD,PASSENGER CAR,MAKING LEFT TURN,35,No,2021,HONDA,CR-V,39.14067032,-77.2142213,2022,11,6
220052778,Injury Crash,11/30/2022 06:30:00 AM,W DIAMOND AVE,NA,STRAIGHT MOVEMENT ANGLE,Rain,WET,Medium,NO CONTROLS,NONE DETECTED,No,No Apparent Injury,"RAIN, SNOW, WET",NOT DISTRACTED,MD,PASSENGER CAR,MOVING CONSTANT SPEED,35,No,2020,CHEV,G2500,39.14067032,-77.2142213,2022,11,6
220052770,Injury Crash,11/30/2022 12:20:00 AM,NEW HAMPSHIRE AVE,NA,SAME DIR REAR END,Clear,DRY,Medium,N/A,NONE DETECTED,No,Possible Minor Injury,N/A,NOT DISTRACTED,MD,OTHER BUS,STOPPED IN TRAFFIC LANE,45,No,2009,GILLIG,LOW FLOOR BUS,38.97578783,-76.9939755,2022,11,0
220052770,Injury Crash,11/30/2022 12:20:00 AM,NEW HAMPSHIRE AVE,NA,SAME DIR REAR END,Clear,DRY,Medium,N/A,NONE DETECTED,Yes,No Apparent Injury,N/A,OTHER DISTRACTION,DC,PASSENGER CAR,MOVING CONSTANT SPEED,45,No,2013,AUDI,CV,38.97578783,-76.9939755,2022,11,0
220052753,Injury Crash,11/29/2022 09:11:00 PM,MUDDY BRANCH RD,PEDESTRIAN,STRAIGHT MOVEMENT ANGLE,Clear,DRY,Medium,TRAFFIC SIGNAL,NONE DETECTED,No,No Apparent Injury,N/A,LOOKED BUT DID NOT SEE,MD,PASSENGER CAR,MOVING CONSTANT SPEED,45,No,2001,TOYOTA,4S,39.11522055,-77.21570262,2022,11,21
220052750,Injury Crash,11/29/2022 08:33:00 PM,NA,NA,SINGLE VEHICLE,Clear,NA,Medium,NO CONTROLS,NONE DETECTED,Yes,Possible Minor Injury,N/A,NOT DISTRACTED,XX,(SPORT) UTILITY VEHICLE,BACKING,10,No,2016,ACURA,RDX,39.02966833,-77.108685,2022,11,20
220052815,Injury Crash,11/29/2022 08:25:00 PM,NA,PEDESTRIAN,OTHER,Clear,NA,Medium,NO CONTROLS,NONE DETECTED,Unknown,No Apparent Injury,N/A,NOT DISTRACTED,MD,PICKUP TRUCK,MAKING LEFT TURN,15,No,2011,FORD,F150,38.99654285,-77.02390009,2022,11,20
220052744,Injury Crash,11/29/2022 07:23:00 PM,RANDOLPH RD,NA,STRAIGHT MOVEMENT ANGLE,Clear,DRY,Medium,TRAFFIC SIGNAL,DRUG PRESENT,Yes,Possible Minor Injury,N/A,NOT DISTRACTED,MD,PASSENGER CAR,MOVING CONSTANT SPEED,40,No,2014,NISSAN,ROGUE,39.059305,-77.04729667,2022,11,19
220052744,Injury Crash,11/29/2022 07:23:00 PM,RANDOLPH RD,NA,STRAIGHT MOVEMENT ANGLE,Clear,DRY,Medium,TRAFFIC SIGNAL,NONE DETECTED,No,No Apparent Injury,N/A,NOT DISTRACTED,MD,PASSENGER CAR,ACCELERATING,40,No,2005,TOYOTA,SIENNA,39.059305,-77.04729667,2022,11,19
220052740,Property Damage Crash,11/29/2022 07:05:00 PM,RIDGE RD,NA,HEAD ON LEFT TURN,Clear,DRY,Medium,TRAFFIC SIGNAL,NONE DETECTED,Yes,No Apparent Injury,N/A,UNKNOWN,MD,PICKUP TRUCK,MAKING LEFT TURN,30,No,2007,CHEVROLET,SILVERADO,39.29054333,-77.20474667,2022,11,19
220052740,Property Damage Crash,11/29/2022 07:05:00 PM,RIDGE RD,NA,HEAD ON LEFT TURN,Clear,DRY,Medium,TRAFFIC SIGNAL,NONE DETECTED,No,No Apparent Injury,N/A,NOT DISTRACTED,MD,(SPORT) UTILITY VEHICLE,MOVING CONSTANT SPEED,30,No,2015,NISSA,ROGUE,39.29054333,-77.20474667,2022,11,19
220052741,Injury Crash,11/29/2022 07:00:00 PM,RANDOLPH RD,NA,SAME DIR REAR END,Clear,DRY,Medium,NO CONTROLS,NONE DETECTED,No,No Apparent Injury,N/A,NOT DISTRACTED,MD,PASSENGER CAR,MOVING CONSTANT SPEED,30,No,2000,SUBARU,FORESTER,39.05743333,-77.07276333,2022,11,19
220052741,Injury Crash,11/29/2022 07:00:00 PM,RANDOLPH RD,NA,SAME DIR REAR END,Clear,DRY,Medium,NO CONTROLS,DRUG PRESENT,Yes,Possible Minor Injury,N/A,UNKNOWN,MD,PASSENGER CAR,MOVING CONSTANT SPEED,30,No,2012,NISSAN,SENTRA,39.05743333,-77.07276333,2022,11,19
220052730,Property Damage Crash,11/29/2022 05:50:00 PM,COLESVILLE RD,NA,SAME DIRECTION LEFT TURN,Clear,DRY,Medium,NO CONTROLS,NONE DETECTED,No,No Apparent Injury,N/A,NOT DISTRACTED,MD,PASSENGER CAR,MOVING CONSTANT SPEED,35,No,2007,VOLKSWAGEN,BUG,39.0009112,-77.02544,2022,11,17
220052730,Property Damage Crash,11/29/2022 05:50:00 PM,COLESVILLE RD,NA,SAME DIRECTION LEFT TURN,Clear,DRY,Medium,NO CONTROLS,NONE DETECTED,Yes,No Apparent Injury,N/A,UNKNOWN,NA,NA,MAKING LEFT TURN,35,No,0,UNKNOWN,UNKNOWN,39.0009112,-77.02544,2022,11,17
220052729,Property Damage Crash,11/29/2022 05:35:00 PM,NA,NA,OTHER,Cloudy,NA,Medium,N/A,NONE DETECTED,No,No Apparent Injury,N/A,NOT DISTRACTED,MD,(SPORT) UTILITY VEHICLE,STOPPED IN TRAFFIC LANE,15,No,2011,BUIC,ENCLAVE,39.05742333,-77.12323,2022,11,17
220052729,Property Damage Crash,11/29/2022 05:35:00 PM,NA,NA,OTHER,Cloudy,NA,Medium,N/A,NONE DETECTED,Yes,No Apparent Injury,N/A,LOOKED BUT DID NOT SEE,MD,VAN,BACKING,15,No,2006,TOYOTA,SIENNA,39.05742333,-77.12323,2022,11,17
220052718,Property Damage Crash,11/29/2022 05:21:00 PM,NEW HAMPSHIRE AVE,NA,STRAIGHT MOVEMENT ANGLE,Clear,DRY,Medium,TRAFFIC SIGNAL,NONE DETECTED,No,No Apparent Injury,N/A,UNKNOWN,MD,PASSENGER CAR,MOVING CONSTANT SPEED,35,No,2011,BMW,325,38.98130667,-76.98921067,2022,11,17
220052718,Property Damage Crash,11/29/2022 05:21:00 PM,NEW HAMPSHIRE AVE,NA,STRAIGHT MOVEMENT ANGLE,Clear,DRY,Medium,TRAFFIC SIGNAL,NONE DETECTED,Yes,No Apparent Injury,N/A,UNKNOWN,MD,PASSENGER CAR,STOPPED IN TRAFFIC LANE,35,No,2021,HONDA,ACCORD,38.98130667,-76.98921067,2022,11,17
220052719,Property Damage Crash,11/29/2022 04:55:00 PM,NA,NA,OTHER,Clear,NA,Dark,NO CONTROLS,NONE DETECTED,Yes,No Apparent Injury,N/A,LOOKED BUT DID NOT SEE,MD,SCHOOL BUS,BACKING,0,No,2017,THOMAS,BUS,39.12798667,-77.16647667,2022,11,16
220052703,Property Damage Crash,11/29/2022 04:23:00 PM,COLUMBIA PIKE,NA,SAME DIRECTION SIDESWIPE,Clear,DRY,Daylight,TRAFFIC SIGNAL,NONE DETECTED,No,No Apparent Injury,N/A,NOT DISTRACTED,MD,PASSENGER CAR,STOPPED IN TRAFFIC LANE,55,No,2015,SUBARU,LEGACY,39.09549998,-76.93791024,2022,11,16
220052703,Property Damage Crash,11/29/2022 04:23:00 PM,COLUMBIA PIKE,NA,SAME DIRECTION SIDESWIPE,Clear,DRY,Daylight,TRAFFIC SIGNAL,NONE DETECTED,Yes,No Apparent Injury,N/A,LOOKED BUT DID NOT SEE,MD,POLICE VEHICLE/EMERGENCY,MOVING CONSTANT SPEED,55,No,2021,FORD,EXPLORER,39.09549998,-76.93791024,2022,11,16
220052698,Property Damage Crash,11/29/2022 03:48:00 PM,HURST ST,NA,OTHER,Clear,DRY,Daylight,NO CONTROLS,NONE DETECTED,Yes,No Apparent Injury,N/A,NOT DISTRACTED,MD,SCHOOL BUS,MOVING CONSTANT SPEED,25,No,2020,THMS,CB,39.02240667,-77.11831167,2022,11,15
220052679,Property Damage Crash,11/29/2022 02:57:00 PM,JACKSON AVE,NA,OTHER,Clear,DRY,Daylight,TRAFFIC SIGNAL,NONE DETECTED,No,No Apparent Injury,N/A,NOT DISTRACTED,MD,PASSENGER CAR,SLOWING OR STOPPING,15,No,2020,THMS,BUS,38.9822449,-76.99924755,2022,11,14
220052689,Property Damage Crash,11/29/2022 02:57:00 PM,WISCONSIN AVE,NA,SAME DIRECTION LEFT TURN,Clear,N/A,Daylight,NO CONTROLS,NONE DETECTED,Yes,No Apparent Injury,N/A,NOT DISTRACTED,MD,PASSENGER CAR,CHANGING LANES,25,No,2016,TOYOTA,TACOMA,38.98389667,-77.09409,2022,11,14
220052679,Property Damage Crash,11/29/2022 02:57:00 PM,JACKSON AVE,NA,OTHER,Clear,DRY,Daylight,TRAFFIC SIGNAL,NONE DETECTED,Yes,No Apparent Injury,N/A,UNKNOWN,NA,NA,N/A,15,No,0,UNKNOWN,UNKNOWN,38.9822449,-76.99924755,2022,11,14
220052689,Property Damage Crash,11/29/2022 02:57:00 PM,WISCONSIN AVE,NA,SAME DIRECTION LEFT TURN,Clear,N/A,Daylight,NO CONTROLS,NONE DETECTED,Yes,No Apparent Injury,N/A,LOOKED BUT DID NOT SEE,DC,TRANSIT BUS,MOVING CONSTANT SPEED,25,No,2014,INTERNATIONAL,METRO BUS,38.98389667,-77.09409,2022,11,14