Local Case Number,ACRS Report Type,Crash Date/Time,Road Name,Related Non-Motorist,Collision Type,Weather,Surface Condition,Light,Traffic Control,Driver Substance Abuse,Driver At Fault,Injury Severity,Circumstance,Driver Distracted By,Drivers License State,Vehicle Body Type,Vehicle Movement,Speed Limit,Driverless Vehicle,Vehicle Year,Vehicle Make,Vehicle Model,Latitude,Longitude,Year,Month,Hour
220052846,Property Damage Crash,11/29/2022 02:00:00 PM,BRADLEY BLVD,NA,SAME DIR REAR END,Clear,DRY,Daylight,NO CONTROLS,NONE DETECTED,Unknown,No Apparent Injury,N/A,NOT DISTRACTED,MD,PASSENGER CAR,CHANGING LANES,35,No,2018,BMW,4D,38.97718281,-77.10505802,2022,11,14
220052846,Property Damage Crash,11/29/2022 02:00:00 PM,BRADLEY BLVD,NA,SAME DIR REAR END,Clear,DRY,Daylight,NO CONTROLS,NONE DETECTED,Unknown,No Apparent Injury,N/A,NOT DISTRACTED,MD,PASSENGER CAR,MOVING CONSTANT SPEED,35,No,2015,AUDI,A8,38.97718281,-77.10505802,2022,11,14
220052661,Property Damage Crash,11/29/2022 01:35:00 PM,LYNCH ST,NA,OPPOSITE DIRECTION SIDESWIPE,Clear,N/A,Daylight,NO CONTROLS,NONE DETECTED,Yes,No Apparent Injury,N/A,NOT DISTRACTED,MD,"OTHER LIGHT TRUCKS (10,000LBS (4,536KG) OR LESS)",MOVING CONSTANT SPEED,25,No,2000,INTERNATIONAL,TK,39.08908822,-77.16293571,2022,11,13
220052652,Property Damage Crash,11/29/2022 12:27:00 PM,RIVER RD,NA,SAME DIRECTION SIDESWIPE,Cloudy,DRY,Daylight,NO CONTROLS,NONE DETECTED,Yes,No Apparent Injury,N/A,LOOKED BUT DID NOT SEE,MD,PASSENGER CAR,MAKING U TURN,40,No,2015,LINCOLN,MKZ,39.000858,-77.17798517,2022,11,12
220052652,Property Damage Crash,11/29/2022 12:27:00 PM,RIVER RD,NA,SAME DIRECTION SIDESWIPE,Cloudy,DRY,Daylight,NO CONTROLS,NONE DETECTED,No,No Apparent Injury,N/A,NOT DISTRACTED,MD,(SPORT) UTILITY VEHICLE,MOVING CONSTANT SPEED,40,No,2017,MERCEDES BENZ,GLE 350,39.000858,-77.17798517,2022,11,12
220052646,Property Damage Crash,11/29/2022 12:16:00 PM,UNIVERSITY BLVD E,NA,STRAIGHT MOVEMENT ANGLE,Clear,DRY,Daylight,FLASHING TRAFFIC SIGNAL,NONE DETECTED,No,No Apparent Injury,N/A,NOT DISTRACTED,MD,PASSENGER CAR,MOVING CONSTANT SPEED,35,No,2006,BMW,325,38.99040567,-76.989674,2022,11,12
220052646,Property Damage Crash,11/29/2022 12:16:00 PM,UNIVERSITY BLVD E,NA,STRAIGHT MOVEMENT ANGLE,Clear,DRY,Daylight,FLASHING TRAFFIC SIGNAL,NONE DETECTED,Yes,No Apparent Injury,N/A,OTHER DISTRACTION,MD,(SPORT) UTILITY VEHICLE,ACCELERATING,35,No,2000,CHEVROLET,EXPRESS,38.99040567,-76.989674,2022,11,12
220052042,Property Damage Crash,11/29/2022 11:50:00 AM,FREDERICK RD,NA,STRAIGHT MOVEMENT ANGLE,Clear,DRY,Daylight,TRAFFIC SIGNAL,NONE DETECTED,No,No Apparent Injury,N/A,NOT DISTRACTED,MD,(SPORT) UTILITY VEHICLE,MOVING CONSTANT SPEED,45,No,2013,FORD,EXPLORER,39.198325,-77.244769,2022,11,11
220052042,Property Damage Crash,11/29/2022 11:50:00 AM,FREDERICK RD,NA,STRAIGHT MOVEMENT ANGLE,Clear,DRY,Daylight,TRAFFIC SIGNAL,NONE DETECTED,Yes,No Apparent Injury,N/A,LOOKED BUT DID NOT SEE,MD,(SPORT) UTILITY VEHICLE,MOVING CONSTANT SPEED,45,No,2019,LEXUS,GX460,39.198325,-77.244769,2022,11,11
220052639,Injury Crash,11/29/2022 11:37:00 AM,CLARKSBURG RD,NA,SINGLE VEHICLE,Cloudy,DRY,Daylight,YIELD SIGN,NONE DETECTED,Yes,Possible Minor Injury,N/A,NOT DISTRACTED,MD,PASSENGER CAR,ACCELERATING,40,No,2010,TOYOTA,CAMRY,39.22687167,-77.29016067,2022,11,11
220052636,Property Damage Crash,11/29/2022 11:22:00 AM,DARNESTOWN RD,NA,SINGLE VEHICLE,Cloudy,DRY,Daylight,N/A,NONE DETECTED,Yes,No Apparent Injury,N/A,NOT DISTRACTED,MD,PASSENGER CAR,MOVING CONSTANT SPEED,40,No,2021,FORD,MUSTANG,39.108985,-77.23735167,2022,11,11
220052628,Property Damage Crash,11/29/2022 11:15:00 AM,NA,NA,HEAD ON,Cloudy,NA,Daylight,NO CONTROLS,NONE DETECTED,Yes,No Apparent Injury,N/A,NOT DISTRACTED,MD,PASSENGER CAR,STARTING FROM PARKED,0,No,2008,FORD,PICK UP,39.02083333,-77.013752,2022,11,11
220052632,Property Damage Crash,11/29/2022 11:01:00 AM,NEW HAMPSHIRE AVE,NA,SAME DIRECTION SIDESWIPE,Cloudy,DRY,Daylight,TRAFFIC SIGNAL,NONE DETECTED,No,No Apparent Injury,N/A,NOT DISTRACTED,MD,AMBULANCE/NON EMERGENCY,SLOWING OR STOPPING,30,No,2016,FRHT,TRUCK,39.15043137,-77.01245906,2022,11,11
220052632,Property Damage Crash,11/29/2022 11:01:00 AM,NEW HAMPSHIRE AVE,NA,SAME DIRECTION SIDESWIPE,Cloudy,DRY,Daylight,TRAFFIC SIGNAL,NONE DETECTED,Yes,No Apparent Injury,N/A,UNKNOWN,NA,UNKNOWN,MAKING LEFT TURN,30,No,0,UNKNOWN,UNKNOWN,39.15043137,-77.01245906,2022,11,11
220052601,Property Damage Crash,11/29/2022 08:40:00 AM,MONTGOMERY VILLAGE AVE,NA,STRAIGHT MOVEMENT ANGLE,Cloudy,DRY,Daylight,TRAFFIC SIGNAL,NONE DETECTED,No,No Apparent Injury,N/A,NOT DISTRACTED,MD,(SPORT) UTILITY VEHICLE,MAKING LEFT TURN,25,No,2017,HYUN,SANTA FE,39.16975167,-77.20442833,2022,11,8
220052601,Property Damage Crash,11/29/2022 08:40:00 AM,MONTGOMERY VILLAGE AVE,NA,STRAIGHT MOVEMENT ANGLE,Cloudy,DRY,Daylight,TRAFFIC SIGNAL,NONE DETECTED,Yes,No Apparent Injury,N/A,LOOKED BUT DID NOT SEE,MD,STATION WAGON,MOVING CONSTANT SPEED,35,No,2011,CHEV,EQUINOX,39.16975167,-77.20442833,2022,11,8
220052602,Property Damage Crash,11/29/2022 08:39:00 AM,PARKLAND DR,NA,SAME DIRECTION SIDESWIPE,Cloudy,DRY,Daylight,NO CONTROLS,NONE DETECTED,Yes,No Apparent Injury,N/A,LOOKED BUT DID NOT SEE,VA,TRANSIT BUS,MOVING CONSTANT SPEED,25,No,2009,GILL,BU,39.06939376,-77.08802451,2022,11,8
220052603,Property Damage Crash,11/29/2022 08:23:00 AM,NA,NA,STRAIGHT MOVEMENT ANGLE,Clear,NA,Daylight,OTHER,NONE DETECTED,Unknown,No Apparent Injury,N/A,UNKNOWN,MD,PICKUP TRUCK,MOVING CONSTANT SPEED,0,No,2016,FORD,F-250,39.09238667,-77.04578,2022,11,8
220052603,Property Damage Crash,11/29/2022 08:23:00 AM,NA,NA,STRAIGHT MOVEMENT ANGLE,Clear,NA,Daylight,OTHER,NONE DETECTED,Unknown,No Apparent Injury,N/A,UNKNOWN,MD,PASSENGER CAR,ACCELERATING,0,No,2019,KIA,4DR,39.09238667,-77.04578,2022,11,8
220052592,Property Damage Crash,11/29/2022 08:05:00 AM,QUINCE ORCHARD RD,NA,HEAD ON LEFT TURN,Cloudy,DRY,Daylight,TRAFFIC SIGNAL,NONE DETECTED,Yes,No Apparent Injury,N/A,LOOKED BUT DID NOT SEE,MD,PASSENGER CAR,MAKING LEFT TURN,35,No,2005,TOYOTA,RAV4,39.14518009,-77.22006157,2022,11,8
220052592,Property Damage Crash,11/29/2022 08:05:00 AM,QUINCE ORCHARD RD,NA,HEAD ON LEFT TURN,Cloudy,DRY,Daylight,TRAFFIC SIGNAL,NONE DETECTED,No,No Apparent Injury,N/A,NOT DISTRACTED,MD,PASSENGER CAR,MOVING CONSTANT SPEED,35,No,2020,SUBARU,TK,39.14518009,-77.22006157,2022,11,8
220052591,Property Damage Crash,11/29/2022 07:57:00 AM,RICHTER FARM RD,NA,SAME DIR REAR END,Cloudy,DRY,Daylight,NO CONTROLS,NONE DETECTED,No,No Apparent Injury,N/A,NOT DISTRACTED,MD,PASSENGER CAR,STOPPED IN TRAFFIC LANE,30,No,2022,HYUNDAI,SANTA FE,39.15180333,-77.283725,2022,11,7
220052591,Property Damage Crash,11/29/2022 07:57:00 AM,RICHTER FARM RD,NA,SAME DIR REAR END,Cloudy,DRY,Daylight,NO CONTROLS,NONE DETECTED,Yes,No Apparent Injury,N/A,NOT DISTRACTED,MD,PASSENGER CAR,MOVING CONSTANT SPEED,30,No,2008,HONDA,CRV,39.15180333,-77.283725,2022,11,7
220052590,Property Damage Crash,11/29/2022 07:48:00 AM,SOUTHLAWN LA,NA,OTHER,Clear,DRY,Daylight,STOP SIGN,NONE DETECTED,Yes,No Apparent Injury,N/A,NOT DISTRACTED,MD,TRANSIT BUS,ACCELERATING,20,No,2016,RIDE ON,BUS,39.09332483,-77.14332317,2022,11,7
220052590,Property Damage Crash,11/29/2022 07:48:00 AM,SOUTHLAWN LA,NA,OTHER,Clear,DRY,Daylight,STOP SIGN,NONE DETECTED,No,No Apparent Injury,N/A,NOT DISTRACTED,MD,PASSENGER CAR,STOPPED IN TRAFFIC LANE,20,No,2020,HONDA,SD,39.09332483,-77.14332317,2022,11,7
220052583,Property Damage Crash,11/29/2022 07:28:00 AM,OBSERVATION DR,NA,HEAD ON LEFT TURN,Cloudy,DRY,Daylight,TRAFFIC SIGNAL,NONE DETECTED,No,No Apparent Injury,N/A,NOT DISTRACTED,SC,PASSENGER CAR,MAKING LEFT TURN,35,No,2003,HONDA,ACCORD,39.203785,-77.26014833,2022,11,7
220052583,Property Damage Crash,11/29/2022 07:28:00 AM,OBSERVATION DR,NA,HEAD ON LEFT TURN,Cloudy,DRY,Daylight,TRAFFIC SIGNAL,NONE DETECTED,Yes,No Apparent Injury,N/A,LOOKED BUT DID NOT SEE,MD,PASSENGER CAR,MOVING CONSTANT SPEED,35,No,2018,HONDA,ODYSSEY,39.203785,-77.26014833,2022,11,7
220052575,Injury Crash,11/29/2022 06:30:00 AM,REDLAND RD,PEDESTRIAN,OTHER,Clear,DRY,Medium,TRAFFIC SIGNAL,NONE DETECTED,Yes,No Apparent Injury,N/A,NOT DISTRACTED,MD,PASSENGER CAR,MAKING LEFT TURN,40,No,2015,MAZD,4S,39.12837017,-77.16735683,2022,11,6
220052559,Property Damage Crash,11/28/2022 11:39:00 PM,EISENHOWER MEMORIAL HWY,NA,SINGLE VEHICLE,Clear,DRY,Medium,N/A,DRUG AND ALCOHOL CONTRIBUTED,Yes,No Apparent Injury,N/A,NOT DISTRACTED,MD,(SPORT) UTILITY VEHICLE,MOVING CONSTANT SPEED,55,No,2016,MERCEDES,GLC300,39.15942667,-77.22977667,2022,11,23
220052532,Property Damage Crash,11/28/2022 06:20:00 PM,MONTROSE PKWY,NA,HEAD ON LEFT TURN,Clear,DRY,Medium,TRAFFIC SIGNAL,NONE DETECTED,Yes,No Apparent Injury,N/A,LOOKED BUT DID NOT SEE,MD,PASSENGER CAR,MAKING LEFT TURN,35,No,2004,TOYOTA,CAMRY,39.05073683,-77.12621483,2022,11,18
220052532,Property Damage Crash,11/28/2022 06:20:00 PM,MONTROSE PKWY,NA,HEAD ON LEFT TURN,Clear,DRY,Medium,TRAFFIC SIGNAL,NONE DETECTED,Yes,No Apparent Injury,N/A,NOT DISTRACTED,MD,PASSENGER CAR,MOVING CONSTANT SPEED,35,No,2013,BMW,2S,39.05073683,-77.12621483,2022,11,18
220052486,Property Damage Crash,11/28/2022 02:11:00 PM,PROCERA DR,NA,STRAIGHT MOVEMENT ANGLE,Cloudy,DRY,Daylight,NO CONTROLS,NONE DETECTED,Yes,No Apparent Injury,N/A,UNKNOWN,MD,PASSENGER CAR,MAKING RIGHT TURN,25,No,2014,MERCEDES-BENZ,CLA250,39.08519014,-77.21695296,2022,11,14
220052481,Injury Crash,11/28/2022 01:28:00 PM,495 OL X31,NA,SAME DIRECTION RIGHT TURN,Clear,N/A,Daylight,NO CONTROLS,NONE DETECTED,Yes,Possible Minor Injury,N/A,TALKING OR LISTENING TO CELLULAR PHONE,MD,(SPORT) UTILITY VEHICLE,UNKNOWN,55,No,2009,TOYOTA,SUS,39.0064541,-77.0713113,2022,11,13
220052481,Injury Crash,11/28/2022 01:28:00 PM,495 OL X31,NA,SAME DIRECTION RIGHT TURN,Clear,N/A,Daylight,NO CONTROLS,NONE DETECTED,No,No Apparent Injury,N/A,NOT DISTRACTED,MD,(SPORT) UTILITY VEHICLE,MOVING CONSTANT SPEED,55,No,2020,HONDA,PV,39.0064541,-77.0713113,2022,11,13
220052474,Property Damage Crash,11/28/2022 01:00:00 PM,EISENHOWER MEMORIAL HWY,NA,SINGLE VEHICLE,Cloudy,DRY,Daylight,NO CONTROLS,NONE DETECTED,Yes,No Apparent Injury,N/A,NOT DISTRACTED,MD,PASSENGER CAR,MOVING CONSTANT SPEED,55,No,2007,SATURN,SKY,39.05420167,-77.15278667,2022,11,13
220052470,Property Damage Crash,11/28/2022 12:40:00 PM,CRABBS BRANCH WAY,NA,SAME DIRECTION SIDESWIPE,Clear,DRY,Daylight,NO CONTROLS,NONE DETECTED,Yes,No Apparent Injury,N/A,UNKNOWN,NA,NA,MOVING CONSTANT SPEED,35,No,0,UNKNOWN,UNKNOWN,39.10949333,-77.15302833,2022,11,12
220052470,Property Damage Crash,11/28/2022 12:40:00 PM,CRABBS BRANCH WAY,NA,SAME DIRECTION SIDESWIPE,Clear,DRY,Daylight,NO CONTROLS,NONE DETECTED,No,No Apparent Injury,N/A,NOT DISTRACTED,MD,TRANSIT BUS,STOPPED IN TRAFFIC LANE,35,No,2018,GILLIG,BUS,39.10949333,-77.15302833,2022,11,12
220052453,Injury Crash,11/28/2022 11:32:00 AM,PINEY BRANCH RD,NA,STRAIGHT MOVEMENT ANGLE,Clear,DRY,Daylight,TRAFFIC SIGNAL,NONE DETECTED,No,Possible Minor Injury,N/A,NOT DISTRACTED,MD,PASSENGER CAR,MAKING LEFT TURN,30,No,2001,HONDA,ACCORD,38.99908933,-76.99726433,2022,11,11
220052453,Injury Crash,11/28/2022 11:32:00 AM,PINEY BRANCH RD,NA,STRAIGHT MOVEMENT ANGLE,Clear,DRY,Daylight,TRAFFIC SIGNAL,NONE DETECTED,Yes,No Apparent Injury,N/A,UNKNOWN,MD,(SPORT) UTILITY VEHICLE,MOVING CONSTANT SPEED,30,No,2013,DODGE,JOURNEY,38.99908933,-76.99726433,2022,11,11
220052446,Property Damage Crash,11/28/2022 10:50:00 AM,TRAVIS LA,NA,STRAIGHT MOVEMENT ANGLE,Clear,DRY,Daylight,STOP SIGN,NONE DETECTED,No,No Apparent Injury,N/A,NOT DISTRACTED,MD,(SPORT) UTILITY VEHICLE,MOVING CONSTANT SPEED,25,No,2009,KIA,TK,39.16236167,-77.21691167,2022,11,10
220052446,Property Damage Crash,11/28/2022 10:50:00 AM,TRAVIS LA,NA,STRAIGHT MOVEMENT ANGLE,Clear,DRY,Daylight,STOP SIGN,NONE DETECTED,Yes,No Apparent Injury,N/A,LOOKED BUT DID NOT SEE,MD,OTHER,STARTING FROM LANE,35,No,2012,TOYT,4S,39.16236167,-77.21691167,2022,11,10
220052436,Property Damage Crash,11/28/2022 10:10:00 AM,CONNECTICUT AVE,NA,SAME DIRECTION SIDESWIPE,Clear,DRY,Daylight,TRAFFIC SIGNAL,NONE DETECTED,Yes,No Apparent Injury,N/A,LOOKED BUT DID NOT SEE,MD,AMBULANCE/EMERGENCY,MOVING CONSTANT SPEED,35,No,2018,FRHT,AM,38.9961005,-77.07782017,2022,11,10
220052436,Property Damage Crash,11/28/2022 10:10:00 AM,CONNECTICUT AVE,NA,SAME DIRECTION SIDESWIPE,Clear,DRY,Daylight,TRAFFIC SIGNAL,NONE DETECTED,No,No Apparent Injury,N/A,NOT DISTRACTED,MD,"CARGO VAN/LIGHT TRUCK 2 AXLES (OVER 10,000LBS (4,536 KG))",MOVING CONSTANT SPEED,35,No,2022,FREIGHTLINER,TRUCK,38.9961005,-77.07782017,2022,11,10
220052433,Property Damage Crash,11/28/2022 10:05:00 AM,VEIRS MILL RD,NA,SAME DIR REAR END,Clear,DRY,Daylight,NO CONTROLS,NONE DETECTED,Yes,No Apparent Injury,N/A,NOT DISTRACTED,MD,PASSENGER CAR,MOVING CONSTANT SPEED,40,No,2001,TOYOTA,CAMRY,39.07573793,-77.11910417,2022,11,10
220052433,Property Damage Crash,11/28/2022 10:05:00 AM,VEIRS MILL RD,NA,SAME DIR REAR END,Clear,DRY,Daylight,NO CONTROLS,NONE DETECTED,No,No Apparent Injury,N/A,NOT DISTRACTED,MD,PASSENGER CAR,ACCELERATING,40,No,2014,NISSAN,ROUGE,39.07573793,-77.11910417,2022,11,10
220052432,Property Damage Crash,11/28/2022 10:00:00 AM,GALESVILLE DR,NA,OTHER,Clear,DRY,Daylight,NO CONTROLS,NONE DETECTED,Yes,No Apparent Injury,N/A,UNKNOWN,MD,PASSENGER CAR,BACKING,25,No,2011,JEEP,COMPASS,39.13391282,-77.25587491,2022,11,10
220052434,Property Damage Crash,11/28/2022 09:43:00 AM,RANDOLPH RD,NA,SAME DIRECTION SIDESWIPE,Cloudy,DRY,Daylight,NO CONTROLS,NONE DETECTED,Yes,No Apparent Injury,"N/A, NON-HIGHWAY WORK",LOOKED BUT DID NOT SEE,NA,PASSENGER CAR,CHANGING LANES,35,No,2016,FORD,SEDAN 4 DOOR,39.05726643,-77.07349585,2022,11,9
220052434,Property Damage Crash,11/28/2022 09:43:00 AM,RANDOLPH RD,NA,SAME DIRECTION SIDESWIPE,Cloudy,DRY,Daylight,NO CONTROLS,NONE DETECTED,No,No Apparent Injury,"N/A, NON-HIGHWAY WORK",NOT DISTRACTED,MD,PICKUP TRUCK,MOVING CONSTANT SPEED,35,No,2015,GMC,PK,39.05726643,-77.07349585,2022,11,9
220052422,Property Damage Crash,11/28/2022 09:14:00 AM,ROCKVILLE PIKE,NA,SAME DIR REAR END,Cloudy,DRY,Daylight,TRAFFIC SIGNAL,NONE DETECTED,Yes,No Apparent Injury,N/A,NOT DISTRACTED,MD,PASSENGER CAR,SLOWING OR STOPPING,40,No,2009,MERCEDES,C300,39.04227533,-77.1105975,2022,11,9
220052422,Property Damage Crash,11/28/2022 09:14:00 AM,ROCKVILLE PIKE,NA,SAME DIR REAR END,Cloudy,DRY,Daylight,TRAFFIC SIGNAL,NONE DETECTED,No,No Apparent Injury,N/A,NOT DISTRACTED,MD,PASSENGER CAR,SLOWING OR STOPPING,40,No,2005,TOYOTA,CAMRY,39.04227533,-77.1105975,2022,11,9
220052422,Property Damage Crash,11/28/2022 09:14:00 AM,ROCKVILLE PIKE,NA,SAME DIR REAR END,Cloudy,DRY,Daylight,TRAFFIC SIGNAL,NONE DETECTED,No,No Apparent Injury,N/A,NOT DISTRACTED,MD,PASSENGER CAR,SLOWING OR STOPPING,40,No,2016,SUBARU,OUTBACK,39.04227533,-77.1105975,2022,11,9
220052402,Property Damage Crash,11/28/2022 06:45:00 AM,CONNECTICUT AVE,NA,SINGLE VEHICLE,Clear,WET,Medium,NO CONTROLS,NONE DETECTED,Yes,No Apparent Injury,"N/A, WET",NOT DISTRACTED,MD,PICKUP TRUCK,MOVING CONSTANT SPEED,35,No,2005,FORD,F150,39.08562,-77.07468833,2022,11,6
220052381,Injury Crash,11/27/2022 11:50:00 PM,MATENY RD,NA,SAME DIR REAR END,Rain,WET,Medium,NO CONTROLS,ALCOHOL PRESENT,Yes,Possible Minor Injury,"RAIN, SNOW, WET",NOT DISTRACTED,MD,PASSENGER CAR,MOVING CONSTANT SPEED,30,No,2021,MAZDA,3,39.16372577,-77.27132489,2022,11,23
220052378,Injury Crash,11/27/2022 11:27:00 PM,WATKINS MILL RD,NA,STRAIGHT MOVEMENT ANGLE,Cloudy,WET,Medium,TRAFFIC SIGNAL,NONE DETECTED,No,No Apparent Injury,"V WIPERS|W OTHER ENVIRONMENTAL, WET",NOT DISTRACTED,MD,PASSENGER CAR,MOVING CONSTANT SPEED,35,No,2018,TOYT,4S,39.15924583,-77.219425,2022,11,23
220052378,Injury Crash,11/27/2022 11:27:00 PM,WATKINS MILL RD,NA,STRAIGHT MOVEMENT ANGLE,Cloudy,WET,Medium,TRAFFIC SIGNAL,NONE DETECTED,Yes,No Apparent Injury,"V WIPERS|W OTHER ENVIRONMENTAL, WET",LOOKED BUT DID NOT SEE,MD,PASSENGER CAR,ACCELERATING,35,No,2018,MAZD,TK,39.15924583,-77.219425,2022,11,23
220052253,Injury Crash,11/27/2022 10:48:00 PM,CONNECTICUT AVE,NA,SINGLE VEHICLE,Clear,DRY,Medium,NO CONTROLS,ALCOHOL PRESENT,Yes,Suspected Serious Injury,N/A,UNKNOWN,XX,VAN,MOVING CONSTANT SPEED,35,No,2001,FORD,E250,39.06230367,-77.07314083,2022,11,22
220052372,Property Damage Crash,11/27/2022 09:32:00 PM,SANDY SPRING RD,NA,SINGLE VEHICLE,Cloudy,WET,Medium,NO CONTROLS,NONE DETECTED,Yes,No Apparent Injury,"RAIN, SNOW, WET",NOT DISTRACTED,MD,PASSENGER CAR,MOVING CONSTANT SPEED,40,No,2014,HYUNDAI,SONATA,39.045605,-76.99072167,2022,11,21
220052364,Property Damage Crash,11/27/2022 08:55:00 PM,E RANDOLPH RD,NA,HEAD ON LEFT TURN,Rain,WET,Medium,TRAFFIC SIGNAL,NONE DETECTED,Yes,No Apparent Injury,"SLEET, HAIL, FREEZ. RAIN, WET",NOT DISTRACTED,MD,PASSENGER CAR,SLOWING OR STOPPING,40,No,2008,NISSAN,ROGUE,39.07186633,-76.98860017,2022,11,20
220052364,Property Damage Crash,11/27/2022 08:55:00 PM,E RANDOLPH RD,NA,HEAD ON LEFT TURN,Rain,WET,Medium,TRAFFIC SIGNAL,NONE DETECTED,No,No Apparent Injury,"SLEET, HAIL, FREEZ. RAIN, WET",NOT DISTRACTED,MD,PASSENGER CAR,MAKING LEFT TURN,40,No,2009,TOYOTA,CAMRY,39.07186633,-76.98860017,2022,11,20
220052366,Injury Crash,11/27/2022 08:53:00 PM,BEL PRE RD,NA,STRAIGHT MOVEMENT ANGLE,Rain,WET,Dark,NO CONTROLS,NONE DETECTED,Yes,Possible Minor Injury,"RAIN, SNOW, WET",NOT DISTRACTED,MD,PASSENGER CAR,MOVING CONSTANT SPEED,40,No,2015,HONDA,COROLLA,39.09037667,-77.04478833,2022,11,20
220052366,Injury Crash,11/27/2022 08:53:00 PM,BEL PRE RD,NA,STRAIGHT MOVEMENT ANGLE,Rain,WET,Dark,NO CONTROLS,NONE DETECTED,Yes,Possible Minor Injury,"RAIN, SNOW, WET",NOT DISTRACTED,MD,PASSENGER CAR,MOVING CONSTANT SPEED,40,No,2007,TOYOTA,COROLLA,39.09037667,-77.04478833,2022,11,20
220052376,Property Damage Crash,11/27/2022 08:30:00 PM,16TH ST,NA,OTHER,Clear,DRY,Medium,TRAFFIC SIGNAL,NONE DETECTED,No,No Apparent Injury,N/A,NOT DISTRACTED,MD,PASSENGER CAR,STARTING FROM LANE,30,No,2016,VW,GOLF,38.99647158,-77.03639283,2022,11,20
220052376,Property Damage Crash,11/27/2022 08:30:00 PM,16TH ST,NA,OTHER,Clear,DRY,Medium,TRAFFIC SIGNAL,NONE DETECTED,Yes,No Apparent Injury,N/A,UNKNOWN,NA,PASSENGER CAR,STARTING FROM LANE,30,No,2013,TOYOTA,CBS,38.99647158,-77.03639283,2022,11,20
220052359,Property Damage Crash,11/27/2022 08:10:00 PM,CLARKSBURG RD,NA,SINGLE VEHICLE,Cloudy,WET,Dark,NO CONTROLS,NONE DETECTED,Yes,No Apparent Injury,"N/A, ROAD UNDER CONSTRUCTION/MAINTENANCE, WET",NOT DISTRACTED,MD,PASSENGER CAR,MOVING CONSTANT SPEED,40,No,2010,MERC,E350,39.18408833,-77.26367333,2022,11,20
220052357,Property Damage Crash,11/27/2022 07:35:00 PM,GEORGIA AVE,NA,STRAIGHT MOVEMENT ANGLE,Clear,DRY,Dark,TRAFFIC SIGNAL,NONE DETECTED,Yes,No Apparent Injury,"N/A, V WIPERS|W OTHER ENVIRONMENTAL",NOT DISTRACTED,MD,PASSENGER CAR,UNKNOWN,30,No,2016,TOYOTA,RAV4,39.15899833,-77.0641,2022,11,19
220052357,Property Damage Crash,11/27/2022 07:35:00 PM,GEORGIA AVE,NA,STRAIGHT MOVEMENT ANGLE,Clear,DRY,Dark,TRAFFIC SIGNAL,NONE DETECTED,Yes,No Apparent Injury,"N/A, V WIPERS|W OTHER ENVIRONMENTAL",UNKNOWN,MD,PASSENGER CAR,UNKNOWN,30,No,2016,TOYOTA,COROLLA,39.15899833,-77.0641,2022,11,19
220052354,Injury Crash,11/27/2022 06:52:00 PM,UNIVERSITY BLVD W,NA,STRAIGHT MOVEMENT ANGLE,Clear,WET,Dark,TRAFFIC SIGNAL,NONE DETECTED,Yes,Possible Minor Injury,"N/A, RAIN, SNOW",OTHER DISTRACTION,MD,PASSENGER CAR,MOVING CONSTANT SPEED,35,No,2013,HONDA,CR-V,39.04649407,-77.03294615,2022,11,18
220052354,Injury Crash,11/27/2022 06:52:00 PM,UNIVERSITY BLVD W,NA,STRAIGHT MOVEMENT ANGLE,Clear,WET,Dark,TRAFFIC SIGNAL,NONE DETECTED,Yes,No Apparent Injury,"N/A, RAIN, SNOW",OTHER DISTRACTION,MD,PASSENGER CAR,ACCELERATING,35,No,2016,TOYOTA,SIENNA,39.04649407,-77.03294615,2022,11,18
220052350,Property Damage Crash,11/27/2022 06:10:00 PM,BRINK RD,NA,HEAD ON,Cloudy,WET,Dark,NO CONTROLS,NONE DETECTED,No,No Apparent Injury,"N/A, WET",NOT DISTRACTED,MD,PASSENGER CAR,MOVING CONSTANT SPEED,35,No,2009,FORD,TAURUS,39.17639333,-77.16939667,2022,11,18
220052350,Property Damage Crash,11/27/2022 06:10:00 PM,BRINK RD,NA,HEAD ON,Cloudy,WET,Dark,NO CONTROLS,NONE DETECTED,Yes,No Apparent Injury,"N/A, WET",NOT DISTRACTED,MD,POLICE VEHICLE/NON EMERGENCY,MOVING CONSTANT SPEED,35,No,2018,DODGE,CHARGER,39.17639333,-77.16939667,2022,11,18
220052351,Property Damage Crash,11/27/2022 05:46:00 PM,GEORGIA AVE,NA,OTHER,Rain,WET,Dark,TRAFFIC SIGNAL,NONE DETECTED,No,No Apparent Injury,"RAIN, SNOW, WET",NOT DISTRACTED,MD,PASSENGER CAR,SLOWING OR STOPPING,35,No,2007,TOYOTA,UNKNOWN,39.04649407,-77.03294615,2022,11,17
220052351,Property Damage Crash,11/27/2022 05:46:00 PM,GEORGIA AVE,NA,OTHER,Rain,WET,Dark,TRAFFIC SIGNAL,NONE DETECTED,Yes,No Apparent Injury,"RAIN, SNOW, WET",UNKNOWN,NA,PASSENGER CAR,SLOWING OR STOPPING,35,No,2020,HYDUNAI,ELANTRA,39.04649407,-77.03294615,2022,11,17
220052348,Property Damage Crash,11/27/2022 05:34:00 PM,SNOUFFERS SCHOOL RD,NA,SINGLE VEHICLE,Rain,WET,Medium,N/A,NONE DETECTED,Yes,No Apparent Injury,"N/A, WET",NOT DISTRACTED,MD,POLICE VEHICLE/EMERGENCY,MOVING CONSTANT SPEED,45,No,2018,FORD,TAURUS,39.18732946,-77.18635191,2022,11,17
220052341,Property Damage Crash,11/27/2022 04:05:00 PM,EISENHOWER MEMORIAL HWY,NA,SAME DIR REAR END,Rain,WET,Daylight,N/A,NONE DETECTED,No,No Apparent Injury,"N/A, WET",NOT DISTRACTED,MD,PASSENGER CAR,ACCELERATING,35,No,2014,JEEP,GRAND CHEROKEE,39.1601,-77.22679167,2022,11,16
220052341,Property Damage Crash,11/27/2022 04:05:00 PM,EISENHOWER MEMORIAL HWY,NA,SAME DIR REAR END,Rain,WET,Daylight,N/A,NONE DETECTED,Yes,No Apparent Injury,"N/A, WET",UNKNOWN,NA,NA,ACCELERATING,35,No,0,UNKNOWN,UNKNOWN,39.1601,-77.22679167,2022,11,16
220052336,Injury Crash,11/27/2022 03:44:00 PM,COLESVILLE RD,NA,ANGLE MEETS RIGHT TURN,Rain,WET,Daylight,STOP SIGN,NONE DETECTED,No,Possible Minor Injury,"N/A, WET",NOT DISTRACTED,MD,VAN,MOVING CONSTANT SPEED,35,No,2015,NISSAN,PATHFINDER,39.00317667,-77.02416,2022,11,15
220052336,Injury Crash,11/27/2022 03:44:00 PM,COLESVILLE RD,NA,ANGLE MEETS RIGHT TURN,Rain,WET,Daylight,STOP SIGN,NONE DETECTED,Yes,No Apparent Injury,"N/A, WET",LOOKED BUT DID NOT SEE,MD,VAN,MAKING RIGHT TURN,35,No,2020,FORD,CG,39.00317667,-77.02416,2022,11,15
220052330,Property Damage Crash,11/27/2022 02:47:00 PM,LAYHILL RD,NA,SAME DIR REAR END,Rain,WET,Daylight,TRAFFIC SIGNAL,NONE DETECTED,Yes,No Apparent Injury,"RAIN, SNOW, WET",NOT DISTRACTED,MD,(SPORT) UTILITY VEHICLE,SLOWING OR STOPPING,40,No,2009,HONDA,CRV,39.120305,-77.03412233,2022,11,14
220052330,Property Damage Crash,11/27/2022 02:47:00 PM,LAYHILL RD,NA,SAME DIR REAR END,Rain,WET,Daylight,TRAFFIC SIGNAL,NONE DETECTED,No,No Apparent Injury,"RAIN, SNOW, WET",NOT DISTRACTED,MD,PASSENGER CAR,SLOWING OR STOPPING,40,No,2014,FORD,FOCUS,39.120305,-77.03412233,2022,11,14