Local Case Number,ACRS Report Type,Crash Date/Time,Road Name,Related Non-Motorist,Collision Type,Weather,Surface Condition,Light,Traffic Control,Driver Substance Abuse,Driver At Fault,Injury Severity,Circumstance,Driver Distracted By,Drivers License State,Vehicle Body Type,Vehicle Movement,Speed Limit,Driverless Vehicle,Vehicle Year,Vehicle Make,Vehicle Model,Latitude,Longitude,Year,Month,Hour
220052065,Property Damage Crash,11/25/2022 02:42:00 PM,CONNECTICUT AVE,NA,SAME DIRECTION SIDESWIPE,Clear,DRY,Daylight,NO CONTROLS,NONE DETECTED,No,No Apparent Injury,N/A,NOT DISTRACTED,MD,PASSENGER CAR,MOVING CONSTANT SPEED,35,No,2018,VOLK,TIGUAN,39.02516533,-77.07617483,2022,11,14
220052065,Property Damage Crash,11/25/2022 02:42:00 PM,CONNECTICUT AVE,NA,SAME DIRECTION SIDESWIPE,Clear,DRY,Daylight,NO CONTROLS,NONE DETECTED,Yes,No Apparent Injury,N/A,LOOKED BUT DID NOT SEE,MD,PASSENGER CAR,CHANGING LANES,35,No,2012,NISS,SENTRA,39.02516533,-77.07617483,2022,11,14
220052061,Property Damage Crash,11/25/2022 02:17:00 PM,ROCKVILLE PIKE,NA,SAME DIRECTION SIDESWIPE,Clear,DRY,Daylight,N/A,NONE DETECTED,Yes,No Apparent Injury,"BACKUP DUE TO REGULAR CONGESTION, N/A",INATTENTIVE OR LOST IN THOUGHT,MD,PASSENGER CAR,CHANGING LANES,35,No,2011,HYUNDAI,SONATA,39.07765402,-77.14030944,2022,11,14
220052061,Property Damage Crash,11/25/2022 02:17:00 PM,ROCKVILLE PIKE,NA,SAME DIRECTION SIDESWIPE,Clear,DRY,Daylight,N/A,NONE DETECTED,No,No Apparent Injury,"BACKUP DUE TO REGULAR CONGESTION, N/A",NOT DISTRACTED,MD,OTHER BUS,SLOWING OR STOPPING,35,No,2019,FORD,BUS,39.07765402,-77.14030944,2022,11,14
220052059,Injury Crash,11/25/2022 02:01:00 PM,VEIRS MILL RD,NA,STRAIGHT MOVEMENT ANGLE,Clear,DRY,Daylight,NO CONTROLS,NONE DETECTED,Yes,Possible Minor Injury,N/A,NOT DISTRACTED,MD,(SPORT) UTILITY VEHICLE,MOVING CONSTANT SPEED,40,No,2007,TOYT,TK,39.06730767,-77.10175867,2022,11,14
220052059,Injury Crash,11/25/2022 02:01:00 PM,VEIRS MILL RD,NA,STRAIGHT MOVEMENT ANGLE,Clear,DRY,Daylight,NO CONTROLS,NONE DETECTED,No,No Apparent Injury,N/A,NOT DISTRACTED,MD,FIRE VEHICLE/EMERGENCY,MAKING U TURN,40,No,2008,SPAR,FIRE TRUCK,39.06730767,-77.10175867,2022,11,14
220052050,Injury Crash,11/25/2022 01:27:00 PM,CABIN JOHN PKWY,NA,SINGLE VEHICLE,Cloudy,WET,Daylight,NO CONTROLS,NONE DETECTED,Yes,No Apparent Injury,"N/A, WET",NOT DISTRACTED,VA,PASSENGER CAR,MOVING CONSTANT SPEED,45,No,2003,JEEP,LIBERTY,38.96992,-77.14529,2022,11,13
220052037,Property Damage Crash,11/25/2022 11:29:00 AM,TUCKERMAN LA,NA,SINGLE VEHICLE,Clear,WET,Daylight,NO CONTROLS,NONE DETECTED,Yes,No Apparent Injury,"N/A, WET",NOT DISTRACTED,MD,PASSENGER CAR,MOVING CONSTANT SPEED,35,No,2000,FORD,MUSTANG,39.03021733,-77.11374117,2022,11,11
220052035,Property Damage Crash,11/25/2022 11:05:00 AM,FATHER HURLEY BLVD,NA,SINGLE VEHICLE,Clear,WET,Daylight,NO CONTROLS,NONE DETECTED,Yes,No Apparent Injury,"N/A, WET",NOT DISTRACTED,MD,PASSENGER CAR,MOVING CONSTANT SPEED,35,No,2017,TOYOTA,COROLLA,39.17577867,-77.2829235,2022,11,11
220052033,Injury Crash,11/25/2022 10:50:00 AM,WATKINS MILL RD,NA,SAME DIR REAR END,Clear,WET,Daylight,TRAFFIC SIGNAL,NONE DETECTED,Yes,No Apparent Injury,"N/A, WET",LOOKED BUT DID NOT SEE,MD,PASSENGER CAR,SLOWING OR STOPPING,35,No,2007,TOYOTA,COROLLA,39.15801167,-77.22192,2022,11,10
220052033,Injury Crash,11/25/2022 10:50:00 AM,WATKINS MILL RD,NA,SAME DIR REAR END,Clear,WET,Daylight,TRAFFIC SIGNAL,NONE DETECTED,No,Possible Minor Injury,"N/A, WET",NOT DISTRACTED,MD,PASSENGER CAR,SLOWING OR STOPPING,35,No,2016,NISSAN,ALTIMA,39.15801167,-77.22192,2022,11,10
220052032,Property Damage Crash,11/25/2022 10:48:00 AM,VEIRS MILL RD,NA,HEAD ON LEFT TURN,Cloudy,WET,Daylight,TRAFFIC SIGNAL,NONE DETECTED,Yes,No Apparent Injury,"N/A, WET",NOT DISTRACTED,MD,PASSENGER CAR,MAKING LEFT TURN,45,No,2021,TOYOTA,SD,39.07849986,-77.1303016,2022,11,10
220052032,Property Damage Crash,11/25/2022 10:48:00 AM,VEIRS MILL RD,NA,HEAD ON LEFT TURN,Cloudy,WET,Daylight,TRAFFIC SIGNAL,NONE DETECTED,No,No Apparent Injury,"N/A, WET",NOT DISTRACTED,MD,PASSENGER CAR,MOVING CONSTANT SPEED,45,No,2019,MITSUBISHI,UT,39.07849986,-77.1303016,2022,11,10
220052031,Property Damage Crash,11/25/2022 10:43:00 AM,ODENDHAL AVE,NA,SINGLE VEHICLE,Clear,WET,Daylight,N/A,NONE DETECTED,Yes,No Apparent Injury,"ANIMAL, WET",NOT DISTRACTED,MD,PASSENGER CAR,SKIDDING,30,No,2012,HYUN,SONATA,39.15240223,-77.19611546,2022,11,10
220052026,Injury Crash,11/25/2022 09:20:00 AM,RANDOLPH RD,NA,SAME DIRECTION RIGHT TURN,Cloudy,DRY,Daylight,TRAFFIC SIGNAL,NONE DETECTED,Yes,No Apparent Injury,N/A,INATTENTIVE OR LOST IN THOUGHT,MD,PASSENGER CAR,MAKING RIGHT TURN,35,No,2020,TOYOTA,SD,39.05899567,-77.047611,2022,11,9
220052026,Injury Crash,11/25/2022 09:20:00 AM,RANDOLPH RD,NA,SAME DIRECTION RIGHT TURN,Cloudy,DRY,Daylight,TRAFFIC SIGNAL,NONE DETECTED,No,Possible Minor Injury,N/A,NOT DISTRACTED,MD,PASSENGER CAR,MOVING CONSTANT SPEED,35,No,2014,HONDA,CRV,39.05899567,-77.047611,2022,11,9
220052052,Property Damage Crash,11/25/2022 08:16:00 AM,RENDALE CT,NA,SAME DIRECTION SIDESWIPE,Cloudy,DRY,Daylight,NO CONTROLS,NONE DETECTED,Yes,No Apparent Injury,N/A,UNKNOWN,MD,"MEDIUM/HEAVY TRUCKS 3 AXLES (OVER 10,000LBS (4,536KG))",MOVING CONSTANT SPEED,25,No,2011,CRANE,FRHT,39.16018167,-77.08591,2022,11,8
220052021,Property Damage Crash,11/25/2022 08:00:00 AM,OLD GEORGETOWN RD,NA,SAME DIRECTION SIDESWIPE,Rain,WET,Daylight,N/A,NONE DETECTED,No,No Apparent Injury,"RAIN, SNOW, WET",NOT DISTRACTED,MD,TRANSIT BUS,PARKED,35,No,2021,NEW FLYER,BUS,39.00980133,-77.11444333,2022,11,8
220052021,Property Damage Crash,11/25/2022 08:00:00 AM,OLD GEORGETOWN RD,NA,SAME DIRECTION SIDESWIPE,Rain,WET,Daylight,N/A,NONE DETECTED,Yes,No Apparent Injury,"RAIN, SNOW, WET",NOT DISTRACTED,MD,PASSENGER CAR,CHANGING LANES,35,No,2020,TOYOTA,PRIUS,39.00980133,-77.11444333,2022,11,8
220052015,Property Damage Crash,11/25/2022 06:10:00 AM,VEIRS MILL RD,NA,SINGLE VEHICLE,Rain,WET,Medium,TRAFFIC SIGNAL,NONE DETECTED,Yes,No Apparent Injury,"RAIN, SNOW, WET",INATTENTIVE OR LOST IN THOUGHT,MD,PASSENGER CAR,MOVING CONSTANT SPEED,25,No,2004,TOYOTA,PRIUS,39.03822033,-77.061615,2022,11,6
220052014,Injury Crash,11/25/2022 05:23:00 AM,MAIN ST,NA,STRAIGHT MOVEMENT ANGLE,Rain,WET,Medium,TRAFFIC SIGNAL,NONE DETECTED,No,Possible Minor Injury,"RAIN, SNOW, WET",NOT DISTRACTED,MD,POLICE VEHICLE/NON EMERGENCY,MOVING CONSTANT SPEED,30,No,2014,DODGE,CHARGER,39.28764667,-77.20172,2022,11,5
220052014,Injury Crash,11/25/2022 05:23:00 AM,MAIN ST,NA,STRAIGHT MOVEMENT ANGLE,Rain,WET,Medium,TRAFFIC SIGNAL,NONE DETECTED,Yes,No Apparent Injury,"RAIN, SNOW, WET",UNKNOWN,MD,PASSENGER CAR,MOVING CONSTANT SPEED,30,No,2011,FORD,ESCAPE,39.28764667,-77.20172,2022,11,5
220052005,Property Damage Crash,11/24/2022 10:37:00 PM,GEORGIA AVE,NA,STRAIGHT MOVEMENT ANGLE,Clear,DRY,Medium,TRAFFIC SIGNAL,NONE DETECTED,Yes,No Apparent Injury,N/A,NOT DISTRACTED,XX,PASSENGER CAR,N/A,25,No,2016,KIA,OPTIMA,39.060619,-77.0505265,2022,11,22
220052005,Property Damage Crash,11/24/2022 10:37:00 PM,GEORGIA AVE,NA,STRAIGHT MOVEMENT ANGLE,Clear,DRY,Medium,TRAFFIC SIGNAL,NONE DETECTED,No,No Apparent Injury,N/A,UNKNOWN,MD,PASSENGER CAR,MOVING CONSTANT SPEED,35,No,2014,NISSAN,FRONTIER,39.060619,-77.0505265,2022,11,22
220052001,Injury Crash,11/24/2022 09:50:00 PM,OLD GEORGETOWN RD,NA,SINGLE VEHICLE,Clear,DRY,Medium,TRAFFIC SIGNAL,NONE DETECTED,Yes,No Apparent Injury,N/A,LOOKED BUT DID NOT SEE,MD,PASSENGER CAR,MOVING CONSTANT SPEED,40,No,2021,VOLKS,JETTA,39.03596342,-77.12406478,2022,11,21
220051996,Property Damage Crash,11/24/2022 07:04:00 PM,PARK VISTA DR,NA,SINGLE VEHICLE,Clear,DRY,Medium,NO CONTROLS,ALCOHOL PRESENT,Yes,No Apparent Injury,N/A,NOT DISTRACTED,PA,PASSENGER CAR,MOVING CONSTANT SPEED,30,No,2011,HONDA,CIVIC,39.1016288,-77.0446503,2022,11,19
220051981,Injury Crash,11/24/2022 05:18:00 PM,QUINCE ORCHARD RD,PEDESTRIAN,OTHER,Clear,DRY,Medium,TRAFFIC SIGNAL,NONE DETECTED,Unknown,No Apparent Injury,N/A,NOT DISTRACTED,VA,PASSENGER CAR,MAKING RIGHT TURN,35,No,2017,ACURA,ILX,39.14475985,-77.21946533,2022,11,17
220051971,Injury Crash,11/24/2022 02:14:00 PM,FAIRDALE RD,NA,OTHER,Clear,DRY,Daylight,NO CONTROLS,NONE DETECTED,Yes,Possible Minor Injury,N/A,UNKNOWN,MD,PASSENGER CAR,MOVING CONSTANT SPEED,25,No,2015,SUBARU,IMPREZA,39.09408722,-76.95465178,2022,11,14
220051966,Property Damage Crash,11/24/2022 11:15:00 AM,NA,NA,OTHER,Clear,NA,Daylight,N/A,ALCOHOL PRESENT,Yes,No Apparent Injury,N/A,OTHER DISTRACTION,MD,VAN,BACKING,15,No,2001,FORD,VAN,38.99866233,-77.00360583,2022,11,11
220051956,Property Damage Crash,11/24/2022 09:58:00 AM,WINDERMERE CIR,NA,SAME DIRECTION SIDESWIPE,Clear,DRY,Daylight,NO CONTROLS,NONE DETECTED,Yes,No Apparent Injury,N/A,NOT DISTRACTED,MD,VAN,MOVING CONSTANT SPEED,25,No,2016,FORD,T250,39.0366445,-77.13623933,2022,11,9
220051944,Property Damage Crash,11/24/2022 04:20:00 AM,NA,NA,SAME DIRECTION SIDESWIPE,Clear,NA,Medium,NO CONTROLS,NONE DETECTED,Unknown,No Apparent Injury,N/A,UNKNOWN,NA,NA,UNKNOWN,0,Unknown,0,UNKNOWN,UNKNOWN,38.97494717,-77.01033679,2022,11,4
220051944,Property Damage Crash,11/24/2022 04:20:00 AM,NA,NA,SAME DIRECTION SIDESWIPE,Clear,NA,Medium,NO CONTROLS,NONE DETECTED,No,No Apparent Injury,N/A,NO DRIVER PRESENT,NA,POLICE VEHICLE/EMERGENCY,PARKED,0,No,2017,FORD,INTERCEPTOR SUV,38.97494717,-77.01033679,2022,11,4
220051941,Property Damage Crash,11/24/2022 03:04:00 AM,CONNECTICUT AVE,NA,SAME DIRECTION SIDESWIPE,Clear,DRY,Medium,NO CONTROLS,NONE DETECTED,Yes,No Apparent Injury,N/A,UNKNOWN,NA,NA,ENTERING TRAFFIC LANE,35,No,0,UNKNOWN,UNKNOWN,38.99604706,-77.07708817,2022,11,3
220051941,Property Damage Crash,11/24/2022 03:04:00 AM,CONNECTICUT AVE,NA,SAME DIRECTION SIDESWIPE,Clear,DRY,Medium,NO CONTROLS,NONE DETECTED,No,No Apparent Injury,N/A,NOT DISTRACTED,MD,PASSENGER CAR,MOVING CONSTANT SPEED,35,No,2017,TOYOTA,CAMRY,38.99604706,-77.07708817,2022,11,3
220051937,Property Damage Crash,11/24/2022 02:50:00 AM,MINERAL SPRINGS DR,NA,SAME DIR REAR END,Clear,N/A,Dark,STOP SIGN,NONE DETECTED,Yes,No Apparent Injury,N/A,LOOKED BUT DID NOT SEE,MD,PASSENGER CAR,MOVING CONSTANT SPEED,25,No,2008,MERZ,4S,39.15457833,-77.163525,2022,11,2
220051924,Property Damage Crash,11/24/2022 01:04:00 AM,MANCHESTER RD,NA,OTHER,Clear,DRY,Medium,NO CONTROLS,NONE DETECTED,No,No Apparent Injury,N/A,NOT DISTRACTED,MD,PASSENGER CAR,PARKED,25,No,2013,KIA,4D,39.00000819,-77.00982274,2022,11,1
220051924,Property Damage Crash,11/24/2022 01:04:00 AM,MANCHESTER RD,NA,OTHER,Clear,DRY,Medium,NO CONTROLS,NONE DETECTED,Yes,No Apparent Injury,N/A,UNKNOWN,NA,PASSENGER CAR,PARKING,25,No,2022,HONDA,4D,39.00000819,-77.00982274,2022,11,1
220051915,Property Damage Crash,11/23/2022 11:25:00 PM,NEW HAMPSHIRE AVE,NA,SAME DIR REAR END,Clear,DRY,Medium,TRAFFIC SIGNAL,ALCOHOL PRESENT,Yes,No Apparent Injury,N/A,OTHER DISTRACTION,MD,PASSENGER CAR,MOVING CONSTANT SPEED,40,No,2008,VOLKSWAGON,JETTA,39.03989715,-76.99058534,2022,11,23
220051903,Property Damage Crash,11/23/2022 10:12:00 PM,BEL PRE RD,NA,HEAD ON LEFT TURN,Clear,DRY,Medium,NO CONTROLS,ALCOHOL PRESENT,Yes,No Apparent Injury,N/A,NOT DISTRACTED,DC,PASSENGER CAR,MAKING LEFT TURN,35,No,2004,TOYOTA,COROLLA,39.09155667,-77.066195,2022,11,22
220051903,Property Damage Crash,11/23/2022 10:12:00 PM,BEL PRE RD,NA,HEAD ON LEFT TURN,Clear,DRY,Medium,NO CONTROLS,NONE DETECTED,No,No Apparent Injury,N/A,NOT DISTRACTED,MD,PASSENGER CAR,SLOWING OR STOPPING,35,No,2018,HYUN,SANTA FE,39.09155667,-77.066195,2022,11,22
220051900,Property Damage Crash,11/23/2022 10:11:00 PM,COLUMBIA PIKE,NA,STRAIGHT MOVEMENT ANGLE,Clear,DRY,Medium,TRAFFIC SIGNAL,NONE DETECTED,Yes,No Apparent Injury,N/A,LOOKED BUT DID NOT SEE,MD,PASSENGER CAR,MAKING LEFT TURN,55,No,2012,NISSAN,VERSA,39.09546167,-76.93797333,2022,11,22
220051900,Property Damage Crash,11/23/2022 10:11:00 PM,COLUMBIA PIKE,NA,STRAIGHT MOVEMENT ANGLE,Clear,DRY,Medium,TRAFFIC SIGNAL,NONE DETECTED,No,No Apparent Injury,N/A,NOT DISTRACTED,MD,PASSENGER CAR,MOVING CONSTANT SPEED,55,No,2012,ACURA,TSX,39.09546167,-76.93797333,2022,11,22
220051898,Property Damage Crash,11/23/2022 10:00:00 PM,CHAPMAN AVE,NA,SINGLE VEHICLE,Clear,DRY,Medium,NO CONTROLS,NONE DETECTED,Yes,No Apparent Injury,N/A,NOT DISTRACTED,MD,PASSENGER CAR,MOVING CONSTANT SPEED,30,No,2021,TOYT,CP,39.05926129,-77.11944176,2022,11,22
220051896,Property Damage Crash,11/23/2022 09:06:00 PM,COLUMBIA PIKE,NA,STRAIGHT MOVEMENT ANGLE,Clear,DRY,Medium,TRAFFIC SIGNAL,NONE DETECTED,Yes,No Apparent Injury,N/A,UNKNOWN,XX,PASSENGER CAR,MOVING CONSTANT SPEED,55,No,2003,HONDA,ACCORD,39.09556317,-76.93802417,2022,11,21
220051896,Property Damage Crash,11/23/2022 09:06:00 PM,COLUMBIA PIKE,NA,STRAIGHT MOVEMENT ANGLE,Clear,DRY,Medium,TRAFFIC SIGNAL,NONE DETECTED,No,No Apparent Injury,N/A,NOT DISTRACTED,MD,PASSENGER CAR,ACCELERATING,55,No,2019,MERZ,SD,39.09556317,-76.93802417,2022,11,21
22002054,Property Damage Crash,11/23/2022 07:00:00 PM,SLIGO CREEK PKWY,NA,SINGLE VEHICLE,Cloudy,N/A,Dark,N/A,NONE DETECTED,Yes,No Apparent Injury,N/A,OTHER DISTRACTION,MD,PASSENGER CAR,N/A,25,No,2021,HONDA,CIVIC,39.01635399,-77.03198076,2022,11,19
220051877,Property Damage Crash,11/23/2022 06:13:00 PM,NEW HAMPSHIRE AVE,NA,SAME DIR REAR END,Clear,DRY,Medium,NO CONTROLS,NONE DETECTED,Yes,No Apparent Injury,N/A,UNKNOWN,MD,PASSENGER CAR,MOVING CONSTANT SPEED,40,No,2015,NISSAN,SENTRA,39.0272324,-76.9821595,2022,11,18
220051877,Property Damage Crash,11/23/2022 06:13:00 PM,NEW HAMPSHIRE AVE,NA,SAME DIR REAR END,Clear,DRY,Medium,NO CONTROLS,NONE DETECTED,No,No Apparent Injury,N/A,NOT DISTRACTED,MD,PASSENGER CAR,SLOWING OR STOPPING,40,No,2004,HONDA,ACCORD,39.0272324,-76.9821595,2022,11,18
220051866,Injury Crash,11/23/2022 05:00:00 PM,ASPEN HILL RD,NA,SAME DIR REAR END,Clear,DRY,Medium,NO CONTROLS,NONE DETECTED,No,Possible Minor Injury,N/A,NOT DISTRACTED,MD,PASSENGER CAR,STOPPED IN TRAFFIC LANE,25,No,2021,TOYT,UT,39.07108967,-77.10069583,2022,11,17
220051866,Injury Crash,11/23/2022 05:00:00 PM,ASPEN HILL RD,NA,SAME DIR REAR END,Clear,DRY,Medium,NO CONTROLS,NONE DETECTED,Yes,No Apparent Injury,N/A,NOT DISTRACTED,MD,PASSENGER CAR,MOVING CONSTANT SPEED,25,No,2017,FORD,TK,39.07108967,-77.10069583,2022,11,17
220051850,Property Damage Crash,11/23/2022 03:40:00 PM,MACARTHUR BLVD,NA,SAME DIRECTION SIDESWIPE,Clear,DRY,Daylight,STOP SIGN,NONE DETECTED,No,No Apparent Injury,N/A,UNKNOWN,PA,PASSENGER CAR,MOVING CONSTANT SPEED,35,No,2019,VOLKS,JETTA,38.96912327,-77.13993747,2022,11,15
220051850,Property Damage Crash,11/23/2022 03:40:00 PM,MACARTHUR BLVD,NA,SAME DIRECTION SIDESWIPE,Clear,DRY,Daylight,STOP SIGN,NONE DETECTED,Yes,No Apparent Injury,N/A,LOOKED BUT DID NOT SEE,DC,PASSENGER CAR,MAKING RIGHT TURN,35,No,2003,MERZ,ML500,38.96912327,-77.13993747,2022,11,15
220051838,Property Damage Crash,11/23/2022 02:59:00 PM,NEW HAMPSHIRE AVE,NA,HEAD ON LEFT TURN,Clear,DRY,Daylight,NO CONTROLS,NONE DETECTED,Yes,No Apparent Injury,N/A,UNKNOWN,MD,PASSENGER CAR,MAKING LEFT TURN,40,No,2006,TOYOTA,CAMRY,39.0399521,-76.99062191,2022,11,14
220051838,Property Damage Crash,11/23/2022 02:59:00 PM,NEW HAMPSHIRE AVE,NA,HEAD ON LEFT TURN,Clear,DRY,Daylight,NO CONTROLS,NONE DETECTED,No,No Apparent Injury,N/A,NOT DISTRACTED,MD,PASSENGER CAR,MOVING CONSTANT SPEED,40,No,2016,MAZDA,6,39.0399521,-76.99062191,2022,11,14
220056849,Property Damage Crash,11/23/2022 02:36:00 PM,NA,NA,SINGLE VEHICLE,Cloudy,NA,Daylight,NO CONTROLS,NONE DETECTED,Yes,No Apparent Injury,N/A,USING OTHER DEVICE CONTROLS INTEGRAL TO VEHICLE,MD,POLICE VEHICLE/NON EMERGENCY,STARTING FROM LANE,25,No,2019,DODGE,CHARGER,39.17689134,-77.17761356,2022,11,14
220051831,Property Damage Crash,11/23/2022 01:46:00 PM,MONTROSE RD,NA,SAME DIR REAR END,Clear,DRY,Daylight,TRAFFIC SIGNAL,NONE DETECTED,Yes,No Apparent Injury,N/A,NOT DISTRACTED,MD,PASSENGER CAR,SLOWING OR STOPPING,35,No,2020,TOYOTA,PICKUP,39.05891267,-77.15061433,2022,11,13
220051831,Property Damage Crash,11/23/2022 01:46:00 PM,MONTROSE RD,NA,SAME DIR REAR END,Clear,DRY,Daylight,TRAFFIC SIGNAL,NONE DETECTED,No,No Apparent Injury,N/A,NOT DISTRACTED,RI,PASSENGER CAR,STOPPED IN TRAFFIC LANE,35,No,2011,HONDA,ACCORD,39.05891267,-77.15061433,2022,11,13
220051827,Property Damage Crash,11/23/2022 01:30:00 PM,NA,NA,SAME DIR REAR END,Clear,NA,Daylight,NO CONTROLS,NONE DETECTED,Yes,No Apparent Injury,N/A,LOOKED BUT DID NOT SEE,NA,PASSENGER CAR,BACKING,15,No,2015,TOYOTA,4D,39.15138314,-77.06452366,2022,11,13
220051826,Injury Crash,11/23/2022 01:25:00 PM,OLD COLUMBIA PIKE,NA,OPPOSITE DIRECTION SIDESWIPE,Clear,DRY,Daylight,TRAFFIC SIGNAL,NONE DETECTED,Yes,No Apparent Injury,N/A,UNKNOWN,NA,UNKNOWN,MOVING CONSTANT SPEED,35,No,0,UNKNOWN,UNKNOWN,39.063472,-76.96582138,2022,11,13
220051826,Injury Crash,11/23/2022 01:25:00 PM,OLD COLUMBIA PIKE,NA,OPPOSITE DIRECTION SIDESWIPE,Clear,DRY,Daylight,TRAFFIC SIGNAL,NONE DETECTED,No,Possible Minor Injury,N/A,NOT DISTRACTED,MD,POLICE VEHICLE/EMERGENCY,STOPPED IN TRAFFIC LANE,35,No,2017,HOND,CIVIC,39.063472,-76.96582138,2022,11,13
220051822,Property Damage Crash,11/23/2022 01:05:00 PM,CAVALIER DR,NA,ANGLE MEETS RIGHT TURN,Clear,DRY,Daylight,NO CONTROLS,NONE DETECTED,Yes,No Apparent Injury,N/A,NOT DISTRACTED,MD,PASSENGER CAR,MAKING RIGHT TURN,25,No,2022,TOYT,COROLLA,39.03280967,-77.01604167,2022,11,13
220051822,Property Damage Crash,11/23/2022 01:05:00 PM,CAVALIER DR,NA,ANGLE MEETS RIGHT TURN,Clear,DRY,Daylight,NO CONTROLS,NONE DETECTED,No,No Apparent Injury,N/A,NOT DISTRACTED,MD,PICKUP TRUCK,MOVING CONSTANT SPEED,25,No,2016,FORD,F350,39.03280967,-77.01604167,2022,11,13
220051811,Injury Crash,11/23/2022 12:04:00 PM,NEW HAMPSHIRE AVE,NA,SAME DIR REAR END,Clear,DRY,Daylight,TRAFFIC SIGNAL,NONE DETECTED,Yes,Possible Minor Injury,N/A,NOT DISTRACTED,MD,PASSENGER CAR,SLOWING OR STOPPING,40,No,2004,MAZDA,6,39.06167333,-76.99812167,2022,11,12
220051811,Injury Crash,11/23/2022 12:04:00 PM,NEW HAMPSHIRE AVE,NA,SAME DIR REAR END,Clear,DRY,Daylight,TRAFFIC SIGNAL,NONE DETECTED,No,No Apparent Injury,N/A,NOT DISTRACTED,MD,PASSENGER CAR,MAKING RIGHT TURN,40,No,2000,BMW,323I,39.06167333,-76.99812167,2022,11,12
220051807,Property Damage Crash,11/23/2022 11:31:00 AM,RIVER RD,NA,STRAIGHT MOVEMENT ANGLE,Clear,DRY,Daylight,NO CONTROLS,NONE DETECTED,No,No Apparent Injury,N/A,NOT DISTRACTED,MD,(SPORT) UTILITY VEHICLE,MOVING CONSTANT SPEED,35,No,2019,PORSCHE,CAYENNE,38.96339183,-77.10164283,2022,11,11
220051807,Property Damage Crash,11/23/2022 11:31:00 AM,RIVER RD,NA,STRAIGHT MOVEMENT ANGLE,Clear,DRY,Daylight,NO CONTROLS,NONE DETECTED,Yes,No Apparent Injury,N/A,LOOKED BUT DID NOT SEE,MD,PASSENGER CAR,MAKING LEFT TURN,35,No,2018,AUDI,A4,38.96339183,-77.10164283,2022,11,11
220051791,Property Damage Crash,11/23/2022 10:35:00 AM,WOODFIELD RD,NA,SAME DIR REAR END,Clear,DRY,Daylight,NO CONTROLS,NONE DETECTED,Yes,No Apparent Injury,N/A,NOT DISTRACTED,MD,PICKUP TRUCK,SLOWING OR STOPPING,40,No,2016,TOYT,TACOMA,39.24075667,-77.18287,2022,11,10
220051791,Property Damage Crash,11/23/2022 10:35:00 AM,WOODFIELD RD,NA,SAME DIR REAR END,Clear,DRY,Daylight,NO CONTROLS,NONE DETECTED,No,No Apparent Injury,N/A,NOT DISTRACTED,MD,PICKUP TRUCK,STOPPED IN TRAFFIC LANE,40,No,2015,CHEV,SILVERADO,39.24075667,-77.18287,2022,11,10
220051814,Property Damage Crash,11/23/2022 10:30:00 AM,NA,NA,OTHER,Clear,NA,Daylight,NO CONTROLS,NONE DETECTED,Yes,No Apparent Injury,N/A,LOOKED BUT DID NOT SEE,NA,NA,BACKING,5,No,0,UNKNOWN,UNKNOWN,39.14345422,-77.21612796,2022,11,10
220051790,Injury Crash,11/23/2022 10:30:00 AM,DARNESTOWN RD,OTHER CONVEYANCE,STRAIGHT MOVEMENT ANGLE,Clear,DRY,Daylight,NO CONTROLS,NONE DETECTED,Yes,No Apparent Injury,N/A,UNKNOWN,NA,NA,UNKNOWN,25,No,0,UNKNOWN,UNKNOWN,39.10139533,-77.217295,2022,11,10
220051778,Property Damage Crash,11/23/2022 09:06:00 AM,GLENSIDE DR,NA,HEAD ON,Clear,DRY,Daylight,STOP SIGN,NONE DETECTED,No,No Apparent Injury,N/A,NOT DISTRACTED,MD,PASSENGER CAR,MOVING CONSTANT SPEED,20,No,2010,HONDA,ELEMENT,38.98656178,-76.99296513,2022,11,9
220051778,Property Damage Crash,11/23/2022 09:06:00 AM,GLENSIDE DR,NA,HEAD ON,Clear,DRY,Daylight,STOP SIGN,NONE DETECTED,Yes,No Apparent Injury,N/A,UNKNOWN,NA,PASSENGER CAR,MOVING CONSTANT SPEED,20,No,0,FORD,UNK,38.98656178,-76.99296513,2022,11,9
220051779,Property Damage Crash,11/23/2022 09:00:00 AM,MAPLE AVE,NA,OTHER,Clear,DRY,Daylight,N/A,NONE DETECTED,Yes,No Apparent Injury,N/A,NOT DISTRACTED,MD,UNKNOWN,STOPPED IN TRAFFIC LANE,25,No,2021,MACK,ST,39.08148828,-77.13116745,2022,11,9
220051780,Property Damage Crash,11/23/2022 08:39:00 AM,WESTBARD AVE,NA,SINGLE VEHICLE,Clear,DRY,Daylight,TRAFFIC SIGNAL,NONE DETECTED,No,No Apparent Injury,N/A,NOT DISTRACTED,WV,"MEDIUM/HEAVY TRUCKS 3 AXLES (OVER 10,000LBS (4,536KG))",MOVING CONSTANT SPEED,35,No,2018,KENWORTH,W900,38.9651996,-77.10717343,2022,11,8
220051772,Property Damage Crash,11/23/2022 07:51:00 AM,MUNCASTER MILL RD,NA,SAME DIR REAR END,Clear,DRY,Daylight,TRAFFIC SIGNAL,NONE DETECTED,Yes,No Apparent Injury,N/A,LOOKED BUT DID NOT SEE,MD,PASSENGER CAR,SLOWING OR STOPPING,30,No,1999,HONDA,CIVIC,39.14514167,-77.144815,2022,11,7
220051772,Property Damage Crash,11/23/2022 07:51:00 AM,MUNCASTER MILL RD,NA,SAME DIR REAR END,Clear,DRY,Daylight,TRAFFIC SIGNAL,NONE DETECTED,No,No Apparent Injury,N/A,NOT DISTRACTED,MD,PASSENGER CAR,SLOWING OR STOPPING,30,No,2019,DODG,4S,39.14514167,-77.144815,2022,11,7
220051768,Property Damage Crash,11/23/2022 06:01:00 AM,LAYHILL RD,NA,SAME DIRECTION RIGHT TURN,Clear,DRY,Medium,NO CONTROLS,NONE DETECTED,No,No Apparent Injury,N/A,NOT DISTRACTED,MD,TRANSIT BUS,STARTING FROM LANE,40,No,2009,GILL,BU,39.06222769,-77.050855,2022,11,6
220051768,Property Damage Crash,11/23/2022 06:01:00 AM,LAYHILL RD,NA,SAME DIRECTION RIGHT TURN,Clear,DRY,Medium,NO CONTROLS,NONE DETECTED,Yes,No Apparent Injury,N/A,LOOKED BUT DID NOT SEE,MD,PASSENGER CAR,MAKING RIGHT TURN,40,No,2015,JEEP,4H,39.06222769,-77.050855,2022,11,6
220051840,Property Damage Crash,11/23/2022 05:50:00 AM,NA,NA,OTHER,Clear,NA,Medium,NO CONTROLS,NONE DETECTED,Yes,No Apparent Injury,N/A,UNKNOWN,MD,(SPORT) UTILITY VEHICLE,BACKING,0,No,2022,KIA,TELURIDE,39.27990405,-77.15892634,2022,11,5
220051728,Property Damage Crash,11/22/2022 07:23:00 PM,NA,NA,SAME DIR REAR END,Clear,NA,Medium,NO CONTROLS,NONE DETECTED,Yes,No Apparent Injury,N/A,LOOKED BUT DID NOT SEE,MD,PASSENGER CAR,BACKING,10,No,2021,TOYOTA,HIGHLANDER,39.05704233,-77.08097695,2022,11,19
220051729,Property Damage Crash,11/22/2022 07:22:00 PM,PINEY BRANCH RD,NA,SAME DIR REAR END,Clear,DRY,Medium,NO CONTROLS,NONE DETECTED,No,No Apparent Injury,N/A,NOT DISTRACTED,MD,PASSENGER CAR,ENTERING TRAFFIC LANE,5,No,2011,HONA,CRV,39.00106233,-76.99992,2022,11,19