Local Case Number,ACRS Report Type,Crash Date/Time,Road Name,Related Non-Motorist,Collision Type,Weather,Surface Condition,Light,Traffic Control,Driver Substance Abuse,Driver At Fault,Injury Severity,Circumstance,Driver Distracted By,Drivers License State,Vehicle Body Type,Vehicle Movement,Speed Limit,Driverless Vehicle,Vehicle Year,Vehicle Make,Vehicle Model,Latitude,Longitude,Year,Month,Hour
220051729,Property Damage Crash,11/22/2022 07:22:00 PM,PINEY BRANCH RD,NA,SAME DIR REAR END,Clear,DRY,Medium,NO CONTROLS,NONE DETECTED,Yes,No Apparent Injury,N/A,BY OTHER OCCUPANTS,MD,PASSENGER CAR,MOVING CONSTANT SPEED,5,No,2003,ACURA,MDX,39.00106233,-76.99992,2022,11,19
220051722,Injury Crash,11/22/2022 06:45:00 PM,FREDERICK RD,NA,HEAD ON LEFT TURN,Clear,DRY,Medium,TRAFFIC SIGNAL,NONE DETECTED,Yes,Possible Minor Injury,N/A,UNKNOWN,NY,PASSENGER CAR,ACCELERATING,40,No,2014,MERC,CLA250,39.11697567,-77.1691125,2022,11,18
220051722,Injury Crash,11/22/2022 06:45:00 PM,FREDERICK RD,NA,HEAD ON LEFT TURN,Clear,DRY,Medium,TRAFFIC SIGNAL,NONE DETECTED,Yes,Possible Minor Injury,N/A,UNKNOWN,MD,PASSENGER CAR,MAKING LEFT TURN,40,No,2005,HOND,PILOT,39.11697567,-77.1691125,2022,11,18
220051722,Injury Crash,11/22/2022 06:45:00 PM,FREDERICK RD,NA,HEAD ON LEFT TURN,Clear,DRY,Medium,TRAFFIC SIGNAL,NONE DETECTED,No,No Apparent Injury,N/A,NOT DISTRACTED,MD,PASSENGER CAR,STOPPED IN TRAFFIC LANE,40,No,2009,HYUNDAI,SANTA FE,39.11697567,-77.1691125,2022,11,18
220051721,Injury Crash,11/22/2022 06:40:00 PM,RAMP 6 FR IS 495 EB TO MD 355 SB,NA,SAME DIRECTION LEFT TURN,Clear,DRY,Medium,TRAFFIC SIGNAL,NONE DETECTED,Yes,No Apparent Injury,N/A,LOOKED BUT DID NOT SEE,XX,PASSENGER CAR,CHANGING LANES,35,No,2005,HONDA,ACCORD,39.01510729,-77.10039447,2022,11,18
220051721,Injury Crash,11/22/2022 06:40:00 PM,RAMP 6 FR IS 495 EB TO MD 355 SB,NA,SAME DIRECTION LEFT TURN,Clear,DRY,Medium,TRAFFIC SIGNAL,NONE DETECTED,No,Possible Minor Injury,N/A,NOT DISTRACTED,NY,(SPORT) UTILITY VEHICLE,MOVING CONSTANT SPEED,35,No,2019,GMC,TERRAIN,39.01510729,-77.10039447,2022,11,18
220051716,Property Damage Crash,11/22/2022 06:35:00 PM,FREDERICK RD,NA,SAME DIRECTION SIDESWIPE,Clear,DRY,Medium,NO CONTROLS,NONE DETECTED,No,No Apparent Injury,N/A,NOT DISTRACTED,MD,"CARGO VAN/LIGHT TRUCK 2 AXLES (OVER 10,000LBS (4,536 KG))",MOVING CONSTANT SPEED,40,No,2016,FORD,VN,39.17914167,-77.23791833,2022,11,18
220051716,Property Damage Crash,11/22/2022 06:35:00 PM,FREDERICK RD,NA,SAME DIRECTION SIDESWIPE,Clear,DRY,Medium,NO CONTROLS,NONE DETECTED,Yes,No Apparent Injury,N/A,NOT DISTRACTED,MD,PASSENGER CAR,CHANGING LANES,40,No,2016,MERZ,4S,39.17914167,-77.23791833,2022,11,18
220051715,Property Damage Crash,11/22/2022 06:12:00 PM,CHESTNUT ST,NA,HEAD ON LEFT TURN,Clear,DRY,Medium,TRAFFIC SIGNAL,NONE DETECTED,Yes,No Apparent Injury,N/A,NOT DISTRACTED,MD,PASSENGER CAR,MAKING LEFT TURN,30,No,2008,MERZ,TK,39.14304913,-77.20321107,2022,11,18
220051715,Property Damage Crash,11/22/2022 06:12:00 PM,CHESTNUT ST,NA,HEAD ON LEFT TURN,Clear,DRY,Medium,TRAFFIC SIGNAL,NONE DETECTED,No,No Apparent Injury,N/A,NOT DISTRACTED,MD,PASSENGER CAR,MOVING CONSTANT SPEED,30,No,2018,HONDA,CR-V,39.14304913,-77.20321107,2022,11,18
220051714,Property Damage Crash,11/22/2022 06:06:00 PM,BROOKE RD,NA,SINGLE VEHICLE,Clear,DRY,Medium,NO CONTROLS,NONE DETECTED,Yes,No Apparent Injury,N/A,UNKNOWN,MD,PASSENGER CAR,MOVING CONSTANT SPEED,35,No,2016,ACURA,TLX,39.15768167,-77.03672333,2022,11,18
220051708,Property Damage Crash,11/22/2022 05:45:00 PM,GEORGIA AVE,NA,SAME DIRECTION SIDESWIPE,Clear,DRY,Medium,NO CONTROLS,NONE DETECTED,Yes,No Apparent Injury,N/A,LOOKED BUT DID NOT SEE,XX,PASSENGER CAR,CHANGING LANES,35,No,2014,TOYT,SD,39.07449667,-77.06711,2022,11,17
220051708,Property Damage Crash,11/22/2022 05:45:00 PM,GEORGIA AVE,NA,SAME DIRECTION SIDESWIPE,Clear,DRY,Medium,NO CONTROLS,NONE DETECTED,No,No Apparent Injury,N/A,NOT DISTRACTED,MD,PASSENGER CAR,MOVING CONSTANT SPEED,35,No,2016,HOND,SD,39.07449667,-77.06711,2022,11,17
220051706,Injury Crash,11/22/2022 05:39:00 PM,RIVER RD,NA,STRAIGHT MOVEMENT ANGLE,Clear,DRY,Medium,STOP SIGN,NONE DETECTED,No,Possible Minor Injury,N/A,NOT DISTRACTED,MD,PASSENGER CAR,MOVING CONSTANT SPEED,35,No,2020,HONDA,CIVIC,38.96141,-77.09864,2022,11,17
220051706,Injury Crash,11/22/2022 05:39:00 PM,RIVER RD,NA,STRAIGHT MOVEMENT ANGLE,Clear,DRY,Medium,STOP SIGN,NONE DETECTED,Yes,No Apparent Injury,N/A,LOOKED BUT DID NOT SEE,MD,(SPORT) UTILITY VEHICLE,MAKING LEFT TURN,35,No,2017,NISSAN,ROGUE,38.96141,-77.09864,2022,11,17
220051702,Property Damage Crash,11/22/2022 05:13:00 PM,COLUMBIA PIKE,NA,SAME DIR REAR END,Clear,DRY,Medium,NO CONTROLS,NONE DETECTED,Yes,No Apparent Injury,N/A,TALKING OR LISTENING TO CELLULAR PHONE,MD,(SPORT) UTILITY VEHICLE,MOVING CONSTANT SPEED,55,No,2016,JEEP,TK,39.11563667,-76.92767333,2022,11,17
220051702,Property Damage Crash,11/22/2022 05:13:00 PM,COLUMBIA PIKE,NA,SAME DIR REAR END,Clear,DRY,Medium,NO CONTROLS,NONE DETECTED,No,No Apparent Injury,N/A,NOT DISTRACTED,NJ,PASSENGER CAR,STOPPED IN TRAFFIC LANE,55,No,2021,TOYOTA,COROLLA,39.11563667,-76.92767333,2022,11,17
220051688,Injury Crash,11/22/2022 03:52:00 PM,UNIVERSITY BLVD W,NA,SAME DIR REAR END,Clear,DRY,Daylight,NO CONTROLS,NONE DETECTED,No,Possible Minor Injury,N/A,NOT DISTRACTED,MD,(SPORT) UTILITY VEHICLE,CHANGING LANES,35,No,2019,VOLKSWAGEN,TIGUAN,39.022585,-77.01648667,2022,11,15
220051688,Injury Crash,11/22/2022 03:52:00 PM,UNIVERSITY BLVD W,NA,SAME DIR REAR END,Clear,DRY,Daylight,NO CONTROLS,NONE DETECTED,Yes,No Apparent Injury,N/A,NOT DISTRACTED,MD,(SPORT) UTILITY VEHICLE,SLOWING OR STOPPING,35,No,2019,TOYT,CHR,39.022585,-77.01648667,2022,11,15
220051712,Property Damage Crash,11/22/2022 03:45:00 PM,NA,NA,SINGLE VEHICLE,Clear,NA,Medium,NO CONTROLS,ALCOHOL PRESENT,Yes,No Apparent Injury,N/A,OTHER DISTRACTION,MD,PASSENGER CAR,MOVING CONSTANT SPEED,15,No,2010,TOYT,PRIUS,39.02314126,-77.14624616,2022,11,15
220051692,Property Damage Crash,11/22/2022 03:11:00 PM,NA,NA,OTHER,Clear,NA,Daylight,N/A,NONE DETECTED,Yes,No Apparent Injury,N/A,UNKNOWN,NA,PASSENGER CAR,STARTING FROM PARKED,5,No,2005,CHEVROLET,ASTRO,39.09141631,-77.04762997,2022,11,15
220051666,Property Damage Crash,11/22/2022 01:59:00 PM,COLUMBIA PIKE,NA,SINGLE VEHICLE,Clear,DRY,Daylight,NO CONTROLS,NONE DETECTED,Yes,No Apparent Injury,N/A,BY MOVING OBJECT IN VEHICLE,MD,PASSENGER CAR,LEAVING TRAFFIC LANE,45,No,2017,HOND,CIVIC,39.044455,-76.99028667,2022,11,13
220051663,Property Damage Crash,11/22/2022 01:25:00 PM,MUNCASTER MILL RD,NA,ANGLE MEETS LEFT TURN,Clear,DRY,Daylight,NO CONTROLS,NONE DETECTED,Yes,No Apparent Injury,N/A,NOT DISTRACTED,MD,VAN,MAKING LEFT TURN,35,No,2020,MERZ,CARGO VAN,39.15072833,-77.14915,2022,11,13
220051663,Property Damage Crash,11/22/2022 01:25:00 PM,MUNCASTER MILL RD,NA,ANGLE MEETS LEFT TURN,Clear,DRY,Daylight,NO CONTROLS,NONE DETECTED,Yes,No Apparent Injury,N/A,NOT DISTRACTED,MD,TRANSIT BUS,CHANGING LANES,35,No,2009,GILL,BUS,39.15072833,-77.14915,2022,11,13
220051655,Property Damage Crash,11/22/2022 01:07:00 PM,OLD COLUMBIA PIKE,PEDESTRIAN,OTHER,Clear,DRY,Daylight,NO CONTROLS,NONE DETECTED,No,No Apparent Injury,N/A,NOT DISTRACTED,MD,PASSENGER CAR,SLOWING OR STOPPING,35,No,2013,JEEP,LATITUDE,39.10061367,-76.94156017,2022,11,13
220051657,Property Damage Crash,11/22/2022 01:00:00 PM,NA,NA,SAME DIRECTION SIDESWIPE,Clear,NA,Daylight,N/A,NONE DETECTED,No,No Apparent Injury,N/A,NOT DISTRACTED,MD,PASSENGER CAR,PARKED,0,No,2021,HONDA,CRV,39.04656783,-77.11326167,2022,11,13
220051657,Property Damage Crash,11/22/2022 01:00:00 PM,NA,NA,SAME DIRECTION SIDESWIPE,Clear,NA,Daylight,N/A,NONE DETECTED,Yes,No Apparent Injury,N/A,UNKNOWN,NA,PASSENGER CAR,MOVING CONSTANT SPEED,5,No,2015,NISSAN,MAXIMA,39.04656783,-77.11326167,2022,11,13
220051651,Injury Crash,11/22/2022 12:40:00 PM,GEORGIA AVE,NA,HEAD ON LEFT TURN,Clear,DRY,Daylight,TRAFFIC SIGNAL,NONE DETECTED,No,Possible Minor Injury,N/A,NOT DISTRACTED,MD,(SPORT) UTILITY VEHICLE,MOVING CONSTANT SPEED,35,No,2014,NISS,ROGUE,39.06810667,-77.06093667,2022,11,12
220051651,Injury Crash,11/22/2022 12:40:00 PM,GEORGIA AVE,NA,HEAD ON LEFT TURN,Clear,DRY,Daylight,TRAFFIC SIGNAL,NONE DETECTED,Yes,Possible Minor Injury,N/A,NOT DISTRACTED,MD,PASSENGER CAR,MAKING LEFT TURN,35,No,2017,HONDA,ACCORD,39.06810667,-77.06093667,2022,11,12
220051643,Property Damage Crash,11/22/2022 11:55:00 AM,BUCKLODGE RD,NA,SINGLE VEHICLE,Clear,DRY,Daylight,NO CONTROLS,NONE DETECTED,Yes,No Apparent Injury,N/A,NOT DISTRACTED,WV,SCHOOL BUS,MOVING CONSTANT SPEED,40,No,2019,THMS,BU,39.17067216,-77.35955619,2022,11,11
220051637,Injury Crash,11/22/2022 11:30:00 AM,TRENT ST,OTHER,OTHER,Clear,DRY,Daylight,NO CONTROLS,NONE DETECTED,Unknown,No Apparent Injury,N/A,NOT DISTRACTED,MD,PASSENGER CAR,PASSING,30,No,2020,TOYOTA,CAMRY,38.9646977,-77.09668001,2022,11,11
220051619,Property Damage Crash,11/22/2022 09:55:00 AM,NA,NA,SINGLE VEHICLE,Clear,NA,Daylight,NO CONTROLS,NONE DETECTED,Yes,No Apparent Injury,N/A,NOT DISTRACTED,MD,VAN,BACKING,5,No,2009,FORD,E-350,39.04566917,-76.9904715,2022,11,9
220051608,Property Damage Crash,11/22/2022 09:36:00 AM,RIDGE RD,NA,OTHER,Clear,DRY,Daylight,TRAFFIC SIGNAL,NONE DETECTED,No,No Apparent Injury,N/A,NOT DISTRACTED,MD,POLICE VEHICLE/NON EMERGENCY,STOPPED IN TRAFFIC LANE,25,No,2020,DODGE,DURANGO UT,39.29022889,-77.20495423,2022,11,9
220051608,Property Damage Crash,11/22/2022 09:36:00 AM,RIDGE RD,NA,OTHER,Clear,DRY,Daylight,TRAFFIC SIGNAL,NONE DETECTED,Yes,No Apparent Injury,N/A,NOT DISTRACTED,MD,PICKUP TRUCK,BACKING,25,No,2022,FORD,F550 ST,39.29022889,-77.20495423,2022,11,9
220051611,Injury Crash,11/22/2022 09:32:00 AM,EISENHOWER MEMORIAL HWY,NA,SAME DIR REAR END,Clear,DRY,Daylight,N/A,NONE DETECTED,No,Possible Minor Injury,"BACKUP DUE TO REGULAR CONGESTION, N/A",NOT DISTRACTED,MD,PASSENGER CAR,SLOWING OR STOPPING,55,No,2019,HONDA,ACCORD,39.0853864,-77.17289817,2022,11,9
220051611,Injury Crash,11/22/2022 09:32:00 AM,EISENHOWER MEMORIAL HWY,NA,SAME DIR REAR END,Clear,DRY,Daylight,N/A,NONE DETECTED,No,No Apparent Injury,"BACKUP DUE TO REGULAR CONGESTION, N/A",NOT DISTRACTED,MD,(SPORT) UTILITY VEHICLE,SLOWING OR STOPPING,55,No,2009,SUBARU,FORESTER,39.0853864,-77.17289817,2022,11,9
220051611,Injury Crash,11/22/2022 09:32:00 AM,EISENHOWER MEMORIAL HWY,NA,SAME DIR REAR END,Clear,DRY,Daylight,N/A,NONE DETECTED,Yes,No Apparent Injury,"BACKUP DUE TO REGULAR CONGESTION, N/A",UNKNOWN,NA,NA,MOVING CONSTANT SPEED,55,No,0,UNKNOWN,UNKNOWN,39.0853864,-77.17289817,2022,11,9
220051611,Injury Crash,11/22/2022 09:32:00 AM,EISENHOWER MEMORIAL HWY,NA,SAME DIR REAR END,Clear,DRY,Daylight,N/A,NONE DETECTED,Yes,No Apparent Injury,"BACKUP DUE TO REGULAR CONGESTION, N/A",OTHER DISTRACTION,MD,"OTHER LIGHT TRUCKS (10,000LBS (4,536KG) OR LESS)",MOVING CONSTANT SPEED,55,No,2022,FORD,F650,39.0853864,-77.17289817,2022,11,9
220051602,Injury Crash,11/22/2022 09:30:00 AM,OLD GEORGETOWN RD,NA,SAME DIR REAR END,Clear,DRY,Daylight,NO CONTROLS,NONE DETECTED,Yes,No Apparent Injury,N/A,NOT DISTRACTED,MD,(SPORT) UTILITY VEHICLE,MOVING CONSTANT SPEED,45,No,2017,JEEP,TK,39.03845167,-77.12270333,2022,11,9
220051602,Injury Crash,11/22/2022 09:30:00 AM,OLD GEORGETOWN RD,NA,SAME DIR REAR END,Clear,DRY,Daylight,NO CONTROLS,NONE DETECTED,No,Possible Minor Injury,N/A,NOT DISTRACTED,MD,PASSENGER CAR,STOPPED IN TRAFFIC LANE,45,No,2011,NISSAN,ALTIMA,39.03845167,-77.12270333,2022,11,9
220051602,Injury Crash,11/22/2022 09:30:00 AM,OLD GEORGETOWN RD,NA,SAME DIR REAR END,Clear,DRY,Daylight,NO CONTROLS,NONE DETECTED,No,Possible Minor Injury,N/A,NOT DISTRACTED,MD,PASSENGER CAR,STOPPED IN TRAFFIC LANE,45,No,2002,HONDA,CRV,39.03845167,-77.12270333,2022,11,9
220051607,Injury Crash,11/22/2022 09:20:00 AM,CAPITAL BELTWAY,NA,SINGLE VEHICLE,Clear,DRY,Daylight,N/A,NONE DETECTED,Yes,Possible Minor Injury,N/A,NOT DISTRACTED,VA,PASSENGER CAR,MOVING CONSTANT SPEED,55,No,2017,NISSAN,PATHFINDER,38.9974675,-77.10984067,2022,11,9
220051591,Property Damage Crash,11/22/2022 07:23:00 AM,NORBECK RD,NA,SAME DIR REAR END,Clear,DRY,Daylight,TRAFFIC SIGNAL,NONE DETECTED,No,No Apparent Injury,N/A,NOT DISTRACTED,MD,PASSENGER CAR,STOPPED IN TRAFFIC LANE,40,No,2017,TOYT,CAMRY,39.095702,-77.111484,2022,11,7
220051591,Property Damage Crash,11/22/2022 07:23:00 AM,NORBECK RD,NA,SAME DIR REAR END,Clear,DRY,Daylight,TRAFFIC SIGNAL,NONE DETECTED,Yes,No Apparent Injury,N/A,OTHER DISTRACTION,MD,PASSENGER CAR,MOVING CONSTANT SPEED,40,No,2013,TOYOTA,CAROLLA,39.095702,-77.111484,2022,11,7
20051588,Property Damage Crash,11/22/2022 06:51:00 AM,DARNESTOWN RD,NA,HEAD ON LEFT TURN,Clear,DRY,Medium,TRAFFIC SIGNAL,NONE DETECTED,Yes,No Apparent Injury,N/A,NOT DISTRACTED,MD,PASSENGER CAR,ACCELERATING,40,No,2012,MERZ,4S,39.11391333,-77.272035,2022,11,6
20051588,Property Damage Crash,11/22/2022 06:51:00 AM,DARNESTOWN RD,NA,HEAD ON LEFT TURN,Clear,DRY,Medium,TRAFFIC SIGNAL,NONE DETECTED,No,No Apparent Injury,N/A,NOT DISTRACTED,MD,PASSENGER CAR,MAKING LEFT TURN,40,No,2007,CHEV,TK,39.11391333,-77.272035,2022,11,6
220051590,Property Damage Crash,11/22/2022 06:46:00 AM,CINNAMON DR,NA,SAME DIR REAR END,Clear,DRY,Medium,NO CONTROLS,NONE DETECTED,Yes,No Apparent Injury,N/A,LOOKED BUT DID NOT SEE,MD,PASSENGER CAR,MOVING CONSTANT SPEED,25,No,2010,NISSAN,VERSA,39.1594825,-77.26309433,2022,11,6
220051576,Property Damage Crash,11/21/2022 11:23:00 PM,COLUMBIA PIKE,NA,OTHER,Clear,DRY,Medium,NO CONTROLS,NONE DETECTED,Yes,No Apparent Injury,N/A,LOOKED BUT DID NOT SEE,MD,PASSENGER CAR,MOVING CONSTANT SPEED,50,No,2015,TOYOTA,PRIUS,39.06898417,-76.95834933,2022,11,23
220051562,Property Damage Crash,11/21/2022 09:30:00 PM,NEW HAMPSHIRE AVE,NA,SINGLE VEHICLE,Clear,DRY,Medium,NO CONTROLS,NONE DETECTED,No,No Apparent Injury,N/A,NOT DISTRACTED,MD,FIRE VEHICLE/NON EMERGENCY,MOVING CONSTANT SPEED,35,No,2017,CHEVY,TAHOE,39.14653026,-77.008590709999993,2022,11,21
220051564,Property Damage Crash,11/21/2022 09:30:00 PM,OLD GEORGETOWN RD,NA,OTHER,Clear,OTHER,Medium,TRAFFIC SIGNAL,NONE DETECTED,Yes,No Apparent Injury,"N/A, ROAD UNDER CONSTRUCTION/MAINTENANCE, RUTS, HOLES, BUMPS, WORN, TRAVEL-POLISHED SURFACE",DISTRACTED BY OUTSIDE PERSON OBJECT OR EVENT,VA,PASSENGER CAR,MOVING CONSTANT SPEED,40,No,2004,TOYOTA,MATRIX,39.026321,-77.12658317,2022,11,21
220051560,Property Damage Crash,11/21/2022 09:25:00 PM,NICHOLSON LA,NA,HEAD ON LEFT TURN,Clear,DRY,Medium,TRAFFIC SIGNAL,NONE DETECTED,Yes,No Apparent Injury,N/A,LOOKED BUT DID NOT SEE,MD,PASSENGER CAR,MAKING LEFT TURN,30,No,2015,TOYT,4S,39.14622667,-77.14713167,2022,11,21
220051560,Property Damage Crash,11/21/2022 09:25:00 PM,NICHOLSON LA,NA,HEAD ON LEFT TURN,Clear,DRY,Medium,TRAFFIC SIGNAL,NONE DETECTED,No,No Apparent Injury,N/A,NOT DISTRACTED,MD,PASSENGER CAR,MOVING CONSTANT SPEED,30,No,2016,HOND,TK,39.14622667,-77.14713167,2022,11,21
220051555,Property Damage Crash,11/21/2022 08:40:00 PM,MACARTHUR BLVD,NA,SINGLE VEHICLE,Clear,DRY,Medium,NO CONTROLS,NONE DETECTED,Yes,No Apparent Injury,N/A,INATTENTIVE OR LOST IN THOUGHT,VA,PASSENGER CAR,MOVING CONSTANT SPEED,30,No,2022,PORSCHE,MACAN,38.9785003,-77.2127227,2022,11,20
220051538,Property Damage Crash,11/21/2022 06:45:00 PM,LAMBERTON DR,NA,HEAD ON LEFT TURN,Clear,DRY,Medium,STOP SIGN,NONE DETECTED,Yes,No Apparent Injury,N/A,LOOKED BUT DID NOT SEE,MD,PASSENGER CAR,ACCELERATING,25,No,2015,TOYT,TACOMA,39.04145333,-77.02826,2022,11,18
220051538,Property Damage Crash,11/21/2022 06:45:00 PM,LAMBERTON DR,NA,HEAD ON LEFT TURN,Clear,DRY,Medium,STOP SIGN,NONE DETECTED,Yes,No Apparent Injury,N/A,NOT DISTRACTED,DC,PASSENGER CAR,MOVING CONSTANT SPEED,25,No,2005,TOYT,CAMRY,39.04145333,-77.02826,2022,11,18
220051536,Property Damage Crash,11/21/2022 06:10:00 PM,SEVEN LOCKS RD,NA,SAME DIR REAR END,Clear,DRY,Medium,NO CONTROLS,NONE DETECTED,No,No Apparent Injury,N/A,NOT DISTRACTED,MD,PASSENGER CAR,SLOWING OR STOPPING,35,No,2009,TOYT,CAMRY,39.02949079,-77.16150994,2022,11,18
220051536,Property Damage Crash,11/21/2022 06:10:00 PM,SEVEN LOCKS RD,NA,SAME DIR REAR END,Clear,DRY,Medium,NO CONTROLS,NONE DETECTED,Yes,No Apparent Injury,N/A,INATTENTIVE OR LOST IN THOUGHT,MD,PICKUP TRUCK,MOVING CONSTANT SPEED,35,No,2018,FORD,F 150,39.02949079,-77.16150994,2022,11,18
220051536,Property Damage Crash,11/21/2022 06:10:00 PM,SEVEN LOCKS RD,NA,SAME DIR REAR END,Clear,DRY,Medium,NO CONTROLS,NONE DETECTED,No,No Apparent Injury,N/A,NOT DISTRACTED,MD,(SPORT) UTILITY VEHICLE,SLOWING OR STOPPING,35,No,2015,CHEV,TRAVERSE,39.02949079,-77.16150994,2022,11,18
220051531,Property Damage Crash,11/21/2022 05:53:00 PM,NEW HAMPSHIRE AVE,NA,SAME DIR REAR END,Clear,DRY,Medium,N/A,NONE DETECTED,No,No Apparent Injury,N/A,NOT DISTRACTED,MD,VAN,SLOWING OR STOPPING,40,No,2018,TOYOTA,PV,39.07849767,-77.001486,2022,11,17
220051531,Property Damage Crash,11/21/2022 05:53:00 PM,NEW HAMPSHIRE AVE,NA,SAME DIR REAR END,Clear,DRY,Medium,N/A,NONE DETECTED,Yes,No Apparent Injury,N/A,LOOKED BUT DID NOT SEE,MD,(SPORT) UTILITY VEHICLE,SLOWING OR STOPPING,40,No,2012,CHEV,UT,39.07849767,-77.001486,2022,11,17
220051527,Property Damage Crash,11/21/2022 05:38:00 PM,W EDMONSTON DR,NA,SAME DIRECTION SIDESWIPE,Clear,DRY,Medium,TRAFFIC SIGNAL,NONE DETECTED,Yes,No Apparent Injury,N/A,LOOKED BUT DID NOT SEE,MD,TRANSIT BUS,ACCELERATING,25,No,2020,GILIG,BUS,39.07415167,-77.13575167,2022,11,17
220051527,Property Damage Crash,11/21/2022 05:38:00 PM,W EDMONSTON DR,NA,SAME DIRECTION SIDESWIPE,Clear,DRY,Medium,TRAFFIC SIGNAL,NONE DETECTED,Yes,No Apparent Injury,N/A,LOOKED BUT DID NOT SEE,MD,PASSENGER CAR,MAKING RIGHT TURN,25,No,2023,HYUNDAI,GENISIS,39.07415167,-77.13575167,2022,11,17
220051524,Property Damage Crash,11/21/2022 05:33:00 PM,ROCKVILLE PIKE,NA,SAME DIRECTION SIDESWIPE,Clear,DRY,Medium,N/A,NONE DETECTED,No,No Apparent Injury,N/A,NOT DISTRACTED,MD,PASSENGER CAR,STOPPED IN TRAFFIC LANE,35,No,2018,SUBA,4S,39.04346333,-77.11103333,2022,11,17
220051524,Property Damage Crash,11/21/2022 05:33:00 PM,ROCKVILLE PIKE,NA,SAME DIRECTION SIDESWIPE,Clear,DRY,Medium,N/A,NONE DETECTED,Yes,No Apparent Injury,N/A,LOOKED BUT DID NOT SEE,MD,TRANSIT BUS,CHANGING LANES,35,No,2016,GILL,BU,39.04346333,-77.11103333,2022,11,17
220051549,Property Damage Crash,11/21/2022 05:30:00 PM,NA,NA,OTHER,Clear,NA,Dark,NO CONTROLS,NONE DETECTED,Yes,No Apparent Injury,N/A,NOT DISTRACTED,MD,PASSENGER CAR,BACKING,0,No,2014,SUBURU,OUTBACK,39.1168433,-77.16604748,2022,11,17
220051523,Property Damage Crash,11/21/2022 05:17:00 PM,GEORGIA AVE,NA,SAME DIR REAR END,Clear,DRY,Medium,NO CONTROLS,NONE DETECTED,No,No Apparent Injury,N/A,NOT DISTRACTED,MD,PASSENGER CAR,STOPPED IN TRAFFIC LANE,45,No,2014,NISSAN,VERSA,39.12930667,-77.07139167,2022,11,17
220051523,Property Damage Crash,11/21/2022 05:17:00 PM,GEORGIA AVE,NA,SAME DIR REAR END,Clear,DRY,Medium,NO CONTROLS,NONE DETECTED,Yes,No Apparent Injury,N/A,NOT DISTRACTED,MD,PASSENGER CAR,CHANGING LANES,45,No,2001,TOYOTA,COROLLA,39.12930667,-77.07139167,2022,11,17
220051521,Injury Crash,11/21/2022 04:59:00 PM,FENTON ST,PEDESTRIAN,SINGLE VEHICLE,Clear,DRY,Medium,NO CONTROLS,NONE DETECTED,No,No Apparent Injury,N/A,NOT DISTRACTED,MD,FARM VEHICLE,ACCELERATING,30,No,2009,GILLIG,BUS,38.996625,-77.02502167,2022,11,16
220051512,Property Damage Crash,11/21/2022 03:51:00 PM,LINDALE DR,NA,SAME DIRECTION SIDESWIPE,Clear,DRY,Daylight,NO CONTROLS,NONE DETECTED,Yes,No Apparent Injury,N/A,LOOKED BUT DID NOT SEE,MD,"OTHER LIGHT TRUCKS (10,000LBS (4,536KG) OR LESS)",MOVING CONSTANT SPEED,30,No,2017,MACK,TRUCK,39.00536,-77.12103,2022,11,15
220051512,Property Damage Crash,11/21/2022 03:51:00 PM,LINDALE DR,NA,SAME DIRECTION SIDESWIPE,Clear,DRY,Daylight,NO CONTROLS,NONE DETECTED,No,No Apparent Injury,N/A,NO DRIVER PRESENT,MD,PASSENGER CAR,PARKED,35,No,2016,TOYT,SD,39.00536,-77.12103,2022,11,15
220051507,Property Damage Crash,11/21/2022 03:46:00 PM,FATHER HURLEY BLVD,NA,STRAIGHT MOVEMENT ANGLE,Clear,DRY,Daylight,TRAFFIC SIGNAL,NONE DETECTED,No,No Apparent Injury,"N/A, VISION OBSTRUCTION (INCL. BLINDED BY SUN)",NOT DISTRACTED,MD,PASSENGER CAR,MOVING CONSTANT SPEED,40,No,2017,NISSAN,ALTIMA,39.196596,-77.26547867,2022,11,15
220051507,Property Damage Crash,11/21/2022 03:46:00 PM,FATHER HURLEY BLVD,NA,STRAIGHT MOVEMENT ANGLE,Clear,DRY,Daylight,TRAFFIC SIGNAL,NONE DETECTED,Yes,No Apparent Injury,"N/A, VISION OBSTRUCTION (INCL. BLINDED BY SUN)",NOT DISTRACTED,MD,(SPORT) UTILITY VEHICLE,MOVING CONSTANT SPEED,40,No,2013,HONDA,CRV,39.196596,-77.26547867,2022,11,15
220051502,Property Damage Crash,11/21/2022 03:20:00 PM,PHILADELPHIA AVE,BICYCLIST,SAME DIRECTION RIGHT TURN,Clear,DRY,Daylight,TRAFFIC SIGNAL,NONE DETECTED,Yes,No Apparent Injury,"N/A, VISION OBSTRUCTION (INCL. BLINDED BY SUN)",NOT DISTRACTED,MD,PASSENGER CAR,MOVING CONSTANT SPEED,10,No,2013,TOYO,COROLLA,38.99192361,-76.99186574,2022,11,15
220051498,Injury Crash,11/21/2022 03:05:00 PM,CENTURY BLVD,PEDESTRIAN,N/A,Clear,DRY,Medium,NO CONTROLS,NONE DETECTED,Yes,No Apparent Injury,N/A,NOT DISTRACTED,MD,PASSENGER CAR,MOVING CONSTANT SPEED,20,No,2011,HONDA,ODYSSEY,39.18443488,-77.26033758,2022,11,15
220051494,Property Damage Crash,11/21/2022 02:40:00 PM,MONTGOMERY VILLAGE AVE,NA,ANGLE MEETS LEFT TURN,Clear,DRY,Daylight,TRAFFIC SIGNAL,NONE DETECTED,No,No Apparent Injury,N/A,NOT DISTRACTED,MD,PASSENGER CAR,MAKING LEFT TURN,35,No,2021,TOYOTA,COROLLA,39.17286,-77.20355167,2022,11,14
220051494,Property Damage Crash,11/21/2022 02:40:00 PM,MONTGOMERY VILLAGE AVE,NA,ANGLE MEETS LEFT TURN,Clear,DRY,Daylight,TRAFFIC SIGNAL,NONE DETECTED,Yes,No Apparent Injury,N/A,LOOKED BUT DID NOT SEE,MD,PASSENGER CAR,MOVING CONSTANT SPEED,35,No,2011,MERCEDES,C300,39.17286,-77.20355167,2022,11,14
220051496,Injury Crash,11/21/2022 02:20:00 PM,NA,PEDESTRIAN,SINGLE VEHICLE,Clear,NA,Daylight,NO CONTROLS,NONE DETECTED,Yes,Possible Minor Injury,N/A,UNKNOWN,MD,PASSENGER CAR,ACCELERATING,5,No,2013,TOYT,RAV4,39.17965167,-77.239425,2022,11,14
220051487,Injury Crash,11/21/2022 01:59:00 PM,E GUDE DR,NA,SAME DIRECTION LEFT TURN,Clear,DRY,Daylight,NO CONTROLS,NONE DETECTED,Yes,No Apparent Injury,N/A,DISTRACTED BY OUTSIDE PERSON OBJECT OR EVENT,MD,"MEDIUM/HEAVY TRUCKS 3 AXLES (OVER 10,000LBS (4,536KG))",MAKING LEFT TURN,40,No,2018,FORD,F550,39.10321,-77.14248333,2022,11,13
220051487,Injury Crash,11/21/2022 01:59:00 PM,E GUDE DR,NA,SAME DIRECTION LEFT TURN,Clear,DRY,Daylight,NO CONTROLS,NONE DETECTED,No,No Apparent Injury,N/A,NOT DISTRACTED,MD,PASSENGER CAR,MOVING CONSTANT SPEED,40,No,2021,CHEV,SILVERADO,39.10321,-77.14248333,2022,11,13