Local Case Number,ACRS Report Type,Crash Date/Time,Road Name,Related Non-Motorist,Collision Type,Weather,Surface Condition,Light,Traffic Control,Driver Substance Abuse,Driver At Fault,Injury Severity,Circumstance,Driver Distracted By,Drivers License State,Vehicle Body Type,Vehicle Movement,Speed Limit,Driverless Vehicle,Vehicle Year,Vehicle Make,Vehicle Model,Latitude,Longitude,Year,Month,Hour
220051473,Injury Crash,11/21/2022 12:35:00 PM,NA,NA,HEAD ON,Clear,NA,Daylight,NO CONTROLS,NONE DETECTED,No,Possible Minor Injury,N/A,NOT DISTRACTED,DC,PASSENGER CAR,PARKED,0,No,2013,VOLVO,XC90,39.10378054,-77.15795266,2022,11,12
220051473,Injury Crash,11/21/2022 12:35:00 PM,NA,NA,HEAD ON,Clear,NA,Daylight,NO CONTROLS,NONE DETECTED,Yes,No Apparent Injury,N/A,NOT DISTRACTED,MD,PASSENGER CAR,MOVING CONSTANT SPEED,5,No,2007,HYUN,4S,39.10378054,-77.15795266,2022,11,12
220051465,Property Damage Crash,11/21/2022 11:45:00 AM,GEORGIA AVE,NA,SAME DIRECTION SIDESWIPE,Clear,DRY,Daylight,TRAFFIC SIGNAL,NONE DETECTED,Yes,No Apparent Injury,N/A,NOT DISTRACTED,MD,AMBULANCE/EMERGENCY,MAKING LEFT TURN,45,No,2018,FREIGHTLINER,AMBULANCE,39.10942932,-77.07588259,2022,11,11
220051465,Property Damage Crash,11/21/2022 11:45:00 AM,GEORGIA AVE,NA,SAME DIRECTION SIDESWIPE,Clear,DRY,Daylight,TRAFFIC SIGNAL,NONE DETECTED,No,No Apparent Injury,N/A,NOT DISTRACTED,MD,PASSENGER CAR,MAKING LEFT TURN,45,No,1998,TOYOTA,COROLLA,39.10942932,-77.07588259,2022,11,11
220051457,Injury Crash,11/21/2022 11:31:00 AM,NA,PEDESTRIAN,SINGLE VEHICLE,Clear,NA,Daylight,NO CONTROLS,NONE DETECTED,Yes,No Apparent Injury,N/A,UNKNOWN,MD,PASSENGER CAR,MAKING LEFT TURN,5,No,2011,HYUNDAI,SONATA,39.09166149,-77.15252508,2022,11,11
220051455,Property Damage Crash,11/21/2022 11:25:00 AM,FREDERICK RD,NA,SAME DIRECTION SIDESWIPE,Clear,DRY,Daylight,TRAFFIC SIGNAL,NONE DETECTED,Yes,No Apparent Injury,N/A,UNKNOWN,NA,NA,CHANGING LANES,40,No,0,UNKNOWN,UNKNOWN,39.11244167,-77.16183833,2022,11,11
220051455,Property Damage Crash,11/21/2022 11:25:00 AM,FREDERICK RD,NA,SAME DIRECTION SIDESWIPE,Clear,DRY,Daylight,TRAFFIC SIGNAL,NONE DETECTED,No,No Apparent Injury,N/A,NOT DISTRACTED,MD,PASSENGER CAR,MOVING CONSTANT SPEED,40,No,2017,TOYT,UT,39.11244167,-77.16183833,2022,11,11
220051454,Property Damage Crash,11/21/2022 11:20:00 AM,NEW HAMPSHIRE AVE,NA,SAME DIR REAR END,Clear,DRY,Daylight,TRAFFIC SIGNAL,NONE DETECTED,Yes,No Apparent Injury,N/A,OTHER CELLULAR PHONE RELATED,MD,PASSENGER CAR,SLOWING OR STOPPING,40,No,2017,MAZDA,6,39.01451433,-76.97796517,2022,11,11
220051454,Property Damage Crash,11/21/2022 11:20:00 AM,NEW HAMPSHIRE AVE,NA,SAME DIR REAR END,Clear,DRY,Daylight,TRAFFIC SIGNAL,NONE DETECTED,No,No Apparent Injury,N/A,NOT DISTRACTED,MD,PASSENGER CAR,STOPPED IN TRAFFIC LANE,40,No,2022,MINI,COOPER,39.01451433,-76.97796517,2022,11,11
220051454,Property Damage Crash,11/21/2022 11:20:00 AM,NEW HAMPSHIRE AVE,NA,SAME DIR REAR END,Clear,DRY,Daylight,TRAFFIC SIGNAL,NONE DETECTED,No,No Apparent Injury,N/A,NOT DISTRACTED,VA,PASSENGER CAR,STOPPED IN TRAFFIC LANE,40,No,2019,NISSAN,KICKS,39.01451433,-76.97796517,2022,11,11
220051438,Property Damage Crash,11/21/2022 09:45:00 AM,NA,NA,SAME DIR REAR END,Clear,NA,Daylight,NO CONTROLS,NONE DETECTED,Yes,No Apparent Injury,N/A,LOOKED BUT DID NOT SEE,MD,PASSENGER CAR,PARKING,5,No,2007,HOND,SD,39.14464303,-77.21521485,2022,11,9
220051442,Property Damage Crash,11/21/2022 09:30:00 AM,NA,NA,SINGLE VEHICLE,Clear,NA,Daylight,NO CONTROLS,NONE DETECTED,Yes,No Apparent Injury,N/A,NOT DISTRACTED,MD,PASSENGER CAR,ACCELERATING,5,No,2015,TOYT,RAV4,39.19153667,-77.249305,2022,11,9
220051434,Property Damage Crash,11/21/2022 09:20:00 AM,GEORGIA AVE,NA,SAME DIR REAR END,Clear,DRY,Daylight,NO CONTROLS,NONE DETECTED,No,No Apparent Injury,N/A,NOT DISTRACTED,MD,(SPORT) UTILITY VEHICLE,STOPPED IN TRAFFIC LANE,45,No,2014,NISSAN,SW,39.1210305,-77.0738454,2022,11,9
220051434,Property Damage Crash,11/21/2022 09:20:00 AM,GEORGIA AVE,NA,SAME DIR REAR END,Clear,DRY,Daylight,NO CONTROLS,NONE DETECTED,Yes,No Apparent Injury,N/A,ADJUSTING AUDIO AND OR CLIMATE CONTROLS,MD,PASSENGER CAR,STOPPED IN TRAFFIC LANE,45,No,2013,TOYT,SD,39.1210305,-77.0738454,2022,11,9
220051428,Property Damage Crash,11/21/2022 08:47:00 AM,E RANDOLPH RD,NA,HEAD ON LEFT TURN,Clear,DRY,Daylight,TRAFFIC SIGNAL,NONE DETECTED,Yes,No Apparent Injury,N/A,LOOKED BUT DID NOT SEE,NJ,(SPORT) UTILITY VEHICLE,MAKING LEFT TURN,40,No,2017,KIA,SORENTO,39.07557833,-76.99417833,2022,11,8
220051428,Property Damage Crash,11/21/2022 08:47:00 AM,E RANDOLPH RD,NA,HEAD ON LEFT TURN,Clear,DRY,Daylight,TRAFFIC SIGNAL,NONE DETECTED,No,No Apparent Injury,N/A,NOT DISTRACTED,MD,PASSENGER CAR,MOVING CONSTANT SPEED,40,No,2009,FORD,FUSION,39.07557833,-76.99417833,2022,11,8
220051440,Property Damage Crash,11/21/2022 08:40:00 AM,CAPITAL BELTWAY,NA,SAME DIR REAR END,Clear,DRY,Daylight,NO CONTROLS,NONE DETECTED,No,No Apparent Injury,N/A,NOT DISTRACTED,MD,(SPORT) UTILITY VEHICLE,STOPPED IN TRAFFIC LANE,55,No,2022,ACURA,MDX,38.97319126,-77.17872623,2022,11,8
220051440,Property Damage Crash,11/21/2022 08:40:00 AM,CAPITAL BELTWAY,NA,SAME DIR REAR END,Clear,DRY,Daylight,NO CONTROLS,NONE DETECTED,Yes,No Apparent Injury,N/A,UNKNOWN,MD,VAN,SLOWING OR STOPPING,55,No,2016,HONDA,ODYSSEY,38.97319126,-77.17872623,2022,11,8
220051440,Property Damage Crash,11/21/2022 08:40:00 AM,CAPITAL BELTWAY,NA,SAME DIR REAR END,Clear,DRY,Daylight,NO CONTROLS,NONE DETECTED,Yes,No Apparent Injury,N/A,UNKNOWN,MD,VAN,SLOWING OR STOPPING,55,No,2016,FORD,TRANSIT,38.97319126,-77.17872623,2022,11,8
220051423,Injury Crash,11/21/2022 08:32:00 AM,GEORGIA AVE,NA,SAME DIR REAR END,Clear,DRY,Daylight,TRAFFIC SIGNAL,NONE DETECTED,Yes,Possible Minor Injury,N/A,NOT DISTRACTED,MD,PASSENGER CAR,SLOWING OR STOPPING,45,No,2022,CHEVROLET,MALIBU,39.13405333,-77.06945167,2022,11,8
220051423,Injury Crash,11/21/2022 08:32:00 AM,GEORGIA AVE,NA,SAME DIR REAR END,Clear,DRY,Daylight,TRAFFIC SIGNAL,NONE DETECTED,No,No Apparent Injury,N/A,NOT DISTRACTED,NJ,PASSENGER CAR,STOPPED IN TRAFFIC LANE,45,No,2010,HYUNDAI,ELANTRA,39.13405333,-77.06945167,2022,11,8
220051424,Property Damage Crash,11/21/2022 08:29:00 AM,CARTERET RD,NA,OTHER,Clear,DRY,Daylight,NO CONTROLS,NONE DETECTED,No,No Apparent Injury,N/A,NOT DISTRACTED,MD,PICKUP TRUCK,MOVING CONSTANT SPEED,35,No,2008,DODGE,RAM,39.00676833,-77.16266,2022,11,8
220051424,Property Damage Crash,11/21/2022 08:29:00 AM,CARTERET RD,NA,OTHER,Clear,DRY,Daylight,NO CONTROLS,NONE DETECTED,Yes,No Apparent Injury,N/A,LOOKED BUT DID NOT SEE,MD,PASSENGER CAR,BACKING,35,No,2020,TESLA,TK,39.00676833,-77.16266,2022,11,8
220051431,Property Damage Crash,11/21/2022 08:19:00 AM,FREDERICK RD,NA,SAME DIR REAR END,Clear,DRY,Daylight,NO CONTROLS,NONE DETECTED,Yes,No Apparent Injury,N/A,NOT DISTRACTED,MD,PASSENGER CAR,MOVING CONSTANT SPEED,30,No,2017,VOLSWAGON,JETTA,39.24108833,-77.28226167,2022,11,8
220051431,Property Damage Crash,11/21/2022 08:19:00 AM,FREDERICK RD,NA,SAME DIR REAR END,Clear,DRY,Daylight,NO CONTROLS,NONE DETECTED,No,No Apparent Injury,N/A,NOT DISTRACTED,MD,PICKUP TRUCK,STOPPED IN TRAFFIC LANE,30,No,2016,CHEVROLET,SILVERADO,39.24108833,-77.28226167,2022,11,8
220051416,Property Damage Crash,11/21/2022 07:56:00 AM,NA,NA,SAME DIR REAR END,Clear,NA,Daylight,NO CONTROLS,NONE DETECTED,Yes,No Apparent Injury,N/A,LOOKED BUT DID NOT SEE,MD,SCHOOL BUS,BACKING,5,No,2022,FRHT,SB,39.04000408,-76.99130312,2022,11,7
220051416,Property Damage Crash,11/21/2022 07:56:00 AM,NA,NA,SAME DIR REAR END,Clear,NA,Daylight,NO CONTROLS,NONE DETECTED,No,No Apparent Injury,N/A,NOT DISTRACTED,MD,PASSENGER CAR,PARKED,5,No,2018,TOYT,4S,39.04000408,-76.99130312,2022,11,7
220051418,Injury Crash,11/21/2022 07:45:00 AM,DARNESTOWN RD,NA,STRAIGHT MOVEMENT ANGLE,Clear,DRY,Daylight,NO CONTROLS,NONE DETECTED,Yes,No Apparent Injury,N/A,NOT DISTRACTED,MD,"OTHER LIGHT TRUCKS (10,000LBS (4,536KG) OR LESS)",BACKING,10,No,2019,FORD,TK,39.15888667,-77.381825,2022,11,7
220051418,Injury Crash,11/21/2022 07:45:00 AM,DARNESTOWN RD,NA,STRAIGHT MOVEMENT ANGLE,Clear,DRY,Daylight,NO CONTROLS,NONE DETECTED,No,Possible Minor Injury,N/A,NOT DISTRACTED,MD,PASSENGER CAR,MOVING CONSTANT SPEED,50,No,2005,MAZDA,X6,39.15888667,-77.381825,2022,11,7
220051417,Property Damage Crash,11/21/2022 07:30:00 AM,RIDGE RD,NA,SINGLE VEHICLE,Clear,DRY,Daylight,NO CONTROLS,NONE DETECTED,No,No Apparent Injury,"ANIMAL, N/A",NOT DISTRACTED,MD,PASSENGER CAR,MOVING CONSTANT SPEED,50,No,2017,TOYT,COROLLA,39.32293167,-77.19724,2022,11,7
220051414,Property Damage Crash,11/21/2022 07:15:00 AM,NOTLEY RD,NA,SINGLE VEHICLE,Clear,DRY,Daylight,NO CONTROLS,NONE DETECTED,Yes,No Apparent Injury,N/A,LOOKED BUT DID NOT SEE,MD,SCHOOL BUS,MOVING CONSTANT SPEED,25,No,2018,THOMAS,BUS,39.08200796,-77.00863136,2022,11,7
220051408,Property Damage Crash,11/21/2022 06:42:00 AM,NORBECK RD,NA,SINGLE VEHICLE,Clear,DRY,Medium,NO CONTROLS,NONE DETECTED,No,No Apparent Injury,N/A,NOT DISTRACTED,MD,PASSENGER CAR,MOVING CONSTANT SPEED,50,No,2019,SUBARU,OUTBACK,39.08817817,-77.13365783,2022,11,6
220051410,Property Damage Crash,11/21/2022 06:36:00 AM,FREDERICK RD,NA,SAME DIRECTION SIDESWIPE,Clear,DRY,Medium,NO CONTROLS,NONE DETECTED,No,No Apparent Injury,N/A,NOT DISTRACTED,MD,(SPORT) UTILITY VEHICLE,MOVING CONSTANT SPEED,40,No,2015,TOYOTA,RAV 4,39.23181333,-77.2705,2022,11,6
220051410,Property Damage Crash,11/21/2022 06:36:00 AM,FREDERICK RD,NA,SAME DIRECTION SIDESWIPE,Clear,DRY,Medium,NO CONTROLS,NONE DETECTED,Yes,No Apparent Injury,N/A,NOT DISTRACTED,MD,PASSENGER CAR,PASSING,40,No,2018,VOLKSWAGON,GTI,39.23181333,-77.2705,2022,11,6
220051404,Property Damage Crash,11/21/2022 05:08:00 AM,W MONTGOMERY AVE,NA,STRAIGHT MOVEMENT ANGLE,Clear,DRY,Medium,TRAFFIC SIGNAL,NONE DETECTED,Yes,No Apparent Injury,N/A,UNKNOWN,VA,PASSENGER CAR,MAKING LEFT TURN,45,No,2013,FORD,TK,39.09073833,-77.17923783,2022,11,5
220051404,Property Damage Crash,11/21/2022 05:08:00 AM,W MONTGOMERY AVE,NA,STRAIGHT MOVEMENT ANGLE,Clear,DRY,Medium,TRAFFIC SIGNAL,NONE DETECTED,No,No Apparent Injury,N/A,NOT DISTRACTED,MD,PASSENGER CAR,MOVING CONSTANT SPEED,45,No,2022,TOYOTA,CAMRY,39.09073833,-77.17923783,2022,11,5
220051403,Property Damage Crash,11/21/2022 04:44:00 AM,RIDGE RD,NA,SINGLE VEHICLE,Clear,DRY,Medium,NO CONTROLS,NONE DETECTED,No,No Apparent Injury,N/A,NOT DISTRACTED,MD,PASSENGER CAR,MOVING CONSTANT SPEED,45,No,2015,MAZDA,3,39.32058167,-77.19808833,2022,11,4
220051401,Property Damage Crash,11/21/2022 04:21:00 AM,BONIFANT RD,NA,HEAD ON,Clear,DRY,Medium,NO CONTROLS,NONE DETECTED,Yes,No Apparent Injury,N/A,UNKNOWN,MD,VAN,MOVING CONSTANT SPEED,35,No,2008,FORD,E250,39.093967,-77.00571633,2022,11,4
220051401,Property Damage Crash,11/21/2022 04:21:00 AM,BONIFANT RD,NA,HEAD ON,Clear,DRY,Medium,NO CONTROLS,NONE DETECTED,No,No Apparent Injury,N/A,NOT DISTRACTED,MD,"CARGO VAN/LIGHT TRUCK 2 AXLES (OVER 10,000LBS (4,536 KG))",MOVING CONSTANT SPEED,35,No,2020,ISUZU,TK,39.093967,-77.00571633,2022,11,4
220051395,Property Damage Crash,11/20/2022 10:45:00 PM,GREAT SENECA HWY,NA,SINGLE VEHICLE,Clear,DRY,Medium,TRAFFIC SIGNAL,NONE DETECTED,Yes,No Apparent Injury,N/A,NOT DISTRACTED,FL,PASSENGER CAR,MAKING RIGHT TURN,55,No,2017,GMC,TERRAIN,39.146275,-77.27447833,2022,11,22
220051392,Property Damage Crash,11/20/2022 09:40:00 PM,SUMMERSONG LA,NA,OTHER,Clear,DRY,Medium,N/A,NONE DETECTED,Yes,No Apparent Injury,N/A,UNKNOWN,MD,PICKUP TRUCK,BACKING,5,No,2008,TOYOTA,TUNDRA,39.19209833,-77.27712333,2022,11,21
220051384,Property Damage Crash,11/20/2022 08:15:00 PM,WASHINGTON GROVE LA,NA,SAME DIR REAR END,Clear,DRY,Dark,N/A,NONE DETECTED,No,No Apparent Injury,N/A,UNKNOWN,XX,PASSENGER CAR,SLOWING OR STOPPING,30,No,2006,HONDA,CIVIC,39.14308,-77.17583,2022,11,20
220051384,Property Damage Crash,11/20/2022 08:15:00 PM,WASHINGTON GROVE LA,NA,SAME DIR REAR END,Clear,DRY,Dark,N/A,NONE DETECTED,Yes,No Apparent Injury,N/A,UNKNOWN,XX,PASSENGER CAR,MOVING CONSTANT SPEED,30,No,2001,HONDA,ACCORD,39.14308,-77.17583,2022,11,20
220051380,Injury Crash,11/20/2022 07:28:00 PM,GEORGIA AVE,NA,SAME DIR REAR END,Clear,N/A,Medium,TRAFFIC SIGNAL,NONE DETECTED,No,No Apparent Injury,"N/A, RUTS, HOLES, BUMPS",NOT DISTRACTED,MD,PASSENGER CAR,SLOWING OR STOPPING,25,No,2011,TOYT,SD,39.03860667,-77.05100866,2022,11,19
220051380,Injury Crash,11/20/2022 07:28:00 PM,GEORGIA AVE,NA,SAME DIR REAR END,Clear,N/A,Medium,TRAFFIC SIGNAL,NONE DETECTED,Yes,Possible Minor Injury,"N/A, RUTS, HOLES, BUMPS",UNKNOWN,DC,PASSENGER CAR,MOVING CONSTANT SPEED,25,No,2012,HONDA,CR-V,39.03860667,-77.05100866,2022,11,19
220051380,Injury Crash,11/20/2022 07:28:00 PM,GEORGIA AVE,NA,SAME DIR REAR END,Clear,N/A,Medium,TRAFFIC SIGNAL,NONE DETECTED,Yes,No Apparent Injury,"N/A, RUTS, HOLES, BUMPS",UNKNOWN,MD,VAN,MOVING CONSTANT SPEED,25,No,2016,DODGE,CARAVAN,39.03860667,-77.05100866,2022,11,19
220051378,Property Damage Crash,11/20/2022 07:13:00 PM,GEORGIA AVE,NA,SAME DIR REAR END,Clear,DRY,Medium,TRAFFIC SIGNAL,NONE DETECTED,No,No Apparent Injury,N/A,NOT DISTRACTED,MD,PICKUP TRUCK,MAKING LEFT TURN,40,No,2005,FORD,PK,39.22140105,-77.05987092,2022,11,19
220051378,Property Damage Crash,11/20/2022 07:13:00 PM,GEORGIA AVE,NA,SAME DIR REAR END,Clear,DRY,Medium,TRAFFIC SIGNAL,NONE DETECTED,Yes,No Apparent Injury,N/A,LOOKED BUT DID NOT SEE,MD,PASSENGER CAR,STARTING FROM LANE,40,No,2007,TOYOTA,CAMRY,39.22140105,-77.05987092,2022,11,19
220051347,Injury Crash,11/20/2022 06:48:00 PM,CAPITAL BELTWAY,NA,SAME DIR REAR END,Clear,DRY,Medium,NO CONTROLS,NONE DETECTED,No,Possible Minor Injury,N/A,UNKNOWN,MD,PASSENGER CAR,MOVING CONSTANT SPEED,55,No,2006,HONDA,CIVIC,39.031476670000004,-77.14255,2022,11,18
220051347,Injury Crash,11/20/2022 06:48:00 PM,CAPITAL BELTWAY,NA,SAME DIR REAR END,Clear,DRY,Medium,NO CONTROLS,NONE DETECTED,Yes,No Apparent Injury,N/A,UNKNOWN,NA,NA,UNKNOWN,55,No,0,UNKNOWN,UNKNOWN,39.031476670000004,-77.14255,2022,11,18
220051376,Property Damage Crash,11/20/2022 06:24:00 PM,INWOOD AVE,NA,SINGLE VEHICLE,Clear,DRY,Medium,STOP SIGN,ALCOHOL PRESENT,Yes,No Apparent Injury,N/A,OTHER DISTRACTION,MD,PASSENGER CAR,MOVING CONSTANT SPEED,25,No,2001,TOYOTA,COROLLA,39.05139833,-77.02477667,2022,11,18
220051369,Property Damage Crash,11/20/2022 05:56:00 PM,FRANKLIN AVE,NA,OTHER,Clear,DRY,Medium,TRAFFIC SIGNAL,NONE DETECTED,Yes,No Apparent Injury,N/A,NOT DISTRACTED,MD,POLICE VEHICLE/NON EMERGENCY,BACKING,30,No,2019,DODGE,CHARGER,39.00865188,-77.01809215,2022,11,17
220051369,Property Damage Crash,11/20/2022 05:56:00 PM,FRANKLIN AVE,NA,OTHER,Clear,DRY,Medium,TRAFFIC SIGNAL,NONE DETECTED,No,No Apparent Injury,N/A,NOT DISTRACTED,MD,PASSENGER CAR,STOPPED IN TRAFFIC LANE,30,No,2011,HONDA,CIVIC,39.00865188,-77.01809215,2022,11,17
220051370,Injury Crash,11/20/2022 05:48:00 PM,SANDY SPRING RD,NA,STRAIGHT MOVEMENT ANGLE,Clear,DRY,Medium,TRAFFIC SIGNAL,NONE DETECTED,Yes,No Apparent Injury,N/A,UNKNOWN,MD,PASSENGER CAR,CHANGING LANES,45,No,2007,TOYOTA,COROLLA,39.11164522,-76.93233859,2022,11,17
220051371,Injury Crash,11/20/2022 05:48:00 PM,OLD COLUMBIA PIKE,NA,OTHER,Clear,DRY,Medium,TRAFFIC SIGNAL,NONE DETECTED,No,No Apparent Injury,N/A,NOT DISTRACTED,MD,PASSENGER CAR,STOPPED IN TRAFFIC LANE,45,No,2008,PORSCHE,CAYANNE,39.11130462,-76.93222467,2022,11,17
220051371,Injury Crash,11/20/2022 05:48:00 PM,OLD COLUMBIA PIKE,NA,OTHER,Clear,DRY,Medium,TRAFFIC SIGNAL,NONE DETECTED,Yes,Possible Minor Injury,N/A,UNKNOWN,MD,PASSENGER CAR,MOVING CONSTANT SPEED,40,No,2008,JEEP,CHEROKEE,39.11130462,-76.93222467,2022,11,17
220051370,Injury Crash,11/20/2022 05:48:00 PM,SANDY SPRING RD,NA,STRAIGHT MOVEMENT ANGLE,Clear,DRY,Medium,TRAFFIC SIGNAL,NONE DETECTED,No,No Apparent Injury,N/A,NOT DISTRACTED,MD,PASSENGER CAR,MOVING CONSTANT SPEED,45,No,2008,PORS,CAYEN,39.11164522,-76.93233859,2022,11,17
220051368,Injury Crash,11/20/2022 05:26:00 PM,HUNGERFORD DR,NA,SAME DIR REAR END,Clear,DRY,Dark,TRAFFIC SIGNAL,NONE DETECTED,No,Possible Minor Injury,N/A,NOT DISTRACTED,MD,TRANSIT BUS,STOPPED IN TRAFFIC LANE,40,No,2013,NEW FLYER,TBU,39.10350787,-77.15582164,2022,11,17
220051368,Injury Crash,11/20/2022 05:26:00 PM,HUNGERFORD DR,NA,SAME DIR REAR END,Clear,DRY,Dark,TRAFFIC SIGNAL,ALCOHOL PRESENT,Yes,Possible Minor Injury,N/A,UNKNOWN,MD,PASSENGER CAR,MOVING CONSTANT SPEED,40,No,2010,HONDA,PILOT,39.10350787,-77.15582164,2022,11,17
220051363,Property Damage Crash,11/20/2022 05:16:00 PM,NEW HAMPSHIRE AVE,NA,SAME DIRECTION SIDESWIPE,Clear,DRY,Medium,TRAFFIC SIGNAL,NONE DETECTED,Yes,No Apparent Injury,N/A,LOOKED BUT DID NOT SEE,MD,PASSENGER CAR,MAKING LEFT TURN,40,No,2010,TOYOTA,CAMRY,39.04466,-76.99229,2022,11,17
220051363,Property Damage Crash,11/20/2022 05:16:00 PM,NEW HAMPSHIRE AVE,NA,SAME DIRECTION SIDESWIPE,Clear,DRY,Medium,TRAFFIC SIGNAL,NONE DETECTED,No,No Apparent Injury,N/A,NOT DISTRACTED,MD,PASSENGER CAR,MOVING CONSTANT SPEED,40,No,1997,LEXUS,LX,39.04466,-76.99229,2022,11,17
220051349,Property Damage Crash,11/20/2022 02:46:00 PM,CONNECTICUT AVE,NA,SAME DIR REAR END,Clear,DRY,Daylight,NO CONTROLS,NONE DETECTED,No,No Apparent Injury,N/A,NOT DISTRACTED,MD,PASSENGER CAR,MOVING CONSTANT SPEED,35,No,2014,MERCEDES,C300,39.08552167,-77.07475333,2022,11,14
220051349,Property Damage Crash,11/20/2022 02:46:00 PM,CONNECTICUT AVE,NA,SAME DIR REAR END,Clear,DRY,Daylight,NO CONTROLS,NONE DETECTED,Yes,No Apparent Injury,N/A,UNKNOWN,NA,VAN,MOVING CONSTANT SPEED,35,No,2001,TOYOTA,SIENNA,39.08552167,-77.07475333,2022,11,14
220051344,Property Damage Crash,11/20/2022 02:14:00 PM,ARLINGTON RD,NA,HEAD ON LEFT TURN,Clear,DRY,Daylight,TRAFFIC SIGNAL,NONE DETECTED,Yes,No Apparent Injury,N/A,NOT DISTRACTED,MD,PASSENGER CAR,MOVING CONSTANT SPEED,35,No,2009,AUDI,A4,38.97810815,-77.09768423,2022,11,14
220051344,Property Damage Crash,11/20/2022 02:14:00 PM,ARLINGTON RD,NA,HEAD ON LEFT TURN,Clear,DRY,Daylight,TRAFFIC SIGNAL,NONE DETECTED,No,No Apparent Injury,N/A,NOT DISTRACTED,MD,PASSENGER CAR,MOVING CONSTANT SPEED,35,No,2009,LEXUS,RX350,38.97810815,-77.09768423,2022,11,14
220051351,Property Damage Crash,11/20/2022 12:58:00 PM,WOODFIELD RD,NA,OTHER,Clear,DRY,Daylight,N/A,NONE DETECTED,Yes,No Apparent Injury,N/A,UNKNOWN,NA,PASSENGER CAR,MAKING LEFT TURN,45,No,2016,TOYT,COROLLA,38.99132333,-77.09767,2022,11,12
220051351,Property Damage Crash,11/20/2022 12:58:00 PM,WOODFIELD RD,NA,OTHER,Clear,DRY,Daylight,N/A,NONE DETECTED,No,No Apparent Injury,N/A,NOT DISTRACTED,FL,(SPORT) UTILITY VEHICLE,MAKING LEFT TURN,45,No,2019,BUICK,TK,38.99132333,-77.09767,2022,11,12
220051339,Injury Crash,11/20/2022 12:29:00 PM,WESTLAKE TERR,NA,OTHER,Clear,DRY,Daylight,N/A,NONE DETECTED,No,Possible Minor Injury,N/A,NOT DISTRACTED,MD,TRANSIT BUS,MOVING CONSTANT SPEED,10,No,2016,GILLIG,BUS,39.02592867,-77.143908,2022,11,12
220051333,Injury Crash,11/20/2022 11:22:00 AM,WOODFIELD RD,NA,HEAD ON LEFT TURN,Clear,DRY,Daylight,NO CONTROLS,NONE DETECTED,Yes,Possible Minor Injury,N/A,NOT DISTRACTED,MD,PASSENGER CAR,MAKING LEFT TURN,35,No,2008,TOYOTA,CAMRY,39.162517,-77.15942615,2022,11,11
220051333,Injury Crash,11/20/2022 11:22:00 AM,WOODFIELD RD,NA,HEAD ON LEFT TURN,Clear,DRY,Daylight,NO CONTROLS,NONE DETECTED,No,Possible Minor Injury,N/A,NOT DISTRACTED,MD,PASSENGER CAR,MOVING CONSTANT SPEED,35,No,2009,JEEP,COMPASS,39.162517,-77.15942615,2022,11,11
220053037,Property Damage Crash,11/20/2022 10:33:00 AM,NA,NA,OTHER,Clear,NA,Daylight,N/A,NONE DETECTED,Yes,No Apparent Injury,N/A,NOT DISTRACTED,VA,VAN,BACKING,15,No,2016,FORD,TRANSIT 150,39.1741095,-77.2068825,2022,11,10
220051326,Property Damage Crash,11/20/2022 10:12:00 AM,RIO BLVD,NA,SAME DIRECTION SIDESWIPE,Clear,DRY,Daylight,N/A,NONE DETECTED,No,No Apparent Injury,N/A,NOT DISTRACTED,MD,(SPORT) UTILITY VEHICLE,MOVING CONSTANT SPEED,25,No,2022,CADI,ESCALADE,39.11810783,-77.20034867,2022,11,10
220051326,Property Damage Crash,11/20/2022 10:12:00 AM,RIO BLVD,NA,SAME DIRECTION SIDESWIPE,Clear,DRY,Daylight,N/A,NONE DETECTED,No,No Apparent Injury,N/A,NOT DISTRACTED,MD,VAN,PARKED,25,No,2016,FORD,VN,39.11810783,-77.20034867,2022,11,10
220051313,Property Damage Crash,11/20/2022 06:40:00 AM,SNOUFFERS SCHOOL RD,NA,SINGLE VEHICLE,Clear,DRY,Dark,NO CONTROLS,NONE DETECTED,Yes,No Apparent Injury,N/A,UNKNOWN,NA,PASSENGER CAR,UNKNOWN,40,No,2005,NISSAN,MAXIMA,39.16037035,-77.16142636,2022,11,6
220051306,Injury Crash,11/20/2022 04:42:00 AM,CAPITAL BELTWAY,NA,OTHER,Clear,DRY,Medium,N/A,NONE DETECTED,Yes,Possible Minor Injury,N/A,OTHER DISTRACTION,MD,PASSENGER CAR,MOVING CONSTANT SPEED,55,No,2013,HYUNDAI,SONATA,39.01846667,-76.990165,2022,11,4
220051309,Injury Crash,11/20/2022 04:39:00 AM,RAINBOW DR,NA,OTHER,Clear,DRY,Medium,NO CONTROLS,NONE DETECTED,Yes,Possible Minor Injury,N/A,UNKNOWN,MD,PASSENGER CAR,MOVING CONSTANT SPEED,25,No,2019,HONDA,ODYSSEY,39.11048167,-76.9770365,2022,11,4
220049956,Property Damage Crash,11/20/2022 04:25:00 AM,DAVIS MILL RD,NA,SINGLE VEHICLE,Rain,WET,Medium,STOP SIGN,ALCOHOL PRESENT,Yes,No Apparent Injury,"N/A, RAIN, SNOW",LOOKED BUT DID NOT SEE,MD,PASSENGER CAR,MOVING CONSTANT SPEED,30,No,2022,TOYOTA,CAMRY,39.23660333,-77.23109667,2022,11,4
220051297,Property Damage Crash,11/20/2022 01:30:00 AM,GEORGIA AVE,NA,ANGLE MEETS RIGHT TURN,Clear,DRY,Medium,FLASHING TRAFFIC SIGNAL,NONE DETECTED,Yes,No Apparent Injury,N/A,LOOKED BUT DID NOT SEE,DC,PASSENGER CAR,MAKING RIGHT TURN,35,No,2022,VOLVO,SD,38.99121167,-77.027435,2022,11,1
220051297,Property Damage Crash,11/20/2022 01:30:00 AM,GEORGIA AVE,NA,ANGLE MEETS RIGHT TURN,Clear,DRY,Medium,FLASHING TRAFFIC SIGNAL,NONE DETECTED,No,No Apparent Injury,N/A,NOT DISTRACTED,VA,PASSENGER CAR,MOVING CONSTANT SPEED,35,No,2011,HONDA,CIVIC,38.99121167,-77.027435,2022,11,1
220051288,Property Damage Crash,11/19/2022 10:54:00 PM,RAMP 4 FR MD 97 NB TO IS 495 EB,NA,SINGLE VEHICLE,Clear,DRY,Medium,NO CONTROLS,NONE DETECTED,Yes,No Apparent Injury,N/A,OTHER DISTRACTION,NC,PASSENGER CAR,MOVING CONSTANT SPEED,15,No,2013,VOLKWAGEN,JETTA,39.01283,-77.04047,2022,11,22
220051269,Property Damage Crash,11/19/2022 07:54:00 PM,SLIGO AVE,PEDESTRIAN,SINGLE VEHICLE,Clear,DRY,Medium,N/A,NONE DETECTED,No,No Apparent Injury,N/A,NOT DISTRACTED,MD,PASSENGER CAR,MOVING CONSTANT SPEED,25,No,2018,HOND,CIVIC,38.99025067,-77.0258211,2022,11,19
220051261,Injury Crash,11/19/2022 06:55:00 PM,GEORGIA AVE,NA,SAME DIR REAR END,Clear,DRY,Medium,NO CONTROLS,NONE DETECTED,No,No Apparent Injury,N/A,NOT DISTRACTED,MD,(SPORT) UTILITY VEHICLE,SLOWING OR STOPPING,35,No,2011,GMC,YUKON,39.06355063,-77.05559701,2022,11,18
220051261,Injury Crash,11/19/2022 06:55:00 PM,GEORGIA AVE,NA,SAME DIR REAR END,Clear,DRY,Medium,NO CONTROLS,NONE DETECTED,Yes,No Apparent Injury,N/A,OTHER DISTRACTION,MD,PASSENGER CAR,MOVING CONSTANT SPEED,35,No,2009,HYUNDAI,SONATA,39.06355063,-77.05559701,2022,11,18