Local Case Number,ACRS Report Type,Crash Date/Time,Road Name,Related Non-Motorist,Collision Type,Weather,Surface Condition,Light,Traffic Control,Driver Substance Abuse,Driver At Fault,Injury Severity,Circumstance,Driver Distracted By,Drivers License State,Vehicle Body Type,Vehicle Movement,Speed Limit,Driverless Vehicle,Vehicle Year,Vehicle Make,Vehicle Model,Latitude,Longitude,Year,Month,Hour
220051256,Injury Crash,11/19/2022 06:23:00 PM,KEY WEST AVE,NA,SINGLE VEHICLE,Clear,DRY,Medium,TRAFFIC SIGNAL,NONE DETECTED,Yes,Possible Minor Injury,N/A,UNKNOWN,MD,PASSENGER CAR,ACCELERATING,40,No,2022,BMW,330I,39.10104167,-77.21343833,2022,11,18
220051253,Property Damage Crash,11/19/2022 06:10:00 PM,FREDERICK RD,NA,HEAD ON LEFT TURN,Cloudy,DRY,Medium,TRAFFIC SIGNAL,NONE DETECTED,Yes,No Apparent Injury,N/A,LOOKED BUT DID NOT SEE,MD,(SPORT) UTILITY VEHICLE,MOVING CONSTANT SPEED,35,No,2019,TOYT,4RUNNER,39.19820667,-77.24482,2022,11,18
220051253,Property Damage Crash,11/19/2022 06:10:00 PM,FREDERICK RD,NA,HEAD ON LEFT TURN,Cloudy,DRY,Medium,TRAFFIC SIGNAL,NONE DETECTED,No,No Apparent Injury,N/A,NOT DISTRACTED,MD,(SPORT) UTILITY VEHICLE,MOVING CONSTANT SPEED,35,No,2013,INFI,TK,39.19820667,-77.24482,2022,11,18
220051252,Property Damage Crash,11/19/2022 05:25:00 PM,VEIRS MILL RD,NA,SAME DIR REAR END,Clear,DRY,Medium,NO CONTROLS,NONE DETECTED,No,No Apparent Injury,N/A,NOT DISTRACTED,MD,(SPORT) UTILITY VEHICLE,MOVING CONSTANT SPEED,45,No,2021,SUBARU,ASCENT,39.06241567,-77.094318,2022,11,17
220051252,Property Damage Crash,11/19/2022 05:25:00 PM,VEIRS MILL RD,NA,SAME DIR REAR END,Clear,DRY,Medium,NO CONTROLS,ALCOHOL PRESENT,Yes,No Apparent Injury,N/A,UNKNOWN,MD,PICKUP TRUCK,ACCELERATING,45,No,2017,TOYOTA,TUNDRA,39.06241567,-77.094318,2022,11,17
220051652,Property Damage Crash,11/19/2022 04:54:00 PM,ETHAN ALLEN AVE,NA,SAME DIR REAR END,Clear,DRY,Medium,TRAFFIC SIGNAL,NONE DETECTED,No,No Apparent Injury,N/A,NOT DISTRACTED,DC,PASSENGER CAR,STOPPED IN TRAFFIC LANE,0,No,2020,DODGE,JOURNEY,38.97804,-77.00599,2022,11,16
220051652,Property Damage Crash,11/19/2022 04:54:00 PM,ETHAN ALLEN AVE,NA,SAME DIR REAR END,Clear,DRY,Medium,TRAFFIC SIGNAL,NONE DETECTED,Yes,No Apparent Injury,N/A,UNKNOWN,NA,PASSENGER CAR,UNKNOWN,10,No,2013,ACURA,4S,38.97804,-77.00599,2022,11,16
220051238,Property Damage Crash,11/19/2022 04:38:00 PM,BRADLEY LA,NA,OTHER,Clear,DRY,Daylight,N/A,NONE DETECTED,Yes,No Apparent Injury,N/A,LOOKED BUT DID NOT SEE,MD,(SPORT) UTILITY VEHICLE,MAKING LEFT TURN,30,No,2021,VOLVO,XC 90,38.99139333,-77.09767333,2022,11,16
220051238,Property Damage Crash,11/19/2022 04:38:00 PM,BRADLEY LA,NA,OTHER,Clear,DRY,Daylight,N/A,NONE DETECTED,No,No Apparent Injury,N/A,NOT DISTRACTED,MD,(SPORT) UTILITY VEHICLE,MOVING CONSTANT SPEED,30,No,2021,VOLVO,XC 40,38.99139333,-77.09767333,2022,11,16
220051226,Property Damage Crash,11/19/2022 03:26:00 PM,COLESVILLE RD,NA,SAME DIRECTION SIDESWIPE,Clear,DRY,Daylight,N/A,NONE DETECTED,Yes,No Apparent Injury,N/A,UNKNOWN,MD,"CARGO VAN/LIGHT TRUCK 2 AXLES (OVER 10,000LBS (4,536 KG))",MOVING CONSTANT SPEED,35,No,2008,HINO,TK,39.02081167,-77.01221667,2022,11,15
220051226,Property Damage Crash,11/19/2022 03:26:00 PM,COLESVILLE RD,NA,SAME DIRECTION SIDESWIPE,Clear,DRY,Daylight,N/A,NONE DETECTED,No,No Apparent Injury,N/A,NOT DISTRACTED,MD,TRANSIT BUS,SLOWING OR STOPPING,35,No,2009,GILLIG,LOW FLOOR BUS,39.02081167,-77.01221667,2022,11,15
220051204,Injury Crash,11/19/2022 01:56:00 PM,COLUMBIA PIKE,NA,STRAIGHT MOVEMENT ANGLE,Clear,DRY,Daylight,TRAFFIC SIGNAL,NONE DETECTED,Yes,No Apparent Injury,N/A,UNKNOWN,MD,PASSENGER CAR,MOVING CONSTANT SPEED,50,No,2022,FORD,BRONCO SPORT,39.073005,-76.95574167,2022,11,13
220051204,Injury Crash,11/19/2022 01:56:00 PM,COLUMBIA PIKE,NA,STRAIGHT MOVEMENT ANGLE,Clear,DRY,Daylight,TRAFFIC SIGNAL,NONE DETECTED,No,No Apparent Injury,N/A,NOT DISTRACTED,MD,PASSENGER CAR,MAKING LEFT TURN,40,No,2015,NISSAN,ROGUE,39.073005,-76.95574167,2022,11,13
220051204,Injury Crash,11/19/2022 01:56:00 PM,COLUMBIA PIKE,NA,STRAIGHT MOVEMENT ANGLE,Clear,DRY,Daylight,TRAFFIC SIGNAL,NONE DETECTED,No,No Apparent Injury,N/A,NOT DISTRACTED,MD,PASSENGER CAR,MOVING CONSTANT SPEED,40,No,2014,CHEVY,MALIBU,39.073005,-76.95574167,2022,11,13
220051204,Injury Crash,11/19/2022 01:56:00 PM,COLUMBIA PIKE,NA,STRAIGHT MOVEMENT ANGLE,Clear,DRY,Daylight,TRAFFIC SIGNAL,NONE DETECTED,No,Suspected Serious Injury,N/A,NOT DISTRACTED,MD,PASSENGER CAR,MOVING CONSTANT SPEED,40,No,2019,VOLKSWAGEN,PASSAT,39.073005,-76.95574167,2022,11,13
220051243,Injury Crash,11/19/2022 12:45:00 PM,NA,PEDESTRIAN,OTHER,Clear,NA,Daylight,N/A,NONE DETECTED,Yes,No Apparent Injury,N/A,UNKNOWN,MD,PASSENGER CAR,MAKING LEFT TURN,5,No,2016,TOYOTA,COROLLA,39.05735433,-77.122377,2022,11,12
220051197,Injury Crash,11/19/2022 12:39:00 PM,W PARKHILL DR,PEDESTRIAN,OTHER,Clear,DRY,Daylight,NO CONTROLS,NONE DETECTED,No,No Apparent Injury,N/A,NOT DISTRACTED,MD,"MEDIUM/HEAVY TRUCKS 3 AXLES (OVER 10,000LBS (4,536KG))",MOVING CONSTANT SPEED,45,No,2014,MACK,LEAF TRUCK,39.00577383,-77.09149667,2022,11,12
220051187,Injury Crash,11/19/2022 11:26:00 AM,GOSHEN RD,NA,SAME DIR REAR END,Clear,DRY,Daylight,NO CONTROLS,NONE DETECTED,No,Possible Minor Injury,"N/A, VISION OBSTRUCTION (INCL. BLINDED BY SUN)",NOT DISTRACTED,MD,PASSENGER CAR,SLOWING OR STOPPING,35,No,2013,FORD,FUSION,39.16735999,-77.19152034,2022,11,11
220051187,Injury Crash,11/19/2022 11:26:00 AM,GOSHEN RD,NA,SAME DIR REAR END,Clear,DRY,Daylight,NO CONTROLS,NONE DETECTED,Yes,No Apparent Injury,"N/A, VISION OBSTRUCTION (INCL. BLINDED BY SUN)",LOOKED BUT DID NOT SEE,MD,PASSENGER CAR,MOVING CONSTANT SPEED,35,No,2007,CHEV,SILVERADO,39.16735999,-77.19152034,2022,11,11
220051184,Property Damage Crash,11/19/2022 11:20:00 AM,NA,NA,SAME DIR REND RIGHT TURN,Clear,NA,Daylight,TRAFFIC SIGNAL,NONE DETECTED,Yes,No Apparent Injury,N/A,NOT DISTRACTED,MD,PASSENGER CAR,STARTING FROM LANE,10,No,2020,MERZ,A220,38.97981517,-77.09876217,2022,11,11
220051184,Property Damage Crash,11/19/2022 11:20:00 AM,NA,NA,SAME DIR REND RIGHT TURN,Clear,NA,Daylight,TRAFFIC SIGNAL,NONE DETECTED,No,No Apparent Injury,N/A,NOT DISTRACTED,WV,"MEDIUM/HEAVY TRUCKS 3 AXLES (OVER 10,000LBS (4,536KG))",STARTING FROM LANE,10,No,2019,FREIGHTLINER,TK,38.97981517,-77.09876217,2022,11,11
220051175,Property Damage Crash,11/19/2022 10:44:00 AM,OLNEY LAYTONSVILLE RD,NA,STRAIGHT MOVEMENT ANGLE,Clear,DRY,Daylight,NO CONTROLS,NONE DETECTED,No,No Apparent Injury,N/A,NOT DISTRACTED,MD,PASSENGER CAR,MOVING CONSTANT SPEED,30,No,2022,KIA,SOUL,39.15404167,-77.0679,2022,11,10
220051175,Property Damage Crash,11/19/2022 10:44:00 AM,OLNEY LAYTONSVILLE RD,NA,STRAIGHT MOVEMENT ANGLE,Clear,DRY,Daylight,NO CONTROLS,NONE DETECTED,Yes,No Apparent Injury,N/A,LOOKED BUT DID NOT SEE,MD,PASSENGER CAR,MAKING LEFT TURN,30,No,2013,TOYOTA,PRIUS,39.15404167,-77.0679,2022,11,10
220051170,Property Damage Crash,11/19/2022 09:41:00 AM,FREDERICK RD,NA,SAME DIR REAR END,Clear,DRY,Daylight,TRAFFIC SIGNAL,NONE DETECTED,No,No Apparent Injury,N/A,NOT DISTRACTED,MD,PASSENGER CAR,STOPPED IN TRAFFIC LANE,35,No,2012,LINCOLN,SD,39.2303515,-77.35985417,2022,11,9
220051170,Property Damage Crash,11/19/2022 09:41:00 AM,FREDERICK RD,NA,SAME DIR REAR END,Clear,DRY,Daylight,TRAFFIC SIGNAL,NONE DETECTED,Yes,No Apparent Injury,N/A,LOOKED BUT DID NOT SEE,MD,TRANSIT BUS,STARTING FROM LANE,35,No,2017,GILG,BUS,39.2303515,-77.35985417,2022,11,9
220051165,Property Damage Crash,11/19/2022 08:30:00 AM,WAYNE AVE,NA,STRAIGHT MOVEMENT ANGLE,Clear,DRY,Daylight,NO CONTROLS,NONE DETECTED,Yes,No Apparent Injury,N/A,UNKNOWN,MD,POLICE VEHICLE/NON EMERGENCY,PARKING,25,No,2014,DODGE,CHARGER,38.99726333,-77.021945,2022,11,8
220051165,Property Damage Crash,11/19/2022 08:30:00 AM,WAYNE AVE,NA,STRAIGHT MOVEMENT ANGLE,Clear,DRY,Daylight,NO CONTROLS,NONE DETECTED,No,No Apparent Injury,N/A,NOT DISTRACTED,MD,"CARGO VAN/LIGHT TRUCK 2 AXLES (OVER 10,000LBS (4,536 KG))",PARKED,25,No,2014,MACK,TK,38.99726333,-77.021945,2022,11,8
220051178,Property Damage Crash,11/19/2022 07:45:00 AM,TWINBROOK PKWY,BICYCLIST,STRAIGHT MOVEMENT ANGLE,Clear,DRY,Daylight,TRAFFIC SIGNAL,NONE DETECTED,No,No Apparent Injury,N/A,LOOKED BUT DID NOT SEE,MD,PASSENGER CAR,MOVING CONSTANT SPEED,25,No,2011,SUBARU,4DR,39.05880939,-77.11901631,2022,11,7
220051154,Injury Crash,11/19/2022 05:55:00 AM,FREDERICK RD,NA,STRAIGHT MOVEMENT ANGLE,Clear,DRY,Medium,TRAFFIC SIGNAL,NONE DETECTED,Yes,No Apparent Injury,N/A,UNKNOWN,MD,PASSENGER CAR,MOVING CONSTANT SPEED,35,No,1998,HONDA,ACCORD,39.15240488,-77.21186284,2022,11,5
220051154,Injury Crash,11/19/2022 05:55:00 AM,FREDERICK RD,NA,STRAIGHT MOVEMENT ANGLE,Clear,DRY,Medium,TRAFFIC SIGNAL,NONE DETECTED,No,No Apparent Injury,N/A,NOT DISTRACTED,MD,PASSENGER CAR,MOVING CONSTANT SPEED,40,No,2003,MAZDA,TRIBUTE,39.15240488,-77.21186284,2022,11,5
220051153,Property Damage Crash,11/19/2022 05:48:00 AM,COLESVILLE RD,NA,SINGLE VEHICLE,Clear,DRY,Medium,UNKNOWN,NONE DETECTED,Yes,No Apparent Injury,N/A,INATTENTIVE OR LOST IN THOUGHT,DC,PASSENGER CAR,MOVING CONSTANT SPEED,35,No,2007,TOYOTA,SOLARA,39.02023969,-77.0125841,2022,11,5
220051146,Property Damage Crash,11/19/2022 03:30:00 AM,PHILADELPHIA AVE,NA,SINGLE VEHICLE,Clear,DRY,Medium,N/A,NONE DETECTED,Yes,No Apparent Injury,N/A,UNKNOWN,MD,PASSENGER CAR,MOVING CONSTANT SPEED,15,No,2010,MERCEDES BENZ,E350,38.98309333,-77.01490833,2022,11,3
220051251,Property Damage Crash,11/19/2022 12:10:00 AM,SILVERWOOD LA,NA,OTHER,Clear,DRY,Medium,NO CONTROLS,NONE DETECTED,Yes,No Apparent Injury,N/A,NOT DISTRACTED,DC,(SPORT) UTILITY VEHICLE,BACKING,25,No,2021,JEEP,WRANGLER,38.94417681,-77.11812046,2022,11,0
220051132,Property Damage Crash,11/18/2022 11:51:00 PM,S FREDERICK RD,NA,STRAIGHT MOVEMENT ANGLE,Clear,DRY,Medium,YIELD SIGN,NONE DETECTED,No,No Apparent Injury,N/A,NOT DISTRACTED,MD,PASSENGER CAR,MOVING CONSTANT SPEED,35,No,2013,TOYT,MH,39.13427833,-77.190495,2022,11,23
220051132,Property Damage Crash,11/18/2022 11:51:00 PM,S FREDERICK RD,NA,STRAIGHT MOVEMENT ANGLE,Clear,DRY,Medium,YIELD SIGN,NONE DETECTED,Yes,No Apparent Injury,N/A,UNKNOWN,NA,PASSENGER CAR,MAKING LEFT TURN,35,No,2014,CHEV,CRUZ,39.13427833,-77.190495,2022,11,23
22051125,Property Damage Crash,11/18/2022 10:55:00 PM,ROCKVILLE PIKE,NA,SAME DIRECTION SIDESWIPE,Clear,DRY,Medium,TRAFFIC SIGNAL,ALCOHOL PRESENT,Yes,No Apparent Injury,N/A,OTHER DISTRACTION,MD,PICKUP TRUCK,MOVING CONSTANT SPEED,40,No,2009,CHEVOLET,SILVERADO,39.03047857,-77.10511425,2022,11,22
22051125,Property Damage Crash,11/18/2022 10:55:00 PM,ROCKVILLE PIKE,NA,SAME DIRECTION SIDESWIPE,Clear,DRY,Medium,TRAFFIC SIGNAL,NONE DETECTED,No,No Apparent Injury,N/A,NOT DISTRACTED,MD,PASSENGER CAR,RIGHT TURN ON RED,30,No,2015,TOYOTA,RAV4,39.03047857,-77.10511425,2022,11,22
220051120,Property Damage Crash,11/18/2022 10:25:00 PM,WATKINS MEADOW DR,NA,SINGLE VEHICLE,Clear,DRY,Dark,NO CONTROLS,NONE DETECTED,Yes,No Apparent Injury,N/A,NOT DISTRACTED,NA,PASSENGER CAR,MOVING CONSTANT SPEED,25,No,2008,LEXUS,IS250,39.19491,-77.22433333,2022,11,22
220051115,Injury Crash,11/18/2022 08:47:00 PM,BRINK RD,NA,HEAD ON,Clear,DRY,Dark,N/A,NONE DETECTED,No,Suspected Serious Injury,N/A,NOT DISTRACTED,XX,PASSENGER CAR,MOVING CONSTANT SPEED,40,No,2003,HONDA,CIVIC,39.2074245,-77.22581167,2022,11,20
220051115,Injury Crash,11/18/2022 08:47:00 PM,BRINK RD,NA,HEAD ON,Clear,DRY,Dark,N/A,ALCOHOL PRESENT,Yes,Possible Minor Injury,N/A,UNKNOWN,MD,(SPORT) UTILITY VEHICLE,PASSING,40,No,2021,TOYOTA,VENZA,39.2074245,-77.22581167,2022,11,20
220051105,Property Damage Crash,11/18/2022 08:10:00 PM,VEIRS MILL RD,NA,SAME DIRECTION SIDESWIPE,Clear,DRY,Medium,NO CONTROLS,NONE DETECTED,No,No Apparent Injury,N/A,NOT DISTRACTED,MD,PASSENGER CAR,MOVING CONSTANT SPEED,25,No,2018,TOYOTA,TACOMA,39.0396415,-77.054511,2022,11,20
220051105,Property Damage Crash,11/18/2022 08:10:00 PM,VEIRS MILL RD,NA,SAME DIRECTION SIDESWIPE,Clear,DRY,Medium,NO CONTROLS,NONE DETECTED,Yes,No Apparent Injury,N/A,UNKNOWN,MD,TRANSIT BUS,STARTING FROM LANE,25,No,2013,NEWFLYER,TBU,39.0396415,-77.054511,2022,11,20
220051102,Property Damage Crash,11/18/2022 07:58:00 PM,CLOPPER RD,NA,SAME DIR REAR END,Clear,DRY,Medium,N/A,NONE DETECTED,No,No Apparent Injury,N/A,NOT DISTRACTED,MD,PASSENGER CAR,SLOWING OR STOPPING,35,No,2016,CHEVROLET,TRAVERSE,39.14768333,-77.23409333,2022,11,19
220051102,Property Damage Crash,11/18/2022 07:58:00 PM,CLOPPER RD,NA,SAME DIR REAR END,Clear,DRY,Medium,N/A,NONE DETECTED,Yes,No Apparent Injury,N/A,UNKNOWN,DC,PASSENGER CAR,MOVING CONSTANT SPEED,35,No,2017,FORD,FUSION,39.14768333,-77.23409333,2022,11,19
220051100,Injury Crash,11/18/2022 07:20:00 PM,NORWOOD RD,NA,SAME DIR REAR END,Clear,DRY,Dark,NO CONTROLS,NONE DETECTED,No,Possible Minor Injury,N/A,NOT DISTRACTED,MD,PASSENGER CAR,MOVING CONSTANT SPEED,40,No,2016,HONDA,ACCORD,39.1071855,-77.00012767,2022,11,19
220051100,Injury Crash,11/18/2022 07:20:00 PM,NORWOOD RD,NA,SAME DIR REAR END,Clear,DRY,Dark,NO CONTROLS,NONE DETECTED,Yes,No Apparent Injury,N/A,NOT DISTRACTED,WA,PASSENGER CAR,MOVING CONSTANT SPEED,40,No,2007,TOYOTA,RAV 4,39.1071855,-77.00012767,2022,11,19
220051098,Property Damage Crash,11/18/2022 07:14:00 PM,NEW HAMPSHIRE AVE,NA,STRAIGHT MOVEMENT ANGLE,Clear,DRY,Medium,TRAFFIC SIGNAL,NONE DETECTED,No,No Apparent Injury,N/A,NOT DISTRACTED,MD,PASSENGER CAR,MOVING CONSTANT SPEED,35,No,2010,TOYOTA,COROLLA,39.01141874,-76.97903321,2022,11,19
220051098,Property Damage Crash,11/18/2022 07:14:00 PM,NEW HAMPSHIRE AVE,NA,STRAIGHT MOVEMENT ANGLE,Clear,DRY,Medium,TRAFFIC SIGNAL,ALCOHOL PRESENT,Yes,No Apparent Injury,N/A,OTHER DISTRACTION,WA,PASSENGER CAR,MAKING LEFT TURN,35,No,2008,LINCOLN,MKX,39.01141874,-76.97903321,2022,11,19
220051094,Injury Crash,11/18/2022 07:05:00 PM,OBSERVATION DR,NA,SAME DIR REAR END,Cloudy,DRY,Medium,TRAFFIC SIGNAL,NONE DETECTED,Yes,No Apparent Injury,N/A,INATTENTIVE OR LOST IN THOUGHT,MD,PASSENGER CAR,STARTING FROM PARKED,35,No,2017,CHRY,4S,39.19741333,-77.25296,2022,11,19
220051094,Injury Crash,11/18/2022 07:05:00 PM,OBSERVATION DR,NA,SAME DIR REAR END,Cloudy,DRY,Medium,TRAFFIC SIGNAL,NONE DETECTED,No,Possible Minor Injury,N/A,NOT DISTRACTED,MD,(SPORT) UTILITY VEHICLE,STOPPED IN TRAFFIC LANE,35,No,2017,HOND,PILOT,39.19741333,-77.25296,2022,11,19
220051090,Property Damage Crash,11/18/2022 06:50:00 PM,NORBECK RD,NA,SAME DIR REAR END,Clear,DRY,Medium,NO CONTROLS,NONE DETECTED,Yes,No Apparent Injury,N/A,NOT DISTRACTED,MD,PASSENGER CAR,MOVING CONSTANT SPEED,35,No,2018,CHEVY,TRAVERSE,39.10374,-77.08835667,2022,11,18
220051090,Property Damage Crash,11/18/2022 06:50:00 PM,NORBECK RD,NA,SAME DIR REAR END,Clear,DRY,Medium,NO CONTROLS,NONE DETECTED,No,No Apparent Injury,N/A,NOT DISTRACTED,MD,PASSENGER CAR,MOVING CONSTANT SPEED,35,No,2011,TOYOTA,COROLLA,39.10374,-77.08835667,2022,11,18
220051090,Property Damage Crash,11/18/2022 06:50:00 PM,NORBECK RD,NA,SAME DIR REAR END,Clear,DRY,Medium,NO CONTROLS,NONE DETECTED,No,No Apparent Injury,N/A,NOT DISTRACTED,MD,PASSENGER CAR,MOVING CONSTANT SPEED,35,No,2014,NISSAN,ROGUE,39.10374,-77.08835667,2022,11,18
220051091,Property Damage Crash,11/18/2022 06:50:00 PM,NICHOLSON LA,NA,SAME DIRECTION SIDESWIPE,Clear,DRY,Medium,TRAFFIC SIGNAL,NONE DETECTED,No,No Apparent Injury,N/A,NOT DISTRACTED,MD,"MEDIUM/HEAVY TRUCKS 3 AXLES (OVER 10,000LBS (4,536KG))",MOVING CONSTANT SPEED,35,No,2020,FREIGHTLINER,SPCO,39.044495,-77.11315167,2022,11,18
220051091,Property Damage Crash,11/18/2022 06:50:00 PM,NICHOLSON LA,NA,SAME DIRECTION SIDESWIPE,Clear,DRY,Medium,TRAFFIC SIGNAL,NONE DETECTED,Yes,No Apparent Injury,N/A,UNKNOWN,MD,(SPORT) UTILITY VEHICLE,MOVING CONSTANT SPEED,35,No,2012,HONDA,CRV,39.044495,-77.11315167,2022,11,18
220051089,Injury Crash,11/18/2022 06:48:00 PM,NA,NA,OTHER,Clear,NA,Medium,NO CONTROLS,NONE DETECTED,No,No Apparent Injury,N/A,NOT DISTRACTED,MD,PASSENGER CAR,MOVING CONSTANT SPEED,15,No,2017,FORD,F-150,39.05325965,-77.05120663,2022,11,18
220051089,Injury Crash,11/18/2022 06:48:00 PM,NA,NA,OTHER,Clear,NA,Medium,NO CONTROLS,NONE DETECTED,Yes,Possible Minor Injury,N/A,LOOKED BUT DID NOT SEE,MD,PASSENGER CAR,BACKING,15,No,2010,MERCEDES,MECURY MULAN,39.05325965,-77.05120663,2022,11,18
220051088,Property Damage Crash,11/18/2022 05:43:00 PM,NA,NA,SAME DIR BOTH LEFT TURN,Clear,NA,Medium,NO CONTROLS,NONE DETECTED,No,No Apparent Injury,N/A,NOT DISTRACTED,MD,PASSENGER CAR,N/A,0,No,2022,FORD,EXPLORER,38.9986635,-77.00349078,2022,11,17
220051088,Property Damage Crash,11/18/2022 05:43:00 PM,NA,NA,SAME DIR BOTH LEFT TURN,Clear,NA,Medium,NO CONTROLS,NONE DETECTED,Yes,No Apparent Injury,N/A,UNKNOWN,NA,PASSENGER CAR,OTHER,0,No,2013,HONA,CIVIC,38.9986635,-77.00349078,2022,11,17
220051046,Property Damage Crash,11/18/2022 03:13:00 PM,VEIRS MILL RD,NA,SAME DIR REAR END,Clear,DRY,Daylight,N/A,NONE DETECTED,Yes,No Apparent Injury,N/A,UNKNOWN,MD,PASSENGER CAR,MOVING CONSTANT SPEED,30,No,2012,HONDA,CRV,39.08120267,-77.14453017,2022,11,15
220051046,Property Damage Crash,11/18/2022 03:13:00 PM,VEIRS MILL RD,NA,SAME DIR REAR END,Clear,DRY,Daylight,N/A,NONE DETECTED,No,No Apparent Injury,N/A,NOT DISTRACTED,MD,PASSENGER CAR,SLOWING OR STOPPING,30,No,2016,TOYOTA,HIGHLANDER,39.08120267,-77.14453017,2022,11,15
220051046,Property Damage Crash,11/18/2022 03:13:00 PM,VEIRS MILL RD,NA,SAME DIR REAR END,Clear,DRY,Daylight,N/A,NONE DETECTED,No,No Apparent Injury,N/A,NOT DISTRACTED,MD,PASSENGER CAR,SLOWING OR STOPPING,30,No,2010,LEXUS,GS350,39.08120267,-77.14453017,2022,11,15
220051067,Property Damage Crash,11/18/2022 02:30:00 PM,GEORGIA AVE,NA,SAME DIR REND LEFT TURN,Clear,DRY,Daylight,NO CONTROLS,NONE DETECTED,Yes,No Apparent Injury,N/A,UNKNOWN,NA,NA,MOVING CONSTANT SPEED,25,No,0,UNKNOWN,UNKNOWN,39.04556497,-77.05205971,2022,11,14
220051067,Property Damage Crash,11/18/2022 02:30:00 PM,GEORGIA AVE,NA,SAME DIR REND LEFT TURN,Clear,DRY,Daylight,NO CONTROLS,NONE DETECTED,No,No Apparent Injury,N/A,NOT DISTRACTED,MD,PASSENGER CAR,MAKING LEFT TURN,25,No,2022,NISSAN,MAXIMA,39.04556497,-77.05205971,2022,11,14
220051045,Property Damage Crash,11/18/2022 12:52:00 PM,ADRIAN ST,NA,SAME DIRECTION SIDESWIPE,Clear,DRY,Daylight,N/A,NONE DETECTED,Yes,No Apparent Injury,N/A,UNKNOWN,NA,PASSENGER CAR,MOVING CONSTANT SPEED,35,No,2020,TOYOTA,CAMRY,39.06819924,-77.10204523,2022,11,12
220051045,Property Damage Crash,11/18/2022 12:52:00 PM,ADRIAN ST,NA,SAME DIRECTION SIDESWIPE,Clear,DRY,Daylight,N/A,NONE DETECTED,No,No Apparent Injury,N/A,NOT DISTRACTED,FL,PASSENGER CAR,MOVING CONSTANT SPEED,35,No,2019,VOLKS,BEATLE,39.06819924,-77.10204523,2022,11,12
22002017,Injury Crash,11/18/2022 11:00:00 AM,CLARKSBURG RD,NA,SAME DIR REND RIGHT TURN,Clear,DRY,Daylight,NO CONTROLS,NONE DETECTED,No,Possible Minor Injury,N/A,NOT DISTRACTED,MD,PASSENGER CAR,MAKING RIGHT TURN,35,No,2014,SUBARU,FORESTER,39.2609285,-77.27965433,2022,11,11
22002017,Injury Crash,11/18/2022 11:00:00 AM,CLARKSBURG RD,NA,SAME DIR REND RIGHT TURN,Clear,DRY,Daylight,NO CONTROLS,NONE DETECTED,Yes,No Apparent Injury,N/A,NOT DISTRACTED,MD,PASSENGER CAR,MOVING CONSTANT SPEED,35,No,2017,FORD,TK,39.2609285,-77.27965433,2022,11,11
220050990,Injury Crash,11/18/2022 10:28:00 AM,NA,PEDESTRIAN,OTHER,Clear,NA,Daylight,NO CONTROLS,NONE DETECTED,Yes,No Apparent Injury,N/A,OTHER DISTRACTION,MD,(SPORT) UTILITY VEHICLE,MAKING RIGHT TURN,5,No,2017,JEEP,GRAND CHEROKEE,39.05816833,-76.96123833,2022,11,10
220050988,Property Damage Crash,11/18/2022 09:56:00 AM,NA,NA,STRAIGHT MOVEMENT ANGLE,Clear,NA,Daylight,NO CONTROLS,NONE DETECTED,No,No Apparent Injury,N/A,NOT DISTRACTED,MD,PICKUP TRUCK,MOVING CONSTANT SPEED,0,No,2014,RAM,TK,39.1805245,-77.26955704,2022,11,9
220050988,Property Damage Crash,11/18/2022 09:56:00 AM,NA,NA,STRAIGHT MOVEMENT ANGLE,Clear,NA,Daylight,NO CONTROLS,NONE DETECTED,Yes,No Apparent Injury,N/A,LOOKED BUT DID NOT SEE,MD,PASSENGER CAR,BACKING,0,No,2013,CHEVY,CRUZ,39.1805245,-77.26955704,2022,11,9
220050982,Property Damage Crash,11/18/2022 09:00:00 AM,CRYSTAL ROCK DR,NA,STRAIGHT MOVEMENT ANGLE,Clear,DRY,Daylight,STOP SIGN,NONE DETECTED,Yes,No Apparent Injury,N/A,UNKNOWN,MD,VAN,MOVING CONSTANT SPEED,35,No,2018,FORD,PV,39.19027333,-77.26634333,2022,11,9
220050982,Property Damage Crash,11/18/2022 09:00:00 AM,CRYSTAL ROCK DR,NA,STRAIGHT MOVEMENT ANGLE,Clear,DRY,Daylight,STOP SIGN,NONE DETECTED,No,No Apparent Injury,N/A,NOT DISTRACTED,MD,PASSENGER CAR,MOVING CONSTANT SPEED,35,No,2012,TOYT,SD,39.19027333,-77.26634333,2022,11,9
220050978,Property Damage Crash,11/18/2022 08:38:00 AM,RIDGE RD,NA,SAME DIR REAR END,Clear,DRY,Daylight,TRAFFIC SIGNAL,NONE DETECTED,No,No Apparent Injury,N/A,NOT DISTRACTED,MD,PASSENGER CAR,STOPPED IN TRAFFIC LANE,30,No,2022,HYUN,IONIQ 5,39.28556167,-77.209855,2022,11,8
220050978,Property Damage Crash,11/18/2022 08:38:00 AM,RIDGE RD,NA,SAME DIR REAR END,Clear,DRY,Daylight,TRAFFIC SIGNAL,NONE DETECTED,Yes,No Apparent Injury,N/A,LOOKED BUT DID NOT SEE,MD,(SPORT) UTILITY VEHICLE,MOVING CONSTANT SPEED,30,No,2004,HOND,CRV,39.28556167,-77.209855,2022,11,8
220050978,Property Damage Crash,11/18/2022 08:38:00 AM,RIDGE RD,NA,SAME DIR REAR END,Clear,DRY,Daylight,TRAFFIC SIGNAL,NONE DETECTED,No,No Apparent Injury,N/A,NOT DISTRACTED,MD,(SPORT) UTILITY VEHICLE,STOPPED IN TRAFFIC LANE,30,No,2023,HYUN,PALISADE,39.28556167,-77.209855,2022,11,8
220050972,Property Damage Crash,11/18/2022 07:50:00 AM,FREDERICK RD,NA,OPPOSITE DIR BOTH LEFT TURN,Clear,DRY,Daylight,TRAFFIC SIGNAL,NONE DETECTED,Yes,No Apparent Injury,N/A,NOT DISTRACTED,MD,PASSENGER CAR,MAKING LEFT TURN,15,No,2016,FORD,TK,39.18385667,-77.262755,2022,11,7
220050972,Property Damage Crash,11/18/2022 07:50:00 AM,FREDERICK RD,NA,OPPOSITE DIR BOTH LEFT TURN,Clear,DRY,Daylight,TRAFFIC SIGNAL,NONE DETECTED,Yes,No Apparent Injury,N/A,NOT DISTRACTED,MD,PASSENGER CAR,MAKING LEFT TURN,15,No,2013,HYUN,4S,39.18385667,-77.262755,2022,11,7
220050963,Property Damage Crash,11/18/2022 12:25:00 AM,RAMP 5 FR IS 270 SB TO MD 927 EB,NA,SINGLE VEHICLE,Clear,DRY,Medium,NO CONTROLS,NONE DETECTED,No,No Apparent Injury,"ANIMAL, N/A",NOT DISTRACTED,MD,POLICE VEHICLE/NON EMERGENCY,MOVING CONSTANT SPEED,25,No,2020,DODGE,CHARGER,39.05566201,-77.15111162,2022,11,0
220050950,Property Damage Crash,11/17/2022 10:15:00 PM,SAM EIG HWY,NA,SAME DIRECTION LEFT TURN,Clear,DRY,Medium,N/A,NONE DETECTED,No,No Apparent Injury,N/A,NOT DISTRACTED,MD,PASSENGER CAR,MOVING CONSTANT SPEED,60,No,2016,TOYT,4S,39.0993505,-77.178505,2022,11,22