Local Case Number,ACRS Report Type,Crash Date/Time,Road Name,Related Non-Motorist,Collision Type,Weather,Surface Condition,Light,Traffic Control,Driver Substance Abuse,Driver At Fault,Injury Severity,Circumstance,Driver Distracted By,Drivers License State,Vehicle Body Type,Vehicle Movement,Speed Limit,Driverless Vehicle,Vehicle Year,Vehicle Make,Vehicle Model,Latitude,Longitude,Year,Month,Hour
220050109,Injury Crash,11/13/2022 10:26:00 AM,NEW HAMPSHIRE AVE,NA,SAME DIR REAR END,Clear,DRY,Daylight,TRAFFIC SIGNAL,NONE DETECTED,Yes,No Apparent Injury,N/A,NOT DISTRACTED,MD,STATION WAGON,MOVING CONSTANT SPEED,35,No,2018,HOND,ODYS,39.01477333,-76.977875,2022,11,10
220050109,Injury Crash,11/13/2022 10:26:00 AM,NEW HAMPSHIRE AVE,NA,SAME DIR REAR END,Clear,DRY,Daylight,TRAFFIC SIGNAL,NONE DETECTED,No,No Apparent Injury,N/A,NOT DISTRACTED,MD,(SPORT) UTILITY VEHICLE,STOPPED IN TRAFFIC LANE,0,No,2005,TOYT,RAV4,39.01477333,-76.977875,2022,11,10
220050109,Injury Crash,11/13/2022 10:26:00 AM,NEW HAMPSHIRE AVE,NA,SAME DIR REAR END,Clear,DRY,Daylight,TRAFFIC SIGNAL,NONE DETECTED,No,No Apparent Injury,N/A,NOT DISTRACTED,MD,PASSENGER CAR,STOPPED IN TRAFFIC LANE,0,No,2007,HOND,SD,39.01477333,-76.977875,2022,11,10
220050109,Injury Crash,11/13/2022 10:26:00 AM,NEW HAMPSHIRE AVE,NA,SAME DIR REAR END,Clear,DRY,Daylight,TRAFFIC SIGNAL,NONE DETECTED,No,Possible Minor Injury,N/A,NOT DISTRACTED,MD,(SPORT) UTILITY VEHICLE,STOPPED IN TRAFFIC LANE,0,No,2014,TOYT,RAV4,39.01477333,-76.977875,2022,11,10
220050103,Injury Crash,11/13/2022 07:43:00 AM,UNIVERSITY BLVD W,NA,SINGLE VEHICLE,Clear,DRY,Daylight,NO CONTROLS,NONE DETECTED,Yes,Possible Minor Injury,N/A,UNKNOWN,XX,PICKUP TRUCK,MOVING CONSTANT SPEED,35,No,2018,FORD,F-150,39.0275015,-77.02031167,2022,11,7
220050099,Property Damage Crash,11/13/2022 06:31:00 AM,AUDEN DRIVE,NA,HEAD ON,Clear,DRY,Dark,NO CONTROLS,NONE DETECTED,Yes,No Apparent Injury,N/A,LOOKED BUT DID NOT SEE,NA,PASSENGER CAR,MAKING LEFT TURN,15,No,1999,BUICK,LASABRE,39.06489,-77.05195833,2022,11,6
220050096,Property Damage Crash,11/13/2022 03:36:00 AM,NEW HAMPSHIRE AVE,NA,HEAD ON LEFT TURN,Clear,DRY,Medium,FLASHING TRAFFIC SIGNAL,NONE DETECTED,No,No Apparent Injury,N/A,NOT DISTRACTED,MD,PASSENGER CAR,MOVING CONSTANT SPEED,35,No,2015,CADILLAC,ESCALADE,39.00687495,-76.98044869,2022,11,3
220050096,Property Damage Crash,11/13/2022 03:36:00 AM,NEW HAMPSHIRE AVE,NA,HEAD ON LEFT TURN,Clear,DRY,Medium,FLASHING TRAFFIC SIGNAL,ALCOHOL PRESENT,Yes,No Apparent Injury,N/A,OTHER DISTRACTION,MD,PASSENGER CAR,MAKING LEFT TURN,35,No,2007,HONDA,RIDGELINE,39.00687495,-76.98044869,2022,11,3
220050091,Property Damage Crash,11/13/2022 02:04:00 AM,E RANDOLPH RD,NA,SINGLE VEHICLE,Clear,DRY,Medium,TRAFFIC SIGNAL,NONE DETECTED,Yes,No Apparent Injury,N/A,UNKNOWN,NA,PASSENGER CAR,UNKNOWN,35,No,2013,HONDA,CIVIC,39.062655,-76.9634,2022,11,2
220050086,Property Damage Crash,11/13/2022 12:24:00 AM,EISENHOWER MEMORIAL HWY,NA,SAME DIRECTION SIDESWIPE,Cloudy,DRY,Medium,NO CONTROLS,NONE DETECTED,No,No Apparent Injury,N/A,NOT DISTRACTED,MD,POLICE VEHICLE/EMERGENCY,PARKED,55,No,2019,FORD,INTERCEPTOR,39.144742,-77.21394667,2022,11,0
220050086,Property Damage Crash,11/13/2022 12:24:00 AM,EISENHOWER MEMORIAL HWY,NA,SAME DIRECTION SIDESWIPE,Cloudy,DRY,Medium,NO CONTROLS,ALCOHOL PRESENT,Yes,No Apparent Injury,N/A,LOOKED BUT DID NOT SEE,MD,(SPORT) UTILITY VEHICLE,MOVING CONSTANT SPEED,55,No,2021,FORD,EXPLORER,39.144742,-77.21394667,2022,11,0
220050083,Property Damage Crash,11/12/2022 11:28:00 PM,GREAT SENECA HWY,NA,SINGLE VEHICLE,Clear,DRY,Medium,NO CONTROLS,ALCOHOL PRESENT,Yes,No Apparent Injury,N/A,NOT DISTRACTED,MD,(SPORT) UTILITY VEHICLE,MOVING CONSTANT SPEED,55,No,2013,JEEP,CHEROKEE,39.14008,-77.26933667,2022,11,23
220050074,Property Damage Crash,11/12/2022 10:27:00 PM,RUSSELL AVE,NA,SAME DIR REAR END,Clear,DRY,Dark,TRAFFIC SIGNAL,ALCOHOL PRESENT,Yes,No Apparent Injury,N/A,UNKNOWN,MD,PASSENGER CAR,MOVING CONSTANT SPEED,35,No,2018,TOYOTA,COROLLA,39.15479932,-77.20896076,2022,11,22
220050074,Property Damage Crash,11/12/2022 10:27:00 PM,RUSSELL AVE,NA,SAME DIR REAR END,Clear,DRY,Dark,TRAFFIC SIGNAL,NONE DETECTED,No,No Apparent Injury,N/A,NOT DISTRACTED,MD,PASSENGER CAR,STOPPED IN TRAFFIC LANE,35,No,2010,TOYOTA,COROLLA,39.15479932,-77.20896076,2022,11,22
220050065,Injury Crash,11/12/2022 08:57:00 PM,CASTLE BLVD,NA,SAME DIRECTION SIDESWIPE,Clear,DRY,Medium,N/A,NONE DETECTED,No,Possible Minor Injury,N/A,NOT DISTRACTED,MD,PASSENGER CAR,MOVING CONSTANT SPEED,25,No,2019,HONDA,CIVIC,39.08141233,-76.94581867,2022,11,20
220050065,Injury Crash,11/12/2022 08:57:00 PM,CASTLE BLVD,NA,SAME DIRECTION SIDESWIPE,Clear,DRY,Medium,N/A,NONE DETECTED,Yes,No Apparent Injury,N/A,UNKNOWN,NA,UNKNOWN,STARTING FROM LANE,25,No,0,UNKNOWN,UNKNOWN,39.08141233,-76.94581867,2022,11,20
220050063,Property Damage Crash,11/12/2022 08:38:00 PM,GREAT SENECA HWY,NA,HEAD ON LEFT TURN,Clear,DRY,Medium,TRAFFIC SIGNAL,NONE DETECTED,Yes,No Apparent Injury,N/A,NOT DISTRACTED,MD,PASSENGER CAR,MAKING LEFT TURN,45,No,2015,VOLKS,JETTA,39.14628167,-77.27464167,2022,11,20
220050063,Property Damage Crash,11/12/2022 08:38:00 PM,GREAT SENECA HWY,NA,HEAD ON LEFT TURN,Clear,DRY,Medium,TRAFFIC SIGNAL,NONE DETECTED,Yes,No Apparent Injury,N/A,NOT DISTRACTED,MD,PASSENGER CAR,ACCELERATING,55,No,2013,ACUR,SD,39.14628167,-77.27464167,2022,11,20
220050057,Property Damage Crash,11/12/2022 07:40:00 PM,MONTGOMERY VILLAGE AVE,NA,SINGLE VEHICLE,Clear,DRY,Medium,NO CONTROLS,NONE DETECTED,Unknown,No Apparent Injury,N/A,UNKNOWN,NA,PASSENGER CAR,UNKNOWN,35,No,2006,MAZDA,RX8,39.17808083,-77.20211417,2022,11,19
220050049,Property Damage Crash,11/12/2022 06:30:00 PM,NEW HAMPSHIRE AVE,NA,STRAIGHT MOVEMENT ANGLE,Clear,DRY,Medium,TRAFFIC SIGNAL,NONE DETECTED,No,No Apparent Injury,N/A,NOT DISTRACTED,MD,PASSENGER CAR,MOVING CONSTANT SPEED,35,No,2017,TOYOTA,RAV4,39.02961833,-76.98372,2022,11,18
220050049,Property Damage Crash,11/12/2022 06:30:00 PM,NEW HAMPSHIRE AVE,NA,STRAIGHT MOVEMENT ANGLE,Clear,DRY,Medium,TRAFFIC SIGNAL,NONE DETECTED,Yes,No Apparent Injury,N/A,NOT DISTRACTED,MD,PASSENGER CAR,MAKING LEFT TURN,35,No,2002,TOYOTA,4RUNNER,39.02961833,-76.98372,2022,11,18
220050045,Injury Crash,11/12/2022 06:03:00 PM,NEW HAMPSHIRE AVE,NA,STRAIGHT MOVEMENT ANGLE,Clear,DRY,Medium,TRAFFIC SIGNAL,NONE DETECTED,No,Possible Minor Injury,N/A,NOT DISTRACTED,MD,PASSENGER CAR,MOVING CONSTANT SPEED,40,No,2019,TOYOTA,CAMRY,39.06161661,-76.998335,2022,11,18
220050045,Injury Crash,11/12/2022 06:03:00 PM,NEW HAMPSHIRE AVE,NA,STRAIGHT MOVEMENT ANGLE,Clear,DRY,Medium,TRAFFIC SIGNAL,NONE DETECTED,Yes,Possible Minor Injury,N/A,LOOKED BUT DID NOT SEE,MD,PASSENGER CAR,MAKING LEFT TURN,40,No,2020,FORD,EXPLORER,39.06161661,-76.998335,2022,11,18
220050042,Injury Crash,11/12/2022 05:35:00 PM,RESEARCH BLVD,NA,SAME DIR REAR END,Clear,DRY,Medium,TRAFFIC SIGNAL,NONE DETECTED,No,No Apparent Injury,N/A,NOT DISTRACTED,VA,PASSENGER CAR,SLOWING OR STOPPING,30,No,2017,RANGE ROVER,SUV,39.0910765,-77.1789865,2022,11,17
220050042,Injury Crash,11/12/2022 05:35:00 PM,RESEARCH BLVD,NA,SAME DIR REAR END,Clear,DRY,Medium,TRAFFIC SIGNAL,DRUG PRESENT,Yes,Possible Minor Injury,N/A,UNKNOWN,MD,PASSENGER CAR,SLOWING OR STOPPING,30,No,2020,FORD,PK,39.0910765,-77.1789865,2022,11,17
220050033,Property Damage Crash,11/12/2022 04:53:00 PM,ARLISS ST,NA,OTHER,Clear,DRY,Daylight,NO CONTROLS,ALCOHOL PRESENT,Yes,No Apparent Injury,N/A,UNKNOWN,MD,PASSENGER CAR,MOVING CONSTANT SPEED,30,No,2017,CHEVY,CRUZE,38.99938459,-77.0013825,2022,11,16
220050036,Injury Crash,11/12/2022 04:46:00 PM,SHADY GROVE RD,NA,STRAIGHT MOVEMENT ANGLE,Cloudy,DRY,Daylight,TRAFFIC SIGNAL,NONE DETECTED,Unknown,No Apparent Injury,N/A,UNKNOWN,MD,(SPORT) UTILITY VEHICLE,STARTING FROM LANE,30,No,2019,NISSAN,ROGUE,39.104977,-77.19076583,2022,11,16
220050036,Injury Crash,11/12/2022 04:46:00 PM,SHADY GROVE RD,NA,STRAIGHT MOVEMENT ANGLE,Cloudy,DRY,Daylight,TRAFFIC SIGNAL,NONE DETECTED,Unknown,No Apparent Injury,N/A,UNKNOWN,MD,(SPORT) UTILITY VEHICLE,MOVING CONSTANT SPEED,40,No,2012,CHEVROLET,TAHOE,39.104977,-77.19076583,2022,11,16
220050032,Property Damage Crash,11/12/2022 04:41:00 PM,DEMOCRACY BLVD,NA,SAME DIR REAR END,Clear,DRY,Daylight,TRAFFIC SIGNAL,NONE DETECTED,No,No Apparent Injury,N/A,NOT DISTRACTED,MD,PASSENGER CAR,STOPPED IN TRAFFIC LANE,35,No,2017,HONDA,PILOT,39.02163133,-77.14073083,2022,11,16
220050032,Property Damage Crash,11/12/2022 04:41:00 PM,DEMOCRACY BLVD,NA,SAME DIR REAR END,Clear,DRY,Daylight,TRAFFIC SIGNAL,NONE DETECTED,No,No Apparent Injury,N/A,NOT DISTRACTED,MD,PASSENGER CAR,STOPPED IN TRAFFIC LANE,35,No,2005,TOYOTA,AVALON,39.02163133,-77.14073083,2022,11,16
220050032,Property Damage Crash,11/12/2022 04:41:00 PM,DEMOCRACY BLVD,NA,SAME DIR REAR END,Clear,DRY,Daylight,TRAFFIC SIGNAL,NONE DETECTED,Yes,No Apparent Injury,N/A,LOOKED BUT DID NOT SEE,MD,PASSENGER CAR,MOVING CONSTANT SPEED,35,No,2009,SUBARU,AURA,39.02163133,-77.14073083,2022,11,16
220050030,Property Damage Crash,11/12/2022 04:11:00 PM,COLESVILLE RD,NA,SAME DIRECTION LEFT TURN,Clear,DRY,Daylight,N/A,NONE DETECTED,No,No Apparent Injury,N/A,NOT DISTRACTED,DC,PASSENGER CAR,MOVING CONSTANT SPEED,35,No,2009,TOYOTA,COROLLA,38.99763333,-77.02751,2022,11,16
220050030,Property Damage Crash,11/12/2022 04:11:00 PM,COLESVILLE RD,NA,SAME DIRECTION LEFT TURN,Clear,DRY,Daylight,N/A,NONE DETECTED,Yes,No Apparent Injury,N/A,LOOKED BUT DID NOT SEE,VA,PASSENGER CAR,MOVING CONSTANT SPEED,35,No,2012,CHRYSLER,300,38.99763333,-77.02751,2022,11,16
220050025,Property Damage Crash,11/12/2022 03:34:00 PM,NEW HAMPSHIRE AVE,NA,SAME DIR REAR END,Clear,DRY,Daylight,FLASHING TRAFFIC SIGNAL,NONE DETECTED,Yes,No Apparent Injury,N/A,OTHER DISTRACTION,GA,PASSENGER CAR,MOVING CONSTANT SPEED,35,No,2022,CHEVROLET,MALIBU,38.98106155,-77.00592471,2022,11,15
220050025,Property Damage Crash,11/12/2022 03:34:00 PM,NEW HAMPSHIRE AVE,NA,SAME DIR REAR END,Clear,DRY,Daylight,FLASHING TRAFFIC SIGNAL,NONE DETECTED,No,No Apparent Injury,N/A,NOT DISTRACTED,MD,PASSENGER CAR,SLOWING OR STOPPING,35,No,2019,TOYOTA,HIGHLANDER,38.98106155,-77.00592471,2022,11,15
220050020,Property Damage Crash,11/12/2022 03:30:00 PM,LOCKDALE RD,NA,SAME DIR REAR END,Clear,DRY,Daylight,NO CONTROLS,NONE DETECTED,Yes,No Apparent Injury,N/A,NOT DISTRACTED,MD,LOW SPEED VEHICLE,BACKING,25,No,2000,FORD,SPORT,39.082285,-77.041515,2022,11,15
22001989,Property Damage Crash,11/12/2022 02:30:00 PM,EISENHOWER MEMORIAL HWY,NA,SAME DIRECTION SIDESWIPE,Clear,DRY,Daylight,OTHER,NONE DETECTED,Yes,No Apparent Injury,N/A,LOOKED BUT DID NOT SEE,MD,(SPORT) UTILITY VEHICLE,CHANGING LANES,55,No,2002,TOYOTA,RAV4,39.03640735,-77.14498074,2022,11,14
22001989,Property Damage Crash,11/12/2022 02:30:00 PM,EISENHOWER MEMORIAL HWY,NA,SAME DIRECTION SIDESWIPE,Clear,DRY,Daylight,OTHER,NONE DETECTED,No,No Apparent Injury,N/A,NOT DISTRACTED,MD,POLICE VEHICLE/NON EMERGENCY,MOVING CONSTANT SPEED,55,No,2013,DODGE,CHARGER,39.03640735,-77.14498074,2022,11,14
220050051,Property Damage Crash,11/12/2022 01:50:00 PM,NA,NA,OTHER,Cloudy,NA,Daylight,N/A,NONE DETECTED,Yes,No Apparent Injury,N/A,UNKNOWN,MD,(SPORT) UTILITY VEHICLE,BACKING,15,No,2017,JEEP,PATRIOT,39.02514013,-77.12442913,2022,11,13
220050004,Property Damage Crash,11/12/2022 01:25:00 PM,HARDING DR,NA,SAME DIRECTION RIGHT TURN,Clear,DRY,Daylight,NO CONTROLS,NONE DETECTED,Yes,No Apparent Injury,N/A,NOT DISTRACTED,MD,PASSENGER CAR,PASSING,25,No,2021,TOYOTA,CHR,39.02177383,-77.01815367,2022,11,13
220050004,Property Damage Crash,11/12/2022 01:25:00 PM,HARDING DR,NA,SAME DIRECTION RIGHT TURN,Clear,DRY,Daylight,NO CONTROLS,NONE DETECTED,No,No Apparent Injury,N/A,NOT DISTRACTED,MD,"MEDIUM/HEAVY TRUCKS 3 AXLES (OVER 10,000LBS (4,536KG))",STOPPED IN TRAFFIC LANE,25,No,2017,MACK,GU712,39.02177383,-77.01815367,2022,11,13
220049997,Property Damage Crash,11/12/2022 12:57:00 PM,PLYERS MILL RD,NA,SAME DIRECTION SIDESWIPE,Clear,DRY,Daylight,TRAFFIC SIGNAL,NONE DETECTED,No,No Apparent Injury,N/A,NOT DISTRACTED,MD,PASSENGER CAR,STOPPED IN TRAFFIC LANE,30,No,2015,CHEVY,TAHOE,39.029714,-77.07524633,2022,11,12
220049997,Property Damage Crash,11/12/2022 12:57:00 PM,PLYERS MILL RD,NA,SAME DIRECTION SIDESWIPE,Clear,DRY,Daylight,TRAFFIC SIGNAL,NONE DETECTED,Yes,No Apparent Injury,N/A,NOT DISTRACTED,MD,PASSENGER CAR,MAKING LEFT TURN,30,No,2022,DODGE,CHARGER,39.029714,-77.07524633,2022,11,12
220049995,Property Damage Crash,11/12/2022 12:11:00 PM,WOOTTON PKWY,NA,HEAD ON LEFT TURN,Clear,DRY,Daylight,TRAFFIC SIGNAL,NONE DETECTED,No,No Apparent Injury,N/A,NOT DISTRACTED,MD,PASSENGER CAR,MOVING CONSTANT SPEED,35,No,2021,TESL,UT,39.06679957,-77.16143881,2022,11,12
220049995,Property Damage Crash,11/12/2022 12:11:00 PM,WOOTTON PKWY,NA,HEAD ON LEFT TURN,Clear,DRY,Daylight,TRAFFIC SIGNAL,NONE DETECTED,Yes,No Apparent Injury,N/A,NOT DISTRACTED,MD,PASSENGER CAR,MOVING CONSTANT SPEED,35,No,2008,KIA,SW,39.06679957,-77.16143881,2022,11,12
220049979,Property Damage Crash,11/12/2022 09:32:00 AM,DALE DR,NA,SAME DIRECTION SIDESWIPE,Clear,DRY,Daylight,PERSON,NONE DETECTED,No,No Apparent Injury,N/A,NOT DISTRACTED,MD,"MEDIUM/HEAVY TRUCKS 3 AXLES (OVER 10,000LBS (4,536KG))",BACKING,30,No,2021,KENTWORTH,T880,39.00785333,-77.03473,2022,11,9
220049979,Property Damage Crash,11/12/2022 09:32:00 AM,DALE DR,NA,SAME DIRECTION SIDESWIPE,Clear,DRY,Daylight,PERSON,NONE DETECTED,Yes,No Apparent Injury,N/A,UNKNOWN,MD,PASSENGER CAR,MOVING CONSTANT SPEED,30,No,2004,TOYOTA,COROLLA,39.00785333,-77.03473,2022,11,9
220049975,Property Damage Crash,11/12/2022 08:56:00 AM,UNIVERSITY BLVD W,NA,STRAIGHT MOVEMENT ANGLE,Clear,DRY,Daylight,NO CONTROLS,NONE DETECTED,No,No Apparent Injury,N/A,NOT DISTRACTED,MD,(SPORT) UTILITY VEHICLE,MOVING CONSTANT SPEED,35,No,2014,FORD,ESCAPE,39.0417235,-77.0505325,2022,11,8
220049975,Property Damage Crash,11/12/2022 08:56:00 AM,UNIVERSITY BLVD W,NA,STRAIGHT MOVEMENT ANGLE,Clear,DRY,Daylight,NO CONTROLS,NONE DETECTED,Yes,No Apparent Injury,N/A,LOOKED BUT DID NOT SEE,XX,PASSENGER CAR,MOVING CONSTANT SPEED,35,No,2015,GMC,TK,39.0417235,-77.0505325,2022,11,8
220049966,Injury Crash,11/12/2022 07:55:00 AM,CLOPPER RD,NA,STRAIGHT MOVEMENT ANGLE,Clear,WET,Daylight,TRAFFIC SIGNAL,NONE DETECTED,Unknown,Possible Minor Injury,"N/A, WET",NOT DISTRACTED,MD,PASSENGER CAR,MAKING LEFT TURN,35,No,2015,TOYT,COROLLA,39.14363612,-77.2237368,2022,11,7
220049966,Injury Crash,11/12/2022 07:55:00 AM,CLOPPER RD,NA,STRAIGHT MOVEMENT ANGLE,Clear,WET,Daylight,TRAFFIC SIGNAL,NONE DETECTED,Unknown,No Apparent Injury,"N/A, WET",NOT DISTRACTED,MD,PASSENGER CAR,MOVING CONSTANT SPEED,35,No,2013,NISSAN,ALTIMA,39.14363612,-77.2237368,2022,11,7
220049962,Property Damage Crash,11/12/2022 07:10:00 AM,PRINCE PHILIP DR,NA,SINGLE VEHICLE,Clear,WET,Daylight,NO CONTROLS,NONE DETECTED,Yes,No Apparent Injury,N/A,NOT DISTRACTED,MD,PASSENGER CAR,NEGOTIATING A CURVE,30,No,2010,NISSAN,SENTRA,39.14304,-77.05911667,2022,11,7
220049958,Property Damage Crash,11/12/2022 05:25:00 AM,WHITE GROUNDS RD,NA,SINGLE VEHICLE,Rain,WET,Dark,NO CONTROLS,NONE DETECTED,Yes,No Apparent Injury,"RAIN, SNOW, WET",NOT DISTRACTED,MD,(SPORT) UTILITY VEHICLE,MOVING CONSTANT SPEED,25,No,2011,KIA,SORENTO,39.16709333,-77.33481,2022,11,5
220049953,Property Damage Crash,11/12/2022 03:45:00 AM,WHELAN LA,NA,SINGLE VEHICLE,Cloudy,WET,Dark,NO CONTROLS,NONE DETECTED,No,No Apparent Injury,"N/A, WET",NOT DISTRACTED,MD,POLICE VEHICLE/NON EMERGENCY,MOVING CONSTANT SPEED,35,No,2018,FORD,TAURUS,39.23794867,-77.29138383,2022,11,3
220049951,Property Damage Crash,11/12/2022 03:00:00 AM,RANDOLPH RD,NA,SINGLE VEHICLE,Rain,WET,Medium,N/A,NONE DETECTED,Yes,No Apparent Injury,"RAIN, SNOW, WET",NOT DISTRACTED,NY,PASSENGER CAR,MOVING CONSTANT SPEED,35,No,2004,VOLV,4S,39.05351667,-77.089185,2022,11,3
220049943,Property Damage Crash,11/12/2022 12:44:00 AM,EDNOR RD,NA,SINGLE VEHICLE,Rain,WET,Medium,NO CONTROLS,NONE DETECTED,Yes,No Apparent Injury,"RAIN, SNOW, WET",UNKNOWN,MD,PASSENGER CAR,MOVING CONSTANT SPEED,35,No,2007,MAZDA,3,39.12911117,-77.01391567,2022,11,0
220049938,Injury Crash,11/12/2022 12:17:00 AM,COLESVILLE RD,NA,SINGLE VEHICLE,Rain,WET,Medium,TRAFFIC SIGNAL,NONE DETECTED,Yes,Possible Minor Injury,"SLEET, HAIL, FREEZ. RAIN, WET",NOT DISTRACTED,MD,PASSENGER CAR,MOVING CONSTANT SPEED,35,No,2007,TOYOTA,CAMRY,39.0087,-77.01867,2022,11,0
220049933,Property Damage Crash,11/11/2022 11:55:00 PM,TECH RD,NA,SAME DIR REAR END,Rain,WET,Medium,TRAFFIC SIGNAL,ALCOHOL PRESENT,Yes,No Apparent Injury,"N/A, WET",UNKNOWN,MD,PASSENGER CAR,MOVING CONSTANT SPEED,30,No,2008,TOYOTA,SIENNA,39.05772,-76.96765,2022,11,23
220049933,Property Damage Crash,11/11/2022 11:55:00 PM,TECH RD,NA,SAME DIR REAR END,Rain,WET,Medium,TRAFFIC SIGNAL,NONE DETECTED,No,No Apparent Injury,"N/A, WET",NOT DISTRACTED,MD,PASSENGER CAR,STOPPED IN TRAFFIC LANE,30,No,2019,TOYOTA,HIGHLANDER,39.05772,-76.96765,2022,11,23
220050574,Property Damage Crash,11/11/2022 09:00:00 PM,MUNCASTER MILL RD,NA,SAME DIRECTION RIGHT TURN,Clear,DRY,Dark,N/A,NONE DETECTED,Yes,No Apparent Injury,N/A,UNKNOWN,NA,PASSENGER CAR,ACCELERATING,35,No,2012,TOYOTA,COROLLA,39.124351,-77.115583,2022,11,21
220050574,Property Damage Crash,11/11/2022 09:00:00 PM,MUNCASTER MILL RD,NA,SAME DIRECTION RIGHT TURN,Clear,DRY,Dark,N/A,NONE DETECTED,No,No Apparent Injury,N/A,NOT DISTRACTED,MD,PASSENGER CAR,MOVING CONSTANT SPEED,35,No,2016,TOYOTA,COROLLA,39.124351,-77.115583,2022,11,21
220049917,Property Damage Crash,11/11/2022 08:45:00 PM,COLESVILLE RD,NA,STRAIGHT MOVEMENT ANGLE,Rain,WET,Medium,TRAFFIC SIGNAL,NONE DETECTED,No,No Apparent Injury,"N/A, WET",NOT DISTRACTED,MD,PASSENGER CAR,MOVING CONSTANT SPEED,30,No,2017,HONDA,CIVIC,39.02031833,-77.01246833,2022,11,20
220049917,Property Damage Crash,11/11/2022 08:45:00 PM,COLESVILLE RD,NA,STRAIGHT MOVEMENT ANGLE,Rain,WET,Medium,TRAFFIC SIGNAL,NONE DETECTED,Yes,No Apparent Injury,"N/A, WET",NOT DISTRACTED,MD,PASSENGER CAR,MOVING CONSTANT SPEED,35,No,2014,TOYOTA,CAMRY,39.02031833,-77.01246833,2022,11,20
220049899,Property Damage Crash,11/11/2022 05:46:00 PM,ROCKVILLE PIKE,NA,SAME DIR REAR END,Rain,WET,Medium,NO CONTROLS,NONE DETECTED,No,No Apparent Injury,"N/A, WET",NOT DISTRACTED,MD,PICKUP TRUCK,SLOWING OR STOPPING,40,No,2004,TOYT,TACOMA,39.0546,-77.1179,2022,11,17
220049899,Property Damage Crash,11/11/2022 05:46:00 PM,ROCKVILLE PIKE,NA,SAME DIR REAR END,Rain,WET,Medium,NO CONTROLS,NONE DETECTED,Yes,No Apparent Injury,"N/A, WET",LOOKED BUT DID NOT SEE,MD,PASSENGER CAR,MOVING CONSTANT SPEED,40,No,2020,HYUN,ELANTRA,39.0546,-77.1179,2022,11,17
220049900,Injury Crash,11/11/2022 05:22:00 PM,KEY WEST AVE,NA,SINGLE VEHICLE,Clear,WET,Medium,NO CONTROLS,DRUG PRESENT,Yes,Suspected Serious Injury,N/A,OTHER DISTRACTION,MD,VAN,MOVING CONSTANT SPEED,40,No,2017,CHEV,G2500,39.10218353,-77.20972197,2022,11,17
220049894,Property Damage Crash,11/11/2022 04:38:00 PM,VEIRS MILL RD,NA,SAME DIR REAR END,Rain,WET,Medium,NO CONTROLS,NONE DETECTED,Yes,No Apparent Injury,"N/A, WET",NOT DISTRACTED,MD,PICKUP TRUCK,SLOWING OR STOPPING,40,No,2005,FORD,F-150,39.077226,-77.124718,2022,11,16
220049894,Property Damage Crash,11/11/2022 04:38:00 PM,VEIRS MILL RD,NA,SAME DIR REAR END,Rain,WET,Medium,NO CONTROLS,NONE DETECTED,No,No Apparent Injury,"N/A, WET",NOT DISTRACTED,MD,VAN,SLOWING OR STOPPING,40,No,2018,TOYOTA,SIENNA,39.077226,-77.124718,2022,11,16
220049894,Property Damage Crash,11/11/2022 04:38:00 PM,VEIRS MILL RD,NA,SAME DIR REAR END,Rain,WET,Medium,NO CONTROLS,NONE DETECTED,No,No Apparent Injury,"N/A, WET",NOT DISTRACTED,MD,PASSENGER CAR,STOPPED IN TRAFFIC LANE,40,No,2021,CHEVROLET,TRAVERSE,39.077226,-77.124718,2022,11,16
220049896,Property Damage Crash,11/11/2022 04:37:00 PM,NEW HAMPSHIRE AVE,NA,SAME DIR REAR END,Rain,N/A,Daylight,N/A,NONE DETECTED,Yes,No Apparent Injury,"RAIN, SNOW, WET",UNKNOWN,NA,PASSENGER CAR,MOVING CONSTANT SPEED,40,No,2006,HONDA,CIVIC,39.01919133,-76.97658733,2022,11,16
220049896,Property Damage Crash,11/11/2022 04:37:00 PM,NEW HAMPSHIRE AVE,NA,SAME DIR REAR END,Rain,N/A,Daylight,N/A,NONE DETECTED,No,No Apparent Injury,"RAIN, SNOW, WET",NOT DISTRACTED,MD,PASSENGER CAR,SLOWING OR STOPPING,40,No,2017,TOYT,TK,39.01919133,-76.97658733,2022,11,16
220049891,Property Damage Crash,11/11/2022 04:15:00 PM,HILLSDALE DR,NA,OPPOSITE DIR BOTH LEFT TURN,Rain,WET,Daylight,NO CONTROLS,NONE DETECTED,Yes,No Apparent Injury,"SLEET, HAIL, FREEZ. RAIN, WET",LOOKED BUT DID NOT SEE,MD,SCHOOL BUS,MAKING LEFT TURN,25,No,2013,THOMAS,BUS,39.03930333,-77.06054667,2022,11,16
220049885,Property Damage Crash,11/11/2022 03:20:00 PM,COLUMBIA PIKE,NA,SAME DIR REAR END,Rain,WET,Daylight,TRAFFIC SIGNAL,NONE DETECTED,No,No Apparent Injury,"RAIN, SNOW, WET",NOT DISTRACTED,MD,PASSENGER CAR,SLOWING OR STOPPING,50,No,2022,LEXUS,SUBN,39.07371833,-76.95561,2022,11,15
220049885,Property Damage Crash,11/11/2022 03:20:00 PM,COLUMBIA PIKE,NA,SAME DIR REAR END,Rain,WET,Daylight,TRAFFIC SIGNAL,NONE DETECTED,Yes,No Apparent Injury,"RAIN, SNOW, WET",LOOKED BUT DID NOT SEE,MD,PASSENGER CAR,SLOWING OR STOPPING,50,No,1999,BMW,SD,39.07371833,-76.95561,2022,11,15
220049881,Property Damage Crash,11/11/2022 02:50:00 PM,FATHER HURLEY BLVD,NA,STRAIGHT MOVEMENT ANGLE,Rain,WET,Daylight,TRAFFIC SIGNAL,NONE DETECTED,No,No Apparent Injury,"RAIN, SNOW, WET",NOT DISTRACTED,MD,PASSENGER CAR,ACCELERATING,35,No,2012,KIA,FORTE,39.19346167,-77.26997667,2022,11,14
220049881,Property Damage Crash,11/11/2022 02:50:00 PM,FATHER HURLEY BLVD,NA,STRAIGHT MOVEMENT ANGLE,Rain,WET,Daylight,TRAFFIC SIGNAL,NONE DETECTED,Yes,No Apparent Injury,"RAIN, SNOW, WET",NOT DISTRACTED,DC,PASSENGER CAR,MOVING CONSTANT SPEED,35,No,2022,MITS,MIRAGE,39.19346167,-77.26997667,2022,11,14
220049880,Property Damage Crash,11/11/2022 02:45:00 PM,GEORGIA AVE,NA,SAME DIR REAR END,Rain,WET,Daylight,NO CONTROLS,NONE DETECTED,No,No Apparent Injury,"RAIN, SNOW, WET",NOT DISTRACTED,MD,PASSENGER CAR,SLOWING OR STOPPING,35,No,2019,VOLK,JETTA,39.05416676,-77.05056542,2022,11,14
220049880,Property Damage Crash,11/11/2022 02:45:00 PM,GEORGIA AVE,NA,SAME DIR REAR END,Rain,WET,Daylight,NO CONTROLS,NONE DETECTED,Yes,No Apparent Injury,"RAIN, SNOW, WET",UNKNOWN,MD,PASSENGER CAR,SLOWING OR STOPPING,35,No,1997,JEEP,JEEP,39.05416676,-77.05056542,2022,11,14
220049868,Injury Crash,11/11/2022 02:00:00 PM,CENTERWAY RD,NA,HEAD ON LEFT TURN,Rain,WET,Daylight,TRAFFIC SIGNAL,NONE DETECTED,No,No Apparent Injury,"RAIN, SNOW, WET",NOT DISTRACTED,MD,(SPORT) UTILITY VEHICLE,MAKING LEFT TURN,35,No,2020,CHRYSLER,VOYAYER,39.16950333,-77.19076,2022,11,14