Local Case Number,ACRS Report Type,Crash Date/Time,Road Name,Related Non-Motorist,Collision Type,Weather,Surface Condition,Light,Traffic Control,Driver Substance Abuse,Driver At Fault,Injury Severity,Circumstance,Driver Distracted By,Drivers License State,Vehicle Body Type,Vehicle Movement,Speed Limit,Driverless Vehicle,Vehicle Year,Vehicle Make,Vehicle Model,Latitude,Longitude,Year,Month,Hour
220049868,Injury Crash,11/11/2022 02:00:00 PM,CENTERWAY RD,NA,HEAD ON LEFT TURN,Rain,WET,Daylight,TRAFFIC SIGNAL,NONE DETECTED,Yes,No Apparent Injury,"RAIN, SNOW, WET",UNKNOWN,MD,PASSENGER CAR,MOVING CONSTANT SPEED,35,No,2013,HYUNDAI,ELANTRA,39.16950333,-77.19076,2022,11,14
220049870,Injury Crash,11/11/2022 01:53:00 PM,FERNHILL RD,NA,STRAIGHT MOVEMENT ANGLE,Rain,WET,Daylight,NO CONTROLS,NONE DETECTED,Yes,Possible Minor Injury,N/A,UNKNOWN,MD,PASSENGER CAR,UNKNOWN,25,No,2001,HONDA,CIVIC,39.04628637,-77.0859236,2022,11,13
220049870,Injury Crash,11/11/2022 01:53:00 PM,FERNHILL RD,NA,STRAIGHT MOVEMENT ANGLE,Rain,WET,Daylight,NO CONTROLS,NONE DETECTED,Yes,Possible Minor Injury,N/A,UNKNOWN,MD,PASSENGER CAR,MOVING CONSTANT SPEED,25,No,2018,TOYOTA,CAMRY,39.04628637,-77.0859236,2022,11,13
220049865,Property Damage Crash,11/11/2022 01:25:00 PM,NA,NA,SINGLE VEHICLE,Rain,NA,Daylight,NO CONTROLS,NONE DETECTED,Yes,No Apparent Injury,"RAIN, SNOW, WET",LOOKED BUT DID NOT SEE,MD,POLICE VEHICLE/NON EMERGENCY,BACKING,15,No,2014,DODGE,CHARGER,39.03737999,-77.05528033,2022,11,13
220049860,Injury Crash,11/11/2022 12:59:00 PM,FATHER HURLEY BLVD,NA,HEAD ON LEFT TURN,Rain,WET,Daylight,TRAFFIC SIGNAL,NONE DETECTED,No,Possible Minor Injury,"N/A, WET",NOT DISTRACTED,MD,PICKUP TRUCK,MOVING CONSTANT SPEED,35,No,2020,GMC,SIERRA,39.169305,-77.28265167,2022,11,12
220049860,Injury Crash,11/11/2022 12:59:00 PM,FATHER HURLEY BLVD,NA,HEAD ON LEFT TURN,Rain,WET,Daylight,TRAFFIC SIGNAL,NONE DETECTED,Yes,Possible Minor Injury,"N/A, WET",UNKNOWN,MD,PASSENGER CAR,MOVING CONSTANT SPEED,35,No,2017,HOND,SD,39.169305,-77.28265167,2022,11,12
220049780,Property Damage Crash,11/11/2022 12:37:00 PM,COLUMBIA PIKE,NA,SAME DIR REAR END,Clear,DRY,Medium,N/A,NONE DETECTED,No,No Apparent Injury,N/A,NOT DISTRACTED,NA,PASSENGER CAR,MOVING CONSTANT SPEED,55,No,2000,FORD,F150,39.08281348,-76.94869197,2022,11,12
220049780,Property Damage Crash,11/11/2022 12:37:00 PM,COLUMBIA PIKE,NA,SAME DIR REAR END,Clear,DRY,Medium,N/A,NONE DETECTED,Yes,No Apparent Injury,N/A,LOOKED BUT DID NOT SEE,MD,PASSENGER CAR,MOVING CONSTANT SPEED,55,No,2013,BMW,M3,39.08281348,-76.94869197,2022,11,12
220049847,Property Damage Crash,11/11/2022 11:38:00 AM,NEW HAMPSHIRE AVE,NA,STRAIGHT MOVEMENT ANGLE,Rain,WET,Daylight,TRAFFIC SIGNAL,NONE DETECTED,No,No Apparent Injury,"N/A, WET",NOT DISTRACTED,MD,PASSENGER CAR,STARTING FROM LANE,40,No,2011,BUICK,REGEL,39.07737,-77.00154167,2022,11,11
220049847,Property Damage Crash,11/11/2022 11:38:00 AM,NEW HAMPSHIRE AVE,NA,STRAIGHT MOVEMENT ANGLE,Rain,WET,Daylight,TRAFFIC SIGNAL,NONE DETECTED,Yes,No Apparent Injury,"N/A, WET",OTHER CELLULAR PHONE RELATED,MD,(SPORT) UTILITY VEHICLE,MOVING CONSTANT SPEED,40,No,2020,HYUN,TUSCON,39.07737,-77.00154167,2022,11,11
220049833,Injury Crash,11/11/2022 10:50:00 AM,VEIRS MILL RD,NA,SAME DIR REAR END,Rain,WET,Daylight,N/A,NONE DETECTED,Yes,No Apparent Injury,N/A,NOT DISTRACTED,MD,PASSENGER CAR,SLOWING OR STOPPING,35,No,2018,CHEVROLET,SILVERADO,39.08167881,-77.14543198,2022,11,10
220049833,Injury Crash,11/11/2022 10:50:00 AM,VEIRS MILL RD,NA,SAME DIR REAR END,Rain,WET,Daylight,N/A,NONE DETECTED,No,Possible Minor Injury,N/A,NOT DISTRACTED,MD,PASSENGER CAR,SLOWING OR STOPPING,35,No,2013,KIA,OPTIMA,39.08167881,-77.14543198,2022,11,10
220049823,Property Damage Crash,11/11/2022 09:59:00 AM,PINEY BRANCH RD,NA,SAME DIR REAR END,Rain,WET,Daylight,TRAFFIC SIGNAL,NONE DETECTED,Yes,No Apparent Injury,"N/A, WET",LOOKED BUT DID NOT SEE,DC,PASSENGER CAR,MOVING CONSTANT SPEED,35,No,2011,HONDA,FIT,38.983055,-77.0154175,2022,11,9
220049823,Property Damage Crash,11/11/2022 09:59:00 AM,PINEY BRANCH RD,NA,SAME DIR REAR END,Rain,WET,Daylight,TRAFFIC SIGNAL,NONE DETECTED,No,No Apparent Injury,"N/A, WET",NOT DISTRACTED,DC,PASSENGER CAR,STOPPED IN TRAFFIC LANE,35,No,2020,NISSAN,ROUGUE,38.983055,-77.0154175,2022,11,9
220049821,Injury Crash,11/11/2022 09:29:00 AM,EISENHOWER MEMORIAL HWY,NA,SINGLE VEHICLE,Rain,WET,Daylight,NO CONTROLS,NONE DETECTED,Yes,Possible Minor Injury,"N/A, WET",NOT DISTRACTED,MD,AMBULANCE/EMERGENCY,MOVING CONSTANT SPEED,55,No,2019,NISS,SD,39.20801833,-77.27447333,2022,11,9
220049809,Property Damage Crash,11/11/2022 07:43:00 AM,PARK AVE,NA,OTHER,Rain,WET,Daylight,N/A,NONE DETECTED,Unknown,No Apparent Injury,"N/A, RAIN, SNOW",NOT DISTRACTED,MD,PASSENGER CAR,MOVING CONSTANT SPEED,25,No,2013,VOLKSWAGEN,BETTLE,38.97744813,-77.00926379,2022,11,7
220049809,Property Damage Crash,11/11/2022 07:43:00 AM,PARK AVE,NA,OTHER,Rain,WET,Daylight,N/A,NONE DETECTED,Unknown,No Apparent Injury,"N/A, RAIN, SNOW",UNKNOWN,NA,PASSENGER CAR,UNKNOWN,25,Unknown,2000,HONDA,WHITE,38.97744813,-77.00926379,2022,11,7
220049804,Property Damage Crash,11/11/2022 07:37:00 AM,GEORGIA AVE,NA,SAME DIR REAR END,Rain,WET,Daylight,NO CONTROLS,NONE DETECTED,Yes,No Apparent Injury,"SLEET, HAIL, FREEZ. RAIN, WET",NOT DISTRACTED,MD,PASSENGER CAR,STOPPED IN TRAFFIC LANE,35,No,2014,HONDA,CRV,39.07898833,-77.072475,2022,11,7
220049804,Property Damage Crash,11/11/2022 07:37:00 AM,GEORGIA AVE,NA,SAME DIR REAR END,Rain,WET,Daylight,NO CONTROLS,NONE DETECTED,Yes,No Apparent Injury,"SLEET, HAIL, FREEZ. RAIN, WET",NOT DISTRACTED,MD,PASSENGER CAR,MOVING CONSTANT SPEED,35,No,2000,TOYOTA,CELICA GT,39.07898833,-77.072475,2022,11,7
220049803,Injury Crash,11/11/2022 07:20:00 AM,CONNECTICUT AVE,NA,SAME DIR REAR END,Rain,WET,Daylight,TRAFFIC SIGNAL,NONE DETECTED,No,Possible Minor Injury,"RAIN, SNOW, WET",NOT DISTRACTED,MD,PASSENGER CAR,SLOWING OR STOPPING,40,No,2015,HYUNDAI,4DR,39.04738633,-77.0763295,2022,11,7
220049803,Injury Crash,11/11/2022 07:20:00 AM,CONNECTICUT AVE,NA,SAME DIR REAR END,Rain,WET,Daylight,TRAFFIC SIGNAL,NONE DETECTED,Yes,No Apparent Injury,"RAIN, SNOW, WET",NOT DISTRACTED,MD,PASSENGER CAR,MOVING CONSTANT SPEED,40,No,2009,CHEV,CG,39.04738633,-77.0763295,2022,11,7
220049801,Property Damage Crash,11/11/2022 06:42:00 AM,SHADY GROVE RD,NA,SAME DIR REAR END,Rain,WET,Medium,TRAFFIC SIGNAL,NONE DETECTED,No,No Apparent Injury,"RAIN, SNOW, WET",NOT DISTRACTED,MD,PASSENGER CAR,STOPPED IN TRAFFIC LANE,45,No,2014,HONDA,CRV,39.11469871,-77.18581877,2022,11,6
220049801,Property Damage Crash,11/11/2022 06:42:00 AM,SHADY GROVE RD,NA,SAME DIR REAR END,Rain,WET,Medium,TRAFFIC SIGNAL,NONE DETECTED,Yes,No Apparent Injury,"RAIN, SNOW, WET",NOT DISTRACTED,MD,PASSENGER CAR,SLOWING OR STOPPING,45,No,2001,DODGE,DAKOTA,39.11469871,-77.18581877,2022,11,6
220050276,Property Damage Crash,11/11/2022 03:30:00 AM,NA,NA,SINGLE VEHICLE,Clear,NA,Medium,NO CONTROLS,NONE DETECTED,Yes,No Apparent Injury,N/A,NOT DISTRACTED,MD,POLICE VEHICLE/NON EMERGENCY,MAKING RIGHT TURN,25,No,2013,FORD,INTERCEPTOR,38.9904354,-77.03044658,2022,11,3
220049792,Injury Crash,11/11/2022 02:40:00 AM,TWINBROOK PKWY,NA,SINGLE VEHICLE,Clear,DRY,Medium,NO CONTROLS,ALCOHOL PRESENT,Yes,Possible Minor Injury,N/A,NOT DISTRACTED,MD,PASSENGER CAR,MOVING CONSTANT SPEED,25,No,2022,HONDA,ACCORD,39.07450374,-77.11128026,2022,11,2
220049790,Property Damage Crash,11/11/2022 01:42:00 AM,RIDGE RD,NA,SINGLE VEHICLE,Clear,DRY,Dark,NO CONTROLS,ALCOHOL PRESENT,Yes,No Apparent Injury,N/A,UNKNOWN,MD,PASSENGER CAR,MOVING CONSTANT SPEED,45,No,2007,HONDA,PILOT,39.209531,-77.240376,2022,11,1
220049786,Property Damage Crash,11/11/2022 12:58:00 AM,MONTGOMERY VILLAGE AVE,NA,SINGLE VEHICLE,Clear,DRY,Medium,TRAFFIC SIGNAL,ALCOHOL PRESENT,Yes,No Apparent Injury,N/A,NOT DISTRACTED,MD,PASSENGER CAR,OTHER,40,No,2002,TOYOTA,CELICA,39.15287285,-77.21108189,2022,11,0
220049777,Injury Crash,11/11/2022 12:20:00 AM,EAST WEST HWY,NA,SINGLE VEHICLE,Clear,DRY,Medium,NO CONTROLS,NONE DETECTED,Yes,Possible Minor Injury,N/A,NOT DISTRACTED,DC,PASSENGER CAR,MOVING CONSTANT SPEED,35,No,2019,NISSAN,KICKS,38.98814789,-77.08142217,2022,11,0
220049762,Property Damage Crash,11/10/2022 10:30:00 PM,ZION RD,NA,SINGLE VEHICLE,Clear,DRY,Dark,NO CONTROLS,ALCOHOL PRESENT,Yes,No Apparent Injury,N/A,UNKNOWN,MD,PASSENGER CAR,MOVING CONSTANT SPEED,30,No,2010,SUBARU,IMPREZA,39.21089883,-77.09202433,2022,11,22
220049763,Property Damage Crash,11/10/2022 09:50:00 PM,NEW HAMPSHIRE AVE,OTHER,SAME DIR REAR END,Clear,DRY,Medium,TRAFFIC SIGNAL,NONE DETECTED,Unknown,No Apparent Injury,N/A,UNKNOWN,MD,OTHER BUS,N/A,35,No,2018,VNHL,BUS,38.98874017,-76.98835567,2022,11,21
220049763,Property Damage Crash,11/10/2022 09:50:00 PM,NEW HAMPSHIRE AVE,OTHER,SAME DIR REAR END,Clear,DRY,Medium,TRAFFIC SIGNAL,NONE DETECTED,Unknown,No Apparent Injury,N/A,UNKNOWN,MD,VAN,N/A,35,No,1998,FORD,PV,38.98874017,-76.98835567,2022,11,21
220049750,Injury Crash,11/10/2022 09:00:00 PM,NA,NA,STRAIGHT MOVEMENT ANGLE,Clear,NA,Medium,NO CONTROLS,NONE DETECTED,Yes,No Apparent Injury,N/A,LOOKED BUT DID NOT SEE,MD,PASSENGER CAR,MOVING CONSTANT SPEED,15,No,2018,HONDA,FIT,39.059703,-77.0501875,2022,11,21
220049750,Injury Crash,11/10/2022 09:00:00 PM,NA,NA,STRAIGHT MOVEMENT ANGLE,Clear,NA,Medium,NO CONTROLS,NONE DETECTED,No,No Apparent Injury,N/A,NOT DISTRACTED,MD,PASSENGER CAR,MOVING CONSTANT SPEED,15,No,2015,HONDA,CIVIC,39.059703,-77.0501875,2022,11,21
220049754,Injury Crash,11/10/2022 07:30:00 PM,CLUB HOUSE RD,PEDESTRIAN,OTHER,Clear,DRY,Medium,NO CONTROLS,NONE DETECTED,No,No Apparent Injury,N/A,DISTRACTED BY OUTSIDE PERSON OBJECT OR EVENT,MD,PASSENGER CAR,MAKING RIGHT TURN,30,No,2013,FORD,FUSION,39.17423445,-77.20212781,2022,11,19
220049739,Property Damage Crash,11/10/2022 07:29:00 PM,UNIVERSITY BLVD W,NA,SAME DIR REAR END,Clear,DRY,Medium,TRAFFIC SIGNAL,NONE DETECTED,No,No Apparent Injury,N/A,NOT DISTRACTED,MD,(SPORT) UTILITY VEHICLE,STOPPED IN TRAFFIC LANE,30,No,2020,TOYOTA,RAV4,39.04033833,-77.05487167,2022,11,19
220049739,Property Damage Crash,11/10/2022 07:29:00 PM,UNIVERSITY BLVD W,NA,SAME DIR REAR END,Clear,DRY,Medium,TRAFFIC SIGNAL,ALCOHOL PRESENT,Yes,No Apparent Injury,N/A,UNKNOWN,MD,VAN,MOVING CONSTANT SPEED,30,No,2004,TOYOTA,SIENNA,39.04033833,-77.05487167,2022,11,19
220048741,Property Damage Crash,11/10/2022 07:19:00 PM,KNOWLES AVE,NA,SAME DIRECTION LEFT TURN,Cloudy,DRY,Dark,NO CONTROLS,NONE DETECTED,Yes,No Apparent Injury,N/A,LOOKED BUT DID NOT SEE,MD,N/A,CHANGING LANES,35,No,1990,LLV,MAIL TRUCK,39.02951333,-77.08315333,2022,11,19
220048741,Property Damage Crash,11/10/2022 07:19:00 PM,KNOWLES AVE,NA,SAME DIRECTION LEFT TURN,Cloudy,DRY,Dark,NO CONTROLS,NONE DETECTED,No,No Apparent Injury,N/A,NOT DISTRACTED,MD,PASSENGER CAR,N/A,35,No,2015,HYUNDAI,ELANTRA,39.02951333,-77.08315333,2022,11,19
220049734,Injury Crash,11/10/2022 07:11:00 PM,FREDERICK RD,NA,STRAIGHT MOVEMENT ANGLE,Clear,DRY,Medium,TRAFFIC SIGNAL,NONE DETECTED,Yes,Possible Minor Injury,N/A,UNKNOWN,MD,PASSENGER CAR,MOVING CONSTANT SPEED,35,No,2013,NISS,SD,39.10670872,-77.1586529,2022,11,19
220049734,Injury Crash,11/10/2022 07:11:00 PM,FREDERICK RD,NA,STRAIGHT MOVEMENT ANGLE,Clear,DRY,Medium,TRAFFIC SIGNAL,NONE DETECTED,No,Possible Minor Injury,N/A,NOT DISTRACTED,MD,PASSENGER CAR,ACCELERATING,35,No,2018,HONDA,CIVIC,39.10670872,-77.1586529,2022,11,19
220049731,Property Damage Crash,11/10/2022 06:37:00 PM,NA,NA,OTHER,Clear,NA,Medium,NO CONTROLS,NONE DETECTED,Yes,No Apparent Injury,N/A,LOOKED BUT DID NOT SEE,MD,PASSENGER CAR,BACKING,5,No,2016,CADI,UT,39.07431515,-77.13746152,2022,11,18
220049728,Property Damage Crash,11/10/2022 06:35:00 PM,GEORGIA AVE,NA,SAME DIRECTION SIDESWIPE,Clear,DRY,Medium,NO CONTROLS,NONE DETECTED,No,No Apparent Injury,N/A,NOT DISTRACTED,MD,PASSENGER CAR,MOVING CONSTANT SPEED,35,No,2019,TOYOTA,COROLLA,39.10431183,-77.07675283,2022,11,18
220049728,Property Damage Crash,11/10/2022 06:35:00 PM,GEORGIA AVE,NA,SAME DIRECTION SIDESWIPE,Clear,DRY,Medium,NO CONTROLS,NONE DETECTED,Yes,No Apparent Injury,N/A,NOT DISTRACTED,DC,PASSENGER CAR,CHANGING LANES,35,No,2011,HONDA,ACCORD,39.10431183,-77.07675283,2022,11,18
220049727,Property Damage Crash,11/10/2022 06:13:00 PM,FATHER HURLEY BLVD,NA,HEAD ON LEFT TURN,Clear,DRY,Medium,TRAFFIC SIGNAL,NONE DETECTED,Yes,No Apparent Injury,N/A,LOOKED BUT DID NOT SEE,MD,PASSENGER CAR,MAKING LEFT TURN,35,No,2016,BMW,X5,39.191593,-77.27178467,2022,11,18
220049727,Property Damage Crash,11/10/2022 06:13:00 PM,FATHER HURLEY BLVD,NA,HEAD ON LEFT TURN,Clear,DRY,Medium,TRAFFIC SIGNAL,NONE DETECTED,No,No Apparent Injury,N/A,NOT DISTRACTED,MD,PASSENGER CAR,MOVING CONSTANT SPEED,35,No,2021,CHEVOLET,BOLT,39.191593,-77.27178467,2022,11,18
220049726,Property Damage Crash,11/10/2022 05:47:00 PM,VEIRS MILL RD,NA,ANGLE MEETS RIGHT TURN,Clear,DRY,Medium,TRAFFIC SIGNAL,NONE DETECTED,Unknown,No Apparent Injury,N/A,UNKNOWN,MD,PASSENGER CAR,STARTING FROM PARKED,35,No,2006,TOYT,4S,39.07842809,-77.13013896,2022,11,17
220049726,Property Damage Crash,11/10/2022 05:47:00 PM,VEIRS MILL RD,NA,ANGLE MEETS RIGHT TURN,Clear,DRY,Medium,TRAFFIC SIGNAL,NONE DETECTED,Unknown,No Apparent Injury,N/A,UNKNOWN,MD,PASSENGER CAR,MAKING RIGHT TURN,35,No,2017,TOYT,UT,39.07842809,-77.13013896,2022,11,17
220049713,Injury Crash,11/10/2022 05:30:00 PM,PRINCE PHILIP DR,NA,STRAIGHT MOVEMENT ANGLE,Clear,DRY,Medium,TRAFFIC SIGNAL,NONE DETECTED,No,Possible Minor Injury,N/A,NOT DISTRACTED,MD,PASSENGER CAR,MOVING CONSTANT SPEED,40,No,2011,TOYT,4S,39.15933833,-77.0643,2022,11,17
220049713,Injury Crash,11/10/2022 05:30:00 PM,PRINCE PHILIP DR,NA,STRAIGHT MOVEMENT ANGLE,Clear,DRY,Medium,TRAFFIC SIGNAL,NONE DETECTED,Yes,Possible Minor Injury,N/A,LOOKED BUT DID NOT SEE,MD,PASSENGER CAR,MAKING LEFT TURN,40,No,2017,TOYT,VN,39.15933833,-77.0643,2022,11,17
220049716,Property Damage Crash,11/10/2022 05:06:00 PM,NEW HAMPSHIRE AVE,NA,OTHER,Clear,DRY,Medium,TRAFFIC SIGNAL,NONE DETECTED,No,No Apparent Injury,N/A,NOT DISTRACTED,MD,PASSENGER CAR,MOVING CONSTANT SPEED,35,No,2002,TOYOTA,CAMRY,39.10844667,-76.99818333,2022,11,17
220049716,Property Damage Crash,11/10/2022 05:06:00 PM,NEW HAMPSHIRE AVE,NA,OTHER,Clear,DRY,Medium,TRAFFIC SIGNAL,NONE DETECTED,Yes,No Apparent Injury,N/A,NOT DISTRACTED,MD,OTHER,MOVING CONSTANT SPEED,35,No,2005,INTL,TK,39.10844667,-76.99818333,2022,11,17
220049708,Injury Crash,11/10/2022 05:04:00 PM,JONES MILL RD,BICYCLIST,SAME DIRECTION LEFT TURN,Cloudy,DRY,Dark,NO CONTROLS,NONE DETECTED,No,No Apparent Injury,N/A,NOT DISTRACTED,MD,VAN,MAKING LEFT TURN,25,No,1996,CHEV,ASTRO,39.00559333,-77.06322833,2022,11,17
220049701,Injury Crash,11/10/2022 03:45:00 PM,NA,PEDESTRIAN,SINGLE VEHICLE,Clear,NA,Daylight,N/A,NONE DETECTED,Yes,No Apparent Injury,N/A,LOOKED BUT DID NOT SEE,MD,POLICE VEHICLE/NON EMERGENCY,ENTERING TRAFFIC LANE,5,No,2021,FORD,SU,39.02042767,-77.01280721,2022,11,15
220049737,Property Damage Crash,11/10/2022 03:30:00 PM,BEACH DR,NA,SAME DIR REAR END,Clear,DRY,Daylight,STOP SIGN,NONE DETECTED,No,No Apparent Injury,N/A,NOT DISTRACTED,MD,PASSENGER CAR,STOPPED IN TRAFFIC LANE,25,No,2019,KIA,FORTE,39.02193271,-77.10203275,2022,11,15
220049737,Property Damage Crash,11/10/2022 03:30:00 PM,BEACH DR,NA,SAME DIR REAR END,Clear,DRY,Daylight,STOP SIGN,NONE DETECTED,Yes,No Apparent Injury,N/A,NOT DISTRACTED,MD,PASSENGER CAR,SLOWING OR STOPPING,25,No,2003,MERCEDES,E,39.02193271,-77.10203275,2022,11,15
220049687,Property Damage Crash,11/10/2022 03:15:00 PM,NA,NA,OTHER,Clear,NA,Daylight,NO CONTROLS,NONE DETECTED,Yes,No Apparent Injury,N/A,NOT DISTRACTED,MD,PASSENGER CAR,BACKING,15,No,2010,HONDA,4D,39.08148467,-77.07829433,2022,11,15
220049687,Property Damage Crash,11/10/2022 03:15:00 PM,NA,NA,OTHER,Clear,NA,Daylight,NO CONTROLS,NONE DETECTED,No,No Apparent Injury,N/A,NOT DISTRACTED,MD,PASSENGER CAR,PARKED,15,No,2011,FORD,4S,39.08148467,-77.07829433,2022,11,15
220049681,Property Damage Crash,11/10/2022 02:48:00 PM,E RANDOLPH RD,NA,SAME DIR REAR END,Clear,DRY,Daylight,NO CONTROLS,NONE DETECTED,No,No Apparent Injury,N/A,NOT DISTRACTED,MD,SCHOOL BUS,STOPPED IN TRAFFIC LANE,40,No,2014,THOMAS,CONV-MSDE-C-8,39.07563087,-76.99981964,2022,11,14
220049681,Property Damage Crash,11/10/2022 02:48:00 PM,E RANDOLPH RD,NA,SAME DIR REAR END,Clear,DRY,Daylight,NO CONTROLS,NONE DETECTED,Yes,No Apparent Injury,N/A,INATTENTIVE OR LOST IN THOUGHT,MD,PICKUP TRUCK,SLOWING OR STOPPING,40,No,2019,CHEV,SILVERADO,39.07563087,-76.99981964,2022,11,14
220049678,Injury Crash,11/10/2022 02:19:00 PM,GEORGIA AVE,NA,SAME DIRECTION SIDESWIPE,Clear,DRY,Daylight,NO CONTROLS,NONE DETECTED,No,No Apparent Injury,N/A,NOT DISTRACTED,MD,SCHOOL BUS,SLOWING OR STOPPING,35,No,2019,THOMAS,BUS,39.04947946,-77.05203649,2022,11,14
220049678,Injury Crash,11/10/2022 02:19:00 PM,GEORGIA AVE,NA,SAME DIRECTION SIDESWIPE,Clear,DRY,Daylight,NO CONTROLS,NONE DETECTED,Yes,Possible Minor Injury,N/A,LOOKED BUT DID NOT SEE,MD,PASSENGER CAR,CHANGING LANES,35,No,2015,TOYOTA,COROLLA,39.04947946,-77.05203649,2022,11,14
220049663,Property Damage Crash,11/10/2022 12:29:00 PM,FOREST GLEN RD,NA,SAME DIRECTION SIDESWIPE,Clear,DRY,Daylight,NO CONTROLS,NONE DETECTED,No,No Apparent Injury,N/A,NOT DISTRACTED,MD,SCHOOL BUS,MOVING CONSTANT SPEED,35,No,2016,THOM,BU,39.01536333,-77.050405,2022,11,12
220049663,Property Damage Crash,11/10/2022 12:29:00 PM,FOREST GLEN RD,NA,SAME DIRECTION SIDESWIPE,Clear,DRY,Daylight,NO CONTROLS,NONE DETECTED,Yes,No Apparent Injury,N/A,LOOKED BUT DID NOT SEE,MD,PICKUP TRUCK,MOVING CONSTANT SPEED,35,No,2020,FORD,PK,39.01536333,-77.050405,2022,11,12
220049659,Property Damage Crash,11/10/2022 12:00:00 PM,ROCKVILLE PIKE,NA,SAME DIRECTION SIDESWIPE,Clear,DRY,Daylight,TRAFFIC SIGNAL,NONE DETECTED,Yes,No Apparent Injury,N/A,UNKNOWN,NA,"MEDIUM/HEAVY TRUCKS 3 AXLES (OVER 10,000LBS (4,536KG))",MOVING CONSTANT SPEED,35,No,2003,MACK,TK,39.01598667,-77.10363667,2022,11,12
220049659,Property Damage Crash,11/10/2022 12:00:00 PM,ROCKVILLE PIKE,NA,SAME DIRECTION SIDESWIPE,Clear,DRY,Daylight,TRAFFIC SIGNAL,NONE DETECTED,No,No Apparent Injury,N/A,NOT DISTRACTED,MD,SCHOOL BUS,MAKING RIGHT TURN,35,No,2015,FRHT,BU,39.01598667,-77.10363667,2022,11,12
220049650,Property Damage Crash,11/10/2022 11:30:00 AM,RANDOLPH RD,NA,SAME DIRECTION LEFT TURN,Clear,DRY,Daylight,N/A,NONE DETECTED,Yes,No Apparent Injury,N/A,NOT DISTRACTED,MD,PICKUP TRUCK,MAKING U TURN,35,No,2017,DODGE,RAM,39.05847733,-77.07098383,2022,11,11
220049650,Property Damage Crash,11/10/2022 11:30:00 AM,RANDOLPH RD,NA,SAME DIRECTION LEFT TURN,Clear,DRY,Daylight,N/A,NONE DETECTED,No,No Apparent Injury,N/A,NOT DISTRACTED,MD,(SPORT) UTILITY VEHICLE,MOVING CONSTANT SPEED,35,No,2016,FORD,EXPEDITION,39.05847733,-77.07098383,2022,11,11
220049642,Property Damage Crash,11/10/2022 10:17:00 AM,BRANDERMILL DR,NA,UNKNOWN,Clear,DRY,Daylight,NO CONTROLS,NONE DETECTED,Unknown,No Apparent Injury,N/A,NOT DISTRACTED,NA,NA,MAKING U TURN,25,No,0,UNKNOWN,UNKNOWN,39.18829167,-77.23916333,2022,11,10
220049625,Property Damage Crash,11/10/2022 09:00:00 AM,SNOWDEN FARM PKWY,NA,STRAIGHT MOVEMENT ANGLE,Clear,N/A,Daylight,NO CONTROLS,NONE DETECTED,No,No Apparent Injury,N/A,NOT DISTRACTED,MD,PASSENGER CAR,MOVING CONSTANT SPEED,45,No,2002,HONDA,4S,39.223385,-77.24449,2022,11,9
220049625,Property Damage Crash,11/10/2022 09:00:00 AM,SNOWDEN FARM PKWY,NA,STRAIGHT MOVEMENT ANGLE,Clear,N/A,Daylight,NO CONTROLS,NONE DETECTED,Yes,No Apparent Injury,N/A,NOT DISTRACTED,MD,PASSENGER CAR,MAKING LEFT TURN,25,No,2018,TESLA,4S,39.223385,-77.24449,2022,11,9
220049613,Injury Crash,11/10/2022 06:41:00 AM,CRABBS BRANCH WAY,NA,STRAIGHT MOVEMENT ANGLE,Clear,DRY,Medium,NO CONTROLS,NONE DETECTED,Yes,Possible Minor Injury,N/A,LOOKED BUT DID NOT SEE,MD,PASSENGER CAR,STARTING FROM LANE,25,No,2020,HONDA,CIVIC,39.13053936,-77.16838219,2022,11,6
220049613,Injury Crash,11/10/2022 06:41:00 AM,CRABBS BRANCH WAY,NA,STRAIGHT MOVEMENT ANGLE,Clear,DRY,Medium,NO CONTROLS,NONE DETECTED,No,Possible Minor Injury,N/A,NOT DISTRACTED,MD,PASSENGER CAR,MOVING CONSTANT SPEED,25,No,2008,ACURA,TL,39.13053936,-77.16838219,2022,11,6
220049042,Injury Crash,11/10/2022 03:42:00 AM,CHERRY HILL RD,NA,STRAIGHT MOVEMENT ANGLE,Clear,DRY,Medium,FLASHING TRAFFIC SIGNAL,NONE DETECTED,Yes,Possible Minor Injury,N/A,LOOKED BUT DID NOT SEE,XX,PASSENGER CAR,MOVING CONSTANT SPEED,35,No,2002,TOYOTA,HIGHLANDER,39.05608879,-76.95423762,2022,11,3
220049042,Injury Crash,11/10/2022 03:42:00 AM,CHERRY HILL RD,NA,STRAIGHT MOVEMENT ANGLE,Clear,DRY,Medium,FLASHING TRAFFIC SIGNAL,NONE DETECTED,No,No Apparent Injury,N/A,NOT DISTRACTED,MD,PASSENGER CAR,MOVING CONSTANT SPEED,45,No,2020,FORD,EXPLORER,39.05608879,-76.95423762,2022,11,3
220049610,Property Damage Crash,11/10/2022 12:32:00 AM,BRIGGS CHANEY RD,NA,SINGLE VEHICLE,Clear,DRY,Medium,NO CONTROLS,NONE DETECTED,Yes,No Apparent Injury,N/A,UNKNOWN,DC,PICKUP TRUCK,MOVING CONSTANT SPEED,45,No,2016,FORD,F150,39.07341,-76.93945,2022,11,0
220049587,Injury Crash,11/09/2022 09:24:00 PM,NEW HAMPSHIRE AVE,NA,STRAIGHT MOVEMENT ANGLE,Clear,DRY,Medium,TRAFFIC SIGNAL,NONE DETECTED,Yes,No Apparent Injury,N/A,NOT DISTRACTED,MD,PASSENGER CAR,MOVING CONSTANT SPEED,40,No,2016,TOYOTA,RAV4,39.07748226,-77.00169035,2022,11,21
220049587,Injury Crash,11/09/2022 09:24:00 PM,NEW HAMPSHIRE AVE,NA,STRAIGHT MOVEMENT ANGLE,Clear,DRY,Medium,TRAFFIC SIGNAL,NONE DETECTED,No,Possible Minor Injury,N/A,NOT DISTRACTED,MD,PASSENGER CAR,ACCELERATING,40,No,2010,ACURA,TL,39.07748226,-77.00169035,2022,11,21
220049581,Property Damage Crash,11/09/2022 08:20:00 PM,NEW HAMPSHIRE AVE,NA,OTHER,Clear,DRY,Medium,NO CONTROLS,NONE DETECTED,Yes,No Apparent Injury,N/A,UNKNOWN,MD,PASSENGER CAR,ACCELERATING,40,No,2013,MAZDA,3,39.03418167,-76.986635,2022,11,20
220049581,Property Damage Crash,11/09/2022 08:20:00 PM,NEW HAMPSHIRE AVE,NA,OTHER,Clear,DRY,Medium,NO CONTROLS,NONE DETECTED,No,No Apparent Injury,N/A,NOT DISTRACTED,MD,PASSENGER CAR,MOVING CONSTANT SPEED,40,No,2008,ACURA,MDX,39.03418167,-76.986635,2022,11,20
220049581,Property Damage Crash,11/09/2022 08:20:00 PM,NEW HAMPSHIRE AVE,NA,OTHER,Clear,DRY,Medium,NO CONTROLS,NONE DETECTED,No,No Apparent Injury,N/A,NOT DISTRACTED,MD,PASSENGER CAR,MOVING CONSTANT SPEED,40,No,2010,TOYT,4H,39.03418167,-76.986635,2022,11,20
220049569,Property Damage Crash,11/09/2022 06:23:00 PM,FERRARA DR,NA,OTHER,Clear,DRY,Medium,NO CONTROLS,NONE DETECTED,Yes,No Apparent Injury,N/A,LOOKED BUT DID NOT SEE,MD,FIRE VEHICLE/EMERGENCY,N/A,15,No,2008,SPAR,TK,39.05039126,-77.07674521,2022,11,18