Local Case Number,ACRS Report Type,Crash Date/Time,Road Name,Related Non-Motorist,Collision Type,Weather,Surface Condition,Light,Traffic Control,Driver Substance Abuse,Driver At Fault,Injury Severity,Circumstance,Driver Distracted By,Drivers License State,Vehicle Body Type,Vehicle Movement,Speed Limit,Driverless Vehicle,Vehicle Year,Vehicle Make,Vehicle Model,Latitude,Longitude,Year,Month,Hour
220049558,Injury Crash,11/09/2022 06:00:00 PM,MINK HOLLOW RD,NA,SAME DIRECTION LEFT TURN,Clear,DRY,Dark,NO CONTROLS,NONE DETECTED,Yes,Possible Minor Injury,N/A,LOOKED BUT DID NOT SEE,MD,PICKUP TRUCK,MOVING CONSTANT SPEED,40,No,2019,FORD,TK,39.15569833,-76.999205,2022,11,18
220049558,Injury Crash,11/09/2022 06:00:00 PM,MINK HOLLOW RD,NA,SAME DIRECTION LEFT TURN,Clear,DRY,Dark,NO CONTROLS,NONE DETECTED,No,No Apparent Injury,N/A,NOT DISTRACTED,MD,PASSENGER CAR,MAKING LEFT TURN,40,No,2017,CHRY,VN,39.15569833,-76.999205,2022,11,18
220049557,Injury Crash,11/09/2022 05:33:00 PM,RIDGE RD,NA,STRAIGHT MOVEMENT ANGLE,Clear,DRY,Dark,STOP SIGN,NONE DETECTED,Yes,No Apparent Injury,N/A,LOOKED BUT DID NOT SEE,MD,PASSENGER CAR,MAKING LEFT TURN,40,No,2016,JEEP,TK,39.26668167,-77.217865,2022,11,17
220049557,Injury Crash,11/09/2022 05:33:00 PM,RIDGE RD,NA,STRAIGHT MOVEMENT ANGLE,Clear,DRY,Dark,STOP SIGN,NONE DETECTED,No,Possible Minor Injury,N/A,NOT DISTRACTED,MD,PASSENGER CAR,MOVING CONSTANT SPEED,40,No,2021,TOYOTA,RAV4,39.26668167,-77.217865,2022,11,17
220049549,Injury Crash,11/09/2022 05:00:00 PM,SHADY GROVE RD,NA,STRAIGHT MOVEMENT ANGLE,Clear,DRY,Medium,TRAFFIC SIGNAL,NONE DETECTED,No,No Apparent Injury,N/A,NOT DISTRACTED,MD,(SPORT) UTILITY VEHICLE,STOPPED IN TRAFFIC LANE,30,No,2020,HONDA,CRV,39.13361642,-77.15817639,2022,11,17
220049549,Injury Crash,11/09/2022 05:00:00 PM,SHADY GROVE RD,NA,STRAIGHT MOVEMENT ANGLE,Clear,DRY,Medium,TRAFFIC SIGNAL,NONE DETECTED,No,Possible Minor Injury,N/A,NOT DISTRACTED,MD,(SPORT) UTILITY VEHICLE,MOVING CONSTANT SPEED,45,No,2017,BUIC,ENCORE,39.13361642,-77.15817639,2022,11,17
220049549,Injury Crash,11/09/2022 05:00:00 PM,SHADY GROVE RD,NA,STRAIGHT MOVEMENT ANGLE,Clear,DRY,Medium,TRAFFIC SIGNAL,NONE DETECTED,Yes,No Apparent Injury,N/A,NOT DISTRACTED,MD,PASSENGER CAR,MAKING RIGHT TURN,45,No,2007,TOYOTA,MATRIX,39.13361642,-77.15817639,2022,11,17
220049547,Property Damage Crash,11/09/2022 04:56:00 PM,MATENY RD,NA,STRAIGHT MOVEMENT ANGLE,Clear,DRY,Daylight,NO CONTROLS,NONE DETECTED,No,No Apparent Injury,N/A,NOT DISTRACTED,MD,(SPORT) UTILITY VEHICLE,MOVING CONSTANT SPEED,30,No,2008,HYUNDAI,VERACRUZ,39.14703228,-77.27266395,2022,11,16
220049547,Property Damage Crash,11/09/2022 04:56:00 PM,MATENY RD,NA,STRAIGHT MOVEMENT ANGLE,Clear,DRY,Daylight,NO CONTROLS,NONE DETECTED,Yes,No Apparent Injury,N/A,UNKNOWN,MD,PASSENGER CAR,MAKING LEFT TURN,30,No,2016,HYUN,SONATA,39.14703228,-77.27266395,2022,11,16
220049850,Property Damage Crash,11/09/2022 04:30:00 PM,NA,NA,SAME DIR REAR END,Clear,NA,Daylight,NO CONTROLS,NONE DETECTED,No,No Apparent Injury,N/A,NOT DISTRACTED,MD,PASSENGER CAR,PARKED,10,No,2013,FORD,FUSION,39.16045172,-77.28001696,2022,11,16
220049850,Property Damage Crash,11/09/2022 04:30:00 PM,NA,NA,SAME DIR REAR END,Clear,NA,Daylight,NO CONTROLS,NONE DETECTED,Yes,No Apparent Injury,N/A,UNKNOWN,NA,NA,BACKING,10,No,0,UNKNOWN,UNKNOWN,39.16045172,-77.28001696,2022,11,16
220049531,Property Damage Crash,11/09/2022 03:50:00 PM,W DIAMOND AVE,NA,STRAIGHT MOVEMENT ANGLE,Clear,DRY,Daylight,STOP SIGN,NONE DETECTED,Yes,No Apparent Injury,N/A,UNKNOWN,MD,PASSENGER CAR,ACCELERATING,30,No,2009,INFINITI,SDN,39.14044617,-77.20177603,2022,11,15
220049531,Property Damage Crash,11/09/2022 03:50:00 PM,W DIAMOND AVE,NA,STRAIGHT MOVEMENT ANGLE,Clear,DRY,Daylight,STOP SIGN,NONE DETECTED,No,No Apparent Injury,N/A,NOT DISTRACTED,MD,PASSENGER CAR,SLOWING OR STOPPING,30,No,2017,HYUNDAI,UT,39.14044617,-77.20177603,2022,11,15
220049561,Injury Crash,11/09/2022 03:30:00 PM,LAYHILL RD,NA,SAME DIR REAR END,Clear,DRY,Daylight,TRAFFIC SIGNAL,NONE DETECTED,No,Possible Minor Injury,N/A,NOT DISTRACTED,MD,PASSENGER CAR,STOPPED IN TRAFFIC LANE,35,No,2010,TOYOTA,COROLLA,39.09046308,-77.04461065,2022,11,15
220049561,Injury Crash,11/09/2022 03:30:00 PM,LAYHILL RD,NA,SAME DIR REAR END,Clear,DRY,Daylight,TRAFFIC SIGNAL,NONE DETECTED,No,Possible Minor Injury,N/A,NOT DISTRACTED,MD,PICKUP TRUCK,STOPPED IN TRAFFIC LANE,35,No,2015,FORD,F150,39.09046308,-77.04461065,2022,11,15
220049561,Injury Crash,11/09/2022 03:30:00 PM,LAYHILL RD,NA,SAME DIR REAR END,Clear,DRY,Daylight,TRAFFIC SIGNAL,NONE DETECTED,Yes,No Apparent Injury,N/A,LOOKED BUT DID NOT SEE,MD,PASSENGER CAR,SLOWING OR STOPPING,35,No,2015,HONDA,ACCORD,39.09046308,-77.04461065,2022,11,15
220049521,Property Damage Crash,11/09/2022 03:28:00 PM,RIVER RD,NA,SAME DIR REAR END,Clear,DRY,Daylight,NO CONTROLS,NONE DETECTED,Yes,No Apparent Injury,N/A,UNKNOWN,VA,PASSENGER CAR,STOPPED IN TRAFFIC LANE,35,No,2009,TOYOTA,COROLLA,38.98828833,-77.14740833,2022,11,15
220049521,Property Damage Crash,11/09/2022 03:28:00 PM,RIVER RD,NA,SAME DIR REAR END,Clear,DRY,Daylight,NO CONTROLS,NONE DETECTED,No,No Apparent Injury,N/A,NOT DISTRACTED,MD,PASSENGER CAR,STOPPED IN TRAFFIC LANE,35,No,2020,TOYOTA,COROLA,38.98828833,-77.14740833,2022,11,15
220049521,Property Damage Crash,11/09/2022 03:28:00 PM,RIVER RD,NA,SAME DIR REAR END,Clear,DRY,Daylight,NO CONTROLS,NONE DETECTED,Yes,No Apparent Injury,N/A,NOT DISTRACTED,MD,(SPORT) UTILITY VEHICLE,SLOWING OR STOPPING,35,No,2015,JEEP,COMPASS,38.98828833,-77.14740833,2022,11,15
220049512,Injury Crash,11/09/2022 02:43:00 PM,GREENHILL DR,PEDESTRIAN,OTHER,Clear,DRY,Daylight,NO CONTROLS,NONE DETECTED,No,No Apparent Injury,N/A,NOT DISTRACTED,MD,VAN,MOVING CONSTANT SPEED,10,No,2012,DODGE,GRAND CARRAVAN,39.05812183,-77.002868,2022,11,14
220049514,Injury Crash,11/09/2022 02:42:00 PM,KENSINGTON PKWY,NA,SINGLE VEHICLE,Clear,DRY,Daylight,NO CONTROLS,NONE DETECTED,Yes,Possible Minor Injury,N/A,OTHER DISTRACTION,MD,(SPORT) UTILITY VEHICLE,MAKING LEFT TURN,20,No,2008,TOYOTA,4 RUNNER,39.02325,-77.07197333,2022,11,14
220049499,Injury Crash,11/09/2022 01:30:00 PM,GEORGIA AVE,NA,STRAIGHT MOVEMENT ANGLE,Clear,DRY,Daylight,NO CONTROLS,NONE DETECTED,Yes,No Apparent Injury,N/A,NOT DISTRACTED,MD,PASSENGER CAR,STARTING FROM LANE,25,No,2019,NISSIAN,LEAF,39.04567783,-77.05217083,2022,11,13
220049499,Injury Crash,11/09/2022 01:30:00 PM,GEORGIA AVE,NA,STRAIGHT MOVEMENT ANGLE,Clear,DRY,Daylight,NO CONTROLS,NONE DETECTED,No,Possible Minor Injury,N/A,NOT DISTRACTED,MD,PASSENGER CAR,MOVING CONSTANT SPEED,25,No,2002,TOYT,CAMRY,39.04567783,-77.05217083,2022,11,13
220049489,Property Damage Crash,11/09/2022 01:15:00 PM,NEW HAMPSHIRE AVE,NA,SAME DIRECTION RIGHT TURN,Clear,DRY,Daylight,NO CONTROLS,NONE DETECTED,Yes,No Apparent Injury,N/A,OTHER ELECTRONIC DEVICE (NAVIGATIONAL PALM PILOT),MD,PASSENGER CAR,CHANGING LANES,30,No,2019,HOND,UT,39.06147833,-76.998515,2022,11,13
220049489,Property Damage Crash,11/09/2022 01:15:00 PM,NEW HAMPSHIRE AVE,NA,SAME DIRECTION RIGHT TURN,Clear,DRY,Daylight,NO CONTROLS,NONE DETECTED,No,No Apparent Injury,N/A,NOT DISTRACTED,MD,PASSENGER CAR,MOVING CONSTANT SPEED,30,No,2005,LEXUS,LS430,39.06147833,-76.998515,2022,11,13
220049473,Injury Crash,11/09/2022 11:53:00 AM,BRYANTS NURSERY RD,NA,HEAD ON,Clear,DRY,Daylight,NO CONTROLS,NONE DETECTED,Yes,No Apparent Injury,N/A,NOT DISTRACTED,MD,PASSENGER CAR,MOVING CONSTANT SPEED,25,No,2022,TOYT,4D,39.11410667,-77.01481333,2022,11,11
220049473,Injury Crash,11/09/2022 11:53:00 AM,BRYANTS NURSERY RD,NA,HEAD ON,Clear,DRY,Daylight,NO CONTROLS,NONE DETECTED,No,No Apparent Injury,N/A,NOT DISTRACTED,MD,PASSENGER CAR,MOVING CONSTANT SPEED,25,No,2013,TOYT,VN,39.11410667,-77.01481333,2022,11,11
220049480,Property Damage Crash,11/09/2022 11:50:00 AM,MONTROSE PKWY,NA,SAME DIR REAR END,Clear,DRY,Daylight,N/A,NONE DETECTED,Yes,No Apparent Injury,N/A,LOOKED BUT DID NOT SEE,MD,"CARGO VAN/LIGHT TRUCK 2 AXLES (OVER 10,000LBS (4,536 KG))",BACKING,20,No,2007,FREIGHT,BOX TRUCK,39.04963667,-77.11913667,2022,11,11
220049480,Property Damage Crash,11/09/2022 11:50:00 AM,MONTROSE PKWY,NA,SAME DIR REAR END,Clear,DRY,Daylight,N/A,NONE DETECTED,No,No Apparent Injury,N/A,NOT DISTRACTED,MD,(SPORT) UTILITY VEHICLE,MAKING RIGHT TURN,20,No,2019,CHEV,SW,39.04963667,-77.11913667,2022,11,11
220049472,Injury Crash,11/09/2022 11:38:00 AM,FREDERICK RD,NA,SAME DIR REAR END,Clear,DRY,Daylight,TRAFFIC SIGNAL,NONE DETECTED,No,Possible Minor Injury,N/A,NOT DISTRACTED,MD,PASSENGER CAR,STOPPED IN TRAFFIC LANE,35,No,2017,FORD,F250,39.20202333,-77.24551833,2022,11,11
220049471,Property Damage Crash,11/09/2022 11:38:00 AM,NA,NA,STRAIGHT MOVEMENT ANGLE,Clear,NA,Daylight,NO CONTROLS,NONE DETECTED,Yes,No Apparent Injury,N/A,LOOKED BUT DID NOT SEE,MD,"CARGO VAN/LIGHT TRUCK 2 AXLES (OVER 10,000LBS (4,536 KG))",MOVING CONSTANT SPEED,5,No,2015,FORD,TRUCK,39.20060617,-77.24890683,2022,11,11
220049472,Injury Crash,11/09/2022 11:38:00 AM,FREDERICK RD,NA,SAME DIR REAR END,Clear,DRY,Daylight,TRAFFIC SIGNAL,NONE DETECTED,Yes,No Apparent Injury,N/A,NOT DISTRACTED,MD,PASSENGER CAR,STARTING FROM LANE,35,No,2011,FORD,PK,39.20202333,-77.24551833,2022,11,11
220049471,Property Damage Crash,11/09/2022 11:38:00 AM,NA,NA,STRAIGHT MOVEMENT ANGLE,Clear,NA,Daylight,NO CONTROLS,NONE DETECTED,No,No Apparent Injury,N/A,NOT DISTRACTED,MD,VAN,PARKED,5,No,2020,FORD,CG,39.20060617,-77.24890683,2022,11,11
220054956,Property Damage Crash,11/09/2022 11:00:00 AM,OLD RANDOLPH RD,NA,OTHER,Clear,DRY,Daylight,N/A,NONE DETECTED,Unknown,No Apparent Injury,N/A,UNKNOWN,MD,PASSENGER CAR,MOVING CONSTANT SPEED,35,No,2003,HOND,SD,39.06430991,-77.03127874,2022,11,11
220054956,Property Damage Crash,11/09/2022 11:00:00 AM,OLD RANDOLPH RD,NA,OTHER,Clear,DRY,Daylight,N/A,NONE DETECTED,Unknown,No Apparent Injury,N/A,UNKNOWN,NA,UNKNOWN,MOVING CONSTANT SPEED,35,No,0,UNKNOWN,UNKNOWN,39.06430991,-77.03127874,2022,11,11
220049440,Property Damage Crash,11/09/2022 09:00:00 AM,CATAWBA MANOR WAY,NA,OPPOSITE DIRECTION SIDESWIPE,Clear,DRY,Daylight,NO CONTROLS,NONE DETECTED,Yes,No Apparent Injury,N/A,NOT DISTRACTED,MD,SCHOOL BUS,MOVING CONSTANT SPEED,5,No,2015,THOM,BU,39.23858167,-77.279135,2022,11,9
220049434,Injury Crash,11/09/2022 08:27:00 AM,GEORGIA AVE,NA,SAME DIR REAR END,Clear,DRY,Medium,TRAFFIC SIGNAL,NONE DETECTED,Yes,Possible Minor Injury,"N/A, VISION OBSTRUCTION (INCL. BLINDED BY SUN)",OTHER DISTRACTION,MD,PASSENGER CAR,SLOWING OR STOPPING,35,No,2016,CHEVY,MALIBU,39.15453467,-77.0553325,2022,11,8
220049434,Injury Crash,11/09/2022 08:27:00 AM,GEORGIA AVE,NA,SAME DIR REAR END,Clear,DRY,Medium,TRAFFIC SIGNAL,NONE DETECTED,No,No Apparent Injury,"N/A, VISION OBSTRUCTION (INCL. BLINDED BY SUN)",NOT DISTRACTED,MD,PASSENGER CAR,STOPPED IN TRAFFIC LANE,35,No,2010,TOYT,TK,39.15453467,-77.0553325,2022,11,8
220049433,Injury Crash,11/09/2022 07:56:00 AM,DARNESTOWN RD,NA,SINGLE VEHICLE,Clear,DRY,Daylight,NO CONTROLS,NONE DETECTED,Yes,Possible Minor Injury,N/A,NOT DISTRACTED,MD,PASSENGER CAR,MOVING CONSTANT SPEED,40,No,2019,SUBARU,FORRESTER,39.204335,-77.43391167,2022,11,7
220049431,Property Damage Crash,11/09/2022 07:52:00 AM,SPENCERVILLE RD,NA,SAME DIR REAR END,Clear,DRY,Daylight,NO CONTROLS,NONE DETECTED,No,No Apparent Injury,"N/A, VISION OBSTRUCTION (INCL. BLINDED BY SUN)",NOT DISTRACTED,MD,(SPORT) UTILITY VEHICLE,STOPPED IN TRAFFIC LANE,40,No,2019,HONDA,CRV,39.1145074,-76.9591413,2022,11,7
220049431,Property Damage Crash,11/09/2022 07:52:00 AM,SPENCERVILLE RD,NA,SAME DIR REAR END,Clear,DRY,Daylight,NO CONTROLS,NONE DETECTED,Yes,No Apparent Injury,"N/A, VISION OBSTRUCTION (INCL. BLINDED BY SUN)",LOOKED BUT DID NOT SEE,MD,PASSENGER CAR,MOVING CONSTANT SPEED,40,No,2008,HONDA,ACCORD,39.1145074,-76.9591413,2022,11,7
220049423,Injury Crash,11/09/2022 07:33:00 AM,SHADY GROVE RD,NA,SAME DIR REAR END,Clear,DRY,Daylight,NO CONTROLS,NONE DETECTED,No,No Apparent Injury,N/A,NOT DISTRACTED,MD,PICKUP TRUCK,STOPPED IN TRAFFIC LANE,40,No,2016,TOYOTA,PICKUP,39.11139833,-77.187495,2022,11,7
220049423,Injury Crash,11/09/2022 07:33:00 AM,SHADY GROVE RD,NA,SAME DIR REAR END,Clear,DRY,Daylight,NO CONTROLS,NONE DETECTED,Yes,No Apparent Injury,N/A,UNKNOWN,MD,PASSENGER CAR,SLOWING OR STOPPING,40,No,2018,HONDA,CIVIC,39.11139833,-77.187495,2022,11,7
220049423,Injury Crash,11/09/2022 07:33:00 AM,SHADY GROVE RD,NA,SAME DIR REAR END,Clear,DRY,Daylight,NO CONTROLS,NONE DETECTED,No,No Apparent Injury,N/A,NOT DISTRACTED,MD,VAN,STOPPED IN TRAFFIC LANE,40,No,2017,RAM,TK,39.11139833,-77.187495,2022,11,7
220049420,Property Damage Crash,11/09/2022 07:05:00 AM,NA,NA,OTHER,Clear,NA,Daylight,N/A,NONE DETECTED,Yes,No Apparent Injury,N/A,UNKNOWN,NA,PASSENGER CAR,SKIDDING,0,No,2020,DODGE,CHARGER,39.10658647,-77.18139127,2022,11,7
220049410,Property Damage Crash,11/09/2022 04:43:00 AM,GREAT SENECA HWY,NA,SINGLE VEHICLE,Clear,DRY,Medium,NO CONTROLS,NONE DETECTED,Yes,No Apparent Injury,N/A,UNKNOWN,MD,PASSENGER CAR,MOVING CONSTANT SPEED,35,No,2011,HYUNDAI,ELANTRA,39.16616867,-77.272035,2022,11,4
220049705,Property Damage Crash,11/08/2022 07:52:00 PM,ADELPHI RD,NA,SAME DIR BOTH LEFT TURN,Clear,DRY,Medium,TRAFFIC SIGNAL,NONE DETECTED,Yes,No Apparent Injury,N/A,NOT DISTRACTED,MD,TRANSIT BUS,MAKING RIGHT TURN,35,No,2014,NABI,TBU,39.03364433,-77.00339517,2022,11,19
220049705,Property Damage Crash,11/08/2022 07:52:00 PM,ADELPHI RD,NA,SAME DIR BOTH LEFT TURN,Clear,DRY,Medium,TRAFFIC SIGNAL,NONE DETECTED,No,No Apparent Injury,N/A,NOT DISTRACTED,MD,PASSENGER CAR,MAKING RIGHT TURN,35,No,2019,TOYOTA,TK,39.03364433,-77.00339517,2022,11,19
220049356,Injury Crash,11/08/2022 05:46:00 PM,DARNESTOWN RD,NA,SAME DIRECTION SIDESWIPE,Clear,DRY,Medium,STOP SIGN,NONE DETECTED,Yes,No Apparent Injury,N/A,NOT DISTRACTED,MD,PASSENGER CAR,MAKING RIGHT TURN,40,No,2004,LINCOLN,4S,39.11738968,-77.25165973,2022,11,17
220049356,Injury Crash,11/08/2022 05:46:00 PM,DARNESTOWN RD,NA,SAME DIRECTION SIDESWIPE,Clear,DRY,Medium,STOP SIGN,NONE DETECTED,No,Possible Minor Injury,N/A,NOT DISTRACTED,MD,PASSENGER CAR,MOVING CONSTANT SPEED,40,No,2019,TOYOTA,4S,39.11738968,-77.25165973,2022,11,17
220049354,Property Damage Crash,11/08/2022 05:35:00 PM,COLESVILLE RD,NA,SAME DIRECTION SIDESWIPE,Clear,DRY,Medium,TRAFFIC SIGNAL,NONE DETECTED,Yes,No Apparent Injury,N/A,LOOKED BUT DID NOT SEE,MD,(SPORT) UTILITY VEHICLE,CHANGING LANES,30,No,2019,INFINITI,QX60,38.99797,-77.026765,2022,11,17
220049354,Property Damage Crash,11/08/2022 05:35:00 PM,COLESVILLE RD,NA,SAME DIRECTION SIDESWIPE,Clear,DRY,Medium,TRAFFIC SIGNAL,NONE DETECTED,No,No Apparent Injury,N/A,NOT DISTRACTED,MD,(SPORT) UTILITY VEHICLE,STOPPED IN TRAFFIC LANE,35,No,2016,HONDA,HRV,38.99797,-77.026765,2022,11,17
220049358,Injury Crash,11/08/2022 05:29:00 PM,NORWOOD RD,NA,SINGLE VEHICLE,Clear,DRY,Dark,N/A,NONE DETECTED,Yes,Possible Minor Injury,N/A,NOT DISTRACTED,MD,PASSENGER CAR,MOVING CONSTANT SPEED,40,No,2013,BMW,320,39.11837167,-77.02475667,2022,11,17
220049357,Injury Crash,11/08/2022 05:29:00 PM,NORBECK RD,NA,SAME DIR REAR END,Clear,DRY,Medium,NO CONTROLS,NONE DETECTED,Yes,No Apparent Injury,N/A,UNKNOWN,MD,PASSENGER CAR,MOVING CONSTANT SPEED,45,No,2009,MERCEDES,C63,39.11839204,-77.02549736,2022,11,17
220049357,Injury Crash,11/08/2022 05:29:00 PM,NORBECK RD,NA,SAME DIR REAR END,Clear,DRY,Medium,NO CONTROLS,NONE DETECTED,No,Possible Minor Injury,N/A,UNKNOWN,MD,PASSENGER CAR,ENTERING TRAFFIC LANE,45,No,1997,GMC,PK,39.11839204,-77.02549736,2022,11,17
220049351,Property Damage Crash,11/08/2022 05:23:00 PM,SHADY GROVE RD,NA,SAME DIRECTION SIDESWIPE,Clear,DRY,Dark,N/A,NONE DETECTED,No,No Apparent Injury,N/A,NOT DISTRACTED,MD,PASSENGER CAR,MOVING CONSTANT SPEED,35,No,2021,CHEVY,EQUINOX,39.10490989,-77.19032962,2022,11,17
220049351,Property Damage Crash,11/08/2022 05:23:00 PM,SHADY GROVE RD,NA,SAME DIRECTION SIDESWIPE,Clear,DRY,Dark,N/A,NONE DETECTED,Yes,No Apparent Injury,N/A,UNKNOWN,NA,PASSENGER CAR,MOVING CONSTANT SPEED,35,No,2004,INFINITI,2S,39.10490989,-77.19032962,2022,11,17
220049362,Injury Crash,11/08/2022 05:18:00 PM,ROCKVILLE PIKE,NA,SAME DIR REAR END,Clear,DRY,Dark,NO CONTROLS,NONE DETECTED,No,No Apparent Injury,N/A,NOT DISTRACTED,MD,PASSENGER CAR,SLOWING OR STOPPING,35,No,2011,SUNARU,OUTBACK,39.01379667,-77.09896833,2022,11,17
220049362,Injury Crash,11/08/2022 05:18:00 PM,ROCKVILLE PIKE,NA,SAME DIR REAR END,Clear,DRY,Dark,NO CONTROLS,NONE DETECTED,Yes,No Apparent Injury,N/A,OTHER ELECTRONIC DEVICE (NAVIGATIONAL PALM PILOT),MD,VAN,MOVING CONSTANT SPEED,35,No,2012,CHEV,EXPRESS,39.01379667,-77.09896833,2022,11,17
220049323,Injury Crash,11/08/2022 03:15:00 PM,S FREDERICK RD,NA,SAME DIR REAR END,Clear,DRY,Daylight,N/A,NONE DETECTED,Yes,No Apparent Injury,N/A,NOT DISTRACTED,MD,PASSENGER CAR,MOVING CONSTANT SPEED,35,No,2011,TOYT,SIENNA,39.13646141,-77.19280155,2022,11,15
220049322,Property Damage Crash,11/08/2022 03:15:00 PM,NEW HAMPSHIRE AVE,NA,SAME DIR REAR END,Clear,DRY,Daylight,NO CONTROLS,NONE DETECTED,No,No Apparent Injury,N/A,NOT DISTRACTED,MD,PASSENGER CAR,MOVING CONSTANT SPEED,40,No,2007,TOYT,SD,39.059495,-76.99776333,2022,11,15
220049322,Property Damage Crash,11/08/2022 03:15:00 PM,NEW HAMPSHIRE AVE,NA,SAME DIR REAR END,Clear,DRY,Daylight,NO CONTROLS,NONE DETECTED,Yes,No Apparent Injury,N/A,UNKNOWN,MD,PASSENGER CAR,MOVING CONSTANT SPEED,40,No,2012,FORD,TK,39.059495,-76.99776333,2022,11,15
220049323,Injury Crash,11/08/2022 03:15:00 PM,S FREDERICK RD,NA,SAME DIR REAR END,Clear,DRY,Daylight,N/A,NONE DETECTED,No,No Apparent Injury,N/A,NOT DISTRACTED,MD,PASSENGER CAR,SLOWING OR STOPPING,35,No,2022,TOYT,COROLLA,39.13646141,-77.19280155,2022,11,15
220049326,Injury Crash,11/08/2022 03:14:00 PM,FREDERICK RD,PEDESTRIAN,SINGLE VEHICLE,Clear,DRY,Daylight,N/A,NONE DETECTED,No,No Apparent Injury,N/A,NOT DISTRACTED,MD,PASSENGER CAR,MOVING CONSTANT SPEED,30,No,2016,AUDI,A3,39.17680431,-77.23833682,2022,11,15
220049320,Injury Crash,11/08/2022 03:13:00 PM,CLOPPER RD,NA,SAME DIR REAR END,Clear,DRY,Daylight,YIELD SIGN,NONE DETECTED,No,Possible Minor Injury,N/A,NOT DISTRACTED,MD,PASSENGER CAR,SLOWING OR STOPPING,40,No,2020,NISSAN,4S,39.14290237,-77.22112905,2022,11,15
220049320,Injury Crash,11/08/2022 03:13:00 PM,CLOPPER RD,NA,SAME DIR REAR END,Clear,DRY,Daylight,YIELD SIGN,NONE DETECTED,Yes,No Apparent Injury,N/A,NOT DISTRACTED,MD,PASSENGER CAR,ACCELERATING,40,No,2015,CHRY,4S,39.14290237,-77.22112905,2022,11,15
220049325,Injury Crash,11/08/2022 03:06:00 PM,MATENY RD,NA,HEAD ON LEFT TURN,Clear,DRY,Daylight,NO CONTROLS,NONE DETECTED,No,Possible Minor Injury,N/A,NOT DISTRACTED,MD,PASSENGER CAR,MOVING CONSTANT SPEED,30,No,2022,MAZDA,3,39.14779493,-77.27048914,2022,11,15
220049325,Injury Crash,11/08/2022 03:06:00 PM,MATENY RD,NA,HEAD ON LEFT TURN,Clear,DRY,Daylight,NO CONTROLS,NONE DETECTED,Yes,Possible Minor Injury,N/A,LOOKED BUT DID NOT SEE,MD,PASSENGER CAR,MAKING LEFT TURN,30,No,2012,HOND,CIVIC,39.14779493,-77.27048914,2022,11,15
220049319,Property Damage Crash,11/08/2022 02:30:00 PM,LAYTONSVILLE RD,NA,SAME DIR REAR END,Clear,DRY,Daylight,NO CONTROLS,NONE DETECTED,No,No Apparent Injury,"ANIMAL, N/A",NOT DISTRACTED,MD,PASSENGER CAR,STOPPED IN TRAFFIC LANE,30,No,2017,BMW,330 4S,39.251635,-77.14379833,2022,11,14
220049319,Property Damage Crash,11/08/2022 02:30:00 PM,LAYTONSVILLE RD,NA,SAME DIR REAR END,Clear,DRY,Daylight,NO CONTROLS,NONE DETECTED,Yes,No Apparent Injury,"ANIMAL, N/A",NOT DISTRACTED,MD,PASSENGER CAR,MOVING CONSTANT SPEED,30,No,2008,VOLK,RABBIT HB,39.251635,-77.14379833,2022,11,14
220049298,Property Damage Crash,11/08/2022 01:47:00 PM,GEORGIA AVE,NA,SAME DIRECTION SIDESWIPE,Clear,DRY,Daylight,TRAFFIC SIGNAL,NONE DETECTED,No,No Apparent Injury,N/A,NOT DISTRACTED,MD,FIRE VEHICLE/EMERGENCY,MOVING CONSTANT SPEED,25,No,2019,PIRC,TK,39.04161667,-77.05181333,2022,11,13
220049298,Property Damage Crash,11/08/2022 01:47:00 PM,GEORGIA AVE,NA,SAME DIRECTION SIDESWIPE,Clear,DRY,Daylight,TRAFFIC SIGNAL,NONE DETECTED,Yes,No Apparent Injury,N/A,NOT DISTRACTED,MD,PASSENGER CAR,MOVING CONSTANT SPEED,25,No,2020,ACUR,UT,39.04161667,-77.05181333,2022,11,13
220049327,Property Damage Crash,11/08/2022 01:38:00 PM,HEREFORD PL,NA,OPPOSITE DIRECTION SIDESWIPE,Clear,DRY,Daylight,NO CONTROLS,NONE DETECTED,No,No Apparent Injury,N/A,NOT DISTRACTED,MD,PASSENGER CAR,PARKED,10,No,2022,CHEVY,COLORADO,39.02307414,-77.01997979,2022,11,13
220049327,Property Damage Crash,11/08/2022 01:38:00 PM,HEREFORD PL,NA,OPPOSITE DIRECTION SIDESWIPE,Clear,DRY,Daylight,NO CONTROLS,NONE DETECTED,Yes,No Apparent Injury,N/A,NOT DISTRACTED,MD,PASSENGER CAR,SLOWING OR STOPPING,10,No,2013,FORD,FOCUS,39.02307414,-77.01997979,2022,11,13
220049292,Property Damage Crash,11/08/2022 01:27:00 PM,LAYHILL RD,NA,SAME DIR REAR END,Clear,DRY,Daylight,NO CONTROLS,NONE DETECTED,No,No Apparent Injury,N/A,NOT DISTRACTED,MD,PASSENGER CAR,STOPPED IN TRAFFIC LANE,40,No,2022,CHEV,UT,39.111005,-77.03718833,2022,11,13
220049292,Property Damage Crash,11/08/2022 01:27:00 PM,LAYHILL RD,NA,SAME DIR REAR END,Clear,DRY,Daylight,NO CONTROLS,NONE DETECTED,Yes,No Apparent Injury,N/A,LOOKED BUT DID NOT SEE,MD,PASSENGER CAR,MOVING CONSTANT SPEED,40,No,2022,CHEV,UT,39.111005,-77.03718833,2022,11,13
220049292,Property Damage Crash,11/08/2022 01:27:00 PM,LAYHILL RD,NA,SAME DIR REAR END,Clear,DRY,Daylight,NO CONTROLS,NONE DETECTED,No,No Apparent Injury,N/A,NOT DISTRACTED,MD,PASSENGER CAR,STOPPED IN TRAFFIC LANE,40,No,2022,CHEV,UT,39.111005,-77.03718833,2022,11,13
220049299,Property Damage Crash,11/08/2022 12:57:00 PM,NA,NA,OTHER,Clear,NA,Daylight,NO CONTROLS,NONE DETECTED,Yes,No Apparent Injury,N/A,UNKNOWN,MD,VAN,SLOWING OR STOPPING,0,No,2022,GMC,SAVANA,39.07532624,-77.0032683,2022,11,12
220049276,Property Damage Crash,11/08/2022 12:35:00 PM,FIRST ST,NA,SAME DIR REAR END,Clear,DRY,Daylight,N/A,NONE DETECTED,No,No Apparent Injury,N/A,NOT DISTRACTED,MD,PASSENGER CAR,SLOWING OR STOPPING,40,No,2018,SUBARU,LEGACY,39.08201686,-77.13694425,2022,11,12
220049276,Property Damage Crash,11/08/2022 12:35:00 PM,FIRST ST,NA,SAME DIR REAR END,Clear,DRY,Daylight,N/A,NONE DETECTED,No,No Apparent Injury,N/A,NOT DISTRACTED,MD,PASSENGER CAR,SLOWING OR STOPPING,40,No,2013,DODGE,CARAVAN,39.08201686,-77.13694425,2022,11,12
220049276,Property Damage Crash,11/08/2022 12:35:00 PM,FIRST ST,NA,SAME DIR REAR END,Clear,DRY,Daylight,N/A,NONE DETECTED,Yes,No Apparent Injury,N/A,NOT DISTRACTED,MD,PASSENGER CAR,MOVING CONSTANT SPEED,40,No,2002,TOYOTA,CAMRY,39.08201686,-77.13694425,2022,11,12
220049276,Property Damage Crash,11/08/2022 12:35:00 PM,FIRST ST,NA,SAME DIR REAR END,Clear,DRY,Daylight,N/A,NONE DETECTED,No,No Apparent Injury,N/A,NOT DISTRACTED,MD,PASSENGER CAR,SLOWING OR STOPPING,40,No,2015,NISSAN,ALTIMA,39.08201686,-77.13694425,2022,11,12