Local Case Number,ACRS Report Type,Crash Date/Time,Road Name,Related Non-Motorist,Collision Type,Weather,Surface Condition,Light,Traffic Control,Driver Substance Abuse,Driver At Fault,Injury Severity,Circumstance,Driver Distracted By,Drivers License State,Vehicle Body Type,Vehicle Movement,Speed Limit,Driverless Vehicle,Vehicle Year,Vehicle Make,Vehicle Model,Latitude,Longitude,Year,Month,Hour
220049274,Property Damage Crash,11/08/2022 12:31:00 PM,MILBERN DR,NA,HEAD ON,Clear,DRY,Daylight,NO CONTROLS,NONE DETECTED,Yes,No Apparent Injury,N/A,LOOKED BUT DID NOT SEE,MD,PASSENGER CAR,MOVING CONSTANT SPEED,30,No,2015,TOYOTA,TK,39.11488833,-77.23518833,2022,11,12
220050853,Property Damage Crash,11/08/2022 11:00:00 AM,WANEGARDEN DR,NA,OTHER,Cloudy,DRY,Daylight,NO CONTROLS,NONE DETECTED,Yes,No Apparent Injury,N/A,UNKNOWN,NA,PASSENGER CAR,PARKING,15,No,2008,HONDA,CIVIC,39.1149,-77.23542167,2022,11,11
220049258,Property Damage Crash,11/08/2022 11:00:00 AM,NA,NA,OTHER,Clear,NA,Daylight,N/A,NONE DETECTED,Yes,No Apparent Injury,N/A,NOT DISTRACTED,MD,PASSENGER CAR,STARTING FROM PARKED,5,No,1998,HONDA,ACCORD,39.033172,-77.07440083,2022,11,11
220049238,Property Damage Crash,11/08/2022 09:30:00 AM,CRABBS BRANCH WAY,NA,SINGLE VEHICLE,Clear,DRY,Daylight,NO CONTROLS,NONE DETECTED,Yes,No Apparent Injury,N/A,OTHER DISTRACTION,MD,PASSENGER CAR,MOVING CONSTANT SPEED,35,No,2020,TOYT,HIGHLANDER,39.1198,-77.15692167,2022,11,9
220049222,Property Damage Crash,11/08/2022 07:55:00 AM,CEDAR LA,NA,SAME DIR REAR END,Clear,DRY,Daylight,TRAFFIC SIGNAL,NONE DETECTED,Yes,No Apparent Injury,N/A,NOT DISTRACTED,MD,(SPORT) UTILITY VEHICLE,ACCELERATING,25,No,2015,CHEVY,SUBURBAN,39.00671833,-77.09678,2022,11,7
220049222,Property Damage Crash,11/08/2022 07:55:00 AM,CEDAR LA,NA,SAME DIR REAR END,Clear,DRY,Daylight,TRAFFIC SIGNAL,NONE DETECTED,No,No Apparent Injury,N/A,NOT DISTRACTED,MD,PICKUP TRUCK,SLOWING OR STOPPING,25,No,2016,GMC,SIERRA,39.00671833,-77.09678,2022,11,7
220049219,Fatal Crash,11/08/2022 07:20:00 AM,SCHOOL DR,PEDESTRIAN,SINGLE VEHICLE,Clear,DRY,Daylight,NO CONTROLS,ALCOHOL PRESENT,Yes,No Apparent Injury,N/A,UNKNOWN,MD,PASSENGER CAR,MOVING CONSTANT SPEED,25,No,2007,TOYOTA,PRIUS,39.11820121,-77.21493809,2022,11,7
220049221,Property Damage Crash,11/08/2022 05:16:00 AM,SCHINDLER DR,NA,SAME DIR REAR END,Clear,DRY,Dark,NO CONTROLS,NONE DETECTED,Yes,No Apparent Injury,N/A,UNKNOWN,NA,PASSENGER CAR,MOVING CONSTANT SPEED,25,No,2012,NISSAN,MAXIMA,39.03408,-77.00080833,2022,11,5
220048536,Property Damage Crash,11/08/2022 01:20:00 AM,CAPITAL BELTWAY,NA,SINGLE VEHICLE,Clear,"MUD, DIRT, GRAVEL",Medium,N/A,NONE DETECTED,Yes,No Apparent Injury,"N/A, V EXHAUST SYSTEM|R OTHER ROAD",NOT DISTRACTED,MD,POLICE VEHICLE/EMERGENCY,CHANGING LANES,55,No,2012,DODGE,CHARGER,39.01979857,-76.97725528,2022,11,1
220049192,Property Damage Crash,11/07/2022 08:06:00 PM,WOODFIELD RD,NA,OPPOSITE DIRECTION SIDESWIPE,Clear,DRY,Medium,NO CONTROLS,NONE DETECTED,No,No Apparent Injury,N/A,NOT DISTRACTED,MD,PASSENGER CAR,STOPPED IN TRAFFIC LANE,15,No,2015,VOLKSWAGEN,TK,39.15723584,-77.16312643,2022,11,20
220049192,Property Damage Crash,11/07/2022 08:06:00 PM,WOODFIELD RD,NA,OPPOSITE DIRECTION SIDESWIPE,Clear,DRY,Medium,NO CONTROLS,NONE DETECTED,Yes,No Apparent Injury,N/A,UNKNOWN,NA,VAN,MOVING CONSTANT SPEED,15,No,2000,FORD,ECONOLINE E150,39.15723584,-77.16312643,2022,11,20
220049173,Injury Crash,11/07/2022 06:13:00 PM,GEORGIA AVE,OTHER CONVEYANCE,HEAD ON LEFT TURN,Clear,DRY,Medium,NO CONTROLS,NONE DETECTED,Yes,No Apparent Injury,N/A,LOOKED BUT DID NOT SEE,MD,PASSENGER CAR,STARTING FROM LANE,35,No,2017,NISSAN,ALTIMA,39.06520703,-77.05779474,2022,11,18
220049171,Property Damage Crash,11/07/2022 05:39:00 PM,NEW HAMPSHIRE AVE,NA,STRAIGHT MOVEMENT ANGLE,Clear,DRY,Medium,TRAFFIC SIGNAL,NONE DETECTED,No,No Apparent Injury,N/A,NOT DISTRACTED,MD,PASSENGER CAR,MOVING CONSTANT SPEED,40,No,2011,GMC,ACADIA,39.029655,-76.98367,2022,11,17
220049171,Property Damage Crash,11/07/2022 05:39:00 PM,NEW HAMPSHIRE AVE,NA,STRAIGHT MOVEMENT ANGLE,Clear,DRY,Medium,TRAFFIC SIGNAL,NONE DETECTED,Yes,No Apparent Injury,N/A,LOOKED BUT DID NOT SEE,MD,PASSENGER CAR,MOVING CONSTANT SPEED,40,No,2016,JEEP,CHEROKEE,39.029655,-76.98367,2022,11,17
220049166,Injury Crash,11/07/2022 05:09:00 PM,ROCKVILLE PIKE,NA,SAME DIR REAR END,Clear,DRY,Medium,N/A,NONE DETECTED,Yes,Possible Minor Injury,N/A,UNKNOWN,MD,PASSENGER CAR,MOVING CONSTANT SPEED,30,No,2022,DODGE,CHARGER,39.08136873,-77.14656839,2022,11,17
220049166,Injury Crash,11/07/2022 05:09:00 PM,ROCKVILLE PIKE,NA,SAME DIR REAR END,Clear,DRY,Medium,N/A,NONE DETECTED,No,No Apparent Injury,N/A,NOT DISTRACTED,MD,PASSENGER CAR,STOPPED IN TRAFFIC LANE,30,No,2020,JEEP,COMPASS,39.08136873,-77.14656839,2022,11,17
220049169,Property Damage Crash,11/07/2022 04:58:00 PM,CALVERTON BLVD,NA,SAME DIR REAR END,Clear,DRY,Daylight,NO CONTROLS,NONE DETECTED,Yes,No Apparent Injury,N/A,UNKNOWN,NA,(SPORT) UTILITY VEHICLE,UNKNOWN,25,No,2015,NISSAN,SW,39.05657333,-76.94413333,2022,11,16
220049157,Property Damage Crash,11/07/2022 04:33:00 PM,NA,NA,SAME DIR REND RIGHT TURN,Clear,NA,Daylight,NO CONTROLS,NONE DETECTED,Yes,No Apparent Injury,N/A,UNKNOWN,NA,VAN,BACKING,5,No,2021,DODGE RAM,VAN,39.08000963,-77.0619521,2022,11,16
220049149,Injury Crash,11/07/2022 04:30:00 PM,TRAVIS AVE,NA,STRAIGHT MOVEMENT ANGLE,Clear,DRY,Daylight,STOP SIGN,NONE DETECTED,Unknown,No Apparent Injury,N/A,NOT DISTRACTED,MD,PASSENGER CAR,ACCELERATING,25,No,2004,HONDA,CRV,39.16243401,-77.21711584,2022,11,16
220049149,Injury Crash,11/07/2022 04:30:00 PM,TRAVIS AVE,NA,STRAIGHT MOVEMENT ANGLE,Clear,DRY,Daylight,STOP SIGN,NONE DETECTED,Unknown,Possible Minor Injury,N/A,NOT DISTRACTED,MD,PASSENGER CAR,ACCELERATING,25,No,2011,TOYOTA,CAMRY,39.16243401,-77.21711584,2022,11,16
220049153,Injury Crash,11/07/2022 04:15:00 PM,VEIRS MILL RD,NA,SAME DIR REAR END,Clear,DRY,Daylight,TRAFFIC SIGNAL,NONE DETECTED,No,No Apparent Injury,N/A,NOT DISTRACTED,MD,PICKUP TRUCK,SLOWING OR STOPPING,35,No,2021,FORD,F150,39.07259333,-77.11035167,2022,11,16
220049153,Injury Crash,11/07/2022 04:15:00 PM,VEIRS MILL RD,NA,SAME DIR REAR END,Clear,DRY,Daylight,TRAFFIC SIGNAL,NONE DETECTED,Yes,Possible Minor Injury,N/A,LOOKED BUT DID NOT SEE,FL,VAN,MOVING CONSTANT SPEED,35,No,2014,CHRYSLER,TOWN & COUNTRY,39.07259333,-77.11035167,2022,11,16
220049153,Injury Crash,11/07/2022 04:15:00 PM,VEIRS MILL RD,NA,SAME DIR REAR END,Clear,DRY,Daylight,TRAFFIC SIGNAL,NONE DETECTED,No,Possible Minor Injury,N/A,NOT DISTRACTED,MD,PICKUP TRUCK,SLOWING OR STOPPING,35,No,2014,TOYOTA,TACOMA,39.07259333,-77.11035167,2022,11,16
220049139,Injury Crash,11/07/2022 04:05:00 PM,CHERRY HILL RD,NA,SAME DIR REAR END,Clear,DRY,Daylight,TRAFFIC SIGNAL,NONE DETECTED,No,Possible Minor Injury,N/A,NOT DISTRACTED,MD,PASSENGER CAR,SLOWING OR STOPPING,15,No,2016,FORD,EDGE,39.06166333,-76.96065333,2022,11,16
220049139,Injury Crash,11/07/2022 04:05:00 PM,CHERRY HILL RD,NA,SAME DIR REAR END,Clear,DRY,Daylight,TRAFFIC SIGNAL,NONE DETECTED,Yes,No Apparent Injury,N/A,NOT DISTRACTED,MD,PASSENGER CAR,SLOWING OR STOPPING,15,No,2015,CHEV,TK,39.06166333,-76.96065333,2022,11,16
220049143,Injury Crash,11/07/2022 04:04:00 PM,YEARLING DR,PEDESTRIAN,SINGLE VEHICLE,Clear,DRY,Medium,NO CONTROLS,NONE DETECTED,Yes,Possible Minor Injury,"N/A, VISION OBSTRUCTION (INCL. BLINDED BY SUN)",LOOKED BUT DID NOT SEE,MD,PASSENGER CAR,MOVING CONSTANT SPEED,25,No,2012,BUIC,VERANO,39.09669081,-77.21431588,2022,11,16
220049135,Injury Crash,11/07/2022 03:43:00 PM,GEORGIA AVE,NA,SINGLE VEHICLE,Clear,DRY,Daylight,N/A,NONE DETECTED,Yes,Possible Minor Injury,N/A,NOT DISTRACTED,MD,PASSENGER CAR,MOVING CONSTANT SPEED,30,No,2012,CHEV,CRUZE,39.034918330000004,-77.04941167,2022,11,15
220049126,Injury Crash,11/07/2022 02:36:00 PM,HUNGERFORD DR,PEDESTRIAN,OTHER,Clear,DRY,Daylight,TRAFFIC SIGNAL,NONE DETECTED,Yes,No Apparent Injury,N/A,LOOKED BUT DID NOT SEE,MD,(SPORT) UTILITY VEHICLE,MAKING LEFT TURN,35,No,2012,CADI,TK,39.09434167,-77.15334167,2022,11,14
220049124,Injury Crash,11/07/2022 02:25:00 PM,W MONTGOMERY AVE,NA,STRAIGHT MOVEMENT ANGLE,Clear,DRY,Daylight,TRAFFIC SIGNAL,NONE DETECTED,Yes,No Apparent Injury,N/A,UNKNOWN,MD,PASSENGER CAR,MOVING CONSTANT SPEED,45,No,2017,ACURA,MDX,39.09994858,-77.18454929,2022,11,14
220049124,Injury Crash,11/07/2022 02:25:00 PM,W MONTGOMERY AVE,NA,STRAIGHT MOVEMENT ANGLE,Clear,DRY,Daylight,TRAFFIC SIGNAL,NONE DETECTED,No,Possible Minor Injury,N/A,NOT DISTRACTED,MD,PASSENGER CAR,MOVING CONSTANT SPEED,40,No,2022,JEEP,WRANGLER,39.09994858,-77.18454929,2022,11,14
220049120,Property Damage Crash,11/07/2022 02:12:00 PM,CRABBS BRANCH WAY,NA,OPPOSITE DIRECTION SIDESWIPE,Clear,DRY,Daylight,TRAFFIC SIGNAL,NONE DETECTED,Yes,No Apparent Injury,N/A,NOT DISTRACTED,PA,(SPORT) UTILITY VEHICLE,BACKING,25,No,2012,NISSAN,MURANO,39.124285,-77.16470167,2022,11,14
220049120,Property Damage Crash,11/07/2022 02:12:00 PM,CRABBS BRANCH WAY,NA,OPPOSITE DIRECTION SIDESWIPE,Clear,DRY,Daylight,TRAFFIC SIGNAL,NONE DETECTED,No,No Apparent Injury,N/A,NOT DISTRACTED,MD,SCHOOL BUS,STOPPED IN TRAFFIC LANE,25,No,2018,THOMAS BUILT,BUS,39.124285,-77.16470167,2022,11,14
220049109,Injury Crash,11/07/2022 01:14:00 PM,MONTGOMERY VILLAGE AVE,OTHER PEDALCYCLIST,ANGLE MEETS RIGHT TURN,Clear,DRY,Daylight,N/A,NONE DETECTED,No,No Apparent Injury,N/A,UNKNOWN,MD,PASSENGER CAR,MOVING CONSTANT SPEED,30,No,2008,TOYOTA,CAMRY,39.18244333,-77.19905333,2022,11,13
220049105,Injury Crash,11/07/2022 12:50:00 PM,VEIRS MILL RD,NA,STRAIGHT MOVEMENT ANGLE,Clear,DRY,Daylight,TRAFFIC SIGNAL,NONE DETECTED,Yes,Suspected Serious Injury,N/A,UNKNOWN,MD,PASSENGER CAR,ACCELERATING,40,No,2002,TOYOTA,SIENNA,39.05279833,-77.07706,2022,11,12
220049105,Injury Crash,11/07/2022 12:50:00 PM,VEIRS MILL RD,NA,STRAIGHT MOVEMENT ANGLE,Clear,DRY,Daylight,TRAFFIC SIGNAL,NONE DETECTED,No,No Apparent Injury,N/A,NOT DISTRACTED,MD,PASSENGER CAR,MOVING CONSTANT SPEED,40,No,2004,ACUR,SD,39.05279833,-77.07706,2022,11,12
220049102,Property Damage Crash,11/07/2022 12:35:00 PM,RUSSELL AVE,NA,SAME DIR REND LEFT TURN,Clear,DRY,Daylight,N/A,NONE DETECTED,Yes,No Apparent Injury,N/A,UNKNOWN,NY,PASSENGER CAR,MAKING LEFT TURN,35,No,2010,HONDA,CIVIC,39.15688,-77.21235833,2022,11,12
220049102,Property Damage Crash,11/07/2022 12:35:00 PM,RUSSELL AVE,NA,SAME DIR REND LEFT TURN,Clear,DRY,Daylight,N/A,NONE DETECTED,No,No Apparent Injury,N/A,NOT DISTRACTED,MD,PASSENGER CAR,MOVING CONSTANT SPEED,35,No,2022,LEXUS,TK,39.15688,-77.21235833,2022,11,12
220049107,Property Damage Crash,11/07/2022 12:33:00 PM,NICHOLSON LA,NA,STRAIGHT MOVEMENT ANGLE,Clear,DRY,Daylight,NO CONTROLS,NONE DETECTED,No,No Apparent Injury,N/A,NOT DISTRACTED,MD,(SPORT) UTILITY VEHICLE,MOVING CONSTANT SPEED,35,No,2015,LEXS,RX350,39.04469933,-77.1112675,2022,11,12
220049107,Property Damage Crash,11/07/2022 12:33:00 PM,NICHOLSON LA,NA,STRAIGHT MOVEMENT ANGLE,Clear,DRY,Daylight,NO CONTROLS,NONE DETECTED,Yes,No Apparent Injury,N/A,LOOKED BUT DID NOT SEE,MD,PASSENGER CAR,MAKING LEFT TURN,35,No,2012,NISS,ALTIMA,39.04469933,-77.1112675,2022,11,12
220049092,Property Damage Crash,11/07/2022 10:43:00 AM,GREAT SENECA HWY,NA,SAME DIR REAR END,Clear,DRY,Daylight,OTHER,NONE DETECTED,Yes,No Apparent Injury,N/A,LOOKED BUT DID NOT SEE,HI,PASSENGER CAR,MOVING CONSTANT SPEED,50,No,2015,KIA,UT,39.1182285,-77.22351483,2022,11,10
220045349,Injury Crash,11/07/2022 10:30:00 AM,CARROLL AVE,NA,STRAIGHT MOVEMENT ANGLE,Cloudy,DRY,Daylight,STOP SIGN,NONE DETECTED,Yes,No Apparent Injury,N/A,NOT DISTRACTED,MD,PASSENGER CAR,STARTING FROM LANE,25,No,2013,FORD,TK,38.99242745,-76.9929432,2022,11,10
220045349,Injury Crash,11/07/2022 10:30:00 AM,CARROLL AVE,NA,STRAIGHT MOVEMENT ANGLE,Cloudy,DRY,Daylight,STOP SIGN,NONE DETECTED,No,Possible Minor Injury,N/A,NOT DISTRACTED,MD,PASSENGER CAR,MOVING CONSTANT SPEED,25,No,2014,DODGE,CARAVAN,38.99242745,-76.9929432,2022,11,10
220049077,Injury Crash,11/07/2022 10:02:00 AM,ZION RD,NA,STRAIGHT MOVEMENT ANGLE,Clear,DRY,Daylight,STOP SIGN,NONE DETECTED,Yes,Possible Minor Injury,N/A,UNKNOWN,MD,PASSENGER CAR,MOVING CONSTANT SPEED,40,No,2022,CHRYSLER,VOYAGER,39.20264017,-77.09741683,2022,11,10
220049077,Injury Crash,11/07/2022 10:02:00 AM,ZION RD,NA,STRAIGHT MOVEMENT ANGLE,Clear,DRY,Daylight,STOP SIGN,NONE DETECTED,No,Possible Minor Injury,N/A,NOT DISTRACTED,MD,PASSENGER CAR,MOVING CONSTANT SPEED,40,No,2014,BUICK,ENCLAVE,39.20264017,-77.09741683,2022,11,10
220049074,Property Damage Crash,11/07/2022 10:00:00 AM,CHESTNUT ST,NA,STRAIGHT MOVEMENT ANGLE,Clear,DRY,Daylight,TRAFFIC SIGNAL,NONE DETECTED,No,No Apparent Injury,N/A,NOT DISTRACTED,MD,PASSENGER CAR,MOVING CONSTANT SPEED,35,No,2016,TOYOTA,4D,39.14245578,-77.2001203,2022,11,10
220049074,Property Damage Crash,11/07/2022 10:00:00 AM,CHESTNUT ST,NA,STRAIGHT MOVEMENT ANGLE,Clear,DRY,Daylight,TRAFFIC SIGNAL,NONE DETECTED,Yes,No Apparent Injury,N/A,LOOKED BUT DID NOT SEE,MD,PASSENGER CAR,MOVING CONSTANT SPEED,30,No,2016,HONDA,4D,39.14245578,-77.2001203,2022,11,10
220049064,Injury Crash,11/07/2022 09:19:00 AM,EISENHOWER MEMORIAL HWY,NA,SAME DIRECTION SIDESWIPE,Clear,DRY,Daylight,N/A,NONE DETECTED,Yes,No Apparent Injury,N/A,TALKING OR LISTENING TO CELLULAR PHONE,NA,(SPORT) UTILITY VEHICLE,MOVING CONSTANT SPEED,55,No,9999,UNK,UNK,39.20355,-77.26913833,2022,11,9
220049064,Injury Crash,11/07/2022 09:19:00 AM,EISENHOWER MEMORIAL HWY,NA,SAME DIRECTION SIDESWIPE,Clear,DRY,Daylight,N/A,NONE DETECTED,No,Possible Minor Injury,N/A,NOT DISTRACTED,MD,VAN,MOVING CONSTANT SPEED,55,No,2018,FORD,T350,39.20355,-77.26913833,2022,11,9
220049060,Property Damage Crash,11/07/2022 08:37:00 AM,WISCONSIN AVE,NA,SAME DIRECTION SIDESWIPE,Clear,DRY,Daylight,N/A,NONE DETECTED,Yes,No Apparent Injury,N/A,UNKNOWN,NA,UNKNOWN,CHANGING LANES,5,No,0,UNKNOWN,UNKNOWN,38.99280978,-77.09597736,2022,11,8
220049060,Property Damage Crash,11/07/2022 08:37:00 AM,WISCONSIN AVE,NA,SAME DIRECTION SIDESWIPE,Clear,DRY,Daylight,N/A,NONE DETECTED,No,No Apparent Injury,N/A,NOT DISTRACTED,MD,(SPORT) UTILITY VEHICLE,MOVING CONSTANT SPEED,20,No,2022,VOLK,UT,38.99280978,-77.09597736,2022,11,8
220049061,Property Damage Crash,11/07/2022 08:00:00 AM,DOUBLELAND RD,NA,SINGLE VEHICLE,Clear,WET,Daylight,NO CONTROLS,NONE DETECTED,Yes,No Apparent Injury,"N/A, WET",NOT DISTRACTED,MD,PASSENGER CAR,MOVING CONSTANT SPEED,35,No,2017,TOYOTA,CAMRY,39.18792167,-77.16879167,2022,11,8
220049053,Injury Crash,11/07/2022 07:50:00 AM,PINEY MEETINGHOUSE RD,NA,SAME DIR REAR END,Clear,N/A,Daylight,N/A,NONE DETECTED,No,Possible Minor Injury,"N/A, WET",NOT DISTRACTED,MD,PASSENGER CAR,MAKING LEFT TURN,40,No,2018,JEEP,RUBICON,39.07236317,-77.22468433,2022,11,7
220049053,Injury Crash,11/07/2022 07:50:00 AM,PINEY MEETINGHOUSE RD,NA,SAME DIR REAR END,Clear,N/A,Daylight,N/A,NONE DETECTED,Yes,No Apparent Injury,"N/A, WET",NOT DISTRACTED,MD,PASSENGER CAR,SLOWING OR STOPPING,40,No,2021,SUBA,OUTBACK,39.07236317,-77.22468433,2022,11,7
220049052,Property Damage Crash,11/07/2022 07:40:00 AM,GERMANTOWN RD,NA,SINGLE VEHICLE,Cloudy,WET,Daylight,NO CONTROLS,NONE DETECTED,Yes,No Apparent Injury,"N/A, WET",NOT DISTRACTED,MD,PASSENGER CAR,MAKING LEFT TURN,40,No,2014,HOND,CIVIC,39.19091808,-77.22757313,2022,11,7
220049048,Property Damage Crash,11/07/2022 06:55:00 AM,FIRSTFIELD RD,NA,SAME DIR REAR END,Clear,WET,Daylight,NO CONTROLS,NONE DETECTED,No,No Apparent Injury,"N/A, WET",NOT DISTRACTED,MD,TRANSIT BUS,SLOWING OR STOPPING,30,No,2018,GILG,BU,39.14328847,-77.22408658,2022,11,6
220049048,Property Damage Crash,11/07/2022 06:55:00 AM,FIRSTFIELD RD,NA,SAME DIR REAR END,Clear,WET,Daylight,NO CONTROLS,NONE DETECTED,Yes,No Apparent Injury,"N/A, WET",LOOKED BUT DID NOT SEE,MD,"OTHER LIGHT TRUCKS (10,000LBS (4,536KG) OR LESS)",ACCELERATING,30,No,2006,FORD,VN,39.14328847,-77.22408658,2022,11,6
220049045,Property Damage Crash,11/07/2022 06:28:00 AM,NEW HAMPSHIRE AVE,NA,SAME DIR REAR END,Clear,DRY,Medium,NO CONTROLS,NONE DETECTED,No,No Apparent Injury,N/A,NOT DISTRACTED,MD,PASSENGER CAR,SLOWING OR STOPPING,35,No,2008,HOND,ACCOR,39.00984333,-76.97938833,2022,11,6
220049045,Property Damage Crash,11/07/2022 06:28:00 AM,NEW HAMPSHIRE AVE,NA,SAME DIR REAR END,Clear,DRY,Medium,NO CONTROLS,NONE DETECTED,Yes,No Apparent Injury,N/A,NOT DISTRACTED,MD,PASSENGER CAR,SLOWING OR STOPPING,35,No,2008,HOND,CIVIC,39.00984333,-76.97938833,2022,11,6
220049043,Injury Crash,11/07/2022 05:15:00 AM,COLESVILLE RD,NA,SAME DIR REAR END,Clear,DRY,Medium,TRAFFIC SIGNAL,NONE DETECTED,No,No Apparent Injury,N/A,NOT DISTRACTED,MD,(SPORT) UTILITY VEHICLE,STOPPED IN TRAFFIC LANE,35,No,2019,TOYOTA,RAV4,39.00792333,-77.01991667,2022,11,5
220049043,Injury Crash,11/07/2022 05:15:00 AM,COLESVILLE RD,NA,SAME DIR REAR END,Clear,DRY,Medium,TRAFFIC SIGNAL,NONE DETECTED,Yes,No Apparent Injury,N/A,NOT DISTRACTED,MD,PASSENGER CAR,STARTING FROM LANE,35,No,2015,LEXUS,GS350,39.00792333,-77.01991667,2022,11,5
220049044,Property Damage Crash,11/07/2022 04:51:00 AM,WHITES FERRY RD,NA,SINGLE VEHICLE,Cloudy,WET,Medium,N/A,NONE DETECTED,No,No Apparent Injury,"ANIMAL, WET",NOT DISTRACTED,MD,(SPORT) UTILITY VEHICLE,MOVING CONSTANT SPEED,40,No,2022,HONDA,CRV,39.15384583,-77.44119333,2022,11,4
220049038,Property Damage Crash,11/07/2022 02:45:00 AM,RIDGE RD,NA,SINGLE VEHICLE,Clear,DRY,Dark,NO CONTROLS,NONE DETECTED,No,No Apparent Injury,"ANIMAL, N/A",NOT DISTRACTED,MD,POLICE VEHICLE/NON EMERGENCY,MOVING CONSTANT SPEED,45,No,2019,DODGE,CHARGER,39.243383,-77.234687,2022,11,2
220049039,Injury Crash,11/07/2022 02:44:00 AM,MUNCASTER MILL RD,NA,SINGLE VEHICLE,Clear,WET,Dark,N/A,NONE DETECTED,Yes,Possible Minor Injury,"N/A, WET",NOT DISTRACTED,MD,PASSENGER CAR,MOVING CONSTANT SPEED,40,No,2022,TOYOTA,RAV4,39.11841021,-77.10318213,2022,11,2
220049034,Injury Crash,11/07/2022 12:09:00 AM,HUNGERFORD DR,NA,STRAIGHT MOVEMENT ANGLE,Clear,WET,Medium,TRAFFIC SIGNAL,NONE DETECTED,No,Possible Minor Injury,"N/A, WET",NOT DISTRACTED,MD,PASSENGER CAR,MOVING CONSTANT SPEED,35,No,2021,MAZDA,3,39.10342,-77.15600833,2022,11,0
220049034,Injury Crash,11/07/2022 12:09:00 AM,HUNGERFORD DR,NA,STRAIGHT MOVEMENT ANGLE,Clear,WET,Medium,TRAFFIC SIGNAL,NONE DETECTED,Unknown,Possible Minor Injury,"N/A, WET",UNKNOWN,MD,PASSENGER CAR,MAKING LEFT TURN,35,No,2011,NISSAN,ROGUE,39.10342,-77.15600833,2022,11,0
220049019,Property Damage Crash,11/06/2022 09:07:00 PM,WATKINS MILL RD,NA,SINGLE VEHICLE,Cloudy,WET,Medium,NO CONTROLS,NONE DETECTED,Yes,No Apparent Injury,"SMOG, SMOKE, WET",NOT DISTRACTED,MD,PASSENGER CAR,MOVING CONSTANT SPEED,35,No,2001,ACURA,SEDAN,39.1897927,-77.2209179,2022,11,21
220049004,Property Damage Crash,11/06/2022 06:25:00 PM,ELKIN ST,NA,SAME DIRECTION SIDESWIPE,Clear,DRY,Medium,NO CONTROLS,ALCOHOL PRESENT,Yes,No Apparent Injury,N/A,OTHER DISTRACTION,XX,PASSENGER CAR,MOVING CONSTANT SPEED,25,No,2005,ACURA,TSX,39.04346167,-77.04974333,2022,11,18
220049002,Property Damage Crash,11/06/2022 06:00:00 PM,WISCONSIN AVE,NA,HEAD ON LEFT TURN,Clear,DRY,Medium,NO CONTROLS,NONE DETECTED,Yes,No Apparent Injury,N/A,LOOKED BUT DID NOT SEE,MD,PASSENGER CAR,MAKING LEFT TURN,25,No,2021,TESLA,MODEL 3,38.99117333,-77.09546833,2022,11,18
220049002,Property Damage Crash,11/06/2022 06:00:00 PM,WISCONSIN AVE,NA,HEAD ON LEFT TURN,Clear,DRY,Medium,NO CONTROLS,NONE DETECTED,No,No Apparent Injury,N/A,NOT DISTRACTED,MD,PASSENGER CAR,MOVING CONSTANT SPEED,25,No,2019,BMW,X2,38.99117333,-77.09546833,2022,11,18
220048998,Injury Crash,11/06/2022 05:29:00 PM,FAIROAK DR,NA,SAME DIRECTION SIDESWIPE,Clear,DRY,Medium,NO CONTROLS,NONE DETECTED,Yes,Possible Minor Injury,N/A,OTHER DISTRACTION,MD,PASSENGER CAR,BACKING,25,No,2019,FORD,EXPEDITION,39.0430965,-77.013358,2022,11,17
220048993,Property Damage Crash,11/06/2022 04:34:00 PM,ROCKVILLE PIKE,NA,SINGLE VEHICLE,Rain,WET,Medium,TRAFFIC SIGNAL,NONE DETECTED,Yes,No Apparent Injury,"RAIN, SNOW, WET",NOT DISTRACTED,MD,PASSENGER CAR,SLOWING OR STOPPING,40,No,2008,KIA,SPECTRA,39.06955533,-77.13039783,2022,11,16
220048982,Property Damage Crash,11/06/2022 03:30:00 PM,E DIAMOND AVE,NA,SAME DIRECTION SIDESWIPE,Rain,WET,Daylight,NO CONTROLS,NONE DETECTED,No,No Apparent Injury,N/A,NOT DISTRACTED,MD,PASSENGER CAR,MAKING LEFT TURN,30,No,2004,TOYT,4S,39.14206625,-77.19523532,2022,11,15
220048982,Property Damage Crash,11/06/2022 03:30:00 PM,E DIAMOND AVE,NA,SAME DIRECTION SIDESWIPE,Rain,WET,Daylight,NO CONTROLS,NONE DETECTED,Yes,No Apparent Injury,N/A,UNKNOWN,NA,PASSENGER CAR,OTHER,30,No,2015,HYUN,SONATA,39.14206625,-77.19523532,2022,11,15
220048977,Injury Crash,11/06/2022 03:29:00 PM,SENECA MEADOWS PKWY,NA,SINGLE VEHICLE,Rain,WET,Daylight,N/A,NONE DETECTED,Yes,Possible Minor Injury,"RAIN, SNOW, WET",NOT DISTRACTED,MD,(SPORT) UTILITY VEHICLE,SKIDDING,30,No,2015,ACURA,MDX,39.19022146,-77.25774557,2022,11,15
220049872,Injury Crash,11/06/2022 03:07:00 PM,ODENDHAL AVE,NA,STRAIGHT MOVEMENT ANGLE,Clear,DRY,Daylight,NO CONTROLS,NONE DETECTED,No,No Apparent Injury,N/A,NOT DISTRACTED,MD,PASSENGER CAR,MOVING CONSTANT SPEED,25,No,2010,NISS,SD,39.149521,-77.20553283,2022,11,15
220049872,Injury Crash,11/06/2022 03:07:00 PM,ODENDHAL AVE,NA,STRAIGHT MOVEMENT ANGLE,Clear,DRY,Daylight,NO CONTROLS,NONE DETECTED,Yes,Possible Minor Injury,N/A,UNKNOWN,MD,PASSENGER CAR,MAKING LEFT TURN,25,No,2018,TOYOTA,CHR,39.149521,-77.20553283,2022,11,15
220048992,Property Damage Crash,11/06/2022 02:48:00 PM,GEORGIA AVE,NA,SAME DIRECTION RIGHT TURN,Cloudy,N/A,Daylight,NO CONTROLS,NONE DETECTED,No,No Apparent Injury,N/A,NOT DISTRACTED,DC,PASSENGER CAR,MOVING CONSTANT SPEED,35,No,2015,BMW,I8,39.01165529,-77.04133755,2022,11,14
220048992,Property Damage Crash,11/06/2022 02:48:00 PM,GEORGIA AVE,NA,SAME DIRECTION RIGHT TURN,Cloudy,N/A,Daylight,NO CONTROLS,NONE DETECTED,Yes,No Apparent Injury,N/A,UNKNOWN,NA,PASSENGER CAR,CHANGING LANES,35,No,1995,JEEP,CHEROKEE,39.01165529,-77.04133755,2022,11,14
220048965,Property Damage Crash,11/06/2022 01:45:00 PM,COLUMBIA PIKE,NA,SAME DIR REAR END,Clear,DRY,Daylight,TRAFFIC SIGNAL,NONE DETECTED,No,No Apparent Injury,N/A,NOT DISTRACTED,MD,PASSENGER CAR,SLOWING OR STOPPING,35,No,2017,TOYOTA,PRIUS,39.03010133,-77.00586133,2022,11,13
220048965,Property Damage Crash,11/06/2022 01:45:00 PM,COLUMBIA PIKE,NA,SAME DIR REAR END,Clear,DRY,Daylight,TRAFFIC SIGNAL,NONE DETECTED,No,No Apparent Injury,N/A,NOT DISTRACTED,MD,PASSENGER CAR,SLOWING OR STOPPING,35,No,2018,KIA,OPTIMA,39.03010133,-77.00586133,2022,11,13