Local Case Number,ACRS Report Type,Crash Date/Time,Road Name,Related Non-Motorist,Collision Type,Weather,Surface Condition,Light,Traffic Control,Driver Substance Abuse,Driver At Fault,Injury Severity,Circumstance,Driver Distracted By,Drivers License State,Vehicle Body Type,Vehicle Movement,Speed Limit,Driverless Vehicle,Vehicle Year,Vehicle Make,Vehicle Model,Latitude,Longitude,Year,Month,Hour
220048965,Property Damage Crash,11/06/2022 01:45:00 PM,COLUMBIA PIKE,NA,SAME DIR REAR END,Clear,DRY,Daylight,TRAFFIC SIGNAL,NONE DETECTED,Yes,No Apparent Injury,N/A,NOT DISTRACTED,MD,PASSENGER CAR,SLOWING OR STOPPING,35,No,2011,HONDA,CIVIC,39.03010133,-77.00586133,2022,11,13
220048959,Injury Crash,11/06/2022 01:20:00 PM,TRAVIS CT,NA,HEAD ON,Cloudy,DRY,Daylight,NO CONTROLS,NONE DETECTED,Unknown,No Apparent Injury,N/A,NOT DISTRACTED,MD,PASSENGER CAR,MOVING CONSTANT SPEED,15,No,1998,HONDA,CIVIC,39.16105602,-77.215221,2022,11,13
220048959,Injury Crash,11/06/2022 01:20:00 PM,TRAVIS CT,NA,HEAD ON,Cloudy,DRY,Daylight,NO CONTROLS,NONE DETECTED,Unknown,No Apparent Injury,N/A,NOT DISTRACTED,MD,PASSENGER CAR,MOVING CONSTANT SPEED,15,No,2013,HYUN,4S,39.16105602,-77.215221,2022,11,13
220048968,Property Damage Crash,11/06/2022 01:00:00 PM,NA,NA,OPPOSITE DIRECTION SIDESWIPE,Cloudy,NA,Daylight,NO CONTROLS,NONE DETECTED,Yes,No Apparent Injury,N/A,UNKNOWN,NA,PASSENGER CAR,MOVING CONSTANT SPEED,10,No,2017,NISSAN,TK,39.15701302,-77.21322537,2022,11,13
220048968,Property Damage Crash,11/06/2022 01:00:00 PM,NA,NA,OPPOSITE DIRECTION SIDESWIPE,Cloudy,NA,Daylight,NO CONTROLS,NONE DETECTED,No,No Apparent Injury,N/A,NOT DISTRACTED,MD,PASSENGER CAR,SLOWING OR STOPPING,10,No,2018,HONDA,CRV,39.15701302,-77.21322537,2022,11,13
220048958,Property Damage Crash,11/06/2022 12:52:00 PM,PINEY BRANCH RD,NA,STRAIGHT MOVEMENT ANGLE,Cloudy,DRY,Daylight,NO CONTROLS,NONE DETECTED,No,No Apparent Injury,N/A,NOT DISTRACTED,DC,PASSENGER CAR,MOVING CONSTANT SPEED,35,No,2013,MAZD,3,39.001195,-76.98600667,2022,11,12
220048958,Property Damage Crash,11/06/2022 12:52:00 PM,PINEY BRANCH RD,NA,STRAIGHT MOVEMENT ANGLE,Cloudy,DRY,Daylight,NO CONTROLS,NONE DETECTED,Yes,No Apparent Injury,N/A,LOOKED BUT DID NOT SEE,MD,PASSENGER CAR,MAKING LEFT TURN,5,No,1996,MERZ,E320,39.001195,-76.98600667,2022,11,12
220049078,Property Damage Crash,11/06/2022 11:15:00 AM,NA,NA,OTHER,Clear,NA,Daylight,NO CONTROLS,NONE DETECTED,Yes,No Apparent Injury,N/A,NOT DISTRACTED,MD,PASSENGER CAR,BACKING,25,No,2014,HONDA,ACCORD,39.2867923,-77.20141842,2022,11,11
220048945,Injury Crash,11/06/2022 10:59:00 AM,DEMOCRACY LA,PEDESTRIAN,OTHER,Clear,DRY,Daylight,NO CONTROLS,NONE DETECTED,No,No Apparent Injury,N/A,NOT DISTRACTED,MD,PASSENGER CAR,MOVING CONSTANT SPEED,25,No,2016,TOYOTA,PRIUS,39.23423667,-77.28175833,2022,11,10
220048941,Injury Crash,11/06/2022 10:39:00 AM,CONNECTICUT AVE,NA,STRAIGHT MOVEMENT ANGLE,Clear,WET,Daylight,NO CONTROLS,NONE DETECTED,No,Possible Minor Injury,N/A,NOT DISTRACTED,MD,PASSENGER CAR,MOVING CONSTANT SPEED,40,No,2015,HYUN,SONATA,39.0337565,-77.0750085,2022,11,10
220048941,Injury Crash,11/06/2022 10:39:00 AM,CONNECTICUT AVE,NA,STRAIGHT MOVEMENT ANGLE,Clear,WET,Daylight,NO CONTROLS,NONE DETECTED,Yes,No Apparent Injury,N/A,LOOKED BUT DID NOT SEE,VA,PASSENGER CAR,MAKING LEFT TURN,40,No,2015,HONDA,ACCORD,39.0337565,-77.0750085,2022,11,10
220048934,Property Damage Crash,11/06/2022 10:25:00 AM,FREDERICK RD,NA,STRAIGHT MOVEMENT ANGLE,Clear,DRY,Daylight,NO CONTROLS,NONE DETECTED,No,No Apparent Injury,N/A,NOT DISTRACTED,MD,PASSENGER CAR,MOVING CONSTANT SPEED,35,No,2004,HONDA,CIVIC,39.1448618,-77.20257148,2022,11,10
220048934,Property Damage Crash,11/06/2022 10:25:00 AM,FREDERICK RD,NA,STRAIGHT MOVEMENT ANGLE,Clear,DRY,Daylight,NO CONTROLS,NONE DETECTED,Yes,No Apparent Injury,N/A,LOOKED BUT DID NOT SEE,XX,(SPORT) UTILITY VEHICLE,ACCELERATING,35,No,2012,KIA,SORENTO,39.1448618,-77.20257148,2022,11,10
220048939,Property Damage Crash,11/06/2022 10:24:00 AM,ARLINGTON RD,NA,STRAIGHT MOVEMENT ANGLE,Rain,WET,Daylight,TRAFFIC SIGNAL,NONE DETECTED,Yes,No Apparent Injury,"N/A, WET",NOT DISTRACTED,DC,AMBULANCE/EMERGENCY,ACCELERATING,25,No,2021,FRHT,ST,38.97766333,-77.098595,2022,11,10
220048939,Property Damage Crash,11/06/2022 10:24:00 AM,ARLINGTON RD,NA,STRAIGHT MOVEMENT ANGLE,Rain,WET,Daylight,TRAFFIC SIGNAL,NONE DETECTED,No,No Apparent Injury,"N/A, WET",NOT DISTRACTED,MD,PASSENGER CAR,MOVING CONSTANT SPEED,25,No,2018,GMC,ARCADIA,38.97766333,-77.098595,2022,11,10
22001948,Property Damage Crash,11/06/2022 09:56:00 AM,E WAYNE AVE,NA,HEAD ON,Clear,DRY,Daylight,TRAFFIC SIGNAL,NONE DETECTED,Unknown,No Apparent Injury,N/A,NOT DISTRACTED,MD,PASSENGER CAR,MAKING LEFT TURN,25,No,2012,NISS,4D,38.9703921,-77.1004558,2022,11,9
22001948,Property Damage Crash,11/06/2022 09:56:00 AM,E WAYNE AVE,NA,HEAD ON,Clear,DRY,Daylight,TRAFFIC SIGNAL,NONE DETECTED,Unknown,No Apparent Injury,N/A,NOT DISTRACTED,MD,PASSENGER CAR,ACCELERATING,25,No,2008,HOND,4D,38.9703921,-77.1004558,2022,11,9
220048930,Property Damage Crash,11/06/2022 09:53:00 AM,CRABBS BRANCH WAY,NA,STRAIGHT MOVEMENT ANGLE,Rain,WET,Daylight,TRAFFIC SIGNAL,NONE DETECTED,Yes,No Apparent Injury,N/A,NOT DISTRACTED,MD,PASSENGER CAR,MOVING CONSTANT SPEED,35,No,2008,HOND,4S,39.1213,-77.15837667,2022,11,9
220048930,Property Damage Crash,11/06/2022 09:53:00 AM,CRABBS BRANCH WAY,NA,STRAIGHT MOVEMENT ANGLE,Rain,WET,Daylight,TRAFFIC SIGNAL,NONE DETECTED,No,No Apparent Injury,N/A,NOT DISTRACTED,MD,PICKUP TRUCK,MAKING LEFT TURN,35,No,2016,FORD,TK,39.1213,-77.15837667,2022,11,9
220048926,Injury Crash,11/06/2022 07:45:00 AM,GEORGIA AVE,NA,SAME DIR REAR END,Rain,WET,Daylight,NO CONTROLS,NONE DETECTED,Yes,No Apparent Injury,N/A,UNKNOWN,VA,(SPORT) UTILITY VEHICLE,MOVING CONSTANT SPEED,35,No,2015,MERCEDES,4D,38.99727988,-77.02959781,2022,11,7
220048926,Injury Crash,11/06/2022 07:45:00 AM,GEORGIA AVE,NA,SAME DIR REAR END,Rain,WET,Daylight,NO CONTROLS,NONE DETECTED,No,Possible Minor Injury,N/A,NOT DISTRACTED,MD,PASSENGER CAR,STOPPED IN TRAFFIC LANE,35,No,2007,NISSAN,MAXIMA,38.99727988,-77.02959781,2022,11,7
220048918,Property Damage Crash,11/06/2022 05:15:00 AM,AMHERST AVE,NA,HEAD ON,Rain,WET,Dark,NO CONTROLS,ALCOHOL PRESENT,Yes,No Apparent Injury,N/A,UNKNOWN,MD,PICKUP TRUCK,MOVING CONSTANT SPEED,30,No,2011,RAM,TK,39.033235,-77.04700667,2022,11,5
22004891,Property Damage Crash,11/06/2022 04:15:00 AM,SHADY GROVE RD,NA,STRAIGHT MOVEMENT ANGLE,Rain,WET,Medium,TRAFFIC SIGNAL,NONE DETECTED,No,No Apparent Injury,"N/A, RAIN, SNOW",NOT DISTRACTED,MD,PASSENGER CAR,MOVING CONSTANT SPEED,40,No,2022,TOYT,UT,39.09689606,-77.19470214,2022,11,4
22004891,Property Damage Crash,11/06/2022 04:15:00 AM,SHADY GROVE RD,NA,STRAIGHT MOVEMENT ANGLE,Rain,WET,Medium,TRAFFIC SIGNAL,NONE DETECTED,Yes,No Apparent Injury,"N/A, RAIN, SNOW",LOOKED BUT DID NOT SEE,MD,PASSENGER CAR,STARTING FROM LANE,40,No,2012,VOLK,SD,39.09689606,-77.19470214,2022,11,4
220048915,Injury Crash,11/06/2022 03:45:00 AM,COLESVILLE RD,NA,STRAIGHT MOVEMENT ANGLE,Clear,DRY,Medium,TRAFFIC SIGNAL,NONE DETECTED,No,Possible Minor Injury,N/A,NOT DISTRACTED,PA,PASSENGER CAR,MOVING CONSTANT SPEED,35,No,2018,HYUNDAI,SONATA,39.0202906,-77.01262967,2022,11,3
220048915,Injury Crash,11/06/2022 03:45:00 AM,COLESVILLE RD,NA,STRAIGHT MOVEMENT ANGLE,Clear,DRY,Medium,TRAFFIC SIGNAL,ALCOHOL PRESENT,Yes,No Apparent Injury,N/A,UNKNOWN,DC,(SPORT) UTILITY VEHICLE,MOVING CONSTANT SPEED,35,No,2022,FORD,EXPLORER,39.0202906,-77.01262967,2022,11,3
220048908,Property Damage Crash,11/06/2022 02:48:00 AM,GEORGIA AVE,NA,SINGLE VEHICLE,Clear,DRY,Medium,TRAFFIC SIGNAL,NONE DETECTED,Yes,No Apparent Injury,N/A,OTHER DISTRACTION,MD,PASSENGER CAR,MOVING CONSTANT SPEED,35,No,2016,BMW,328I,39.0840105,-77.07703083,2022,11,2
220048900,Fatal Crash,11/06/2022 01:49:00 AM,GEORGIA AVE,NA,SINGLE VEHICLE,Clear,DRY,Medium,NO CONTROLS,ALCOHOL PRESENT,Yes,Fatal Injury,N/A,UNKNOWN,MD,PASSENGER CAR,SKIDDING,35,No,2010,NISSAN,SENTRA,39.07208667,-77.06432333,2022,11,1
22004887,Property Damage Crash,11/05/2022 10:12:00 PM,LITTLE SENECA PKWY,NA,SINGLE VEHICLE,Clear,DRY,Medium,NO CONTROLS,NONE DETECTED,Yes,No Apparent Injury,N/A,NOT DISTRACTED,NA,(SPORT) UTILITY VEHICLE,MOVING CONSTANT SPEED,35,No,2016,TOYOTA,HIGHLANDER,39.22648833,-77.25596333,2022,11,22
22001946,Property Damage Crash,11/05/2022 10:02:00 PM,ROCKVILLE PIKE,NA,SAME DIRECTION RIGHT TURN,Clear,DRY,Medium,TRAFFIC SIGNAL,NONE DETECTED,No,No Apparent Injury,N/A,NOT DISTRACTED,MD,PASSENGER CAR,MOVING CONSTANT SPEED,35,No,2016,FORD,TK,39.08137317,-77.14555467,2022,11,22
22001946,Property Damage Crash,11/05/2022 10:02:00 PM,ROCKVILLE PIKE,NA,SAME DIRECTION RIGHT TURN,Clear,DRY,Medium,TRAFFIC SIGNAL,NONE DETECTED,Yes,No Apparent Injury,N/A,OTHER DISTRACTION,VA,PASSENGER CAR,MOVING CONSTANT SPEED,35,No,2009,TOYOTA,PRIUS,39.08137317,-77.14555467,2022,11,22
220048879,Property Damage Crash,11/05/2022 09:32:00 PM,ROYAL DOMINION DR,NA,SAME DIR REAR END,Clear,DRY,Medium,TRAFFIC SIGNAL,NONE DETECTED,No,No Apparent Injury,N/A,NOT DISTRACTED,DC,PASSENGER CAR,SLOWING OR STOPPING,35,No,2021,NISSAN,SENTRA,38.989383,-77.14926283,2022,11,21
220048879,Property Damage Crash,11/05/2022 09:32:00 PM,ROYAL DOMINION DR,NA,SAME DIR REAR END,Clear,DRY,Medium,TRAFFIC SIGNAL,NONE DETECTED,Yes,No Apparent Injury,N/A,LOOKED BUT DID NOT SEE,VA,PASSENGER CAR,MOVING CONSTANT SPEED,35,No,2009,HYUNDAI,SONATA,38.989383,-77.14926283,2022,11,21
220048880,Property Damage Crash,11/05/2022 09:15:00 PM,EMORY GROVE RD,NA,SAME DIR REAR END,Clear,DRY,Medium,NO CONTROLS,NONE DETECTED,No,No Apparent Injury,N/A,NOT DISTRACTED,MD,PASSENGER CAR,SLOWING OR STOPPING,30,No,2022,HONDA,ACCORD,39.1548355,-77.20418347,2022,11,21
220048880,Property Damage Crash,11/05/2022 09:15:00 PM,EMORY GROVE RD,NA,SAME DIR REAR END,Clear,DRY,Medium,NO CONTROLS,ALCOHOL PRESENT,Yes,No Apparent Injury,N/A,LOOKED BUT DID NOT SEE,MD,PASSENGER CAR,MOVING CONSTANT SPEED,30,No,2004,PONTIAC,4D,39.1548355,-77.20418347,2022,11,21
220048880,Property Damage Crash,11/05/2022 09:15:00 PM,EMORY GROVE RD,NA,SAME DIR REAR END,Clear,DRY,Medium,NO CONTROLS,NONE DETECTED,No,No Apparent Injury,N/A,NOT DISTRACTED,DC,PASSENGER CAR,SLOWING OR STOPPING,30,No,2014,BUICK,ENCLAVE,39.1548355,-77.20418347,2022,11,21
220048867,Injury Crash,11/05/2022 07:35:00 PM,DARNESTOWN RD,NA,HEAD ON LEFT TURN,Clear,DRY,Medium,NO CONTROLS,NONE DETECTED,No,Possible Minor Injury,N/A,NOT DISTRACTED,MD,PASSENGER CAR,MOVING CONSTANT SPEED,50,No,2015,TOYOTA,HIGHLANDER,39.118902,-77.317285,2022,11,19
220048867,Injury Crash,11/05/2022 07:35:00 PM,DARNESTOWN RD,NA,HEAD ON LEFT TURN,Clear,DRY,Medium,NO CONTROLS,NONE DETECTED,Yes,Possible Minor Injury,N/A,UNKNOWN,MD,PASSENGER CAR,MAKING LEFT TURN,50,No,2018,JEEP,COMPASS,39.118902,-77.317285,2022,11,19
220048863,Property Damage Crash,11/05/2022 07:30:00 PM,FIRST ST,NA,SAME DIR REAR END,Clear,DRY,Medium,TRAFFIC SIGNAL,ALCOHOL PRESENT,Yes,No Apparent Injury,N/A,LOOKED BUT DID NOT SEE,MD,PASSENGER CAR,SLOWING OR STOPPING,45,No,2019,FORD,FIESTA,39.084849,-77.1361697,2022,11,19
220048863,Property Damage Crash,11/05/2022 07:30:00 PM,FIRST ST,NA,SAME DIR REAR END,Clear,DRY,Medium,TRAFFIC SIGNAL,NONE DETECTED,No,No Apparent Injury,N/A,NOT DISTRACTED,MD,PASSENGER CAR,SLOWING OR STOPPING,45,No,2016,NISSAN,ROGUE,39.084849,-77.1361697,2022,11,19
220048866,Property Damage Crash,11/05/2022 07:17:00 PM,NA,NA,OTHER,Clear,NA,Medium,NO CONTROLS,NONE DETECTED,Yes,No Apparent Injury,N/A,UNKNOWN,NA,PASSENGER CAR,BACKING,15,No,2008,TOYOTA,4D,39.14681337,-77.20585788,2022,11,19
220048835,Property Damage Crash,11/05/2022 04:22:00 PM,OLD COLUMBIA PIKE,NA,SAME DIR REAR END,Clear,DRY,Daylight,NO CONTROLS,NONE DETECTED,No,No Apparent Injury,N/A,NOT DISTRACTED,MD,OTHER,ACCELERATING,40,No,2000,FORD,UTILIMASTER,39.09392617,-76.94681217,2022,11,16
220048835,Property Damage Crash,11/05/2022 04:22:00 PM,OLD COLUMBIA PIKE,NA,SAME DIR REAR END,Clear,DRY,Daylight,NO CONTROLS,NONE DETECTED,Yes,No Apparent Injury,N/A,NOT DISTRACTED,MD,PASSENGER CAR,MOVING CONSTANT SPEED,40,No,2020,HYUNDA,4S,39.09392617,-76.94681217,2022,11,16
220048833,Injury Crash,11/05/2022 04:10:00 PM,RANDOLPH RD,NA,SINGLE VEHICLE,Clear,DRY,Daylight,NO CONTROLS,NONE DETECTED,Yes,Possible Minor Injury,N/A,OTHER DISTRACTION,MD,VAN,MOVING CONSTANT SPEED,40,No,2005,FORD,E250,39.06433667,-77.03975333,2022,11,16
220048827,Injury Crash,11/05/2022 03:51:00 PM,GEORGIA AVE,PEDESTRIAN,OTHER,Clear,DRY,Daylight,TRAFFIC SIGNAL,NONE DETECTED,No,No Apparent Injury,N/A,LOOKED BUT DID NOT SEE,MD,PASSENGER CAR,MAKING LEFT TURN,30,No,2018,MADZA,CX-9,39.01520562,-77.04259605,2022,11,15
220048821,Injury Crash,11/05/2022 03:00:00 PM,RALPH RD,NA,STRAIGHT MOVEMENT ANGLE,Clear,DRY,Daylight,STOP SIGN,NONE DETECTED,No,No Apparent Injury,N/A,NOT DISTRACTED,MD,PASSENGER CAR,MOVING CONSTANT SPEED,25,No,2004,ACURA,SD,39.07379113,-77.07654184,2022,11,15
220048821,Injury Crash,11/05/2022 03:00:00 PM,RALPH RD,NA,STRAIGHT MOVEMENT ANGLE,Clear,DRY,Daylight,STOP SIGN,NONE DETECTED,Yes,Possible Minor Injury,N/A,NOT DISTRACTED,MD,PASSENGER CAR,STARTING FROM LANE,25,No,2011,ACURA,TSX,39.07379113,-77.07654184,2022,11,15
220048796,Injury Crash,11/05/2022 11:00:00 AM,RIDGE RD,NA,SAME DIR REAR END,Clear,DRY,Daylight,TRAFFIC SIGNAL,NONE DETECTED,Yes,No Apparent Injury,N/A,NOT DISTRACTED,MD,(SPORT) UTILITY VEHICLE,ACCELERATING,30,No,2010,SUBARU,FORESTER,39.28526326,-77.20952396,2022,11,11
220048796,Injury Crash,11/05/2022 11:00:00 AM,RIDGE RD,NA,SAME DIR REAR END,Clear,DRY,Daylight,TRAFFIC SIGNAL,NONE DETECTED,No,Possible Minor Injury,N/A,NOT DISTRACTED,MD,PASSENGER CAR,STARTING FROM LANE,30,No,2010,CHEVROLET,CAMARO,39.28526326,-77.20952396,2022,11,11
220048791,Injury Crash,11/05/2022 10:23:00 AM,REDLAND RD,NA,STRAIGHT MOVEMENT ANGLE,Clear,DRY,Daylight,TRAFFIC SIGNAL,NONE DETECTED,Yes,No Apparent Injury,N/A,NOT DISTRACTED,MD,PASSENGER CAR,MOVING CONSTANT SPEED,40,No,2011,NISSAN,JUKE,39.11571878,-77.16619747,2022,11,10
220048791,Injury Crash,11/05/2022 10:23:00 AM,REDLAND RD,NA,STRAIGHT MOVEMENT ANGLE,Clear,DRY,Daylight,TRAFFIC SIGNAL,NONE DETECTED,No,Possible Minor Injury,N/A,NOT DISTRACTED,MD,(SPORT) UTILITY VEHICLE,MOVING CONSTANT SPEED,30,No,2010,TOYOTA,VENZA,39.11571878,-77.16619747,2022,11,10
220048788,Injury Crash,11/05/2022 10:06:00 AM,CRABBS BRANCH WAY,NA,STRAIGHT MOVEMENT ANGLE,Clear,DRY,Daylight,STOP SIGN,NONE DETECTED,No,Possible Minor Injury,N/A,UNKNOWN,MD,PASSENGER CAR,MOVING CONSTANT SPEED,35,No,2006,HUNDAY,ELANTRA,39.12656333,-77.166095,2022,11,10
220048788,Injury Crash,11/05/2022 10:06:00 AM,CRABBS BRANCH WAY,NA,STRAIGHT MOVEMENT ANGLE,Clear,DRY,Daylight,STOP SIGN,NONE DETECTED,Yes,No Apparent Injury,N/A,UNKNOWN,MD,PASSENGER CAR,MAKING LEFT TURN,25,No,2020,TESLA,3,39.12656333,-77.166095,2022,11,10
220048786,Property Damage Crash,11/05/2022 10:00:00 AM,SANDY SPRING RD,BICYCLIST,OTHER,Clear,DRY,Daylight,NO CONTROLS,NONE DETECTED,Yes,No Apparent Injury,N/A,NOT DISTRACTED,MD,PASSENGER CAR,MAKING RIGHT TURN,35,No,2009,HOND,CP,39.110698,-76.93398367,2022,11,10
220048784,Property Damage Crash,11/05/2022 09:52:00 AM,DAVIS MILL RD,NA,SINGLE VEHICLE,Clear,DRY,Daylight,NO CONTROLS,NONE DETECTED,Yes,No Apparent Injury,N/A,UNKNOWN,MD,PICKUP TRUCK,MOVING CONSTANT SPEED,25,No,2000,FORD,F-150,39.20983067,-77.207687,2022,11,9
220048775,Property Damage Crash,11/05/2022 09:05:00 AM,MONTGOMERY VILLAGE AVE,NA,SINGLE VEHICLE,Clear,DRY,Daylight,N/A,NONE DETECTED,No,No Apparent Injury,N/A,NOT DISTRACTED,MD,PASSENGER CAR,MOVING CONSTANT SPEED,35,No,2021,HYUNDAI,ELANTRA,39.16843,-77.20493667,2022,11,9
220048764,Property Damage Crash,11/05/2022 05:00:00 AM,FATHER HURLEY BLVD,NA,SINGLE VEHICLE,Clear,DRY,Medium,FLASHING TRAFFIC SIGNAL,NONE DETECTED,Yes,No Apparent Injury,N/A,INATTENTIVE OR LOST IN THOUGHT,MD,PASSENGER CAR,MOVING CONSTANT SPEED,30,No,2010,HYUN,TUCSON,39.18384117,-77.27329667,2022,11,5
220048763,Property Damage Crash,11/05/2022 04:56:00 AM,PINEY BRANCH RD,NA,SINGLE VEHICLE,Clear,DRY,Medium,NO CONTROLS,NONE DETECTED,Yes,No Apparent Injury,N/A,UNKNOWN,MD,PASSENGER CAR,MOVING CONSTANT SPEED,30,No,2020,NISSAN,ALTIMA,38.9925422,-77.0096215,2022,11,4
220048752,Property Damage Crash,11/05/2022 02:59:00 AM,EISENHOWER MEMORIAL HWY,NA,SINGLE VEHICLE,Clear,DRY,Medium,NO CONTROLS,NONE DETECTED,No,No Apparent Injury,"ANIMAL, N/A",NOT DISTRACTED,MD,POLICE VEHICLE/EMERGENCY,MOVING CONSTANT SPEED,55,No,2018,HYUNDAI,ELANTRA,39.11269342,-77.18960811,2022,11,2
220048790,Property Damage Crash,11/05/2022 02:30:00 AM,BRENISH DR,NA,SAME DIR REAR END,Clear,DRY,Medium,NO CONTROLS,NONE DETECTED,Yes,No Apparent Injury,N/A,NOT DISTRACTED,MD,PASSENGER CAR,MOVING CONSTANT SPEED,35,No,2019,HONDA,CR-V,39.176471,-77.154731,2022,11,2
220048747,Property Damage Crash,11/05/2022 02:20:00 AM,RAMP 1 FR IS 270 NB TO IS 370 WB,NA,SAME DIRECTION RIGHT TURN,Clear,DRY,Dark,NO CONTROLS,ALCOHOL PRESENT,Yes,No Apparent Injury,N/A,NOT DISTRACTED,MD,PASSENGER CAR,MOVING CONSTANT SPEED,25,No,2018,HOND,SD,39.11925734,-77.20007912,2022,11,2
220048747,Property Damage Crash,11/05/2022 02:20:00 AM,RAMP 1 FR IS 270 NB TO IS 370 WB,NA,SAME DIRECTION RIGHT TURN,Clear,DRY,Dark,NO CONTROLS,NONE DETECTED,No,No Apparent Injury,N/A,NOT DISTRACTED,MD,PASSENGER CAR,MOVING CONSTANT SPEED,25,No,2021,LEXUS,IS300,39.11925734,-77.20007912,2022,11,2
220049066,Property Damage Crash,11/05/2022 01:30:00 AM,NA,NA,UNKNOWN,Clear,NA,Dark,N/A,NONE DETECTED,Yes,No Apparent Injury,N/A,UNKNOWN,NA,UNKNOWN,UNKNOWN,15,Unknown,9999,UNKNOWN,UNKNOWN,39.05965349,-77.10513205,2022,11,1
220048745,Property Damage Crash,11/05/2022 12:01:00 AM,FLOWER AVE,NA,STRAIGHT MOVEMENT ANGLE,Clear,DRY,Medium,TRAFFIC SIGNAL,NONE DETECTED,Yes,No Apparent Injury,N/A,UNKNOWN,NA,(SPORT) UTILITY VEHICLE,MOVING CONSTANT SPEED,25,No,1997,JEEP,GRAND CHEROKEE,38.98458167,-76.99849833,2022,11,0
220048745,Property Damage Crash,11/05/2022 12:01:00 AM,FLOWER AVE,NA,STRAIGHT MOVEMENT ANGLE,Clear,DRY,Medium,TRAFFIC SIGNAL,NONE DETECTED,No,No Apparent Injury,N/A,NOT DISTRACTED,MD,PASSENGER CAR,MOVING CONSTANT SPEED,25,No,2007,TOYOTA,COROLLA,38.98458167,-76.99849833,2022,11,0
220048728,Property Damage Crash,11/04/2022 10:24:00 PM,NEW HAMPSHIRE AVE,NA,SAME DIR REAR END,Clear,DRY,Medium,N/A,NONE DETECTED,Yes,No Apparent Injury,N/A,UNKNOWN,MD,VAN,MOVING CONSTANT SPEED,35,No,2012,CHEV,PV,38.98105667,-76.98926333,2022,11,22
220048728,Property Damage Crash,11/04/2022 10:24:00 PM,NEW HAMPSHIRE AVE,NA,SAME DIR REAR END,Clear,DRY,Medium,N/A,NONE DETECTED,No,No Apparent Injury,N/A,UNKNOWN,MD,PASSENGER CAR,MOVING CONSTANT SPEED,35,No,2010,HOND,4H,38.98105667,-76.98926333,2022,11,22
220048721,Injury Crash,11/04/2022 09:45:00 PM,RANDOLPH RD,NA,HEAD ON LEFT TURN,Clear,DRY,Medium,TRAFFIC SIGNAL,NONE DETECTED,Yes,No Apparent Injury,N/A,NOT DISTRACTED,MD,PASSENGER CAR,STARTING FROM LANE,35,No,2001,HONDA,CIVIC,39.056175,-77.08260883,2022,11,21
220048721,Injury Crash,11/04/2022 09:45:00 PM,RANDOLPH RD,NA,HEAD ON LEFT TURN,Clear,DRY,Medium,TRAFFIC SIGNAL,NONE DETECTED,No,Possible Minor Injury,N/A,NOT DISTRACTED,MD,PASSENGER CAR,MOVING CONSTANT SPEED,35,No,2010,JEEP,TK,39.056175,-77.08260883,2022,11,21
220048720,Property Damage Crash,11/04/2022 09:25:00 PM,W WILLARD RD,NA,SINGLE VEHICLE,Clear,DRY,Medium,N/A,NONE DETECTED,No,No Apparent Injury,N/A,NOT DISTRACTED,MD,PASSENGER CAR,MOVING CONSTANT SPEED,35,No,2014,TOYOTA,CAMRY,39.12173333,-77.42429,2022,11,21
220048715,Property Damage Crash,11/04/2022 09:15:00 PM,MIDDLEBROOK RD,NA,STRAIGHT MOVEMENT ANGLE,Clear,DRY,Medium,STOP SIGN,NONE DETECTED,No,No Apparent Injury,N/A,NOT DISTRACTED,MD,PASSENGER CAR,MOVING CONSTANT SPEED,40,No,2014,HOND,4S,39.18177667,-77.231815,2022,11,21
220048715,Property Damage Crash,11/04/2022 09:15:00 PM,MIDDLEBROOK RD,NA,STRAIGHT MOVEMENT ANGLE,Clear,DRY,Medium,STOP SIGN,NONE DETECTED,Yes,No Apparent Injury,N/A,LOOKED BUT DID NOT SEE,MD,PASSENGER CAR,ACCELERATING,40,No,2018,TOYT,TK,39.18177667,-77.231815,2022,11,21
220048722,Injury Crash,11/04/2022 08:50:00 PM,COLUMBIA PIKE,NA,HEAD ON,Clear,DRY,Medium,N/A,NONE DETECTED,No,Possible Minor Injury,N/A,NOT DISTRACTED,MD,PASSENGER CAR,MOVING CONSTANT SPEED,50,No,2006,HONDA,ACCORD,39.0811976,-76.95008105,2022,11,20
220048722,Injury Crash,11/04/2022 08:50:00 PM,COLUMBIA PIKE,NA,HEAD ON,Clear,DRY,Medium,N/A,ALCOHOL PRESENT,Yes,No Apparent Injury,N/A,NOT DISTRACTED,MD,PASSENGER CAR,OTHER,50,No,2022,PORSCHE,MACAN,39.0811976,-76.95008105,2022,11,20
220048710,Property Damage Crash,11/04/2022 08:40:00 PM,CHRISTOPHER AVE,NA,HEAD ON LEFT TURN,Clear,DRY,Medium,NO CONTROLS,NONE DETECTED,Yes,No Apparent Injury,N/A,UNKNOWN,DC,PICKUP TRUCK,MAKING LEFT TURN,30,No,2013,FORD,150,39.15897467,-77.2064535,2022,11,20
220048710,Property Damage Crash,11/04/2022 08:40:00 PM,CHRISTOPHER AVE,NA,HEAD ON LEFT TURN,Clear,DRY,Medium,NO CONTROLS,NONE DETECTED,No,No Apparent Injury,N/A,NOT DISTRACTED,MD,POLICE VEHICLE/NON EMERGENCY,MOVING CONSTANT SPEED,30,No,2018,FORD,TAURUS,39.15897467,-77.2064535,2022,11,20
220048699,Injury Crash,11/04/2022 08:20:00 PM,LOCKWOOD DR,NA,HEAD ON,Clear,DRY,Medium,OTHER,NONE DETECTED,No,Possible Minor Injury,N/A,NOT DISTRACTED,MD,PASSENGER CAR,MOVING CONSTANT SPEED,35,No,2014,TOYOTA,COROLLA,39.03344111,-77.00171494,2022,11,20
220048699,Injury Crash,11/04/2022 08:20:00 PM,LOCKWOOD DR,NA,HEAD ON,Clear,DRY,Medium,OTHER,NONE DETECTED,Yes,Possible Minor Injury,N/A,UNKNOWN,MD,PASSENGER CAR,MOVING CONSTANT SPEED,35,No,2016,JEEP,WRAGLER,39.03344111,-77.00171494,2022,11,20
220048698,Property Damage Crash,11/04/2022 08:08:00 PM,CLOPPER RD,NA,SAME DIR REAR END,Clear,DRY,Medium,TRAFFIC SIGNAL,NONE DETECTED,Yes,No Apparent Injury,N/A,NOT DISTRACTED,MD,PASSENGER CAR,MOVING CONSTANT SPEED,30,No,2018,TOYOTA,CAMRY,39.16096657,-77.27936154,2022,11,20
220048693,Injury Crash,11/04/2022 07:36:00 PM,CLOPPER RD,NA,STRAIGHT MOVEMENT ANGLE,Clear,DRY,Medium,TRAFFIC SIGNAL,NONE DETECTED,No,No Apparent Injury,N/A,NOT DISTRACTED,MD,PASSENGER CAR,MAKING LEFT TURN,30,No,2012,ACURA,MDX,39.16090783,-77.2793365,2022,11,19
220048693,Injury Crash,11/04/2022 07:36:00 PM,CLOPPER RD,NA,STRAIGHT MOVEMENT ANGLE,Clear,DRY,Medium,TRAFFIC SIGNAL,NONE DETECTED,Yes,Possible Minor Injury,N/A,LOOKED BUT DID NOT SEE,MD,(SPORT) UTILITY VEHICLE,MOVING CONSTANT SPEED,30,No,2016,TOYT,HIGHLANDER,39.16090783,-77.2793365,2022,11,19
220048701,Property Damage Crash,11/04/2022 07:34:00 PM,ZION RD,NA,SAME DIR REAR END,Clear,DRY,Medium,NO CONTROLS,NONE DETECTED,Yes,No Apparent Injury,N/A,NOT DISTRACTED,MD,PASSENGER CAR,MOVING CONSTANT SPEED,40,No,2012,FORD,FLEX,39.1919315,-77.10140733,2022,11,19