Local Case Number,ACRS Report Type,Crash Date/Time,Road Name,Related Non-Motorist,Collision Type,Weather,Surface Condition,Light,Traffic Control,Driver Substance Abuse,Driver At Fault,Injury Severity,Circumstance,Driver Distracted By,Drivers License State,Vehicle Body Type,Vehicle Movement,Speed Limit,Driverless Vehicle,Vehicle Year,Vehicle Make,Vehicle Model,Latitude,Longitude,Year,Month,Hour
220048701,Property Damage Crash,11/04/2022 07:34:00 PM,ZION RD,NA,SAME DIR REAR END,Clear,DRY,Medium,NO CONTROLS,NONE DETECTED,No,No Apparent Injury,N/A,NOT DISTRACTED,MD,PASSENGER CAR,MOVING CONSTANT SPEED,40,No,2004,HONDA,VAN,39.1919315,-77.10140733,2022,11,19
220048717,Property Damage Crash,11/04/2022 07:21:00 PM,FENTON ST,NA,SAME DIRECTION SIDESWIPE,Clear,N/A,Medium,TRAFFIC SIGNAL,NONE DETECTED,No,No Apparent Injury,N/A,NOT DISTRACTED,MD,PASSENGER CAR,MAKING RIGHT TURN,35,No,2020,HOND,ACCORD,38.99552581,-77.02443787,2022,11,19
220048717,Property Damage Crash,11/04/2022 07:21:00 PM,FENTON ST,NA,SAME DIRECTION SIDESWIPE,Clear,N/A,Medium,TRAFFIC SIGNAL,NONE DETECTED,Yes,No Apparent Injury,N/A,NOT DISTRACTED,MD,OTHER BUS,MOVING CONSTANT SPEED,35,No,2016,GILLIG,BUS,38.99552581,-77.02443787,2022,11,19
220048692,Property Damage Crash,11/04/2022 07:04:00 PM,NORWOOD RD,NA,SAME DIRECTION RIGHT TURN,Clear,DRY,Dark,NO CONTROLS,NONE DETECTED,Yes,No Apparent Injury,N/A,UNKNOWN,MD,PASSENGER CAR,MOVING CONSTANT SPEED,40,No,2020,TOYOTA,CAMRY,39.11077,-77.01003333,2022,11,19
220048692,Property Damage Crash,11/04/2022 07:04:00 PM,NORWOOD RD,NA,SAME DIRECTION RIGHT TURN,Clear,DRY,Dark,NO CONTROLS,NONE DETECTED,No,No Apparent Injury,N/A,NOT DISTRACTED,MD,PASSENGER CAR,MOVING CONSTANT SPEED,40,No,2015,SMART,2S,39.11077,-77.01003333,2022,11,19
220048692,Property Damage Crash,11/04/2022 07:04:00 PM,NORWOOD RD,NA,SAME DIRECTION RIGHT TURN,Clear,DRY,Dark,NO CONTROLS,NONE DETECTED,No,No Apparent Injury,N/A,NOT DISTRACTED,XX,PICKUP TRUCK,MOVING CONSTANT SPEED,40,No,2013,FORD,F250,39.11077,-77.01003333,2022,11,19
220048686,Property Damage Crash,11/04/2022 06:59:00 PM,GEORGIA AVE,NA,SAME DIR REAR END,Clear,DRY,Dark,NO CONTROLS,NONE DETECTED,No,No Apparent Injury,N/A,NOT DISTRACTED,MD,PASSENGER CAR,SLOWING OR STOPPING,35,No,2016,DODGE,CARAVAN,39.01209967,-77.04145118,2022,11,18
220048686,Property Damage Crash,11/04/2022 06:59:00 PM,GEORGIA AVE,NA,SAME DIR REAR END,Clear,DRY,Dark,NO CONTROLS,NONE DETECTED,Yes,No Apparent Injury,N/A,UNKNOWN,NA,PASSENGER CAR,UNKNOWN,35,No,2016,FORD,FOCUS,39.01209967,-77.04145118,2022,11,18
220048684,Property Damage Crash,11/04/2022 06:38:00 PM,CRABBS BRANCH WAY,NA,HEAD ON LEFT TURN,Clear,DRY,Medium,NO CONTROLS,NONE DETECTED,No,No Apparent Injury,N/A,NOT DISTRACTED,MD,PASSENGER CAR,MOVING CONSTANT SPEED,30,No,1998,ACURA,2S,39.10971333,-77.15325883,2022,11,18
220048684,Property Damage Crash,11/04/2022 06:38:00 PM,CRABBS BRANCH WAY,NA,HEAD ON LEFT TURN,Clear,DRY,Medium,NO CONTROLS,NONE DETECTED,Yes,No Apparent Injury,N/A,NOT DISTRACTED,MD,PASSENGER CAR,MAKING LEFT TURN,30,No,2022,LEXUS,RX350,39.10971333,-77.15325883,2022,11,18
220048674,Property Damage Crash,11/04/2022 05:44:00 PM,RANDOLPH RD,NA,SAME DIR REAR END,Clear,DRY,Medium,TRAFFIC SIGNAL,NONE DETECTED,No,No Apparent Injury,N/A,NOT DISTRACTED,MD,PASSENGER CAR,STOPPED IN TRAFFIC LANE,40,No,2020,FORD,TK,39.06631767,-77.033796,2022,11,17
220048674,Property Damage Crash,11/04/2022 05:44:00 PM,RANDOLPH RD,NA,SAME DIR REAR END,Clear,DRY,Medium,TRAFFIC SIGNAL,NONE DETECTED,Yes,No Apparent Injury,N/A,UNKNOWN,MD,VAN,MOVING CONSTANT SPEED,40,No,2012,NISSAN,CG,39.06631767,-77.033796,2022,11,17
220048677,Property Damage Crash,11/04/2022 05:39:00 PM,CARROLL AVE,NA,SAME DIR REAR END,Clear,DRY,Daylight,NO CONTROLS,NONE DETECTED,Yes,No Apparent Injury,N/A,UNKNOWN,MD,PASSENGER CAR,SLOWING OR STOPPING,30,No,2010,HOND,4S,38.98720067,-76.99515467,2022,11,17
220048677,Property Damage Crash,11/04/2022 05:39:00 PM,CARROLL AVE,NA,SAME DIR REAR END,Clear,DRY,Daylight,NO CONTROLS,NONE DETECTED,No,No Apparent Injury,N/A,NOT DISTRACTED,MD,PASSENGER CAR,SLOWING OR STOPPING,30,No,2014,HOND,4S,38.98720067,-76.99515467,2022,11,17
220048665,Property Damage Crash,11/04/2022 05:15:00 PM,RANDOLPH RD,NA,SAME DIR REAR END,Clear,DRY,Daylight,NO CONTROLS,NONE DETECTED,Yes,No Apparent Injury,N/A,LOOKED BUT DID NOT SEE,MD,PASSENGER CAR,MOVING CONSTANT SPEED,35,No,2016,TOYOTA,4S,39.05915333,-77.06514833,2022,11,17
220048665,Property Damage Crash,11/04/2022 05:15:00 PM,RANDOLPH RD,NA,SAME DIR REAR END,Clear,DRY,Daylight,NO CONTROLS,NONE DETECTED,No,No Apparent Injury,N/A,NOT DISTRACTED,MD,PASSENGER CAR,SLOWING OR STOPPING,35,No,2009,BMW,X5,39.05915333,-77.06514833,2022,11,17
220048658,Property Damage Crash,11/04/2022 04:55:00 PM,NEW HAMPSHIRE AVE,NA,SINGLE VEHICLE,Clear,DRY,Daylight,NO CONTROLS,NONE DETECTED,Yes,No Apparent Injury,N/A,LOOKED BUT DID NOT SEE,MD,PASSENGER CAR,MOVING CONSTANT SPEED,40,No,2010,HONDA,CIVIC,39.06221191,-76.99872613,2022,11,16
220048659,Property Damage Crash,11/04/2022 04:15:00 PM,BRAEMAR CRESCENT WAY,NA,SAME DIRECTION SIDESWIPE,Clear,DRY,Daylight,NO CONTROLS,NONE DETECTED,Yes,No Apparent Injury,"N/A, PHYSICAL OBSTRUCTION(S)",NOT DISTRACTED,MD,SCHOOL BUS,MOVING CONSTANT SPEED,30,No,2021,THOMAS,BUS,39.09481017,-77.2848355,2022,11,16
220048650,Property Damage Crash,11/04/2022 03:54:00 PM,GRANDE VISTA DR,NA,SINGLE VEHICLE,Clear,DRY,Daylight,NO CONTROLS,NONE DETECTED,Yes,No Apparent Injury,N/A,NOT DISTRACTED,MD,SCHOOL BUS,MOVING CONSTANT SPEED,25,No,2016,THOMAS,BUS,39.12320417,-77.1457305,2022,11,15
220048636,Property Damage Crash,11/04/2022 03:10:00 PM,W MONTGOMERY AVE,NA,SAME DIR REAR END,Clear,DRY,Daylight,NO CONTROLS,NONE DETECTED,No,No Apparent Injury,N/A,NOT DISTRACTED,MD,PASSENGER CAR,STOPPED IN TRAFFIC LANE,40,No,2006,AUDI,4S,39.09962333,-77.18405333,2022,11,15
220048636,Property Damage Crash,11/04/2022 03:10:00 PM,W MONTGOMERY AVE,NA,SAME DIR REAR END,Clear,DRY,Daylight,NO CONTROLS,NONE DETECTED,Yes,No Apparent Injury,N/A,UNKNOWN,MD,PASSENGER CAR,MOVING CONSTANT SPEED,40,No,2002,HONDA,CIVIC,39.09962333,-77.18405333,2022,11,15
220048612,Injury Crash,11/04/2022 01:30:00 PM,VEIRS MILL RD,NA,SAME DIR REAR END,Clear,DRY,Daylight,TRAFFIC SIGNAL,NONE DETECTED,Yes,No Apparent Injury,N/A,INATTENTIVE OR LOST IN THOUGHT,MD,PASSENGER CAR,SLOWING OR STOPPING,40,No,2011,CHEV,MALIBU,39.06825333,-77.10305333,2022,11,13
220048612,Injury Crash,11/04/2022 01:30:00 PM,VEIRS MILL RD,NA,SAME DIR REAR END,Clear,DRY,Daylight,TRAFFIC SIGNAL,NONE DETECTED,No,No Apparent Injury,N/A,NOT DISTRACTED,MD,PASSENGER CAR,STOPPED IN TRAFFIC LANE,40,No,2019,ACUR,UT,39.06825333,-77.10305333,2022,11,13
220048610,Property Damage Crash,11/04/2022 01:14:00 PM,MONTGOMERY VILLAGE AVE,NA,SAME DIR REAR END,Clear,DRY,Daylight,N/A,NONE DETECTED,No,No Apparent Injury,N/A,NOT DISTRACTED,MD,PASSENGER CAR,STOPPED IN TRAFFIC LANE,35,No,2009,HONDA,CRV EX,39.17067,-77.203975,2022,11,13
220048610,Property Damage Crash,11/04/2022 01:14:00 PM,MONTGOMERY VILLAGE AVE,NA,SAME DIR REAR END,Clear,DRY,Daylight,N/A,NONE DETECTED,Yes,No Apparent Injury,N/A,UNKNOWN,MD,PASSENGER CAR,MOVING CONSTANT SPEED,35,No,2012,HONDA,CIVIC,39.17067,-77.203975,2022,11,13
220048598,Property Damage Crash,11/04/2022 12:18:00 PM,BEL PRE RD,NA,OTHER,Clear,DRY,Daylight,TRAFFIC SIGNAL,NONE DETECTED,No,No Apparent Injury,N/A,NOT DISTRACTED,MD,PICKUP TRUCK,STOPPED IN TRAFFIC LANE,35,No,2008,FORD,TK,39.09177456,-77.07030484,2022,11,12
220048598,Property Damage Crash,11/04/2022 12:18:00 PM,BEL PRE RD,NA,OTHER,Clear,DRY,Daylight,TRAFFIC SIGNAL,NONE DETECTED,No,No Apparent Injury,N/A,NOT DISTRACTED,MD,PASSENGER CAR,MOVING CONSTANT SPEED,35,No,2014,NISSAN,4S,39.09177456,-77.07030484,2022,11,12
220048598,Property Damage Crash,11/04/2022 12:18:00 PM,BEL PRE RD,NA,OTHER,Clear,DRY,Daylight,TRAFFIC SIGNAL,NONE DETECTED,Yes,No Apparent Injury,N/A,NOT DISTRACTED,MD,PASSENGER CAR,MOVING CONSTANT SPEED,35,No,2010,BUICK,4S,39.09177456,-77.07030484,2022,11,12
220048598,Property Damage Crash,11/04/2022 12:18:00 PM,BEL PRE RD,NA,OTHER,Clear,DRY,Daylight,TRAFFIC SIGNAL,NONE DETECTED,No,No Apparent Injury,N/A,NOT DISTRACTED,MD,PASSENGER CAR,STOPPED IN TRAFFIC LANE,35,No,2004,TOYOTA,4S,39.09177456,-77.07030484,2022,11,12
220048611,Property Damage Crash,11/04/2022 11:51:00 AM,ANTHONY ST,NA,SINGLE VEHICLE,Clear,DRY,Daylight,STOP SIGN,NONE DETECTED,Yes,No Apparent Injury,N/A,DIALING CELLULAR PHONE,MD,PASSENGER CAR,MAKING LEFT TURN,25,No,2020,KIA,4DR,39.02666367,-77.0828355,2022,11,11
220048575,Injury Crash,11/04/2022 10:38:00 AM,COLUMBIA PIKE,NA,STRAIGHT MOVEMENT ANGLE,Clear,DRY,Daylight,TRAFFIC SIGNAL,NONE DETECTED,No,Possible Minor Injury,N/A,NOT DISTRACTED,MD,PASSENGER CAR,MAKING RIGHT TURN,35,No,2019,LEXUS,RX,39.06243667,-76.96235833,2022,11,10
220048575,Injury Crash,11/04/2022 10:38:00 AM,COLUMBIA PIKE,NA,STRAIGHT MOVEMENT ANGLE,Clear,DRY,Daylight,TRAFFIC SIGNAL,NONE DETECTED,Yes,No Apparent Injury,N/A,NOT DISTRACTED,MD,"MEDIUM/HEAVY TRUCKS 3 AXLES (OVER 10,000LBS (4,536KG))",ACCELERATING,35,No,1997,PETERBILT,379,39.06243667,-76.96235833,2022,11,10
220048574,Property Damage Crash,11/04/2022 10:03:00 AM,COLESVILLE RD,NA,SAME DIRECTION SIDESWIPE,Clear,DRY,Daylight,N/A,NONE DETECTED,No,No Apparent Injury,N/A,NOT DISTRACTED,NY,"CARGO VAN/LIGHT TRUCK 2 AXLES (OVER 10,000LBS (4,536 KG))",PARKED,0,No,2022,FORD,TRUCK,38.99533,-77.02937,2022,11,10
220048574,Property Damage Crash,11/04/2022 10:03:00 AM,COLESVILLE RD,NA,SAME DIRECTION SIDESWIPE,Clear,DRY,Daylight,N/A,NONE DETECTED,Yes,No Apparent Injury,N/A,NO DRIVER PRESENT,NA,(SPORT) UTILITY VEHICLE,CHANGING LANES,30,No,2005,CHRYSLER,PACIFICA,38.99533,-77.02937,2022,11,10
220048556,Property Damage Crash,11/04/2022 08:40:00 AM,CONNECTICUT AVE,NA,STRAIGHT MOVEMENT ANGLE,Cloudy,DRY,Daylight,TRAFFIC SIGNAL,NONE DETECTED,Yes,No Apparent Injury,"N/A, V WIPERS|W OTHER ENVIRONMENTAL",INATTENTIVE OR LOST IN THOUGHT,MD,PASSENGER CAR,MOVING CONSTANT SPEED,45,No,2013,KIA,SORRENTO,39.063395,-77.07354833,2022,11,8
220048556,Property Damage Crash,11/04/2022 08:40:00 AM,CONNECTICUT AVE,NA,STRAIGHT MOVEMENT ANGLE,Cloudy,DRY,Daylight,TRAFFIC SIGNAL,NONE DETECTED,No,No Apparent Injury,"N/A, V WIPERS|W OTHER ENVIRONMENTAL",NOT DISTRACTED,MD,PASSENGER CAR,STARTING FROM LANE,25,No,2015,HONDA,CIVIC,39.063395,-77.07354833,2022,11,8
220049121,Injury Crash,11/04/2022 07:15:00 AM,NORBECK RD,NA,SAME DIR REAR END,Clear,DRY,Medium,NO CONTROLS,NONE DETECTED,No,Possible Minor Injury,N/A,NOT DISTRACTED,MD,PASSENGER CAR,STOPPED IN TRAFFIC LANE,35,No,2020,CHEVY,TRAX,39.09619227,-77.1096406,2022,11,7
220049121,Injury Crash,11/04/2022 07:15:00 AM,NORBECK RD,NA,SAME DIR REAR END,Clear,DRY,Medium,NO CONTROLS,NONE DETECTED,Yes,No Apparent Injury,N/A,UNKNOWN,NA,NA,MOVING CONSTANT SPEED,35,No,0,UNKNOWN,UNKNOWN,39.09619227,-77.1096406,2022,11,7
220048546,Injury Crash,11/04/2022 05:34:00 AM,CRABBS BRANCH WAY,NA,STRAIGHT MOVEMENT ANGLE,Clear,DRY,Medium,NO CONTROLS,NONE DETECTED,Yes,Possible Minor Injury,N/A,OTHER DISTRACTION,MD,PASSENGER CAR,MAKING LEFT TURN,25,No,2015,HONDA,ACCORD,39.126592,-77.16586683,2022,11,5
220048546,Injury Crash,11/04/2022 05:34:00 AM,CRABBS BRANCH WAY,NA,STRAIGHT MOVEMENT ANGLE,Clear,DRY,Medium,NO CONTROLS,NONE DETECTED,No,Possible Minor Injury,N/A,NOT DISTRACTED,MD,PASSENGER CAR,MOVING CONSTANT SPEED,35,No,2020,KIA,FORTE,39.126592,-77.16586683,2022,11,5
220048543,Injury Crash,11/04/2022 05:16:00 AM,MONTGOMERY VILLAGE AVE,NA,STRAIGHT MOVEMENT ANGLE,Clear,DRY,Medium,FLASHING TRAFFIC SIGNAL,NONE DETECTED,Yes,Possible Minor Injury,N/A,UNKNOWN,MD,PASSENGER CAR,MOVING CONSTANT SPEED,35,No,2009,TOYOTA,COROLA,39.17464167,-77.20360833,2022,11,5
220048543,Injury Crash,11/04/2022 05:16:00 AM,MONTGOMERY VILLAGE AVE,NA,STRAIGHT MOVEMENT ANGLE,Clear,DRY,Medium,FLASHING TRAFFIC SIGNAL,NONE DETECTED,No,No Apparent Injury,N/A,NOT DISTRACTED,MD,PASSENGER CAR,MOVING CONSTANT SPEED,35,No,2004,LINC,SD,39.17464167,-77.20360833,2022,11,5
220048509,Property Damage Crash,11/03/2022 08:04:00 PM,HOLLY AVE,NA,OTHER,Clear,DRY,Medium,NO CONTROLS,NONE DETECTED,Yes,No Apparent Injury,N/A,UNKNOWN,MD,PASSENGER CAR,MOVING CONSTANT SPEED,15,No,2010,HYD,GENESIS,38.98231781,-77.01368405,2022,11,20
220048509,Property Damage Crash,11/03/2022 08:04:00 PM,HOLLY AVE,NA,OTHER,Clear,DRY,Medium,NO CONTROLS,NONE DETECTED,No,No Apparent Injury,N/A,NOT DISTRACTED,MD,VAN,SLOWING OR STOPPING,15,No,2014,HOND,ODDSEY,38.98231781,-77.01368405,2022,11,20
220048509,Property Damage Crash,11/03/2022 08:04:00 PM,HOLLY AVE,NA,OTHER,Clear,DRY,Medium,NO CONTROLS,NONE DETECTED,No,No Apparent Injury,N/A,NOT DISTRACTED,MD,PASSENGER CAR,ACCELERATING,15,No,2009,TOYOT,COROLLA,38.98231781,-77.01368405,2022,11,20
220048500,Injury Crash,11/03/2022 07:18:00 PM,GERMANTOWN RD,NA,SAME DIR REAR END,Clear,DRY,Medium,NO CONTROLS,NONE DETECTED,Yes,No Apparent Injury,N/A,UNKNOWN,NA,UNKNOWN,MOVING CONSTANT SPEED,40,No,0,UNKNOWN,UNKNOWN,39.15496817,-77.28663117,2022,11,19
220048500,Injury Crash,11/03/2022 07:18:00 PM,GERMANTOWN RD,NA,SAME DIR REAR END,Clear,DRY,Medium,NO CONTROLS,NONE DETECTED,No,No Apparent Injury,N/A,NOT DISTRACTED,MD,PASSENGER CAR,STOPPED IN TRAFFIC LANE,40,No,2018,HYUNDAI,TUCSON,39.15496817,-77.28663117,2022,11,19
220048500,Injury Crash,11/03/2022 07:18:00 PM,GERMANTOWN RD,NA,SAME DIR REAR END,Clear,DRY,Medium,NO CONTROLS,NONE DETECTED,No,No Apparent Injury,N/A,NOT DISTRACTED,MD,PASSENGER CAR,STOPPED IN TRAFFIC LANE,40,No,2016,HOND,4S,39.15496817,-77.28663117,2022,11,19
220048497,Injury Crash,11/03/2022 07:00:00 PM,COLESVILLE RD,NA,STRAIGHT MOVEMENT ANGLE,Clear,DRY,Medium,TRAFFIC SIGNAL,NONE DETECTED,No,Possible Minor Injury,N/A,NOT DISTRACTED,DC,PASSENGER CAR,ACCELERATING,35,No,2016,NISSAN,HB,39.000129,-77.02585,2022,11,19
220048497,Injury Crash,11/03/2022 07:00:00 PM,COLESVILLE RD,NA,STRAIGHT MOVEMENT ANGLE,Clear,DRY,Medium,TRAFFIC SIGNAL,NONE DETECTED,Yes,Possible Minor Injury,N/A,NOT DISTRACTED,MD,PASSENGER CAR,MAKING LEFT TURN,35,No,2022,TESLA,MODEL 3,39.000129,-77.02585,2022,11,19
220048485,Injury Crash,11/03/2022 06:00:00 PM,TUCKERMAN LA,NA,SAME DIR REAR END,Clear,DRY,Daylight,NO CONTROLS,NONE DETECTED,No,No Apparent Injury,N/A,NOT DISTRACTED,MD,PASSENGER CAR,SLOWING OR STOPPING,25,No,2022,HONDA,CIVIC,39.03071833,-77.104275,2022,11,18
220048485,Injury Crash,11/03/2022 06:00:00 PM,TUCKERMAN LA,NA,SAME DIR REAR END,Clear,DRY,Daylight,NO CONTROLS,NONE DETECTED,Yes,Possible Minor Injury,N/A,UNKNOWN,VA,MOPED,MOVING CONSTANT SPEED,25,No,2021,PIAG,PRIMAVERA,39.03071833,-77.104275,2022,11,18
220048475,Property Damage Crash,11/03/2022 05:20:00 PM,FREDERICK RD,NA,SAME DIR BOTH LEFT TURN,Clear,DRY,Daylight,TRAFFIC SIGNAL,NONE DETECTED,Yes,No Apparent Injury,N/A,NOT DISTRACTED,MD,PASSENGER CAR,MAKING LEFT TURN,40,No,2014,MAZDA,3,39.20605167,-77.24619333,2022,11,17
220048475,Property Damage Crash,11/03/2022 05:20:00 PM,FREDERICK RD,NA,SAME DIR BOTH LEFT TURN,Clear,DRY,Daylight,TRAFFIC SIGNAL,NONE DETECTED,No,No Apparent Injury,N/A,NOT DISTRACTED,MD,TRANSIT BUS,MAKING LEFT TURN,40,No,2016,GILL,BU,39.20605167,-77.24619333,2022,11,17
220048470,Property Damage Crash,11/03/2022 05:10:00 PM,SELFRIDGE RD,NA,STRAIGHT MOVEMENT ANGLE,Clear,DRY,Daylight,STOP SIGN,NONE DETECTED,No,No Apparent Injury,N/A,NOT DISTRACTED,MD,PASSENGER CAR,MOVING CONSTANT SPEED,25,No,2019,FORD,F150,39.0579505,-77.08766283,2022,11,17
220048470,Property Damage Crash,11/03/2022 05:10:00 PM,SELFRIDGE RD,NA,STRAIGHT MOVEMENT ANGLE,Clear,DRY,Daylight,STOP SIGN,NONE DETECTED,Yes,No Apparent Injury,N/A,NOT DISTRACTED,MD,PASSENGER CAR,STARTING FROM LANE,25,No,2013,CHEVY,CAMARO,39.0579505,-77.08766283,2022,11,17
220048469,Injury Crash,11/03/2022 05:00:00 PM,OLNEY SANDY SPRING RD,PEDESTRIAN,STRAIGHT MOVEMENT ANGLE,Clear,DRY,Daylight,TRAFFIC SIGNAL,NONE DETECTED,Yes,No Apparent Injury,N/A,UNKNOWN,MD,PICKUP TRUCK,MAKING RIGHT TURN,30,No,2011,FORD,F150,39.15211167,-77.06453,2022,11,17
220048461,Property Damage Crash,11/03/2022 04:35:00 PM,N STONESTREET AVE,NA,HEAD ON LEFT TURN,Clear,DRY,Daylight,STOP SIGN,NONE DETECTED,No,No Apparent Injury,N/A,NOT DISTRACTED,MD,TRANSIT BUS,MOVING CONSTANT SPEED,25,No,2017,GILG,BU,39.0925035,-77.15000067,2022,11,16
220048461,Property Damage Crash,11/03/2022 04:35:00 PM,N STONESTREET AVE,NA,HEAD ON LEFT TURN,Clear,DRY,Daylight,STOP SIGN,NONE DETECTED,Yes,No Apparent Injury,N/A,NOT DISTRACTED,MD,PASSENGER CAR,MAKING LEFT TURN,25,No,2014,VOLKSWAGON,TIGUAN,39.0925035,-77.15000067,2022,11,16
220048466,Property Damage Crash,11/03/2022 03:50:00 PM,VALLEY PARK DR,NA,SAME DIR REAR END,Clear,DRY,Daylight,N/A,NONE DETECTED,Yes,No Apparent Injury,N/A,NOT DISTRACTED,NA,NA,SLOWING OR STOPPING,25,No,0,UNKNOWN,UNKNOWN,39.27847539,-77.20429053,2022,11,15
220048466,Property Damage Crash,11/03/2022 03:50:00 PM,VALLEY PARK DR,NA,SAME DIR REAR END,Clear,DRY,Daylight,N/A,NONE DETECTED,No,No Apparent Injury,N/A,NOT DISTRACTED,MD,PASSENGER CAR,STOPPED IN TRAFFIC LANE,25,No,2021,NISSAN,KICKS,39.27847539,-77.20429053,2022,11,15
220048482,Property Damage Crash,11/03/2022 03:45:00 PM,TWINBROOK PKWY,NA,STRAIGHT MOVEMENT ANGLE,Clear,DRY,Daylight,STOP SIGN,NONE DETECTED,Yes,No Apparent Injury,N/A,NOT DISTRACTED,MD,PASSENGER CAR,MOVING CONSTANT SPEED,25,No,2022,INFINTI,Q50,39.08051283,-77.11337419,2022,11,15
220048482,Property Damage Crash,11/03/2022 03:45:00 PM,TWINBROOK PKWY,NA,STRAIGHT MOVEMENT ANGLE,Clear,DRY,Daylight,STOP SIGN,NONE DETECTED,No,No Apparent Injury,N/A,NOT DISTRACTED,WV,PASSENGER CAR,MOVING CONSTANT SPEED,35,No,2017,FORD,F650,39.08051283,-77.11337419,2022,11,15
220055137,Property Damage Crash,11/03/2022 03:30:00 PM,RIDGE RD,NA,OTHER,Clear,DRY,Daylight,N/A,NONE DETECTED,No,No Apparent Injury,"ANIMAL, N/A",NOT DISTRACTED,MD,POLICE VEHICLE/NON EMERGENCY,MOVING CONSTANT SPEED,50,No,2019,DODGE,CHARGER,39.4206783,-77.1144294,2022,11,15
220048442,Property Damage Crash,11/03/2022 02:53:00 PM,CALVERTON BLVD,NA,SAME DIR REAR END,Clear,DRY,Daylight,NO CONTROLS,NONE DETECTED,Yes,No Apparent Injury,N/A,NOT DISTRACTED,MD,PASSENGER CAR,MOVING CONSTANT SPEED,35,No,2013,TOYOTA,CAMRY,39.05688,-76.9481745,2022,11,14
220048442,Property Damage Crash,11/03/2022 02:53:00 PM,CALVERTON BLVD,NA,SAME DIR REAR END,Clear,DRY,Daylight,NO CONTROLS,NONE DETECTED,No,No Apparent Injury,N/A,NOT DISTRACTED,MD,(SPORT) UTILITY VEHICLE,MOVING CONSTANT SPEED,35,No,2020,TOYOTA,RAV4,39.05688,-76.9481745,2022,11,14
220048416,Property Damage Crash,11/03/2022 01:15:00 PM,GEORGIA AVE,NA,STRAIGHT MOVEMENT ANGLE,Clear,DRY,Daylight,TRAFFIC SIGNAL,NONE DETECTED,Yes,No Apparent Injury,N/A,UNKNOWN,MD,PASSENGER CAR,ACCELERATING,35,No,2018,TOYT,SD,39.05283333,-77.05096333,2022,11,13
220048416,Property Damage Crash,11/03/2022 01:15:00 PM,GEORGIA AVE,NA,STRAIGHT MOVEMENT ANGLE,Clear,DRY,Daylight,TRAFFIC SIGNAL,NONE DETECTED,No,No Apparent Injury,N/A,NOT DISTRACTED,MD,PASSENGER CAR,ACCELERATING,35,No,2020,TOYT,HB,39.05283333,-77.05096333,2022,11,13
220048412,Injury Crash,11/03/2022 01:09:00 PM,NA,PEDESTRIAN,SAME DIR REAR END,Clear,NA,Daylight,NO CONTROLS,NONE DETECTED,Yes,No Apparent Injury,N/A,NOT DISTRACTED,MD,PASSENGER CAR,MOVING CONSTANT SPEED,5,No,2004,SUBA,SW,39.09214059,-77.15244737,2022,11,13
220048393,Property Damage Crash,11/03/2022 11:12:00 AM,E GUDE DR,NA,SAME DIR REAR END,Clear,DRY,Daylight,N/A,NONE DETECTED,No,No Apparent Injury,N/A,NOT DISTRACTED,MD,TRANSIT BUS,STOPPED IN TRAFFIC LANE,40,No,2014,GILL,BUS,39.106545,-77.14929167,2022,11,11
220048393,Property Damage Crash,11/03/2022 11:12:00 AM,E GUDE DR,NA,SAME DIR REAR END,Clear,DRY,Daylight,N/A,NONE DETECTED,Yes,No Apparent Injury,N/A,UNKNOWN,MD,PASSENGER CAR,SLOWING OR STOPPING,40,No,2008,NISSAN,4S,39.106545,-77.14929167,2022,11,11
220048395,Property Damage Crash,11/03/2022 10:40:00 AM,NA,NA,OTHER,Clear,NA,Daylight,N/A,NONE DETECTED,Yes,No Apparent Injury,"N/A, VISION OBSTRUCTION (INCL. BLINDED BY SUN)",NOT DISTRACTED,MD,"CARGO VAN/LIGHT TRUCK 2 AXLES (OVER 10,000LBS (4,536 KG))",BACKING,0,No,2019,FREIGHTLINER,TK,39.143143,-77.162613,2022,11,10
220048386,Property Damage Crash,11/03/2022 10:30:00 AM,WATKINS MILL RD,NA,SAME DIRECTION SIDESWIPE,Clear,DRY,Daylight,TRAFFIC SIGNAL,NONE DETECTED,Yes,No Apparent Injury,N/A,NOT DISTRACTED,MD,VAN,CHANGING LANES,35,No,2013,TOYOTA,SIENNA,39.15843833,-77.22122167,2022,11,10
220048386,Property Damage Crash,11/03/2022 10:30:00 AM,WATKINS MILL RD,NA,SAME DIRECTION SIDESWIPE,Clear,DRY,Daylight,TRAFFIC SIGNAL,NONE DETECTED,No,No Apparent Injury,N/A,NOT DISTRACTED,MD,SCHOOL BUS,STOPPED IN TRAFFIC LANE,35,No,2018,THMS,BUS,39.15843833,-77.22122167,2022,11,10
220048382,Property Damage Crash,11/03/2022 10:01:00 AM,DARNESTOWN RD,NA,OPPOSITE DIRECTION SIDESWIPE,Clear,DRY,Daylight,NO CONTROLS,NONE DETECTED,Yes,No Apparent Injury,N/A,OTHER DISTRACTION,MD,PASSENGER CAR,MOVING CONSTANT SPEED,30,No,2011,TOYOTA,SD,39.115025,-77.235365,2022,11,10
220048382,Property Damage Crash,11/03/2022 10:01:00 AM,DARNESTOWN RD,NA,OPPOSITE DIRECTION SIDESWIPE,Clear,DRY,Daylight,NO CONTROLS,NONE DETECTED,No,No Apparent Injury,N/A,NOT DISTRACTED,MD,PASSENGER CAR,SLOWING OR STOPPING,30,No,2006,TOYOTA,4S,39.115025,-77.235365,2022,11,10
220048382,Property Damage Crash,11/03/2022 10:01:00 AM,DARNESTOWN RD,NA,OPPOSITE DIRECTION SIDESWIPE,Clear,DRY,Daylight,NO CONTROLS,NONE DETECTED,No,No Apparent Injury,N/A,NOT DISTRACTED,MD,PASSENGER CAR,SLOWING OR STOPPING,30,No,2020,HONDA,SD,39.115025,-77.235365,2022,11,10
220048366,Property Damage Crash,11/03/2022 09:02:00 AM,BRIGGS CHANEY RD,NA,HEAD ON LEFT TURN,Clear,DRY,Daylight,TRAFFIC SIGNAL,NONE DETECTED,Yes,No Apparent Injury,"N/A, V WIPERS|W OTHER ENVIRONMENTAL",LOOKED BUT DID NOT SEE,MD,PASSENGER CAR,MOVING CONSTANT SPEED,40,No,2014,KIA,OPTIMA,39.08420256,-76.9509632,2022,11,9
220048366,Property Damage Crash,11/03/2022 09:02:00 AM,BRIGGS CHANEY RD,NA,HEAD ON LEFT TURN,Clear,DRY,Daylight,TRAFFIC SIGNAL,NONE DETECTED,No,No Apparent Injury,"N/A, V WIPERS|W OTHER ENVIRONMENTAL",LOOKED BUT DID NOT SEE,MD,PASSENGER CAR,MAKING LEFT TURN,40,No,2022,TOYOTA,PRIUS,39.08420256,-76.9509632,2022,11,9
22001924,Property Damage Crash,11/03/2022 08:45:00 AM,BARNESVILLE RD,NA,OTHER,Clear,DRY,Daylight,N/A,NONE DETECTED,Yes,No Apparent Injury,N/A,LOOKED BUT DID NOT SEE,NA,NA,MOVING CONSTANT SPEED,45,No,0,UNKNOWN,UNKNOWN,39.20267714,-77.33521218,2022,11,8
22001924,Property Damage Crash,11/03/2022 08:45:00 AM,BARNESVILLE RD,NA,OTHER,Clear,DRY,Daylight,N/A,NONE DETECTED,No,No Apparent Injury,N/A,NOT DISTRACTED,MD,PICKUP TRUCK,MOVING CONSTANT SPEED,45,No,2020,RAM,2500,39.20267714,-77.33521218,2022,11,8