Local Case Number,ACRS Report Type,Crash Date/Time,Road Name,Related Non-Motorist,Collision Type,Weather,Surface Condition,Light,Traffic Control,Driver Substance Abuse,Driver At Fault,Injury Severity,Circumstance,Driver Distracted By,Drivers License State,Vehicle Body Type,Vehicle Movement,Speed Limit,Driverless Vehicle,Vehicle Year,Vehicle Make,Vehicle Model,Latitude,Longitude,Year,Month,Hour
220048368,Property Damage Crash,11/03/2022 08:36:00 AM,OLNEY SANDY SPRING RD,NA,SAME DIRECTION SIDESWIPE,Clear,DRY,Daylight,YIELD SIGN,NONE DETECTED,No,No Apparent Injury,N/A,NOT DISTRACTED,MD,PICKUP TRUCK,MOVING CONSTANT SPEED,35,No,2020,CHEVY,SILVERADO,39.1443302,-77.0429814,2022,11,8
220048368,Property Damage Crash,11/03/2022 08:36:00 AM,OLNEY SANDY SPRING RD,NA,SAME DIRECTION SIDESWIPE,Clear,DRY,Daylight,YIELD SIGN,NONE DETECTED,Yes,No Apparent Injury,N/A,NOT DISTRACTED,MD,PASSENGER CAR,ACCELERATING,35,No,2016,CHRYSLER,200,39.1443302,-77.0429814,2022,11,8
220047123,Property Damage Crash,11/03/2022 08:30:00 AM,RAMP 4 FR IS 270 NB TO MIDDLEBROOK RD EB,NA,SAME DIRECTION RIGHT TURN,Clear,DRY,Daylight,NO CONTROLS,NONE DETECTED,Yes,No Apparent Injury,N/A,NOT DISTRACTED,NA,NA,ACCELERATING,45,No,0,UNKNOWN,UNKNOWN,39.17395117,-77.24768401,2022,11,8
220047123,Property Damage Crash,11/03/2022 08:30:00 AM,RAMP 4 FR IS 270 NB TO MIDDLEBROOK RD EB,NA,SAME DIRECTION RIGHT TURN,Clear,DRY,Daylight,NO CONTROLS,NONE DETECTED,No,No Apparent Injury,N/A,NOT DISTRACTED,MD,PASSENGER CAR,ACCELERATING,45,No,2012,NISSAN,ALTIMA,39.17395117,-77.24768401,2022,11,8
220048597,Property Damage Crash,11/03/2022 08:05:00 AM,STEEPLE RD,NA,SAME DIRECTION RIGHT TURN,Clear,DRY,Daylight,STOP SIGN,NONE DETECTED,Yes,No Apparent Injury,N/A,INATTENTIVE OR LOST IN THOUGHT,MD,(SPORT) UTILITY VEHICLE,MAKING RIGHT TURN,30,No,2016,HONDA,TK,39.16940491,-77.28937322,2022,11,8
220048597,Property Damage Crash,11/03/2022 08:05:00 AM,STEEPLE RD,NA,SAME DIRECTION RIGHT TURN,Clear,DRY,Daylight,STOP SIGN,NONE DETECTED,No,No Apparent Injury,N/A,NOT DISTRACTED,MD,PASSENGER CAR,MAKING RIGHT TURN,30,No,2016,FIAT,SW,39.16940491,-77.28937322,2022,11,8
220048360,Property Damage Crash,11/03/2022 08:01:00 AM,PARKLAND DR,NA,STRAIGHT MOVEMENT ANGLE,Clear,DRY,Daylight,STOP SIGN,NONE DETECTED,No,No Apparent Injury,N/A,NOT DISTRACTED,MD,VAN,ACCELERATING,25,No,2013,TOYT,VN,39.08594833,-77.08682333,2022,11,8
220048360,Property Damage Crash,11/03/2022 08:01:00 AM,PARKLAND DR,NA,STRAIGHT MOVEMENT ANGLE,Clear,DRY,Daylight,STOP SIGN,NONE DETECTED,Yes,No Apparent Injury,N/A,INATTENTIVE OR LOST IN THOUGHT,MD,PASSENGER CAR,MOVING CONSTANT SPEED,25,No,2015,FORD,TK,39.08594833,-77.08682333,2022,11,8
220048363,Property Damage Crash,11/03/2022 08:00:00 AM,OLNEY SANDY SPRING RD,NA,SAME DIRECTION SIDESWIPE,Clear,DRY,Daylight,NO CONTROLS,NONE DETECTED,No,No Apparent Injury,N/A,NOT DISTRACTED,MD,PASSENGER CAR,MOVING CONSTANT SPEED,40,No,2013,FIAT,2S,39.15389167,-77.06792167,2022,11,8
220048363,Property Damage Crash,11/03/2022 08:00:00 AM,OLNEY SANDY SPRING RD,NA,SAME DIRECTION SIDESWIPE,Clear,DRY,Daylight,NO CONTROLS,NONE DETECTED,Yes,No Apparent Injury,N/A,LOOKED BUT DID NOT SEE,MD,"MEDIUM/HEAVY TRUCKS 3 AXLES (OVER 10,000LBS (4,536KG))",MAKING RIGHT TURN,40,No,2019,MACK,GRANITE,39.15389167,-77.06792167,2022,11,8
220048359,Injury Crash,11/03/2022 07:43:00 AM,MONTGOMERY VILLAGE AVE,NA,HEAD ON LEFT TURN,Clear,DRY,Daylight,NO CONTROLS,NONE DETECTED,No,Possible Minor Injury,N/A,NOT DISTRACTED,MD,PICKUP TRUCK,MOVING CONSTANT SPEED,35,No,2006,TOYOTA,TUNDRA,39.163995,-77.2036,2022,11,7
220048359,Injury Crash,11/03/2022 07:43:00 AM,MONTGOMERY VILLAGE AVE,NA,HEAD ON LEFT TURN,Clear,DRY,Daylight,NO CONTROLS,NONE DETECTED,Yes,Possible Minor Injury,N/A,LOOKED BUT DID NOT SEE,MD,PASSENGER CAR,MAKING LEFT TURN,35,No,2004,TOYOTA,COROLLA,39.163995,-77.2036,2022,11,7
220048361,Property Damage Crash,11/03/2022 07:29:00 AM,WAYNE AVE,NA,SAME DIR REAR END,Clear,DRY,Medium,TRAFFIC SIGNAL,NONE DETECTED,Yes,No Apparent Injury,N/A,UNKNOWN,MD,PASSENGER CAR,MAKING U TURN,30,No,2000,LEXS,ES 300,38.99441,-77.02768833,2022,11,7
220048355,Property Damage Crash,11/03/2022 07:23:00 AM,GEORGIA AVE,NA,SAME DIR REAR END,Clear,DRY,Medium,TRAFFIC SIGNAL,NONE DETECTED,Yes,No Apparent Injury,N/A,LOOKED BUT DID NOT SEE,MD,PASSENGER CAR,SLOWING OR STOPPING,45,No,2014,CHEV,EQUINOX,39.11051467,-77.07624117,2022,11,7
220048355,Property Damage Crash,11/03/2022 07:23:00 AM,GEORGIA AVE,NA,SAME DIR REAR END,Clear,DRY,Medium,TRAFFIC SIGNAL,NONE DETECTED,No,No Apparent Injury,N/A,NOT DISTRACTED,MD,PASSENGER CAR,STOPPED IN TRAFFIC LANE,45,No,2020,NISS,ROGUE,39.11051467,-77.07624117,2022,11,7
220048143,Property Damage Crash,11/03/2022 06:54:00 AM,NA,NA,STRAIGHT MOVEMENT ANGLE,Clear,NA,Medium,NO CONTROLS,NONE DETECTED,Yes,No Apparent Injury,N/A,NOT DISTRACTED,MD,PASSENGER CAR,MOVING CONSTANT SPEED,5,No,2015,TOYT,TK,39.18398667,-77.26291333,2022,11,6
220048143,Property Damage Crash,11/03/2022 06:54:00 AM,NA,NA,STRAIGHT MOVEMENT ANGLE,Clear,NA,Medium,NO CONTROLS,NONE DETECTED,Yes,No Apparent Injury,N/A,NOT DISTRACTED,MD,PASSENGER CAR,MOVING CONSTANT SPEED,5,No,2021,TOYOTA,PRIUS,39.18398667,-77.26291333,2022,11,6
220048350,Property Damage Crash,11/03/2022 06:50:00 AM,EAST WEST HWY,NA,HEAD ON LEFT TURN,Clear,DRY,Medium,TRAFFIC SIGNAL,NONE DETECTED,Unknown,No Apparent Injury,N/A,NOT DISTRACTED,MD,PASSENGER CAR,MOVING CONSTANT SPEED,35,No,2012,CHEVY,CRUZE,38.99471667,-77.03655833,2022,11,6
220048350,Property Damage Crash,11/03/2022 06:50:00 AM,EAST WEST HWY,NA,HEAD ON LEFT TURN,Clear,DRY,Medium,TRAFFIC SIGNAL,NONE DETECTED,Unknown,No Apparent Injury,N/A,NOT DISTRACTED,MD,STATION WAGON,MAKING LEFT TURN,35,No,2016,LEXUS,NX200T,38.99471667,-77.03655833,2022,11,6
220048347,Property Damage Crash,11/03/2022 06:30:00 AM,AVENEL RD,NA,SAME DIRECTION LEFT TURN,Clear,DRY,Dark,NO CONTROLS,NONE DETECTED,No,No Apparent Injury,N/A,NOT DISTRACTED,MD,PASSENGER CAR,STOPPED IN TRAFFIC LANE,25,No,2020,TOYOTA,RAV4,39.00836667,-76.98048333,2022,11,6
220048347,Property Damage Crash,11/03/2022 06:30:00 AM,AVENEL RD,NA,SAME DIRECTION LEFT TURN,Clear,DRY,Dark,NO CONTROLS,NONE DETECTED,Yes,No Apparent Injury,N/A,UNKNOWN,MD,PASSENGER CAR,MOVING CONSTANT SPEED,25,No,2008,CHEV,SD,39.00836667,-76.98048333,2022,11,6
220048343,Property Damage Crash,11/03/2022 05:35:00 AM,ROCKVILLE PIKE,NA,STRAIGHT MOVEMENT ANGLE,Clear,DRY,Medium,TRAFFIC SIGNAL,NONE DETECTED,Yes,No Apparent Injury,N/A,LOOKED BUT DID NOT SEE,MD,PASSENGER CAR,MOVING CONSTANT SPEED,35,No,2010,HONDA,CIVIC,39.02251724,-77.10275385,2022,11,5
220048343,Property Damage Crash,11/03/2022 05:35:00 AM,ROCKVILLE PIKE,NA,STRAIGHT MOVEMENT ANGLE,Clear,DRY,Medium,TRAFFIC SIGNAL,NONE DETECTED,Yes,No Apparent Injury,N/A,LOOKED BUT DID NOT SEE,MD,PASSENGER CAR,MAKING LEFT TURN,35,No,2005,HONDA,CIVIC,39.02251724,-77.10275385,2022,11,5
220048331,Property Damage Crash,11/03/2022 01:37:00 AM,16TH ST,NA,SAME DIRECTION SIDESWIPE,Clear,DRY,Medium,NO CONTROLS,NONE DETECTED,Yes,No Apparent Injury,N/A,INATTENTIVE OR LOST IN THOUGHT,DC,PASSENGER CAR,MOVING CONSTANT SPEED,35,No,2011,HONDA,ACCORD,38.993805,-77.03632833,2022,11,1
220048327,Property Damage Crash,11/03/2022 12:56:00 AM,SEVEN LOCKS RD,NA,SINGLE VEHICLE,Clear,DRY,Medium,NO CONTROLS,NONE DETECTED,Yes,No Apparent Injury,N/A,OTHER CELLULAR PHONE RELATED,MD,PASSENGER CAR,MOVING CONSTANT SPEED,35,No,2018,JEEP,COMPASS,39.025975,-77.16223,2022,11,0
220048326,Property Damage Crash,11/02/2022 11:40:00 PM,HICKERSON DR,NA,SAME DIR REAR END,Clear,DRY,Medium,NO CONTROLS,NONE DETECTED,No,No Apparent Injury,N/A,NOT DISTRACTED,MD,PASSENGER CAR,PARKED,10,No,2018,TOYOTA,4S,39.04227334,-77.05163495,2022,11,23
220048326,Property Damage Crash,11/02/2022 11:40:00 PM,HICKERSON DR,NA,SAME DIR REAR END,Clear,DRY,Medium,NO CONTROLS,NONE DETECTED,Yes,No Apparent Injury,N/A,UNKNOWN,NA,(SPORT) UTILITY VEHICLE,MOVING CONSTANT SPEED,10,No,2022,HONDA,CRV,39.04227334,-77.05163495,2022,11,23
220048324,Property Damage Crash,11/02/2022 11:22:00 PM,TUCKERMAN LA,NA,SAME DIRECTION SIDESWIPE,Clear,DRY,Medium,TRAFFIC SIGNAL,NONE DETECTED,No,No Apparent Injury,N/A,NOT DISTRACTED,MD,POLICE VEHICLE/NON EMERGENCY,STARTING FROM LANE,25,No,2016,FORD,INTERCEPTOR,39.0244959,-77.10175418,2022,11,23
220048324,Property Damage Crash,11/02/2022 11:22:00 PM,TUCKERMAN LA,NA,SAME DIRECTION SIDESWIPE,Clear,DRY,Medium,TRAFFIC SIGNAL,NONE DETECTED,Yes,No Apparent Injury,N/A,NOT DISTRACTED,MD,POLICE VEHICLE/NON EMERGENCY,CHANGING LANES,25,No,2021,FORD,EXPLORER,39.0244959,-77.10175418,2022,11,23
220048299,Injury Crash,11/02/2022 08:00:00 PM,RIVER RD,NA,STRAIGHT MOVEMENT ANGLE,Clear,DRY,Medium,TRAFFIC SIGNAL,NONE DETECTED,No,No Apparent Injury,N/A,NOT DISTRACTED,DC,PASSENGER CAR,MOVING CONSTANT SPEED,35,No,2005,HONDA,HB,38.98339417,-77.13780117,2022,11,20
220048299,Injury Crash,11/02/2022 08:00:00 PM,RIVER RD,NA,STRAIGHT MOVEMENT ANGLE,Clear,DRY,Medium,TRAFFIC SIGNAL,NONE DETECTED,Yes,Possible Minor Injury,N/A,UNKNOWN,MD,PASSENGER CAR,MOVING CONSTANT SPEED,35,No,2017,SUBA,4D,38.98339417,-77.13780117,2022,11,20
220048309,Property Damage Crash,11/02/2022 07:40:00 PM,BOWIE MILL RD,NA,SINGLE VEHICLE,Clear,DRY,Medium,TRAFFIC SIGNAL,NONE DETECTED,Yes,No Apparent Injury,N/A,NOT DISTRACTED,MD,PASSENGER CAR,MOVING CONSTANT SPEED,40,No,2012,HONDA,CIVIC,39.15482167,-77.09496167,2022,11,19
220048291,Property Damage Crash,11/02/2022 07:20:00 PM,NA,NA,SAME DIRECTION SIDESWIPE,Clear,NA,Medium,NO CONTROLS,NONE DETECTED,Yes,No Apparent Injury,N/A,NOT DISTRACTED,MD,PASSENGER CAR,MOVING CONSTANT SPEED,25,No,2014,HOND,4S,39.1149797,-77.20646682,2022,11,19
220048291,Property Damage Crash,11/02/2022 07:20:00 PM,NA,NA,SAME DIRECTION SIDESWIPE,Clear,NA,Medium,NO CONTROLS,NONE DETECTED,No,No Apparent Injury,N/A,NOT DISTRACTED,MD,PASSENGER CAR,PARKED,25,No,2022,PORS,UT,39.1149797,-77.20646682,2022,11,19
220048289,Injury Crash,11/02/2022 07:10:00 PM,RANDOLPH RD,NA,STRAIGHT MOVEMENT ANGLE,Clear,DRY,Medium,NO CONTROLS,NONE DETECTED,Yes,Possible Minor Injury,N/A,LOOKED BUT DID NOT SEE,MD,PASSENGER CAR,MAKING LEFT TURN,40,No,2016,TOYOTA,AVALON,39.07331833,-77.00823333,2022,11,19
220048289,Injury Crash,11/02/2022 07:10:00 PM,RANDOLPH RD,NA,STRAIGHT MOVEMENT ANGLE,Clear,DRY,Medium,NO CONTROLS,NONE DETECTED,No,Possible Minor Injury,N/A,NOT DISTRACTED,MD,VAN,MOVING CONSTANT SPEED,40,No,2005,HONDA,ODYSSEY,39.07331833,-77.00823333,2022,11,19
220048290,Injury Crash,11/02/2022 07:01:00 PM,OLNEY LAYTONSVILLE RD,NA,SINGLE VEHICLE,Clear,DRY,Dark,NO CONTROLS,NONE DETECTED,Yes,Suspected Serious Injury,N/A,NOT DISTRACTED,MD,(SPORT) UTILITY VEHICLE,MOVING CONSTANT SPEED,40,No,2011,TOYOTA,RAV4,39.19755833,-77.13175333,2022,11,19
220048284,Property Damage Crash,11/02/2022 06:40:00 PM,GEORGIA AVE,NA,SAME DIR REAR END,Clear,DRY,Medium,TRAFFIC SIGNAL,NONE DETECTED,Yes,No Apparent Injury,N/A,UNKNOWN,MD,PASSENGER CAR,SLOWING OR STOPPING,35,No,2017,NISSAN,VERSA,39.06259817,-77.05397183,2022,11,18
220048284,Property Damage Crash,11/02/2022 06:40:00 PM,GEORGIA AVE,NA,SAME DIR REAR END,Clear,DRY,Medium,TRAFFIC SIGNAL,NONE DETECTED,No,No Apparent Injury,N/A,NOT DISTRACTED,MD,PASSENGER CAR,SLOWING OR STOPPING,35,No,2019,HONDA,CRV,39.06259817,-77.05397183,2022,11,18
220048284,Property Damage Crash,11/02/2022 06:40:00 PM,GEORGIA AVE,NA,SAME DIR REAR END,Clear,DRY,Medium,TRAFFIC SIGNAL,NONE DETECTED,No,No Apparent Injury,N/A,NOT DISTRACTED,MD,PASSENGER CAR,SLOWING OR STOPPING,35,No,2007,LEXUS,RX350,39.06259817,-77.05397183,2022,11,18
220048285,Injury Crash,11/02/2022 06:30:00 PM,VEIRS MILL RD,NA,STRAIGHT MOVEMENT ANGLE,Clear,DRY,Medium,NO CONTROLS,NONE DETECTED,Yes,No Apparent Injury,N/A,LOOKED BUT DID NOT SEE,MD,PASSENGER CAR,ACCELERATING,10,No,2014,CHEV,MALIBU,39.07428205,-77.11382013,2022,11,18
220048285,Injury Crash,11/02/2022 06:30:00 PM,VEIRS MILL RD,NA,STRAIGHT MOVEMENT ANGLE,Clear,DRY,Medium,NO CONTROLS,NONE DETECTED,No,No Apparent Injury,N/A,NOT DISTRACTED,MD,PASSENGER CAR,MOVING CONSTANT SPEED,35,No,2018,FORD,FUSION,39.07428205,-77.11382013,2022,11,18
220048274,Property Damage Crash,11/02/2022 06:00:00 PM,FREDERICK RD,NA,STRAIGHT MOVEMENT ANGLE,Clear,DRY,Medium,STOP SIGN,NONE DETECTED,Yes,No Apparent Injury,N/A,LOOKED BUT DID NOT SEE,MD,PASSENGER CAR,MAKING LEFT TURN,40,No,2009,TOYT,SD,39.21511167,-77.25119667,2022,11,18
220048274,Property Damage Crash,11/02/2022 06:00:00 PM,FREDERICK RD,NA,STRAIGHT MOVEMENT ANGLE,Clear,DRY,Medium,STOP SIGN,NONE DETECTED,No,No Apparent Injury,N/A,NOT DISTRACTED,MD,PASSENGER CAR,MOVING CONSTANT SPEED,40,No,2011,NISSAN,ALTIMA,39.21511167,-77.25119667,2022,11,18
220048367,Property Damage Crash,11/02/2022 05:55:00 PM,SHADY GROVE RD,NA,HEAD ON,Clear,DRY,Daylight,TRAFFIC SIGNAL,NONE DETECTED,No,No Apparent Injury,N/A,NOT DISTRACTED,MD,PASSENGER CAR,STOPPED IN TRAFFIC LANE,40,No,2004,TOYOTA,COROLLA,39.11740006,-77.18370086,2022,11,17
220048367,Property Damage Crash,11/02/2022 05:55:00 PM,SHADY GROVE RD,NA,HEAD ON,Clear,DRY,Daylight,TRAFFIC SIGNAL,NONE DETECTED,Yes,No Apparent Injury,N/A,UNKNOWN,MD,VAN,MAKING LEFT TURN,40,No,2018,FORD,T350,39.11740006,-77.18370086,2022,11,17
220048272,Injury Crash,11/02/2022 05:39:00 PM,TUCKERMAN LA,NA,SINGLE VEHICLE,Cloudy,DRY,Daylight,NO CONTROLS,NONE DETECTED,Yes,Possible Minor Injury,N/A,OTHER DISTRACTION,MD,VAN,MOVING CONSTANT SPEED,35,No,2003,HONDA,ODYSSEY,39.0417443,-77.1675464,2022,11,17
220048269,Property Damage Crash,11/02/2022 05:18:00 PM,NA,NA,OTHER,Clear,NA,Daylight,NO CONTROLS,NONE DETECTED,Unknown,No Apparent Injury,N/A,NOT DISTRACTED,MD,SCHOOL BUS,BACKING,5,No,2022,FRHT,BUS,39.00635891,-76.98103273,2022,11,17
220048269,Property Damage Crash,11/02/2022 05:18:00 PM,NA,NA,OTHER,Clear,NA,Daylight,NO CONTROLS,NONE DETECTED,Unknown,No Apparent Injury,N/A,NOT DISTRACTED,MD,PASSENGER CAR,BACKING,5,No,2021,HONDA,CIVIC,39.00635891,-76.98103273,2022,11,17
220048266,Injury Crash,11/02/2022 04:56:00 PM,EISENHOWER MEMORIAL HWY,NA,SAME DIR REAR END,Cloudy,DRY,Daylight,NO CONTROLS,NONE DETECTED,Yes,No Apparent Injury,N/A,UNKNOWN,NA,NA,UNKNOWN,55,No,0,UNKNOWN,UNKNOWN,39.17163103,-77.24441652,2022,11,16
220048266,Injury Crash,11/02/2022 04:56:00 PM,EISENHOWER MEMORIAL HWY,NA,SAME DIR REAR END,Cloudy,DRY,Daylight,NO CONTROLS,NONE DETECTED,Yes,No Apparent Injury,N/A,OTHER ELECTRONIC DEVICE (NAVIGATIONAL PALM PILOT),PA,PASSENGER CAR,MOVING CONSTANT SPEED,55,No,2009,HONDA,CIVIC,39.17163103,-77.24441652,2022,11,16
220048266,Injury Crash,11/02/2022 04:56:00 PM,EISENHOWER MEMORIAL HWY,NA,SAME DIR REAR END,Cloudy,DRY,Daylight,NO CONTROLS,NONE DETECTED,No,No Apparent Injury,N/A,NOT DISTRACTED,MD,(SPORT) UTILITY VEHICLE,SLOWING OR STOPPING,55,No,2020,HOND,PASSPORT,39.17163103,-77.24441652,2022,11,16
220048257,Property Damage Crash,11/02/2022 04:25:00 PM,BRINK RD,NA,SINGLE VEHICLE,Clear,DRY,Daylight,NO CONTROLS,NONE DETECTED,Yes,No Apparent Injury,"ANIMAL, N/A",NOT DISTRACTED,MD,PASSENGER CAR,MOVING CONSTANT SPEED,35,No,1996,TOYT,SD,39.20765667,-77.22420667,2022,11,16
220048245,Property Damage Crash,11/02/2022 03:36:00 PM,GEORGIA AVE,NA,SAME DIR REAR END,Clear,DRY,Daylight,TRAFFIC SIGNAL,NONE DETECTED,Yes,No Apparent Injury,N/A,NOT DISTRACTED,DC,PASSENGER CAR,MOVING CONSTANT SPEED,35,No,2011,CADILLAC,SRX,38.99056,-77.02654167,2022,11,15
220048245,Property Damage Crash,11/02/2022 03:36:00 PM,GEORGIA AVE,NA,SAME DIR REAR END,Clear,DRY,Daylight,TRAFFIC SIGNAL,NONE DETECTED,Yes,No Apparent Injury,N/A,LOOKED BUT DID NOT SEE,MD,PASSENGER CAR,SLOWING OR STOPPING,35,No,2016,TOYT,CAMRY,38.99056,-77.02654167,2022,11,15
220048242,Property Damage Crash,11/02/2022 02:51:00 PM,NA,NA,OTHER,Clear,NA,Daylight,NO CONTROLS,NONE DETECTED,No,No Apparent Injury,N/A,NOT DISTRACTED,MD,PASSENGER CAR,PARKED,10,No,2007,HOND,ODYSSEY,39.01030555,-77.04175188,2022,11,14
220048242,Property Damage Crash,11/02/2022 02:51:00 PM,NA,NA,OTHER,Clear,NA,Daylight,NO CONTROLS,NONE DETECTED,Yes,No Apparent Injury,N/A,UNKNOWN,NA,PASSENGER CAR,PARKING,10,No,2011,NISSAN,ROUGE,39.01030555,-77.04175188,2022,11,14
220048231,Property Damage Crash,11/02/2022 02:49:00 PM,SPRING ST,NA,SAME DIRECTION LEFT TURN,Clear,DRY,Daylight,NO CONTROLS,NONE DETECTED,Yes,No Apparent Injury,N/A,LOOKED BUT DID NOT SEE,MD,PASSENGER CAR,MAKING U TURN,25,No,2022,AUDI,SD,38.99893,-77.02579667,2022,11,14
220048231,Property Damage Crash,11/02/2022 02:49:00 PM,SPRING ST,NA,SAME DIRECTION LEFT TURN,Clear,DRY,Daylight,NO CONTROLS,NONE DETECTED,No,No Apparent Injury,N/A,NOT DISTRACTED,MD,TRANSIT BUS,MOVING CONSTANT SPEED,25,No,2013,GILL,BUS,38.99893,-77.02579667,2022,11,14
220048226,Injury Crash,11/02/2022 02:19:00 PM,RANDOLPH RD,NA,SAME DIR REAR END,Clear,DRY,Daylight,TRAFFIC SIGNAL,NONE DETECTED,Yes,No Apparent Injury,N/A,LOOKED BUT DID NOT SEE,MD,"MEDIUM/HEAVY TRUCKS 3 AXLES (OVER 10,000LBS (4,536KG))",MOVING CONSTANT SPEED,40,No,2015,FREIGHTLINERS,4300,39.06418,-77.039485,2022,11,14
220048226,Injury Crash,11/02/2022 02:19:00 PM,RANDOLPH RD,NA,SAME DIR REAR END,Clear,DRY,Daylight,TRAFFIC SIGNAL,NONE DETECTED,No,Possible Minor Injury,N/A,NOT DISTRACTED,MD,PASSENGER CAR,MOVING CONSTANT SPEED,40,No,2015,TOYOTA,PRIUS,39.06418,-77.039485,2022,11,14
220048229,Property Damage Crash,11/02/2022 02:10:00 PM,GEORGIA AVE,NA,SAME DIR REAR END,Clear,DRY,Daylight,TRAFFIC SIGNAL,NONE DETECTED,No,No Apparent Injury,N/A,NOT DISTRACTED,MD,PASSENGER CAR,STOPPED IN TRAFFIC LANE,35,No,2010,ACURA,TSX,39.10378834,-77.07682268,2022,11,14
220048229,Property Damage Crash,11/02/2022 02:10:00 PM,GEORGIA AVE,NA,SAME DIR REAR END,Clear,DRY,Daylight,TRAFFIC SIGNAL,NONE DETECTED,Yes,No Apparent Injury,N/A,NOT DISTRACTED,NA,PASSENGER CAR,MOVING CONSTANT SPEED,35,No,2015,TOYOTA,CAMRY,39.10378834,-77.07682268,2022,11,14
220048220,Injury Crash,11/02/2022 02:05:00 PM,BEL PRE RD,NA,SAME DIR REAR END,Clear,DRY,Daylight,NO CONTROLS,NONE DETECTED,Yes,Possible Minor Injury,N/A,NOT DISTRACTED,MD,PASSENGER CAR,MOVING CONSTANT SPEED,30,No,2020,HYUNDAI,ELANTRA,39.09297333,-77.08637833,2022,11,14
220048218,Injury Crash,11/02/2022 01:50:00 PM,GEORGIA AVE,NA,SAME DIR REAR END,Clear,DRY,Daylight,N/A,NONE DETECTED,No,No Apparent Injury,N/A,NOT DISTRACTED,MD,PASSENGER CAR,STARTING FROM LANE,45,No,2018,CHEVROLET,SILVERADO,39.13560333,-77.06934,2022,11,13
220048218,Injury Crash,11/02/2022 01:50:00 PM,GEORGIA AVE,NA,SAME DIR REAR END,Clear,DRY,Daylight,N/A,NONE DETECTED,Yes,No Apparent Injury,N/A,UNKNOWN,MD,PASSENGER CAR,MOVING CONSTANT SPEED,45,No,2006,HONDA,ACCORD,39.13560333,-77.06934,2022,11,13
220048218,Injury Crash,11/02/2022 01:50:00 PM,GEORGIA AVE,NA,SAME DIR REAR END,Clear,DRY,Daylight,N/A,NONE DETECTED,No,No Apparent Injury,N/A,NOT DISTRACTED,MD,PASSENGER CAR,STARTING FROM LANE,45,No,2021,CHEVROLET,SUBURBAN,39.13560333,-77.06934,2022,11,13
220048218,Injury Crash,11/02/2022 01:50:00 PM,GEORGIA AVE,NA,SAME DIR REAR END,Clear,DRY,Daylight,N/A,NONE DETECTED,No,No Apparent Injury,N/A,NOT DISTRACTED,MD,PASSENGER CAR,STARTING FROM LANE,45,No,2016,MERCEDES-BENZ,C300,39.13560333,-77.06934,2022,11,13
220048205,Property Damage Crash,11/02/2022 01:05:00 PM,BROOKVILLE RD,NA,SAME DIR REAR END,Cloudy,DRY,Daylight,NO CONTROLS,NONE DETECTED,Yes,No Apparent Injury,N/A,LOOKED BUT DID NOT SEE,MD,PASSENGER CAR,SLOWING OR STOPPING,30,No,2015,TOYT,4H,39.004455,-77.05118833,2022,11,13
220048205,Property Damage Crash,11/02/2022 01:05:00 PM,BROOKVILLE RD,NA,SAME DIR REAR END,Cloudy,DRY,Daylight,NO CONTROLS,NONE DETECTED,No,No Apparent Injury,N/A,NOT DISTRACTED,MD,PASSENGER CAR,STOPPED IN TRAFFIC LANE,30,No,2014,HOND,SD,39.004455,-77.05118833,2022,11,13
220048205,Property Damage Crash,11/02/2022 01:05:00 PM,BROOKVILLE RD,NA,SAME DIR REAR END,Cloudy,DRY,Daylight,NO CONTROLS,NONE DETECTED,No,No Apparent Injury,N/A,NOT DISTRACTED,MD,PASSENGER CAR,STOPPED IN TRAFFIC LANE,30,No,2011,HYUN,4S,39.004455,-77.05118833,2022,11,13
220048184,Property Damage Crash,11/02/2022 11:35:00 AM,GERMANTOWN RD,NA,SAME DIR REAR END,Clear,DRY,Daylight,TRAFFIC SIGNAL,NONE DETECTED,Yes,No Apparent Injury,N/A,NOT DISTRACTED,MD,PASSENGER CAR,MOVING CONSTANT SPEED,40,No,2005,HOND,TK,39.18382333,-77.263075,2022,11,11
220048184,Property Damage Crash,11/02/2022 11:35:00 AM,GERMANTOWN RD,NA,SAME DIR REAR END,Clear,DRY,Daylight,TRAFFIC SIGNAL,NONE DETECTED,No,No Apparent Injury,N/A,NOT DISTRACTED,MD,PASSENGER CAR,STOPPED IN TRAFFIC LANE,40,No,2015,CHEV,2S,39.18382333,-77.263075,2022,11,11
220048194,Property Damage Crash,11/02/2022 11:15:00 AM,TUCKERMAN LA,NA,SAME DIR REND LEFT TURN,Clear,DRY,Daylight,NO CONTROLS,NONE DETECTED,Yes,No Apparent Injury,N/A,NOT DISTRACTED,MD,PASSENGER CAR,MOVING CONSTANT SPEED,40,No,2022,KIA,UT,39.03009889,-77.11217078,2022,11,11
220048194,Property Damage Crash,11/02/2022 11:15:00 AM,TUCKERMAN LA,NA,SAME DIR REND LEFT TURN,Clear,DRY,Daylight,NO CONTROLS,NONE DETECTED,Yes,No Apparent Injury,N/A,NOT DISTRACTED,MD,(SPORT) UTILITY VEHICLE,MOVING CONSTANT SPEED,45,No,2019,TOYT,RAV4,39.03009889,-77.11217078,2022,11,11
220048180,Injury Crash,11/02/2022 11:08:00 AM,OLD COLUMBIA PIKE,NA,STRAIGHT MOVEMENT ANGLE,Clear,DRY,Daylight,NO CONTROLS,NONE DETECTED,No,Possible Minor Injury,N/A,NOT DISTRACTED,MD,PASSENGER CAR,MOVING CONSTANT SPEED,40,No,2018,HONDA,ACCORD,39.07659041,-76.95729321,2022,11,11
220048180,Injury Crash,11/02/2022 11:08:00 AM,OLD COLUMBIA PIKE,NA,STRAIGHT MOVEMENT ANGLE,Clear,DRY,Daylight,NO CONTROLS,NONE DETECTED,Yes,Possible Minor Injury,N/A,LOOKED BUT DID NOT SEE,MD,PASSENGER CAR,ACCELERATING,40,No,2011,TOYOTA,CAMRY,39.07659041,-76.95729321,2022,11,11
220048181,Property Damage Crash,11/02/2022 10:54:00 AM,MONTROSE PKWY,NA,SAME DIR BOTH LEFT TURN,Clear,DRY,Daylight,TRAFFIC SIGNAL,NONE DETECTED,Yes,No Apparent Injury,N/A,UNKNOWN,NA,UNKNOWN,MAKING LEFT TURN,40,No,0,UNKNOWN,UNKNOWN,39.05193167,-77.11813833,2022,11,10
220048181,Property Damage Crash,11/02/2022 10:54:00 AM,MONTROSE PKWY,NA,SAME DIR BOTH LEFT TURN,Clear,DRY,Daylight,TRAFFIC SIGNAL,NONE DETECTED,No,No Apparent Injury,N/A,NOT DISTRACTED,MD,PASSENGER CAR,MAKING LEFT TURN,40,No,2012,HONDA,CIVIC,39.05193167,-77.11813833,2022,11,10
220048177,Property Damage Crash,11/02/2022 10:48:00 AM,NA,NA,OTHER,Clear,NA,Daylight,NO CONTROLS,NONE DETECTED,Yes,No Apparent Injury,N/A,UNKNOWN,MD,PICKUP TRUCK,MAKING RIGHT TURN,15,No,2004,FORD,F150,39.01071567,-77.04070233,2022,11,10
220048169,Property Damage Crash,11/02/2022 09:55:00 AM,PARKLAWN DR,NA,SAME DIR REAR END,Clear,DRY,Daylight,NO CONTROLS,NONE DETECTED,Unknown,No Apparent Injury,N/A,NOT DISTRACTED,MD,VAN,MOVING CONSTANT SPEED,30,No,2012,FORD,CG,39.05114,-77.10645833,2022,11,9