Local Case Number,ACRS Report Type,Crash Date/Time,Road Name,Related Non-Motorist,Collision Type,Weather,Surface Condition,Light,Traffic Control,Driver Substance Abuse,Driver At Fault,Injury Severity,Circumstance,Driver Distracted By,Drivers License State,Vehicle Body Type,Vehicle Movement,Speed Limit,Driverless Vehicle,Vehicle Year,Vehicle Make,Vehicle Model,Latitude,Longitude,Year,Month,Hour
220048169,Property Damage Crash,11/02/2022 09:55:00 AM,PARKLAWN DR,NA,SAME DIR REAR END,Clear,DRY,Daylight,NO CONTROLS,NONE DETECTED,Unknown,No Apparent Injury,N/A,NOT DISTRACTED,MD,PICKUP TRUCK,CHANGING LANES,30,No,2009,TOYT,TK,39.05114,-77.10645833,2022,11,9
220048165,Property Damage Crash,11/02/2022 09:45:00 AM,SHADY GROVE RD,NA,SAME DIRECTION SIDESWIPE,Clear,DRY,Daylight,TRAFFIC SIGNAL,NONE DETECTED,Yes,No Apparent Injury,N/A,NOT DISTRACTED,MD,PASSENGER CAR,CHANGING LANES,40,No,2022,TOYT,COROLLA,39.11512167,-77.18535833,2022,11,9
220048165,Property Damage Crash,11/02/2022 09:45:00 AM,SHADY GROVE RD,NA,SAME DIRECTION SIDESWIPE,Clear,DRY,Daylight,TRAFFIC SIGNAL,NONE DETECTED,No,No Apparent Injury,N/A,NOT DISTRACTED,MD,(SPORT) UTILITY VEHICLE,MOVING CONSTANT SPEED,40,No,2019,MAZDA,CX9,39.11512167,-77.18535833,2022,11,9
220048165,Property Damage Crash,11/02/2022 09:45:00 AM,SHADY GROVE RD,NA,SAME DIRECTION SIDESWIPE,Clear,DRY,Daylight,TRAFFIC SIGNAL,NONE DETECTED,No,No Apparent Injury,N/A,NOT DISTRACTED,MD,"MEDIUM/HEAVY TRUCKS 3 AXLES (OVER 10,000LBS (4,536KG))",MOVING CONSTANT SPEED,40,No,2019,PETER,TK,39.11512167,-77.18535833,2022,11,9
220048182,Property Damage Crash,11/02/2022 09:16:00 AM,GEORGIA AVE,NA,SAME DIRECTION SIDESWIPE,Clear,DRY,Daylight,NO CONTROLS,NONE DETECTED,Yes,No Apparent Injury,N/A,UNKNOWN,NA,PASSENGER CAR,CHANGING LANES,35,No,2014,NISSAN,VERSA NOTE,39.00777733,-77.03986313,2022,11,9
220048182,Property Damage Crash,11/02/2022 09:16:00 AM,GEORGIA AVE,NA,SAME DIRECTION SIDESWIPE,Clear,DRY,Daylight,NO CONTROLS,NONE DETECTED,No,No Apparent Injury,N/A,NOT DISTRACTED,MD,PASSENGER CAR,MOVING CONSTANT SPEED,35,No,2022,TOYOTA,RAV4,39.00777733,-77.03986313,2022,11,9
220048156,Property Damage Crash,11/02/2022 09:04:00 AM,GROSVENOR LA,NA,OTHER,Clear,DRY,Daylight,NO CONTROLS,NONE DETECTED,Yes,No Apparent Injury,"N/A, VISION OBSTRUCTION (INCL. BLINDED BY SUN)",LOOKED BUT DID NOT SEE,MD,PASSENGER CAR,MOVING CONSTANT SPEED,30,No,2023,KIA,SD,39.02278167,-77.11909333,2022,11,9
220048158,Property Damage Crash,11/02/2022 09:00:00 AM,NA,NA,OTHER,Clear,NA,Daylight,NO CONTROLS,NONE DETECTED,Yes,No Apparent Injury,N/A,NOT DISTRACTED,MD,SCHOOL BUS,BACKING,15,No,2019,FREIGHT,BUS,38.99600329,-77.04799089,2022,11,9
220048155,Injury Crash,11/02/2022 08:45:00 AM,MUNCASTER MILL RD,NA,ANGLE MEETS LEFT TURN,Clear,DRY,Daylight,NO CONTROLS,NONE DETECTED,No,Possible Minor Injury,N/A,NOT DISTRACTED,MD,PASSENGER CAR,MOVING CONSTANT SPEED,35,No,2004,HONDA,ACCORD,39.14610667,-77.14496667,2022,11,8
220048155,Injury Crash,11/02/2022 08:45:00 AM,MUNCASTER MILL RD,NA,ANGLE MEETS LEFT TURN,Clear,DRY,Daylight,NO CONTROLS,NONE DETECTED,Yes,No Apparent Injury,N/A,NOT DISTRACTED,MD,PASSENGER CAR,MAKING LEFT TURN,35,No,2017,TOYOTA,COROLLA,39.14610667,-77.14496667,2022,11,8
220046757,Property Damage Crash,11/02/2022 07:04:00 AM,COLUMBIA PIKE,NA,SAME DIR REAR END,Clear,WET,Medium,NO CONTROLS,NONE DETECTED,Yes,No Apparent Injury,N/A,NOT DISTRACTED,MD,PASSENGER CAR,SLOWING OR STOPPING,55,No,2001,HONDA,CIVIC,39.09710392,-76.93713665,2022,11,7
220046757,Property Damage Crash,11/02/2022 07:04:00 AM,COLUMBIA PIKE,NA,SAME DIR REAR END,Clear,WET,Medium,NO CONTROLS,NONE DETECTED,No,No Apparent Injury,N/A,NOT DISTRACTED,MD,PASSENGER CAR,SLOWING OR STOPPING,55,No,2021,HYUNDAI,SONATA,39.09710392,-76.93713665,2022,11,7
220048137,Property Damage Crash,11/02/2022 03:59:00 AM,UNIVERSITY BLVD E,NA,SINGLE VEHICLE,Clear,DRY,Medium,TRAFFIC SIGNAL,NONE DETECTED,Yes,No Apparent Injury,N/A,UNKNOWN,NA,PASSENGER CAR,MOVING CONSTANT SPEED,35,No,2004,HONDA,ODESSEY,39.01837767,-77.00742283,2022,11,3
220048119,Property Damage Crash,11/01/2022 10:15:00 PM,NA,NA,OTHER,Clear,NA,Dark,NO CONTROLS,NONE DETECTED,Yes,No Apparent Injury,N/A,NOT DISTRACTED,MD,POLICE VEHICLE/NON EMERGENCY,BACKING,0,No,2016,FORD,TAURUS,39.10248588,-77.13490435,2022,11,22
220048114,Property Damage Crash,11/01/2022 09:29:00 PM,EAST WEST HWY,NA,SAME DIRECTION SIDESWIPE,Clear,DRY,Medium,TRAFFIC SIGNAL,NONE DETECTED,No,No Apparent Injury,N/A,NOT DISTRACTED,MD,(SPORT) UTILITY VEHICLE,MAKING U TURN,35,No,2020,AUDI,Q3,38.994425,-77.03610667,2022,11,21
220048114,Property Damage Crash,11/01/2022 09:29:00 PM,EAST WEST HWY,NA,SAME DIRECTION SIDESWIPE,Clear,DRY,Medium,TRAFFIC SIGNAL,NONE DETECTED,No,No Apparent Injury,N/A,NOT DISTRACTED,DC,PASSENGER CAR,MAKING RIGHT TURN,35,No,2006,BMW,750I,38.994425,-77.03610667,2022,11,21
220048113,Property Damage Crash,11/01/2022 09:04:00 PM,BELLS MILL RD,NA,OTHER,Clear,DRY,Medium,TRAFFIC SIGNAL,NONE DETECTED,No,No Apparent Injury,"ANIMAL, N/A",NOT DISTRACTED,MD,POLICE VEHICLE/NON EMERGENCY,MOVING CONSTANT SPEED,30,No,2018,FORD,TAURUS,39.03540353,-77.19235251,2022,11,21
220048088,Property Damage Crash,11/01/2022 07:30:00 PM,NEW HAMPSHIRE AVE,NA,SAME DIR REAR END,Clear,DRY,Medium,TRAFFIC SIGNAL,NONE DETECTED,No,No Apparent Injury,N/A,NOT DISTRACTED,DC,PASSENGER CAR,STOPPED IN TRAFFIC LANE,40,No,2008,DODGE,CHARGER,39.01614,-76.977595,2022,11,19
220048088,Property Damage Crash,11/01/2022 07:30:00 PM,NEW HAMPSHIRE AVE,NA,SAME DIR REAR END,Clear,DRY,Medium,TRAFFIC SIGNAL,NONE DETECTED,Yes,No Apparent Injury,N/A,NOT DISTRACTED,MD,PASSENGER CAR,SLOWING OR STOPPING,40,No,2019,DODGE,GRAND CARAVAN,39.01614,-76.977595,2022,11,19
220048101,Property Damage Crash,11/01/2022 07:17:00 PM,CLOPPER RD,NA,SAME DIR REAR END,Clear,DRY,Medium,TRAFFIC SIGNAL,NONE DETECTED,Yes,No Apparent Injury,N/A,INATTENTIVE OR LOST IN THOUGHT,MD,PASSENGER CAR,SLOWING OR STOPPING,35,No,2003,TOYOTA,COROLLA,39.15411167,-77.25329333,2022,11,19
220048101,Property Damage Crash,11/01/2022 07:17:00 PM,CLOPPER RD,NA,SAME DIR REAR END,Clear,DRY,Medium,TRAFFIC SIGNAL,NONE DETECTED,No,No Apparent Injury,N/A,NOT DISTRACTED,MD,PASSENGER CAR,STOPPED IN TRAFFIC LANE,35,No,2010,MERZ,4S,39.15411167,-77.25329333,2022,11,19
220048086,Injury Crash,11/01/2022 06:49:00 PM,KENSINGTON PKWY,NA,SAME DIR REAR END,Clear,DRY,Dark,STOP SIGN,NONE DETECTED,No,Possible Minor Injury,N/A,NOT DISTRACTED,MD,(SPORT) UTILITY VEHICLE,ACCELERATING,30,No,2012,HONDA,CRV,39.00120667,-77.07586833,2022,11,18
220048086,Injury Crash,11/01/2022 06:49:00 PM,KENSINGTON PKWY,NA,SAME DIR REAR END,Clear,DRY,Dark,STOP SIGN,ALCOHOL PRESENT,Yes,No Apparent Injury,N/A,NOT DISTRACTED,MD,(SPORT) UTILITY VEHICLE,MOVING CONSTANT SPEED,30,No,2018,HOND,CRV,39.00120667,-77.07586833,2022,11,18
220048082,Injury Crash,11/01/2022 06:23:00 PM,WARING STATION RD,NA,STRAIGHT MOVEMENT ANGLE,Clear,DRY,Dark,STOP SIGN,NONE DETECTED,Yes,Possible Minor Injury,N/A,NOT DISTRACTED,MD,PASSENGER CAR,ACCELERATING,20,No,2021,TOYOTA,COROLLA,39.16972417,-77.24891867,2022,11,18
220048082,Injury Crash,11/01/2022 06:23:00 PM,WARING STATION RD,NA,STRAIGHT MOVEMENT ANGLE,Clear,DRY,Dark,STOP SIGN,NONE DETECTED,No,No Apparent Injury,N/A,NOT DISTRACTED,MD,PASSENGER CAR,MOVING CONSTANT SPEED,30,No,2016,DODGE,CHARGER,39.16972417,-77.24891867,2022,11,18
220048081,Injury Crash,11/01/2022 06:20:00 PM,RIDGE RD,NA,SAME DIR REAR END,Clear,DRY,Medium,NO CONTROLS,NONE DETECTED,Yes,Possible Minor Injury,N/A,LOOKED BUT DID NOT SEE,MD,PASSENGER CAR,MOVING CONSTANT SPEED,40,No,2017,KIA,TK,39.26018,-77.22326,2022,11,18
220048081,Injury Crash,11/01/2022 06:20:00 PM,RIDGE RD,NA,SAME DIR REAR END,Clear,DRY,Medium,NO CONTROLS,NONE DETECTED,No,No Apparent Injury,N/A,NOT DISTRACTED,MD,PASSENGER CAR,MAKING LEFT TURN,40,No,2021,FORD,UT,39.26018,-77.22326,2022,11,18
220048075,Injury Crash,11/01/2022 06:05:00 PM,FLOWER HILL WAY,NA,STRAIGHT MOVEMENT ANGLE,Clear,DRY,Medium,STOP SIGN,NONE DETECTED,Yes,No Apparent Injury,N/A,NOT DISTRACTED,MD,(SPORT) UTILITY VEHICLE,MAKING LEFT TURN,30,No,2004,KIA,SORENTO,39.1557105,-77.164914,2022,11,18
220048075,Injury Crash,11/01/2022 06:05:00 PM,FLOWER HILL WAY,NA,STRAIGHT MOVEMENT ANGLE,Clear,DRY,Medium,STOP SIGN,NONE DETECTED,No,Possible Minor Injury,N/A,NOT DISTRACTED,MD,PASSENGER CAR,MOVING CONSTANT SPEED,30,No,2006,TOYOTA,SIENNA,39.1557105,-77.164914,2022,11,18
220048073,Property Damage Crash,11/01/2022 05:30:00 PM,NORBECK RD,NA,SINGLE VEHICLE,Clear,DRY,Daylight,NO CONTROLS,NONE DETECTED,Yes,No Apparent Injury,N/A,OTHER DISTRACTION,MD,PASSENGER CAR,MOVING CONSTANT SPEED,45,No,2008,TOYOTA,TRUCK,39.09249917,-77.12388167,2022,11,17
220048066,Property Damage Crash,11/01/2022 05:19:00 PM,RICHTER FARM RD,NA,SAME DIR REAR END,Clear,DRY,Daylight,NO CONTROLS,NONE DETECTED,No,No Apparent Injury,N/A,NOT DISTRACTED,MD,PASSENGER CAR,STOPPED IN TRAFFIC LANE,40,No,2018,AUDI,UT,39.15225,-77.29195167,2022,11,17
220048066,Property Damage Crash,11/01/2022 05:19:00 PM,RICHTER FARM RD,NA,SAME DIR REAR END,Clear,DRY,Daylight,NO CONTROLS,NONE DETECTED,Yes,No Apparent Injury,N/A,LOOKED BUT DID NOT SEE,MD,PASSENGER CAR,SLOWING OR STOPPING,40,No,2009,TOYOTA,4S,39.15225,-77.29195167,2022,11,17
220048059,Property Damage Crash,11/01/2022 04:42:00 PM,RIDGE RD,NA,ANGLE MEETS RIGHT TURN,Clear,DRY,Daylight,TRAFFIC SIGNAL,NONE DETECTED,Yes,No Apparent Injury,N/A,OTHER DISTRACTION,MD,PASSENGER CAR,MOVING CONSTANT SPEED,40,No,2018,TOYOTA,RAV4,39.20538467,-77.24340767,2022,11,16
220048059,Property Damage Crash,11/01/2022 04:42:00 PM,RIDGE RD,NA,ANGLE MEETS RIGHT TURN,Clear,DRY,Daylight,TRAFFIC SIGNAL,NONE DETECTED,No,No Apparent Injury,N/A,NOT DISTRACTED,MD,PASSENGER CAR,MAKING RIGHT TURN,40,No,2013,HONDA,ACCORD,39.20538467,-77.24340767,2022,11,16
220048050,Property Damage Crash,11/01/2022 04:08:00 PM,GOSHEN RD,NA,SAME DIR REAR END,Clear,DRY,Daylight,NO CONTROLS,NONE DETECTED,Yes,No Apparent Injury,N/A,NOT DISTRACTED,MD,PASSENGER CAR,MOVING CONSTANT SPEED,35,No,2016,TOYOTA,CAMRY,39.16087667,-77.192165,2022,11,16
220048050,Property Damage Crash,11/01/2022 04:08:00 PM,GOSHEN RD,NA,SAME DIR REAR END,Clear,DRY,Daylight,NO CONTROLS,NONE DETECTED,No,No Apparent Injury,N/A,NOT DISTRACTED,MD,(SPORT) UTILITY VEHICLE,STOPPED IN TRAFFIC LANE,35,No,2016,ACURA,MDX,39.16087667,-77.192165,2022,11,16
220048131,Property Damage Crash,11/01/2022 03:25:00 PM,LANIER DR,NA,OTHER,Clear,DRY,Daylight,NO CONTROLS,NONE DETECTED,Yes,No Apparent Injury,N/A,UNKNOWN,NA,"CARGO VAN/LIGHT TRUCK 2 AXLES (OVER 10,000LBS (4,536 KG))",BACKING,25,No,2020,CHEV,EXPRESS G3500,39.00041788,-77.04727928,2022,11,15
220048040,Property Damage Crash,11/01/2022 02:53:00 PM,SANDY SPRING RD,NA,SAME DIR REAR END,Clear,DRY,Daylight,NO CONTROLS,NONE DETECTED,No,No Apparent Injury,N/A,NOT DISTRACTED,MD,SCHOOL BUS,PARKED,45,No,2018,THMS,BU,39.108895,-76.92289833,2022,11,14
220048040,Property Damage Crash,11/01/2022 02:53:00 PM,SANDY SPRING RD,NA,SAME DIR REAR END,Clear,DRY,Daylight,NO CONTROLS,NONE DETECTED,Yes,No Apparent Injury,N/A,NOT DISTRACTED,MD,PASSENGER CAR,CHANGING LANES,45,No,2013,FORD,UT,39.108895,-76.92289833,2022,11,14
220048004,Property Damage Crash,11/01/2022 12:02:00 PM,CABIN JOHN PKWY,NA,SAME DIR REAR END,Cloudy,DRY,Daylight,NO CONTROLS,NONE DETECTED,Yes,No Apparent Injury,N/A,INATTENTIVE OR LOST IN THOUGHT,FL,PASSENGER CAR,BACKING,55,No,2022,HYUNDAI,IONIQ,38.9821015,-77.1567395,2022,11,12
220048004,Property Damage Crash,11/01/2022 12:02:00 PM,CABIN JOHN PKWY,NA,SAME DIR REAR END,Cloudy,DRY,Daylight,NO CONTROLS,NONE DETECTED,No,No Apparent Injury,N/A,NOT DISTRACTED,ID,AMBULANCE/EMERGENCY,SLOWING OR STOPPING,55,No,2013,LAND ROVER,LR4,38.9821015,-77.1567395,2022,11,12
220048078,Property Damage Crash,11/01/2022 11:00:00 AM,VALLEY BEND DR,NA,SAME DIRECTION SIDESWIPE,Clear,DRY,Daylight,NO CONTROLS,NONE DETECTED,Yes,No Apparent Injury,N/A,UNKNOWN,NA,NA,MOVING CONSTANT SPEED,20,No,0,UNKNOWN,UNKNOWN,39.19057167,-77.230845,2022,11,11
220047979,Property Damage Crash,11/01/2022 10:51:00 AM,VEIRS MILL RD,NA,HEAD ON LEFT TURN,Clear,DRY,Daylight,TRAFFIC SIGNAL,NONE DETECTED,No,No Apparent Injury,N/A,NOT DISTRACTED,MD,PASSENGER CAR,MOVING CONSTANT SPEED,35,No,2014,CHEVROLET,CRUZ,39.04508833,-77.064948330000007,2022,11,10
220047979,Property Damage Crash,11/01/2022 10:51:00 AM,VEIRS MILL RD,NA,HEAD ON LEFT TURN,Clear,DRY,Daylight,TRAFFIC SIGNAL,NONE DETECTED,Yes,No Apparent Injury,N/A,UNKNOWN,MD,(SPORT) UTILITY VEHICLE,MOVING CONSTANT SPEED,35,No,2000,TOYOTA,4RUNNER,39.04508833,-77.064948330000007,2022,11,10
220047968,Property Damage Crash,11/01/2022 09:42:00 AM,MACARTHUR BLVD,NA,SINGLE VEHICLE,Cloudy,WET,Daylight,NO CONTROLS,NONE DETECTED,Yes,No Apparent Injury,N/A,UNKNOWN,MD,(SPORT) UTILITY VEHICLE,MOVING CONSTANT SPEED,35,No,2020,TOYOTA,RAV4,38.97202167,-77.14354167,2022,11,9
220047958,Property Damage Crash,11/01/2022 09:15:00 AM,NA,NA,HEAD ON,Clear,NA,Daylight,N/A,NONE DETECTED,Yes,No Apparent Injury,N/A,LOOKED BUT DID NOT SEE,MD,PASSENGER CAR,PARKING,0,No,2018,TOYT,4S,39.07988833,-77.07930333,2022,11,9
220047958,Property Damage Crash,11/01/2022 09:15:00 AM,NA,NA,HEAD ON,Clear,NA,Daylight,N/A,NONE DETECTED,No,No Apparent Injury,N/A,NOT DISTRACTED,MD,PASSENGER CAR,PARKED,0,No,2014,DODG,4S,39.07988833,-77.07930333,2022,11,9
220047966,Injury Crash,11/01/2022 09:02:00 AM,CHERRY HILL RD,NA,HEAD ON LEFT TURN,Clear,DRY,Daylight,TRAFFIC SIGNAL,NONE DETECTED,Unknown,No Apparent Injury,N/A,NOT DISTRACTED,VA,PASSENGER CAR,SLOWING OR STOPPING,40,No,1988,TOYOTA,CAMRY,39.05607799,-76.95429593,2022,11,9
220047966,Injury Crash,11/01/2022 09:02:00 AM,CHERRY HILL RD,NA,HEAD ON LEFT TURN,Clear,DRY,Daylight,TRAFFIC SIGNAL,NONE DETECTED,Unknown,Possible Minor Injury,N/A,UNKNOWN,MD,PASSENGER CAR,MAKING LEFT TURN,35,No,2000,ACURA,INTEGRA,39.05607799,-76.95429593,2022,11,9
220047951,Injury Crash,11/01/2022 08:51:00 AM,BELLS MILL RD,NA,STRAIGHT MOVEMENT ANGLE,Cloudy,WET,Daylight,STOP SIGN,NONE DETECTED,No,No Apparent Injury,N/A,NOT DISTRACTED,MD,VAN,MOVING CONSTANT SPEED,25,No,2011,DODGE,CARAVAN,39.02338833,-77.12672833,2022,11,8
220047951,Injury Crash,11/01/2022 08:51:00 AM,BELLS MILL RD,NA,STRAIGHT MOVEMENT ANGLE,Cloudy,WET,Daylight,STOP SIGN,NONE DETECTED,Yes,Possible Minor Injury,N/A,NOT DISTRACTED,MD,(SPORT) UTILITY VEHICLE,MAKING LEFT TURN,25,No,2016,BMW,X3,39.02338833,-77.12672833,2022,11,8
220047950,Property Damage Crash,11/01/2022 08:43:00 AM,UNIVERSITY BLVD E,NA,SAME DIRECTION LEFT TURN,Cloudy,DRY,Daylight,NO CONTROLS,NONE DETECTED,Yes,No Apparent Injury,N/A,LOOKED BUT DID NOT SEE,MD,(SPORT) UTILITY VEHICLE,CHANGING LANES,35,No,2014,HONDA,CRV,38.9985944,-76.99456497,2022,11,8
220047950,Property Damage Crash,11/01/2022 08:43:00 AM,UNIVERSITY BLVD E,NA,SAME DIRECTION LEFT TURN,Cloudy,DRY,Daylight,NO CONTROLS,NONE DETECTED,No,No Apparent Injury,N/A,NOT DISTRACTED,MD,PASSENGER CAR,MOVING CONSTANT SPEED,35,No,2019,SUBARU,IMPREZA,38.9985944,-76.99456497,2022,11,8
220047948,Property Damage Crash,11/01/2022 08:27:00 AM,FAIRLAND RD,NA,SINGLE VEHICLE,Clear,WET,Daylight,NO CONTROLS,NONE DETECTED,No,No Apparent Injury,"N/A, WET",NOT DISTRACTED,MD,PASSENGER CAR,MOVING CONSTANT SPEED,25,No,2017,TOYT,4S,39.0671825,-76.94926517,2022,11,8
220047943,Property Damage Crash,11/01/2022 08:16:00 AM,NO NAME,NA,SAME DIR REAR END,Cloudy,WET,Daylight,NO CONTROLS,NONE DETECTED,No,No Apparent Injury,N/A,UNKNOWN,NA,NA,SLOWING OR STOPPING,55,No,0,UNKNOWN,UNKNOWN,39.02769167,-77.14197667,2022,11,8
220047943,Property Damage Crash,11/01/2022 08:16:00 AM,NO NAME,NA,SAME DIR REAR END,Cloudy,WET,Daylight,NO CONTROLS,NONE DETECTED,Yes,No Apparent Injury,N/A,UNKNOWN,MD,PASSENGER CAR,MOVING CONSTANT SPEED,55,No,2018,HOND,4S,39.02769167,-77.14197667,2022,11,8
220047946,Property Damage Crash,11/01/2022 08:00:00 AM,WILSON LA,NA,STRAIGHT MOVEMENT ANGLE,Cloudy,WET,Daylight,STOP SIGN,NONE DETECTED,No,No Apparent Injury,"N/A, WET",NOT DISTRACTED,MD,PASSENGER CAR,MOVING CONSTANT SPEED,30,No,2017,TOYOTA,TUNDRA,38.98133683,-77.14089733,2022,11,8
220047946,Property Damage Crash,11/01/2022 08:00:00 AM,WILSON LA,NA,STRAIGHT MOVEMENT ANGLE,Cloudy,WET,Daylight,STOP SIGN,NONE DETECTED,Yes,No Apparent Injury,"N/A, WET",NOT DISTRACTED,MD,PASSENGER CAR,STARTING FROM PARKED,30,No,2022,NISSAN,LEAF,38.98133683,-77.14089733,2022,11,8
220047937,Property Damage Crash,11/01/2022 07:43:00 AM,RIDGE RD,NA,SAME DIR REAR END,Rain,WET,Daylight,NO CONTROLS,NONE DETECTED,No,No Apparent Injury,"SLEET, HAIL, FREEZ. RAIN, WET",NOT DISTRACTED,MD,PASSENGER CAR,SLOWING OR STOPPING,40,No,2015,NISS,4S,39.260725,-77.22283333,2022,11,7
220047937,Property Damage Crash,11/01/2022 07:43:00 AM,RIDGE RD,NA,SAME DIR REAR END,Rain,WET,Daylight,NO CONTROLS,NONE DETECTED,Yes,No Apparent Injury,"SLEET, HAIL, FREEZ. RAIN, WET",NOT DISTRACTED,PA,PASSENGER CAR,MOVING CONSTANT SPEED,40,No,2019,FRE,TK,39.260725,-77.22283333,2022,11,7
220047934,Property Damage Crash,11/01/2022 07:10:00 AM,FREDERICK RD,NA,STRAIGHT MOVEMENT ANGLE,Cloudy,WET,Medium,TRAFFIC SIGNAL,NONE DETECTED,Yes,No Apparent Injury,"N/A, VISION OBSTRUCTION (INCL. BLINDED BY SUN)",OTHER DISTRACTION,MD,STATION WAGON,MAKING U TURN,40,No,2015,MAZDA,5,39.17800833,-77.23895833,2022,11,7
220047934,Property Damage Crash,11/01/2022 07:10:00 AM,FREDERICK RD,NA,STRAIGHT MOVEMENT ANGLE,Cloudy,WET,Medium,TRAFFIC SIGNAL,NONE DETECTED,No,No Apparent Injury,"N/A, VISION OBSTRUCTION (INCL. BLINDED BY SUN)",NOT DISTRACTED,MD,PASSENGER CAR,MOVING CONSTANT SPEED,40,No,2020,TOYOTA,COROLLA,39.17800833,-77.23895833,2022,11,7
220047931,Property Damage Crash,11/01/2022 06:30:00 AM,CENTERWAY RD,NA,SINGLE VEHICLE,Cloudy,WET,Dark,N/A,NONE DETECTED,Yes,No Apparent Injury,"RAIN, SNOW, WET",NOT DISTRACTED,MD,PASSENGER CAR,MOVING CONSTANT SPEED,35,No,2005,VOLKSWAGEN,PASSAT,39.16941167,-77.18285333,2022,11,6
220047926,Injury Crash,11/01/2022 01:25:00 AM,MARYLAND AVE,NA,SINGLE VEHICLE,Rain,WET,Medium,TRAFFIC SIGNAL,NONE DETECTED,Yes,Possible Minor Injury,"RAIN, SNOW, WET",OTHER DISTRACTION,MD,PASSENGER CAR,MOVING CONSTANT SPEED,25,No,2014,HONDA,RIDGELINE,39.08115417,-77.15124533,2022,11,1
220047919,Property Damage Crash,10/31/2022 11:09:00 PM,BEL PRE RD,NA,SAME DIR REAR END,Rain,WET,Medium,TRAFFIC SIGNAL,NONE DETECTED,Yes,No Apparent Injury,"N/A, WET",NOT DISTRACTED,MD,PASSENGER CAR,STARTING FROM PARKED,35,No,2001,HONDA,ACCORD,39.0933885,-77.07883333,2022,10,23
220047919,Property Damage Crash,10/31/2022 11:09:00 PM,BEL PRE RD,NA,SAME DIR REAR END,Rain,WET,Medium,TRAFFIC SIGNAL,NONE DETECTED,No,No Apparent Injury,"N/A, WET",NOT DISTRACTED,MD,PASSENGER CAR,STARTING FROM PARKED,35,No,2007,HONDA,PILOT,39.0933885,-77.07883333,2022,10,23
220047916,Property Damage Crash,10/31/2022 10:41:00 PM,ROTHBURY DR,NA,SINGLE VEHICLE,Rain,WET,Medium,NO CONTROLS,NONE DETECTED,Yes,No Apparent Injury,"V WIPERS|W OTHER ENVIRONMENTAL, WET",UNKNOWN,MD,PASSENGER CAR,MAKING RIGHT TURN,25,No,2010,DODGE,CHARGER,39.185303330000004,-77.1882545,2022,10,22
220047907,Property Damage Crash,10/31/2022 09:25:00 PM,NA,NA,SINGLE VEHICLE,Rain,NA,Dark,NO CONTROLS,NONE DETECTED,Yes,No Apparent Injury,"RAIN, SNOW, WET",LOOKED BUT DID NOT SEE,MD,PASSENGER CAR,MOVING CONSTANT SPEED,10,No,2020,TOYT,CAMRY,39.10060167,-77.07568667,2022,10,21
220047905,Property Damage Crash,10/31/2022 08:55:00 PM,COLESVILLE RD,NA,SAME DIR REAR END,Rain,WET,Medium,TRAFFIC SIGNAL,NONE DETECTED,Yes,No Apparent Injury,"RAIN, SNOW, WET",UNKNOWN,MD,PASSENGER CAR,SLOWING OR STOPPING,40,No,2007,BUICK,LUCERNE,39.02004,-77.01260667,2022,10,20
220047905,Property Damage Crash,10/31/2022 08:55:00 PM,COLESVILLE RD,NA,SAME DIR REAR END,Rain,WET,Medium,TRAFFIC SIGNAL,NONE DETECTED,No,No Apparent Injury,"RAIN, SNOW, WET",NOT DISTRACTED,MD,PASSENGER CAR,SLOWING OR STOPPING,40,No,2014,TOYOTA,CAMRY,39.02004,-77.01260667,2022,10,20
220047905,Property Damage Crash,10/31/2022 08:55:00 PM,COLESVILLE RD,NA,SAME DIR REAR END,Rain,WET,Medium,TRAFFIC SIGNAL,NONE DETECTED,No,No Apparent Injury,"RAIN, SNOW, WET",NOT DISTRACTED,MD,PASSENGER CAR,SLOWING OR STOPPING,40,No,2019,BUICK,ENCORE,39.02004,-77.01260667,2022,10,20
220047900,Injury Crash,10/31/2022 08:46:00 PM,REDLAND RD,NA,HEAD ON LEFT TURN,Rain,WET,Medium,STOP SIGN,NONE DETECTED,No,No Apparent Injury,"RAIN, SNOW, WET",NOT DISTRACTED,MD,PASSENGER CAR,MOVING CONSTANT SPEED,35,No,2004,HYUNDAI,XG350,39.12698,-77.15018667,2022,10,20
220047900,Injury Crash,10/31/2022 08:46:00 PM,REDLAND RD,NA,HEAD ON LEFT TURN,Rain,WET,Medium,STOP SIGN,NONE DETECTED,Yes,Possible Minor Injury,"RAIN, SNOW, WET",LOOKED BUT DID NOT SEE,MD,PASSENGER CAR,MAKING LEFT TURN,35,No,2013,TOYOTA,XB,39.12698,-77.15018667,2022,10,20
220047922,Property Damage Crash,10/31/2022 07:50:00 PM,MAPLE AVE,NA,SAME DIR REAR END,Rain,WET,Medium,NO CONTROLS,ALCOHOL PRESENT,Yes,No Apparent Injury,"RAIN, SNOW, WET",INATTENTIVE OR LOST IN THOUGHT,MD,PASSENGER CAR,N/A,25,No,2022,NISSAN,SENTRA,38.9818839,-77.00883744,2022,10,19
220047893,Property Damage Crash,10/31/2022 07:35:00 PM,VEIRS MILL RD,NA,SAME DIR REAR END,Rain,WET,Medium,NO CONTROLS,NONE DETECTED,Yes,No Apparent Injury,"RAIN, SNOW, WET",LOOKED BUT DID NOT SEE,MD,PASSENGER CAR,MOVING CONSTANT SPEED,35,No,2022,TOYOTA,COROLLA,39.06557333,-77.09886833,2022,10,19
220047893,Property Damage Crash,10/31/2022 07:35:00 PM,VEIRS MILL RD,NA,SAME DIR REAR END,Rain,WET,Medium,NO CONTROLS,NONE DETECTED,Yes,No Apparent Injury,"RAIN, SNOW, WET",LOOKED BUT DID NOT SEE,MD,(SPORT) UTILITY VEHICLE,MOVING CONSTANT SPEED,35,No,2017,CHEV,TAHOE,39.06557333,-77.09886833,2022,10,19
220047893,Property Damage Crash,10/31/2022 07:35:00 PM,VEIRS MILL RD,NA,SAME DIR REAR END,Rain,WET,Medium,NO CONTROLS,NONE DETECTED,No,No Apparent Injury,"RAIN, SNOW, WET",NOT DISTRACTED,MD,(SPORT) UTILITY VEHICLE,SLOWING OR STOPPING,35,No,2016,HOND,CRV,39.06557333,-77.09886833,2022,10,19
220047892,Property Damage Crash,10/31/2022 07:30:00 PM,VEIRS MILL RD,NA,HEAD ON LEFT TURN,Rain,WET,Medium,NO CONTROLS,NONE DETECTED,Yes,No Apparent Injury,"RAIN, SNOW, WET",LOOKED BUT DID NOT SEE,MD,(SPORT) UTILITY VEHICLE,MOVING CONSTANT SPEED,45,No,2021,NISS,ROGUE,39.065465,-77.09905333,2022,10,19
220047892,Property Damage Crash,10/31/2022 07:30:00 PM,VEIRS MILL RD,NA,HEAD ON LEFT TURN,Rain,WET,Medium,NO CONTROLS,NONE DETECTED,No,No Apparent Injury,"RAIN, SNOW, WET",NOT DISTRACTED,MD,(SPORT) UTILITY VEHICLE,MOVING CONSTANT SPEED,45,No,2006,ACUR,MDX,39.065465,-77.09905333,2022,10,19