Local Case Number,ACRS Report Type,Crash Date/Time,Road Name,Related Non-Motorist,Collision Type,Weather,Surface Condition,Light,Traffic Control,Driver Substance Abuse,Driver At Fault,Injury Severity,Circumstance,Driver Distracted By,Drivers License State,Vehicle Body Type,Vehicle Movement,Speed Limit,Driverless Vehicle,Vehicle Year,Vehicle Make,Vehicle Model,Latitude,Longitude,Year,Month,Hour
220049834,Property Damage Crash,10/30/2022 12:05:00 PM,NA,NA,OTHER,Clear,NA,Daylight,NO CONTROLS,NONE DETECTED,Yes,No Apparent Injury,N/A,UNKNOWN,NA,VAN,PARKING,10,No,2008,DODGE,SPINTER,39.00086718,-77.04115818,2022,10,12
220047640,Injury Crash,10/30/2022 11:47:00 AM,NA,NA,STRAIGHT MOVEMENT ANGLE,Clear,NA,Daylight,NO CONTROLS,NONE DETECTED,No,Possible Minor Injury,N/A,LOOKED BUT DID NOT SEE,DC,PASSENGER CAR,MOVING CONSTANT SPEED,15,No,2002,SUZUKI,XL7,39.14390833,-77.20635,2022,10,11
220047640,Injury Crash,10/30/2022 11:47:00 AM,NA,NA,STRAIGHT MOVEMENT ANGLE,Clear,NA,Daylight,NO CONTROLS,NONE DETECTED,No,Possible Minor Injury,N/A,LOOKED BUT DID NOT SEE,MD,PASSENGER CAR,MOVING CONSTANT SPEED,15,No,2013,TOYOTA,RAV4,39.14390833,-77.20635,2022,10,11
220047720,Property Damage Crash,10/30/2022 11:15:00 AM,ATLANTIC AVE,NA,HEAD ON,Clear,DRY,Medium,NO CONTROLS,ALCOHOL PRESENT,Yes,No Apparent Injury,N/A,NOT DISTRACTED,MD,PICKUP TRUCK,MOVING CONSTANT SPEED,25,No,2010,DODGE,RAM,39.07117158,-77.11604838,2022,10,11
220047622,Property Damage Crash,10/30/2022 07:20:00 AM,THORNAPPLE ST,NA,OTHER,Clear,DRY,Medium,NO CONTROLS,NONE DETECTED,Yes,No Apparent Injury,N/A,NOT DISTRACTED,VA,PASSENGER CAR,PASSING,15,No,2013,DODGE,JOURNEY,38.98216933,-77.07982933,2022,10,7
220047613,Injury Crash,10/30/2022 05:23:00 AM,CLOPPER RD,NA,STRAIGHT MOVEMENT ANGLE,Clear,DRY,Medium,TRAFFIC SIGNAL,NONE DETECTED,No,No Apparent Injury,N/A,NOT DISTRACTED,MD,PASSENGER CAR,MOVING CONSTANT SPEED,35,No,2011,NISS,SD,39.14740233,-77.2330035,2022,10,5
220047613,Injury Crash,10/30/2022 05:23:00 AM,CLOPPER RD,NA,STRAIGHT MOVEMENT ANGLE,Clear,DRY,Medium,TRAFFIC SIGNAL,NONE DETECTED,Yes,Suspected Serious Injury,N/A,UNKNOWN,TX,PASSENGER CAR,MOVING CONSTANT SPEED,35,No,2008,INFINITY,G37,39.14740233,-77.2330035,2022,10,5
220047609,Injury Crash,10/30/2022 04:00:00 AM,GOSHEN RD,NA,STRAIGHT MOVEMENT ANGLE,Clear,DRY,Medium,FLASHING TRAFFIC SIGNAL,NONE DETECTED,Yes,Possible Minor Injury,N/A,UNKNOWN,MD,PASSENGER CAR,ACCELERATING,35,No,2016,BMW,TK,39.18751667,-77.18685833,2022,10,4
220047609,Injury Crash,10/30/2022 04:00:00 AM,GOSHEN RD,NA,STRAIGHT MOVEMENT ANGLE,Clear,DRY,Medium,FLASHING TRAFFIC SIGNAL,NONE DETECTED,Yes,Possible Minor Injury,N/A,LOOKED BUT DID NOT SEE,MD,PASSENGER CAR,ACCELERATING,35,No,2003,HONDA,CRV,39.18751667,-77.18685833,2022,10,4
220047608,Property Damage Crash,10/30/2022 03:09:00 AM,CHERRY VALLEY DR,NA,SAME DIRECTION RIGHT TURN,Clear,DRY,Dark,N/A,ALCOHOL PRESENT,Yes,No Apparent Injury,N/A,OTHER DISTRACTION,MD,PASSENGER CAR,MOVING CONSTANT SPEED,25,No,2012,LEXUS,LS,39.13765141,-77.07493356,2022,10,3
220047603,Injury Crash,10/30/2022 02:45:00 AM,E RANDOLPH RD,NA,STRAIGHT MOVEMENT ANGLE,Clear,DRY,Medium,TRAFFIC SIGNAL,NONE DETECTED,No,Possible Minor Injury,N/A,NOT DISTRACTED,MD,PASSENGER CAR,MOVING CONSTANT SPEED,35,No,2023,TOYOTA,CAMRY,39.0633815,-76.9659015,2022,10,2
220047603,Injury Crash,10/30/2022 02:45:00 AM,E RANDOLPH RD,NA,STRAIGHT MOVEMENT ANGLE,Clear,DRY,Medium,TRAFFIC SIGNAL,NONE DETECTED,Yes,No Apparent Injury,N/A,UNKNOWN,MD,PASSENGER CAR,ACCELERATING,35,No,2013,BMW,X5,39.0633815,-76.9659015,2022,10,2
220047,Property Damage Crash,10/30/2022 01:30:00 AM,NO NAME,NA,SINGLE VEHICLE,Clear,DRY,Medium,N/A,NONE DETECTED,No,No Apparent Injury,N/A,LOOKED BUT DID NOT SEE,MD,PASSENGER CAR,MOVING CONSTANT SPEED,55,No,2008,HOND,SD,39.12033942,-77.20216051,2022,10,1
220047596,Injury Crash,10/30/2022 01:09:00 AM,EISENHOWER MEMORIAL HWY,NA,SAME DIRECTION RIGHT TURN,Clear,N/A,Medium,NO CONTROLS,ALCOHOL PRESENT,Yes,Possible Minor Injury,N/A,NOT DISTRACTED,MD,PASSENGER CAR,MOVING CONSTANT SPEED,55,No,2017,HONDA,CIVIC,39.16007597,-77.23116485,2022,10,1
220047596,Injury Crash,10/30/2022 01:09:00 AM,EISENHOWER MEMORIAL HWY,NA,SAME DIRECTION RIGHT TURN,Clear,N/A,Medium,NO CONTROLS,NONE DETECTED,No,Possible Minor Injury,N/A,NOT DISTRACTED,MD,PASSENGER CAR,MOVING CONSTANT SPEED,55,No,2022,CHRYSLER,VN,39.16007597,-77.23116485,2022,10,1
220047595,Injury Crash,10/30/2022 01:08:00 AM,SB GEORGIA AVE.,NA,STRAIGHT MOVEMENT ANGLE,Clear,DRY,Medium,FLASHING TRAFFIC SIGNAL,NONE DETECTED,No,No Apparent Injury,N/A,NOT DISTRACTED,VA,PASSENGER CAR,MOVING CONSTANT SPEED,35,No,2017,HONDA,CRV,39.0723245,-77.06509067,2022,10,1
220047595,Injury Crash,10/30/2022 01:08:00 AM,SB GEORGIA AVE.,NA,STRAIGHT MOVEMENT ANGLE,Clear,DRY,Medium,FLASHING TRAFFIC SIGNAL,NONE DETECTED,Yes,No Apparent Injury,N/A,LOOKED BUT DID NOT SEE,MD,PASSENGER CAR,ACCELERATING,25,No,2017,JEEP,TK,39.0723245,-77.06509067,2022,10,1
220047594,Property Damage Crash,10/30/2022 12:44:00 AM,FREDERICK RD,NA,SAME DIRECTION SIDESWIPE,Clear,DRY,Medium,STOP SIGN,ALCOHOL PRESENT,Yes,No Apparent Injury,N/A,NOT DISTRACTED,MD,PASSENGER CAR,MOVING CONSTANT SPEED,45,No,2020,SUBARU,WRX,39.18678,-77.24004667,2022,10,0
220047594,Property Damage Crash,10/30/2022 12:44:00 AM,FREDERICK RD,NA,SAME DIRECTION SIDESWIPE,Clear,DRY,Medium,STOP SIGN,NONE DETECTED,No,No Apparent Injury,N/A,NOT DISTRACTED,MD,(SPORT) UTILITY VEHICLE,CHANGING LANES,45,No,2012,DODG,DURANGO,39.18678,-77.24004667,2022,10,0
220047584,Property Damage Crash,10/29/2022 09:44:00 PM,RANDOLPH RD,NA,SAME DIRECTION RIGHT TURN,Clear,DRY,Medium,OTHER,NONE DETECTED,No,No Apparent Injury,N/A,NOT DISTRACTED,MD,PASSENGER CAR,MOVING CONSTANT SPEED,40,No,2021,LEXUS,4S,39.05901681,-77.04766382,2022,10,21
220047584,Property Damage Crash,10/29/2022 09:44:00 PM,RANDOLPH RD,NA,SAME DIRECTION RIGHT TURN,Clear,DRY,Medium,OTHER,NONE DETECTED,Yes,No Apparent Injury,N/A,NOT DISTRACTED,MD,PASSENGER CAR,MAKING RIGHT TURN,40,No,2013,DODGE,DART,39.05901681,-77.04766382,2022,10,21
220047580,Injury Crash,10/29/2022 08:44:00 PM,ROCKVILLE PIKE,NA,SAME DIR REAR END,Cloudy,DRY,Medium,TRAFFIC SIGNAL,NONE DETECTED,Yes,Possible Minor Injury,N/A,NOT DISTRACTED,MD,PASSENGER CAR,SLOWING OR STOPPING,40,No,2011,SUBR,SD,39.02364,-77.103048,2022,10,20
220047580,Injury Crash,10/29/2022 08:44:00 PM,ROCKVILLE PIKE,NA,SAME DIR REAR END,Cloudy,DRY,Medium,TRAFFIC SIGNAL,NONE DETECTED,No,No Apparent Injury,N/A,NOT DISTRACTED,OH,PASSENGER CAR,SLOWING OR STOPPING,40,No,2015,TOYOT,PRIUS,39.02364,-77.103048,2022,10,20
220047580,Injury Crash,10/29/2022 08:44:00 PM,ROCKVILLE PIKE,NA,SAME DIR REAR END,Cloudy,DRY,Medium,TRAFFIC SIGNAL,NONE DETECTED,No,No Apparent Injury,N/A,NOT DISTRACTED,MD,PASSENGER CAR,SLOWING OR STOPPING,40,No,2012,HONDA,CIVIC,39.02364,-77.103048,2022,10,20
220047570,Property Damage Crash,10/29/2022 06:50:00 PM,NA,NA,OTHER,Clear,NA,Medium,N/A,NONE DETECTED,Yes,No Apparent Injury,N/A,UNKNOWN,NA,PASSENGER CAR,BACKING,15,No,2013,AUDI,TT,39.11503776,-77.1974434,2022,10,18
220047570,Property Damage Crash,10/29/2022 06:50:00 PM,NA,NA,OTHER,Clear,NA,Medium,N/A,NONE DETECTED,No,No Apparent Injury,N/A,NOT DISTRACTED,VA,PASSENGER CAR,OTHER,15,No,2003,MERCEDES,S500,39.11503776,-77.1974434,2022,10,18
22047556,Property Damage Crash,10/29/2022 04:29:00 PM,CHERRY HILL RD,NA,SAME DIRECTION RIGHT TURN,Clear,DRY,Daylight,TRAFFIC SIGNAL,NONE DETECTED,Yes,No Apparent Injury,N/A,LOOKED BUT DID NOT SEE,NA,OTHER,MOVING CONSTANT SPEED,40,No,0,UNKNOWN,UNKNOWN,39.06240671,-76.96241538,2022,10,16
22047556,Property Damage Crash,10/29/2022 04:29:00 PM,CHERRY HILL RD,NA,SAME DIRECTION RIGHT TURN,Clear,DRY,Daylight,TRAFFIC SIGNAL,NONE DETECTED,No,No Apparent Injury,N/A,NOT DISTRACTED,MS,PASSENGER CAR,MOVING CONSTANT SPEED,40,No,2013,NISS,SD,39.06240671,-76.96241538,2022,10,16
220047574,Injury Crash,10/29/2022 03:33:00 PM,QUAIL VALLEY BLVD,NA,OTHER,Clear,DRY,Daylight,NO CONTROLS,NONE DETECTED,Yes,Possible Minor Injury,N/A,NOT DISTRACTED,MD,PASSENGER CAR,MOVING CONSTANT SPEED,25,No,2018,HOND,CRV,39.16516833,-77.18788333,2022,10,15
220047548,Injury Crash,10/29/2022 03:18:00 PM,NEWCUT RD,NA,STRAIGHT MOVEMENT ANGLE,Clear,DRY,Daylight,STOP SIGN,NONE DETECTED,No,No Apparent Injury,N/A,NOT DISTRACTED,MD,PASSENGER CAR,MOVING CONSTANT SPEED,25,No,2007,TOYOTA,COROLLA,39.232125,-77.24681167,2022,10,15
220047548,Injury Crash,10/29/2022 03:18:00 PM,NEWCUT RD,NA,STRAIGHT MOVEMENT ANGLE,Clear,DRY,Daylight,STOP SIGN,NONE DETECTED,Yes,No Apparent Injury,N/A,UNKNOWN,MD,VAN,STARTING FROM LANE,25,No,2021,DODGE,RAM,39.232125,-77.24681167,2022,10,15
220047543,Property Damage Crash,10/29/2022 02:41:00 PM,EAST WEST HWY,NA,ANGLE MEETS LEFT HEAD ON,Clear,DRY,Daylight,STOP SIGN,NONE DETECTED,Yes,No Apparent Injury,N/A,LOOKED BUT DID NOT SEE,MD,PASSENGER CAR,MAKING LEFT TURN,35,No,2017,TOYT,PRIUS,38.98933067,-77.07018867,2022,10,14
220047543,Property Damage Crash,10/29/2022 02:41:00 PM,EAST WEST HWY,NA,ANGLE MEETS LEFT HEAD ON,Clear,DRY,Daylight,STOP SIGN,NONE DETECTED,No,No Apparent Injury,N/A,NOT DISTRACTED,DC,PASSENGER CAR,MOVING CONSTANT SPEED,35,No,2013,VOLKSWAGON,JETTA,38.98933067,-77.07018867,2022,10,14
220047540,Injury Crash,10/29/2022 02:23:00 PM,ROCKVILLE PIKE,NA,SAME DIR REAR END,Clear,DRY,Daylight,N/A,NONE DETECTED,Yes,No Apparent Injury,N/A,NOT DISTRACTED,MD,PASSENGER CAR,MOVING CONSTANT SPEED,40,No,2005,SCION,TC,39.0485815,-77.1140795,2022,10,14
220047540,Injury Crash,10/29/2022 02:23:00 PM,ROCKVILLE PIKE,NA,SAME DIR REAR END,Clear,DRY,Daylight,N/A,NONE DETECTED,No,No Apparent Injury,N/A,NOT DISTRACTED,MD,PASSENGER CAR,MAKING RIGHT TURN,40,No,2007,HONDA,ACCORD,39.0485815,-77.1140795,2022,10,14
220047524,Injury Crash,10/29/2022 01:00:00 PM,RIVER RD,NA,SAME DIR REAR END,Clear,DRY,Daylight,NO CONTROLS,NONE DETECTED,No,No Apparent Injury,N/A,NOT DISTRACTED,DC,PASSENGER CAR,STOPPED IN TRAFFIC LANE,35,No,2018,HONDA,PILOT,38.95646971,-77.09123764,2022,10,13
220047524,Injury Crash,10/29/2022 01:00:00 PM,RIVER RD,NA,SAME DIR REAR END,Clear,DRY,Daylight,NO CONTROLS,NONE DETECTED,Yes,No Apparent Injury,N/A,NOT DISTRACTED,WV,PASSENGER CAR,MOVING CONSTANT SPEED,35,No,2016,JEEP,4W,38.95646971,-77.09123764,2022,10,13
220047524,Injury Crash,10/29/2022 01:00:00 PM,RIVER RD,NA,SAME DIR REAR END,Clear,DRY,Daylight,NO CONTROLS,NONE DETECTED,No,No Apparent Injury,N/A,NOT DISTRACTED,MD,PASSENGER CAR,STOPPED IN TRAFFIC LANE,35,No,2020,FORD,EXPLORER,38.95646971,-77.09123764,2022,10,13
220047524,Injury Crash,10/29/2022 01:00:00 PM,RIVER RD,NA,SAME DIR REAR END,Clear,DRY,Daylight,NO CONTROLS,NONE DETECTED,No,No Apparent Injury,N/A,NOT DISTRACTED,MD,PASSENGER CAR,STOPPED IN TRAFFIC LANE,35,No,2018,SUBARU,FORESTER,38.95646971,-77.09123764,2022,10,13
220047524,Injury Crash,10/29/2022 01:00:00 PM,RIVER RD,NA,SAME DIR REAR END,Clear,DRY,Daylight,NO CONTROLS,NONE DETECTED,No,Possible Minor Injury,N/A,NOT DISTRACTED,DC,PASSENGER CAR,STOPPED IN TRAFFIC LANE,35,No,2017,LEXUS,IS,38.95646971,-77.09123764,2022,10,13
220047527,Injury Crash,10/29/2022 12:30:00 PM,GRUBB RD,NA,SAME DIRECTION LEFT TURN,Clear,DRY,Daylight,NO CONTROLS,NONE DETECTED,Yes,No Apparent Injury,N/A,UNKNOWN,MD,PASSENGER CAR,MAKING U TURN,25,No,2004,SCION,XA,38.99297271,-77.05086711,2022,10,12
220047527,Injury Crash,10/29/2022 12:30:00 PM,GRUBB RD,NA,SAME DIRECTION LEFT TURN,Clear,DRY,Daylight,NO CONTROLS,NONE DETECTED,No,Possible Minor Injury,N/A,NOT DISTRACTED,VA,PASSENGER CAR,MOVING CONSTANT SPEED,25,No,2022,GENESIS,GV80,38.99297271,-77.05086711,2022,10,12
220047505,Injury Crash,10/29/2022 10:16:00 AM,S FREDERICK RD,NA,SAME DIRECTION LEFT TURN,Clear,DRY,Daylight,NO CONTROLS,NONE DETECTED,No,Possible Minor Injury,N/A,NOT DISTRACTED,MD,PASSENGER CAR,MOVING CONSTANT SPEED,35,No,2008,LEXUS,IS,39.13022352,-77.18759863,2022,10,10
220047505,Injury Crash,10/29/2022 10:16:00 AM,S FREDERICK RD,NA,SAME DIRECTION LEFT TURN,Clear,DRY,Daylight,NO CONTROLS,NONE DETECTED,Yes,No Apparent Injury,N/A,LOOKED BUT DID NOT SEE,KS,(SPORT) UTILITY VEHICLE,CHANGING LANES,35,No,2013,FORD,EXPLORER,39.13022352,-77.18759863,2022,10,10
220047495,Injury Crash,10/29/2022 06:26:00 AM,COLESVILLE RD,NA,STRAIGHT MOVEMENT ANGLE,Clear,DRY,Medium,TRAFFIC SIGNAL,NONE DETECTED,Unknown,Possible Minor Injury,N/A,NOT DISTRACTED,MD,(SPORT) UTILITY VEHICLE,MOVING CONSTANT SPEED,35,No,2015,TOYOTA,RAV4,39.0195745,-77.01326833,2022,10,6
220047495,Injury Crash,10/29/2022 06:26:00 AM,COLESVILLE RD,NA,STRAIGHT MOVEMENT ANGLE,Clear,DRY,Medium,TRAFFIC SIGNAL,NONE DETECTED,Unknown,Possible Minor Injury,N/A,NOT DISTRACTED,MD,(SPORT) UTILITY VEHICLE,MOVING CONSTANT SPEED,35,No,2013,SUBARU,OUTBACK,39.0195745,-77.01326833,2022,10,6
220047494,Property Damage Crash,10/29/2022 06:01:00 AM,GEORGIA AVE,NA,STRAIGHT MOVEMENT ANGLE,Clear,DRY,Medium,TRAFFIC SIGNAL,NONE DETECTED,No,No Apparent Injury,N/A,NOT DISTRACTED,DC,PASSENGER CAR,MOVING CONSTANT SPEED,25,No,2017,CHEVY,EQUINOX,39.04136833,-77.05192333,2022,10,6
220047494,Property Damage Crash,10/29/2022 06:01:00 AM,GEORGIA AVE,NA,STRAIGHT MOVEMENT ANGLE,Clear,DRY,Medium,TRAFFIC SIGNAL,NONE DETECTED,Yes,No Apparent Injury,N/A,INATTENTIVE OR LOST IN THOUGHT,MD,PASSENGER CAR,MOVING CONSTANT SPEED,25,No,2015,FORD,PK,39.04136833,-77.05192333,2022,10,6
220047492,Injury Crash,10/29/2022 05:36:00 AM,KEY WEST AVE,NA,SINGLE VEHICLE,Clear,DRY,Medium,NO CONTROLS,NONE DETECTED,No,Possible Minor Injury,"ANIMAL, N/A",NOT DISTRACTED,MD,PASSENGER CAR,MOVING CONSTANT SPEED,40,No,2004,HONDA,CIVIC,39.105665,-77.19865918,2022,10,5
220053906,Property Damage Crash,10/29/2022 03:00:00 AM,MEADOWSWEET CT,NA,SAME DIRECTION SIDESWIPE,Clear,DRY,Dark,N/A,NONE DETECTED,Yes,No Apparent Injury,N/A,INATTENTIVE OR LOST IN THOUGHT,MD,(SPORT) UTILITY VEHICLE,MOVING CONSTANT SPEED,25,No,2011,HONDA,PILOT,39.15195238,-77.03412402,2022,10,3
220047443,Fatal Crash,10/28/2022 08:59:00 PM,ROCKVILLE PIKE,PEDESTRIAN,OTHER,Clear,DRY,Medium,NO CONTROLS,NONE DETECTED,Unknown,No Apparent Injury,N/A,UNKNOWN,MD,PASSENGER CAR,MOVING CONSTANT SPEED,35,No,2004,TOYOTA,CAMRY,39.07306591,-77.13410315,2022,10,20
220047428,Property Damage Crash,10/28/2022 07:20:00 PM,ROCKVILLE PIKE,NA,SAME DIR REAR END,Clear,DRY,Dark,NO CONTROLS,NONE DETECTED,Yes,No Apparent Injury,N/A,INATTENTIVE OR LOST IN THOUGHT,MD,PASSENGER CAR,MOVING CONSTANT SPEED,35,No,2018,TOYOTA,4RUNNER,39.00482667,-77.09746167,2022,10,19
220047428,Property Damage Crash,10/28/2022 07:20:00 PM,ROCKVILLE PIKE,NA,SAME DIR REAR END,Clear,DRY,Dark,NO CONTROLS,NONE DETECTED,No,No Apparent Injury,N/A,NOT DISTRACTED,MD,PASSENGER CAR,STOPPED IN TRAFFIC LANE,35,No,2010,ACURA,MDX,39.00482667,-77.09746167,2022,10,19
220047428,Property Damage Crash,10/28/2022 07:20:00 PM,ROCKVILLE PIKE,NA,SAME DIR REAR END,Clear,DRY,Dark,NO CONTROLS,NONE DETECTED,No,No Apparent Injury,N/A,NOT DISTRACTED,MD,PASSENGER CAR,STOPPED IN TRAFFIC LANE,35,No,2018,HOND,ODYSSEY,39.00482667,-77.09746167,2022,10,19
220047428,Property Damage Crash,10/28/2022 07:20:00 PM,ROCKVILLE PIKE,NA,SAME DIR REAR END,Clear,DRY,Dark,NO CONTROLS,NONE DETECTED,No,No Apparent Injury,N/A,NOT DISTRACTED,MD,OTHER,STOPPED IN TRAFFIC LANE,35,No,2016,SUBARU,OUTBACK,39.00482667,-77.09746167,2022,10,19
220047430,Property Damage Crash,10/28/2022 06:35:00 PM,EISENHOWER MEMORIAL HWY,NA,SAME DIRECTION LEFT TURN,Clear,DRY,Medium,N/A,NONE DETECTED,No,No Apparent Injury,N/A,NOT DISTRACTED,MD,PASSENGER CAR,SLOWING OR STOPPING,55,No,2018,TOYO,COR,39.13160584,-77.20608701,2022,10,18
220047430,Property Damage Crash,10/28/2022 06:35:00 PM,EISENHOWER MEMORIAL HWY,NA,SAME DIRECTION LEFT TURN,Clear,DRY,Medium,N/A,NONE DETECTED,Yes,No Apparent Injury,N/A,LOOKED BUT DID NOT SEE,MD,TRANSIT BUS,CHANGING LANES,55,No,2016,GILL,BUS,39.13160584,-77.20608701,2022,10,18
220047426,Property Damage Crash,10/28/2022 06:30:00 PM,FREDERICK RD,NA,STRAIGHT MOVEMENT ANGLE,Clear,DRY,Medium,TRAFFIC SIGNAL,NONE DETECTED,No,No Apparent Injury,N/A,NOT DISTRACTED,MD,PASSENGER CAR,STOPPED IN TRAFFIC LANE,40,No,2016,HOND,SD,39.19831833,-77.24442333,2022,10,18
220047426,Property Damage Crash,10/28/2022 06:30:00 PM,FREDERICK RD,NA,STRAIGHT MOVEMENT ANGLE,Clear,DRY,Medium,TRAFFIC SIGNAL,NONE DETECTED,No,No Apparent Injury,N/A,NOT DISTRACTED,MD,PASSENGER CAR,MOVING CONSTANT SPEED,40,No,2017,TESL,HB,39.19831833,-77.24442333,2022,10,18
220047426,Property Damage Crash,10/28/2022 06:30:00 PM,FREDERICK RD,NA,STRAIGHT MOVEMENT ANGLE,Clear,DRY,Medium,TRAFFIC SIGNAL,NONE DETECTED,Yes,No Apparent Injury,N/A,LOOKED BUT DID NOT SEE,MD,PASSENGER CAR,MAKING LEFT TURN,40,No,2019,HOND,4S,39.19831833,-77.24442333,2022,10,18
220047422,Property Damage Crash,10/28/2022 05:40:00 PM,BRIGGS CHANEY RD,NA,SAME DIR REAR END,Clear,DRY,Daylight,NO CONTROLS,NONE DETECTED,No,No Apparent Injury,N/A,NOT DISTRACTED,MD,PASSENGER CAR,SLOWING OR STOPPING,35,No,1990,LEXS,4H,39.08428,-76.95070667,2022,10,17
220047422,Property Damage Crash,10/28/2022 05:40:00 PM,BRIGGS CHANEY RD,NA,SAME DIR REAR END,Clear,DRY,Daylight,NO CONTROLS,NONE DETECTED,Yes,No Apparent Injury,N/A,UNKNOWN,DC,OTHER,SLOWING OR STOPPING,35,No,2000,FORD,EXPLORER,39.08428,-76.95070667,2022,10,17
220047417,Property Damage Crash,10/28/2022 05:28:00 PM,COLUMBIA PIKE,NA,STRAIGHT MOVEMENT ANGLE,Clear,DRY,Medium,TRAFFIC SIGNAL,NONE DETECTED,Yes,No Apparent Injury,N/A,NOT DISTRACTED,MD,PASSENGER CAR,MAKING LEFT TURN,55,No,2012,CHEV,IMPAAL,39.09562667,-76.93827333,2022,10,17
220047417,Property Damage Crash,10/28/2022 05:28:00 PM,COLUMBIA PIKE,NA,STRAIGHT MOVEMENT ANGLE,Clear,DRY,Medium,TRAFFIC SIGNAL,NONE DETECTED,No,No Apparent Injury,N/A,NOT DISTRACTED,MD,PASSENGER CAR,STARTING FROM LANE,55,No,2020,FORD,MUSTANG,39.09562667,-76.93827333,2022,10,17
220047412,Property Damage Crash,10/28/2022 05:00:00 PM,ASPEN HILL RD,NA,SAME DIRECTION SIDESWIPE,Clear,DRY,Daylight,NO CONTROLS,NONE DETECTED,Yes,No Apparent Injury,N/A,NOT DISTRACTED,MD,PASSENGER CAR,CHANGING LANES,25,No,2017,NISSAN,VERSA,39.08029793,-77.07885076,2022,10,17
220047412,Property Damage Crash,10/28/2022 05:00:00 PM,ASPEN HILL RD,NA,SAME DIRECTION SIDESWIPE,Clear,DRY,Daylight,NO CONTROLS,NONE DETECTED,No,No Apparent Injury,N/A,NOT DISTRACTED,MD,SCHOOL BUS,STOPPED IN TRAFFIC LANE,25,No,2022,THOMAS,SB,39.08029793,-77.07885076,2022,10,17
220047406,Property Damage Crash,10/28/2022 04:00:00 PM,EISENHOWER MEMORIAL HWY,NA,SAME DIR REAR END,Clear,DRY,Daylight,NO CONTROLS,NONE DETECTED,Yes,No Apparent Injury,N/A,NOT DISTRACTED,MS,"MEDIUM/HEAVY TRUCKS 3 AXLES (OVER 10,000LBS (4,536KG))",MOVING CONSTANT SPEED,55,No,2022,PTRB,TRUCK,39.21554167,-77.27721667,2022,10,16
220047406,Property Damage Crash,10/28/2022 04:00:00 PM,EISENHOWER MEMORIAL HWY,NA,SAME DIR REAR END,Clear,DRY,Daylight,NO CONTROLS,NONE DETECTED,No,No Apparent Injury,N/A,NOT DISTRACTED,MD,SCHOOL BUS,SLOWING OR STOPPING,55,No,2014,THOM,BU,39.21554167,-77.27721667,2022,10,16
220047400,Property Damage Crash,10/28/2022 03:15:00 PM,KOHLHOSS RD,NA,OTHER,Clear,DRY,Daylight,NO CONTROLS,NONE DETECTED,No,No Apparent Injury,N/A,NOT DISTRACTED,MD,SCHOOL BUS,MOVING CONSTANT SPEED,15,No,2017,THOMAS,BUS,39.1430425,-77.40632017,2022,10,15
220047400,Property Damage Crash,10/28/2022 03:15:00 PM,KOHLHOSS RD,NA,OTHER,Clear,DRY,Daylight,NO CONTROLS,NONE DETECTED,Yes,No Apparent Injury,N/A,INATTENTIVE OR LOST IN THOUGHT,MD,PASSENGER CAR,PARKED,15,No,2005,TOYOTA,CAMRY,39.1430425,-77.40632017,2022,10,15
220047393,Property Damage Crash,10/28/2022 03:11:00 PM,ROCKVILLE PIKE,NA,STRAIGHT MOVEMENT ANGLE,Clear,DRY,Daylight,NO CONTROLS,NONE DETECTED,No,No Apparent Injury,N/A,NOT DISTRACTED,MD,"OTHER LIGHT TRUCKS (10,000LBS (4,536KG) OR LESS)",MOVING CONSTANT SPEED,40,No,2015,ISU,TK,39.0710563,-77.13208096,2022,10,15
220047393,Property Damage Crash,10/28/2022 03:11:00 PM,ROCKVILLE PIKE,NA,STRAIGHT MOVEMENT ANGLE,Clear,DRY,Daylight,NO CONTROLS,NONE DETECTED,Yes,No Apparent Injury,N/A,UNKNOWN,MD,PASSENGER CAR,MAKING LEFT TURN,0,No,2020,HONDA,CIVIC,39.0710563,-77.13208096,2022,10,15
220047391,Injury Crash,10/28/2022 02:38:00 PM,SEVEN LOCKS RD,PEDESTRIAN,OTHER,Clear,DRY,Daylight,N/A,NONE DETECTED,No,No Apparent Injury,N/A,NOT DISTRACTED,MD,PASSENGER CAR,MOVING CONSTANT SPEED,35,No,2022,LEXUS,LX,39.04712886,-77.16162564,2022,10,14
220047386,Property Damage Crash,10/28/2022 02:04:00 PM,DARNESTOWN RD,NA,SINGLE VEHICLE,Cloudy,DRY,Daylight,N/A,NONE DETECTED,Yes,No Apparent Injury,N/A,UNKNOWN,MD,MOTORCYCLE,NEGOTIATING A CURVE,50,No,2007,YAMAHA,R6S,39.16916983,-77.39925317,2022,10,14
220047404,Property Damage Crash,10/28/2022 01:55:00 PM,BROADBIRCH DR,NA,SAME DIRECTION SIDESWIPE,Clear,DRY,Daylight,TRAFFIC SIGNAL,NONE DETECTED,Yes,No Apparent Injury,N/A,NOT DISTRACTED,NA,PASSENGER CAR,CHANGING LANES,30,No,2000,LEXUS,ES,39.05600848,-76.95433917,2022,10,13
220047404,Property Damage Crash,10/28/2022 01:55:00 PM,BROADBIRCH DR,NA,SAME DIRECTION SIDESWIPE,Clear,DRY,Daylight,TRAFFIC SIGNAL,NONE DETECTED,No,No Apparent Injury,N/A,NOT DISTRACTED,MD,PASSENGER CAR,STOPPED IN TRAFFIC LANE,30,No,2016,TOYT,4S,39.05600848,-76.95433917,2022,10,13
220047377,Injury Crash,10/28/2022 01:49:00 PM,ROCKVILLE PIKE,NA,SAME DIR REAR END,Clear,DRY,Daylight,TRAFFIC SIGNAL,NONE DETECTED,No,Possible Minor Injury,N/A,NOT DISTRACTED,MD,PICKUP TRUCK,MOVING CONSTANT SPEED,40,No,2019,FORD,TK,39.05581,-77.11868833,2022,10,13
220047377,Injury Crash,10/28/2022 01:49:00 PM,ROCKVILLE PIKE,NA,SAME DIR REAR END,Clear,DRY,Daylight,TRAFFIC SIGNAL,NONE DETECTED,Yes,No Apparent Injury,N/A,NOT DISTRACTED,MD,PASSENGER CAR,CHANGING LANES,40,No,2006,TOYOTA,SIENNA,39.05581,-77.11868833,2022,10,13
220047378,Property Damage Crash,10/28/2022 01:31:00 PM,ROTHBURY DR,NA,OTHER,Cloudy,DRY,Daylight,NO CONTROLS,NONE DETECTED,No,No Apparent Injury,N/A,NOT DISTRACTED,MD,"OTHER LIGHT TRUCKS (10,000LBS (4,536KG) OR LESS)",MOVING CONSTANT SPEED,35,No,2015,GMC,DENALI,39.18549,-77.189465,2022,10,13
220047378,Property Damage Crash,10/28/2022 01:31:00 PM,ROTHBURY DR,NA,OTHER,Cloudy,DRY,Daylight,NO CONTROLS,NONE DETECTED,Yes,No Apparent Injury,N/A,UNKNOWN,NA,PASSENGER CAR,MAKING U TURN,35,No,2007,TOYOTA,PRIUS,39.18549,-77.189465,2022,10,13
220047373,Injury Crash,10/28/2022 01:02:00 PM,CONNECTICUT AVE,NA,OTHER,Cloudy,DRY,Daylight,NO CONTROLS,NONE DETECTED,No,Possible Minor Injury,N/A,NOT DISTRACTED,MD,PASSENGER CAR,MOVING CONSTANT SPEED,30,No,2014,LEXS,4S,38.98572,-77.07734167,2022,10,13