Local Case Number,ACRS Report Type,Crash Date/Time,Road Name,Related Non-Motorist,Collision Type,Weather,Surface Condition,Light,Traffic Control,Driver Substance Abuse,Driver At Fault,Injury Severity,Circumstance,Driver Distracted By,Drivers License State,Vehicle Body Type,Vehicle Movement,Speed Limit,Driverless Vehicle,Vehicle Year,Vehicle Make,Vehicle Model,Latitude,Longitude,Year,Month,Hour
220047373,Injury Crash,10/28/2022 01:02:00 PM,CONNECTICUT AVE,NA,OTHER,Cloudy,DRY,Daylight,NO CONTROLS,NONE DETECTED,Yes,No Apparent Injury,N/A,UNKNOWN,NA,UNKNOWN,UNKNOWN,30,No,0,UNKNOWN,UNKNOWN,38.98572,-77.07734167,2022,10,13
220047360,Injury Crash,10/28/2022 11:35:00 AM,MUNCASTER MILL RD,NA,OPPOSITE DIRECTION SIDESWIPE,Cloudy,DRY,Daylight,NO CONTROLS,NONE DETECTED,No,No Apparent Injury,N/A,NOT DISTRACTED,MD,PICKUP TRUCK,MOVING CONSTANT SPEED,35,No,2016,CHEVROLET,SILVERADO,39.152365,-77.15128333,2022,10,11
220047360,Injury Crash,10/28/2022 11:35:00 AM,MUNCASTER MILL RD,NA,OPPOSITE DIRECTION SIDESWIPE,Cloudy,DRY,Daylight,NO CONTROLS,NONE DETECTED,No,Possible Minor Injury,N/A,NOT DISTRACTED,MD,PASSENGER CAR,MOVING CONSTANT SPEED,35,No,2013,TOYOTA,COROLLA,39.152365,-77.15128333,2022,10,11
220047360,Injury Crash,10/28/2022 11:35:00 AM,MUNCASTER MILL RD,NA,OPPOSITE DIRECTION SIDESWIPE,Cloudy,DRY,Daylight,NO CONTROLS,NONE DETECTED,Yes,No Apparent Injury,N/A,INATTENTIVE OR LOST IN THOUGHT,MD,PASSENGER CAR,MOVING CONSTANT SPEED,35,No,2021,TOYOTA,CAMRY,39.152365,-77.15128333,2022,10,11
220047356,Injury Crash,10/28/2022 11:25:00 AM,FREDERICK RD,NA,SAME DIR REAR END,Clear,DRY,Daylight,TRAFFIC SIGNAL,NONE DETECTED,Yes,Possible Minor Injury,N/A,NOT DISTRACTED,MD,PASSENGER CAR,MOVING CONSTANT SPEED,30,No,2011,HYUN,TK,39.192795,-77.24307667,2022,10,11
220047356,Injury Crash,10/28/2022 11:25:00 AM,FREDERICK RD,NA,SAME DIR REAR END,Clear,DRY,Daylight,TRAFFIC SIGNAL,NONE DETECTED,No,No Apparent Injury,N/A,NOT DISTRACTED,MD,PASSENGER CAR,SLOWING OR STOPPING,30,No,2004,LEXUS,UT,39.192795,-77.24307667,2022,10,11
220047356,Injury Crash,10/28/2022 11:25:00 AM,FREDERICK RD,NA,SAME DIR REAR END,Clear,DRY,Daylight,TRAFFIC SIGNAL,NONE DETECTED,No,No Apparent Injury,N/A,NOT DISTRACTED,MD,PASSENGER CAR,SLOWING OR STOPPING,25,No,2011,FORD TK,F150,39.192795,-77.24307667,2022,10,11
220047356,Injury Crash,10/28/2022 11:25:00 AM,FREDERICK RD,NA,SAME DIR REAR END,Clear,DRY,Daylight,TRAFFIC SIGNAL,NONE DETECTED,No,No Apparent Injury,N/A,NOT DISTRACTED,MD,PASSENGER CAR,SLOWING OR STOPPING,30,No,2014,LEXUS,4S,39.192795,-77.24307667,2022,10,11
220047356,Injury Crash,10/28/2022 11:25:00 AM,FREDERICK RD,NA,SAME DIR REAR END,Clear,DRY,Daylight,TRAFFIC SIGNAL,NONE DETECTED,No,No Apparent Injury,N/A,NOT DISTRACTED,MD,PASSENGER CAR,SLOWING OR STOPPING,30,No,2022,HOND,UT,39.192795,-77.24307667,2022,10,11
220047351,Injury Crash,10/28/2022 11:05:00 AM,NA,NA,SINGLE VEHICLE,Clear,NA,Daylight,NO CONTROLS,NONE DETECTED,Yes,Possible Minor Injury,N/A,NOT DISTRACTED,MD,PASSENGER CAR,MOVING CONSTANT SPEED,15,No,2017,LEXS,4H,39.06176443,-77.15981809,2022,10,11
220047335,Property Damage Crash,10/28/2022 10:20:00 AM,GEORGIA AVE,NA,N/A,Clear,DRY,Daylight,NO CONTROLS,NONE DETECTED,Unknown,No Apparent Injury,N/A,NOT DISTRACTED,NC,N/A,MOVING CONSTANT SPEED,35,No,2020,NISSAN,ALTIMA,39.03579096,-77.04965063,2022,10,10
220047335,Property Damage Crash,10/28/2022 10:20:00 AM,GEORGIA AVE,NA,N/A,Clear,DRY,Daylight,NO CONTROLS,NONE DETECTED,Unknown,No Apparent Injury,N/A,NOT DISTRACTED,MD,TRANSIT BUS,MOVING CONSTANT SPEED,35,No,2020,GILG,BUS,39.03579096,-77.04965063,2022,10,10
220047332,Property Damage Crash,10/28/2022 09:27:00 AM,WESTBARD AVE,OTHER,SINGLE VEHICLE,Cloudy,DRY,Daylight,PERSON,NONE DETECTED,Yes,No Apparent Injury,N/A,UNKNOWN,MD,(SPORT) UTILITY VEHICLE,MAKING LEFT TURN,25,No,2021,JEEP,GRAND CHEROKEE,38.96527383,-77.10763233,2022,10,9
220047314,Injury Crash,10/28/2022 08:24:00 AM,RIDGE RD,NA,SAME DIRECTION SIDESWIPE,Clear,DRY,Daylight,NO CONTROLS,NONE DETECTED,Yes,Possible Minor Injury,N/A,LOOKED BUT DID NOT SEE,MD,PASSENGER CAR,STARTING FROM LANE,40,No,2013,NISSAN,ALTIMA,39.22609833,-77.236735,2022,10,8
220047314,Injury Crash,10/28/2022 08:24:00 AM,RIDGE RD,NA,SAME DIRECTION SIDESWIPE,Clear,DRY,Daylight,NO CONTROLS,NONE DETECTED,No,Possible Minor Injury,N/A,NOT DISTRACTED,MD,PASSENGER CAR,MOVING CONSTANT SPEED,40,No,2012,NISSAN,ALTIMA,39.22609833,-77.236735,2022,10,8
220047312,Property Damage Crash,10/28/2022 08:20:00 AM,W WATKINS MILL RD,NA,OTHER,Clear,DRY,Daylight,TRAFFIC SIGNAL,NONE DETECTED,No,No Apparent Injury,N/A,NOT DISTRACTED,MD,PASSENGER CAR,MOVING CONSTANT SPEED,35,No,2014,FORD,INTERCEPTOR,39.15360833,-77.23091333,2022,10,8
220047310,Property Damage Crash,10/28/2022 08:01:00 AM,VEIRS MILL RD,NA,SAME DIR REAR END,Clear,DRY,Daylight,NO CONTROLS,NONE DETECTED,No,No Apparent Injury,N/A,NOT DISTRACTED,MD,PASSENGER CAR,STOPPED IN TRAFFIC LANE,35,No,2013,CHEVROLET,4S,39.04276833,-77.060745,2022,10,8
220047310,Property Damage Crash,10/28/2022 08:01:00 AM,VEIRS MILL RD,NA,SAME DIR REAR END,Clear,DRY,Daylight,NO CONTROLS,NONE DETECTED,Yes,No Apparent Injury,N/A,UNKNOWN,MD,PASSENGER CAR,MOVING CONSTANT SPEED,35,No,2009,HOND,4S,39.04276833,-77.060745,2022,10,8
220047308,Property Damage Crash,10/28/2022 07:40:00 AM,VEIRS MILL RD,NA,SAME DIR REAR END,Clear,DRY,Daylight,NO CONTROLS,NONE DETECTED,Yes,No Apparent Injury,N/A,UNKNOWN,MD,PASSENGER CAR,MOVING CONSTANT SPEED,35,No,2013,CHEVROLET,SPARK,39.04220785,-77.06033737,2022,10,7
220047308,Property Damage Crash,10/28/2022 07:40:00 AM,VEIRS MILL RD,NA,SAME DIR REAR END,Clear,DRY,Daylight,NO CONTROLS,NONE DETECTED,No,No Apparent Injury,N/A,NOT DISTRACTED,MD,PASSENGER CAR,STOPPED IN TRAFFIC LANE,35,No,2016,TOYOTA,TACOMA,39.04220785,-77.06033737,2022,10,7
220047308,Property Damage Crash,10/28/2022 07:40:00 AM,VEIRS MILL RD,NA,SAME DIR REAR END,Clear,DRY,Daylight,NO CONTROLS,NONE DETECTED,No,No Apparent Injury,N/A,NOT DISTRACTED,MD,PASSENGER CAR,STOPPED IN TRAFFIC LANE,35,No,2010,BMW,4D,39.04220785,-77.06033737,2022,10,7
220047308,Property Damage Crash,10/28/2022 07:40:00 AM,VEIRS MILL RD,NA,SAME DIR REAR END,Clear,DRY,Daylight,NO CONTROLS,NONE DETECTED,No,No Apparent Injury,N/A,NOT DISTRACTED,MD,PASSENGER CAR,STOPPED IN TRAFFIC LANE,35,No,2015,FORD,ESCAPE,39.04220785,-77.06033737,2022,10,7
220047301,Property Damage Crash,10/28/2022 05:39:00 AM,COLUMBIA PIKE,NA,SAME DIR REAR END,Clear,DRY,Medium,TRAFFIC SIGNAL,NONE DETECTED,No,No Apparent Injury,N/A,NOT DISTRACTED,MD,PICKUP TRUCK,STOPPED IN TRAFFIC LANE,50,No,2003,FORD,F150,39.07373803,-76.95566045,2022,10,5
220047301,Property Damage Crash,10/28/2022 05:39:00 AM,COLUMBIA PIKE,NA,SAME DIR REAR END,Clear,DRY,Medium,TRAFFIC SIGNAL,NONE DETECTED,No,No Apparent Injury,N/A,NOT DISTRACTED,MD,PASSENGER CAR,STOPPED IN TRAFFIC LANE,50,No,2018,HONDA,ACCORD,39.07373803,-76.95566045,2022,10,5
220047301,Property Damage Crash,10/28/2022 05:39:00 AM,COLUMBIA PIKE,NA,SAME DIR REAR END,Clear,DRY,Medium,TRAFFIC SIGNAL,NONE DETECTED,Yes,No Apparent Injury,N/A,LOOKED BUT DID NOT SEE,MD,PASSENGER CAR,SLOWING OR STOPPING,50,No,2021,TOYOTA,COROLLA,39.07373803,-76.95566045,2022,10,5
220047284,Property Damage Crash,10/27/2022 11:00:00 PM,NEW HAMPSHIRE AVE,NA,SINGLE VEHICLE,Clear,DRY,Medium,TRAFFIC SIGNAL,NONE DETECTED,Yes,No Apparent Injury,N/A,UNKNOWN,NA,"OTHER LIGHT TRUCKS (10,000LBS (4,536KG) OR LESS)",UNKNOWN,35,No,2020,FORD,CG,39.10870667,-76.99806667,2022,10,23
220047282,Property Damage Crash,10/27/2022 08:50:00 PM,NA,NA,OTHER,Clear,NA,Medium,NO CONTROLS,NONE DETECTED,Yes,No Apparent Injury,N/A,UNKNOWN,NA,(SPORT) UTILITY VEHICLE,STARTING FROM PARKED,5,No,2000,JEEP,WRANGLER,39.03839925,-77.05323255,2022,10,20
220047269,Property Damage Crash,10/27/2022 08:46:00 PM,BLUNT RD,NA,SINGLE VEHICLE,Clear,DRY,Dark,NO CONTROLS,ALCOHOL PRESENT,Yes,No Apparent Injury,N/A,UNKNOWN,MD,PICKUP TRUCK,UNKNOWN,25,No,1999,FORD,PICK UP,39.20372983,-77.20755167,2022,10,20
220047265,Property Damage Crash,10/27/2022 07:44:00 PM,GEORGIA AVE,NA,SAME DIRECTION SIDESWIPE,Clear,DRY,Medium,TRAFFIC SIGNAL,NONE DETECTED,Yes,No Apparent Injury,N/A,UNKNOWN,NA,PICKUP TRUCK,STARTING FROM LANE,35,No,2012,FORD,TRUCK,39.06152,-77.05248833,2022,10,19
220047265,Property Damage Crash,10/27/2022 07:44:00 PM,GEORGIA AVE,NA,SAME DIRECTION SIDESWIPE,Clear,DRY,Medium,TRAFFIC SIGNAL,NONE DETECTED,No,No Apparent Injury,N/A,NOT DISTRACTED,MD,PASSENGER CAR,STARTING FROM LANE,35,No,2020,TOYOTA,COROLLA,39.06152,-77.05248833,2022,10,19
220047244,Property Damage Crash,10/27/2022 05:54:00 PM,BOU AVE,NA,STRAIGHT MOVEMENT ANGLE,Clear,DRY,Medium,STOP SIGN,NONE DETECTED,Yes,No Apparent Injury,N/A,UNKNOWN,MD,PASSENGER CAR,MOVING CONSTANT SPEED,25,No,2008,HONDA,ACCORD,39.05656,-77.11834333,2022,10,17
220047244,Property Damage Crash,10/27/2022 05:54:00 PM,BOU AVE,NA,STRAIGHT MOVEMENT ANGLE,Clear,DRY,Medium,STOP SIGN,NONE DETECTED,No,No Apparent Injury,N/A,UNKNOWN,MD,PASSENGER CAR,MOVING CONSTANT SPEED,25,No,2022,MAZDA,3,39.05656,-77.11834333,2022,10,17
220047258,Property Damage Crash,10/27/2022 05:45:00 PM,NA,NA,SAME DIRECTION SIDESWIPE,Clear,NA,Daylight,NO CONTROLS,NONE DETECTED,No,No Apparent Injury,N/A,NOT DISTRACTED,MD,PASSENGER CAR,PARKED,15,No,2009,HOND,ACCORD,39.00012833,-76.99608333,2022,10,17
220047258,Property Damage Crash,10/27/2022 05:45:00 PM,NA,NA,SAME DIRECTION SIDESWIPE,Clear,NA,Daylight,NO CONTROLS,NONE DETECTED,Yes,No Apparent Injury,N/A,UNKNOWN,NA,NA,BACKING,15,No,0,UNKNOWN,UNKNOWN,39.00012833,-76.99608333,2022,10,17
220047238,Property Damage Crash,10/27/2022 05:30:00 PM,PINEY BRANCH RD,NA,SAME DIR REAR END,Clear,DRY,Daylight,TRAFFIC SIGNAL,NONE DETECTED,No,No Apparent Injury,N/A,NOT DISTRACTED,MD,PASSENGER CAR,ACCELERATING,30,No,2015,TOYOTA,SIENNA,38.99843833,-77.00088,2022,10,17
220047238,Property Damage Crash,10/27/2022 05:30:00 PM,PINEY BRANCH RD,NA,SAME DIR REAR END,Clear,DRY,Daylight,TRAFFIC SIGNAL,NONE DETECTED,Yes,No Apparent Injury,N/A,NOT DISTRACTED,MD,PASSENGER CAR,ACCELERATING,30,No,2005,CHEVY,SUBURBAN,38.99843833,-77.00088,2022,10,17
220047251,Property Damage Crash,10/27/2022 05:15:00 PM,REDLAND BLVD,BICYCLIST,STRAIGHT MOVEMENT ANGLE,Clear,DRY,Daylight,TRAFFIC SIGNAL,NONE DETECTED,No,No Apparent Injury,N/A,NOT DISTRACTED,MD,PASSENGER CAR,MOVING CONSTANT SPEED,25,No,2019,KIA,4S,39.11266429,-77.17128621,2022,10,17
220047233,Property Damage Crash,10/27/2022 05:15:00 PM,SHADY GROVE RD,NA,SAME DIRECTION RIGHT TURN,Clear,DRY,Daylight,NO CONTROLS,NONE DETECTED,No,No Apparent Injury,N/A,NOT DISTRACTED,MD,PASSENGER CAR,MOVING CONSTANT SPEED,35,No,2009,ACUR,TK,39.11592472,-77.18473125,2022,10,17
220047233,Property Damage Crash,10/27/2022 05:15:00 PM,SHADY GROVE RD,NA,SAME DIRECTION RIGHT TURN,Clear,DRY,Daylight,NO CONTROLS,ALCOHOL PRESENT,Yes,No Apparent Injury,N/A,NOT DISTRACTED,XX,PASSENGER CAR,CHANGING LANES,35,No,2007,HONDA,PILOT,39.11592472,-77.18473125,2022,10,17
220047223,Property Damage Crash,10/27/2022 04:47:00 PM,COLUMBIA PIKE,NA,SAME DIR REAR END,Clear,DRY,Daylight,NO CONTROLS,NONE DETECTED,No,No Apparent Injury,"N/A, PHYSICAL OBSTRUCTION(S)",NOT DISTRACTED,DC,PASSENGER CAR,MOVING CONSTANT SPEED,50,No,2010,SUBARU,OUTBACK,39.0510215,-76.9800455,2022,10,16
220047223,Property Damage Crash,10/27/2022 04:47:00 PM,COLUMBIA PIKE,NA,SAME DIR REAR END,Clear,DRY,Daylight,NO CONTROLS,NONE DETECTED,Yes,No Apparent Injury,"N/A, PHYSICAL OBSTRUCTION(S)",NOT DISTRACTED,MD,PASSENGER CAR,MOVING CONSTANT SPEED,50,No,2018,VOLKSWAGON,GOLF R,39.0510215,-76.9800455,2022,10,16
220047223,Property Damage Crash,10/27/2022 04:47:00 PM,COLUMBIA PIKE,NA,SAME DIR REAR END,Clear,DRY,Daylight,NO CONTROLS,NONE DETECTED,No,No Apparent Injury,"N/A, PHYSICAL OBSTRUCTION(S)",NOT DISTRACTED,MD,PASSENGER CAR,MOVING CONSTANT SPEED,50,No,2011,CHEV,AVEO,39.0510215,-76.9800455,2022,10,16
220047219,Injury Crash,10/27/2022 04:30:00 PM,ODENDHAL AVE,NA,SAME DIR REAR END,Clear,DRY,Daylight,TRAFFIC SIGNAL,NONE DETECTED,Yes,No Apparent Injury,N/A,LOOKED BUT DID NOT SEE,MD,PASSENGER CAR,MOVING CONSTANT SPEED,30,No,2015,TOYT,TK,39.15217798,-77.19603493,2022,10,16
220047219,Injury Crash,10/27/2022 04:30:00 PM,ODENDHAL AVE,NA,SAME DIR REAR END,Clear,DRY,Daylight,TRAFFIC SIGNAL,NONE DETECTED,No,Possible Minor Injury,N/A,NOT DISTRACTED,MD,PASSENGER CAR,STOPPED IN TRAFFIC LANE,30,No,2017,SUBA,UT,39.15217798,-77.19603493,2022,10,16
220047344,Property Damage Crash,10/27/2022 04:29:00 PM,NA,NA,OTHER,Clear,NA,Daylight,N/A,NONE DETECTED,Yes,No Apparent Injury,N/A,NOT DISTRACTED,MD,SCHOOL BUS,STOPPED IN TRAFFIC LANE,15,No,2019,FRHT,BUS,39.14427672,-77.22577252,2022,10,16
220047344,Property Damage Crash,10/27/2022 04:29:00 PM,NA,NA,OTHER,Clear,NA,Daylight,N/A,NONE DETECTED,No,No Apparent Injury,N/A,NOT DISTRACTED,MD,PASSENGER CAR,PARKING,15,No,2019,FORD,ESCAPE,39.14427672,-77.22577252,2022,10,16
220047217,Property Damage Crash,10/27/2022 04:14:00 PM,RIVER RD,NA,STRAIGHT MOVEMENT ANGLE,Clear,DRY,Daylight,STOP SIGN,NONE DETECTED,No,No Apparent Injury,N/A,NOT DISTRACTED,MD,(SPORT) UTILITY VEHICLE,MOVING CONSTANT SPEED,35,No,2019,SUBA,FORESTER,38.97048,-77.11630667,2022,10,16
220047217,Property Damage Crash,10/27/2022 04:14:00 PM,RIVER RD,NA,STRAIGHT MOVEMENT ANGLE,Clear,DRY,Daylight,STOP SIGN,NONE DETECTED,Yes,No Apparent Injury,N/A,LOOKED BUT DID NOT SEE,MD,PASSENGER CAR,MAKING LEFT TURN,35,No,2017,AUDI,A4,38.97048,-77.11630667,2022,10,16
220047216,Property Damage Crash,10/27/2022 04:10:00 PM,COLUMBIA PIKE,NA,SAME DIR REAR END,Clear,DRY,Daylight,TRAFFIC SIGNAL,NONE DETECTED,Yes,No Apparent Injury,"N/A, VISION OBSTRUCTION (INCL. BLINDED BY SUN)",OTHER DISTRACTION,MD,PASSENGER CAR,SLOWING OR STOPPING,50,No,2007,HONDA,PV,39.04816,-76.98461333,2022,10,16
220047216,Property Damage Crash,10/27/2022 04:10:00 PM,COLUMBIA PIKE,NA,SAME DIR REAR END,Clear,DRY,Daylight,TRAFFIC SIGNAL,NONE DETECTED,No,No Apparent Injury,"N/A, VISION OBSTRUCTION (INCL. BLINDED BY SUN)",NOT DISTRACTED,XX,PASSENGER CAR,STARTING FROM LANE,50,No,2009,FORD,UT,39.04816,-76.98461333,2022,10,16
220047216,Property Damage Crash,10/27/2022 04:10:00 PM,COLUMBIA PIKE,NA,SAME DIR REAR END,Clear,DRY,Daylight,TRAFFIC SIGNAL,NONE DETECTED,No,No Apparent Injury,"N/A, VISION OBSTRUCTION (INCL. BLINDED BY SUN)",NOT DISTRACTED,MD,PASSENGER CAR,STARTING FROM LANE,50,No,2019,FORD,TK,39.04816,-76.98461333,2022,10,16
220047211,Injury Crash,10/27/2022 04:02:00 PM,GEORGIA AVE,NA,SAME DIR REAR END,Clear,DRY,Daylight,TRAFFIC SIGNAL,NONE DETECTED,No,No Apparent Injury,N/A,NOT DISTRACTED,MD,PASSENGER CAR,MAKING RIGHT TURN,35,No,2021,TOYOTA,COROLLA,39.05358283,-77.05129733,2022,10,16
220047211,Injury Crash,10/27/2022 04:02:00 PM,GEORGIA AVE,NA,SAME DIR REAR END,Clear,DRY,Daylight,TRAFFIC SIGNAL,NONE DETECTED,Yes,Possible Minor Injury,N/A,OTHER DISTRACTION,XX,PASSENGER CAR,MOVING CONSTANT SPEED,35,No,2008,BMW,SPORT UTL,39.05358283,-77.05129733,2022,10,16
220047215,Property Damage Crash,10/27/2022 03:52:00 PM,NA,NA,STRAIGHT MOVEMENT ANGLE,Clear,NA,Daylight,OTHER,NONE DETECTED,No,No Apparent Injury,N/A,NOT DISTRACTED,MD,PASSENGER CAR,MOVING CONSTANT SPEED,10,No,2017,TOYOTA,HIGHLANDER,39.12728667,-77.183315,2022,10,15
220047215,Property Damage Crash,10/27/2022 03:52:00 PM,NA,NA,STRAIGHT MOVEMENT ANGLE,Clear,NA,Daylight,OTHER,NONE DETECTED,Yes,No Apparent Injury,N/A,LOOKED BUT DID NOT SEE,MD,PASSENGER CAR,ACCELERATING,10,No,2014,JEEP,COMPASS,39.12728667,-77.183315,2022,10,15
220047206,Property Damage Crash,10/27/2022 03:15:00 PM,EAST WEST HWY,NA,STRAIGHT MOVEMENT ANGLE,Clear,DRY,Daylight,TRAFFIC SIGNAL,NONE DETECTED,Yes,No Apparent Injury,N/A,LOOKED BUT DID NOT SEE,MD,PASSENGER CAR,MOVING CONSTANT SPEED,30,No,2003,HOND,SD,38.99611333,-77.040295,2022,10,15
220047206,Property Damage Crash,10/27/2022 03:15:00 PM,EAST WEST HWY,NA,STRAIGHT MOVEMENT ANGLE,Clear,DRY,Daylight,TRAFFIC SIGNAL,NONE DETECTED,No,No Apparent Injury,N/A,NOT DISTRACTED,MD,PASSENGER CAR,MOVING CONSTANT SPEED,30,No,2021,NISSAN,ROGUE,38.99611333,-77.040295,2022,10,15
220047200,Property Damage Crash,10/27/2022 03:03:00 PM,ARCTIC AVE,NA,SAME DIRECTION SIDESWIPE,Clear,DRY,Daylight,N/A,NONE DETECTED,Yes,No Apparent Injury,N/A,UNKNOWN,NA,UNKNOWN,MOVING CONSTANT SPEED,25,No,0,UNKNOWN,UNKNOWN,39.07275667,-77.09929667,2022,10,15
220047182,Property Damage Crash,10/27/2022 02:00:00 PM,NA,NA,OTHER,Clear,NA,Daylight,N/A,NONE DETECTED,Yes,No Apparent Injury,N/A,NOT DISTRACTED,MD,PASSENGER CAR,BACKING,10,No,2006,CHEVROLET,COBALT,39.11261288,-77.08794129,2022,10,14
220047172,Injury Crash,10/27/2022 01:08:00 PM,TWINBROOK PKWY,PEDESTRIAN,OTHER,Clear,DRY,Daylight,N/A,NONE DETECTED,No,No Apparent Injury,N/A,NOT DISTRACTED,MD,PASSENGER CAR,MOVING CONSTANT SPEED,35,No,2005,HONDA,ODESSEY,39.07306,-77.11221131,2022,10,13
220047169,Property Damage Crash,10/27/2022 12:40:00 PM,FRIENDSHIP BLVD,NA,OTHER,Clear,DRY,Daylight,NO CONTROLS,NONE DETECTED,Yes,No Apparent Injury,N/A,LOOKED BUT DID NOT SEE,VA,PASSENGER CAR,STARTING FROM PARKED,15,No,2006,DODGE,RAM TRUCK,38.95994298,-77.08798941,2022,10,12
220047169,Property Damage Crash,10/27/2022 12:40:00 PM,FRIENDSHIP BLVD,NA,OTHER,Clear,DRY,Daylight,NO CONTROLS,NONE DETECTED,No,No Apparent Injury,N/A,NOT DISTRACTED,MD,PASSENGER CAR,BACKING,25,No,2010,CHEVY,4S,38.95994298,-77.08798941,2022,10,12
220047162,Property Damage Crash,10/27/2022 12:30:00 PM,W DIAMOND AVE,NA,SAME DIR REAR END,Clear,DRY,Daylight,TRAFFIC SIGNAL,NONE DETECTED,No,No Apparent Injury,N/A,NOT DISTRACTED,MD,(SPORT) UTILITY VEHICLE,SLOWING OR STOPPING,35,No,2017,JEEP,GRAND CHEROKEE,39.14233333,-77.22005833,2022,10,12
220047162,Property Damage Crash,10/27/2022 12:30:00 PM,W DIAMOND AVE,NA,SAME DIR REAR END,Clear,DRY,Daylight,TRAFFIC SIGNAL,NONE DETECTED,Yes,No Apparent Injury,N/A,UNKNOWN,MD,PASSENGER CAR,SLOWING OR STOPPING,35,No,2010,FORD,FUSION,39.14233333,-77.22005833,2022,10,12
220047090,Property Damage Crash,10/27/2022 12:21:00 PM,DARNESTOWN RD,NA,SINGLE VEHICLE,Clear,DRY,Dark,NO CONTROLS,NONE DETECTED,Yes,No Apparent Injury,N/A,UNKNOWN,NA,PASSENGER CAR,UNKNOWN,30,No,2018,SUBARU,WAGON,39.169055,-77.399345,2022,10,12
220047103,Property Damage Crash,10/27/2022 08:40:00 AM,ASPEN HILL RD,NA,SAME DIRECTION SIDESWIPE,Clear,DRY,Daylight,TRAFFIC SIGNAL,NONE DETECTED,Yes,No Apparent Injury,N/A,NOT DISTRACTED,MD,TRANSIT BUS,MAKING LEFT TURN,30,No,2016,GILL,BU,39.08020859,-77.08072973,2022,10,8
220047103,Property Damage Crash,10/27/2022 08:40:00 AM,ASPEN HILL RD,NA,SAME DIRECTION SIDESWIPE,Clear,DRY,Daylight,TRAFFIC SIGNAL,NONE DETECTED,No,No Apparent Injury,N/A,NOT DISTRACTED,MD,PASSENGER CAR,STARTING FROM LANE,30,No,2022,HONDA,ACCORD,39.08020859,-77.08072973,2022,10,8
220047101,Injury Crash,10/27/2022 08:30:00 AM,FREDERICK RD,NA,OTHER,Clear,DRY,Daylight,N/A,NONE DETECTED,No,Possible Minor Injury,"N/A, VISION OBSTRUCTION (INCL. BLINDED BY SUN)",LOOKED BUT DID NOT SEE,MD,PASSENGER CAR,MAKING U TURN,45,No,2012,VOLKSWAGEN,PASSAT,39.12073337,-77.1746941,2022,10,8
220047101,Injury Crash,10/27/2022 08:30:00 AM,FREDERICK RD,NA,OTHER,Clear,DRY,Daylight,N/A,NONE DETECTED,No,Possible Minor Injury,"N/A, VISION OBSTRUCTION (INCL. BLINDED BY SUN)",NOT DISTRACTED,PA,"OTHER LIGHT TRUCKS (10,000LBS (4,536KG) OR LESS)",MOVING CONSTANT SPEED,45,No,2022,RAM,4500,39.12073337,-77.1746941,2022,10,8
220048051,Property Damage Crash,10/27/2022 08:10:00 AM,NA,NA,OTHER,Clear,NA,Daylight,NO CONTROLS,NONE DETECTED,Yes,No Apparent Injury,N/A,UNKNOWN,NA,PASSENGER CAR,PARKING,0,No,0,UU,UU,39.1046968,-77.1912005,2022,10,8
220047096,Property Damage Crash,10/27/2022 07:51:00 AM,NA,NA,OPPOSITE DIRECTION SIDESWIPE,Clear,NA,Daylight,N/A,NONE DETECTED,No,No Apparent Injury,N/A,NOT DISTRACTED,MD,PASSENGER CAR,SLOWING OR STOPPING,0,No,2005,HYUN,4S,39.14618877,-77.18809255,2022,10,7
220047096,Property Damage Crash,10/27/2022 07:51:00 AM,NA,NA,OPPOSITE DIRECTION SIDESWIPE,Clear,NA,Daylight,N/A,NONE DETECTED,Yes,No Apparent Injury,N/A,LOOKED BUT DID NOT SEE,MD,SCHOOL BUS,MAKING LEFT TURN,0,No,2018,FRHT,BU,39.14618877,-77.18809255,2022,10,7
220047094,Property Damage Crash,10/27/2022 07:30:00 AM,ETHAN ALLEN AVE,NA,SAME DIR REAR END,Clear,DRY,Daylight,NO CONTROLS,NONE DETECTED,No,No Apparent Injury,N/A,NOT DISTRACTED,NA,NA,MOVING CONSTANT SPEED,25,No,0,UNKNOWN,UNKNOWN,38.97819359,-77.00295389,2022,10,7
220047094,Property Damage Crash,10/27/2022 07:30:00 AM,ETHAN ALLEN AVE,NA,SAME DIR REAR END,Clear,DRY,Daylight,NO CONTROLS,NONE DETECTED,Yes,No Apparent Injury,N/A,NOT DISTRACTED,MD,PASSENGER CAR,ACCELERATING,25,No,2001,TOYOTA,CAMRY,38.97819359,-77.00295389,2022,10,7
220047094,Property Damage Crash,10/27/2022 07:30:00 AM,ETHAN ALLEN AVE,NA,SAME DIR REAR END,Clear,DRY,Daylight,NO CONTROLS,NONE DETECTED,No,No Apparent Injury,N/A,NOT DISTRACTED,MD,"MEDIUM/HEAVY TRUCKS 3 AXLES (OVER 10,000LBS (4,536KG))",STOPPED IN TRAFFIC LANE,25,No,2020,MACK,TRASH TRUCK,38.97819359,-77.00295389,2022,10,7
220047095,Property Damage Crash,10/27/2022 07:18:00 AM,BALTIMORE RD,NA,SAME DIR REAR END,Clear,DRY,Medium,NO CONTROLS,NONE DETECTED,No,No Apparent Injury,N/A,NOT DISTRACTED,MD,PASSENGER CAR,MOVING CONSTANT SPEED,25,No,2015,TOYT,4S,39.09330333,-77.11358167,2022,10,7
220047095,Property Damage Crash,10/27/2022 07:18:00 AM,BALTIMORE RD,NA,SAME DIR REAR END,Clear,DRY,Medium,NO CONTROLS,NONE DETECTED,Yes,No Apparent Injury,N/A,LOOKED BUT DID NOT SEE,MD,(SPORT) UTILITY VEHICLE,MAKING LEFT TURN,25,No,2013,SUBARU,FORESTER,39.09330333,-77.11358167,2022,10,7
220047072,Property Damage Crash,10/26/2022 10:19:00 PM,DAMASCUS RD,NA,SINGLE VEHICLE,Clear,DRY,Dark,NO CONTROLS,NONE DETECTED,No,No Apparent Injury,"ANIMAL, N/A",NOT DISTRACTED,MD,POLICE VEHICLE/NON EMERGENCY,MOVING CONSTANT SPEED,50,No,2021,FORD,UT,39.28413,-77.18058667,2022,10,22
220047050,Property Damage Crash,10/26/2022 08:00:00 PM,RIDGE RD,NA,SAME DIR REAR END,Clear,DRY,Medium,NO CONTROLS,NONE DETECTED,No,No Apparent Injury,N/A,NOT DISTRACTED,MD,(SPORT) UTILITY VEHICLE,MAKING LEFT TURN,35,No,2016,KIA,4S,39.25638333,-77.22593667,2022,10,20
220047050,Property Damage Crash,10/26/2022 08:00:00 PM,RIDGE RD,NA,SAME DIR REAR END,Clear,DRY,Medium,NO CONTROLS,NONE DETECTED,Yes,No Apparent Injury,N/A,LOOKED BUT DID NOT SEE,MD,VAN,MOVING CONSTANT SPEED,35,No,2015,TOYTA,SIENA,39.25638333,-77.22593667,2022,10,20
220047055,Property Damage Crash,10/26/2022 07:50:00 PM,GEORGIA AVE,NA,SAME DIRECTION RIGHT TURN,Clear,DRY,Medium,TRAFFIC SIGNAL,NONE DETECTED,No,No Apparent Injury,N/A,NOT DISTRACTED,DC,TRANSIT BUS,N/A,30,No,2010,TBU,BUS,38.9998633,-77.0324674,2022,10,19