Local Case Number,ACRS Report Type,Crash Date/Time,Road Name,Related Non-Motorist,Collision Type,Weather,Surface Condition,Light,Traffic Control,Driver Substance Abuse,Driver At Fault,Injury Severity,Circumstance,Driver Distracted By,Drivers License State,Vehicle Body Type,Vehicle Movement,Speed Limit,Driverless Vehicle,Vehicle Year,Vehicle Make,Vehicle Model,Latitude,Longitude,Year,Month,Hour
220047055,Property Damage Crash,10/26/2022 07:50:00 PM,GEORGIA AVE,NA,SAME DIRECTION RIGHT TURN,Clear,DRY,Medium,TRAFFIC SIGNAL,NONE DETECTED,Yes,No Apparent Injury,N/A,UNKNOWN,NA,PICKUP TRUCK,ACCELERATING,30,No,2002,FORD,TRUCK,38.9998633,-77.0324674,2022,10,19
220047040,Property Damage Crash,10/26/2022 05:46:00 PM,DAMASCUS RD,NA,SINGLE VEHICLE,Clear,DRY,Daylight,NO CONTROLS,NONE DETECTED,Yes,No Apparent Injury,N/A,NOT DISTRACTED,MD,PASSENGER CAR,MOVING CONSTANT SPEED,40,No,2018,VW,SUV,39.27738733,-77.162445,2022,10,17
220047031,Property Damage Crash,10/26/2022 05:00:00 PM,COLESVILLE RD,NA,SAME DIRECTION SIDESWIPE,Clear,DRY,Daylight,OTHER,NONE DETECTED,Yes,No Apparent Injury,N/A,INATTENTIVE OR LOST IN THOUGHT,DC,PASSENGER CAR,MOVING CONSTANT SPEED,30,No,2022,TOYOTA,UT,38.99677117,-77.02796683,2022,10,17
220047031,Property Damage Crash,10/26/2022 05:00:00 PM,COLESVILLE RD,NA,SAME DIRECTION SIDESWIPE,Clear,DRY,Daylight,OTHER,NONE DETECTED,No,No Apparent Injury,N/A,NOT DISTRACTED,MD,OTHER BUS,MOVING CONSTANT SPEED,30,No,2020,NOVA,BU,38.99677117,-77.02796683,2022,10,17
220047022,Property Damage Crash,10/26/2022 04:00:00 PM,MONTROSE RD,NA,SAME DIRECTION SIDESWIPE,Clear,DRY,Daylight,NO CONTROLS,NONE DETECTED,Yes,No Apparent Injury,N/A,UNKNOWN,MD,PASSENGER CAR,MOVING CONSTANT SPEED,40,No,2007,ACURA,MDX,39.05300833,-77.12709,2022,10,16
220047022,Property Damage Crash,10/26/2022 04:00:00 PM,MONTROSE RD,NA,SAME DIRECTION SIDESWIPE,Clear,DRY,Daylight,NO CONTROLS,NONE DETECTED,No,No Apparent Injury,N/A,NOT DISTRACTED,MD,PICKUP TRUCK,MOVING CONSTANT SPEED,40,No,2004,FORD,RANGER,39.05300833,-77.12709,2022,10,16
220047020,Property Damage Crash,10/26/2022 03:41:00 PM,GEORGIA AVE,NA,SAME DIR REAR END,Cloudy,DRY,Daylight,TRAFFIC SIGNAL,NONE DETECTED,No,No Apparent Injury,N/A,NOT DISTRACTED,MD,(SPORT) UTILITY VEHICLE,ACCELERATING,40,No,2013,FORD,EDGE,39.13837667,-77.068855,2022,10,15
220047020,Property Damage Crash,10/26/2022 03:41:00 PM,GEORGIA AVE,NA,SAME DIR REAR END,Cloudy,DRY,Daylight,TRAFFIC SIGNAL,NONE DETECTED,Yes,No Apparent Injury,N/A,NOT DISTRACTED,MD,PASSENGER CAR,SLOWING OR STOPPING,40,No,2017,VOLKSWAGEN,JETTA,39.13837667,-77.068855,2022,10,15
220047019,Injury Crash,10/26/2022 03:35:00 PM,N CAMPUS DR,NA,SINGLE VEHICLE,Clear,DRY,Daylight,NO CONTROLS,NONE DETECTED,Yes,Possible Minor Injury,N/A,LOOKED BUT DID NOT SEE,MD,PASSENGER CAR,MOVING CONSTANT SPEED,10,No,2019,FORD,FUSION,39.09994167,-77.1583525,2022,10,15
220047014,Injury Crash,10/26/2022 02:45:00 PM,SANDY SPRING RD,NA,STRAIGHT MOVEMENT ANGLE,Clear,DRY,Daylight,FLASHING TRAFFIC SIGNAL,NONE DETECTED,Yes,Possible Minor Injury,N/A,LOOKED BUT DID NOT SEE,MD,(SPORT) UTILITY VEHICLE,MAKING LEFT TURN,45,No,2017,TOYOTA,HIGHLANDER,39.109245,-76.92326,2022,10,14
220047014,Injury Crash,10/26/2022 02:45:00 PM,SANDY SPRING RD,NA,STRAIGHT MOVEMENT ANGLE,Clear,DRY,Daylight,FLASHING TRAFFIC SIGNAL,NONE DETECTED,No,No Apparent Injury,N/A,NOT DISTRACTED,MD,PASSENGER CAR,MOVING CONSTANT SPEED,45,No,2019,TOYOTA,PRIUS,39.109245,-76.92326,2022,10,14
220047009,Injury Crash,10/26/2022 02:23:00 PM,WATKINS RD,NA,STRAIGHT MOVEMENT ANGLE,Cloudy,DRY,Daylight,NO CONTROLS,NONE DETECTED,No,Possible Minor Injury,N/A,NOT DISTRACTED,MD,PASSENGER CAR,MOVING CONSTANT SPEED,30,No,2014,TOYT,PRIUS,39.23413,-77.202945,2022,10,14
220047009,Injury Crash,10/26/2022 02:23:00 PM,WATKINS RD,NA,STRAIGHT MOVEMENT ANGLE,Cloudy,DRY,Daylight,NO CONTROLS,NONE DETECTED,Yes,No Apparent Injury,N/A,LOOKED BUT DID NOT SEE,MD,(SPORT) UTILITY VEHICLE,MAKING LEFT TURN,30,No,2016,LINCOLN,MKX,39.23413,-77.202945,2022,10,14
220047004,Property Damage Crash,10/26/2022 02:02:00 PM,CLARKSBURG RD,NA,SINGLE VEHICLE,Cloudy,WET,Daylight,NO CONTROLS,NONE DETECTED,Yes,No Apparent Injury,"RAIN, SNOW, WET",NOT DISTRACTED,MD,PICKUP TRUCK,MOVING CONSTANT SPEED,35,No,1994,FORD,F150,39.25682947,-77.27575599,2022,10,14
22001883,Property Damage Crash,10/26/2022 01:15:00 PM,CANNON RD,NA,SAME DIRECTION SIDESWIPE,Cloudy,WET,Daylight,NO CONTROLS,NONE DETECTED,Yes,No Apparent Injury,N/A,UNKNOWN,NA,NA,MOVING CONSTANT SPEED,25,No,0,UNKNOWN,UNKNOWN,39.06940764,-76.9928659,2022,10,13
220046989,Property Damage Crash,10/26/2022 12:45:00 PM,MIDCOUNTY HWY,NA,SAME DIR REAR END,Cloudy,WET,Daylight,TRAFFIC SIGNAL,NONE DETECTED,No,No Apparent Injury,"N/A, WET",NOT DISTRACTED,MD,VAN,STOPPED IN TRAFFIC LANE,45,No,2021,NISS,CG,39.14724667,-77.16911833,2022,10,12
220046989,Property Damage Crash,10/26/2022 12:45:00 PM,MIDCOUNTY HWY,NA,SAME DIR REAR END,Cloudy,WET,Daylight,TRAFFIC SIGNAL,NONE DETECTED,No,No Apparent Injury,"N/A, WET",NOT DISTRACTED,MD,PASSENGER CAR,STOPPED IN TRAFFIC LANE,45,No,2017,NISS,SD,39.14724667,-77.16911833,2022,10,12
220046989,Property Damage Crash,10/26/2022 12:45:00 PM,MIDCOUNTY HWY,NA,SAME DIR REAR END,Cloudy,WET,Daylight,TRAFFIC SIGNAL,NONE DETECTED,Yes,No Apparent Injury,"N/A, WET",NOT DISTRACTED,MD,VAN,SLOWING OR STOPPING,45,No,2019,CHEV,TK,39.14724667,-77.16911833,2022,10,12
220046989,Property Damage Crash,10/26/2022 12:45:00 PM,MIDCOUNTY HWY,NA,SAME DIR REAR END,Cloudy,WET,Daylight,TRAFFIC SIGNAL,NONE DETECTED,No,No Apparent Injury,"N/A, WET",NOT DISTRACTED,DC,VAN,STOPPED IN TRAFFIC LANE,45,No,2016,FORD,TK,39.14724667,-77.16911833,2022,10,12
220046987,Property Damage Crash,10/26/2022 12:41:00 PM,GEORGIA AVE,PEDESTRIAN,STRAIGHT MOVEMENT ANGLE,Clear,N/A,Daylight,TRAFFIC SIGNAL,NONE DETECTED,Yes,No Apparent Injury,N/A,UNKNOWN,NA,PASSENGER CAR,ACCELERATING,35,No,2017,TOYOTA,COROLLA,38.99473494,-77.02665961,2022,10,12
220046980,Property Damage Crash,10/26/2022 12:30:00 PM,CHISWELL LA,NA,SAME DIRECTION SIDESWIPE,Rain,WET,Daylight,NO CONTROLS,NONE DETECTED,Yes,No Apparent Injury,N/A,NOT DISTRACTED,MD,SCHOOL BUS,PARKING,30,No,2014,THOMAS,BUS,39.03397447,-77.01894552,2022,10,12
220046969,Property Damage Crash,10/26/2022 11:30:00 AM,NA,NA,SAME DIRECTION SIDESWIPE,Cloudy,NA,Daylight,N/A,NONE DETECTED,Yes,No Apparent Injury,N/A,NOT DISTRACTED,MD,POLICE VEHICLE/NON EMERGENCY,STARTING FROM PARKED,15,No,2017,FORD,INTERCEPTOR,39.10238167,-77.17688,2022,10,11
220046969,Property Damage Crash,10/26/2022 11:30:00 AM,NA,NA,SAME DIRECTION SIDESWIPE,Cloudy,NA,Daylight,N/A,NONE DETECTED,No,No Apparent Injury,N/A,NOT DISTRACTED,MD,PASSENGER CAR,PARKED,15,No,2018,TOYOTA,CAMRY,39.10238167,-77.17688,2022,10,11
220046990,Property Damage Crash,10/26/2022 11:24:00 AM,POWDER MILL RD,NA,OTHER,Cloudy,UNKNOWN,Daylight,NO CONTROLS,NONE DETECTED,Yes,No Apparent Injury,N/A,LOOKED BUT DID NOT SEE,MD,AMBULANCE/EMERGENCY,MOVING CONSTANT SPEED,25,No,2016,FRHT,AM,39.02447482,-76.97103732,2022,10,11
220046966,Property Damage Crash,10/26/2022 11:05:00 AM,NA,NA,OTHER,Clear,NA,Daylight,NO CONTROLS,NONE DETECTED,Yes,No Apparent Injury,N/A,UNKNOWN,MD,PASSENGER CAR,PARKING,15,No,2019,SUBARU,FORESTER,39.15209333,-77.065765,2022,10,11
220046966,Property Damage Crash,10/26/2022 11:05:00 AM,NA,NA,OTHER,Clear,NA,Daylight,NO CONTROLS,NONE DETECTED,No,No Apparent Injury,N/A,NOT DISTRACTED,MD,PASSENGER CAR,PARKED,15,No,2005,LEXUS,RX330,39.15209333,-77.065765,2022,10,11
220045673,Property Damage Crash,10/26/2022 10:00:00 AM,COLESVILLE RD,NA,SAME DIRECTION LEFT TURN,Clear,DRY,Daylight,NO CONTROLS,NONE DETECTED,No,No Apparent Injury,N/A,NOT DISTRACTED,DC,PASSENGER CAR,MOVING CONSTANT SPEED,5,No,2004,TOYOTA,RAV4,39.02123918,-77.01292948,2022,10,10
220045673,Property Damage Crash,10/26/2022 10:00:00 AM,COLESVILLE RD,NA,SAME DIRECTION LEFT TURN,Clear,DRY,Daylight,NO CONTROLS,NONE DETECTED,Yes,No Apparent Injury,N/A,UNKNOWN,NA,NA,STARTING FROM PARKED,5,No,0,UNKNOWN,UNKNOWN,39.02123918,-77.01292948,2022,10,10
220046959,Injury Crash,10/26/2022 09:40:00 AM,PINEY BRANCH RD,NA,SAME DIR REAR END,Cloudy,WET,Daylight,NO CONTROLS,NONE DETECTED,No,No Apparent Injury,N/A,NOT DISTRACTED,MD,PASSENGER CAR,MAKING RIGHT TURN,30,No,2012,TOYOTA,COROLLA,38.9991725,-76.99756183,2022,10,9
220046959,Injury Crash,10/26/2022 09:40:00 AM,PINEY BRANCH RD,NA,SAME DIR REAR END,Cloudy,WET,Daylight,NO CONTROLS,NONE DETECTED,Yes,No Apparent Injury,N/A,UNKNOWN,MD,VAN,MOVING CONSTANT SPEED,30,No,2013,HONDA,ODYSSEY,38.9991725,-76.99756183,2022,10,9
220046951,Property Damage Crash,10/26/2022 08:45:00 AM,WOODFIELD RD,NA,ANGLE MEETS LEFT TURN,Cloudy,WET,Daylight,STOP SIGN,NONE DETECTED,No,No Apparent Injury,"N/A, WET",NOT DISTRACTED,MD,PASSENGER CAR,MOVING CONSTANT SPEED,35,No,2015,NISSAN,VERSA,39.17849167,-77.15051833,2022,10,8
220046951,Property Damage Crash,10/26/2022 08:45:00 AM,WOODFIELD RD,NA,ANGLE MEETS LEFT TURN,Cloudy,WET,Daylight,STOP SIGN,NONE DETECTED,Yes,No Apparent Injury,"N/A, WET",LOOKED BUT DID NOT SEE,MD,VAN,MAKING LEFT TURN,35,No,2017,CHRYSLER,PACIFICA,39.17849167,-77.15051833,2022,10,8
220046956,Property Damage Crash,10/26/2022 08:43:00 AM,DRUMM AVE,NA,SAME DIRECTION RIGHT TURN,Clear,DRY,Daylight,STOP SIGN,NONE DETECTED,Yes,No Apparent Injury,N/A,LOOKED BUT DID NOT SEE,MD,SCHOOL BUS,MAKING RIGHT TURN,25,No,2013,THOMAS,BUS,39.03401696,-77.06170263,2022,10,8
220046953,Property Damage Crash,10/26/2022 08:39:00 AM,NA,NA,STRAIGHT MOVEMENT ANGLE,Clear,NA,Daylight,N/A,NONE DETECTED,Yes,No Apparent Injury,N/A,NOT DISTRACTED,MD,PICKUP TRUCK,MOVING CONSTANT SPEED,0,No,2007,TOYOTA,TUNDRA,38.98901064,-77.10060198,2022,10,8
230001955,Property Damage Crash,10/26/2022 08:35:00 AM,PARKLAND DR,NA,OTHER,Clear,DRY,Daylight,NO CONTROLS,NONE DETECTED,Yes,No Apparent Injury,N/A,UNKNOWN,NA,NA,MAKING RIGHT TURN,25,No,0,UNKNOWN,UNKNOWN,39.06571324,-77.08898148,2022,10,8
220046946,Property Damage Crash,10/26/2022 07:45:00 AM,GERMANTOWN RD,NA,SAME DIR REAR END,Cloudy,WET,Daylight,TRAFFIC SIGNAL,NONE DETECTED,No,No Apparent Injury,"N/A, WET",NOT DISTRACTED,MD,PASSENGER CAR,MAKING RIGHT TURN,40,No,2022,HOND,SD,39.17898294,-77.26726482,2022,10,7
220046946,Property Damage Crash,10/26/2022 07:45:00 AM,GERMANTOWN RD,NA,SAME DIR REAR END,Cloudy,WET,Daylight,TRAFFIC SIGNAL,NONE DETECTED,Yes,No Apparent Injury,"N/A, WET",LOOKED BUT DID NOT SEE,MD,VAN,ACCELERATING,40,No,2017,FORD,VAN,39.17898294,-77.26726482,2022,10,7
220046949,Property Damage Crash,10/26/2022 07:42:00 AM,ROCKVILLE PIKE,NA,HEAD ON LEFT TURN,Cloudy,DRY,Daylight,TRAFFIC SIGNAL,NONE DETECTED,No,No Apparent Injury,N/A,NOT DISTRACTED,MD,"CARGO VAN/LIGHT TRUCK 2 AXLES (OVER 10,000LBS (4,536 KG))",MOVING CONSTANT SPEED,35,No,2020,WSTR,ST,39.00007392,-77.09677258,2022,10,7
220046949,Property Damage Crash,10/26/2022 07:42:00 AM,ROCKVILLE PIKE,NA,HEAD ON LEFT TURN,Cloudy,DRY,Daylight,TRAFFIC SIGNAL,NONE DETECTED,Yes,No Apparent Injury,N/A,LOOKED BUT DID NOT SEE,VA,PASSENGER CAR,MOVING CONSTANT SPEED,35,No,2012,TOYOTA,TACOMA,39.00007392,-77.09677258,2022,10,7
220046949,Property Damage Crash,10/26/2022 07:42:00 AM,ROCKVILLE PIKE,NA,HEAD ON LEFT TURN,Cloudy,DRY,Daylight,TRAFFIC SIGNAL,NONE DETECTED,No,No Apparent Injury,N/A,NOT DISTRACTED,PA,PASSENGER CAR,PARKED,35,No,2008,HONDA,CRV,39.00007392,-77.09677258,2022,10,7
220046948,Property Damage Crash,10/26/2022 07:41:00 AM,S FREDERICK RD,NA,OTHER,Cloudy,WET,Daylight,TRAFFIC SIGNAL,NONE DETECTED,No,No Apparent Injury,"N/A, WET",NOT DISTRACTED,MD,PASSENGER CAR,SLOWING OR STOPPING,30,No,2019,ACURA,4S,39.13792515,-77.19426429,2022,10,7
220046948,Property Damage Crash,10/26/2022 07:41:00 AM,S FREDERICK RD,NA,OTHER,Cloudy,WET,Daylight,TRAFFIC SIGNAL,NONE DETECTED,Yes,No Apparent Injury,"N/A, WET",LOOKED BUT DID NOT SEE,MD,"OTHER LIGHT TRUCKS (10,000LBS (4,536KG) OR LESS)",SLOWING OR STOPPING,30,No,2017,FORD,F550,39.13792515,-77.19426429,2022,10,7
220046948,Property Damage Crash,10/26/2022 07:41:00 AM,S FREDERICK RD,NA,OTHER,Cloudy,WET,Daylight,TRAFFIC SIGNAL,NONE DETECTED,No,No Apparent Injury,"N/A, WET",NOT DISTRACTED,MD,PASSENGER CAR,SLOWING OR STOPPING,30,No,2005,ACUR,4S,39.13792515,-77.19426429,2022,10,7
220046945,Injury Crash,10/26/2022 07:30:00 AM,W MONTGOMERY AVE,NA,SAME DIR REAR END,Cloudy,WET,Daylight,NO CONTROLS,NONE DETECTED,No,No Apparent Injury,N/A,NOT DISTRACTED,MD,PASSENGER CAR,SLOWING OR STOPPING,35,No,2022,BMW,X5,39.09049462,-77.17807192,2022,10,7
220046945,Injury Crash,10/26/2022 07:30:00 AM,W MONTGOMERY AVE,NA,SAME DIR REAR END,Cloudy,WET,Daylight,NO CONTROLS,NONE DETECTED,Yes,Possible Minor Injury,N/A,NOT DISTRACTED,MD,PASSENGER CAR,MOVING CONSTANT SPEED,35,No,2021,TESLA,X,39.09049462,-77.17807192,2022,10,7
220046947,Property Damage Crash,10/26/2022 07:28:00 AM,FALLS RD,NA,STRAIGHT MOVEMENT ANGLE,Clear,WET,Daylight,NO CONTROLS,NONE DETECTED,No,No Apparent Injury,"N/A, WET",NOT DISTRACTED,MD,"OTHER LIGHT TRUCKS (10,000LBS (4,536KG) OR LESS)",MOVING CONSTANT SPEED,35,No,2019,DODGE,RAM 1500,39.07158083,-77.16744067,2022,10,7
220046947,Property Damage Crash,10/26/2022 07:28:00 AM,FALLS RD,NA,STRAIGHT MOVEMENT ANGLE,Clear,WET,Daylight,NO CONTROLS,NONE DETECTED,Yes,No Apparent Injury,"N/A, WET",UNKNOWN,MD,PASSENGER CAR,MAKING U TURN,35,No,2010,VOLV,SU,39.07158083,-77.16744067,2022,10,7
220046941,Injury Crash,10/26/2022 06:55:00 AM,APPLE RIDGE RD,PEDESTRIAN,OTHER,Rain,WET,Medium,OTHER,NONE DETECTED,Yes,No Apparent Injury,"N/A, WET",LOOKED BUT DID NOT SEE,MD,PASSENGER CAR,MOVING CONSTANT SPEED,30,No,2021,TOYT,UT,39.14620767,-77.17068367,2022,10,6
220046943,Property Damage Crash,10/26/2022 06:53:00 AM,OLNEY LAYTONSVILLE RD,NA,SAME DIR REAR END,Cloudy,WET,Medium,TRAFFIC SIGNAL,NONE DETECTED,No,No Apparent Injury,"N/A, WET",NOT DISTRACTED,MD,PICKUP TRUCK,STOPPED IN TRAFFIC LANE,40,No,2016,RAM,RAM 1500,39.183185,-77.11127667,2022,10,6
220046943,Property Damage Crash,10/26/2022 06:53:00 AM,OLNEY LAYTONSVILLE RD,NA,SAME DIR REAR END,Cloudy,WET,Medium,TRAFFIC SIGNAL,NONE DETECTED,Yes,No Apparent Injury,"N/A, WET",LOOKED BUT DID NOT SEE,MD,VAN,SLOWING OR STOPPING,40,No,2015,DODG,GRAND CARAVAN,39.183185,-77.11127667,2022,10,6
220035089,Property Damage Crash,10/26/2022 04:05:00 AM,COLESVILLE RD,NA,STRAIGHT MOVEMENT ANGLE,Clear,DRY,Medium,TRAFFIC SIGNAL,NONE DETECTED,No,No Apparent Injury,N/A,NOT DISTRACTED,MD,PASSENGER CAR,MOVING CONSTANT SPEED,35,No,2021,TOYOTA,RAV4,39.01982137,-77.01334652,2022,10,4
220035089,Property Damage Crash,10/26/2022 04:05:00 AM,COLESVILLE RD,NA,STRAIGHT MOVEMENT ANGLE,Clear,DRY,Medium,TRAFFIC SIGNAL,NONE DETECTED,Yes,No Apparent Injury,N/A,UNKNOWN,NY,PASSENGER CAR,MOVING CONSTANT SPEED,35,No,2022,HONDA,CRV,39.01982137,-77.01334652,2022,10,4
220046935,Property Damage Crash,10/26/2022 02:40:00 AM,QUAIL VALLEY BLVD,NA,SAME DIR REAR END,Rain,WET,Medium,NO CONTROLS,NONE DETECTED,Yes,No Apparent Injury,"N/A, WET",INATTENTIVE OR LOST IN THOUGHT,MD,(SPORT) UTILITY VEHICLE,MOVING CONSTANT SPEED,25,No,2019,HYUNDAI,TUCSON,39.16525933,-77.18854183,2022,10,2
220046927,Injury Crash,10/25/2022 11:41:00 PM,GEORGIA AVE,NA,SAME DIR REAR END,Clear,DRY,Medium,TRAFFIC SIGNAL,NONE DETECTED,Yes,No Apparent Injury,N/A,UNKNOWN,NA,UNKNOWN,MOVING CONSTANT SPEED,45,No,0,UNKNOWN,UNKNOWN,39.10157,-77.07711833,2022,10,23
220046927,Injury Crash,10/25/2022 11:41:00 PM,GEORGIA AVE,NA,SAME DIR REAR END,Clear,DRY,Medium,TRAFFIC SIGNAL,NONE DETECTED,No,Possible Minor Injury,N/A,NOT DISTRACTED,MD,PASSENGER CAR,STOPPED IN TRAFFIC LANE,45,No,2021,FORD,ECOSPORT,39.10157,-77.07711833,2022,10,23
220046919,Property Damage Crash,10/25/2022 09:00:00 PM,LEWIS AVE,NA,SAME DIR REAR END,Cloudy,DRY,Dark,NO CONTROLS,NONE DETECTED,Yes,No Apparent Injury,N/A,NOT DISTRACTED,MD,PASSENGER CAR,MOVING CONSTANT SPEED,30,No,2009,LEXS,TK,39.07100007,-77.12977357,2022,10,21
220046911,Property Damage Crash,10/25/2022 08:27:00 PM,EAST VILLAGE AVE,NA,SINGLE VEHICLE,Rain,WET,Medium,NO CONTROLS,NONE DETECTED,Yes,No Apparent Injury,"RAIN, SNOW, WET",NOT DISTRACTED,MD,PASSENGER CAR,MOVING CONSTANT SPEED,35,No,2008,MITS,GALANT,39.18795667,-77.168665,2022,10,20
220046907,Injury Crash,10/25/2022 07:48:00 PM,16TH ST,NA,HEAD ON LEFT TURN,Rain,WET,Medium,TRAFFIC SIGNAL,NONE DETECTED,Yes,Possible Minor Injury,N/A,UNKNOWN,NJ,PASSENGER CAR,MOVING CONSTANT SPEED,30,No,2017,HONDA,ACCORD,38.99432963,-77.03642735,2022,10,19
220046907,Injury Crash,10/25/2022 07:48:00 PM,16TH ST,NA,HEAD ON LEFT TURN,Rain,WET,Medium,TRAFFIC SIGNAL,NONE DETECTED,No,No Apparent Injury,N/A,NOT DISTRACTED,MD,(SPORT) UTILITY VEHICLE,MAKING U TURN,30,No,2011,JEEP,COMPASS,38.99432963,-77.03642735,2022,10,19
220046912,Property Damage Crash,10/25/2022 07:41:00 PM,E JEFFERSON ST,NA,SAME DIRECTION SIDESWIPE,Clear,DRY,Medium,N/A,NONE DETECTED,No,No Apparent Injury,N/A,NOT DISTRACTED,MD,PASSENGER CAR,MOVING CONSTANT SPEED,30,No,2016,HONDA,CIVIC,39.05837114,-77.12629156,2022,10,19
220046912,Property Damage Crash,10/25/2022 07:41:00 PM,E JEFFERSON ST,NA,SAME DIRECTION SIDESWIPE,Clear,DRY,Medium,N/A,NONE DETECTED,Yes,No Apparent Injury,N/A,UNKNOWN,MD,PASSENGER CAR,MOVING CONSTANT SPEED,30,No,2001,LEXUS,SUV,39.05837114,-77.12629156,2022,10,19
220046282,Injury Crash,10/25/2022 07:30:00 PM,SKYLARK RD,NA,SAME DIR REAR END,Clear,DRY,Medium,TRAFFIC SIGNAL,NONE DETECTED,No,No Apparent Injury,N/A,NOT DISTRACTED,MD,PASSENGER CAR,STOPPED IN TRAFFIC LANE,40,No,2002,VOLVO,4S,39.23343,-77.2376,2022,10,19
220046282,Injury Crash,10/25/2022 07:30:00 PM,SKYLARK RD,NA,SAME DIR REAR END,Clear,DRY,Medium,TRAFFIC SIGNAL,ALCOHOL PRESENT,Yes,Possible Minor Injury,N/A,UNKNOWN,OK,PASSENGER CAR,SLOWING OR STOPPING,40,No,2016,TOYOTA,4S,39.23343,-77.2376,2022,10,19
220046282,Injury Crash,10/25/2022 07:30:00 PM,SKYLARK RD,NA,SAME DIR REAR END,Clear,DRY,Medium,TRAFFIC SIGNAL,NONE DETECTED,No,No Apparent Injury,N/A,NOT DISTRACTED,PA,PASSENGER CAR,STOPPED IN TRAFFIC LANE,40,No,2017,HYUNDAI,4S,39.23343,-77.2376,2022,10,19
220046909,Property Damage Crash,10/25/2022 07:21:00 PM,CARROLL AVE,NA,SAME DIR REAR END,Rain,WET,Medium,TRAFFIC SIGNAL,NONE DETECTED,Yes,No Apparent Injury,"RAIN, SNOW, WET",LOOKED BUT DID NOT SEE,MD,PASSENGER CAR,SLOWING OR STOPPING,35,No,2003,FORD,RANGER,38.99463869,-76.99245271,2022,10,19
220046909,Property Damage Crash,10/25/2022 07:21:00 PM,CARROLL AVE,NA,SAME DIR REAR END,Rain,WET,Medium,TRAFFIC SIGNAL,NONE DETECTED,No,No Apparent Injury,"RAIN, SNOW, WET",NOT DISTRACTED,MD,PASSENGER CAR,MAKING LEFT TURN,35,No,2015,JEEP,CHEROKEE,38.99463869,-76.99245271,2022,10,19
220046914,Property Damage Crash,10/25/2022 06:05:00 PM,W DIAMOND AVE,NA,SAME DIR REAR END,Clear,DRY,Daylight,NO CONTROLS,NONE DETECTED,Yes,No Apparent Injury,N/A,UNKNOWN,NA,NA,MOVING CONSTANT SPEED,35,No,0,UNKNOWN,UNKNOWN,39.14052168,-77.21032904,2022,10,18
220046914,Property Damage Crash,10/25/2022 06:05:00 PM,W DIAMOND AVE,NA,SAME DIR REAR END,Clear,DRY,Daylight,NO CONTROLS,NONE DETECTED,No,No Apparent Injury,N/A,NOT DISTRACTED,MD,PASSENGER CAR,STOPPED IN TRAFFIC LANE,35,No,2015,FORD,4D,39.14052168,-77.21032904,2022,10,18
220046874,Injury Crash,10/25/2022 05:00:00 PM,RUGBY AVE,NA,SAME DIR REAR END,Clear,DRY,Daylight,NO CONTROLS,NONE DETECTED,No,Possible Minor Injury,N/A,NOT DISTRACTED,MD,POLICE VEHICLE/NON EMERGENCY,PARKED,25,No,2019,DODGE,CHARGER,38.99611333,-77.040295,2022,10,17
220046872,Property Damage Crash,10/25/2022 04:53:00 PM,BEL PRE ROAD,NA,ANGLE MEETS LEFT TURN,Clear,DRY,Daylight,NO CONTROLS,NONE DETECTED,Yes,No Apparent Injury,N/A,LOOKED BUT DID NOT SEE,MD,PASSENGER CAR,MOVING CONSTANT SPEED,40,No,2020,TOYOTA,RAV4,39.09130333,-77.06596833,2022,10,16
220046872,Property Damage Crash,10/25/2022 04:53:00 PM,BEL PRE ROAD,NA,ANGLE MEETS LEFT TURN,Clear,DRY,Daylight,NO CONTROLS,NONE DETECTED,No,No Apparent Injury,N/A,NOT DISTRACTED,MD,PICKUP TRUCK,MOVING CONSTANT SPEED,40,No,2011,TOYOTA,TRUNDRA,39.09130333,-77.06596833,2022,10,16
220046868,Property Damage Crash,10/25/2022 04:45:00 PM,KOHLHOSS RD,BICYCLIST,OTHER,Cloudy,DRY,Daylight,NO CONTROLS,NONE DETECTED,No,No Apparent Injury,N/A,NOT DISTRACTED,MD,PASSENGER CAR,MOVING CONSTANT SPEED,15,No,2012,HONDA,CIVIC,39.14392473,-77.40558168,2022,10,16
220046862,Property Damage Crash,10/25/2022 04:28:00 PM,E RANDOLPH RD,NA,STRAIGHT MOVEMENT ANGLE,Cloudy,DRY,Daylight,STOP SIGN,NONE DETECTED,Yes,No Apparent Injury,N/A,LOOKED BUT DID NOT SEE,MD,VAN,MAKING LEFT TURN,40,No,2011,FORD,E350,39.07357333,-76.990055,2022,10,16
220046862,Property Damage Crash,10/25/2022 04:28:00 PM,E RANDOLPH RD,NA,STRAIGHT MOVEMENT ANGLE,Cloudy,DRY,Daylight,STOP SIGN,NONE DETECTED,No,No Apparent Injury,N/A,NOT DISTRACTED,MD,PASSENGER CAR,MOVING CONSTANT SPEED,40,No,2016,SUBA,SD,39.07357333,-76.990055,2022,10,16
220046851,Property Damage Crash,10/25/2022 03:19:00 PM,RIDGE RD,NA,OPPOSITE DIR BOTH LEFT TURN,Clear,DRY,Daylight,TRAFFIC SIGNAL,NONE DETECTED,No,No Apparent Injury,N/A,NOT DISTRACTED,MD,"CARGO VAN/LIGHT TRUCK 2 AXLES (OVER 10,000LBS (4,536 KG))",STOPPED IN TRAFFIC LANE,40,No,2012,NISSAN,TK,39.262359,-77.22116317,2022,10,15
220046851,Property Damage Crash,10/25/2022 03:19:00 PM,RIDGE RD,NA,OPPOSITE DIR BOTH LEFT TURN,Clear,DRY,Daylight,TRAFFIC SIGNAL,NONE DETECTED,Yes,No Apparent Injury,N/A,INATTENTIVE OR LOST IN THOUGHT,MD,"CARGO VAN/LIGHT TRUCK 2 AXLES (OVER 10,000LBS (4,536 KG))",MOVING CONSTANT SPEED,40,No,2017,FORD,VAN,39.262359,-77.22116317,2022,10,15
220046849,Property Damage Crash,10/25/2022 03:15:00 PM,LAYHILL RD,NA,SAME DIR REAR END,Cloudy,DRY,Daylight,NO CONTROLS,NONE DETECTED,No,No Apparent Injury,N/A,NOT DISTRACTED,MD,SCHOOL BUS,STOPPED IN TRAFFIC LANE,40,No,2014,THOMAS,SCHOOL BUS,39.08965167,-77.04464167,2022,10,15
220046849,Property Damage Crash,10/25/2022 03:15:00 PM,LAYHILL RD,NA,SAME DIR REAR END,Cloudy,DRY,Daylight,NO CONTROLS,NONE DETECTED,Yes,No Apparent Injury,N/A,OTHER DISTRACTION,MD,(SPORT) UTILITY VEHICLE,STARTING FROM LANE,40,No,2019,LEXUS,NX300,39.08965167,-77.04464167,2022,10,15
220046898,Property Damage Crash,10/25/2022 03:00:00 PM,NA,NA,OTHER,Cloudy,NA,Daylight,NO CONTROLS,NONE DETECTED,Yes,No Apparent Injury,N/A,INATTENTIVE OR LOST IN THOUGHT,MD,PASSENGER CAR,PARKING,0,No,2018,TOYOTA,HIGHLANDER,39.02440205,-77.12390719,2022,10,15
220046843,Property Damage Crash,10/25/2022 02:27:00 PM,NEWPORT MILL RD,NA,SAME DIRECTION SIDESWIPE,Cloudy,DRY,Daylight,NO CONTROLS,NONE DETECTED,Yes,No Apparent Injury,N/A,NOT DISTRACTED,MD,SCHOOL BUS,MOVING CONSTANT SPEED,30,No,2013,THOMAS,SCHOOL BUS,39.0397526,-77.07011403,2022,10,14
220046843,Property Damage Crash,10/25/2022 02:27:00 PM,NEWPORT MILL RD,NA,SAME DIRECTION SIDESWIPE,Cloudy,DRY,Daylight,NO CONTROLS,NONE DETECTED,No,No Apparent Injury,N/A,NOT DISTRACTED,MD,PASSENGER CAR,PARKED,30,No,2005,TOYOTA,CAMRY,39.0397526,-77.07011403,2022,10,14