Local Case Number,ACRS Report Type,Crash Date/Time,Road Name,Related Non-Motorist,Collision Type,Weather,Surface Condition,Light,Traffic Control,Driver Substance Abuse,Driver At Fault,Injury Severity,Circumstance,Driver Distracted By,Drivers License State,Vehicle Body Type,Vehicle Movement,Speed Limit,Driverless Vehicle,Vehicle Year,Vehicle Make,Vehicle Model,Latitude,Longitude,Year,Month,Hour
220046837,Property Damage Crash,10/25/2022 02:07:00 PM,GEORGIA AVE,NA,OTHER,Cloudy,DRY,Daylight,NO CONTROLS,NONE DETECTED,Yes,No Apparent Injury,N/A,LOOKED BUT DID NOT SEE,MD,VAN,MOVING CONSTANT SPEED,25,No,1999,CHEVROLET,W4500,39.03770667,-77.05064,2022,10,14
220046863,Property Damage Crash,10/25/2022 01:48:00 PM,COLESVILLE RD,NA,SAME DIRECTION SIDESWIPE,Cloudy,DRY,Daylight,NO CONTROLS,NONE DETECTED,Yes,No Apparent Injury,N/A,NOT DISTRACTED,MD,PASSENGER CAR,MOVING CONSTANT SPEED,35,No,2018,RAM,1500,38.99884667,-77.0261308,2022,10,13
220046863,Property Damage Crash,10/25/2022 01:48:00 PM,COLESVILLE RD,NA,SAME DIRECTION SIDESWIPE,Cloudy,DRY,Daylight,NO CONTROLS,NONE DETECTED,Yes,No Apparent Injury,N/A,UNKNOWN,MD,PASSENGER CAR,CHANGING LANES,35,No,2014,TOYOTA,SEQUOIA,38.99884667,-77.0261308,2022,10,13
220046829,Property Damage Crash,10/25/2022 12:00:00 PM,NA,NA,OTHER,Clear,NA,Daylight,NO CONTROLS,NONE DETECTED,Yes,No Apparent Injury,N/A,NOT DISTRACTED,MD,PASSENGER CAR,BACKING,15,No,2018,TOYOTA,CAMRY,38.96765262,-77.10793638,2022,10,12
220046848,Property Damage Crash,10/25/2022 12:00:00 PM,NA,NA,OTHER,Clear,NA,Daylight,N/A,NONE DETECTED,Yes,No Apparent Injury,N/A,LOOKED BUT DID NOT SEE,MD,(SPORT) UTILITY VEHICLE,PARKING,5,No,2017,ACURA,MDX,39.09699023,-77.1932776,2022,10,12
220046781,Property Damage Crash,10/25/2022 09:43:00 AM,OLD GEORGETOWN RD,NA,SAME DIRECTION SIDESWIPE,Clear,DRY,Daylight,NO CONTROLS,NONE DETECTED,No,No Apparent Injury,N/A,NOT DISTRACTED,MD,TRANSIT BUS,MOVING CONSTANT SPEED,30,No,2020,GILG,BUS,39.04264966,-77.12139903,2022,10,9
220046781,Property Damage Crash,10/25/2022 09:43:00 AM,OLD GEORGETOWN RD,NA,SAME DIRECTION SIDESWIPE,Clear,DRY,Daylight,NO CONTROLS,NONE DETECTED,Yes,No Apparent Injury,N/A,LOOKED BUT DID NOT SEE,MD,TRANSIT BUS,CHANGING LANES,35,No,2010,T,BUS,39.04264966,-77.12139903,2022,10,9
220046789,Property Damage Crash,10/25/2022 09:40:00 AM,LAYHILL RD,NA,SINGLE VEHICLE,Cloudy,WET,Daylight,NO CONTROLS,NONE DETECTED,Yes,No Apparent Injury,"N/A, WET",NOT DISTRACTED,MD,PASSENGER CAR,MOVING CONSTANT SPEED,40,No,2001,HONDA,CIVIC,39.10612186,-77.03807689,2022,10,9
220046775,Injury Crash,10/25/2022 09:00:00 AM,EISENHOWER MEMORIAL HWY,NA,OTHER,Cloudy,DRY,Daylight,N/A,NONE DETECTED,No,No Apparent Injury,N/A,NOT DISTRACTED,MD,"MEDIUM/HEAVY TRUCKS 3 AXLES (OVER 10,000LBS (4,536KG))",MOVING CONSTANT SPEED,55,No,1999,INTL,DT,39.03850467,-77.1459005,2022,10,9
220046775,Injury Crash,10/25/2022 09:00:00 AM,EISENHOWER MEMORIAL HWY,NA,OTHER,Cloudy,DRY,Daylight,N/A,NONE DETECTED,Yes,No Apparent Injury,N/A,LOOKED BUT DID NOT SEE,MD,"OTHER LIGHT TRUCKS (10,000LBS (4,536KG) OR LESS)",CHANGING LANES,55,No,2005,FORD,ST,39.03850467,-77.1459005,2022,10,9
220046775,Injury Crash,10/25/2022 09:00:00 AM,EISENHOWER MEMORIAL HWY,NA,OTHER,Cloudy,DRY,Daylight,N/A,NONE DETECTED,No,Possible Minor Injury,N/A,NOT DISTRACTED,MD,VAN,MOVING CONSTANT SPEED,55,No,2011,FORD,TRANSIT,39.03850467,-77.1459005,2022,10,9
220046769,Injury Crash,10/25/2022 08:45:00 AM,LAYHILL RD,NA,SINGLE VEHICLE,Cloudy,WET,Daylight,NO CONTROLS,NONE DETECTED,Yes,No Apparent Injury,"N/A, WET",NOT DISTRACTED,MD,PASSENGER CAR,MAKING LEFT TURN,40,No,2008,HONDA,CIVIC,39.07485659,-77.04581446,2022,10,8
220046767,Property Damage Crash,10/25/2022 08:25:00 AM,AIRPARK RD,NA,HEAD ON,Cloudy,WET,Daylight,NO CONTROLS,NONE DETECTED,Yes,No Apparent Injury,N/A,LOOKED BUT DID NOT SEE,MD,(SPORT) UTILITY VEHICLE,MOVING CONSTANT SPEED,50,No,2008,TOYOTA,HIGHLANDER,39.15388667,-77.14171,2022,10,8
220046767,Property Damage Crash,10/25/2022 08:25:00 AM,AIRPARK RD,NA,HEAD ON,Cloudy,WET,Daylight,NO CONTROLS,NONE DETECTED,No,No Apparent Injury,N/A,NOT DISTRACTED,MD,VAN,MOVING CONSTANT SPEED,50,No,2016,NISSAN,NV1500,39.15388667,-77.14171,2022,10,8
22001877,Property Damage Crash,10/25/2022 08:20:00 AM,GEORGIA AVE,NA,SAME DIRECTION SIDESWIPE,Cloudy,DRY,Daylight,N/A,NONE DETECTED,No,No Apparent Injury,N/A,NOT DISTRACTED,MD,"OTHER LIGHT TRUCKS (10,000LBS (4,536KG) OR LESS)",MOVING CONSTANT SPEED,35,No,2012,FORD,TK,39.05718853,-77.05013313,2022,10,8
22001877,Property Damage Crash,10/25/2022 08:20:00 AM,GEORGIA AVE,NA,SAME DIRECTION SIDESWIPE,Cloudy,DRY,Daylight,N/A,NONE DETECTED,Yes,No Apparent Injury,N/A,LOOKED BUT DID NOT SEE,MD,PASSENGER CAR,MOVING CONSTANT SPEED,35,No,2012,HONDA,ACCORD,39.05718853,-77.05013313,2022,10,8
220046830,Property Damage Crash,10/25/2022 08:02:00 AM,KING FARM BLVD,NA,STRAIGHT MOVEMENT ANGLE,Cloudy,WET,Daylight,NO CONTROLS,NONE DETECTED,No,No Apparent Injury,"N/A, WET",NOT DISTRACTED,MD,PASSENGER CAR,MOVING CONSTANT SPEED,25,No,2019,HYUN,TK,39.11288694,-77.1737255,2022,10,8
220046830,Property Damage Crash,10/25/2022 08:02:00 AM,KING FARM BLVD,NA,STRAIGHT MOVEMENT ANGLE,Cloudy,WET,Daylight,NO CONTROLS,NONE DETECTED,Yes,No Apparent Injury,"N/A, WET",NOT DISTRACTED,MD,PASSENGER CAR,MOVING CONSTANT SPEED,25,No,2014,TOYT,MV,39.11288694,-77.1737255,2022,10,8
220046760,Property Damage Crash,10/25/2022 07:45:00 AM,CLARKSBURG RD,NA,SAME DIR REAR END,Clear,WET,Daylight,NO CONTROLS,NONE DETECTED,No,No Apparent Injury,"N/A, WET",NOT DISTRACTED,MD,PASSENGER CAR,SLOWING OR STOPPING,40,No,2013,HOND,4S,39.18378,-77.26294167,2022,10,7
220046760,Property Damage Crash,10/25/2022 07:45:00 AM,CLARKSBURG RD,NA,SAME DIR REAR END,Clear,WET,Daylight,NO CONTROLS,NONE DETECTED,No,No Apparent Injury,"N/A, WET",NOT DISTRACTED,MD,PASSENGER CAR,SLOWING OR STOPPING,40,No,2018,VOLK,BEETLE,39.18378,-77.26294167,2022,10,7
220046760,Property Damage Crash,10/25/2022 07:45:00 AM,CLARKSBURG RD,NA,SAME DIR REAR END,Clear,WET,Daylight,NO CONTROLS,NONE DETECTED,Yes,No Apparent Injury,"N/A, WET",NOT DISTRACTED,MD,PASSENGER CAR,MOVING CONSTANT SPEED,40,No,2018,HYUN,ELANTRA,39.18378,-77.26294167,2022,10,7
220046755,Property Damage Crash,10/25/2022 06:15:00 AM,VEIRS MILL RD,NA,SAME DIR REAR END,Cloudy,WET,Medium,TRAFFIC SIGNAL,NONE DETECTED,Yes,No Apparent Injury,"N/A, WET",INATTENTIVE OR LOST IN THOUGHT,MD,PASSENGER CAR,MOVING CONSTANT SPEED,35,No,1996,YOYOTA,SD,39.04857,-77.06917,2022,10,6
220046755,Property Damage Crash,10/25/2022 06:15:00 AM,VEIRS MILL RD,NA,SAME DIR REAR END,Cloudy,WET,Medium,TRAFFIC SIGNAL,NONE DETECTED,No,No Apparent Injury,"N/A, WET",NOT DISTRACTED,MD,PICKUP TRUCK,SLOWING OR STOPPING,35,No,2014,FORD,F150,39.04857,-77.06917,2022,10,6
220046744,Property Damage Crash,10/25/2022 12:30:00 AM,QUINCE ORCHARD BLVD,NA,SAME DIR REAR END,Cloudy,WET,Medium,NO CONTROLS,NONE DETECTED,Yes,No Apparent Injury,N/A,NOT DISTRACTED,MD,PASSENGER CAR,STARTING FROM PARKED,25,No,2017,TOYOTA,HIGHLANDER,39.14179835,-77.22726046,2022,10,0
220046725,Property Damage Crash,10/24/2022 09:10:00 PM,RIDGE RD,NA,SAME DIR REAR END,Clear,DRY,Medium,TRAFFIC SIGNAL,NONE DETECTED,Yes,No Apparent Injury,N/A,UNKNOWN,MD,PASSENGER CAR,STARTING FROM LANE,40,No,2019,HONDA,CIVIC,39.20187333,-77.25288333,2022,10,21
220046725,Property Damage Crash,10/24/2022 09:10:00 PM,RIDGE RD,NA,SAME DIR REAR END,Clear,DRY,Medium,TRAFFIC SIGNAL,NONE DETECTED,No,No Apparent Injury,N/A,NOT DISTRACTED,MD,PICKUP TRUCK,STOPPED IN TRAFFIC LANE,40,No,2020,FORD,F150,39.20187333,-77.25288333,2022,10,21
22004722,Property Damage Crash,10/24/2022 09:07:00 PM,RIDGE RD,NA,SAME DIR REAR END,Rain,WET,Medium,NO CONTROLS,NONE DETECTED,Yes,No Apparent Injury,N/A,LOOKED BUT DID NOT SEE,MD,PASSENGER CAR,SLOWING OR STOPPING,30,No,2005,ACURA,4S,39.27919941,-77.21216871,2022,10,21
22004722,Property Damage Crash,10/24/2022 09:07:00 PM,RIDGE RD,NA,SAME DIR REAR END,Rain,WET,Medium,NO CONTROLS,NONE DETECTED,No,No Apparent Injury,N/A,NOT DISTRACTED,MD,PASSENGER CAR,STOPPED IN TRAFFIC LANE,30,No,2022,LEXUS,SPORT,39.27919941,-77.21216871,2022,10,21
220046711,Property Damage Crash,10/24/2022 08:03:00 PM,MONTGOMERY VILLAGE AVE,NA,SAME DIR REAR END,Clear,DRY,Medium,TRAFFIC SIGNAL,NONE DETECTED,Yes,No Apparent Injury,N/A,NOT DISTRACTED,MD,PASSENGER CAR,CHANGING LANES,35,No,2011,TOYOTA,CAMRY,39.15422333,-77.20951667,2022,10,20
220046711,Property Damage Crash,10/24/2022 08:03:00 PM,MONTGOMERY VILLAGE AVE,NA,SAME DIR REAR END,Clear,DRY,Medium,TRAFFIC SIGNAL,NONE DETECTED,Yes,No Apparent Injury,N/A,NOT DISTRACTED,XX,PASSENGER CAR,SLOWING OR STOPPING,35,No,2017,MITS,OUTLANDER,39.15422333,-77.20951667,2022,10,20
220046719,Property Damage Crash,10/24/2022 08:00:00 PM,WILLOW LA,NA,STRAIGHT MOVEMENT ANGLE,Clear,DRY,Medium,STOP SIGN,NONE DETECTED,Unknown,No Apparent Injury,N/A,NOT DISTRACTED,MD,PASSENGER CAR,ACCELERATING,25,No,2014,BMW,X3,38.98153632,-77.09098313,2022,10,20
220046719,Property Damage Crash,10/24/2022 08:00:00 PM,WILLOW LA,NA,STRAIGHT MOVEMENT ANGLE,Clear,DRY,Medium,STOP SIGN,NONE DETECTED,Unknown,No Apparent Injury,N/A,LOOKED BUT DID NOT SEE,MD,PASSENGER CAR,ACCELERATING,25,No,2010,CADI,CTS,38.98153632,-77.09098313,2022,10,20
220046705,Property Damage Crash,10/24/2022 07:23:00 PM,COLUMBIA PIKE,NA,SAME DIR REAR END,Clear,DRY,Medium,TRAFFIC SIGNAL,NONE DETECTED,Yes,No Apparent Injury,N/A,UNKNOWN,MD,PASSENGER CAR,SLOWING OR STOPPING,50,No,2018,BMW,530I,39.0735922,-76.95571215,2022,10,19
220046705,Property Damage Crash,10/24/2022 07:23:00 PM,COLUMBIA PIKE,NA,SAME DIR REAR END,Clear,DRY,Medium,TRAFFIC SIGNAL,NONE DETECTED,No,No Apparent Injury,N/A,NOT DISTRACTED,GA,PASSENGER CAR,STOPPED IN TRAFFIC LANE,50,No,2010,BUICK,LACROSSE,39.0735922,-76.95571215,2022,10,19
22001874,Property Damage Crash,10/24/2022 07:20:00 PM,NA,NA,SAME DIRECTION SIDESWIPE,Clear,NA,Dark,NO CONTROLS,NONE DETECTED,Yes,No Apparent Injury,N/A,NOT DISTRACTED,MD,POLICE VEHICLE/EMERGENCY,ACCELERATING,5,No,2015,DODG,CHARGER,39.17699794,-77.30109823,2022,10,19
22001874,Property Damage Crash,10/24/2022 07:20:00 PM,NA,NA,SAME DIRECTION SIDESWIPE,Clear,NA,Dark,NO CONTROLS,NONE DETECTED,No,No Apparent Injury,N/A,NOT DISTRACTED,MD,"CARGO VAN/LIGHT TRUCK 2 AXLES (OVER 10,000LBS (4,536 KG))",PARKED,5,No,2021,FORD,TOW TRUCK,39.17699794,-77.30109823,2022,10,19
220046692,Property Damage Crash,10/24/2022 06:10:00 PM,DENNIS AVE,NA,HEAD ON LEFT TURN,Clear,DRY,Daylight,TRAFFIC SIGNAL,NONE DETECTED,Yes,No Apparent Injury,N/A,NOT DISTRACTED,MD,PASSENGER CAR,MAKING LEFT TURN,30,No,2009,CHEVROLET,COBALT,39.02641167,-77.01982667,2022,10,18
220046692,Property Damage Crash,10/24/2022 06:10:00 PM,DENNIS AVE,NA,HEAD ON LEFT TURN,Clear,DRY,Daylight,TRAFFIC SIGNAL,NONE DETECTED,No,No Apparent Injury,N/A,NOT DISTRACTED,MD,PASSENGER CAR,MOVING CONSTANT SPEED,30,No,2000,HONDA,ACCORD,39.02641167,-77.01982667,2022,10,18
220046689,Injury Crash,10/24/2022 05:51:00 PM,MATENY RD,NA,HEAD ON LEFT TURN,Clear,DRY,Medium,NO CONTROLS,NONE DETECTED,Yes,No Apparent Injury,N/A,NOT DISTRACTED,DC,PASSENGER CAR,MAKING LEFT TURN,30,No,2021,NISSAN,KICKS,39.161565,-77.26905,2022,10,17
220046689,Injury Crash,10/24/2022 05:51:00 PM,MATENY RD,NA,HEAD ON LEFT TURN,Clear,DRY,Medium,NO CONTROLS,NONE DETECTED,No,Possible Minor Injury,N/A,NOT DISTRACTED,MD,PASSENGER CAR,MOVING CONSTANT SPEED,30,No,2019,NISSAN,VERSA,39.161565,-77.26905,2022,10,17
220046687,Property Damage Crash,10/24/2022 05:30:00 PM,NA,NA,OTHER,Clear,NA,Daylight,NO CONTROLS,NONE DETECTED,Yes,No Apparent Injury,N/A,UNKNOWN,NA,PASSENGER CAR,PARKING,5,No,2004,LEXUS,4S,39.11532332,-77.20714178,2022,10,17
220046686,Property Damage Crash,10/24/2022 05:20:00 PM,KEY WEST AVE,NA,SAME DIRECTION SIDESWIPE,Clear,DRY,Daylight,TRAFFIC SIGNAL,NONE DETECTED,Yes,No Apparent Injury,N/A,LOOKED BUT DID NOT SEE,MD,(SPORT) UTILITY VEHICLE,ACCELERATING,40,No,2015,JEEP,GRAND CHEROKEE,39.10516,-77.19589333,2022,10,17
220046686,Property Damage Crash,10/24/2022 05:20:00 PM,KEY WEST AVE,NA,SAME DIRECTION SIDESWIPE,Clear,DRY,Daylight,TRAFFIC SIGNAL,NONE DETECTED,Yes,No Apparent Injury,N/A,INATTENTIVE OR LOST IN THOUGHT,MD,STATION WAGON,ACCELERATING,40,No,2021,TOYOTA,WG,39.10516,-77.19589333,2022,10,17
220046680,Property Damage Crash,10/24/2022 04:53:00 PM,RANDOLPH RD,NA,SAME DIR REAR END,Clear,DRY,Daylight,NO CONTROLS,NONE DETECTED,No,No Apparent Injury,N/A,NOT DISTRACTED,MD,PASSENGER CAR,STOPPED IN TRAFFIC LANE,40,No,2003,TOYOTA,COROLLA,39.05350805,-77.10491876,2022,10,16
220046680,Property Damage Crash,10/24/2022 04:53:00 PM,RANDOLPH RD,NA,SAME DIR REAR END,Clear,DRY,Daylight,NO CONTROLS,NONE DETECTED,Yes,No Apparent Injury,N/A,NOT DISTRACTED,MD,PASSENGER CAR,MOVING CONSTANT SPEED,40,No,2011,FORD,MUSTANG,39.05350805,-77.10491876,2022,10,16
220046680,Property Damage Crash,10/24/2022 04:53:00 PM,RANDOLPH RD,NA,SAME DIR REAR END,Clear,DRY,Daylight,NO CONTROLS,NONE DETECTED,No,No Apparent Injury,N/A,NOT DISTRACTED,MD,PASSENGER CAR,MOVING CONSTANT SPEED,40,No,2013,KIA,OPTIMA,39.05350805,-77.10491876,2022,10,16
220046657,Injury Crash,10/24/2022 04:04:00 PM,ROBEY RD,PEDESTRIAN,OTHER,Clear,DRY,Daylight,NO CONTROLS,NONE DETECTED,No,No Apparent Injury,N/A,LOOKED BUT DID NOT SEE,MD,PASSENGER CAR,MOVING CONSTANT SPEED,30,No,2018,NISSAN,ALTIMA,39.08166168,-76.94116653,2022,10,16
220046660,Property Damage Crash,10/24/2022 03:25:00 PM,PARKLAWN DR,NA,OTHER,Clear,DRY,Daylight,TRAFFIC SIGNAL,NONE DETECTED,Yes,No Apparent Injury,N/A,NOT DISTRACTED,MD,(SPORT) UTILITY VEHICLE,STARTING FROM LANE,30,No,2019,MAZD,CX5,39.04917667,-77.102415,2022,10,15
220046660,Property Damage Crash,10/24/2022 03:25:00 PM,PARKLAWN DR,NA,OTHER,Clear,DRY,Daylight,TRAFFIC SIGNAL,NONE DETECTED,No,No Apparent Injury,N/A,NOT DISTRACTED,MD,TRANSIT BUS,STOPPED IN TRAFFIC LANE,30,No,2014,NABI,42B,39.04917667,-77.102415,2022,10,15
220046651,Property Damage Crash,10/24/2022 03:20:00 PM,NA,NA,OTHER,Cloudy,NA,Daylight,NO CONTROLS,NONE DETECTED,Yes,No Apparent Injury,N/A,LOOKED BUT DID NOT SEE,MD,(SPORT) UTILITY VEHICLE,BACKING,15,No,2014,HONDA,CRV,39.06291908,-77.04564873,2022,10,15
220046651,Property Damage Crash,10/24/2022 03:20:00 PM,NA,NA,OTHER,Cloudy,NA,Daylight,NO CONTROLS,NONE DETECTED,No,No Apparent Injury,N/A,NOT DISTRACTED,MD,VAN,PARKED,15,No,2021,MERCEDES,MATRIS,39.06291908,-77.04564873,2022,10,15
220046656,Property Damage Crash,10/24/2022 02:53:00 PM,PINEY BRANCH RD,NA,OTHER,Clear,DRY,Daylight,NO CONTROLS,NONE DETECTED,Yes,No Apparent Injury,N/A,NOT DISTRACTED,MD,PASSENGER CAR,MAKING LEFT TURN,35,No,2018,ACURA,ILX,39.00129905,-76.98603666,2022,10,14
220046656,Property Damage Crash,10/24/2022 02:53:00 PM,PINEY BRANCH RD,NA,OTHER,Clear,DRY,Daylight,NO CONTROLS,NONE DETECTED,No,No Apparent Injury,N/A,NOT DISTRACTED,MD,PASSENGER CAR,MOVING CONSTANT SPEED,35,No,2014,CHEVY,EQUINOX,39.00129905,-76.98603666,2022,10,14
220046626,Property Damage Crash,10/24/2022 12:43:00 PM,NA,NA,SINGLE VEHICLE,Cloudy,NA,Daylight,NO CONTROLS,NONE DETECTED,Yes,No Apparent Injury,N/A,INATTENTIVE OR LOST IN THOUGHT,MD,PASSENGER CAR,PARKING,15,No,2022,SUBA,WG,39.04161583,-77.11771333,2022,10,12
220046616,Injury Crash,10/24/2022 12:15:00 PM,ASHTON RD,NA,SINGLE VEHICLE,Snow,WET,Daylight,NO CONTROLS,NONE DETECTED,Yes,Possible Minor Injury,"SLEET, HAIL, FREEZ. RAIN, WET",LOOKED BUT DID NOT SEE,MD,PASSENGER CAR,SLOWING OR STOPPING,35,No,2004,HONDA,ACCORD,39.16082,-76.97501333,2022,10,12
220046592,Fatal Crash,10/24/2022 09:13:00 AM,RANDOLPH RD,NA,HEAD ON,Cloudy,WET,Daylight,N/A,NONE DETECTED,No,Fatal Injury,N/A,UNKNOWN,MD,(SPORT) UTILITY VEHICLE,MOVING CONSTANT SPEED,45,No,2006,HONDA,CRV,39.06880561,-77.01501298,2022,10,9
220046592,Fatal Crash,10/24/2022 09:13:00 AM,RANDOLPH RD,NA,HEAD ON,Cloudy,WET,Daylight,N/A,NONE DETECTED,Yes,Suspected Serious Injury,N/A,UNKNOWN,MD,PICKUP TRUCK,MOVING CONSTANT SPEED,45,No,2007,CHEVROLET,SILVERADO,39.06880561,-77.01501298,2022,10,9
220046596,Property Damage Crash,10/24/2022 09:00:00 AM,ROCKVILLE PIKE,NA,SAME DIR REAR END,Cloudy,DRY,Daylight,TRAFFIC SIGNAL,NONE DETECTED,No,No Apparent Injury,N/A,NOT DISTRACTED,MD,PASSENGER CAR,SLOWING OR STOPPING,40,No,2017,HYUNDAI,ELANTRA,39.0588495,-77.15067317,2022,10,9
220046596,Property Damage Crash,10/24/2022 09:00:00 AM,ROCKVILLE PIKE,NA,SAME DIR REAR END,Cloudy,DRY,Daylight,TRAFFIC SIGNAL,NONE DETECTED,Yes,No Apparent Injury,N/A,NOT DISTRACTED,NA,PASSENGER CAR,SLOWING OR STOPPING,40,No,2012,VOLKS,4D,39.0588495,-77.15067317,2022,10,9
220046582,Property Damage Crash,10/24/2022 08:14:00 AM,EISENHOWER MEMORIAL HWY,NA,SINGLE VEHICLE,Cloudy,WET,Daylight,NO CONTROLS,NONE DETECTED,No,No Apparent Injury,"N/A, WET",NOT DISTRACTED,MD,PASSENGER CAR,MOVING CONSTANT SPEED,55,No,2015,HOND,2S,39.12007239,-77.19540046,2022,10,8
220046577,Property Damage Crash,10/24/2022 08:10:00 AM,OLD GEORGETOWN RD,NA,OTHER,Cloudy,WET,Daylight,TRAFFIC SIGNAL,NONE DETECTED,No,No Apparent Injury,"N/A, WET",NOT DISTRACTED,MD,PASSENGER CAR,STOPPED IN TRAFFIC LANE,35,No,2012,TOYOTA,HIGHLANDER,39.0219495,-77.12330333,2022,10,8
220046577,Property Damage Crash,10/24/2022 08:10:00 AM,OLD GEORGETOWN RD,NA,OTHER,Cloudy,WET,Daylight,TRAFFIC SIGNAL,NONE DETECTED,Yes,No Apparent Injury,"N/A, WET",NOT DISTRACTED,MD,PASSENGER CAR,MOVING CONSTANT SPEED,35,No,2019,JEEP,CHEROKEE,39.0219495,-77.12330333,2022,10,8
220046577,Property Damage Crash,10/24/2022 08:10:00 AM,OLD GEORGETOWN RD,NA,OTHER,Cloudy,WET,Daylight,TRAFFIC SIGNAL,NONE DETECTED,No,No Apparent Injury,"N/A, WET",NOT DISTRACTED,VA,PASSENGER CAR,SLOWING OR STOPPING,35,No,2018,MINI COOPER,COOPER,39.0219495,-77.12330333,2022,10,8
220046580,Injury Crash,10/24/2022 07:56:00 AM,OLNEY MILL RD,NA,SINGLE VEHICLE,Snow,WET,Daylight,NO CONTROLS,DRUG PRESENT,Yes,Possible Minor Injury,"SLEET, HAIL, FREEZ. RAIN, WET",NOT DISTRACTED,MD,PASSENGER CAR,MOVING CONSTANT SPEED,30,No,2016,HONDA,FIT,39.16467167,-77.09376167,2022,10,7
220046585,Fatal Crash,10/24/2022 07:17:00 AM,E RANDOLPH RD,NA,HEAD ON LEFT TURN,Rain,WET,Medium,NO CONTROLS,NONE DETECTED,No,Suspected Serious Injury,"RAIN, SNOW, WET",NOT DISTRACTED,MD,(SPORT) UTILITY VEHICLE,MOVING CONSTANT SPEED,40,No,2015,TOYOTA,HIGHLANDER,39.0654481,-76.97709512,2022,10,7
220046585,Fatal Crash,10/24/2022 07:17:00 AM,E RANDOLPH RD,NA,HEAD ON LEFT TURN,Rain,WET,Medium,NO CONTROLS,NONE DETECTED,Yes,Fatal Injury,"RAIN, SNOW, WET",UNKNOWN,MD,PASSENGER CAR,MOVING CONSTANT SPEED,40,No,2009,MAZDA,5,39.0654481,-76.97709512,2022,10,7
220046571,Injury Crash,10/24/2022 06:05:00 AM,LAYTONSVILLE RD,NA,SAME DIR REAR END,Rain,WET,Medium,NO CONTROLS,NONE DETECTED,No,No Apparent Injury,"RAIN, SNOW, WET",NOT DISTRACTED,MD,PASSENGER CAR,STOPPED IN TRAFFIC LANE,45,No,2002,CHEVROLET,TRACKER,39.246435,-77.14373167,2022,10,6
220046571,Injury Crash,10/24/2022 06:05:00 AM,LAYTONSVILLE RD,NA,SAME DIR REAR END,Rain,WET,Medium,NO CONTROLS,NONE DETECTED,Yes,No Apparent Injury,"RAIN, SNOW, WET",NOT DISTRACTED,MD,PASSENGER CAR,SLOWING OR STOPPING,45,No,2006,NISSAN,ALTIMA,39.246435,-77.14373167,2022,10,6
220046571,Injury Crash,10/24/2022 06:05:00 AM,LAYTONSVILLE RD,NA,SAME DIR REAR END,Rain,WET,Medium,NO CONTROLS,NONE DETECTED,No,Possible Minor Injury,"RAIN, SNOW, WET",NOT DISTRACTED,MD,PASSENGER CAR,STOPPED IN TRAFFIC LANE,45,No,2016,KIA,SORENTO,39.246435,-77.14373167,2022,10,6
220046567,Property Damage Crash,10/24/2022 02:50:00 AM,QUINCE ORCHARD RD,NA,SAME DIR REAR END,Rain,WET,Medium,NO CONTROLS,NONE DETECTED,No,No Apparent Injury,"N/A, WET",NOT DISTRACTED,MD,PASSENGER CAR,MOVING CONSTANT SPEED,35,No,2014,FORD,PK,39.12360317,-77.24851633,2022,10,2
220046567,Property Damage Crash,10/24/2022 02:50:00 AM,QUINCE ORCHARD RD,NA,SAME DIR REAR END,Rain,WET,Medium,NO CONTROLS,NONE DETECTED,Yes,No Apparent Injury,"N/A, WET",NOT DISTRACTED,MD,PASSENGER CAR,MOVING CONSTANT SPEED,35,No,2019,HYUN,4S,39.12360317,-77.24851633,2022,10,2
220046560,Property Damage Crash,10/23/2022 11:20:00 PM,GEORGIA AVE,NA,SAME DIR REAR END,Rain,WET,Medium,TRAFFIC SIGNAL,NONE DETECTED,No,No Apparent Injury,N/A,NOT DISTRACTED,MD,PASSENGER CAR,MOVING CONSTANT SPEED,35,No,2022,NISSAN,ROGUE,38.99421167,-77.02689667,2022,10,23
220046557,Property Damage Crash,10/23/2022 11:20:00 PM,SEVEN LOCKS RD,NA,SINGLE VEHICLE,Rain,WET,Medium,NO CONTROLS,NONE DETECTED,Yes,No Apparent Injury,"RAIN, SNOW, WET",BY OTHER OCCUPANTS,MD,PASSENGER CAR,MOVING CONSTANT SPEED,35,No,2022,DODGE,CHARGER,39.00211167,-77.15928167,2022,10,23
220046560,Property Damage Crash,10/23/2022 11:20:00 PM,GEORGIA AVE,NA,SAME DIR REAR END,Rain,WET,Medium,TRAFFIC SIGNAL,NONE DETECTED,Yes,No Apparent Injury,N/A,UNKNOWN,NA,PASSENGER CAR,MOVING CONSTANT SPEED,30,No,2019,TOYOTA,CAMRY,38.99421167,-77.02689667,2022,10,23
220046566,Fatal Crash,10/23/2022 11:00:00 PM,GEORGIA AVE,BICYCLIST,STRAIGHT MOVEMENT ANGLE,Rain,WET,Dark,NO CONTROLS,NONE DETECTED,Unknown,No Apparent Injury,"N/A, WET",UNKNOWN,NA,NA,UNKNOWN,35,No,0,UNKNOWN,UNKNOWN,39.06932364,-77.06226082,2022,10,23
220046551,Property Damage Crash,10/23/2022 08:52:00 PM,NORMANDY DR,NA,STRAIGHT MOVEMENT ANGLE,Rain,WET,Medium,STOP SIGN,NONE DETECTED,Yes,No Apparent Injury,"RAIN, SNOW, WET",LOOKED BUT DID NOT SEE,MD,PASSENGER CAR,MOVING CONSTANT SPEED,25,No,2012,MAZDA,MAZDA3,39.0137711,-77.00934514,2022,10,20
220046551,Property Damage Crash,10/23/2022 08:52:00 PM,NORMANDY DR,NA,STRAIGHT MOVEMENT ANGLE,Rain,WET,Medium,STOP SIGN,NONE DETECTED,No,No Apparent Injury,"RAIN, SNOW, WET",NOT DISTRACTED,DC,PASSENGER CAR,MOVING CONSTANT SPEED,25,No,2002,HONDA,SD,39.0137711,-77.00934514,2022,10,20
220046548,Injury Crash,10/23/2022 08:30:00 PM,FATHER HURLEY BLVD,NA,HEAD ON LEFT TURN,Rain,WET,Medium,TRAFFIC SIGNAL,NONE DETECTED,Yes,No Apparent Injury,"N/A, RAIN, SNOW",LOOKED BUT DID NOT SEE,MD,PASSENGER CAR,MAKING LEFT TURN,35,No,2013,TOYOTA,COROLLA,39.18099833,-77.27584667,2022,10,20
220046548,Injury Crash,10/23/2022 08:30:00 PM,FATHER HURLEY BLVD,NA,HEAD ON LEFT TURN,Rain,WET,Medium,TRAFFIC SIGNAL,NONE DETECTED,No,No Apparent Injury,"N/A, RAIN, SNOW",NOT DISTRACTED,MD,PASSENGER CAR,MOVING CONSTANT SPEED,35,No,2006,HONDA,ACCORD,39.18099833,-77.27584667,2022,10,20
220046545,Property Damage Crash,10/23/2022 08:20:00 PM,UNIVERSITY BLVD E,NA,SAME DIRECTION RIGHT TURN,Rain,WET,Medium,TRAFFIC SIGNAL,NONE DETECTED,Yes,No Apparent Injury,N/A,UNKNOWN,NA,PASSENGER CAR,MOVING CONSTANT SPEED,40,No,2007,HONDA,CIVIC,38.99944374,-76.99517147,2022,10,20