Local Case Number,ACRS Report Type,Crash Date/Time,Road Name,Related Non-Motorist,Collision Type,Weather,Surface Condition,Light,Traffic Control,Driver Substance Abuse,Driver At Fault,Injury Severity,Circumstance,Driver Distracted By,Drivers License State,Vehicle Body Type,Vehicle Movement,Speed Limit,Driverless Vehicle,Vehicle Year,Vehicle Make,Vehicle Model,Latitude,Longitude,Year,Month,Hour
220046545,Property Damage Crash,10/23/2022 08:20:00 PM,UNIVERSITY BLVD E,NA,SAME DIRECTION RIGHT TURN,Rain,WET,Medium,TRAFFIC SIGNAL,NONE DETECTED,No,No Apparent Injury,N/A,NOT DISTRACTED,MD,PASSENGER CAR,MOVING CONSTANT SPEED,40,No,2021,VOLK,JETTA,38.99944374,-76.99517147,2022,10,20
220046546,Injury Crash,10/23/2022 07:30:00 PM,RIDGE RD,NA,SAME DIRECTION LEFT TURN,Rain,WET,Medium,N/A,NONE DETECTED,No,No Apparent Injury,N/A,NOT DISTRACTED,MD,"MEDIUM/HEAVY TRUCKS 3 AXLES (OVER 10,000LBS (4,536KG))",ACCELERATING,40,No,1983,GMC,BRIGADIER,39.21759981,-77.2385984,2022,10,19
220046546,Injury Crash,10/23/2022 07:30:00 PM,RIDGE RD,NA,SAME DIRECTION LEFT TURN,Rain,WET,Medium,N/A,NONE DETECTED,Yes,Possible Minor Injury,N/A,NOT DISTRACTED,MD,PASSENGER CAR,CHANGING LANES,40,No,2020,TOYOTA,COROLLA,39.21759981,-77.2385984,2022,10,19
220046544,Property Damage Crash,10/23/2022 06:19:00 PM,VEIRS MILL RD,NA,SAME DIR REAR END,Rain,WET,Medium,TRAFFIC SIGNAL,NONE DETECTED,No,No Apparent Injury,"RAIN, SNOW, WET",NOT DISTRACTED,MD,PASSENGER CAR,STOPPED IN TRAFFIC LANE,35,No,2021,HONDA,ACCORD,39.07709725,-77.12348367,2022,10,18
220046544,Property Damage Crash,10/23/2022 06:19:00 PM,VEIRS MILL RD,NA,SAME DIR REAR END,Rain,WET,Medium,TRAFFIC SIGNAL,NONE DETECTED,Yes,No Apparent Injury,"RAIN, SNOW, WET",LOOKED BUT DID NOT SEE,XX,PASSENGER CAR,SLOWING OR STOPPING,35,No,2010,MAZD,HB,39.07709725,-77.12348367,2022,10,18
220046522,Injury Crash,10/23/2022 04:46:00 PM,ASTON MANOR DR,NA,STRAIGHT MOVEMENT ANGLE,Clear,DRY,Daylight,STOP SIGN,NONE DETECTED,Yes,No Apparent Injury,N/A,UNKNOWN,MD,PASSENGER CAR,MOVING CONSTANT SPEED,25,No,2017,HYUNDI,ACCENT,39.07861333,-76.93770833,2022,10,16
220046522,Injury Crash,10/23/2022 04:46:00 PM,ASTON MANOR DR,NA,STRAIGHT MOVEMENT ANGLE,Clear,DRY,Daylight,STOP SIGN,NONE DETECTED,No,Possible Minor Injury,N/A,NOT DISTRACTED,MD,PASSENGER CAR,MAKING LEFT TURN,25,No,2020,HONDA,ACCORD,39.07861333,-76.93770833,2022,10,16
220046509,Property Damage Crash,10/23/2022 03:02:00 PM,UNIVERSITY BLVD E,NA,STRAIGHT MOVEMENT ANGLE,Cloudy,DRY,Daylight,STOP SIGN,NONE DETECTED,No,No Apparent Injury,N/A,UNKNOWN,NA,NA,MOVING CONSTANT SPEED,35,No,0,UNKNOWN,UNKNOWN,38.99270567,-76.99159783,2022,10,15
220046509,Property Damage Crash,10/23/2022 03:02:00 PM,UNIVERSITY BLVD E,NA,STRAIGHT MOVEMENT ANGLE,Cloudy,DRY,Daylight,STOP SIGN,NONE DETECTED,Yes,No Apparent Injury,N/A,UNKNOWN,MD,PASSENGER CAR,MAKING LEFT TURN,35,No,2019,HONDA,CIVIC,38.99270567,-76.99159783,2022,10,15
220046499,Injury Crash,10/23/2022 01:40:00 PM,QUINCE ORCHARD RD,NA,SAME DIR REAR END,Cloudy,DRY,Daylight,NO CONTROLS,NONE DETECTED,Yes,Possible Minor Injury,N/A,UNKNOWN,MD,PASSENGER CAR,MOVING CONSTANT SPEED,40,No,2010,HYUNDAI,ELANTRA,39.1317957,-77.22560272,2022,10,13
220046499,Injury Crash,10/23/2022 01:40:00 PM,QUINCE ORCHARD RD,NA,SAME DIR REAR END,Cloudy,DRY,Daylight,NO CONTROLS,NONE DETECTED,No,No Apparent Injury,N/A,NOT DISTRACTED,MD,(SPORT) UTILITY VEHICLE,SLOWING OR STOPPING,40,No,2017,HYUNDAI,SW,39.1317957,-77.22560272,2022,10,13
220056500,Property Damage Crash,10/23/2022 01:34:00 PM,TULIP AVE,NA,SAME DIRECTION SIDESWIPE,Clear,DRY,Daylight,NO CONTROLS,NONE DETECTED,No,No Apparent Injury,N/A,NOT DISTRACTED,DC,PICKUP TRUCK,PARKED,15,No,2011,CHEVROLET,TK,38.9767798,-77.01323483,2022,10,13
220056500,Property Damage Crash,10/23/2022 01:34:00 PM,TULIP AVE,NA,SAME DIRECTION SIDESWIPE,Clear,DRY,Daylight,NO CONTROLS,NONE DETECTED,Yes,No Apparent Injury,N/A,UNKNOWN,NA,"CARGO VAN/LIGHT TRUCK 2 AXLES (OVER 10,000LBS (4,536 KG))",MOVING CONSTANT SPEED,15,No,2014,GMC,SAVANA,38.9767798,-77.01323483,2022,10,13
220046498,Injury Crash,10/23/2022 01:15:00 PM,ASPEN HILL RD,NA,SAME DIRECTION SIDESWIPE,Clear,DRY,Daylight,N/A,NONE DETECTED,Yes,Possible Minor Injury,N/A,UNKNOWN,MD,PASSENGER CAR,MAKING LEFT TURN,25,No,2020,TOYOTA,CAMRY,39.07916,-77.08713,2022,10,13
220046495,Property Damage Crash,10/23/2022 12:45:00 PM,FALLS RD,NA,N/A,Cloudy,DRY,Daylight,N/A,NONE DETECTED,Yes,No Apparent Injury,N/A,LOOKED BUT DID NOT SEE,PA,FIRE VEHICLE/EMERGENCY,UNKNOWN,0,No,2009,CRIMSON,SPARTANNATIONAL,39.05165674,-77.12566029,2022,10,12
220046489,Property Damage Crash,10/23/2022 12:03:00 PM,BLUHILL RD,NA,HEAD ON,Clear,DRY,Daylight,NO CONTROLS,NONE DETECTED,No,No Apparent Injury,N/A,NOT DISTRACTED,MD,PICKUP TRUCK,PARKED,35,No,2022,TOYT,PK,39.05428667,-77.06843,2022,10,12
220046489,Property Damage Crash,10/23/2022 12:03:00 PM,BLUHILL RD,NA,HEAD ON,Clear,DRY,Daylight,NO CONTROLS,NONE DETECTED,Yes,No Apparent Injury,N/A,NOT DISTRACTED,MD,PASSENGER CAR,MOVING CONSTANT SPEED,35,No,2014,TOYOTA,CAMRY,39.05428667,-77.06843,2022,10,12
220051804,Property Damage Crash,10/23/2022 11:09:00 AM,NA,NA,OPPOSITE DIRECTION SIDESWIPE,Clear,NA,Daylight,N/A,NONE DETECTED,Yes,No Apparent Injury,N/A,NOT DISTRACTED,MD,PASSENGER CAR,BACKING,0,No,2014,SUBARU,OUTBACK,38.98837531,-77.09475744,2022,10,11
220051804,Property Damage Crash,10/23/2022 11:09:00 AM,NA,NA,OPPOSITE DIRECTION SIDESWIPE,Clear,NA,Daylight,N/A,NONE DETECTED,No,No Apparent Injury,N/A,NOT DISTRACTED,DC,PASSENGER CAR,PARKED,0,No,2010,HONDA,RIDGLINE,38.98837531,-77.09475744,2022,10,11
220046485,Injury Crash,10/23/2022 10:56:00 AM,OLD HUNDRED RD,NA,STRAIGHT MOVEMENT ANGLE,Cloudy,DRY,Daylight,STOP SIGN,NONE DETECTED,Yes,No Apparent Injury,N/A,NOT DISTRACTED,MD,(SPORT) UTILITY VEHICLE,ACCELERATING,30,No,2011,MERCEDES,ML350,39.24706333,-77.350105,2022,10,10
220046485,Injury Crash,10/23/2022 10:56:00 AM,OLD HUNDRED RD,NA,STRAIGHT MOVEMENT ANGLE,Cloudy,DRY,Daylight,STOP SIGN,NONE DETECTED,No,Possible Minor Injury,N/A,NOT DISTRACTED,MD,(SPORT) UTILITY VEHICLE,MOVING CONSTANT SPEED,30,No,2020,LINCOLN,NAV,39.24706333,-77.350105,2022,10,10
220046481,Property Damage Crash,10/23/2022 10:02:00 AM,ROCKVILLE PIKE,NA,STRAIGHT MOVEMENT ANGLE,Clear,DRY,Daylight,TRAFFIC SIGNAL,NONE DETECTED,No,No Apparent Injury,N/A,NOT DISTRACTED,MD,PASSENGER CAR,MOVING CONSTANT SPEED,35,No,2019,HONDA,ACCORD,39.05861817,-77.12138033,2022,10,10
220046481,Property Damage Crash,10/23/2022 10:02:00 AM,ROCKVILLE PIKE,NA,STRAIGHT MOVEMENT ANGLE,Clear,DRY,Daylight,TRAFFIC SIGNAL,NONE DETECTED,Yes,No Apparent Injury,N/A,UNKNOWN,MD,PASSENGER CAR,MOVING CONSTANT SPEED,40,No,2016,HONDA,CRV,39.05861817,-77.12138033,2022,10,10
220044229,Property Damage Crash,10/23/2022 09:44:00 AM,BRIGGS CHANEY RD,NA,SAME DIR REAR END,Clear,DRY,Daylight,TRAFFIC SIGNAL,NONE DETECTED,Yes,No Apparent Injury,N/A,INATTENTIVE OR LOST IN THOUGHT,MD,PASSENGER CAR,MOVING CONSTANT SPEED,40,No,2007,HONDA,PILOT,39.06781127,-76.98576754,2022,10,9
220044229,Property Damage Crash,10/23/2022 09:44:00 AM,BRIGGS CHANEY RD,NA,SAME DIR REAR END,Clear,DRY,Daylight,TRAFFIC SIGNAL,NONE DETECTED,No,No Apparent Injury,N/A,NOT DISTRACTED,MD,"OTHER LIGHT TRUCKS (10,000LBS (4,536KG) OR LESS)",STOPPED IN TRAFFIC LANE,40,No,2018,INTL,TRUCK,39.06781127,-76.98576754,2022,10,9
220046480,Injury Crash,10/23/2022 09:42:00 AM,GEORGIA AVE,NA,SINGLE VEHICLE,Cloudy,DRY,Daylight,NO CONTROLS,NONE DETECTED,Yes,Possible Minor Injury,N/A,NOT DISTRACTED,MD,PASSENGER CAR,MOVING CONSTANT SPEED,35,No,2006,TOYT,4S,39.07703667,-77.07003,2022,10,9
220046477,Property Damage Crash,10/23/2022 09:05:00 AM,HATHAWAY DR,NA,STRAIGHT MOVEMENT ANGLE,Cloudy,DRY,Daylight,STOP SIGN,NONE DETECTED,Yes,No Apparent Injury,N/A,LOOKED BUT DID NOT SEE,MD,PASSENGER CAR,ACCELERATING,25,No,2021,TOYOTA,COROLLA,39.06626167,-77.062885,2022,10,9
220046477,Property Damage Crash,10/23/2022 09:05:00 AM,HATHAWAY DR,NA,STRAIGHT MOVEMENT ANGLE,Cloudy,DRY,Daylight,STOP SIGN,NONE DETECTED,Yes,No Apparent Injury,N/A,NOT DISTRACTED,MD,PASSENGER CAR,MOVING CONSTANT SPEED,25,No,2012,TOYOTA,CAMRY,39.06626167,-77.062885,2022,10,9
220046472,Property Damage Crash,10/23/2022 06:40:00 AM,NEW HAMPSHIRE AVE,NA,SINGLE VEHICLE,Clear,DRY,Dark,NO CONTROLS,NONE DETECTED,Yes,No Apparent Injury,N/A,UNKNOWN,MD,PASSENGER CAR,MOVING CONSTANT SPEED,30,No,2008,CHEV,MALIBU,39.218595,-77.05689833,2022,10,6
220046471,Injury Crash,10/23/2022 03:25:00 AM,ROCKVILLE PIKE,NA,STRAIGHT MOVEMENT ANGLE,Clear,DRY,Medium,TRAFFIC SIGNAL,ALCOHOL PRESENT,Yes,No Apparent Injury,N/A,DISTRACTED BY OUTSIDE PERSON OBJECT OR EVENT,MD,PASSENGER CAR,MOVING CONSTANT SPEED,35,No,2014,HONDA,ACCORD,39.07718707,-77.13944434,2022,10,3
220046471,Injury Crash,10/23/2022 03:25:00 AM,ROCKVILLE PIKE,NA,STRAIGHT MOVEMENT ANGLE,Clear,DRY,Medium,TRAFFIC SIGNAL,NONE DETECTED,No,Possible Minor Injury,N/A,NOT DISTRACTED,MD,PASSENGER CAR,MOVING CONSTANT SPEED,35,No,2022,HONDA,HRV,39.07718707,-77.13944434,2022,10,3
220046532,Property Damage Crash,10/23/2022 01:40:00 AM,PARKLAWN DR,NA,STRAIGHT MOVEMENT ANGLE,Clear,DRY,Medium,TRAFFIC SIGNAL,NONE DETECTED,No,No Apparent Injury,N/A,NOT DISTRACTED,MD,PASSENGER CAR,MOVING CONSTANT SPEED,40,No,2015,HONDA,4S,39.05353577,-77.10675807,2022,10,1
220046532,Property Damage Crash,10/23/2022 01:40:00 AM,PARKLAWN DR,NA,STRAIGHT MOVEMENT ANGLE,Clear,DRY,Medium,TRAFFIC SIGNAL,NONE DETECTED,Yes,No Apparent Injury,N/A,UNKNOWN,NA,PASSENGER CAR,MOVING CONSTANT SPEED,40,No,2015,SCIO,TC,39.05353577,-77.10675807,2022,10,1
220046452,Property Damage Crash,10/23/2022 12:08:00 AM,GATEWOOD AVE,NA,OTHER,Clear,DRY,Medium,N/A,NONE DETECTED,Yes,No Apparent Injury,N/A,UNKNOWN,NA,(SPORT) UTILITY VEHICLE,MOVING CONSTANT SPEED,25,No,2022,FORD,BRONCO,39.030175,-76.988365,2022,10,0
220046441,Property Damage Crash,10/22/2022 10:12:00 PM,ODENDHAL AVE,NA,SAME DIR REAR END,Clear,DRY,Medium,NO CONTROLS,NONE DETECTED,Yes,No Apparent Injury,N/A,LOOKED BUT DID NOT SEE,MD,PASSENGER CAR,MOVING CONSTANT SPEED,25,No,2003,FORD,TK,39.15200439,-77.20010929,2022,10,22
220046441,Property Damage Crash,10/22/2022 10:12:00 PM,ODENDHAL AVE,NA,SAME DIR REAR END,Clear,DRY,Medium,NO CONTROLS,NONE DETECTED,No,No Apparent Injury,N/A,NOT DISTRACTED,MD,PASSENGER CAR,MOVING CONSTANT SPEED,25,No,2018,TOYT,UT,39.15200439,-77.20010929,2022,10,22
220046435,Injury Crash,10/22/2022 09:34:00 PM,MUDDY BRANCH RD,NA,ANGLE MEETS RIGHT TURN,Clear,DRY,Medium,TRAFFIC SIGNAL,NONE DETECTED,Yes,No Apparent Injury,N/A,LOOKED BUT DID NOT SEE,MD,PASSENGER CAR,RIGHT TURN ON RED,35,No,2015,HONDA,CRV,39.13004383,-77.20719183,2022,10,21
220046435,Injury Crash,10/22/2022 09:34:00 PM,MUDDY BRANCH RD,NA,ANGLE MEETS RIGHT TURN,Clear,DRY,Medium,TRAFFIC SIGNAL,NONE DETECTED,No,No Apparent Injury,N/A,NOT DISTRACTED,MD,PASSENGER CAR,MOVING CONSTANT SPEED,35,No,2013,HYUNDAI,ELANTRA,39.13004383,-77.20719183,2022,10,21
220046434,Property Damage Crash,10/22/2022 09:12:00 PM,NEWCUT RD,NA,HEAD ON,Clear,DRY,Medium,NO CONTROLS,ALCOHOL PRESENT,Yes,No Apparent Injury,N/A,UNKNOWN,MD,PASSENGER CAR,MOVING CONSTANT SPEED,25,No,2019,HYUN,ACCENT,39.2330325,-77.246708,2022,10,21
220046432,Fatal Crash,10/22/2022 08:42:00 PM,MIDCOUNTY HWY,PEDESTRIAN,SINGLE VEHICLE,Clear,DRY,Medium,NO CONTROLS,NONE DETECTED,No,No Apparent Injury,N/A,NOT DISTRACTED,MD,PASSENGER CAR,MOVING CONSTANT SPEED,45,No,2008,SATURN,AURA,39.14332532,-77.15997388,2022,10,20
22004628,Property Damage Crash,10/22/2022 08:01:00 PM,MUDDY BRANCH RD,NA,STRAIGHT MOVEMENT ANGLE,Clear,DRY,Medium,TRAFFIC SIGNAL,NONE DETECTED,No,No Apparent Injury,N/A,NOT DISTRACTED,MD,PASSENGER CAR,STARTING FROM LANE,40,No,2016,TOYOTA,CORROLA,39.12744228,-77.20948697,2022,10,20
22004628,Property Damage Crash,10/22/2022 08:01:00 PM,MUDDY BRANCH RD,NA,STRAIGHT MOVEMENT ANGLE,Clear,DRY,Medium,TRAFFIC SIGNAL,NONE DETECTED,Yes,No Apparent Injury,N/A,LOOKED BUT DID NOT SEE,MD,PASSENGER CAR,MOVING CONSTANT SPEED,40,No,2004,TOYT,UT,39.12744228,-77.20948697,2022,10,20
220046426,Injury Crash,10/22/2022 07:53:00 PM,MIDDLEBROOK RD,NA,SAME DIR REAR END,Clear,DRY,Dark,N/A,NONE DETECTED,Yes,No Apparent Injury,N/A,NOT DISTRACTED,MD,(SPORT) UTILITY VEHICLE,MOVING CONSTANT SPEED,40,No,2010,MAZDA,CX7,39.17569401,-77.24657786,2022,10,19
220046426,Injury Crash,10/22/2022 07:53:00 PM,MIDDLEBROOK RD,NA,SAME DIR REAR END,Clear,DRY,Dark,N/A,NONE DETECTED,No,Possible Minor Injury,N/A,NOT DISTRACTED,MD,(SPORT) UTILITY VEHICLE,STOPPED IN TRAFFIC LANE,40,No,2008,NISSAN,ROGUE,39.17569401,-77.24657786,2022,10,19
220046425,Injury Crash,10/22/2022 07:36:00 PM,ETHAN ALLEN AVE,NA,STRAIGHT MOVEMENT ANGLE,Clear,DRY,Medium,STOP SIGN,NONE DETECTED,Yes,Possible Minor Injury,N/A,UNKNOWN,DC,PASSENGER CAR,ACCELERATING,25,No,2008,BMW,528I,38.9761695,-76.99672783,2022,10,19
220046425,Injury Crash,10/22/2022 07:36:00 PM,ETHAN ALLEN AVE,NA,STRAIGHT MOVEMENT ANGLE,Clear,DRY,Medium,STOP SIGN,NONE DETECTED,No,No Apparent Injury,N/A,NOT DISTRACTED,MD,PASSENGER CAR,PASSING,25,No,2009,HONDA,ACCORD,38.9761695,-76.99672783,2022,10,19
220046423,Property Damage Crash,10/22/2022 07:23:00 PM,WASHINGTONIAN BLVD,NA,STRAIGHT MOVEMENT ANGLE,Clear,DRY,Medium,NO CONTROLS,NONE DETECTED,No,No Apparent Injury,N/A,NOT DISTRACTED,MD,PASSENGER CAR,MOVING CONSTANT SPEED,25,No,2009,VOLK,4S,39.11736096,-77.20398786,2022,10,19
220046423,Property Damage Crash,10/22/2022 07:23:00 PM,WASHINGTONIAN BLVD,NA,STRAIGHT MOVEMENT ANGLE,Clear,DRY,Medium,NO CONTROLS,NONE DETECTED,Yes,No Apparent Injury,N/A,LOOKED BUT DID NOT SEE,XX,PASSENGER CAR,MAKING LEFT TURN,25,No,2021,HYUNDAI,ELANTRA,39.11736096,-77.20398786,2022,10,19
220046422,Property Damage Crash,10/22/2022 07:00:00 PM,CONNECTICUT AVE,NA,SAME DIR REAR END,Clear,DRY,Medium,N/A,NONE DETECTED,No,No Apparent Injury,N/A,NOT DISTRACTED,MD,PASSENGER CAR,MOVING CONSTANT SPEED,35,No,2014,NISSAN,ALTIMA,39.01547701,-77.07869296,2022,10,19
220046422,Property Damage Crash,10/22/2022 07:00:00 PM,CONNECTICUT AVE,NA,SAME DIR REAR END,Clear,DRY,Medium,N/A,NONE DETECTED,Yes,No Apparent Injury,N/A,UNKNOWN,NA,PASSENGER CAR,CHANGING LANES,35,No,2010,LEXUS,RX350,39.01547701,-77.07869296,2022,10,19
220045266,Injury Crash,10/22/2022 05:53:00 PM,NEW HAMPSHIRE AVE,NA,SAME DIR REND RIGHT TURN,Clear,DRY,Daylight,TRAFFIC SIGNAL,NONE DETECTED,No,No Apparent Injury,N/A,NOT DISTRACTED,MD,PASSENGER CAR,STOPPED IN TRAFFIC LANE,35,No,2011,NISSAN,TK,39.14974972,-77.01239273,2022,10,17
220045266,Injury Crash,10/22/2022 05:53:00 PM,NEW HAMPSHIRE AVE,NA,SAME DIR REND RIGHT TURN,Clear,DRY,Daylight,TRAFFIC SIGNAL,ALCOHOL PRESENT,Yes,Possible Minor Injury,N/A,NOT DISTRACTED,MD,PASSENGER CAR,ACCELERATING,35,No,2019,BMW,X3,39.14974972,-77.01239273,2022,10,17
220046404,Injury Crash,10/22/2022 05:00:00 PM,FREDERICK RD,NA,SAME DIR REAR END,Clear,DRY,Daylight,TRAFFIC SIGNAL,NONE DETECTED,No,Possible Minor Injury,N/A,NOT DISTRACTED,MD,PASSENGER CAR,MOVING CONSTANT SPEED,35,No,2014,MAZDA,3,39.11744517,-77.16939267,2022,10,17
220046404,Injury Crash,10/22/2022 05:00:00 PM,FREDERICK RD,NA,SAME DIR REAR END,Clear,DRY,Daylight,TRAFFIC SIGNAL,NONE DETECTED,No,No Apparent Injury,N/A,NOT DISTRACTED,MD,PASSENGER CAR,MOVING CONSTANT SPEED,35,No,2013,HONDA,ACCORD,39.11744517,-77.16939267,2022,10,17
220046404,Injury Crash,10/22/2022 05:00:00 PM,FREDERICK RD,NA,SAME DIR REAR END,Clear,DRY,Daylight,TRAFFIC SIGNAL,NONE DETECTED,Yes,No Apparent Injury,N/A,NO DRIVER PRESENT,NA,UNKNOWN,SLOWING OR STOPPING,35,No,0,UNKNOWN,UNKNOWN,39.11744517,-77.16939267,2022,10,17
220046403,Injury Crash,10/22/2022 04:54:00 PM,SANDY SPRING RD,NA,SAME DIR REAR END,Clear,DRY,Daylight,YIELD SIGN,NONE DETECTED,Yes,No Apparent Injury,N/A,UNKNOWN,MD,VAN,CHANGING LANES,25,No,2008,HONDA,ODYSSEY,39.11135667,-76.932475,2022,10,16
220046403,Injury Crash,10/22/2022 04:54:00 PM,SANDY SPRING RD,NA,SAME DIR REAR END,Clear,DRY,Daylight,YIELD SIGN,NONE DETECTED,Yes,Possible Minor Injury,N/A,NOT DISTRACTED,NJ,(SPORT) UTILITY VEHICLE,CHANGING LANES,25,No,2013,TOYOTA,HIGHLANDER,39.11135667,-76.932475,2022,10,16
220046395,Property Damage Crash,10/22/2022 04:16:00 PM,CONGRESSIONAL LA,NA,HEAD ON LEFT TURN,Clear,DRY,Daylight,NO CONTROLS,NONE DETECTED,Yes,No Apparent Injury,N/A,OTHER DISTRACTION,MD,PASSENGER CAR,MAKING LEFT TURN,15,No,2018,HOND,CP,39.06297733,-77.12833435,2022,10,16
220046395,Property Damage Crash,10/22/2022 04:16:00 PM,CONGRESSIONAL LA,NA,HEAD ON LEFT TURN,Clear,DRY,Daylight,NO CONTROLS,NONE DETECTED,No,No Apparent Injury,N/A,NOT DISTRACTED,MD,PASSENGER CAR,MOVING CONSTANT SPEED,15,No,2009,HONDA,PILOT,39.06297733,-77.12833435,2022,10,16
220046387,Property Damage Crash,10/22/2022 03:16:00 PM,OLD GEORGETOWN RD,NA,SAME DIR REAR END,Clear,DRY,Daylight,NO CONTROLS,ALCOHOL PRESENT,Yes,No Apparent Injury,N/A,UNKNOWN,MD,PASSENGER CAR,MOVING CONSTANT SPEED,30,No,2018,HONDA,CIVIC,39.04896025,-77.11772758,2022,10,15
220046387,Property Damage Crash,10/22/2022 03:16:00 PM,OLD GEORGETOWN RD,NA,SAME DIR REAR END,Clear,DRY,Daylight,NO CONTROLS,NONE DETECTED,No,No Apparent Injury,N/A,NOT DISTRACTED,MD,(SPORT) UTILITY VEHICLE,SLOWING OR STOPPING,30,No,2019,KIA,OPTIMA,39.04896025,-77.11772758,2022,10,15
220046380,Property Damage Crash,10/22/2022 03:00:00 PM,NA,NA,OTHER,Clear,NA,Daylight,NO CONTROLS,NONE DETECTED,Yes,No Apparent Injury,N/A,NOT DISTRACTED,MD,PASSENGER CAR,STARTING FROM PARKED,0,No,2015,KIA,FORTE,39.16356739,-77.27017404,2022,10,15
220046364,Injury Crash,10/22/2022 12:38:00 PM,FREDERICK RD,PEDESTRIAN,SINGLE VEHICLE,Clear,DRY,Daylight,STOP SIGN,NONE DETECTED,Yes,No Apparent Injury,N/A,UNKNOWN,AR,PASSENGER CAR,MAKING RIGHT TURN,15,No,2021,TOYOTA,SIENNA,39.1599267,-77.2213725,2022,10,12
220046358,Property Damage Crash,10/22/2022 11:55:00 AM,FREDERICK RD,NA,SINGLE VEHICLE,Clear,DRY,Daylight,N/A,NONE DETECTED,Yes,No Apparent Injury,"BACKUP DUE TO REGULAR CONGESTION, N/A",NOT DISTRACTED,NC,PASSENGER CAR,SLOWING OR STOPPING,30,No,2017,TOYOTA,COROLLA,39.27542167,-77.311385,2022,10,11
220046355,Injury Crash,10/22/2022 11:47:00 AM,RIVER RD,NA,SAME DIR REAR END,Clear,DRY,Daylight,TRAFFIC SIGNAL,NONE DETECTED,No,No Apparent Injury,N/A,NOT DISTRACTED,VA,PASSENGER CAR,STOPPED IN TRAFFIC LANE,35,No,2016,KIA,SEDONA,39.0016855,-77.1795,2022,10,11
220046355,Injury Crash,10/22/2022 11:47:00 AM,RIVER RD,NA,SAME DIR REAR END,Clear,DRY,Daylight,TRAFFIC SIGNAL,NONE DETECTED,No,No Apparent Injury,N/A,NOT DISTRACTED,MD,PASSENGER CAR,STOPPED IN TRAFFIC LANE,35,No,2015,TOYT,CAMRY,39.0016855,-77.1795,2022,10,11
220046355,Injury Crash,10/22/2022 11:47:00 AM,RIVER RD,NA,SAME DIR REAR END,Clear,DRY,Daylight,TRAFFIC SIGNAL,NONE DETECTED,Yes,No Apparent Injury,N/A,NOT DISTRACTED,MD,(SPORT) UTILITY VEHICLE,MOVING CONSTANT SPEED,35,No,2013,BMW,X5,39.0016855,-77.1795,2022,10,11
220046347,Property Damage Crash,10/22/2022 10:53:00 AM,ROCKVILLE PIKE,NA,SAME DIR REAR END,Clear,DRY,Daylight,TRAFFIC SIGNAL,NONE DETECTED,No,No Apparent Injury,N/A,NOT DISTRACTED,MD,PASSENGER CAR,STOPPED IN TRAFFIC LANE,40,No,2019,SUBARU,CROSSTEK,39.06443817,-77.126341,2022,10,10
220046347,Property Damage Crash,10/22/2022 10:53:00 AM,ROCKVILLE PIKE,NA,SAME DIR REAR END,Clear,DRY,Daylight,TRAFFIC SIGNAL,NONE DETECTED,Yes,No Apparent Injury,N/A,UNKNOWN,MD,PASSENGER CAR,MOVING CONSTANT SPEED,40,No,2017,TOYOTA,CAMRY,39.06443817,-77.126341,2022,10,10
220046318,Property Damage Crash,10/22/2022 02:30:00 AM,BEL PRE RD,NA,SINGLE VEHICLE,Clear,DRY,Dark,STOP SIGN,ALCOHOL PRESENT,Yes,No Apparent Injury,N/A,NOT DISTRACTED,MD,PASSENGER CAR,ACCELERATING,35,No,2019,HOND,4S,39.09379167,-77.076195,2022,10,2
220046298,Property Damage Crash,10/21/2022 10:02:00 PM,OLDE TOWNE AVE,NA,SAME DIR REAR END,Clear,DRY,Medium,NO CONTROLS,NONE DETECTED,Yes,No Apparent Injury,N/A,UNKNOWN,MD,PASSENGER CAR,BACKING,25,No,2008,LEXUS,SUV,39.14067357,-77.19433263,2022,10,22
220046298,Property Damage Crash,10/21/2022 10:02:00 PM,OLDE TOWNE AVE,NA,SAME DIR REAR END,Clear,DRY,Medium,NO CONTROLS,NONE DETECTED,No,No Apparent Injury,N/A,NOT DISTRACTED,MD,PASSENGER CAR,PARKED,25,No,2013,HONDA,CIVIC,39.14067357,-77.19433263,2022,10,22
220046295,Injury Crash,10/21/2022 09:23:00 PM,CABIN JOHN PKWY,NA,SINGLE VEHICLE,Clear,DRY,Dark,NO CONTROLS,NONE DETECTED,Yes,Possible Minor Injury,N/A,INATTENTIVE OR LOST IN THOUGHT,VA,PASSENGER CAR,MOVING CONSTANT SPEED,35,No,2015,HONDA,CIVIC,38.9704635,-77.14652617,2022,10,21
220046293,Property Damage Crash,10/21/2022 09:11:00 PM,SUMMIT HALL RD,NA,SAME DIRECTION SIDESWIPE,Clear,DRY,Medium,NO CONTROLS,ALCOHOL PRESENT,Yes,No Apparent Injury,N/A,NOT DISTRACTED,MD,PASSENGER CAR,MOVING CONSTANT SPEED,25,No,2006,HOND,SD,39.13313434,-77.20009138,2022,10,21
220046144,Property Damage Crash,10/21/2022 08:23:00 PM,JUDSON RD,NA,OTHER,Clear,DRY,Medium,NO CONTROLS,ALCOHOL PRESENT,Yes,No Apparent Injury,N/A,UNKNOWN,MD,PASSENGER CAR,UNKNOWN,25,No,2016,HONDA,CIVIC,39.05352479,-77.05698999,2022,10,20
220046284,Property Damage Crash,10/21/2022 08:05:00 PM,CONNECTICUT AVE,NA,STRAIGHT MOVEMENT ANGLE,Clear,DRY,Medium,STOP SIGN,NONE DETECTED,No,No Apparent Injury,N/A,NOT DISTRACTED,MD,PASSENGER CAR,MOVING CONSTANT SPEED,35,No,2017,DODGE,TK,39.07809317,-77.08065283,2022,10,20
220046284,Property Damage Crash,10/21/2022 08:05:00 PM,CONNECTICUT AVE,NA,STRAIGHT MOVEMENT ANGLE,Clear,DRY,Medium,STOP SIGN,NONE DETECTED,Yes,No Apparent Injury,N/A,NOT DISTRACTED,MD,PASSENGER CAR,MAKING RIGHT TURN,35,No,2016,HONDA,CIVIC,39.07809317,-77.08065283,2022,10,20
220046281,Injury Crash,10/21/2022 07:16:00 PM,GREAT SENECA HWY,NA,SAME DIR REAR END,Clear,DRY,Medium,TRAFFIC SIGNAL,NONE DETECTED,Yes,No Apparent Injury,N/A,OTHER ELECTRONIC DEVICE (NAVIGATIONAL PALM PILOT),MD,(SPORT) UTILITY VEHICLE,SLOWING OR STOPPING,35,No,2012,NISSAN,ROUGE,39.173623,-77.26150417,2022,10,19
220046281,Injury Crash,10/21/2022 07:16:00 PM,GREAT SENECA HWY,NA,SAME DIR REAR END,Clear,DRY,Medium,TRAFFIC SIGNAL,NONE DETECTED,No,Possible Minor Injury,N/A,NOT DISTRACTED,MD,PASSENGER CAR,SLOWING OR STOPPING,35,No,2018,HYUNDIA,SONATA,39.173623,-77.26150417,2022,10,19
220046289,Property Damage Crash,10/21/2022 06:30:00 PM,GREGG RD,NA,SINGLE VEHICLE,Clear,DRY,Dark,NO CONTROLS,ALCOHOL PRESENT,Yes,No Apparent Injury,N/A,UNKNOWN,MD,PICKUP TRUCK,UNKNOWN,25,No,2006,CHEVY,SILVERADO,39.20745833,-77.07425167,2022,10,18
220046267,Injury Crash,10/21/2022 05:59:00 PM,ROTHBURY DR,NA,SAME DIRECTION SIDESWIPE,Clear,DRY,Daylight,NO CONTROLS,NONE DETECTED,Yes,Possible Minor Injury,"N/A, VISION OBSTRUCTION (INCL. BLINDED BY SUN)",OTHER DISTRACTION,MD,PASSENGER CAR,MOVING CONSTANT SPEED,25,No,2007,CHEV,MALIBU,39.18563667,-77.19178667,2022,10,17