Local Case Number,ACRS Report Type,Crash Date/Time,Road Name,Related Non-Motorist,Collision Type,Weather,Surface Condition,Light,Traffic Control,Driver Substance Abuse,Driver At Fault,Injury Severity,Circumstance,Driver Distracted By,Drivers License State,Vehicle Body Type,Vehicle Movement,Speed Limit,Driverless Vehicle,Vehicle Year,Vehicle Make,Vehicle Model,Latitude,Longitude,Year,Month,Hour
220046264,Injury Crash,10/21/2022 05:40:00 PM,NA,NA,SINGLE VEHICLE,Clear,NA,Daylight,N/A,NONE DETECTED,Yes,Possible Minor Injury,N/A,DIALING CELLULAR PHONE,MD,PASSENGER CAR,ACCELERATING,5,No,2015,ACURA,MDX,39.07473768,-77.11413097,2022,10,17
220046257,Property Damage Crash,10/21/2022 05:03:00 PM,WATKINS MILL RD,NA,ANGLE MEETS RIGHT TURN,Clear,DRY,Daylight,NO CONTROLS,NONE DETECTED,Yes,No Apparent Injury,N/A,LOOKED BUT DID NOT SEE,MD,SCHOOL BUS,MAKING RIGHT TURN,25,No,2021,THMS,SCHOOL BUS,39.17268167,-77.20828667,2022,10,17
220046257,Property Damage Crash,10/21/2022 05:03:00 PM,WATKINS MILL RD,NA,ANGLE MEETS RIGHT TURN,Clear,DRY,Daylight,NO CONTROLS,NONE DETECTED,No,No Apparent Injury,N/A,NOT DISTRACTED,MD,(SPORT) UTILITY VEHICLE,MOVING CONSTANT SPEED,25,No,2020,NISSAN,ROGUE,39.17268167,-77.20828667,2022,10,17
220046255,Property Damage Crash,10/21/2022 04:50:00 PM,NA,NA,STRAIGHT MOVEMENT ANGLE,Clear,NA,Daylight,NO CONTROLS,NONE DETECTED,Yes,No Apparent Injury,N/A,UNKNOWN,NA,PASSENGER CAR,MOVING CONSTANT SPEED,25,No,2014,KIA,OPTIMA,39.22940667,-77.24972333,2022,10,16
220046255,Property Damage Crash,10/21/2022 04:50:00 PM,NA,NA,STRAIGHT MOVEMENT ANGLE,Clear,NA,Daylight,NO CONTROLS,NONE DETECTED,No,No Apparent Injury,N/A,NOT DISTRACTED,MD,PASSENGER CAR,SLOWING OR STOPPING,25,No,2013,TOYOTA,SIENNA,39.22940667,-77.24972333,2022,10,16
220046251,Property Damage Crash,10/21/2022 04:27:00 PM,BRIGGS CHANEY RD,NA,SINGLE VEHICLE,Clear,DRY,Daylight,NO CONTROLS,NONE DETECTED,No,No Apparent Injury,N/A,NOT DISTRACTED,MD,PASSENGER CAR,MOVING CONSTANT SPEED,45,No,2012,TOYOTA,CAMRY,39.075865,-76.94133,2022,10,16
220046246,Property Damage Crash,10/21/2022 04:25:00 PM,NEW HAMPSHIRE AVE,NA,SAME DIR REAR END,Clear,DRY,Daylight,N/A,NONE DETECTED,Yes,No Apparent Injury,N/A,UNKNOWN,NA,PASSENGER CAR,STOPPED IN TRAFFIC LANE,35,No,2002,HONDA,ACCORD,38.98136264,-76.98893462,2022,10,16
220046246,Property Damage Crash,10/21/2022 04:25:00 PM,NEW HAMPSHIRE AVE,NA,SAME DIR REAR END,Clear,DRY,Daylight,N/A,NONE DETECTED,No,No Apparent Injury,N/A,NOT DISTRACTED,MD,PASSENGER CAR,STOPPED IN TRAFFIC LANE,35,No,2018,TOYOTA,CAMRY,38.98136264,-76.98893462,2022,10,16
220046252,Property Damage Crash,10/21/2022 04:19:00 PM,GEORGIA AVE,NA,SAME DIR REAR END,Clear,DRY,Daylight,NO CONTROLS,NONE DETECTED,Yes,No Apparent Injury,N/A,NOT DISTRACTED,NA,PASSENGER CAR,MOVING CONSTANT SPEED,35,No,2018,NISSAN,MURANO,39.08759871,-77.07939183,2022,10,16
220046252,Property Damage Crash,10/21/2022 04:19:00 PM,GEORGIA AVE,NA,SAME DIR REAR END,Clear,DRY,Daylight,NO CONTROLS,NONE DETECTED,No,No Apparent Injury,N/A,NOT DISTRACTED,MD,PASSENGER CAR,STOPPED IN TRAFFIC LANE,35,No,2014,NISSAN,ALTIMA,39.08759871,-77.07939183,2022,10,16
220046239,Property Damage Crash,10/21/2022 03:45:00 PM,OLD GEORGETOWN RD,NA,SAME DIR REAR END,Clear,DRY,Daylight,NO CONTROLS,NONE DETECTED,No,No Apparent Injury,N/A,NOT DISTRACTED,MD,PASSENGER CAR,SLOWING OR STOPPING,35,No,2020,TESLA,4S,38.99524,-77.10872833,2022,10,15
220046754,Property Damage Crash,10/21/2022 03:45:00 PM,NO NAME,NA,N/A,Clear,DRY,Daylight,NO CONTROLS,NONE DETECTED,No,No Apparent Injury,N/A,NOT DISTRACTED,MD,POLICE VEHICLE/NON EMERGENCY,SLOWING OR STOPPING,60,No,2016,FORD,INTERCEPTOR,39.1271085,-77.17474362,2022,10,15
220046239,Property Damage Crash,10/21/2022 03:45:00 PM,OLD GEORGETOWN RD,NA,SAME DIR REAR END,Clear,DRY,Daylight,NO CONTROLS,NONE DETECTED,Yes,No Apparent Injury,N/A,USING OTHER DEVICE CONTROLS INTEGRAL TO VEHICLE,MD,POLICE VEHICLE/EMERGENCY,MOVING CONSTANT SPEED,35,No,2016,FORD,4S,38.99524,-77.10872833,2022,10,15
220046275,Injury Crash,10/21/2022 03:15:00 PM,ROCKVILLE PIKE,PEDESTRIAN,OTHER,Clear,N/A,Daylight,TRAFFIC SIGNAL,NONE DETECTED,Yes,No Apparent Injury,N/A,LOOKED BUT DID NOT SEE,MD,PASSENGER CAR,MAKING RIGHT TURN,40,No,2022,TOYOTA,CAMRY,39.06174883,-77.12405417,2022,10,15
220046231,Property Damage Crash,10/21/2022 02:41:00 PM,SANGAMORE RD,NA,STRAIGHT MOVEMENT ANGLE,Clear,DRY,Daylight,STOP SIGN,NONE DETECTED,Yes,No Apparent Injury,N/A,LOOKED BUT DID NOT SEE,PA,(SPORT) UTILITY VEHICLE,ACCELERATING,25,No,2016,SUBARU,FORESTER,38.96216,-77.1194,2022,10,14
220046231,Property Damage Crash,10/21/2022 02:41:00 PM,SANGAMORE RD,NA,STRAIGHT MOVEMENT ANGLE,Clear,DRY,Daylight,STOP SIGN,NONE DETECTED,No,No Apparent Injury,N/A,NOT DISTRACTED,DC,PASSENGER CAR,MOVING CONSTANT SPEED,25,No,1997,NISSAN,MAXIMA,38.96216,-77.1194,2022,10,14
220046227,Property Damage Crash,10/21/2022 02:18:00 PM,GERMANTOWN RD,NA,SAME DIRECTION RIGHT TURN,Clear,DRY,Daylight,TRAFFIC SIGNAL,NONE DETECTED,No,No Apparent Injury,N/A,NOT DISTRACTED,MD,PASSENGER CAR,MOVING CONSTANT SPEED,40,No,2017,FORD,TK,39.18165433,-77.2613915,2022,10,14
220046227,Property Damage Crash,10/21/2022 02:18:00 PM,GERMANTOWN RD,NA,SAME DIRECTION RIGHT TURN,Clear,DRY,Daylight,TRAFFIC SIGNAL,NONE DETECTED,Yes,No Apparent Injury,N/A,LOOKED BUT DID NOT SEE,MD,PASSENGER CAR,CHANGING LANES,40,No,2012,NISSAN,4S,39.18165433,-77.2613915,2022,10,14
220046225,Injury Crash,10/21/2022 02:10:00 PM,NA,PEDESTRIAN,SINGLE VEHICLE,Clear,NA,Daylight,N/A,NONE DETECTED,Yes,No Apparent Injury,N/A,INATTENTIVE OR LOST IN THOUGHT,MD,PASSENGER CAR,ACCELERATING,5,No,2018,HONDA,TK,39.08613198,-77.07458404,2022,10,14
220046223,Property Damage Crash,10/21/2022 01:50:00 PM,GEORGIA AVE,NA,HEAD ON LEFT TURN,Clear,DRY,Daylight,TRAFFIC SIGNAL,NONE DETECTED,Yes,No Apparent Injury,N/A,LOOKED BUT DID NOT SEE,MD,PASSENGER CAR,MAKING LEFT TURN,35,No,2016,MINI,COOPER,39.09293333,-77.08061667,2022,10,13
220046223,Property Damage Crash,10/21/2022 01:50:00 PM,GEORGIA AVE,NA,HEAD ON LEFT TURN,Clear,DRY,Daylight,TRAFFIC SIGNAL,NONE DETECTED,No,No Apparent Injury,N/A,NOT DISTRACTED,MD,PASSENGER CAR,MOVING CONSTANT SPEED,35,No,2014,TOYOTA,TACOMA,39.09293333,-77.08061667,2022,10,13
220046219,Injury Crash,10/21/2022 01:45:00 PM,REDLAND RD,NA,HEAD ON LEFT TURN,Clear,DRY,Daylight,STOP SIGN,NONE DETECTED,Yes,No Apparent Injury,N/A,LOOKED BUT DID NOT SEE,MD,PASSENGER CAR,MAKING LEFT TURN,25,No,2015,TOYT,SW,39.11919667,-77.161045,2022,10,13
220046219,Injury Crash,10/21/2022 01:45:00 PM,REDLAND RD,NA,HEAD ON LEFT TURN,Clear,DRY,Daylight,STOP SIGN,NONE DETECTED,No,Possible Minor Injury,N/A,NOT DISTRACTED,MD,PASSENGER CAR,MOVING CONSTANT SPEED,40,No,2021,JEEP,UT,39.11919667,-77.161045,2022,10,13
220046217,Property Damage Crash,10/21/2022 01:05:00 PM,NA,NA,OTHER,Clear,NA,Daylight,NO CONTROLS,NONE DETECTED,No,No Apparent Injury,N/A,NOT DISTRACTED,MD,PASSENGER CAR,STOPPED IN TRAFFIC LANE,5,No,2014,TOYOTA,COROLLA,39.05743988,-76.96743903,2022,10,13
220046217,Property Damage Crash,10/21/2022 01:05:00 PM,NA,NA,OTHER,Clear,NA,Daylight,NO CONTROLS,NONE DETECTED,Yes,No Apparent Injury,N/A,UNKNOWN,MD,PASSENGER CAR,BACKING,5,No,2011,HONDA,ACCORD,39.05743988,-76.96743903,2022,10,13
220046209,Property Damage Crash,10/21/2022 12:42:00 PM,TALL PINES DR,NA,OTHER,Clear,DRY,Daylight,NO CONTROLS,NONE DETECTED,Yes,No Apparent Injury,N/A,NOT DISTRACTED,MD,PASSENGER CAR,MOVING CONSTANT SPEED,25,No,2019,THMS,BU,39.20488667,-77.24059333,2022,10,12
220046206,Property Damage Crash,10/21/2022 12:40:00 PM,LOCKWOOD DR,NA,STRAIGHT MOVEMENT ANGLE,Clear,DRY,Daylight,STOP SIGN,NONE DETECTED,No,No Apparent Injury,N/A,NOT DISTRACTED,VA,PICKUP TRUCK,MOVING CONSTANT SPEED,30,No,2010,FORD,F150,39.03654,-76.99594333,2022,10,12
220046206,Property Damage Crash,10/21/2022 12:40:00 PM,LOCKWOOD DR,NA,STRAIGHT MOVEMENT ANGLE,Clear,DRY,Daylight,STOP SIGN,NONE DETECTED,Yes,No Apparent Injury,N/A,UNKNOWN,MD,PASSENGER CAR,MOVING CONSTANT SPEED,30,No,1998,MERCEDES,C230,39.03654,-76.99594333,2022,10,12
220046207,Property Damage Crash,10/21/2022 12:30:00 PM,MIDDLEBROOK RD,NA,SAME DIR REAR END,Clear,DRY,Daylight,FLASHING TRAFFIC SIGNAL,NONE DETECTED,Yes,No Apparent Injury,N/A,LOOKED BUT DID NOT SEE,MD,PASSENGER CAR,MOVING CONSTANT SPEED,40,No,2003,TOYT,SD,39.1747065,-77.24807567,2022,10,12
220046207,Property Damage Crash,10/21/2022 12:30:00 PM,MIDDLEBROOK RD,NA,SAME DIR REAR END,Clear,DRY,Daylight,FLASHING TRAFFIC SIGNAL,NONE DETECTED,No,No Apparent Injury,N/A,NOT DISTRACTED,MO,PASSENGER CAR,SLOWING OR STOPPING,40,No,2019,TOYOTA,TRK,39.1747065,-77.24807567,2022,10,12
220046194,Property Damage Crash,10/21/2022 11:01:00 AM,TOWER OAKS BLVD,NA,SAME DIR REAR END,Clear,DRY,Daylight,TRAFFIC SIGNAL,NONE DETECTED,Yes,No Apparent Injury,N/A,NOT DISTRACTED,MD,PASSENGER CAR,MOVING CONSTANT SPEED,35,No,2014,TOYOTA,CAMRY,39.05600367,-77.14939483,2022,10,11
220046194,Property Damage Crash,10/21/2022 11:01:00 AM,TOWER OAKS BLVD,NA,SAME DIR REAR END,Clear,DRY,Daylight,TRAFFIC SIGNAL,NONE DETECTED,No,No Apparent Injury,N/A,NOT DISTRACTED,VA,PASSENGER CAR,STOPPED IN TRAFFIC LANE,35,No,2016,MAZDA,3,39.05600367,-77.14939483,2022,10,11
220046193,Property Damage Crash,10/21/2022 11:00:00 AM,NORBECK RD,NA,SAME DIRECTION LEFT TURN,Clear,DRY,Daylight,NO CONTROLS,NONE DETECTED,Unknown,No Apparent Injury,N/A,UNKNOWN,MD,OTHER,ACCELERATING,45,No,0,MAIL TRUCK,MAIL TRUCK,39.11953667,-77.01881,2022,10,11
220046193,Property Damage Crash,10/21/2022 11:00:00 AM,NORBECK RD,NA,SAME DIRECTION LEFT TURN,Clear,DRY,Daylight,NO CONTROLS,NONE DETECTED,Unknown,No Apparent Injury,N/A,UNKNOWN,MD,PASSENGER CAR,MOVING CONSTANT SPEED,45,No,2008,HONDA,CIVIC,39.11953667,-77.01881,2022,10,11
220046191,Property Damage Crash,10/21/2022 10:29:00 AM,LAYHILL RD,NA,SAME DIR REAR END,Clear,DRY,Daylight,NO CONTROLS,NONE DETECTED,Yes,No Apparent Injury,N/A,NOT DISTRACTED,MD,PASSENGER CAR,MAKING LEFT TURN,40,No,2016,MERC,CLS,39.09287867,-77.04503717,2022,10,10
220046191,Property Damage Crash,10/21/2022 10:29:00 AM,LAYHILL RD,NA,SAME DIR REAR END,Clear,DRY,Daylight,NO CONTROLS,NONE DETECTED,No,No Apparent Injury,N/A,NOT DISTRACTED,MD,PASSENGER CAR,MOVING CONSTANT SPEED,40,No,2021,BMW,X3,39.09287867,-77.04503717,2022,10,10
220046177,Injury Crash,10/21/2022 08:29:00 AM,LAYHILL RD,NA,STRAIGHT MOVEMENT ANGLE,Clear,DRY,Daylight,NO CONTROLS,NONE DETECTED,No,No Apparent Injury,N/A,NOT DISTRACTED,MD,PASSENGER CAR,STOPPED IN TRAFFIC LANE,5,No,2022,FORD,EDGE,39.08767575,-77.04499447,2022,10,8
220046177,Injury Crash,10/21/2022 08:29:00 AM,LAYHILL RD,NA,STRAIGHT MOVEMENT ANGLE,Clear,DRY,Daylight,NO CONTROLS,NONE DETECTED,No,Possible Minor Injury,N/A,UNKNOWN,MD,PASSENGER CAR,MOVING CONSTANT SPEED,35,No,2014,MERCEDES,GLK350,39.08767575,-77.04499447,2022,10,8
220046177,Injury Crash,10/21/2022 08:29:00 AM,LAYHILL RD,NA,STRAIGHT MOVEMENT ANGLE,Clear,DRY,Daylight,NO CONTROLS,NONE DETECTED,Yes,No Apparent Injury,N/A,INATTENTIVE OR LOST IN THOUGHT,MD,PASSENGER CAR,MAKING LEFT TURN,35,No,1998,LEXS,SD,39.08767575,-77.04499447,2022,10,8
220046176,Injury Crash,10/21/2022 08:15:00 AM,WISTERIA DR,NA,SAME DIRECTION LEFT TURN,Clear,DRY,Daylight,NO CONTROLS,NONE DETECTED,No,Possible Minor Injury,N/A,NOT DISTRACTED,MD,PASSENGER CAR,MOVING CONSTANT SPEED,30,No,2003,TOYT,SD,39.16488033,-77.259074,2022,10,8
220046176,Injury Crash,10/21/2022 08:15:00 AM,WISTERIA DR,NA,SAME DIRECTION LEFT TURN,Clear,DRY,Daylight,NO CONTROLS,NONE DETECTED,Yes,No Apparent Injury,N/A,LOOKED BUT DID NOT SEE,MD,PASSENGER CAR,STARTING FROM PARKED,30,No,2006,BMW,330I,39.16488033,-77.259074,2022,10,8
220046328,Injury Crash,10/21/2022 07:57:00 AM,COLUMBIA PIKE,NA,HEAD ON LEFT TURN,Clear,DRY,Daylight,TRAFFIC SIGNAL,NONE DETECTED,No,Possible Minor Injury,N/A,NOT DISTRACTED,MD,PASSENGER CAR,MOVING CONSTANT SPEED,40,No,2011,HONDA,ACCORD,39.03116983,-77.00464917,2022,10,7
220046328,Injury Crash,10/21/2022 07:57:00 AM,COLUMBIA PIKE,NA,HEAD ON LEFT TURN,Clear,DRY,Daylight,TRAFFIC SIGNAL,NONE DETECTED,Yes,Possible Minor Injury,N/A,LOOKED BUT DID NOT SEE,MD,PASSENGER CAR,MOVING CONSTANT SPEED,40,No,2016,HONDA,CIVIC,39.03116983,-77.00464917,2022,10,7
220046173,Injury Crash,10/21/2022 07:20:00 AM,CHARLESTON DR,NA,OTHER,Clear,DRY,Medium,NO CONTROLS,NONE DETECTED,Yes,Possible Minor Injury,N/A,LOOKED BUT DID NOT SEE,MD,PASSENGER CAR,MOVING CONSTANT SPEED,30,No,2016,HONDA,PILOT,39.01710183,-77.15937083,2022,10,7
220048922,Property Damage Crash,10/21/2022 07:00:00 AM,OLD VIC BLVD,NA,SINGLE VEHICLE,Clear,DRY,Medium,TRAFFIC SIGNAL,NONE DETECTED,Yes,No Apparent Injury,N/A,UNKNOWN,MD,POLICE VEHICLE/NON EMERGENCY,PARKING,25,No,2017,FORD,INTERCEPTOR,39.14460655,-77.04740627,2022,10,7
220046172,Property Damage Crash,10/21/2022 06:52:00 AM,DENFELD AVE,NA,STRAIGHT MOVEMENT ANGLE,Clear,DRY,Medium,NO CONTROLS,NONE DETECTED,No,No Apparent Injury,N/A,NOT DISTRACTED,MD,(SPORT) UTILITY VEHICLE,MOVING CONSTANT SPEED,25,No,2018,HYUN,TK,39.03891333,-77.07744333,2022,10,6
220046172,Property Damage Crash,10/21/2022 06:52:00 AM,DENFELD AVE,NA,STRAIGHT MOVEMENT ANGLE,Clear,DRY,Medium,NO CONTROLS,NONE DETECTED,Yes,No Apparent Injury,N/A,LOOKED BUT DID NOT SEE,MD,VAN,MAKING LEFT TURN,25,No,2004,TOYOTA,SIENNA,39.03891333,-77.07744333,2022,10,6
220046170,Property Damage Crash,10/21/2022 06:40:00 AM,UNIVERSITY BLVD E,NA,SAME DIRECTION SIDESWIPE,Clear,DRY,Medium,YIELD SIGN,NONE DETECTED,No,No Apparent Injury,N/A,NOT DISTRACTED,MD,SCHOOL BUS,MOVING CONSTANT SPEED,40,No,2019,THOMAS,BUS,39.01386583,-77.0040895,2022,10,6
220046170,Property Damage Crash,10/21/2022 06:40:00 AM,UNIVERSITY BLVD E,NA,SAME DIRECTION SIDESWIPE,Clear,DRY,Medium,YIELD SIGN,NONE DETECTED,Yes,No Apparent Injury,N/A,LOOKED BUT DID NOT SEE,MD,PASSENGER CAR,MOVING CONSTANT SPEED,40,No,2009,NISSAN,PICK UP,39.01386583,-77.0040895,2022,10,6
220046168,Injury Crash,10/21/2022 06:07:00 AM,SHADY GROVE RD,NA,SAME DIR REAR END,Clear,DRY,Medium,NO CONTROLS,NONE DETECTED,No,Possible Minor Injury,N/A,NOT DISTRACTED,MD,PASSENGER CAR,SLOWING OR STOPPING,40,No,2017,TOYT,COROLLA,39.12946167,-77.16516667,2022,10,6
220046168,Injury Crash,10/21/2022 06:07:00 AM,SHADY GROVE RD,NA,SAME DIR REAR END,Clear,DRY,Medium,NO CONTROLS,NONE DETECTED,Yes,No Apparent Injury,N/A,LOOKED BUT DID NOT SEE,MD,PASSENGER CAR,ACCELERATING,40,No,2009,TOYT,VENZA,39.12946167,-77.16516667,2022,10,6
220046167,Property Damage Crash,10/21/2022 06:02:00 AM,LAYHILL RD,NA,HEAD ON LEFT TURN,Clear,DRY,Medium,TRAFFIC SIGNAL,NONE DETECTED,Yes,No Apparent Injury,N/A,NOT DISTRACTED,MD,PASSENGER CAR,MOVING CONSTANT SPEED,40,No,2008,SCION,XB,39.10016799,-77.04189659,2022,10,6
220046167,Property Damage Crash,10/21/2022 06:02:00 AM,LAYHILL RD,NA,HEAD ON LEFT TURN,Clear,DRY,Medium,TRAFFIC SIGNAL,NONE DETECTED,No,No Apparent Injury,N/A,NOT DISTRACTED,MD,PASSENGER CAR,ACCELERATING,40,No,2021,FORD,MUSTANG,39.10016799,-77.04189659,2022,10,6
220046162,Injury Crash,10/21/2022 03:00:00 AM,COLESVILLE RD,PEDESTRIAN,SINGLE VEHICLE,Clear,DRY,Medium,FLASHING TRAFFIC SIGNAL,NONE DETECTED,Yes,No Apparent Injury,N/A,LOOKED BUT DID NOT SEE,MD,PASSENGER CAR,MOVING CONSTANT SPEED,35,No,2013,TOYOTA,CAMRY,38.99715167,-77.027475,2022,10,3
220046160,Property Damage Crash,10/21/2022 01:56:00 AM,STRINGTOWN RD,NA,SINGLE VEHICLE,Clear,DRY,Medium,NO CONTROLS,NONE DETECTED,Yes,No Apparent Injury,N/A,UNKNOWN,MD,PASSENGER CAR,ACCELERATING,30,No,2022,DODGE,CHARGER,39.24397433,-77.26646017,2022,10,1
220046147,Property Damage Crash,10/20/2022 09:45:00 PM,PARK CREST DR,NA,SAME DIR REAR END,Clear,DRY,Dark,NO CONTROLS,NONE DETECTED,Yes,No Apparent Injury,N/A,OTHER CELLULAR PHONE RELATED,MD,PASSENGER CAR,MOVING CONSTANT SPEED,25,No,2015,HOND,VN,38.99070558,-77.0073339,2022,10,21
220046146,Property Damage Crash,10/20/2022 09:41:00 PM,COLUMBIA PIKE,NA,SAME DIR REAR END,Clear,DRY,Medium,TRAFFIC SIGNAL,NONE DETECTED,No,No Apparent Injury,N/A,NOT DISTRACTED,MD,(SPORT) UTILITY VEHICLE,STOPPED IN TRAFFIC LANE,40,No,2014,JEEP,GRAND CHEROKEE,39.03346167,-77.002555,2022,10,21
220046146,Property Damage Crash,10/20/2022 09:41:00 PM,COLUMBIA PIKE,NA,SAME DIR REAR END,Clear,DRY,Medium,TRAFFIC SIGNAL,NONE DETECTED,No,No Apparent Injury,N/A,NOT DISTRACTED,MD,(SPORT) UTILITY VEHICLE,STOPPED IN TRAFFIC LANE,40,No,2019,HYUNDAI,TUCSON,39.03346167,-77.002555,2022,10,21
220046146,Property Damage Crash,10/20/2022 09:41:00 PM,COLUMBIA PIKE,NA,SAME DIR REAR END,Clear,DRY,Medium,TRAFFIC SIGNAL,NONE DETECTED,Yes,No Apparent Injury,N/A,NOT DISTRACTED,MD,PASSENGER CAR,SLOWING OR STOPPING,40,No,2014,TOYOTA,CAMRY,39.03346167,-77.002555,2022,10,21
220046142,Property Damage Crash,10/20/2022 09:01:00 PM,NA,NA,SINGLE VEHICLE,Clear,NA,Medium,NO CONTROLS,NONE DETECTED,Yes,No Apparent Injury,N/A,NOT DISTRACTED,MD,PASSENGER CAR,ACCELERATING,20,No,2005,HONDA,ACCORD,39.05316,-77.13100333,2022,10,21
220046130,Injury Crash,10/20/2022 07:27:00 PM,GAITHER RD,PEDESTRIAN,OTHER,Clear,DRY,Medium,NO CONTROLS,NONE DETECTED,No,No Apparent Injury,N/A,NOT DISTRACTED,MD,PASSENGER CAR,MAKING LEFT TURN,30,No,2018,HYUNDAI,4DR,39.11313684,-77.17599815,2022,10,19
220046128,Property Damage Crash,10/20/2022 07:15:00 PM,ROCKVILLE PIKE,NA,HEAD ON LEFT TURN,Clear,DRY,Medium,TRAFFIC SIGNAL,NONE DETECTED,No,No Apparent Injury,N/A,BY MOVING OBJECT IN VEHICLE,MD,PASSENGER CAR,ACCELERATING,35,No,2019,ACURA,4S,39.05886329,-77.12130404,2022,10,19
220046128,Property Damage Crash,10/20/2022 07:15:00 PM,ROCKVILLE PIKE,NA,HEAD ON LEFT TURN,Clear,DRY,Medium,TRAFFIC SIGNAL,NONE DETECTED,Yes,No Apparent Injury,N/A,NOT DISTRACTED,MD,PASSENGER CAR,MOVING CONSTANT SPEED,35,No,2017,ACUR,SD,39.05886329,-77.12130404,2022,10,19
220046123,Injury Crash,10/20/2022 07:04:00 PM,AVENEL RD,BICYCLIST,HEAD ON LEFT TURN,Clear,DRY,Dark,N/A,NONE DETECTED,Yes,No Apparent Injury,N/A,LOOKED BUT DID NOT SEE,MD,PASSENGER CAR,MOVING CONSTANT SPEED,15,No,2007,TOYOTA,PRIUS,39.00969333,-76.98029,2022,10,19
220046137,Property Damage Crash,10/20/2022 06:47:00 PM,COLESVILLE RD,NA,SAME DIRECTION SIDESWIPE,Clear,DRY,Medium,NO CONTROLS,NONE DETECTED,No,No Apparent Injury,N/A,NOT DISTRACTED,DC,PASSENGER CAR,MOVING CONSTANT SPEED,30,No,2010,HONDA,ACCORD,38.99749233,-77.027205,2022,10,18
220046137,Property Damage Crash,10/20/2022 06:47:00 PM,COLESVILLE RD,NA,SAME DIRECTION SIDESWIPE,Clear,DRY,Medium,NO CONTROLS,NONE DETECTED,Yes,No Apparent Injury,N/A,UNKNOWN,NA,PASSENGER CAR,CHANGING LANES,30,No,2015,HOND,UT,38.99749233,-77.027205,2022,10,18
220046126,Property Damage Crash,10/20/2022 06:35:00 PM,UNIVERSITY BLVD W,NA,SAME DIR REAR END,Clear,DRY,Medium,TRAFFIC SIGNAL,NONE DETECTED,No,No Apparent Injury,N/A,NOT DISTRACTED,MD,PASSENGER CAR,STOPPED IN TRAFFIC LANE,35,No,2004,TOYOTA,PRIUS,39.03997733,-77.04338417,2022,10,18
220046126,Property Damage Crash,10/20/2022 06:35:00 PM,UNIVERSITY BLVD W,NA,SAME DIR REAR END,Clear,DRY,Medium,TRAFFIC SIGNAL,NONE DETECTED,Yes,No Apparent Injury,N/A,UNKNOWN,MD,PASSENGER CAR,SLOWING OR STOPPING,35,No,2010,CHEVROLET,TRAVERSE,39.03997733,-77.04338417,2022,10,18
220046126,Property Damage Crash,10/20/2022 06:35:00 PM,UNIVERSITY BLVD W,NA,SAME DIR REAR END,Clear,DRY,Medium,TRAFFIC SIGNAL,NONE DETECTED,No,No Apparent Injury,N/A,NOT DISTRACTED,MD,PASSENGER CAR,STOPPED IN TRAFFIC LANE,35,No,2016,SUBARU,CROSSTREK,39.03997733,-77.04338417,2022,10,18
220046111,Injury Crash,10/20/2022 05:38:00 PM,FATHER HURLEY BLVD,NA,SAME DIR REAR END,Clear,DRY,Daylight,YIELD SIGN,NONE DETECTED,No,Possible Minor Injury,N/A,NOT DISTRACTED,MD,PASSENGER CAR,SLOWING OR STOPPING,35,No,2008,HONDA,CIVIC,39.18461334,-77.273487,2022,10,17
220046111,Injury Crash,10/20/2022 05:38:00 PM,FATHER HURLEY BLVD,NA,SAME DIR REAR END,Clear,DRY,Daylight,YIELD SIGN,NONE DETECTED,Yes,No Apparent Injury,N/A,NOT DISTRACTED,MD,PASSENGER CAR,SLOWING OR STOPPING,35,No,2018,CHEV,4S,39.18461334,-77.273487,2022,10,17
220046110,Property Damage Crash,10/20/2022 05:35:00 PM,RANDOLPH RD,NA,SAME DIR REAR END,Clear,DRY,Daylight,TRAFFIC SIGNAL,NONE DETECTED,Yes,No Apparent Injury,N/A,UNKNOWN,MD,PASSENGER CAR,MOVING CONSTANT SPEED,35,No,2020,HONDA,INSIGHT,39.05955083,-77.0617825,2022,10,17
220046110,Property Damage Crash,10/20/2022 05:35:00 PM,RANDOLPH RD,NA,SAME DIR REAR END,Clear,DRY,Daylight,TRAFFIC SIGNAL,NONE DETECTED,Yes,No Apparent Injury,N/A,UNKNOWN,VA,PASSENGER CAR,STOPPED IN TRAFFIC LANE,35,No,2016,HONDA,CIVIC,39.05955083,-77.0617825,2022,10,17
220046101,Injury Crash,10/20/2022 04:35:00 PM,NA,NA,SINGLE VEHICLE,Clear,NA,Daylight,NO CONTROLS,DRUG PRESENT,Yes,Possible Minor Injury,N/A,OTHER DISTRACTION,MD,PASSENGER CAR,MOVING CONSTANT SPEED,15,No,2012,FORD,ESCPE,39.15561502,-77.203794,2022,10,16
220046102,Property Damage Crash,10/20/2022 04:30:00 PM,CENTERWAY RD,NA,SAME DIR REAR END,Clear,DRY,Daylight,NO CONTROLS,NONE DETECTED,Yes,No Apparent Injury,N/A,UNKNOWN,MD,PASSENGER CAR,MOVING CONSTANT SPEED,30,No,2007,HONDA,CRV,39.16918,-77.18924667,2022,10,16
220046102,Property Damage Crash,10/20/2022 04:30:00 PM,CENTERWAY RD,NA,SAME DIR REAR END,Clear,DRY,Daylight,NO CONTROLS,NONE DETECTED,No,No Apparent Injury,N/A,NOT DISTRACTED,MD,PASSENGER CAR,MOVING CONSTANT SPEED,30,No,2018,CHEVROLET,TAHOE,39.16918,-77.18924667,2022,10,16
220046097,Property Damage Crash,10/20/2022 04:23:00 PM,COLESVILLE RD,NA,HEAD ON LEFT TURN,Clear,DRY,Daylight,TRAFFIC SIGNAL,NONE DETECTED,Yes,No Apparent Injury,N/A,NOT DISTRACTED,MD,(SPORT) UTILITY VEHICLE,MAKING LEFT TURN,40,No,2012,TOYT,HIGHLANDER,39.02621167,-77.01084667,2022,10,16
220046097,Property Damage Crash,10/20/2022 04:23:00 PM,COLESVILLE RD,NA,HEAD ON LEFT TURN,Clear,DRY,Daylight,TRAFFIC SIGNAL,NONE DETECTED,No,No Apparent Injury,N/A,NOT DISTRACTED,VA,VAN,MOVING CONSTANT SPEED,40,No,2020,FORD,TRANSIT,39.02621167,-77.01084667,2022,10,16
220046090,Property Damage Crash,10/20/2022 03:47:00 PM,WINHALL WAY,NA,SAME DIR REAR END,Clear,DRY,Daylight,NO CONTROLS,NONE DETECTED,Yes,No Apparent Injury,N/A,LOOKED BUT DID NOT SEE,DC,PASSENGER CAR,BACKING,15,No,2000,FORD,EXPLORER,39.06292833,-76.99575425,2022,10,15
220046090,Property Damage Crash,10/20/2022 03:47:00 PM,WINHALL WAY,NA,SAME DIR REAR END,Clear,DRY,Daylight,NO CONTROLS,NONE DETECTED,Yes,No Apparent Injury,N/A,LOOKED BUT DID NOT SEE,MD,PASSENGER CAR,STARTING FROM LANE,15,No,2016,JEEP,GRAND CHEROKEE,39.06292833,-76.99575425,2022,10,15
220046094,Property Damage Crash,10/20/2022 03:22:00 PM,ROSE THEATRE CIR,NA,OTHER,Clear,DRY,Daylight,NO CONTROLS,NONE DETECTED,Yes,No Apparent Injury,N/A,INATTENTIVE OR LOST IN THOUGHT,MD,SCHOOL BUS,MAKING LEFT TURN,25,No,2020,THOMAS,BUS,39.14581167,-77.04633,2022,10,15