Local Case Number,ACRS Report Type,Crash Date/Time,Road Name,Related Non-Motorist,Collision Type,Weather,Surface Condition,Light,Traffic Control,Driver Substance Abuse,Driver At Fault,Injury Severity,Circumstance,Driver Distracted By,Drivers License State,Vehicle Body Type,Vehicle Movement,Speed Limit,Driverless Vehicle,Vehicle Year,Vehicle Make,Vehicle Model,Latitude,Longitude,Year,Month,Hour
220046086,Property Damage Crash,10/20/2022 03:12:00 PM,ROCKVILLE PIKE,NA,HEAD ON LEFT TURN,Clear,DRY,Daylight,TRAFFIC SIGNAL,NONE DETECTED,No,No Apparent Injury,N/A,NOT DISTRACTED,PA,PASSENGER CAR,MOVING CONSTANT SPEED,35,No,2013,HONDA,ACCORD,39.00628667,-77.09791667,2022,10,15
220046086,Property Damage Crash,10/20/2022 03:12:00 PM,ROCKVILLE PIKE,NA,HEAD ON LEFT TURN,Clear,DRY,Daylight,TRAFFIC SIGNAL,NONE DETECTED,Yes,No Apparent Injury,N/A,LOOKED BUT DID NOT SEE,MD,(SPORT) UTILITY VEHICLE,MAKING LEFT TURN,35,No,2015,NISSAN,MURANO,39.00628667,-77.09791667,2022,10,15
220046073,Property Damage Crash,10/20/2022 02:21:00 PM,NEW HAMPSHIRE AVE,NA,SAME DIR REAR END,Clear,DRY,Daylight,TRAFFIC SIGNAL,NONE DETECTED,Yes,No Apparent Injury,N/A,NOT DISTRACTED,MD,POLICE VEHICLE/NON EMERGENCY,STARTING FROM LANE,40,No,2019,DODG,CHARGER,39.08788833,-76.99939833,2022,10,14
220046073,Property Damage Crash,10/20/2022 02:21:00 PM,NEW HAMPSHIRE AVE,NA,SAME DIR REAR END,Clear,DRY,Daylight,TRAFFIC SIGNAL,NONE DETECTED,No,No Apparent Injury,N/A,NOT DISTRACTED,MD,PASSENGER CAR,ACCELERATING,40,No,2012,FORD,UT,39.08788833,-76.99939833,2022,10,14
220046044,Injury Crash,10/20/2022 11:49:00 AM,S FREDERICK RD,NA,ANGLE MEETS LEFT TURN,Clear,DRY,Daylight,NO CONTROLS,NONE DETECTED,Yes,Possible Minor Injury,N/A,NOT DISTRACTED,DC,PASSENGER CAR,MAKING U TURN,35,No,2010,AUDI,2S,39.13008773,-77.18726388,2022,10,11
220046044,Injury Crash,10/20/2022 11:49:00 AM,S FREDERICK RD,NA,ANGLE MEETS LEFT TURN,Clear,DRY,Daylight,NO CONTROLS,NONE DETECTED,No,Possible Minor Injury,N/A,NOT DISTRACTED,MD,PASSENGER CAR,MOVING CONSTANT SPEED,35,No,2006,HYUN,UT,39.13008773,-77.18726388,2022,10,11
220046016,Property Damage Crash,10/20/2022 09:46:00 AM,UNIVERSITY BLVD E,NA,STRAIGHT MOVEMENT ANGLE,Clear,DRY,Daylight,NO CONTROLS,NONE DETECTED,No,No Apparent Injury,N/A,NOT DISTRACTED,MD,VAN,MOVING CONSTANT SPEED,35,No,2015,TOYOTA,SIENNA,38.99263517,-76.991579,2022,10,9
220046016,Property Damage Crash,10/20/2022 09:46:00 AM,UNIVERSITY BLVD E,NA,STRAIGHT MOVEMENT ANGLE,Clear,DRY,Daylight,NO CONTROLS,NONE DETECTED,Yes,No Apparent Injury,N/A,LOOKED BUT DID NOT SEE,MD,PASSENGER CAR,MOVING CONSTANT SPEED,35,No,2018,MAZDA,3,38.99263517,-76.991579,2022,10,9
220046014,Injury Crash,10/20/2022 08:55:00 AM,MONTROSE RD,NA,OTHER,Clear,DRY,Daylight,NO CONTROLS,NONE DETECTED,Yes,Possible Minor Injury,N/A,NOT DISTRACTED,MD,(SPORT) UTILITY VEHICLE,CHANGING LANES,40,No,2006,TOYOTA,RAV4,39.0552287,-77.14826434,2022,10,8
220046014,Injury Crash,10/20/2022 08:55:00 AM,MONTROSE RD,NA,OTHER,Clear,DRY,Daylight,NO CONTROLS,NONE DETECTED,No,No Apparent Injury,N/A,NOT DISTRACTED,VA,"MEDIUM/HEAVY TRUCKS 3 AXLES (OVER 10,000LBS (4,536KG))",MOVING CONSTANT SPEED,40,No,2020,KENWORTH,T3,39.0552287,-77.14826434,2022,10,8
220046135,Property Damage Crash,10/20/2022 08:50:00 AM,CAPITAL BELTWAY,NA,SAME DIR REAR END,Clear,DRY,Daylight,NO CONTROLS,NONE DETECTED,No,No Apparent Injury,N/A,NOT DISTRACTED,MD,PASSENGER CAR,MOVING CONSTANT SPEED,55,No,2012,HYUNDAI,VELOSTAR,38.98319256,-77.16524819,2022,10,8
220046135,Property Damage Crash,10/20/2022 08:50:00 AM,CAPITAL BELTWAY,NA,SAME DIR REAR END,Clear,DRY,Daylight,NO CONTROLS,NONE DETECTED,Yes,No Apparent Injury,N/A,UNKNOWN,NA,PASSENGER CAR,CHANGING LANES,55,No,2020,FORD,FUSION,38.98319256,-77.16524819,2022,10,8
220046009,Property Damage Crash,10/20/2022 08:48:00 AM,NA,NA,STRAIGHT MOVEMENT ANGLE,Clear,NA,Daylight,NO CONTROLS,NONE DETECTED,Yes,No Apparent Injury,N/A,UNKNOWN,MD,VAN,BACKING,0,No,2022,FORD,TRANSIT,39.06657488,-77.15968266,2022,10,8
220046005,Injury Crash,10/20/2022 08:46:00 AM,NA,NA,SINGLE VEHICLE,Clear,NA,Daylight,NO CONTROLS,NONE DETECTED,Yes,Possible Minor Injury,N/A,NOT DISTRACTED,TX,PASSENGER CAR,STARTING FROM PARKED,15,No,2017,KIA,SOUL,39.00061167,-77.010015,2022,10,8
220046000,Injury Crash,10/20/2022 08:03:00 AM,MUNCASTER MILL RD,NA,HEAD ON,Clear,DRY,Daylight,NO CONTROLS,NONE DETECTED,No,No Apparent Injury,N/A,NOT DISTRACTED,FL,PASSENGER CAR,MOVING CONSTANT SPEED,35,No,2017,NIS,4S,39.13994583,-77.13407117,2022,10,8
220046000,Injury Crash,10/20/2022 08:03:00 AM,MUNCASTER MILL RD,NA,HEAD ON,Clear,DRY,Daylight,NO CONTROLS,NONE DETECTED,No,Possible Minor Injury,N/A,NOT DISTRACTED,MD,PASSENGER CAR,MOVING CONSTANT SPEED,35,No,2019,TOYT,4S,39.13994583,-77.13407117,2022,10,8
220046000,Injury Crash,10/20/2022 08:03:00 AM,MUNCASTER MILL RD,NA,HEAD ON,Clear,DRY,Daylight,NO CONTROLS,NONE DETECTED,Yes,Possible Minor Injury,N/A,UNKNOWN,MD,PASSENGER CAR,MOVING CONSTANT SPEED,35,No,2012,MAZ,SUV,39.13994583,-77.13407117,2022,10,8
220045994,Property Damage Crash,10/20/2022 08:00:00 AM,DARNESTOWN RD,NA,HEAD ON LEFT TURN,Clear,DRY,Medium,TRAFFIC SIGNAL,NONE DETECTED,Yes,No Apparent Injury,N/A,NOT DISTRACTED,XX,PASSENGER CAR,MAKING LEFT TURN,30,No,1999,ACURA,SD,39.11729546,-77.25115862,2022,10,8
220045994,Property Damage Crash,10/20/2022 08:00:00 AM,DARNESTOWN RD,NA,HEAD ON LEFT TURN,Clear,DRY,Medium,TRAFFIC SIGNAL,NONE DETECTED,No,No Apparent Injury,N/A,NOT DISTRACTED,MD,PASSENGER CAR,STARTING FROM LANE,30,No,2015,LEXUS,RX,39.11729546,-77.25115862,2022,10,8
220045999,Property Damage Crash,10/20/2022 07:58:00 AM,GEORGIA AVE,PEDESTRIAN,STRAIGHT MOVEMENT ANGLE,Clear,DRY,Daylight,NO CONTROLS,NONE DETECTED,No,No Apparent Injury,N/A,NOT DISTRACTED,MD,PASSENGER CAR,MOVING CONSTANT SPEED,35,No,2007,HOND,CP,39.05838333,-77.04797667,2022,10,7
220045989,Injury Crash,10/20/2022 06:15:00 AM,GOSHEN RD,NA,OTHER,Clear,DRY,Medium,TRAFFIC SIGNAL,NONE DETECTED,Yes,Possible Minor Injury,N/A,LOOKED BUT DID NOT SEE,MD,PASSENGER CAR,MAKING LEFT TURN,25,No,2017,TOYOTA,COR,39.15083605,-77.19262126,2022,10,6
220045989,Injury Crash,10/20/2022 06:15:00 AM,GOSHEN RD,NA,OTHER,Clear,DRY,Medium,TRAFFIC SIGNAL,NONE DETECTED,No,Possible Minor Injury,N/A,NOT DISTRACTED,MD,(SPORT) UTILITY VEHICLE,MOVING CONSTANT SPEED,25,No,2011,TOYT,TK,39.15083605,-77.19262126,2022,10,6
220045986,Property Damage Crash,10/20/2022 02:58:00 AM,GEORGIA AVE,NA,SINGLE VEHICLE,Clear,N/A,Medium,NO CONTROLS,NONE DETECTED,Yes,No Apparent Injury,N/A,NOT DISTRACTED,MD,PASSENGER CAR,MOVING CONSTANT SPEED,35,No,2019,NISS,ALTIMA,39.05865333,-77.04999667,2022,10,2
220045968,Injury Crash,10/19/2022 09:45:00 PM,CASTLE BLVD,NA,OTHER,Clear,DRY,Medium,NO CONTROLS,NONE DETECTED,Yes,Possible Minor Injury,N/A,NOT DISTRACTED,MD,PASSENGER CAR,MOVING CONSTANT SPEED,30,No,2013,NISS,SW,39.08896833,-76.93936,2022,10,21
220045962,Injury Crash,10/19/2022 08:48:00 PM,WASHINGTON GROVE LA,NA,SINGLE VEHICLE,Clear,DRY,Medium,NO CONTROLS,NONE DETECTED,Yes,Possible Minor Injury,N/A,UNKNOWN,MD,PASSENGER CAR,UNKNOWN,25,No,2004,SUBARU,FORRESTER,39.15709205,-77.161208,2022,10,20
220045951,Property Damage Crash,10/19/2022 08:00:00 PM,VEIRS MILL RD,NA,SAME DIR REAR END,Clear,DRY,Medium,N/A,NONE DETECTED,No,No Apparent Injury,N/A,NOT DISTRACTED,DC,PASSENGER CAR,SLOWING OR STOPPING,40,No,2007,TOYOTA,COROLLA,39.0768244,-77.12240135,2022,10,20
220045951,Property Damage Crash,10/19/2022 08:00:00 PM,VEIRS MILL RD,NA,SAME DIR REAR END,Clear,DRY,Medium,N/A,NONE DETECTED,Yes,No Apparent Injury,N/A,NOT DISTRACTED,MD,PASSENGER CAR,MOVING CONSTANT SPEED,40,No,2017,HYUN,SD,39.0768244,-77.12240135,2022,10,20
220045946,Injury Crash,10/19/2022 07:00:00 PM,MUDDY BRANCH RD,NA,SAME DIR REAR END,Clear,DRY,Medium,TRAFFIC SIGNAL,NONE DETECTED,No,No Apparent Injury,N/A,NOT DISTRACTED,MD,PASSENGER CAR,STOPPED IN TRAFFIC LANE,30,No,2007,NISSAN,VERSA,39.13717222,-77.2054641,2022,10,19
220045946,Injury Crash,10/19/2022 07:00:00 PM,MUDDY BRANCH RD,NA,SAME DIR REAR END,Clear,DRY,Medium,TRAFFIC SIGNAL,NONE DETECTED,Yes,No Apparent Injury,N/A,NOT DISTRACTED,MD,PASSENGER CAR,CHANGING LANES,30,No,2012,HOND,UT,39.13717222,-77.2054641,2022,10,19
220045946,Injury Crash,10/19/2022 07:00:00 PM,MUDDY BRANCH RD,NA,SAME DIR REAR END,Clear,DRY,Medium,TRAFFIC SIGNAL,NONE DETECTED,No,No Apparent Injury,N/A,NOT DISTRACTED,MD,PASSENGER CAR,STOPPED IN TRAFFIC LANE,30,No,2018,TOYT,SD,39.13717222,-77.2054641,2022,10,19
220045931,Injury Crash,10/19/2022 05:00:00 PM,EISENHOWER MEMORIAL HWY,NA,SAME DIR REAR END,Cloudy,DRY,Daylight,NO CONTROLS,NONE DETECTED,No,Possible Minor Injury,N/A,NOT DISTRACTED,MD,PASSENGER CAR,MOVING CONSTANT SPEED,55,No,2004,FORD,TK,39.15673815,-77.22548828,2022,10,17
220045931,Injury Crash,10/19/2022 05:00:00 PM,EISENHOWER MEMORIAL HWY,NA,SAME DIR REAR END,Cloudy,DRY,Daylight,NO CONTROLS,NONE DETECTED,Yes,No Apparent Injury,N/A,LOOKED BUT DID NOT SEE,NY,PASSENGER CAR,CHANGING LANES,55,No,2016,CHEVROLET,TRAX,39.15673815,-77.22548828,2022,10,17
220045928,Injury Crash,10/19/2022 04:52:00 PM,SANGAMORE RD,PEDESTRIAN,STRAIGHT MOVEMENT ANGLE,Clear,DRY,Daylight,STOP SIGN,NONE DETECTED,Yes,No Apparent Injury,N/A,NOT DISTRACTED,DC,PASSENGER CAR,MOVING CONSTANT SPEED,25,No,2022,TOYOTA,COROLLA,38.962698,-77.12132582,2022,10,16
220045928,Injury Crash,10/19/2022 04:52:00 PM,SANGAMORE RD,PEDESTRIAN,STRAIGHT MOVEMENT ANGLE,Clear,DRY,Daylight,STOP SIGN,NONE DETECTED,No,No Apparent Injury,N/A,NOT DISTRACTED,MD,PASSENGER CAR,MOVING CONSTANT SPEED,30,No,2014,BMW,320I,38.962698,-77.12132582,2022,10,16
22001843,Property Damage Crash,10/19/2022 04:45:00 PM,CONNECTICUT AVE,NA,HEAD ON LEFT TURN,Clear,DRY,Daylight,TRAFFIC SIGNAL,ALCOHOL PRESENT,Unknown,No Apparent Injury,N/A,NOT DISTRACTED,MD,PASSENGER CAR,MAKING LEFT TURN,35,No,2014,CHEV,4S,38.96272,-77.10134,2022,10,16
22001843,Property Damage Crash,10/19/2022 04:45:00 PM,CONNECTICUT AVE,NA,HEAD ON LEFT TURN,Clear,DRY,Daylight,TRAFFIC SIGNAL,NONE DETECTED,Unknown,No Apparent Injury,N/A,NOT DISTRACTED,MD,PASSENGER CAR,MOVING CONSTANT SPEED,35,No,2007,NISS,SU,38.96272,-77.10134,2022,10,16
220045923,Property Damage Crash,10/19/2022 04:18:00 PM,COLESVILLE RD,NA,SAME DIR REAR END,Clear,DRY,Daylight,NO CONTROLS,NONE DETECTED,No,No Apparent Injury,N/A,NOT DISTRACTED,PA,PASSENGER CAR,STOPPED IN TRAFFIC LANE,30,No,2018,SUBARU,FORESTER,38.99866724,-77.02627437,2022,10,16
220045923,Property Damage Crash,10/19/2022 04:18:00 PM,COLESVILLE RD,NA,SAME DIR REAR END,Clear,DRY,Daylight,NO CONTROLS,NONE DETECTED,Yes,No Apparent Injury,N/A,OTHER DISTRACTION,MD,PASSENGER CAR,STOPPED IN TRAFFIC LANE,30,No,2007,HONDA,TK,38.99866724,-77.02627437,2022,10,16
220045917,Property Damage Crash,10/19/2022 04:13:00 PM,MASSACHUSETTS AVE,NA,SINGLE VEHICLE,Clear,DRY,Daylight,NO CONTROLS,NONE DETECTED,Yes,No Apparent Injury,N/A,NOT DISTRACTED,MD,OTHER,ACCELERATING,35,No,2022,DODG,CP,38.95432333,-77.10378833,2022,10,16
220045936,Property Damage Crash,10/19/2022 03:40:00 PM,NA,NA,OTHER,Clear,NA,Daylight,NO CONTROLS,NONE DETECTED,Yes,No Apparent Injury,N/A,UNKNOWN,MD,(SPORT) UTILITY VEHICLE,BACKING,0,No,2006,TOYOTA,TK,39.149285,-77.06654167,2022,10,15
220045909,Injury Crash,10/19/2022 03:05:00 PM,GEORGIA AVE,NA,SAME DIR REAR END,Cloudy,DRY,Daylight,TRAFFIC SIGNAL,NONE DETECTED,Yes,No Apparent Injury,N/A,NOT DISTRACTED,MD,PASSENGER CAR,ACCELERATING,35,No,2004,FORD,TAURUS SES,39.05973667,-77.05028667,2022,10,15
220045909,Injury Crash,10/19/2022 03:05:00 PM,GEORGIA AVE,NA,SAME DIR REAR END,Cloudy,DRY,Daylight,TRAFFIC SIGNAL,NONE DETECTED,No,Possible Minor Injury,N/A,NOT DISTRACTED,MD,PASSENGER CAR,STOPPED IN TRAFFIC LANE,35,No,2006,HONDA,ACCORD,39.05973667,-77.05028667,2022,10,15
220045905,Property Damage Crash,10/19/2022 02:55:00 PM,BEALL AVE #2,NA,OTHER,Clear,DRY,Daylight,N/A,NONE DETECTED,Yes,No Apparent Injury,N/A,NOT DISTRACTED,MD,PASSENGER CAR,CHANGING LANES,25,No,2003,TOYOTA,CAMRY,39.08740839,-77.15028139,2022,10,14
220045905,Property Damage Crash,10/19/2022 02:55:00 PM,BEALL AVE #2,NA,OTHER,Clear,DRY,Daylight,N/A,NONE DETECTED,No,No Apparent Injury,N/A,NOT DISTRACTED,MD,PASSENGER CAR,STOPPED IN TRAFFIC LANE,25,No,2018,FRHT,BUS,39.08740839,-77.15028139,2022,10,14
220045880,Injury Crash,10/19/2022 01:00:00 PM,GEORGIA AVE,NA,SAME DIR REAR END,Clear,DRY,Daylight,NO CONTROLS,NONE DETECTED,No,No Apparent Injury,N/A,NOT DISTRACTED,MD,PASSENGER CAR,STOPPED IN TRAFFIC LANE,35,No,2011,HONDA,CIVIC,39.05020667,-77.05168167,2022,10,13
220045880,Injury Crash,10/19/2022 01:00:00 PM,GEORGIA AVE,NA,SAME DIR REAR END,Clear,DRY,Daylight,NO CONTROLS,NONE DETECTED,No,Possible Minor Injury,N/A,NOT DISTRACTED,MD,PASSENGER CAR,SLOWING OR STOPPING,35,No,2005,HONDA,CIVIC,39.05020667,-77.05168167,2022,10,13
220045880,Injury Crash,10/19/2022 01:00:00 PM,GEORGIA AVE,NA,SAME DIR REAR END,Clear,DRY,Daylight,NO CONTROLS,NONE DETECTED,Yes,No Apparent Injury,N/A,NOT DISTRACTED,MD,PASSENGER CAR,MOVING CONSTANT SPEED,35,No,2012,FORD,ESCAPE,39.05020667,-77.05168167,2022,10,13
220045893,Property Damage Crash,10/19/2022 12:48:00 PM,GEORGIA AVE,NA,SINGLE VEHICLE,Clear,DRY,Daylight,NO CONTROLS,NONE DETECTED,Yes,No Apparent Injury,"N/A, RUTS, HOLES, BUMPS",NOT DISTRACTED,MD,POLICE VEHICLE/EMERGENCY,ACCELERATING,45,No,2019,DODGE,CHARGER,39.08391333,-77.07767167,2022,10,12
220045841,Property Damage Crash,10/19/2022 09:38:00 AM,MIDDLEBROOK RD,NA,STRAIGHT MOVEMENT ANGLE,Clear,DRY,Daylight,NO CONTROLS,NONE DETECTED,No,No Apparent Injury,N/A,NOT DISTRACTED,MD,PASSENGER CAR,MOVING CONSTANT SPEED,35,No,2013,MAZDA 3,4S,39.17988167,-77.23977167,2022,10,9
220045841,Property Damage Crash,10/19/2022 09:38:00 AM,MIDDLEBROOK RD,NA,STRAIGHT MOVEMENT ANGLE,Clear,DRY,Daylight,NO CONTROLS,NONE DETECTED,Yes,No Apparent Injury,N/A,NOT DISTRACTED,VA,PASSENGER CAR,STARTING FROM LANE,25,No,2005,GMC,VAN,39.17988167,-77.23977167,2022,10,9
220045831,Property Damage Crash,10/19/2022 09:13:00 AM,DUVALL RD,NA,SINGLE VEHICLE,Clear,DRY,Daylight,NO CONTROLS,NONE DETECTED,Yes,No Apparent Injury,N/A,NOT DISTRACTED,MD,SCHOOL BUS,BACKING,5,No,2022,FRHT,SB,39.091111,-76.95403083,2022,10,9
220045820,Property Damage Crash,10/19/2022 08:42:00 AM,OLD GEORGETOWN RD,NA,HEAD ON LEFT TURN,Clear,DRY,Daylight,TRAFFIC SIGNAL,NONE DETECTED,Yes,No Apparent Injury,N/A,LOOKED BUT DID NOT SEE,MD,PASSENGER CAR,MAKING LEFT TURN,15,No,2009,HOND,4S,38.98701833,-77.098865,2022,10,8
220045820,Property Damage Crash,10/19/2022 08:42:00 AM,OLD GEORGETOWN RD,NA,HEAD ON LEFT TURN,Clear,DRY,Daylight,TRAFFIC SIGNAL,NONE DETECTED,No,No Apparent Injury,N/A,NOT DISTRACTED,MD,PASSENGER CAR,MOVING CONSTANT SPEED,35,No,2017,TOYT,PRIUS,38.98701833,-77.098865,2022,10,8
220045816,Property Damage Crash,10/19/2022 08:28:00 AM,OLD GEORGETOWN RD,NA,HEAD ON LEFT TURN,Clear,DRY,Daylight,TRAFFIC SIGNAL,NONE DETECTED,Yes,No Apparent Injury,N/A,NOT DISTRACTED,MD,PASSENGER CAR,MOVING CONSTANT SPEED,35,No,2008,TOYT,TK,39.01665168,-77.11984435,2022,10,8
220045816,Property Damage Crash,10/19/2022 08:28:00 AM,OLD GEORGETOWN RD,NA,HEAD ON LEFT TURN,Clear,DRY,Daylight,TRAFFIC SIGNAL,NONE DETECTED,No,No Apparent Injury,N/A,NOT DISTRACTED,MD,PASSENGER CAR,MOVING CONSTANT SPEED,35,No,2016,NISS,4S,39.01665168,-77.11984435,2022,10,8
220045813,Injury Crash,10/19/2022 08:17:00 AM,CRABBS BRANCH WAY,NA,ANGLE MEETS LEFT HEAD ON,Clear,DRY,Daylight,TRAFFIC SIGNAL,NONE DETECTED,No,Possible Minor Injury,N/A,UNKNOWN,MD,PASSENGER CAR,MOVING CONSTANT SPEED,40,No,2008,FORD,FOCUS,39.1211,-77.15875833,2022,10,8
220045813,Injury Crash,10/19/2022 08:17:00 AM,CRABBS BRANCH WAY,NA,ANGLE MEETS LEFT HEAD ON,Clear,DRY,Daylight,TRAFFIC SIGNAL,NONE DETECTED,Yes,No Apparent Injury,N/A,UNKNOWN,NA,NA,MAKING LEFT TURN,40,No,0,UNKNOWN,UNKNOWN,39.1211,-77.15875833,2022,10,8
220045811,Property Damage Crash,10/19/2022 08:16:00 AM,FREDERICK RD,NA,ANGLE MEETS LEFT TURN,Cloudy,DRY,Daylight,TRAFFIC SIGNAL,NONE DETECTED,Yes,No Apparent Injury,N/A,LOOKED BUT DID NOT SEE,MD,PASSENGER CAR,MAKING LEFT TURN,35,No,2014,INFINITI,SUV,39.17823848,-77.23855945,2022,10,8
220045811,Property Damage Crash,10/19/2022 08:16:00 AM,FREDERICK RD,NA,ANGLE MEETS LEFT TURN,Cloudy,DRY,Daylight,TRAFFIC SIGNAL,NONE DETECTED,No,No Apparent Injury,N/A,NOT DISTRACTED,MD,(SPORT) UTILITY VEHICLE,MOVING CONSTANT SPEED,35,No,2019,HONDA,HRV,39.17823848,-77.23855945,2022,10,8
220045809,Injury Crash,10/19/2022 07:55:00 AM,VALLEY BROOK DR,PEDESTRIAN,SINGLE VEHICLE,Clear,DRY,Daylight,NO CONTROLS,NONE DETECTED,No,No Apparent Injury,N/A,NOT DISTRACTED,MD,PASSENGER CAR,MOVING CONSTANT SPEED,35,No,2017,TOYT,UT,39.05814167,-77.00284,2022,10,7
220045805,Injury Crash,10/19/2022 07:34:00 AM,ROCKVILLE PIKE,NA,HEAD ON LEFT TURN,Clear,DRY,Daylight,N/A,NONE DETECTED,No,Possible Minor Injury,N/A,NOT DISTRACTED,MD,PASSENGER CAR,MOVING CONSTANT SPEED,40,No,2015,LEXUW,RX350,39.07504667,-77.1368347,2022,10,7
220045805,Injury Crash,10/19/2022 07:34:00 AM,ROCKVILLE PIKE,NA,HEAD ON LEFT TURN,Clear,DRY,Daylight,N/A,NONE DETECTED,Yes,No Apparent Injury,N/A,INATTENTIVE OR LOST IN THOUGHT,VA,PASSENGER CAR,MAKING LEFT TURN,40,No,2016,CHEVROLET,TRAX,39.07504667,-77.1368347,2022,10,7
220045806,Property Damage Crash,10/19/2022 07:29:00 AM,PARK AVE,NA,ANGLE MEETS LEFT TURN,Clear,DRY,Daylight,STOP SIGN,NONE DETECTED,No,No Apparent Injury,N/A,NOT DISTRACTED,XX,PASSENGER CAR,MOVING CONSTANT SPEED,25,No,2019,DODG,CP,39.14483729,-77.19510281,2022,10,7
220045806,Property Damage Crash,10/19/2022 07:29:00 AM,PARK AVE,NA,ANGLE MEETS LEFT TURN,Clear,DRY,Daylight,STOP SIGN,NONE DETECTED,Yes,No Apparent Injury,N/A,LOOKED BUT DID NOT SEE,MD,PASSENGER CAR,MAKING LEFT TURN,25,No,2022,SUBA,UT,39.14483729,-77.19510281,2022,10,7
220045804,Injury Crash,10/19/2022 07:16:00 AM,FISHER AVE,PEDESTRIAN,SINGLE VEHICLE,Cloudy,DRY,Medium,NO CONTROLS,NONE DETECTED,Yes,No Apparent Injury,N/A,UNKNOWN,MD,PASSENGER CAR,MOVING CONSTANT SPEED,25,No,2014,ACURA,MDX,39.14208282,-77.40739193,2022,10,7
220045802,Injury Crash,10/19/2022 07:11:00 AM,NEW HAMPSHIRE AVE,NA,STRAIGHT MOVEMENT ANGLE,Clear,DRY,Medium,TRAFFIC SIGNAL,NONE DETECTED,Yes,Possible Minor Injury,N/A,NOT DISTRACTED,MD,(SPORT) UTILITY VEHICLE,MAKING LEFT TURN,45,No,2004,CADI,TK,39.19585,-77.12794167,2022,10,7
220045802,Injury Crash,10/19/2022 07:11:00 AM,NEW HAMPSHIRE AVE,NA,STRAIGHT MOVEMENT ANGLE,Clear,DRY,Medium,TRAFFIC SIGNAL,NONE DETECTED,No,Possible Minor Injury,N/A,NOT DISTRACTED,MD,(SPORT) UTILITY VEHICLE,MOVING CONSTANT SPEED,45,No,2016,MAZD,TK,39.19585,-77.12794167,2022,10,7
220045783,Property Damage Crash,10/18/2022 09:14:00 PM,FATHER HURLEY BLVD,NA,SAME DIRECTION SIDESWIPE,Clear,DRY,Medium,NO CONTROLS,NONE DETECTED,No,No Apparent Injury,N/A,NOT DISTRACTED,MD,VAN,MOVING CONSTANT SPEED,45,No,2010,KIA,SEDONA LX,39.1972215,-77.26444583,2022,10,21
220045783,Property Damage Crash,10/18/2022 09:14:00 PM,FATHER HURLEY BLVD,NA,SAME DIRECTION SIDESWIPE,Clear,DRY,Medium,NO CONTROLS,NONE DETECTED,Yes,No Apparent Injury,N/A,NOT DISTRACTED,MD,POLICE VEHICLE/NON EMERGENCY,MOVING CONSTANT SPEED,45,No,2019,DODGE,CHARGER,39.1972215,-77.26444583,2022,10,21
220045782,Property Damage Crash,10/18/2022 09:05:00 PM,RUSSELL AVE,NA,STRAIGHT MOVEMENT ANGLE,Clear,DRY,Medium,NO CONTROLS,NONE DETECTED,No,No Apparent Injury,N/A,NOT DISTRACTED,MD,POLICE VEHICLE/NON EMERGENCY,MOVING CONSTANT SPEED,35,No,2019,DODGE,CHARGER,39.15297921,-77.20856729,2022,10,21
220045782,Property Damage Crash,10/18/2022 09:05:00 PM,RUSSELL AVE,NA,STRAIGHT MOVEMENT ANGLE,Clear,DRY,Medium,NO CONTROLS,NONE DETECTED,Yes,No Apparent Injury,N/A,LOOKED BUT DID NOT SEE,MD,POLICE VEHICLE/NON EMERGENCY,MAKING LEFT TURN,35,No,2015,TOYOTA,SIENNA,39.15297921,-77.20856729,2022,10,21
220057780,Property Damage Crash,10/18/2022 08:55:00 PM,OLNEY SANDY SPRING RD,NA,SINGLE VEHICLE,Clear,DRY,Medium,NO CONTROLS,NONE DETECTED,Yes,No Apparent Injury,N/A,LOOKED BUT DID NOT SEE,MD,(SPORT) UTILITY VEHICLE,MOVING CONSTANT SPEED,30,No,2003,CHEVROLET,TRAIL BLAZER,39.14890012,-77.03040861,2022,10,20
220045790,Property Damage Crash,10/18/2022 08:15:00 PM,NA,NA,OTHER,Clear,NA,Medium,NO CONTROLS,NONE DETECTED,Yes,No Apparent Injury,N/A,UNKNOWN,OH,"OTHER LIGHT TRUCKS (10,000LBS (4,536KG) OR LESS)",PARKING,20,No,2017,FORD,F350,38.96948902,-77.13856867,2022,10,20
220045764,Injury Crash,10/18/2022 07:07:00 PM,GEORGIA AVE,NA,ANGLE MEETS LEFT TURN,Clear,DRY,Medium,NO CONTROLS,ALCOHOL PRESENT,No,No Apparent Injury,N/A,UNKNOWN,MD,PICKUP TRUCK,MOVING CONSTANT SPEED,35,No,2008,CHEV,PK,39.055235,-77.05010167,2022,10,19
220045764,Injury Crash,10/18/2022 07:07:00 PM,GEORGIA AVE,NA,ANGLE MEETS LEFT TURN,Clear,DRY,Medium,NO CONTROLS,NONE DETECTED,Yes,Possible Minor Injury,N/A,UNKNOWN,MD,PASSENGER CAR,MAKING LEFT TURN,35,No,2021,TOYOTA,SIENNA,39.055235,-77.05010167,2022,10,19
220045758,Injury Crash,10/18/2022 06:27:00 PM,COLUMBIA PIKE,NA,SINGLE VEHICLE,Clear,DRY,Medium,NO CONTROLS,NONE DETECTED,Yes,Possible Minor Injury,N/A,NOT DISTRACTED,MD,PASSENGER CAR,CHANGING LANES,55,No,2013,HYUNDAI,SONATA,39.12725667,-76.92235667,2022,10,18
220045754,Property Damage Crash,10/18/2022 06:08:00 PM,COLESVILLE RD,NA,SAME DIRECTION LEFT TURN,Clear,DRY,Daylight,NO CONTROLS,NONE DETECTED,No,No Apparent Injury,N/A,NOT DISTRACTED,MD,"OTHER LIGHT TRUCKS (10,000LBS (4,536KG) OR LESS)",MOVING CONSTANT SPEED,35,No,1999,FORD,EXPEDITION,38.99671875,-77.02786852,2022,10,18
220045754,Property Damage Crash,10/18/2022 06:08:00 PM,COLESVILLE RD,NA,SAME DIRECTION LEFT TURN,Clear,DRY,Daylight,NO CONTROLS,NONE DETECTED,Yes,No Apparent Injury,N/A,UNKNOWN,MD,(SPORT) UTILITY VEHICLE,MAKING U TURN,35,No,2011,TOYOTA,RAV4,38.99671875,-77.02786852,2022,10,18
220045749,Property Damage Crash,10/18/2022 05:39:00 PM,ROCKLEDGE DR,NA,STRAIGHT MOVEMENT ANGLE,Clear,DRY,Daylight,NO CONTROLS,NONE DETECTED,No,No Apparent Injury,N/A,NOT DISTRACTED,DC,(SPORT) UTILITY VEHICLE,MOVING CONSTANT SPEED,30,No,2019,VOLVO,SUV,39.03075,-77.134,2022,10,17
220045749,Property Damage Crash,10/18/2022 05:39:00 PM,ROCKLEDGE DR,NA,STRAIGHT MOVEMENT ANGLE,Clear,DRY,Daylight,NO CONTROLS,NONE DETECTED,Yes,No Apparent Injury,N/A,LOOKED BUT DID NOT SEE,DC,(SPORT) UTILITY VEHICLE,MAKING LEFT TURN,30,No,2020,FORD,ESCAPE,39.03075,-77.134,2022,10,17
220045745,Property Damage Crash,10/18/2022 05:13:00 PM,SEMINARY RD,NA,STRAIGHT MOVEMENT ANGLE,Clear,DRY,Daylight,NO CONTROLS,NONE DETECTED,No,No Apparent Injury,N/A,NOT DISTRACTED,MD,PASSENGER CAR,MOVING CONSTANT SPEED,25,No,2006,HONDA,PIOLET,39.01066583,-77.048466,2022,10,17