Local Case Number,ACRS Report Type,Crash Date/Time,Road Name,Related Non-Motorist,Collision Type,Weather,Surface Condition,Light,Traffic Control,Driver Substance Abuse,Driver At Fault,Injury Severity,Circumstance,Driver Distracted By,Drivers License State,Vehicle Body Type,Vehicle Movement,Speed Limit,Driverless Vehicle,Vehicle Year,Vehicle Make,Vehicle Model,Latitude,Longitude,Year,Month,Hour
220044879,Property Damage Crash,10/13/2022 02:30:00 PM,AUBURN AVE,NA,SAME DIRECTION SIDESWIPE,Cloudy,WET,Daylight,NO CONTROLS,NONE DETECTED,Yes,No Apparent Injury,N/A,LOOKED BUT DID NOT SEE,MD,PASSENGER CAR,MOVING CONSTANT SPEED,15,No,2013,HONDA,CR4,39.10148027,-77.1648825,2022,10,14
220044879,Property Damage Crash,10/13/2022 02:30:00 PM,AUBURN AVE,NA,SAME DIRECTION SIDESWIPE,Cloudy,WET,Daylight,NO CONTROLS,NONE DETECTED,No,No Apparent Injury,N/A,NOT DISTRACTED,MD,"MEDIUM/HEAVY TRUCKS 3 AXLES (OVER 10,000LBS (4,536KG))",PARKED,15,No,2014,MACK,DUMP TRK,39.10148027,-77.1648825,2022,10,14
22001814,Property Damage Crash,10/13/2022 02:30:00 PM,WEST OLD BALTIMORE RD,NA,SINGLE VEHICLE,Rain,WET,Daylight,N/A,NONE DETECTED,Yes,No Apparent Injury,"N/A, WET",NOT DISTRACTED,MD,PASSENGER CAR,OTHER,25,No,2010,TOYOTA,COROLLA,39.2120499,-77.2816699,2022,10,14
220045701,Property Damage Crash,10/13/2022 02:00:00 PM,NA,NA,OPPOSITE DIRECTION SIDESWIPE,Cloudy,NA,Daylight,NO CONTROLS,NONE DETECTED,Yes,No Apparent Injury,"N/A, WET",NOT DISTRACTED,MD,PASSENGER CAR,BACKING,10,No,2018,HYUN,ELANTRA,39.03556333,-77.14610833,2022,10,14
220044864,Property Damage Crash,10/13/2022 01:01:00 PM,MUNCASTER MILL RD,NA,SAME DIR REAR END,Rain,WET,Daylight,NO CONTROLS,NONE DETECTED,Yes,No Apparent Injury,"N/A, RAIN, SNOW",NOT DISTRACTED,MD,PASSENGER CAR,SLOWING OR STOPPING,40,No,2006,GMC,SIERRA,39.13423233,-77.1226255,2022,10,13
220044864,Property Damage Crash,10/13/2022 01:01:00 PM,MUNCASTER MILL RD,NA,SAME DIR REAR END,Rain,WET,Daylight,NO CONTROLS,NONE DETECTED,No,No Apparent Injury,"N/A, RAIN, SNOW",NOT DISTRACTED,MD,PASSENGER CAR,SLOWING OR STOPPING,40,No,2018,HONDA,CIVIC,39.13423233,-77.1226255,2022,10,13
220044856,Property Damage Crash,10/13/2022 11:52:00 AM,LOCKWOOD DR,NA,HEAD ON LEFT TURN,Rain,WET,Daylight,STOP SIGN,NONE DETECTED,Yes,No Apparent Injury,N/A,LOOKED BUT DID NOT SEE,MD,STATION WAGON,MAKING LEFT TURN,25,No,2018,TOYT,RAV4,39.035065,-76.997205,2022,10,11
220044856,Property Damage Crash,10/13/2022 11:52:00 AM,LOCKWOOD DR,NA,HEAD ON LEFT TURN,Rain,WET,Daylight,STOP SIGN,NONE DETECTED,No,No Apparent Injury,N/A,NOT DISTRACTED,MD,TRANSIT BUS,MOVING CONSTANT SPEED,30,No,2021,NFLY,548,39.035065,-76.997205,2022,10,11
220045114,Property Damage Crash,10/13/2022 10:00:00 AM,MONTGOMERY VILLAGE AVE,NA,SAME DIR REAR END,Rain,WET,Daylight,YIELD SIGN,NONE DETECTED,No,No Apparent Injury,"RAIN, SNOW, WET",NOT DISTRACTED,MD,PASSENGER CAR,MAKING RIGHT TURN,40,No,2017,KIA,SD,39.15308167,-77.21155333,2022,10,10
220045114,Property Damage Crash,10/13/2022 10:00:00 AM,MONTGOMERY VILLAGE AVE,NA,SAME DIR REAR END,Rain,WET,Daylight,YIELD SIGN,NONE DETECTED,Yes,No Apparent Injury,"RAIN, SNOW, WET",UNKNOWN,MD,PASSENGER CAR,SLOWING OR STOPPING,40,No,2012,KIA,SORENTO,39.15308167,-77.21155333,2022,10,10
220044812,Property Damage Crash,10/13/2022 09:51:00 AM,NA,NA,SINGLE VEHICLE,Rain,NA,Daylight,NO CONTROLS,NONE DETECTED,Yes,No Apparent Injury,N/A,UNKNOWN,MD,SCHOOL BUS,ACCELERATING,25,No,2014,THOMAS,CON MSDE,39.02111167,-77.04596,2022,10,9
220044793,Injury Crash,10/13/2022 08:50:00 AM,SHADY GROVE RD,NA,SAME DIR REAR END,Rain,WET,Daylight,TRAFFIC SIGNAL,NONE DETECTED,No,No Apparent Injury,"RAIN, SNOW, WET",NOT DISTRACTED,MD,PASSENGER CAR,SLOWING OR STOPPING,35,No,2017,TOYT,VN,39.11516293,-77.18552115,2022,10,8
220044792,Property Damage Crash,10/13/2022 08:50:00 AM,NEW HAMPSHIRE AVE,NA,HEAD ON LEFT TURN,Rain,WET,Daylight,TRAFFIC SIGNAL,NONE DETECTED,Unknown,No Apparent Injury,"N/A, WET",NOT DISTRACTED,MD,PASSENGER CAR,MOVING CONSTANT SPEED,35,No,2005,NISS,ALTIM,39.01549,-76.97769333,2022,10,8
220044792,Property Damage Crash,10/13/2022 08:50:00 AM,NEW HAMPSHIRE AVE,NA,HEAD ON LEFT TURN,Rain,WET,Daylight,TRAFFIC SIGNAL,NONE DETECTED,Unknown,No Apparent Injury,"N/A, WET",UNKNOWN,NA,UNKNOWN,MAKING U TURN,35,No,0,UNKNOWN,UNKNOWN,39.01549,-76.97769333,2022,10,8
220044793,Injury Crash,10/13/2022 08:50:00 AM,SHADY GROVE RD,NA,SAME DIR REAR END,Rain,WET,Daylight,TRAFFIC SIGNAL,NONE DETECTED,No,Possible Minor Injury,"RAIN, SNOW, WET",NOT DISTRACTED,MD,PASSENGER CAR,SLOWING OR STOPPING,35,No,2007,MAZD,4S,39.11516293,-77.18552115,2022,10,8
220044793,Injury Crash,10/13/2022 08:50:00 AM,SHADY GROVE RD,NA,SAME DIR REAR END,Rain,WET,Daylight,TRAFFIC SIGNAL,NONE DETECTED,Yes,No Apparent Injury,"RAIN, SNOW, WET",UNKNOWN,MD,PASSENGER CAR,SLOWING OR STOPPING,35,No,2012,TOYT,4S,39.11516293,-77.18552115,2022,10,8
220044799,Property Damage Crash,10/13/2022 08:35:00 AM,ROSEDALE AVE,NA,SAME DIRECTION SIDESWIPE,Rain,WET,Daylight,NO CONTROLS,NONE DETECTED,Yes,No Apparent Injury,N/A,NOT DISTRACTED,MD,"CARGO VAN/LIGHT TRUCK 2 AXLES (OVER 10,000LBS (4,536 KG))",MOVING CONSTANT SPEED,25,No,2009,CHEVY,TRUCK,38.99272981,-77.09040958,2022,10,8
220044785,Injury Crash,10/13/2022 08:25:00 AM,FREDERICK RD,NA,STRAIGHT MOVEMENT ANGLE,Rain,WET,Daylight,NO CONTROLS,NONE DETECTED,No,No Apparent Injury,N/A,NOT DISTRACTED,MD,(SPORT) UTILITY VEHICLE,MOVING CONSTANT SPEED,40,No,2016,TOYT,4S,39.230265,-77.268725,2022,10,8
220044785,Injury Crash,10/13/2022 08:25:00 AM,FREDERICK RD,NA,STRAIGHT MOVEMENT ANGLE,Rain,WET,Daylight,NO CONTROLS,NONE DETECTED,No,No Apparent Injury,N/A,NOT DISTRACTED,MD,(SPORT) UTILITY VEHICLE,SLOWING OR STOPPING,40,No,2021,NISS,4S,39.230265,-77.268725,2022,10,8
220044785,Injury Crash,10/13/2022 08:25:00 AM,FREDERICK RD,NA,STRAIGHT MOVEMENT ANGLE,Rain,WET,Daylight,NO CONTROLS,NONE DETECTED,No,Possible Minor Injury,N/A,NOT DISTRACTED,MD,(SPORT) UTILITY VEHICLE,SLOWING OR STOPPING,40,No,2022,TOYT,RAV4,39.230265,-77.268725,2022,10,8
220044785,Injury Crash,10/13/2022 08:25:00 AM,FREDERICK RD,NA,STRAIGHT MOVEMENT ANGLE,Rain,WET,Daylight,NO CONTROLS,NONE DETECTED,Yes,No Apparent Injury,N/A,NOT DISTRACTED,MD,PASSENGER CAR,MAKING LEFT TURN,40,No,2017,ACURA,4S,39.230265,-77.268725,2022,10,8
220044786,Property Damage Crash,10/13/2022 08:16:00 AM,WISTERIA DR,NA,SAME DIRECTION RIGHT TURN,Rain,WET,Daylight,NO CONTROLS,NONE DETECTED,No,No Apparent Injury,N/A,NOT DISTRACTED,DC,OTHER,PARKED,25,No,2021,GILG,BU,39.17310167,-77.26461333,2022,10,8
220044786,Property Damage Crash,10/13/2022 08:16:00 AM,WISTERIA DR,NA,SAME DIRECTION RIGHT TURN,Rain,WET,Daylight,NO CONTROLS,NONE DETECTED,Yes,No Apparent Injury,N/A,LOOKED BUT DID NOT SEE,MD,PASSENGER CAR,MOVING CONSTANT SPEED,25,No,2016,HONDA,PILOT,39.17310167,-77.26461333,2022,10,8
220044787,Injury Crash,10/13/2022 08:15:00 AM,MONTROSE RD,NA,SAME DIRECTION SIDESWIPE,Rain,WET,Daylight,NO CONTROLS,NONE DETECTED,Yes,No Apparent Injury,"N/A, WET",NOT DISTRACTED,MD,(SPORT) UTILITY VEHICLE,CHANGING LANES,40,No,2017,HYUNAI,TUCSON,39.05416833,-77.13997167,2022,10,8
220044787,Injury Crash,10/13/2022 08:15:00 AM,MONTROSE RD,NA,SAME DIRECTION SIDESWIPE,Rain,WET,Daylight,NO CONTROLS,NONE DETECTED,No,Possible Minor Injury,"N/A, WET",NOT DISTRACTED,MD,PASSENGER CAR,MOVING CONSTANT SPEED,40,No,2019,HYUNDAI,ELANTRA,39.05416833,-77.13997167,2022,10,8
220045238,Property Damage Crash,10/13/2022 08:00:00 AM,NA,NA,OTHER,Rain,NA,Daylight,N/A,NONE DETECTED,Yes,No Apparent Injury,"N/A, RAIN, SNOW",LOOKED BUT DID NOT SEE,MD,PASSENGER CAR,BACKING,0,No,2006,DODGE,GRAND CARAVAN,39.20970256,-77.30065438,2022,10,8
220044783,Property Damage Crash,10/13/2022 07:40:00 AM,RANDOLPH RD,NA,SINGLE VEHICLE,Rain,WET,Daylight,NO CONTROLS,NONE DETECTED,Yes,No Apparent Injury,"RAIN, SNOW, WET",NOT DISTRACTED,MD,PASSENGER CAR,SLOWING OR STOPPING,40,No,2016,HYUN,SEDAN,39.07522167,-77.00451,2022,10,7
220045823,Property Damage Crash,10/13/2022 07:28:00 AM,GEORGIA AVE,NA,OTHER,Rain,WET,Daylight,TRAFFIC SIGNAL,NONE DETECTED,No,No Apparent Injury,"RAIN, SNOW, WET",NOT DISTRACTED,MD,(SPORT) UTILITY VEHICLE,MOVING CONSTANT SPEED,40,No,2016,FORD,EXPLORER,39.12657195,-77.07223046,2022,10,7
220045823,Property Damage Crash,10/13/2022 07:28:00 AM,GEORGIA AVE,NA,OTHER,Rain,WET,Daylight,TRAFFIC SIGNAL,NONE DETECTED,Yes,No Apparent Injury,"RAIN, SNOW, WET",UNKNOWN,NA,PASSENGER CAR,CHANGING LANES,40,No,2017,TOYOTA,HIGHLANDER,39.12657195,-77.07223046,2022,10,7
220044777,Injury Crash,10/13/2022 07:24:00 AM,FREDERICK RD,NA,SAME DIR REAR END,Rain,WET,Daylight,NO CONTROLS,NONE DETECTED,No,Possible Minor Injury,"RAIN, SNOW, WET",NOT DISTRACTED,MD,PASSENGER CAR,STOPPED IN TRAFFIC LANE,35,No,2017,NISSAN,ROGUE,39.219437,-77.2569905,2022,10,7
220044777,Injury Crash,10/13/2022 07:24:00 AM,FREDERICK RD,NA,SAME DIR REAR END,Rain,WET,Daylight,NO CONTROLS,NONE DETECTED,No,No Apparent Injury,"RAIN, SNOW, WET",NOT DISTRACTED,MD,PASSENGER CAR,STOPPED IN TRAFFIC LANE,35,No,2013,ACURA,MDX,39.219437,-77.2569905,2022,10,7
220044777,Injury Crash,10/13/2022 07:24:00 AM,FREDERICK RD,NA,SAME DIR REAR END,Rain,WET,Daylight,NO CONTROLS,NONE DETECTED,Yes,No Apparent Injury,"RAIN, SNOW, WET",NOT DISTRACTED,MD,PASSENGER CAR,SLOWING OR STOPPING,35,No,2007,HONDA,PASSPORT,39.219437,-77.2569905,2022,10,7
220044776,Property Damage Crash,10/13/2022 07:10:00 AM,RIVER RD,NA,SAME DIR REAR END,Rain,WET,Medium,TRAFFIC SIGNAL,NONE DETECTED,No,No Apparent Injury,"RAIN, SNOW, WET",NOT DISTRACTED,MD,PASSENGER CAR,STOPPED IN TRAFFIC LANE,45,No,2011,JEEP,GRAND CHEROKEE,38.99104829,-77.15777699,2022,10,7
220044776,Property Damage Crash,10/13/2022 07:10:00 AM,RIVER RD,NA,SAME DIR REAR END,Rain,WET,Medium,TRAFFIC SIGNAL,NONE DETECTED,Yes,No Apparent Injury,"RAIN, SNOW, WET",NOT DISTRACTED,DC,PASSENGER CAR,SLOWING OR STOPPING,45,No,2006,TOYOTA,COROLLA,38.99104829,-77.15777699,2022,10,7
220044772,Property Damage Crash,10/13/2022 06:53:00 AM,ROCKVILLE PIKE,NA,STRAIGHT MOVEMENT ANGLE,Rain,WET,Medium,TRAFFIC SIGNAL,NONE DETECTED,No,No Apparent Injury,"RAIN, SNOW, WET",NOT DISTRACTED,MD,PASSENGER CAR,MAKING RIGHT TURN,30,No,2010,TOYOTA,TACOMA,38.99692333,-77.09595333,2022,10,6
220044772,Property Damage Crash,10/13/2022 06:53:00 AM,ROCKVILLE PIKE,NA,STRAIGHT MOVEMENT ANGLE,Rain,WET,Medium,TRAFFIC SIGNAL,NONE DETECTED,Yes,No Apparent Injury,"RAIN, SNOW, WET",LOOKED BUT DID NOT SEE,MD,PASSENGER CAR,MAKING LEFT TURN,30,No,2020,KIA,SPORTAGE,38.99692333,-77.09595333,2022,10,6
220044771,Property Damage Crash,10/13/2022 06:00:00 AM,RANDOLPH RD,NA,SINGLE VEHICLE,Rain,WET,Medium,NO CONTROLS,NONE DETECTED,Yes,No Apparent Injury,"RAIN, SNOW, WET",OTHER DISTRACTION,MD,PASSENGER CAR,MAKING LEFT TURN,40,No,2015,HOND,2S,39.07486,-77.00565833,2022,10,6
220044769,Property Damage Crash,10/13/2022 05:51:00 AM,COLUMBIA PIKE,NA,SINGLE VEHICLE,Rain,WET,Dark,NO CONTROLS,NONE DETECTED,Yes,No Apparent Injury,"N/A, WET",UNKNOWN,MD,PICKUP TRUCK,MOVING CONSTANT SPEED,40,No,2007,FORD,RANGER,39.04510233,-76.98965917,2022,10,5
220044748,Injury Crash,10/12/2022 09:42:00 PM,MUDDY BRANCH RD,NA,HEAD ON LEFT TURN,Clear,DRY,Medium,TRAFFIC SIGNAL,NONE DETECTED,Yes,Possible Minor Injury,N/A,UNKNOWN,MD,PASSENGER CAR,MAKING LEFT TURN,45,No,2015,TOYT,TK,39.13495483,-77.2057725,2022,10,21
220044748,Injury Crash,10/12/2022 09:42:00 PM,MUDDY BRANCH RD,NA,HEAD ON LEFT TURN,Clear,DRY,Medium,TRAFFIC SIGNAL,NONE DETECTED,No,Possible Minor Injury,N/A,UNKNOWN,MD,PASSENGER CAR,MOVING CONSTANT SPEED,45,No,2005,HOND,SD,39.13495483,-77.2057725,2022,10,21
220044747,Property Damage Crash,10/12/2022 09:23:00 PM,NEW HAMPSHIRE AVE,NA,HEAD ON LEFT TURN,Clear,DRY,Medium,TRAFFIC SIGNAL,NONE DETECTED,Unknown,No Apparent Injury,N/A,UNKNOWN,MD,PASSENGER CAR,MOVING CONSTANT SPEED,45,No,2020,FORD,UT,39.07526833,-77.00237667,2022,10,21
220044747,Property Damage Crash,10/12/2022 09:23:00 PM,NEW HAMPSHIRE AVE,NA,HEAD ON LEFT TURN,Clear,DRY,Medium,TRAFFIC SIGNAL,NONE DETECTED,Unknown,No Apparent Injury,N/A,UNKNOWN,MD,PASSENGER CAR,MAKING LEFT TURN,45,No,2007,MAZD,SD,39.07526833,-77.00237667,2022,10,21
220044739,Injury Crash,10/12/2022 08:45:00 PM,WISCONSIN AVE,PEDESTRIAN,SINGLE VEHICLE,Clear,DRY,Medium,TRAFFIC SIGNAL,NONE DETECTED,Yes,No Apparent Injury,N/A,LOOKED BUT DID NOT SEE,MD,PASSENGER CAR,MAKING LEFT TURN,25,No,2016,FORD,4S,38.98020833,-77.091825,2022,10,20
220044723,Injury Crash,10/12/2022 06:53:00 PM,COLUMBIA PIKE,NA,HEAD ON LEFT TURN,Clear,DRY,Medium,TRAFFIC SIGNAL,NONE DETECTED,Yes,Possible Minor Injury,N/A,UNKNOWN,MD,(SPORT) UTILITY VEHICLE,MAKING LEFT TURN,55,No,2013,ACUR,MDX,39.09548483,-76.93773217,2022,10,18
220044723,Injury Crash,10/12/2022 06:53:00 PM,COLUMBIA PIKE,NA,HEAD ON LEFT TURN,Clear,DRY,Medium,TRAFFIC SIGNAL,NONE DETECTED,No,No Apparent Injury,N/A,NOT DISTRACTED,MD,(SPORT) UTILITY VEHICLE,MOVING CONSTANT SPEED,55,No,2014,TOYT,RAV 4,39.09548483,-76.93773217,2022,10,18
220044161,Property Damage Crash,10/12/2022 06:30:00 PM,UNIVERSITY BLVD W,NA,HEAD ON LEFT TURN,Clear,DRY,Medium,NO CONTROLS,NONE DETECTED,No,No Apparent Injury,N/A,NOT DISTRACTED,MD,PASSENGER CAR,MOVING CONSTANT SPEED,35,No,1998,ACURA,HB,39.023963,-77.0112438,2022,10,18
220044161,Property Damage Crash,10/12/2022 06:30:00 PM,UNIVERSITY BLVD W,NA,HEAD ON LEFT TURN,Clear,DRY,Medium,NO CONTROLS,NONE DETECTED,Yes,No Apparent Injury,N/A,LOOKED BUT DID NOT SEE,MD,PASSENGER CAR,MAKING LEFT TURN,35,No,2019,TOYOTA,CAMRY,39.023963,-77.0112438,2022,10,18
220044719,Property Damage Crash,10/12/2022 05:39:00 PM,MONTGOMERY VILLAGE AVE,NA,SAME DIR REAR END,Clear,DRY,Daylight,TRAFFIC SIGNAL,NONE DETECTED,Yes,No Apparent Injury,N/A,NOT DISTRACTED,MD,PASSENGER CAR,STOPPED IN TRAFFIC LANE,35,No,2014,TOYOTA,CAMRY,39.16114833,-77.20162933,2022,10,17
220044719,Property Damage Crash,10/12/2022 05:39:00 PM,MONTGOMERY VILLAGE AVE,NA,SAME DIR REAR END,Clear,DRY,Daylight,TRAFFIC SIGNAL,NONE DETECTED,Yes,No Apparent Injury,N/A,NOT DISTRACTED,MD,MOTORCYCLE,MOVING CONSTANT SPEED,35,No,2007,HARLEY DAVIDSON,FLHTP,39.16114833,-77.20162933,2022,10,17
220044710,Property Damage Crash,10/12/2022 05:30:00 PM,CRABBS BRANCH WAY,NA,HEAD ON LEFT TURN,Clear,DRY,Medium,TRAFFIC SIGNAL,NONE DETECTED,No,No Apparent Injury,N/A,NOT DISTRACTED,MD,PASSENGER CAR,MOVING CONSTANT SPEED,35,No,2014,TOYOTA,RAV4,39.12083717,-77.15836783,2022,10,17
220044710,Property Damage Crash,10/12/2022 05:30:00 PM,CRABBS BRANCH WAY,NA,HEAD ON LEFT TURN,Clear,DRY,Medium,TRAFFIC SIGNAL,NONE DETECTED,Yes,No Apparent Injury,N/A,NOT DISTRACTED,MD,PASSENGER CAR,MAKING LEFT TURN,35,No,2007,HONDA,ACCORD,39.12083717,-77.15836783,2022,10,17
220044711,Injury Crash,10/12/2022 05:27:00 PM,MARYLAND AVE,PEDESTRIAN,SINGLE VEHICLE,Cloudy,DRY,Daylight,N/A,NONE DETECTED,Yes,No Apparent Injury,N/A,NOT DISTRACTED,SC,PASSENGER CAR,SLOWING OR STOPPING,25,No,2019,HONDA,CRV,39.08043397,-77.15271433,2022,10,17
220044708,Injury Crash,10/12/2022 05:20:00 PM,W DIAMOND AVE,NA,SAME DIR REAR END,Clear,DRY,Daylight,TRAFFIC SIGNAL,NONE DETECTED,No,No Apparent Injury,N/A,NOT DISTRACTED,MD,PASSENGER CAR,STOPPED IN TRAFFIC LANE,35,No,2021,CHEV,HB,39.14219731,-77.21897691,2022,10,17
220044708,Injury Crash,10/12/2022 05:20:00 PM,W DIAMOND AVE,NA,SAME DIR REAR END,Clear,DRY,Daylight,TRAFFIC SIGNAL,NONE DETECTED,No,Possible Minor Injury,N/A,NOT DISTRACTED,MD,PASSENGER CAR,STOPPED IN TRAFFIC LANE,35,No,2002,SATURN,SDN,39.14219731,-77.21897691,2022,10,17
220044708,Injury Crash,10/12/2022 05:20:00 PM,W DIAMOND AVE,NA,SAME DIR REAR END,Clear,DRY,Daylight,TRAFFIC SIGNAL,NONE DETECTED,Yes,No Apparent Injury,N/A,LOOKED BUT DID NOT SEE,MD,PASSENGER CAR,SLOWING OR STOPPING,35,No,2009,TOYOTA,CAMRY,39.14219731,-77.21897691,2022,10,17
220044703,Property Damage Crash,10/12/2022 04:56:00 PM,RUSSELL AVE,NA,HEAD ON LEFT TURN,Cloudy,DRY,Daylight,TRAFFIC SIGNAL,NONE DETECTED,Yes,No Apparent Injury,N/A,LOOKED BUT DID NOT SEE,MD,PASSENGER CAR,MAKING LEFT TURN,30,No,2019,TOYT,CAMRY,39.15455638,-77.20939063,2022,10,16
220044703,Property Damage Crash,10/12/2022 04:56:00 PM,RUSSELL AVE,NA,HEAD ON LEFT TURN,Cloudy,DRY,Daylight,TRAFFIC SIGNAL,NONE DETECTED,Yes,No Apparent Injury,N/A,NOT DISTRACTED,MD,PASSENGER CAR,ACCELERATING,35,No,2007,MERCEDES,E350,39.15455638,-77.20939063,2022,10,16
220053209,Injury Crash,10/12/2022 04:13:00 PM,FREDERICK RD,BICYCLIST,OTHER,Clear,DRY,Daylight,NO CONTROLS,NONE DETECTED,Yes,No Apparent Injury,N/A,UNKNOWN,MD,NA,MAKING RIGHT TURN,30,No,0,UNKNOWN,UNKNOWN,39.1461514,-77.20414629,2022,10,16
220044690,Injury Crash,10/12/2022 04:02:00 PM,GREENTREE RD,NA,STRAIGHT MOVEMENT ANGLE,Clear,DRY,Daylight,STOP SIGN,NONE DETECTED,Yes,No Apparent Injury,N/A,LOOKED BUT DID NOT SEE,MD,STATION WAGON,ACCELERATING,30,No,2015,SUBARU,OUTBACK,39.00085,-77.12156,2022,10,16
220044690,Injury Crash,10/12/2022 04:02:00 PM,GREENTREE RD,NA,STRAIGHT MOVEMENT ANGLE,Clear,DRY,Daylight,STOP SIGN,NONE DETECTED,No,Possible Minor Injury,N/A,NOT DISTRACTED,MD,PASSENGER CAR,MOVING CONSTANT SPEED,30,No,2006,BMW,325I,39.00085,-77.12156,2022,10,16
220044688,Property Damage Crash,10/12/2022 03:54:00 PM,LINDEN LA,NA,SAME DIR REAR END,Clear,DRY,Daylight,TRAFFIC SIGNAL,NONE DETECTED,No,No Apparent Injury,N/A,NOT DISTRACTED,MD,PICKUP TRUCK,SLOWING OR STOPPING,25,No,2019,FORD,VN,39.00915883,-77.044333,2022,10,15
220044688,Property Damage Crash,10/12/2022 03:54:00 PM,LINDEN LA,NA,SAME DIR REAR END,Clear,DRY,Daylight,TRAFFIC SIGNAL,NONE DETECTED,Yes,No Apparent Injury,N/A,LOOKED BUT DID NOT SEE,MD,PICKUP TRUCK,SLOWING OR STOPPING,25,No,2015,FORD,F350,39.00915883,-77.044333,2022,10,15
220044698,Property Damage Crash,10/12/2022 03:50:00 PM,OLD GEORGETOWN RD,NA,OTHER,Clear,DRY,Daylight,TRAFFIC SIGNAL,NONE DETECTED,No,No Apparent Injury,N/A,NOT DISTRACTED,MD,VAN,MOVING CONSTANT SPEED,35,No,2018,CHEVROLET,EXPRESS,39.00450708,-77.11052149,2022,10,15
220044698,Property Damage Crash,10/12/2022 03:50:00 PM,OLD GEORGETOWN RD,NA,OTHER,Clear,DRY,Daylight,TRAFFIC SIGNAL,NONE DETECTED,Yes,No Apparent Injury,N/A,UNKNOWN,MD,PASSENGER CAR,MOVING CONSTANT SPEED,35,No,2015,CHEVROLET,EQUINOX,39.00450708,-77.11052149,2022,10,15
22004669,Property Damage Crash,10/12/2022 02:18:00 PM,BROADBIRCH DR,NA,ANGLE MEETS LEFT TURN,Clear,DRY,Daylight,STOP SIGN,NONE DETECTED,No,No Apparent Injury,N/A,NOT DISTRACTED,MD,(SPORT) UTILITY VEHICLE,MOVING CONSTANT SPEED,25,No,2022,SUBA,UT,39.05601333,-76.965975,2022,10,14
22004669,Property Damage Crash,10/12/2022 02:18:00 PM,BROADBIRCH DR,NA,ANGLE MEETS LEFT TURN,Clear,DRY,Daylight,STOP SIGN,NONE DETECTED,Yes,No Apparent Injury,N/A,LOOKED BUT DID NOT SEE,NC,PASSENGER CAR,MAKING LEFT TURN,25,No,2022,HYUN,ACCENT,39.05601333,-76.965975,2022,10,14
220044663,Property Damage Crash,10/12/2022 02:15:00 PM,RIDGE RD,NA,STRAIGHT MOVEMENT ANGLE,Clear,DRY,Daylight,NO CONTROLS,NONE DETECTED,Yes,No Apparent Injury,N/A,NOT DISTRACTED,MD,PASSENGER CAR,MAKING RIGHT TURN,0,No,2014,SUBARU,LEGACY,39.28826487,-77.2060171,2022,10,14
220044663,Property Damage Crash,10/12/2022 02:15:00 PM,RIDGE RD,NA,STRAIGHT MOVEMENT ANGLE,Clear,DRY,Daylight,NO CONTROLS,NONE DETECTED,No,No Apparent Injury,N/A,NOT DISTRACTED,MD,(SPORT) UTILITY VEHICLE,MOVING CONSTANT SPEED,30,No,2013,DODGE,DURANGO,39.28826487,-77.2060171,2022,10,14
220044666,Property Damage Crash,10/12/2022 02:09:00 PM,OLD GEORGETOWN RD,NA,SAME DIRECTION LEFT TURN,Clear,DRY,Daylight,TRAFFIC SIGNAL,NONE DETECTED,Yes,No Apparent Injury,N/A,NOT DISTRACTED,MD,"OTHER LIGHT TRUCKS (10,000LBS (4,536KG) OR LESS)",MOVING CONSTANT SPEED,45,No,2007,GMC,TK,39.02499073,-77.12535853,2022,10,14
220044666,Property Damage Crash,10/12/2022 02:09:00 PM,OLD GEORGETOWN RD,NA,SAME DIRECTION LEFT TURN,Clear,DRY,Daylight,TRAFFIC SIGNAL,NONE DETECTED,No,No Apparent Injury,N/A,NOT DISTRACTED,NC,"MEDIUM/HEAVY TRUCKS 3 AXLES (OVER 10,000LBS (4,536KG))",MOVING CONSTANT SPEED,45,No,2021,FREIGHTLINER,CASCADIA,39.02499073,-77.12535853,2022,10,14
220044662,Property Damage Crash,10/12/2022 02:05:00 PM,NA,NA,OTHER,Clear,NA,Daylight,N/A,NONE DETECTED,Yes,No Apparent Injury,N/A,UNKNOWN,MD,PASSENGER CAR,STARTING FROM PARKED,5,No,2018,TOYOTA,RAV4,38.98566,-76.98585667,2022,10,14
220274691,Property Damage Crash,10/12/2022 01:03:00 PM,CAPITAL BELTWAY,NA,SAME DIR REAR END,Clear,DRY,Daylight,NO CONTROLS,NONE DETECTED,Yes,No Apparent Injury,N/A,INATTENTIVE OR LOST IN THOUGHT,VA,PASSENGER CAR,MOVING CONSTANT SPEED,55,No,2014,NISSAN,CUBE,39.0167,-77.09858833,2022,10,13
220274691,Property Damage Crash,10/12/2022 01:03:00 PM,CAPITAL BELTWAY,NA,SAME DIR REAR END,Clear,DRY,Daylight,NO CONTROLS,NONE DETECTED,No,No Apparent Injury,N/A,NOT DISTRACTED,MD,(SPORT) UTILITY VEHICLE,MOVING CONSTANT SPEED,55,No,2018,VOLKSWAGON,ATLAS,39.0167,-77.09858833,2022,10,13
220045115,Property Damage Crash,10/12/2022 12:50:00 PM,NA,NA,OTHER,Clear,NA,Daylight,NO CONTROLS,NONE DETECTED,Yes,No Apparent Injury,N/A,UNKNOWN,NA,PASSENGER CAR,MOVING CONSTANT SPEED,5,No,2014,VOLKSWAGEN,JETTA,39.05674628,-76.96590911,2022,10,12
220044627,Property Damage Crash,10/12/2022 12:24:00 PM,W DEER PARK RD,NA,STRAIGHT MOVEMENT ANGLE,Cloudy,DRY,Daylight,NO CONTROLS,NONE DETECTED,No,No Apparent Injury,N/A,NOT DISTRACTED,MD,PASSENGER CAR,MOVING CONSTANT SPEED,25,No,2000,HOND,CIVIC,39.12797245,-77.19514017,2022,10,12
220044627,Property Damage Crash,10/12/2022 12:24:00 PM,W DEER PARK RD,NA,STRAIGHT MOVEMENT ANGLE,Cloudy,DRY,Daylight,NO CONTROLS,NONE DETECTED,Yes,No Apparent Injury,N/A,LOOKED BUT DID NOT SEE,MD,PASSENGER CAR,MAKING LEFT TURN,25,No,2016,ACURA,MDX,39.12797245,-77.19514017,2022,10,12
220044619,Property Damage Crash,10/12/2022 11:19:00 AM,VEIRS MILL RD,NA,SAME DIR BOTH LEFT TURN,Clear,DRY,Daylight,TRAFFIC SIGNAL,NONE DETECTED,Yes,No Apparent Injury,N/A,UNKNOWN,XX,"CARGO VAN/LIGHT TRUCK 2 AXLES (OVER 10,000LBS (4,536 KG))",MAKING LEFT TURN,30,No,2020,FRT,TK,39.04005335,-77.05560259,2022,10,11
220044619,Property Damage Crash,10/12/2022 11:19:00 AM,VEIRS MILL RD,NA,SAME DIR BOTH LEFT TURN,Clear,DRY,Daylight,TRAFFIC SIGNAL,NONE DETECTED,No,No Apparent Injury,N/A,NOT DISTRACTED,MD,TRANSIT BUS,MAKING LEFT TURN,30,No,2013,NEW FLYER,TBU,39.04005335,-77.05560259,2022,10,11
220044596,Property Damage Crash,10/12/2022 09:16:00 AM,PALMIRA LA,NA,SAME DIRECTION SIDESWIPE,Clear,DRY,Daylight,N/A,NONE DETECTED,Yes,No Apparent Injury,N/A,LOOKED BUT DID NOT SEE,MD,SCHOOL BUS,MOVING CONSTANT SPEED,25,No,2015,FRHT,BU,39.07850667,-77.07448167,2022,10,9