Local Case Number,ACRS Report Type,Crash Date/Time,Road Name,Related Non-Motorist,Collision Type,Weather,Surface Condition,Light,Traffic Control,Driver Substance Abuse,Driver At Fault,Injury Severity,Circumstance,Driver Distracted By,Drivers License State,Vehicle Body Type,Vehicle Movement,Speed Limit,Driverless Vehicle,Vehicle Year,Vehicle Make,Vehicle Model,Latitude,Longitude,Year,Month,Hour
220044585,Property Damage Crash,10/12/2022 09:15:00 AM,RANDOLPH RD,NA,SAME DIRECTION SIDESWIPE,Clear,DRY,Daylight,NO CONTROLS,NONE DETECTED,Yes,No Apparent Injury,N/A,UNKNOWN,NA,PASSENGER CAR,ACCELERATING,30,No,2021,CHEVROLET,PICK UP,39.0588037,-77.07018132,2022,10,9
220044585,Property Damage Crash,10/12/2022 09:15:00 AM,RANDOLPH RD,NA,SAME DIRECTION SIDESWIPE,Clear,DRY,Daylight,NO CONTROLS,NONE DETECTED,No,No Apparent Injury,N/A,NOT DISTRACTED,MD,SCHOOL BUS,MOVING CONSTANT SPEED,30,No,2021,THOMAS,CONV-MSDE-C-8,39.0588037,-77.07018132,2022,10,9
220044573,Property Damage Crash,10/12/2022 09:03:00 AM,GEORGIA AVE,NA,SAME DIRECTION SIDESWIPE,Clear,DRY,Daylight,TRAFFIC SIGNAL,NONE DETECTED,Yes,No Apparent Injury,N/A,NOT DISTRACTED,MD,AMBULANCE/NON EMERGENCY,MAKING LEFT TURN,35,No,2016,FREIGHTLINER,PL CUSTOM,39.0472404,-77.05209487,2022,10,9
220044573,Property Damage Crash,10/12/2022 09:03:00 AM,GEORGIA AVE,NA,SAME DIRECTION SIDESWIPE,Clear,DRY,Daylight,TRAFFIC SIGNAL,NONE DETECTED,No,No Apparent Injury,N/A,NOT DISTRACTED,MD,SCHOOL BUS,STOPPED IN TRAFFIC LANE,35,No,2015,THOMAS,CONV-MSDE-C-8,39.0472404,-77.05209487,2022,10,9
220044575,Property Damage Crash,10/12/2022 08:36:00 AM,S FREDERICK RD,NA,HEAD ON LEFT TURN,Clear,DRY,Daylight,TRAFFIC SIGNAL,NONE DETECTED,Unknown,No Apparent Injury,N/A,NOT DISTRACTED,MD,PASSENGER CAR,MOVING CONSTANT SPEED,30,No,2015,GMC,UT,39.13196047,-77.18889183,2022,10,8
220044575,Property Damage Crash,10/12/2022 08:36:00 AM,S FREDERICK RD,NA,HEAD ON LEFT TURN,Clear,DRY,Daylight,TRAFFIC SIGNAL,NONE DETECTED,Unknown,No Apparent Injury,N/A,NOT DISTRACTED,WA,PASSENGER CAR,MAKING LEFT TURN,30,No,2021,TOYOTA,RAV4,39.13196047,-77.18889183,2022,10,8
220044572,Property Damage Crash,10/12/2022 08:33:00 AM,GEORGIA AVE,NA,STRAIGHT MOVEMENT ANGLE,Clear,DRY,Daylight,TRAFFIC SIGNAL,NONE DETECTED,Yes,No Apparent Injury,N/A,UNKNOWN,MD,PASSENGER CAR,STARTING FROM PARKED,35,No,2013,NISSAN,SENTRA,39.14253833,-77.06740333,2022,10,8
220044572,Property Damage Crash,10/12/2022 08:33:00 AM,GEORGIA AVE,NA,STRAIGHT MOVEMENT ANGLE,Clear,DRY,Daylight,TRAFFIC SIGNAL,NONE DETECTED,Yes,No Apparent Injury,N/A,NOT DISTRACTED,MD,PASSENGER CAR,MAKING LEFT TURN,40,No,2004,CHEVROLET,AVALANCHE,39.14253833,-77.06740333,2022,10,8
220044567,Property Damage Crash,10/12/2022 08:25:00 AM,W MONTGOMERY AVE,NA,STRAIGHT MOVEMENT ANGLE,Clear,DRY,Daylight,TRAFFIC SIGNAL,NONE DETECTED,No,No Apparent Injury,N/A,NOT DISTRACTED,MD,PASSENGER CAR,MOVING CONSTANT SPEED,30,No,2018,TOYOTA,RAV4,39.08384629,-77.15692165,2022,10,8
220044567,Property Damage Crash,10/12/2022 08:25:00 AM,W MONTGOMERY AVE,NA,STRAIGHT MOVEMENT ANGLE,Clear,DRY,Daylight,TRAFFIC SIGNAL,NONE DETECTED,Yes,No Apparent Injury,N/A,NOT DISTRACTED,MD,PASSENGER CAR,MOVING CONSTANT SPEED,30,No,2012,HONDA,ACCORD,39.08384629,-77.15692165,2022,10,8
220044569,Injury Crash,10/12/2022 08:25:00 AM,GREAT SENECA HWY,NA,SAME DIR REAR END,Clear,DRY,Daylight,TRAFFIC SIGNAL,NONE DETECTED,No,No Apparent Injury,N/A,NOT DISTRACTED,MD,PASSENGER CAR,SLOWING OR STOPPING,55,No,2006,HONDA,ACCORD,39.13300913,-77.24464417,2022,10,8
220044569,Injury Crash,10/12/2022 08:25:00 AM,GREAT SENECA HWY,NA,SAME DIR REAR END,Clear,DRY,Daylight,TRAFFIC SIGNAL,NONE DETECTED,Yes,Possible Minor Injury,N/A,NOT DISTRACTED,MD,PASSENGER CAR,SLOWING OR STOPPING,55,No,2007,TOYOTA,COROLLA,39.13300913,-77.24464417,2022,10,8
220044569,Injury Crash,10/12/2022 08:25:00 AM,GREAT SENECA HWY,NA,SAME DIR REAR END,Clear,DRY,Daylight,TRAFFIC SIGNAL,NONE DETECTED,Yes,Possible Minor Injury,N/A,NOT DISTRACTED,MD,PASSENGER CAR,SLOWING OR STOPPING,55,No,2005,CHEVY,TRAILBLAZER,39.13300913,-77.24464417,2022,10,8
220044569,Injury Crash,10/12/2022 08:25:00 AM,GREAT SENECA HWY,NA,SAME DIR REAR END,Clear,DRY,Daylight,TRAFFIC SIGNAL,NONE DETECTED,Yes,No Apparent Injury,N/A,NOT DISTRACTED,MD,PASSENGER CAR,SLOWING OR STOPPING,55,No,2017,TOYOTA,COROLLA,39.13300913,-77.24464417,2022,10,8
220044571,Property Damage Crash,10/12/2022 08:22:00 AM,PINEY MEETINGHOUSE RD,NA,STRAIGHT MOVEMENT ANGLE,Clear,DRY,Daylight,STOP SIGN,NONE DETECTED,Yes,No Apparent Injury,N/A,UNKNOWN,MD,PASSENGER CAR,MAKING LEFT TURN,40,No,2020,JAGUAR,F-PACE,39.08261077,-77.21695704,2022,10,8
220044571,Property Damage Crash,10/12/2022 08:22:00 AM,PINEY MEETINGHOUSE RD,NA,STRAIGHT MOVEMENT ANGLE,Clear,DRY,Daylight,STOP SIGN,NONE DETECTED,No,No Apparent Injury,N/A,NOT DISTRACTED,MD,PASSENGER CAR,STARTING FROM LANE,40,No,2012,LAND ROVER,RANGE ROVER EVOQUE,39.08261077,-77.21695704,2022,10,8
220044563,Property Damage Crash,10/12/2022 07:12:00 AM,GATE DANCER LA,NA,SAME DIRECTION SIDESWIPE,Clear,DRY,Medium,NO CONTROLS,NONE DETECTED,Yes,No Apparent Injury,N/A,NOT DISTRACTED,MD,SCHOOL BUS,MOVING CONSTANT SPEED,25,No,2021,FRHT,SCHOOL BUS,39.15662167,-77.29811,2022,10,7
220044576,Fatal Crash,10/12/2022 07:08:00 AM,WISCONSIN AVE,NA,HEAD ON LEFT TURN,Clear,DRY,Medium,NO CONTROLS,NONE DETECTED,No,Fatal Injury,N/A,NOT DISTRACTED,MD,MOTORCYCLE,MOVING CONSTANT SPEED,25,No,2018,YAMAHA,XV1900,38.99356333,-77.09617,2022,10,7
220044576,Fatal Crash,10/12/2022 07:08:00 AM,WISCONSIN AVE,NA,HEAD ON LEFT TURN,Clear,DRY,Medium,NO CONTROLS,NONE DETECTED,Yes,Possible Minor Injury,N/A,UNKNOWN,MD,(SPORT) UTILITY VEHICLE,MAKING LEFT TURN,25,No,2001,TOYT,4RUNNER,38.99356333,-77.09617,2022,10,7
220044556,Injury Crash,10/12/2022 06:20:00 AM,ROCKVILLE PIKE,NA,STRAIGHT MOVEMENT ANGLE,Clear,DRY,Medium,STOP SIGN,NONE DETECTED,Yes,No Apparent Injury,N/A,LOOKED BUT DID NOT SEE,MD,PASSENGER CAR,MAKING LEFT TURN,35,No,2013,HYUN,4S,39.06024034,-77.12270929,2022,10,6
220044556,Injury Crash,10/12/2022 06:20:00 AM,ROCKVILLE PIKE,NA,STRAIGHT MOVEMENT ANGLE,Clear,DRY,Medium,STOP SIGN,NONE DETECTED,No,No Apparent Injury,N/A,NOT DISTRACTED,MD,(SPORT) UTILITY VEHICLE,MOVING CONSTANT SPEED,35,No,2003,MERZ,TK,39.06024034,-77.12270929,2022,10,6
220044555,Property Damage Crash,10/12/2022 05:58:00 AM,EISENHOWER MEMORIAL HWY,NA,SINGLE VEHICLE,Clear,DRY,Dark,NO CONTROLS,NONE DETECTED,No,No Apparent Injury,"DEBRIS OR OBSTRUCTION, N/A",NOT DISTRACTED,MD,POLICE VEHICLE/EMERGENCY,MOVING CONSTANT SPEED,55,No,2017,DODGE,CHARGER,39.1932777,-77.26014226,2022,10,5
220044554,Property Damage Crash,10/12/2022 05:55:00 AM,COLESVILLE RD,NA,SAME DIRECTION RIGHT TURN,Clear,DRY,Medium,TRAFFIC SIGNAL,NONE DETECTED,Yes,No Apparent Injury,N/A,UNKNOWN,NA,NA,MAKING RIGHT TURN,35,No,0,UNKNOWN,UNKNOWN,38.99777095,-77.02697257,2022,10,5
220044554,Property Damage Crash,10/12/2022 05:55:00 AM,COLESVILLE RD,NA,SAME DIRECTION RIGHT TURN,Clear,DRY,Medium,TRAFFIC SIGNAL,NONE DETECTED,No,No Apparent Injury,N/A,NOT DISTRACTED,MD,TRANSIT BUS,STOPPED IN TRAFFIC LANE,35,No,2020,NOVABUS,BUS,38.99777095,-77.02697257,2022,10,5
220044547,Property Damage Crash,10/12/2022 02:42:00 AM,GLENSIDE DR,NA,STRAIGHT MOVEMENT ANGLE,Clear,DRY,Medium,TRAFFIC SIGNAL,NONE DETECTED,Yes,No Apparent Injury,N/A,UNKNOWN,NA,PASSENGER CAR,MOVING CONSTANT SPEED,35,No,2002,SUZUKI,TK,38.981755,-76.98887833,2022,10,2
220044547,Property Damage Crash,10/12/2022 02:42:00 AM,GLENSIDE DR,NA,STRAIGHT MOVEMENT ANGLE,Clear,DRY,Medium,TRAFFIC SIGNAL,NONE DETECTED,No,No Apparent Injury,N/A,NOT DISTRACTED,MD,PASSENGER CAR,MOVING CONSTANT SPEED,35,No,2019,TOYOTA,CORROLA,38.981755,-76.98887833,2022,10,2
220044548,Property Damage Crash,10/12/2022 02:33:00 AM,FREDERICK RD,NA,SAME DIR REAR END,Clear,N/A,Medium,TRAFFIC SIGNAL,NONE DETECTED,Yes,No Apparent Injury,N/A,UNKNOWN,NA,PASSENGER CAR,MOVING CONSTANT SPEED,40,No,2017,HONDA,CIVIC,39.11577833,-77.16628,2022,10,2
220044548,Property Damage Crash,10/12/2022 02:33:00 AM,FREDERICK RD,NA,SAME DIR REAR END,Clear,N/A,Medium,TRAFFIC SIGNAL,NONE DETECTED,No,No Apparent Injury,N/A,NOT DISTRACTED,PA,"MEDIUM/HEAVY TRUCKS 3 AXLES (OVER 10,000LBS (4,536KG))",ACCELERATING,40,No,2022,FREIGHTLINER,CASCADIA,39.11577833,-77.16628,2022,10,2
220044536,Property Damage Crash,10/11/2022 10:30:00 PM,NORBECK RD,NA,ANGLE MEETS LEFT TURN,Clear,DRY,Medium,TRAFFIC SIGNAL,NONE DETECTED,No,No Apparent Injury,N/A,NOT DISTRACTED,MD,PICKUP TRUCK,MOVING CONSTANT SPEED,35,No,2018,TOYOTA,TUNDRA,39.10900333,-77.080305,2022,10,22
220044536,Property Damage Crash,10/11/2022 10:30:00 PM,NORBECK RD,NA,ANGLE MEETS LEFT TURN,Clear,DRY,Medium,TRAFFIC SIGNAL,NONE DETECTED,Yes,No Apparent Injury,N/A,NOT DISTRACTED,MD,PASSENGER CAR,MAKING LEFT TURN,35,No,2020,AUDI,SD,39.10900333,-77.080305,2022,10,22
220044528,Property Damage Crash,10/11/2022 08:45:00 PM,OLD GEORGETOWN RD,NA,SAME DIRECTION SIDESWIPE,Clear,DRY,Medium,NO CONTROLS,NONE DETECTED,Yes,No Apparent Injury,N/A,NOT DISTRACTED,MD,AMBULANCE/NON EMERGENCY,MOVING CONSTANT SPEED,35,No,2020,FRHT,AM,39.02568214,-77.12574443,2022,10,20
220044528,Property Damage Crash,10/11/2022 08:45:00 PM,OLD GEORGETOWN RD,NA,SAME DIRECTION SIDESWIPE,Clear,DRY,Medium,NO CONTROLS,NONE DETECTED,Yes,No Apparent Injury,N/A,UNKNOWN,MD,PASSENGER CAR,MOVING CONSTANT SPEED,35,No,2021,MAZDA,CX30,39.02568214,-77.12574443,2022,10,20
220044512,Property Damage Crash,10/11/2022 07:28:00 PM,GEORGIA AVE,NA,SAME DIRECTION SIDESWIPE,Clear,DRY,Medium,TRAFFIC SIGNAL,NONE DETECTED,Yes,No Apparent Injury,N/A,UNKNOWN,MD,FIRE VEHICLE/EMERGENCY,PASSING,25,No,2019,FORD,F150,39.04314207,-77.05181569,2022,10,19
220044512,Property Damage Crash,10/11/2022 07:28:00 PM,GEORGIA AVE,NA,SAME DIRECTION SIDESWIPE,Clear,DRY,Medium,TRAFFIC SIGNAL,NONE DETECTED,Yes,No Apparent Injury,N/A,NOT DISTRACTED,CA,PASSENGER CAR,STOPPED IN TRAFFIC LANE,25,No,2003,GMC,YUKON,39.04314207,-77.05181569,2022,10,19
220044510,Property Damage Crash,10/11/2022 07:25:00 PM,UNIVERSITY BLVD W,NA,HEAD ON LEFT TURN,Clear,DRY,Medium,TRAFFIC SIGNAL,NONE DETECTED,Yes,No Apparent Injury,N/A,LOOKED BUT DID NOT SEE,MD,(SPORT) UTILITY VEHICLE,MAKING LEFT TURN,35,No,2011,TOYOTA,RAV4,39.041235,-77.04845,2022,10,19
220044510,Property Damage Crash,10/11/2022 07:25:00 PM,UNIVERSITY BLVD W,NA,HEAD ON LEFT TURN,Clear,DRY,Medium,TRAFFIC SIGNAL,NONE DETECTED,No,No Apparent Injury,N/A,UNKNOWN,MD,(SPORT) UTILITY VEHICLE,MOVING CONSTANT SPEED,35,No,2004,MERCEDES,TK,39.041235,-77.04845,2022,10,19
220044503,Property Damage Crash,10/11/2022 06:39:00 PM,EAST WEST HWY,NA,SAME DIR REAR END,Clear,DRY,Medium,NO CONTROLS,NONE DETECTED,No,No Apparent Injury,N/A,NOT DISTRACTED,DC,PASSENGER CAR,SLOWING OR STOPPING,30,No,2018,TOYOTA,UT,38.99183517,-77.03063533,2022,10,18
220044503,Property Damage Crash,10/11/2022 06:39:00 PM,EAST WEST HWY,NA,SAME DIR REAR END,Clear,DRY,Medium,NO CONTROLS,NONE DETECTED,Yes,No Apparent Injury,N/A,UNKNOWN,MD,PASSENGER CAR,SLOWING OR STOPPING,30,No,2019,HYUNDAI,ELANTRA,38.99183517,-77.03063533,2022,10,18
220044488,Property Damage Crash,10/11/2022 05:45:00 PM,GERMANTOWN RD,NA,ANGLE MEETS RIGHT TURN,Clear,DRY,Daylight,STOP SIGN,NONE DETECTED,Yes,No Apparent Injury,N/A,LOOKED BUT DID NOT SEE,MD,PASSENGER CAR,MAKING RIGHT TURN,40,No,2016,HOND,TK,39.19105667,-77.22718833,2022,10,17
220044488,Property Damage Crash,10/11/2022 05:45:00 PM,GERMANTOWN RD,NA,ANGLE MEETS RIGHT TURN,Clear,DRY,Daylight,STOP SIGN,NONE DETECTED,No,No Apparent Injury,N/A,NOT DISTRACTED,MD,PASSENGER CAR,MOVING CONSTANT SPEED,40,No,2013,TOYT,WG,39.19105667,-77.22718833,2022,10,17
220044487,Injury Crash,10/11/2022 05:31:00 PM,GERMANTOWN RD,NA,SAME DIR REAR END,Clear,DRY,Daylight,TRAFFIC SIGNAL,NONE DETECTED,No,Possible Minor Injury,N/A,NOT DISTRACTED,MD,MOTORCYCLE,ACCELERATING,40,No,2012,KAWASAKI,650R,39.17697767,-77.27013497,2022,10,17
220044487,Injury Crash,10/11/2022 05:31:00 PM,GERMANTOWN RD,NA,SAME DIR REAR END,Clear,DRY,Daylight,TRAFFIC SIGNAL,NONE DETECTED,Yes,No Apparent Injury,N/A,NOT DISTRACTED,MD,PASSENGER CAR,ACCELERATING,40,No,1999,FORD,EXPLORER,39.17697767,-77.27013497,2022,10,17
22004448,Property Damage Crash,10/11/2022 05:25:00 PM,BREGMAN RD,NA,SAME DIR REAR END,Clear,DRY,Daylight,NO CONTROLS,NONE DETECTED,No,No Apparent Injury,N/A,NOT DISTRACTED,MD,PASSENGER CAR,SLOWING OR STOPPING,40,No,2012,TOYOTA,CAMRY,39.07455333,-77.00557333,2022,10,17
22004448,Property Damage Crash,10/11/2022 05:25:00 PM,BREGMAN RD,NA,SAME DIR REAR END,Clear,DRY,Daylight,NO CONTROLS,NONE DETECTED,Yes,No Apparent Injury,N/A,UNKNOWN,MD,PASSENGER CAR,MOVING CONSTANT SPEED,40,No,2019,VOLKS,JETTA,39.07455333,-77.00557333,2022,10,17
22004448,Property Damage Crash,10/11/2022 05:25:00 PM,BREGMAN RD,NA,SAME DIR REAR END,Clear,DRY,Daylight,NO CONTROLS,NONE DETECTED,No,No Apparent Injury,N/A,NOT DISTRACTED,MD,PASSENGER CAR,SLOWING OR STOPPING,40,No,2009,TOYOTA,MATRIX,39.07455333,-77.00557333,2022,10,17
220044477,Property Damage Crash,10/11/2022 04:41:00 PM,OLNEY SANDY SPRING RD,NA,SAME DIR REAR END,Clear,DRY,Daylight,TRAFFIC SIGNAL,NONE DETECTED,No,No Apparent Injury,N/A,NOT DISTRACTED,MD,PICKUP TRUCK,MOVING CONSTANT SPEED,40,No,2020,GMC,TK,39.14631333,-77.05018167,2022,10,16
220044477,Property Damage Crash,10/11/2022 04:41:00 PM,OLNEY SANDY SPRING RD,NA,SAME DIR REAR END,Clear,DRY,Daylight,TRAFFIC SIGNAL,NONE DETECTED,Yes,No Apparent Injury,N/A,LOOKED BUT DID NOT SEE,MD,(SPORT) UTILITY VEHICLE,CHANGING LANES,40,No,2021,MAZD,UT,39.14631333,-77.05018167,2022,10,16
220044477,Property Damage Crash,10/11/2022 04:41:00 PM,OLNEY SANDY SPRING RD,NA,SAME DIR REAR END,Clear,DRY,Daylight,TRAFFIC SIGNAL,NONE DETECTED,No,No Apparent Injury,N/A,NOT DISTRACTED,MD,(SPORT) UTILITY VEHICLE,MOVING CONSTANT SPEED,40,No,2015,NISS,TK,39.14631333,-77.05018167,2022,10,16
220044472,Injury Crash,10/11/2022 04:20:00 PM,RICHTER FARM RD,PEDESTRIAN,OTHER,Clear,DRY,Daylight,NO CONTROLS,NONE DETECTED,Yes,No Apparent Injury,N/A,UNKNOWN,NA,NA,MOVING CONSTANT SPEED,35,No,0,UNKNOWN,UNKNOWN,39.15365908,-77.28666362,2022,10,16
220044482,Property Damage Crash,10/11/2022 04:05:00 PM,CLARKSBURG RD,NA,ANGLE MEETS RIGHT TURN,Clear,DRY,Daylight,YIELD SIGN,NONE DETECTED,Yes,No Apparent Injury,N/A,UNKNOWN,NA,NA,MOVING CONSTANT SPEED,40,No,0,UNKNOWN,UNKNOWN,39.21377483,-77.29857167,2022,10,16
220044482,Property Damage Crash,10/11/2022 04:05:00 PM,CLARKSBURG RD,NA,ANGLE MEETS RIGHT TURN,Clear,DRY,Daylight,YIELD SIGN,NONE DETECTED,No,No Apparent Injury,N/A,NOT DISTRACTED,MD,VAN,MOVING CONSTANT SPEED,40,No,2018,FORD,TRANSIT,39.21377483,-77.29857167,2022,10,16
220044465,Injury Crash,10/11/2022 03:39:00 PM,NEW HAMPSHIRE AVE,NA,STRAIGHT MOVEMENT ANGLE,Clear,DRY,Daylight,TRAFFIC SIGNAL,NONE DETECTED,Yes,Possible Minor Injury,N/A,UNKNOWN,MD,PASSENGER CAR,MOVING CONSTANT SPEED,35,No,2013,KIA,UT,38.98851192,-76.98788727,2022,10,15
220044465,Injury Crash,10/11/2022 03:39:00 PM,NEW HAMPSHIRE AVE,NA,STRAIGHT MOVEMENT ANGLE,Clear,DRY,Daylight,TRAFFIC SIGNAL,NONE DETECTED,No,No Apparent Injury,N/A,NOT DISTRACTED,MD,PASSENGER CAR,MOVING CONSTANT SPEED,35,No,2001,LEXUS,RX300,38.98851192,-76.98788727,2022,10,15
220044458,Injury Crash,10/11/2022 03:15:00 PM,EMORY GROVE RD,NA,HEAD ON LEFT TURN,Clear,DRY,Daylight,TRAFFIC SIGNAL,NONE DETECTED,Yes,No Apparent Injury,N/A,INATTENTIVE OR LOST IN THOUGHT,NA,UNKNOWN,ACCELERATING,30,No,0,UNKNOWN,UNKNOWN,39.15222277,-77.17240855,2022,10,15
220044458,Injury Crash,10/11/2022 03:15:00 PM,EMORY GROVE RD,NA,HEAD ON LEFT TURN,Clear,DRY,Daylight,TRAFFIC SIGNAL,NONE DETECTED,No,Possible Minor Injury,N/A,NOT DISTRACTED,MD,PASSENGER CAR,MOVING CONSTANT SPEED,30,No,2020,GMC,TERRAIN,39.15222277,-77.17240855,2022,10,15
220044457,Property Damage Crash,10/11/2022 02:46:00 PM,UNIVERSITY BLVD E,NA,SAME DIRECTION SIDESWIPE,Clear,DRY,Daylight,TRAFFIC SIGNAL,NONE DETECTED,Yes,No Apparent Injury,N/A,UNKNOWN,MD,SCHOOL BUS,CHANGING LANES,35,No,2018,THOMAS,SCHOOL BUS,39.0178247,-77.00706748,2022,10,14
220044457,Property Damage Crash,10/11/2022 02:46:00 PM,UNIVERSITY BLVD E,NA,SAME DIRECTION SIDESWIPE,Clear,DRY,Daylight,TRAFFIC SIGNAL,NONE DETECTED,No,No Apparent Injury,N/A,NOT DISTRACTED,MD,"CARGO VAN/LIGHT TRUCK 2 AXLES (OVER 10,000LBS (4,536 KG))",MOVING CONSTANT SPEED,35,No,2008,FORD,F350 TT,39.0178247,-77.00706748,2022,10,14
220044452,Property Damage Crash,10/11/2022 02:33:00 PM,CONNECTICUT AVE,NA,SAME DIR REAR END,Clear,DRY,Daylight,NO CONTROLS,NONE DETECTED,No,No Apparent Injury,N/A,NOT DISTRACTED,MD,PICKUP TRUCK,MOVING CONSTANT SPEED,35,No,2016,GMC,SIERRA,39.0033231,-77.07731671,2022,10,14
220044452,Property Damage Crash,10/11/2022 02:33:00 PM,CONNECTICUT AVE,NA,SAME DIR REAR END,Clear,DRY,Daylight,NO CONTROLS,NONE DETECTED,No,No Apparent Injury,N/A,NOT DISTRACTED,MD,"MEDIUM/HEAVY TRUCKS 3 AXLES (OVER 10,000LBS (4,536KG))",MOVING CONSTANT SPEED,35,No,2015,FRHT,DIGGER,39.0033231,-77.07731671,2022,10,14
220044452,Property Damage Crash,10/11/2022 02:33:00 PM,CONNECTICUT AVE,NA,SAME DIR REAR END,Clear,DRY,Daylight,NO CONTROLS,NONE DETECTED,Yes,No Apparent Injury,N/A,NOT DISTRACTED,XX,PASSENGER CAR,CHANGING LANES,35,No,2006,MERCEDEZ,S500,39.0033231,-77.07731671,2022,10,14
20044451,Property Damage Crash,10/11/2022 02:10:00 PM,BUCKLODGE RD,NA,SAME DIRECTION SIDESWIPE,Clear,DRY,Daylight,PERSON,NONE DETECTED,Yes,No Apparent Injury,N/A,NOT DISTRACTED,MD,SCHOOL BUS,CHANGING LANES,40,No,2022,THMS,BUS,39.11209333,-77.30557333,2022,10,14
220044432,Property Damage Crash,10/11/2022 02:00:00 PM,NEBEL ST,NA,STRAIGHT MOVEMENT ANGLE,Clear,DRY,Daylight,STOP SIGN,NONE DETECTED,Yes,No Apparent Injury,N/A,LOOKED BUT DID NOT SEE,MD,PASSENGER CAR,STARTING FROM LANE,30,No,2019,FORD,FUSION,39.05034113,-77.10869617,2022,10,14
220044432,Property Damage Crash,10/11/2022 02:00:00 PM,NEBEL ST,NA,STRAIGHT MOVEMENT ANGLE,Clear,DRY,Daylight,STOP SIGN,NONE DETECTED,Yes,No Apparent Injury,N/A,LOOKED BUT DID NOT SEE,MD,PASSENGER CAR,STARTING FROM LANE,30,No,2014,AUDI,A4,39.05034113,-77.10869617,2022,10,14
220044439,Injury Crash,10/11/2022 01:55:00 PM,NA,PEDESTRIAN,STRAIGHT MOVEMENT ANGLE,Clear,NA,Daylight,STOP SIGN,NONE DETECTED,Yes,No Apparent Injury,N/A,LOOKED BUT DID NOT SEE,MD,PICKUP TRUCK,STARTING FROM LANE,5,No,2018,CHEVY,SILVERADO,39.15680213,-77.22116675,2022,10,13
220044433,Injury Crash,10/11/2022 01:21:00 PM,GREAT SENECA HWY,NA,OTHER,Clear,DRY,Daylight,NO CONTROLS,NONE DETECTED,Yes,No Apparent Injury,N/A,LOOKED BUT DID NOT SEE,MD,PASSENGER CAR,MAKING U TURN,35,No,2010,ACURA,TL,39.16971833,-77.26392167,2022,10,13
220044433,Injury Crash,10/11/2022 01:21:00 PM,GREAT SENECA HWY,NA,OTHER,Clear,DRY,Daylight,NO CONTROLS,NONE DETECTED,No,Possible Minor Injury,N/A,NOT DISTRACTED,MD,PASSENGER CAR,MOVING CONSTANT SPEED,35,No,2009,HONDA,ACCORD,39.16971833,-77.26392167,2022,10,13
220044428,Property Damage Crash,10/11/2022 01:12:00 PM,GREAT SENECA HWY,NA,SAME DIR REAR END,Clear,DRY,Daylight,N/A,NONE DETECTED,Yes,No Apparent Injury,N/A,LOOKED BUT DID NOT SEE,MD,PASSENGER CAR,SLOWING OR STOPPING,35,No,2013,INFI,4S,39.11164325,-77.2205438,2022,10,13
220044428,Property Damage Crash,10/11/2022 01:12:00 PM,GREAT SENECA HWY,NA,SAME DIR REAR END,Clear,DRY,Daylight,N/A,NONE DETECTED,No,No Apparent Injury,N/A,NOT DISTRACTED,MD,PASSENGER CAR,SLOWING OR STOPPING,35,No,2006,TOYT,4S,39.11164325,-77.2205438,2022,10,13
220044426,Property Damage Crash,10/11/2022 01:00:00 PM,LOCKWOOD DR,NA,SAME DIRECTION LEFT TURN,Clear,DRY,Daylight,TRAFFIC SIGNAL,NONE DETECTED,Yes,No Apparent Injury,N/A,NOT DISTRACTED,MD,PICKUP TRUCK,ACCELERATING,35,No,2015,FORD,TK,39.039645,-76.991035,2022,10,13
220044426,Property Damage Crash,10/11/2022 01:00:00 PM,LOCKWOOD DR,NA,SAME DIRECTION LEFT TURN,Clear,DRY,Daylight,TRAFFIC SIGNAL,NONE DETECTED,No,No Apparent Injury,N/A,NOT DISTRACTED,MD,TRANSIT BUS,STARTING FROM LANE,35,No,2020,TRANSIT,BUS,39.039645,-76.991035,2022,10,13
220044423,Injury Crash,10/11/2022 12:45:00 PM,CLUB HOUSE RD,NA,STRAIGHT MOVEMENT ANGLE,Clear,DRY,Daylight,TRAFFIC SIGNAL,NONE DETECTED,Yes,Possible Minor Injury,N/A,UNKNOWN,MD,PASSENGER CAR,MOVING CONSTANT SPEED,35,No,2006,NISS,4S,39.17452731,-77.2034069,2022,10,12
220044423,Injury Crash,10/11/2022 12:45:00 PM,CLUB HOUSE RD,NA,STRAIGHT MOVEMENT ANGLE,Clear,DRY,Daylight,TRAFFIC SIGNAL,NONE DETECTED,No,No Apparent Injury,N/A,NOT DISTRACTED,MD,PICKUP TRUCK,MOVING CONSTANT SPEED,35,No,2015,RAM,TK,39.17452731,-77.2034069,2022,10,12
220044416,Property Damage Crash,10/11/2022 12:00:00 PM,W MONTGOMERY AVE,NA,SAME DIRECTION SIDESWIPE,Clear,DRY,Daylight,OTHER,NONE DETECTED,No,No Apparent Injury,N/A,NOT DISTRACTED,MD,PICKUP TRUCK,MOVING CONSTANT SPEED,30,No,1998,DODGE,DAKOTA,39.08565865,-77.17052536,2022,10,12
220044416,Property Damage Crash,10/11/2022 12:00:00 PM,W MONTGOMERY AVE,NA,SAME DIRECTION SIDESWIPE,Clear,DRY,Daylight,OTHER,NONE DETECTED,Yes,No Apparent Injury,N/A,INATTENTIVE OR LOST IN THOUGHT,MD,(SPORT) UTILITY VEHICLE,CHANGING LANES,30,No,2013,SUBARU,OUTBACK,39.08565865,-77.17052536,2022,10,12
22004407,Property Damage Crash,10/11/2022 10:56:00 AM,COMMERCE LA,NA,SAME DIRECTION SIDESWIPE,Clear,DRY,Daylight,PERSON,NONE DETECTED,Yes,No Apparent Injury,"N/A, NON-HIGHWAY WORK",LOOKED BUT DID NOT SEE,MD,TRANSIT BUS,MOVING CONSTANT SPEED,5,No,2021,NEW FLYER,BUS,38.98518,-77.09541167,2022,10,10
22004407,Property Damage Crash,10/11/2022 10:56:00 AM,COMMERCE LA,NA,SAME DIRECTION SIDESWIPE,Clear,DRY,Daylight,PERSON,NONE DETECTED,No,No Apparent Injury,"N/A, NON-HIGHWAY WORK",NOT DISTRACTED,MD,TRUCK TRACTOR,PARKED,0,No,2005,VOLV,TRUCK TRACTOR,38.98518,-77.09541167,2022,10,10
220044398,Injury Crash,10/11/2022 09:40:00 AM,CONNECTICUT AVE,NA,SAME DIR REAR END,Clear,DRY,Daylight,NO CONTROLS,NONE DETECTED,No,Possible Minor Injury,N/A,NOT DISTRACTED,MD,PASSENGER CAR,SLOWING OR STOPPING,0,No,2007,FORD,4DR,39.00705233,-77.07919667,2022,10,9
220044398,Injury Crash,10/11/2022 09:40:00 AM,CONNECTICUT AVE,NA,SAME DIR REAR END,Clear,DRY,Daylight,NO CONTROLS,NONE DETECTED,Yes,No Apparent Injury,N/A,NOT DISTRACTED,MD,PASSENGER CAR,MOVING CONSTANT SPEED,5,No,2018,MAZDA,4DR,39.00705233,-77.07919667,2022,10,9
220044393,Property Damage Crash,10/11/2022 09:05:00 AM,GERMANTOWN RD,NA,SAME DIR REAR END,Clear,DRY,Daylight,NO CONTROLS,NONE DETECTED,Yes,No Apparent Injury,N/A,NOT DISTRACTED,MD,PASSENGER CAR,MOVING CONSTANT SPEED,40,No,1999,BMW,323I,39.19193167,-77.23225167,2022,10,9
220044393,Property Damage Crash,10/11/2022 09:05:00 AM,GERMANTOWN RD,NA,SAME DIR REAR END,Clear,DRY,Daylight,NO CONTROLS,NONE DETECTED,No,No Apparent Injury,N/A,NOT DISTRACTED,MD,(SPORT) UTILITY VEHICLE,STOPPED IN TRAFFIC LANE,40,No,2017,SUBA,CROSS TREK,39.19193167,-77.23225167,2022,10,9