Local Case Number,ACRS Report Type,Crash Date/Time,Road Name,Related Non-Motorist,Collision Type,Weather,Surface Condition,Light,Traffic Control,Driver Substance Abuse,Driver At Fault,Injury Severity,Circumstance,Driver Distracted By,Drivers License State,Vehicle Body Type,Vehicle Movement,Speed Limit,Driverless Vehicle,Vehicle Year,Vehicle Make,Vehicle Model,Latitude,Longitude,Year,Month,Hour
220044396,Property Damage Crash,10/11/2022 09:00:00 AM,OLD HUNDRED RD,NA,SINGLE VEHICLE,Clear,DRY,Daylight,NO CONTROLS,NONE DETECTED,Yes,No Apparent Injury,N/A,NOT DISTRACTED,MD,PASSENGER CAR,SKIDDING,40,No,1997,FORD,MUSTANG,39.26405,-77.34378167,2022,10,9
220044387,Injury Crash,10/11/2022 08:55:00 AM,COLESVILLE RD,NA,SAME DIR REAR END,Clear,DRY,Daylight,NO CONTROLS,NONE DETECTED,Yes,No Apparent Injury,N/A,NOT DISTRACTED,MD,PASSENGER CAR,SLOWING OR STOPPING,35,No,2010,LEXUS,RX350,39.0273255,-77.0101915,2022,10,8
220044387,Injury Crash,10/11/2022 08:55:00 AM,COLESVILLE RD,NA,SAME DIR REAR END,Clear,DRY,Daylight,NO CONTROLS,NONE DETECTED,No,Possible Minor Injury,N/A,NOT DISTRACTED,MD,PASSENGER CAR,SLOWING OR STOPPING,35,No,2018,NISSAN,ROGUE,39.0273255,-77.0101915,2022,10,8
220044383,Property Damage Crash,10/11/2022 08:20:00 AM,ROCKVILLE PIKE,NA,STRAIGHT MOVEMENT ANGLE,Clear,DRY,Daylight,TRAFFIC SIGNAL,NONE DETECTED,No,No Apparent Injury,"N/A, ROAD UNDER CONSTRUCTION/MAINTENANCE",NOT DISTRACTED,MD,PASSENGER CAR,STARTING FROM LANE,40,No,2017,VOLKSWAGEN,ALLTRACK,39.02230907,-77.1027419,2022,10,8
220044383,Property Damage Crash,10/11/2022 08:20:00 AM,ROCKVILLE PIKE,NA,STRAIGHT MOVEMENT ANGLE,Clear,DRY,Daylight,TRAFFIC SIGNAL,NONE DETECTED,Yes,No Apparent Injury,"N/A, ROAD UNDER CONSTRUCTION/MAINTENANCE",BY OTHER OCCUPANTS,VA,PASSENGER CAR,SLOWING OR STOPPING,40,No,2011,ACURA,MDX,39.02230907,-77.1027419,2022,10,8
220044382,Property Damage Crash,10/11/2022 08:00:00 AM,WHITTIER BLVD,NA,SAME DIRECTION RIGHT TURN,Clear,DRY,Daylight,NO CONTROLS,NONE DETECTED,Yes,No Apparent Injury,N/A,NOT DISTRACTED,MD,SCHOOL BUS,MAKING RIGHT TURN,25,No,2016,THOMAS BUILT,SCHOOL BUS,38.983125,-77.12640833,2022,10,8
220044382,Property Damage Crash,10/11/2022 08:00:00 AM,WHITTIER BLVD,NA,SAME DIRECTION RIGHT TURN,Clear,DRY,Daylight,NO CONTROLS,NONE DETECTED,No,No Apparent Injury,N/A,NOT DISTRACTED,MD,PASSENGER CAR,STARTING FROM PARKED,25,No,2020,JEEP,GRAND CHEROKEE,38.983125,-77.12640833,2022,10,8
220044378,Property Damage Crash,10/11/2022 07:41:00 AM,DARNESTOWN RD,NA,SAME DIR REAR END,Clear,DRY,Daylight,TRAFFIC SIGNAL,NONE DETECTED,No,No Apparent Injury,"N/A, VISION OBSTRUCTION (INCL. BLINDED BY SUN)",NOT DISTRACTED,MD,PASSENGER CAR,STOPPED IN TRAFFIC LANE,35,No,2018,FORD,EXPLORER,39.1178639,-77.25327278,2022,10,7
220044378,Property Damage Crash,10/11/2022 07:41:00 AM,DARNESTOWN RD,NA,SAME DIR REAR END,Clear,DRY,Daylight,TRAFFIC SIGNAL,NONE DETECTED,Yes,No Apparent Injury,"N/A, VISION OBSTRUCTION (INCL. BLINDED BY SUN)",OTHER DISTRACTION,MD,"CARGO VAN/LIGHT TRUCK 2 AXLES (OVER 10,000LBS (4,536 KG))",MOVING CONSTANT SPEED,35,No,2020,RAM,2500,39.1178639,-77.25327278,2022,10,7
220044378,Property Damage Crash,10/11/2022 07:41:00 AM,DARNESTOWN RD,NA,SAME DIR REAR END,Clear,DRY,Daylight,TRAFFIC SIGNAL,NONE DETECTED,No,No Apparent Injury,"N/A, VISION OBSTRUCTION (INCL. BLINDED BY SUN)",NOT DISTRACTED,MD,PASSENGER CAR,STOPPED IN TRAFFIC LANE,35,No,2005,DODGE,NEON,39.1178639,-77.25327278,2022,10,7
220044374,Property Damage Crash,10/11/2022 06:26:00 AM,NA,NA,SINGLE VEHICLE,Clear,NA,Medium,N/A,NONE DETECTED,Yes,No Apparent Injury,N/A,UNKNOWN,MD,(SPORT) UTILITY VEHICLE,PARKING,5,No,2020,MERCEDES,GLE,39.06804747,-77.1284133,2022,10,6
220044371,Injury Crash,10/11/2022 05:44:00 AM,UNIVERSITY BLVD E,PEDESTRIAN,SINGLE VEHICLE,Clear,DRY,Medium,TRAFFIC SIGNAL,NONE DETECTED,Yes,No Apparent Injury,N/A,NOT DISTRACTED,MD,PASSENGER CAR,MAKING LEFT TURN,35,No,2009,HONDA,ACCORD,38.99385077,-76.99254645,2022,10,5
220044460,Property Damage Crash,10/11/2022 05:00:00 AM,I 95,NA,SINGLE VEHICLE,Clear,DRY,Medium,NO CONTROLS,NONE DETECTED,No,No Apparent Injury,N/A,NOT DISTRACTED,MD,SNOWMOBILE,MOVING CONSTANT SPEED,55,No,2021,CHEV,UT,39.04546781,-76.93362262,2022,10,5
220044113,Property Damage Crash,10/11/2022 02:38:00 AM,WOODFIELD RD,NA,SAME DIR REAR END,Clear,DRY,Dark,NO CONTROLS,NONE DETECTED,Yes,No Apparent Injury,N/A,LOOKED BUT DID NOT SEE,MD,PASSENGER CAR,MOVING CONSTANT SPEED,30,No,2016,TOYOTA,RAV4,39.25217737,-77.19601602,2022,10,2
220044367,Property Damage Crash,10/11/2022 01:50:00 AM,LAYHILL RD,NA,STRAIGHT MOVEMENT ANGLE,Clear,DRY,Medium,TRAFFIC SIGNAL,NONE DETECTED,No,No Apparent Injury,N/A,NOT DISTRACTED,MD,PASSENGER CAR,MOVING CONSTANT SPEED,35,No,2015,FORD,VAN,39.09055418,-77.04480255,2022,10,1
220044367,Property Damage Crash,10/11/2022 01:50:00 AM,LAYHILL RD,NA,STRAIGHT MOVEMENT ANGLE,Clear,DRY,Medium,TRAFFIC SIGNAL,NONE DETECTED,Yes,No Apparent Injury,N/A,NOT DISTRACTED,MD,PASSENGER CAR,MAKING LEFT TURN,35,No,2017,HONDA,CIVIC,39.09055418,-77.04480255,2022,10,1
220044357,Property Damage Crash,10/10/2022 09:01:00 PM,MONTGOMERY VILLAGE AVE,NA,HEAD ON LEFT TURN,Clear,DRY,Medium,TRAFFIC SIGNAL,NONE DETECTED,Unknown,No Apparent Injury,N/A,NOT DISTRACTED,MD,PASSENGER CAR,MOVING CONSTANT SPEED,35,No,2012,NISSAN,SENTRA,39.15826833,-77.20458333,2022,10,21
220044357,Property Damage Crash,10/10/2022 09:01:00 PM,MONTGOMERY VILLAGE AVE,NA,HEAD ON LEFT TURN,Clear,DRY,Medium,TRAFFIC SIGNAL,NONE DETECTED,Unknown,No Apparent Injury,N/A,NOT DISTRACTED,MD,PASSENGER CAR,MAKING LEFT TURN,35,No,2019,TOYOTA,RAV4,39.15826833,-77.20458333,2022,10,21
220044350,Property Damage Crash,10/10/2022 07:44:00 PM,GLENSIDE DR,NA,OTHER,Clear,DRY,Medium,N/A,NONE DETECTED,Yes,No Apparent Injury,N/A,UNKNOWN,MD,"CARGO VAN/LIGHT TRUCK 2 AXLES (OVER 10,000LBS (4,536 KG))",ACCELERATING,10,No,2021,FORD,ST,38.98535,-76.99242,2022,10,19
220044352,Property Damage Crash,10/10/2022 07:40:00 PM,NA,NA,SINGLE VEHICLE,Clear,NA,Medium,NO CONTROLS,NONE DETECTED,Yes,No Apparent Injury,N/A,UNKNOWN,MD,PASSENGER CAR,BACKING,25,No,2014,HONDA,CRV,39.15445067,-77.06737733,2022,10,19
220044347,Property Damage Crash,10/10/2022 07:26:00 PM,BRIGGS RD,NA,STRAIGHT MOVEMENT ANGLE,Clear,DRY,Medium,TRAFFIC SIGNAL,NONE DETECTED,No,No Apparent Injury,N/A,NOT DISTRACTED,FL,PASSENGER CAR,MOVING CONSTANT SPEED,40,No,2017,HYUNDAI,ELANTRA,39.06922167,-77.04557333,2022,10,19
220044347,Property Damage Crash,10/10/2022 07:26:00 PM,BRIGGS RD,NA,STRAIGHT MOVEMENT ANGLE,Clear,DRY,Medium,TRAFFIC SIGNAL,NONE DETECTED,Yes,No Apparent Injury,N/A,LOOKED BUT DID NOT SEE,MD,PASSENGER CAR,MAKING LEFT TURN,40,No,2008,VOLKSWAGEN,JETTA,39.06922167,-77.04557333,2022,10,19
220044330,Property Damage Crash,10/10/2022 06:00:00 PM,MONTGOMERY VILLAGE AVE,NA,SAME DIRECTION RIGHT TURN,Clear,DRY,Daylight,TRAFFIC SIGNAL,NONE DETECTED,Yes,No Apparent Injury,N/A,NOT DISTRACTED,MD,(SPORT) UTILITY VEHICLE,MAKING RIGHT TURN,35,No,2010,HOND,PILOT,39.17002,-77.20439,2022,10,18
220044330,Property Damage Crash,10/10/2022 06:00:00 PM,MONTGOMERY VILLAGE AVE,NA,SAME DIRECTION RIGHT TURN,Clear,DRY,Daylight,TRAFFIC SIGNAL,NONE DETECTED,No,No Apparent Injury,N/A,NOT DISTRACTED,MD,TRANSIT BUS,ACCELERATING,35,No,2017,GILG,BUS,39.17002,-77.20439,2022,10,18
220044325,Injury Crash,10/10/2022 05:48:00 PM,HUNTINGTON PKWY,NA,STRAIGHT MOVEMENT ANGLE,Clear,DRY,Daylight,STOP SIGN,NONE DETECTED,Yes,Possible Minor Injury,N/A,LOOKED BUT DID NOT SEE,MD,PASSENGER CAR,ACCELERATING,35,No,2006,HONDA,PILOT,38.99261332,-77.11834607,2022,10,17
220044325,Injury Crash,10/10/2022 05:48:00 PM,HUNTINGTON PKWY,NA,STRAIGHT MOVEMENT ANGLE,Clear,DRY,Daylight,STOP SIGN,NONE DETECTED,No,No Apparent Injury,N/A,NOT DISTRACTED,MD,PASSENGER CAR,MOVING CONSTANT SPEED,35,No,2021,AUDI,A4,38.99261332,-77.11834607,2022,10,17
220044326,Property Damage Crash,10/10/2022 05:45:00 PM,NEW HAMPSHIRE AVE,NA,OTHER,Clear,DRY,Daylight,TRAFFIC SIGNAL,NONE DETECTED,No,No Apparent Injury,N/A,NOT DISTRACTED,MD,TRANSIT BUS,STOPPED IN TRAFFIC LANE,40,No,2014,NABI,BUS,39.07480105,-77.00229593,2022,10,17
220044326,Property Damage Crash,10/10/2022 05:45:00 PM,NEW HAMPSHIRE AVE,NA,OTHER,Clear,DRY,Daylight,TRAFFIC SIGNAL,NONE DETECTED,Yes,No Apparent Injury,N/A,NOT DISTRACTED,MD,PASSENGER CAR,ACCELERATING,40,No,2015,JEEP,4X4,39.07480105,-77.00229593,2022,10,17
220044322,Injury Crash,10/10/2022 05:43:00 PM,NA,PEDESTRIAN,STRAIGHT MOVEMENT ANGLE,Clear,NA,Daylight,N/A,NONE DETECTED,Yes,No Apparent Injury,N/A,UNKNOWN,NA,NA,BACKING,15,No,0,UNKNOWN,UNKNOWN,39.03534039,-77.05381612,2022,10,17
220044327,Property Damage Crash,10/10/2022 05:39:00 PM,OLD COLUMBIA PIKE,NA,OTHER,Clear,DRY,Daylight,NO CONTROLS,NONE DETECTED,No,No Apparent Injury,N/A,NOT DISTRACTED,MD,PASSENGER CAR,MOVING CONSTANT SPEED,25,No,2006,TOYT,4S,39.11043917,-76.93424733,2022,10,17
220044327,Property Damage Crash,10/10/2022 05:39:00 PM,OLD COLUMBIA PIKE,NA,OTHER,Clear,DRY,Daylight,NO CONTROLS,NONE DETECTED,Yes,No Apparent Injury,N/A,LOOKED BUT DID NOT SEE,MD,PASSENGER CAR,MAKING RIGHT TURN,25,No,2016,FORD,4S,39.11043917,-76.93424733,2022,10,17
220044308,Injury Crash,10/10/2022 05:15:00 PM,LAYHILL RD,PEDESTRIAN,OTHER,Clear,DRY,Daylight,TRAFFIC SIGNAL,NONE DETECTED,Yes,No Apparent Injury,N/A,LOOKED BUT DID NOT SEE,MD,PASSENGER CAR,MAKING LEFT TURN,35,No,2011,HONDA,CIVIC,39.0688025,-77.04611233,2022,10,17
220044310,Property Damage Crash,10/10/2022 05:08:00 PM,APPLE RIDGE RD,NA,SAME DIRECTION SIDESWIPE,Clear,DRY,Daylight,TRAFFIC SIGNAL,NONE DETECTED,No,No Apparent Injury,N/A,NOT DISTRACTED,MD,SCHOOL BUS,STOPPED IN TRAFFIC LANE,30,No,2020,THOMAS BUILT,BUS,39.18451667,-77.21068,2022,10,17
220044310,Property Damage Crash,10/10/2022 05:08:00 PM,APPLE RIDGE RD,NA,SAME DIRECTION SIDESWIPE,Clear,DRY,Daylight,TRAFFIC SIGNAL,NONE DETECTED,Yes,No Apparent Injury,N/A,UNKNOWN,NA,UNKNOWN,SLOWING OR STOPPING,30,No,0,UNKNOWN,UNKNOWN,39.18451667,-77.21068,2022,10,17
220044309,Injury Crash,10/10/2022 04:54:00 PM,MONTROSE RD,NA,OTHER,Clear,DRY,Daylight,NO CONTROLS,NONE DETECTED,Yes,No Apparent Injury,N/A,UNKNOWN,MD,PASSENGER CAR,CHANGING LANES,25,No,2020,INF,Q50,39.11364,-77.24167833,2022,10,16
220044309,Injury Crash,10/10/2022 04:54:00 PM,MONTROSE RD,NA,OTHER,Clear,DRY,Daylight,NO CONTROLS,NONE DETECTED,No,Possible Minor Injury,N/A,UNKNOWN,MD,PASSENGER CAR,MOVING CONSTANT SPEED,25,No,2013,TOYOTA,CAMRY,39.11364,-77.24167833,2022,10,16
220044337,Property Damage Crash,10/10/2022 04:45:00 PM,CAPITAL BELTWAY,NA,SAME DIR REAR END,Clear,DRY,Daylight,OTHER,NONE DETECTED,No,No Apparent Injury,N/A,NOT DISTRACTED,MD,PASSENGER CAR,SLOWING OR STOPPING,35,No,2016,NISSAN,VERSA,39.01622872,-77.10100991,2022,10,16
220044337,Property Damage Crash,10/10/2022 04:45:00 PM,CAPITAL BELTWAY,NA,SAME DIR REAR END,Clear,DRY,Daylight,OTHER,NONE DETECTED,Yes,No Apparent Injury,N/A,UNKNOWN,NA,PASSENGER CAR,UNKNOWN,35,No,2007,HYUNDAI,SANTE FE,39.01622872,-77.10100991,2022,10,16
220044320,Property Damage Crash,10/10/2022 04:36:00 PM,SUNDOWN RD,NA,SINGLE VEHICLE,Clear,DRY,Daylight,NO CONTROLS,NONE DETECTED,Yes,No Apparent Injury,N/A,NOT DISTRACTED,MD,PASSENGER CAR,MOVING CONSTANT SPEED,35,No,2010,CHEV,CP,39.21944167,-77.09822667,2022,10,16
220044291,Property Damage Crash,10/10/2022 04:08:00 PM,NA,NA,OTHER,Clear,NA,Daylight,N/A,NONE DETECTED,Yes,No Apparent Injury,N/A,UNKNOWN,MD,POLICE VEHICLE/NON EMERGENCY,PARKING,15,No,2014,DODGE,CHARGER,39.17901628,-77.26216894,2022,10,16
220044281,Injury Crash,10/10/2022 02:47:00 PM,FREDERICK RD,NA,SAME DIRECTION LEFT TURN,Clear,DRY,Daylight,NO CONTROLS,NONE DETECTED,No,Suspected Serious Injury,N/A,NOT DISTRACTED,MD,MOTORCYCLE,MOVING CONSTANT SPEED,50,No,2011,HARLEY DAVIDSON,FLHTK,39.26294667,-77.30367167,2022,10,14
220044281,Injury Crash,10/10/2022 02:47:00 PM,FREDERICK RD,NA,SAME DIRECTION LEFT TURN,Clear,DRY,Daylight,NO CONTROLS,NONE DETECTED,Yes,Possible Minor Injury,N/A,LOOKED BUT DID NOT SEE,MD,PASSENGER CAR,MAKING U TURN,50,No,2003,MITSUBISHI,GALANT,39.26294667,-77.30367167,2022,10,14
220044279,Injury Crash,10/10/2022 02:44:00 PM,WOODFIELD RD,NA,SAME DIRECTION SIDESWIPE,Clear,DRY,Daylight,OTHER,NONE DETECTED,No,No Apparent Injury,N/A,NOT DISTRACTED,DC,TRANSIT BUS,MOVING CONSTANT SPEED,40,No,2009,GILLIG,BUS,39.15990117,-77.16176667,2022,10,14
220044279,Injury Crash,10/10/2022 02:44:00 PM,WOODFIELD RD,NA,SAME DIRECTION SIDESWIPE,Clear,DRY,Daylight,OTHER,NONE DETECTED,Yes,No Apparent Injury,N/A,LOOKED BUT DID NOT SEE,MD,PASSENGER CAR,CHANGING LANES,40,No,2004,TOYOTA,HIGHLANDER,39.15990117,-77.16176667,2022,10,14
220044270,Property Damage Crash,10/10/2022 01:53:00 PM,DELLCASTLE RD,NA,STRAIGHT MOVEMENT ANGLE,Clear,DRY,Daylight,NO CONTROLS,NONE DETECTED,Yes,No Apparent Injury,N/A,LOOKED BUT DID NOT SEE,MD,PASSENGER CAR,BACKING,25,No,1998,MERZ,C230,39.18149167,-77.20558667,2022,10,13
220044270,Property Damage Crash,10/10/2022 01:53:00 PM,DELLCASTLE RD,NA,STRAIGHT MOVEMENT ANGLE,Clear,DRY,Daylight,NO CONTROLS,NONE DETECTED,No,No Apparent Injury,N/A,NOT DISTRACTED,MD,OTHER,MOVING CONSTANT SPEED,25,No,2022,US,MAILTRUCK,39.18149167,-77.20558667,2022,10,13
220044266,Injury Crash,10/10/2022 01:52:00 PM,GEORGIA AVE,NA,SAME DIR REAR END,Clear,DRY,Daylight,TRAFFIC SIGNAL,NONE DETECTED,No,Possible Minor Injury,N/A,NOT DISTRACTED,MD,PASSENGER CAR,STOPPED IN TRAFFIC LANE,30,No,2018,HONDA,CIVIC,39.0019,-77.042275,2022,10,13
220044266,Injury Crash,10/10/2022 01:52:00 PM,GEORGIA AVE,NA,SAME DIR REAR END,Clear,DRY,Daylight,TRAFFIC SIGNAL,NONE DETECTED,No,No Apparent Injury,N/A,NOT DISTRACTED,MD,(SPORT) UTILITY VEHICLE,STOPPED IN TRAFFIC LANE,30,No,2013,JEEP,COMPASS,39.0019,-77.042275,2022,10,13
220044266,Injury Crash,10/10/2022 01:52:00 PM,GEORGIA AVE,NA,SAME DIR REAR END,Clear,DRY,Daylight,TRAFFIC SIGNAL,NONE DETECTED,Yes,No Apparent Injury,N/A,UNKNOWN,NC,VAN,ACCELERATING,30,No,2009,DODGE,GRAND CARAVAN,39.0019,-77.042275,2022,10,13
220044293,Property Damage Crash,10/10/2022 01:30:00 PM,NA,NA,UNKNOWN,Clear,NA,Daylight,NO CONTROLS,NONE DETECTED,Yes,No Apparent Injury,N/A,UNKNOWN,NA,NA,UNKNOWN,15,No,0,UNKNOWN,UNKNOWN,39.12450243,-77.20788642,2022,10,13
220044244,Property Damage Crash,10/10/2022 12:01:00 PM,CLARKSBURG RD,NA,SAME DIRECTION RIGHT TURN,Clear,DRY,Daylight,YIELD SIGN,NONE DETECTED,No,No Apparent Injury,N/A,NOT DISTRACTED,MD,PASSENGER CAR,NEGOTIATING A CURVE,40,No,2012,INFINITI,G37,39.22842,-77.28835333,2022,10,12
220044244,Property Damage Crash,10/10/2022 12:01:00 PM,CLARKSBURG RD,NA,SAME DIRECTION RIGHT TURN,Clear,DRY,Daylight,YIELD SIGN,NONE DETECTED,Yes,No Apparent Injury,N/A,LOOKED BUT DID NOT SEE,PA,(SPORT) UTILITY VEHICLE,MAKING RIGHT TURN,40,No,2019,VOLVO,XC60,39.22842,-77.28835333,2022,10,12
220044264,Property Damage Crash,10/10/2022 11:52:00 AM,NA,NA,OTHER,Clear,NA,Daylight,N/A,NONE DETECTED,No,No Apparent Injury,N/A,NOT DISTRACTED,MD,PASSENGER CAR,PARKED,0,No,2016,MERZ,BENZ,39.11049942,-76.93297099,2022,10,11
220044264,Property Damage Crash,10/10/2022 11:52:00 AM,NA,NA,OTHER,Clear,NA,Daylight,N/A,NONE DETECTED,Yes,No Apparent Injury,N/A,LOOKED BUT DID NOT SEE,MD,PASSENGER CAR,PARKING,0,No,2016,CHEVROLET,SILVERADO,39.11049942,-76.93297099,2022,10,11
220044238,Property Damage Crash,10/10/2022 11:22:00 AM,BRADLEY BLVD,NA,STRAIGHT MOVEMENT ANGLE,Clear,DRY,Daylight,TRAFFIC SIGNAL,NONE DETECTED,No,No Apparent Injury,N/A,NOT DISTRACTED,MD,PASSENGER CAR,STARTING FROM LANE,15,No,2000,LEXU,4S,38.97813833,-77.09896,2022,10,11
220044238,Property Damage Crash,10/10/2022 11:22:00 AM,BRADLEY BLVD,NA,STRAIGHT MOVEMENT ANGLE,Clear,DRY,Daylight,TRAFFIC SIGNAL,NONE DETECTED,No,No Apparent Injury,N/A,NOT DISTRACTED,DC,(SPORT) UTILITY VEHICLE,STARTING FROM LANE,15,No,2022,NISS,PATHFINDER,38.97813833,-77.09896,2022,10,11
220044238,Property Damage Crash,10/10/2022 11:22:00 AM,BRADLEY BLVD,NA,STRAIGHT MOVEMENT ANGLE,Clear,DRY,Daylight,TRAFFIC SIGNAL,NONE DETECTED,Yes,No Apparent Injury,N/A,UNKNOWN,MD,(SPORT) UTILITY VEHICLE,MOVING CONSTANT SPEED,35,No,2012,TOYO,HIGHLANDER,38.97813833,-77.09896,2022,10,11
220044340,Property Damage Crash,10/10/2022 10:30:00 AM,MANNAKEE ST,NA,ANGLE MEETS LEFT TURN,Clear,DRY,Daylight,STOP SIGN,NONE DETECTED,Unknown,No Apparent Injury,N/A,UNKNOWN,MD,PASSENGER CAR,MAKING LEFT TURN,30,No,2012,AUDI,A4,39.11364,-77.24167833,2022,10,10
220044340,Property Damage Crash,10/10/2022 10:30:00 AM,MANNAKEE ST,NA,ANGLE MEETS LEFT TURN,Clear,DRY,Daylight,STOP SIGN,NONE DETECTED,Unknown,No Apparent Injury,N/A,UNKNOWN,NA,PASSENGER CAR,MOVING CONSTANT SPEED,30,No,2001,TOYOTA,SIENNA,39.11364,-77.24167833,2022,10,10
220044216,Property Damage Crash,10/10/2022 08:48:00 AM,GEORGIA AVE,NA,SAME DIRECTION SIDESWIPE,Clear,DRY,Daylight,N/A,NONE DETECTED,Yes,No Apparent Injury,N/A,UNKNOWN,NA,NA,MOVING CONSTANT SPEED,35,No,0,UNKNOWN,UNKNOWN,39.01512729,-77.04244054,2022,10,8
220044216,Property Damage Crash,10/10/2022 08:48:00 AM,GEORGIA AVE,NA,SAME DIRECTION SIDESWIPE,Clear,DRY,Daylight,N/A,NONE DETECTED,No,No Apparent Injury,N/A,NOT DISTRACTED,MD,SCHOOL BUS,MOVING CONSTANT SPEED,35,No,2022,FRHT,SCHOOL BUS,39.01512729,-77.04244054,2022,10,8
220044213,Property Damage Crash,10/10/2022 08:38:00 AM,KING FARM BLVD,NA,STRAIGHT MOVEMENT ANGLE,Clear,DRY,Daylight,NO CONTROLS,NONE DETECTED,Yes,No Apparent Injury,N/A,NOT DISTRACTED,MD,PASSENGER CAR,MOVING CONSTANT SPEED,25,No,2013,VOLK,4S,39.11557,-77.17082,2022,10,8
220044213,Property Damage Crash,10/10/2022 08:38:00 AM,KING FARM BLVD,NA,STRAIGHT MOVEMENT ANGLE,Clear,DRY,Daylight,NO CONTROLS,NONE DETECTED,No,No Apparent Injury,N/A,NOT DISTRACTED,MD,PASSENGER CAR,MOVING CONSTANT SPEED,25,No,2012,MINI,COOPER,39.11557,-77.17082,2022,10,8
220044215,Injury Crash,10/10/2022 08:37:00 AM,SHADY GROVE RD,NA,SAME DIRECTION SIDESWIPE,Clear,DRY,Daylight,TRAFFIC SIGNAL,NONE DETECTED,No,No Apparent Injury,N/A,NOT DISTRACTED,WA,PASSENGER CAR,SLOWING OR STOPPING,40,No,2012,TOYOTA,CAMRY,39.12093667,-77.17963167,2022,10,8
220044215,Injury Crash,10/10/2022 08:37:00 AM,SHADY GROVE RD,NA,SAME DIRECTION SIDESWIPE,Clear,DRY,Daylight,TRAFFIC SIGNAL,NONE DETECTED,No,No Apparent Injury,N/A,NOT DISTRACTED,MD,"MEDIUM/HEAVY TRUCKS 3 AXLES (OVER 10,000LBS (4,536KG))",STOPPED IN TRAFFIC LANE,40,No,1997,KW,TT,39.12093667,-77.17963167,2022,10,8
220044215,Injury Crash,10/10/2022 08:37:00 AM,SHADY GROVE RD,NA,SAME DIRECTION SIDESWIPE,Clear,DRY,Daylight,TRAFFIC SIGNAL,NONE DETECTED,No,No Apparent Injury,N/A,NOT DISTRACTED,MD,VAN,SLOWING OR STOPPING,40,No,2019,FORD,VN,39.12093667,-77.17963167,2022,10,8
220044215,Injury Crash,10/10/2022 08:37:00 AM,SHADY GROVE RD,NA,SAME DIRECTION SIDESWIPE,Clear,DRY,Daylight,TRAFFIC SIGNAL,NONE DETECTED,Yes,Possible Minor Injury,N/A,UNKNOWN,MD,"OTHER LIGHT TRUCKS (10,000LBS (4,536KG) OR LESS)",MOVING CONSTANT SPEED,40,No,2019,CHEVY,WORKTRUCKNAT,39.12093667,-77.17963167,2022,10,8
220044214,Property Damage Crash,10/10/2022 08:26:00 AM,NA,NA,OTHER,Clear,NA,Daylight,N/A,NONE DETECTED,Yes,No Apparent Injury,N/A,LOOKED BUT DID NOT SEE,MD,VAN,PARKING,5,No,2009,CHEVROLET,SAVANA,39.04139,-77.05394333,2022,10,8
220044214,Property Damage Crash,10/10/2022 08:26:00 AM,NA,NA,OTHER,Clear,NA,Daylight,N/A,NONE DETECTED,No,No Apparent Injury,N/A,NOT DISTRACTED,MD,SCHOOL BUS,PARKED,0,No,2017,THOMAS,BUS,39.04139,-77.05394333,2022,10,8
220044210,Property Damage Crash,10/10/2022 07:51:00 AM,WOODMONT AVE,NA,STRAIGHT MOVEMENT ANGLE,Clear,DRY,Daylight,TRAFFIC SIGNAL,NONE DETECTED,Yes,No Apparent Injury,N/A,INATTENTIVE OR LOST IN THOUGHT,VA,PASSENGER CAR,MOVING CONSTANT SPEED,25,No,2014,NISSAN,ALTIMA,38.98487833,-77.09648167,2022,10,7
220044210,Property Damage Crash,10/10/2022 07:51:00 AM,WOODMONT AVE,NA,STRAIGHT MOVEMENT ANGLE,Clear,DRY,Daylight,TRAFFIC SIGNAL,NONE DETECTED,No,No Apparent Injury,N/A,NOT DISTRACTED,MD,PASSENGER CAR,ACCELERATING,25,No,2021,TOYOTA,RAV4,38.98487833,-77.09648167,2022,10,7
220044211,Property Damage Crash,10/10/2022 07:45:00 AM,PINEY BRANCH RD,NA,OTHER,Clear,DRY,Daylight,NO CONTROLS,ALCOHOL PRESENT,Yes,No Apparent Injury,N/A,BY OTHER OCCUPANTS,MD,PASSENGER CAR,MOVING CONSTANT SPEED,30,No,2000,TOYOTA,COROLLA,38.97847358,-77.01828886,2022,10,7
220044208,Injury Crash,10/10/2022 07:15:00 AM,TIBER CT,NA,SINGLE VEHICLE,Clear,N/A,Daylight,N/A,NONE DETECTED,Yes,Possible Minor Injury,N/A,OTHER DISTRACTION,MD,PASSENGER CAR,BACKING,25,No,2016,TESLA,S,39.17581,-77.21908,2022,10,7
220044207,Property Damage Crash,10/10/2022 07:14:00 AM,NA,NA,SAME DIRECTION RIGHT TURN,Clear,NA,Medium,NO CONTROLS,NONE DETECTED,Yes,No Apparent Injury,N/A,NOT DISTRACTED,MD,SCHOOL BUS,MAKING LEFT TURN,25,No,2018,THOMAS,BS,39.00306267,-76.98628,2022,10,7
220044205,Property Damage Crash,10/10/2022 06:40:00 AM,CONNECTICUT AVE,NA,HEAD ON LEFT TURN,Clear,DRY,Medium,TRAFFIC SIGNAL,NONE DETECTED,No,No Apparent Injury,N/A,NOT DISTRACTED,MD,PASSENGER CAR,MOVING CONSTANT SPEED,35,No,2016,VOLKSWAGON,4S,39.02997833,-77.07564833,2022,10,6
220044205,Property Damage Crash,10/10/2022 06:40:00 AM,CONNECTICUT AVE,NA,HEAD ON LEFT TURN,Clear,DRY,Medium,TRAFFIC SIGNAL,NONE DETECTED,Yes,No Apparent Injury,N/A,OTHER ELECTRONIC DEVICE (NAVIGATIONAL PALM PILOT),MD,PASSENGER CAR,MAKING LEFT TURN,35,No,2016,TOYTOTA,COROLLA,39.02997833,-77.07564833,2022,10,6
220044195,Property Damage Crash,10/10/2022 01:30:00 AM,FERRARA DR,NA,SAME DIR REAR END,Clear,DRY,Medium,N/A,ALCOHOL PRESENT,Yes,No Apparent Injury,N/A,UNKNOWN,MD,PASSENGER CAR,MOVING CONSTANT SPEED,30,No,2014,TOYOTA,CAMRY,39.05238333,-77.08125667,2022,10,1
220044196,Property Damage Crash,10/10/2022 01:13:00 AM,FERRARA DR,NA,OTHER,Clear,DRY,Medium,NO CONTROLS,NONE DETECTED,No,No Apparent Injury,N/A,NOT DISTRACTED,MD,PASSENGER CAR,PARKED,25,No,2006,HONDA,CIVIC,39.052485,-77.08082,2022,10,1
220044196,Property Damage Crash,10/10/2022 01:13:00 AM,FERRARA DR,NA,OTHER,Clear,DRY,Medium,NO CONTROLS,NONE DETECTED,Yes,No Apparent Injury,N/A,NOT DISTRACTED,MD,PASSENGER CAR,MOVING CONSTANT SPEED,25,No,2014,TOYOTA,CAMRY,39.052485,-77.08082,2022,10,1
220044189,Injury Crash,10/10/2022 12:17:00 AM,HUNGERFORD DR,NA,SAME DIRECTION RIGHT TURN,Clear,DRY,Medium,NO CONTROLS,NONE DETECTED,No,Possible Minor Injury,N/A,NOT DISTRACTED,MD,PASSENGER CAR,MOVING CONSTANT SPEED,40,No,2018,NISSAN,SENTRA,39.1044,-77.15687,2022,10,0
220044189,Injury Crash,10/10/2022 12:17:00 AM,HUNGERFORD DR,NA,SAME DIRECTION RIGHT TURN,Clear,DRY,Medium,NO CONTROLS,NONE DETECTED,Yes,Possible Minor Injury,N/A,NOT DISTRACTED,MD,PASSENGER CAR,MAKING RIGHT TURN,40,No,2018,HONDA,HRV,39.1044,-77.15687,2022,10,0