Local Case Number,ACRS Report Type,Crash Date/Time,Road Name,Related Non-Motorist,Collision Type,Weather,Surface Condition,Light,Traffic Control,Driver Substance Abuse,Driver At Fault,Injury Severity,Circumstance,Driver Distracted By,Drivers License State,Vehicle Body Type,Vehicle Movement,Speed Limit,Driverless Vehicle,Vehicle Year,Vehicle Make,Vehicle Model,Latitude,Longitude,Year,Month,Hour
220043679,Property Damage Crash,10/06/2022 03:34:00 PM,FREDERICK RD,NA,SAME DIR REAR END,Clear,DRY,Daylight,N/A,NONE DETECTED,No,No Apparent Injury,N/A,NOT DISTRACTED,MD,PASSENGER CAR,SLOWING OR STOPPING,35,No,2015,CHEVY,SONIC,39.18918833,-77.24121333,2022,10,15
220043679,Property Damage Crash,10/06/2022 03:34:00 PM,FREDERICK RD,NA,SAME DIR REAR END,Clear,DRY,Daylight,N/A,NONE DETECTED,No,No Apparent Injury,N/A,NOT DISTRACTED,MD,PASSENGER CAR,SLOWING OR STOPPING,35,No,2018,TOYOTA,COROLLA,39.18918833,-77.24121333,2022,10,15
220043690,Property Damage Crash,10/06/2022 03:26:00 PM,NA,NA,OTHER,Clear,NA,Daylight,NO CONTROLS,NONE DETECTED,Yes,No Apparent Injury,N/A,UNKNOWN,NA,VAN,PARKING,0,No,2016,MERCEDES,VN,39.064087,-77.15968267,2022,10,15
220043674,Property Damage Crash,10/06/2022 02:43:00 PM,ECHO CT,NA,SAME DIRECTION SIDESWIPE,Clear,DRY,Daylight,NO CONTROLS,NONE DETECTED,Yes,No Apparent Injury,N/A,NOT DISTRACTED,MD,SCHOOL BUS,ACCELERATING,25,No,2019,FRHT,BU,39.06979267,-77.1803895,2022,10,14
220043656,Property Damage Crash,10/06/2022 02:02:00 PM,N WASHINGTON ST,NA,SAME DIR REAR END,Clear,DRY,Daylight,NO CONTROLS,NONE DETECTED,Yes,No Apparent Injury,N/A,NOT DISTRACTED,MD,PASSENGER CAR,MOVING CONSTANT SPEED,30,No,2008,TOYT,2S,39.08606,-77.15302,2022,10,14
220043656,Property Damage Crash,10/06/2022 02:02:00 PM,N WASHINGTON ST,NA,SAME DIR REAR END,Clear,DRY,Daylight,NO CONTROLS,NONE DETECTED,No,No Apparent Injury,N/A,NOT DISTRACTED,MD,PASSENGER CAR,N/A,30,No,2019,FORD,BUS,39.08606,-77.15302,2022,10,14
220043663,Injury Crash,10/06/2022 02:00:00 PM,WOODFIELD RD,NA,HEAD ON LEFT TURN,Clear,DRY,Daylight,TRAFFIC SIGNAL,NONE DETECTED,No,Possible Minor Injury,N/A,NOT DISTRACTED,MD,(SPORT) UTILITY VEHICLE,MOVING CONSTANT SPEED,45,No,2018,VOLK,TIGUAN,39.185795,-77.15073333,2022,10,14
220043663,Injury Crash,10/06/2022 02:00:00 PM,WOODFIELD RD,NA,HEAD ON LEFT TURN,Clear,DRY,Daylight,TRAFFIC SIGNAL,NONE DETECTED,No,No Apparent Injury,N/A,NOT DISTRACTED,MD,(SPORT) UTILITY VEHICLE,MOVING CONSTANT SPEED,45,No,2022,TOYT,COROLLA CROSS,39.185795,-77.15073333,2022,10,14
220043663,Injury Crash,10/06/2022 02:00:00 PM,WOODFIELD RD,NA,HEAD ON LEFT TURN,Clear,DRY,Daylight,TRAFFIC SIGNAL,NONE DETECTED,Yes,Possible Minor Injury,N/A,NOT DISTRACTED,AZ,PASSENGER CAR,MAKING LEFT TURN,45,No,1998,BMW,528I,39.185795,-77.15073333,2022,10,14
220043655,Property Damage Crash,10/06/2022 01:45:00 PM,LOST KNIFE RD,NA,STRAIGHT MOVEMENT ANGLE,Clear,DRY,Daylight,NO CONTROLS,NONE DETECTED,Yes,No Apparent Injury,N/A,LOOKED BUT DID NOT SEE,MD,PASSENGER CAR,ACCELERATING,35,No,2006,HONDA,ACCORD,39.15373202,-77.19959185,2022,10,13
220043655,Property Damage Crash,10/06/2022 01:45:00 PM,LOST KNIFE RD,NA,STRAIGHT MOVEMENT ANGLE,Clear,DRY,Daylight,NO CONTROLS,NONE DETECTED,No,No Apparent Injury,N/A,NOT DISTRACTED,MD,PASSENGER CAR,MOVING CONSTANT SPEED,35,No,2002,MERCEDES,2S,39.15373202,-77.19959185,2022,10,13
220043653,Property Damage Crash,10/06/2022 01:15:00 PM,GEORGIA AVE,NA,SAME DIR REAR END,Clear,DRY,Daylight,N/A,NONE DETECTED,No,No Apparent Injury,N/A,NOT DISTRACTED,MD,VAN,SLOWING OR STOPPING,35,No,2018,RAM,PROMAASTER,39.00366667,-77.03635333,2022,10,13
220043653,Property Damage Crash,10/06/2022 01:15:00 PM,GEORGIA AVE,NA,SAME DIR REAR END,Clear,DRY,Daylight,N/A,NONE DETECTED,Yes,No Apparent Injury,N/A,NOT DISTRACTED,MD,PICKUP TRUCK,MOVING CONSTANT SPEED,35,No,2022,JEEP,PK,39.00366667,-77.03635333,2022,10,13
220043641,Property Damage Crash,10/06/2022 12:54:00 PM,GERMANTOWN RD,NA,SAME DIRECTION SIDESWIPE,Clear,DRY,Daylight,NO CONTROLS,NONE DETECTED,No,No Apparent Injury,N/A,NOT DISTRACTED,MD,PASSENGER CAR,MOVING CONSTANT SPEED,30,No,2018,CADI,LM,39.19286,-77.23937833,2022,10,12
220043641,Property Damage Crash,10/06/2022 12:54:00 PM,GERMANTOWN RD,NA,SAME DIRECTION SIDESWIPE,Clear,DRY,Daylight,NO CONTROLS,NONE DETECTED,Yes,No Apparent Injury,N/A,NOT DISTRACTED,MD,FIRE VEHICLE/EMERGENCY,CHANGING LANES,30,No,2012,INTL,TK,39.19286,-77.23937833,2022,10,12
220043634,Injury Crash,10/06/2022 12:01:00 PM,LAYTONSVILLE RD,NA,SINGLE VEHICLE,Clear,DRY,Daylight,NO CONTROLS,NONE DETECTED,Yes,Possible Minor Injury,"N/A, SHOULDERS LOW, SOFT, HIGH",NOT DISTRACTED,MD,"CARGO VAN/LIGHT TRUCK 2 AXLES (OVER 10,000LBS (4,536 KG))",MOVING CONSTANT SPEED,50,No,2003,INTERNATIONAL,4000 S,39.23883,-77.14311,2022,10,12
220043631,Injury Crash,10/06/2022 11:58:00 AM,FREDERICK RD,NA,SAME DIR REAR END,Clear,DRY,Daylight,TRAFFIC SIGNAL,NONE DETECTED,No,Possible Minor Injury,N/A,NOT DISTRACTED,MD,PASSENGER CAR,STOPPED IN TRAFFIC LANE,40,No,1992,JEEP,TK,39.16340903,-77.22599783,2022,10,11
220043631,Injury Crash,10/06/2022 11:58:00 AM,FREDERICK RD,NA,SAME DIR REAR END,Clear,DRY,Daylight,TRAFFIC SIGNAL,DRUG PRESENT,Yes,No Apparent Injury,N/A,UNKNOWN,MD,PASSENGER CAR,MOVING CONSTANT SPEED,40,No,2012,HONDA,CIVIC,39.16340903,-77.22599783,2022,10,11
220043613,Property Damage Crash,10/06/2022 11:06:00 AM,RANDOLPH RD,NA,SAME DIR REAR END,Clear,DRY,Daylight,TRAFFIC SIGNAL,NONE DETECTED,No,No Apparent Injury,N/A,NOT DISTRACTED,MD,(SPORT) UTILITY VEHICLE,STARTING FROM LANE,35,No,2011,MERCEDES,ML350,39.05907,-77.06836333,2022,10,11
220043613,Property Damage Crash,10/06/2022 11:06:00 AM,RANDOLPH RD,NA,SAME DIR REAR END,Clear,DRY,Daylight,TRAFFIC SIGNAL,NONE DETECTED,Yes,No Apparent Injury,N/A,NOT DISTRACTED,MD,"OTHER LIGHT TRUCKS (10,000LBS (4,536KG) OR LESS)",STARTING FROM LANE,35,No,2019,HINO,TK,39.05907,-77.06836333,2022,10,11
220043586,Injury Crash,10/06/2022 09:45:00 AM,RANDOLPH RD,NA,STRAIGHT MOVEMENT ANGLE,Clear,DRY,Daylight,NO CONTROLS,NONE DETECTED,No,Possible Minor Injury,N/A,NOT DISTRACTED,MD,SCHOOL BUS,MOVING CONSTANT SPEED,45,No,2012,THOMAS,CONV-MSDE-C8,39.07484,-77.00520333,2022,10,9
220043586,Injury Crash,10/06/2022 09:45:00 AM,RANDOLPH RD,NA,STRAIGHT MOVEMENT ANGLE,Clear,DRY,Daylight,NO CONTROLS,NONE DETECTED,Yes,No Apparent Injury,N/A,LOOKED BUT DID NOT SEE,MD,PASSENGER CAR,MOVING CONSTANT SPEED,40,No,2017,SUBURU,OUTBACK,39.07484,-77.00520333,2022,10,9
220043584,Property Damage Crash,10/06/2022 09:16:00 AM,ROCKVILLE PIKE,NA,SAME DIR REAR END,Clear,DRY,Daylight,TRAFFIC SIGNAL,NONE DETECTED,Yes,No Apparent Injury,N/A,UNKNOWN,MD,PASSENGER CAR,MOVING CONSTANT SPEED,35,No,2020,PORS,TK,39.00564757,-77.09780222,2022,10,9
22001757,Injury Crash,10/06/2022 09:16:00 AM,BEACH DR,PEDESTRIAN,SINGLE VEHICLE,Clear,DRY,Daylight,STOP SIGN,NONE DETECTED,Yes,No Apparent Injury,N/A,LOOKED BUT DID NOT SEE,MD,PASSENGER CAR,MAKING LEFT TURN,25,No,2020,HYUN,SD,39.0222125,-77.10175483,2022,10,9
220043584,Property Damage Crash,10/06/2022 09:16:00 AM,ROCKVILLE PIKE,NA,SAME DIR REAR END,Clear,DRY,Daylight,TRAFFIC SIGNAL,NONE DETECTED,No,No Apparent Injury,N/A,NOT DISTRACTED,MD,PASSENGER CAR,SLOWING OR STOPPING,35,No,2017,ACUR,MDX,39.00564757,-77.09780222,2022,10,9
220043562,Injury Crash,10/06/2022 07:45:00 AM,GEORGIA AVE,NA,STRAIGHT MOVEMENT ANGLE,Clear,DRY,Daylight,NO CONTROLS,NONE DETECTED,No,Possible Minor Injury,N/A,NOT DISTRACTED,MD,PASSENGER CAR,MOVING CONSTANT SPEED,45,No,2006,TOYT,COROLLA,39.11180333,-77.07587667,2022,10,7
220043562,Injury Crash,10/06/2022 07:45:00 AM,GEORGIA AVE,NA,STRAIGHT MOVEMENT ANGLE,Clear,DRY,Daylight,NO CONTROLS,NONE DETECTED,Yes,No Apparent Injury,N/A,NOT DISTRACTED,MD,(SPORT) UTILITY VEHICLE,MAKING LEFT TURN,45,No,2010,HONDA,PILOT,39.11180333,-77.07587667,2022,10,7
220043560,Injury Crash,10/06/2022 07:37:00 AM,GERMANTOWN RD,NA,SINGLE VEHICLE,Clear,DRY,Daylight,NO CONTROLS,NONE DETECTED,Yes,Possible Minor Injury,N/A,OTHER CELLULAR PHONE RELATED,MD,(SPORT) UTILITY VEHICLE,MOVING CONSTANT SPEED,40,No,2022,HONDA,CR-V,39.16617667,-77.280965,2022,10,7
220043563,Injury Crash,10/06/2022 07:34:00 AM,CLOPPER RD,BICYCLIST,OTHER,Clear,DRY,Daylight,STOP SIGN,NONE DETECTED,Yes,No Apparent Injury,N/A,LOOKED BUT DID NOT SEE,MD,VAN,ACCELERATING,45,No,2011,HONDA,ODYSSEY,39.169965,-77.29678833,2022,10,7
220043565,Property Damage Crash,10/06/2022 07:30:00 AM,W DIAMOND AVE,NA,SAME DIR REAR END,Clear,DRY,Daylight,NO CONTROLS,NONE DETECTED,Yes,No Apparent Injury,N/A,LOOKED BUT DID NOT SEE,NA,NA,MOVING CONSTANT SPEED,35,No,0,UNKNOWN,UNKNOWN,39.14214864,-77.21980495,2022,10,7
220043561,Property Damage Crash,10/06/2022 07:30:00 AM,WOODFIELD RD,NA,STRAIGHT MOVEMENT ANGLE,Clear,DRY,Daylight,STOP SIGN,NONE DETECTED,No,No Apparent Injury,N/A,NOT DISTRACTED,MD,PASSENGER CAR,MOVING CONSTANT SPEED,35,No,2022,HONDA,CRV,39.17777,-77.15092,2022,10,7
220043565,Property Damage Crash,10/06/2022 07:30:00 AM,W DIAMOND AVE,NA,SAME DIR REAR END,Clear,DRY,Daylight,NO CONTROLS,NONE DETECTED,No,No Apparent Injury,N/A,NOT DISTRACTED,MD,(SPORT) UTILITY VEHICLE,MOVING CONSTANT SPEED,35,No,2020,HOND,UT,39.14214864,-77.21980495,2022,10,7
220043561,Property Damage Crash,10/06/2022 07:30:00 AM,WOODFIELD RD,NA,STRAIGHT MOVEMENT ANGLE,Clear,DRY,Daylight,STOP SIGN,NONE DETECTED,Yes,No Apparent Injury,N/A,LOOKED BUT DID NOT SEE,MD,PASSENGER CAR,MAKING RIGHT TURN,35,No,2015,HONDA,FIT,39.17777,-77.15092,2022,10,7
220043554,Property Damage Crash,10/06/2022 05:35:00 AM,FATHER HURLEY BLVD,NA,SINGLE VEHICLE,Clear,DRY,Medium,N/A,NONE DETECTED,Yes,No Apparent Injury,N/A,NOT DISTRACTED,MD,POLICE VEHICLE/NON EMERGENCY,MOVING CONSTANT SPEED,35,No,2014,DODGE,CHARGER,39.19769417,-77.26349117,2022,10,5
220043548,Property Damage Crash,10/06/2022 04:10:00 AM,NA,NA,SINGLE VEHICLE,Clear,NA,Dark,NO CONTROLS,NONE DETECTED,Yes,No Apparent Injury,N/A,NOT DISTRACTED,VA,TRUCK TRACTOR,BACKING,5,No,2011,PETERBUILT,TRACTOR,39.29046333,-77.20640833,2022,10,4
220043544,Property Damage Crash,10/06/2022 02:50:00 AM,NA,NA,SINGLE VEHICLE,Clear,NA,Medium,N/A,NONE DETECTED,Yes,No Apparent Injury,N/A,NOT DISTRACTED,MD,PASSENGER CAR,MOVING CONSTANT SPEED,15,No,2021,BMW,M5501,39.09166576,-77.04661571,2022,10,2
220043540,Property Damage Crash,10/06/2022 01:05:00 AM,NA,NA,SAME DIRECTION SIDESWIPE,Clear,NA,Dark,NO CONTROLS,NONE DETECTED,Yes,No Apparent Injury,N/A,LOOKED BUT DID NOT SEE,MD,FIRE VEHICLE/NON EMERGENCY,SLOWING OR STOPPING,15,No,2018,FORD,TRUCK,39.058015,-77.04785,2022,10,1
220043518,Property Damage Crash,10/05/2022 07:32:00 PM,MONROE ST,NA,SAME DIR REAR END,Clear,DRY,Medium,N/A,ALCOHOL PRESENT,Yes,No Apparent Injury,N/A,UNKNOWN,MD,PASSENGER CAR,MOVING CONSTANT SPEED,25,No,2020,FORD,EXPLORER,39.07814614,-77.15146141,2022,10,19
220043504,Property Damage Crash,10/05/2022 05:45:00 PM,MUNCASTER MILL RD,NA,SAME DIR REAR END,Clear,DRY,Daylight,NO CONTROLS,NONE DETECTED,No,No Apparent Injury,N/A,NOT DISTRACTED,MD,(SPORT) UTILITY VEHICLE,SLOWING OR STOPPING,35,No,2015,NISS,TK,39.14448667,-77.14202333,2022,10,17
220043504,Property Damage Crash,10/05/2022 05:45:00 PM,MUNCASTER MILL RD,NA,SAME DIR REAR END,Clear,DRY,Daylight,NO CONTROLS,NONE DETECTED,Yes,No Apparent Injury,N/A,UNKNOWN,MD,PASSENGER CAR,MOVING CONSTANT SPEED,35,No,2009,HOND,CIVIC,39.14448667,-77.14202333,2022,10,17
220043500,Property Damage Crash,10/05/2022 05:26:00 PM,GEORGIA AVE,NA,SAME DIR REAR END,Cloudy,WET,Daylight,NO CONTROLS,NONE DETECTED,No,No Apparent Injury,"N/A, WET",NOT DISTRACTED,MD,(SPORT) UTILITY VEHICLE,SLOWING OR STOPPING,30,No,2013,CHEV,SUBURBAN,39.0261975,-77.04652133,2022,10,17
220043500,Property Damage Crash,10/05/2022 05:26:00 PM,GEORGIA AVE,NA,SAME DIR REAR END,Cloudy,WET,Daylight,NO CONTROLS,NONE DETECTED,Yes,No Apparent Injury,"N/A, WET",OTHER CELLULAR PHONE RELATED,MD,PASSENGER CAR,MOVING CONSTANT SPEED,30,No,2009,HONDA,ACCORD,39.0261975,-77.04652133,2022,10,17
220043486,Injury Crash,10/05/2022 03:45:00 PM,EAST WEST HWY,NA,HEAD ON,Clear,DRY,Daylight,N/A,NONE DETECTED,Yes,Possible Minor Injury,N/A,LOOKED BUT DID NOT SEE,MD,PASSENGER CAR,MOVING CONSTANT SPEED,30,No,2019,NISSAN,VERSA,38.99611333,-77.040295,2022,10,15
220043486,Injury Crash,10/05/2022 03:45:00 PM,EAST WEST HWY,NA,HEAD ON,Clear,DRY,Daylight,N/A,NONE DETECTED,No,Possible Minor Injury,N/A,NOT DISTRACTED,MD,PASSENGER CAR,MOVING CONSTANT SPEED,30,No,2015,TOYOTA,CAMRY,38.99611333,-77.040295,2022,10,15
220043482,Injury Crash,10/05/2022 03:44:00 PM,WARING STATION RD,NA,SINGLE VEHICLE,Clear,DRY,Daylight,N/A,NONE DETECTED,Yes,Possible Minor Injury,N/A,BY OTHER OCCUPANTS,VA,MOTORCYCLE,ACCELERATING,30,No,2022,KAWASAKI,ER650,39.16232167,-77.25054733,2022,10,15
220043473,Property Damage Crash,10/05/2022 03:00:00 PM,NEW HAMPSHIRE AVE,NA,SAME DIR REAR END,Clear,DRY,Daylight,NO CONTROLS,NONE DETECTED,No,No Apparent Injury,N/A,NOT DISTRACTED,MD,(SPORT) UTILITY VEHICLE,SLOWING OR STOPPING,40,No,2014,FORD,EXPLORER,39.075065,-77.00238167,2022,10,15
220043473,Property Damage Crash,10/05/2022 03:00:00 PM,NEW HAMPSHIRE AVE,NA,SAME DIR REAR END,Clear,DRY,Daylight,NO CONTROLS,NONE DETECTED,Yes,No Apparent Injury,N/A,LOOKED BUT DID NOT SEE,MD,(SPORT) UTILITY VEHICLE,ACCELERATING,40,No,2010,CHEV,EQUINOX,39.075065,-77.00238167,2022,10,15
220043469,Injury Crash,10/05/2022 02:53:00 PM,SNOUFFER SCHOOL RD,NA,STRAIGHT MOVEMENT ANGLE,Clear,DRY,Daylight,TRAFFIC SIGNAL,NONE DETECTED,Yes,Possible Minor Injury,N/A,NOT DISTRACTED,MD,PASSENGER CAR,MAKING LEFT TURN,40,No,2007,HONDA,CIVIC,39.17258767,-77.17862633,2022,10,14
220043469,Injury Crash,10/05/2022 02:53:00 PM,SNOUFFER SCHOOL RD,NA,STRAIGHT MOVEMENT ANGLE,Clear,DRY,Daylight,TRAFFIC SIGNAL,NONE DETECTED,No,Possible Minor Injury,N/A,NOT DISTRACTED,MD,(SPORT) UTILITY VEHICLE,MOVING CONSTANT SPEED,40,No,2015,FORD,EDGE,39.17258767,-77.17862633,2022,10,14
220043303,Property Damage Crash,10/05/2022 02:50:00 PM,NA,NA,SAME DIR REAR END,Clear,NA,Daylight,N/A,NONE DETECTED,Yes,No Apparent Injury,N/A,UNKNOWN,NA,PASSENGER CAR,BACKING,15,No,2001,SUZUKI,GRAND VITERA,38.98940778,-76.98885491,2022,10,14
220043303,Property Damage Crash,10/05/2022 02:50:00 PM,NA,NA,SAME DIR REAR END,Clear,NA,Daylight,N/A,NONE DETECTED,No,No Apparent Injury,N/A,NOT DISTRACTED,MD,PASSENGER CAR,SLOWING OR STOPPING,15,No,2010,HONDA,CIVIC,38.98940778,-76.98885491,2022,10,14
220043461,Property Damage Crash,10/05/2022 01:47:00 PM,RIVER RD,NA,SAME DIR REND LEFT TURN,Cloudy,WET,Daylight,NO CONTROLS,NONE DETECTED,Yes,No Apparent Injury,"N/A, WET",UNKNOWN,MD,PASSENGER CAR,MAKING U TURN,40,No,2019,TOYOTA,4S,39.07868167,-77.33988667,2022,10,13
220043461,Property Damage Crash,10/05/2022 01:47:00 PM,RIVER RD,NA,SAME DIR REND LEFT TURN,Cloudy,WET,Daylight,NO CONTROLS,NONE DETECTED,No,No Apparent Injury,"N/A, WET",NOT DISTRACTED,MD,PASSENGER CAR,MOVING CONSTANT SPEED,40,No,2017,NISSAN,SENTRA,39.07868167,-77.33988667,2022,10,13
220043463,Property Damage Crash,10/05/2022 01:44:00 PM,NORBECK RD,NA,SAME DIR REAR END,Rain,WET,Daylight,TRAFFIC SIGNAL,NONE DETECTED,No,No Apparent Injury,N/A,NOT DISTRACTED,MD,PASSENGER CAR,STOPPED IN TRAFFIC LANE,35,No,2007,HONDA,ODYSSEY,39.097215,-77.10587333,2022,10,13
220043463,Property Damage Crash,10/05/2022 01:44:00 PM,NORBECK RD,NA,SAME DIR REAR END,Rain,WET,Daylight,TRAFFIC SIGNAL,NONE DETECTED,Yes,No Apparent Injury,N/A,NOT DISTRACTED,MD,PASSENGER CAR,MOVING CONSTANT SPEED,35,No,2012,HYUNDAI,SANTA FE,39.097215,-77.10587333,2022,10,13
220043457,Injury Crash,10/05/2022 01:35:00 PM,FREDERICK RD,NA,SAME DIR REAR END,Clear,WET,Daylight,TRAFFIC SIGNAL,NONE DETECTED,No,No Apparent Injury,"RAIN, SNOW, WET",NOT DISTRACTED,MD,PASSENGER CAR,MAKING RIGHT TURN,40,No,2004,VOLK,SW,39.12217333,-77.17834167,2022,10,13
220043457,Injury Crash,10/05/2022 01:35:00 PM,FREDERICK RD,NA,SAME DIR REAR END,Clear,WET,Daylight,TRAFFIC SIGNAL,NONE DETECTED,Yes,No Apparent Injury,"RAIN, SNOW, WET",NOT DISTRACTED,MD,PASSENGER CAR,MAKING RIGHT TURN,40,No,2018,AUDI,SEDAN,39.12217333,-77.17834167,2022,10,13
220043454,Injury Crash,10/05/2022 01:03:00 PM,BRINK RD,NA,HEAD ON,Cloudy,WET,Daylight,NO CONTROLS,NONE DETECTED,Yes,Possible Minor Injury,"N/A, WET",NOT DISTRACTED,MD,PASSENGER CAR,SKIDDING,35,No,2001,HOND,CP,39.20299167,-77.20502833,2022,10,13
220043454,Injury Crash,10/05/2022 01:03:00 PM,BRINK RD,NA,HEAD ON,Cloudy,WET,Daylight,NO CONTROLS,NONE DETECTED,No,No Apparent Injury,"N/A, WET",NOT DISTRACTED,MD,STATION WAGON,MOVING CONSTANT SPEED,35,No,2018,MERZ,GLC300,39.20299167,-77.20502833,2022,10,13
220043451,Property Damage Crash,10/05/2022 12:27:00 PM,SUTHERLAND RD,NA,STRAIGHT MOVEMENT ANGLE,Rain,WET,Daylight,STOP SIGN,NONE DETECTED,No,No Apparent Injury,"RAIN, SNOW, WET",UNKNOWN,MD,PASSENGER CAR,N/A,25,No,2009,HONDA,ACCORD,39.018905,-77.01517833,2022,10,12
220043451,Property Damage Crash,10/05/2022 12:27:00 PM,SUTHERLAND RD,NA,STRAIGHT MOVEMENT ANGLE,Rain,WET,Daylight,STOP SIGN,NONE DETECTED,Yes,No Apparent Injury,"RAIN, SNOW, WET",UNKNOWN,MD,PASSENGER CAR,MOVING CONSTANT SPEED,25,No,2011,TOYOTA,RAV 4,39.018905,-77.01517833,2022,10,12
220042661,Injury Crash,10/05/2022 11:15:00 AM,CAPITAL BELTWAY,NA,SAME DIRECTION SIDESWIPE,Clear,DRY,Daylight,NO CONTROLS,DRUG AND ALCOHOL CONTRIBUTED,Unknown,Possible Minor Injury,N/A,NOT DISTRACTED,MD,PASSENGER CAR,MOVING CONSTANT SPEED,55,No,2007,HONDA,ACCORD,39.01710404,-77.10207174,2022,10,11
220042661,Injury Crash,10/05/2022 11:15:00 AM,CAPITAL BELTWAY,NA,SAME DIRECTION SIDESWIPE,Clear,DRY,Daylight,NO CONTROLS,NONE DETECTED,Unknown,No Apparent Injury,N/A,UNKNOWN,NA,NA,MOVING CONSTANT SPEED,55,No,0,UNKNOWN,UNKNOWN,39.01710404,-77.10207174,2022,10,11
220043432,Injury Crash,10/05/2022 11:01:00 AM,FREDERICK RD,NA,SAME DIR REAR END,Cloudy,WET,Daylight,N/A,NONE DETECTED,No,Possible Minor Injury,"N/A, WET",NOT DISTRACTED,MD,PASSENGER CAR,SLOWING OR STOPPING,40,No,2014,CADI,CTS,39.19645667,-77.26531,2022,10,11
220043432,Injury Crash,10/05/2022 11:01:00 AM,FREDERICK RD,NA,SAME DIR REAR END,Cloudy,WET,Daylight,N/A,NONE DETECTED,Yes,No Apparent Injury,"N/A, WET",INATTENTIVE OR LOST IN THOUGHT,MD,PASSENGER CAR,MOVING CONSTANT SPEED,40,No,2012,HOND,CIVIC,39.19645667,-77.26531,2022,10,11
220043435,Property Damage Crash,10/05/2022 10:55:00 AM,SHADY GROVE RD,NA,SAME DIR REAR END,Rain,WET,Daylight,NO CONTROLS,NONE DETECTED,No,No Apparent Injury,"N/A, WET",NOT DISTRACTED,MD,VAN,STOPPED IN TRAFFIC LANE,45,No,2018,FORD,VN,39.13830833,-77.15326667,2022,10,10
220043435,Property Damage Crash,10/05/2022 10:55:00 AM,SHADY GROVE RD,NA,SAME DIR REAR END,Rain,WET,Daylight,NO CONTROLS,NONE DETECTED,Yes,No Apparent Injury,"N/A, WET",LOOKED BUT DID NOT SEE,MD,PASSENGER CAR,MOVING CONSTANT SPEED,45,No,2013,NISS,ALTIMA,39.13830833,-77.15326667,2022,10,10
220043427,Injury Crash,10/05/2022 10:15:00 AM,VEIRS MILL RD,NA,SAME DIR REAR END,Rain,WET,Daylight,TRAFFIC SIGNAL,NONE DETECTED,Yes,No Apparent Injury,"SLEET, HAIL, FREEZ. RAIN, WET",NOT DISTRACTED,MD,"OTHER LIGHT TRUCKS (10,000LBS (4,536KG) OR LESS)",SLOWING OR STOPPING,40,No,2022,INTL,ST,39.07736683,-77.124774,2022,10,10
220043427,Injury Crash,10/05/2022 10:15:00 AM,VEIRS MILL RD,NA,SAME DIR REAR END,Rain,WET,Daylight,TRAFFIC SIGNAL,NONE DETECTED,No,Possible Minor Injury,"SLEET, HAIL, FREEZ. RAIN, WET",NOT DISTRACTED,MD,PASSENGER CAR,STOPPED IN TRAFFIC LANE,40,No,2017,SUBA,UT,39.07736683,-77.124774,2022,10,10
220043427,Injury Crash,10/05/2022 10:15:00 AM,VEIRS MILL RD,NA,SAME DIR REAR END,Rain,WET,Daylight,TRAFFIC SIGNAL,NONE DETECTED,No,No Apparent Injury,"SLEET, HAIL, FREEZ. RAIN, WET",NOT DISTRACTED,MD,PASSENGER CAR,STOPPED IN TRAFFIC LANE,40,No,2008,GMC,VN,39.07736683,-77.124774,2022,10,10
220043424,Injury Crash,10/05/2022 10:00:00 AM,E RANDOLPH RD,NA,SAME DIR REAR END,Rain,WET,Daylight,NO CONTROLS,NONE DETECTED,No,No Apparent Injury,"N/A, WET",INATTENTIVE OR LOST IN THOUGHT,MD,PASSENGER CAR,SLOWING OR STOPPING,35,No,2005,TOYT,TK,39.065805,-76.97999667,2022,10,10
220043424,Injury Crash,10/05/2022 10:00:00 AM,E RANDOLPH RD,NA,SAME DIR REAR END,Rain,WET,Daylight,NO CONTROLS,NONE DETECTED,Yes,No Apparent Injury,"N/A, WET",OTHER DISTRACTION,MD,PASSENGER CAR,MOVING CONSTANT SPEED,35,No,1997,FORD,F150,39.065805,-76.97999667,2022,10,10
220043424,Injury Crash,10/05/2022 10:00:00 AM,E RANDOLPH RD,NA,SAME DIR REAR END,Rain,WET,Daylight,NO CONTROLS,NONE DETECTED,No,Possible Minor Injury,"N/A, WET",NOT DISTRACTED,MD,UNKNOWN,SLOWING OR STOPPING,35,No,2000,FORD,POSTAL TRUCK,39.065805,-76.97999667,2022,10,10
220043426,Property Damage Crash,10/05/2022 08:40:00 AM,S FREDERICK RD,NA,SAME DIR REAR END,Cloudy,WET,Daylight,TRAFFIC SIGNAL,NONE DETECTED,Yes,No Apparent Injury,"RAIN, SNOW, WET",UNKNOWN,NA,PASSENGER CAR,SLOWING OR STOPPING,35,No,2014,FORD,EXPLORER,39.13590586,-77.19233807,2022,10,8
220043426,Property Damage Crash,10/05/2022 08:40:00 AM,S FREDERICK RD,NA,SAME DIR REAR END,Cloudy,WET,Daylight,TRAFFIC SIGNAL,NONE DETECTED,No,No Apparent Injury,"RAIN, SNOW, WET",NOT DISTRACTED,MD,PASSENGER CAR,SLOWING OR STOPPING,35,No,2007,TOYOTA,CAMRY,39.13590586,-77.19233807,2022,10,8
220043410,Injury Crash,10/05/2022 08:30:00 AM,AIRPARK RD,NA,SAME DIR REAR END,Rain,WET,Daylight,NO CONTROLS,NONE DETECTED,Yes,No Apparent Injury,"RAIN, SNOW, WET",UNKNOWN,NA,UNKNOWN,MOVING CONSTANT SPEED,50,No,0,UNKNOWN,UNKNOWN,39.15411,-77.14166667,2022,10,8
220043410,Injury Crash,10/05/2022 08:30:00 AM,AIRPARK RD,NA,SAME DIR REAR END,Rain,WET,Daylight,NO CONTROLS,NONE DETECTED,No,Possible Minor Injury,"RAIN, SNOW, WET",LOOKED BUT DID NOT SEE,MD,PASSENGER CAR,MOVING CONSTANT SPEED,50,No,2004,HONDA,ACCORD,39.15411,-77.14166667,2022,10,8
220043425,Property Damage Crash,10/05/2022 07:52:00 AM,CONNECTICUT AVE,NA,SAME DIRECTION SIDESWIPE,Rain,WET,Daylight,NO CONTROLS,NONE DETECTED,Yes,No Apparent Injury,"N/A, RUTS, HOLES, BUMPS",NOT DISTRACTED,MD,TRANSIT BUS,CHANGING LANES,30,No,2012,GILL,BUS,38.982585,-77.07736667,2022,10,7
220043425,Property Damage Crash,10/05/2022 07:52:00 AM,CONNECTICUT AVE,NA,SAME DIRECTION SIDESWIPE,Rain,WET,Daylight,NO CONTROLS,NONE DETECTED,Yes,No Apparent Injury,"N/A, RUTS, HOLES, BUMPS",NOT DISTRACTED,MD,VAN,CHANGING LANES,30,No,2018,FORD,TRANSIT CG,38.982585,-77.07736667,2022,10,7
220043402,Injury Crash,10/05/2022 07:44:00 AM,DEMOCRACY BLVD,NA,SAME DIR REAR END,Rain,WET,Daylight,TRAFFIC SIGNAL,NONE DETECTED,No,Possible Minor Injury,"SLEET, HAIL, FREEZ. RAIN, WET",NOT DISTRACTED,MD,PASSENGER CAR,SLOWING OR STOPPING,35,No,2021,HYUN,HB,39.02158333,-77.1415,2022,10,7