Local Case Number,ACRS Report Type,Crash Date/Time,Road Name,Related Non-Motorist,Collision Type,Weather,Surface Condition,Light,Traffic Control,Driver Substance Abuse,Driver At Fault,Injury Severity,Circumstance,Driver Distracted By,Drivers License State,Vehicle Body Type,Vehicle Movement,Speed Limit,Driverless Vehicle,Vehicle Year,Vehicle Make,Vehicle Model,Latitude,Longitude,Year,Month,Hour
220042918,Property Damage Crash,10/02/2022 05:56:00 AM,CAPITAL BELTWAY,NA,SINGLE VEHICLE,Rain,WET,Medium,NO CONTROLS,NONE DETECTED,No,No Apparent Injury,"RAIN, SNOW, WET",NOT DISTRACTED,MD,PASSENGER CAR,CHANGING LANES,55,No,2020,HYUNDAI,ELANTRA SE,38.97640823,-77.17830477,2022,10,5
220042911,Injury Crash,10/02/2022 04:46:00 AM,GERMANTOWN RD,NA,STRAIGHT MOVEMENT ANGLE,Rain,WET,Medium,FLASHING TRAFFIC SIGNAL,NONE DETECTED,No,No Apparent Injury,"RAIN, SNOW, WET",NOT DISTRACTED,MD,PASSENGER CAR,MOVING CONSTANT SPEED,40,No,1997,HONDA,CIVIC,39.17539,-77.27218,2022,10,4
220042911,Injury Crash,10/02/2022 04:46:00 AM,GERMANTOWN RD,NA,STRAIGHT MOVEMENT ANGLE,Rain,WET,Medium,FLASHING TRAFFIC SIGNAL,NONE DETECTED,Yes,Possible Minor Injury,"RAIN, SNOW, WET",UNKNOWN,MD,PASSENGER CAR,MAKING LEFT TURN,40,No,2017,HONDA,CIVIC,39.17539,-77.27218,2022,10,4
220042908,Injury Crash,10/02/2022 02:54:00 AM,NA,NA,SAME DIRECTION SIDESWIPE,Rain,NA,Medium,NO CONTROLS,NONE DETECTED,Yes,Possible Minor Injury,"RAIN, SNOW, WET",NOT DISTRACTED,MD,(SPORT) UTILITY VEHICLE,MOVING CONSTANT SPEED,0,No,2008,TOYOTA,RAV 4,39.06109848,-77.04539807,2022,10,2
220042907,Property Damage Crash,10/02/2022 02:52:00 AM,RIDGE RD,NA,STRAIGHT MOVEMENT ANGLE,Rain,WET,Medium,FLASHING TRAFFIC SIGNAL,NONE DETECTED,No,No Apparent Injury,"RAIN, SNOW, WET",NOT DISTRACTED,MD,PASSENGER CAR,MOVING CONSTANT SPEED,45,No,2018,TOYOTA,COROLLA,39.19891971,-77.26065554,2022,10,2
220042907,Property Damage Crash,10/02/2022 02:52:00 AM,RIDGE RD,NA,STRAIGHT MOVEMENT ANGLE,Rain,WET,Medium,FLASHING TRAFFIC SIGNAL,NONE DETECTED,Yes,No Apparent Injury,"RAIN, SNOW, WET",UNKNOWN,MD,PASSENGER CAR,STARTING FROM LANE,45,No,2013,FORD,FUSION,39.19891971,-77.26065554,2022,10,2
220042906,Injury Crash,10/02/2022 02:35:00 AM,VEIRS MILL RD,NA,SINGLE VEHICLE,Rain,WET,Medium,TRAFFIC SIGNAL,NONE DETECTED,Yes,No Apparent Injury,N/A,UNKNOWN,NA,PASSENGER CAR,MOVING CONSTANT SPEED,25,No,2005,HONDA,CIVIC,39.03809133,-77.05255067,2022,10,2
220042899,Property Damage Crash,10/02/2022 12:01:00 AM,RANDOLPH RD,NA,SAME DIR BOTH LEFT TURN,Rain,WET,Medium,NO CONTROLS,NONE DETECTED,No,No Apparent Injury,"SLEET, HAIL, FREEZ. RAIN, WET",NOT DISTRACTED,MD,PASSENGER CAR,MAKING LEFT TURN,35,No,2016,TOYT,SD,39.053345,-77.10773167,2022,10,0
220042899,Property Damage Crash,10/02/2022 12:01:00 AM,RANDOLPH RD,NA,SAME DIR BOTH LEFT TURN,Rain,WET,Medium,NO CONTROLS,NONE DETECTED,Yes,No Apparent Injury,"SLEET, HAIL, FREEZ. RAIN, WET",NOT DISTRACTED,MD,PASSENGER CAR,MAKING LEFT TURN,35,No,2018,FORD,TK,39.053345,-77.10773167,2022,10,0
220042896,Injury Crash,10/01/2022 11:30:00 PM,PINEY BRANCH RD,NA,SAME DIRECTION RIGHT TURN,Rain,WET,Medium,TRAFFIC SIGNAL,NONE DETECTED,Yes,Possible Minor Injury,"RAIN, SNOW, WET",NOT DISTRACTED,DC,POLICE VEHICLE/EMERGENCY,MOVING CONSTANT SPEED,35,No,2015,HONDA,CROSSTOUR,38.99918167,-76.99707333,2022,10,23
220042896,Injury Crash,10/01/2022 11:30:00 PM,PINEY BRANCH RD,NA,SAME DIRECTION RIGHT TURN,Rain,WET,Medium,TRAFFIC SIGNAL,NONE DETECTED,No,Possible Minor Injury,"RAIN, SNOW, WET",NOT DISTRACTED,MD,PASSENGER CAR,ACCELERATING,35,No,2015,SUBARU,WRX,38.99918167,-76.99707333,2022,10,23
220042895,Property Damage Crash,10/01/2022 11:20:00 PM,SPENCERVILLE RD,NA,SINGLE VEHICLE,Rain,WET,Medium,NO CONTROLS,NONE DETECTED,Yes,No Apparent Injury,"RAIN, SNOW, WET",UNKNOWN,MD,PASSENGER CAR,MOVING CONSTANT SPEED,40,No,2018,TOYOTA,TK,39.11079333,-76.949305,2022,10,23
220042893,Property Damage Crash,10/01/2022 10:39:00 PM,BLUNT RD,NA,SINGLE VEHICLE,Rain,WET,Dark,N/A,NONE DETECTED,Yes,No Apparent Injury,"RAIN, SNOW, WET",NOT DISTRACTED,MD,PASSENGER CAR,UNKNOWN,15,No,2009,TOYOTA,PRIUS,39.18649382,-77.23110553,2022,10,22
220042879,Injury Crash,10/01/2022 09:13:00 PM,E RANDOLPH RD,NA,STRAIGHT MOVEMENT ANGLE,Clear,DRY,Medium,TRAFFIC SIGNAL,NONE DETECTED,Unknown,No Apparent Injury,N/A,LOOKED BUT DID NOT SEE,MD,PICKUP TRUCK,MOVING CONSTANT SPEED,40,No,2000,FORD,F350,39.06767833,-76.98589,2022,10,21
220042879,Injury Crash,10/01/2022 09:13:00 PM,E RANDOLPH RD,NA,STRAIGHT MOVEMENT ANGLE,Clear,DRY,Medium,TRAFFIC SIGNAL,NONE DETECTED,Yes,Possible Minor Injury,N/A,LOOKED BUT DID NOT SEE,MD,PASSENGER CAR,MAKING LEFT TURN,40,No,2015,FORD,FOCUS,39.06767833,-76.98589,2022,10,21
220042880,Property Damage Crash,10/01/2022 09:03:00 PM,RANDOLPH RD,NA,OTHER,Rain,WET,Medium,NO CONTROLS,NONE DETECTED,No,No Apparent Injury,"RAIN, SNOW, WET",NOT DISTRACTED,MD,PASSENGER CAR,MOVING CONSTANT SPEED,40,No,2021,LEXUS,RX350,39.06591344,-77.02257149,2022,10,21
220042880,Property Damage Crash,10/01/2022 09:03:00 PM,RANDOLPH RD,NA,OTHER,Rain,WET,Medium,NO CONTROLS,NONE DETECTED,Yes,No Apparent Injury,"RAIN, SNOW, WET",NOT DISTRACTED,MD,PASSENGER CAR,MOVING CONSTANT SPEED,40,No,2016,HONDA,CIVIC,39.06591344,-77.02257149,2022,10,21
220042882,Property Damage Crash,10/01/2022 08:45:00 PM,SPRING ST,NA,SAME DIR REAR END,Rain,WET,Medium,NO CONTROLS,NONE DETECTED,Yes,No Apparent Injury,"SLEET, HAIL, FREEZ. RAIN, WET",UNKNOWN,NA,PASSENGER CAR,SLOWING OR STOPPING,25,No,2014,VOLKSWAGON,CC,38.99850242,-77.03358065,2022,10,20
220042875,Property Damage Crash,10/01/2022 07:41:00 PM,RIVER RD,NA,HEAD ON LEFT TURN,Rain,WET,Medium,TRAFFIC SIGNAL,NONE DETECTED,Yes,No Apparent Injury,"N/A, WET",UNKNOWN,VA,PASSENGER CAR,MAKING LEFT TURN,40,No,2018,CHEVY,MALIBU,39.00199333,-77.18083083,2022,10,19
220042875,Property Damage Crash,10/01/2022 07:41:00 PM,RIVER RD,NA,HEAD ON LEFT TURN,Rain,WET,Medium,TRAFFIC SIGNAL,NONE DETECTED,No,No Apparent Injury,"N/A, WET",NOT DISTRACTED,VA,(SPORT) UTILITY VEHICLE,MOVING CONSTANT SPEED,40,No,2018,MAZDA,CX-5,39.00199333,-77.18083083,2022,10,19
220042865,Injury Crash,10/01/2022 07:12:00 PM,UNIVERSITY BLVD E,NA,HEAD ON LEFT TURN,Rain,WET,Medium,TRAFFIC SIGNAL,NONE DETECTED,No,Possible Minor Injury,"RAIN, SNOW, WET",NOT DISTRACTED,MD,PASSENGER CAR,MOVING CONSTANT SPEED,35,No,2007,CHEV,COBALT,38.99435167,-76.99251333,2022,10,19
220042865,Injury Crash,10/01/2022 07:12:00 PM,UNIVERSITY BLVD E,NA,HEAD ON LEFT TURN,Rain,WET,Medium,TRAFFIC SIGNAL,NONE DETECTED,Yes,No Apparent Injury,"RAIN, SNOW, WET",LOOKED BUT DID NOT SEE,XX,(SPORT) UTILITY VEHICLE,MAKING LEFT TURN,35,No,2007,GMC,YUKON XL,38.99435167,-76.99251333,2022,10,19
220042857,Injury Crash,10/01/2022 05:16:00 PM,UNIVERSITY BLVD W,NA,ANGLE MEETS LEFT HEAD ON,Cloudy,WET,Daylight,NO CONTROLS,NONE DETECTED,Yes,Possible Minor Injury,N/A,LOOKED BUT DID NOT SEE,MD,PASSENGER CAR,MAKING LEFT TURN,35,No,2019,NISS,SD,39.03874833,-77.04164167,2022,10,17
220042857,Injury Crash,10/01/2022 05:16:00 PM,UNIVERSITY BLVD W,NA,ANGLE MEETS LEFT HEAD ON,Cloudy,WET,Daylight,NO CONTROLS,NONE DETECTED,No,No Apparent Injury,N/A,NOT DISTRACTED,MD,PASSENGER CAR,MOVING CONSTANT SPEED,35,No,2007,MERZ,S550,39.03874833,-77.04164167,2022,10,17
220042855,Property Damage Crash,10/01/2022 04:15:00 PM,FATHER HURLEY BLVD,NA,SINGLE VEHICLE,Cloudy,WET,Daylight,TRAFFIC SIGNAL,NONE DETECTED,Yes,No Apparent Injury,"RAIN, SNOW, WET",INATTENTIVE OR LOST IN THOUGHT,MD,PASSENGER CAR,MOVING CONSTANT SPEED,35,No,2006,FORD,MUSTANG,39.199195,-77.26099833,2022,10,16
220042852,Property Damage Crash,10/01/2022 04:02:00 PM,NA,NA,SAME DIRECTION SIDESWIPE,Cloudy,NA,Daylight,NO CONTROLS,NONE DETECTED,Yes,No Apparent Injury,N/A,UNKNOWN,MD,PICKUP TRUCK,STARTING FROM PARKED,10,No,2005,FORD,F150,38.99864176,-77.00393619,2022,10,16
220042849,Property Damage Crash,10/01/2022 03:29:00 PM,DEMOCRACY BLVD,NA,SINGLE VEHICLE,Cloudy,WET,Daylight,NO CONTROLS,NONE DETECTED,Yes,No Apparent Injury,"N/A, WET",UNKNOWN,MD,PASSENGER CAR,NEGOTIATING A CURVE,30,No,2004,ACUR,TSX,39.02314333,-77.14335433,2022,10,15
220042836,Property Damage Crash,10/01/2022 01:49:00 PM,WINDHAM LA,NA,SAME DIR REAR END,Rain,WET,Daylight,TRAFFIC SIGNAL,NONE DETECTED,No,No Apparent Injury,"N/A, RAIN, SNOW",NOT DISTRACTED,AZ,PASSENGER CAR,STOPPED IN TRAFFIC LANE,20,No,2020,TOYOTA,CAMRY,39.00810833,-77.04031333,2022,10,13
220042836,Property Damage Crash,10/01/2022 01:49:00 PM,WINDHAM LA,NA,SAME DIR REAR END,Rain,WET,Daylight,TRAFFIC SIGNAL,NONE DETECTED,Yes,No Apparent Injury,"N/A, RAIN, SNOW",LOOKED BUT DID NOT SEE,MD,PASSENGER CAR,STOPPED IN TRAFFIC LANE,20,No,2018,NISSAN,ALTIMA,39.00810833,-77.04031333,2022,10,13
220042832,Property Damage Crash,10/01/2022 01:15:00 PM,FERNWOOD RD,NA,SAME DIR REAR END,Rain,WET,Daylight,NO CONTROLS,NONE DETECTED,No,No Apparent Injury,"RAIN, SNOW, WET",NOT DISTRACTED,NC,(SPORT) UTILITY VEHICLE,STOPPED IN TRAFFIC LANE,30,No,2021,MERCEDES,GLE,39.00940967,-77.13340233,2022,10,13
220042832,Property Damage Crash,10/01/2022 01:15:00 PM,FERNWOOD RD,NA,SAME DIR REAR END,Rain,WET,Daylight,NO CONTROLS,NONE DETECTED,No,No Apparent Injury,"RAIN, SNOW, WET",NOT DISTRACTED,MD,(SPORT) UTILITY VEHICLE,STOPPED IN TRAFFIC LANE,30,No,2020,VOLVO,XC60,39.00940967,-77.13340233,2022,10,13
220042832,Property Damage Crash,10/01/2022 01:15:00 PM,FERNWOOD RD,NA,SAME DIR REAR END,Rain,WET,Daylight,NO CONTROLS,NONE DETECTED,Yes,No Apparent Injury,"RAIN, SNOW, WET",UNKNOWN,MD,(SPORT) UTILITY VEHICLE,SLOWING OR STOPPING,30,No,2008,PORSCHE,CAYENNE,39.00940967,-77.13340233,2022,10,13
220042829,Property Damage Crash,10/01/2022 12:30:00 PM,CAPITAL BELTWAY,NA,SAME DIRECTION SIDESWIPE,Rain,WET,Daylight,NO CONTROLS,NONE DETECTED,No,No Apparent Injury,"RAIN, SNOW, WET",NOT DISTRACTED,MD,PASSENGER CAR,MOVING CONSTANT SPEED,55,No,2013,LEXS,TK,39.011225,-77.091645,2022,10,12
220042829,Property Damage Crash,10/01/2022 12:30:00 PM,CAPITAL BELTWAY,NA,SAME DIRECTION SIDESWIPE,Rain,WET,Daylight,NO CONTROLS,NONE DETECTED,No,No Apparent Injury,"RAIN, SNOW, WET",NOT DISTRACTED,NJ,(SPORT) UTILITY VEHICLE,MOVING CONSTANT SPEED,55,No,2019,DODGE,DURANGO,39.011225,-77.091645,2022,10,12
220042829,Property Damage Crash,10/01/2022 12:30:00 PM,CAPITAL BELTWAY,NA,SAME DIRECTION SIDESWIPE,Rain,WET,Daylight,NO CONTROLS,NONE DETECTED,Yes,No Apparent Injury,"RAIN, SNOW, WET",UNKNOWN,VA,PASSENGER CAR,MOVING CONSTANT SPEED,55,No,2017,TOYOTA,COROLLA,39.011225,-77.091645,2022,10,12
220042829,Property Damage Crash,10/01/2022 12:30:00 PM,CAPITAL BELTWAY,NA,SAME DIRECTION SIDESWIPE,Rain,WET,Daylight,NO CONTROLS,NONE DETECTED,No,No Apparent Injury,"RAIN, SNOW, WET",NOT DISTRACTED,MD,PASSENGER CAR,MOVING CONSTANT SPEED,55,No,2017,JAGU,TK,39.011225,-77.091645,2022,10,12
220042822,Injury Crash,10/01/2022 11:36:00 AM,RANDOLPH RD,NA,SAME DIR REAR END,Rain,WET,Daylight,TRAFFIC SIGNAL,NONE DETECTED,Yes,Possible Minor Injury,"N/A, WET",NOT DISTRACTED,MD,PASSENGER CAR,MOVING CONSTANT SPEED,35,No,2013,DODGE,DART,39.0662445,-77.02241817,2022,10,11
220042822,Injury Crash,10/01/2022 11:36:00 AM,RANDOLPH RD,NA,SAME DIR REAR END,Rain,WET,Daylight,TRAFFIC SIGNAL,NONE DETECTED,No,No Apparent Injury,"N/A, WET",NOT DISTRACTED,MD,(SPORT) UTILITY VEHICLE,MOVING CONSTANT SPEED,35,No,2021,SUBARU,ASCENT,39.0662445,-77.02241817,2022,10,11
220042823,Property Damage Crash,10/01/2022 11:35:00 AM,BRINK RD,NA,SINGLE VEHICLE,Rain,WET,Daylight,NO CONTROLS,NONE DETECTED,Yes,No Apparent Injury,"N/A, WET",NOT DISTRACTED,MD,PICKUP TRUCK,NEGOTIATING A CURVE,40,No,2003,CHEVROLET,AVALANCHE,39.20021167,-77.19665,2022,10,11
220042817,Property Damage Crash,10/01/2022 11:18:00 AM,TWINBROOK PKWY,NA,SAME DIR REAR END,Rain,WET,Daylight,TRAFFIC SIGNAL,NONE DETECTED,No,No Apparent Injury,"RAIN, SNOW, WET",NOT DISTRACTED,MD,PASSENGER CAR,STOPPED IN TRAFFIC LANE,30,No,2007,LEXU,4S,39.05867765,-77.11925632,2022,10,11
220042817,Property Damage Crash,10/01/2022 11:18:00 AM,TWINBROOK PKWY,NA,SAME DIR REAR END,Rain,WET,Daylight,TRAFFIC SIGNAL,NONE DETECTED,Yes,No Apparent Injury,"RAIN, SNOW, WET",NOT DISTRACTED,MD,VAN,SLOWING OR STOPPING,30,No,2016,HOND,PV,39.05867765,-77.11925632,2022,10,11
220042817,Property Damage Crash,10/01/2022 11:18:00 AM,TWINBROOK PKWY,NA,SAME DIR REAR END,Rain,WET,Daylight,TRAFFIC SIGNAL,NONE DETECTED,No,No Apparent Injury,"RAIN, SNOW, WET",NOT DISTRACTED,MD,PASSENGER CAR,STOPPED IN TRAFFIC LANE,30,No,2015,HONDA,4D,39.05867765,-77.11925632,2022,10,11
220042817,Property Damage Crash,10/01/2022 11:18:00 AM,TWINBROOK PKWY,NA,SAME DIR REAR END,Rain,WET,Daylight,TRAFFIC SIGNAL,NONE DETECTED,No,No Apparent Injury,"RAIN, SNOW, WET",NOT DISTRACTED,MD,PASSENGER CAR,STOPPED IN TRAFFIC LANE,30,No,2019,TOYT,4S,39.05867765,-77.11925632,2022,10,11
220042811,Injury Crash,10/01/2022 10:31:00 AM,RANDOLPH RD,NA,SAME DIR REAR END,Rain,WET,Daylight,TRAFFIC SIGNAL,NONE DETECTED,No,No Apparent Injury,"RAIN, SNOW, WET",NOT DISTRACTED,MD,PASSENGER CAR,STOPPED IN TRAFFIC LANE,40,No,2017,FORD,4S,39.063955,-77.03924333,2022,10,10
220042811,Injury Crash,10/01/2022 10:31:00 AM,RANDOLPH RD,NA,SAME DIR REAR END,Rain,WET,Daylight,TRAFFIC SIGNAL,NONE DETECTED,Yes,No Apparent Injury,"RAIN, SNOW, WET",INATTENTIVE OR LOST IN THOUGHT,MD,PASSENGER CAR,SLOWING OR STOPPING,40,No,2010,CADILLAC,CTS,39.063955,-77.03924333,2022,10,10
220042808,Property Damage Crash,10/01/2022 09:59:00 AM,COLUMBIA PIKE,NA,SINGLE VEHICLE,Rain,WET,Daylight,NO CONTROLS,NONE DETECTED,Yes,No Apparent Injury,"RAIN, SNOW, WET",LOOKED BUT DID NOT SEE,MD,PASSENGER CAR,MOVING CONSTANT SPEED,25,No,2007,HONDA,CIVIC,39.0850348,-76.9473862,2022,10,9
220042809,Property Damage Crash,10/01/2022 09:45:00 AM,MONTGOMERY VILLAGE AVE,NA,SAME DIR REAR END,Rain,WET,Daylight,TRAFFIC SIGNAL,NONE DETECTED,Yes,No Apparent Injury,"RAIN, SNOW, WET",NOT DISTRACTED,PA,PICKUP TRUCK,SLOWING OR STOPPING,35,No,2016,TOYOTA,TACOMA,39.15938167,-77.20234,2022,10,9
220042809,Property Damage Crash,10/01/2022 09:45:00 AM,MONTGOMERY VILLAGE AVE,NA,SAME DIR REAR END,Rain,WET,Daylight,TRAFFIC SIGNAL,NONE DETECTED,No,No Apparent Injury,"RAIN, SNOW, WET",NOT DISTRACTED,MD,PASSENGER CAR,SLOWING OR STOPPING,35,No,2020,TOYT,UT,39.15938167,-77.20234,2022,10,9
220042804,Property Damage Crash,10/01/2022 08:59:00 AM,MONTROSE RD,NA,SINGLE VEHICLE,Rain,WET,Daylight,N/A,NONE DETECTED,Yes,No Apparent Injury,"RAIN, SNOW, WET",NOT DISTRACTED,MD,PASSENGER CAR,MOVING CONSTANT SPEED,35,No,2003,TOYT,SD,39.0507569,-77.1262611,2022,10,8
220042800,Injury Crash,10/01/2022 08:28:00 AM,UNIVERSITY BLVD W,PEDESTRIAN,HEAD ON LEFT TURN,Rain,WET,Daylight,TRAFFIC SIGNAL,NONE DETECTED,Unknown,Possible Minor Injury,"N/A, WET",UNKNOWN,MD,OTHER BUS,MAKING LEFT TURN,35,No,2016,GILL,BU,39.034435,-77.02424167,2022,10,8
220042798,Injury Crash,10/01/2022 08:09:00 AM,INDIANOLA DR,NA,SAME DIR REAR END,Rain,WET,Daylight,NO CONTROLS,NONE DETECTED,Yes,No Apparent Injury,"RAIN, SNOW, WET",NOT DISTRACTED,MD,PASSENGER CAR,SLOWING OR STOPPING,30,No,2014,NISSAN,VERSA,39.11296667,-77.16099167,2022,10,8
220042798,Injury Crash,10/01/2022 08:09:00 AM,INDIANOLA DR,NA,SAME DIR REAR END,Rain,WET,Daylight,NO CONTROLS,NONE DETECTED,No,Possible Minor Injury,"RAIN, SNOW, WET",UNKNOWN,MD,PASSENGER CAR,SLOWING OR STOPPING,30,No,2022,TESLA,3EV,39.11296667,-77.16099167,2022,10,8
220042788,Property Damage Crash,10/01/2022 05:45:00 AM,ROCKVILLE PIKE,NA,SINGLE VEHICLE,Rain,WET,Medium,NO CONTROLS,NONE DETECTED,Yes,No Apparent Injury,"RAIN, SNOW, WET",UNKNOWN,MD,(SPORT) UTILITY VEHICLE,MOVING CONSTANT SPEED,40,No,2020,CHEVROLET,EQUINOX,39.01782917,-77.10247367,2022,10,5
220042786,Property Damage Crash,10/01/2022 04:35:00 AM,NA,NA,SINGLE VEHICLE,Rain,NA,Medium,N/A,NONE DETECTED,Yes,No Apparent Injury,N/A,NOT DISTRACTED,MD,FIRE VEHICLE/NON EMERGENCY,ACCELERATING,0,No,2008,PIER,TK,39.207155,-77.14129333,2022,10,4
220042785,Property Damage Crash,10/01/2022 04:03:00 AM,RAMP 8 FR IS 270 SB TO MD 118 WB,NA,SINGLE VEHICLE,Rain,WET,Medium,NO CONTROLS,NONE DETECTED,Yes,No Apparent Injury,"SLEET, HAIL, FREEZ. RAIN, WET",INATTENTIVE OR LOST IN THOUGHT,MD,PASSENGER CAR,NEGOTIATING A CURVE,25,No,2015,NISSAN,ALTIMA,39.18442,-77.25268167,2022,10,4
220042781,Injury Crash,10/01/2022 02:30:00 AM,FENTON ST,NA,STRAIGHT MOVEMENT ANGLE,Rain,WET,Medium,TRAFFIC SIGNAL,NONE DETECTED,Yes,Possible Minor Injury,N/A,NOT DISTRACTED,MD,PASSENGER CAR,MOVING CONSTANT SPEED,30,No,2017,NISSAN,SENTRA,38.99021167,-77.023865,2022,10,2
220042781,Injury Crash,10/01/2022 02:30:00 AM,FENTON ST,NA,STRAIGHT MOVEMENT ANGLE,Rain,WET,Medium,TRAFFIC SIGNAL,NONE DETECTED,No,Possible Minor Injury,N/A,NOT DISTRACTED,MD,PASSENGER CAR,MOVING CONSTANT SPEED,30,No,2004,HONDA,ACCORD,38.99021167,-77.023865,2022,10,2
220042766,Property Damage Crash,09/30/2022 10:19:00 PM,NEW HAMPSHIRE AVE,NA,SAME DIRECTION RIGHT TURN,Rain,WET,Medium,TRAFFIC SIGNAL,NONE DETECTED,No,No Apparent Injury,"N/A, WET",NOT DISTRACTED,MD,PASSENGER CAR,MOVING CONSTANT SPEED,40,No,2007,TOYOTA,CAMRY,39.03403433,-76.98694683,2022,9,22
220042766,Property Damage Crash,09/30/2022 10:19:00 PM,NEW HAMPSHIRE AVE,NA,SAME DIRECTION RIGHT TURN,Rain,WET,Medium,TRAFFIC SIGNAL,NONE DETECTED,Yes,No Apparent Injury,"N/A, WET",DIALING CELLULAR PHONE,MD,PASSENGER CAR,MOVING CONSTANT SPEED,40,No,2020,CHEVROLET,SPARK,39.03403433,-76.98694683,2022,9,22
220042755,Injury Crash,09/30/2022 09:38:00 PM,PARKLAND DR,NA,STRAIGHT MOVEMENT ANGLE,Rain,WET,Medium,STOP SIGN,NONE DETECTED,Unknown,No Apparent Injury,"RAIN, SNOW, WET",LOOKED BUT DID NOT SEE,MD,PASSENGER CAR,ACCELERATING,30,No,2018,TOYT,TK,39.08573833,-77.08686333,2022,9,21
220042755,Injury Crash,09/30/2022 09:38:00 PM,PARKLAND DR,NA,STRAIGHT MOVEMENT ANGLE,Rain,WET,Medium,STOP SIGN,NONE DETECTED,Unknown,No Apparent Injury,"RAIN, SNOW, WET",LOOKED BUT DID NOT SEE,MD,(SPORT) UTILITY VEHICLE,ACCELERATING,30,No,2016,HONDA,CRV,39.08573833,-77.08686333,2022,9,21
220042750,Injury Crash,09/30/2022 09:05:00 PM,SPRING ST,PEDESTRIAN,OTHER,Clear,WET,Medium,NO CONTROLS,NONE DETECTED,No,No Apparent Injury,N/A,NOT DISTRACTED,MD,PASSENGER CAR,MOVING CONSTANT SPEED,25,No,2020,CHEV,4D,38.99897853,-77.03279139,2022,9,21
220042745,Property Damage Crash,09/30/2022 08:38:00 PM,WAYNE AVE,NA,SAME DIR REAR END,Rain,WET,Medium,TRAFFIC SIGNAL,NONE DETECTED,No,No Apparent Injury,"SLEET, HAIL, FREEZ. RAIN, WET",NOT DISTRACTED,MD,PASSENGER CAR,STARTING FROM LANE,25,No,2010,NISSAN,SENTRA,38.99439833,-77.026955,2022,9,20
220042745,Property Damage Crash,09/30/2022 08:38:00 PM,WAYNE AVE,NA,SAME DIR REAR END,Rain,WET,Medium,TRAFFIC SIGNAL,NONE DETECTED,Yes,No Apparent Injury,"SLEET, HAIL, FREEZ. RAIN, WET",UNKNOWN,NA,UNKNOWN,MOVING CONSTANT SPEED,25,No,0,UNKNOWN,UNKNOWN,38.99439833,-77.026955,2022,9,20
220042743,Injury Crash,09/30/2022 08:09:00 PM,FLOWER AVE,NA,SAME DIR REAR END,Clear,DRY,Medium,TRAFFIC SIGNAL,NONE DETECTED,No,Possible Minor Injury,N/A,NOT DISTRACTED,MD,PASSENGER CAR,STOPPED IN TRAFFIC LANE,35,No,2022,TOYOTA,RAV4,39.04532367,-76.99121617,2022,9,20
220042743,Injury Crash,09/30/2022 08:09:00 PM,FLOWER AVE,NA,SAME DIR REAR END,Clear,DRY,Medium,TRAFFIC SIGNAL,ALCOHOL PRESENT,Yes,No Apparent Injury,N/A,OTHER DISTRACTION,MD,PASSENGER CAR,MOVING CONSTANT SPEED,35,No,2018,HONDA,FIT,39.04532367,-76.99121617,2022,9,20
220042741,Injury Crash,09/30/2022 07:49:00 PM,NORBECK RD,NA,OTHER,Rain,WET,Medium,STOP SIGN,NONE DETECTED,Yes,No Apparent Injury,"RAIN, SNOW, WET",NOT DISTRACTED,MD,(SPORT) UTILITY VEHICLE,MAKING LEFT TURN,25,No,2014,TOYOTA,VENZA,39.08711909,-77.13483406,2022,9,19
220042741,Injury Crash,09/30/2022 07:49:00 PM,NORBECK RD,NA,OTHER,Rain,WET,Medium,STOP SIGN,NONE DETECTED,No,Possible Minor Injury,"RAIN, SNOW, WET",UNKNOWN,MD,PASSENGER CAR,MOVING CONSTANT SPEED,50,No,2014,MAZDA,3,39.08711909,-77.13483406,2022,9,19
220042742,Property Damage Crash,09/30/2022 07:45:00 PM,SHADY GROVE RD,NA,SAME DIR REAR END,Rain,WET,Dark,TRAFFIC SIGNAL,NONE DETECTED,Yes,No Apparent Injury,"N/A, WET",LOOKED BUT DID NOT SEE,MD,PASSENGER CAR,STARTING FROM LANE,35,No,2019,HONDA,ACCORD,39.130725,-77.16151,2022,9,19
220042742,Property Damage Crash,09/30/2022 07:45:00 PM,SHADY GROVE RD,NA,SAME DIR REAR END,Rain,WET,Dark,TRAFFIC SIGNAL,NONE DETECTED,No,No Apparent Injury,"N/A, WET",NOT DISTRACTED,MD,PASSENGER CAR,STARTING FROM LANE,35,No,2019,HYUN,ACCENT,39.130725,-77.16151,2022,9,19
220042739,Property Damage Crash,09/30/2022 07:43:00 PM,PRESERVE PKWY,NA,OTHER,Rain,WET,Medium,NO CONTROLS,NONE DETECTED,Yes,No Apparent Injury,"N/A, WET",LOOKED BUT DID NOT SEE,MD,(SPORT) UTILITY VEHICLE,MOVING CONSTANT SPEED,30,No,2017,TOYT,HIGHLANDER,39.06630513,-77.14957002,2022,9,19
220042738,Injury Crash,09/30/2022 07:30:00 PM,RANDOLPH RD,NA,HEAD ON LEFT TURN,Clear,DRY,Medium,NO CONTROLS,NONE DETECTED,Yes,Possible Minor Injury,N/A,UNKNOWN,NA,NA,MOVING CONSTANT SPEED,40,No,0,UNKNOWN,UNKNOWN,39.07486504,-77.00513141,2022,9,19
220042738,Injury Crash,09/30/2022 07:30:00 PM,RANDOLPH RD,NA,HEAD ON LEFT TURN,Clear,DRY,Medium,NO CONTROLS,NONE DETECTED,No,Possible Minor Injury,N/A,NOT DISTRACTED,MD,PASSENGER CAR,MOVING CONSTANT SPEED,40,No,2012,TOYOTA,CAMRY,39.07486504,-77.00513141,2022,9,19
220042736,Injury Crash,09/30/2022 07:26:00 PM,GUNNERS BRANCH RD,PEDESTRIAN,SINGLE VEHICLE,Rain,WET,Medium,TRAFFIC SIGNAL,NONE DETECTED,Yes,No Apparent Injury,"N/A, WET",LOOKED BUT DID NOT SEE,MD,PASSENGER CAR,MAKING RIGHT TURN,15,No,2006,TOYOTA,COROLLA,39.179065,-77.23771667,2022,9,19
220042731,Injury Crash,09/30/2022 07:12:00 PM,CLOPPER RD,NA,SAME DIR REAR END,Rain,WET,Medium,NO CONTROLS,NONE DETECTED,No,No Apparent Injury,"RAIN, SNOW, WET",NOT DISTRACTED,MD,VAN,STOPPED IN TRAFFIC LANE,30,No,2002,CHRYSLER,PV,39.15916658,-77.27584597,2022,9,19
220042731,Injury Crash,09/30/2022 07:12:00 PM,CLOPPER RD,NA,SAME DIR REAR END,Rain,WET,Medium,NO CONTROLS,NONE DETECTED,Yes,No Apparent Injury,"RAIN, SNOW, WET",UNKNOWN,MD,PICKUP TRUCK,MOVING CONSTANT SPEED,30,No,2019,FORD,PK,39.15916658,-77.27584597,2022,9,19
220042731,Injury Crash,09/30/2022 07:12:00 PM,CLOPPER RD,NA,SAME DIR REAR END,Rain,WET,Medium,NO CONTROLS,NONE DETECTED,No,Possible Minor Injury,"RAIN, SNOW, WET",NOT DISTRACTED,TX,PASSENGER CAR,STOPPED IN TRAFFIC LANE,30,No,2008,HONDA,CIVIC,39.15916658,-77.27584597,2022,9,19
220042730,Property Damage Crash,09/30/2022 07:00:00 PM,W GUDE DR,NA,SAME DIR REAR END,Clear,WET,Medium,NO CONTROLS,NONE DETECTED,No,No Apparent Injury,"N/A, WET",NOT DISTRACTED,MD,PASSENGER CAR,SLOWING OR STOPPING,35,No,2022,FORD,TK,39.1051455,-77.15863667,2022,9,19
220042730,Property Damage Crash,09/30/2022 07:00:00 PM,W GUDE DR,NA,SAME DIR REAR END,Clear,WET,Medium,NO CONTROLS,NONE DETECTED,Yes,No Apparent Injury,"N/A, WET",LOOKED BUT DID NOT SEE,MD,PASSENGER CAR,ACCELERATING,35,No,2001,NISSAN,TK,39.1051455,-77.15863667,2022,9,19