Local Case Number,ACRS Report Type,Crash Date/Time,Road Name,Related Non-Motorist,Collision Type,Weather,Surface Condition,Light,Traffic Control,Driver Substance Abuse,Driver At Fault,Injury Severity,Circumstance,Driver Distracted By,Drivers License State,Vehicle Body Type,Vehicle Movement,Speed Limit,Driverless Vehicle,Vehicle Year,Vehicle Make,Vehicle Model,Latitude,Longitude,Year,Month,Hour
220042205,Property Damage Crash,09/27/2022 08:34:00 PM,COLUMBIA PIKE,NA,SAME DIR REAR END,Clear,DRY,Medium,N/A,NONE DETECTED,Yes,No Apparent Injury,N/A,NOT DISTRACTED,MD,(SPORT) UTILITY VEHICLE,MOVING CONSTANT SPEED,50,No,2017,HYUNDAI,TUCSON,39.071658,-76.95684371,2022,9,20
220042205,Property Damage Crash,09/27/2022 08:34:00 PM,COLUMBIA PIKE,NA,SAME DIR REAR END,Clear,DRY,Medium,N/A,NONE DETECTED,No,No Apparent Injury,N/A,NOT DISTRACTED,MD,PASSENGER CAR,SLOWING OR STOPPING,50,No,2019,CHEVROLET,EQUINOX,39.071658,-76.95684371,2022,9,20
220042189,Injury Crash,09/27/2022 07:34:00 PM,SNOUFFERS SCHOOL RD,NA,HEAD ON LEFT TURN,Clear,DRY,Medium,TRAFFIC SIGNAL,NONE DETECTED,No,Possible Minor Injury,N/A,NOT DISTRACTED,MD,PASSENGER CAR,MOVING CONSTANT SPEED,40,No,2020,TOYOTA,COROLLA,39.18313817,-77.1823375,2022,9,19
220042189,Injury Crash,09/27/2022 07:34:00 PM,SNOUFFERS SCHOOL RD,NA,HEAD ON LEFT TURN,Clear,DRY,Medium,TRAFFIC SIGNAL,NONE DETECTED,No,No Apparent Injury,N/A,NOT DISTRACTED,MD,PASSENGER CAR,STOPPED IN TRAFFIC LANE,25,No,2018,TOYOTA,SEQUIOA,39.18313817,-77.1823375,2022,9,19
220042189,Injury Crash,09/27/2022 07:34:00 PM,SNOUFFERS SCHOOL RD,NA,HEAD ON LEFT TURN,Clear,DRY,Medium,TRAFFIC SIGNAL,NONE DETECTED,Yes,Possible Minor Injury,N/A,NOT DISTRACTED,MD,PASSENGER CAR,MAKING LEFT TURN,40,No,2008,SUBA,SD,39.18313817,-77.1823375,2022,9,19
220042187,Property Damage Crash,09/27/2022 07:25:00 PM,S FREDERICK RD,NA,STRAIGHT MOVEMENT ANGLE,Clear,DRY,Medium,TRAFFIC SIGNAL,NONE DETECTED,Yes,No Apparent Injury,N/A,LOOKED BUT DID NOT SEE,MD,PASSENGER CAR,MAKING LEFT TURN,30,No,2022,NISS,UT,39.13590667,-77.19234167,2022,9,19
220042187,Property Damage Crash,09/27/2022 07:25:00 PM,S FREDERICK RD,NA,STRAIGHT MOVEMENT ANGLE,Clear,DRY,Medium,TRAFFIC SIGNAL,NONE DETECTED,No,No Apparent Injury,N/A,NOT DISTRACTED,MD,PASSENGER CAR,MOVING CONSTANT SPEED,30,No,2010,HOND,4S,39.13590667,-77.19234167,2022,9,19
220042168,Injury Crash,09/27/2022 04:52:00 PM,RESEARCH BLVD,NA,SAME DIR REAR END,Clear,DRY,Daylight,N/A,NONE DETECTED,No,Possible Minor Injury,N/A,NOT DISTRACTED,MD,PASSENGER CAR,SLOWING OR STOPPING,30,No,1999,TOYOTA,CAMRY,39.09213133,-77.17858233,2022,9,16
220042168,Injury Crash,09/27/2022 04:52:00 PM,RESEARCH BLVD,NA,SAME DIR REAR END,Clear,DRY,Daylight,N/A,NONE DETECTED,Yes,No Apparent Injury,N/A,UNKNOWN,MD,(SPORT) UTILITY VEHICLE,MOVING CONSTANT SPEED,30,No,2017,NISSAN,PATHFINDER,39.09213133,-77.17858233,2022,9,16
220042158,Injury Crash,09/27/2022 04:46:00 PM,BRADLEY BLVD,BICYCLIST,OTHER,Clear,DRY,Daylight,TRAFFIC SIGNAL,NONE DETECTED,No,No Apparent Injury,N/A,NOT DISTRACTED,MD,PASSENGER CAR,MAKING RIGHT TURN,35,No,2009,HYUNDAI,ELANTRA,38.993018,-77.11893217,2022,9,16
220042177,Injury Crash,09/27/2022 04:33:00 PM,NORBECK RD,NA,SINGLE VEHICLE,Clear,DRY,Daylight,NO CONTROLS,ALCOHOL PRESENT,Yes,No Apparent Injury,N/A,LOOKED BUT DID NOT SEE,MD,PASSENGER CAR,MOVING CONSTANT SPEED,45,No,2002,ACURA,MDX,39.11922558,-77.02005206,2022,9,16
220042513,Injury Crash,09/27/2022 04:21:00 PM,S FREDERICK RD,NA,SAME DIR REAR END,Clear,DRY,Daylight,NO CONTROLS,NONE DETECTED,No,No Apparent Injury,N/A,NOT DISTRACTED,MD,PASSENGER CAR,SLOWING OR STOPPING,35,No,2007,TOYT,SD,39.135605,-77.19202583,2022,9,16
220042513,Injury Crash,09/27/2022 04:21:00 PM,S FREDERICK RD,NA,SAME DIR REAR END,Clear,DRY,Daylight,NO CONTROLS,NONE DETECTED,No,No Apparent Injury,N/A,NOT DISTRACTED,MD,PASSENGER CAR,SLOWING OR STOPPING,35,No,2021,CHEVROLET,MALIBU,39.135605,-77.19202583,2022,9,16
220042513,Injury Crash,09/27/2022 04:21:00 PM,S FREDERICK RD,NA,SAME DIR REAR END,Clear,DRY,Daylight,NO CONTROLS,NONE DETECTED,Yes,Possible Minor Injury,N/A,UNKNOWN,MD,PASSENGER CAR,MOVING CONSTANT SPEED,35,No,2010,HONDA,CIVIC,39.135605,-77.19202583,2022,9,16
220042150,Property Damage Crash,09/27/2022 04:00:00 PM,ST MARGARETS WAY,NA,OTHER,Clear,DRY,Daylight,NO CONTROLS,NONE DETECTED,Yes,No Apparent Injury,N/A,LOOKED BUT DID NOT SEE,MD,SCHOOL BUS,STARTING FROM PARKED,15,No,2012,THOMAS,BUS,39.03384333,-77.052355,2022,9,16
220042150,Property Damage Crash,09/27/2022 04:00:00 PM,ST MARGARETS WAY,NA,OTHER,Clear,DRY,Daylight,NO CONTROLS,NONE DETECTED,No,No Apparent Injury,N/A,NOT DISTRACTED,MD,PASSENGER CAR,PARKED,15,No,2010,DODGE,CHALLENGER,39.03384333,-77.052355,2022,9,16
220042141,Injury Crash,09/27/2022 03:29:00 PM,OBSERVATION DR,NA,SINGLE VEHICLE,Cloudy,DRY,Daylight,NO CONTROLS,NONE DETECTED,Yes,Possible Minor Injury,N/A,USING OTHER DEVICE CONTROLS INTEGRAL TO VEHICLE,MD,PASSENGER CAR,ACCELERATING,35,No,2012,CHEVROLET,CAMARO,39.195855,-77.25521,2022,9,15
220042144,Property Damage Crash,09/27/2022 03:19:00 PM,BAUER DR,NA,SAME DIRECTION SIDESWIPE,Clear,DRY,Daylight,NO CONTROLS,NONE DETECTED,No,No Apparent Injury,N/A,NOT DISTRACTED,MD,PASSENGER CAR,MOVING CONSTANT SPEED,30,No,2015,INFI,Q50,39.09548553,-77.10953034,2022,9,15
220042144,Property Damage Crash,09/27/2022 03:19:00 PM,BAUER DR,NA,SAME DIRECTION SIDESWIPE,Clear,DRY,Daylight,NO CONTROLS,NONE DETECTED,Yes,No Apparent Injury,N/A,LOOKED BUT DID NOT SEE,MD,SCHOOL BUS,CHANGING LANES,30,No,2015,FRHT,BU,39.09548553,-77.10953034,2022,9,15
220042251,Property Damage Crash,09/27/2022 03:00:00 PM,RIVER RD,NA,SAME DIRECTION SIDESWIPE,Clear,DRY,Daylight,NO CONTROLS,NONE DETECTED,No,No Apparent Injury,N/A,NOT DISTRACTED,MD,PASSENGER CAR,STOPPED IN TRAFFIC LANE,40,No,2006,HONDA,ODYSSEY,39.11412833,-77.27272333,2022,9,15
220042251,Property Damage Crash,09/27/2022 03:00:00 PM,RIVER RD,NA,SAME DIRECTION SIDESWIPE,Clear,DRY,Daylight,NO CONTROLS,NONE DETECTED,Yes,No Apparent Injury,N/A,UNKNOWN,NA,PASSENGER CAR,CHANGING LANES,40,No,2021,CHEVY,SILVERADO,39.11412833,-77.27272333,2022,9,15
220042120,Injury Crash,09/27/2022 01:50:00 PM,COLUMBIA PIKE,NA,SAME DIR REAR END,Clear,DRY,Daylight,NO CONTROLS,NONE DETECTED,No,Possible Minor Injury,"N/A, SMOG, SMOKE",DISTRACTED BY OUTSIDE PERSON OBJECT OR EVENT,MD,PASSENGER CAR,CHANGING LANES,50,No,2013,FORD,ESCAPE,39.10329167,-76.93356667,2022,9,13
220042120,Injury Crash,09/27/2022 01:50:00 PM,COLUMBIA PIKE,NA,SAME DIR REAR END,Clear,DRY,Daylight,NO CONTROLS,NONE DETECTED,No,No Apparent Injury,"N/A, SMOG, SMOKE",NOT DISTRACTED,MD,PASSENGER CAR,MOVING CONSTANT SPEED,50,No,2020,HYUNDAI,ELANTRA,39.10329167,-76.93356667,2022,9,13
220042120,Injury Crash,09/27/2022 01:50:00 PM,COLUMBIA PIKE,NA,SAME DIR REAR END,Clear,DRY,Daylight,NO CONTROLS,NONE DETECTED,Unknown,No Apparent Injury,"N/A, SMOG, SMOKE",UNKNOWN,NA,NA,UNKNOWN,50,No,0,UNKNOWN,UNKNOWN,39.10329167,-76.93356667,2022,9,13
220042123,Property Damage Crash,09/27/2022 01:46:00 PM,GEORGIA AVE,NA,SAME DIR REAR END,Clear,DRY,Daylight,NO CONTROLS,NONE DETECTED,No,No Apparent Injury,N/A,NOT DISTRACTED,MD,OTHER,STOPPED IN TRAFFIC LANE,35,No,1989,CHEV,S10,39.08337167,-77.07737833,2022,9,13
220042123,Property Damage Crash,09/27/2022 01:46:00 PM,GEORGIA AVE,NA,SAME DIR REAR END,Clear,DRY,Daylight,NO CONTROLS,NONE DETECTED,Yes,No Apparent Injury,N/A,UNKNOWN,NA,UNKNOWN,UNKNOWN,35,No,0,UNKNOWN,UNKNOWN,39.08337167,-77.07737833,2022,9,13
220042123,Property Damage Crash,09/27/2022 01:46:00 PM,GEORGIA AVE,NA,SAME DIR REAR END,Clear,DRY,Daylight,NO CONTROLS,NONE DETECTED,No,No Apparent Injury,N/A,NOT DISTRACTED,MD,PASSENGER CAR,STOPPED IN TRAFFIC LANE,35,No,2013,TOYT,RAV4,39.08337167,-77.07737833,2022,9,13
220042104,Property Damage Crash,09/27/2022 01:08:00 PM,WISCONSIN AVE,NA,SAME DIRECTION SIDESWIPE,Clear,DRY,Daylight,NO CONTROLS,NONE DETECTED,No,No Apparent Injury,N/A,NOT DISTRACTED,MD,PASSENGER CAR,MOVING CONSTANT SPEED,25,No,2015,SUBARU,FORESTER,38.9935365,-77.09614583,2022,9,13
220042104,Property Damage Crash,09/27/2022 01:08:00 PM,WISCONSIN AVE,NA,SAME DIRECTION SIDESWIPE,Clear,DRY,Daylight,NO CONTROLS,NONE DETECTED,Yes,No Apparent Injury,N/A,UNKNOWN,NA,NA,MAKING U TURN,25,No,0,UNKNOWN,UNKNOWN,38.9935365,-77.09614583,2022,9,13
220042272,Property Damage Crash,09/27/2022 01:00:00 PM,LELAND ST,NA,OTHER,Clear,DRY,Daylight,NO CONTROLS,NONE DETECTED,Yes,No Apparent Injury,N/A,NOT DISTRACTED,MD,PASSENGER CAR,MOVING CONSTANT SPEED,25,No,2014,TOYOTA,COROLLA,38.98562789,-77.08145626,2022,9,13
220040450,Property Damage Crash,09/27/2022 12:57:00 PM,PINEY BRANCH RD,NA,SAME DIRECTION SIDESWIPE,Clear,DRY,Daylight,TRAFFIC SIGNAL,ALCOHOL PRESENT,Yes,No Apparent Injury,N/A,NOT DISTRACTED,MD,PASSENGER CAR,ENTERING TRAFFIC LANE,35,No,2021,KIA,SORRENTO,38.99587066,-77.00590757,2022,9,12
220040450,Property Damage Crash,09/27/2022 12:57:00 PM,PINEY BRANCH RD,NA,SAME DIRECTION SIDESWIPE,Clear,DRY,Daylight,TRAFFIC SIGNAL,NONE DETECTED,No,No Apparent Injury,N/A,NOT DISTRACTED,DC,PASSENGER CAR,MOVING CONSTANT SPEED,35,No,2014,SUBARU,LEGACY,38.99587066,-77.00590757,2022,9,12
220042096,Injury Crash,09/27/2022 12:37:00 PM,GRENOBLE DR,NA,SINGLE VEHICLE,Clear,DRY,Daylight,NO CONTROLS,NONE DETECTED,Yes,Possible Minor Injury,N/A,NOT DISTRACTED,MD,PASSENGER CAR,MAKING LEFT TURN,25,No,2019,TOYT,COROLLA,39.07114333,-77.089905,2022,9,12
220042065,Property Damage Crash,09/27/2022 09:50:00 AM,UNIVERSITY BLVD E,NA,SAME DIR REAR END,Clear,DRY,Daylight,N/A,NONE DETECTED,Yes,No Apparent Injury,N/A,UNKNOWN,DC,PASSENGER CAR,MOVING CONSTANT SPEED,35,No,2011,CHEVROLET,MALIBU,38.99228217,-76.99122717,2022,9,9
220042065,Property Damage Crash,09/27/2022 09:50:00 AM,UNIVERSITY BLVD E,NA,SAME DIR REAR END,Clear,DRY,Daylight,N/A,NONE DETECTED,No,No Apparent Injury,N/A,NOT DISTRACTED,MD,PASSENGER CAR,SLOWING OR STOPPING,35,No,2004,TOYT,SD,38.99228217,-76.99122717,2022,9,9
220042057,Property Damage Crash,09/27/2022 09:15:00 AM,ASPEN HILL RD,NA,SAME DIRECTION SIDESWIPE,Clear,DRY,Daylight,TRAFFIC SIGNAL,NONE DETECTED,No,No Apparent Injury,N/A,NOT DISTRACTED,MD,SCHOOL BUS,SLOWING OR STOPPING,35,No,2011,THOM,BUS,39.08004667,-77.08122333,2022,9,9
220042057,Property Damage Crash,09/27/2022 09:15:00 AM,ASPEN HILL RD,NA,SAME DIRECTION SIDESWIPE,Clear,DRY,Daylight,TRAFFIC SIGNAL,NONE DETECTED,Yes,No Apparent Injury,N/A,NOT DISTRACTED,MD,SCHOOL BUS,SLOWING OR STOPPING,35,No,2012,THOM,BUS,39.08004667,-77.08122333,2022,9,9
220042056,Property Damage Crash,09/27/2022 09:10:00 AM,EISENHOWER MEMORIAL HWY,NA,SAME DIR REAR END,Clear,DRY,Daylight,NO CONTROLS,NONE DETECTED,No,No Apparent Injury,"BACKUP DUE TO REGULAR CONGESTION, N/A",NOT DISTRACTED,MD,PASSENGER CAR,SLOWING OR STOPPING,55,No,2013,LEXAS,ES,39.0790036,-77.16944898,2022,9,9
220042056,Property Damage Crash,09/27/2022 09:10:00 AM,EISENHOWER MEMORIAL HWY,NA,SAME DIR REAR END,Clear,DRY,Daylight,NO CONTROLS,NONE DETECTED,Yes,No Apparent Injury,"BACKUP DUE TO REGULAR CONGESTION, N/A",DISTRACTED BY OUTSIDE PERSON OBJECT OR EVENT,MD,PASSENGER CAR,CHANGING LANES,55,No,2015,TOYT,SIENNA,39.0790036,-77.16944898,2022,9,9
220042051,Injury Crash,09/27/2022 09:00:00 AM,WASHINGTON GROVE LA,NA,HEAD ON,Clear,DRY,Daylight,NO CONTROLS,NONE DETECTED,No,Possible Minor Injury,N/A,NOT DISTRACTED,MD,PASSENGER CAR,MOVING CONSTANT SPEED,35,No,2020,TOYT,UT,39.14303798,-77.17601762,2022,9,9
220042051,Injury Crash,09/27/2022 09:00:00 AM,WASHINGTON GROVE LA,NA,HEAD ON,Clear,DRY,Daylight,NO CONTROLS,NONE DETECTED,Yes,No Apparent Injury,N/A,NOT DISTRACTED,MD,PASSENGER CAR,MOVING CONSTANT SPEED,35,No,2015,DODG,PV,39.14303798,-77.17601762,2022,9,9
220042052,Property Damage Crash,09/27/2022 08:50:00 AM,N SUMMIT AVE,NA,SAME DIRECTION SIDESWIPE,Clear,DRY,Daylight,NO CONTROLS,NONE DETECTED,No,No Apparent Injury,N/A,NOT DISTRACTED,MD,PASSENGER CAR,STOPPED IN TRAFFIC LANE,25,No,2021,NISSAN,ALTIMA,39.14304308,-77.19333805,2022,9,8
220042052,Property Damage Crash,09/27/2022 08:50:00 AM,N SUMMIT AVE,NA,SAME DIRECTION SIDESWIPE,Clear,DRY,Daylight,NO CONTROLS,NONE DETECTED,Yes,No Apparent Injury,N/A,UNKNOWN,MD,PASSENGER CAR,CHANGING LANES,25,No,2013,HONDA,PILOT,39.14304308,-77.19333805,2022,9,8
220042047,Injury Crash,09/27/2022 08:40:00 AM,RAMP 5 FR IS 270 SB TO MD 28 EB,NA,SAME DIR REAR END,Clear,DRY,Daylight,TRAFFIC SIGNAL,NONE DETECTED,No,Possible Minor Injury,N/A,NOT DISTRACTED,MD,PASSENGER CAR,SLOWING OR STOPPING,35,No,2008,TOYOTA,PRIUS,39.07764885,-77.07080351,2022,9,8
220042047,Injury Crash,09/27/2022 08:40:00 AM,RAMP 5 FR IS 270 SB TO MD 28 EB,NA,SAME DIR REAR END,Clear,DRY,Daylight,TRAFFIC SIGNAL,NONE DETECTED,Yes,No Apparent Injury,N/A,NOT DISTRACTED,MD,PASSENGER CAR,SLOWING OR STOPPING,35,No,2018,RAM,1500,39.07764885,-77.07080351,2022,9,8
220042038,Property Damage Crash,09/27/2022 07:45:00 AM,RANDOLPH RD,NA,SAME DIR REAR END,Clear,DRY,Daylight,TRAFFIC SIGNAL,NONE DETECTED,Yes,No Apparent Injury,N/A,UNKNOWN,MD,(SPORT) UTILITY VEHICLE,MOVING CONSTANT SPEED,35,No,2007,JEEP,LAREDO,39.05042289,-77.07105146,2022,9,7
220042038,Property Damage Crash,09/27/2022 07:45:00 AM,RANDOLPH RD,NA,SAME DIR REAR END,Clear,DRY,Daylight,TRAFFIC SIGNAL,NONE DETECTED,No,No Apparent Injury,N/A,NOT DISTRACTED,MD,(SPORT) UTILITY VEHICLE,STOPPED IN TRAFFIC LANE,35,No,2019,CHEVY,SUBURBAN,39.05042289,-77.07105146,2022,9,7
220042035,Injury Crash,09/27/2022 07:41:00 AM,FLOWER AVE,BICYCLIST,OTHER,Clear,DRY,Daylight,STOP SIGN,NONE DETECTED,Yes,No Apparent Injury,N/A,NOT DISTRACTED,MD,PASSENGER CAR,MAKING LEFT TURN,25,No,2009,HONDA,CIVIC,38.98090973,-76.99410789,2022,9,7
220042030,Injury Crash,09/27/2022 07:00:00 AM,CONNECTICUT AVE,NA,SAME DIRECTION SIDESWIPE,Clear,DRY,Daylight,NO CONTROLS,NONE DETECTED,No,Possible Minor Injury,N/A,NOT DISTRACTED,MD,PASSENGER CAR,MOVING CONSTANT SPEED,35,No,2019,HOND,SD,39.02614833,-77.07664,2022,9,7
220042030,Injury Crash,09/27/2022 07:00:00 AM,CONNECTICUT AVE,NA,SAME DIRECTION SIDESWIPE,Clear,DRY,Daylight,NO CONTROLS,NONE DETECTED,Yes,No Apparent Injury,N/A,NOT DISTRACTED,MD,"MEDIUM/HEAVY TRUCKS 3 AXLES (OVER 10,000LBS (4,536KG))",CHANGING LANES,35,No,2018,MACK,TK,39.02614833,-77.07664,2022,9,7
22001207,Injury Crash,09/27/2022 04:20:00 AM,NA,NA,SINGLE VEHICLE,Clear,NA,Medium,N/A,NONE DETECTED,Yes,Possible Minor Injury,N/A,INATTENTIVE OR LOST IN THOUGHT,MD,STATION WAGON,MOVING CONSTANT SPEED,25,No,2020,SUBARU,FORESTER,38.9585516,-77.10690863,2022,9,4
220042011,Property Damage Crash,09/26/2022 11:22:00 PM,FIRST ST,NA,OTHER,Clear,DRY,Medium,NO CONTROLS,ALCOHOL PRESENT,Yes,No Apparent Injury,N/A,UNKNOWN,MD,(SPORT) UTILITY VEHICLE,LEAVING TRAFFIC LANE,25,No,1996,FORD,BRONCO,39.08940082,-77.13605714,2022,9,23
220041988,Injury Crash,09/26/2022 08:20:00 PM,CLOPPER RD,NA,OTHER,Clear,DRY,Medium,N/A,NONE DETECTED,No,Possible Minor Injury,N/A,NOT DISTRACTED,MD,POLICE VEHICLE/NON EMERGENCY,MOVING CONSTANT SPEED,25,No,2014,DODGE,CHARGER,39.15758833,-77.27233,2022,9,20
220041988,Injury Crash,09/26/2022 08:20:00 PM,CLOPPER RD,NA,OTHER,Clear,DRY,Medium,N/A,NONE DETECTED,Yes,No Apparent Injury,N/A,LOOKED BUT DID NOT SEE,VA,PICKUP TRUCK,BACKING,25,No,2014,DODGE,RAM,39.15758833,-77.27233,2022,9,20
220041983,Property Damage Crash,09/26/2022 07:49:00 PM,FREDERICK RD,NA,SAME DIR REAR END,Clear,DRY,Medium,NO CONTROLS,ALCOHOL PRESENT,Yes,No Apparent Injury,N/A,UNKNOWN,MD,PASSENGER CAR,MOVING CONSTANT SPEED,25,No,2008,TOYOTA,SOLARA,39.1584885,-77.21511717,2022,9,19
220041983,Property Damage Crash,09/26/2022 07:49:00 PM,FREDERICK RD,NA,SAME DIR REAR END,Clear,DRY,Medium,NO CONTROLS,NONE DETECTED,No,No Apparent Injury,N/A,NOT DISTRACTED,MD,PASSENGER CAR,SLOWING OR STOPPING,25,No,2016,BMW,SD,39.1584885,-77.21511717,2022,9,19
220041986,Property Damage Crash,09/26/2022 07:37:00 PM,ROCKVILLE PIKE,NA,SAME DIRECTION SIDESWIPE,Clear,DRY,Medium,N/A,NONE DETECTED,No,No Apparent Injury,N/A,NOT DISTRACTED,MD,TRANSIT BUS,STOPPED IN TRAFFIC LANE,40,No,2010,NEW FLYER,BUS,39.04760833,-77.112985,2022,9,19
220041986,Property Damage Crash,09/26/2022 07:37:00 PM,ROCKVILLE PIKE,NA,SAME DIRECTION SIDESWIPE,Clear,DRY,Medium,N/A,NONE DETECTED,Yes,No Apparent Injury,N/A,NOT DISTRACTED,MD,VAN,PASSING,40,No,2015,FORD,TK,39.04760833,-77.112985,2022,9,19
220041978,Injury Crash,09/26/2022 07:22:00 PM,MONTGOMERY VILLAGE AVE,PEDESTRIAN,OTHER,Clear,DRY,Medium,TRAFFIC SIGNAL,NONE DETECTED,No,No Apparent Injury,N/A,NOT DISTRACTED,MD,PASSENGER CAR,STARTING FROM LANE,35,No,1998,MERZ,S320,39.17456428,-77.2036172,2022,9,19
220041783,Property Damage Crash,09/26/2022 06:51:00 PM,NEW HAMPSHIRE AVE,PEDESTRIAN,SINGLE VEHICLE,Clear,DRY,Daylight,TRAFFIC SIGNAL,NONE DETECTED,Yes,No Apparent Injury,N/A,UNKNOWN,XX,PASSENGER CAR,MOVING CONSTANT SPEED,40,No,2012,FORD,FOCUS,39.0204434,-76.97680173,2022,9,18
220041957,Injury Crash,09/26/2022 05:23:00 PM,VEIRS MILL RD,NA,STRAIGHT MOVEMENT ANGLE,Clear,DRY,Daylight,NO CONTROLS,NONE DETECTED,Yes,Possible Minor Injury,N/A,LOOKED BUT DID NOT SEE,MD,PICKUP TRUCK,ACCELERATING,40,No,2018,CHEV,TK,39.07425155,-77.11380008,2022,9,17
220041957,Injury Crash,09/26/2022 05:23:00 PM,VEIRS MILL RD,NA,STRAIGHT MOVEMENT ANGLE,Clear,DRY,Daylight,NO CONTROLS,NONE DETECTED,No,No Apparent Injury,N/A,NOT DISTRACTED,MD,VAN,MOVING CONSTANT SPEED,40,No,2005,CHEV,CG,39.07425155,-77.11380008,2022,9,17
220041960,Property Damage Crash,09/26/2022 05:16:00 PM,NORBECK RD,NA,SAME DIR REAR END,Clear,DRY,Daylight,NO CONTROLS,NONE DETECTED,Yes,No Apparent Injury,N/A,INATTENTIVE OR LOST IN THOUGHT,DC,PASSENGER CAR,MOVING CONSTANT SPEED,50,No,2017,KIA,SPORTAGE,39.09436333,-77.115701670000007,2022,9,17
220041960,Property Damage Crash,09/26/2022 05:16:00 PM,NORBECK RD,NA,SAME DIR REAR END,Clear,DRY,Daylight,NO CONTROLS,NONE DETECTED,No,No Apparent Injury,N/A,NOT DISTRACTED,FL,PASSENGER CAR,SLOWING OR STOPPING,50,No,2016,HONDA,CRV,39.09436333,-77.115701670000007,2022,9,17
220041959,Property Damage Crash,09/26/2022 05:13:00 PM,GEORGIA AVE,NA,SAME DIR REAR END,Clear,DRY,Daylight,NO CONTROLS,NONE DETECTED,No,No Apparent Injury,N/A,NOT DISTRACTED,MD,PASSENGER CAR,SLOWING OR STOPPING,35,No,2015,GMC,YUKON,39.006897,-77.039283,2022,9,17
220041959,Property Damage Crash,09/26/2022 05:13:00 PM,GEORGIA AVE,NA,SAME DIR REAR END,Clear,DRY,Daylight,NO CONTROLS,NONE DETECTED,Yes,No Apparent Injury,N/A,NOT DISTRACTED,WV,TRANSIT BUS,SLOWING OR STOPPING,35,No,2010,NEW,BTU,39.006897,-77.039283,2022,9,17
220041938,Injury Crash,09/26/2022 04:19:00 PM,GOSHEN RD,NA,SAME DIR REAR END,Clear,DRY,Daylight,NO CONTROLS,NONE DETECTED,No,No Apparent Injury,N/A,NOT DISTRACTED,MD,PASSENGER CAR,STOPPED IN TRAFFIC LANE,35,No,2020,HOND,UT,39.15964231,-77.19207908,2022,9,16
220041938,Injury Crash,09/26/2022 04:19:00 PM,GOSHEN RD,NA,SAME DIR REAR END,Clear,DRY,Daylight,NO CONTROLS,NONE DETECTED,No,No Apparent Injury,N/A,NOT DISTRACTED,MD,PASSENGER CAR,STOPPED IN TRAFFIC LANE,35,No,2020,TOYT,SD,39.15964231,-77.19207908,2022,9,16
220041938,Injury Crash,09/26/2022 04:19:00 PM,GOSHEN RD,NA,SAME DIR REAR END,Clear,DRY,Daylight,NO CONTROLS,NONE DETECTED,Yes,No Apparent Injury,N/A,OTHER ELECTRONIC DEVICE (NAVIGATIONAL PALM PILOT),MD,VAN,MOVING CONSTANT SPEED,35,No,2021,NISS,NV2500,39.15964231,-77.19207908,2022,9,16
220041925,Property Damage Crash,09/26/2022 03:18:00 PM,ASHTON RD,NA,SINGLE VEHICLE,Clear,DRY,Daylight,NO CONTROLS,NONE DETECTED,Yes,No Apparent Injury,N/A,NOT DISTRACTED,MD,PASSENGER CAR,MOVING CONSTANT SPEED,30,No,2000,HONDA,ACCORD,39.16090683,-76.98221983,2022,9,15
220041921,Injury Crash,09/26/2022 02:57:00 PM,SANDY SPRING RD,NA,SAME DIR REAR END,Clear,DRY,Daylight,TRAFFIC SIGNAL,NONE DETECTED,Yes,No Apparent Injury,N/A,INATTENTIVE OR LOST IN THOUGHT,MD,(SPORT) UTILITY VEHICLE,SLOWING OR STOPPING,40,No,2010,MAZDA,CX7,39.10635744,-76.91864325,2022,9,14
220041921,Injury Crash,09/26/2022 02:57:00 PM,SANDY SPRING RD,NA,SAME DIR REAR END,Clear,DRY,Daylight,TRAFFIC SIGNAL,NONE DETECTED,No,Possible Minor Injury,N/A,NOT DISTRACTED,MD,(SPORT) UTILITY VEHICLE,SLOWING OR STOPPING,40,No,2015,MERCEDES,ML350,39.10635744,-76.91864325,2022,9,14
220041918,Injury Crash,09/26/2022 02:28:00 PM,BEL PRE RD,NA,OPPOSITE DIRECTION SIDESWIPE,Clear,DRY,Daylight,NO CONTROLS,NONE DETECTED,Yes,Possible Minor Injury,N/A,UNKNOWN,MD,(SPORT) UTILITY VEHICLE,MOVING CONSTANT SPEED,25,No,2019,HONDA,CRV,39.09536833,-77.09260833,2022,9,14
220041918,Injury Crash,09/26/2022 02:28:00 PM,BEL PRE RD,NA,OPPOSITE DIRECTION SIDESWIPE,Clear,DRY,Daylight,NO CONTROLS,NONE DETECTED,No,No Apparent Injury,N/A,NOT DISTRACTED,MS,"OTHER LIGHT TRUCKS (10,000LBS (4,536KG) OR LESS)",MOVING CONSTANT SPEED,25,No,2013,FORD,F350,39.09536833,-77.09260833,2022,9,14
220041909,Injury Crash,09/26/2022 01:59:00 PM,SHADY GROVE RD,NA,SAME DIR REAR END,Clear,DRY,Daylight,TRAFFIC SIGNAL,NONE DETECTED,Yes,No Apparent Injury,N/A,NOT DISTRACTED,MD,PASSENGER CAR,MOVING CONSTANT SPEED,40,No,2009,TOYOTA,4S,39.120595,-77.17994333,2022,9,13
220041909,Injury Crash,09/26/2022 01:59:00 PM,SHADY GROVE RD,NA,SAME DIR REAR END,Clear,DRY,Daylight,TRAFFIC SIGNAL,NONE DETECTED,No,Possible Minor Injury,N/A,NOT DISTRACTED,MD,MOTORCYCLE,STOPPED IN TRAFFIC LANE,40,No,2009,HARLEY-DAVIDSON,TOURING,39.120595,-77.17994333,2022,9,13
220041899,Property Damage Crash,09/26/2022 01:15:00 PM,OLNEY SANDY SPRING RD,NA,ANGLE MEETS LEFT HEAD ON,Clear,DRY,Daylight,TRAFFIC SIGNAL,NONE DETECTED,No,No Apparent Injury,N/A,NOT DISTRACTED,MD,PASSENGER CAR,MOVING CONSTANT SPEED,35,No,2008,CHEV,CG,39.15180667,-77.06439833,2022,9,13
220041899,Property Damage Crash,09/26/2022 01:15:00 PM,OLNEY SANDY SPRING RD,NA,ANGLE MEETS LEFT HEAD ON,Clear,DRY,Daylight,TRAFFIC SIGNAL,NONE DETECTED,No,No Apparent Injury,N/A,NOT DISTRACTED,MD,PASSENGER CAR,MOVING CONSTANT SPEED,35,No,2016,HOND,4S,39.15180667,-77.06439833,2022,9,13
220041899,Property Damage Crash,09/26/2022 01:15:00 PM,OLNEY SANDY SPRING RD,NA,ANGLE MEETS LEFT HEAD ON,Clear,DRY,Daylight,TRAFFIC SIGNAL,NONE DETECTED,Yes,No Apparent Injury,N/A,LOOKED BUT DID NOT SEE,MD,PASSENGER CAR,MAKING LEFT TURN,35,No,2008,AUDI,4S,39.15180667,-77.06439833,2022,9,13
220041845,Property Damage Crash,09/26/2022 08:00:00 AM,SPENCERVILLE RD,NA,STRAIGHT MOVEMENT ANGLE,Clear,DRY,Daylight,STOP SIGN,NONE DETECTED,Yes,No Apparent Injury,N/A,LOOKED BUT DID NOT SEE,MD,VAN,ACCELERATING,40,No,2006,CHEV,VN,39.11596,-76.96174667,2022,9,8
220041845,Property Damage Crash,09/26/2022 08:00:00 AM,SPENCERVILLE RD,NA,STRAIGHT MOVEMENT ANGLE,Clear,DRY,Daylight,STOP SIGN,NONE DETECTED,No,No Apparent Injury,N/A,NOT DISTRACTED,MD,PASSENGER CAR,MOVING CONSTANT SPEED,40,No,2013,HOND,4S,39.11596,-76.96174667,2022,9,8