Local Case Number,ACRS Report Type,Crash Date/Time,Road Name,Related Non-Motorist,Collision Type,Weather,Surface Condition,Light,Traffic Control,Driver Substance Abuse,Driver At Fault,Injury Severity,Circumstance,Driver Distracted By,Drivers License State,Vehicle Body Type,Vehicle Movement,Speed Limit,Driverless Vehicle,Vehicle Year,Vehicle Make,Vehicle Model,Latitude,Longitude,Year,Month,Hour
220041512,Property Damage Crash,09/23/2022 02:15:00 PM,NA,NA,OTHER,Clear,NA,Daylight,NO CONTROLS,NONE DETECTED,No,No Apparent Injury,N/A,NOT DISTRACTED,MD,OTHER,MOVING CONSTANT SPEED,25,No,2000,FORD,UTILMASTER,39.032105,-77.11374167,2022,9,14
220041486,Injury Crash,09/23/2022 01:40:00 PM,SNOWDEN FARM PKWY,NA,STRAIGHT MOVEMENT ANGLE,Clear,DRY,Daylight,STOP SIGN,NONE DETECTED,No,Possible Minor Injury,N/A,NOT DISTRACTED,MD,PASSENGER CAR,MOVING CONSTANT SPEED,40,No,2021,GMC,YUKON,39.24384,-77.26367167,2022,9,13
220041486,Injury Crash,09/23/2022 01:40:00 PM,SNOWDEN FARM PKWY,NA,STRAIGHT MOVEMENT ANGLE,Clear,DRY,Daylight,STOP SIGN,NONE DETECTED,Yes,Possible Minor Injury,N/A,NOT DISTRACTED,MD,PASSENGER CAR,MAKING LEFT TURN,40,No,2021,TOYOTA,HIGHLANDER,39.24384,-77.26367167,2022,9,13
220041489,Property Damage Crash,09/23/2022 01:29:00 PM,WISCONSIN AVE,NA,SAME DIRECTION LEFT TURN,Clear,DRY,Daylight,N/A,NONE DETECTED,Unknown,No Apparent Injury,N/A,UNKNOWN,MD,VAN,CHANGING LANES,35,No,2013,FORD,VAN,38.96448633,-77.08765867,2022,9,13
220041489,Property Damage Crash,09/23/2022 01:29:00 PM,WISCONSIN AVE,NA,SAME DIRECTION LEFT TURN,Clear,DRY,Daylight,N/A,NONE DETECTED,Unknown,No Apparent Injury,N/A,UNKNOWN,MD,PASSENGER CAR,STARTING FROM PARKED,35,No,2019,KIA,OPTIMA,38.96448633,-77.08765867,2022,9,13
220041485,Property Damage Crash,09/23/2022 01:19:00 PM,AIRPARK RD,NA,SAME DIRECTION SIDESWIPE,Clear,DRY,Daylight,N/A,NONE DETECTED,Yes,No Apparent Injury,N/A,LOOKED BUT DID NOT SEE,DC,"OTHER LIGHT TRUCKS (10,000LBS (4,536KG) OR LESS)",CHANGING LANES,25,No,2018,MACK,ST,39.170555,-77.15627167,2022,9,13
220041485,Property Damage Crash,09/23/2022 01:19:00 PM,AIRPARK RD,NA,SAME DIRECTION SIDESWIPE,Clear,DRY,Daylight,N/A,NONE DETECTED,No,No Apparent Injury,N/A,NOT DISTRACTED,MD,PASSENGER CAR,MOVING CONSTANT SPEED,25,No,2017,HOND,2H,39.170555,-77.15627167,2022,9,13
220041478,Property Damage Crash,09/23/2022 01:17:00 PM,NA,OTHER,SINGLE VEHICLE,Clear,NA,Daylight,NO CONTROLS,NONE DETECTED,Yes,No Apparent Injury,N/A,INATTENTIVE OR LOST IN THOUGHT,MD,PASSENGER CAR,ACCELERATING,15,No,2015,TOYOTA,PRIUS,39.04178826,-77.04921585,2022,9,13
220041479,Property Damage Crash,09/23/2022 01:00:00 PM,RIDGE RD,NA,SAME DIR REAR END,Clear,DRY,Daylight,TRAFFIC SIGNAL,NONE DETECTED,No,No Apparent Injury,N/A,NOT DISTRACTED,MD,PASSENGER CAR,STOPPED IN TRAFFIC LANE,45,No,2018,TOYOTA,RAV4,39.2096671,-77.23997698,2022,9,13
220041479,Property Damage Crash,09/23/2022 01:00:00 PM,RIDGE RD,NA,SAME DIR REAR END,Clear,DRY,Daylight,TRAFFIC SIGNAL,NONE DETECTED,Yes,No Apparent Injury,N/A,LOOKED BUT DID NOT SEE,MD,PASSENGER CAR,STARTING FROM PARKED,45,No,2010,TOYOTA,PRIUS,39.2096671,-77.23997698,2022,9,13
220041440,Injury Crash,09/23/2022 09:00:00 AM,GEORGIA AVE,NA,STRAIGHT MOVEMENT ANGLE,Clear,DRY,Daylight,TRAFFIC SIGNAL,NONE DETECTED,Yes,Possible Minor Injury,N/A,INATTENTIVE OR LOST IN THOUGHT,MD,PASSENGER CAR,MAKING U TURN,45,No,2017,INFINITI,Q50,39.109725,-77.07578,2022,9,9
220041440,Injury Crash,09/23/2022 09:00:00 AM,GEORGIA AVE,NA,STRAIGHT MOVEMENT ANGLE,Clear,DRY,Daylight,TRAFFIC SIGNAL,NONE DETECTED,No,Possible Minor Injury,N/A,NOT DISTRACTED,MD,PASSENGER CAR,ACCELERATING,45,No,2006,NISSAN,TK,39.109725,-77.07578,2022,9,9
220041440,Injury Crash,09/23/2022 09:00:00 AM,GEORGIA AVE,NA,STRAIGHT MOVEMENT ANGLE,Clear,DRY,Daylight,TRAFFIC SIGNAL,NONE DETECTED,No,No Apparent Injury,N/A,NOT DISTRACTED,MD,PASSENGER CAR,ACCELERATING,45,No,2012,HOND,2S,39.109725,-77.07578,2022,9,9
220041441,Property Damage Crash,09/23/2022 08:49:00 AM,OLNEY LAYTONSVILLE RD,NA,STRAIGHT MOVEMENT ANGLE,Clear,DRY,Daylight,STOP SIGN,NONE DETECTED,Yes,No Apparent Injury,N/A,NOT DISTRACTED,MD,PASSENGER CAR,MAKING LEFT TURN,25,No,2020,HYUNDAI,SONATA,39.173425,-77.097545,2022,9,8
220041441,Property Damage Crash,09/23/2022 08:49:00 AM,OLNEY LAYTONSVILLE RD,NA,STRAIGHT MOVEMENT ANGLE,Clear,DRY,Daylight,STOP SIGN,NONE DETECTED,No,No Apparent Injury,N/A,NOT DISTRACTED,MD,(SPORT) UTILITY VEHICLE,MOVING CONSTANT SPEED,40,No,2011,HOND,CRV,39.173425,-77.097545,2022,9,8
220041438,Property Damage Crash,09/23/2022 08:40:00 AM,NEW HAMPSHIRE AVE,NA,HEAD ON LEFT TURN,Clear,DRY,Daylight,NO CONTROLS,NONE DETECTED,No,No Apparent Injury,N/A,NOT DISTRACTED,MD,PASSENGER CAR,MOVING CONSTANT SPEED,40,No,2021,HYUN,SD,39.065645,-77.00041833,2022,9,8
220041438,Property Damage Crash,09/23/2022 08:40:00 AM,NEW HAMPSHIRE AVE,NA,HEAD ON LEFT TURN,Clear,DRY,Daylight,NO CONTROLS,NONE DETECTED,Yes,No Apparent Injury,N/A,UNKNOWN,NA,UNKNOWN,MAKING LEFT TURN,40,No,0,UNKNOWN,UNKNOWN,39.065645,-77.00041833,2022,9,8
220041436,Property Damage Crash,09/23/2022 08:09:00 AM,CLARKSBURG RD,NA,STRAIGHT MOVEMENT ANGLE,Clear,DRY,Daylight,STOP SIGN,NONE DETECTED,No,No Apparent Injury,N/A,NOT DISTRACTED,MD,PASSENGER CAR,STARTING FROM LANE,30,No,2014,TOYOTA,PRIUS,39.30750167,-77.24331,2022,9,8
220041436,Property Damage Crash,09/23/2022 08:09:00 AM,CLARKSBURG RD,NA,STRAIGHT MOVEMENT ANGLE,Clear,DRY,Daylight,STOP SIGN,NONE DETECTED,Yes,No Apparent Injury,N/A,INATTENTIVE OR LOST IN THOUGHT,MD,PICKUP TRUCK,STARTING FROM LANE,30,No,2004,CHEVROLET,SILVERADO,39.30750167,-77.24331,2022,9,8
220041432,Injury Crash,09/23/2022 08:03:00 AM,RANDOLPH RD,NA,HEAD ON LEFT TURN,Clear,DRY,Daylight,TRAFFIC SIGNAL,NONE DETECTED,No,Possible Minor Injury,N/A,NOT DISTRACTED,MD,PASSENGER CAR,MOVING CONSTANT SPEED,45,No,2019,VOLKSWAGEN,TIQUAN,39.05684,-77.07378167,2022,9,8
220041432,Injury Crash,09/23/2022 08:03:00 AM,RANDOLPH RD,NA,HEAD ON LEFT TURN,Clear,DRY,Daylight,TRAFFIC SIGNAL,NONE DETECTED,Yes,No Apparent Injury,N/A,LOOKED BUT DID NOT SEE,DE,PASSENGER CAR,MAKING LEFT TURN,45,No,2019,CHEVROLET,TRAVERSE,39.05684,-77.07378167,2022,9,8
220041430,Injury Crash,09/23/2022 07:45:00 AM,CLOPPER RD,NA,STRAIGHT MOVEMENT ANGLE,Clear,DRY,Daylight,TRAFFIC SIGNAL,NONE DETECTED,No,Possible Minor Injury,"N/A, VISION OBSTRUCTION (INCL. BLINDED BY SUN)",NOT DISTRACTED,MD,PASSENGER CAR,MOVING CONSTANT SPEED,35,No,2004,FORD,MUSTANG,39.14764038,-77.23283455,2022,9,7
220041430,Injury Crash,09/23/2022 07:45:00 AM,CLOPPER RD,NA,STRAIGHT MOVEMENT ANGLE,Clear,DRY,Daylight,TRAFFIC SIGNAL,NONE DETECTED,Yes,No Apparent Injury,"N/A, VISION OBSTRUCTION (INCL. BLINDED BY SUN)",LOOKED BUT DID NOT SEE,MD,PASSENGER CAR,MAKING LEFT TURN,35,No,2011,NISSAN,ALTIMA,39.14764038,-77.23283455,2022,9,7
220041428,Property Damage Crash,09/23/2022 06:44:00 AM,CRABBS BRANCH WAY,NA,SAME DIRECTION SIDESWIPE,Clear,DRY,Medium,NO CONTROLS,NONE DETECTED,Yes,No Apparent Injury,N/A,NOT DISTRACTED,MD,(SPORT) UTILITY VEHICLE,CHANGING LANES,40,No,2015,CHEV,TK,39.12781333,-77.167005,2022,9,6
220041428,Property Damage Crash,09/23/2022 06:44:00 AM,CRABBS BRANCH WAY,NA,SAME DIRECTION SIDESWIPE,Clear,DRY,Medium,NO CONTROLS,NONE DETECTED,No,No Apparent Injury,N/A,NOT DISTRACTED,MD,SCHOOL BUS,SLOWING OR STOPPING,40,No,2015,FRHT,SB,39.12781333,-77.167005,2022,9,6
220041419,Injury Crash,09/23/2022 03:58:00 AM,NA,NA,SINGLE VEHICLE,Clear,NA,Medium,N/A,NONE DETECTED,Yes,Possible Minor Injury,N/A,INATTENTIVE OR LOST IN THOUGHT,MD,(SPORT) UTILITY VEHICLE,MAKING LEFT TURN,10,No,2017,NISSAN,ROGUE,38.986062,-77.09701167,2022,9,3
220041414,Injury Crash,09/23/2022 01:18:00 AM,BROADWAY AVE,NA,SINGLE VEHICLE,Clear,DRY,Medium,NO CONTROLS,ALCOHOL PRESENT,Yes,Suspected Serious Injury,N/A,UNKNOWN,MD,MOTORCYCLE,UNKNOWN,25,No,2008,YAMAHA,YZF-R1,39.22388121,-77.28941087,2022,9,1
220041412,Property Damage Crash,09/22/2022 11:54:00 PM,NA,NA,SINGLE VEHICLE,Clear,NA,Medium,NO CONTROLS,ALCOHOL PRESENT,Yes,No Apparent Injury,N/A,LOOKED BUT DID NOT SEE,MD,PASSENGER CAR,MAKING LEFT TURN,5,No,2014,TOYOTA,COROLLA,38.999225,-76.99589,2022,9,23
220041407,Property Damage Crash,09/22/2022 10:10:00 PM,BRADLEY BLVD,NA,SAME DIR REAR END,Clear,DRY,Dark,TRAFFIC SIGNAL,NONE DETECTED,No,No Apparent Injury,N/A,NOT DISTRACTED,VA,PASSENGER CAR,SLOWING OR STOPPING,35,No,2016,TOYOTA,CAMRY,38.9783511,-77.09613688,2022,9,22
220041407,Property Damage Crash,09/22/2022 10:10:00 PM,BRADLEY BLVD,NA,SAME DIR REAR END,Clear,DRY,Dark,TRAFFIC SIGNAL,ALCOHOL PRESENT,Yes,No Apparent Injury,N/A,UNKNOWN,DC,PASSENGER CAR,SLOWING OR STOPPING,35,No,2018,CADILLA,XTS,38.9783511,-77.09613688,2022,9,22
220041398,Injury Crash,09/22/2022 09:10:00 PM,ROCKVILLE PIKE,PEDESTRIAN,SINGLE VEHICLE,Clear,DRY,Medium,TRAFFIC SIGNAL,NONE DETECTED,No,No Apparent Injury,N/A,NOT DISTRACTED,MD,(SPORT) UTILITY VEHICLE,MAKING LEFT TURN,40,No,2015,GMC,YUKON XL,39.04721162,-77.11279129,2022,9,21
220041379,Injury Crash,09/22/2022 07:25:00 PM,ARLINGTON RD,NA,STRAIGHT MOVEMENT ANGLE,Clear,DRY,Medium,TRAFFIC SIGNAL,NONE DETECTED,No,No Apparent Injury,N/A,NOT DISTRACTED,VA,PASSENGER CAR,MOVING CONSTANT SPEED,35,No,2015,SCION,FRS,38.98081875,-77.09847465,2022,9,19
220041379,Injury Crash,09/22/2022 07:25:00 PM,ARLINGTON RD,NA,STRAIGHT MOVEMENT ANGLE,Clear,DRY,Medium,TRAFFIC SIGNAL,NONE DETECTED,Yes,Possible Minor Injury,N/A,LOOKED BUT DID NOT SEE,MD,PASSENGER CAR,MAKING LEFT TURN,25,No,2022,HOND,CRV,38.98081875,-77.09847465,2022,9,19
220041374,Property Damage Crash,09/22/2022 06:31:00 PM,CASTLE BLVD,NA,SAME DIRECTION RIGHT TURN,Clear,DRY,Daylight,NO CONTROLS,NONE DETECTED,No,No Apparent Injury,N/A,NOT DISTRACTED,MD,PASSENGER CAR,MOVING CONSTANT SPEED,25,No,2019,TOYOTA,COROLLA,39.08175133,-76.94562283,2022,9,18
220041374,Property Damage Crash,09/22/2022 06:31:00 PM,CASTLE BLVD,NA,SAME DIRECTION RIGHT TURN,Clear,DRY,Daylight,NO CONTROLS,NONE DETECTED,Yes,No Apparent Injury,N/A,NOT DISTRACTED,MD,PASSENGER CAR,CHANGING LANES,25,No,1999,TOYOTA,CAMRY,39.08175133,-76.94562283,2022,9,18
220041366,Property Damage Crash,09/22/2022 05:48:00 PM,BRIGGS CHANEY RD,NA,SAME DIRECTION RIGHT TURN,Clear,DRY,Daylight,NO CONTROLS,NONE DETECTED,No,No Apparent Injury,N/A,NOT DISTRACTED,MD,(SPORT) UTILITY VEHICLE,MAKING RIGHT TURN,35,No,2013,TOYOTA,4 RUNNER,39.07965,-76.94450333,2022,9,17
220041366,Property Damage Crash,09/22/2022 05:48:00 PM,BRIGGS CHANEY RD,NA,SAME DIRECTION RIGHT TURN,Clear,DRY,Daylight,NO CONTROLS,NONE DETECTED,Yes,No Apparent Injury,N/A,NOT DISTRACTED,DC,TRANSIT BUS,MAKING RIGHT TURN,35,No,2013,NEW FLYER,BUS,39.07965,-76.94450333,2022,9,17
220041361,Injury Crash,09/22/2022 05:17:00 PM,NA,NA,SINGLE VEHICLE,Clear,NA,Daylight,NO CONTROLS,ALCOHOL PRESENT,Yes,Possible Minor Injury,N/A,LOOKED BUT DID NOT SEE,MD,PASSENGER CAR,MAKING RIGHT TURN,5,No,2015,HONDA,CRV,38.98244738,-77.09384289,2022,9,17
220041349,Property Damage Crash,09/22/2022 04:58:00 PM,GEORGIA AVE,NA,SAME DIR REAR END,Clear,DRY,Daylight,N/A,NONE DETECTED,No,No Apparent Injury,N/A,NOT DISTRACTED,MD,PASSENGER CAR,STARTING FROM LANE,45,No,2021,SUBA,UT,39.12405333,-77.07287833,2022,9,16
220041349,Property Damage Crash,09/22/2022 04:58:00 PM,GEORGIA AVE,NA,SAME DIR REAR END,Clear,DRY,Daylight,N/A,NONE DETECTED,Yes,No Apparent Injury,N/A,TALKING OR LISTENING TO CELLULAR PHONE,MD,POLICE VEHICLE/NON EMERGENCY,STARTING FROM LANE,45,No,2016,FORD,4S,39.12405333,-77.07287833,2022,9,16
220041359,Property Damage Crash,09/22/2022 04:54:00 PM,NORBECK RD,NA,OPPOSITE DIRECTION SIDESWIPE,Clear,N/A,Daylight,NO CONTROLS,NONE DETECTED,No,No Apparent Injury,N/A,NOT DISTRACTED,MD,(SPORT) UTILITY VEHICLE,MOVING CONSTANT SPEED,40,No,2010,LEXUS,RX450H,39.11861667,-77.04769333,2022,9,16
220041359,Property Damage Crash,09/22/2022 04:54:00 PM,NORBECK RD,NA,OPPOSITE DIRECTION SIDESWIPE,Clear,N/A,Daylight,NO CONTROLS,NONE DETECTED,Yes,No Apparent Injury,N/A,UNKNOWN,MD,PASSENGER CAR,MOVING CONSTANT SPEED,40,No,2015,DODGE,CHALLENGER,39.11861667,-77.04769333,2022,9,16
220041340,Injury Crash,09/22/2022 04:17:00 PM,ROCKVILLE PIKE,NA,STRAIGHT MOVEMENT ANGLE,Clear,DRY,Daylight,TRAFFIC SIGNAL,NONE DETECTED,Yes,No Apparent Injury,N/A,INATTENTIVE OR LOST IN THOUGHT,MD,PASSENGER CAR,MAKING LEFT TURN,40,No,2006,MERCEDES,E350,39.0669011,-77.12831464,2022,9,16
220041340,Injury Crash,09/22/2022 04:17:00 PM,ROCKVILLE PIKE,NA,STRAIGHT MOVEMENT ANGLE,Clear,DRY,Daylight,TRAFFIC SIGNAL,NONE DETECTED,Yes,Possible Minor Injury,N/A,NOT DISTRACTED,MD,MOTORCYCLE,STARTING FROM PARKED,40,No,2008,YAMAHA,MC,39.0669011,-77.12831464,2022,9,16
220041339,Property Damage Crash,09/22/2022 04:03:00 PM,ROLLINS AVE,NA,OTHER,Clear,DRY,Daylight,NO CONTROLS,NONE DETECTED,No,No Apparent Injury,N/A,NOT DISTRACTED,MD,VAN,MOVING CONSTANT SPEED,30,No,2018,HOND,ODYSSEY,39.05869833,-77.12452667,2022,9,16
220041339,Property Damage Crash,09/22/2022 04:03:00 PM,ROLLINS AVE,NA,OTHER,Clear,DRY,Daylight,NO CONTROLS,NONE DETECTED,Yes,No Apparent Injury,N/A,LOOKED BUT DID NOT SEE,MD,SCHOOL BUS,MAKING LEFT TURN,30,No,2018,FREIGHTLINER,BUS,39.05869833,-77.12452667,2022,9,16
220040963,Injury Crash,09/22/2022 03:44:00 PM,BESTOR DR,NA,OTHER,Clear,DRY,Daylight,NO CONTROLS,NONE DETECTED,No,Possible Minor Injury,N/A,LOOKED BUT DID NOT SEE,MD,PASSENGER CAR,MOVING CONSTANT SPEED,25,No,2019,TOYOTA,COROLLA,39.10289833,-77.04745,2022,9,15
220040963,Injury Crash,09/22/2022 03:44:00 PM,BESTOR DR,NA,OTHER,Clear,DRY,Daylight,NO CONTROLS,NONE DETECTED,Yes,No Apparent Injury,N/A,LOOKED BUT DID NOT SEE,MD,AMBULANCE/EMERGENCY,ACCELERATING,25,No,2018,FORD,ESCAPE,39.10289833,-77.04745,2022,9,15
220041328,Injury Crash,09/22/2022 03:32:00 PM,RANDOLPH RD,NA,ANGLE MEETS LEFT TURN,Clear,DRY,Daylight,TRAFFIC SIGNAL,NONE DETECTED,Yes,Possible Minor Injury,N/A,UNKNOWN,MD,PASSENGER CAR,MAKING LEFT TURN,35,No,2008,NISS,4S,39.05822833,-77.055345,2022,9,15
220041328,Injury Crash,09/22/2022 03:32:00 PM,RANDOLPH RD,NA,ANGLE MEETS LEFT TURN,Clear,DRY,Daylight,TRAFFIC SIGNAL,NONE DETECTED,No,Possible Minor Injury,N/A,NOT DISTRACTED,MD,PASSENGER CAR,MOVING CONSTANT SPEED,35,No,2013,ACURA,ILX,39.05822833,-77.055345,2022,9,15
220041331,Property Damage Crash,09/22/2022 03:17:00 PM,COLUMBIA PIKE,NA,SAME DIRECTION SIDESWIPE,Clear,DRY,Daylight,N/A,NONE DETECTED,Yes,No Apparent Injury,N/A,LOOKED BUT DID NOT SEE,MD,PASSENGER CAR,CHANGING LANES,55,No,2010,HONDA,ACCORD,39.09295895,-76.9399577,2022,9,15
220041331,Property Damage Crash,09/22/2022 03:17:00 PM,COLUMBIA PIKE,NA,SAME DIRECTION SIDESWIPE,Clear,DRY,Daylight,N/A,NONE DETECTED,No,No Apparent Injury,N/A,NOT DISTRACTED,MD,VAN,MOVING CONSTANT SPEED,55,No,2020,NISSAN,NV200,39.09295895,-76.9399577,2022,9,15
220041321,Property Damage Crash,09/22/2022 02:55:00 PM,NA,NA,STRAIGHT MOVEMENT ANGLE,Clear,NA,Daylight,NO CONTROLS,NONE DETECTED,No,No Apparent Injury,N/A,NOT DISTRACTED,MD,PASSENGER CAR,PASSING,10,No,2016,SUB,LEGACY,39.03974333,-77.05133167,2022,9,14
220041321,Property Damage Crash,09/22/2022 02:55:00 PM,NA,NA,STRAIGHT MOVEMENT ANGLE,Clear,NA,Daylight,NO CONTROLS,NONE DETECTED,Yes,No Apparent Injury,N/A,LOOKED BUT DID NOT SEE,XX,PASSENGER CAR,BACKING,10,No,2004,CHEV,PV,39.03974333,-77.05133167,2022,9,14
220041314,Injury Crash,09/22/2022 02:21:00 PM,NA,NA,STRAIGHT MOVEMENT ANGLE,Clear,NA,Daylight,N/A,NONE DETECTED,Yes,No Apparent Injury,N/A,UNKNOWN,MD,PASSENGER CAR,BACKING,25,No,2013,HONDA,CIVIC,39.18966772,-77.19319115,2022,9,14
220041314,Injury Crash,09/22/2022 02:21:00 PM,NA,NA,STRAIGHT MOVEMENT ANGLE,Clear,NA,Daylight,N/A,NONE DETECTED,No,Possible Minor Injury,N/A,NOT DISTRACTED,MD,PASSENGER CAR,PARKED,25,No,2018,HONDA,CIVIC,39.18966772,-77.19319115,2022,9,14
220041310,Injury Crash,09/22/2022 02:06:00 PM,NEW HAMPSHIRE AVE,NA,STRAIGHT MOVEMENT ANGLE,Cloudy,WET,Daylight,TRAFFIC SIGNAL,NONE DETECTED,Unknown,No Apparent Injury,"N/A, WET",NOT DISTRACTED,MD,"MEDIUM/HEAVY TRUCKS 3 AXLES (OVER 10,000LBS (4,536KG))",MAKING LEFT TURN,40,No,2013,FORD,TK,39.09604217,-77.0014765,2022,9,14
220041310,Injury Crash,09/22/2022 02:06:00 PM,NEW HAMPSHIRE AVE,NA,STRAIGHT MOVEMENT ANGLE,Cloudy,WET,Daylight,TRAFFIC SIGNAL,NONE DETECTED,Unknown,Possible Minor Injury,"N/A, WET",NOT DISTRACTED,MD,POLICE VEHICLE/EMERGENCY,MOVING CONSTANT SPEED,40,No,2014,DODGE,DART,39.09604217,-77.0014765,2022,9,14
220041303,Injury Crash,09/22/2022 01:44:00 PM,OLD GEORGETOWN RD,NA,STRAIGHT MOVEMENT ANGLE,Cloudy,WET,Daylight,TRAFFIC SIGNAL,NONE DETECTED,Yes,Possible Minor Injury,"N/A, WET",UNKNOWN,MD,PASSENGER CAR,MAKING LEFT TURN,35,No,2006,LINCOLN,GRAN MARQUIS,39.03015,-77.12655,2022,9,13
220041303,Injury Crash,09/22/2022 01:44:00 PM,OLD GEORGETOWN RD,NA,STRAIGHT MOVEMENT ANGLE,Cloudy,WET,Daylight,TRAFFIC SIGNAL,NONE DETECTED,No,Possible Minor Injury,"N/A, WET",NOT DISTRACTED,MD,PASSENGER CAR,MOVING CONSTANT SPEED,40,No,2018,AUDI,G6,39.03015,-77.12655,2022,9,13
220041298,Property Damage Crash,09/22/2022 01:30:00 PM,NA,NA,HEAD ON,Clear,NA,Daylight,NO CONTROLS,NONE DETECTED,Yes,No Apparent Injury,N/A,NOT DISTRACTED,MD,PASSENGER CAR,BACKING,0,No,2019,HONDA,CRV,38.97979784,-77.09101776,2022,9,13
220041298,Property Damage Crash,09/22/2022 01:30:00 PM,NA,NA,HEAD ON,Clear,NA,Daylight,NO CONTROLS,NONE DETECTED,No,No Apparent Injury,N/A,NOT DISTRACTED,DC,PASSENGER CAR,ACCELERATING,0,No,2016,NISSAN,PICK UP,38.97979784,-77.09101776,2022,9,13
220042655,Property Damage Crash,09/22/2022 01:30:00 PM,NA,NA,SINGLE VEHICLE,Clear,NA,Daylight,NO CONTROLS,NONE DETECTED,Yes,No Apparent Injury,N/A,LOOKED BUT DID NOT SEE,PA,"OTHER LIGHT TRUCKS (10,000LBS (4,536KG) OR LESS)",BACKING,5,No,2020,HENO,HENO,39.065774,-77.039094,2022,9,13
220042653,Property Damage Crash,09/22/2022 01:00:00 PM,BETHESDA AVE,NA,OTHER,Clear,DRY,Daylight,NO CONTROLS,NONE DETECTED,Yes,No Apparent Injury,N/A,UNKNOWN,NA,"CARGO VAN/LIGHT TRUCK 2 AXLES (OVER 10,000LBS (4,536 KG))",MOVING CONSTANT SPEED,25,No,0,FREIGHTLINE,TRUCK,38.980945,-77.09667238,2022,9,13
220042653,Property Damage Crash,09/22/2022 01:00:00 PM,BETHESDA AVE,NA,OTHER,Clear,DRY,Daylight,NO CONTROLS,NONE DETECTED,No,No Apparent Injury,N/A,NOT DISTRACTED,MD,"CARGO VAN/LIGHT TRUCK 2 AXLES (OVER 10,000LBS (4,536 KG))",PARKED,25,No,2017,CHEVROLET,VAN,38.980945,-77.09667238,2022,9,13
220041285,Property Damage Crash,09/22/2022 12:30:00 PM,INDUSTRIAL PKWY,NA,ANGLE MEETS RIGHT TURN,Rain,WET,Daylight,STOP SIGN,NONE DETECTED,Yes,No Apparent Injury,N/A,NOT DISTRACTED,MD,PASSENGER CAR,MAKING LEFT TURN,25,No,2014,TOYT,4S,39.05441667,-76.96965667,2022,9,12
220041285,Property Damage Crash,09/22/2022 12:30:00 PM,INDUSTRIAL PKWY,NA,ANGLE MEETS RIGHT TURN,Rain,WET,Daylight,STOP SIGN,NONE DETECTED,No,No Apparent Injury,N/A,BY OTHER OCCUPANTS,MD,PASSENGER CAR,MOVING CONSTANT SPEED,25,No,2015,SUBA,4S,39.05441667,-76.96965667,2022,9,12
220041283,Property Damage Crash,09/22/2022 12:10:00 PM,COLESVILLE RD,NA,SAME DIRECTION SIDESWIPE,Rain,WET,Daylight,TRAFFIC SIGNAL,NONE DETECTED,Yes,No Apparent Injury,"RAIN, SNOW, WET",NOT DISTRACTED,MD,(SPORT) UTILITY VEHICLE,CHANGING LANES,35,No,2015,TOYT,HIGHLANDER,39.00491667,-77.023105,2022,9,12
220041283,Property Damage Crash,09/22/2022 12:10:00 PM,COLESVILLE RD,NA,SAME DIRECTION SIDESWIPE,Rain,WET,Daylight,TRAFFIC SIGNAL,NONE DETECTED,No,No Apparent Injury,"RAIN, SNOW, WET",NOT DISTRACTED,MD,TRANSIT BUS,MOVING CONSTANT SPEED,35,No,2020,NOVB,BUS,39.00491667,-77.023105,2022,9,12
220041293,Property Damage Crash,09/22/2022 12:00:00 PM,EISENHOWER MEMORIAL HWY,NA,SAME DIR REAR END,Clear,WET,Daylight,N/A,NONE DETECTED,No,No Apparent Injury,"N/A, WET",NOT DISTRACTED,MD,VAN,SLOWING OR STOPPING,55,No,2016,FORD,VAN,39.0977085,-77.2062225,2022,9,12
220041293,Property Damage Crash,09/22/2022 12:00:00 PM,EISENHOWER MEMORIAL HWY,NA,SAME DIR REAR END,Clear,WET,Daylight,N/A,NONE DETECTED,Yes,No Apparent Injury,"N/A, WET",NOT DISTRACTED,MD,"MEDIUM/HEAVY TRUCKS 3 AXLES (OVER 10,000LBS (4,536KG))",SLOWING OR STOPPING,55,No,2017,MACK,DUMP TRUCK,39.0977085,-77.2062225,2022,9,12
220041258,Property Damage Crash,09/22/2022 10:40:00 AM,BRINK RD,NA,SINGLE VEHICLE,Rain,WET,Daylight,N/A,NONE DETECTED,Yes,No Apparent Injury,"RAIN, SNOW, WET",UNKNOWN,MD,PASSENGER CAR,MOVING CONSTANT SPEED,30,No,2015,FORD,CMAX,39.20703667,-77.18205,2022,9,10
220041255,Injury Crash,09/22/2022 10:15:00 AM,AIRPARK RD,NA,HEAD ON,Rain,WET,Daylight,NO CONTROLS,NONE DETECTED,Yes,Possible Minor Injury,"RAIN, SNOW, WET",NOT DISTRACTED,MD,PASSENGER CAR,MOVING CONSTANT SPEED,50,No,2005,SUZ,SUV,39.152364,-77.1459046,2022,9,10
220041255,Injury Crash,09/22/2022 10:15:00 AM,AIRPARK RD,NA,HEAD ON,Rain,WET,Daylight,NO CONTROLS,NONE DETECTED,No,Possible Minor Injury,"RAIN, SNOW, WET",NOT DISTRACTED,MD,PASSENGER CAR,MOVING CONSTANT SPEED,50,No,2021,MERZ,METRIS,39.152364,-77.1459046,2022,9,10
220041247,Property Damage Crash,09/22/2022 09:45:00 AM,NA,NA,STRAIGHT MOVEMENT ANGLE,Rain,NA,Daylight,NO CONTROLS,NONE DETECTED,Yes,No Apparent Injury,"RAIN, SNOW, WET",UNKNOWN,MD,(SPORT) UTILITY VEHICLE,ACCELERATING,5,No,2019,SUBARU,FORESTER,39.13755633,-77.20527767,2022,9,9
220041300,Property Damage Crash,09/22/2022 09:30:00 AM,NA,NA,OPPOSITE DIRECTION SIDESWIPE,Clear,NA,Daylight,NO CONTROLS,NONE DETECTED,No,No Apparent Injury,N/A,NOT DISTRACTED,MD,POLICE VEHICLE/NON EMERGENCY,PARKING,5,No,2010,CHEVY,IMPALA,38.99106922,-77.02676142,2022,9,9
220041300,Property Damage Crash,09/22/2022 09:30:00 AM,NA,NA,OPPOSITE DIRECTION SIDESWIPE,Clear,NA,Daylight,NO CONTROLS,NONE DETECTED,Yes,No Apparent Injury,N/A,LOOKED BUT DID NOT SEE,MD,POLICE VEHICLE/NON EMERGENCY,PARKING,5,No,2013,FORD,TAURUS,38.99106922,-77.02676142,2022,9,9
220041244,Property Damage Crash,09/22/2022 09:19:00 AM,NA,NA,STRAIGHT MOVEMENT ANGLE,Cloudy,NA,Daylight,N/A,NONE DETECTED,Yes,No Apparent Injury,N/A,NOT DISTRACTED,MD,SCHOOL BUS,STARTING FROM PARKED,15,No,2021,FRHT,SCHOOL BUS,39.17796167,-77.26074667,2022,9,9
220041243,Property Damage Crash,09/22/2022 09:14:00 AM,RIVER RD,NA,SAME DIR REAR END,Clear,DRY,Daylight,TRAFFIC SIGNAL,NONE DETECTED,Yes,No Apparent Injury,"N/A, VISION OBSTRUCTION (INCL. BLINDED BY SUN)",NOT DISTRACTED,MD,VAN,SLOWING OR STOPPING,35,No,2014,DODGE,GRAND CARAVAN,39.00179917,-77.17943983,2022,9,9
220041243,Property Damage Crash,09/22/2022 09:14:00 AM,RIVER RD,NA,SAME DIR REAR END,Clear,DRY,Daylight,TRAFFIC SIGNAL,NONE DETECTED,No,No Apparent Injury,"N/A, VISION OBSTRUCTION (INCL. BLINDED BY SUN)",NOT DISTRACTED,MD,PASSENGER CAR,STOPPED IN TRAFFIC LANE,35,No,2019,HONDA,FIT,39.00179917,-77.17943983,2022,9,9
220041235,Property Damage Crash,09/22/2022 07:40:00 AM,E RANDOLPH RD,NA,SAME DIR REAR END,Clear,DRY,Daylight,TRAFFIC SIGNAL,NONE DETECTED,Yes,No Apparent Injury,N/A,UNKNOWN,NA,PASSENGER CAR,ACCELERATING,40,No,2019,TOYOTA,TK,39.06384333,-76.96535167,2022,9,7