Local Case Number,ACRS Report Type,Crash Date/Time,Road Name,Related Non-Motorist,Collision Type,Weather,Surface Condition,Light,Traffic Control,Driver Substance Abuse,Driver At Fault,Injury Severity,Circumstance,Driver Distracted By,Drivers License State,Vehicle Body Type,Vehicle Movement,Speed Limit,Driverless Vehicle,Vehicle Year,Vehicle Make,Vehicle Model,Latitude,Longitude,Year,Month,Hour
220040515,Property Damage Crash,09/18/2022 11:25:00 PM,QUINCE ORCHARD RD,NA,STRAIGHT MOVEMENT ANGLE,Clear,DRY,Dark,TRAFFIC SIGNAL,NONE DETECTED,No,No Apparent Injury,N/A,NOT DISTRACTED,NY,PASSENGER CAR,MOVING CONSTANT SPEED,40,No,2011,TOYOTA,SEQUOIA,39.14445223,-77.22018468,2022,9,23
220039767,Property Damage Crash,09/18/2022 04:45:00 PM,CAPITAL BELTWAY,NA,SAME DIR REAR END,Clear,DRY,Daylight,NO CONTROLS,NONE DETECTED,No,No Apparent Injury,N/A,NOT DISTRACTED,MD,PASSENGER CAR,MOVING CONSTANT SPEED,55,No,2011,CHEVROLET,CAMARO,39.01067,-77.041453,2022,9,16
220039767,Property Damage Crash,09/18/2022 04:45:00 PM,CAPITAL BELTWAY,NA,SAME DIR REAR END,Clear,DRY,Daylight,NO CONTROLS,NONE DETECTED,Yes,No Apparent Injury,N/A,UNKNOWN,MD,PASSENGER CAR,MOVING CONSTANT SPEED,55,No,1996,HONDA,ACCORD,39.01067,-77.041453,2022,9,16
22004609,Property Damage Crash,09/18/2022 04:30:00 PM,WASHINGTON GROVE LA,NA,SAME DIR REAR END,Clear,DRY,Daylight,N/A,NONE DETECTED,Yes,No Apparent Injury,N/A,NOT DISTRACTED,MD,PASSENGER CAR,SLOWING OR STOPPING,35,No,2007,TOYOTA,PRIUS,39.153272,-77.164393,2022,9,16
22004609,Property Damage Crash,09/18/2022 04:30:00 PM,WASHINGTON GROVE LA,NA,SAME DIR REAR END,Clear,DRY,Daylight,N/A,NONE DETECTED,Yes,No Apparent Injury,N/A,NOT DISTRACTED,MD,PASSENGER CAR,SLOWING OR STOPPING,35,No,2001,SUBARU,UT,39.153272,-77.164393,2022,9,16
22004609,Property Damage Crash,09/18/2022 04:30:00 PM,WASHINGTON GROVE LA,NA,SAME DIR REAR END,Clear,DRY,Daylight,N/A,NONE DETECTED,No,No Apparent Injury,N/A,NOT DISTRACTED,MD,PASSENGER CAR,SLOWING OR STOPPING,35,No,2011,TOYOTA,CAMRY,39.153272,-77.164393,2022,9,16
220040699,Property Damage Crash,09/18/2022 04:00:00 PM,NA,NA,OTHER,Clear,NA,Daylight,NO CONTROLS,NONE DETECTED,Yes,No Apparent Injury,N/A,UNKNOWN,NA,PASSENGER CAR,UNKNOWN,15,No,2006,ACURA,4D,39.04007417,-77.15609592,2022,9,16
220040585,Injury Crash,09/18/2022 03:15:00 PM,RUSSELL AVE,NA,SAME DIR REAR END,Clear,DRY,Daylight,NO CONTROLS,NONE DETECTED,Yes,No Apparent Injury,N/A,LOOKED BUT DID NOT SEE,MD,PASSENGER CAR,SLOWING OR STOPPING,30,No,2018,JEEP,GRAND CHEROKEE,39.15276425,-77.20874495,2022,9,15
220040585,Injury Crash,09/18/2022 03:15:00 PM,RUSSELL AVE,NA,SAME DIR REAR END,Clear,DRY,Daylight,NO CONTROLS,NONE DETECTED,No,Possible Minor Injury,N/A,NOT DISTRACTED,MD,PASSENGER CAR,STOPPED IN TRAFFIC LANE,30,No,2015,TOYOTA,CAMRY,39.15276425,-77.20874495,2022,9,15
220040577,Property Damage Crash,09/18/2022 01:44:00 PM,PINEY BRANCH RD,NA,SAME DIR REAR END,Clear,DRY,Daylight,NO CONTROLS,NONE DETECTED,No,No Apparent Injury,N/A,NOT DISTRACTED,MD,(SPORT) UTILITY VEHICLE,SLOWING OR STOPPING,35,No,2016,LEXUS,NLX,39.014365,-77.03489667,2022,9,13
220040577,Property Damage Crash,09/18/2022 01:44:00 PM,PINEY BRANCH RD,NA,SAME DIR REAR END,Clear,DRY,Daylight,NO CONTROLS,NONE DETECTED,Yes,No Apparent Injury,N/A,LOOKED BUT DID NOT SEE,MD,PASSENGER CAR,MOVING CONSTANT SPEED,35,No,2015,TOYT,WG,39.014365,-77.03489667,2022,9,13
220040574,Injury Crash,09/18/2022 01:14:00 PM,WARING STATION RD,NA,OTHER,Clear,DRY,Daylight,NO CONTROLS,ALCOHOL PRESENT,Yes,Possible Minor Injury,N/A,OTHER DISTRACTION,MD,(SPORT) UTILITY VEHICLE,MOVING CONSTANT SPEED,35,No,2019,FORD,4D SUV,39.16125,-77.25049833,2022,9,13
220040570,Property Damage Crash,09/18/2022 12:47:00 PM,CONCORD ST,NA,STRAIGHT MOVEMENT ANGLE,Clear,DRY,Daylight,STOP SIGN,NONE DETECTED,Yes,No Apparent Injury,N/A,LOOKED BUT DID NOT SEE,MD,PASSENGER CAR,STARTING FROM LANE,30,No,2013,TOYOTA,4S,39.03111167,-77.07520333,2022,9,12
220040570,Property Damage Crash,09/18/2022 12:47:00 PM,CONCORD ST,NA,STRAIGHT MOVEMENT ANGLE,Clear,DRY,Daylight,STOP SIGN,NONE DETECTED,No,No Apparent Injury,N/A,NOT DISTRACTED,MD,PASSENGER CAR,MOVING CONSTANT SPEED,30,No,2017,FORD,4S,39.03111167,-77.07520333,2022,9,12
220040565,Injury Crash,09/18/2022 12:15:00 PM,ALBEMARLE ST,NA,OTHER,Clear,DRY,Daylight,NO CONTROLS,NONE DETECTED,Yes,Possible Minor Injury,N/A,NOT DISTRACTED,MD,PASSENGER CAR,MOVING CONSTANT SPEED,25,No,2015,MERZ,4S,38.94931833,-77.10686,2022,9,12
220040564,Injury Crash,09/18/2022 12:04:00 PM,UNIVERSITY BLVD W,NA,SINGLE VEHICLE,Clear,DRY,Daylight,TRAFFIC SIGNAL,NONE DETECTED,Yes,Possible Minor Injury,N/A,NOT DISTRACTED,MD,PASSENGER CAR,MOVING CONSTANT SPEED,35,No,2018,TOYOTA,COROLLA,39.04107167,-77.04787167,2022,9,12
220040558,Injury Crash,09/18/2022 11:23:00 AM,W MONTGOMERY AVE,NA,STRAIGHT MOVEMENT ANGLE,Clear,DRY,Daylight,TRAFFIC SIGNAL,NONE DETECTED,Yes,Possible Minor Injury,N/A,LOOKED BUT DID NOT SEE,MD,PASSENGER CAR,MOVING CONSTANT SPEED,45,No,2018,JEEP,COMPASS,39.0997407,-77.184873,2022,9,11
220040558,Injury Crash,09/18/2022 11:23:00 AM,W MONTGOMERY AVE,NA,STRAIGHT MOVEMENT ANGLE,Clear,DRY,Daylight,TRAFFIC SIGNAL,NONE DETECTED,No,No Apparent Injury,N/A,NOT DISTRACTED,MD,PASSENGER CAR,STARTING FROM LANE,35,No,2011,HONDA,CR-V,39.0997407,-77.184873,2022,9,11
220040552,Property Damage Crash,09/18/2022 10:00:00 AM,GAITHER RD,NA,OTHER,Clear,DRY,Daylight,NO CONTROLS,NONE DETECTED,No,No Apparent Injury,N/A,INATTENTIVE OR LOST IN THOUGHT,WV,PASSENGER CAR,BACKING,5,No,2018,MAZDA,M3,39.11859833,-77.18091667,2022,9,10
220040545,Property Damage Crash,09/18/2022 08:13:00 AM,BRUNSWICK AVE,NA,SAME DIR REAR END,Clear,DRY,Daylight,N/A,NONE DETECTED,Yes,No Apparent Injury,"N/A, VISION OBSTRUCTION (INCL. BLINDED BY SUN)",OTHER DISTRACTION,OH,PASSENGER CAR,MOVING CONSTANT SPEED,30,No,2019,HONDA,CIVIC,39.027005,-77.05483333,2022,9,8
220040538,Property Damage Crash,09/18/2022 05:26:00 AM,EISENHOWER MEMORIAL HWY,NA,SAME DIR REAR END,Clear,DRY,Dark,NO CONTROLS,NONE DETECTED,No,No Apparent Injury,N/A,NOT DISTRACTED,MD,PASSENGER CAR,MOVING CONSTANT SPEED,55,No,2014,LEXS,4S,39.11069167,-77.18747333,2022,9,5
220040538,Property Damage Crash,09/18/2022 05:26:00 AM,EISENHOWER MEMORIAL HWY,NA,SAME DIR REAR END,Clear,DRY,Dark,NO CONTROLS,NONE DETECTED,Yes,No Apparent Injury,N/A,UNKNOWN,NA,NA,CHANGING LANES,55,No,0,UNKNOWN,UNKNOWN,39.11069167,-77.18747333,2022,9,5
220040537,Property Damage Crash,09/18/2022 04:20:00 AM,CARROLL AVE,NA,OTHER,Clear,DRY,Medium,NO CONTROLS,ALCOHOL PRESENT,Yes,No Apparent Injury,N/A,NOT DISTRACTED,MD,PASSENGER CAR,MOVING CONSTANT SPEED,25,No,2015,HONDA,ACCORD,39.04099667,-76.98819333,2022,9,4
220040533,Injury Crash,09/18/2022 03:50:00 AM,SAM EIG HWY,NA,SINGLE VEHICLE,Clear,DRY,Medium,TRAFFIC SIGNAL,NONE DETECTED,Yes,Possible Minor Injury,N/A,NOT DISTRACTED,MD,PASSENGER CAR,MOVING CONSTANT SPEED,45,No,2004,MAZDA,3,39.11643915,-77.2084714,2022,9,3
220040521,Property Damage Crash,09/18/2022 12:30:00 AM,LONGMEAD CROSSING DR,NA,SAME DIR REAR END,Clear,DRY,Medium,N/A,NONE DETECTED,Yes,No Apparent Injury,N/A,UNKNOWN,MD,PASSENGER CAR,MOVING CONSTANT SPEED,25,No,2015,BMW,320IXDRIVE,39.1010825,-77.05152067,2022,9,0
220040521,Property Damage Crash,09/18/2022 12:30:00 AM,LONGMEAD CROSSING DR,NA,SAME DIR REAR END,Clear,DRY,Medium,N/A,NONE DETECTED,No,No Apparent Injury,N/A,NOT DISTRACTED,MD,PASSENGER CAR,PARKED,0,No,2014,GMC,SIERRA,39.1010825,-77.05152067,2022,9,0
220040514,Injury Crash,09/17/2022 11:42:00 PM,GEORGIA AVE,NA,SAME DIR REAR END,Clear,N/A,Medium,TRAFFIC SIGNAL,NONE DETECTED,No,Possible Minor Injury,N/A,NOT DISTRACTED,MD,PASSENGER CAR,STOPPED IN TRAFFIC LANE,30,No,2014,TOYOTA,4S,38.99284667,-77.02689333,2022,9,23
220040514,Injury Crash,09/17/2022 11:42:00 PM,GEORGIA AVE,NA,SAME DIR REAR END,Clear,N/A,Medium,TRAFFIC SIGNAL,NONE DETECTED,Yes,No Apparent Injury,N/A,NOT DISTRACTED,MD,PASSENGER CAR,STARTING FROM LANE,30,No,2011,FORD,PC,38.99284667,-77.02689333,2022,9,23
220040514,Injury Crash,09/17/2022 11:42:00 PM,GEORGIA AVE,NA,SAME DIR REAR END,Clear,N/A,Medium,TRAFFIC SIGNAL,NONE DETECTED,No,No Apparent Injury,N/A,NOT DISTRACTED,MD,PASSENGER CAR,STOPPED IN TRAFFIC LANE,30,No,2013,TOYT,4S,38.99284667,-77.02689333,2022,9,23
220040513,Injury Crash,09/17/2022 11:19:00 PM,CONNECTICUT AVE,NA,STRAIGHT MOVEMENT ANGLE,Clear,DRY,Medium,NO CONTROLS,NONE DETECTED,Yes,Suspected Serious Injury,N/A,NOT DISTRACTED,MD,PASSENGER CAR,MOVING CONSTANT SPEED,35,No,2001,HONDA,ACCORD,39.05371833,-77.07446667,2022,9,23
220040513,Injury Crash,09/17/2022 11:19:00 PM,CONNECTICUT AVE,NA,STRAIGHT MOVEMENT ANGLE,Clear,DRY,Medium,NO CONTROLS,NONE DETECTED,No,Suspected Serious Injury,N/A,NOT DISTRACTED,MD,PASSENGER CAR,MOVING CONSTANT SPEED,35,No,2015,BMW,M235I,39.05371833,-77.07446667,2022,9,23
220040505,Injury Crash,09/17/2022 10:01:00 PM,GEORGIA AVE,NA,SAME DIR REAR END,Clear,DRY,Medium,TRAFFIC SIGNAL,NONE DETECTED,No,Possible Minor Injury,N/A,NOT DISTRACTED,MD,(SPORT) UTILITY VEHICLE,STOPPED IN TRAFFIC LANE,35,No,2019,TOYOTA,HIGHLANDER,39.0909154,-77.0464519,2022,9,22
220040505,Injury Crash,09/17/2022 10:01:00 PM,GEORGIA AVE,NA,SAME DIR REAR END,Clear,DRY,Medium,TRAFFIC SIGNAL,ALCOHOL PRESENT,Yes,No Apparent Injury,N/A,INATTENTIVE OR LOST IN THOUGHT,MD,PASSENGER CAR,MOVING CONSTANT SPEED,35,No,2001,HONDA,ACCORD,39.0909154,-77.0464519,2022,9,22
220040496,Property Damage Crash,09/17/2022 09:30:00 PM,VICTORY FARM DR,NA,SINGLE VEHICLE,Clear,DRY,Medium,NO CONTROLS,NONE DETECTED,Yes,No Apparent Injury,N/A,UNKNOWN,NA,PASSENGER CAR,MOVING CONSTANT SPEED,25,No,2018,GMC,SIERRA,39.14963181,-77.17936949,2022,9,21
220040498,Property Damage Crash,09/17/2022 08:50:00 PM,NEW HAMPSHIRE AVE,NA,SAME DIRECTION LEFT TURN,Clear,DRY,Medium,NO CONTROLS,NONE DETECTED,Unknown,No Apparent Injury,N/A,NOT DISTRACTED,MD,TRANSIT BUS,ACCELERATING,40,No,2016,NEW FLYER,XN4,39.04022467,-76.990655,2022,9,20
220040498,Property Damage Crash,09/17/2022 08:50:00 PM,NEW HAMPSHIRE AVE,NA,SAME DIRECTION LEFT TURN,Clear,DRY,Medium,NO CONTROLS,NONE DETECTED,Unknown,No Apparent Injury,N/A,NOT DISTRACTED,MD,PASSENGER CAR,MOVING CONSTANT SPEED,40,No,2016,HONDA,ACCORD,39.04022467,-76.990655,2022,9,20
220040494,Property Damage Crash,09/17/2022 08:11:00 PM,FREDERICK RD,NA,HEAD ON LEFT TURN,Clear,DRY,Medium,NO CONTROLS,NONE DETECTED,No,No Apparent Injury,N/A,NOT DISTRACTED,MD,PASSENGER CAR,MOVING CONSTANT SPEED,40,No,2019,TOYT,SD,39.175484,-77.23803183,2022,9,20
220040494,Property Damage Crash,09/17/2022 08:11:00 PM,FREDERICK RD,NA,HEAD ON LEFT TURN,Clear,DRY,Medium,NO CONTROLS,NONE DETECTED,Yes,No Apparent Injury,N/A,NOT DISTRACTED,MD,PASSENGER CAR,MAKING LEFT TURN,40,No,2018,MERZ,TK,39.175484,-77.23803183,2022,9,20
220040490,Property Damage Crash,09/17/2022 07:25:00 PM,LOCKWOOD DR,NA,SAME DIR BOTH LEFT TURN,Clear,DRY,Medium,TRAFFIC SIGNAL,NONE DETECTED,No,No Apparent Injury,N/A,NOT DISTRACTED,MD,TRANSIT BUS,MAKING LEFT TURN,30,No,2020,GILLIG,BU,39.03977491,-76.99061631,2022,9,19
220040490,Property Damage Crash,09/17/2022 07:25:00 PM,LOCKWOOD DR,NA,SAME DIR BOTH LEFT TURN,Clear,DRY,Medium,TRAFFIC SIGNAL,NONE DETECTED,Yes,No Apparent Injury,N/A,UNKNOWN,NA,NA,MAKING LEFT TURN,30,No,0,UNKNOWN,UNKNOWN,39.03977491,-76.99061631,2022,9,19
220039692,Property Damage Crash,09/17/2022 07:21:00 PM,FREDERICK RD,NA,SAME DIRECTION SIDESWIPE,Clear,DRY,Dark,NO CONTROLS,NONE DETECTED,Yes,No Apparent Injury,N/A,UNKNOWN,MD,PASSENGER CAR,MAKING LEFT TURN,30,No,1995,CHEVY,VAN,39.146641700000004,-77.2047898,2022,9,19
220039692,Property Damage Crash,09/17/2022 07:21:00 PM,FREDERICK RD,NA,SAME DIRECTION SIDESWIPE,Clear,DRY,Dark,NO CONTROLS,NONE DETECTED,No,No Apparent Injury,N/A,NOT DISTRACTED,MD,PASSENGER CAR,PASSING,30,No,2022,NISSAN,ALTIMA,39.146641700000004,-77.2047898,2022,9,19
220040484,Injury Crash,09/17/2022 06:22:00 PM,CONNECTICUT AVE,NA,SAME DIR REAR END,Clear,DRY,Daylight,TRAFFIC SIGNAL,NONE DETECTED,Yes,No Apparent Injury,N/A,LOOKED BUT DID NOT SEE,VA,PICKUP TRUCK,CHANGING LANES,35,No,2016,DODGE,RAM,38.97667,-77.07721,2022,9,18
220040484,Injury Crash,09/17/2022 06:22:00 PM,CONNECTICUT AVE,NA,SAME DIR REAR END,Clear,DRY,Daylight,TRAFFIC SIGNAL,NONE DETECTED,No,No Apparent Injury,N/A,NOT DISTRACTED,MD,(SPORT) UTILITY VEHICLE,STOPPED IN TRAFFIC LANE,35,No,2012,JEEP,GRAND CHEROKEE,38.97667,-77.07721,2022,9,18
220040484,Injury Crash,09/17/2022 06:22:00 PM,CONNECTICUT AVE,NA,SAME DIR REAR END,Clear,DRY,Daylight,TRAFFIC SIGNAL,NONE DETECTED,No,No Apparent Injury,N/A,NOT DISTRACTED,MD,PASSENGER CAR,MOVING CONSTANT SPEED,35,No,2013,HYUNDAI,ACCENT,38.97667,-77.07721,2022,9,18
220040484,Injury Crash,09/17/2022 06:22:00 PM,CONNECTICUT AVE,NA,SAME DIR REAR END,Clear,DRY,Daylight,TRAFFIC SIGNAL,NONE DETECTED,No,No Apparent Injury,N/A,NOT DISTRACTED,VA,PASSENGER CAR,STOPPED IN TRAFFIC LANE,35,No,2020,KIA,OPTIMA,38.97667,-77.07721,2022,9,18
220040474,Injury Crash,09/17/2022 04:55:00 PM,MIDDLEBROOK RD,NA,SAME DIRECTION SIDESWIPE,Clear,DRY,Daylight,TRAFFIC SIGNAL,NONE DETECTED,No,No Apparent Injury,N/A,NOT DISTRACTED,VA,PASSENGER CAR,ACCELERATING,20,No,2015,INFINITI,4D,39.18030867,-77.268378,2022,9,16
220040474,Injury Crash,09/17/2022 04:55:00 PM,MIDDLEBROOK RD,NA,SAME DIRECTION SIDESWIPE,Clear,DRY,Daylight,TRAFFIC SIGNAL,NONE DETECTED,Yes,Possible Minor Injury,N/A,NOT DISTRACTED,MD,PASSENGER CAR,RIGHT TURN ON RED,30,No,2022,CHEVY,MALIBU,39.18030867,-77.268378,2022,9,16
22001638,Property Damage Crash,09/17/2022 04:30:00 PM,NA,NA,OTHER,Clear,NA,Daylight,NO CONTROLS,NONE DETECTED,Yes,No Apparent Injury,N/A,NOT DISTRACTED,MD,PASSENGER CAR,PARKED,25,No,2016,CHEV,VAN,39.15214,-77.3133,2022,9,16
220040471,Property Damage Crash,09/17/2022 04:20:00 PM,NORBECK RD,NA,SAME DIR REAR END,Clear,DRY,Daylight,TRAFFIC SIGNAL,NONE DETECTED,No,No Apparent Injury,N/A,NOT DISTRACTED,MD,PASSENGER CAR,STOPPED IN TRAFFIC LANE,35,No,2022,TOYT,HIGHLANDER,39.12121167,-76.989495,2022,9,16
220040471,Property Damage Crash,09/17/2022 04:20:00 PM,NORBECK RD,NA,SAME DIR REAR END,Clear,DRY,Daylight,TRAFFIC SIGNAL,NONE DETECTED,No,No Apparent Injury,N/A,NOT DISTRACTED,MD,PASSENGER CAR,STOPPED IN TRAFFIC LANE,35,No,2022,HYUN,ACCENT,39.12121167,-76.989495,2022,9,16
220040471,Property Damage Crash,09/17/2022 04:20:00 PM,NORBECK RD,NA,SAME DIR REAR END,Clear,DRY,Daylight,TRAFFIC SIGNAL,ALCOHOL PRESENT,Yes,No Apparent Injury,N/A,UNKNOWN,MD,PASSENGER CAR,MOVING CONSTANT SPEED,35,No,2013,NISS,ALTIMA,39.12121167,-76.989495,2022,9,16
220040464,Property Damage Crash,09/17/2022 03:06:00 PM,W GUDE DR,NA,STRAIGHT MOVEMENT ANGLE,Clear,DRY,Daylight,TRAFFIC SIGNAL,NONE DETECTED,No,No Apparent Injury,N/A,NOT DISTRACTED,MD,PASSENGER CAR,MOVING CONSTANT SPEED,40,No,2020,TESLA,UT,39.10169633,-77.17731483,2022,9,15
220040464,Property Damage Crash,09/17/2022 03:06:00 PM,W GUDE DR,NA,STRAIGHT MOVEMENT ANGLE,Clear,DRY,Daylight,TRAFFIC SIGNAL,NONE DETECTED,Yes,No Apparent Injury,N/A,LOOKED BUT DID NOT SEE,MD,PASSENGER CAR,MAKING LEFT TURN,40,No,2015,HONDA,CIVIC,39.10169633,-77.17731483,2022,9,15
220040461,Injury Crash,09/17/2022 02:48:00 PM,NA,PEDESTRIAN,SINGLE VEHICLE,Clear,NA,Daylight,NO CONTROLS,NONE DETECTED,Yes,No Apparent Injury,N/A,LOOKED BUT DID NOT SEE,MD,(SPORT) UTILITY VEHICLE,MAKING LEFT TURN,0,No,2020,BMW,X3,39.03014,-77.10501,2022,9,14
220040463,Injury Crash,09/17/2022 02:39:00 PM,TOULONE DR,NA,STRAIGHT MOVEMENT ANGLE,Clear,DRY,Daylight,STOP SIGN,NONE DETECTED,Yes,Possible Minor Injury,N/A,UNKNOWN,MD,PASSENGER CAR,MOVING CONSTANT SPEED,25,No,2018,HONDA,CR-V,39.04564,-77.183647,2022,9,14
220040463,Injury Crash,09/17/2022 02:39:00 PM,TOULONE DR,NA,STRAIGHT MOVEMENT ANGLE,Clear,DRY,Daylight,STOP SIGN,NONE DETECTED,No,No Apparent Injury,N/A,NOT DISTRACTED,MD,PASSENGER CAR,MOVING CONSTANT SPEED,25,No,2019,BMW,330I,39.04564,-77.183647,2022,9,14
220040455,Property Damage Crash,09/17/2022 01:38:00 PM,NA,NA,OTHER,Clear,NA,Daylight,N/A,NONE DETECTED,Yes,No Apparent Injury,N/A,UNKNOWN,NA,PASSENGER CAR,PARKING,10,No,2008,MERZ,99,39.152991,-77.061789,2022,9,13
220040451,Injury Crash,09/17/2022 01:35:00 PM,FREDERICK RD,NA,STRAIGHT MOVEMENT ANGLE,Clear,N/A,Daylight,NO CONTROLS,NONE DETECTED,No,Possible Minor Injury,N/A,NOT DISTRACTED,MD,PASSENGER CAR,MOVING CONSTANT SPEED,35,No,2020,TOYOTA,COROLLA,39.14771882,-77.20619978,2022,9,13
220040451,Injury Crash,09/17/2022 01:35:00 PM,FREDERICK RD,NA,STRAIGHT MOVEMENT ANGLE,Clear,N/A,Daylight,NO CONTROLS,NONE DETECTED,Yes,No Apparent Injury,N/A,LOOKED BUT DID NOT SEE,MD,PASSENGER CAR,MAKING LEFT TURN,30,No,2021,TOYT,SD,39.14771882,-77.20619978,2022,9,13
220041606,Property Damage Crash,09/17/2022 01:30:00 PM,NA,NA,OTHER,Clear,NA,Daylight,NO CONTROLS,NONE DETECTED,Yes,No Apparent Injury,N/A,UNKNOWN,MD,PASSENGER CAR,PARKING,15,No,2012,CHRYSLER,UNK,39.02514582,-77.12404149,2022,9,13
220040428,Property Damage Crash,09/17/2022 10:15:00 AM,N WASHINGTON ST,NA,OTHER,Clear,DRY,Daylight,NO CONTROLS,NONE DETECTED,Unknown,No Apparent Injury,N/A,UNKNOWN,MD,PASSENGER CAR,MOVING CONSTANT SPEED,25,No,2022,MITS,UT,39.072211,-77.13295,2022,9,10
220040428,Property Damage Crash,09/17/2022 10:15:00 AM,N WASHINGTON ST,NA,OTHER,Clear,DRY,Daylight,NO CONTROLS,NONE DETECTED,Unknown,No Apparent Injury,N/A,UNKNOWN,MD,TRANSIT BUS,MOVING CONSTANT SPEED,25,No,2017,GILG,BU,39.072211,-77.13295,2022,9,10
220040393,Property Damage Crash,09/16/2022 10:47:00 PM,WASHINGTONIAN BLVD,NA,SAME DIR REAR END,Clear,DRY,Medium,N/A,ALCOHOL PRESENT,Yes,No Apparent Injury,N/A,NOT DISTRACTED,MD,PASSENGER CAR,MOVING CONSTANT SPEED,25,No,2018,TOYOTA,CAMRY,39.13010633,-77.18781933,2022,9,22
220040390,Property Damage Crash,09/16/2022 10:35:00 PM,COLUMBIA PIKE,NA,SAME DIR REAR END,Clear,DRY,Medium,TRAFFIC SIGNAL,NONE DETECTED,No,No Apparent Injury,N/A,NOT DISTRACTED,MD,PASSENGER CAR,STOPPED IN TRAFFIC LANE,40,No,2016,BMW,UT,39.05598162,-76.97146017,2022,9,22
220040390,Property Damage Crash,09/16/2022 10:35:00 PM,COLUMBIA PIKE,NA,SAME DIR REAR END,Clear,DRY,Medium,TRAFFIC SIGNAL,NONE DETECTED,No,No Apparent Injury,N/A,NOT DISTRACTED,MD,PASSENGER CAR,STOPPED IN TRAFFIC LANE,40,No,2009,CHEV,PV,39.05598162,-76.97146017,2022,9,22
220040390,Property Damage Crash,09/16/2022 10:35:00 PM,COLUMBIA PIKE,NA,SAME DIR REAR END,Clear,DRY,Medium,TRAFFIC SIGNAL,NONE DETECTED,Yes,No Apparent Injury,N/A,INATTENTIVE OR LOST IN THOUGHT,NY,PASSENGER CAR,MOVING CONSTANT SPEED,40,No,2017,MAZDA,6,39.05598162,-76.97146017,2022,9,22
220040387,Property Damage Crash,09/16/2022 09:50:00 PM,MUDDY BRANCH RD,NA,SAME DIR REAR END,Clear,DRY,Medium,TRAFFIC SIGNAL,NONE DETECTED,Yes,No Apparent Injury,N/A,UNKNOWN,NA,PASSENGER CAR,MOVING CONSTANT SPEED,45,No,2013,HONDA,CIVIC,39.13010633,-77.18781933,2022,9,21
220040387,Property Damage Crash,09/16/2022 09:50:00 PM,MUDDY BRANCH RD,NA,SAME DIR REAR END,Clear,DRY,Medium,TRAFFIC SIGNAL,NONE DETECTED,No,No Apparent Injury,N/A,NOT DISTRACTED,MD,PASSENGER CAR,STOPPED IN TRAFFIC LANE,45,No,2021,HONDA,HRV,39.13010633,-77.18781933,2022,9,21
220040387,Property Damage Crash,09/16/2022 09:50:00 PM,MUDDY BRANCH RD,NA,SAME DIR REAR END,Clear,DRY,Medium,TRAFFIC SIGNAL,NONE DETECTED,No,No Apparent Injury,N/A,NOT DISTRACTED,MD,PASSENGER CAR,STOPPED IN TRAFFIC LANE,45,No,2009,NISSAN,SENTRA,39.13010633,-77.18781933,2022,9,21
220040370,Property Damage Crash,09/16/2022 08:56:00 PM,NEW HAMPSHIRE AVE,NA,SAME DIRECTION RIGHT TURN,Clear,DRY,Medium,NO CONTROLS,NONE DETECTED,Yes,No Apparent Injury,N/A,LOOKED BUT DID NOT SEE,GA,PASSENGER CAR,CHANGING LANES,35,No,2010,FORD,FS,39.04197537,-76.99138487,2022,9,20
220040370,Property Damage Crash,09/16/2022 08:56:00 PM,NEW HAMPSHIRE AVE,NA,SAME DIRECTION RIGHT TURN,Clear,DRY,Medium,NO CONTROLS,NONE DETECTED,No,No Apparent Injury,N/A,NOT DISTRACTED,MD,PASSENGER CAR,MOVING CONSTANT SPEED,35,No,2001,TOYOTA,TACOMA,39.04197537,-76.99138487,2022,9,20
220040371,Injury Crash,09/16/2022 08:51:00 PM,MIDDLEBROOK RD,NA,SAME DIR REAR END,Clear,DRY,Medium,TRAFFIC SIGNAL,NONE DETECTED,No,No Apparent Injury,N/A,NOT DISTRACTED,MD,PASSENGER CAR,STOPPED IN TRAFFIC LANE,45,No,2011,HONDA,2S,39.1786013,-77.2412286,2022,9,20
220040371,Injury Crash,09/16/2022 08:51:00 PM,MIDDLEBROOK RD,NA,SAME DIR REAR END,Clear,DRY,Medium,TRAFFIC SIGNAL,NONE DETECTED,No,Possible Minor Injury,N/A,NOT DISTRACTED,MD,PASSENGER CAR,STOPPED IN TRAFFIC LANE,45,No,2016,MERCEDEZ,4S,39.1786013,-77.2412286,2022,9,20
220040371,Injury Crash,09/16/2022 08:51:00 PM,MIDDLEBROOK RD,NA,SAME DIR REAR END,Clear,DRY,Medium,TRAFFIC SIGNAL,NONE DETECTED,Yes,Possible Minor Injury,N/A,UNKNOWN,NA,NA,MOVING CONSTANT SPEED,45,No,0,UNKNOWN,UNKNOWN,39.1786013,-77.2412286,2022,9,20
220040368,Property Damage Crash,09/16/2022 08:46:00 PM,NEW HAMPSHIRE AVE,NA,OTHER,Clear,DRY,Medium,TRAFFIC SIGNAL,NONE DETECTED,Unknown,No Apparent Injury,N/A,NOT DISTRACTED,MD,PASSENGER CAR,ACCELERATING,35,No,2012,TOYT,CAM,38.98045,-76.98955,2022,9,20
220040368,Property Damage Crash,09/16/2022 08:46:00 PM,NEW HAMPSHIRE AVE,NA,OTHER,Clear,DRY,Medium,TRAFFIC SIGNAL,NONE DETECTED,Unknown,No Apparent Injury,N/A,NOT DISTRACTED,MD,PASSENGER CAR,STARTING FROM LANE,35,No,2013,DODG,CHARGER,38.98045,-76.98955,2022,9,20
220040366,Property Damage Crash,09/16/2022 07:51:00 PM,DEMOCRACY BLVD,NA,HEAD ON LEFT TURN,Clear,DRY,Medium,TRAFFIC SIGNAL,NONE DETECTED,Yes,No Apparent Injury,N/A,NOT DISTRACTED,MD,(SPORT) UTILITY VEHICLE,MAKING LEFT TURN,40,No,2005,JEEP,LIBERTY,39.02324667,-77.16225,2022,9,19
220040366,Property Damage Crash,09/16/2022 07:51:00 PM,DEMOCRACY BLVD,NA,HEAD ON LEFT TURN,Clear,DRY,Medium,TRAFFIC SIGNAL,NONE DETECTED,No,No Apparent Injury,N/A,NOT DISTRACTED,AL,PASSENGER CAR,MOVING CONSTANT SPEED,40,No,2017,LINC,CONTINENTAL,39.02324667,-77.16225,2022,9,19
220040354,Injury Crash,09/16/2022 06:34:00 PM,QUINCE ORCHARD RD,NA,SINGLE VEHICLE,Clear,DRY,Daylight,NO CONTROLS,NONE DETECTED,Yes,Possible Minor Injury,N/A,UNKNOWN,MD,MOTORCYCLE,MOVING CONSTANT SPEED,40,No,2005,HARLEY DAVIDSON,ROAD KING,39.09521815,-77.25137581,2022,9,18
220040353,Injury Crash,09/16/2022 06:20:00 PM,FERNWOOD RD,PEDESTRIAN,OTHER,Clear,DRY,Daylight,TRAFFIC SIGNAL,NONE DETECTED,Yes,No Apparent Injury,N/A,LOOKED BUT DID NOT SEE,MD,(SPORT) UTILITY VEHICLE,MAKING LEFT TURN,30,No,2021,BMW,X5,39.018254,-77.133304,2022,9,18
220040345,Property Damage Crash,09/16/2022 05:59:00 PM,WOOTTON PKWY,NA,SAME DIR REAR END,Clear,DRY,Daylight,TRAFFIC SIGNAL,NONE DETECTED,No,No Apparent Injury,N/A,NOT DISTRACTED,MD,PASSENGER CAR,MOVING CONSTANT SPEED,40,No,2010,HONDA,4S,39.06696433,-77.150338,2022,9,17