Local Case Number,ACRS Report Type,Crash Date/Time,Road Name,Related Non-Motorist,Collision Type,Weather,Surface Condition,Light,Traffic Control,Driver Substance Abuse,Driver At Fault,Injury Severity,Circumstance,Driver Distracted By,Drivers License State,Vehicle Body Type,Vehicle Movement,Speed Limit,Driverless Vehicle,Vehicle Year,Vehicle Make,Vehicle Model,Latitude,Longitude,Year,Month,Hour
220040346,Property Damage Crash,09/16/2022 05:59:00 PM,GEORGIA AVE,NA,SAME DIRECTION SIDESWIPE,Clear,DRY,Daylight,N/A,NONE DETECTED,Unknown,No Apparent Injury,N/A,NOT DISTRACTED,MD,PASSENGER CAR,MOVING CONSTANT SPEED,35,No,2018,HONDA,TK,39.010845,-77.04111667,2022,9,17
220040345,Property Damage Crash,09/16/2022 05:59:00 PM,WOOTTON PKWY,NA,SAME DIR REAR END,Clear,DRY,Daylight,TRAFFIC SIGNAL,NONE DETECTED,Yes,No Apparent Injury,N/A,UNKNOWN,MD,PASSENGER CAR,MAKING RIGHT TURN,40,No,2017,TOYOTA,TK,39.06696433,-77.150338,2022,9,17
220040346,Property Damage Crash,09/16/2022 05:59:00 PM,GEORGIA AVE,NA,SAME DIRECTION SIDESWIPE,Clear,DRY,Daylight,N/A,NONE DETECTED,Unknown,No Apparent Injury,N/A,UNKNOWN,MD,PASSENGER CAR,MOVING CONSTANT SPEED,35,No,2001,NISSAN,TK,39.010845,-77.04111667,2022,9,17
220040388,Injury Crash,09/16/2022 05:41:00 PM,CONNECTICUT AVE,NA,STRAIGHT MOVEMENT ANGLE,Clear,DRY,Daylight,TRAFFIC SIGNAL,NONE DETECTED,Yes,Possible Minor Injury,N/A,UNKNOWN,MD,PASSENGER CAR,MAKING LEFT TURN,35,No,2008,TOYOTA,CAMRY,39.058115,-77.04854667,2022,9,17
220040388,Injury Crash,09/16/2022 05:41:00 PM,CONNECTICUT AVE,NA,STRAIGHT MOVEMENT ANGLE,Clear,DRY,Daylight,TRAFFIC SIGNAL,NONE DETECTED,No,Possible Minor Injury,N/A,NOT DISTRACTED,MD,PASSENGER CAR,MOVING CONSTANT SPEED,35,No,2021,TELSA,Y,39.058115,-77.04854667,2022,9,17
220040336,Property Damage Crash,09/16/2022 05:33:00 PM,PINNACLE DR,NA,SAME DIRECTION SIDESWIPE,Clear,DRY,Daylight,NO CONTROLS,NONE DETECTED,No,No Apparent Injury,N/A,NOT DISTRACTED,MD,PASSENGER CAR,ACCELERATING,20,No,2014,TOYT,4S,39.18195667,-77.26514667,2022,9,17
220040336,Property Damage Crash,09/16/2022 05:33:00 PM,PINNACLE DR,NA,SAME DIRECTION SIDESWIPE,Clear,DRY,Daylight,NO CONTROLS,NONE DETECTED,Yes,No Apparent Injury,N/A,NOT DISTRACTED,MD,PASSENGER CAR,ACCELERATING,20,No,2018,KIA,FORTE,39.18195667,-77.26514667,2022,9,17
220040328,Injury Crash,09/16/2022 05:05:00 PM,W DIAMOND AVE,NA,STRAIGHT MOVEMENT ANGLE,Clear,DRY,Daylight,TRAFFIC SIGNAL,NONE DETECTED,Unknown,Possible Minor Injury,N/A,LOOKED BUT DID NOT SEE,MD,PASSENGER CAR,MOVING CONSTANT SPEED,30,No,2016,CHEVY,SILVERADO,39.14199572,-77.21807678,2022,9,17
220040328,Injury Crash,09/16/2022 05:05:00 PM,W DIAMOND AVE,NA,STRAIGHT MOVEMENT ANGLE,Clear,DRY,Daylight,TRAFFIC SIGNAL,NONE DETECTED,Unknown,Possible Minor Injury,N/A,LOOKED BUT DID NOT SEE,MD,PASSENGER CAR,MAKING LEFT TURN,30,No,2016,HYUNDAI,SONATA,39.14199572,-77.21807678,2022,9,17
220040328,Injury Crash,09/16/2022 05:05:00 PM,W DIAMOND AVE,NA,STRAIGHT MOVEMENT ANGLE,Clear,DRY,Daylight,TRAFFIC SIGNAL,NONE DETECTED,No,No Apparent Injury,N/A,NOT DISTRACTED,MD,PASSENGER CAR,STOPPED IN TRAFFIC LANE,30,No,2018,JEEP,TK,39.14199572,-77.21807678,2022,9,17
220040317,Injury Crash,09/16/2022 04:17:00 PM,OLD GEORGETOWN RD,NA,STRAIGHT MOVEMENT ANGLE,Clear,DRY,Daylight,TRAFFIC SIGNAL,NONE DETECTED,No,Possible Minor Injury,N/A,NOT DISTRACTED,MD,MOTORCYCLE,ACCELERATING,25,No,2003,BMW,R1150RT,39.04894667,-77.11689167,2022,9,16
220040317,Injury Crash,09/16/2022 04:17:00 PM,OLD GEORGETOWN RD,NA,STRAIGHT MOVEMENT ANGLE,Clear,DRY,Daylight,TRAFFIC SIGNAL,NONE DETECTED,Yes,No Apparent Injury,N/A,BY OTHER OCCUPANTS,MD,(SPORT) UTILITY VEHICLE,MOVING CONSTANT SPEED,35,No,2022,NISSAN,ARMADA,39.04894667,-77.11689167,2022,9,16
220040317,Injury Crash,09/16/2022 04:17:00 PM,OLD GEORGETOWN RD,NA,STRAIGHT MOVEMENT ANGLE,Clear,DRY,Daylight,TRAFFIC SIGNAL,NONE DETECTED,No,No Apparent Injury,N/A,NOT DISTRACTED,MD,PASSENGER CAR,ACCELERATING,25,No,2020,TOYOTA,CAMRY,39.04894667,-77.11689167,2022,9,16
220040320,Property Damage Crash,09/16/2022 04:16:00 PM,E GUDE DR,NA,SAME DIR REAR END,Clear,DRY,Daylight,TRAFFIC SIGNAL,NONE DETECTED,No,No Apparent Injury,N/A,UNKNOWN,MD,PASSENGER CAR,STOPPED IN TRAFFIC LANE,40,No,2003,HONDA,CRV,39.09762883,-77.13601617,2022,9,16
220040320,Property Damage Crash,09/16/2022 04:16:00 PM,E GUDE DR,NA,SAME DIR REAR END,Clear,DRY,Daylight,TRAFFIC SIGNAL,NONE DETECTED,No,No Apparent Injury,N/A,UNKNOWN,MD,VAN,SLOWING OR STOPPING,40,No,2018,DODGE,GRAND CARAVAN,39.09762883,-77.13601617,2022,9,16
220040320,Property Damage Crash,09/16/2022 04:16:00 PM,E GUDE DR,NA,SAME DIR REAR END,Clear,DRY,Daylight,TRAFFIC SIGNAL,NONE DETECTED,Yes,No Apparent Injury,N/A,UNKNOWN,DC,PASSENGER CAR,MOVING CONSTANT SPEED,40,No,2010,LEXUS,RX350,39.09762883,-77.13601617,2022,9,16
220040320,Property Damage Crash,09/16/2022 04:16:00 PM,E GUDE DR,NA,SAME DIR REAR END,Clear,DRY,Daylight,TRAFFIC SIGNAL,NONE DETECTED,No,No Apparent Injury,N/A,NOT DISTRACTED,MD,PASSENGER CAR,STOPPED IN TRAFFIC LANE,40,No,2013,HONDA,2S,39.09762883,-77.13601617,2022,9,16
220040303,Property Damage Crash,09/16/2022 03:27:00 PM,CAPITAL BELTWAY,NA,SAME DIR REAR END,Clear,DRY,Daylight,NO CONTROLS,NONE DETECTED,Yes,No Apparent Injury,N/A,UNKNOWN,NA,NA,UNKNOWN,55,No,0,UNKNOWN,UNKNOWN,39.01948167,-76.98699833,2022,9,15
220040303,Property Damage Crash,09/16/2022 03:27:00 PM,CAPITAL BELTWAY,NA,SAME DIR REAR END,Clear,DRY,Daylight,NO CONTROLS,NONE DETECTED,No,No Apparent Injury,N/A,NOT DISTRACTED,MD,"CARGO VAN/LIGHT TRUCK 2 AXLES (OVER 10,000LBS (4,536 KG))",MOVING CONSTANT SPEED,55,No,2015,FORD,MOVING TRUCK,39.01948167,-76.98699833,2022,9,15
220040303,Property Damage Crash,09/16/2022 03:27:00 PM,CAPITAL BELTWAY,NA,SAME DIR REAR END,Clear,DRY,Daylight,NO CONTROLS,NONE DETECTED,No,No Apparent Injury,N/A,NOT DISTRACTED,DC,VAN,MOVING CONSTANT SPEED,55,No,2006,CHEVROLET,EXPRESS,39.01948167,-76.98699833,2022,9,15
220040303,Property Damage Crash,09/16/2022 03:27:00 PM,CAPITAL BELTWAY,NA,SAME DIR REAR END,Clear,DRY,Daylight,NO CONTROLS,NONE DETECTED,No,No Apparent Injury,N/A,NOT DISTRACTED,MD,PASSENGER CAR,MOVING CONSTANT SPEED,55,No,2005,MERCEDES,SL500,39.01948167,-76.98699833,2022,9,15
220040299,Property Damage Crash,09/16/2022 03:15:00 PM,MUNCASTER MILL RD,NA,SAME DIR REAR END,Clear,DRY,Daylight,N/A,NONE DETECTED,No,No Apparent Injury,N/A,UNKNOWN,MD,PASSENGER CAR,MOVING CONSTANT SPEED,35,No,2013,KIA,SEDAN,39.17637333,-77.16935,2022,9,15
220040299,Property Damage Crash,09/16/2022 03:15:00 PM,MUNCASTER MILL RD,NA,SAME DIR REAR END,Clear,DRY,Daylight,N/A,NONE DETECTED,No,No Apparent Injury,N/A,NOT DISTRACTED,MD,POLICE VEHICLE/NON EMERGENCY,SLOWING OR STOPPING,35,No,2015,CHEVORLET,SUBURBAN,39.17637333,-77.16935,2022,9,15
220040306,Property Damage Crash,09/16/2022 03:00:00 PM,WOOTTON PKWY,NA,SINGLE VEHICLE,Clear,DRY,Daylight,TRAFFIC SIGNAL,NONE DETECTED,Yes,No Apparent Injury,N/A,NOT DISTRACTED,MD,PASSENGER CAR,SLOWING OR STOPPING,30,No,2013,HYUNDAI,4DR,39.112151419999996,-77.1438103,2022,9,15
220040294,Property Damage Crash,09/16/2022 02:15:00 PM,COLUMBIA PIKE,NA,SAME DIR REAR END,Clear,DRY,Daylight,TRAFFIC SIGNAL,NONE DETECTED,Yes,No Apparent Injury,N/A,OTHER CELLULAR PHONE RELATED,MD,PASSENGER CAR,MOVING CONSTANT SPEED,55,No,2005,CADILLAC,ESCALADE,39.10394,-76.93306,2022,9,14
220040294,Property Damage Crash,09/16/2022 02:15:00 PM,COLUMBIA PIKE,NA,SAME DIR REAR END,Clear,DRY,Daylight,TRAFFIC SIGNAL,NONE DETECTED,No,No Apparent Injury,N/A,NOT DISTRACTED,MD,PASSENGER CAR,SLOWING OR STOPPING,55,No,2018,CHEVROLET,SILVERADO,39.10394,-76.93306,2022,9,14
220040412,Property Damage Crash,09/16/2022 02:00:00 PM,SILVER MOON DR,NA,SAME DIRECTION SIDESWIPE,Clear,DRY,Daylight,NO CONTROLS,NONE DETECTED,Yes,No Apparent Injury,N/A,UNKNOWN,MD,VAN,UNKNOWN,25,No,2017,FORD,VAN PASSENGER,39.07835,-77.00412,2022,9,14
220040412,Property Damage Crash,09/16/2022 02:00:00 PM,SILVER MOON DR,NA,SAME DIRECTION SIDESWIPE,Clear,DRY,Daylight,NO CONTROLS,NONE DETECTED,Yes,No Apparent Injury,N/A,NOT DISTRACTED,MD,VAN,PARKED,25,No,2021,RAM,CG,39.07835,-77.00412,2022,9,14
220040324,Property Damage Crash,09/16/2022 02:00:00 PM,OLD HUNDRED RD,NA,SINGLE VEHICLE,Clear,DRY,Daylight,N/A,NONE DETECTED,Yes,No Apparent Injury,N/A,UNKNOWN,MD,PICKUP TRUCK,MOVING CONSTANT SPEED,40,No,2007,FORD,TU,39.24427,-77.352375,2022,9,14
220040289,Injury Crash,09/16/2022 01:39:00 PM,DUFIEF DR,NA,SINGLE VEHICLE,Clear,DRY,Daylight,N/A,NONE DETECTED,Yes,Possible Minor Injury,N/A,UNKNOWN,MD,PASSENGER CAR,MOVING CONSTANT SPEED,25,No,2017,TOYOTA,RAV 4,39.0997325,-77.22916433,2022,9,13
220040278,Injury Crash,09/16/2022 12:51:00 PM,VEIRS MILL RD,NA,HEAD ON LEFT TURN,Clear,DRY,Daylight,TRAFFIC SIGNAL,NONE DETECTED,Yes,Possible Minor Injury,N/A,LOOKED BUT DID NOT SEE,MD,PASSENGER CAR,MAKING LEFT TURN,45,No,2008,HONDA,ACCORD,39.069335,-77.10454167,2022,9,12
220040278,Injury Crash,09/16/2022 12:51:00 PM,VEIRS MILL RD,NA,HEAD ON LEFT TURN,Clear,DRY,Daylight,TRAFFIC SIGNAL,NONE DETECTED,No,Possible Minor Injury,N/A,NOT DISTRACTED,MD,PASSENGER CAR,MOVING CONSTANT SPEED,45,No,2014,TOYOTA,RAV4,39.069335,-77.10454167,2022,9,12
220040276,Injury Crash,09/16/2022 12:28:00 PM,MIDCOUNTY HWY,NA,SAME DIRECTION SIDESWIPE,Clear,DRY,Daylight,N/A,NONE DETECTED,Yes,Possible Minor Injury,N/A,UNKNOWN,MD,PASSENGER CAR,MOVING CONSTANT SPEED,45,No,2003,NISSAN,SEDAN,39.15769,-77.191605,2022,9,12
220040276,Injury Crash,09/16/2022 12:28:00 PM,MIDCOUNTY HWY,NA,SAME DIRECTION SIDESWIPE,Clear,DRY,Daylight,N/A,NONE DETECTED,No,No Apparent Injury,N/A,NOT DISTRACTED,MD,PASSENGER CAR,STARTING FROM LANE,45,No,2014,TOYOTA,SEDAN,39.15769,-77.191605,2022,9,12
220040259,Injury Crash,09/16/2022 10:43:00 AM,ROCKVILLE PIKE,NA,HEAD ON LEFT TURN,Clear,DRY,Daylight,TRAFFIC SIGNAL,NONE DETECTED,No,Possible Minor Injury,N/A,NOT DISTRACTED,MD,PASSENGER CAR,MOVING CONSTANT SPEED,35,No,2014,CHEVROLET,SONIC,39.00613483,-77.09744533,2022,9,10
220040259,Injury Crash,09/16/2022 10:43:00 AM,ROCKVILLE PIKE,NA,HEAD ON LEFT TURN,Clear,DRY,Daylight,TRAFFIC SIGNAL,NONE DETECTED,Yes,Possible Minor Injury,N/A,LOOKED BUT DID NOT SEE,MD,PASSENGER CAR,MAKING LEFT TURN,35,No,2022,AUDI,A4,39.00613483,-77.09744533,2022,9,10
220040254,Property Damage Crash,09/16/2022 10:11:00 AM,PINEY MEETINGHOUSE RD,NA,SAME DIR REAR END,Clear,DRY,Daylight,PERSON,ALCOHOL PRESENT,Yes,No Apparent Injury,"N/A, ROAD UNDER CONSTRUCTION/MAINTENANCE",TALKING OR LISTENING TO CELLULAR PHONE,MD,PASSENGER CAR,MOVING CONSTANT SPEED,35,No,2013,VOLKSWAGON,GOLF,39.03634479,-77.137883,2022,9,10
220040254,Property Damage Crash,09/16/2022 10:11:00 AM,PINEY MEETINGHOUSE RD,NA,SAME DIR REAR END,Clear,DRY,Daylight,PERSON,NONE DETECTED,No,No Apparent Injury,"N/A, ROAD UNDER CONSTRUCTION/MAINTENANCE",NOT DISTRACTED,NY,(SPORT) UTILITY VEHICLE,SLOWING OR STOPPING,35,No,2011,RANGE,ROVER,39.03634479,-77.137883,2022,9,10
220040248,Property Damage Crash,09/16/2022 09:25:00 AM,LYTTONSVILLE RD,NA,SAME DIRECTION SIDESWIPE,Cloudy,DRY,Daylight,NO CONTROLS,NONE DETECTED,Yes,No Apparent Injury,N/A,NOT DISTRACTED,MD,(SPORT) UTILITY VEHICLE,SLOWING OR STOPPING,25,No,2013,NISSAN,JUKE,38.9985455,-77.05290533,2022,9,9
220040248,Property Damage Crash,09/16/2022 09:25:00 AM,LYTTONSVILLE RD,NA,SAME DIRECTION SIDESWIPE,Cloudy,DRY,Daylight,NO CONTROLS,NONE DETECTED,No,No Apparent Injury,N/A,NOT DISTRACTED,MD,"CARGO VAN/LIGHT TRUCK 2 AXLES (OVER 10,000LBS (4,536 KG))",MOVING CONSTANT SPEED,25,No,2020,DODGE,SPRINTER,38.9985455,-77.05290533,2022,9,9
220040245,Property Damage Crash,09/16/2022 08:00:00 AM,GEORGIA AVE,NA,SAME DIR REAR END,Clear,DRY,Daylight,NO CONTROLS,NONE DETECTED,No,No Apparent Injury,N/A,NOT DISTRACTED,MD,PASSENGER CAR,SLOWING OR STOPPING,45,No,2017,HOND,4S,39.12512167,-77.07247167,2022,9,8
220040245,Property Damage Crash,09/16/2022 08:00:00 AM,GEORGIA AVE,NA,SAME DIR REAR END,Clear,DRY,Daylight,NO CONTROLS,NONE DETECTED,Yes,No Apparent Injury,N/A,UNKNOWN,MD,PASSENGER CAR,MOVING CONSTANT SPEED,45,No,2019,KIA,OPT,39.12512167,-77.07247167,2022,9,8
220040239,Injury Crash,09/16/2022 07:59:00 AM,VEIRS MILL RD,PEDESTRIAN,SINGLE VEHICLE,Clear,DRY,Daylight,NO CONTROLS,NONE DETECTED,Yes,No Apparent Injury,N/A,LOOKED BUT DID NOT SEE,MD,PASSENGER CAR,MOVING CONSTANT SPEED,35,No,2003,TOYOTA,CAMRY,39.049723,-77.07103,2022,9,7
220040233,Property Damage Crash,09/16/2022 02:22:00 AM,PROSE ST,NA,HEAD ON,Clear,DRY,Medium,NO CONTROLS,NONE DETECTED,No,No Apparent Injury,N/A,NOT DISTRACTED,MD,POLICE VEHICLE/NON EMERGENCY,STOPPED IN TRAFFIC LANE,25,No,2014,DODGE,CHARGER,39.051595,-77.11861333,2022,9,2
220040233,Property Damage Crash,09/16/2022 02:22:00 AM,PROSE ST,NA,HEAD ON,Clear,DRY,Medium,NO CONTROLS,ALCOHOL PRESENT,Yes,No Apparent Injury,N/A,UNKNOWN,MD,PASSENGER CAR,ACCELERATING,25,No,2018,VOLKSWAGEN,GTI,39.051595,-77.11861333,2022,9,2
220040222,Property Damage Crash,09/15/2022 10:21:00 PM,GEORGIA AVE,NA,SAME DIR REAR END,Clear,DRY,Medium,TRAFFIC SIGNAL,ALCOHOL PRESENT,Yes,No Apparent Injury,N/A,UNKNOWN,MD,VAN,MOVING CONSTANT SPEED,35,No,2017,NISSAN,VN,39.015722,-77.042814,2022,9,22
220040222,Property Damage Crash,09/15/2022 10:21:00 PM,GEORGIA AVE,NA,SAME DIR REAR END,Clear,DRY,Medium,TRAFFIC SIGNAL,NONE DETECTED,No,No Apparent Injury,N/A,NOT DISTRACTED,MD,PASSENGER CAR,STOPPED IN TRAFFIC LANE,35,No,2015,NISSAN,ALTIMA,39.015722,-77.042814,2022,9,22
220040214,Property Damage Crash,09/15/2022 08:43:00 PM,FIELDS RD,NA,SAME DIRECTION SIDESWIPE,Clear,DRY,Medium,OTHER,NONE DETECTED,Yes,No Apparent Injury,N/A,UNKNOWN,MD,(SPORT) UTILITY VEHICLE,MOVING CONSTANT SPEED,40,No,1999,JEEP,GRAND CHEROKEE,39.11384,-77.20131167,2022,9,20
220040212,Property Damage Crash,09/15/2022 08:21:00 PM,13TH ST,NA,SAME DIR REAR END,Clear,DRY,Medium,NO CONTROLS,NONE DETECTED,No,No Apparent Injury,N/A,NOT DISTRACTED,MD,(SPORT) UTILITY VEHICLE,PARKED,25,No,2009,CHEVROLET,EQUINOX,38.9874232,-77.02985614,2022,9,20
220040212,Property Damage Crash,09/15/2022 08:21:00 PM,13TH ST,NA,SAME DIR REAR END,Clear,DRY,Medium,NO CONTROLS,NONE DETECTED,Yes,No Apparent Injury,N/A,UNKNOWN,NA,(SPORT) UTILITY VEHICLE,BACKING,25,No,9999,CADILLAC,SRX4,38.9874232,-77.02985614,2022,9,20
220044966,Property Damage Crash,09/15/2022 08:00:00 PM,NA,NA,OTHER,Clear,NA,Dark,NO CONTROLS,NONE DETECTED,Yes,No Apparent Injury,N/A,UNKNOWN,MD,(SPORT) UTILITY VEHICLE,BACKING,0,No,2007,CHEVROLET,TRAILBLAZER,39.031226,-77.0848764,2022,9,20
220040206,Property Damage Crash,09/15/2022 06:03:00 PM,PARK VALLEY RD,NA,SAME DIR REAR END,Clear,DRY,Daylight,NO CONTROLS,NONE DETECTED,Yes,No Apparent Injury,N/A,UNKNOWN,NA,VAN,MOVING CONSTANT SPEED,25,No,2007,CHEVY,VAN,38.98973273,-77.00682362,2022,9,18
220040190,Injury Crash,09/15/2022 05:51:00 PM,GERMANTOWN RD,NA,STRAIGHT MOVEMENT ANGLE,Clear,DRY,Daylight,TRAFFIC SIGNAL,NONE DETECTED,No,Possible Minor Injury,N/A,NOT DISTRACTED,MD,POLICE VEHICLE/EMERGENCY,SLOWING OR STOPPING,35,No,2019,DODGE,CHARGER,39.18198667,-77.26047,2022,9,17
220040190,Injury Crash,09/15/2022 05:51:00 PM,GERMANTOWN RD,NA,STRAIGHT MOVEMENT ANGLE,Clear,DRY,Daylight,TRAFFIC SIGNAL,NONE DETECTED,Yes,Possible Minor Injury,N/A,LOOKED BUT DID NOT SEE,MD,PASSENGER CAR,ACCELERATING,40,No,2018,NISSAN,PATHFINDER,39.18198667,-77.26047,2022,9,17
220040189,Property Damage Crash,09/15/2022 05:30:00 PM,VEIRS MILL RD,NA,SAME DIR REAR END,Clear,DRY,Daylight,TRAFFIC SIGNAL,NONE DETECTED,Yes,No Apparent Injury,N/A,NOT DISTRACTED,MD,PASSENGER CAR,MOVING CONSTANT SPEED,40,No,2012,MAZD,SD,39.0775665,-77.1256385,2022,9,17
220040189,Property Damage Crash,09/15/2022 05:30:00 PM,VEIRS MILL RD,NA,SAME DIR REAR END,Clear,DRY,Daylight,TRAFFIC SIGNAL,NONE DETECTED,No,No Apparent Injury,N/A,NOT DISTRACTED,MD,PASSENGER CAR,SLOWING OR STOPPING,40,No,2017,TOYT,UT,39.0775665,-77.1256385,2022,9,17
220040186,Property Damage Crash,09/15/2022 05:15:00 PM,BONIFANT RD,NA,SAME DIRECTION LEFT TURN,Clear,DRY,Daylight,N/A,NONE DETECTED,No,No Apparent Injury,N/A,NOT DISTRACTED,PA,PASSENGER CAR,STARTING FROM LANE,35,No,2016,TOYOTA,CAMRY,39.09077833,-77.04415,2022,9,17
220040186,Property Damage Crash,09/15/2022 05:15:00 PM,BONIFANT RD,NA,SAME DIRECTION LEFT TURN,Clear,DRY,Daylight,N/A,NONE DETECTED,Yes,No Apparent Injury,N/A,UNKNOWN,MD,PASSENGER CAR,MAKING LEFT TURN,35,No,2019,HONDA,FIT,39.09077833,-77.04415,2022,9,17
220040174,Property Damage Crash,09/15/2022 04:37:00 PM,BUCKNELL DR,NA,SAME DIRECTION SIDESWIPE,Clear,DRY,Daylight,NO CONTROLS,NONE DETECTED,Yes,No Apparent Injury,N/A,UNKNOWN,MD,PASSENGER CAR,MOVING CONSTANT SPEED,25,No,2015,TOYOTA,RAV 4,39.04513467,-77.04600917,2022,9,16
220040172,Injury Crash,09/15/2022 04:37:00 PM,COLESVILLE RD,NA,HEAD ON,Clear,DRY,Daylight,NO CONTROLS,NONE DETECTED,No,Possible Minor Injury,N/A,NOT DISTRACTED,MD,PASSENGER CAR,SLOWING OR STOPPING,40,No,2019,HYUNDIA,SONATA,39.019966,-77.012851,2022,9,16
220040172,Injury Crash,09/15/2022 04:37:00 PM,COLESVILLE RD,NA,HEAD ON,Clear,DRY,Daylight,NO CONTROLS,NONE DETECTED,No,No Apparent Injury,N/A,NOT DISTRACTED,MD,PASSENGER CAR,STOPPED IN TRAFFIC LANE,40,No,2015,TOYOTA,COROLLA,39.019966,-77.012851,2022,9,16
220040174,Property Damage Crash,09/15/2022 04:37:00 PM,BUCKNELL DR,NA,SAME DIRECTION SIDESWIPE,Clear,DRY,Daylight,NO CONTROLS,NONE DETECTED,No,No Apparent Injury,N/A,NOT DISTRACTED,DC,"CARGO VAN/LIGHT TRUCK 2 AXLES (OVER 10,000LBS (4,536 KG))",ACCELERATING,25,No,2022,GRUMMAN ALLIED,LLV-A,39.04513467,-77.04600917,2022,9,16
220040172,Injury Crash,09/15/2022 04:37:00 PM,COLESVILLE RD,NA,HEAD ON,Clear,DRY,Daylight,NO CONTROLS,NONE DETECTED,Yes,No Apparent Injury,N/A,LOOKED BUT DID NOT SEE,MD,PASSENGER CAR,CHANGING LANES,40,No,2006,SUZKI,XL7,39.019966,-77.012851,2022,9,16
220040175,Injury Crash,09/15/2022 04:32:00 PM,SHADY GROVE RD,NA,SAME DIR REAR END,Clear,DRY,Daylight,TRAFFIC SIGNAL,NONE DETECTED,Yes,Possible Minor Injury,N/A,UNKNOWN,MD,VAN,SLOWING OR STOPPING,35,No,2020,TOYOTA,SIENNA,39.1208075,-77.179852,2022,9,16
220040175,Injury Crash,09/15/2022 04:32:00 PM,SHADY GROVE RD,NA,SAME DIR REAR END,Clear,DRY,Daylight,TRAFFIC SIGNAL,NONE DETECTED,No,Possible Minor Injury,N/A,NOT DISTRACTED,MD,(SPORT) UTILITY VEHICLE,STOPPED IN TRAFFIC LANE,35,No,2019,NISSAN,PATHFINDER,39.1208075,-77.179852,2022,9,16
220040221,Injury Crash,09/15/2022 03:39:00 PM,RIVER RD,NA,SAME DIR REAR END,Clear,DRY,Daylight,TRAFFIC SIGNAL,NONE DETECTED,Yes,No Apparent Injury,N/A,UNKNOWN,MD,VAN,STARTING FROM LANE,45,No,9999,RAM,PROMASTER1500,38.9731955,-77.1219305,2022,9,15
220040221,Injury Crash,09/15/2022 03:39:00 PM,RIVER RD,NA,SAME DIR REAR END,Clear,DRY,Daylight,TRAFFIC SIGNAL,NONE DETECTED,No,Possible Minor Injury,N/A,NOT DISTRACTED,MD,(SPORT) UTILITY VEHICLE,SLOWING OR STOPPING,45,No,2020,BMW,X3,38.9731955,-77.1219305,2022,9,15
220040164,Property Damage Crash,09/15/2022 02:45:00 PM,CONNECTICUT AVE,NA,SAME DIRECTION SIDESWIPE,Clear,DRY,Daylight,TRAFFIC SIGNAL,NONE DETECTED,No,No Apparent Injury,N/A,NOT DISTRACTED,MD,TRANSIT BUS,STOPPED IN TRAFFIC LANE,30,No,2011,GILLIG,LOW FLOOR,38.98120417,-77.077045,2022,9,14
220040164,Property Damage Crash,09/15/2022 02:45:00 PM,CONNECTICUT AVE,NA,SAME DIRECTION SIDESWIPE,Clear,DRY,Daylight,TRAFFIC SIGNAL,NONE DETECTED,Yes,No Apparent Injury,N/A,UNKNOWN,NA,UNKNOWN,UNKNOWN,30,No,0,UNKNOWN,UNKNOWN,38.98120417,-77.077045,2022,9,14
220040115,Injury Crash,09/15/2022 11:05:00 AM,NEW HAMPSHIRE AVE,NA,SAME DIR REAR END,Clear,DRY,Daylight,NO CONTROLS,NONE DETECTED,No,No Apparent Injury,N/A,NOT DISTRACTED,MD,PASSENGER CAR,STOPPED IN TRAFFIC LANE,35,No,2012,GMC,UT,39.05451833,-76.99501,2022,9,11
220040115,Injury Crash,09/15/2022 11:05:00 AM,NEW HAMPSHIRE AVE,NA,SAME DIR REAR END,Clear,DRY,Daylight,NO CONTROLS,NONE DETECTED,No,No Apparent Injury,N/A,NOT DISTRACTED,MD,PASSENGER CAR,STOPPED IN TRAFFIC LANE,35,No,2005,INFI,4S,39.05451833,-76.99501,2022,9,11
220040115,Injury Crash,09/15/2022 11:05:00 AM,NEW HAMPSHIRE AVE,NA,SAME DIR REAR END,Clear,DRY,Daylight,NO CONTROLS,NONE DETECTED,Yes,Possible Minor Injury,N/A,OTHER DISTRACTION,MD,PASSENGER CAR,MOVING CONSTANT SPEED,35,No,2016,FORD,ESCAPE,39.05451833,-76.99501,2022,9,11
220040098,Injury Crash,09/15/2022 09:10:00 AM,RIVER RD,NA,SAME DIR REAR END,Clear,DRY,Daylight,TRAFFIC SIGNAL,NONE DETECTED,Yes,Possible Minor Injury,N/A,UNKNOWN,MD,PASSENGER CAR,SLOWING OR STOPPING,35,No,2008,ACUR,TL,38.96963,-77.11175333,2022,9,9
220040098,Injury Crash,09/15/2022 09:10:00 AM,RIVER RD,NA,SAME DIR REAR END,Clear,DRY,Daylight,TRAFFIC SIGNAL,NONE DETECTED,No,No Apparent Injury,N/A,NOT DISTRACTED,DC,PASSENGER CAR,STOPPED IN TRAFFIC LANE,35,No,2017,TOYT,PRIUS V,38.96963,-77.11175333,2022,9,9
220040097,Property Damage Crash,09/15/2022 09:01:00 AM,UNIVERSITY BLVD E,NA,OTHER,Clear,DRY,Daylight,NO CONTROLS,NONE DETECTED,No,No Apparent Injury,N/A,NOT DISTRACTED,MD,TRUCK TRACTOR,ACCELERATING,35,No,2023,INTERNATIONAL,LT625,39.0007064,-76.9956073,2022,9,9
220040097,Property Damage Crash,09/15/2022 09:01:00 AM,UNIVERSITY BLVD E,NA,OTHER,Clear,DRY,Daylight,NO CONTROLS,NONE DETECTED,Yes,No Apparent Injury,N/A,LOOKED BUT DID NOT SEE,MD,(SPORT) UTILITY VEHICLE,CHANGING LANES,35,No,2017,NISSAN,JUKE,39.0007064,-76.9956073,2022,9,9
220040086,Property Damage Crash,09/15/2022 08:00:00 AM,GEORGIA AVE,NA,SAME DIRECTION SIDESWIPE,Clear,DRY,Daylight,N/A,NONE DETECTED,Unknown,No Apparent Injury,N/A,UNKNOWN,MD,TRANSIT BUS,MOVING CONSTANT SPEED,35,No,2011,GILLIG,LOW FLOOR BUS,38.99489917,-77.02991667,2022,9,8
220040086,Property Damage Crash,09/15/2022 08:00:00 AM,GEORGIA AVE,NA,SAME DIRECTION SIDESWIPE,Clear,DRY,Daylight,N/A,NONE DETECTED,Unknown,No Apparent Injury,N/A,NOT DISTRACTED,MD,VAN,MAKING RIGHT TURN,35,No,2014,MERZ,PV,38.99489917,-77.02991667,2022,9,8
220040069,Property Damage Crash,09/15/2022 12:18:00 AM,UNIVERSITY BLVD E,NA,ANGLE MEETS RIGHT TURN,Clear,DRY,Medium,TRAFFIC SIGNAL,NONE DETECTED,No,No Apparent Injury,N/A,NOT DISTRACTED,MD,PASSENGER CAR,STOPPED IN TRAFFIC LANE,25,No,2021,HONDA,4D,39.01588888,-77.00533219,2022,9,0
220040069,Property Damage Crash,09/15/2022 12:18:00 AM,UNIVERSITY BLVD E,NA,ANGLE MEETS RIGHT TURN,Clear,DRY,Medium,TRAFFIC SIGNAL,NONE DETECTED,Yes,No Apparent Injury,N/A,NOT DISTRACTED,MD,PASSENGER CAR,MAKING RIGHT TURN,35,No,2013,NISSAN,4D,39.01588888,-77.00533219,2022,9,0
220040069,Property Damage Crash,09/15/2022 12:18:00 AM,UNIVERSITY BLVD E,NA,ANGLE MEETS RIGHT TURN,Clear,DRY,Medium,TRAFFIC SIGNAL,NONE DETECTED,No,No Apparent Injury,N/A,NOT DISTRACTED,MD,VAN,STOPPED IN TRAFFIC LANE,25,No,2005,GMC,SAFARI,39.01588888,-77.00533219,2022,9,0
220040059,Property Damage Crash,09/14/2022 09:49:00 PM,FREDERICK RD,NA,SINGLE VEHICLE,Clear,DRY,Medium,NO CONTROLS,NONE DETECTED,Yes,No Apparent Injury,N/A,NOT DISTRACTED,MD,PASSENGER CAR,ACCELERATING,40,No,2004,TOYOTA,COROLLA,39.1602991,-77.2199376,2022,9,21