Local Case Number,ACRS Report Type,Crash Date/Time,Road Name,Related Non-Motorist,Collision Type,Weather,Surface Condition,Light,Traffic Control,Driver Substance Abuse,Driver At Fault,Injury Severity,Circumstance,Driver Distracted By,Drivers License State,Vehicle Body Type,Vehicle Movement,Speed Limit,Driverless Vehicle,Vehicle Year,Vehicle Make,Vehicle Model,Latitude,Longitude,Year,Month,Hour
220040054,Injury Crash,09/14/2022 09:00:00 PM,NEW HAMPSHIRE AVE,NA,STRAIGHT MOVEMENT ANGLE,Clear,DRY,Dark,TRAFFIC SIGNAL,NONE DETECTED,No,No Apparent Injury,N/A,NOT DISTRACTED,MD,PASSENGER CAR,MAKING LEFT TURN,35,No,2012,SUBA,SD,39.09602833,-77.002225,2022,9,21
220040054,Injury Crash,09/14/2022 09:00:00 PM,NEW HAMPSHIRE AVE,NA,STRAIGHT MOVEMENT ANGLE,Clear,DRY,Dark,TRAFFIC SIGNAL,NONE DETECTED,Yes,No Apparent Injury,N/A,LOOKED BUT DID NOT SEE,MD,(SPORT) UTILITY VEHICLE,MOVING CONSTANT SPEED,45,No,2021,MAZD,MAZDA3,39.09602833,-77.002225,2022,9,21
220040054,Injury Crash,09/14/2022 09:00:00 PM,NEW HAMPSHIRE AVE,NA,STRAIGHT MOVEMENT ANGLE,Clear,DRY,Dark,TRAFFIC SIGNAL,NONE DETECTED,No,Possible Minor Injury,N/A,NOT DISTRACTED,MD,(SPORT) UTILITY VEHICLE,MAKING LEFT TURN,35,No,2022,TOYOTA,HIGHLANDER,39.09602833,-77.002225,2022,9,21
220040038,Property Damage Crash,09/14/2022 06:00:00 PM,NA,NA,OTHER,Clear,NA,Daylight,N/A,NONE DETECTED,Yes,No Apparent Injury,N/A,UNKNOWN,MD,VAN,MOVING CONSTANT SPEED,15,No,2010,HONDA,ODYSSEY,39.108055,-77.18846467,2022,9,18
220040027,Property Damage Crash,09/14/2022 05:43:00 PM,FREDERICK RD,NA,SAME DIR REAR END,Clear,DRY,Daylight,NO CONTROLS,NONE DETECTED,Yes,No Apparent Injury,N/A,OTHER DISTRACTION,MD,PASSENGER CAR,MOVING CONSTANT SPEED,40,No,2022,KIA,SELTOS,39.18255923,-77.25910367,2022,9,17
220040027,Property Damage Crash,09/14/2022 05:43:00 PM,FREDERICK RD,NA,SAME DIR REAR END,Clear,DRY,Daylight,NO CONTROLS,NONE DETECTED,No,No Apparent Injury,N/A,NOT DISTRACTED,MD,PASSENGER CAR,SLOWING OR STOPPING,40,No,2015,ACURA,MDX,39.18255923,-77.25910367,2022,9,17
220040027,Property Damage Crash,09/14/2022 05:43:00 PM,FREDERICK RD,NA,SAME DIR REAR END,Clear,DRY,Daylight,NO CONTROLS,NONE DETECTED,No,No Apparent Injury,N/A,NOT DISTRACTED,MD,PASSENGER CAR,SLOWING OR STOPPING,40,No,2015,LEXUS,RX350,39.18255923,-77.25910367,2022,9,17
220040024,Property Damage Crash,09/14/2022 05:35:00 PM,NORBECK RD,NA,SAME DIR REAR END,Clear,DRY,Daylight,NO CONTROLS,NONE DETECTED,No,No Apparent Injury,N/A,NOT DISTRACTED,MD,PASSENGER CAR,STOPPED IN TRAFFIC LANE,45,No,2001,TOYOTA,CAMRY,39.0913805,-77.12605833,2022,9,17
220040024,Property Damage Crash,09/14/2022 05:35:00 PM,NORBECK RD,NA,SAME DIR REAR END,Clear,DRY,Daylight,NO CONTROLS,NONE DETECTED,Yes,No Apparent Injury,N/A,NOT DISTRACTED,MD,PASSENGER CAR,MOVING CONSTANT SPEED,45,No,2018,HONDA,TK,39.0913805,-77.12605833,2022,9,17
220040019,Property Damage Crash,09/14/2022 04:57:00 PM,NORBECK RD,NA,SAME DIR REAR END,Clear,DRY,Daylight,NO CONTROLS,NONE DETECTED,No,No Apparent Injury,N/A,NOT DISTRACTED,MD,PASSENGER CAR,SLOWING OR STOPPING,45,No,2019,FORD,ESCAPE,39.09312,-77.12195667,2022,9,16
220040019,Property Damage Crash,09/14/2022 04:57:00 PM,NORBECK RD,NA,SAME DIR REAR END,Clear,DRY,Daylight,NO CONTROLS,NONE DETECTED,Yes,No Apparent Injury,N/A,NOT DISTRACTED,MD,PASSENGER CAR,MOVING CONSTANT SPEED,45,No,2019,RAM,VN,39.09312,-77.12195667,2022,9,16
220040019,Property Damage Crash,09/14/2022 04:57:00 PM,NORBECK RD,NA,SAME DIR REAR END,Clear,DRY,Daylight,NO CONTROLS,NONE DETECTED,No,No Apparent Injury,N/A,NOT DISTRACTED,MD,PASSENGER CAR,SLOWING OR STOPPING,45,No,2010,HOND,CIVIC,39.09312,-77.12195667,2022,9,16
220040020,Property Damage Crash,09/14/2022 04:45:00 PM,SLIGO AVE,NA,OTHER,Clear,DRY,Daylight,NO CONTROLS,NONE DETECTED,No,No Apparent Injury,N/A,NOT DISTRACTED,MD,TRANSIT BUS,STOPPED IN TRAFFIC LANE,20,No,2016,GILL,BU,38.991373,-77.012249,2022,9,16
220040020,Property Damage Crash,09/14/2022 04:45:00 PM,SLIGO AVE,NA,OTHER,Clear,DRY,Daylight,NO CONTROLS,NONE DETECTED,Yes,No Apparent Injury,N/A,UNKNOWN,NA,PASSENGER CAR,BACKING,20,No,2006,HYUNDAI,TUCSON,38.991373,-77.012249,2022,9,16
220040014,Property Damage Crash,09/14/2022 04:24:00 PM,NA,NA,OTHER,Clear,NA,Daylight,NO CONTROLS,NONE DETECTED,Yes,No Apparent Injury,N/A,UNKNOWN,NA,OTHER,PARKED,15,No,1999,INTERNATIONAL,TK,39.0843123,-76.9452136,2022,9,16
220040006,Injury Crash,09/14/2022 04:15:00 PM,GOLDSBORO RD,BICYCLIST,OPPOSITE DIR BOTH LEFT TURN,Clear,DRY,Daylight,STOP SIGN,NONE DETECTED,Yes,No Apparent Injury,N/A,LOOKED BUT DID NOT SEE,DC,PASSENGER CAR,MAKING LEFT TURN,30,No,2022,TOYOTA,TACOMA,38.97408943,-77.1199701,2022,9,16
220039996,Property Damage Crash,09/14/2022 03:50:00 PM,RICHTER FARM RD,NA,STRAIGHT MOVEMENT ANGLE,Clear,DRY,Daylight,N/A,NONE DETECTED,Yes,No Apparent Injury,N/A,LOOKED BUT DID NOT SEE,MD,(SPORT) UTILITY VEHICLE,STARTING FROM LANE,25,No,2014,JEEP,GRAND CHEROKEE,39.16403833,-77.29659,2022,9,15
220039996,Property Damage Crash,09/14/2022 03:50:00 PM,RICHTER FARM RD,NA,STRAIGHT MOVEMENT ANGLE,Clear,DRY,Daylight,N/A,NONE DETECTED,No,No Apparent Injury,N/A,NOT DISTRACTED,MD,PASSENGER CAR,STARTING FROM LANE,25,No,2016,HOND,4S,39.16403833,-77.29659,2022,9,15
220040017,Property Damage Crash,09/14/2022 03:49:00 PM,CONNECTICUT AVE,NA,SAME DIR REAR END,Clear,DRY,Daylight,NO CONTROLS,NONE DETECTED,No,No Apparent Injury,N/A,NOT DISTRACTED,US,PASSENGER CAR,SLOWING OR STOPPING,35,No,2012,TOYOTA,HIGHLANDER,39.08681,-77.07422833,2022,9,15
220040017,Property Damage Crash,09/14/2022 03:49:00 PM,CONNECTICUT AVE,NA,SAME DIR REAR END,Clear,DRY,Daylight,NO CONTROLS,NONE DETECTED,Yes,No Apparent Injury,N/A,UNKNOWN,MD,PASSENGER CAR,MOVING CONSTANT SPEED,35,No,2012,HYUNDAI,ACCENT,39.08681,-77.07422833,2022,9,15
220039998,Property Damage Crash,09/14/2022 03:41:00 PM,NEW HAMPSHIRE AVE,NA,SAME DIRECTION SIDESWIPE,Clear,DRY,Daylight,NO CONTROLS,NONE DETECTED,No,No Apparent Injury,N/A,NOT DISTRACTED,MD,PASSENGER CAR,MOVING CONSTANT SPEED,45,No,2015,HOND,4S,39.10989617,-76.9963665,2022,9,15
220039998,Property Damage Crash,09/14/2022 03:41:00 PM,NEW HAMPSHIRE AVE,NA,SAME DIRECTION SIDESWIPE,Clear,DRY,Daylight,NO CONTROLS,NONE DETECTED,Yes,No Apparent Injury,N/A,LOOKED BUT DID NOT SEE,NJ,(SPORT) UTILITY VEHICLE,MAKING RIGHT TURN,45,No,2022,TOYT,WAGON,39.10989617,-76.9963665,2022,9,15
220039987,Injury Crash,09/14/2022 02:55:00 PM,UNIVERSITY BLVD W,NA,OTHER,Clear,DRY,Daylight,NO CONTROLS,NONE DETECTED,No,Possible Minor Injury,N/A,NOT DISTRACTED,MD,PASSENGER CAR,MOVING CONSTANT SPEED,35,No,2016,FORD,FUSION,39.03511,-77.06957667,2022,9,14
220039987,Injury Crash,09/14/2022 02:55:00 PM,UNIVERSITY BLVD W,NA,OTHER,Clear,DRY,Daylight,NO CONTROLS,NONE DETECTED,Yes,No Apparent Injury,N/A,UNKNOWN,NA,NA,CHANGING LANES,35,No,0,UNKNOWN,UNKNOWN,39.03511,-77.06957667,2022,9,14
220039984,Property Damage Crash,09/14/2022 02:24:00 PM,CONNECTICUT AVE,NA,SAME DIR REAR END,Clear,DRY,Daylight,NO CONTROLS,NONE DETECTED,Yes,No Apparent Injury,N/A,INATTENTIVE OR LOST IN THOUGHT,DC,PASSENGER CAR,MOVING CONSTANT SPEED,30,No,2014,CHRYSLER,200,38.98223167,-77.07721667,2022,9,14
220039984,Property Damage Crash,09/14/2022 02:24:00 PM,CONNECTICUT AVE,NA,SAME DIR REAR END,Clear,DRY,Daylight,NO CONTROLS,NONE DETECTED,No,No Apparent Injury,N/A,NOT DISTRACTED,MD,PASSENGER CAR,STOPPED IN TRAFFIC LANE,35,No,2018,JEEP,UT,38.98223167,-77.07721667,2022,9,14
220039984,Property Damage Crash,09/14/2022 02:24:00 PM,CONNECTICUT AVE,NA,SAME DIR REAR END,Clear,DRY,Daylight,NO CONTROLS,NONE DETECTED,No,No Apparent Injury,N/A,NOT DISTRACTED,MD,PASSENGER CAR,MOVING CONSTANT SPEED,35,No,2021,TOYOTA,COROLLA,38.98223167,-77.07721667,2022,9,14
220040009,Property Damage Crash,09/14/2022 02:00:00 PM,CRABBS BRANCH WAY,NA,SAME DIRECTION SIDESWIPE,Clear,DRY,Daylight,NO CONTROLS,NONE DETECTED,Unknown,No Apparent Injury,N/A,LOOKED BUT DID NOT SEE,MD,PASSENGER CAR,MOVING CONSTANT SPEED,25,No,2017,TOYOTA,PRIUS,39.13027,-77.16829833,2022,9,14
220040009,Property Damage Crash,09/14/2022 02:00:00 PM,CRABBS BRANCH WAY,NA,SAME DIRECTION SIDESWIPE,Clear,DRY,Daylight,NO CONTROLS,NONE DETECTED,Unknown,No Apparent Injury,N/A,LOOKED BUT DID NOT SEE,MD,TRANSIT BUS,MOVING CONSTANT SPEED,25,No,2016,GILL,BUS,39.13027,-77.16829833,2022,9,14
220039955,Property Damage Crash,09/14/2022 02:00:00 PM,NA,NA,OTHER,Clear,NA,Daylight,N/A,NONE DETECTED,No,No Apparent Injury,N/A,NOT DISTRACTED,MD,PASSENGER CAR,PARKED,0,No,2020,ACURA,TLX,39.19100461,-77.26121603,2022,9,14
220039955,Property Damage Crash,09/14/2022 02:00:00 PM,NA,NA,OTHER,Clear,NA,Daylight,N/A,NONE DETECTED,Yes,No Apparent Injury,N/A,UNKNOWN,NA,PASSENGER CAR,BACKING,0,No,2013,CADILLAC,SEDAN,39.19100461,-77.26121603,2022,9,14
220039967,Property Damage Crash,09/14/2022 01:30:00 PM,ROCKVILLE PIKE,NA,SAME DIRECTION SIDESWIPE,Clear,DRY,Daylight,TRAFFIC SIGNAL,NONE DETECTED,Yes,No Apparent Injury,N/A,OTHER DISTRACTION,MD,POLICE VEHICLE/EMERGENCY,MOVING CONSTANT SPEED,45,No,2017,CHEVY,SUBURBAN,39.03558833,-77.10735833,2022,9,13
220039967,Property Damage Crash,09/14/2022 01:30:00 PM,ROCKVILLE PIKE,NA,SAME DIRECTION SIDESWIPE,Clear,DRY,Daylight,TRAFFIC SIGNAL,NONE DETECTED,No,No Apparent Injury,N/A,NOT DISTRACTED,MD,PASSENGER CAR,MOVING CONSTANT SPEED,45,No,2019,HYUNDAI,ELANTRA,39.03558833,-77.10735833,2022,9,13
220039962,Property Damage Crash,09/14/2022 01:00:00 PM,NA,NA,SAME DIRECTION SIDESWIPE,Clear,NA,Daylight,NO CONTROLS,NONE DETECTED,Yes,No Apparent Injury,N/A,NOT DISTRACTED,MD,"OTHER LIGHT TRUCKS (10,000LBS (4,536KG) OR LESS)",ACCELERATING,10,No,2007,CHEV,MINI BUS,39.18139,-77.15229,2022,9,13
220039962,Property Damage Crash,09/14/2022 01:00:00 PM,NA,NA,SAME DIRECTION SIDESWIPE,Clear,NA,Daylight,NO CONTROLS,NONE DETECTED,No,No Apparent Injury,N/A,NOT DISTRACTED,MD,SCHOOL BUS,PARKED,10,No,2017,THOMAS,PUSHER,39.18139,-77.15229,2022,9,13
22001614,Property Damage Crash,09/14/2022 12:25:00 PM,SLIGO CREEK PKWY,NA,SINGLE VEHICLE,Clear,DRY,Daylight,NO CONTROLS,NONE DETECTED,No,No Apparent Injury,"DEBRIS OR OBSTRUCTION, N/A",NOT DISTRACTED,MD,PASSENGER CAR,MOVING CONSTANT SPEED,25,No,2014,FORD,TK,39.0180725,-77.032246,2022,9,12
220039940,Injury Crash,09/14/2022 11:49:00 AM,MIDDLEBROOK RD,NA,HEAD ON LEFT TURN,Clear,DRY,Daylight,TRAFFIC SIGNAL,NONE DETECTED,No,Possible Minor Injury,N/A,NOT DISTRACTED,MD,PASSENGER CAR,MOVING CONSTANT SPEED,35,No,2013,HONDA,CIVIC,39.18005667,-77.26865667,2022,9,11
220039940,Injury Crash,09/14/2022 11:49:00 AM,MIDDLEBROOK RD,NA,HEAD ON LEFT TURN,Clear,DRY,Daylight,TRAFFIC SIGNAL,NONE DETECTED,Yes,No Apparent Injury,N/A,NOT DISTRACTED,MD,(SPORT) UTILITY VEHICLE,MAKING LEFT TURN,35,No,2017,ACURA,RDX,39.18005667,-77.26865667,2022,9,11
220039945,Property Damage Crash,09/14/2022 11:47:00 AM,WOODGLEN DR,NA,OTHER,Clear,DRY,Daylight,NO CONTROLS,NONE DETECTED,Yes,No Apparent Injury,N/A,UNKNOWN,MD,PASSENGER CAR,MOVING CONSTANT SPEED,25,No,2007,TOYOTA,CAMRY,39.04215283,-77.11321017,2022,9,11
220040147,Property Damage Crash,09/14/2022 10:40:00 AM,FREDERICK RD,NA,SINGLE VEHICLE,Clear,DRY,Daylight,NO CONTROLS,NONE DETECTED,Yes,No Apparent Injury,N/A,NOT DISTRACTED,MD,PASSENGER CAR,MOVING CONSTANT SPEED,40,No,2003,SATURN,L-SERIES,39.17546,-77.238029,2022,9,10
220039927,Property Damage Crash,09/14/2022 10:31:00 AM,LONGDRAFT RD,NA,OPPOSITE DIRECTION SIDESWIPE,Clear,DRY,Daylight,TRAFFIC SIGNAL,NONE DETECTED,Yes,No Apparent Injury,N/A,LOOKED BUT DID NOT SEE,MD,PASSENGER CAR,MAKING RIGHT TURN,30,No,2017,AUDI,SD,39.13196937,-77.24528877,2022,9,10
220039927,Property Damage Crash,09/14/2022 10:31:00 AM,LONGDRAFT RD,NA,OPPOSITE DIRECTION SIDESWIPE,Clear,DRY,Daylight,TRAFFIC SIGNAL,NONE DETECTED,No,No Apparent Injury,N/A,NOT DISTRACTED,MD,PASSENGER CAR,STOPPED IN TRAFFIC LANE,30,No,2017,FORD,TK,39.13196937,-77.24528877,2022,9,10
220039923,Property Damage Crash,09/14/2022 10:07:00 AM,DIAMONDBACK DR,NA,OPPOSITE DIRECTION SIDESWIPE,Clear,DRY,Daylight,NO CONTROLS,NONE DETECTED,Yes,No Apparent Injury,N/A,UNKNOWN,NA,PASSENGER CAR,MOVING CONSTANT SPEED,25,No,2004,MERZ,4S,39.11288648,-77.20924868,2022,9,10
220039912,Property Damage Crash,09/14/2022 09:34:00 AM,ROCKVILLE PIKE,NA,STRAIGHT MOVEMENT ANGLE,Clear,N/A,Daylight,NO CONTROLS,NONE DETECTED,No,No Apparent Injury,N/A,NOT DISTRACTED,MD,PASSENGER CAR,MOVING CONSTANT SPEED,35,No,2012,TOYT,4S,39.07888,-77.14197,2022,9,9
220039912,Property Damage Crash,09/14/2022 09:34:00 AM,ROCKVILLE PIKE,NA,STRAIGHT MOVEMENT ANGLE,Clear,N/A,Daylight,NO CONTROLS,NONE DETECTED,Yes,No Apparent Injury,N/A,NOT DISTRACTED,MD,PASSENGER CAR,MOVING CONSTANT SPEED,35,No,2018,HYUN,4S,39.07888,-77.14197,2022,9,9
220039909,Property Damage Crash,09/14/2022 09:00:00 AM,FREDERICK RD,NA,SAME DIRECTION RIGHT TURN,Clear,DRY,Daylight,NO CONTROLS,NONE DETECTED,Yes,No Apparent Injury,N/A,LOOKED BUT DID NOT SEE,MD,PASSENGER CAR,MAKING RIGHT TURN,45,No,2017,TOYOTA,COROLLA,39.186655,-77.240246,2022,9,9
220039909,Property Damage Crash,09/14/2022 09:00:00 AM,FREDERICK RD,NA,SAME DIRECTION RIGHT TURN,Clear,DRY,Daylight,NO CONTROLS,NONE DETECTED,No,No Apparent Injury,N/A,NOT DISTRACTED,MD,PASSENGER CAR,MOVING CONSTANT SPEED,45,No,2004,HONDA,ACCORD,39.186655,-77.240246,2022,9,9
220039903,Property Damage Crash,09/14/2022 08:10:00 AM,WOODFIELD RD,NA,SAME DIRECTION SIDESWIPE,Clear,DRY,Daylight,TRAFFIC SIGNAL,NONE DETECTED,Yes,No Apparent Injury,N/A,NOT DISTRACTED,MD,PASSENGER CAR,SLOWING OR STOPPING,45,No,2008,CHEV,TK,39.17010167,-77.15389667,2022,9,8
220039903,Property Damage Crash,09/14/2022 08:10:00 AM,WOODFIELD RD,NA,SAME DIRECTION SIDESWIPE,Clear,DRY,Daylight,TRAFFIC SIGNAL,NONE DETECTED,No,No Apparent Injury,N/A,NOT DISTRACTED,MD,PASSENGER CAR,SLOWING OR STOPPING,45,No,2009,TOYT,SD,39.17010167,-77.15389667,2022,9,8
220039903,Property Damage Crash,09/14/2022 08:10:00 AM,WOODFIELD RD,NA,SAME DIRECTION SIDESWIPE,Clear,DRY,Daylight,TRAFFIC SIGNAL,NONE DETECTED,No,No Apparent Injury,N/A,NOT DISTRACTED,MD,PASSENGER CAR,STOPPED IN TRAFFIC LANE,45,No,2021,HOND,HB,39.17010167,-77.15389667,2022,9,8
220039903,Property Damage Crash,09/14/2022 08:10:00 AM,WOODFIELD RD,NA,SAME DIRECTION SIDESWIPE,Clear,DRY,Daylight,TRAFFIC SIGNAL,NONE DETECTED,No,No Apparent Injury,N/A,NOT DISTRACTED,MD,OTHER,SLOWING OR STOPPING,45,No,2018,NVAE,UT,39.17010167,-77.15389667,2022,9,8
220039902,Property Damage Crash,09/14/2022 07:42:00 AM,NORBECK RD,NA,STRAIGHT MOVEMENT ANGLE,Clear,DRY,Daylight,NO CONTROLS,NONE DETECTED,Yes,No Apparent Injury,N/A,UNKNOWN,XX,PICKUP TRUCK,CHANGING LANES,40,No,2003,DODGE,RAM,39.115645,-77.16550333,2022,9,7
220039896,Property Damage Crash,09/14/2022 07:27:00 AM,GEORGIA AVE,NA,STRAIGHT MOVEMENT ANGLE,Clear,DRY,Daylight,N/A,NONE DETECTED,Yes,No Apparent Injury,N/A,LOOKED BUT DID NOT SEE,MD,(SPORT) UTILITY VEHICLE,MAKING RIGHT TURN,35,No,2019,NISSAN,ROGUE,39.08243667,-77.07680333,2022,9,7
220039896,Property Damage Crash,09/14/2022 07:27:00 AM,GEORGIA AVE,NA,STRAIGHT MOVEMENT ANGLE,Clear,DRY,Daylight,N/A,NONE DETECTED,No,No Apparent Injury,N/A,NOT DISTRACTED,MD,PASSENGER CAR,MOVING CONSTANT SPEED,35,No,2013,BMW,328I,39.08243667,-77.07680333,2022,9,7
220039860,Property Damage Crash,09/13/2022 08:11:00 PM,NEW HAMPSHIRE AVE,NA,HEAD ON LEFT TURN,Clear,DRY,Medium,TRAFFIC SIGNAL,NONE DETECTED,Yes,No Apparent Injury,N/A,NOT DISTRACTED,MD,(SPORT) UTILITY VEHICLE,MAKING LEFT TURN,45,No,2007,JEEP,UT,39.10633683,-77.00180067,2022,9,20
220039860,Property Damage Crash,09/13/2022 08:11:00 PM,NEW HAMPSHIRE AVE,NA,HEAD ON LEFT TURN,Clear,DRY,Medium,TRAFFIC SIGNAL,NONE DETECTED,No,No Apparent Injury,N/A,NOT DISTRACTED,MD,PASSENGER CAR,MOVING CONSTANT SPEED,45,No,2010,NISS,SD,39.10633683,-77.00180067,2022,9,20
220039860,Property Damage Crash,09/13/2022 08:11:00 PM,NEW HAMPSHIRE AVE,NA,HEAD ON LEFT TURN,Clear,DRY,Medium,TRAFFIC SIGNAL,NONE DETECTED,No,No Apparent Injury,N/A,NOT DISTRACTED,MD,PASSENGER CAR,STOPPED IN TRAFFIC LANE,40,No,2015,NISSAN,ALTIMA,39.10633683,-77.00180067,2022,9,20
220039853,Property Damage Crash,09/13/2022 07:14:00 PM,W GUDE DR,NA,ANGLE MEETS LEFT TURN,Clear,DRY,Daylight,TRAFFIC SIGNAL,NONE DETECTED,Yes,No Apparent Injury,N/A,LOOKED BUT DID NOT SEE,MD,PASSENGER CAR,MAKING LEFT TURN,40,No,2013,HYUNDAI,SONATA,39.1054119,-77.1710965,2022,9,19
220039853,Property Damage Crash,09/13/2022 07:14:00 PM,W GUDE DR,NA,ANGLE MEETS LEFT TURN,Clear,DRY,Daylight,TRAFFIC SIGNAL,NONE DETECTED,No,No Apparent Injury,N/A,NOT DISTRACTED,MD,PASSENGER CAR,MOVING CONSTANT SPEED,40,No,2021,TOYOTA,CAMRY,39.1054119,-77.1710965,2022,9,19
220039839,Injury Crash,09/13/2022 05:49:00 PM,ROCKVILLE PIKE,NA,SINGLE VEHICLE,Clear,DRY,Daylight,N/A,NONE DETECTED,Yes,Possible Minor Injury,N/A,UNKNOWN,MD,PASSENGER CAR,MOVING CONSTANT SPEED,30,No,2008,VOLKSWAGON,JETTA,39.0891809,-77.1516253,2022,9,17
220039835,Property Damage Crash,09/13/2022 05:47:00 PM,FREDERICK RD,NA,STRAIGHT MOVEMENT ANGLE,Clear,DRY,Daylight,TRAFFIC SIGNAL,NONE DETECTED,No,No Apparent Injury,N/A,NOT DISTRACTED,MD,PASSENGER CAR,MAKING LEFT TURN,40,No,2017,SUBURU,CROSSTREK,39.11572217,-77.1661945,2022,9,17
220039835,Property Damage Crash,09/13/2022 05:47:00 PM,FREDERICK RD,NA,STRAIGHT MOVEMENT ANGLE,Clear,DRY,Daylight,TRAFFIC SIGNAL,NONE DETECTED,Yes,No Apparent Injury,N/A,NOT DISTRACTED,MD,POLICE VEHICLE/EMERGENCY,CHANGING LANES,40,No,2010,FORD,CROWN VIC,39.11572217,-77.1661945,2022,9,17
220039838,Injury Crash,09/13/2022 05:43:00 PM,SHADY GROVE RD,NA,ANGLE MEETS LEFT TURN,Clear,DRY,Medium,TRAFFIC SIGNAL,NONE DETECTED,Yes,Possible Minor Injury,"N/A, VISION OBSTRUCTION (INCL. BLINDED BY SUN)",LOOKED BUT DID NOT SEE,MD,(SPORT) UTILITY VEHICLE,MOVING CONSTANT SPEED,45,No,2021,TOYT,UT,39.129745,-77.16413333,2022,9,17
220039838,Injury Crash,09/13/2022 05:43:00 PM,SHADY GROVE RD,NA,ANGLE MEETS LEFT TURN,Clear,DRY,Medium,TRAFFIC SIGNAL,NONE DETECTED,No,Possible Minor Injury,"N/A, VISION OBSTRUCTION (INCL. BLINDED BY SUN)",LOOKED BUT DID NOT SEE,MD,(SPORT) UTILITY VEHICLE,STARTING FROM LANE,30,No,2017,HOND,TK,39.129745,-77.16413333,2022,9,17
220039832,Property Damage Crash,09/13/2022 05:24:00 PM,BATCHELLORS FOREST RD,NA,SINGLE VEHICLE,Clear,DRY,Daylight,N/A,NONE DETECTED,Yes,No Apparent Injury,N/A,NOT DISTRACTED,MD,PASSENGER CAR,ACCELERATING,25,No,2021,VOLVO,T60,39.14927667,-77.06647,2022,9,17
220039871,Property Damage Crash,09/13/2022 05:15:00 PM,NA,NA,SINGLE VEHICLE,Clear,NA,Daylight,NO CONTROLS,NONE DETECTED,Yes,No Apparent Injury,N/A,NOT DISTRACTED,MD,POLICE VEHICLE/NON EMERGENCY,BACKING,0,No,2018,FORD,INTERCEPTOR SEDAN,39.2019114,-77.2719685,2022,9,17
220039833,Property Damage Crash,09/13/2022 05:13:00 PM,CONNECTICUT AVE,NA,SAME DIR REAR END,Clear,DRY,Daylight,N/A,NONE DETECTED,Yes,No Apparent Injury,N/A,NOT DISTRACTED,MD,PASSENGER CAR,CHANGING LANES,35,No,2009,NISSAN,ALTIMA,39.00277,-77.07720667,2022,9,17
220039833,Property Damage Crash,09/13/2022 05:13:00 PM,CONNECTICUT AVE,NA,SAME DIR REAR END,Clear,DRY,Daylight,N/A,NONE DETECTED,No,No Apparent Injury,N/A,NOT DISTRACTED,MD,PASSENGER CAR,SLOWING OR STOPPING,35,No,2017,LAND ROVER,RANGER ROVER,39.00277,-77.07720667,2022,9,17
220039833,Property Damage Crash,09/13/2022 05:13:00 PM,CONNECTICUT AVE,NA,SAME DIR REAR END,Clear,DRY,Daylight,N/A,NONE DETECTED,No,No Apparent Injury,N/A,NOT DISTRACTED,MD,PASSENGER CAR,SLOWING OR STOPPING,35,No,2004,VOLK,JETTA,39.00277,-77.07720667,2022,9,17
220039822,Injury Crash,09/13/2022 04:41:00 PM,GEORGIA AVE,NA,HEAD ON LEFT TURN,Clear,DRY,Daylight,TRAFFIC SIGNAL,NONE DETECTED,No,Possible Minor Injury,"BACKUP DUE TO REGULAR CONGESTION, N/A",NOT DISTRACTED,MD,PASSENGER CAR,MAKING LEFT TURN,30,No,2018,TOYOTA,RAV4,38.9917625,-77.0264675,2022,9,16
220039822,Injury Crash,09/13/2022 04:41:00 PM,GEORGIA AVE,NA,HEAD ON LEFT TURN,Clear,DRY,Daylight,TRAFFIC SIGNAL,NONE DETECTED,Yes,No Apparent Injury,"BACKUP DUE TO REGULAR CONGESTION, N/A",UNKNOWN,NA,PASSENGER CAR,MOVING CONSTANT SPEED,30,No,2008,TOYOTA,RAV4,38.9917625,-77.0264675,2022,9,16
22003920,Property Damage Crash,09/13/2022 04:21:00 PM,GOSHEN RD,NA,SAME DIRECTION SIDESWIPE,Clear,DRY,Daylight,TRAFFIC SIGNAL,NONE DETECTED,Yes,No Apparent Injury,N/A,LOOKED BUT DID NOT SEE,MD,SCHOOL BUS,MAKING LEFT TURN,35,No,2021,THOMAS,SCHOOL BUS,39.187721,-77.186122,2022,9,16
22003920,Property Damage Crash,09/13/2022 04:21:00 PM,GOSHEN RD,NA,SAME DIRECTION SIDESWIPE,Clear,DRY,Daylight,TRAFFIC SIGNAL,NONE DETECTED,No,No Apparent Injury,N/A,NOT DISTRACTED,MD,PASSENGER CAR,STOPPED IN TRAFFIC LANE,35,No,2017,HONDA,CIVIC,39.187721,-77.186122,2022,9,16
220039815,Property Damage Crash,09/13/2022 04:00:00 PM,NA,NA,ANGLE MEETS RIGHT TURN,Clear,NA,Daylight,STOP SIGN,NONE DETECTED,No,No Apparent Injury,N/A,NOT DISTRACTED,MD,(SPORT) UTILITY VEHICLE,MOVING CONSTANT SPEED,25,No,2004,TOYO,HIGHLANDER,39.056755,-77.11611,2022,9,16
220039813,Property Damage Crash,09/13/2022 04:00:00 PM,GREAT SENECA HWY,NA,SAME DIR REAR END,Clear,DRY,Daylight,TRAFFIC SIGNAL,NONE DETECTED,Yes,No Apparent Injury,"BACKUP DUE TO REGULAR CONGESTION, N/A",NOT DISTRACTED,MD,PASSENGER CAR,STARTING FROM LANE,50,No,2019,DODGE,DURANGO,39.11079077,-77.21813882,2022,9,16
220039813,Property Damage Crash,09/13/2022 04:00:00 PM,GREAT SENECA HWY,NA,SAME DIR REAR END,Clear,DRY,Daylight,TRAFFIC SIGNAL,NONE DETECTED,No,No Apparent Injury,"BACKUP DUE TO REGULAR CONGESTION, N/A",NOT DISTRACTED,MD,PASSENGER CAR,STARTING FROM LANE,50,No,2016,TOYOTA,RAV4,39.11079077,-77.21813882,2022,9,16
220039815,Property Damage Crash,09/13/2022 04:00:00 PM,NA,NA,ANGLE MEETS RIGHT TURN,Clear,NA,Daylight,STOP SIGN,NONE DETECTED,Yes,No Apparent Injury,N/A,LOOKED BUT DID NOT SEE,MD,(SPORT) UTILITY VEHICLE,MAKING RIGHT TURN,25,No,2017,SUBA,FORESTER,39.056755,-77.11611,2022,9,16
220039807,Property Damage Crash,09/13/2022 03:45:00 PM,MONTERREY DR,NA,SAME DIR REAR END,Clear,DRY,Daylight,TRAFFIC SIGNAL,NONE DETECTED,No,No Apparent Injury,N/A,NOT DISTRACTED,MD,PASSENGER CAR,ACCELERATING,35,No,2012,HONDA,4S,39.04419167,-77.06316833,2022,9,15
220039807,Property Damage Crash,09/13/2022 03:45:00 PM,MONTERREY DR,NA,SAME DIR REAR END,Clear,DRY,Daylight,TRAFFIC SIGNAL,NONE DETECTED,Yes,No Apparent Injury,N/A,LOOKED BUT DID NOT SEE,MD,PASSENGER CAR,ACCELERATING,35,No,2013,TOYOTA,TK,39.04419167,-77.06316833,2022,9,15
220039807,Property Damage Crash,09/13/2022 03:45:00 PM,MONTERREY DR,NA,SAME DIR REAR END,Clear,DRY,Daylight,TRAFFIC SIGNAL,NONE DETECTED,No,No Apparent Injury,N/A,NOT DISTRACTED,MD,PASSENGER CAR,ACCELERATING,35,No,2015,FORD,TK,39.04419167,-77.06316833,2022,9,15