Local Case Number,ACRS Report Type,Crash Date/Time,Road Name,Related Non-Motorist,Collision Type,Weather,Surface Condition,Light,Traffic Control,Driver Substance Abuse,Driver At Fault,Injury Severity,Circumstance,Driver Distracted By,Drivers License State,Vehicle Body Type,Vehicle Movement,Speed Limit,Driverless Vehicle,Vehicle Year,Vehicle Make,Vehicle Model,Latitude,Longitude,Year,Month,Hour
220039807,Property Damage Crash,09/13/2022 03:45:00 PM,MONTERREY DR,NA,SAME DIR REAR END,Clear,DRY,Daylight,TRAFFIC SIGNAL,NONE DETECTED,No,No Apparent Injury,N/A,NOT DISTRACTED,MD,PASSENGER CAR,ACCELERATING,35,No,2009,TOYOTA,4S,39.04419167,-77.06316833,2022,9,15
220039809,Property Damage Crash,09/13/2022 03:12:00 PM,LITTLE SENECA PKWY,NA,SAME DIRECTION RIGHT TURN,Clear,DRY,Daylight,N/A,NONE DETECTED,No,No Apparent Injury,N/A,NOT DISTRACTED,MD,STATION WAGON,STOPPED IN TRAFFIC LANE,35,No,2021,SUBA,UT,39.22128167,-77.26267667,2022,9,15
220039809,Property Damage Crash,09/13/2022 03:12:00 PM,LITTLE SENECA PKWY,NA,SAME DIRECTION RIGHT TURN,Clear,DRY,Daylight,N/A,NONE DETECTED,Yes,No Apparent Injury,N/A,NOT DISTRACTED,MD,SCHOOL BUS,MOVING CONSTANT SPEED,35,No,2011,THOMAS,SCHOOL BUS,39.22128167,-77.26267667,2022,9,15
220039798,Property Damage Crash,09/13/2022 02:50:00 PM,WHITES FERRY RD,NA,STRAIGHT MOVEMENT ANGLE,Clear,DRY,Daylight,STOP SIGN,NONE DETECTED,No,No Apparent Injury,N/A,NOT DISTRACTED,MD,PASSENGER CAR,MOVING CONSTANT SPEED,35,No,2003,BMW,330 CI,39.128336,-77.34679,2022,9,14
220039798,Property Damage Crash,09/13/2022 02:50:00 PM,WHITES FERRY RD,NA,STRAIGHT MOVEMENT ANGLE,Clear,DRY,Daylight,STOP SIGN,NONE DETECTED,Yes,No Apparent Injury,N/A,NOT DISTRACTED,MD,VAN,STARTING FROM LANE,35,No,2012,FORD,E350,39.128336,-77.34679,2022,9,14
220039794,Injury Crash,09/13/2022 02:41:00 PM,NORBECK RD,NA,SAME DIR REAR END,Clear,DRY,Daylight,TRAFFIC SIGNAL,NONE DETECTED,Yes,No Apparent Injury,N/A,UNKNOWN,MD,PICKUP TRUCK,SLOWING OR STOPPING,40,No,2005,CHEVY,SILVERADO,39.11273667,-77.064425,2022,9,14
220039794,Injury Crash,09/13/2022 02:41:00 PM,NORBECK RD,NA,SAME DIR REAR END,Clear,DRY,Daylight,TRAFFIC SIGNAL,NONE DETECTED,No,No Apparent Injury,N/A,NOT DISTRACTED,MD,PASSENGER CAR,SLOWING OR STOPPING,40,No,2005,TOYOTA,CAMRY,39.11273667,-77.064425,2022,9,14
220039789,Property Damage Crash,09/13/2022 02:09:00 PM,NA,OTHER,SINGLE VEHICLE,Clear,NA,Daylight,N/A,NONE DETECTED,Yes,No Apparent Injury,N/A,NOT DISTRACTED,VA,PASSENGER CAR,PARKING,15,No,2018,NISSAN,ROGUE,38.99475167,-77.04674167,2022,9,14
220039784,Injury Crash,09/13/2022 01:34:00 PM,GEORGIA AVE,PEDESTRIAN,N/A,Clear,DRY,Daylight,TRAFFIC SIGNAL,NONE DETECTED,No,No Apparent Injury,N/A,NOT DISTRACTED,MD,PICKUP TRUCK,ACCELERATING,45,No,2022,CHEV,PK,39.08453167,-77.07774667,2022,9,13
220039776,Injury Crash,09/13/2022 01:05:00 PM,GERMANTOWN RD,NA,STRAIGHT MOVEMENT ANGLE,Clear,DRY,Daylight,TRAFFIC SIGNAL,NONE DETECTED,No,Possible Minor Injury,N/A,NOT DISTRACTED,MD,PASSENGER CAR,ACCELERATING,35,No,2017,NISSAN,VERSA,39.19094333,-77.247568329999993,2022,9,13
220039776,Injury Crash,09/13/2022 01:05:00 PM,GERMANTOWN RD,NA,STRAIGHT MOVEMENT ANGLE,Clear,DRY,Daylight,TRAFFIC SIGNAL,NONE DETECTED,Yes,Possible Minor Injury,N/A,UNKNOWN,MD,PASSENGER CAR,MOVING CONSTANT SPEED,45,No,2008,BMW,328I,39.19094333,-77.247568329999993,2022,9,13
220039762,Property Damage Crash,09/13/2022 11:08:00 AM,ROCKVILLE PIKE,NA,SAME DIRECTION SIDESWIPE,Clear,DRY,Daylight,TRAFFIC SIGNAL,NONE DETECTED,Yes,No Apparent Injury,N/A,NOT DISTRACTED,MD,PASSENGER CAR,CHANGING LANES,45,No,2022,KIA,RIO,39.02194167,-77.10276333,2022,9,11
220039762,Property Damage Crash,09/13/2022 11:08:00 AM,ROCKVILLE PIKE,NA,SAME DIRECTION SIDESWIPE,Clear,DRY,Daylight,TRAFFIC SIGNAL,NONE DETECTED,Yes,No Apparent Injury,N/A,NOT DISTRACTED,MD,FIRE VEHICLE/NON EMERGENCY,MOVING CONSTANT SPEED,45,No,2008,SPAR,FIRETRUCK,39.02194167,-77.10276333,2022,9,11
220039747,Property Damage Crash,09/13/2022 09:40:00 AM,WHITES FERRY RD,NA,SAME DIRECTION LEFT TURN,Clear,DRY,Daylight,NO CONTROLS,NONE DETECTED,Yes,No Apparent Injury,N/A,UNKNOWN,NA,VAN,PASSING,40,No,0,TOYOTA,UNK,39.13246333,-77.39502833,2022,9,9
220039747,Property Damage Crash,09/13/2022 09:40:00 AM,WHITES FERRY RD,NA,SAME DIRECTION LEFT TURN,Clear,DRY,Daylight,NO CONTROLS,NONE DETECTED,No,No Apparent Injury,N/A,NOT DISTRACTED,MD,"OTHER LIGHT TRUCKS (10,000LBS (4,536KG) OR LESS)",MAKING LEFT TURN,40,No,2012,FORD,F350,39.13246333,-77.39502833,2022,9,9
220039742,Property Damage Crash,09/13/2022 09:30:00 AM,GEORGIA AVE,NA,SAME DIRECTION SIDESWIPE,Clear,DRY,Daylight,OTHER,NONE DETECTED,Yes,No Apparent Injury,N/A,UNKNOWN,NA,PASSENGER CAR,CHANGING LANES,35,No,2005,BUICK,4S,39.06041,-77.05143833,2022,9,9
220039742,Property Damage Crash,09/13/2022 09:30:00 AM,GEORGIA AVE,NA,SAME DIRECTION SIDESWIPE,Clear,DRY,Daylight,OTHER,NONE DETECTED,No,No Apparent Injury,N/A,NOT DISTRACTED,MD,SCHOOL BUS,CHANGING LANES,35,No,2015,FRHT,BUS,39.06041,-77.05143833,2022,9,9
220039731,Injury Crash,09/13/2022 08:07:00 AM,NEW HAMPSHIRE AVE,NA,SAME DIR REAR END,Clear,WET,Daylight,TRAFFIC SIGNAL,NONE DETECTED,Yes,No Apparent Injury,"N/A, WET",OTHER DISTRACTION,MD,PASSENGER CAR,MOVING CONSTANT SPEED,40,No,2008,TOYOTA,HIGHLANDER,39.00897947,-76.97981197,2022,9,8
220039731,Injury Crash,09/13/2022 08:07:00 AM,NEW HAMPSHIRE AVE,NA,SAME DIR REAR END,Clear,WET,Daylight,TRAFFIC SIGNAL,NONE DETECTED,No,No Apparent Injury,"N/A, WET",NOT DISTRACTED,MD,PASSENGER CAR,SLOWING OR STOPPING,40,No,2022,KIA,PV,39.00897947,-76.97981197,2022,9,8
220039731,Injury Crash,09/13/2022 08:07:00 AM,NEW HAMPSHIRE AVE,NA,SAME DIR REAR END,Clear,WET,Daylight,TRAFFIC SIGNAL,NONE DETECTED,No,Possible Minor Injury,"N/A, WET",NOT DISTRACTED,MD,PASSENGER CAR,SLOWING OR STOPPING,40,No,2017,AUDI,Q7,39.00897947,-76.97981197,2022,9,8
220039727,Injury Crash,09/13/2022 07:18:00 AM,NA,BICYCLIST,SINGLE VEHICLE,Clear,NA,Daylight,NO CONTROLS,NONE DETECTED,Unknown,No Apparent Injury,N/A,OTHER DISTRACTION,TX,PASSENGER CAR,ENTERING TRAFFIC LANE,25,No,2015,TOYOTA,RAV 4,39.04330833,-77.05111667,2022,9,7
220039694,Property Damage Crash,09/13/2022 02:51:00 AM,WATKINS MILL RD,NA,SAME DIRECTION SIDESWIPE,Rain,WET,Dark,NO CONTROLS,NONE DETECTED,Yes,No Apparent Injury,"RAIN, SNOW, WET",UNKNOWN,MD,PICKUP TRUCK,MOVING CONSTANT SPEED,35,No,2002,CHEV,SILVERADO 1500,39.1682048,-77.2102382,2022,9,2
220039718,Property Damage Crash,09/13/2022 02:04:00 AM,NA,NA,OTHER,Rain,NA,Medium,N/A,NONE DETECTED,No,No Apparent Injury,"RAIN, SNOW, WET",NOT DISTRACTED,MD,POLICE VEHICLE/EMERGENCY,MOVING CONSTANT SPEED,10,No,2014,CHEV,SUBURBAN,39.15495,-77.518485,2022,9,2
220039718,Property Damage Crash,09/13/2022 02:04:00 AM,NA,NA,OTHER,Rain,NA,Medium,N/A,NONE DETECTED,Yes,No Apparent Injury,"RAIN, SNOW, WET",NOT DISTRACTED,MD,PICKUP TRUCK,MOVING CONSTANT SPEED,10,No,2015,FORD,F150,39.15495,-77.518485,2022,9,2
220039721,Property Damage Crash,09/13/2022 01:45:00 AM,NA,NA,OTHER,Clear,NA,Medium,N/A,NONE DETECTED,No,No Apparent Injury,N/A,NOT DISTRACTED,MD,POLICE VEHICLE/NON EMERGENCY,PARKED,5,No,2014,DODGE,CHARGER,39.13741772,-77.1644697,2022,9,1
220039721,Property Damage Crash,09/13/2022 01:45:00 AM,NA,NA,OTHER,Clear,NA,Medium,N/A,NONE DETECTED,Yes,No Apparent Injury,N/A,LOOKED BUT DID NOT SEE,MD,POLICE VEHICLE/NON EMERGENCY,BACKING,5,No,2016,FORD,INTERCEPTOR,39.13741772,-77.1644697,2022,9,1
220039715,Property Damage Crash,09/13/2022 12:25:00 AM,16TH ST,NA,STRAIGHT MOVEMENT ANGLE,Clear,WET,Medium,TRAFFIC SIGNAL,NONE DETECTED,Yes,No Apparent Injury,"N/A, WET",NOT DISTRACTED,MD,PASSENGER CAR,MAKING LEFT TURN,35,No,2016,HONDA,CIVIC,38.99663833,-77.03633333,2022,9,0
220039715,Property Damage Crash,09/13/2022 12:25:00 AM,16TH ST,NA,STRAIGHT MOVEMENT ANGLE,Clear,WET,Medium,TRAFFIC SIGNAL,NONE DETECTED,No,No Apparent Injury,"N/A, WET",NOT DISTRACTED,MD,POLICE VEHICLE/EMERGENCY,MOVING CONSTANT SPEED,35,No,2016,LEXUS,RX,38.99663833,-77.03633333,2022,9,0
220039696,Property Damage Crash,09/12/2022 08:08:00 PM,GERMANTOWN RD,NA,STRAIGHT MOVEMENT ANGLE,Rain,WET,Medium,TRAFFIC SIGNAL,NONE DETECTED,Yes,No Apparent Injury,"RAIN, SNOW, WET",UNKNOWN,MD,PICKUP TRUCK,MOVING CONSTANT SPEED,40,No,2004,FORD,F150,39.18110167,-77.26229333,2022,9,20
220039696,Property Damage Crash,09/12/2022 08:08:00 PM,GERMANTOWN RD,NA,STRAIGHT MOVEMENT ANGLE,Rain,WET,Medium,TRAFFIC SIGNAL,NONE DETECTED,No,No Apparent Injury,"RAIN, SNOW, WET",NOT DISTRACTED,MD,(SPORT) UTILITY VEHICLE,MAKING LEFT TURN,40,No,2013,KIA,UT,39.18110167,-77.26229333,2022,9,20
220039698,Property Damage Crash,09/12/2022 07:30:00 PM,RANDOLPH RD,NA,OTHER,Clear,WET,Medium,NO CONTROLS,NONE DETECTED,Yes,No Apparent Injury,N/A,UNKNOWN,NA,NA,MOVING CONSTANT SPEED,35,No,0,UNKNOWN,UNKNOWN,39.05840333,-77.04806333,2022,9,19
220039698,Property Damage Crash,09/12/2022 07:30:00 PM,RANDOLPH RD,NA,OTHER,Clear,WET,Medium,NO CONTROLS,NONE DETECTED,No,No Apparent Injury,N/A,NOT DISTRACTED,MD,TRANSIT BUS,SLOWING OR STOPPING,35,No,2009,GILG,TRANSIT BUS,39.05840333,-77.04806333,2022,9,19
220039687,Property Damage Crash,09/12/2022 07:15:00 PM,FREDERICK RD,NA,HEAD ON LEFT TURN,Rain,WET,Medium,TRAFFIC SIGNAL,NONE DETECTED,No,No Apparent Injury,"RAIN, SNOW, WET",NOT DISTRACTED,MD,PICKUP TRUCK,MOVING CONSTANT SPEED,40,No,2005,FORD,F150,39.11581833,-77.16639833,2022,9,19
220039687,Property Damage Crash,09/12/2022 07:15:00 PM,FREDERICK RD,NA,HEAD ON LEFT TURN,Rain,WET,Medium,TRAFFIC SIGNAL,NONE DETECTED,Yes,No Apparent Injury,"RAIN, SNOW, WET",NOT DISTRACTED,MD,(SPORT) UTILITY VEHICLE,MAKING LEFT TURN,40,No,2019,HOND,CRV,39.11581833,-77.16639833,2022,9,19
220039657,Property Damage Crash,09/12/2022 05:25:00 PM,FIELDCREST RD,NA,HEAD ON LEFT TURN,Rain,WET,Daylight,TRAFFIC SIGNAL,NONE DETECTED,No,No Apparent Injury,"RAIN, SNOW, WET",NOT DISTRACTED,MD,(SPORT) UTILITY VEHICLE,MOVING CONSTANT SPEED,40,No,2005,HONDA,CRV,39.18921333,-77.12049833,2022,9,17
220039657,Property Damage Crash,09/12/2022 05:25:00 PM,FIELDCREST RD,NA,HEAD ON LEFT TURN,Rain,WET,Daylight,TRAFFIC SIGNAL,NONE DETECTED,Yes,No Apparent Injury,"RAIN, SNOW, WET",ADJUSTING AUDIO AND OR CLIMATE CONTROLS,MD,PASSENGER CAR,MAKING LEFT TURN,40,No,1992,HONDA,ACCORD,39.18921333,-77.12049833,2022,9,17
220039677,Property Damage Crash,09/12/2022 05:21:00 PM,CARROLL AVE,NA,SINGLE VEHICLE,Rain,WET,Daylight,NO CONTROLS,NONE DETECTED,Unknown,No Apparent Injury,"N/A, WET",NOT DISTRACTED,MD,PASSENGER CAR,ACCELERATING,25,No,2009,TOYOTA,CAMRY,38.99347833,-76.992975,2022,9,17
220039676,Property Damage Crash,09/12/2022 05:00:00 PM,NA,NA,OTHER,Rain,NA,Daylight,N/A,NONE DETECTED,No,No Apparent Injury,N/A,NOT DISTRACTED,MD,VAN,PARKED,25,No,2017,FORD,VN,38.9925395,-76.99266733,2022,9,17
220039676,Property Damage Crash,09/12/2022 05:00:00 PM,NA,NA,OTHER,Rain,NA,Daylight,N/A,NONE DETECTED,Yes,No Apparent Injury,N/A,UNKNOWN,NA,VAN,MOVING CONSTANT SPEED,25,No,2014,CHEVROLET,EXPRESS,38.9925395,-76.99266733,2022,9,17
220039654,Injury Crash,09/12/2022 03:46:00 PM,FREDERICK RD,NA,HEAD ON LEFT TURN,Rain,WET,Daylight,TRAFFIC SIGNAL,NONE DETECTED,Unknown,Possible Minor Injury,"RAIN, SNOW, WET",NOT DISTRACTED,MD,PASSENGER CAR,MOVING CONSTANT SPEED,30,No,2016,HYUNDAI,4S,39.14427468,-77.20215332,2022,9,15
220039654,Injury Crash,09/12/2022 03:46:00 PM,FREDERICK RD,NA,HEAD ON LEFT TURN,Rain,WET,Daylight,TRAFFIC SIGNAL,NONE DETECTED,Unknown,No Apparent Injury,"RAIN, SNOW, WET",NOT DISTRACTED,MD,"CARGO VAN/LIGHT TRUCK 2 AXLES (OVER 10,000LBS (4,536 KG))",MAKING LEFT TURN,30,No,2001,DODGE,RAM 2500,39.14427468,-77.20215332,2022,9,15
220039659,Property Damage Crash,09/12/2022 03:43:00 PM,MT VERNON PL,NA,SAME DIRECTION SIDESWIPE,Clear,DRY,Daylight,STOP SIGN,NONE DETECTED,Yes,No Apparent Injury,N/A,UNKNOWN,MD,PASSENGER CAR,MOVING CONSTANT SPEED,25,No,2015,NISS,ALTIMA,39.0780581,-77.1431328,2022,9,15
220039652,Property Damage Crash,09/12/2022 03:42:00 PM,NA,NA,OTHER,Clear,NA,Daylight,NO CONTROLS,NONE DETECTED,Yes,No Apparent Injury,N/A,NOT DISTRACTED,MD,SCHOOL BUS,MAKING LEFT TURN,25,No,2022,FRHT,SCHOOL BUS,39.03928977,-76.99136285,2022,9,15
220039645,Property Damage Crash,09/12/2022 03:14:00 PM,MONTROSE RD,NA,SAME DIRECTION LEFT TURN,Cloudy,DRY,Daylight,TRAFFIC SIGNAL,NONE DETECTED,Unknown,No Apparent Injury,N/A,UNKNOWN,MD,SCHOOL BUS,MAKING LEFT TURN,40,No,2016,FREIGHTLINER,SAF-T-LINER,39.057206,-77.161436,2022,9,15
220039645,Property Damage Crash,09/12/2022 03:14:00 PM,MONTROSE RD,NA,SAME DIRECTION LEFT TURN,Cloudy,DRY,Daylight,TRAFFIC SIGNAL,NONE DETECTED,Unknown,No Apparent Injury,N/A,UNKNOWN,MD,PASSENGER CAR,MOVING CONSTANT SPEED,40,No,2009,CHEVROLET,MALIBU,39.057206,-77.161436,2022,9,15
220039646,Property Damage Crash,09/12/2022 03:12:00 PM,WOODFIELD RD,NA,STRAIGHT MOVEMENT ANGLE,Rain,WET,Daylight,STOP SIGN,NONE DETECTED,No,No Apparent Injury,N/A,NOT DISTRACTED,ME,PASSENGER CAR,MOVING CONSTANT SPEED,30,No,2019,TOYT,COROLLA,39.18525333,-77.262405,2022,9,15
220039646,Property Damage Crash,09/12/2022 03:12:00 PM,WOODFIELD RD,NA,STRAIGHT MOVEMENT ANGLE,Rain,WET,Daylight,STOP SIGN,NONE DETECTED,Yes,No Apparent Injury,N/A,NOT DISTRACTED,MD,PASSENGER CAR,MAKING RIGHT TURN,30,No,2015,TOYT,RAV4,39.18525333,-77.262405,2022,9,15
220039649,Property Damage Crash,09/12/2022 02:44:00 PM,NA,NA,STRAIGHT MOVEMENT ANGLE,Clear,NA,Daylight,NO CONTROLS,NONE DETECTED,Unknown,No Apparent Injury,N/A,LOOKED BUT DID NOT SEE,TX,PASSENGER CAR,BACKING,5,No,2009,DODGE,AVENGER,39.06593383,-77.11830167,2022,9,14
220039649,Property Damage Crash,09/12/2022 02:44:00 PM,NA,NA,STRAIGHT MOVEMENT ANGLE,Clear,NA,Daylight,NO CONTROLS,NONE DETECTED,Unknown,No Apparent Injury,N/A,LOOKED BUT DID NOT SEE,NA,NA,BACKING,5,No,0,UNKNOWN,UNKNOWN,39.06593383,-77.11830167,2022,9,14
220039616,Injury Crash,09/12/2022 12:30:00 PM,BRADLEY BLVD,NA,SINGLE VEHICLE,Clear,DRY,Daylight,NO CONTROLS,NONE DETECTED,Yes,Possible Minor Injury,N/A,NOT DISTRACTED,DC,PASSENGER CAR,MOVING CONSTANT SPEED,35,No,2019,LEXUS,NX300,38.97750143,-77.10811517,2022,9,12
220039601,Injury Crash,09/12/2022 11:22:00 AM,FREDERICK RD,NA,SAME DIR REAR END,Clear,DRY,Daylight,TRAFFIC SIGNAL,NONE DETECTED,Yes,No Apparent Injury,N/A,NOT DISTRACTED,MD,PASSENGER CAR,MOVING CONSTANT SPEED,40,No,2014,INFINITE,Q50,39.19997342,-77.24531279,2022,9,11
220039601,Injury Crash,09/12/2022 11:22:00 AM,FREDERICK RD,NA,SAME DIR REAR END,Clear,DRY,Daylight,TRAFFIC SIGNAL,NONE DETECTED,No,Possible Minor Injury,N/A,NOT DISTRACTED,MD,PASSENGER CAR,STOPPED IN TRAFFIC LANE,40,No,2019,CHEVEROLET,SPARK,39.19997342,-77.24531279,2022,9,11
220039595,Property Damage Crash,09/12/2022 10:24:00 AM,NA,NA,SINGLE VEHICLE,Cloudy,NA,Daylight,N/A,NONE DETECTED,Yes,No Apparent Injury,N/A,OTHER DISTRACTION,MD,PASSENGER CAR,ACCELERATING,15,No,2009,TOYOTA,CAMRY,39.03243667,-77.0015,2022,9,10
220039582,Property Damage Crash,09/12/2022 09:10:00 AM,NA,NA,OTHER,Clear,NA,Daylight,N/A,NONE DETECTED,Yes,No Apparent Injury,N/A,NOT DISTRACTED,MD,FIRE VEHICLE/EMERGENCY,MOVING CONSTANT SPEED,5,No,2008,SPAR,FIRETRUCK,39.07764885,-77.07080351,2022,9,9
220039580,Property Damage Crash,09/12/2022 09:00:00 AM,DALEWOOD DR,NA,SAME DIRECTION SIDESWIPE,Cloudy,DRY,Daylight,NO CONTROLS,NONE DETECTED,Yes,No Apparent Injury,"N/A, PHYSICAL OBSTRUCTION(S)",NOT DISTRACTED,MD,SCHOOL BUS,PASSING,25,No,2011,THOMAS,BUS,39.05834767,-77.0691805,2022,9,9
220039581,Property Damage Crash,09/12/2022 08:58:00 AM,MANCHESTER RD,NA,STRAIGHT MOVEMENT ANGLE,Cloudy,DRY,Daylight,STOP SIGN,NONE DETECTED,No,No Apparent Injury,N/A,NOT DISTRACTED,MD,PASSENGER CAR,MOVING CONSTANT SPEED,25,No,2016,HOND,SD,39.014365,-77.03489667,2022,9,8
220039581,Property Damage Crash,09/12/2022 08:58:00 AM,MANCHESTER RD,NA,STRAIGHT MOVEMENT ANGLE,Cloudy,DRY,Daylight,STOP SIGN,NONE DETECTED,Yes,No Apparent Injury,N/A,LOOKED BUT DID NOT SEE,MD,PASSENGER CAR,MOVING CONSTANT SPEED,25,No,2012,MAZDA,3,39.014365,-77.03489667,2022,9,8
220039573,Property Damage Crash,09/12/2022 07:48:00 AM,GEORGIA AVE,NA,STRAIGHT MOVEMENT ANGLE,Cloudy,DRY,Daylight,TRAFFIC SIGNAL,NONE DETECTED,Yes,No Apparent Injury,N/A,LOOKED BUT DID NOT SEE,MD,PASSENGER CAR,ACCELERATING,35,No,2017,HONDA,CIVIC,39.00612833,-77.03903167,2022,9,7
220039573,Property Damage Crash,09/12/2022 07:48:00 AM,GEORGIA AVE,NA,STRAIGHT MOVEMENT ANGLE,Cloudy,DRY,Daylight,TRAFFIC SIGNAL,NONE DETECTED,No,No Apparent Injury,N/A,NOT DISTRACTED,MD,FIRE VEHICLE/EMERGENCY,MOVING CONSTANT SPEED,35,No,2012,PIERCE,SABER,39.00612833,-77.03903167,2022,9,7
220039570,Property Damage Crash,09/12/2022 07:03:00 AM,COLESVILLE RD,NA,HEAD ON LEFT TURN,Cloudy,DRY,Daylight,NO CONTROLS,NONE DETECTED,Yes,No Apparent Injury,N/A,LOOKED BUT DID NOT SEE,VA,PASSENGER CAR,STARTING FROM LANE,35,No,2019,TOYOTA,HIGHLANDER,39.00165548,-77.02493395,2022,9,7
220039570,Property Damage Crash,09/12/2022 07:03:00 AM,COLESVILLE RD,NA,HEAD ON LEFT TURN,Cloudy,DRY,Daylight,NO CONTROLS,NONE DETECTED,No,No Apparent Injury,N/A,LOOKED BUT DID NOT SEE,MD,PASSENGER CAR,MOVING CONSTANT SPEED,35,No,2017,TOYOTA,CAMRY,39.00165548,-77.02493395,2022,9,7
220039569,Injury Crash,09/12/2022 06:49:00 AM,EAST WEST HWY,NA,OTHER,Cloudy,DRY,Daylight,NO CONTROLS,NONE DETECTED,Yes,No Apparent Injury,N/A,NOT DISTRACTED,MD,PASSENGER CAR,CHANGING LANES,35,No,2017,CHEVROLET,CRUZ,38.994802,-77.037284,2022,9,6
220039569,Injury Crash,09/12/2022 06:49:00 AM,EAST WEST HWY,NA,OTHER,Cloudy,DRY,Daylight,NO CONTROLS,NONE DETECTED,Yes,Possible Minor Injury,N/A,NOT DISTRACTED,MD,MOTORCYCLE,CHANGING LANES,35,No,2020,ROYAL,ENFIELD,38.994802,-77.037284,2022,9,6
220039567,Property Damage Crash,09/12/2022 05:30:00 AM,CEDAR AVE,NA,STRAIGHT MOVEMENT ANGLE,Clear,DRY,Medium,STOP SIGN,NONE DETECTED,No,No Apparent Injury,N/A,NOT DISTRACTED,MD,PASSENGER CAR,MOVING CONSTANT SPEED,15,No,2010,TOYOTA,CAMRY,39.13501317,-77.2017983,2022,9,5
220039567,Property Damage Crash,09/12/2022 05:30:00 AM,CEDAR AVE,NA,STRAIGHT MOVEMENT ANGLE,Clear,DRY,Medium,STOP SIGN,NONE DETECTED,Yes,No Apparent Injury,N/A,LOOKED BUT DID NOT SEE,MD,PASSENGER CAR,ACCELERATING,15,No,2005,HOND,TK,39.13501317,-77.2017983,2022,9,5
220039566,Property Damage Crash,09/12/2022 04:23:00 AM,GEORGIA AVE,NA,OTHER,Clear,DRY,Medium,NO CONTROLS,NONE DETECTED,No,No Apparent Injury,N/A,NOT DISTRACTED,MD,PASSENGER CAR,MOVING CONSTANT SPEED,35,No,2008,SUBA,SW,39.05660167,-77.049655,2022,9,4
220039566,Property Damage Crash,09/12/2022 04:23:00 AM,GEORGIA AVE,NA,OTHER,Clear,DRY,Medium,NO CONTROLS,NONE DETECTED,Yes,No Apparent Injury,N/A,UNKNOWN,NA,PASSENGER CAR,MOVING CONSTANT SPEED,35,No,2011,NISSAN,ALTIMA,39.05660167,-77.049655,2022,9,4
220039564,Injury Crash,09/12/2022 02:18:00 AM,MIDDLEBROOK RD,NA,SAME DIR REAR END,Clear,N/A,Dark,N/A,NONE DETECTED,No,Possible Minor Injury,N/A,NOT DISTRACTED,MD,PICKUP TRUCK,UNKNOWN,40,No,2019,CHEV,[TK],39.17573368,-77.24657852,2022,9,2
220039564,Injury Crash,09/12/2022 02:18:00 AM,MIDDLEBROOK RD,NA,SAME DIR REAR END,Clear,N/A,Dark,N/A,NONE DETECTED,Yes,No Apparent Injury,N/A,INATTENTIVE OR LOST IN THOUGHT,MD,PASSENGER CAR,UNKNOWN,40,No,2018,TESLA,[4S],39.17573368,-77.24657852,2022,9,2
220039558,Injury Crash,09/12/2022 12:55:00 AM,PRICHARD RD,NA,OTHER,Clear,DRY,Medium,NO CONTROLS,ALCOHOL PRESENT,Yes,Possible Minor Injury,N/A,NOT DISTRACTED,MD,(SPORT) UTILITY VEHICLE,MOVING CONSTANT SPEED,25,No,2008,FORD,ESCAPE,39.036596,-77.04757683,2022,9,0
220039555,Injury Crash,09/11/2022 11:47:00 PM,OLD GEORGETOWN RD,NA,SINGLE VEHICLE,Clear,DRY,Dark,NO CONTROLS,ALCOHOL PRESENT,Yes,Suspected Serious Injury,N/A,UNKNOWN,VA,PASSENGER CAR,MOVING CONSTANT SPEED,35,No,2019,KIA,FORTE,39.00214,-77.10991,2022,9,23
220039543,Injury Crash,09/11/2022 08:56:00 PM,RIDGE RD,NA,HEAD ON LEFT TURN,Clear,DRY,Medium,TRAFFIC SIGNAL,NONE DETECTED,No,Possible Minor Injury,N/A,NOT DISTRACTED,MD,PASSENGER CAR,MOVING CONSTANT SPEED,30,No,2011,HYUN,4S,39.299925,-77.19963,2022,9,20
220039543,Injury Crash,09/11/2022 08:56:00 PM,RIDGE RD,NA,HEAD ON LEFT TURN,Clear,DRY,Medium,TRAFFIC SIGNAL,NONE DETECTED,Yes,No Apparent Injury,N/A,UNKNOWN,VA,VAN,MAKING LEFT TURN,30,No,2016,TOYOTA,SIENNA,39.299925,-77.19963,2022,9,20
220039537,Property Damage Crash,09/11/2022 07:31:00 PM,UNIVERSITY BLVD W,NA,SAME DIRECTION SIDESWIPE,Clear,WET,Medium,N/A,NONE DETECTED,Yes,No Apparent Injury,N/A,LOOKED BUT DID NOT SEE,XX,PASSENGER CAR,PARKING,5,No,2013,CHEVY,EQUINOX,39.0408717,-77.0511844,2022,9,19
220039537,Property Damage Crash,09/11/2022 07:31:00 PM,UNIVERSITY BLVD W,NA,SAME DIRECTION SIDESWIPE,Clear,WET,Medium,N/A,NONE DETECTED,No,No Apparent Injury,N/A,NOT DISTRACTED,MD,PASSENGER CAR,PARKED,5,No,2017,CHEVY,TAHOE,39.0408717,-77.0511844,2022,9,19
220039526,Property Damage Crash,09/11/2022 05:17:00 PM,GEORGIA AVE,NA,OPPOSITE DIRECTION SIDESWIPE,Cloudy,WET,Daylight,TRAFFIC SIGNAL,NONE DETECTED,No,No Apparent Injury,N/A,NOT DISTRACTED,MD,PASSENGER CAR,STOPPED IN TRAFFIC LANE,25,No,2010,HONDA,CIVIC,39.04306517,-77.05248683,2022,9,17
220039526,Property Damage Crash,09/11/2022 05:17:00 PM,GEORGIA AVE,NA,OPPOSITE DIRECTION SIDESWIPE,Cloudy,WET,Daylight,TRAFFIC SIGNAL,NONE DETECTED,Yes,No Apparent Injury,N/A,UNKNOWN,NA,PASSENGER CAR,MAKING RIGHT TURN,25,No,2021,TOYOTA,CAMRY,39.04306517,-77.05248683,2022,9,17
220039523,Property Damage Crash,09/11/2022 04:53:00 PM,HAWKINS CREAMERY RD,NA,SINGLE VEHICLE,Clear,WET,Daylight,NO CONTROLS,ALCOHOL PRESENT,Yes,No Apparent Injury,N/A,UNKNOWN,MD,PASSENGER CAR,UNKNOWN,40,No,2008,SUBARU,LEGACY,39.269775,-77.18765,2022,9,16
220039519,Property Damage Crash,09/11/2022 04:26:00 PM,NEW HAMPSHIRE AVE,NA,STRAIGHT MOVEMENT ANGLE,Clear,DRY,Daylight,TRAFFIC SIGNAL,NONE DETECTED,No,No Apparent Injury,N/A,NOT DISTRACTED,MD,PASSENGER CAR,MOVING CONSTANT SPEED,40,No,2022,TOYOTA,COROLLA,39.04639667,-77.17792333,2022,9,16
220039519,Property Damage Crash,09/11/2022 04:26:00 PM,NEW HAMPSHIRE AVE,NA,STRAIGHT MOVEMENT ANGLE,Clear,DRY,Daylight,TRAFFIC SIGNAL,NONE DETECTED,Yes,No Apparent Injury,N/A,UNKNOWN,MD,PASSENGER CAR,MOVING CONSTANT SPEED,40,No,2016,GMC,YUKON,39.04639667,-77.17792333,2022,9,16
220039513,Injury Crash,09/11/2022 03:22:00 PM,NA,PEDESTRIAN,SAME DIRECTION SIDESWIPE,Cloudy,NA,Daylight,NO CONTROLS,NONE DETECTED,Yes,No Apparent Injury,N/A,NOT DISTRACTED,MD,PASSENGER CAR,PARKING,0,No,2016,CHRYSLER,200,39.09711383,-77.19227583,2022,9,15
220039508,Property Damage Crash,09/11/2022 02:45:00 PM,AIRPARK RD,NA,OPPOSITE DIR BOTH LEFT TURN,Cloudy,WET,Daylight,N/A,NONE DETECTED,Yes,No Apparent Injury,"ANIMAL, WET",UNKNOWN,MD,PASSENGER CAR,MOVING CONSTANT SPEED,50,No,2019,TOYT,RAV4,39.15479333,-77.14221667,2022,9,14