Local Case Number,ACRS Report Type,Crash Date/Time,Road Name,Related Non-Motorist,Collision Type,Weather,Surface Condition,Light,Traffic Control,Driver Substance Abuse,Driver At Fault,Injury Severity,Circumstance,Driver Distracted By,Drivers License State,Vehicle Body Type,Vehicle Movement,Speed Limit,Driverless Vehicle,Vehicle Year,Vehicle Make,Vehicle Model,Latitude,Longitude,Year,Month,Hour
220039508,Property Damage Crash,09/11/2022 02:45:00 PM,AIRPARK RD,NA,OPPOSITE DIR BOTH LEFT TURN,Cloudy,WET,Daylight,N/A,NONE DETECTED,No,No Apparent Injury,"ANIMAL, WET",NOT DISTRACTED,MD,PASSENGER CAR,MOVING CONSTANT SPEED,50,No,2005,TOYOTA,VAN,39.15479333,-77.14221667,2022,9,14
220039501,Injury Crash,09/11/2022 02:30:00 PM,GEORGIA AVE,NA,STRAIGHT MOVEMENT ANGLE,Clear,DRY,Daylight,NO CONTROLS,NONE DETECTED,No,Possible Minor Injury,N/A,NOT DISTRACTED,MD,PASSENGER CAR,MOVING CONSTANT SPEED,25,No,2015,JEEP,CHEROKEE,39.04239,-77.05176833,2022,9,14
220039501,Injury Crash,09/11/2022 02:30:00 PM,GEORGIA AVE,NA,STRAIGHT MOVEMENT ANGLE,Clear,DRY,Daylight,NO CONTROLS,NONE DETECTED,Yes,No Apparent Injury,N/A,NOT DISTRACTED,MD,PASSENGER CAR,MAKING LEFT TURN,25,No,2019,HONDA,CRV,39.04239,-77.05176833,2022,9,14
220039500,Injury Crash,09/11/2022 02:05:00 PM,WHITES FERRY RD,NA,SINGLE VEHICLE,Cloudy,WET,Daylight,NO CONTROLS,NONE DETECTED,Yes,Possible Minor Injury,"N/A, WET",OTHER DISTRACTION,MD,PASSENGER CAR,MOVING CONSTANT SPEED,40,No,2011,KIA,SORENTO,39.12538167,-77.37558,2022,9,14
220039499,Property Damage Crash,09/11/2022 02:05:00 PM,MONTROSE RD,NA,SINGLE VEHICLE,Clear,WET,Daylight,N/A,NONE DETECTED,Yes,No Apparent Injury,N/A,UNKNOWN,CA,PASSENGER CAR,MOVING CONSTANT SPEED,25,No,2003,LEXUS,ES,39.056317,-77.155949,2022,9,14
220039494,Injury Crash,09/11/2022 01:49:00 PM,DAMASCUS RD,NA,SINGLE VEHICLE,Cloudy,WET,Daylight,NO CONTROLS,ALCOHOL PRESENT,Yes,Possible Minor Injury,"N/A, WET",UNKNOWN,MD,PASSENGER CAR,MOVING CONSTANT SPEED,50,No,2009,ACURA,MDX,39.28374333,-77.17892,2022,9,13
220039491,Injury Crash,09/11/2022 01:43:00 PM,PARKLAWN DR,NA,SAME DIRECTION LEFT TURN,Clear,WET,Daylight,NO CONTROLS,NONE DETECTED,No,Possible Minor Injury,"N/A, WET",NOT DISTRACTED,MD,PASSENGER CAR,MOVING CONSTANT SPEED,35,No,2017,TOYOTA,SIENNA,39.0511775,-77.1055643,2022,9,13
220039491,Injury Crash,09/11/2022 01:43:00 PM,PARKLAWN DR,NA,SAME DIRECTION LEFT TURN,Clear,WET,Daylight,NO CONTROLS,NONE DETECTED,Yes,No Apparent Injury,"N/A, WET",INATTENTIVE OR LOST IN THOUGHT,MD,PASSENGER CAR,MAKING LEFT TURN,35,No,2011,TOYT,SIENNA,39.0511775,-77.1055643,2022,9,13
220039488,Injury Crash,09/11/2022 01:20:00 PM,NA,PEDESTRIAN,N/A,Rain,NA,Daylight,N/A,NONE DETECTED,Yes,No Apparent Injury,N/A,NOT DISTRACTED,MD,PASSENGER CAR,MAKING LEFT TURN,25,No,2012,TOYT,SIENNA,39.0529015,-77.0502545,2022,9,13
220039485,Property Damage Crash,09/11/2022 01:00:00 PM,E RANDOLPH RD,NA,SAME DIR REAR END,Rain,OIL,Daylight,NO CONTROLS,NONE DETECTED,No,No Apparent Injury,"RAIN, SNOW, WET",NOT DISTRACTED,MD,TRANSIT BUS,SLOWING OR STOPPING,40,No,2016,GILL,BUS,39.0648965,-76.9708005,2022,9,13
220039485,Property Damage Crash,09/11/2022 01:00:00 PM,E RANDOLPH RD,NA,SAME DIR REAR END,Rain,OIL,Daylight,NO CONTROLS,NONE DETECTED,Yes,No Apparent Injury,"RAIN, SNOW, WET",NOT DISTRACTED,TX,PASSENGER CAR,SLOWING OR STOPPING,40,No,2009,KIA,SPECTRA,39.0648965,-76.9708005,2022,9,13
220039483,Injury Crash,09/11/2022 12:28:00 PM,E RANDOLPH RD,NA,HEAD ON LEFT TURN,Rain,OIL,Daylight,NO CONTROLS,NONE DETECTED,No,Possible Minor Injury,"N/A, V EXHAUST SYSTEM|R OTHER ROAD",NOT DISTRACTED,MD,PASSENGER CAR,MOVING CONSTANT SPEED,40,No,2019,HONDA,PILOT,39.06525883,-76.97197067,2022,9,12
220039483,Injury Crash,09/11/2022 12:28:00 PM,E RANDOLPH RD,NA,HEAD ON LEFT TURN,Rain,OIL,Daylight,NO CONTROLS,NONE DETECTED,Yes,Possible Minor Injury,"N/A, V EXHAUST SYSTEM|R OTHER ROAD",NOT DISTRACTED,MD,PASSENGER CAR,SKIDDING,40,No,2002,FORD,MUSTANG,39.06525883,-76.97197067,2022,9,12
220039482,Property Damage Crash,09/11/2022 12:18:00 PM,CARROLL AVE,NA,SAME DIR REAR END,Rain,WET,Daylight,NO CONTROLS,NONE DETECTED,No,No Apparent Injury,"RAIN, SNOW, WET",NOT DISTRACTED,MD,TRANSIT BUS,STOPPED IN TRAFFIC LANE,25,No,2014,GILL,BUS,38.98819,-76.99419,2022,9,12
220039482,Property Damage Crash,09/11/2022 12:18:00 PM,CARROLL AVE,NA,SAME DIR REAR END,Rain,WET,Daylight,NO CONTROLS,NONE DETECTED,No,No Apparent Injury,"RAIN, SNOW, WET",NOT DISTRACTED,MD,PASSENGER CAR,STOPPED IN TRAFFIC LANE,25,No,2008,TOYOTA,SIENNA,38.98819,-76.99419,2022,9,12
220039482,Property Damage Crash,09/11/2022 12:18:00 PM,CARROLL AVE,NA,SAME DIR REAR END,Rain,WET,Daylight,NO CONTROLS,NONE DETECTED,Yes,No Apparent Injury,"RAIN, SNOW, WET",UNKNOWN,MD,PASSENGER CAR,SLOWING OR STOPPING,25,No,2014,HONDA,ACCORD,38.98819,-76.99419,2022,9,12
220039479,Property Damage Crash,09/11/2022 11:40:00 AM,E GUDE DR,NA,SAME DIR REAR END,Rain,WET,Daylight,NO CONTROLS,NONE DETECTED,No,No Apparent Injury,"N/A, WET",NOT DISTRACTED,MD,PASSENGER CAR,SLOWING OR STOPPING,40,No,2019,CHEVY,CRUZE,39.10539167,-77.14446667,2022,9,11
220039479,Property Damage Crash,09/11/2022 11:40:00 AM,E GUDE DR,NA,SAME DIR REAR END,Rain,WET,Daylight,NO CONTROLS,NONE DETECTED,Yes,No Apparent Injury,"N/A, WET",UNKNOWN,MD,PASSENGER CAR,MOVING CONSTANT SPEED,40,No,2004,FORD,ESCAPE,39.10539167,-77.14446667,2022,9,11
220039475,Injury Crash,09/11/2022 10:45:00 AM,WHITES FERRY RD,NA,STRAIGHT MOVEMENT ANGLE,Rain,WET,Daylight,NO CONTROLS,NONE DETECTED,No,Possible Minor Injury,"RAIN, SNOW, WET",NOT DISTRACTED,MD,PASSENGER CAR,MOVING CONSTANT SPEED,25,No,2021,JEEP,UT,39.13243667,-77.386265,2022,9,10
220039475,Injury Crash,09/11/2022 10:45:00 AM,WHITES FERRY RD,NA,STRAIGHT MOVEMENT ANGLE,Rain,WET,Daylight,NO CONTROLS,NONE DETECTED,Yes,No Apparent Injury,"RAIN, SNOW, WET",NOT DISTRACTED,MD,PASSENGER CAR,MOVING CONSTANT SPEED,25,No,2003,TOYT,CAMRY,39.13243667,-77.386265,2022,9,10
220039474,Injury Crash,09/11/2022 10:45:00 AM,ROCKLEDGE DR,NA,SINGLE VEHICLE,Rain,WET,Daylight,TRAFFIC SIGNAL,NONE DETECTED,Yes,Possible Minor Injury,"RAIN, SNOW, WET",NOT DISTRACTED,DC,PASSENGER CAR,MOVING CONSTANT SPEED,35,No,2016,CHEV,EQUINOX,39.03190833,-77.13162167,2022,9,10
220039472,Property Damage Crash,09/11/2022 10:23:00 AM,RANDOLPH RD,NA,SAME DIR REAR END,Rain,WET,Daylight,TRAFFIC SIGNAL,NONE DETECTED,Yes,No Apparent Injury,N/A,LOOKED BUT DID NOT SEE,XX,VAN,MOVING CONSTANT SPEED,25,No,2014,FORD,VN,39.05683167,-77.07385167,2022,9,10
220039472,Property Damage Crash,09/11/2022 10:23:00 AM,RANDOLPH RD,NA,SAME DIR REAR END,Rain,WET,Daylight,TRAFFIC SIGNAL,NONE DETECTED,No,No Apparent Injury,N/A,NOT DISTRACTED,MD,PASSENGER CAR,MAKING LEFT TURN,25,No,2010,LEXS,TK,39.05683167,-77.07385167,2022,9,10
220039473,Property Damage Crash,09/11/2022 10:22:00 AM,RANDOLPH RD,NA,STRAIGHT MOVEMENT ANGLE,Rain,WET,Daylight,NO CONTROLS,NONE DETECTED,Yes,No Apparent Injury,N/A,NOT DISTRACTED,MD,(SPORT) UTILITY VEHICLE,MAKING LEFT TURN,40,No,2021,TOYT,UT,39.07326,-77.00820667,2022,9,10
220039473,Property Damage Crash,09/11/2022 10:22:00 AM,RANDOLPH RD,NA,STRAIGHT MOVEMENT ANGLE,Rain,WET,Daylight,NO CONTROLS,NONE DETECTED,No,No Apparent Injury,N/A,NOT DISTRACTED,MD,(SPORT) UTILITY VEHICLE,MOVING CONSTANT SPEED,40,No,2021,MAZD,UT,39.07326,-77.00820667,2022,9,10
220039467,Property Damage Crash,09/11/2022 10:03:00 AM,COLUMBIA PIKE,NA,SAME DIRECTION LEFT TURN,Rain,WET,Daylight,NO CONTROLS,NONE DETECTED,Yes,No Apparent Injury,"RAIN, SNOW, WET",NOT DISTRACTED,MD,PASSENGER CAR,MOVING CONSTANT SPEED,40,No,2020,FORD,UT,39.03282,-77.0033,2022,9,10
220039467,Property Damage Crash,09/11/2022 10:03:00 AM,COLUMBIA PIKE,NA,SAME DIRECTION LEFT TURN,Rain,WET,Daylight,NO CONTROLS,NONE DETECTED,No,No Apparent Injury,"RAIN, SNOW, WET",NOT DISTRACTED,MD,PASSENGER CAR,MOVING CONSTANT SPEED,40,No,2018,TOYOTA,HIGHLANDER,39.03282,-77.0033,2022,9,10
220039466,Injury Crash,09/11/2022 09:55:00 AM,ROCKLEDGE BLVD,NA,SINGLE VEHICLE,Rain,WET,Daylight,TRAFFIC SIGNAL,NONE DETECTED,Yes,Possible Minor Injury,"N/A, WET",NOT DISTRACTED,MD,PASSENGER CAR,MAKING LEFT TURN,30,No,2014,CHEVROLET,SONIC,39.03178,-77.13143333,2022,9,9
220039462,Property Damage Crash,09/11/2022 09:30:00 AM,VEIRS MILL RD,NA,SAME DIR REAR END,Rain,WET,Daylight,OTHER,NONE DETECTED,No,No Apparent Injury,"N/A, WET",NOT DISTRACTED,MD,(SPORT) UTILITY VEHICLE,STOPPED IN TRAFFIC LANE,35,No,2018,TOYT,HIGHLANDER,39.060221,-77.0896915,2022,9,9
220039462,Property Damage Crash,09/11/2022 09:30:00 AM,VEIRS MILL RD,NA,SAME DIR REAR END,Rain,WET,Daylight,OTHER,NONE DETECTED,Yes,No Apparent Injury,"N/A, WET",NOT DISTRACTED,MD,PASSENGER CAR,SLOWING OR STOPPING,35,No,2002,NISS,ALTIMA,39.060221,-77.0896915,2022,9,9
220039456,Property Damage Crash,09/11/2022 08:50:00 AM,SPRING ST,NA,SAME DIR REAR END,Rain,WET,Daylight,N/A,NONE DETECTED,Yes,No Apparent Injury,"N/A, RAIN, SNOW",INATTENTIVE OR LOST IN THOUGHT,VA,(SPORT) UTILITY VEHICLE,MOVING CONSTANT SPEED,30,No,2007,ACURA,RDX,39.00002667,-77.02862167,2022,9,8
220039459,Property Damage Crash,09/11/2022 08:32:00 AM,CROWNSGATE CIR,NA,SAME DIR REAR END,Clear,WET,Daylight,NO CONTROLS,NONE DETECTED,Yes,No Apparent Injury,"N/A, WET",UNKNOWN,SC,PASSENGER CAR,MOVING CONSTANT SPEED,25,No,2010,NISSAN,ALTIMA,39.155855,-77.283935,2022,9,8
220039449,Property Damage Crash,09/11/2022 06:30:00 AM,MIDCOUNTY HWY,NA,SINGLE VEHICLE,Rain,WET,Medium,TRAFFIC SIGNAL,NONE DETECTED,Yes,No Apparent Injury,"RAIN, SNOW, WET",UNKNOWN,MD,PASSENGER CAR,MOVING CONSTANT SPEED,45,No,2020,HOND,SD,39.14091833,-77.15180333,2022,9,6
220039447,Property Damage Crash,09/11/2022 04:43:00 AM,GEORGIA AVE,NA,SAME DIR REAR END,Clear,DRY,Medium,TRAFFIC SIGNAL,NONE DETECTED,No,No Apparent Injury,N/A,NOT DISTRACTED,MD,PASSENGER CAR,STOPPED IN TRAFFIC LANE,35,No,2014,VOLKSWAGEN,JETTA,39.062935,-77.05487333,2022,9,4
220039447,Property Damage Crash,09/11/2022 04:43:00 AM,GEORGIA AVE,NA,SAME DIR REAR END,Clear,DRY,Medium,TRAFFIC SIGNAL,NONE DETECTED,Yes,No Apparent Injury,N/A,NOT DISTRACTED,MD,PASSENGER CAR,MOVING CONSTANT SPEED,35,No,2014,TOYOTA,CAMRY,39.062935,-77.05487333,2022,9,4
220039443,Property Damage Crash,09/11/2022 03:33:00 AM,E RANDOLPH RD,NA,STRAIGHT MOVEMENT ANGLE,Clear,DRY,Medium,FLASHING TRAFFIC SIGNAL,NONE DETECTED,Yes,No Apparent Injury,N/A,UNKNOWN,MD,PASSENGER CAR,ACCELERATING,35,No,2011,NISS,TK,39.0633691,-76.9658525,2022,9,3
220039443,Property Damage Crash,09/11/2022 03:33:00 AM,E RANDOLPH RD,NA,STRAIGHT MOVEMENT ANGLE,Clear,DRY,Medium,FLASHING TRAFFIC SIGNAL,ALCOHOL PRESENT,No,No Apparent Injury,N/A,UNKNOWN,MD,PASSENGER CAR,MOVING CONSTANT SPEED,35,No,2006,CHRV,SW,39.0633691,-76.9658525,2022,9,3
220039443,Property Damage Crash,09/11/2022 03:33:00 AM,E RANDOLPH RD,NA,STRAIGHT MOVEMENT ANGLE,Clear,DRY,Medium,FLASHING TRAFFIC SIGNAL,NONE DETECTED,No,No Apparent Injury,N/A,UNKNOWN,DC,PASSENGER CAR,SLOWING OR STOPPING,35,No,2016,TOYOTA,SD,39.0633691,-76.9658525,2022,9,3
220039443,Property Damage Crash,09/11/2022 03:33:00 AM,E RANDOLPH RD,NA,STRAIGHT MOVEMENT ANGLE,Clear,DRY,Medium,FLASHING TRAFFIC SIGNAL,NONE DETECTED,No,No Apparent Injury,N/A,NOT DISTRACTED,MD,PASSENGER CAR,MOVING CONSTANT SPEED,35,No,2013,NISS,4H,39.0633691,-76.9658525,2022,9,3
220039442,Property Damage Crash,09/11/2022 02:38:00 AM,WATERS LANDING DR,NA,OTHER,Rain,WET,Medium,NO CONTROLS,NONE DETECTED,Yes,No Apparent Injury,"RAIN, SNOW, WET",UNKNOWN,MD,PASSENGER CAR,MOVING CONSTANT SPEED,30,No,2007,DODGE RAM,TRUCK,39.194305,-77.28477667,2022,9,2
220039436,Injury Crash,09/11/2022 01:54:00 AM,OLNEY SANDY SPRING RD,NA,STRAIGHT MOVEMENT ANGLE,Clear,DRY,Medium,FLASHING TRAFFIC SIGNAL,NONE DETECTED,Yes,Possible Minor Injury,N/A,NOT DISTRACTED,MD,PASSENGER CAR,MOVING CONSTANT SPEED,30,No,1999,MAZDA,CN,39.146538,-77.050511,2022,9,1
220039436,Injury Crash,09/11/2022 01:54:00 AM,OLNEY SANDY SPRING RD,NA,STRAIGHT MOVEMENT ANGLE,Clear,DRY,Medium,FLASHING TRAFFIC SIGNAL,NONE DETECTED,No,No Apparent Injury,N/A,NOT DISTRACTED,MD,PASSENGER CAR,MOVING CONSTANT SPEED,40,No,2010,TOYOTA,PRIUS,39.146538,-77.050511,2022,9,1
220039428,Property Damage Crash,09/10/2022 11:03:00 PM,CONNECTICUT AVE,NA,SINGLE VEHICLE,Clear,DRY,Medium,NO CONTROLS,NONE DETECTED,Yes,No Apparent Injury,N/A,UNKNOWN,MD,PASSENGER CAR,MOVING CONSTANT SPEED,30,No,2014,HYUNDAI,ACENT,39.0284848,-77.0765702,2022,9,23
220040379,Property Damage Crash,09/10/2022 09:00:00 PM,NA,NA,SAME DIRECTION LEFT TURN,Clear,NA,Medium,NO CONTROLS,ALCOHOL PRESENT,Yes,No Apparent Injury,N/A,INATTENTIVE OR LOST IN THOUGHT,VA,PASSENGER CAR,MOVING CONSTANT SPEED,5,No,2016,FORD,F150,39.045288,-76.99125783,2022,9,21
220040379,Property Damage Crash,09/10/2022 09:00:00 PM,NA,NA,SAME DIRECTION LEFT TURN,Clear,NA,Medium,NO CONTROLS,NONE DETECTED,No,No Apparent Injury,N/A,NOT DISTRACTED,MD,PASSENGER CAR,PARKED,5,No,2010,HONDDA,ACCORD,39.045288,-76.99125783,2022,9,21
220039406,Property Damage Crash,09/10/2022 08:04:00 PM,BILLINGTON RD,NA,STRAIGHT MOVEMENT ANGLE,Clear,DRY,Medium,STOP SIGN,NONE DETECTED,Yes,No Apparent Injury,N/A,LOOKED BUT DID NOT SEE,MD,PASSENGER CAR,MOVING CONSTANT SPEED,30,No,2010,HONDA,ACCORD,39.0649306,-76.9830707,2022,9,20
220039406,Property Damage Crash,09/10/2022 08:04:00 PM,BILLINGTON RD,NA,STRAIGHT MOVEMENT ANGLE,Clear,DRY,Medium,STOP SIGN,NONE DETECTED,No,No Apparent Injury,N/A,NOT DISTRACTED,MD,PASSENGER CAR,MOVING CONSTANT SPEED,30,No,2012,DODGE,CHARGER,39.0649306,-76.9830707,2022,9,20
220039404,Property Damage Crash,09/10/2022 07:55:00 PM,RIVER RD,NA,STRAIGHT MOVEMENT ANGLE,Clear,DRY,Dark,TRAFFIC SIGNAL,NONE DETECTED,Yes,No Apparent Injury,N/A,NOT DISTRACTED,MD,STATION WAGON,MOVING CONSTANT SPEED,35,No,2013,SUBARU,SW,38.990036,-77.15384,2022,9,19
220039404,Property Damage Crash,09/10/2022 07:55:00 PM,RIVER RD,NA,STRAIGHT MOVEMENT ANGLE,Clear,DRY,Dark,TRAFFIC SIGNAL,NONE DETECTED,Yes,No Apparent Injury,N/A,NOT DISTRACTED,MD,PASSENGER CAR,ACCELERATING,35,No,2005,SAAB,93,38.990036,-77.15384,2022,9,19
220039402,Property Damage Crash,09/10/2022 07:25:00 PM,E DIAMOND AVE,NA,SINGLE VEHICLE,Clear,DRY,Medium,NO CONTROLS,NONE DETECTED,Yes,No Apparent Injury,N/A,UNKNOWN,MD,PASSENGER CAR,MOVING CONSTANT SPEED,30,No,2017,HONDA,CIVIC,39.4886753,-77.3425217,2022,9,19
220039418,Property Damage Crash,09/10/2022 07:21:00 PM,CRYSTAL ROCK DR,NA,SAME DIR REAR END,Clear,DRY,Medium,NO CONTROLS,NONE DETECTED,No,No Apparent Injury,N/A,NOT DISTRACTED,MD,"MEDIUM/HEAVY TRUCKS 3 AXLES (OVER 10,000LBS (4,536KG))",MOVING CONSTANT SPEED,40,No,2016,FORD,450,39.1842,-77.26346333,2022,9,19
220039418,Property Damage Crash,09/10/2022 07:21:00 PM,CRYSTAL ROCK DR,NA,SAME DIR REAR END,Clear,DRY,Medium,NO CONTROLS,NONE DETECTED,Yes,No Apparent Injury,N/A,UNKNOWN,NA,PASSENGER CAR,MOVING CONSTANT SPEED,40,No,2015,CHEVROLET,EXPRESS,39.1842,-77.26346333,2022,9,19
220039399,Injury Crash,09/10/2022 06:56:00 PM,PINEY BRANCH RD,PEDESTRIAN,SINGLE VEHICLE,Clear,DRY,Medium,WARNING SIGN,NONE DETECTED,Yes,No Apparent Injury,N/A,LOOKED BUT DID NOT SEE,MD,PASSENGER CAR,MOVING CONSTANT SPEED,35,No,2021,LEXUS,UT,39.03362783,-77.00331017,2022,9,18
220039395,Property Damage Crash,09/10/2022 06:00:00 PM,NA,NA,OTHER,Clear,NA,Daylight,NO CONTROLS,ALCOHOL PRESENT,Yes,No Apparent Injury,N/A,NOT DISTRACTED,XX,PASSENGER CAR,BACKING,5,No,2000,FORD,F450,39.12761617,-77.20858248,2022,9,18
220039395,Property Damage Crash,09/10/2022 06:00:00 PM,NA,NA,OTHER,Clear,NA,Daylight,NO CONTROLS,NONE DETECTED,No,No Apparent Injury,N/A,NOT DISTRACTED,MD,PASSENGER CAR,ACCELERATING,5,No,2021,VOLK,UT,39.12761617,-77.20858248,2022,9,18
220039398,Property Damage Crash,09/10/2022 06:00:00 PM,VEIRS MILL RD,OTHER CONVEYANCE,STRAIGHT MOVEMENT ANGLE,Clear,DRY,Daylight,TRAFFIC SIGNAL,NONE DETECTED,No,No Apparent Injury,N/A,NOT DISTRACTED,MD,PASSENGER CAR,STARTING FROM LANE,40,No,2005,MERCEDES,ML350,39.05605833,-77.08309333,2022,9,18
220039390,Injury Crash,09/10/2022 05:37:00 PM,NEW HAMPSHIRE AVE,PEDESTRIAN,SINGLE VEHICLE,Cloudy,DRY,Daylight,TRAFFIC SIGNAL,NONE DETECTED,No,No Apparent Injury,N/A,NOT DISTRACTED,MD,PASSENGER CAR,MOVING CONSTANT SPEED,40,No,2011,MINI COOPER,MODEL S,39.02236583,-76.978043,2022,9,17
220039384,Property Damage Crash,09/10/2022 05:30:00 PM,CONNECTICUT AVE,NA,SAME DIRECTION SIDESWIPE,Clear,DRY,Daylight,NO CONTROLS,NONE DETECTED,Yes,No Apparent Injury,N/A,UNKNOWN,NJ,PASSENGER CAR,CHANGING LANES,40,No,2018,BMW,M3,39.04814333,-77.075735,2022,9,17
220039384,Property Damage Crash,09/10/2022 05:30:00 PM,CONNECTICUT AVE,NA,SAME DIRECTION SIDESWIPE,Clear,DRY,Daylight,NO CONTROLS,NONE DETECTED,No,No Apparent Injury,N/A,NOT DISTRACTED,US,PASSENGER CAR,MOVING CONSTANT SPEED,40,No,2007,TOYOTA,CAMRY,39.04814333,-77.075735,2022,9,17
220039384,Property Damage Crash,09/10/2022 05:30:00 PM,CONNECTICUT AVE,NA,SAME DIRECTION SIDESWIPE,Clear,DRY,Daylight,NO CONTROLS,NONE DETECTED,No,No Apparent Injury,N/A,NOT DISTRACTED,MD,PASSENGER CAR,MOVING CONSTANT SPEED,40,No,2020,TOYOTA,RAV4,39.04814333,-77.075735,2022,9,17
220039367,Property Damage Crash,09/10/2022 02:45:00 PM,FULKS CORNER AVE,NA,SAME DIR REAR END,Cloudy,DRY,Daylight,STOP SIGN,NONE DETECTED,No,No Apparent Injury,N/A,NOT DISTRACTED,MD,PASSENGER CAR,SLOWING OR STOPPING,25,No,2016,DODGE,UT,39.14065788,-77.19553667,2022,9,14
220039367,Property Damage Crash,09/10/2022 02:45:00 PM,FULKS CORNER AVE,NA,SAME DIR REAR END,Cloudy,DRY,Daylight,STOP SIGN,NONE DETECTED,Yes,No Apparent Injury,N/A,NOT DISTRACTED,MD,OTHER,SLOWING OR STOPPING,25,No,2007,HONDA,ACCORD,39.14065788,-77.19553667,2022,9,14
220039366,Injury Crash,09/10/2022 02:27:00 PM,NA,NA,SINGLE VEHICLE,Clear,NA,Daylight,NO CONTROLS,NONE DETECTED,Yes,Possible Minor Injury,N/A,INATTENTIVE OR LOST IN THOUGHT,MD,PASSENGER CAR,STARTING FROM PARKED,0,No,1999,TOYOTA,CAMRY,39.074492,-77.001647,2022,9,14
220039346,Injury Crash,09/10/2022 11:58:00 AM,WIGHTMAN RD,NA,SINGLE VEHICLE,Clear,DRY,Daylight,TRAFFIC SIGNAL,NONE DETECTED,Yes,Possible Minor Injury,N/A,NOT DISTRACTED,MD,PASSENGER CAR,STARTING FROM PARKED,35,No,2010,NISS,4S,39.190601,-77.19183417,2022,9,11
220039322,Injury Crash,09/10/2022 08:30:00 AM,COLESVILLE RD,NA,STRAIGHT MOVEMENT ANGLE,Cloudy,DRY,Daylight,STOP SIGN,NONE DETECTED,No,Suspected Serious Injury,N/A,NOT DISTRACTED,MD,PASSENGER CAR,MOVING CONSTANT SPEED,40,No,2015,HONDA,FIT,39.031352,-77.005197,2022,9,8
220039322,Injury Crash,09/10/2022 08:30:00 AM,COLESVILLE RD,NA,STRAIGHT MOVEMENT ANGLE,Cloudy,DRY,Daylight,STOP SIGN,NONE DETECTED,Yes,No Apparent Injury,N/A,LOOKED BUT DID NOT SEE,MD,PASSENGER CAR,ACCELERATING,15,No,2022,HONDA,CR-V,39.031352,-77.005197,2022,9,8
220039320,Property Damage Crash,09/10/2022 07:44:00 AM,WOODFIELD RD,NA,SINGLE VEHICLE,Clear,DRY,Daylight,NO CONTROLS,NONE DETECTED,No,No Apparent Injury,N/A,NOT DISTRACTED,MD,PASSENGER CAR,MOVING CONSTANT SPEED,35,No,2019,MNNI,SW,39.200245,-77.15761167,2022,9,7
220039319,Property Damage Crash,09/10/2022 07:19:00 AM,APPOMATTOX AVE,NA,UNKNOWN,Clear,DRY,Daylight,NO CONTROLS,NONE DETECTED,Unknown,No Apparent Injury,N/A,UNKNOWN,NA,NA,UNKNOWN,25,No,0,UNKNOWN,UNKNOWN,39.154105,-77.06184,2022,9,7
220039319,Property Damage Crash,09/10/2022 07:19:00 AM,APPOMATTOX AVE,NA,UNKNOWN,Clear,DRY,Daylight,NO CONTROLS,NONE DETECTED,Yes,No Apparent Injury,N/A,UNKNOWN,NA,NA,UNKNOWN,25,Unknown,0,UNKNOWN,UNKNOWN,39.154105,-77.06184,2022,9,7
220039315,Injury Crash,09/10/2022 06:59:00 AM,COLUMBIA PIKE,NA,SINGLE VEHICLE,Clear,DRY,Daylight,NO CONTROLS,NONE DETECTED,Yes,No Apparent Injury,"N/A, VISION OBSTRUCTION (INCL. BLINDED BY SUN)",LOOKED BUT DID NOT SEE,DC,PASSENGER CAR,MOVING CONSTANT SPEED,55,No,2007,HONDA,CIVIC,39.1105602,-76.9296153,2022,9,6
220039309,Property Damage Crash,09/10/2022 03:34:00 AM,MONTGOMERY VILLAGE AVE,NA,SINGLE VEHICLE,Clear,N/A,Medium,NO CONTROLS,ALCOHOL PRESENT,Yes,No Apparent Injury,N/A,NOT DISTRACTED,MD,PASSENGER CAR,MOVING CONSTANT SPEED,35,No,2006,TOYT,TK,39.13989547,-77.19553025,2022,9,3
220034805,Property Damage Crash,09/10/2022 12:13:00 AM,ROCKVILLE PIKE,NA,SAME DIR REAR END,Clear,DRY,Medium,TRAFFIC SIGNAL,NONE DETECTED,No,No Apparent Injury,N/A,NOT DISTRACTED,VA,PASSENGER CAR,STOPPED IN TRAFFIC LANE,35,No,2016,BMW,M4,38.99904333,-77.09675667,2022,9,0
220034805,Property Damage Crash,09/10/2022 12:13:00 AM,ROCKVILLE PIKE,NA,SAME DIR REAR END,Clear,DRY,Medium,TRAFFIC SIGNAL,ALCOHOL PRESENT,Yes,No Apparent Injury,N/A,NOT DISTRACTED,MD,PASSENGER CAR,SLOWING OR STOPPING,35,No,2013,HONDA,FIT,38.99904333,-77.09675667,2022,9,0
220039298,Property Damage Crash,09/09/2022 11:53:00 PM,COLESVILLE RD,NA,STRAIGHT MOVEMENT ANGLE,Clear,DRY,Medium,TRAFFIC SIGNAL,NONE DETECTED,Yes,No Apparent Injury,N/A,LOOKED BUT DID NOT SEE,MD,PASSENGER CAR,ACCELERATING,35,No,2018,HONDA,ACCORD,39.008736,-77.01838,2022,9,23
220039298,Property Damage Crash,09/09/2022 11:53:00 PM,COLESVILLE RD,NA,STRAIGHT MOVEMENT ANGLE,Clear,DRY,Medium,TRAFFIC SIGNAL,NONE DETECTED,Yes,No Apparent Injury,N/A,LOOKED BUT DID NOT SEE,MD,PASSENGER CAR,MAKING LEFT TURN,35,No,2017,SUBARU,IMPREZA,39.008736,-77.01838,2022,9,23
220039294,Injury Crash,09/09/2022 10:50:00 PM,MUNCASTER MILL RD,NA,SAME DIR REAR END,Clear,DRY,Dark,NO CONTROLS,NONE DETECTED,No,Possible Minor Injury,N/A,NOT DISTRACTED,MD,PASSENGER CAR,MOVING CONSTANT SPEED,40,No,2016,TOYOTA,COROLLA,39.11821833,-77.10233833,2022,9,22
220039294,Injury Crash,09/09/2022 10:50:00 PM,MUNCASTER MILL RD,NA,SAME DIR REAR END,Clear,DRY,Dark,NO CONTROLS,ALCOHOL PRESENT,Yes,No Apparent Injury,N/A,UNKNOWN,MD,(SPORT) UTILITY VEHICLE,MOVING CONSTANT SPEED,40,No,2016,FORD,EXPLORER,39.11821833,-77.10233833,2022,9,22
220039291,Injury Crash,09/09/2022 10:18:00 PM,GEORGIA AVE,NA,STRAIGHT MOVEMENT ANGLE,Clear,DRY,Medium,NO CONTROLS,NONE DETECTED,No,Possible Minor Injury,"N/A, VISION OBSTRUCTION (INCL. BLINDED BY SUN)",NOT DISTRACTED,MD,PASSENGER CAR,CHANGING LANES,45,No,2019,VOLKSWAGEN,GTI,39.085215,-77.078355,2022,9,22
220039291,Injury Crash,09/09/2022 10:18:00 PM,GEORGIA AVE,NA,STRAIGHT MOVEMENT ANGLE,Clear,DRY,Medium,NO CONTROLS,NONE DETECTED,Yes,No Apparent Injury,"N/A, VISION OBSTRUCTION (INCL. BLINDED BY SUN)",LOOKED BUT DID NOT SEE,MD,(SPORT) UTILITY VEHICLE,CHANGING LANES,45,No,2020,MAZDA,CX5,39.085215,-77.078355,2022,9,22
220039287,Injury Crash,09/09/2022 09:54:00 PM,GREAT SENECA HWY,NA,HEAD ON LEFT TURN,Clear,DRY,Medium,TRAFFIC SIGNAL,NONE DETECTED,Yes,Possible Minor Injury,N/A,NOT DISTRACTED,MD,PASSENGER CAR,MAKING LEFT TURN,45,No,2022,HONDA,CRV,39.16964134,-77.2490749,2022,9,21
220039287,Injury Crash,09/09/2022 09:54:00 PM,GREAT SENECA HWY,NA,HEAD ON LEFT TURN,Clear,DRY,Medium,TRAFFIC SIGNAL,NONE DETECTED,No,No Apparent Injury,N/A,NOT DISTRACTED,MD,PASSENGER CAR,MOVING CONSTANT SPEED,45,No,2018,TOYOTA,CAMRY,39.16964134,-77.2490749,2022,9,21