Local Case Number,ACRS Report Type,Crash Date/Time,Road Name,Related Non-Motorist,Collision Type,Weather,Surface Condition,Light,Traffic Control,Driver Substance Abuse,Driver At Fault,Injury Severity,Circumstance,Driver Distracted By,Drivers License State,Vehicle Body Type,Vehicle Movement,Speed Limit,Driverless Vehicle,Vehicle Year,Vehicle Make,Vehicle Model,Latitude,Longitude,Year,Month,Hour
220039261,Injury Crash,09/09/2022 06:52:00 PM,VEIRS MILL RD,NA,HEAD ON LEFT TURN,Clear,DRY,Daylight,N/A,NONE DETECTED,No,Possible Minor Injury,N/A,UNKNOWN,MD,PASSENGER CAR,MOVING CONSTANT SPEED,40,No,2018,INFINITI,4S,39.07416767,-77.1137655,2022,9,18
220039261,Injury Crash,09/09/2022 06:52:00 PM,VEIRS MILL RD,NA,HEAD ON LEFT TURN,Clear,DRY,Daylight,N/A,NONE DETECTED,Yes,No Apparent Injury,N/A,UNKNOWN,MD,PASSENGER CAR,MOVING CONSTANT SPEED,40,No,2016,HONDA,CIVIC,39.07416767,-77.1137655,2022,9,18
220039261,Injury Crash,09/09/2022 06:52:00 PM,VEIRS MILL RD,NA,HEAD ON LEFT TURN,Clear,DRY,Daylight,N/A,NONE DETECTED,No,No Apparent Injury,N/A,NOT DISTRACTED,MD,(SPORT) UTILITY VEHICLE,MOVING CONSTANT SPEED,40,No,2011,MERCEDES,TK,39.07416767,-77.1137655,2022,9,18
220039262,Property Damage Crash,09/09/2022 06:15:00 PM,NA,NA,SINGLE VEHICLE,Clear,NA,Daylight,N/A,NONE DETECTED,Yes,No Apparent Injury,N/A,LOOKED BUT DID NOT SEE,MD,(SPORT) UTILITY VEHICLE,BACKING,0,No,2021,FORD,EXPLORER,39.09325167,-77.17585833,2022,9,18
220039248,Property Damage Crash,09/09/2022 05:17:00 PM,GEORGIA AVE,NA,SAME DIR REND RIGHT TURN,Clear,DRY,Daylight,NO CONTROLS,NONE DETECTED,Yes,No Apparent Injury,N/A,LOOKED BUT DID NOT SEE,MD,PASSENGER CAR,MAKING RIGHT TURN,45,No,2016,HONDA,CRV,39.13094667,-77.07103333,2022,9,17
220039248,Property Damage Crash,09/09/2022 05:17:00 PM,GEORGIA AVE,NA,SAME DIR REND RIGHT TURN,Clear,DRY,Daylight,NO CONTROLS,NONE DETECTED,No,No Apparent Injury,N/A,NOT DISTRACTED,WV,PASSENGER CAR,MOVING CONSTANT SPEED,45,No,2018,HYUND,ELANTRA,39.13094667,-77.07103333,2022,9,17
220039242,Injury Crash,09/09/2022 05:13:00 PM,S FREDERICK RD,NA,SAME DIR REAR END,Clear,DRY,Daylight,NO CONTROLS,NONE DETECTED,Yes,No Apparent Injury,N/A,UNKNOWN,MD,PASSENGER CAR,SLOWING OR STOPPING,40,No,2003,HOND,4S,39.13033683,-77.18717117,2022,9,17
220039242,Injury Crash,09/09/2022 05:13:00 PM,S FREDERICK RD,NA,SAME DIR REAR END,Clear,DRY,Daylight,NO CONTROLS,NONE DETECTED,No,No Apparent Injury,N/A,NOT DISTRACTED,MD,PASSENGER CAR,STOPPED IN TRAFFIC LANE,40,No,2022,HOND,SD,39.13033683,-77.18717117,2022,9,17
220039240,Property Damage Crash,09/09/2022 05:08:00 PM,E RANDOLPH RD,NA,SAME DIR REAR END,Clear,DRY,Daylight,NO CONTROLS,NONE DETECTED,No,No Apparent Injury,N/A,NOT DISTRACTED,MD,PASSENGER CAR,SLOWING OR STOPPING,35,No,2010,SUBARU,FORESTER,39.065829,-76.973609,2022,9,17
220039240,Property Damage Crash,09/09/2022 05:08:00 PM,E RANDOLPH RD,NA,SAME DIR REAR END,Clear,DRY,Daylight,NO CONTROLS,NONE DETECTED,Yes,No Apparent Injury,N/A,LOOKED BUT DID NOT SEE,MD,PASSENGER CAR,MOVING CONSTANT SPEED,35,No,2017,FORD,FOCUS,39.065829,-76.973609,2022,9,17
220039241,Property Damage Crash,09/09/2022 05:00:00 PM,PAULA LYNN DR,NA,SINGLE VEHICLE,Clear,DRY,Daylight,NO CONTROLS,NONE DETECTED,Yes,No Apparent Injury,N/A,LOOKED BUT DID NOT SEE,MD,SCHOOL BUS,MOVING CONSTANT SPEED,25,No,2015,FRHT,BUS,39.08611667,-77.01274167,2022,9,17
220039227,Property Damage Crash,09/09/2022 04:20:00 PM,NORBECK RD,NA,SAME DIR REAR END,Clear,DRY,Daylight,NO CONTROLS,NONE DETECTED,No,No Apparent Injury,N/A,NOT DISTRACTED,MD,PASSENGER CAR,STOPPED IN TRAFFIC LANE,35,No,2019,LEXUS,UT,39.09795283,-77.10428167,2022,9,16
220039227,Property Damage Crash,09/09/2022 04:20:00 PM,NORBECK RD,NA,SAME DIR REAR END,Clear,DRY,Daylight,NO CONTROLS,NONE DETECTED,No,No Apparent Injury,N/A,NOT DISTRACTED,MD,AMBULANCE/EMERGENCY,STOPPED IN TRAFFIC LANE,35,No,2020,FORESTER,UT,39.09795283,-77.10428167,2022,9,16
220039227,Property Damage Crash,09/09/2022 04:20:00 PM,NORBECK RD,NA,SAME DIR REAR END,Clear,DRY,Daylight,NO CONTROLS,NONE DETECTED,No,No Apparent Injury,N/A,NOT DISTRACTED,MD,PASSENGER CAR,STOPPED IN TRAFFIC LANE,35,No,2019,NISS,SD,39.09795283,-77.10428167,2022,9,16
220039227,Property Damage Crash,09/09/2022 04:20:00 PM,NORBECK RD,NA,SAME DIR REAR END,Clear,DRY,Daylight,NO CONTROLS,NONE DETECTED,Yes,No Apparent Injury,N/A,NOT DISTRACTED,MD,PASSENGER CAR,SLOWING OR STOPPING,35,No,2015,NISS,TK,39.09795283,-77.10428167,2022,9,16
220039215,Property Damage Crash,09/09/2022 03:30:00 PM,CRABBS BRANCH WAY,NA,HEAD ON LEFT TURN,Clear,DRY,Daylight,NO CONTROLS,NONE DETECTED,No,No Apparent Injury,N/A,NOT DISTRACTED,MD,VAN,MOVING CONSTANT SPEED,25,No,2021,FORD,CG,39.111975,-77.15616167,2022,9,15
220039215,Property Damage Crash,09/09/2022 03:30:00 PM,CRABBS BRANCH WAY,NA,HEAD ON LEFT TURN,Clear,DRY,Daylight,NO CONTROLS,NONE DETECTED,Yes,No Apparent Injury,N/A,UNKNOWN,MN,VAN,ACCELERATING,25,No,2006,TOYOTA,SIENNA,39.111975,-77.15616167,2022,9,15
220039216,Injury Crash,09/09/2022 03:17:00 PM,VEIRS MILL RD,NA,SAME DIR REAR END,Clear,DRY,Daylight,N/A,NONE DETECTED,No,Possible Minor Injury,N/A,NOT DISTRACTED,MD,PASSENGER CAR,STOPPED IN TRAFFIC LANE,35,No,2019,TOYOTA,CAMRY,39.055943,-77.082006,2022,9,15
220039216,Injury Crash,09/09/2022 03:17:00 PM,VEIRS MILL RD,NA,SAME DIR REAR END,Clear,DRY,Daylight,N/A,NONE DETECTED,No,No Apparent Injury,N/A,NOT DISTRACTED,MD,PASSENGER CAR,STOPPED IN TRAFFIC LANE,35,No,2010,TOYOTA,TK,39.055943,-77.082006,2022,9,15
220039216,Injury Crash,09/09/2022 03:17:00 PM,VEIRS MILL RD,NA,SAME DIR REAR END,Clear,DRY,Daylight,N/A,NONE DETECTED,Yes,No Apparent Injury,N/A,OTHER DISTRACTION,MD,PASSENGER CAR,SLOWING OR STOPPING,35,No,2013,HONDA,ACCORD,39.055943,-77.082006,2022,9,15
220039210,Injury Crash,09/09/2022 03:10:00 PM,GEORGIA AVE,NA,SAME DIR REAR END,Clear,DRY,Daylight,NO CONTROLS,NONE DETECTED,Yes,No Apparent Injury,N/A,NOT DISTRACTED,MD,PASSENGER CAR,MOVING CONSTANT SPEED,35,No,2016,TOYOTA,TUNDRA,39.07470683,-77.06774783,2022,9,15
220039210,Injury Crash,09/09/2022 03:10:00 PM,GEORGIA AVE,NA,SAME DIR REAR END,Clear,DRY,Daylight,NO CONTROLS,NONE DETECTED,No,Possible Minor Injury,N/A,NOT DISTRACTED,MD,"CARGO VAN/LIGHT TRUCK 2 AXLES (OVER 10,000LBS (4,536 KG))",PARKED,35,No,2012,FRHT,D,39.07470683,-77.06774783,2022,9,15
220039208,Injury Crash,09/09/2022 02:45:00 PM,WIGHTMAN RD,NA,HEAD ON LEFT TURN,Clear,DRY,Daylight,NO CONTROLS,NONE DETECTED,Yes,Possible Minor Injury,N/A,UNKNOWN,MD,PASSENGER CAR,MAKING LEFT TURN,35,No,2013,NISSAN,LEAF,39.1909374,-77.1757973,2022,9,14
220039208,Injury Crash,09/09/2022 02:45:00 PM,WIGHTMAN RD,NA,HEAD ON LEFT TURN,Clear,DRY,Daylight,NO CONTROLS,NONE DETECTED,No,No Apparent Injury,N/A,NOT DISTRACTED,MD,PASSENGER CAR,STOPPED IN TRAFFIC LANE,35,No,2013,NISSAN,JUKE,39.1909374,-77.1757973,2022,9,14
220039208,Injury Crash,09/09/2022 02:45:00 PM,WIGHTMAN RD,NA,HEAD ON LEFT TURN,Clear,DRY,Daylight,NO CONTROLS,NONE DETECTED,No,Possible Minor Injury,N/A,NOT DISTRACTED,MD,PASSENGER CAR,MOVING CONSTANT SPEED,35,No,2013,NISSAN,ALTIMA,39.1909374,-77.1757973,2022,9,14
220039199,Property Damage Crash,09/09/2022 02:09:00 PM,GREAT SENECA HWY,NA,SAME DIRECTION SIDESWIPE,Clear,DRY,Daylight,NO CONTROLS,NONE DETECTED,Yes,No Apparent Injury,N/A,LOOKED BUT DID NOT SEE,MD,PASSENGER CAR,CHANGING LANES,55,No,2020,PORSCHE,CAYENNE,39.11240292,-77.22133398,2022,9,14
220039199,Property Damage Crash,09/09/2022 02:09:00 PM,GREAT SENECA HWY,NA,SAME DIRECTION SIDESWIPE,Clear,DRY,Daylight,NO CONTROLS,NONE DETECTED,No,No Apparent Injury,N/A,NOT DISTRACTED,MD,TRANSIT BUS,MOVING CONSTANT SPEED,55,No,2008,GILL,BU,39.11240292,-77.22133398,2022,9,14
220039185,Injury Crash,09/09/2022 12:58:00 PM,ROSSMOOR BLVD,NA,HEAD ON LEFT TURN,Clear,DRY,Daylight,N/A,NONE DETECTED,No,Possible Minor Injury,N/A,NOT DISTRACTED,MD,PASSENGER CAR,MOVING CONSTANT SPEED,25,No,2006,CHRYSLER,300,39.10108,-77.07574,2022,9,12
220039185,Injury Crash,09/09/2022 12:58:00 PM,ROSSMOOR BLVD,NA,HEAD ON LEFT TURN,Clear,DRY,Daylight,N/A,NONE DETECTED,Yes,No Apparent Injury,N/A,DISTRACTED BY OUTSIDE PERSON OBJECT OR EVENT,MD,PASSENGER CAR,MAKING LEFT TURN,25,No,2006,HONDA,PILOT,39.10108,-77.07574,2022,9,12
220039175,Property Damage Crash,09/09/2022 11:25:00 AM,NA,NA,OTHER,Clear,NA,Daylight,N/A,NONE DETECTED,Yes,No Apparent Injury,N/A,NOT DISTRACTED,MD,PICKUP TRUCK,BACKING,0,No,2012,FORD,F350,39.07511217,-77.13710483,2022,9,11
220039175,Property Damage Crash,09/09/2022 11:25:00 AM,NA,NA,OTHER,Clear,NA,Daylight,N/A,NONE DETECTED,No,No Apparent Injury,N/A,NOT DISTRACTED,MD,(SPORT) UTILITY VEHICLE,MOVING CONSTANT SPEED,0,No,2014,FORD,FLEX,39.07511217,-77.13710483,2022,9,11
220039183,Property Damage Crash,09/09/2022 10:03:00 AM,AMHERST AVE,NA,SAME DIRECTION SIDESWIPE,Clear,DRY,Daylight,N/A,NONE DETECTED,Yes,No Apparent Injury,N/A,NOT DISTRACTED,MD,PICKUP TRUCK,ACCELERATING,25,No,2011,TOYOTA,TACOMA,39.05266,-77.05104167,2022,9,10
220039147,Injury Crash,09/09/2022 08:37:00 AM,OLD GEORGETOWN RD,NA,SAME DIR REAR END,Clear,DRY,Daylight,TRAFFIC SIGNAL,NONE DETECTED,Yes,No Apparent Injury,N/A,LOOKED BUT DID NOT SEE,MD,"CARGO VAN/LIGHT TRUCK 2 AXLES (OVER 10,000LBS (4,536 KG))",STARTING FROM LANE,40,No,2021,MERZ,CARGO VAN,39.03520533,-77.12561667,2022,9,8
220039147,Injury Crash,09/09/2022 08:37:00 AM,OLD GEORGETOWN RD,NA,SAME DIR REAR END,Clear,DRY,Daylight,TRAFFIC SIGNAL,NONE DETECTED,No,Possible Minor Injury,N/A,NOT DISTRACTED,DC,(SPORT) UTILITY VEHICLE,STOPPED IN TRAFFIC LANE,40,No,2012,TOYOTA,HIGHLANDER,39.03520533,-77.12561667,2022,9,8
220039145,Injury Crash,09/09/2022 08:35:00 AM,EDMONSTON DR,NA,OTHER,Clear,DRY,Daylight,TRAFFIC SIGNAL,NONE DETECTED,Yes,Possible Minor Injury,N/A,UNKNOWN,MD,PASSENGER CAR,MOVING CONSTANT SPEED,35,No,2004,LEXUS,SD,39.072211,-77.13295,2022,9,8
220039145,Injury Crash,09/09/2022 08:35:00 AM,EDMONSTON DR,NA,OTHER,Clear,DRY,Daylight,TRAFFIC SIGNAL,NONE DETECTED,No,No Apparent Injury,N/A,UNKNOWN,MD,PASSENGER CAR,MOVING CONSTANT SPEED,25,No,2005,FORD,2S,39.072211,-77.13295,2022,9,8
220039145,Injury Crash,09/09/2022 08:35:00 AM,EDMONSTON DR,NA,OTHER,Clear,DRY,Daylight,TRAFFIC SIGNAL,NONE DETECTED,No,No Apparent Injury,N/A,UNKNOWN,MD,PASSENGER CAR,MOVING CONSTANT SPEED,25,No,2006,ACURA,TL,39.072211,-77.13295,2022,9,8
220039139,Property Damage Crash,09/09/2022 07:25:00 AM,CONNECTICUT AVE SERVICE RD,NA,SAME DIR REAR END,Clear,DRY,Daylight,TRAFFIC SIGNAL,NONE DETECTED,Yes,No Apparent Injury,N/A,LOOKED BUT DID NOT SEE,MD,PASSENGER CAR,MAKING RIGHT TURN,35,No,2013,BMW,528T,39.05703,-77.07342,2022,9,7
220039139,Property Damage Crash,09/09/2022 07:25:00 AM,CONNECTICUT AVE SERVICE RD,NA,SAME DIR REAR END,Clear,DRY,Daylight,TRAFFIC SIGNAL,NONE DETECTED,No,No Apparent Injury,N/A,NOT DISTRACTED,MD,PASSENGER CAR,STOPPED IN TRAFFIC LANE,35,No,2012,HONDA,CIVIC,39.05703,-77.07342,2022,9,7
220037293,Injury Crash,09/09/2022 06:30:00 AM,BRIGGS CHANEY RD,NA,HEAD ON,Clear,DRY,Medium,NO CONTROLS,NONE DETECTED,No,Possible Minor Injury,N/A,NOT DISTRACTED,MD,PASSENGER CAR,MOVING CONSTANT SPEED,35,No,2005,TOYOTA,PV,39.09074433,-77.082217,2022,9,6
220037293,Injury Crash,09/09/2022 06:30:00 AM,BRIGGS CHANEY RD,NA,HEAD ON,Clear,DRY,Medium,NO CONTROLS,NONE DETECTED,Yes,Suspected Serious Injury,N/A,NOT DISTRACTED,XX,PASSENGER CAR,MOVING CONSTANT SPEED,35,No,2009,NISSAN,4D,39.09074433,-77.082217,2022,9,6
220039138,Injury Crash,09/09/2022 06:18:00 AM,ROCKVILLE PIKE,NA,HEAD ON LEFT TURN,Clear,DRY,Medium,TRAFFIC SIGNAL,NONE DETECTED,No,Possible Minor Injury,N/A,NOT DISTRACTED,MD,PASSENGER CAR,MOVING CONSTANT SPEED,35,No,2017,TOYOTA,COROLLA IM,38.99951133,-77.09667117,2022,9,6
220039138,Injury Crash,09/09/2022 06:18:00 AM,ROCKVILLE PIKE,NA,HEAD ON LEFT TURN,Clear,DRY,Medium,TRAFFIC SIGNAL,NONE DETECTED,Yes,Possible Minor Injury,N/A,LOOKED BUT DID NOT SEE,MD,(SPORT) UTILITY VEHICLE,MAKING LEFT TURN,35,No,2015,GMC,ACADIA,38.99951133,-77.09667117,2022,9,6
220039131,Property Damage Crash,09/09/2022 04:29:00 AM,FRANKLIN ST,NA,OTHER,Clear,DRY,Medium,NO CONTROLS,ALCOHOL PRESENT,Yes,No Apparent Injury,N/A,UNKNOWN,MD,PASSENGER CAR,MOVING CONSTANT SPEED,25,No,2004,CHEV,TK,39.02011833,-77.088775,2022,9,4
220039128,Property Damage Crash,09/09/2022 01:05:00 AM,AZALEA DR,NA,SINGLE VEHICLE,Cloudy,DRY,Dark,NO CONTROLS,NONE DETECTED,Yes,No Apparent Injury,N/A,UNKNOWN,MD,PASSENGER CAR,UNKNOWN,40,No,2006,ACURA,TL,39.09738,-77.174985,2022,9,1
220039109,Property Damage Crash,09/08/2022 08:27:00 PM,FIELDCREST RD,NA,SINGLE VEHICLE,Clear,DRY,Dark,NO CONTROLS,NONE DETECTED,No,No Apparent Injury,N/A,NOT DISTRACTED,MD,PASSENGER CAR,MOVING CONSTANT SPEED,50,No,2015,NISSAN,ALTIMA,39.186445,-77.13132833,2022,9,20
220039092,Injury Crash,09/08/2022 07:13:00 PM,NEW HAMPSHIRE AVE,NA,SAME DIR REAR END,Clear,DRY,Daylight,TRAFFIC SIGNAL,NONE DETECTED,No,No Apparent Injury,N/A,NOT DISTRACTED,MD,PASSENGER CAR,STOPPED IN TRAFFIC LANE,40,No,2002,BMW,325I,39.047681,-76.992987,2022,9,19
220039092,Injury Crash,09/08/2022 07:13:00 PM,NEW HAMPSHIRE AVE,NA,SAME DIR REAR END,Clear,DRY,Daylight,TRAFFIC SIGNAL,NONE DETECTED,No,No Apparent Injury,N/A,NOT DISTRACTED,MD,PASSENGER CAR,STOPPED IN TRAFFIC LANE,40,No,2015,LEXUS,RX,39.047681,-76.992987,2022,9,19
220039092,Injury Crash,09/08/2022 07:13:00 PM,NEW HAMPSHIRE AVE,NA,SAME DIR REAR END,Clear,DRY,Daylight,TRAFFIC SIGNAL,NONE DETECTED,No,No Apparent Injury,N/A,NOT DISTRACTED,MD,PASSENGER CAR,STOPPED IN TRAFFIC LANE,40,No,2020,BMW,228I,39.047681,-76.992987,2022,9,19
220039092,Injury Crash,09/08/2022 07:13:00 PM,NEW HAMPSHIRE AVE,NA,SAME DIR REAR END,Clear,DRY,Daylight,TRAFFIC SIGNAL,NONE DETECTED,Yes,No Apparent Injury,N/A,UNKNOWN,MD,PASSENGER CAR,MOVING CONSTANT SPEED,40,No,2001,HONDA,CIVIC,39.047681,-76.992987,2022,9,19
220039096,Injury Crash,09/08/2022 07:10:00 PM,GEORGIA AVE,NA,SAME DIR REAR END,Clear,DRY,Daylight,TRAFFIC SIGNAL,ALCOHOL PRESENT,Yes,No Apparent Injury,N/A,DISTRACTED BY OUTSIDE PERSON OBJECT OR EVENT,MD,PASSENGER CAR,MOVING CONSTANT SPEED,35,No,2015,TOYOTA,AVALON,39.053865,-77.05225667,2022,9,19
220039096,Injury Crash,09/08/2022 07:10:00 PM,GEORGIA AVE,NA,SAME DIR REAR END,Clear,DRY,Daylight,TRAFFIC SIGNAL,NONE DETECTED,No,Possible Minor Injury,N/A,NOT DISTRACTED,MD,PASSENGER CAR,STOPPED IN TRAFFIC LANE,35,No,2017,BMW,4D,39.053865,-77.05225667,2022,9,19
220039084,Property Damage Crash,09/08/2022 06:20:00 PM,ARROWHEAD RD,NA,HEAD ON,Clear,DRY,Daylight,NO CONTROLS,NONE DETECTED,Yes,No Apparent Injury,N/A,UNKNOWN,NA,PASSENGER CAR,MOVING CONSTANT SPEED,25,No,2006,FORD,FUSION,39.182196,-77.192569,2022,9,18
220039084,Property Damage Crash,09/08/2022 06:20:00 PM,ARROWHEAD RD,NA,HEAD ON,Clear,DRY,Daylight,NO CONTROLS,NONE DETECTED,No,No Apparent Injury,N/A,NOT DISTRACTED,MD,(SPORT) UTILITY VEHICLE,MOVING CONSTANT SPEED,25,No,2018,HYUN,TUCSON,39.182196,-77.192569,2022,9,18
220039077,Injury Crash,09/08/2022 05:56:00 PM,CRABBS BRANCH WAY,NA,SINGLE VEHICLE,Clear,DRY,Daylight,NO CONTROLS,NONE DETECTED,Yes,Possible Minor Injury,N/A,LOOKED BUT DID NOT SEE,MD,VAN,MOVING CONSTANT SPEED,35,No,2006,HONDA,ODYSSEY,39.12227333,-77.16012,2022,9,17
220039074,Property Damage Crash,09/08/2022 05:37:00 PM,BRIGGS CHANEY RD,NA,ANGLE MEETS LEFT TURN,Clear,DRY,Daylight,TRAFFIC SIGNAL,NONE DETECTED,No,No Apparent Injury,N/A,NOT DISTRACTED,MD,PASSENGER CAR,MOVING CONSTANT SPEED,35,No,2022,BMW,UT,39.08447833,-76.95099,2022,9,17
220039074,Property Damage Crash,09/08/2022 05:37:00 PM,BRIGGS CHANEY RD,NA,ANGLE MEETS LEFT TURN,Clear,DRY,Daylight,TRAFFIC SIGNAL,NONE DETECTED,Yes,No Apparent Injury,N/A,LOOKED BUT DID NOT SEE,MD,PASSENGER CAR,MAKING LEFT TURN,35,No,2013,CHEVROLET,SILVERADO,39.08447833,-76.95099,2022,9,17
220039076,Property Damage Crash,09/08/2022 05:36:00 PM,VEIRS MILL RD,NA,SAME DIRECTION SIDESWIPE,Clear,DRY,Daylight,NO CONTROLS,NONE DETECTED,Yes,No Apparent Injury,N/A,UNKNOWN,MD,PASSENGER CAR,CHANGING LANES,35,No,2004,CHEVY,TRUCK,39.04664333,-77.06773667,2022,9,17
220039076,Property Damage Crash,09/08/2022 05:36:00 PM,VEIRS MILL RD,NA,SAME DIRECTION SIDESWIPE,Clear,DRY,Daylight,NO CONTROLS,NONE DETECTED,No,No Apparent Injury,N/A,NOT DISTRACTED,MD,PASSENGER CAR,MOVING CONSTANT SPEED,35,No,2019,JEEP,CHEROKEE,39.04664333,-77.06773667,2022,9,17
220039067,Property Damage Crash,09/08/2022 05:06:00 PM,HUNGERFORD DR,NA,SAME DIRECTION SIDESWIPE,Clear,DRY,Daylight,TRAFFIC SIGNAL,NONE DETECTED,Yes,No Apparent Injury,N/A,LOOKED BUT DID NOT SEE,MD,"CARGO VAN/LIGHT TRUCK 2 AXLES (OVER 10,000LBS (4,536 KG))",ACCELERATING,40,No,2006,FORD,E350,39.09228833,-77.15330167,2022,9,17
220039067,Property Damage Crash,09/08/2022 05:06:00 PM,HUNGERFORD DR,NA,SAME DIRECTION SIDESWIPE,Clear,DRY,Daylight,TRAFFIC SIGNAL,NONE DETECTED,No,No Apparent Injury,N/A,NOT DISTRACTED,MD,TRANSIT BUS,STOPPED IN TRAFFIC LANE,40,No,2017,GILG,BUS,39.09228833,-77.15330167,2022,9,17
220039058,Injury Crash,09/08/2022 04:40:00 PM,MUDDY BRANCH RD,NA,SAME DIR REAR END,Cloudy,DRY,Daylight,TRAFFIC SIGNAL,NONE DETECTED,Yes,No Apparent Injury,N/A,UNKNOWN,MD,VAN,SLOWING OR STOPPING,40,No,2011,GMC,TK,39.129455,-77.207845,2022,9,16
220039058,Injury Crash,09/08/2022 04:40:00 PM,MUDDY BRANCH RD,NA,SAME DIR REAR END,Cloudy,DRY,Daylight,TRAFFIC SIGNAL,NONE DETECTED,No,Possible Minor Injury,N/A,UNKNOWN,MD,PASSENGER CAR,SLOWING OR STOPPING,40,No,2007,HONDA,CIVIC,39.129455,-77.207845,2022,9,16
220039060,Property Damage Crash,09/08/2022 03:55:00 PM,CONNECTICUT AVE,NA,OTHER,Clear,DRY,Daylight,NO CONTROLS,NONE DETECTED,Yes,No Apparent Injury,N/A,UNKNOWN,NA,VAN,BACKING,30,No,2020,FORD,F59,38.99498167,-77.09748333,2022,9,15
220039060,Property Damage Crash,09/08/2022 03:55:00 PM,CONNECTICUT AVE,NA,OTHER,Clear,DRY,Daylight,NO CONTROLS,NONE DETECTED,No,No Apparent Injury,N/A,NOT DISTRACTED,MD,(SPORT) UTILITY VEHICLE,STOPPED IN TRAFFIC LANE,30,No,2012,NISS,TITAN,38.99498167,-77.09748333,2022,9,15
220039020,Injury Crash,09/08/2022 01:55:00 PM,RIVER RD,NA,SAME DIR REAR END,Clear,DRY,Daylight,TRAFFIC SIGNAL,NONE DETECTED,Yes,Possible Minor Injury,N/A,NOT DISTRACTED,DC,PASSENGER CAR,SLOWING OR STOPPING,35,No,2011,HYUNDAI,SONATA,38.97313344,-77.12197519,2022,9,13
220039020,Injury Crash,09/08/2022 01:55:00 PM,RIVER RD,NA,SAME DIR REAR END,Clear,DRY,Daylight,TRAFFIC SIGNAL,NONE DETECTED,No,No Apparent Injury,N/A,NOT DISTRACTED,XX,PASSENGER CAR,STOPPED IN TRAFFIC LANE,35,No,2016,FERRARI,CALIFONIA,38.97313344,-77.12197519,2022,9,13
220039011,Injury Crash,09/08/2022 01:41:00 PM,NA,BICYCLIST,OTHER,Clear,NA,Daylight,NO CONTROLS,NONE DETECTED,No,No Apparent Injury,N/A,NOT DISTRACTED,MD,PASSENGER CAR,STARTING FROM LANE,10,No,2019,JEEP,TK,39.02560167,-77.125478330000007,2022,9,13
220038990,Property Damage Crash,09/08/2022 11:14:00 AM,COLESVILLE RD,NA,SINGLE VEHICLE,Cloudy,DRY,Daylight,STOP SIGN,NONE DETECTED,Yes,No Apparent Injury,N/A,NOT DISTRACTED,MD,STATION WAGON,SLOWING OR STOPPING,40,No,2020,MITSUB,ECLIPSE,39.02072833,-77.01212167,2022,9,11
220038965,Injury Crash,09/08/2022 08:34:00 AM,GEORGIA AVE,NA,STRAIGHT MOVEMENT ANGLE,Cloudy,DRY,Daylight,NO CONTROLS,NONE DETECTED,No,No Apparent Injury,N/A,NOT DISTRACTED,MD,PASSENGER CAR,MOVING CONSTANT SPEED,35,No,2021,LINCOLN,NAVIGATOR,39.15584167,-77.06687833,2022,9,8
220038965,Injury Crash,09/08/2022 08:34:00 AM,GEORGIA AVE,NA,STRAIGHT MOVEMENT ANGLE,Cloudy,DRY,Daylight,NO CONTROLS,NONE DETECTED,Yes,Possible Minor Injury,N/A,LOOKED BUT DID NOT SEE,MD,PASSENGER CAR,MAKING LEFT TURN,35,No,2013,LEXUS,RX350,39.15584167,-77.06687833,2022,9,8
22001575,Property Damage Crash,09/08/2022 08:13:00 AM,LITTLE FALLS PKWY,NA,SAME DIR REND LEFT TURN,Clear,DRY,Daylight,N/A,NONE DETECTED,Yes,No Apparent Injury,N/A,LOOKED BUT DID NOT SEE,MD,POLICE VEHICLE/NON EMERGENCY,MAKING U TURN,35,No,2013,DODG,4S,38.9703921,-77.1004558,2022,9,8
22001575,Property Damage Crash,09/08/2022 08:13:00 AM,LITTLE FALLS PKWY,NA,SAME DIR REND LEFT TURN,Clear,DRY,Daylight,N/A,NONE DETECTED,No,No Apparent Injury,N/A,NOT DISTRACTED,MD,PASSENGER CAR,MOVING CONSTANT SPEED,35,No,2014,LEX,TK,38.9703921,-77.1004558,2022,9,8
220038963,Property Damage Crash,09/08/2022 07:57:00 AM,HAYES AVE,NA,SAME DIRECTION SIDESWIPE,Clear,DRY,Daylight,NO CONTROLS,NONE DETECTED,Yes,No Apparent Injury,N/A,DISTRACTED BY OUTSIDE PERSON OBJECT OR EVENT,MD,PASSENGER CAR,PASSING,25,No,2004,DODGE,DURANGO,39.02695926,-77.03643676,2022,9,7
220038957,Property Damage Crash,09/08/2022 07:03:00 AM,CONNECTICUT AVE,NA,SAME DIR REAR END,Cloudy,DRY,Daylight,NO CONTROLS,NONE DETECTED,No,No Apparent Injury,N/A,NOT DISTRACTED,PA,PASSENGER CAR,STOPPED IN TRAFFIC LANE,35,No,2018,MAZDA,CX-5,38.981132,-77.07725883,2022,9,7
220038957,Property Damage Crash,09/08/2022 07:03:00 AM,CONNECTICUT AVE,NA,SAME DIR REAR END,Cloudy,DRY,Daylight,NO CONTROLS,NONE DETECTED,Yes,No Apparent Injury,N/A,UNKNOWN,MD,VAN,MOVING CONSTANT SPEED,35,No,2016,FORD,TRANSIT CONNECT,38.981132,-77.07725883,2022,9,7
220038775,Property Damage Crash,09/08/2022 01:40:00 AM,GEORGIA AVE,NA,SAME DIR REAR END,Clear,DRY,Medium,FLASHING TRAFFIC SIGNAL,NONE DETECTED,No,No Apparent Injury,N/A,NOT DISTRACTED,MD,PASSENGER CAR,STOPPED IN TRAFFIC LANE,35,No,2018,TOYOTA,CAMARY,39.072415,-77.065091,2022,9,1
220038775,Property Damage Crash,09/08/2022 01:40:00 AM,GEORGIA AVE,NA,SAME DIR REAR END,Clear,DRY,Medium,FLASHING TRAFFIC SIGNAL,ALCOHOL PRESENT,Yes,No Apparent Injury,N/A,NOT DISTRACTED,MD,PASSENGER CAR,SLOWING OR STOPPING,35,No,2020,TOYOTA,CAMRY,39.072415,-77.065091,2022,9,1
220038937,Property Damage Crash,09/07/2022 10:51:00 PM,NEW HAMPSHIRE AVE,NA,SINGLE VEHICLE,Clear,DRY,Medium,TRAFFIC SIGNAL,NONE DETECTED,Yes,No Apparent Injury,N/A,NOT DISTRACTED,MD,PASSENGER CAR,MOVING CONSTANT SPEED,35,No,2020,TOYOTA,4H,38.983277,-76.988414,2022,9,22
220038934,Property Damage Crash,09/07/2022 10:14:00 PM,GEORGIA AVE,NA,SAME DIRECTION SIDESWIPE,Clear,DRY,Medium,N/A,NONE DETECTED,No,No Apparent Injury,N/A,NOT DISTRACTED,MD,PASSENGER CAR,MOVING CONSTANT SPEED,35,No,2011,HONDA,CIVIC,39.062193,-77.0535329,2022,9,22
220038934,Property Damage Crash,09/07/2022 10:14:00 PM,GEORGIA AVE,NA,SAME DIRECTION SIDESWIPE,Clear,DRY,Medium,N/A,NONE DETECTED,Yes,No Apparent Injury,N/A,UNKNOWN,NA,PASSENGER CAR,UNKNOWN,35,No,2010,MERCEDES,SD,39.062193,-77.0535329,2022,9,22
220038924,Property Damage Crash,09/07/2022 08:00:00 PM,W MONTGOMERY AVE,NA,SAME DIR REAR END,Clear,DRY,Medium,TRAFFIC SIGNAL,NONE DETECTED,No,No Apparent Injury,N/A,NOT DISTRACTED,MD,PASSENGER CAR,STOPPED IN TRAFFIC LANE,40,No,2019,LEXS,UT,39.112151419999996,-77.1438103,2022,9,20