Local Case Number,ACRS Report Type,Crash Date/Time,Road Name,Related Non-Motorist,Collision Type,Weather,Surface Condition,Light,Traffic Control,Driver Substance Abuse,Driver At Fault,Injury Severity,Circumstance,Driver Distracted By,Drivers License State,Vehicle Body Type,Vehicle Movement,Speed Limit,Driverless Vehicle,Vehicle Year,Vehicle Make,Vehicle Model,Latitude,Longitude,Year,Month,Hour
220038924,Property Damage Crash,09/07/2022 08:00:00 PM,W MONTGOMERY AVE,NA,SAME DIR REAR END,Clear,DRY,Medium,TRAFFIC SIGNAL,NONE DETECTED,Yes,No Apparent Injury,N/A,INATTENTIVE OR LOST IN THOUGHT,MD,PASSENGER CAR,MOVING CONSTANT SPEED,40,No,2020,HYUN,SD,39.112151419999996,-77.1438103,2022,9,20
220038923,Property Damage Crash,09/07/2022 07:41:00 PM,CENTURY BLVD,NA,SINGLE VEHICLE,Clear,DRY,Medium,N/A,NONE DETECTED,Yes,No Apparent Injury,N/A,NOT DISTRACTED,MD,PASSENGER CAR,MOVING CONSTANT SPEED,20,No,2009,LEXUS,SD,39.18047,-77.26781,2022,9,19
220038904,Property Damage Crash,09/07/2022 06:20:00 PM,PARHAM RD,NA,SAME DIRECTION SIDESWIPE,Rain,WET,Daylight,NO CONTROLS,NONE DETECTED,No,No Apparent Injury,"RAIN, SNOW, WET",NOT DISTRACTED,MD,PASSENGER CAR,PARKED,25,No,1999,HONDA,CIVIC,39.01441833,-76.98004333,2022,9,18
220038904,Property Damage Crash,09/07/2022 06:20:00 PM,PARHAM RD,NA,SAME DIRECTION SIDESWIPE,Rain,WET,Daylight,NO CONTROLS,NONE DETECTED,Yes,No Apparent Injury,"RAIN, SNOW, WET",NOT DISTRACTED,NA,PASSENGER CAR,MOVING CONSTANT SPEED,25,No,2011,TOYOTA,SIENNA,39.01441833,-76.98004333,2022,9,18
220038900,Property Damage Crash,09/07/2022 06:00:00 PM,UNIVERSITY BLVD W,NA,STRAIGHT MOVEMENT ANGLE,Clear,DRY,Daylight,NO CONTROLS,NONE DETECTED,Yes,No Apparent Injury,N/A,UNKNOWN,MD,PASSENGER CAR,MAKING LEFT TURN,35,No,2002,TOYOTA,CAMRY,39.03791333,-77.04015,2022,9,18
220038900,Property Damage Crash,09/07/2022 06:00:00 PM,UNIVERSITY BLVD W,NA,STRAIGHT MOVEMENT ANGLE,Clear,DRY,Daylight,NO CONTROLS,NONE DETECTED,No,No Apparent Injury,N/A,NOT DISTRACTED,MD,PASSENGER CAR,MOVING CONSTANT SPEED,35,No,2002,HONDA,CIVIC,39.03791333,-77.04015,2022,9,18
220038878,Injury Crash,09/07/2022 03:30:00 PM,GEORGIA AVE,NA,SAME DIR REAR END,Cloudy,DRY,Daylight,NO CONTROLS,NONE DETECTED,Yes,No Apparent Injury,N/A,UNKNOWN,VA,"MEDIUM/HEAVY TRUCKS 3 AXLES (OVER 10,000LBS (4,536KG))",MOVING CONSTANT SPEED,35,No,2021,PETERBILT,337,39.05078167,-77.05153667,2022,9,15
220038878,Injury Crash,09/07/2022 03:30:00 PM,GEORGIA AVE,NA,SAME DIR REAR END,Cloudy,DRY,Daylight,NO CONTROLS,NONE DETECTED,No,Possible Minor Injury,N/A,NOT DISTRACTED,MD,PASSENGER CAR,STOPPED IN TRAFFIC LANE,35,No,2014,TOYOTA,CAMRY,39.05078167,-77.05153667,2022,9,15
220038878,Injury Crash,09/07/2022 03:30:00 PM,GEORGIA AVE,NA,SAME DIR REAR END,Cloudy,DRY,Daylight,NO CONTROLS,NONE DETECTED,No,No Apparent Injury,N/A,NOT DISTRACTED,MD,PASSENGER CAR,SLOWING OR STOPPING,35,No,2010,DODGE,CARAVAN,39.05078167,-77.05153667,2022,9,15
220038875,Property Damage Crash,09/07/2022 03:10:00 PM,UNIVERSITY BLVD W,NA,SAME DIRECTION LEFT TURN,Cloudy,DRY,Daylight,NO CONTROLS,NONE DETECTED,No,No Apparent Injury,N/A,NOT DISTRACTED,MD,SCHOOL BUS,MOVING CONSTANT SPEED,35,No,2017,THOM,BU,39.02071833,-77.01339167,2022,9,15
220038875,Property Damage Crash,09/07/2022 03:10:00 PM,UNIVERSITY BLVD W,NA,SAME DIRECTION LEFT TURN,Cloudy,DRY,Daylight,NO CONTROLS,NONE DETECTED,Yes,No Apparent Injury,N/A,LOOKED BUT DID NOT SEE,XX,PASSENGER CAR,CHANGING LANES,35,No,2014,HOND,CR-V,39.02071833,-77.01339167,2022,9,15
220038874,Property Damage Crash,09/07/2022 02:54:00 PM,GEORGIA AVE,NA,SAME DIR REAR END,Clear,DRY,Daylight,TRAFFIC SIGNAL,ALCOHOL PRESENT,Yes,No Apparent Injury,N/A,LOOKED BUT DID NOT SEE,MD,PASSENGER CAR,MOVING CONSTANT SPEED,35,No,2006,TOYOTA,CAMRY,39.05266,-77.05104167,2022,9,14
220038874,Property Damage Crash,09/07/2022 02:54:00 PM,GEORGIA AVE,NA,SAME DIR REAR END,Clear,DRY,Daylight,TRAFFIC SIGNAL,NONE DETECTED,No,No Apparent Injury,N/A,NOT DISTRACTED,MD,PASSENGER CAR,STOPPED IN TRAFFIC LANE,35,No,2001,LEXUS,IS,39.05266,-77.05104167,2022,9,14
220038857,Injury Crash,09/07/2022 01:57:00 PM,NA,NA,OPPOSITE DIRECTION SIDESWIPE,Cloudy,NA,Daylight,N/A,NONE DETECTED,Yes,No Apparent Injury,N/A,LOOKED BUT DID NOT SEE,MD,PASSENGER CAR,N/A,0,No,2011,BMW,4S,39.14194198,-77.19163568,2022,9,13
220038857,Injury Crash,09/07/2022 01:57:00 PM,NA,NA,OPPOSITE DIRECTION SIDESWIPE,Cloudy,NA,Daylight,N/A,NONE DETECTED,No,Possible Minor Injury,N/A,NOT DISTRACTED,MD,PASSENGER CAR,SLOWING OR STOPPING,0,No,2017,TOYOTA,4S,39.14194198,-77.19163568,2022,9,13
220038858,Property Damage Crash,09/07/2022 01:35:00 PM,COLESVILLE RD,NA,SAME DIRECTION SIDESWIPE,Cloudy,DRY,Daylight,NO CONTROLS,NONE DETECTED,Yes,No Apparent Injury,N/A,NOT DISTRACTED,MD,PASSENGER CAR,ACCELERATING,35,No,2005,MERCURY,TOWNCAR,39.004615,-77.023165,2022,9,13
220038858,Property Damage Crash,09/07/2022 01:35:00 PM,COLESVILLE RD,NA,SAME DIRECTION SIDESWIPE,Cloudy,DRY,Daylight,NO CONTROLS,NONE DETECTED,No,No Apparent Injury,N/A,NOT DISTRACTED,MD,TRANSIT BUS,MOVING CONSTANT SPEED,35,No,2014,GILLG,LOW FLOOR,39.004615,-77.023165,2022,9,13
220038861,Injury Crash,09/07/2022 01:20:00 PM,NA,NA,OTHER,Cloudy,NA,Daylight,N/A,NONE DETECTED,Yes,No Apparent Injury,N/A,NOT DISTRACTED,MD,PASSENGER CAR,BACKING,0,No,2012,HONDA,CRV,39.253055,-77.302165,2022,9,13
220038871,Property Damage Crash,09/07/2022 01:15:00 PM,NA,NA,OTHER,Rain,NA,Daylight,NO CONTROLS,NONE DETECTED,Yes,No Apparent Injury,N/A,UNKNOWN,NA,PASSENGER CAR,BACKING,15,No,2002,CHEV,TK,39.234375,-77.28137333,2022,9,13
220038871,Property Damage Crash,09/07/2022 01:15:00 PM,NA,NA,OTHER,Rain,NA,Daylight,NO CONTROLS,NONE DETECTED,No,No Apparent Injury,N/A,NOT DISTRACTED,MD,PASSENGER CAR,SLOWING OR STOPPING,15,No,2014,SUBA,SW,39.234375,-77.28137333,2022,9,13
220038843,Property Damage Crash,09/07/2022 12:53:00 PM,GERMANTOWN RD,NA,SINGLE VEHICLE,Cloudy,WET,Daylight,TRAFFIC SIGNAL,NONE DETECTED,Yes,No Apparent Injury,"N/A, WET",UNKNOWN,MD,PASSENGER CAR,MAKING RIGHT TURN,40,No,2022,SUBARU,FORESTER,39.16303,-77.28309,2022,9,12
220038836,Property Damage Crash,09/07/2022 12:37:00 PM,THORNAPPLE ST,NA,SAME DIRECTION RIGHT TURN,Cloudy,DRY,Daylight,STOP SIGN,NONE DETECTED,Yes,No Apparent Injury,N/A,NOT DISTRACTED,MD,PASSENGER CAR,STARTING FROM LANE,25,No,2006,VOLVO,XC70,38.98225667,-77.07428833,2022,9,12
220038824,Injury Crash,09/07/2022 12:06:00 PM,GOLDENROD LA,NA,SAME DIRECTION LEFT TURN,Clear,DRY,Daylight,NO CONTROLS,NONE DETECTED,No,Possible Minor Injury,N/A,NOT DISTRACTED,MD,PASSENGER CAR,MOVING CONSTANT SPEED,25,No,2013,HONDA,CRV,39.18742,-77.25112833,2022,9,12
220038824,Injury Crash,09/07/2022 12:06:00 PM,GOLDENROD LA,NA,SAME DIRECTION LEFT TURN,Clear,DRY,Daylight,NO CONTROLS,NONE DETECTED,Yes,No Apparent Injury,N/A,LOOKED BUT DID NOT SEE,MD,PASSENGER CAR,MAKING LEFT TURN,25,No,2019,TOYOTA,PRIUS,39.18742,-77.25112833,2022,9,12
220038833,Property Damage Crash,09/07/2022 12:02:00 PM,GEORGIA AVE,NA,SAME DIR REAR END,Cloudy,DRY,Daylight,NO CONTROLS,NONE DETECTED,No,No Apparent Injury,N/A,NOT DISTRACTED,MD,(SPORT) UTILITY VEHICLE,SLOWING OR STOPPING,45,No,2020,KIA,SPORTAGE,39.10776667,-77.07612833,2022,9,12
220038833,Property Damage Crash,09/07/2022 12:02:00 PM,GEORGIA AVE,NA,SAME DIR REAR END,Cloudy,DRY,Daylight,NO CONTROLS,NONE DETECTED,No,No Apparent Injury,N/A,NOT DISTRACTED,XX,PASSENGER CAR,SLOWING OR STOPPING,45,No,2002,TOYOTA,CAMRY LE,39.10776667,-77.07612833,2022,9,12
220038833,Property Damage Crash,09/07/2022 12:02:00 PM,GEORGIA AVE,NA,SAME DIR REAR END,Cloudy,DRY,Daylight,NO CONTROLS,NONE DETECTED,No,No Apparent Injury,N/A,NOT DISTRACTED,MD,(SPORT) UTILITY VEHICLE,STOPPED IN TRAFFIC LANE,45,No,2017,FORD,ESCAPE,39.10776667,-77.07612833,2022,9,12
220038833,Property Damage Crash,09/07/2022 12:02:00 PM,GEORGIA AVE,NA,SAME DIR REAR END,Cloudy,DRY,Daylight,NO CONTROLS,NONE DETECTED,Yes,No Apparent Injury,N/A,LOOKED BUT DID NOT SEE,MD,(SPORT) UTILITY VEHICLE,SLOWING OR STOPPING,45,No,2016,NISSAN,ROUGE,39.10776667,-77.07612833,2022,9,12
220038826,Property Damage Crash,09/07/2022 11:57:00 AM,CHICAGO AVE,NA,SAME DIRECTION SIDESWIPE,Cloudy,DRY,Daylight,NO CONTROLS,NONE DETECTED,No,No Apparent Injury,N/A,NOT DISTRACTED,MD,VAN,MOVING CONSTANT SPEED,25,No,2017,TOYOTA,SIENNA,38.986488,-77.021578,2022,9,11
220038826,Property Damage Crash,09/07/2022 11:57:00 AM,CHICAGO AVE,NA,SAME DIRECTION SIDESWIPE,Cloudy,DRY,Daylight,NO CONTROLS,NONE DETECTED,Yes,No Apparent Injury,N/A,LOOKED BUT DID NOT SEE,MD,PASSENGER CAR,PARKED,25,No,2011,FORD,FUSION,38.986488,-77.021578,2022,9,11
220038577,Property Damage Crash,09/07/2022 07:51:00 AM,FREDERICK RD,NA,SAME DIRECTION SIDESWIPE,Rain,WET,Daylight,NO CONTROLS,NONE DETECTED,Yes,No Apparent Injury,"RAIN, SNOW, WET",LOOKED BUT DID NOT SEE,MD,PASSENGER CAR,CHANGING LANES,30,No,2017,JEEP,WRANGLER,39.14758348,-77.20589072,2022,9,7
220038577,Property Damage Crash,09/07/2022 07:51:00 AM,FREDERICK RD,NA,SAME DIRECTION SIDESWIPE,Rain,WET,Daylight,NO CONTROLS,NONE DETECTED,No,No Apparent Injury,"RAIN, SNOW, WET",NOT DISTRACTED,MD,PASSENGER CAR,MOVING CONSTANT SPEED,30,No,2005,TOYOTA,4S,39.14758348,-77.20589072,2022,9,7
220038787,Property Damage Crash,09/07/2022 07:41:00 AM,ST JOHNSBURY LA,NA,OTHER,Clear,WET,Daylight,NO CONTROLS,NONE DETECTED,Yes,No Apparent Injury,N/A,NOT DISTRACTED,MD,SCHOOL BUS,MOVING CONSTANT SPEED,25,No,2016,THOM,BUS,39.17145333,-77.23922333,2022,9,7
220038783,Property Damage Crash,09/07/2022 06:41:00 AM,NORBECK RD,NA,SAME DIR REAR END,Cloudy,WET,Daylight,TRAFFIC SIGNAL,NONE DETECTED,No,No Apparent Injury,N/A,NOT DISTRACTED,MD,PASSENGER CAR,STOPPED IN TRAFFIC LANE,35,No,2008,TOYOTA,AVALON,39.09936,-77.09975,2022,9,6
220038783,Property Damage Crash,09/07/2022 06:41:00 AM,NORBECK RD,NA,SAME DIR REAR END,Cloudy,WET,Daylight,TRAFFIC SIGNAL,NONE DETECTED,Yes,No Apparent Injury,N/A,NOT DISTRACTED,NA,PASSENGER CAR,MOVING CONSTANT SPEED,35,No,2017,VOLKSWAGEN,JETTA,39.09936,-77.09975,2022,9,6
220038750,Injury Crash,09/06/2022 09:20:00 PM,RANDOLPH RD,NA,SAME DIR REAR END,Clear,DRY,Medium,TRAFFIC SIGNAL,NONE DETECTED,No,Possible Minor Injury,N/A,NOT DISTRACTED,MD,PASSENGER CAR,STOPPED IN TRAFFIC LANE,35,No,2019,VOKSWAGEN,JETTA,39.06298617,-77.11664917,2022,9,21
220038750,Injury Crash,09/06/2022 09:20:00 PM,RANDOLPH RD,NA,SAME DIR REAR END,Clear,DRY,Medium,TRAFFIC SIGNAL,NONE DETECTED,Yes,No Apparent Injury,N/A,UNKNOWN,NA,NA,SLOWING OR STOPPING,35,No,0,UNKNOWN,UNKNOWN,39.06298617,-77.11664917,2022,9,21
220038727,Injury Crash,09/06/2022 07:01:00 PM,NEW HAMPSHIRE AVE,PEDESTRIAN,OTHER,Clear,DRY,Medium,NO CONTROLS,NONE DETECTED,No,No Apparent Injury,N/A,NOT DISTRACTED,MD,PASSENGER CAR,MOVING CONSTANT SPEED,40,No,2012,TOYOTA,COROLLA,39.019625,-77.00803833,2022,9,19
220038704,Property Damage Crash,09/06/2022 05:25:00 PM,NA,NA,SINGLE VEHICLE,Clear,NA,Daylight,NO CONTROLS,NONE DETECTED,Yes,No Apparent Injury,N/A,INATTENTIVE OR LOST IN THOUGHT,MD,PICKUP TRUCK,MOVING CONSTANT SPEED,25,No,2014,FORD,F150,39.10624,-77.06209,2022,9,17
220038696,Injury Crash,09/06/2022 04:50:00 PM,MIDDLEBROOK RD,NA,SAME DIR REAR END,Clear,DRY,Daylight,TRAFFIC SIGNAL,NONE DETECTED,No,No Apparent Injury,N/A,NOT DISTRACTED,MD,PASSENGER CAR,STOPPED IN TRAFFIC LANE,35,No,2021,HYUNDAI,KONA,39.184095,-77.26369833,2022,9,16
220038696,Injury Crash,09/06/2022 04:50:00 PM,MIDDLEBROOK RD,NA,SAME DIR REAR END,Clear,DRY,Daylight,TRAFFIC SIGNAL,NONE DETECTED,No,No Apparent Injury,N/A,NOT DISTRACTED,MD,PASSENGER CAR,STOPPED IN TRAFFIC LANE,35,No,2017,DODGE,CARAVAN,39.184095,-77.26369833,2022,9,16
220038696,Injury Crash,09/06/2022 04:50:00 PM,MIDDLEBROOK RD,NA,SAME DIR REAR END,Clear,DRY,Daylight,TRAFFIC SIGNAL,NONE DETECTED,No,Possible Minor Injury,N/A,NOT DISTRACTED,MD,PASSENGER CAR,STOPPED IN TRAFFIC LANE,35,No,2021,HONDA,CRV,39.184095,-77.26369833,2022,9,16
220038696,Injury Crash,09/06/2022 04:50:00 PM,MIDDLEBROOK RD,NA,SAME DIR REAR END,Clear,DRY,Daylight,TRAFFIC SIGNAL,NONE DETECTED,Yes,Possible Minor Injury,N/A,INATTENTIVE OR LOST IN THOUGHT,MD,PASSENGER CAR,MOVING CONSTANT SPEED,35,No,2014,HYUNDAI,ELANTRA,39.184095,-77.26369833,2022,9,16
220037582,Property Damage Crash,09/06/2022 04:43:00 PM,GEORGIA AVE,NA,SAME DIRECTION LEFT TURN,Rain,WET,Daylight,TRAFFIC SIGNAL,NONE DETECTED,Yes,No Apparent Injury,"RAIN, SNOW, WET",LOOKED BUT DID NOT SEE,MD,PASSENGER CAR,MAKING U TURN,45,No,2023,TOYOTA,PRIUS,39.126492,-77.072437,2022,9,16
220037582,Property Damage Crash,09/06/2022 04:43:00 PM,GEORGIA AVE,NA,SAME DIRECTION LEFT TURN,Rain,WET,Daylight,TRAFFIC SIGNAL,NONE DETECTED,No,No Apparent Injury,"RAIN, SNOW, WET",NOT DISTRACTED,MD,PASSENGER CAR,MOVING CONSTANT SPEED,45,No,2011,TOYOTA,PRIUS,39.126492,-77.072437,2022,9,16
220038702,Property Damage Crash,09/06/2022 04:43:00 PM,TAMARACK RD,NA,SAME DIRECTION LEFT TURN,Clear,DRY,Daylight,NO CONTROLS,NONE DETECTED,No,No Apparent Injury,N/A,NOT DISTRACTED,MD,PASSENGER CAR,STARTING FROM PARKED,35,No,2016,BMW,SD,39.06904333,-76.98333167,2022,9,16
220038702,Property Damage Crash,09/06/2022 04:43:00 PM,TAMARACK RD,NA,SAME DIRECTION LEFT TURN,Clear,DRY,Daylight,NO CONTROLS,NONE DETECTED,Yes,No Apparent Injury,N/A,BY MOVING OBJECT IN VEHICLE,MD,PASSENGER CAR,ACCELERATING,35,No,2020,HYUNDAI,TUCSON,39.06904333,-76.98333167,2022,9,16
220038689,Property Damage Crash,09/06/2022 04:30:00 PM,NEW HAMPSHIRE AVE,NA,SAME DIR REAR END,Clear,DRY,Daylight,NO CONTROLS,NONE DETECTED,Yes,No Apparent Injury,N/A,LOOKED BUT DID NOT SEE,MD,(SPORT) UTILITY VEHICLE,MAKING RIGHT TURN,15,No,2019,HONDA,CRV,39.03860667,-76.990045,2022,9,16
220038689,Property Damage Crash,09/06/2022 04:30:00 PM,NEW HAMPSHIRE AVE,NA,SAME DIR REAR END,Clear,DRY,Daylight,NO CONTROLS,NONE DETECTED,No,No Apparent Injury,N/A,NOT DISTRACTED,MD,TRANSIT BUS,STOPPED IN TRAFFIC LANE,30,No,2014,NABI,BRT,39.03860667,-76.990045,2022,9,16
220038688,Property Damage Crash,09/06/2022 04:25:00 PM,RIVER RD,NA,SAME DIR REAR END,Clear,DRY,Daylight,NO CONTROLS,NONE DETECTED,Yes,No Apparent Injury,N/A,UNKNOWN,MD,PASSENGER CAR,MOVING CONSTANT SPEED,35,No,2014,TOYOTA,SIENNA,38.9862,-77.143164,2022,9,16
220038688,Property Damage Crash,09/06/2022 04:25:00 PM,RIVER RD,NA,SAME DIR REAR END,Clear,DRY,Daylight,NO CONTROLS,NONE DETECTED,No,No Apparent Injury,N/A,NOT DISTRACTED,VA,PASSENGER CAR,SLOWING OR STOPPING,35,No,2009,NISSAN,ROGUE,38.9862,-77.143164,2022,9,16
220038677,Property Damage Crash,09/06/2022 03:45:00 PM,VEIRS MILL RD,NA,SAME DIR REAR END,Clear,DRY,Daylight,NO CONTROLS,NONE DETECTED,Yes,No Apparent Injury,N/A,NOT DISTRACTED,MD,PASSENGER CAR,MOVING CONSTANT SPEED,35,No,2006,ACURA,TL,39.06852975,-77.10411923,2022,9,15
220038677,Property Damage Crash,09/06/2022 03:45:00 PM,VEIRS MILL RD,NA,SAME DIR REAR END,Clear,DRY,Daylight,NO CONTROLS,NONE DETECTED,No,No Apparent Injury,N/A,NOT DISTRACTED,MD,PASSENGER CAR,STOPPED IN TRAFFIC LANE,35,No,2010,HONDA,TK,39.06852975,-77.10411923,2022,9,15
220038677,Property Damage Crash,09/06/2022 03:45:00 PM,VEIRS MILL RD,NA,SAME DIR REAR END,Clear,DRY,Daylight,NO CONTROLS,NONE DETECTED,No,No Apparent Injury,N/A,NOT DISTRACTED,MD,PASSENGER CAR,STOPPED IN TRAFFIC LANE,35,No,2013,FORD,TK,39.06852975,-77.10411923,2022,9,15
220038677,Property Damage Crash,09/06/2022 03:45:00 PM,VEIRS MILL RD,NA,SAME DIR REAR END,Clear,DRY,Daylight,NO CONTROLS,NONE DETECTED,No,No Apparent Injury,N/A,NOT DISTRACTED,MD,PASSENGER CAR,STOPPED IN TRAFFIC LANE,35,No,2003,TOYOTA,4D,39.06852975,-77.10411923,2022,9,15
220038676,Property Damage Crash,09/06/2022 03:25:00 PM,CALVERTON BLVD,NA,STRAIGHT MOVEMENT ANGLE,Clear,DRY,Daylight,NO CONTROLS,NONE DETECTED,Yes,No Apparent Injury,N/A,LOOKED BUT DID NOT SEE,NA,PASSENGER CAR,LEAVING TRAFFIC LANE,30,No,2002,TOYOTA,COROLLA,39.05664333,-76.95091667,2022,9,15
220038676,Property Damage Crash,09/06/2022 03:25:00 PM,CALVERTON BLVD,NA,STRAIGHT MOVEMENT ANGLE,Clear,DRY,Daylight,NO CONTROLS,NONE DETECTED,No,No Apparent Injury,N/A,NOT DISTRACTED,MD,(SPORT) UTILITY VEHICLE,MOVING CONSTANT SPEED,30,No,2020,HOND,HRV,39.05664333,-76.95091667,2022,9,15
220038680,Property Damage Crash,09/06/2022 03:05:00 PM,VEIRS MILL RD,NA,SAME DIR REAR END,Clear,DRY,Daylight,NO CONTROLS,NONE DETECTED,No,No Apparent Injury,N/A,NOT DISTRACTED,MD,VAN,MOVING CONSTANT SPEED,40,No,2017,FORD,TRANSIT 350,39.0794975,-77.0735251,2022,9,15
220038680,Property Damage Crash,09/06/2022 03:05:00 PM,VEIRS MILL RD,NA,SAME DIR REAR END,Clear,DRY,Daylight,NO CONTROLS,NONE DETECTED,Yes,No Apparent Injury,N/A,UNKNOWN,NA,PASSENGER CAR,MOVING CONSTANT SPEED,40,No,2016,FORD,TRANSIT,39.0794975,-77.0735251,2022,9,15
220038488,Injury Crash,09/06/2022 02:30:00 PM,SEVEN LOCKS RD,BICYCLIST,STRAIGHT MOVEMENT ANGLE,Clear,DRY,Daylight,STOP SIGN,NONE DETECTED,Yes,No Apparent Injury,N/A,LOOKED BUT DID NOT SEE,MD,PASSENGER CAR,MOVING CONSTANT SPEED,15,No,2022,VOLKSWAGON,ATLA,38.994555,-77.10861333,2022,9,14
220038670,Injury Crash,09/06/2022 02:09:00 PM,DEMOCRACY BLVD,NA,SAME DIR REAR END,Clear,DRY,Daylight,TRAFFIC SIGNAL,NONE DETECTED,No,No Apparent Injury,N/A,NOT DISTRACTED,MD,(SPORT) UTILITY VEHICLE,MOVING CONSTANT SPEED,35,No,2022,KIA,TELLURIDE,39.02192347,-77.13495285,2022,9,14
220038670,Injury Crash,09/06/2022 02:09:00 PM,DEMOCRACY BLVD,NA,SAME DIR REAR END,Clear,DRY,Daylight,TRAFFIC SIGNAL,ALCOHOL PRESENT,Yes,Possible Minor Injury,N/A,OTHER DISTRACTION,MD,PASSENGER CAR,MOVING CONSTANT SPEED,35,No,2010,SUBARU,OUTBACK,39.02192347,-77.13495285,2022,9,14
220038670,Injury Crash,09/06/2022 02:09:00 PM,DEMOCRACY BLVD,NA,SAME DIR REAR END,Clear,DRY,Daylight,TRAFFIC SIGNAL,NONE DETECTED,No,No Apparent Injury,N/A,NOT DISTRACTED,MD,PASSENGER CAR,MOVING CONSTANT SPEED,35,No,2016,TOYOTA,CAMRY,39.02192347,-77.13495285,2022,9,14
220038660,Property Damage Crash,09/06/2022 02:03:00 PM,ROCKVILLE PIKE,NA,SAME DIR REAR END,Clear,DRY,Daylight,NO CONTROLS,NONE DETECTED,Yes,No Apparent Injury,N/A,LOOKED BUT DID NOT SEE,VA,PASSENGER CAR,SLOWING OR STOPPING,35,No,2018,VOLKSWAGEN,GTI,39.004394,-77.09737667,2022,9,14
220038660,Property Damage Crash,09/06/2022 02:03:00 PM,ROCKVILLE PIKE,NA,SAME DIR REAR END,Clear,DRY,Daylight,NO CONTROLS,NONE DETECTED,No,No Apparent Injury,N/A,NOT DISTRACTED,MD,PASSENGER CAR,STOPPED IN TRAFFIC LANE,35,No,2009,HONDA,ACCORD,39.004394,-77.09737667,2022,9,14
220038660,Property Damage Crash,09/06/2022 02:03:00 PM,ROCKVILLE PIKE,NA,SAME DIR REAR END,Clear,DRY,Daylight,NO CONTROLS,NONE DETECTED,No,No Apparent Injury,N/A,NOT DISTRACTED,MD,POLICE VEHICLE/EMERGENCY,STOPPED IN TRAFFIC LANE,35,No,2018,MERCEDES,AMG C43,39.004394,-77.09737667,2022,9,14
220038641,Property Damage Crash,09/06/2022 12:40:00 PM,ROCKVILLE PIKE,NA,STRAIGHT MOVEMENT ANGLE,Clear,DRY,Daylight,N/A,NONE DETECTED,Yes,No Apparent Injury,N/A,UNKNOWN,NA,NA,ACCELERATING,30,No,0,UNKNOWN,UNKNOWN,39.07676629,-77.11714305,2022,9,12
220038641,Property Damage Crash,09/06/2022 12:40:00 PM,ROCKVILLE PIKE,NA,STRAIGHT MOVEMENT ANGLE,Clear,DRY,Daylight,N/A,NONE DETECTED,No,No Apparent Injury,N/A,NOT DISTRACTED,MD,PASSENGER CAR,MOVING CONSTANT SPEED,30,No,2020,JEEP,GRAND CHEROKEE,39.07676629,-77.11714305,2022,9,12
220038626,Property Damage Crash,09/06/2022 11:20:00 AM,QUINCE ORCHARD RD,NA,HEAD ON LEFT TURN,Clear,DRY,Daylight,TRAFFIC SIGNAL,ALCOHOL PRESENT,Yes,No Apparent Injury,N/A,OTHER DISTRACTION,MD,PASSENGER CAR,MAKING LEFT TURN,35,No,2017,HONDA,ACCORD,39.14020337,-77.22181083,2022,9,11
220038626,Property Damage Crash,09/06/2022 11:20:00 AM,QUINCE ORCHARD RD,NA,HEAD ON LEFT TURN,Clear,DRY,Daylight,TRAFFIC SIGNAL,NONE DETECTED,No,No Apparent Injury,N/A,NOT DISTRACTED,XX,PASSENGER CAR,ACCELERATING,35,No,2001,TOYOTA,CAMRY,39.14020337,-77.22181083,2022,9,11
220038621,Injury Crash,09/06/2022 11:03:00 AM,UNIVERSITY BLVD W,NA,SAME DIR REAR END,Clear,WET,Daylight,TRAFFIC SIGNAL,NONE DETECTED,No,No Apparent Injury,"N/A, WET",NOT DISTRACTED,MD,PASSENGER CAR,STOPPED IN TRAFFIC LANE,35,No,2016,FORD,FUSION,39.037475,-77.05994167,2022,9,11
220038621,Injury Crash,09/06/2022 11:03:00 AM,UNIVERSITY BLVD W,NA,SAME DIR REAR END,Clear,WET,Daylight,TRAFFIC SIGNAL,NONE DETECTED,Yes,Possible Minor Injury,"N/A, WET",LOOKED BUT DID NOT SEE,MD,PASSENGER CAR,MOVING CONSTANT SPEED,35,No,2015,FORD,ESCAPE,39.037475,-77.05994167,2022,9,11
220038621,Injury Crash,09/06/2022 11:03:00 AM,UNIVERSITY BLVD W,NA,SAME DIR REAR END,Clear,WET,Daylight,TRAFFIC SIGNAL,NONE DETECTED,No,No Apparent Injury,"N/A, WET",NOT DISTRACTED,WV,"OTHER LIGHT TRUCKS (10,000LBS (4,536KG) OR LESS)",STOPPED IN TRAFFIC LANE,35,No,2017,FORD,TK,39.037475,-77.05994167,2022,9,11
220038607,Property Damage Crash,09/06/2022 10:16:00 AM,WATKINS MILL RD,NA,STRAIGHT MOVEMENT ANGLE,Cloudy,WET,Daylight,NO CONTROLS,NONE DETECTED,No,No Apparent Injury,"N/A, WET",NOT DISTRACTED,MD,PASSENGER CAR,STARTING FROM LANE,35,No,2001,HOND,SD,39.173635,-77.20809333,2022,9,10
220038615,Injury Crash,09/06/2022 10:16:00 AM,NA,NA,OTHER,Clear,NA,Daylight,STOP SIGN,NONE DETECTED,Yes,Possible Minor Injury,N/A,UNKNOWN,MD,PASSENGER CAR,ACCELERATING,5,No,2001,HONDA,ACCORD,39.09904267,-77.07440233,2022,9,10
220038607,Property Damage Crash,09/06/2022 10:16:00 AM,WATKINS MILL RD,NA,STRAIGHT MOVEMENT ANGLE,Cloudy,WET,Daylight,NO CONTROLS,NONE DETECTED,Yes,No Apparent Injury,"N/A, WET",NOT DISTRACTED,MD,PASSENGER CAR,MAKING LEFT TURN,35,No,2010,MERZ,SD,39.173635,-77.20809333,2022,9,10
220038615,Injury Crash,09/06/2022 10:16:00 AM,NA,NA,OTHER,Clear,NA,Daylight,STOP SIGN,NONE DETECTED,No,Possible Minor Injury,N/A,NOT DISTRACTED,MD,PASSENGER CAR,STOPPED IN TRAFFIC LANE,5,No,2017,TOYOTA,RAV 4,39.09904267,-77.07440233,2022,9,10
220038596,Property Damage Crash,09/06/2022 09:25:00 AM,NEW HAMPSHIRE AVE,NA,OTHER,Rain,WET,Daylight,NO CONTROLS,NONE DETECTED,Yes,No Apparent Injury,"N/A, RAIN, SNOW",UNKNOWN,VA,PASSENGER CAR,PASSING,40,No,2021,TOYOTA,RAV4,39.03224833,-76.98505333,2022,9,9
220038596,Property Damage Crash,09/06/2022 09:25:00 AM,NEW HAMPSHIRE AVE,NA,OTHER,Rain,WET,Daylight,NO CONTROLS,NONE DETECTED,No,No Apparent Injury,"N/A, RAIN, SNOW",NOT DISTRACTED,MD,TRANSIT BUS,STOPPED IN TRAFFIC LANE,40,No,2016,GILL,BU,39.03224833,-76.98505333,2022,9,9
220038590,Property Damage Crash,09/06/2022 08:43:00 AM,UNIVERSITY BLVD E,NA,SAME DIR REAR END,Rain,WET,Daylight,TRAFFIC SIGNAL,NONE DETECTED,No,No Apparent Injury,"RAIN, SNOW, WET",NOT DISTRACTED,MD,SCHOOL BUS,STOPPED IN TRAFFIC LANE,35,No,2019,THOMAS,BUS,39.01276033,-77.00322633,2022,9,8