Local Case Number,ACRS Report Type,Crash Date/Time,Road Name,Related Non-Motorist,Collision Type,Weather,Surface Condition,Light,Traffic Control,Driver Substance Abuse,Driver At Fault,Injury Severity,Circumstance,Driver Distracted By,Drivers License State,Vehicle Body Type,Vehicle Movement,Speed Limit,Driverless Vehicle,Vehicle Year,Vehicle Make,Vehicle Model,Latitude,Longitude,Year,Month,Hour
220038590,Property Damage Crash,09/06/2022 08:43:00 AM,UNIVERSITY BLVD E,NA,SAME DIR REAR END,Rain,WET,Daylight,TRAFFIC SIGNAL,NONE DETECTED,Yes,No Apparent Injury,"RAIN, SNOW, WET",INATTENTIVE OR LOST IN THOUGHT,MD,PASSENGER CAR,MOVING CONSTANT SPEED,35,No,2013,ACURA,MDX,39.01276033,-77.00322633,2022,9,8
220038593,Property Damage Crash,09/06/2022 08:18:00 AM,WISCONSIN CIR,NA,OPPOSITE DIRECTION SIDESWIPE,Rain,WET,Daylight,TRAFFIC SIGNAL,NONE DETECTED,No,No Apparent Injury,"RAIN, SNOW, WET",NOT DISTRACTED,DC,PASSENGER CAR,MAKING RIGHT TURN,35,No,2018,BUICK,ENCLAVE,38.96181222,-77.08477532,2022,9,8
220038593,Property Damage Crash,09/06/2022 08:18:00 AM,WISCONSIN CIR,NA,OPPOSITE DIRECTION SIDESWIPE,Rain,WET,Daylight,TRAFFIC SIGNAL,NONE DETECTED,Yes,No Apparent Injury,"RAIN, SNOW, WET",UNKNOWN,NA,TRANSIT BUS,MAKING LEFT TURN,35,No,2010,TBU,TRANSIT BUS,38.96181222,-77.08477532,2022,9,8
22003856,Injury Crash,09/06/2022 08:11:00 AM,WINSTON DR,NA,SINGLE VEHICLE,Rain,WET,Daylight,TRAFFIC SIGNAL,NONE DETECTED,No,Possible Minor Injury,"RAIN, SNOW, WET",NOT DISTRACTED,MD,MOPED,MOVING CONSTANT SPEED,30,No,2006,YAMAHA,VINO 50,38.9919,-77.0980785,2022,9,8
220038581,Property Damage Crash,09/06/2022 08:00:00 AM,VEIRS MILL RD,NA,SAME DIRECTION SIDESWIPE,Rain,WET,Daylight,N/A,NONE DETECTED,No,No Apparent Injury,N/A,NOT DISTRACTED,MD,TRANSIT BUS,STARTING FROM PARKED,35,No,2017,GILG,BUS,39.03970283,-77.05456317,2022,9,8
220038581,Property Damage Crash,09/06/2022 08:00:00 AM,VEIRS MILL RD,NA,SAME DIRECTION SIDESWIPE,Rain,WET,Daylight,N/A,NONE DETECTED,Yes,No Apparent Injury,N/A,NOT DISTRACTED,MD,PASSENGER CAR,CHANGING LANES,35,No,2004,ACURA,TL,39.03970283,-77.05456317,2022,9,8
220038582,Injury Crash,09/06/2022 07:58:00 AM,VEIRS MILL RD,NA,STRAIGHT MOVEMENT ANGLE,Rain,WET,Daylight,STOP SIGN,NONE DETECTED,No,Possible Minor Injury,"N/A, WET",NOT DISTRACTED,MD,PASSENGER CAR,MOVING CONSTANT SPEED,25,No,2009,CHEV,2S,39.03925333,-77.054235,2022,9,7
220038582,Injury Crash,09/06/2022 07:58:00 AM,VEIRS MILL RD,NA,STRAIGHT MOVEMENT ANGLE,Rain,WET,Daylight,STOP SIGN,NONE DETECTED,Yes,No Apparent Injury,"N/A, WET",LOOKED BUT DID NOT SEE,MD,PASSENGER CAR,MOVING CONSTANT SPEED,25,No,2011,HOND,TK,39.03925333,-77.054235,2022,9,7
220038567,Property Damage Crash,09/06/2022 07:09:00 AM,CONNECTICUT AVE,NA,SAME DIRECTION RIGHT TURN,Rain,WET,Medium,N/A,NONE DETECTED,Yes,No Apparent Injury,"RAIN, SNOW, WET",NOT DISTRACTED,MD,PASSENGER CAR,CHANGING LANES,35,No,2020,TOYT,CAMRY,38.98792302,-77.07715831,2022,9,7
220038567,Property Damage Crash,09/06/2022 07:09:00 AM,CONNECTICUT AVE,NA,SAME DIRECTION RIGHT TURN,Rain,WET,Medium,N/A,NONE DETECTED,No,No Apparent Injury,"RAIN, SNOW, WET",NOT DISTRACTED,DC,TRANSIT BUS,MOVING CONSTANT SPEED,35,No,2010,TBU,BUS,38.98792302,-77.07715831,2022,9,7
220038569,Injury Crash,09/06/2022 07:02:00 AM,SANDY SPRING RD,NA,SAME DIRECTION SIDESWIPE,Rain,WET,Daylight,N/A,NONE DETECTED,Yes,Possible Minor Injury,"N/A, RAIN, SNOW",NOT DISTRACTED,MD,PASSENGER CAR,CHANGING LANES,35,No,2010,HONDA,ACCORD,39.11142917,-76.92735967,2022,9,7
220038569,Injury Crash,09/06/2022 07:02:00 AM,SANDY SPRING RD,NA,SAME DIRECTION SIDESWIPE,Rain,WET,Daylight,N/A,NONE DETECTED,No,No Apparent Injury,"N/A, RAIN, SNOW",NOT DISTRACTED,MD,TRUCK TRACTOR,MOVING CONSTANT SPEED,35,No,2017,FORD,F-450,39.11142917,-76.92735967,2022,9,7
220038565,Property Damage Crash,09/06/2022 06:50:00 AM,RANDOLPH RD,NA,SAME DIRECTION RIGHT TURN,Rain,WET,Daylight,TRAFFIC SIGNAL,NONE DETECTED,Unknown,No Apparent Injury,"RAIN, SNOW, WET",UNKNOWN,MD,PASSENGER CAR,ACCELERATING,40,No,2006,TOYOTA,UT,39.05733833,-77.074045,2022,9,6
220038565,Property Damage Crash,09/06/2022 06:50:00 AM,RANDOLPH RD,NA,SAME DIRECTION RIGHT TURN,Rain,WET,Daylight,TRAFFIC SIGNAL,NONE DETECTED,No,No Apparent Injury,"RAIN, SNOW, WET",NOT DISTRACTED,MD,TRANSIT BUS,STARTING FROM PARKED,40,No,2016,GILL,LOW FLOOR,39.05733833,-77.074045,2022,9,6
220038564,Injury Crash,09/06/2022 06:21:00 AM,GEORGIA AVE,NA,SAME DIRECTION LEFT TURN,Rain,WET,Medium,TRAFFIC SIGNAL,NONE DETECTED,Yes,No Apparent Injury,"RAIN, SNOW, WET",INATTENTIVE OR LOST IN THOUGHT,MD,PASSENGER CAR,STARTING FROM LANE,35,No,2021,FORD,F150,39.09293833,-77.080165,2022,9,6
220038564,Injury Crash,09/06/2022 06:21:00 AM,GEORGIA AVE,NA,SAME DIRECTION LEFT TURN,Rain,WET,Medium,TRAFFIC SIGNAL,NONE DETECTED,No,No Apparent Injury,"RAIN, SNOW, WET",NOT DISTRACTED,MD,PASSENGER CAR,MAKING LEFT TURN,35,No,2019,TOYOTA,RAV4,39.09293833,-77.080165,2022,9,6
220038562,Property Damage Crash,09/06/2022 06:20:00 AM,GREAT SENECA HWY,NA,SINGLE VEHICLE,Rain,WET,Medium,NO CONTROLS,NONE DETECTED,Yes,No Apparent Injury,"RAIN, SNOW, WET",NOT DISTRACTED,MD,PASSENGER CAR,MOVING CONSTANT SPEED,50,No,2012,HONDA,CIVIC,39.1095083,-77.21536557,2022,9,6
220038558,Property Damage Crash,09/06/2022 02:41:00 AM,NA,NA,OTHER,Rain,NA,Medium,NO CONTROLS,NONE DETECTED,Yes,No Apparent Injury,"N/A, WET",NOT DISTRACTED,MD,PASSENGER CAR,MOVING CONSTANT SPEED,5,No,2012,HYUNDAI,SONATA,39.1753385,-77.267149,2022,9,2
220038557,Property Damage Crash,09/06/2022 02:09:00 AM,NA,NA,OTHER,Rain,NA,Medium,N/A,NONE DETECTED,Yes,No Apparent Injury,"N/A, WET",NOT DISTRACTED,MD,PASSENGER CAR,BACKING,10,No,2012,HYUNDAI,SONATA,39.19418383,-77.2723777,2022,9,2
220038554,Property Damage Crash,09/06/2022 12:18:00 AM,NA,NA,SINGLE VEHICLE,Rain,NA,Medium,N/A,NONE DETECTED,Yes,No Apparent Injury,"N/A, WET",NOT DISTRACTED,MD,PASSENGER CAR,ACCELERATING,5,No,2008,MERCEDES,C300,39.06805,-77.12897,2022,9,0
220038546,Injury Crash,09/05/2022 11:16:00 PM,CLARKSBURG RD,NA,SINGLE VEHICLE,Rain,WET,Medium,NO CONTROLS,ALCOHOL PRESENT,Yes,Possible Minor Injury,"N/A, WET",NOT DISTRACTED,NY,PASSENGER CAR,MOVING CONSTANT SPEED,20,No,2006,HONDA,ELEMENT,39.22664,-77.29031333,2022,9,23
220038547,Injury Crash,09/05/2022 11:14:00 PM,NEW HAMPSHIRE AVE,NA,SINGLE VEHICLE,Rain,WET,Medium,NO CONTROLS,NONE DETECTED,Yes,Possible Minor Injury,"RAIN, SNOW, WET",UNKNOWN,MD,PICKUP TRUCK,SKIDDING,45,No,2016,CHEV,PU,39.0926483,-77.0008106,2022,9,23
220030540,Injury Crash,09/05/2022 10:23:00 PM,E GUDE DR,NA,SAME DIRECTION SIDESWIPE,Cloudy,WET,Medium,NO CONTROLS,NONE DETECTED,Yes,No Apparent Injury,N/A,UNKNOWN,NA,NA,ACCELERATING,30,No,0,UNKNOWN,UNKNOWN,39.1063527,-77.1509243,2022,9,22
220030540,Injury Crash,09/05/2022 10:23:00 PM,E GUDE DR,NA,SAME DIRECTION SIDESWIPE,Cloudy,WET,Medium,NO CONTROLS,NONE DETECTED,No,No Apparent Injury,N/A,NOT DISTRACTED,MD,PASSENGER CAR,MOVING CONSTANT SPEED,30,No,2017,HYUNDAI,SANTA FR,39.1063527,-77.1509243,2022,9,22
220037792,Property Damage Crash,09/05/2022 10:00:00 PM,NA,NA,HEAD ON,Clear,NA,Medium,NO CONTROLS,NONE DETECTED,No,No Apparent Injury,N/A,NOT DISTRACTED,MD,POLICE VEHICLE/EMERGENCY,SLOWING OR STOPPING,5,No,2013,HONDA,TK,39.0098128,-77.0417842,2022,9,22
220037792,Property Damage Crash,09/05/2022 10:00:00 PM,NA,NA,HEAD ON,Clear,NA,Medium,NO CONTROLS,NONE DETECTED,No,No Apparent Injury,N/A,NOT DISTRACTED,MD,POLICE VEHICLE/EMERGENCY,SLOWING OR STOPPING,5,No,2019,JEEP,UT,39.0098128,-77.0417842,2022,9,22
220037792,Property Damage Crash,09/05/2022 10:00:00 PM,NA,NA,HEAD ON,Clear,NA,Medium,NO CONTROLS,DRUG PRESENT,Yes,No Apparent Injury,N/A,OTHER DISTRACTION,DC,VAN,MOVING CONSTANT SPEED,5,No,2022,CHRYSLER,PACIFICA,39.0098128,-77.0417842,2022,9,22
220037792,Property Damage Crash,09/05/2022 10:00:00 PM,NA,NA,HEAD ON,Clear,NA,Medium,NO CONTROLS,NONE DETECTED,No,No Apparent Injury,N/A,NOT DISTRACTED,MD,POLICE VEHICLE/EMERGENCY,SLOWING OR STOPPING,5,No,2015,KIA,4S,39.0098128,-77.0417842,2022,9,22
220038526,Property Damage Crash,09/05/2022 08:33:00 PM,E RANDOLPH RD,NA,SINGLE VEHICLE,Rain,WET,Medium,NO CONTROLS,NONE DETECTED,Yes,No Apparent Injury,"RAIN, SNOW, WET",LOOKED BUT DID NOT SEE,MD,PASSENGER CAR,MOVING CONSTANT SPEED,35,No,2001,FORD,MUSTANG,39.06528,-76.97191833,2022,9,20
220038524,Property Damage Crash,09/05/2022 07:54:00 PM,AIRPARK RD,NA,HEAD ON,Rain,WET,Medium,NO CONTROLS,NONE DETECTED,No,No Apparent Injury,"RAIN, SNOW, WET",NOT DISTRACTED,MD,PASSENGER CAR,MOVING CONSTANT SPEED,45,No,2010,DODG,CHALLENGER,39.15473667,-77.14230667,2022,9,19
220038524,Property Damage Crash,09/05/2022 07:54:00 PM,AIRPARK RD,NA,HEAD ON,Rain,WET,Medium,NO CONTROLS,NONE DETECTED,Yes,No Apparent Injury,"RAIN, SNOW, WET",NOT DISTRACTED,MD,PASSENGER CAR,MOVING CONSTANT SPEED,35,No,2008,HOND,CIVIC,39.15473667,-77.14230667,2022,9,19
220038407,Injury Crash,09/05/2022 07:53:00 PM,OLD COLUMBIA PIKE,NA,HEAD ON LEFT TURN,Clear,DRY,Medium,TRAFFIC SIGNAL,NONE DETECTED,No,Possible Minor Injury,N/A,NOT DISTRACTED,MA,PICKUP TRUCK,MOVING CONSTANT SPEED,45,No,2007,CHEVY,TK,39.108311,-76.936627,2022,9,19
220038407,Injury Crash,09/05/2022 07:53:00 PM,OLD COLUMBIA PIKE,NA,HEAD ON LEFT TURN,Clear,DRY,Medium,TRAFFIC SIGNAL,ALCOHOL PRESENT,Yes,No Apparent Injury,N/A,NOT DISTRACTED,MD,PASSENGER CAR,MAKING LEFT TURN,45,No,2015,KIA,OPTIMA,39.108311,-76.936627,2022,9,19
220038513,Property Damage Crash,09/05/2022 06:38:00 PM,PERRY PKWY,NA,SINGLE VEHICLE,Rain,WET,Daylight,NO CONTROLS,NONE DETECTED,Yes,No Apparent Injury,"RAIN, SNOW, WET",NOT DISTRACTED,WV,PASSENGER CAR,MOVING CONSTANT SPEED,35,No,2002,VOLK,HB,39.14499848,-77.21395592,2022,9,18
220038512,Injury Crash,09/05/2022 06:00:00 PM,RANDOLPH RD,BICYCLIST,OTHER,Rain,WET,Daylight,TRAFFIC SIGNAL,NONE DETECTED,Yes,No Apparent Injury,"N/A, RAIN, SNOW",UNKNOWN,NA,NA,MAKING RIGHT TURN,25,No,0,UNKNOWN,UNKNOWN,39.060081,-77.089781,2022,9,18
220036266,Injury Crash,09/05/2022 04:30:00 PM,W WATKINS MILL RD,NA,STRAIGHT MOVEMENT ANGLE,Clear,DRY,Daylight,TRAFFIC SIGNAL,NONE DETECTED,No,Possible Minor Injury,N/A,NOT DISTRACTED,MD,PASSENGER CAR,ACCELERATING,35,No,2013,HONDA,ACCORD,39.15702295,-77.22440958,2022,9,16
220036266,Injury Crash,09/05/2022 04:30:00 PM,W WATKINS MILL RD,NA,STRAIGHT MOVEMENT ANGLE,Clear,DRY,Daylight,TRAFFIC SIGNAL,NONE DETECTED,Yes,Possible Minor Injury,N/A,UNKNOWN,MD,PASSENGER CAR,MOVING CONSTANT SPEED,35,No,2019,VOLVO,STATION WAGON,39.15702295,-77.22440958,2022,9,16
220038376,Property Damage Crash,09/05/2022 04:02:00 PM,NA,NA,SINGLE VEHICLE,Clear,NA,Daylight,NO CONTROLS,NONE DETECTED,Yes,No Apparent Injury,N/A,UNKNOWN,MD,PASSENGER CAR,MOVING CONSTANT SPEED,15,No,2015,TOYOTA,COROLLA,39.06695179,-77.1172276,2022,9,16
220038484,Property Damage Crash,09/05/2022 01:21:00 PM,WARING STATION RD,NA,OTHER,Clear,DRY,Daylight,NO CONTROLS,NONE DETECTED,No,No Apparent Injury,N/A,NOT DISTRACTED,MD,PASSENGER CAR,CHANGING LANES,35,No,2005,CADILAC,4S,39.187576,-77.270248,2022,9,13
220038484,Property Damage Crash,09/05/2022 01:21:00 PM,WARING STATION RD,NA,OTHER,Clear,DRY,Daylight,NO CONTROLS,NONE DETECTED,Yes,No Apparent Injury,N/A,LOOKED BUT DID NOT SEE,MD,PASSENGER CAR,MAKING U TURN,35,No,2015,TOYOTA,CAMRY,39.187576,-77.270248,2022,9,13
220038478,Property Damage Crash,09/05/2022 12:39:00 PM,AMHERST AVE,NA,SAME DIRECTION SIDESWIPE,Cloudy,DRY,Daylight,NO CONTROLS,NONE DETECTED,Yes,No Apparent Injury,N/A,LOOKED BUT DID NOT SEE,MD,(SPORT) UTILITY VEHICLE,MOVING CONSTANT SPEED,25,No,2018,SUBARU,FORESTER,39.04260667,-77.04792833,2022,9,12
220038478,Property Damage Crash,09/05/2022 12:39:00 PM,AMHERST AVE,NA,SAME DIRECTION SIDESWIPE,Cloudy,DRY,Daylight,NO CONTROLS,NONE DETECTED,No,No Apparent Injury,N/A,NOT DISTRACTED,MD,(SPORT) UTILITY VEHICLE,MOVING CONSTANT SPEED,25,No,2021,HYUNDAI,TUCSON,39.04260667,-77.04792833,2022,9,12
220035623,Property Damage Crash,09/05/2022 12:15:00 PM,HOLLY GROVE RD,NA,SINGLE VEHICLE,Clear,DRY,Daylight,NO CONTROLS,NONE DETECTED,Yes,No Apparent Injury,N/A,NOT DISTRACTED,MD,(SPORT) UTILITY VEHICLE,MOVING CONSTANT SPEED,25,No,2005,BMW,4DR,39.14924167,-77.06643167,2022,9,12
220038466,Property Damage Crash,09/05/2022 09:45:00 AM,GEORGIA AVE,NA,SAME DIR REAR END,Cloudy,DRY,Daylight,NO CONTROLS,NONE DETECTED,Yes,No Apparent Injury,N/A,LOOKED BUT DID NOT SEE,MD,TRANSIT BUS,STARTING FROM LANE,35,No,2014,TBU,WMTA,39.01178,-77.04151,2022,9,9
220038466,Property Damage Crash,09/05/2022 09:45:00 AM,GEORGIA AVE,NA,SAME DIR REAR END,Cloudy,DRY,Daylight,NO CONTROLS,NONE DETECTED,No,No Apparent Injury,N/A,NOT DISTRACTED,MD,PASSENGER CAR,ACCELERATING,35,No,2018,AUDI,Q5,39.01178,-77.04151,2022,9,9
220038460,Property Damage Crash,09/05/2022 09:39:00 AM,NA,NA,OTHER,Clear,NA,Daylight,N/A,NONE DETECTED,Yes,No Apparent Injury,N/A,NOT DISTRACTED,MD,TRANSIT BUS,MOVING CONSTANT SPEED,15,No,2009,GILLIG,BUS,39.01930667,-77.05783333,2022,9,9
220037648,Injury Crash,09/05/2022 07:55:00 AM,RANDOLPH RD,NA,ANGLE MEETS RIGHT TURN,Clear,DRY,Daylight,STOP SIGN,NONE DETECTED,Yes,No Apparent Injury,"N/A, VISION OBSTRUCTION (INCL. BLINDED BY SUN)",LOOKED BUT DID NOT SEE,MD,PASSENGER CAR,MOVING CONSTANT SPEED,35,No,2013,HYUNDAI,SONATA,39.059472,-77.0602432,2022,9,7
220037648,Injury Crash,09/05/2022 07:55:00 AM,RANDOLPH RD,NA,ANGLE MEETS RIGHT TURN,Clear,DRY,Daylight,STOP SIGN,NONE DETECTED,No,Possible Minor Injury,"N/A, VISION OBSTRUCTION (INCL. BLINDED BY SUN)",NOT DISTRACTED,MD,SCHOOL BUS,MAKING RIGHT TURN,35,No,2016,THOMAS,PUSH-MSDE-D-12,39.059472,-77.0602432,2022,9,7
220038445,Property Damage Crash,09/05/2022 05:03:00 AM,GERMANTOWN RD,NA,SINGLE VEHICLE,Clear,DRY,Medium,N/A,NONE DETECTED,No,No Apparent Injury,N/A,NOT DISTRACTED,MD,POLICE VEHICLE/NON EMERGENCY,MOVING CONSTANT SPEED,45,No,2012,DODGE,CHARGER,39.19034733,-77.2490915,2022,9,5
220038530,Property Damage Crash,09/05/2022 02:45:00 AM,RANDOLPH RD,NA,SAME DIR REAR END,Clear,DRY,Medium,NO CONTROLS,NONE DETECTED,Yes,No Apparent Injury,N/A,NOT DISTRACTED,MD,POLICE VEHICLE/NON EMERGENCY,PARKING,35,No,2014,DODGE,CHARGER,39.0591768,-77.0688632,2022,9,2
220038435,Property Damage Crash,09/05/2022 12:55:00 AM,QUINCE ORCHARD BLVD,NA,SAME DIRECTION SIDESWIPE,Clear,DRY,Medium,N/A,NONE DETECTED,Yes,No Apparent Injury,N/A,LOOKED BUT DID NOT SEE,MD,PASSENGER CAR,MOVING CONSTANT SPEED,25,No,2014,RAM,3500,39.14182757,-77.22752307,2022,9,0
220038305,Injury Crash,09/05/2022 12:53:00 AM,16TH ST,NA,STRAIGHT MOVEMENT ANGLE,Clear,DRY,Medium,TRAFFIC SIGNAL,ALCOHOL PRESENT,Yes,Possible Minor Injury,N/A,NOT DISTRACTED,MD,PASSENGER CAR,ACCELERATING,35,No,2013,SUBARU,IMPREZA,38.9945,-77.0362,2022,9,0
220038305,Injury Crash,09/05/2022 12:53:00 AM,16TH ST,NA,STRAIGHT MOVEMENT ANGLE,Clear,DRY,Medium,TRAFFIC SIGNAL,NONE DETECTED,No,Possible Minor Injury,N/A,NOT DISTRACTED,DC,PASSENGER CAR,MOVING CONSTANT SPEED,35,No,2015,CADILLAC,ESCALADE,38.9945,-77.0362,2022,9,0
220038430,Property Damage Crash,09/05/2022 12:30:00 AM,CAPITAL BELTWAY,NA,SAME DIR REAR END,Clear,DRY,Medium,NO CONTROLS,NONE DETECTED,Unknown,No Apparent Injury,N/A,UNKNOWN,MD,PASSENGER CAR,CHANGING LANES,55,No,2007,BMW,4D SEDAN,39.0133005,-77.0413042,2022,9,0
220038430,Property Damage Crash,09/05/2022 12:30:00 AM,CAPITAL BELTWAY,NA,SAME DIR REAR END,Clear,DRY,Medium,NO CONTROLS,NONE DETECTED,Unknown,No Apparent Injury,N/A,UNKNOWN,MD,PASSENGER CAR,UNKNOWN,55,No,2020,DODGE,CHARGER,39.0133005,-77.0413042,2022,9,0
220038427,Property Damage Crash,09/04/2022 11:48:00 PM,PINNEBERG AVE,NA,STRAIGHT MOVEMENT ANGLE,Clear,DRY,Medium,NO CONTROLS,NONE DETECTED,Yes,No Apparent Injury,N/A,UNKNOWN,NA,PASSENGER CAR,MOVING CONSTANT SPEED,30,No,2021,FORD,EDGE,39.07792232,-77.11232277,2022,9,23
220038427,Property Damage Crash,09/04/2022 11:48:00 PM,PINNEBERG AVE,NA,STRAIGHT MOVEMENT ANGLE,Clear,DRY,Medium,NO CONTROLS,NONE DETECTED,No,No Apparent Injury,N/A,NOT DISTRACTED,MD,PASSENGER CAR,MOVING CONSTANT SPEED,25,No,2019,FORD,FIESTA,39.07792232,-77.11232277,2022,9,23
220038424,Injury Crash,09/04/2022 10:40:00 PM,UNIVERSITY BLVD W,NA,SAME DIR REAR END,Clear,DRY,Dark,TRAFFIC SIGNAL,NONE DETECTED,Yes,Possible Minor Injury,N/A,NOT DISTRACTED,MD,(SPORT) UTILITY VEHICLE,SLOWING OR STOPPING,35,No,2020,MERZ,UT,39.03660367,-77.0302185,2022,9,22
220038424,Injury Crash,09/04/2022 10:40:00 PM,UNIVERSITY BLVD W,NA,SAME DIR REAR END,Clear,DRY,Dark,TRAFFIC SIGNAL,NONE DETECTED,No,Possible Minor Injury,N/A,NOT DISTRACTED,MD,PICKUP TRUCK,SLOWING OR STOPPING,35,No,2013,FORD,TK,39.03660367,-77.0302185,2022,9,22
220038416,Property Damage Crash,09/04/2022 09:05:00 PM,BURLINGTON AVE,NA,ANGLE MEETS LEFT HEAD ON,Clear,DRY,Medium,TRAFFIC SIGNAL,NONE DETECTED,Unknown,No Apparent Injury,N/A,UNKNOWN,NA,NA,UNKNOWN,30,No,0,UNKNOWN,UNKNOWN,38.98735033,-77.02651461,2022,9,21
220038416,Property Damage Crash,09/04/2022 09:05:00 PM,BURLINGTON AVE,NA,ANGLE MEETS LEFT HEAD ON,Clear,DRY,Medium,TRAFFIC SIGNAL,NONE DETECTED,Unknown,No Apparent Injury,N/A,UNKNOWN,MD,(SPORT) UTILITY VEHICLE,MAKING LEFT TURN,35,No,2005,NISSAN,SENTRA,38.98735033,-77.02651461,2022,9,21
220038413,Property Damage Crash,09/04/2022 08:35:00 PM,W WATKINS MILL RD,NA,SINGLE VEHICLE,Clear,DRY,Medium,TRAFFIC SIGNAL,NONE DETECTED,Yes,No Apparent Injury,N/A,NOT DISTRACTED,NA,PASSENGER CAR,MOVING CONSTANT SPEED,35,No,2000,SATURN,SL,39.1559318,-77.22659455,2022,9,20
220038420,Property Damage Crash,09/04/2022 08:30:00 PM,WATKINS MILL RD,NA,SAME DIR REAR END,Clear,DRY,Dark,NO CONTROLS,NONE DETECTED,Yes,No Apparent Injury,N/A,NOT DISTRACTED,NA,PASSENGER CAR,MOVING CONSTANT SPEED,30,No,2000,SATURN,SL,39.173498,-77.208296,2022,9,20
220038420,Property Damage Crash,09/04/2022 08:30:00 PM,WATKINS MILL RD,NA,SAME DIR REAR END,Clear,DRY,Dark,NO CONTROLS,NONE DETECTED,No,No Apparent Injury,N/A,NOT DISTRACTED,MD,PASSENGER CAR,MOVING CONSTANT SPEED,30,No,2003,HONDA,ACCORD,39.173498,-77.208296,2022,9,20
220038414,Injury Crash,09/04/2022 08:25:00 PM,CAPITAL BELTWAY,NA,SAME DIRECTION SIDESWIPE,Clear,DRY,Dark,NO CONTROLS,NONE DETECTED,Yes,Possible Minor Injury,N/A,UNKNOWN,NY,PASSENGER CAR,CHANGING LANES,55,No,2008,HONDA,PILOT,39.01859833,-76.99059333,2022,9,20
220038414,Injury Crash,09/04/2022 08:25:00 PM,CAPITAL BELTWAY,NA,SAME DIRECTION SIDESWIPE,Clear,DRY,Dark,NO CONTROLS,NONE DETECTED,Yes,No Apparent Injury,N/A,UNKNOWN,MD,PASSENGER CAR,CHANGING LANES,35,No,2005,TOYOTA,CAMRY,39.01859833,-76.99059333,2022,9,20
220038410,Property Damage Crash,09/04/2022 07:56:00 PM,MOUNTAIN LAUREL LA,NA,SAME DIR REAR END,Clear,DRY,Dark,NO CONTROLS,ALCOHOL PRESENT,Yes,No Apparent Injury,N/A,OTHER DISTRACTION,MD,PASSENGER CAR,MOVING CONSTANT SPEED,25,No,2007,HONDA,CRV,39.16033663,-77.16743678,2022,9,19
220038406,Property Damage Crash,09/04/2022 07:48:00 PM,EISENHOWER MEMORIAL HWY,NA,OTHER,Clear,DRY,Medium,NO CONTROLS,NONE DETECTED,No,No Apparent Injury,N/A,NOT DISTRACTED,MD,PASSENGER CAR,MOVING CONSTANT SPEED,55,No,2019,VOLVO,4DR,39.112151419999996,-77.1438103,2022,9,19
220038406,Property Damage Crash,09/04/2022 07:48:00 PM,EISENHOWER MEMORIAL HWY,NA,OTHER,Clear,DRY,Medium,NO CONTROLS,NONE DETECTED,No,No Apparent Injury,N/A,NOT DISTRACTED,GA,TRUCK TRACTOR,MOVING CONSTANT SPEED,55,No,2022,HIRSCHBACH,TRACTER,39.112151419999996,-77.1438103,2022,9,19
220038406,Property Damage Crash,09/04/2022 07:48:00 PM,EISENHOWER MEMORIAL HWY,NA,OTHER,Clear,DRY,Medium,NO CONTROLS,NONE DETECTED,Yes,No Apparent Injury,N/A,UNKNOWN,NA,NA,MOVING CONSTANT SPEED,55,No,0,UNKNOWN,UNKNOWN,39.112151419999996,-77.1438103,2022,9,19
220038717,Property Damage Crash,09/04/2022 06:00:00 PM,NA,NA,STRAIGHT MOVEMENT ANGLE,Clear,NA,Daylight,NO CONTROLS,NONE DETECTED,Yes,No Apparent Injury,N/A,UNKNOWN,NA,PASSENGER CAR,BACKING,15,No,2020,FORD,CG,39.04286833,-77.216745,2022,9,18
220038386,Property Damage Crash,09/04/2022 05:38:00 PM,GERMANTOWN RD,NA,SAME DIR REAR END,Clear,DRY,Daylight,N/A,NONE DETECTED,Yes,No Apparent Injury,N/A,NOT DISTRACTED,MD,PASSENGER CAR,SLOWING OR STOPPING,40,No,2010,TOYT,4S,39.1652795,-77.28198433,2022,9,17
220038386,Property Damage Crash,09/04/2022 05:38:00 PM,GERMANTOWN RD,NA,SAME DIR REAR END,Clear,DRY,Daylight,N/A,NONE DETECTED,No,No Apparent Injury,N/A,NOT DISTRACTED,MD,PASSENGER CAR,STOPPED IN TRAFFIC LANE,40,No,2016,FORD,EXPLORER,39.1652795,-77.28198433,2022,9,17
220038386,Property Damage Crash,09/04/2022 05:38:00 PM,GERMANTOWN RD,NA,SAME DIR REAR END,Clear,DRY,Daylight,N/A,NONE DETECTED,No,No Apparent Injury,N/A,NOT DISTRACTED,MD,SNOWMOBILE,STOPPED IN TRAFFIC LANE,40,No,2017,ACUR,TK,39.1652795,-77.28198433,2022,9,17
220038378,Injury Crash,09/04/2022 04:27:00 PM,UNIVERSITY BLVD E,NA,SAME DIRECTION SIDESWIPE,Clear,DRY,Daylight,NO CONTROLS,NONE DETECTED,No,Possible Minor Injury,N/A,NOT DISTRACTED,MD,PASSENGER CAR,MOVING CONSTANT SPEED,35,No,2014,TOYT,CAMRY,39.01910667,-77.01204833,2022,9,16
220038378,Injury Crash,09/04/2022 04:27:00 PM,UNIVERSITY BLVD E,NA,SAME DIRECTION SIDESWIPE,Clear,DRY,Daylight,NO CONTROLS,NONE DETECTED,Yes,No Apparent Injury,N/A,NOT DISTRACTED,MD,PASSENGER CAR,CHANGING LANES,35,No,2012,CADILLAC,SRX,39.01910667,-77.01204833,2022,9,16
220038375,Injury Crash,09/04/2022 03:45:00 PM,EAST WEST HWY,NA,SINGLE VEHICLE,Clear,DRY,Daylight,NO CONTROLS,NONE DETECTED,Yes,Suspected Serious Injury,N/A,UNKNOWN,MD,PASSENGER CAR,MOVING CONSTANT SPEED,35,No,2018,TOYOTA,COROLLA,38.9947195,-77.0444453,2022,9,15
220038453,Property Damage Crash,09/04/2022 03:15:00 PM,BROOKS AVE,NA,UNKNOWN,Clear,DRY,Daylight,NO CONTROLS,NONE DETECTED,Yes,No Apparent Injury,N/A,UNKNOWN,NA,NA,UNKNOWN,25,No,0,UNKNOWN,UNKNOWN,39.1437872,-77.196074,2022,9,15
220038358,Injury Crash,09/04/2022 02:55:00 PM,NORBECK BLVD,BICYCLIST,STRAIGHT MOVEMENT ANGLE,Clear,DRY,Daylight,STOP SIGN,NONE DETECTED,Yes,No Apparent Injury,N/A,LOOKED BUT DID NOT SEE,MD,PASSENGER CAR,SLOWING OR STOPPING,25,No,2021,LEXUS,RX350,39.109525,-77.068825,2022,9,14
220038339,Injury Crash,09/04/2022 12:21:00 PM,CLOPPER RD,NA,HEAD ON LEFT TURN,Clear,DRY,Daylight,TRAFFIC SIGNAL,NONE DETECTED,No,Possible Minor Injury,N/A,NOT DISTRACTED,MD,(SPORT) UTILITY VEHICLE,MOVING CONSTANT SPEED,35,No,2019,HONDA,CRV,39.14777517,-77.23301867,2022,9,12
220038339,Injury Crash,09/04/2022 12:21:00 PM,CLOPPER RD,NA,HEAD ON LEFT TURN,Clear,DRY,Daylight,TRAFFIC SIGNAL,NONE DETECTED,No,Possible Minor Injury,N/A,NOT DISTRACTED,MD,(SPORT) UTILITY VEHICLE,MOVING CONSTANT SPEED,35,No,2019,HONDA,CHR,39.14777517,-77.23301867,2022,9,12
220038339,Injury Crash,09/04/2022 12:21:00 PM,CLOPPER RD,NA,HEAD ON LEFT TURN,Clear,DRY,Daylight,TRAFFIC SIGNAL,NONE DETECTED,Yes,Possible Minor Injury,N/A,NOT DISTRACTED,MD,PASSENGER CAR,MAKING LEFT TURN,35,No,2015,TOYOTA,COROLLA,39.14777517,-77.23301867,2022,9,12