Local Case Number,ACRS Report Type,Crash Date/Time,Road Name,Related Non-Motorist,Collision Type,Weather,Surface Condition,Light,Traffic Control,Driver Substance Abuse,Driver At Fault,Injury Severity,Circumstance,Driver Distracted By,Drivers License State,Vehicle Body Type,Vehicle Movement,Speed Limit,Driverless Vehicle,Vehicle Year,Vehicle Make,Vehicle Model,Latitude,Longitude,Year,Month,Hour
220038327,Property Damage Crash,09/04/2022 09:57:00 AM,BETHESDA AVE,NA,OTHER,Clear,DRY,Daylight,NO CONTROLS,NONE DETECTED,Yes,No Apparent Injury,N/A,NOT DISTRACTED,DC,AMBULANCE/EMERGENCY,BACKING,15,No,2018,FRHT TK,AMBULANCE,38.98115167,-77.09650833,2022,9,9
220038337,Property Damage Crash,09/04/2022 09:10:00 AM,GEORGIA AVE,NA,SAME DIRECTION SIDESWIPE,Clear,DRY,Daylight,TRAFFIC SIGNAL,NONE DETECTED,No,No Apparent Injury,N/A,NOT DISTRACTED,MD,(SPORT) UTILITY VEHICLE,MOVING CONSTANT SPEED,35,No,2020,HONDA,CR-V,39.058171,-77.05016,2022,9,9
220038337,Property Damage Crash,09/04/2022 09:10:00 AM,GEORGIA AVE,NA,SAME DIRECTION SIDESWIPE,Clear,DRY,Daylight,TRAFFIC SIGNAL,NONE DETECTED,Yes,No Apparent Injury,N/A,UNKNOWN,NA,(SPORT) UTILITY VEHICLE,CHANGING LANES,35,No,2022,CADILLAC,ESCALADE,39.058171,-77.05016,2022,9,9
220038167,Property Damage Crash,09/04/2022 03:14:00 AM,NA,NA,OTHER,Clear,NA,Medium,NO CONTROLS,DRUG PRESENT,Yes,No Apparent Injury,N/A,NOT DISTRACTED,MD,PASSENGER CAR,SLOWING OR STOPPING,0,No,2008,HONDA,CIVIC,38.9998,-76.9903,2022,9,3
220038314,Property Damage Crash,09/04/2022 02:58:00 AM,RIDGE RD,NA,SAME DIR REAR END,Clear,DRY,Medium,NO CONTROLS,NONE DETECTED,No,No Apparent Injury,N/A,NOT DISTRACTED,MD,PICKUP TRUCK,STOPPED IN TRAFFIC LANE,40,No,2021,FORD,RANGER,39.30902333,-77.19773667,2022,9,2
220038314,Property Damage Crash,09/04/2022 02:58:00 AM,RIDGE RD,NA,SAME DIR REAR END,Clear,DRY,Medium,NO CONTROLS,NONE DETECTED,No,No Apparent Injury,N/A,NOT DISTRACTED,MD,PASSENGER CAR,STOPPED IN TRAFFIC LANE,40,No,2020,KIA,FORTE,39.30902333,-77.19773667,2022,9,2
220038314,Property Damage Crash,09/04/2022 02:58:00 AM,RIDGE RD,NA,SAME DIR REAR END,Clear,DRY,Medium,NO CONTROLS,NONE DETECTED,Yes,No Apparent Injury,N/A,NOT DISTRACTED,MD,PASSENGER CAR,SLOWING OR STOPPING,40,No,2020,TOYT,CAMRY,39.30902333,-77.19773667,2022,9,2
220038316,Property Damage Crash,09/04/2022 02:56:00 AM,NA,NA,SAME DIR REAR END,Clear,NA,Medium,NO CONTROLS,ALCOHOL PRESENT,Yes,No Apparent Injury,N/A,NOT DISTRACTED,XX,PASSENGER CAR,BACKING,30,No,2012,HONDA,CIVIC,39.1623162,-77.2244446,2022,9,2
220038310,Injury Crash,09/04/2022 01:37:00 AM,BRINK RD,NA,SINGLE VEHICLE,Clear,DRY,Dark,NO CONTROLS,ALCOHOL PRESENT,Yes,Possible Minor Injury,N/A,UNKNOWN,MD,PASSENGER CAR,MOVING CONSTANT SPEED,40,No,2015,HOND,2S,39.20832667,-77.177805,2022,9,1
220038300,Property Damage Crash,09/03/2022 11:31:00 PM,SHADY GROVE RD,NA,OTHER,Clear,DRY,Medium,NO CONTROLS,NONE DETECTED,Yes,No Apparent Injury,"BACKUP DUE TO NON-RECURRING INCIDENT, N/A",LOOKED BUT DID NOT SEE,NA,ALL TERRAIN VEHICLE (ATV),BACKING,25,No,0,FORD,EXPLORER,39.15488727,-77.2041849,2022,9,23
220038300,Property Damage Crash,09/03/2022 11:31:00 PM,SHADY GROVE RD,NA,OTHER,Clear,DRY,Medium,NO CONTROLS,NONE DETECTED,No,No Apparent Injury,"BACKUP DUE TO NON-RECURRING INCIDENT, N/A",NOT DISTRACTED,MD,ALL TERRAIN VEHICLE (ATV),SLOWING OR STOPPING,0,No,2012,HONDA,CIVIC,39.15488727,-77.2041849,2022,9,23
220038289,Property Damage Crash,09/03/2022 09:15:00 PM,STEEPLE RD,NA,SAME DIRECTION SIDESWIPE,Clear,DRY,Medium,NO CONTROLS,NONE DETECTED,No,No Apparent Injury,N/A,NOT DISTRACTED,MD,(SPORT) UTILITY VEHICLE,MOVING CONSTANT SPEED,30,No,2018,FORD,EXPLORER,39.17145783,-77.28894,2022,9,21
220038285,Injury Crash,09/03/2022 08:48:00 PM,COLESVILLE RD,PEDESTRIAN,SINGLE VEHICLE,Clear,DRY,Dark,STOP SIGN,NONE DETECTED,Yes,No Apparent Injury,N/A,UNKNOWN,NA,NA,MOVING CONSTANT SPEED,25,No,0,UNKNOWN,UNKNOWN,39.02151833,-77.011905,2022,9,20
220038283,Injury Crash,09/03/2022 08:44:00 PM,BRIGGS CHANEY RD,NA,STRAIGHT MOVEMENT ANGLE,Clear,DRY,Dark,TRAFFIC SIGNAL,NONE DETECTED,No,Possible Minor Injury,N/A,NOT DISTRACTED,MD,(SPORT) UTILITY VEHICLE,ACCELERATING,45,No,2017,HYUNDI,SANTAFE,39.082809,-76.948068,2022,9,20
220038283,Injury Crash,09/03/2022 08:44:00 PM,BRIGGS CHANEY RD,NA,STRAIGHT MOVEMENT ANGLE,Clear,DRY,Dark,TRAFFIC SIGNAL,NONE DETECTED,Yes,No Apparent Injury,N/A,LOOKED BUT DID NOT SEE,MD,PASSENGER CAR,MOVING CONSTANT SPEED,45,No,2013,TOYOTA,SCION,39.082809,-76.948068,2022,9,20
220038277,Injury Crash,09/03/2022 08:07:00 PM,VEIRS MILL RD,NA,N/A,Clear,DRY,Medium,N/A,NONE DETECTED,Yes,Possible Minor Injury,N/A,NOT DISTRACTED,MD,MOTORCYCLE,MOVING CONSTANT SPEED,35,No,2003,HARLEY DAVIDSON,MOTORCYCLE,39.062193,-77.0535329,2022,9,20
220038265,Property Damage Crash,09/03/2022 06:32:00 PM,E JEFFERSON ST,NA,SINGLE VEHICLE,Clear,DRY,Daylight,NO CONTROLS,NONE DETECTED,Yes,No Apparent Injury,N/A,UNKNOWN,MD,PASSENGER CAR,MOVING CONSTANT SPEED,0,No,2013,MAZDA,HATCHBACK,39.06379467,-77.13013933,2022,9,18
220038262,Property Damage Crash,09/03/2022 06:16:00 PM,GATESHEAD MANOR WAY,NA,OTHER,Clear,DRY,Daylight,NO CONTROLS,NONE DETECTED,Yes,No Apparent Injury,N/A,NOT DISTRACTED,MD,TRANSIT BUS,MAKING LEFT TURN,25,No,2016,TBU,TRANSIT BUS,39.077644,-76.9421821,2022,9,18
220038252,Property Damage Crash,09/03/2022 06:00:00 PM,SHADY GROVE RD,NA,SAME DIR REAR END,Clear,DRY,Daylight,TRAFFIC SIGNAL,NONE DETECTED,No,No Apparent Injury,N/A,NOT DISTRACTED,MD,PASSENGER CAR,STOPPED IN TRAFFIC LANE,40,No,2018,JAGUAR,F PACE,39.12705833,-77.1731605,2022,9,18
220038252,Property Damage Crash,09/03/2022 06:00:00 PM,SHADY GROVE RD,NA,SAME DIR REAR END,Clear,DRY,Daylight,TRAFFIC SIGNAL,ALCOHOL PRESENT,Yes,No Apparent Injury,N/A,UNKNOWN,DE,PASSENGER CAR,MOVING CONSTANT SPEED,40,No,2011,HONDA,CRZ,39.12705833,-77.1731605,2022,9,18
220038245,Property Damage Crash,09/03/2022 04:55:00 PM,SNOUFFERS SCHOOL RD,NA,HEAD ON LEFT TURN,Clear,DRY,Daylight,NO CONTROLS,NONE DETECTED,Yes,No Apparent Injury,N/A,LOOKED BUT DID NOT SEE,MD,PASSENGER CAR,MAKING LEFT TURN,35,No,2017,CHEVY,EQUINOX,39.181145,-77.17778167,2022,9,16
220038245,Property Damage Crash,09/03/2022 04:55:00 PM,SNOUFFERS SCHOOL RD,NA,HEAD ON LEFT TURN,Clear,DRY,Daylight,NO CONTROLS,NONE DETECTED,No,No Apparent Injury,N/A,NOT DISTRACTED,MD,PASSENGER CAR,MOVING CONSTANT SPEED,35,No,2022,TOYOTA,CAMRY,39.181145,-77.17778167,2022,9,16
220037385,Property Damage Crash,09/03/2022 03:50:00 PM,CONGRESS DR,NA,SAME DIRECTION SIDESWIPE,Clear,DRY,Daylight,NO CONTROLS,NONE DETECTED,No,No Apparent Injury,N/A,NOT DISTRACTED,MD,FIRE VEHICLE/EMERGENCY,PARKED,25,No,2019,PIERCE,TK,39.08321667,-77.096255,2022,9,15
220037385,Property Damage Crash,09/03/2022 03:50:00 PM,CONGRESS DR,NA,SAME DIRECTION SIDESWIPE,Clear,DRY,Daylight,NO CONTROLS,NONE DETECTED,Yes,No Apparent Injury,N/A,LOOKED BUT DID NOT SEE,MD,"CARGO VAN/LIGHT TRUCK 2 AXLES (OVER 10,000LBS (4,536 KG))",SLOWING OR STOPPING,25,No,2019,FORD,CG,39.08321667,-77.096255,2022,9,15
220038230,Property Damage Crash,09/03/2022 02:32:00 PM,NA,NA,SINGLE VEHICLE,Clear,NA,Daylight,NO CONTROLS,NONE DETECTED,Yes,No Apparent Injury,N/A,LOOKED BUT DID NOT SEE,MD,FIRE VEHICLE/EMERGENCY,MAKING LEFT TURN,0,No,2007,PIERCE,DASH,39.0734375,-77.1353125,2022,9,14
220038215,Injury Crash,09/03/2022 01:45:00 PM,WOOTTON PKWY,NA,HEAD ON LEFT TURN,Clear,DRY,Daylight,NO CONTROLS,NONE DETECTED,No,No Apparent Injury,N/A,NOT DISTRACTED,MD,RECREATIONAL VEHICLE,MOVING CONSTANT SPEED,35,No,2011,PORSCE,CAYENNE,39.071579,-77.139838,2022,9,13
220038215,Injury Crash,09/03/2022 01:45:00 PM,WOOTTON PKWY,NA,HEAD ON LEFT TURN,Clear,DRY,Daylight,NO CONTROLS,NONE DETECTED,Yes,Possible Minor Injury,N/A,NOT DISTRACTED,MD,PASSENGER CAR,MAKING LEFT TURN,35,No,2018,TOYOTA,CAMRY,39.071579,-77.139838,2022,9,13
220037202,Property Damage Crash,09/03/2022 01:02:00 PM,WELLER RD,NA,UNKNOWN,Clear,DRY,Daylight,N/A,NONE DETECTED,Unknown,No Apparent Injury,N/A,UNKNOWN,NA,UNKNOWN,UNKNOWN,35,Unknown,0,UNKNOWN,UNKNOWN,39.14915833,-77.06613,2022,9,13
220037202,Property Damage Crash,09/03/2022 01:02:00 PM,WELLER RD,NA,UNKNOWN,Clear,DRY,Daylight,N/A,NONE DETECTED,Unknown,No Apparent Injury,N/A,NOT DISTRACTED,MD,AMBULANCE/EMERGENCY,MOVING CONSTANT SPEED,35,No,2020,FREIGHTLINER,AMBULANCE,39.14915833,-77.06613,2022,9,13
220038212,Property Damage Crash,09/03/2022 12:51:00 PM,NA,OTHER CONVEYANCE,OTHER,Clear,NA,Daylight,NO CONTROLS,NONE DETECTED,No,No Apparent Injury,N/A,NOT DISTRACTED,MD,(SPORT) UTILITY VEHICLE,MOVING CONSTANT SPEED,5,No,2004,FORD,F150,39.08637,-77.051904,2022,9,12
220038212,Property Damage Crash,09/03/2022 12:51:00 PM,NA,OTHER CONVEYANCE,OTHER,Clear,NA,Daylight,NO CONTROLS,NONE DETECTED,Yes,No Apparent Injury,N/A,LOOKED BUT DID NOT SEE,XX,(SPORT) UTILITY VEHICLE,STARTING FROM PARKED,5,No,2012,NISSAN,PATHFINDER,39.08637,-77.051904,2022,9,12
220038207,Property Damage Crash,09/03/2022 12:31:00 PM,GEORGIA AVE,NA,SAME DIR REAR END,Clear,N/A,Daylight,N/A,NONE DETECTED,No,No Apparent Injury,N/A,NOT DISTRACTED,MD,PASSENGER CAR,MOVING CONSTANT SPEED,35,No,2021,FORD,ESCAPE,39.01435,-77.04209,2022,9,12
220038207,Property Damage Crash,09/03/2022 12:31:00 PM,GEORGIA AVE,NA,SAME DIR REAR END,Clear,N/A,Daylight,N/A,NONE DETECTED,Yes,No Apparent Injury,N/A,UNKNOWN,MD,PASSENGER CAR,ACCELERATING,35,No,2009,CHRY,TOWN COUNTRY,39.01435,-77.04209,2022,9,12
220038205,Property Damage Crash,09/03/2022 11:37:00 AM,NA,NA,OTHER,Cloudy,NA,Daylight,NO CONTROLS,NONE DETECTED,Yes,No Apparent Injury,N/A,UNKNOWN,MD,(SPORT) UTILITY VEHICLE,ACCELERATING,25,No,2007,HONDA,PILOT,39.000313,-76.994546,2022,9,11
220038203,Injury Crash,09/03/2022 11:09:00 AM,LAYHILL RD,NA,STRAIGHT MOVEMENT ANGLE,Clear,DRY,Daylight,NO CONTROLS,NONE DETECTED,No,Possible Minor Injury,N/A,NOT DISTRACTED,XX,PASSENGER CAR,MOVING CONSTANT SPEED,40,No,2011,SUBARU,LEGACY,39.0835683,-77.0465213,2022,9,11
220038203,Injury Crash,09/03/2022 11:09:00 AM,LAYHILL RD,NA,STRAIGHT MOVEMENT ANGLE,Clear,DRY,Daylight,NO CONTROLS,NONE DETECTED,Yes,Possible Minor Injury,N/A,LOOKED BUT DID NOT SEE,MD,PASSENGER CAR,MAKING LEFT TURN,40,No,2020,SUBARU,OUTBACK,39.0835683,-77.0465213,2022,9,11
220038202,Property Damage Crash,09/03/2022 11:00:00 AM,GEORGIA AVE,NA,SAME DIRECTION SIDESWIPE,Clear,DRY,Daylight,NO CONTROLS,NONE DETECTED,Yes,No Apparent Injury,N/A,UNKNOWN,MD,PASSENGER CAR,CHANGING LANES,25,No,2012,HYUNDAI,SONATA,39.03902,-77.05127167,2022,9,11
220038202,Property Damage Crash,09/03/2022 11:00:00 AM,GEORGIA AVE,NA,SAME DIRECTION SIDESWIPE,Clear,DRY,Daylight,NO CONTROLS,NONE DETECTED,No,No Apparent Injury,N/A,NOT DISTRACTED,MD,TRANSIT BUS,STOPPED IN TRAFFIC LANE,25,No,2016,NEW FLYER,TBU,39.03902,-77.05127167,2022,9,11
220038194,Property Damage Crash,09/03/2022 09:38:00 AM,GOLDSBOROUGH DR,NA,SINGLE VEHICLE,Clear,DRY,Daylight,NO CONTROLS,NONE DETECTED,Yes,No Apparent Injury,N/A,UNKNOWN,MD,(SPORT) UTILITY VEHICLE,MOVING CONSTANT SPEED,25,No,2018,JEEP,GRAND CHEROKEE,39.072211,-77.13295,2022,9,9
220038190,Injury Crash,09/03/2022 09:20:00 AM,EMORY ST,BICYCLIST,OTHER,Clear,DRY,Daylight,STOP SIGN,NONE DETECTED,Yes,No Apparent Injury,N/A,UNKNOWN,MD,PASSENGER CAR,MAKING RIGHT TURN,35,No,2015,KIA,4S,39.157915,-77.159095,2022,9,9
220038174,Property Damage Crash,09/03/2022 07:25:00 AM,NA,NA,SAME DIR REAR END,Clear,NA,Daylight,N/A,NONE DETECTED,Yes,No Apparent Injury,N/A,NOT DISTRACTED,MD,PASSENGER CAR,MOVING CONSTANT SPEED,35,No,2010,TOYOTA,COROLLA,39.03493433,-77.0693335,2022,9,7
220038172,Property Damage Crash,09/03/2022 05:15:00 AM,PICKERING PL,NA,OTHER,Clear,DRY,Dark,NO CONTROLS,NONE DETECTED,Yes,No Apparent Injury,N/A,UNKNOWN,XX,PASSENGER CAR,MOVING CONSTANT SPEED,25,No,2014,HONDA,ACCORD,39.187576,-77.270248,2022,9,5
220038176,Property Damage Crash,09/03/2022 02:00:00 AM,MILBORO DR,NA,SAME DIRECTION SIDESWIPE,Clear,DRY,Dark,NO CONTROLS,NONE DETECTED,Yes,No Apparent Injury,N/A,UNKNOWN,MD,PASSENGER CAR,UNKNOWN,25,No,2017,KIA,FORTE,39.0664628,-77.1691734,2022,9,2
220036038,Property Damage Crash,09/03/2022 12:19:00 AM,NEW HAMPSHIRE AVE,NA,SINGLE VEHICLE,Clear,DRY,Medium,NO CONTROLS,NONE DETECTED,Yes,No Apparent Injury,N/A,NOT DISTRACTED,DC,PASSENGER CAR,MOVING CONSTANT SPEED,40,No,2020,HONDA,CIVIC,39.04464167,-76.99949833,2022,9,0
220038153,Injury Crash,09/02/2022 11:37:00 PM,LEONARD DR,NA,STRAIGHT MOVEMENT ANGLE,Clear,DRY,Medium,STOP SIGN,NONE DETECTED,No,Suspected Serious Injury,N/A,NOT DISTRACTED,MD,PASSENGER CAR,MOVING CONSTANT SPEED,25,No,2005,HONDA,ACCORD,38.999685,-77.04356667,2022,9,23
220038153,Injury Crash,09/02/2022 11:37:00 PM,LEONARD DR,NA,STRAIGHT MOVEMENT ANGLE,Clear,DRY,Medium,STOP SIGN,NONE DETECTED,Yes,No Apparent Injury,N/A,LOOKED BUT DID NOT SEE,MD,PASSENGER CAR,ACCELERATING,25,No,2013,TOYOTA,COROLLA,38.999685,-77.04356667,2022,9,23
220038145,Property Damage Crash,09/02/2022 11:00:00 PM,TECH RD,NA,STRAIGHT MOVEMENT ANGLE,Clear,DRY,Dark,NO CONTROLS,NONE DETECTED,Unknown,No Apparent Injury,N/A,UNKNOWN,MD,PASSENGER CAR,MOVING CONSTANT SPEED,30,No,2017,FORD,FOCUS,39.044985,-76.99350333,2022,9,23
220038145,Property Damage Crash,09/02/2022 11:00:00 PM,TECH RD,NA,STRAIGHT MOVEMENT ANGLE,Clear,DRY,Dark,NO CONTROLS,NONE DETECTED,Unknown,No Apparent Injury,N/A,UNKNOWN,MD,PASSENGER CAR,MAKING U TURN,30,No,2001,MERCEDES,CN,39.044985,-76.99350333,2022,9,23
220038152,Property Damage Crash,09/02/2022 10:15:00 PM,NA,NA,OTHER,Clear,NA,Medium,N/A,NONE DETECTED,Yes,No Apparent Injury,N/A,UNKNOWN,MD,(SPORT) UTILITY VEHICLE,MOVING CONSTANT SPEED,10,No,2018,JEEP,WRANGLER,39.0471605,-77.1128597,2022,9,22
220038142,Injury Crash,09/02/2022 09:30:00 PM,MACARTHUR BLVD,NA,SINGLE VEHICLE,Clear,WET,Medium,NO CONTROLS,NONE DETECTED,Yes,Possible Minor Injury,"N/A, WET",NOT DISTRACTED,DC,PASSENGER CAR,MOVING CONSTANT SPEED,35,No,2003,HONDA,248,38.95374,-77.12808167,2022,9,21
220038138,Property Damage Crash,09/02/2022 08:30:00 PM,GEORGIA AVE,NA,SAME DIR REAR END,Clear,DRY,Medium,TRAFFIC SIGNAL,NONE DETECTED,Yes,No Apparent Injury,N/A,LOOKED BUT DID NOT SEE,MD,PASSENGER CAR,MOVING CONSTANT SPEED,40,No,2015,TOYOTA,COROLLA,39.121093,-77.074949,2022,9,20
220038135,Property Damage Crash,09/02/2022 08:30:00 PM,BETHESDA AVE,NA,SAME DIRECTION RIGHT TURN,Clear,DRY,Medium,TRAFFIC SIGNAL,NONE DETECTED,Yes,No Apparent Injury,N/A,NOT DISTRACTED,PA,PASSENGER CAR,MAKING RIGHT TURN,25,No,2018,FRHT,AMBULANCE,38.98081667,-77.09773833,2022,9,20
220038138,Property Damage Crash,09/02/2022 08:30:00 PM,GEORGIA AVE,NA,SAME DIR REAR END,Clear,DRY,Medium,TRAFFIC SIGNAL,NONE DETECTED,No,No Apparent Injury,N/A,NOT DISTRACTED,MD,PASSENGER CAR,MOVING CONSTANT SPEED,40,No,2022,LEXUS,UT,39.121093,-77.074949,2022,9,20
220038128,Injury Crash,09/02/2022 07:15:00 PM,GEORGIA AVE,NA,SAME DIR REAR END,Clear,DRY,Medium,N/A,NONE DETECTED,No,Possible Minor Injury,N/A,NOT DISTRACTED,MD,PASSENGER CAR,UNKNOWN,35,No,2009,NISSAN,VERSA,39.07721119,-77.07044252,2022,9,19
220038128,Injury Crash,09/02/2022 07:15:00 PM,GEORGIA AVE,NA,SAME DIR REAR END,Clear,DRY,Medium,N/A,ALCOHOL PRESENT,Yes,No Apparent Injury,N/A,UNKNOWN,MD,PICKUP TRUCK,MOVING CONSTANT SPEED,35,No,2016,DODGE,RAM 1500,39.07721119,-77.07044252,2022,9,19
220038118,Property Damage Crash,09/02/2022 06:31:00 PM,STANLEY AVE,NA,STRAIGHT MOVEMENT ANGLE,Clear,DRY,Daylight,STOP SIGN,NONE DETECTED,Yes,No Apparent Injury,N/A,LOOKED BUT DID NOT SEE,MD,PASSENGER CAR,ACCELERATING,25,No,2016,HONDA,CIVIC,39.067864,-77.1248725,2022,9,18
220038118,Property Damage Crash,09/02/2022 06:31:00 PM,STANLEY AVE,NA,STRAIGHT MOVEMENT ANGLE,Clear,DRY,Daylight,STOP SIGN,NONE DETECTED,No,No Apparent Injury,N/A,NOT DISTRACTED,MD,PASSENGER CAR,MOVING CONSTANT SPEED,25,No,2000,CHEVROLET,MONTE CARLO,39.067864,-77.1248725,2022,9,18
220038104,Property Damage Crash,09/02/2022 05:01:00 PM,NA,NA,OTHER,Clear,NA,Daylight,N/A,NONE DETECTED,Yes,No Apparent Injury,N/A,UNKNOWN,NA,PICKUP TRUCK,BACKING,5,No,2016,DODGE,RAM 1500,39.093202,-77.15311333,2022,9,17
220038102,Property Damage Crash,09/02/2022 04:52:00 PM,COLUMBIA PIKE,NA,SAME DIR REAR END,Clear,DRY,Daylight,TRAFFIC SIGNAL,NONE DETECTED,Yes,No Apparent Injury,N/A,UNKNOWN,VA,PASSENGER CAR,MOVING CONSTANT SPEED,50,No,2012,TOYOTA,COROLLA,39.0736674,-76.9557489,2022,9,16
220038102,Property Damage Crash,09/02/2022 04:52:00 PM,COLUMBIA PIKE,NA,SAME DIR REAR END,Clear,DRY,Daylight,TRAFFIC SIGNAL,NONE DETECTED,No,No Apparent Injury,N/A,NOT DISTRACTED,MD,PASSENGER CAR,STOPPED IN TRAFFIC LANE,50,No,2017,FIAT,500,39.0736674,-76.9557489,2022,9,16
220038098,Property Damage Crash,09/02/2022 04:42:00 PM,BRADLEY BLVD,NA,HEAD ON LEFT TURN,Clear,DRY,Daylight,TRAFFIC SIGNAL,NONE DETECTED,Yes,No Apparent Injury,N/A,LOOKED BUT DID NOT SEE,MD,PASSENGER CAR,MAKING LEFT TURN,35,No,2020,HONDA,CRV,38.99802667,-77.10815667,2022,9,16
220038098,Property Damage Crash,09/02/2022 04:42:00 PM,BRADLEY BLVD,NA,HEAD ON LEFT TURN,Clear,DRY,Daylight,TRAFFIC SIGNAL,NONE DETECTED,No,No Apparent Injury,N/A,NOT DISTRACTED,MD,PASSENGER CAR,MOVING CONSTANT SPEED,35,No,2015,HONDA,CRV,38.99802667,-77.10815667,2022,9,16
220038089,Injury Crash,09/02/2022 04:23:00 PM,COLESVILLE RD,NA,SAME DIRECTION LEFT TURN,Clear,DRY,Daylight,TRAFFIC SIGNAL,NONE DETECTED,No,No Apparent Injury,N/A,NOT DISTRACTED,MD,PICKUP TRUCK,MOVING CONSTANT SPEED,30,No,2017,FORD,F550,38.99485333,-77.02966167,2022,9,16
220038089,Injury Crash,09/02/2022 04:23:00 PM,COLESVILLE RD,NA,SAME DIRECTION LEFT TURN,Clear,DRY,Daylight,TRAFFIC SIGNAL,NONE DETECTED,Yes,Possible Minor Injury,N/A,LOOKED BUT DID NOT SEE,MD,PASSENGER CAR,CHANGING LANES,35,No,2021,TOYOTA,COROLLA,38.99485333,-77.02966167,2022,9,16
220038088,Injury Crash,09/02/2022 04:18:00 PM,BRIGGS CHANEY RD,NA,OPPOSITE DIRECTION SIDESWIPE,Clear,DRY,Daylight,N/A,NONE DETECTED,Yes,Possible Minor Injury,N/A,UNKNOWN,MD,PASSENGER CAR,MOVING CONSTANT SPEED,35,No,2021,NISSAN,4S,39.087204,-76.960519,2022,9,16
220038088,Injury Crash,09/02/2022 04:18:00 PM,BRIGGS CHANEY RD,NA,OPPOSITE DIRECTION SIDESWIPE,Clear,DRY,Daylight,N/A,NONE DETECTED,No,Possible Minor Injury,N/A,NOT DISTRACTED,MD,PASSENGER CAR,MOVING CONSTANT SPEED,35,No,2021,TOYOTA,4S,39.087204,-76.960519,2022,9,16
220038109,Property Damage Crash,09/02/2022 03:50:00 PM,OLD COLUMBIA PIKE,NA,SAME DIR REND RIGHT TURN,Clear,DRY,Daylight,NO CONTROLS,NONE DETECTED,Yes,No Apparent Injury,N/A,NOT DISTRACTED,MD,PASSENGER CAR,OTHER,45,No,2008,HONDA,ACCORD,39.0986308,-76.9362933,2022,9,15
220038109,Property Damage Crash,09/02/2022 03:50:00 PM,OLD COLUMBIA PIKE,NA,SAME DIR REND RIGHT TURN,Clear,DRY,Daylight,NO CONTROLS,NONE DETECTED,No,No Apparent Injury,N/A,NOT DISTRACTED,MD,(SPORT) UTILITY VEHICLE,MAKING RIGHT TURN,45,No,2011,NISSAN,ROGUE,39.0986308,-76.9362933,2022,9,15
220038080,Property Damage Crash,09/02/2022 02:58:00 PM,RANDOLPH RD,NA,SAME DIR REAR END,Clear,DRY,Daylight,TRAFFIC SIGNAL,NONE DETECTED,Yes,No Apparent Injury,N/A,UNKNOWN,MD,PASSENGER CAR,SLOWING OR STOPPING,40,No,2008,NISS,4S,39.05876167,-77.04834667,2022,9,14
220038080,Property Damage Crash,09/02/2022 02:58:00 PM,RANDOLPH RD,NA,SAME DIR REAR END,Clear,DRY,Daylight,TRAFFIC SIGNAL,NONE DETECTED,No,No Apparent Injury,N/A,NOT DISTRACTED,NC,PASSENGER CAR,STOPPED IN TRAFFIC LANE,40,No,2012,VOLKSWAGEN,JETTA,39.05876167,-77.04834667,2022,9,14
220038080,Property Damage Crash,09/02/2022 02:58:00 PM,RANDOLPH RD,NA,SAME DIR REAR END,Clear,DRY,Daylight,TRAFFIC SIGNAL,NONE DETECTED,No,No Apparent Injury,N/A,NOT DISTRACTED,FL,PASSENGER CAR,STOPPED IN TRAFFIC LANE,40,No,2017,SUBARU,IMPREZA,39.05876167,-77.04834667,2022,9,14
220038068,Injury Crash,09/02/2022 01:44:00 PM,GERMANTOWN RD,NA,SAME DIR REAR END,Clear,DRY,Daylight,TRAFFIC SIGNAL,NONE DETECTED,No,Possible Minor Injury,N/A,NOT DISTRACTED,MD,PASSENGER CAR,STOPPED IN TRAFFIC LANE,40,No,2016,FORD,MUSTANG,39.17184,-77.27699,2022,9,13
220038068,Injury Crash,09/02/2022 01:44:00 PM,GERMANTOWN RD,NA,SAME DIR REAR END,Clear,DRY,Daylight,TRAFFIC SIGNAL,NONE DETECTED,Yes,No Apparent Injury,N/A,UNKNOWN,MD,PASSENGER CAR,SKIDDING,40,No,2013,ACURA,TL,39.17184,-77.27699,2022,9,13
220038058,Property Damage Crash,09/02/2022 12:53:00 PM,LAYHILL RD,NA,STRAIGHT MOVEMENT ANGLE,Clear,DRY,Daylight,STOP SIGN,NONE DETECTED,Yes,No Apparent Injury,N/A,NOT DISTRACTED,MD,PASSENGER CAR,ACCELERATING,35,No,2010,HONDA,ACCORD,39.09254,-77.04524,2022,9,12
220038058,Property Damage Crash,09/02/2022 12:53:00 PM,LAYHILL RD,NA,STRAIGHT MOVEMENT ANGLE,Clear,DRY,Daylight,STOP SIGN,NONE DETECTED,No,No Apparent Injury,N/A,NOT DISTRACTED,MD,PASSENGER CAR,MOVING CONSTANT SPEED,35,No,2018,NISS,ALTIMA,39.09254,-77.04524,2022,9,12
220038061,Injury Crash,09/02/2022 12:46:00 PM,ELROD RD,NA,STRAIGHT MOVEMENT ANGLE,Clear,DRY,Daylight,STOP SIGN,NONE DETECTED,Yes,Possible Minor Injury,N/A,LOOKED BUT DID NOT SEE,MD,PASSENGER CAR,MOVING CONSTANT SPEED,30,No,2012,ACUR,MDX,39.01434167,-77.07321333,2022,9,12
220038061,Injury Crash,09/02/2022 12:46:00 PM,ELROD RD,NA,STRAIGHT MOVEMENT ANGLE,Clear,DRY,Daylight,STOP SIGN,NONE DETECTED,No,Possible Minor Injury,N/A,NOT DISTRACTED,MD,PASSENGER CAR,MOVING CONSTANT SPEED,30,No,2018,CHRY,PACIFICA,39.01434167,-77.07321333,2022,9,12
2200038055,Property Damage Crash,09/02/2022 12:35:00 PM,ODENDHAL AVE,NA,ANGLE MEETS LEFT TURN,Clear,DRY,Daylight,TRAFFIC SIGNAL,NONE DETECTED,No,No Apparent Injury,N/A,NOT DISTRACTED,MD,PICKUP TRUCK,MOVING CONSTANT SPEED,30,No,2001,DODGE,TK,39.15232538,-77.19865898,2022,9,12
2200038055,Property Damage Crash,09/02/2022 12:35:00 PM,ODENDHAL AVE,NA,ANGLE MEETS LEFT TURN,Clear,DRY,Daylight,TRAFFIC SIGNAL,NONE DETECTED,Yes,No Apparent Injury,N/A,LOOKED BUT DID NOT SEE,MD,PASSENGER CAR,MAKING LEFT TURN,30,No,2019,TESLA,4D,39.15232538,-77.19865898,2022,9,12
220038050,Injury Crash,09/02/2022 12:15:00 PM,CORPORATE BLVD,NA,STRAIGHT MOVEMENT ANGLE,Clear,DRY,Daylight,TRAFFIC SIGNAL,NONE DETECTED,Yes,No Apparent Injury,N/A,INATTENTIVE OR LOST IN THOUGHT,MD,PASSENGER CAR,MOVING CONSTANT SPEED,40,No,2020,NISSAN,ALTIMA,39.10761167,-77.18959667,2022,9,12
220038050,Injury Crash,09/02/2022 12:15:00 PM,CORPORATE BLVD,NA,STRAIGHT MOVEMENT ANGLE,Clear,DRY,Daylight,TRAFFIC SIGNAL,NONE DETECTED,No,Possible Minor Injury,N/A,NOT DISTRACTED,MD,PASSENGER CAR,MAKING LEFT TURN,30,No,2014,TOYOTA,COROLLA,39.10761167,-77.18959667,2022,9,12
220038031,Property Damage Crash,09/02/2022 11:02:00 AM,DEMOCRACY BLVD,NA,SINGLE VEHICLE,Clear,DRY,Daylight,TRAFFIC SIGNAL,NONE DETECTED,Yes,No Apparent Injury,N/A,OTHER DISTRACTION,DC,PASSENGER CAR,MAKING LEFT TURN,45,No,2008,ACUR,SD,39.03109009,-77.12493041,2022,9,11