Local Case Number,ACRS Report Type,Crash Date/Time,Road Name,Related Non-Motorist,Collision Type,Weather,Surface Condition,Light,Traffic Control,Driver Substance Abuse,Driver At Fault,Injury Severity,Circumstance,Driver Distracted By,Drivers License State,Vehicle Body Type,Vehicle Movement,Speed Limit,Driverless Vehicle,Vehicle Year,Vehicle Make,Vehicle Model,Latitude,Longitude,Year,Month,Hour
220038014,Property Damage Crash,09/02/2022 08:55:00 AM,W JEFFERSON ST,NA,SAME DIR REAR END,Clear,DRY,Daylight,N/A,NONE DETECTED,Yes,No Apparent Injury,N/A,INATTENTIVE OR LOST IN THOUGHT,MD,(SPORT) UTILITY VEHICLE,MOVING CONSTANT SPEED,35,No,2014,HONDA,CRV,39.083145,-77.155277,2022,9,8
220038014,Property Damage Crash,09/02/2022 08:55:00 AM,W JEFFERSON ST,NA,SAME DIR REAR END,Clear,DRY,Daylight,N/A,NONE DETECTED,No,No Apparent Injury,N/A,NOT DISTRACTED,MD,PICKUP TRUCK,SLOWING OR STOPPING,35,No,2020,RAM,1500,39.083145,-77.155277,2022,9,8
220038003,Property Damage Crash,09/02/2022 08:30:00 AM,TAMARACK RD,NA,SAME DIR REAR END,Clear,DRY,Daylight,NO CONTROLS,NONE DETECTED,No,No Apparent Injury,N/A,NOT DISTRACTED,MD,N/A,STOPPED IN TRAFFIC LANE,30,No,2019,MACK,TK,39.05813583,-77.04868683,2022,9,8
220038003,Property Damage Crash,09/02/2022 08:30:00 AM,TAMARACK RD,NA,SAME DIR REAR END,Clear,DRY,Daylight,NO CONTROLS,NONE DETECTED,Yes,No Apparent Injury,N/A,NOT DISTRACTED,MD,PASSENGER CAR,MOVING CONSTANT SPEED,30,No,2018,TOYT,SP,39.05813583,-77.04868683,2022,9,8
220038237,Property Damage Crash,09/02/2022 08:30:00 AM,ROCKVILLE PIKE,NA,SAME DIRECTION RIGHT TURN,Clear,DRY,Daylight,TRAFFIC SIGNAL,NONE DETECTED,No,No Apparent Injury,N/A,NOT DISTRACTED,MD,PASSENGER CAR,ACCELERATING,30,No,2015,SUBARU,2S,39.081548,-77.146066,2022,9,8
220038237,Property Damage Crash,09/02/2022 08:30:00 AM,ROCKVILLE PIKE,NA,SAME DIRECTION RIGHT TURN,Clear,DRY,Daylight,TRAFFIC SIGNAL,NONE DETECTED,Yes,No Apparent Injury,N/A,UNKNOWN,NA,NA,MAKING RIGHT TURN,30,No,0,UNKNOWN,UNKNOWN,39.081548,-77.146066,2022,9,8
220038004,Property Damage Crash,09/02/2022 08:05:00 AM,OLD COLUMBIA PIKE,NA,SAME DIR REAR END,Clear,DRY,Daylight,TRAFFIC SIGNAL,NONE DETECTED,Yes,No Apparent Injury,"N/A, VISION OBSTRUCTION (INCL. BLINDED BY SUN)",OTHER DISTRACTION,MD,PASSENGER CAR,ACCELERATING,35,No,2014,FORD,CMAX HYBRID,39.06385167,-76.96538167,2022,9,8
220038004,Property Damage Crash,09/02/2022 08:05:00 AM,OLD COLUMBIA PIKE,NA,SAME DIR REAR END,Clear,DRY,Daylight,TRAFFIC SIGNAL,NONE DETECTED,No,No Apparent Injury,"N/A, VISION OBSTRUCTION (INCL. BLINDED BY SUN)",NOT DISTRACTED,MD,PASSENGER CAR,SLOWING OR STOPPING,35,No,2008,HOND,VN,39.06385167,-76.96538167,2022,9,8
220038000,Property Damage Crash,09/02/2022 07:55:00 AM,CLARKSBURG RD,NA,SAME DIR REAR END,Clear,DRY,Daylight,TRAFFIC SIGNAL,NONE DETECTED,Yes,No Apparent Injury,N/A,ADJUSTING AUDIO AND OR CLIMATE CONTROLS,MD,PASSENGER CAR,STARTING FROM LANE,30,No,2002,HONDA,ACCORD,39.18463,-77.31252,2022,9,7
220038000,Property Damage Crash,09/02/2022 07:55:00 AM,CLARKSBURG RD,NA,SAME DIR REAR END,Clear,DRY,Daylight,TRAFFIC SIGNAL,NONE DETECTED,No,No Apparent Injury,N/A,NOT DISTRACTED,MD,(SPORT) UTILITY VEHICLE,STARTING FROM LANE,30,No,2012,HYUNDAI,TUCSON,39.18463,-77.31252,2022,9,7
220038001,Property Damage Crash,09/02/2022 07:40:00 AM,COLESVILLE RD,NA,SAME DIR REAR END,Clear,DRY,Daylight,N/A,NONE DETECTED,No,No Apparent Injury,N/A,NOT DISTRACTED,MD,PASSENGER CAR,MOVING CONSTANT SPEED,35,No,2016,BMW,X3,39.01252,-77.01649,2022,9,7
220038001,Property Damage Crash,09/02/2022 07:40:00 AM,COLESVILLE RD,NA,SAME DIR REAR END,Clear,DRY,Daylight,N/A,NONE DETECTED,Yes,No Apparent Injury,N/A,UNKNOWN,MD,(SPORT) UTILITY VEHICLE,N/A,35,No,2002,NISSAN,PATHFINDER,39.01252,-77.01649,2022,9,7
220037996,Injury Crash,09/02/2022 06:20:00 AM,NA,NA,STRAIGHT MOVEMENT ANGLE,Clear,NA,Medium,NO CONTROLS,NONE DETECTED,Unknown,No Apparent Injury,N/A,NOT DISTRACTED,MD,PASSENGER CAR,MOVING CONSTANT SPEED,5,No,2013,HYUN,4S,39.14199458,-77.20891605,2022,9,6
220037996,Injury Crash,09/02/2022 06:20:00 AM,NA,NA,STRAIGHT MOVEMENT ANGLE,Clear,NA,Medium,NO CONTROLS,NONE DETECTED,Unknown,Possible Minor Injury,N/A,LOOKED BUT DID NOT SEE,MD,PASSENGER CAR,MOVING CONSTANT SPEED,5,No,2018,TOYOTA,RAV4,39.14199458,-77.20891605,2022,9,6
220037994,Property Damage Crash,09/02/2022 06:01:00 AM,AVERY RD,NA,SINGLE VEHICLE,Clear,DRY,Dark,N/A,NONE DETECTED,Yes,No Apparent Injury,N/A,NOT DISTRACTED,MD,PASSENGER CAR,MOVING CONSTANT SPEED,35,No,2022,TOYOTA,COROLLA,39.11370833,-77.17503333,2022,9,6
220037992,Property Damage Crash,09/02/2022 05:29:00 AM,FATHER HURLEY BLVD,NA,SAME DIR REAR END,Clear,DRY,Medium,FLASHING TRAFFIC SIGNAL,NONE DETECTED,No,No Apparent Injury,N/A,NOT DISTRACTED,MD,(SPORT) UTILITY VEHICLE,SLOWING OR STOPPING,40,No,2016,TOYOTA,RAV4,39.1992205,-77.2605597,2022,9,5
220037992,Property Damage Crash,09/02/2022 05:29:00 AM,FATHER HURLEY BLVD,NA,SAME DIR REAR END,Clear,DRY,Medium,FLASHING TRAFFIC SIGNAL,NONE DETECTED,Yes,No Apparent Injury,N/A,UNKNOWN,MD,PASSENGER CAR,MOVING CONSTANT SPEED,40,No,2016,HYUNDAI,SONOTA,39.1992205,-77.2605597,2022,9,5
220037986,Property Damage Crash,09/02/2022 01:59:00 AM,RANDOLPH RD,NA,SAME DIR REAR END,Clear,N/A,Medium,NO CONTROLS,NONE DETECTED,Yes,No Apparent Injury,N/A,NOT DISTRACTED,MD,PASSENGER CAR,MOVING CONSTANT SPEED,35,No,2021,HYUNDAI,VENUE,39.05733333,-77.07577333,2022,9,1
220037983,Injury Crash,09/02/2022 12:05:00 AM,NEW HAMPSHIRE AVE,NA,HEAD ON LEFT TURN,Clear,DRY,Medium,TRAFFIC SIGNAL,ALCOHOL PRESENT,Yes,No Apparent Injury,N/A,UNKNOWN,XX,VAN,MAKING LEFT TURN,35,No,2003,FORD,E250,38.98589,-76.98827,2022,9,0
220037983,Injury Crash,09/02/2022 12:05:00 AM,NEW HAMPSHIRE AVE,NA,HEAD ON LEFT TURN,Clear,DRY,Medium,TRAFFIC SIGNAL,NONE DETECTED,Yes,Suspected Serious Injury,N/A,UNKNOWN,DC,PASSENGER CAR,MOVING CONSTANT SPEED,35,No,2016,ACURA,TLX,38.98589,-76.98827,2022,9,0
220037976,Property Damage Crash,09/01/2022 11:28:00 PM,CLARKSBURG RD,NA,SINGLE VEHICLE,Clear,DRY,Dark,N/A,NONE DETECTED,Yes,No Apparent Injury,"ANIMAL, N/A",NOT DISTRACTED,MD,PASSENGER CAR,MOVING CONSTANT SPEED,30,No,2015,MERCEDEZ BENZ,C 300,39.27352517,-77.27698,2022,9,23
220038694,Injury Crash,09/01/2022 08:50:00 PM,GOSHEN RD,NA,STRAIGHT MOVEMENT ANGLE,Clear,DRY,Medium,TRAFFIC SIGNAL,NONE DETECTED,Yes,No Apparent Injury,N/A,NOT DISTRACTED,MD,PASSENGER CAR,ACCELERATING,35,No,2003,SATURN,L200,39.187754,-77.186681,2022,9,20
220038694,Injury Crash,09/01/2022 08:50:00 PM,GOSHEN RD,NA,STRAIGHT MOVEMENT ANGLE,Clear,DRY,Medium,TRAFFIC SIGNAL,NONE DETECTED,No,Possible Minor Injury,N/A,NOT DISTRACTED,MD,PASSENGER CAR,MOVING CONSTANT SPEED,35,No,2021,NISSAN,SENTRA,39.187754,-77.186681,2022,9,20
220037935,Property Damage Crash,09/01/2022 05:48:00 PM,NA,NA,STRAIGHT MOVEMENT ANGLE,Clear,NA,Daylight,NO CONTROLS,NONE DETECTED,No,No Apparent Injury,N/A,NOT DISTRACTED,MD,PICKUP TRUCK,MOVING CONSTANT SPEED,0,No,2004,FORD,F150,39.05566278,-76.96134301,2022,9,17
220037935,Property Damage Crash,09/01/2022 05:48:00 PM,NA,NA,STRAIGHT MOVEMENT ANGLE,Clear,NA,Daylight,NO CONTROLS,NONE DETECTED,Yes,No Apparent Injury,N/A,LOOKED BUT DID NOT SEE,MD,PASSENGER CAR,STARTING FROM PARKED,0,No,2020,TOYOTA,PRIUS,39.05566278,-76.96134301,2022,9,17
220037934,Injury Crash,09/01/2022 05:20:00 PM,WESTLAKE DR,NA,OPPOSITE DIRECTION SIDESWIPE,Clear,DRY,Daylight,TRAFFIC SIGNAL,NONE DETECTED,No,Possible Minor Injury,N/A,NOT DISTRACTED,MD,PASSENGER CAR,STOPPED IN TRAFFIC LANE,30,No,2017,VOLKSWAGON,JETTA,39.023168,-77.149901,2022,9,17
220037934,Injury Crash,09/01/2022 05:20:00 PM,WESTLAKE DR,NA,OPPOSITE DIRECTION SIDESWIPE,Clear,DRY,Daylight,TRAFFIC SIGNAL,NONE DETECTED,Yes,No Apparent Injury,N/A,UNKNOWN,NA,PASSENGER CAR,MAKING RIGHT TURN,35,No,2018,HYUNDAI,ELANTRA,39.023168,-77.149901,2022,9,17
220037934,Injury Crash,09/01/2022 05:20:00 PM,WESTLAKE DR,NA,OPPOSITE DIRECTION SIDESWIPE,Clear,DRY,Daylight,TRAFFIC SIGNAL,NONE DETECTED,No,No Apparent Injury,N/A,NOT DISTRACTED,MD,(SPORT) UTILITY VEHICLE,STOPPED IN TRAFFIC LANE,30,No,2016,SUBARU,OUTBACK,39.023168,-77.149901,2022,9,17
220037933,Property Damage Crash,09/01/2022 05:20:00 PM,CAPITAL BELTWAY,NA,SAME DIRECTION LEFT TURN,Clear,DRY,Daylight,NO CONTROLS,NONE DETECTED,No,No Apparent Injury,N/A,NOT DISTRACTED,MD,(SPORT) UTILITY VEHICLE,MOVING CONSTANT SPEED,55,No,2014,CHEVEROLET,SUBURBAN,39.013322,-77.149353,2022,9,17
220037933,Property Damage Crash,09/01/2022 05:20:00 PM,CAPITAL BELTWAY,NA,SAME DIRECTION LEFT TURN,Clear,DRY,Daylight,NO CONTROLS,NONE DETECTED,Yes,No Apparent Injury,N/A,UNKNOWN,NA,PASSENGER CAR,MOVING CONSTANT SPEED,55,No,2018,HYUNDAI,ELNATRA,39.013322,-77.149353,2022,9,17
220037926,Property Damage Crash,09/01/2022 04:27:00 PM,RAYMOND ST,NA,N/A,Clear,DRY,Daylight,NO CONTROLS,NONE DETECTED,Yes,No Apparent Injury,N/A,NOT DISTRACTED,MD,AMBULANCE/EMERGENCY,MOVING CONSTANT SPEED,25,No,2011,SPARTAN,RESCUE TRUCK,38.99110333,-77.09768167,2022,9,16
220037920,Injury Crash,09/01/2022 04:18:00 PM,ODENDHAL AVE,NA,HEAD ON,Clear,DRY,Daylight,NO CONTROLS,NONE DETECTED,No,No Apparent Injury,N/A,NOT DISTRACTED,MD,PICKUP TRUCK,MOVING CONSTANT SPEED,30,No,1996,TOYOTA,TK,39.14901738,-77.2062124,2022,9,16
220037920,Injury Crash,09/01/2022 04:18:00 PM,ODENDHAL AVE,NA,HEAD ON,Clear,DRY,Daylight,NO CONTROLS,NONE DETECTED,Yes,Possible Minor Injury,N/A,OTHER DISTRACTION,MD,MOTORCYCLE,MOVING CONSTANT SPEED,30,No,2019,YAMAHA,MT-09,39.14901738,-77.2062124,2022,9,16
220037927,Property Damage Crash,09/01/2022 04:11:00 PM,NA,NA,SAME DIRECTION SIDESWIPE,Clear,NA,Daylight,NO CONTROLS,NONE DETECTED,Yes,No Apparent Injury,N/A,LOOKED BUT DID NOT SEE,MD,(SPORT) UTILITY VEHICLE,PARKING,0,No,2022,HONDA,CRV,39.055116,-77.117433,2022,9,16
220037915,Property Damage Crash,09/01/2022 04:06:00 PM,NA,PEDESTRIAN,OTHER,Clear,NA,Daylight,NO CONTROLS,NONE DETECTED,Yes,No Apparent Injury,N/A,LOOKED BUT DID NOT SEE,MD,PASSENGER CAR,BACKING,0,No,2005,TOYOTA,CAMRY,39.026319,-77.127215,2022,9,16
220037925,Property Damage Crash,09/01/2022 04:05:00 PM,BONIFANT RD,NA,HEAD ON LEFT TURN,Clear,DRY,Daylight,NO CONTROLS,NONE DETECTED,No,No Apparent Injury,N/A,NOT DISTRACTED,MD,PASSENGER CAR,MOVING CONSTANT SPEED,35,No,2017,TOYOTA,CAMRY,39.093527,-77.035668,2022,9,16
220037925,Property Damage Crash,09/01/2022 04:05:00 PM,BONIFANT RD,NA,HEAD ON LEFT TURN,Clear,DRY,Daylight,NO CONTROLS,NONE DETECTED,Yes,No Apparent Injury,N/A,UNKNOWN,MD,PASSENGER CAR,MAKING LEFT TURN,35,No,2017,MERCEDES,C300,39.093527,-77.035668,2022,9,16
220037922,Property Damage Crash,09/01/2022 04:03:00 PM,BEL PRE RD,NA,STRAIGHT MOVEMENT ANGLE,Clear,DRY,Daylight,STOP SIGN,NONE DETECTED,Yes,No Apparent Injury,N/A,NOT DISTRACTED,MD,(SPORT) UTILITY VEHICLE,STARTING FROM LANE,35,No,2021,TOYT,UT,39.09471667,-77.09139833,2022,9,16
220037922,Property Damage Crash,09/01/2022 04:03:00 PM,BEL PRE RD,NA,STRAIGHT MOVEMENT ANGLE,Clear,DRY,Daylight,STOP SIGN,NONE DETECTED,No,No Apparent Injury,N/A,NOT DISTRACTED,MD,VAN,MAKING RIGHT TURN,35,No,2017,FORD,VAV,39.09471667,-77.09139833,2022,9,16
220037917,Property Damage Crash,09/01/2022 03:53:00 PM,GUDE DR SERVICE DR,NA,STRAIGHT MOVEMENT ANGLE,Clear,DRY,Daylight,NO CONTROLS,NONE DETECTED,Yes,No Apparent Injury,N/A,NOT DISTRACTED,MD,PASSENGER CAR,STARTING FROM PARKED,25,No,2016,FORD,TK,39.09395083,-77.13208867,2022,9,15
220037917,Property Damage Crash,09/01/2022 03:53:00 PM,GUDE DR SERVICE DR,NA,STRAIGHT MOVEMENT ANGLE,Clear,DRY,Daylight,NO CONTROLS,NONE DETECTED,No,No Apparent Injury,N/A,NOT DISTRACTED,MD,PASSENGER CAR,MOVING CONSTANT SPEED,25,No,2015,SUBARU,TK,39.09395083,-77.13208867,2022,9,15
220037909,Property Damage Crash,09/01/2022 03:25:00 PM,VEIRS MILL RD,NA,STRAIGHT MOVEMENT ANGLE,Clear,DRY,Daylight,STOP SIGN,NONE DETECTED,Yes,No Apparent Injury,N/A,UNKNOWN,MD,PASSENGER CAR,STARTING FROM LANE,35,No,2000,TOYOTA,AVALON,39.04924667,-77.07060333,2022,9,15
220037909,Property Damage Crash,09/01/2022 03:25:00 PM,VEIRS MILL RD,NA,STRAIGHT MOVEMENT ANGLE,Clear,DRY,Daylight,STOP SIGN,NONE DETECTED,No,No Apparent Injury,N/A,NOT DISTRACTED,MD,PASSENGER CAR,MOVING CONSTANT SPEED,35,No,1999,TOYOTA,CAMRY,39.04924667,-77.07060333,2022,9,15
220037904,Property Damage Crash,09/01/2022 02:56:00 PM,OLNEY SANDY SPRING RD,NA,HEAD ON LEFT TURN,Clear,DRY,Daylight,TRAFFIC SIGNAL,NONE DETECTED,Yes,No Apparent Injury,N/A,LOOKED BUT DID NOT SEE,MD,POLICE VEHICLE/EMERGENCY,MAKING LEFT TURN,35,No,2000,TOYT,AVALON,39.15192333,-77.064425,2022,9,14
220037904,Property Damage Crash,09/01/2022 02:56:00 PM,OLNEY SANDY SPRING RD,NA,HEAD ON LEFT TURN,Clear,DRY,Daylight,TRAFFIC SIGNAL,NONE DETECTED,No,No Apparent Injury,N/A,NOT DISTRACTED,MD,PASSENGER CAR,MOVING CONSTANT SPEED,35,No,2018,HYUN,SD,39.15192333,-77.064425,2022,9,14
220037890,Property Damage Crash,09/01/2022 02:01:00 PM,MUNCASTER MILL RD,NA,STRAIGHT MOVEMENT ANGLE,Clear,DRY,Daylight,NO CONTROLS,NONE DETECTED,No,No Apparent Injury,N/A,NOT DISTRACTED,MD,PASSENGER CAR,MOVING CONSTANT SPEED,35,No,2000,SATURN,SL1,39.14637,-77.14555833,2022,9,14
220037890,Property Damage Crash,09/01/2022 02:01:00 PM,MUNCASTER MILL RD,NA,STRAIGHT MOVEMENT ANGLE,Clear,DRY,Daylight,NO CONTROLS,NONE DETECTED,Yes,No Apparent Injury,N/A,LOOKED BUT DID NOT SEE,MD,PASSENGER CAR,MAKING LEFT TURN,35,No,2019,HONDA,TK,39.14637,-77.14555833,2022,9,14
220237888,Property Damage Crash,09/01/2022 01:50:00 PM,CHERRY HILL RD,NA,SAME DIR REAR END,Clear,DRY,Daylight,TRAFFIC SIGNAL,NONE DETECTED,No,No Apparent Injury,N/A,NOT DISTRACTED,MD,PASSENGER CAR,STOPPED IN TRAFFIC LANE,30,No,2010,NISSAN,ALTIMA,39.0598424,-77.03283768,2022,9,13
220237888,Property Damage Crash,09/01/2022 01:50:00 PM,CHERRY HILL RD,NA,SAME DIR REAR END,Clear,DRY,Daylight,TRAFFIC SIGNAL,NONE DETECTED,Yes,No Apparent Injury,N/A,INATTENTIVE OR LOST IN THOUGHT,MD,VAN,MOVING CONSTANT SPEED,30,No,2019,DODGE,CARAVAN,39.0598424,-77.03283768,2022,9,13
220237888,Property Damage Crash,09/01/2022 01:50:00 PM,CHERRY HILL RD,NA,SAME DIR REAR END,Clear,DRY,Daylight,TRAFFIC SIGNAL,NONE DETECTED,No,No Apparent Injury,N/A,NOT DISTRACTED,MD,PASSENGER CAR,STOPPED IN TRAFFIC LANE,30,No,2005,TOYOTA,CAMRY,39.0598424,-77.03283768,2022,9,13
220037891,Injury Crash,09/01/2022 01:46:00 PM,ROCKVILLE PIKE,NA,STRAIGHT MOVEMENT ANGLE,Clear,DRY,Daylight,NO CONTROLS,NONE DETECTED,No,No Apparent Injury,N/A,UNKNOWN,MD,PASSENGER CAR,MOVING CONSTANT SPEED,35,No,1995,SUBA,CP,39.072211,-77.13295,2022,9,13
220037891,Injury Crash,09/01/2022 01:46:00 PM,ROCKVILLE PIKE,NA,STRAIGHT MOVEMENT ANGLE,Clear,DRY,Daylight,NO CONTROLS,NONE DETECTED,Yes,Possible Minor Injury,N/A,UNKNOWN,MD,AMBULANCE/NON EMERGENCY,MAKING LEFT TURN,35,No,2004,FORD,EXPORER,39.072211,-77.13295,2022,9,13
220037907,Property Damage Crash,09/01/2022 01:24:00 PM,BOSTON AVE,NA,SAME DIR REAR END,Clear,DRY,Daylight,N/A,NONE DETECTED,Yes,No Apparent Injury,N/A,UNKNOWN,NA,PICKUP TRUCK,MOVING CONSTANT SPEED,25,No,2001,TOYOTA,TUNDRA,38.99423876,-77.00213606,2022,9,13
220037863,Injury Crash,09/01/2022 11:34:00 AM,GEORGIA AVE,NA,SINGLE VEHICLE,Clear,DRY,Daylight,N/A,NONE DETECTED,Yes,Possible Minor Injury,N/A,UNKNOWN,MD,VAN,SLOWING OR STOPPING,35,No,2017,RAM,PROMASTER,39.009805,-77.04084167,2022,9,11
220037869,Injury Crash,09/01/2022 11:18:00 AM,WICKSHIRE WAY,NA,OTHER,Clear,DRY,Daylight,NO CONTROLS,NONE DETECTED,No,Possible Minor Injury,N/A,NOT DISTRACTED,MD,PASSENGER CAR,MOVING CONSTANT SPEED,45,No,2013,LAND ROVER,RANGE ROVER SPORT,39.03855333,-77.10872333,2022,9,11
220037869,Injury Crash,09/01/2022 11:18:00 AM,WICKSHIRE WAY,NA,OTHER,Clear,DRY,Daylight,NO CONTROLS,NONE DETECTED,Yes,No Apparent Injury,N/A,NOT DISTRACTED,MD,PICKUP TRUCK,OTHER,45,No,2004,FORD,EXCURSION,39.03855333,-77.10872333,2022,9,11
220037860,Property Damage Crash,09/01/2022 11:12:00 AM,FLOWER AVE,NA,SAME DIRECTION SIDESWIPE,Clear,DRY,Daylight,TRAFFIC SIGNAL,NONE DETECTED,No,No Apparent Injury,N/A,NOT DISTRACTED,MD,VAN,STOPPED IN TRAFFIC LANE,0,No,2021,HOND,PV,39.014365,-77.03489667,2022,9,11
220037860,Property Damage Crash,09/01/2022 11:12:00 AM,FLOWER AVE,NA,SAME DIRECTION SIDESWIPE,Clear,DRY,Daylight,TRAFFIC SIGNAL,NONE DETECTED,Yes,No Apparent Injury,N/A,UNKNOWN,NA,PASSENGER CAR,MOVING CONSTANT SPEED,25,No,2006,CHRYSLER,300,39.014365,-77.03489667,2022,9,11
220037855,Property Damage Crash,09/01/2022 11:07:00 AM,NA,NA,OTHER,Clear,NA,Daylight,N/A,NONE DETECTED,No,No Apparent Injury,N/A,NOT DISTRACTED,MD,POLICE VEHICLE/NON EMERGENCY,PARKED,0,No,2016,FORD,TAURUS,39.12412391,-77.17994169,2022,9,11
220037855,Property Damage Crash,09/01/2022 11:07:00 AM,NA,NA,OTHER,Clear,NA,Daylight,N/A,NONE DETECTED,Yes,No Apparent Injury,N/A,NOT DISTRACTED,MD,PASSENGER CAR,PARKING,0,No,2020,JEEP,UT,39.12412391,-77.17994169,2022,9,11
220037852,Injury Crash,09/01/2022 11:02:00 AM,CONNECTICUT AVE,NA,SAME DIR REAR END,Clear,DRY,Daylight,NO CONTROLS,NONE DETECTED,No,Possible Minor Injury,N/A,NOT DISTRACTED,MD,PASSENGER CAR,STARTING FROM LANE,35,No,2011,HONDA,CIVIC,38.99742333,-77.109725,2022,9,11
220037852,Injury Crash,09/01/2022 11:02:00 AM,CONNECTICUT AVE,NA,SAME DIR REAR END,Clear,DRY,Daylight,NO CONTROLS,NONE DETECTED,Yes,No Apparent Injury,N/A,BY MOVING OBJECT IN VEHICLE,MD,VAN,STARTING FROM LANE,35,No,2016,NISSAN,NV1500,38.99742333,-77.109725,2022,9,11
220037502,Property Damage Crash,09/01/2022 10:45:00 AM,MONTGOMERY ST,NA,SAME DIRECTION SIDESWIPE,Clear,DRY,Daylight,N/A,NONE DETECTED,Yes,No Apparent Injury,N/A,NOT DISTRACTED,MD,FIRE VEHICLE/NON EMERGENCY,MOVING CONSTANT SPEED,20,No,2012,AMTECH,WATER TRUCK,39.0074285,-77.0478337,2022,9,10
220037841,Property Damage Crash,09/01/2022 10:22:00 AM,MUNCASTER MILL RD,NA,SAME DIR REAR END,Clear,DRY,Daylight,NO CONTROLS,NONE DETECTED,Yes,No Apparent Injury,N/A,UNKNOWN,DC,PASSENGER CAR,MOVING CONSTANT SPEED,30,No,2013,FORD,TRUCK,39.158189900000004,-77.1594161,2022,9,10
220037841,Property Damage Crash,09/01/2022 10:22:00 AM,MUNCASTER MILL RD,NA,SAME DIR REAR END,Clear,DRY,Daylight,NO CONTROLS,NONE DETECTED,No,No Apparent Injury,N/A,NOT DISTRACTED,MD,SCHOOL BUS,SLOWING OR STOPPING,30,No,2020,THMS,BUS,39.158189900000004,-77.1594161,2022,9,10
220037832,Property Damage Crash,09/01/2022 09:30:00 AM,MUNCASTER MILL RD,NA,SAME DIRECTION RIGHT TURN,Clear,DRY,Daylight,NO CONTROLS,NONE DETECTED,Yes,No Apparent Injury,N/A,NOT DISTRACTED,MD,PASSENGER CAR,PASSING,40,No,2014,JEEP,CHEROKEE,39.134123,-77.122581,2022,9,9
220037832,Property Damage Crash,09/01/2022 09:30:00 AM,MUNCASTER MILL RD,NA,SAME DIRECTION RIGHT TURN,Clear,DRY,Daylight,NO CONTROLS,NONE DETECTED,No,No Apparent Injury,N/A,NOT DISTRACTED,MD,PASSENGER CAR,MAKING RIGHT TURN,40,No,2021,TOYOTA,TACOMA,39.134123,-77.122581,2022,9,9
220037816,Injury Crash,09/01/2022 07:50:00 AM,WISCONSIN AVE,NA,SAME DIRECTION RIGHT TURN,Clear,DRY,Daylight,TRAFFIC SIGNAL,NONE DETECTED,No,Possible Minor Injury,N/A,NOT DISTRACTED,MD,PASSENGER CAR,MAKING RIGHT TURN,35,No,2011,BMW,328I,38.97728,-77.090975,2022,9,7
220037816,Injury Crash,09/01/2022 07:50:00 AM,WISCONSIN AVE,NA,SAME DIRECTION RIGHT TURN,Clear,DRY,Daylight,TRAFFIC SIGNAL,NONE DETECTED,Yes,Possible Minor Injury,N/A,NOT DISTRACTED,NC,PICKUP TRUCK,MAKING RIGHT TURN,35,No,2013,FORD,KING RANCH,38.97728,-77.090975,2022,9,7
220037818,Property Damage Crash,09/01/2022 07:36:00 AM,RIVER RD,NA,SAME DIRECTION RIGHT TURN,Clear,DRY,Daylight,TRAFFIC SIGNAL,NONE DETECTED,No,No Apparent Injury,N/A,NOT DISTRACTED,MD,PASSENGER CAR,MOVING CONSTANT SPEED,35,No,2020,TESLA,MODEL X,38.97575683,-77.12611967,2022,9,7
220037818,Property Damage Crash,09/01/2022 07:36:00 AM,RIVER RD,NA,SAME DIRECTION RIGHT TURN,Clear,DRY,Daylight,TRAFFIC SIGNAL,NONE DETECTED,Yes,No Apparent Injury,N/A,UNKNOWN,FL,PASSENGER CAR,MAKING RIGHT TURN,35,No,2020,LAND ROVER,RANGE ROVER,38.97575683,-77.12611967,2022,9,7
220037811,Injury Crash,09/01/2022 07:03:00 AM,UNIVERSITY BLVD W,NA,SAME DIR REAR END,Clear,DRY,Daylight,TRAFFIC SIGNAL,NONE DETECTED,No,No Apparent Injury,N/A,NOT DISTRACTED,MD,PASSENGER CAR,MOVING CONSTANT SPEED,35,No,2018,VOLSWAGON,GTI,39.04161667,-77.050825,2022,9,7
220037811,Injury Crash,09/01/2022 07:03:00 AM,UNIVERSITY BLVD W,NA,SAME DIR REAR END,Clear,DRY,Daylight,TRAFFIC SIGNAL,NONE DETECTED,Yes,No Apparent Injury,N/A,NOT DISTRACTED,MD,PASSENGER CAR,MOVING CONSTANT SPEED,35,No,2014,JEEP,CHEROKEE,39.04161667,-77.050825,2022,9,7
220037811,Injury Crash,09/01/2022 07:03:00 AM,UNIVERSITY BLVD W,NA,SAME DIR REAR END,Clear,DRY,Daylight,TRAFFIC SIGNAL,NONE DETECTED,No,Possible Minor Injury,N/A,NOT DISTRACTED,MD,PASSENGER CAR,MOVING CONSTANT SPEED,35,No,2011,TOYOTA,MATRIX,39.04161667,-77.050825,2022,9,7
220037806,Property Damage Crash,09/01/2022 04:44:00 AM,FREDERICK RD,NA,SAME DIR REAR END,Clear,DRY,Medium,TRAFFIC SIGNAL,NONE DETECTED,No,No Apparent Injury,N/A,NOT DISTRACTED,MD,PASSENGER CAR,STOPPED IN TRAFFIC LANE,40,No,2007,TOYOTA,CAMRY,39.12233667,-77.17704833,2022,9,4
220037806,Property Damage Crash,09/01/2022 04:44:00 AM,FREDERICK RD,NA,SAME DIR REAR END,Clear,DRY,Medium,TRAFFIC SIGNAL,NONE DETECTED,Yes,No Apparent Injury,N/A,INATTENTIVE OR LOST IN THOUGHT,MD,PASSENGER CAR,MOVING CONSTANT SPEED,40,No,2005,TOYOTA,PRIUS,39.12233667,-77.17704833,2022,9,4
220037805,Property Damage Crash,09/01/2022 04:00:00 AM,DEWEY RD,NA,SINGLE VEHICLE,Clear,DRY,Medium,FLASHING TRAFFIC SIGNAL,NONE DETECTED,Yes,No Apparent Injury,N/A,UNKNOWN,MD,PASSENGER CAR,ACCELERATING,35,No,1997,HONDA,CIVIC,39.053629,-77.089537000000007,2022,9,4
220037800,Injury Crash,09/01/2022 01:52:00 AM,CRYSTAL ROCK DR,NA,SINGLE VEHICLE,Clear,DRY,Medium,FLASHING TRAFFIC SIGNAL,ALCOHOL PRESENT,Yes,Possible Minor Injury,N/A,OTHER DISTRACTION,MD,PASSENGER CAR,MOVING CONSTANT SPEED,40,No,2015,MERZ,S,39.18433,-77.26371667,2022,9,1
220037799,Property Damage Crash,09/01/2022 01:40:00 AM,QUINCE ORCHARD RD,NA,SINGLE VEHICLE,Clear,DRY,Medium,NO CONTROLS,NONE DETECTED,Yes,No Apparent Injury,N/A,NOT DISTRACTED,MD,POLICE VEHICLE/EMERGENCY,MOVING CONSTANT SPEED,35,No,2021,FORD,UT,39.13038583,-77.22680713,2022,9,1
22001535,Property Damage Crash,08/31/2022 10:43:00 PM,SLIGO CREEK PKWY,NA,SINGLE VEHICLE,Clear,DRY,Dark,STOP SIGN,NONE DETECTED,Yes,No Apparent Injury,"ANIMAL, N/A",UNKNOWN,MD,PASSENGER CAR,MOVING CONSTANT SPEED,25,No,2006,CADILLAC,DTS,39.002509,-77.012268,2022,8,22
220037778,Property Damage Crash,08/31/2022 08:27:00 PM,ROCKVILLE PIKE,NA,SINGLE VEHICLE,Clear,DRY,Medium,WARNING SIGN,NONE DETECTED,Yes,No Apparent Injury,N/A,LOOKED BUT DID NOT SEE,MD,PASSENGER CAR,ACCELERATING,40,No,2017,MAZDA,SD,39.09146118,-77.15301514,2022,8,20
220036465,Property Damage Crash,08/31/2022 07:58:00 PM,NA,NA,OPPOSITE DIRECTION SIDESWIPE,Clear,NA,Medium,NO CONTROLS,NONE DETECTED,Yes,No Apparent Injury,N/A,LOOKED BUT DID NOT SEE,MD,PASSENGER CAR,PARKED,0,No,2013,NISSAN,ALTIMA,39.05716317,-76.96776478,2022,8,19