Local Case Number,ACRS Report Type,Crash Date/Time,Road Name,Related Non-Motorist,Collision Type,Weather,Surface Condition,Light,Traffic Control,Driver Substance Abuse,Driver At Fault,Injury Severity,Circumstance,Driver Distracted By,Drivers License State,Vehicle Body Type,Vehicle Movement,Speed Limit,Driverless Vehicle,Vehicle Year,Vehicle Make,Vehicle Model,Latitude,Longitude,Year,Month,Hour
220036465,Property Damage Crash,08/31/2022 07:58:00 PM,NA,NA,OPPOSITE DIRECTION SIDESWIPE,Clear,NA,Medium,NO CONTROLS,NONE DETECTED,Yes,No Apparent Injury,N/A,UNKNOWN,NA,PASSENGER CAR,MOVING CONSTANT SPEED,0,No,2002,TOYOTA,COROLLA,39.05716317,-76.96776478,2022,8,19
220037768,Injury Crash,08/31/2022 07:28:00 PM,MUNCASTER MILL RD,NA,SAME DIR REAR END,Clear,DRY,Daylight,N/A,NONE DETECTED,Yes,No Apparent Injury,N/A,NOT DISTRACTED,MD,PASSENGER CAR,SLOWING OR STOPPING,35,No,2007,HONDA,CIVIC,39.12440167,-77.10661,2022,8,19
220037768,Injury Crash,08/31/2022 07:28:00 PM,MUNCASTER MILL RD,NA,SAME DIR REAR END,Clear,DRY,Daylight,N/A,NONE DETECTED,No,No Apparent Injury,N/A,NOT DISTRACTED,MD,PASSENGER CAR,STOPPED IN TRAFFIC LANE,35,No,2021,NISSAN,ROGUE,39.12440167,-77.10661,2022,8,19
220036961,Property Damage Crash,08/31/2022 07:21:00 PM,SNOUFFERS SCHOOL RD,NA,SINGLE VEHICLE,Clear,DRY,Daylight,N/A,NONE DETECTED,Yes,No Apparent Injury,N/A,NOT DISTRACTED,MD,VAN,MOVING CONSTANT SPEED,40,No,2015,FORD,TRANSIT,39.163542,-77.16611,2022,8,19
220037753,Injury Crash,08/31/2022 06:00:00 PM,WISCONSIN AVE,NA,SAME DIRECTION RIGHT TURN,Clear,DRY,Daylight,TRAFFIC SIGNAL,NONE DETECTED,No,Possible Minor Injury,N/A,NOT DISTRACTED,MD,PASSENGER CAR,MOVING CONSTANT SPEED,25,No,2013,VOLKSWAGEN,TIGUAN,38.99516833,-77.09632,2022,8,18
220037753,Injury Crash,08/31/2022 06:00:00 PM,WISCONSIN AVE,NA,SAME DIRECTION RIGHT TURN,Clear,DRY,Daylight,TRAFFIC SIGNAL,NONE DETECTED,Yes,No Apparent Injury,N/A,LOOKED BUT DID NOT SEE,MD,PASSENGER CAR,CHANGING LANES,25,No,2014,HONDA,CIVIC,38.99516833,-77.09632,2022,8,18
220037745,Property Damage Crash,08/31/2022 05:20:00 PM,S SUMMIT AVE,NA,STRAIGHT MOVEMENT ANGLE,Clear,DRY,Daylight,NO CONTROLS,NONE DETECTED,No,No Apparent Injury,N/A,NOT DISTRACTED,FL,PASSENGER CAR,MOVING CONSTANT SPEED,25,No,2015,CHEV,CRUZE,39.14168827,-77.19373278,2022,8,17
220037744,Property Damage Crash,08/31/2022 05:20:00 PM,S SUMMIT AVE,NA,SAME DIR REAR END,Clear,DRY,Daylight,NO CONTROLS,NONE DETECTED,No,No Apparent Injury,N/A,NOT DISTRACTED,MD,PASSENGER CAR,STOPPED IN TRAFFIC LANE,25,No,2015,CHEV,2H,39.14466552,-77.21339473,2022,8,17
220037744,Property Damage Crash,08/31/2022 05:20:00 PM,S SUMMIT AVE,NA,SAME DIR REAR END,Clear,DRY,Daylight,NO CONTROLS,NONE DETECTED,Yes,No Apparent Injury,N/A,LOOKED BUT DID NOT SEE,MD,PASSENGER CAR,SLOWING OR STOPPING,25,No,2007,TOYOTA,CAMRY,39.14466552,-77.21339473,2022,8,17
220037745,Property Damage Crash,08/31/2022 05:20:00 PM,S SUMMIT AVE,NA,STRAIGHT MOVEMENT ANGLE,Clear,DRY,Daylight,NO CONTROLS,NONE DETECTED,Yes,No Apparent Injury,N/A,NOT DISTRACTED,MD,PASSENGER CAR,ACCELERATING,25,No,2010,TOYOTA,CORROLLA,39.14168827,-77.19373278,2022,8,17
220035377,Property Damage Crash,08/31/2022 05:07:00 PM,NEW HAMPSHIRE AVE,NA,HEAD ON LEFT TURN,Clear,DRY,Daylight,NO CONTROLS,NONE DETECTED,Yes,No Apparent Injury,N/A,LOOKED BUT DID NOT SEE,MD,PASSENGER CAR,ACCELERATING,40,No,2009,ACURA,TL,39.099843,-77.003731,2022,8,17
220035377,Property Damage Crash,08/31/2022 05:07:00 PM,NEW HAMPSHIRE AVE,NA,HEAD ON LEFT TURN,Clear,DRY,Daylight,NO CONTROLS,NONE DETECTED,No,No Apparent Injury,N/A,NOT DISTRACTED,MD,PASSENGER CAR,SLOWING OR STOPPING,40,No,2020,ACURA,TL,39.099843,-77.003731,2022,8,17
220036773,Property Damage Crash,08/31/2022 05:00:00 PM,FLOWER AVE,NA,SAME DIR REAR END,Clear,DRY,Daylight,TRAFFIC SIGNAL,NONE DETECTED,Yes,No Apparent Injury,N/A,INATTENTIVE OR LOST IN THOUGHT,MD,PASSENGER CAR,MAKING LEFT TURN,35,No,2012,HONDA,CIVIC,39.04553733,-76.99096483,2022,8,17
220036773,Property Damage Crash,08/31/2022 05:00:00 PM,FLOWER AVE,NA,SAME DIR REAR END,Clear,DRY,Daylight,TRAFFIC SIGNAL,NONE DETECTED,No,No Apparent Injury,N/A,NOT DISTRACTED,MD,PASSENGER CAR,MAKING LEFT TURN,35,No,2004,HONDA,CIVIC,39.04553733,-76.99096483,2022,8,17
220037740,Property Damage Crash,08/31/2022 04:47:00 PM,NA,NA,OTHER,Clear,NA,Daylight,NO CONTROLS,NONE DETECTED,Yes,No Apparent Injury,N/A,UNKNOWN,NA,PICKUP TRUCK,PARKING,15,No,1234,FORD,TRUCK,39.04645,-77.09942,2022,8,16
220037575,Property Damage Crash,08/31/2022 04:38:00 PM,GERMANTOWN RD,NA,STRAIGHT MOVEMENT ANGLE,Rain,WET,Daylight,STOP SIGN,NONE DETECTED,Yes,No Apparent Injury,N/A,NOT DISTRACTED,MD,PASSENGER CAR,MAKING RIGHT TURN,30,No,2014,HYUNDAI,ELANTRA,39.192902,-77.238555,2022,8,16
220037575,Property Damage Crash,08/31/2022 04:38:00 PM,GERMANTOWN RD,NA,STRAIGHT MOVEMENT ANGLE,Rain,WET,Daylight,STOP SIGN,NONE DETECTED,No,No Apparent Injury,N/A,NOT DISTRACTED,MD,PASSENGER CAR,MOVING CONSTANT SPEED,40,No,2010,TOYT,COROLLA,39.192902,-77.238555,2022,8,16
220037730,Injury Crash,08/31/2022 04:00:00 PM,RIVER RD,NA,STRAIGHT MOVEMENT ANGLE,Clear,DRY,Daylight,STOP SIGN,NONE DETECTED,Yes,No Apparent Injury,N/A,UNKNOWN,MD,PASSENGER CAR,ACCELERATING,25,No,2012,NISSAN,NV,39.04286833,-77.216745,2022,8,16
220037725,Property Damage Crash,08/31/2022 04:00:00 PM,E FRANKLIN AVE,NA,OTHER,Clear,DRY,Daylight,NO CONTROLS,NONE DETECTED,No,No Apparent Injury,N/A,NOT DISTRACTED,MD,PASSENGER CAR,MOVING CONSTANT SPEED,25,No,2015,MINI COOPER,SW,39.01348767,-76.999883,2022,8,16
220037725,Property Damage Crash,08/31/2022 04:00:00 PM,E FRANKLIN AVE,NA,OTHER,Clear,DRY,Daylight,NO CONTROLS,NONE DETECTED,Yes,No Apparent Injury,N/A,LOOKED BUT DID NOT SEE,MD,TRANSIT BUS,PARKED,25,No,2017,FORD,TRUCK,39.01348767,-76.999883,2022,8,16
220037730,Injury Crash,08/31/2022 04:00:00 PM,RIVER RD,NA,STRAIGHT MOVEMENT ANGLE,Clear,DRY,Daylight,STOP SIGN,NONE DETECTED,No,Possible Minor Injury,N/A,NOT DISTRACTED,MD,PASSENGER CAR,MOVING CONSTANT SPEED,45,No,2017,TESLA,MODEL S,39.04286833,-77.216745,2022,8,16
220037568,Property Damage Crash,08/31/2022 03:45:00 PM,CONNECTICUT AVE,NA,SAME DIR REAR END,Clear,DRY,Daylight,TRAFFIC SIGNAL,NONE DETECTED,Yes,No Apparent Injury,"BACKUP DUE TO REGULAR CONGESTION, N/A",UNKNOWN,MD,TRANSIT BUS,SLOWING OR STOPPING,35,No,2021,METRO,BUS,38.994,-77.077,2022,8,15
220037568,Property Damage Crash,08/31/2022 03:45:00 PM,CONNECTICUT AVE,NA,SAME DIR REAR END,Clear,DRY,Daylight,TRAFFIC SIGNAL,NONE DETECTED,No,No Apparent Injury,"BACKUP DUE TO REGULAR CONGESTION, N/A",NOT DISTRACTED,MD,PASSENGER CAR,SLOWING OR STOPPING,35,No,2021,VOLVO,XC90,38.994,-77.077,2022,8,15
220037721,Injury Crash,08/31/2022 03:01:00 PM,WISCONSIN AVE,PEDESTRIAN,SINGLE VEHICLE,Clear,DRY,Daylight,NO CONTROLS,NONE DETECTED,Yes,No Apparent Injury,N/A,UNKNOWN,NA,NA,CHANGING LANES,35,No,0,UNKNOWN,UNKNOWN,38.96451874,-77.0878088,2022,8,15
220037715,Injury Crash,08/31/2022 02:58:00 PM,FREDERICK RD,NA,STRAIGHT MOVEMENT ANGLE,Clear,DRY,Daylight,STOP SIGN,NONE DETECTED,Yes,No Apparent Injury,N/A,LOOKED BUT DID NOT SEE,XX,PASSENGER CAR,MAKING LEFT TURN,30,No,2017,HONDA,SUV,39.14465322,-77.21340185,2022,8,14
220037715,Injury Crash,08/31/2022 02:58:00 PM,FREDERICK RD,NA,STRAIGHT MOVEMENT ANGLE,Clear,DRY,Daylight,STOP SIGN,NONE DETECTED,No,Possible Minor Injury,N/A,NOT DISTRACTED,MD,PASSENGER CAR,MOVING CONSTANT SPEED,30,No,2015,CHYSTLER,200,39.14465322,-77.21340185,2022,8,14
220037713,Injury Crash,08/31/2022 02:37:00 PM,NA,NA,STRAIGHT MOVEMENT ANGLE,Cloudy,NA,Daylight,NO CONTROLS,NONE DETECTED,Yes,No Apparent Injury,N/A,UNKNOWN,MD,VAN,MOVING CONSTANT SPEED,10,No,2021,NISSAN,NV200,39.0799015,-77.0735104,2022,8,14
220037713,Injury Crash,08/31/2022 02:37:00 PM,NA,NA,STRAIGHT MOVEMENT ANGLE,Cloudy,NA,Daylight,NO CONTROLS,NONE DETECTED,No,Possible Minor Injury,N/A,NOT DISTRACTED,MD,PICKUP TRUCK,ACCELERATING,10,No,2022,CHEVROLET,COLORADO,39.0799015,-77.0735104,2022,8,14
220037710,Property Damage Crash,08/31/2022 02:32:00 PM,W MONTGOMERY AVE,NA,STRAIGHT MOVEMENT ANGLE,Clear,DRY,Daylight,NO CONTROLS,NONE DETECTED,Yes,No Apparent Injury,N/A,UNKNOWN,VA,"CARGO VAN/LIGHT TRUCK 2 AXLES (OVER 10,000LBS (4,536 KG))",ENTERING TRAFFIC LANE,45,No,2015,NISSAN,NV,39.09146118,-77.15301514,2022,8,14
220037710,Property Damage Crash,08/31/2022 02:32:00 PM,W MONTGOMERY AVE,NA,STRAIGHT MOVEMENT ANGLE,Clear,DRY,Daylight,NO CONTROLS,NONE DETECTED,Unknown,No Apparent Injury,N/A,UNKNOWN,MD,SCHOOL BUS,MOVING CONSTANT SPEED,45,No,2020,THMS,BU,39.09146118,-77.15301514,2022,8,14
220037711,Property Damage Crash,08/31/2022 02:25:00 PM,16TH ST,NA,STRAIGHT MOVEMENT ANGLE,Clear,DRY,Daylight,STOP SIGN,NONE DETECTED,Yes,No Apparent Injury,N/A,NOT DISTRACTED,MD,PASSENGER CAR,MAKING LEFT TURN,35,No,2018,KIA,TK,39.00474,-77.03998,2022,8,14
220037711,Property Damage Crash,08/31/2022 02:25:00 PM,16TH ST,NA,STRAIGHT MOVEMENT ANGLE,Clear,DRY,Daylight,STOP SIGN,NONE DETECTED,No,No Apparent Injury,N/A,NOT DISTRACTED,MD,PASSENGER CAR,MOVING CONSTANT SPEED,35,No,2012,MAZDA,3,39.00474,-77.03998,2022,8,14
220037705,Injury Crash,08/31/2022 02:06:00 PM,NA,BICYCLIST,OTHER,Clear,NA,Daylight,NO CONTROLS,NONE DETECTED,No,No Apparent Injury,N/A,NOT DISTRACTED,MD,PASSENGER CAR,MOVING CONSTANT SPEED,25,No,2010,HONDA,CIVIC,39.20394554,-77.13950048,2022,8,14
220037532,Property Damage Crash,08/31/2022 01:26:00 PM,GATESHEAD MANOR WAY,NA,SAME DIR REAR END,Clear,DRY,Daylight,TRAFFIC SIGNAL,NONE DETECTED,Yes,No Apparent Injury,N/A,NOT DISTRACTED,MD,POLICE VEHICLE/NON EMERGENCY,MAKING RIGHT TURN,35,No,2019,FORD,FLEX,39.00591333,-77.00718,2022,8,13
220037532,Property Damage Crash,08/31/2022 01:26:00 PM,GATESHEAD MANOR WAY,NA,SAME DIR REAR END,Clear,DRY,Daylight,TRAFFIC SIGNAL,NONE DETECTED,No,No Apparent Injury,N/A,NOT DISTRACTED,MD,PASSENGER CAR,MAKING RIGHT TURN,35,No,2017,HYUNDAI,SANTA FE,39.00591333,-77.00718,2022,8,13
220037709,Property Damage Crash,08/31/2022 12:50:00 PM,NA,NA,STRAIGHT MOVEMENT ANGLE,Clear,NA,Daylight,NO CONTROLS,NONE DETECTED,No,No Apparent Injury,N/A,NOT DISTRACTED,MD,PASSENGER CAR,SLOWING OR STOPPING,10,No,2020,TOYOTA,COROLLA,39.02814,-77.07654,2022,8,12
220037709,Property Damage Crash,08/31/2022 12:50:00 PM,NA,NA,STRAIGHT MOVEMENT ANGLE,Clear,NA,Daylight,NO CONTROLS,NONE DETECTED,Yes,No Apparent Injury,N/A,UNKNOWN,NA,(SPORT) UTILITY VEHICLE,BACKING,10,No,2010,JEEP,CHEROKEE,39.02814,-77.07654,2022,8,12
220037684,Property Damage Crash,08/31/2022 11:38:00 AM,FREDERICK RD,NA,SAME DIR BOTH LEFT TURN,Clear,DRY,Daylight,TRAFFIC SIGNAL,NONE DETECTED,No,No Apparent Injury,N/A,UNKNOWN,MD,TRUCK TRACTOR,MAKING LEFT TURN,40,No,2019,FRHT,TR,39.122335,-77.177452,2022,8,11
220037684,Property Damage Crash,08/31/2022 11:38:00 AM,FREDERICK RD,NA,SAME DIR BOTH LEFT TURN,Clear,DRY,Daylight,TRAFFIC SIGNAL,NONE DETECTED,Yes,No Apparent Injury,N/A,UNKNOWN,MD,TRANSIT BUS,MAKING LEFT TURN,40,No,2017,GILB,BU,39.122335,-77.177452,2022,8,11
220037673,Injury Crash,08/31/2022 11:08:00 AM,CONNECTICUT AVE,NA,SAME DIR REAR END,Clear,DRY,Daylight,NO CONTROLS,NONE DETECTED,No,Possible Minor Injury,N/A,NOT DISTRACTED,MD,(SPORT) UTILITY VEHICLE,SLOWING OR STOPPING,35,No,2013,TOYOTA,RAV4,38.9976,-77.10969833,2022,8,11
220037673,Injury Crash,08/31/2022 11:08:00 AM,CONNECTICUT AVE,NA,SAME DIR REAR END,Clear,DRY,Daylight,NO CONTROLS,NONE DETECTED,Yes,No Apparent Injury,N/A,NOT DISTRACTED,MD,PASSENGER CAR,SLOWING OR STOPPING,35,No,2012,NISSAN,ALTIMA,38.9976,-77.10969833,2022,8,11
220037507,Property Damage Crash,08/31/2022 11:00:00 AM,FAIRLAND RD,NA,SAME DIR REAR END,Clear,DRY,Daylight,NO CONTROLS,NONE DETECTED,Yes,No Apparent Injury,N/A,NOT DISTRACTED,MD,"CARGO VAN/LIGHT TRUCK 2 AXLES (OVER 10,000LBS (4,536 KG))",SLOWING OR STOPPING,35,No,2017,MACK,GU712,39.0781317,-76.979615,2022,8,11
220037507,Property Damage Crash,08/31/2022 11:00:00 AM,FAIRLAND RD,NA,SAME DIR REAR END,Clear,DRY,Daylight,NO CONTROLS,NONE DETECTED,No,No Apparent Injury,N/A,NOT DISTRACTED,MD,PASSENGER CAR,STOPPED IN TRAFFIC LANE,15,No,2010,HONDA,4S,39.0781317,-76.979615,2022,8,11
220037667,Injury Crash,08/31/2022 10:15:00 AM,MONTGOMERY VILLAGE AVE,NA,HEAD ON LEFT TURN,Clear,DRY,Daylight,TRAFFIC SIGNAL,NONE DETECTED,Yes,No Apparent Injury,N/A,NOT DISTRACTED,MD,PASSENGER CAR,MOVING CONSTANT SPEED,35,No,2004,HONDA,CRV,39.15520167,-77.20982667,2022,8,10
220037667,Injury Crash,08/31/2022 10:15:00 AM,MONTGOMERY VILLAGE AVE,NA,HEAD ON LEFT TURN,Clear,DRY,Daylight,TRAFFIC SIGNAL,NONE DETECTED,No,Possible Minor Injury,N/A,NOT DISTRACTED,MD,PASSENGER CAR,MAKING LEFT TURN,35,No,2018,TOYOTA,RAV4,39.15520167,-77.20982667,2022,8,10
220037659,Property Damage Crash,08/31/2022 08:55:00 AM,ROCKLEDGE DR,NA,OTHER,Clear,DRY,Daylight,NO CONTROLS,NONE DETECTED,Yes,No Apparent Injury,N/A,NOT DISTRACTED,MD,POLICE VEHICLE/EMERGENCY,CHANGING LANES,55,No,2014,MAZDA,3,39.03025667,-77.12463,2022,8,8
220037659,Property Damage Crash,08/31/2022 08:55:00 AM,ROCKLEDGE DR,NA,OTHER,Clear,DRY,Daylight,NO CONTROLS,NONE DETECTED,No,No Apparent Injury,N/A,NOT DISTRACTED,MD,POLICE VEHICLE/EMERGENCY,MOVING CONSTANT SPEED,55,No,2019,CHEVY,TRUCK,39.03025667,-77.12463,2022,8,8
220037656,Injury Crash,08/31/2022 08:39:00 AM,FREDERICK RD,NA,STRAIGHT MOVEMENT ANGLE,Clear,DRY,Daylight,NO CONTROLS,NONE DETECTED,No,No Apparent Injury,N/A,NOT DISTRACTED,MD,TRANSIT BUS,MOVING CONSTANT SPEED,30,No,2017,GILG,BU,39.14501415,-77.20281132,2022,8,8
220037656,Injury Crash,08/31/2022 08:39:00 AM,FREDERICK RD,NA,STRAIGHT MOVEMENT ANGLE,Clear,DRY,Daylight,NO CONTROLS,NONE DETECTED,Yes,No Apparent Injury,N/A,LOOKED BUT DID NOT SEE,MD,PASSENGER CAR,ACCELERATING,30,No,2009,TOYT,SD,39.14501415,-77.20281132,2022,8,8
220037654,Injury Crash,08/31/2022 08:27:00 AM,GEORGIA AVE,NA,SAME DIR REAR END,Clear,DRY,Daylight,TRAFFIC SIGNAL,NONE DETECTED,Yes,Possible Minor Injury,N/A,LOOKED BUT DID NOT SEE,MD,PASSENGER CAR,STARTING FROM LANE,35,No,2015,NISSAN,PATHFINDER,39.081115,-77.07579667,2022,8,8
220037654,Injury Crash,08/31/2022 08:27:00 AM,GEORGIA AVE,NA,SAME DIR REAR END,Clear,DRY,Daylight,TRAFFIC SIGNAL,NONE DETECTED,No,Possible Minor Injury,N/A,NOT DISTRACTED,MD,PASSENGER CAR,STARTING FROM LANE,35,No,2015,FORD,F150,39.081115,-77.07579667,2022,8,8
220037478,Property Damage Crash,08/31/2022 08:06:00 AM,RANDOLPH RD,NA,SAME DIR REAR END,Clear,DRY,Daylight,TRAFFIC SIGNAL,NONE DETECTED,Yes,No Apparent Injury,N/A,UNKNOWN,MD,SCHOOL BUS,SLOWING OR STOPPING,40,No,2011,THOM,BU,39.075638,-77.002758,2022,8,8
220037478,Property Damage Crash,08/31/2022 08:06:00 AM,RANDOLPH RD,NA,SAME DIR REAR END,Clear,DRY,Daylight,TRAFFIC SIGNAL,NONE DETECTED,No,No Apparent Injury,N/A,NOT DISTRACTED,MD,VAN,STOPPED IN TRAFFIC LANE,40,No,2006,CHEV,CG,39.075638,-77.002758,2022,8,8
220037650,Property Damage Crash,08/31/2022 08:00:00 AM,WOODFIELD RD,NA,SAME DIR REAR END,Clear,DRY,Daylight,NO CONTROLS,NONE DETECTED,No,No Apparent Injury,N/A,NOT DISTRACTED,MD,PASSENGER CAR,SLOWING OR STOPPING,50,No,2022,SUBARU,ASCENT,39.22257833,-77.17568333,2022,8,8
220037650,Property Damage Crash,08/31/2022 08:00:00 AM,WOODFIELD RD,NA,SAME DIR REAR END,Clear,DRY,Daylight,NO CONTROLS,NONE DETECTED,Yes,No Apparent Injury,N/A,NOT DISTRACTED,MD,PASSENGER CAR,SLOWING OR STOPPING,50,No,2006,HONDA,PILOT,39.22257833,-77.17568333,2022,8,8
220037644,Property Damage Crash,08/31/2022 07:36:00 AM,DEMOCRACY BLVD,NA,HEAD ON LEFT TURN,Clear,DRY,Daylight,NO CONTROLS,NONE DETECTED,No,No Apparent Injury,N/A,NOT DISTRACTED,MD,PASSENGER CAR,MOVING CONSTANT SPEED,35,No,2000,BMW,323I,39.02423167,-77.12717167,2022,8,7
220037644,Property Damage Crash,08/31/2022 07:36:00 AM,DEMOCRACY BLVD,NA,HEAD ON LEFT TURN,Clear,DRY,Daylight,NO CONTROLS,NONE DETECTED,Yes,No Apparent Injury,N/A,LOOKED BUT DID NOT SEE,MD,PASSENGER CAR,MAKING LEFT TURN,35,No,2020,SUBA,FORESTER,39.02423167,-77.12717167,2022,8,7
220037663,Property Damage Crash,08/31/2022 07:30:00 AM,LAYHILL RD,NA,OTHER,Clear,DRY,Daylight,NO CONTROLS,NONE DETECTED,Yes,No Apparent Injury,N/A,UNKNOWN,MD,PASSENGER CAR,MAKING RIGHT TURN,40,No,2014,FORD,HYBRID,39.0580895,-77.04882283,2022,8,7
220037643,Property Damage Crash,08/31/2022 07:25:00 AM,RIDGE RD,NA,SAME DIRECTION SIDESWIPE,Clear,DRY,Daylight,TRAFFIC SIGNAL,NONE DETECTED,Yes,No Apparent Injury,N/A,LOOKED BUT DID NOT SEE,NY,(SPORT) UTILITY VEHICLE,CHANGING LANES,45,No,2017,HONDA,CRV,39.2018055,-77.25364667,2022,8,7
220037643,Property Damage Crash,08/31/2022 07:25:00 AM,RIDGE RD,NA,SAME DIRECTION SIDESWIPE,Clear,DRY,Daylight,TRAFFIC SIGNAL,NONE DETECTED,No,No Apparent Injury,N/A,NOT DISTRACTED,MD,PASSENGER CAR,MOVING CONSTANT SPEED,45,No,2021,TESLA,MODEL Y,39.2018055,-77.25364667,2022,8,7
220037641,Injury Crash,08/31/2022 06:45:00 AM,ROCKVILLE PIKE,NA,SAME DIR REAR END,Clear,DRY,Daylight,TRAFFIC SIGNAL,NONE DETECTED,Yes,Possible Minor Injury,N/A,LOOKED BUT DID NOT SEE,MD,PASSENGER CAR,SLOWING OR STOPPING,40,No,2021,TOYOTA,COROLLA,39.02963424,-77.12971363,2022,8,6
220037641,Injury Crash,08/31/2022 06:45:00 AM,ROCKVILLE PIKE,NA,SAME DIR REAR END,Clear,DRY,Daylight,TRAFFIC SIGNAL,NONE DETECTED,No,Possible Minor Injury,N/A,NOT DISTRACTED,MD,PICKUP TRUCK,STOPPED IN TRAFFIC LANE,40,No,2006,TOYOTA,TUNDRA,39.02963424,-77.12971363,2022,8,6
220036654,Property Damage Crash,08/30/2022 07:27:00 PM,JONES BRIDGE RD,NA,SINGLE VEHICLE,Clear,DRY,Medium,NO CONTROLS,NONE DETECTED,Yes,No Apparent Injury,N/A,OTHER DISTRACTION,MD,PASSENGER CAR,MOVING CONSTANT SPEED,30,No,2011,BMW,335I,38.999,-77.072,2022,8,19
220037595,Property Damage Crash,08/30/2022 06:19:00 PM,COLESVILLE RD,NA,SAME DIRECTION SIDESWIPE,Clear,DRY,Daylight,N/A,NONE DETECTED,Yes,No Apparent Injury,N/A,LOOKED BUT DID NOT SEE,MD,PASSENGER CAR,CHANGING LANES,35,No,2022,TOYT,UT,38.99644955,-77.0103553,2022,8,18
220037595,Property Damage Crash,08/30/2022 06:19:00 PM,COLESVILLE RD,NA,SAME DIRECTION SIDESWIPE,Clear,DRY,Daylight,N/A,NONE DETECTED,No,No Apparent Injury,N/A,NOT DISTRACTED,MD,TRANSIT BUS,MOVING CONSTANT SPEED,35,No,2016,NEW,TBU,38.99644955,-77.0103553,2022,8,18
220037414,Injury Crash,08/30/2022 05:06:00 PM,CONNECTICUT AVE,NA,STRAIGHT MOVEMENT ANGLE,Cloudy,DRY,Daylight,NO CONTROLS,NONE DETECTED,No,Possible Minor Injury,N/A,NOT DISTRACTED,MD,(SPORT) UTILITY VEHICLE,MOVING CONSTANT SPEED,35,No,2012,ACURA,MDX,39.0780829,-77.0807511,2022,8,17
220037414,Injury Crash,08/30/2022 05:06:00 PM,CONNECTICUT AVE,NA,STRAIGHT MOVEMENT ANGLE,Cloudy,DRY,Daylight,NO CONTROLS,NONE DETECTED,Yes,No Apparent Injury,N/A,NOT DISTRACTED,MD,PASSENGER CAR,MAKING LEFT TURN,35,No,2019,NISSAN,ALTIMA,39.0780829,-77.0807511,2022,8,17
220037414,Injury Crash,08/30/2022 05:06:00 PM,CONNECTICUT AVE,NA,STRAIGHT MOVEMENT ANGLE,Cloudy,DRY,Daylight,NO CONTROLS,NONE DETECTED,No,Possible Minor Injury,N/A,NOT DISTRACTED,MD,PASSENGER CAR,STOPPED IN TRAFFIC LANE,35,No,2002,LEXUS,ES,39.0780829,-77.0807511,2022,8,17
220037580,Property Damage Crash,08/30/2022 05:03:00 PM,EISENHOWER MEMORIAL HWY,NA,SAME DIRECTION SIDESWIPE,Rain,WET,Daylight,NO CONTROLS,NONE DETECTED,Yes,No Apparent Injury,"RAIN, SNOW, WET",UNKNOWN,NA,PICKUP TRUCK,UNKNOWN,55,No,2015,FORD,TK,39.051868,-77.152326,2022,8,17
220037580,Property Damage Crash,08/30/2022 05:03:00 PM,EISENHOWER MEMORIAL HWY,NA,SAME DIRECTION SIDESWIPE,Rain,WET,Daylight,NO CONTROLS,NONE DETECTED,No,No Apparent Injury,"RAIN, SNOW, WET",NOT DISTRACTED,MD,PASSENGER CAR,MOVING CONSTANT SPEED,55,No,2022,HYUNDAI,SONATA,39.051868,-77.152326,2022,8,17
220037583,Property Damage Crash,08/30/2022 04:53:00 PM,BRIGGS CHANEY RD,NA,SINGLE VEHICLE,Rain,WET,Daylight,NO CONTROLS,NONE DETECTED,Yes,No Apparent Injury,"RAIN, SNOW, WET",LOOKED BUT DID NOT SEE,MD,VAN,MOVING CONSTANT SPEED,25,No,2011,TOYOTA,SIENNA,39.08303775,-76.94829073,2022,8,16
220036779,Injury Crash,08/30/2022 04:40:00 PM,NA,PEDESTRIAN,OTHER,Clear,NA,Daylight,N/A,NONE DETECTED,Yes,No Apparent Injury,N/A,UNKNOWN,MD,PASSENGER CAR,BACKING,5,No,2017,NISSAN,KICKS,39.0204235,-77.00826271,2022,8,16
220037577,Property Damage Crash,08/30/2022 04:30:00 PM,MONTROSE RD,NA,HEAD ON,Rain,WET,Daylight,TRAFFIC SIGNAL,NONE DETECTED,No,No Apparent Injury,"RAIN, SNOW, WET",NOT DISTRACTED,MD,VAN,STOPPED IN TRAFFIC LANE,35,No,2019,HONDA,ODYSSEY,39.055501,-77.149429,2022,8,16
220037577,Property Damage Crash,08/30/2022 04:30:00 PM,MONTROSE RD,NA,HEAD ON,Rain,WET,Daylight,TRAFFIC SIGNAL,NONE DETECTED,Yes,No Apparent Injury,"RAIN, SNOW, WET",OTHER DISTRACTION,MD,PASSENGER CAR,MOVING CONSTANT SPEED,35,No,2011,CHEVEROLET,SD,39.055501,-77.149429,2022,8,16
220037565,Injury Crash,08/30/2022 04:04:00 PM,FALLING CREEK RD,BICYCLIST,SAME DIR REAR END,Rain,WET,Daylight,NO CONTROLS,NONE DETECTED,Yes,No Apparent Injury,N/A,UNKNOWN,NA,NA,MOVING CONSTANT SPEED,35,No,0,UNKNOWN,UNKNOWN,39.045525,-76.99053333,2022,8,16
220037562,Injury Crash,08/30/2022 03:53:00 PM,WALKERS CHOICE RD,PEDESTRIAN,OTHER,Rain,WET,Daylight,STOP SIGN,NONE DETECTED,Yes,No Apparent Injury,N/A,BY OTHER OCCUPANTS,XX,PASSENGER CAR,ACCELERATING,0,No,2007,SATURN,ION,39.161571,-77.20324,2022,8,15
220037558,Injury Crash,08/30/2022 03:43:00 PM,BEL PRE RD,NA,STRAIGHT MOVEMENT ANGLE,Cloudy,DRY,Daylight,NO CONTROLS,NONE DETECTED,No,No Apparent Injury,N/A,NOT DISTRACTED,DC,PASSENGER CAR,MOVING CONSTANT SPEED,35,No,2011,HONDA,CIVIC,39.0903103,-77.0536557,2022,8,15
220037558,Injury Crash,08/30/2022 03:43:00 PM,BEL PRE RD,NA,STRAIGHT MOVEMENT ANGLE,Cloudy,DRY,Daylight,NO CONTROLS,NONE DETECTED,Yes,Possible Minor Injury,N/A,LOOKED BUT DID NOT SEE,MD,VAN,MAKING LEFT TURN,35,No,2001,HONDA,ODYSSEY EX,39.0903103,-77.0536557,2022,8,15
220037558,Injury Crash,08/30/2022 03:43:00 PM,BEL PRE RD,NA,STRAIGHT MOVEMENT ANGLE,Cloudy,DRY,Daylight,NO CONTROLS,NONE DETECTED,No,No Apparent Injury,N/A,NOT DISTRACTED,MD,(SPORT) UTILITY VEHICLE,STOPPED IN TRAFFIC LANE,35,No,2018,NISSAN,ROUGE,39.0903103,-77.0536557,2022,8,15
220037550,Injury Crash,08/30/2022 03:12:00 PM,KNOWLES AVE,PEDESTRIAN,SINGLE VEHICLE,Clear,DRY,Daylight,TRAFFIC SIGNAL,NONE DETECTED,No,No Apparent Injury,N/A,NOT DISTRACTED,MD,PASSENGER CAR,ACCELERATING,30,No,2021,TOYOTA,HIGHLANDER,39.027,-77.077,2022,8,15
220037546,Injury Crash,08/30/2022 03:06:00 PM,E RANDOLPH RD,NA,SAME DIR REAR END,Clear,DRY,Daylight,NO CONTROLS,NONE DETECTED,Yes,No Apparent Injury,N/A,LOOKED BUT DID NOT SEE,MD,PASSENGER CAR,MOVING CONSTANT SPEED,40,No,2006,MITS,UT,39.05050167,-76.96085,2022,8,15
220037546,Injury Crash,08/30/2022 03:06:00 PM,E RANDOLPH RD,NA,SAME DIR REAR END,Clear,DRY,Daylight,NO CONTROLS,NONE DETECTED,No,No Apparent Injury,N/A,NOT DISTRACTED,MD,PASSENGER CAR,MOVING CONSTANT SPEED,40,No,2017,BUICK,TK,39.05050167,-76.96085,2022,8,15