Local Case Number,ACRS Report Type,Crash Date/Time,Road Name,Related Non-Motorist,Collision Type,Weather,Surface Condition,Light,Traffic Control,Driver Substance Abuse,Driver At Fault,Injury Severity,Circumstance,Driver Distracted By,Drivers License State,Vehicle Body Type,Vehicle Movement,Speed Limit,Driverless Vehicle,Vehicle Year,Vehicle Make,Vehicle Model,Latitude,Longitude,Year,Month,Hour
220037535,Property Damage Crash,08/30/2022 01:55:00 PM,VEIRS MILL RD,NA,SAME DIRECTION SIDESWIPE,Clear,DRY,Daylight,NO CONTROLS,NONE DETECTED,Yes,No Apparent Injury,N/A,UNKNOWN,NA,NA,MAKING LEFT TURN,25,No,0,UNKNOWN,UNKNOWN,39.039463,-77.054233,2022,8,13
220037535,Property Damage Crash,08/30/2022 01:55:00 PM,VEIRS MILL RD,NA,SAME DIRECTION SIDESWIPE,Clear,DRY,Daylight,NO CONTROLS,NONE DETECTED,No,No Apparent Injury,N/A,NOT DISTRACTED,MD,VAN,MOVING CONSTANT SPEED,25,No,2018,FORD,TRANSIT 350,39.039463,-77.054233,2022,8,13
220037527,Property Damage Crash,08/30/2022 12:30:00 PM,GERMANTOWN RD,NA,STRAIGHT MOVEMENT ANGLE,Clear,DRY,Daylight,NO CONTROLS,NONE DETECTED,Yes,No Apparent Injury,N/A,UNKNOWN,MD,PASSENGER CAR,ACCELERATING,40,No,2013,HYUNDAI,SONATA,39.19170667,-77.244885,2022,8,12
220037527,Property Damage Crash,08/30/2022 12:30:00 PM,GERMANTOWN RD,NA,STRAIGHT MOVEMENT ANGLE,Clear,DRY,Daylight,NO CONTROLS,NONE DETECTED,No,No Apparent Injury,N/A,NOT DISTRACTED,MD,PASSENGER CAR,MOVING CONSTANT SPEED,40,No,2021,KIA,RIO,39.19170667,-77.244885,2022,8,12
220037524,Injury Crash,08/30/2022 12:29:00 PM,CLUB HOUSE RD,NA,HEAD ON,Clear,DRY,Daylight,NO CONTROLS,NONE DETECTED,Yes,Possible Minor Injury,N/A,UNKNOWN,MD,AMBULANCE/EMERGENCY,MOVING CONSTANT SPEED,35,No,2005,TOYOTA,SEDAN,39.173202,-77.201541,2022,8,12
220037524,Injury Crash,08/30/2022 12:29:00 PM,CLUB HOUSE RD,NA,HEAD ON,Clear,DRY,Daylight,NO CONTROLS,NONE DETECTED,No,Possible Minor Injury,N/A,NOT DISTRACTED,MD,PASSENGER CAR,MOVING CONSTANT SPEED,35,No,2004,NISSAN,VAN,39.173202,-77.201541,2022,8,12
220037519,Property Damage Crash,08/30/2022 11:13:00 AM,PARK POTOMAC AVE,NA,OTHER,Clear,DRY,Daylight,N/A,NONE DETECTED,Yes,No Apparent Injury,N/A,UNKNOWN,MD,PASSENGER CAR,UNKNOWN,0,No,2018,TSMR,MODEL 3,39.061314,-77.157507,2022,8,11
220037498,Injury Crash,08/30/2022 10:26:00 AM,RIVER RD,NA,SAME DIR REAR END,Clear,DRY,Daylight,TRAFFIC SIGNAL,NONE DETECTED,No,Possible Minor Injury,N/A,NOT DISTRACTED,MD,VAN,STOPPED IN TRAFFIC LANE,30,No,2018,DODGE,RAM,39.02963424,-77.12971363,2022,8,10
220037498,Injury Crash,08/30/2022 10:26:00 AM,RIVER RD,NA,SAME DIR REAR END,Clear,DRY,Daylight,TRAFFIC SIGNAL,NONE DETECTED,Yes,No Apparent Injury,N/A,LOOKED BUT DID NOT SEE,VA,VAN,SLOWING OR STOPPING,30,No,1997,DODGE,RAM,39.02963424,-77.12971363,2022,8,10
220037494,Property Damage Crash,08/30/2022 09:21:00 AM,EAST WEST HWY,OTHER,SINGLE VEHICLE,Clear,DRY,Daylight,TRAFFIC SIGNAL,NONE DETECTED,Yes,No Apparent Injury,N/A,NOT DISTRACTED,MD,SCHOOL BUS,MAKING LEFT TURN,35,No,2015,THOM BUS,SCHOOL BUS,38.99676112,-77.03980417,2022,8,9
220037485,Property Damage Crash,08/30/2022 09:15:00 AM,NORBECK RD,NA,SAME DIR REAR END,Clear,DRY,Daylight,NO CONTROLS,NONE DETECTED,No,No Apparent Injury,N/A,NOT DISTRACTED,MD,"CARGO VAN/LIGHT TRUCK 2 AXLES (OVER 10,000LBS (4,536 KG))",SLOWING OR STOPPING,45,No,2010,CHEVY,CARGO VAN,39.0977121,-77.1050395,2022,8,9
220037485,Property Damage Crash,08/30/2022 09:15:00 AM,NORBECK RD,NA,SAME DIR REAR END,Clear,DRY,Daylight,NO CONTROLS,NONE DETECTED,Yes,No Apparent Injury,N/A,OTHER DISTRACTION,MD,PASSENGER CAR,SLOWING OR STOPPING,45,No,2015,HONDA,CIVIC,39.0977121,-77.1050395,2022,8,9
220037473,Property Damage Crash,08/30/2022 08:07:00 AM,MONROE ST,NA,HEAD ON LEFT TURN,Clear,DRY,Daylight,TRAFFIC SIGNAL,NONE DETECTED,Yes,No Apparent Injury,N/A,NOT DISTRACTED,MD,PASSENGER CAR,MAKING LEFT TURN,25,No,2002,CHEV,2S,39.082039,-77.149114,2022,8,8
220037473,Property Damage Crash,08/30/2022 08:07:00 AM,MONROE ST,NA,HEAD ON LEFT TURN,Clear,DRY,Daylight,TRAFFIC SIGNAL,NONE DETECTED,No,No Apparent Injury,N/A,NOT DISTRACTED,MD,PASSENGER CAR,MOVING CONSTANT SPEED,25,No,2007,VOLV,SD,39.082039,-77.149114,2022,8,8
220037474,Injury Crash,08/30/2022 08:00:00 AM,16TH ST,NA,SAME DIRECTION SIDESWIPE,Clear,DRY,Daylight,TRAFFIC SIGNAL,NONE DETECTED,Yes,Possible Minor Injury,N/A,NOT DISTRACTED,VA,PASSENGER CAR,CHANGING LANES,35,No,2022,TESLA,MODEL 3,38.99452875,-77.0363205,2022,8,8
220037470,Injury Crash,08/30/2022 08:00:00 AM,MIDDLEBROOK RD,NA,STRAIGHT MOVEMENT ANGLE,Clear,DRY,Daylight,STOP SIGN,NONE DETECTED,Yes,No Apparent Injury,N/A,LOOKED BUT DID NOT SEE,MD,PASSENGER CAR,ENTERING TRAFFIC LANE,50,No,2007,TOYOTA,CAMRY,39.17501,-77.25859,2022,8,8
220037474,Injury Crash,08/30/2022 08:00:00 AM,16TH ST,NA,SAME DIRECTION SIDESWIPE,Clear,DRY,Daylight,TRAFFIC SIGNAL,NONE DETECTED,No,Possible Minor Injury,N/A,NOT DISTRACTED,MD,PASSENGER CAR,MOVING CONSTANT SPEED,35,No,2020,MITSUBISHI,OUTLANDER,38.99452875,-77.0363205,2022,8,8
220037474,Injury Crash,08/30/2022 08:00:00 AM,16TH ST,NA,SAME DIRECTION SIDESWIPE,Clear,DRY,Daylight,TRAFFIC SIGNAL,NONE DETECTED,No,Possible Minor Injury,N/A,NOT DISTRACTED,DC,PASSENGER CAR,MOVING CONSTANT SPEED,35,No,2009,TOYOTA,HIGHLANDER,38.99452875,-77.0363205,2022,8,8
220037470,Injury Crash,08/30/2022 08:00:00 AM,MIDDLEBROOK RD,NA,STRAIGHT MOVEMENT ANGLE,Clear,DRY,Daylight,STOP SIGN,NONE DETECTED,No,Possible Minor Injury,N/A,NOT DISTRACTED,MD,PASSENGER CAR,MOVING CONSTANT SPEED,50,No,2006,NISSAN,ALTIMA,39.17501,-77.25859,2022,8,8
220037302,Injury Crash,08/30/2022 07:46:00 AM,RITCHIE AVE,NA,STRAIGHT MOVEMENT ANGLE,Clear,DRY,Daylight,STOP SIGN,NONE DETECTED,Unknown,No Apparent Injury,N/A,LOOKED BUT DID NOT SEE,MD,VAN,ACCELERATING,25,No,2020,FORD,TRANSIT 250,38.9881266,-77.0122854,2022,8,7
220037302,Injury Crash,08/30/2022 07:46:00 AM,RITCHIE AVE,NA,STRAIGHT MOVEMENT ANGLE,Clear,DRY,Daylight,STOP SIGN,NONE DETECTED,Unknown,Possible Minor Injury,N/A,LOOKED BUT DID NOT SEE,MD,(SPORT) UTILITY VEHICLE,ACCELERATING,25,No,2022,KIA,SPORTAGE,38.9881266,-77.0122854,2022,8,7
220037465,Property Damage Crash,08/30/2022 07:25:00 AM,ELMCROFT BLVD,NA,OTHER,Clear,DRY,Daylight,N/A,NONE DETECTED,Yes,No Apparent Injury,N/A,NOT DISTRACTED,MD,SCHOOL BUS,MOVING CONSTANT SPEED,25,No,2022,FRHT,SB,39.07764885,-77.07080351,2022,8,7
220037460,Injury Crash,08/30/2022 05:34:00 AM,NEW HAMPSHIRE AVE,NA,STRAIGHT MOVEMENT ANGLE,Clear,DRY,Medium,FLASHING TRAFFIC SIGNAL,NONE DETECTED,No,Possible Minor Injury,N/A,NOT DISTRACTED,MD,(SPORT) UTILITY VEHICLE,MOVING CONSTANT SPEED,45,No,2020,TOYT,HIGHLANDER,39.0960324,-77.0019206,2022,8,5
220037460,Injury Crash,08/30/2022 05:34:00 AM,NEW HAMPSHIRE AVE,NA,STRAIGHT MOVEMENT ANGLE,Clear,DRY,Medium,FLASHING TRAFFIC SIGNAL,NONE DETECTED,Yes,No Apparent Injury,N/A,LOOKED BUT DID NOT SEE,MD,PICKUP TRUCK,STARTING FROM LANE,35,No,2007,CHEV,TK,39.0960324,-77.0019206,2022,8,5
220037454,Property Damage Crash,08/30/2022 02:59:00 AM,STRAWBERRY KNOLL RD,NA,OTHER,Clear,DRY,Medium,STOP SIGN,NONE DETECTED,Yes,No Apparent Injury,N/A,UNKNOWN,NA,PASSENGER CAR,MOVING CONSTANT SPEED,25,No,2018,NISSAN,ALTIMA,39.16641039,-77.18113603,2022,8,2
220037453,Injury Crash,08/30/2022 12:40:00 AM,COLUMBIA PIKE,NA,HEAD ON LEFT TURN,Clear,DRY,Medium,FLASHING TRAFFIC SIGNAL,NONE DETECTED,Yes,Possible Minor Injury,N/A,NOT DISTRACTED,MD,PASSENGER CAR,ACCELERATING,25,No,2016,TOYOTA,COROLLA,39.04283211,-76.98958074,2022,8,0
220037453,Injury Crash,08/30/2022 12:40:00 AM,COLUMBIA PIKE,NA,HEAD ON LEFT TURN,Clear,DRY,Medium,FLASHING TRAFFIC SIGNAL,NONE DETECTED,No,No Apparent Injury,N/A,NOT DISTRACTED,MD,PASSENGER CAR,MOVING CONSTANT SPEED,45,No,2006,CHEVROLET,TAHOE,39.04283211,-76.98958074,2022,8,0
220037447,Injury Crash,08/29/2022 10:32:00 PM,ROCKVILLE PIKE,NA,ANGLE MEETS LEFT HEAD ON,Clear,DRY,Medium,TRAFFIC SIGNAL,NONE DETECTED,No,Possible Minor Injury,N/A,NOT DISTRACTED,MD,PASSENGER CAR,MOVING CONSTANT SPEED,35,No,2008,HYUNDAI,SONATA,39.080923,-77.145933,2022,8,22
220037447,Injury Crash,08/29/2022 10:32:00 PM,ROCKVILLE PIKE,NA,ANGLE MEETS LEFT HEAD ON,Clear,DRY,Medium,TRAFFIC SIGNAL,NONE DETECTED,Yes,No Apparent Injury,N/A,UNKNOWN,US,PASSENGER CAR,MAKING LEFT TURN,35,No,2022,TOYOTA,COROLLA,39.080923,-77.145933,2022,8,22
220037438,Property Damage Crash,08/29/2022 09:50:00 PM,GERMANTOWN RD,NA,STRAIGHT MOVEMENT ANGLE,Clear,DRY,Medium,TRAFFIC SIGNAL,NONE DETECTED,Yes,No Apparent Injury,N/A,LOOKED BUT DID NOT SEE,MD,"CARGO VAN/LIGHT TRUCK 2 AXLES (OVER 10,000LBS (4,536 KG))",MOVING CONSTANT SPEED,30,No,2006,WORKHORSE,P42,39.183384,-77.257139,2022,8,21
220037438,Property Damage Crash,08/29/2022 09:50:00 PM,GERMANTOWN RD,NA,STRAIGHT MOVEMENT ANGLE,Clear,DRY,Medium,TRAFFIC SIGNAL,NONE DETECTED,No,No Apparent Injury,N/A,NOT DISTRACTED,MD,PASSENGER CAR,ACCELERATING,30,No,2020,HONDA,CRV,39.183384,-77.257139,2022,8,21
220037433,Property Damage Crash,08/29/2022 08:20:00 PM,FREDERICK RD,NA,HEAD ON LEFT TURN,Clear,DRY,Medium,TRAFFIC SIGNAL,NONE DETECTED,No,No Apparent Injury,N/A,NOT DISTRACTED,MD,PASSENGER CAR,MOVING CONSTANT SPEED,40,No,2011,TOYOTA,SIENNA,39.12254067,-77.17763782,2022,8,20
220037433,Property Damage Crash,08/29/2022 08:20:00 PM,FREDERICK RD,NA,HEAD ON LEFT TURN,Clear,DRY,Medium,TRAFFIC SIGNAL,NONE DETECTED,No,No Apparent Injury,N/A,NOT DISTRACTED,MD,PASSENGER CAR,MOVING CONSTANT SPEED,40,No,2010,TOYOTA,COROLLA,39.12254067,-77.17763782,2022,8,20
220037433,Property Damage Crash,08/29/2022 08:20:00 PM,FREDERICK RD,NA,HEAD ON LEFT TURN,Clear,DRY,Medium,TRAFFIC SIGNAL,NONE DETECTED,Yes,No Apparent Injury,N/A,NOT DISTRACTED,MD,PASSENGER CAR,MAKING U TURN,40,No,2004,SATURN,ION,39.12254067,-77.17763782,2022,8,20
220037431,Injury Crash,08/29/2022 07:00:00 PM,COLUMBIA PIKE,NA,SAME DIRECTION SIDESWIPE,Clear,DRY,Daylight,TRAFFIC SIGNAL,NONE DETECTED,Yes,No Apparent Injury,N/A,OTHER DISTRACTION,SC,PASSENGER CAR,MOVING CONSTANT SPEED,45,No,2016,HONDA,CR-V,39.038842,-76.9981125,2022,8,19
220037431,Injury Crash,08/29/2022 07:00:00 PM,COLUMBIA PIKE,NA,SAME DIRECTION SIDESWIPE,Clear,DRY,Daylight,TRAFFIC SIGNAL,NONE DETECTED,No,Possible Minor Injury,N/A,NOT DISTRACTED,MD,OTHER BUS,MOVING CONSTANT SPEED,45,No,2021,NEW FLYER,XCELSIOR,39.038842,-76.9981125,2022,8,19
220037420,Property Damage Crash,08/29/2022 06:08:00 PM,NEW HAMPSHIRE AVE,NA,HEAD ON LEFT TURN,Clear,DRY,Daylight,TRAFFIC SIGNAL,ALCOHOL PRESENT,Yes,No Apparent Injury,N/A,NOT DISTRACTED,MD,PICKUP TRUCK,MAKING LEFT TURN,35,No,2010,FORD,F350,39.020685,-77.00874667,2022,8,18
220037420,Property Damage Crash,08/29/2022 06:08:00 PM,NEW HAMPSHIRE AVE,NA,HEAD ON LEFT TURN,Clear,DRY,Daylight,TRAFFIC SIGNAL,NONE DETECTED,No,No Apparent Injury,N/A,NOT DISTRACTED,MD,PASSENGER CAR,MOVING CONSTANT SPEED,35,No,2007,TOYOTA,CAMRY,39.020685,-77.00874667,2022,8,18
220037413,Injury Crash,08/29/2022 05:20:00 PM,SEVEN LOCKS RD,NA,STRAIGHT MOVEMENT ANGLE,Clear,DRY,Daylight,STOP SIGN,NONE DETECTED,Yes,No Apparent Injury,N/A,LOOKED BUT DID NOT SEE,XX,PASSENGER CAR,ACCELERATING,35,No,2021,TOYT,UT,38.96318877,-77.08660702,2022,8,17
220037413,Injury Crash,08/29/2022 05:20:00 PM,SEVEN LOCKS RD,NA,STRAIGHT MOVEMENT ANGLE,Clear,DRY,Daylight,STOP SIGN,NONE DETECTED,No,Possible Minor Injury,N/A,NOT DISTRACTED,MD,PASSENGER CAR,MOVING CONSTANT SPEED,35,No,2015,TOYT,4S,38.96318877,-77.08660702,2022,8,17
220037406,Injury Crash,08/29/2022 05:11:00 PM,SNOWDEN FARM PKWY,NA,ANGLE MEETS RIGHT TURN,Clear,DRY,Daylight,STOP SIGN,NONE DETECTED,Yes,Possible Minor Injury,N/A,UNKNOWN,MD,(SPORT) UTILITY VEHICLE,MAKING RIGHT TURN,25,No,2018,JEEP,LAREDO,39.231831,-77.258454,2022,8,17
220037406,Injury Crash,08/29/2022 05:11:00 PM,SNOWDEN FARM PKWY,NA,ANGLE MEETS RIGHT TURN,Clear,DRY,Daylight,STOP SIGN,NONE DETECTED,No,Possible Minor Injury,N/A,NOT DISTRACTED,MD,PASSENGER CAR,MOVING CONSTANT SPEED,40,No,2013,VOLKS,PASSAT,39.231831,-77.258454,2022,8,17
220037418,Property Damage Crash,08/29/2022 05:06:00 PM,OVERVIEW LANE,NA,SAME DIRECTION RIGHT TURN,Clear,DRY,Daylight,NO CONTROLS,NONE DETECTED,Yes,No Apparent Injury,N/A,UNKNOWN,MD,PASSENGER CAR,MAKING RIGHT TURN,25,No,2013,HYUNDAI,4S,39.21901,-77.26114,2022,8,17
220037418,Property Damage Crash,08/29/2022 05:06:00 PM,OVERVIEW LANE,NA,SAME DIRECTION RIGHT TURN,Clear,DRY,Daylight,NO CONTROLS,NONE DETECTED,No,No Apparent Injury,N/A,NOT DISTRACTED,MD,OTHER,STARTING FROM PARKED,25,No,0,US POSTAL,TRUCK,39.21901,-77.26114,2022,8,17
220037402,Property Damage Crash,08/29/2022 05:01:00 PM,VEIRS MILL RD,NA,SAME DIR REAR END,Clear,DRY,Daylight,TRAFFIC SIGNAL,NONE DETECTED,Yes,No Apparent Injury,N/A,UNKNOWN,MD,PASSENGER CAR,ACCELERATING,35,No,2020,CHEVY,CAMERO,39.052948,-77.077044,2022,8,17
220037402,Property Damage Crash,08/29/2022 05:01:00 PM,VEIRS MILL RD,NA,SAME DIR REAR END,Clear,DRY,Daylight,TRAFFIC SIGNAL,NONE DETECTED,No,No Apparent Injury,N/A,NOT DISTRACTED,MD,PASSENGER CAR,ACCELERATING,35,No,2016,SUBURBAN,SUV,39.052948,-77.077044,2022,8,17
220037395,Injury Crash,08/29/2022 04:30:00 PM,GOSHEN RD,NA,SAME DIR REAR END,Clear,DRY,Daylight,NO CONTROLS,NONE DETECTED,Yes,No Apparent Injury,N/A,LOOKED BUT DID NOT SEE,MD,PASSENGER CAR,MOVING CONSTANT SPEED,35,No,2012,TOYOTA,CAMRY,39.1556484,-77.1931274,2022,8,16
220037395,Injury Crash,08/29/2022 04:30:00 PM,GOSHEN RD,NA,SAME DIR REAR END,Clear,DRY,Daylight,NO CONTROLS,NONE DETECTED,No,Possible Minor Injury,N/A,NOT DISTRACTED,MD,PASSENGER CAR,SLOWING OR STOPPING,35,No,2002,CHEVY,TRAILBLAZER,39.1556484,-77.1931274,2022,8,16
220037397,Injury Crash,08/29/2022 04:21:00 PM,METRO ACCESS RD,NA,SAME DIRECTION LEFT TURN,Clear,DRY,Daylight,NO CONTROLS,NONE DETECTED,Yes,No Apparent Injury,N/A,NOT DISTRACTED,MD,PASSENGER CAR,MAKING U TURN,25,No,2014,VOLKSWAGON,JETTA,39.11727819,-77.16492683,2022,8,16
220037397,Injury Crash,08/29/2022 04:21:00 PM,METRO ACCESS RD,NA,SAME DIRECTION LEFT TURN,Clear,DRY,Daylight,NO CONTROLS,NONE DETECTED,No,No Apparent Injury,N/A,NOT DISTRACTED,MD,LIMOUSINE,MOVING CONSTANT SPEED,25,No,2022,FORD,LIMO BUS,39.11727819,-77.16492683,2022,8,16
220037387,Property Damage Crash,08/29/2022 03:46:00 PM,DENNIS AVE,NA,SAME DIRECTION SIDESWIPE,Clear,DRY,Daylight,NO CONTROLS,NONE DETECTED,Yes,No Apparent Injury,N/A,NOT DISTRACTED,MD,SCHOOL BUS,MOVING CONSTANT SPEED,25,No,2015,FRHT,BU,39.0254062,-77.0462776,2022,8,15
220037391,Fatal Crash,08/29/2022 02:48:00 PM,ORCHARD RIDGE DR,NA,SINGLE VEHICLE,Clear,DRY,Daylight,NO CONTROLS,NONE DETECTED,Yes,Fatal Injury,N/A,UNKNOWN,MD,PASSENGER CAR,ACCELERATING,25,No,2016,BMW,328I,39.127478,-77.228533,2022,8,14
220037373,Property Damage Crash,08/29/2022 12:11:00 PM,BRADFORD RD,NA,OTHER,Clear,DRY,Daylight,NO CONTROLS,NONE DETECTED,Yes,No Apparent Injury,N/A,OTHER DISTRACTION,MD,PASSENGER CAR,MOVING CONSTANT SPEED,25,No,2011,VOLKSWAGON,GOLF,39.001755,-77.005972,2022,8,12
220037363,Property Damage Crash,08/29/2022 11:36:00 AM,PINEY BRANCH RD,NA,SAME DIR REAR END,Clear,DRY,Daylight,TRAFFIC SIGNAL,NONE DETECTED,Yes,No Apparent Injury,N/A,INATTENTIVE OR LOST IN THOUGHT,MD,(SPORT) UTILITY VEHICLE,ACCELERATING,35,No,2005,NISSAN,PATHFINDER,39.00125869,-76.98459182,2022,8,11
220037363,Property Damage Crash,08/29/2022 11:36:00 AM,PINEY BRANCH RD,NA,SAME DIR REAR END,Clear,DRY,Daylight,TRAFFIC SIGNAL,NONE DETECTED,No,No Apparent Injury,N/A,NOT DISTRACTED,MD,PASSENGER CAR,STOPPED IN TRAFFIC LANE,35,No,2020,HYUNDAI,ELANTRA,39.00125869,-76.98459182,2022,8,11
220037335,Injury Crash,08/29/2022 11:00:00 AM,ROCKVILLE PIKE,NA,HEAD ON LEFT TURN,Clear,DRY,Daylight,TRAFFIC SIGNAL,NONE DETECTED,No,Possible Minor Injury,N/A,NOT DISTRACTED,MD,PASSENGER CAR,MOVING CONSTANT SPEED,35,No,2017,ACURA,4S,39.07676629,-77.11714305,2022,8,11
220037335,Injury Crash,08/29/2022 11:00:00 AM,ROCKVILLE PIKE,NA,HEAD ON LEFT TURN,Clear,DRY,Daylight,TRAFFIC SIGNAL,NONE DETECTED,Yes,No Apparent Injury,N/A,LOOKED BUT DID NOT SEE,MD,PICKUP TRUCK,MAKING LEFT TURN,35,No,2019,CHEVROLET,PK,39.07676629,-77.11714305,2022,8,11
220037313,Injury Crash,08/29/2022 10:30:00 AM,CRESTHAVEN DR,PEDESTRIAN,HEAD ON,Clear,DRY,Daylight,NO CONTROLS,NONE DETECTED,Yes,No Apparent Injury,N/A,DISTRACTED BY OUTSIDE PERSON OBJECT OR EVENT,MD,PASSENGER CAR,MOVING CONSTANT SPEED,25,No,2020,DODGE,GRAND CARAVAN,39.0275,-76.98692,2022,8,10
220037329,Injury Crash,08/29/2022 10:17:00 AM,NA,NA,STRAIGHT MOVEMENT ANGLE,Clear,NA,Daylight,NO CONTROLS,NONE DETECTED,Yes,Possible Minor Injury,N/A,NOT DISTRACTED,MD,VAN,MOVING CONSTANT SPEED,0,No,2015,FORD,TRANSIT,39.0468423,-77.1029564,2022,8,10
220037329,Injury Crash,08/29/2022 10:17:00 AM,NA,NA,STRAIGHT MOVEMENT ANGLE,Clear,NA,Daylight,NO CONTROLS,NONE DETECTED,Yes,Possible Minor Injury,N/A,NOT DISTRACTED,MD,AMBULANCE/EMERGENCY,MOVING CONSTANT SPEED,0,No,2016,TOYOTA,RAV4,39.0468423,-77.1029564,2022,8,10
220037308,Property Damage Crash,08/29/2022 08:45:00 AM,GREAT SENECA HWY,NA,SAME DIR REAR END,Clear,DRY,Daylight,NO CONTROLS,NONE DETECTED,No,No Apparent Injury,N/A,NOT DISTRACTED,MD,PASSENGER CAR,STARTING FROM PARKED,50,No,2018,SUBARU,4S,39.123664840000004,-77.23150844,2022,8,8
220037308,Property Damage Crash,08/29/2022 08:45:00 AM,GREAT SENECA HWY,NA,SAME DIR REAR END,Clear,DRY,Daylight,NO CONTROLS,NONE DETECTED,Yes,No Apparent Injury,N/A,ADJUSTING AUDIO AND OR CLIMATE CONTROLS,MD,PASSENGER CAR,MOVING CONSTANT SPEED,50,No,2011,MINI,HB,39.123664840000004,-77.23150844,2022,8,8
220037328,Injury Crash,08/29/2022 08:00:00 AM,DENFELD AVE,NA,HEAD ON LEFT TURN,Clear,DRY,Daylight,STOP SIGN,NONE DETECTED,Yes,No Apparent Injury,N/A,LOOKED BUT DID NOT SEE,MD,PASSENGER CAR,MAKING LEFT TURN,5,No,2010,TOYOTA,4DR,38.99493167,-77.07686167,2022,8,8
220037328,Injury Crash,08/29/2022 08:00:00 AM,DENFELD AVE,NA,HEAD ON LEFT TURN,Clear,DRY,Daylight,STOP SIGN,NONE DETECTED,No,Possible Minor Injury,N/A,NOT DISTRACTED,MD,PASSENGER CAR,MOVING CONSTANT SPEED,25,No,2020,CHEVROLET,4DR,38.99493167,-77.07686167,2022,8,8
220037298,Injury Crash,08/29/2022 07:35:00 AM,CLOPPER RD,PEDESTRIAN,OTHER,Clear,DRY,Daylight,STOP SIGN,NONE DETECTED,Yes,No Apparent Injury,N/A,LOOKED BUT DID NOT SEE,MD,PASSENGER CAR,MAKING RIGHT TURN,25,No,2011,NISSAN,HB,39.14816825,-77.2369545,2022,8,7
220037303,Property Damage Crash,08/29/2022 07:27:00 AM,COLESVILLE RD,NA,SAME DIR REAR END,Cloudy,DRY,Daylight,NO CONTROLS,NONE DETECTED,Yes,No Apparent Injury,N/A,UNKNOWN,MD,PASSENGER CAR,SLOWING OR STOPPING,35,No,2015,BMW,320I,39.0180515,-77.0150374,2022,8,7
220037303,Property Damage Crash,08/29/2022 07:27:00 AM,COLESVILLE RD,NA,SAME DIR REAR END,Cloudy,DRY,Daylight,NO CONTROLS,NONE DETECTED,No,No Apparent Injury,N/A,NOT DISTRACTED,MD,PICKUP TRUCK,SLOWING OR STOPPING,35,No,2016,FORD,F550,39.0180515,-77.0150374,2022,8,7
220037300,Property Damage Crash,08/29/2022 07:26:00 AM,WIGHTMAN RD,NA,ANGLE MEETS LEFT HEAD ON,Cloudy,DRY,Daylight,STOP SIGN,NONE DETECTED,No,No Apparent Injury,N/A,NOT DISTRACTED,MD,PASSENGER CAR,MOVING CONSTANT SPEED,35,No,2011,CHEV,2S,39.17645,-77.16918833,2022,8,7
220037300,Property Damage Crash,08/29/2022 07:26:00 AM,WIGHTMAN RD,NA,ANGLE MEETS LEFT HEAD ON,Cloudy,DRY,Daylight,STOP SIGN,NONE DETECTED,Yes,No Apparent Injury,N/A,UNKNOWN,MD,PASSENGER CAR,MAKING LEFT TURN,35,No,2012,ACUR,4S,39.17645,-77.16918833,2022,8,7
220037294,Property Damage Crash,08/29/2022 06:15:00 AM,RIDGE RD,NA,SAME DIR REAR END,Clear,DRY,Medium,NO CONTROLS,NONE DETECTED,Yes,No Apparent Injury,N/A,INATTENTIVE OR LOST IN THOUGHT,MD,(SPORT) UTILITY VEHICLE,PASSING,40,No,2016,ACURA,MDX,39.217336,-77.238782,2022,8,6
220037294,Property Damage Crash,08/29/2022 06:15:00 AM,RIDGE RD,NA,SAME DIR REAR END,Clear,DRY,Medium,NO CONTROLS,NONE DETECTED,No,No Apparent Injury,N/A,NOT DISTRACTED,PA,PASSENGER CAR,MOVING CONSTANT SPEED,40,No,2006,ACURA,TL,39.217336,-77.238782,2022,8,6
220037292,Property Damage Crash,08/29/2022 05:45:00 AM,EISENHOWER MEMORIAL HWY,NA,SAME DIRECTION SIDESWIPE,Clear,DRY,Medium,NO CONTROLS,NONE DETECTED,Yes,No Apparent Injury,N/A,NOT DISTRACTED,MD,PASSENGER CAR,CHANGING LANES,55,No,2002,TOYOTA,CAMRY,39.2775984,-77.323477,2022,8,5
220037292,Property Damage Crash,08/29/2022 05:45:00 AM,EISENHOWER MEMORIAL HWY,NA,SAME DIRECTION SIDESWIPE,Clear,DRY,Medium,NO CONTROLS,NONE DETECTED,Yes,No Apparent Injury,N/A,NOT DISTRACTED,MD,(SPORT) UTILITY VEHICLE,CHANGING LANES,55,No,2018,TOYOTA,4 RUNNER,39.2775984,-77.323477,2022,8,5
220037283,Property Damage Crash,08/28/2022 11:15:00 PM,DARNESTOWN RD,NA,SINGLE VEHICLE,Clear,DRY,Dark,N/A,NONE DETECTED,Yes,No Apparent Injury,N/A,OTHER DISTRACTION,MD,POLICE VEHICLE/NON EMERGENCY,MOVING CONSTANT SPEED,40,No,2014,FORD,INTERCEPTOR,39.092371,-77.183504,2022,8,23
220037267,Property Damage Crash,08/28/2022 08:40:00 PM,GRAND ELM ST,NA,OTHER,Clear,DRY,Medium,N/A,NONE DETECTED,Yes,No Apparent Injury,N/A,DISTRACTED BY OUTSIDE PERSON OBJECT OR EVENT,MD,PASSENGER CAR,MOVING CONSTANT SPEED,0,No,2016,JEEP,CHEROKEE,39.24333333,-77.26427333,2022,8,20
220037257,Property Damage Crash,08/28/2022 06:41:00 PM,MIDCOUNTY HWY,NA,OTHER,Clear,DRY,Daylight,NO CONTROLS,ALCOHOL PRESENT,Yes,No Apparent Injury,N/A,UNKNOWN,MD,PASSENGER CAR,MOVING CONSTANT SPEED,50,No,2014,FORD,F150,39.1439785,-77.1613819,2022,8,18
220037257,Property Damage Crash,08/28/2022 06:41:00 PM,MIDCOUNTY HWY,NA,OTHER,Clear,DRY,Daylight,NO CONTROLS,NONE DETECTED,No,No Apparent Injury,N/A,NOT DISTRACTED,MD,PASSENGER CAR,MOVING CONSTANT SPEED,50,No,2012,TOYOTA,CAMRY,39.1439785,-77.1613819,2022,8,18
220036948,Injury Crash,08/28/2022 06:00:00 PM,COLESVILLE RD,NA,SAME DIRECTION SIDESWIPE,Clear,DRY,Daylight,NO CONTROLS,ALCOHOL PRESENT,Yes,Possible Minor Injury,N/A,OTHER DISTRACTION,DC,PASSENGER CAR,STARTING FROM PARKED,25,No,2007,CHEVY,TAHOE,38.99967492,-77.02598022,2022,8,18
220037244,Property Damage Crash,08/28/2022 05:29:00 PM,TACKBROOKE DR,NA,SINGLE VEHICLE,Clear,DRY,Daylight,NO CONTROLS,NONE DETECTED,Yes,No Apparent Injury,N/A,UNKNOWN,MD,PASSENGER CAR,OTHER,25,No,2014,TOYOTA,4S,39.05258867,-77.07649017,2022,8,17
220037228,Injury Crash,08/28/2022 04:30:00 PM,DEMOCRACY BLVD,NA,SINGLE VEHICLE,Clear,DRY,Daylight,N/A,NONE DETECTED,Yes,Possible Minor Injury,N/A,NOT DISTRACTED,MD,PASSENGER CAR,MAKING U TURN,45,No,2014,TOYOTA,COROLLA,39.02390915,-77.15412603,2022,8,16
220037218,Injury Crash,08/28/2022 04:28:00 PM,VEIRS MILL RD,NA,OTHER,Clear,DRY,Daylight,TRAFFIC SIGNAL,NONE DETECTED,No,No Apparent Injury,N/A,NOT DISTRACTED,MD,PASSENGER CAR,STOPPED IN TRAFFIC LANE,35,No,2014,FORD,ESCAPE,39.04504,-77.06498,2022,8,16