Local Case Number,ACRS Report Type,Crash Date/Time,Road Name,Related Non-Motorist,Collision Type,Weather,Surface Condition,Light,Traffic Control,Driver Substance Abuse,Driver At Fault,Injury Severity,Circumstance,Driver Distracted By,Drivers License State,Vehicle Body Type,Vehicle Movement,Speed Limit,Driverless Vehicle,Vehicle Year,Vehicle Make,Vehicle Model,Latitude,Longitude,Year,Month,Hour
220037218,Injury Crash,08/28/2022 04:28:00 PM,VEIRS MILL RD,NA,OTHER,Clear,DRY,Daylight,TRAFFIC SIGNAL,NONE DETECTED,No,No Apparent Injury,N/A,NOT DISTRACTED,MD,PASSENGER CAR,MAKING RIGHT TURN,35,No,2009,HONDA,PILOT,39.04504,-77.06498,2022,8,16
220037218,Injury Crash,08/28/2022 04:28:00 PM,VEIRS MILL RD,NA,OTHER,Clear,DRY,Daylight,TRAFFIC SIGNAL,NONE DETECTED,Yes,Possible Minor Injury,N/A,INATTENTIVE OR LOST IN THOUGHT,MD,PASSENGER CAR,MOVING CONSTANT SPEED,35,No,2014,HONDA,ACCORD,39.04504,-77.06498,2022,8,16
220037217,Property Damage Crash,08/28/2022 03:25:00 PM,NA,NA,SAME DIRECTION SIDESWIPE,Clear,NA,Daylight,NO CONTROLS,NONE DETECTED,Yes,No Apparent Injury,N/A,LOOKED BUT DID NOT SEE,MD,PASSENGER CAR,STARTING FROM PARKED,5,No,1997,GMC,SIERRA,39.14908333,-77.05565167,2022,8,15
220037214,Property Damage Crash,08/28/2022 03:03:00 PM,NORBECK RD,NA,SINGLE VEHICLE,Clear,DRY,Daylight,N/A,NONE DETECTED,Yes,No Apparent Injury,N/A,NOT DISTRACTED,MD,PASSENGER CAR,MOVING CONSTANT SPEED,35,No,2005,HONDA,CIVIC,39.12077,-77.03902,2022,8,15
220037220,Property Damage Crash,08/28/2022 02:51:00 PM,TWINBROOK PKWY,NA,OTHER,Clear,DRY,Daylight,NO CONTROLS,NONE DETECTED,No,No Apparent Injury,N/A,NOT DISTRACTED,MD,TRANSIT BUS,MOVING CONSTANT SPEED,35,No,2011,GILLIG,BUS,39.0711,-77.11373,2022,8,14
220037220,Property Damage Crash,08/28/2022 02:51:00 PM,TWINBROOK PKWY,NA,OTHER,Clear,DRY,Daylight,NO CONTROLS,NONE DETECTED,Yes,No Apparent Injury,N/A,UNKNOWN,NA,PASSENGER CAR,MOVING CONSTANT SPEED,35,No,2022,JEEP,GRAND WAGONEER,39.0711,-77.11373,2022,8,14
220037226,Property Damage Crash,08/28/2022 01:32:00 PM,FENTON ST,NA,SAME DIR REAR END,Clear,DRY,Daylight,TRAFFIC SIGNAL,NONE DETECTED,Yes,No Apparent Injury,N/A,UNKNOWN,MD,TRANSIT BUS,SLOWING OR STOPPING,25,No,2016,GILL,BUS,38.99691,-77.02554,2022,8,13
220037226,Property Damage Crash,08/28/2022 01:32:00 PM,FENTON ST,NA,SAME DIR REAR END,Clear,DRY,Daylight,TRAFFIC SIGNAL,NONE DETECTED,No,No Apparent Injury,N/A,NOT DISTRACTED,MD,PASSENGER CAR,STOPPED IN TRAFFIC LANE,25,No,2020,TOYOTA,COROLLA,38.99691,-77.02554,2022,8,13
220037205,Injury Crash,08/28/2022 01:21:00 PM,UNIVERSITY BLVD W,PEDESTRIAN,SINGLE VEHICLE,Clear,DRY,Daylight,TRAFFIC SIGNAL,NONE DETECTED,Yes,No Apparent Injury,N/A,LOOKED BUT DID NOT SEE,MD,PASSENGER CAR,MAKING RIGHT TURN,35,No,2016,FORD,TAURUS,39.041291,-77.048823,2022,8,13
220037198,Injury Crash,08/28/2022 01:15:00 PM,E JEFFERSON ST,NA,STRAIGHT MOVEMENT ANGLE,Clear,DRY,Daylight,NO CONTROLS,NONE DETECTED,No,Possible Minor Injury,N/A,NOT DISTRACTED,MD,RECREATIONAL VEHICLE,MOVING CONSTANT SPEED,35,No,2016,VOLVO,SUV,39.057,-77.12564,2022,8,13
220037198,Injury Crash,08/28/2022 01:15:00 PM,E JEFFERSON ST,NA,STRAIGHT MOVEMENT ANGLE,Clear,DRY,Daylight,NO CONTROLS,NONE DETECTED,Yes,No Apparent Injury,N/A,NOT DISTRACTED,MD,PASSENGER CAR,MAKING LEFT TURN,35,No,2018,CHEVROLET,CRUZE,39.057,-77.12564,2022,8,13
220037194,Property Damage Crash,08/28/2022 12:00:00 PM,NA,NA,OTHER,Clear,NA,Daylight,N/A,NONE DETECTED,Yes,No Apparent Injury,N/A,LOOKED BUT DID NOT SEE,NA,PASSENGER CAR,BACKING,5,No,2022,TOYOTA,RAV4,39.04181,-77.04909,2022,8,12
220037191,Injury Crash,08/28/2022 11:14:00 AM,SUNDOWN RD,NA,SINGLE VEHICLE,Clear,DRY,Daylight,NO CONTROLS,NONE DETECTED,Yes,Suspected Serious Injury,N/A,NOT DISTRACTED,MD,MOTORCYCLE,SLOWING OR STOPPING,40,No,2006,HONDA,MC,39.221895,-77.085591,2022,8,11
220037173,Injury Crash,08/28/2022 09:17:00 AM,OAKLYN DR,BICYCLIST,HEAD ON LEFT TURN,Clear,DRY,Daylight,NO CONTROLS,NONE DETECTED,Yes,No Apparent Injury,N/A,UNKNOWN,VA,VAN,MAKING LEFT TURN,35,No,2014,FORD,TRANSIT,39.00102,-77.21083,2022,8,9
220027156,Injury Crash,08/28/2022 03:07:00 AM,GEORGIA AVE,PEDESTRIAN,OTHER,Clear,DRY,Medium,NO CONTROLS,NONE DETECTED,No,No Apparent Injury,N/A,UNKNOWN,NA,PASSENGER CAR,MOVING CONSTANT SPEED,15,No,0,TOYOTA,CAMRY,39.0393508,-77.054306,2022,8,3
220037140,Property Damage Crash,08/28/2022 12:07:00 AM,ENNALLS AVE,NA,SAME DIR REAR END,Clear,DRY,Medium,NO CONTROLS,ALCOHOL PRESENT,Yes,No Apparent Injury,N/A,NOT DISTRACTED,XX,PASSENGER CAR,MOVING CONSTANT SPEED,25,No,2011,FORD,EXPLORER,39.07495825,-77.04379078,2022,8,0
220037137,Property Damage Crash,08/27/2022 11:30:00 PM,COLUMBIA PIKE,NA,SAME DIRECTION SIDESWIPE,Clear,DRY,Medium,NO CONTROLS,NONE DETECTED,No,No Apparent Injury,N/A,NOT DISTRACTED,MD,AMBULANCE/NON EMERGENCY,MOVING CONSTANT SPEED,55,No,2021,FORD,E350,39.1042044,-76.9330307,2022,8,23
220037137,Property Damage Crash,08/27/2022 11:30:00 PM,COLUMBIA PIKE,NA,SAME DIRECTION SIDESWIPE,Clear,DRY,Medium,NO CONTROLS,NONE DETECTED,Yes,No Apparent Injury,N/A,LOOKED BUT DID NOT SEE,MD,PASSENGER CAR,CHANGING LANES,55,No,2013,FORD,FIESTA,39.1042044,-76.9330307,2022,8,23
220037139,Property Damage Crash,08/27/2022 11:16:00 PM,11TH AVE,NA,OTHER,Clear,DRY,Medium,NO CONTROLS,NONE DETECTED,Yes,No Apparent Injury,N/A,NO DRIVER PRESENT,NA,PASSENGER CAR,UNKNOWN,25,No,2010,FORD,F150,39.020435,-77.01334167,2022,8,23
220037119,Property Damage Crash,08/27/2022 08:25:00 PM,DARNESTOWN RD,NA,SINGLE VEHICLE,Clear,DRY,Dark,NO CONTROLS,NONE DETECTED,No,No Apparent Injury,N/A,LOOKED BUT DID NOT SEE,MD,POLICE VEHICLE/NON EMERGENCY,MOVING CONSTANT SPEED,40,No,2019,DODGE,CHARGER,39.101377,-77.216535,2022,8,20
220037117,Property Damage Crash,08/27/2022 08:15:00 PM,NA,NA,SINGLE VEHICLE,Clear,NA,Medium,NO CONTROLS,NONE DETECTED,Yes,No Apparent Injury,N/A,UNKNOWN,MD,PASSENGER CAR,UNKNOWN,25,No,2018,TOYOTA,COROLLA,39.17534,-77.25039,2022,8,20
220037110,Property Damage Crash,08/27/2022 06:44:00 PM,NA,NA,N/A,Clear,NA,Daylight,NO CONTROLS,ALCOHOL PRESENT,Yes,No Apparent Injury,N/A,NOT DISTRACTED,MD,"CARGO VAN/LIGHT TRUCK 2 AXLES (OVER 10,000LBS (4,536 KG))",PARKING,10,No,2007,CHEVROLET,SILVERADO,39.163887,-77.2493182,2022,8,18
220037113,Property Damage Crash,08/27/2022 06:18:00 PM,NA,NA,OTHER,Clear,NA,Daylight,N/A,NONE DETECTED,Yes,No Apparent Injury,N/A,UNKNOWN,MD,PASSENGER CAR,BACKING,0,No,2000,CHEV,TK,39.22956,-77.25142,2022,8,18
220037102,Injury Crash,08/27/2022 06:10:00 PM,S SUMMIT AVE,NA,STRAIGHT MOVEMENT ANGLE,Clear,DRY,Daylight,STOP SIGN,NONE DETECTED,No,No Apparent Injury,N/A,NOT DISTRACTED,MD,PASSENGER CAR,MOVING CONSTANT SPEED,25,No,2007,CHEVY,AVEO,39.14036229,-77.19357215,2022,8,18
220037251,Injury Crash,08/27/2022 06:10:00 PM,SPENCERVILLE RD,NA,SAME DIR REAR END,Clear,DRY,Daylight,NO CONTROLS,NONE DETECTED,Yes,Possible Minor Injury,N/A,LOOKED BUT DID NOT SEE,MD,PASSENGER CAR,MOVING CONSTANT SPEED,40,No,2009,HONDA,4DR,39.1171,-76.968816,2022,8,18
220037102,Injury Crash,08/27/2022 06:10:00 PM,S SUMMIT AVE,NA,STRAIGHT MOVEMENT ANGLE,Clear,DRY,Daylight,STOP SIGN,NONE DETECTED,Yes,Possible Minor Injury,N/A,LOOKED BUT DID NOT SEE,MD,PASSENGER CAR,ACCELERATING,25,No,2005,TOYOTA,PRIUS,39.14036229,-77.19357215,2022,8,18
220037251,Injury Crash,08/27/2022 06:10:00 PM,SPENCERVILLE RD,NA,SAME DIR REAR END,Clear,DRY,Daylight,NO CONTROLS,NONE DETECTED,No,No Apparent Injury,N/A,NOT DISTRACTED,MD,(SPORT) UTILITY VEHICLE,STOPPED IN TRAFFIC LANE,40,No,2016,TOYOOTA,HIGHLANDER,39.1171,-76.968816,2022,8,18
220037100,Injury Crash,08/27/2022 05:38:00 PM,UNIVERSITY BLVD E,NA,SINGLE VEHICLE,Clear,DRY,Daylight,NO CONTROLS,NONE DETECTED,Unknown,Possible Minor Injury,N/A,NOT DISTRACTED,MD,PASSENGER CAR,CHANGING LANES,35,No,2015,MERCEDES,GOK 350,39.03499205,-76.98487112,2022,8,17
220037108,Property Damage Crash,08/27/2022 05:00:00 PM,CHESTNUT ST,NA,SAME DIRECTION SIDESWIPE,Clear,DRY,Daylight,N/A,NONE DETECTED,No,No Apparent Injury,N/A,NOT DISTRACTED,MA,PASSENGER CAR,MOVING CONSTANT SPEED,25,No,2007,HONDA,FIT,39.1321521,-77.1804607,2022,8,17
220037093,Property Damage Crash,08/27/2022 05:00:00 PM,NA,NA,SINGLE VEHICLE,Clear,NA,Daylight,NO CONTROLS,NONE DETECTED,Yes,No Apparent Injury,N/A,NO DRIVER PRESENT,NA,PASSENGER CAR,DRIVERLESS MOVING VEH.,10,Unknown,2003,TOYOTA,TACOMA,39.8729,-77.11358,2022,8,17
220037108,Property Damage Crash,08/27/2022 05:00:00 PM,CHESTNUT ST,NA,SAME DIRECTION SIDESWIPE,Clear,DRY,Daylight,N/A,NONE DETECTED,Yes,No Apparent Injury,N/A,UNKNOWN,NA,PASSENGER CAR,MOVING CONSTANT SPEED,25,No,2004,JEEP,LIBERTY,39.1321521,-77.1804607,2022,8,17
220037088,Injury Crash,08/27/2022 04:00:00 PM,NA,OTHER CONVEYANCE,STRAIGHT MOVEMENT ANGLE,Clear,NA,Daylight,NO CONTROLS,NONE DETECTED,Yes,No Apparent Injury,N/A,INATTENTIVE OR LOST IN THOUGHT,MD,PASSENGER CAR,MAKING RIGHT TURN,0,No,2013,TOYOTA,COROLLA,39.04453194,-76.9900027,2022,8,16
220037081,Property Damage Crash,08/27/2022 03:48:00 PM,NEW HAMPSHIRE AVE,NA,SAME DIRECTION RIGHT TURN,Clear,DRY,Daylight,TRAFFIC SIGNAL,NONE DETECTED,No,No Apparent Injury,N/A,NOT DISTRACTED,FL,PASSENGER CAR,MOVING CONSTANT SPEED,40,No,2014,CHRYSLER,TOWN & COUNTRY,39.0482701,-76.9930832,2022,8,15
220037081,Property Damage Crash,08/27/2022 03:48:00 PM,NEW HAMPSHIRE AVE,NA,SAME DIRECTION RIGHT TURN,Clear,DRY,Daylight,TRAFFIC SIGNAL,NONE DETECTED,Yes,No Apparent Injury,N/A,LOOKED BUT DID NOT SEE,MD,PASSENGER CAR,CHANGING LANES,40,No,2015,HONDA,ACCORD,39.0482701,-76.9930832,2022,8,15
220037076,Property Damage Crash,08/27/2022 03:40:00 PM,MUDDY BRANCH RD,BICYCLIST,STRAIGHT MOVEMENT ANGLE,Clear,DRY,Daylight,N/A,NONE DETECTED,No,No Apparent Injury,N/A,NOT DISTRACTED,MD,POLICE VEHICLE/NON EMERGENCY,SLOWING OR STOPPING,25,No,2018,FORD,EXPLORER,39.120622,-77.216776,2022,8,15
220036918,Injury Crash,08/27/2022 03:30:00 PM,BUREAU DR,OTHER PEDALCYCLIST,OTHER,Clear,DRY,Daylight,STOP SIGN,NONE DETECTED,Yes,No Apparent Injury,N/A,LOOKED BUT DID NOT SEE,MD,PASSENGER CAR,ACCELERATING,10,No,2015,NISSAN,PATHFINDER,39.14314953,-77.21732241,2022,8,15
220037393,Property Damage Crash,08/27/2022 01:30:00 PM,THORNAPPLE ST,NA,SINGLE VEHICLE,Clear,DRY,Daylight,STOP SIGN,NONE DETECTED,Yes,No Apparent Injury,N/A,NOT DISTRACTED,MD,POLICE VEHICLE/NON EMERGENCY,MAKING RIGHT TURN,25,No,2018,DODGE,CHARGER,38.9823718,-77.0729316,2022,8,13
220037057,Property Damage Crash,08/27/2022 01:23:00 PM,GEORGIA AVE,NA,SAME DIR REAR END,Clear,DRY,Daylight,TRAFFIC SIGNAL,NONE DETECTED,No,No Apparent Injury,N/A,NOT DISTRACTED,MD,PICKUP TRUCK,SLOWING OR STOPPING,35,No,2022,RAM,1500,39.05411435,-77.03647337,2022,8,13
220037057,Property Damage Crash,08/27/2022 01:23:00 PM,GEORGIA AVE,NA,SAME DIR REAR END,Clear,DRY,Daylight,TRAFFIC SIGNAL,NONE DETECTED,Yes,No Apparent Injury,N/A,NOT DISTRACTED,MD,PASSENGER CAR,MOVING CONSTANT SPEED,35,No,2015,TOYOTA,CAMRY,39.05411435,-77.03647337,2022,8,13
220037037,Property Damage Crash,08/27/2022 11:28:00 AM,FALLS RD,NA,STRAIGHT MOVEMENT ANGLE,Clear,DRY,Daylight,STOP SIGN,NONE DETECTED,No,No Apparent Injury,N/A,NOT DISTRACTED,MD,PASSENGER CAR,MOVING CONSTANT SPEED,35,No,2018,TESLA,X,38.962534,-77.086252,2022,8,11
220037037,Property Damage Crash,08/27/2022 11:28:00 AM,FALLS RD,NA,STRAIGHT MOVEMENT ANGLE,Clear,DRY,Daylight,STOP SIGN,NONE DETECTED,Yes,No Apparent Injury,N/A,UNKNOWN,ND,(SPORT) UTILITY VEHICLE,MAKING LEFT TURN,35,No,2014,ACURA,MDX,38.962534,-77.086252,2022,8,11
220037034,Injury Crash,08/27/2022 11:22:00 AM,NEW HAMPSHIRE AVE,NA,SAME DIR REAR END,Clear,DRY,Daylight,TRAFFIC SIGNAL,NONE DETECTED,Yes,No Apparent Injury,N/A,UNKNOWN,MD,PICKUP TRUCK,SLOWING OR STOPPING,35,No,2002,TOYT,TUNDR,39.0112144,-76.9788972,2022,8,11
220037034,Injury Crash,08/27/2022 11:22:00 AM,NEW HAMPSHIRE AVE,NA,SAME DIR REAR END,Clear,DRY,Daylight,TRAFFIC SIGNAL,NONE DETECTED,No,Possible Minor Injury,N/A,NOT DISTRACTED,MD,(SPORT) UTILITY VEHICLE,SLOWING OR STOPPING,35,No,2018,ACUR,RDX,39.0112144,-76.9788972,2022,8,11
220037035,Injury Crash,08/27/2022 11:15:00 AM,MUDDY BRANCH RD,NA,HEAD ON LEFT TURN,Clear,DRY,Daylight,NO CONTROLS,NONE DETECTED,Yes,No Apparent Injury,N/A,NOT DISTRACTED,MD,(SPORT) UTILITY VEHICLE,MAKING LEFT TURN,30,No,2022,GMC,CANYON,39.11428333,-77.27262,2022,8,11
220037035,Injury Crash,08/27/2022 11:15:00 AM,MUDDY BRANCH RD,NA,HEAD ON LEFT TURN,Clear,DRY,Daylight,NO CONTROLS,NONE DETECTED,No,Possible Minor Injury,N/A,NOT DISTRACTED,MD,PASSENGER CAR,MOVING CONSTANT SPEED,30,No,2021,MAZDA,WG,39.11428333,-77.27262,2022,8,11
220037033,Property Damage Crash,08/27/2022 10:58:00 AM,GERMANTOWN RD,NA,SINGLE VEHICLE,Clear,DRY,Daylight,NO CONTROLS,NONE DETECTED,Yes,No Apparent Injury,N/A,BY MOVING OBJECT IN VEHICLE,MD,AMBULANCE/EMERGENCY,MAKING LEFT TURN,40,No,2020,FORD,MUSTANG,39.1595603,-77.2843904,2022,8,10
220037031,Injury Crash,08/27/2022 10:55:00 AM,VEIRS MILL RD,NA,SAME DIR REAR END,Clear,DRY,Daylight,NO CONTROLS,NONE DETECTED,Yes,No Apparent Injury,N/A,NOT DISTRACTED,MD,PASSENGER CAR,SLOWING OR STOPPING,35,No,2010,HYUNDAI,SONATA,39.03600167,-77.026605,2022,8,10
220037031,Injury Crash,08/27/2022 10:55:00 AM,VEIRS MILL RD,NA,SAME DIR REAR END,Clear,DRY,Daylight,NO CONTROLS,NONE DETECTED,No,Possible Minor Injury,N/A,NOT DISTRACTED,MD,PASSENGER CAR,SLOWING OR STOPPING,35,No,2019,HONDA,CIVIC,39.03600167,-77.026605,2022,8,10
220037028,Property Damage Crash,08/27/2022 09:48:00 AM,CAPITAL BELTWAY,NA,SAME DIRECTION LEFT TURN,Clear,DRY,Daylight,NO CONTROLS,NONE DETECTED,No,No Apparent Injury,N/A,NOT DISTRACTED,MD,AMBULANCE/EMERGENCY,CHANGING LANES,55,No,2020,FREIGHTLINER,AMBULANCE,39.009739,-77.065565,2022,8,9
220037028,Property Damage Crash,08/27/2022 09:48:00 AM,CAPITAL BELTWAY,NA,SAME DIRECTION LEFT TURN,Clear,DRY,Daylight,NO CONTROLS,NONE DETECTED,Yes,No Apparent Injury,N/A,LOOKED BUT DID NOT SEE,NA,PICKUP TRUCK,MOVING CONSTANT SPEED,55,No,0,NISSAN,FRONTIER,39.009739,-77.065565,2022,8,9
220037016,Injury Crash,08/27/2022 08:19:00 AM,VEIRS MILL RD,NA,SAME DIRECTION SIDESWIPE,Clear,DRY,Daylight,TRAFFIC SIGNAL,NONE DETECTED,No,Possible Minor Injury,N/A,NOT DISTRACTED,MD,PASSENGER CAR,MOVING CONSTANT SPEED,45,No,2003,TOYOTA,CAMRY,39.06156,-77.0919,2022,8,8
220037016,Injury Crash,08/27/2022 08:19:00 AM,VEIRS MILL RD,NA,SAME DIRECTION SIDESWIPE,Clear,DRY,Daylight,TRAFFIC SIGNAL,NONE DETECTED,Yes,No Apparent Injury,N/A,NOT DISTRACTED,MD,PASSENGER CAR,CHANGING LANES,45,No,2016,ACURA,ILX,39.06156,-77.0919,2022,8,8
220036996,Property Damage Crash,08/26/2022 11:34:00 PM,DAMASCUS RD,NA,SINGLE VEHICLE,Clear,DRY,Dark,NO CONTROLS,NONE DETECTED,Yes,No Apparent Injury,N/A,INATTENTIVE OR LOST IN THOUGHT,MD,PASSENGER CAR,MOVING CONSTANT SPEED,45,No,2004,HONDA,ODYSSEY,39.2838723,-77.1918568,2022,8,23
220036986,Injury Crash,08/26/2022 10:45:00 PM,N SUMMIT AVE,NA,OPPOSITE DIRECTION SIDESWIPE,Clear,DRY,Medium,NO CONTROLS,ALCOHOL PRESENT,Yes,No Apparent Injury,N/A,UNKNOWN,MD,PASSENGER CAR,MOVING CONSTANT SPEED,10,No,2017,HONDA,CIVIC,39.149097,-77.192368,2022,8,22
220036986,Injury Crash,08/26/2022 10:45:00 PM,N SUMMIT AVE,NA,OPPOSITE DIRECTION SIDESWIPE,Clear,DRY,Medium,NO CONTROLS,NONE DETECTED,No,Possible Minor Injury,N/A,UNKNOWN,MD,PASSENGER CAR,MOVING CONSTANT SPEED,10,No,2008,HONDA,ACCORD,39.149097,-77.192368,2022,8,22
220036978,Property Damage Crash,08/26/2022 09:59:00 PM,RIDGE RD,NA,SAME DIR REAR END,Clear,DRY,Medium,NO CONTROLS,NONE DETECTED,Yes,No Apparent Injury,N/A,NOT DISTRACTED,MD,PASSENGER CAR,MOVING CONSTANT SPEED,45,No,2019,NISSAN,ALTIMA,39.310903,-77.197971,2022,8,21
220036978,Property Damage Crash,08/26/2022 09:59:00 PM,RIDGE RD,NA,SAME DIR REAR END,Clear,DRY,Medium,NO CONTROLS,NONE DETECTED,No,No Apparent Injury,N/A,NOT DISTRACTED,MD,PASSENGER CAR,SLOWING OR STOPPING,45,No,2019,NISSAN,KICKS,39.310903,-77.197971,2022,8,21
220036976,Property Damage Crash,08/26/2022 09:29:00 PM,COLESVILLE RD,NA,SAME DIRECTION SIDESWIPE,Clear,DRY,Medium,N/A,NONE DETECTED,Yes,No Apparent Injury,N/A,NOT DISTRACTED,MD,TRANSIT BUS,CHANGING LANES,35,No,2016,TBU,TBU,38.99996,-77.02577,2022,8,21
220036976,Property Damage Crash,08/26/2022 09:29:00 PM,COLESVILLE RD,NA,SAME DIRECTION SIDESWIPE,Clear,DRY,Medium,N/A,NONE DETECTED,No,No Apparent Injury,N/A,NOT DISTRACTED,MD,POLICE VEHICLE/NON EMERGENCY,PARKED,35,No,2018,FORD,INTERCEPTOR,38.99996,-77.02577,2022,8,21
220036967,Injury Crash,08/26/2022 08:23:00 PM,FREDERICK RD,NA,SINGLE VEHICLE,Clear,DRY,Medium,NO CONTROLS,NONE DETECTED,Yes,Possible Minor Injury,N/A,NOT DISTRACTED,VA,MOTORCYCLE,ACCELERATING,35,No,2012,YAMAHA,R6,39.159083,-77.219108,2022,8,20
220036963,Injury Crash,08/26/2022 07:48:00 PM,UNIVERSITY BLVD E,BICYCLIST,OTHER,Clear,DRY,Medium,TRAFFIC SIGNAL,NONE DETECTED,Yes,No Apparent Injury,N/A,LOOKED BUT DID NOT SEE,MD,PASSENGER CAR,ACCELERATING,35,No,2011,HYUN,TD,39.006144,-76.997678,2022,8,19
220036968,Property Damage Crash,08/26/2022 07:45:00 PM,NA,NA,OTHER,Clear,NA,Daylight,NO CONTROLS,NONE DETECTED,Yes,No Apparent Injury,N/A,LOOKED BUT DID NOT SEE,MD,VAN,PARKING,15,No,2014,FORD,VAN,39.05697888,-77.1200937,2022,8,19
220036940,Property Damage Crash,08/26/2022 05:16:00 PM,VEIRS MILL RD,NA,SAME DIR REAR END,Clear,DRY,Daylight,NO CONTROLS,NONE DETECTED,Yes,No Apparent Injury,N/A,NOT DISTRACTED,VA,PASSENGER CAR,MOVING CONSTANT SPEED,45,No,2010,PONTIAC,VIBE,39.10145069,-77.12823607,2022,8,17
220036940,Property Damage Crash,08/26/2022 05:16:00 PM,VEIRS MILL RD,NA,SAME DIR REAR END,Clear,DRY,Daylight,NO CONTROLS,NONE DETECTED,No,No Apparent Injury,N/A,NOT DISTRACTED,MD,PICKUP TRUCK,MOVING CONSTANT SPEED,45,No,2014,CHEVROLET,SILVERADO,39.10145069,-77.12823607,2022,8,17
220036947,Property Damage Crash,08/26/2022 04:49:00 PM,NA,NA,SINGLE VEHICLE,Clear,NA,Daylight,NO CONTROLS,NONE DETECTED,Yes,No Apparent Injury,N/A,UNKNOWN,MD,POLICE VEHICLE/EMERGENCY,ACCELERATING,5,No,2019,FORD,EXPLORE,39.45723,-77.449419,2022,8,16
220036935,Property Damage Crash,08/26/2022 04:21:00 PM,SEVEN LOCKS RD,NA,ANGLE MEETS LEFT TURN,Cloudy,DRY,Daylight,TRAFFIC SIGNAL,NONE DETECTED,No,No Apparent Injury,N/A,NOT DISTRACTED,RI,PASSENGER CAR,MAKING LEFT TURN,35,No,2022,FORD,MUSTANG,39.04064,-77.15911,2022,8,16
220036935,Property Damage Crash,08/26/2022 04:21:00 PM,SEVEN LOCKS RD,NA,ANGLE MEETS LEFT TURN,Cloudy,DRY,Daylight,TRAFFIC SIGNAL,NONE DETECTED,Yes,No Apparent Injury,N/A,BY OTHER OCCUPANTS,MD,PASSENGER CAR,MAKING LEFT TURN,35,No,2018,HONDA,CIVIC,39.04064,-77.15911,2022,8,16
220036925,Injury Crash,08/26/2022 04:04:00 PM,GEORGIA AVE,NA,SAME DIR REAR END,Clear,DRY,Daylight,NO CONTROLS,NONE DETECTED,No,Possible Minor Injury,N/A,NOT DISTRACTED,MD,PASSENGER CAR,SLOWING OR STOPPING,35,No,2013,TOYOTA,RAV4,39.050778,-77.051464,2022,8,16
220036925,Injury Crash,08/26/2022 04:04:00 PM,GEORGIA AVE,NA,SAME DIR REAR END,Clear,DRY,Daylight,NO CONTROLS,NONE DETECTED,Yes,No Apparent Injury,N/A,OTHER CELLULAR PHONE RELATED,MD,PASSENGER CAR,MOVING CONSTANT SPEED,35,No,2012,CADILLAC,CTS,39.050778,-77.051464,2022,8,16
220036765,Property Damage Crash,08/26/2022 04:00:00 PM,CLOPPER RD,NA,SAME DIR REAR END,Clear,DRY,Daylight,N/A,NONE DETECTED,No,No Apparent Injury,N/A,NOT DISTRACTED,MD,PASSENGER CAR,SLOWING OR STOPPING,40,No,2021,TOYT,2 DR,39.28284387,-77.46784649,2022,8,16
220036765,Property Damage Crash,08/26/2022 04:00:00 PM,CLOPPER RD,NA,SAME DIR REAR END,Clear,DRY,Daylight,N/A,NONE DETECTED,Yes,No Apparent Injury,N/A,LOOKED BUT DID NOT SEE,MD,(SPORT) UTILITY VEHICLE,SLOWING OR STOPPING,35,No,2018,JEEP,WRANGLER,39.28284387,-77.46784649,2022,8,16
20036928,Property Damage Crash,08/26/2022 03:51:00 PM,NA,NA,OTHER,Clear,NA,Daylight,TRAFFIC SIGNAL,NONE DETECTED,No,No Apparent Injury,N/A,NOT DISTRACTED,DC,OTHER BUS,STOPPED IN TRAFFIC LANE,15,No,2019,STCR,BUS,38.9941,-77.03081,2022,8,15
20036928,Property Damage Crash,08/26/2022 03:51:00 PM,NA,NA,OTHER,Clear,NA,Daylight,TRAFFIC SIGNAL,NONE DETECTED,Yes,No Apparent Injury,N/A,UNKNOWN,MD,TRANSIT BUS,MOVING CONSTANT SPEED,15,No,2009,TBU,METRO BUS,38.9941,-77.03081,2022,8,15
220036920,Property Damage Crash,08/26/2022 03:43:00 PM,BROOKVILLE RD,NA,OTHER,Clear,N/A,Daylight,N/A,NONE DETECTED,No,No Apparent Injury,N/A,NOT DISTRACTED,MD,"OTHER LIGHT TRUCKS (10,000LBS (4,536KG) OR LESS)",PARKED,25,No,2012,FORD,ECOLINE,38.99059333,-77.09757833,2022,8,15
220036920,Property Damage Crash,08/26/2022 03:43:00 PM,BROOKVILLE RD,NA,OTHER,Clear,N/A,Daylight,N/A,NONE DETECTED,Yes,No Apparent Injury,N/A,UNKNOWN,NA,PICKUP TRUCK,MOVING CONSTANT SPEED,25,No,1996,FORD,TK,38.99059333,-77.09757833,2022,8,15
220033519,Property Damage Crash,08/26/2022 03:23:00 PM,RIVER RD,NA,HEAD ON LEFT TURN,Clear,DRY,Daylight,NO CONTROLS,NONE DETECTED,No,No Apparent Injury,N/A,NOT DISTRACTED,MD,PASSENGER CAR,ACCELERATING,35,No,2021,TOYOTA,PRIUS,38.97017,-77.112715,2022,8,15
220033519,Property Damage Crash,08/26/2022 03:23:00 PM,RIVER RD,NA,HEAD ON LEFT TURN,Clear,DRY,Daylight,NO CONTROLS,NONE DETECTED,Yes,No Apparent Injury,N/A,LOOKED BUT DID NOT SEE,VA,PASSENGER CAR,ACCELERATING,35,No,2010,CHRYSLER,TWC SPORT VAN,38.97017,-77.112715,2022,8,15
220036904,Injury Crash,08/26/2022 01:49:00 PM,VEIRS MILL RD,NA,SAME DIR REAR END,Clear,DRY,Daylight,N/A,NONE DETECTED,No,No Apparent Injury,N/A,NOT DISTRACTED,MD,PASSENGER CAR,STOPPED IN TRAFFIC LANE,45,No,2015,VOLKSWAGEN,GTI 2.0T,39.06055984,-77.05132021,2022,8,13
220036904,Injury Crash,08/26/2022 01:49:00 PM,VEIRS MILL RD,NA,SAME DIR REAR END,Clear,DRY,Daylight,N/A,NONE DETECTED,Yes,Suspected Serious Injury,N/A,NOT DISTRACTED,XX,MOTORCYCLE,MOVING CONSTANT SPEED,45,No,2006,YAMAHA,FZ-07,39.06055984,-77.05132021,2022,8,13
220036911,Property Damage Crash,08/26/2022 01:46:00 PM,CONNECTICUT AVE,NA,SAME DIRECTION SIDESWIPE,Clear,DRY,Daylight,NO CONTROLS,NONE DETECTED,No,No Apparent Injury,N/A,NOT DISTRACTED,MD,PASSENGER CAR,ACCELERATING,35,No,2014,HYUNDAI,SONATA,39.005495,-77.078147,2022,8,13
220036911,Property Damage Crash,08/26/2022 01:46:00 PM,CONNECTICUT AVE,NA,SAME DIRECTION SIDESWIPE,Clear,DRY,Daylight,NO CONTROLS,NONE DETECTED,Yes,No Apparent Injury,N/A,UNKNOWN,NA,(SPORT) UTILITY VEHICLE,CHANGING LANES,35,No,9999,HONDA,CRV,39.005495,-77.078147,2022,8,13
220036903,Injury Crash,08/26/2022 01:30:00 PM,CAPITAL BELTWAY,NA,OTHER,Clear,DRY,Daylight,NO CONTROLS,NONE DETECTED,Unknown,No Apparent Injury,N/A,NOT DISTRACTED,MD,PICKUP TRUCK,MOVING CONSTANT SPEED,55,No,2000,GMC,SIERRA,39.0211975,-77.00799167,2022,8,13
220036903,Injury Crash,08/26/2022 01:30:00 PM,CAPITAL BELTWAY,NA,OTHER,Clear,DRY,Daylight,NO CONTROLS,NONE DETECTED,Unknown,Possible Minor Injury,N/A,NOT DISTRACTED,MD,PASSENGER CAR,MOVING CONSTANT SPEED,55,No,2013,KIA,OPTIMA,39.0211975,-77.00799167,2022,8,13