Local Case Number,ACRS Report Type,Crash Date/Time,Road Name,Related Non-Motorist,Collision Type,Weather,Surface Condition,Light,Traffic Control,Driver Substance Abuse,Driver At Fault,Injury Severity,Circumstance,Driver Distracted By,Drivers License State,Vehicle Body Type,Vehicle Movement,Speed Limit,Driverless Vehicle,Vehicle Year,Vehicle Make,Vehicle Model,Latitude,Longitude,Year,Month,Hour
220035631,Injury Crash,08/26/2022 12:40:00 PM,LAYHILL RD,NA,SAME DIR REAR END,Clear,DRY,Daylight,NO CONTROLS,NONE DETECTED,Yes,No Apparent Injury,N/A,NOT DISTRACTED,MD,PASSENGER CAR,MOVING CONSTANT SPEED,45,No,2007,HONDA,CRV,39.11771695,-77.03618252,2022,8,12
220035631,Injury Crash,08/26/2022 12:40:00 PM,LAYHILL RD,NA,SAME DIR REAR END,Clear,DRY,Daylight,NO CONTROLS,NONE DETECTED,No,No Apparent Injury,N/A,NOT DISTRACTED,MD,PASSENGER CAR,MAKING LEFT TURN,40,No,2021,FORD,EXPLORER,39.11771695,-77.03618252,2022,8,12
220035631,Injury Crash,08/26/2022 12:40:00 PM,LAYHILL RD,NA,SAME DIR REAR END,Clear,DRY,Daylight,NO CONTROLS,NONE DETECTED,No,Possible Minor Injury,N/A,NOT DISTRACTED,MD,PASSENGER CAR,STOPPED IN TRAFFIC LANE,40,No,2014,HYUNDAI,SANTA FE,39.11771695,-77.03618252,2022,8,12
220036888,Property Damage Crash,08/26/2022 11:10:00 AM,CARROLL AVE,NA,SAME DIRECTION SIDESWIPE,Clear,DRY,Daylight,NO CONTROLS,NONE DETECTED,Yes,No Apparent Injury,N/A,UNKNOWN,NA,OTHER,ACCELERATING,25,No,0,UNKNOWN,UNKNOWN,38.9855543,-76.9977334,2022,8,11
220035440,Property Damage Crash,08/26/2022 05:56:00 AM,COLESVILLE RD,NA,SAME DIRECTION SIDESWIPE,Clear,DRY,Medium,NO CONTROLS,NONE DETECTED,No,No Apparent Injury,N/A,NOT DISTRACTED,MD,(SPORT) UTILITY VEHICLE,MOVING CONSTANT SPEED,35,No,2019,HONDA,CRV,39.0193543,-77.0137709,2022,8,5
220035440,Property Damage Crash,08/26/2022 05:56:00 AM,COLESVILLE RD,NA,SAME DIRECTION SIDESWIPE,Clear,DRY,Medium,NO CONTROLS,NONE DETECTED,Yes,No Apparent Injury,N/A,LOOKED BUT DID NOT SEE,MD,PICKUP TRUCK,CHANGING LANES,35,No,2014,CHEVROLET,SILVERADO,39.0193543,-77.0137709,2022,8,5
220037579,Property Damage Crash,08/25/2022 09:20:00 PM,NA,NA,SAME DIR REAR END,Clear,NA,Medium,NO CONTROLS,NONE DETECTED,Yes,No Apparent Injury,N/A,UNKNOWN,NA,PASSENGER CAR,BACKING,5,No,2018,FORD,F150,38.9978,-77.1104,2022,8,21
220036805,Injury Crash,08/25/2022 07:18:00 PM,UNIVERSITY BLVD W,NA,SAME DIR REAR END,Clear,DRY,Daylight,OTHER,NONE DETECTED,No,Possible Minor Injury,N/A,NOT DISTRACTED,MD,PASSENGER CAR,STOPPED IN TRAFFIC LANE,35,No,2011,MAZDA,CX-7,39.03366983,-77.00328117,2022,8,19
220036805,Injury Crash,08/25/2022 07:18:00 PM,UNIVERSITY BLVD W,NA,SAME DIR REAR END,Clear,DRY,Daylight,OTHER,NONE DETECTED,Yes,No Apparent Injury,N/A,UNKNOWN,MD,PICKUP TRUCK,MOVING CONSTANT SPEED,35,No,2022,CHEVY,SILVERADO,39.03366983,-77.00328117,2022,8,19
220036803,Property Damage Crash,08/25/2022 06:43:00 PM,CLARKSBURG RD,NA,SINGLE VEHICLE,Clear,DRY,Medium,NO CONTROLS,NONE DETECTED,Yes,No Apparent Injury,N/A,INATTENTIVE OR LOST IN THOUGHT,MD,PASSENGER CAR,LEAVING TRAFFIC LANE,35,No,2009,HONDA,ACCORD,39.183915,-77.26386167,2022,8,18
220036801,Property Damage Crash,08/25/2022 06:32:00 PM,FERNWOOD RD,NA,STRAIGHT MOVEMENT ANGLE,Clear,DRY,Daylight,NO CONTROLS,NONE DETECTED,No,No Apparent Injury,N/A,NOT DISTRACTED,SC,(SPORT) UTILITY VEHICLE,MOVING CONSTANT SPEED,30,No,2014,CHEVROLET,TRAVERSE,39.019506,-77.134556,2022,8,18
220036801,Property Damage Crash,08/25/2022 06:32:00 PM,FERNWOOD RD,NA,STRAIGHT MOVEMENT ANGLE,Clear,DRY,Daylight,NO CONTROLS,NONE DETECTED,Yes,No Apparent Injury,N/A,LOOKED BUT DID NOT SEE,MD,PASSENGER CAR,ACCELERATING,25,No,2008,VOLKSWAGON,JETTA,39.019506,-77.134556,2022,8,18
220036791,Property Damage Crash,08/25/2022 05:59:00 PM,NEW HAMPSHIRE AVE,NA,SAME DIRECTION RIGHT TURN,Clear,DRY,Daylight,TRAFFIC SIGNAL,NONE DETECTED,No,No Apparent Injury,N/A,NOT DISTRACTED,MD,PASSENGER CAR,MOVING CONSTANT SPEED,45,No,2022,SUBA,OUTBACK,39.05946333,-77.04522167,2022,8,17
220036791,Property Damage Crash,08/25/2022 05:59:00 PM,NEW HAMPSHIRE AVE,NA,SAME DIRECTION RIGHT TURN,Clear,DRY,Daylight,TRAFFIC SIGNAL,NONE DETECTED,Yes,No Apparent Injury,N/A,UNKNOWN,NA,PASSENGER CAR,MOVING CONSTANT SPEED,45,No,2013,LEXU,4D,39.05946333,-77.04522167,2022,8,17
220036797,Property Damage Crash,08/25/2022 05:49:00 PM,NA,NA,ANGLE MEETS RIGHT TURN,Clear,NA,Daylight,NO CONTROLS,ALCOHOL PRESENT,Yes,No Apparent Injury,N/A,NOT DISTRACTED,MD,PASSENGER CAR,MOVING CONSTANT SPEED,15,No,2007,CADI,4S,39.227,-77.252,2022,8,17
220036790,Injury Crash,08/25/2022 05:33:00 PM,SNOUFFERS SCHOOL RD,NA,STRAIGHT MOVEMENT ANGLE,Clear,DRY,Daylight,NO CONTROLS,NONE DETECTED,Unknown,No Apparent Injury,N/A,LOOKED BUT DID NOT SEE,MD,PASSENGER CAR,ACCELERATING,40,No,2005,HONDA,VN,39.16763602,-77.1741393,2022,8,17
220036790,Injury Crash,08/25/2022 05:33:00 PM,SNOUFFERS SCHOOL RD,NA,STRAIGHT MOVEMENT ANGLE,Clear,DRY,Daylight,NO CONTROLS,NONE DETECTED,Unknown,No Apparent Injury,N/A,UNKNOWN,MD,PASSENGER CAR,ACCELERATING,40,No,2014,TOYOTA,SU,39.16763602,-77.1741393,2022,8,17
220036794,Injury Crash,08/25/2022 05:30:00 PM,VEIRS MILL RD,NA,SAME DIR REAR END,Clear,DRY,Daylight,TRAFFIC SIGNAL,NONE DETECTED,Yes,No Apparent Injury,N/A,LOOKED BUT DID NOT SEE,MD,PASSENGER CAR,SLOWING OR STOPPING,25,No,1999,TOYOTA,4S,39.060081,-77.089781,2022,8,17
220036794,Injury Crash,08/25/2022 05:30:00 PM,VEIRS MILL RD,NA,SAME DIR REAR END,Clear,DRY,Daylight,TRAFFIC SIGNAL,NONE DETECTED,No,No Apparent Injury,N/A,NOT DISTRACTED,MD,PASSENGER CAR,STOPPED IN TRAFFIC LANE,25,No,2018,TOYT,4S,39.060081,-77.089781,2022,8,17
220036774,Property Damage Crash,08/25/2022 04:09:00 PM,NA,NA,OPPOSITE DIRECTION SIDESWIPE,Clear,NA,Daylight,NO CONTROLS,NONE DETECTED,Yes,No Apparent Injury,N/A,LOOKED BUT DID NOT SEE,MD,(SPORT) UTILITY VEHICLE,MAKING LEFT TURN,0,No,2022,CHEV,EQUINOX,39.058747,-77.122368,2022,8,16
220036774,Property Damage Crash,08/25/2022 04:09:00 PM,NA,NA,OPPOSITE DIRECTION SIDESWIPE,Clear,NA,Daylight,NO CONTROLS,NONE DETECTED,No,No Apparent Injury,N/A,NOT DISTRACTED,MD,(SPORT) UTILITY VEHICLE,SLOWING OR STOPPING,0,No,2011,AUDI,Q7,39.058747,-77.122368,2022,8,16
220036787,Fatal Crash,08/25/2022 04:05:00 PM,RIVER RD,BICYCLIST,SAME DIRECTION RIGHT TURN,Clear,DRY,Daylight,N/A,NONE DETECTED,Yes,No Apparent Injury,N/A,UNKNOWN,MD,"MEDIUM/HEAVY TRUCKS 3 AXLES (OVER 10,000LBS (4,536KG))",MAKING RIGHT TURN,35,No,2014,VOLVO,D13 TK,38.965561,-77.104774,2022,8,16
220036767,Injury Crash,08/25/2022 03:45:00 PM,MONTGOMERY VILLAGE AVE,NA,SAME DIR REAR END,Clear,DRY,Daylight,TRAFFIC SIGNAL,NONE DETECTED,No,Possible Minor Injury,N/A,NOT DISTRACTED,MD,PASSENGER CAR,SLOWING OR STOPPING,35,No,2005,HONDA,CIVIC,39.1705816,-77.1968503,2022,8,15
220036767,Injury Crash,08/25/2022 03:45:00 PM,MONTGOMERY VILLAGE AVE,NA,SAME DIR REAR END,Clear,DRY,Daylight,TRAFFIC SIGNAL,NONE DETECTED,Yes,No Apparent Injury,N/A,UNKNOWN,NA,PASSENGER CAR,SLOWING OR STOPPING,35,No,2004,NISSAN,SENTRA,39.1705816,-77.1968503,2022,8,15
220036753,Property Damage Crash,08/25/2022 02:30:00 PM,OLNEY SANDY SPRING RD,NA,OPPOSITE DIRECTION SIDESWIPE,Clear,DRY,Daylight,TRAFFIC SIGNAL,NONE DETECTED,Yes,No Apparent Injury,N/A,NOT DISTRACTED,MD,PASSENGER CAR,MAKING LEFT TURN,25,No,2008,CRIMSON,FIRE,39.149713,-77.0267582,2022,8,14
220036753,Property Damage Crash,08/25/2022 02:30:00 PM,OLNEY SANDY SPRING RD,NA,OPPOSITE DIRECTION SIDESWIPE,Clear,DRY,Daylight,TRAFFIC SIGNAL,NONE DETECTED,No,No Apparent Injury,N/A,NOT DISTRACTED,MD,PASSENGER CAR,STOPPED IN TRAFFIC LANE,25,No,2019,HONDA,UT,39.149713,-77.0267582,2022,8,14
220036536,Property Damage Crash,08/25/2022 10:01:00 AM,COLESVILLE RD,NA,OTHER,Clear,DRY,Daylight,NO CONTROLS,NONE DETECTED,No,No Apparent Injury,N/A,NOT DISTRACTED,MD,TRANSIT BUS,STOPPED IN TRAFFIC LANE,40,No,2019,NOVA,BUS,39.02181,-77.01204,2022,8,10
220036536,Property Damage Crash,08/25/2022 10:01:00 AM,COLESVILLE RD,NA,OTHER,Clear,DRY,Daylight,NO CONTROLS,NONE DETECTED,Yes,No Apparent Injury,N/A,NOT DISTRACTED,VA,PICKUP TRUCK,PASSING,40,No,2021,TOYOTA,TUNDRA,39.02181,-77.01204,2022,8,10
220036782,Property Damage Crash,08/25/2022 10:00:00 AM,NA,NA,OTHER,Clear,NA,Daylight,NO CONTROLS,NONE DETECTED,Yes,No Apparent Injury,N/A,NOT DISTRACTED,MD,PASSENGER CAR,PARKING,10,No,1993,NISSAN,2S,39.0831456,-77.08061014,2022,8,10
220036715,Injury Crash,08/25/2022 09:13:00 AM,PINEY BRANCH RD,NA,STRAIGHT MOVEMENT ANGLE,Clear,DRY,Daylight,NO CONTROLS,NONE DETECTED,Yes,No Apparent Injury,N/A,LOOKED BUT DID NOT SEE,MD,PASSENGER CAR,MAKING LEFT TURN,35,No,2005,NISSAN,ALTIMA,38.9987678,-76.9987777,2022,8,9
220036715,Injury Crash,08/25/2022 09:13:00 AM,PINEY BRANCH RD,NA,STRAIGHT MOVEMENT ANGLE,Clear,DRY,Daylight,NO CONTROLS,NONE DETECTED,No,Possible Minor Injury,N/A,NOT DISTRACTED,MD,MOTORCYCLE,MOVING CONSTANT SPEED,35,No,2017,HONDA,CBR500R,38.9987678,-76.9987777,2022,8,9
220036716,Property Damage Crash,08/25/2022 09:09:00 AM,MIDCOUNTY HWY,NA,HEAD ON LEFT TURN,Clear,DRY,Daylight,TRAFFIC SIGNAL,NONE DETECTED,Unknown,No Apparent Injury,N/A,LOOKED BUT DID NOT SEE,MD,PASSENGER CAR,MOVING CONSTANT SPEED,40,No,2012,VOLKSWAGON,HB,39.12412391,-77.17994169,2022,8,9
220036716,Property Damage Crash,08/25/2022 09:09:00 AM,MIDCOUNTY HWY,NA,HEAD ON LEFT TURN,Clear,DRY,Daylight,TRAFFIC SIGNAL,NONE DETECTED,Yes,No Apparent Injury,N/A,LOOKED BUT DID NOT SEE,MD,PICKUP TRUCK,MAKING LEFT TURN,40,No,2018,CHEVROLET,SILVERADO,39.12412391,-77.17994169,2022,8,9
220036708,Property Damage Crash,08/25/2022 08:30:00 AM,RIVER RD,NA,SAME DIRECTION RIGHT TURN,Clear,DRY,Daylight,NO CONTROLS,NONE DETECTED,Yes,No Apparent Injury,N/A,UNKNOWN,NA,PASSENGER CAR,CHANGING LANES,35,No,2021,GMC,SIERRA,38.98042,-77.133347,2022,8,8
220036708,Property Damage Crash,08/25/2022 08:30:00 AM,RIVER RD,NA,SAME DIRECTION RIGHT TURN,Clear,DRY,Daylight,NO CONTROLS,NONE DETECTED,No,No Apparent Injury,N/A,NOT DISTRACTED,MD,PASSENGER CAR,MOVING CONSTANT SPEED,35,No,2014,HONDA,ACCORD,38.98042,-77.133347,2022,8,8
220036706,Property Damage Crash,08/25/2022 07:19:00 AM,BRADMOOR DR,NA,ANGLE MEETS LEFT TURN,Clear,DRY,Daylight,STOP SIGN,NONE DETECTED,No,No Apparent Injury,N/A,NOT DISTRACTED,MD,TRANSIT BUS,STARTING FROM LANE,25,No,2009,GILLIG,BUS,38.996333,-77.119069,2022,8,7
220036706,Property Damage Crash,08/25/2022 07:19:00 AM,BRADMOOR DR,NA,ANGLE MEETS LEFT TURN,Clear,DRY,Daylight,STOP SIGN,NONE DETECTED,Yes,No Apparent Injury,N/A,UNKNOWN,MD,PASSENGER CAR,MAKING LEFT TURN,25,No,2020,TESLA,MODEL 3,38.996333,-77.119069,2022,8,7
22003669,Injury Crash,08/25/2022 06:26:00 AM,UNIVERSITY BLVD W,NA,SAME DIR REAR END,Clear,DRY,Medium,NO CONTROLS,NONE DETECTED,No,Possible Minor Injury,N/A,NOT DISTRACTED,MD,PASSENGER CAR,MOVING CONSTANT SPEED,40,No,2008,CHEVROLET,TRUCK,39.02289,-77.0167,2022,8,6
22003669,Injury Crash,08/25/2022 06:26:00 AM,UNIVERSITY BLVD W,NA,SAME DIR REAR END,Clear,DRY,Medium,NO CONTROLS,NONE DETECTED,Yes,No Apparent Injury,N/A,NOT DISTRACTED,MD,PASSENGER CAR,MAKING RIGHT TURN,40,No,2019,INFINITI,QX50,39.02289,-77.0167,2022,8,6
220036696,Property Damage Crash,08/25/2022 06:00:00 AM,MIDCOUNTY HWY,NA,SAME DIR REAR END,Clear,DRY,Medium,TRAFFIC SIGNAL,NONE DETECTED,Yes,No Apparent Injury,N/A,NOT DISTRACTED,VA,PASSENGER CAR,MOVING CONSTANT SPEED,45,No,2008,VOLKSWAGON,2D SDN,39.140781,-77.151871,2022,8,6
220036696,Property Damage Crash,08/25/2022 06:00:00 AM,MIDCOUNTY HWY,NA,SAME DIR REAR END,Clear,DRY,Medium,TRAFFIC SIGNAL,NONE DETECTED,No,No Apparent Injury,N/A,NOT DISTRACTED,MD,PASSENGER CAR,SLOWING OR STOPPING,45,No,2011,CHEVROLET,TRUCK,39.140781,-77.151871,2022,8,6
220036695,Injury Crash,08/25/2022 05:06:00 AM,UNIVERSITY BLVD E,NA,SINGLE VEHICLE,Clear,N/A,Medium,N/A,NONE DETECTED,No,Possible Minor Injury,"N/A, NON-HIGHWAY WORK",NOT DISTRACTED,MD,TRANSIT BUS,MOVING CONSTANT SPEED,35,No,2013,NEW FLYER,TBU,38.996455,-76.993397,2022,8,5
220036507,Property Damage Crash,08/25/2022 04:45:00 AM,GREAT SENECA HWY,NA,SINGLE VEHICLE,Clear,DRY,Medium,NO CONTROLS,NONE DETECTED,Yes,No Apparent Injury,N/A,NOT DISTRACTED,MD,(SPORT) UTILITY VEHICLE,MOVING CONSTANT SPEED,50,No,2020,TOYOTA,UT,39.13316079,-77.24483913,2022,8,4
220036687,Property Damage Crash,08/25/2022 02:00:00 AM,RIDGE RD,NA,SINGLE VEHICLE,Clear,DRY,Medium,TRAFFIC SIGNAL,NONE DETECTED,Yes,No Apparent Injury,N/A,NOT DISTRACTED,MD,PASSENGER CAR,SLOWING OR STOPPING,45,No,2011,ROUGE,SPORT,39.22215284,-77.24679453,2022,8,2
220036676,Injury Crash,08/24/2022 10:22:00 PM,GEORGIA AVE,NA,SAME DIR REAR END,Clear,DRY,Medium,NO CONTROLS,DRUG AND ALCOHOL CONTRIBUTED,Yes,Possible Minor Injury,N/A,NOT DISTRACTED,XX,PASSENGER CAR,STOPPED IN TRAFFIC LANE,35,No,2019,CHEVY,EQUINOX,39.06538375,-77.04459409,2022,8,22
220036676,Injury Crash,08/24/2022 10:22:00 PM,GEORGIA AVE,NA,SAME DIR REAR END,Clear,DRY,Medium,NO CONTROLS,NONE DETECTED,No,No Apparent Injury,N/A,NOT DISTRACTED,MD,POLICE VEHICLE/EMERGENCY,MOVING CONSTANT SPEED,35,No,2017,FORD,TAURUS,39.06538375,-77.04459409,2022,8,22
220036676,Injury Crash,08/24/2022 10:22:00 PM,GEORGIA AVE,NA,SAME DIR REAR END,Clear,DRY,Medium,NO CONTROLS,NONE DETECTED,No,No Apparent Injury,N/A,NOT DISTRACTED,WV,POLICE VEHICLE/EMERGENCY,MOVING CONSTANT SPEED,35,No,2016,FORD,TAURUS,39.06538375,-77.04459409,2022,8,22
220036642,Injury Crash,08/24/2022 06:25:00 PM,CENTERWAY RD,NA,OTHER,Clear,DRY,Daylight,NO CONTROLS,ALCOHOL PRESENT,Yes,Possible Minor Injury,N/A,NOT DISTRACTED,MD,PASSENGER CAR,MOVING CONSTANT SPEED,35,No,2017,HONDA,CIVIC,39.12598874,-77.17009428,2022,8,18
220036641,Injury Crash,08/24/2022 06:19:00 PM,E GUDE DR,BICYCLIST,OTHER,Clear,DRY,Medium,TRAFFIC SIGNAL,NONE DETECTED,Yes,No Apparent Injury,N/A,LOOKED BUT DID NOT SEE,AL,PASSENGER CAR,RIGHT TURN ON RED,35,No,2018,KIA,SOUL,39.0979889,-77.1364997,2022,8,18
220036638,Property Damage Crash,08/24/2022 06:15:00 PM,VEIRS MILL RD,NA,SAME DIR REAR END,Clear,DRY,Daylight,NO CONTROLS,NONE DETECTED,No,No Apparent Injury,N/A,NOT DISTRACTED,MD,PICKUP TRUCK,SLOWING OR STOPPING,30,No,2022,CHEVROLET,TK,39.06593383,-77.11830167,2022,8,18
220036638,Property Damage Crash,08/24/2022 06:15:00 PM,VEIRS MILL RD,NA,SAME DIR REAR END,Clear,DRY,Daylight,NO CONTROLS,NONE DETECTED,Yes,No Apparent Injury,N/A,LOOKED BUT DID NOT SEE,MD,PASSENGER CAR,SLOWING OR STOPPING,30,No,2017,NISSAN,ALTIMA,39.06593383,-77.11830167,2022,8,18
220036635,Property Damage Crash,08/24/2022 05:42:00 PM,UNIVERSITY BLVD E,NA,SAME DIRECTION RIGHT TURN,Clear,DRY,Daylight,NO CONTROLS,NONE DETECTED,No,No Apparent Injury,N/A,NOT DISTRACTED,MD,TRANSIT BUS,STARTING FROM LANE,35,No,2016,GILL,TRANSIT BUS,39.03366083,-77.00334617,2022,8,17
220036635,Property Damage Crash,08/24/2022 05:42:00 PM,UNIVERSITY BLVD E,NA,SAME DIRECTION RIGHT TURN,Clear,DRY,Daylight,NO CONTROLS,NONE DETECTED,Yes,No Apparent Injury,N/A,NOT DISTRACTED,MD,PASSENGER CAR,MAKING RIGHT TURN,35,No,2015,TOYOTA,VENZA,39.03366083,-77.00334617,2022,8,17
220036655,Injury Crash,08/24/2022 05:35:00 PM,FREDERICK RD,PEDESTRIAN,OTHER,Clear,DRY,Daylight,TRAFFIC SIGNAL,NONE DETECTED,Yes,No Apparent Injury,N/A,UNKNOWN,NA,NA,STARTING FROM LANE,40,No,0,UNKNOWN,UNKNOWN,39.18405333,-77.263825,2022,8,17
220036622,Injury Crash,08/24/2022 04:36:00 PM,NA,NA,STRAIGHT MOVEMENT ANGLE,Clear,NA,Daylight,NO CONTROLS,NONE DETECTED,Yes,Possible Minor Injury,N/A,NOT DISTRACTED,MD,PASSENGER CAR,MOVING CONSTANT SPEED,5,No,2006,HONDA,CIVIC,39.06593383,-77.11830167,2022,8,16
220036624,Injury Crash,08/24/2022 04:33:00 PM,GLEN RD,NA,SINGLE VEHICLE,Clear,DRY,Daylight,NO CONTROLS,NONE DETECTED,Yes,No Apparent Injury,"N/A, PHYSICAL OBSTRUCTION(S)",OTHER DISTRACTION,MD,STATION WAGON,LEAVING TRAFFIC LANE,30,No,2017,LEXUS,NX200T,39.07188,-77.27142,2022,8,16
220036628,Injury Crash,08/24/2022 04:30:00 PM,WISCONSIN AVE,NA,SAME DIR REND RIGHT TURN,Clear,DRY,Daylight,NO CONTROLS,NONE DETECTED,No,Possible Minor Injury,N/A,NOT DISTRACTED,MD,PASSENGER CAR,MAKING RIGHT TURN,25,No,2019,ACURA,TLX,38.98640773,-77.08488444,2022,8,16
220036628,Injury Crash,08/24/2022 04:30:00 PM,WISCONSIN AVE,NA,SAME DIR REND RIGHT TURN,Clear,DRY,Daylight,NO CONTROLS,NONE DETECTED,Yes,No Apparent Injury,N/A,LOOKED BUT DID NOT SEE,MD,PASSENGER CAR,MOVING CONSTANT SPEED,25,No,2017,AUDI,Q5,38.98640773,-77.08488444,2022,8,16
220036600,Injury Crash,08/24/2022 04:00:00 PM,ZION RD,NA,SINGLE VEHICLE,Clear,DRY,Daylight,NO CONTROLS,NONE DETECTED,Yes,Possible Minor Injury,N/A,OTHER DISTRACTION,MD,VAN,MOVING CONSTANT SPEED,30,No,2000,FORD,E-150,39.213848,-77.090361,2022,8,16
220036611,Injury Crash,08/24/2022 03:52:00 PM,CONNECTICUT AVE,NA,SAME DIR REAR END,Clear,DRY,Daylight,NO CONTROLS,NONE DETECTED,No,No Apparent Injury,N/A,NOT DISTRACTED,MD,PASSENGER CAR,SLOWING OR STOPPING,35,No,2021,TOYOTA,RAV4,39.002,-77.077,2022,8,15
220036611,Injury Crash,08/24/2022 03:52:00 PM,CONNECTICUT AVE,NA,SAME DIR REAR END,Clear,DRY,Daylight,NO CONTROLS,NONE DETECTED,Yes,No Apparent Injury,N/A,UNKNOWN,MD,PASSENGER CAR,SLOWING OR STOPPING,35,No,2019,SUBARU,ASCENT,39.002,-77.077,2022,8,15
220036602,Injury Crash,08/24/2022 03:32:00 PM,COLESVILLE RD,NA,HEAD ON LEFT TURN,Clear,DRY,Daylight,TRAFFIC SIGNAL,NONE DETECTED,Yes,No Apparent Injury,N/A,NOT DISTRACTED,DC,PASSENGER CAR,MAKING LEFT TURN,35,No,1994,MERCEDES,SD,38.99839833,-77.02641667,2022,8,15
220036602,Injury Crash,08/24/2022 03:32:00 PM,COLESVILLE RD,NA,HEAD ON LEFT TURN,Clear,DRY,Daylight,TRAFFIC SIGNAL,NONE DETECTED,No,Possible Minor Injury,N/A,NOT DISTRACTED,XX,PASSENGER CAR,MOVING CONSTANT SPEED,35,No,2020,FORD,VN,38.99839833,-77.02641667,2022,8,15
220036604,Property Damage Crash,08/24/2022 03:18:00 PM,NA,NA,OTHER,Clear,NA,Daylight,N/A,NONE DETECTED,Yes,No Apparent Injury,N/A,UNKNOWN,NA,PASSENGER CAR,BACKING,5,No,2014,KIA,SOUL,39.01533,-76.97791,2022,8,15
220036598,Injury Crash,08/24/2022 03:05:00 PM,NORBECK RD,NA,HEAD ON LEFT TURN,Clear,DRY,Daylight,NO CONTROLS,NONE DETECTED,No,Possible Minor Injury,N/A,NOT DISTRACTED,MD,(SPORT) UTILITY VEHICLE,ACCELERATING,40,No,2017,LEXUS,RX230,39.118987,-77.021344,2022,8,15
220036598,Injury Crash,08/24/2022 03:05:00 PM,NORBECK RD,NA,HEAD ON LEFT TURN,Clear,DRY,Daylight,NO CONTROLS,NONE DETECTED,Yes,No Apparent Injury,N/A,LOOKED BUT DID NOT SEE,XX,PASSENGER CAR,ACCELERATING,40,No,2021,TOYOTA,HYLANDER,39.118987,-77.021344,2022,8,15
220036579,Property Damage Crash,08/24/2022 01:13:00 PM,SECOND AVE,NA,SAME DIRECTION SIDESWIPE,Clear,DRY,Daylight,NO CONTROLS,NONE DETECTED,Yes,No Apparent Injury,N/A,NOT DISTRACTED,DC,TRANSIT BUS,SLOWING OR STOPPING,25,No,2012,GILLIG,BUS,38.99766306,-77.03424262,2022,8,13
220036575,Injury Crash,08/24/2022 12:20:00 PM,GEORGIA AVE,NA,SAME DIR REAR END,Clear,DRY,Daylight,TRAFFIC SIGNAL,NONE DETECTED,No,Possible Minor Injury,N/A,NOT DISTRACTED,MD,PASSENGER CAR,MOVING CONSTANT SPEED,35,No,2021,TOYOTA,COROLLA,38.99149167,-77.03260667,2022,8,12
220036575,Injury Crash,08/24/2022 12:20:00 PM,GEORGIA AVE,NA,SAME DIR REAR END,Clear,DRY,Daylight,TRAFFIC SIGNAL,NONE DETECTED,Yes,No Apparent Injury,N/A,NOT DISTRACTED,VA,PASSENGER CAR,SLOWING OR STOPPING,35,No,2016,HONDA,ACCORD,38.99149167,-77.03260667,2022,8,12
220036571,Property Damage Crash,08/24/2022 12:19:00 PM,ROBEY RD,NA,STRAIGHT MOVEMENT ANGLE,Clear,DRY,Daylight,NO CONTROLS,NONE DETECTED,No,No Apparent Injury,N/A,NOT DISTRACTED,MD,PASSENGER CAR,MOVING CONSTANT SPEED,40,No,2019,MERCEDES,E 300,39.079632,-76.945307,2022,8,12
220036571,Property Damage Crash,08/24/2022 12:19:00 PM,ROBEY RD,NA,STRAIGHT MOVEMENT ANGLE,Clear,DRY,Daylight,NO CONTROLS,NONE DETECTED,Yes,No Apparent Injury,N/A,LOOKED BUT DID NOT SEE,MD,PASSENGER CAR,MAKING LEFT TURN,40,No,2017,LEXUS,RX350,39.079632,-76.945307,2022,8,12
220036570,Property Damage Crash,08/24/2022 11:50:00 AM,NA,NA,OPPOSITE DIRECTION SIDESWIPE,Cloudy,NA,Daylight,NO CONTROLS,NONE DETECTED,Yes,No Apparent Injury,N/A,NOT DISTRACTED,MD,PASSENGER CAR,PARKING,5,No,2014,TOYOTA,TUNDRA,39.1534772,-77.0657615,2022,8,11
220036570,Property Damage Crash,08/24/2022 11:50:00 AM,NA,NA,OPPOSITE DIRECTION SIDESWIPE,Cloudy,NA,Daylight,NO CONTROLS,NONE DETECTED,No,No Apparent Injury,N/A,NOT DISTRACTED,MD,PASSENGER CAR,STOPPED IN TRAFFIC LANE,5,No,2014,FORD,SUV,39.1534772,-77.0657615,2022,8,11
220036563,Property Damage Crash,08/24/2022 11:45:00 AM,ROCKVILLE PIKE,NA,HEAD ON,Clear,DRY,Daylight,NO CONTROLS,NONE DETECTED,Yes,No Apparent Injury,N/A,UNKNOWN,MD,PASSENGER CAR,MAKING RIGHT TURN,5,No,2004,HONDA,PILOT,39.07676629,-77.11714305,2022,8,11
220036563,Property Damage Crash,08/24/2022 11:45:00 AM,ROCKVILLE PIKE,NA,HEAD ON,Clear,DRY,Daylight,NO CONTROLS,NONE DETECTED,No,No Apparent Injury,N/A,NOT DISTRACTED,MD,PASSENGER CAR,MAKING RIGHT TURN,5,No,2015,TOYOTA,CAMRY,39.07676629,-77.11714305,2022,8,11
220036543,Injury Crash,08/24/2022 10:59:00 AM,NEW HAMPSHIRE AVE,PEDESTRIAN,SINGLE VEHICLE,Clear,DRY,Daylight,TRAFFIC SIGNAL,NONE DETECTED,No,No Apparent Injury,N/A,INATTENTIVE OR LOST IN THOUGHT,MD,PASSENGER CAR,MOVING CONSTANT SPEED,50,No,2015,LEXUS,UT,39.05603763,-76.95429638,2022,8,10
220036584,Property Damage Crash,08/24/2022 10:50:00 AM,NA,NA,OTHER,Clear,NA,Daylight,NO CONTROLS,NONE DETECTED,Yes,No Apparent Injury,N/A,UNKNOWN,MD,PASSENGER CAR,PARKING,10,No,1996,HONDA,CIVIC,39.05800833,-77.048745,2022,8,10
220036584,Property Damage Crash,08/24/2022 10:50:00 AM,NA,NA,OTHER,Clear,NA,Daylight,NO CONTROLS,NONE DETECTED,No,No Apparent Injury,N/A,NOT DISTRACTED,DC,PASSENGER CAR,PARKED,10,No,2006,TOYOTA,VAN,39.05800833,-77.048745,2022,8,10
220036533,Property Damage Crash,08/24/2022 09:41:00 AM,FREDERICK RD,NA,HEAD ON LEFT TURN,Clear,DRY,Daylight,TRAFFIC SIGNAL,NONE DETECTED,Yes,No Apparent Injury,N/A,UNKNOWN,NA,NA,MAKING LEFT TURN,40,No,0,UNKNOWN,UNKNOWN,39.1595115,-77.2086215,2022,8,9
220036533,Property Damage Crash,08/24/2022 09:41:00 AM,FREDERICK RD,NA,HEAD ON LEFT TURN,Clear,DRY,Daylight,TRAFFIC SIGNAL,NONE DETECTED,No,No Apparent Injury,N/A,NOT DISTRACTED,MD,VAN,MOVING CONSTANT SPEED,40,No,2017,FORD,CB,39.1595115,-77.2086215,2022,8,9
220036526,Injury Crash,08/24/2022 09:32:00 AM,REDLAND BLVD,NA,STRAIGHT MOVEMENT ANGLE,Clear,DRY,Daylight,NO CONTROLS,NONE DETECTED,No,No Apparent Injury,N/A,NOT DISTRACTED,MD,PASSENGER CAR,MOVING CONSTANT SPEED,35,No,2021,BMW,UT,39.1096522,-77.1780016,2022,8,9
220036526,Injury Crash,08/24/2022 09:32:00 AM,REDLAND BLVD,NA,STRAIGHT MOVEMENT ANGLE,Clear,DRY,Daylight,NO CONTROLS,NONE DETECTED,Yes,Possible Minor Injury,N/A,NOT DISTRACTED,MD,PASSENGER CAR,MOVING CONSTANT SPEED,35,No,2007,HOND,4S,39.1096522,-77.1780016,2022,8,9
220036528,Injury Crash,08/24/2022 09:20:00 AM,FREDERICK RD,NA,STRAIGHT MOVEMENT ANGLE,Clear,DRY,Daylight,TRAFFIC SIGNAL,NONE DETECTED,Yes,Possible Minor Injury,N/A,UNKNOWN,MD,PASSENGER CAR,MAKING LEFT TURN,40,No,2011,FORD,SEDAN,39.16648756,-77.14431442,2022,8,9