Local Case Number,ACRS Report Type,Crash Date/Time,Road Name,Related Non-Motorist,Collision Type,Weather,Surface Condition,Light,Traffic Control,Driver Substance Abuse,Driver At Fault,Injury Severity,Circumstance,Driver Distracted By,Drivers License State,Vehicle Body Type,Vehicle Movement,Speed Limit,Driverless Vehicle,Vehicle Year,Vehicle Make,Vehicle Model,Latitude,Longitude,Year,Month,Hour
220036528,Injury Crash,08/24/2022 09:20:00 AM,FREDERICK RD,NA,STRAIGHT MOVEMENT ANGLE,Clear,DRY,Daylight,TRAFFIC SIGNAL,NONE DETECTED,No,Possible Minor Injury,N/A,NOT DISTRACTED,MD,POLICE VEHICLE/NON EMERGENCY,MOVING CONSTANT SPEED,40,No,2017,FORD,SEDAN,39.16648756,-77.14431442,2022,8,9
220036529,Property Damage Crash,08/24/2022 09:10:00 AM,NA,NA,SAME DIRECTION RIGHT TURN,Clear,NA,Daylight,NO CONTROLS,NONE DETECTED,Yes,No Apparent Injury,N/A,UNKNOWN,MD,PICKUP TRUCK,MAKING RIGHT TURN,5,No,2021,RAM,1500,39.18257,-77.26147,2022,8,9
220036513,Property Damage Crash,08/24/2022 07:15:00 AM,NA,NA,SINGLE VEHICLE,Clear,NA,Daylight,NO CONTROLS,NONE DETECTED,Yes,No Apparent Injury,N/A,DISTRACTED BY OUTSIDE PERSON OBJECT OR EVENT,MD,(SPORT) UTILITY VEHICLE,BACKING,15,No,2017,FORD,EXPLORER,39.0241,-77.146,2022,8,7
220036510,Injury Crash,08/24/2022 06:00:00 AM,NA,PEDESTRIAN,OTHER,Clear,NA,Medium,NO CONTROLS,NONE DETECTED,Yes,No Apparent Injury,N/A,UNKNOWN,MD,PASSENGER CAR,BACKING,15,No,2014,NISS,4D,39.15703094,-77.20249509,2022,8,6
220036487,Property Damage Crash,08/23/2022 11:25:00 PM,WELLER RD,NA,SAME DIR REAR END,Clear,DRY,Medium,TRAFFIC SIGNAL,NONE DETECTED,Yes,No Apparent Injury,N/A,UNKNOWN,MD,PASSENGER CAR,SLOWING OR STOPPING,30,No,0,NISSAN,SENTRA,39.0632736,-77.0734148,2022,8,23
220036487,Property Damage Crash,08/23/2022 11:25:00 PM,WELLER RD,NA,SAME DIR REAR END,Clear,DRY,Medium,TRAFFIC SIGNAL,NONE DETECTED,No,No Apparent Injury,N/A,NOT DISTRACTED,MD,PASSENGER CAR,STOPPED IN TRAFFIC LANE,30,No,2010,CHRYSLER,SEBRING,39.0632736,-77.0734148,2022,8,23
220036485,Injury Crash,08/23/2022 09:45:00 PM,DARNESTOWN RD,NA,SINGLE VEHICLE,Clear,DRY,Medium,NO CONTROLS,NONE DETECTED,Yes,Possible Minor Injury,N/A,NOT DISTRACTED,MD,(SPORT) UTILITY VEHICLE,MOVING CONSTANT SPEED,40,No,2013,LEXUS,RX,39.113023,-77.270049,2022,8,21
220036477,Property Damage Crash,08/23/2022 09:05:00 PM,MASSACHUSETTS AVE,NA,HEAD ON LEFT TURN,Clear,DRY,Dark,STOP SIGN,NONE DETECTED,No,No Apparent Injury,N/A,NOT DISTRACTED,HI,PASSENGER CAR,MOVING CONSTANT SPEED,30,No,2020,JEEP,COMPASS,38.99802667,-77.10815667,2022,8,21
220036477,Property Damage Crash,08/23/2022 09:05:00 PM,MASSACHUSETTS AVE,NA,HEAD ON LEFT TURN,Clear,DRY,Dark,STOP SIGN,NONE DETECTED,Yes,No Apparent Injury,N/A,NOT DISTRACTED,MD,PASSENGER CAR,MAKING LEFT TURN,30,No,2006,HONDA,CRV,38.99802667,-77.10815667,2022,8,21
220036473,Property Damage Crash,08/23/2022 08:44:00 PM,MUNCASTER MILL RD,NA,HEAD ON,Clear,DRY,Medium,NO CONTROLS,NONE DETECTED,No,No Apparent Injury,N/A,NOT DISTRACTED,MD,PASSENGER CAR,MOVING CONSTANT SPEED,35,No,2016,JEEP,GR CHEROKE,39.15569942,-77.15589795,2022,8,20
220036473,Property Damage Crash,08/23/2022 08:44:00 PM,MUNCASTER MILL RD,NA,HEAD ON,Clear,DRY,Medium,NO CONTROLS,NONE DETECTED,No,No Apparent Injury,N/A,NOT DISTRACTED,MD,PASSENGER CAR,MOVING CONSTANT SPEED,35,No,2019,TESLA,4S,39.15569942,-77.15589795,2022,8,20
220036473,Property Damage Crash,08/23/2022 08:44:00 PM,MUNCASTER MILL RD,NA,HEAD ON,Clear,DRY,Medium,NO CONTROLS,NONE DETECTED,Yes,No Apparent Injury,N/A,OTHER ELECTRONIC DEVICE (NAVIGATIONAL PALM PILOT),MD,PASSENGER CAR,MOVING CONSTANT SPEED,35,No,2022,JEEP,WARNGLER,39.15569942,-77.15589795,2022,8,20
220036470,Property Damage Crash,08/23/2022 07:30:00 PM,FORTUNE TERR,NA,SAME DIR BOTH LEFT TURN,Clear,DRY,Daylight,TRAFFIC SIGNAL,NONE DETECTED,No,No Apparent Injury,N/A,NOT DISTRACTED,MD,(SPORT) UTILITY VEHICLE,MAKING LEFT TURN,25,No,2018,NISSAN,ROUGE,39.062334,-77.1592559,2022,8,19
220036470,Property Damage Crash,08/23/2022 07:30:00 PM,FORTUNE TERR,NA,SAME DIR BOTH LEFT TURN,Clear,DRY,Daylight,TRAFFIC SIGNAL,NONE DETECTED,Yes,No Apparent Injury,N/A,UNKNOWN,NA,PASSENGER CAR,MAKING LEFT TURN,25,No,1997,TOYOTA,SEDAN,39.062334,-77.1592559,2022,8,19
220036461,Property Damage Crash,08/23/2022 07:15:00 PM,UNIVERSITY BLVD W,NA,OTHER,Cloudy,DRY,Daylight,TRAFFIC SIGNAL,NONE DETECTED,No,No Apparent Injury,N/A,NOT DISTRACTED,MD,PASSENGER CAR,MAKING LEFT TURN,20,No,2003,CHEVY,EXPRESS,39.09565167,-77.07916167,2022,8,19
220036461,Property Damage Crash,08/23/2022 07:15:00 PM,UNIVERSITY BLVD W,NA,OTHER,Cloudy,DRY,Daylight,TRAFFIC SIGNAL,NONE DETECTED,Yes,No Apparent Injury,N/A,INATTENTIVE OR LOST IN THOUGHT,MD,PASSENGER CAR,MOVING CONSTANT SPEED,35,No,2005,TOYT,TK,39.09565167,-77.07916167,2022,8,19
220036450,Property Damage Crash,08/23/2022 06:20:00 PM,FREDERICK RD,NA,SAME DIR REAR END,Cloudy,DRY,Daylight,TRAFFIC SIGNAL,NONE DETECTED,Yes,No Apparent Injury,N/A,LOOKED BUT DID NOT SEE,MD,PASSENGER CAR,SLOWING OR STOPPING,40,No,2012,MAZDA,3,39.19891883,-77.24543145,2022,8,18
220036450,Property Damage Crash,08/23/2022 06:20:00 PM,FREDERICK RD,NA,SAME DIR REAR END,Cloudy,DRY,Daylight,TRAFFIC SIGNAL,NONE DETECTED,No,No Apparent Injury,N/A,NOT DISTRACTED,MD,(SPORT) UTILITY VEHICLE,SLOWING OR STOPPING,40,No,2005,JEEP,GRAND CHEROKEE,39.19891883,-77.24543145,2022,8,18
220036447,Injury Crash,08/23/2022 05:43:00 PM,FREDERICK RD,NA,STRAIGHT MOVEMENT ANGLE,Clear,DRY,Daylight,TRAFFIC SIGNAL,NONE DETECTED,Yes,No Apparent Injury,N/A,LOOKED BUT DID NOT SEE,MD,(SPORT) UTILITY VEHICLE,MAKING LEFT TURN,45,No,2016,BMW,TK,39.2004292,-77.2451467,2022,8,17
220036447,Injury Crash,08/23/2022 05:43:00 PM,FREDERICK RD,NA,STRAIGHT MOVEMENT ANGLE,Clear,DRY,Daylight,TRAFFIC SIGNAL,NONE DETECTED,No,Possible Minor Injury,N/A,NOT DISTRACTED,MD,POLICE VEHICLE/NON EMERGENCY,MOVING CONSTANT SPEED,45,No,2016,CHEV,TK,39.2004292,-77.2451467,2022,8,17
220036441,Property Damage Crash,08/23/2022 05:00:00 PM,PINEY BRANCH RD,NA,HEAD ON LEFT TURN,Clear,DRY,Daylight,NO CONTROLS,NONE DETECTED,Yes,No Apparent Injury,N/A,UNKNOWN,MD,PASSENGER CAR,MAKING LEFT TURN,35,No,2020,AUDI,UNK,39.03364,-77.00331067,2022,8,17
220036441,Property Damage Crash,08/23/2022 05:00:00 PM,PINEY BRANCH RD,NA,HEAD ON LEFT TURN,Clear,DRY,Daylight,NO CONTROLS,NONE DETECTED,No,No Apparent Injury,N/A,NOT DISTRACTED,MD,PASSENGER CAR,MOVING CONSTANT SPEED,35,No,2014,JEEP,WRANGLER,39.03364,-77.00331067,2022,8,17
220036438,Property Damage Crash,08/23/2022 04:47:00 PM,DEMOCRACY BLVD,NA,SAME DIR REAR END,Clear,DRY,Daylight,N/A,NONE DETECTED,Yes,No Apparent Injury,N/A,LOOKED BUT DID NOT SEE,MD,PASSENGER CAR,MOVING CONSTANT SPEED,35,No,2017,SUBARU,2D,39.02164847,-77.14297914,2022,8,16
220036438,Property Damage Crash,08/23/2022 04:47:00 PM,DEMOCRACY BLVD,NA,SAME DIR REAR END,Clear,DRY,Daylight,N/A,NONE DETECTED,No,No Apparent Injury,N/A,NOT DISTRACTED,MD,PASSENGER CAR,STOPPED IN TRAFFIC LANE,35,No,2013,FORD,FUSION,39.02164847,-77.14297914,2022,8,16
220036438,Property Damage Crash,08/23/2022 04:47:00 PM,DEMOCRACY BLVD,NA,SAME DIR REAR END,Clear,DRY,Daylight,N/A,NONE DETECTED,No,No Apparent Injury,N/A,LOOKED BUT DID NOT SEE,MD,(SPORT) UTILITY VEHICLE,N/A,35,No,2013,TOYOTA,SCION,39.02164847,-77.14297914,2022,8,16
220035682,Property Damage Crash,08/23/2022 04:42:00 PM,EAST WEST HWY,NA,OTHER,Clear,DRY,Daylight,N/A,NONE DETECTED,Yes,No Apparent Injury,N/A,LOOKED BUT DID NOT SEE,MD,PASSENGER CAR,ENTERING TRAFFIC LANE,30,No,2015,FORD,GT,38.99203667,-77.098015,2022,8,16
220035682,Property Damage Crash,08/23/2022 04:42:00 PM,EAST WEST HWY,NA,OTHER,Clear,DRY,Daylight,N/A,NONE DETECTED,No,No Apparent Injury,N/A,NOT DISTRACTED,MD,(SPORT) UTILITY VEHICLE,MOVING CONSTANT SPEED,30,No,2006,VOLVO,XC90,38.99203667,-77.098015,2022,8,16
220035510,Injury Crash,08/23/2022 03:26:00 PM,ROCKVILLE PIKE,NA,SAME DIRECTION SIDESWIPE,Clear,DRY,Daylight,N/A,NONE DETECTED,No,Possible Minor Injury,N/A,NOT DISTRACTED,MD,PICKUP TRUCK,STARTING FROM LANE,45,No,2008,FORD,F350,38.99104833,-77.09759833,2022,8,15
220035510,Injury Crash,08/23/2022 03:26:00 PM,ROCKVILLE PIKE,NA,SAME DIRECTION SIDESWIPE,Clear,DRY,Daylight,N/A,NONE DETECTED,Yes,No Apparent Injury,N/A,NOT DISTRACTED,MD,PASSENGER CAR,CHANGING LANES,45,No,2019,TOYOTA,CAMRY,38.99104833,-77.09759833,2022,8,15
220036415,Injury Crash,08/23/2022 03:15:00 PM,CONNECTICUT AVE,PEDESTRIAN,OTHER,Clear,DRY,Daylight,TRAFFIC SIGNAL,NONE DETECTED,Yes,No Apparent Injury,N/A,LOOKED BUT DID NOT SEE,MD,PASSENGER CAR,MAKING RIGHT TURN,35,No,2019,KIA,TK,39.0564664,-77.0736231,2022,8,15
220036385,Injury Crash,08/23/2022 12:57:00 PM,DAMASCUS BLVD,NA,STRAIGHT MOVEMENT ANGLE,Clear,DRY,Daylight,NO CONTROLS,NONE DETECTED,No,No Apparent Injury,N/A,NOT DISTRACTED,MD,PASSENGER CAR,PARKED,25,No,2016,HYUNDAI,SD,39.2876424,-77.2063173,2022,8,12
220036385,Injury Crash,08/23/2022 12:57:00 PM,DAMASCUS BLVD,NA,STRAIGHT MOVEMENT ANGLE,Clear,DRY,Daylight,NO CONTROLS,NONE DETECTED,Yes,No Apparent Injury,N/A,NOT DISTRACTED,MD,"MEDIUM/HEAVY TRUCKS 3 AXLES (OVER 10,000LBS (4,536KG))",ENTERING TRAFFIC LANE,25,No,2006,INTERNATIONAL,TK,39.2876424,-77.2063173,2022,8,12
220036378,Property Damage Crash,08/23/2022 11:52:00 AM,ROCKVILLE PIKE,NA,SAME DIRECTION SIDESWIPE,Clear,DRY,Daylight,TRAFFIC SIGNAL,NONE DETECTED,No,No Apparent Injury,N/A,NOT DISTRACTED,MD,PASSENGER CAR,MOVING CONSTANT SPEED,40,No,2013,CHEV,VAN,39.0860583,-77.1588096,2022,8,11
220036378,Property Damage Crash,08/23/2022 11:52:00 AM,ROCKVILLE PIKE,NA,SAME DIRECTION SIDESWIPE,Clear,DRY,Daylight,TRAFFIC SIGNAL,NONE DETECTED,Yes,No Apparent Injury,N/A,NOT DISTRACTED,MD,PASSENGER CAR,CHANGING LANES,40,No,2018,HOND,4S,39.0860583,-77.1588096,2022,8,11
220036371,Injury Crash,08/23/2022 11:15:00 AM,W JEFFERSON ST,NA,STRAIGHT MOVEMENT ANGLE,Clear,DRY,Daylight,STOP SIGN,NONE DETECTED,No,Possible Minor Injury,N/A,NOT DISTRACTED,MD,PASSENGER CAR,MOVING CONSTANT SPEED,35,No,2021,HONDA,CR-V,39.07764885,-77.07080351,2022,8,11
220036371,Injury Crash,08/23/2022 11:15:00 AM,W JEFFERSON ST,NA,STRAIGHT MOVEMENT ANGLE,Clear,DRY,Daylight,STOP SIGN,NONE DETECTED,Yes,No Apparent Injury,N/A,NOT DISTRACTED,MD,PASSENGER CAR,MAKING LEFT TURN,35,No,2007,TOYOTA,RAV4,39.07764885,-77.07080351,2022,8,11
220036367,Property Damage Crash,08/23/2022 10:36:00 AM,NA,NA,OTHER,Clear,NA,Daylight,NO CONTROLS,NONE DETECTED,Yes,No Apparent Injury,N/A,INATTENTIVE OR LOST IN THOUGHT,MD,PASSENGER CAR,MOVING CONSTANT SPEED,0,No,2015,SUBARU,LEGACY,39.1672,-77.26256,2022,8,10
220035953,Injury Crash,08/23/2022 10:07:00 AM,RIDGE RD,NA,SAME DIR REAR END,Clear,DRY,Daylight,TRAFFIC SIGNAL,NONE DETECTED,Yes,No Apparent Injury,N/A,NOT DISTRACTED,VA,PASSENGER CAR,STARTING FROM LANE,40,No,2016,MAZDA,6,39.20459,-77.246729,2022,8,10
220035953,Injury Crash,08/23/2022 10:07:00 AM,RIDGE RD,NA,SAME DIR REAR END,Clear,DRY,Daylight,TRAFFIC SIGNAL,NONE DETECTED,No,Possible Minor Injury,N/A,NOT DISTRACTED,MD,PASSENGER CAR,SLOWING OR STOPPING,40,No,2014,INFINITI,Q50,39.20459,-77.246729,2022,8,10
220036346,Injury Crash,08/23/2022 09:23:00 AM,RIVER RD,NA,HEAD ON LEFT TURN,Clear,DRY,Daylight,TRAFFIC SIGNAL,NONE DETECTED,Yes,No Apparent Injury,N/A,UNKNOWN,MD,PASSENGER CAR,MAKING LEFT TURN,35,No,2018,MAZDA,CX5,38.986238,-77.14336,2022,8,9
220036346,Injury Crash,08/23/2022 09:23:00 AM,RIVER RD,NA,HEAD ON LEFT TURN,Clear,DRY,Daylight,TRAFFIC SIGNAL,NONE DETECTED,No,Possible Minor Injury,N/A,NOT DISTRACTED,MD,PASSENGER CAR,MOVING CONSTANT SPEED,35,No,2021,NISSAN,KICKS,38.986238,-77.14336,2022,8,9
220036336,Injury Crash,08/23/2022 08:47:00 AM,GREAT SENECA HWY,BICYCLIST,SINGLE VEHICLE,Clear,DRY,Daylight,TRAFFIC SIGNAL,NONE DETECTED,Yes,No Apparent Injury,N/A,LOOKED BUT DID NOT SEE,MD,PASSENGER CAR,MAKING LEFT TURN,50,No,2008,HONDA,CIVIC,39.14615,-77.27454,2022,8,8
220036329,Property Damage Crash,08/23/2022 08:04:00 AM,CONNECTICUT AVE,NA,SAME DIR REAR END,Clear,DRY,Daylight,TRAFFIC SIGNAL,NONE DETECTED,No,No Apparent Injury,N/A,NOT DISTRACTED,MD,PASSENGER CAR,MOVING CONSTANT SPEED,35,No,2022,MERCEDES,SD,38.99612503,-77.07717995,2022,8,8
220036329,Property Damage Crash,08/23/2022 08:04:00 AM,CONNECTICUT AVE,NA,SAME DIR REAR END,Clear,DRY,Daylight,TRAFFIC SIGNAL,NONE DETECTED,Yes,No Apparent Injury,N/A,NOT DISTRACTED,MD,PASSENGER CAR,MOVING CONSTANT SPEED,35,No,2007,MITSUBISHI,OUTLANDER,38.99612503,-77.07717995,2022,8,8
220034830,Injury Crash,08/23/2022 07:50:00 AM,WOODFIELD RD,NA,STRAIGHT MOVEMENT ANGLE,Clear,DRY,Daylight,STOP SIGN,NONE DETECTED,No,Possible Minor Injury,N/A,NOT DISTRACTED,MD,(SPORT) UTILITY VEHICLE,MOVING CONSTANT SPEED,30,No,2016,GMC,ACADIA,39.248891,-77.192991,2022,8,7
220034830,Injury Crash,08/23/2022 07:50:00 AM,WOODFIELD RD,NA,STRAIGHT MOVEMENT ANGLE,Clear,DRY,Daylight,STOP SIGN,NONE DETECTED,Yes,No Apparent Injury,N/A,LOOKED BUT DID NOT SEE,MD,PASSENGER CAR,MAKING LEFT TURN,30,No,2015,HOND,CP,39.248891,-77.192991,2022,8,7
220035259,Property Damage Crash,08/23/2022 04:50:00 AM,NA,NA,SINGLE VEHICLE,Clear,NA,Medium,NO CONTROLS,NONE DETECTED,Yes,No Apparent Injury,N/A,NOT DISTRACTED,MD,PASSENGER CAR,MOVING CONSTANT SPEED,15,No,2011,FORD,ESCAPE,39.148481,-77.1921733,2022,8,4
220036308,Injury Crash,08/22/2022 09:20:00 PM,NA,NA,OTHER,Cloudy,NA,Medium,NO CONTROLS,NONE DETECTED,Yes,Possible Minor Injury,N/A,UNKNOWN,MD,(SPORT) UTILITY VEHICLE,ACCELERATING,5,No,2015,KIA,SORENTO,39.11206065,-77.17958761,2022,8,21
220036304,Property Damage Crash,08/22/2022 08:46:00 PM,ENGLAND TERR,NA,SAME DIR REAR END,Cloudy,WET,Medium,NO CONTROLS,ALCOHOL PRESENT,Yes,No Apparent Injury,"N/A, WET",OTHER DISTRACTION,XX,PASSENGER CAR,MOVING CONSTANT SPEED,25,No,2003,HONDA,ACCORD,39.0864976,-77.1455279,2022,8,20
220036285,Property Damage Crash,08/22/2022 06:08:00 PM,CONNECTICUT AVE,NA,SAME DIR REAR END,Cloudy,DRY,Daylight,STOP SIGN,NONE DETECTED,No,No Apparent Injury,N/A,NOT DISTRACTED,MD,PASSENGER CAR,SLOWING OR STOPPING,35,No,2022,HONDA,ODYSSEY,39.0268674,-77.07224184,2022,8,18
220036285,Property Damage Crash,08/22/2022 06:08:00 PM,CONNECTICUT AVE,NA,SAME DIR REAR END,Cloudy,DRY,Daylight,STOP SIGN,DRUG AND ALCOHOL CONTRIBUTED,Yes,No Apparent Injury,N/A,NOT DISTRACTED,MD,PASSENGER CAR,SLOWING OR STOPPING,35,No,2017,TOYOTA,PRIUS,39.0268674,-77.07224184,2022,8,18
220036284,Property Damage Crash,08/22/2022 05:53:00 PM,RANDOLPH RD,NA,SAME DIRECTION SIDESWIPE,Cloudy,WET,Medium,TRAFFIC SIGNAL,NONE DETECTED,Yes,No Apparent Injury,N/A,OTHER DISTRACTION,MD,TRANSIT BUS,ACCELERATING,25,No,2019,FORD,BUS,39.059157,-77.062001,2022,8,17
220036284,Property Damage Crash,08/22/2022 05:53:00 PM,RANDOLPH RD,NA,SAME DIRECTION SIDESWIPE,Cloudy,WET,Medium,TRAFFIC SIGNAL,NONE DETECTED,No,No Apparent Injury,N/A,NOT DISTRACTED,MD,PASSENGER CAR,MOVING CONSTANT SPEED,25,No,2011,FORD,TRUCK,39.059157,-77.062001,2022,8,17
22003622,Injury Crash,08/22/2022 05:32:00 PM,RIDGE RD,NA,STRAIGHT MOVEMENT ANGLE,Clear,DRY,Daylight,NO CONTROLS,NONE DETECTED,Yes,No Apparent Injury,N/A,UNKNOWN,MD,"MEDIUM/HEAVY TRUCKS 3 AXLES (OVER 10,000LBS (4,536KG))",MAKING LEFT TURN,40,No,2033,FREIGHTLINER,SV,39.24153,-77.23471,2022,8,17
22003622,Injury Crash,08/22/2022 05:32:00 PM,RIDGE RD,NA,STRAIGHT MOVEMENT ANGLE,Clear,DRY,Daylight,NO CONTROLS,NONE DETECTED,No,Possible Minor Injury,N/A,NOT DISTRACTED,MD,PASSENGER CAR,MOVING CONSTANT SPEED,40,No,2018,JEEP,4X4,39.24153,-77.23471,2022,8,17
220036110,Property Damage Crash,08/22/2022 04:38:00 PM,TIVOLI LAKE BLVD,NA,SINGLE VEHICLE,Rain,WET,Daylight,NO CONTROLS,NONE DETECTED,Yes,No Apparent Injury,"RAIN, SNOW, WET",UNKNOWN,MD,PASSENGER CAR,SLOWING OR STOPPING,25,No,2018,FORD,ESCAPE,39.14908333,-77.05565167,2022,8,16
220036270,Property Damage Crash,08/22/2022 04:33:00 PM,BRADLEY BLVD,NA,STRAIGHT MOVEMENT ANGLE,Cloudy,DRY,Daylight,NO CONTROLS,NONE DETECTED,No,No Apparent Injury,N/A,NOT DISTRACTED,MD,(SPORT) UTILITY VEHICLE,SLOWING OR STOPPING,35,No,2010,HONDA,PILOT,39.0124154,-77.156629,2022,8,16
220036270,Property Damage Crash,08/22/2022 04:33:00 PM,BRADLEY BLVD,NA,STRAIGHT MOVEMENT ANGLE,Cloudy,DRY,Daylight,NO CONTROLS,NONE DETECTED,Yes,No Apparent Injury,N/A,NOT DISTRACTED,MD,(SPORT) UTILITY VEHICLE,MAKING LEFT TURN,35,No,2020,NISSAN,ROGUE,39.0124154,-77.156629,2022,8,16
220036104,Property Damage Crash,08/22/2022 04:15:00 PM,MONTGOMERY LA,NA,SAME DIR BOTH LEFT TURN,Clear,DRY,Daylight,TRAFFIC SIGNAL,NONE DETECTED,No,No Apparent Injury,N/A,LOOKED BUT DID NOT SEE,MD,(SPORT) UTILITY VEHICLE,MAKING LEFT TURN,25,No,2014,ACURA,MDX,38.98366,-77.09389,2022,8,16
220036104,Property Damage Crash,08/22/2022 04:15:00 PM,MONTGOMERY LA,NA,SAME DIR BOTH LEFT TURN,Clear,DRY,Daylight,TRAFFIC SIGNAL,NONE DETECTED,Yes,No Apparent Injury,N/A,LOOKED BUT DID NOT SEE,VA,VAN,MAKING LEFT TURN,25,No,0,DODGE,PROMASTER,38.98366,-77.09389,2022,8,16
220036267,Property Damage Crash,08/22/2022 03:59:00 PM,MONTGOMERY VILLAGE AVE,NA,SAME DIRECTION RIGHT TURN,Clear,DRY,Daylight,TRAFFIC SIGNAL,NONE DETECTED,No,No Apparent Injury,N/A,NOT DISTRACTED,MD,PASSENGER CAR,MAKING LEFT TURN,35,No,2015,TOYOTA,COROLLA,39.1525223,-77.2121675,2022,8,15
220036267,Property Damage Crash,08/22/2022 03:59:00 PM,MONTGOMERY VILLAGE AVE,NA,SAME DIRECTION RIGHT TURN,Clear,DRY,Daylight,TRAFFIC SIGNAL,NONE DETECTED,Yes,No Apparent Injury,N/A,UNKNOWN,NA,PASSENGER CAR,MOVING CONSTANT SPEED,35,No,2013,TOYOTA,COROLLA,39.1525223,-77.2121675,2022,8,15
220035847,Property Damage Crash,08/22/2022 03:35:00 PM,NEW HAMPSHIRE AVE,NA,SAME DIRECTION LEFT TURN,Clear,DRY,Daylight,NO CONTROLS,NONE DETECTED,Yes,No Apparent Injury,N/A,LOOKED BUT DID NOT SEE,MD,PASSENGER CAR,ENTERING TRAFFIC LANE,45,No,2015,TOYOTA,TK,39.14908333,-77.05565167,2022,8,15
220035847,Property Damage Crash,08/22/2022 03:35:00 PM,NEW HAMPSHIRE AVE,NA,SAME DIRECTION LEFT TURN,Clear,DRY,Daylight,NO CONTROLS,NONE DETECTED,No,No Apparent Injury,N/A,NOT DISTRACTED,VA,PASSENGER CAR,MOVING CONSTANT SPEED,45,No,2002,PORSCHE,2D,39.14908333,-77.05565167,2022,8,15
220036310,Property Damage Crash,08/22/2022 02:50:00 PM,NA,NA,OTHER,Clear,NA,Daylight,NO CONTROLS,NONE DETECTED,Yes,No Apparent Injury,N/A,UNKNOWN,MD,(SPORT) UTILITY VEHICLE,PARKING,15,No,2019,LEXUS,SUV,39.20920514,-77.25588658,2022,8,14
220036249,Injury Crash,08/22/2022 02:50:00 PM,SEVEN LOCKS RD,NA,STRAIGHT MOVEMENT ANGLE,Clear,DRY,Daylight,STOP SIGN,NONE DETECTED,No,Possible Minor Injury,N/A,NOT DISTRACTED,MD,PASSENGER CAR,MOVING CONSTANT SPEED,35,No,2023,HYUNDAI,SANTA FE,39.06477,-77.160932,2022,8,14
220036249,Injury Crash,08/22/2022 02:50:00 PM,SEVEN LOCKS RD,NA,STRAIGHT MOVEMENT ANGLE,Clear,DRY,Daylight,STOP SIGN,NONE DETECTED,Yes,No Apparent Injury,N/A,LOOKED BUT DID NOT SEE,MD,PASSENGER CAR,STARTING FROM LANE,15,No,2012,AUDI,Q5,39.06477,-77.160932,2022,8,14
220036240,Property Damage Crash,08/22/2022 01:45:00 PM,HUNGERFORD DR,NA,OTHER,Clear,DRY,Daylight,TRAFFIC SIGNAL,NONE DETECTED,Yes,No Apparent Injury,N/A,UNKNOWN,MD,OTHER,STARTING FROM LANE,35,No,2013,FORD,TRUCK,39.09146118,-77.15301514,2022,8,13
220036240,Property Damage Crash,08/22/2022 01:45:00 PM,HUNGERFORD DR,NA,OTHER,Clear,DRY,Daylight,TRAFFIC SIGNAL,NONE DETECTED,No,No Apparent Injury,N/A,NOT DISTRACTED,MD,TRANSIT BUS,STOPPED IN TRAFFIC LANE,35,No,2017,GILLLIG BU,40 CNG,39.09146118,-77.15301514,2022,8,13
220036233,Injury Crash,08/22/2022 01:40:00 PM,APPLE RIDGE RD,PEDESTRIAN,SINGLE VEHICLE,Clear,DRY,Daylight,NO CONTROLS,NONE DETECTED,Yes,No Apparent Injury,N/A,UNKNOWN,MD,(SPORT) UTILITY VEHICLE,SLOWING OR STOPPING,25,No,2021,HONDA,CRV,39.18265076,-77.21346754,2022,8,13
220036226,Property Damage Crash,08/22/2022 12:40:00 PM,GREAT SENECA HWY,NA,STRAIGHT MOVEMENT ANGLE,Clear,DRY,Daylight,TRAFFIC SIGNAL,NONE DETECTED,No,No Apparent Injury,N/A,NOT DISTRACTED,MD,PASSENGER CAR,MOVING CONSTANT SPEED,35,No,2013,SUBARU,LEGACY,39.17094,-77.26286,2022,8,12
220036226,Property Damage Crash,08/22/2022 12:40:00 PM,GREAT SENECA HWY,NA,STRAIGHT MOVEMENT ANGLE,Clear,DRY,Daylight,TRAFFIC SIGNAL,NONE DETECTED,Yes,No Apparent Injury,N/A,INATTENTIVE OR LOST IN THOUGHT,MD,(SPORT) UTILITY VEHICLE,MOVING CONSTANT SPEED,35,No,2015,TOYOTA,RAV4,39.17094,-77.26286,2022,8,12
220036218,Injury Crash,08/22/2022 12:20:00 PM,COLESVILLE RD,NA,SAME DIR REAR END,Clear,DRY,Daylight,NO CONTROLS,NONE DETECTED,Yes,Possible Minor Injury,N/A,NOT DISTRACTED,MD,PASSENGER CAR,SLOWING OR STOPPING,40,No,2019,NISSAN,KICKS,39.02065,-77.01191,2022,8,12
220036218,Injury Crash,08/22/2022 12:20:00 PM,COLESVILLE RD,NA,SAME DIR REAR END,Clear,DRY,Daylight,NO CONTROLS,NONE DETECTED,No,No Apparent Injury,N/A,NOT DISTRACTED,MD,PASSENGER CAR,SLOWING OR STOPPING,40,No,2022,NISSAN,SV 4X4,39.02065,-77.01191,2022,8,12
220036212,Injury Crash,08/22/2022 11:35:00 AM,OLNEY SANDY SPRING RD,NA,HEAD ON LEFT TURN,Cloudy,DRY,Daylight,TRAFFIC SIGNAL,NONE DETECTED,Yes,Possible Minor Injury,N/A,LOOKED BUT DID NOT SEE,MD,(SPORT) UTILITY VEHICLE,MAKING RIGHT TURN,30,No,2012,NISSAN,MURANO,39.14926333,-77.06627333,2022,8,11
220036212,Injury Crash,08/22/2022 11:35:00 AM,OLNEY SANDY SPRING RD,NA,HEAD ON LEFT TURN,Cloudy,DRY,Daylight,TRAFFIC SIGNAL,NONE DETECTED,No,Possible Minor Injury,N/A,NOT DISTRACTED,MD,PASSENGER CAR,MOVING CONSTANT SPEED,30,No,2017,MAZDA,MAZDA 6,39.14926333,-77.06627333,2022,8,11
220036213,Property Damage Crash,08/22/2022 11:23:00 AM,CONNECTICUT AVE,NA,SAME DIR REAR END,Clear,DRY,Daylight,TRAFFIC SIGNAL,NONE DETECTED,Yes,No Apparent Injury,N/A,INATTENTIVE OR LOST IN THOUGHT,MD,VAN,SLOWING OR STOPPING,30,No,2012,FORD,TRANSIT,38.9841871,-77.0771067,2022,8,11
220036213,Property Damage Crash,08/22/2022 11:23:00 AM,CONNECTICUT AVE,NA,SAME DIR REAR END,Clear,DRY,Daylight,TRAFFIC SIGNAL,NONE DETECTED,No,No Apparent Injury,N/A,NOT DISTRACTED,DC,PASSENGER CAR,STOPPED IN TRAFFIC LANE,30,No,2014,JEEP,4DR,38.9841871,-77.0771067,2022,8,11
220036185,Property Damage Crash,08/22/2022 09:06:00 AM,SHADY GROVE RD,NA,SAME DIR REAR END,Clear,DRY,Daylight,TRAFFIC SIGNAL,NONE DETECTED,Yes,No Apparent Injury,N/A,NOT DISTRACTED,MD,OTHER,MOVING CONSTANT SPEED,35,No,2021,RAM,PROMASTER 1500,39.09806667,-77.13603167,2022,8,9
220036185,Property Damage Crash,08/22/2022 09:06:00 AM,SHADY GROVE RD,NA,SAME DIR REAR END,Clear,DRY,Daylight,TRAFFIC SIGNAL,NONE DETECTED,No,No Apparent Injury,N/A,NOT DISTRACTED,MD,PASSENGER CAR,STOPPED IN TRAFFIC LANE,35,No,2021,ACURA,RDX,39.09806667,-77.13603167,2022,8,9
220036180,Injury Crash,08/22/2022 08:44:00 AM,SHADY GROVE RD,NA,HEAD ON LEFT TURN,Clear,DRY,Daylight,TRAFFIC SIGNAL,NONE DETECTED,No,Possible Minor Injury,N/A,NOT DISTRACTED,MD,PASSENGER CAR,MOVING CONSTANT SPEED,35,No,2021,HOND,HB,39.12894167,-77.16771333,2022,8,8