Local Case Number,ACRS Report Type,Crash Date/Time,Road Name,Related Non-Motorist,Collision Type,Weather,Surface Condition,Light,Traffic Control,Driver Substance Abuse,Driver At Fault,Injury Severity,Circumstance,Driver Distracted By,Drivers License State,Vehicle Body Type,Vehicle Movement,Speed Limit,Driverless Vehicle,Vehicle Year,Vehicle Make,Vehicle Model,Latitude,Longitude,Year,Month,Hour
220034771,Injury Crash,08/12/2022 07:35:00 PM,NORWOOD RD,NA,HEAD ON LEFT TURN,Clear,DRY,Daylight,TRAFFIC SIGNAL,NONE DETECTED,Unknown,No Apparent Injury,N/A,LOOKED BUT DID NOT SEE,MD,PASSENGER CAR,MAKING LEFT TURN,40,No,2020,FORD,FUSION,39.118921,-77.021096,2022,8,19
220034771,Injury Crash,08/12/2022 07:35:00 PM,NORWOOD RD,NA,HEAD ON LEFT TURN,Clear,DRY,Daylight,TRAFFIC SIGNAL,NONE DETECTED,Unknown,Possible Minor Injury,N/A,LOOKED BUT DID NOT SEE,MD,PASSENGER CAR,MOVING CONSTANT SPEED,40,No,2016,AUDI,SEDAN,39.118921,-77.021096,2022,8,19
220034762,Injury Crash,08/12/2022 06:48:00 PM,PINEY BRANCH RD,NA,HEAD ON LEFT TURN,Clear,DRY,Daylight,TRAFFIC SIGNAL,NONE DETECTED,Yes,Possible Minor Injury,N/A,LOOKED BUT DID NOT SEE,MD,PASSENGER CAR,MOVING CONSTANT SPEED,35,No,2007,TOYOTA,SCION,39.03181633,-77.007228,2022,8,18
220034762,Injury Crash,08/12/2022 06:48:00 PM,PINEY BRANCH RD,NA,HEAD ON LEFT TURN,Clear,DRY,Daylight,TRAFFIC SIGNAL,NONE DETECTED,No,No Apparent Injury,N/A,NOT DISTRACTED,MD,PASSENGER CAR,MOVING CONSTANT SPEED,35,No,2012,HONDA,PILOT,39.03181633,-77.007228,2022,8,18
220034755,Property Damage Crash,08/12/2022 06:10:00 PM,COLESVILLE RD,NA,SAME DIR REAR END,Clear,DRY,Daylight,NO CONTROLS,NONE DETECTED,No,No Apparent Injury,N/A,NOT DISTRACTED,MD,PASSENGER CAR,STOPPED IN TRAFFIC LANE,0,No,2006,TOYOTA,PRIUS,39.037455,-76.99882167,2022,8,18
220034755,Property Damage Crash,08/12/2022 06:10:00 PM,COLESVILLE RD,NA,SAME DIR REAR END,Clear,DRY,Daylight,NO CONTROLS,NONE DETECTED,Yes,No Apparent Injury,N/A,NOT DISTRACTED,MD,MOTORCYCLE,SLOWING OR STOPPING,40,No,2022,HARLEY DAVIDSON,114CI,39.037455,-76.99882167,2022,8,18
220034754,Injury Crash,08/12/2022 06:02:00 PM,RUGBY AVE,NA,OTHER,Clear,N/A,Daylight,N/A,NONE DETECTED,Yes,No Apparent Injury,N/A,UNKNOWN,MD,(SPORT) UTILITY VEHICLE,STARTING FROM PARKED,25,No,2021,TOYT,RAV 4,38.99203667,-77.098015,2022,8,18
220034754,Injury Crash,08/12/2022 06:02:00 PM,RUGBY AVE,NA,OTHER,Clear,N/A,Daylight,N/A,NONE DETECTED,No,Possible Minor Injury,N/A,NOT DISTRACTED,MD,PASSENGER CAR,MOVING CONSTANT SPEED,25,No,2021,MERZ,C300,38.99203667,-77.098015,2022,8,18
220034753,Injury Crash,08/12/2022 05:52:00 PM,CLARKSBURG RD,NA,OPPOSITE DIRECTION SIDESWIPE,Clear,DRY,Daylight,NO CONTROLS,NONE DETECTED,No,Possible Minor Injury,N/A,NOT DISTRACTED,MD,PASSENGER CAR,ACCELERATING,40,No,2015,FORD,EXPLORER,39.2195565,-77.26784133,2022,8,17
220034753,Injury Crash,08/12/2022 05:52:00 PM,CLARKSBURG RD,NA,OPPOSITE DIRECTION SIDESWIPE,Clear,DRY,Daylight,NO CONTROLS,NONE DETECTED,Yes,Possible Minor Injury,N/A,UNKNOWN,MD,PASSENGER CAR,MOVING CONSTANT SPEED,40,No,2016,CHEVY,EQUINOX,39.2195565,-77.26784133,2022,8,17
220034744,Injury Crash,08/12/2022 05:24:00 PM,GREAT SENECA HWY,NA,STRAIGHT MOVEMENT ANGLE,Clear,DRY,Daylight,NO CONTROLS,NONE DETECTED,No,Possible Minor Injury,N/A,NOT DISTRACTED,MD,PASSENGER CAR,MOVING CONSTANT SPEED,50,No,2017,ACURA,TK,39.161581,-77.2746467,2022,8,17
220034744,Injury Crash,08/12/2022 05:24:00 PM,GREAT SENECA HWY,NA,STRAIGHT MOVEMENT ANGLE,Clear,DRY,Daylight,NO CONTROLS,NONE DETECTED,No,No Apparent Injury,N/A,NOT DISTRACTED,MD,PASSENGER CAR,STOPPED IN TRAFFIC LANE,0,No,2009,FORD,4S,39.161581,-77.2746467,2022,8,17
220034744,Injury Crash,08/12/2022 05:24:00 PM,GREAT SENECA HWY,NA,STRAIGHT MOVEMENT ANGLE,Clear,DRY,Daylight,NO CONTROLS,NONE DETECTED,Yes,No Apparent Injury,N/A,LOOKED BUT DID NOT SEE,MD,PASSENGER CAR,MAKING LEFT TURN,50,No,2008,LEXUS,4S,39.161581,-77.2746467,2022,8,17
220034748,Property Damage Crash,08/12/2022 05:18:00 PM,S FREDERICK RD,NA,OPPOSITE DIRECTION SIDESWIPE,Clear,DRY,Daylight,TRAFFIC SIGNAL,NONE DETECTED,No,No Apparent Injury,N/A,NOT DISTRACTED,VA,"OTHER LIGHT TRUCKS (10,000LBS (4,536KG) OR LESS)",MOVING CONSTANT SPEED,35,No,2004,NISSAN DIESEL,UD SERIES,39.13883554,-77.19358771,2022,8,17
220034748,Property Damage Crash,08/12/2022 05:18:00 PM,S FREDERICK RD,NA,OPPOSITE DIRECTION SIDESWIPE,Clear,DRY,Daylight,TRAFFIC SIGNAL,NONE DETECTED,Yes,No Apparent Injury,N/A,UNKNOWN,MD,PASSENGER CAR,MOVING CONSTANT SPEED,35,No,2008,FORD,PK,39.13883554,-77.19358771,2022,8,17
220034741,Property Damage Crash,08/12/2022 05:04:00 PM,FREDERICK RD,NA,SAME DIR REAR END,Clear,DRY,Daylight,NO CONTROLS,NONE DETECTED,No,No Apparent Injury,N/A,NOT DISTRACTED,MD,(SPORT) UTILITY VEHICLE,STOPPED IN TRAFFIC LANE,40,No,2019,TOYOTA,RAV4,39.1840805,-77.26388717,2022,8,17
220034741,Property Damage Crash,08/12/2022 05:04:00 PM,FREDERICK RD,NA,SAME DIR REAR END,Clear,DRY,Daylight,NO CONTROLS,NONE DETECTED,Yes,No Apparent Injury,N/A,UNKNOWN,MD,PASSENGER CAR,SLOWING OR STOPPING,40,No,2017,HYUNDAI,ELANTRA,39.1840805,-77.26388717,2022,8,17
220034736,Property Damage Crash,08/12/2022 04:12:00 PM,NA,NA,STRAIGHT MOVEMENT ANGLE,Clear,NA,Daylight,N/A,NONE DETECTED,No,No Apparent Injury,N/A,NOT DISTRACTED,MD,(SPORT) UTILITY VEHICLE,MOVING CONSTANT SPEED,5,No,2019,JAGUAR,I-PACE,39.0960045,-77.2074405,2022,8,16
220034736,Property Damage Crash,08/12/2022 04:12:00 PM,NA,NA,STRAIGHT MOVEMENT ANGLE,Clear,NA,Daylight,N/A,NONE DETECTED,Yes,No Apparent Injury,N/A,NOT DISTRACTED,MD,PASSENGER CAR,MAKING RIGHT TURN,5,No,2012,MAZDA,MAZDA3,39.0960045,-77.2074405,2022,8,16
220034721,Injury Crash,08/12/2022 03:34:00 PM,NEW HAMPSHIRE AVE,NA,ANGLE MEETS RIGHT TURN,Clear,DRY,Daylight,TRAFFIC SIGNAL,NONE DETECTED,Yes,No Apparent Injury,N/A,NOT DISTRACTED,MD,PASSENGER CAR,MAKING RIGHT TURN,40,No,2005,HONDA,VAN,39.03389683,-76.98651083,2022,8,15
220034721,Injury Crash,08/12/2022 03:34:00 PM,NEW HAMPSHIRE AVE,NA,ANGLE MEETS RIGHT TURN,Clear,DRY,Daylight,TRAFFIC SIGNAL,NONE DETECTED,No,Possible Minor Injury,N/A,NOT DISTRACTED,MD,PASSENGER CAR,MOVING CONSTANT SPEED,40,No,2010,BMW,X5,39.03389683,-76.98651083,2022,8,15
220034720,Injury Crash,08/12/2022 03:27:00 PM,FIRST ST,NA,STRAIGHT MOVEMENT ANGLE,Clear,DRY,Daylight,NO CONTROLS,NONE DETECTED,No,No Apparent Injury,N/A,NOT DISTRACTED,MD,PASSENGER CAR,STOPPED IN TRAFFIC LANE,45,No,2019,NISSAN,CG,39.08927717,-77.15353467,2022,8,15
220034720,Injury Crash,08/12/2022 03:27:00 PM,FIRST ST,NA,STRAIGHT MOVEMENT ANGLE,Clear,DRY,Daylight,NO CONTROLS,ALCOHOL PRESENT,Yes,Possible Minor Injury,N/A,NOT DISTRACTED,MD,PASSENGER CAR,MOVING CONSTANT SPEED,45,No,2013,HONDA,CR-V,39.08927717,-77.15353467,2022,8,15
220034720,Injury Crash,08/12/2022 03:27:00 PM,FIRST ST,NA,STRAIGHT MOVEMENT ANGLE,Clear,DRY,Daylight,NO CONTROLS,NONE DETECTED,No,No Apparent Injury,N/A,NOT DISTRACTED,MD,PASSENGER CAR,STOPPED IN TRAFFIC LANE,45,No,2013,MAZDA,3,39.08927717,-77.15353467,2022,8,15
220034727,Property Damage Crash,08/12/2022 02:55:00 PM,NA,NA,SAME DIRECTION SIDESWIPE,Clear,NA,Daylight,NO CONTROLS,NONE DETECTED,Yes,No Apparent Injury,N/A,NOT DISTRACTED,MD,POLICE VEHICLE/NON EMERGENCY,BACKING,15,No,2019,DODGE,CHARGER,39.0581,-77.04849,2022,8,14
220034722,Property Damage Crash,08/12/2022 02:44:00 PM,CONNECTICUT AVE,NA,SAME DIRECTION SIDESWIPE,Clear,DRY,Daylight,NO CONTROLS,NONE DETECTED,Yes,No Apparent Injury,N/A,LOOKED BUT DID NOT SEE,MD,AMBULANCE/EMERGENCY,MAKING U TURN,35,No,2014,HONDA,ACCORD,39.0308862,-77.0751177,2022,8,14
220034722,Property Damage Crash,08/12/2022 02:44:00 PM,CONNECTICUT AVE,NA,SAME DIRECTION SIDESWIPE,Clear,DRY,Daylight,NO CONTROLS,NONE DETECTED,Yes,No Apparent Injury,N/A,OTHER DISTRACTION,MD,"CARGO VAN/LIGHT TRUCK 2 AXLES (OVER 10,000LBS (4,536 KG))",MAKING LEFT TURN,35,No,1992,FORD,F250,39.0308862,-77.0751177,2022,8,14
220034716,Injury Crash,08/12/2022 02:35:00 PM,FREDERICK RD,NA,SAME DIR REAR END,Clear,DRY,Daylight,NO CONTROLS,NONE DETECTED,Yes,Possible Minor Injury,N/A,NOT DISTRACTED,MD,PASSENGER CAR,MOVING CONSTANT SPEED,50,No,2012,KIA,OPTIMA,39.275559199999996,-77.3115424,2022,8,14
220034716,Injury Crash,08/12/2022 02:35:00 PM,FREDERICK RD,NA,SAME DIR REAR END,Clear,DRY,Daylight,NO CONTROLS,NONE DETECTED,No,No Apparent Injury,N/A,NOT DISTRACTED,MD,PASSENGER CAR,SLOWING OR STOPPING,50,No,2017,JEEP,WRANGLER,39.275559199999996,-77.3115424,2022,8,14
220034713,Property Damage Crash,08/12/2022 01:40:00 PM,MUDDY BRANCH RD,NA,STRAIGHT MOVEMENT ANGLE,Clear,DRY,Daylight,TRAFFIC SIGNAL,NONE DETECTED,No,No Apparent Injury,N/A,NOT DISTRACTED,MD,PASSENGER CAR,STOPPED IN TRAFFIC LANE,30,No,2010,TOYT,MINIVAN,39.10274706,-77.20347025,2022,8,13
220034713,Property Damage Crash,08/12/2022 01:40:00 PM,MUDDY BRANCH RD,NA,STRAIGHT MOVEMENT ANGLE,Clear,DRY,Daylight,TRAFFIC SIGNAL,NONE DETECTED,No,No Apparent Injury,N/A,NOT DISTRACTED,MD,PASSENGER CAR,MAKING LEFT TURN,30,No,2017,MERZ,4D,39.10274706,-77.20347025,2022,8,13
220034713,Property Damage Crash,08/12/2022 01:40:00 PM,MUDDY BRANCH RD,NA,STRAIGHT MOVEMENT ANGLE,Clear,DRY,Daylight,TRAFFIC SIGNAL,NONE DETECTED,Yes,No Apparent Injury,N/A,UNKNOWN,MD,PASSENGER CAR,MOVING CONSTANT SPEED,30,No,2006,LEXUS,4D,39.10274706,-77.20347025,2022,8,13
220034706,Property Damage Crash,08/12/2022 01:15:00 PM,NA,BICYCLIST,STRAIGHT MOVEMENT ANGLE,Clear,NA,Daylight,NO CONTROLS,NONE DETECTED,No,No Apparent Injury,N/A,NOT DISTRACTED,MD,PASSENGER CAR,MAKING LEFT TURN,5,No,2014,TOYOTA,PRIUS,39.11101895,-77.23904253,2022,8,13
220034699,Property Damage Crash,08/12/2022 01:07:00 PM,UNIVERSITY BLVD E,NA,SAME DIRECTION RIGHT TURN,Clear,DRY,Daylight,NO CONTROLS,NONE DETECTED,Yes,No Apparent Injury,N/A,UNKNOWN,XX,PASSENGER CAR,ACCELERATING,35,No,1997,HONDA,CIVIC,38.9917773,-76.991105,2022,8,13
220034699,Property Damage Crash,08/12/2022 01:07:00 PM,UNIVERSITY BLVD E,NA,SAME DIRECTION RIGHT TURN,Clear,DRY,Daylight,NO CONTROLS,NONE DETECTED,No,No Apparent Injury,N/A,NOT DISTRACTED,MD,PASSENGER CAR,MOVING CONSTANT SPEED,35,No,2022,TOYOTA,TACOMA,38.9917773,-76.991105,2022,8,13
220034697,Property Damage Crash,08/12/2022 12:38:00 PM,TUCKERMAN LA,NA,SAME DIR REAR END,Clear,DRY,Daylight,NO CONTROLS,NONE DETECTED,No,No Apparent Injury,N/A,NOT DISTRACTED,MD,PASSENGER CAR,STOPPED IN TRAFFIC LANE,30,No,2020,LEXUS,RX,39.03691,-77.1348,2022,8,12
220034697,Property Damage Crash,08/12/2022 12:38:00 PM,TUCKERMAN LA,NA,SAME DIR REAR END,Clear,DRY,Daylight,NO CONTROLS,NONE DETECTED,Yes,No Apparent Injury,N/A,UNKNOWN,MD,PASSENGER CAR,MOVING CONSTANT SPEED,30,No,2009,VOLKSWAGEN,4S,39.03691,-77.1348,2022,8,12
220034691,Injury Crash,08/12/2022 12:21:00 PM,MONTGOMERY AVE,NA,SAME DIRECTION SIDESWIPE,Clear,DRY,Daylight,NO CONTROLS,NONE DETECTED,No,No Apparent Injury,N/A,NOT DISTRACTED,MD,PASSENGER CAR,MOVING CONSTANT SPEED,25,No,2014,FIRD,EXPLORER,38.9835,-77.09292033,2022,8,12
220034691,Injury Crash,08/12/2022 12:21:00 PM,MONTGOMERY AVE,NA,SAME DIRECTION SIDESWIPE,Clear,DRY,Daylight,NO CONTROLS,NONE DETECTED,Yes,Possible Minor Injury,N/A,UNKNOWN,VA,PASSENGER CAR,MAKING LEFT TURN,25,No,2021,HONDA,ACCORD,38.9835,-77.09292033,2022,8,12
220034656,Injury Crash,08/12/2022 08:41:00 AM,NA,PEDESTRIAN,SINGLE VEHICLE,Clear,NA,Daylight,NO CONTROLS,NONE DETECTED,Yes,No Apparent Injury,N/A,UNKNOWN,MD,PASSENGER CAR,MOVING CONSTANT SPEED,5,No,2020,HONDA,4S,39.15685,-77.21019,2022,8,8
220034469,Property Damage Crash,08/12/2022 08:20:00 AM,GEORGIA AVE,NA,SAME DIR REAR END,Rain,WET,Daylight,OTHER,NONE DETECTED,Yes,No Apparent Injury,"RAIN, SNOW, WET",UNKNOWN,MD,PASSENGER CAR,SLOWING OR STOPPING,35,No,2012,HONDA,CRV,39.06853929,-77.06174229,2022,8,8
220034469,Property Damage Crash,08/12/2022 08:20:00 AM,GEORGIA AVE,NA,SAME DIR REAR END,Rain,WET,Daylight,OTHER,NONE DETECTED,No,No Apparent Injury,"RAIN, SNOW, WET",NOT DISTRACTED,MD,PASSENGER CAR,STOPPED IN TRAFFIC LANE,35,No,2020,FORD,ESCAPE,39.06853929,-77.06174229,2022,8,8
220034469,Property Damage Crash,08/12/2022 08:20:00 AM,GEORGIA AVE,NA,SAME DIR REAR END,Rain,WET,Daylight,OTHER,NONE DETECTED,Yes,No Apparent Injury,"RAIN, SNOW, WET",NOT DISTRACTED,MD,PASSENGER CAR,SLOWING OR STOPPING,35,No,2018,HONDA,CIVIC,39.06853929,-77.06174229,2022,8,8
220034469,Property Damage Crash,08/12/2022 08:20:00 AM,GEORGIA AVE,NA,SAME DIR REAR END,Rain,WET,Daylight,OTHER,NONE DETECTED,Yes,No Apparent Injury,"RAIN, SNOW, WET",UNKNOWN,NA,AMBULANCE/EMERGENCY,SLOWING OR STOPPING,35,No,2008,NISSAN,ROUGE,39.06853929,-77.06174229,2022,8,8
220034469,Property Damage Crash,08/12/2022 08:20:00 AM,GEORGIA AVE,NA,SAME DIR REAR END,Rain,WET,Daylight,OTHER,NONE DETECTED,No,No Apparent Injury,"RAIN, SNOW, WET",NOT DISTRACTED,MD,PASSENGER CAR,STOPPED IN TRAFFIC LANE,35,No,2012,JEEP,GRAND CHER.,39.06853929,-77.06174229,2022,8,8
220034469,Property Damage Crash,08/12/2022 08:20:00 AM,GEORGIA AVE,NA,SAME DIR REAR END,Rain,WET,Daylight,OTHER,NONE DETECTED,No,No Apparent Injury,"RAIN, SNOW, WET",NOT DISTRACTED,MD,PASSENGER CAR,STOPPED IN TRAFFIC LANE,35,No,2019,HONDA,PILOT,39.06853929,-77.06174229,2022,8,8
220034643,Property Damage Crash,08/12/2022 02:09:00 AM,CLARIDGE RD,NA,OTHER,Clear,DRY,Medium,NO CONTROLS,ALCOHOL PRESENT,Yes,No Apparent Injury,N/A,OTHER DISTRACTION,MD,PASSENGER CAR,MOVING CONSTANT SPEED,20,No,2011,BMW,328I,39.05248523,-77.06470096,2022,8,2
220034635,Property Damage Crash,08/12/2022 12:09:00 AM,LAYHILL RD,NA,OTHER,Clear,DRY,Medium,TRAFFIC SIGNAL,NONE DETECTED,No,No Apparent Injury,"ANIMAL, N/A",UNKNOWN,MD,PASSENGER CAR,MOVING CONSTANT SPEED,40,No,2008,MAZDA,3,39.0774267,-77.0460824,2022,8,0
220034628,Property Damage Crash,08/11/2022 11:14:00 PM,GEORGIA AVE,NA,SINGLE VEHICLE,Clear,DRY,Medium,WARNING SIGN,NONE DETECTED,Yes,No Apparent Injury,N/A,INATTENTIVE OR LOST IN THOUGHT,NC,PICKUP TRUCK,MOVING CONSTANT SPEED,35,No,2201,FORD,F150,38.9947428,-77.0270435,2022,8,23
220034607,Property Damage Crash,08/11/2022 08:36:00 PM,COLESVILLE RD,NA,SAME DIR REAR END,Clear,DRY,Medium,NO CONTROLS,NONE DETECTED,No,No Apparent Injury,N/A,NOT DISTRACTED,MD,PASSENGER CAR,MOVING CONSTANT SPEED,35,No,2017,HYUNDAI,ELANTRA,38.99109933,-77.02752917,2022,8,20
220034607,Property Damage Crash,08/11/2022 08:36:00 PM,COLESVILLE RD,NA,SAME DIR REAR END,Clear,DRY,Medium,NO CONTROLS,NONE DETECTED,Yes,No Apparent Injury,N/A,UNKNOWN,MD,PASSENGER CAR,MOVING CONSTANT SPEED,35,No,2017,HONDA,ACCORD,38.99109933,-77.02752917,2022,8,20
220034610,Property Damage Crash,08/11/2022 08:05:00 PM,FREDERICK RD,NA,SAME DIR REAR END,Clear,DRY,Medium,TRAFFIC SIGNAL,NONE DETECTED,No,No Apparent Injury,N/A,NOT DISTRACTED,MD,(SPORT) UTILITY VEHICLE,SLOWING OR STOPPING,40,No,2010,TOYOTA,RAV4,39.1825118,-77.2385627,2022,8,20
220034610,Property Damage Crash,08/11/2022 08:05:00 PM,FREDERICK RD,NA,SAME DIR REAR END,Clear,DRY,Medium,TRAFFIC SIGNAL,NONE DETECTED,Yes,No Apparent Injury,N/A,UNKNOWN,MD,PASSENGER CAR,SLOWING OR STOPPING,40,No,2004,TOYOTA,MATRIX,39.1825118,-77.2385627,2022,8,20
220034602,Property Damage Crash,08/11/2022 08:00:00 PM,FREDERICK RD,NA,SAME DIR REAR END,Clear,DRY,Medium,TRAFFIC SIGNAL,NONE DETECTED,No,No Apparent Injury,N/A,NOT DISTRACTED,MD,(SPORT) UTILITY VEHICLE,STOPPED IN TRAFFIC LANE,40,No,2017,VOLKSWAGEN,ATLAS,39.19231,-77.242925,2022,8,20
220034602,Property Damage Crash,08/11/2022 08:00:00 PM,FREDERICK RD,NA,SAME DIR REAR END,Clear,DRY,Medium,TRAFFIC SIGNAL,NONE DETECTED,No,No Apparent Injury,N/A,UNKNOWN,NA,(SPORT) UTILITY VEHICLE,STOPPED IN TRAFFIC LANE,40,No,2009,CHEVROLET,EXUINOX,39.19231,-77.242925,2022,8,20
220034602,Property Damage Crash,08/11/2022 08:00:00 PM,FREDERICK RD,NA,SAME DIR REAR END,Clear,DRY,Medium,TRAFFIC SIGNAL,NONE DETECTED,Yes,No Apparent Injury,N/A,UNKNOWN,MD,PASSENGER CAR,SLOWING OR STOPPING,40,No,2004,TOYOTA,MATRIX,39.19231,-77.242925,2022,8,20
220034587,Property Damage Crash,08/11/2022 06:47:00 PM,NEW HAMPSHIRE AVE,NA,SAME DIR REAR END,Clear,DRY,Daylight,TRAFFIC SIGNAL,NONE DETECTED,Yes,No Apparent Injury,N/A,TALKING OR LISTENING TO CELLULAR PHONE,MD,PASSENGER CAR,MOVING CONSTANT SPEED,40,No,2009,TOYOTA,RAV4,39.04092283,-76.99087648,2022,8,18
220034587,Property Damage Crash,08/11/2022 06:47:00 PM,NEW HAMPSHIRE AVE,NA,SAME DIR REAR END,Clear,DRY,Daylight,TRAFFIC SIGNAL,NONE DETECTED,No,No Apparent Injury,N/A,NOT DISTRACTED,MD,PICKUP TRUCK,STOPPED IN TRAFFIC LANE,40,No,2019,FORD,SUPER DUTY,39.04092283,-76.99087648,2022,8,18
220034587,Property Damage Crash,08/11/2022 06:47:00 PM,NEW HAMPSHIRE AVE,NA,SAME DIR REAR END,Clear,DRY,Daylight,TRAFFIC SIGNAL,NONE DETECTED,No,No Apparent Injury,N/A,NOT DISTRACTED,MD,PASSENGER CAR,STOPPED IN TRAFFIC LANE,40,No,2017,NISSAN,SENTRA,39.04092283,-76.99087648,2022,8,18
220034582,Injury Crash,08/11/2022 06:43:00 PM,MUNCASTER MILL RD,NA,HEAD ON LEFT TURN,Clear,DRY,Daylight,TRAFFIC SIGNAL,NONE DETECTED,No,No Apparent Injury,N/A,NOT DISTRACTED,MD,PASSENGER CAR,MOVING CONSTANT SPEED,35,No,2002,SATURN,TK,39.14562174,-77.14397093,2022,8,18
220034582,Injury Crash,08/11/2022 06:43:00 PM,MUNCASTER MILL RD,NA,HEAD ON LEFT TURN,Clear,DRY,Daylight,TRAFFIC SIGNAL,NONE DETECTED,Yes,Possible Minor Injury,N/A,UNKNOWN,VA,PASSENGER CAR,MAKING LEFT TURN,35,No,2016,TOYOTA,COROLLA,39.14562174,-77.14397093,2022,8,18
220034581,Property Damage Crash,08/11/2022 06:31:00 PM,NA,NA,OTHER,Clear,NA,Daylight,NO CONTROLS,NONE DETECTED,Yes,No Apparent Injury,N/A,UNKNOWN,NA,PASSENGER CAR,BACKING,0,No,2012,VOLKSWAGEN,GOLF,39.03368867,-77.00329933,2022,8,18
220034581,Property Damage Crash,08/11/2022 06:31:00 PM,NA,NA,OTHER,Clear,NA,Daylight,NO CONTROLS,NONE DETECTED,No,No Apparent Injury,N/A,NOT DISTRACTED,MD,PASSENGER CAR,SLOWING OR STOPPING,0,No,2021,GMC,YUKON,39.03368867,-77.00329933,2022,8,18
220034578,Injury Crash,08/11/2022 06:28:00 PM,S FREDERICK RD,NA,SAME DIR REAR END,Clear,DRY,Daylight,NO CONTROLS,NONE DETECTED,Yes,No Apparent Injury,N/A,LOOKED BUT DID NOT SEE,MD,PASSENGER CAR,MOVING CONSTANT SPEED,35,No,2016,HONDA,ACCORD,39.13883554,-77.19358771,2022,8,18
220034578,Injury Crash,08/11/2022 06:28:00 PM,S FREDERICK RD,NA,SAME DIR REAR END,Clear,DRY,Daylight,NO CONTROLS,NONE DETECTED,No,Possible Minor Injury,N/A,NOT DISTRACTED,MD,PASSENGER CAR,MOVING CONSTANT SPEED,35,No,2011,HONDA,PILOT,39.13883554,-77.19358771,2022,8,18
220034579,Injury Crash,08/11/2022 06:13:00 PM,CONNECTICUT AVE,NA,SAME DIR REAR END,Clear,DRY,Daylight,N/A,NONE DETECTED,No,No Apparent Injury,N/A,NOT DISTRACTED,MD,(SPORT) UTILITY VEHICLE,SLOWING OR STOPPING,30,No,2019,CHEVY,TAHOE,38.99203667,-77.098015,2022,8,18
220034579,Injury Crash,08/11/2022 06:13:00 PM,CONNECTICUT AVE,NA,SAME DIR REAR END,Clear,DRY,Daylight,N/A,NONE DETECTED,Yes,Possible Minor Injury,N/A,UNKNOWN,MD,PASSENGER CAR,MOVING CONSTANT SPEED,30,No,2010,MERZ,E350,38.99203667,-77.098015,2022,8,18
220034569,Injury Crash,08/11/2022 06:10:00 PM,GEORGIA AVE,NA,SAME DIR REAR END,Clear,DRY,Daylight,NO CONTROLS,NONE DETECTED,Yes,No Apparent Injury,N/A,LOOKED BUT DID NOT SEE,MD,PASSENGER CAR,SLOWING OR STOPPING,35,No,2015,HONDA,CRV,39.05250833,-77.07616667,2022,8,18
220034569,Injury Crash,08/11/2022 06:10:00 PM,GEORGIA AVE,NA,SAME DIR REAR END,Clear,DRY,Daylight,NO CONTROLS,NONE DETECTED,No,Possible Minor Injury,N/A,NOT DISTRACTED,MD,PASSENGER CAR,SLOWING OR STOPPING,35,No,2019,HONDA,CRV,39.05250833,-77.07616667,2022,8,18
220034412,Property Damage Crash,08/11/2022 05:51:00 PM,NEW HAMPSHIRE AVE,NA,STRAIGHT MOVEMENT ANGLE,Rain,WET,Daylight,NO CONTROLS,NONE DETECTED,Yes,No Apparent Injury,"N/A, WET",UNKNOWN,MD,PASSENGER CAR,MAKING U TURN,40,No,2019,NISSAN,ALTIMA,39.07486058,-77.00513909,2022,8,17
220034412,Property Damage Crash,08/11/2022 05:51:00 PM,NEW HAMPSHIRE AVE,NA,STRAIGHT MOVEMENT ANGLE,Rain,WET,Daylight,NO CONTROLS,NONE DETECTED,No,No Apparent Injury,"N/A, WET",NOT DISTRACTED,MD,PASSENGER CAR,ACCELERATING,40,No,2012,HONDA,CRV,39.07486058,-77.00513909,2022,8,17
220034586,Property Damage Crash,08/11/2022 05:43:00 PM,FREDERICK RD,NA,SAME DIR REAR END,Clear,DRY,Daylight,TRAFFIC SIGNAL,NONE DETECTED,No,No Apparent Injury,N/A,NOT DISTRACTED,MD,PASSENGER CAR,SLOWING OR STOPPING,35,No,2013,CHEVROLET,CRUZ,39.240098,-77.28207055,2022,8,17
220034586,Property Damage Crash,08/11/2022 05:43:00 PM,FREDERICK RD,NA,SAME DIR REAR END,Clear,DRY,Daylight,TRAFFIC SIGNAL,NONE DETECTED,Yes,No Apparent Injury,N/A,NOT DISTRACTED,MD,PASSENGER CAR,MOVING CONSTANT SPEED,35,No,2006,HONDA,CIVIC,39.240098,-77.28207055,2022,8,17
220034572,Property Damage Crash,08/11/2022 05:19:00 PM,FALLS RD,NA,SAME DIR REAR END,Clear,DRY,Daylight,N/A,NONE DETECTED,Yes,No Apparent Injury,N/A,NOT DISTRACTED,MD,PASSENGER CAR,MOVING CONSTANT SPEED,30,No,2014,VOLK,PASSAT,39.04863173,-77.1255593,2022,8,17
220034572,Property Damage Crash,08/11/2022 05:19:00 PM,FALLS RD,NA,SAME DIR REAR END,Clear,DRY,Daylight,N/A,NONE DETECTED,No,No Apparent Injury,N/A,NOT DISTRACTED,DC,VAN,SLOWING OR STOPPING,30,No,2019,MERZ,SPRINTER,39.04863173,-77.1255593,2022,8,17
220034564,Injury Crash,08/11/2022 05:17:00 PM,CONNECTICUT AVE,NA,SAME DIR REAR END,Clear,DRY,Daylight,NO CONTROLS,NONE DETECTED,No,Possible Minor Injury,N/A,NOT DISTRACTED,MD,PASSENGER CAR,SLOWING OR STOPPING,35,No,2016,TOYOTA,PRIUS,39.05250833,-77.07616667,2022,8,17
220034564,Injury Crash,08/11/2022 05:17:00 PM,CONNECTICUT AVE,NA,SAME DIR REAR END,Clear,DRY,Daylight,NO CONTROLS,NONE DETECTED,Yes,No Apparent Injury,N/A,LOOKED BUT DID NOT SEE,VA,PASSENGER CAR,MOVING CONSTANT SPEED,35,No,2009,JEEP,WRANGLER,39.05250833,-77.07616667,2022,8,17
220034545,Property Damage Crash,08/11/2022 03:40:00 PM,WISCONSIN AVE,NA,STRAIGHT MOVEMENT ANGLE,Clear,DRY,Daylight,STOP SIGN,NONE DETECTED,Yes,No Apparent Injury,N/A,LOOKED BUT DID NOT SEE,MD,PASSENGER CAR,MAKING LEFT TURN,25,No,2014,MERZ,CP,38.991202,-77.0957348,2022,8,15
220034545,Property Damage Crash,08/11/2022 03:40:00 PM,WISCONSIN AVE,NA,STRAIGHT MOVEMENT ANGLE,Clear,DRY,Daylight,STOP SIGN,NONE DETECTED,No,No Apparent Injury,N/A,NOT DISTRACTED,MD,"OTHER LIGHT TRUCKS (10,000LBS (4,536KG) OR LESS)",MOVING CONSTANT SPEED,25,No,2011,FORD,F350,38.991202,-77.0957348,2022,8,15
220034539,Property Damage Crash,08/11/2022 03:25:00 PM,REEDIE DR,NA,HEAD ON LEFT TURN,Clear,DRY,Daylight,TRAFFIC SIGNAL,NONE DETECTED,Yes,No Apparent Injury,N/A,LOOKED BUT DID NOT SEE,MD,PASSENGER CAR,MAKING LEFT TURN,25,No,2016,HYUNDAI,SANTA FE,39.04881333,-77.051785,2022,8,15
220034539,Property Damage Crash,08/11/2022 03:25:00 PM,REEDIE DR,NA,HEAD ON LEFT TURN,Clear,DRY,Daylight,TRAFFIC SIGNAL,NONE DETECTED,No,No Apparent Injury,N/A,NOT DISTRACTED,MD,PASSENGER CAR,MOVING CONSTANT SPEED,25,No,2008,TOYOTA,SD,39.04881333,-77.051785,2022,8,15