Local Case Number,ACRS Report Type,Crash Date/Time,Road Name,Related Non-Motorist,Collision Type,Weather,Surface Condition,Light,Traffic Control,Driver Substance Abuse,Driver At Fault,Injury Severity,Circumstance,Driver Distracted By,Drivers License State,Vehicle Body Type,Vehicle Movement,Speed Limit,Driverless Vehicle,Vehicle Year,Vehicle Make,Vehicle Model,Latitude,Longitude,Year,Month,Hour
220033777,Property Damage Crash,08/06/2022 11:45:00 AM,NA,NA,SAME DIRECTION SIDESWIPE,Clear,NA,Daylight,NO CONTROLS,NONE DETECTED,Yes,No Apparent Injury,N/A,LOOKED BUT DID NOT SEE,MD,PASSENGER CAR,PARKING,5,No,2015,MERZ,4 DR,39.04600167,-76.99082167,2022,8,11
220033769,Injury Crash,08/06/2022 11:44:00 AM,NA,NA,SINGLE VEHICLE,Clear,NA,Daylight,N/A,NONE DETECTED,Yes,No Apparent Injury,N/A,LOOKED BUT DID NOT SEE,MD,PASSENGER CAR,STARTING FROM PARKED,0,No,2021,TOYT,UT,39.14004137,-77.22256538,2022,8,11
220033766,Property Damage Crash,08/06/2022 11:00:00 AM,MONTGOMERY VILLAGE AVE,NA,SAME DIR REAR END,Clear,DRY,Daylight,N/A,NONE DETECTED,No,No Apparent Injury,N/A,NOT DISTRACTED,MD,PASSENGER CAR,STOPPED IN TRAFFIC LANE,35,No,2010,HYUN,SANTA FE,39.15687333,-77.20580167,2022,8,11
220033766,Property Damage Crash,08/06/2022 11:00:00 AM,MONTGOMERY VILLAGE AVE,NA,SAME DIR REAR END,Clear,DRY,Daylight,N/A,NONE DETECTED,Yes,No Apparent Injury,N/A,UNKNOWN,MD,PASSENGER CAR,MOVING CONSTANT SPEED,35,No,2012,VOLV,SUV,39.15687333,-77.20580167,2022,8,11
220033766,Property Damage Crash,08/06/2022 11:00:00 AM,MONTGOMERY VILLAGE AVE,NA,SAME DIR REAR END,Clear,DRY,Daylight,N/A,NONE DETECTED,No,No Apparent Injury,N/A,NOT DISTRACTED,MD,PASSENGER CAR,STOPPED IN TRAFFIC LANE,35,No,2012,NISSAN,ALTIMA,39.15687333,-77.20580167,2022,8,11
220033756,Property Damage Crash,08/06/2022 10:05:00 AM,WHITES FERRY RD,NA,SAME DIRECTION LEFT TURN,Clear,DRY,Daylight,NO CONTROLS,NONE DETECTED,No,No Apparent Injury,N/A,NOT DISTRACTED,MD,PASSENGER CAR,MAKING LEFT TURN,30,No,2015,HONDA,VN,39.11428333,-77.27262,2022,8,10
220033756,Property Damage Crash,08/06/2022 10:05:00 AM,WHITES FERRY RD,NA,SAME DIRECTION LEFT TURN,Clear,DRY,Daylight,NO CONTROLS,NONE DETECTED,Yes,No Apparent Injury,N/A,NOT DISTRACTED,MD,PASSENGER CAR,PASSING,30,No,2019,HONDA,TK,39.11428333,-77.27262,2022,8,10
220033755,Property Damage Crash,08/06/2022 09:44:00 AM,REDLAND BLVD,NA,OTHER,Clear,DRY,Daylight,TRAFFIC SIGNAL,NONE DETECTED,No,No Apparent Injury,N/A,UNKNOWN,MD,PASSENGER CAR,MOVING CONSTANT SPEED,30,No,2010,BMW,SD,39.072211,-77.13295,2022,8,9
220033755,Property Damage Crash,08/06/2022 09:44:00 AM,REDLAND BLVD,NA,OTHER,Clear,DRY,Daylight,TRAFFIC SIGNAL,NONE DETECTED,Yes,No Apparent Injury,N/A,UNKNOWN,TX,PASSENGER CAR,MAKING LEFT TURN,30,No,2019,HYUN,ELANTRA,39.072211,-77.13295,2022,8,9
220033763,Property Damage Crash,08/06/2022 07:30:00 AM,WEST SIDE DR,NA,SAME DIRECTION SIDESWIPE,Clear,UNKNOWN,Dark,NO CONTROLS,NONE DETECTED,Yes,No Apparent Injury,N/A,INATTENTIVE OR LOST IN THOUGHT,MD,PASSENGER CAR,MOVING CONSTANT SPEED,25,No,2014,HONDA,SW,39.12536045,-77.20391424,2022,8,7
220033741,Property Damage Crash,08/06/2022 04:11:00 AM,QUINCE ORCHARD RD,NA,SINGLE VEHICLE,Clear,N/A,Dark,NO CONTROLS,DRUG PRESENT,Yes,No Apparent Injury,N/A,UNKNOWN,MD,PASSENGER CAR,SLOWING OR STOPPING,45,No,2016,NISSAN,ALTIMA,39.12929635,-77.23521282,2022,8,4
220033738,Property Damage Crash,08/06/2022 03:21:00 AM,NA,NA,SINGLE VEHICLE,Clear,NA,Medium,NO CONTROLS,NONE DETECTED,Yes,No Apparent Injury,N/A,UNKNOWN,MD,PASSENGER CAR,ACCELERATING,5,No,2019,NISSAN,SENTRA,39.109975,-76.93362833,2022,8,3
220033719,Injury Crash,08/05/2022 10:39:00 PM,WOODFIELD RD,BICYCLIST,SAME DIR REAR END,Clear,DRY,Medium,NO CONTROLS,NONE DETECTED,Yes,No Apparent Injury,N/A,UNKNOWN,NA,PASSENGER CAR,UNKNOWN,30,No,0,HONDA,CIVIC,39.1577914,-77.1623944,2022,8,22
220033714,Property Damage Crash,08/05/2022 10:20:00 PM,FREDERICK RD,NA,SAME DIRECTION SIDESWIPE,Clear,WET,Medium,NO CONTROLS,NONE DETECTED,Yes,No Apparent Injury,N/A,NOT DISTRACTED,VA,PASSENGER CAR,CHANGING LANES,35,No,2022,BMW,430I,39.12377967,-77.17933517,2022,8,22
220033714,Property Damage Crash,08/05/2022 10:20:00 PM,FREDERICK RD,NA,SAME DIRECTION SIDESWIPE,Clear,WET,Medium,NO CONTROLS,NONE DETECTED,No,No Apparent Injury,N/A,NOT DISTRACTED,MD,PASSENGER CAR,MOVING CONSTANT SPEED,35,No,2013,CHRY,TOWN AND COUNTRY,39.12377967,-77.17933517,2022,8,22
220033702,Injury Crash,08/05/2022 08:23:00 PM,SHADY GROVE RD,NA,STRAIGHT MOVEMENT ANGLE,Rain,WET,Medium,TRAFFIC SIGNAL,NONE DETECTED,No,No Apparent Injury,"RAIN, SNOW, WET",NOT DISTRACTED,MD,PASSENGER CAR,MAKING LEFT TURN,45,No,2007,HOND,ACCORD,39.13101983,-77.161163,2022,8,20
220033702,Injury Crash,08/05/2022 08:23:00 PM,SHADY GROVE RD,NA,STRAIGHT MOVEMENT ANGLE,Rain,WET,Medium,TRAFFIC SIGNAL,NONE DETECTED,Yes,No Apparent Injury,"RAIN, SNOW, WET",LOOKED BUT DID NOT SEE,MD,PASSENGER CAR,ACCELERATING,45,No,2018,KIA,SOUL,39.13101983,-77.161163,2022,8,20
220033699,Property Damage Crash,08/05/2022 08:00:00 PM,VEIRS MILL SERV RD,NA,OTHER,Clear,WET,Daylight,NO CONTROLS,NONE DETECTED,Yes,No Apparent Injury,N/A,NOT DISTRACTED,MD,VAN,MOVING CONSTANT SPEED,25,No,2011,FORD,ASTRO VAN,39.058593,-77.048462,2022,8,20
220033697,Property Damage Crash,08/05/2022 07:49:00 PM,NA,NA,OTHER,Clear,NA,Daylight,NO CONTROLS,ALCOHOL PRESENT,Yes,No Apparent Injury,N/A,UNKNOWN,MD,PASSENGER CAR,PARKING,10,No,2004,HOND,SD,39.13621767,-77.19116937,2022,8,19
220033696,Property Damage Crash,08/05/2022 07:48:00 PM,CABIN JOHN PKWY,NA,SAME DIR REAR END,Cloudy,WET,Medium,NO CONTROLS,NONE DETECTED,Yes,No Apparent Injury,N/A,UNKNOWN,MD,PASSENGER CAR,MOVING CONSTANT SPEED,45,No,2015,HYUNDAI,SONATA,38.9735392,-77.14870702,2022,8,19
220033696,Property Damage Crash,08/05/2022 07:48:00 PM,CABIN JOHN PKWY,NA,SAME DIR REAR END,Cloudy,WET,Medium,NO CONTROLS,NONE DETECTED,No,No Apparent Injury,N/A,NOT DISTRACTED,DC,PASSENGER CAR,SLOWING OR STOPPING,45,No,2014,FORD,FOCUS,38.9735392,-77.14870702,2022,8,19
220033629,Property Damage Crash,08/05/2022 07:25:00 PM,W DIAMOND AVE,NA,SAME DIRECTION SIDESWIPE,Clear,DRY,Daylight,TRAFFIC SIGNAL,NONE DETECTED,No,No Apparent Injury,N/A,NOT DISTRACTED,MD,PASSENGER CAR,STOPPED IN TRAFFIC LANE,30,No,2022,KIA,GT,39.1425817,-77.22046083,2022,8,19
220033629,Property Damage Crash,08/05/2022 07:25:00 PM,W DIAMOND AVE,NA,SAME DIRECTION SIDESWIPE,Clear,DRY,Daylight,TRAFFIC SIGNAL,ALCOHOL PRESENT,Yes,No Apparent Injury,N/A,INATTENTIVE OR LOST IN THOUGHT,MD,PASSENGER CAR,MOVING CONSTANT SPEED,30,No,2013,TOYOTA,RAV4,39.1425817,-77.22046083,2022,8,19
220033690,Injury Crash,08/05/2022 07:10:00 PM,RIDGE RD,NA,SAME DIR REAR END,Rain,WET,Daylight,TRAFFIC SIGNAL,NONE DETECTED,Yes,No Apparent Injury,"SLEET, HAIL, FREEZ. RAIN, WET",UNKNOWN,MD,PASSENGER CAR,SLOWING OR STOPPING,45,No,2015,VOLKSWAGEN,JETTA,39.202385,-77.25234167,2022,8,19
220033690,Injury Crash,08/05/2022 07:10:00 PM,RIDGE RD,NA,SAME DIR REAR END,Rain,WET,Daylight,TRAFFIC SIGNAL,NONE DETECTED,No,Possible Minor Injury,"SLEET, HAIL, FREEZ. RAIN, WET",NOT DISTRACTED,MD,PASSENGER CAR,STOPPED IN TRAFFIC LANE,45,No,2016,NISSAN,MAXIMA,39.202385,-77.25234167,2022,8,19
220033680,Property Damage Crash,08/05/2022 06:14:00 PM,COLUMBIA PIKE,NA,OTHER,Rain,WET,Daylight,NO CONTROLS,ALCOHOL PRESENT,Yes,No Apparent Injury,"RAIN, SNOW, WET",EATING OR DRINKING,MD,PASSENGER CAR,ACCELERATING,50,No,2005,DODGE,RAM,39.08505167,-76.94663,2022,8,18
220033680,Property Damage Crash,08/05/2022 06:14:00 PM,COLUMBIA PIKE,NA,OTHER,Rain,WET,Daylight,NO CONTROLS,NONE DETECTED,No,No Apparent Injury,"RAIN, SNOW, WET",NOT DISTRACTED,MD,PASSENGER CAR,STARTING FROM LANE,50,No,2020,TOYOTA,RAV4,39.08505167,-76.94663,2022,8,18
220033674,Property Damage Crash,08/05/2022 05:19:00 PM,OLD COLUMBIA PIKE,NA,OTHER,Rain,WET,Daylight,NO CONTROLS,NONE DETECTED,No,No Apparent Injury,"RAIN, SNOW, WET",NOT DISTRACTED,MD,PASSENGER CAR,MOVING CONSTANT SPEED,45,No,2018,FORD,F150,39.108174,-76.937219,2022,8,17
220033674,Property Damage Crash,08/05/2022 05:19:00 PM,OLD COLUMBIA PIKE,NA,OTHER,Rain,WET,Daylight,NO CONTROLS,NONE DETECTED,Yes,No Apparent Injury,"RAIN, SNOW, WET",UNKNOWN,NA,PASSENGER CAR,ACCELERATING,45,No,2020,NISSAN,MORENO,39.108174,-76.937219,2022,8,17
220033668,Fatal Crash,08/05/2022 04:35:00 PM,RANDOLPH RD,NA,HEAD ON LEFT TURN,Clear,DRY,Daylight,OTHER,NONE DETECTED,No,Suspected Serious Injury,N/A,UNKNOWN,MD,PASSENGER CAR,MOVING CONSTANT SPEED,45,No,2017,HONDA,CIVIC,39.06666167,-77.01966167,2022,8,16
220033668,Fatal Crash,08/05/2022 04:35:00 PM,RANDOLPH RD,NA,HEAD ON LEFT TURN,Clear,DRY,Daylight,OTHER,NONE DETECTED,Yes,Fatal Injury,N/A,UNKNOWN,MD,PASSENGER CAR,MAKING LEFT TURN,45,No,2007,NISSAN,ALTIMA,39.06666167,-77.01966167,2022,8,16
220033659,Property Damage Crash,08/05/2022 03:48:00 PM,COLUMBIA PIKE,NA,SINGLE VEHICLE,Clear,DRY,Daylight,NO CONTROLS,NONE DETECTED,Yes,No Apparent Injury,N/A,NOT DISTRACTED,VA,VAN,MOVING CONSTANT SPEED,40,No,2009,TOYOTA,SIENNA,39.04530233,-76.98935433,2022,8,15
220033650,Injury Crash,08/05/2022 02:00:00 PM,ASHTON RD,PEDESTRIAN,OTHER,Clear,DRY,Daylight,PERSON,NONE DETECTED,Yes,No Apparent Injury,"N/A, ROAD UNDER CONSTRUCTION/MAINTENANCE",UNKNOWN,MD,PICKUP TRUCK,MOVING CONSTANT SPEED,30,No,2019,CHEVROLET,COLORADO,39.15053833,-77.00895167,2022,8,14
220033646,Injury Crash,08/05/2022 01:45:00 PM,GLENVIEW AVE,PEDESTRIAN,OTHER,Clear,DRY,Daylight,STOP SIGN,NONE DETECTED,Yes,No Apparent Injury,N/A,LOOKED BUT DID NOT SEE,MD,PASSENGER CAR,MOVING CONSTANT SPEED,20,No,2010,NISS,TK,38.99680667,-77.00039,2022,8,13
220033632,Property Damage Crash,08/05/2022 12:19:00 PM,COLESVILLE RD,NA,STRAIGHT MOVEMENT ANGLE,Clear,DRY,Daylight,NO CONTROLS,NONE DETECTED,Yes,No Apparent Injury,N/A,UNKNOWN,MD,PASSENGER CAR,MAKING RIGHT TURN,35,No,2017,TOYOTA,CAMRY,39.00679167,-77.02126,2022,8,12
220033632,Property Damage Crash,08/05/2022 12:19:00 PM,COLESVILLE RD,NA,STRAIGHT MOVEMENT ANGLE,Clear,DRY,Daylight,NO CONTROLS,NONE DETECTED,No,No Apparent Injury,N/A,NOT DISTRACTED,NY,TRUCK TRACTOR,MOVING CONSTANT SPEED,35,No,2013,MACK,TRACTOR,39.00679167,-77.02126,2022,8,12
220033626,Property Damage Crash,08/05/2022 11:50:00 AM,OAKMONT AVE,NA,OPPOSITE DIRECTION SIDESWIPE,Clear,DRY,Daylight,STOP SIGN,NONE DETECTED,No,No Apparent Injury,N/A,NOT DISTRACTED,MD,TRANSIT BUS,MAKING LEFT TURN,35,No,2017,GILG,BUS,39.134065,-77.17585,2022,8,11
220033624,Property Damage Crash,08/05/2022 11:50:00 AM,MONTGOMERY VILLAGE AVE,NA,SAME DIRECTION LEFT TURN,Clear,DRY,Daylight,NO CONTROLS,ALCOHOL PRESENT,Yes,No Apparent Injury,N/A,LOOKED BUT DID NOT SEE,MD,PASSENGER CAR,MOVING CONSTANT SPEED,35,No,2016,SUBA,TK,39.15324982,-77.2110475,2022,8,11
220033626,Property Damage Crash,08/05/2022 11:50:00 AM,OAKMONT AVE,NA,OPPOSITE DIRECTION SIDESWIPE,Clear,DRY,Daylight,STOP SIGN,NONE DETECTED,Yes,No Apparent Injury,N/A,NOT DISTRACTED,MD,PASSENGER CAR,STOPPED IN TRAFFIC LANE,35,No,2017,HOND,TK,39.134065,-77.17585,2022,8,11
220033624,Property Damage Crash,08/05/2022 11:50:00 AM,MONTGOMERY VILLAGE AVE,NA,SAME DIRECTION LEFT TURN,Clear,DRY,Daylight,NO CONTROLS,NONE DETECTED,No,No Apparent Injury,N/A,NOT DISTRACTED,PA,FIRE VEHICLE/EMERGENCY,MOVING CONSTANT SPEED,35,No,2016,PIRC,TK,39.15324982,-77.2110475,2022,8,11
220033622,Injury Crash,08/05/2022 11:30:00 AM,CLOPPER RD,NA,SAME DIR REAR END,Clear,DRY,Daylight,TRAFFIC SIGNAL,NONE DETECTED,No,Possible Minor Injury,N/A,NOT DISTRACTED,MD,PASSENGER CAR,STOPPED IN TRAFFIC LANE,35,No,2014,JEEP,TK,39.14346863,-77.22329985,2022,8,11
220033622,Injury Crash,08/05/2022 11:30:00 AM,CLOPPER RD,NA,SAME DIR REAR END,Clear,DRY,Daylight,TRAFFIC SIGNAL,NONE DETECTED,Yes,No Apparent Injury,N/A,INATTENTIVE OR LOST IN THOUGHT,MD,"OTHER LIGHT TRUCKS (10,000LBS (4,536KG) OR LESS)",SLOWING OR STOPPING,35,No,2003,FORD,TK,39.14346863,-77.22329985,2022,8,11
220033615,Injury Crash,08/05/2022 11:00:00 AM,FREDERICK RD,NA,SAME DIR REAR END,Clear,DRY,Daylight,TRAFFIC SIGNAL,NONE DETECTED,Yes,No Apparent Injury,N/A,LOOKED BUT DID NOT SEE,MD,PASSENGER CAR,ACCELERATING,45,No,2012,CADILLAC,SRX,39.20038667,-77.24573167,2022,8,11
220033615,Injury Crash,08/05/2022 11:00:00 AM,FREDERICK RD,NA,SAME DIR REAR END,Clear,DRY,Daylight,TRAFFIC SIGNAL,NONE DETECTED,No,Possible Minor Injury,N/A,NOT DISTRACTED,MD,PASSENGER CAR,SLOWING OR STOPPING,45,No,2013,TOYOTA,SIENNA,39.20038667,-77.24573167,2022,8,11
220033599,Property Damage Crash,08/05/2022 09:42:00 AM,WARING STATION RD,NA,SINGLE VEHICLE,Cloudy,WET,Daylight,NO CONTROLS,NONE DETECTED,Yes,No Apparent Injury,"N/A, WET",NOT DISTRACTED,XX,PASSENGER CAR,MOVING CONSTANT SPEED,30,No,2005,PONTIAC,VIBE,39.15512,-77.22545,2022,8,9
220033600,Property Damage Crash,08/05/2022 09:30:00 AM,GREAT SENECA HWY,NA,SAME DIR REAR END,Clear,DRY,Daylight,NO CONTROLS,NONE DETECTED,Yes,No Apparent Injury,N/A,UNKNOWN,MD,PASSENGER CAR,SLOWING OR STOPPING,30,No,2018,HOND,SEDAN,39.09943333,-77.20469333,2022,8,9
220033600,Property Damage Crash,08/05/2022 09:30:00 AM,GREAT SENECA HWY,NA,SAME DIR REAR END,Clear,DRY,Daylight,NO CONTROLS,NONE DETECTED,No,No Apparent Injury,N/A,NOT DISTRACTED,MD,PASSENGER CAR,SLOWING OR STOPPING,30,No,2018,HOND,SUV,39.09943333,-77.20469333,2022,8,9
220033591,Injury Crash,08/05/2022 08:40:00 AM,MIDCOUNTY HWY,NA,HEAD ON LEFT TURN,Clear,DRY,Daylight,NO CONTROLS,NONE DETECTED,No,No Apparent Injury,N/A,NOT DISTRACTED,MD,PASSENGER CAR,MOVING CONSTANT SPEED,30,No,2009,NISS,SEDAN,39.15954333,-77.19874,2022,8,8
220033591,Injury Crash,08/05/2022 08:40:00 AM,MIDCOUNTY HWY,NA,HEAD ON LEFT TURN,Clear,DRY,Daylight,NO CONTROLS,NONE DETECTED,Yes,Possible Minor Injury,N/A,UNKNOWN,MD,PASSENGER CAR,MAKING LEFT TURN,30,No,2013,NISS,SEDAN,39.15954333,-77.19874,2022,8,8
220033592,Property Damage Crash,08/05/2022 08:23:00 AM,NA,NA,OPPOSITE DIRECTION SIDESWIPE,Clear,NA,Daylight,NO CONTROLS,NONE DETECTED,Yes,No Apparent Injury,N/A,UNKNOWN,MD,"CARGO VAN/LIGHT TRUCK 2 AXLES (OVER 10,000LBS (4,536 KG))",BACKING,5,No,2014,INTL,TK,39.03871167,-77.05102667,2022,8,8
220033592,Property Damage Crash,08/05/2022 08:23:00 AM,NA,NA,OPPOSITE DIRECTION SIDESWIPE,Clear,NA,Daylight,NO CONTROLS,NONE DETECTED,No,No Apparent Injury,N/A,NOT DISTRACTED,MD,PASSENGER CAR,MOVING CONSTANT SPEED,5,No,2014,CHEV,CG,39.03871167,-77.05102667,2022,8,8
220033589,Injury Crash,08/05/2022 08:00:00 AM,NEW HAMPSHIRE AVE,NA,SAME DIR REAR END,Clear,DRY,Daylight,TRAFFIC SIGNAL,NONE DETECTED,No,No Apparent Injury,N/A,NOT DISTRACTED,XX,PASSENGER CAR,STOPPED IN TRAFFIC LANE,40,No,2017,TOYOTA,HIGHLANDER,39.06103,-76.998165,2022,8,8
220033589,Injury Crash,08/05/2022 08:00:00 AM,NEW HAMPSHIRE AVE,NA,SAME DIR REAR END,Clear,DRY,Daylight,TRAFFIC SIGNAL,NONE DETECTED,Yes,Possible Minor Injury,N/A,INATTENTIVE OR LOST IN THOUGHT,DC,PASSENGER CAR,MOVING CONSTANT SPEED,40,No,2004,VOLVO,CROSS COUNTRY,39.06103,-76.998165,2022,8,8
220033584,Property Damage Crash,08/05/2022 06:45:00 AM,BROADBIRCH DR,NA,SAME DIR REAR END,Cloudy,N/A,Daylight,TRAFFIC SIGNAL,NONE DETECTED,Yes,No Apparent Injury,N/A,NOT DISTRACTED,MD,PASSENGER CAR,ACCELERATING,35,No,2017,JEEP,SUV,39.06114833,-76.99821,2022,8,6
220033584,Property Damage Crash,08/05/2022 06:45:00 AM,BROADBIRCH DR,NA,SAME DIR REAR END,Cloudy,N/A,Daylight,TRAFFIC SIGNAL,NONE DETECTED,No,No Apparent Injury,N/A,NOT DISTRACTED,MN,PASSENGER CAR,STOPPED IN TRAFFIC LANE,35,No,2021,HYUNDAI,TUCSON,39.06114833,-76.99821,2022,8,6
220033579,Property Damage Crash,08/05/2022 03:59:00 AM,CAPITAL BELTWAY,NA,SAME DIRECTION SIDESWIPE,Clear,WET,Medium,NO CONTROLS,NONE DETECTED,Yes,No Apparent Injury,N/A,UNKNOWN,DC,(SPORT) UTILITY VEHICLE,MOVING CONSTANT SPEED,55,No,2010,VOLVO,XC90,39.013865,-77.034318,2022,8,3
220033579,Property Damage Crash,08/05/2022 03:59:00 AM,CAPITAL BELTWAY,NA,SAME DIRECTION SIDESWIPE,Clear,WET,Medium,NO CONTROLS,NONE DETECTED,No,No Apparent Injury,N/A,NOT DISTRACTED,MD,PASSENGER CAR,MOVING CONSTANT SPEED,55,No,2018,HONDA,4S,39.013865,-77.034318,2022,8,3
220033578,Property Damage Crash,08/05/2022 03:36:00 AM,WOOTTON PKWY,NA,SINGLE VEHICLE,Rain,WET,Medium,N/A,NONE DETECTED,Yes,No Apparent Injury,"RAIN, SNOW, WET",NOT DISTRACTED,MD,PASSENGER CAR,NEGOTIATING A CURVE,35,No,2020,TOYOTA,CAMRY,39.06682983,-77.1512575,2022,8,3
220033570,Property Damage Crash,08/04/2022 11:29:00 PM,BROADBIRCH DR,NA,SAME DIR REAR END,Rain,WET,Medium,NO CONTROLS,NONE DETECTED,Yes,No Apparent Injury,"RAIN, SNOW, WET",INATTENTIVE OR LOST IN THOUGHT,NA,PASSENGER CAR,ACCELERATING,30,No,2012,TOYOTA,CAMRY,39.05573167,-76.95955333,2022,8,23
220033570,Property Damage Crash,08/04/2022 11:29:00 PM,BROADBIRCH DR,NA,SAME DIR REAR END,Rain,WET,Medium,NO CONTROLS,NONE DETECTED,No,No Apparent Injury,"RAIN, SNOW, WET",NOT DISTRACTED,MD,PASSENGER CAR,MOVING CONSTANT SPEED,30,No,2017,TOYOTA,RAV4,39.05573167,-76.95955333,2022,8,23
220033569,Injury Crash,08/04/2022 11:27:00 PM,SAM EIG HWY,NA,SINGLE VEHICLE,Rain,WET,Medium,TRAFFIC SIGNAL,ALCOHOL PRESENT,Yes,Possible Minor Injury,"RAIN, SNOW, WET",NOT DISTRACTED,MD,PASSENGER CAR,MOVING CONSTANT SPEED,45,No,2005,CHEVROLET,ASTRO,39.11273,-77.21033167,2022,8,23
220033566,Property Damage Crash,08/04/2022 11:00:00 PM,GERMANTOWN RD,NA,SINGLE VEHICLE,Rain,WET,Medium,NO CONTROLS,NONE DETECTED,Yes,No Apparent Injury,N/A,NOT DISTRACTED,MD,PASSENGER CAR,MOVING CONSTANT SPEED,40,No,2022,HONDA,CIVIC,39.164001,-77.28233067,2022,8,23
220033567,Property Damage Crash,08/04/2022 11:00:00 PM,RIVER RD,NA,SINGLE VEHICLE,Rain,WET,Medium,NO CONTROLS,NONE DETECTED,Yes,No Apparent Injury,"RAIN, SNOW, WET",NOT DISTRACTED,MD,POLICE VEHICLE/NON EMERGENCY,ACCELERATING,35,No,2019,DODGE,CHARGER,38.99168367,-77.159972,2022,8,23
220033564,Injury Crash,08/04/2022 10:40:00 PM,EISENHOWER MEMORIAL HWY,NA,SINGLE VEHICLE,Rain,WET,Dark,NO CONTROLS,NONE DETECTED,Yes,Suspected Serious Injury,"RAIN, SNOW, WET",NOT DISTRACTED,MD,PASSENGER CAR,NEGOTIATING A CURVE,55,No,2007,TOYOTA,TACOMA,39.14150667,-77.212655,2022,8,22
220033560,Injury Crash,08/04/2022 09:45:00 PM,WOODFIELD RD,NA,SINGLE VEHICLE,Rain,WET,Dark,NO CONTROLS,NONE DETECTED,Yes,Possible Minor Injury,"RAIN, SNOW, WET",NOT DISTRACTED,MD,(SPORT) UTILITY VEHICLE,MOVING CONSTANT SPEED,50,No,2017,FORD,ESCAPE,39.23403333,-77.17959333,2022,8,21
220033561,Property Damage Crash,08/04/2022 09:28:00 PM,MONTROSE RD,NA,SINGLE VEHICLE,Rain,WET,Medium,N/A,NONE DETECTED,Yes,No Apparent Injury,"RAIN, SNOW, WET",UNKNOWN,MD,PASSENGER CAR,NEGOTIATING A CURVE,35,No,2008,HONDA,CIVIC,39.052835,-77.135911,2022,8,21
220033554,Property Damage Crash,08/04/2022 08:32:00 PM,NA,NA,OPPOSITE DIRECTION SIDESWIPE,Rain,NA,Medium,NO CONTROLS,ALCOHOL PRESENT,Yes,No Apparent Injury,N/A,UNKNOWN,MD,PICKUP TRUCK,STARTING FROM PARKED,0,No,2012,DODGE,RAM 1500,38.992469,-76.992597,2022,8,20
220033554,Property Damage Crash,08/04/2022 08:32:00 PM,NA,NA,OPPOSITE DIRECTION SIDESWIPE,Rain,NA,Medium,NO CONTROLS,NONE DETECTED,No,No Apparent Injury,N/A,NOT DISTRACTED,MD,PASSENGER CAR,PARKING,0,No,2006,ACURA,4S,38.992469,-76.992597,2022,8,20
220033533,Property Damage Crash,08/04/2022 05:43:00 PM,COLESVILLE RD,NA,SAME DIRECTION LEFT TURN,Clear,DRY,Daylight,N/A,NONE DETECTED,Yes,No Apparent Injury,N/A,LOOKED BUT DID NOT SEE,MD,PASSENGER CAR,MAKING U TURN,35,No,2019,CHEV,4S,38.99839833,-77.02641667,2022,8,17
220033530,Property Damage Crash,08/04/2022 05:43:00 PM,NORBECK RD,NA,HEAD ON LEFT TURN,Rain,WET,Daylight,TRAFFIC SIGNAL,NONE DETECTED,No,No Apparent Injury,"N/A, WET",NOT DISTRACTED,MD,PASSENGER CAR,STOPPED IN TRAFFIC LANE,25,No,2018,HONDA,4S,39.0951,-77.11263,2022,8,17
220033533,Property Damage Crash,08/04/2022 05:43:00 PM,COLESVILLE RD,NA,SAME DIRECTION LEFT TURN,Clear,DRY,Daylight,N/A,NONE DETECTED,No,No Apparent Injury,N/A,NOT DISTRACTED,MD,PASSENGER CAR,MOVING CONSTANT SPEED,35,No,2018,INTL,TK,38.99839833,-77.02641667,2022,8,17
220033530,Property Damage Crash,08/04/2022 05:43:00 PM,NORBECK RD,NA,HEAD ON LEFT TURN,Rain,WET,Daylight,TRAFFIC SIGNAL,NONE DETECTED,No,No Apparent Injury,"N/A, WET",NOT DISTRACTED,MD,VAN,MOVING CONSTANT SPEED,50,No,2020,NISSAN,VAN,39.0951,-77.11263,2022,8,17
220033530,Property Damage Crash,08/04/2022 05:43:00 PM,NORBECK RD,NA,HEAD ON LEFT TURN,Rain,WET,Daylight,TRAFFIC SIGNAL,NONE DETECTED,Yes,No Apparent Injury,"N/A, WET",UNKNOWN,MD,PASSENGER CAR,MAKING LEFT TURN,45,No,2009,MINI,COOPER,39.0951,-77.11263,2022,8,17
220033539,Property Damage Crash,08/04/2022 05:37:00 PM,HAVARD ST,NA,SAME DIRECTION SIDESWIPE,Cloudy,DRY,Daylight,NO CONTROLS,NONE DETECTED,Yes,No Apparent Injury,N/A,NOT DISTRACTED,MD,PASSENGER CAR,MOVING CONSTANT SPEED,25,No,2000,TOYOTA,TACOMA,39.06023392,-77.08612669,2022,8,17
220033527,Property Damage Crash,08/04/2022 05:32:00 PM,NA,NA,OTHER,Clear,NA,Daylight,N/A,NONE DETECTED,Yes,No Apparent Injury,N/A,UNKNOWN,NA,(SPORT) UTILITY VEHICLE,UNKNOWN,0,No,2010,ACURA,MDX,39.02413975,-77.14617655,2022,8,17
220033527,Property Damage Crash,08/04/2022 05:32:00 PM,NA,NA,OTHER,Clear,NA,Daylight,N/A,NONE DETECTED,No,No Apparent Injury,N/A,NOT DISTRACTED,MD,PASSENGER CAR,STARTING FROM PARKED,0,No,2015,CHEVY,IMPALA,39.02413975,-77.14617655,2022,8,17
220035677,Property Damage Crash,08/04/2022 05:30:00 PM,NA,NA,STRAIGHT MOVEMENT ANGLE,Clear,NA,Daylight,N/A,NONE DETECTED,Yes,No Apparent Injury,N/A,UNKNOWN,MD,PASSENGER CAR,ACCELERATING,0,No,2019,KIA,FORTE,39.2538845,-77.1949327,2022,8,17
220033525,Property Damage Crash,08/04/2022 05:16:00 PM,SEVEN LOCKS RD,NA,SAME DIR REAR END,Clear,DRY,Daylight,TRAFFIC SIGNAL,NONE DETECTED,No,No Apparent Injury,N/A,NOT DISTRACTED,FL,PASSENGER CAR,SLOWING OR STOPPING,35,No,2017,FORD,C-MAX HYBRID,38.97017,-77.112715,2022,8,17
220033525,Property Damage Crash,08/04/2022 05:16:00 PM,SEVEN LOCKS RD,NA,SAME DIR REAR END,Clear,DRY,Daylight,TRAFFIC SIGNAL,NONE DETECTED,Yes,No Apparent Injury,N/A,INATTENTIVE OR LOST IN THOUGHT,AK,OTHER BUS,MOVING CONSTANT SPEED,35,No,1996,FORD,M CLASS,38.97017,-77.112715,2022,8,17
220033521,Injury Crash,08/04/2022 05:00:00 PM,EXECUTIVE BLVD,OTHER CONVEYANCE,OTHER,Cloudy,DRY,Daylight,NO CONTROLS,NONE DETECTED,Yes,No Apparent Injury,N/A,LOOKED BUT DID NOT SEE,VA,PASSENGER CAR,MAKING RIGHT TURN,30,No,2017,FORD,FUSION,39.04904833,-77.12326333,2022,8,17
220033522,Property Damage Crash,08/04/2022 05:00:00 PM,KENTLANDS BLVD,NA,SAME DIR REAR END,Clear,DRY,Daylight,TRAFFIC SIGNAL,NONE DETECTED,No,No Apparent Injury,N/A,NOT DISTRACTED,MD,PASSENGER CAR,SLOWING OR STOPPING,25,No,2011,NISSAN,ALTIMA,39.123573,-77.231661,2022,8,17
220033522,Property Damage Crash,08/04/2022 05:00:00 PM,KENTLANDS BLVD,NA,SAME DIR REAR END,Clear,DRY,Daylight,TRAFFIC SIGNAL,NONE DETECTED,Yes,No Apparent Injury,N/A,NOT DISTRACTED,MD,VAN,ACCELERATING,25,No,2008,DODGE,GRAND CARAVAN,39.123573,-77.231661,2022,8,17