Local Case Number,ACRS Report Type,Crash Date/Time,Road Name,Related Non-Motorist,Collision Type,Weather,Surface Condition,Light,Traffic Control,Driver Substance Abuse,Driver At Fault,Injury Severity,Circumstance,Driver Distracted By,Drivers License State,Vehicle Body Type,Vehicle Movement,Speed Limit,Driverless Vehicle,Vehicle Year,Vehicle Make,Vehicle Model,Latitude,Longitude,Year,Month,Hour
220033500,Property Damage Crash,08/04/2022 02:52:00 PM,NA,NA,HEAD ON LEFT TURN,Clear,NA,Daylight,N/A,NONE DETECTED,No,No Apparent Injury,N/A,NOT DISTRACTED,MD,PASSENGER CAR,MAKING RIGHT TURN,0,No,2005,HONDA,SW,39.12780909,-77.20097935,2022,8,14
220033500,Property Damage Crash,08/04/2022 02:52:00 PM,NA,NA,HEAD ON LEFT TURN,Clear,NA,Daylight,N/A,NONE DETECTED,Yes,No Apparent Injury,N/A,NOT DISTRACTED,MD,VAN,MAKING LEFT TURN,0,No,2022,CHEV,VAN,39.12780909,-77.20097935,2022,8,14
220033493,Property Damage Crash,08/04/2022 02:21:00 PM,COLESVILLE RD,NA,SAME DIR REAR END,Clear,DRY,Daylight,NO CONTROLS,NONE DETECTED,No,No Apparent Injury,N/A,NOT DISTRACTED,MD,PASSENGER CAR,STOPPED IN TRAFFIC LANE,35,No,2016,SUBARU,SUV,39.02311167,-77.01123917,2022,8,14
220033493,Property Damage Crash,08/04/2022 02:21:00 PM,COLESVILLE RD,NA,SAME DIR REAR END,Clear,DRY,Daylight,NO CONTROLS,NONE DETECTED,No,No Apparent Injury,N/A,NOT DISTRACTED,MD,PICKUP TRUCK,MOVING CONSTANT SPEED,35,No,2004,FORD,F250,39.02311167,-77.01123917,2022,8,14
220033493,Property Damage Crash,08/04/2022 02:21:00 PM,COLESVILLE RD,NA,SAME DIR REAR END,Clear,DRY,Daylight,NO CONTROLS,NONE DETECTED,Yes,No Apparent Injury,N/A,NOT DISTRACTED,MD,PASSENGER CAR,MOVING CONSTANT SPEED,35,No,2015,NISSAN,ALTIMA,39.02311167,-77.01123917,2022,8,14
220033494,Property Damage Crash,08/04/2022 02:10:00 PM,WELLER RD,NA,OTHER,Clear,DRY,Daylight,STOP SIGN,NONE DETECTED,Yes,No Apparent Injury,N/A,LOOKED BUT DID NOT SEE,MD,PASSENGER CAR,BACKING,25,No,2012,TOYT,RAV4,39.06617167,-77.05901833,2022,8,14
220033494,Property Damage Crash,08/04/2022 02:10:00 PM,WELLER RD,NA,OTHER,Clear,DRY,Daylight,STOP SIGN,NONE DETECTED,No,No Apparent Injury,N/A,NOT DISTRACTED,MD,PASSENGER CAR,STOPPED IN TRAFFIC LANE,25,No,2011,FORD,ESCAPE,39.06617167,-77.05901833,2022,8,14
220033487,Property Damage Crash,08/04/2022 01:15:00 PM,QUINCE ORCHARD RD,NA,SAME DIRECTION LEFT TURN,Clear,DRY,Daylight,NO CONTROLS,NONE DETECTED,No,No Apparent Injury,N/A,NOT DISTRACTED,MD,"CARGO VAN/LIGHT TRUCK 2 AXLES (OVER 10,000LBS (4,536 KG))",MOVING CONSTANT SPEED,40,No,2019,FORD,TK,39.14248803,-77.22102305,2022,8,13
220033487,Property Damage Crash,08/04/2022 01:15:00 PM,QUINCE ORCHARD RD,NA,SAME DIRECTION LEFT TURN,Clear,DRY,Daylight,NO CONTROLS,NONE DETECTED,Yes,No Apparent Injury,N/A,UNKNOWN,MD,PASSENGER CAR,MOVING CONSTANT SPEED,40,No,2017,KIA,4S,39.14248803,-77.22102305,2022,8,13
220033484,Property Damage Crash,08/04/2022 01:07:00 PM,W DIAMOND AVE,NA,SAME DIRECTION SIDESWIPE,Clear,DRY,Daylight,NO CONTROLS,NONE DETECTED,No,No Apparent Injury,N/A,NOT DISTRACTED,MD,PASSENGER CAR,MOVING CONSTANT SPEED,35,No,2018,CHEV,TK,39.14071807,-77.21447187,2022,8,13
220033484,Property Damage Crash,08/04/2022 01:07:00 PM,W DIAMOND AVE,NA,SAME DIRECTION SIDESWIPE,Clear,DRY,Daylight,NO CONTROLS,NONE DETECTED,Yes,No Apparent Injury,N/A,LOOKED BUT DID NOT SEE,NA,NA,MAKING LEFT TURN,35,No,0,UNKNOWN,UNKNOWN,39.14071807,-77.21447187,2022,8,13
220033467,Property Damage Crash,08/04/2022 11:02:00 AM,W MONTGOMERY AVE,NA,SAME DIR REAR END,Clear,DRY,Daylight,TRAFFIC SIGNAL,NONE DETECTED,No,No Apparent Injury,N/A,NOT DISTRACTED,MD,PASSENGER CAR,STOPPED IN TRAFFIC LANE,35,No,2020,KIA,UT,39.09105283,-77.17949317,2022,8,11
220033467,Property Damage Crash,08/04/2022 11:02:00 AM,W MONTGOMERY AVE,NA,SAME DIR REAR END,Clear,DRY,Daylight,TRAFFIC SIGNAL,NONE DETECTED,Yes,No Apparent Injury,N/A,NOT DISTRACTED,MD,PASSENGER CAR,MOVING CONSTANT SPEED,35,No,2012,KIA,UT,39.09105283,-77.17949317,2022,8,11
220033456,Property Damage Crash,08/04/2022 08:39:00 AM,GEORGIA AVE,NA,SAME DIR REAR END,Clear,DRY,Daylight,TRAFFIC SIGNAL,NONE DETECTED,No,No Apparent Injury,N/A,NOT DISTRACTED,DC,PASSENGER CAR,STARTING FROM LANE,35,No,2018,FORD,7350,39.06004333,-77.05134167,2022,8,8
220033456,Property Damage Crash,08/04/2022 08:39:00 AM,GEORGIA AVE,NA,SAME DIR REAR END,Clear,DRY,Daylight,TRAFFIC SIGNAL,NONE DETECTED,Yes,No Apparent Injury,N/A,LOOKED BUT DID NOT SEE,MD,PASSENGER CAR,STARTING FROM LANE,35,No,2022,VOLKSWAGEN,TIGUAN,39.06004333,-77.05134167,2022,8,8
220033450,Property Damage Crash,08/04/2022 08:00:00 AM,RANDOLPH RD,NA,SAME DIR REAR END,Clear,DRY,Daylight,NO CONTROLS,NONE DETECTED,Yes,No Apparent Injury,N/A,NOT DISTRACTED,MD,(SPORT) UTILITY VEHICLE,MOVING CONSTANT SPEED,40,No,2005,TOYOTA,HIGHLANDER,39.075655,-77.00375,2022,8,8
220033450,Property Damage Crash,08/04/2022 08:00:00 AM,RANDOLPH RD,NA,SAME DIR REAR END,Clear,DRY,Daylight,NO CONTROLS,NONE DETECTED,No,No Apparent Injury,N/A,NOT DISTRACTED,MD,OTHER,MAKING RIGHT TURN,40,No,2020,STRAIGHT,TK,39.075655,-77.00375,2022,8,8
220033437,Property Damage Crash,08/04/2022 04:20:00 AM,PINNEBERG AVE,NA,OTHER,Clear,DRY,Medium,N/A,ALCOHOL PRESENT,Yes,No Apparent Injury,N/A,UNKNOWN,MD,STATION WAGON,MOVING CONSTANT SPEED,25,No,2018,NISSAN,MURANO,39.07803993,-77.1137021,2022,8,4
220033606,Property Damage Crash,08/04/2022 12:40:00 AM,EAST WEST HWY,NA,ANGLE MEETS LEFT TURN,Clear,DRY,Dark,TRAFFIC SIGNAL,NONE DETECTED,Yes,No Apparent Injury,N/A,UNKNOWN,NA,UNKNOWN,MAKING LEFT TURN,30,No,0,UNKNOWN,UNKNOWN,38.99579,-77.038455,2022,8,0
220033606,Property Damage Crash,08/04/2022 12:40:00 AM,EAST WEST HWY,NA,ANGLE MEETS LEFT TURN,Clear,DRY,Dark,TRAFFIC SIGNAL,NONE DETECTED,No,No Apparent Injury,N/A,NOT DISTRACTED,MD,(SPORT) UTILITY VEHICLE,MOVING CONSTANT SPEED,30,No,2013,HYUN,TUSCAN,38.99579,-77.038455,2022,8,0
220033426,Property Damage Crash,08/04/2022 12:16:00 AM,COLESVILLE RD,NA,OTHER,Clear,DRY,Medium,NO CONTROLS,NONE DETECTED,No,No Apparent Injury,N/A,NOT DISTRACTED,MD,OTHER BUS,ACCELERATING,35,No,2021,NEWFLYER,BUS,39.00150667,-77.02510833,2022,8,0
220033426,Property Damage Crash,08/04/2022 12:16:00 AM,COLESVILLE RD,NA,OTHER,Clear,DRY,Medium,NO CONTROLS,NONE DETECTED,Yes,No Apparent Injury,N/A,NOT DISTRACTED,MD,PASSENGER CAR,MOVING CONSTANT SPEED,35,No,2018,INFI,TK,39.00150667,-77.02510833,2022,8,0
220033415,Property Damage Crash,08/03/2022 10:03:00 PM,NA,NA,HEAD ON,Clear,NA,Medium,N/A,NONE DETECTED,Yes,No Apparent Injury,N/A,UNKNOWN,MD,AMBULANCE/NON EMERGENCY,BACKING,15,No,2018,FREIGHTLINER,M2,39.1417869,-77.2295535,2022,8,22
220033382,Property Damage Crash,08/03/2022 07:00:00 PM,CONNECTICUT AVE,NA,SAME DIRECTION RIGHT TURN,Clear,DRY,Medium,TRAFFIC SIGNAL,NONE DETECTED,Yes,No Apparent Injury,N/A,LOOKED BUT DID NOT SEE,MD,PASSENGER CAR,MAKING RIGHT TURN,35,No,2002,NISS,4S,39.083525,-77.07862167,2022,8,19
220033382,Property Damage Crash,08/03/2022 07:00:00 PM,CONNECTICUT AVE,NA,SAME DIRECTION RIGHT TURN,Clear,DRY,Medium,TRAFFIC SIGNAL,NONE DETECTED,No,No Apparent Injury,N/A,NOT DISTRACTED,MD,TRANSIT BUS,STARTING FROM LANE,35,No,2013,GILL,BUS,39.083525,-77.07862167,2022,8,19
220033380,Property Damage Crash,08/03/2022 06:23:00 PM,NA,NA,OTHER,Clear,NA,Daylight,NO CONTROLS,NONE DETECTED,No,No Apparent Injury,N/A,NOT DISTRACTED,MD,PASSENGER CAR,PARKED,10,No,2006,JEEP,UT,39.12874862,-77.18535552,2022,8,18
220033380,Property Damage Crash,08/03/2022 06:23:00 PM,NA,NA,OTHER,Clear,NA,Daylight,NO CONTROLS,NONE DETECTED,Yes,No Apparent Injury,N/A,UNKNOWN,NA,PASSENGER CAR,BACKING,10,No,2019,HONDA,CIVIC,39.12874862,-77.18535552,2022,8,18
220033376,Property Damage Crash,08/03/2022 06:10:00 PM,BONIFANT RD,NA,SAME DIR REAR END,Clear,DRY,Daylight,TRAFFIC SIGNAL,NONE DETECTED,No,No Apparent Injury,N/A,NOT DISTRACTED,MD,PASSENGER CAR,STOPPED IN TRAFFIC LANE,35,No,2015,HOND,CR-V,39.092815,-77.01455833,2022,8,18
220033376,Property Damage Crash,08/03/2022 06:10:00 PM,BONIFANT RD,NA,SAME DIR REAR END,Clear,DRY,Daylight,TRAFFIC SIGNAL,NONE DETECTED,Yes,No Apparent Injury,N/A,LOOKED BUT DID NOT SEE,MD,PASSENGER CAR,MOVING CONSTANT SPEED,35,No,2014,HONDA,ACCORD,39.092815,-77.01455833,2022,8,18
220033374,Property Damage Crash,08/03/2022 06:01:00 PM,GEORGIA AVE,NA,SAME DIR REAR END,Clear,DRY,Daylight,N/A,NONE DETECTED,Yes,No Apparent Injury,N/A,UNKNOWN,NA,PASSENGER CAR,MOVING CONSTANT SPEED,35,No,2018,MITS,SU,38.99380833,-77.02672167,2022,8,18
220033374,Property Damage Crash,08/03/2022 06:01:00 PM,GEORGIA AVE,NA,SAME DIR REAR END,Clear,DRY,Daylight,N/A,NONE DETECTED,No,No Apparent Injury,N/A,NOT DISTRACTED,MD,PASSENGER CAR,SLOWING OR STOPPING,35,No,2016,HOND,4S,38.99380833,-77.02672167,2022,8,18
220033374,Property Damage Crash,08/03/2022 06:01:00 PM,GEORGIA AVE,NA,SAME DIR REAR END,Clear,DRY,Daylight,N/A,NONE DETECTED,No,No Apparent Injury,N/A,NOT DISTRACTED,MD,PASSENGER CAR,SLOWING OR STOPPING,35,No,2011,TOYT,TK,38.99380833,-77.02672167,2022,8,18
220033355,Injury Crash,08/03/2022 04:00:00 PM,FREDERICK RD,NA,HEAD ON LEFT TURN,Clear,DRY,Daylight,TRAFFIC SIGNAL,NONE DETECTED,Unknown,Suspected Serious Injury,N/A,UNKNOWN,MD,PASSENGER CAR,MOVING CONSTANT SPEED,40,No,1976,FORD,TORINO,39.1173014,-77.1689695,2022,8,16
220033355,Injury Crash,08/03/2022 04:00:00 PM,FREDERICK RD,NA,HEAD ON LEFT TURN,Clear,DRY,Daylight,TRAFFIC SIGNAL,NONE DETECTED,Unknown,Possible Minor Injury,N/A,NOT DISTRACTED,MD,(SPORT) UTILITY VEHICLE,MAKING LEFT TURN,40,No,2016,BUICK,ENCLAVE,39.1173014,-77.1689695,2022,8,16
220033354,Property Damage Crash,08/03/2022 03:57:00 PM,NA,NA,STRAIGHT MOVEMENT ANGLE,Clear,NA,Daylight,NO CONTROLS,NONE DETECTED,No,No Apparent Injury,N/A,NOT DISTRACTED,MD,PASSENGER CAR,MOVING CONSTANT SPEED,5,No,2018,HOND,SD,39.06478167,-77.12796117,2022,8,15
220033354,Property Damage Crash,08/03/2022 03:57:00 PM,NA,NA,STRAIGHT MOVEMENT ANGLE,Clear,NA,Daylight,NO CONTROLS,NONE DETECTED,Yes,No Apparent Injury,N/A,LOOKED BUT DID NOT SEE,MD,PASSENGER CAR,ACCELERATING,5,No,2016,FORD,4S,39.06478167,-77.12796117,2022,8,15
220033349,Property Damage Crash,08/03/2022 03:56:00 PM,COLESVILLE RD,NA,HEAD ON LEFT TURN,Clear,DRY,Daylight,TRAFFIC SIGNAL,NONE DETECTED,Yes,No Apparent Injury,N/A,LOOKED BUT DID NOT SEE,MD,PASSENGER CAR,MAKING LEFT TURN,35,No,2009,MERZ,C300,39.01206167,-77.016845,2022,8,15
220033349,Property Damage Crash,08/03/2022 03:56:00 PM,COLESVILLE RD,NA,HEAD ON LEFT TURN,Clear,DRY,Daylight,TRAFFIC SIGNAL,NONE DETECTED,No,No Apparent Injury,N/A,NOT DISTRACTED,MD,PASSENGER CAR,MOVING CONSTANT SPEED,35,No,2007,MAZD,MAZDSPEED,39.01206167,-77.016845,2022,8,15
220033335,Property Damage Crash,08/03/2022 02:45:00 PM,COLESVILLE RD,NA,SAME DIR REAR END,Clear,DRY,Daylight,NO CONTROLS,NONE DETECTED,No,No Apparent Injury,N/A,NOT DISTRACTED,MD,PASSENGER CAR,STOPPED IN TRAFFIC LANE,35,No,2007,TOYT,RAV4,39.01194207,-77.01636435,2022,8,14
220033335,Property Damage Crash,08/03/2022 02:45:00 PM,COLESVILLE RD,NA,SAME DIR REAR END,Clear,DRY,Daylight,NO CONTROLS,NONE DETECTED,Yes,No Apparent Injury,N/A,OTHER DISTRACTION,MD,PASSENGER CAR,MOVING CONSTANT SPEED,35,No,2012,VOLKS,PASSAT,39.01194207,-77.01636435,2022,8,14
22003338,Injury Crash,08/03/2022 02:43:00 PM,PINEY BRANCH RD,NA,SAME DIR REAR END,Clear,DRY,Daylight,NO CONTROLS,NONE DETECTED,Yes,No Apparent Injury,N/A,DISTRACTED BY OUTSIDE PERSON OBJECT OR EVENT,DC,(SPORT) UTILITY VEHICLE,MOVING CONSTANT SPEED,30,No,2018,JEEP,COMPASS,38.99219,-77.009895,2022,8,14
22003338,Injury Crash,08/03/2022 02:43:00 PM,PINEY BRANCH RD,NA,SAME DIR REAR END,Clear,DRY,Daylight,NO CONTROLS,NONE DETECTED,No,Possible Minor Injury,N/A,NOT DISTRACTED,MD,PICKUP TRUCK,SLOWING OR STOPPING,30,No,2016,DODGE,RAM,38.99219,-77.009895,2022,8,14
220033362,Property Damage Crash,08/03/2022 02:14:00 PM,NA,NA,OTHER,Clear,NA,Daylight,NO CONTROLS,NONE DETECTED,Yes,No Apparent Injury,N/A,NOT DISTRACTED,MD,(SPORT) UTILITY VEHICLE,BACKING,10,No,2021,HONDA,CRV,39.04705167,-77.103455,2022,8,14
220033362,Property Damage Crash,08/03/2022 02:14:00 PM,NA,NA,OTHER,Clear,NA,Daylight,NO CONTROLS,NONE DETECTED,No,No Apparent Injury,N/A,NOT DISTRACTED,MD,PICKUP TRUCK,STOPPED IN TRAFFIC LANE,10,No,2021,NISSAN,FRONTIER,39.04705167,-77.103455,2022,8,14
220033324,Property Damage Crash,08/03/2022 02:08:00 PM,COLUMBIA PIKE,NA,SAME DIR REAR END,Clear,DRY,Daylight,TRAFFIC SIGNAL,NONE DETECTED,No,No Apparent Injury,N/A,NOT DISTRACTED,MD,SCHOOL BUS,STOPPED IN TRAFFIC LANE,35,No,2021,FRHT,SCHOOL BUS,39.03073,-77.005645,2022,8,14
220033324,Property Damage Crash,08/03/2022 02:08:00 PM,COLUMBIA PIKE,NA,SAME DIR REAR END,Clear,DRY,Daylight,TRAFFIC SIGNAL,NONE DETECTED,Yes,No Apparent Injury,N/A,NOT DISTRACTED,MD,PASSENGER CAR,SLOWING OR STOPPING,35,No,2012,HONDA,ACCORD,39.03073,-77.005645,2022,8,14
220033319,Property Damage Crash,08/03/2022 01:30:00 PM,GEORGIA AVE,NA,SAME DIR REAR END,Clear,DRY,Daylight,OTHER,NONE DETECTED,Yes,No Apparent Injury,N/A,UNKNOWN,MD,(SPORT) UTILITY VEHICLE,SLOWING OR STOPPING,30,No,2017,JEEP,TK,39.18509833,-77.063555,2022,8,13
220033319,Property Damage Crash,08/03/2022 01:30:00 PM,GEORGIA AVE,NA,SAME DIR REAR END,Clear,DRY,Daylight,OTHER,NONE DETECTED,No,No Apparent Injury,N/A,NOT DISTRACTED,MD,PICKUP TRUCK,SLOWING OR STOPPING,30,No,2017,CHEV,SILVERADO,39.18509833,-77.063555,2022,8,13
220033319,Property Damage Crash,08/03/2022 01:30:00 PM,GEORGIA AVE,NA,SAME DIR REAR END,Clear,DRY,Daylight,OTHER,NONE DETECTED,No,No Apparent Injury,N/A,OTHER DISTRACTION,MD,PASSENGER CAR,SLOWING OR STOPPING,30,No,2008,VOLKSWAGEN,JETTA,39.18509833,-77.063555,2022,8,13
220033319,Property Damage Crash,08/03/2022 01:30:00 PM,GEORGIA AVE,NA,SAME DIR REAR END,Clear,DRY,Daylight,OTHER,NONE DETECTED,No,No Apparent Injury,N/A,NOT DISTRACTED,MD,(SPORT) UTILITY VEHICLE,SLOWING OR STOPPING,30,No,2014,TOYOTA,HIGHLANDER,39.18509833,-77.063555,2022,8,13
220033308,Property Damage Crash,08/03/2022 12:33:00 PM,NA,NA,OTHER,Clear,NA,Daylight,N/A,NONE DETECTED,Yes,No Apparent Injury,N/A,UNKNOWN,NA,VAN,BACKING,5,No,2006,CHEVY,VAN,39.03983167,-77.05158333,2022,8,12
220033301,Injury Crash,08/03/2022 12:17:00 PM,PARKLAWN DR,NA,HEAD ON LEFT TURN,Clear,DRY,Daylight,TRAFFIC SIGNAL,NONE DETECTED,Yes,No Apparent Injury,N/A,LOOKED BUT DID NOT SEE,MD,PASSENGER CAR,MAKING RIGHT TURN,30,No,2016,MAZD,4S,39.04940833,-77.10245167,2022,8,12
220033301,Injury Crash,08/03/2022 12:17:00 PM,PARKLAWN DR,NA,HEAD ON LEFT TURN,Clear,DRY,Daylight,TRAFFIC SIGNAL,NONE DETECTED,No,Possible Minor Injury,N/A,NOT DISTRACTED,MD,PASSENGER CAR,MOVING CONSTANT SPEED,30,No,2018,SUBA,4S,39.04940833,-77.10245167,2022,8,12
220033297,Property Damage Crash,08/03/2022 12:00:00 PM,MIDDLEBROOK RD,NA,STRAIGHT MOVEMENT ANGLE,Clear,DRY,Daylight,STOP SIGN,NONE DETECTED,Yes,No Apparent Injury,N/A,NOT DISTRACTED,FL,PASSENGER CAR,STARTING FROM LANE,30,No,2019,HYUNDAI,TUCSON,39.18266,-77.27107833,2022,8,12
220033297,Property Damage Crash,08/03/2022 12:00:00 PM,MIDDLEBROOK RD,NA,STRAIGHT MOVEMENT ANGLE,Clear,DRY,Daylight,STOP SIGN,NONE DETECTED,No,No Apparent Injury,N/A,NOT DISTRACTED,MD,PASSENGER CAR,MOVING CONSTANT SPEED,30,No,2013,FORD,TK,39.18266,-77.27107833,2022,8,12
220033289,Injury Crash,08/03/2022 11:20:00 AM,UNIVERSITY BLVD W,BICYCLIST,SAME DIR REAR END,Clear,DRY,Daylight,N/A,NONE DETECTED,Yes,No Apparent Injury,N/A,LOOKED BUT DID NOT SEE,MD,PASSENGER CAR,MOVING CONSTANT SPEED,35,No,2012,TOYT,4S,39.036365,-77.028885,2022,8,11
220033285,Property Damage Crash,08/03/2022 10:59:00 AM,E GUDE DR,NA,ANGLE MEETS RIGHT TURN,Clear,DRY,Daylight,TRAFFIC SIGNAL,NONE DETECTED,Yes,No Apparent Injury,N/A,NOT DISTRACTED,MD,PICKUP TRUCK,RIGHT TURN ON RED,25,No,2021,RAM,3500,39.09756667,-77.13650167,2022,8,10
220033285,Property Damage Crash,08/03/2022 10:59:00 AM,E GUDE DR,NA,ANGLE MEETS RIGHT TURN,Clear,DRY,Daylight,TRAFFIC SIGNAL,NONE DETECTED,No,No Apparent Injury,N/A,NOT DISTRACTED,MD,(SPORT) UTILITY VEHICLE,MOVING CONSTANT SPEED,40,No,2020,VOLK,UT,39.09756667,-77.13650167,2022,8,10
220033267,Property Damage Crash,08/03/2022 09:30:00 AM,KEY WEST AVE,NA,HEAD ON LEFT TURN,Clear,DRY,Daylight,NO CONTROLS,NONE DETECTED,No,No Apparent Injury,N/A,NOT DISTRACTED,MD,PASSENGER CAR,MOVING CONSTANT SPEED,30,No,2013,TOYT,SUV,39.10438167,-77.19244167,2022,8,9
220033267,Property Damage Crash,08/03/2022 09:30:00 AM,KEY WEST AVE,NA,HEAD ON LEFT TURN,Clear,DRY,Daylight,NO CONTROLS,NONE DETECTED,Yes,No Apparent Injury,N/A,LOOKED BUT DID NOT SEE,MD,PASSENGER CAR,MAKING LEFT TURN,30,No,2015,FORD,SUV,39.10438167,-77.19244167,2022,8,9
220033258,Injury Crash,08/03/2022 08:55:00 AM,COLUMBIA PIKE,NA,SAME DIR REAR END,Clear,DRY,Daylight,NO CONTROLS,NONE DETECTED,No,Possible Minor Injury,N/A,NOT DISTRACTED,MD,PASSENGER CAR,STOPPED IN TRAFFIC LANE,40,No,2015,LEXS,SUV,39.03278233,-77.00346583,2022,8,8
220033258,Injury Crash,08/03/2022 08:55:00 AM,COLUMBIA PIKE,NA,SAME DIR REAR END,Clear,DRY,Daylight,NO CONTROLS,NONE DETECTED,No,No Apparent Injury,N/A,NOT DISTRACTED,MD,PASSENGER CAR,STOPPED IN TRAFFIC LANE,40,No,2018,FORD,TK,39.03278233,-77.00346583,2022,8,8
220033258,Injury Crash,08/03/2022 08:55:00 AM,COLUMBIA PIKE,NA,SAME DIR REAR END,Clear,DRY,Daylight,NO CONTROLS,NONE DETECTED,Yes,Possible Minor Injury,N/A,LOOKED BUT DID NOT SEE,MD,PASSENGER CAR,CHANGING LANES,40,No,2014,FORD,2DOOR,39.03278233,-77.00346583,2022,8,8
220033256,Injury Crash,08/03/2022 08:28:00 AM,COLLEGE VIEW DR,NA,ANGLE MEETS LEFT TURN,Clear,DRY,Daylight,STOP SIGN,NONE DETECTED,Yes,No Apparent Injury,N/A,LOOKED BUT DID NOT SEE,MD,PASSENGER CAR,MAKING LEFT TURN,25,No,2018,DODGE,DURANGO,39.04613333,-77.06838667,2022,8,8
220033256,Injury Crash,08/03/2022 08:28:00 AM,COLLEGE VIEW DR,NA,ANGLE MEETS LEFT TURN,Clear,DRY,Daylight,STOP SIGN,NONE DETECTED,No,No Apparent Injury,N/A,NOT DISTRACTED,MD,PASSENGER CAR,MOVING CONSTANT SPEED,25,No,2014,TOYOTA,SIENNA,39.04613333,-77.06838667,2022,8,8
220033250,Property Damage Crash,08/03/2022 07:30:00 AM,DARNESTOWN RD,NA,SINGLE VEHICLE,Clear,DRY,Daylight,NO CONTROLS,NONE DETECTED,No,No Apparent Injury,N/A,NOT DISTRACTED,MD,POLICE VEHICLE/NON EMERGENCY,MOVING CONSTANT SPEED,50,No,2014,DODGE,CHARGER,39.14985,-77.36073333,2022,8,7
220033252,Property Damage Crash,08/03/2022 07:30:00 AM,QUINCE ORCHARD RD,NA,SAME DIRECTION SIDESWIPE,Clear,DRY,Daylight,NO CONTROLS,NONE DETECTED,Yes,No Apparent Injury,N/A,LOOKED BUT DID NOT SEE,MD,PASSENGER CAR,CHANGING LANES,35,No,2017,KIA,SOUL,39.14902243,-77.21643017,2022,8,7
220033252,Property Damage Crash,08/03/2022 07:30:00 AM,QUINCE ORCHARD RD,NA,SAME DIRECTION SIDESWIPE,Clear,DRY,Daylight,NO CONTROLS,NONE DETECTED,No,No Apparent Injury,N/A,NOT DISTRACTED,MD,PASSENGER CAR,MOVING CONSTANT SPEED,35,No,2001,MERZ,4S,39.14902243,-77.21643017,2022,8,7
220033249,Injury Crash,08/03/2022 06:44:00 AM,FREDERICK RD,OTHER,OTHER,Clear,DRY,Daylight,TRAFFIC SIGNAL,NONE DETECTED,Unknown,No Apparent Injury,N/A,LOOKED BUT DID NOT SEE,MD,(SPORT) UTILITY VEHICLE,MAKING RIGHT TURN,35,No,2004,HONDA,PILOT,39.106885,-77.15823833,2022,8,6
220033239,Property Damage Crash,08/03/2022 01:00:00 AM,VEIRS MILL RD,NA,STRAIGHT MOVEMENT ANGLE,Clear,DRY,Medium,TRAFFIC SIGNAL,NONE DETECTED,Yes,No Apparent Injury,N/A,LOOKED BUT DID NOT SEE,PA,PASSENGER CAR,MAKING LEFT TURN,35,No,2018,VOLKSWAGON,SW,39.0749,-77.11563,2022,8,1
220033239,Property Damage Crash,08/03/2022 01:00:00 AM,VEIRS MILL RD,NA,STRAIGHT MOVEMENT ANGLE,Clear,DRY,Medium,TRAFFIC SIGNAL,NONE DETECTED,No,No Apparent Injury,N/A,NOT DISTRACTED,MD,PASSENGER CAR,MOVING CONSTANT SPEED,35,No,2012,TOYOTA,PC,39.0749,-77.11563,2022,8,1
220033229,Injury Crash,08/02/2022 09:40:00 PM,GEORGIA AVE,NA,SAME DIR REAR END,Clear,DRY,Medium,N/A,NONE DETECTED,Yes,No Apparent Injury,N/A,NOT DISTRACTED,NA,PASSENGER CAR,CHANGING LANES,35,No,2017,DODGE,CHARGER,39.051285,-77.05151167,2022,8,21
220033229,Injury Crash,08/02/2022 09:40:00 PM,GEORGIA AVE,NA,SAME DIR REAR END,Clear,DRY,Medium,N/A,NONE DETECTED,No,Possible Minor Injury,N/A,NOT DISTRACTED,MD,PASSENGER CAR,CHANGING LANES,35,No,2006,JEEP,GRAND CHEROKEE,39.051285,-77.05151167,2022,8,21
220033219,Property Damage Crash,08/02/2022 08:41:00 PM,GARLAND AVE,NA,SAME DIR REAR END,Clear,DRY,Medium,NO CONTROLS,ALCOHOL PRESENT,Yes,No Apparent Injury,N/A,UNKNOWN,DC,PASSENGER CAR,MOVING CONSTANT SPEED,0,No,2005,KIA,SORENTO,39.00077325,-77.00119563,2022,8,20
220033214,Property Damage Crash,08/02/2022 08:30:00 PM,LAYHILL RD,NA,SAME DIR REAR END,Clear,DRY,Medium,TRAFFIC SIGNAL,NONE DETECTED,Yes,No Apparent Injury,N/A,NOT DISTRACTED,MD,PASSENGER CAR,SLOWING OR STOPPING,35,No,2004,HYUN,4S,39.09012167,-77.04463,2022,8,20
220033214,Property Damage Crash,08/02/2022 08:30:00 PM,LAYHILL RD,NA,SAME DIR REAR END,Clear,DRY,Medium,TRAFFIC SIGNAL,NONE DETECTED,No,No Apparent Injury,N/A,NOT DISTRACTED,MD,PASSENGER CAR,STOPPED IN TRAFFIC LANE,35,No,2013,TOYT,VN,39.09012167,-77.04463,2022,8,20
220033197,Property Damage Crash,08/02/2022 06:30:00 PM,NA,NA,OTHER,Clear,NA,Daylight,NO CONTROLS,NONE DETECTED,Yes,No Apparent Injury,N/A,LOOKED BUT DID NOT SEE,MD,PASSENGER CAR,BACKING,5,No,2014,FORD,EDGE,39.10136167,-76.94126167,2022,8,18
220033197,Property Damage Crash,08/02/2022 06:30:00 PM,NA,NA,OTHER,Clear,NA,Daylight,NO CONTROLS,NONE DETECTED,No,No Apparent Injury,N/A,NOT DISTRACTED,MD,PICKUP TRUCK,PARKED,5,No,2018,CHEVY,SILVRADO,39.10136167,-76.94126167,2022,8,18
220033182,Property Damage Crash,08/02/2022 05:15:00 PM,NEBEL ST,NA,SINGLE VEHICLE,Clear,DRY,Daylight,NO CONTROLS,NONE DETECTED,Yes,No Apparent Injury,N/A,LOOKED BUT DID NOT SEE,MD,PASSENGER CAR,MOVING CONSTANT SPEED,35,No,1998,BMW,2H,39.04916833,-77.10681667,2022,8,17
220033185,Property Damage Crash,08/02/2022 05:11:00 PM,NEW HAMPSHIRE AVE SERV RD,NA,OTHER,Clear,DRY,Daylight,NO CONTROLS,NONE DETECTED,No,No Apparent Injury,N/A,NOT DISTRACTED,DC,PASSENGER CAR,MOVING CONSTANT SPEED,30,No,2019,TOYOTA,389,38.9860991,-76.98824931,2022,8,17
220033185,Property Damage Crash,08/02/2022 05:11:00 PM,NEW HAMPSHIRE AVE SERV RD,NA,OTHER,Clear,DRY,Daylight,NO CONTROLS,NONE DETECTED,Yes,No Apparent Injury,N/A,LOOKED BUT DID NOT SEE,NA,VAN,MOVING CONSTANT SPEED,10,Unknown,2000,CHEVY,VAN,38.9860991,-76.98824931,2022,8,17
220033164,Injury Crash,08/02/2022 03:45:00 PM,COLESVILLE RD,PEDESTRIAN,SINGLE VEHICLE,Clear,DRY,Daylight,TRAFFIC SIGNAL,NONE DETECTED,Yes,No Apparent Injury,N/A,LOOKED BUT DID NOT SEE,MD,PASSENGER CAR,MAKING RIGHT TURN,35,No,2021,BMW,PCV,39.019485,-77.01374,2022,8,15
220033166,Property Damage Crash,08/02/2022 03:42:00 PM,NA,NA,SINGLE VEHICLE,Clear,NA,Daylight,NO CONTROLS,NONE DETECTED,Yes,No Apparent Injury,N/A,NOT DISTRACTED,MD,PASSENGER CAR,ACCELERATING,5,No,2005,HOND,4S,39.07953583,-77.1425085,2022,8,15