Local Case Number,ACRS Report Type,Crash Date/Time,Road Name,Related Non-Motorist,Collision Type,Weather,Surface Condition,Light,Traffic Control,Driver Substance Abuse,Driver At Fault,Injury Severity,Circumstance,Driver Distracted By,Drivers License State,Vehicle Body Type,Vehicle Movement,Speed Limit,Driverless Vehicle,Vehicle Year,Vehicle Make,Vehicle Model,Latitude,Longitude,Year,Month,Hour
220033177,Property Damage Crash,08/02/2022 01:06:00 PM,GEORGIA AVE,NA,ANGLE MEETS RIGHT TURN,Clear,DRY,Daylight,NO CONTROLS,NONE DETECTED,No,No Apparent Injury,N/A,NOT DISTRACTED,MD,PASSENGER CAR,MOVING CONSTANT SPEED,25,No,2019,SUBARU,FORESTER,39.041998,-77.051872,2022,8,13
220033177,Property Damage Crash,08/02/2022 01:06:00 PM,GEORGIA AVE,NA,ANGLE MEETS RIGHT TURN,Clear,DRY,Daylight,NO CONTROLS,NONE DETECTED,Yes,No Apparent Injury,N/A,UNKNOWN,XX,PASSENGER CAR,RIGHT TURN ON RED,25,No,2003,TOYOTA,TUNDRA,39.041998,-77.051872,2022,8,13
220033148,Property Damage Crash,08/02/2022 01:05:00 PM,MACARTHUR BLVD,NA,SAME DIR REAR END,Clear,DRY,Daylight,TRAFFIC SIGNAL,NONE DETECTED,No,No Apparent Injury,N/A,NOT DISTRACTED,DC,(SPORT) UTILITY VEHICLE,STOPPED IN TRAFFIC LANE,35,No,2021,TOYOTA,RAV4,38.978604,-77.20707633,2022,8,13
220033148,Property Damage Crash,08/02/2022 01:05:00 PM,MACARTHUR BLVD,NA,SAME DIR REAR END,Clear,DRY,Daylight,TRAFFIC SIGNAL,NONE DETECTED,Yes,No Apparent Injury,N/A,UNKNOWN,MD,PASSENGER CAR,MOVING CONSTANT SPEED,35,No,2013,TOYT,COROLLA,38.978604,-77.20707633,2022,8,13
220033146,Property Damage Crash,08/02/2022 01:00:00 PM,LEGEND OAKS DR,NA,SINGLE VEHICLE,Clear,DRY,Daylight,NO CONTROLS,NONE DETECTED,Yes,No Apparent Injury,N/A,UNKNOWN,MD,PASSENGER CAR,MOVING CONSTANT SPEED,35,No,2008,TOYOTA,HIGHLANDER,39.07074783,-76.93764183,2022,8,13
220033136,Injury Crash,08/02/2022 11:46:00 AM,NA,NA,SAME DIR REAR END,Clear,NA,Daylight,TRAFFIC SIGNAL,NONE DETECTED,Yes,No Apparent Injury,N/A,NOT DISTRACTED,MD,"CARGO VAN/LIGHT TRUCK 2 AXLES (OVER 10,000LBS (4,536 KG))",ACCELERATING,0,No,2019,FORD,ST,39.026135,-77.14415667,2022,8,11
220033136,Injury Crash,08/02/2022 11:46:00 AM,NA,NA,SAME DIR REAR END,Clear,NA,Daylight,TRAFFIC SIGNAL,NONE DETECTED,No,Possible Minor Injury,N/A,NOT DISTRACTED,MD,PASSENGER CAR,STOPPED IN TRAFFIC LANE,5,No,2017,MAZD,SW,39.026135,-77.14415667,2022,8,11
220033123,Injury Crash,08/02/2022 07:00:00 AM,TALBOT AVE,PEDESTRIAN,OTHER,Clear,DRY,Medium,NO CONTROLS,NONE DETECTED,Yes,No Apparent Injury,N/A,NOT DISTRACTED,MD,PASSENGER CAR,BACKING,15,No,2014,HONDA,CIVIC,39.00538167,-77.049815,2022,8,7
220033100,Property Damage Crash,08/02/2022 04:21:00 AM,UNIVERSITY BLVD E,NA,SAME DIR REAR END,Clear,DRY,Medium,NO CONTROLS,NONE DETECTED,No,No Apparent Injury,N/A,NOT DISTRACTED,MD,PASSENGER CAR,MAKING U TURN,35,No,2012,HYUN,SONATA,38.99611,-76.99326167,2022,8,4
220033100,Property Damage Crash,08/02/2022 04:21:00 AM,UNIVERSITY BLVD E,NA,SAME DIR REAR END,Clear,DRY,Medium,NO CONTROLS,NONE DETECTED,Yes,No Apparent Injury,N/A,LOOKED BUT DID NOT SEE,MD,TRANSIT BUS,CHANGING LANES,35,No,2012,GILL,HY,38.99611,-76.99326167,2022,8,4
220033254,Property Damage Crash,08/02/2022 02:25:00 AM,NA,NA,SINGLE VEHICLE,Clear,NA,Medium,NO CONTROLS,NONE DETECTED,No,No Apparent Injury,"N/A, WET",NOT DISTRACTED,MD,PICKUP TRUCK,MOVING CONSTANT SPEED,25,No,2016,FORD,F-150,39.07369833,-77.165135,2022,8,2
220033095,Property Damage Crash,08/02/2022 01:45:00 AM,BRINK RD,NA,SINGLE VEHICLE,Rain,WET,Medium,N/A,NONE DETECTED,Yes,No Apparent Injury,"RAIN, SNOW, WET",NOT DISTRACTED,MD,VAN,MOVING CONSTANT SPEED,35,No,2004,DOSGE,CARAVAN,39.20508467,-77.18656983,2022,8,1
220033092,Property Damage Crash,08/02/2022 12:19:00 AM,FENTON ST,NA,SAME DIR REAR END,Rain,WET,Medium,NO CONTROLS,NONE DETECTED,Yes,No Apparent Injury,"RAIN, SNOW, WET",NOT DISTRACTED,MD,PASSENGER CAR,MOVING CONSTANT SPEED,25,No,2003,TOYOTA,CAMRY,38.99118333,-77.02397833,2022,8,0
220033074,Property Damage Crash,08/01/2022 08:05:00 PM,QUAIL VALLEY DR,NA,SAME DIR REAR END,Clear,DRY,Daylight,STOP SIGN,NONE DETECTED,Yes,No Apparent Injury,N/A,UNKNOWN,MD,PASSENGER CAR,MOVING CONSTANT SPEED,35,No,2009,HONDA,CIVIC,39.1612181,-77.1883148,2022,8,20
220033074,Property Damage Crash,08/01/2022 08:05:00 PM,QUAIL VALLEY DR,NA,SAME DIR REAR END,Clear,DRY,Daylight,STOP SIGN,NONE DETECTED,No,No Apparent Injury,N/A,NOT DISTRACTED,MD,PASSENGER CAR,SLOWING OR STOPPING,35,No,2021,MINI,COOPER,39.1612181,-77.1883148,2022,8,20
220033069,Property Damage Crash,08/01/2022 07:08:00 PM,DENNIS AVE,NA,STRAIGHT MOVEMENT ANGLE,Clear,DRY,Daylight,STOP SIGN,NONE DETECTED,No,No Apparent Injury,N/A,NOT DISTRACTED,MD,PASSENGER CAR,MOVING CONSTANT SPEED,35,No,2011,FORD,FUSION,39.02363,-77.02910167,2022,8,19
220033069,Property Damage Crash,08/01/2022 07:08:00 PM,DENNIS AVE,NA,STRAIGHT MOVEMENT ANGLE,Clear,DRY,Daylight,STOP SIGN,NONE DETECTED,Yes,No Apparent Injury,N/A,LOOKED BUT DID NOT SEE,MD,(SPORT) UTILITY VEHICLE,ACCELERATING,25,No,2013,KIA,SORENTO,39.02363,-77.02910167,2022,8,19
220033069,Property Damage Crash,08/01/2022 07:08:00 PM,DENNIS AVE,NA,STRAIGHT MOVEMENT ANGLE,Clear,DRY,Daylight,STOP SIGN,NONE DETECTED,No,No Apparent Injury,N/A,NOT DISTRACTED,VA,"CARGO VAN/LIGHT TRUCK 2 AXLES (OVER 10,000LBS (4,536 KG))",STOPPED IN TRAFFIC LANE,25,No,2001,ISUZU,NPR HD,39.02363,-77.02910167,2022,8,19
220033073,Property Damage Crash,08/01/2022 07:00:00 PM,FIELDCREST RD,NA,SAME DIRECTION RIGHT TURN,Clear,DRY,Daylight,NO CONTROLS,NONE DETECTED,No,No Apparent Injury,N/A,NOT DISTRACTED,MD,PASSENGER CAR,MOVING CONSTANT SPEED,50,No,2016,ACURA,TK,39.18531159,-77.15068455,2022,8,19
220033073,Property Damage Crash,08/01/2022 07:00:00 PM,FIELDCREST RD,NA,SAME DIRECTION RIGHT TURN,Clear,DRY,Daylight,NO CONTROLS,NONE DETECTED,Yes,No Apparent Injury,N/A,LOOKED BUT DID NOT SEE,MD,PASSENGER CAR,ACCELERATING,50,No,2021,TOYT,4S,39.18531159,-77.15068455,2022,8,19
220033057,Property Damage Crash,08/01/2022 06:00:00 PM,ODENDHAL AVE,NA,HEAD ON LEFT TURN,Clear,DRY,Daylight,TRAFFIC SIGNAL,NONE DETECTED,Yes,No Apparent Injury,N/A,NOT DISTRACTED,MD,PASSENGER CAR,MAKING LEFT TURN,35,No,2022,TOYOTA,COROLLA,39.148507,-77.206979,2022,8,18
220033057,Property Damage Crash,08/01/2022 06:00:00 PM,ODENDHAL AVE,NA,HEAD ON LEFT TURN,Clear,DRY,Daylight,TRAFFIC SIGNAL,NONE DETECTED,No,No Apparent Injury,N/A,NOT DISTRACTED,MD,PASSENGER CAR,MOVING CONSTANT SPEED,35,No,2018,TOYT,SD,39.148507,-77.206979,2022,8,18
220033061,Property Damage Crash,08/01/2022 05:45:00 PM,FIELDS RD,NA,OTHER,Clear,DRY,Daylight,NO CONTROLS,NONE DETECTED,No,No Apparent Injury,N/A,NOT DISTRACTED,MD,PASSENGER CAR,PARKED,15,No,2008,NISS,2S,39.11474417,-77.20714925,2022,8,17
220033061,Property Damage Crash,08/01/2022 05:45:00 PM,FIELDS RD,NA,OTHER,Clear,DRY,Daylight,NO CONTROLS,NONE DETECTED,Yes,No Apparent Injury,N/A,UNKNOWN,NA,PASSENGER CAR,BACKING,15,No,2015,CADILAC,4S,39.11474417,-77.20714925,2022,8,17
220033047,Injury Crash,08/01/2022 04:05:00 PM,GERMANTOWN RD,NA,SAME DIR REAR END,Clear,DRY,Daylight,NO CONTROLS,NONE DETECTED,No,No Apparent Injury,N/A,NOT DISTRACTED,MD,(SPORT) UTILITY VEHICLE,SLOWING OR STOPPING,40,No,2017,SUBA,TK,39.19150833,-77.2454375,2022,8,16
220033047,Injury Crash,08/01/2022 04:05:00 PM,GERMANTOWN RD,NA,SAME DIR REAR END,Clear,DRY,Daylight,NO CONTROLS,ALCOHOL PRESENT,Yes,Possible Minor Injury,N/A,NOT DISTRACTED,MD,(SPORT) UTILITY VEHICLE,MOVING CONSTANT SPEED,40,No,2006,JEEP,CHEROKEE,39.19150833,-77.2454375,2022,8,16
220033045,Property Damage Crash,08/01/2022 03:57:00 PM,NA,NA,OPPOSITE DIRECTION SIDESWIPE,Clear,NA,Daylight,NO CONTROLS,NONE DETECTED,No,No Apparent Injury,N/A,NOT DISTRACTED,MD,OTHER,STOPPED IN TRAFFIC LANE,5,No,2014,HOND,ACCORD,39.01734167,-76.97407,2022,8,15
220033045,Property Damage Crash,08/01/2022 03:57:00 PM,NA,NA,OPPOSITE DIRECTION SIDESWIPE,Clear,NA,Daylight,NO CONTROLS,NONE DETECTED,Yes,No Apparent Injury,N/A,NOT DISTRACTED,MD,SCHOOL BUS,MAKING LEFT TURN,5,No,2020,THMS,BUS,39.01734167,-76.97407,2022,8,15
220033037,Property Damage Crash,08/01/2022 03:26:00 PM,NA,NA,STRAIGHT MOVEMENT ANGLE,Clear,NA,Daylight,STOP SIGN,NONE DETECTED,No,No Apparent Injury,N/A,NOT DISTRACTED,MD,PASSENGER CAR,MOVING CONSTANT SPEED,15,No,2016,KIA,SORENTO,39.19798283,-77.2500915,2022,8,15
220033037,Property Damage Crash,08/01/2022 03:26:00 PM,NA,NA,STRAIGHT MOVEMENT ANGLE,Clear,NA,Daylight,STOP SIGN,NONE DETECTED,Yes,No Apparent Injury,N/A,NOT DISTRACTED,MD,PASSENGER CAR,ACCELERATING,15,No,2014,NISS,4S,39.19798283,-77.2500915,2022,8,15
220033024,Injury Crash,08/01/2022 01:52:00 PM,HUNGERFORD DR,NA,STRAIGHT MOVEMENT ANGLE,Clear,DRY,Daylight,TRAFFIC SIGNAL,NONE DETECTED,Unknown,Possible Minor Injury,N/A,UNKNOWN,MD,PASSENGER CAR,MOVING CONSTANT SPEED,40,No,2019,CHEV,4S,39.10159472,-77.16085462,2022,8,13
220033024,Injury Crash,08/01/2022 01:52:00 PM,HUNGERFORD DR,NA,STRAIGHT MOVEMENT ANGLE,Clear,DRY,Daylight,TRAFFIC SIGNAL,NONE DETECTED,Unknown,Possible Minor Injury,N/A,UNKNOWN,ME,PASSENGER CAR,MAKING LEFT TURN,40,No,2011,TOYT,4S,39.10159472,-77.16085462,2022,8,13
220033022,Property Damage Crash,08/01/2022 01:50:00 PM,RANDOLPH RD,NA,SAME DIR REAR END,Clear,DRY,Daylight,NO CONTROLS,NONE DETECTED,No,No Apparent Injury,N/A,NOT DISTRACTED,DC,(SPORT) UTILITY VEHICLE,MOVING CONSTANT SPEED,35,No,2005,MAZDA,TRIBUTE,39.057595,-77.05202833,2022,8,13
220033022,Property Damage Crash,08/01/2022 01:50:00 PM,RANDOLPH RD,NA,SAME DIR REAR END,Clear,DRY,Daylight,NO CONTROLS,NONE DETECTED,Yes,No Apparent Injury,N/A,NOT DISTRACTED,MD,PASSENGER CAR,MOVING CONSTANT SPEED,35,No,2005,FORD,CROWN VICTORIA,39.057595,-77.05202833,2022,8,13
220033017,Property Damage Crash,08/01/2022 01:10:00 PM,COUNTRY CLUB DR,NA,OPPOSITE DIRECTION SIDESWIPE,Clear,DRY,Daylight,N/A,NONE DETECTED,No,No Apparent Injury,N/A,NOT DISTRACTED,PA,PICKUP TRUCK,PARKED,35,No,2016,FORD,F150,38.98581883,-77.18204633,2022,8,13
220033017,Property Damage Crash,08/01/2022 01:10:00 PM,COUNTRY CLUB DR,NA,OPPOSITE DIRECTION SIDESWIPE,Clear,DRY,Daylight,N/A,NONE DETECTED,Yes,No Apparent Injury,N/A,OTHER DISTRACTION,MD,(SPORT) UTILITY VEHICLE,MOVING CONSTANT SPEED,35,No,2014,JEEP,CHEROKEE,38.98581883,-77.18204633,2022,8,13
220033001,Injury Crash,08/01/2022 12:35:00 PM,EAST WEST HWY,PEDESTRIAN,OTHER,Clear,DRY,Daylight,TRAFFIC SIGNAL,NONE DETECTED,Yes,No Apparent Injury,N/A,UNKNOWN,MD,PASSENGER CAR,MAKING LEFT TURN,35,No,2021,HYUNDAI,KONA,38.99410167,-77.05247167,2022,8,12
220033012,Property Damage Crash,08/01/2022 12:00:00 PM,NA,NA,OTHER,Clear,NA,Daylight,STOP SIGN,NONE DETECTED,Yes,No Apparent Injury,N/A,LOOKED BUT DID NOT SEE,NA,PASSENGER CAR,MAKING RIGHT TURN,30,No,2021,TOYOTA,COROLLA,39.14102008,-77.20118762,2022,8,12
220033012,Property Damage Crash,08/01/2022 12:00:00 PM,NA,NA,OTHER,Clear,NA,Daylight,STOP SIGN,NONE DETECTED,No,No Apparent Injury,N/A,NOT DISTRACTED,MD,VAN,STARTING FROM PARKED,25,No,2019,DODGE,VN,39.14102008,-77.20118762,2022,8,12
220032988,Injury Crash,08/01/2022 10:55:00 AM,SNOWDEN FARM PARKWAY,NA,SAME DIRECTION SIDESWIPE,Clear,DRY,Daylight,NO CONTROLS,NONE DETECTED,Yes,No Apparent Injury,N/A,LOOKED BUT DID NOT SEE,MD,PASSENGER CAR,MAKING RIGHT TURN,25,No,2012,NISS,VERSA,39.23012,-77.252875,2022,8,10
220032988,Injury Crash,08/01/2022 10:55:00 AM,SNOWDEN FARM PARKWAY,NA,SAME DIRECTION SIDESWIPE,Clear,DRY,Daylight,NO CONTROLS,NONE DETECTED,No,Possible Minor Injury,N/A,NOT DISTRACTED,MD,(SPORT) UTILITY VEHICLE,MOVING CONSTANT SPEED,25,No,2011,MERZ,GL450,39.23012,-77.252875,2022,8,10
220032978,Property Damage Crash,08/01/2022 10:03:00 AM,UNIVERSITY BLVD E,NA,STRAIGHT MOVEMENT ANGLE,Cloudy,DRY,Daylight,TRAFFIC SIGNAL,NONE DETECTED,Yes,No Apparent Injury,N/A,UNKNOWN,MD,PASSENGER CAR,ACCELERATING,35,No,2015,HONDA,CIVIC,39.01989167,-77.01341333,2022,8,10
220032978,Property Damage Crash,08/01/2022 10:03:00 AM,UNIVERSITY BLVD E,NA,STRAIGHT MOVEMENT ANGLE,Cloudy,DRY,Daylight,TRAFFIC SIGNAL,NONE DETECTED,No,No Apparent Injury,N/A,NOT DISTRACTED,MD,(SPORT) UTILITY VEHICLE,ACCELERATING,35,No,2022,HONDA,PILOT,39.01989167,-77.01341333,2022,8,10
220032977,Injury Crash,08/01/2022 09:56:00 AM,NA,PEDESTRIAN,OTHER,Clear,NA,Daylight,N/A,NONE DETECTED,Yes,No Apparent Injury,N/A,NOT DISTRACTED,DC,(SPORT) UTILITY VEHICLE,BACKING,0,No,2015,MERZ,G35,38.97064,-77.11159333,2022,8,9
220032970,Injury Crash,08/01/2022 09:01:00 AM,FREDERICK RD,NA,STRAIGHT MOVEMENT ANGLE,Clear,DRY,Daylight,TRAFFIC SIGNAL,NONE DETECTED,No,Possible Minor Injury,N/A,NOT DISTRACTED,MD,PASSENGER CAR,MOVING CONSTANT SPEED,40,No,2015,ACURA,TLX,39.19835667,-77.24512,2022,8,9
220032970,Injury Crash,08/01/2022 09:01:00 AM,FREDERICK RD,NA,STRAIGHT MOVEMENT ANGLE,Clear,DRY,Daylight,TRAFFIC SIGNAL,NONE DETECTED,No,No Apparent Injury,N/A,NOT DISTRACTED,MD,PASSENGER CAR,STOPPED IN TRAFFIC LANE,25,No,2015,FORD,4H,39.19835667,-77.24512,2022,8,9
220032970,Injury Crash,08/01/2022 09:01:00 AM,FREDERICK RD,NA,STRAIGHT MOVEMENT ANGLE,Clear,DRY,Daylight,TRAFFIC SIGNAL,NONE DETECTED,No,Possible Minor Injury,N/A,NOT DISTRACTED,MD,PASSENGER CAR,MAKING LEFT TURN,40,No,2022,TOYOTO,SIENNA,39.19835667,-77.24512,2022,8,9
22001339,Property Damage Crash,08/01/2022 07:00:00 AM,MIDCOUNTY HWY,NA,SAME DIRECTION LEFT TURN,Clear,DRY,Daylight,TRAFFIC SIGNAL,NONE DETECTED,No,No Apparent Injury,N/A,NOT DISTRACTED,MD,(SPORT) UTILITY VEHICLE,STARTING FROM LANE,35,No,2019,CHEVY,SUV,39.15963767,-77.19967117,2022,8,7
22001339,Property Damage Crash,08/01/2022 07:00:00 AM,MIDCOUNTY HWY,NA,SAME DIRECTION LEFT TURN,Clear,DRY,Daylight,TRAFFIC SIGNAL,NONE DETECTED,Yes,No Apparent Injury,N/A,NOT DISTRACTED,MD,(SPORT) UTILITY VEHICLE,PASSING,35,No,2008,NISS,TK,39.15963767,-77.19967117,2022,8,7
220032961,Property Damage Crash,08/01/2022 06:56:00 AM,OLD HUNDRED RD,NA,SINGLE VEHICLE,Clear,DRY,Daylight,NO CONTROLS,NONE DETECTED,Yes,No Apparent Injury,"ANIMAL, N/A",NOT DISTRACTED,MD,PASSENGER CAR,MOVING CONSTANT SPEED,35,No,2003,VOLKSWAGON,PASSAT,39.263239,-77.344005,2022,8,6
220032938,Property Damage Crash,08/01/2022 12:09:00 AM,FREDERICK RD,NA,SINGLE VEHICLE,Clear,WET,Medium,NO CONTROLS,NONE DETECTED,Yes,No Apparent Injury,"N/A, WET",UNKNOWN,NA,PASSENGER CAR,UNKNOWN,50,No,2008,TOYT,HB,39.16717467,-77.22945317,2022,8,0
220032931,Property Damage Crash,07/31/2022 11:03:00 PM,EDMONSTON DR,NA,HEAD ON LEFT TURN,Rain,WET,Medium,TRAFFIC SIGNAL,NONE DETECTED,Yes,No Apparent Injury,"V WIPERS|W OTHER ENVIRONMENTAL, WET",LOOKED BUT DID NOT SEE,MD,PASSENGER CAR,MAKING LEFT TURN,35,No,2012,HOND,SD,39.113205,-77.18517,2022,7,23
220032931,Property Damage Crash,07/31/2022 11:03:00 PM,EDMONSTON DR,NA,HEAD ON LEFT TURN,Rain,WET,Medium,TRAFFIC SIGNAL,NONE DETECTED,No,No Apparent Injury,"V WIPERS|W OTHER ENVIRONMENTAL, WET",NOT DISTRACTED,MD,PASSENGER CAR,MOVING CONSTANT SPEED,35,No,2005,SAA,PC,39.113205,-77.18517,2022,7,23
220032935,Property Damage Crash,07/31/2022 11:01:00 PM,E DIAMOND AVE,NA,OTHER,Rain,WET,Medium,NO CONTROLS,NONE DETECTED,Yes,No Apparent Injury,N/A,UNKNOWN,VA,PASSENGER CAR,MOVING CONSTANT SPEED,30,No,2014,KIA,FORTE,39.1422165,-77.191935,2022,7,23
220032927,Property Damage Crash,07/31/2022 10:15:00 PM,MATENY RD,NA,SINGLE VEHICLE,Rain,WET,Medium,NO CONTROLS,NONE DETECTED,Yes,No Apparent Injury,"RAIN, SNOW, WET",NOT DISTRACTED,MD,PASSENGER CAR,MOVING CONSTANT SPEED,30,No,2005,ACURA,RSX,39.15557667,-77.26677167,2022,7,22
220032916,Property Damage Crash,07/31/2022 08:15:00 PM,GEORGIA AVE,NA,SAME DIRECTION RIGHT TURN,Rain,WET,Medium,NO CONTROLS,NONE DETECTED,Yes,No Apparent Injury,N/A,UNKNOWN,MD,PASSENGER CAR,MOVING CONSTANT SPEED,30,No,2013,TOYOTA,CAMRY,38.99574795,-77.02763265,2022,7,20
220032916,Property Damage Crash,07/31/2022 08:15:00 PM,GEORGIA AVE,NA,SAME DIRECTION RIGHT TURN,Rain,WET,Medium,NO CONTROLS,NONE DETECTED,No,No Apparent Injury,N/A,NOT DISTRACTED,MD,TRANSIT BUS,MOVING CONSTANT SPEED,30,No,2016,NEW FLYER,BUS,38.99574795,-77.02763265,2022,7,20
220032922,Property Damage Crash,07/31/2022 08:14:00 PM,NA,NA,OTHER,Clear,NA,Daylight,N/A,NONE DETECTED,Yes,No Apparent Injury,N/A,UNKNOWN,NA,PASSENGER CAR,BACKING,10,No,2012,CHEVROLET,MALIBU,39.1840855,-77.26386833,2022,7,20
220032914,Injury Crash,07/31/2022 08:07:00 PM,MUNCASTER MILL RD,NA,SAME DIRECTION LEFT TURN,Rain,WET,Medium,TRAFFIC SIGNAL,NONE DETECTED,No,No Apparent Injury,"RAIN, SNOW, WET",NOT DISTRACTED,MD,PASSENGER CAR,MOVING CONSTANT SPEED,35,No,2014,HYUNDAI,AZERA,39.14911,-77.147273,2022,7,20
220032914,Injury Crash,07/31/2022 08:07:00 PM,MUNCASTER MILL RD,NA,SAME DIRECTION LEFT TURN,Rain,WET,Medium,TRAFFIC SIGNAL,NONE DETECTED,Yes,No Apparent Injury,"RAIN, SNOW, WET",LOOKED BUT DID NOT SEE,MD,PASSENGER CAR,CHANGING LANES,35,No,2016,TOYT,COROLLA,39.14911,-77.147273,2022,7,20
220032915,Property Damage Crash,07/31/2022 08:00:00 PM,S SUMMIT AVE,NA,SAME DIR REAR END,Clear,DRY,Medium,TRAFFIC SIGNAL,NONE DETECTED,No,No Apparent Injury,N/A,NOT DISTRACTED,MD,PASSENGER CAR,STOPPED IN TRAFFIC LANE,25,No,2013,VOLK,HB,39.13883554,-77.19358771,2022,7,20
220032915,Property Damage Crash,07/31/2022 08:00:00 PM,S SUMMIT AVE,NA,SAME DIR REAR END,Clear,DRY,Medium,TRAFFIC SIGNAL,NONE DETECTED,Yes,No Apparent Injury,N/A,UNKNOWN,NA,NA,MOVING CONSTANT SPEED,35,No,0,UNKNOWN,UNKNOWN,39.13883554,-77.19358771,2022,7,20
220032912,Injury Crash,07/31/2022 07:30:00 PM,GERMANTOWN RD,NA,SAME DIR REAR END,Rain,WET,Daylight,TRAFFIC SIGNAL,NONE DETECTED,Yes,No Apparent Injury,"RAIN, SNOW, WET",NOT DISTRACTED,MD,PASSENGER CAR,SLOWING OR STOPPING,35,No,1995,DODGE,NEON,39.1835,-77.256725,2022,7,19
220032912,Injury Crash,07/31/2022 07:30:00 PM,GERMANTOWN RD,NA,SAME DIR REAR END,Rain,WET,Daylight,TRAFFIC SIGNAL,NONE DETECTED,No,No Apparent Injury,"RAIN, SNOW, WET",NOT DISTRACTED,MD,PASSENGER CAR,STOPPED IN TRAFFIC LANE,35,No,2015,CHEVY,CRUZ,39.1835,-77.256725,2022,7,19
220032910,Property Damage Crash,07/31/2022 07:15:00 PM,NEW HAMPSHIRE AVE,NA,SAME DIR REAR END,Rain,WET,Medium,TRAFFIC SIGNAL,NONE DETECTED,No,No Apparent Injury,"RAIN, SNOW, WET",NOT DISTRACTED,MD,PASSENGER CAR,STOPPED IN TRAFFIC LANE,35,No,2015,NISSAN,4S,39.02311667,-76.9779,2022,7,19
220032910,Property Damage Crash,07/31/2022 07:15:00 PM,NEW HAMPSHIRE AVE,NA,SAME DIR REAR END,Rain,WET,Medium,TRAFFIC SIGNAL,NONE DETECTED,Yes,No Apparent Injury,"RAIN, SNOW, WET",NOT DISTRACTED,NA,NA,MOVING CONSTANT SPEED,35,No,0,UNKNOWN,UNKNOWN,39.02311667,-76.9779,2022,7,19
220032897,Injury Crash,07/31/2022 05:49:00 PM,S FREDERICK RD,NA,SAME DIR REAR END,Rain,WET,Daylight,NO CONTROLS,NONE DETECTED,Yes,Possible Minor Injury,"RAIN, SNOW, WET",UNKNOWN,MD,PASSENGER CAR,MOVING CONSTANT SPEED,35,No,2007,NISSAN,SENTRA,39.12814867,-77.18512717,2022,7,17
220032897,Injury Crash,07/31/2022 05:49:00 PM,S FREDERICK RD,NA,SAME DIR REAR END,Rain,WET,Daylight,NO CONTROLS,NONE DETECTED,No,No Apparent Injury,"RAIN, SNOW, WET",NOT DISTRACTED,MD,PASSENGER CAR,MOVING CONSTANT SPEED,35,No,1999,HOND,TK,39.12814867,-77.18512717,2022,7,17
220032893,Injury Crash,07/31/2022 05:31:00 PM,RANDOLPH RD,NA,SAME DIR REAR END,Rain,WET,Daylight,TRAFFIC SIGNAL,NONE DETECTED,No,Possible Minor Injury,"RAIN, SNOW, WET",NOT DISTRACTED,MD,PASSENGER CAR,SLOWING OR STOPPING,40,No,2011,TOYOTA,RAV4,39.06584817,-77.03486217,2022,7,17
220032893,Injury Crash,07/31/2022 05:31:00 PM,RANDOLPH RD,NA,SAME DIR REAR END,Rain,WET,Daylight,TRAFFIC SIGNAL,NONE DETECTED,Yes,No Apparent Injury,"RAIN, SNOW, WET",UNKNOWN,MD,PASSENGER CAR,ACCELERATING,40,No,2005,NISSAN,ALTIMA,39.06584817,-77.03486217,2022,7,17
220032898,Property Damage Crash,07/31/2022 05:04:00 PM,COLUMBIA PIKE,NA,SAME DIR REAR END,Rain,OIL,Daylight,TRAFFIC SIGNAL,NONE DETECTED,Yes,No Apparent Injury,"RAIN, SNOW, WET",LOOKED BUT DID NOT SEE,DC,(SPORT) UTILITY VEHICLE,SLOWING OR STOPPING,50,No,2013,NISSAN,ROUGE,39.0737445,-76.95580167,2022,7,17
220032898,Property Damage Crash,07/31/2022 05:04:00 PM,COLUMBIA PIKE,NA,SAME DIR REAR END,Rain,OIL,Daylight,TRAFFIC SIGNAL,NONE DETECTED,No,No Apparent Injury,"RAIN, SNOW, WET",NOT DISTRACTED,MD,VAN,STOPPED IN TRAFFIC LANE,50,No,2017,TOYOTA,SIENNA,39.0737445,-76.95580167,2022,7,17
220032892,Injury Crash,07/31/2022 05:02:00 PM,WATKINS MILL RD,NA,HEAD ON,Rain,WET,Daylight,NO CONTROLS,NONE DETECTED,No,No Apparent Injury,"RAIN, SNOW, WET",NOT DISTRACTED,MD,(SPORT) UTILITY VEHICLE,NEGOTIATING A CURVE,40,No,2019,HYUNDAI,SANTE FE,39.190986,-77.220169,2022,7,17
220032892,Injury Crash,07/31/2022 05:02:00 PM,WATKINS MILL RD,NA,HEAD ON,Rain,WET,Daylight,NO CONTROLS,NONE DETECTED,Yes,Possible Minor Injury,"RAIN, SNOW, WET",UNKNOWN,MD,PASSENGER CAR,NEGOTIATING A CURVE,40,No,2001,TOYOTA,AVALON,39.190986,-77.220169,2022,7,17
220032892,Injury Crash,07/31/2022 05:02:00 PM,WATKINS MILL RD,NA,HEAD ON,Rain,WET,Daylight,NO CONTROLS,NONE DETECTED,No,Possible Minor Injury,"RAIN, SNOW, WET",NOT DISTRACTED,MD,PASSENGER CAR,NEGOTIATING A CURVE,40,No,2019,VOLKSWAGEN,JETTA,39.190986,-77.220169,2022,7,17
220032891,Property Damage Crash,07/31/2022 05:00:00 PM,NA,NA,OTHER,Rain,NA,Daylight,NO CONTROLS,NONE DETECTED,Yes,No Apparent Injury,N/A,UNKNOWN,NA,VAN,BACKING,0,No,2022,CHEVY,EXPRESS VAN,39.15753,-77.20103833,2022,7,17
220032886,Injury Crash,07/31/2022 04:45:00 PM,GEORGIA AVE,NA,STRAIGHT MOVEMENT ANGLE,Rain,WET,Daylight,TRAFFIC SIGNAL,NONE DETECTED,Yes,Possible Minor Injury,N/A,UNKNOWN,XX,PASSENGER CAR,MOVING CONSTANT SPEED,35,No,2007,SCION,TC,39.06827933,-77.06129933,2022,7,16
220032886,Injury Crash,07/31/2022 04:45:00 PM,GEORGIA AVE,NA,STRAIGHT MOVEMENT ANGLE,Rain,WET,Daylight,TRAFFIC SIGNAL,NONE DETECTED,No,No Apparent Injury,N/A,NOT DISTRACTED,MD,(SPORT) UTILITY VEHICLE,ACCELERATING,35,No,2014,JEEP,CHEROKEE,39.06827933,-77.06129933,2022,7,16
220032884,Injury Crash,07/31/2022 04:33:00 PM,OLNEY SANDY SPRING RD,OTHER,SINGLE VEHICLE,Rain,WET,Daylight,NO CONTROLS,NONE DETECTED,Yes,Suspected Serious Injury,"RAIN, SNOW, WET",NOT DISTRACTED,MD,PASSENGER CAR,ACCELERATING,25,No,2013,HOND,TK,39.14908333,-77.05565167,2022,7,16
220032887,Property Damage Crash,07/31/2022 04:01:00 PM,SENECA RD,NA,SINGLE VEHICLE,Rain,WET,Daylight,NO CONTROLS,NONE DETECTED,No,No Apparent Injury,"N/A, WET",NOT DISTRACTED,MD,FIRE VEHICLE/EMERGENCY,MOVING CONSTANT SPEED,40,No,2009,GMC/CHEVY,TAHOE TK,39.08107833,-77.31948833,2022,7,16
220032882,Property Damage Crash,07/31/2022 03:48:00 PM,COLUMBIA PIKE,NA,SINGLE VEHICLE,Cloudy,DRY,Daylight,N/A,NONE DETECTED,Yes,No Apparent Injury,N/A,INATTENTIVE OR LOST IN THOUGHT,MD,PASSENGER CAR,MOVING CONSTANT SPEED,50,No,2012,HONDA,ACCORD,39.07703833,-76.95357,2022,7,15