Local Case Number,ACRS Report Type,Crash Date/Time,Road Name,Related Non-Motorist,Collision Type,Weather,Surface Condition,Light,Traffic Control,Driver Substance Abuse,Driver At Fault,Injury Severity,Circumstance,Driver Distracted By,Drivers License State,Vehicle Body Type,Vehicle Movement,Speed Limit,Driverless Vehicle,Vehicle Year,Vehicle Make,Vehicle Model,Latitude,Longitude,Year,Month,Hour
220032872,Injury Crash,07/31/2022 01:58:00 PM,OLNEY LAYTONSVILLE RD,NA,SINGLE VEHICLE,Clear,DRY,Daylight,NO CONTROLS,ALCOHOL PRESENT,Yes,Possible Minor Injury,N/A,UNKNOWN,MD,PASSENGER CAR,MOVING CONSTANT SPEED,50,No,2019,DODGE,CHARGER,39.17516333,-77.09890333,2022,7,13
220032866,Property Damage Crash,07/31/2022 12:39:00 PM,EAST WEST HWY,NA,SAME DIR REND LEFT TURN,Clear,DRY,Daylight,TRAFFIC SIGNAL,NONE DETECTED,No,No Apparent Injury,N/A,NOT DISTRACTED,VA,(SPORT) UTILITY VEHICLE,MAKING LEFT TURN,30,No,2020,BMW,X2,38.9841608,-77.0908417,2022,7,12
220032866,Property Damage Crash,07/31/2022 12:39:00 PM,EAST WEST HWY,NA,SAME DIR REND LEFT TURN,Clear,DRY,Daylight,TRAFFIC SIGNAL,NONE DETECTED,Yes,No Apparent Injury,N/A,UNKNOWN,MD,PASSENGER CAR,MAKING LEFT TURN,30,No,2019,TOYOTA,COROLLA,38.9841608,-77.0908417,2022,7,12
220032865,Injury Crash,07/31/2022 11:50:00 AM,SELFRIDGE RD,PEDESTRIAN,SINGLE VEHICLE,Clear,DRY,Daylight,NO CONTROLS,NONE DETECTED,Unknown,No Apparent Injury,N/A,NOT DISTRACTED,MD,PASSENGER CAR,MOVING CONSTANT SPEED,25,No,2012,FORD,ESCAPE,39.05519,-77.08034,2022,7,11
220032858,Injury Crash,07/31/2022 11:16:00 AM,BEL PRE RD,NA,SAME DIR REAR END,Clear,DRY,Daylight,NO CONTROLS,NONE DETECTED,No,Possible Minor Injury,N/A,NOT DISTRACTED,PA,(SPORT) UTILITY VEHICLE,STOPPED IN TRAFFIC LANE,35,No,2001,TOYTA,RAV4,39.09045667,-77.04654167,2022,7,11
220032858,Injury Crash,07/31/2022 11:16:00 AM,BEL PRE RD,NA,SAME DIR REAR END,Clear,DRY,Daylight,NO CONTROLS,NONE DETECTED,Yes,No Apparent Injury,N/A,OTHER DISTRACTION,MD,(SPORT) UTILITY VEHICLE,MOVING CONSTANT SPEED,35,No,2009,LEXUS,RX 350,39.09045667,-77.04654167,2022,7,11
220032858,Injury Crash,07/31/2022 11:16:00 AM,BEL PRE RD,NA,SAME DIR REAR END,Clear,DRY,Daylight,NO CONTROLS,NONE DETECTED,No,No Apparent Injury,N/A,NOT DISTRACTED,MD,(SPORT) UTILITY VEHICLE,SLOWING OR STOPPING,35,No,2008,KIA,SPORTAGE,39.09045667,-77.04654167,2022,7,11
220032838,Property Damage Crash,07/31/2022 07:27:00 AM,UNIVERSITY LA,NA,SAME DIRECTION RIGHT TURN,Clear,DRY,Daylight,TRAFFIC SIGNAL,NONE DETECTED,Yes,No Apparent Injury,N/A,INATTENTIVE OR LOST IN THOUGHT,DC,PASSENGER CAR,MOVING CONSTANT SPEED,35,No,2018,CHEVROLET,MALIBU,38.99070383,-76.98971217,2022,7,7
220032838,Property Damage Crash,07/31/2022 07:27:00 AM,UNIVERSITY LA,NA,SAME DIRECTION RIGHT TURN,Clear,DRY,Daylight,TRAFFIC SIGNAL,NONE DETECTED,No,No Apparent Injury,N/A,NOT DISTRACTED,MD,OTHER,MOVING CONSTANT SPEED,35,No,2019,TOYT,TK,38.99070383,-76.98971217,2022,7,7
220032835,Injury Crash,07/31/2022 07:02:00 AM,RIVER RD,NA,ANGLE MEETS RIGHT TURN,Cloudy,DRY,Daylight,TRAFFIC SIGNAL,NONE DETECTED,No,Possible Minor Injury,N/A,NOT DISTRACTED,MD,PASSENGER CAR,MOVING CONSTANT SPEED,25,No,2018,TOYOTA,COROLLA,38.98589717,-77.14357067,2022,7,7
220032835,Injury Crash,07/31/2022 07:02:00 AM,RIVER RD,NA,ANGLE MEETS RIGHT TURN,Cloudy,DRY,Daylight,TRAFFIC SIGNAL,NONE DETECTED,Yes,No Apparent Injury,N/A,UNKNOWN,MD,PASSENGER CAR,MAKING RIGHT TURN,35,No,2021,NISSAN,ALTIMA,38.98589717,-77.14357067,2022,7,7
220032828,Injury Crash,07/31/2022 04:08:00 AM,NA,PEDESTRIAN,OTHER,Clear,NA,Dark,N/A,NONE DETECTED,Yes,No Apparent Injury,N/A,UNKNOWN,MD,PASSENGER CAR,ACCELERATING,10,No,2006,FORD,FUSION,39.0618885,-77.12498919,2022,7,4
220032824,Property Damage Crash,07/31/2022 03:03:00 AM,WESTMORE RD,NA,OTHER,Clear,DRY,Medium,N/A,NONE DETECTED,Yes,No Apparent Injury,N/A,UNKNOWN,MD,PASSENGER CAR,MOVING CONSTANT SPEED,35,No,2016,ACURA,TLX,39.09740017,-77.14772633,2022,7,3
220032822,Injury Crash,07/31/2022 02:50:00 AM,UNIVERSITY BLVD E,NA,STRAIGHT MOVEMENT ANGLE,Clear,DRY,Medium,TRAFFIC SIGNAL,NONE DETECTED,Yes,No Apparent Injury,N/A,UNKNOWN,MD,PASSENGER CAR,MOVING CONSTANT SPEED,40,No,2006,HONDA,ACCORD,39.01980167,-77.01329833,2022,7,2
220032822,Injury Crash,07/31/2022 02:50:00 AM,UNIVERSITY BLVD E,NA,STRAIGHT MOVEMENT ANGLE,Clear,DRY,Medium,TRAFFIC SIGNAL,NONE DETECTED,No,Possible Minor Injury,N/A,NOT DISTRACTED,MD,PASSENGER CAR,MOVING CONSTANT SPEED,40,No,2015,HYUNDAI,SONATA,39.01980167,-77.01329833,2022,7,2
220032808,Injury Crash,07/31/2022 12:02:00 AM,GEORGIA AVE,OTHER CONVEYANCE,OTHER,Clear,DRY,Medium,NO CONTROLS,NONE DETECTED,Unknown,No Apparent Injury,N/A,LOOKED BUT DID NOT SEE,NA,NA,UNKNOWN,35,Unknown,0,UNKNOWN,UNKNOWN,39.05801333,-77.04850333,2022,7,0
220032804,Property Damage Crash,07/30/2022 11:13:00 PM,OLD COLUMBIA PIKE,NA,STRAIGHT MOVEMENT ANGLE,Clear,DRY,Medium,FLASHING TRAFFIC SIGNAL,NONE DETECTED,No,No Apparent Injury,N/A,NOT DISTRACTED,MD,PASSENGER CAR,MOVING CONSTANT SPEED,35,No,2015,GMC,ACADIA,39.10853333,-76.936555,2022,7,23
220032804,Property Damage Crash,07/30/2022 11:13:00 PM,OLD COLUMBIA PIKE,NA,STRAIGHT MOVEMENT ANGLE,Clear,DRY,Medium,FLASHING TRAFFIC SIGNAL,NONE DETECTED,Yes,No Apparent Injury,N/A,UNKNOWN,NA,PASSENGER CAR,UNKNOWN,35,No,2017,NISSAN,PATHFINDER,39.10853333,-76.936555,2022,7,23
220032795,Property Damage Crash,07/30/2022 08:48:00 PM,TYGART LA,NA,SAME DIR REAR END,Clear,DRY,Medium,NO CONTROLS,ALCOHOL PRESENT,Yes,No Apparent Injury,N/A,UNKNOWN,NA,PASSENGER CAR,UNKNOWN,15,No,2019,TOYOTA,COROLLA,39.18380633,-77.160788,2022,7,20
220032794,Property Damage Crash,07/30/2022 08:38:00 PM,E GUDE DR,NA,SAME DIRECTION SIDESWIPE,Clear,DRY,Medium,TRAFFIC SIGNAL,NONE DETECTED,No,No Apparent Injury,N/A,NOT DISTRACTED,MD,VAN,MAKING LEFT TURN,35,No,2018,DODGE,VAN,39.09806667,-77.13603167,2022,7,20
220032794,Property Damage Crash,07/30/2022 08:38:00 PM,E GUDE DR,NA,SAME DIRECTION SIDESWIPE,Clear,DRY,Medium,TRAFFIC SIGNAL,NONE DETECTED,Yes,No Apparent Injury,N/A,UNKNOWN,NA,PASSENGER CAR,MAKING LEFT TURN,35,No,1993,MAZDA,PICKUP,39.09806667,-77.13603167,2022,7,20
220032791,Property Damage Crash,07/30/2022 08:04:00 PM,GEORGIA AVE,NA,SAME DIR REAR END,Clear,DRY,Daylight,TRAFFIC SIGNAL,ALCOHOL PRESENT,Yes,No Apparent Injury,N/A,OTHER DISTRACTION,MD,PICKUP TRUCK,MOVING CONSTANT SPEED,30,No,2016,GMC,SIERRA,39.22,-77.05,2022,7,20
220032791,Property Damage Crash,07/30/2022 08:04:00 PM,GEORGIA AVE,NA,SAME DIR REAR END,Clear,DRY,Daylight,TRAFFIC SIGNAL,NONE DETECTED,No,No Apparent Injury,N/A,NOT DISTRACTED,MD,PASSENGER CAR,STOPPED IN TRAFFIC LANE,30,No,2016,CHEVROLET,MALIBU,39.22,-77.05,2022,7,20
220032779,Property Damage Crash,07/30/2022 06:44:00 PM,BEALL AVE #2,NA,SAME DIRECTION SIDESWIPE,Clear,DRY,Daylight,NO CONTROLS,NONE DETECTED,No,No Apparent Injury,N/A,UNKNOWN,MD,PASSENGER CAR,MOVING CONSTANT SPEED,25,No,2020,NISSAN,4DR,39.10304934,-77.291147,2022,7,18
220032779,Property Damage Crash,07/30/2022 06:44:00 PM,BEALL AVE #2,NA,SAME DIRECTION SIDESWIPE,Clear,DRY,Daylight,NO CONTROLS,NONE DETECTED,Yes,No Apparent Injury,N/A,NOT DISTRACTED,MD,FIRE VEHICLE/NON EMERGENCY,MAKING RIGHT TURN,25,No,2020,SPARTAN,RESCUE,39.10304934,-77.291147,2022,7,18
220032777,Property Damage Crash,07/30/2022 06:24:00 PM,VEIRS MILL RD,NA,ANGLE MEETS LEFT HEAD ON,Clear,DRY,Daylight,N/A,NONE DETECTED,No,No Apparent Injury,N/A,NOT DISTRACTED,MD,PASSENGER CAR,MOVING CONSTANT SPEED,40,No,2014,TOYOTA,COROLLA,39.07521,-77.11740667,2022,7,18
220032777,Property Damage Crash,07/30/2022 06:24:00 PM,VEIRS MILL RD,NA,ANGLE MEETS LEFT HEAD ON,Clear,DRY,Daylight,N/A,NONE DETECTED,Yes,No Apparent Injury,N/A,NOT DISTRACTED,PA,PASSENGER CAR,MOVING CONSTANT SPEED,40,No,2010,FORD,FUSION,39.07521,-77.11740667,2022,7,18
220032770,Injury Crash,07/30/2022 05:32:00 PM,SOUTHLAWN LA,NA,OTHER,Clear,DRY,Daylight,N/A,NONE DETECTED,No,No Apparent Injury,N/A,NOT DISTRACTED,MD,PICKUP TRUCK,BACKING,25,No,2020,RAM,PK,39.093701,-77.1426535,2022,7,17
220032770,Injury Crash,07/30/2022 05:32:00 PM,SOUTHLAWN LA,NA,OTHER,Clear,DRY,Daylight,N/A,NONE DETECTED,Yes,Suspected Serious Injury,N/A,UNKNOWN,MD,MOTORCYCLE,MOVING CONSTANT SPEED,25,No,2009,HONDA,CBR600,39.093701,-77.1426535,2022,7,17
220032781,Property Damage Crash,07/30/2022 05:01:00 PM,NA,NA,OTHER,Clear,NA,Daylight,N/A,NONE DETECTED,Yes,No Apparent Injury,N/A,UNKNOWN,NA,(SPORT) UTILITY VEHICLE,BACKING,0,Unknown,2014,TOYT,RAV 4,38.99203667,-77.098015,2022,7,17
220032763,Property Damage Crash,07/30/2022 04:39:00 PM,NA,NA,STRAIGHT MOVEMENT ANGLE,Clear,NA,Daylight,NO CONTROLS,NONE DETECTED,No,No Apparent Injury,N/A,NOT DISTRACTED,MD,PASSENGER CAR,MOVING CONSTANT SPEED,10,No,2018,KIA,PV,39.05244,-77.049895,2022,7,16
220032763,Property Damage Crash,07/30/2022 04:39:00 PM,NA,NA,STRAIGHT MOVEMENT ANGLE,Clear,NA,Daylight,NO CONTROLS,NONE DETECTED,Yes,No Apparent Injury,N/A,UNKNOWN,NA,UNKNOWN,MOVING CONSTANT SPEED,10,No,0,UNKNOWN,UNKNOWN,39.05244,-77.049895,2022,7,16
220032755,Property Damage Crash,07/30/2022 03:55:00 PM,GEORGIA AVE,NA,SAME DIR REAR END,Clear,DRY,Daylight,TRAFFIC SIGNAL,NONE DETECTED,No,No Apparent Injury,N/A,NOT DISTRACTED,MD,PASSENGER CAR,ACCELERATING,35,No,2021,TOYOTA,CAMRY,39.0524495,-77.050785,2022,7,15
220032755,Property Damage Crash,07/30/2022 03:55:00 PM,GEORGIA AVE,NA,SAME DIR REAR END,Clear,DRY,Daylight,TRAFFIC SIGNAL,NONE DETECTED,Yes,No Apparent Injury,N/A,UNKNOWN,NA,PASSENGER CAR,ACCELERATING,35,No,2015,DODGE,DART,39.0524495,-77.050785,2022,7,15
220032744,Property Damage Crash,07/30/2022 02:05:00 PM,NOLTE AVE,NA,SAME DIRECTION RIGHT TURN,Clear,DRY,Daylight,STOP SIGN,NONE DETECTED,Yes,No Apparent Injury,N/A,LOOKED BUT DID NOT SEE,MD,TRANSIT BUS,CHANGING LANES,25,No,2009,GILLIG,BUS,38.99360833,-77.01317833,2022,7,14
220032742,Property Damage Crash,07/30/2022 01:50:00 PM,NA,NA,SINGLE VEHICLE,Clear,NA,Daylight,NO CONTROLS,NONE DETECTED,Yes,No Apparent Injury,N/A,UNKNOWN,MD,PASSENGER CAR,ACCELERATING,5,No,2019,NISS,KICKS,38.99966667,-76.99616,2022,7,13
220032724,Property Damage Crash,07/30/2022 11:00:00 AM,CLARIDGE RD,NA,STRAIGHT MOVEMENT ANGLE,Clear,DRY,Daylight,STOP SIGN,NONE DETECTED,No,No Apparent Injury,N/A,NOT DISTRACTED,MD,(SPORT) UTILITY VEHICLE,MOVING CONSTANT SPEED,35,No,2000,MERCEDES,ML320,39.049485,-77.068025,2022,7,11
220032724,Property Damage Crash,07/30/2022 11:00:00 AM,CLARIDGE RD,NA,STRAIGHT MOVEMENT ANGLE,Clear,DRY,Daylight,STOP SIGN,NONE DETECTED,Yes,No Apparent Injury,N/A,UNKNOWN,NA,PASSENGER CAR,ACCELERATING,35,No,2007,LEXUS,ES350,39.049485,-77.068025,2022,7,11
220032722,Injury Crash,07/30/2022 10:34:00 AM,VEIRS MILL RD,NA,SAME DIR REAR END,Clear,DRY,Daylight,TRAFFIC SIGNAL,NONE DETECTED,No,No Apparent Injury,N/A,NOT DISTRACTED,MD,PASSENGER CAR,SLOWING OR STOPPING,35,No,2013,NISS,SD,39.04421667,-77.06296333,2022,7,10
220032722,Injury Crash,07/30/2022 10:34:00 AM,VEIRS MILL RD,NA,SAME DIR REAR END,Clear,DRY,Daylight,TRAFFIC SIGNAL,NONE DETECTED,Yes,No Apparent Injury,N/A,LOOKED BUT DID NOT SEE,MD,PASSENGER CAR,SLOWING OR STOPPING,35,No,2022,HONDA,CRV,39.04421667,-77.06296333,2022,7,10
220032705,Injury Crash,07/30/2022 06:52:00 AM,NORBECK RD,NA,HEAD ON LEFT TURN,Clear,DRY,Daylight,TRAFFIC SIGNAL,NONE DETECTED,Yes,Possible Minor Injury,N/A,NOT DISTRACTED,MD,PASSENGER CAR,MOVING CONSTANT SPEED,35,No,2021,MERCEDES BENZ,GLC 300,39.09952833,-77.09934667,2022,7,6
220032705,Injury Crash,07/30/2022 06:52:00 AM,NORBECK RD,NA,HEAD ON LEFT TURN,Clear,DRY,Daylight,TRAFFIC SIGNAL,NONE DETECTED,No,Possible Minor Injury,N/A,NOT DISTRACTED,MD,PASSENGER CAR,MAKING LEFT TURN,25,No,2014,TOYT,COROLLA,39.09952833,-77.09934667,2022,7,6
220032704,Injury Crash,07/30/2022 05:50:00 AM,ASTON MANOR DR,NA,STRAIGHT MOVEMENT ANGLE,Clear,DRY,Medium,STOP SIGN,NONE DETECTED,No,Possible Minor Injury,N/A,NOT DISTRACTED,MD,PASSENGER CAR,ACCELERATING,25,No,2012,TOYOTA,CAMRY,39.07902667,-76.93760667,2022,7,5
220032704,Injury Crash,07/30/2022 05:50:00 AM,ASTON MANOR DR,NA,STRAIGHT MOVEMENT ANGLE,Clear,DRY,Medium,STOP SIGN,ALCOHOL PRESENT,Yes,No Apparent Injury,N/A,UNKNOWN,MD,PASSENGER CAR,MOVING CONSTANT SPEED,25,No,2018,HONDA,CIVIC,39.07902667,-76.93760667,2022,7,5
220032700,Property Damage Crash,07/30/2022 05:40:00 AM,NEW HAMPSHIRE AVE,NA,SINGLE VEHICLE,Clear,DRY,Medium,TRAFFIC SIGNAL,NONE DETECTED,Yes,No Apparent Injury,N/A,UNKNOWN,NA,PASSENGER CAR,UNKNOWN,40,No,2018,DODGE,JOURNEY,39.0958,-77.001905,2022,7,5
220032697,Property Damage Crash,07/30/2022 03:51:00 AM,UNIVERSITY BLVD E,NA,SAME DIR REAR END,Clear,DRY,Medium,TRAFFIC SIGNAL,NONE DETECTED,No,No Apparent Injury,N/A,NOT DISTRACTED,MD,PASSENGER CAR,STOPPED IN TRAFFIC LANE,35,No,2014,LEXUS,ES300H,39.0201993,-77.0125267,2022,7,3
220032697,Property Damage Crash,07/30/2022 03:51:00 AM,UNIVERSITY BLVD E,NA,SAME DIR REAR END,Clear,DRY,Medium,TRAFFIC SIGNAL,NONE DETECTED,Yes,No Apparent Injury,N/A,UNKNOWN,NA,PASSENGER CAR,SLOWING OR STOPPING,35,No,2015,AUDI,QUATTRO,39.0201993,-77.0125267,2022,7,3
220032695,Property Damage Crash,07/30/2022 03:19:00 AM,FIRST ST,NA,SINGLE VEHICLE,Clear,DRY,Medium,TRAFFIC SIGNAL,ALCOHOL PRESENT,Yes,No Apparent Injury,N/A,UNKNOWN,MD,PASSENGER CAR,STARTING FROM LANE,35,No,2020,NISSAN,KICKS,39.083869,-77.154334,2022,7,3
220032690,Property Damage Crash,07/30/2022 02:12:00 AM,OAKMONT AVE,NA,SINGLE VEHICLE,Clear,DRY,Medium,FLASHING TRAFFIC SIGNAL,NONE DETECTED,Yes,No Apparent Injury,N/A,BY OTHER OCCUPANTS,MD,PASSENGER CAR,MOVING CONSTANT SPEED,35,No,2016,HYUN,SD,39.00455,-77.11052167,2022,7,2
220032688,Property Damage Crash,07/30/2022 02:05:00 AM,STEEPLE RD,NA,SAME DIRECTION SIDESWIPE,Clear,DRY,Medium,NO CONTROLS,NONE DETECTED,Yes,No Apparent Injury,N/A,OTHER CELLULAR PHONE RELATED,MD,PASSENGER CAR,MOVING CONSTANT SPEED,30,No,2021,ACUR,UT,39.17028833,-77.28921333,2022,7,2
220032676,Property Damage Crash,07/29/2022 10:38:00 PM,SHADY GROVE RD,NA,ANGLE MEETS LEFT TURN,Clear,DRY,Medium,TRAFFIC SIGNAL,NONE DETECTED,Yes,No Apparent Injury,N/A,UNKNOWN,NJ,PASSENGER CAR,MOVING CONSTANT SPEED,40,No,2021,HOND,UT,39.12050833,-77.17985167,2022,7,22
220032676,Property Damage Crash,07/29/2022 10:38:00 PM,SHADY GROVE RD,NA,ANGLE MEETS LEFT TURN,Clear,DRY,Medium,TRAFFIC SIGNAL,NONE DETECTED,Yes,No Apparent Injury,N/A,NOT DISTRACTED,MD,PASSENGER CAR,MAKING LEFT TURN,40,No,2017,TOYOTA,RAV4,39.12050833,-77.17985167,2022,7,22
220032675,Injury Crash,07/29/2022 10:35:00 PM,STEDWICK RD,NA,STRAIGHT MOVEMENT ANGLE,Clear,DRY,Dark,STOP SIGN,NONE DETECTED,No,Possible Minor Injury,N/A,NOT DISTRACTED,MD,PASSENGER CAR,MOVING CONSTANT SPEED,25,No,1998,HONDA,ACCORD,39.1743112,-77.2133635,2022,7,22
220032675,Injury Crash,07/29/2022 10:35:00 PM,STEDWICK RD,NA,STRAIGHT MOVEMENT ANGLE,Clear,DRY,Dark,STOP SIGN,NONE DETECTED,Yes,No Apparent Injury,N/A,LOOKED BUT DID NOT SEE,MD,PASSENGER CAR,MAKING LEFT TURN,25,No,2019,NISSAN,ROUGE,39.1743112,-77.2133635,2022,7,22
220032658,Property Damage Crash,07/29/2022 06:37:00 PM,WARING STATION RD,NA,SINGLE VEHICLE,Rain,WET,Daylight,NO CONTROLS,NONE DETECTED,Yes,No Apparent Injury,"RAIN, SNOW, V EXHAUST SYSTEM|R OTHER ROAD, WET",NOT DISTRACTED,MD,(SPORT) UTILITY VEHICLE,MOVING CONSTANT SPEED,30,No,2007,CHEV,TK,39.15694667,-77.253755,2022,7,18
220032657,Property Damage Crash,07/29/2022 06:10:00 PM,E WAYNE AVE,NA,SAME DIRECTION SIDESWIPE,Clear,DRY,Daylight,TRAFFIC SIGNAL,NONE DETECTED,Yes,No Apparent Injury,N/A,UNKNOWN,XX,PASSENGER CAR,ACCELERATING,25,No,2012,TOYOTA,TK,38.99965667,-77.00961,2022,7,18
220032657,Property Damage Crash,07/29/2022 06:10:00 PM,E WAYNE AVE,NA,SAME DIRECTION SIDESWIPE,Clear,DRY,Daylight,TRAFFIC SIGNAL,NONE DETECTED,No,No Apparent Injury,N/A,NOT DISTRACTED,MD,PASSENGER CAR,ACCELERATING,25,No,2014,NISS,4S,38.99965667,-77.00961,2022,7,18
220032651,Property Damage Crash,07/29/2022 06:00:00 PM,WISCONSIN AVE,NA,SAME DIR REAR END,Rain,WET,Daylight,NO CONTROLS,NONE DETECTED,No,No Apparent Injury,"N/A, WET",NOT DISTRACTED,DC,PASSENGER CAR,SLOWING OR STOPPING,25,No,2017,TOYOTA,COROLLA,38.97831333,-77.091195,2022,7,18
220032641,Injury Crash,07/29/2022 06:00:00 PM,OLD GEORGETOWN RD,NA,STRAIGHT MOVEMENT ANGLE,Rain,WET,Daylight,TRAFFIC SIGNAL,NONE DETECTED,Yes,No Apparent Injury,"N/A, WET",BY OTHER OCCUPANTS,MD,PASSENGER CAR,ACCELERATING,35,No,2020,BMW,X5,39.02492667,-77.12541833,2022,7,18
220032641,Injury Crash,07/29/2022 06:00:00 PM,OLD GEORGETOWN RD,NA,STRAIGHT MOVEMENT ANGLE,Rain,WET,Daylight,TRAFFIC SIGNAL,NONE DETECTED,No,No Apparent Injury,"N/A, WET",NOT DISTRACTED,MD,PASSENGER CAR,STOPPED IN TRAFFIC LANE,35,No,2017,CADI,SD,39.02492667,-77.12541833,2022,7,18
220032651,Property Damage Crash,07/29/2022 06:00:00 PM,WISCONSIN AVE,NA,SAME DIR REAR END,Rain,WET,Daylight,NO CONTROLS,NONE DETECTED,No,No Apparent Injury,"N/A, WET",UNKNOWN,NA,UNKNOWN,SLOWING OR STOPPING,25,No,0,UNKNOWN,UNKNOWN,38.97831333,-77.091195,2022,7,18
220032651,Property Damage Crash,07/29/2022 06:00:00 PM,WISCONSIN AVE,NA,SAME DIR REAR END,Rain,WET,Daylight,NO CONTROLS,NONE DETECTED,Yes,No Apparent Injury,"N/A, WET",UNKNOWN,FL,PASSENGER CAR,MOVING CONSTANT SPEED,25,No,2014,KIA,OPTIMA,38.97831333,-77.091195,2022,7,18
220032642,Injury Crash,07/29/2022 06:00:00 PM,WIGHTMAN RD,NA,SAME DIR REAR END,Rain,WET,Daylight,TRAFFIC SIGNAL,NONE DETECTED,Yes,No Apparent Injury,"N/A, WET",UNKNOWN,MD,PASSENGER CAR,MOVING CONSTANT SPEED,35,No,2008,HOND,FIT,39.18747333,-77.18577833,2022,7,18
220032642,Injury Crash,07/29/2022 06:00:00 PM,WIGHTMAN RD,NA,SAME DIR REAR END,Rain,WET,Daylight,TRAFFIC SIGNAL,NONE DETECTED,No,Possible Minor Injury,"N/A, WET",NOT DISTRACTED,MD,(SPORT) UTILITY VEHICLE,SLOWING OR STOPPING,35,No,2003,TOYOTA,4RUNNER,39.18747333,-77.18577833,2022,7,18
220032641,Injury Crash,07/29/2022 06:00:00 PM,OLD GEORGETOWN RD,NA,STRAIGHT MOVEMENT ANGLE,Rain,WET,Daylight,TRAFFIC SIGNAL,NONE DETECTED,No,Possible Minor Injury,"N/A, WET",NOT DISTRACTED,MD,PASSENGER CAR,MOVING CONSTANT SPEED,35,No,2019,NISSAN,SENTRA,39.02492667,-77.12541833,2022,7,18
220032646,Property Damage Crash,07/29/2022 05:45:00 PM,BRIGGS CHANEY RD,NA,SAME DIR REAR END,Rain,WET,Daylight,TRAFFIC SIGNAL,NONE DETECTED,No,No Apparent Injury,"RAIN, SNOW, WET",NOT DISTRACTED,MD,PASSENGER CAR,STOPPED IN TRAFFIC LANE,35,No,2019,CADI,TK,39.08056,-76.94579333,2022,7,17
220032646,Property Damage Crash,07/29/2022 05:45:00 PM,BRIGGS CHANEY RD,NA,SAME DIR REAR END,Rain,WET,Daylight,TRAFFIC SIGNAL,NONE DETECTED,Yes,No Apparent Injury,"RAIN, SNOW, WET",INATTENTIVE OR LOST IN THOUGHT,MD,PASSENGER CAR,SLOWING OR STOPPING,35,No,1999,DODGE,DAKOTA,39.08056,-76.94579333,2022,7,17
220032628,Property Damage Crash,07/29/2022 05:08:00 PM,GEORGIA AVE,NA,SAME DIR REAR END,Clear,DRY,Daylight,TRAFFIC SIGNAL,NONE DETECTED,No,No Apparent Injury,N/A,NOT DISTRACTED,MD,PASSENGER CAR,SLOWING OR STOPPING,35,No,2021,JEEP,WRANGLER,39.01582692,-77.04291872,2022,7,17
220032628,Property Damage Crash,07/29/2022 05:08:00 PM,GEORGIA AVE,NA,SAME DIR REAR END,Clear,DRY,Daylight,TRAFFIC SIGNAL,NONE DETECTED,Yes,No Apparent Injury,N/A,LOOKED BUT DID NOT SEE,MD,PASSENGER CAR,MOVING CONSTANT SPEED,35,No,2022,CHEVY,SPARK,39.01582692,-77.04291872,2022,7,17
220032620,Property Damage Crash,07/29/2022 04:31:00 PM,WOOTTON PKWY,NA,SAME DIR REAR END,Clear,DRY,Daylight,TRAFFIC SIGNAL,NONE DETECTED,Yes,No Apparent Injury,N/A,LOOKED BUT DID NOT SEE,MD,PASSENGER CAR,MOVING CONSTANT SPEED,30,No,2008,TOYOTA,CAMRY,39.0711,-77.13976667,2022,7,16
220032620,Property Damage Crash,07/29/2022 04:31:00 PM,WOOTTON PKWY,NA,SAME DIR REAR END,Clear,DRY,Daylight,TRAFFIC SIGNAL,NONE DETECTED,No,No Apparent Injury,N/A,NOT DISTRACTED,MD,PICKUP TRUCK,STOPPED IN TRAFFIC LANE,30,No,2012,FORD,F250,39.0711,-77.13976667,2022,7,16
220032617,Property Damage Crash,07/29/2022 04:08:00 PM,COLESVILLE RD,NA,STRAIGHT MOVEMENT ANGLE,Clear,DRY,Daylight,NO CONTROLS,NONE DETECTED,Yes,No Apparent Injury,N/A,UNKNOWN,DC,PASSENGER CAR,MOVING CONSTANT SPEED,30,No,2020,HYUN,SONATA,38.99990852,-77.02574757,2022,7,16
220032617,Property Damage Crash,07/29/2022 04:08:00 PM,COLESVILLE RD,NA,STRAIGHT MOVEMENT ANGLE,Clear,DRY,Daylight,NO CONTROLS,NONE DETECTED,No,No Apparent Injury,N/A,NOT DISTRACTED,MD,"OTHER LIGHT TRUCKS (10,000LBS (4,536KG) OR LESS)",MOVING CONSTANT SPEED,30,No,2013,CHEVY,TRUCK,38.99990852,-77.02574757,2022,7,16
220032608,Injury Crash,07/29/2022 02:55:00 PM,ROCKVILLE PIKE,NA,STRAIGHT MOVEMENT ANGLE,Clear,DRY,Daylight,TRAFFIC SIGNAL,NONE DETECTED,Yes,Possible Minor Injury,N/A,LOOKED BUT DID NOT SEE,MD,PASSENGER CAR,MAKING LEFT TURN,35,No,2012,HYUN,4S,39.044625,-77.112135,2022,7,14
220032608,Injury Crash,07/29/2022 02:55:00 PM,ROCKVILLE PIKE,NA,STRAIGHT MOVEMENT ANGLE,Clear,DRY,Daylight,TRAFFIC SIGNAL,NONE DETECTED,No,Possible Minor Injury,N/A,NOT DISTRACTED,MD,VAN,MOVING CONSTANT SPEED,35,No,2010,HOND,VAN,39.044625,-77.112135,2022,7,14
220032652,Property Damage Crash,07/29/2022 02:52:00 PM,GEORGIA AVE,NA,SAME DIRECTION SIDESWIPE,Clear,N/A,Daylight,NO CONTROLS,NONE DETECTED,Yes,No Apparent Injury,N/A,UNKNOWN,VA,PASSENGER CAR,CHANGING LANES,45,No,2012,AUDI,4D,39.1859645,-77.26190683,2022,7,14
220032652,Property Damage Crash,07/29/2022 02:52:00 PM,GEORGIA AVE,NA,SAME DIRECTION SIDESWIPE,Clear,N/A,Daylight,NO CONTROLS,NONE DETECTED,No,No Apparent Injury,N/A,NOT DISTRACTED,MD,PASSENGER CAR,MOVING CONSTANT SPEED,45,No,2020,NISSAN,KICKS,39.1859645,-77.26190683,2022,7,14
220032604,Property Damage Crash,07/29/2022 02:30:00 PM,KNOWLES AVE,NA,STRAIGHT MOVEMENT ANGLE,Clear,DRY,Daylight,STOP SIGN,NONE DETECTED,Yes,No Apparent Injury,N/A,LOOKED BUT DID NOT SEE,MD,PASSENGER CAR,MOVING CONSTANT SPEED,10,No,2016,VOLV,SW,39.02745333,-77.07812,2022,7,14
220032604,Property Damage Crash,07/29/2022 02:30:00 PM,KNOWLES AVE,NA,STRAIGHT MOVEMENT ANGLE,Clear,DRY,Daylight,STOP SIGN,NONE DETECTED,No,No Apparent Injury,N/A,NOT DISTRACTED,VA,PASSENGER CAR,MOVING CONSTANT SPEED,25,No,2015,HYUNDAI,4DR,39.02745333,-77.07812,2022,7,14
220032576,Injury Crash,07/29/2022 10:52:00 AM,LONGSPUR ALLEY,PEDESTRIAN,OTHER,Cloudy,DRY,Daylight,NO CONTROLS,NONE DETECTED,Yes,No Apparent Injury,N/A,LOOKED BUT DID NOT SEE,MD,PASSENGER CAR,BACKING,10,No,2013,TOYOTA,COROLLA,39.21689883,-77.2822025,2022,7,10
220032566,Property Damage Crash,07/29/2022 09:08:00 AM,SEVEN LOCKS RD,NA,STRAIGHT MOVEMENT ANGLE,Cloudy,DRY,Daylight,NO CONTROLS,NONE DETECTED,Yes,No Apparent Injury,N/A,LOOKED BUT DID NOT SEE,MD,POLICE VEHICLE/NON EMERGENCY,MAKING U TURN,35,No,2018,DODGE,CHARGER,39.02717,-77.16182,2022,7,9
220032566,Property Damage Crash,07/29/2022 09:08:00 AM,SEVEN LOCKS RD,NA,STRAIGHT MOVEMENT ANGLE,Cloudy,DRY,Daylight,NO CONTROLS,NONE DETECTED,No,No Apparent Injury,N/A,NOT DISTRACTED,MD,(SPORT) UTILITY VEHICLE,MOVING CONSTANT SPEED,35,No,2016,LANDROVER,RANGE ROVER,39.02717,-77.16182,2022,7,9