Local Case Number,ACRS Report Type,Crash Date/Time,Road Name,Related Non-Motorist,Collision Type,Weather,Surface Condition,Light,Traffic Control,Driver Substance Abuse,Driver At Fault,Injury Severity,Circumstance,Driver Distracted By,Drivers License State,Vehicle Body Type,Vehicle Movement,Speed Limit,Driverless Vehicle,Vehicle Year,Vehicle Make,Vehicle Model,Latitude,Longitude,Year,Month,Hour
220032610,Property Damage Crash,07/29/2022 08:00:00 AM,NA,NA,OTHER,Cloudy,NA,Daylight,N/A,NONE DETECTED,No,No Apparent Injury,N/A,NOT DISTRACTED,MD,PASSENGER CAR,PARKED,0,No,2004,TOYOTA,HIGHLANDER,38.99540171,-77.07737821,2022,7,8
220032610,Property Damage Crash,07/29/2022 08:00:00 AM,NA,NA,OTHER,Cloudy,NA,Daylight,N/A,NONE DETECTED,Yes,No Apparent Injury,N/A,UNKNOWN,NA,VAN,UNKNOWN,0,No,2022,UU,UU,38.99540171,-77.07737821,2022,7,8
220032556,Injury Crash,07/29/2022 07:50:00 AM,NA,PEDESTRIAN,OTHER,Cloudy,NA,Daylight,N/A,NONE DETECTED,Yes,No Apparent Injury,N/A,UNKNOWN,MD,PASSENGER CAR,BACKING,5,No,2002,FORD,F150,39.01023333,-77.11491667,2022,7,7
220032553,Injury Crash,07/29/2022 07:15:00 AM,MONTGOMERY VILLAGE AVE,NA,HEAD ON LEFT TURN,Clear,DRY,Daylight,TRAFFIC SIGNAL,NONE DETECTED,Yes,No Apparent Injury,N/A,INATTENTIVE OR LOST IN THOUGHT,MD,PICKUP TRUCK,MOVING CONSTANT SPEED,35,No,1999,DODG,TK,39.13427733,-77.1952857,2022,7,7
220032553,Injury Crash,07/29/2022 07:15:00 AM,MONTGOMERY VILLAGE AVE,NA,HEAD ON LEFT TURN,Clear,DRY,Daylight,TRAFFIC SIGNAL,NONE DETECTED,No,Possible Minor Injury,N/A,NOT DISTRACTED,MD,PASSENGER CAR,MAKING LEFT TURN,35,No,2016,FORD,ESCAPE,39.13427733,-77.1952857,2022,7,7
220032548,Property Damage Crash,07/29/2022 04:59:00 AM,RIDGE RD,NA,SAME DIR REAR END,Clear,DRY,Medium,FLASHING TRAFFIC SIGNAL,NONE DETECTED,Yes,No Apparent Injury,N/A,UNKNOWN,VA,PASSENGER CAR,MAKING LEFT TURN,30,No,1999,TOYOTA,CAMRY,39.290455,-77.20481667,2022,7,4
220032548,Property Damage Crash,07/29/2022 04:59:00 AM,RIDGE RD,NA,SAME DIR REAR END,Clear,DRY,Medium,FLASHING TRAFFIC SIGNAL,NONE DETECTED,No,No Apparent Injury,N/A,NOT DISTRACTED,MD,PASSENGER CAR,MOVING CONSTANT SPEED,30,No,2020,TOYOTA,86,39.290455,-77.20481667,2022,7,4
220032542,Property Damage Crash,07/29/2022 01:55:00 AM,ROCKVILLE PIKE,NA,SINGLE VEHICLE,Clear,DRY,Medium,OTHER,NONE DETECTED,Yes,No Apparent Injury,N/A,UNKNOWN,MD,(SPORT) UTILITY VEHICLE,MOVING CONSTANT SPEED,40,No,2004,CHEVROLET,TAHOE,39.05699833,-77.12008667,2022,7,1
220032527,Injury Crash,07/28/2022 10:14:00 PM,CONNECTICUT AVE,NA,SAME DIRECTION SIDESWIPE,Clear,DRY,Medium,NO CONTROLS,NONE DETECTED,No,Possible Minor Injury,N/A,NOT DISTRACTED,MD,PASSENGER CAR,MOVING CONSTANT SPEED,40,No,2013,TOYOTA,HIGHLANDER,39.052615,-77.0745205,2022,7,22
220032527,Injury Crash,07/28/2022 10:14:00 PM,CONNECTICUT AVE,NA,SAME DIRECTION SIDESWIPE,Clear,DRY,Medium,NO CONTROLS,ALCOHOL PRESENT,Yes,Possible Minor Injury,N/A,NOT DISTRACTED,DC,PASSENGER CAR,MOVING CONSTANT SPEED,40,No,2015,SUBARU,FORESTER,39.052615,-77.0745205,2022,7,22
220032522,Property Damage Crash,07/28/2022 09:10:00 PM,NA,NA,OTHER,Clear,NA,Medium,NO CONTROLS,NONE DETECTED,Yes,No Apparent Injury,N/A,UNKNOWN,NA,NA,STARTING FROM PARKED,5,No,0,UNKNOWN,UNKNOWN,39.182085,-77.26392333,2022,7,21
220032516,Property Damage Crash,07/28/2022 07:45:00 PM,CECIL ST,NA,STRAIGHT MOVEMENT ANGLE,Rain,WET,Daylight,TRAFFIC SIGNAL,NONE DETECTED,No,No Apparent Injury,"N/A, WET",NOT DISTRACTED,MD,PASSENGER CAR,STOPPED IN TRAFFIC LANE,25,No,2016,FORD,MUSTANG,39.10616883,-77.152274,2022,7,19
220032516,Property Damage Crash,07/28/2022 07:45:00 PM,CECIL ST,NA,STRAIGHT MOVEMENT ANGLE,Rain,WET,Daylight,TRAFFIC SIGNAL,NONE DETECTED,Yes,No Apparent Injury,"N/A, WET",LOOKED BUT DID NOT SEE,MD,PASSENGER CAR,MAKING RIGHT TURN,40,No,2020,CHEVY,MALIBU,39.10616883,-77.152274,2022,7,19
220032511,Property Damage Crash,07/28/2022 07:20:00 PM,AIRPARK RD,NA,HEAD ON LEFT TURN,Rain,WET,Daylight,NO CONTROLS,NONE DETECTED,No,No Apparent Injury,"RAIN, SNOW, WET",UNKNOWN,MD,PASSENGER CAR,MOVING CONSTANT SPEED,45,No,2008,CHEV,TK,39.15487883,-77.14244,2022,7,19
220032511,Property Damage Crash,07/28/2022 07:20:00 PM,AIRPARK RD,NA,HEAD ON LEFT TURN,Rain,WET,Daylight,NO CONTROLS,NONE DETECTED,Yes,No Apparent Injury,"RAIN, SNOW, WET",NOT DISTRACTED,NJ,PASSENGER CAR,SLOWING OR STOPPING,45,No,2007,LIN,SUV,39.15487883,-77.14244,2022,7,19
220030314,Injury Crash,07/28/2022 07:09:00 PM,CAPITAL BELTWAY,NA,SAME DIR REAR END,Clear,DRY,Daylight,NO CONTROLS,NONE DETECTED,No,No Apparent Injury,"BACKUP DUE TO REGULAR CONGESTION, N/A",NOT DISTRACTED,MD,(SPORT) UTILITY VEHICLE,MOVING CONSTANT SPEED,55,No,2016,TOYOTA,HIGHLANDER,38.9910865,-77.0272835,2022,7,19
220030314,Injury Crash,07/28/2022 07:09:00 PM,CAPITAL BELTWAY,NA,SAME DIR REAR END,Clear,DRY,Daylight,NO CONTROLS,NONE DETECTED,No,No Apparent Injury,"BACKUP DUE TO REGULAR CONGESTION, N/A",NOT DISTRACTED,MD,(SPORT) UTILITY VEHICLE,MOVING CONSTANT SPEED,55,No,2022,AUDI,UT,38.9910865,-77.0272835,2022,7,19
220030314,Injury Crash,07/28/2022 07:09:00 PM,CAPITAL BELTWAY,NA,SAME DIR REAR END,Clear,DRY,Daylight,NO CONTROLS,NONE DETECTED,Yes,No Apparent Injury,"BACKUP DUE TO REGULAR CONGESTION, N/A",NOT DISTRACTED,MD,VAN,MOVING CONSTANT SPEED,55,No,2000,TOYOTA,VAN,38.9910865,-77.0272835,2022,7,19
220032499,Property Damage Crash,07/28/2022 05:35:00 PM,WATKINS MILL RD,NA,HEAD ON LEFT TURN,Clear,DRY,Daylight,NO CONTROLS,NONE DETECTED,No,No Apparent Injury,N/A,NOT DISTRACTED,MD,PASSENGER CAR,MOVING CONSTANT SPEED,35,No,2020,TOYOTA,C-HR,39.16965517,-77.20917167,2022,7,17
220032499,Property Damage Crash,07/28/2022 05:35:00 PM,WATKINS MILL RD,NA,HEAD ON LEFT TURN,Clear,DRY,Daylight,NO CONTROLS,NONE DETECTED,Yes,No Apparent Injury,N/A,UNKNOWN,MD,PASSENGER CAR,MAKING U TURN,35,No,2018,TOYOTA,COROLLA IM,39.16965517,-77.20917167,2022,7,17
220032462,Property Damage Crash,07/28/2022 01:40:00 PM,NA,NA,STRAIGHT MOVEMENT ANGLE,Clear,NA,Daylight,NO CONTROLS,NONE DETECTED,Yes,No Apparent Injury,N/A,NOT DISTRACTED,MD,PASSENGER CAR,MAKING LEFT TURN,5,No,2015,TOYT,PRIUS,39.10314167,-77.15769333,2022,7,13
220032462,Property Damage Crash,07/28/2022 01:40:00 PM,NA,NA,STRAIGHT MOVEMENT ANGLE,Clear,NA,Daylight,NO CONTROLS,NONE DETECTED,No,No Apparent Injury,N/A,NOT DISTRACTED,MD,PASSENGER CAR,MOVING CONSTANT SPEED,5,No,2019,ACUR,RDX,39.10314167,-77.15769333,2022,7,13
220032447,Property Damage Crash,07/28/2022 12:15:00 PM,QUINCE ORCHARD RD,NA,HEAD ON LEFT TURN,Cloudy,DRY,Daylight,TRAFFIC SIGNAL,NONE DETECTED,Yes,No Apparent Injury,N/A,NOT DISTRACTED,MD,PASSENGER CAR,MAKING LEFT TURN,35,No,2008,VOLV,TK,39.12830368,-77.23060512,2022,7,12
220032447,Property Damage Crash,07/28/2022 12:15:00 PM,QUINCE ORCHARD RD,NA,HEAD ON LEFT TURN,Cloudy,DRY,Daylight,TRAFFIC SIGNAL,NONE DETECTED,No,No Apparent Injury,N/A,NOT DISTRACTED,MD,PASSENGER CAR,MOVING CONSTANT SPEED,35,No,2022,ALFA,SD,39.12830368,-77.23060512,2022,7,12
220032425,Injury Crash,07/28/2022 10:40:00 AM,E GUDE DR,NA,HEAD ON LEFT TURN,Clear,DRY,Daylight,TRAFFIC SIGNAL,NONE DETECTED,No,No Apparent Injury,N/A,NOT DISTRACTED,MD,(SPORT) UTILITY VEHICLE,MOVING CONSTANT SPEED,40,No,2013,TOYT,RAV4,39.10631167,-77.15211167,2022,7,10
220032425,Injury Crash,07/28/2022 10:40:00 AM,E GUDE DR,NA,HEAD ON LEFT TURN,Clear,DRY,Daylight,TRAFFIC SIGNAL,NONE DETECTED,Yes,No Apparent Injury,N/A,NOT DISTRACTED,MD,PICKUP TRUCK,MAKING LEFT TURN,40,No,2020,FORD,PK,39.10631167,-77.15211167,2022,7,10
220032425,Injury Crash,07/28/2022 10:40:00 AM,E GUDE DR,NA,HEAD ON LEFT TURN,Clear,DRY,Daylight,TRAFFIC SIGNAL,NONE DETECTED,No,No Apparent Injury,N/A,NOT DISTRACTED,MD,OTHER,MOVING CONSTANT SPEED,40,No,2017,FORD,E3F,39.10631167,-77.15211167,2022,7,10
220032404,Injury Crash,07/28/2022 07:33:00 AM,RANDOLPH RD,NA,HEAD ON,Clear,DRY,Daylight,TRAFFIC SIGNAL,NONE DETECTED,Yes,Possible Minor Injury,N/A,LOOKED BUT DID NOT SEE,PA,PASSENGER CAR,MAKING LEFT TURN,35,No,2011,FORD,FUSION,39.05674167,-77.0736,2022,7,7
220032404,Injury Crash,07/28/2022 07:33:00 AM,RANDOLPH RD,NA,HEAD ON,Clear,DRY,Daylight,TRAFFIC SIGNAL,NONE DETECTED,No,Possible Minor Injury,N/A,NOT DISTRACTED,MD,PICKUP TRUCK,MOVING CONSTANT SPEED,35,No,2017,TOYOTA,TACOMA,39.05674167,-77.0736,2022,7,7
220032401,Injury Crash,07/28/2022 07:00:00 AM,UNIVERSITY BLVD E,NA,SAME DIR REAR END,Clear,DRY,Daylight,TRAFFIC SIGNAL,NONE DETECTED,Yes,No Apparent Injury,N/A,NOT DISTRACTED,MD,PASSENGER CAR,STARTING FROM LANE,35,No,2004,MERCEDES,E500,39.01446283,-77.03421533,2022,7,7
220032401,Injury Crash,07/28/2022 07:00:00 AM,UNIVERSITY BLVD E,NA,SAME DIR REAR END,Clear,DRY,Daylight,TRAFFIC SIGNAL,NONE DETECTED,No,Possible Minor Injury,N/A,NOT DISTRACTED,VA,PASSENGER CAR,RIGHT TURN ON RED,35,No,2014,CHEVROLET,SILVERADO,39.01446283,-77.03421533,2022,7,7
220032397,Injury Crash,07/28/2022 05:07:00 AM,NEW HAMPSHIRE AVE,PEDESTRIAN,SINGLE VEHICLE,Clear,DRY,Medium,TRAFFIC SIGNAL,NONE DETECTED,Yes,No Apparent Injury,N/A,UNKNOWN,NA,NA,UNKNOWN,35,No,0,UNKNOWN,UNKNOWN,39.04573167,-76.99053167,2022,7,5
220032394,Property Damage Crash,07/28/2022 02:15:00 AM,WISCONSIN AVE,NA,SINGLE VEHICLE,Clear,DRY,Medium,NO CONTROLS,NONE DETECTED,Yes,No Apparent Injury,N/A,NOT DISTRACTED,MD,POLICE VEHICLE/NON EMERGENCY,MAKING U TURN,30,No,2013,FORD,EXPLORER,39.2175276,-77.25059274,2022,7,2
220032370,Injury Crash,07/27/2022 07:30:00 PM,GERMANTOWN RD,NA,OTHER,Cloudy,DRY,Daylight,NO CONTROLS,NONE DETECTED,Yes,Possible Minor Injury,N/A,NOT DISTRACTED,MD,PASSENGER CAR,UNKNOWN,40,No,2004,TOYOTA,COROLLA,39.1795,-77.26583,2022,7,19
220032370,Injury Crash,07/27/2022 07:30:00 PM,GERMANTOWN RD,NA,OTHER,Cloudy,DRY,Daylight,NO CONTROLS,NONE DETECTED,No,Possible Minor Injury,N/A,NOT DISTRACTED,MD,PASSENGER CAR,SLOWING OR STOPPING,40,No,2021,TOYOTA,CAMRY,39.1795,-77.26583,2022,7,19
220032361,Property Damage Crash,07/27/2022 06:11:00 PM,FREDERICK RD,NA,SAME DIR REAR END,Clear,DRY,Daylight,NO CONTROLS,NONE DETECTED,No,No Apparent Injury,N/A,NOT DISTRACTED,MD,PASSENGER CAR,SLOWING OR STOPPING,30,No,2017,NISSAN,MAXIMA,39.23380333,-77.27257833,2022,7,18
220032361,Property Damage Crash,07/27/2022 06:11:00 PM,FREDERICK RD,NA,SAME DIR REAR END,Clear,DRY,Daylight,NO CONTROLS,NONE DETECTED,Yes,No Apparent Injury,N/A,UNKNOWN,MD,PASSENGER CAR,SLOWING OR STOPPING,30,No,1996,TOYOTA,CAMRY,39.23380333,-77.27257833,2022,7,18
220032360,Property Damage Crash,07/27/2022 06:00:00 PM,COLUMBIA PIKE,NA,SAME DIR REAR END,Clear,DRY,Daylight,TRAFFIC SIGNAL,NONE DETECTED,Yes,No Apparent Injury,N/A,UNKNOWN,VA,PICKUP TRUCK,SLOWING OR STOPPING,50,No,2008,TOYT,TK,39.05648533,-76.97093333,2022,7,18
220032360,Property Damage Crash,07/27/2022 06:00:00 PM,COLUMBIA PIKE,NA,SAME DIR REAR END,Clear,DRY,Daylight,TRAFFIC SIGNAL,NONE DETECTED,No,No Apparent Injury,N/A,NOT DISTRACTED,MD,PASSENGER CAR,STOPPED IN TRAFFIC LANE,50,No,2015,MERZ,4S,39.05648533,-76.97093333,2022,7,18
220032366,Property Damage Crash,07/27/2022 05:37:00 PM,CLARKSBURG RD,NA,SINGLE VEHICLE,Clear,DRY,Daylight,NO CONTROLS,NONE DETECTED,Yes,No Apparent Injury,N/A,UNKNOWN,MD,PICKUP TRUCK,ACCELERATING,30,No,2018,DODGE,RAM,39.238685,-77.28160167,2022,7,17
220032356,Property Damage Crash,07/27/2022 05:15:00 PM,NA,NA,OTHER,Clear,NA,Daylight,N/A,NONE DETECTED,No,No Apparent Injury,N/A,NOT DISTRACTED,MD,PASSENGER CAR,PARKED,0,No,2018,FORD,MUSTANG,39.10159472,-77.16085462,2022,7,17
220032356,Property Damage Crash,07/27/2022 05:15:00 PM,NA,NA,OTHER,Clear,NA,Daylight,N/A,NONE DETECTED,Yes,No Apparent Injury,N/A,UNKNOWN,NA,PASSENGER CAR,PARKED,0,No,2018,MAZDA,CX9,39.10159472,-77.16085462,2022,7,17
220032336,Property Damage Crash,07/27/2022 03:15:00 PM,FAIRLAND RD,NA,OTHER,Clear,DRY,Daylight,NO CONTROLS,NONE DETECTED,No,No Apparent Injury,N/A,NOT DISTRACTED,MD,VAN,MOVING CONSTANT SPEED,40,No,2009,TOYT,VN,39.07694683,-76.95860933,2022,7,15
220032336,Property Damage Crash,07/27/2022 03:15:00 PM,FAIRLAND RD,NA,OTHER,Clear,DRY,Daylight,NO CONTROLS,NONE DETECTED,Yes,No Apparent Injury,N/A,OTHER DISTRACTION,MD,PASSENGER CAR,MAKING U TURN,40,No,1998,TOYT,SD,39.07694683,-76.95860933,2022,7,15
220032330,Property Damage Crash,07/27/2022 01:00:00 PM,CASCADE RD,NA,OPPOSITE DIRECTION SIDESWIPE,Clear,DRY,Daylight,N/A,NONE DETECTED,Unknown,No Apparent Injury,N/A,NOT DISTRACTED,MD,SCHOOL BUS,STOPPED IN TRAFFIC LANE,20,No,2019,THOMAS,PUSH MSDE,39.02861167,-77.04375,2022,7,13
220032330,Property Damage Crash,07/27/2022 01:00:00 PM,CASCADE RD,NA,OPPOSITE DIRECTION SIDESWIPE,Clear,DRY,Daylight,N/A,NONE DETECTED,Unknown,No Apparent Injury,N/A,UNKNOWN,MD,PASSENGER CAR,SLOWING OR STOPPING,20,No,2016,LEXUS,NX2001,39.02861167,-77.04375,2022,7,13
220032310,Injury Crash,07/27/2022 12:37:00 PM,GEORGIA AVE,NA,STRAIGHT MOVEMENT ANGLE,Clear,DRY,Daylight,N/A,NONE DETECTED,Yes,Possible Minor Injury,N/A,NOT DISTRACTED,MD,PASSENGER CAR,MOVING CONSTANT SPEED,35,No,1998,TOYOTA,TK,39.02669667,-77.04673667,2022,7,12
220032310,Injury Crash,07/27/2022 12:37:00 PM,GEORGIA AVE,NA,STRAIGHT MOVEMENT ANGLE,Clear,DRY,Daylight,N/A,NONE DETECTED,Yes,No Apparent Injury,N/A,NOT DISTRACTED,MD,PASSENGER CAR,ENTERING TRAFFIC LANE,35,No,2016,HONDA,ODYSSEY,39.02669667,-77.04673667,2022,7,12
220032306,Injury Crash,07/27/2022 12:19:00 PM,GEORGIA AVE,NA,SAME DIR REAR END,Clear,DRY,Daylight,NO CONTROLS,NONE DETECTED,No,No Apparent Injury,N/A,NOT DISTRACTED,MD,PASSENGER CAR,MOVING CONSTANT SPEED,25,No,2015,TOYOTA,RAV4,39.0434,-77.0522,2022,7,12
220032306,Injury Crash,07/27/2022 12:19:00 PM,GEORGIA AVE,NA,SAME DIR REAR END,Clear,DRY,Daylight,NO CONTROLS,NONE DETECTED,Yes,No Apparent Injury,N/A,UNKNOWN,XX,PASSENGER CAR,MOVING CONSTANT SPEED,25,No,2007,TOYOTA,SIENNA,39.0434,-77.0522,2022,7,12
220032306,Injury Crash,07/27/2022 12:19:00 PM,GEORGIA AVE,NA,SAME DIR REAR END,Clear,DRY,Daylight,NO CONTROLS,NONE DETECTED,No,No Apparent Injury,N/A,NOT DISTRACTED,DC,PASSENGER CAR,MOVING CONSTANT SPEED,25,No,2016,GMC,SIERRA,39.0434,-77.0522,2022,7,12
220032306,Injury Crash,07/27/2022 12:19:00 PM,GEORGIA AVE,NA,SAME DIR REAR END,Clear,DRY,Daylight,NO CONTROLS,NONE DETECTED,No,Possible Minor Injury,N/A,NOT DISTRACTED,MD,PASSENGER CAR,MOVING CONSTANT SPEED,25,No,2015,TOYOTA,AVALON,39.0434,-77.0522,2022,7,12
220032267,Property Damage Crash,07/27/2022 08:50:00 AM,TWINBROOK PKWY,NA,SAME DIR REAR END,Clear,DRY,Daylight,N/A,NONE DETECTED,Yes,No Apparent Injury,N/A,LOOKED BUT DID NOT SEE,CT,PASSENGER CAR,SLOWING OR STOPPING,35,No,2013,HYUNDAI,VELOSTER,39.073024,-77.11226167,2022,7,8
220032267,Property Damage Crash,07/27/2022 08:50:00 AM,TWINBROOK PKWY,NA,SAME DIR REAR END,Clear,DRY,Daylight,N/A,NONE DETECTED,No,No Apparent Injury,N/A,NOT DISTRACTED,MD,PASSENGER CAR,STOPPED IN TRAFFIC LANE,35,No,2015,LEXS,SD,39.073024,-77.11226167,2022,7,8
220032264,Property Damage Crash,07/27/2022 08:09:00 AM,WOOTTON PKWY,NA,OTHER,Clear,DRY,Daylight,OTHER,NONE DETECTED,No,No Apparent Injury,"N/A, ROAD UNDER CONSTRUCTION/MAINTENANCE",NOT DISTRACTED,MD,"MEDIUM/HEAVY TRUCKS 3 AXLES (OVER 10,000LBS (4,536KG))",MOVING CONSTANT SPEED,30,No,2006,KW,TK,39.07689133,-77.13983517,2022,7,8
220032264,Property Damage Crash,07/27/2022 08:09:00 AM,WOOTTON PKWY,NA,OTHER,Clear,DRY,Daylight,OTHER,NONE DETECTED,Yes,No Apparent Injury,"N/A, ROAD UNDER CONSTRUCTION/MAINTENANCE",UNKNOWN,MD,PASSENGER CAR,CHANGING LANES,30,No,2003,LEXS,4S,39.07689133,-77.13983517,2022,7,8
220032269,Property Damage Crash,07/27/2022 07:45:00 AM,NA,NA,SAME DIR REAR END,Clear,NA,Daylight,NO CONTROLS,NONE DETECTED,No,No Apparent Injury,N/A,NOT DISTRACTED,MD,(SPORT) UTILITY VEHICLE,SLOWING OR STOPPING,5,No,2016,CHEV,TK,39.18334,-77.26330167,2022,7,7
220032269,Property Damage Crash,07/27/2022 07:45:00 AM,NA,NA,SAME DIR REAR END,Clear,NA,Daylight,NO CONTROLS,NONE DETECTED,Yes,No Apparent Injury,N/A,NOT DISTRACTED,MD,(SPORT) UTILITY VEHICLE,MOVING CONSTANT SPEED,5,No,1999,CHEV,TK,39.18334,-77.26330167,2022,7,7
220032252,Injury Crash,07/27/2022 12:53:00 AM,RIDING STABLE RD,NA,SINGLE VEHICLE,Clear,DRY,Medium,NO CONTROLS,NONE DETECTED,Yes,Possible Minor Injury,N/A,NOT DISTRACTED,MD,PASSENGER CAR,NEGOTIATING A CURVE,25,No,2014,VOLKS,4S,39.11123167,-76.90914333,2022,7,0
220032242,Property Damage Crash,07/26/2022 10:41:00 PM,LAYHILL RD,NA,STRAIGHT MOVEMENT ANGLE,Clear,WET,Medium,TRAFFIC SIGNAL,NONE DETECTED,Yes,No Apparent Injury,N/A,UNKNOWN,MD,PASSENGER CAR,RIGHT TURN ON RED,40,No,2008,LEXUS,ES350,39.09888467,-77.042857,2022,7,22
220032242,Property Damage Crash,07/26/2022 10:41:00 PM,LAYHILL RD,NA,STRAIGHT MOVEMENT ANGLE,Clear,WET,Medium,TRAFFIC SIGNAL,NONE DETECTED,Unknown,No Apparent Injury,N/A,UNKNOWN,NA,NA,UNKNOWN,40,No,0,UNKNOWN,UNKNOWN,39.09888467,-77.042857,2022,7,22
220032230,Property Damage Crash,07/26/2022 08:37:00 PM,KENTLANDS BLVD,NA,HEAD ON LEFT TURN,Rain,WET,Medium,TRAFFIC SIGNAL,NONE DETECTED,Yes,No Apparent Injury,"N/A, WET",UNKNOWN,NA,UNKNOWN,ACCELERATING,50,Unknown,0,UNKNOWN,UNKNOWN,39.12357688,-77.23121725,2022,7,20
220032230,Property Damage Crash,07/26/2022 08:37:00 PM,KENTLANDS BLVD,NA,HEAD ON LEFT TURN,Rain,WET,Medium,TRAFFIC SIGNAL,NONE DETECTED,No,No Apparent Injury,"N/A, WET",NOT DISTRACTED,MD,MOTORCYCLE,MAKING LEFT TURN,50,No,2021,HUSQ,SP,39.12357688,-77.23121725,2022,7,20
220032223,Property Damage Crash,07/26/2022 07:38:00 PM,ROCKVILLE PIKE,NA,HEAD ON LEFT TURN,Cloudy,DRY,Medium,TRAFFIC SIGNAL,NONE DETECTED,No,No Apparent Injury,N/A,NOT DISTRACTED,MD,PASSENGER CAR,MOVING CONSTANT SPEED,30,No,2016,ACURA,4DR,39.10159472,-77.16085462,2022,7,19
220032223,Property Damage Crash,07/26/2022 07:38:00 PM,ROCKVILLE PIKE,NA,HEAD ON LEFT TURN,Cloudy,DRY,Medium,TRAFFIC SIGNAL,NONE DETECTED,No,No Apparent Injury,N/A,NOT DISTRACTED,NV,PASSENGER CAR,MOVING CONSTANT SPEED,30,No,2012,SUBARU,4DR,39.10159472,-77.16085462,2022,7,19
220032206,Property Damage Crash,07/26/2022 06:00:00 PM,NEW HAMPSHIRE AVE,NA,HEAD ON LEFT TURN,Cloudy,DRY,Daylight,TRAFFIC SIGNAL,NONE DETECTED,No,No Apparent Injury,N/A,NOT DISTRACTED,MD,PASSENGER CAR,MOVING CONSTANT SPEED,35,No,2005,FORD,TK,38.9747665,-77.012593,2022,7,18
220032206,Property Damage Crash,07/26/2022 06:00:00 PM,NEW HAMPSHIRE AVE,NA,HEAD ON LEFT TURN,Cloudy,DRY,Daylight,TRAFFIC SIGNAL,NONE DETECTED,No,No Apparent Injury,N/A,NOT DISTRACTED,MD,PASSENGER CAR,MAKING LEFT TURN,35,No,2016,TOYOTA,CAMRY,38.9747665,-77.012593,2022,7,18
220032192,Injury Crash,07/26/2022 04:45:00 PM,GREAT SENECA HWY,NA,SAME DIR REAR END,Clear,DRY,Daylight,TRAFFIC SIGNAL,NONE DETECTED,Yes,No Apparent Injury,N/A,INATTENTIVE OR LOST IN THOUGHT,MD,PASSENGER CAR,UNKNOWN,50,No,2012,HONDA,CIVIC,39.17544,-77.26983667,2022,7,16
220032192,Injury Crash,07/26/2022 04:45:00 PM,GREAT SENECA HWY,NA,SAME DIR REAR END,Clear,DRY,Daylight,TRAFFIC SIGNAL,NONE DETECTED,No,Possible Minor Injury,N/A,NOT DISTRACTED,MD,PASSENGER CAR,STARTING FROM PARKED,50,No,2013,VOLKSWAGON,JETTA,39.17544,-77.26983667,2022,7,16
220032188,Property Damage Crash,07/26/2022 04:30:00 PM,ROLLINS AVE,NA,STRAIGHT MOVEMENT ANGLE,Clear,DRY,Daylight,NO CONTROLS,NONE DETECTED,Yes,No Apparent Injury,N/A,LOOKED BUT DID NOT SEE,MD,POLICE VEHICLE/EMERGENCY,MAKING LEFT TURN,15,No,2021,MAZD,SD,39.234375,-77.28137333,2022,7,16
220032188,Property Damage Crash,07/26/2022 04:30:00 PM,ROLLINS AVE,NA,STRAIGHT MOVEMENT ANGLE,Clear,DRY,Daylight,NO CONTROLS,NONE DETECTED,No,No Apparent Injury,N/A,LOOKED BUT DID NOT SEE,MD,PASSENGER CAR,MOVING CONSTANT SPEED,25,No,2015,TOYOTA,TK,39.234375,-77.28137333,2022,7,16
220032188,Property Damage Crash,07/26/2022 04:30:00 PM,ROLLINS AVE,NA,STRAIGHT MOVEMENT ANGLE,Clear,DRY,Daylight,NO CONTROLS,NONE DETECTED,No,No Apparent Injury,N/A,NOT DISTRACTED,VA,PASSENGER CAR,MOVING CONSTANT SPEED,25,No,2014,HONDA,4S,39.234375,-77.28137333,2022,7,16
220032156,Property Damage Crash,07/26/2022 01:20:00 PM,MONTGOMERY VILLAGE AVE,NA,SAME DIR REAR END,Cloudy,DRY,Daylight,PERSON,NONE DETECTED,Yes,No Apparent Injury,N/A,UNKNOWN,MD,PASSENGER CAR,MOVING CONSTANT SPEED,35,No,2007,HOND,2S,39.18483667,-77.19891833,2022,7,13
220032156,Property Damage Crash,07/26/2022 01:20:00 PM,MONTGOMERY VILLAGE AVE,NA,SAME DIR REAR END,Cloudy,DRY,Daylight,PERSON,NONE DETECTED,No,No Apparent Injury,N/A,NOT DISTRACTED,MD,PASSENGER CAR,SLOWING OR STOPPING,35,No,2013,SUBA,4S,39.18483667,-77.19891833,2022,7,13
220032134,Property Damage Crash,07/26/2022 10:59:00 AM,NA,NA,SINGLE VEHICLE,Clear,NA,Daylight,NO CONTROLS,NONE DETECTED,Yes,No Apparent Injury,N/A,NOT DISTRACTED,MD,PASSENGER CAR,PARKING,5,No,2018,AUDI,S5,39.04422667,-77.113265,2022,7,10
220032133,Injury Crash,07/26/2022 10:55:00 AM,E GUDE DR,NA,STRAIGHT MOVEMENT ANGLE,Clear,DRY,Daylight,TRAFFIC SIGNAL,NONE DETECTED,No,Possible Minor Injury,N/A,NOT DISTRACTED,MD,PASSENGER CAR,STARTING FROM LANE,30,No,2020,INFINITI,Q60,39.10637367,-77.15250517,2022,7,10
220032133,Injury Crash,07/26/2022 10:55:00 AM,E GUDE DR,NA,STRAIGHT MOVEMENT ANGLE,Clear,DRY,Daylight,TRAFFIC SIGNAL,NONE DETECTED,Yes,No Apparent Injury,N/A,LOOKED BUT DID NOT SEE,MD,PASSENGER CAR,MOVING CONSTANT SPEED,40,No,2007,VOLKS,RABBIT,39.10637367,-77.15250517,2022,7,10
220032127,Property Damage Crash,07/26/2022 10:08:00 AM,NEW HAMPSHIRE AVE,NA,SAME DIR REAR END,Clear,DRY,Daylight,TRAFFIC SIGNAL,NONE DETECTED,Yes,No Apparent Injury,N/A,OTHER CELLULAR PHONE RELATED,MD,PASSENGER CAR,MOVING CONSTANT SPEED,35,No,2011,TOYOTA,COROLLA,39.0584525,-76.9975875,2022,7,10
220032127,Property Damage Crash,07/26/2022 10:08:00 AM,NEW HAMPSHIRE AVE,NA,SAME DIR REAR END,Clear,DRY,Daylight,TRAFFIC SIGNAL,NONE DETECTED,No,No Apparent Injury,N/A,NOT DISTRACTED,MD,(SPORT) UTILITY VEHICLE,STOPPED IN TRAFFIC LANE,35,No,2021,MERCEDES,GLE,39.0584525,-76.9975875,2022,7,10
220032125,Property Damage Crash,07/26/2022 10:00:00 AM,CAPITAL BELTWAY,NA,SAME DIR REAR END,Clear,DRY,Daylight,NO CONTROLS,NONE DETECTED,Yes,No Apparent Injury,N/A,NOT DISTRACTED,MD,PICKUP TRUCK,MOVING CONSTANT SPEED,55,No,2012,TOYOTA,TACOMA,39.06788,-76.97301333,2022,7,10
220032125,Property Damage Crash,07/26/2022 10:00:00 AM,CAPITAL BELTWAY,NA,SAME DIR REAR END,Clear,DRY,Daylight,NO CONTROLS,NONE DETECTED,No,No Apparent Injury,N/A,NOT DISTRACTED,MD,PASSENGER CAR,MOVING CONSTANT SPEED,55,No,2010,SUBA,SW,39.06788,-76.97301333,2022,7,10
220032113,Property Damage Crash,07/26/2022 06:41:00 AM,PHILADELPHIA AVE,NA,STRAIGHT MOVEMENT ANGLE,Clear,DRY,Daylight,STOP SIGN,NONE DETECTED,Yes,No Apparent Injury,N/A,LOOKED BUT DID NOT SEE,VA,PASSENGER CAR,MAKING RIGHT TURN,25,No,2018,NISSAN,FRONTIER,38.98334,-77.01528,2022,7,6