Local Case Number,ACRS Report Type,Crash Date/Time,Road Name,Related Non-Motorist,Collision Type,Weather,Surface Condition,Light,Traffic Control,Driver Substance Abuse,Driver At Fault,Injury Severity,Circumstance,Driver Distracted By,Drivers License State,Vehicle Body Type,Vehicle Movement,Speed Limit,Driverless Vehicle,Vehicle Year,Vehicle Make,Vehicle Model,Latitude,Longitude,Year,Month,Hour
220032113,Property Damage Crash,07/26/2022 06:41:00 AM,PHILADELPHIA AVE,NA,STRAIGHT MOVEMENT ANGLE,Clear,DRY,Daylight,STOP SIGN,NONE DETECTED,No,No Apparent Injury,N/A,LOOKED BUT DID NOT SEE,MD,PASSENGER CAR,MOVING CONSTANT SPEED,25,No,2013,NISS,4S,38.98334,-77.01528,2022,7,6
220032102,Property Damage Crash,07/25/2022 11:04:00 PM,GREAT SENECA HWY,NA,STRAIGHT MOVEMENT ANGLE,Clear,DRY,Medium,TRAFFIC SIGNAL,NONE DETECTED,No,No Apparent Injury,N/A,NOT DISTRACTED,MD,PASSENGER CAR,MOVING CONSTANT SPEED,35,No,2012,FORD,4D,39.15878,-77.27566667,2022,7,23
220032102,Property Damage Crash,07/25/2022 11:04:00 PM,GREAT SENECA HWY,NA,STRAIGHT MOVEMENT ANGLE,Clear,DRY,Medium,TRAFFIC SIGNAL,NONE DETECTED,Yes,No Apparent Injury,N/A,LOOKED BUT DID NOT SEE,MD,PASSENGER CAR,MAKING RIGHT TURN,35,No,2018,TOY,CAMRY,39.15878,-77.27566667,2022,7,23
220032095,Injury Crash,07/25/2022 10:15:00 PM,16TH ST,OTHER,OTHER,Clear,N/A,Medium,TRAFFIC SIGNAL,NONE DETECTED,No,No Apparent Injury,N/A,LOOKED BUT DID NOT SEE,MD,PASSENGER CAR,MAKING LEFT TURN,35,No,2014,HONDA,CRV,38.991065,-77.02728667,2022,7,22
220032088,Injury Crash,07/25/2022 09:13:00 PM,NEW HAMPSHIRE AVE,NA,HEAD ON LEFT TURN,Clear,DRY,Medium,TRAFFIC SIGNAL,NONE DETECTED,No,Possible Minor Injury,N/A,NOT DISTRACTED,MD,PASSENGER CAR,MAKING LEFT TURN,40,No,2005,CHEVY,UPLANDER,39.03678833,-76.98951167,2022,7,21
220032088,Injury Crash,07/25/2022 09:13:00 PM,NEW HAMPSHIRE AVE,NA,HEAD ON LEFT TURN,Clear,DRY,Medium,TRAFFIC SIGNAL,NONE DETECTED,Yes,No Apparent Injury,N/A,NOT DISTRACTED,MD,PASSENGER CAR,MOVING CONSTANT SPEED,40,No,2007,HUMMER,H3,39.03678833,-76.98951167,2022,7,21
220032059,Property Damage Crash,07/25/2022 05:27:00 PM,LAYHILL RD,NA,SAME DIR REAR END,Clear,WET,Daylight,NO CONTROLS,NONE DETECTED,Yes,No Apparent Injury,"N/A, WET",LOOKED BUT DID NOT SEE,MD,PASSENGER CAR,MOVING CONSTANT SPEED,40,No,2010,HONDA,ACCORD,39.11047167,-77.037065,2022,7,17
220032059,Property Damage Crash,07/25/2022 05:27:00 PM,LAYHILL RD,NA,SAME DIR REAR END,Clear,WET,Daylight,NO CONTROLS,NONE DETECTED,No,No Apparent Injury,"N/A, WET",NOT DISTRACTED,MD,PASSENGER CAR,PARKED,0,No,2015,VOLKS,GOLF,39.11047167,-77.037065,2022,7,17
220032059,Property Damage Crash,07/25/2022 05:27:00 PM,LAYHILL RD,NA,SAME DIR REAR END,Clear,WET,Daylight,NO CONTROLS,NONE DETECTED,No,No Apparent Injury,"N/A, WET",UNKNOWN,MD,PASSENGER CAR,MOVING CONSTANT SPEED,40,No,2020,NISSAN,SENTRA,39.11047167,-77.037065,2022,7,17
220032052,Injury Crash,07/25/2022 05:20:00 PM,E GUDE DR,NA,SAME DIR REAR END,Clear,DRY,Daylight,NO CONTROLS,NONE DETECTED,No,Possible Minor Injury,N/A,NOT DISTRACTED,MD,PASSENGER CAR,SLOWING OR STOPPING,35,No,2020,CHEVY,HB,39.09767574,-77.13655804,2022,7,17
220032052,Injury Crash,07/25/2022 05:20:00 PM,E GUDE DR,NA,SAME DIR REAR END,Clear,DRY,Daylight,NO CONTROLS,NONE DETECTED,Yes,No Apparent Injury,N/A,UNKNOWN,MD,PASSENGER CAR,MOVING CONSTANT SPEED,35,No,2015,FORD,F150,39.09767574,-77.13655804,2022,7,17
220032052,Injury Crash,07/25/2022 05:20:00 PM,E GUDE DR,NA,SAME DIR REAR END,Clear,DRY,Daylight,NO CONTROLS,NONE DETECTED,No,No Apparent Injury,N/A,NOT DISTRACTED,NJ,PASSENGER CAR,SLOWING OR STOPPING,35,No,2011,INFINITY,4D,39.09767574,-77.13655804,2022,7,17
220032042,Property Damage Crash,07/25/2022 04:10:00 PM,ROCKVILLE PIKE,NA,SAME DIR REAR END,Rain,WET,Daylight,TRAFFIC SIGNAL,NONE DETECTED,Yes,No Apparent Injury,"N/A, WET",LOOKED BUT DID NOT SEE,MD,(SPORT) UTILITY VEHICLE,MOVING CONSTANT SPEED,35,No,2015,MAZDA,CX5,39.04954167,-77.114145,2022,7,16
220032042,Property Damage Crash,07/25/2022 04:10:00 PM,ROCKVILLE PIKE,NA,SAME DIR REAR END,Rain,WET,Daylight,TRAFFIC SIGNAL,NONE DETECTED,No,No Apparent Injury,"N/A, WET",NOT DISTRACTED,MD,PICKUP TRUCK,SLOWING OR STOPPING,35,No,2021,TOYOTA,TUNDRA,39.04954167,-77.114145,2022,7,16
220032037,Property Damage Crash,07/25/2022 03:39:00 PM,MONTROSE RD,NA,SAME DIR REAR END,Rain,WET,Daylight,TRAFFIC SIGNAL,NONE DETECTED,Yes,No Apparent Injury,"RAIN, SNOW, WET",NOT DISTRACTED,MD,PASSENGER CAR,SKIDDING,35,No,2012,BMW,128I,39.055705,-77.149355,2022,7,15
220032037,Property Damage Crash,07/25/2022 03:39:00 PM,MONTROSE RD,NA,SAME DIR REAR END,Rain,WET,Daylight,TRAFFIC SIGNAL,NONE DETECTED,No,No Apparent Injury,"RAIN, SNOW, WET",NOT DISTRACTED,MD,PASSENGER CAR,SLOWING OR STOPPING,35,No,2002,HOND,ACCORD,39.055705,-77.149355,2022,7,15
220032034,Injury Crash,07/25/2022 03:28:00 PM,DIAMONDBACK DR,PEDESTRIAN,STRAIGHT MOVEMENT ANGLE,Rain,WET,Daylight,OTHER,NONE DETECTED,Yes,No Apparent Injury,N/A,LOOKED BUT DID NOT SEE,MD,PASSENGER CAR,MOVING CONSTANT SPEED,30,No,2004,BMW,TK,39.14105145,-77.20802565,2022,7,15
220032025,Property Damage Crash,07/25/2022 02:42:00 PM,N HORNERS LA,NA,STRAIGHT MOVEMENT ANGLE,Cloudy,DRY,Daylight,STOP SIGN,NONE DETECTED,Yes,No Apparent Injury,N/A,UNKNOWN,MD,PASSENGER CAR,MOVING CONSTANT SPEED,25,No,2022,UNKNOW,VAN,39.093625,-77.1437,2022,7,14
220032025,Property Damage Crash,07/25/2022 02:42:00 PM,N HORNERS LA,NA,STRAIGHT MOVEMENT ANGLE,Cloudy,DRY,Daylight,STOP SIGN,NONE DETECTED,No,No Apparent Injury,N/A,NOT DISTRACTED,MD,TRANSIT BUS,ACCELERATING,30,No,2014,GILLIG,BUS,39.093625,-77.1437,2022,7,14
220032022,Injury Crash,07/25/2022 01:57:00 PM,E MIDDLE LA,NA,SAME DIR REAR END,Clear,DRY,Daylight,NO CONTROLS,NONE DETECTED,Yes,No Apparent Injury,N/A,NOT DISTRACTED,NJ,"CARGO VAN/LIGHT TRUCK 2 AXLES (OVER 10,000LBS (4,536 KG))",MOVING CONSTANT SPEED,25,No,2016,AUTO,TK,39.08529033,-77.15248617,2022,7,13
220032022,Injury Crash,07/25/2022 01:57:00 PM,E MIDDLE LA,NA,SAME DIR REAR END,Clear,DRY,Daylight,NO CONTROLS,NONE DETECTED,No,Possible Minor Injury,N/A,NOT DISTRACTED,VA,PASSENGER CAR,MOVING CONSTANT SPEED,25,No,2019,DODGE,TK,39.08529033,-77.15248617,2022,7,13
220032010,Property Damage Crash,07/25/2022 12:00:00 PM,NA,NA,OTHER,Clear,NA,Daylight,N/A,NONE DETECTED,Yes,No Apparent Injury,N/A,UNKNOWN,NA,NA,UNKNOWN,25,No,0,UNKNOWN,UNKNOWN,39.1408066,-77.22458333,2022,7,12
220031985,Injury Crash,07/25/2022 10:55:00 AM,COLUMBIA PIKE,NA,SAME DIR REAR END,Cloudy,DRY,Daylight,TRAFFIC SIGNAL,DRUG PRESENT,Yes,No Apparent Injury,N/A,NOT DISTRACTED,MD,PASSENGER CAR,MOVING CONSTANT SPEED,55,No,2016,LEXUS,CAR,39.09612283,-76.93784217,2022,7,10
220031985,Injury Crash,07/25/2022 10:55:00 AM,COLUMBIA PIKE,NA,SAME DIR REAR END,Cloudy,DRY,Daylight,TRAFFIC SIGNAL,NONE DETECTED,No,No Apparent Injury,N/A,NOT DISTRACTED,MD,"CARGO VAN/LIGHT TRUCK 2 AXLES (OVER 10,000LBS (4,536 KG))",STOPPED IN TRAFFIC LANE,55,No,2016,FRIEGHTLINER,BOX TRUCK,39.09612283,-76.93784217,2022,7,10
220031985,Injury Crash,07/25/2022 10:55:00 AM,COLUMBIA PIKE,NA,SAME DIR REAR END,Cloudy,DRY,Daylight,TRAFFIC SIGNAL,NONE DETECTED,No,Suspected Serious Injury,N/A,NOT DISTRACTED,MD,MOTORCYCLE,SLOWING OR STOPPING,55,No,2014,HONDA,MOTORCYCLE,39.09612283,-76.93784217,2022,7,10
220031985,Injury Crash,07/25/2022 10:55:00 AM,COLUMBIA PIKE,NA,SAME DIR REAR END,Cloudy,DRY,Daylight,TRAFFIC SIGNAL,NONE DETECTED,No,No Apparent Injury,N/A,NOT DISTRACTED,MD,PICKUP TRUCK,STOPPED IN TRAFFIC LANE,55,No,2016,CHEVY,PICKUP,39.09612283,-76.93784217,2022,7,10
220031985,Injury Crash,07/25/2022 10:55:00 AM,COLUMBIA PIKE,NA,SAME DIR REAR END,Cloudy,DRY,Daylight,TRAFFIC SIGNAL,NONE DETECTED,No,Possible Minor Injury,N/A,NOT DISTRACTED,MD,PASSENGER CAR,STOPPED IN TRAFFIC LANE,55,No,2018,HYN,CAR,39.09612283,-76.93784217,2022,7,10
220031983,Fatal Crash,07/25/2022 10:08:00 AM,NORBECK RD,NA,HEAD ON LEFT TURN,Clear,DRY,Daylight,TRAFFIC SIGNAL,NONE DETECTED,No,Possible Minor Injury,N/A,NOT DISTRACTED,MD,PASSENGER CAR,MOVING CONSTANT SPEED,50,No,2015,VOLKSWAGEN,JETTA,39.09542333,-77.11254833,2022,7,10
220031983,Fatal Crash,07/25/2022 10:08:00 AM,NORBECK RD,NA,HEAD ON LEFT TURN,Clear,DRY,Daylight,TRAFFIC SIGNAL,NONE DETECTED,Yes,Fatal Injury,N/A,NOT DISTRACTED,MD,PASSENGER CAR,MAKING LEFT TURN,50,No,2016,NISS,SENTRA,39.09542333,-77.11254833,2022,7,10
220031981,Injury Crash,07/25/2022 09:55:00 AM,BANK ST,NA,SAME DIRECTION RIGHT TURN,Clear,DRY,Daylight,STOP SIGN,NONE DETECTED,Yes,Possible Minor Injury,N/A,LOOKED BUT DID NOT SEE,MD,(SPORT) UTILITY VEHICLE,MAKING RIGHT TURN,30,No,2017,VOLK,TK,39.14058542,-77.22446598,2022,7,9
220031981,Injury Crash,07/25/2022 09:55:00 AM,BANK ST,NA,SAME DIRECTION RIGHT TURN,Clear,DRY,Daylight,STOP SIGN,NONE DETECTED,No,No Apparent Injury,N/A,NOT DISTRACTED,PA,"MEDIUM/HEAVY TRUCKS 3 AXLES (OVER 10,000LBS (4,536KG))",MAKING RIGHT TURN,30,No,2017,HYUNDAI,TRL,39.14058542,-77.22446598,2022,7,9
220031975,Injury Crash,07/25/2022 09:03:00 AM,NA,BICYCLIST,STRAIGHT MOVEMENT ANGLE,Clear,NA,Daylight,NO CONTROLS,NONE DETECTED,No,No Apparent Injury,"N/A, VISION OBSTRUCTION (INCL. BLINDED BY SUN)",LOOKED BUT DID NOT SEE,MD,PASSENGER CAR,MAKING RIGHT TURN,30,No,2002,TOYOTA,CAMRY,39.06200167,-77.09347,2022,7,9
22001286,Property Damage Crash,07/25/2022 08:54:00 AM,GARLAND AVE,NA,OTHER,Clear,DRY,Daylight,NO CONTROLS,NONE DETECTED,Yes,No Apparent Injury,N/A,UNKNOWN,NA,UNKNOWN,BACKING,25,No,0,UNKNOWN,UNKNOWN,38.99714733,-76.99858533,2022,7,8
220031970,Injury Crash,07/25/2022 08:44:00 AM,CABIN JOHN PKWY,NA,SINGLE VEHICLE,Clear,DRY,Daylight,NO CONTROLS,NONE DETECTED,Yes,Possible Minor Injury,N/A,UNKNOWN,MD,PASSENGER CAR,UNKNOWN,35,No,2009,TOYOTA,PRIUS,38.97531833,-77.14931667,2022,7,8
220031966,Injury Crash,07/25/2022 08:15:00 AM,MUNCASTER MILL RD,NA,HEAD ON LEFT TURN,Clear,DRY,Daylight,TRAFFIC SIGNAL,NONE DETECTED,Unknown,Possible Minor Injury,N/A,LOOKED BUT DID NOT SEE,MD,PASSENGER CAR,MOVING CONSTANT SPEED,35,No,2014,MAZDA,3GT,39.15889833,-77.16035167,2022,7,8
220031966,Injury Crash,07/25/2022 08:15:00 AM,MUNCASTER MILL RD,NA,HEAD ON LEFT TURN,Clear,DRY,Daylight,TRAFFIC SIGNAL,NONE DETECTED,Unknown,No Apparent Injury,N/A,LOOKED BUT DID NOT SEE,MD,PASSENGER CAR,MAKING LEFT TURN,35,No,2014,HONDA,CRV,39.15889833,-77.16035167,2022,7,8
220031962,Property Damage Crash,07/25/2022 07:45:00 AM,HUNGERFORD DR,NA,OTHER,Clear,DRY,Daylight,NO CONTROLS,NONE DETECTED,Yes,No Apparent Injury,N/A,NOT DISTRACTED,MD,PASSENGER CAR,ENTERING TRAFFIC LANE,40,No,2021,MERCEDES,GLC300,39.07764885,-77.07080351,2022,7,7
220031962,Property Damage Crash,07/25/2022 07:45:00 AM,HUNGERFORD DR,NA,OTHER,Clear,DRY,Daylight,NO CONTROLS,NONE DETECTED,No,No Apparent Injury,N/A,NOT DISTRACTED,MD,PASSENGER CAR,MOVING CONSTANT SPEED,40,No,2016,PONTIAC,VIBE,39.07764885,-77.07080351,2022,7,7
220031949,Injury Crash,07/25/2022 05:17:00 AM,GOOD HOPE RD,PEDESTRIAN,OTHER,Clear,DRY,Medium,STOP SIGN,NONE DETECTED,Unknown,No Apparent Injury,N/A,NOT DISTRACTED,MD,PASSENGER CAR,STARTING FROM LANE,25,No,2010,DODGE,RAM,39.11042167,-76.979125,2022,7,5
220031946,Property Damage Crash,07/25/2022 04:15:00 AM,ROLLINS AVE,NA,STRAIGHT MOVEMENT ANGLE,Cloudy,DRY,Medium,FLASHING TRAFFIC SIGNAL,NONE DETECTED,Yes,No Apparent Injury,N/A,UNKNOWN,MD,PASSENGER CAR,UNKNOWN,25,No,2021,HOND,SD,39.09196708,-77.15330643,2022,7,4
220031946,Property Damage Crash,07/25/2022 04:15:00 AM,ROLLINS AVE,NA,STRAIGHT MOVEMENT ANGLE,Cloudy,DRY,Medium,FLASHING TRAFFIC SIGNAL,NONE DETECTED,No,No Apparent Injury,N/A,NOT DISTRACTED,MD,PASSENGER CAR,MOVING CONSTANT SPEED,25,No,2021,CADI,UT,39.09196708,-77.15330643,2022,7,4
220031819,Injury Crash,07/25/2022 03:46:00 AM,UNIVERSITY BLVD W,NA,OTHER,Clear,DRY,Medium,FLASHING TRAFFIC SIGNAL,NONE DETECTED,Yes,Suspected Serious Injury,N/A,NOT DISTRACTED,MD,PASSENGER CAR,ACCELERATING,35,No,2010,FORD,MUSTANG,38.99186167,-77.09826,2022,7,3
220031944,Property Damage Crash,07/25/2022 02:40:00 AM,TOWNE CREST DR,NA,OPPOSITE DIRECTION SIDESWIPE,Clear,DRY,Medium,NO CONTROLS,NONE DETECTED,Yes,No Apparent Injury,N/A,UNKNOWN,NA,PASSENGER CAR,UNKNOWN,25,No,2014,GMC,TK,39.14551833,-77.17372333,2022,7,2
220031938,Injury Crash,07/25/2022 01:10:00 AM,SEVEN LOCKS RD,NA,STRAIGHT MOVEMENT ANGLE,Clear,DRY,Medium,FLASHING TRAFFIC SIGNAL,NONE DETECTED,No,Possible Minor Injury,N/A,NOT DISTRACTED,MD,PASSENGER CAR,MOVING CONSTANT SPEED,35,No,2022,KIA,SPORTAGE,39.02294,-77.16222667,2022,7,1
220031938,Injury Crash,07/25/2022 01:10:00 AM,SEVEN LOCKS RD,NA,STRAIGHT MOVEMENT ANGLE,Clear,DRY,Medium,FLASHING TRAFFIC SIGNAL,NONE DETECTED,Yes,No Apparent Injury,N/A,NOT DISTRACTED,MD,PASSENGER CAR,SLOWING OR STOPPING,35,No,2013,HONDA,ACCORD,39.02294,-77.16222667,2022,7,1
220031934,Property Damage Crash,07/25/2022 12:29:00 AM,EISENHOWER MEMORIAL HWY,NA,SINGLE VEHICLE,Clear,DRY,Medium,NO CONTROLS,ALCOHOL PRESENT,Yes,No Apparent Injury,N/A,NOT DISTRACTED,MD,(SPORT) UTILITY VEHICLE,NEGOTIATING A CURVE,25,No,2017,FORD,EXPLORER,39.186655,-77.25530667,2022,7,0
220031936,Property Damage Crash,07/25/2022 12:19:00 AM,WATSON RD,NA,SAME DIRECTION SIDESWIPE,Clear,DRY,Medium,NO CONTROLS,NONE DETECTED,Yes,No Apparent Injury,N/A,NOT DISTRACTED,NA,VAN,ACCELERATING,20,No,2020,MERCEDES,METRIS,39.01998667,-77.011505,2022,7,0
220031936,Property Damage Crash,07/25/2022 12:19:00 AM,WATSON RD,NA,SAME DIRECTION SIDESWIPE,Clear,DRY,Medium,NO CONTROLS,NONE DETECTED,No,No Apparent Injury,N/A,NOT DISTRACTED,MD,PASSENGER CAR,PARKED,0,No,2018,AUDI,A4,39.01998667,-77.011505,2022,7,0
220031928,Injury Crash,07/24/2022 11:00:00 PM,NEEDLE DR,PEDESTRIAN,SINGLE VEHICLE,Clear,DRY,Dark,NO CONTROLS,NONE DETECTED,Yes,No Apparent Injury,N/A,NOT DISTRACTED,MD,PASSENGER CAR,ACCELERATING,25,No,2013,BMW,328I,39.22153777,-77.24664433,2022,7,23
220031924,Fatal Crash,07/24/2022 08:52:00 PM,NEW HAMPSHIRE AVE,NA,HEAD ON,Clear,DRY,Medium,NO CONTROLS,NONE DETECTED,No,No Apparent Injury,N/A,NOT DISTRACTED,MD,PASSENGER CAR,ACCELERATING,40,No,2007,CHRYSLER,PT CRUISER,39.03903,-76.9904,2022,7,20
220031924,Fatal Crash,07/24/2022 08:52:00 PM,NEW HAMPSHIRE AVE,NA,HEAD ON,Clear,DRY,Medium,NO CONTROLS,NONE DETECTED,No,Possible Minor Injury,N/A,NOT DISTRACTED,DC,TRANSIT BUS,ACCELERATING,40,No,2020,NEW FLYER,TRANSIT BUS,39.03903,-76.9904,2022,7,20
220031924,Fatal Crash,07/24/2022 08:52:00 PM,NEW HAMPSHIRE AVE,NA,HEAD ON,Clear,DRY,Medium,NO CONTROLS,ALCOHOL PRESENT,Yes,Fatal Injury,N/A,UNKNOWN,MD,VAN,MOVING CONSTANT SPEED,40,No,2006,CHEVROLET,EXPRESS 2500,39.03903,-76.9904,2022,7,20
220031924,Fatal Crash,07/24/2022 08:52:00 PM,NEW HAMPSHIRE AVE,NA,HEAD ON,Clear,DRY,Medium,NO CONTROLS,NONE DETECTED,No,Possible Minor Injury,N/A,NOT DISTRACTED,MD,PASSENGER CAR,ACCELERATING,40,No,2008,TOYOTA,COROLLA,39.03903,-76.9904,2022,7,20
220031916,Property Damage Crash,07/24/2022 08:51:00 PM,VEIRS MILL RD,NA,STRAIGHT MOVEMENT ANGLE,Clear,DRY,Medium,N/A,NONE DETECTED,No,No Apparent Injury,N/A,UNKNOWN,MD,PASSENGER CAR,MOVING CONSTANT SPEED,40,No,2006,TOYOTA,VAN,39.07544617,-77.11709667,2022,7,20
220031916,Property Damage Crash,07/24/2022 08:51:00 PM,VEIRS MILL RD,NA,STRAIGHT MOVEMENT ANGLE,Clear,DRY,Medium,N/A,NONE DETECTED,Yes,No Apparent Injury,N/A,UNKNOWN,MD,PASSENGER CAR,MOVING CONSTANT SPEED,40,No,2018,GMC,TERRAIN,39.07544617,-77.11709667,2022,7,20
220031920,Property Damage Crash,07/24/2022 08:45:00 PM,CONNECTICUT AVE,NA,OTHER,Clear,DRY,Medium,TRAFFIC SIGNAL,NONE DETECTED,No,No Apparent Injury,N/A,NOT DISTRACTED,MD,PASSENGER CAR,STOPPED IN TRAFFIC LANE,35,No,2015,HYUNDAI,SONATA,39.09188,-77.07039,2022,7,20
220031920,Property Damage Crash,07/24/2022 08:45:00 PM,CONNECTICUT AVE,NA,OTHER,Clear,DRY,Medium,TRAFFIC SIGNAL,ALCOHOL PRESENT,Yes,No Apparent Injury,N/A,NOT DISTRACTED,MD,PASSENGER CAR,BACKING,35,No,2000,TOYOTA,TACOMA,39.09188,-77.07039,2022,7,20
220031911,Injury Crash,07/24/2022 07:46:00 PM,ETHAN ALLEN AVE,NA,STRAIGHT MOVEMENT ANGLE,Clear,DRY,Daylight,STOP SIGN,NONE DETECTED,Yes,No Apparent Injury,N/A,NOT DISTRACTED,MD,PASSENGER CAR,ACCELERATING,25,No,2013,FIAT,CN,38.97605333,-76.996885,2022,7,19
220031911,Injury Crash,07/24/2022 07:46:00 PM,ETHAN ALLEN AVE,NA,STRAIGHT MOVEMENT ANGLE,Clear,DRY,Daylight,STOP SIGN,NONE DETECTED,No,No Apparent Injury,N/A,NOT DISTRACTED,MD,PASSENGER CAR,MOVING CONSTANT SPEED,25,No,2021,TOYT,SD,38.97605333,-76.996885,2022,7,19
220031907,Property Damage Crash,07/24/2022 07:03:00 PM,E RANDOLPH RD,NA,STRAIGHT MOVEMENT ANGLE,Clear,DRY,Daylight,TRAFFIC SIGNAL,NONE DETECTED,Yes,No Apparent Injury,N/A,INATTENTIVE OR LOST IN THOUGHT,MD,PASSENGER CAR,MOVING CONSTANT SPEED,45,No,2014,TOYT,COROLLA,39.07221983,-76.98866483,2022,7,19
220031907,Property Damage Crash,07/24/2022 07:03:00 PM,E RANDOLPH RD,NA,STRAIGHT MOVEMENT ANGLE,Clear,DRY,Daylight,TRAFFIC SIGNAL,NONE DETECTED,No,No Apparent Injury,N/A,NOT DISTRACTED,MD,PASSENGER CAR,MAKING LEFT TURN,45,No,2009,CHEV,MALIBU,39.07221983,-76.98866483,2022,7,19
220031913,Property Damage Crash,07/24/2022 06:30:00 PM,HUNGERFORD DR,NA,OTHER,Clear,DRY,Daylight,NO CONTROLS,NONE DETECTED,No,No Apparent Injury,N/A,NOT DISTRACTED,MD,PASSENGER CAR,MOVING CONSTANT SPEED,40,No,2019,HONDA,ACCORD,39.086406,-77.144218,2022,7,18
220031913,Property Damage Crash,07/24/2022 06:30:00 PM,HUNGERFORD DR,NA,OTHER,Clear,DRY,Daylight,NO CONTROLS,NONE DETECTED,Yes,No Apparent Injury,N/A,UNKNOWN,NA,PASSENGER CAR,CHANGING LANES,40,No,2006,ACURA,RSX,39.086406,-77.144218,2022,7,18
220031908,Property Damage Crash,07/24/2022 05:45:00 PM,NA,NA,OTHER,Clear,NA,Daylight,N/A,NONE DETECTED,Yes,No Apparent Injury,N/A,LOOKED BUT DID NOT SEE,MD,(SPORT) UTILITY VEHICLE,PARKING,15,No,2022,VOLKSWAGON,TIGUAN,39.057125,-77.1232791,2022,7,17
220031908,Property Damage Crash,07/24/2022 05:45:00 PM,NA,NA,OTHER,Clear,NA,Daylight,N/A,NONE DETECTED,No,No Apparent Injury,N/A,NOT DISTRACTED,MD,(SPORT) UTILITY VEHICLE,STARTING FROM PARKED,15,No,2016,TOYOTA,RAV4,39.057125,-77.1232791,2022,7,17
220031890,Injury Crash,07/24/2022 04:35:00 PM,RIVER RD,NA,STRAIGHT MOVEMENT ANGLE,Clear,DRY,Daylight,STOP SIGN,NONE DETECTED,Yes,No Apparent Injury,N/A,UNKNOWN,XX,PASSENGER CAR,MOVING CONSTANT SPEED,40,No,2022,JEEP,COMPASS,39.078709,-77.3398574,2022,7,16
220031890,Injury Crash,07/24/2022 04:35:00 PM,RIVER RD,NA,STRAIGHT MOVEMENT ANGLE,Clear,DRY,Daylight,STOP SIGN,NONE DETECTED,No,Possible Minor Injury,N/A,NOT DISTRACTED,MD,PASSENGER CAR,MOVING CONSTANT SPEED,40,No,2019,VOLK,BEETLE,39.078709,-77.3398574,2022,7,16
220031882,Injury Crash,07/24/2022 03:45:00 PM,GREAT SENECA HWY,NA,STRAIGHT MOVEMENT ANGLE,Clear,DRY,Daylight,TRAFFIC SIGNAL,NONE DETECTED,No,Possible Minor Injury,N/A,NOT DISTRACTED,MD,PASSENGER CAR,MAKING LEFT TURN,50,No,2010,INFINITI,4 DR,39.15926,-77.27511167,2022,7,15
220031882,Injury Crash,07/24/2022 03:45:00 PM,GREAT SENECA HWY,NA,STRAIGHT MOVEMENT ANGLE,Clear,DRY,Daylight,TRAFFIC SIGNAL,NONE DETECTED,Yes,No Apparent Injury,N/A,BY OTHER OCCUPANTS,MD,(SPORT) UTILITY VEHICLE,ACCELERATING,50,No,2015,SUBARU,OUTBACK,39.15926,-77.27511167,2022,7,15
220031875,Injury Crash,07/24/2022 02:44:00 PM,SEVEN LOCKS RD,NA,OTHER,Clear,DRY,Daylight,TRAFFIC SIGNAL,NONE DETECTED,No,Possible Minor Injury,N/A,NOT DISTRACTED,MD,PASSENGER CAR,MAKING RIGHT TURN,35,No,2017,TOYT,CAMRY,39.04786833,-77.16226833,2022,7,14
220031875,Injury Crash,07/24/2022 02:44:00 PM,SEVEN LOCKS RD,NA,OTHER,Clear,DRY,Daylight,TRAFFIC SIGNAL,NONE DETECTED,Yes,Possible Minor Injury,N/A,LOOKED BUT DID NOT SEE,VA,PASSENGER CAR,MAKING LEFT TURN,35,No,2005,TOYT,PRIUS,39.04786833,-77.16226833,2022,7,14
220031875,Injury Crash,07/24/2022 02:44:00 PM,SEVEN LOCKS RD,NA,OTHER,Clear,DRY,Daylight,TRAFFIC SIGNAL,NONE DETECTED,No,No Apparent Injury,N/A,NOT DISTRACTED,MD,PASSENGER CAR,MOVING CONSTANT SPEED,35,No,2011,PORSCHE,PANAMERA,39.04786833,-77.16226833,2022,7,14
220031873,Property Damage Crash,07/24/2022 02:10:00 PM,UNIVERSITY BLVD W,NA,SAME DIRECTION RIGHT TURN,Clear,DRY,Daylight,TRAFFIC SIGNAL,NONE DETECTED,Yes,No Apparent Injury,N/A,NOT DISTRACTED,NY,PASSENGER CAR,MAKING RIGHT TURN,35,No,2013,HONDA,ODYSSEY,39.03600167,-77.026605,2022,7,14
220031873,Property Damage Crash,07/24/2022 02:10:00 PM,UNIVERSITY BLVD W,NA,SAME DIRECTION RIGHT TURN,Clear,DRY,Daylight,TRAFFIC SIGNAL,NONE DETECTED,No,No Apparent Injury,N/A,NOT DISTRACTED,MD,TRANSIT BUS,MOVING CONSTANT SPEED,35,No,2013,NEW FLYER,BUS,39.03600167,-77.026605,2022,7,14
220031866,Injury Crash,07/24/2022 01:50:00 PM,GEORGIA AVE,NA,HEAD ON LEFT TURN,Clear,DRY,Daylight,TRAFFIC SIGNAL,NONE DETECTED,No,No Apparent Injury,N/A,NOT DISTRACTED,MD,PASSENGER CAR,MAKING LEFT TURN,35,No,2022,CHEVROLET,BOLT,39.01558978,-77.04264055,2022,7,13
220031866,Injury Crash,07/24/2022 01:50:00 PM,GEORGIA AVE,NA,HEAD ON LEFT TURN,Clear,DRY,Daylight,TRAFFIC SIGNAL,NONE DETECTED,Yes,Possible Minor Injury,N/A,NOT DISTRACTED,MD,PASSENGER CAR,MOVING CONSTANT SPEED,35,No,2015,MERCEDES BENZ,C300,39.01558978,-77.04264055,2022,7,13
220031872,Property Damage Crash,07/24/2022 12:53:00 PM,EPPING RD,NA,HEAD ON,Clear,DRY,Daylight,NO CONTROLS,NONE DETECTED,Yes,No Apparent Injury,N/A,NOT DISTRACTED,MD,PASSENGER CAR,MAKING LEFT TURN,25,No,2015,HOND,ACCORD,39.063215,-77.06036333,2022,7,12
220031872,Property Damage Crash,07/24/2022 12:53:00 PM,EPPING RD,NA,HEAD ON,Clear,DRY,Daylight,NO CONTROLS,NONE DETECTED,No,No Apparent Injury,N/A,NOT DISTRACTED,DC,PASSENGER CAR,MAKING RIGHT TURN,25,No,2009,LEXS,ES350,39.063215,-77.06036333,2022,7,12
220031906,Property Damage Crash,07/24/2022 12:44:00 PM,NA,NA,UNKNOWN,Clear,NA,Medium,NO CONTROLS,NONE DETECTED,Yes,No Apparent Injury,N/A,UNKNOWN,NA,PASSENGER CAR,UNKNOWN,5,No,2013,BMW,UNKNOWN,38.98462,-77.09546167,2022,7,12
220031865,Property Damage Crash,07/24/2022 12:40:00 PM,NA,NA,STRAIGHT MOVEMENT ANGLE,Clear,NA,Daylight,NO CONTROLS,NONE DETECTED,Yes,No Apparent Injury,N/A,NOT DISTRACTED,NA,PASSENGER CAR,PARKING,0,No,2008,MERCURY,4S,39.2852,-77.20876333,2022,7,12
220031857,Property Damage Crash,07/24/2022 12:35:00 PM,ETHAN ALLEN AVE,NA,STRAIGHT MOVEMENT ANGLE,Clear,DRY,Daylight,STOP SIGN,NONE DETECTED,No,No Apparent Injury,N/A,NOT DISTRACTED,MD,PASSENGER CAR,ACCELERATING,30,No,2010,NISSAN,4D,38.97796846,-77.00166251,2022,7,12
220031857,Property Damage Crash,07/24/2022 12:35:00 PM,ETHAN ALLEN AVE,NA,STRAIGHT MOVEMENT ANGLE,Clear,DRY,Daylight,STOP SIGN,NONE DETECTED,Yes,No Apparent Injury,N/A,LOOKED BUT DID NOT SEE,MD,PASSENGER CAR,MAKING LEFT TURN,25,No,2010,SUBARU,OUTBACK,38.97796846,-77.00166251,2022,7,12
220031855,Property Damage Crash,07/24/2022 12:25:00 PM,CARROLL AVE,NA,STRAIGHT MOVEMENT ANGLE,Clear,DRY,Daylight,N/A,NONE DETECTED,Yes,No Apparent Injury,N/A,NOT DISTRACTED,MD,PASSENGER CAR,MAKING RIGHT TURN,30,No,2007,HONDA,ACCORD,38.981858,-76.989525,2022,7,12