Local Case Number,ACRS Report Type,Crash Date/Time,Road Name,Related Non-Motorist,Collision Type,Weather,Surface Condition,Light,Traffic Control,Driver Substance Abuse,Driver At Fault,Injury Severity,Circumstance,Driver Distracted By,Drivers License State,Vehicle Body Type,Vehicle Movement,Speed Limit,Driverless Vehicle,Vehicle Year,Vehicle Make,Vehicle Model,Latitude,Longitude,Year,Month,Hour
220031855,Property Damage Crash,07/24/2022 12:25:00 PM,CARROLL AVE,NA,STRAIGHT MOVEMENT ANGLE,Clear,DRY,Daylight,N/A,NONE DETECTED,No,No Apparent Injury,N/A,NOT DISTRACTED,MD,PASSENGER CAR,STOPPED IN TRAFFIC LANE,30,No,2016,NISSAN,JUKE,38.981858,-76.989525,2022,7,12
220031844,Property Damage Crash,07/24/2022 11:00:00 AM,WISTERIA DR,NA,OTHER,Clear,DRY,Daylight,NO CONTROLS,NONE DETECTED,Yes,No Apparent Injury,N/A,NOT DISTRACTED,MD,PASSENGER CAR,MOVING CONSTANT SPEED,35,No,2011,LINCOLN,SEDAN,39.178049,-77.271960000000007,2022,7,11
220031844,Property Damage Crash,07/24/2022 11:00:00 AM,WISTERIA DR,NA,OTHER,Clear,DRY,Daylight,NO CONTROLS,NONE DETECTED,No,No Apparent Injury,N/A,NOT DISTRACTED,MD,POLICE VEHICLE/EMERGENCY,MOVING CONSTANT SPEED,35,No,2019,DODGE,CHARGER,39.178049,-77.271960000000007,2022,7,11
220031841,Property Damage Crash,07/24/2022 10:15:00 AM,DECEMBER WAY,NA,SINGLE VEHICLE,Clear,DRY,Daylight,NO CONTROLS,NONE DETECTED,Yes,No Apparent Injury,N/A,OTHER DISTRACTION,MD,POLICE VEHICLE/NON EMERGENCY,NEGOTIATING A CURVE,25,No,2018,FORD,INTERCEPTOR,39.0429419,-76.9795764,2022,7,10
220031829,Property Damage Crash,07/24/2022 08:28:00 AM,WATKINS POND BLVD,NA,HEAD ON LEFT TURN,Clear,DRY,Daylight,N/A,NONE DETECTED,Yes,No Apparent Injury,"N/A, VISION OBSTRUCTION (INCL. BLINDED BY SUN)",NOT DISTRACTED,MD,(SPORT) UTILITY VEHICLE,MOVING CONSTANT SPEED,25,No,2007,FORD,TK,39.11186833,-77.16365833,2022,7,8
220031825,Injury Crash,07/24/2022 07:28:00 AM,ROCKVILLE PIKE,NA,HEAD ON LEFT TURN,Clear,DRY,Daylight,TRAFFIC SIGNAL,NONE DETECTED,Yes,No Apparent Injury,N/A,NOT DISTRACTED,MD,PASSENGER CAR,MOVING CONSTANT SPEED,35,No,2018,HONDA,CRV,38.99931733,-77.09689517,2022,7,7
220031825,Injury Crash,07/24/2022 07:28:00 AM,ROCKVILLE PIKE,NA,HEAD ON LEFT TURN,Clear,DRY,Daylight,TRAFFIC SIGNAL,NONE DETECTED,No,No Apparent Injury,N/A,NOT DISTRACTED,FL,PASSENGER CAR,MAKING LEFT TURN,35,No,2012,MAZDA,3,38.99931733,-77.09689517,2022,7,7
220031830,Injury Crash,07/24/2022 07:05:00 AM,RIVER RD,NA,SINGLE VEHICLE,Clear,DRY,Daylight,NO CONTROLS,ALCOHOL PRESENT,Yes,Possible Minor Injury,N/A,INATTENTIVE OR LOST IN THOUGHT,VA,PASSENGER CAR,MOVING CONSTANT SPEED,35,No,2001,LEXUS,GS 430,38.98934174,-77.14990234,2022,7,7
220031870,Property Damage Crash,07/24/2022 05:00:00 AM,SANDY SPRING RD,NA,SINGLE VEHICLE,Clear,DRY,Medium,TRAFFIC SIGNAL,NONE DETECTED,Yes,No Apparent Injury,N/A,UNKNOWN,NA,PASSENGER CAR,UNKNOWN,35,No,2020,NISSAN,ALTIMA,39.11155167,-76.92833833,2022,7,5
220031818,Property Damage Crash,07/24/2022 03:29:00 AM,GEORGIA AVE,NA,SAME DIR REAR END,Clear,DRY,Medium,NO CONTROLS,ALCOHOL PRESENT,Yes,No Apparent Injury,N/A,NOT DISTRACTED,MD,(SPORT) UTILITY VEHICLE,MOVING CONSTANT SPEED,35,No,2002,FORD,EXPLORER,39.1567828,-77.0664668,2022,7,3
220031816,Property Damage Crash,07/24/2022 03:27:00 AM,ROCKVILLE PIKE,NA,SAME DIR REAR END,Clear,DRY,Medium,TRAFFIC SIGNAL,NONE DETECTED,Yes,No Apparent Injury,N/A,UNKNOWN,NA,NA,STARTING FROM LANE,45,No,0,UNKNOWN,UNKNOWN,39.0471605,-77.1128597,2022,7,3
220031816,Property Damage Crash,07/24/2022 03:27:00 AM,ROCKVILLE PIKE,NA,SAME DIR REAR END,Clear,DRY,Medium,TRAFFIC SIGNAL,NONE DETECTED,No,No Apparent Injury,N/A,NOT DISTRACTED,MN,PASSENGER CAR,STOPPED IN TRAFFIC LANE,45,No,2022,NISSAN,ALTIMA,39.0471605,-77.1128597,2022,7,3
220031811,Property Damage Crash,07/24/2022 02:10:00 AM,MOUNTAIN LAUREL LA,NA,OTHER,Clear,DRY,Medium,N/A,ALCOHOL PRESENT,Yes,No Apparent Injury,N/A,UNKNOWN,MD,PASSENGER CAR,BACKING,15,No,2011,NISSAN,PATHFINDER,39.16194667,-77.17042333,2022,7,2
220031791,Injury Crash,07/23/2022 10:40:00 PM,EISENHOWER MEMORIAL HWY,NA,SAME DIR REAR END,Clear,DRY,Medium,N/A,NONE DETECTED,No,Possible Minor Injury,N/A,NOT DISTRACTED,MD,PASSENGER CAR,MOVING CONSTANT SPEED,55,No,2019,TOYT,PK,39.059358,-77.15534817,2022,7,22
220031791,Injury Crash,07/23/2022 10:40:00 PM,EISENHOWER MEMORIAL HWY,NA,SAME DIR REAR END,Clear,DRY,Medium,N/A,NONE DETECTED,Yes,No Apparent Injury,N/A,LOOKED BUT DID NOT SEE,MD,PASSENGER CAR,MOVING CONSTANT SPEED,55,No,2016,ACUR,SD,39.059358,-77.15534817,2022,7,22
220031791,Injury Crash,07/23/2022 10:40:00 PM,EISENHOWER MEMORIAL HWY,NA,SAME DIR REAR END,Clear,DRY,Medium,N/A,NONE DETECTED,No,Possible Minor Injury,N/A,NOT DISTRACTED,VA,(SPORT) UTILITY VEHICLE,MOVING CONSTANT SPEED,55,No,2017,MERC,GLE 350,39.059358,-77.15534817,2022,7,22
220031793,Property Damage Crash,07/23/2022 10:25:00 PM,ROCKVILLE PIKE,NA,SAME DIR REAR END,Clear,N/A,Medium,TRAFFIC SIGNAL,NONE DETECTED,No,No Apparent Injury,N/A,NOT DISTRACTED,MD,PASSENGER CAR,STOPPED IN TRAFFIC LANE,35,No,2014,HOND,CIVIC,39.07245734,-77.11349322,2022,7,22
220031793,Property Damage Crash,07/23/2022 10:25:00 PM,ROCKVILLE PIKE,NA,SAME DIR REAR END,Clear,N/A,Medium,TRAFFIC SIGNAL,NONE DETECTED,Yes,No Apparent Injury,N/A,NOT DISTRACTED,MD,PASSENGER CAR,SLOWING OR STOPPING,35,No,2004,TOYT,4 RUNNER,39.07245734,-77.11349322,2022,7,22
220031785,Injury Crash,07/23/2022 09:53:00 PM,CLARKSBURG RD,NA,SINGLE VEHICLE,Clear,N/A,Dark,NO CONTROLS,NONE DETECTED,Yes,Possible Minor Injury,N/A,LOOKED BUT DID NOT SEE,MD,PASSENGER CAR,MOVING CONSTANT SPEED,35,No,2010,NISSAN,ALTIMA,39.29086,-77.26499167,2022,7,21
220033937,Property Damage Crash,07/23/2022 09:07:00 PM,NAVAHOE DR,NA,OPPOSITE DIRECTION SIDESWIPE,Clear,DRY,Dark,NO CONTROLS,NONE DETECTED,Yes,No Apparent Injury,N/A,UNKNOWN,NA,PICKUP TRUCK,BACKING,35,No,2016,TOYOTA,TUNDRA,38.99346333,-76.99179667,2022,7,21
220031778,Property Damage Crash,07/23/2022 08:40:00 PM,BRADLEY BLVD,NA,SAME DIRECTION SIDESWIPE,Clear,DRY,Medium,NO CONTROLS,NONE DETECTED,Yes,No Apparent Injury,N/A,LOOKED BUT DID NOT SEE,DC,PASSENGER CAR,CHANGING LANES,25,No,2018,AUDI,A3,38.9772414,-77.104139,2022,7,20
220031778,Property Damage Crash,07/23/2022 08:40:00 PM,BRADLEY BLVD,NA,SAME DIRECTION SIDESWIPE,Clear,DRY,Medium,NO CONTROLS,NONE DETECTED,No,No Apparent Injury,N/A,NOT DISTRACTED,MD,PASSENGER CAR,MOVING CONSTANT SPEED,25,No,2011,BMW,M1,38.9772414,-77.104139,2022,7,20
220031774,Property Damage Crash,07/23/2022 07:20:00 PM,RANDOLPH RD,NA,SAME DIR REAR END,Clear,DRY,Daylight,TRAFFIC SIGNAL,NONE DETECTED,No,No Apparent Injury,N/A,NOT DISTRACTED,MD,VAN,MOVING CONSTANT SPEED,35,No,2021,TOYOTA,SIENNA,39.053565,-77.10575833,2022,7,19
220031774,Property Damage Crash,07/23/2022 07:20:00 PM,RANDOLPH RD,NA,SAME DIR REAR END,Clear,DRY,Daylight,TRAFFIC SIGNAL,NONE DETECTED,Yes,No Apparent Injury,N/A,LOOKED BUT DID NOT SEE,MD,PASSENGER CAR,MOVING CONSTANT SPEED,35,No,2011,FORD,FUSION,39.053565,-77.10575833,2022,7,19
220031770,Property Damage Crash,07/23/2022 07:05:00 PM,DARNESTOWN RD,NA,SAME DIRECTION SIDESWIPE,Clear,DRY,Daylight,N/A,NONE DETECTED,Yes,No Apparent Injury,N/A,LOOKED BUT DID NOT SEE,MD,(SPORT) UTILITY VEHICLE,CHANGING LANES,40,No,2011,FORD,ESCAPE,39.11082577,-77.2389396,2022,7,19
220031770,Property Damage Crash,07/23/2022 07:05:00 PM,DARNESTOWN RD,NA,SAME DIRECTION SIDESWIPE,Clear,DRY,Daylight,N/A,NONE DETECTED,No,No Apparent Injury,N/A,NOT DISTRACTED,MD,PASSENGER CAR,MOVING CONSTANT SPEED,40,No,2012,TOYOTA,CAMRY,39.11082577,-77.2389396,2022,7,19
220031765,Property Damage Crash,07/23/2022 06:04:00 PM,LAYHILL RD,NA,HEAD ON LEFT TURN,Clear,DRY,Daylight,TRAFFIC SIGNAL,NONE DETECTED,No,No Apparent Injury,N/A,NOT DISTRACTED,MD,PASSENGER CAR,MOVING CONSTANT SPEED,40,No,2017,VOLK,SD,39.1253475,-77.02751983,2022,7,18
220031765,Property Damage Crash,07/23/2022 06:04:00 PM,LAYHILL RD,NA,HEAD ON LEFT TURN,Clear,DRY,Daylight,TRAFFIC SIGNAL,NONE DETECTED,Yes,No Apparent Injury,N/A,LOOKED BUT DID NOT SEE,MD,PASSENGER CAR,MAKING LEFT TURN,40,No,2012,HYUN,SD,39.1253475,-77.02751983,2022,7,18
220031761,Injury Crash,07/23/2022 04:55:00 PM,GEORGIA AVE,NA,SAME DIR REAR END,Clear,DRY,Daylight,TRAFFIC SIGNAL,NONE DETECTED,Yes,No Apparent Injury,N/A,UNKNOWN,DC,PASSENGER CAR,MOVING CONSTANT SPEED,30,No,2011,KIA,SOUL,39.0084842,-77.03989965,2022,7,16
220031761,Injury Crash,07/23/2022 04:55:00 PM,GEORGIA AVE,NA,SAME DIR REAR END,Clear,DRY,Daylight,TRAFFIC SIGNAL,NONE DETECTED,No,No Apparent Injury,N/A,NOT DISTRACTED,MD,PICKUP TRUCK,STOPPED IN TRAFFIC LANE,30,No,2016,FORD,F150,39.0084842,-77.03989965,2022,7,16
220031758,Property Damage Crash,07/23/2022 04:50:00 PM,MONTROSE RD,NA,HEAD ON LEFT TURN,Clear,DRY,Daylight,TRAFFIC SIGNAL,NONE DETECTED,Yes,No Apparent Injury,N/A,LOOKED BUT DID NOT SEE,NJ,PASSENGER CAR,MAKING LEFT TURN,40,No,2007,TOYOTA,AVALON,39.05460333,-77.14314167,2022,7,16
220031758,Property Damage Crash,07/23/2022 04:50:00 PM,MONTROSE RD,NA,HEAD ON LEFT TURN,Clear,DRY,Daylight,TRAFFIC SIGNAL,NONE DETECTED,No,No Apparent Injury,N/A,NOT DISTRACTED,MD,PASSENGER CAR,MOVING CONSTANT SPEED,40,No,2014,TOYTOTA,CAMRY,39.05460333,-77.14314167,2022,7,16
220031759,Property Damage Crash,07/23/2022 04:39:00 PM,UNIVERSITY BLVD E,NA,SAME DIR REAR END,Clear,DRY,Daylight,NO CONTROLS,NONE DETECTED,Yes,No Apparent Injury,N/A,UNKNOWN,NA,PASSENGER CAR,CHANGING LANES,35,No,2004,ACURA,4D,39.01234167,-77.00268833,2022,7,16
220031759,Property Damage Crash,07/23/2022 04:39:00 PM,UNIVERSITY BLVD E,NA,SAME DIR REAR END,Clear,DRY,Daylight,NO CONTROLS,NONE DETECTED,No,No Apparent Injury,N/A,NOT DISTRACTED,MD,PASSENGER CAR,MOVING CONSTANT SPEED,35,No,2021,MERCEDES-BENZ,CLS 450,39.01234167,-77.00268833,2022,7,16
220031755,Property Damage Crash,07/23/2022 04:30:00 PM,NA,NA,OTHER,Clear,NA,Daylight,NO CONTROLS,NONE DETECTED,Yes,No Apparent Injury,N/A,INATTENTIVE OR LOST IN THOUGHT,MD,PASSENGER CAR,PARKING,5,No,2018,BMW,4DR,39.06470036,-77.12648117,2022,7,16
220031751,Injury Crash,07/23/2022 04:15:00 PM,MONTROSE RD,NA,HEAD ON LEFT TURN,Clear,DRY,Daylight,TRAFFIC SIGNAL,NONE DETECTED,No,No Apparent Injury,N/A,NOT DISTRACTED,DC,PASSENGER CAR,MOVING CONSTANT SPEED,40,No,2021,FORD,EXPLORER,39.0570533,-77.1313682,2022,7,16
220031751,Injury Crash,07/23/2022 04:15:00 PM,MONTROSE RD,NA,HEAD ON LEFT TURN,Clear,DRY,Daylight,TRAFFIC SIGNAL,NONE DETECTED,No,No Apparent Injury,N/A,NOT DISTRACTED,MD,PASSENGER CAR,STOPPED IN TRAFFIC LANE,0,No,2014,TOYT,PRIUS,39.0570533,-77.1313682,2022,7,16
220031751,Injury Crash,07/23/2022 04:15:00 PM,MONTROSE RD,NA,HEAD ON LEFT TURN,Clear,DRY,Daylight,TRAFFIC SIGNAL,NONE DETECTED,Yes,Possible Minor Injury,N/A,NOT DISTRACTED,MD,PASSENGER CAR,MAKING LEFT TURN,35,No,2003,TOYOTA,COROLLA,39.0570533,-77.1313682,2022,7,16
220031751,Injury Crash,07/23/2022 04:15:00 PM,MONTROSE RD,NA,HEAD ON LEFT TURN,Clear,DRY,Daylight,TRAFFIC SIGNAL,NONE DETECTED,No,Possible Minor Injury,N/A,NOT DISTRACTED,MD,PASSENGER CAR,MOVING CONSTANT SPEED,40,No,2019,HONDA,ODYSSEY,39.0570533,-77.1313682,2022,7,16
220031748,Property Damage Crash,07/23/2022 04:10:00 PM,MONTGOMERY VILLAGE AVE,NA,STRAIGHT MOVEMENT ANGLE,Clear,DRY,Daylight,NO CONTROLS,NONE DETECTED,No,No Apparent Injury,N/A,NOT DISTRACTED,MD,PASSENGER CAR,MOVING CONSTANT SPEED,35,No,2020,KIA,SD,39.16557833,-77.20489667,2022,7,16
220031757,Property Damage Crash,07/23/2022 04:10:00 PM,RANDOLPH RD,NA,SINGLE VEHICLE,Clear,DRY,Daylight,NO CONTROLS,NONE DETECTED,Yes,No Apparent Injury,N/A,NOT DISTRACTED,MD,FIRE VEHICLE/EMERGENCY,BACKING,30,No,2007,PIER,FIRETRUCK,39.05389,-77.10334,2022,7,16
220031748,Property Damage Crash,07/23/2022 04:10:00 PM,MONTGOMERY VILLAGE AVE,NA,STRAIGHT MOVEMENT ANGLE,Clear,DRY,Daylight,NO CONTROLS,NONE DETECTED,Yes,No Apparent Injury,N/A,NOT DISTRACTED,MD,PASSENGER CAR,STARTING FROM LANE,35,No,2018,NISS,SENTRA,39.16557833,-77.20489667,2022,7,16
220031744,Injury Crash,07/23/2022 03:50:00 PM,DARNESTOWN RD,NA,HEAD ON LEFT TURN,Clear,DRY,Daylight,NO CONTROLS,NONE DETECTED,Yes,Possible Minor Injury,N/A,UNKNOWN,MO,PASSENGER CAR,MAKING LEFT TURN,50,No,2006,SUB,OUTBACK,39.13460567,-77.351449,2022,7,15
220031744,Injury Crash,07/23/2022 03:50:00 PM,DARNESTOWN RD,NA,HEAD ON LEFT TURN,Clear,DRY,Daylight,NO CONTROLS,NONE DETECTED,No,Suspected Serious Injury,N/A,UNKNOWN,MD,MOTORCYCLE,MOVING CONSTANT SPEED,50,No,2017,HD,XX,39.13460567,-77.351449,2022,7,15
220031724,Property Damage Crash,07/23/2022 01:07:00 PM,KEY WEST AVE,NA,SAME DIR REAR END,Clear,DRY,Daylight,N/A,NONE DETECTED,Yes,No Apparent Injury,N/A,NOT DISTRACTED,MD,PASSENGER CAR,MOVING CONSTANT SPEED,40,No,2021,LEXS,UT,39.100805,-77.21271167,2022,7,13
220031724,Property Damage Crash,07/23/2022 01:07:00 PM,KEY WEST AVE,NA,SAME DIR REAR END,Clear,DRY,Daylight,N/A,NONE DETECTED,No,No Apparent Injury,N/A,NOT DISTRACTED,MD,PASSENGER CAR,SLOWING OR STOPPING,40,No,2018,SUBA,SD,39.100805,-77.21271167,2022,7,13
220031722,Property Damage Crash,07/23/2022 01:01:00 PM,UNIVERSITY BLVD E,NA,SAME DIR REAR END,Clear,DRY,Daylight,NO CONTROLS,NONE DETECTED,No,No Apparent Injury,N/A,NOT DISTRACTED,MD,PASSENGER CAR,SLOWING OR STOPPING,35,No,2016,DODGE,CHALLENGER,39.00155,-76.99551667,2022,7,13
220031722,Property Damage Crash,07/23/2022 01:01:00 PM,UNIVERSITY BLVD E,NA,SAME DIR REAR END,Clear,DRY,Daylight,NO CONTROLS,NONE DETECTED,Yes,No Apparent Injury,N/A,UNKNOWN,DC,VAN,MOVING CONSTANT SPEED,35,No,2006,HONDA,ODYSSEY,39.00155,-76.99551667,2022,7,13
220031717,Injury Crash,07/23/2022 12:41:00 PM,VEIRS MILL RD,NA,HEAD ON LEFT TURN,Clear,DRY,Daylight,TRAFFIC SIGNAL,NONE DETECTED,No,Possible Minor Injury,N/A,UNKNOWN,MD,PASSENGER CAR,MOVING CONSTANT SPEED,25,No,2018,TOYOTA,COROLLA,39.03833167,-77.05270667,2022,7,12
220031717,Injury Crash,07/23/2022 12:41:00 PM,VEIRS MILL RD,NA,HEAD ON LEFT TURN,Clear,DRY,Daylight,TRAFFIC SIGNAL,NONE DETECTED,Yes,No Apparent Injury,N/A,UNKNOWN,MD,PASSENGER CAR,MAKING LEFT TURN,25,No,1999,TOYOTA,CAMRY,39.03833167,-77.05270667,2022,7,12
220031718,Property Damage Crash,07/23/2022 12:30:00 PM,SOUTHAMPTON DR,NA,OTHER,Clear,DRY,Daylight,NO CONTROLS,NONE DETECTED,Yes,No Apparent Injury,N/A,LOOKED BUT DID NOT SEE,MD,TRANSIT BUS,PASSING,25,No,2013,GILL,BU,39.00680333,-76.98613833,2022,7,12
220031715,Property Damage Crash,07/23/2022 12:21:00 PM,E RANDOLPH RD,NA,HEAD ON LEFT TURN,Clear,DRY,Daylight,TRAFFIC SIGNAL,NONE DETECTED,Unknown,No Apparent Injury,N/A,UNKNOWN,MD,PASSENGER CAR,MAKING LEFT TURN,40,No,2019,AUDI,Q5,39.075725,-76.994065,2022,7,12
220031715,Property Damage Crash,07/23/2022 12:21:00 PM,E RANDOLPH RD,NA,HEAD ON LEFT TURN,Clear,DRY,Daylight,TRAFFIC SIGNAL,NONE DETECTED,Unknown,No Apparent Injury,N/A,UNKNOWN,MD,PASSENGER CAR,SLOWING OR STOPPING,40,No,2013,FORD,EDGE,39.075725,-76.994065,2022,7,12
220031720,Property Damage Crash,07/23/2022 12:20:00 PM,RIVER RD,NA,SAME DIRECTION LEFT TURN,Clear,DRY,Daylight,TRAFFIC SIGNAL,NONE DETECTED,No,No Apparent Injury,N/A,NOT DISTRACTED,MD,PASSENGER CAR,MOVING CONSTANT SPEED,35,No,2010,TOYOTA,PRIUS,39.01804448,-77.20894871,2022,7,12
220031720,Property Damage Crash,07/23/2022 12:20:00 PM,RIVER RD,NA,SAME DIRECTION LEFT TURN,Clear,DRY,Daylight,TRAFFIC SIGNAL,NONE DETECTED,Yes,No Apparent Injury,N/A,NOT DISTRACTED,MD,PASSENGER CAR,CHANGING LANES,35,No,2014,MASERATI,GRANTURISMA,39.01804448,-77.20894871,2022,7,12
220031729,Property Damage Crash,07/23/2022 11:40:00 AM,NEW HAMPSHIRE AVE,NA,OTHER,Clear,DRY,Daylight,N/A,NONE DETECTED,Yes,No Apparent Injury,N/A,NOT DISTRACTED,MD,PASSENGER CAR,PARKED,15,No,2017,HYUNDAI,ELANTRA,38.98684217,-77.01315983,2022,7,11
220031729,Property Damage Crash,07/23/2022 11:40:00 AM,NEW HAMPSHIRE AVE,NA,OTHER,Clear,DRY,Daylight,N/A,NONE DETECTED,No,No Apparent Injury,N/A,NOT DISTRACTED,MD,PASSENGER CAR,PARKED,35,No,2014,HYUNDAI,SONATA,38.98684217,-77.01315983,2022,7,11
220031709,Injury Crash,07/23/2022 11:30:00 AM,GLEN RD,BICYCLIST,OTHER,Clear,DRY,Daylight,N/A,NONE DETECTED,Yes,No Apparent Injury,"ANIMAL, N/A",OTHER DISTRACTION,MD,PASSENGER CAR,SLOWING OR STOPPING,35,No,2021,CADI,XT5 400,39.06776667,-77.25899333,2022,7,11
220031704,Injury Crash,07/23/2022 10:45:00 AM,ROCKVILLE PIKE,NA,STRAIGHT MOVEMENT ANGLE,Clear,DRY,Daylight,TRAFFIC SIGNAL,NONE DETECTED,No,No Apparent Injury,N/A,NOT DISTRACTED,MD,PASSENGER CAR,MOVING CONSTANT SPEED,30,No,2022,SUBA,UT,39.0769781,-77.1259553,2022,7,10
220031704,Injury Crash,07/23/2022 10:45:00 AM,ROCKVILLE PIKE,NA,STRAIGHT MOVEMENT ANGLE,Clear,DRY,Daylight,TRAFFIC SIGNAL,NONE DETECTED,Yes,No Apparent Injury,N/A,BY OTHER OCCUPANTS,MD,PASSENGER CAR,MOVING CONSTANT SPEED,40,No,2011,HOND,4H,39.0769781,-77.1259553,2022,7,10
220031702,Injury Crash,07/23/2022 10:30:00 AM,ASHTON RD,NA,HEAD ON,Clear,DRY,Daylight,NO CONTROLS,NONE DETECTED,No,No Apparent Injury,N/A,NOT DISTRACTED,MD,PASSENGER CAR,MOVING CONSTANT SPEED,45,No,2011,HONDA,CRV,39.155575,-76.99990333,2022,7,10
220031702,Injury Crash,07/23/2022 10:30:00 AM,ASHTON RD,NA,HEAD ON,Clear,DRY,Daylight,NO CONTROLS,NONE DETECTED,Yes,Possible Minor Injury,N/A,NOT DISTRACTED,MD,PASSENGER CAR,MAKING LEFT TURN,45,No,2022,SUB,UT,39.155575,-76.99990333,2022,7,10
220031689,Property Damage Crash,07/23/2022 07:30:00 AM,ROCKVILLE PIKE,NA,STRAIGHT MOVEMENT ANGLE,Clear,DRY,Daylight,TRAFFIC SIGNAL,NONE DETECTED,Yes,No Apparent Injury,N/A,UNKNOWN,MD,PASSENGER CAR,MOVING CONSTANT SPEED,40,No,2010,NISSAN,PATHFINDER,39.06191217,-77.1243865,2022,7,7
220031689,Property Damage Crash,07/23/2022 07:30:00 AM,ROCKVILLE PIKE,NA,STRAIGHT MOVEMENT ANGLE,Clear,DRY,Daylight,TRAFFIC SIGNAL,NONE DETECTED,No,No Apparent Injury,N/A,NOT DISTRACTED,MD,TRANSIT BUS,MOVING CONSTANT SPEED,25,No,2011,TRI,BUS,39.06191217,-77.1243865,2022,7,7
220031686,Property Damage Crash,07/23/2022 06:31:00 AM,VEIRS MILL RD,NA,SAME DIR REAR END,Clear,DRY,Daylight,TRAFFIC SIGNAL,NONE DETECTED,No,No Apparent Injury,N/A,NOT DISTRACTED,MD,PASSENGER CAR,STOPPED IN TRAFFIC LANE,45,No,1999,HONDA,ACCORD,39.06288167,-77.09448667,2022,7,6
220031686,Property Damage Crash,07/23/2022 06:31:00 AM,VEIRS MILL RD,NA,SAME DIR REAR END,Clear,DRY,Daylight,TRAFFIC SIGNAL,NONE DETECTED,Yes,No Apparent Injury,N/A,UNKNOWN,NA,PASSENGER CAR,MOVING CONSTANT SPEED,45,No,2011,LAND ROVER,RANGE ROVER,39.06288167,-77.09448667,2022,7,6
220031685,Property Damage Crash,07/23/2022 04:31:00 AM,PARAMOUNT PARK DRIVE,NA,HEAD ON,Clear,DRY,Medium,TRAFFIC SIGNAL,ALCOHOL PRESENT,Yes,No Apparent Injury,N/A,UNKNOWN,MD,PASSENGER CAR,MOVING CONSTANT SPEED,10,No,2009,KIA,OPTIMA,39.15975782,-77.22098272,2022,7,4
220031685,Property Damage Crash,07/23/2022 04:31:00 AM,PARAMOUNT PARK DRIVE,NA,HEAD ON,Clear,DRY,Medium,TRAFFIC SIGNAL,NONE DETECTED,No,No Apparent Injury,N/A,NOT DISTRACTED,MD,PASSENGER CAR,MOVING CONSTANT SPEED,10,No,2009,MNNI,HB,39.15975782,-77.22098272,2022,7,4
220031683,Property Damage Crash,07/23/2022 04:23:00 AM,NA,NA,OTHER,Clear,NA,Medium,N/A,NONE DETECTED,No,No Apparent Injury,N/A,NOT DISTRACTED,MD,PASSENGER CAR,PARKED,5,No,2016,LEXUS,ES350,39.086807,-77.14772933,2022,7,4
220031683,Property Damage Crash,07/23/2022 04:23:00 AM,NA,NA,OTHER,Clear,NA,Medium,N/A,NONE DETECTED,Yes,No Apparent Injury,N/A,UNKNOWN,NA,(SPORT) UTILITY VEHICLE,PARKING,5,No,2014,LINCOLN,MKS,39.086807,-77.14772933,2022,7,4
220031684,Property Damage Crash,07/23/2022 04:02:00 AM,WHITES FERRY RD,NA,SINGLE VEHICLE,Clear,DRY,Dark,N/A,NONE DETECTED,Yes,No Apparent Injury,N/A,INATTENTIVE OR LOST IN THOUGHT,MD,PASSENGER CAR,MOVING CONSTANT SPEED,40,No,2017,FORD,FOCUS,39.12792833,-77.38246,2022,7,4
220031672,Property Damage Crash,07/23/2022 02:22:00 AM,NA,NA,OTHER,Clear,NA,Medium,NO CONTROLS,NONE DETECTED,Yes,No Apparent Injury,N/A,UNKNOWN,NA,PASSENGER CAR,ACCELERATING,10,No,2012,TOYOTA,CAMRY,39.15781333,-77.20186,2022,7,2
220031673,Property Damage Crash,07/23/2022 02:15:00 AM,NA,NA,OPPOSITE DIRECTION SIDESWIPE,Clear,NA,Medium,NO CONTROLS,NONE DETECTED,Yes,No Apparent Injury,N/A,OTHER DISTRACTION,MD,POLICE VEHICLE/NON EMERGENCY,SLOWING OR STOPPING,20,No,2015,HONDA,ODYSSEY,38.99131333,-77.03375333,2022,7,2
220031670,Property Damage Crash,07/23/2022 01:50:00 AM,NEBEL ST,NA,OPPOSITE DIRECTION SIDESWIPE,Clear,N/A,Medium,NO CONTROLS,NONE DETECTED,No,No Apparent Injury,N/A,NOT DISTRACTED,XX,PASSENGER CAR,MOVING CONSTANT SPEED,25,No,2011,CADILLAC,DTS,39.04682385,-77.08698901,2022,7,1
220031670,Property Damage Crash,07/23/2022 01:50:00 AM,NEBEL ST,NA,OPPOSITE DIRECTION SIDESWIPE,Clear,N/A,Medium,NO CONTROLS,NONE DETECTED,Yes,No Apparent Injury,N/A,TALKING OR LISTENING TO CELLULAR PHONE,VA,PASSENGER CAR,MOVING CONSTANT SPEED,25,No,2002,HONDA,CRV,39.04682385,-77.08698901,2022,7,1
220031666,Injury Crash,07/23/2022 01:35:00 AM,GEORGIA AVE,NA,SAME DIR REAR END,Clear,DRY,Medium,TRAFFIC SIGNAL,NONE DETECTED,Yes,No Apparent Injury,N/A,UNKNOWN,NA,PASSENGER CAR,UNKNOWN,35,No,2004,MITSUBISHI,ENDEAVOR,39.093255,-77.07920333,2022,7,1
220031666,Injury Crash,07/23/2022 01:35:00 AM,GEORGIA AVE,NA,SAME DIR REAR END,Clear,DRY,Medium,TRAFFIC SIGNAL,NONE DETECTED,No,Possible Minor Injury,N/A,NOT DISTRACTED,DC,PASSENGER CAR,STOPPED IN TRAFFIC LANE,35,No,2020,JEEP,RENEGADE,39.093255,-77.07920333,2022,7,1
220031667,Property Damage Crash,07/23/2022 01:12:00 AM,CAPITAL BELTWAY,NA,SINGLE VEHICLE,Clear,DRY,Medium,N/A,ALCOHOL PRESENT,Yes,No Apparent Injury,N/A,UNKNOWN,MD,PASSENGER CAR,MOVING CONSTANT SPEED,55,No,2018,SUBARU,IMPREZA,39.01425667,-77.03321833,2022,7,1
220031656,Property Damage Crash,07/22/2022 11:24:00 PM,MONTROSE RD,NA,SINGLE VEHICLE,Clear,DRY,Medium,NO CONTROLS,NONE DETECTED,Yes,No Apparent Injury,N/A,INATTENTIVE OR LOST IN THOUGHT,MD,PASSENGER CAR,MOVING CONSTANT SPEED,40,No,2019,NISSAN,ALTIMA,39.05571667,-77.150445,2022,7,23
220031655,Property Damage Crash,07/22/2022 11:15:00 PM,PHILADELPHIA AVE,NA,HEAD ON LEFT TURN,Clear,DRY,Medium,NO CONTROLS,NONE DETECTED,No,No Apparent Injury,N/A,NOT DISTRACTED,MD,AMBULANCE/EMERGENCY,MOVING CONSTANT SPEED,15,No,2016,AMB,EMG,38.97598083,-76.9963335,2022,7,23
220031655,Property Damage Crash,07/22/2022 11:15:00 PM,PHILADELPHIA AVE,NA,HEAD ON LEFT TURN,Clear,DRY,Medium,NO CONTROLS,NONE DETECTED,Yes,No Apparent Injury,N/A,UNKNOWN,NA,NA,MOVING CONSTANT SPEED,15,No,0,UNKNOWN,UNKNOWN,38.97598083,-76.9963335,2022,7,23
220031653,Injury Crash,07/22/2022 11:00:00 PM,ROCKVILLE PIKE,PEDESTRIAN,SINGLE VEHICLE,Clear,DRY,Medium,NO CONTROLS,NONE DETECTED,Yes,No Apparent Injury,N/A,UNKNOWN,NA,NA,STARTING FROM LANE,35,No,0,UNKNOWN,UNKNOWN,39.04869651,-77.09443398,2022,7,23