Local Case Number,ACRS Report Type,Crash Date/Time,Road Name,Related Non-Motorist,Collision Type,Weather,Surface Condition,Light,Traffic Control,Driver Substance Abuse,Driver At Fault,Injury Severity,Circumstance,Driver Distracted By,Drivers License State,Vehicle Body Type,Vehicle Movement,Speed Limit,Driverless Vehicle,Vehicle Year,Vehicle Make,Vehicle Model,Latitude,Longitude,Year,Month,Hour
220030521,Injury Crash,07/19/2022 01:37:00 AM,NA,PEDESTRIAN,OTHER,Clear,NA,Medium,NO CONTROLS,NONE DETECTED,Yes,No Apparent Injury,N/A,UNKNOWN,XX,PASSENGER CAR,STARTING FROM PARKED,5,No,0,JEEP,CHEROKEE,38.99053,-77.02358,2022,7,1
220030955,Injury Crash,07/18/2022 11:47:00 PM,WOODMONT AVE,NA,HEAD ON,Clear,DRY,Medium,NO CONTROLS,NONE DETECTED,Yes,Possible Minor Injury,N/A,UNKNOWN,MD,OTHER,MOVING CONSTANT SPEED,25,No,1900,JUICE,CITY SCRAMBLER,38.98532333,-77.09772167,2022,7,23
220030955,Injury Crash,07/18/2022 11:47:00 PM,WOODMONT AVE,NA,HEAD ON,Clear,DRY,Medium,NO CONTROLS,NONE DETECTED,No,No Apparent Injury,N/A,NOT DISTRACTED,MD,TRANSIT BUS,MOVING CONSTANT SPEED,25,No,2009,GILLIG,BC,38.98532333,-77.09772167,2022,7,23
220030943,Property Damage Crash,07/18/2022 10:20:00 PM,FLEET ST,NA,SINGLE VEHICLE,Clear,DRY,Medium,N/A,NONE DETECTED,Yes,No Apparent Injury,N/A,OTHER ELECTRONIC DEVICE (NAVIGATIONAL PALM PILOT),MD,PASSENGER CAR,MOVING CONSTANT SPEED,30,No,2019,DODGE,CHARGER,39.08056333,-77.14612333,2022,7,22
220030941,Property Damage Crash,07/18/2022 09:56:00 PM,NEW HAMPSHIRE AVE,NA,STRAIGHT MOVEMENT ANGLE,Clear,DRY,Medium,TRAFFIC SIGNAL,NONE DETECTED,No,No Apparent Injury,N/A,NOT DISTRACTED,MD,PASSENGER CAR,MAKING LEFT TURN,40,No,2014,BMW,SD,39.015505,-76.97771833,2022,7,21
220030941,Property Damage Crash,07/18/2022 09:56:00 PM,NEW HAMPSHIRE AVE,NA,STRAIGHT MOVEMENT ANGLE,Clear,DRY,Medium,TRAFFIC SIGNAL,NONE DETECTED,Yes,No Apparent Injury,N/A,UNKNOWN,MD,PICKUP TRUCK,MOVING CONSTANT SPEED,40,No,2012,FORD,PK,39.015505,-76.97771833,2022,7,21
220030940,Property Damage Crash,07/18/2022 09:45:00 PM,NA,NA,OTHER,Clear,NA,Medium,N/A,ALCOHOL PRESENT,Yes,No Apparent Injury,N/A,NOT DISTRACTED,MD,PASSENGER CAR,BACKING,0,No,2016,KIA,FORTE,39.15714,-77.20248,2022,7,21
220030940,Property Damage Crash,07/18/2022 09:45:00 PM,NA,NA,OTHER,Clear,NA,Medium,N/A,NONE DETECTED,No,No Apparent Injury,N/A,NOT DISTRACTED,MD,POLICE VEHICLE/NON EMERGENCY,MOVING CONSTANT SPEED,0,No,2017,CHEVY,TRAVERSE,39.15714,-77.20248,2022,7,21
220030926,Property Damage Crash,07/18/2022 08:04:00 PM,RANDOLPH RD,NA,SAME DIR REND RIGHT TURN,Clear,DRY,Daylight,TRAFFIC SIGNAL,NONE DETECTED,Yes,No Apparent Injury,N/A,UNKNOWN,MD,PASSENGER CAR,MOVING CONSTANT SPEED,35,No,2001,FORD,ESCAPE,39.05319833,-77.08956833,2022,7,20
220030926,Property Damage Crash,07/18/2022 08:04:00 PM,RANDOLPH RD,NA,SAME DIR REND RIGHT TURN,Clear,DRY,Daylight,TRAFFIC SIGNAL,NONE DETECTED,No,No Apparent Injury,N/A,NOT DISTRACTED,MD,PASSENGER CAR,MAKING RIGHT TURN,35,No,2016,TOYOTA,COROLLA,39.05319833,-77.08956833,2022,7,20
220030914,Property Damage Crash,07/18/2022 06:40:00 PM,E RANDOLPH RD,NA,SAME DIR REAR END,Rain,WET,Daylight,NO CONTROLS,NONE DETECTED,Yes,No Apparent Injury,"RAIN, SNOW, WET",NOT DISTRACTED,MD,PASSENGER CAR,STOPPED IN TRAFFIC LANE,40,No,2011,FORD,FOCUS,39.07457533,-76.99215683,2022,7,18
220030914,Property Damage Crash,07/18/2022 06:40:00 PM,E RANDOLPH RD,NA,SAME DIR REAR END,Rain,WET,Daylight,NO CONTROLS,NONE DETECTED,Yes,No Apparent Injury,"RAIN, SNOW, WET",NOT DISTRACTED,MD,PASSENGER CAR,SLOWING OR STOPPING,40,No,2014,KIA,OPTIMA,39.07457533,-76.99215683,2022,7,18
220030914,Property Damage Crash,07/18/2022 06:40:00 PM,E RANDOLPH RD,NA,SAME DIR REAR END,Rain,WET,Daylight,NO CONTROLS,NONE DETECTED,No,No Apparent Injury,"RAIN, SNOW, WET",NOT DISTRACTED,MD,PASSENGER CAR,SLOWING OR STOPPING,40,No,2014,TOYT,CAMRY,39.07457533,-76.99215683,2022,7,18
220030911,Injury Crash,07/18/2022 06:33:00 PM,SHADY GROVE RD,NA,STRAIGHT MOVEMENT ANGLE,Rain,WET,Daylight,TRAFFIC SIGNAL,NONE DETECTED,No,Possible Minor Injury,"RAIN, SNOW, WET",UNKNOWN,MD,PICKUP TRUCK,STARTING FROM LANE,40,No,2014,NISSAN,FRONTIER,39.10490167,-77.19061167,2022,7,18
220030911,Injury Crash,07/18/2022 06:33:00 PM,SHADY GROVE RD,NA,STRAIGHT MOVEMENT ANGLE,Rain,WET,Daylight,TRAFFIC SIGNAL,NONE DETECTED,Yes,Possible Minor Injury,"RAIN, SNOW, WET",NOT DISTRACTED,MD,(SPORT) UTILITY VEHICLE,MOVING CONSTANT SPEED,40,No,2019,HYUNDAI,TUCSON,39.10490167,-77.19061167,2022,7,18
220030904,Property Damage Crash,07/18/2022 06:00:00 PM,MUNCASTER RD,NA,SINGLE VEHICLE,Rain,WET,Daylight,NO CONTROLS,ALCOHOL PRESENT,Yes,No Apparent Injury,"N/A, WET",UNKNOWN,MD,PASSENGER CAR,MOVING CONSTANT SPEED,35,No,2006,TOYOTA,COROLLA,39.27418,-77.15541167,2022,7,18
220030902,Injury Crash,07/18/2022 05:30:00 PM,BETHESDA CHURCH RD,NA,SINGLE VEHICLE,Clear,WET,Daylight,NO CONTROLS,NONE DETECTED,Yes,Possible Minor Injury,"N/A, WET",UNKNOWN,MD,(SPORT) UTILITY VEHICLE,LEAVING TRAFFIC LANE,40,No,2019,CHEVROLET,TRAVERSE,39.31437333,-77.19808333,2022,7,17
220030898,Property Damage Crash,07/18/2022 05:17:00 PM,BEL PRE RD,NA,SAME DIR REAR END,Rain,WET,Daylight,NO CONTROLS,NONE DETECTED,No,No Apparent Injury,"RAIN, SNOW, WET",NOT DISTRACTED,MD,PASSENGER CAR,STOPPED IN TRAFFIC LANE,35,No,2013,CHEV,CRUZE,39.09123167,-77.06245333,2022,7,17
220030898,Property Damage Crash,07/18/2022 05:17:00 PM,BEL PRE RD,NA,SAME DIR REAR END,Rain,WET,Daylight,NO CONTROLS,NONE DETECTED,No,No Apparent Injury,"RAIN, SNOW, WET",NOT DISTRACTED,MD,PASSENGER CAR,STOPPED IN TRAFFIC LANE,35,No,2020,HYUNDAI,IONIQ,39.09123167,-77.06245333,2022,7,17
220030898,Property Damage Crash,07/18/2022 05:17:00 PM,BEL PRE RD,NA,SAME DIR REAR END,Rain,WET,Daylight,NO CONTROLS,NONE DETECTED,Yes,No Apparent Injury,"RAIN, SNOW, WET",NOT DISTRACTED,VA,PICKUP TRUCK,SLOWING OR STOPPING,35,No,2001,FORD,F250,39.09123167,-77.06245333,2022,7,17
220030903,Injury Crash,07/18/2022 04:54:00 PM,DAMASCUS RD,NA,SINGLE VEHICLE,Rain,WET,Daylight,NO CONTROLS,NONE DETECTED,Yes,Possible Minor Injury,"RAIN, SNOW, WET",UNKNOWN,MD,(SPORT) UTILITY VEHICLE,MOVING CONSTANT SPEED,40,No,2019,DODGE,DURANGO,39.25519831,-77.13501252,2022,7,16
220030887,Injury Crash,07/18/2022 04:45:00 PM,FRANKLIN AVE,NA,SAME DIR REAR END,Clear,DRY,Daylight,NO CONTROLS,NONE DETECTED,Yes,Possible Minor Injury,N/A,NOT DISTRACTED,MD,PASSENGER CAR,MOVING CONSTANT SPEED,30,No,2013,KIA,SOUL,39.011525,-77.00371833,2022,7,16
220030887,Injury Crash,07/18/2022 04:45:00 PM,FRANKLIN AVE,NA,SAME DIR REAR END,Clear,DRY,Daylight,NO CONTROLS,NONE DETECTED,No,No Apparent Injury,N/A,NOT DISTRACTED,MD,PASSENGER CAR,STOPPED IN TRAFFIC LANE,30,No,1995,FORD,TK,39.011525,-77.00371833,2022,7,16
220030874,Property Damage Crash,07/18/2022 03:45:00 PM,FERRARA AVE,NA,SAME DIR REAR END,Clear,DRY,Daylight,TRAFFIC SIGNAL,NONE DETECTED,Yes,No Apparent Injury,N/A,LOOKED BUT DID NOT SEE,MD,PASSENGER CAR,MOVING CONSTANT SPEED,40,No,2015,HONDA,ACCORD,39.05258867,-77.07649017,2022,7,15
220030874,Property Damage Crash,07/18/2022 03:45:00 PM,FERRARA AVE,NA,SAME DIR REAR END,Clear,DRY,Daylight,TRAFFIC SIGNAL,NONE DETECTED,No,No Apparent Injury,N/A,NOT DISTRACTED,MD,PASSENGER CAR,MOVING CONSTANT SPEED,40,No,2007,HONDA,VAN,39.05258867,-77.07649017,2022,7,15
220030874,Property Damage Crash,07/18/2022 03:45:00 PM,FERRARA AVE,NA,SAME DIR REAR END,Clear,DRY,Daylight,TRAFFIC SIGNAL,NONE DETECTED,No,No Apparent Injury,N/A,NOT DISTRACTED,MD,PASSENGER CAR,MOVING CONSTANT SPEED,40,No,2013,HONDA,TK,39.05258867,-77.07649017,2022,7,15
220030860,Injury Crash,07/18/2022 02:26:00 PM,BEAR CREEK DR,NA,SINGLE VEHICLE,Clear,DRY,Daylight,NO CONTROLS,NONE DETECTED,Yes,Possible Minor Injury,N/A,NOT DISTRACTED,MD,PASSENGER CAR,MOVING CONSTANT SPEED,25,No,2018,RANGE ROVER,VELAR,39.161685,-77.28808167,2022,7,14
220030852,Injury Crash,07/18/2022 01:15:00 PM,NA,NA,SAME DIR REAR END,Clear,NA,Daylight,N/A,NONE DETECTED,Yes,Possible Minor Injury,N/A,UNKNOWN,DC,PASSENGER CAR,ACCELERATING,0,No,2022,TOYOTA,RAV4,38.98718667,-77.02689,2022,7,13
220030852,Injury Crash,07/18/2022 01:15:00 PM,NA,NA,SAME DIR REAR END,Clear,NA,Daylight,N/A,NONE DETECTED,No,Possible Minor Injury,N/A,NOT DISTRACTED,MD,PASSENGER CAR,OTHER,0,No,2021,TOYOTA,RAV4,38.98718667,-77.02689,2022,7,13
220030842,Injury Crash,07/18/2022 12:40:00 PM,LAYHILL RD,NA,STRAIGHT MOVEMENT ANGLE,Clear,DRY,Daylight,TRAFFIC SIGNAL,NONE DETECTED,Yes,No Apparent Injury,N/A,NOT DISTRACTED,DC,PASSENGER CAR,MOVING CONSTANT SPEED,40,No,2010,HYUNDAI,VERACRUZ,39.06332167,-77.05016167,2022,7,12
220030842,Injury Crash,07/18/2022 12:40:00 PM,LAYHILL RD,NA,STRAIGHT MOVEMENT ANGLE,Clear,DRY,Daylight,TRAFFIC SIGNAL,NONE DETECTED,No,Possible Minor Injury,N/A,NOT DISTRACTED,MD,PASSENGER CAR,MOVING CONSTANT SPEED,30,No,2017,JEEP,SUV,39.06332167,-77.05016167,2022,7,12
220030840,Injury Crash,07/18/2022 12:35:00 PM,NA,BICYCLIST,STRAIGHT MOVEMENT ANGLE,Clear,NA,Daylight,NO CONTROLS,NONE DETECTED,No,No Apparent Injury,N/A,NOT DISTRACTED,MD,VAN,STOPPED IN TRAFFIC LANE,5,No,2004,FORD,CG,39.14100877,-77.20797875,2022,7,12
220030882,Property Damage Crash,07/18/2022 11:30:00 AM,NA,NA,OTHER,Clear,NA,Daylight,NO CONTROLS,NONE DETECTED,Yes,No Apparent Injury,N/A,LOOKED BUT DID NOT SEE,NA,VAN,BACKING,0,No,2019,FORD,TRANSIT,38.99104667,-77.02715667,2022,7,11
220030802,Property Damage Crash,07/18/2022 08:38:00 AM,BLAIR MILL WAY,NA,SAME DIR REAR END,Clear,DRY,Daylight,N/A,NONE DETECTED,No,No Apparent Injury,N/A,NOT DISTRACTED,MD,SCHOOL BUS,STOPPED IN TRAFFIC LANE,0,No,2013,THOMAS,BUS,38.98901267,-77.02770783,2022,7,8
220030802,Property Damage Crash,07/18/2022 08:38:00 AM,BLAIR MILL WAY,NA,SAME DIR REAR END,Clear,DRY,Daylight,N/A,NONE DETECTED,Yes,No Apparent Injury,N/A,NOT DISTRACTED,MD,PASSENGER CAR,ACCELERATING,5,No,2018,FORD,SD,38.98901267,-77.02770783,2022,7,8
220030794,Property Damage Crash,07/18/2022 08:14:00 AM,MONTGOMERY AVE,NA,SAME DIRECTION LEFT TURN,Clear,WET,Daylight,NO CONTROLS,NONE DETECTED,No,No Apparent Injury,N/A,NOT DISTRACTED,MD,SCHOOL BUS,MOVING CONSTANT SPEED,25,No,2022,FRHT,BUS,38.98427833,-77.09145333,2022,7,8
220030794,Property Damage Crash,07/18/2022 08:14:00 AM,MONTGOMERY AVE,NA,SAME DIRECTION LEFT TURN,Clear,WET,Daylight,NO CONTROLS,NONE DETECTED,Yes,No Apparent Injury,N/A,UNKNOWN,FL,PASSENGER CAR,CHANGING LANES,25,No,2015,HONDA,CIVIC,38.98427833,-77.09145333,2022,7,8
220030789,Property Damage Crash,07/18/2022 08:03:00 AM,BEL PRE RD,NA,STRAIGHT MOVEMENT ANGLE,Cloudy,DRY,Daylight,TRAFFIC SIGNAL,NONE DETECTED,No,No Apparent Injury,N/A,NOT DISTRACTED,MD,PASSENGER CAR,MOVING CONSTANT SPEED,35,No,2020,NISSAN,VERSA,39.09140667,-77.06306167,2022,7,8
220030789,Property Damage Crash,07/18/2022 08:03:00 AM,BEL PRE RD,NA,STRAIGHT MOVEMENT ANGLE,Cloudy,DRY,Daylight,TRAFFIC SIGNAL,NONE DETECTED,Yes,No Apparent Injury,N/A,NOT DISTRACTED,MD,PASSENGER CAR,MAKING LEFT TURN,35,No,2010,FORD,FOCUS,39.09140667,-77.06306167,2022,7,8
220030861,Property Damage Crash,07/18/2022 08:00:00 AM,NA,NA,HEAD ON,Clear,NA,Daylight,NO CONTROLS,NONE DETECTED,Yes,No Apparent Injury,N/A,UNKNOWN,MD,(SPORT) UTILITY VEHICLE,MOVING CONSTANT SPEED,0,No,2016,BMW,X5,39.110557,-76.979187,2022,7,8
220030792,Property Damage Crash,07/18/2022 07:49:00 AM,CHADBURN PL,NA,SINGLE VEHICLE,Cloudy,DRY,Daylight,NO CONTROLS,NONE DETECTED,Yes,No Apparent Injury,N/A,NOT DISTRACTED,MD,SCHOOL BUS,MAKING U TURN,25,No,2018,THOMAS,BUS,39.19456333,-77.19425833,2022,7,7
220030782,Injury Crash,07/18/2022 06:19:00 AM,NORBECK RD,NA,SINGLE VEHICLE,Cloudy,DRY,Medium,OTHER,NONE DETECTED,Unknown,Suspected Serious Injury,N/A,UNKNOWN,XX,PASSENGER CAR,PASSING,45,No,2018,AUDI,SD,39.120395,-77.04042833,2022,7,6
220030779,Injury Crash,07/18/2022 05:54:00 AM,WARING STATION RD,PEDESTRIAN,OTHER,Cloudy,DRY,Medium,YIELD SIGN,NONE DETECTED,Unknown,No Apparent Injury,N/A,UNKNOWN,NA,NA,MOVING CONSTANT SPEED,15,No,0,UNKNOWN,UNKNOWN,39.16473833,-77.24378667,2022,7,5
220030777,Injury Crash,07/18/2022 05:26:00 AM,CONNECTICUT AVE,NA,SAME DIR BOTH LEFT TURN,Clear,DRY,Medium,TRAFFIC SIGNAL,NONE DETECTED,Yes,No Apparent Injury,N/A,UNKNOWN,NA,NA,UNKNOWN,35,No,0,UNKNOWN,UNKNOWN,39.00623417,-77.07862883,2022,7,5
220030777,Injury Crash,07/18/2022 05:26:00 AM,CONNECTICUT AVE,NA,SAME DIR BOTH LEFT TURN,Clear,DRY,Medium,TRAFFIC SIGNAL,NONE DETECTED,No,Possible Minor Injury,N/A,NOT DISTRACTED,MD,PASSENGER CAR,MAKING LEFT TURN,35,No,2016,FIAT,SW,39.00623417,-77.07862883,2022,7,5
220030775,Injury Crash,07/18/2022 03:47:00 AM,COLESVILLE RD,NA,STRAIGHT MOVEMENT ANGLE,Clear,DRY,Medium,FLASHING TRAFFIC SIGNAL,NONE DETECTED,No,Possible Minor Injury,N/A,NOT DISTRACTED,MD,PASSENGER CAR,STARTING FROM LANE,35,No,2019,TOYOTA,YARIS,38.9976693,-77.0270281,2022,7,3
220030775,Injury Crash,07/18/2022 03:47:00 AM,COLESVILLE RD,NA,STRAIGHT MOVEMENT ANGLE,Clear,DRY,Medium,FLASHING TRAFFIC SIGNAL,NONE DETECTED,Yes,No Apparent Injury,N/A,NOT DISTRACTED,MD,PASSENGER CAR,MOVING CONSTANT SPEED,35,No,2016,LEXUS,ES350,38.9976693,-77.0270281,2022,7,3
220030775,Injury Crash,07/18/2022 03:47:00 AM,COLESVILLE RD,NA,STRAIGHT MOVEMENT ANGLE,Clear,DRY,Medium,FLASHING TRAFFIC SIGNAL,NONE DETECTED,No,No Apparent Injury,N/A,NOT DISTRACTED,MD,PASSENGER CAR,STOPPED IN TRAFFIC LANE,35,No,2014,HONDA,ACCORD,38.9976693,-77.0270281,2022,7,3
220030768,Property Damage Crash,07/18/2022 01:05:00 AM,FIRSTFIELD RD,NA,SINGLE VEHICLE,Clear,N/A,Medium,FLASHING TRAFFIC SIGNAL,ALCOHOL PRESENT,Yes,No Apparent Injury,N/A,NOT DISTRACTED,XX,PICKUP TRUCK,MAKING LEFT TURN,35,No,2022,TOYOTA,TACOMA,39.143636,-77.223727,2022,7,1
220030759,Injury Crash,07/17/2022 11:00:00 PM,NORBECK RD,NA,HEAD ON LEFT TURN,Clear,DRY,Medium,TRAFFIC SIGNAL,NONE DETECTED,No,Possible Minor Injury,N/A,NOT DISTRACTED,CA,PASSENGER CAR,MOVING CONSTANT SPEED,35,No,2020,NISSAN,SENTRA,39.100545,-77.09572333,2022,7,23
220030759,Injury Crash,07/17/2022 11:00:00 PM,NORBECK RD,NA,HEAD ON LEFT TURN,Clear,DRY,Medium,TRAFFIC SIGNAL,NONE DETECTED,Yes,No Apparent Injury,N/A,LOOKED BUT DID NOT SEE,MD,PASSENGER CAR,MAKING LEFT TURN,35,No,2010,CHEVY,MINI VAN,39.100545,-77.09572333,2022,7,23
220030757,Property Damage Crash,07/17/2022 10:50:00 PM,IVY OAK DR,NA,OTHER,Clear,DRY,Medium,NO CONTROLS,NONE DETECTED,Yes,No Apparent Injury,N/A,DISTRACTED BY OUTSIDE PERSON OBJECT OR EVENT,MD,PASSENGER CAR,MOVING CONSTANT SPEED,10,No,2005,ACURA,TSX,39.1562124,-77.15941,2022,7,22
220030751,Property Damage Crash,07/17/2022 10:00:00 PM,UNIVERSITY BLVD E,NA,SAME DIR REAR END,Clear,DRY,Medium,TRAFFIC SIGNAL,NONE DETECTED,Yes,No Apparent Injury,N/A,UNKNOWN,NA,UNKNOWN,UNKNOWN,45,Unknown,0,UNKNOWN,UNKNOWN,39.04651667,-76.99390167,2022,7,22
220030751,Property Damage Crash,07/17/2022 10:00:00 PM,UNIVERSITY BLVD E,NA,SAME DIR REAR END,Clear,DRY,Medium,TRAFFIC SIGNAL,NONE DETECTED,No,No Apparent Injury,N/A,NOT DISTRACTED,MD,PASSENGER CAR,STOPPED IN TRAFFIC LANE,45,No,2019,TOYOTA,COROLLA,39.04651667,-76.99390167,2022,7,22
220030747,Injury Crash,07/17/2022 08:51:00 PM,VEIRS MILL RD,NA,OTHER,Clear,DRY,Medium,NO CONTROLS,ALCOHOL PRESENT,Yes,Possible Minor Injury,N/A,OTHER DISTRACTION,MD,PASSENGER CAR,MOVING CONSTANT SPEED,25,No,2002,NISSAN,SENTRA,39.03862167,-77.05294167,2022,7,20
220030739,Property Damage Crash,07/17/2022 07:42:00 PM,PINEY BRANCH RD,NA,OTHER,Cloudy,DRY,Daylight,TRAFFIC SIGNAL,NONE DETECTED,No,No Apparent Injury,N/A,NOT DISTRACTED,VA,PASSENGER CAR,STOPPED IN TRAFFIC LANE,30,No,2008,TOYOTA,TUNDRA,39.02061167,-77.00892667,2022,7,19
220030739,Property Damage Crash,07/17/2022 07:42:00 PM,PINEY BRANCH RD,NA,OTHER,Cloudy,DRY,Daylight,TRAFFIC SIGNAL,NONE DETECTED,No,No Apparent Injury,N/A,NOT DISTRACTED,MD,PASSENGER CAR,STOPPED IN TRAFFIC LANE,30,No,2008,TOYOTA,CAMRY,39.02061167,-77.00892667,2022,7,19
220030739,Property Damage Crash,07/17/2022 07:42:00 PM,PINEY BRANCH RD,NA,OTHER,Cloudy,DRY,Daylight,TRAFFIC SIGNAL,ALCOHOL PRESENT,Yes,No Apparent Injury,N/A,OTHER DISTRACTION,MD,PASSENGER CAR,MOVING CONSTANT SPEED,30,No,2013,NISSAN,ALTIMA,39.02061167,-77.00892667,2022,7,19
220030733,Property Damage Crash,07/17/2022 07:04:00 PM,WHITES FERRY RD,NA,SINGLE VEHICLE,Cloudy,WET,Daylight,NO CONTROLS,NONE DETECTED,Yes,No Apparent Injury,"N/A, WET",NOT DISTRACTED,MD,PASSENGER CAR,MOVING CONSTANT SPEED,40,No,2013,FORD,MUSTANG,39.12537833,-77.37516917,2022,7,19
220030727,Property Damage Crash,07/17/2022 06:30:00 PM,NA,NA,SAME DIRECTION SIDESWIPE,Rain,NA,Daylight,NO CONTROLS,NONE DETECTED,No,No Apparent Injury,"N/A, WET",NOT DISTRACTED,MD,PASSENGER CAR,PARKED,10,No,2015,BMW,X6,39.03964,-77.05217167,2022,7,18
220030727,Property Damage Crash,07/17/2022 06:30:00 PM,NA,NA,SAME DIRECTION SIDESWIPE,Rain,NA,Daylight,NO CONTROLS,ALCOHOL PRESENT,Yes,No Apparent Injury,"N/A, WET",LOOKED BUT DID NOT SEE,MD,PASSENGER CAR,PARKING,10,No,2014,FORD,F150,39.03964,-77.05217167,2022,7,18
220030731,Property Damage Crash,07/17/2022 06:11:00 PM,NA,NA,OPPOSITE DIR BOTH LEFT TURN,Cloudy,NA,Daylight,STOP SIGN,NONE DETECTED,Yes,No Apparent Injury,N/A,INATTENTIVE OR LOST IN THOUGHT,MD,TRANSIT BUS,MAKING LEFT TURN,25,No,2020,METRO,BUS,38.98596,-77.08532667,2022,7,18
220030731,Property Damage Crash,07/17/2022 06:11:00 PM,NA,NA,OPPOSITE DIR BOTH LEFT TURN,Cloudy,NA,Daylight,STOP SIGN,NONE DETECTED,Yes,No Apparent Injury,N/A,LOOKED BUT DID NOT SEE,MD,PASSENGER CAR,MAKING LEFT TURN,25,No,2020,TOYOTA,RAV 4,38.98596,-77.08532667,2022,7,18
220030726,Property Damage Crash,07/17/2022 05:59:00 PM,CENTERHILL ST,NA,STRAIGHT MOVEMENT ANGLE,Clear,DRY,Daylight,STOP SIGN,NONE DETECTED,Yes,No Apparent Injury,N/A,DISTRACTED BY OUTSIDE PERSON OBJECT OR EVENT,MD,PASSENGER CAR,SLOWING OR STOPPING,25,No,2014,TOYOTA,SIENNA,39.05423,-77.07011217,2022,7,17
220030713,Property Damage Crash,07/17/2022 05:29:00 PM,CLARKSBURG RD,NA,OTHER,Clear,DRY,Daylight,STOP SIGN,NONE DETECTED,Yes,No Apparent Injury,N/A,UNKNOWN,MD,PASSENGER CAR,ACCELERATING,25,No,2020,NISSAN,4DR,39.2419548,-77.2785916,2022,7,17
220030713,Property Damage Crash,07/17/2022 05:29:00 PM,CLARKSBURG RD,NA,OTHER,Clear,DRY,Daylight,STOP SIGN,NONE DETECTED,Yes,No Apparent Injury,N/A,UNKNOWN,MD,PASSENGER CAR,ACCELERATING,25,No,2011,NISSAN,4S,39.2419548,-77.2785916,2022,7,17
220030713,Property Damage Crash,07/17/2022 05:29:00 PM,CLARKSBURG RD,NA,OTHER,Clear,DRY,Daylight,STOP SIGN,NONE DETECTED,No,No Apparent Injury,N/A,UNKNOWN,MD,OTHER,STOPPED IN TRAFFIC LANE,25,No,2004,PETE,TK,39.2419548,-77.2785916,2022,7,17
220030720,Property Damage Crash,07/17/2022 05:08:00 PM,OLD HUNDRED RD,NA,STRAIGHT MOVEMENT ANGLE,Clear,DRY,Daylight,NO CONTROLS,NONE DETECTED,Yes,No Apparent Injury,N/A,UNKNOWN,MD,PASSENGER CAR,ACCELERATING,40,No,2008,MITSUBISHI,LANCER,39.31437333,-77.19808333,2022,7,17
220030720,Property Damage Crash,07/17/2022 05:08:00 PM,OLD HUNDRED RD,NA,STRAIGHT MOVEMENT ANGLE,Clear,DRY,Daylight,NO CONTROLS,NONE DETECTED,No,No Apparent Injury,N/A,NOT DISTRACTED,MD,(SPORT) UTILITY VEHICLE,MOVING CONSTANT SPEED,35,No,2011,GMC,TERRAIN,39.31437333,-77.19808333,2022,7,17
220030714,Property Damage Crash,07/17/2022 04:40:00 PM,WHITMOOR TERR,NA,SAME DIR REAR END,Clear,DRY,Daylight,NO CONTROLS,NONE DETECTED,Yes,No Apparent Injury,N/A,UNKNOWN,DE,PASSENGER CAR,BACKING,25,No,2012,FORD,FUSION,39.02062167,-77.008785,2022,7,16
220030698,Property Damage Crash,07/17/2022 02:43:00 PM,TUCKERMAN LA,NA,HEAD ON LEFT TURN,Clear,DRY,Daylight,TRAFFIC SIGNAL,NONE DETECTED,No,No Apparent Injury,N/A,NOT DISTRACTED,MD,PASSENGER CAR,MOVING CONSTANT SPEED,45,No,2017,TOYOTA,SD,39.02419833,-77.10252167,2022,7,14
220030698,Property Damage Crash,07/17/2022 02:43:00 PM,TUCKERMAN LA,NA,HEAD ON LEFT TURN,Clear,DRY,Daylight,TRAFFIC SIGNAL,NONE DETECTED,Yes,No Apparent Injury,N/A,LOOKED BUT DID NOT SEE,MD,PASSENGER CAR,MAKING LEFT TURN,45,No,2007,MERZ,GL45,39.02419833,-77.10252167,2022,7,14
220030694,Injury Crash,07/17/2022 02:33:00 PM,NA,NA,SAME DIRECTION SIDESWIPE,Cloudy,NA,Daylight,NO CONTROLS,NONE DETECTED,No,Possible Minor Injury,N/A,NOT DISTRACTED,MD,PASSENGER CAR,PARKED,5,No,2020,GILG,BU,38.9934,-77.02988333,2022,7,14
220030694,Injury Crash,07/17/2022 02:33:00 PM,NA,NA,SAME DIRECTION SIDESWIPE,Cloudy,NA,Daylight,NO CONTROLS,NONE DETECTED,Yes,No Apparent Injury,N/A,LOOKED BUT DID NOT SEE,MD,TRANSIT BUS,MAKING RIGHT TURN,5,No,2016,NEW,TBU,38.9934,-77.02988333,2022,7,14
220030695,Property Damage Crash,07/17/2022 02:30:00 PM,WATKINS MILL RD,NA,STRAIGHT MOVEMENT ANGLE,Cloudy,DRY,Daylight,TRAFFIC SIGNAL,DRUG PRESENT,Yes,No Apparent Injury,N/A,LOOKED BUT DID NOT SEE,MD,PASSENGER CAR,MAKING LEFT TURN,30,No,2002,TOYT,4D,39.17053333,-77.20888833,2022,7,14
220030695,Property Damage Crash,07/17/2022 02:30:00 PM,WATKINS MILL RD,NA,STRAIGHT MOVEMENT ANGLE,Cloudy,DRY,Daylight,TRAFFIC SIGNAL,NONE DETECTED,Yes,No Apparent Injury,N/A,LOOKED BUT DID NOT SEE,MD,PASSENGER CAR,MAKING LEFT TURN,30,No,2000,TOYT,4D,39.17053333,-77.20888833,2022,7,14
220030691,Injury Crash,07/17/2022 02:15:00 PM,GIRARD ST,PEDESTRIAN,OTHER,Clear,DRY,Daylight,TRAFFIC SIGNAL,NONE DETECTED,Yes,No Apparent Injury,N/A,UNKNOWN,NA,NA,MAKING LEFT TURN,30,No,0,UNKNOWN,UNKNOWN,39.15382756,-77.20230706,2022,7,14
220030669,Property Damage Crash,07/17/2022 10:39:00 AM,NA,NA,SINGLE VEHICLE,Clear,NA,Daylight,NO CONTROLS,NONE DETECTED,Yes,No Apparent Injury,N/A,NOT DISTRACTED,MD,PASSENGER CAR,PARKING,0,No,2011,NISSAN,VERSA,39.14171215,-77.191194049999993,2022,7,10
220030654,Property Damage Crash,07/17/2022 06:14:00 AM,SHADY GROVE RD,NA,SAME DIR REAR END,Clear,DRY,Daylight,TRAFFIC SIGNAL,NONE DETECTED,Yes,No Apparent Injury,N/A,NOT DISTRACTED,MD,PASSENGER CAR,MOVING CONSTANT SPEED,35,No,2014,LAND ROVER,RANGE ROVER,39.12412391,-77.17994169,2022,7,6
220030654,Property Damage Crash,07/17/2022 06:14:00 AM,SHADY GROVE RD,NA,SAME DIR REAR END,Clear,DRY,Daylight,TRAFFIC SIGNAL,NONE DETECTED,No,No Apparent Injury,N/A,NOT DISTRACTED,MD,PASSENGER CAR,STOPPED IN TRAFFIC LANE,35,No,2017,LEXS,4H,39.12412391,-77.17994169,2022,7,6
220030652,Property Damage Crash,07/17/2022 05:36:00 AM,ROCKVILLE PIKE,NA,SINGLE VEHICLE,Clear,DRY,Medium,TRAFFIC SIGNAL,NONE DETECTED,Yes,No Apparent Injury,N/A,NOT DISTRACTED,NY,PASSENGER CAR,MAKING RIGHT TURN,40,No,2016,NISS,ROGUE,39.03053,-77.105545,2022,7,5
220030650,Injury Crash,07/17/2022 04:00:00 AM,UNIVERSITY BLVD E,NA,SAME DIR REAR END,Clear,DRY,Medium,TRAFFIC SIGNAL,NONE DETECTED,No,Possible Minor Injury,N/A,NOT DISTRACTED,VA,PASSENGER CAR,SLOWING OR STOPPING,35,No,2016,MAZDA,6,38.99932333,-76.995125,2022,7,4