Local Case Number,ACRS Report Type,Crash Date/Time,Road Name,Related Non-Motorist,Collision Type,Weather,Surface Condition,Light,Traffic Control,Driver Substance Abuse,Driver At Fault,Injury Severity,Circumstance,Driver Distracted By,Drivers License State,Vehicle Body Type,Vehicle Movement,Speed Limit,Driverless Vehicle,Vehicle Year,Vehicle Make,Vehicle Model,Latitude,Longitude,Year,Month,Hour
220030650,Injury Crash,07/17/2022 04:00:00 AM,UNIVERSITY BLVD E,NA,SAME DIR REAR END,Clear,DRY,Medium,TRAFFIC SIGNAL,NONE DETECTED,Yes,No Apparent Injury,N/A,UNKNOWN,NA,NA,SLOWING OR STOPPING,35,No,0,UNKNOWN,UNKNOWN,38.99932333,-76.995125,2022,7,4
220030645,Property Damage Crash,07/17/2022 02:55:00 AM,PINEY BRANCH RD,NA,STRAIGHT MOVEMENT ANGLE,Rain,WET,Medium,TRAFFIC SIGNAL,NONE DETECTED,Unknown,No Apparent Injury,"N/A, WET",NOT DISTRACTED,MD,PASSENGER CAR,MOVING CONSTANT SPEED,25,No,2011,TOYOTA,CAMRY,38.983335,-77.01522833,2022,7,2
220030645,Property Damage Crash,07/17/2022 02:55:00 AM,PINEY BRANCH RD,NA,STRAIGHT MOVEMENT ANGLE,Rain,WET,Medium,TRAFFIC SIGNAL,NONE DETECTED,Unknown,No Apparent Injury,"N/A, WET",UNKNOWN,MD,PASSENGER CAR,MOVING CONSTANT SPEED,35,No,2013,TOYOTA,CAMRY,38.983335,-77.01522833,2022,7,2
220030642,Injury Crash,07/17/2022 02:15:00 AM,NEW HAMPSHIRE AVE,NA,SINGLE VEHICLE,Clear,DRY,Medium,N/A,NONE DETECTED,Yes,Possible Minor Injury,N/A,INATTENTIVE OR LOST IN THOUGHT,MD,PASSENGER CAR,MOVING CONSTANT SPEED,35,No,2015,TOYOTA,CAMRY,39.14894333,-77.01222667,2022,7,2
220030640,Injury Crash,07/17/2022 02:10:00 AM,NEW HAMPSHIRE AVE,NA,SAME DIR REAR END,Clear,DRY,Dark,TRAFFIC SIGNAL,NONE DETECTED,Yes,No Apparent Injury,N/A,UNKNOWN,MD,PASSENGER CAR,SLOWING OR STOPPING,45,No,2015,TOYOTA,CAMRY,39.12185949,-76.98906604,2022,7,2
220030640,Injury Crash,07/17/2022 02:10:00 AM,NEW HAMPSHIRE AVE,NA,SAME DIR REAR END,Clear,DRY,Dark,TRAFFIC SIGNAL,NONE DETECTED,No,Possible Minor Injury,N/A,NOT DISTRACTED,MD,PASSENGER CAR,STOPPED IN TRAFFIC LANE,45,No,2015,TOYOTA,COROLLA,39.12185949,-76.98906604,2022,7,2
220030634,Injury Crash,07/17/2022 01:50:00 AM,GERMANTOWN RD,NA,STRAIGHT MOVEMENT ANGLE,Clear,DRY,Medium,FLASHING TRAFFIC SIGNAL,NONE DETECTED,No,No Apparent Injury,N/A,LOOKED BUT DID NOT SEE,MD,PASSENGER CAR,ACCELERATING,40,No,2021,BUICK,ENCORE,39.17692667,-77.27035,2022,7,1
220030634,Injury Crash,07/17/2022 01:50:00 AM,GERMANTOWN RD,NA,STRAIGHT MOVEMENT ANGLE,Clear,DRY,Medium,FLASHING TRAFFIC SIGNAL,NONE DETECTED,Yes,No Apparent Injury,N/A,LOOKED BUT DID NOT SEE,MD,PASSENGER CAR,ACCELERATING,35,No,2004,BMW,330 CI,39.17692667,-77.27035,2022,7,1
220030636,Injury Crash,07/17/2022 01:23:00 AM,SHADY GROVE RD,NA,SAME DIRECTION SIDESWIPE,Clear,DRY,Medium,NO CONTROLS,NONE DETECTED,No,Possible Minor Injury,N/A,NOT DISTRACTED,MD,PASSENGER CAR,MOVING CONSTANT SPEED,40,No,2019,CHEVROLET,CRUZE,39.12899,-77.16613667,2022,7,1
220030636,Injury Crash,07/17/2022 01:23:00 AM,SHADY GROVE RD,NA,SAME DIRECTION SIDESWIPE,Clear,DRY,Medium,NO CONTROLS,NONE DETECTED,Yes,No Apparent Injury,N/A,UNKNOWN,NA,PASSENGER CAR,UNKNOWN,40,No,2019,ACURA,TLX,39.12899,-77.16613667,2022,7,1
220030632,Property Damage Crash,07/17/2022 01:06:00 AM,GREENWOOD AVE,NA,OTHER,Clear,DRY,Medium,NO CONTROLS,NONE DETECTED,Yes,No Apparent Injury,N/A,UNKNOWN,XX,PASSENGER CAR,MOVING CONSTANT SPEED,20,No,2008,SCION,TC,38.99555667,-77.00160167,2022,7,1
220030620,Property Damage Crash,07/16/2022 09:50:00 PM,EMORY GROVE RD,NA,N/A,Clear,DRY,Medium,NO CONTROLS,NONE DETECTED,Yes,No Apparent Injury,N/A,UNKNOWN,NA,PASSENGER CAR,MAKING RIGHT TURN,35,No,2004,HONDA,ACCORD,39.160215,-77.19248333,2022,7,21
220030620,Property Damage Crash,07/16/2022 09:50:00 PM,EMORY GROVE RD,NA,N/A,Clear,DRY,Medium,NO CONTROLS,NONE DETECTED,No,No Apparent Injury,N/A,NOT DISTRACTED,MD,PASSENGER CAR,MAKING LEFT TURN,35,No,2010,MAZD,UT,39.160215,-77.19248333,2022,7,21
220030616,Injury Crash,07/16/2022 08:36:00 PM,GREAT SENECA HWY,NA,SINGLE VEHICLE,Clear,DRY,Medium,N/A,NONE DETECTED,Yes,Possible Minor Injury,N/A,UNKNOWN,MD,PASSENGER CAR,UNKNOWN,50,No,2008,TOYOTA,VAN,39.13813667,-77.26620833,2022,7,20
220030615,Injury Crash,07/16/2022 08:05:00 PM,RANDOLPH RD,NA,STRAIGHT MOVEMENT ANGLE,Clear,DRY,Daylight,TRAFFIC SIGNAL,NONE DETECTED,No,Possible Minor Injury,N/A,NOT DISTRACTED,MD,PASSENGER CAR,MOVING CONSTANT SPEED,40,No,2014,HONDA,ACCORD,39.06644,-77.03463333,2022,7,20
220030615,Injury Crash,07/16/2022 08:05:00 PM,RANDOLPH RD,NA,STRAIGHT MOVEMENT ANGLE,Clear,DRY,Daylight,TRAFFIC SIGNAL,NONE DETECTED,Yes,Possible Minor Injury,N/A,NOT DISTRACTED,MD,(SPORT) UTILITY VEHICLE,RIGHT TURN ON RED,40,No,2018,AUDI,TK,39.06644,-77.03463333,2022,7,20
220030612,Injury Crash,07/16/2022 08:00:00 PM,S GLEN RD,NA,HEAD ON,Clear,DRY,Daylight,NO CONTROLS,NONE DETECTED,Unknown,Possible Minor Injury,N/A,UNKNOWN,MD,PASSENGER CAR,MOVING CONSTANT SPEED,35,No,2012,AUDI,Q5,39.04286833,-77.216745,2022,7,20
220030612,Injury Crash,07/16/2022 08:00:00 PM,S GLEN RD,NA,HEAD ON,Clear,DRY,Daylight,NO CONTROLS,NONE DETECTED,Unknown,No Apparent Injury,N/A,UNKNOWN,NA,UNKNOWN,MOVING CONSTANT SPEED,35,No,0,UNKNOWN,UNKNOWN,39.04286833,-77.216745,2022,7,20
220030607,Property Damage Crash,07/16/2022 07:12:00 PM,GEORGIA AVE,NA,SAME DIRECTION SIDESWIPE,Clear,WET,Daylight,TRAFFIC SIGNAL,NONE DETECTED,Yes,No Apparent Injury,"N/A, WET",NOT DISTRACTED,MD,FIRE VEHICLE/NON EMERGENCY,MAKING LEFT TURN,35,No,2019,PIERCE,TRUCK,39.04703333,-77.05128833,2022,7,19
220030607,Property Damage Crash,07/16/2022 07:12:00 PM,GEORGIA AVE,NA,SAME DIRECTION SIDESWIPE,Clear,WET,Daylight,TRAFFIC SIGNAL,NONE DETECTED,No,No Apparent Injury,"N/A, WET",NOT DISTRACTED,MD,"CARGO VAN/LIGHT TRUCK 2 AXLES (OVER 10,000LBS (4,536 KG))",STOPPED IN TRAFFIC LANE,35,No,2018,PETERBILT,2018,39.04703333,-77.05128833,2022,7,19
220030508,Property Damage Crash,07/16/2022 07:00:00 PM,NA,NA,STRAIGHT MOVEMENT ANGLE,Clear,NA,Medium,N/A,NONE DETECTED,Yes,No Apparent Injury,N/A,LOOKED BUT DID NOT SEE,MD,PASSENGER CAR,MOVING CONSTANT SPEED,15,No,2007,HONDA,PILOT,39.0019533,-76.9879798,2022,7,19
220030604,Property Damage Crash,07/16/2022 06:57:00 PM,RAMP 3 FR IS 495 EB TO MD 97 NB,NA,SINGLE VEHICLE,Rain,WET,Daylight,NO CONTROLS,NONE DETECTED,Yes,No Apparent Injury,"RAIN, SNOW, WET",NOT DISTRACTED,MD,PASSENGER CAR,NEGOTIATING A CURVE,15,No,2009,TOYOTA,COROLLA,39.01304,-77.04059,2022,7,18
220030603,Property Damage Crash,07/16/2022 06:44:00 PM,VEIRS MILL RD,NA,SAME DIR REAR END,Rain,WET,Daylight,TRAFFIC SIGNAL,NONE DETECTED,Yes,No Apparent Injury,"N/A, WET",UNKNOWN,XX,PASSENGER CAR,SLOWING OR STOPPING,35,No,2006,HONDA,CIVIC,39.04461017,-77.06398567,2022,7,18
220030603,Property Damage Crash,07/16/2022 06:44:00 PM,VEIRS MILL RD,NA,SAME DIR REAR END,Rain,WET,Daylight,TRAFFIC SIGNAL,NONE DETECTED,No,No Apparent Injury,"N/A, WET",NOT DISTRACTED,XX,PASSENGER CAR,SLOWING OR STOPPING,35,No,2022,TOYOTA,RAV 4,39.04461017,-77.06398567,2022,7,18
220030602,Property Damage Crash,07/16/2022 06:40:00 PM,CONNECTICUT AVE,NA,SINGLE VEHICLE,Clear,DRY,Daylight,NO CONTROLS,NONE DETECTED,Yes,No Apparent Injury,N/A,NOT DISTRACTED,MD,PASSENGER CAR,MOVING CONSTANT SPEED,35,No,2017,HONDA,ACCORD,39.06764833,-77.07513667,2022,7,18
220030599,Property Damage Crash,07/16/2022 06:08:00 PM,OLD COLUMBIA PIKE,NA,ANGLE MEETS LEFT TURN,Rain,WET,Daylight,TRAFFIC SIGNAL,NONE DETECTED,Yes,No Apparent Injury,"SLEET, HAIL, FREEZ. RAIN, WET",LOOKED BUT DID NOT SEE,MD,PASSENGER CAR,MAKING LEFT TURN,35,No,2013,TOYOTA,HIGHLANDER,39.07578167,-76.95791333,2022,7,18
220030599,Property Damage Crash,07/16/2022 06:08:00 PM,OLD COLUMBIA PIKE,NA,ANGLE MEETS LEFT TURN,Rain,WET,Daylight,TRAFFIC SIGNAL,NONE DETECTED,No,No Apparent Injury,"SLEET, HAIL, FREEZ. RAIN, WET",NOT DISTRACTED,MD,PASSENGER CAR,MOVING CONSTANT SPEED,35,No,2014,TOYOTA,AVALON,39.07578167,-76.95791333,2022,7,18
220030590,Property Damage Crash,07/16/2022 05:00:00 PM,NA,NA,OTHER,Cloudy,NA,Daylight,N/A,NONE DETECTED,Yes,No Apparent Injury,N/A,UNKNOWN,NA,PASSENGER CAR,BACKING,10,No,2003,MERCEDES,C,39.056445,-77.08365183,2022,7,17
220030590,Property Damage Crash,07/16/2022 05:00:00 PM,NA,NA,OTHER,Cloudy,NA,Daylight,N/A,NONE DETECTED,No,No Apparent Injury,N/A,NOT DISTRACTED,MD,PASSENGER CAR,OTHER,10,No,2013,VOLK,GTI,39.056445,-77.08365183,2022,7,17
220030605,Property Damage Crash,07/16/2022 04:50:00 PM,GREENTREE RD,NA,STRAIGHT MOVEMENT ANGLE,Rain,WET,Daylight,STOP SIGN,NONE DETECTED,Yes,No Apparent Injury,"RAIN, SNOW, WET",LOOKED BUT DID NOT SEE,VA,PASSENGER CAR,ACCELERATING,30,No,2019,HONDA,ACCORD,39.0011325,-77.11614533,2022,7,16
220030605,Property Damage Crash,07/16/2022 04:50:00 PM,GREENTREE RD,NA,STRAIGHT MOVEMENT ANGLE,Rain,WET,Daylight,STOP SIGN,NONE DETECTED,No,No Apparent Injury,"RAIN, SNOW, WET",NOT DISTRACTED,MD,PASSENGER CAR,MOVING CONSTANT SPEED,30,No,2022,MERCEDES,GLS450,39.0011325,-77.11614533,2022,7,16
220030579,Property Damage Crash,07/16/2022 03:42:00 PM,COLUMBIA PIKE,NA,SAME DIR REAR END,Clear,DRY,Daylight,TRAFFIC SIGNAL,NONE DETECTED,No,No Apparent Injury,N/A,NOT DISTRACTED,MD,PASSENGER CAR,STOPPED IN TRAFFIC LANE,55,No,2007,TOYOTA,CAMRY,39.10502833,-76.93277167,2022,7,15
220030579,Property Damage Crash,07/16/2022 03:42:00 PM,COLUMBIA PIKE,NA,SAME DIR REAR END,Clear,DRY,Daylight,TRAFFIC SIGNAL,NONE DETECTED,Yes,No Apparent Injury,N/A,INATTENTIVE OR LOST IN THOUGHT,MD,PASSENGER CAR,SLOWING OR STOPPING,55,No,2004,TOYT,4S,39.10502833,-76.93277167,2022,7,15
220030591,Property Damage Crash,07/16/2022 03:21:00 PM,NA,NA,SAME DIR REAR END,Clear,NA,Daylight,NO CONTROLS,NONE DETECTED,No,No Apparent Injury,N/A,NOT DISTRACTED,MD,(SPORT) UTILITY VEHICLE,STOPPED IN TRAFFIC LANE,0,No,2020,HYUN,UT,39.0463518,-77.10378049,2022,7,15
220030591,Property Damage Crash,07/16/2022 03:21:00 PM,NA,NA,SAME DIR REAR END,Clear,NA,Daylight,NO CONTROLS,NONE DETECTED,Yes,No Apparent Injury,N/A,NOT DISTRACTED,NA,(SPORT) UTILITY VEHICLE,STARTING FROM PARKED,0,No,2020,LEXUS,TK,39.0463518,-77.10378049,2022,7,15
220030581,Property Damage Crash,07/16/2022 02:26:00 PM,TUCKERMAN LA,NA,SAME DIRECTION SIDESWIPE,Clear,DRY,Daylight,TRAFFIC SIGNAL,NONE DETECTED,Yes,No Apparent Injury,N/A,NOT DISTRACTED,MD,(SPORT) UTILITY VEHICLE,MAKING LEFT TURN,35,No,2018,HONDA,CRV,39.04096395,-77.15934533,2022,7,14
220030581,Property Damage Crash,07/16/2022 02:26:00 PM,TUCKERMAN LA,NA,SAME DIRECTION SIDESWIPE,Clear,DRY,Daylight,TRAFFIC SIGNAL,NONE DETECTED,No,No Apparent Injury,N/A,NOT DISTRACTED,MD,(SPORT) UTILITY VEHICLE,STOPPED IN TRAFFIC LANE,35,No,2018,VOLK,ATLAS,39.04096395,-77.15934533,2022,7,14
220030570,Injury Crash,07/16/2022 01:48:00 PM,CHERRY HILL RD,NA,HEAD ON LEFT TURN,Rain,WET,Daylight,TRAFFIC SIGNAL,NONE DETECTED,Yes,Possible Minor Injury,N/A,LOOKED BUT DID NOT SEE,MD,PASSENGER CAR,MOVING CONSTANT SPEED,40,No,2001,MERCEDES,C-CLASS,39.05253667,-76.95306667,2022,7,13
220030570,Injury Crash,07/16/2022 01:48:00 PM,CHERRY HILL RD,NA,HEAD ON LEFT TURN,Rain,WET,Daylight,TRAFFIC SIGNAL,NONE DETECTED,No,No Apparent Injury,N/A,LOOKED BUT DID NOT SEE,MD,PASSENGER CAR,MAKING LEFT TURN,40,No,2012,VOLKSWAGEN,CC,39.05253667,-76.95306667,2022,7,13
220030557,Property Damage Crash,07/16/2022 12:00:00 PM,FRANKLIN AVE,NA,SINGLE VEHICLE,Clear,DRY,Daylight,N/A,NONE DETECTED,No,No Apparent Injury,"DEBRIS OR OBSTRUCTION, N/A",NOT DISTRACTED,MD,POLICE VEHICLE/EMERGENCY,MOVING CONSTANT SPEED,25,No,2018,FORD,EXPLORER,39.01134,-77.00453,2022,7,12
220030555,Injury Crash,07/16/2022 11:54:00 AM,COLESVILLE RD,NA,STRAIGHT MOVEMENT ANGLE,Cloudy,DRY,Daylight,TRAFFIC SIGNAL,NONE DETECTED,Yes,Suspected Serious Injury,N/A,UNKNOWN,MD,PASSENGER CAR,MOVING CONSTANT SPEED,35,No,2014,LEXS,IS250,39.019865,-77.0133,2022,7,11
220030555,Injury Crash,07/16/2022 11:54:00 AM,COLESVILLE RD,NA,STRAIGHT MOVEMENT ANGLE,Cloudy,DRY,Daylight,TRAFFIC SIGNAL,NONE DETECTED,No,No Apparent Injury,N/A,NOT DISTRACTED,DC,PASSENGER CAR,MOVING CONSTANT SPEED,35,No,2017,NISS,ALTIM,39.019865,-77.0133,2022,7,11
220030555,Injury Crash,07/16/2022 11:54:00 AM,COLESVILLE RD,NA,STRAIGHT MOVEMENT ANGLE,Cloudy,DRY,Daylight,TRAFFIC SIGNAL,NONE DETECTED,No,No Apparent Injury,N/A,NOT DISTRACTED,MD,PASSENGER CAR,STOPPED IN TRAFFIC LANE,35,No,2000,HOND,CIVIC,39.019865,-77.0133,2022,7,11
220030555,Injury Crash,07/16/2022 11:54:00 AM,COLESVILLE RD,NA,STRAIGHT MOVEMENT ANGLE,Cloudy,DRY,Daylight,TRAFFIC SIGNAL,NONE DETECTED,No,No Apparent Injury,N/A,NOT DISTRACTED,MD,PASSENGER CAR,STOPPED IN TRAFFIC LANE,35,No,2006,TOYT,CAMRY,39.019865,-77.0133,2022,7,11
220030528,Property Damage Crash,07/16/2022 05:00:00 AM,LAKE FOREST BLVD,NA,STRAIGHT MOVEMENT ANGLE,Clear,DRY,Medium,FLASHING TRAFFIC SIGNAL,NONE DETECTED,No,No Apparent Injury,N/A,NOT DISTRACTED,MD,PASSENGER CAR,MOVING CONSTANT SPEED,35,No,2016,TOYT,4S,39.13996697,-77.19561502,2022,7,5
220030530,Property Damage Crash,07/16/2022 05:00:00 AM,CEDAR TREE DR,NA,SAME DIRECTION SIDESWIPE,Clear,DRY,Medium,NO CONTROLS,NONE DETECTED,Yes,No Apparent Injury,N/A,DISTRACTED BY OUTSIDE PERSON OBJECT OR EVENT,FL,PASSENGER CAR,MOVING CONSTANT SPEED,35,No,2014,HYUNDAI,ELANTRA,39.09712833,-76.922265,2022,7,5
220030528,Property Damage Crash,07/16/2022 05:00:00 AM,LAKE FOREST BLVD,NA,STRAIGHT MOVEMENT ANGLE,Clear,DRY,Medium,FLASHING TRAFFIC SIGNAL,NONE DETECTED,Yes,No Apparent Injury,N/A,UNKNOWN,MD,PASSENGER CAR,MOVING CONSTANT SPEED,35,No,2007,TOYOTA,PRIUS,39.13996697,-77.19561502,2022,7,5
220030527,Property Damage Crash,07/16/2022 03:00:00 AM,ROCKLEDGE BLVD,NA,SAME DIR REAR END,Clear,DRY,Medium,TRAFFIC SIGNAL,NONE DETECTED,No,No Apparent Injury,N/A,NOT DISTRACTED,VA,PASSENGER CAR,STOPPED IN TRAFFIC LANE,25,No,2018,TOYOTA,HIGHLANDER,39.03116495,-77.13169908,2022,7,3
220030527,Property Damage Crash,07/16/2022 03:00:00 AM,ROCKLEDGE BLVD,NA,SAME DIR REAR END,Clear,DRY,Medium,TRAFFIC SIGNAL,NONE DETECTED,Yes,No Apparent Injury,N/A,NOT DISTRACTED,NA,PASSENGER CAR,MOVING CONSTANT SPEED,25,No,2014,FORD,SD,39.03116495,-77.13169908,2022,7,3
220030518,Property Damage Crash,07/16/2022 12:52:00 AM,W JEFFERSON ST,NA,SAME DIRECTION SIDESWIPE,Clear,DRY,Medium,N/A,NONE DETECTED,No,No Apparent Injury,N/A,NOT DISTRACTED,MD,PASSENGER CAR,MOVING CONSTANT SPEED,35,No,2015,NISS,4S,39.083273,-77.15614583,2022,7,0
220030518,Property Damage Crash,07/16/2022 12:52:00 AM,W JEFFERSON ST,NA,SAME DIRECTION SIDESWIPE,Clear,DRY,Medium,N/A,NONE DETECTED,Yes,No Apparent Injury,N/A,NOT DISTRACTED,NA,UNKNOWN,MOVING CONSTANT SPEED,35,No,0,UNKNOWN,UNKNOWN,39.083273,-77.15614583,2022,7,0
222003050,Injury Crash,07/15/2022 10:29:00 PM,CONNECTICUT AVE,NA,STRAIGHT MOVEMENT ANGLE,Clear,DRY,Medium,TRAFFIC SIGNAL,DRUG PRESENT,Yes,Possible Minor Injury,N/A,NOT DISTRACTED,MD,PASSENGER CAR,MOVING CONSTANT SPEED,35,No,2017,HYUNDAI,SONOTA,38.98758333,-77.07708,2022,7,22
222003050,Injury Crash,07/15/2022 10:29:00 PM,CONNECTICUT AVE,NA,STRAIGHT MOVEMENT ANGLE,Clear,DRY,Medium,TRAFFIC SIGNAL,NONE DETECTED,No,No Apparent Injury,N/A,NOT DISTRACTED,NJ,PASSENGER CAR,STOPPED IN TRAFFIC LANE,35,No,2018,CHEVY,CRUZE,38.98758333,-77.07708,2022,7,22
222003050,Injury Crash,07/15/2022 10:29:00 PM,CONNECTICUT AVE,NA,STRAIGHT MOVEMENT ANGLE,Clear,DRY,Medium,TRAFFIC SIGNAL,NONE DETECTED,No,Possible Minor Injury,N/A,NOT DISTRACTED,MD,(SPORT) UTILITY VEHICLE,MOVING CONSTANT SPEED,35,No,2015,PORS,SW,38.98758333,-77.07708,2022,7,22
220030510,Property Damage Crash,07/15/2022 10:22:00 PM,GEORGIA AVE,NA,SAME DIRECTION SIDESWIPE,Clear,DRY,Medium,NO CONTROLS,NONE DETECTED,No,No Apparent Injury,N/A,NOT DISTRACTED,MD,PASSENGER CAR,MOVING CONSTANT SPEED,35,No,2012,NISSAN,ALTIMA,39.02360667,-77.04526567,2022,7,22
220030510,Property Damage Crash,07/15/2022 10:22:00 PM,GEORGIA AVE,NA,SAME DIRECTION SIDESWIPE,Clear,DRY,Medium,NO CONTROLS,NONE DETECTED,Yes,No Apparent Injury,N/A,UNKNOWN,MD,(SPORT) UTILITY VEHICLE,CHANGING LANES,35,No,2022,TOYOTA,COROLLA CROSS,39.02360667,-77.04526567,2022,7,22
220030503,Injury Crash,07/15/2022 10:11:00 PM,GOSHEN RD,NA,SAME DIR REAR END,Clear,DRY,Medium,TRAFFIC SIGNAL,NONE DETECTED,No,No Apparent Injury,N/A,NOT DISTRACTED,MD,PASSENGER CAR,STOPPED IN TRAFFIC LANE,35,No,2022,HYUN,TUCSON,39.18478,-77.18756667,2022,7,22
220030503,Injury Crash,07/15/2022 10:11:00 PM,GOSHEN RD,NA,SAME DIR REAR END,Clear,DRY,Medium,TRAFFIC SIGNAL,NONE DETECTED,No,Possible Minor Injury,N/A,NOT DISTRACTED,MD,PASSENGER CAR,STOPPED IN TRAFFIC LANE,35,No,2018,NISSAN,MURANO,39.18478,-77.18756667,2022,7,22
220030503,Injury Crash,07/15/2022 10:11:00 PM,GOSHEN RD,NA,SAME DIR REAR END,Clear,DRY,Medium,TRAFFIC SIGNAL,NONE DETECTED,No,No Apparent Injury,N/A,NOT DISTRACTED,MD,PASSENGER CAR,STOPPED IN TRAFFIC LANE,35,No,2017,TOYT,SEDAN,39.18478,-77.18756667,2022,7,22
220030503,Injury Crash,07/15/2022 10:11:00 PM,GOSHEN RD,NA,SAME DIR REAR END,Clear,DRY,Medium,TRAFFIC SIGNAL,NONE DETECTED,Yes,No Apparent Injury,N/A,INATTENTIVE OR LOST IN THOUGHT,MD,PASSENGER CAR,MOVING CONSTANT SPEED,35,No,2010,JEEP,LIBERTY,39.18478,-77.18756667,2022,7,22
220030503,Injury Crash,07/15/2022 10:11:00 PM,GOSHEN RD,NA,SAME DIR REAR END,Clear,DRY,Medium,TRAFFIC SIGNAL,NONE DETECTED,No,Possible Minor Injury,N/A,NOT DISTRACTED,MD,PASSENGER CAR,STOPPED IN TRAFFIC LANE,35,No,2019,TOYT,RAV4,39.18478,-77.18756667,2022,7,22
220030502,Property Damage Crash,07/15/2022 09:52:00 PM,GIRARD ST,NA,SAME DIRECTION SIDESWIPE,Clear,DRY,Medium,NO CONTROLS,NONE DETECTED,No,No Apparent Injury,N/A,NOT DISTRACTED,MD,PASSENGER CAR,MOVING CONSTANT SPEED,30,No,2003,NISSAN,4S,39.14809851,-77.19582115,2022,7,21
220030502,Property Damage Crash,07/15/2022 09:52:00 PM,GIRARD ST,NA,SAME DIRECTION SIDESWIPE,Clear,DRY,Medium,NO CONTROLS,NONE DETECTED,Yes,No Apparent Injury,N/A,UNKNOWN,NA,PASSENGER CAR,MAKING RIGHT TURN,30,No,2019,JEEP,TK,39.14809851,-77.19582115,2022,7,21
220030495,Injury Crash,07/15/2022 09:20:00 PM,E DIAMOND AVE,PEDESTRIAN,SINGLE VEHICLE,Clear,DRY,Medium,NO CONTROLS,NONE DETECTED,No,No Apparent Injury,N/A,NOT DISTRACTED,MD,PASSENGER CAR,SLOWING OR STOPPING,25,No,2012,HONDA,SD,39.13991223,-77.19555445,2022,7,21
220030486,Property Damage Crash,07/15/2022 07:14:00 PM,ROCKVILLE PIKE,NA,OTHER,Clear,DRY,Daylight,NO CONTROLS,NONE DETECTED,No,No Apparent Injury,N/A,NOT DISTRACTED,MD,PASSENGER CAR,PARKED,15,No,2004,ACURA,32TL,39.0552,-77.1186,2022,7,19
220030486,Property Damage Crash,07/15/2022 07:14:00 PM,ROCKVILLE PIKE,NA,OTHER,Clear,DRY,Daylight,NO CONTROLS,NONE DETECTED,Yes,No Apparent Injury,N/A,UNKNOWN,NA,PASSENGER CAR,OTHER,15,No,2009,HONDA,CRV,39.0552,-77.1186,2022,7,19
220030480,Injury Crash,07/15/2022 06:50:00 PM,ODENDHAL AVE,NA,SAME DIR REAR END,Clear,DRY,Daylight,TRAFFIC SIGNAL,NONE DETECTED,Yes,No Apparent Injury,N/A,UNKNOWN,MD,PASSENGER CAR,MAKING LEFT TURN,35,No,2014,BMW,3 SERIES,39.152235,-77.19242,2022,7,18
220030480,Injury Crash,07/15/2022 06:50:00 PM,ODENDHAL AVE,NA,SAME DIR REAR END,Clear,DRY,Daylight,TRAFFIC SIGNAL,NONE DETECTED,No,Possible Minor Injury,N/A,NOT DISTRACTED,MD,PASSENGER CAR,MOVING CONSTANT SPEED,35,No,2022,JEEP,CHEROKEE,39.152235,-77.19242,2022,7,18
220030478,Property Damage Crash,07/15/2022 06:44:00 PM,NORBECK RD,NA,SAME DIR REAR END,Clear,DRY,Daylight,TRAFFIC SIGNAL,NONE DETECTED,Yes,No Apparent Injury,N/A,NOT DISTRACTED,MD,PASSENGER CAR,STARTING FROM LANE,35,No,2013,MAZDA,3,39.10964333,-77.07503,2022,7,18
220030478,Property Damage Crash,07/15/2022 06:44:00 PM,NORBECK RD,NA,SAME DIR REAR END,Clear,DRY,Daylight,TRAFFIC SIGNAL,NONE DETECTED,No,No Apparent Injury,N/A,NOT DISTRACTED,MD,PASSENGER CAR,STOPPED IN TRAFFIC LANE,35,No,2018,FORD,CMAX,39.10964333,-77.07503,2022,7,18
220030479,Property Damage Crash,07/15/2022 06:41:00 PM,GEORGIA AVE,NA,STRAIGHT MOVEMENT ANGLE,Clear,DRY,Daylight,NO CONTROLS,NONE DETECTED,Yes,No Apparent Injury,N/A,LOOKED BUT DID NOT SEE,MA,PASSENGER CAR,MAKING LEFT TURN,35,No,2004,VOLK,HB,39.04576167,-76.99083167,2022,7,18
220030479,Property Damage Crash,07/15/2022 06:41:00 PM,GEORGIA AVE,NA,STRAIGHT MOVEMENT ANGLE,Clear,DRY,Daylight,NO CONTROLS,NONE DETECTED,No,No Apparent Injury,N/A,NOT DISTRACTED,MD,PASSENGER CAR,MOVING CONSTANT SPEED,35,No,2021,HYUNDAI,HB,39.04576167,-76.99083167,2022,7,18
220030481,Property Damage Crash,07/15/2022 06:12:00 PM,NEW HAMPSHIRE AVE,NA,OTHER,Clear,DRY,Daylight,TRAFFIC SIGNAL,NONE DETECTED,No,No Apparent Injury,N/A,NOT DISTRACTED,MD,PASSENGER CAR,STOPPED IN TRAFFIC LANE,35,No,2015,LEXUS,TK,38.9804602,-76.9895385,2022,7,18
220030481,Property Damage Crash,07/15/2022 06:12:00 PM,NEW HAMPSHIRE AVE,NA,OTHER,Clear,DRY,Daylight,TRAFFIC SIGNAL,NONE DETECTED,Yes,No Apparent Injury,N/A,UNKNOWN,NC,PASSENGER CAR,MOVING CONSTANT SPEED,35,No,2020,NISSAN,PATHFINDER,38.9804602,-76.9895385,2022,7,18
220030477,Property Damage Crash,07/15/2022 06:03:00 PM,NA,NA,OTHER,Clear,NA,Daylight,N/A,NONE DETECTED,Yes,No Apparent Injury,N/A,UNKNOWN,DC,PASSENGER CAR,BACKING,10,No,2008,NISS,ALTIMA,38.9975277,-77.04078974,2022,7,18
220030483,Property Damage Crash,07/15/2022 06:02:00 PM,CHERRY HILL RD,NA,SAME DIR REAR END,Clear,DRY,Daylight,TRAFFIC SIGNAL,NONE DETECTED,Yes,No Apparent Injury,N/A,LOOKED BUT DID NOT SEE,XX,PASSENGER CAR,SLOWING OR STOPPING,40,No,2011,LEXUS,ES,39.04578333,-76.990555,2022,7,18
220030483,Property Damage Crash,07/15/2022 06:02:00 PM,CHERRY HILL RD,NA,SAME DIR REAR END,Clear,DRY,Daylight,TRAFFIC SIGNAL,NONE DETECTED,No,No Apparent Injury,N/A,NOT DISTRACTED,MD,PASSENGER CAR,MOVING CONSTANT SPEED,40,No,2018,SUBARU,OUTBACK,39.04578333,-76.990555,2022,7,18
220030286,Injury Crash,07/15/2022 05:12:00 PM,LOCKWOOD DR,PEDESTRIAN,OTHER,Clear,DRY,Daylight,NO CONTROLS,NONE DETECTED,Yes,No Apparent Injury,N/A,LOOKED BUT DID NOT SEE,MD,TRANSIT BUS,MOVING CONSTANT SPEED,30,No,2020,NOVA,BU,39.05324833,-76.96290833,2022,7,17
220030459,Property Damage Crash,07/15/2022 05:06:00 PM,BELLE CREST LA,NA,HEAD ON,Clear,DRY,Daylight,NO CONTROLS,NONE DETECTED,No,No Apparent Injury,N/A,NOT DISTRACTED,MD,PASSENGER CAR,SLOWING OR STOPPING,15,No,2021,MAZDA,6,39.075495,-77.053745,2022,7,17
220030459,Property Damage Crash,07/15/2022 05:06:00 PM,BELLE CREST LA,NA,HEAD ON,Clear,DRY,Daylight,NO CONTROLS,NONE DETECTED,Yes,No Apparent Injury,N/A,LOOKED BUT DID NOT SEE,MD,PASSENGER CAR,MAKING RIGHT TURN,35,No,2015,TOYOTA,RAV 4,39.075495,-77.053745,2022,7,17
220030454,Property Damage Crash,07/15/2022 05:00:00 PM,GEORGIA AVE,NA,SAME DIR REAR END,Clear,DRY,Daylight,TRAFFIC SIGNAL,NONE DETECTED,No,No Apparent Injury,N/A,NOT DISTRACTED,MD,PASSENGER CAR,STOPPED IN TRAFFIC LANE,35,No,2019,CHRY,TK,39.09395417,-77.0796125,2022,7,17