Local Case Number,ACRS Report Type,Crash Date/Time,Road Name,Related Non-Motorist,Collision Type,Weather,Surface Condition,Light,Traffic Control,Driver Substance Abuse,Driver At Fault,Injury Severity,Circumstance,Driver Distracted By,Drivers License State,Vehicle Body Type,Vehicle Movement,Speed Limit,Driverless Vehicle,Vehicle Year,Vehicle Make,Vehicle Model,Latitude,Longitude,Year,Month,Hour
220030454,Property Damage Crash,07/15/2022 05:00:00 PM,GEORGIA AVE,NA,SAME DIR REAR END,Clear,DRY,Daylight,TRAFFIC SIGNAL,NONE DETECTED,Yes,No Apparent Injury,N/A,NOT DISTRACTED,MD,PASSENGER CAR,SLOWING OR STOPPING,35,No,2010,HOND,4S,39.09395417,-77.0796125,2022,7,17
220030454,Property Damage Crash,07/15/2022 05:00:00 PM,GEORGIA AVE,NA,SAME DIR REAR END,Clear,DRY,Daylight,TRAFFIC SIGNAL,NONE DETECTED,No,No Apparent Injury,N/A,NOT DISTRACTED,DC,PASSENGER CAR,STOPPED IN TRAFFIC LANE,35,No,2015,CHEVY,EQUINOX,39.09395417,-77.0796125,2022,7,17
220030460,Property Damage Crash,07/15/2022 04:57:00 PM,TWINBROOK PKWY,NA,SAME DIR REAR END,Clear,DRY,Daylight,NO CONTROLS,NONE DETECTED,Yes,No Apparent Injury,N/A,UNKNOWN,MD,PASSENGER CAR,OTHER,30,No,2012,HONDA,ACCORD,39.073,-77.1125,2022,7,16
220030460,Property Damage Crash,07/15/2022 04:57:00 PM,TWINBROOK PKWY,NA,SAME DIR REAR END,Clear,DRY,Daylight,NO CONTROLS,NONE DETECTED,No,No Apparent Injury,N/A,NOT DISTRACTED,MD,PASSENGER CAR,STOPPED IN TRAFFIC LANE,30,No,2005,TOYOTA,COROLLA,39.073,-77.1125,2022,7,16
220030448,Property Damage Crash,07/15/2022 04:17:00 PM,NA,NA,SAME DIRECTION RIGHT TURN,Clear,NA,Daylight,NO CONTROLS,NONE DETECTED,No,No Apparent Injury,N/A,NOT DISTRACTED,MD,"CARGO VAN/LIGHT TRUCK 2 AXLES (OVER 10,000LBS (4,536 KG))",STARTING FROM PARKED,5,No,2016,FORD,TRUCK,39.023173130000004,-77.04522112,2022,7,16
220030448,Property Damage Crash,07/15/2022 04:17:00 PM,NA,NA,SAME DIRECTION RIGHT TURN,Clear,NA,Daylight,NO CONTROLS,NONE DETECTED,Yes,No Apparent Injury,N/A,LOOKED BUT DID NOT SEE,MD,PASSENGER CAR,STARTING FROM LANE,5,No,2007,NISSAN,SENTRA,39.023173130000004,-77.04522112,2022,7,16
220030449,Property Damage Crash,07/15/2022 03:57:00 PM,BRINK RD,NA,STRAIGHT MOVEMENT ANGLE,Clear,DRY,Daylight,STOP SIGN,NONE DETECTED,Yes,No Apparent Injury,N/A,NOT DISTRACTED,MD,(SPORT) UTILITY VEHICLE,STARTING FROM PARKED,40,No,2000,AMGN,UT,39.204101,-77.20781267,2022,7,15
220030449,Property Damage Crash,07/15/2022 03:57:00 PM,BRINK RD,NA,STRAIGHT MOVEMENT ANGLE,Clear,DRY,Daylight,STOP SIGN,NONE DETECTED,No,No Apparent Injury,N/A,NOT DISTRACTED,MD,PASSENGER CAR,MOVING CONSTANT SPEED,40,No,2019,DODG,4S,39.204101,-77.20781267,2022,7,15
22003463,Property Damage Crash,07/15/2022 03:38:00 PM,WISCONSIN AVE,NA,HEAD ON LEFT TURN,Clear,DRY,Daylight,TRAFFIC SIGNAL,NONE DETECTED,No,No Apparent Injury,N/A,NOT DISTRACTED,MA,PASSENGER CAR,MOVING CONSTANT SPEED,35,No,2009,FORD,FUSION,38.977295,-77.09114167,2022,7,15
22003463,Property Damage Crash,07/15/2022 03:38:00 PM,WISCONSIN AVE,NA,HEAD ON LEFT TURN,Clear,DRY,Daylight,TRAFFIC SIGNAL,NONE DETECTED,Yes,No Apparent Injury,N/A,LOOKED BUT DID NOT SEE,MD,PASSENGER CAR,MAKING U TURN,35,No,2022,JEEP,RUBICON,38.977295,-77.09114167,2022,7,15
220030444,Property Damage Crash,07/15/2022 03:31:00 PM,NEW HAMPSHIRE AVE,NA,SINGLE VEHICLE,Clear,DRY,Daylight,NO CONTROLS,NONE DETECTED,Yes,No Apparent Injury,N/A,INATTENTIVE OR LOST IN THOUGHT,MD,PASSENGER CAR,MOVING CONSTANT SPEED,45,No,2015,HONDA,CIVIC,39.12681617,-76.990076,2022,7,15
220030439,Property Damage Crash,07/15/2022 02:42:00 PM,VEIRS MILL RD,NA,SAME DIR REAR END,Clear,DRY,Daylight,TRAFFIC SIGNAL,NONE DETECTED,No,No Apparent Injury,N/A,NOT DISTRACTED,MD,PASSENGER CAR,SLOWING OR STOPPING,35,No,2002,LEXUS,ES,39.04415833,-77.06343333,2022,7,14
220030439,Property Damage Crash,07/15/2022 02:42:00 PM,VEIRS MILL RD,NA,SAME DIR REAR END,Clear,DRY,Daylight,TRAFFIC SIGNAL,NONE DETECTED,No,No Apparent Injury,N/A,NOT DISTRACTED,MD,PASSENGER CAR,SLOWING OR STOPPING,35,No,2008,TOYOTA,CAMRY,39.04415833,-77.06343333,2022,7,14
220030439,Property Damage Crash,07/15/2022 02:42:00 PM,VEIRS MILL RD,NA,SAME DIR REAR END,Clear,DRY,Daylight,TRAFFIC SIGNAL,NONE DETECTED,Yes,No Apparent Injury,N/A,NOT DISTRACTED,MD,VAN,SLOWING OR STOPPING,35,No,2016,FORD,TRANSIT 250,39.04415833,-77.06343333,2022,7,14
220030430,Property Damage Crash,07/15/2022 02:05:00 PM,FLOWER AVE,NA,OPPOSITE DIRECTION SIDESWIPE,Clear,DRY,Daylight,NO CONTROLS,NONE DETECTED,No,No Apparent Injury,N/A,NOT DISTRACTED,MD,PASSENGER CAR,MOVING CONSTANT SPEED,25,No,2020,CHEVROLET,SILVERADO,39.00696167,-77.00778167,2022,7,14
220030430,Property Damage Crash,07/15/2022 02:05:00 PM,FLOWER AVE,NA,OPPOSITE DIRECTION SIDESWIPE,Clear,DRY,Daylight,NO CONTROLS,NONE DETECTED,Yes,No Apparent Injury,N/A,NOT DISTRACTED,MD,PASSENGER CAR,MOVING CONSTANT SPEED,25,No,2021,HYUNDAI,IONIQ,39.00696167,-77.00778167,2022,7,14
220030434,Property Damage Crash,07/15/2022 02:01:00 PM,DAMASCUS RD,NA,SINGLE VEHICLE,Clear,DRY,Daylight,NO CONTROLS,NONE DETECTED,Yes,No Apparent Injury,N/A,NOT DISTRACTED,MD,VAN,NEGOTIATING A CURVE,40,No,2005,TOYT,SIENNA PV,39.229225,-77.08526167,2022,7,14
220030422,Property Damage Crash,07/15/2022 01:22:00 PM,NA,NA,OTHER,Clear,NA,Daylight,NO CONTROLS,NONE DETECTED,Yes,No Apparent Injury,N/A,UNKNOWN,MD,PASSENGER CAR,STARTING FROM PARKED,5,No,2010,HONDA,ELEMENT,38.98362217,-76.9874365,2022,7,13
220030422,Property Damage Crash,07/15/2022 01:22:00 PM,NA,NA,OTHER,Clear,NA,Daylight,NO CONTROLS,NONE DETECTED,No,No Apparent Injury,N/A,NOT DISTRACTED,MD,PASSENGER CAR,PARKED,5,No,2022,MAZDA,UT,38.98362217,-76.9874365,2022,7,13
220030411,Property Damage Crash,07/15/2022 11:22:00 AM,TUCKER LA,NA,SINGLE VEHICLE,Clear,DRY,Daylight,NO CONTROLS,NONE DETECTED,Yes,No Apparent Injury,N/A,LOOKED BUT DID NOT SEE,MD,SCHOOL BUS,BACKING,25,No,2019,FREIGHT,BUS,39.14136667,-76.99733667,2022,7,11
220030396,Property Damage Crash,07/15/2022 10:48:00 AM,COLUMBIA PIKE,NA,STRAIGHT MOVEMENT ANGLE,Clear,DRY,Daylight,TRAFFIC SIGNAL,NONE DETECTED,No,No Apparent Injury,N/A,NOT DISTRACTED,MD,PASSENGER CAR,STARTING FROM LANE,35,No,2009,TOYOTA,CAMRY LE,39.10413883,-76.93280517,2022,7,10
220030396,Property Damage Crash,07/15/2022 10:48:00 AM,COLUMBIA PIKE,NA,STRAIGHT MOVEMENT ANGLE,Clear,DRY,Daylight,TRAFFIC SIGNAL,NONE DETECTED,Yes,No Apparent Injury,N/A,NOT DISTRACTED,MD,(SPORT) UTILITY VEHICLE,MOVING CONSTANT SPEED,35,No,2017,CHEVY,EQUINOX,39.10413883,-76.93280517,2022,7,10
220030386,Property Damage Crash,07/15/2022 10:15:00 AM,JEFFRY ST,NA,STRAIGHT MOVEMENT ANGLE,Clear,DRY,Daylight,NO CONTROLS,NONE DETECTED,Yes,No Apparent Injury,N/A,LOOKED BUT DID NOT SEE,VA,PASSENGER CAR,MAKING U TURN,20,No,1995,LAND ROVER,RANGE ROVER,39.06629167,-77.07653167,2022,7,10
220030386,Property Damage Crash,07/15/2022 10:15:00 AM,JEFFRY ST,NA,STRAIGHT MOVEMENT ANGLE,Clear,DRY,Daylight,NO CONTROLS,NONE DETECTED,No,No Apparent Injury,N/A,NOT DISTRACTED,MD,PASSENGER CAR,MOVING CONSTANT SPEED,20,No,2016,TOYT,COROLLA,39.06629167,-77.07653167,2022,7,10
220030376,Injury Crash,07/15/2022 09:12:00 AM,W MONTGOMERY AVE,NA,SAME DIR REAR END,Clear,DRY,Daylight,TRAFFIC SIGNAL,NONE DETECTED,No,Possible Minor Injury,N/A,NOT DISTRACTED,MD,PASSENGER CAR,MOVING CONSTANT SPEED,45,No,2012,NISSAN,TK,39.08818967,-77.177066,2022,7,9
220030376,Injury Crash,07/15/2022 09:12:00 AM,W MONTGOMERY AVE,NA,SAME DIR REAR END,Clear,DRY,Daylight,TRAFFIC SIGNAL,NONE DETECTED,Yes,No Apparent Injury,N/A,NOT DISTRACTED,MD,VAN,MOVING CONSTANT SPEED,45,No,2014,RAM,VN,39.08818967,-77.177066,2022,7,9
220030374,Injury Crash,07/15/2022 09:02:00 AM,COLUMBIA PIKE,NA,SAME DIRECTION LEFT TURN,Clear,DRY,Daylight,TRAFFIC SIGNAL,NONE DETECTED,Yes,No Apparent Injury,N/A,LOOKED BUT DID NOT SEE,MD,(SPORT) UTILITY VEHICLE,MAKING LEFT TURN,35,No,2015,HONDA,CRV,39.03094,-77.00489333,2022,7,9
220030374,Injury Crash,07/15/2022 09:02:00 AM,COLUMBIA PIKE,NA,SAME DIRECTION LEFT TURN,Clear,DRY,Daylight,TRAFFIC SIGNAL,NONE DETECTED,No,Possible Minor Injury,N/A,NOT DISTRACTED,MD,(SPORT) UTILITY VEHICLE,MOVING CONSTANT SPEED,35,No,2014,GMC,TERRAIN,39.03094,-77.00489333,2022,7,9
220030372,Property Damage Crash,07/15/2022 08:18:00 AM,NA,NA,OTHER,Clear,NA,Daylight,NO CONTROLS,NONE DETECTED,Unknown,No Apparent Injury,N/A,NOT DISTRACTED,MD,(SPORT) UTILITY VEHICLE,STARTING FROM PARKED,5,No,2017,HYUN,TUCSON,39.09636417,-76.92320767,2022,7,8
220030372,Property Damage Crash,07/15/2022 08:18:00 AM,NA,NA,OTHER,Clear,NA,Daylight,NO CONTROLS,NONE DETECTED,Unknown,No Apparent Injury,N/A,NOT DISTRACTED,MD,"OTHER LIGHT TRUCKS (10,000LBS (4,536KG) OR LESS)",BACKING,5,No,2007,MACK,LE613,39.09636417,-76.92320767,2022,7,8
220030353,Property Damage Crash,07/15/2022 02:35:00 AM,FENTON ST,NA,OTHER,Clear,DRY,Medium,NO CONTROLS,ALCOHOL PRESENT,Yes,No Apparent Injury,N/A,NOT DISTRACTED,MD,PASSENGER CAR,MAKING U TURN,30,No,2014,KIA,SOUL,38.99226833,-77.02387833,2022,7,2
220030343,Injury Crash,07/14/2022 11:25:00 PM,UNIVERSITY BLVD E,NA,STRAIGHT MOVEMENT ANGLE,Clear,DRY,Medium,TRAFFIC SIGNAL,ALCOHOL PRESENT,Yes,Possible Minor Injury,N/A,UNKNOWN,XX,PASSENGER CAR,SLOWING OR STOPPING,35,No,1998,TOYOTA,COROLLA,39.01583,-77.005515,2022,7,23
220030343,Injury Crash,07/14/2022 11:25:00 PM,UNIVERSITY BLVD E,NA,STRAIGHT MOVEMENT ANGLE,Clear,DRY,Medium,TRAFFIC SIGNAL,NONE DETECTED,No,Possible Minor Injury,N/A,NOT DISTRACTED,MD,PASSENGER CAR,MOVING CONSTANT SPEED,35,No,2005,ACURA,RL,39.01583,-77.005515,2022,7,23
220030337,Property Damage Crash,07/14/2022 09:45:00 PM,NA,NA,SAME DIR REAR END,Clear,NA,Medium,NO CONTROLS,NONE DETECTED,Yes,No Apparent Injury,N/A,LOOKED BUT DID NOT SEE,MD,PASSENGER CAR,BACKING,25,No,2019,HONDA,PILOT,39.17043167,-77.08246667,2022,7,21
220030325,Property Damage Crash,07/14/2022 08:35:00 PM,NA,NA,STRAIGHT MOVEMENT ANGLE,Clear,NA,Medium,N/A,NONE DETECTED,No,No Apparent Injury,N/A,NOT DISTRACTED,MD,PASSENGER CAR,PARKED,0,No,2008,HONDA,CIVIC,38.99902255,-77.00230263,2022,7,20
220030325,Property Damage Crash,07/14/2022 08:35:00 PM,NA,NA,STRAIGHT MOVEMENT ANGLE,Clear,NA,Medium,N/A,NONE DETECTED,Yes,No Apparent Injury,N/A,UNKNOWN,NA,PASSENGER CAR,STARTING FROM PARKED,0,No,2018,TOYOTA,RAV-4,38.99902255,-77.00230263,2022,7,20
220030313,Property Damage Crash,07/14/2022 08:00:00 PM,NEW HAMPSHIRE AVE,NA,SAME DIR REAR END,Clear,DRY,Daylight,NO CONTROLS,ALCOHOL PRESENT,Yes,No Apparent Injury,N/A,INATTENTIVE OR LOST IN THOUGHT,MD,PASSENGER CAR,MOVING CONSTANT SPEED,35,No,2001,TOYOTA,2D,39.04566517,-76.9910695,2022,7,20
220030313,Property Damage Crash,07/14/2022 08:00:00 PM,NEW HAMPSHIRE AVE,NA,SAME DIR REAR END,Clear,DRY,Daylight,NO CONTROLS,NONE DETECTED,No,No Apparent Injury,N/A,NOT DISTRACTED,MD,PASSENGER CAR,MOVING CONSTANT SPEED,35,No,2017,HYUNDAI,4D,39.04566517,-76.9910695,2022,7,20
220030317,Injury Crash,07/14/2022 07:45:00 PM,S FREDERICK RD,NA,SAME DIR REAR END,Clear,DRY,Daylight,TRAFFIC SIGNAL,NONE DETECTED,No,No Apparent Injury,N/A,NOT DISTRACTED,MD,PASSENGER CAR,SLOWING OR STOPPING,35,No,2008,TOYOTA,SIENNA,39.13632367,-77.19274233,2022,7,19
220030317,Injury Crash,07/14/2022 07:45:00 PM,S FREDERICK RD,NA,SAME DIR REAR END,Clear,DRY,Daylight,TRAFFIC SIGNAL,NONE DETECTED,Yes,No Apparent Injury,N/A,INATTENTIVE OR LOST IN THOUGHT,MD,PASSENGER CAR,SLOWING OR STOPPING,35,No,2018,LINCOLN,LINCOLN,39.13632367,-77.19274233,2022,7,19
220030322,Fatal Crash,07/14/2022 07:28:00 PM,INTERCOUNTY CONNECTOR,NA,SAME DIR REAR END,Clear,DRY,Daylight,NO CONTROLS,NONE DETECTED,Yes,Fatal Injury,N/A,UNKNOWN,MD,MOTORCYCLE,UNKNOWN,60,No,2020,BMW,S 1000 RR,39.126364,-77.104998,2022,7,19
220030322,Fatal Crash,07/14/2022 07:28:00 PM,INTERCOUNTY CONNECTOR,NA,SAME DIR REAR END,Clear,DRY,Daylight,NO CONTROLS,NONE DETECTED,No,Possible Minor Injury,N/A,NOT DISTRACTED,MD,POLICE VEHICLE/EMERGENCY,MAKING LEFT TURN,60,No,2018,DODGE,CHARGER,39.126364,-77.104998,2022,7,19
22001203,Property Damage Crash,07/14/2022 06:45:00 PM,FATHER HURLEY BLVD,NA,SINGLE VEHICLE,Cloudy,DRY,Daylight,TRAFFIC SIGNAL,NONE DETECTED,Unknown,No Apparent Injury,N/A,LOOKED BUT DID NOT SEE,MD,PASSENGER CAR,MOVING CONSTANT SPEED,45,No,2015,FORD,ESCAPE,39.1961045,-77.26636117,2022,7,18
220030307,Property Damage Crash,07/14/2022 06:35:00 PM,AIRPARK RD,NA,SAME DIR REAR END,Clear,DRY,Daylight,N/A,NONE DETECTED,Yes,No Apparent Injury,N/A,NOT DISTRACTED,MD,PASSENGER CAR,SLOWING OR STOPPING,45,No,2002,ACURA,NSX,39.14908,-77.146665,2022,7,18
220030307,Property Damage Crash,07/14/2022 06:35:00 PM,AIRPARK RD,NA,SAME DIR REAR END,Clear,DRY,Daylight,N/A,NONE DETECTED,No,No Apparent Injury,N/A,NOT DISTRACTED,MD,VAN,ACCELERATING,45,No,2019,MERCEDES,SPRINTER 2500,39.14908,-77.146665,2022,7,18
220030299,Property Damage Crash,07/14/2022 06:21:00 PM,MUDDY BRANCH RD,NA,SAME DIR REAR END,Clear,DRY,Daylight,TRAFFIC SIGNAL,NONE DETECTED,No,No Apparent Injury,N/A,NOT DISTRACTED,MD,PASSENGER CAR,STOPPED IN TRAFFIC LANE,45,No,2022,TOYT,UT,39.11477117,-77.21590917,2022,7,18
220030299,Property Damage Crash,07/14/2022 06:21:00 PM,MUDDY BRANCH RD,NA,SAME DIR REAR END,Clear,DRY,Daylight,TRAFFIC SIGNAL,NONE DETECTED,Yes,No Apparent Injury,N/A,LOOKED BUT DID NOT SEE,MD,PASSENGER CAR,MOVING CONSTANT SPEED,45,No,2016,HYUN,4S,39.11477117,-77.21590917,2022,7,18
220030296,Property Damage Crash,07/14/2022 05:46:00 PM,TWINBROOK PKWY,NA,OTHER,Clear,DRY,Daylight,TRAFFIC SIGNAL,NONE DETECTED,Yes,No Apparent Injury,N/A,NOT DISTRACTED,MA,AMBULANCE/NON EMERGENCY,SLOWING OR STOPPING,35,No,2016,FREIGHT,TRUCK,39.07306833,-77.11221667,2022,7,17
220030296,Property Damage Crash,07/14/2022 05:46:00 PM,TWINBROOK PKWY,NA,OTHER,Clear,DRY,Daylight,TRAFFIC SIGNAL,NONE DETECTED,No,No Apparent Injury,N/A,NOT DISTRACTED,MD,PASSENGER CAR,STOPPED IN TRAFFIC LANE,35,No,2021,CHEVROLET,TAHOE,39.07306833,-77.11221667,2022,7,17
220030290,Property Damage Crash,07/14/2022 05:30:00 PM,WISTERIA DR,NA,OTHER,Clear,DRY,Daylight,NO CONTROLS,NONE DETECTED,Yes,No Apparent Injury,N/A,UNKNOWN,MD,(SPORT) UTILITY VEHICLE,MAKING U TURN,30,No,2019,VOLKSWAGON,SUV,39.17892833,-77.27353667,2022,7,17
220030290,Property Damage Crash,07/14/2022 05:30:00 PM,WISTERIA DR,NA,OTHER,Clear,DRY,Daylight,NO CONTROLS,NONE DETECTED,No,No Apparent Injury,N/A,NOT DISTRACTED,MD,(SPORT) UTILITY VEHICLE,UNKNOWN,30,No,2019,KIA,NOIR,39.17892833,-77.27353667,2022,7,17
220030285,Property Damage Crash,07/14/2022 05:10:00 PM,CHURCH ST,NA,SAME DIRECTION SIDESWIPE,Clear,DRY,Daylight,TRAFFIC SIGNAL,NONE DETECTED,Yes,No Apparent Injury,N/A,UNKNOWN,MD,TRANSIT BUS,MAKING RIGHT TURN,5,No,2013,METRO,BUS,39.08356617,-77.14618367,2022,7,17
220030285,Property Damage Crash,07/14/2022 05:10:00 PM,CHURCH ST,NA,SAME DIRECTION SIDESWIPE,Clear,DRY,Daylight,TRAFFIC SIGNAL,NONE DETECTED,No,No Apparent Injury,N/A,NOT DISTRACTED,MD,PASSENGER CAR,STOPPED IN TRAFFIC LANE,5,No,2015,LEXS,UT,39.08356617,-77.14618367,2022,7,17
220028446,Property Damage Crash,07/14/2022 04:38:00 PM,COLESVILLE RD,NA,SAME DIR BOTH LEFT TURN,Clear,DRY,Daylight,NO CONTROLS,NONE DETECTED,No,No Apparent Injury,N/A,NOT DISTRACTED,MD,PASSENGER CAR,MOVING CONSTANT SPEED,35,No,2011,HYUNDAI,SD,38.9961548,-77.0280347,2022,7,16
220028446,Property Damage Crash,07/14/2022 04:38:00 PM,COLESVILLE RD,NA,SAME DIR BOTH LEFT TURN,Clear,DRY,Daylight,NO CONTROLS,NONE DETECTED,Yes,No Apparent Injury,N/A,LOOKED BUT DID NOT SEE,NA,PASSENGER CAR,CHANGING LANES,35,No,2015,JEEP,4D,38.9961548,-77.0280347,2022,7,16
220030399,Property Damage Crash,07/14/2022 04:00:00 PM,NA,NA,OTHER,Clear,NA,Daylight,N/A,NONE DETECTED,Yes,No Apparent Injury,N/A,UNKNOWN,XX,PASSENGER CAR,BACKING,5,No,2007,TOYOTA,RAV4,39.07676629,-77.11714305,2022,7,16
220030263,Injury Crash,07/14/2022 02:30:00 PM,RANDOLPH RD,NA,SAME DIR REAR END,Clear,DRY,Daylight,TRAFFIC SIGNAL,NONE DETECTED,No,No Apparent Injury,N/A,NOT DISTRACTED,MD,PASSENGER CAR,STOPPED IN TRAFFIC LANE,45,No,2022,KIA,NIRO,39.11849833,-77.07455667,2022,7,14
220030263,Injury Crash,07/14/2022 02:30:00 PM,RANDOLPH RD,NA,SAME DIR REAR END,Clear,DRY,Daylight,TRAFFIC SIGNAL,NONE DETECTED,Yes,Possible Minor Injury,N/A,UNKNOWN,MD,PASSENGER CAR,SLOWING OR STOPPING,45,No,2007,HONDA,CRV,39.11849833,-77.07455667,2022,7,14
220030238,Injury Crash,07/14/2022 12:30:00 PM,CAPITAL BELTWAY,NA,SAME DIRECTION SIDESWIPE,Clear,DRY,Daylight,TRAFFIC SIGNAL,NONE DETECTED,Yes,Possible Minor Injury,N/A,UNKNOWN,MD,(SPORT) UTILITY VEHICLE,MOVING CONSTANT SPEED,25,No,2016,HOND,CRV,39.00677667,-77.07817667,2022,7,12
220030238,Injury Crash,07/14/2022 12:30:00 PM,CAPITAL BELTWAY,NA,SAME DIRECTION SIDESWIPE,Clear,DRY,Daylight,TRAFFIC SIGNAL,NONE DETECTED,No,No Apparent Injury,N/A,NOT DISTRACTED,MD,(SPORT) UTILITY VEHICLE,STOPPED IN TRAFFIC LANE,25,No,2014,NISS,ROGUE,39.00677667,-77.07817667,2022,7,12
220030238,Injury Crash,07/14/2022 12:30:00 PM,CAPITAL BELTWAY,NA,SAME DIRECTION SIDESWIPE,Clear,DRY,Daylight,TRAFFIC SIGNAL,NONE DETECTED,No,No Apparent Injury,N/A,NOT DISTRACTED,MD,(SPORT) UTILITY VEHICLE,STOPPED IN TRAFFIC LANE,25,No,2021,TOYT,RAV4,39.00677667,-77.07817667,2022,7,12
220030240,Injury Crash,07/14/2022 12:30:00 PM,FREDERICK RD,NA,SAME DIRECTION SIDESWIPE,Clear,DRY,Daylight,TRAFFIC SIGNAL,NONE DETECTED,No,No Apparent Injury,N/A,NOT DISTRACTED,MD,PASSENGER CAR,STOPPED IN TRAFFIC LANE,45,No,2012,HYUN,SONATA,39.17765667,-77.23850333,2022,7,12
220030240,Injury Crash,07/14/2022 12:30:00 PM,FREDERICK RD,NA,SAME DIRECTION SIDESWIPE,Clear,DRY,Daylight,TRAFFIC SIGNAL,NONE DETECTED,No,Possible Minor Injury,N/A,NOT DISTRACTED,MD,PASSENGER CAR,MOVING CONSTANT SPEED,45,No,2013,HOND,SD,39.17765667,-77.23850333,2022,7,12
220030240,Injury Crash,07/14/2022 12:30:00 PM,FREDERICK RD,NA,SAME DIRECTION SIDESWIPE,Clear,DRY,Daylight,TRAFFIC SIGNAL,NONE DETECTED,Yes,No Apparent Injury,N/A,NOT DISTRACTED,MD,PASSENGER CAR,CHANGING LANES,45,No,2017,JEEP,TK,39.17765667,-77.23850333,2022,7,12
220030241,Property Damage Crash,07/14/2022 12:25:00 PM,ROCKVILLE PIKE,NA,SAME DIR REAR END,Clear,DRY,Daylight,TRAFFIC SIGNAL,NONE DETECTED,No,No Apparent Injury,N/A,NOT DISTRACTED,MD,(SPORT) UTILITY VEHICLE,SLOWING OR STOPPING,40,No,2009,LNDR,UT,39.03064,-77.105735,2022,7,12
220030241,Property Damage Crash,07/14/2022 12:25:00 PM,ROCKVILLE PIKE,NA,SAME DIR REAR END,Clear,DRY,Daylight,TRAFFIC SIGNAL,ALCOHOL PRESENT,Yes,No Apparent Injury,N/A,OTHER DISTRACTION,MD,VAN,MOVING CONSTANT SPEED,40,No,2009,NISS,QUEST,39.03064,-77.105735,2022,7,12
220030233,Property Damage Crash,07/14/2022 11:50:00 AM,SUMMIT AVE,NA,ANGLE MEETS LEFT TURN,Clear,DRY,Daylight,NO CONTROLS,NONE DETECTED,Yes,No Apparent Injury,N/A,LOOKED BUT DID NOT SEE,MD,PASSENGER CAR,MAKING U TURN,25,No,2013,HOND,TK,39.02364,-77.08113333,2022,7,11
220030233,Property Damage Crash,07/14/2022 11:50:00 AM,SUMMIT AVE,NA,ANGLE MEETS LEFT TURN,Clear,DRY,Daylight,NO CONTROLS,NONE DETECTED,No,No Apparent Injury,N/A,NOT DISTRACTED,MD,PASSENGER CAR,MOVING CONSTANT SPEED,25,No,2011,HYUN,SD,39.02364,-77.08113333,2022,7,11
220030220,Property Damage Crash,07/14/2022 11:00:00 AM,NORBECK RD,NA,SAME DIR REAR END,Clear,DRY,Daylight,NO CONTROLS,NONE DETECTED,No,No Apparent Injury,N/A,NOT DISTRACTED,MD,PASSENGER CAR,SLOWING OR STOPPING,35,No,2008,GMC,CHEYENNE,39.27418,-77.15541167,2022,7,11
220030220,Property Damage Crash,07/14/2022 11:00:00 AM,NORBECK RD,NA,SAME DIR REAR END,Clear,DRY,Daylight,NO CONTROLS,NONE DETECTED,Yes,No Apparent Injury,N/A,UNKNOWN,MD,PASSENGER CAR,MOVING CONSTANT SPEED,35,No,2002,HONDA,CIVIC,39.27418,-77.15541167,2022,7,11
220030220,Property Damage Crash,07/14/2022 11:00:00 AM,NORBECK RD,NA,SAME DIR REAR END,Clear,DRY,Daylight,NO CONTROLS,NONE DETECTED,No,No Apparent Injury,N/A,NOT DISTRACTED,MD,PASSENGER CAR,SLOWING OR STOPPING,35,No,2018,HONDA,ACCORD,39.27418,-77.15541167,2022,7,11
220030225,Property Damage Crash,07/14/2022 10:55:00 AM,COLUMBIA PIKE,NA,OTHER,Clear,DRY,Daylight,NO CONTROLS,NONE DETECTED,Yes,No Apparent Injury,N/A,NOT DISTRACTED,MD,PASSENGER CAR,BACKING,25,No,2013,HONDA,CIVIC,39.0211975,-77.00799167,2022,7,10
220030225,Property Damage Crash,07/14/2022 10:55:00 AM,COLUMBIA PIKE,NA,OTHER,Clear,DRY,Daylight,NO CONTROLS,NONE DETECTED,No,No Apparent Injury,N/A,NOT DISTRACTED,MD,SCHOOL BUS,STOPPED IN TRAFFIC LANE,25,No,2021,FREIGHT,SCHOOL BUS,39.0211975,-77.00799167,2022,7,10
220030223,Property Damage Crash,07/14/2022 10:39:00 AM,MAPLE RIDGE RD,NA,SAME DIRECTION SIDESWIPE,Clear,DRY,Daylight,NO CONTROLS,NONE DETECTED,Yes,No Apparent Injury,N/A,LOOKED BUT DID NOT SEE,MD,PASSENGER CAR,ACCELERATING,25,No,2015,MAZDA,3,38.99172533,-77.097738,2022,7,10
220030223,Property Damage Crash,07/14/2022 10:39:00 AM,MAPLE RIDGE RD,NA,SAME DIRECTION SIDESWIPE,Clear,DRY,Daylight,NO CONTROLS,NONE DETECTED,Yes,No Apparent Injury,N/A,LOOKED BUT DID NOT SEE,FL,"MEDIUM/HEAVY TRUCKS 3 AXLES (OVER 10,000LBS (4,536KG))",ACCELERATING,25,No,2018,MACK,TK,38.99172533,-77.097738,2022,7,10
220030214,Injury Crash,07/14/2022 10:10:00 AM,MUDDY BRANCH RD,NA,OTHER,Clear,DRY,Daylight,TRAFFIC SIGNAL,NONE DETECTED,No,No Apparent Injury,N/A,NOT DISTRACTED,MD,(SPORT) UTILITY VEHICLE,MOVING CONSTANT SPEED,45,No,2015,LEXUS,TK,39.11517425,-77.2157376,2022,7,10
220030214,Injury Crash,07/14/2022 10:10:00 AM,MUDDY BRANCH RD,NA,OTHER,Clear,DRY,Daylight,TRAFFIC SIGNAL,NONE DETECTED,Yes,Possible Minor Injury,N/A,LOOKED BUT DID NOT SEE,MD,PASSENGER CAR,MAKING LEFT TURN,45,No,2016,HOND,HB,39.11517425,-77.2157376,2022,7,10
220030214,Injury Crash,07/14/2022 10:10:00 AM,MUDDY BRANCH RD,NA,OTHER,Clear,DRY,Daylight,TRAFFIC SIGNAL,NONE DETECTED,No,No Apparent Injury,N/A,NOT DISTRACTED,NA,UNKNOWN,STOPPED IN TRAFFIC LANE,30,No,0,UNKNOWN,UNKNOWN,39.11517425,-77.2157376,2022,7,10
220030214,Injury Crash,07/14/2022 10:10:00 AM,MUDDY BRANCH RD,NA,OTHER,Clear,DRY,Daylight,TRAFFIC SIGNAL,NONE DETECTED,No,No Apparent Injury,N/A,NOT DISTRACTED,MD,PASSENGER CAR,STOPPED IN TRAFFIC LANE,30,No,2017,VOLK,4S,39.11517425,-77.2157376,2022,7,10
220030204,Injury Crash,07/14/2022 08:45:00 AM,HARRELL ST,NA,STRAIGHT MOVEMENT ANGLE,Clear,DRY,Daylight,STOP SIGN,NONE DETECTED,Yes,No Apparent Injury,N/A,LOOKED BUT DID NOT SEE,MD,PASSENGER CAR,ACCELERATING,25,No,2019,HYUNDAI,IONIQ,39.06329,-77.06922333,2022,7,8
220030204,Injury Crash,07/14/2022 08:45:00 AM,HARRELL ST,NA,STRAIGHT MOVEMENT ANGLE,Clear,DRY,Daylight,STOP SIGN,NONE DETECTED,No,Possible Minor Injury,N/A,NOT DISTRACTED,MD,PASSENGER CAR,MOVING CONSTANT SPEED,25,No,2010,ACURA,RDX,39.06329,-77.06922333,2022,7,8
220030198,Injury Crash,07/14/2022 07:34:00 AM,UNIVERSITY BLVD W,NA,STRAIGHT MOVEMENT ANGLE,Clear,DRY,Daylight,TRAFFIC SIGNAL,NONE DETECTED,Unknown,No Apparent Injury,N/A,UNKNOWN,MD,PASSENGER CAR,MOVING CONSTANT SPEED,25,No,2021,FORD,EDGE,39.041135,-77.05299833,2022,7,7