Local Case Number,ACRS Report Type,Crash Date/Time,Road Name,Related Non-Motorist,Collision Type,Weather,Surface Condition,Light,Traffic Control,Driver Substance Abuse,Driver At Fault,Injury Severity,Circumstance,Driver Distracted By,Drivers License State,Vehicle Body Type,Vehicle Movement,Speed Limit,Driverless Vehicle,Vehicle Year,Vehicle Make,Vehicle Model,Latitude,Longitude,Year,Month,Hour
220030198,Injury Crash,07/14/2022 07:34:00 AM,UNIVERSITY BLVD W,NA,STRAIGHT MOVEMENT ANGLE,Clear,DRY,Daylight,TRAFFIC SIGNAL,NONE DETECTED,Unknown,Possible Minor Injury,N/A,UNKNOWN,NC,PASSENGER CAR,MOVING CONSTANT SPEED,25,No,2016,TOYOTA,HIGHLANDER,39.041135,-77.05299833,2022,7,7
220030192,Property Damage Crash,07/14/2022 03:48:00 AM,RIDGE RD,NA,STRAIGHT MOVEMENT ANGLE,Clear,DRY,Medium,FLASHING TRAFFIC SIGNAL,NONE DETECTED,Yes,No Apparent Injury,N/A,LOOKED BUT DID NOT SEE,MD,(SPORT) UTILITY VEHICLE,STARTING FROM LANE,40,No,2007,TOYOTA,RAV4,39.21029333,-77.23996767,2022,7,3
220030192,Property Damage Crash,07/14/2022 03:48:00 AM,RIDGE RD,NA,STRAIGHT MOVEMENT ANGLE,Clear,DRY,Medium,FLASHING TRAFFIC SIGNAL,NONE DETECTED,No,No Apparent Injury,N/A,NOT DISTRACTED,MD,(SPORT) UTILITY VEHICLE,MOVING CONSTANT SPEED,40,No,2017,FORD,EXPLORER,39.21029333,-77.23996767,2022,7,3
220030185,Property Damage Crash,07/13/2022 11:41:00 PM,WATERFORD HILLS BLVD,NA,OTHER,Clear,DRY,Dark,NO CONTROLS,NONE DETECTED,Yes,No Apparent Injury,N/A,UNKNOWN,NA,PASSENGER CAR,UNKNOWN,25,No,2022,INFINITI,JX35,39.17842005,-77.2790687,2022,7,23
220030179,Property Damage Crash,07/13/2022 10:41:00 PM,GEORGIA AVE,NA,SAME DIR REAR END,Clear,DRY,Medium,NO CONTROLS,NONE DETECTED,Yes,No Apparent Injury,N/A,NOT DISTRACTED,MD,PASSENGER CAR,MOVING CONSTANT SPEED,35,No,2020,FORD,ESCAPE,39.02207,-77.045,2022,7,22
220030172,Injury Crash,07/13/2022 10:11:00 PM,GEORGIA AVE,NA,SAME DIR REAR END,Clear,N/A,Medium,STOP SIGN,NONE DETECTED,No,Suspected Serious Injury,N/A,NOT DISTRACTED,MD,MOTORCYCLE,MOVING CONSTANT SPEED,35,No,2019,SUZUKI,GSX R600,39.022,-77.045,2022,7,22
220030172,Injury Crash,07/13/2022 10:11:00 PM,GEORGIA AVE,NA,SAME DIR REAR END,Clear,N/A,Medium,STOP SIGN,NONE DETECTED,Yes,No Apparent Injury,N/A,NOT DISTRACTED,MD,PASSENGER CAR,CHANGING LANES,35,No,2015,HONDA,CIVIC,39.022,-77.045,2022,7,22
220030174,Injury Crash,07/13/2022 10:08:00 PM,BRIGGS CHANEY RD,NA,SAME DIRECTION LEFT TURN,Cloudy,DRY,Medium,STOP SIGN,NONE DETECTED,Yes,No Apparent Injury,N/A,LOOKED BUT DID NOT SEE,MD,TRANSIT BUS,MAKING LEFT TURN,40,No,2010,NEW FLYER,LOW FLOOR,39.07949,-76.944995,2022,7,22
220030174,Injury Crash,07/13/2022 10:08:00 PM,BRIGGS CHANEY RD,NA,SAME DIRECTION LEFT TURN,Cloudy,DRY,Medium,STOP SIGN,NONE DETECTED,No,Possible Minor Injury,N/A,NOT DISTRACTED,MD,POLICE VEHICLE/NON EMERGENCY,MOVING CONSTANT SPEED,40,No,2021,FORD,UT,39.07949,-76.944995,2022,7,22
220030173,Property Damage Crash,07/13/2022 09:57:00 PM,MATENY RD,NA,SINGLE VEHICLE,Clear,DRY,Medium,NO CONTROLS,NONE DETECTED,Yes,No Apparent Injury,N/A,DISTRACTED BY OUTSIDE PERSON OBJECT OR EVENT,MD,(SPORT) UTILITY VEHICLE,MOVING CONSTANT SPEED,30,No,2000,LEXUS,RX300,39.152325,-77.26831067,2022,7,21
220030166,Injury Crash,07/13/2022 09:08:00 PM,UNIVERSITY BLVD W,NA,STRAIGHT MOVEMENT ANGLE,Clear,DRY,Medium,TRAFFIC SIGNAL,NONE DETECTED,Yes,Possible Minor Injury,N/A,UNKNOWN,MD,PASSENGER CAR,MOVING CONSTANT SPEED,35,No,2008,HONDA,V6,39.02634,-77.02015333,2022,7,21
220030166,Injury Crash,07/13/2022 09:08:00 PM,UNIVERSITY BLVD W,NA,STRAIGHT MOVEMENT ANGLE,Clear,DRY,Medium,TRAFFIC SIGNAL,NONE DETECTED,Yes,No Apparent Injury,N/A,UNKNOWN,VA,PASSENGER CAR,MAKING LEFT TURN,35,No,2000,LEXUS,LS400,39.02634,-77.02015333,2022,7,21
220030167,Injury Crash,07/13/2022 08:55:00 PM,GUNNERS BRANCH RD,NA,SINGLE VEHICLE,Clear,DRY,Medium,NO CONTROLS,NONE DETECTED,Yes,Possible Minor Injury,N/A,NOT DISTRACTED,VA,MOTORCYCLE,MOVING CONSTANT SPEED,25,No,2016,SUZUKI,750,39.177813,-77.2411395,2022,7,20
220030164,Property Damage Crash,07/13/2022 07:59:00 PM,NA,NA,SAME DIRECTION SIDESWIPE,Clear,NA,Medium,NO CONTROLS,NONE DETECTED,Yes,No Apparent Injury,N/A,UNKNOWN,NA,NA,MOVING CONSTANT SPEED,10,No,0,UNKNOWN,UNKNOWN,39.11596083,-77.19622783,2022,7,19
220030158,Injury Crash,07/13/2022 07:35:00 PM,GEORGIA AVE,NA,SAME DIR REAR END,Clear,DRY,Daylight,NO CONTROLS,NONE DETECTED,Yes,No Apparent Injury,N/A,UNKNOWN,VA,PASSENGER CAR,MOVING CONSTANT SPEED,25,No,2019,KIA,SOUL,39.035416,-77.0491155,2022,7,19
220030158,Injury Crash,07/13/2022 07:35:00 PM,GEORGIA AVE,NA,SAME DIR REAR END,Clear,DRY,Daylight,NO CONTROLS,NONE DETECTED,No,Possible Minor Injury,N/A,NOT DISTRACTED,MD,PASSENGER CAR,SLOWING OR STOPPING,25,No,2016,NISSAN,ROGUE,39.035416,-77.0491155,2022,7,19
220030148,Property Damage Crash,07/13/2022 06:45:00 PM,UNIVERSITY BLVD W,NA,HEAD ON LEFT TURN,Clear,DRY,Daylight,TRAFFIC SIGNAL,NONE DETECTED,Yes,No Apparent Injury,N/A,INATTENTIVE OR LOST IN THOUGHT,MD,TRANSIT BUS,MAKING LEFT TURN,35,No,2015,FORD,TRANSIT,39.03605333,-77.03628,2022,7,18
220030148,Property Damage Crash,07/13/2022 06:45:00 PM,UNIVERSITY BLVD W,NA,HEAD ON LEFT TURN,Clear,DRY,Daylight,TRAFFIC SIGNAL,NONE DETECTED,No,No Apparent Injury,N/A,NOT DISTRACTED,MD,PASSENGER CAR,MOVING CONSTANT SPEED,35,No,2014,HONDA,ACCORD,39.03605333,-77.03628,2022,7,18
220030161,Property Damage Crash,07/13/2022 06:35:00 PM,NA,NA,OTHER,Clear,NA,Daylight,NO CONTROLS,NONE DETECTED,Unknown,No Apparent Injury,N/A,UNKNOWN,MD,(SPORT) UTILITY VEHICLE,UNKNOWN,20,No,2020,NISSAN,ROGUE,39.16478974,-77.25073317,2022,7,18
220030161,Property Damage Crash,07/13/2022 06:35:00 PM,NA,NA,OTHER,Clear,NA,Daylight,NO CONTROLS,NONE DETECTED,Unknown,No Apparent Injury,N/A,UNKNOWN,MD,PASSENGER CAR,UNKNOWN,20,No,2019,NISSAN,SEDAN,39.16478974,-77.25073317,2022,7,18
220030150,Property Damage Crash,07/13/2022 06:34:00 PM,RUATAN ST,NA,OTHER,Clear,DRY,Daylight,NO CONTROLS,NONE DETECTED,Yes,No Apparent Injury,N/A,UNKNOWN,NA,PASSENGER CAR,BACKING,25,No,2018,TOYOTA,RAV 4,38.99898167,-76.98937667,2022,7,18
220030145,Property Damage Crash,07/13/2022 06:30:00 PM,GEORGIA AVE,NA,SAME DIR REAR END,Clear,DRY,Daylight,NO CONTROLS,NONE DETECTED,Yes,No Apparent Injury,N/A,UNKNOWN,MD,PASSENGER CAR,MOVING CONSTANT SPEED,35,No,2008,INFI,G37S,39.04881333,-77.051785,2022,7,18
220030145,Property Damage Crash,07/13/2022 06:30:00 PM,GEORGIA AVE,NA,SAME DIR REAR END,Clear,DRY,Daylight,NO CONTROLS,NONE DETECTED,No,No Apparent Injury,N/A,NOT DISTRACTED,MD,PASSENGER CAR,STOPPED IN TRAFFIC LANE,35,No,2021,CHEV,SILVERADO,39.04881333,-77.051785,2022,7,18
220030119,Property Damage Crash,07/13/2022 04:22:00 PM,BRADLEY BLVD,NA,SAME DIR REAR END,Clear,DRY,Daylight,NO CONTROLS,NONE DETECTED,Yes,No Apparent Injury,N/A,LOOKED BUT DID NOT SEE,MD,PASSENGER CAR,MOVING CONSTANT SPEED,35,No,2016,LEXS,TK,38.97809317,-77.09314533,2022,7,16
220030119,Property Damage Crash,07/13/2022 04:22:00 PM,BRADLEY BLVD,NA,SAME DIR REAR END,Clear,DRY,Daylight,NO CONTROLS,NONE DETECTED,No,No Apparent Injury,N/A,NOT DISTRACTED,VA,PASSENGER CAR,SLOWING OR STOPPING,35,No,2020,ACUR,UT,38.97809317,-77.09314533,2022,7,16
220030117,Injury Crash,07/13/2022 04:20:00 PM,SLIGO CREEK PKWY,BICYCLIST,SAME DIRECTION SIDESWIPE,Clear,DRY,Daylight,NO CONTROLS,NONE DETECTED,Yes,No Apparent Injury,N/A,UNKNOWN,NA,NA,PASSING,25,No,0,UNKNOWN,UNKNOWN,39.06635383,-77.1597625,2022,7,16
220030112,Injury Crash,07/13/2022 03:45:00 PM,NORBECK RD,NA,SAME DIRECTION RIGHT TURN,Clear,DRY,Daylight,OTHER,NONE DETECTED,No,No Apparent Injury,N/A,NOT DISTRACTED,MD,PASSENGER CAR,MOVING CONSTANT SPEED,35,No,2016,DODG,UT,39.10159472,-77.16085462,2022,7,15
220030112,Injury Crash,07/13/2022 03:45:00 PM,NORBECK RD,NA,SAME DIRECTION RIGHT TURN,Clear,DRY,Daylight,OTHER,NONE DETECTED,Yes,Possible Minor Injury,N/A,LOOKED BUT DID NOT SEE,MD,PASSENGER CAR,MOVING CONSTANT SPEED,35,No,2022,HONDA,ACCORD,39.10159472,-77.16085462,2022,7,15
220030103,Injury Crash,07/13/2022 03:07:00 PM,EAST VILLAGE AVE,PEDESTRIAN,SINGLE VEHICLE,Clear,DRY,Daylight,NO CONTROLS,NONE DETECTED,Yes,No Apparent Injury,N/A,UNKNOWN,MD,PASSENGER CAR,MOVING CONSTANT SPEED,35,No,2012,CHEVY,MALIBU,39.18807,-77.16496,2022,7,15
220030097,Property Damage Crash,07/13/2022 03:00:00 PM,GLENMONT CIR #1,NA,SAME DIRECTION SIDESWIPE,Clear,DRY,Daylight,TRAFFIC SIGNAL,NONE DETECTED,No,No Apparent Injury,N/A,NOT DISTRACTED,MD,PASSENGER CAR,MOVING CONSTANT SPEED,40,No,2015,HONDA,TK,39.05936267,-77.04698833,2022,7,15
220030097,Property Damage Crash,07/13/2022 03:00:00 PM,GLENMONT CIR #1,NA,SAME DIRECTION SIDESWIPE,Clear,DRY,Daylight,TRAFFIC SIGNAL,NONE DETECTED,Yes,No Apparent Injury,N/A,LOOKED BUT DID NOT SEE,MD,PASSENGER CAR,MOVING CONSTANT SPEED,40,No,2008,HONDA,TK,39.05936267,-77.04698833,2022,7,15
22001196,Property Damage Crash,07/13/2022 02:15:00 PM,NICHOLSON LA,NA,SAME DIRECTION SIDESWIPE,Clear,DRY,Daylight,TRAFFIC SIGNAL,NONE DETECTED,Yes,No Apparent Injury,N/A,NOT DISTRACTED,MD,PASSENGER CAR,MOVING CONSTANT SPEED,30,No,2007,TOYOTA,HIGHLANDER,39.0446105,-77.11273117,2022,7,14
22001196,Property Damage Crash,07/13/2022 02:15:00 PM,NICHOLSON LA,NA,SAME DIRECTION SIDESWIPE,Clear,DRY,Daylight,TRAFFIC SIGNAL,NONE DETECTED,No,No Apparent Injury,N/A,NOT DISTRACTED,MD,"MEDIUM/HEAVY TRUCKS 3 AXLES (OVER 10,000LBS (4,536KG))",MOVING CONSTANT SPEED,30,No,2018,CHEV,TK,39.0446105,-77.11273117,2022,7,14
220030099,Fatal Crash,07/13/2022 01:50:00 PM,RIVER RD,NA,ANGLE MEETS LEFT HEAD ON,Clear,DRY,Daylight,STOP SIGN,NONE DETECTED,Yes,Possible Minor Injury,N/A,UNKNOWN,MD,PICKUP TRUCK,MOVING CONSTANT SPEED,40,No,2019,FORD,F-550,39.044843,-77.261381,2022,7,13
220030099,Fatal Crash,07/13/2022 01:50:00 PM,RIVER RD,NA,ANGLE MEETS LEFT HEAD ON,Clear,DRY,Daylight,STOP SIGN,NONE DETECTED,No,Fatal Injury,N/A,UNKNOWN,MD,PASSENGER CAR,MAKING LEFT TURN,40,No,2012,TOYOTA,CAMRY,39.044843,-77.261381,2022,7,13
220030073,Property Damage Crash,07/13/2022 01:24:00 PM,ROCKVILLE PIKE,NA,SAME DIRECTION RIGHT TURN,Clear,DRY,Daylight,STOP SIGN,NONE DETECTED,Yes,No Apparent Injury,N/A,LOOKED BUT DID NOT SEE,MD,"CARGO VAN/LIGHT TRUCK 2 AXLES (OVER 10,000LBS (4,536 KG))",MAKING RIGHT TURN,0,No,2010,HINO,BOX TRK,39.07180167,-77.13295167,2022,7,13
220030073,Property Damage Crash,07/13/2022 01:24:00 PM,ROCKVILLE PIKE,NA,SAME DIRECTION RIGHT TURN,Clear,DRY,Daylight,STOP SIGN,NONE DETECTED,No,No Apparent Injury,N/A,NOT DISTRACTED,MD,PASSENGER CAR,STOPPED IN TRAFFIC LANE,0,No,2019,MERZ,SD,39.07180167,-77.13295167,2022,7,13
220030065,Property Damage Crash,07/13/2022 12:15:00 PM,CHERRY HILL RD,NA,STRAIGHT MOVEMENT ANGLE,Clear,DRY,Daylight,TRAFFIC SIGNAL,NONE DETECTED,No,No Apparent Injury,N/A,NOT DISTRACTED,MD,VAN,MOVING CONSTANT SPEED,45,No,2019,TOYOTA,SIENNA,39.05603763,-76.95429638,2022,7,12
220030065,Property Damage Crash,07/13/2022 12:15:00 PM,CHERRY HILL RD,NA,STRAIGHT MOVEMENT ANGLE,Clear,DRY,Daylight,TRAFFIC SIGNAL,NONE DETECTED,Yes,No Apparent Injury,N/A,NOT DISTRACTED,IN,VAN,MAKING LEFT TURN,45,No,2011,TOYOTA,SIENNA,39.05603763,-76.95429638,2022,7,12
220030055,Property Damage Crash,07/13/2022 10:23:00 AM,GEORGIA AVE,NA,SAME DIR REAR END,Clear,DRY,Daylight,NO CONTROLS,NONE DETECTED,Yes,No Apparent Injury,N/A,NOT DISTRACTED,MD,PASSENGER CAR,ENTERING TRAFFIC LANE,35,No,2015,TOYT,4S,39.014555,-77.04218167,2022,7,10
220030055,Property Damage Crash,07/13/2022 10:23:00 AM,GEORGIA AVE,NA,SAME DIR REAR END,Clear,DRY,Daylight,NO CONTROLS,NONE DETECTED,No,No Apparent Injury,N/A,NOT DISTRACTED,MD,PASSENGER CAR,ENTERING TRAFFIC LANE,35,No,2014,TOYT,HY,39.014555,-77.04218167,2022,7,10
220030049,Property Damage Crash,07/13/2022 10:00:00 AM,NA,NA,SAME DIRECTION SIDESWIPE,Clear,NA,Daylight,N/A,NONE DETECTED,Yes,No Apparent Injury,N/A,UNKNOWN,DC,PASSENGER CAR,PARKING,5,No,2008,MAZDA,3,39.02933,-77.07331667,2022,7,10
220030048,Injury Crash,07/13/2022 09:58:00 AM,SENECA CHASE PARK RD,PEDESTRIAN,SINGLE VEHICLE,Clear,DRY,Daylight,NO CONTROLS,NONE DETECTED,Unknown,No Apparent Injury,N/A,UNKNOWN,MD,"OTHER LIGHT TRUCKS (10,000LBS (4,536KG) OR LESS)",BACKING,20,No,2017,PTRB,TK,39.11399667,-77.27276667,2022,7,9
220030037,Property Damage Crash,07/13/2022 09:00:00 AM,DOVER RD,NA,HEAD ON LEFT TURN,Clear,DRY,Daylight,N/A,NONE DETECTED,No,No Apparent Injury,N/A,NOT DISTRACTED,MD,PASSENGER CAR,MOVING CONSTANT SPEED,25,No,2020,HONDA,CRV,39.07676629,-77.11714305,2022,7,9
220030037,Property Damage Crash,07/13/2022 09:00:00 AM,DOVER RD,NA,HEAD ON LEFT TURN,Clear,DRY,Daylight,N/A,NONE DETECTED,Yes,No Apparent Injury,N/A,NOT DISTRACTED,MD,PASSENGER CAR,MAKING LEFT TURN,25,No,2016,TOYT,4S,39.07676629,-77.11714305,2022,7,9
220030034,Property Damage Crash,07/13/2022 08:50:00 AM,RANDOLPH RD,NA,SAME DIR REAR END,Clear,DRY,Daylight,NO CONTROLS,NONE DETECTED,Yes,No Apparent Injury,N/A,UNKNOWN,NA,PICKUP TRUCK,SLOWING OR STOPPING,30,No,2017,GMC,PICKUP,39.06893667,-77.01466,2022,7,8
220030034,Property Damage Crash,07/13/2022 08:50:00 AM,RANDOLPH RD,NA,SAME DIR REAR END,Clear,DRY,Daylight,NO CONTROLS,NONE DETECTED,No,No Apparent Injury,N/A,NOT DISTRACTED,MD,SCHOOL BUS,SLOWING OR STOPPING,40,No,2020,THMS,BU,39.06893667,-77.01466,2022,7,8
220030033,Property Damage Crash,07/13/2022 08:32:00 AM,RANDOLPH RD,NA,STRAIGHT MOVEMENT ANGLE,Clear,DRY,Daylight,N/A,NONE DETECTED,Yes,No Apparent Injury,N/A,NOT DISTRACTED,MD,PASSENGER CAR,MOVING CONSTANT SPEED,30,No,2012,HONDA,ACCORD,39.068786,-77.01506367,2022,7,8
220030033,Property Damage Crash,07/13/2022 08:32:00 AM,RANDOLPH RD,NA,STRAIGHT MOVEMENT ANGLE,Clear,DRY,Daylight,N/A,NONE DETECTED,No,No Apparent Injury,N/A,NOT DISTRACTED,MD,VAN,MOVING CONSTANT SPEED,30,No,2009,TOYOTA,SIENNA LE,39.068786,-77.01506367,2022,7,8
220030026,Property Damage Crash,07/13/2022 05:20:00 AM,CHRISTOPHER AVE,NA,OTHER,Cloudy,DRY,Medium,NO CONTROLS,NONE DETECTED,Yes,No Apparent Injury,N/A,UNKNOWN,MD,PASSENGER CAR,BACKING,15,No,2003,FORD,SUV,39.15981185,-77.20905665,2022,7,5
220030004,Injury Crash,07/12/2022 09:18:00 PM,CARROLL AVE,NA,STRAIGHT MOVEMENT ANGLE,Cloudy,WET,Medium,NO CONTROLS,NONE DETECTED,No,No Apparent Injury,"N/A, WET",NOT DISTRACTED,MD,PASSENGER CAR,MOVING CONSTANT SPEED,30,No,2012,HONDA,ACCORD,39.020485,-77.00888,2022,7,21
220030004,Injury Crash,07/12/2022 09:18:00 PM,CARROLL AVE,NA,STRAIGHT MOVEMENT ANGLE,Cloudy,WET,Medium,NO CONTROLS,NONE DETECTED,Yes,Possible Minor Injury,"N/A, WET",UNKNOWN,MD,PASSENGER CAR,MAKING LEFT TURN,30,No,2013,SUBURU,FORESTER,39.020485,-77.00888,2022,7,21
220030006,Property Damage Crash,07/12/2022 09:15:00 PM,N BELGRADE RD,NA,OPPOSITE DIRECTION SIDESWIPE,Clear,WET,Medium,NO CONTROLS,NONE DETECTED,Yes,No Apparent Injury,"N/A, WET",UNKNOWN,NA,"CARGO VAN/LIGHT TRUCK 2 AXLES (OVER 10,000LBS (4,536 KG))",BACKING,25,No,2016,FORD,TRUCK,39.05836433,-77.047821,2022,7,21
220029978,Property Damage Crash,07/12/2022 05:52:00 PM,NA,NA,OTHER,Cloudy,NA,Daylight,NO CONTROLS,NONE DETECTED,Yes,No Apparent Injury,N/A,LOOKED BUT DID NOT SEE,MD,PASSENGER CAR,BACKING,0,No,2016,CHRYSLER,200,38.98749345,-77.02833232,2022,7,17
220029967,Injury Crash,07/12/2022 04:55:00 PM,SHADY GROVE RD,NA,SAME DIRECTION RIGHT TURN,Cloudy,DRY,Daylight,TRAFFIC SIGNAL,NONE DETECTED,No,Possible Minor Injury,N/A,NOT DISTRACTED,MD,PASSENGER CAR,MOVING CONSTANT SPEED,40,No,2021,PORS,UT,39.0911459,-77.2043502,2022,7,16
220029967,Injury Crash,07/12/2022 04:55:00 PM,SHADY GROVE RD,NA,SAME DIRECTION RIGHT TURN,Cloudy,DRY,Daylight,TRAFFIC SIGNAL,NONE DETECTED,Yes,No Apparent Injury,N/A,OTHER DISTRACTION,MD,TRANSIT BUS,MAKING RIGHT TURN,40,No,2016,GILL,BU,39.0911459,-77.2043502,2022,7,16
220029957,Property Damage Crash,07/12/2022 04:15:00 PM,SEVEN LOCKS RD,NA,STRAIGHT MOVEMENT ANGLE,Clear,DRY,Daylight,STOP SIGN,NONE DETECTED,No,No Apparent Injury,N/A,NOT DISTRACTED,MD,STATION WAGON,MOVING CONSTANT SPEED,35,No,2014,CHEV,SUBURBAN,39.01549868,-77.16043312,2022,7,16
220029957,Property Damage Crash,07/12/2022 04:15:00 PM,SEVEN LOCKS RD,NA,STRAIGHT MOVEMENT ANGLE,Clear,DRY,Daylight,STOP SIGN,NONE DETECTED,Yes,No Apparent Injury,N/A,INATTENTIVE OR LOST IN THOUGHT,MD,PASSENGER CAR,STARTING FROM LANE,35,No,2019,TOYOTA,CAMRY,39.01549868,-77.16043312,2022,7,16
220029936,Property Damage Crash,07/12/2022 02:34:00 PM,GERMANTOWN RD,NA,SAME DIRECTION SIDESWIPE,Clear,DRY,Daylight,N/A,NONE DETECTED,Yes,No Apparent Injury,N/A,BY OTHER OCCUPANTS,MD,SCHOOL BUS,CHANGING LANES,40,No,2021,THOMAS,SCHOOL BUS,39.16749,-77.28019667,2022,7,14
220029936,Property Damage Crash,07/12/2022 02:34:00 PM,GERMANTOWN RD,NA,SAME DIRECTION SIDESWIPE,Clear,DRY,Daylight,N/A,NONE DETECTED,No,No Apparent Injury,N/A,NOT DISTRACTED,MD,PICKUP TRUCK,MOVING CONSTANT SPEED,40,No,2013,CHEVROLET,SILVERADO,39.16749,-77.28019667,2022,7,14
220029935,Injury Crash,07/12/2022 02:28:00 PM,GEORGIA AVE,NA,SAME DIR REAR END,Clear,DRY,Daylight,TRAFFIC SIGNAL,NONE DETECTED,No,Possible Minor Injury,N/A,NOT DISTRACTED,MD,PASSENGER CAR,SLOWING OR STOPPING,45,No,2013,VOLKSWAGEN,SW,39.10293333,-77.07682,2022,7,14
220029935,Injury Crash,07/12/2022 02:28:00 PM,GEORGIA AVE,NA,SAME DIR REAR END,Clear,DRY,Daylight,TRAFFIC SIGNAL,NONE DETECTED,Yes,No Apparent Injury,N/A,NOT DISTRACTED,MD,(SPORT) UTILITY VEHICLE,SLOWING OR STOPPING,45,No,2016,BMX,X5,39.10293333,-77.07682,2022,7,14
220029930,Property Damage Crash,07/12/2022 01:28:00 PM,NA,NA,OTHER,Clear,NA,Daylight,NO CONTROLS,NONE DETECTED,Yes,No Apparent Injury,N/A,LOOKED BUT DID NOT SEE,MD,PASSENGER CAR,BACKING,0,No,2016,HONDA,CRV,39.18100583,-77.26978517,2022,7,13
220029930,Property Damage Crash,07/12/2022 01:28:00 PM,NA,NA,OTHER,Clear,NA,Daylight,NO CONTROLS,NONE DETECTED,No,No Apparent Injury,N/A,NOT DISTRACTED,MD,PASSENGER CAR,MOVING CONSTANT SPEED,0,No,2020,HOND,SD,39.18100583,-77.26978517,2022,7,13
220029927,Property Damage Crash,07/12/2022 01:23:00 PM,BLUERIDGE AVE,NA,ANGLE MEETS RIGHT TURN,Clear,DRY,Daylight,NO CONTROLS,NONE DETECTED,No,No Apparent Injury,N/A,NOT DISTRACTED,MD,PASSENGER CAR,MOVING CONSTANT SPEED,25,No,2017,HYUN,TK,39.04297833,-77.050515,2022,7,13
220029927,Property Damage Crash,07/12/2022 01:23:00 PM,BLUERIDGE AVE,NA,ANGLE MEETS RIGHT TURN,Clear,DRY,Daylight,NO CONTROLS,NONE DETECTED,Yes,No Apparent Injury,N/A,DISTRACTED BY OUTSIDE PERSON OBJECT OR EVENT,MD,PASSENGER CAR,MAKING RIGHT TURN,25,No,2006,ACUR,SD,39.04297833,-77.050515,2022,7,13
220029908,Injury Crash,07/12/2022 11:45:00 AM,CONNECTICUT AVE,BICYCLIST,STRAIGHT MOVEMENT ANGLE,Clear,DRY,Daylight,STOP SIGN,NONE DETECTED,Yes,No Apparent Injury,"N/A, PHYSICAL OBSTRUCTION(S)",LOOKED BUT DID NOT SEE,MD,PASSENGER CAR,MAKING RIGHT TURN,5,No,2018,BUIC,TK,38.991765,-77.07699833,2022,7,11
220029905,Injury Crash,07/12/2022 11:40:00 AM,ROCKLEDGE DR,NA,SAME DIR REAR END,Clear,DRY,Daylight,TRAFFIC SIGNAL,NONE DETECTED,No,Possible Minor Injury,N/A,NOT DISTRACTED,MD,PASSENGER CAR,STOPPED IN TRAFFIC LANE,35,No,2015,HYUNDAI,SONATA,39.023445,-77.1324855,2022,7,11
220029905,Injury Crash,07/12/2022 11:40:00 AM,ROCKLEDGE DR,NA,SAME DIR REAR END,Clear,DRY,Daylight,TRAFFIC SIGNAL,NONE DETECTED,Yes,No Apparent Injury,N/A,UNKNOWN,DC,PASSENGER CAR,SLOWING OR STOPPING,35,No,2011,TOYOTA,PRIUS,39.023445,-77.1324855,2022,7,11
220029909,Injury Crash,07/12/2022 11:32:00 AM,NA,NA,SAME DIR REAR END,Clear,NA,Daylight,NO CONTROLS,NONE DETECTED,Yes,Possible Minor Injury,N/A,UNKNOWN,MD,(SPORT) UTILITY VEHICLE,MOVING CONSTANT SPEED,10,No,2009,NISSAN,MURANO,39.18297,-77.25960167,2022,7,11
220029897,Injury Crash,07/12/2022 10:45:00 AM,COLESVILLE RD,NA,SAME DIR REAR END,Clear,DRY,Daylight,TRAFFIC SIGNAL,NONE DETECTED,No,Possible Minor Injury,N/A,NOT DISTRACTED,MD,PASSENGER CAR,SLOWING OR STOPPING,40,No,2017,VOLKSWAGON,GOLF,39.020754,-77.01240967,2022,7,10
220029897,Injury Crash,07/12/2022 10:45:00 AM,COLESVILLE RD,NA,SAME DIR REAR END,Clear,DRY,Daylight,TRAFFIC SIGNAL,NONE DETECTED,Yes,No Apparent Injury,N/A,LOOKED BUT DID NOT SEE,MD,"MEDIUM/HEAVY TRUCKS 3 AXLES (OVER 10,000LBS (4,536KG))",SLOWING OR STOPPING,40,No,2021,MACK,GRANITE,39.020754,-77.01240967,2022,7,10
220029895,Injury Crash,07/12/2022 10:11:00 AM,PINEY BRANCH RD,NA,OTHER,Clear,DRY,Daylight,NO CONTROLS,NONE DETECTED,No,No Apparent Injury,N/A,NOT DISTRACTED,MD,PASSENGER CAR,STOPPED IN TRAFFIC LANE,35,No,2003,HOND,CIVIC,38.99949167,-76.99324333,2022,7,10
220029895,Injury Crash,07/12/2022 10:11:00 AM,PINEY BRANCH RD,NA,OTHER,Clear,DRY,Daylight,NO CONTROLS,NONE DETECTED,No,Possible Minor Injury,N/A,NOT DISTRACTED,MD,PASSENGER CAR,MOVING CONSTANT SPEED,35,No,2012,TOYT,CAMRY,38.99949167,-76.99324333,2022,7,10
220029895,Injury Crash,07/12/2022 10:11:00 AM,PINEY BRANCH RD,NA,OTHER,Clear,DRY,Daylight,NO CONTROLS,NONE DETECTED,Yes,No Apparent Injury,N/A,LOOKED BUT DID NOT SEE,MD,STATION WAGON,CHANGING LANES,35,No,2014,TOYT,RAV4,38.99949167,-76.99324333,2022,7,10
220029895,Injury Crash,07/12/2022 10:11:00 AM,PINEY BRANCH RD,NA,OTHER,Clear,DRY,Daylight,NO CONTROLS,NONE DETECTED,No,No Apparent Injury,N/A,NOT DISTRACTED,MD,STATION WAGON,STOPPED IN TRAFFIC LANE,35,No,2014,HOND,ODYS,38.99949167,-76.99324333,2022,7,10
220029891,Injury Crash,07/12/2022 10:01:00 AM,UNIVERSITY BLVD E,NA,SAME DIR REAR END,Clear,DRY,Daylight,NO CONTROLS,NONE DETECTED,Yes,No Apparent Injury,N/A,LOOKED BUT DID NOT SEE,VA,(SPORT) UTILITY VEHICLE,ACCELERATING,35,No,2017,TOYOTA,RAV 4,39.01415,-77.00427167,2022,7,10
220029891,Injury Crash,07/12/2022 10:01:00 AM,UNIVERSITY BLVD E,NA,SAME DIR REAR END,Clear,DRY,Daylight,NO CONTROLS,NONE DETECTED,No,Possible Minor Injury,N/A,NOT DISTRACTED,MD,PASSENGER CAR,SLOWING OR STOPPING,35,No,2013,MISTSUBISHI,LANCER,39.01415,-77.00427167,2022,7,10
220029884,Property Damage Crash,07/12/2022 09:53:00 AM,ASPEN HILL RD,NA,STRAIGHT MOVEMENT ANGLE,Clear,DRY,Daylight,N/A,NONE DETECTED,No,No Apparent Injury,N/A,NOT DISTRACTED,MD,PICKUP TRUCK,MOVING CONSTANT SPEED,30,No,2014,FORD,F250,39.08015833,-77.081965,2022,7,9
220029884,Property Damage Crash,07/12/2022 09:53:00 AM,ASPEN HILL RD,NA,STRAIGHT MOVEMENT ANGLE,Clear,DRY,Daylight,N/A,NONE DETECTED,Yes,No Apparent Injury,N/A,NOT DISTRACTED,FL,(SPORT) UTILITY VEHICLE,MAKING RIGHT TURN,10,No,1999,FORD,ESCORT,39.08015833,-77.081965,2022,7,9
220029880,Property Damage Crash,07/12/2022 09:15:00 AM,ASHTON RD,NA,SINGLE VEHICLE,Clear,DRY,Daylight,NO CONTROLS,NONE DETECTED,Yes,No Apparent Injury,N/A,LOOKED BUT DID NOT SEE,MD,PASSENGER CAR,MOVING CONSTANT SPEED,30,No,2018,SUBU,SW,39.16034167,-76.97794167,2022,7,9
220029877,Property Damage Crash,07/12/2022 08:45:00 AM,GEORGIA AVE,NA,OPPOSITE DIRECTION SIDESWIPE,Clear,DRY,Daylight,NO CONTROLS,NONE DETECTED,Yes,No Apparent Injury,N/A,LOOKED BUT DID NOT SEE,MD,FIRE VEHICLE/EMERGENCY,MOVING CONSTANT SPEED,35,No,2019,PIRC,TK,38.99399667,-77.026585,2022,7,8