Local Case Number,ACRS Report Type,Crash Date/Time,Road Name,Related Non-Motorist,Collision Type,Weather,Surface Condition,Light,Traffic Control,Driver Substance Abuse,Driver At Fault,Injury Severity,Circumstance,Driver Distracted By,Drivers License State,Vehicle Body Type,Vehicle Movement,Speed Limit,Driverless Vehicle,Vehicle Year,Vehicle Make,Vehicle Model,Latitude,Longitude,Year,Month,Hour
220029877,Property Damage Crash,07/12/2022 08:45:00 AM,GEORGIA AVE,NA,OPPOSITE DIRECTION SIDESWIPE,Clear,DRY,Daylight,NO CONTROLS,NONE DETECTED,No,No Apparent Injury,N/A,NOT DISTRACTED,MD,PASSENGER CAR,STOPPED IN TRAFFIC LANE,35,No,2017,VOLV,SD,38.99399667,-77.026585,2022,7,8
220029876,Injury Crash,07/12/2022 08:40:00 AM,GEORGIA AVE,NA,STRAIGHT MOVEMENT ANGLE,Clear,DRY,Daylight,TRAFFIC SIGNAL,NONE DETECTED,No,Possible Minor Injury,N/A,NOT DISTRACTED,MD,PASSENGER CAR,MOVING CONSTANT SPEED,35,No,2016,TOYOTA,RAV4,39.077695,-77.07083333,2022,7,8
220029876,Injury Crash,07/12/2022 08:40:00 AM,GEORGIA AVE,NA,STRAIGHT MOVEMENT ANGLE,Clear,DRY,Daylight,TRAFFIC SIGNAL,NONE DETECTED,Yes,No Apparent Injury,N/A,NOT DISTRACTED,MD,PASSENGER CAR,MAKING LEFT TURN,35,No,2017,FORD,F150,39.077695,-77.07083333,2022,7,8
220029876,Injury Crash,07/12/2022 08:40:00 AM,GEORGIA AVE,NA,STRAIGHT MOVEMENT ANGLE,Clear,DRY,Daylight,TRAFFIC SIGNAL,NONE DETECTED,No,Possible Minor Injury,N/A,NOT DISTRACTED,MD,PASSENGER CAR,MOVING CONSTANT SPEED,35,No,2007,FORD,EDGE,39.077695,-77.07083333,2022,7,8
220029971,Property Damage Crash,07/12/2022 08:35:00 AM,EISENHOWER MEMORIAL HWY,NA,SAME DIR REAR END,Clear,DRY,Daylight,NO CONTROLS,NONE DETECTED,No,No Apparent Injury,"BACKUP DUE TO NON-RECURRING INCIDENT, N/A",NOT DISTRACTED,MD,(SPORT) UTILITY VEHICLE,STOPPED IN TRAFFIC LANE,55,No,2014,CHEVROLET,TAHOE,39.09521167,-77.11278167,2022,7,8
220029971,Property Damage Crash,07/12/2022 08:35:00 AM,EISENHOWER MEMORIAL HWY,NA,SAME DIR REAR END,Clear,DRY,Daylight,NO CONTROLS,NONE DETECTED,Yes,No Apparent Injury,"BACKUP DUE TO NON-RECURRING INCIDENT, N/A",UNKNOWN,MD,(SPORT) UTILITY VEHICLE,SLOWING OR STOPPING,55,No,2021,GMC,YUKON,39.09521167,-77.11278167,2022,7,8
220029875,Property Damage Crash,07/12/2022 08:25:00 AM,GREENTREE RD,NA,SAME DIR REND LEFT TURN,Clear,DRY,Daylight,STOP SIGN,NONE DETECTED,Yes,No Apparent Injury,N/A,UNKNOWN,MD,PASSENGER CAR,MOVING CONSTANT SPEED,30,No,2007,CHEVROLET,COBALT,39.00120333,-77.12241683,2022,7,8
220029875,Property Damage Crash,07/12/2022 08:25:00 AM,GREENTREE RD,NA,SAME DIR REND LEFT TURN,Clear,DRY,Daylight,STOP SIGN,NONE DETECTED,No,No Apparent Injury,N/A,NOT DISTRACTED,MD,PASSENGER CAR,STOPPED IN TRAFFIC LANE,30,No,2012,HONDA,CR-V,39.00120333,-77.12241683,2022,7,8
220029872,Property Damage Crash,07/12/2022 08:10:00 AM,FIRSTFIELD RD,NA,SAME DIR REAR END,Clear,DRY,Daylight,NO CONTROLS,NONE DETECTED,Yes,No Apparent Injury,N/A,DISTRACTED BY OUTSIDE PERSON OBJECT OR EVENT,MD,PASSENGER CAR,SLOWING OR STOPPING,35,No,2019,MEDZ,GLLE43,39.1453123,-77.22167357,2022,7,8
220029872,Property Damage Crash,07/12/2022 08:10:00 AM,FIRSTFIELD RD,NA,SAME DIR REAR END,Clear,DRY,Daylight,NO CONTROLS,NONE DETECTED,No,No Apparent Injury,N/A,NOT DISTRACTED,MD,PASSENGER CAR,SLOWING OR STOPPING,35,No,2005,LEXUS,UT,39.1453123,-77.22167357,2022,7,8
220029868,Property Damage Crash,07/12/2022 06:30:00 AM,GEORGIA AVE,NA,SAME DIRECTION SIDESWIPE,Clear,DRY,Daylight,N/A,NONE DETECTED,No,No Apparent Injury,N/A,NOT DISTRACTED,DC,PASSENGER CAR,MOVING CONSTANT SPEED,35,No,2018,TOYOTA,CAMRY,39.02406667,-77.045745,2022,7,6
220029868,Property Damage Crash,07/12/2022 06:30:00 AM,GEORGIA AVE,NA,SAME DIRECTION SIDESWIPE,Clear,DRY,Daylight,N/A,NONE DETECTED,Yes,No Apparent Injury,N/A,NOT DISTRACTED,DC,PASSENGER CAR,CHANGING LANES,35,No,2022,DODGE,CHARGER,39.02406667,-77.045745,2022,7,6
220029849,Property Damage Crash,07/11/2022 10:04:00 PM,MUDDY BRANCH RD,NA,SAME DIRECTION SIDESWIPE,Clear,DRY,Medium,NO CONTROLS,NONE DETECTED,No,No Apparent Injury,N/A,NOT DISTRACTED,MD,PASSENGER CAR,MOVING CONSTANT SPEED,45,No,2017,NISSAN,ALTIMA,39.1071995,-77.21864183,2022,7,22
220029849,Property Damage Crash,07/11/2022 10:04:00 PM,MUDDY BRANCH RD,NA,SAME DIRECTION SIDESWIPE,Clear,DRY,Medium,NO CONTROLS,NONE DETECTED,Yes,No Apparent Injury,N/A,UNKNOWN,NA,NA,MOVING CONSTANT SPEED,45,No,0,UNKNOWN,UNKNOWN,39.1071995,-77.21864183,2022,7,22
220029848,Injury Crash,07/11/2022 10:00:00 PM,FREDERICK RD,NA,HEAD ON,Clear,DRY,Medium,NO CONTROLS,NONE DETECTED,No,Possible Minor Injury,N/A,NOT DISTRACTED,MD,PASSENGER CAR,MOVING CONSTANT SPEED,35,No,2018,DODG,4S,39.14432833,-77.20177667,2022,7,22
220029848,Injury Crash,07/11/2022 10:00:00 PM,FREDERICK RD,NA,HEAD ON,Clear,DRY,Medium,NO CONTROLS,DRUG PRESENT,Yes,No Apparent Injury,N/A,OTHER DISTRACTION,MD,PASSENGER CAR,MOVING CONSTANT SPEED,35,No,2019,TOYT,TK,39.14432833,-77.20177667,2022,7,22
220029837,Injury Crash,07/11/2022 08:13:00 PM,RANDOLPH RD,NA,HEAD ON LEFT TURN,Clear,DRY,Daylight,TRAFFIC SIGNAL,NONE DETECTED,Yes,No Apparent Injury,N/A,LOOKED BUT DID NOT SEE,MD,PASSENGER CAR,MAKING LEFT TURN,40,No,2017,HONDA,ACCORD,39.060775,-77.04485833,2022,7,20
220029837,Injury Crash,07/11/2022 08:13:00 PM,RANDOLPH RD,NA,HEAD ON LEFT TURN,Clear,DRY,Daylight,TRAFFIC SIGNAL,NONE DETECTED,No,Possible Minor Injury,N/A,LOOKED BUT DID NOT SEE,MD,PASSENGER CAR,MOVING CONSTANT SPEED,40,No,2015,FORD,FUSION,39.060775,-77.04485833,2022,7,20
220029822,Property Damage Crash,07/11/2022 07:06:00 PM,OLD GEORGETOWN RD,NA,SAME DIR REAR END,Clear,DRY,Daylight,TRAFFIC SIGNAL,NONE DETECTED,No,No Apparent Injury,N/A,NOT DISTRACTED,DC,"CARGO VAN/LIGHT TRUCK 2 AXLES (OVER 10,000LBS (4,536 KG))",STOPPED IN TRAFFIC LANE,30,No,2003,TOYOTA,TACOMA,39.00501667,-77.11096833,2022,7,19
220029822,Property Damage Crash,07/11/2022 07:06:00 PM,OLD GEORGETOWN RD,NA,SAME DIR REAR END,Clear,DRY,Daylight,TRAFFIC SIGNAL,NONE DETECTED,Yes,No Apparent Injury,N/A,INATTENTIVE OR LOST IN THOUGHT,MD,(SPORT) UTILITY VEHICLE,STARTING FROM LANE,30,No,2012,CHEV,SUBURBAN,39.00501667,-77.11096833,2022,7,19
220029826,Injury Crash,07/11/2022 07:03:00 PM,OLNEY LAYTONSVILLE RD,NA,SAME DIRECTION SIDESWIPE,Clear,DRY,Daylight,TRAFFIC SIGNAL,NONE DETECTED,No,No Apparent Injury,N/A,NOT DISTRACTED,MD,PASSENGER CAR,STOPPED IN TRAFFIC LANE,50,No,2017,TESLA,MODEL S,39.18946667,-77.12061833,2022,7,19
220029826,Injury Crash,07/11/2022 07:03:00 PM,OLNEY LAYTONSVILLE RD,NA,SAME DIRECTION SIDESWIPE,Clear,DRY,Daylight,TRAFFIC SIGNAL,NONE DETECTED,Yes,Possible Minor Injury,N/A,NOT DISTRACTED,MD,PASSENGER CAR,MOVING CONSTANT SPEED,50,No,2017,HYUNDAI,ELANTRA,39.18946667,-77.12061833,2022,7,19
220029827,Property Damage Crash,07/11/2022 06:58:00 PM,NA,NA,SAME DIRECTION SIDESWIPE,Clear,NA,Daylight,NO CONTROLS,NONE DETECTED,Yes,No Apparent Injury,N/A,UNKNOWN,NA,PASSENGER CAR,MOVING CONSTANT SPEED,15,No,2018,TOYOTA,HATCHBACK,39.1431685,-77.207313,2022,7,18
220029820,Injury Crash,07/11/2022 06:27:00 PM,NICHOLSON LA,PEDESTRIAN,HEAD ON LEFT TURN,Clear,DRY,Daylight,TRAFFIC SIGNAL,NONE DETECTED,Yes,No Apparent Injury,"N/A, VISION OBSTRUCTION (INCL. BLINDED BY SUN)",NOT DISTRACTED,MD,PASSENGER CAR,MAKING LEFT TURN,35,No,2015,TOYOTA,COROLLA,39.0454131,-77.10500228,2022,7,18
20029820,Injury Crash,07/11/2022 06:27:00 PM,NICHOLSON LA,PEDESTRIAN,OTHER,Clear,DRY,Daylight,TRAFFIC SIGNAL,NONE DETECTED,Yes,No Apparent Injury,"N/A, VISION OBSTRUCTION (INCL. BLINDED BY SUN)",OTHER DISTRACTION,MD,PASSENGER CAR,MAKING LEFT TURN,35,No,2015,TOYOTA,COROLLA,39.04544833,-77.10511833,2022,7,18
220029810,Property Damage Crash,07/11/2022 05:52:00 PM,NORBECK RD,NA,HEAD ON LEFT TURN,Clear,DRY,Daylight,TRAFFIC SIGNAL,NONE DETECTED,Yes,No Apparent Injury,N/A,LOOKED BUT DID NOT SEE,MD,PASSENGER CAR,MAKING LEFT TURN,45,No,2013,CADI,4S,39.120925,-77.03354,2022,7,17
220029810,Property Damage Crash,07/11/2022 05:52:00 PM,NORBECK RD,NA,HEAD ON LEFT TURN,Clear,DRY,Daylight,TRAFFIC SIGNAL,NONE DETECTED,No,No Apparent Injury,N/A,NOT DISTRACTED,MD,PASSENGER CAR,MOVING CONSTANT SPEED,45,No,2019,MERZ,4S,39.120925,-77.03354,2022,7,17
220029813,Injury Crash,07/11/2022 05:45:00 PM,NA,PEDESTRIAN,OTHER,Clear,NA,Daylight,NO CONTROLS,NONE DETECTED,Yes,No Apparent Injury,N/A,INATTENTIVE OR LOST IN THOUGHT,MD,PASSENGER CAR,MOVING CONSTANT SPEED,5,No,2017,TOYT,PRIUS,39.109655,-76.92519517,2022,7,17
220029797,Property Damage Crash,07/11/2022 05:20:00 PM,TENBROOK DR,NA,SAME DIR REAR END,Clear,DRY,Daylight,NO CONTROLS,NONE DETECTED,Yes,No Apparent Injury,N/A,LOOKED BUT DID NOT SEE,MD,PASSENGER CAR,MOVING CONSTANT SPEED,25,No,2018,TOYT,SD,39.030029999999996,-77.02733,2022,7,17
220029797,Property Damage Crash,07/11/2022 05:20:00 PM,TENBROOK DR,NA,SAME DIR REAR END,Clear,DRY,Daylight,NO CONTROLS,NONE DETECTED,No,No Apparent Injury,N/A,NOT DISTRACTED,MD,PASSENGER CAR,SLOWING OR STOPPING,25,No,2020,TESL,M3,39.030029999999996,-77.02733,2022,7,17
220029801,Injury Crash,07/11/2022 05:18:00 PM,WOODFIELD RD,NA,SAME DIR REAR END,Clear,DRY,Daylight,NO CONTROLS,NONE DETECTED,No,Possible Minor Injury,N/A,NOT DISTRACTED,MD,PASSENGER CAR,STOPPED IN TRAFFIC LANE,40,No,2019,HONDA,CIVIC,39.247125,-77.34981,2022,7,17
220029801,Injury Crash,07/11/2022 05:18:00 PM,WOODFIELD RD,NA,SAME DIR REAR END,Clear,DRY,Daylight,NO CONTROLS,NONE DETECTED,Yes,No Apparent Injury,N/A,NOT DISTRACTED,MD,(SPORT) UTILITY VEHICLE,SLOWING OR STOPPING,40,No,2001,CHEVROLET,TAHOE,39.247125,-77.34981,2022,7,17
220029634,Injury Crash,07/11/2022 05:12:00 PM,DICKERSON RD,NA,SINGLE VEHICLE,Clear,DRY,Daylight,NO CONTROLS,NONE DETECTED,Yes,Suspected Serious Injury,N/A,UNKNOWN,MD,MOTORCYCLE,MOVING CONSTANT SPEED,40,No,2018,KTM,SUPER DUKE,39.247125,-77.34981,2022,7,17
220029793,Property Damage Crash,07/11/2022 04:39:00 PM,BOWIE MILL RD,NA,STRAIGHT MOVEMENT ANGLE,Clear,DRY,Daylight,TRAFFIC SIGNAL,NONE DETECTED,No,No Apparent Injury,N/A,NOT DISTRACTED,MD,PASSENGER CAR,ACCELERATING,35,No,2002,LEXS,ES300,39.15485667,-77.09512,2022,7,16
220029793,Property Damage Crash,07/11/2022 04:39:00 PM,BOWIE MILL RD,NA,STRAIGHT MOVEMENT ANGLE,Clear,DRY,Daylight,TRAFFIC SIGNAL,NONE DETECTED,Yes,No Apparent Injury,N/A,NOT DISTRACTED,MD,PICKUP TRUCK,MOVING CONSTANT SPEED,35,No,2016,FORD,F250,39.15485667,-77.09512,2022,7,16
220029791,Property Damage Crash,07/11/2022 04:29:00 PM,NA,NA,OTHER,Clear,NA,Daylight,NO CONTROLS,NONE DETECTED,No,No Apparent Injury,N/A,NOT DISTRACTED,MD,PASSENGER CAR,PARKED,0,No,1997,TOYOTA,CAMRY,39.182875,-77.26272,2022,7,16
220029791,Property Damage Crash,07/11/2022 04:29:00 PM,NA,NA,OTHER,Clear,NA,Daylight,NO CONTROLS,NONE DETECTED,Yes,No Apparent Injury,N/A,LOOKED BUT DID NOT SEE,VA,PASSENGER CAR,BACKING,0,No,2003,NISSAN,ALTIMA,39.182875,-77.26272,2022,7,16
220029786,Injury Crash,07/11/2022 04:06:00 PM,CLARKSBURG RD,NA,SINGLE VEHICLE,Clear,DRY,Daylight,NO CONTROLS,NONE DETECTED,Yes,Possible Minor Injury,N/A,UNKNOWN,MD,VAN,MOVING CONSTANT SPEED,35,No,2011,CHEVY,EXPRESS,39.27313167,-77.27706167,2022,7,16
220029785,Property Damage Crash,07/11/2022 03:48:00 PM,WISCONSIN AVE,NA,STRAIGHT MOVEMENT ANGLE,Clear,DRY,Daylight,TRAFFIC SIGNAL,NONE DETECTED,Yes,No Apparent Injury,N/A,DISTRACTED BY OUTSIDE PERSON OBJECT OR EVENT,MD,PASSENGER CAR,MOVING CONSTANT SPEED,25,No,2022,VOLKSWAGEN,JETTA,38.98013167,-77.09199333,2022,7,15
220029785,Property Damage Crash,07/11/2022 03:48:00 PM,WISCONSIN AVE,NA,STRAIGHT MOVEMENT ANGLE,Clear,DRY,Daylight,TRAFFIC SIGNAL,NONE DETECTED,No,No Apparent Injury,N/A,NOT DISTRACTED,MD,PASSENGER CAR,ACCELERATING,25,No,2014,BMW,I3,38.98013167,-77.09199333,2022,7,15
220029772,Property Damage Crash,07/11/2022 02:52:00 PM,RANDOLPH RD,NA,SAME DIRECTION SIDESWIPE,Clear,DRY,Daylight,TRAFFIC SIGNAL,NONE DETECTED,No,No Apparent Injury,N/A,NOT DISTRACTED,MD,PASSENGER CAR,STOPPED IN TRAFFIC LANE,35,No,2013,MAZDA,3,39.0576,-77.073425,2022,7,14
220029772,Property Damage Crash,07/11/2022 02:52:00 PM,RANDOLPH RD,NA,SAME DIRECTION SIDESWIPE,Clear,DRY,Daylight,TRAFFIC SIGNAL,NONE DETECTED,No,No Apparent Injury,N/A,NOT DISTRACTED,MD,(SPORT) UTILITY VEHICLE,STOPPED IN TRAFFIC LANE,35,No,2015,SUBARU,OUTBACK,39.0576,-77.073425,2022,7,14
220029774,Property Damage Crash,07/11/2022 02:52:00 PM,COLESVILLE RD,NA,HEAD ON LEFT TURN,Clear,DRY,Daylight,N/A,NONE DETECTED,Yes,No Apparent Injury,N/A,NOT DISTRACTED,MD,PASSENGER CAR,MOVING CONSTANT SPEED,30,No,2020,SUBARU,LEGACY,38.993786,-77.03195517,2022,7,14
220029772,Property Damage Crash,07/11/2022 02:52:00 PM,RANDOLPH RD,NA,SAME DIRECTION SIDESWIPE,Clear,DRY,Daylight,TRAFFIC SIGNAL,NONE DETECTED,Yes,No Apparent Injury,N/A,UNKNOWN,NA,UNKNOWN,MAKING LEFT TURN,35,No,0,UNKNOWN,UNKNOWN,39.0576,-77.073425,2022,7,14
220029774,Property Damage Crash,07/11/2022 02:52:00 PM,COLESVILLE RD,NA,HEAD ON LEFT TURN,Clear,DRY,Daylight,N/A,NONE DETECTED,No,No Apparent Injury,N/A,NOT DISTRACTED,MD,PASSENGER CAR,MOVING CONSTANT SPEED,30,No,2005,TOYOTA,PRIUS,38.993786,-77.03195517,2022,7,14
220029770,Property Damage Crash,07/11/2022 02:30:00 PM,NA,NA,STRAIGHT MOVEMENT ANGLE,Clear,NA,Daylight,STOP SIGN,NONE DETECTED,No,No Apparent Injury,N/A,NOT DISTRACTED,MD,PASSENGER CAR,STOPPED IN TRAFFIC LANE,25,No,1994,CHEVROLET,PRISM,39.20019333,-77.24793167,2022,7,14
220029770,Property Damage Crash,07/11/2022 02:30:00 PM,NA,NA,STRAIGHT MOVEMENT ANGLE,Clear,NA,Daylight,STOP SIGN,NONE DETECTED,No,No Apparent Injury,N/A,NOT DISTRACTED,MD,PASSENGER CAR,MOVING CONSTANT SPEED,25,No,2017,TOYOTA,CAMRY,39.20019333,-77.24793167,2022,7,14
220029770,Property Damage Crash,07/11/2022 02:30:00 PM,NA,NA,STRAIGHT MOVEMENT ANGLE,Clear,NA,Daylight,STOP SIGN,NONE DETECTED,Yes,No Apparent Injury,N/A,LOOKED BUT DID NOT SEE,MD,PASSENGER CAR,STOPPED IN TRAFFIC LANE,25,No,2004,TOYOTA,CAMRY,39.20019333,-77.24793167,2022,7,14
220029768,Property Damage Crash,07/11/2022 02:23:00 PM,RIDGE RD,NA,SAME DIR REAR END,Clear,DRY,Daylight,NO CONTROLS,NONE DETECTED,Yes,No Apparent Injury,N/A,UNKNOWN,MD,VAN,MOVING CONSTANT SPEED,40,No,2019,FORD,TRANSIT,39.240975,-77.235055,2022,7,14
220029768,Property Damage Crash,07/11/2022 02:23:00 PM,RIDGE RD,NA,SAME DIR REAR END,Clear,DRY,Daylight,NO CONTROLS,NONE DETECTED,No,No Apparent Injury,N/A,NOT DISTRACTED,ME,PICKUP TRUCK,STOPPED IN TRAFFIC LANE,40,No,2019,DODGE,RAM 1500,39.240975,-77.235055,2022,7,14
220029758,Property Damage Crash,07/11/2022 12:44:00 PM,WOODMONT AVE,NA,SAME DIR REAR END,Clear,DRY,Daylight,NO CONTROLS,NONE DETECTED,No,No Apparent Injury,N/A,NOT DISTRACTED,MD,SCHOOL BUS,STOPPED IN TRAFFIC LANE,25,No,2020,THOMAS BUILT,BUS,38.98554,-77.097072,2022,7,12
220029758,Property Damage Crash,07/11/2022 12:44:00 PM,WOODMONT AVE,NA,SAME DIR REAR END,Clear,DRY,Daylight,NO CONTROLS,NONE DETECTED,Yes,No Apparent Injury,N/A,LOOKED BUT DID NOT SEE,DC,PASSENGER CAR,MOVING CONSTANT SPEED,25,No,2002,LEXUS,IS 300,38.98554,-77.097072,2022,7,12
220029844,Property Damage Crash,07/11/2022 12:40:00 PM,TWINBROOK PKWY,NA,SAME DIR REAR END,Clear,DRY,Daylight,TRAFFIC SIGNAL,NONE DETECTED,Yes,No Apparent Injury,N/A,UNKNOWN,MD,PASSENGER CAR,CHANGING LANES,35,No,2017,NISAN,SENTRA,39.09422167,-77.02918,2022,7,12
220029844,Property Damage Crash,07/11/2022 12:40:00 PM,TWINBROOK PKWY,NA,SAME DIR REAR END,Clear,DRY,Daylight,TRAFFIC SIGNAL,NONE DETECTED,No,No Apparent Injury,N/A,NOT DISTRACTED,MD,PASSENGER CAR,STOPPED IN TRAFFIC LANE,35,No,2021,TOYOTA,RAV4,39.09422167,-77.02918,2022,7,12
220029751,Injury Crash,07/11/2022 12:32:00 PM,FREDERICK RD,NA,SAME DIR REAR END,Clear,DRY,Daylight,NO CONTROLS,NONE DETECTED,Yes,Possible Minor Injury,N/A,NOT DISTRACTED,MD,PASSENGER CAR,MOVING CONSTANT SPEED,40,No,2021,TOYOTA,AVALON,39.12166167,-77.17620833,2022,7,12
220029751,Injury Crash,07/11/2022 12:32:00 PM,FREDERICK RD,NA,SAME DIR REAR END,Clear,DRY,Daylight,NO CONTROLS,NONE DETECTED,No,Possible Minor Injury,N/A,NOT DISTRACTED,MD,"CARGO VAN/LIGHT TRUCK 2 AXLES (OVER 10,000LBS (4,536 KG))",SLOWING OR STOPPING,40,No,2021,IZUZU,NPRXD,39.12166167,-77.17620833,2022,7,12
220029742,Injury Crash,07/11/2022 11:58:00 AM,FATHER HURLEY BLVD,NA,SAME DIR REAR END,Clear,DRY,Daylight,N/A,NONE DETECTED,Yes,No Apparent Injury,N/A,NOT DISTRACTED,MD,POLICE VEHICLE/EMERGENCY,MOVING CONSTANT SPEED,45,No,2012,DODGE,CHARGER,39.19605667,-77.26602167,2022,7,11
220029742,Injury Crash,07/11/2022 11:58:00 AM,FATHER HURLEY BLVD,NA,SAME DIR REAR END,Clear,DRY,Daylight,N/A,NONE DETECTED,No,Possible Minor Injury,N/A,NOT DISTRACTED,MD,PASSENGER CAR,SLOWING OR STOPPING,45,No,2018,HYUNDAI,ELANTRA,39.19605667,-77.26602167,2022,7,11
220029730,Property Damage Crash,07/11/2022 10:09:00 AM,GLEN RD,NA,HEAD ON LEFT TURN,Clear,DRY,Daylight,N/A,NONE DETECTED,Yes,No Apparent Injury,N/A,LOOKED BUT DID NOT SEE,MD,PASSENGER CAR,MAKING LEFT TURN,35,No,2022,HYUN,TUSCON,39.04639,-77.19262833,2022,7,10
220029730,Property Damage Crash,07/11/2022 10:09:00 AM,GLEN RD,NA,HEAD ON LEFT TURN,Clear,DRY,Daylight,N/A,NONE DETECTED,No,No Apparent Injury,N/A,NOT DISTRACTED,MD,PASSENGER CAR,MOVING CONSTANT SPEED,35,No,2004,CHEV,UT,39.04639,-77.19262833,2022,7,10
220029725,Injury Crash,07/11/2022 09:38:00 AM,BEL PRE RD,NA,SAME DIR REAR END,Clear,DRY,Daylight,TRAFFIC SIGNAL,NONE DETECTED,Yes,Possible Minor Injury,N/A,NOT DISTRACTED,MD,PASSENGER CAR,MOVING CONSTANT SPEED,35,No,2015,LEXUS,RX350,39.0923,-77.0708,2022,7,9
220029725,Injury Crash,07/11/2022 09:38:00 AM,BEL PRE RD,NA,SAME DIR REAR END,Clear,DRY,Daylight,TRAFFIC SIGNAL,NONE DETECTED,No,No Apparent Injury,N/A,NOT DISTRACTED,MD,PASSENGER CAR,MOVING CONSTANT SPEED,35,No,2020,HYUNDAI,TUSCON,39.0923,-77.0708,2022,7,9
220029723,Property Damage Crash,07/11/2022 09:10:00 AM,COLESVILLE RD,NA,HEAD ON,Clear,DRY,Daylight,NO CONTROLS,NONE DETECTED,No,No Apparent Injury,N/A,NOT DISTRACTED,MD,TRANSIT BUS,STOPPED IN TRAFFIC LANE,35,No,2020,NOVA,BU,38.99533,-77.028545,2022,7,9
220029723,Property Damage Crash,07/11/2022 09:10:00 AM,COLESVILLE RD,NA,HEAD ON,Clear,DRY,Daylight,NO CONTROLS,NONE DETECTED,Yes,No Apparent Injury,N/A,NOT DISTRACTED,DC,PASSENGER CAR,STARTING FROM LANE,35,No,1993,LINCOLN,TOWNCAR,38.99533,-77.028545,2022,7,9
220029721,Property Damage Crash,07/11/2022 08:50:00 AM,DARNESTOWN RD,NA,SINGLE VEHICLE,Clear,DRY,Daylight,NO CONTROLS,NONE DETECTED,Yes,No Apparent Injury,N/A,LOOKED BUT DID NOT SEE,MD,PASSENGER CAR,MOVING CONSTANT SPEED,40,No,2019,HONDA,HR-V,39.10600767,-77.23287883,2022,7,8
220029717,Injury Crash,07/11/2022 07:58:00 AM,FERNWOOD RD,NA,SAME DIRECTION LEFT TURN,Clear,DRY,Daylight,N/A,NONE DETECTED,Yes,Possible Minor Injury,N/A,LOOKED BUT DID NOT SEE,MD,(SPORT) UTILITY VEHICLE,STOPPED IN TRAFFIC LANE,30,No,2019,VOLKSWAGEN,ATLAS,39.00797667,-77.13310833,2022,7,7
220029717,Injury Crash,07/11/2022 07:58:00 AM,FERNWOOD RD,NA,SAME DIRECTION LEFT TURN,Clear,DRY,Daylight,N/A,NONE DETECTED,Yes,No Apparent Injury,N/A,LOOKED BUT DID NOT SEE,MD,PASSENGER CAR,PASSING,30,No,2018,LEXUS,IS350,39.00797667,-77.13310833,2022,7,7
220029712,Injury Crash,07/11/2022 06:42:00 AM,CHAPMAN AVE,OTHER,OTHER,Clear,DRY,Daylight,TRAFFIC SIGNAL,NONE DETECTED,Unknown,No Apparent Injury,N/A,UNKNOWN,MD,PASSENGER CAR,UNKNOWN,30,No,2006,HONDA,CIVIC,39.0599561,-77.1200266,2022,7,6
220029711,Property Damage Crash,07/11/2022 05:14:00 AM,NA,NA,STRAIGHT MOVEMENT ANGLE,Clear,NA,Medium,NO CONTROLS,NONE DETECTED,Yes,No Apparent Injury,N/A,UNKNOWN,NA,PASSENGER CAR,UNKNOWN,5,No,2008,HONDA,ACCORD,38.99841,-76.99532833,2022,7,5
220029703,Property Damage Crash,07/11/2022 01:40:00 AM,NA,NA,OTHER,Clear,NA,Medium,N/A,NONE DETECTED,Yes,No Apparent Injury,N/A,UNKNOWN,MD,PICKUP TRUCK,BACKING,0,No,2006,DODGE,RAM 2500,39.041672,-77.05396167,2022,7,1
220029703,Property Damage Crash,07/11/2022 01:40:00 AM,NA,NA,OTHER,Clear,NA,Medium,N/A,NONE DETECTED,No,No Apparent Injury,N/A,NOT DISTRACTED,MD,"MEDIUM/HEAVY TRUCKS 3 AXLES (OVER 10,000LBS (4,536KG))",PARKED,0,No,1995,KENWORTH,ST,39.041672,-77.05396167,2022,7,1
220029696,Property Damage Crash,07/10/2022 11:46:00 PM,FREDERICK RD,NA,SAME DIR REAR END,Clear,DRY,Medium,TRAFFIC SIGNAL,ALCOHOL PRESENT,Yes,No Apparent Injury,N/A,NOT DISTRACTED,MD,PASSENGER CAR,MOVING CONSTANT SPEED,35,No,2016,CHEV,4S,39.14550375,-77.1925572,2022,7,23
220029696,Property Damage Crash,07/10/2022 11:46:00 PM,FREDERICK RD,NA,SAME DIR REAR END,Clear,DRY,Medium,TRAFFIC SIGNAL,NONE DETECTED,No,No Apparent Injury,N/A,NOT DISTRACTED,MD,PASSENGER CAR,STOPPED IN TRAFFIC LANE,35,No,2014,LEXS,CN,39.14550375,-77.1925572,2022,7,23
220029690,Injury Crash,07/10/2022 10:42:00 PM,W DIAMOND AVE,NA,SAME DIR REAR END,Clear,DRY,Medium,TRAFFIC SIGNAL,NONE DETECTED,No,Possible Minor Injury,N/A,NOT DISTRACTED,MD,PASSENGER CAR,STOPPED IN TRAFFIC LANE,35,No,2020,HYUNDAI,VELOSTER N,39.14150915,-77.21688038,2022,7,22
220029690,Injury Crash,07/10/2022 10:42:00 PM,W DIAMOND AVE,NA,SAME DIR REAR END,Clear,DRY,Medium,TRAFFIC SIGNAL,ALCOHOL PRESENT,Yes,No Apparent Injury,N/A,UNKNOWN,MD,PASSENGER CAR,MOVING CONSTANT SPEED,35,No,2013,KIA,FORTE,39.14150915,-77.21688038,2022,7,22
220029686,Property Damage Crash,07/10/2022 10:25:00 PM,NEW HAMPSHIRE AVE,NA,SAME DIR REAR END,Clear,DRY,Medium,N/A,NONE DETECTED,Yes,No Apparent Injury,N/A,UNKNOWN,NA,MOTORCYCLE,MOVING CONSTANT SPEED,35,No,2005,HONDA,SP,39.015274,-76.977759,2022,7,22
220029686,Property Damage Crash,07/10/2022 10:25:00 PM,NEW HAMPSHIRE AVE,NA,SAME DIR REAR END,Clear,DRY,Medium,N/A,NONE DETECTED,No,No Apparent Injury,N/A,NOT DISTRACTED,MD,PICKUP TRUCK,CHANGING LANES,35,No,2021,FORD,F250,39.015274,-76.977759,2022,7,22
220029681,Injury Crash,07/10/2022 10:05:00 PM,ROCKVILLE PIKE,NA,STRAIGHT MOVEMENT ANGLE,Clear,DRY,Medium,TRAFFIC SIGNAL,NONE DETECTED,No,Possible Minor Injury,N/A,NOT DISTRACTED,MD,POLICE VEHICLE/EMERGENCY,MAKING LEFT TURN,35,No,2013,GMC,SW,38.99519667,-77.09656833,2022,7,22
220029681,Injury Crash,07/10/2022 10:05:00 PM,ROCKVILLE PIKE,NA,STRAIGHT MOVEMENT ANGLE,Clear,DRY,Medium,TRAFFIC SIGNAL,NONE DETECTED,Yes,No Apparent Injury,N/A,NOT DISTRACTED,MD,OTHER,MOVING CONSTANT SPEED,35,No,2015,BMW,2H,38.99519667,-77.09656833,2022,7,22
220029681,Injury Crash,07/10/2022 10:05:00 PM,ROCKVILLE PIKE,NA,STRAIGHT MOVEMENT ANGLE,Clear,DRY,Medium,TRAFFIC SIGNAL,NONE DETECTED,No,No Apparent Injury,N/A,NOT DISTRACTED,MD,PASSENGER CAR,MAKING LEFT TURN,35,No,2013,NISS,TK,38.99519667,-77.09656833,2022,7,22
220029669,Property Damage Crash,07/10/2022 09:00:00 PM,TRAVILAH RD,NA,SAME DIRECTION RIGHT TURN,Clear,DRY,Medium,STOP SIGN,NONE DETECTED,Yes,No Apparent Injury,N/A,UNKNOWN,NA,PASSENGER CAR,PASSING,35,No,2009,H3,HUMMER,39.11417333,-77.23959333,2022,7,21