Local Case Number,ACRS Report Type,Crash Date/Time,Road Name,Related Non-Motorist,Collision Type,Weather,Surface Condition,Light,Traffic Control,Driver Substance Abuse,Driver At Fault,Injury Severity,Circumstance,Driver Distracted By,Drivers License State,Vehicle Body Type,Vehicle Movement,Speed Limit,Driverless Vehicle,Vehicle Year,Vehicle Make,Vehicle Model,Latitude,Longitude,Year,Month,Hour
220029396,Property Damage Crash,07/08/2022 09:20:00 PM,WISTERIA DR,NA,STRAIGHT MOVEMENT ANGLE,Clear,DRY,Medium,STOP SIGN,NONE DETECTED,Yes,No Apparent Injury,N/A,UNKNOWN,NA,MOTORCYCLE,ACCELERATING,30,No,2016,KAWASAKI,NINJA,39.17761833,-77.27113333,2022,7,21
220029396,Property Damage Crash,07/08/2022 09:20:00 PM,WISTERIA DR,NA,STRAIGHT MOVEMENT ANGLE,Clear,DRY,Medium,STOP SIGN,NONE DETECTED,No,No Apparent Injury,N/A,NOT DISTRACTED,MD,VAN,MAKING LEFT TURN,30,No,2019,HONDA,ODYSSEY,39.17761833,-77.27113333,2022,7,21
220029379,Injury Crash,07/08/2022 07:02:00 PM,WATKINS MILL RD,NA,HEAD ON LEFT TURN,Cloudy,DRY,Daylight,NO CONTROLS,NONE DETECTED,Yes,No Apparent Injury,N/A,UNKNOWN,MD,(SPORT) UTILITY VEHICLE,MAKING LEFT TURN,35,No,2009,TOYOYA,RAV4,39.17239217,-77.2084205,2022,7,19
220029379,Injury Crash,07/08/2022 07:02:00 PM,WATKINS MILL RD,NA,HEAD ON LEFT TURN,Cloudy,DRY,Daylight,NO CONTROLS,NONE DETECTED,No,Possible Minor Injury,N/A,NOT DISTRACTED,MD,PASSENGER CAR,MOVING CONSTANT SPEED,35,No,2000,HONDA,CIVIC,39.17239217,-77.2084205,2022,7,19
220029375,Property Damage Crash,07/08/2022 06:38:00 PM,NA,NA,OTHER,Clear,NA,Daylight,NO CONTROLS,NONE DETECTED,No,No Apparent Injury,N/A,NOT DISTRACTED,MD,PASSENGER CAR,UNKNOWN,20,No,2010,TOYOTA,CAMRY,39.1835603,-77.2623521,2022,7,18
220029375,Property Damage Crash,07/08/2022 06:38:00 PM,NA,NA,OTHER,Clear,NA,Daylight,NO CONTROLS,NONE DETECTED,Yes,No Apparent Injury,N/A,NOT DISTRACTED,MD,PASSENGER CAR,UNKNOWN,20,No,2017,VOLKSWAGON,4 DOOR,39.1835603,-77.2623521,2022,7,18
220029347,Property Damage Crash,07/08/2022 04:37:00 PM,UNIVERSITY BLVD E,NA,SAME DIRECTION LEFT TURN,Clear,DRY,Daylight,NO CONTROLS,NONE DETECTED,Yes,No Apparent Injury,N/A,LOOKED BUT DID NOT SEE,MD,PASSENGER CAR,MAKING RIGHT TURN,35,No,2002,KW,TRUCK,39.02963233,-77.00736033,2022,7,16
220029347,Property Damage Crash,07/08/2022 04:37:00 PM,UNIVERSITY BLVD E,NA,SAME DIRECTION LEFT TURN,Clear,DRY,Daylight,NO CONTROLS,NONE DETECTED,No,No Apparent Injury,N/A,NOT DISTRACTED,MD,PASSENGER CAR,MOVING CONSTANT SPEED,35,No,2018,TOYOTA,4D,39.02963233,-77.00736033,2022,7,16
220029350,Property Damage Crash,07/08/2022 04:26:00 PM,ROCKVILLE PIKE,NA,STRAIGHT MOVEMENT ANGLE,Clear,DRY,Daylight,STOP SIGN,NONE DETECTED,No,No Apparent Injury,N/A,NOT DISTRACTED,MD,(SPORT) UTILITY VEHICLE,MOVING CONSTANT SPEED,35,No,2020,SUBARU,UT,39.07429441,-77.13723376,2022,7,16
220029350,Property Damage Crash,07/08/2022 04:26:00 PM,ROCKVILLE PIKE,NA,STRAIGHT MOVEMENT ANGLE,Clear,DRY,Daylight,STOP SIGN,NONE DETECTED,Yes,No Apparent Injury,N/A,LOOKED BUT DID NOT SEE,MD,PASSENGER CAR,MAKING LEFT TURN,35,No,2016,MAZD,4S,39.07429441,-77.13723376,2022,7,16
220029343,Injury Crash,07/08/2022 04:17:00 PM,ROCKVILLE PIKE,NA,SAME DIR REAR END,Clear,DRY,Daylight,N/A,NONE DETECTED,No,No Apparent Injury,N/A,NOT DISTRACTED,MD,PASSENGER CAR,STOPPED IN TRAFFIC LANE,35,No,2017,HYUN,ELANTRA,39.04473617,-77.10968217,2022,7,16
220029343,Injury Crash,07/08/2022 04:17:00 PM,ROCKVILLE PIKE,NA,SAME DIR REAR END,Clear,DRY,Daylight,N/A,NONE DETECTED,No,No Apparent Injury,N/A,NOT DISTRACTED,MD,PASSENGER CAR,STOPPED IN TRAFFIC LANE,35,No,2013,CHRYSLER,200,39.04473617,-77.10968217,2022,7,16
220029343,Injury Crash,07/08/2022 04:17:00 PM,ROCKVILLE PIKE,NA,SAME DIR REAR END,Clear,DRY,Daylight,N/A,NONE DETECTED,No,No Apparent Injury,N/A,NOT DISTRACTED,MD,PASSENGER CAR,STOPPED IN TRAFFIC LANE,35,No,2011,MAZD,6,39.04473617,-77.10968217,2022,7,16
220029343,Injury Crash,07/08/2022 04:17:00 PM,ROCKVILLE PIKE,NA,SAME DIR REAR END,Clear,DRY,Daylight,N/A,NONE DETECTED,Yes,Possible Minor Injury,N/A,UNKNOWN,MD,PASSENGER CAR,SLOWING OR STOPPING,35,No,2001,LEXUS,LS430,39.04473617,-77.10968217,2022,7,16
220029342,Injury Crash,07/08/2022 04:08:00 PM,GERMANTOWN RD,NA,OTHER,Cloudy,DRY,Daylight,TRAFFIC SIGNAL,NONE DETECTED,Unknown,Possible Minor Injury,N/A,UNKNOWN,MD,PASSENGER CAR,UNKNOWN,45,No,2015,NISSAN,ROGUE,39.16827,-77.2820837,2022,7,16
220029342,Injury Crash,07/08/2022 04:08:00 PM,GERMANTOWN RD,NA,OTHER,Cloudy,DRY,Daylight,TRAFFIC SIGNAL,NONE DETECTED,Unknown,No Apparent Injury,N/A,UNKNOWN,MD,"MEDIUM/HEAVY TRUCKS 3 AXLES (OVER 10,000LBS (4,536KG))",MAKING LEFT TURN,45,No,2006,PETERBILT,379 TRUCK TRACTOR,39.16827,-77.2820837,2022,7,16
220029330,Injury Crash,07/08/2022 03:19:00 PM,HUNGERFORD DR,PEDESTRIAN,OTHER,Clear,DRY,Daylight,TRAFFIC SIGNAL,NONE DETECTED,Yes,No Apparent Injury,N/A,LOOKED BUT DID NOT SEE,NA,PASSENGER CAR,MAKING RIGHT TURN,35,No,1900,CHEVROLET,CRUZ,39.0891809,-77.1516253,2022,7,15
220029329,Injury Crash,07/08/2022 03:15:00 PM,COLUMBIA PIKE,NA,SAME DIR REAR END,Clear,DRY,Daylight,NO CONTROLS,NONE DETECTED,Yes,Possible Minor Injury,N/A,LOOKED BUT DID NOT SEE,MD,PASSENGER CAR,SLOWING OR STOPPING,50,No,2015,RAM,VN,39.05428333,-76.974323,2022,7,15
220029329,Injury Crash,07/08/2022 03:15:00 PM,COLUMBIA PIKE,NA,SAME DIR REAR END,Clear,DRY,Daylight,NO CONTROLS,NONE DETECTED,No,Possible Minor Injury,N/A,NOT DISTRACTED,MD,PICKUP TRUCK,SLOWING OR STOPPING,50,No,2014,FORD,F150,39.05428333,-76.974323,2022,7,15
220029329,Injury Crash,07/08/2022 03:15:00 PM,COLUMBIA PIKE,NA,SAME DIR REAR END,Clear,DRY,Daylight,NO CONTROLS,NONE DETECTED,No,Possible Minor Injury,N/A,NOT DISTRACTED,MD,PASSENGER CAR,MOVING CONSTANT SPEED,50,No,2016,HOND,TK,39.05428333,-76.974323,2022,7,15
220029319,Property Damage Crash,07/08/2022 01:06:00 PM,GOLDSBORO RD,NA,STRAIGHT MOVEMENT ANGLE,Cloudy,DRY,Daylight,STOP SIGN,NONE DETECTED,Yes,No Apparent Injury,N/A,LOOKED BUT DID NOT SEE,MD,PASSENGER CAR,MAKING LEFT TURN,30,No,2017,ACUR,TK,38.97158167,-77.12938,2022,7,13
220029319,Property Damage Crash,07/08/2022 01:06:00 PM,GOLDSBORO RD,NA,STRAIGHT MOVEMENT ANGLE,Cloudy,DRY,Daylight,STOP SIGN,NONE DETECTED,No,No Apparent Injury,N/A,NOT DISTRACTED,MD,PASSENGER CAR,MOVING CONSTANT SPEED,30,No,2016,ACUR,4S,38.97158167,-77.12938,2022,7,13
220029305,Injury Crash,07/08/2022 12:39:00 PM,MONTGOMERY VILLAGE AVE,NA,STRAIGHT MOVEMENT ANGLE,Clear,DRY,Daylight,TRAFFIC SIGNAL,NONE DETECTED,No,No Apparent Injury,N/A,NOT DISTRACTED,MD,PASSENGER CAR,STARTING FROM LANE,30,No,2006,TOYOTA,SIENNA,39.17273,-77.204125,2022,7,12
220029305,Injury Crash,07/08/2022 12:39:00 PM,MONTGOMERY VILLAGE AVE,NA,STRAIGHT MOVEMENT ANGLE,Clear,DRY,Daylight,TRAFFIC SIGNAL,NONE DETECTED,Yes,Possible Minor Injury,N/A,TALKING OR LISTENING TO CELLULAR PHONE,MD,PASSENGER CAR,MOVING CONSTANT SPEED,35,No,2014,TOYOTA,CAMRY,39.17273,-77.204125,2022,7,12
220029304,Property Damage Crash,07/08/2022 12:30:00 PM,VEIRS MILL RD,NA,STRAIGHT MOVEMENT ANGLE,Clear,DRY,Daylight,N/A,NONE DETECTED,Yes,No Apparent Injury,N/A,LOOKED BUT DID NOT SEE,MD,PASSENGER CAR,ACCELERATING,10,No,2009,HONDA,ACCORD,39.07676629,-77.11714305,2022,7,12
220029304,Property Damage Crash,07/08/2022 12:30:00 PM,VEIRS MILL RD,NA,STRAIGHT MOVEMENT ANGLE,Clear,DRY,Daylight,N/A,NONE DETECTED,No,No Apparent Injury,N/A,NOT DISTRACTED,MD,PASSENGER CAR,MOVING CONSTANT SPEED,40,No,2016,SUBA,4S,39.07676629,-77.11714305,2022,7,12
220029290,Property Damage Crash,07/08/2022 10:58:00 AM,W WATKINS MILL RD,NA,HEAD ON LEFT TURN,Cloudy,DRY,Daylight,TRAFFIC SIGNAL,NONE DETECTED,No,No Apparent Injury,N/A,NOT DISTRACTED,MD,PASSENGER CAR,MAKING LEFT TURN,35,No,2010,MAZDA,5,39.156525,-77.22469167,2022,7,10
220029290,Property Damage Crash,07/08/2022 10:58:00 AM,W WATKINS MILL RD,NA,HEAD ON LEFT TURN,Cloudy,DRY,Daylight,TRAFFIC SIGNAL,NONE DETECTED,Yes,No Apparent Injury,N/A,UNKNOWN,MD,PASSENGER CAR,MOVING CONSTANT SPEED,35,No,2016,FORD,F150,39.156525,-77.22469167,2022,7,10
220029282,Property Damage Crash,07/08/2022 09:30:00 AM,SHADY GROVE RD,NA,SAME DIRECTION SIDESWIPE,Clear,DRY,Daylight,STOP SIGN,NONE DETECTED,Yes,No Apparent Injury,N/A,LOOKED BUT DID NOT SEE,MD,VAN,MAKING RIGHT TURN,35,No,2003,TOYOTA,SIENNA,39.1134798,-77.18640185,2022,7,9
220029282,Property Damage Crash,07/08/2022 09:30:00 AM,SHADY GROVE RD,NA,SAME DIRECTION SIDESWIPE,Clear,DRY,Daylight,STOP SIGN,NONE DETECTED,No,No Apparent Injury,N/A,NOT DISTRACTED,MD,(SPORT) UTILITY VEHICLE,MOVING CONSTANT SPEED,35,No,2021,TESL,UT,39.1134798,-77.18640185,2022,7,9
220029277,Property Damage Crash,07/08/2022 08:45:00 AM,PINEDALE DR,NA,SAME DIRECTION SIDESWIPE,Cloudy,DRY,Daylight,NO CONTROLS,NONE DETECTED,Yes,No Apparent Injury,N/A,NOT DISTRACTED,MD,SCHOOL BUS,MAKING RIGHT TURN,25,No,2020,THOMAS,BUS,39.03060517,-76.99794033,2022,7,8
220029272,Injury Crash,07/08/2022 08:09:00 AM,HUNGERFORD DR,NA,STRAIGHT MOVEMENT ANGLE,Cloudy,DRY,Daylight,TRAFFIC SIGNAL,NONE DETECTED,Yes,Possible Minor Injury,N/A,NOT DISTRACTED,MD,PASSENGER CAR,MOVING CONSTANT SPEED,35,No,2016,SUBA,2S,39.09683567,-77.1533935,2022,7,8
220029272,Injury Crash,07/08/2022 08:09:00 AM,HUNGERFORD DR,NA,STRAIGHT MOVEMENT ANGLE,Cloudy,DRY,Daylight,TRAFFIC SIGNAL,NONE DETECTED,No,Possible Minor Injury,N/A,NOT DISTRACTED,MD,TRANSIT BUS,MOVING CONSTANT SPEED,25,No,2013,NEW FLYER,TBU,39.09683567,-77.1533935,2022,7,8
220029270,Property Damage Crash,07/08/2022 08:00:00 AM,LIVINGSTON ST,NA,SAME DIRECTION SIDESWIPE,Cloudy,DRY,Daylight,NO CONTROLS,NONE DETECTED,Yes,No Apparent Injury,"N/A, V EXHAUST SYSTEM|R OTHER ROAD",NOT DISTRACTED,MD,SCHOOL BUS,MOVING CONSTANT SPEED,25,No,2021,THMS,SB,39.05475167,-77.05913,2022,7,8
220029316,Injury Crash,07/08/2022 07:00:00 AM,BONIFANT ST,PEDESTRIAN,SINGLE VEHICLE,Clear,DRY,Daylight,NO CONTROLS,NONE DETECTED,No,No Apparent Injury,N/A,UNKNOWN,NA,NA,STARTING FROM PARKED,25,No,0,UNKNOWN,UNKNOWN,38.9910875,-77.02782433,2022,7,7
220029232,Property Damage Crash,07/07/2022 09:48:00 PM,UNIVERSITY BLVD E,NA,SAME DIR REAR END,Clear,DRY,Medium,TRAFFIC SIGNAL,NONE DETECTED,Yes,No Apparent Injury,N/A,UNKNOWN,XX,PASSENGER CAR,SLOWING OR STOPPING,35,No,2010,HONDA,FIT,39.0155044,-77.0052972,2022,7,21
220029232,Property Damage Crash,07/07/2022 09:48:00 PM,UNIVERSITY BLVD E,NA,SAME DIR REAR END,Clear,DRY,Medium,TRAFFIC SIGNAL,NONE DETECTED,No,No Apparent Injury,N/A,NOT DISTRACTED,MD,PASSENGER CAR,STOPPED IN TRAFFIC LANE,35,No,2012,NISSAN,4S,39.0155044,-77.0052972,2022,7,21
220029202,Property Damage Crash,07/07/2022 06:07:00 PM,NEW HAMPSHIRE AVE,NA,SAME DIRECTION SIDESWIPE,Clear,DRY,Daylight,NO CONTROLS,NONE DETECTED,No,No Apparent Injury,N/A,NOT DISTRACTED,MD,PASSENGER CAR,MOVING CONSTANT SPEED,40,No,2005,NISSAN,PATHFINDER,39.01247,-76.97857667,2022,7,18
220029202,Property Damage Crash,07/07/2022 06:07:00 PM,NEW HAMPSHIRE AVE,NA,SAME DIRECTION SIDESWIPE,Clear,DRY,Daylight,NO CONTROLS,NONE DETECTED,Yes,No Apparent Injury,N/A,NOT DISTRACTED,NA,PASSENGER CAR,CHANGING LANES,40,No,2016,MERCEDES,GLE,39.01247,-76.97857667,2022,7,18
220029193,Injury Crash,07/07/2022 04:00:00 PM,16TH ST,NA,STRAIGHT MOVEMENT ANGLE,Clear,DRY,Daylight,TRAFFIC SIGNAL,NONE DETECTED,No,No Apparent Injury,N/A,NOT DISTRACTED,VA,PASSENGER CAR,MOVING CONSTANT SPEED,35,No,2016,HONDA,CR-V,38.9956888,-77.0387233,2022,7,16
220029165,Property Damage Crash,07/07/2022 04:00:00 PM,NEW HAMPSHIRE AVE SERV RD,NA,SAME DIR REAR END,Clear,DRY,Daylight,NO CONTROLS,NONE DETECTED,No,No Apparent Injury,N/A,NOT DISTRACTED,MD,PASSENGER CAR,SLOWING OR STOPPING,30,No,2019,TOYOTA,UT,39.00811833,-76.98130167,2022,7,16
220029193,Injury Crash,07/07/2022 04:00:00 PM,16TH ST,NA,STRAIGHT MOVEMENT ANGLE,Clear,DRY,Daylight,TRAFFIC SIGNAL,NONE DETECTED,Yes,No Apparent Injury,N/A,NOT DISTRACTED,DC,PASSENGER CAR,MAKING LEFT TURN,35,No,2010,TOYOTA,SD,38.9956888,-77.0387233,2022,7,16
220029165,Property Damage Crash,07/07/2022 04:00:00 PM,NEW HAMPSHIRE AVE SERV RD,NA,SAME DIR REAR END,Clear,DRY,Daylight,NO CONTROLS,NONE DETECTED,Yes,No Apparent Injury,N/A,NOT DISTRACTED,MD,PASSENGER CAR,MOVING CONSTANT SPEED,30,No,2017,TOYOTA,CAMRY,39.00811833,-76.98130167,2022,7,16
220029158,Property Damage Crash,07/07/2022 03:38:00 PM,QUINCE ORCHARD RD,NA,SAME DIRECTION LEFT TURN,Cloudy,DRY,Daylight,OTHER,NONE DETECTED,Yes,No Apparent Injury,N/A,LOOKED BUT DID NOT SEE,MD,PASSENGER CAR,CHANGING LANES,40,No,2018,TOYT,TK,39.14592,-77.21973333,2022,7,15
220029158,Property Damage Crash,07/07/2022 03:38:00 PM,QUINCE ORCHARD RD,NA,SAME DIRECTION LEFT TURN,Cloudy,DRY,Daylight,OTHER,NONE DETECTED,No,No Apparent Injury,N/A,NOT DISTRACTED,MD,PASSENGER CAR,MOVING CONSTANT SPEED,40,No,2013,HYUN,SD,39.14592,-77.21973333,2022,7,15
220029155,Property Damage Crash,07/07/2022 03:25:00 PM,NA,NA,SINGLE VEHICLE,Clear,NA,Daylight,NO CONTROLS,NONE DETECTED,Yes,No Apparent Injury,N/A,OTHER DISTRACTION,XX,PICKUP TRUCK,MOVING CONSTANT SPEED,15,No,2009,CHEVY,PK,39.15669523,-77.20422068,2022,7,15
220029149,Property Damage Crash,07/07/2022 03:10:00 PM,GRIDLEY RD,NA,STRAIGHT MOVEMENT ANGLE,Clear,DRY,Daylight,STOP SIGN,NONE DETECTED,Yes,No Apparent Injury,N/A,LOOKED BUT DID NOT SEE,DC,PASSENGER CAR,ACCELERATING,30,No,2006,HONDA,ACCORD,39.25265167,-77.18780667,2022,7,15
220029149,Property Damage Crash,07/07/2022 03:10:00 PM,GRIDLEY RD,NA,STRAIGHT MOVEMENT ANGLE,Clear,DRY,Daylight,STOP SIGN,NONE DETECTED,No,No Apparent Injury,N/A,NOT DISTRACTED,MD,PASSENGER CAR,MOVING CONSTANT SPEED,30,No,1999,FORD,ESCORT SE SPORT,39.25265167,-77.18780667,2022,7,15
220029145,Injury Crash,07/07/2022 02:21:00 PM,NORBECK RD,NA,SINGLE VEHICLE,Clear,DRY,Daylight,NO CONTROLS,NONE DETECTED,Yes,Possible Minor Injury,N/A,UNKNOWN,MD,PASSENGER CAR,CHANGING LANES,35,No,2021,VOLKSWAGON,SUV,39.09057333,-77.12924,2022,7,14
220029083,Property Damage Crash,07/07/2022 04:00:00 AM,PICCARD DR,NA,OTHER,Cloudy,DRY,Medium,NO CONTROLS,NONE DETECTED,Yes,No Apparent Injury,N/A,OTHER CELLULAR PHONE RELATED,MD,PASSENGER CAR,MOVING CONSTANT SPEED,30,No,2015,TOYT,TK,39.1148915,-77.17856617,2022,7,4
220029076,Property Damage Crash,07/07/2022 01:34:00 AM,UNIVERSITY BLVD E,NA,SAME DIR REAR END,Rain,WET,Medium,TRAFFIC SIGNAL,NONE DETECTED,No,No Apparent Injury,"SLEET, HAIL, FREEZ. RAIN, WET",NOT DISTRACTED,VA,PASSENGER CAR,STOPPED IN TRAFFIC LANE,35,No,2013,FORD,FOCUS,38.99899333,-76.99455333,2022,7,1
220029076,Property Damage Crash,07/07/2022 01:34:00 AM,UNIVERSITY BLVD E,NA,SAME DIR REAR END,Rain,WET,Medium,TRAFFIC SIGNAL,NONE DETECTED,Yes,No Apparent Injury,"SLEET, HAIL, FREEZ. RAIN, WET",UNKNOWN,NA,PASSENGER CAR,SLOWING OR STOPPING,35,No,2014,MERZ,VAN,38.99899333,-76.99455333,2022,7,1
220029075,Injury Crash,07/07/2022 12:50:00 AM,NORBECK RD,NA,SAME DIRECTION SIDESWIPE,Rain,WET,Medium,FLASHING TRAFFIC SIGNAL,NONE DETECTED,No,Possible Minor Injury,"RAIN, SNOW, WET",NOT DISTRACTED,MD,PASSENGER CAR,MOVING CONSTANT SPEED,35,No,2019,TOYT,TK,39.09936167,-77.09968667,2022,7,0
220029075,Injury Crash,07/07/2022 12:50:00 AM,NORBECK RD,NA,SAME DIRECTION SIDESWIPE,Rain,WET,Medium,FLASHING TRAFFIC SIGNAL,NONE DETECTED,Yes,Possible Minor Injury,"RAIN, SNOW, WET",LOOKED BUT DID NOT SEE,MD,PASSENGER CAR,MAKING RIGHT TURN,35,No,2022,VOLK,UT,39.09936167,-77.09968667,2022,7,0
220029062,Injury Crash,07/06/2022 09:25:00 PM,STONEYBROOK DR,NA,SINGLE VEHICLE,Rain,WET,Dark,NO CONTROLS,ALCOHOL PRESENT,Yes,Possible Minor Injury,"N/A, WET",NOT DISTRACTED,XX,PASSENGER CAR,MOVING CONSTANT SPEED,25,No,2019,TOYOTA,COROLLA,38.99750667,-77.10965333,2022,7,21
220029046,Injury Crash,07/06/2022 07:12:00 PM,GERMANTOWN RD,NA,SAME DIR REAR END,Rain,WET,Daylight,NO CONTROLS,NONE DETECTED,No,Possible Minor Injury,"RAIN, SNOW, WET",NOT DISTRACTED,MD,PASSENGER CAR,STOPPED IN TRAFFIC LANE,45,No,2016,MINI,2S,39.18412083,-77.26277817,2022,7,19
220029046,Injury Crash,07/06/2022 07:12:00 PM,GERMANTOWN RD,NA,SAME DIR REAR END,Rain,WET,Daylight,NO CONTROLS,ALCOHOL PRESENT,Yes,No Apparent Injury,"RAIN, SNOW, WET",OTHER DISTRACTION,MD,PICKUP TRUCK,MOVING CONSTANT SPEED,45,No,2005,TOYT,TACOMA,39.18412083,-77.26277817,2022,7,19
220029042,Property Damage Crash,07/06/2022 07:00:00 PM,ARBUTUS AVE,NA,SAME DIR REAR END,Cloudy,DRY,Daylight,NO CONTROLS,ALCOHOL PRESENT,Yes,No Apparent Injury,N/A,UNKNOWN,MD,PASSENGER CAR,UNKNOWN,30,No,2000,HONDA,ACCORD,39.06931083,-77.09794167,2022,7,19
220029033,Injury Crash,07/06/2022 06:12:00 PM,SEVEN LOCKS RD,NA,SAME DIR REAR END,Cloudy,DRY,Medium,TRAFFIC SIGNAL,NONE DETECTED,No,Possible Minor Injury,N/A,NOT DISTRACTED,MD,(SPORT) UTILITY VEHICLE,STOPPED IN TRAFFIC LANE,35,No,2020,VOLKSWAGEN,ATLAS CROSS SPORT,39.04144667,-77.15930667,2022,7,18
220029033,Injury Crash,07/06/2022 06:12:00 PM,SEVEN LOCKS RD,NA,SAME DIR REAR END,Cloudy,DRY,Medium,TRAFFIC SIGNAL,NONE DETECTED,Yes,Possible Minor Injury,N/A,UNKNOWN,MD,PASSENGER CAR,CHANGING LANES,35,No,2018,FORD,MUSTANG,39.04144667,-77.15930667,2022,7,18
220029037,Property Damage Crash,07/06/2022 05:56:00 PM,LOCKWOOD DR,NA,SAME DIRECTION SIDESWIPE,Cloudy,DRY,Daylight,NO CONTROLS,NONE DETECTED,Yes,No Apparent Injury,N/A,UNKNOWN,NA,PASSENGER CAR,MOVING CONSTANT SPEED,30,No,2016,TOYOTA,HIGHLANDER,39.04039667,-76.98909167,2022,7,17
220029037,Property Damage Crash,07/06/2022 05:56:00 PM,LOCKWOOD DR,NA,SAME DIRECTION SIDESWIPE,Cloudy,DRY,Daylight,NO CONTROLS,NONE DETECTED,No,No Apparent Injury,N/A,NOT DISTRACTED,MD,TRANSIT BUS,MOVING CONSTANT SPEED,30,No,2020,NOVB,BUS,39.04039667,-76.98909167,2022,7,17
220029029,Property Damage Crash,07/06/2022 05:54:00 PM,E FRANKLIN AVE,NA,HEAD ON LEFT TURN,Clear,DRY,Daylight,TRAFFIC SIGNAL,NONE DETECTED,Yes,No Apparent Injury,N/A,NOT DISTRACTED,DC,PASSENGER CAR,MAKING LEFT TURN,30,No,2007,CHRYSLER,300,39.01213,-77.002985,2022,7,17
220029029,Property Damage Crash,07/06/2022 05:54:00 PM,E FRANKLIN AVE,NA,HEAD ON LEFT TURN,Clear,DRY,Daylight,TRAFFIC SIGNAL,NONE DETECTED,No,No Apparent Injury,N/A,NOT DISTRACTED,MD,(SPORT) UTILITY VEHICLE,MOVING CONSTANT SPEED,30,No,2017,HYUN,TK,39.01213,-77.002985,2022,7,17
220029018,Property Damage Crash,07/06/2022 04:47:00 PM,VEIRS MILL RD,NA,OPPOSITE DIR BOTH LEFT TURN,Clear,DRY,Daylight,NO CONTROLS,NONE DETECTED,Yes,No Apparent Injury,N/A,UNKNOWN,NC,PASSENGER CAR,MOVING CONSTANT SPEED,45,No,2007,CHEVY,TAHOE,39.06439333,-77.09691167,2022,7,16
220029018,Property Damage Crash,07/06/2022 04:47:00 PM,VEIRS MILL RD,NA,OPPOSITE DIR BOTH LEFT TURN,Clear,DRY,Daylight,NO CONTROLS,NONE DETECTED,No,No Apparent Injury,N/A,NOT DISTRACTED,MD,PASSENGER CAR,MOVING CONSTANT SPEED,45,No,2013,CHEVY,CG VAN,39.06439333,-77.09691167,2022,7,16
220029018,Property Damage Crash,07/06/2022 04:47:00 PM,VEIRS MILL RD,NA,OPPOSITE DIR BOTH LEFT TURN,Clear,DRY,Daylight,NO CONTROLS,NONE DETECTED,No,No Apparent Injury,N/A,NOT DISTRACTED,MD,PASSENGER CAR,MOVING CONSTANT SPEED,45,No,2017,HONDA,ACCORD,39.06439333,-77.09691167,2022,7,16
220029018,Property Damage Crash,07/06/2022 04:47:00 PM,VEIRS MILL RD,NA,OPPOSITE DIR BOTH LEFT TURN,Clear,DRY,Daylight,NO CONTROLS,NONE DETECTED,No,No Apparent Injury,N/A,NOT DISTRACTED,MD,PASSENGER CAR,MOVING CONSTANT SPEED,45,No,2004,HONDA,PILOT,39.06439333,-77.09691167,2022,7,16
220029018,Property Damage Crash,07/06/2022 04:47:00 PM,VEIRS MILL RD,NA,OPPOSITE DIR BOTH LEFT TURN,Clear,DRY,Daylight,NO CONTROLS,NONE DETECTED,No,No Apparent Injury,N/A,NOT DISTRACTED,DC,PASSENGER CAR,MOVING CONSTANT SPEED,45,No,2012,MINI COOPER,WG,39.06439333,-77.09691167,2022,7,16
220029007,Injury Crash,07/06/2022 04:20:00 PM,REDLAND RD,NA,HEAD ON LEFT TURN,Clear,DRY,Daylight,TRAFFIC SIGNAL,NONE DETECTED,No,Possible Minor Injury,N/A,NOT DISTRACTED,MD,PASSENGER CAR,MOVING CONSTANT SPEED,35,No,2018,HONDA,CRV,39.11556533,-77.16597033,2022,7,16
220029007,Injury Crash,07/06/2022 04:20:00 PM,REDLAND RD,NA,HEAD ON LEFT TURN,Clear,DRY,Daylight,TRAFFIC SIGNAL,NONE DETECTED,Yes,Possible Minor Injury,N/A,LOOKED BUT DID NOT SEE,MD,PASSENGER CAR,MOVING CONSTANT SPEED,35,No,2016,HONDA,CIVIC,39.11556533,-77.16597033,2022,7,16
220028997,Property Damage Crash,07/06/2022 03:47:00 PM,CALVERTON BLVD,NA,SAME DIR REAR END,Clear,DRY,Daylight,TRAFFIC SIGNAL,NONE DETECTED,Yes,No Apparent Injury,N/A,TALKING OR LISTENING TO CELLULAR PHONE,MD,PASSENGER CAR,MOVING CONSTANT SPEED,35,No,2016,VOLK,JETTA,39.056184,-76.944481,2022,7,15
220028997,Property Damage Crash,07/06/2022 03:47:00 PM,CALVERTON BLVD,NA,SAME DIR REAR END,Clear,DRY,Daylight,TRAFFIC SIGNAL,NONE DETECTED,No,No Apparent Injury,N/A,NOT DISTRACTED,MD,VAN,MOVING CONSTANT SPEED,35,No,2016,FORD,TRANSIT,39.056184,-76.944481,2022,7,15
220028991,Injury Crash,07/06/2022 03:32:00 PM,CLOPPER RD,NA,SAME DIR REAR END,Clear,DRY,Daylight,TRAFFIC SIGNAL,NONE DETECTED,Yes,No Apparent Injury,"N/A, RAIN, SNOW",OTHER DISTRACTION,MD,PICKUP TRUCK,MOVING CONSTANT SPEED,45,No,2008,FORD,TK,39.15407617,-77.25478433,2022,7,15
220028991,Injury Crash,07/06/2022 03:32:00 PM,CLOPPER RD,NA,SAME DIR REAR END,Clear,DRY,Daylight,TRAFFIC SIGNAL,NONE DETECTED,No,Possible Minor Injury,"N/A, RAIN, SNOW",NOT DISTRACTED,MD,PASSENGER CAR,SLOWING OR STOPPING,45,No,2005,TOYT,4S,39.15407617,-77.25478433,2022,7,15
220028990,Injury Crash,07/06/2022 03:30:00 PM,E GUDE DR,NA,OPPOSITE DIRECTION SIDESWIPE,Clear,DRY,Daylight,TRAFFIC SIGNAL,NONE DETECTED,No,No Apparent Injury,N/A,NOT DISTRACTED,MD,PASSENGER CAR,STOPPED IN TRAFFIC LANE,35,No,2013,LAND ROVER,SPORT HSE,39.106,-77.152,2022,7,15
220028990,Injury Crash,07/06/2022 03:30:00 PM,E GUDE DR,NA,OPPOSITE DIRECTION SIDESWIPE,Clear,DRY,Daylight,TRAFFIC SIGNAL,NONE DETECTED,No,No Apparent Injury,N/A,NOT DISTRACTED,MD,PICKUP TRUCK,STOPPED IN TRAFFIC LANE,35,No,2015,DODGE,RAM,39.106,-77.152,2022,7,15
220028990,Injury Crash,07/06/2022 03:30:00 PM,E GUDE DR,NA,OPPOSITE DIRECTION SIDESWIPE,Clear,DRY,Daylight,TRAFFIC SIGNAL,NONE DETECTED,Yes,No Apparent Injury,N/A,NOT DISTRACTED,MD,TRUCK TRACTOR,MAKING RIGHT TURN,35,No,2004,PETERBIL,WRECKER,39.106,-77.152,2022,7,15
220028973,Injury Crash,07/06/2022 02:03:00 PM,CONNECTICUT AVE,NA,SAME DIR REAR END,Clear,DRY,Daylight,TRAFFIC SIGNAL,NONE DETECTED,No,Possible Minor Injury,N/A,NOT DISTRACTED,MD,PASSENGER CAR,SLOWING OR STOPPING,35,No,2016,HONDA,4S,38.98835497,-77.0772643,2022,7,14
220028973,Injury Crash,07/06/2022 02:03:00 PM,CONNECTICUT AVE,NA,SAME DIR REAR END,Clear,DRY,Daylight,TRAFFIC SIGNAL,NONE DETECTED,Yes,No Apparent Injury,N/A,OTHER ELECTRONIC DEVICE (NAVIGATIONAL PALM PILOT),MD,"CARGO VAN/LIGHT TRUCK 2 AXLES (OVER 10,000LBS (4,536 KG))",ACCELERATING,35,No,2018,FCA,MAIL TRUCK,38.98835497,-77.0772643,2022,7,14