Local Case Number,ACRS Report Type,Crash Date/Time,Road Name,Related Non-Motorist,Collision Type,Weather,Surface Condition,Light,Traffic Control,Driver Substance Abuse,Driver At Fault,Injury Severity,Circumstance,Driver Distracted By,Drivers License State,Vehicle Body Type,Vehicle Movement,Speed Limit,Driverless Vehicle,Vehicle Year,Vehicle Make,Vehicle Model,Latitude,Longitude,Year,Month,Hour
220028972,Property Damage Crash,07/06/2022 01:43:00 PM,CEDAR ST,NA,OPPOSITE DIRECTION SIDESWIPE,Clear,DRY,Daylight,NO CONTROLS,NONE DETECTED,Yes,No Apparent Injury,N/A,NOT DISTRACTED,VA,PASSENGER CAR,MOVING CONSTANT SPEED,25,No,2012,CHEVROLET,SILVERADO,38.99785,-77.02305833,2022,7,13
220028972,Property Damage Crash,07/06/2022 01:43:00 PM,CEDAR ST,NA,OPPOSITE DIRECTION SIDESWIPE,Clear,DRY,Daylight,NO CONTROLS,NONE DETECTED,No,No Apparent Injury,N/A,NOT DISTRACTED,DC,VAN,MOVING CONSTANT SPEED,25,No,2017,FORD,TRANSIT,38.99785,-77.02305833,2022,7,13
220028965,Injury Crash,07/06/2022 12:56:00 PM,E GUDE DR,NA,SAME DIR REAR END,Clear,DRY,Daylight,TRAFFIC SIGNAL,NONE DETECTED,No,Possible Minor Injury,N/A,NOT DISTRACTED,MD,TRANSIT BUS,STARTING FROM LANE,35,No,2017,GILG,BU,39.106341,-77.151259,2022,7,12
220028965,Injury Crash,07/06/2022 12:56:00 PM,E GUDE DR,NA,SAME DIR REAR END,Clear,DRY,Daylight,TRAFFIC SIGNAL,NONE DETECTED,Yes,Possible Minor Injury,N/A,NOT DISTRACTED,NC,RECREATIONAL VEHICLE,ACCELERATING,35,No,2011,CHEVROLET,EXPRESS G3500,39.106341,-77.151259,2022,7,12
220028965,Injury Crash,07/06/2022 12:56:00 PM,E GUDE DR,NA,SAME DIR REAR END,Clear,DRY,Daylight,TRAFFIC SIGNAL,NONE DETECTED,No,Possible Minor Injury,N/A,NOT DISTRACTED,MD,"OTHER LIGHT TRUCKS (10,000LBS (4,536KG) OR LESS)",MOVING CONSTANT SPEED,35,No,2018,RAM,1500,39.106341,-77.151259,2022,7,12
220029011,Property Damage Crash,07/06/2022 12:19:00 PM,NA,NA,OTHER,Clear,NA,Daylight,N/A,NONE DETECTED,Yes,No Apparent Injury,N/A,UNKNOWN,NA,PASSENGER CAR,MAKING LEFT TURN,0,No,2016,CADILLAC,CTS,39.029895,-77.07488333,2022,7,12
220028935,Property Damage Crash,07/06/2022 10:00:00 AM,ROCKVILLE PIKE,NA,HEAD ON LEFT TURN,Clear,DRY,Daylight,NO CONTROLS,NONE DETECTED,Yes,No Apparent Injury,N/A,LOOKED BUT DID NOT SEE,MD,PASSENGER CAR,MOVING CONSTANT SPEED,45,No,2011,HYUNDAI,SANTAFE,39.04329323,-77.11091682,2022,7,10
220028932,Injury Crash,07/06/2022 10:00:00 AM,NEW HAMPSHIRE AVE,NA,SAME DIRECTION SIDESWIPE,Clear,DRY,Daylight,TRAFFIC SIGNAL,NONE DETECTED,Yes,No Apparent Injury,N/A,NOT DISTRACTED,MD,PASSENGER CAR,SLOWING OR STOPPING,40,No,2013,TOYOTA,PRIUS,39.02073217,-76.9768635,2022,7,10
220028932,Injury Crash,07/06/2022 10:00:00 AM,NEW HAMPSHIRE AVE,NA,SAME DIRECTION SIDESWIPE,Clear,DRY,Daylight,TRAFFIC SIGNAL,NONE DETECTED,No,Possible Minor Injury,N/A,NOT DISTRACTED,DC,TRANSIT BUS,STOPPED IN TRAFFIC LANE,40,No,2019,METRO TRANSIT,BUS,39.02073217,-76.9768635,2022,7,10
220028935,Property Damage Crash,07/06/2022 10:00:00 AM,ROCKVILLE PIKE,NA,HEAD ON LEFT TURN,Clear,DRY,Daylight,NO CONTROLS,NONE DETECTED,No,No Apparent Injury,N/A,NOT DISTRACTED,MD,PASSENGER CAR,MOVING CONSTANT SPEED,45,No,2010,TOYOTA,CAMRY,39.04329323,-77.11091682,2022,7,10
220028932,Injury Crash,07/06/2022 10:00:00 AM,NEW HAMPSHIRE AVE,NA,SAME DIRECTION SIDESWIPE,Clear,DRY,Daylight,TRAFFIC SIGNAL,NONE DETECTED,No,No Apparent Injury,N/A,NOT DISTRACTED,MD,PASSENGER CAR,STOPPED IN TRAFFIC LANE,40,No,2020,CHEVY,TRAX,39.02073217,-76.9768635,2022,7,10
220028927,Property Damage Crash,07/06/2022 09:14:00 AM,MONTGOMERY VILLAGE AVE,NA,SAME DIR REND RIGHT TURN,Clear,DRY,Daylight,YIELD SIGN,NONE DETECTED,No,No Apparent Injury,N/A,NOT DISTRACTED,MD,PASSENGER CAR,MAKING RIGHT TURN,35,No,2020,JEEP,CHEROKEE,39.14947167,-77.21153333,2022,7,9
220028927,Property Damage Crash,07/06/2022 09:14:00 AM,MONTGOMERY VILLAGE AVE,NA,SAME DIR REND RIGHT TURN,Clear,DRY,Daylight,YIELD SIGN,NONE DETECTED,Yes,No Apparent Injury,N/A,OTHER DISTRACTION,MD,PASSENGER CAR,MAKING RIGHT TURN,35,No,2008,CHEVROLET,EXPRESS,39.14947167,-77.21153333,2022,7,9
220028925,Property Damage Crash,07/06/2022 09:00:00 AM,COLUMBIA PIKE,NA,SAME DIR REAR END,Clear,DRY,Daylight,TRAFFIC SIGNAL,NONE DETECTED,No,No Apparent Injury,N/A,NOT DISTRACTED,MD,PASSENGER CAR,STOPPED IN TRAFFIC LANE,50,No,2017,AUDI,TK,39.07193167,-76.95631,2022,7,9
220028925,Property Damage Crash,07/06/2022 09:00:00 AM,COLUMBIA PIKE,NA,SAME DIR REAR END,Clear,DRY,Daylight,TRAFFIC SIGNAL,NONE DETECTED,Yes,No Apparent Injury,N/A,INATTENTIVE OR LOST IN THOUGHT,MD,PASSENGER CAR,MOVING CONSTANT SPEED,50,No,2002,HOND,CIVIC,39.07193167,-76.95631,2022,7,9
220028923,Property Damage Crash,07/06/2022 08:40:00 AM,SHENOROCK ST,NA,OTHER,Clear,DRY,Daylight,NO CONTROLS,NONE DETECTED,Yes,No Apparent Injury,N/A,LOOKED BUT DID NOT SEE,MD,VAN,BACKING,25,No,2004,TOYOTA,SIENNA,39.098115,-77.24017667,2022,7,8
220028923,Property Damage Crash,07/06/2022 08:40:00 AM,SHENOROCK ST,NA,OTHER,Clear,DRY,Daylight,NO CONTROLS,NONE DETECTED,No,No Apparent Injury,N/A,NOT DISTRACTED,MD,SCHOOL BUS,MOVING CONSTANT SPEED,25,No,2020,THOMAS,BUS,39.098115,-77.24017667,2022,7,8
220028924,Property Damage Crash,07/06/2022 08:39:00 AM,FOREST BROOK ROAD,NA,SAME DIRECTION SIDESWIPE,Clear,DRY,Daylight,NO CONTROLS,NONE DETECTED,Yes,No Apparent Injury,N/A,LOOKED BUT DID NOT SEE,MD,SCHOOL BUS,MAKING RIGHT TURN,25,No,2021,THOMAS,SCHOOL BUS,39.16574433,-77.25206717,2022,7,8
220028916,Injury Crash,07/06/2022 07:26:00 AM,UNIVERSITY BLVD W,NA,SINGLE VEHICLE,Clear,DRY,Daylight,NO CONTROLS,NONE DETECTED,Yes,Possible Minor Injury,N/A,UNKNOWN,XX,PASSENGER CAR,MOVING CONSTANT SPEED,35,No,2021,NISSAN,VERSA,39.03253577,-77.02327972,2022,7,7
220028917,Injury Crash,07/06/2022 07:10:00 AM,WISCONSIN AVE,NA,STRAIGHT MOVEMENT ANGLE,Clear,DRY,Daylight,TRAFFIC SIGNAL,NONE DETECTED,Yes,Possible Minor Injury,N/A,LOOKED BUT DID NOT SEE,MD,PASSENGER CAR,MOVING CONSTANT SPEED,25,No,2012,HONDA,CIVIC,38.98503483,-77.09439133,2022,7,7
220028917,Injury Crash,07/06/2022 07:10:00 AM,WISCONSIN AVE,NA,STRAIGHT MOVEMENT ANGLE,Clear,DRY,Daylight,TRAFFIC SIGNAL,NONE DETECTED,No,Possible Minor Injury,N/A,NOT DISTRACTED,VA,VAN,MOVING CONSTANT SPEED,25,No,2018,FORD,TRANSIT CONNECT,38.98503483,-77.09439133,2022,7,7
220028909,Injury Crash,07/06/2022 02:46:00 AM,GOLDSBORO RD,NA,SINGLE VEHICLE,Clear,DRY,Medium,N/A,NONE DETECTED,Yes,Suspected Serious Injury,N/A,OTHER DISTRACTION,MD,PASSENGER CAR,NEGOTIATING A CURVE,30,No,2018,JEEP,COMPASS,38.97485167,-77.11323333,2022,7,2
220028898,Property Damage Crash,07/05/2022 11:55:00 PM,LONGMEAD CROSSING DR,NA,SAME DIR REAR END,Clear,DRY,Medium,NO CONTROLS,ALCOHOL PRESENT,Yes,No Apparent Injury,N/A,UNKNOWN,MD,PASSENGER CAR,MOVING CONSTANT SPEED,35,No,2022,CHEVY,4D,39.1078897,-77.0539135,2022,7,23
220028878,Property Damage Crash,07/05/2022 07:45:00 PM,FALLSGROVE BLVD,NA,STRAIGHT MOVEMENT ANGLE,Clear,DRY,Daylight,STOP SIGN,NONE DETECTED,No,No Apparent Injury,N/A,NOT DISTRACTED,MD,PASSENGER CAR,ACCELERATING,25,No,2007,HONDA,ACCORD,39.09535333,-77.192865,2022,7,19
220028878,Property Damage Crash,07/05/2022 07:45:00 PM,FALLSGROVE BLVD,NA,STRAIGHT MOVEMENT ANGLE,Clear,DRY,Daylight,STOP SIGN,NONE DETECTED,Yes,No Apparent Injury,N/A,LOOKED BUT DID NOT SEE,MD,PASSENGER CAR,ACCELERATING,25,No,2020,HONDA,CRV,39.09535333,-77.192865,2022,7,19
22028867,Injury Crash,07/05/2022 07:00:00 PM,OLD GEORGETOWN RD,NA,STRAIGHT MOVEMENT ANGLE,Clear,DRY,Daylight,TRAFFIC SIGNAL,NONE DETECTED,No,Possible Minor Injury,N/A,NOT DISTRACTED,MD,PASSENGER CAR,ACCELERATING,35,No,2007,HONDA,CR-V,39.13990333,-77.40381167,2022,7,19
22028867,Injury Crash,07/05/2022 07:00:00 PM,OLD GEORGETOWN RD,NA,STRAIGHT MOVEMENT ANGLE,Clear,DRY,Daylight,TRAFFIC SIGNAL,NONE DETECTED,Yes,Possible Minor Injury,N/A,UNKNOWN,MD,PICKUP TRUCK,MOVING CONSTANT SPEED,35,No,2018,CHEVROLET,COLORADO,39.13990333,-77.40381167,2022,7,19
220028869,Property Damage Crash,07/05/2022 06:34:00 PM,DARNESTOWN RD,NA,SINGLE VEHICLE,Clear,DRY,Medium,N/A,NONE DETECTED,Yes,No Apparent Injury,N/A,NOT DISTRACTED,MD,PASSENGER CAR,STARTING FROM LANE,50,No,2014,VOLKSWAGON,PASSAT,39.128455,-77.34183667,2022,7,18
220028855,Property Damage Crash,07/05/2022 05:46:00 PM,QUINCE ORCHARD RD,NA,SAME DIR REAR END,Clear,DRY,Daylight,TRAFFIC SIGNAL,NONE DETECTED,No,No Apparent Injury,N/A,NOT DISTRACTED,MD,PASSENGER CAR,MAKING LEFT TURN,25,No,2017,HYUNDAI,SANTA FE,39.14487733,-77.219447,2022,7,17
220028855,Property Damage Crash,07/05/2022 05:46:00 PM,QUINCE ORCHARD RD,NA,SAME DIR REAR END,Clear,DRY,Daylight,TRAFFIC SIGNAL,NONE DETECTED,Yes,No Apparent Injury,N/A,UNKNOWN,NA,PASSENGER CAR,MOVING CONSTANT SPEED,35,No,2001,BMW,4S,39.14487733,-77.219447,2022,7,17
22002850,Injury Crash,07/05/2022 05:14:00 PM,RIVER RD,NA,OTHER,Cloudy,DRY,Daylight,TRAFFIC SIGNAL,NONE DETECTED,Yes,Possible Minor Injury,N/A,INATTENTIVE OR LOST IN THOUGHT,CT,PASSENGER CAR,MOVING CONSTANT SPEED,35,No,2010,HONDA,FIT,38.97036633,-77.11285217,2022,7,17
22002850,Injury Crash,07/05/2022 05:14:00 PM,RIVER RD,NA,OTHER,Cloudy,DRY,Daylight,TRAFFIC SIGNAL,NONE DETECTED,No,No Apparent Injury,N/A,NOT DISTRACTED,US,PASSENGER CAR,MOVING CONSTANT SPEED,35,No,2013,VOLSWAGON,JETTA,38.97036633,-77.11285217,2022,7,17
220028847,Property Damage Crash,07/05/2022 05:00:00 PM,UNIVERSITY BLVD E,NA,SAME DIRECTION SIDESWIPE,Clear,DRY,Daylight,NO CONTROLS,NONE DETECTED,Unknown,No Apparent Injury,N/A,NOT DISTRACTED,MD,PASSENGER CAR,MOVING CONSTANT SPEED,30,No,2006,CHEV,EXPRESS,38.99814,-76.99499667,2022,7,17
220028847,Property Damage Crash,07/05/2022 05:00:00 PM,UNIVERSITY BLVD E,NA,SAME DIRECTION SIDESWIPE,Clear,DRY,Daylight,NO CONTROLS,NONE DETECTED,Unknown,No Apparent Injury,N/A,NOT DISTRACTED,MD,OTHER,MOVING CONSTANT SPEED,30,No,2019,FORD,ST,38.99814,-76.99499667,2022,7,17
220028836,Property Damage Crash,07/05/2022 03:53:00 PM,UNIVERSITY BLVD E,NA,SAME DIR REAR END,Clear,DRY,Daylight,NO CONTROLS,NONE DETECTED,Yes,No Apparent Injury,N/A,UNKNOWN,NA,(SPORT) UTILITY VEHICLE,MOVING CONSTANT SPEED,35,No,2003,HYUNDAI,SANTE FE,39.00009858,-76.9957067,2022,7,15
220028836,Property Damage Crash,07/05/2022 03:53:00 PM,UNIVERSITY BLVD E,NA,SAME DIR REAR END,Clear,DRY,Daylight,NO CONTROLS,NONE DETECTED,No,No Apparent Injury,N/A,NOT DISTRACTED,MD,(SPORT) UTILITY VEHICLE,MOVING CONSTANT SPEED,35,No,2005,TOYOTA,RAV4,39.00009858,-76.9957067,2022,7,15
220028810,Property Damage Crash,07/05/2022 01:29:00 PM,GEORGIA AVE,NA,SAME DIR REAR END,Rain,WET,Daylight,NO CONTROLS,NONE DETECTED,Yes,No Apparent Injury,N/A,NOT DISTRACTED,MD,PASSENGER CAR,MOVING CONSTANT SPEED,30,No,2021,HOND,SD,39.14887833,-77.06700167,2022,7,13
220028810,Property Damage Crash,07/05/2022 01:29:00 PM,GEORGIA AVE,NA,SAME DIR REAR END,Rain,WET,Daylight,NO CONTROLS,NONE DETECTED,No,No Apparent Injury,N/A,NOT DISTRACTED,MD,TRANSIT BUS,STOPPED IN TRAFFIC LANE,30,No,2013,NWFL,XDE,39.14887833,-77.06700167,2022,7,13
220028813,Property Damage Crash,07/05/2022 01:21:00 PM,BUCKLODGE RD,NA,SINGLE VEHICLE,Clear,WET,Daylight,NO CONTROLS,NONE DETECTED,Yes,No Apparent Injury,"N/A, WET",OTHER DISTRACTION,CO,(SPORT) UTILITY VEHICLE,MOVING CONSTANT SPEED,40,No,2010,SUBARU,OUTBACK,39.186945,-77.34426333,2022,7,13
220028792,Property Damage Crash,07/05/2022 12:13:00 PM,NA,NA,OPPOSITE DIR BOTH LEFT TURN,Clear,NA,Daylight,NO CONTROLS,NONE DETECTED,Yes,No Apparent Injury,N/A,NOT DISTRACTED,MD,VAN,BACKING,25,No,2006,HONDA,ODDESSY,38.981293,-77.010428,2022,7,12
220028793,Property Damage Crash,07/05/2022 11:51:00 AM,PARK POTOMAC AVE,NA,STRAIGHT MOVEMENT ANGLE,Cloudy,DRY,Daylight,NO CONTROLS,NONE DETECTED,No,No Apparent Injury,N/A,NOT DISTRACTED,FL,PASSENGER CAR,MOVING CONSTANT SPEED,25,No,2016,VOLVO,XC90,39.05798,-77.157701,2022,7,11
220028793,Property Damage Crash,07/05/2022 11:51:00 AM,PARK POTOMAC AVE,NA,STRAIGHT MOVEMENT ANGLE,Cloudy,DRY,Daylight,NO CONTROLS,NONE DETECTED,Yes,No Apparent Injury,N/A,UNKNOWN,NA,NA,BACKING,25,No,0,UNKNOWN,UNKNOWN,39.05798,-77.157701,2022,7,11
220028796,Property Damage Crash,07/05/2022 11:44:00 AM,SUGARLAND RD,NA,SINGLE VEHICLE,Cloudy,DRY,Daylight,NO CONTROLS,NONE DETECTED,Yes,No Apparent Injury,N/A,UNKNOWN,NA,PASSENGER CAR,UNKNOWN,35,No,2014,KIA,SOUL,39.12050833,-77.34933167,2022,7,11
220028807,Property Damage Crash,07/05/2022 11:00:00 AM,NA,NA,SINGLE VEHICLE,Cloudy,NA,Daylight,OTHER,NONE DETECTED,Yes,No Apparent Injury,N/A,UNKNOWN,NA,PASSENGER CAR,MOVING CONSTANT SPEED,5,No,2002,BUICK,4DR,39.030225,-77.07658,2022,7,11
220028771,Property Damage Crash,07/05/2022 09:50:00 AM,UNIVERSITY BLVD E,NA,STRAIGHT MOVEMENT ANGLE,Clear,DRY,Daylight,N/A,NONE DETECTED,No,No Apparent Injury,N/A,NOT DISTRACTED,MD,PASSENGER CAR,MOVING CONSTANT SPEED,35,No,2016,HYUNDAI,SONATA,39.01325333,-77.00396333,2022,7,9
220028771,Property Damage Crash,07/05/2022 09:50:00 AM,UNIVERSITY BLVD E,NA,STRAIGHT MOVEMENT ANGLE,Clear,DRY,Daylight,N/A,NONE DETECTED,Yes,No Apparent Injury,N/A,NOT DISTRACTED,MD,OTHER BUS,MOVING CONSTANT SPEED,35,No,2017,FORD,BUS,39.01325333,-77.00396333,2022,7,9
220028763,Injury Crash,07/05/2022 09:02:00 AM,PINEY MEETINGHOUSE RD,BICYCLIST,SAME DIRECTION SIDESWIPE,Cloudy,DRY,Daylight,NO CONTROLS,NONE DETECTED,Yes,No Apparent Injury,N/A,UNKNOWN,MD,PASSENGER CAR,MOVING CONSTANT SPEED,40,No,2013,HONDA,CIVIC,39.07564833,-77.22235333,2022,7,9
220028748,Property Damage Crash,07/05/2022 02:23:00 AM,SHEFFIELD MANOR DR,NA,OTHER,Clear,DRY,Dark,N/A,ALCOHOL PRESENT,Yes,No Apparent Injury,N/A,LOOKED BUT DID NOT SEE,MD,PASSENGER CAR,MOVING CONSTANT SPEED,35,No,2007,MERCEDES,S550,39.0777535,-76.93453667,2022,7,2
220028739,Property Damage Crash,07/04/2022 11:50:00 PM,CENTERWAY RD,NA,OTHER,Clear,DRY,Medium,N/A,NONE DETECTED,No,No Apparent Injury,N/A,NOT DISTRACTED,NA,PASSENGER CAR,MOVING CONSTANT SPEED,35,No,2016,FORD,EXPLORER,39.16977333,-77.18399833,2022,7,23
220028737,Injury Crash,07/04/2022 11:14:00 PM,UNIVERSITY BLVD W,NA,STRAIGHT MOVEMENT ANGLE,Clear,DRY,Medium,TRAFFIC SIGNAL,NONE DETECTED,Yes,No Apparent Injury,N/A,UNKNOWN,XX,PASSENGER CAR,MOVING CONSTANT SPEED,40,No,2011,HONDA,CIVIC,39.04133033,-77.04843717,2022,7,23
220028737,Injury Crash,07/04/2022 11:14:00 PM,UNIVERSITY BLVD W,NA,STRAIGHT MOVEMENT ANGLE,Clear,DRY,Medium,TRAFFIC SIGNAL,NONE DETECTED,No,Possible Minor Injury,N/A,UNKNOWN,MD,VAN,MOVING CONSTANT SPEED,40,No,2012,TOYOTA,SIENNA,39.04133033,-77.04843717,2022,7,23
220028732,Injury Crash,07/04/2022 10:43:00 PM,CLARKSBURG RD,NA,HEAD ON,Clear,DRY,Medium,NO CONTROLS,NONE DETECTED,Yes,Suspected Serious Injury,N/A,NOT DISTRACTED,MD,PASSENGER CAR,ACCELERATING,40,No,2016,TOYOTA,CAMRY,39.19162667,-77.30732667,2022,7,22
220028732,Injury Crash,07/04/2022 10:43:00 PM,CLARKSBURG RD,NA,HEAD ON,Clear,DRY,Medium,NO CONTROLS,NONE DETECTED,No,Possible Minor Injury,N/A,NOT DISTRACTED,MD,PASSENGER CAR,SLOWING OR STOPPING,40,No,2014,RANGE,RANGE ROVER,39.19162667,-77.30732667,2022,7,22
220028734,Property Damage Crash,07/04/2022 10:33:00 PM,SENECA RD,NA,SINGLE VEHICLE,Clear,DRY,Dark,NO CONTROLS,NONE DETECTED,Yes,No Apparent Injury,N/A,UNKNOWN,NA,PASSENGER CAR,UNKNOWN,45,No,2016,VOLKSWAGON,JETTA,39.09313,-77.29905,2022,7,22
220028726,Injury Crash,07/04/2022 09:50:00 PM,COLESVILLE RD,NA,STRAIGHT MOVEMENT ANGLE,Clear,DRY,Medium,TRAFFIC SIGNAL,NONE DETECTED,No,No Apparent Injury,N/A,NOT DISTRACTED,MD,PASSENGER CAR,MAKING LEFT TURN,35,No,2014,NISSAN,ROGUE,39.01867667,-77.014495,2022,7,21
220028726,Injury Crash,07/04/2022 09:50:00 PM,COLESVILLE RD,NA,STRAIGHT MOVEMENT ANGLE,Clear,DRY,Medium,TRAFFIC SIGNAL,NONE DETECTED,Yes,Possible Minor Injury,N/A,UNKNOWN,MD,PASSENGER CAR,MOVING CONSTANT SPEED,35,No,2013,TOYOTA,COROLLA,39.01867667,-77.014495,2022,7,21
22001128,Property Damage Crash,07/04/2022 08:50:00 PM,NA,NA,OPPOSITE DIRECTION SIDESWIPE,Clear,NA,Medium,N/A,NONE DETECTED,No,No Apparent Injury,N/A,NOT DISTRACTED,MD,PASSENGER CAR,MOVING CONSTANT SPEED,15,No,2011,TOYOTA,CAMRY,39.054458,-77.043097,2022,7,20
22001128,Property Damage Crash,07/04/2022 08:50:00 PM,NA,NA,OPPOSITE DIRECTION SIDESWIPE,Clear,NA,Medium,N/A,NONE DETECTED,Yes,No Apparent Injury,N/A,UNKNOWN,NA,UNKNOWN,MOVING CONSTANT SPEED,15,No,0,UNKNOWN,UNKNOWN,39.054458,-77.043097,2022,7,20
220028725,Property Damage Crash,07/04/2022 08:46:00 PM,KAYSON ST,NA,SAME DIRECTION SIDESWIPE,Clear,DRY,Medium,N/A,ALCOHOL PRESENT,Yes,No Apparent Injury,N/A,NOT DISTRACTED,MD,PASSENGER CAR,MOVING CONSTANT SPEED,25,No,2022,KIA,SOUL,39.06993183,-77.06628133,2022,7,20
220028723,Property Damage Crash,07/04/2022 08:00:00 PM,NA,NA,N/A,Clear,NA,Medium,N/A,NONE DETECTED,Yes,No Apparent Injury,N/A,NOT DISTRACTED,MD,POLICE VEHICLE/NON EMERGENCY,BACKING,0,No,2017,NISSAN,MAXIMA,39.27922717,-77.18791667,2022,7,20
220028715,Property Damage Crash,07/04/2022 07:41:00 PM,UNIVERSITY BLVD E,NA,SAME DIRECTION SIDESWIPE,Clear,DRY,Daylight,NO CONTROLS,NONE DETECTED,No,No Apparent Injury,N/A,NOT DISTRACTED,MD,POLICE VEHICLE/EMERGENCY,MOVING CONSTANT SPEED,35,No,2016,FORD,EXPLORER,38.99032417,-76.9893565,2022,7,19
220028715,Property Damage Crash,07/04/2022 07:41:00 PM,UNIVERSITY BLVD E,NA,SAME DIRECTION SIDESWIPE,Clear,DRY,Daylight,NO CONTROLS,NONE DETECTED,Yes,No Apparent Injury,N/A,UNKNOWN,MD,PASSENGER CAR,CHANGING LANES,35,No,2010,FORD,FUSION,38.99032417,-76.9893565,2022,7,19
220028710,Injury Crash,07/04/2022 06:47:00 PM,NEW HAMPSHIRE AVE,NA,STRAIGHT MOVEMENT ANGLE,Clear,DRY,Daylight,NO CONTROLS,NONE DETECTED,No,Possible Minor Injury,N/A,NOT DISTRACTED,MD,PASSENGER CAR,MOVING CONSTANT SPEED,40,No,2016,JEEP,CHEROKEE,39.066595,-77.00140667,2022,7,18
220028710,Injury Crash,07/04/2022 06:47:00 PM,NEW HAMPSHIRE AVE,NA,STRAIGHT MOVEMENT ANGLE,Clear,DRY,Daylight,NO CONTROLS,NONE DETECTED,No,Possible Minor Injury,N/A,NOT DISTRACTED,MD,PASSENGER CAR,MOVING CONSTANT SPEED,40,No,2020,TOYOTA,COROLLA,39.066595,-77.00140667,2022,7,18
220028710,Injury Crash,07/04/2022 06:47:00 PM,NEW HAMPSHIRE AVE,NA,STRAIGHT MOVEMENT ANGLE,Clear,DRY,Daylight,NO CONTROLS,ALCOHOL PRESENT,Yes,No Apparent Injury,N/A,UNKNOWN,MD,(SPORT) UTILITY VEHICLE,MAKING U TURN,40,No,2002,CHEVROLET,SUBURBAN,39.066595,-77.00140667,2022,7,18
220028707,Property Damage Crash,07/04/2022 06:15:00 PM,NORBECK RD,NA,SINGLE VEHICLE,Clear,DRY,Daylight,N/A,NONE DETECTED,No,No Apparent Injury,N/A,NOT DISTRACTED,MD,PASSENGER CAR,MOVING CONSTANT SPEED,35,No,2008,HYUNDAI,ELENTRA,39.11230833,-77.06237167,2022,7,18
220028708,Property Damage Crash,07/04/2022 06:09:00 PM,COLUMBIA PIKE,NA,OTHER,Clear,DRY,Daylight,NO CONTROLS,NONE DETECTED,Yes,No Apparent Injury,N/A,NOT DISTRACTED,NA,PASSENGER CAR,CHANGING LANES,55,No,2018,NISSAN,PATHFINDER,39.1063948,-76.9345442,2022,7,18
220028708,Property Damage Crash,07/04/2022 06:09:00 PM,COLUMBIA PIKE,NA,OTHER,Clear,DRY,Daylight,NO CONTROLS,NONE DETECTED,No,No Apparent Injury,N/A,NOT DISTRACTED,NJ,PASSENGER CAR,MOVING CONSTANT SPEED,55,No,2013,HONDA,ACCORD,39.1063948,-76.9345442,2022,7,18
220028695,Injury Crash,07/04/2022 03:45:00 PM,W WATKINS MILL RD,NA,HEAD ON LEFT TURN,Clear,DRY,Daylight,TRAFFIC SIGNAL,NONE DETECTED,No,No Apparent Injury,N/A,NOT DISTRACTED,MD,PASSENGER CAR,MOVING CONSTANT SPEED,35,No,2020,TOYT,SD,39.15605,-77.22574667,2022,7,15
220028695,Injury Crash,07/04/2022 03:45:00 PM,W WATKINS MILL RD,NA,HEAD ON LEFT TURN,Clear,DRY,Daylight,TRAFFIC SIGNAL,NONE DETECTED,No,Possible Minor Injury,N/A,NOT DISTRACTED,MD,PASSENGER CAR,MAKING LEFT TURN,35,No,2020,SUBA,TK,39.15605,-77.22574667,2022,7,15
220028685,Injury Crash,07/04/2022 02:12:00 PM,SANDY SPRING RD,"BICYCLIST, OTHER",ANGLE MEETS RIGHT TURN,Clear,DRY,Daylight,TRAFFIC SIGNAL,NONE DETECTED,No,No Apparent Injury,N/A,NOT DISTRACTED,MD,PASSENGER CAR,SLOWING OR STOPPING,40,No,2022,CHEVY,TRAILBLAZER,39.10874,-76.92343667,2022,7,14
220028682,Injury Crash,07/04/2022 02:02:00 PM,SLIGO AVE,NA,SINGLE VEHICLE,Clear,DRY,Daylight,N/A,NONE DETECTED,Unknown,Possible Minor Injury,N/A,NOT DISTRACTED,MD,PASSENGER CAR,MOVING CONSTANT SPEED,30,No,2007,PONTIAC,4D,38.99132667,-77.012345,2022,7,14
220028673,Property Damage Crash,07/04/2022 12:45:00 PM,EISENHOWER MEMORIAL HWY,NA,SAME DIRECTION RIGHT TURN,Clear,DRY,Daylight,N/A,NONE DETECTED,No,No Apparent Injury,N/A,NOT DISTRACTED,MD,PASSENGER CAR,MOVING CONSTANT SPEED,55,No,2007,TOYOTA,CAROLLA,39.06253,-77.156371,2022,7,12
220028673,Property Damage Crash,07/04/2022 12:45:00 PM,EISENHOWER MEMORIAL HWY,NA,SAME DIRECTION RIGHT TURN,Clear,DRY,Daylight,N/A,NONE DETECTED,Yes,No Apparent Injury,N/A,LOOKED BUT DID NOT SEE,MD,"MEDIUM/HEAVY TRUCKS 3 AXLES (OVER 10,000LBS (4,536KG))",CHANGING LANES,55,No,2012,FRIEGHTLINER,TRUCK,39.06253,-77.156371,2022,7,12
220028657,Injury Crash,07/04/2022 09:40:00 AM,EMORY GROVE RD,NA,HEAD ON LEFT TURN,Clear,DRY,Daylight,N/A,NONE DETECTED,No,Possible Minor Injury,N/A,NOT DISTRACTED,MD,PASSENGER CAR,MOVING CONSTANT SPEED,30,No,2021,TOYT,SUV,39.15949833,-77.18562,2022,7,9
220028657,Injury Crash,07/04/2022 09:40:00 AM,EMORY GROVE RD,NA,HEAD ON LEFT TURN,Clear,DRY,Daylight,N/A,NONE DETECTED,Yes,Possible Minor Injury,N/A,LOOKED BUT DID NOT SEE,MD,PASSENGER CAR,MAKING LEFT TURN,30,No,2018,HYUNDAI,SUV,39.15949833,-77.18562,2022,7,9
220028652,Property Damage Crash,07/04/2022 08:40:00 AM,SANDY SPRING RD,NA,SAME DIR REAR END,Clear,DRY,Daylight,TRAFFIC SIGNAL,NONE DETECTED,Yes,No Apparent Injury,N/A,INATTENTIVE OR LOST IN THOUGHT,MD,PASSENGER CAR,ACCELERATING,40,No,2008,TOYOTA,AVALON,39.11149333,-76.93175667,2022,7,8
220028652,Property Damage Crash,07/04/2022 08:40:00 AM,SANDY SPRING RD,NA,SAME DIR REAR END,Clear,DRY,Daylight,TRAFFIC SIGNAL,NONE DETECTED,No,No Apparent Injury,N/A,NOT DISTRACTED,MD,PASSENGER CAR,SLOWING OR STOPPING,40,No,2007,CHEV,TK,39.11149333,-76.93175667,2022,7,8
220028643,Property Damage Crash,07/04/2022 06:20:00 AM,COLESVILLE RD,NA,STRAIGHT MOVEMENT ANGLE,Clear,DRY,Medium,TRAFFIC SIGNAL,NONE DETECTED,Unknown,No Apparent Injury,N/A,UNKNOWN,MD,PASSENGER CAR,MOVING CONSTANT SPEED,35,No,2015,BMW,320,39.01959533,-77.01326983,2022,7,6
220028643,Property Damage Crash,07/04/2022 06:20:00 AM,COLESVILLE RD,NA,STRAIGHT MOVEMENT ANGLE,Clear,DRY,Medium,TRAFFIC SIGNAL,NONE DETECTED,Unknown,No Apparent Injury,N/A,UNKNOWN,MD,PASSENGER CAR,MOVING CONSTANT SPEED,35,No,2005,HONDA,PILOT,39.01959533,-77.01326983,2022,7,6
220028635,Injury Crash,07/04/2022 02:32:00 AM,MONTROSE RD,NA,HEAD ON LEFT TURN,Clear,DRY,Medium,TRAFFIC SIGNAL,NONE DETECTED,Yes,Possible Minor Injury,N/A,UNKNOWN,XX,PASSENGER CAR,MOVING CONSTANT SPEED,40,No,0,FORD,MUSTANG,39.0532,-77.13597333,2022,7,2
220028635,Injury Crash,07/04/2022 02:32:00 AM,MONTROSE RD,NA,HEAD ON LEFT TURN,Clear,DRY,Medium,TRAFFIC SIGNAL,NONE DETECTED,No,Possible Minor Injury,N/A,NOT DISTRACTED,MD,PASSENGER CAR,MAKING LEFT TURN,40,No,2017,TOYOTA,CAMERY,39.0532,-77.13597333,2022,7,2