Local Case Number,ACRS Report Type,Crash Date/Time,Road Name,Related Non-Motorist,Collision Type,Weather,Surface Condition,Light,Traffic Control,Driver Substance Abuse,Driver At Fault,Injury Severity,Circumstance,Driver Distracted By,Drivers License State,Vehicle Body Type,Vehicle Movement,Speed Limit,Driverless Vehicle,Vehicle Year,Vehicle Make,Vehicle Model,Latitude,Longitude,Year,Month,Hour
220028618,Injury Crash,07/03/2022 10:05:00 PM,GAME PRESERVE RD,NA,SINGLE VEHICLE,Clear,DRY,Dark,NO CONTROLS,NONE DETECTED,Yes,Possible Minor Injury,N/A,UNKNOWN,MD,PASSENGER CAR,MOVING CONSTANT SPEED,25,No,2017,NISS,ROGUE,39.159582,-77.234851,2022,7,22
220028613,Property Damage Crash,07/03/2022 09:44:00 PM,FREDERICK RD,NA,OTHER,Clear,DRY,Medium,N/A,NONE DETECTED,Yes,No Apparent Injury,N/A,NOT DISTRACTED,MD,(SPORT) UTILITY VEHICLE,MOVING CONSTANT SPEED,30,No,2010,JEEP,WRANGLER,39.1480182,-77.20656897,2022,7,21
220028614,Property Damage Crash,07/03/2022 09:44:00 PM,UNIVERSITY BLVD W,NA,OTHER,Clear,DRY,Medium,TRAFFIC SIGNAL,NONE DETECTED,No,No Apparent Injury,N/A,NOT DISTRACTED,MD,PASSENGER CAR,SLOWING OR STOPPING,35,No,2016,BUS,NEW FLYER,39.04089333,-77.0535,2022,7,21
220028616,Injury Crash,07/03/2022 09:44:00 PM,FREDERICK RD,PEDESTRIAN,OTHER,Clear,DRY,Medium,N/A,NONE DETECTED,Yes,No Apparent Injury,N/A,UNKNOWN,MD,PASSENGER CAR,MOVING CONSTANT SPEED,30,No,2015,ACURA,ILX,39.14758608,-77.20593278,2022,7,21
220028617,Property Damage Crash,07/03/2022 09:44:00 PM,FREDERICK RD,NA,OTHER,Clear,DRY,Medium,N/A,NONE DETECTED,No,No Apparent Injury,N/A,NOT DISTRACTED,MD,PASSENGER CAR,MOVING CONSTANT SPEED,30,No,2015,NISSAN,VERSA NOTE,39.1476012,-77.20589967,2022,7,21
220028614,Property Damage Crash,07/03/2022 09:44:00 PM,UNIVERSITY BLVD W,NA,OTHER,Clear,DRY,Medium,TRAFFIC SIGNAL,NONE DETECTED,Yes,No Apparent Injury,N/A,NOT DISTRACTED,MD,PASSENGER CAR,MAKING LEFT TURN,35,No,2015,TOYOTA,COROLLA,39.04089333,-77.0535,2022,7,21
220028617,Property Damage Crash,07/03/2022 09:44:00 PM,FREDERICK RD,NA,OTHER,Clear,DRY,Medium,N/A,NONE DETECTED,Yes,No Apparent Injury,N/A,NOT DISTRACTED,MD,(SPORT) UTILITY VEHICLE,MOVING CONSTANT SPEED,30,No,2010,JEEP,WRANGLER,39.1476012,-77.20589967,2022,7,21
220028613,Property Damage Crash,07/03/2022 09:44:00 PM,FREDERICK RD,NA,OTHER,Clear,DRY,Medium,N/A,NONE DETECTED,No,No Apparent Injury,N/A,NOT DISTRACTED,MD,PASSENGER CAR,MOVING CONSTANT SPEED,30,No,2017,HONDA,CIVIC,39.1480182,-77.20656897,2022,7,21
220028614,Property Damage Crash,07/03/2022 09:44:00 PM,UNIVERSITY BLVD W,NA,OTHER,Clear,DRY,Medium,TRAFFIC SIGNAL,NONE DETECTED,No,No Apparent Injury,N/A,NOT DISTRACTED,MD,PASSENGER CAR,MOVING CONSTANT SPEED,35,No,2018,CHEVROLET,MALIBU,39.04089333,-77.0535,2022,7,21
220028605,Injury Crash,07/03/2022 08:20:00 PM,CINNAMON DR,NA,HEAD ON,Clear,DRY,Medium,STOP SIGN,NONE DETECTED,Yes,No Apparent Injury,N/A,UNKNOWN,MD,PICKUP TRUCK,MAKING LEFT TURN,25,No,2006,TOYOTA,TACOMA,39.1562,-77.26438833,2022,7,20
220028605,Injury Crash,07/03/2022 08:20:00 PM,CINNAMON DR,NA,HEAD ON,Clear,DRY,Medium,STOP SIGN,NONE DETECTED,No,Possible Minor Injury,N/A,NOT DISTRACTED,MD,PASSENGER CAR,SLOWING OR STOPPING,25,No,2014,NISSAN,MAXIMA,39.1562,-77.26438833,2022,7,20
220028602,Property Damage Crash,07/03/2022 07:56:00 PM,NEW HAMPSHIRE AVE,NA,SAME DIRECTION SIDESWIPE,Clear,DRY,Daylight,NO CONTROLS,NONE DETECTED,Yes,No Apparent Injury,N/A,UNKNOWN,NA,(SPORT) UTILITY VEHICLE,CHANGING LANES,40,No,2010,TOYOTA,RAV4,38.99224667,-77.02674333,2022,7,19
220028602,Property Damage Crash,07/03/2022 07:56:00 PM,NEW HAMPSHIRE AVE,NA,SAME DIRECTION SIDESWIPE,Clear,DRY,Daylight,NO CONTROLS,NONE DETECTED,No,No Apparent Injury,N/A,NOT DISTRACTED,MD,VAN,MOVING CONSTANT SPEED,40,No,2013,DODGE,GRAND CARAVAN,38.99224667,-77.02674333,2022,7,19
220028599,Injury Crash,07/03/2022 07:41:00 PM,COLESVILLE RD,NA,STRAIGHT MOVEMENT ANGLE,Clear,DRY,Daylight,TRAFFIC SIGNAL,NONE DETECTED,No,No Apparent Injury,N/A,NOT DISTRACTED,MD,PASSENGER CAR,MAKING LEFT TURN,40,No,2018,TESLA,MODEL 3,39.01867,-77.01466333,2022,7,19
220028599,Injury Crash,07/03/2022 07:41:00 PM,COLESVILLE RD,NA,STRAIGHT MOVEMENT ANGLE,Clear,DRY,Daylight,TRAFFIC SIGNAL,NONE DETECTED,Yes,Possible Minor Injury,N/A,NOT DISTRACTED,MD,PASSENGER CAR,MOVING CONSTANT SPEED,40,No,2015,TOYOTA,RAV4,39.01867,-77.01466333,2022,7,19
220028586,Injury Crash,07/03/2022 05:50:00 PM,NA,NA,SINGLE VEHICLE,Clear,NA,Daylight,N/A,NONE DETECTED,Yes,Possible Minor Injury,N/A,UNKNOWN,MD,(SPORT) UTILITY VEHICLE,ACCELERATING,0,No,2016,MERCEDES,GL350,39.152513,-77.31307388,2022,7,17
220028589,Property Damage Crash,07/03/2022 05:49:00 PM,GEORGIA AVE,NA,SAME DIR REAR END,Clear,DRY,Daylight,N/A,NONE DETECTED,Yes,No Apparent Injury,N/A,UNKNOWN,NA,PASSENGER CAR,SLOWING OR STOPPING,35,No,2017,HOND,4S,39.01594667,-77.04279,2022,7,17
220028589,Property Damage Crash,07/03/2022 05:49:00 PM,GEORGIA AVE,NA,SAME DIR REAR END,Clear,DRY,Daylight,N/A,NONE DETECTED,No,No Apparent Injury,N/A,NOT DISTRACTED,MD,PASSENGER CAR,SLOWING OR STOPPING,35,No,2021,TOYT,HB,39.01594667,-77.04279,2022,7,17
220028583,Property Damage Crash,07/03/2022 05:35:00 PM,WOODFIELD RD EXT,NA,SINGLE VEHICLE,Clear,DRY,Daylight,NO CONTROLS,NONE DETECTED,Yes,No Apparent Injury,N/A,NOT DISTRACTED,MD,PASSENGER CAR,MOVING CONSTANT SPEED,35,No,1998,HONDA,ACCORD,39.28921667,-77.20112,2022,7,17
220027418,Injury Crash,07/03/2022 05:19:00 PM,CRYSTAL ROCK DR,NA,STRAIGHT MOVEMENT ANGLE,Clear,DRY,Daylight,STOP SIGN,NONE DETECTED,No,Possible Minor Injury,N/A,NOT DISTRACTED,MD,PASSENGER CAR,MOVING CONSTANT SPEED,40,No,2021,SUBARU,FORESTER,39.19016,-77.26592,2022,7,17
220027418,Injury Crash,07/03/2022 05:19:00 PM,CRYSTAL ROCK DR,NA,STRAIGHT MOVEMENT ANGLE,Clear,DRY,Daylight,STOP SIGN,NONE DETECTED,Yes,Possible Minor Injury,N/A,LOOKED BUT DID NOT SEE,MD,PASSENGER CAR,ACCELERATING,40,No,2022,SUBARU,FORESTER,39.19016,-77.26592,2022,7,17
220029577,Injury Crash,07/03/2022 05:05:00 PM,SPENCERVILLE RD,NA,SAME DIR REAR END,Clear,N/A,Daylight,NO CONTROLS,NONE DETECTED,No,No Apparent Injury,N/A,NOT DISTRACTED,DC,PASSENGER CAR,SLOWING OR STOPPING,30,No,2012,HONDA,CIVIC,39.01581846,-77.01884603,2022,7,17
220029577,Injury Crash,07/03/2022 05:05:00 PM,SPENCERVILLE RD,NA,SAME DIR REAR END,Clear,N/A,Daylight,NO CONTROLS,NONE DETECTED,Yes,No Apparent Injury,N/A,LOOKED BUT DID NOT SEE,MD,(SPORT) UTILITY VEHICLE,MOVING CONSTANT SPEED,30,No,2013,GMC,YUKON,39.01581846,-77.01884603,2022,7,17
220028571,Injury Crash,07/03/2022 04:54:00 PM,BRIGHTON DAM RD,NA,SAME DIR REAR END,Clear,DRY,Daylight,NO CONTROLS,NONE DETECTED,No,Possible Minor Injury,N/A,NOT DISTRACTED,MD,PASSENGER CAR,STOPPED IN TRAFFIC LANE,30,No,2021,NISSAN,VERSA,39.191665,-77.00700833,2022,7,16
220028571,Injury Crash,07/03/2022 04:54:00 PM,BRIGHTON DAM RD,NA,SAME DIR REAR END,Clear,DRY,Daylight,NO CONTROLS,NONE DETECTED,Yes,No Apparent Injury,N/A,NOT DISTRACTED,MD,(SPORT) UTILITY VEHICLE,MOVING CONSTANT SPEED,30,No,2011,LEXUS,RX350,39.191665,-77.00700833,2022,7,16
220028571,Injury Crash,07/03/2022 04:54:00 PM,BRIGHTON DAM RD,NA,SAME DIR REAR END,Clear,DRY,Daylight,NO CONTROLS,NONE DETECTED,No,No Apparent Injury,N/A,NOT DISTRACTED,MD,VAN,STOPPED IN TRAFFIC LANE,30,No,2014,TOYOTA,SIENNA,39.191665,-77.00700833,2022,7,16
220028562,Property Damage Crash,07/03/2022 04:00:00 PM,PERRY AVE,NA,STRAIGHT MOVEMENT ANGLE,Clear,DRY,Daylight,N/A,NONE DETECTED,No,No Apparent Injury,N/A,NOT DISTRACTED,MD,PASSENGER CAR,MOVING CONSTANT SPEED,35,No,2005,NISSAN,ALTIMA,39.03307858,-77.07298287,2022,7,16
220028562,Property Damage Crash,07/03/2022 04:00:00 PM,PERRY AVE,NA,STRAIGHT MOVEMENT ANGLE,Clear,DRY,Daylight,N/A,NONE DETECTED,Yes,No Apparent Injury,N/A,UNKNOWN,MD,PASSENGER CAR,MOVING CONSTANT SPEED,20,No,2015,HYUNDAI,ACCENT,39.03307858,-77.07298287,2022,7,16
220028561,Property Damage Crash,07/03/2022 03:45:00 PM,MARYLAND AVE,NA,SAME DIR REAR END,Clear,DRY,Daylight,YIELD SIGN,NONE DETECTED,Yes,No Apparent Injury,N/A,UNKNOWN,MD,PASSENGER CAR,MOVING CONSTANT SPEED,35,No,2017,CHEV,CRUZE,39.08049617,-77.15270517,2022,7,15
220028563,Property Damage Crash,07/03/2022 03:45:00 PM,ROTHBURY DR,NA,SAME DIR REAR END,Clear,DRY,Daylight,N/A,NONE DETECTED,Yes,No Apparent Injury,N/A,NOT DISTRACTED,MD,PASSENGER CAR,MOVING CONSTANT SPEED,30,No,2010,MAZDA,3,39.18555,-77.189785,2022,7,15
220028563,Property Damage Crash,07/03/2022 03:45:00 PM,ROTHBURY DR,NA,SAME DIR REAR END,Clear,DRY,Daylight,N/A,NONE DETECTED,No,No Apparent Injury,N/A,NOT DISTRACTED,MD,(SPORT) UTILITY VEHICLE,STOPPED IN TRAFFIC LANE,30,No,2016,TOYT,4RUNNER,39.18555,-77.189785,2022,7,15
220028561,Property Damage Crash,07/03/2022 03:45:00 PM,MARYLAND AVE,NA,SAME DIR REAR END,Clear,DRY,Daylight,YIELD SIGN,NONE DETECTED,No,No Apparent Injury,N/A,NOT DISTRACTED,VA,PASSENGER CAR,SLOWING OR STOPPING,35,No,2000,HONDA,ACCORD,39.08049617,-77.15270517,2022,7,15
220028558,Property Damage Crash,07/03/2022 03:38:00 PM,RANDOLPH RD,NA,SINGLE VEHICLE,Clear,DRY,Daylight,TRAFFIC SIGNAL,NONE DETECTED,Yes,No Apparent Injury,N/A,INATTENTIVE OR LOST IN THOUGHT,MD,PASSENGER CAR,MOVING CONSTANT SPEED,40,No,2015,TOYOTA,HIGHLANDER,39.05767833,-77.05017,2022,7,15
220028557,Property Damage Crash,07/03/2022 03:31:00 PM,RANDOLPH RD,NA,STRAIGHT MOVEMENT ANGLE,Clear,DRY,Daylight,NO CONTROLS,NONE DETECTED,No,No Apparent Injury,N/A,NOT DISTRACTED,MD,PASSENGER CAR,MAKING LEFT TURN,35,No,2020,HOND,UT,39.06422667,-77.03933833,2022,7,15
220028557,Property Damage Crash,07/03/2022 03:31:00 PM,RANDOLPH RD,NA,STRAIGHT MOVEMENT ANGLE,Clear,DRY,Daylight,NO CONTROLS,NONE DETECTED,Yes,No Apparent Injury,N/A,LOOKED BUT DID NOT SEE,MD,PASSENGER CAR,MOVING CONSTANT SPEED,40,No,2019,HYUNDAI,IONIC,39.06422667,-77.03933833,2022,7,15
220028556,Property Damage Crash,07/03/2022 03:19:00 PM,DARNESTOWN RD,NA,SINGLE VEHICLE,Clear,DRY,Daylight,NO CONTROLS,NONE DETECTED,Yes,No Apparent Injury,"N/A, V WIPERS|W OTHER ENVIRONMENTAL",OTHER DISTRACTION,MD,PICKUP TRUCK,MOVING CONSTANT SPEED,40,No,2018,RAM,3500,39.10347805,-77.2274362,2022,7,15
220028553,Property Damage Crash,07/03/2022 02:25:00 PM,TWINBROOK PKWY,NA,STRAIGHT MOVEMENT ANGLE,Clear,DRY,Daylight,TRAFFIC SIGNAL,NONE DETECTED,Yes,No Apparent Injury,N/A,UNKNOWN,MD,PASSENGER CAR,MOVING CONSTANT SPEED,35,No,2017,TOYOTA,CAMRY,39.06147833,-77.11639833,2022,7,14
220028553,Property Damage Crash,07/03/2022 02:25:00 PM,TWINBROOK PKWY,NA,STRAIGHT MOVEMENT ANGLE,Clear,DRY,Daylight,TRAFFIC SIGNAL,NONE DETECTED,No,No Apparent Injury,N/A,NOT DISTRACTED,MD,(SPORT) UTILITY VEHICLE,STARTING FROM LANE,35,No,2021,VOLV,UT,39.06147833,-77.11639833,2022,7,14
220028552,Property Damage Crash,07/03/2022 01:58:00 PM,DARNESTOWN RD,NA,SINGLE VEHICLE,Clear,DRY,Daylight,NO CONTROLS,NONE DETECTED,Yes,No Apparent Injury,N/A,OTHER DISTRACTION,MD,PASSENGER CAR,MOVING CONSTANT SPEED,50,No,2001,TOYOTA,AVALON,39.15928167,-77.38279,2022,7,13
220028538,Injury Crash,07/03/2022 12:24:00 PM,COLUMBIA PIKE,NA,SINGLE VEHICLE,Clear,DRY,Daylight,NO CONTROLS,NONE DETECTED,Yes,Possible Minor Injury,N/A,UNKNOWN,MD,PASSENGER CAR,MOVING CONSTANT SPEED,55,No,2009,NISSAN,MAXIMA,39.07982233,-76.95127633,2022,7,12
220028536,Property Damage Crash,07/03/2022 12:15:00 PM,VEIRS MILL RD,NA,STRAIGHT MOVEMENT ANGLE,Clear,DRY,Daylight,TRAFFIC SIGNAL,NONE DETECTED,Yes,No Apparent Injury,N/A,UNKNOWN,MD,(SPORT) UTILITY VEHICLE,MOVING CONSTANT SPEED,35,No,2021,TOYOTA,RAV4,39.04850333,-77.06911333,2022,7,12
220028536,Property Damage Crash,07/03/2022 12:15:00 PM,VEIRS MILL RD,NA,STRAIGHT MOVEMENT ANGLE,Clear,DRY,Daylight,TRAFFIC SIGNAL,NONE DETECTED,No,No Apparent Injury,N/A,NOT DISTRACTED,MD,PASSENGER CAR,ACCELERATING,35,No,2013,TOYOTA,CAMRY,39.04850333,-77.06911333,2022,7,12
220028524,Property Damage Crash,07/03/2022 10:18:00 AM,SLIGO AVE,NA,SAME DIR REAR END,Clear,DRY,Daylight,NO CONTROLS,NONE DETECTED,No,No Apparent Injury,N/A,NOT DISTRACTED,MD,PASSENGER CAR,ACCELERATING,10,No,2021,TOYT,SD,38.99023433,-77.02591367,2022,7,10
220028524,Property Damage Crash,07/03/2022 10:18:00 AM,SLIGO AVE,NA,SAME DIR REAR END,Clear,DRY,Daylight,NO CONTROLS,NONE DETECTED,Yes,No Apparent Injury,N/A,LOOKED BUT DID NOT SEE,MD,PASSENGER CAR,ACCELERATING,15,No,2015,TOYT,SD,38.99023433,-77.02591367,2022,7,10
220028521,Property Damage Crash,07/03/2022 09:15:00 AM,HUTCHINSON LA,NA,OTHER,Rain,WET,Daylight,N/A,NONE DETECTED,Yes,No Apparent Injury,N/A,UNKNOWN,MD,PASSENGER CAR,MOVING CONSTANT SPEED,25,No,2010,HONDA,CIVIC,39.07177333,-77.03617,2022,7,9
220028515,Property Damage Crash,07/03/2022 06:16:00 AM,HUNGERFORD DR,NA,SAME DIR REAR END,Cloudy,WET,Medium,NO CONTROLS,NONE DETECTED,Yes,No Apparent Injury,"SLEET, HAIL, FREEZ. RAIN, WET",UNKNOWN,NA,PASSENGER CAR,ACCELERATING,35,No,2009,JEEP,GRAND CHEROKEE,39.0937746,-77.1564504,2022,7,6
220028515,Property Damage Crash,07/03/2022 06:16:00 AM,HUNGERFORD DR,NA,SAME DIR REAR END,Cloudy,WET,Medium,NO CONTROLS,NONE DETECTED,No,No Apparent Injury,"SLEET, HAIL, FREEZ. RAIN, WET",NOT DISTRACTED,MD,PASSENGER CAR,MOVING CONSTANT SPEED,35,No,2022,HOND,SD,39.0937746,-77.1564504,2022,7,6
22002851,Property Damage Crash,07/03/2022 05:29:00 AM,NA,NA,HEAD ON,Cloudy,NA,Medium,N/A,ALCOHOL PRESENT,Yes,No Apparent Injury,N/A,UNKNOWN,XX,PASSENGER CAR,MOVING CONSTANT SPEED,10,No,2009,HONDA,CIVIC,39.09364858,-77.07741848,2022,7,5
220028510,Injury Crash,07/03/2022 05:28:00 AM,UNIVERSITY BLVD E,NA,STRAIGHT MOVEMENT ANGLE,Cloudy,WET,Medium,TRAFFIC SIGNAL,NONE DETECTED,Yes,No Apparent Injury,"RAIN, SNOW, TRAFFIC CONTROL DEVICE INOPERATIVE",NOT DISTRACTED,MD,PASSENGER CAR,MOVING CONSTANT SPEED,40,No,2013,TOYOTA,COROLLA,39.040855,-76.98907167,2022,7,5
220028510,Injury Crash,07/03/2022 05:28:00 AM,UNIVERSITY BLVD E,NA,STRAIGHT MOVEMENT ANGLE,Cloudy,WET,Medium,TRAFFIC SIGNAL,NONE DETECTED,Yes,No Apparent Injury,"RAIN, SNOW, TRAFFIC CONTROL DEVICE INOPERATIVE",NOT DISTRACTED,DC,PASSENGER CAR,SLOWING OR STOPPING,40,No,2006,HONDA,ODYSSEY,39.040855,-76.98907167,2022,7,5
220028509,Property Damage Crash,07/03/2022 05:02:00 AM,CAPITAL BELTWAY,NA,SAME DIR REAR END,Clear,WET,Medium,NO CONTROLS,NONE DETECTED,Yes,No Apparent Injury,"RAIN, SNOW, WET",NOT DISTRACTED,XX,PASSENGER CAR,MOVING CONSTANT SPEED,55,No,2009,FORD,ESCAPE,39.01387333,-77.06196833,2022,7,5
220028509,Property Damage Crash,07/03/2022 05:02:00 AM,CAPITAL BELTWAY,NA,SAME DIR REAR END,Clear,WET,Medium,NO CONTROLS,NONE DETECTED,No,No Apparent Injury,"RAIN, SNOW, WET",NOT DISTRACTED,MD,PASSENGER CAR,MOVING CONSTANT SPEED,55,No,2013,FORD,FUSION,39.01387333,-77.06196833,2022,7,5
220028508,Property Damage Crash,07/03/2022 04:36:00 AM,CAPITAL BELTWAY,NA,SAME DIRECTION SIDESWIPE,Clear,WET,Medium,N/A,NONE DETECTED,No,No Apparent Injury,"N/A, WET",NOT DISTRACTED,MD,PASSENGER CAR,MOVING CONSTANT SPEED,55,No,2015,JEEP,WRANGLER,39.01384667,-77.062265,2022,7,4
220028508,Property Damage Crash,07/03/2022 04:36:00 AM,CAPITAL BELTWAY,NA,SAME DIRECTION SIDESWIPE,Clear,WET,Medium,N/A,NONE DETECTED,Yes,No Apparent Injury,"N/A, WET",NOT DISTRACTED,SC,PASSENGER CAR,MOVING CONSTANT SPEED,55,No,2003,MERCURY,GRAND MARQUIS,39.01384667,-77.062265,2022,7,4
220028504,Property Damage Crash,07/03/2022 03:11:00 AM,MIDCOUNTY HWY,NA,SINGLE VEHICLE,Clear,WET,Dark,NO CONTROLS,ALCOHOL PRESENT,Yes,No Apparent Injury,N/A,OTHER DISTRACTION,MD,PASSENGER CAR,MOVING CONSTANT SPEED,50,No,2019,JEEP,RENEGADE,39.15958267,-77.20010667,2022,7,3
220028503,Property Damage Crash,07/03/2022 02:28:00 AM,NEW HAMPSHIRE AVE,NA,SAME DIR REAR END,Rain,WET,Medium,NO CONTROLS,ALCOHOL PRESENT,Yes,No Apparent Injury,"RAIN, SNOW, WET",UNKNOWN,DC,PASSENGER CAR,MOVING CONSTANT SPEED,35,No,2020,HONDA,ACCORD,38.9828113,-76.9883908,2022,7,2
220028503,Property Damage Crash,07/03/2022 02:28:00 AM,NEW HAMPSHIRE AVE,NA,SAME DIR REAR END,Rain,WET,Medium,NO CONTROLS,NONE DETECTED,No,No Apparent Injury,"RAIN, SNOW, WET",NOT DISTRACTED,MD,PASSENGER CAR,MOVING CONSTANT SPEED,35,No,2009,TOYOTA,TK,38.9828113,-76.9883908,2022,7,2
220028500,Property Damage Crash,07/03/2022 02:10:00 AM,W MONTGOMERY AVE,NA,SINGLE VEHICLE,Rain,WET,Medium,NO CONTROLS,ALCOHOL PRESENT,Yes,No Apparent Injury,"RAIN, SNOW, WET",BY OTHER OCCUPANTS,MD,PASSENGER CAR,MOVING CONSTANT SPEED,35,No,2021,LEXUS,RX350,39.0842015,-77.1581365,2022,7,2
220028498,Injury Crash,07/03/2022 01:30:00 AM,FENTON ST,NA,STRAIGHT MOVEMENT ANGLE,Rain,WET,Medium,FLASHING TRAFFIC SIGNAL,NONE DETECTED,No,Possible Minor Injury,"RAIN, SNOW, WET",NOT DISTRACTED,VA,PASSENGER CAR,MOVING CONSTANT SPEED,30,No,2010,FORD,ESCAPE,38.99024167,-77.02456167,2022,7,1
220028498,Injury Crash,07/03/2022 01:30:00 AM,FENTON ST,NA,STRAIGHT MOVEMENT ANGLE,Rain,WET,Medium,FLASHING TRAFFIC SIGNAL,NONE DETECTED,Yes,No Apparent Injury,"RAIN, SNOW, WET",LOOKED BUT DID NOT SEE,PA,PASSENGER CAR,MOVING CONSTANT SPEED,30,No,2017,HONDA,CRV,38.99024167,-77.02456167,2022,7,1
220028496,Property Damage Crash,07/03/2022 12:50:00 AM,LAYHILL RD,NA,OTHER,Rain,WET,Medium,NO CONTROLS,ALCOHOL PRESENT,Yes,No Apparent Injury,"RAIN, SNOW, WET",NOT DISTRACTED,MD,PASSENGER CAR,MOVING CONSTANT SPEED,35,No,2004,TOYOTA,4RUNNER,39.06088333,-77.03832167,2022,7,0
220028497,Property Damage Crash,07/03/2022 12:45:00 AM,UNIVERSITY BLVD E,NA,SINGLE VEHICLE,Rain,WET,Medium,NO CONTROLS,ALCOHOL PRESENT,Yes,No Apparent Injury,"N/A, WET",UNKNOWN,XX,(SPORT) UTILITY VEHICLE,MOVING CONSTANT SPEED,40,No,2019,GMC,TERRAIN,38.99389667,-76.99238833,2022,7,0
220028492,Property Damage Crash,07/03/2022 12:25:00 AM,RILEYS LOCK RD,NA,SINGLE VEHICLE,Rain,WET,Medium,NO CONTROLS,NONE DETECTED,Yes,No Apparent Injury,"RAIN, SNOW, WET",NOT DISTRACTED,MD,PICKUP TRUCK,MOVING CONSTANT SPEED,5,No,2012,DODGE,RAM,39.07090065,-77.34115333,2022,7,0
220028491,Injury Crash,07/03/2022 12:23:00 AM,SPENCERVILLE RD,NA,SINGLE VEHICLE,Rain,WET,Medium,N/A,NONE DETECTED,Yes,Possible Minor Injury,"RAIN, SNOW, WET",UNKNOWN,MD,PASSENGER CAR,MOVING CONSTANT SPEED,45,No,2016,HYUNDAI,ELANTRA,39.1065035,-76.94129683,2022,7,0
220028490,Property Damage Crash,07/02/2022 11:35:00 PM,NA,NA,SINGLE VEHICLE,Rain,NA,Medium,NO CONTROLS,NONE DETECTED,Yes,No Apparent Injury,"RAIN, SNOW, WET",LOOKED BUT DID NOT SEE,MD,PASSENGER CAR,MAKING LEFT TURN,5,No,2017,CHEV,TK,39.13384073,-77.19510333,2022,7,23
220028483,Property Damage Crash,07/02/2022 10:27:00 PM,NICHOLSON LA,NA,HEAD ON LEFT TURN,Clear,WET,Medium,TRAFFIC SIGNAL,NONE DETECTED,Yes,No Apparent Injury,"N/A, WET",LOOKED BUT DID NOT SEE,MD,"CARGO VAN/LIGHT TRUCK 2 AXLES (OVER 10,000LBS (4,536 KG))",MAKING LEFT TURN,30,No,2021,CHEV,CG,39.04530833,-77.10532333,2022,7,22
220028483,Property Damage Crash,07/02/2022 10:27:00 PM,NICHOLSON LA,NA,HEAD ON LEFT TURN,Clear,WET,Medium,TRAFFIC SIGNAL,NONE DETECTED,No,No Apparent Injury,"N/A, WET",NOT DISTRACTED,WI,PASSENGER CAR,MOVING CONSTANT SPEED,30,No,2013,CHEV,CRUZ,39.04530833,-77.10532333,2022,7,22
220028485,Property Damage Crash,07/02/2022 10:19:00 PM,GEORGIA AVE,NA,SAME DIR REAR END,Rain,WET,Medium,TRAFFIC SIGNAL,ALCOHOL PRESENT,Yes,No Apparent Injury,"RAIN, SNOW, WET",UNKNOWN,XX,VAN,SLOWING OR STOPPING,35,No,2012,FORD,E350,39.06110833,-77.05475667,2022,7,22
220028485,Property Damage Crash,07/02/2022 10:19:00 PM,GEORGIA AVE,NA,SAME DIR REAR END,Rain,WET,Medium,TRAFFIC SIGNAL,NONE DETECTED,No,No Apparent Injury,"RAIN, SNOW, WET",NOT DISTRACTED,MD,PASSENGER CAR,STOPPED IN TRAFFIC LANE,35,No,2021,TOYT,SD,39.06110833,-77.05475667,2022,7,22
220028478,Property Damage Crash,07/02/2022 09:03:00 PM,COLUMBIA PIKE,NA,SAME DIR REAR END,Rain,WET,Medium,TRAFFIC SIGNAL,NONE DETECTED,No,No Apparent Injury,"N/A, RAIN, SNOW",NOT DISTRACTED,VA,PASSENGER CAR,STOPPED IN TRAFFIC LANE,40,No,2005,LEXUS,LS430,39.0328852,-77.0033092,2022,7,21
220028478,Property Damage Crash,07/02/2022 09:03:00 PM,COLUMBIA PIKE,NA,SAME DIR REAR END,Rain,WET,Medium,TRAFFIC SIGNAL,NONE DETECTED,Yes,No Apparent Injury,"N/A, RAIN, SNOW",UNKNOWN,NA,PASSENGER CAR,SLOWING OR STOPPING,40,No,2019,NISSAN,VERSA,39.0328852,-77.0033092,2022,7,21
220028477,Injury Crash,07/02/2022 09:00:00 PM,NEW HAMPSHIRE AVE,NA,HEAD ON LEFT TURN,Rain,WET,Medium,NO CONTROLS,NONE DETECTED,No,Possible Minor Injury,"N/A, WET",NOT DISTRACTED,MD,PASSENGER CAR,MOVING CONSTANT SPEED,40,No,2004,GMC,TAHOE,39.0409135,-76.9910825,2022,7,21
220028477,Injury Crash,07/02/2022 09:00:00 PM,NEW HAMPSHIRE AVE,NA,HEAD ON LEFT TURN,Rain,WET,Medium,NO CONTROLS,ALCOHOL PRESENT,Yes,Possible Minor Injury,"N/A, WET",OTHER DISTRACTION,MD,PASSENGER CAR,MAKING LEFT TURN,40,No,2006,HONDA,ODYSSEY,39.0409135,-76.9910825,2022,7,21
220028455,Property Damage Crash,07/02/2022 05:45:00 PM,NA,NA,SINGLE VEHICLE,Clear,NA,Daylight,NO CONTROLS,NONE DETECTED,Yes,No Apparent Injury,N/A,NOT DISTRACTED,VA,PASSENGER CAR,MAKING LEFT TURN,5,No,2021,CHEV,ST,39.11495343,-77.18692797,2022,7,17
220028457,Property Damage Crash,07/02/2022 05:00:00 PM,RILEYS LOCK RD,NA,SINGLE VEHICLE,Clear,DRY,Daylight,NO CONTROLS,NONE DETECTED,Yes,No Apparent Injury,N/A,UNKNOWN,MD,PASSENGER CAR,MAKING LEFT TURN,25,No,2011,VOLVO,C70,39.11485333,-77.254885,2022,7,17
220028449,Injury Crash,07/02/2022 04:57:00 PM,SECOND AVE,NA,STRAIGHT MOVEMENT ANGLE,Clear,DRY,Daylight,NO CONTROLS,NONE DETECTED,No,No Apparent Injury,N/A,NOT DISTRACTED,VA,PASSENGER CAR,MOVING CONSTANT SPEED,30,No,2017,SUBA,SU,39.00426,-77.04114667,2022,7,16
220028449,Injury Crash,07/02/2022 04:57:00 PM,SECOND AVE,NA,STRAIGHT MOVEMENT ANGLE,Clear,DRY,Daylight,NO CONTROLS,NONE DETECTED,Yes,No Apparent Injury,N/A,LOOKED BUT DID NOT SEE,MD,PASSENGER CAR,STARTING FROM LANE,30,No,2011,DODG,TK,39.00426,-77.04114667,2022,7,16
220028435,Property Damage Crash,07/02/2022 03:08:00 PM,SANTA ANITA CT,NA,OPPOSITE DIRECTION SIDESWIPE,Cloudy,DRY,Daylight,NO CONTROLS,NONE DETECTED,Yes,No Apparent Injury,"N/A, PHYSICAL OBSTRUCTION(S)",NOT DISTRACTED,MD,VAN,MOVING CONSTANT SPEED,25,No,2022,MERCEDES,METRIS,39.25256667,-77.21975667,2022,7,15
220028433,Injury Crash,07/02/2022 03:00:00 PM,COLUMBIA PIKE,NA,SAME DIR REAR END,Clear,DRY,Daylight,TRAFFIC SIGNAL,NONE DETECTED,Yes,Possible Minor Injury,N/A,UNKNOWN,CA,PASSENGER CAR,MOVING CONSTANT SPEED,50,No,2003,LINCOLN,TOWN CAR,39.06763917,-76.95956617,2022,7,15
220028433,Injury Crash,07/02/2022 03:00:00 PM,COLUMBIA PIKE,NA,SAME DIR REAR END,Clear,DRY,Daylight,TRAFFIC SIGNAL,NONE DETECTED,No,No Apparent Injury,N/A,NOT DISTRACTED,TX,PASSENGER CAR,STOPPED IN TRAFFIC LANE,50,No,2018,BMW,X6,39.06763917,-76.95956617,2022,7,15
220028422,Property Damage Crash,07/02/2022 01:30:00 PM,NEW HAMPSHIRE AVE,NA,SAME DIRECTION LEFT TURN,Clear,DRY,Daylight,NO CONTROLS,NONE DETECTED,No,No Apparent Injury,N/A,NOT DISTRACTED,MD,PASSENGER CAR,MOVING CONSTANT SPEED,35,No,2006,HOND,TK,39.02109833,-76.976805,2022,7,13