Local Case Number,ACRS Report Type,Crash Date/Time,Road Name,Related Non-Motorist,Collision Type,Weather,Surface Condition,Light,Traffic Control,Driver Substance Abuse,Driver At Fault,Injury Severity,Circumstance,Driver Distracted By,Drivers License State,Vehicle Body Type,Vehicle Movement,Speed Limit,Driverless Vehicle,Vehicle Year,Vehicle Make,Vehicle Model,Latitude,Longitude,Year,Month,Hour
220028422,Property Damage Crash,07/02/2022 01:30:00 PM,NEW HAMPSHIRE AVE,NA,SAME DIRECTION LEFT TURN,Clear,DRY,Daylight,NO CONTROLS,NONE DETECTED,Yes,No Apparent Injury,N/A,NOT DISTRACTED,MD,TRANSIT BUS,MOVING CONSTANT SPEED,35,No,2020,GILG,BUS,39.02109833,-76.976805,2022,7,13
220028394,Property Damage Crash,07/02/2022 09:22:00 AM,ROCKVILLE PIKE,NA,SINGLE VEHICLE,Clear,DRY,Daylight,NO CONTROLS,NONE DETECTED,Yes,No Apparent Injury,N/A,NOT DISTRACTED,MD,PASSENGER CAR,MOVING CONSTANT SPEED,35,No,2015,HOND,4S,39.082103,-77.155326,2022,7,9
220028388,Property Damage Crash,07/02/2022 07:44:00 AM,BRINK RD,NA,SINGLE VEHICLE,Cloudy,DRY,Daylight,NO CONTROLS,NONE DETECTED,Yes,No Apparent Injury,N/A,INATTENTIVE OR LOST IN THOUGHT,MD,PICKUP TRUCK,MOVING CONSTANT SPEED,35,No,2021,CHEVROLET,2500,39.21173833,-77.14751167,2022,7,7
220028372,Injury Crash,07/02/2022 12:17:00 AM,MIDCOUNTY HWY,NA,HEAD ON LEFT TURN,Clear,DRY,Medium,TRAFFIC SIGNAL,NONE DETECTED,No,Possible Minor Injury,N/A,NOT DISTRACTED,MD,PASSENGER CAR,MOVING CONSTANT SPEED,45,No,2014,KIA,TK,39.1509915,-77.1746635,2022,7,0
220028372,Injury Crash,07/02/2022 12:17:00 AM,MIDCOUNTY HWY,NA,HEAD ON LEFT TURN,Clear,DRY,Medium,TRAFFIC SIGNAL,ALCOHOL PRESENT,Yes,No Apparent Injury,N/A,UNKNOWN,MD,PASSENGER CAR,MAKING LEFT TURN,45,No,2016,NISS,UT,39.1509915,-77.1746635,2022,7,0
220028360,Injury Crash,07/01/2022 09:45:00 PM,COLUMBIA PIKE,NA,SAME DIR REAR END,Clear,DRY,Medium,TRAFFIC SIGNAL,NONE DETECTED,No,No Apparent Injury,N/A,NOT DISTRACTED,MD,TRANSIT BUS,STOPPED IN TRAFFIC LANE,35,No,2020,NOVA,BUS,39.05741167,-76.96899667,2022,7,21
220028360,Injury Crash,07/01/2022 09:45:00 PM,COLUMBIA PIKE,NA,SAME DIR REAR END,Clear,DRY,Medium,TRAFFIC SIGNAL,NONE DETECTED,No,Possible Minor Injury,N/A,NOT DISTRACTED,MD,PASSENGER CAR,STOPPED IN TRAFFIC LANE,45,No,2008,TOYOTA,TUNDRA,39.05741167,-76.96899667,2022,7,21
220028360,Injury Crash,07/01/2022 09:45:00 PM,COLUMBIA PIKE,NA,SAME DIR REAR END,Clear,DRY,Medium,TRAFFIC SIGNAL,ALCOHOL PRESENT,Yes,Possible Minor Injury,N/A,NOT DISTRACTED,MD,PASSENGER CAR,SLOWING OR STOPPING,35,No,2012,FORD,E250,39.05741167,-76.96899667,2022,7,21
220028348,Injury Crash,07/01/2022 07:33:00 PM,GEORGIA AVE,NA,SAME DIRECTION SIDESWIPE,Cloudy,DRY,Daylight,TRAFFIC SIGNAL,NONE DETECTED,No,Possible Minor Injury,N/A,NOT DISTRACTED,MD,PICKUP TRUCK,MOVING CONSTANT SPEED,35,No,2016,CHEVROLET,SILVERADO,39.01527833,-77.04251333,2022,7,19
220028348,Injury Crash,07/01/2022 07:33:00 PM,GEORGIA AVE,NA,SAME DIRECTION SIDESWIPE,Cloudy,DRY,Daylight,TRAFFIC SIGNAL,NONE DETECTED,Yes,No Apparent Injury,N/A,LOOKED BUT DID NOT SEE,MD,PICKUP TRUCK,CHANGING LANES,35,No,2020,RAM,PICKUP,39.01527833,-77.04251333,2022,7,19
220028343,Property Damage Crash,07/01/2022 07:00:00 PM,OLNEY SANDY SPRING RD,NA,STRAIGHT MOVEMENT ANGLE,Rain,WET,Daylight,TRAFFIC SIGNAL,NONE DETECTED,No,No Apparent Injury,"RAIN, SNOW, WET",NOT DISTRACTED,MD,PASSENGER CAR,MAKING LEFT TURN,30,No,2006,TOYT,4S,39.09186833,-77.069225,2022,7,19
220028347,Property Damage Crash,07/01/2022 07:00:00 PM,NA,NA,SINGLE VEHICLE,Rain,NA,Daylight,N/A,NONE DETECTED,Yes,No Apparent Injury,"RAIN, SNOW, WET",UNKNOWN,MD,PICKUP TRUCK,MOVING CONSTANT SPEED,40,No,2021,FORD,F250,39.16378833,-77.14889333,2022,7,19
220028343,Property Damage Crash,07/01/2022 07:00:00 PM,OLNEY SANDY SPRING RD,NA,STRAIGHT MOVEMENT ANGLE,Rain,WET,Daylight,TRAFFIC SIGNAL,NONE DETECTED,No,No Apparent Injury,"RAIN, SNOW, WET",NOT DISTRACTED,MD,PASSENGER CAR,STARTING FROM LANE,30,No,2015,FORD,UT,39.09186833,-77.069225,2022,7,19
220028343,Property Damage Crash,07/01/2022 07:00:00 PM,OLNEY SANDY SPRING RD,NA,STRAIGHT MOVEMENT ANGLE,Rain,WET,Daylight,TRAFFIC SIGNAL,NONE DETECTED,Yes,No Apparent Injury,"RAIN, SNOW, WET",INATTENTIVE OR LOST IN THOUGHT,MD,PASSENGER CAR,MOVING CONSTANT SPEED,30,No,2019,JEEP,TK,39.09186833,-77.069225,2022,7,19
220028346,Property Damage Crash,07/01/2022 06:58:00 PM,FREDERICK RD,NA,SAME DIR REAR END,Rain,WET,Daylight,TRAFFIC SIGNAL,NONE DETECTED,Yes,No Apparent Injury,"N/A, WET",NOT DISTRACTED,MD,PASSENGER CAR,SLOWING OR STOPPING,40,No,2017,HONDA,CIVIC,39.19526417,-77.24483167,2022,7,18
220028346,Property Damage Crash,07/01/2022 06:58:00 PM,FREDERICK RD,NA,SAME DIR REAR END,Rain,WET,Daylight,TRAFFIC SIGNAL,NONE DETECTED,No,No Apparent Injury,"N/A, WET",NOT DISTRACTED,MD,PICKUP TRUCK,SLOWING OR STOPPING,40,No,2020,FORD,TK,39.19526417,-77.24483167,2022,7,18
220028338,Property Damage Crash,07/01/2022 06:14:00 PM,NA,NA,OTHER,Rain,NA,Daylight,N/A,NONE DETECTED,Yes,No Apparent Injury,"N/A, RAIN, SNOW",UNKNOWN,MD,PASSENGER CAR,MOVING CONSTANT SPEED,15,No,2010,NISSAN,4S,39.14895917,-77.18160288,2022,7,18
220028338,Property Damage Crash,07/01/2022 06:14:00 PM,NA,NA,OTHER,Rain,NA,Daylight,N/A,NONE DETECTED,Yes,No Apparent Injury,"N/A, RAIN, SNOW",UNKNOWN,MD,PASSENGER CAR,BACKING,15,No,2018,NISSAN,TRUCK,39.14895917,-77.18160288,2022,7,18
220028331,Property Damage Crash,07/01/2022 05:20:00 PM,FREDERICK RD,NA,SINGLE VEHICLE,Cloudy,DRY,Daylight,NO CONTROLS,NONE DETECTED,Yes,No Apparent Injury,N/A,NOT DISTRACTED,MD,PASSENGER CAR,MOVING CONSTANT SPEED,40,No,2007,FORD,FOCUS,39.22214833,-77.26008333,2022,7,17
220028351,Property Damage Crash,07/01/2022 05:00:00 PM,NA,NA,OTHER,Clear,NA,Daylight,NO CONTROLS,NONE DETECTED,Yes,No Apparent Injury,N/A,UNKNOWN,XX,PASSENGER CAR,UNKNOWN,10,No,2022,HONDA,ODYSSEY,39.04718533,-77.04536233,2022,7,17
220028351,Property Damage Crash,07/01/2022 05:00:00 PM,NA,NA,OTHER,Clear,NA,Daylight,NO CONTROLS,NONE DETECTED,No,No Apparent Injury,N/A,NOT DISTRACTED,MD,PASSENGER CAR,PARKED,0,No,2018,TOYOTA,RAV4,39.04718533,-77.04536233,2022,7,17
220028316,Injury Crash,07/01/2022 04:10:00 PM,MONTGOMERY VILLAGE AVE,NA,SAME DIR REAR END,Clear,DRY,Daylight,NO CONTROLS,NONE DETECTED,No,Possible Minor Injury,N/A,NOT DISTRACTED,MD,PASSENGER CAR,MAKING RIGHT TURN,35,No,2011,TOYOTA,RAV4,39.19051333,-77.19203667,2022,7,16
220028316,Injury Crash,07/01/2022 04:10:00 PM,MONTGOMERY VILLAGE AVE,NA,SAME DIR REAR END,Clear,DRY,Daylight,NO CONTROLS,NONE DETECTED,Yes,No Apparent Injury,N/A,LOOKED BUT DID NOT SEE,MD,PASSENGER CAR,MAKING RIGHT TURN,35,No,2001,TOYOTA,AVALON,39.19051333,-77.19203667,2022,7,16
220028305,Injury Crash,07/01/2022 02:00:00 PM,VEIRS MILL RD,NA,SAME DIRECTION SIDESWIPE,Clear,DRY,Daylight,TRAFFIC SIGNAL,NONE DETECTED,Yes,No Apparent Injury,N/A,NOT DISTRACTED,MD,(SPORT) UTILITY VEHICLE,MOVING CONSTANT SPEED,35,No,2015,TOYOTA,RAV4,39.03798667,-77.05226333,2022,7,14
220028305,Injury Crash,07/01/2022 02:00:00 PM,VEIRS MILL RD,NA,SAME DIRECTION SIDESWIPE,Clear,DRY,Daylight,TRAFFIC SIGNAL,NONE DETECTED,No,Possible Minor Injury,N/A,NOT DISTRACTED,MD,PASSENGER CAR,STOPPED IN TRAFFIC LANE,35,No,2006,HOND,SD,39.03798667,-77.05226333,2022,7,14
220028305,Injury Crash,07/01/2022 02:00:00 PM,VEIRS MILL RD,NA,SAME DIRECTION SIDESWIPE,Clear,DRY,Daylight,TRAFFIC SIGNAL,NONE DETECTED,No,No Apparent Injury,N/A,NOT DISTRACTED,MD,TRUCK TRACTOR,STOPPED IN TRAFFIC LANE,35,No,2008,INTL,TT,39.03798667,-77.05226333,2022,7,14
220028297,Property Damage Crash,07/01/2022 01:45:00 PM,ROCKVILLE PIKE,NA,ANGLE MEETS RIGHT TURN,Clear,DRY,Daylight,TRAFFIC SIGNAL,NONE DETECTED,No,No Apparent Injury,N/A,NOT DISTRACTED,VA,"CARGO VAN/LIGHT TRUCK 2 AXLES (OVER 10,000LBS (4,536 KG))",MOVING CONSTANT SPEED,25,No,2017,ISUZU,TRUCK,38.99711317,-77.09657067,2022,7,13
220028297,Property Damage Crash,07/01/2022 01:45:00 PM,ROCKVILLE PIKE,NA,ANGLE MEETS RIGHT TURN,Clear,DRY,Daylight,TRAFFIC SIGNAL,NONE DETECTED,Yes,No Apparent Injury,N/A,LOOKED BUT DID NOT SEE,TX,PASSENGER CAR,MAKING RIGHT TURN,25,No,2012,NISSAN,ALTIMA,38.99711317,-77.09657067,2022,7,13
220028298,Property Damage Crash,07/01/2022 01:44:00 PM,FREDERICK RD,NA,SAME DIR REAR END,Clear,DRY,Daylight,TRAFFIC SIGNAL,NONE DETECTED,Yes,No Apparent Injury,N/A,INATTENTIVE OR LOST IN THOUGHT,MD,PASSENGER CAR,MOVING CONSTANT SPEED,40,No,2014,ACURA,RLX,39.10953167,-77.16053833,2022,7,13
220028298,Property Damage Crash,07/01/2022 01:44:00 PM,FREDERICK RD,NA,SAME DIR REAR END,Clear,DRY,Daylight,TRAFFIC SIGNAL,NONE DETECTED,No,No Apparent Injury,N/A,NOT DISTRACTED,MD,PASSENGER CAR,STOPPED IN TRAFFIC LANE,40,No,2018,HONDA,CRV,39.10953167,-77.16053833,2022,7,13
220028290,Property Damage Crash,07/01/2022 12:45:00 PM,WISCONSIN AVE,NA,SAME DIRECTION SIDESWIPE,Clear,DRY,Daylight,STOP SIGN,NONE DETECTED,Yes,No Apparent Injury,N/A,LOOKED BUT DID NOT SEE,MD,PICKUP TRUCK,MAKING RIGHT TURN,25,No,2002,FORD,F250,38.98231183,-77.09371083,2022,7,12
220028290,Property Damage Crash,07/01/2022 12:45:00 PM,WISCONSIN AVE,NA,SAME DIRECTION SIDESWIPE,Clear,DRY,Daylight,STOP SIGN,NONE DETECTED,No,No Apparent Injury,N/A,NOT DISTRACTED,MD,TRANSIT BUS,STOPPED IN TRAFFIC LANE,25,No,2014,TBU,BUS,38.98231183,-77.09371083,2022,7,12
220028291,Property Damage Crash,07/01/2022 12:38:00 PM,COLUMBIA PIKE,NA,SAME DIRECTION LEFT TURN,Clear,DRY,Daylight,TRAFFIC SIGNAL,NONE DETECTED,Yes,No Apparent Injury,N/A,NOT DISTRACTED,NA,NA,STARTING FROM LANE,35,No,0,UNKNOWN,UNKNOWN,39.05791233,-76.96877217,2022,7,12
220028291,Property Damage Crash,07/01/2022 12:38:00 PM,COLUMBIA PIKE,NA,SAME DIRECTION LEFT TURN,Clear,DRY,Daylight,TRAFFIC SIGNAL,NONE DETECTED,No,No Apparent Injury,N/A,NOT DISTRACTED,MD,PASSENGER CAR,MOVING CONSTANT SPEED,35,No,2012,TOYOTA,CAMRY LE,39.05791233,-76.96877217,2022,7,12
220028275,Injury Crash,07/01/2022 11:20:00 AM,NEW HAMPSHIRE AVE,NA,SAME DIRECTION SIDESWIPE,Clear,DRY,Daylight,NO CONTROLS,NONE DETECTED,Unknown,No Apparent Injury,N/A,NOT DISTRACTED,MD,VAN,MOVING CONSTANT SPEED,35,No,2008,CHEVROLET,EXPRESS,39.0180945,-76.97700533,2022,7,11
220028275,Injury Crash,07/01/2022 11:20:00 AM,NEW HAMPSHIRE AVE,NA,SAME DIRECTION SIDESWIPE,Clear,DRY,Daylight,NO CONTROLS,NONE DETECTED,Unknown,No Apparent Injury,N/A,NOT DISTRACTED,VA,PASSENGER CAR,ENTERING TRAFFIC LANE,35,No,2012,DODGE,CHARGER,39.0180945,-76.97700533,2022,7,11
220028270,Injury Crash,07/01/2022 10:44:00 AM,NA,PEDESTRIAN,SAME DIRECTION SIDESWIPE,Clear,NA,Daylight,NO CONTROLS,NONE DETECTED,Yes,No Apparent Injury,N/A,NOT DISTRACTED,MD,PASSENGER CAR,MAKING RIGHT TURN,5,No,2020,TOYOTA,CAMRY,39.14258257,-77.19493868,2022,7,10
220028271,Property Damage Crash,07/01/2022 10:30:00 AM,MONROE PL,NA,SAME DIR REAR END,Clear,SNOW,Daylight,NO CONTROLS,NONE DETECTED,No,No Apparent Injury,N/A,NOT DISTRACTED,MD,PASSENGER CAR,PARKED,0,No,2021,FORD,UT,39.07676629,-77.11714305,2022,7,10
220028271,Property Damage Crash,07/01/2022 10:30:00 AM,MONROE PL,NA,SAME DIR REAR END,Clear,SNOW,Daylight,NO CONTROLS,NONE DETECTED,Yes,No Apparent Injury,N/A,INATTENTIVE OR LOST IN THOUGHT,MD,PASSENGER CAR,BACKING,5,No,2017,SUBARU,FORESTER,39.07676629,-77.11714305,2022,7,10
220028253,Injury Crash,07/01/2022 09:00:00 AM,GEORGIA AVE,PEDESTRIAN,OTHER,Clear,DRY,Daylight,OTHER,NONE DETECTED,Yes,No Apparent Injury,N/A,LOOKED BUT DID NOT SEE,MD,PASSENGER CAR,MAKING LEFT TURN,35,No,2018,DODGE,CHALLENGER,39.149255,-77.066515,2022,7,9
220028255,Injury Crash,07/01/2022 08:48:00 AM,NORBECK RD,NA,SAME DIRECTION LEFT TURN,Clear,DRY,Daylight,NO CONTROLS,NONE DETECTED,Yes,No Apparent Injury,N/A,NOT DISTRACTED,MD,PASSENGER CAR,CHANGING LANES,35,No,2013,BMW,3 SERIES,39.09997667,-77.09777,2022,7,8
220028255,Injury Crash,07/01/2022 08:48:00 AM,NORBECK RD,NA,SAME DIRECTION LEFT TURN,Clear,DRY,Daylight,NO CONTROLS,NONE DETECTED,No,No Apparent Injury,N/A,NOT DISTRACTED,MD,"OTHER LIGHT TRUCKS (10,000LBS (4,536KG) OR LESS)",N/A,35,No,2021,FORD,PK,39.09997667,-77.09777,2022,7,8
220028255,Injury Crash,07/01/2022 08:48:00 AM,NORBECK RD,NA,SAME DIRECTION LEFT TURN,Clear,DRY,Daylight,NO CONTROLS,NONE DETECTED,No,Possible Minor Injury,N/A,NOT DISTRACTED,MD,VAN,N/A,35,No,2018,FORD,ECONLINE,39.09997667,-77.09777,2022,7,8
220028247,Injury Crash,07/01/2022 08:21:00 AM,FRANKLIN AVE,NA,STRAIGHT MOVEMENT ANGLE,Clear,DRY,Daylight,TRAFFIC SIGNAL,NONE DETECTED,Yes,No Apparent Injury,N/A,UNKNOWN,MD,"CARGO VAN/LIGHT TRUCK 2 AXLES (OVER 10,000LBS (4,536 KG))",ACCELERATING,15,No,2019,RAM,PRO MASTER,39.00864833,-77.01806833,2022,7,8
220028247,Injury Crash,07/01/2022 08:21:00 AM,FRANKLIN AVE,NA,STRAIGHT MOVEMENT ANGLE,Clear,DRY,Daylight,TRAFFIC SIGNAL,NONE DETECTED,No,Possible Minor Injury,N/A,NOT DISTRACTED,MD,PASSENGER CAR,MOVING CONSTANT SPEED,25,No,2003,TOYOTA,AVALON XL,39.00864833,-77.01806833,2022,7,8
220028344,Property Damage Crash,07/01/2022 07:30:00 AM,COLESVILLE RD,NA,SAME DIRECTION LEFT TURN,Clear,DRY,Daylight,NO CONTROLS,NONE DETECTED,Yes,No Apparent Injury,N/A,LOOKED BUT DID NOT SEE,MD,PASSENGER CAR,CHANGING LANES,35,No,2018,JEEP,UT,38.99407698,-77.00902901,2022,7,7
220028344,Property Damage Crash,07/01/2022 07:30:00 AM,COLESVILLE RD,NA,SAME DIRECTION LEFT TURN,Clear,DRY,Daylight,NO CONTROLS,NONE DETECTED,No,No Apparent Injury,N/A,UNKNOWN,MD,PASSENGER CAR,ACCELERATING,35,No,2014,MERZ,E350,38.99407698,-77.00902901,2022,7,7
220028240,Injury Crash,07/01/2022 06:55:00 AM,RANDOLPH RD,BICYCLIST,OTHER,Clear,DRY,Daylight,TRAFFIC SIGNAL,NONE DETECTED,No,No Apparent Injury,N/A,NOT DISTRACTED,MB,PASSENGER CAR,MOVING CONSTANT SPEED,40,No,2019,HONDA,ODYSSEY,39.05796167,-77.048425,2022,7,6
220028236,Injury Crash,07/01/2022 06:17:00 AM,FATHER HURLEY BLVD,NA,SAME DIR REAR END,Clear,DRY,Daylight,OTHER,NONE DETECTED,No,Possible Minor Injury,"BACKUP DUE TO REGULAR CONGESTION, N/A",NOT DISTRACTED,MD,PICKUP TRUCK,UNKNOWN,30,No,2014,FORD,F150,39.19757517,-77.26374117,2022,7,6
220028236,Injury Crash,07/01/2022 06:17:00 AM,FATHER HURLEY BLVD,NA,SAME DIR REAR END,Clear,DRY,Daylight,OTHER,NONE DETECTED,No,No Apparent Injury,"BACKUP DUE TO REGULAR CONGESTION, N/A",NOT DISTRACTED,MD,PASSENGER CAR,UNKNOWN,30,No,2019,HYUNDAI,ELANTRA,39.19757517,-77.26374117,2022,7,6
220028236,Injury Crash,07/01/2022 06:17:00 AM,FATHER HURLEY BLVD,NA,SAME DIR REAR END,Clear,DRY,Daylight,OTHER,NONE DETECTED,Yes,No Apparent Injury,"BACKUP DUE TO REGULAR CONGESTION, N/A",UNKNOWN,MD,"MEDIUM/HEAVY TRUCKS 3 AXLES (OVER 10,000LBS (4,536KG))",SLOWING OR STOPPING,30,No,1999,BENS,SE,39.19757517,-77.26374117,2022,7,6
220028236,Injury Crash,07/01/2022 06:17:00 AM,FATHER HURLEY BLVD,NA,SAME DIR REAR END,Clear,DRY,Daylight,OTHER,NONE DETECTED,No,Possible Minor Injury,"BACKUP DUE TO REGULAR CONGESTION, N/A",NOT DISTRACTED,MD,PASSENGER CAR,UNKNOWN,30,No,2014,HONDA,ACCORD,39.19757517,-77.26374117,2022,7,6
220028230,Property Damage Crash,07/01/2022 01:55:00 AM,MONTROSE PKWY,NA,SAME DIR REAR END,Clear,DRY,Medium,FLASHING TRAFFIC SIGNAL,NONE DETECTED,Yes,No Apparent Injury,N/A,BY OTHER OCCUPANTS,NA,(SPORT) UTILITY VEHICLE,MOVING CONSTANT SPEED,40,No,2016,NISSAN,PATHFINDER,39.05089833,-77.12601833,2022,7,1
220028230,Property Damage Crash,07/01/2022 01:55:00 AM,MONTROSE PKWY,NA,SAME DIR REAR END,Clear,DRY,Medium,FLASHING TRAFFIC SIGNAL,NONE DETECTED,No,No Apparent Injury,N/A,NOT DISTRACTED,MD,PASSENGER CAR,STOPPED IN TRAFFIC LANE,40,No,2015,DODGE,DART,39.05089833,-77.12601833,2022,7,1
220028216,Property Damage Crash,06/30/2022 10:26:00 PM,SECOND AVE,NA,SAME DIR REAR END,Clear,DRY,Medium,NO CONTROLS,NONE DETECTED,Yes,No Apparent Injury,N/A,UNKNOWN,MD,PASSENGER CAR,MOVING CONSTANT SPEED,25,No,2005,HONDA,ACCORD,39.00541167,-77.04234333,2022,6,22
220028216,Property Damage Crash,06/30/2022 10:26:00 PM,SECOND AVE,NA,SAME DIR REAR END,Clear,DRY,Medium,NO CONTROLS,NONE DETECTED,No,No Apparent Injury,N/A,NOT DISTRACTED,MD,PASSENGER CAR,SLOWING OR STOPPING,25,No,2020,SUBARU,OUTBACK,39.00541167,-77.04234333,2022,6,22
220028192,Property Damage Crash,06/30/2022 07:18:00 PM,NA,NA,STRAIGHT MOVEMENT ANGLE,Clear,NA,Daylight,N/A,NONE DETECTED,No,No Apparent Injury,N/A,NOT DISTRACTED,MD,VAN,PARKED,5,No,2012,FORD,BU,39.01696852,-77.03545627,2022,6,19
220028192,Property Damage Crash,06/30/2022 07:18:00 PM,NA,NA,STRAIGHT MOVEMENT ANGLE,Clear,NA,Daylight,N/A,NONE DETECTED,Yes,No Apparent Injury,N/A,LOOKED BUT DID NOT SEE,MD,"CARGO VAN/LIGHT TRUCK 2 AXLES (OVER 10,000LBS (4,536 KG))",BACKING,5,No,1989,CHEV,TRUCK,39.01696852,-77.03545627,2022,6,19
220028191,Property Damage Crash,06/30/2022 06:56:00 PM,FREDERICK RD,NA,HEAD ON LEFT TURN,Clear,DRY,Daylight,TRAFFIC SIGNAL,NONE DETECTED,Yes,No Apparent Injury,N/A,LOOKED BUT DID NOT SEE,MD,PASSENGER CAR,MAKING LEFT TURN,40,No,2012,FORD,PK,39.1524905,-77.21196067,2022,6,18
220028191,Property Damage Crash,06/30/2022 06:56:00 PM,FREDERICK RD,NA,HEAD ON LEFT TURN,Clear,DRY,Daylight,TRAFFIC SIGNAL,NONE DETECTED,No,No Apparent Injury,N/A,NOT DISTRACTED,MD,PASSENGER CAR,MOVING CONSTANT SPEED,40,No,2008,MERCURY,MILAN,39.1524905,-77.21196067,2022,6,18
220028194,Property Damage Crash,06/30/2022 06:34:00 PM,SPENCERVILLE RD,NA,STRAIGHT MOVEMENT ANGLE,Clear,DRY,Daylight,NO CONTROLS,NONE DETECTED,No,No Apparent Injury,N/A,NOT DISTRACTED,MD,(SPORT) UTILITY VEHICLE,MOVING CONSTANT SPEED,45,No,2019,HYUNDAI,SANTA FE,39.11649,-76.96527333,2022,6,18
220028194,Property Damage Crash,06/30/2022 06:34:00 PM,SPENCERVILLE RD,NA,STRAIGHT MOVEMENT ANGLE,Clear,DRY,Daylight,NO CONTROLS,NONE DETECTED,Yes,No Apparent Injury,N/A,NOT DISTRACTED,MD,PASSENGER CAR,MAKING LEFT TURN,45,No,1988,ACURA,INTEGRA,39.11649,-76.96527333,2022,6,18
220028184,Property Damage Crash,06/30/2022 06:31:00 PM,WOODFIELD RD,NA,ANGLE MEETS LEFT TURN,Clear,DRY,Daylight,STOP SIGN,NONE DETECTED,No,No Apparent Injury,N/A,NOT DISTRACTED,MD,(SPORT) UTILITY VEHICLE,MOVING CONSTANT SPEED,40,No,2011,NISS,ROGUE,39.23900667,-77.18214333,2022,6,18
220028184,Property Damage Crash,06/30/2022 06:31:00 PM,WOODFIELD RD,NA,ANGLE MEETS LEFT TURN,Clear,DRY,Daylight,STOP SIGN,NONE DETECTED,Yes,No Apparent Injury,N/A,LOOKED BUT DID NOT SEE,MD,(SPORT) UTILITY VEHICLE,MAKING LEFT TURN,40,No,2014,HOND,CRV,39.23900667,-77.18214333,2022,6,18
220028185,Injury Crash,06/30/2022 06:24:00 PM,UNIVERSITY BLVD E,NA,SAME DIRECTION SIDESWIPE,Clear,DRY,Daylight,TRAFFIC SIGNAL,NONE DETECTED,No,Possible Minor Injury,N/A,LOOKED BUT DID NOT SEE,MD,PASSENGER CAR,MOVING CONSTANT SPEED,35,No,2010,MAZDA,3,39.00614347,-76.99741407,2022,6,18
220028185,Injury Crash,06/30/2022 06:24:00 PM,UNIVERSITY BLVD E,NA,SAME DIRECTION SIDESWIPE,Clear,DRY,Daylight,TRAFFIC SIGNAL,NONE DETECTED,Yes,No Apparent Injury,N/A,LOOKED BUT DID NOT SEE,MD,PASSENGER CAR,CHANGING LANES,35,No,2008,VOLK,2S,39.00614347,-76.99741407,2022,6,18
220028193,Property Damage Crash,06/30/2022 06:22:00 PM,TECH RD,NA,SAME DIRECTION SIDESWIPE,Clear,DRY,Daylight,TRAFFIC SIGNAL,NONE DETECTED,Yes,No Apparent Injury,N/A,NOT DISTRACTED,NA,PASSENGER CAR,MOVING CONSTANT SPEED,30,No,2015,CHEVY,PICKUP,39.05776833,-76.968457,2022,6,18
220028193,Property Damage Crash,06/30/2022 06:22:00 PM,TECH RD,NA,SAME DIRECTION SIDESWIPE,Clear,DRY,Daylight,TRAFFIC SIGNAL,NONE DETECTED,No,No Apparent Injury,N/A,NOT DISTRACTED,MD,PASSENGER CAR,STOPPED IN TRAFFIC LANE,30,No,2014,NISS,PATHFINDER,39.05776833,-76.968457,2022,6,18
220028006,Property Damage Crash,06/30/2022 06:12:00 PM,NA,OTHER,SINGLE VEHICLE,Clear,NA,Daylight,N/A,NONE DETECTED,Yes,No Apparent Injury,N/A,INATTENTIVE OR LOST IN THOUGHT,XX,PASSENGER CAR,ACCELERATING,5,No,2008,VOLK,JETTA,39.14592833,-77.06694667,2022,6,18
220028180,Injury Crash,06/30/2022 05:30:00 PM,MONTGOMERY VILLAGE AVE,PEDESTRIAN,SINGLE VEHICLE,Clear,DRY,Daylight,NO CONTROLS,NONE DETECTED,No,No Apparent Injury,N/A,NOT DISTRACTED,MD,PASSENGER CAR,MAKING LEFT TURN,35,No,2021,CHEV,SILVERADO,39.18790333,-77.19760167,2022,6,17
220028181,Property Damage Crash,06/30/2022 04:06:00 PM,CONNECTICUT AVE,NA,OTHER,Clear,DRY,Daylight,TRAFFIC SIGNAL,NONE DETECTED,Yes,No Apparent Injury,N/A,UNKNOWN,NA,"OTHER LIGHT TRUCKS (10,000LBS (4,536KG) OR LESS)",ACCELERATING,35,No,2019,HINO,TRUCK,39.02790167,-77.07624333,2022,6,16
220028181,Property Damage Crash,06/30/2022 04:06:00 PM,CONNECTICUT AVE,NA,OTHER,Clear,DRY,Daylight,TRAFFIC SIGNAL,NONE DETECTED,No,No Apparent Injury,N/A,NOT DISTRACTED,MD,PASSENGER CAR,ACCELERATING,35,No,2017,HYUN,SONONATA,39.02790167,-77.07624333,2022,6,16
220028163,Injury Crash,06/30/2022 04:06:00 PM,BASSWOOD HILL DR,OTHER PEDALCYCLIST,SINGLE VEHICLE,Clear,DRY,Daylight,NO CONTROLS,NONE DETECTED,Yes,No Apparent Injury,N/A,LOOKED BUT DID NOT SEE,MD,(SPORT) UTILITY VEHICLE,ACCELERATING,25,No,2021,TOYT,UT,39.24493833,-77.18666,2022,6,16
22001096,Property Damage Crash,06/30/2022 03:50:00 PM,LITTLE FALLS PKWY,OTHER,STRAIGHT MOVEMENT ANGLE,Clear,DRY,Daylight,STOP SIGN,NONE DETECTED,No,No Apparent Injury,N/A,NOT DISTRACTED,MD,PASSENGER CAR,MOVING CONSTANT SPEED,15,No,2007,SUBARU,OUTBACK,38.97287633,-77.100504,2022,6,15
22001096,Property Damage Crash,06/30/2022 03:50:00 PM,LITTLE FALLS PKWY,OTHER,STRAIGHT MOVEMENT ANGLE,Clear,DRY,Daylight,STOP SIGN,NONE DETECTED,Yes,No Apparent Injury,N/A,INATTENTIVE OR LOST IN THOUGHT,MD,LOW SPEED VEHICLE,MOVING CONSTANT SPEED,15,No,2020,MARIN,SHIMANO,38.97287633,-77.100504,2022,6,15
220028158,Property Damage Crash,06/30/2022 03:26:00 PM,EISENHOWER MEMORIAL HWY,NA,SAME DIR REAR END,Clear,DRY,Daylight,NO CONTROLS,NONE DETECTED,No,No Apparent Injury,N/A,NOT DISTRACTED,MD,POLICE VEHICLE/NON EMERGENCY,SLOWING OR STOPPING,55,No,2016,FORD,EXPEDITION,39.13224017,-77.17267717,2022,6,15
220028158,Property Damage Crash,06/30/2022 03:26:00 PM,EISENHOWER MEMORIAL HWY,NA,SAME DIR REAR END,Clear,DRY,Daylight,NO CONTROLS,NONE DETECTED,Yes,No Apparent Injury,N/A,LOOKED BUT DID NOT SEE,MD,PASSENGER CAR,SLOWING OR STOPPING,55,No,2007,HONDA,CIVIC,39.13224017,-77.17267717,2022,6,15
220028160,Injury Crash,06/30/2022 03:18:00 PM,RALPH RD,NA,STRAIGHT MOVEMENT ANGLE,Clear,DRY,Daylight,NO CONTROLS,NONE DETECTED,Yes,No Apparent Injury,N/A,LOOKED BUT DID NOT SEE,MD,PASSENGER CAR,PASSING,35,No,2001,HONDA,EX,39.076926,-77.0733819,2022,6,15
220028160,Injury Crash,06/30/2022 03:18:00 PM,RALPH RD,NA,STRAIGHT MOVEMENT ANGLE,Clear,DRY,Daylight,NO CONTROLS,NONE DETECTED,No,No Apparent Injury,N/A,NOT DISTRACTED,NY,PASSENGER CAR,MOVING CONSTANT SPEED,35,No,2011,ACURA,MDX,39.076926,-77.0733819,2022,6,15