Local Case Number,ACRS Report Type,Crash Date/Time,Road Name,Related Non-Motorist,Collision Type,Weather,Surface Condition,Light,Traffic Control,Driver Substance Abuse,Driver At Fault,Injury Severity,Circumstance,Driver Distracted By,Drivers License State,Vehicle Body Type,Vehicle Movement,Speed Limit,Driverless Vehicle,Vehicle Year,Vehicle Make,Vehicle Model,Latitude,Longitude,Year,Month,Hour
220028155,Property Damage Crash,06/30/2022 03:04:00 PM,WISCONSIN AVE,NA,SAME DIRECTION SIDESWIPE,Clear,DRY,Daylight,NO CONTROLS,NONE DETECTED,Yes,No Apparent Injury,N/A,INATTENTIVE OR LOST IN THOUGHT,MD,PASSENGER CAR,ENTERING TRAFFIC LANE,35,No,2005,TOYT,AVALON,38.96466733,-77.08738033,2022,6,15
220028155,Property Damage Crash,06/30/2022 03:04:00 PM,WISCONSIN AVE,NA,SAME DIRECTION SIDESWIPE,Clear,DRY,Daylight,NO CONTROLS,NONE DETECTED,No,No Apparent Injury,N/A,NOT DISTRACTED,MD,PASSENGER CAR,MOVING CONSTANT SPEED,35,No,2012,HOND,VN,38.96466733,-77.08738033,2022,6,15
220028152,Injury Crash,06/30/2022 02:45:00 PM,JONES BRIDGE RD,NA,HEAD ON,Clear,DRY,Daylight,NO CONTROLS,NONE DETECTED,Yes,Possible Minor Injury,N/A,NOT DISTRACTED,MD,PASSENGER CAR,MOVING CONSTANT SPEED,35,No,2021,TOYOTA,RAV4,38.997775,-77.08975333,2022,6,14
220028152,Injury Crash,06/30/2022 02:45:00 PM,JONES BRIDGE RD,NA,HEAD ON,Clear,DRY,Daylight,NO CONTROLS,NONE DETECTED,No,No Apparent Injury,N/A,NOT DISTRACTED,MD,PASSENGER CAR,STOPPED IN TRAFFIC LANE,35,No,2018,AUDI,Q7,38.997775,-77.08975333,2022,6,14
220028142,Property Damage Crash,06/30/2022 01:57:00 PM,CLUB HOUSE RD,NA,OTHER,Clear,DRY,Daylight,NO CONTROLS,NONE DETECTED,Yes,No Apparent Injury,N/A,LOOKED BUT DID NOT SEE,MD,POLICE VEHICLE/EMERGENCY,BACKING,35,No,2019,DODGE,CHARGER,39.1728345,-77.201335,2022,6,13
220028142,Property Damage Crash,06/30/2022 01:57:00 PM,CLUB HOUSE RD,NA,OTHER,Clear,DRY,Daylight,NO CONTROLS,NONE DETECTED,No,No Apparent Injury,N/A,NOT DISTRACTED,MD,PASSENGER CAR,STOPPED IN TRAFFIC LANE,35,No,2016,FORD,FOCUS,39.1728345,-77.201335,2022,6,13
220028147,Property Damage Crash,06/30/2022 01:49:00 PM,QUINCE ORCHARD RD,NA,STRAIGHT MOVEMENT ANGLE,Clear,DRY,Daylight,TRAFFIC SIGNAL,NONE DETECTED,Yes,No Apparent Injury,N/A,NOT DISTRACTED,MD,PASSENGER CAR,MAKING LEFT TURN,35,No,2015,TOYOTA,4S,39.12934955,-77.23376653,2022,6,13
220028147,Property Damage Crash,06/30/2022 01:49:00 PM,QUINCE ORCHARD RD,NA,STRAIGHT MOVEMENT ANGLE,Clear,DRY,Daylight,TRAFFIC SIGNAL,NONE DETECTED,No,No Apparent Injury,N/A,NOT DISTRACTED,MD,PASSENGER CAR,SLOWING OR STOPPING,35,No,2005,HYUN,4S,39.12934955,-77.23376653,2022,6,13
220028140,Injury Crash,06/30/2022 01:20:00 PM,KNOWLES AVE,NA,STRAIGHT MOVEMENT ANGLE,Clear,DRY,Daylight,NO CONTROLS,NONE DETECTED,Yes,Possible Minor Injury,N/A,UNKNOWN,ME,PASSENGER CAR,MOVING CONSTANT SPEED,25,No,2016,FORD,FUSION,39.02735905,-77.07621987,2022,6,13
220028140,Injury Crash,06/30/2022 01:20:00 PM,KNOWLES AVE,NA,STRAIGHT MOVEMENT ANGLE,Clear,DRY,Daylight,NO CONTROLS,NONE DETECTED,No,No Apparent Injury,N/A,NOT DISTRACTED,MD,PASSENGER CAR,MOVING CONSTANT SPEED,25,No,2015,TOYOTA,HIGHLANDER,39.02735905,-77.07621987,2022,6,13
220028133,Property Damage Crash,06/30/2022 01:08:00 PM,N PARK AVE,NA,OTHER,Clear,DRY,Daylight,NO CONTROLS,NONE DETECTED,No,No Apparent Injury,N/A,NOT DISTRACTED,MD,POLICE VEHICLE/NON EMERGENCY,SLOWING OR STOPPING,25,No,2018,FORD,4S,38.96340667,-77.09156667,2022,6,13
220028133,Property Damage Crash,06/30/2022 01:08:00 PM,N PARK AVE,NA,OTHER,Clear,DRY,Daylight,NO CONTROLS,NONE DETECTED,Yes,No Apparent Injury,N/A,NOT DISTRACTED,MD,"CARGO VAN/LIGHT TRUCK 2 AXLES (OVER 10,000LBS (4,536 KG))",BACKING,25,No,2020,ISU,TK,38.96340667,-77.09156667,2022,6,13
220028136,Property Damage Crash,06/30/2022 12:50:00 PM,WOODFIELD RD,NA,SINGLE VEHICLE,Clear,DRY,Daylight,NO CONTROLS,DRUG AND ALCOHOL CONTRIBUTED,Yes,No Apparent Injury,N/A,UNKNOWN,MD,(SPORT) UTILITY VEHICLE,MOVING CONSTANT SPEED,35,No,2007,ACURA,RDX,39.15110067,-77.17360917,2022,6,12
220028119,Injury Crash,06/30/2022 12:33:00 PM,NA,PEDESTRIAN,OTHER,Clear,NA,Daylight,NO CONTROLS,NONE DETECTED,Yes,No Apparent Injury,N/A,NOT DISTRACTED,MD,PASSENGER CAR,BACKING,5,No,2019,FORD,4H,39.15587113,-77.21361772,2022,6,12
220028117,Injury Crash,06/30/2022 11:47:00 AM,GEORGIA AVE,NA,STRAIGHT MOVEMENT ANGLE,Clear,DRY,Daylight,TRAFFIC SIGNAL,NONE DETECTED,Unknown,Possible Minor Injury,N/A,NOT DISTRACTED,VA,PASSENGER CAR,MAKING LEFT TURN,35,No,2013,LEXUS,CT200H,39.080574,-77.075422,2022,6,11
220028117,Injury Crash,06/30/2022 11:47:00 AM,GEORGIA AVE,NA,STRAIGHT MOVEMENT ANGLE,Clear,DRY,Daylight,TRAFFIC SIGNAL,NONE DETECTED,Unknown,Possible Minor Injury,N/A,NOT DISTRACTED,MD,PASSENGER CAR,MOVING CONSTANT SPEED,35,No,2009,HONDA,ACCORD,39.080574,-77.075422,2022,6,11
220028092,Property Damage Crash,06/30/2022 09:45:00 AM,NA,NA,OTHER,Clear,NA,Daylight,N/A,NONE DETECTED,Yes,No Apparent Injury,N/A,NOT DISTRACTED,MD,POLICE VEHICLE/NON EMERGENCY,BACKING,0,No,2017,FORD,TAURUS,38.99224333,-77.09780167,2022,6,9
220028085,Property Damage Crash,06/30/2022 08:40:00 AM,COLESVILLE RD,NA,SAME DIRECTION RIGHT TURN,Clear,DRY,Daylight,NO CONTROLS,NONE DETECTED,No,No Apparent Injury,N/A,NOT DISTRACTED,MD,TRANSIT BUS,MOVING CONSTANT SPEED,35,No,2021,NFLY,548,38.99253333,-77.03492,2022,6,8
220028085,Property Damage Crash,06/30/2022 08:40:00 AM,COLESVILLE RD,NA,SAME DIRECTION RIGHT TURN,Clear,DRY,Daylight,NO CONTROLS,NONE DETECTED,Yes,No Apparent Injury,N/A,LOOKED BUT DID NOT SEE,WI,PASSENGER CAR,CHANGING LANES,35,No,2006,INFINITY,FX35,38.99253333,-77.03492,2022,6,8
220028084,Property Damage Crash,06/30/2022 08:13:00 AM,UNIVERSITY BLVD W,NA,STRAIGHT MOVEMENT ANGLE,Clear,DRY,Daylight,TRAFFIC SIGNAL,NONE DETECTED,No,No Apparent Injury,N/A,NOT DISTRACTED,MD,PASSENGER CAR,MAKING LEFT TURN,35,No,2018,HYUN,SD,39.03648167,-77.03030667,2022,6,8
220028084,Property Damage Crash,06/30/2022 08:13:00 AM,UNIVERSITY BLVD W,NA,STRAIGHT MOVEMENT ANGLE,Clear,DRY,Daylight,TRAFFIC SIGNAL,NONE DETECTED,Yes,No Apparent Injury,N/A,UNKNOWN,MD,(SPORT) UTILITY VEHICLE,MOVING CONSTANT SPEED,35,No,2017,NISSAN,ROGUE,39.03648167,-77.03030667,2022,6,8
220028078,Injury Crash,06/30/2022 07:20:00 AM,GEORGIA AVE,NA,STRAIGHT MOVEMENT ANGLE,Clear,DRY,Daylight,TRAFFIC SIGNAL,NONE DETECTED,Yes,No Apparent Injury,N/A,UNKNOWN,MB,PICKUP TRUCK,MOVING CONSTANT SPEED,35,No,2004,FORD,F150,39.08723667,-77.079415,2022,6,7
220028078,Injury Crash,06/30/2022 07:20:00 AM,GEORGIA AVE,NA,STRAIGHT MOVEMENT ANGLE,Clear,DRY,Daylight,TRAFFIC SIGNAL,NONE DETECTED,No,Possible Minor Injury,N/A,NOT DISTRACTED,MD,(SPORT) UTILITY VEHICLE,STARTING FROM LANE,35,No,2018,TOYOTA,RAV4,39.08723667,-77.079415,2022,6,7
220028078,Injury Crash,06/30/2022 07:20:00 AM,GEORGIA AVE,NA,STRAIGHT MOVEMENT ANGLE,Clear,DRY,Daylight,TRAFFIC SIGNAL,NONE DETECTED,No,No Apparent Injury,N/A,NOT DISTRACTED,MD,(SPORT) UTILITY VEHICLE,STOPPED IN TRAFFIC LANE,35,No,2019,MAZDA,TK,39.08723667,-77.079415,2022,6,7
220028077,Injury Crash,06/30/2022 06:36:00 AM,DARNESTOWN RD,NA,SINGLE VEHICLE,Clear,DRY,Daylight,NO CONTROLS,NONE DETECTED,Yes,Possible Minor Injury,N/A,NOT DISTRACTED,MD,PASSENGER CAR,MOVING CONSTANT SPEED,40,No,2022,NISSAN,ALTIMA,39.09507167,-77.199245,2022,6,6
220028073,Property Damage Crash,06/30/2022 05:34:00 AM,UNIVERSITY BLVD E,NA,STRAIGHT MOVEMENT ANGLE,Clear,DRY,Medium,STOP SIGN,NONE DETECTED,Yes,No Apparent Injury,N/A,LOOKED BUT DID NOT SEE,DC,PASSENGER CAR,MAKING RIGHT TURN,35,No,2020,CHEVROLET,UT,39.00979167,-76.99997833,2022,6,5
220028073,Property Damage Crash,06/30/2022 05:34:00 AM,UNIVERSITY BLVD E,NA,STRAIGHT MOVEMENT ANGLE,Clear,DRY,Medium,STOP SIGN,NONE DETECTED,No,No Apparent Injury,N/A,NOT DISTRACTED,DC,PASSENGER CAR,MOVING CONSTANT SPEED,35,No,2002,FORD,EXPLORER,39.00979167,-76.99997833,2022,6,5
220028072,Property Damage Crash,06/30/2022 04:16:00 AM,NA,NA,SINGLE VEHICLE,Clear,NA,Dark,N/A,NONE DETECTED,Yes,No Apparent Injury,N/A,UNKNOWN,MD,PASSENGER CAR,MOVING CONSTANT SPEED,0,No,2014,HONDA,CRV,39.1918058,-77.1181279,2022,6,4
220028068,Injury Crash,06/30/2022 03:31:00 AM,COLESVILLE RD,NA,STRAIGHT MOVEMENT ANGLE,Clear,N/A,Medium,TRAFFIC SIGNAL,NONE DETECTED,Yes,No Apparent Injury,N/A,NOT DISTRACTED,MD,PASSENGER CAR,ACCELERATING,35,No,2003,BUICK,CENTURY,38.997805,-77.027105,2022,6,3
220028068,Injury Crash,06/30/2022 03:31:00 AM,COLESVILLE RD,NA,STRAIGHT MOVEMENT ANGLE,Clear,N/A,Medium,TRAFFIC SIGNAL,NONE DETECTED,No,Possible Minor Injury,N/A,NOT DISTRACTED,DC,PASSENGER CAR,MOVING CONSTANT SPEED,35,No,2022,TOYOTA,RAV4,38.997805,-77.027105,2022,6,3
220028028,Injury Crash,06/29/2022 08:49:00 PM,FREDERICK RD,NA,SAME DIR REAR END,Clear,DRY,Medium,TRAFFIC SIGNAL,NONE DETECTED,No,No Apparent Injury,N/A,NOT DISTRACTED,MD,PASSENGER CAR,STOPPED IN TRAFFIC LANE,40,No,2013,TOYT,SU,39.22801333,-77.26630667,2022,6,20
220028028,Injury Crash,06/29/2022 08:49:00 PM,FREDERICK RD,NA,SAME DIR REAR END,Clear,DRY,Medium,TRAFFIC SIGNAL,NONE DETECTED,Yes,No Apparent Injury,N/A,UNKNOWN,MD,PASSENGER CAR,MOVING CONSTANT SPEED,40,No,2010,HOND,4S,39.22801333,-77.26630667,2022,6,20
220028026,Property Damage Crash,06/29/2022 07:49:00 PM,BRINK RD,NA,SAME DIRECTION SIDESWIPE,Clear,DRY,Daylight,OTHER,NONE DETECTED,No,No Apparent Injury,N/A,NOT DISTRACTED,MD,PASSENGER CAR,MOVING CONSTANT SPEED,40,No,2020,KIA,UT,39.20753983,-77.2284955,2022,6,19
220028026,Property Damage Crash,06/29/2022 07:49:00 PM,BRINK RD,NA,SAME DIRECTION SIDESWIPE,Clear,DRY,Daylight,OTHER,NONE DETECTED,Yes,No Apparent Injury,N/A,UNKNOWN,PA,PASSENGER CAR,ACCELERATING,40,No,2018,TOYOTA,CAMRY,39.20753983,-77.2284955,2022,6,19
220028019,Property Damage Crash,06/29/2022 07:25:00 PM,FREDERICK RD,NA,SAME DIRECTION RIGHT TURN,Clear,DRY,Daylight,NO CONTROLS,NONE DETECTED,No,No Apparent Injury,N/A,NOT DISTRACTED,MD,PASSENGER CAR,MOVING CONSTANT SPEED,30,No,2016,VOLKSWAGON,JETTA,39.14458493,-77.20292292,2022,6,19
220028019,Property Damage Crash,06/29/2022 07:25:00 PM,FREDERICK RD,NA,SAME DIRECTION RIGHT TURN,Clear,DRY,Daylight,NO CONTROLS,NONE DETECTED,Yes,No Apparent Injury,N/A,LOOKED BUT DID NOT SEE,MD,PASSENGER CAR,MAKING RIGHT TURN,30,No,2013,VOLKSWAGON,PASSAT,39.14458493,-77.20292292,2022,6,19
220028027,Injury Crash,06/29/2022 07:24:00 PM,NA,NA,STRAIGHT MOVEMENT ANGLE,Clear,NA,Daylight,NO CONTROLS,NONE DETECTED,Yes,No Apparent Injury,N/A,UNKNOWN,MD,PASSENGER CAR,MAKING LEFT TURN,0,No,2015,TOYT,TACOMA,39.00191167,-76.98898167,2022,6,19
220028027,Injury Crash,06/29/2022 07:24:00 PM,NA,NA,STRAIGHT MOVEMENT ANGLE,Clear,NA,Daylight,NO CONTROLS,NONE DETECTED,No,No Apparent Injury,N/A,NOT DISTRACTED,MD,PASSENGER CAR,STOPPED IN TRAFFIC LANE,0,No,2013,TOYOTA,COROLA,39.00191167,-76.98898167,2022,6,19
220028013,Property Damage Crash,06/29/2022 07:06:00 PM,GLEN MILL RD,NA,SAME DIRECTION LEFT TURN,Clear,DRY,Daylight,STOP SIGN,NONE DETECTED,Yes,No Apparent Injury,N/A,NOT DISTRACTED,MD,VAN,MAKING U TURN,30,No,2015,TOYOTA,SIENNA,39.07916817,-77.2021225,2022,6,19
220028013,Property Damage Crash,06/29/2022 07:06:00 PM,GLEN MILL RD,NA,SAME DIRECTION LEFT TURN,Clear,DRY,Daylight,STOP SIGN,NONE DETECTED,No,No Apparent Injury,N/A,NOT DISTRACTED,MD,(SPORT) UTILITY VEHICLE,MOVING CONSTANT SPEED,30,No,2014,KIA,SPORTAGE,39.07916817,-77.2021225,2022,6,19
220028012,Property Damage Crash,06/29/2022 06:52:00 PM,GEORGIA AVE,NA,STRAIGHT MOVEMENT ANGLE,Clear,DRY,Daylight,NO CONTROLS,NONE DETECTED,Yes,No Apparent Injury,N/A,UNKNOWN,MD,PASSENGER CAR,MOVING CONSTANT SPEED,35,No,2006,LEXUS,GS300,39.07980333,-77.07362,2022,6,18
220028012,Property Damage Crash,06/29/2022 06:52:00 PM,GEORGIA AVE,NA,STRAIGHT MOVEMENT ANGLE,Clear,DRY,Daylight,NO CONTROLS,NONE DETECTED,No,No Apparent Injury,N/A,NOT DISTRACTED,MD,PASSENGER CAR,MAKING LEFT TURN,35,No,2015,TOYOTA,PRIUS,39.07980333,-77.07362,2022,6,18
220028003,Injury Crash,06/29/2022 06:20:00 PM,NORBECK RD,NA,SAME DIR REAR END,Clear,DRY,Daylight,TRAFFIC SIGNAL,NONE DETECTED,No,No Apparent Injury,N/A,NOT DISTRACTED,MD,PASSENGER CAR,STOPPED IN TRAFFIC LANE,50,No,2013,SUBA,WG,39.07997592,-77.13826298,2022,6,18
220028003,Injury Crash,06/29/2022 06:20:00 PM,NORBECK RD,NA,SAME DIR REAR END,Clear,DRY,Daylight,TRAFFIC SIGNAL,NONE DETECTED,Yes,Possible Minor Injury,N/A,NOT DISTRACTED,MD,MOPED,MOVING CONSTANT SPEED,50,No,2017,HYUN,4S,39.07997592,-77.13826298,2022,6,18
220028003,Injury Crash,06/29/2022 06:20:00 PM,NORBECK RD,NA,SAME DIR REAR END,Clear,DRY,Daylight,TRAFFIC SIGNAL,NONE DETECTED,No,No Apparent Injury,N/A,NOT DISTRACTED,MD,PASSENGER CAR,STOPPED IN TRAFFIC LANE,50,No,2022,HYUN,HB,39.07997592,-77.13826298,2022,6,18
220028004,Property Damage Crash,06/29/2022 06:07:00 PM,NEW HAMPSHIRE AVE,NA,SAME DIRECTION RIGHT TURN,Clear,DRY,Daylight,N/A,NONE DETECTED,Yes,No Apparent Injury,N/A,UNKNOWN,NA,PASSENGER CAR,MOVING CONSTANT SPEED,35,No,2020,HYUNDAI,TUSON,38.9767595,-76.992232,2022,6,18
220028004,Property Damage Crash,06/29/2022 06:07:00 PM,NEW HAMPSHIRE AVE,NA,SAME DIRECTION RIGHT TURN,Clear,DRY,Daylight,N/A,NONE DETECTED,No,No Apparent Injury,N/A,NOT DISTRACTED,MD,PASSENGER CAR,MOVING CONSTANT SPEED,35,No,2001,TOYT,TK,38.9767595,-76.992232,2022,6,18
220027999,Injury Crash,06/29/2022 06:04:00 PM,RANDOLPH RD,NA,SAME DIRECTION SIDESWIPE,Clear,DRY,Daylight,NO CONTROLS,NONE DETECTED,Yes,Possible Minor Injury,N/A,NOT DISTRACTED,MD,PASSENGER CAR,CHANGING LANES,45,No,2021,HYUANDI,ACCENT,39.06709067,-77.01861667,2022,6,18
220027999,Injury Crash,06/29/2022 06:04:00 PM,RANDOLPH RD,NA,SAME DIRECTION SIDESWIPE,Clear,DRY,Daylight,NO CONTROLS,NONE DETECTED,No,No Apparent Injury,N/A,NOT DISTRACTED,MD,PASSENGER CAR,MOVING CONSTANT SPEED,45,No,2007,ACUR,SD,39.06709067,-77.01861667,2022,6,18
220027998,Property Damage Crash,06/29/2022 05:36:00 PM,NA,NA,SAME DIRECTION SIDESWIPE,Clear,NA,Daylight,NO CONTROLS,NONE DETECTED,Yes,No Apparent Injury,N/A,NOT DISTRACTED,MD,(SPORT) UTILITY VEHICLE,OTHER,10,No,2010,GMC,ACADIA,39.17954833,-77.26672833,2022,6,17
220028294,Property Damage Crash,06/29/2022 05:30:00 PM,CONNECTICUT AVE,NA,SAME DIRECTION SIDESWIPE,Clear,DRY,Daylight,TRAFFIC SIGNAL,NONE DETECTED,Yes,No Apparent Injury,N/A,UNKNOWN,NA,PASSENGER CAR,MAKING LEFT TURN,40,No,2017,HYUNDAI,ELANTRA,38.99394876,-77.07742998,2022,6,17
220028294,Property Damage Crash,06/29/2022 05:30:00 PM,CONNECTICUT AVE,NA,SAME DIRECTION SIDESWIPE,Clear,DRY,Daylight,TRAFFIC SIGNAL,NONE DETECTED,No,No Apparent Injury,N/A,NOT DISTRACTED,MD,PASSENGER CAR,MAKING LEFT TURN,40,No,2018,LANDROVER,SUV,38.99394876,-77.07742998,2022,6,17
220027991,Injury Crash,06/29/2022 05:05:00 PM,FREDERICK RD,NA,SAME DIRECTION SIDESWIPE,Clear,DRY,Daylight,NO CONTROLS,NONE DETECTED,Yes,No Apparent Injury,N/A,LOOKED BUT DID NOT SEE,MD,PASSENGER CAR,CHANGING LANES,35,No,2015,HOND,TK,39.1447115,-77.202689,2022,6,17
220027991,Injury Crash,06/29/2022 05:05:00 PM,FREDERICK RD,NA,SAME DIRECTION SIDESWIPE,Clear,DRY,Daylight,NO CONTROLS,NONE DETECTED,No,No Apparent Injury,N/A,NOT DISTRACTED,MD,TRANSIT BUS,STARTING FROM PARKED,35,No,2017,GILLIG,L FLOOR,39.1447115,-77.202689,2022,6,17
220027990,Property Damage Crash,06/29/2022 04:45:00 PM,CLARA BARTON PKWY,NA,OTHER,Clear,DRY,Daylight,N/A,NONE DETECTED,Yes,No Apparent Injury,N/A,NOT DISTRACTED,MD,POLICE VEHICLE/NON EMERGENCY,MOVING CONSTANT SPEED,50,No,2016,FORD,INTERCEPTOR,38.99095,-77.07612833,2022,6,16
220027984,Property Damage Crash,06/29/2022 04:00:00 PM,NA,OTHER CONVEYANCE,OTHER,Clear,NA,Daylight,NO CONTROLS,NONE DETECTED,Yes,No Apparent Injury,N/A,LOOKED BUT DID NOT SEE,MD,PASSENGER CAR,BACKING,5,No,2019,TOYT,TK,39.06470036,-77.12648117,2022,6,16
220027976,Property Damage Crash,06/29/2022 03:05:00 PM,NA,NA,SINGLE VEHICLE,Clear,NA,Daylight,NO CONTROLS,NONE DETECTED,Yes,No Apparent Injury,N/A,NOT DISTRACTED,MD,PASSENGER CAR,PARKING,5,No,2016,AUDI,A3,39.28782167,-77.20334833,2022,6,15
220027978,Property Damage Crash,06/29/2022 02:44:00 PM,UNIVERSITY BLVD W,NA,SAME DIR REND RIGHT TURN,Clear,DRY,Daylight,NO CONTROLS,NONE DETECTED,No,No Apparent Injury,N/A,NOT DISTRACTED,MD,OTHER BUS,MOVING CONSTANT SPEED,40,No,2013,NEW FLYER,TBU,39.0200595,-77.0139527,2022,6,14
220027978,Property Damage Crash,06/29/2022 02:44:00 PM,UNIVERSITY BLVD W,NA,SAME DIR REND RIGHT TURN,Clear,DRY,Daylight,NO CONTROLS,NONE DETECTED,Yes,No Apparent Injury,N/A,NOT DISTRACTED,MD,(SPORT) UTILITY VEHICLE,MOVING CONSTANT SPEED,40,No,2017,FORD,EXPEDITION,39.0200595,-77.0139527,2022,6,14
220027968,Property Damage Crash,06/29/2022 02:39:00 PM,SHADY GROVE RD,NA,SAME DIR REAR END,Clear,DRY,Daylight,N/A,NONE DETECTED,No,No Apparent Injury,N/A,NOT DISTRACTED,MD,VAN,STOPPED IN TRAFFIC LANE,45,No,2017,TOYOTA,VAN,39.10897833,-77.18839667,2022,6,14
220027968,Property Damage Crash,06/29/2022 02:39:00 PM,SHADY GROVE RD,NA,SAME DIR REAR END,Clear,DRY,Daylight,N/A,NONE DETECTED,Yes,No Apparent Injury,N/A,ADJUSTING AUDIO AND OR CLIMATE CONTROLS,MD,VAN,MOVING CONSTANT SPEED,45,No,2016,HONDA,VAN,39.10897833,-77.18839667,2022,6,14
220027974,Injury Crash,06/29/2022 02:34:00 PM,SPRING ST,NA,STRAIGHT MOVEMENT ANGLE,Clear,DRY,Daylight,STOP SIGN,NONE DETECTED,Yes,No Apparent Injury,N/A,UNKNOWN,MD,PASSENGER CAR,ACCELERATING,35,No,2002,TOYOTA,TACOMA,39.03099833,-77.005105,2022,6,14
220027974,Injury Crash,06/29/2022 02:34:00 PM,SPRING ST,NA,STRAIGHT MOVEMENT ANGLE,Clear,DRY,Daylight,STOP SIGN,NONE DETECTED,No,No Apparent Injury,N/A,UNKNOWN,MD,PASSENGER CAR,MOVING CONSTANT SPEED,35,No,2013,HONDA,2 DOOR,39.03099833,-77.005105,2022,6,14
220027973,Injury Crash,06/29/2022 02:08:00 PM,NA,NA,SINGLE VEHICLE,Clear,NA,Daylight,N/A,NONE DETECTED,Unknown,Possible Minor Injury,N/A,NOT DISTRACTED,MD,"OTHER LIGHT TRUCKS (10,000LBS (4,536KG) OR LESS)",MOVING CONSTANT SPEED,0,No,1994,MACK,TK,39.198755,-77.41757,2022,6,14
220027963,Property Damage Crash,06/29/2022 02:00:00 PM,OLD GEORGETOWN RD,NA,HEAD ON LEFT TURN,Clear,DRY,Daylight,NO CONTROLS,NONE DETECTED,No,No Apparent Injury,N/A,NOT DISTRACTED,MD,PASSENGER CAR,STOPPED IN TRAFFIC LANE,10,No,2006,HONDA,ODYSSEY,39.04947152,-77.11595712,2022,6,14
220027963,Property Damage Crash,06/29/2022 02:00:00 PM,OLD GEORGETOWN RD,NA,HEAD ON LEFT TURN,Clear,DRY,Daylight,NO CONTROLS,NONE DETECTED,Yes,No Apparent Injury,N/A,NOT DISTRACTED,DC,PASSENGER CAR,MOVING CONSTANT SPEED,10,No,2020,TOYOTA,HIGHLANDER,39.04947152,-77.11595712,2022,6,14
22001088,Property Damage Crash,06/29/2022 01:00:00 PM,NA,NA,OTHER,Clear,NA,Daylight,N/A,NONE DETECTED,Yes,No Apparent Injury,N/A,NOT DISTRACTED,MD,PASSENGER CAR,PARKED,5,No,2015,CHEVY,EXPRESS,39.1486228,-77.30402345,2022,6,13
220027948,Property Damage Crash,06/29/2022 12:27:00 PM,WATERS LANDING DR,NA,SAME DIRECTION SIDESWIPE,Clear,DRY,Daylight,NO CONTROLS,NONE DETECTED,Yes,No Apparent Injury,N/A,UNKNOWN,NA,UNKNOWN,MOVING CONSTANT SPEED,30,No,0,UNKNOWN,UNKNOWN,39.19243167,-77.27763,2022,6,12
220027939,Injury Crash,06/29/2022 11:55:00 AM,RUSSELL AVE,NA,ANGLE MEETS LEFT TURN,Clear,DRY,Daylight,TRAFFIC SIGNAL,NONE DETECTED,No,Possible Minor Injury,N/A,NOT DISTRACTED,MD,PASSENGER CAR,MOVING CONSTANT SPEED,25,No,2013,MERCEDES,E350,39.157685,-77.21364667,2022,6,11
220027939,Injury Crash,06/29/2022 11:55:00 AM,RUSSELL AVE,NA,ANGLE MEETS LEFT TURN,Clear,DRY,Daylight,TRAFFIC SIGNAL,NONE DETECTED,Yes,Possible Minor Injury,N/A,LOOKED BUT DID NOT SEE,MD,PASSENGER CAR,MAKING LEFT TURN,25,No,2015,HONDA,CIVIC,39.157685,-77.21364667,2022,6,11
220027927,Property Damage Crash,06/29/2022 10:21:00 AM,COLIE DR,NA,OTHER,Clear,DRY,Daylight,OTHER,NONE DETECTED,Yes,No Apparent Injury,"N/A, ROAD UNDER CONSTRUCTION/MAINTENANCE",UNKNOWN,MD,"CARGO VAN/LIGHT TRUCK 2 AXLES (OVER 10,000LBS (4,536 KG))",MAKING RIGHT TURN,25,No,2004,MITS,MIFU,39.05719333,-77.04907,2022,6,10
220027927,Property Damage Crash,06/29/2022 10:21:00 AM,COLIE DR,NA,OTHER,Clear,DRY,Daylight,OTHER,NONE DETECTED,No,No Apparent Injury,"N/A, ROAD UNDER CONSTRUCTION/MAINTENANCE",NOT DISTRACTED,MD,"CARGO VAN/LIGHT TRUCK 2 AXLES (OVER 10,000LBS (4,536 KG))",PARKED,25,No,2005,STLG,TK,39.05719333,-77.04907,2022,6,10
220027903,Injury Crash,06/29/2022 07:15:00 AM,CENTERWAY RD,NA,STRAIGHT MOVEMENT ANGLE,Clear,DRY,Daylight,NO CONTROLS,NONE DETECTED,Yes,No Apparent Injury,N/A,LOOKED BUT DID NOT SEE,MD,PASSENGER CAR,MAKING LEFT TURN,35,No,2018,TOYOTA,HIGHLANDER,39.16952983,-77.19374667,2022,6,7
220027903,Injury Crash,06/29/2022 07:15:00 AM,CENTERWAY RD,NA,STRAIGHT MOVEMENT ANGLE,Clear,DRY,Daylight,NO CONTROLS,NONE DETECTED,No,Possible Minor Injury,N/A,NOT DISTRACTED,MD,MOPED,MOVING CONSTANT SPEED,35,No,2022,LANCE,PCH50,39.16952983,-77.19374667,2022,6,7
220027900,Injury Crash,06/29/2022 06:10:00 AM,UNIVERSITY BLVD E,NA,STRAIGHT MOVEMENT ANGLE,Clear,DRY,Daylight,NO CONTROLS,NONE DETECTED,Yes,Possible Minor Injury,N/A,UNKNOWN,MD,PASSENGER CAR,SLOWING OR STOPPING,35,No,2014,NISSAN,ALTIMA,39.23219667,-77.28322333,2022,6,6
220027900,Injury Crash,06/29/2022 06:10:00 AM,UNIVERSITY BLVD E,NA,STRAIGHT MOVEMENT ANGLE,Clear,DRY,Daylight,NO CONTROLS,NONE DETECTED,No,No Apparent Injury,N/A,NOT DISTRACTED,MD,(SPORT) UTILITY VEHICLE,MOVING CONSTANT SPEED,35,No,2013,TOYOTA,SEQUOIA,39.23219667,-77.28322333,2022,6,6
220027884,Property Damage Crash,06/28/2022 10:59:00 PM,MEDICAL PARK DR,NA,SAME DIRECTION SIDESWIPE,Clear,DRY,Medium,NO CONTROLS,NONE DETECTED,Yes,No Apparent Injury,N/A,LOOKED BUT DID NOT SEE,MD,PASSENGER CAR,MOVING CONSTANT SPEED,30,No,2015,FORD,MUSTANG,39.0245787,-77.0407858,2022,6,22
220027883,Injury Crash,06/28/2022 10:55:00 PM,COLUMBIA PIKE,NA,STRAIGHT MOVEMENT ANGLE,Clear,DRY,Medium,TRAFFIC SIGNAL,NONE DETECTED,No,Possible Minor Injury,N/A,NOT DISTRACTED,MD,PASSENGER CAR,MAKING LEFT TURN,45,No,2017,HOND,SD,39.09566167,-76.93825,2022,6,22
220027883,Injury Crash,06/28/2022 10:55:00 PM,COLUMBIA PIKE,NA,STRAIGHT MOVEMENT ANGLE,Clear,DRY,Medium,TRAFFIC SIGNAL,NONE DETECTED,Yes,No Apparent Injury,N/A,UNKNOWN,DC,PASSENGER CAR,MOVING CONSTANT SPEED,45,No,2004,TOYT,HIGHLANDER,39.09566167,-76.93825,2022,6,22
220027864,Property Damage Crash,06/28/2022 09:10:00 PM,NA,NA,SINGLE VEHICLE,Clear,NA,Medium,NO CONTROLS,NONE DETECTED,Yes,No Apparent Injury,N/A,LOOKED BUT DID NOT SEE,MD,PASSENGER CAR,MOVING CONSTANT SPEED,15,No,2017,CHEVROLET,EQUINOX,39.046945,-77.09842833,2022,6,21
220027867,Injury Crash,06/28/2022 09:10:00 PM,UNIVERSITY BLVD E,NA,STRAIGHT MOVEMENT ANGLE,Clear,DRY,Medium,STOP SIGN,NONE DETECTED,No,No Apparent Injury,N/A,NOT DISTRACTED,MD,VAN,SLOWING OR STOPPING,35,No,2019,RAM,PROMASTER CITY,38.99266333,-76.99127333,2022,6,21
220027867,Injury Crash,06/28/2022 09:10:00 PM,UNIVERSITY BLVD E,NA,STRAIGHT MOVEMENT ANGLE,Clear,DRY,Medium,STOP SIGN,NONE DETECTED,Yes,Possible Minor Injury,N/A,NOT DISTRACTED,MD,PASSENGER CAR,MOVING CONSTANT SPEED,25,No,2009,HYUNDAI,ELANTRA,38.99266333,-76.99127333,2022,6,21