Local Case Number,ACRS Report Type,Crash Date/Time,Road Name,Related Non-Motorist,Collision Type,Weather,Surface Condition,Light,Traffic Control,Driver Substance Abuse,Driver At Fault,Injury Severity,Circumstance,Driver Distracted By,Drivers License State,Vehicle Body Type,Vehicle Movement,Speed Limit,Driverless Vehicle,Vehicle Year,Vehicle Make,Vehicle Model,Latitude,Longitude,Year,Month,Hour
220027858,Property Damage Crash,06/28/2022 08:17:00 PM,NA,NA,SAME DIR REAR END,Clear,NA,Daylight,N/A,ALCOHOL PRESENT,Yes,No Apparent Injury,N/A,UNKNOWN,MD,(SPORT) UTILITY VEHICLE,PARKING,5,No,2020,TOYOTA,RAV4,39.14686167,-77.27214333,2022,6,20
220027873,Property Damage Crash,06/28/2022 07:50:00 PM,ENNALLS AVE,NA,SAME DIRECTION LEFT TURN,Clear,DRY,Daylight,TRAFFIC SIGNAL,NONE DETECTED,No,No Apparent Injury,N/A,NOT DISTRACTED,MD,PASSENGER CAR,MOVING CONSTANT SPEED,15,No,2018,CHEVROLET,CRUZ,39.040862,-77.052071,2022,6,19
220027873,Property Damage Crash,06/28/2022 07:50:00 PM,ENNALLS AVE,NA,SAME DIRECTION LEFT TURN,Clear,DRY,Daylight,TRAFFIC SIGNAL,NONE DETECTED,Yes,No Apparent Injury,N/A,UNKNOWN,NA,PASSENGER CAR,ACCELERATING,15,No,2005,GMC,REUCK,39.040862,-77.052071,2022,6,19
220027852,Property Damage Crash,06/28/2022 07:18:00 PM,TWINBROOK PKWY,NA,SAME DIR REAR END,Clear,DRY,Daylight,NO CONTROLS,NONE DETECTED,Yes,No Apparent Injury,N/A,LOOKED BUT DID NOT SEE,MD,PASSENGER CAR,MOVING CONSTANT SPEED,30,No,2011,HYUNDAI,SANTA FE,39.05868,-77.12049333,2022,6,19
220027852,Property Damage Crash,06/28/2022 07:18:00 PM,TWINBROOK PKWY,NA,SAME DIR REAR END,Clear,DRY,Daylight,NO CONTROLS,NONE DETECTED,No,No Apparent Injury,N/A,NOT DISTRACTED,MD,PASSENGER CAR,MAKING RIGHT TURN,30,No,2020,CHEVROLET,SILVERADO,39.05868,-77.12049333,2022,6,19
220027830,Property Damage Crash,06/28/2022 03:45:00 PM,GREAT SENECA HWY,NA,HEAD ON LEFT TURN,Clear,DRY,Daylight,TRAFFIC SIGNAL,NONE DETECTED,No,No Apparent Injury,N/A,NOT DISTRACTED,MD,POLICE VEHICLE/EMERGENCY,MOVING CONSTANT SPEED,35,No,2019,TOYOTA,PRIUSALLSTATE,39.15781667,-77.275785,2022,6,15
220027830,Property Damage Crash,06/28/2022 03:45:00 PM,GREAT SENECA HWY,NA,HEAD ON LEFT TURN,Clear,DRY,Daylight,TRAFFIC SIGNAL,NONE DETECTED,Yes,No Apparent Injury,N/A,LOOKED BUT DID NOT SEE,MD,PASSENGER CAR,MAKING LEFT TURN,35,No,2007,TOYOTA,RAV 4,39.15781667,-77.275785,2022,6,15
220027828,Property Damage Crash,06/28/2022 03:42:00 PM,NEW HAMPSHIRE AVE,NA,SAME DIRECTION SIDESWIPE,Clear,DRY,Daylight,NO CONTROLS,NONE DETECTED,Yes,No Apparent Injury,N/A,LOOKED BUT DID NOT SEE,MD,PASSENGER CAR,MAKING RIGHT TURN,40,No,2009,LEXUS,GS,39.03772167,-76.98983833,2022,6,15
220027828,Property Damage Crash,06/28/2022 03:42:00 PM,NEW HAMPSHIRE AVE,NA,SAME DIRECTION SIDESWIPE,Clear,DRY,Daylight,NO CONTROLS,NONE DETECTED,No,No Apparent Injury,N/A,NOT DISTRACTED,MD,PASSENGER CAR,MOVING CONSTANT SPEED,40,No,2020,CIVIC,SD,39.03772167,-76.98983833,2022,6,15
220027825,Property Damage Crash,06/28/2022 03:25:00 PM,FREDERICK RD,NA,STRAIGHT MOVEMENT ANGLE,Clear,DRY,Daylight,TRAFFIC SIGNAL,NONE DETECTED,No,No Apparent Injury,N/A,NOT DISTRACTED,MD,(SPORT) UTILITY VEHICLE,MOVING CONSTANT SPEED,35,No,2017,AUDI,Q7,39.14980833,-77.23382167,2022,6,15
220027825,Property Damage Crash,06/28/2022 03:25:00 PM,FREDERICK RD,NA,STRAIGHT MOVEMENT ANGLE,Clear,DRY,Daylight,TRAFFIC SIGNAL,NONE DETECTED,No,No Apparent Injury,N/A,NOT DISTRACTED,MD,(SPORT) UTILITY VEHICLE,MOVING CONSTANT SPEED,35,No,2017,FORD,EXPLORER,39.14980833,-77.23382167,2022,6,15
220027825,Property Damage Crash,06/28/2022 03:25:00 PM,FREDERICK RD,NA,STRAIGHT MOVEMENT ANGLE,Clear,DRY,Daylight,TRAFFIC SIGNAL,NONE DETECTED,Yes,No Apparent Injury,N/A,LOOKED BUT DID NOT SEE,MD,(SPORT) UTILITY VEHICLE,MOVING CONSTANT SPEED,35,No,2004,HONDA,PILOT,39.14980833,-77.23382167,2022,6,15
220027822,Injury Crash,06/28/2022 03:00:00 PM,NEW HAMPSHIRE AVE,NA,SAME DIR REAR END,Clear,DRY,Daylight,NO CONTROLS,NONE DETECTED,No,No Apparent Injury,N/A,NOT DISTRACTED,MD,PASSENGER CAR,SLOWING OR STOPPING,40,No,2018,HONDA,CRV,39.012935,-76.97845,2022,6,15
220027822,Injury Crash,06/28/2022 03:00:00 PM,NEW HAMPSHIRE AVE,NA,SAME DIR REAR END,Clear,DRY,Daylight,NO CONTROLS,NONE DETECTED,Yes,Possible Minor Injury,N/A,UNKNOWN,MD,VAN,MOVING CONSTANT SPEED,40,No,2020,RAM,VAN PASSENGER,39.012935,-76.97845,2022,6,15
220027822,Injury Crash,06/28/2022 03:00:00 PM,NEW HAMPSHIRE AVE,NA,SAME DIR REAR END,Clear,DRY,Daylight,NO CONTROLS,NONE DETECTED,No,Possible Minor Injury,N/A,NOT DISTRACTED,IL,PASSENGER CAR,SLOWING OR STOPPING,40,No,2019,CHEVY,EQUINOX,39.012935,-76.97845,2022,6,15
220027791,Injury Crash,06/28/2022 12:20:00 PM,WATKINS MILL RD,NA,SAME DIR REAR END,Clear,DRY,Daylight,TRAFFIC SIGNAL,NONE DETECTED,Yes,Possible Minor Injury,N/A,NOT DISTRACTED,MD,PASSENGER CAR,CHANGING LANES,35,No,2022,HONDA,4S,39.15897833,-77.21970577,2022,6,12
220027791,Injury Crash,06/28/2022 12:20:00 PM,WATKINS MILL RD,NA,SAME DIR REAR END,Clear,DRY,Daylight,TRAFFIC SIGNAL,NONE DETECTED,No,Possible Minor Injury,N/A,NOT DISTRACTED,MD,PASSENGER CAR,MOVING CONSTANT SPEED,35,No,2011,HONDA,CIVIC,39.15897833,-77.21970577,2022,6,12
220027795,Property Damage Crash,06/28/2022 11:00:00 AM,RIVER RD,NA,STRAIGHT MOVEMENT ANGLE,Clear,DRY,Daylight,NO CONTROLS,NONE DETECTED,Yes,No Apparent Injury,N/A,NOT DISTRACTED,VA,PASSENGER CAR,MAKING LEFT TURN,35,No,2012,FORD,F450,38.963616,-77.10228067,2022,6,11
220027795,Property Damage Crash,06/28/2022 11:00:00 AM,RIVER RD,NA,STRAIGHT MOVEMENT ANGLE,Clear,DRY,Daylight,NO CONTROLS,NONE DETECTED,No,No Apparent Injury,N/A,NOT DISTRACTED,VA,PASSENGER CAR,MOVING CONSTANT SPEED,35,No,2005,CADILLAC,XLR,38.963616,-77.10228067,2022,6,11
220027775,Injury Crash,06/28/2022 10:17:00 AM,FALLS RD,NA,SAME DIR REAR END,Clear,DRY,Daylight,TRAFFIC SIGNAL,NONE DETECTED,No,No Apparent Injury,N/A,NOT DISTRACTED,MD,PASSENGER CAR,STOPPED IN TRAFFIC LANE,30,No,2017,NISSAN,SENTRA,39.07610983,-77.162722,2022,6,10
220027775,Injury Crash,06/28/2022 10:17:00 AM,FALLS RD,NA,SAME DIR REAR END,Clear,DRY,Daylight,TRAFFIC SIGNAL,NONE DETECTED,Yes,No Apparent Injury,N/A,UNKNOWN,MD,PICKUP TRUCK,ACCELERATING,30,No,2017,TOYOTA,TUNDRA,39.07610983,-77.162722,2022,6,10
220027840,Property Damage Crash,06/28/2022 10:00:00 AM,OAKVIEW DR,NA,SAME DIR REAR END,Clear,DRY,Daylight,NO CONTROLS,NONE DETECTED,Yes,No Apparent Injury,N/A,UNKNOWN,NA,PASSENGER CAR,UNKNOWN,25,No,2012,TOYOTA,CAMERY,39.01542833,-76.97869,2022,6,10
220032170,Property Damage Crash,06/28/2022 09:00:00 AM,NA,NA,OTHER,Clear,NA,Daylight,N/A,NONE DETECTED,Yes,No Apparent Injury,N/A,UNKNOWN,WI,TRUCK TRACTOR,BACKING,15,No,2022,FREIGHTLINER,TRUCK,39.23171333,-77.28310833,2022,6,9
220027756,Injury Crash,06/28/2022 08:37:00 AM,TIMBERWOOD AVE,PEDESTRIAN,OTHER,Clear,DRY,Daylight,NO CONTROLS,NONE DETECTED,No,No Apparent Injury,N/A,NOT DISTRACTED,VA,PASSENGER CAR,MAKING U TURN,35,No,2015,HYUN,ELANTRA,39.02165167,-77.01238833,2022,6,8
220027750,Injury Crash,06/28/2022 07:00:00 AM,LULLABY RD,NA,SINGLE VEHICLE,Clear,DRY,Daylight,NO CONTROLS,ALCOHOL PRESENT,Yes,Possible Minor Injury,N/A,UNKNOWN,MD,(SPORT) UTILITY VEHICLE,MOVING CONSTANT SPEED,30,No,2002,NISSAN,XTERRA,39.177657,-77.2834875,2022,6,7
220027710,Injury Crash,06/27/2022 07:30:00 PM,DARNESTOWN RD,NA,SINGLE VEHICLE,Clear,DRY,Daylight,NO CONTROLS,NONE DETECTED,Yes,Possible Minor Injury,N/A,UNKNOWN,MD,PASSENGER CAR,MOVING CONSTANT SPEED,40,No,2006,BUICK,LACROSSE,39.150258,-77.361825,2022,6,19
220027715,Injury Crash,06/27/2022 07:25:00 PM,NA,OTHER,SINGLE VEHICLE,Clear,NA,Daylight,N/A,NONE DETECTED,Yes,Possible Minor Injury,N/A,UNKNOWN,MD,(SPORT) UTILITY VEHICLE,MOVING CONSTANT SPEED,15,No,2020,TOYOTA,RAV4,39.057375,-77.12152333,2022,6,19
220027704,Property Damage Crash,06/27/2022 06:35:00 PM,RIDGE RD,NA,HEAD ON LEFT TURN,Clear,DRY,Daylight,TRAFFIC SIGNAL,NONE DETECTED,Yes,No Apparent Injury,N/A,LOOKED BUT DID NOT SEE,MD,PASSENGER CAR,MAKING LEFT TURN,30,No,2014,TOYOTA,CORROLLA,39.29984667,-77.199865,2022,6,18
220027704,Property Damage Crash,06/27/2022 06:35:00 PM,RIDGE RD,NA,HEAD ON LEFT TURN,Clear,DRY,Daylight,TRAFFIC SIGNAL,NONE DETECTED,No,No Apparent Injury,N/A,NOT DISTRACTED,MD,PASSENGER CAR,MOVING CONSTANT SPEED,30,No,2013,FORD,CN,39.29984667,-77.199865,2022,6,18
220027690,Property Damage Crash,06/27/2022 05:48:00 PM,CLOPPER RD,NA,HEAD ON LEFT TURN,Clear,DRY,Daylight,NO CONTROLS,NONE DETECTED,No,No Apparent Injury,N/A,NOT DISTRACTED,MD,PASSENGER CAR,MOVING CONSTANT SPEED,40,No,2015,HOND,UT,39.14826167,-77.23729833,2022,6,17
220027690,Property Damage Crash,06/27/2022 05:48:00 PM,CLOPPER RD,NA,HEAD ON LEFT TURN,Clear,DRY,Daylight,NO CONTROLS,NONE DETECTED,Yes,No Apparent Injury,N/A,NOT DISTRACTED,MD,PASSENGER CAR,MAKING LEFT TURN,40,No,2015,HOND,UT,39.14826167,-77.23729833,2022,6,17
220027692,Injury Crash,06/27/2022 05:44:00 PM,FREDERICK ROAD,NA,ANGLE MEETS LEFT TURN,Clear,DRY,Daylight,STOP SIGN,NONE DETECTED,No,Possible Minor Injury,N/A,NOT DISTRACTED,MD,(SPORT) UTILITY VEHICLE,MOVING CONSTANT SPEED,30,No,2017,GMC,TERRAIN,39.23917167,-77.27915333,2022,6,17
220027692,Injury Crash,06/27/2022 05:44:00 PM,FREDERICK ROAD,NA,ANGLE MEETS LEFT TURN,Clear,DRY,Daylight,STOP SIGN,NONE DETECTED,Yes,No Apparent Injury,N/A,LOOKED BUT DID NOT SEE,MD,(SPORT) UTILITY VEHICLE,MAKING LEFT TURN,30,No,2021,TOYT,RAV4,39.23917167,-77.27915333,2022,6,17
220027687,Injury Crash,06/27/2022 05:24:00 PM,SCARLET SAGE DR,NA,SINGLE VEHICLE,Clear,DRY,Daylight,YIELD SIGN,NONE DETECTED,No,Possible Minor Injury,N/A,NOT DISTRACTED,MD,PASSENGER CAR,STOPPED IN TRAFFIC LANE,25,No,2016,CHEVY,MALIBU,39.10371833,-76.923455,2022,6,17
220027686,Injury Crash,06/27/2022 05:16:00 PM,UNIVERSITY BLVD W,NA,SAME DIR REAR END,Clear,DRY,Daylight,TRAFFIC SIGNAL,NONE DETECTED,Yes,No Apparent Injury,N/A,LOOKED BUT DID NOT SEE,MD,PASSENGER CAR,STOPPED IN TRAFFIC LANE,35,No,2011,LEXUS,ES350,39.0406978,-77.0541093,2022,6,17
220027688,Injury Crash,06/27/2022 05:16:00 PM,GEORGIA AVE,NA,SAME DIR REAR END,Clear,DRY,Daylight,N/A,NONE DETECTED,No,Possible Minor Injury,N/A,NOT DISTRACTED,MD,PASSENGER CAR,SLOWING OR STOPPING,35,No,2018,TOYT,4S,39.00629833,-77.03915833,2022,6,17
220027686,Injury Crash,06/27/2022 05:16:00 PM,UNIVERSITY BLVD W,NA,SAME DIR REAR END,Clear,DRY,Daylight,TRAFFIC SIGNAL,NONE DETECTED,No,No Apparent Injury,N/A,NOT DISTRACTED,MD,PASSENGER CAR,STOPPED IN TRAFFIC LANE,35,No,2005,ACURA,MDX,39.0406978,-77.0541093,2022,6,17
220027688,Injury Crash,06/27/2022 05:16:00 PM,GEORGIA AVE,NA,SAME DIR REAR END,Clear,DRY,Daylight,N/A,NONE DETECTED,Yes,No Apparent Injury,N/A,UNKNOWN,NA,PASSENGER CAR,MOVING CONSTANT SPEED,35,No,2010,TOYT,TK,39.00629833,-77.03915833,2022,6,17
220027686,Injury Crash,06/27/2022 05:16:00 PM,UNIVERSITY BLVD W,NA,SAME DIR REAR END,Clear,DRY,Daylight,TRAFFIC SIGNAL,NONE DETECTED,No,No Apparent Injury,N/A,NOT DISTRACTED,MD,PASSENGER CAR,MOVING CONSTANT SPEED,35,No,2013,MERCEDES,GL450,39.0406978,-77.0541093,2022,6,17
220027686,Injury Crash,06/27/2022 05:16:00 PM,UNIVERSITY BLVD W,NA,SAME DIR REAR END,Clear,DRY,Daylight,TRAFFIC SIGNAL,NONE DETECTED,No,No Apparent Injury,N/A,NOT DISTRACTED,MD,PASSENGER CAR,STOPPED IN TRAFFIC LANE,35,No,2011,CHEVROLET,SILVERADO,39.0406978,-77.0541093,2022,6,17
220027686,Injury Crash,06/27/2022 05:16:00 PM,UNIVERSITY BLVD W,NA,SAME DIR REAR END,Clear,DRY,Daylight,TRAFFIC SIGNAL,NONE DETECTED,No,Possible Minor Injury,N/A,NOT DISTRACTED,MD,PASSENGER CAR,STOPPED IN TRAFFIC LANE,35,No,2015,TOYOTA,COROLLA,39.0406978,-77.0541093,2022,6,17
220027686,Injury Crash,06/27/2022 05:16:00 PM,UNIVERSITY BLVD W,NA,SAME DIR REAR END,Clear,DRY,Daylight,TRAFFIC SIGNAL,NONE DETECTED,No,No Apparent Injury,N/A,NOT DISTRACTED,MD,PASSENGER CAR,STOPPED IN TRAFFIC LANE,35,No,2015,TOYOTA,CAMRY,39.0406978,-77.0541093,2022,6,17
220027673,Property Damage Crash,06/27/2022 04:30:00 PM,DAMASCUS RD,NA,STRAIGHT MOVEMENT ANGLE,Clear,DRY,Daylight,NO CONTROLS,NONE DETECTED,Yes,No Apparent Injury,N/A,LOOKED BUT DID NOT SEE,MD,PASSENGER CAR,MAKING LEFT TURN,40,No,2009,HONDA,PILOT,39.27418,-77.15541167,2022,6,16
220027673,Property Damage Crash,06/27/2022 04:30:00 PM,DAMASCUS RD,NA,STRAIGHT MOVEMENT ANGLE,Clear,DRY,Daylight,NO CONTROLS,NONE DETECTED,No,No Apparent Injury,N/A,NOT DISTRACTED,MD,PASSENGER CAR,MOVING CONSTANT SPEED,40,No,2007,PONTIAC,TORRENT,39.27418,-77.15541167,2022,6,16
220027679,Property Damage Crash,06/27/2022 04:17:00 PM,ROCKVILLE PIKE,NA,SAME DIR REAR END,Clear,DRY,Daylight,TRAFFIC SIGNAL,NONE DETECTED,Yes,No Apparent Injury,N/A,NOT DISTRACTED,MD,TRANSIT BUS,SLOWING OR STOPPING,35,No,2013,GILL,BUS,39.0476913,-77.1129589,2022,6,16
220027679,Property Damage Crash,06/27/2022 04:17:00 PM,ROCKVILLE PIKE,NA,SAME DIR REAR END,Clear,DRY,Daylight,TRAFFIC SIGNAL,NONE DETECTED,No,No Apparent Injury,N/A,NOT DISTRACTED,MD,"CARGO VAN/LIGHT TRUCK 2 AXLES (OVER 10,000LBS (4,536 KG))",STOPPED IN TRAFFIC LANE,35,No,2018,FORD,TK,39.0476913,-77.1129589,2022,6,16
220027660,Property Damage Crash,06/27/2022 04:06:00 PM,NEW HAMPSHIRE AVE,NA,SAME DIR REAR END,Clear,DRY,Daylight,TRAFFIC SIGNAL,NONE DETECTED,No,No Apparent Injury,N/A,NOT DISTRACTED,MD,PASSENGER CAR,MAKING LEFT TURN,0,No,2013,HYUN,4S,38.98136233,-76.98896183,2022,6,16
220027652,Injury Crash,06/27/2022 02:57:00 PM,WILSON LA,NA,HEAD ON LEFT TURN,Rain,WET,Daylight,TRAFFIC SIGNAL,NONE DETECTED,Yes,Possible Minor Injury,"N/A, RAIN, SNOW",LOOKED BUT DID NOT SEE,VA,PASSENGER CAR,ACCELERATING,35,No,2020,VOLVO,XC90,38.983645,-77.1377705,2022,6,14
220027652,Injury Crash,06/27/2022 02:57:00 PM,WILSON LA,NA,HEAD ON LEFT TURN,Rain,WET,Daylight,TRAFFIC SIGNAL,NONE DETECTED,No,Suspected Serious Injury,"N/A, RAIN, SNOW",NOT DISTRACTED,NJ,PASSENGER CAR,MOVING CONSTANT SPEED,35,No,2020,MINI COOPER,COUNTRYMAN,38.983645,-77.1377705,2022,6,14
220027649,Property Damage Crash,06/27/2022 02:40:00 PM,NEW HAMPSHIRE AVE,NA,SINGLE VEHICLE,Clear,DRY,Daylight,TRAFFIC SIGNAL,NONE DETECTED,Yes,No Apparent Injury,N/A,NOT DISTRACTED,MD,TRANSIT BUS,MOVING CONSTANT SPEED,35,No,2014,NABI,TRANSIT BUS,39.01152833,-76.97877,2022,6,14
22027638,Property Damage Crash,06/27/2022 01:53:00 PM,WOODFIELD RD,NA,SAME DIR REAR END,Cloudy,DRY,Daylight,TRAFFIC SIGNAL,NONE DETECTED,Yes,No Apparent Injury,N/A,UNKNOWN,MD,VAN,SLOWING OR STOPPING,35,No,2004,HOND,VN,39.15967583,-77.15997533,2022,6,13
22027638,Property Damage Crash,06/27/2022 01:53:00 PM,WOODFIELD RD,NA,SAME DIR REAR END,Cloudy,DRY,Daylight,TRAFFIC SIGNAL,NONE DETECTED,No,No Apparent Injury,N/A,NOT DISTRACTED,MD,(SPORT) UTILITY VEHICLE,STOPPED IN TRAFFIC LANE,35,No,2022,TOYT,UT,39.15967583,-77.15997533,2022,6,13
220027640,Injury Crash,06/27/2022 01:45:00 PM,GRAND PRE RD,NA,SAME DIR REAR END,Cloudy,WET,Daylight,N/A,NONE DETECTED,Yes,Possible Minor Injury,"N/A, WET",NOT DISTRACTED,MD,PASSENGER CAR,MOVING CONSTANT SPEED,25,No,2005,HONDA,PILOT,39.08847833,-77.07501167,2022,6,13
220027631,Injury Crash,06/27/2022 12:51:00 PM,RAMP 2 FR IS 495 WB TO MD 650 NB,NA,SINGLE VEHICLE,Rain,WET,Daylight,NO CONTROLS,NONE DETECTED,Yes,Possible Minor Injury,"RAIN, SNOW, WET",LOOKED BUT DID NOT SEE,MD,PICKUP TRUCK,NEGOTIATING A CURVE,25,No,2005,GMC,CANYON,39.04116277,-76.98640652,2022,6,12
220027617,Property Damage Crash,06/27/2022 11:48:00 AM,MIDCOUNTY HWY,NA,SINGLE VEHICLE,Rain,WET,Daylight,N/A,NONE DETECTED,Yes,No Apparent Injury,"RAIN, SNOW, WET",NOT DISTRACTED,MD,PASSENGER CAR,SLOWING OR STOPPING,45,No,2015,TOYOTA,HB,39.157785,-77.19137167,2022,6,11
220027606,Injury Crash,06/27/2022 10:53:00 AM,CAPITAL BELTWAY,NA,SAME DIR REAR END,Cloudy,DRY,Daylight,NO CONTROLS,NONE DETECTED,No,Possible Minor Injury,N/A,NOT DISTRACTED,MD,PASSENGER CAR,SLOWING OR STOPPING,5,No,2012,NISS,SD,39.0146185,-77.04220417,2022,6,10
220027606,Injury Crash,06/27/2022 10:53:00 AM,CAPITAL BELTWAY,NA,SAME DIR REAR END,Cloudy,DRY,Daylight,NO CONTROLS,NONE DETECTED,Yes,No Apparent Injury,N/A,LOOKED BUT DID NOT SEE,MD,PASSENGER CAR,ACCELERATING,15,No,2016,TOYT,4S,39.0146185,-77.04220417,2022,6,10
220027604,Property Damage Crash,06/27/2022 10:43:00 AM,GEORGIA AVE,NA,HEAD ON LEFT TURN,Cloudy,DRY,Daylight,NO CONTROLS,NONE DETECTED,No,No Apparent Injury,N/A,NOT DISTRACTED,MD,PASSENGER CAR,MOVING CONSTANT SPEED,35,No,2019,BMW,2S,39.010625,-77.04064167,2022,6,10
220027604,Property Damage Crash,06/27/2022 10:43:00 AM,GEORGIA AVE,NA,HEAD ON LEFT TURN,Cloudy,DRY,Daylight,NO CONTROLS,NONE DETECTED,Yes,No Apparent Injury,N/A,LOOKED BUT DID NOT SEE,MD,PASSENGER CAR,MAKING LEFT TURN,35,No,2010,TOYT,SD,39.010625,-77.04064167,2022,6,10
220027594,Property Damage Crash,06/27/2022 09:48:00 AM,NA,NA,OTHER,Clear,NA,Daylight,N/A,NONE DETECTED,Yes,No Apparent Injury,N/A,NOT DISTRACTED,MD,PASSENGER CAR,BACKING,10,No,2013,NISSAN,PATHFINDER,38.997025,-77.0338,2022,6,9
220027595,Property Damage Crash,06/27/2022 09:47:00 AM,WILD FOREST DR,NA,SINGLE VEHICLE,Cloudy,DRY,Daylight,NO CONTROLS,NONE DETECTED,Yes,No Apparent Injury,N/A,UNKNOWN,NA,PASSENGER CAR,MOVING CONSTANT SPEED,25,No,2020,BUICK,SPORT UTILITY,39.12489377,-77.23773435,2022,6,9
220027586,Injury Crash,06/27/2022 08:47:00 AM,LINCOLNSHIRE DR,PEDESTRIAN,OTHER,Clear,DRY,Daylight,N/A,NONE DETECTED,Yes,No Apparent Injury,N/A,LOOKED BUT DID NOT SEE,MD,PASSENGER CAR,BACKING,25,No,2017,BUIC,ENCLAVE,39.063115,-77.18202833,2022,6,8
220027586,Injury Crash,06/27/2022 08:47:00 AM,LINCOLNSHIRE DR,PEDESTRIAN,OTHER,Clear,DRY,Daylight,N/A,NONE DETECTED,No,No Apparent Injury,N/A,NOT DISTRACTED,MD,"MEDIUM/HEAVY TRUCKS 3 AXLES (OVER 10,000LBS (4,536KG))",STOPPED IN TRAFFIC LANE,25,No,2018,MACK,GU533 FRONT LOAD,39.063115,-77.18202833,2022,6,8
220027584,Property Damage Crash,06/27/2022 08:44:00 AM,COLESVILLE RD,NA,HEAD ON LEFT TURN,Cloudy,DRY,Daylight,TRAFFIC SIGNAL,NONE DETECTED,Unknown,No Apparent Injury,N/A,OTHER DISTRACTION,DC,PASSENGER CAR,MOVING CONSTANT SPEED,35,No,2012,HONDA,ACCORD,39.00523833,-77.02267167,2022,6,8
220027584,Property Damage Crash,06/27/2022 08:44:00 AM,COLESVILLE RD,NA,HEAD ON LEFT TURN,Cloudy,DRY,Daylight,TRAFFIC SIGNAL,NONE DETECTED,Unknown,No Apparent Injury,N/A,LOOKED BUT DID NOT SEE,DC,PASSENGER CAR,MAKING LEFT TURN,35,No,2010,NISS,SENTRA,39.00523833,-77.02267167,2022,6,8
220027582,Injury Crash,06/27/2022 08:05:00 AM,VISTA RIDGE RD,NA,STRAIGHT MOVEMENT ANGLE,Clear,DRY,Daylight,NO CONTROLS,NONE DETECTED,Yes,Possible Minor Injury,"N/A, V WIPERS|W OTHER ENVIRONMENTAL",NOT DISTRACTED,MD,PASSENGER CAR,MOVING CONSTANT SPEED,25,No,2008,INFINITI,EX35,39.270725,-77.19758333,2022,6,8
220027576,Property Damage Crash,06/27/2022 06:47:00 AM,UNIVERSITY BLVD E,NA,ANGLE MEETS LEFT TURN,Clear,DRY,Daylight,N/A,NONE DETECTED,Yes,No Apparent Injury,N/A,LOOKED BUT DID NOT SEE,MD,PASSENGER CAR,MAKING LEFT TURN,35,No,2000,TOYT,HB,39.04548667,-76.97689833,2022,6,6
220027576,Property Damage Crash,06/27/2022 06:47:00 AM,UNIVERSITY BLVD E,NA,ANGLE MEETS LEFT TURN,Clear,DRY,Daylight,N/A,NONE DETECTED,No,No Apparent Injury,N/A,NOT DISTRACTED,MD,PASSENGER CAR,MOVING CONSTANT SPEED,35,No,2007,HOND,ACCORD,39.04548667,-76.97689833,2022,6,6
220027575,Property Damage Crash,06/27/2022 06:40:00 AM,OAKMONT AVE,NA,SAME DIR REAR END,Clear,DRY,Daylight,NO CONTROLS,NONE DETECTED,No,No Apparent Injury,N/A,NOT DISTRACTED,MD,"OTHER LIGHT TRUCKS (10,000LBS (4,536KG) OR LESS)",MOVING CONSTANT SPEED,25,No,2013,INTL,ST,39.12412391,-77.17994169,2022,6,6
220027575,Property Damage Crash,06/27/2022 06:40:00 AM,OAKMONT AVE,NA,SAME DIR REAR END,Clear,DRY,Daylight,NO CONTROLS,ALCOHOL PRESENT,Yes,No Apparent Injury,N/A,UNKNOWN,NA,PASSENGER CAR,MOVING CONSTANT SPEED,25,No,2000,HYUND,ELANTRA,39.12412391,-77.17994169,2022,6,6
220027574,Property Damage Crash,06/27/2022 06:30:00 AM,RUATAN ST,NA,SAME DIR REAR END,Clear,DRY,Dark,NO CONTROLS,NONE DETECTED,Yes,No Apparent Injury,N/A,NO DRIVER PRESENT,NA,PASSENGER CAR,UNKNOWN,25,No,2019,TOYOTA,CAMRY,38.997185,-76.99063333,2022,6,6
220027563,Property Damage Crash,06/27/2022 01:15:00 AM,NA,NA,OTHER,Clear,NA,Medium,N/A,ALCOHOL PRESENT,Yes,No Apparent Injury,N/A,UNKNOWN,MD,PASSENGER CAR,MOVING CONSTANT SPEED,0,No,2013,TOYOTA,COROLLA,39.05648,-76.965595,2022,6,1
220027551,Injury Crash,06/26/2022 09:31:00 PM,BRAHMS AVE,NA,OTHER,Clear,DRY,Medium,NO CONTROLS,NONE DETECTED,Yes,Possible Minor Injury,N/A,UNKNOWN,MD,PASSENGER CAR,MOVING CONSTANT SPEED,25,No,2017,TOYOTA,CAMRY,39.071815,-76.95112133,2022,6,21
220027532,Property Damage Crash,06/26/2022 06:12:00 PM,NEW HAMPSHIRE AVE,NA,SAME DIR REAR END,Cloudy,DRY,Daylight,NO CONTROLS,NONE DETECTED,No,No Apparent Injury,N/A,NOT DISTRACTED,NH,PASSENGER CAR,SLOWING OR STOPPING,40,No,2021,MAZDA,CX30,39.01638333,-76.97732833,2022,6,18
220027532,Property Damage Crash,06/26/2022 06:12:00 PM,NEW HAMPSHIRE AVE,NA,SAME DIR REAR END,Cloudy,DRY,Daylight,NO CONTROLS,NONE DETECTED,No,No Apparent Injury,N/A,NOT DISTRACTED,MD,PASSENGER CAR,SLOWING OR STOPPING,40,No,2006,BUICK,RENDEVOUS,39.01638333,-76.97732833,2022,6,18
220027532,Property Damage Crash,06/26/2022 06:12:00 PM,NEW HAMPSHIRE AVE,NA,SAME DIR REAR END,Cloudy,DRY,Daylight,NO CONTROLS,NONE DETECTED,Yes,No Apparent Injury,N/A,NOT DISTRACTED,MD,PASSENGER CAR,SLOWING OR STOPPING,40,No,2018,JEEP,CHEROKEE,39.01638333,-76.97732833,2022,6,18
220027533,Injury Crash,06/26/2022 05:52:00 PM,NA,PEDESTRIAN,OTHER,Clear,NA,Daylight,NO CONTROLS,NONE DETECTED,Yes,No Apparent Injury,N/A,UNKNOWN,DC,PASSENGER CAR,BACKING,5,No,2008,TOYOTA,CAMRY,38.98549165,-77.01284714,2022,6,17
220027522,Property Damage Crash,06/26/2022 05:00:00 PM,FATHER HURLEY BLVD,NA,STRAIGHT MOVEMENT ANGLE,Clear,DRY,Daylight,TRAFFIC SIGNAL,NONE DETECTED,Yes,No Apparent Injury,N/A,LOOKED BUT DID NOT SEE,MD,(SPORT) UTILITY VEHICLE,STARTING FROM LANE,35,No,2018,KIA,SPORTAGE,39.16910167,-77.28302,2022,6,17
220027522,Property Damage Crash,06/26/2022 05:00:00 PM,FATHER HURLEY BLVD,NA,STRAIGHT MOVEMENT ANGLE,Clear,DRY,Daylight,TRAFFIC SIGNAL,NONE DETECTED,No,No Apparent Injury,N/A,NOT DISTRACTED,MD,PASSENGER CAR,MOVING CONSTANT SPEED,35,No,2022,VOLKSWAGON,TAOS,39.16910167,-77.28302,2022,6,17
220027520,Property Damage Crash,06/26/2022 04:41:00 PM,WALKERS CHOICE RD,NA,STRAIGHT MOVEMENT ANGLE,Clear,DRY,Daylight,STOP SIGN,NONE DETECTED,No,No Apparent Injury,N/A,NOT DISTRACTED,MD,PASSENGER CAR,MOVING CONSTANT SPEED,25,No,2019,TOYT,CAMRY,39.16148167,-77.202705,2022,6,16
220027520,Property Damage Crash,06/26/2022 04:41:00 PM,WALKERS CHOICE RD,NA,STRAIGHT MOVEMENT ANGLE,Clear,DRY,Daylight,STOP SIGN,NONE DETECTED,Yes,No Apparent Injury,N/A,NOT DISTRACTED,MD,PASSENGER CAR,MAKING LEFT TURN,25,No,2009,TOYOTA,PRIUS,39.16148167,-77.202705,2022,6,16