Local Case Number,ACRS Report Type,Crash Date/Time,Road Name,Related Non-Motorist,Collision Type,Weather,Surface Condition,Light,Traffic Control,Driver Substance Abuse,Driver At Fault,Injury Severity,Circumstance,Driver Distracted By,Drivers License State,Vehicle Body Type,Vehicle Movement,Speed Limit,Driverless Vehicle,Vehicle Year,Vehicle Make,Vehicle Model,Latitude,Longitude,Year,Month,Hour
220027516,Property Damage Crash,06/26/2022 04:00:00 PM,CLOPPER RD,NA,SAME DIR REAR END,Clear,DRY,Daylight,TRAFFIC SIGNAL,NONE DETECTED,No,No Apparent Injury,N/A,NOT DISTRACTED,NC,VAN,STOPPED IN TRAFFIC LANE,45,No,2014,HONDA,ODYSSEY,39.15938667,-77.27649833,2022,6,16
220027516,Property Damage Crash,06/26/2022 04:00:00 PM,CLOPPER RD,NA,SAME DIR REAR END,Clear,DRY,Daylight,TRAFFIC SIGNAL,NONE DETECTED,Yes,No Apparent Injury,N/A,LOOKED BUT DID NOT SEE,MD,(SPORT) UTILITY VEHICLE,SLOWING OR STOPPING,45,No,2010,HOND,CRV,39.15938667,-77.27649833,2022,6,16
220027526,Property Damage Crash,06/26/2022 03:45:00 PM,NA,NA,OTHER,Clear,NA,Daylight,N/A,NONE DETECTED,Yes,No Apparent Injury,N/A,LOOKED BUT DID NOT SEE,MD,(SPORT) UTILITY VEHICLE,PARKING,15,No,2005,TOYOTA,SEQUOIA,39.057315,-77.12274667,2022,6,15
220027509,Property Damage Crash,06/26/2022 03:45:00 PM,RANDOLPH RD,NA,STRAIGHT MOVEMENT ANGLE,Clear,DRY,Daylight,TRAFFIC SIGNAL,NONE DETECTED,Yes,No Apparent Injury,N/A,NOT DISTRACTED,MD,PASSENGER CAR,MOVING CONSTANT SPEED,35,No,2015,HOND,SD,39.055364,-77.08366067,2022,6,15
220027509,Property Damage Crash,06/26/2022 03:45:00 PM,RANDOLPH RD,NA,STRAIGHT MOVEMENT ANGLE,Clear,DRY,Daylight,TRAFFIC SIGNAL,NONE DETECTED,No,No Apparent Injury,N/A,NOT DISTRACTED,MD,PASSENGER CAR,STARTING FROM LANE,35,No,2016,MAZD,4S,39.055364,-77.08366067,2022,6,15
220027515,Injury Crash,06/26/2022 02:00:00 PM,NA,PEDESTRIAN,OTHER,Clear,NA,Daylight,NO CONTROLS,NONE DETECTED,Yes,No Apparent Injury,N/A,LOOKED BUT DID NOT SEE,MD,PICKUP TRUCK,BACKING,0,No,2002,CHEVROLET,COLORADO,39.28503986,-77.20887197,2022,6,14
220027493,Injury Crash,06/26/2022 11:56:00 AM,OLNEY SANDY SPRING RD,NA,HEAD ON LEFT TURN,Clear,DRY,Daylight,TRAFFIC SIGNAL,NONE DETECTED,Yes,No Apparent Injury,N/A,LOOKED BUT DID NOT SEE,MD,PASSENGER CAR,MAKING LEFT TURN,30,No,2008,LINC,TK,39.15199167,-77.064495,2022,6,11
220027493,Injury Crash,06/26/2022 11:56:00 AM,OLNEY SANDY SPRING RD,NA,HEAD ON LEFT TURN,Clear,DRY,Daylight,TRAFFIC SIGNAL,NONE DETECTED,No,No Apparent Injury,N/A,NOT DISTRACTED,MD,PASSENGER CAR,MOVING CONSTANT SPEED,30,No,2008,MAZD,TK,39.15199167,-77.064495,2022,6,11
220027493,Injury Crash,06/26/2022 11:56:00 AM,OLNEY SANDY SPRING RD,NA,HEAD ON LEFT TURN,Clear,DRY,Daylight,TRAFFIC SIGNAL,NONE DETECTED,No,No Apparent Injury,N/A,NOT DISTRACTED,VA,PASSENGER CAR,STOPPED IN TRAFFIC LANE,30,No,2010,DODGE,RAM,39.15199167,-77.064495,2022,6,11
220027491,Property Damage Crash,06/26/2022 11:30:00 AM,MCAULIFFE DR,NA,SINGLE VEHICLE,Clear,DRY,Daylight,NO CONTROLS,NONE DETECTED,Yes,No Apparent Injury,N/A,LOOKED BUT DID NOT SEE,CT,PASSENGER CAR,STARTING FROM LANE,25,No,2012,CHEVROLET,MALIBU,39.07676629,-77.11714305,2022,6,11
220027483,Injury Crash,06/26/2022 09:35:00 AM,LOCKWOOD DR,PEDESTRIAN,SINGLE VEHICLE,Clear,DRY,Daylight,NO CONTROLS,NONE DETECTED,Yes,No Apparent Injury,N/A,LOOKED BUT DID NOT SEE,MD,PASSENGER CAR,ACCELERATING,20,No,2016,TOYOTA,RAV4,39.04116277,-76.98640652,2022,6,9
220027476,Property Damage Crash,06/26/2022 07:25:00 AM,NEW HAMPSHIRE AVE SERV RD,NA,STRAIGHT MOVEMENT ANGLE,Clear,DRY,Daylight,TRAFFIC SIGNAL,NONE DETECTED,No,No Apparent Injury,N/A,NOT DISTRACTED,MD,PASSENGER CAR,MOVING CONSTANT SPEED,35,No,2016,HOND,SD,38.987684,-76.98753117,2022,6,7
220027476,Property Damage Crash,06/26/2022 07:25:00 AM,NEW HAMPSHIRE AVE SERV RD,NA,STRAIGHT MOVEMENT ANGLE,Clear,DRY,Daylight,TRAFFIC SIGNAL,NONE DETECTED,Yes,No Apparent Injury,N/A,NOT DISTRACTED,MD,PASSENGER CAR,ACCELERATING,35,No,2012,HYUN,SD,38.987684,-76.98753117,2022,6,7
220027471,Injury Crash,06/26/2022 06:07:00 AM,GEORGIA AVE,NA,SAME DIR REAR END,Clear,DRY,Daylight,NO CONTROLS,NONE DETECTED,No,Possible Minor Injury,N/A,NOT DISTRACTED,MD,PASSENGER CAR,MOVING CONSTANT SPEED,30,No,2022,VOLKSWAGON,JETTA,39.034355,-77.048745,2022,6,6
220027471,Injury Crash,06/26/2022 06:07:00 AM,GEORGIA AVE,NA,SAME DIR REAR END,Clear,DRY,Daylight,NO CONTROLS,NONE DETECTED,Yes,No Apparent Injury,N/A,LOOKED BUT DID NOT SEE,MD,PASSENGER CAR,CHANGING LANES,30,No,2008,MERCEDES,GL450,39.034355,-77.048745,2022,6,6
220027470,Property Damage Crash,06/26/2022 06:04:00 AM,NEW HAMPSHIRE AVE,NA,SAME DIR REND RIGHT TURN,Clear,DRY,Daylight,NO CONTROLS,NONE DETECTED,Yes,No Apparent Injury,N/A,NOT DISTRACTED,NA,PASSENGER CAR,MOVING CONSTANT SPEED,35,No,2011,MERCEDES,UNKNOWN,38.988863,-76.9878575,2022,6,6
220027470,Property Damage Crash,06/26/2022 06:04:00 AM,NEW HAMPSHIRE AVE,NA,SAME DIR REND RIGHT TURN,Clear,DRY,Daylight,NO CONTROLS,NONE DETECTED,No,No Apparent Injury,N/A,NOT DISTRACTED,MD,PASSENGER CAR,SLOWING OR STOPPING,35,No,2013,HYUNDAI,SONATA,38.988863,-76.9878575,2022,6,6
220027344,Injury Crash,06/26/2022 04:45:00 AM,SPENCERVILLE RD,NA,SINGLE VEHICLE,Clear,DRY,Medium,NO CONTROLS,ALCOHOL PRESENT,Yes,Possible Minor Injury,N/A,NOT DISTRACTED,MD,PASSENGER CAR,MOVING CONSTANT SPEED,35,No,2008,LEXUS,LS,39.11050382,-76.94892181,2022,6,4
220027468,Property Damage Crash,06/26/2022 04:32:00 AM,GEORGIA AVE,NA,SAME DIR REAR END,Clear,DRY,Medium,TRAFFIC SIGNAL,NONE DETECTED,No,No Apparent Injury,N/A,NOT DISTRACTED,MD,PASSENGER CAR,STOPPED IN TRAFFIC LANE,40,No,2007,GMC,DENALI,38.99474,-77.027045,2022,6,4
220027468,Property Damage Crash,06/26/2022 04:32:00 AM,GEORGIA AVE,NA,SAME DIR REAR END,Clear,DRY,Medium,TRAFFIC SIGNAL,ALCOHOL PRESENT,Yes,No Apparent Injury,N/A,UNKNOWN,DC,PASSENGER CAR,SLOWING OR STOPPING,40,No,2010,HONDA,ACCORD,38.99474,-77.027045,2022,6,4
220027467,Property Damage Crash,06/26/2022 03:51:00 AM,NA,NA,STRAIGHT MOVEMENT ANGLE,Clear,NA,Medium,NO CONTROLS,ALCOHOL PRESENT,Yes,No Apparent Injury,N/A,OTHER DISTRACTION,MD,PASSENGER CAR,BACKING,0,No,2018,TOYOTA,CAMRY,39.03938833,-77.05139,2022,6,3
220027465,Property Damage Crash,06/26/2022 03:32:00 AM,VEIRS MILL RD,NA,OTHER,Clear,DRY,Medium,NO CONTROLS,NONE DETECTED,No,No Apparent Injury,N/A,NOT DISTRACTED,MD,PASSENGER CAR,MOVING CONSTANT SPEED,30,No,2018,TOYOTA,CAMRY,39.04107833,-77.05719167,2022,6,3
220027465,Property Damage Crash,06/26/2022 03:32:00 AM,VEIRS MILL RD,NA,OTHER,Clear,DRY,Medium,NO CONTROLS,NONE DETECTED,Yes,No Apparent Injury,N/A,UNKNOWN,NA,PASSENGER CAR,MOVING CONSTANT SPEED,30,No,2005,TOYOTA,TK,39.04107833,-77.05719167,2022,6,3
220027458,Property Damage Crash,06/26/2022 12:54:00 AM,GERMANTOWN RD,NA,SINGLE VEHICLE,Clear,DRY,Medium,N/A,ALCOHOL PRESENT,Yes,No Apparent Injury,N/A,OTHER DISTRACTION,MD,PASSENGER CAR,MOVING CONSTANT SPEED,40,No,2020,HONDA,CIVIC,39.19221667,-77.23313333,2022,6,0
220027446,Property Damage Crash,06/25/2022 11:30:00 PM,NEW HAMPSHIRE AVE,NA,SAME DIR REAR END,Clear,DRY,Medium,TRAFFIC SIGNAL,ALCOHOL PRESENT,Yes,No Apparent Injury,N/A,NOT DISTRACTED,MD,PASSENGER CAR,SLOWING OR STOPPING,35,No,2008,HONDA,CIVIC,39.04491333,-76.99232833,2022,6,23
220027446,Property Damage Crash,06/25/2022 11:30:00 PM,NEW HAMPSHIRE AVE,NA,SAME DIR REAR END,Clear,DRY,Medium,TRAFFIC SIGNAL,NONE DETECTED,No,No Apparent Injury,N/A,NOT DISTRACTED,MD,PASSENGER CAR,STOPPED IN TRAFFIC LANE,35,No,2017,HONDA,CRV,39.04491333,-76.99232833,2022,6,23
220027447,Injury Crash,06/25/2022 10:57:00 PM,NEW HAMPSHIRE AVE,PEDESTRIAN,OTHER,Clear,DRY,Medium,NO CONTROLS,NONE DETECTED,Unknown,No Apparent Injury,N/A,UNKNOWN,NA,NA,UNKNOWN,35,No,0,UNKNOWN,UNKNOWN,39.02297333,-76.97816167,2022,6,22
220027430,Property Damage Crash,06/25/2022 07:45:00 PM,FLOWER AVE,NA,SAME DIR REAR END,Clear,N/A,Daylight,N/A,ALCOHOL PRESENT,Yes,No Apparent Injury,N/A,UNKNOWN,XX,PASSENGER CAR,MOVING CONSTANT SPEED,25,No,2013,JEEP,WRANGLER,38.99269638,-77.00235442,2022,6,19
220027420,Injury Crash,06/25/2022 06:00:00 PM,MUNCASTER MILL RD,NA,SAME DIRECTION LEFT TURN,Clear,DRY,Daylight,TRAFFIC SIGNAL,NONE DETECTED,No,No Apparent Injury,N/A,NOT DISTRACTED,MD,PASSENGER CAR,MOVING CONSTANT SPEED,35,No,2019,TOYT,RAV 4,39.14556167,-77.14378667,2022,6,18
220027420,Injury Crash,06/25/2022 06:00:00 PM,MUNCASTER MILL RD,NA,SAME DIRECTION LEFT TURN,Clear,DRY,Daylight,TRAFFIC SIGNAL,NONE DETECTED,Yes,Possible Minor Injury,N/A,LOOKED BUT DID NOT SEE,MD,PASSENGER CAR,CHANGING LANES,35,No,2019,TOYOTA,CAMRY,39.14556167,-77.14378667,2022,6,18
220027395,Property Damage Crash,06/25/2022 12:34:00 PM,CONNECTICUT AVE,NA,SAME DIR REAR END,Clear,DRY,Daylight,TRAFFIC SIGNAL,NONE DETECTED,Yes,No Apparent Injury,N/A,UNKNOWN,NA,NA,SLOWING OR STOPPING,30,No,0,UNKNOWN,UNKNOWN,38.97767987,-77.07701517,2022,6,12
220027395,Property Damage Crash,06/25/2022 12:34:00 PM,CONNECTICUT AVE,NA,SAME DIR REAR END,Clear,DRY,Daylight,TRAFFIC SIGNAL,NONE DETECTED,No,No Apparent Injury,N/A,NOT DISTRACTED,MD,PASSENGER CAR,STOPPED IN TRAFFIC LANE,30,No,2015,BMW,3 SERIES,38.97767987,-77.07701517,2022,6,12
220027392,Injury Crash,06/25/2022 12:17:00 PM,FLOWER AVE,PEDESTRIAN,SAME DIRECTION SIDESWIPE,Clear,DRY,Daylight,N/A,NONE DETECTED,No,Possible Minor Injury,N/A,NOT DISTRACTED,MD,PASSENGER CAR,STOPPED IN TRAFFIC LANE,25,No,2014,HYUANDAI,SONOTA,38.99832333,-77.00416167,2022,6,12
220027392,Injury Crash,06/25/2022 12:17:00 PM,FLOWER AVE,PEDESTRIAN,SAME DIRECTION SIDESWIPE,Clear,DRY,Daylight,N/A,NONE DETECTED,No,No Apparent Injury,N/A,NOT DISTRACTED,MD,PASSENGER CAR,STOPPED IN TRAFFIC LANE,25,No,2019,TOYOTA,RAV4,38.99832333,-77.00416167,2022,6,12
220027392,Injury Crash,06/25/2022 12:17:00 PM,FLOWER AVE,PEDESTRIAN,SAME DIRECTION SIDESWIPE,Clear,DRY,Daylight,N/A,ALCOHOL PRESENT,Yes,No Apparent Injury,N/A,LOOKED BUT DID NOT SEE,DC,PASSENGER CAR,MOVING CONSTANT SPEED,25,No,2014,VW,PASSAT,38.99832333,-77.00416167,2022,6,12
220027387,Injury Crash,06/25/2022 12:09:00 PM,FREDERICK RD,NA,UNKNOWN,Clear,DRY,Daylight,TRAFFIC SIGNAL,NONE DETECTED,No,Possible Minor Injury,N/A,NOT DISTRACTED,MD,PASSENGER CAR,ACCELERATING,35,No,2022,FORD,RANGER,39.15727447,-77.21886757,2022,6,12
220027387,Injury Crash,06/25/2022 12:09:00 PM,FREDERICK RD,NA,UNKNOWN,Clear,DRY,Daylight,TRAFFIC SIGNAL,NONE DETECTED,Yes,No Apparent Injury,N/A,NOT DISTRACTED,MD,PASSENGER CAR,PASSING,35,No,2022,HYUN,UT,39.15727447,-77.21886757,2022,6,12
220027389,Property Damage Crash,06/25/2022 11:21:00 AM,NA,NA,STRAIGHT MOVEMENT ANGLE,Clear,NA,Daylight,NO CONTROLS,NONE DETECTED,Yes,No Apparent Injury,N/A,NOT DISTRACTED,MD,PASSENGER CAR,BACKING,0,No,2017,HYUNDAI,SONATA,39.19974277,-77.24645858,2022,6,11
220027389,Property Damage Crash,06/25/2022 11:21:00 AM,NA,NA,STRAIGHT MOVEMENT ANGLE,Clear,NA,Daylight,NO CONTROLS,NONE DETECTED,No,No Apparent Injury,N/A,NOT DISTRACTED,MD,VAN,MOVING CONSTANT SPEED,0,No,2019,HONDA,ODYSSEY,39.19974277,-77.24645858,2022,6,11
220027381,Property Damage Crash,06/25/2022 10:45:00 AM,NA,NA,STRAIGHT MOVEMENT ANGLE,Clear,NA,Daylight,NO CONTROLS,NONE DETECTED,Yes,No Apparent Injury,N/A,NOT DISTRACTED,MD,PASSENGER CAR,BACKING,0,No,2013,HONDA,CIVIC,39.24346452,-77.18516164,2022,6,10
220027378,Property Damage Crash,06/25/2022 07:30:00 AM,NA,NA,OTHER,Clear,NA,Daylight,NO CONTROLS,NONE DETECTED,Yes,No Apparent Injury,N/A,LOOKED BUT DID NOT SEE,DC,PASSENGER CAR,BACKING,0,No,2006,HONDA,ACCORD,39.00063439,-77.04798093,2022,6,7
220027380,Property Damage Crash,06/25/2022 06:15:00 AM,BORDLY DR,NA,SINGLE VEHICLE,Clear,DRY,Daylight,NO CONTROLS,NONE DETECTED,Yes,No Apparent Injury,N/A,UNKNOWN,MD,PASSENGER CAR,MOVING CONSTANT SPEED,30,No,2000,TOYOTA,TACOMA,39.19091333,-77.05149,2022,6,6
220027346,Property Damage Crash,06/25/2022 05:43:00 AM,RANDOLPH RD,NA,SAME DIR REAR END,Clear,DRY,Medium,NO CONTROLS,NONE DETECTED,Yes,No Apparent Injury,N/A,UNKNOWN,NA,UNKNOWN,MOVING CONSTANT SPEED,45,No,0,UNKNOWN,UNKNOWN,39.06649421,-77.02772199,2022,6,5
220027346,Property Damage Crash,06/25/2022 05:43:00 AM,RANDOLPH RD,NA,SAME DIR REAR END,Clear,DRY,Medium,NO CONTROLS,NONE DETECTED,No,No Apparent Injury,N/A,NOT DISTRACTED,MD,PICKUP TRUCK,MOVING CONSTANT SPEED,45,No,2015,FORD,TK,39.06649421,-77.02772199,2022,6,5
220027340,Property Damage Crash,06/25/2022 02:49:00 AM,S FREDERICK RD,NA,SINGLE VEHICLE,Clear,N/A,Medium,NO CONTROLS,NONE DETECTED,Yes,No Apparent Injury,N/A,OTHER DISTRACTION,MD,PASSENGER CAR,MOVING CONSTANT SPEED,35,No,2013,BMW,4H,39.12874551,-77.18654918,2022,6,2
220027369,Property Damage Crash,06/25/2022 02:00:00 AM,CRYSTAL ROCK DR,NA,SAME DIRECTION SIDESWIPE,Clear,DRY,Dark,NO CONTROLS,NONE DETECTED,Yes,No Apparent Injury,N/A,UNKNOWN,NA,PICKUP TRUCK,MOVING CONSTANT SPEED,40,Unknown,2018,CHEVROLET,UNKNOWN,39.177385,-77.26211,2022,6,2
220027330,Property Damage Crash,06/25/2022 12:45:00 AM,GEORGIA AVE,NA,STRAIGHT MOVEMENT ANGLE,Clear,DRY,Medium,NO CONTROLS,ALCOHOL PRESENT,Yes,No Apparent Injury,N/A,UNKNOWN,VA,PASSENGER CAR,MOVING CONSTANT SPEED,35,No,2022,KIA,K5,38.99241,-77.02679667,2022,6,0
220027330,Property Damage Crash,06/25/2022 12:45:00 AM,GEORGIA AVE,NA,STRAIGHT MOVEMENT ANGLE,Clear,DRY,Medium,NO CONTROLS,NONE DETECTED,No,No Apparent Injury,N/A,NOT DISTRACTED,MD,(SPORT) UTILITY VEHICLE,MAKING LEFT TURN,35,No,2006,LAND ROVER,RANGE ROVER,38.99241,-77.02679667,2022,6,0
220027315,Property Damage Crash,06/24/2022 09:30:00 PM,NA,NA,SAME DIRECTION SIDESWIPE,Clear,NA,Medium,STOP SIGN,NONE DETECTED,No,No Apparent Injury,N/A,NOT DISTRACTED,MD,PASSENGER CAR,STOPPED IN TRAFFIC LANE,25,No,2019,HOND,HB,39.1481244,-77.1903855,2022,6,21
220027315,Property Damage Crash,06/24/2022 09:30:00 PM,NA,NA,SAME DIRECTION SIDESWIPE,Clear,NA,Medium,STOP SIGN,NONE DETECTED,Yes,No Apparent Injury,N/A,UNKNOWN,MD,PASSENGER CAR,MOVING CONSTANT SPEED,25,No,2015,VOLKS,4S,39.1481244,-77.1903855,2022,6,21
220027292,Injury Crash,06/24/2022 05:52:00 PM,MEDICAL CENTER DR,NA,HEAD ON LEFT TURN,Clear,DRY,Daylight,NO CONTROLS,NONE DETECTED,Yes,No Apparent Injury,N/A,LOOKED BUT DID NOT SEE,MD,PASSENGER CAR,MAKING U TURN,25,No,2005,CHEV,VN,39.10151483,-77.19551717,2022,6,17
220027292,Injury Crash,06/24/2022 05:52:00 PM,MEDICAL CENTER DR,NA,HEAD ON LEFT TURN,Clear,DRY,Daylight,NO CONTROLS,NONE DETECTED,No,Possible Minor Injury,N/A,NOT DISTRACTED,MD,PASSENGER CAR,MOVING CONSTANT SPEED,25,No,2011,TOYT,HY,39.10151483,-77.19551717,2022,6,17
22002789,Property Damage Crash,06/24/2022 05:24:00 PM,LOCKWOOD DR,NA,UNKNOWN,Clear,DRY,Daylight,NO CONTROLS,NONE DETECTED,Yes,No Apparent Injury,N/A,UNKNOWN,NA,PASSENGER CAR,UNKNOWN,15,No,2011,MAZDA,6,39.040545,-76.98826167,2022,6,17
22002789,Property Damage Crash,06/24/2022 05:24:00 PM,LOCKWOOD DR,NA,UNKNOWN,Clear,DRY,Daylight,NO CONTROLS,NONE DETECTED,No,No Apparent Injury,N/A,UNKNOWN,MD,PASSENGER CAR,PARKING,10,No,2009,CHEV,4S,39.040545,-76.98826167,2022,6,17
220027285,Property Damage Crash,06/24/2022 05:11:00 PM,COLESVILLE RD,NA,SAME DIR REAR END,Clear,DRY,Daylight,TRAFFIC SIGNAL,NONE DETECTED,No,No Apparent Injury,N/A,NOT DISTRACTED,MD,POLICE VEHICLE/EMERGENCY,SLOWING OR STOPPING,35,No,2017,SUBA,4S,39.01136183,-77.01704458,2022,6,17
220027285,Property Damage Crash,06/24/2022 05:11:00 PM,COLESVILLE RD,NA,SAME DIR REAR END,Clear,DRY,Daylight,TRAFFIC SIGNAL,NONE DETECTED,No,No Apparent Injury,N/A,NOT DISTRACTED,MD,PASSENGER CAR,SLOWING OR STOPPING,35,No,2016,AUDI,SYV,39.01136183,-77.01704458,2022,6,17
220027285,Property Damage Crash,06/24/2022 05:11:00 PM,COLESVILLE RD,NA,SAME DIR REAR END,Clear,DRY,Daylight,TRAFFIC SIGNAL,NONE DETECTED,No,No Apparent Injury,N/A,NOT DISTRACTED,DC,PASSENGER CAR,SLOWING OR STOPPING,35,No,2010,NISSAN,ALTIMA,39.01136183,-77.01704458,2022,6,17
220027285,Property Damage Crash,06/24/2022 05:11:00 PM,COLESVILLE RD,NA,SAME DIR REAR END,Clear,DRY,Daylight,TRAFFIC SIGNAL,NONE DETECTED,Yes,No Apparent Injury,N/A,UNKNOWN,VA,PASSENGER CAR,SLOWING OR STOPPING,35,No,2007,VOLKS,JETTA,39.01136183,-77.01704458,2022,6,17
220027758,Property Damage Crash,06/24/2022 03:10:00 PM,E MONTGOMERY AVE,NA,SINGLE VEHICLE,Clear,DRY,Daylight,NO CONTROLS,NONE DETECTED,Yes,No Apparent Injury,N/A,LOOKED BUT DID NOT SEE,MD,POLICE VEHICLE/NON EMERGENCY,STARTING FROM PARKED,25,No,2012,DODGE,CHARGER,39.08405006,-77.15284283,2022,6,15
220027258,Injury Crash,06/24/2022 02:43:00 PM,NA,NA,SINGLE VEHICLE,Clear,NA,Daylight,NO CONTROLS,NONE DETECTED,Yes,Possible Minor Injury,N/A,UNKNOWN,MD,PASSENGER CAR,PARKING,5,No,2005,HONDA,ACCORD,39.052084,-76.97486767,2022,6,14
230018856,Property Damage Crash,06/24/2022 02:42:00 PM,DECOVERLY DR,NA,OTHER,Clear,DRY,Daylight,NO CONTROLS,NONE DETECTED,Yes,No Apparent Injury,N/A,UNKNOWN,MD,PASSENGER CAR,BACKING,0,No,2020,MERCEDES,A,39.1115834,-77.19836337,2022,6,14
220027266,Property Damage Crash,06/24/2022 02:15:00 PM,WOODMOOR DR,NA,SAME DIRECTION SIDESWIPE,Clear,DRY,Daylight,STOP SIGN,NONE DETECTED,Yes,No Apparent Injury,N/A,UNKNOWN,MD,PASSENGER CAR,MOVING CONSTANT SPEED,25,No,2015,KIA,RIO,39.02292917,-77.01073867,2022,6,14
20076655,Injury Crash,06/24/2022 01:29:00 PM,ROCKVILLE PIKE,NA,SAME DIR REAR END,Clear,DRY,Daylight,NO CONTROLS,NONE DETECTED,No,No Apparent Injury,N/A,NOT DISTRACTED,FL,PASSENGER CAR,MOVING CONSTANT SPEED,40,No,2016,VOLKSWAGEN,GTI,39.03465332,-77.10686286,2022,6,13
220027247,Injury Crash,06/24/2022 01:29:00 PM,ROCKVILLE PIKE,NA,SAME DIR REAR END,Clear,DRY,Daylight,NO CONTROLS,NONE DETECTED,Yes,Possible Minor Injury,N/A,NOT DISTRACTED,MD,PASSENGER CAR,MOVING CONSTANT SPEED,40,No,2017,FORD,SD,39.03176378,-77.10563275,2022,6,13
220027247,Injury Crash,06/24/2022 01:29:00 PM,ROCKVILLE PIKE,NA,SAME DIR REAR END,Clear,DRY,Daylight,NO CONTROLS,NONE DETECTED,No,Possible Minor Injury,N/A,NOT DISTRACTED,MD,(SPORT) UTILITY VEHICLE,MOVING CONSTANT SPEED,40,No,2017,TOYOTA,RAV 4,39.03176378,-77.10563275,2022,6,13
20076655,Injury Crash,06/24/2022 01:29:00 PM,ROCKVILLE PIKE,NA,SAME DIR REAR END,Clear,DRY,Daylight,NO CONTROLS,NONE DETECTED,No,Possible Minor Injury,N/A,NOT DISTRACTED,MD,PASSENGER CAR,MOVING CONSTANT SPEED,40,No,2017,TOYOTA,RAV 4,39.03465332,-77.10686286,2022,6,13
220027247,Injury Crash,06/24/2022 01:29:00 PM,ROCKVILLE PIKE,NA,SAME DIR REAR END,Clear,DRY,Daylight,NO CONTROLS,NONE DETECTED,No,No Apparent Injury,N/A,NOT DISTRACTED,FL,PASSENGER CAR,MOVING CONSTANT SPEED,40,No,2016,VOLKSWAGEN,GTI,39.03176378,-77.10563275,2022,6,13
20076655,Injury Crash,06/24/2022 01:29:00 PM,ROCKVILLE PIKE,NA,SAME DIR REAR END,Clear,DRY,Daylight,NO CONTROLS,NONE DETECTED,Yes,Possible Minor Injury,N/A,UNKNOWN,MD,PASSENGER CAR,MOVING CONSTANT SPEED,40,No,2017,FORD,SD,39.03465332,-77.10686286,2022,6,13
220027248,Injury Crash,06/24/2022 01:24:00 PM,NA,NA,OPPOSITE DIRECTION SIDESWIPE,Cloudy,NA,Daylight,N/A,NONE DETECTED,No,Possible Minor Injury,N/A,NOT DISTRACTED,MD,PASSENGER CAR,ACCELERATING,5,No,2017,TOYT,COROLLA,39.06337833,-77.095085,2022,6,13
220027248,Injury Crash,06/24/2022 01:24:00 PM,NA,NA,OPPOSITE DIRECTION SIDESWIPE,Cloudy,NA,Daylight,N/A,NONE DETECTED,Yes,No Apparent Injury,N/A,LOOKED BUT DID NOT SEE,DC,PASSENGER CAR,MOVING CONSTANT SPEED,5,No,2013,HYUN,SONATA,39.06337833,-77.095085,2022,6,13
220027244,Property Damage Crash,06/24/2022 01:13:00 PM,RED FOX RD,NA,OTHER,Cloudy,DRY,Daylight,NO CONTROLS,NONE DETECTED,Yes,No Apparent Injury,N/A,INATTENTIVE OR LOST IN THOUGHT,NA,NA,BACKING,20,No,0,UNKNOWN,UNKNOWN,39.048895,-77.093835,2022,6,13
220027239,Property Damage Crash,06/24/2022 12:00:00 PM,NEW HAMPSHIRE AVE,NA,SAME DIRECTION SIDESWIPE,Clear,DRY,Daylight,TRAFFIC SIGNAL,NONE DETECTED,No,No Apparent Injury,N/A,NOT DISTRACTED,MD,TRANSIT BUS,STOPPED IN TRAFFIC LANE,35,No,2014,NABI,BUS,39.01149191,-76.97902425,2022,6,12
220027239,Property Damage Crash,06/24/2022 12:00:00 PM,NEW HAMPSHIRE AVE,NA,SAME DIRECTION SIDESWIPE,Clear,DRY,Daylight,TRAFFIC SIGNAL,NONE DETECTED,Yes,No Apparent Injury,N/A,NOT DISTRACTED,MD,VAN,SLOWING OR STOPPING,35,No,2021,FORD,ECONOLINE,39.01149191,-76.97902425,2022,6,12
220027236,Injury Crash,06/24/2022 11:57:00 AM,SUNDOWN RD,NA,SINGLE VEHICLE,Cloudy,DRY,Daylight,NO CONTROLS,NONE DETECTED,Yes,Possible Minor Injury,N/A,NOT DISTRACTED,MD,"MEDIUM/HEAVY TRUCKS 3 AXLES (OVER 10,000LBS (4,536KG))",MOVING CONSTANT SPEED,40,No,2018,PETERBILT,DUMPTRUCK,39.21934167,-77.09918333,2022,6,11
220027228,Property Damage Crash,06/24/2022 11:39:00 AM,W DIAMOND AVE,NA,STRAIGHT MOVEMENT ANGLE,Cloudy,DRY,Daylight,STOP SIGN,NONE DETECTED,Yes,No Apparent Injury,N/A,NOT DISTRACTED,MD,PASSENGER CAR,MAKING LEFT TURN,35,No,2017,CHEV,4S,39.14061542,-77.20196348,2022,6,11
220027228,Property Damage Crash,06/24/2022 11:39:00 AM,W DIAMOND AVE,NA,STRAIGHT MOVEMENT ANGLE,Cloudy,DRY,Daylight,STOP SIGN,NONE DETECTED,No,No Apparent Injury,N/A,NOT DISTRACTED,MD,PASSENGER CAR,MOVING CONSTANT SPEED,35,No,2018,MERZ,SW,39.14061542,-77.20196348,2022,6,11
220027222,Property Damage Crash,06/24/2022 10:30:00 AM,COLESVILLE RD,NA,OTHER,Cloudy,DRY,Daylight,NO CONTROLS,NONE DETECTED,No,No Apparent Injury,N/A,NOT DISTRACTED,MD,PASSENGER CAR,MOVING CONSTANT SPEED,35,No,2006,HONDA,VN,38.99315833,-77.03208833,2022,6,10
220027222,Property Damage Crash,06/24/2022 10:30:00 AM,COLESVILLE RD,NA,OTHER,Cloudy,DRY,Daylight,NO CONTROLS,NONE DETECTED,Yes,No Apparent Injury,N/A,NOT DISTRACTED,IN,PASSENGER CAR,MOVING CONSTANT SPEED,35,No,2005,DODGE,CARAVAN,38.99315833,-77.03208833,2022,6,10
220027215,Property Damage Crash,06/24/2022 10:16:00 AM,CLOPPER RD,NA,STRAIGHT MOVEMENT ANGLE,Cloudy,DRY,Daylight,STOP SIGN,NONE DETECTED,No,No Apparent Injury,N/A,NOT DISTRACTED,MD,(SPORT) UTILITY VEHICLE,MOVING CONSTANT SPEED,45,No,2021,JEEP,WRANGLER,39.156325,-77.264765,2022,6,10
220027215,Property Damage Crash,06/24/2022 10:16:00 AM,CLOPPER RD,NA,STRAIGHT MOVEMENT ANGLE,Cloudy,DRY,Daylight,STOP SIGN,NONE DETECTED,Yes,No Apparent Injury,N/A,LOOKED BUT DID NOT SEE,MD,PICKUP TRUCK,MAKING LEFT TURN,45,No,2002,CHEVROLET,SILVERADO,39.156325,-77.264765,2022,6,10
220027209,Property Damage Crash,06/24/2022 10:00:00 AM,FREDERICK RD,NA,STRAIGHT MOVEMENT ANGLE,Clear,DRY,Daylight,TRAFFIC SIGNAL,NONE DETECTED,Yes,No Apparent Injury,N/A,INATTENTIVE OR LOST IN THOUGHT,MD,PASSENGER CAR,MOVING CONSTANT SPEED,35,No,2014,ACURA,RDX,39.11917996,-77.17176249,2022,6,10
220027209,Property Damage Crash,06/24/2022 10:00:00 AM,FREDERICK RD,NA,STRAIGHT MOVEMENT ANGLE,Clear,DRY,Daylight,TRAFFIC SIGNAL,NONE DETECTED,No,No Apparent Injury,N/A,NOT DISTRACTED,MD,PASSENGER CAR,MAKING LEFT TURN,35,No,2008,CHEV,COLORADO,39.11917996,-77.17176249,2022,6,10