Local Case Number,ACRS Report Type,Crash Date/Time,Road Name,Related Non-Motorist,Collision Type,Weather,Surface Condition,Light,Traffic Control,Driver Substance Abuse,Driver At Fault,Injury Severity,Circumstance,Driver Distracted By,Drivers License State,Vehicle Body Type,Vehicle Movement,Speed Limit,Driverless Vehicle,Vehicle Year,Vehicle Make,Vehicle Model,Latitude,Longitude,Year,Month,Hour
220027205,Injury Crash,06/24/2022 09:25:00 AM,NA,NA,SINGLE VEHICLE,Clear,NA,Daylight,NO CONTROLS,NONE DETECTED,Yes,Possible Minor Injury,N/A,NOT DISTRACTED,MD,PASSENGER CAR,STARTING FROM PARKED,15,No,2015,TOYOTA,CAMRY,38.96259733,-77.088273,2022,6,9
220027195,Property Damage Crash,06/24/2022 07:37:00 AM,RIVER RD,NA,SINGLE VEHICLE,Clear,DRY,Daylight,N/A,NONE DETECTED,Yes,No Apparent Injury,N/A,LOOKED BUT DID NOT SEE,MD,SCHOOL BUS,BACKING,25,No,2018,THOMAS,PUSHER,39.11952655,-77.4868763,2022,6,7
220027190,Property Damage Crash,06/24/2022 07:08:00 AM,INTERCOUNTY CONNECTOR,NA,SINGLE VEHICLE,Clear,DRY,Daylight,NO CONTROLS,NONE DETECTED,Yes,No Apparent Injury,N/A,LOOKED BUT DID NOT SEE,DC,PASSENGER CAR,MOVING CONSTANT SPEED,45,No,2019,NISSAN,ALTIMA,39.081777,-76.948988,2022,6,7
220027189,Fatal Crash,06/24/2022 04:30:00 AM,GEORGIA AVE,PEDESTRIAN,SINGLE VEHICLE,Clear,DRY,Dark,NO CONTROLS,NONE DETECTED,No,No Apparent Injury,N/A,NOT DISTRACTED,MD,PASSENGER CAR,MOVING CONSTANT SPEED,45,No,2016,KIA,OPTIMA,39.09968167,-77.07761667,2022,6,4
220027183,Property Damage Crash,06/24/2022 02:26:00 AM,COLLEGE PKWY,NA,SAME DIR REAR END,Clear,DRY,Medium,NO CONTROLS,NONE DETECTED,Yes,No Apparent Injury,N/A,BY OTHER OCCUPANTS,MD,PASSENGER CAR,MOVING CONSTANT SPEED,25,No,2013,VOLK,PASSAT,39.09637167,-77.16715167,2022,6,2
220027173,Injury Crash,06/23/2022 10:44:00 PM,REDLAND RD,NA,STRAIGHT MOVEMENT ANGLE,Clear,DRY,Medium,TRAFFIC SIGNAL,NONE DETECTED,Yes,No Apparent Injury,N/A,UNKNOWN,MD,PICKUP TRUCK,MOVING CONSTANT SPEED,35,No,2015,RAM,SIERRA,39.14589533,-77.14430967,2022,6,22
220027173,Injury Crash,06/23/2022 10:44:00 PM,REDLAND RD,NA,STRAIGHT MOVEMENT ANGLE,Clear,DRY,Medium,TRAFFIC SIGNAL,NONE DETECTED,No,No Apparent Injury,N/A,NOT DISTRACTED,MD,PASSENGER CAR,MOVING CONSTANT SPEED,35,No,2019,TOYT,HIGHLANDER,39.14589533,-77.14430967,2022,6,22
220027162,Injury Crash,06/23/2022 09:36:00 PM,COLUMBIA PIKE,NA,SAME DIR REAR END,Clear,DRY,Medium,TRAFFIC SIGNAL,NONE DETECTED,No,No Apparent Injury,N/A,NOT DISTRACTED,VA,PASSENGER CAR,STOPPED IN TRAFFIC LANE,50,No,2012,TOYOTA,PRIUS,39.07382,-76.955645,2022,6,21
220027162,Injury Crash,06/23/2022 09:36:00 PM,COLUMBIA PIKE,NA,SAME DIR REAR END,Clear,DRY,Medium,TRAFFIC SIGNAL,NONE DETECTED,Yes,Possible Minor Injury,N/A,INATTENTIVE OR LOST IN THOUGHT,MD,PASSENGER CAR,MOVING CONSTANT SPEED,50,No,2015,NISSAN,SENTRA,39.07382,-76.955645,2022,6,21
220027145,Injury Crash,06/23/2022 07:35:00 PM,GEORGIA AVE,NA,SAME DIRECTION SIDESWIPE,Clear,DRY,Daylight,TRAFFIC SIGNAL,NONE DETECTED,Yes,No Apparent Injury,N/A,LOOKED BUT DID NOT SEE,MD,(SPORT) UTILITY VEHICLE,CHANGING LANES,30,No,2011,MAZD,TK,39.01006604,-77.0407355,2022,6,19
220027145,Injury Crash,06/23/2022 07:35:00 PM,GEORGIA AVE,NA,SAME DIRECTION SIDESWIPE,Clear,DRY,Daylight,TRAFFIC SIGNAL,NONE DETECTED,No,Possible Minor Injury,N/A,NOT DISTRACTED,PA,(SPORT) UTILITY VEHICLE,MOVING CONSTANT SPEED,30,No,2017,TOYOTA,RAV4,39.01006604,-77.0407355,2022,6,19
220027141,Injury Crash,06/23/2022 06:34:00 PM,W MONTGOMERY AVE,NA,STRAIGHT MOVEMENT ANGLE,Clear,DRY,Daylight,TRAFFIC SIGNAL,NONE DETECTED,Yes,No Apparent Injury,N/A,LOOKED BUT DID NOT SEE,MD,PASSENGER CAR,MOVING CONSTANT SPEED,30,No,2018,MERCEDEZ,GLA250,39.08576549,-77.17064702,2022,6,18
220027141,Injury Crash,06/23/2022 06:34:00 PM,W MONTGOMERY AVE,NA,STRAIGHT MOVEMENT ANGLE,Clear,DRY,Daylight,TRAFFIC SIGNAL,NONE DETECTED,No,Possible Minor Injury,N/A,NOT DISTRACTED,MD,PASSENGER CAR,MOVING CONSTANT SPEED,30,No,2004,ACUR,4S,39.08576549,-77.17064702,2022,6,18
220027127,Property Damage Crash,06/23/2022 05:47:00 PM,WASHINGTONIAN BLVD,NA,SINGLE VEHICLE,Clear,DRY,Daylight,NO CONTROLS,NONE DETECTED,Yes,No Apparent Injury,N/A,OTHER CELLULAR PHONE RELATED,MD,PASSENGER CAR,MOVING CONSTANT SPEED,15,No,2005,TOYOTA,SIENNA,39.11801667,-77.202658,2022,6,17
220026589,Injury Crash,06/23/2022 04:00:00 PM,FREDERICK RD,NA,HEAD ON LEFT TURN,Clear,DRY,Daylight,TRAFFIC SIGNAL,NONE DETECTED,Yes,Possible Minor Injury,N/A,INATTENTIVE OR LOST IN THOUGHT,MD,PASSENGER CAR,MAKING LEFT TURN,35,No,2022,HONDA,ODYSSEY,39.11535411,-77.16639787,2022,6,16
220026589,Injury Crash,06/23/2022 04:00:00 PM,FREDERICK RD,NA,HEAD ON LEFT TURN,Clear,DRY,Daylight,TRAFFIC SIGNAL,NONE DETECTED,No,No Apparent Injury,N/A,NOT DISTRACTED,MD,PASSENGER CAR,MOVING CONSTANT SPEED,35,No,2014,HONDA,CIVIC,39.11535411,-77.16639787,2022,6,16
220027095,Injury Crash,06/23/2022 02:11:00 PM,FALLS RD,NA,HEAD ON LEFT TURN,Clear,DRY,Daylight,TRAFFIC SIGNAL,NONE DETECTED,No,Possible Minor Injury,N/A,NOT DISTRACTED,MD,PASSENGER CAR,MOVING CONSTANT SPEED,35,No,2022,TELSA,MODEL 3,39.056131,-77.17955383,2022,6,14
220027095,Injury Crash,06/23/2022 02:11:00 PM,FALLS RD,NA,HEAD ON LEFT TURN,Clear,DRY,Daylight,TRAFFIC SIGNAL,NONE DETECTED,Yes,Possible Minor Injury,N/A,LOOKED BUT DID NOT SEE,MD,PASSENGER CAR,MAKING LEFT TURN,35,No,2015,HONDA,ACCORD,39.056131,-77.17955383,2022,6,14
220027094,Property Damage Crash,06/23/2022 02:00:00 PM,NA,NA,SINGLE VEHICLE,Rain,NA,Daylight,NO CONTROLS,NONE DETECTED,Yes,No Apparent Injury,N/A,LOOKED BUT DID NOT SEE,MD,POLICE VEHICLE/NON EMERGENCY,BACKING,25,No,2016,FORD,TAURUS,39.06772025,-77.00209471,2022,6,14
220027092,Injury Crash,06/23/2022 01:45:00 PM,RIVER RD,NA,STRAIGHT MOVEMENT ANGLE,Cloudy,DRY,Daylight,TRAFFIC SIGNAL,NONE DETECTED,No,Possible Minor Injury,N/A,NOT DISTRACTED,MD,STATION WAGON,ACCELERATING,35,No,2010,VOLV,SW,39.01728261,-77.20770701,2022,6,13
220027092,Injury Crash,06/23/2022 01:45:00 PM,RIVER RD,NA,STRAIGHT MOVEMENT ANGLE,Cloudy,DRY,Daylight,TRAFFIC SIGNAL,NONE DETECTED,Yes,No Apparent Injury,N/A,UNKNOWN,MD,(SPORT) UTILITY VEHICLE,MOVING CONSTANT SPEED,35,No,2021,MERZ,UT,39.01728261,-77.20770701,2022,6,13
220027089,Injury Crash,06/23/2022 01:17:00 PM,GERMANTOWN RD,NA,STRAIGHT MOVEMENT ANGLE,Rain,WET,Daylight,TRAFFIC SIGNAL,NONE DETECTED,No,No Apparent Injury,"N/A, WET",NOT DISTRACTED,MD,PASSENGER CAR,MOVING CONSTANT SPEED,40,No,2020,HYUN,ELANTRA,39.162735,-77.283045,2022,6,13
220027089,Injury Crash,06/23/2022 01:17:00 PM,GERMANTOWN RD,NA,STRAIGHT MOVEMENT ANGLE,Rain,WET,Daylight,TRAFFIC SIGNAL,NONE DETECTED,Yes,No Apparent Injury,"N/A, WET",UNKNOWN,MD,PASSENGER CAR,MOVING CONSTANT SPEED,40,No,2012,TOYT,CAMRY,39.162735,-77.283045,2022,6,13
220027058,Injury Crash,06/23/2022 11:24:00 AM,UNIVERSITY BLVD E,NA,SAME DIR REAR END,Rain,WET,Daylight,TRAFFIC SIGNAL,NONE DETECTED,Yes,No Apparent Injury,"N/A, WET",NOT DISTRACTED,AK,PASSENGER CAR,MOVING CONSTANT SPEED,30,No,2014,JEEP,4X4,38.98991517,-76.98892817,2022,6,11
220027058,Injury Crash,06/23/2022 11:24:00 AM,UNIVERSITY BLVD E,NA,SAME DIR REAR END,Rain,WET,Daylight,TRAFFIC SIGNAL,NONE DETECTED,No,No Apparent Injury,"N/A, WET",NOT DISTRACTED,MD,(SPORT) UTILITY VEHICLE,SLOWING OR STOPPING,30,No,2004,JEEP,GRAND CHEROKE,38.98991517,-76.98892817,2022,6,11
220027057,Injury Crash,06/23/2022 10:53:00 AM,OLD GEORGETOWN RD,NA,ANGLE MEETS LEFT TURN,Clear,WET,Daylight,NO CONTROLS,NONE DETECTED,No,Possible Minor Injury,N/A,NOT DISTRACTED,MD,VAN,MOVING CONSTANT SPEED,40,No,2005,CHEVY,VAN,39.01924943,-77.12112705,2022,6,10
220027057,Injury Crash,06/23/2022 10:53:00 AM,OLD GEORGETOWN RD,NA,ANGLE MEETS LEFT TURN,Clear,WET,Daylight,NO CONTROLS,NONE DETECTED,Yes,No Apparent Injury,N/A,LOOKED BUT DID NOT SEE,MD,PASSENGER CAR,MAKING LEFT TURN,40,No,2005,CHEVY,VAN,39.01924943,-77.12112705,2022,6,10
220027049,Injury Crash,06/23/2022 10:13:00 AM,UNIVERSITY BLVD E,NA,STRAIGHT MOVEMENT ANGLE,Rain,WET,Daylight,STOP SIGN,NONE DETECTED,Yes,No Apparent Injury,"RAIN, SNOW, WET",NOT DISTRACTED,MD,(SPORT) UTILITY VEHICLE,MOVING CONSTANT SPEED,30,No,2016,FORD,EXPLORER,38.99250517,-76.99152267,2022,6,10
220027049,Injury Crash,06/23/2022 10:13:00 AM,UNIVERSITY BLVD E,NA,STRAIGHT MOVEMENT ANGLE,Rain,WET,Daylight,STOP SIGN,NONE DETECTED,No,Possible Minor Injury,"RAIN, SNOW, WET",NOT DISTRACTED,MD,(SPORT) UTILITY VEHICLE,MOVING CONSTANT SPEED,30,No,2000,TOYOTA,RAV4,38.99250517,-76.99152267,2022,6,10
220027035,Property Damage Crash,06/23/2022 08:28:00 AM,WARING STATION RD,NA,SINGLE VEHICLE,Rain,WET,Daylight,NO CONTROLS,NONE DETECTED,Yes,No Apparent Injury,"RAIN, SNOW, WET",UNKNOWN,XX,PASSENGER CAR,UNKNOWN,30,No,2006,HONDA,CIVIC,39.1554,-77.25449167,2022,6,8
220027030,Property Damage Crash,06/23/2022 07:30:00 AM,SNOUFFERS SCHOOL RD,NA,SAME DIR REAR END,Rain,WET,Daylight,TRAFFIC SIGNAL,NONE DETECTED,Yes,No Apparent Injury,"RAIN, SNOW, WET",LOOKED BUT DID NOT SEE,MD,PASSENGER CAR,SLOWING OR STOPPING,35,No,2004,HONDA,ACCORD,39.18315333,-77.18253833,2022,6,7
220027030,Property Damage Crash,06/23/2022 07:30:00 AM,SNOUFFERS SCHOOL RD,NA,SAME DIR REAR END,Rain,WET,Daylight,TRAFFIC SIGNAL,NONE DETECTED,No,No Apparent Injury,"RAIN, SNOW, WET",NOT DISTRACTED,MD,POLICE VEHICLE/NON EMERGENCY,SLOWING OR STOPPING,35,No,2019,DODGE,CHARGER,39.18315333,-77.18253833,2022,6,7
220027031,Property Damage Crash,06/23/2022 07:23:00 AM,ARLISS ST,NA,OTHER,Rain,WET,Medium,NO CONTROLS,NONE DETECTED,Yes,No Apparent Injury,N/A,UNKNOWN,NA,(SPORT) UTILITY VEHICLE,BACKING,25,No,2016,NISSAN,ROGUE,39.0002677,-77.00163169,2022,6,7
220027019,Injury Crash,06/23/2022 02:06:00 AM,STRINGTOWN RD,NA,SAME DIR REAR END,Rain,WET,Medium,NO CONTROLS,NONE DETECTED,No,Possible Minor Injury,"RAIN, SNOW, WET",NOT DISTRACTED,MD,POLICE VEHICLE/EMERGENCY,NEGOTIATING A CURVE,40,No,2016,FORD,INTERCEPTOR,39.23297333,-77.28320833,2022,6,2
220027019,Injury Crash,06/23/2022 02:06:00 AM,STRINGTOWN RD,NA,SAME DIR REAR END,Rain,WET,Medium,NO CONTROLS,NONE DETECTED,Yes,Possible Minor Injury,"RAIN, SNOW, WET",NOT DISTRACTED,MD,POLICE VEHICLE/EMERGENCY,NEGOTIATING A CURVE,40,No,2016,FORD,INTERCEPTOR,39.23297333,-77.28320833,2022,6,2
220027011,Injury Crash,06/23/2022 12:22:00 AM,MONTGOMERY VILLAGE AVE,NA,STRAIGHT MOVEMENT ANGLE,Rain,WET,Medium,TRAFFIC SIGNAL,NONE DETECTED,Yes,Possible Minor Injury,"RAIN, SNOW, WET",UNKNOWN,MD,(SPORT) UTILITY VEHICLE,MOVING CONSTANT SPEED,35,No,2019,CHEVY,EQUINOX,39.17260667,-77.20361833,2022,6,0
220027011,Injury Crash,06/23/2022 12:22:00 AM,MONTGOMERY VILLAGE AVE,NA,STRAIGHT MOVEMENT ANGLE,Rain,WET,Medium,TRAFFIC SIGNAL,NONE DETECTED,No,No Apparent Injury,"RAIN, SNOW, WET",NOT DISTRACTED,MD,PASSENGER CAR,MOVING CONSTANT SPEED,35,No,2010,TOYOTA,COROLLA,39.17260667,-77.20361833,2022,6,0
220027005,Property Damage Crash,06/22/2022 11:04:00 PM,NEW HAMPSHIRE AVE,NA,HEAD ON LEFT TURN,Rain,WET,Medium,TRAFFIC SIGNAL,NONE DETECTED,No,No Apparent Injury,"N/A, RAIN, SNOW",NOT DISTRACTED,MD,(SPORT) UTILITY VEHICLE,ACCELERATING,45,No,2008,TOYOTA,TK,39.0883955,-76.99942817,2022,6,23
220027005,Property Damage Crash,06/22/2022 11:04:00 PM,NEW HAMPSHIRE AVE,NA,HEAD ON LEFT TURN,Rain,WET,Medium,TRAFFIC SIGNAL,NONE DETECTED,Yes,No Apparent Injury,"N/A, RAIN, SNOW",LOOKED BUT DID NOT SEE,MD,(SPORT) UTILITY VEHICLE,ACCELERATING,45,No,2021,HYUN,UT,39.0883955,-76.99942817,2022,6,23
220027004,Property Damage Crash,06/22/2022 10:57:00 PM,OLNEY SANDY SPRING RD,NA,STRAIGHT MOVEMENT ANGLE,Rain,WET,Medium,TRAFFIC SIGNAL,NONE DETECTED,No,No Apparent Injury,"RAIN, SNOW, WET",NOT DISTRACTED,MD,PICKUP TRUCK,ACCELERATING,35,No,2018,GMC,SIERRA,39.14661833,-77.050515,2022,6,22
220027004,Property Damage Crash,06/22/2022 10:57:00 PM,OLNEY SANDY SPRING RD,NA,STRAIGHT MOVEMENT ANGLE,Rain,WET,Medium,TRAFFIC SIGNAL,NONE DETECTED,Yes,No Apparent Injury,"RAIN, SNOW, WET",NOT DISTRACTED,MD,PASSENGER CAR,SLOWING OR STOPPING,35,No,2007,HYUNDAI,AZERA,39.14661833,-77.050515,2022,6,22
220026993,Injury Crash,06/22/2022 08:50:00 PM,UNIVERSITY BLVD E,PEDESTRIAN,STRAIGHT MOVEMENT ANGLE,Rain,WET,Dark,NO CONTROLS,NONE DETECTED,No,No Apparent Injury,"RAIN, SNOW, WET",NOT DISTRACTED,MD,PASSENGER CAR,MOVING CONSTANT SPEED,30,No,2008,NISS,4S,39.00114405,-76.99546947,2022,6,20
220026990,Injury Crash,06/22/2022 08:15:00 PM,RIVER RD,NA,SINGLE VEHICLE,Rain,WET,Medium,NO CONTROLS,NONE DETECTED,Yes,Possible Minor Injury,"N/A, WET",UNKNOWN,MD,PASSENGER CAR,MOVING CONSTANT SPEED,35,No,2016,HONDA,CRV,38.9843975,-77.13895383,2022,6,20
220026984,Injury Crash,06/22/2022 07:45:00 PM,FREDERICK RD,NA,SAME DIR REAR END,Rain,WET,Daylight,TRAFFIC SIGNAL,NONE DETECTED,No,No Apparent Injury,"RAIN, SNOW, WET",NOT DISTRACTED,MD,PASSENGER CAR,STOPPED IN TRAFFIC LANE,40,No,2015,HYUNDAI,SONATA,39.22254667,-77.2601,2022,6,19
220026984,Injury Crash,06/22/2022 07:45:00 PM,FREDERICK RD,NA,SAME DIR REAR END,Rain,WET,Daylight,TRAFFIC SIGNAL,NONE DETECTED,Yes,Possible Minor Injury,"RAIN, SNOW, WET",UNKNOWN,MD,PASSENGER CAR,SLOWING OR STOPPING,40,No,2011,FORD,FOCUS,39.22254667,-77.2601,2022,6,19
220026965,Property Damage Crash,06/22/2022 06:22:00 PM,ROCKVILLE PIKE,NA,SAME DIR REAR END,Rain,WET,Daylight,TRAFFIC SIGNAL,NONE DETECTED,No,No Apparent Injury,"N/A, WET",NOT DISTRACTED,DC,PASSENGER CAR,SLOWING OR STOPPING,45,No,2021,TOYOTA,RAV4,39.02489667,-77.10334167,2022,6,18
220026965,Property Damage Crash,06/22/2022 06:22:00 PM,ROCKVILLE PIKE,NA,SAME DIR REAR END,Rain,WET,Daylight,TRAFFIC SIGNAL,NONE DETECTED,Yes,No Apparent Injury,"N/A, WET",NOT DISTRACTED,MD,PASSENGER CAR,SLOWING OR STOPPING,45,No,2011,FORD,TARUSIS,39.02489667,-77.10334167,2022,6,18
220026964,Property Damage Crash,06/22/2022 06:02:00 PM,UNIVERSITY BLVD W,NA,SAME DIR REAR END,Clear,DRY,Daylight,NO CONTROLS,NONE DETECTED,Yes,No Apparent Injury,N/A,NOT DISTRACTED,MD,PASSENGER CAR,STOPPED IN TRAFFIC LANE,30,No,2005,BMW,X5,39.02578333,-77.02005333,2022,6,18
220026964,Property Damage Crash,06/22/2022 06:02:00 PM,UNIVERSITY BLVD W,NA,SAME DIR REAR END,Clear,DRY,Daylight,NO CONTROLS,NONE DETECTED,No,No Apparent Injury,N/A,NOT DISTRACTED,MD,PASSENGER CAR,MOVING CONSTANT SPEED,30,No,2016,CHEV,MALIBU,39.02578333,-77.02005333,2022,6,18
220027111,Property Damage Crash,06/22/2022 06:00:00 PM,WISCONSIN AVE,NA,SAME DIR REAR END,Clear,WET,Daylight,NO CONTROLS,NONE DETECTED,Yes,No Apparent Injury,N/A,UNKNOWN,NA,(SPORT) UTILITY VEHICLE,UNKNOWN,25,No,2019,MAZDA,CX3,38.98533882,-77.09436824,2022,6,18
220027111,Property Damage Crash,06/22/2022 06:00:00 PM,WISCONSIN AVE,NA,SAME DIR REAR END,Clear,WET,Daylight,NO CONTROLS,NONE DETECTED,No,No Apparent Injury,N/A,NOT DISTRACTED,MD,PASSENGER CAR,MOVING CONSTANT SPEED,25,No,2011,HYUNDAI,STATION WAGON,38.98533882,-77.09436824,2022,6,18
220026950,Property Damage Crash,06/22/2022 05:00:00 PM,E RANDOLPH RD,NA,STRAIGHT MOVEMENT ANGLE,Cloudy,DRY,Daylight,TRAFFIC SIGNAL,NONE DETECTED,Yes,No Apparent Injury,N/A,LOOKED BUT DID NOT SEE,MD,(SPORT) UTILITY VEHICLE,MAKING LEFT TURN,25,No,2018,TOYT,TK,39.06777209,-76.98575968,2022,6,17
220026950,Property Damage Crash,06/22/2022 05:00:00 PM,E RANDOLPH RD,NA,STRAIGHT MOVEMENT ANGLE,Cloudy,DRY,Daylight,TRAFFIC SIGNAL,NONE DETECTED,No,No Apparent Injury,N/A,NOT DISTRACTED,MD,STATION WAGON,MOVING CONSTANT SPEED,35,No,2010,HOND,TK,39.06777209,-76.98575968,2022,6,17
220026950,Property Damage Crash,06/22/2022 05:00:00 PM,E RANDOLPH RD,NA,STRAIGHT MOVEMENT ANGLE,Cloudy,DRY,Daylight,TRAFFIC SIGNAL,NONE DETECTED,No,No Apparent Injury,N/A,NOT DISTRACTED,MD,(SPORT) UTILITY VEHICLE,MOVING CONSTANT SPEED,35,No,2007,MERZ,TK,39.06777209,-76.98575968,2022,6,17
220026952,Injury Crash,06/22/2022 04:37:00 PM,PINEY BRANCH RD,NA,STRAIGHT MOVEMENT ANGLE,Rain,WET,Daylight,TRAFFIC SIGNAL,NONE DETECTED,No,No Apparent Injury,"RAIN, SNOW, WET",NOT DISTRACTED,MD,PASSENGER CAR,MOVING CONSTANT SPEED,30,No,2021,CHEV,UT,38.99844977,-77.00231458,2022,6,16
220026952,Injury Crash,06/22/2022 04:37:00 PM,PINEY BRANCH RD,NA,STRAIGHT MOVEMENT ANGLE,Rain,WET,Daylight,TRAFFIC SIGNAL,NONE DETECTED,Yes,Possible Minor Injury,"RAIN, SNOW, WET",LOOKED BUT DID NOT SEE,US,PASSENGER CAR,MAKING LEFT TURN,30,No,2014,TOYOTA,RAV4,38.99844977,-77.00231458,2022,6,16
220026947,Property Damage Crash,06/22/2022 04:21:00 PM,GEORGIA AVE,NA,SAME DIRECTION LEFT TURN,Rain,WET,Daylight,NO CONTROLS,NONE DETECTED,No,No Apparent Injury,N/A,NOT DISTRACTED,XX,PASSENGER CAR,MOVING CONSTANT SPEED,30,No,2005,HONDA,CIVIC,39.00792817,-77.0402205,2022,6,16
220026947,Property Damage Crash,06/22/2022 04:21:00 PM,GEORGIA AVE,NA,SAME DIRECTION LEFT TURN,Rain,WET,Daylight,NO CONTROLS,NONE DETECTED,Yes,No Apparent Injury,N/A,LOOKED BUT DID NOT SEE,MD,PASSENGER CAR,MOVING CONSTANT SPEED,35,No,2016,CHEV,SONIC,39.00792817,-77.0402205,2022,6,16
220026939,Injury Crash,06/22/2022 03:35:00 PM,W EDMONSTON DR,NA,SAME DIRECTION RIGHT TURN,Clear,DRY,Daylight,NO CONTROLS,NONE DETECTED,Yes,No Apparent Injury,N/A,LOOKED BUT DID NOT SEE,VA,PICKUP TRUCK,MAKING RIGHT TURN,25,No,2020,JEEP,GLADIATOR,39.07419667,-77.136545,2022,6,15
220026939,Injury Crash,06/22/2022 03:35:00 PM,W EDMONSTON DR,NA,SAME DIRECTION RIGHT TURN,Clear,DRY,Daylight,NO CONTROLS,NONE DETECTED,No,Possible Minor Injury,N/A,NOT DISTRACTED,MD,PASSENGER CAR,ACCELERATING,25,No,2019,SUBARU,SW,39.07419667,-77.136545,2022,6,15
220026943,Injury Crash,06/22/2022 03:26:00 PM,GAITHER RD,NA,OTHER,Rain,WET,Daylight,N/A,NONE DETECTED,No,Possible Minor Injury,"RAIN, SNOW, WET",NOT DISTRACTED,MD,PASSENGER CAR,MOVING CONSTANT SPEED,35,No,2013,MERZ,CN,39.11726333,-77.18558167,2022,6,15
220026943,Injury Crash,06/22/2022 03:26:00 PM,GAITHER RD,NA,OTHER,Rain,WET,Daylight,N/A,NONE DETECTED,Yes,No Apparent Injury,"RAIN, SNOW, WET",UNKNOWN,MD,PASSENGER CAR,MAKING LEFT TURN,35,No,2021,TOYOTA,RAV4,39.11726333,-77.18558167,2022,6,15
220026938,Property Damage Crash,06/22/2022 03:17:00 PM,NA,NA,STRAIGHT MOVEMENT ANGLE,Cloudy,NA,Daylight,NO CONTROLS,NONE DETECTED,Yes,No Apparent Injury,N/A,NOT DISTRACTED,MD,PASSENGER CAR,MOVING CONSTANT SPEED,0,No,2014,TOYOTA,CAMRY,39.06509033,-77.12750517,2022,6,15
220026924,Property Damage Crash,06/22/2022 02:00:00 PM,MONTROSE PKWY,NA,OPPOSITE DIRECTION SIDESWIPE,Cloudy,WET,Daylight,N/A,NONE DETECTED,No,No Apparent Injury,"N/A, WET",NOT DISTRACTED,MD,VAN,MOVING CONSTANT SPEED,35,No,2014,MERZ,VAN,39.051319,-77.13349467,2022,6,14
220026924,Property Damage Crash,06/22/2022 02:00:00 PM,MONTROSE PKWY,NA,OPPOSITE DIRECTION SIDESWIPE,Cloudy,WET,Daylight,N/A,NONE DETECTED,Yes,No Apparent Injury,"N/A, WET",NOT DISTRACTED,MD,(SPORT) UTILITY VEHICLE,MOVING CONSTANT SPEED,35,No,2006,TOYOTA,SEQUOIA,39.051319,-77.13349467,2022,6,14
220026961,Injury Crash,06/22/2022 01:55:00 PM,RIVER RD,NA,HEAD ON,Rain,WET,Daylight,NO CONTROLS,NONE DETECTED,No,Possible Minor Injury,"RAIN, SNOW, WET",NOT DISTRACTED,MD,PASSENGER CAR,STOPPED IN TRAFFIC LANE,30,No,2020,HONDA,ACCORD,39.01404143,-77.20329318,2022,6,13
220026961,Injury Crash,06/22/2022 01:55:00 PM,RIVER RD,NA,HEAD ON,Rain,WET,Daylight,NO CONTROLS,NONE DETECTED,Yes,Possible Minor Injury,"RAIN, SNOW, WET",INATTENTIVE OR LOST IN THOUGHT,MD,PASSENGER CAR,MAKING RIGHT TURN,35,No,2017,HONDA,ACCORD,39.01404143,-77.20329318,2022,6,13
220026930,Property Damage Crash,06/22/2022 01:47:00 PM,WOODFIELD RD,NA,SAME DIR REAR END,Clear,DRY,Daylight,NO CONTROLS,NONE DETECTED,No,No Apparent Injury,N/A,NOT DISTRACTED,MD,PASSENGER CAR,SLOWING OR STOPPING,40,No,2014,FORD,FOCUS,39.19186833,-77.15218833,2022,6,13
220026930,Property Damage Crash,06/22/2022 01:47:00 PM,WOODFIELD RD,NA,SAME DIR REAR END,Clear,DRY,Daylight,NO CONTROLS,NONE DETECTED,Yes,No Apparent Injury,N/A,LOOKED BUT DID NOT SEE,MD,PASSENGER CAR,SLOWING OR STOPPING,40,No,2011,CHEV,CRUZE,39.19186833,-77.15218833,2022,6,13
220026919,Property Damage Crash,06/22/2022 01:36:00 PM,NA,NA,OTHER,Clear,NA,Daylight,NO CONTROLS,NONE DETECTED,Yes,No Apparent Injury,N/A,LOOKED BUT DID NOT SEE,MD,PASSENGER CAR,BACKING,15,No,2006,TOYOTA,SIENNA,39.10606117,-77.15917533,2022,6,13
220026911,Property Damage Crash,06/22/2022 01:00:00 PM,BRIGGS CHANEY RD,NA,STRAIGHT MOVEMENT ANGLE,Clear,DRY,Daylight,TRAFFIC SIGNAL,NONE DETECTED,No,No Apparent Injury,N/A,NOT DISTRACTED,VA,PASSENGER CAR,MAKING LEFT TURN,30,No,2013,NISSAN,ALTIMA,39.08282,-76.94816333,2022,6,13
220026911,Property Damage Crash,06/22/2022 01:00:00 PM,BRIGGS CHANEY RD,NA,STRAIGHT MOVEMENT ANGLE,Clear,DRY,Daylight,TRAFFIC SIGNAL,NONE DETECTED,Yes,No Apparent Injury,N/A,LOOKED BUT DID NOT SEE,MD,PASSENGER CAR,MOVING CONSTANT SPEED,30,No,2021,TOYT,CAMRY,39.08282,-76.94816333,2022,6,13
220026898,Property Damage Crash,06/22/2022 12:15:00 PM,MIDCOUNTY HWY,NA,SINGLE VEHICLE,Clear,DRY,Daylight,NO CONTROLS,NONE DETECTED,Yes,No Apparent Injury,"DEBRIS OR OBSTRUCTION, N/A",NOT DISTRACTED,MD,POLICE VEHICLE/NON EMERGENCY,MOVING CONSTANT SPEED,45,No,2016,FORD,INTERCEPTOR,39.14357833,-77.16065,2022,6,12
220026896,Injury Crash,06/22/2022 12:12:00 PM,CONNECTICUT AVE,NA,STRAIGHT MOVEMENT ANGLE,Clear,DRY,Daylight,STOP SIGN,NONE DETECTED,No,No Apparent Injury,N/A,NOT DISTRACTED,MD,PICKUP TRUCK,MOVING CONSTANT SPEED,45,No,2015,FORD,F550,39.06923667,-77.07578,2022,6,12
220026896,Injury Crash,06/22/2022 12:12:00 PM,CONNECTICUT AVE,NA,STRAIGHT MOVEMENT ANGLE,Clear,DRY,Daylight,STOP SIGN,NONE DETECTED,Yes,Possible Minor Injury,N/A,LOOKED BUT DID NOT SEE,MD,PASSENGER CAR,MAKING LEFT TURN,25,No,2020,TOYT,COROLLA,39.06923667,-77.07578,2022,6,12
220026900,Property Damage Crash,06/22/2022 12:10:00 PM,W GUDE DR,NA,SAME DIRECTION RIGHT TURN,Clear,DRY,Daylight,NO CONTROLS,NONE DETECTED,Yes,No Apparent Injury,N/A,UNKNOWN,MD,PASSENGER CAR,ACCELERATING,40,No,2011,CADI,SRX,39.0791168,-77.0899968,2022,6,12
220026900,Property Damage Crash,06/22/2022 12:10:00 PM,W GUDE DR,NA,SAME DIRECTION RIGHT TURN,Clear,DRY,Daylight,NO CONTROLS,NONE DETECTED,No,No Apparent Injury,N/A,NOT DISTRACTED,MD,FIRE VEHICLE/EMERGENCY,SLOWING OR STOPPING,40,No,2019,PIRC,FIRETRK,39.0791168,-77.0899968,2022,6,12
220026904,Property Damage Crash,06/22/2022 11:27:00 AM,NEBEL ST,NA,SAME DIR REAR END,Clear,N/A,Daylight,PERSON,NONE DETECTED,Yes,No Apparent Injury,N/A,UNKNOWN,MD,PASSENGER CAR,MOVING CONSTANT SPEED,30,No,2003,NISSAN,XTERRA,39.0468683,-77.10517048,2022,6,11
220026904,Property Damage Crash,06/22/2022 11:27:00 AM,NEBEL ST,NA,SAME DIR REAR END,Clear,N/A,Daylight,PERSON,NONE DETECTED,No,No Apparent Injury,N/A,NOT DISTRACTED,MD,PASSENGER CAR,SLOWING OR STOPPING,30,No,2012,HONDA,ACCORD,39.0468683,-77.10517048,2022,6,11
220026879,Injury Crash,06/22/2022 10:52:00 AM,UNIVERSITY BLVD E,NA,STRAIGHT MOVEMENT ANGLE,Cloudy,DRY,Daylight,NO CONTROLS,NONE DETECTED,Yes,No Apparent Injury,N/A,UNKNOWN,MD,(SPORT) UTILITY VEHICLE,MOVING CONSTANT SPEED,35,No,2020,TESLA,MODEL X,38.99263397,-76.99154821,2022,6,10