Local Case Number,ACRS Report Type,Crash Date/Time,Road Name,Related Non-Motorist,Collision Type,Weather,Surface Condition,Light,Traffic Control,Driver Substance Abuse,Driver At Fault,Injury Severity,Circumstance,Driver Distracted By,Drivers License State,Vehicle Body Type,Vehicle Movement,Speed Limit,Driverless Vehicle,Vehicle Year,Vehicle Make,Vehicle Model,Latitude,Longitude,Year,Month,Hour
220026517,Property Damage Crash,06/20/2022 05:20:00 AM,ROCKVILLE PIKE,NA,SAME DIR REAR END,Clear,DRY,Medium,TRAFFIC SIGNAL,NONE DETECTED,No,No Apparent Injury,N/A,NOT DISTRACTED,MD,PASSENGER CAR,STOPPED IN TRAFFIC LANE,35,No,2014,JEEP,GRAND CHEROKEE,39.00634833,-77.09787333,2022,6,5
220026517,Property Damage Crash,06/20/2022 05:20:00 AM,ROCKVILLE PIKE,NA,SAME DIR REAR END,Clear,DRY,Medium,TRAFFIC SIGNAL,NONE DETECTED,Yes,No Apparent Injury,N/A,NOT DISTRACTED,WA,PASSENGER CAR,MOVING CONSTANT SPEED,35,No,2019,JEEP,GRAND CHEROKEE,39.00634833,-77.09787333,2022,6,5
220026509,Property Damage Crash,06/20/2022 02:15:00 AM,ROCKVILLE PIKE,NA,SAME DIR REAR END,Clear,DRY,Medium,NO CONTROLS,NONE DETECTED,No,No Apparent Injury,N/A,NOT DISTRACTED,MD,PASSENGER CAR,MOVING CONSTANT SPEED,40,No,2015,HOND,4S,39.04283,-77.110785,2022,6,2
220026509,Property Damage Crash,06/20/2022 02:15:00 AM,ROCKVILLE PIKE,NA,SAME DIR REAR END,Clear,DRY,Medium,NO CONTROLS,ALCOHOL PRESENT,Yes,No Apparent Injury,N/A,DISTRACTED BY OUTSIDE PERSON OBJECT OR EVENT,MD,PASSENGER CAR,MOVING CONSTANT SPEED,40,No,2021,TOYT,UT,39.04283,-77.110785,2022,6,2
220026510,Property Damage Crash,06/20/2022 01:50:00 AM,ARCTIC AVE,NA,SAME DIR REAR END,Clear,DRY,Medium,NO CONTROLS,ALCOHOL PRESENT,Yes,No Apparent Injury,N/A,NOT DISTRACTED,MD,PASSENGER CAR,MOVING CONSTANT SPEED,30,No,2010,HYUNDI,SUV,39.08850167,-77.09465167,2022,6,1
220026505,Property Damage Crash,06/20/2022 01:31:00 AM,OLD COLUMBIA PIKE,NA,STRAIGHT MOVEMENT ANGLE,Clear,DRY,Medium,FLASHING TRAFFIC SIGNAL,ALCOHOL PRESENT,Yes,No Apparent Injury,N/A,UNKNOWN,MD,PASSENGER CAR,MOVING CONSTANT SPEED,40,No,2003,FORD,F250,39.07627552,-76.95784353,2022,6,1
220026505,Property Damage Crash,06/20/2022 01:31:00 AM,OLD COLUMBIA PIKE,NA,STRAIGHT MOVEMENT ANGLE,Clear,DRY,Medium,FLASHING TRAFFIC SIGNAL,NONE DETECTED,No,No Apparent Injury,N/A,NOT DISTRACTED,MD,PASSENGER CAR,MOVING CONSTANT SPEED,35,No,2015,NISSAN,ROGUE,39.07627552,-76.95784353,2022,6,1
220026502,Property Damage Crash,06/20/2022 12:45:00 AM,NA,NA,OTHER,Clear,NA,Dark,NO CONTROLS,NONE DETECTED,Yes,No Apparent Injury,N/A,UNKNOWN,VA,PASSENGER CAR,BACKING,0,No,2002,BUICK,RENDEZVOUS,39.018355,-77.013315,2022,6,0
220026502,Property Damage Crash,06/20/2022 12:45:00 AM,NA,NA,OTHER,Clear,NA,Dark,NO CONTROLS,NONE DETECTED,No,No Apparent Injury,N/A,NOT DISTRACTED,MD,POLICE VEHICLE/NON EMERGENCY,PARKED,0,No,2018,FORD,INTERCEPTOR,39.018355,-77.013315,2022,6,0
220026495,Injury Crash,06/19/2022 11:00:00 PM,CLOPPER RD,NA,HEAD ON LEFT TURN,Clear,DRY,Medium,TRAFFIC SIGNAL,NONE DETECTED,Yes,Possible Minor Injury,N/A,UNKNOWN,MD,PASSENGER CAR,MOVING CONSTANT SPEED,35,No,2018,JEEP,GRAND CHEROKEE,39.1476056,-77.23275103,2022,6,23
220026495,Injury Crash,06/19/2022 11:00:00 PM,CLOPPER RD,NA,HEAD ON LEFT TURN,Clear,DRY,Medium,TRAFFIC SIGNAL,NONE DETECTED,No,Possible Minor Injury,N/A,NOT DISTRACTED,MD,PASSENGER CAR,MOVING CONSTANT SPEED,35,No,2017,MINI,2S,39.1476056,-77.23275103,2022,6,23
220026476,Injury Crash,06/19/2022 07:54:00 PM,W GUDE DR,NA,SAME DIR REAR END,Clear,DRY,Daylight,N/A,NONE DETECTED,No,No Apparent Injury,N/A,NOT DISTRACTED,MD,PASSENGER CAR,MOVING CONSTANT SPEED,40,No,2011,CHEVROLET,MALIBU,39.10675521,-77.16369968,2022,6,19
220026476,Injury Crash,06/19/2022 07:54:00 PM,W GUDE DR,NA,SAME DIR REAR END,Clear,DRY,Daylight,N/A,NONE DETECTED,Yes,No Apparent Injury,N/A,OTHER CELLULAR PHONE RELATED,MD,PASSENGER CAR,MOVING CONSTANT SPEED,40,No,2019,NISSAN,SENTRA,39.10675521,-77.16369968,2022,6,19
220026476,Injury Crash,06/19/2022 07:54:00 PM,W GUDE DR,NA,SAME DIR REAR END,Clear,DRY,Daylight,N/A,NONE DETECTED,No,Possible Minor Injury,N/A,NOT DISTRACTED,MD,PASSENGER CAR,MOVING CONSTANT SPEED,40,No,2018,TOYOTA,RAV4,39.10675521,-77.16369968,2022,6,19
220026472,Property Damage Crash,06/19/2022 07:25:00 PM,MONTGOMERY VILLAGE AVE,NA,SAME DIR REAR END,Clear,DRY,Daylight,TRAFFIC SIGNAL,NONE DETECTED,No,No Apparent Injury,N/A,NOT DISTRACTED,MD,PASSENGER CAR,SLOWING OR STOPPING,35,No,2019,KIA,FORTE,39.17107402,-77.20406185,2022,6,19
220026472,Property Damage Crash,06/19/2022 07:25:00 PM,MONTGOMERY VILLAGE AVE,NA,SAME DIR REAR END,Clear,DRY,Daylight,TRAFFIC SIGNAL,NONE DETECTED,Yes,No Apparent Injury,N/A,UNKNOWN,MD,PASSENGER CAR,SLOWING OR STOPPING,35,No,2000,HONDA,ODDESSEY,39.17107402,-77.20406185,2022,6,19
220026443,Property Damage Crash,06/19/2022 03:26:00 PM,NA,NA,OTHER,Clear,NA,Daylight,N/A,NONE DETECTED,Yes,No Apparent Injury,N/A,UNKNOWN,NA,PASSENGER CAR,BACKING,25,No,2015,KIA,TK,39.05208333,-77.05026333,2022,6,15
220026443,Property Damage Crash,06/19/2022 03:26:00 PM,NA,NA,OTHER,Clear,NA,Daylight,N/A,NONE DETECTED,No,No Apparent Injury,N/A,NOT DISTRACTED,MD,PASSENGER CAR,MOVING CONSTANT SPEED,25,No,2013,KIA,4D,39.05208333,-77.05026333,2022,6,15
220026448,Property Damage Crash,06/19/2022 03:01:00 PM,COLUMBIA PIKE,NA,SINGLE VEHICLE,Clear,WET,Daylight,NO CONTROLS,NONE DETECTED,Yes,No Apparent Injury,N/A,NOT DISTRACTED,DC,(SPORT) UTILITY VEHICLE,MOVING CONSTANT SPEED,55,No,2014,KIA,SOUL,39.13089601,-76.92011611,2022,6,15
220026434,Injury Crash,06/19/2022 02:32:00 PM,BARNESVILLE RD,NA,ANGLE MEETS LEFT TURN,Clear,DRY,Daylight,STOP SIGN,NONE DETECTED,Yes,Possible Minor Injury,N/A,UNKNOWN,MD,(SPORT) UTILITY VEHICLE,ACCELERATING,30,No,2001,MERZ,MI350,39.22082333,-77.37792,2022,6,14
220026434,Injury Crash,06/19/2022 02:32:00 PM,BARNESVILLE RD,NA,ANGLE MEETS LEFT TURN,Clear,DRY,Daylight,STOP SIGN,NONE DETECTED,No,Possible Minor Injury,N/A,NOT DISTRACTED,MD,MOTORCYCLE,STARTING FROM LANE,30,No,2022,ROEN,METEOR 350,39.22082333,-77.37792,2022,6,14
220026411,Injury Crash,06/19/2022 10:30:00 AM,CONNECTICUT AVE,NA,SAME DIR REAR END,Clear,DRY,Daylight,NO CONTROLS,NONE DETECTED,Yes,No Apparent Injury,N/A,LOOKED BUT DID NOT SEE,MD,PASSENGER CAR,MOVING CONSTANT SPEED,25,No,2009,HONDA,ACCORD,38.98397,-77.07721167,2022,6,10
220026411,Injury Crash,06/19/2022 10:30:00 AM,CONNECTICUT AVE,NA,SAME DIR REAR END,Clear,DRY,Daylight,NO CONTROLS,NONE DETECTED,No,No Apparent Injury,N/A,NOT DISTRACTED,MD,PASSENGER CAR,SLOWING OR STOPPING,25,No,2013,FORD,EXPLORER,38.98397,-77.07721167,2022,6,10
220026432,Injury Crash,06/19/2022 07:00:00 AM,EAST WEST HWY,PEDESTRIAN,OTHER,Clear,DRY,Daylight,TRAFFIC SIGNAL,NONE DETECTED,Yes,No Apparent Injury,N/A,UNKNOWN,MD,PASSENGER CAR,MAKING LEFT TURN,30,No,2016,FORD,FUSION S,38.99374076,-77.05190853,2022,6,7
220026393,Property Damage Crash,06/19/2022 03:24:00 AM,CAPITAL BELTWAY,NA,SAME DIRECTION LEFT TURN,Clear,DRY,Medium,NO CONTROLS,NONE DETECTED,Yes,No Apparent Injury,N/A,NOT DISTRACTED,NA,PASSENGER CAR,MOVING CONSTANT SPEED,55,No,2004,ACURA,RDX,39.016865,-77.02557167,2022,6,3
220026393,Property Damage Crash,06/19/2022 03:24:00 AM,CAPITAL BELTWAY,NA,SAME DIRECTION LEFT TURN,Clear,DRY,Medium,NO CONTROLS,NONE DETECTED,No,No Apparent Injury,N/A,NOT DISTRACTED,MD,PASSENGER CAR,MOVING CONSTANT SPEED,55,No,2015,SUBARU,WRX,39.016865,-77.02557167,2022,6,3
220026397,Property Damage Crash,06/19/2022 03:21:00 AM,NEW HAMPSHIRE AVE,NA,SAME DIRECTION SIDESWIPE,Clear,DRY,Medium,NO CONTROLS,NONE DETECTED,No,No Apparent Injury,N/A,NOT DISTRACTED,SC,PASSENGER CAR,MOVING CONSTANT SPEED,45,No,2015,KIA,SOUL,39.02444833,-76.97932333,2022,6,3
220026397,Property Damage Crash,06/19/2022 03:21:00 AM,NEW HAMPSHIRE AVE,NA,SAME DIRECTION SIDESWIPE,Clear,DRY,Medium,NO CONTROLS,ALCOHOL PRESENT,Yes,No Apparent Injury,N/A,UNKNOWN,DC,PASSENGER CAR,CHANGING LANES,45,No,2015,HYUNDAI,SONATA,39.02444833,-76.97932333,2022,6,3
220026379,Injury Crash,06/18/2022 11:44:00 PM,COLUMBIA PIKE,NA,ANGLE MEETS LEFT HEAD ON,Clear,DRY,Medium,TRAFFIC SIGNAL,NONE DETECTED,Yes,No Apparent Injury,N/A,UNKNOWN,MD,PASSENGER CAR,MAKING LEFT TURN,50,No,2006,TOYOTA,CAMRY,39.09555167,-76.93766,2022,6,23
220026379,Injury Crash,06/18/2022 11:44:00 PM,COLUMBIA PIKE,NA,ANGLE MEETS LEFT HEAD ON,Clear,DRY,Medium,TRAFFIC SIGNAL,NONE DETECTED,No,Possible Minor Injury,N/A,NOT DISTRACTED,MD,PASSENGER CAR,MOVING CONSTANT SPEED,50,No,2016,HONDA,ACCORD,39.09555167,-76.93766,2022,6,23
220026375,Property Damage Crash,06/18/2022 10:59:00 PM,GARLAND AVE,NA,HEAD ON,Clear,DRY,Medium,NO CONTROLS,ALCOHOL PRESENT,Yes,No Apparent Injury,N/A,NOT DISTRACTED,MD,PASSENGER CAR,UNKNOWN,30,No,2005,TOYOTA,TACOMA,38.992715,-77.000205,2022,6,22
220026374,Injury Crash,06/18/2022 10:50:00 PM,RANDOLPH RD,NA,STRAIGHT MOVEMENT ANGLE,Clear,DRY,Medium,STOP SIGN,NONE DETECTED,No,Possible Minor Injury,N/A,NOT DISTRACTED,MD,PASSENGER CAR,ACCELERATING,35,No,2017,HYUN,4S,39.05849,-77.070965,2022,6,22
220026374,Injury Crash,06/18/2022 10:50:00 PM,RANDOLPH RD,NA,STRAIGHT MOVEMENT ANGLE,Clear,DRY,Medium,STOP SIGN,NONE DETECTED,Yes,Possible Minor Injury,N/A,NOT DISTRACTED,MD,PASSENGER CAR,MOVING CONSTANT SPEED,30,No,2016,HOND,4S,39.05849,-77.070965,2022,6,22
220026365,Property Damage Crash,06/18/2022 09:15:00 PM,NEW HAMPSHIRE AVE,NA,SAME DIR REAR END,Clear,DRY,Medium,NO CONTROLS,ALCOHOL PRESENT,Yes,No Apparent Injury,N/A,UNKNOWN,MD,VAN,MOVING CONSTANT SPEED,40,No,2019,CHEVERLOT,EXPRESS,39.05958833,-76.99772333,2022,6,21
220026365,Property Damage Crash,06/18/2022 09:15:00 PM,NEW HAMPSHIRE AVE,NA,SAME DIR REAR END,Clear,DRY,Medium,NO CONTROLS,NONE DETECTED,No,No Apparent Injury,N/A,NOT DISTRACTED,MD,PASSENGER CAR,SLOWING OR STOPPING,40,No,2020,NISSAN,MAXIMA,39.05958833,-76.99772333,2022,6,21
220026352,Injury Crash,06/18/2022 07:30:00 PM,NEW HAMPSHIRE AVE,NA,OTHER,Clear,DRY,Daylight,N/A,NONE DETECTED,Yes,No Apparent Injury,N/A,NOT DISTRACTED,MD,PASSENGER CAR,SLOWING OR STOPPING,40,No,2013,HYUNDAI,ELANTRA,39.095948,-77.002328,2022,6,19
220026352,Injury Crash,06/18/2022 07:30:00 PM,NEW HAMPSHIRE AVE,NA,OTHER,Clear,DRY,Daylight,N/A,NONE DETECTED,No,Possible Minor Injury,N/A,NOT DISTRACTED,MD,PASSENGER CAR,ACCELERATING,30,No,2008,HONDA,ACCORD,39.095948,-77.002328,2022,6,19
220026352,Injury Crash,06/18/2022 07:30:00 PM,NEW HAMPSHIRE AVE,NA,OTHER,Clear,DRY,Daylight,N/A,NONE DETECTED,No,Possible Minor Injury,N/A,NOT DISTRACTED,MD,PASSENGER CAR,ACCELERATING,30,No,2014,TOYOTA,CAMRY,39.095948,-77.002328,2022,6,19
220026352,Injury Crash,06/18/2022 07:30:00 PM,NEW HAMPSHIRE AVE,NA,OTHER,Clear,DRY,Daylight,N/A,NONE DETECTED,No,No Apparent Injury,N/A,NOT DISTRACTED,MD,(SPORT) UTILITY VEHICLE,SLOWING OR STOPPING,30,No,2019,HYUDAI,KONA,39.095948,-77.002328,2022,6,19
220026352,Injury Crash,06/18/2022 07:30:00 PM,NEW HAMPSHIRE AVE,NA,OTHER,Clear,DRY,Daylight,N/A,NONE DETECTED,No,No Apparent Injury,N/A,NOT DISTRACTED,MD,(SPORT) UTILITY VEHICLE,STARTING FROM LANE,30,No,2018,VOLVO,ATLAS,39.095948,-77.002328,2022,6,19
220027001,Property Damage Crash,06/18/2022 06:30:00 PM,GEORGIA AVE,NA,SINGLE VEHICLE,Clear,DRY,Daylight,N/A,NONE DETECTED,Yes,No Apparent Injury,N/A,NOT DISTRACTED,MD,POLICE VEHICLE/NON EMERGENCY,MOVING CONSTANT SPEED,40,No,2014,DODGE,CHARGER,39.08438475,-77.07839162,2022,6,18
220026337,Property Damage Crash,06/18/2022 05:50:00 PM,PINEY BRANCH RD,NA,OTHER,Clear,DRY,Daylight,NO CONTROLS,NONE DETECTED,Yes,No Apparent Injury,N/A,UNKNOWN,NA,(SPORT) UTILITY VEHICLE,MOVING CONSTANT SPEED,30,No,2021,TOYOTA,HIGHLANDER,38.98753333,-77.01248167,2022,6,17
220026332,Property Damage Crash,06/18/2022 05:37:00 PM,NA,NA,OTHER,Clear,NA,Daylight,NO CONTROLS,NONE DETECTED,Yes,No Apparent Injury,N/A,NOT DISTRACTED,MD,PASSENGER CAR,MOVING CONSTANT SPEED,35,No,2022,HYUNDI,VELOSTAR,39.18470667,-77.31433167,2022,6,17
220026330,Property Damage Crash,06/18/2022 05:23:00 PM,NA,NA,OTHER,Clear,NA,Daylight,NO CONTROLS,NONE DETECTED,No,No Apparent Injury,N/A,NOT DISTRACTED,DC,(SPORT) UTILITY VEHICLE,PARKED,0,No,2015,TOYOTA,HIGHLANDER,39.02787933,-77.14460083,2022,6,17
220026330,Property Damage Crash,06/18/2022 05:23:00 PM,NA,NA,OTHER,Clear,NA,Daylight,NO CONTROLS,NONE DETECTED,Yes,No Apparent Injury,N/A,UNKNOWN,NA,(SPORT) UTILITY VEHICLE,BACKING,0,No,2021,HONDA,PILOT,39.02787933,-77.14460083,2022,6,17
220026322,Injury Crash,06/18/2022 04:35:00 PM,EAST VILLAGE AVE,NA,SAME DIR REAR END,Clear,DRY,Daylight,N/A,NONE DETECTED,No,Possible Minor Injury,N/A,UNKNOWN,MD,MOTORCYCLE,MOVING CONSTANT SPEED,30,No,2019,HARLEY DAVIDSON,XL1200X FORTY EIGHT,39.18682333,-77.17010333,2022,6,16
220026322,Injury Crash,06/18/2022 04:35:00 PM,EAST VILLAGE AVE,NA,SAME DIR REAR END,Clear,DRY,Daylight,N/A,NONE DETECTED,Yes,No Apparent Injury,N/A,UNKNOWN,MD,(SPORT) UTILITY VEHICLE,ACCELERATING,30,No,2022,KIA,SORENTO,39.18682333,-77.17010333,2022,6,16
220026316,Property Damage Crash,06/18/2022 04:25:00 PM,NA,NA,SINGLE VEHICLE,Clear,NA,Daylight,NO CONTROLS,NONE DETECTED,Yes,No Apparent Injury,N/A,UNKNOWN,MD,POLICE VEHICLE/NON EMERGENCY,BACKING,15,No,2021,FORD,EXPLORER,39.12872667,-77.20564667,2022,6,16
220026317,Injury Crash,06/18/2022 04:18:00 PM,BEL PRE RD,NA,STRAIGHT MOVEMENT ANGLE,Clear,N/A,Daylight,NO CONTROLS,NONE DETECTED,Yes,No Apparent Injury,N/A,LOOKED BUT DID NOT SEE,CA,PASSENGER CAR,MAKING LEFT TURN,35,No,2012,HONDA,CIVIC,39.09072,-77.04626167,2022,6,16
220026317,Injury Crash,06/18/2022 04:18:00 PM,BEL PRE RD,NA,STRAIGHT MOVEMENT ANGLE,Clear,N/A,Daylight,NO CONTROLS,NONE DETECTED,No,Possible Minor Injury,N/A,NOT DISTRACTED,MD,PASSENGER CAR,MOVING CONSTANT SPEED,35,No,2009,ACURA,MDX,39.09072,-77.04626167,2022,6,16
220026321,Property Damage Crash,06/18/2022 04:15:00 PM,NA,NA,OPPOSITE DIRECTION SIDESWIPE,Clear,NA,Daylight,N/A,NONE DETECTED,Yes,No Apparent Injury,N/A,UNKNOWN,NA,PASSENGER CAR,STARTING FROM PARKED,0,No,2013,HONDA,ACCORD,39.1270661,-77.3140425,2022,6,16
220026307,Injury Crash,06/18/2022 03:36:00 PM,FREDERICK RD,BICYCLIST,OTHER,Clear,DRY,Daylight,NO CONTROLS,NONE DETECTED,Yes,No Apparent Injury,N/A,UNKNOWN,MD,PASSENGER CAR,MOVING CONSTANT SPEED,30,No,2021,TOYT,MINIVAN,39.12460926,-77.18016095,2022,6,15
220028787,Property Damage Crash,06/18/2022 03:25:00 PM,NA,NA,SINGLE VEHICLE,Clear,NA,Daylight,N/A,NONE DETECTED,Yes,No Apparent Injury,N/A,UNKNOWN,MD,PASSENGER CAR,BACKING,0,No,2013,CADILLAC,TK,39.083599,-77.155072,2022,6,15
220026315,Property Damage Crash,06/18/2022 03:06:00 PM,RIDGE HEIGHTS DR,NA,OTHER,Clear,DRY,Daylight,NO CONTROLS,ALCOHOL PRESENT,Yes,No Apparent Injury,N/A,UNKNOWN,MD,PASSENGER CAR,MAKING LEFT TURN,15,No,2008,HYUNDAI,SONATA,39.17820167,-77.18015333,2022,6,15
220026297,Injury Crash,06/18/2022 02:45:00 PM,CELEBRATION WAY,NA,SAME DIR REAR END,Clear,DRY,Daylight,STOP SIGN,NONE DETECTED,Yes,No Apparent Injury,N/A,NOT DISTRACTED,MD,PASSENGER CAR,STARTING FROM LANE,15,No,2019,DODGE,CHALLENGER,39.18204847,-77.26836041,2022,6,14
220026297,Injury Crash,06/18/2022 02:45:00 PM,CELEBRATION WAY,NA,SAME DIR REAR END,Clear,DRY,Daylight,STOP SIGN,NONE DETECTED,Yes,Possible Minor Injury,N/A,UNKNOWN,MD,(SPORT) UTILITY VEHICLE,STOPPED IN TRAFFIC LANE,15,No,2016,HONDA,CRV,39.18204847,-77.26836041,2022,6,14
220026303,Injury Crash,06/18/2022 02:42:00 PM,BRADLEY BLVD,NA,STRAIGHT MOVEMENT ANGLE,Clear,DRY,Daylight,STOP SIGN,NONE DETECTED,No,Possible Minor Injury,N/A,NOT DISTRACTED,US,PASSENGER CAR,MOVING CONSTANT SPEED,35,No,2010,LEXUS,RX350,38.99134,-77.117722,2022,6,14
220026304,Property Damage Crash,06/18/2022 02:42:00 PM,BRADLEY BLVD,NA,OTHER,Clear,DRY,Daylight,NO CONTROLS,NONE DETECTED,Yes,No Apparent Injury,N/A,NOT DISTRACTED,MD,PASSENGER CAR,MOVING CONSTANT SPEED,35,No,2021,FORD,BRONCO,38.99134,-77.117722,2022,6,14
220026304,Property Damage Crash,06/18/2022 02:42:00 PM,BRADLEY BLVD,NA,OTHER,Clear,DRY,Daylight,NO CONTROLS,NONE DETECTED,No,No Apparent Injury,N/A,NOT DISTRACTED,MD,PASSENGER CAR,STOPPED IN TRAFFIC LANE,35,No,2014,KIA,SORENTO,38.99134,-77.117722,2022,6,14
220026303,Injury Crash,06/18/2022 02:42:00 PM,BRADLEY BLVD,NA,STRAIGHT MOVEMENT ANGLE,Clear,DRY,Daylight,STOP SIGN,NONE DETECTED,Yes,No Apparent Injury,N/A,NOT DISTRACTED,VA,PASSENGER CAR,MAKING LEFT TURN,35,No,2014,KIA,SORENTO,38.99134,-77.117722,2022,6,14
220026299,Injury Crash,06/18/2022 02:40:00 PM,NORBECK RD,NA,SAME DIRECTION SIDESWIPE,Clear,DRY,Daylight,TRAFFIC SIGNAL,NONE DETECTED,No,No Apparent Injury,N/A,NOT DISTRACTED,MD,"MEDIUM/HEAVY TRUCKS 3 AXLES (OVER 10,000LBS (4,536KG))",MOVING CONSTANT SPEED,45,No,2016,FORD,F450,39.10948,-77.07647333,2022,6,14
220026299,Injury Crash,06/18/2022 02:40:00 PM,NORBECK RD,NA,SAME DIRECTION SIDESWIPE,Clear,DRY,Daylight,TRAFFIC SIGNAL,NONE DETECTED,Yes,Possible Minor Injury,N/A,NOT DISTRACTED,MD,MOTORCYCLE,MOVING CONSTANT SPEED,45,No,1994,HARLEY DAVIDSON,FLSTN,39.10948,-77.07647333,2022,6,14
220026279,Injury Crash,06/18/2022 12:45:00 PM,SIOUX LA,NA,STRAIGHT MOVEMENT ANGLE,Clear,DRY,Daylight,STOP SIGN,NONE DETECTED,No,Possible Minor Injury,N/A,NOT DISTRACTED,MD,PASSENGER CAR,MOVING CONSTANT SPEED,45,No,2009,TOYOTA,VENZA,39.13059333,-77.23999,2022,6,12
220026279,Injury Crash,06/18/2022 12:45:00 PM,SIOUX LA,NA,STRAIGHT MOVEMENT ANGLE,Clear,DRY,Daylight,STOP SIGN,NONE DETECTED,Yes,No Apparent Injury,N/A,LOOKED BUT DID NOT SEE,MD,PASSENGER CAR,MOVING CONSTANT SPEED,25,No,2009,MERCEDES,SLK300,39.13059333,-77.23999,2022,6,12
220026271,Injury Crash,06/18/2022 11:50:00 AM,NEW HAMPSHIRE AVE,NA,STRAIGHT MOVEMENT ANGLE,Clear,DRY,Daylight,N/A,NONE DETECTED,No,Possible Minor Injury,N/A,NOT DISTRACTED,MD,PASSENGER CAR,MOVING CONSTANT SPEED,40,No,2021,FORD,EXPLORER,39.07680833,-77.001885,2022,6,11
220026271,Injury Crash,06/18/2022 11:50:00 AM,NEW HAMPSHIRE AVE,NA,STRAIGHT MOVEMENT ANGLE,Clear,DRY,Daylight,N/A,NONE DETECTED,Yes,Possible Minor Injury,N/A,UNKNOWN,MD,PASSENGER CAR,ENTERING TRAFFIC LANE,40,No,2012,HONDA,PILOT,39.07680833,-77.001885,2022,6,11
220026256,Injury Crash,06/18/2022 10:15:00 AM,GERMANTOWN RD,NA,STRAIGHT MOVEMENT ANGLE,Clear,DRY,Daylight,TRAFFIC SIGNAL,NONE DETECTED,Yes,No Apparent Injury,N/A,NOT DISTRACTED,MD,PASSENGER CAR,MOVING CONSTANT SPEED,40,No,2012,MAZDA,3,39.18188667,-77.260605,2022,6,10
220026256,Injury Crash,06/18/2022 10:15:00 AM,GERMANTOWN RD,NA,STRAIGHT MOVEMENT ANGLE,Clear,DRY,Daylight,TRAFFIC SIGNAL,NONE DETECTED,No,No Apparent Injury,N/A,NOT DISTRACTED,MD,VAN,ACCELERATING,30,No,2014,CHRYSLER,TOWN&COUNTRY,39.18188667,-77.260605,2022,6,10
220026252,Injury Crash,06/18/2022 08:25:00 AM,CONNECTICUT AVE,NA,SINGLE VEHICLE,Clear,DRY,Daylight,YIELD SIGN,NONE DETECTED,Yes,Possible Minor Injury,N/A,UNKNOWN,MD,(SPORT) UTILITY VEHICLE,NEGOTIATING A CURVE,35,No,2004,SUBARU,FORESTER,39.05120033,-77.07430433,2022,6,8
220026253,Property Damage Crash,06/18/2022 08:19:00 AM,BLACKBURN RD,NA,SAME DIR REAR END,Clear,DRY,Daylight,NO CONTROLS,NONE DETECTED,Yes,No Apparent Injury,N/A,LOOKED BUT DID NOT SEE,MD,PASSENGER CAR,MOVING CONSTANT SPEED,25,No,2012,INFINITI,G37,39.10028,-76.932101,2022,6,8
220026250,Fatal Crash,06/18/2022 08:16:00 AM,RIDGE RD,NA,SINGLE VEHICLE,Cloudy,DRY,Daylight,N/A,NONE DETECTED,Yes,Possible Minor Injury,N/A,NOT DISTRACTED,VA,PASSENGER CAR,MOVING CONSTANT SPEED,50,No,2007,TOYOTA,CAMRY,39.325566,-77.19474,2022,6,8
220026248,Property Damage Crash,06/18/2022 08:08:00 AM,CLOPPER RD,NA,OTHER,Clear,DRY,Daylight,TRAFFIC SIGNAL,NONE DETECTED,No,No Apparent Injury,N/A,NOT DISTRACTED,MD,PASSENGER CAR,STOPPED IN TRAFFIC LANE,35,No,2018,TOYOTA,CAMRY,39.1542165,-77.25475117,2022,6,8
220026233,Property Damage Crash,06/18/2022 05:01:00 AM,NA,NA,OTHER,Clear,NA,Medium,N/A,NONE DETECTED,Yes,No Apparent Injury,N/A,UNKNOWN,MD,PICKUP TRUCK,MOVING CONSTANT SPEED,10,No,2021,CHEVROLET,SILVERADO,39.06298617,-77.11664917,2022,6,5
220026216,Property Damage Crash,06/17/2022 11:52:00 PM,E RANDOLPH RD,NA,SAME DIR REAR END,Clear,DRY,Medium,NO CONTROLS,NONE DETECTED,No,No Apparent Injury,N/A,NOT DISTRACTED,NJ,PASSENGER CAR,ACCELERATING,35,No,2011,CHEVY,4D,39.07560667,-77.00155778,2022,6,23
220026216,Property Damage Crash,06/17/2022 11:52:00 PM,E RANDOLPH RD,NA,SAME DIR REAR END,Clear,DRY,Medium,NO CONTROLS,ALCOHOL PRESENT,Yes,No Apparent Injury,N/A,UNKNOWN,MD,PASSENGER CAR,MOVING CONSTANT SPEED,35,No,2021,TOYOTA,CAMRY,39.07560667,-77.00155778,2022,6,23
220026209,Injury Crash,06/17/2022 10:55:00 PM,FREDERICK RD,NA,HEAD ON,Clear,DRY,Dark,NO CONTROLS,ALCOHOL PRESENT,Yes,Possible Minor Injury,N/A,NOT DISTRACTED,MD,PASSENGER CAR,PASSING,45,No,2015,NISS,SENTRA,39.24518667,-77.28832167,2022,6,22
220026209,Injury Crash,06/17/2022 10:55:00 PM,FREDERICK RD,NA,HEAD ON,Clear,DRY,Dark,NO CONTROLS,NONE DETECTED,No,No Apparent Injury,N/A,NOT DISTRACTED,MD,PASSENGER CAR,MOVING CONSTANT SPEED,45,No,2008,AUDI,A4,39.24518667,-77.28832167,2022,6,22
220026276,Property Damage Crash,06/17/2022 10:21:00 PM,FREDERICK RD,NA,SAME DIR REAR END,Clear,DRY,Medium,TRAFFIC SIGNAL,NONE DETECTED,No,No Apparent Injury,N/A,NOT DISTRACTED,MD,PICKUP TRUCK,STOPPED IN TRAFFIC LANE,40,No,2021,TOYOTA,TACOMA,39.12422272,-77.17997429,2022,6,22
220026276,Property Damage Crash,06/17/2022 10:21:00 PM,FREDERICK RD,NA,SAME DIR REAR END,Clear,DRY,Medium,TRAFFIC SIGNAL,NONE DETECTED,Yes,No Apparent Injury,N/A,UNKNOWN,NA,PICKUP TRUCK,SLOWING OR STOPPING,40,No,2000,FORD,F150,39.12422272,-77.17997429,2022,6,22
220026200,Injury Crash,06/17/2022 09:52:00 PM,FREDERICK RD,NA,STRAIGHT MOVEMENT ANGLE,Clear,DRY,Dark,NO CONTROLS,NONE DETECTED,Yes,Possible Minor Injury,N/A,LOOKED BUT DID NOT SEE,MD,PASSENGER CAR,MOVING CONSTANT SPEED,35,No,2021,FORD,EXPLORER,39.16490931,-77.22738066,2022,6,21
220026200,Injury Crash,06/17/2022 09:52:00 PM,FREDERICK RD,NA,STRAIGHT MOVEMENT ANGLE,Clear,DRY,Dark,NO CONTROLS,NONE DETECTED,No,Possible Minor Injury,N/A,NOT DISTRACTED,MD,VAN,MOVING CONSTANT SPEED,35,No,2003,CHEVY,EXPRESS,39.16490931,-77.22738066,2022,6,21
220026194,Property Damage Crash,06/17/2022 09:24:00 PM,POWDER MILL RD,NA,SAME DIR REAR END,Clear,DRY,Medium,TRAFFIC SIGNAL,NONE DETECTED,Yes,No Apparent Injury,N/A,NOT DISTRACTED,NA,PASSENGER CAR,SLOWING OR STOPPING,35,No,2003,HONDA,PILOT,39.02530863,-76.96842962,2022,6,21
220026194,Property Damage Crash,06/17/2022 09:24:00 PM,POWDER MILL RD,NA,SAME DIR REAR END,Clear,DRY,Medium,TRAFFIC SIGNAL,NONE DETECTED,No,No Apparent Injury,N/A,NOT DISTRACTED,MD,PASSENGER CAR,STOPPED IN TRAFFIC LANE,35,No,2010,HONDA,PILOT,39.02530863,-76.96842962,2022,6,21
220026175,Property Damage Crash,06/17/2022 07:08:00 PM,GEORGIAN WOODS PL,NA,OTHER,Clear,DRY,Daylight,NO CONTROLS,NONE DETECTED,Yes,No Apparent Injury,N/A,UNKNOWN,NA,PASSENGER CAR,BACKING,10,No,2018,TOYOTA,COROLLA,39.05571167,-77.04610667,2022,6,19