Local Case Number,ACRS Report Type,Crash Date/Time,Road Name,Related Non-Motorist,Collision Type,Weather,Surface Condition,Light,Traffic Control,Driver Substance Abuse,Driver At Fault,Injury Severity,Circumstance,Driver Distracted By,Drivers License State,Vehicle Body Type,Vehicle Movement,Speed Limit,Driverless Vehicle,Vehicle Year,Vehicle Make,Vehicle Model,Latitude,Longitude,Year,Month,Hour
220026175,Property Damage Crash,06/17/2022 07:08:00 PM,GEORGIAN WOODS PL,NA,OTHER,Clear,DRY,Daylight,NO CONTROLS,NONE DETECTED,No,No Apparent Injury,N/A,NOT DISTRACTED,MD,PASSENGER CAR,PARKED,10,No,2021,FORD,EXPLORER,39.05571167,-77.04610667,2022,6,19
220026169,Property Damage Crash,06/17/2022 06:28:00 PM,MIDDLEBROOK RD,NA,SAME DIRECTION SIDESWIPE,Clear,DRY,Daylight,NO CONTROLS,NONE DETECTED,Yes,No Apparent Injury,N/A,LOOKED BUT DID NOT SEE,MD,PASSENGER CAR,MOVING CONSTANT SPEED,40,No,2019,VOLV,4D,39.17411,-77.25010333,2022,6,18
220026169,Property Damage Crash,06/17/2022 06:28:00 PM,MIDDLEBROOK RD,NA,SAME DIRECTION SIDESWIPE,Clear,DRY,Daylight,NO CONTROLS,NONE DETECTED,No,No Apparent Injury,N/A,NOT DISTRACTED,MD,AMBULANCE/EMERGENCY,MOVING CONSTANT SPEED,40,No,2009,CHRY,4H,39.17411,-77.25010333,2022,6,18
220026161,Injury Crash,06/17/2022 05:56:00 PM,CASHELL RD,NA,SAME DIR REAR END,Clear,DRY,Daylight,N/A,NONE DETECTED,Yes,No Apparent Injury,N/A,NOT DISTRACTED,MD,PASSENGER CAR,SLOWING OR STOPPING,35,No,2015,LEXUS,ES300H,39.13042977,-77.08256311,2022,6,17
220026161,Injury Crash,06/17/2022 05:56:00 PM,CASHELL RD,NA,SAME DIR REAR END,Clear,DRY,Daylight,N/A,NONE DETECTED,No,Possible Minor Injury,N/A,NOT DISTRACTED,MD,PASSENGER CAR,MAKING LEFT TURN,35,No,2021,NISS,SD,39.13042977,-77.08256311,2022,6,17
220026150,Property Damage Crash,06/17/2022 05:30:00 PM,SNOUFFERS SCHOOL RD,NA,STRAIGHT MOVEMENT ANGLE,Clear,DRY,Daylight,NO CONTROLS,NONE DETECTED,No,No Apparent Injury,N/A,NOT DISTRACTED,MD,PASSENGER CAR,MOVING CONSTANT SPEED,40,No,2016,DODGE,CHARGER,39.16061229,-77.16281858,2022,6,17
220026150,Property Damage Crash,06/17/2022 05:30:00 PM,SNOUFFERS SCHOOL RD,NA,STRAIGHT MOVEMENT ANGLE,Clear,DRY,Daylight,NO CONTROLS,NONE DETECTED,Yes,No Apparent Injury,N/A,LOOKED BUT DID NOT SEE,MD,PASSENGER CAR,MAKING LEFT TURN,40,No,2005,TOYOTA,SCION,39.16061229,-77.16281858,2022,6,17
220026141,Property Damage Crash,06/17/2022 05:07:00 PM,FREDERICK RD,NA,HEAD ON LEFT TURN,Clear,DRY,Daylight,TRAFFIC SIGNAL,NONE DETECTED,Unknown,No Apparent Injury,N/A,UNKNOWN,MD,PASSENGER CAR,MAKING LEFT TURN,30,No,2013,NISSAN,SENTRA,39.14843068,-77.20689873,2022,6,17
220026141,Property Damage Crash,06/17/2022 05:07:00 PM,FREDERICK RD,NA,HEAD ON LEFT TURN,Clear,DRY,Daylight,TRAFFIC SIGNAL,NONE DETECTED,Unknown,No Apparent Injury,N/A,UNKNOWN,MD,PASSENGER CAR,MOVING CONSTANT SPEED,30,No,2005,ACUR,4S,39.14843068,-77.20689873,2022,6,17
220026148,Injury Crash,06/17/2022 05:00:00 PM,S SUMMIT AVE,NA,SAME DIRECTION RIGHT TURN,Clear,DRY,Daylight,NO CONTROLS,NONE DETECTED,Unknown,Possible Minor Injury,N/A,UNKNOWN,MD,PASSENGER CAR,MOVING CONSTANT SPEED,25,No,2008,TOYOTA,YARIS,39.13898845,-77.19491103,2022,6,17
220026142,Property Damage Crash,06/17/2022 05:00:00 PM,KEY WEST AVE,NA,SAME DIRECTION RIGHT TURN,Clear,DRY,Daylight,NO CONTROLS,NONE DETECTED,Yes,No Apparent Injury,N/A,UNKNOWN,MD,PASSENGER CAR,MOVING CONSTANT SPEED,40,No,2011,ACURA,MDX,39.10570167,-77.194395,2022,6,17
220026148,Injury Crash,06/17/2022 05:00:00 PM,S SUMMIT AVE,NA,SAME DIRECTION RIGHT TURN,Clear,DRY,Daylight,NO CONTROLS,NONE DETECTED,Unknown,No Apparent Injury,N/A,UNKNOWN,MD,PASSENGER CAR,CHANGING LANES,25,No,2016,KIA,SORENTO,39.13898845,-77.19491103,2022,6,17
220026142,Property Damage Crash,06/17/2022 05:00:00 PM,KEY WEST AVE,NA,SAME DIRECTION RIGHT TURN,Clear,DRY,Daylight,NO CONTROLS,NONE DETECTED,No,No Apparent Injury,N/A,UNKNOWN,MD,(SPORT) UTILITY VEHICLE,MOVING CONSTANT SPEED,40,No,2019,HONDA,CRV,39.10570167,-77.194395,2022,6,17
220026146,Property Damage Crash,06/17/2022 04:45:00 PM,BUREAU DR,NA,SAME DIRECTION SIDESWIPE,Clear,DRY,Daylight,TRAFFIC SIGNAL,NONE DETECTED,No,No Apparent Injury,N/A,NOT DISTRACTED,MD,PASSENGER CAR,MAKING LEFT TURN,25,No,2018,MERZ,UT,39.14191532,-77.21776123,2022,6,16
220026146,Property Damage Crash,06/17/2022 04:45:00 PM,BUREAU DR,NA,SAME DIRECTION SIDESWIPE,Clear,DRY,Daylight,TRAFFIC SIGNAL,NONE DETECTED,Yes,No Apparent Injury,N/A,UNKNOWN,NA,PASSENGER CAR,MAKING LEFT TURN,25,No,2017,TOYOTA,TK,39.14191532,-77.21776123,2022,6,16
220026345,Property Damage Crash,06/17/2022 04:00:00 PM,FOREST RIDGE DR,NA,OTHER,Clear,DRY,Daylight,NO CONTROLS,NONE DETECTED,Yes,No Apparent Injury,N/A,UNKNOWN,NA,"OTHER LIGHT TRUCKS (10,000LBS (4,536KG) OR LESS)",MOVING CONSTANT SPEED,25,No,2004,TOYOTA,TACOMA,39.08605517,-77.22419551,2022,6,16
220026131,Injury Crash,06/17/2022 03:49:00 PM,UNIVERSITY BLVD W,NA,STRAIGHT MOVEMENT ANGLE,Clear,DRY,Daylight,TRAFFIC SIGNAL,NONE DETECTED,No,No Apparent Injury,N/A,NOT DISTRACTED,MD,TRUCK TRACTOR,MAKING LEFT TURN,30,No,2015,FREIGHTLINER,TRACTOR,39.02621671,-77.02032285,2022,6,15
220026131,Injury Crash,06/17/2022 03:49:00 PM,UNIVERSITY BLVD W,NA,STRAIGHT MOVEMENT ANGLE,Clear,DRY,Daylight,TRAFFIC SIGNAL,NONE DETECTED,Yes,Suspected Serious Injury,N/A,UNKNOWN,MD,MOTORCYCLE,MOVING CONSTANT SPEED,35,No,2009,HONDA,MC,39.02621671,-77.02032285,2022,6,15
220026120,Injury Crash,06/17/2022 02:49:00 PM,FALLS RD,NA,HEAD ON,Clear,DRY,Daylight,N/A,NONE DETECTED,No,No Apparent Injury,N/A,NOT DISTRACTED,MD,"OTHER LIGHT TRUCKS (10,000LBS (4,536KG) OR LESS)",MOVING CONSTANT SPEED,35,No,2012,FORD,TK,39.02870242,-77.20169763,2022,6,14
220026120,Injury Crash,06/17/2022 02:49:00 PM,FALLS RD,NA,HEAD ON,Clear,DRY,Daylight,N/A,NONE DETECTED,Yes,Possible Minor Injury,N/A,UNKNOWN,MD,PASSENGER CAR,MOVING CONSTANT SPEED,35,No,2021,TOYOTA,AVALON,39.02870242,-77.20169763,2022,6,14
220026120,Injury Crash,06/17/2022 02:49:00 PM,FALLS RD,NA,HEAD ON,Clear,DRY,Daylight,N/A,NONE DETECTED,No,No Apparent Injury,N/A,NOT DISTRACTED,MD,PASSENGER CAR,MOVING CONSTANT SPEED,35,No,2020,JEEP,WRANGLER,39.02870242,-77.20169763,2022,6,14
220026116,Property Damage Crash,06/17/2022 02:48:00 PM,NA,NA,OTHER,Clear,NA,Daylight,N/A,NONE DETECTED,Yes,No Apparent Injury,N/A,UNKNOWN,NA,UNKNOWN,BACKING,0,No,0,UNKNOWN,UNKNOWN,39.08902429,-77.15492264,2022,6,14
220026118,Property Damage Crash,06/17/2022 02:35:00 PM,WISCONSIN AVE,NA,SAME DIRECTION LEFT TURN,Clear,DRY,Daylight,NO CONTROLS,NONE DETECTED,Yes,No Apparent Injury,N/A,LOOKED BUT DID NOT SEE,MD,PASSENGER CAR,CHANGING LANES,25,No,2019,NISSAN,ALTIMA,38.99267402,-77.09570626,2022,6,14
220026118,Property Damage Crash,06/17/2022 02:35:00 PM,WISCONSIN AVE,NA,SAME DIRECTION LEFT TURN,Clear,DRY,Daylight,NO CONTROLS,NONE DETECTED,No,No Apparent Injury,N/A,NOT DISTRACTED,VA,"CARGO VAN/LIGHT TRUCK 2 AXLES (OVER 10,000LBS (4,536 KG))",MOVING CONSTANT SPEED,25,No,2017,FORD,TRUCK,38.99267402,-77.09570626,2022,6,14
220026109,Property Damage Crash,06/17/2022 01:59:00 PM,WESTLAKE DR,NA,SAME DIR REAR END,Clear,DRY,Daylight,TRAFFIC SIGNAL,NONE DETECTED,Yes,No Apparent Injury,N/A,INATTENTIVE OR LOST IN THOUGHT,MD,SCHOOL BUS,SLOWING OR STOPPING,30,No,2016,THOMAS,PUSH MSDE D12,39.02735667,-77.14807833,2022,6,13
220026109,Property Damage Crash,06/17/2022 01:59:00 PM,WESTLAKE DR,NA,SAME DIR REAR END,Clear,DRY,Daylight,TRAFFIC SIGNAL,NONE DETECTED,No,No Apparent Injury,N/A,NOT DISTRACTED,MD,PASSENGER CAR,STOPPED IN TRAFFIC LANE,30,No,2016,AUDI,4S,39.02735667,-77.14807833,2022,6,13
220026105,Property Damage Crash,06/17/2022 01:45:00 PM,GEORGIA AVE,NA,SAME DIRECTION RIGHT TURN,Clear,DRY,Daylight,N/A,NONE DETECTED,No,No Apparent Injury,N/A,NOT DISTRACTED,MD,TRUCK TRACTOR,MAKING RIGHT TURN,25,No,2018,FTL,TR,39.051955,-77.051165,2022,6,13
220026105,Property Damage Crash,06/17/2022 01:45:00 PM,GEORGIA AVE,NA,SAME DIRECTION RIGHT TURN,Clear,DRY,Daylight,N/A,NONE DETECTED,Yes,No Apparent Injury,N/A,LOOKED BUT DID NOT SEE,MD,PICKUP TRUCK,MOVING CONSTANT SPEED,25,No,1999,FORD,TK,39.051955,-77.051165,2022,6,13
220026102,Property Damage Crash,06/17/2022 01:24:00 PM,W MONTGOMERY AVE,NA,OTHER,Clear,DRY,Daylight,TRAFFIC SIGNAL,NONE DETECTED,Yes,No Apparent Injury,N/A,LOOKED BUT DID NOT SEE,MD,PASSENGER CAR,MAKING LEFT TURN,45,No,2022,BMW,X3,39.089177,-77.17767367,2022,6,13
220026102,Property Damage Crash,06/17/2022 01:24:00 PM,W MONTGOMERY AVE,NA,OTHER,Clear,DRY,Daylight,TRAFFIC SIGNAL,NONE DETECTED,No,No Apparent Injury,N/A,NOT DISTRACTED,MD,PASSENGER CAR,MOVING CONSTANT SPEED,45,No,2018,AUDI,Q5,39.089177,-77.17767367,2022,6,13
220026102,Property Damage Crash,06/17/2022 01:24:00 PM,W MONTGOMERY AVE,NA,OTHER,Clear,DRY,Daylight,TRAFFIC SIGNAL,NONE DETECTED,No,No Apparent Injury,N/A,NOT DISTRACTED,MD,PASSENGER CAR,STOPPED IN TRAFFIC LANE,25,No,2013,HYUNDAI,SONATA,39.089177,-77.17767367,2022,6,13
220026096,Injury Crash,06/17/2022 12:40:00 PM,BRENISH DR,OTHER CONVEYANCE,SINGLE VEHICLE,Clear,DRY,Daylight,STOP SIGN,NONE DETECTED,Yes,No Apparent Injury,N/A,OTHER CELLULAR PHONE RELATED,MD,VAN,SLOWING OR STOPPING,25,No,2011,TOYOTA,SIENNA,39.17550333,-77.15181667,2022,6,12
220026100,Property Damage Crash,06/17/2022 12:35:00 PM,BRADLEY BLVD,NA,HEAD ON LEFT TURN,Clear,DRY,Daylight,TRAFFIC SIGNAL,NONE DETECTED,No,No Apparent Injury,N/A,NOT DISTRACTED,DC,MOTORCYCLE,MOVING CONSTANT SPEED,25,No,2016,HYOSUN,GT250R,38.978363,-77.097057,2022,6,12
220026100,Property Damage Crash,06/17/2022 12:35:00 PM,BRADLEY BLVD,NA,HEAD ON LEFT TURN,Clear,DRY,Daylight,TRAFFIC SIGNAL,NONE DETECTED,Yes,No Apparent Injury,N/A,UNKNOWN,NA,NA,MAKING LEFT TURN,25,No,0,UNKNOWN,UNKNOWN,38.978363,-77.097057,2022,6,12
220026093,Property Damage Crash,06/17/2022 12:30:00 PM,PINEY BRANCH RD,NA,OTHER,Clear,DRY,Daylight,N/A,NONE DETECTED,No,No Apparent Injury,N/A,NOT DISTRACTED,MD,PASSENGER CAR,CHANGING LANES,30,No,2009,GMC,DENALI,38.99821,-77.00359,2022,6,12
220026093,Property Damage Crash,06/17/2022 12:30:00 PM,PINEY BRANCH RD,NA,OTHER,Clear,DRY,Daylight,N/A,NONE DETECTED,Yes,No Apparent Injury,N/A,UNKNOWN,NA,PASSENGER CAR,CHANGING LANES,40,No,2009,HONDA,ACCORD,38.99821,-77.00359,2022,6,12
220026091,Injury Crash,06/17/2022 12:06:00 PM,ROCKVILLE PIKE,NA,ANGLE MEETS LEFT TURN,Clear,DRY,Daylight,YIELD SIGN,NONE DETECTED,No,No Apparent Injury,N/A,NOT DISTRACTED,MD,PASSENGER CAR,MOVING CONSTANT SPEED,40,No,2000,ACUR,4S,39.03874333,-77.10864,2022,6,12
220026091,Injury Crash,06/17/2022 12:06:00 PM,ROCKVILLE PIKE,NA,ANGLE MEETS LEFT TURN,Clear,DRY,Daylight,YIELD SIGN,NONE DETECTED,Yes,Possible Minor Injury,N/A,LOOKED BUT DID NOT SEE,MD,PASSENGER CAR,MAKING LEFT TURN,40,No,2018,HYUNDAI,ELENTRA,39.03874333,-77.10864,2022,6,12
220026092,Injury Crash,06/17/2022 12:00:00 PM,RIVER RD,NA,HEAD ON LEFT TURN,Clear,DRY,Daylight,TRAFFIC SIGNAL,NONE DETECTED,Yes,Possible Minor Injury,N/A,LOOKED BUT DID NOT SEE,VA,PASSENGER CAR,MAKING LEFT TURN,35,No,2012,TOYOTA,PRIUS,39.01730607,-77.20770744,2022,6,12
220026092,Injury Crash,06/17/2022 12:00:00 PM,RIVER RD,NA,HEAD ON LEFT TURN,Clear,DRY,Daylight,TRAFFIC SIGNAL,NONE DETECTED,No,Possible Minor Injury,N/A,NOT DISTRACTED,MD,PASSENGER CAR,MOVING CONSTANT SPEED,35,No,2016,HOND,4S,39.01730607,-77.20770744,2022,6,12
220026089,Property Damage Crash,06/17/2022 11:44:00 AM,CLOPPER RD,NA,SAME DIR REAR END,Clear,DRY,Daylight,TRAFFIC SIGNAL,NONE DETECTED,Yes,No Apparent Injury,N/A,UNKNOWN,NA,UNKNOWN,SLOWING OR STOPPING,25,No,0,UNKNOWN,UNKNOWN,39.14922482,-77.21586293,2022,6,11
220026089,Property Damage Crash,06/17/2022 11:44:00 AM,CLOPPER RD,NA,SAME DIR REAR END,Clear,DRY,Daylight,TRAFFIC SIGNAL,NONE DETECTED,No,No Apparent Injury,N/A,NOT DISTRACTED,MD,PASSENGER CAR,MOVING CONSTANT SPEED,25,No,2005,CADI,CTS,39.14922482,-77.21586293,2022,6,11
220026066,Injury Crash,06/17/2022 09:18:00 AM,QUINCE ORCHARD RD,NA,STRAIGHT MOVEMENT ANGLE,Clear,DRY,Daylight,STOP SIGN,NONE DETECTED,Yes,Possible Minor Injury,N/A,NOT DISTRACTED,MD,PASSENGER CAR,STARTING FROM LANE,35,No,2021,CHEV,CP,39.12453352,-77.24714468,2022,6,9
220026066,Injury Crash,06/17/2022 09:18:00 AM,QUINCE ORCHARD RD,NA,STRAIGHT MOVEMENT ANGLE,Clear,DRY,Daylight,STOP SIGN,NONE DETECTED,No,Possible Minor Injury,N/A,NOT DISTRACTED,MD,PASSENGER CAR,MOVING CONSTANT SPEED,35,No,2013,MERCEDES,C,39.12453352,-77.24714468,2022,6,9
220026056,Property Damage Crash,06/17/2022 08:21:00 AM,GRUBB RD,NA,STRAIGHT MOVEMENT ANGLE,Clear,DRY,Daylight,STOP SIGN,NONE DETECTED,No,No Apparent Injury,"N/A, VISION OBSTRUCTION (INCL. BLINDED BY SUN)",NOT DISTRACTED,XX,POLICE VEHICLE/EMERGENCY,MOVING CONSTANT SPEED,25,No,2017,FORD,EXPLOYER,38.99435842,-77.05302695,2022,6,8
220026056,Property Damage Crash,06/17/2022 08:21:00 AM,GRUBB RD,NA,STRAIGHT MOVEMENT ANGLE,Clear,DRY,Daylight,STOP SIGN,NONE DETECTED,Yes,No Apparent Injury,"N/A, VISION OBSTRUCTION (INCL. BLINDED BY SUN)",NOT DISTRACTED,MD,PASSENGER CAR,MOVING CONSTANT SPEED,25,No,2015,HUN,ELANTRA,38.99435842,-77.05302695,2022,6,8
220026054,Injury Crash,06/17/2022 08:15:00 AM,RIDGEFIELD RD,NA,SAME DIR REND LEFT TURN,Clear,DRY,Daylight,STOP SIGN,NONE DETECTED,No,No Apparent Injury,N/A,NOT DISTRACTED,MD,PASSENGER CAR,MOVING CONSTANT SPEED,25,No,2019,MERCEDEZ,GLC43,38.96935833,-77.11251533,2022,6,8
220026054,Injury Crash,06/17/2022 08:15:00 AM,RIDGEFIELD RD,NA,SAME DIR REND LEFT TURN,Clear,DRY,Daylight,STOP SIGN,NONE DETECTED,Yes,Possible Minor Injury,N/A,OTHER DISTRACTION,AZ,PASSENGER CAR,MAKING U TURN,25,No,2014,NISSAN,SENTRA,38.96935833,-77.11251533,2022,6,8
220026050,Property Damage Crash,06/17/2022 07:57:00 AM,RANDOLPH RD,NA,STRAIGHT MOVEMENT ANGLE,Clear,DRY,Daylight,STOP SIGN,NONE DETECTED,No,No Apparent Injury,N/A,NOT DISTRACTED,MD,VAN,MOVING CONSTANT SPEED,35,No,2017,TOYT,VN,39.05848292,-77.07107143,2022,6,7
220026050,Property Damage Crash,06/17/2022 07:57:00 AM,RANDOLPH RD,NA,STRAIGHT MOVEMENT ANGLE,Clear,DRY,Daylight,STOP SIGN,NONE DETECTED,Yes,No Apparent Injury,N/A,UNKNOWN,DC,VAN,ACCELERATING,25,No,2022,TOYT,PV,39.05848292,-77.07107143,2022,6,7
220026052,Injury Crash,06/17/2022 07:56:00 AM,CONNECTICUT AVE,NA,HEAD ON LEFT TURN,Clear,DRY,Daylight,TRAFFIC SIGNAL,NONE DETECTED,No,Possible Minor Injury,N/A,NOT DISTRACTED,MD,PASSENGER CAR,MOVING CONSTANT SPEED,40,No,2016,HONDA,CIVIC,39.047305,-77.075595,2022,6,7
220026052,Injury Crash,06/17/2022 07:56:00 AM,CONNECTICUT AVE,NA,HEAD ON LEFT TURN,Clear,DRY,Daylight,TRAFFIC SIGNAL,NONE DETECTED,Yes,No Apparent Injury,N/A,LOOKED BUT DID NOT SEE,MD,PASSENGER CAR,MAKING LEFT TURN,40,No,2016,TOYOTA,HIGHLANDER,39.047305,-77.075595,2022,6,7
220026067,Property Damage Crash,06/17/2022 07:53:00 AM,EAST WEST HWY,NA,SAME DIR REAR END,Clear,DRY,Daylight,OTHER,NONE DETECTED,No,No Apparent Injury,N/A,NOT DISTRACTED,MD,PASSENGER CAR,STOPPED IN TRAFFIC LANE,35,No,2019,HONDA,FIT,38.99459283,-77.03692362,2022,6,7
220026067,Property Damage Crash,06/17/2022 07:53:00 AM,EAST WEST HWY,NA,SAME DIR REAR END,Clear,DRY,Daylight,OTHER,NONE DETECTED,Yes,No Apparent Injury,N/A,INATTENTIVE OR LOST IN THOUGHT,DC,PASSENGER CAR,SLOWING OR STOPPING,35,No,2019,NISSAN,ROGUE,38.99459283,-77.03692362,2022,6,7
220026047,Injury Crash,06/17/2022 07:10:00 AM,ROCKVILLE PIKE,NA,SAME DIR REAR END,Clear,DRY,Daylight,TRAFFIC SIGNAL,NONE DETECTED,No,No Apparent Injury,N/A,NOT DISTRACTED,FL,PASSENGER CAR,ACCELERATING,35,No,2011,VOLVO,C30,39.05883,-77.12191167,2022,6,7
220026047,Injury Crash,06/17/2022 07:10:00 AM,ROCKVILLE PIKE,NA,SAME DIR REAR END,Clear,DRY,Daylight,TRAFFIC SIGNAL,NONE DETECTED,Yes,Possible Minor Injury,N/A,LOOKED BUT DID NOT SEE,MD,(SPORT) UTILITY VEHICLE,CHANGING LANES,35,No,2016,HONDA,CRV,39.05883,-77.12191167,2022,6,7
220026038,Property Damage Crash,06/17/2022 04:30:00 AM,10TH AVE,NA,SAME DIRECTION SIDESWIPE,Clear,DRY,Medium,NO CONTROLS,NONE DETECTED,Yes,No Apparent Injury,N/A,OTHER DISTRACTION,MD,FIRE VEHICLE/EMERGENCY,SLOWING OR STOPPING,25,No,2008,SPARTAN,GLADIATOR FIRE TRUCK,38.99557833,-76.99133833,2022,6,4
220026017,Property Damage Crash,06/16/2022 10:20:00 PM,NA,NA,OTHER,Clear,NA,Medium,NO CONTROLS,NONE DETECTED,No,No Apparent Injury,N/A,NOT DISTRACTED,MD,(SPORT) UTILITY VEHICLE,PARKED,5,No,2011,ACURA,MDX,39.04296737,-77.04772123,2022,6,22
220026017,Property Damage Crash,06/16/2022 10:20:00 PM,NA,NA,OTHER,Clear,NA,Medium,NO CONTROLS,NONE DETECTED,Yes,No Apparent Injury,N/A,UNKNOWN,XX,(SPORT) UTILITY VEHICLE,BACKING,5,No,2013,HONDA,PILOT,39.04296737,-77.04772123,2022,6,22
220026008,Injury Crash,06/16/2022 09:25:00 PM,NA,PEDESTRIAN,SINGLE VEHICLE,Clear,NA,Medium,NO CONTROLS,NONE DETECTED,Yes,No Apparent Injury,N/A,NOT DISTRACTED,MD,PASSENGER CAR,SLOWING OR STOPPING,15,No,2008,SUZUKI,SX4,39.04673924,-77.09930908,2022,6,21
220026004,Injury Crash,06/16/2022 09:10:00 PM,NA,NA,STRAIGHT MOVEMENT ANGLE,Clear,NA,Medium,N/A,NONE DETECTED,Yes,No Apparent Injury,N/A,LOOKED BUT DID NOT SEE,MD,PASSENGER CAR,MAKING LEFT TURN,25,No,2006,HYUNDAI,SONATA,39.08015525,-77.06087197,2022,6,21
220026004,Injury Crash,06/16/2022 09:10:00 PM,NA,NA,STRAIGHT MOVEMENT ANGLE,Clear,NA,Medium,N/A,NONE DETECTED,No,Possible Minor Injury,N/A,NOT DISTRACTED,MD,PASSENGER CAR,MOVING CONSTANT SPEED,25,No,2015,MERCEDES,GLK,39.08015525,-77.06087197,2022,6,21
220025987,Injury Crash,06/16/2022 07:13:00 PM,CLEARBROOK LA,NA,OTHER,Clear,DRY,Daylight,N/A,NONE DETECTED,Yes,Possible Minor Injury,N/A,LOOKED BUT DID NOT SEE,MD,(SPORT) UTILITY VEHICLE,MOVING CONSTANT SPEED,15,No,2018,CHEVEROLET,EQUINOX,39.023895,-77.087225,2022,6,19
220025988,Property Damage Crash,06/16/2022 06:34:00 PM,RANDOLPH RD,NA,ANGLE MEETS LEFT HEAD ON,Clear,DRY,Daylight,NO CONTROLS,NONE DETECTED,No,No Apparent Injury,N/A,NOT DISTRACTED,MD,PASSENGER CAR,SLOWING OR STOPPING,30,No,2021,HYUNDAI,ELANTRA,39.05370333,-77.107155,2022,6,18
220025988,Property Damage Crash,06/16/2022 06:34:00 PM,RANDOLPH RD,NA,ANGLE MEETS LEFT HEAD ON,Clear,DRY,Daylight,NO CONTROLS,NONE DETECTED,Yes,No Apparent Injury,N/A,UNKNOWN,NA,PASSENGER CAR,MAKING LEFT TURN,30,No,2001,FORD,EXPEDITION,39.05370333,-77.107155,2022,6,18
220025975,Injury Crash,06/16/2022 06:25:00 PM,WOODMONT AVE,PEDESTRIAN,OTHER,Clear,DRY,Daylight,NO CONTROLS,NONE DETECTED,No,No Apparent Injury,N/A,LOOKED BUT DID NOT SEE,MD,(SPORT) UTILITY VEHICLE,MAKING LEFT TURN,25,No,2021,HONDA,PILOT,38.99111846,-77.09678378,2022,6,18
220025968,Property Damage Crash,06/16/2022 06:15:00 PM,MONTGOMERY VILLAGE AVE,NA,SAME DIRECTION SIDESWIPE,Clear,DRY,Daylight,NO CONTROLS,NONE DETECTED,No,No Apparent Injury,N/A,NOT DISTRACTED,MD,PASSENGER CAR,MOVING CONSTANT SPEED,35,No,2009,SCION,2S,39.16297833,-77.20247833,2022,6,18
220025968,Property Damage Crash,06/16/2022 06:15:00 PM,MONTGOMERY VILLAGE AVE,NA,SAME DIRECTION SIDESWIPE,Clear,DRY,Daylight,NO CONTROLS,NONE DETECTED,Yes,No Apparent Injury,N/A,UNKNOWN,NA,UNKNOWN,CHANGING LANES,35,No,0,UNKNOWN,UNKNOWN,39.16297833,-77.20247833,2022,6,18
220025973,Property Damage Crash,06/16/2022 05:45:00 PM,METRO ACCESS RD,NA,SINGLE VEHICLE,Clear,DRY,Daylight,NO CONTROLS,NONE DETECTED,No,No Apparent Injury,N/A,NOT DISTRACTED,MD,PASSENGER CAR,ACCELERATING,30,No,2014,TOYOTA,TK,39.13498415,-77.16770979,2022,6,17
220025955,Property Damage Crash,06/16/2022 04:29:00 PM,BRINK RD,NA,HEAD ON,Clear,DRY,Daylight,TRAFFIC SIGNAL,NONE DETECTED,Yes,No Apparent Injury,N/A,NOT DISTRACTED,MD,PASSENGER CAR,BACKING,40,No,2017,KIA,OPTIMA,39.21019392,-77.23833131,2022,6,16
220025955,Property Damage Crash,06/16/2022 04:29:00 PM,BRINK RD,NA,HEAD ON,Clear,DRY,Daylight,TRAFFIC SIGNAL,NONE DETECTED,No,No Apparent Injury,N/A,NOT DISTRACTED,MD,SCHOOL BUS,STOPPED IN TRAFFIC LANE,40,No,2015,FRHT,BUS,39.21019392,-77.23833131,2022,6,16
220025946,Property Damage Crash,06/16/2022 03:40:00 PM,ROCKVILLE PIKE,NA,SAME DIR REAR END,Clear,DRY,Daylight,TRAFFIC SIGNAL,NONE DETECTED,No,No Apparent Injury,N/A,NOT DISTRACTED,MD,PASSENGER CAR,STOPPED IN TRAFFIC LANE,40,No,2018,HOND,VN,39.06421695,-77.12610458,2022,6,15
220025946,Property Damage Crash,06/16/2022 03:40:00 PM,ROCKVILLE PIKE,NA,SAME DIR REAR END,Clear,DRY,Daylight,TRAFFIC SIGNAL,NONE DETECTED,Yes,No Apparent Injury,N/A,LOOKED BUT DID NOT SEE,MD,PASSENGER CAR,MOVING CONSTANT SPEED,40,No,2016,HOND,4H,39.06421695,-77.12610458,2022,6,15
220025939,Property Damage Crash,06/16/2022 02:26:00 PM,GERMANTOWN RD,NA,STRAIGHT MOVEMENT ANGLE,Clear,DRY,Daylight,TRAFFIC SIGNAL,NONE DETECTED,No,No Apparent Injury,N/A,NOT DISTRACTED,MD,PASSENGER CAR,MAKING LEFT TURN,40,No,2018,NISS,TK,39.18644483,-77.2533305,2022,6,14
220025939,Property Damage Crash,06/16/2022 02:26:00 PM,GERMANTOWN RD,NA,STRAIGHT MOVEMENT ANGLE,Clear,DRY,Daylight,TRAFFIC SIGNAL,NONE DETECTED,Yes,No Apparent Injury,N/A,LOOKED BUT DID NOT SEE,VA,PASSENGER CAR,MOVING CONSTANT SPEED,40,No,2009,MERCEDES,E350,39.18644483,-77.2533305,2022,6,14
220025941,Injury Crash,06/16/2022 02:10:00 PM,WHITES FERRY RD,NA,STRAIGHT MOVEMENT ANGLE,Clear,DRY,Daylight,STOP SIGN,NONE DETECTED,No,Possible Minor Injury,N/A,NOT DISTRACTED,MD,PASSENGER CAR,MOVING CONSTANT SPEED,40,No,2014,FORD,LIMITED,39.128185,-77.38342667,2022,6,14
220025941,Injury Crash,06/16/2022 02:10:00 PM,WHITES FERRY RD,NA,STRAIGHT MOVEMENT ANGLE,Clear,DRY,Daylight,STOP SIGN,NONE DETECTED,Yes,No Apparent Injury,N/A,NOT DISTRACTED,MD,PASSENGER CAR,MAKING LEFT TURN,40,No,2019,VOLKSWAGON,ATLAS,39.128185,-77.38342667,2022,6,14
220025908,Injury Crash,06/16/2022 12:06:00 PM,S FREDERICK RD,NA,SAME DIR REAR END,Clear,DRY,Daylight,NO CONTROLS,NONE DETECTED,No,No Apparent Injury,"N/A, V EXHAUST SYSTEM|R OTHER ROAD",NOT DISTRACTED,MD,PICKUP TRUCK,SLOWING OR STOPPING,30,No,2018,CHEV,SILVERADO,39.14013617,-77.196786,2022,6,12
220025908,Injury Crash,06/16/2022 12:06:00 PM,S FREDERICK RD,NA,SAME DIR REAR END,Clear,DRY,Daylight,NO CONTROLS,NONE DETECTED,Yes,Possible Minor Injury,"N/A, V EXHAUST SYSTEM|R OTHER ROAD",UNKNOWN,MD,(SPORT) UTILITY VEHICLE,NEGOTIATING A CURVE,30,No,2014,TOYT,RAV 4,39.14013617,-77.196786,2022,6,12
220025901,Property Damage Crash,06/16/2022 11:43:00 AM,MUNCASTER MILL RD,NA,SAME DIR REAR END,Cloudy,DRY,Daylight,NO CONTROLS,NONE DETECTED,Yes,No Apparent Injury,N/A,INATTENTIVE OR LOST IN THOUGHT,MD,PICKUP TRUCK,MOVING CONSTANT SPEED,40,No,2015,CHEV,SILVERADO,39.11303833,-77.09033833,2022,6,11
220025901,Property Damage Crash,06/16/2022 11:43:00 AM,MUNCASTER MILL RD,NA,SAME DIR REAR END,Cloudy,DRY,Daylight,NO CONTROLS,NONE DETECTED,No,No Apparent Injury,N/A,NOT DISTRACTED,MD,"CARGO VAN/LIGHT TRUCK 2 AXLES (OVER 10,000LBS (4,536 KG))",STOPPED IN TRAFFIC LANE,40,No,2005,INTER,TRK,39.11303833,-77.09033833,2022,6,11