Local Case Number,ACRS Report Type,Crash Date/Time,Road Name,Related Non-Motorist,Collision Type,Weather,Surface Condition,Light,Traffic Control,Driver Substance Abuse,Driver At Fault,Injury Severity,Circumstance,Driver Distracted By,Drivers License State,Vehicle Body Type,Vehicle Movement,Speed Limit,Driverless Vehicle,Vehicle Year,Vehicle Make,Vehicle Model,Latitude,Longitude,Year,Month,Hour
220025265,Injury Crash,06/12/2022 07:10:00 PM,FAIRLAND RD,NA,STRAIGHT MOVEMENT ANGLE,Clear,DRY,Daylight,FLASHING TRAFFIC SIGNAL,NONE DETECTED,Yes,Possible Minor Injury,N/A,NOT DISTRACTED,MD,PASSENGER CAR,MAKING LEFT TURN,35,No,2015,MERCEDES,C-CLASS,39.073655,-76.955925,2022,6,19
220025265,Injury Crash,06/12/2022 07:10:00 PM,FAIRLAND RD,NA,STRAIGHT MOVEMENT ANGLE,Clear,DRY,Daylight,FLASHING TRAFFIC SIGNAL,NONE DETECTED,No,No Apparent Injury,N/A,UNKNOWN,MD,PASSENGER CAR,MOVING CONSTANT SPEED,35,No,2005,ACURA,TSX,39.073655,-76.955925,2022,6,19
220025264,Injury Crash,06/12/2022 07:00:00 PM,MONTROSE RD,NA,STRAIGHT MOVEMENT ANGLE,Clear,DRY,Daylight,TRAFFIC SIGNAL,NONE DETECTED,Yes,Possible Minor Injury,N/A,UNKNOWN,MD,PASSENGER CAR,MAKING LEFT TURN,35,No,2022,HYUNDAI,ELANTRA,39.05390167,-77.13806833,2022,6,19
220025264,Injury Crash,06/12/2022 07:00:00 PM,MONTROSE RD,NA,STRAIGHT MOVEMENT ANGLE,Clear,DRY,Daylight,TRAFFIC SIGNAL,NONE DETECTED,No,Possible Minor Injury,N/A,NOT DISTRACTED,MD,PASSENGER CAR,MOVING CONSTANT SPEED,35,No,2018,HYUNDAI,ELANTRA,39.05390167,-77.13806833,2022,6,19
220025266,Property Damage Crash,06/12/2022 06:25:00 PM,DARNESTOWN RD,NA,OTHER,Clear,DRY,Daylight,TRAFFIC SIGNAL,NONE DETECTED,No,No Apparent Injury,N/A,NOT DISTRACTED,MD,PASSENGER CAR,STOPPED IN TRAFFIC LANE,40,No,2020,BMW,530,39.10294605,-77.22143293,2022,6,18
220025266,Property Damage Crash,06/12/2022 06:25:00 PM,DARNESTOWN RD,NA,OTHER,Clear,DRY,Daylight,TRAFFIC SIGNAL,NONE DETECTED,Yes,No Apparent Injury,N/A,NOT DISTRACTED,NA,PASSENGER CAR,SLOWING OR STOPPING,40,No,2015,AUDI,A4,39.10294605,-77.22143293,2022,6,18
220025257,Property Damage Crash,06/12/2022 06:00:00 PM,MIDDLEBROOK RD,NA,STRAIGHT MOVEMENT ANGLE,Clear,DRY,Daylight,NO CONTROLS,NONE DETECTED,Yes,No Apparent Injury,N/A,LOOKED BUT DID NOT SEE,MD,PASSENGER CAR,ACCELERATING,35,No,2008,JEEP,PATRIOT,39.18296833,-77.27059,2022,6,18
220025257,Property Damage Crash,06/12/2022 06:00:00 PM,MIDDLEBROOK RD,NA,STRAIGHT MOVEMENT ANGLE,Clear,DRY,Daylight,NO CONTROLS,NONE DETECTED,No,No Apparent Injury,N/A,NOT DISTRACTED,MD,PASSENGER CAR,MOVING CONSTANT SPEED,35,No,2006,MINI,COOPERS,39.18296833,-77.27059,2022,6,18
220025281,Property Damage Crash,06/12/2022 05:45:00 PM,NA,NA,OTHER,Clear,NA,Daylight,NO CONTROLS,NONE DETECTED,No,No Apparent Injury,N/A,NOT DISTRACTED,MD,PASSENGER CAR,OTHER,5,No,2014,TOYOTA,CAMRY,39.19923054,-77.24893897,2022,6,17
220025281,Property Damage Crash,06/12/2022 05:45:00 PM,NA,NA,OTHER,Clear,NA,Daylight,NO CONTROLS,NONE DETECTED,Yes,No Apparent Injury,N/A,UNKNOWN,NA,PASSENGER CAR,BACKING,10,No,2016,SCION,IM,39.19923054,-77.24893897,2022,6,17
220025252,Property Damage Crash,06/12/2022 04:29:00 PM,GRAND PARK AVE,NA,OTHER,Clear,DRY,Daylight,STOP SIGN,NONE DETECTED,Yes,No Apparent Injury,N/A,NOT DISTRACTED,MD,FIRE VEHICLE/EMERGENCY,MAKING LEFT TURN,25,No,2007,PIER,FIRE TRUCK,39.04934667,-77.11732667,2022,6,16
220025243,Property Damage Crash,06/12/2022 03:18:00 PM,E RANDOLPH RD,NA,SAME DIR REAR END,Clear,DRY,Daylight,FLASHING TRAFFIC SIGNAL,NONE DETECTED,No,No Apparent Injury,N/A,NOT DISTRACTED,MD,PASSENGER CAR,SLOWING OR STOPPING,40,No,2010,LEXS,TK,39.06571283,-76.97338133,2022,6,15
220025243,Property Damage Crash,06/12/2022 03:18:00 PM,E RANDOLPH RD,NA,SAME DIR REAR END,Clear,DRY,Daylight,FLASHING TRAFFIC SIGNAL,NONE DETECTED,Yes,No Apparent Injury,N/A,LOOKED BUT DID NOT SEE,MD,PASSENGER CAR,CHANGING LANES,40,No,2003,SUBARU,IMPREZA,39.06571283,-76.97338133,2022,6,15
220025238,Injury Crash,06/12/2022 01:55:00 PM,E GUDE DR,NA,SAME DIR REAR END,Clear,DRY,Daylight,TRAFFIC SIGNAL,NONE DETECTED,No,Possible Minor Injury,N/A,NOT DISTRACTED,MD,PASSENGER CAR,STOPPED IN TRAFFIC LANE,40,No,2010,HONDA,FIT,39.106595,-77.14992333,2022,6,13
220025238,Injury Crash,06/12/2022 01:55:00 PM,E GUDE DR,NA,SAME DIR REAR END,Clear,DRY,Daylight,TRAFFIC SIGNAL,NONE DETECTED,Yes,No Apparent Injury,N/A,UNKNOWN,MD,PASSENGER CAR,MOVING CONSTANT SPEED,40,No,2006,TOYOTA,COROLLA,39.106595,-77.14992333,2022,6,13
220025232,Injury Crash,06/12/2022 12:27:00 PM,BEL PRE RD,NA,HEAD ON,Clear,DRY,Daylight,TRAFFIC SIGNAL,NONE DETECTED,No,Suspected Serious Injury,N/A,NOT DISTRACTED,MD,POLICE VEHICLE/NON EMERGENCY,STOPPED IN TRAFFIC LANE,35,No,2012,DODGE,CHARGER,39.09055333,-77.04543667,2022,6,12
220025232,Injury Crash,06/12/2022 12:27:00 PM,BEL PRE RD,NA,HEAD ON,Clear,DRY,Daylight,TRAFFIC SIGNAL,NONE DETECTED,No,Possible Minor Injury,N/A,NOT DISTRACTED,MD,PASSENGER CAR,STOPPED IN TRAFFIC LANE,35,No,2014,NISSAN,TK,39.09055333,-77.04543667,2022,6,12
220025232,Injury Crash,06/12/2022 12:27:00 PM,BEL PRE RD,NA,HEAD ON,Clear,DRY,Daylight,TRAFFIC SIGNAL,NONE DETECTED,No,Possible Minor Injury,N/A,NOT DISTRACTED,MD,PASSENGER CAR,STOPPED IN TRAFFIC LANE,35,No,2016,MAZD,UT,39.09055333,-77.04543667,2022,6,12
220025232,Injury Crash,06/12/2022 12:27:00 PM,BEL PRE RD,NA,HEAD ON,Clear,DRY,Daylight,TRAFFIC SIGNAL,NONE DETECTED,Yes,Possible Minor Injury,N/A,NOT DISTRACTED,MD,PASSENGER CAR,ACCELERATING,35,No,2010,TOYOTA,MATRIX,39.09055333,-77.04543667,2022,6,12
220025228,Injury Crash,06/12/2022 12:06:00 PM,COLUMBIA PIKE,NA,STRAIGHT MOVEMENT ANGLE,Clear,DRY,Daylight,TRAFFIC SIGNAL,NONE DETECTED,No,Possible Minor Injury,N/A,NOT DISTRACTED,MD,PASSENGER CAR,MOVING CONSTANT SPEED,35,No,2015,CHRYSLER,200S,39.04659417,-76.98659883,2022,6,12
220025228,Injury Crash,06/12/2022 12:06:00 PM,COLUMBIA PIKE,NA,STRAIGHT MOVEMENT ANGLE,Clear,DRY,Daylight,TRAFFIC SIGNAL,NONE DETECTED,Yes,Possible Minor Injury,N/A,NOT DISTRACTED,MD,PASSENGER CAR,MOVING CONSTANT SPEED,35,No,2014,FORD,FOCUS,39.04659417,-76.98659883,2022,6,12
220025297,Property Damage Crash,06/12/2022 11:45:00 AM,HUNGERFORD DR,NA,OTHER,Clear,DRY,Medium,TRAFFIC SIGNAL,NONE DETECTED,Yes,No Apparent Injury,N/A,NOT DISTRACTED,MD,PASSENGER CAR,MOVING CONSTANT SPEED,40,No,2017,HYUN,4S,39.09661437,-77.15316271,2022,6,11
220025220,Property Damage Crash,06/12/2022 10:34:00 AM,NA,NA,SAME DIRECTION SIDESWIPE,Clear,NA,Daylight,NO CONTROLS,NONE DETECTED,Yes,No Apparent Injury,N/A,NOT DISTRACTED,MD,PASSENGER CAR,MOVING CONSTANT SPEED,5,No,2015,TOYT,UT,39.092187,-77.152317,2022,6,10
220025220,Property Damage Crash,06/12/2022 10:34:00 AM,NA,NA,SAME DIRECTION SIDESWIPE,Clear,NA,Daylight,NO CONTROLS,NONE DETECTED,No,No Apparent Injury,N/A,NOT DISTRACTED,MD,PASSENGER CAR,PARKED,5,Unknown,2019,ACUR,TK,39.092187,-77.152317,2022,6,10
220025215,Injury Crash,06/12/2022 10:30:00 AM,OLNEY SANDY SPRING RD,NA,STRAIGHT MOVEMENT ANGLE,Cloudy,DRY,Daylight,NO CONTROLS,NONE DETECTED,No,Possible Minor Injury,N/A,NOT DISTRACTED,MD,(SPORT) UTILITY VEHICLE,MOVING CONSTANT SPEED,30,No,2015,SUBARU,TK,39.14963667,-77.02587,2022,6,10
220025215,Injury Crash,06/12/2022 10:30:00 AM,OLNEY SANDY SPRING RD,NA,STRAIGHT MOVEMENT ANGLE,Cloudy,DRY,Daylight,NO CONTROLS,NONE DETECTED,Yes,No Apparent Injury,N/A,LOOKED BUT DID NOT SEE,MD,PASSENGER CAR,MAKING LEFT TURN,30,No,2017,TOYOTA,4S,39.14963667,-77.02587,2022,6,10
220025217,Injury Crash,06/12/2022 10:13:00 AM,COMUS RD,NA,SAME DIR REAR END,Cloudy,WET,Daylight,NO CONTROLS,NONE DETECTED,Yes,No Apparent Injury,"V WIPERS|W OTHER ENVIRONMENTAL, WET",NOT DISTRACTED,MD,PASSENGER CAR,SKIDDING,40,No,2016,TOYOTA,CAMRY,39.24847,-77.36226333,2022,6,10
220025217,Injury Crash,06/12/2022 10:13:00 AM,COMUS RD,NA,SAME DIR REAR END,Cloudy,WET,Daylight,NO CONTROLS,NONE DETECTED,No,Possible Minor Injury,"V WIPERS|W OTHER ENVIRONMENTAL, WET",NOT DISTRACTED,WA,PASSENGER CAR,SLOWING OR STOPPING,40,No,2016,HONDA,CRV,39.24847,-77.36226333,2022,6,10
220025210,Property Damage Crash,06/12/2022 08:10:00 AM,SCHOOL DR,NA,OTHER,Clear,WET,Daylight,NO CONTROLS,ALCOHOL PRESENT,Yes,No Apparent Injury,"N/A, WET",NOT DISTRACTED,MD,(SPORT) UTILITY VEHICLE,MOVING CONSTANT SPEED,25,No,2003,GMC,YUKON,39.11824948,-77.21478327,2022,6,8
220025209,Injury Crash,06/12/2022 07:58:00 AM,CAPITAL BELTWAY,NA,SINGLE VEHICLE,Rain,WET,Daylight,N/A,NONE DETECTED,Yes,Possible Minor Injury,"RAIN, SNOW, WET",NOT DISTRACTED,MD,(SPORT) UTILITY VEHICLE,MOVING CONSTANT SPEED,55,No,2011,MERCEDES,GL 450,39.011444,-77.0917375,2022,6,7
220025203,Property Damage Crash,06/12/2022 07:15:00 AM,VEIRS MILL RD,NA,SINGLE VEHICLE,Rain,WET,Daylight,N/A,NONE DETECTED,Yes,No Apparent Injury,"N/A, WET",NOT DISTRACTED,MD,PASSENGER CAR,SLOWING OR STOPPING,30,No,2015,MERCEDEZ,C300,39.074717390000004,-77.11512076,2022,6,7
220025194,Property Damage Crash,06/12/2022 03:53:00 AM,SNOWDEN FARM PKWY (PROP),NA,SINGLE VEHICLE,Clear,DRY,Medium,N/A,NONE DETECTED,Yes,No Apparent Injury,N/A,NOT DISTRACTED,MD,(SPORT) UTILITY VEHICLE,MOVING CONSTANT SPEED,40,No,2023,FORD,BRONCO,39.22361267,-77.2447895,2022,6,3
220025195,Property Damage Crash,06/12/2022 03:26:00 AM,MACARTHUR BLVD,NA,SINGLE VEHICLE,Rain,WET,Medium,NO CONTROLS,NONE DETECTED,Yes,No Apparent Injury,"N/A, WET",NOT DISTRACTED,MD,PASSENGER CAR,MOVING CONSTANT SPEED,30,No,2015,VOLKSWAGON,GOLF,38.98249367,-77.22677683,2022,6,3
220024189,Injury Crash,06/12/2022 02:23:00 AM,MONTGOMERY VILLAGE AVE,NA,SAME DIR REAR END,Clear,DRY,Medium,N/A,NONE DETECTED,No,Possible Minor Injury,N/A,NOT DISTRACTED,MD,PASSENGER CAR,MOVING CONSTANT SPEED,35,No,2019,INFINITI,280X,39.16145001,-77.20169281,2022,6,2
220024189,Injury Crash,06/12/2022 02:23:00 AM,MONTGOMERY VILLAGE AVE,NA,SAME DIR REAR END,Clear,DRY,Medium,N/A,NONE DETECTED,Yes,No Apparent Injury,N/A,LOOKED BUT DID NOT SEE,NA,NA,MOVING CONSTANT SPEED,35,No,0,UNKNOWN,UNKNOWN,39.16145001,-77.20169281,2022,6,2
220025184,Property Damage Crash,06/12/2022 12:50:00 AM,LONGMEAD CROSSING DR,NA,OTHER,Clear,DRY,Medium,NO CONTROLS,ALCOHOL PRESENT,Yes,No Apparent Injury,N/A,NOT DISTRACTED,MD,PASSENGER CAR,MOVING CONSTANT SPEED,25,No,2019,CHEV,4S,39.09954833,-77.04842833,2022,6,0
220025177,Property Damage Crash,06/11/2022 11:46:00 PM,EAST WEST HWY,NA,SAME DIRECTION SIDESWIPE,Clear,N/A,Medium,TRAFFIC SIGNAL,NONE DETECTED,No,No Apparent Injury,N/A,NOT DISTRACTED,MD,PASSENGER CAR,MOVING CONSTANT SPEED,30,No,2016,HONDA,ACCORD,38.995535,-77.03861167,2022,6,23
220025177,Property Damage Crash,06/11/2022 11:46:00 PM,EAST WEST HWY,NA,SAME DIRECTION SIDESWIPE,Clear,N/A,Medium,TRAFFIC SIGNAL,NONE DETECTED,Yes,No Apparent Injury,N/A,UNKNOWN,NA,PASSENGER CAR,CHANGING LANES,30,No,2013,BMW,3 SERIES,38.995535,-77.03861167,2022,6,23
220025177,Property Damage Crash,06/11/2022 11:46:00 PM,EAST WEST HWY,NA,SAME DIRECTION SIDESWIPE,Clear,N/A,Medium,TRAFFIC SIGNAL,NONE DETECTED,No,No Apparent Injury,N/A,NOT DISTRACTED,MD,TRANSIT BUS,MOVING CONSTANT SPEED,30,No,2013,NEW FLYER,DE42LFA,38.995535,-77.03861167,2022,6,23
220025175,Property Damage Crash,06/11/2022 11:20:00 PM,NA,NA,SINGLE VEHICLE,Clear,NA,Dark,N/A,NONE DETECTED,Yes,No Apparent Injury,N/A,LOOKED BUT DID NOT SEE,MD,POLICE VEHICLE/NON EMERGENCY,BACKING,5,No,2020,FORD,EXPLORER,39.08323808,-77.10874388,2022,6,23
220025171,Property Damage Crash,06/11/2022 11:08:00 PM,ROCKVILLE PIKE,NA,SINGLE VEHICLE,Clear,DRY,Medium,NO CONTROLS,NONE DETECTED,Yes,No Apparent Injury,N/A,LOOKED BUT DID NOT SEE,MD,MOTORCYCLE,MOVING CONSTANT SPEED,45,No,2022,KAWK,EX400,39.06026,-77.1228,2022,6,23
220025169,Injury Crash,06/11/2022 10:36:00 PM,DEXTER AVE,NA,STRAIGHT MOVEMENT ANGLE,Clear,DRY,Medium,STOP SIGN,NONE DETECTED,Yes,No Apparent Injury,N/A,INATTENTIVE OR LOST IN THOUGHT,MD,PASSENGER CAR,MOVING CONSTANT SPEED,30,No,2014,KIA,4S,39.02206803,-77.04990626,2022,6,22
220025169,Injury Crash,06/11/2022 10:36:00 PM,DEXTER AVE,NA,STRAIGHT MOVEMENT ANGLE,Clear,DRY,Medium,STOP SIGN,NONE DETECTED,No,Possible Minor Injury,N/A,NOT DISTRACTED,MD,PASSENGER CAR,ACCELERATING,30,No,2003,MINI,COOPER,39.02206803,-77.04990626,2022,6,22
220025146,Injury Crash,06/11/2022 07:12:00 PM,WOODFIELD RD,NA,HEAD ON LEFT TURN,Clear,DRY,Daylight,TRAFFIC SIGNAL,NONE DETECTED,Yes,No Apparent Injury,N/A,NOT DISTRACTED,MD,(SPORT) UTILITY VEHICLE,STARTING FROM LANE,40,No,2013,CHEVROLET,TAHOE,39.27331167,-77.204385,2022,6,19
220025146,Injury Crash,06/11/2022 07:12:00 PM,WOODFIELD RD,NA,HEAD ON LEFT TURN,Clear,DRY,Daylight,TRAFFIC SIGNAL,NONE DETECTED,No,Possible Minor Injury,N/A,NOT DISTRACTED,MD,(SPORT) UTILITY VEHICLE,MOVING CONSTANT SPEED,40,No,2019,CHEVROLET,EQUINOX,39.27331167,-77.204385,2022,6,19
220025142,Injury Crash,06/11/2022 06:36:00 PM,FREDERICK RD,NA,STRAIGHT MOVEMENT ANGLE,Clear,DRY,Daylight,STOP SIGN,NONE DETECTED,Yes,No Apparent Injury,N/A,LOOKED BUT DID NOT SEE,MD,PASSENGER CAR,CHANGING LANES,35,No,2021,HONDA,INIGHT,39.14378783,-77.2016555,2022,6,18
220025142,Injury Crash,06/11/2022 06:36:00 PM,FREDERICK RD,NA,STRAIGHT MOVEMENT ANGLE,Clear,DRY,Daylight,STOP SIGN,NONE DETECTED,No,Possible Minor Injury,N/A,NOT DISTRACTED,MD,PASSENGER CAR,MOVING CONSTANT SPEED,35,No,2014,CHEV,2H,39.14378783,-77.2016555,2022,6,18
220025140,Property Damage Crash,06/11/2022 06:32:00 PM,MUNCASTER MILL RD,NA,STRAIGHT MOVEMENT ANGLE,Clear,DRY,Daylight,NO CONTROLS,NONE DETECTED,No,No Apparent Injury,N/A,NOT DISTRACTED,MD,VAN,MOVING CONSTANT SPEED,35,No,2000,HONDA,ODYSSEY,39.1511349,-77.14972143,2022,6,18
220025140,Property Damage Crash,06/11/2022 06:32:00 PM,MUNCASTER MILL RD,NA,STRAIGHT MOVEMENT ANGLE,Clear,DRY,Daylight,NO CONTROLS,NONE DETECTED,Yes,No Apparent Injury,N/A,LOOKED BUT DID NOT SEE,MD,PASSENGER CAR,MAKING LEFT TURN,35,No,2019,TOYOTA,COROLLA,39.1511349,-77.14972143,2022,6,18
220025139,Property Damage Crash,06/11/2022 06:16:00 PM,HUGGINS DR,NA,OTHER,Cloudy,UNKNOWN,Daylight,NO CONTROLS,NONE DETECTED,Yes,No Apparent Injury,N/A,UNKNOWN,NA,UNKNOWN,NEGOTIATING A CURVE,25,No,0,UNKNOWN,UNKNOWN,39.050255,-77.07399,2022,6,18
220025122,Property Damage Crash,06/11/2022 04:28:00 PM,GEORGIA AVE,NA,SAME DIRECTION SIDESWIPE,Clear,DRY,Daylight,NO CONTROLS,NONE DETECTED,No,No Apparent Injury,N/A,NOT DISTRACTED,MD,PASSENGER CAR,MOVING CONSTANT SPEED,35,No,2020,JEEP,TK,39.01772833,-77.04360167,2022,6,16
220025122,Property Damage Crash,06/11/2022 04:28:00 PM,GEORGIA AVE,NA,SAME DIRECTION SIDESWIPE,Clear,DRY,Daylight,NO CONTROLS,NONE DETECTED,Yes,No Apparent Injury,N/A,NOT DISTRACTED,DC,PASSENGER CAR,MOVING CONSTANT SPEED,35,No,2022,MERCEDES,4S,39.01772833,-77.04360167,2022,6,16
220025124,Property Damage Crash,06/11/2022 04:19:00 PM,ROCKVILLE PIKE,NA,SAME DIR REAR END,Cloudy,DRY,Daylight,N/A,NONE DETECTED,No,No Apparent Injury,N/A,NOT DISTRACTED,FL,PASSENGER CAR,SLOWING OR STOPPING,40,No,2021,MERCEDEZ,GLK350,39.05226333,-77.11614,2022,6,16
220025124,Property Damage Crash,06/11/2022 04:19:00 PM,ROCKVILLE PIKE,NA,SAME DIR REAR END,Cloudy,DRY,Daylight,N/A,NONE DETECTED,Yes,No Apparent Injury,N/A,NOT DISTRACTED,MD,PASSENGER CAR,SLOWING OR STOPPING,40,No,2017,CHEVY,CRUZ,39.05226333,-77.11614,2022,6,16
220025118,Injury Crash,06/11/2022 03:45:00 PM,NA,NA,OTHER,Clear,NA,Daylight,NO CONTROLS,NONE DETECTED,Yes,Possible Minor Injury,N/A,UNKNOWN,MD,PASSENGER CAR,PARKING,10,No,2022,ACURA,MDX,39.00128,-77.054195000000007,2022,6,15
220024243,Property Damage Crash,06/11/2022 03:30:00 PM,MARIANNA DR,NA,SAME DIRECTION SIDESWIPE,Clear,DRY,Daylight,NO CONTROLS,NONE DETECTED,Yes,No Apparent Injury,N/A,NOT DISTRACTED,MD,SCHOOL BUS,MOVING CONSTANT SPEED,20,No,2011,THOMAS,PUSH MSDE,39.08428646,-77.09006488,2022,6,15
220025106,Property Damage Crash,06/11/2022 02:56:00 PM,GLENHAVEN PKWY,NA,STRAIGHT MOVEMENT ANGLE,Clear,DRY,Daylight,STOP SIGN,NONE DETECTED,Yes,No Apparent Injury,N/A,LOOKED BUT DID NOT SEE,MD,PASSENGER CAR,ACCELERATING,25,No,2019,BMW,CP,39.03470163,-77.04054148,2022,6,14
220025106,Property Damage Crash,06/11/2022 02:56:00 PM,GLENHAVEN PKWY,NA,STRAIGHT MOVEMENT ANGLE,Clear,DRY,Daylight,STOP SIGN,ALCOHOL PRESENT,No,No Apparent Injury,N/A,LOOKED BUT DID NOT SEE,MD,PASSENGER CAR,ACCELERATING,25,No,2009,ACURA,4S,39.03470163,-77.04054148,2022,6,14
220025107,Property Damage Crash,06/11/2022 02:30:00 PM,WILSON LA,NA,SAME DIR REAR END,Clear,DRY,Daylight,STOP SIGN,NONE DETECTED,Yes,No Apparent Injury,N/A,LOOKED BUT DID NOT SEE,VA,PASSENGER CAR,SLOWING OR STOPPING,30,No,2016,KIA,OPTIMA,38.98715,-77.10333667,2022,6,14
220025107,Property Damage Crash,06/11/2022 02:30:00 PM,WILSON LA,NA,SAME DIR REAR END,Clear,DRY,Daylight,STOP SIGN,NONE DETECTED,No,No Apparent Injury,N/A,NOT DISTRACTED,VA,PASSENGER CAR,STOPPED IN TRAFFIC LANE,30,No,2017,NISSAN,NV2500,38.98715,-77.10333667,2022,6,14
220025098,Injury Crash,06/11/2022 02:00:00 PM,WASHINGTONIAN BLVD,NA,OTHER,Rain,WET,Daylight,NO CONTROLS,NONE DETECTED,Yes,Possible Minor Injury,"RAIN, SNOW, WET",UNKNOWN,MD,PASSENGER CAR,MOVING CONSTANT SPEED,25,No,2009,LEXUS,SUV,39.11641833,-77.19925833,2022,6,14
220025097,Property Damage Crash,06/11/2022 01:47:00 PM,PERRY PKWY,NA,SAME DIR REAR END,Cloudy,WET,Daylight,NO CONTROLS,NONE DETECTED,No,No Apparent Injury,"N/A, WET",NOT DISTRACTED,MD,PASSENGER CAR,SLOWING OR STOPPING,35,No,2007,TOYOTA,RAV4,39.14363488,-77.21187669,2022,6,13
220025097,Property Damage Crash,06/11/2022 01:47:00 PM,PERRY PKWY,NA,SAME DIR REAR END,Cloudy,WET,Daylight,NO CONTROLS,NONE DETECTED,Yes,No Apparent Injury,"N/A, WET",NOT DISTRACTED,MD,PASSENGER CAR,MOVING CONSTANT SPEED,35,No,1997,MAZDA,LX,39.14363488,-77.21187669,2022,6,13
220025088,Property Damage Crash,06/11/2022 12:24:00 PM,ROCKVILLE PIKE,NA,OTHER,Cloudy,WET,Daylight,TRAFFIC SIGNAL,NONE DETECTED,No,No Apparent Injury,"BACKUP DUE TO REGULAR CONGESTION, N/A, WET",NOT DISTRACTED,MD,PASSENGER CAR,STOPPED IN TRAFFIC LANE,35,No,2017,LAND ROVER,RANGE ROVER,39.024277,-77.10232133,2022,6,12
220025088,Property Damage Crash,06/11/2022 12:24:00 PM,ROCKVILLE PIKE,NA,OTHER,Cloudy,WET,Daylight,TRAFFIC SIGNAL,NONE DETECTED,Yes,No Apparent Injury,"BACKUP DUE TO REGULAR CONGESTION, N/A, WET",UNKNOWN,MD,PASSENGER CAR,MOVING CONSTANT SPEED,35,No,2011,NISSAN,4S,39.024277,-77.10232133,2022,6,12
220025088,Property Damage Crash,06/11/2022 12:24:00 PM,ROCKVILLE PIKE,NA,OTHER,Cloudy,WET,Daylight,TRAFFIC SIGNAL,NONE DETECTED,No,No Apparent Injury,"BACKUP DUE TO REGULAR CONGESTION, N/A, WET",NOT DISTRACTED,MD,PASSENGER CAR,STOPPED IN TRAFFIC LANE,35,No,2017,CADILLAC,XT5,39.024277,-77.10232133,2022,6,12
220025153,Property Damage Crash,06/11/2022 10:45:00 AM,NEW HAMPSHIRE AVE,NA,SAME DIR REAR END,Cloudy,N/A,Daylight,TRAFFIC SIGNAL,NONE DETECTED,Yes,No Apparent Injury,N/A,UNKNOWN,NA,PASSENGER CAR,STARTING FROM LANE,40,No,2001,HONDA,CRV,39.03988668,-76.99076606,2022,6,10
220025153,Property Damage Crash,06/11/2022 10:45:00 AM,NEW HAMPSHIRE AVE,NA,SAME DIR REAR END,Cloudy,N/A,Daylight,TRAFFIC SIGNAL,NONE DETECTED,No,No Apparent Injury,N/A,NOT DISTRACTED,MD,PASSENGER CAR,STOPPED IN TRAFFIC LANE,40,No,2019,TOYOTA,CAMRY,39.03988668,-76.99076606,2022,6,10
220025078,Injury Crash,06/11/2022 10:41:00 AM,CAPITAL BELTWAY,NA,SAME DIRECTION SIDESWIPE,Rain,WET,Daylight,NO CONTROLS,NONE DETECTED,Yes,Possible Minor Injury,"RAIN, SNOW, WET",OTHER DISTRACTION,MD,PASSENGER CAR,MOVING CONSTANT SPEED,55,No,2013,TOYT,4S,39.015855,-77.031085,2022,6,10
220025078,Injury Crash,06/11/2022 10:41:00 AM,CAPITAL BELTWAY,NA,SAME DIRECTION SIDESWIPE,Rain,WET,Daylight,NO CONTROLS,NONE DETECTED,No,No Apparent Injury,"RAIN, SNOW, WET",NOT DISTRACTED,MD,PASSENGER CAR,MOVING CONSTANT SPEED,55,No,2012,AUDI,4S,39.015855,-77.031085,2022,6,10
220025073,Property Damage Crash,06/11/2022 10:29:00 AM,BRINK RD,NA,SAME DIR REAR END,Rain,WET,Daylight,N/A,NONE DETECTED,Yes,No Apparent Injury,"BACKUP DUE TO PRIOR CRASH, RAIN, SNOW, WET",UNKNOWN,MD,PASSENGER CAR,MOVING CONSTANT SPEED,30,No,2018,LINCOLN,NAVIGATOR,39.20504833,-77.18660167,2022,6,10
220025073,Property Damage Crash,06/11/2022 10:29:00 AM,BRINK RD,NA,SAME DIR REAR END,Rain,WET,Daylight,N/A,NONE DETECTED,No,No Apparent Injury,"BACKUP DUE TO PRIOR CRASH, RAIN, SNOW, WET",NOT DISTRACTED,MD,PASSENGER CAR,STOPPED IN TRAFFIC LANE,30,No,2019,NISSAN,PATHFINDER,39.20504833,-77.18660167,2022,6,10
220025072,Property Damage Crash,06/11/2022 10:25:00 AM,BRINK RD,NA,OTHER,Rain,WET,Daylight,N/A,NONE DETECTED,No,No Apparent Injury,"RAIN, SNOW, WET",UNKNOWN,NA,UNKNOWN,MOVING CONSTANT SPEED,30,No,0,UNKNOWN,UNKNOWN,39.20491833,-77.18666167,2022,6,10
220025072,Property Damage Crash,06/11/2022 10:25:00 AM,BRINK RD,NA,OTHER,Rain,WET,Daylight,N/A,NONE DETECTED,Yes,No Apparent Injury,"RAIN, SNOW, WET",UNKNOWN,VA,PASSENGER CAR,MOVING CONSTANT SPEED,30,No,2018,NISSAN,MAXIMA,39.20491833,-77.18666167,2022,6,10
220025063,Property Damage Crash,06/11/2022 09:35:00 AM,E JEFFERSON ST,NA,SAME DIR REAR END,Rain,WET,Daylight,TRAFFIC SIGNAL,NONE DETECTED,Yes,No Apparent Injury,"N/A, RAIN, SNOW",LOOKED BUT DID NOT SEE,MD,PASSENGER CAR,MOVING CONSTANT SPEED,35,No,1993,HONDA,ACCORD,39.05078,-77.12830333,2022,6,9
220025063,Property Damage Crash,06/11/2022 09:35:00 AM,E JEFFERSON ST,NA,SAME DIR REAR END,Rain,WET,Daylight,TRAFFIC SIGNAL,NONE DETECTED,No,No Apparent Injury,"N/A, RAIN, SNOW",NOT DISTRACTED,DC,PASSENGER CAR,SLOWING OR STOPPING,35,No,2019,MAZDA,CX-7,39.05078,-77.12830333,2022,6,9
220025065,Injury Crash,06/11/2022 09:32:00 AM,NA,OTHER,N/A,Rain,NA,Daylight,N/A,NONE DETECTED,Yes,No Apparent Injury,"N/A, WET",NOT DISTRACTED,MD,PASSENGER CAR,BACKING,5,No,2012,TOYOTA,RAV 4,39.05456683,-76.967925,2022,6,9
220025061,Property Damage Crash,06/11/2022 09:18:00 AM,RAMP 1 FR IS 270 NB TO MD 28 WB,NA,SINGLE VEHICLE,Rain,WET,Daylight,NO CONTROLS,NONE DETECTED,Yes,No Apparent Injury,"RAIN, SNOW, WET",NOT DISTRACTED,MD,PASSENGER CAR,MOVING CONSTANT SPEED,30,No,2010,NISS,4S,39.08671767,-77.17281867,2022,6,9
220025058,Property Damage Crash,06/11/2022 08:58:00 AM,RANDOLPH RD,NA,SINGLE VEHICLE,Rain,WET,Daylight,TRAFFIC SIGNAL,NONE DETECTED,Yes,No Apparent Injury,"RAIN, SNOW, WET",UNKNOWN,MD,PASSENGER CAR,SKIDDING,35,No,2011,HYUNADI,SONATA,39.05727017,-77.0732,2022,6,8
220025056,Property Damage Crash,06/11/2022 08:26:00 AM,CAPITAL BELTWAY,NA,SINGLE VEHICLE,Rain,WET,Daylight,NO CONTROLS,NONE DETECTED,Yes,No Apparent Injury,"N/A, WET",NOT DISTRACTED,MD,PASSENGER CAR,MOVING CONSTANT SPEED,30,No,2013,FORD,EXPLORER,39.01856085,-76.99090466,2022,6,8
220025054,Property Damage Crash,06/11/2022 07:56:00 AM,CLOPPER RD,NA,SINGLE VEHICLE,Rain,WET,Daylight,NO CONTROLS,NONE DETECTED,Yes,No Apparent Injury,"RAIN, SNOW, WET",NOT DISTRACTED,MD,(SPORT) UTILITY VEHICLE,MOVING CONSTANT SPEED,40,No,2004,JEEP,LIBERTY,39.17997667,-77.30260833,2022,6,7