Local Case Number,ACRS Report Type,Crash Date/Time,Road Name,Related Non-Motorist,Collision Type,Weather,Surface Condition,Light,Traffic Control,Driver Substance Abuse,Driver At Fault,Injury Severity,Circumstance,Driver Distracted By,Drivers License State,Vehicle Body Type,Vehicle Movement,Speed Limit,Driverless Vehicle,Vehicle Year,Vehicle Make,Vehicle Model,Latitude,Longitude,Year,Month,Hour
220025055,Injury Crash,06/11/2022 07:43:00 AM,BEL PRE RD,NA,STRAIGHT MOVEMENT ANGLE,Rain,WET,Daylight,N/A,NONE DETECTED,Yes,Possible Minor Injury,"N/A, WET",NOT DISTRACTED,MD,PASSENGER CAR,MAKING LEFT TURN,35,No,2009,TOYOTA,CAMRY,39.093215,-77.07356833,2022,6,7
220025055,Injury Crash,06/11/2022 07:43:00 AM,BEL PRE RD,NA,STRAIGHT MOVEMENT ANGLE,Rain,WET,Daylight,N/A,NONE DETECTED,No,Possible Minor Injury,"N/A, WET",NOT DISTRACTED,MD,PASSENGER CAR,MOVING CONSTANT SPEED,35,No,2008,HONDA,FIT,39.093215,-77.07356833,2022,6,7
220025042,Injury Crash,06/11/2022 04:04:00 AM,VEIRS MILL RD,NA,SINGLE VEHICLE,Rain,WET,Medium,TRAFFIC SIGNAL,NONE DETECTED,No,Possible Minor Injury,"N/A, WET",NOT DISTRACTED,MD,PASSENGER CAR,MOVING CONSTANT SPEED,35,No,2021,TOYOTA,COROLLA,39.04865833,-77.06916333,2022,6,4
220025040,Injury Crash,06/11/2022 03:20:00 AM,ROCKVILLE PIKE,NA,STRAIGHT MOVEMENT ANGLE,Clear,DRY,Medium,TRAFFIC SIGNAL,NONE DETECTED,No,No Apparent Injury,N/A,NOT DISTRACTED,VA,PASSENGER CAR,MOVING CONSTANT SPEED,35,No,2016,TOYOTA,AVALON,39.04729833,-77.112975,2022,6,3
220025040,Injury Crash,06/11/2022 03:20:00 AM,ROCKVILLE PIKE,NA,STRAIGHT MOVEMENT ANGLE,Clear,DRY,Medium,TRAFFIC SIGNAL,NONE DETECTED,Yes,Possible Minor Injury,N/A,LOOKED BUT DID NOT SEE,MD,PASSENGER CAR,MAKING LEFT TURN,35,No,2010,SUBARU,OUTBACK,39.04729833,-77.112975,2022,6,3
220025035,Property Damage Crash,06/11/2022 02:55:00 AM,DARNESTOWN RD,NA,UNKNOWN,Rain,WET,Medium,FLASHING TRAFFIC SIGNAL,ALCOHOL PRESENT,Yes,No Apparent Injury,N/A,UNKNOWN,VA,PASSENGER CAR,UNKNOWN,40,No,2009,VOLKSWAGON,TIGUAN,39.10058997,-77.2135323,2022,6,2
220025017,Injury Crash,06/10/2022 11:30:00 PM,NEW HAMPSHIRE AVE,NA,HEAD ON LEFT TURN,Clear,DRY,Medium,TRAFFIC SIGNAL,NONE DETECTED,Yes,No Apparent Injury,N/A,UNKNOWN,MD,(SPORT) UTILITY VEHICLE,MAKING LEFT TURN,45,No,2002,TOYOTA,LL,39.10618736,-77.0015025,2022,6,23
220025017,Injury Crash,06/10/2022 11:30:00 PM,NEW HAMPSHIRE AVE,NA,HEAD ON LEFT TURN,Clear,DRY,Medium,TRAFFIC SIGNAL,NONE DETECTED,No,Possible Minor Injury,N/A,NOT DISTRACTED,MD,(SPORT) UTILITY VEHICLE,MOVING CONSTANT SPEED,45,No,2015,AUDI,LL,39.10618736,-77.0015025,2022,6,23
220025009,Injury Crash,06/10/2022 10:35:00 PM,UNIVERSITY BLVD W,PEDESTRIAN,SINGLE VEHICLE,Clear,DRY,Medium,NO CONTROLS,NONE DETECTED,No,No Apparent Injury,N/A,NOT DISTRACTED,MD,PASSENGER CAR,MOVING CONSTANT SPEED,25,No,2011,HONDA,CIVIC,39.0414565,-77.05098933,2022,6,22
220025000,Property Damage Crash,06/10/2022 09:19:00 PM,LOCBURY DR,NA,SINGLE VEHICLE,Clear,DRY,Medium,NO CONTROLS,NONE DETECTED,Yes,No Apparent Injury,N/A,UNKNOWN,NA,NA,UNKNOWN,15,No,0,UNKNOWN,UNKNOWN,39.18768917,-77.26560447,2022,6,21
220024997,Injury Crash,06/10/2022 09:03:00 PM,COLUMBIA PIKE,NA,OTHER,Clear,DRY,Medium,TRAFFIC SIGNAL,NONE DETECTED,No,No Apparent Injury,N/A,LOOKED BUT DID NOT SEE,MD,PASSENGER CAR,MOVING CONSTANT SPEED,25,No,2010,ACURA,TSX,39.06773333,-76.95914333,2022,6,21
220024997,Injury Crash,06/10/2022 09:03:00 PM,COLUMBIA PIKE,NA,OTHER,Clear,DRY,Medium,TRAFFIC SIGNAL,NONE DETECTED,Yes,Possible Minor Injury,N/A,LOOKED BUT DID NOT SEE,MD,POLICE VEHICLE/EMERGENCY,ACCELERATING,50,No,2014,DODGE,CHARGER,39.06773333,-76.95914333,2022,6,21
220024996,Injury Crash,06/10/2022 09:00:00 PM,LOCKWOOD DR,NA,SINGLE VEHICLE,Clear,DRY,Medium,NO CONTROLS,NONE DETECTED,Yes,Possible Minor Injury,N/A,UNKNOWN,MD,PASSENGER CAR,MOVING CONSTANT SPEED,25,No,2015,TOYOTA,CAMRY,39.0414225,-76.98168417,2022,6,21
220024979,Property Damage Crash,06/10/2022 06:30:00 PM,INDEPENDENCE ST,NA,SAME DIR REAR END,Clear,DRY,Daylight,STOP SIGN,NONE DETECTED,Yes,No Apparent Injury,N/A,NOT DISTRACTED,MD,PASSENGER CAR,MOVING CONSTANT SPEED,25,No,1997,HONDA,CIVIC,39.07272883,-77.08682017,2022,6,18
220024979,Property Damage Crash,06/10/2022 06:30:00 PM,INDEPENDENCE ST,NA,SAME DIR REAR END,Clear,DRY,Daylight,STOP SIGN,NONE DETECTED,No,No Apparent Injury,N/A,NOT DISTRACTED,MD,PASSENGER CAR,STOPPED IN TRAFFIC LANE,35,No,2016,HOND,SD,39.07272883,-77.08682017,2022,6,18
220024969,Injury Crash,06/10/2022 05:45:00 PM,ROCKVILLE PIKE,PEDESTRIAN,OTHER,Clear,DRY,Daylight,NO CONTROLS,NONE DETECTED,Yes,No Apparent Injury,N/A,LOOKED BUT DID NOT SEE,MD,(SPORT) UTILITY VEHICLE,ACCELERATING,0,No,2020,TOYOTA,RAV4,39.0756735,-77.13801,2022,6,17
220024962,Property Damage Crash,06/10/2022 04:47:00 PM,MIDDLEBROOK RD,NA,HEAD ON LEFT TURN,Clear,DRY,Daylight,TRAFFIC SIGNAL,NONE DETECTED,Yes,No Apparent Injury,N/A,NOT DISTRACTED,MD,PASSENGER CAR,MOVING CONSTANT SPEED,40,No,2017,HYUNDAI,SONATA,39.17455367,-77.24841024,2022,6,16
220024962,Property Damage Crash,06/10/2022 04:47:00 PM,MIDDLEBROOK RD,NA,HEAD ON LEFT TURN,Clear,DRY,Daylight,TRAFFIC SIGNAL,NONE DETECTED,No,No Apparent Injury,N/A,NOT DISTRACTED,MD,PASSENGER CAR,MOVING CONSTANT SPEED,40,No,2008,HONDA,ACCORD,39.17455367,-77.24841024,2022,6,16
220024944,Injury Crash,06/10/2022 04:00:00 PM,MEDICAL CENTER DR,NA,STRAIGHT MOVEMENT ANGLE,Clear,DRY,Daylight,STOP SIGN,NONE DETECTED,No,No Apparent Injury,N/A,NOT DISTRACTED,MD,PASSENGER CAR,MOVING CONSTANT SPEED,25,No,2014,VOLVO,S60 T5,39.097005,-77.19990167,2022,6,16
220024944,Injury Crash,06/10/2022 04:00:00 PM,MEDICAL CENTER DR,NA,STRAIGHT MOVEMENT ANGLE,Clear,DRY,Daylight,STOP SIGN,NONE DETECTED,Yes,No Apparent Injury,N/A,LOOKED BUT DID NOT SEE,MD,PASSENGER CAR,ACCELERATING,25,No,2014,ACUR,4S,39.097005,-77.19990167,2022,6,16
220024643,Property Damage Crash,06/10/2022 03:24:00 PM,NA,NA,OTHER,Clear,NA,Daylight,NO CONTROLS,NONE DETECTED,Yes,No Apparent Injury,N/A,INATTENTIVE OR LOST IN THOUGHT,NA,VAN,BACKING,5,No,2021,RAM,PROMASTER 3500,39.10905404,-76.99612118,2022,6,15
220024938,Property Damage Crash,06/10/2022 02:29:00 PM,CONNECTICUT AVE,NA,STRAIGHT MOVEMENT ANGLE,Clear,DRY,Daylight,NO CONTROLS,NONE DETECTED,Yes,No Apparent Injury,N/A,LOOKED BUT DID NOT SEE,MD,PASSENGER CAR,MAKING LEFT TURN,35,No,2015,NISSAN,ROGUE,39.03373979,-77.07493,2022,6,14
220024938,Property Damage Crash,06/10/2022 02:29:00 PM,CONNECTICUT AVE,NA,STRAIGHT MOVEMENT ANGLE,Clear,DRY,Daylight,NO CONTROLS,NONE DETECTED,No,No Apparent Injury,N/A,NOT DISTRACTED,MD,PASSENGER CAR,MOVING CONSTANT SPEED,35,No,2020,HONDA,CIVIC,39.03373979,-77.07493,2022,6,14
220024936,Injury Crash,06/10/2022 02:09:00 PM,WOOTTON PKWY,NA,SAME DIR REAR END,Cloudy,DRY,Daylight,NO CONTROLS,NONE DETECTED,Yes,No Apparent Injury,"N/A, ROAD UNDER CONSTRUCTION/MAINTENANCE",NOT DISTRACTED,MD,VAN,SLOWING OR STOPPING,35,No,2009,FORD,ECONOLINE 350,39.06972167,-77.14288167,2022,6,14
220024936,Injury Crash,06/10/2022 02:09:00 PM,WOOTTON PKWY,NA,SAME DIR REAR END,Cloudy,DRY,Daylight,NO CONTROLS,NONE DETECTED,No,No Apparent Injury,"N/A, ROAD UNDER CONSTRUCTION/MAINTENANCE",NOT DISTRACTED,MD,PICKUP TRUCK,STOPPED IN TRAFFIC LANE,35,No,2020,RAM,PK,39.06972167,-77.14288167,2022,6,14
220024936,Injury Crash,06/10/2022 02:09:00 PM,WOOTTON PKWY,NA,SAME DIR REAR END,Cloudy,DRY,Daylight,NO CONTROLS,NONE DETECTED,Unknown,Possible Minor Injury,"N/A, ROAD UNDER CONSTRUCTION/MAINTENANCE",NOT DISTRACTED,MD,(SPORT) UTILITY VEHICLE,SLOWING OR STOPPING,35,No,2005,TOYT,4RUNNER,39.06972167,-77.14288167,2022,6,14
220024919,Property Damage Crash,06/10/2022 12:46:00 PM,E GUDE DR,NA,SAME DIR REAR END,Clear,DRY,Daylight,NO CONTROLS,NONE DETECTED,No,No Apparent Injury,N/A,NOT DISTRACTED,MD,PASSENGER CAR,SLOWING OR STOPPING,40,No,2017,SUBA,2S,39.09363333,-77.13216667,2022,6,12
220024919,Property Damage Crash,06/10/2022 12:46:00 PM,E GUDE DR,NA,SAME DIR REAR END,Clear,DRY,Daylight,NO CONTROLS,NONE DETECTED,Yes,No Apparent Injury,N/A,NOT DISTRACTED,MD,(SPORT) UTILITY VEHICLE,MOVING CONSTANT SPEED,40,No,2014,RAM,TK,39.09363333,-77.13216667,2022,6,12
220024911,Property Damage Crash,06/10/2022 12:30:00 PM,PINEY BRANCH RD,NA,SAME DIR REAR END,Clear,DRY,Daylight,NO CONTROLS,NONE DETECTED,Yes,No Apparent Injury,N/A,NOT DISTRACTED,MD,PASSENGER CAR,MOVING CONSTANT SPEED,30,No,2018,TOYOTA,RAV4,38.999825,-76.9944,2022,6,12
220024911,Property Damage Crash,06/10/2022 12:30:00 PM,PINEY BRANCH RD,NA,SAME DIR REAR END,Clear,DRY,Daylight,NO CONTROLS,NONE DETECTED,No,No Apparent Injury,N/A,NOT DISTRACTED,MD,"MEDIUM/HEAVY TRUCKS 3 AXLES (OVER 10,000LBS (4,536KG))",STOPPED IN TRAFFIC LANE,35,No,2010,FORD,PK,38.999825,-76.9944,2022,6,12
220024918,Property Damage Crash,06/10/2022 12:13:00 PM,ROCKVILLE PIKE,NA,STRAIGHT MOVEMENT ANGLE,Cloudy,DRY,Daylight,STOP SIGN,NONE DETECTED,No,No Apparent Injury,N/A,NOT DISTRACTED,MD,STATION WAGON,MOVING CONSTANT SPEED,35,No,2016,LEXS,NX200T,39.07501325,-77.1364138,2022,6,12
220024918,Property Damage Crash,06/10/2022 12:13:00 PM,ROCKVILLE PIKE,NA,STRAIGHT MOVEMENT ANGLE,Cloudy,DRY,Daylight,STOP SIGN,NONE DETECTED,Yes,No Apparent Injury,N/A,NOT DISTRACTED,FL,VAN,MAKING LEFT TURN,35,No,2017,CHRY,PACIFICA,39.07501325,-77.1364138,2022,6,12
220024904,Property Damage Crash,06/10/2022 11:56:00 AM,VEIRS MILL RD,NA,SAME DIR REAR END,Clear,DRY,Daylight,TRAFFIC SIGNAL,NONE DETECTED,No,No Apparent Injury,N/A,NOT DISTRACTED,TX,PASSENGER CAR,STOPPED IN TRAFFIC LANE,35,No,2021,TOYOTA,4 RUNNER,39.04833167,-77.068775,2022,6,11
220024904,Property Damage Crash,06/10/2022 11:56:00 AM,VEIRS MILL RD,NA,SAME DIR REAR END,Clear,DRY,Daylight,TRAFFIC SIGNAL,NONE DETECTED,Yes,No Apparent Injury,N/A,INATTENTIVE OR LOST IN THOUGHT,MD,PASSENGER CAR,MOVING CONSTANT SPEED,35,No,2014,RAM,TK,39.04833167,-77.068775,2022,6,11
220024904,Property Damage Crash,06/10/2022 11:56:00 AM,VEIRS MILL RD,NA,SAME DIR REAR END,Clear,DRY,Daylight,TRAFFIC SIGNAL,NONE DETECTED,No,No Apparent Injury,N/A,NOT DISTRACTED,MD,PASSENGER CAR,STOPPED IN TRAFFIC LANE,35,No,2006,MERC,UT,39.04833167,-77.068775,2022,6,11
220024901,Property Damage Crash,06/10/2022 11:30:00 AM,GEORGIA AVE,NA,STRAIGHT MOVEMENT ANGLE,Clear,DRY,Daylight,TRAFFIC SIGNAL,NONE DETECTED,Yes,No Apparent Injury,N/A,NOT DISTRACTED,PA,PASSENGER CAR,MOVING CONSTANT SPEED,35,No,2007,SUBARU,OUTBACK,39.013815,-77.04224667,2022,6,11
220024901,Property Damage Crash,06/10/2022 11:30:00 AM,GEORGIA AVE,NA,STRAIGHT MOVEMENT ANGLE,Clear,DRY,Daylight,TRAFFIC SIGNAL,NONE DETECTED,No,No Apparent Injury,N/A,NOT DISTRACTED,MI,PASSENGER CAR,MAKING LEFT TURN,35,No,2011,LEXUS,IS350,39.013815,-77.04224667,2022,6,11
220025013,Property Damage Crash,06/10/2022 11:00:00 AM,ROCKVILLE PIKE,NA,SAME DIR REAR END,Clear,DRY,Medium,TRAFFIC SIGNAL,NONE DETECTED,No,No Apparent Injury,N/A,NOT DISTRACTED,MD,PICKUP TRUCK,MOVING CONSTANT SPEED,45,No,2000,GMC,PK,39.08339234,-77.14677844,2022,6,11
220025013,Property Damage Crash,06/10/2022 11:00:00 AM,ROCKVILLE PIKE,NA,SAME DIR REAR END,Clear,DRY,Medium,TRAFFIC SIGNAL,NONE DETECTED,Yes,No Apparent Injury,N/A,INATTENTIVE OR LOST IN THOUGHT,NA,PICKUP TRUCK,MOVING CONSTANT SPEED,45,Unknown,2007,CHEVROLET,SILVERADO,39.08339234,-77.14677844,2022,6,11
220024906,Property Damage Crash,06/10/2022 10:45:00 AM,NA,NA,SAME DIRECTION SIDESWIPE,Clear,NA,Daylight,NO CONTROLS,NONE DETECTED,Yes,No Apparent Injury,N/A,UNKNOWN,MD,SCHOOL BUS,MOVING CONSTANT SPEED,0,No,2017,THOMAS,SAF-T-LINER,38.9812053,-77.1272099,2022,6,10
220024906,Property Damage Crash,06/10/2022 10:45:00 AM,NA,NA,SAME DIRECTION SIDESWIPE,Clear,NA,Daylight,NO CONTROLS,NONE DETECTED,No,No Apparent Injury,N/A,NOT DISTRACTED,MD,PASSENGER CAR,PARKED,0,No,2013,BUICK,ENCLAVE,38.9812053,-77.1272099,2022,6,10
220024896,Property Damage Crash,06/10/2022 10:26:00 AM,PICKERING PL,NA,SAME DIR REAR END,Clear,DRY,Daylight,NO CONTROLS,NONE DETECTED,Yes,No Apparent Injury,N/A,INATTENTIVE OR LOST IN THOUGHT,MD,PASSENGER CAR,MOVING CONSTANT SPEED,15,No,2008,CHEV,SD,39.18945067,-77.27092233,2022,6,10
220024883,Injury Crash,06/10/2022 09:00:00 AM,BANK ST,NA,STRAIGHT MOVEMENT ANGLE,Clear,DRY,Daylight,NO CONTROLS,NONE DETECTED,No,Possible Minor Injury,N/A,NOT DISTRACTED,MD,PASSENGER CAR,MOVING CONSTANT SPEED,25,No,2019,NISSAN,MAXIMA,39.14031406,-77.22290706,2022,6,9
220024883,Injury Crash,06/10/2022 09:00:00 AM,BANK ST,NA,STRAIGHT MOVEMENT ANGLE,Clear,DRY,Daylight,NO CONTROLS,NONE DETECTED,Yes,No Apparent Injury,N/A,LOOKED BUT DID NOT SEE,MD,PICKUP TRUCK,ACCELERATING,25,No,2014,FORD,F150,39.14031406,-77.22290706,2022,6,9
220024878,Injury Crash,06/10/2022 07:17:00 AM,OLNEY LAYTONSVILLE RD,NA,SAME DIR REND LEFT TURN,Clear,DRY,Daylight,NO CONTROLS,NONE DETECTED,Yes,Possible Minor Injury,N/A,NOT DISTRACTED,MD,VAN,MOVING CONSTANT SPEED,40,No,2005,CHEV,EXPRESS VN,39.19405333,-77.124565,2022,6,7
220024878,Injury Crash,06/10/2022 07:17:00 AM,OLNEY LAYTONSVILLE RD,NA,SAME DIR REND LEFT TURN,Clear,DRY,Daylight,NO CONTROLS,NONE DETECTED,No,No Apparent Injury,N/A,NOT DISTRACTED,MD,PASSENGER CAR,SLOWING OR STOPPING,40,No,2006,TOYOTA,COROLLA 4S,39.19405333,-77.124565,2022,6,7
220024871,Property Damage Crash,06/10/2022 05:06:00 AM,SPRING ST,NA,ANGLE MEETS LEFT TURN,Clear,DRY,Medium,FLASHING TRAFFIC SIGNAL,NONE DETECTED,No,No Apparent Injury,N/A,NOT DISTRACTED,MD,PASSENGER CAR,ACCELERATING,30,No,2007,TOYOTA,CAMRY,38.99786874,-77.0344761,2022,6,5
220024871,Property Damage Crash,06/10/2022 05:06:00 AM,SPRING ST,NA,ANGLE MEETS LEFT TURN,Clear,DRY,Medium,FLASHING TRAFFIC SIGNAL,NONE DETECTED,Yes,No Apparent Injury,N/A,LOOKED BUT DID NOT SEE,VA,PASSENGER CAR,ACCELERATING,30,No,2013,FORD,TAURUS,38.99786874,-77.0344761,2022,6,5
220024868,Injury Crash,06/10/2022 02:55:00 AM,BRIGGS CHANEY RD,NA,SAME DIRECTION LEFT TURN,Clear,DRY,Medium,TRAFFIC SIGNAL,NONE DETECTED,Unknown,Possible Minor Injury,N/A,NOT DISTRACTED,MD,POLICE VEHICLE/EMERGENCY,MAKING LEFT TURN,35,No,2016,FORD,TAURUS,39.07296,-76.93904333,2022,6,2
220024868,Injury Crash,06/10/2022 02:55:00 AM,BRIGGS CHANEY RD,NA,SAME DIRECTION LEFT TURN,Clear,DRY,Medium,TRAFFIC SIGNAL,NONE DETECTED,Yes,Possible Minor Injury,N/A,NOT DISTRACTED,MD,POLICE VEHICLE/EMERGENCY,SLOWING OR STOPPING,35,No,2014,DODGE,CHARGER,39.07296,-76.93904333,2022,6,2
220024862,Property Damage Crash,06/10/2022 12:10:00 AM,BROADWOOD DR,NA,HEAD ON,Clear,DRY,Dark,NO CONTROLS,NONE DETECTED,Yes,No Apparent Injury,N/A,LOOKED BUT DID NOT SEE,MD,PASSENGER CAR,MOVING CONSTANT SPEED,30,No,2011,TOYOTA,CAMRY,39.07642,-77.12436,2022,6,0
220024861,Fatal Crash,06/09/2022 11:37:00 PM,FREDERICK RD,NA,SINGLE VEHICLE,Clear,DRY,Dark,N/A,ALCOHOL PRESENT,Yes,Fatal Injury,N/A,UNKNOWN,MD,PASSENGER CAR,UNKNOWN,40,No,2007,INFINITI,M35,39.16681556,-77.229037,2022,6,23
220024859,Injury Crash,06/09/2022 11:23:00 PM,GEORGIA AVE,NA,SAME DIR REAR END,Clear,DRY,Medium,TRAFFIC SIGNAL,NONE DETECTED,No,Possible Minor Injury,N/A,NOT DISTRACTED,DC,PASSENGER CAR,STOPPED IN TRAFFIC LANE,25,No,2013,BUICK,REGAL,39.03660925,-77.04997908,2022,6,23
220024859,Injury Crash,06/09/2022 11:23:00 PM,GEORGIA AVE,NA,SAME DIR REAR END,Clear,DRY,Medium,TRAFFIC SIGNAL,NONE DETECTED,Yes,No Apparent Injury,N/A,UNKNOWN,NA,PASSENGER CAR,MOVING CONSTANT SPEED,25,No,2006,MAZDA,3,39.03660925,-77.04997908,2022,6,23
220024841,Property Damage Crash,06/09/2022 08:06:00 PM,GERMANTOWN RD,NA,SAME DIR REAR END,Clear,N/A,Medium,N/A,NONE DETECTED,No,No Apparent Injury,"N/A, ROAD UNDER CONSTRUCTION/MAINTENANCE",NOT DISTRACTED,MD,PASSENGER CAR,SLOWING OR STOPPING,40,No,2011,LEXU,4S,39.15686667,-77.285305,2022,6,20
220024841,Property Damage Crash,06/09/2022 08:06:00 PM,GERMANTOWN RD,NA,SAME DIR REAR END,Clear,N/A,Medium,N/A,NONE DETECTED,No,No Apparent Injury,"N/A, ROAD UNDER CONSTRUCTION/MAINTENANCE",NOT DISTRACTED,MD,PASSENGER CAR,SLOWING OR STOPPING,40,No,1997,CHEV,TK,39.15686667,-77.285305,2022,6,20
220024841,Property Damage Crash,06/09/2022 08:06:00 PM,GERMANTOWN RD,NA,SAME DIR REAR END,Clear,N/A,Medium,N/A,NONE DETECTED,Yes,No Apparent Injury,"N/A, ROAD UNDER CONSTRUCTION/MAINTENANCE",NOT DISTRACTED,MD,PASSENGER CAR,MOVING CONSTANT SPEED,40,No,2011,NISS,4S,39.15686667,-77.285305,2022,6,20
220024838,Property Damage Crash,06/09/2022 07:59:00 PM,GEORGIA AVE,NA,SAME DIR REAR END,Clear,DRY,Medium,TRAFFIC SIGNAL,NONE DETECTED,Yes,No Apparent Injury,N/A,USING DEVICE OBJECT BROUGHT INTO VEHICLE,MD,PICKUP TRUCK,SLOWING OR STOPPING,30,No,2018,DODGE,TK,39.14616683,-77.0675525,2022,6,19
220024838,Property Damage Crash,06/09/2022 07:59:00 PM,GEORGIA AVE,NA,SAME DIR REAR END,Clear,DRY,Medium,TRAFFIC SIGNAL,NONE DETECTED,No,No Apparent Injury,N/A,NOT DISTRACTED,MD,PASSENGER CAR,STOPPED IN TRAFFIC LANE,30,No,2009,TOYT,PRIUS,39.14616683,-77.0675525,2022,6,19
220024830,Property Damage Crash,06/09/2022 06:41:00 PM,NA,NA,SAME DIR REAR END,Clear,NA,Daylight,NO CONTROLS,NONE DETECTED,No,No Apparent Injury,N/A,NOT DISTRACTED,MD,PASSENGER CAR,STOPPED IN TRAFFIC LANE,25,No,2022,TOYOTA,COROLA,39.03629866,-77.02832194,2022,6,18
220024830,Property Damage Crash,06/09/2022 06:41:00 PM,NA,NA,SAME DIR REAR END,Clear,NA,Daylight,NO CONTROLS,NONE DETECTED,Yes,No Apparent Injury,N/A,UNKNOWN,NA,PASSENGER CAR,BACKING,25,No,2004,NISSAN,MURANO,39.03629866,-77.02832194,2022,6,18
220024808,Injury Crash,06/09/2022 04:22:00 PM,NA,PEDESTRIAN,SAME DIR REAR END,Clear,NA,Daylight,NO CONTROLS,NONE DETECTED,No,No Apparent Injury,N/A,NOT DISTRACTED,MD,PASSENGER CAR,PARKED,15,No,2016,HONDA,ACCORD,39.148023,-77.22563867,2022,6,16
220024794,Property Damage Crash,06/09/2022 03:30:00 PM,RANDOLPH RD,NA,HEAD ON LEFT TURN,Clear,DRY,Daylight,TRAFFIC SIGNAL,NONE DETECTED,No,No Apparent Injury,N/A,NOT DISTRACTED,MD,VAN,MOVING CONSTANT SPEED,35,No,2009,DODGE,CARAVAN,39.05909517,-77.04731317,2022,6,15
220024794,Property Damage Crash,06/09/2022 03:30:00 PM,RANDOLPH RD,NA,HEAD ON LEFT TURN,Clear,DRY,Daylight,TRAFFIC SIGNAL,NONE DETECTED,Yes,No Apparent Injury,N/A,UNKNOWN,MD,PASSENGER CAR,MAKING LEFT TURN,35,No,2019,VOLKSWAGON,GOLF,39.05909517,-77.04731317,2022,6,15
220024786,Property Damage Crash,06/09/2022 02:30:00 PM,RANDOLPH RD,NA,STRAIGHT MOVEMENT ANGLE,Clear,DRY,Daylight,NO CONTROLS,NONE DETECTED,Yes,No Apparent Injury,N/A,NOT DISTRACTED,NA,NA,ENTERING TRAFFIC LANE,35,No,0,UNKNOWN,UNKNOWN,39.05736333,-77.07821833,2022,6,14
220024786,Property Damage Crash,06/09/2022 02:30:00 PM,RANDOLPH RD,NA,STRAIGHT MOVEMENT ANGLE,Clear,DRY,Daylight,NO CONTROLS,NONE DETECTED,No,No Apparent Injury,N/A,NOT DISTRACTED,MD,PASSENGER CAR,MOVING CONSTANT SPEED,35,No,2004,TOYOTA,COROLLA,39.05736333,-77.07821833,2022,6,14
22000958,Injury Crash,06/09/2022 02:27:00 PM,TUCKERMAN LA,NA,SINGLE VEHICLE,Clear,DRY,Daylight,N/A,NONE DETECTED,Yes,Suspected Serious Injury,N/A,NOT DISTRACTED,MD,PASSENGER CAR,MOVING CONSTANT SPEED,35,No,2003,LINC,TOWN CAR,39.0372365,-77.15344467,2022,6,14
220024799,Property Damage Crash,06/09/2022 02:14:00 PM,NA,NA,OTHER,Clear,NA,Daylight,N/A,NONE DETECTED,Yes,No Apparent Injury,N/A,UNKNOWN,NA,"CARGO VAN/LIGHT TRUCK 2 AXLES (OVER 10,000LBS (4,536 KG))",BACKING,45,No,2018,FORD,TRANSIT,39.05929764,-77.12122337,2022,6,14
220024796,Property Damage Crash,06/09/2022 02:00:00 PM,NA,NA,OTHER,Clear,NA,Daylight,NO CONTROLS,NONE DETECTED,Yes,No Apparent Injury,N/A,UNKNOWN,NA,(SPORT) UTILITY VEHICLE,PARKING,5,No,2014,AUDI,Q5,39.07485083,-77.13779067,2022,6,14
22000955,Property Damage Crash,06/09/2022 01:15:00 PM,INTERCOUNTY CONNECTOR,NA,OTHER,Cloudy,DRY,Daylight,N/A,NONE DETECTED,No,No Apparent Injury,N/A,NOT DISTRACTED,MD,PASSENGER CAR,MOVING CONSTANT SPEED,60,No,2022,RAM,TRUCK,39.11622167,-77.06473767,2022,6,13
22000955,Property Damage Crash,06/09/2022 01:15:00 PM,INTERCOUNTY CONNECTOR,NA,OTHER,Cloudy,DRY,Daylight,N/A,NONE DETECTED,No,No Apparent Injury,N/A,NOT DISTRACTED,MD,OTHER,MOVING CONSTANT SPEED,60,No,2012,CARO,TRAILER,39.11622167,-77.06473767,2022,6,13
220024766,Injury Crash,06/09/2022 01:00:00 PM,LAYHILL RD,NA,STRAIGHT MOVEMENT ANGLE,Clear,DRY,Daylight,NO CONTROLS,NONE DETECTED,No,No Apparent Injury,N/A,NOT DISTRACTED,MD,PASSENGER CAR,MOVING CONSTANT SPEED,40,No,2021,TOYOTA,CAMRY,39.08795167,-77.04491333,2022,6,13
220024766,Injury Crash,06/09/2022 01:00:00 PM,LAYHILL RD,NA,STRAIGHT MOVEMENT ANGLE,Clear,DRY,Daylight,NO CONTROLS,NONE DETECTED,Yes,Possible Minor Injury,N/A,LOOKED BUT DID NOT SEE,MD,PASSENGER CAR,MAKING LEFT TURN,40,No,2020,SUBARU,OUTBACK,39.08795167,-77.04491333,2022,6,13
220024774,Property Damage Crash,06/09/2022 01:00:00 PM,NA,NA,SINGLE VEHICLE,Clear,NA,Daylight,N/A,NONE DETECTED,Unknown,No Apparent Injury,N/A,NOT DISTRACTED,PA,POLICE VEHICLE/NON EMERGENCY,MAKING RIGHT TURN,10,No,2009,SPAR,TK,39.09810333,-77.197075,2022,6,13
220024767,Injury Crash,06/09/2022 12:47:00 PM,SHADY GROVE RD,NA,SAME DIR REAR END,Clear,DRY,Daylight,N/A,NONE DETECTED,Yes,No Apparent Injury,N/A,NOT DISTRACTED,MD,"CARGO VAN/LIGHT TRUCK 2 AXLES (OVER 10,000LBS (4,536 KG))",SLOWING OR STOPPING,45,No,2004,INTL,TK,39.14054167,-77.15225,2022,6,12
220024767,Injury Crash,06/09/2022 12:47:00 PM,SHADY GROVE RD,NA,SAME DIR REAR END,Clear,DRY,Daylight,N/A,NONE DETECTED,No,No Apparent Injury,N/A,NOT DISTRACTED,MD,PICKUP TRUCK,STOPPED IN TRAFFIC LANE,45,No,2018,FORD,TK,39.14054167,-77.15225,2022,6,12
220024780,Injury Crash,06/09/2022 12:30:00 PM,GEORGIA AVE,NA,SAME DIRECTION SIDESWIPE,Clear,DRY,Daylight,NO CONTROLS,NONE DETECTED,Yes,Possible Minor Injury,N/A,UNKNOWN,MD,PASSENGER CAR,CHANGING LANES,40,No,2017,HONDA,CIVIC,39.10542,-77.07638667,2022,6,12
220024780,Injury Crash,06/09/2022 12:30:00 PM,GEORGIA AVE,NA,SAME DIRECTION SIDESWIPE,Clear,DRY,Daylight,NO CONTROLS,NONE DETECTED,No,Possible Minor Injury,N/A,NOT DISTRACTED,MD,RECREATIONAL VEHICLE,MOVING CONSTANT SPEED,40,No,2020,JEEP,WRANGLER,39.10542,-77.07638667,2022,6,12
220024724,Injury Crash,06/09/2022 09:04:00 AM,QUINCE ORCHARD RD,NA,STRAIGHT MOVEMENT ANGLE,Clear,DRY,Daylight,TRAFFIC SIGNAL,NONE DETECTED,No,No Apparent Injury,N/A,NOT DISTRACTED,MD,PASSENGER CAR,SLOWING OR STOPPING,40,No,2005,ACUR,TK,39.13965938,-77.22192732,2022,6,9
220024724,Injury Crash,06/09/2022 09:04:00 AM,QUINCE ORCHARD RD,NA,STRAIGHT MOVEMENT ANGLE,Clear,DRY,Daylight,TRAFFIC SIGNAL,NONE DETECTED,Yes,Possible Minor Injury,N/A,LOOKED BUT DID NOT SEE,MD,PASSENGER CAR,MAKING LEFT TURN,40,No,2009,HYUN,4 DOOR,39.13965938,-77.22192732,2022,6,9
220024724,Injury Crash,06/09/2022 09:04:00 AM,QUINCE ORCHARD RD,NA,STRAIGHT MOVEMENT ANGLE,Clear,DRY,Daylight,TRAFFIC SIGNAL,NONE DETECTED,No,Possible Minor Injury,N/A,NOT DISTRACTED,MD,PASSENGER CAR,MOVING CONSTANT SPEED,40,No,2018,HONDA,UT,39.13965938,-77.22192732,2022,6,9