Local Case Number,ACRS Report Type,Crash Date/Time,Road Name,Related Non-Motorist,Collision Type,Weather,Surface Condition,Light,Traffic Control,Driver Substance Abuse,Driver At Fault,Injury Severity,Circumstance,Driver Distracted By,Drivers License State,Vehicle Body Type,Vehicle Movement,Speed Limit,Driverless Vehicle,Vehicle Year,Vehicle Make,Vehicle Model,Latitude,Longitude,Year,Month,Hour
220024434,Injury Crash,06/07/2022 03:55:00 PM,FATHER HURLEY BLVD,NA,SAME DIR REAR END,Rain,WET,Daylight,TRAFFIC SIGNAL,NONE DETECTED,Yes,No Apparent Injury,"RAIN, SNOW, WET",UNKNOWN,MD,(SPORT) UTILITY VEHICLE,MOVING CONSTANT SPEED,35,No,2010,KIA,SOUL,39.186275,-77.27350833,2022,6,15
220024435,Property Damage Crash,06/07/2022 03:45:00 PM,NA,NA,OPPOSITE DIRECTION SIDESWIPE,Rain,NA,Daylight,NO CONTROLS,NONE DETECTED,Yes,No Apparent Injury,"RAIN, SNOW, RUTS, HOLES, BUMPS",UNKNOWN,NA,PASSENGER CAR,BACKING,5,No,2017,TOYOTA,CAMRY,39.11404721,-77.16189268,2022,6,15
220024435,Property Damage Crash,06/07/2022 03:45:00 PM,NA,NA,OPPOSITE DIRECTION SIDESWIPE,Rain,NA,Daylight,NO CONTROLS,NONE DETECTED,No,No Apparent Injury,"RAIN, SNOW, RUTS, HOLES, BUMPS",NOT DISTRACTED,MD,"MEDIUM/HEAVY TRUCKS 3 AXLES (OVER 10,000LBS (4,536KG))",PARKED,5,No,2011,PETERBILT,388 STEELBODY,39.11404721,-77.16189268,2022,6,15
220024443,Property Damage Crash,06/07/2022 03:37:00 PM,GEORGIA AVE,NA,STRAIGHT MOVEMENT ANGLE,Cloudy,DRY,Daylight,NO CONTROLS,NONE DETECTED,No,No Apparent Injury,N/A,NOT DISTRACTED,MD,SCHOOL BUS,MOVING CONSTANT SPEED,30,No,2017,THOMAS,BUS,39.14812767,-77.06694067,2022,6,15
220024443,Property Damage Crash,06/07/2022 03:37:00 PM,GEORGIA AVE,NA,STRAIGHT MOVEMENT ANGLE,Cloudy,DRY,Daylight,NO CONTROLS,NONE DETECTED,Yes,No Apparent Injury,N/A,LOOKED BUT DID NOT SEE,VA,(SPORT) UTILITY VEHICLE,ACCELERATING,30,No,2018,VOLVO,S60,39.14812767,-77.06694067,2022,6,15
220024442,Property Damage Crash,06/07/2022 03:36:00 PM,GEORGIA AVE,NA,SAME DIRECTION SIDESWIPE,Rain,WET,Daylight,NO CONTROLS,NONE DETECTED,No,No Apparent Injury,"RAIN, SNOW, WET",NOT DISTRACTED,MD,TRANSIT BUS,MOVING CONSTANT SPEED,50,No,2021,NEW FLYER,XD40,39.11849833,-77.07455667,2022,6,15
220024442,Property Damage Crash,06/07/2022 03:36:00 PM,GEORGIA AVE,NA,SAME DIRECTION SIDESWIPE,Rain,WET,Daylight,NO CONTROLS,NONE DETECTED,Yes,No Apparent Injury,"RAIN, SNOW, WET",LOOKED BUT DID NOT SEE,MD,PASSENGER CAR,ENTERING TRAFFIC LANE,50,No,2014,SUBARU,LEGACY,39.11849833,-77.07455667,2022,6,15
220024424,Property Damage Crash,06/07/2022 03:30:00 PM,CRESTFIELD DR,NA,STRAIGHT MOVEMENT ANGLE,Rain,WET,Daylight,YIELD SIGN,NONE DETECTED,Yes,No Apparent Injury,"RAIN, SNOW, WET",UNKNOWN,MD,PASSENGER CAR,MOVING CONSTANT SPEED,25,No,2022,TESLA,MODEL S,39.11376433,-77.17294467,2022,6,15
220024431,Property Damage Crash,06/07/2022 03:30:00 PM,RIO BLVD,NA,OTHER,Rain,WET,Daylight,NO CONTROLS,NONE DETECTED,Yes,No Apparent Injury,"RAIN, SNOW, WET",NOT DISTRACTED,MD,PASSENGER CAR,PARKED,10,No,2021,LEXUS,UX,39.11789463,-77.20043042,2022,6,15
220024424,Property Damage Crash,06/07/2022 03:30:00 PM,CRESTFIELD DR,NA,STRAIGHT MOVEMENT ANGLE,Rain,WET,Daylight,YIELD SIGN,NONE DETECTED,No,No Apparent Injury,"RAIN, SNOW, WET",NOT DISTRACTED,MD,PASSENGER CAR,MOVING CONSTANT SPEED,35,No,2019,VOLVO,4S,39.11376433,-77.17294467,2022,6,15
220024431,Property Damage Crash,06/07/2022 03:30:00 PM,RIO BLVD,NA,OTHER,Rain,WET,Daylight,NO CONTROLS,NONE DETECTED,No,No Apparent Injury,"RAIN, SNOW, WET",NOT DISTRACTED,MD,PASSENGER CAR,PASSING,10,No,2011,BMW,4S,39.11789463,-77.20043042,2022,6,15
220024414,Property Damage Crash,06/07/2022 02:45:00 PM,E RANDOLPH RD,NA,SAME DIR REAR END,Clear,DRY,Daylight,TRAFFIC SIGNAL,NONE DETECTED,No,No Apparent Injury,N/A,NOT DISTRACTED,MD,PICKUP TRUCK,SLOWING OR STOPPING,40,No,2006,TOYT,TK,39.07278017,-76.989346,2022,6,14
220024414,Property Damage Crash,06/07/2022 02:45:00 PM,E RANDOLPH RD,NA,SAME DIR REAR END,Clear,DRY,Daylight,TRAFFIC SIGNAL,NONE DETECTED,Yes,No Apparent Injury,N/A,NOT DISTRACTED,MD,VAN,MOVING CONSTANT SPEED,40,No,2017,CHEVY,VAN,39.07278017,-76.989346,2022,6,14
220024414,Property Damage Crash,06/07/2022 02:45:00 PM,E RANDOLPH RD,NA,SAME DIR REAR END,Clear,DRY,Daylight,TRAFFIC SIGNAL,NONE DETECTED,No,No Apparent Injury,N/A,NOT DISTRACTED,MD,(SPORT) UTILITY VEHICLE,SLOWING OR STOPPING,40,No,2019,LEXUS,SUV,39.07278017,-76.989346,2022,6,14
220024390,Property Damage Crash,06/07/2022 12:15:00 PM,PRINCE PHILIP DR,NA,SINGLE VEHICLE,Clear,DRY,Daylight,NO CONTROLS,NONE DETECTED,Yes,No Apparent Injury,N/A,UNKNOWN,MD,PASSENGER CAR,MAKING LEFT TURN,35,No,2013,FORD,MUSTANG,39.15858667,-77.063885,2022,6,12
220024386,Property Damage Crash,06/07/2022 12:10:00 PM,VEIRS MILL RD,NA,SAME DIR REAR END,Clear,DRY,Daylight,YIELD SIGN,NONE DETECTED,No,No Apparent Injury,N/A,NOT DISTRACTED,MD,SCHOOL BUS,SLOWING OR STOPPING,35,No,2020,THMS,BU,39.081567,-77.14546733,2022,6,12
220024386,Property Damage Crash,06/07/2022 12:10:00 PM,VEIRS MILL RD,NA,SAME DIR REAR END,Clear,DRY,Daylight,YIELD SIGN,NONE DETECTED,Yes,No Apparent Injury,N/A,NOT DISTRACTED,MD,PASSENGER CAR,ACCELERATING,35,No,2009,TOYT,TK,39.081567,-77.14546733,2022,6,12
220024383,Property Damage Crash,06/07/2022 11:47:00 AM,NA,NA,OTHER,Clear,NA,Daylight,N/A,NONE DETECTED,Yes,No Apparent Injury,N/A,NOT DISTRACTED,CA,AMBULANCE/NON EMERGENCY,BACKING,0,No,2018,FRHT LINER,AMBULANCE,38.96297333,-77.12062167,2022,6,11
220024372,Injury Crash,06/07/2022 10:40:00 AM,FREDERICK RD,NA,SAME DIR REAR END,Cloudy,DRY,Daylight,NO CONTROLS,NONE DETECTED,Yes,No Apparent Injury,N/A,NOT DISTRACTED,MD,PASSENGER CAR,STARTING FROM LANE,35,No,2016,HYUNDAI,TUCSON,39.20453752,-77.24566427,2022,6,10
220024372,Injury Crash,06/07/2022 10:40:00 AM,FREDERICK RD,NA,SAME DIR REAR END,Cloudy,DRY,Daylight,NO CONTROLS,NONE DETECTED,No,No Apparent Injury,N/A,NOT DISTRACTED,DC,(SPORT) UTILITY VEHICLE,SLOWING OR STOPPING,35,No,2017,DODGE,JOURNEY,39.20453752,-77.24566427,2022,6,10
220024483,Property Damage Crash,06/07/2022 10:30:00 AM,UNIVERSITY BLVD E,NA,SAME DIR REAR END,Clear,DRY,Daylight,TRAFFIC SIGNAL,NONE DETECTED,No,No Apparent Injury,N/A,NOT DISTRACTED,MD,PASSENGER CAR,STOPPED IN TRAFFIC LANE,40,No,2014,KIA,OPTIMA,38.99417835,-76.99247752,2022,6,10
220024483,Property Damage Crash,06/07/2022 10:30:00 AM,UNIVERSITY BLVD E,NA,SAME DIR REAR END,Clear,DRY,Daylight,TRAFFIC SIGNAL,NONE DETECTED,Yes,No Apparent Injury,N/A,UNKNOWN,NA,PASSENGER CAR,MOVING CONSTANT SPEED,40,No,2011,HYUNDAI,ELANTRA,38.99417835,-76.99247752,2022,6,10
220024360,Property Damage Crash,06/07/2022 09:15:00 AM,ROCKVILLE PIKE,NA,SAME DIR REAR END,Clear,DRY,Daylight,YIELD SIGN,NONE DETECTED,Yes,No Apparent Injury,N/A,NOT DISTRACTED,MD,PASSENGER CAR,ACCELERATING,35,No,2000,MERZ,TK,39.08121967,-77.14565733,2022,6,9
220024360,Property Damage Crash,06/07/2022 09:15:00 AM,ROCKVILLE PIKE,NA,SAME DIR REAR END,Clear,DRY,Daylight,YIELD SIGN,NONE DETECTED,No,No Apparent Injury,N/A,NOT DISTRACTED,MD,PASSENGER CAR,SLOWING OR STOPPING,35,No,2012,TOYT,RAV 4,39.08121967,-77.14565733,2022,6,9
220024348,Property Damage Crash,06/07/2022 08:20:00 AM,SEVEN LOCKS RD,NA,SAME DIR REAR END,Clear,DRY,Daylight,N/A,NONE DETECTED,Yes,No Apparent Injury,N/A,OTHER DISTRACTION,DC,PASSENGER CAR,MOVING CONSTANT SPEED,35,No,2017,FORD,FOCUS,39.05366333,-77.16357167,2022,6,8
220024348,Property Damage Crash,06/07/2022 08:20:00 AM,SEVEN LOCKS RD,NA,SAME DIR REAR END,Clear,DRY,Daylight,N/A,NONE DETECTED,No,No Apparent Injury,N/A,NOT DISTRACTED,MD,PASSENGER CAR,MOVING CONSTANT SPEED,35,No,2012,HYUN,4S,39.05366333,-77.16357167,2022,6,8
220024346,Property Damage Crash,06/07/2022 07:21:00 AM,NA,NA,OPPOSITE DIRECTION SIDESWIPE,Clear,NA,Daylight,N/A,NONE DETECTED,Yes,No Apparent Injury,N/A,NOT DISTRACTED,VA,TRUCK TRACTOR,MAKING LEFT TURN,5,No,2019,FRHT,TRUCK TRACTOR,39.11535413,-77.21819908,2022,6,7
220024342,Property Damage Crash,06/07/2022 06:15:00 AM,NA,NA,OTHER,Clear,NA,Daylight,NO CONTROLS,NONE DETECTED,Yes,No Apparent Injury,N/A,UNKNOWN,NA,PASSENGER CAR,STARTING FROM PARKED,0,No,2017,TOYOTA,RAV4,39.17521974,-77.27120062,2022,6,6
220024342,Property Damage Crash,06/07/2022 06:15:00 AM,NA,NA,OTHER,Clear,NA,Daylight,NO CONTROLS,NONE DETECTED,No,No Apparent Injury,N/A,NOT DISTRACTED,MD,PASSENGER CAR,PARKED,0,No,2018,CHEVROLET,MALIBU,39.17521974,-77.27120062,2022,6,6
220024338,Property Damage Crash,06/07/2022 05:41:00 AM,ROCKVILLE PIKE,NA,SINGLE VEHICLE,Clear,DRY,Daylight,NO CONTROLS,NONE DETECTED,Yes,No Apparent Injury,"N/A, V EXHAUST SYSTEM|R OTHER ROAD",LOOKED BUT DID NOT SEE,MD,PASSENGER CAR,MOVING CONSTANT SPEED,35,No,2014,HYUN,SD,39.01786167,-77.10224667,2022,6,5
220024334,Property Damage Crash,06/07/2022 02:58:00 AM,SHADY GROVE RD,NA,SINGLE VEHICLE,Cloudy,DRY,Medium,TRAFFIC SIGNAL,ALCOHOL PRESENT,Yes,No Apparent Injury,N/A,UNKNOWN,MD,PASSENGER CAR,UNKNOWN,25,No,2015,MITS,LANCER,39.10967444,-77.1877789,2022,6,2
220024331,Property Damage Crash,06/07/2022 02:30:00 AM,NA,NA,OTHER,Clear,NA,Medium,N/A,NONE DETECTED,Unknown,No Apparent Injury,N/A,NOT DISTRACTED,MD,"MEDIUM/HEAVY TRUCKS 3 AXLES (OVER 10,000LBS (4,536KG))",MAKING LEFT TURN,5,No,2019,MACK,TRUCK,39.08887617,-77.14853817,2022,6,2
220024327,Property Damage Crash,06/07/2022 12:49:00 AM,OLD COLUMBIA PIKE,NA,SAME DIR REAR END,Clear,DRY,Medium,NO CONTROLS,NONE DETECTED,Yes,No Apparent Injury,N/A,NOT DISTRACTED,MD,PASSENGER CAR,MOVING CONSTANT SPEED,35,No,2017,HONDA,CIVIC,39.10976335,-76.9348142,2022,6,0
220024327,Property Damage Crash,06/07/2022 12:49:00 AM,OLD COLUMBIA PIKE,NA,SAME DIR REAR END,Clear,DRY,Medium,NO CONTROLS,NONE DETECTED,No,No Apparent Injury,N/A,NOT DISTRACTED,MD,"CARGO VAN/LIGHT TRUCK 2 AXLES (OVER 10,000LBS (4,536 KG))",CHANGING LANES,35,No,2006,FORD,ST,39.10976335,-76.9348142,2022,6,0
220024320,Property Damage Crash,06/06/2022 10:27:00 PM,GEORGIA AVE,NA,HEAD ON LEFT TURN,Clear,DRY,Medium,N/A,NONE DETECTED,Yes,No Apparent Injury,N/A,UNKNOWN,MD,PASSENGER CAR,MOVING CONSTANT SPEED,25,No,2008,PONTIAC,G6,39.03660925,-77.04997908,2022,6,22
220024320,Property Damage Crash,06/06/2022 10:27:00 PM,GEORGIA AVE,NA,HEAD ON LEFT TURN,Clear,DRY,Medium,N/A,NONE DETECTED,No,No Apparent Injury,N/A,NOT DISTRACTED,MD,AMBULANCE/EMERGENCY,PARKED,25,No,2018,FREIGHT,AMBULANCE,39.03660925,-77.04997908,2022,6,22
220024313,Injury Crash,06/06/2022 09:16:00 PM,GEORGIA AVE,NA,HEAD ON LEFT TURN,Clear,DRY,Medium,TRAFFIC SIGNAL,NONE DETECTED,Yes,No Apparent Injury,N/A,NOT DISTRACTED,MD,PASSENGER CAR,ACCELERATING,30,No,2017,TOYOTA,RAV4,39.01558333,-77.042495,2022,6,21
220024309,Property Damage Crash,06/06/2022 09:16:00 PM,GAINSBOROUGH RD,NA,STRAIGHT MOVEMENT ANGLE,Clear,DRY,Medium,STOP SIGN,NONE DETECTED,Yes,No Apparent Injury,N/A,NOT DISTRACTED,MD,(SPORT) UTILITY VEHICLE,MAKING LEFT TURN,25,No,2019,TOYT,UT,39.03072698,-77.1729037,2022,6,21
220024309,Property Damage Crash,06/06/2022 09:16:00 PM,GAINSBOROUGH RD,NA,STRAIGHT MOVEMENT ANGLE,Clear,DRY,Medium,STOP SIGN,NONE DETECTED,No,No Apparent Injury,N/A,NOT DISTRACTED,MD,PASSENGER CAR,MAKING RIGHT TURN,25,No,2016,TOYT,SD,39.03072698,-77.1729037,2022,6,21
220024313,Injury Crash,06/06/2022 09:16:00 PM,GEORGIA AVE,NA,HEAD ON LEFT TURN,Clear,DRY,Medium,TRAFFIC SIGNAL,NONE DETECTED,No,No Apparent Injury,N/A,NOT DISTRACTED,VA,PASSENGER CAR,MAKING LEFT TURN,30,No,2007,TOYOTA,PRIUS,39.01558333,-77.042495,2022,6,21
220024312,Property Damage Crash,06/06/2022 09:15:00 PM,NA,NA,SAME DIRECTION RIGHT TURN,Clear,NA,Medium,NO CONTROLS,NONE DETECTED,Yes,No Apparent Injury,N/A,UNKNOWN,MD,VAN,STARTING FROM PARKED,5,No,2012,MERZ,TK,39.0576422,-77.12528941,2022,6,21
220024312,Property Damage Crash,06/06/2022 09:15:00 PM,NA,NA,SAME DIRECTION RIGHT TURN,Clear,NA,Medium,NO CONTROLS,NONE DETECTED,No,No Apparent Injury,N/A,NOT DISTRACTED,MD,PASSENGER CAR,PARKED,5,No,2018,HOND,ACCORD,39.0576422,-77.12528941,2022,6,21
220024285,Property Damage Crash,06/06/2022 06:28:00 PM,COLUMBIA PIKE,NA,SAME DIR REAR END,Clear,DRY,Daylight,TRAFFIC SIGNAL,NONE DETECTED,No,No Apparent Injury,N/A,NOT DISTRACTED,MD,PASSENGER CAR,STOPPED IN TRAFFIC LANE,45,No,2008,HONDA,CRV,39.0700495,-76.95765733,2022,6,18
220024285,Property Damage Crash,06/06/2022 06:28:00 PM,COLUMBIA PIKE,NA,SAME DIR REAR END,Clear,DRY,Daylight,TRAFFIC SIGNAL,NONE DETECTED,Yes,No Apparent Injury,N/A,LOOKED BUT DID NOT SEE,NA,PASSENGER CAR,MOVING CONSTANT SPEED,45,No,2015,HONDA,CIVIC,39.0700495,-76.95765733,2022,6,18
220024285,Property Damage Crash,06/06/2022 06:28:00 PM,COLUMBIA PIKE,NA,SAME DIR REAR END,Clear,DRY,Daylight,TRAFFIC SIGNAL,NONE DETECTED,No,No Apparent Injury,N/A,NOT DISTRACTED,MD,PASSENGER CAR,STOPPED IN TRAFFIC LANE,45,No,2010,HONDA,CROSSTOUR,39.0700495,-76.95765733,2022,6,18
220024260,Property Damage Crash,06/06/2022 04:48:00 PM,LAYHILL RD,NA,STRAIGHT MOVEMENT ANGLE,Clear,DRY,Daylight,NO CONTROLS,NONE DETECTED,Yes,No Apparent Injury,N/A,UNKNOWN,MD,PASSENGER CAR,ACCELERATING,40,No,2012,TOYOTA,CAMRY,39.087495,-77.04511333,2022,6,16
220024260,Property Damage Crash,06/06/2022 04:48:00 PM,LAYHILL RD,NA,STRAIGHT MOVEMENT ANGLE,Clear,DRY,Daylight,NO CONTROLS,NONE DETECTED,No,No Apparent Injury,N/A,NOT DISTRACTED,MD,PASSENGER CAR,STOPPED IN TRAFFIC LANE,35,No,2014,NISSAN,VERSA,39.087495,-77.04511333,2022,6,16
220024260,Property Damage Crash,06/06/2022 04:48:00 PM,LAYHILL RD,NA,STRAIGHT MOVEMENT ANGLE,Clear,DRY,Daylight,NO CONTROLS,NONE DETECTED,No,No Apparent Injury,N/A,NOT DISTRACTED,MD,PASSENGER CAR,MOVING CONSTANT SPEED,40,No,2009,TOYOTA,VENZA,39.087495,-77.04511333,2022,6,16
220024263,Injury Crash,06/06/2022 04:44:00 PM,BRIGGS CHANEY RD,NA,STRAIGHT MOVEMENT ANGLE,Clear,DRY,Daylight,TRAFFIC SIGNAL,NONE DETECTED,Yes,No Apparent Injury,N/A,NOT DISTRACTED,MD,PASSENGER CAR,MAKING LEFT TURN,40,No,2015,HYUN,SD,39.07308417,-76.93905533,2022,6,16
220024263,Injury Crash,06/06/2022 04:44:00 PM,BRIGGS CHANEY RD,NA,STRAIGHT MOVEMENT ANGLE,Clear,DRY,Daylight,TRAFFIC SIGNAL,NONE DETECTED,No,Possible Minor Injury,N/A,NOT DISTRACTED,MD,PASSENGER CAR,MOVING CONSTANT SPEED,40,No,2013,NISSAN,ALTIMA,39.07308417,-76.93905533,2022,6,16
220024244,Injury Crash,06/06/2022 04:00:00 PM,RAMP 4 FR US 29 NB TO MD 198 EB,PEDESTRIAN,OTHER,Clear,DRY,Daylight,TRAFFIC SIGNAL,NONE DETECTED,Yes,Possible Minor Injury,N/A,NOT DISTRACTED,MD,PASSENGER CAR,MOVING CONSTANT SPEED,50,No,2016,TOYOTA,CAMRY,39.11157667,-76.92853833,2022,6,16
220024244,Injury Crash,06/06/2022 04:00:00 PM,RAMP 4 FR US 29 NB TO MD 198 EB,PEDESTRIAN,OTHER,Clear,DRY,Daylight,TRAFFIC SIGNAL,NONE DETECTED,No,No Apparent Injury,N/A,NOT DISTRACTED,MD,(SPORT) UTILITY VEHICLE,MAKING LEFT TURN,50,No,2021,TESLA,Y,39.11157667,-76.92853833,2022,6,16
220024245,Property Damage Crash,06/06/2022 02:49:00 PM,NA,NA,OTHER,Clear,NA,Daylight,NO CONTROLS,NONE DETECTED,Yes,No Apparent Injury,N/A,UNKNOWN,MD,PASSENGER CAR,BACKING,0,No,2012,CHEVY,MALIBU,38.99544448,-77.03692288,2022,6,14
220024245,Property Damage Crash,06/06/2022 02:49:00 PM,NA,NA,OTHER,Clear,NA,Daylight,NO CONTROLS,NONE DETECTED,No,No Apparent Injury,N/A,NOT DISTRACTED,FL,PASSENGER CAR,STOPPED IN TRAFFIC LANE,0,No,2021,HONDA,HRV,38.99544448,-77.03692288,2022,6,14
220024233,Property Damage Crash,06/06/2022 02:45:00 PM,BRIGGS CHANEY RD,NA,HEAD ON LEFT TURN,Clear,DRY,Daylight,TRAFFIC SIGNAL,NONE DETECTED,No,No Apparent Injury,N/A,NOT DISTRACTED,MD,PASSENGER CAR,MOVING CONSTANT SPEED,30,No,2019,HONDA,CIVIC,39.07294145,-76.93893145,2022,6,14
220024233,Property Damage Crash,06/06/2022 02:45:00 PM,BRIGGS CHANEY RD,NA,HEAD ON LEFT TURN,Clear,DRY,Daylight,TRAFFIC SIGNAL,NONE DETECTED,Yes,No Apparent Injury,N/A,LOOKED BUT DID NOT SEE,MD,PASSENGER CAR,MAKING LEFT TURN,30,No,2004,TOYOTA,SOLARA,39.07294145,-76.93893145,2022,6,14
220024222,Property Damage Crash,06/06/2022 01:49:00 PM,NA,NA,HEAD ON,Clear,NA,Daylight,NO CONTROLS,NONE DETECTED,Yes,No Apparent Injury,N/A,OTHER DISTRACTION,DC,PASSENGER CAR,STARTING FROM PARKED,10,No,2017,TOYOTA,PRIUS,39.03086,-77.07617333,2022,6,13
220024211,Property Damage Crash,06/06/2022 01:12:00 PM,SHADY GROVE RD,NA,STRAIGHT MOVEMENT ANGLE,Clear,DRY,Daylight,TRAFFIC SIGNAL,NONE DETECTED,Yes,No Apparent Injury,N/A,NOT DISTRACTED,MD,PASSENGER CAR,SLOWING OR STOPPING,40,No,2001,TOYOTA,CAMRY,39.1118,-77.18707833,2022,6,13
220024211,Property Damage Crash,06/06/2022 01:12:00 PM,SHADY GROVE RD,NA,STRAIGHT MOVEMENT ANGLE,Clear,DRY,Daylight,TRAFFIC SIGNAL,NONE DETECTED,Yes,No Apparent Injury,N/A,NOT DISTRACTED,US,(SPORT) UTILITY VEHICLE,MAKING LEFT TURN,40,No,2019,HYUN,SANTA FE,39.1118,-77.18707833,2022,6,13
220024205,Injury Crash,06/06/2022 12:41:00 PM,SHADY GROVE RD,NA,SAME DIR REAR END,Clear,DRY,Daylight,TRAFFIC SIGNAL,NONE DETECTED,No,No Apparent Injury,N/A,NOT DISTRACTED,MD,(SPORT) UTILITY VEHICLE,SLOWING OR STOPPING,40,No,2005,ACUR,MDX,39.12042111,-77.18009005,2022,6,12
220024205,Injury Crash,06/06/2022 12:41:00 PM,SHADY GROVE RD,NA,SAME DIR REAR END,Clear,DRY,Daylight,TRAFFIC SIGNAL,NONE DETECTED,Yes,No Apparent Injury,N/A,NOT DISTRACTED,MD,"MEDIUM/HEAVY TRUCKS 3 AXLES (OVER 10,000LBS (4,536KG))",SLOWING OR STOPPING,40,No,2018,MACK,TRASH TRUCK,39.12042111,-77.18009005,2022,6,12
220024201,Property Damage Crash,06/06/2022 12:30:00 PM,ROCKVILLE PIKE,NA,STRAIGHT MOVEMENT ANGLE,Clear,DRY,Daylight,TRAFFIC SIGNAL,NONE DETECTED,Yes,No Apparent Injury,N/A,INATTENTIVE OR LOST IN THOUGHT,PA,PASSENGER CAR,MOVING CONSTANT SPEED,40,No,2016,MAZDA,3,39.074707,-77.13558617,2022,6,12
220024201,Property Damage Crash,06/06/2022 12:30:00 PM,ROCKVILLE PIKE,NA,STRAIGHT MOVEMENT ANGLE,Clear,DRY,Daylight,TRAFFIC SIGNAL,NONE DETECTED,No,No Apparent Injury,N/A,NOT DISTRACTED,MD,POLICE VEHICLE/EMERGENCY,STARTING FROM LANE,40,No,2017,FORD,4S,39.074707,-77.13558617,2022,6,12
220024187,Property Damage Crash,06/06/2022 10:47:00 AM,ROCKVILLE PIKE,NA,STRAIGHT MOVEMENT ANGLE,Clear,DRY,Daylight,TRAFFIC SIGNAL,NONE DETECTED,Yes,No Apparent Injury,N/A,NOT DISTRACTED,MD,PASSENGER CAR,MOVING CONSTANT SPEED,40,No,2008,HYUN,TK,39.057425,-77.120765,2022,6,10
220024187,Property Damage Crash,06/06/2022 10:47:00 AM,ROCKVILLE PIKE,NA,STRAIGHT MOVEMENT ANGLE,Clear,DRY,Daylight,TRAFFIC SIGNAL,NONE DETECTED,Yes,No Apparent Injury,N/A,NOT DISTRACTED,MD,PASSENGER CAR,MOVING CONSTANT SPEED,40,No,2007,TOYT,4S,39.057425,-77.120765,2022,6,10
220024176,Property Damage Crash,06/06/2022 10:33:00 AM,NA,NA,HEAD ON,Clear,NA,Daylight,NO CONTROLS,NONE DETECTED,Yes,No Apparent Injury,N/A,INATTENTIVE OR LOST IN THOUGHT,VA,PASSENGER CAR,BACKING,5,No,2018,FORD,4S,39.08398933,-77.15305133,2022,6,10
220024175,Property Damage Crash,06/06/2022 10:04:00 AM,SILVER SPRING AVE,NA,OTHER,Clear,DRY,Daylight,NO CONTROLS,NONE DETECTED,No,No Apparent Injury,N/A,NOT DISTRACTED,MD,TRANSIT BUS,STOPPED IN TRAFFIC LANE,25,No,2009,GILL,BUS,38.99207833,-77.01422833,2022,6,10
220024175,Property Damage Crash,06/06/2022 10:04:00 AM,SILVER SPRING AVE,NA,OTHER,Clear,DRY,Daylight,NO CONTROLS,NONE DETECTED,Yes,No Apparent Injury,N/A,NOT DISTRACTED,MD,"CARGO VAN/LIGHT TRUCK 2 AXLES (OVER 10,000LBS (4,536 KG))",MAKING RIGHT TURN,25,No,2021,FORD,F350,38.99207833,-77.01422833,2022,6,10
22002174,Property Damage Crash,06/06/2022 09:58:00 AM,E GUDE DR,NA,SAME DIR REAR END,Clear,DRY,Daylight,N/A,NONE DETECTED,No,No Apparent Injury,N/A,NOT DISTRACTED,MD,(SPORT) UTILITY VEHICLE,MOVING CONSTANT SPEED,40,No,2013,SUBARU,CROSS,39.10655333,-77.15089833,2022,6,9
22002174,Property Damage Crash,06/06/2022 09:58:00 AM,E GUDE DR,NA,SAME DIR REAR END,Clear,DRY,Daylight,N/A,NONE DETECTED,Yes,No Apparent Injury,N/A,INATTENTIVE OR LOST IN THOUGHT,MD,(SPORT) UTILITY VEHICLE,MOVING CONSTANT SPEED,40,No,2020,CHEV,UT,39.10655333,-77.15089833,2022,6,9
220024162,Injury Crash,06/06/2022 08:27:00 AM,WISCONSIN AVE,PEDESTRIAN,OTHER,Clear,DRY,Daylight,TRAFFIC SIGNAL,NONE DETECTED,Yes,No Apparent Injury,N/A,NOT DISTRACTED,MD,(SPORT) UTILITY VEHICLE,MAKING LEFT TURN,25,No,2019,ACURA,RDX,38.97849333,-77.09124833,2022,6,8
220024152,Property Damage Crash,06/06/2022 07:00:00 AM,OLD HUNDRED RD,NA,OTHER,Clear,DRY,Daylight,NO CONTROLS,NONE DETECTED,No,No Apparent Injury,N/A,NOT DISTRACTED,MD,PASSENGER CAR,MOVING CONSTANT SPEED,30,No,2003,TOYOTA,SOLARA,39.27757667,-77.32426,2022,6,7
220024152,Property Damage Crash,06/06/2022 07:00:00 AM,OLD HUNDRED RD,NA,OTHER,Clear,DRY,Daylight,NO CONTROLS,NONE DETECTED,Yes,No Apparent Injury,N/A,NOT DISTRACTED,MD,(SPORT) UTILITY VEHICLE,MAKING LEFT TURN,30,No,2015,TOYOTA,RAV4,39.27757667,-77.32426,2022,6,7
220024152,Property Damage Crash,06/06/2022 07:00:00 AM,OLD HUNDRED RD,NA,OTHER,Clear,DRY,Daylight,NO CONTROLS,NONE DETECTED,No,No Apparent Injury,N/A,NOT DISTRACTED,MD,PASSENGER CAR,STOPPED IN TRAFFIC LANE,30,No,2016,HYUNDAI,SONATA,39.27757667,-77.32426,2022,6,7
220024151,Property Damage Crash,06/06/2022 06:44:00 AM,SANDY SPRING RD,NA,STRAIGHT MOVEMENT ANGLE,Clear,DRY,Daylight,TRAFFIC SIGNAL,NONE DETECTED,No,No Apparent Injury,N/A,NOT DISTRACTED,MD,VAN,MAKING LEFT TURN,35,No,2013,TOYT,VN,39.1062025,-76.91853633,2022,6,6
220024151,Property Damage Crash,06/06/2022 06:44:00 AM,SANDY SPRING RD,NA,STRAIGHT MOVEMENT ANGLE,Clear,DRY,Daylight,TRAFFIC SIGNAL,NONE DETECTED,Yes,No Apparent Injury,N/A,NOT DISTRACTED,MD,PASSENGER CAR,MOVING CONSTANT SPEED,35,No,2012,INFINITY,G37S,39.1062025,-76.91853633,2022,6,6
220024140,Injury Crash,06/06/2022 01:06:00 AM,NA,PEDESTRIAN,OTHER,Clear,NA,Medium,NO CONTROLS,NONE DETECTED,Yes,No Apparent Injury,N/A,UNKNOWN,NA,NA,UNKNOWN,5,No,0,UNKNOWN,UNKNOWN,39.0764055,-77.11770133,2022,6,1
220024135,Property Damage Crash,06/05/2022 11:36:00 PM,NA,NA,OTHER,Clear,NA,Medium,N/A,ALCOHOL PRESENT,Yes,No Apparent Injury,N/A,UNKNOWN,MD,PASSENGER CAR,MOVING CONSTANT SPEED,15,No,2003,CHEVROLET,4D,39.1264155,-77.2108435,2022,6,23
220024117,Property Damage Crash,06/05/2022 07:33:00 PM,NA,NA,UNKNOWN,Clear,NA,Daylight,NO CONTROLS,NONE DETECTED,Yes,No Apparent Injury,N/A,UNKNOWN,MD,(SPORT) UTILITY VEHICLE,UNKNOWN,5,No,2000,CHEV,SUBURBAN,39.07429441,-77.13723376,2022,6,19
220024112,Property Damage Crash,06/05/2022 06:50:00 PM,CONNECTICUT AVE,NA,SAME DIR REAR END,Clear,DRY,Daylight,NO CONTROLS,NONE DETECTED,Yes,No Apparent Injury,N/A,UNKNOWN,NA,PASSENGER CAR,UNKNOWN,30,No,2021,TESLA,Y,38.97465829,-77.0770179,2022,6,18
220024112,Property Damage Crash,06/05/2022 06:50:00 PM,CONNECTICUT AVE,NA,SAME DIR REAR END,Clear,DRY,Daylight,NO CONTROLS,NONE DETECTED,No,No Apparent Injury,N/A,NOT DISTRACTED,MD,PASSENGER CAR,STOPPED IN TRAFFIC LANE,30,No,2014,SUBARU,OUTBACK,38.97465829,-77.0770179,2022,6,18
220024098,Property Damage Crash,06/05/2022 04:45:00 PM,WESTBARD AVE,NA,HEAD ON LEFT TURN,Clear,DRY,Daylight,TRAFFIC SIGNAL,NONE DETECTED,Yes,No Apparent Injury,N/A,NOT DISTRACTED,DC,PASSENGER CAR,MAKING LEFT TURN,25,No,2010,VOLVO,XC70,38.96197917,-77.10662033,2022,6,16