Local Case Number,ACRS Report Type,Crash Date/Time,Road Name,Related Non-Motorist,Collision Type,Weather,Surface Condition,Light,Traffic Control,Driver Substance Abuse,Driver At Fault,Injury Severity,Circumstance,Driver Distracted By,Drivers License State,Vehicle Body Type,Vehicle Movement,Speed Limit,Driverless Vehicle,Vehicle Year,Vehicle Make,Vehicle Model,Latitude,Longitude,Year,Month,Hour
220024098,Property Damage Crash,06/05/2022 04:45:00 PM,WESTBARD AVE,NA,HEAD ON LEFT TURN,Clear,DRY,Daylight,TRAFFIC SIGNAL,NONE DETECTED,No,No Apparent Injury,N/A,NOT DISTRACTED,MD,PASSENGER CAR,MOVING CONSTANT SPEED,25,No,2010,TOYOTA,AVALON,38.96197917,-77.10662033,2022,6,16
220024091,Injury Crash,06/05/2022 03:44:00 PM,FREDERICK RD,NA,HEAD ON LEFT TURN,Clear,DRY,Daylight,TRAFFIC SIGNAL,NONE DETECTED,Yes,Possible Minor Injury,N/A,NOT DISTRACTED,MD,PASSENGER CAR,MAKING LEFT TURN,25,No,2016,TOYOTA,COROLLA,39.1781715,-77.238233,2022,6,15
220024091,Injury Crash,06/05/2022 03:44:00 PM,FREDERICK RD,NA,HEAD ON LEFT TURN,Clear,DRY,Daylight,TRAFFIC SIGNAL,NONE DETECTED,No,No Apparent Injury,N/A,NOT DISTRACTED,MD,PICKUP TRUCK,ACCELERATING,25,No,2008,CHEV,PK,39.1781715,-77.238233,2022,6,15
220024093,Injury Crash,06/05/2022 03:24:00 PM,TUCKERMAN LA,BICYCLIST,SINGLE VEHICLE,Clear,DRY,Daylight,NO CONTROLS,NONE DETECTED,Yes,No Apparent Injury,N/A,NOT DISTRACTED,MD,(SPORT) UTILITY VEHICLE,MOVING CONSTANT SPEED,35,No,2022,ACURA,MDX,39.0417576,-77.17706036,2022,6,15
220024084,Injury Crash,06/05/2022 02:39:00 PM,LINDELL ST,PEDESTRIAN,OTHER,Clear,DRY,Daylight,NO CONTROLS,NONE DETECTED,Yes,No Apparent Injury,N/A,NOT DISTRACTED,MD,PASSENGER CAR,SLOWING OR STOPPING,25,No,2015,HONDA,ACCORD,39.0559565,-77.05680483,2022,6,14
220024076,Property Damage Crash,06/05/2022 01:51:00 PM,TUCKER LA,NA,SINGLE VEHICLE,Clear,DRY,Daylight,NO CONTROLS,ALCOHOL PRESENT,Yes,No Apparent Injury,N/A,NOT DISTRACTED,FL,PASSENGER CAR,UNKNOWN,30,No,2008,HONDA,4D,39.14689777,-76.9882239,2022,6,13
220024068,Injury Crash,06/05/2022 12:27:00 PM,GEORGIA AVE,NA,SAME DIR REAR END,Clear,DRY,Daylight,N/A,NONE DETECTED,No,No Apparent Injury,N/A,NOT DISTRACTED,DC,(SPORT) UTILITY VEHICLE,STOPPED IN TRAFFIC LANE,35,No,2020,ACURA,RDX,39.00949667,-77.04081,2022,6,12
220024068,Injury Crash,06/05/2022 12:27:00 PM,GEORGIA AVE,NA,SAME DIR REAR END,Clear,DRY,Daylight,N/A,NONE DETECTED,No,No Apparent Injury,N/A,NOT DISTRACTED,MD,"OTHER LIGHT TRUCKS (10,000LBS (4,536KG) OR LESS)",STOPPED IN TRAFFIC LANE,35,No,2010,FREIGHTLINE,TRUCK,39.00949667,-77.04081,2022,6,12
220024068,Injury Crash,06/05/2022 12:27:00 PM,GEORGIA AVE,NA,SAME DIR REAR END,Clear,DRY,Daylight,N/A,NONE DETECTED,No,No Apparent Injury,N/A,NOT DISTRACTED,MD,(SPORT) UTILITY VEHICLE,STOPPED IN TRAFFIC LANE,35,No,2019,AUDI,Q7,39.00949667,-77.04081,2022,6,12
220024068,Injury Crash,06/05/2022 12:27:00 PM,GEORGIA AVE,NA,SAME DIR REAR END,Clear,DRY,Daylight,N/A,DRUG PRESENT,Yes,Possible Minor Injury,N/A,UNKNOWN,PA,PASSENGER CAR,SLOWING OR STOPPING,35,No,2007,DODGE,CALIBER,39.00949667,-77.04081,2022,6,12
220024061,Property Damage Crash,06/05/2022 11:19:00 AM,COLUMBIA PIKE,NA,SAME DIR REND LEFT TURN,Clear,DRY,Daylight,NO CONTROLS,NONE DETECTED,No,No Apparent Injury,N/A,NOT DISTRACTED,MD,PASSENGER CAR,MOVING CONSTANT SPEED,50,No,2013,TOYT,TK,39.05939676,-76.96645908,2022,6,11
220024061,Property Damage Crash,06/05/2022 11:19:00 AM,COLUMBIA PIKE,NA,SAME DIR REND LEFT TURN,Clear,DRY,Daylight,NO CONTROLS,NONE DETECTED,Yes,No Apparent Injury,N/A,NOT DISTRACTED,MD,PASSENGER CAR,SLOWING OR STOPPING,50,No,2017,TOYOTA,HIGHLANDER,39.05939676,-76.96645908,2022,6,11
220024284,Property Damage Crash,06/05/2022 11:00:00 AM,NA,NA,UNKNOWN,Clear,NA,Daylight,NO CONTROLS,NONE DETECTED,Yes,No Apparent Injury,N/A,UNKNOWN,NA,PASSENGER CAR,UNKNOWN,0,No,2022,TOYOTA,CAMRY,39.15440354,-77.0636421,2022,6,11
220024059,Property Damage Crash,06/05/2022 11:00:00 AM,QUINCE ORCHARD RD,NA,SAME DIR REAR END,Clear,DRY,Daylight,NO CONTROLS,NONE DETECTED,Yes,No Apparent Injury,N/A,UNKNOWN,MD,PASSENGER CAR,MOVING CONSTANT SPEED,25,No,2017,HONDA,CIVIC,39.14877077,-77.21743267,2022,6,11
220024059,Property Damage Crash,06/05/2022 11:00:00 AM,QUINCE ORCHARD RD,NA,SAME DIR REAR END,Clear,DRY,Daylight,NO CONTROLS,NONE DETECTED,No,No Apparent Injury,N/A,NOT DISTRACTED,MD,PASSENGER CAR,SLOWING OR STOPPING,25,No,2014,TOYOTA,UT,39.14877077,-77.21743267,2022,6,11
220024054,Property Damage Crash,06/05/2022 10:20:00 AM,NA,NA,SINGLE VEHICLE,Clear,NA,Daylight,NO CONTROLS,NONE DETECTED,Yes,No Apparent Injury,N/A,INATTENTIVE OR LOST IN THOUGHT,MD,PASSENGER CAR,ACCELERATING,15,No,2005,TOYOTA,CAMRY,39.12010167,-77.02187667,2022,6,10
220024026,Injury Crash,06/05/2022 02:30:00 AM,RIDGE RD,NA,STRAIGHT MOVEMENT ANGLE,Clear,DRY,Medium,FLASHING TRAFFIC SIGNAL,NONE DETECTED,Yes,Possible Minor Injury,N/A,NOT DISTRACTED,MD,PASSENGER CAR,MOVING CONSTANT SPEED,45,No,2015,JEEP,TRK,39.19767833,-77.274375,2022,6,2
220024026,Injury Crash,06/05/2022 02:30:00 AM,RIDGE RD,NA,STRAIGHT MOVEMENT ANGLE,Clear,DRY,Medium,FLASHING TRAFFIC SIGNAL,NONE DETECTED,No,Possible Minor Injury,N/A,NOT DISTRACTED,MD,PASSENGER CAR,ACCELERATING,45,No,2003,BMW,X8,39.19767833,-77.274375,2022,6,2
220024017,Property Damage Crash,06/05/2022 12:41:00 AM,UNIVERSITY BLVD E,NA,STRAIGHT MOVEMENT ANGLE,Clear,DRY,Medium,TRAFFIC SIGNAL,NONE DETECTED,Yes,No Apparent Injury,N/A,UNKNOWN,NA,PASSENGER CAR,MOVING CONSTANT SPEED,35,No,2014,NISSAN,MAXIMA,38.9997,-76.99520167,2022,6,0
220024017,Property Damage Crash,06/05/2022 12:41:00 AM,UNIVERSITY BLVD E,NA,STRAIGHT MOVEMENT ANGLE,Clear,DRY,Medium,TRAFFIC SIGNAL,NONE DETECTED,No,No Apparent Injury,N/A,NOT DISTRACTED,MD,PASSENGER CAR,MOVING CONSTANT SPEED,35,No,2013,HYUNDAI,SD,38.9997,-76.99520167,2022,6,0
220024025,Injury Crash,06/05/2022 12:22:00 AM,CLARKSBURG RD,NA,SINGLE VEHICLE,Clear,DRY,Medium,NO CONTROLS,NONE DETECTED,Yes,Possible Minor Injury,N/A,INATTENTIVE OR LOST IN THOUGHT,DC,MOTORCYCLE,MOVING CONSTANT SPEED,35,No,2004,HARLEY DAVIDSON,ROAD KING,39.2266,-77.2903,2022,6,0
220024008,Injury Crash,06/04/2022 10:51:00 PM,CAPITOL VIEW AVE,NA,N/A,Clear,DRY,Medium,N/A,ALCOHOL PRESENT,Yes,Possible Minor Injury,N/A,UNKNOWN,MD,(SPORT) UTILITY VEHICLE,MOVING CONSTANT SPEED,25,No,2018,TOYOTA,RAV4,39.01547233,-77.05605317,2022,6,22
220024002,Property Damage Crash,06/04/2022 10:20:00 PM,NORBECK RD,NA,SAME DIR REAR END,Clear,DRY,Medium,NO CONTROLS,NONE DETECTED,No,No Apparent Injury,N/A,NOT DISTRACTED,MD,PASSENGER CAR,MOVING CONSTANT SPEED,45,No,2012,VOLKSWAGON,JETTA,39.096835,-77.10747667,2022,6,22
220024007,Property Damage Crash,06/04/2022 10:20:00 PM,COLUMBIA PIKE,NA,SAME DIR REAR END,Clear,DRY,Medium,TRAFFIC SIGNAL,NONE DETECTED,Yes,No Apparent Injury,N/A,UNKNOWN,NA,UNKNOWN,MOVING CONSTANT SPEED,35,No,0,UNKNOWN,UNKNOWN,39.0552865,-76.97082417,2022,6,22
220024007,Property Damage Crash,06/04/2022 10:20:00 PM,COLUMBIA PIKE,NA,SAME DIR REAR END,Clear,DRY,Medium,TRAFFIC SIGNAL,NONE DETECTED,No,No Apparent Injury,N/A,NOT DISTRACTED,VA,PASSENGER CAR,STOPPED IN TRAFFIC LANE,35,No,2018,CHEVY,MALIBU,39.0552865,-76.97082417,2022,6,22
220024002,Property Damage Crash,06/04/2022 10:20:00 PM,NORBECK RD,NA,SAME DIR REAR END,Clear,DRY,Medium,NO CONTROLS,NONE DETECTED,Yes,No Apparent Injury,N/A,UNKNOWN,MD,PASSENGER CAR,UNKNOWN,45,No,2004,BMW,4S,39.096835,-77.10747667,2022,6,22
220023992,Injury Crash,06/04/2022 07:55:00 PM,COLUMBIA PIKE,NA,SINGLE VEHICLE,Clear,DRY,Medium,NO CONTROLS,NONE DETECTED,Yes,Possible Minor Injury,N/A,UNKNOWN,MD,PASSENGER CAR,MOVING CONSTANT SPEED,50,No,2000,CHEVY,TRAIL BLAZER,39.05373783,-76.97516533,2022,6,19
220023986,Injury Crash,06/04/2022 06:05:00 PM,WOODFIELD RD,NA,SINGLE VEHICLE,Clear,DRY,Daylight,TRAFFIC SIGNAL,ALCOHOL PRESENT,Yes,Possible Minor Injury,N/A,UNKNOWN,MD,PASSENGER CAR,ACCELERATING,40,No,2020,VOLKS,JETTA,39.20414084,-77.16243114,2022,6,18
220023973,Property Damage Crash,06/04/2022 05:20:00 PM,NA,NA,SINGLE VEHICLE,Clear,NA,Daylight,NO CONTROLS,NONE DETECTED,Yes,No Apparent Injury,N/A,LOOKED BUT DID NOT SEE,MD,PASSENGER CAR,MOVING CONSTANT SPEED,15,No,2018,JAGUAR,F-PACE,39.15048833,-77.06631333,2022,6,17
220023972,Injury Crash,06/04/2022 04:47:00 PM,MIDDLEBROOK RD,NA,SAME DIR REAR END,Clear,DRY,Daylight,TRAFFIC SIGNAL,NONE DETECTED,No,No Apparent Injury,N/A,NOT DISTRACTED,MD,PASSENGER CAR,STOPPED IN TRAFFIC LANE,40,No,2016,NISSAN,ALTIMA,39.17516355,-77.25339092,2022,6,16
220023972,Injury Crash,06/04/2022 04:47:00 PM,MIDDLEBROOK RD,NA,SAME DIR REAR END,Clear,DRY,Daylight,TRAFFIC SIGNAL,NONE DETECTED,No,No Apparent Injury,N/A,NOT DISTRACTED,MD,PASSENGER CAR,STOPPED IN TRAFFIC LANE,40,No,2009,HYUNDAI,ELANATRA,39.17516355,-77.25339092,2022,6,16
220023972,Injury Crash,06/04/2022 04:47:00 PM,MIDDLEBROOK RD,NA,SAME DIR REAR END,Clear,DRY,Daylight,TRAFFIC SIGNAL,ALCOHOL PRESENT,Yes,No Apparent Injury,N/A,BY OTHER OCCUPANTS,MD,PASSENGER CAR,MOVING CONSTANT SPEED,40,No,2004,HONDA,ACCORD,39.17516355,-77.25339092,2022,6,16
220023961,Property Damage Crash,06/04/2022 02:45:00 PM,PINEY BRANCH RD,NA,SAME DIR REAR END,Clear,DRY,Daylight,NO CONTROLS,NONE DETECTED,No,No Apparent Injury,N/A,NOT DISTRACTED,MD,TRANSIT BUS,SLOWING OR STOPPING,35,No,2016,GILL,BU,38.99993833,-76.99125667,2022,6,14
220023961,Property Damage Crash,06/04/2022 02:45:00 PM,PINEY BRANCH RD,NA,SAME DIR REAR END,Clear,DRY,Daylight,NO CONTROLS,NONE DETECTED,Yes,No Apparent Injury,N/A,UNKNOWN,VA,PICKUP TRUCK,CHANGING LANES,35,No,2002,CHEVROLET,AVALANCHE,38.99993833,-76.99125667,2022,6,14
220023943,Property Damage Crash,06/04/2022 11:42:00 AM,NA,NA,SAME DIRECTION SIDESWIPE,Clear,NA,Daylight,N/A,NONE DETECTED,Yes,No Apparent Injury,N/A,UNKNOWN,NA,PASSENGER CAR,PARKING,10,No,2002,HONDA,CRV,39.02383725,-77.12404786,2022,6,11
220023940,Injury Crash,06/04/2022 11:30:00 AM,UNIVERSITY BLVD E,NA,SAME DIR REAR END,Clear,DRY,Daylight,YIELD SIGN,NONE DETECTED,No,Possible Minor Injury,N/A,NOT DISTRACTED,MD,PASSENGER CAR,SLOWING OR STOPPING,35,No,2021,TOYOTA,RAV4,39.01423353,-77.00440549,2022,6,11
220023940,Injury Crash,06/04/2022 11:30:00 AM,UNIVERSITY BLVD E,NA,SAME DIR REAR END,Clear,DRY,Daylight,YIELD SIGN,NONE DETECTED,Yes,No Apparent Injury,N/A,NOT DISTRACTED,MD,PASSENGER CAR,MAKING RIGHT TURN,35,No,2012,HONDA,ACCORD,39.01423353,-77.00440549,2022,6,11
220023944,Property Damage Crash,06/04/2022 11:00:00 AM,KENT OAKS WAY,NA,OTHER,Clear,DRY,Daylight,NO CONTROLS,NONE DETECTED,Yes,No Apparent Injury,N/A,UNKNOWN,NA,PASSENGER CAR,BACKING,5,No,2011,INFINITI,4S,39.11953663,-77.24664448,2022,6,11
220023938,Injury Crash,06/04/2022 10:29:00 AM,SOUTHLAWN LA,NA,SAME DIRECTION RIGHT TURN,Clear,DRY,Daylight,NO CONTROLS,NONE DETECTED,No,Possible Minor Injury,N/A,NOT DISTRACTED,MD,"OTHER LIGHT TRUCKS (10,000LBS (4,536KG) OR LESS)",MOVING CONSTANT SPEED,30,No,2018,FREIGHTLINER,TK,39.10297019,-77.13544097,2022,6,10
220023938,Injury Crash,06/04/2022 10:29:00 AM,SOUTHLAWN LA,NA,SAME DIRECTION RIGHT TURN,Clear,DRY,Daylight,NO CONTROLS,NONE DETECTED,Yes,No Apparent Injury,N/A,LOOKED BUT DID NOT SEE,MD,"MEDIUM/HEAVY TRUCKS 3 AXLES (OVER 10,000LBS (4,536KG))",MAKING RIGHT TURN,30,No,2001,KENWORTH,W90,39.10297019,-77.13544097,2022,6,10
220023936,Injury Crash,06/04/2022 09:53:00 AM,RANDOLPH RD,NA,OTHER,Clear,DRY,Daylight,N/A,NONE DETECTED,No,No Apparent Injury,N/A,NOT DISTRACTED,MD,PASSENGER CAR,MOVING CONSTANT SPEED,35,No,2014,BMW,3 SERIES,39.05914217,-77.06711038,2022,6,9
220023936,Injury Crash,06/04/2022 09:53:00 AM,RANDOLPH RD,NA,OTHER,Clear,DRY,Daylight,N/A,NONE DETECTED,No,No Apparent Injury,N/A,NOT DISTRACTED,MD,PICKUP TRUCK,MOVING CONSTANT SPEED,35,No,2021,FORD,RANGER,39.05914217,-77.06711038,2022,6,9
220023936,Injury Crash,06/04/2022 09:53:00 AM,RANDOLPH RD,NA,OTHER,Clear,DRY,Daylight,N/A,NONE DETECTED,No,Possible Minor Injury,N/A,NOT DISTRACTED,MD,PASSENGER CAR,MOVING CONSTANT SPEED,35,No,2008,LEXUS,ES300,39.05914217,-77.06711038,2022,6,9
220023936,Injury Crash,06/04/2022 09:53:00 AM,RANDOLPH RD,NA,OTHER,Clear,DRY,Daylight,N/A,NONE DETECTED,Yes,No Apparent Injury,N/A,NOT DISTRACTED,MD,PASSENGER CAR,MOVING CONSTANT SPEED,35,No,2019,DODGE,DURANGO,39.05914217,-77.06711038,2022,6,9
220023936,Injury Crash,06/04/2022 09:53:00 AM,RANDOLPH RD,NA,OTHER,Clear,DRY,Daylight,N/A,NONE DETECTED,No,Possible Minor Injury,N/A,NOT DISTRACTED,MD,PASSENGER CAR,MOVING CONSTANT SPEED,35,No,2005,TOYOTA,MATRIX,39.05914217,-77.06711038,2022,6,9
220023931,Property Damage Crash,06/04/2022 09:31:00 AM,PHILADELPHIA AVE,NA,OTHER,Clear,DRY,Daylight,NO CONTROLS,NONE DETECTED,Yes,No Apparent Injury,N/A,NOT DISTRACTED,MD,PASSENGER CAR,MOVING CONSTANT SPEED,35,No,2008,TOYOTA,COROLLA,38.9833785,-77.0159285,2022,6,9
220023922,Property Damage Crash,06/04/2022 08:25:00 AM,BROADWOOD DR,NA,SAME DIRECTION LEFT TURN,Clear,DRY,Daylight,NO CONTROLS,NONE DETECTED,No,No Apparent Injury,N/A,NOT DISTRACTED,VA,PICKUP TRUCK,MAKING LEFT TURN,25,No,2005,TOYOTA,TUNDRA,39.07405889,-77.12764519,2022,6,8
220023922,Property Damage Crash,06/04/2022 08:25:00 AM,BROADWOOD DR,NA,SAME DIRECTION LEFT TURN,Clear,DRY,Daylight,NO CONTROLS,NONE DETECTED,Yes,No Apparent Injury,N/A,NOT DISTRACTED,MD,PASSENGER CAR,PASSING,25,No,2000,LEXS,SD,39.07405889,-77.12764519,2022,6,8
220023925,Property Damage Crash,06/04/2022 08:20:00 AM,ASPEN HILL RD,NA,SAME DIR REAR END,Clear,DRY,Daylight,NO CONTROLS,NONE DETECTED,Yes,No Apparent Injury,N/A,NOT DISTRACTED,MD,PASSENGER CAR,MOVING CONSTANT SPEED,30,No,2004,SAA,4S,39.07909667,-77.08863833,2022,6,8
220023907,Property Damage Crash,06/04/2022 04:00:00 AM,FREDERICK RD,NA,SINGLE VEHICLE,Clear,DRY,Medium,TRAFFIC SIGNAL,NONE DETECTED,Yes,No Apparent Injury,N/A,INATTENTIVE OR LOST IN THOUGHT,MD,PASSENGER CAR,MOVING CONSTANT SPEED,40,No,2022,TOYT,SD,39.17205125,-77.2360298,2022,6,4
220023900,Property Damage Crash,06/04/2022 02:38:00 AM,CEDAR LA,NA,OTHER,Clear,DRY,Medium,N/A,NONE DETECTED,Yes,No Apparent Injury,N/A,EATING OR DRINKING,MD,PASSENGER CAR,MOVING CONSTANT SPEED,25,No,2022,TESLA,Y,39.005189,-77.10663283,2022,6,2
220023895,Injury Crash,06/04/2022 01:23:00 AM,NORBECK RD,NA,HEAD ON,Clear,DRY,Medium,NO CONTROLS,NONE DETECTED,Yes,Possible Minor Injury,N/A,UNKNOWN,MD,PASSENGER CAR,MOVING CONSTANT SPEED,40,No,2009,HOND,SD,39.1205405,-77.040081,2022,6,1
220023895,Injury Crash,06/04/2022 01:23:00 AM,NORBECK RD,NA,HEAD ON,Clear,DRY,Medium,NO CONTROLS,NONE DETECTED,No,No Apparent Injury,N/A,NOT DISTRACTED,MD,(SPORT) UTILITY VEHICLE,MOVING CONSTANT SPEED,40,No,2017,FORD,ESCAPE,39.1205405,-77.040081,2022,6,1
220023890,Property Damage Crash,06/04/2022 12:50:00 AM,SPENCERVILLE RD,NA,SINGLE VEHICLE,Clear,DRY,Dark,NO CONTROLS,NONE DETECTED,Yes,No Apparent Injury,N/A,UNKNOWN,MD,PASSENGER CAR,MOVING CONSTANT SPEED,35,No,2006,HONDA,CRV,39.11760367,-76.970841,2022,6,0
220023882,Property Damage Crash,06/03/2022 11:11:00 PM,GOSHEN RD,NA,SAME DIR REAR END,Clear,DRY,Medium,TRAFFIC SIGNAL,NONE DETECTED,No,No Apparent Injury,N/A,NOT DISTRACTED,MD,PASSENGER CAR,STOPPED IN TRAFFIC LANE,35,No,2017,TOYOTA,COROLLA,39.1588615,-77.19198167,2022,6,23
220023882,Property Damage Crash,06/03/2022 11:11:00 PM,GOSHEN RD,NA,SAME DIR REAR END,Clear,DRY,Medium,TRAFFIC SIGNAL,DRUG AND ALCOHOL CONTRIBUTED,Yes,No Apparent Injury,N/A,UNKNOWN,MD,PASSENGER CAR,SLOWING OR STOPPING,35,No,2020,CHEVROLET,EQUINOX,39.1588615,-77.19198167,2022,6,23
220023887,Property Damage Crash,06/03/2022 11:10:00 PM,DILSTON RD,NA,SAME DIRECTION SIDESWIPE,Clear,DRY,Medium,NO CONTROLS,NONE DETECTED,Yes,No Apparent Injury,N/A,UNKNOWN,NA,VAN,MOVING CONSTANT SPEED,25,No,2005,FORD,VAN,39.01246362,-76.98148649,2022,6,23
220023887,Property Damage Crash,06/03/2022 11:10:00 PM,DILSTON RD,NA,SAME DIRECTION SIDESWIPE,Clear,DRY,Medium,NO CONTROLS,NONE DETECTED,No,No Apparent Injury,N/A,NOT DISTRACTED,MD,PICKUP TRUCK,PARKED,25,No,1999,FORD,F150,39.01246362,-76.98148649,2022,6,23
220023874,Fatal Crash,06/03/2022 10:00:00 PM,GRIDLEY RD,PEDESTRIAN,OTHER,Clear,DRY,Dark,STOP SIGN,NONE DETECTED,Yes,No Apparent Injury,N/A,UNKNOWN,MD,PICKUP TRUCK,MAKING LEFT TURN,35,No,2011,CHEVROLET,SILVERADO,39.05656167,-77.08530333,2022,6,22
220023875,Property Damage Crash,06/03/2022 09:59:00 PM,NORWOOD RD,NA,SINGLE VEHICLE,Clear,DRY,Medium,N/A,NONE DETECTED,Yes,No Apparent Injury,N/A,UNKNOWN,NA,PASSENGER CAR,MOVING CONSTANT SPEED,40,No,2009,CHEVY,TRAILBLAZER,39.11092233,-77.0103135,2022,6,21
220023873,Injury Crash,06/03/2022 09:33:00 PM,SHADY GROVE RD,NA,STRAIGHT MOVEMENT ANGLE,Clear,DRY,Medium,TRAFFIC SIGNAL,NONE DETECTED,Yes,Possible Minor Injury,N/A,UNKNOWN,MD,(SPORT) UTILITY VEHICLE,MAKING LEFT TURN,40,No,2013,TOYOTA,HIGHLANDER,39.09681282,-77.19468247,2022,6,21
220023873,Injury Crash,06/03/2022 09:33:00 PM,SHADY GROVE RD,NA,STRAIGHT MOVEMENT ANGLE,Clear,DRY,Medium,TRAFFIC SIGNAL,NONE DETECTED,No,Possible Minor Injury,N/A,NOT DISTRACTED,MD,PASSENGER CAR,MOVING CONSTANT SPEED,40,No,2017,HONDA,ACCORD,39.09681282,-77.19468247,2022,6,21
220023880,Injury Crash,06/03/2022 09:25:00 PM,MONTGOMERY VILLAGE AVE,PEDESTRIAN,SINGLE VEHICLE,Clear,DRY,Dark,TRAFFIC SIGNAL,NONE DETECTED,No,No Apparent Injury,N/A,UNKNOWN,MD,PASSENGER CAR,MOVING CONSTANT SPEED,35,No,2001,TOYOYA,CAMRY,39.16146231,-77.20207556,2022,6,21
220023865,Property Damage Crash,06/03/2022 09:02:00 PM,MONTGOMERY AVE,NA,SAME DIRECTION SIDESWIPE,Clear,DRY,Medium,NO CONTROLS,NONE DETECTED,Yes,No Apparent Injury,N/A,OTHER DISTRACTION,MD,PASSENGER CAR,MOVING CONSTANT SPEED,25,No,2011,TOYOTA,SIENNA,39.14640567,-77.2026795,2022,6,21
220023868,Injury Crash,06/03/2022 08:59:00 PM,WELLER RD,NA,STRAIGHT MOVEMENT ANGLE,Clear,DRY,Dark,STOP SIGN,NONE DETECTED,No,No Apparent Injury,N/A,NOT DISTRACTED,MD,PASSENGER CAR,ACCELERATING,25,No,2015,NISSAN,PATHFINDER,39.06264833,-77.07878667,2022,6,20
220023868,Injury Crash,06/03/2022 08:59:00 PM,WELLER RD,NA,STRAIGHT MOVEMENT ANGLE,Clear,DRY,Dark,STOP SIGN,NONE DETECTED,Yes,Possible Minor Injury,N/A,NOT DISTRACTED,MD,PASSENGER CAR,ACCELERATING,25,No,2022,TOYOTA,COROLLA,39.06264833,-77.07878667,2022,6,20
220023861,Injury Crash,06/03/2022 08:25:00 PM,CLARKSBURG RD,NA,SAME DIR REAR END,Clear,DRY,Medium,TRAFFIC SIGNAL,NONE DETECTED,No,Possible Minor Injury,N/A,NOT DISTRACTED,MD,PASSENGER CAR,STOPPED IN TRAFFIC LANE,40,No,2007,TOYOTA,CAMRY,39.23115833,-77.28574,2022,6,20
220023861,Injury Crash,06/03/2022 08:25:00 PM,CLARKSBURG RD,NA,SAME DIR REAR END,Clear,DRY,Medium,TRAFFIC SIGNAL,NONE DETECTED,Yes,No Apparent Injury,N/A,UNKNOWN,MD,(SPORT) UTILITY VEHICLE,ACCELERATING,40,No,2015,TOYOTA,RAV 4,39.23115833,-77.28574,2022,6,20
220023842,Property Damage Crash,06/03/2022 07:15:00 PM,ROCKVILLE PIKE,NA,SAME DIR REAR END,Clear,DRY,Daylight,TRAFFIC SIGNAL,NONE DETECTED,Yes,No Apparent Injury,N/A,LOOKED BUT DID NOT SEE,MD,PASSENGER CAR,MOVING CONSTANT SPEED,35,No,2007,BMW,328I,39.06634167,-77.12725833,2022,6,19
220023842,Property Damage Crash,06/03/2022 07:15:00 PM,ROCKVILLE PIKE,NA,SAME DIR REAR END,Clear,DRY,Daylight,TRAFFIC SIGNAL,NONE DETECTED,No,No Apparent Injury,N/A,NOT DISTRACTED,MD,(SPORT) UTILITY VEHICLE,SLOWING OR STOPPING,35,No,2022,KIA,NIRO,39.06634167,-77.12725833,2022,6,19
220023838,Injury Crash,06/03/2022 06:37:00 PM,OLD HUNDRED RD,NA,STRAIGHT MOVEMENT ANGLE,Clear,DRY,Daylight,N/A,NONE DETECTED,No,No Apparent Injury,N/A,NOT DISTRACTED,NC,"OTHER LIGHT TRUCKS (10,000LBS (4,536KG) OR LESS)",MOVING CONSTANT SPEED,30,No,2005,INTERNATIONAL,4300,39.27848833,-77.32258833,2022,6,18
220023838,Injury Crash,06/03/2022 06:37:00 PM,OLD HUNDRED RD,NA,STRAIGHT MOVEMENT ANGLE,Clear,DRY,Daylight,N/A,NONE DETECTED,Yes,Possible Minor Injury,N/A,UNKNOWN,MD,(SPORT) UTILITY VEHICLE,MAKING LEFT TURN,30,No,2016,INFI,QX60,39.27848833,-77.32258833,2022,6,18
220023844,Property Damage Crash,06/03/2022 06:25:00 PM,NA,NA,OPPOSITE DIRECTION SIDESWIPE,Clear,NA,Daylight,N/A,NONE DETECTED,Yes,No Apparent Injury,N/A,UNKNOWN,MD,"CARGO VAN/LIGHT TRUCK 2 AXLES (OVER 10,000LBS (4,536 KG))",ACCELERATING,10,No,2011,FORD,BUS,39.10956939,-76.99746227,2022,6,18
220023885,Injury Crash,06/03/2022 06:23:00 PM,OLD GEORGETOWN RD,NA,STRAIGHT MOVEMENT ANGLE,Clear,DRY,Daylight,STOP SIGN,NONE DETECTED,No,No Apparent Injury,N/A,NOT DISTRACTED,MD,TRANSIT BUS,SLOWING OR STOPPING,30,No,2009,GILL,BUS,38.98920667,-77.10194167,2022,6,18
220023885,Injury Crash,06/03/2022 06:23:00 PM,OLD GEORGETOWN RD,NA,STRAIGHT MOVEMENT ANGLE,Clear,DRY,Daylight,STOP SIGN,NONE DETECTED,Yes,No Apparent Injury,N/A,LOOKED BUT DID NOT SEE,MD,PASSENGER CAR,STARTING FROM PARKED,30,No,2012,HYUNDIA,ELENTRA,38.98920667,-77.10194167,2022,6,18
220023824,Injury Crash,06/03/2022 06:10:00 PM,GEORGIA AVE,NA,STRAIGHT MOVEMENT ANGLE,Clear,DRY,Daylight,NO CONTROLS,NONE DETECTED,No,Possible Minor Injury,N/A,NOT DISTRACTED,MD,PASSENGER CAR,MOVING CONSTANT SPEED,35,No,2016,HONDA,CIVIC,39.07826167,-77.07185333,2022,6,18
220023824,Injury Crash,06/03/2022 06:10:00 PM,GEORGIA AVE,NA,STRAIGHT MOVEMENT ANGLE,Clear,DRY,Daylight,NO CONTROLS,NONE DETECTED,Yes,No Apparent Injury,N/A,LOOKED BUT DID NOT SEE,MD,PICKUP TRUCK,MAKING LEFT TURN,35,No,2022,FORD,F250,39.07826167,-77.07185333,2022,6,18
220023829,Property Damage Crash,06/03/2022 05:41:00 PM,WISCONSIN AVE,NA,SAME DIRECTION RIGHT TURN,Clear,DRY,Daylight,NO CONTROLS,NONE DETECTED,Yes,No Apparent Injury,N/A,UNKNOWN,NA,PASSENGER CAR,CHANGING LANES,25,No,2014,HYUNDIA,ELENTRA,38.99121314,-77.09556573,2022,6,17
220023829,Property Damage Crash,06/03/2022 05:41:00 PM,WISCONSIN AVE,NA,SAME DIRECTION RIGHT TURN,Clear,DRY,Daylight,NO CONTROLS,NONE DETECTED,No,No Apparent Injury,N/A,NOT DISTRACTED,MD,PASSENGER CAR,MOVING CONSTANT SPEED,25,No,2021,VOLVO,CROSS COUNTRY,38.99121314,-77.09556573,2022,6,17
220023658,Injury Crash,06/03/2022 04:38:00 PM,NA,PEDESTRIAN,OTHER,Rain,NA,Daylight,NO CONTROLS,NONE DETECTED,Yes,No Apparent Injury,"RAIN, SNOW, WET",LOOKED BUT DID NOT SEE,MD,PASSENGER CAR,MAKING LEFT TURN,15,No,2021,HONDA,CRV,39.034865,-77.05549293,2022,6,16
220023819,Property Damage Crash,06/03/2022 04:25:00 PM,ROCKVILLE PIKE,NA,SAME DIRECTION SIDESWIPE,Clear,DRY,Daylight,TRAFFIC SIGNAL,NONE DETECTED,No,No Apparent Injury,N/A,NOT DISTRACTED,MD,PASSENGER CAR,MOVING CONSTANT SPEED,35,No,2011,MAZDA,MAZDA3,39.022635,-77.102955,2022,6,16
220023819,Property Damage Crash,06/03/2022 04:25:00 PM,ROCKVILLE PIKE,NA,SAME DIRECTION SIDESWIPE,Clear,DRY,Daylight,TRAFFIC SIGNAL,NONE DETECTED,Yes,No Apparent Injury,N/A,LOOKED BUT DID NOT SEE,DC,PASSENGER CAR,CHANGING LANES,35,No,2015,TOYOTA,CAMRY,39.022635,-77.102955,2022,6,16