Local Case Number,ACRS Report Type,Crash Date/Time,Road Name,Related Non-Motorist,Collision Type,Weather,Surface Condition,Light,Traffic Control,Driver Substance Abuse,Driver At Fault,Injury Severity,Circumstance,Driver Distracted By,Drivers License State,Vehicle Body Type,Vehicle Movement,Speed Limit,Driverless Vehicle,Vehicle Year,Vehicle Make,Vehicle Model,Latitude,Longitude,Year,Month,Hour
220023818,Property Damage Crash,06/03/2022 04:22:00 PM,CONNECTICUT AVE,NA,SAME DIRECTION SIDESWIPE,Clear,DRY,Daylight,TRAFFIC SIGNAL,NONE DETECTED,Yes,No Apparent Injury,N/A,NOT DISTRACTED,MD,"CARGO VAN/LIGHT TRUCK 2 AXLES (OVER 10,000LBS (4,536 KG))",MOVING CONSTANT SPEED,25,No,2019,ISU,TK,38.97668796,-77.07708547,2022,6,16
220023818,Property Damage Crash,06/03/2022 04:22:00 PM,CONNECTICUT AVE,NA,SAME DIRECTION SIDESWIPE,Clear,DRY,Daylight,TRAFFIC SIGNAL,NONE DETECTED,No,No Apparent Injury,N/A,NOT DISTRACTED,MD,VAN,STOPPED IN TRAFFIC LANE,25,No,2014,CHEV,VAN,38.97668796,-77.07708547,2022,6,16
220023793,Injury Crash,06/03/2022 03:00:00 PM,FIRSTFIELD RD,NA,STRAIGHT MOVEMENT ANGLE,Clear,DRY,Daylight,NO CONTROLS,NONE DETECTED,No,Possible Minor Injury,N/A,NOT DISTRACTED,MD,(SPORT) UTILITY VEHICLE,MOVING CONSTANT SPEED,25,No,2018,JEEP,WRANGLER,39.14060817,-77.22454983,2022,6,15
220023793,Injury Crash,06/03/2022 03:00:00 PM,FIRSTFIELD RD,NA,STRAIGHT MOVEMENT ANGLE,Clear,DRY,Daylight,NO CONTROLS,NONE DETECTED,Yes,No Apparent Injury,N/A,LOOKED BUT DID NOT SEE,MD,PASSENGER CAR,ACCELERATING,25,No,2004,ACURA,4S,39.14060817,-77.22454983,2022,6,15
220023790,Property Damage Crash,06/03/2022 02:43:00 PM,GEORGIA AVE,NA,SAME DIR REAR END,Clear,DRY,Daylight,TRAFFIC SIGNAL,NONE DETECTED,Yes,No Apparent Injury,N/A,UNKNOWN,MD,PASSENGER CAR,SLOWING OR STOPPING,35,No,2006,FORD,ESCAPE,39.02130833,-77.04461833,2022,6,14
220023790,Property Damage Crash,06/03/2022 02:43:00 PM,GEORGIA AVE,NA,SAME DIR REAR END,Clear,DRY,Daylight,TRAFFIC SIGNAL,NONE DETECTED,No,No Apparent Injury,N/A,UNKNOWN,MD,PASSENGER CAR,STOPPED IN TRAFFIC LANE,0,No,2010,BMW,4DR,39.02130833,-77.04461833,2022,6,14
220023774,Property Damage Crash,06/03/2022 12:36:00 PM,GEORGIA AVE,NA,SAME DIR REAR END,Clear,DRY,Daylight,NO CONTROLS,NONE DETECTED,No,No Apparent Injury,N/A,NOT DISTRACTED,MD,PASSENGER CAR,SLOWING OR STOPPING,35,No,2008,FORD,ESCAPE,39.0529378,-77.05086203,2022,6,12
220023774,Property Damage Crash,06/03/2022 12:36:00 PM,GEORGIA AVE,NA,SAME DIR REAR END,Clear,DRY,Daylight,NO CONTROLS,NONE DETECTED,Yes,No Apparent Injury,N/A,DISTRACTED BY OUTSIDE PERSON OBJECT OR EVENT,MD,POLICE VEHICLE/NON EMERGENCY,MOVING CONSTANT SPEED,35,No,2014,DODGE,CHARGER,39.0529378,-77.05086203,2022,6,12
220023765,Injury Crash,06/03/2022 12:02:00 PM,E RANDOLPH RD,NA,SAME DIR REAR END,Clear,DRY,Daylight,NO CONTROLS,NONE DETECTED,Yes,No Apparent Injury,N/A,LOOKED BUT DID NOT SEE,MD,PASSENGER CAR,SLOWING OR STOPPING,40,No,2018,HYUNDAI,ELANTRA,39.06543637,-76.97271398,2022,6,12
220023765,Injury Crash,06/03/2022 12:02:00 PM,E RANDOLPH RD,NA,SAME DIR REAR END,Clear,DRY,Daylight,NO CONTROLS,NONE DETECTED,No,Possible Minor Injury,N/A,NOT DISTRACTED,MD,PASSENGER CAR,SLOWING OR STOPPING,40,No,2021,TOYT,UT,39.06543637,-76.97271398,2022,6,12
220024087,Property Damage Crash,06/03/2022 12:00:00 PM,OLDE TOWNE AVE,NA,SAME DIR REAR END,Rain,WET,Daylight,STOP SIGN,NONE DETECTED,Yes,No Apparent Injury,"RAIN, SNOW, WET",UNKNOWN,NA,PASSENGER CAR,SLOWING OR STOPPING,25,No,2016,HONDA,XX,39.13988048,-77.1954782,2022,6,12
220024087,Property Damage Crash,06/03/2022 12:00:00 PM,OLDE TOWNE AVE,NA,SAME DIR REAR END,Rain,WET,Daylight,STOP SIGN,NONE DETECTED,No,No Apparent Injury,"RAIN, SNOW, WET",NOT DISTRACTED,MD,PASSENGER CAR,STOPPED IN TRAFFIC LANE,25,No,2010,ACUR,4S,39.13988048,-77.1954782,2022,6,12
220023749,Property Damage Crash,06/03/2022 10:48:00 AM,ROCKVILLE PIKE,NA,SAME DIRECTION SIDESWIPE,Clear,N/A,Daylight,N/A,NONE DETECTED,No,No Apparent Injury,N/A,NOT DISTRACTED,MD,TRANSIT BUS,MOVING CONSTANT SPEED,40,No,2016,GILL,BUS,39.06997,-77.13079167,2022,6,10
220023749,Property Damage Crash,06/03/2022 10:48:00 AM,ROCKVILLE PIKE,NA,SAME DIRECTION SIDESWIPE,Clear,N/A,Daylight,N/A,NONE DETECTED,Yes,No Apparent Injury,N/A,NOT DISTRACTED,NA,NA,MOVING CONSTANT SPEED,40,No,0,UNKNOWN,UNKNOWN,39.06997,-77.13079167,2022,6,10
220023747,Injury Crash,06/03/2022 10:25:00 AM,RUSSELL AVE,NA,STRAIGHT MOVEMENT ANGLE,Clear,DRY,Daylight,NO CONTROLS,NONE DETECTED,No,Possible Minor Injury,N/A,NOT DISTRACTED,MD,PASSENGER CAR,MOVING CONSTANT SPEED,25,No,2014,TOYOTA,CAMRY,39.1569891,-77.21249881,2022,6,10
220023747,Injury Crash,06/03/2022 10:25:00 AM,RUSSELL AVE,NA,STRAIGHT MOVEMENT ANGLE,Clear,DRY,Daylight,NO CONTROLS,NONE DETECTED,Yes,No Apparent Injury,N/A,LOOKED BUT DID NOT SEE,MD,PASSENGER CAR,STOPPED IN TRAFFIC LANE,25,No,2005,TOYOTA,SOLARA,39.1569891,-77.21249881,2022,6,10
220023744,Property Damage Crash,06/03/2022 10:00:00 AM,PINEY BRANCH RD,NA,STRAIGHT MOVEMENT ANGLE,Clear,DRY,Daylight,NO CONTROLS,NONE DETECTED,No,No Apparent Injury,N/A,NOT DISTRACTED,MD,PASSENGER CAR,MOVING CONSTANT SPEED,35,No,2021,TOYT,UT,38.99975167,-76.99420667,2022,6,10
220023744,Property Damage Crash,06/03/2022 10:00:00 AM,PINEY BRANCH RD,NA,STRAIGHT MOVEMENT ANGLE,Clear,DRY,Daylight,NO CONTROLS,NONE DETECTED,Yes,No Apparent Injury,N/A,UNKNOWN,MD,PASSENGER CAR,MAKING LEFT TURN,35,No,2011,HOND,TK,38.99975167,-76.99420667,2022,6,10
220023735,Injury Crash,06/03/2022 09:10:00 AM,UNIVERSITY BLVD W,NA,HEAD ON LEFT TURN,Clear,DRY,Daylight,TRAFFIC SIGNAL,NONE DETECTED,Yes,Possible Minor Injury,N/A,LOOKED BUT DID NOT SEE,MD,PASSENGER CAR,MAKING U TURN,35,No,2009,CHEV,MALIBU,39.03687333,-77.027675,2022,6,9
220023735,Injury Crash,06/03/2022 09:10:00 AM,UNIVERSITY BLVD W,NA,HEAD ON LEFT TURN,Clear,DRY,Daylight,TRAFFIC SIGNAL,NONE DETECTED,No,Possible Minor Injury,N/A,NOT DISTRACTED,MD,PASSENGER CAR,MOVING CONSTANT SPEED,35,No,2015,HOND,4S,39.03687333,-77.027675,2022,6,9
220023737,Property Damage Crash,06/03/2022 08:50:00 AM,E RANDOLPH RD,NA,ANGLE MEETS RIGHT TURN,Clear,DRY,Daylight,YIELD SIGN,NONE DETECTED,Yes,No Apparent Injury,N/A,INATTENTIVE OR LOST IN THOUGHT,MD,PASSENGER CAR,MAKING RIGHT TURN,40,No,2017,JEEP,CHEROKEE,39.0704093,-76.98780945,2022,6,8
220023737,Property Damage Crash,06/03/2022 08:50:00 AM,E RANDOLPH RD,NA,ANGLE MEETS RIGHT TURN,Clear,DRY,Daylight,YIELD SIGN,NONE DETECTED,No,No Apparent Injury,N/A,NOT DISTRACTED,MD,PASSENGER CAR,MOVING CONSTANT SPEED,40,No,2021,ACURA,SD,39.0704093,-76.98780945,2022,6,8
220023734,Property Damage Crash,06/03/2022 08:19:00 AM,LARCH AVE,NA,STRAIGHT MOVEMENT ANGLE,Cloudy,DRY,Daylight,TRAFFIC SIGNAL,NONE DETECTED,Yes,No Apparent Injury,N/A,UNKNOWN,MD,PASSENGER CAR,MOVING CONSTANT SPEED,35,No,2020,TOYT,SIENNA,38.97765833,-76.99179633,2022,6,8
220023734,Property Damage Crash,06/03/2022 08:19:00 AM,LARCH AVE,NA,STRAIGHT MOVEMENT ANGLE,Cloudy,DRY,Daylight,TRAFFIC SIGNAL,NONE DETECTED,No,No Apparent Injury,N/A,UNKNOWN,MD,PASSENGER CAR,ACCELERATING,10,No,2008,CADI,4S,38.97765833,-76.99179633,2022,6,8
220023729,Property Damage Crash,06/03/2022 06:30:00 AM,STRAWBERRY KNOLL RD,NA,STRAIGHT MOVEMENT ANGLE,Clear,DRY,Daylight,STOP SIGN,NONE DETECTED,No,No Apparent Injury,N/A,NOT DISTRACTED,MD,PASSENGER CAR,MOVING CONSTANT SPEED,35,No,2013,HOND,ACCORD,39.16661517,-77.18099033,2022,6,6
220023729,Property Damage Crash,06/03/2022 06:30:00 AM,STRAWBERRY KNOLL RD,NA,STRAIGHT MOVEMENT ANGLE,Clear,DRY,Daylight,STOP SIGN,NONE DETECTED,Yes,No Apparent Injury,N/A,NOT DISTRACTED,MD,PASSENGER CAR,MOVING CONSTANT SPEED,35,No,2011,FORD,FOCUS,39.16661517,-77.18099033,2022,6,6
220023714,Property Damage Crash,06/03/2022 12:41:00 AM,GEORGIA AVE,NA,STRAIGHT MOVEMENT ANGLE,Clear,DRY,Medium,FLASHING TRAFFIC SIGNAL,NONE DETECTED,Yes,No Apparent Injury,N/A,NOT DISTRACTED,MD,PASSENGER CAR,MOVING CONSTANT SPEED,30,No,2019,HONDA,ACCORD,39.15039883,-77.06684041,2022,6,0
220023714,Property Damage Crash,06/03/2022 12:41:00 AM,GEORGIA AVE,NA,STRAIGHT MOVEMENT ANGLE,Clear,DRY,Medium,FLASHING TRAFFIC SIGNAL,NONE DETECTED,No,No Apparent Injury,N/A,NOT DISTRACTED,MD,PASSENGER CAR,MOVING CONSTANT SPEED,30,No,2020,HYUNDAI,TUSCON,39.15039883,-77.06684041,2022,6,0
220021771,Injury Crash,06/03/2022 12:10:00 AM,NEW HAMPSHIRE AVE,NA,OTHER,Clear,DRY,Medium,NO CONTROLS,NONE DETECTED,No,Possible Minor Injury,N/A,NOT DISTRACTED,MD,PASSENGER CAR,STOPPED IN TRAFFIC LANE,40,No,2017,ACURA,4D,39.0116636,-76.97883099,2022,6,0
220021771,Injury Crash,06/03/2022 12:10:00 AM,NEW HAMPSHIRE AVE,NA,OTHER,Clear,DRY,Medium,NO CONTROLS,ALCOHOL PRESENT,Yes,No Apparent Injury,N/A,NOT DISTRACTED,MD,PASSENGER CAR,MOVING CONSTANT SPEED,40,No,2006,NISSAN,MAXIMA,39.0116636,-76.97883099,2022,6,0
220023709,Injury Crash,06/02/2022 11:21:00 PM,SHADY GROVE RD,NA,HEAD ON LEFT TURN,Rain,WET,Medium,TRAFFIC SIGNAL,NONE DETECTED,Unknown,Possible Minor Injury,"RAIN, SNOW, WET",NOT DISTRACTED,MD,PASSENGER CAR,MOVING CONSTANT SPEED,35,No,2014,CHEVY,CAMARO,39.13097,-77.16116,2022,6,23
220023709,Injury Crash,06/02/2022 11:21:00 PM,SHADY GROVE RD,NA,HEAD ON LEFT TURN,Rain,WET,Medium,TRAFFIC SIGNAL,NONE DETECTED,Unknown,Possible Minor Injury,"RAIN, SNOW, WET",NOT DISTRACTED,MD,PASSENGER CAR,ACCELERATING,35,No,2017,FORD,SUV,39.13097,-77.16116,2022,6,23
220023707,Injury Crash,06/02/2022 10:59:00 PM,COLESVILLE RD,NA,SINGLE VEHICLE,Rain,WET,Medium,TRAFFIC SIGNAL,NONE DETECTED,Yes,Possible Minor Injury,"RAIN, SNOW, WET",NOT DISTRACTED,MD,PASSENGER CAR,MOVING CONSTANT SPEED,40,No,2007,TOYOTA,CAMRY,39.02654667,-77.010505,2022,6,22
220023703,Property Damage Crash,06/02/2022 10:23:00 PM,COLESVILLE RD,NA,SAME DIRECTION SIDESWIPE,Rain,WET,Medium,TRAFFIC SIGNAL,NONE DETECTED,No,No Apparent Injury,"RAIN, SNOW, WET",NOT DISTRACTED,MD,TRANSIT BUS,MOVING CONSTANT SPEED,40,No,2020,NOVA,BUS,39.02052483,-77.01269278,2022,6,22
220023703,Property Damage Crash,06/02/2022 10:23:00 PM,COLESVILLE RD,NA,SAME DIRECTION SIDESWIPE,Rain,WET,Medium,TRAFFIC SIGNAL,NONE DETECTED,Yes,No Apparent Injury,"RAIN, SNOW, WET",UNKNOWN,NA,NA,MOVING CONSTANT SPEED,40,No,0,UNKNOWN,UNKNOWN,39.02052483,-77.01269278,2022,6,22
220023701,Property Damage Crash,06/02/2022 08:53:00 PM,STRINGTOWN RD,NA,OTHER,Cloudy,DRY,Medium,N/A,NONE DETECTED,No,No Apparent Injury,"ANIMAL, N/A",NOT DISTRACTED,MD,PASSENGER CAR,MOVING CONSTANT SPEED,40,No,2017,HOND,CIVIC,39.22063833,-77.24279333,2022,6,20
220023688,Property Damage Crash,06/02/2022 07:13:00 PM,FREDERICK RD,NA,SINGLE VEHICLE,Clear,WET,Daylight,N/A,NONE DETECTED,Yes,No Apparent Injury,"N/A, WET",UNKNOWN,MD,PASSENGER CAR,UNKNOWN,30,No,2012,NISSAN,SENTRA,39.237165,-77.277535,2022,6,19
220023686,Property Damage Crash,06/02/2022 07:08:00 PM,NA,NA,HEAD ON,Clear,NA,Daylight,N/A,NONE DETECTED,Yes,No Apparent Injury,N/A,NOT DISTRACTED,MD,PASSENGER CAR,MOVING CONSTANT SPEED,35,No,2021,MAZDA,CX30,39.05213429,-77.05100557,2022,6,19
220023679,Property Damage Crash,06/02/2022 06:50:00 PM,WISCONSIN AVE,NA,STRAIGHT MOVEMENT ANGLE,Clear,WET,Daylight,TRAFFIC SIGNAL,NONE DETECTED,No,No Apparent Injury,N/A,NOT DISTRACTED,DC,TRANSIT BUS,ACCELERATING,25,No,2010,NEW FLYER,LOW FLOOR - ADVANCED,38.96189966,-77.08630601,2022,6,18
220023679,Property Damage Crash,06/02/2022 06:50:00 PM,WISCONSIN AVE,NA,STRAIGHT MOVEMENT ANGLE,Clear,WET,Daylight,TRAFFIC SIGNAL,NONE DETECTED,Yes,No Apparent Injury,N/A,UNKNOWN,FL,PASSENGER CAR,MOVING CONSTANT SPEED,35,No,2012,FORD,EXPLORER,38.96189966,-77.08630601,2022,6,18
220023665,Injury Crash,06/02/2022 05:28:00 PM,NA,NA,STRAIGHT MOVEMENT ANGLE,Rain,NA,Daylight,NO CONTROLS,NONE DETECTED,Yes,No Apparent Injury,"RAIN, SNOW, WET",LOOKED BUT DID NOT SEE,MD,PASSENGER CAR,MOVING CONSTANT SPEED,15,No,2012,HONDA,ACCORD,39.08247233,-76.94611683,2022,6,17
220023665,Injury Crash,06/02/2022 05:28:00 PM,NA,NA,STRAIGHT MOVEMENT ANGLE,Rain,NA,Daylight,NO CONTROLS,NONE DETECTED,No,Possible Minor Injury,"RAIN, SNOW, WET",NOT DISTRACTED,MD,PASSENGER CAR,MAKING LEFT TURN,15,No,2004,CHEVY,IMPALA,39.08247233,-76.94611683,2022,6,17
220023660,Injury Crash,06/02/2022 04:59:00 PM,OLD COLUMBIA PIKE,NA,STRAIGHT MOVEMENT ANGLE,Cloudy,WET,Daylight,NO CONTROLS,NONE DETECTED,No,Possible Minor Injury,"N/A, RAIN, SNOW",NOT DISTRACTED,MD,PASSENGER CAR,MOVING CONSTANT SPEED,35,No,2014,HONDA,CIVIC,39.08361733,-76.951599,2022,6,16
220023660,Injury Crash,06/02/2022 04:59:00 PM,OLD COLUMBIA PIKE,NA,STRAIGHT MOVEMENT ANGLE,Cloudy,WET,Daylight,NO CONTROLS,NONE DETECTED,Yes,No Apparent Injury,"N/A, RAIN, SNOW",LOOKED BUT DID NOT SEE,TX,PICKUP TRUCK,MOVING CONSTANT SPEED,35,No,2022,FORD,F350,39.08361733,-76.951599,2022,6,16
220023664,Property Damage Crash,06/02/2022 04:58:00 PM,BLUNT RD,NA,OPPOSITE DIRECTION SIDESWIPE,Cloudy,WET,Daylight,NO CONTROLS,NONE DETECTED,No,No Apparent Injury,"N/A, WET",NOT DISTRACTED,MD,PASSENGER CAR,MOVING CONSTANT SPEED,25,No,2010,HONDA,ACCORD,39.18592833,-77.23179,2022,6,16
220023664,Property Damage Crash,06/02/2022 04:58:00 PM,BLUNT RD,NA,OPPOSITE DIRECTION SIDESWIPE,Cloudy,WET,Daylight,NO CONTROLS,NONE DETECTED,Yes,No Apparent Injury,"N/A, WET",NOT DISTRACTED,MD,(SPORT) UTILITY VEHICLE,MOVING CONSTANT SPEED,25,No,2016,MAZDA,CX-5,39.18592833,-77.23179,2022,6,16
220023661,Property Damage Crash,06/02/2022 04:55:00 PM,GERMANTOWN RD,NA,ANGLE MEETS LEFT TURN,Cloudy,DRY,Daylight,TRAFFIC SIGNAL,NONE DETECTED,Yes,No Apparent Injury,N/A,NOT DISTRACTED,MD,PASSENGER CAR,MAKING LEFT TURN,40,No,2007,MERZ,GL450,39.18854485,-77.25184878,2022,6,16
220023661,Property Damage Crash,06/02/2022 04:55:00 PM,GERMANTOWN RD,NA,ANGLE MEETS LEFT TURN,Cloudy,DRY,Daylight,TRAFFIC SIGNAL,NONE DETECTED,No,No Apparent Injury,N/A,NOT DISTRACTED,NC,PASSENGER CAR,MAKING RIGHT TURN,40,No,2009,HONDA,CIVIC,39.18854485,-77.25184878,2022,6,16
220023662,Property Damage Crash,06/02/2022 04:51:00 PM,COLUMBIA PIKE,NA,SAME DIR REAR END,Rain,WET,Daylight,NO CONTROLS,NONE DETECTED,No,No Apparent Injury,"RAIN, SNOW, WET",NOT DISTRACTED,MD,PICKUP TRUCK,SLOWING OR STOPPING,50,No,2021,GMC,SIERRA,39.13164186,-76.91935326,2022,6,16
220023662,Property Damage Crash,06/02/2022 04:51:00 PM,COLUMBIA PIKE,NA,SAME DIR REAR END,Rain,WET,Daylight,NO CONTROLS,NONE DETECTED,Yes,No Apparent Injury,"RAIN, SNOW, WET",NOT DISTRACTED,MD,"CARGO VAN/LIGHT TRUCK 2 AXLES (OVER 10,000LBS (4,536 KG))",MOVING CONSTANT SPEED,50,No,2008,CHEVY,EXPRESS,39.13164186,-76.91935326,2022,6,16
220023656,Property Damage Crash,06/02/2022 04:42:00 PM,W GUDE DR,NA,STRAIGHT MOVEMENT ANGLE,Rain,WET,Daylight,TRAFFIC SIGNAL,NONE DETECTED,Yes,No Apparent Injury,"RAIN, SNOW, WET",LOOKED BUT DID NOT SEE,MD,PASSENGER CAR,MOVING CONSTANT SPEED,40,No,2013,HONDA,CIVIC,39.10227067,-77.177589,2022,6,16
220023656,Property Damage Crash,06/02/2022 04:42:00 PM,W GUDE DR,NA,STRAIGHT MOVEMENT ANGLE,Rain,WET,Daylight,TRAFFIC SIGNAL,NONE DETECTED,No,No Apparent Injury,"RAIN, SNOW, WET",NOT DISTRACTED,MD,PASSENGER CAR,MAKING LEFT TURN,35,No,2015,FORD,F-150,39.10227067,-77.177589,2022,6,16
220023663,Property Damage Crash,06/02/2022 04:30:00 PM,DARNESTOWN RD,NA,SAME DIRECTION SIDESWIPE,Rain,WET,Daylight,NO CONTROLS,NONE DETECTED,Yes,No Apparent Injury,N/A,UNKNOWN,NA,PICKUP TRUCK,CHANGING LANES,35,No,2011,NISSAN,FRONTIER,39.10304934,-77.291147,2022,6,16
220023663,Property Damage Crash,06/02/2022 04:30:00 PM,DARNESTOWN RD,NA,SAME DIRECTION SIDESWIPE,Rain,WET,Daylight,NO CONTROLS,NONE DETECTED,No,No Apparent Injury,N/A,NOT DISTRACTED,MD,PASSENGER CAR,CHANGING LANES,35,No,2013,HONDA,CIVIC,39.10304934,-77.291147,2022,6,16
220023651,Property Damage Crash,06/02/2022 04:15:00 PM,RANDOLPH RD,NA,SAME DIRECTION SIDESWIPE,Rain,WET,Daylight,N/A,NONE DETECTED,Yes,No Apparent Injury,"N/A, WET",UNKNOWN,NA,UNKNOWN,MOVING CONSTANT SPEED,40,No,0,UNKNOWN,UNKNOWN,39.06600333,-77.03399983,2022,6,16
220023651,Property Damage Crash,06/02/2022 04:15:00 PM,RANDOLPH RD,NA,SAME DIRECTION SIDESWIPE,Rain,WET,Daylight,N/A,NONE DETECTED,No,No Apparent Injury,"N/A, WET",NOT DISTRACTED,MD,PASSENGER CAR,MOVING CONSTANT SPEED,40,No,2020,HYUNDAI,IONIQ,39.06600333,-77.03399983,2022,6,16
220023650,Injury Crash,06/02/2022 04:07:00 PM,NA,PEDESTRIAN,OTHER,Rain,NA,Daylight,NO CONTROLS,NONE DETECTED,Yes,No Apparent Injury,"N/A, WET",UNKNOWN,NA,NA,BACKING,5,No,0,UNKNOWN,UNKNOWN,39.15674245,-77.20225061,2022,6,16
220023623,Injury Crash,06/02/2022 02:20:00 PM,CRYSTAL ROCK DR,NA,STRAIGHT MOVEMENT ANGLE,Clear,DRY,Daylight,STOP SIGN,NONE DETECTED,Yes,No Apparent Injury,N/A,LOOKED BUT DID NOT SEE,MD,PASSENGER CAR,SLOWING OR STOPPING,25,No,2022,MAZDA,WG,39.18608483,-77.2638545,2022,6,14
220023623,Injury Crash,06/02/2022 02:20:00 PM,CRYSTAL ROCK DR,NA,STRAIGHT MOVEMENT ANGLE,Clear,DRY,Daylight,STOP SIGN,NONE DETECTED,No,Possible Minor Injury,N/A,NOT DISTRACTED,MD,PASSENGER CAR,MOVING CONSTANT SPEED,25,No,2013,CHEVROLET,CRUZE,39.18608483,-77.2638545,2022,6,14
220023618,Injury Crash,06/02/2022 02:01:00 PM,E WAYNE AVE,OTHER,SINGLE VEHICLE,Cloudy,DRY,Daylight,NO CONTROLS,NONE DETECTED,No,No Apparent Injury,N/A,NOT DISTRACTED,MD,(SPORT) UTILITY VEHICLE,MOVING CONSTANT SPEED,25,No,2018,TOYOTA,CHR,39.00066833,-77.008745,2022,6,14
220023614,Property Damage Crash,06/02/2022 01:00:00 PM,NA,NA,STRAIGHT MOVEMENT ANGLE,Cloudy,NA,Daylight,NO CONTROLS,NONE DETECTED,No,No Apparent Injury,N/A,NOT DISTRACTED,MD,PASSENGER CAR,SLOWING OR STOPPING,10,No,2011,HONDA,ACCORD,39.0348557,-77.05615528,2022,6,13
220023614,Property Damage Crash,06/02/2022 01:00:00 PM,NA,NA,STRAIGHT MOVEMENT ANGLE,Cloudy,NA,Daylight,NO CONTROLS,NONE DETECTED,Yes,No Apparent Injury,N/A,INATTENTIVE OR LOST IN THOUGHT,MD,PASSENGER CAR,BACKING,10,No,2015,FORD,FUSION,39.0348557,-77.05615528,2022,6,13
220023600,Injury Crash,06/02/2022 12:45:00 PM,UNIVERSITY BLVD W,NA,SAME DIR REAR END,Clear,DRY,Daylight,TRAFFIC SIGNAL,NONE DETECTED,No,Possible Minor Injury,N/A,NOT DISTRACTED,VA,PASSENGER CAR,STOPPED IN TRAFFIC LANE,35,No,2016,TOYOTA,SUV,39.03982333,-77.055255,2022,6,12
220023600,Injury Crash,06/02/2022 12:45:00 PM,UNIVERSITY BLVD W,NA,SAME DIR REAR END,Clear,DRY,Daylight,TRAFFIC SIGNAL,NONE DETECTED,Yes,No Apparent Injury,N/A,UNKNOWN,MD,PASSENGER CAR,SLOWING OR STOPPING,35,No,2005,HONDA,PILOT,39.03982333,-77.055255,2022,6,12
220023602,Property Damage Crash,06/02/2022 12:44:00 PM,GEORGIA AVE,NA,SAME DIR REAR END,Clear,DRY,Daylight,TRAFFIC SIGNAL,NONE DETECTED,Yes,No Apparent Injury,N/A,BY MOVING OBJECT IN VEHICLE,MD,PASSENGER CAR,SLOWING OR STOPPING,40,No,2006,AUDI,A4,39.12894333,-77.07125667,2022,6,12
220023602,Property Damage Crash,06/02/2022 12:44:00 PM,GEORGIA AVE,NA,SAME DIR REAR END,Clear,DRY,Daylight,TRAFFIC SIGNAL,NONE DETECTED,No,No Apparent Injury,N/A,NOT DISTRACTED,MD,PASSENGER CAR,SLOWING OR STOPPING,40,No,2019,KIA,SEDONA,39.12894333,-77.07125667,2022,6,12
220023611,Injury Crash,06/02/2022 12:43:00 PM,GEORGIA AVE,NA,SAME DIR REAR END,Clear,DRY,Daylight,TRAFFIC SIGNAL,NONE DETECTED,Yes,No Apparent Injury,N/A,UNKNOWN,NA,NA,UNKNOWN,40,No,0,UNKNOWN,UNKNOWN,39.12880333,-77.07126333,2022,6,12
220023611,Injury Crash,06/02/2022 12:43:00 PM,GEORGIA AVE,NA,SAME DIR REAR END,Clear,DRY,Daylight,TRAFFIC SIGNAL,NONE DETECTED,No,Possible Minor Injury,N/A,NOT DISTRACTED,MD,PASSENGER CAR,STOPPED IN TRAFFIC LANE,40,No,2018,FORD,TRANSIT,39.12880333,-77.07126333,2022,6,12
220023598,Injury Crash,06/02/2022 12:39:00 PM,FREDERICK RD,NA,STRAIGHT MOVEMENT ANGLE,Clear,DRY,Daylight,TRAFFIC SIGNAL,NONE DETECTED,No,No Apparent Injury,N/A,NOT DISTRACTED,MD,VAN,MOVING CONSTANT SPEED,45,No,2003,HONDA,ODYSSEY,39.197771,-77.2449745,2022,6,12
220023598,Injury Crash,06/02/2022 12:39:00 PM,FREDERICK RD,NA,STRAIGHT MOVEMENT ANGLE,Clear,DRY,Daylight,TRAFFIC SIGNAL,NONE DETECTED,Yes,Possible Minor Injury,N/A,UNKNOWN,MD,PASSENGER CAR,MAKING LEFT TURN,45,No,2019,HYUNDAI,ACCENT,39.197771,-77.2449745,2022,6,12
220023606,Property Damage Crash,06/02/2022 12:30:00 PM,GEORGIA AVE,NA,SAME DIRECTION SIDESWIPE,Clear,DRY,Daylight,N/A,NONE DETECTED,Yes,No Apparent Injury,N/A,NOT DISTRACTED,MD,"MEDIUM/HEAVY TRUCKS 3 AXLES (OVER 10,000LBS (4,536KG))",MOVING CONSTANT SPEED,35,No,2021,INTERNATIONAL,ST,39.02992833,-77.04824,2022,6,12
220023606,Property Damage Crash,06/02/2022 12:30:00 PM,GEORGIA AVE,NA,SAME DIRECTION SIDESWIPE,Clear,DRY,Daylight,N/A,NONE DETECTED,No,No Apparent Injury,N/A,NOT DISTRACTED,MN,"CARGO VAN/LIGHT TRUCK 2 AXLES (OVER 10,000LBS (4,536 KG))",MAKING LEFT TURN,35,No,2018,FREIGHTLINER,ST,39.02992833,-77.04824,2022,6,12
220023594,Property Damage Crash,06/02/2022 11:32:00 AM,FREDERICK RD,NA,SAME DIRECTION LEFT TURN,Clear,DRY,Daylight,TRAFFIC SIGNAL,NONE DETECTED,Yes,No Apparent Injury,N/A,NOT DISTRACTED,MD,PASSENGER CAR,MOVING CONSTANT SPEED,35,No,2020,TOYOTA,COROLLA,39.12412391,-77.17994169,2022,6,11
220023594,Property Damage Crash,06/02/2022 11:32:00 AM,FREDERICK RD,NA,SAME DIRECTION LEFT TURN,Clear,DRY,Daylight,TRAFFIC SIGNAL,NONE DETECTED,No,No Apparent Injury,N/A,NOT DISTRACTED,MD,PASSENGER CAR,MOVING CONSTANT SPEED,35,No,2017,TOYOTA,UT,39.12412391,-77.17994169,2022,6,11
220023533,Injury Crash,06/02/2022 10:22:00 AM,GEORGIA AVE,NA,SAME DIR REAR END,Clear,DRY,Daylight,NO CONTROLS,NONE DETECTED,No,Possible Minor Injury,N/A,NOT DISTRACTED,MD,PASSENGER CAR,STOPPED IN TRAFFIC LANE,35,No,2018,FORD,TK,39.01959167,-77.04395833,2022,6,10
220023533,Injury Crash,06/02/2022 10:22:00 AM,GEORGIA AVE,NA,SAME DIR REAR END,Clear,DRY,Daylight,NO CONTROLS,NONE DETECTED,Yes,No Apparent Injury,N/A,LOOKED BUT DID NOT SEE,MD,PASSENGER CAR,MOVING CONSTANT SPEED,35,No,2007,HONDA,ACCORD,39.01959167,-77.04395833,2022,6,10
220023586,Injury Crash,06/02/2022 10:04:00 AM,NA,NA,SAME DIR REAR END,Clear,NA,Daylight,N/A,NONE DETECTED,No,Possible Minor Injury,N/A,UNKNOWN,MD,PASSENGER CAR,SLOWING OR STOPPING,5,No,2021,NISSAN,NV200,39.11637867,-77.1646535,2022,6,10
220023586,Injury Crash,06/02/2022 10:04:00 AM,NA,NA,SAME DIR REAR END,Clear,NA,Daylight,N/A,NONE DETECTED,Yes,No Apparent Injury,N/A,UNKNOWN,MD,VAN,OTHER,5,No,2013,FORD,CARGO VAN,39.11637867,-77.1646535,2022,6,10
220023566,Injury Crash,06/02/2022 09:22:00 AM,NORBECK RD,NA,SAME DIR REAR END,Clear,DRY,Daylight,NO CONTROLS,NONE DETECTED,Yes,No Apparent Injury,N/A,NOT DISTRACTED,MD,PASSENGER CAR,MOVING CONSTANT SPEED,45,No,2013,NISSAN,ALTIMA,39.102855,-77.09022167,2022,6,9
220023566,Injury Crash,06/02/2022 09:22:00 AM,NORBECK RD,NA,SAME DIR REAR END,Clear,DRY,Daylight,NO CONTROLS,NONE DETECTED,No,Possible Minor Injury,N/A,NOT DISTRACTED,MD,PASSENGER CAR,SLOWING OR STOPPING,45,No,2017,TOYOTA,HIGHLANDER,39.102855,-77.09022167,2022,6,9