Local Case Number,ACRS Report Type,Crash Date/Time,Road Name,Related Non-Motorist,Collision Type,Weather,Surface Condition,Light,Traffic Control,Driver Substance Abuse,Driver At Fault,Injury Severity,Circumstance,Driver Distracted By,Drivers License State,Vehicle Body Type,Vehicle Movement,Speed Limit,Driverless Vehicle,Vehicle Year,Vehicle Make,Vehicle Model,Latitude,Longitude,Year,Month,Hour
220023561,Injury Crash,06/02/2022 09:00:00 AM,NA,PEDESTRIAN,SINGLE VEHICLE,Clear,NA,Daylight,NO CONTROLS,NONE DETECTED,Yes,No Apparent Injury,N/A,LOOKED BUT DID NOT SEE,MD,PASSENGER CAR,BACKING,20,No,2004,HOND,ACCORD,39.07936509,-77.14508319,2022,6,9
220023556,Property Damage Crash,06/02/2022 08:20:00 AM,LEEDS HALL DR,NA,N/A,Clear,DRY,Daylight,NO CONTROLS,NONE DETECTED,Yes,No Apparent Injury,N/A,NOT DISTRACTED,MD,SCHOOL BUS,MOVING CONSTANT SPEED,20,No,2021,THOMAS,MSDE-D-12,39.152715,-77.08594167,2022,6,8
220023559,Property Damage Crash,06/02/2022 07:50:00 AM,NA,NA,OTHER,Clear,NA,Daylight,N/A,NONE DETECTED,Yes,No Apparent Injury,"BACKUP DUE TO REGULAR CONGESTION, N/A",UNKNOWN,NA,(SPORT) UTILITY VEHICLE,OTHER,0,No,2021,HONDA,PILOT,39.08795333,-76.948765,2022,6,7
220023559,Property Damage Crash,06/02/2022 07:50:00 AM,NA,NA,OTHER,Clear,NA,Daylight,N/A,NONE DETECTED,No,No Apparent Injury,"BACKUP DUE TO REGULAR CONGESTION, N/A",DISTRACTED BY OUTSIDE PERSON OBJECT OR EVENT,MD,PASSENGER CAR,SLOWING OR STOPPING,0,No,2022,TOYT,HB,39.08795333,-76.948765,2022,6,7
220023550,Property Damage Crash,06/02/2022 07:20:00 AM,GEORGIA AVE,NA,SAME DIR REAR END,Clear,DRY,Daylight,N/A,NONE DETECTED,Yes,No Apparent Injury,N/A,NOT DISTRACTED,DC,PASSENGER CAR,SLOWING OR STOPPING,35,No,2012,TOYOTA,PRIUS,39.00911336,-77.04031752,2022,6,7
220023550,Property Damage Crash,06/02/2022 07:20:00 AM,GEORGIA AVE,NA,SAME DIR REAR END,Clear,DRY,Daylight,N/A,NONE DETECTED,No,No Apparent Injury,N/A,NOT DISTRACTED,MD,AMBULANCE/EMERGENCY,MOVING CONSTANT SPEED,35,No,2020,FRHT,AMBULANCE,39.00911336,-77.04031752,2022,6,7
220023543,Property Damage Crash,06/02/2022 04:16:00 AM,CHRISTOPHER AVE,NA,SINGLE VEHICLE,Clear,DRY,Medium,FLASHING TRAFFIC SIGNAL,NONE DETECTED,Yes,No Apparent Injury,N/A,NOT DISTRACTED,MD,PASSENGER CAR,UNKNOWN,35,No,2013,FORD,CP,39.15815333,-77.20459333,2022,6,4
220023541,Property Damage Crash,06/02/2022 01:03:00 AM,COLUMBIA PIKE,NA,SAME DIR REAR END,Clear,DRY,Medium,TRAFFIC SIGNAL,ALCOHOL PRESENT,Yes,No Apparent Injury,N/A,INATTENTIVE OR LOST IN THOUGHT,MD,PASSENGER CAR,MOVING CONSTANT SPEED,50,No,2010,ACURA,TSX,39.07336993,-76.95542233,2022,6,1
220023541,Property Damage Crash,06/02/2022 01:03:00 AM,COLUMBIA PIKE,NA,SAME DIR REAR END,Clear,DRY,Medium,TRAFFIC SIGNAL,NONE DETECTED,No,No Apparent Injury,N/A,NOT DISTRACTED,SC,PASSENGER CAR,STOPPED IN TRAFFIC LANE,50,No,2013,CHEVROLET,EQUINOX,39.07336993,-76.95542233,2022,6,1
220023520,Injury Crash,06/01/2022 09:22:00 PM,S FREDERICK RD,NA,HEAD ON LEFT TURN,Clear,DRY,Dark,TRAFFIC SIGNAL,NONE DETECTED,No,Suspected Serious Injury,N/A,UNKNOWN,MD,MOTORCYCLE,MOVING CONSTANT SPEED,35,No,2006,YAMAHA,YZFR1,39.13219333,-77.18908333,2022,6,21
220023520,Injury Crash,06/01/2022 09:22:00 PM,S FREDERICK RD,NA,HEAD ON LEFT TURN,Clear,DRY,Dark,TRAFFIC SIGNAL,NONE DETECTED,Yes,No Apparent Injury,N/A,UNKNOWN,MD,PASSENGER CAR,MAKING LEFT TURN,35,No,2003,TOYOTA,COROLLA,39.13219333,-77.18908333,2022,6,21
220023514,Property Damage Crash,06/01/2022 08:20:00 PM,NA,NA,SAME DIR REAR END,Clear,NA,Medium,TRAFFIC SIGNAL,NONE DETECTED,No,No Apparent Injury,N/A,NOT DISTRACTED,MD,PASSENGER CAR,STOPPED IN TRAFFIC LANE,15,No,2022,TOYT,COROLLA,39.13608205,-77.19184107,2022,6,20
220023514,Property Damage Crash,06/01/2022 08:20:00 PM,NA,NA,SAME DIR REAR END,Clear,NA,Medium,TRAFFIC SIGNAL,ALCOHOL PRESENT,Yes,No Apparent Injury,N/A,NOT DISTRACTED,MD,PASSENGER CAR,BACKING,15,No,2006,NISSAN,ALTIMA,39.13608205,-77.19184107,2022,6,20
220023524,Property Damage Crash,06/01/2022 07:00:00 PM,NA,NA,UNKNOWN,Clear,NA,Daylight,NO CONTROLS,NONE DETECTED,Yes,No Apparent Injury,N/A,UNKNOWN,NA,UNKNOWN,UNKNOWN,5,Unknown,0,UNKNOWN,UNKNOWN,39.055755,-77.11210167,2022,6,19
220023502,Injury Crash,06/01/2022 06:40:00 PM,STRINGTOWN RD,NA,STRAIGHT MOVEMENT ANGLE,Clear,DRY,Daylight,TRAFFIC SIGNAL,NONE DETECTED,Yes,No Apparent Injury,N/A,NOT DISTRACTED,MD,(SPORT) UTILITY VEHICLE,MOVING CONSTANT SPEED,35,No,2018,HYUNDAI,SANTA FE,39.23749041,-77.27785212,2022,6,18
220023502,Injury Crash,06/01/2022 06:40:00 PM,STRINGTOWN RD,NA,STRAIGHT MOVEMENT ANGLE,Clear,DRY,Daylight,TRAFFIC SIGNAL,NONE DETECTED,No,Possible Minor Injury,N/A,NOT DISTRACTED,MD,VAN,STARTING FROM LANE,35,No,2007,HONDA,ODYSSEY,39.23749041,-77.27785212,2022,6,18
220023494,Property Damage Crash,06/01/2022 06:15:00 PM,GEORGIA AVE,NA,HEAD ON LEFT TURN,Clear,DRY,Daylight,TRAFFIC SIGNAL,NONE DETECTED,Yes,No Apparent Injury,N/A,LOOKED BUT DID NOT SEE,MD,PASSENGER CAR,MAKING LEFT TURN,35,No,2015,TOYT,CAMRY,39.07208083,-77.06426467,2022,6,18
220023494,Property Damage Crash,06/01/2022 06:15:00 PM,GEORGIA AVE,NA,HEAD ON LEFT TURN,Clear,DRY,Daylight,TRAFFIC SIGNAL,NONE DETECTED,No,No Apparent Injury,N/A,NOT DISTRACTED,MD,PICKUP TRUCK,STOPPED IN TRAFFIC LANE,35,No,2005,GMC,C1500,39.07208083,-77.06426467,2022,6,18
220023494,Property Damage Crash,06/01/2022 06:15:00 PM,GEORGIA AVE,NA,HEAD ON LEFT TURN,Clear,DRY,Daylight,TRAFFIC SIGNAL,NONE DETECTED,No,No Apparent Injury,N/A,NOT DISTRACTED,MD,PASSENGER CAR,MOVING CONSTANT SPEED,35,No,2018,HOND,ACCORD,39.07208083,-77.06426467,2022,6,18
220023491,Property Damage Crash,06/01/2022 06:00:00 PM,MONTGOMERY VILLAGE AVE,NA,SAME DIR REAR END,Clear,DRY,Daylight,N/A,NONE DETECTED,Yes,No Apparent Injury,N/A,NOT DISTRACTED,MD,PASSENGER CAR,MOVING CONSTANT SPEED,35,No,2020,KIA,RIO,39.15613667,-77.20671,2022,6,18
220023491,Property Damage Crash,06/01/2022 06:00:00 PM,MONTGOMERY VILLAGE AVE,NA,SAME DIR REAR END,Clear,DRY,Daylight,N/A,NONE DETECTED,No,No Apparent Injury,N/A,NOT DISTRACTED,MD,PASSENGER CAR,MOVING CONSTANT SPEED,35,No,2019,SUBARU,IMPREZA,39.15613667,-77.20671,2022,6,18
220023480,Property Damage Crash,06/01/2022 05:07:00 PM,COLUMBIA PIKE,NA,SAME DIR REAR END,Clear,DRY,Daylight,TRAFFIC SIGNAL,NONE DETECTED,No,No Apparent Injury,N/A,NOT DISTRACTED,MD,PASSENGER CAR,SLOWING OR STOPPING,40,No,2011,NISSAN,ALTIMA,39.04727667,-76.98544833,2022,6,17
220023480,Property Damage Crash,06/01/2022 05:07:00 PM,COLUMBIA PIKE,NA,SAME DIR REAR END,Clear,DRY,Daylight,TRAFFIC SIGNAL,NONE DETECTED,Yes,No Apparent Injury,N/A,LOOKED BUT DID NOT SEE,MD,TRANSIT BUS,MAKING RIGHT TURN,40,No,2016,GILL,BUS,39.04727667,-76.98544833,2022,6,17
220023476,Injury Crash,06/01/2022 04:51:00 PM,NORBECK RD,NA,SINGLE VEHICLE,Clear,DRY,Daylight,NO CONTROLS,NONE DETECTED,Yes,Possible Minor Injury,N/A,NOT DISTRACTED,MD,PASSENGER CAR,MOVING CONSTANT SPEED,50,No,2021,TOYOTA,COROLLA,39.09260183,-77.12358267,2022,6,16
220023466,Property Damage Crash,06/01/2022 04:30:00 PM,RIVER RD,NA,SAME DIR REAR END,Clear,DRY,Daylight,TRAFFIC SIGNAL,NONE DETECTED,No,No Apparent Injury,N/A,NOT DISTRACTED,MD,PASSENGER CAR,SLOWING OR STOPPING,25,No,2008,TOYOTA,PRIUS,38.98616971,-77.14342321,2022,6,16
220023466,Property Damage Crash,06/01/2022 04:30:00 PM,RIVER RD,NA,SAME DIR REAR END,Clear,DRY,Daylight,TRAFFIC SIGNAL,NONE DETECTED,Yes,No Apparent Injury,N/A,NOT DISTRACTED,MD,"CARGO VAN/LIGHT TRUCK 2 AXLES (OVER 10,000LBS (4,536 KG))",SLOWING OR STOPPING,25,No,2015,ISUZU,NPR/NPR-HD,38.98616971,-77.14342321,2022,6,16
220023464,Injury Crash,06/01/2022 04:10:00 PM,DRAKE DR,BICYCLIST,SINGLE VEHICLE,Clear,DRY,Daylight,NO CONTROLS,NONE DETECTED,Yes,No Apparent Injury,N/A,LOOKED BUT DID NOT SEE,XX,PASSENGER CAR,MAKING RIGHT TURN,30,No,2009,HONDA,FIT,39.08466833,-77.10403,2022,6,16
220023484,Fatal Crash,06/01/2022 04:09:00 PM,OLD GEORGETOWN RD,BICYCLIST,SINGLE VEHICLE,Clear,DRY,Daylight,NO CONTROLS,NONE DETECTED,No,No Apparent Injury,N/A,NOT DISTRACTED,MD,VAN,MOVING CONSTANT SPEED,40,No,2012,FORD,E350,39.02156833,-77.12286667,2022,6,16
220023461,Property Damage Crash,06/01/2022 03:47:00 PM,GEORGIA AVE,NA,SAME DIRECTION SIDESWIPE,Clear,DRY,Daylight,TRAFFIC SIGNAL,NONE DETECTED,Yes,No Apparent Injury,"BACKUP DUE TO REGULAR CONGESTION, N/A",LOOKED BUT DID NOT SEE,MD,SCHOOL BUS,MOVING CONSTANT SPEED,30,No,2020,THOMAS,BUS,38.99992583,-77.03243533,2022,6,15
220023461,Property Damage Crash,06/01/2022 03:47:00 PM,GEORGIA AVE,NA,SAME DIRECTION SIDESWIPE,Clear,DRY,Daylight,TRAFFIC SIGNAL,NONE DETECTED,No,No Apparent Injury,"BACKUP DUE TO REGULAR CONGESTION, N/A",NOT DISTRACTED,MD,SCHOOL BUS,STOPPED IN TRAFFIC LANE,30,No,2012,THOMAS,BUS,38.99992583,-77.03243533,2022,6,15
220023460,Property Damage Crash,06/01/2022 03:45:00 PM,ROCKVILLE PIKE,NA,STRAIGHT MOVEMENT ANGLE,Clear,DRY,Daylight,NO CONTROLS,NONE DETECTED,Yes,No Apparent Injury,N/A,NOT DISTRACTED,VA,PASSENGER CAR,MAKING LEFT TURN,40,No,2022,BMW,UT,39.06589383,-77.12749,2022,6,15
220023460,Property Damage Crash,06/01/2022 03:45:00 PM,ROCKVILLE PIKE,NA,STRAIGHT MOVEMENT ANGLE,Clear,DRY,Daylight,NO CONTROLS,NONE DETECTED,No,No Apparent Injury,N/A,NOT DISTRACTED,MD,PASSENGER CAR,MOVING CONSTANT SPEED,40,No,2016,JEEP,CHEROKEE,39.06589383,-77.12749,2022,6,15
220023456,Property Damage Crash,06/01/2022 03:20:00 PM,OLD GEORGETOWN RD,NA,HEAD ON LEFT TURN,Clear,DRY,Daylight,TRAFFIC SIGNAL,NONE DETECTED,No,No Apparent Injury,N/A,NOT DISTRACTED,MD,PASSENGER CAR,MAKING LEFT TURN,35,No,2015,FIAT,4S,39.01646133,-77.11970583,2022,6,15
220023456,Property Damage Crash,06/01/2022 03:20:00 PM,OLD GEORGETOWN RD,NA,HEAD ON LEFT TURN,Clear,DRY,Daylight,TRAFFIC SIGNAL,NONE DETECTED,Yes,No Apparent Injury,N/A,UNKNOWN,MD,PASSENGER CAR,MOVING CONSTANT SPEED,35,No,2004,LEXS,4S,39.01646133,-77.11970583,2022,6,15
220023454,Property Damage Crash,06/01/2022 03:09:00 PM,ROCKVILLE PIKE,NA,ANGLE MEETS RIGHT TURN,Clear,DRY,Daylight,NO CONTROLS,NONE DETECTED,No,No Apparent Injury,N/A,NOT DISTRACTED,MD,PASSENGER CAR,MOVING CONSTANT SPEED,35,No,2022,TOYOTA,CAMRY,39.07079283,-77.1321125,2022,6,15
220023454,Property Damage Crash,06/01/2022 03:09:00 PM,ROCKVILLE PIKE,NA,ANGLE MEETS RIGHT TURN,Clear,DRY,Daylight,NO CONTROLS,NONE DETECTED,Yes,No Apparent Injury,N/A,LOOKED BUT DID NOT SEE,MD,PASSENGER CAR,MAKING RIGHT TURN,35,No,2010,HOND,4S,39.07079283,-77.1321125,2022,6,15
220023453,Property Damage Crash,06/01/2022 03:06:00 PM,CHESTNUT ST,NA,SAME DIRECTION LEFT TURN,Cloudy,DRY,Daylight,NO CONTROLS,NONE DETECTED,Yes,No Apparent Injury,N/A,NOT DISTRACTED,MD,PASSENGER CAR,CHANGING LANES,30,No,2018,TOYT,ION,39.14325333,-77.20236833,2022,6,15
220023453,Property Damage Crash,06/01/2022 03:06:00 PM,CHESTNUT ST,NA,SAME DIRECTION LEFT TURN,Cloudy,DRY,Daylight,NO CONTROLS,NONE DETECTED,No,No Apparent Injury,N/A,NOT DISTRACTED,US,(SPORT) UTILITY VEHICLE,CHANGING LANES,30,No,2015,TOYT,HIGHLANDER,39.14325333,-77.20236833,2022,6,15
220023449,Property Damage Crash,06/01/2022 02:47:00 PM,OLD GEORGETOWN RD,NA,SAME DIRECTION LEFT TURN,Clear,DRY,Daylight,TRAFFIC SIGNAL,NONE DETECTED,Yes,No Apparent Injury,N/A,LOOKED BUT DID NOT SEE,NY,TRUCK TRACTOR,MAKING LEFT TURN,5,No,2013,MACK,TRACTOR,38.98613167,-77.09693167,2022,6,14
220023449,Property Damage Crash,06/01/2022 02:47:00 PM,OLD GEORGETOWN RD,NA,SAME DIRECTION LEFT TURN,Clear,DRY,Daylight,TRAFFIC SIGNAL,NONE DETECTED,No,No Apparent Injury,N/A,NOT DISTRACTED,XX,PASSENGER CAR,STOPPED IN TRAFFIC LANE,0,No,2010,HONDA,ODYSSEY,38.98613167,-77.09693167,2022,6,14
220022518,Property Damage Crash,06/01/2022 02:15:00 PM,NA,PEDESTRIAN,OTHER,Clear,NA,Daylight,NO CONTROLS,NONE DETECTED,Yes,No Apparent Injury,N/A,LOOKED BUT DID NOT SEE,NA,PASSENGER CAR,BACKING,0,No,2021,TOYT,RAV4,39.14941667,-77.06661833,2022,6,14
220023440,Property Damage Crash,06/01/2022 02:00:00 PM,WILSON LA,NA,STRAIGHT MOVEMENT ANGLE,Clear,DRY,Daylight,TRAFFIC SIGNAL,NONE DETECTED,No,No Apparent Injury,N/A,NOT DISTRACTED,MD,PASSENGER CAR,ACCELERATING,35,No,2017,MERCEDES BENZ,GLC300,38.98609467,-77.11541183,2022,6,14
220023440,Property Damage Crash,06/01/2022 02:00:00 PM,WILSON LA,NA,STRAIGHT MOVEMENT ANGLE,Clear,DRY,Daylight,TRAFFIC SIGNAL,NONE DETECTED,Yes,No Apparent Injury,N/A,NOT DISTRACTED,MD,PASSENGER CAR,MOVING CONSTANT SPEED,35,No,2012,HYUNDAI,SONATA,38.98609467,-77.11541183,2022,6,14
220023437,Property Damage Crash,06/01/2022 01:50:00 PM,SHADY GROVE RD,NA,SAME DIR REAR END,Clear,DRY,Daylight,TRAFFIC SIGNAL,NONE DETECTED,Yes,No Apparent Injury,N/A,LOOKED BUT DID NOT SEE,NA,PASSENGER CAR,MOVING CONSTANT SPEED,40,No,2014,KIA,TK,39.10914833,-77.18820167,2022,6,13
220023437,Property Damage Crash,06/01/2022 01:50:00 PM,SHADY GROVE RD,NA,SAME DIR REAR END,Clear,DRY,Daylight,TRAFFIC SIGNAL,NONE DETECTED,No,No Apparent Injury,N/A,NOT DISTRACTED,MD,PASSENGER CAR,SLOWING OR STOPPING,40,No,2015,HONDA,CR-V,39.10914833,-77.18820167,2022,6,13
220023443,Property Damage Crash,06/01/2022 01:45:00 PM,NA,NA,OTHER,Clear,NA,Daylight,N/A,NONE DETECTED,Yes,No Apparent Injury,N/A,LOOKED BUT DID NOT SEE,MD,POLICE VEHICLE/NON EMERGENCY,BACKING,0,No,2015,DODGE,DURANGO,39.07655,-77.00407,2022,6,13
220023443,Property Damage Crash,06/01/2022 01:45:00 PM,NA,NA,OTHER,Clear,NA,Daylight,N/A,NONE DETECTED,Yes,No Apparent Injury,N/A,LOOKED BUT DID NOT SEE,NA,NA,BACKING,0,No,0,UNKNOWN,UNKNOWN,39.07655,-77.00407,2022,6,13
220023430,Injury Crash,06/01/2022 01:17:00 PM,EISENHOWER MEMORIAL HWY,NA,SAME DIR REAR END,Cloudy,DRY,Daylight,NO CONTROLS,NONE DETECTED,No,No Apparent Injury,N/A,NOT DISTRACTED,MD,PASSENGER CAR,SLOWING OR STOPPING,55,No,1998,TOYT,CAMRY,39.15811343,-77.227634,2022,6,13
220023430,Injury Crash,06/01/2022 01:17:00 PM,EISENHOWER MEMORIAL HWY,NA,SAME DIR REAR END,Cloudy,DRY,Daylight,NO CONTROLS,NONE DETECTED,No,Possible Minor Injury,N/A,NOT DISTRACTED,WV,(SPORT) UTILITY VEHICLE,SLOWING OR STOPPING,55,No,2016,FORD,ESCAPE,39.15811343,-77.227634,2022,6,13
220023430,Injury Crash,06/01/2022 01:17:00 PM,EISENHOWER MEMORIAL HWY,NA,SAME DIR REAR END,Cloudy,DRY,Daylight,NO CONTROLS,NONE DETECTED,Yes,No Apparent Injury,N/A,NOT DISTRACTED,MD,VAN,SLOWING OR STOPPING,55,No,2015,RAM,CG,39.15811343,-77.227634,2022,6,13
220023429,Injury Crash,06/01/2022 01:15:00 PM,E JEFFERSON ST,NA,SAME DIR REAR END,Clear,DRY,Daylight,N/A,NONE DETECTED,No,No Apparent Injury,N/A,NOT DISTRACTED,MD,PASSENGER CAR,SLOWING OR STOPPING,35,No,2008,AUDI,4 DOOR,39.08286683,-77.15142691,2022,6,13
220023429,Injury Crash,06/01/2022 01:15:00 PM,E JEFFERSON ST,NA,SAME DIR REAR END,Clear,DRY,Daylight,N/A,NONE DETECTED,Yes,No Apparent Injury,N/A,NOT DISTRACTED,MD,PASSENGER CAR,SLOWING OR STOPPING,35,No,2016,TOYOTA,CAMERY,39.08286683,-77.15142691,2022,6,13
220023412,Injury Crash,06/01/2022 11:00:00 AM,ARCOLA AVE,NA,SAME DIR REAR END,Clear,DRY,Daylight,NO CONTROLS,NONE DETECTED,No,No Apparent Injury,N/A,NOT DISTRACTED,MD,PICKUP TRUCK,SLOWING OR STOPPING,25,No,2004,CHEV,1500,39.03893833,-77.02803833,2022,6,11
220023412,Injury Crash,06/01/2022 11:00:00 AM,ARCOLA AVE,NA,SAME DIR REAR END,Clear,DRY,Daylight,NO CONTROLS,NONE DETECTED,Yes,No Apparent Injury,N/A,UNKNOWN,NA,VAN,MOVING CONSTANT SPEED,25,No,2012,CHEV,EXPRESS,39.03893833,-77.02803833,2022,6,11
220023410,Injury Crash,06/01/2022 10:55:00 AM,WOODFIELD RD,NA,SINGLE VEHICLE,Clear,DRY,Daylight,YIELD SIGN,NONE DETECTED,Yes,Possible Minor Injury,N/A,NOT DISTRACTED,MD,PASSENGER CAR,MAKING RIGHT TURN,50,No,2021,TOYT,UT,39.15100345,-77.17481747,2022,6,10
220023403,Property Damage Crash,06/01/2022 10:20:00 AM,NA,OTHER,SINGLE VEHICLE,Clear,NA,Daylight,N/A,NONE DETECTED,Yes,No Apparent Injury,N/A,UNKNOWN,UT,PASSENGER CAR,ACCELERATING,0,No,2022,TESLA,MODEL 3,38.98745833,-77.028725,2022,6,10
220023405,Property Damage Crash,06/01/2022 10:14:00 AM,VEIRS MILL RD,NA,OTHER,Clear,DRY,Daylight,NO CONTROLS,NONE DETECTED,No,No Apparent Injury,N/A,NOT DISTRACTED,MD,"CARGO VAN/LIGHT TRUCK 2 AXLES (OVER 10,000LBS (4,536 KG))",MOVING CONSTANT SPEED,45,No,2005,GMC,DS,39.06527,-77.098625,2022,6,10
220023405,Property Damage Crash,06/01/2022 10:14:00 AM,VEIRS MILL RD,NA,OTHER,Clear,DRY,Daylight,NO CONTROLS,NONE DETECTED,Yes,No Apparent Injury,N/A,NOT DISTRACTED,MD,PASSENGER CAR,MOVING CONSTANT SPEED,45,No,2020,CHEV,TRAVERSE,39.06527,-77.098625,2022,6,10
220023400,Injury Crash,06/01/2022 10:09:00 AM,VEIRS MILL RD,NA,SAME DIRECTION RIGHT TURN,Clear,DRY,Daylight,NO CONTROLS,NONE DETECTED,No,Possible Minor Injury,N/A,NOT DISTRACTED,MD,PASSENGER CAR,MOVING CONSTANT SPEED,45,No,2014,HYUN,SONATA,39.05795833,-77.08494667,2022,6,10
220023400,Injury Crash,06/01/2022 10:09:00 AM,VEIRS MILL RD,NA,SAME DIRECTION RIGHT TURN,Clear,DRY,Daylight,NO CONTROLS,NONE DETECTED,Yes,No Apparent Injury,N/A,NOT DISTRACTED,MD,PASSENGER CAR,CHANGING LANES,45,No,2015,TOYT,HIGHLANDER,39.05795833,-77.08494667,2022,6,10
220023391,Property Damage Crash,06/01/2022 08:45:00 AM,JOHNSON AVE,NA,OTHER,Clear,DRY,Daylight,N/A,NONE DETECTED,Yes,No Apparent Injury,N/A,LOOKED BUT DID NOT SEE,MD,(SPORT) UTILITY VEHICLE,PASSING,25,No,2016,LANDROVER,SPORT,39.00524083,-77.1139895,2022,6,8
220023448,Property Damage Crash,06/01/2022 08:27:00 AM,NA,NA,OTHER,Clear,NA,Daylight,N/A,NONE DETECTED,Yes,No Apparent Injury,N/A,UNKNOWN,MD,PASSENGER CAR,OTHER,15,No,2004,ACUR,TK,39.07294266,-76.95895135,2022,6,8
220023385,Property Damage Crash,06/01/2022 08:05:00 AM,WOOTTON PKWY,NA,STRAIGHT MOVEMENT ANGLE,Clear,DRY,Daylight,STOP SIGN,NONE DETECTED,No,No Apparent Injury,N/A,LOOKED BUT DID NOT SEE,MD,PASSENGER CAR,MOVING CONSTANT SPEED,35,No,2000,FORD,4S,39.07559075,-77.13989789,2022,6,8
220023385,Property Damage Crash,06/01/2022 08:05:00 AM,WOOTTON PKWY,NA,STRAIGHT MOVEMENT ANGLE,Clear,DRY,Daylight,STOP SIGN,NONE DETECTED,No,No Apparent Injury,N/A,NOT DISTRACTED,MD,PASSENGER CAR,N/A,35,No,2014,DODG,CHALLENGER,39.07559075,-77.13989789,2022,6,8
220023348,Injury Crash,05/31/2022 09:43:00 PM,NA,NA,SAME DIR REAR END,Clear,NA,Medium,NO CONTROLS,NONE DETECTED,No,No Apparent Injury,N/A,NOT DISTRACTED,MD,VAN,SLOWING OR STOPPING,15,No,2008,TOYOTA,SIENNA,39.19798667,-77.25144,2022,5,21
220023348,Injury Crash,05/31/2022 09:43:00 PM,NA,NA,SAME DIR REAR END,Clear,NA,Medium,NO CONTROLS,NONE DETECTED,Yes,No Apparent Injury,N/A,NOT DISTRACTED,MD,(SPORT) UTILITY VEHICLE,SLOWING OR STOPPING,15,No,2002,CHEVEROLET,TAHOE,39.19798667,-77.25144,2022,5,21
220002332,Injury Crash,05/31/2022 07:30:00 PM,SEVEN LOCKS RD,NA,SINGLE VEHICLE,Clear,DRY,Daylight,NO CONTROLS,NONE DETECTED,Yes,Possible Minor Injury,N/A,UNKNOWN,MD,PASSENGER CAR,STARTING FROM LANE,30,No,2015,LECUS,RC350,38.97515333,-77.161755,2022,5,19
220023320,Property Damage Crash,05/31/2022 06:17:00 PM,BLUHILL RD,PEDESTRIAN,OTHER,Clear,DRY,Daylight,OTHER,NONE DETECTED,Yes,No Apparent Injury,N/A,LOOKED BUT DID NOT SEE,MD,PASSENGER CAR,MOVING CONSTANT SPEED,35,No,2021,VOLKSWAGEN,GTI,39.05908017,-77.06501383,2022,5,18
220023315,Property Damage Crash,05/31/2022 05:44:00 PM,SPRING ST,NA,SAME DIRECTION SIDESWIPE,Clear,DRY,Daylight,NO CONTROLS,NONE DETECTED,No,No Apparent Injury,N/A,NOT DISTRACTED,MD,"CARGO VAN/LIGHT TRUCK 2 AXLES (OVER 10,000LBS (4,536 KG))",PARKED,0,No,2022,ISU,ST,38.997575,-77.03419167,2022,5,17
220023315,Property Damage Crash,05/31/2022 05:44:00 PM,SPRING ST,NA,SAME DIRECTION SIDESWIPE,Clear,DRY,Daylight,NO CONTROLS,NONE DETECTED,Yes,No Apparent Injury,N/A,LOOKED BUT DID NOT SEE,MD,TRANSIT BUS,MAKING RIGHT TURN,35,No,2009,GILL,BUS,38.997575,-77.03419167,2022,5,17
220023306,Property Damage Crash,05/31/2022 05:00:00 PM,JONES BRIDGE RD,NA,SAME DIR REAR END,Clear,DRY,Daylight,TRAFFIC SIGNAL,NONE DETECTED,Yes,No Apparent Injury,N/A,NOT DISTRACTED,MD,PASSENGER CAR,STARTING FROM LANE,35,No,2007,HONDA,ODYSEEY,38.99703667,-77.09353,2022,5,17
220023306,Property Damage Crash,05/31/2022 05:00:00 PM,JONES BRIDGE RD,NA,SAME DIR REAR END,Clear,DRY,Daylight,TRAFFIC SIGNAL,NONE DETECTED,Yes,No Apparent Injury,N/A,LOOKED BUT DID NOT SEE,DC,PASSENGER CAR,SLOWING OR STOPPING,35,No,2015,NISSAN,ALTIMA,38.99703667,-77.09353,2022,5,17
220023308,Property Damage Crash,05/31/2022 05:00:00 PM,VEIRS MILL RD,NA,SAME DIRECTION SIDESWIPE,Clear,DRY,Daylight,NO CONTROLS,NONE DETECTED,Yes,No Apparent Injury,N/A,UNKNOWN,NA,PASSENGER CAR,ACCELERATING,35,No,2009,HONDA,4S,39.06766703,-77.10166948,2022,5,17
220023308,Property Damage Crash,05/31/2022 05:00:00 PM,VEIRS MILL RD,NA,SAME DIRECTION SIDESWIPE,Clear,DRY,Daylight,NO CONTROLS,NONE DETECTED,No,No Apparent Injury,N/A,NOT DISTRACTED,MD,PASSENGER CAR,CHANGING LANES,35,No,2017,HONDA,CIVIC,39.06766703,-77.10166948,2022,5,17
220023300,Property Damage Crash,05/31/2022 04:35:00 PM,ETHAN ALLEN AVE,NA,HEAD ON,Clear,DRY,Daylight,NO CONTROLS,NONE DETECTED,No,No Apparent Injury,N/A,NOT DISTRACTED,VA,PASSENGER CAR,MOVING CONSTANT SPEED,25,No,2015,TOYOTA,CAMRY,38.97745733,-76.9997505,2022,5,16
220023300,Property Damage Crash,05/31/2022 04:35:00 PM,ETHAN ALLEN AVE,NA,HEAD ON,Clear,DRY,Daylight,NO CONTROLS,NONE DETECTED,Yes,No Apparent Injury,N/A,NOT DISTRACTED,MD,PASSENGER CAR,MOVING CONSTANT SPEED,25,No,2005,TOYT,PRIUS,38.97745733,-76.9997505,2022,5,16
220023299,Property Damage Crash,05/31/2022 04:32:00 PM,CONNECTICUT AVE,NA,SAME DIRECTION SIDESWIPE,Clear,DRY,Daylight,STOP SIGN,NONE DETECTED,No,No Apparent Injury,N/A,NOT DISTRACTED,MD,PASSENGER CAR,MOVING CONSTANT SPEED,35,No,2020,TOYT,VN,39.01803667,-77.07804,2022,5,16
220023299,Property Damage Crash,05/31/2022 04:32:00 PM,CONNECTICUT AVE,NA,SAME DIRECTION SIDESWIPE,Clear,DRY,Daylight,STOP SIGN,NONE DETECTED,Yes,No Apparent Injury,N/A,UNKNOWN,MD,PASSENGER CAR,MAKING LEFT TURN,35,No,2018,FORD,ESCAPE,39.01803667,-77.07804,2022,5,16
220023293,Injury Crash,05/31/2022 04:25:00 PM,UNIVERSITY BLVD W,NA,SAME DIRECTION SIDESWIPE,Clear,DRY,Daylight,NO CONTROLS,NONE DETECTED,No,Possible Minor Injury,N/A,NOT DISTRACTED,MD,PASSENGER CAR,MOVING CONSTANT SPEED,35,No,2017,NISSAN,ALTIMA,39.039035,-77.04169667,2022,5,16
220023293,Injury Crash,05/31/2022 04:25:00 PM,UNIVERSITY BLVD W,NA,SAME DIRECTION SIDESWIPE,Clear,DRY,Daylight,NO CONTROLS,NONE DETECTED,Yes,Suspected Serious Injury,N/A,UNKNOWN,MD,PASSENGER CAR,CHANGING LANES,35,No,2010,CADILLAC,ESCALADE,39.039035,-77.04169667,2022,5,16
220023291,Property Damage Crash,05/31/2022 04:06:00 PM,WEISMAN RD,NA,SAME DIRECTION SIDESWIPE,Clear,DRY,Daylight,NO CONTROLS,NONE DETECTED,Yes,No Apparent Injury,N/A,UNKNOWN,MD,SCHOOL BUS,MOVING CONSTANT SPEED,25,No,2020,THOMAS,BUS,39.05649736,-77.06169694,2022,5,16
220023294,Property Damage Crash,05/31/2022 03:55:00 PM,NA,NA,SAME DIRECTION SIDESWIPE,Clear,NA,Daylight,NO CONTROLS,NONE DETECTED,No,No Apparent Injury,N/A,NOT DISTRACTED,MD,PASSENGER CAR,PARKED,0,No,2017,HONDA,CRV,38.96456457,-77.1079816,2022,5,15