Local Case Number,ACRS Report Type,Crash Date/Time,Road Name,Related Non-Motorist,Collision Type,Weather,Surface Condition,Light,Traffic Control,Driver Substance Abuse,Driver At Fault,Injury Severity,Circumstance,Driver Distracted By,Drivers License State,Vehicle Body Type,Vehicle Movement,Speed Limit,Driverless Vehicle,Vehicle Year,Vehicle Make,Vehicle Model,Latitude,Longitude,Year,Month,Hour
220023294,Property Damage Crash,05/31/2022 03:55:00 PM,NA,NA,SAME DIRECTION SIDESWIPE,Clear,NA,Daylight,NO CONTROLS,NONE DETECTED,Yes,No Apparent Injury,N/A,UNKNOWN,NA,PASSENGER CAR,PARKING,15,No,2017,MERZ,E300,38.96456457,-77.1079816,2022,5,15
22000875,Property Damage Crash,05/31/2022 03:30:00 PM,EDNOR RD,NA,HEAD ON,Clear,DRY,Daylight,NO CONTROLS,NONE DETECTED,No,No Apparent Injury,N/A,NOT DISTRACTED,MD,PASSENGER CAR,MOVING CONSTANT SPEED,40,No,2015,FORD,EXPLORER,39.12845333,-77.02510333,2022,5,15
22000875,Property Damage Crash,05/31/2022 03:30:00 PM,EDNOR RD,NA,HEAD ON,Clear,DRY,Daylight,NO CONTROLS,NONE DETECTED,Yes,No Apparent Injury,N/A,INATTENTIVE OR LOST IN THOUGHT,MD,PASSENGER CAR,MOVING CONSTANT SPEED,40,No,2020,HONDA,PILOT,39.12845333,-77.02510333,2022,5,15
220023282,Injury Crash,05/31/2022 03:23:00 PM,MCKNEW RD,NA,HEAD ON LEFT TURN,Clear,DRY,Daylight,TRAFFIC SIGNAL,NONE DETECTED,No,No Apparent Injury,N/A,NOT DISTRACTED,MD,(SPORT) UTILITY VEHICLE,STOPPED IN TRAFFIC LANE,50,No,2019,HOND,PILOT,39.1061645,-76.91883117,2022,5,15
220023282,Injury Crash,05/31/2022 03:23:00 PM,MCKNEW RD,NA,HEAD ON LEFT TURN,Clear,DRY,Daylight,TRAFFIC SIGNAL,NONE DETECTED,Yes,Possible Minor Injury,N/A,NOT DISTRACTED,MD,PASSENGER CAR,MAKING LEFT TURN,50,No,2006,AIA,CAROLLA,39.1061645,-76.91883117,2022,5,15
220023282,Injury Crash,05/31/2022 03:23:00 PM,MCKNEW RD,NA,HEAD ON LEFT TURN,Clear,DRY,Daylight,TRAFFIC SIGNAL,NONE DETECTED,No,No Apparent Injury,N/A,NOT DISTRACTED,MD,(SPORT) UTILITY VEHICLE,MOVING CONSTANT SPEED,50,No,2017,CHEV,TRAVERSE,39.1061645,-76.91883117,2022,5,15
220023285,Property Damage Crash,05/31/2022 03:03:00 PM,LEWIS AVE,NA,SAME DIRECTION SIDESWIPE,Clear,DRY,Daylight,NO CONTROLS,NONE DETECTED,Yes,No Apparent Injury,N/A,UNKNOWN,NA,NA,MOVING CONSTANT SPEED,25,No,0,UNKNOWN,UNKNOWN,39.07266633,-77.13151771,2022,5,15
220023278,Property Damage Crash,05/31/2022 02:51:00 PM,FAIRLAND RD,NA,SAME DIRECTION LEFT TURN,Clear,DRY,Daylight,NO CONTROLS,NONE DETECTED,Yes,No Apparent Injury,N/A,LOOKED BUT DID NOT SEE,MD,PASSENGER CAR,MAKING U TURN,40,No,2019,TOYOTA,CHR,39.07810667,-76.96431333,2022,5,14
220023278,Property Damage Crash,05/31/2022 02:51:00 PM,FAIRLAND RD,NA,SAME DIRECTION LEFT TURN,Clear,DRY,Daylight,NO CONTROLS,NONE DETECTED,No,No Apparent Injury,N/A,NOT DISTRACTED,MD,PASSENGER CAR,MOVING CONSTANT SPEED,40,No,2010,MERC,R350,39.07810667,-76.96431333,2022,5,14
220023273,Property Damage Crash,05/31/2022 02:31:00 PM,WOODFIELD RD,NA,SAME DIRECTION SIDESWIPE,Clear,DRY,Daylight,NO CONTROLS,NONE DETECTED,Yes,No Apparent Injury,N/A,NOT DISTRACTED,MD,PASSENGER CAR,CHANGING LANES,45,No,2007,CHEVROLET,COBALT,39.17629131,-77.15105928,2022,5,14
220023273,Property Damage Crash,05/31/2022 02:31:00 PM,WOODFIELD RD,NA,SAME DIRECTION SIDESWIPE,Clear,DRY,Daylight,NO CONTROLS,NONE DETECTED,No,No Apparent Injury,N/A,NOT DISTRACTED,MD,VAN,MOVING CONSTANT SPEED,45,No,2020,FORD,TRANSIT CONNECT,39.17629131,-77.15105928,2022,5,14
220023287,Property Damage Crash,05/31/2022 01:45:00 PM,NA,NA,OTHER,Clear,NA,Daylight,N/A,NONE DETECTED,Yes,No Apparent Injury,N/A,NOT DISTRACTED,MD,VAN,BACKING,0,No,2017,FORD,VN,39.08114033,-77.15240283,2022,5,13
220023258,Injury Crash,05/31/2022 01:36:00 PM,EDSON LA,NA,OPPOSITE DIR BOTH LEFT TURN,Clear,DRY,Daylight,TRAFFIC SIGNAL,NONE DETECTED,Yes,No Apparent Injury,N/A,LOOKED BUT DID NOT SEE,MD,PASSENGER CAR,MAKING LEFT TURN,40,No,2012,HONDA,CRV,39.04020833,-77.122155,2022,5,13
220023258,Injury Crash,05/31/2022 01:36:00 PM,EDSON LA,NA,OPPOSITE DIR BOTH LEFT TURN,Clear,DRY,Daylight,TRAFFIC SIGNAL,NONE DETECTED,No,Possible Minor Injury,N/A,NOT DISTRACTED,MD,PASSENGER CAR,MAKING LEFT TURN,40,No,2006,LEXU,4S,39.04020833,-77.122155,2022,5,13
220023256,Property Damage Crash,05/31/2022 01:30:00 PM,MONTGOMERY VILLAGE AVE,NA,SAME DIRECTION SIDESWIPE,Clear,DRY,Daylight,NO CONTROLS,NONE DETECTED,Yes,No Apparent Injury,N/A,UNKNOWN,MD,PASSENGER CAR,CHANGING LANES,35,No,2016,HOND,SEDAN,39.15410333,-77.20972833,2022,5,13
220023256,Property Damage Crash,05/31/2022 01:30:00 PM,MONTGOMERY VILLAGE AVE,NA,SAME DIRECTION SIDESWIPE,Clear,DRY,Daylight,NO CONTROLS,NONE DETECTED,No,No Apparent Injury,N/A,NOT DISTRACTED,MD,PASSENGER CAR,MOVING CONSTANT SPEED,35,No,2005,GMC,SUV,39.15410333,-77.20972833,2022,5,13
220023248,Property Damage Crash,05/31/2022 01:20:00 PM,COLESVILLE RD,NA,SAME DIRECTION SIDESWIPE,Clear,DRY,Daylight,NO CONTROLS,NONE DETECTED,Yes,No Apparent Injury,N/A,LOOKED BUT DID NOT SEE,MD,PASSENGER CAR,MOVING CONSTANT SPEED,35,No,2002,HONDA,CN,39.00508833,-77.02315,2022,5,13
220023248,Property Damage Crash,05/31/2022 01:20:00 PM,COLESVILLE RD,NA,SAME DIRECTION SIDESWIPE,Clear,DRY,Daylight,NO CONTROLS,NONE DETECTED,Yes,No Apparent Injury,N/A,LOOKED BUT DID NOT SEE,DC,TRANSIT BUS,MOVING CONSTANT SPEED,35,No,2020,NOVA,BU,39.00508833,-77.02315,2022,5,13
220023240,Property Damage Crash,05/31/2022 12:11:00 PM,CONNECTICUT AVE,NA,SAME DIR REAR END,Clear,DRY,Daylight,TRAFFIC SIGNAL,NONE DETECTED,No,No Apparent Injury,N/A,NOT DISTRACTED,VA,PASSENGER CAR,STOPPED IN TRAFFIC LANE,35,No,2008,CHEV,4D,39.014295,-77.079295,2022,5,12
220023240,Property Damage Crash,05/31/2022 12:11:00 PM,CONNECTICUT AVE,NA,SAME DIR REAR END,Clear,DRY,Daylight,TRAFFIC SIGNAL,NONE DETECTED,Yes,No Apparent Injury,N/A,LOOKED BUT DID NOT SEE,MD,PASSENGER CAR,MOVING CONSTANT SPEED,35,No,2006,HONDA,ACCORD,39.014295,-77.079295,2022,5,12
220023240,Property Damage Crash,05/31/2022 12:11:00 PM,CONNECTICUT AVE,NA,SAME DIR REAR END,Clear,DRY,Daylight,TRAFFIC SIGNAL,NONE DETECTED,No,No Apparent Injury,N/A,NOT DISTRACTED,MD,PASSENGER CAR,STOPPED IN TRAFFIC LANE,35,No,2010,LEXUS,4S,39.014295,-77.079295,2022,5,12
220023237,Property Damage Crash,05/31/2022 11:49:00 AM,WESTLAKE DR,NA,STRAIGHT MOVEMENT ANGLE,Clear,DRY,Daylight,NO CONTROLS,NONE DETECTED,No,No Apparent Injury,N/A,LOOKED BUT DID NOT SEE,MD,"CARGO VAN/LIGHT TRUCK 2 AXLES (OVER 10,000LBS (4,536 KG))",MOVING CONSTANT SPEED,25,No,2001,FORD,RANGER,39.02201333,-77.15026333,2022,5,11
220023237,Property Damage Crash,05/31/2022 11:49:00 AM,WESTLAKE DR,NA,STRAIGHT MOVEMENT ANGLE,Clear,DRY,Daylight,NO CONTROLS,NONE DETECTED,Yes,No Apparent Injury,N/A,NOT DISTRACTED,MD,(SPORT) UTILITY VEHICLE,ACCELERATING,15,No,2019,BMW,X5,39.02201333,-77.15026333,2022,5,11
220023234,Injury Crash,05/31/2022 11:30:00 AM,RIVER RD,NA,SAME DIR REAR END,Clear,DRY,Daylight,NO CONTROLS,NONE DETECTED,Yes,No Apparent Injury,N/A,NOT DISTRACTED,MD,VAN,MOVING CONSTANT SPEED,30,No,2017,RAM,PROMASTER,39.01438667,-77.20331167,2022,5,11
220023234,Injury Crash,05/31/2022 11:30:00 AM,RIVER RD,NA,SAME DIR REAR END,Clear,DRY,Daylight,NO CONTROLS,NONE DETECTED,No,Possible Minor Injury,N/A,NOT DISTRACTED,MD,POLICE VEHICLE/EMERGENCY,MAKING LEFT TURN,30,No,2019,HONDA,ACCORD,39.01438667,-77.20331167,2022,5,11
220023228,Property Damage Crash,05/31/2022 11:25:00 AM,SPARROW VALLEY DR,NA,ANGLE MEETS LEFT TURN,Clear,DRY,Daylight,NO CONTROLS,NONE DETECTED,Yes,No Apparent Injury,N/A,NOT DISTRACTED,MD,PASSENGER CAR,MAKING LEFT TURN,35,No,2017,TOYOTA,4 RUNNER,39.18995333,-77.19372667,2022,5,11
220023228,Property Damage Crash,05/31/2022 11:25:00 AM,SPARROW VALLEY DR,NA,ANGLE MEETS LEFT TURN,Clear,DRY,Daylight,NO CONTROLS,NONE DETECTED,No,No Apparent Injury,N/A,NOT DISTRACTED,MD,PASSENGER CAR,MOVING CONSTANT SPEED,35,No,2018,BMW,330I,39.18995333,-77.19372667,2022,5,11
220023222,Property Damage Crash,05/31/2022 10:29:00 AM,HUNGERFORD DR,NA,STRAIGHT MOVEMENT ANGLE,Clear,DRY,Daylight,TRAFFIC SIGNAL,NONE DETECTED,No,No Apparent Injury,N/A,NOT DISTRACTED,MD,PASSENGER CAR,MOVING CONSTANT SPEED,40,No,2017,BMW,M4,39.10324667,-77.15622667,2022,5,10
220023222,Property Damage Crash,05/31/2022 10:29:00 AM,HUNGERFORD DR,NA,STRAIGHT MOVEMENT ANGLE,Clear,DRY,Daylight,TRAFFIC SIGNAL,NONE DETECTED,Yes,No Apparent Injury,N/A,LOOKED BUT DID NOT SEE,MD,(SPORT) UTILITY VEHICLE,MAKING LEFT TURN,40,No,2020,SUBARU,OUTBACK,39.10324667,-77.15622667,2022,5,10
220023219,Property Damage Crash,05/31/2022 10:15:00 AM,STEDWICK RD,NA,SAME DIRECTION SIDESWIPE,Clear,DRY,Daylight,N/A,NONE DETECTED,Yes,No Apparent Injury,"ANIMAL, N/A",OTHER DISTRACTION,MD,PASSENGER CAR,MOVING CONSTANT SPEED,25,No,2005,SUBARU,SW,39.170955,-77.21483333,2022,5,10
220022653,Property Damage Crash,05/31/2022 09:25:00 AM,EAST WEST HWY,NA,SAME DIRECTION LEFT TURN,Cloudy,DRY,Daylight,NO CONTROLS,NONE DETECTED,No,No Apparent Injury,N/A,NOT DISTRACTED,MD,PASSENGER CAR,MOVING CONSTANT SPEED,25,No,2019,BMW,X5,38.98522711,-77.08995338,2022,5,9
220022653,Property Damage Crash,05/31/2022 09:25:00 AM,EAST WEST HWY,NA,SAME DIRECTION LEFT TURN,Cloudy,DRY,Daylight,NO CONTROLS,NONE DETECTED,Yes,No Apparent Injury,N/A,NOT DISTRACTED,MD,PASSENGER CAR,CHANGING LANES,25,No,2017,HYUNDAI,4DOOR,38.98522711,-77.08995338,2022,5,9
220023199,Property Damage Crash,05/31/2022 08:35:00 AM,RIDGE RD,NA,SAME DIR REAR END,Clear,DRY,Daylight,N/A,NONE DETECTED,Yes,No Apparent Injury,N/A,NOT DISTRACTED,MD,(SPORT) UTILITY VEHICLE,MOVING CONSTANT SPEED,40,No,2015,INFI,QX60,39.2444,-77.23459833,2022,5,8
220023199,Property Damage Crash,05/31/2022 08:35:00 AM,RIDGE RD,NA,SAME DIR REAR END,Clear,DRY,Daylight,N/A,NONE DETECTED,No,No Apparent Injury,N/A,NOT DISTRACTED,MD,(SPORT) UTILITY VEHICLE,SLOWING OR STOPPING,40,No,2019,FORD,ESCAPE,39.2444,-77.23459833,2022,5,8
220023197,Injury Crash,05/31/2022 08:10:00 AM,COMUS RD,NA,OTHER,Clear,DRY,Daylight,NO CONTROLS,NONE DETECTED,Yes,Possible Minor Injury,N/A,NOT DISTRACTED,MD,MOTORCYCLE,PASSING,45,No,1980,SUZI,MC,39.24609167,-77.305145,2022,5,8
220023197,Injury Crash,05/31/2022 08:10:00 AM,COMUS RD,NA,OTHER,Clear,DRY,Daylight,NO CONTROLS,NONE DETECTED,No,Possible Minor Injury,N/A,NOT DISTRACTED,MD,VAN,MAKING LEFT TURN,45,No,2016,CHEV,TK,39.24609167,-77.305145,2022,5,8
220023231,Injury Crash,05/31/2022 08:00:00 AM,MONTGOMERY VILLAGE AVE,BICYCLIST,SAME DIRECTION SIDESWIPE,Clear,DRY,Daylight,UNKNOWN,NONE DETECTED,Yes,No Apparent Injury,N/A,UNKNOWN,NA,NA,UNKNOWN,35,Unknown,0,UNKNOWN,UNKNOWN,39.17209209,-77.2035929,2022,5,8
220023191,Property Damage Crash,05/31/2022 07:59:00 AM,SCHUBERT DR,NA,SAME DIRECTION SIDESWIPE,Clear,DRY,Daylight,NO CONTROLS,NONE DETECTED,Yes,No Apparent Injury,N/A,NOT DISTRACTED,MD,SCHOOL BUS,MOVING CONSTANT SPEED,25,No,2014,THOM,BU,39.07046733,-76.94762367,2022,5,7
220023189,Property Damage Crash,05/31/2022 06:30:00 AM,CENTURY BLVD,NA,STRAIGHT MOVEMENT ANGLE,Clear,N/A,Daylight,TRAFFIC SIGNAL,NONE DETECTED,Unknown,No Apparent Injury,N/A,UNKNOWN,MD,PASSENGER CAR,MOVING CONSTANT SPEED,25,No,2016,TOYOTA,HIGHLANDER,39.18286035,-77.26361463,2022,5,6
220023189,Property Damage Crash,05/31/2022 06:30:00 AM,CENTURY BLVD,NA,STRAIGHT MOVEMENT ANGLE,Clear,N/A,Daylight,TRAFFIC SIGNAL,NONE DETECTED,Unknown,No Apparent Injury,N/A,UNKNOWN,MD,PASSENGER CAR,MOVING CONSTANT SPEED,25,No,2011,SUZUKI,SX4,39.18286035,-77.26361463,2022,5,6
220023186,Property Damage Crash,05/31/2022 04:13:00 AM,CONNECTICUT AVE,NA,SINGLE VEHICLE,Clear,DRY,Medium,TRAFFIC SIGNAL,NONE DETECTED,Yes,No Apparent Injury,N/A,INATTENTIVE OR LOST IN THOUGHT,MD,PASSENGER CAR,UNKNOWN,35,No,2004,TOYT,4RUNNER,39.02986067,-77.0760065,2022,5,4
220023181,Property Damage Crash,05/31/2022 01:47:00 AM,LESLIE ST,NA,OTHER,Clear,DRY,Medium,NO CONTROLS,NONE DETECTED,Yes,No Apparent Injury,N/A,UNKNOWN,MD,PASSENGER CAR,BACKING,30,No,2016,TOYOTA,COROLLA,39.02624833,-77.05807667,2022,5,1
220023173,Property Damage Crash,05/30/2022 11:18:00 PM,MEEM AVE,NA,OTHER,Clear,DRY,Medium,NO CONTROLS,NONE DETECTED,Yes,No Apparent Injury,N/A,OTHER DISTRACTION,MD,OTHER,BACKING,30,No,2009,TOYT,SD,39.14136902,-77.20312943,2022,5,23
220023174,Injury Crash,05/30/2022 11:15:00 PM,COLUMBIA PIKE,PEDESTRIAN,OTHER,Clear,DRY,Medium,NO CONTROLS,NONE DETECTED,No,No Apparent Injury,N/A,NOT DISTRACTED,MD,PASSENGER CAR,MOVING CONSTANT SPEED,45,No,2017,CHEVY,CRUZE,39.032518,-77.003423,2022,5,23
220023169,Property Damage Crash,05/30/2022 10:35:00 PM,NEW HAMPSHIRE AVE,NA,STRAIGHT MOVEMENT ANGLE,Clear,DRY,Medium,TRAFFIC SIGNAL,NONE DETECTED,Yes,No Apparent Injury,N/A,UNKNOWN,XX,PASSENGER CAR,ACCELERATING,35,No,2008,ACURA,TL,38.975292,-76.9941538,2022,5,22
220023169,Property Damage Crash,05/30/2022 10:35:00 PM,NEW HAMPSHIRE AVE,NA,STRAIGHT MOVEMENT ANGLE,Clear,DRY,Medium,TRAFFIC SIGNAL,NONE DETECTED,No,No Apparent Injury,N/A,NOT DISTRACTED,MD,PASSENGER CAR,STARTING FROM LANE,25,No,2017,HYUNDAI,SD,38.975292,-76.9941538,2022,5,22
220023164,Property Damage Crash,05/30/2022 09:41:00 PM,CORY TERR,NA,SAME DIRECTION SIDESWIPE,Clear,N/A,Medium,NO CONTROLS,ALCOHOL PRESENT,Yes,No Apparent Injury,N/A,OTHER DISTRACTION,MD,PASSENGER CAR,MOVING CONSTANT SPEED,25,No,2004,DODGE,TRUCK,39.05192783,-77.05261383,2022,5,21
220023161,Property Damage Crash,05/30/2022 09:40:00 PM,FREDERICK RD,NA,SINGLE VEHICLE,Clear,DRY,Medium,NO CONTROLS,NONE DETECTED,No,No Apparent Injury,N/A,NOT DISTRACTED,MD,POLICE VEHICLE/NON EMERGENCY,MOVING CONSTANT SPEED,40,No,2021,FORD,UT,39.23321667,-77.27201167,2022,5,21
220023154,Property Damage Crash,05/30/2022 08:42:00 PM,NA,NA,OTHER,Clear,NA,Medium,N/A,NONE DETECTED,Yes,No Apparent Injury,N/A,NOT DISTRACTED,VA,(SPORT) UTILITY VEHICLE,ACCELERATING,25,No,2021,TOYOTA,RAV 4,38.973205,-77.01190167,2022,5,20
220023142,Injury Crash,05/30/2022 07:19:00 PM,NA,OTHER,OTHER,Clear,NA,Daylight,NO CONTROLS,NONE DETECTED,Yes,Possible Minor Injury,N/A,NOT DISTRACTED,MD,PASSENGER CAR,PARKING,25,No,2017,VOLKSWAGON,TIGUAN,39.091989,-76.93580717,2022,5,19
220023132,Property Damage Crash,05/30/2022 05:30:00 PM,GRAND PRE RD,NA,OTHER,Clear,DRY,Daylight,NO CONTROLS,ALCOHOL PRESENT,Yes,No Apparent Injury,N/A,UNKNOWN,MD,PASSENGER CAR,MOVING CONSTANT SPEED,25,No,2008,HONDA,ACCORD,39.09200962,-77.07619394,2022,5,17
220023132,Property Damage Crash,05/30/2022 05:30:00 PM,GRAND PRE RD,NA,OTHER,Clear,DRY,Daylight,NO CONTROLS,NONE DETECTED,No,No Apparent Injury,N/A,NOT DISTRACTED,MD,VAN,PARKED,0,No,2019,FORD,TRANSIT,39.09200962,-77.07619394,2022,5,17
220023127,Property Damage Crash,05/30/2022 05:15:00 PM,WISCONSIN AVE,NA,STRAIGHT MOVEMENT ANGLE,Clear,DRY,Daylight,TRAFFIC SIGNAL,NONE DETECTED,Yes,No Apparent Injury,N/A,NOT DISTRACTED,MD,PASSENGER CAR,ACCELERATING,25,No,2022,VOLKSWAGEN,JETTA,38.98340833,-77.093895,2022,5,17
220023127,Property Damage Crash,05/30/2022 05:15:00 PM,WISCONSIN AVE,NA,STRAIGHT MOVEMENT ANGLE,Clear,DRY,Daylight,TRAFFIC SIGNAL,NONE DETECTED,No,No Apparent Injury,N/A,NOT DISTRACTED,VA,PASSENGER CAR,MOVING CONSTANT SPEED,25,No,2013,TOYOTA,CAMRY,38.98340833,-77.093895,2022,5,17
220023123,Injury Crash,05/30/2022 05:00:00 PM,WATKINS MILL RD,NA,SAME DIRECTION RIGHT TURN,Clear,DRY,Daylight,TRAFFIC SIGNAL,NONE DETECTED,No,No Apparent Injury,N/A,NOT DISTRACTED,MD,PASSENGER CAR,MOVING CONSTANT SPEED,35,No,2019,CHEVY,CRUISE,39.1565043,-77.22542158,2022,5,17
220023123,Injury Crash,05/30/2022 05:00:00 PM,WATKINS MILL RD,NA,SAME DIRECTION RIGHT TURN,Clear,DRY,Daylight,TRAFFIC SIGNAL,NONE DETECTED,Yes,No Apparent Injury,N/A,LOOKED BUT DID NOT SEE,DC,PASSENGER CAR,CHANGING LANES,35,No,2020,HONDA,CIVIC,39.1565043,-77.22542158,2022,5,17
220023126,Property Damage Crash,05/30/2022 04:45:00 PM,NA,NA,STRAIGHT MOVEMENT ANGLE,Clear,NA,Daylight,NO CONTROLS,NONE DETECTED,Yes,No Apparent Injury,N/A,UNKNOWN,MD,PASSENGER CAR,STARTING FROM PARKED,10,No,2010,HYUN,ELANTRA,39.18256667,-77.26173667,2022,5,16
220023126,Property Damage Crash,05/30/2022 04:45:00 PM,NA,NA,STRAIGHT MOVEMENT ANGLE,Clear,NA,Daylight,NO CONTROLS,NONE DETECTED,No,No Apparent Injury,N/A,NOT DISTRACTED,MD,(SPORT) UTILITY VEHICLE,MOVING CONSTANT SPEED,10,No,2003,FORD,ESCAPE,39.18256667,-77.26173667,2022,5,16
220023114,Injury Crash,05/30/2022 03:50:00 PM,CONNECTICUT AVE,NA,SAME DIR REAR END,Clear,DRY,Daylight,NO CONTROLS,NONE DETECTED,Yes,No Apparent Injury,N/A,UNKNOWN,MD,PASSENGER CAR,MOVING CONSTANT SPEED,35,No,2007,LEXUS,ES 350,39.06802667,-77.07445333,2022,5,15
220023114,Injury Crash,05/30/2022 03:50:00 PM,CONNECTICUT AVE,NA,SAME DIR REAR END,Clear,DRY,Daylight,NO CONTROLS,NONE DETECTED,No,No Apparent Injury,N/A,NOT DISTRACTED,MD,PASSENGER CAR,MOVING CONSTANT SPEED,35,No,2020,AUDI,A3,39.06802667,-77.07445333,2022,5,15
220022999,Injury Crash,05/30/2022 03:35:00 PM,NORBECK RD,NA,STRAIGHT MOVEMENT ANGLE,Clear,DRY,Daylight,STOP SIGN,NONE DETECTED,Yes,No Apparent Injury,N/A,LOOKED BUT DID NOT SEE,MD,PASSENGER CAR,MAKING LEFT TURN,35,No,2017,HYUNDAI,4S,39.10641812,-77.08462268,2022,5,15
220022999,Injury Crash,05/30/2022 03:35:00 PM,NORBECK RD,NA,STRAIGHT MOVEMENT ANGLE,Clear,DRY,Daylight,STOP SIGN,NONE DETECTED,No,Possible Minor Injury,N/A,NOT DISTRACTED,MD,PASSENGER CAR,MOVING CONSTANT SPEED,35,No,2019,NISSAN,MAXIMA,39.10641812,-77.08462268,2022,5,15
220023109,Property Damage Crash,05/30/2022 02:54:00 PM,FALLS RD,NA,HEAD ON,Clear,DRY,Daylight,NO CONTROLS,NONE DETECTED,No,No Apparent Injury,"N/A, VISION OBSTRUCTION (INCL. BLINDED BY SUN)",LOOKED BUT DID NOT SEE,MD,PASSENGER CAR,MOVING CONSTANT SPEED,35,No,2015,HONDA,PILOT,39.051545,-77.18727667,2022,5,14
220023109,Property Damage Crash,05/30/2022 02:54:00 PM,FALLS RD,NA,HEAD ON,Clear,DRY,Daylight,NO CONTROLS,NONE DETECTED,Yes,No Apparent Injury,"N/A, VISION OBSTRUCTION (INCL. BLINDED BY SUN)",UNKNOWN,MD,PASSENGER CAR,MOVING CONSTANT SPEED,35,No,2019,BMW,330I,39.051545,-77.18727667,2022,5,14
220023105,Property Damage Crash,05/30/2022 02:07:00 PM,CINNAMON DR,NA,SAME DIR REAR END,Clear,DRY,Daylight,NO CONTROLS,NONE DETECTED,Yes,No Apparent Injury,N/A,INATTENTIVE OR LOST IN THOUGHT,MD,PICKUP TRUCK,MOVING CONSTANT SPEED,35,No,2010,GMC,SIERRA,39.16196286,-77.26451208,2022,5,14
220023105,Property Damage Crash,05/30/2022 02:07:00 PM,CINNAMON DR,NA,SAME DIR REAR END,Clear,DRY,Daylight,NO CONTROLS,NONE DETECTED,No,No Apparent Injury,N/A,NOT DISTRACTED,MD,PASSENGER CAR,SLOWING OR STOPPING,35,No,2009,TOYOTA,COROLLA,39.16196286,-77.26451208,2022,5,14
220023100,Property Damage Crash,05/30/2022 01:30:00 PM,FIRSTFIELD RD,NA,SAME DIRECTION SIDESWIPE,Clear,DRY,Daylight,N/A,NONE DETECTED,No,No Apparent Injury,N/A,NOT DISTRACTED,MD,(SPORT) UTILITY VEHICLE,MOVING CONSTANT SPEED,30,No,2021,TOYT,UT,39.14408042,-77.2235999,2022,5,13
220023100,Property Damage Crash,05/30/2022 01:30:00 PM,FIRSTFIELD RD,NA,SAME DIRECTION SIDESWIPE,Clear,DRY,Daylight,N/A,NONE DETECTED,Yes,No Apparent Injury,N/A,UNKNOWN,NA,(SPORT) UTILITY VEHICLE,CHANGING LANES,30,No,2007,FORD,EDGE,39.14408042,-77.2235999,2022,5,13
220023097,Property Damage Crash,05/30/2022 01:15:00 PM,NA,NA,SAME DIRECTION RIGHT TURN,Clear,NA,Daylight,NO CONTROLS,NONE DETECTED,Yes,No Apparent Injury,N/A,NOT DISTRACTED,NA,PASSENGER CAR,STARTING FROM PARKED,15,No,2020,HONDA,CRV,39.203415,-77.247835,2022,5,13
220023087,Injury Crash,05/30/2022 11:52:00 AM,GEORGIA AVE,NA,SAME DIRECTION LEFT TURN,Clear,DRY,Daylight,NO CONTROLS,NONE DETECTED,Unknown,Possible Minor Injury,N/A,NOT DISTRACTED,MD,PASSENGER CAR,MOVING CONSTANT SPEED,30,No,2021,FORD,MUSTANG,38.98654826,-77.02671003,2022,5,11
220023087,Injury Crash,05/30/2022 11:52:00 AM,GEORGIA AVE,NA,SAME DIRECTION LEFT TURN,Clear,DRY,Daylight,NO CONTROLS,NONE DETECTED,Unknown,No Apparent Injury,N/A,NOT DISTRACTED,MD,PASSENGER CAR,MAKING U TURN,30,No,2019,NISSAN,ALTIMA,38.98654826,-77.02671003,2022,5,11
220023084,Injury Crash,05/30/2022 11:11:00 AM,QUINCE ORCHARD RD,NA,STRAIGHT MOVEMENT ANGLE,Clear,DRY,Daylight,TRAFFIC SIGNAL,NONE DETECTED,Yes,No Apparent Injury,N/A,LOOKED BUT DID NOT SEE,MD,PASSENGER CAR,MAKING LEFT TURN,35,No,2020,TOYT,4S,39.14506597,-77.22001218,2022,5,11
220023084,Injury Crash,05/30/2022 11:11:00 AM,QUINCE ORCHARD RD,NA,STRAIGHT MOVEMENT ANGLE,Clear,DRY,Daylight,TRAFFIC SIGNAL,NONE DETECTED,No,No Apparent Injury,N/A,NOT DISTRACTED,MD,PASSENGER CAR,MOVING CONSTANT SPEED,35,No,2003,HOND,SD,39.14506597,-77.22001218,2022,5,11
220023068,Injury Crash,05/30/2022 07:21:00 AM,NORBECK RD,NA,STRAIGHT MOVEMENT ANGLE,Clear,DRY,Daylight,TRAFFIC SIGNAL,NONE DETECTED,Yes,No Apparent Injury,N/A,NOT DISTRACTED,MD,PASSENGER CAR,MOVING CONSTANT SPEED,35,No,2019,CHEVROLET,TAHOE,39.12048025,-77.03369648,2022,5,7
220023068,Injury Crash,05/30/2022 07:21:00 AM,NORBECK RD,NA,STRAIGHT MOVEMENT ANGLE,Clear,DRY,Daylight,TRAFFIC SIGNAL,NONE DETECTED,No,Possible Minor Injury,N/A,NOT DISTRACTED,MD,PASSENGER CAR,MOVING CONSTANT SPEED,45,No,2008,NISS,TK,39.12048025,-77.03369648,2022,5,7
220023068,Injury Crash,05/30/2022 07:21:00 AM,NORBECK RD,NA,STRAIGHT MOVEMENT ANGLE,Clear,DRY,Daylight,TRAFFIC SIGNAL,NONE DETECTED,No,Possible Minor Injury,N/A,NOT DISTRACTED,MD,PASSENGER CAR,MOVING CONSTANT SPEED,45,No,2019,TOYOTA,CAMRY,39.12048025,-77.03369648,2022,5,7
220023057,Property Damage Crash,05/30/2022 02:44:00 AM,UNIVERSITY BLVD W,NA,STRAIGHT MOVEMENT ANGLE,Clear,DRY,Medium,TRAFFIC SIGNAL,NONE DETECTED,No,No Apparent Injury,N/A,NOT DISTRACTED,MD,PASSENGER CAR,STARTING FROM LANE,25,No,2006,NISSAN,FRONTIER,39.04145394,-77.05165827,2022,5,2
220023057,Property Damage Crash,05/30/2022 02:44:00 AM,UNIVERSITY BLVD W,NA,STRAIGHT MOVEMENT ANGLE,Clear,DRY,Medium,TRAFFIC SIGNAL,NONE DETECTED,Yes,No Apparent Injury,N/A,BY OTHER OCCUPANTS,MD,PASSENGER CAR,MOVING CONSTANT SPEED,30,No,2017,TOYOTA,RAV4,39.04145394,-77.05165827,2022,5,2
220023055,Property Damage Crash,05/30/2022 01:39:00 AM,GOODHILL RD,NA,OPPOSITE DIRECTION SIDESWIPE,Clear,DRY,Medium,N/A,NONE DETECTED,Yes,No Apparent Injury,N/A,LOOKED BUT DID NOT SEE,MD,PASSENGER CAR,MOVING CONSTANT SPEED,25,No,2006,ACUR,SD,39.06427167,-77.07217333,2022,5,1
220023042,Injury Crash,05/29/2022 10:28:00 PM,WOODFIELD RD,NA,HEAD ON LEFT TURN,Clear,N/A,Medium,TRAFFIC SIGNAL,NONE DETECTED,Yes,Possible Minor Injury,N/A,LOOKED BUT DID NOT SEE,MD,PASSENGER CAR,ACCELERATING,35,No,2007,TOYT,TK,39.15636667,-77.16535333,2022,5,22
220023042,Injury Crash,05/29/2022 10:28:00 PM,WOODFIELD RD,NA,HEAD ON LEFT TURN,Clear,N/A,Medium,TRAFFIC SIGNAL,NONE DETECTED,No,No Apparent Injury,N/A,NOT DISTRACTED,MD,PASSENGER CAR,MOVING CONSTANT SPEED,35,No,1997,HOND,SD,39.15636667,-77.16535333,2022,5,22