Local Case Number,ACRS Report Type,Crash Date/Time,Road Name,Related Non-Motorist,Collision Type,Weather,Surface Condition,Light,Traffic Control,Driver Substance Abuse,Driver At Fault,Injury Severity,Circumstance,Driver Distracted By,Drivers License State,Vehicle Body Type,Vehicle Movement,Speed Limit,Driverless Vehicle,Vehicle Year,Vehicle Make,Vehicle Model,Latitude,Longitude,Year,Month,Hour
220022707,Property Damage Crash,05/27/2022 04:57:00 PM,WILSON LA,NA,ANGLE MEETS RIGHT TURN,Clear,DRY,Daylight,NO CONTROLS,NONE DETECTED,Yes,No Apparent Injury,N/A,LOOKED BUT DID NOT SEE,MD,PASSENGER CAR,ACCELERATING,35,No,2006,NISSAN,SENTRA,38.9889405,-77.1196695,2022,5,16
220022707,Property Damage Crash,05/27/2022 04:57:00 PM,WILSON LA,NA,ANGLE MEETS RIGHT TURN,Clear,DRY,Daylight,NO CONTROLS,NONE DETECTED,No,No Apparent Injury,N/A,NOT DISTRACTED,VA,PASSENGER CAR,MOVING CONSTANT SPEED,35,No,2017,FORD,F150,38.9889405,-77.1196695,2022,5,16
220022703,Property Damage Crash,05/27/2022 04:23:00 PM,LOST KNIFE RD,BICYCLIST,OTHER,Cloudy,WET,Daylight,STOP SIGN,NONE DETECTED,Yes,No Apparent Injury,N/A,NOT DISTRACTED,MD,PASSENGER CAR,MAKING RIGHT TURN,35,No,2008,CHEV,COBALT,39.1549356,-77.2010206,2022,5,16
220022687,Injury Crash,05/27/2022 03:00:00 PM,DAIRYMAID DR,NA,STRAIGHT MOVEMENT ANGLE,Clear,WET,Daylight,N/A,NONE DETECTED,Yes,Possible Minor Injury,"N/A, WET",LOOKED BUT DID NOT SEE,MD,PASSENGER CAR,ACCELERATING,25,No,2012,FORD,ESCAPE,39.156435,-77.27367,2022,5,15
220022727,Property Damage Crash,05/27/2022 03:00:00 PM,NA,NA,OTHER,Cloudy,NA,Daylight,NO CONTROLS,NONE DETECTED,Yes,No Apparent Injury,N/A,UNKNOWN,NA,(SPORT) UTILITY VEHICLE,PARKING,15,No,2019,JEEP,CHEROKEE,39.04073333,-77.15572741,2022,5,15
220022687,Injury Crash,05/27/2022 03:00:00 PM,DAIRYMAID DR,NA,STRAIGHT MOVEMENT ANGLE,Clear,WET,Daylight,N/A,NONE DETECTED,No,Possible Minor Injury,"N/A, WET",NOT DISTRACTED,MD,PASSENGER CAR,MOVING CONSTANT SPEED,25,No,2016,TOYOTA,CAMRY,39.156435,-77.27367,2022,5,15
220022686,Property Damage Crash,05/27/2022 02:51:00 PM,WELLER RD,NA,SINGLE VEHICLE,Cloudy,WET,Daylight,NO CONTROLS,NONE DETECTED,No,No Apparent Injury,"N/A, V WIPERS|W OTHER ENVIRONMENTAL",NOT DISTRACTED,MD,PASSENGER CAR,MOVING CONSTANT SPEED,30,No,2007,HONDA,CIVIC,39.06518799,-77.06433768,2022,5,14
220022691,Property Damage Crash,05/27/2022 02:51:00 PM,GEORGIA AVE,NA,SAME DIRECTION SIDESWIPE,Cloudy,DRY,Daylight,TRAFFIC SIGNAL,NONE DETECTED,Yes,No Apparent Injury,N/A,LOOKED BUT DID NOT SEE,MD,SCHOOL BUS,MOVING CONSTANT SPEED,30,No,2021,THOMAS,BUS,39.02941383,-77.04746833,2022,5,14
220022685,Property Damage Crash,05/27/2022 02:51:00 PM,WELLER RD,NA,SINGLE VEHICLE,Cloudy,WET,Daylight,NO CONTROLS,NONE DETECTED,No,No Apparent Injury,N/A,NOT DISTRACTED,MD,(SPORT) UTILITY VEHICLE,MOVING CONSTANT SPEED,30,No,2014,JEEP,CHEROKEE,39.06512783,-77.06443239,2022,5,14
220022691,Property Damage Crash,05/27/2022 02:51:00 PM,GEORGIA AVE,NA,SAME DIRECTION SIDESWIPE,Cloudy,DRY,Daylight,TRAFFIC SIGNAL,NONE DETECTED,No,No Apparent Injury,N/A,NOT DISTRACTED,MD,VAN,STOPPED IN TRAFFIC LANE,30,No,2004,CHEV,TK,39.02941383,-77.04746833,2022,5,14
220022681,Injury Crash,05/27/2022 02:08:00 PM,HUNGERFORD DR,NA,SAME DIR REAR END,Rain,WET,Daylight,NO CONTROLS,NONE DETECTED,No,Possible Minor Injury,"N/A, WET",NOT DISTRACTED,MD,(SPORT) UTILITY VEHICLE,SLOWING OR STOPPING,30,No,2019,HOND,UT,39.08797333,-77.14993,2022,5,14
220022681,Injury Crash,05/27/2022 02:08:00 PM,HUNGERFORD DR,NA,SAME DIR REAR END,Rain,WET,Daylight,NO CONTROLS,NONE DETECTED,Yes,No Apparent Injury,"N/A, WET",NOT DISTRACTED,MD,"CARGO VAN/LIGHT TRUCK 2 AXLES (OVER 10,000LBS (4,536 KG))",MOVING CONSTANT SPEED,30,No,2006,FORD,CG,39.08797333,-77.14993,2022,5,14
220022677,Property Damage Crash,05/27/2022 01:23:00 PM,RANDOLPH RD,NA,STRAIGHT MOVEMENT ANGLE,Rain,WET,Daylight,TRAFFIC SIGNAL,NONE DETECTED,No,No Apparent Injury,"RAIN, SNOW, WET",NOT DISTRACTED,MD,SCHOOL BUS,MAKING LEFT TURN,40,No,2014,THOMAS BUILT,BUS,39.06646749,-77.03039254,2022,5,13
220022677,Property Damage Crash,05/27/2022 01:23:00 PM,RANDOLPH RD,NA,STRAIGHT MOVEMENT ANGLE,Rain,WET,Daylight,TRAFFIC SIGNAL,NONE DETECTED,Yes,No Apparent Injury,"RAIN, SNOW, WET",NOT DISTRACTED,MD,PASSENGER CAR,SKIDDING,40,No,2006,TOYT,COROLLA,39.06646749,-77.03039254,2022,5,13
220022670,Property Damage Crash,05/27/2022 12:54:00 PM,GRAND CHAMPION DR,NA,STRAIGHT MOVEMENT ANGLE,Rain,WET,Daylight,NO CONTROLS,NONE DETECTED,Yes,No Apparent Injury,"RAIN, SNOW, WET",NOT DISTRACTED,MD,PASSENGER CAR,MOVING CONSTANT SPEED,25,No,2016,FORD,TK,39.11541583,-77.170673,2022,5,12
220022670,Property Damage Crash,05/27/2022 12:54:00 PM,GRAND CHAMPION DR,NA,STRAIGHT MOVEMENT ANGLE,Rain,WET,Daylight,NO CONTROLS,NONE DETECTED,No,No Apparent Injury,"RAIN, SNOW, WET",NOT DISTRACTED,MD,PASSENGER CAR,MOVING CONSTANT SPEED,25,No,2014,HONDA,TK,39.11541583,-77.170673,2022,5,12
220022665,Injury Crash,05/27/2022 12:27:00 PM,ARCOLA AVE,NA,SAME DIR REAR END,Rain,WET,Daylight,NO CONTROLS,NONE DETECTED,Yes,Possible Minor Injury,"RAIN, SNOW, SLEET, HAIL, FREEZ. RAIN, WET",NOT DISTRACTED,MD,PASSENGER CAR,MOVING CONSTANT SPEED,25,No,2020,TOYOTA,CAMRY,39.04719833,-77.04493333,2022,5,12
220022663,Property Damage Crash,05/27/2022 12:15:00 PM,OLDE TOWNE AVE,NA,SAME DIRECTION RIGHT TURN,Rain,WET,Daylight,NO CONTROLS,NONE DETECTED,Yes,No Apparent Injury,N/A,OTHER CELLULAR PHONE RELATED,NY,PASSENGER CAR,MOVING CONSTANT SPEED,30,No,2004,ACURA,MDX,39.14070171,-77.1946801,2022,5,12
220022660,Property Damage Crash,05/27/2022 11:52:00 AM,NORBECK RD,NA,STRAIGHT MOVEMENT ANGLE,Cloudy,N/A,Daylight,TRAFFIC SIGNAL,NONE DETECTED,Unknown,No Apparent Injury,N/A,UNKNOWN,NA,PASSENGER CAR,UNKNOWN,45,No,2016,HYUNDAI,SUV,39.09511465,-77.11252868,2022,5,11
220022660,Property Damage Crash,05/27/2022 11:52:00 AM,NORBECK RD,NA,STRAIGHT MOVEMENT ANGLE,Cloudy,N/A,Daylight,TRAFFIC SIGNAL,NONE DETECTED,Unknown,No Apparent Injury,N/A,NOT DISTRACTED,MD,PASSENGER CAR,MAKING RIGHT TURN,45,No,2018,MAZDA,SUV,39.09511465,-77.11252868,2022,5,11
220022644,Injury Crash,05/27/2022 10:15:00 AM,NA,NA,OTHER,Cloudy,NA,Daylight,N/A,NONE DETECTED,No,Possible Minor Injury,N/A,NOT DISTRACTED,MD,PASSENGER CAR,PARKED,0,No,2017,HONDA,CIVC,39.22636,-77.27332833,2022,5,10
220022644,Injury Crash,05/27/2022 10:15:00 AM,NA,NA,OTHER,Cloudy,NA,Daylight,N/A,NONE DETECTED,Yes,Possible Minor Injury,N/A,NOT DISTRACTED,MD,(SPORT) UTILITY VEHICLE,BACKING,0,No,2022,HOND,UT,39.22636,-77.27332833,2022,5,10
220022633,Injury Crash,05/27/2022 09:30:00 AM,COLESVILLE RD,NA,SAME DIRECTION LEFT TURN,Cloudy,DRY,Daylight,N/A,NONE DETECTED,Yes,Possible Minor Injury,N/A,NOT DISTRACTED,MD,PASSENGER CAR,MAKING LEFT TURN,35,No,2016,TOYOTA,COROLLA,39.00397167,-77.02346833,2022,5,9
220022633,Injury Crash,05/27/2022 09:30:00 AM,COLESVILLE RD,NA,SAME DIRECTION LEFT TURN,Cloudy,DRY,Daylight,N/A,NONE DETECTED,No,No Apparent Injury,N/A,NOT DISTRACTED,MD,PASSENGER CAR,MOVING CONSTANT SPEED,35,No,2014,JEEP,COMPASS,39.00397167,-77.02346833,2022,5,9
220222632,Property Damage Crash,05/27/2022 09:20:00 AM,STRATHMORE AVE,NA,SAME DIR REAR END,Cloudy,DRY,Daylight,PERSON,NONE DETECTED,Yes,No Apparent Injury,N/A,OTHER ELECTRONIC DEVICE (NAVIGATIONAL PALM PILOT),MD,PASSENGER CAR,STARTING FROM LANE,30,No,2010,TOYOTA,COROLLA,39.03492,-77.09450167,2022,5,9
220222632,Property Damage Crash,05/27/2022 09:20:00 AM,STRATHMORE AVE,NA,SAME DIR REAR END,Cloudy,DRY,Daylight,PERSON,NONE DETECTED,No,No Apparent Injury,N/A,NOT DISTRACTED,MD,(SPORT) UTILITY VEHICLE,STARTING FROM LANE,30,No,2001,BMW,X5,39.03492,-77.09450167,2022,5,9
220022636,Property Damage Crash,05/27/2022 09:15:00 AM,NA,NA,SAME DIRECTION SIDESWIPE,Cloudy,NA,Daylight,N/A,NONE DETECTED,Yes,No Apparent Injury,N/A,LOOKED BUT DID NOT SEE,MD,POLICE VEHICLE/NON EMERGENCY,MAKING RIGHT TURN,5,No,2010,FORD,CROWN VICTORIA,39.06604833,-77.04818833,2022,5,9
220022624,Injury Crash,05/27/2022 08:45:00 AM,FREDERICK RD,NA,HEAD ON LEFT TURN,Cloudy,DRY,Daylight,TRAFFIC SIGNAL,NONE DETECTED,Yes,Possible Minor Injury,N/A,NOT DISTRACTED,MD,PASSENGER CAR,MAKING LEFT TURN,35,No,2010,LEXUS,HS 250H,39.22299667,-77.26065167,2022,5,8
220022624,Injury Crash,05/27/2022 08:45:00 AM,FREDERICK RD,NA,HEAD ON LEFT TURN,Cloudy,DRY,Daylight,TRAFFIC SIGNAL,NONE DETECTED,No,No Apparent Injury,N/A,NOT DISTRACTED,MD,PICKUP TRUCK,MOVING CONSTANT SPEED,35,No,1986,FORD,F250,39.22299667,-77.26065167,2022,5,8
220022626,Property Damage Crash,05/27/2022 08:00:00 AM,NA,NA,OTHER,Cloudy,NA,Daylight,NO CONTROLS,NONE DETECTED,Yes,No Apparent Injury,N/A,UNKNOWN,NA,NA,UNKNOWN,10,No,0,UNKNOWN,UNKNOWN,38.99625056,-77.04145501,2022,5,8
220022619,Property Damage Crash,05/27/2022 07:07:00 AM,COLUMBIA PIKE,NA,SAME DIR REND LEFT TURN,Rain,WET,Daylight,TRAFFIC SIGNAL,NONE DETECTED,Yes,No Apparent Injury,"RAIN, SNOW, WET",NOT DISTRACTED,MD,PASSENGER CAR,MOVING CONSTANT SPEED,40,No,2020,MERZ,4H,39.03157833,-77.00480167,2022,5,7
220022619,Property Damage Crash,05/27/2022 07:07:00 AM,COLUMBIA PIKE,NA,SAME DIR REND LEFT TURN,Rain,WET,Daylight,TRAFFIC SIGNAL,NONE DETECTED,No,No Apparent Injury,"RAIN, SNOW, WET",NOT DISTRACTED,MD,(SPORT) UTILITY VEHICLE,SLOWING OR STOPPING,40,No,2020,SUBA,TK,39.03157833,-77.00480167,2022,5,7
220022613,Property Damage Crash,05/27/2022 04:03:00 AM,CRYSTAL ROCK DR,NA,SAME DIR REAR END,Clear,DRY,Medium,OTHER,NONE DETECTED,Yes,No Apparent Injury,N/A,USING DEVICE OBJECT BROUGHT INTO VEHICLE,MD,PASSENGER CAR,MOVING CONSTANT SPEED,35,No,2009,INFINITI,G37,39.19767833,-77.274375,2022,5,4
220022611,Property Damage Crash,05/27/2022 02:25:00 AM,BRINK RD,NA,SINGLE VEHICLE,Clear,WET,Medium,NO CONTROLS,NONE DETECTED,Yes,No Apparent Injury,"N/A, WET",NOT DISTRACTED,MD,PASSENGER CAR,ACCELERATING,40,No,2014,BMW,435XI,39.20741167,-77.22864833,2022,5,2
220022610,Property Damage Crash,05/27/2022 02:25:00 AM,RIDGE RD,NA,STRAIGHT MOVEMENT ANGLE,Clear,DRY,Medium,TRAFFIC SIGNAL,NONE DETECTED,No,No Apparent Injury,N/A,NOT DISTRACTED,MD,PASSENGER CAR,ACCELERATING,45,No,2012,HONDA,CIVIC,39.204661,-77.2450871,2022,5,2
220022610,Property Damage Crash,05/27/2022 02:25:00 AM,RIDGE RD,NA,STRAIGHT MOVEMENT ANGLE,Clear,DRY,Medium,TRAFFIC SIGNAL,NONE DETECTED,Yes,No Apparent Injury,N/A,INATTENTIVE OR LOST IN THOUGHT,MD,PASSENGER CAR,MOVING CONSTANT SPEED,45,No,2014,BMW,435XI,39.204661,-77.2450871,2022,5,2
220022597,Property Damage Crash,05/26/2022 10:30:00 PM,HUGHES RD,NA,SINGLE VEHICLE,Cloudy,DRY,Dark,N/A,NONE DETECTED,No,No Apparent Injury,"ANIMAL, N/A",NOT DISTRACTED,MD,POLICE VEHICLE/NON EMERGENCY,MOVING CONSTANT SPEED,40,No,2017,FORD,POLICE INTERCEPTOR,39.093106,-77.4073398,2022,5,22
220022573,Property Damage Crash,05/26/2022 06:49:00 PM,GEORGIA AVE,NA,SAME DIR REAR END,Rain,WET,Daylight,TRAFFIC SIGNAL,NONE DETECTED,Yes,No Apparent Injury,"N/A, RAIN, SNOW",LOOKED BUT DID NOT SEE,MD,(SPORT) UTILITY VEHICLE,SLOWING OR STOPPING,30,No,2020,CHEVY,TRAVERSE,39.024827,-77.045789,2022,5,18
220022573,Property Damage Crash,05/26/2022 06:49:00 PM,GEORGIA AVE,NA,SAME DIR REAR END,Rain,WET,Daylight,TRAFFIC SIGNAL,NONE DETECTED,No,No Apparent Injury,"N/A, RAIN, SNOW",NOT DISTRACTED,MD,PASSENGER CAR,SLOWING OR STOPPING,30,No,2019,TOYO,TK,39.024827,-77.045789,2022,5,18
220022571,Injury Crash,05/26/2022 06:41:00 PM,LAYHILL RD,NA,STRAIGHT MOVEMENT ANGLE,Cloudy,DRY,Daylight,STOP SIGN,NONE DETECTED,Yes,Possible Minor Injury,N/A,NOT DISTRACTED,MD,PASSENGER CAR,MOVING CONSTANT SPEED,40,No,2011,HOND,ODDESSY,39.07490833,-77.04576,2022,5,18
220022571,Injury Crash,05/26/2022 06:41:00 PM,LAYHILL RD,NA,STRAIGHT MOVEMENT ANGLE,Cloudy,DRY,Daylight,STOP SIGN,NONE DETECTED,No,Possible Minor Injury,N/A,NOT DISTRACTED,MD,PASSENGER CAR,MOVING CONSTANT SPEED,40,No,2014,HONDA,CRV,39.07490833,-77.04576,2022,5,18
220022570,Property Damage Crash,05/26/2022 06:04:00 PM,FATHER HURLEY BLVD,NA,SAME DIR REAR END,Cloudy,DRY,Daylight,TRAFFIC SIGNAL,NONE DETECTED,Yes,No Apparent Injury,N/A,NOT DISTRACTED,MD,(SPORT) UTILITY VEHICLE,SLOWING OR STOPPING,30,No,2020,LANDROVER,DISCOVERY,39.18622453,-77.27369308,2022,5,18
220022570,Property Damage Crash,05/26/2022 06:04:00 PM,FATHER HURLEY BLVD,NA,SAME DIR REAR END,Cloudy,DRY,Daylight,TRAFFIC SIGNAL,NONE DETECTED,No,No Apparent Injury,N/A,NOT DISTRACTED,MD,VAN,STOPPED IN TRAFFIC LANE,30,No,2018,DODGE,MINIVAN,39.18622453,-77.27369308,2022,5,18
220022564,Property Damage Crash,05/26/2022 05:45:00 PM,NEW HAMPSHIRE AVE,NA,SAME DIRECTION SIDESWIPE,Clear,DRY,Daylight,NO CONTROLS,NONE DETECTED,Unknown,No Apparent Injury,N/A,UNKNOWN,NA,PASSENGER CAR,MOVING CONSTANT SPEED,35,No,2012,CHRYSLER,4S,38.99624851,-76.98481292,2022,5,17
220022564,Property Damage Crash,05/26/2022 05:45:00 PM,NEW HAMPSHIRE AVE,NA,SAME DIRECTION SIDESWIPE,Clear,DRY,Daylight,NO CONTROLS,NONE DETECTED,Unknown,No Apparent Injury,N/A,NOT DISTRACTED,MD,PICKUP TRUCK,MOVING CONSTANT SPEED,35,No,2012,FORD,F-150,38.99624851,-76.98481292,2022,5,17
220022560,Injury Crash,05/26/2022 05:35:00 PM,WILKINS AVE,NA,SAME DIR REAR END,Cloudy,DRY,Daylight,N/A,NONE DETECTED,Yes,No Apparent Injury,N/A,NOT DISTRACTED,MD,PASSENGER CAR,MOVING CONSTANT SPEED,25,No,2016,HYUN,SD,39.05828067,-77.11280485,2022,5,17
220022560,Injury Crash,05/26/2022 05:35:00 PM,WILKINS AVE,NA,SAME DIR REAR END,Cloudy,DRY,Daylight,N/A,NONE DETECTED,No,Possible Minor Injury,N/A,NOT DISTRACTED,MD,(SPORT) UTILITY VEHICLE,MAKING LEFT TURN,25,No,2019,BENTLEY,BENTAYGA,39.05828067,-77.11280485,2022,5,17
220022551,Property Damage Crash,05/26/2022 05:24:00 PM,COLESVILLE RD,NA,SAME DIRECTION LEFT TURN,Cloudy,DRY,Daylight,NO CONTROLS,NONE DETECTED,Yes,No Apparent Injury,N/A,LOOKED BUT DID NOT SEE,WA,PASSENGER CAR,MAKING LEFT TURN,30,No,2018,INFINITI,Q50,39.00123733,-77.02543617,2022,5,17
220022551,Property Damage Crash,05/26/2022 05:24:00 PM,COLESVILLE RD,NA,SAME DIRECTION LEFT TURN,Cloudy,DRY,Daylight,NO CONTROLS,NONE DETECTED,No,No Apparent Injury,N/A,NOT DISTRACTED,XX,PASSENGER CAR,MOVING CONSTANT SPEED,30,No,2006,TOYT,SD,39.00123733,-77.02543617,2022,5,17
220022535,Injury Crash,05/26/2022 04:15:00 PM,GREAT SENECA HWY,NA,SAME DIR REAR END,Rain,WET,Daylight,NO CONTROLS,NONE DETECTED,No,No Apparent Injury,"N/A, SLEET, HAIL, FREEZ. RAIN",NOT DISTRACTED,MD,PASSENGER CAR,STOPPED IN TRAFFIC LANE,50,No,2017,SUBA,SW,39.10739695,-77.2095404,2022,5,16
220022535,Injury Crash,05/26/2022 04:15:00 PM,GREAT SENECA HWY,NA,SAME DIR REAR END,Rain,WET,Daylight,NO CONTROLS,DRUG PRESENT,Yes,Possible Minor Injury,"N/A, SLEET, HAIL, FREEZ. RAIN",LOOKED BUT DID NOT SEE,MD,PASSENGER CAR,MOVING CONSTANT SPEED,50,No,2014,MAZD,TK,39.10739695,-77.2095404,2022,5,16
220021017,Property Damage Crash,05/26/2022 03:38:00 PM,WHITES FERRY RD,NA,HEAD ON LEFT TURN,Clear,DRY,Daylight,NO CONTROLS,NONE DETECTED,Yes,No Apparent Injury,N/A,NOT DISTRACTED,MD,PASSENGER CAR,MAKING LEFT TURN,30,No,2011,MERZ,4S,39.12835844,-77.34678377,2022,5,15
220021017,Property Damage Crash,05/26/2022 03:38:00 PM,WHITES FERRY RD,NA,HEAD ON LEFT TURN,Clear,DRY,Daylight,NO CONTROLS,NONE DETECTED,No,No Apparent Injury,N/A,NOT DISTRACTED,MD,PICKUP TRUCK,MOVING CONSTANT SPEED,30,No,2015,FORD,TK,39.12835844,-77.34678377,2022,5,15
220022524,Injury Crash,05/26/2022 03:03:00 PM,TILDEN LA,BICYCLIST,OTHER,Cloudy,DRY,Daylight,NO CONTROLS,NONE DETECTED,Yes,No Apparent Injury,N/A,LOOKED BUT DID NOT SEE,MD,PASSENGER CAR,MOVING CONSTANT SPEED,25,No,2003,SATURN,L200,39.04364167,-77.13082667,2022,5,15
22022517,Injury Crash,05/26/2022 01:45:00 PM,N HORNERS LA,NA,STRAIGHT MOVEMENT ANGLE,Cloudy,DRY,Daylight,STOP SIGN,NONE DETECTED,No,Possible Minor Injury,N/A,NOT DISTRACTED,XX,PASSENGER CAR,MOVING CONSTANT SPEED,25,No,2016,HONDA,4S,39.08874007,-77.14325498,2022,5,13
22022517,Injury Crash,05/26/2022 01:45:00 PM,N HORNERS LA,NA,STRAIGHT MOVEMENT ANGLE,Cloudy,DRY,Daylight,STOP SIGN,NONE DETECTED,Yes,No Apparent Injury,N/A,NOT DISTRACTED,MD,STATION WAGON,MAKING LEFT TURN,25,No,2006,ACUR,TK,39.08874007,-77.14325498,2022,5,13
220022513,Injury Crash,05/26/2022 01:05:00 PM,RIVER RD,NA,STRAIGHT MOVEMENT ANGLE,Clear,DRY,Daylight,STOP SIGN,NONE DETECTED,Unknown,Possible Minor Injury,N/A,NOT DISTRACTED,MD,PASSENGER CAR,MAKING LEFT TURN,35,No,2017,HONDA,ACCORD,38.96298773,-77.10097335,2022,5,13
220022513,Injury Crash,05/26/2022 01:05:00 PM,RIVER RD,NA,STRAIGHT MOVEMENT ANGLE,Clear,DRY,Daylight,STOP SIGN,NONE DETECTED,Unknown,No Apparent Injury,N/A,NOT DISTRACTED,DC,PASSENGER CAR,MOVING CONSTANT SPEED,35,No,2010,LEXUS,RX350,38.96298773,-77.10097335,2022,5,13
220022499,Property Damage Crash,05/26/2022 12:12:00 PM,ROCKVILLE PIKE,NA,SAME DIR REAR END,Clear,DRY,Daylight,NO CONTROLS,NONE DETECTED,Yes,No Apparent Injury,N/A,UNKNOWN,MD,PASSENGER CAR,MOVING CONSTANT SPEED,35,No,2012,TOYT,4S,39.07448773,-77.13585278,2022,5,12
220022499,Property Damage Crash,05/26/2022 12:12:00 PM,ROCKVILLE PIKE,NA,SAME DIR REAR END,Clear,DRY,Daylight,NO CONTROLS,NONE DETECTED,No,No Apparent Injury,N/A,NOT DISTRACTED,MD,PASSENGER CAR,STOPPED IN TRAFFIC LANE,35,No,2017,FORD,4S,39.07448773,-77.13585278,2022,5,12
220022500,Property Damage Crash,05/26/2022 12:05:00 PM,RUSSELL AVE,NA,STRAIGHT MOVEMENT ANGLE,Clear,DRY,Daylight,TRAFFIC SIGNAL,NONE DETECTED,Yes,No Apparent Injury,N/A,NOT DISTRACTED,MD,PASSENGER CAR,MOVING CONSTANT SPEED,35,No,2016,JEEP,TK,39.150556,-77.20386848,2022,5,12
220022500,Property Damage Crash,05/26/2022 12:05:00 PM,RUSSELL AVE,NA,STRAIGHT MOVEMENT ANGLE,Clear,DRY,Daylight,TRAFFIC SIGNAL,NONE DETECTED,No,No Apparent Injury,N/A,NOT DISTRACTED,MD,PASSENGER CAR,MOVING CONSTANT SPEED,30,No,2011,LEXU,TK,39.150556,-77.20386848,2022,5,12
220022493,Injury Crash,05/26/2022 11:20:00 AM,DEMOCRACY BLVD,NA,HEAD ON LEFT TURN,Cloudy,DRY,Daylight,TRAFFIC SIGNAL,NONE DETECTED,Yes,Possible Minor Injury,N/A,TEXTING FROM A CELLULAR PHONE,MD,PASSENGER CAR,MOVING CONSTANT SPEED,35,No,2015,TOYOTA,COROLLA,39.02137283,-77.14046283,2022,5,11
220022493,Injury Crash,05/26/2022 11:20:00 AM,DEMOCRACY BLVD,NA,HEAD ON LEFT TURN,Cloudy,DRY,Daylight,TRAFFIC SIGNAL,NONE DETECTED,No,No Apparent Injury,N/A,NOT DISTRACTED,MD,PICKUP TRUCK,MAKING LEFT TURN,35,No,2016,TOYOTA,TUNDRA,39.02137283,-77.14046283,2022,5,11
220022488,Injury Crash,05/26/2022 11:00:00 AM,CONNECTICUT AVE,NA,SAME DIRECTION SIDESWIPE,Clear,DRY,Daylight,NO CONTROLS,NONE DETECTED,Yes,No Apparent Injury,N/A,LOOKED BUT DID NOT SEE,MD,"MEDIUM/HEAVY TRUCKS 3 AXLES (OVER 10,000LBS (4,536KG))",CHANGING LANES,35,No,2003,FREIGHTLINER,TK,39.01413167,-77.07943667,2022,5,11
220022488,Injury Crash,05/26/2022 11:00:00 AM,CONNECTICUT AVE,NA,SAME DIRECTION SIDESWIPE,Clear,DRY,Daylight,NO CONTROLS,NONE DETECTED,No,Possible Minor Injury,N/A,NOT DISTRACTED,MD,PASSENGER CAR,MOVING CONSTANT SPEED,35,No,2016,TOYOTA,AVALON,39.01413167,-77.07943667,2022,5,11
220022481,Property Damage Crash,05/26/2022 09:45:00 AM,NA,NA,OTHER,Cloudy,NA,Daylight,N/A,NONE DETECTED,Yes,No Apparent Injury,N/A,NOT DISTRACTED,MD,FIRE VEHICLE/EMERGENCY,MAKING LEFT TURN,5,No,2005,PIERCE,FIRE TRUCK,39.12633883,-77.1667125,2022,5,9
220022302,Property Damage Crash,05/26/2022 09:34:00 AM,EAST WEST HWY,NA,SAME DIRECTION SIDESWIPE,Cloudy,DRY,Daylight,TRAFFIC SIGNAL,NONE DETECTED,Yes,No Apparent Injury,N/A,NOT DISTRACTED,MD,"OTHER LIGHT TRUCKS (10,000LBS (4,536KG) OR LESS)",MOVING CONSTANT SPEED,35,No,1991,GRUMMAN,DELIVERY VAN,38.995029,-77.0457918,2022,5,9
220022302,Property Damage Crash,05/26/2022 09:34:00 AM,EAST WEST HWY,NA,SAME DIRECTION SIDESWIPE,Cloudy,DRY,Daylight,TRAFFIC SIGNAL,NONE DETECTED,No,No Apparent Injury,N/A,NOT DISTRACTED,MD,SCHOOL BUS,STOPPED IN TRAFFIC LANE,35,No,2014,THOMAS,BUS,38.995029,-77.0457918,2022,5,9
220022482,Property Damage Crash,05/26/2022 09:30:00 AM,NA,NA,SAME DIR BOTH LEFT TURN,Clear,NA,Daylight,NO CONTROLS,NONE DETECTED,No,No Apparent Injury,N/A,NOT DISTRACTED,MD,(SPORT) UTILITY VEHICLE,UNKNOWN,15,No,2016,HOND,TK,39.07996533,-77.1464475,2022,5,9
220022473,Property Damage Crash,05/26/2022 09:30:00 AM,BRIGGS CHANEY RD,NA,HEAD ON LEFT TURN,Clear,DRY,Daylight,TRAFFIC SIGNAL,NONE DETECTED,No,No Apparent Injury,N/A,NOT DISTRACTED,MD,VAN,MOVING CONSTANT SPEED,35,No,2008,HONDA,ODYSSEY,39.102065,-76.98160333,2022,5,9
220022473,Property Damage Crash,05/26/2022 09:30:00 AM,BRIGGS CHANEY RD,NA,HEAD ON LEFT TURN,Clear,DRY,Daylight,TRAFFIC SIGNAL,NONE DETECTED,Yes,No Apparent Injury,N/A,NOT DISTRACTED,MD,PASSENGER CAR,MAKING LEFT TURN,35,No,2010,MAZDA,6,39.102065,-76.98160333,2022,5,9
220022482,Property Damage Crash,05/26/2022 09:30:00 AM,NA,NA,SAME DIR BOTH LEFT TURN,Clear,NA,Daylight,NO CONTROLS,NONE DETECTED,Yes,No Apparent Injury,N/A,NOT DISTRACTED,NA,NA,UNKNOWN,15,No,0,UNKNOWN,UNKNOWN,39.07996533,-77.1464475,2022,5,9
220022469,Injury Crash,05/26/2022 08:45:00 AM,GEORGIA AVE,NA,STRAIGHT MOVEMENT ANGLE,Clear,DRY,Daylight,N/A,NONE DETECTED,No,Possible Minor Injury,N/A,NOT DISTRACTED,MD,PASSENGER CAR,MOVING CONSTANT SPEED,35,No,2007,DODG,VN,39.01032167,-77.04088,2022,5,8
220022469,Injury Crash,05/26/2022 08:45:00 AM,GEORGIA AVE,NA,STRAIGHT MOVEMENT ANGLE,Clear,DRY,Daylight,N/A,NONE DETECTED,Yes,No Apparent Injury,N/A,NOT DISTRACTED,MD,PASSENGER CAR,MAKING LEFT TURN,35,No,2010,HONDA,ACCORD,39.01032167,-77.04088,2022,5,8
220022463,Property Damage Crash,05/26/2022 07:40:00 AM,S FREDERICK RD,NA,STRAIGHT MOVEMENT ANGLE,Clear,DRY,Daylight,STOP SIGN,NONE DETECTED,Yes,No Apparent Injury,N/A,LOOKED BUT DID NOT SEE,MD,PICKUP TRUCK,MAKING LEFT TURN,35,No,2012,CHEV,TK,39.1303965,-77.18716533,2022,5,7
220022463,Property Damage Crash,05/26/2022 07:40:00 AM,S FREDERICK RD,NA,STRAIGHT MOVEMENT ANGLE,Clear,DRY,Daylight,STOP SIGN,NONE DETECTED,No,No Apparent Injury,N/A,NOT DISTRACTED,MD,(SPORT) UTILITY VEHICLE,MOVING CONSTANT SPEED,35,No,2017,LEXUS,NX200T,39.1303965,-77.18716533,2022,5,7
220022463,Property Damage Crash,05/26/2022 07:40:00 AM,S FREDERICK RD,NA,STRAIGHT MOVEMENT ANGLE,Clear,DRY,Daylight,STOP SIGN,NONE DETECTED,No,No Apparent Injury,N/A,NOT DISTRACTED,MD,(SPORT) UTILITY VEHICLE,MOVING CONSTANT SPEED,35,No,2016,HONDA,TK,39.1303965,-77.18716533,2022,5,7
220022456,Injury Crash,05/26/2022 06:40:00 AM,CLOPPER RD,NA,STRAIGHT MOVEMENT ANGLE,Clear,DRY,Medium,TRAFFIC SIGNAL,NONE DETECTED,Yes,Possible Minor Injury,N/A,LOOKED BUT DID NOT SEE,MD,(SPORT) UTILITY VEHICLE,MAKING U TURN,35,No,2016,HONDA,CRV,39.14837533,-77.238347,2022,5,6
220022456,Injury Crash,05/26/2022 06:40:00 AM,CLOPPER RD,NA,STRAIGHT MOVEMENT ANGLE,Clear,DRY,Medium,TRAFFIC SIGNAL,NONE DETECTED,No,No Apparent Injury,N/A,NOT DISTRACTED,MD,PICKUP TRUCK,MOVING CONSTANT SPEED,35,No,2007,TOYOTA,TACOMA,39.14837533,-77.238347,2022,5,6