Local Case Number,ACRS Report Type,Crash Date/Time,Road Name,Related Non-Motorist,Collision Type,Weather,Surface Condition,Light,Traffic Control,Driver Substance Abuse,Driver At Fault,Injury Severity,Circumstance,Driver Distracted By,Drivers License State,Vehicle Body Type,Vehicle Movement,Speed Limit,Driverless Vehicle,Vehicle Year,Vehicle Make,Vehicle Model,Latitude,Longitude,Year,Month,Hour
220022425,Injury Crash,05/25/2022 09:57:00 PM,COLUMBIA PIKE,NA,SAME DIR REAR END,Clear,DRY,Medium,NO CONTROLS,ALCOHOL PRESENT,Yes,Possible Minor Injury,"N/A, ROAD UNDER CONSTRUCTION/MAINTENANCE",UNKNOWN,MD,PASSENGER CAR,MOVING CONSTANT SPEED,55,No,2015,AUDI,A3,39.08759167,-76.94444167,2022,5,21
220022425,Injury Crash,05/25/2022 09:57:00 PM,COLUMBIA PIKE,NA,SAME DIR REAR END,Clear,DRY,Medium,NO CONTROLS,NONE DETECTED,No,Possible Minor Injury,"N/A, ROAD UNDER CONSTRUCTION/MAINTENANCE",NOT DISTRACTED,MD,POLICE VEHICLE/NON EMERGENCY,PARKED,55,No,2016,FORD,INTERCEPTOR,39.08759167,-76.94444167,2022,5,21
220022428,Property Damage Crash,05/25/2022 09:54:00 PM,COLUMBIA PIKE,NA,SAME DIR REAR END,Clear,DRY,Medium,TRAFFIC SIGNAL,NONE DETECTED,Yes,No Apparent Injury,N/A,NOT DISTRACTED,XX,PASSENGER CAR,MOVING CONSTANT SPEED,40,No,2013,HOND,4S,39.03809767,-76.9987055,2022,5,21
220022428,Property Damage Crash,05/25/2022 09:54:00 PM,COLUMBIA PIKE,NA,SAME DIR REAR END,Clear,DRY,Medium,TRAFFIC SIGNAL,NONE DETECTED,No,No Apparent Injury,N/A,NOT DISTRACTED,MD,PASSENGER CAR,STOPPED IN TRAFFIC LANE,40,No,2022,KIA,KN5,39.03809767,-76.9987055,2022,5,21
220022402,Injury Crash,05/25/2022 06:26:00 PM,UNIVERSITY BLVD W,NA,SAME DIR REAR END,Cloudy,DRY,Daylight,NO CONTROLS,NONE DETECTED,Yes,No Apparent Injury,N/A,NOT DISTRACTED,MD,"OTHER LIGHT TRUCKS (10,000LBS (4,536KG) OR LESS)",SLOWING OR STOPPING,35,No,2017,FORD,TK,39.02926833,-77.02069167,2022,5,18
220022402,Injury Crash,05/25/2022 06:26:00 PM,UNIVERSITY BLVD W,NA,SAME DIR REAR END,Cloudy,DRY,Daylight,NO CONTROLS,NONE DETECTED,No,No Apparent Injury,N/A,NOT DISTRACTED,MD,PASSENGER CAR,SLOWING OR STOPPING,35,No,2022,TOYOTA,CAMRY,39.02926833,-77.02069167,2022,5,18
220022402,Injury Crash,05/25/2022 06:26:00 PM,UNIVERSITY BLVD W,NA,SAME DIR REAR END,Cloudy,DRY,Daylight,NO CONTROLS,NONE DETECTED,No,No Apparent Injury,N/A,NOT DISTRACTED,MD,(SPORT) UTILITY VEHICLE,SLOWING OR STOPPING,35,No,2015,KIA,SOUL,39.02926833,-77.02069167,2022,5,18
220022355,Injury Crash,05/25/2022 02:50:00 PM,CAPITAL BELTWAY,NA,SAME DIR REAR END,Clear,DRY,Daylight,N/A,NONE DETECTED,Yes,No Apparent Injury,N/A,NOT DISTRACTED,NA,PASSENGER CAR,MOVING CONSTANT SPEED,45,No,2003,BMW,745LI,39.01347929,-77.04931398,2022,5,14
220022355,Injury Crash,05/25/2022 02:50:00 PM,CAPITAL BELTWAY,NA,SAME DIR REAR END,Clear,DRY,Daylight,N/A,NONE DETECTED,No,Possible Minor Injury,N/A,NOT DISTRACTED,MD,PASSENGER CAR,MOVING CONSTANT SPEED,45,No,2015,BUICK,VERANO,39.01347929,-77.04931398,2022,5,14
220022351,Property Damage Crash,05/25/2022 02:21:00 PM,MONTGOMERY VILLAGE AVE,NA,STRAIGHT MOVEMENT ANGLE,Clear,DRY,Daylight,TRAFFIC SIGNAL,NONE DETECTED,No,No Apparent Injury,N/A,NOT DISTRACTED,MD,STATION WAGON,MAKING LEFT TURN,35,No,2013,HOND,4S,39.186765,-77.19852167,2022,5,14
220022351,Property Damage Crash,05/25/2022 02:21:00 PM,MONTGOMERY VILLAGE AVE,NA,STRAIGHT MOVEMENT ANGLE,Clear,DRY,Daylight,TRAFFIC SIGNAL,NONE DETECTED,Yes,No Apparent Injury,N/A,UNKNOWN,MD,PASSENGER CAR,MOVING CONSTANT SPEED,35,No,2012,NISS,4S,39.186765,-77.19852167,2022,5,14
220022331,Property Damage Crash,05/25/2022 12:40:00 PM,GREAT SENECA HWY,NA,SAME DIR REAR END,Clear,DRY,Daylight,YIELD SIGN,NONE DETECTED,Yes,No Apparent Injury,N/A,UNKNOWN,MD,(SPORT) UTILITY VEHICLE,MOVING CONSTANT SPEED,40,No,2015,CHEV,TK,39.109907,-77.21688133,2022,5,12
220022331,Property Damage Crash,05/25/2022 12:40:00 PM,GREAT SENECA HWY,NA,SAME DIR REAR END,Clear,DRY,Daylight,YIELD SIGN,NONE DETECTED,No,No Apparent Injury,N/A,NOT DISTRACTED,MD,VAN,STARTING FROM LANE,40,No,2017,FORD,TK,39.109907,-77.21688133,2022,5,12
220022329,Injury Crash,05/25/2022 12:18:00 PM,OLNEY SANDY SPRING RD,NA,SAME DIR REAR END,Cloudy,DRY,Daylight,TRAFFIC SIGNAL,NONE DETECTED,No,No Apparent Injury,N/A,UNKNOWN,MD,PASSENGER CAR,STOPPED IN TRAFFIC LANE,30,No,2008,CHEVROLET,SUBURBAN,39.1444,-77.043305,2022,5,12
220022329,Injury Crash,05/25/2022 12:18:00 PM,OLNEY SANDY SPRING RD,NA,SAME DIR REAR END,Cloudy,DRY,Daylight,TRAFFIC SIGNAL,NONE DETECTED,Yes,Possible Minor Injury,N/A,UNKNOWN,MD,PASSENGER CAR,SLOWING OR STOPPING,30,No,2020,JEEP,RENEGADE,39.1444,-77.043305,2022,5,12
220022323,Property Damage Crash,05/25/2022 11:37:00 AM,NEEDWOOD RD,NA,STRAIGHT MOVEMENT ANGLE,Cloudy,DRY,Daylight,TRAFFIC SIGNAL,NONE DETECTED,No,No Apparent Injury,N/A,NOT DISTRACTED,MD,PASSENGER CAR,STOPPED IN TRAFFIC LANE,35,No,2021,HONDA,PV,39.13264,-77.12189333,2022,5,11
220022323,Property Damage Crash,05/25/2022 11:37:00 AM,NEEDWOOD RD,NA,STRAIGHT MOVEMENT ANGLE,Cloudy,DRY,Daylight,TRAFFIC SIGNAL,NONE DETECTED,Yes,No Apparent Injury,N/A,UNKNOWN,MD,PASSENGER CAR,MAKING LEFT TURN,35,No,2012,HYUN,SD,39.13264,-77.12189333,2022,5,11
220022316,Property Damage Crash,05/25/2022 11:20:00 AM,NA,NA,SINGLE VEHICLE,Cloudy,NA,Daylight,N/A,NONE DETECTED,Yes,No Apparent Injury,N/A,NOT DISTRACTED,MD,VAN,BACKING,0,No,2013,DODGE,CARAVAN,39.08064,-77.14615,2022,5,11
220022310,Property Damage Crash,05/25/2022 10:57:00 AM,EAST WEST HWY,NA,SAME DIR REAR END,Clear,DRY,Daylight,NO CONTROLS,NONE DETECTED,Yes,No Apparent Injury,N/A,UNKNOWN,MD,"OTHER LIGHT TRUCKS (10,000LBS (4,536KG) OR LESS)",BACKING,5,No,2019,PTRB,DUMPTRUCK,38.989305,-77.02758833,2022,5,10
220022310,Property Damage Crash,05/25/2022 10:57:00 AM,EAST WEST HWY,NA,SAME DIR REAR END,Clear,DRY,Daylight,NO CONTROLS,NONE DETECTED,No,No Apparent Injury,N/A,UNKNOWN,MD,VAN,PARKED,0,No,2017,FORD,VAN,38.989305,-77.02758833,2022,5,10
220022303,Property Damage Crash,05/25/2022 10:13:00 AM,S GLEN RD,NA,OTHER,Cloudy,DRY,Daylight,N/A,NONE DETECTED,No,No Apparent Injury,N/A,NOT DISTRACTED,MD,OTHER,MOVING CONSTANT SPEED,35,No,2000,FORD,UTILMASTER,39.031285,-77.21195,2022,5,10
220022303,Property Damage Crash,05/25/2022 10:13:00 AM,S GLEN RD,NA,OTHER,Cloudy,DRY,Daylight,N/A,NONE DETECTED,No,No Apparent Injury,N/A,NOT DISTRACTED,MD,"CARGO VAN/LIGHT TRUCK 2 AXLES (OVER 10,000LBS (4,536 KG))",MOVING CONSTANT SPEED,35,No,2014,FORD,F250,39.031285,-77.21195,2022,5,10
220022297,Property Damage Crash,05/25/2022 10:00:00 AM,FENTON ST,NA,SAME DIRECTION SIDESWIPE,Cloudy,DRY,Daylight,NO CONTROLS,NONE DETECTED,No,No Apparent Injury,N/A,NOT DISTRACTED,MD,PICKUP TRUCK,MOVING CONSTANT SPEED,25,No,2013,FORD,F350,38.99705,-77.02617833,2022,5,10
220022297,Property Damage Crash,05/25/2022 10:00:00 AM,FENTON ST,NA,SAME DIRECTION SIDESWIPE,Cloudy,DRY,Daylight,NO CONTROLS,NONE DETECTED,Yes,No Apparent Injury,N/A,LOOKED BUT DID NOT SEE,MD,TRANSIT BUS,MOVING CONSTANT SPEED,25,No,2009,GILL,BU,38.99705,-77.02617833,2022,5,10
220022313,Property Damage Crash,05/25/2022 09:30:00 AM,ELM AVE,NA,SINGLE VEHICLE,Cloudy,DRY,Daylight,N/A,NONE DETECTED,Yes,No Apparent Injury,N/A,UNKNOWN,DC,VAN,OTHER,20,No,2006,FORD,ECONOLINE,38.97398,-77.00462833,2022,5,9
220022293,Property Damage Crash,05/25/2022 09:20:00 AM,NEW HAMPSHIRE AVE,NA,STRAIGHT MOVEMENT ANGLE,Clear,DRY,Daylight,NO CONTROLS,NONE DETECTED,No,No Apparent Injury,N/A,NOT DISTRACTED,MD,PASSENGER CAR,MOVING CONSTANT SPEED,35,No,2022,JEEP,COMPASS,39.10862667,-76.99781833,2022,5,9
220022293,Property Damage Crash,05/25/2022 09:20:00 AM,NEW HAMPSHIRE AVE,NA,STRAIGHT MOVEMENT ANGLE,Clear,DRY,Daylight,NO CONTROLS,NONE DETECTED,Yes,No Apparent Injury,N/A,INATTENTIVE OR LOST IN THOUGHT,VA,PASSENGER CAR,MOVING CONSTANT SPEED,35,No,2018,HONDA,PILOT,39.10862667,-76.99781833,2022,5,9
220022291,Injury Crash,05/25/2022 09:07:00 AM,MIDCOUNTY HWY,NA,HEAD ON LEFT TURN,Cloudy,DRY,Daylight,TRAFFIC SIGNAL,NONE DETECTED,Unknown,Possible Minor Injury,N/A,UNKNOWN,MD,PASSENGER CAR,MAKING LEFT TURN,45,No,2022,TOYOTA,CAMRY,39.14743833,-77.16927167,2022,5,9
220022291,Injury Crash,05/25/2022 09:07:00 AM,MIDCOUNTY HWY,NA,HEAD ON LEFT TURN,Cloudy,DRY,Daylight,TRAFFIC SIGNAL,NONE DETECTED,Unknown,No Apparent Injury,N/A,UNKNOWN,MD,PASSENGER CAR,MOVING CONSTANT SPEED,45,No,2015,HONDA,TK,39.14743833,-77.16927167,2022,5,9
220022333,Property Damage Crash,05/25/2022 09:06:00 AM,NA,NA,OTHER,Cloudy,NA,Medium,NO CONTROLS,NONE DETECTED,Yes,No Apparent Injury,N/A,UNKNOWN,NA,PASSENGER CAR,PARKING,10,No,2015,HYUNDAI,SONATA,38.99448883,-77.07537815,2022,5,9
220022290,Property Damage Crash,05/25/2022 09:04:00 AM,MONTROSE PKWY,NA,HEAD ON LEFT TURN,Cloudy,DRY,Daylight,TRAFFIC SIGNAL,NONE DETECTED,No,No Apparent Injury,N/A,NOT DISTRACTED,XX,PASSENGER CAR,MOVING CONSTANT SPEED,30,No,2013,MERCEDES,C300,39.05124533,-77.12624267,2022,5,9
220022290,Property Damage Crash,05/25/2022 09:04:00 AM,MONTROSE PKWY,NA,HEAD ON LEFT TURN,Cloudy,DRY,Daylight,TRAFFIC SIGNAL,NONE DETECTED,Yes,No Apparent Injury,N/A,LOOKED BUT DID NOT SEE,MD,PASSENGER CAR,MAKING LEFT TURN,30,No,2010,HONDA,ODYSSEY,39.05124533,-77.12624267,2022,5,9
220022287,Injury Crash,05/25/2022 08:59:00 AM,S FREDERICK RD,NA,SAME DIRECTION SIDESWIPE,Cloudy,DRY,Daylight,TRAFFIC SIGNAL,NONE DETECTED,Yes,Possible Minor Injury,N/A,NOT DISTRACTED,MD,MOTORCYCLE,ACCELERATING,35,No,2021,KAWASAKI,ZR900,39.13770467,-77.1942123,2022,5,8
220022287,Injury Crash,05/25/2022 08:59:00 AM,S FREDERICK RD,NA,SAME DIRECTION SIDESWIPE,Cloudy,DRY,Daylight,TRAFFIC SIGNAL,NONE DETECTED,No,No Apparent Injury,N/A,NOT DISTRACTED,MD,PASSENGER CAR,STOPPED IN TRAFFIC LANE,35,No,2014,HOND,SD,39.13770467,-77.1942123,2022,5,8
220022274,Property Damage Crash,05/25/2022 07:20:00 AM,CONNECTICUT AVE,NA,SINGLE VEHICLE,Clear,DRY,Daylight,TRAFFIC SIGNAL,NONE DETECTED,No,No Apparent Injury,"N/A, RUTS, HOLES, BUMPS",NOT DISTRACTED,MD,(SPORT) UTILITY VEHICLE,MOVING CONSTANT SPEED,35,No,2017,HYUN,SANTA FE,39.04713,-77.07589167,2022,5,7
220022276,Property Damage Crash,05/25/2022 06:45:00 AM,CONNECTICUT AVE,NA,SINGLE VEHICLE,Clear,OTHER,Daylight,NO CONTROLS,NONE DETECTED,No,No Apparent Injury,"N/A, RUTS, HOLES, BUMPS",LOOKED BUT DID NOT SEE,MD,(SPORT) UTILITY VEHICLE,MOVING CONSTANT SPEED,40,No,2005,LEXUS,RX330,39.04728031,-77.07590337,2022,5,6
220022268,Injury Crash,05/25/2022 01:33:00 AM,E RANDOLPH RD,NA,STRAIGHT MOVEMENT ANGLE,Clear,DRY,Medium,TRAFFIC SIGNAL,NONE DETECTED,No,Possible Minor Injury,N/A,NOT DISTRACTED,MD,PASSENGER CAR,MOVING CONSTANT SPEED,35,No,2021,TOYOTA,HIGHLANDER,39.06337548,-76.96580739,2022,5,1
220022268,Injury Crash,05/25/2022 01:33:00 AM,E RANDOLPH RD,NA,STRAIGHT MOVEMENT ANGLE,Clear,DRY,Medium,TRAFFIC SIGNAL,NONE DETECTED,Yes,Possible Minor Injury,N/A,INATTENTIVE OR LOST IN THOUGHT,MD,PASSENGER CAR,MOVING CONSTANT SPEED,35,No,2019,CHEVROLET,BLAZER,39.06337548,-76.96580739,2022,5,1
220022269,Property Damage Crash,05/25/2022 01:28:00 AM,BALTIMORE RD,NA,SINGLE VEHICLE,Clear,DRY,Medium,NO CONTROLS,NONE DETECTED,Yes,No Apparent Injury,N/A,OTHER DISTRACTION,PA,AMBULANCE/EMERGENCY,MOVING CONSTANT SPEED,25,No,2021,HONDA,CIVIC,39.08411748,-77.12699062,2022,5,1
220022263,Injury Crash,05/24/2022 11:58:00 PM,CHERRY HILL RD,NA,SAME DIR REAR END,Clear,DRY,Medium,TRAFFIC SIGNAL,NONE DETECTED,No,Possible Minor Injury,N/A,NOT DISTRACTED,MD,PASSENGER CAR,STOPPED IN TRAFFIC LANE,35,No,2011,TOYOTA,RAV4,39.05602769,-76.95415588,2022,5,23
220022263,Injury Crash,05/24/2022 11:58:00 PM,CHERRY HILL RD,NA,SAME DIR REAR END,Clear,DRY,Medium,TRAFFIC SIGNAL,NONE DETECTED,Yes,No Apparent Injury,N/A,OTHER DISTRACTION,DC,PASSENGER CAR,MOVING CONSTANT SPEED,35,No,2014,TOYOTA,TUNDRA,39.05602769,-76.95415588,2022,5,23
220022261,Injury Crash,05/24/2022 11:42:00 PM,RIDGE RD,NA,SAME DIR REAR END,Clear,DRY,Medium,TRAFFIC SIGNAL,NONE DETECTED,No,Possible Minor Injury,N/A,NOT DISTRACTED,MD,PASSENGER CAR,SLOWING OR STOPPING,40,No,2017,TOYOTA,C-HR,39.204611,-77.2465075,2022,5,23
220022261,Injury Crash,05/24/2022 11:42:00 PM,RIDGE RD,NA,SAME DIR REAR END,Clear,DRY,Medium,TRAFFIC SIGNAL,NONE DETECTED,Yes,Possible Minor Injury,N/A,NOT DISTRACTED,MD,PASSENGER CAR,MOVING CONSTANT SPEED,40,No,2015,CHEVROLET,TRAVERSE,39.204611,-77.2465075,2022,5,23
220022261,Injury Crash,05/24/2022 11:42:00 PM,RIDGE RD,NA,SAME DIR REAR END,Clear,DRY,Medium,TRAFFIC SIGNAL,NONE DETECTED,No,No Apparent Injury,N/A,NOT DISTRACTED,MD,PASSENGER CAR,STOPPED IN TRAFFIC LANE,40,No,2019,BMW,X7,39.204611,-77.2465075,2022,5,23
220022260,Property Damage Crash,05/24/2022 11:33:00 PM,FIRSTFIELD RD,NA,SINGLE VEHICLE,Clear,DRY,Medium,TRAFFIC SIGNAL,ALCOHOL PRESENT,Yes,No Apparent Injury,N/A,LOOKED BUT DID NOT SEE,MD,PASSENGER CAR,MOVING CONSTANT SPEED,30,No,2013,FIAT,2S,39.14335458,-77.22390802,2022,5,23
220022259,Property Damage Crash,05/24/2022 11:10:00 PM,NEW HAMPSHIRE AVE,NA,HEAD ON LEFT TURN,Clear,DRY,Dark,STOP SIGN,NONE DETECTED,Yes,No Apparent Injury,N/A,LOOKED BUT DID NOT SEE,MD,PASSENGER CAR,ACCELERATING,30,No,2005,LEXUS,4S,39.14208333,-76.99862167,2022,5,23
220022259,Property Damage Crash,05/24/2022 11:10:00 PM,NEW HAMPSHIRE AVE,NA,HEAD ON LEFT TURN,Clear,DRY,Dark,STOP SIGN,ALCOHOL PRESENT,No,No Apparent Injury,N/A,UNKNOWN,MD,PASSENGER CAR,MOVING CONSTANT SPEED,45,No,2017,FORD,TRUCK,39.14208333,-76.99862167,2022,5,23
220022254,Property Damage Crash,05/24/2022 10:15:00 PM,W DEER PARK RD,NA,SINGLE VEHICLE,Clear,N/A,Medium,NO CONTROLS,ALCOHOL PRESENT,Yes,No Apparent Injury,N/A,NOT DISTRACTED,MD,PASSENGER CAR,MAKING RIGHT TURN,10,No,2018,HYUNDAI,SEDAN,39.12930019,-77.20113015,2022,5,22
220022233,Injury Crash,05/24/2022 08:10:00 PM,MACARTHUR BLVD,NA,SAME DIR REAR END,Clear,DRY,Daylight,TRAFFIC SIGNAL,NONE DETECTED,No,Possible Minor Injury,N/A,NOT DISTRACTED,MD,PASSENGER CAR,MOVING CONSTANT SPEED,25,No,1995,JEEP,CHEROKEE,38.97284072,-77.14724247,2022,5,20
220022233,Injury Crash,05/24/2022 08:10:00 PM,MACARTHUR BLVD,NA,SAME DIR REAR END,Clear,DRY,Daylight,TRAFFIC SIGNAL,NONE DETECTED,Yes,No Apparent Injury,N/A,BY MOVING OBJECT IN VEHICLE,MD,PASSENGER CAR,ACCELERATING,25,No,2010,HOND,FIT,38.97284072,-77.14724247,2022,5,20
220022224,Property Damage Crash,05/24/2022 07:04:00 PM,PERRY PKWY,NA,STRAIGHT MOVEMENT ANGLE,Cloudy,DRY,Daylight,STOP SIGN,NONE DETECTED,Yes,No Apparent Injury,N/A,UNKNOWN,MD,PASSENGER CAR,MAKING LEFT TURN,30,No,2007,FORD,CP,39.148115,-77.213845,2022,5,19
220022224,Property Damage Crash,05/24/2022 07:04:00 PM,PERRY PKWY,NA,STRAIGHT MOVEMENT ANGLE,Cloudy,DRY,Daylight,STOP SIGN,NONE DETECTED,No,No Apparent Injury,N/A,NOT DISTRACTED,MD,PASSENGER CAR,MOVING CONSTANT SPEED,30,No,2014,TOYOTA,RAV4,39.148115,-77.213845,2022,5,19
220022216,Property Damage Crash,05/24/2022 06:27:00 PM,HUNGERFORD DR,NA,SINGLE VEHICLE,Clear,DRY,Daylight,NO CONTROLS,NONE DETECTED,Yes,No Apparent Injury,N/A,NOT DISTRACTED,MD,PASSENGER CAR,MOVING CONSTANT SPEED,40,No,2010,INFINITI,G37S,39.09494667,-77.1534,2022,5,18
220022208,Property Damage Crash,05/24/2022 05:49:00 PM,MUNCASTER MILL RD,NA,SAME DIRECTION SIDESWIPE,Clear,SLUSH,Daylight,TRAFFIC SIGNAL,NONE DETECTED,Yes,No Apparent Injury,N/A,NOT DISTRACTED,MD,(SPORT) UTILITY VEHICLE,PASSING,35,No,2015,GMC,YUKON,39.14607133,-77.14455217,2022,5,17
220022208,Property Damage Crash,05/24/2022 05:49:00 PM,MUNCASTER MILL RD,NA,SAME DIRECTION SIDESWIPE,Clear,SLUSH,Daylight,TRAFFIC SIGNAL,NONE DETECTED,No,No Apparent Injury,N/A,NOT DISTRACTED,MD,TRANSIT BUS,STOPPED IN TRAFFIC LANE,35,No,2019,GIL,BUS,39.14607133,-77.14455217,2022,5,17
220021845,Injury Crash,05/24/2022 05:10:00 PM,CLOPPER RD,NA,SAME DIR REAR END,Clear,DRY,Daylight,NO CONTROLS,NONE DETECTED,Yes,Possible Minor Injury,N/A,NOT DISTRACTED,MD,PASSENGER CAR,MOVING CONSTANT SPEED,30,No,2017,BMW,320,39.16289546,-77.28351614,2022,5,17
220021845,Injury Crash,05/24/2022 05:10:00 PM,CLOPPER RD,NA,SAME DIR REAR END,Clear,DRY,Daylight,NO CONTROLS,NONE DETECTED,No,No Apparent Injury,N/A,NOT DISTRACTED,FL,PASSENGER CAR,STOPPED IN TRAFFIC LANE,30,No,2018,NISSAN,MAXIMA,39.16289546,-77.28351614,2022,5,17
220022195,Property Damage Crash,05/24/2022 03:39:00 PM,NA,NA,STRAIGHT MOVEMENT ANGLE,Cloudy,NA,Daylight,NO CONTROLS,NONE DETECTED,No,No Apparent Injury,N/A,NOT DISTRACTED,DC,PASSENGER CAR,SLOWING OR STOPPING,10,No,2018,NISSAN,ALTIMA,38.99342667,-77.02593333,2022,5,15
220022195,Property Damage Crash,05/24/2022 03:39:00 PM,NA,NA,STRAIGHT MOVEMENT ANGLE,Cloudy,NA,Daylight,NO CONTROLS,NONE DETECTED,Yes,No Apparent Injury,N/A,UNKNOWN,NA,UNKNOWN,BACKING,10,No,0,UNKNOWN,UNKNOWN,38.99342667,-77.02593333,2022,5,15
220022188,Property Damage Crash,05/24/2022 03:35:00 PM,COUNTRYSIDE CT,NA,SAME DIR REAR END,Rain,WET,Daylight,N/A,NONE DETECTED,Yes,No Apparent Injury,"N/A, WET",UNKNOWN,MD,TRUCK TRACTOR,SLOWING OR STOPPING,15,No,1991,CHEVROLET,S10,39.08470667,-76.96711167,2022,5,15
220022180,Property Damage Crash,05/24/2022 03:19:00 PM,QUEBEC ST,NA,SAME DIR REAR END,Cloudy,DRY,Daylight,NO CONTROLS,NONE DETECTED,No,No Apparent Injury,N/A,NOT DISTRACTED,MD,PASSENGER CAR,STOPPED IN TRAFFIC LANE,25,No,2007,TOYOTA,CAMRY,38.99914962,-76.98939927,2022,5,15
220022180,Property Damage Crash,05/24/2022 03:19:00 PM,QUEBEC ST,NA,SAME DIR REAR END,Cloudy,DRY,Daylight,NO CONTROLS,NONE DETECTED,Yes,No Apparent Injury,N/A,UNKNOWN,NA,(SPORT) UTILITY VEHICLE,UNKNOWN,25,No,2011,GMC,ACADIA,38.99914962,-76.98939927,2022,5,15
220022170,Property Damage Crash,05/24/2022 03:00:00 PM,NORBECK RD,NA,OTHER,Cloudy,DRY,Daylight,NO CONTROLS,NONE DETECTED,Yes,No Apparent Injury,N/A,UNKNOWN,MD,PASSENGER CAR,MAKING LEFT TURN,35,No,1997,ACURA,4D,39.09588203,-77.10968562,2022,5,15
220022170,Property Damage Crash,05/24/2022 03:00:00 PM,NORBECK RD,NA,OTHER,Cloudy,DRY,Daylight,NO CONTROLS,NONE DETECTED,No,No Apparent Injury,N/A,NOT DISTRACTED,MD,PASSENGER CAR,MOVING CONSTANT SPEED,35,No,2018,HONDA,FIT,39.09588203,-77.10968562,2022,5,15
220022159,Property Damage Crash,05/24/2022 01:58:00 PM,REDLAND RD,NA,STRAIGHT MOVEMENT ANGLE,Rain,WET,Daylight,TRAFFIC SIGNAL,NONE DETECTED,Yes,No Apparent Injury,"RAIN, SNOW, WET",LOOKED BUT DID NOT SEE,MD,PASSENGER CAR,ACCELERATING,35,No,2003,TOYT,SD,39.11705,-77.16452833,2022,5,13
220022159,Property Damage Crash,05/24/2022 01:58:00 PM,REDLAND RD,NA,STRAIGHT MOVEMENT ANGLE,Rain,WET,Daylight,TRAFFIC SIGNAL,NONE DETECTED,No,No Apparent Injury,"RAIN, SNOW, WET",NOT DISTRACTED,VA,PASSENGER CAR,ACCELERATING,35,No,2016,NISS,TK,39.11705,-77.16452833,2022,5,13
220022213,Property Damage Crash,05/24/2022 01:50:00 PM,BEACH DR,NA,SINGLE VEHICLE,Rain,WET,Daylight,NO CONTROLS,NONE DETECTED,Yes,No Apparent Injury,"RAIN, SNOW, WET",UNKNOWN,MD,PASSENGER CAR,SLOWING OR STOPPING,25,No,2012,MAZDA,3,39.02650522,-77.0937015,2022,5,13
220022163,Property Damage Crash,05/24/2022 01:30:00 PM,NA,NA,SINGLE VEHICLE,Cloudy,NA,Daylight,N/A,NONE DETECTED,Yes,No Apparent Injury,N/A,UNKNOWN,MD,PICKUP TRUCK,UNKNOWN,15,No,2018,NISSAN,TK,39.18691333,-77.18783167,2022,5,13
220022143,Property Damage Crash,05/24/2022 12:31:00 PM,NA,NA,OTHER,Clear,NA,Daylight,N/A,NONE DETECTED,No,No Apparent Injury,N/A,NOT DISTRACTED,MD,PASSENGER CAR,MAKING RIGHT TURN,15,No,2022,HONDA,ACCORD,39.18096536,-77.27030261,2022,5,12
220022143,Property Damage Crash,05/24/2022 12:31:00 PM,NA,NA,OTHER,Clear,NA,Daylight,N/A,NONE DETECTED,Yes,No Apparent Injury,N/A,UNKNOWN,MD,OTHER,BACKING,15,No,2006,STERLING,TK,39.18096536,-77.27030261,2022,5,12
220022137,Injury Crash,05/24/2022 12:10:00 PM,RANDOLPH RD,NA,SAME DIR REAR END,Rain,WET,Daylight,TRAFFIC SIGNAL,NONE DETECTED,Yes,Possible Minor Injury,"RAIN, SNOW, WET",NOT DISTRACTED,MD,PASSENGER CAR,SLOWING OR STOPPING,45,No,2008,KIA,SPECTRA,39.06622667,-77.02279667,2022,5,12
220022137,Injury Crash,05/24/2022 12:10:00 PM,RANDOLPH RD,NA,SAME DIR REAR END,Rain,WET,Daylight,TRAFFIC SIGNAL,NONE DETECTED,No,No Apparent Injury,"RAIN, SNOW, WET",NOT DISTRACTED,MD,PASSENGER CAR,STOPPED IN TRAFFIC LANE,45,No,2014,TOYOTA,VENZA,39.06622667,-77.02279667,2022,5,12
220022154,Property Damage Crash,05/24/2022 12:00:00 PM,MERRIMAC DR,NA,OTHER,Clear,DRY,Daylight,NO CONTROLS,NONE DETECTED,Yes,No Apparent Injury,N/A,UNKNOWN,XX,PASSENGER CAR,STARTING FROM PARKED,5,No,2010,FORD,EXPLORER SPORT TR,38.99257925,-76.99219897,2022,5,12
220022154,Property Damage Crash,05/24/2022 12:00:00 PM,MERRIMAC DR,NA,OTHER,Clear,DRY,Daylight,NO CONTROLS,NONE DETECTED,No,No Apparent Injury,N/A,NOT DISTRACTED,MD,PASSENGER CAR,PARKED,5,No,2015,BMW,X3,38.99257925,-76.99219897,2022,5,12
220022128,Injury Crash,05/24/2022 11:00:00 AM,MACARTHUR BLVD,NA,SINGLE VEHICLE,Rain,WET,Daylight,NO CONTROLS,NONE DETECTED,Yes,Possible Minor Injury,"N/A, WET",NOT DISTRACTED,MD,PASSENGER CAR,MOVING CONSTANT SPEED,35,No,2012,TOYOTA,HIGHLANDER,38.94561,-77.12035,2022,5,11
220022090,Property Damage Crash,05/24/2022 09:15:00 AM,SHADY GROVE RD,NA,SAME DIR REAR END,Rain,WET,Daylight,NO CONTROLS,NONE DETECTED,No,No Apparent Injury,"RAIN, SNOW, WET",NOT DISTRACTED,MD,TRANSIT BUS,SLOWING OR STOPPING,35,No,2012,FORD,BUS,39.13839167,-77.15340167,2022,5,9
220022090,Property Damage Crash,05/24/2022 09:15:00 AM,SHADY GROVE RD,NA,SAME DIR REAR END,Rain,WET,Daylight,NO CONTROLS,NONE DETECTED,Yes,No Apparent Injury,"RAIN, SNOW, WET",UNKNOWN,DC,PASSENGER CAR,MOVING CONSTANT SPEED,35,No,2008,FORD,SEDAN,39.13839167,-77.15340167,2022,5,9
220022085,Property Damage Crash,05/24/2022 08:30:00 AM,ETHEL ROSE WAY,NA,OTHER,Rain,WET,Daylight,NO CONTROLS,NONE DETECTED,Yes,No Apparent Injury,N/A,NOT DISTRACTED,MD,SCHOOL BUS,NEGOTIATING A CURVE,25,No,2012,THOMAS,BUS,39.21267833,-77.26633667,2022,5,8
220022080,Property Damage Crash,05/24/2022 08:22:00 AM,GREAT SENECA HWY,NA,HEAD ON LEFT TURN,Cloudy,WET,Daylight,TRAFFIC SIGNAL,NONE DETECTED,No,No Apparent Injury,N/A,NOT DISTRACTED,MD,SCHOOL BUS,MOVING CONSTANT SPEED,35,No,2017,THOMPSON,BUS,39.17106305,-77.26271251,2022,5,8
220022080,Property Damage Crash,05/24/2022 08:22:00 AM,GREAT SENECA HWY,NA,HEAD ON LEFT TURN,Cloudy,WET,Daylight,TRAFFIC SIGNAL,NONE DETECTED,Yes,No Apparent Injury,N/A,NOT DISTRACTED,MD,PICKUP TRUCK,MAKING LEFT TURN,35,No,2019,CHEVEROLET,SILVERADO,39.17106305,-77.26271251,2022,5,8
220022081,Property Damage Crash,05/24/2022 08:05:00 AM,ETHAN ALLEN AVE,NA,STRAIGHT MOVEMENT ANGLE,Rain,WET,Daylight,STOP SIGN,NONE DETECTED,Yes,No Apparent Injury,"RAIN, SNOW, WET",NOT DISTRACTED,MD,"CARGO VAN/LIGHT TRUCK 2 AXLES (OVER 10,000LBS (4,536 KG))",ACCELERATING,25,No,2005,FORD,TK,38.9759125,-76.9969885,2022,5,8