Local Case Number,ACRS Report Type,Crash Date/Time,Road Name,Related Non-Motorist,Collision Type,Weather,Surface Condition,Light,Traffic Control,Driver Substance Abuse,Driver At Fault,Injury Severity,Circumstance,Driver Distracted By,Drivers License State,Vehicle Body Type,Vehicle Movement,Speed Limit,Driverless Vehicle,Vehicle Year,Vehicle Make,Vehicle Model,Latitude,Longitude,Year,Month,Hour
220022081,Property Damage Crash,05/24/2022 08:05:00 AM,ETHAN ALLEN AVE,NA,STRAIGHT MOVEMENT ANGLE,Rain,WET,Daylight,STOP SIGN,NONE DETECTED,No,No Apparent Injury,"RAIN, SNOW, WET",NOT DISTRACTED,MD,PASSENGER CAR,MOVING CONSTANT SPEED,25,No,2011,TOYT,TK,38.9759125,-76.9969885,2022,5,8
220022078,Property Damage Crash,05/24/2022 07:37:00 AM,SEVEN LOCKS RD,NA,HEAD ON LEFT TURN,Rain,WET,Daylight,TRAFFIC SIGNAL,NONE DETECTED,Yes,No Apparent Injury,N/A,UNKNOWN,MD,PASSENGER CAR,MAKING LEFT TURN,35,No,2005,MERZ,SLK350,39.023335,-77.1619,2022,5,7
220022078,Property Damage Crash,05/24/2022 07:37:00 AM,SEVEN LOCKS RD,NA,HEAD ON LEFT TURN,Rain,WET,Daylight,TRAFFIC SIGNAL,NONE DETECTED,No,No Apparent Injury,N/A,NOT DISTRACTED,MD,(SPORT) UTILITY VEHICLE,MOVING CONSTANT SPEED,35,No,2017,HONDA,TK,39.023335,-77.1619,2022,5,7
220022078,Property Damage Crash,05/24/2022 07:37:00 AM,SEVEN LOCKS RD,NA,HEAD ON LEFT TURN,Rain,WET,Daylight,TRAFFIC SIGNAL,NONE DETECTED,No,No Apparent Injury,N/A,NOT DISTRACTED,MD,VAN,STOPPED IN TRAFFIC LANE,35,No,2018,CHEVY,EXPRESS,39.023335,-77.1619,2022,5,7
220022075,Property Damage Crash,05/24/2022 07:20:00 AM,BEL PRE RD,NA,SAME DIRECTION SIDESWIPE,Rain,WET,Daylight,STOP SIGN,NONE DETECTED,Yes,No Apparent Injury,"SLEET, HAIL, FREEZ. RAIN, WET",UNKNOWN,MD,PICKUP TRUCK,PASSING,10,No,2018,RAM,2500,39.09124333,-77.06636333,2022,5,7
220022075,Property Damage Crash,05/24/2022 07:20:00 AM,BEL PRE RD,NA,SAME DIRECTION SIDESWIPE,Rain,WET,Daylight,STOP SIGN,NONE DETECTED,No,No Apparent Injury,"SLEET, HAIL, FREEZ. RAIN, WET",NOT DISTRACTED,MD,OTHER BUS,STOPPED IN TRAFFIC LANE,10,No,2020,THOM,BU,39.09124333,-77.06636333,2022,5,7
220022072,Property Damage Crash,05/24/2022 06:29:00 AM,INDEPENDENCE ST,NA,STRAIGHT MOVEMENT ANGLE,Rain,WET,Medium,TRAFFIC SIGNAL,NONE DETECTED,No,No Apparent Injury,N/A,NOT DISTRACTED,MD,PASSENGER CAR,MOVING CONSTANT SPEED,25,No,2016,CHEV,TRAX,39.07274333,-77.08679333,2022,5,6
220022072,Property Damage Crash,05/24/2022 06:29:00 AM,INDEPENDENCE ST,NA,STRAIGHT MOVEMENT ANGLE,Rain,WET,Medium,TRAFFIC SIGNAL,NONE DETECTED,Yes,No Apparent Injury,N/A,NOT DISTRACTED,MD,PASSENGER CAR,MOVING CONSTANT SPEED,25,No,2015,MITSUBISHI,LANCER,39.07274333,-77.08679333,2022,5,6
220022064,Injury Crash,05/24/2022 01:02:00 AM,MONTGOMERY VILLAGE AVE,NA,STRAIGHT MOVEMENT ANGLE,Rain,WET,Dark,FLASHING TRAFFIC SIGNAL,NONE DETECTED,No,Possible Minor Injury,"RAIN, SNOW, WET",NOT DISTRACTED,MD,PASSENGER CAR,MOVING CONSTANT SPEED,35,No,2015,HONDA,SD,39.174635,-77.203405,2022,5,1
220022064,Injury Crash,05/24/2022 01:02:00 AM,MONTGOMERY VILLAGE AVE,NA,STRAIGHT MOVEMENT ANGLE,Rain,WET,Dark,FLASHING TRAFFIC SIGNAL,NONE DETECTED,Yes,No Apparent Injury,"RAIN, SNOW, WET",NOT DISTRACTED,MD,PASSENGER CAR,MAKING LEFT TURN,35,No,2021,TOYOTA,SD,39.174635,-77.203405,2022,5,1
220022063,Injury Crash,05/24/2022 01:00:00 AM,COLESVILLE RD,NA,HEAD ON LEFT TURN,Rain,WET,Medium,YIELD SIGN,NONE DETECTED,Yes,No Apparent Injury,"RAIN, SNOW, WET",UNKNOWN,NA,PASSENGER CAR,MOVING CONSTANT SPEED,35,No,2006,TOYOTA,PRIUS,38.99869333,-77.02617,2022,5,1
220022063,Injury Crash,05/24/2022 01:00:00 AM,COLESVILLE RD,NA,HEAD ON LEFT TURN,Rain,WET,Medium,YIELD SIGN,NONE DETECTED,No,Possible Minor Injury,"RAIN, SNOW, WET",NOT DISTRACTED,MD,PASSENGER CAR,MOVING CONSTANT SPEED,35,No,2018,FORD,UT,38.99869333,-77.02617,2022,5,1
220022062,Property Damage Crash,05/24/2022 12:41:00 AM,E RANDOLPH RD,NA,SINGLE VEHICLE,Rain,WET,Medium,NO CONTROLS,NONE DETECTED,Yes,No Apparent Injury,"N/A, RAIN, SNOW",UNKNOWN,NA,PASSENGER CAR,UNKNOWN,35,No,2001,CHEVROLET,CORVETTE,39.06384167,-76.96754,2022,5,0
220022059,Property Damage Crash,05/24/2022 12:10:00 AM,BONIFANT ST,NA,OTHER,Cloudy,DRY,Medium,NO CONTROLS,NONE DETECTED,Yes,No Apparent Injury,N/A,UNKNOWN,MD,PASSENGER CAR,BACKING,25,No,2010,HONDA,ACCORD,38.99391167,-77.02538667,2022,5,0
220022048,Injury Crash,05/23/2022 09:29:00 PM,WASHINGTONIAN BLVD,NA,SINGLE VEHICLE,Rain,WET,Medium,NO CONTROLS,ALCOHOL PRESENT,Yes,Possible Minor Injury,N/A,UNKNOWN,MD,PICKUP TRUCK,UNKNOWN,25,No,2008,FORD,F-150,39.11696068,-77.20130177,2022,5,21
220022044,Injury Crash,05/23/2022 08:50:00 PM,HUNGERFORD DR,NA,SAME DIR REAR END,Rain,WET,Medium,TRAFFIC SIGNAL,NONE DETECTED,No,No Apparent Injury,"SLEET, HAIL, FREEZ. RAIN, WET",NOT DISTRACTED,MD,PASSENGER CAR,STOPPED IN TRAFFIC LANE,40,No,2019,SUBA,SW,39.07997592,-77.13826298,2022,5,20
220022044,Injury Crash,05/23/2022 08:50:00 PM,HUNGERFORD DR,NA,SAME DIR REAR END,Rain,WET,Medium,TRAFFIC SIGNAL,NONE DETECTED,Yes,No Apparent Injury,"SLEET, HAIL, FREEZ. RAIN, WET",NOT DISTRACTED,MD,PASSENGER CAR,MOVING CONSTANT SPEED,40,No,2019,HONDA,CIVIC,39.07997592,-77.13826298,2022,5,20
220022239,Property Damage Crash,05/23/2022 05:30:00 PM,ACORN HOLLOW LA,NA,STRAIGHT MOVEMENT ANGLE,Clear,DRY,Daylight,NO CONTROLS,NONE DETECTED,Yes,No Apparent Injury,N/A,UNKNOWN,NA,VAN,BACKING,25,No,2021,RAM,PROMASTER 3500,39.06861,-77.049955,2022,5,17
220022013,Property Damage Crash,05/23/2022 05:12:00 PM,GEORGIA AVE,NA,SAME DIR REND LEFT TURN,Clear,DRY,Daylight,N/A,NONE DETECTED,No,No Apparent Injury,N/A,NOT DISTRACTED,MD,PASSENGER CAR,STOPPED IN TRAFFIC LANE,35,No,2019,VOLKSWAGON,TIGUAN,39.15651333,-77.06603833,2022,5,17
220022013,Property Damage Crash,05/23/2022 05:12:00 PM,GEORGIA AVE,NA,SAME DIR REND LEFT TURN,Clear,DRY,Daylight,N/A,ALCOHOL PRESENT,Yes,No Apparent Injury,N/A,UNKNOWN,MD,PASSENGER CAR,MOVING CONSTANT SPEED,35,No,2007,VOLVO,S60,39.15651333,-77.06603833,2022,5,17
220022002,Injury Crash,05/23/2022 04:45:00 PM,CLARKSBURG RD,BICYCLIST,OTHER,Clear,DRY,Daylight,NO CONTROLS,NONE DETECTED,No,No Apparent Injury,N/A,NOT DISTRACTED,MD,PASSENGER CAR,MOVING CONSTANT SPEED,30,No,2017,HOND,TK,39.245105,-77.277885,2022,5,16
220021999,Property Damage Crash,05/23/2022 04:38:00 PM,NA,NA,SAME DIR REAR END,Clear,NA,Daylight,NO CONTROLS,NONE DETECTED,Yes,No Apparent Injury,N/A,UNKNOWN,NA,PASSENGER CAR,PARKING,0,No,2009,CHEVY,4D,39.0240175,-77.00952533,2022,5,16
220021989,Injury Crash,05/23/2022 03:56:00 PM,MUDDY BRANCH RD,NA,ANGLE MEETS LEFT HEAD ON,Clear,DRY,Daylight,STOP SIGN,NONE DETECTED,Yes,Possible Minor Injury,N/A,LOOKED BUT DID NOT SEE,MD,PASSENGER CAR,MAKING LEFT TURN,45,No,2009,TOYT,4S,39.123193,-77.215387,2022,5,15
220021989,Injury Crash,05/23/2022 03:56:00 PM,MUDDY BRANCH RD,NA,ANGLE MEETS LEFT HEAD ON,Clear,DRY,Daylight,STOP SIGN,NONE DETECTED,No,Possible Minor Injury,N/A,NOT DISTRACTED,MD,PASSENGER CAR,MOVING CONSTANT SPEED,45,No,2021,HOND,UT,39.123193,-77.215387,2022,5,15
220021977,Injury Crash,05/23/2022 03:15:00 PM,EISENHOWER MEMORIAL HWY,NA,SAME DIR REAR END,Cloudy,DRY,Daylight,NO CONTROLS,NONE DETECTED,No,Possible Minor Injury,N/A,NOT DISTRACTED,MD,PASSENGER CAR,SLOWING OR STOPPING,55,No,2007,MITS,4DS,39.03707901,-77.14484075,2022,5,15
220021977,Injury Crash,05/23/2022 03:15:00 PM,EISENHOWER MEMORIAL HWY,NA,SAME DIR REAR END,Cloudy,DRY,Daylight,NO CONTROLS,NONE DETECTED,Yes,No Apparent Injury,N/A,INATTENTIVE OR LOST IN THOUGHT,MD,VAN,SLOWING OR STOPPING,55,No,2014,CHEV,EXPRESS,39.03707901,-77.14484075,2022,5,15
220021991,Property Damage Crash,05/23/2022 02:49:00 PM,POWDER MILL RD,NA,SINGLE VEHICLE,Clear,DRY,Daylight,NO CONTROLS,NONE DETECTED,Yes,No Apparent Injury,N/A,NOT DISTRACTED,MD,SCHOOL BUS,MOVING CONSTANT SPEED,40,No,2012,IC CORP,BUS,39.02496532,-76.96964485,2022,5,14
220021993,Property Damage Crash,05/23/2022 02:49:00 PM,POWDER MILL RD,NA,SINGLE VEHICLE,Clear,DRY,Daylight,NO CONTROLS,NONE DETECTED,Yes,No Apparent Injury,N/A,LOOKED BUT DID NOT SEE,MD,SCHOOL BUS,MOVING CONSTANT SPEED,40,No,2014,IC,BUS,39.0235549,-76.97366738,2022,5,14
220021971,Injury Crash,05/23/2022 02:41:00 PM,SHADY GROVE RD,NA,SAME DIR REAR END,Clear,DRY,Daylight,TRAFFIC SIGNAL,NONE DETECTED,No,Possible Minor Injury,N/A,NOT DISTRACTED,MD,PASSENGER CAR,SLOWING OR STOPPING,45,No,2022,AUDI,ETRON,39.13658641,-77.15523739,2022,5,14
220021971,Injury Crash,05/23/2022 02:41:00 PM,SHADY GROVE RD,NA,SAME DIR REAR END,Clear,DRY,Daylight,TRAFFIC SIGNAL,NONE DETECTED,Yes,No Apparent Injury,N/A,OTHER DISTRACTION,MD,PASSENGER CAR,SLOWING OR STOPPING,45,No,2012,HONDA,ACCORD,39.13658641,-77.15523739,2022,5,14
220021966,Property Damage Crash,05/23/2022 02:09:00 PM,NA,NA,OTHER,Clear,NA,Daylight,N/A,NONE DETECTED,Yes,No Apparent Injury,N/A,LOOKED BUT DID NOT SEE,MD,SCHOOL BUS,BACKING,15,No,2014,THOMAS,BUS,39.1266015,-77.16470913,2022,5,14
220021952,Property Damage Crash,05/23/2022 01:30:00 PM,GEORGIAN WAY,BICYCLIST,STRAIGHT MOVEMENT ANGLE,Clear,DRY,Daylight,NO CONTROLS,NONE DETECTED,Yes,No Apparent Injury,N/A,LOOKED BUT DID NOT SEE,MD,(SPORT) UTILITY VEHICLE,STARTING FROM LANE,35,No,2017,NISSAN,MERANO,39.054195,-77.05031,2022,5,13
220021954,Property Damage Crash,05/23/2022 01:25:00 PM,OLNEY SANDY SPRING RD,NA,SAME DIR REAR END,Cloudy,DRY,Daylight,TRAFFIC SIGNAL,NONE DETECTED,No,No Apparent Injury,N/A,NOT DISTRACTED,MD,(SPORT) UTILITY VEHICLE,STOPPED IN TRAFFIC LANE,30,No,2013,CADI,UT,39.14929,-77.024815,2022,5,13
220021954,Property Damage Crash,05/23/2022 01:25:00 PM,OLNEY SANDY SPRING RD,NA,SAME DIR REAR END,Cloudy,DRY,Daylight,TRAFFIC SIGNAL,NONE DETECTED,Yes,No Apparent Injury,N/A,UNKNOWN,NA,UNKNOWN,MOVING CONSTANT SPEED,30,No,9999,UNKNOWN,UNKNOWN,39.14929,-77.024815,2022,5,13
220021951,Injury Crash,05/23/2022 01:20:00 PM,OLNEY LAYTONSVILLE RD,NA,SAME DIR REAR END,Clear,DRY,Daylight,NO CONTROLS,NONE DETECTED,No,No Apparent Injury,N/A,NOT DISTRACTED,MD,PASSENGER CAR,STOPPED IN TRAFFIC LANE,40,No,2020,TOYT,SD,39.15939833,-77.07724333,2022,5,13
220021951,Injury Crash,05/23/2022 01:20:00 PM,OLNEY LAYTONSVILLE RD,NA,SAME DIR REAR END,Clear,DRY,Daylight,NO CONTROLS,NONE DETECTED,Yes,Possible Minor Injury,N/A,LOOKED BUT DID NOT SEE,MD,MOTORCYCLE,SKIDDING,40,No,2002,HONDA,CRUISER 1800,39.15939833,-77.07724333,2022,5,13
220021949,Property Damage Crash,05/23/2022 01:03:00 PM,DEMOCRACY BLVD,NA,SINGLE VEHICLE,Clear,DRY,Daylight,NO CONTROLS,NONE DETECTED,Yes,No Apparent Injury,N/A,NOT DISTRACTED,MD,PASSENGER CAR,MOVING CONSTANT SPEED,45,No,2012,DODGE,JOURNEY,39.0237035,-77.18351233,2022,5,13
220021938,Property Damage Crash,05/23/2022 12:20:00 PM,RANDOLPH RD,NA,SAME DIR REAR END,Cloudy,OTHER,Daylight,TRAFFIC SIGNAL,NONE DETECTED,No,No Apparent Injury,N/A,NOT DISTRACTED,MD,PASSENGER CAR,MAKING RIGHT TURN,35,No,2015,HONDA,CRV,39.05571833,-77.08207833,2022,5,12
220021938,Property Damage Crash,05/23/2022 12:20:00 PM,RANDOLPH RD,NA,SAME DIR REAR END,Cloudy,OTHER,Daylight,TRAFFIC SIGNAL,NONE DETECTED,Yes,No Apparent Injury,N/A,OTHER DISTRACTION,MD,VAN,MAKING RIGHT TURN,35,No,2018,DODGE,RAM,39.05571833,-77.08207833,2022,5,12
22000821,Property Damage Crash,05/23/2022 11:30:00 AM,NA,NA,SINGLE VEHICLE,Clear,NA,Daylight,N/A,NONE DETECTED,Yes,No Apparent Injury,N/A,UNKNOWN,MD,PICKUP TRUCK,BACKING,5,No,2013,FORD,TK,39.15072797,-77.14608832,2022,5,11
220021918,Property Damage Crash,05/23/2022 09:02:00 AM,LANIER DR,NA,SAME DIRECTION SIDESWIPE,Cloudy,DRY,Daylight,NO CONTROLS,NONE DETECTED,Yes,No Apparent Injury,N/A,LOOKED BUT DID NOT SEE,DC,PASSENGER CAR,STARTING FROM PARKED,25,No,2016,TOYOTA,COROLLA,39.00096667,-77.046875,2022,5,9
220021918,Property Damage Crash,05/23/2022 09:02:00 AM,LANIER DR,NA,SAME DIRECTION SIDESWIPE,Cloudy,DRY,Daylight,NO CONTROLS,NONE DETECTED,Yes,No Apparent Injury,N/A,LOOKED BUT DID NOT SEE,MD,SCHOOL BUS,MOVING CONSTANT SPEED,25,No,2022,FREIGHTLINER,SCHOOL BUS,39.00096667,-77.046875,2022,5,9
220021906,Injury Crash,05/23/2022 08:50:00 AM,WAYNE AVE,NA,SAME DIRECTION LEFT TURN,Clear,DRY,Daylight,N/A,NONE DETECTED,Yes,No Apparent Injury,N/A,LOOKED BUT DID NOT SEE,MD,PICKUP TRUCK,CHANGING LANES,30,No,2006,CHEVY,TRUCK,38.994395,-77.028725,2022,5,8
220021906,Injury Crash,05/23/2022 08:50:00 AM,WAYNE AVE,NA,SAME DIRECTION LEFT TURN,Clear,DRY,Daylight,N/A,NONE DETECTED,No,Possible Minor Injury,N/A,NOT DISTRACTED,DC,PASSENGER CAR,MOVING CONSTANT SPEED,30,No,2015,HONDA,CIVIC,38.994395,-77.028725,2022,5,8
220021911,Injury Crash,05/23/2022 08:37:00 AM,CONNECTICUT AVE,NA,STRAIGHT MOVEMENT ANGLE,Clear,DRY,Daylight,TRAFFIC SIGNAL,NONE DETECTED,Yes,Possible Minor Injury,N/A,LOOKED BUT DID NOT SEE,MD,PASSENGER CAR,MOVING CONSTANT SPEED,35,No,2018,TOYO,4H,39.03890167,-77.07563,2022,5,8
220021911,Injury Crash,05/23/2022 08:37:00 AM,CONNECTICUT AVE,NA,STRAIGHT MOVEMENT ANGLE,Clear,DRY,Daylight,TRAFFIC SIGNAL,NONE DETECTED,No,Possible Minor Injury,N/A,NOT DISTRACTED,MD,PASSENGER CAR,MOVING CONSTANT SPEED,25,No,2020,TOYO,RAV 4,39.03890167,-77.07563,2022,5,8
220021903,Property Damage Crash,05/23/2022 08:30:00 AM,NA,NA,SINGLE VEHICLE,Clear,NA,Daylight,NO CONTROLS,NONE DETECTED,Yes,No Apparent Injury,N/A,NOT DISTRACTED,MD,SCHOOL BUS,MOVING CONSTANT SPEED,25,No,2011,THOMAS,BUS,39.16334383,-77.25019417,2022,5,8
220021896,Injury Crash,05/23/2022 08:16:00 AM,DALAMAR ST,NA,STRAIGHT MOVEMENT ANGLE,Clear,DRY,Daylight,NO CONTROLS,NONE DETECTED,Yes,No Apparent Injury,N/A,NOT DISTRACTED,MD,PASSENGER CAR,MAKING LEFT TURN,45,No,2019,KIA,SD,39.13521333,-77.18376833,2022,5,8
220021896,Injury Crash,05/23/2022 08:16:00 AM,DALAMAR ST,NA,STRAIGHT MOVEMENT ANGLE,Clear,DRY,Daylight,NO CONTROLS,NONE DETECTED,Yes,Possible Minor Injury,N/A,NOT DISTRACTED,XX,PASSENGER CAR,MOVING CONSTANT SPEED,45,No,2020,CHEV,UT,39.13521333,-77.18376833,2022,5,8
220021897,Injury Crash,05/23/2022 08:15:00 AM,RANDOLPH RD,NA,SAME DIR REAR END,Clear,DRY,Daylight,TRAFFIC SIGNAL,NONE DETECTED,No,Possible Minor Injury,N/A,NOT DISTRACTED,MD,PASSENGER CAR,STOPPED IN TRAFFIC LANE,35,No,2002,TOYOTA,COROLLA,39.05746333,-77.07248,2022,5,8
220021897,Injury Crash,05/23/2022 08:15:00 AM,RANDOLPH RD,NA,SAME DIR REAR END,Clear,DRY,Daylight,TRAFFIC SIGNAL,NONE DETECTED,Yes,No Apparent Injury,N/A,LOOKED BUT DID NOT SEE,MD,(SPORT) UTILITY VEHICLE,SLOWING OR STOPPING,35,No,2014,TOYOTA,HIGHLANDER,39.05746333,-77.07248,2022,5,8
220021888,Injury Crash,05/23/2022 05:32:00 AM,SAM EIG HWY,NA,SINGLE VEHICLE,Clear,DRY,Medium,NO CONTROLS,NONE DETECTED,Yes,Possible Minor Injury,N/A,UNKNOWN,MD,PASSENGER CAR,MOVING CONSTANT SPEED,50,No,2011,TOYOTA,CAMRY,39.11701,-77.20707847,2022,5,5
220021881,Property Damage Crash,05/23/2022 01:38:00 AM,MONTGOMERY VILLAGE AVE,NA,SAME DIR REAR END,Cloudy,DRY,Medium,TRAFFIC SIGNAL,NONE DETECTED,No,No Apparent Injury,N/A,NOT DISTRACTED,MD,PASSENGER CAR,STOPPED IN TRAFFIC LANE,35,No,2018,NISSAN,PATHFINDER,39.15207342,-77.20677398,2022,5,1
220021881,Property Damage Crash,05/23/2022 01:38:00 AM,MONTGOMERY VILLAGE AVE,NA,SAME DIR REAR END,Cloudy,DRY,Medium,TRAFFIC SIGNAL,ALCOHOL PRESENT,Yes,No Apparent Injury,N/A,NOT DISTRACTED,MD,PASSENGER CAR,SLOWING OR STOPPING,35,No,2012,CHEVROLET,MALIBU,39.15207342,-77.20677398,2022,5,1
220021325,Property Damage Crash,05/23/2022 01:00:00 AM,RALPH RD,NA,SAME DIRECTION SIDESWIPE,Clear,DRY,Medium,NO CONTROLS,NONE DETECTED,Yes,No Apparent Injury,N/A,UNKNOWN,MD,PICKUP TRUCK,MOVING CONSTANT SPEED,30,No,2000,NISSAN,FRONTIER,39.07631458,-77.074113,2022,5,1
220021880,Property Damage Crash,05/22/2022 11:00:00 PM,CLARKSBURG RD,NA,SINGLE VEHICLE,Clear,WET,Dark,N/A,NONE DETECTED,Yes,No Apparent Injury,"N/A, WET",NOT DISTRACTED,MD,VAN,SLOWING OR STOPPING,35,No,2015,MERCEDES,SPRINTER,39.26198083,-77.28141383,2022,5,23
220021868,Injury Crash,05/22/2022 08:45:00 PM,MONTGOMERY VILLAGE AVE,NA,STRAIGHT MOVEMENT ANGLE,Rain,WET,Dark,TRAFFIC SIGNAL,NONE DETECTED,Yes,No Apparent Injury,"RAIN, SNOW, WET",UNKNOWN,NA,NA,MAKING LEFT TURN,35,No,0,UNKNOWN,UNKNOWN,39.15457167,-77.20897167,2022,5,20
220021868,Injury Crash,05/22/2022 08:45:00 PM,MONTGOMERY VILLAGE AVE,NA,STRAIGHT MOVEMENT ANGLE,Rain,WET,Dark,TRAFFIC SIGNAL,NONE DETECTED,No,Possible Minor Injury,"RAIN, SNOW, WET",NOT DISTRACTED,MD,PASSENGER CAR,MOVING CONSTANT SPEED,35,No,2017,HYUNDAI,SONATA,39.15457167,-77.20897167,2022,5,20
220021868,Injury Crash,05/22/2022 08:45:00 PM,MONTGOMERY VILLAGE AVE,NA,STRAIGHT MOVEMENT ANGLE,Rain,WET,Dark,TRAFFIC SIGNAL,NONE DETECTED,No,No Apparent Injury,"RAIN, SNOW, WET",NOT DISTRACTED,MD,PASSENGER CAR,MOVING CONSTANT SPEED,35,No,2020,TOYOTA,CAMRY,39.15457167,-77.20897167,2022,5,20
220021867,Property Damage Crash,05/22/2022 08:10:00 PM,UNIVERSITY BLVD E,NA,STRAIGHT MOVEMENT ANGLE,Rain,WET,Medium,N/A,NONE DETECTED,Yes,No Apparent Injury,"RAIN, SNOW, WET",UNKNOWN,MD,PASSENGER CAR,STARTING FROM PARKED,5,No,2013,ACURA,SPORT UTILITY,38.99269067,-76.99206567,2022,5,20
220021867,Property Damage Crash,05/22/2022 08:10:00 PM,UNIVERSITY BLVD E,NA,STRAIGHT MOVEMENT ANGLE,Rain,WET,Medium,N/A,NONE DETECTED,No,No Apparent Injury,"RAIN, SNOW, WET",NOT DISTRACTED,MD,OTHER,PASSING,5,No,2002,TOYOTA,COROLLA,38.99269067,-76.99206567,2022,5,20
220021865,Property Damage Crash,05/22/2022 07:45:00 PM,HAVILAND MILL RD,NA,SINGLE VEHICLE,Rain,WET,Dark,NO CONTROLS,NONE DETECTED,Unknown,No Apparent Injury,"RAIN, SNOW, WET",UNKNOWN,MD,PASSENGER CAR,MOVING CONSTANT SPEED,30,No,2009,TOYOTA,CAMRY,39.17415422,-77.02066351,2022,5,19
220021855,Injury Crash,05/22/2022 06:29:00 PM,UNIVERSITY BLVD W,NA,SAME DIR REAR END,Cloudy,DRY,Daylight,TRAFFIC SIGNAL,NONE DETECTED,Yes,No Apparent Injury,N/A,NOT DISTRACTED,MD,PASSENGER CAR,MOVING CONSTANT SPEED,35,No,2001,FORD,F350,39.04131,-77.04902,2022,5,18
220021855,Injury Crash,05/22/2022 06:29:00 PM,UNIVERSITY BLVD W,NA,SAME DIR REAR END,Cloudy,DRY,Daylight,TRAFFIC SIGNAL,NONE DETECTED,No,No Apparent Injury,N/A,NOT DISTRACTED,MD,PASSENGER CAR,SLOWING OR STOPPING,35,No,2016,HYUNDAI,ELANTRA,39.04131,-77.04902,2022,5,18
220021858,Injury Crash,05/22/2022 06:11:00 PM,EISENHOWER MEMORIAL HWY,NA,SAME DIR REAR END,Rain,WET,Medium,N/A,ALCOHOL PRESENT,Yes,No Apparent Injury,"RAIN, SNOW, WET",UNKNOWN,MD,PASSENGER CAR,MOVING CONSTANT SPEED,55,No,2007,NISSAN,TRUCK,39.13219667,-77.20762333,2022,5,18
220021858,Injury Crash,05/22/2022 06:11:00 PM,EISENHOWER MEMORIAL HWY,NA,SAME DIR REAR END,Rain,WET,Medium,N/A,NONE DETECTED,No,Possible Minor Injury,"RAIN, SNOW, WET",NOT DISTRACTED,MD,PASSENGER CAR,MOVING CONSTANT SPEED,55,No,2019,KIA,4S,39.13219667,-77.20762333,2022,5,18
220021859,Property Damage Crash,05/22/2022 05:57:00 PM,NEWELL ST,NA,SINGLE VEHICLE,Clear,WET,Daylight,NO CONTROLS,ALCOHOL PRESENT,Yes,No Apparent Injury,"N/A, WET",INATTENTIVE OR LOST IN THOUGHT,MD,PASSENGER CAR,MOVING CONSTANT SPEED,30,No,2018,TOYOTA,SD,38.98910019,-77.02966182,2022,5,17
220021854,Injury Crash,05/22/2022 05:54:00 PM,ROCKVILLE PIKE,NA,SAME DIR REAR END,Cloudy,DRY,Daylight,NO CONTROLS,NONE DETECTED,Yes,No Apparent Injury,N/A,NOT DISTRACTED,MD,PASSENGER CAR,SLOWING OR STOPPING,35,No,2007,TOYT,CAMRY,39.07103802,-77.1320532,2022,5,17
220021854,Injury Crash,05/22/2022 05:54:00 PM,ROCKVILLE PIKE,NA,SAME DIR REAR END,Cloudy,DRY,Daylight,NO CONTROLS,NONE DETECTED,No,No Apparent Injury,N/A,NOT DISTRACTED,TX,(SPORT) UTILITY VEHICLE,MOVING CONSTANT SPEED,35,No,2021,FORD,EXP,39.07103802,-77.1320532,2022,5,17
220021854,Injury Crash,05/22/2022 05:54:00 PM,ROCKVILLE PIKE,NA,SAME DIR REAR END,Cloudy,DRY,Daylight,NO CONTROLS,NONE DETECTED,No,Possible Minor Injury,N/A,NOT DISTRACTED,MD,PASSENGER CAR,SLOWING OR STOPPING,35,No,2019,FORD,4H,39.07103802,-77.1320532,2022,5,17
220021844,Property Damage Crash,05/22/2022 05:15:00 PM,RIDGE RD,NA,STRAIGHT MOVEMENT ANGLE,Rain,WET,Daylight,STOP SIGN,NONE DETECTED,No,No Apparent Injury,"RAIN, SNOW, WET",NOT DISTRACTED,MD,PASSENGER CAR,MOVING CONSTANT SPEED,40,No,2005,TOYT,SIENNA,39.24741167,-77.23400167,2022,5,17
220021844,Property Damage Crash,05/22/2022 05:15:00 PM,RIDGE RD,NA,STRAIGHT MOVEMENT ANGLE,Rain,WET,Daylight,STOP SIGN,NONE DETECTED,Yes,No Apparent Injury,"RAIN, SNOW, WET",LOOKED BUT DID NOT SEE,MD,PASSENGER CAR,MAKING LEFT TURN,40,No,2019,CADI,XT5,39.24741167,-77.23400167,2022,5,17
220021864,Injury Crash,05/22/2022 05:00:00 PM,CENTERWAY RD,NA,STRAIGHT MOVEMENT ANGLE,Rain,WET,Dark,STOP SIGN,NONE DETECTED,Yes,Possible Minor Injury,"N/A, RAIN, SNOW",LOOKED BUT DID NOT SEE,MD,PASSENGER CAR,MAKING LEFT TURN,35,No,1998,CHEVY,MALIBU,39.17624167,-77.17799,2022,5,17
220021864,Injury Crash,05/22/2022 05:00:00 PM,CENTERWAY RD,NA,STRAIGHT MOVEMENT ANGLE,Rain,WET,Dark,STOP SIGN,NONE DETECTED,No,Possible Minor Injury,"N/A, RAIN, SNOW",NOT DISTRACTED,MD,PICKUP TRUCK,MOVING CONSTANT SPEED,35,No,1997,DODGE,PICKUP,39.17624167,-77.17799,2022,5,17
220022118,Property Damage Crash,05/22/2022 03:19:00 PM,NA,NA,SINGLE VEHICLE,Clear,NA,Daylight,N/A,NONE DETECTED,Yes,No Apparent Injury,N/A,UNKNOWN,NA,PICKUP TRUCK,MOVING CONSTANT SPEED,0,No,2005,DODGE,TK,39.14492302,-77.19398107,2022,5,15
220021835,Injury Crash,05/22/2022 03:15:00 PM,GEORGIA AVE,PEDESTRIAN,HEAD ON LEFT TURN,Clear,DRY,Daylight,PERSON,NONE DETECTED,Yes,No Apparent Injury,N/A,LOOKED BUT DID NOT SEE,MD,PASSENGER CAR,MAKING LEFT TURN,25,No,2017,CHEV,SUV,39.04295333,-77.05214333,2022,5,15
220021828,Injury Crash,05/22/2022 02:00:00 PM,RUSSELL AVE,NA,STRAIGHT MOVEMENT ANGLE,Clear,DRY,Daylight,TRAFFIC SIGNAL,NONE DETECTED,No,Possible Minor Injury,N/A,NOT DISTRACTED,MD,PASSENGER CAR,ACCELERATING,25,No,2010,FORD,FUSION,39.157779,-77.21366267,2022,5,14
220021828,Injury Crash,05/22/2022 02:00:00 PM,RUSSELL AVE,NA,STRAIGHT MOVEMENT ANGLE,Clear,DRY,Daylight,TRAFFIC SIGNAL,NONE DETECTED,Yes,Possible Minor Injury,N/A,NOT DISTRACTED,MD,VAN,MOVING CONSTANT SPEED,30,No,2017,NISSAN,NV200,39.157779,-77.21366267,2022,5,14
220021815,Injury Crash,05/22/2022 11:55:00 AM,DARNESTOWN RD,NA,SAME DIR REAR END,Clear,DRY,Daylight,NO CONTROLS,NONE DETECTED,No,No Apparent Injury,N/A,NOT DISTRACTED,MD,PASSENGER CAR,STOPPED IN TRAFFIC LANE,50,No,2001,JEEP,CHEROKEE,39.13081333,-77.34643,2022,5,11
220021815,Injury Crash,05/22/2022 11:55:00 AM,DARNESTOWN RD,NA,SAME DIR REAR END,Clear,DRY,Daylight,NO CONTROLS,NONE DETECTED,Yes,Suspected Serious Injury,N/A,NOT DISTRACTED,MD,MOTORCYCLE,MOVING CONSTANT SPEED,50,No,2021,KAWASAKI,NINJA SP,39.13081333,-77.34643,2022,5,11
220021810,Property Damage Crash,05/22/2022 11:43:00 AM,FREDERICK RD,NA,SAME DIR REAR END,Clear,DRY,Daylight,TRAFFIC SIGNAL,NONE DETECTED,No,No Apparent Injury,N/A,NOT DISTRACTED,MD,PASSENGER CAR,MAKING RIGHT TURN,40,No,2020,MERZ,450E,39.12286517,-77.177075,2022,5,11