Local Case Number,ACRS Report Type,Crash Date/Time,Road Name,Related Non-Motorist,Collision Type,Weather,Surface Condition,Light,Traffic Control,Driver Substance Abuse,Driver At Fault,Injury Severity,Circumstance,Driver Distracted By,Drivers License State,Vehicle Body Type,Vehicle Movement,Speed Limit,Driverless Vehicle,Vehicle Year,Vehicle Make,Vehicle Model,Latitude,Longitude,Year,Month,Hour
220021583,Injury Crash,05/20/2022 06:40:00 PM,MIDDLEBROOK RD,PEDESTRIAN,OTHER,Clear,DRY,Daylight,OTHER,NONE DETECTED,No,No Apparent Injury,N/A,NOT DISTRACTED,MD,(SPORT) UTILITY VEHICLE,MOVING CONSTANT SPEED,35,No,2013,NISSAN,MURANO,39.18164167,-77.26942333,2022,5,18
220021599,Property Damage Crash,05/20/2022 05:08:00 PM,ROCKVILLE PIKE,NA,SAME DIR REAR END,Clear,DRY,Daylight,TRAFFIC SIGNAL,NONE DETECTED,Yes,No Apparent Injury,N/A,LOOKED BUT DID NOT SEE,XX,PASSENGER CAR,MOVING CONSTANT SPEED,35,No,1996,NISSAN,MAXIMA,38.99693785,-77.09586065,2022,5,17
220021599,Property Damage Crash,05/20/2022 05:08:00 PM,ROCKVILLE PIKE,NA,SAME DIR REAR END,Clear,DRY,Daylight,TRAFFIC SIGNAL,NONE DETECTED,No,No Apparent Injury,N/A,NOT DISTRACTED,MD,PASSENGER CAR,STOPPED IN TRAFFIC LANE,35,No,2022,PORSCHE,TAYCAN,38.99693785,-77.09586065,2022,5,17
220021564,Injury Crash,05/20/2022 05:00:00 PM,NEW HAMPSHIRE AVE,NA,HEAD ON LEFT TURN,Clear,DRY,Daylight,TRAFFIC SIGNAL,NONE DETECTED,Yes,No Apparent Injury,N/A,NOT DISTRACTED,MD,PASSENGER CAR,MAKING LEFT TURN,30,No,2012,TOYOTA,CAMRY,39.00678676,-76.9804333,2022,5,17
220021564,Injury Crash,05/20/2022 05:00:00 PM,NEW HAMPSHIRE AVE,NA,HEAD ON LEFT TURN,Clear,DRY,Daylight,TRAFFIC SIGNAL,NONE DETECTED,No,Possible Minor Injury,N/A,NOT DISTRACTED,GU,PASSENGER CAR,MOVING CONSTANT SPEED,30,No,2021,HONDA,ACCORD,39.00678676,-76.9804333,2022,5,17
220021557,Property Damage Crash,05/20/2022 04:19:00 PM,NA,NA,SAME DIRECTION SIDESWIPE,Clear,NA,Daylight,N/A,NONE DETECTED,Yes,No Apparent Injury,N/A,UNKNOWN,WI,PASSENGER CAR,PARKING,0,No,2010,HONDA,FIT,39.02377833,-77.14860833,2022,5,16
220021557,Property Damage Crash,05/20/2022 04:19:00 PM,NA,NA,SAME DIRECTION SIDESWIPE,Clear,NA,Daylight,N/A,NONE DETECTED,No,No Apparent Injury,N/A,NOT DISTRACTED,MD,PASSENGER CAR,PARKED,0,No,2014,BMW,X3,39.02377833,-77.14860833,2022,5,16
220021544,Property Damage Crash,05/20/2022 03:45:00 PM,GEORGIA AVE,NA,SAME DIRECTION SIDESWIPE,Clear,DRY,Daylight,TRAFFIC SIGNAL,NONE DETECTED,No,No Apparent Injury,N/A,NOT DISTRACTED,MD,SCHOOL BUS,STOPPED IN TRAFFIC LANE,30,No,2018,FRHT,BU,39.01316579,-77.04179059,2022,5,15
220021544,Property Damage Crash,05/20/2022 03:45:00 PM,GEORGIA AVE,NA,SAME DIRECTION SIDESWIPE,Clear,DRY,Daylight,TRAFFIC SIGNAL,NONE DETECTED,Yes,No Apparent Injury,N/A,UNKNOWN,NA,UNKNOWN,UNKNOWN,30,No,0,UNKNOWN,UNKNOWN,39.01316579,-77.04179059,2022,5,15
220021543,Property Damage Crash,05/20/2022 03:32:00 PM,MONTROSE PKWY,NA,STRAIGHT MOVEMENT ANGLE,Clear,DRY,Daylight,TRAFFIC SIGNAL,NONE DETECTED,Yes,No Apparent Injury,N/A,LOOKED BUT DID NOT SEE,MD,PASSENGER CAR,MAKING LEFT TURN,35,No,2022,MINI,COOPER,39.05091307,-77.12615828,2022,5,15
220021543,Property Damage Crash,05/20/2022 03:32:00 PM,MONTROSE PKWY,NA,STRAIGHT MOVEMENT ANGLE,Clear,DRY,Daylight,TRAFFIC SIGNAL,NONE DETECTED,No,No Apparent Injury,N/A,NOT DISTRACTED,MD,PASSENGER CAR,MOVING CONSTANT SPEED,35,No,2022,LEXUS,ES300H,39.05091307,-77.12615828,2022,5,15
220021540,Property Damage Crash,05/20/2022 01:25:00 PM,HUNGERFORD DR,NA,SAME DIR REAR END,Clear,DRY,Daylight,TRAFFIC SIGNAL,NONE DETECTED,Yes,No Apparent Injury,N/A,UNKNOWN,MD,PASSENGER CAR,SLOWING OR STOPPING,35,No,2020,TOYOTA,TACOMA,39.1064508,-77.15824925,2022,5,13
220021540,Property Damage Crash,05/20/2022 01:25:00 PM,HUNGERFORD DR,NA,SAME DIR REAR END,Clear,DRY,Daylight,TRAFFIC SIGNAL,NONE DETECTED,No,No Apparent Injury,N/A,NOT DISTRACTED,MD,PASSENGER CAR,STOPPED IN TRAFFIC LANE,35,No,2020,HYUNDAI,TK,39.1064508,-77.15824925,2022,5,13
22000797,Property Damage Crash,05/20/2022 01:20:00 PM,GEORGIA AVE,NA,SAME DIR REAR END,Clear,DRY,Daylight,TRAFFIC SIGNAL,NONE DETECTED,Yes,No Apparent Injury,N/A,UNKNOWN,MD,NA,PASSING,30,No,0,UNKNOWN,UNKNOWN,39.0130745,-77.0419341,2022,5,13
22000797,Property Damage Crash,05/20/2022 01:20:00 PM,GEORGIA AVE,NA,SAME DIR REAR END,Clear,DRY,Daylight,TRAFFIC SIGNAL,NONE DETECTED,No,No Apparent Injury,N/A,NOT DISTRACTED,MD,"CARGO VAN/LIGHT TRUCK 2 AXLES (OVER 10,000LBS (4,536 KG))",PARKED,30,No,2017,FORD,TK,39.0130745,-77.0419341,2022,5,13
220021513,Property Damage Crash,05/20/2022 12:32:00 PM,SEVEN LOCKS RD,NA,STRAIGHT MOVEMENT ANGLE,Clear,DRY,Daylight,NO CONTROLS,NONE DETECTED,Yes,No Apparent Injury,N/A,LOOKED BUT DID NOT SEE,MD,PASSENGER CAR,MAKING LEFT TURN,35,No,2020,MAZDA,MAZDA3,39.02839333,-77.161895,2022,5,12
220021513,Property Damage Crash,05/20/2022 12:32:00 PM,SEVEN LOCKS RD,NA,STRAIGHT MOVEMENT ANGLE,Clear,DRY,Daylight,NO CONTROLS,NONE DETECTED,No,No Apparent Injury,N/A,NOT DISTRACTED,OH,PASSENGER CAR,MOVING CONSTANT SPEED,35,No,2012,TOYOTA,RAV4,39.02839333,-77.161895,2022,5,12
220021504,Property Damage Crash,05/20/2022 11:58:00 AM,GEORGIA AVE,NA,SAME DIR REAR END,Clear,DRY,Daylight,NO CONTROLS,NONE DETECTED,No,No Apparent Injury,N/A,NOT DISTRACTED,MD,"CARGO VAN/LIGHT TRUCK 2 AXLES (OVER 10,000LBS (4,536 KG))",SLOWING OR STOPPING,35,No,2010,CHEVY,EXPRESS,39.03014667,-77.04734333,2022,5,11
220021504,Property Damage Crash,05/20/2022 11:58:00 AM,GEORGIA AVE,NA,SAME DIR REAR END,Clear,DRY,Daylight,NO CONTROLS,NONE DETECTED,Yes,No Apparent Injury,N/A,LOOKED BUT DID NOT SEE,MD,PASSENGER CAR,SLOWING OR STOPPING,35,No,2012,MERCEDES,GL,39.03014667,-77.04734333,2022,5,11
220021491,Property Damage Crash,05/20/2022 11:21:00 AM,16TH ST,NA,SAME DIR REAR END,Cloudy,DRY,Daylight,TRAFFIC SIGNAL,NONE DETECTED,No,No Apparent Injury,N/A,NOT DISTRACTED,DC,(SPORT) UTILITY VEHICLE,SLOWING OR STOPPING,35,No,2022,ACURA,MDX,38.99629667,-77.03634833,2022,5,11
220021491,Property Damage Crash,05/20/2022 11:21:00 AM,16TH ST,NA,SAME DIR REAR END,Cloudy,DRY,Daylight,TRAFFIC SIGNAL,NONE DETECTED,Yes,No Apparent Injury,N/A,NOT DISTRACTED,VA,PASSENGER CAR,SLOWING OR STOPPING,35,No,2016,TOYOTA,COROLLA,38.99629667,-77.03634833,2022,5,11
220021495,Property Damage Crash,05/20/2022 09:30:00 AM,NA,NA,SINGLE VEHICLE,Clear,NA,Daylight,N/A,NONE DETECTED,Yes,No Apparent Injury,N/A,NOT DISTRACTED,MD,POLICE VEHICLE/NON EMERGENCY,BACKING,25,No,2018,DODGE,CHARGER,39.238289,-77.2786955,2022,5,9
220021464,Property Damage Crash,05/20/2022 09:02:00 AM,NA,NA,SINGLE VEHICLE,Clear,NA,Daylight,N/A,NONE DETECTED,Yes,No Apparent Injury,N/A,NOT DISTRACTED,MD,"CARGO VAN/LIGHT TRUCK 2 AXLES (OVER 10,000LBS (4,536 KG))",SLOWING OR STOPPING,15,No,2008,FREIGHTLINER,M2,39.1846,-77.26307333,2022,5,9
220021527,Property Damage Crash,05/20/2022 08:30:00 AM,FREDERICK RD,NA,SAME DIR REAR END,Clear,DRY,Daylight,TRAFFIC SIGNAL,NONE DETECTED,Yes,No Apparent Injury,N/A,NOT DISTRACTED,NA,PASSENGER CAR,SLOWING OR STOPPING,40,No,2017,TOYOTA,SEDAN,39.08366,-77.15344833,2022,5,8
220021527,Property Damage Crash,05/20/2022 08:30:00 AM,FREDERICK RD,NA,SAME DIR REAR END,Clear,DRY,Daylight,TRAFFIC SIGNAL,NONE DETECTED,No,No Apparent Injury,N/A,NOT DISTRACTED,MD,PASSENGER CAR,SLOWING OR STOPPING,40,No,2010,JEEP,WRANGLER,39.08366,-77.15344833,2022,5,8
220021465,Property Damage Crash,05/20/2022 07:55:00 AM,DARNESTOWN RD,NA,SAME DIR REAR END,Clear,DRY,Daylight,TRAFFIC SIGNAL,NONE DETECTED,No,No Apparent Injury,N/A,NOT DISTRACTED,NA,PASSENGER CAR,STOPPED IN TRAFFIC LANE,40,No,2009,ACURA,TK,39.09313169,-77.19614559,2022,5,7
220021465,Property Damage Crash,05/20/2022 07:55:00 AM,DARNESTOWN RD,NA,SAME DIR REAR END,Clear,DRY,Daylight,TRAFFIC SIGNAL,NONE DETECTED,Yes,No Apparent Injury,N/A,LOOKED BUT DID NOT SEE,MD,PASSENGER CAR,STARTING FROM LANE,40,No,2008,CHEVROLET,UPLANDER,39.09313169,-77.19614559,2022,5,7
220021460,Property Damage Crash,05/20/2022 07:45:00 AM,OLD GEORGETOWN RD,NA,SAME DIRECTION SIDESWIPE,Clear,DRY,Daylight,TRAFFIC SIGNAL,NONE DETECTED,No,No Apparent Injury,N/A,NOT DISTRACTED,MD,TRANSIT BUS,STARTING FROM LANE,30,No,2017,GILLIG,40 DIESEL,39.0102975,-77.1148405,2022,5,7
220021460,Property Damage Crash,05/20/2022 07:45:00 AM,OLD GEORGETOWN RD,NA,SAME DIRECTION SIDESWIPE,Clear,DRY,Daylight,TRAFFIC SIGNAL,NONE DETECTED,Yes,No Apparent Injury,N/A,NOT DISTRACTED,MD,PASSENGER CAR,STARTING FROM LANE,30,No,2008,TOYOTA,CAMRY,39.0102975,-77.1148405,2022,5,7
220021452,Property Damage Crash,05/20/2022 04:40:00 AM,GEORGIA AVE,NA,STRAIGHT MOVEMENT ANGLE,Clear,DRY,Medium,FLASHING TRAFFIC SIGNAL,NONE DETECTED,Yes,No Apparent Injury,N/A,NOT DISTRACTED,MD,(SPORT) UTILITY VEHICLE,MOVING CONSTANT SPEED,45,No,2014,JEEP,PATRIOT,39.12611667,-77.07206333,2022,5,4
220021452,Property Damage Crash,05/20/2022 04:40:00 AM,GEORGIA AVE,NA,STRAIGHT MOVEMENT ANGLE,Clear,DRY,Medium,FLASHING TRAFFIC SIGNAL,NONE DETECTED,No,No Apparent Injury,N/A,NOT DISTRACTED,MD,PASSENGER CAR,MOVING CONSTANT SPEED,45,No,2014,BMW,325I,39.12611667,-77.07206333,2022,5,4
220021434,Injury Crash,05/19/2022 11:27:00 PM,ROCKVILLE PIKE,NA,SINGLE VEHICLE,Clear,DRY,Medium,NO CONTROLS,NONE DETECTED,Yes,Suspected Serious Injury,N/A,UNKNOWN,CO,PASSENGER CAR,MOVING CONSTANT SPEED,40,No,2010,NISSAN,ALTIMA,39.05800333,-77.12037,2022,5,23
220021420,Injury Crash,05/19/2022 09:12:00 PM,GEORGIA AVE,NA,STRAIGHT MOVEMENT ANGLE,Clear,DRY,Medium,TRAFFIC SIGNAL,NONE DETECTED,Yes,No Apparent Injury,N/A,NOT DISTRACTED,MD,PASSENGER CAR,MOVING CONSTANT SPEED,30,No,2009,DODGE,CHALLENGER,39.22151762,-77.05985831,2022,5,21
220021420,Injury Crash,05/19/2022 09:12:00 PM,GEORGIA AVE,NA,STRAIGHT MOVEMENT ANGLE,Clear,DRY,Medium,TRAFFIC SIGNAL,NONE DETECTED,No,No Apparent Injury,N/A,NOT DISTRACTED,MD,PICKUP TRUCK,MOVING CONSTANT SPEED,30,No,2012,TOYOTA,TACOMA,39.22151762,-77.05985831,2022,5,21
220021416,Property Damage Crash,05/19/2022 08:23:00 PM,MUDDY BRANCH RD,NA,SAME DIR REAR END,Clear,DRY,Dark,NO CONTROLS,NONE DETECTED,No,No Apparent Injury,N/A,NOT DISTRACTED,MD,PASSENGER CAR,STOPPED IN TRAFFIC LANE,40,No,2021,MAZD,UT,39.1375993,-77.20553133,2022,5,20
220021416,Property Damage Crash,05/19/2022 08:23:00 PM,MUDDY BRANCH RD,NA,SAME DIR REAR END,Clear,DRY,Dark,NO CONTROLS,NONE DETECTED,Yes,No Apparent Injury,N/A,UNKNOWN,MD,PASSENGER CAR,MOVING CONSTANT SPEED,40,No,2005,LEXS,4S,39.1375993,-77.20553133,2022,5,20
220021411,Property Damage Crash,05/19/2022 07:40:00 PM,EISENHOWER MEMORIAL HWY,NA,SAME DIR BOTH LEFT TURN,Clear,DRY,Daylight,TRAFFIC SIGNAL,NONE DETECTED,No,No Apparent Injury,N/A,NOT DISTRACTED,MD,PICKUP TRUCK,MOVING CONSTANT SPEED,55,No,2013,CHEV,SILVERADO,39.031345,-77.1317,2022,5,19
220021411,Property Damage Crash,05/19/2022 07:40:00 PM,EISENHOWER MEMORIAL HWY,NA,SAME DIR BOTH LEFT TURN,Clear,DRY,Daylight,TRAFFIC SIGNAL,NONE DETECTED,Yes,No Apparent Injury,N/A,LOOKED BUT DID NOT SEE,MD,PASSENGER CAR,CHANGING LANES,55,No,2020,TOYOT,COROLLA,39.031345,-77.1317,2022,5,19
220021410,Property Damage Crash,05/19/2022 07:40:00 PM,NA,NA,OTHER,Clear,NA,Daylight,N/A,NONE DETECTED,No,No Apparent Injury,N/A,NOT DISTRACTED,MD,PASSENGER CAR,PARKED,15,No,2013,LEXUS,ES300,39.08588,-77.15249333,2022,5,19
220021410,Property Damage Crash,05/19/2022 07:40:00 PM,NA,NA,OTHER,Clear,NA,Daylight,N/A,ALCOHOL PRESENT,Yes,No Apparent Injury,N/A,LOOKED BUT DID NOT SEE,MD,(SPORT) UTILITY VEHICLE,PARKING,15,No,2022,HYUNDAI,PALISADES,39.08588,-77.15249333,2022,5,19
220021412,Property Damage Crash,05/19/2022 07:16:00 PM,GEORGIA AVE,NA,SAME DIR REAR END,Clear,DRY,Daylight,NO CONTROLS,NONE DETECTED,No,No Apparent Injury,N/A,NOT DISTRACTED,VA,POLICE VEHICLE/EMERGENCY,STOPPED IN TRAFFIC LANE,40,No,2021,HYUNDAI,KONA,39.127248,-77.07171017,2022,5,19
220021412,Property Damage Crash,05/19/2022 07:16:00 PM,GEORGIA AVE,NA,SAME DIR REAR END,Clear,DRY,Daylight,NO CONTROLS,NONE DETECTED,Yes,No Apparent Injury,N/A,UNKNOWN,MD,VAN,MOVING CONSTANT SPEED,40,No,1997,DODGE,RAM VAN,39.127248,-77.07171017,2022,5,19
220021397,Injury Crash,05/19/2022 06:10:00 PM,W MONTGOMERY AVE,NA,SAME DIR REAR END,Clear,DRY,Daylight,TRAFFIC SIGNAL,NONE DETECTED,Yes,No Apparent Injury,N/A,UNKNOWN,VA,PASSENGER CAR,MOVING CONSTANT SPEED,45,No,2015,BMW,535,39.08701592,-77.17616351,2022,5,18
220021397,Injury Crash,05/19/2022 06:10:00 PM,W MONTGOMERY AVE,NA,SAME DIR REAR END,Clear,DRY,Daylight,TRAFFIC SIGNAL,NONE DETECTED,No,Possible Minor Injury,N/A,NOT DISTRACTED,MD,(SPORT) UTILITY VEHICLE,SLOWING OR STOPPING,45,No,2019,TOYOTA,RAV 4,39.08701592,-77.17616351,2022,5,18
220021379,Injury Crash,05/19/2022 04:25:00 PM,FERNWOOD RD,NA,SAME DIR REAR END,Clear,DRY,Daylight,N/A,NONE DETECTED,No,No Apparent Injury,N/A,NOT DISTRACTED,MD,VAN,STOPPED IN TRAFFIC LANE,35,No,2019,HOND,TK,39.01388167,-77.13325667,2022,5,16
220021379,Injury Crash,05/19/2022 04:25:00 PM,FERNWOOD RD,NA,SAME DIR REAR END,Clear,DRY,Daylight,N/A,NONE DETECTED,No,Possible Minor Injury,N/A,NOT DISTRACTED,MD,PASSENGER CAR,STOPPED IN TRAFFIC LANE,35,No,2015,HYUN,GENESIS,39.01388167,-77.13325667,2022,5,16
220021379,Injury Crash,05/19/2022 04:25:00 PM,FERNWOOD RD,NA,SAME DIR REAR END,Clear,DRY,Daylight,N/A,NONE DETECTED,Yes,No Apparent Injury,N/A,NOT DISTRACTED,MD,(SPORT) UTILITY VEHICLE,SLOWING OR STOPPING,35,No,2008,JEEP,LIBERTY,39.01388167,-77.13325667,2022,5,16
220021380,Property Damage Crash,05/19/2022 04:15:00 PM,HUNGERFORD DR,NA,STRAIGHT MOVEMENT ANGLE,Clear,DRY,Daylight,TRAFFIC SIGNAL,NONE DETECTED,No,No Apparent Injury,N/A,NOT DISTRACTED,MD,PASSENGER CAR,ACCELERATING,35,No,2019,HONDA,PASSPORT,39.0917448,-77.15328015,2022,5,16
220021380,Property Damage Crash,05/19/2022 04:15:00 PM,HUNGERFORD DR,NA,STRAIGHT MOVEMENT ANGLE,Clear,DRY,Daylight,TRAFFIC SIGNAL,NONE DETECTED,Yes,No Apparent Injury,N/A,INATTENTIVE OR LOST IN THOUGHT,MD,PASSENGER CAR,MAKING LEFT TURN,35,No,2005,DODG,TK,39.0917448,-77.15328015,2022,5,16
220021370,Property Damage Crash,05/19/2022 03:50:00 PM,KEY WEST AVE,NA,SAME DIR REAR END,Clear,DRY,Daylight,TRAFFIC SIGNAL,NONE DETECTED,No,No Apparent Injury,N/A,NOT DISTRACTED,MD,PASSENGER CAR,STOPPED IN TRAFFIC LANE,40,No,2017,MAZD,CX3,39.10529,-77.19586167,2022,5,15
220021370,Property Damage Crash,05/19/2022 03:50:00 PM,KEY WEST AVE,NA,SAME DIR REAR END,Clear,DRY,Daylight,TRAFFIC SIGNAL,NONE DETECTED,Yes,No Apparent Injury,N/A,UNKNOWN,MD,"OTHER LIGHT TRUCKS (10,000LBS (4,536KG) OR LESS)",SLOWING OR STOPPING,40,No,2017,RAM,TK,39.10529,-77.19586167,2022,5,15
220021370,Property Damage Crash,05/19/2022 03:50:00 PM,KEY WEST AVE,NA,SAME DIR REAR END,Clear,DRY,Daylight,TRAFFIC SIGNAL,NONE DETECTED,No,No Apparent Injury,N/A,NOT DISTRACTED,MD,PASSENGER CAR,SLOWING OR STOPPING,40,No,2020,HOND,CIVIC SD,39.10529,-77.19586167,2022,5,15
220021367,Injury Crash,05/19/2022 03:45:00 PM,COLUMBIA PIKE,NA,STRAIGHT MOVEMENT ANGLE,Clear,DRY,Daylight,TRAFFIC SIGNAL,NONE DETECTED,No,Possible Minor Injury,N/A,NOT DISTRACTED,MD,PASSENGER CAR,MAKING LEFT TURN,50,No,2017,TOYT,PK,39.04748883,-76.985596,2022,5,15
220021367,Injury Crash,05/19/2022 03:45:00 PM,COLUMBIA PIKE,NA,STRAIGHT MOVEMENT ANGLE,Clear,DRY,Daylight,TRAFFIC SIGNAL,NONE DETECTED,Yes,No Apparent Injury,N/A,NOT DISTRACTED,MD,PASSENGER CAR,MOVING CONSTANT SPEED,50,No,2002,HONDA,CRV,39.04748883,-76.985596,2022,5,15
220021375,Property Damage Crash,05/19/2022 03:35:00 PM,WILLARD AVE,NA,SAME DIR REAR END,Clear,DRY,Daylight,TRAFFIC SIGNAL,NONE DETECTED,No,No Apparent Injury,N/A,NOT DISTRACTED,MD,PASSENGER CAR,STOPPED IN TRAFFIC LANE,0,No,2017,FORD,ESCAPE,38.96172512,-77.0866416,2022,5,15
220021375,Property Damage Crash,05/19/2022 03:35:00 PM,WILLARD AVE,NA,SAME DIR REAR END,Clear,DRY,Daylight,TRAFFIC SIGNAL,NONE DETECTED,Yes,No Apparent Injury,N/A,UNKNOWN,VA,PASSENGER CAR,STARTING FROM LANE,25,No,2021,PORS,TAYCAN,38.96172512,-77.0866416,2022,5,15
220021343,Property Damage Crash,05/19/2022 01:47:00 PM,GEORGIA AVE,NA,SAME DIR REAR END,Clear,DRY,Daylight,TRAFFIC SIGNAL,NONE DETECTED,No,No Apparent Injury,N/A,NOT DISTRACTED,MD,PASSENGER CAR,MOVING CONSTANT SPEED,45,No,2011,NISSAN,SENTRA,39.10140679,-77.07664977,2022,5,13
220021343,Property Damage Crash,05/19/2022 01:47:00 PM,GEORGIA AVE,NA,SAME DIR REAR END,Clear,DRY,Daylight,TRAFFIC SIGNAL,NONE DETECTED,Yes,No Apparent Injury,N/A,UNKNOWN,MD,PASSENGER CAR,ENTERING TRAFFIC LANE,45,No,2020,KIA,TK,39.10140679,-77.07664977,2022,5,13
220021345,Injury Crash,05/19/2022 01:44:00 PM,CRABBS BRANCH WAY,OTHER,STRAIGHT MOVEMENT ANGLE,Clear,DRY,Daylight,TRAFFIC SIGNAL,NONE DETECTED,No,No Apparent Injury,N/A,NOT DISTRACTED,MD,PASSENGER CAR,ACCELERATING,35,No,2017,TOYOTA,YARIS,39.1232285,-77.15694217,2022,5,13
220021339,Injury Crash,05/19/2022 01:18:00 PM,WOODFIELD RD,NA,HEAD ON LEFT TURN,Clear,DRY,Daylight,TRAFFIC SIGNAL,NONE DETECTED,Yes,No Apparent Injury,N/A,OTHER DISTRACTION,MD,PASSENGER CAR,ACCELERATING,45,No,2012,FORD,FLEX,39.16920167,-77.15434667,2022,5,13
220021339,Injury Crash,05/19/2022 01:18:00 PM,WOODFIELD RD,NA,HEAD ON LEFT TURN,Clear,DRY,Daylight,TRAFFIC SIGNAL,NONE DETECTED,No,Possible Minor Injury,N/A,NOT DISTRACTED,MD,PASSENGER CAR,MAKING LEFT TURN,35,No,2011,AUDI,SEDAN,39.16920167,-77.15434667,2022,5,13
220021335,Property Damage Crash,05/19/2022 12:55:00 PM,GEORGIA AVE,NA,STRAIGHT MOVEMENT ANGLE,Clear,DRY,Daylight,TRAFFIC SIGNAL,NONE DETECTED,No,No Apparent Injury,N/A,NOT DISTRACTED,MD,PASSENGER CAR,MOVING CONSTANT SPEED,35,No,2012,HYUNDAI,4S,39.02526333,-77.04573333,2022,5,12
220021335,Property Damage Crash,05/19/2022 12:55:00 PM,GEORGIA AVE,NA,STRAIGHT MOVEMENT ANGLE,Clear,DRY,Daylight,TRAFFIC SIGNAL,NONE DETECTED,Yes,No Apparent Injury,N/A,LOOKED BUT DID NOT SEE,MD,PASSENGER CAR,MOVING CONSTANT SPEED,35,No,2004,FORD,VN,39.02526333,-77.04573333,2022,5,12
220021330,Injury Crash,05/19/2022 12:41:00 PM,BRINK RD,NA,STRAIGHT MOVEMENT ANGLE,Clear,DRY,Daylight,STOP SIGN,NONE DETECTED,Yes,No Apparent Injury,N/A,NOT DISTRACTED,MD,PASSENGER CAR,ACCELERATING,35,No,2014,NISS,ALTIMA,39.20400745,-77.20718802,2022,5,12
220021330,Injury Crash,05/19/2022 12:41:00 PM,BRINK RD,NA,STRAIGHT MOVEMENT ANGLE,Clear,DRY,Daylight,STOP SIGN,NONE DETECTED,No,Possible Minor Injury,N/A,NOT DISTRACTED,MD,PASSENGER CAR,MOVING CONSTANT SPEED,35,No,2022,TOYOTA,CAMRY,39.20400745,-77.20718802,2022,5,12
220021369,Property Damage Crash,05/19/2022 11:56:00 AM,NA,NA,OTHER,Clear,NA,Daylight,NO CONTROLS,NONE DETECTED,Yes,No Apparent Injury,N/A,LOOKED BUT DID NOT SEE,NA,"CARGO VAN/LIGHT TRUCK 2 AXLES (OVER 10,000LBS (4,536 KG))",PARKED,10,No,0,UNKNOWN,UNKNOWN,39.16428728,-77.22428041,2022,5,11
220021316,Property Damage Crash,05/19/2022 10:20:00 AM,N SUMMIT AVE,NA,SAME DIR REAR END,Clear,DRY,Daylight,NO CONTROLS,NONE DETECTED,No,No Apparent Injury,N/A,NOT DISTRACTED,MD,PASSENGER CAR,SLOWING OR STOPPING,25,No,2019,TOYOTA,RAV4,39.14435288,-77.1927205,2022,5,10
220021316,Property Damage Crash,05/19/2022 10:20:00 AM,N SUMMIT AVE,NA,SAME DIR REAR END,Clear,DRY,Daylight,NO CONTROLS,NONE DETECTED,Yes,No Apparent Injury,N/A,LOOKED BUT DID NOT SEE,MD,PASSENGER CAR,MOVING CONSTANT SPEED,25,No,2012,HYUN,ELANTRA,39.14435288,-77.1927205,2022,5,10
220021299,Property Damage Crash,05/19/2022 09:29:00 AM,BOURNEFIELD WAY,NA,SAME DIRECTION SIDESWIPE,Clear,DRY,Daylight,NO CONTROLS,NONE DETECTED,Yes,No Apparent Injury,N/A,NOT DISTRACTED,MD,SCHOOL BUS,MOVING CONSTANT SPEED,30,No,2018,THOMAS,BUS,39.05407333,-76.96194333,2022,5,9
220021297,Property Damage Crash,05/19/2022 09:24:00 AM,INDIANOLA DR,NA,STRAIGHT MOVEMENT ANGLE,Clear,DRY,Daylight,NO CONTROLS,NONE DETECTED,Yes,No Apparent Injury,N/A,UNKNOWN,MD,PASSENGER CAR,ACCELERATING,10,No,2021,VOLKSWAGEN,ID 4,39.1148455,-77.158418,2022,5,9
220021297,Property Damage Crash,05/19/2022 09:24:00 AM,INDIANOLA DR,NA,STRAIGHT MOVEMENT ANGLE,Clear,DRY,Daylight,NO CONTROLS,NONE DETECTED,No,No Apparent Injury,N/A,NOT DISTRACTED,MD,PASSENGER CAR,MOVING CONSTANT SPEED,35,No,2019,HONDA,CIVIC,39.1148455,-77.158418,2022,5,9
220021293,Property Damage Crash,05/19/2022 09:20:00 AM,NORBECK RD,NA,SAME DIR REAR END,Clear,DRY,Daylight,NO CONTROLS,NONE DETECTED,No,No Apparent Injury,"BACKUP DUE TO REGULAR CONGESTION, N/A",NOT DISTRACTED,MD,(SPORT) UTILITY VEHICLE,STOPPED IN TRAFFIC LANE,40,No,2017,SUBARU,OUTBACK,39.11216167,-77.06191,2022,5,9
220021293,Property Damage Crash,05/19/2022 09:20:00 AM,NORBECK RD,NA,SAME DIR REAR END,Clear,DRY,Daylight,NO CONTROLS,NONE DETECTED,No,No Apparent Injury,"BACKUP DUE TO REGULAR CONGESTION, N/A",NOT DISTRACTED,MD,PASSENGER CAR,STOPPED IN TRAFFIC LANE,40,No,2022,HONDA,ACCORD,39.11216167,-77.06191,2022,5,9
220021293,Property Damage Crash,05/19/2022 09:20:00 AM,NORBECK RD,NA,SAME DIR REAR END,Clear,DRY,Daylight,NO CONTROLS,NONE DETECTED,Yes,No Apparent Injury,"BACKUP DUE TO REGULAR CONGESTION, N/A",INATTENTIVE OR LOST IN THOUGHT,MD,(SPORT) UTILITY VEHICLE,SLOWING OR STOPPING,40,No,2010,HONDA,CRV,39.11216167,-77.06191,2022,5,9
220021288,Property Damage Crash,05/19/2022 08:50:00 AM,LIVINGSTON ST,NA,SAME DIRECTION SIDESWIPE,Clear,DRY,Daylight,NO CONTROLS,NONE DETECTED,Yes,No Apparent Injury,N/A,UNKNOWN,MD,(SPORT) UTILITY VEHICLE,ACCELERATING,30,No,2004,CHEVROLET,TRACKER,39.05301833,-77.06115,2022,5,8
220021289,Property Damage Crash,05/19/2022 08:45:00 AM,NA,NA,SAME DIRECTION SIDESWIPE,Clear,NA,Daylight,NO CONTROLS,NONE DETECTED,Yes,No Apparent Injury,N/A,LOOKED BUT DID NOT SEE,MD,POLICE VEHICLE/NON EMERGENCY,MOVING CONSTANT SPEED,5,No,2021,FORD,EXPLORER,38.99112667,-77.02778833,2022,5,8
220021278,Property Damage Crash,05/19/2022 08:00:00 AM,KEMP MILL RD,NA,SAME DIR REAR END,Clear,WET,Daylight,NO CONTROLS,NONE DETECTED,No,No Apparent Injury,"N/A, WET",NOT DISTRACTED,MD,(SPORT) UTILITY VEHICLE,SLOWING OR STOPPING,30,No,2015,ACUR,MDX,39.04788,-77.026555,2022,5,8
220021278,Property Damage Crash,05/19/2022 08:00:00 AM,KEMP MILL RD,NA,SAME DIR REAR END,Clear,WET,Daylight,NO CONTROLS,NONE DETECTED,Yes,No Apparent Injury,"N/A, WET",OTHER DISTRACTION,MD,PASSENGER CAR,SLOWING OR STOPPING,30,No,2014,TOYOTA,COROLLA,39.04788,-77.026555,2022,5,8
220021273,Property Damage Crash,05/19/2022 06:45:00 AM,OLNEY SANDY SPRING RD,NA,OPPOSITE DIRECTION SIDESWIPE,Cloudy,WET,Daylight,TRAFFIC SIGNAL,NONE DETECTED,No,No Apparent Injury,"N/A, WET",UNKNOWN,MD,PASSENGER CAR,STOPPED IN TRAFFIC LANE,35,No,2019,MAZDA,CX-5,39.14639,-77.05040333,2022,5,6
220021273,Property Damage Crash,05/19/2022 06:45:00 AM,OLNEY SANDY SPRING RD,NA,OPPOSITE DIRECTION SIDESWIPE,Cloudy,WET,Daylight,TRAFFIC SIGNAL,NONE DETECTED,Yes,No Apparent Injury,"N/A, WET",UNKNOWN,MD,PASSENGER CAR,MAKING RIGHT TURN,35,No,2000,ISUZU,TROOPER,39.14639,-77.05040333,2022,5,6