Local Case Number,ACRS Report Type,Crash Date/Time,Road Name,Related Non-Motorist,Collision Type,Weather,Surface Condition,Light,Traffic Control,Driver Substance Abuse,Driver At Fault,Injury Severity,Circumstance,Driver Distracted By,Drivers License State,Vehicle Body Type,Vehicle Movement,Speed Limit,Driverless Vehicle,Vehicle Year,Vehicle Make,Vehicle Model,Latitude,Longitude,Year,Month,Hour
220021272,Injury Crash,05/19/2022 05:55:00 AM,CAPITAL BELTWAY,NA,SAME DIRECTION SIDESWIPE,Rain,WET,Daylight,NO CONTROLS,NONE DETECTED,No,Possible Minor Injury,N/A,NOT DISTRACTED,MD,PASSENGER CAR,MOVING CONSTANT SPEED,55,No,2012,TOYOTA,CAMRY,39.005725,-77.078735,2022,5,5
220021272,Injury Crash,05/19/2022 05:55:00 AM,CAPITAL BELTWAY,NA,SAME DIRECTION SIDESWIPE,Rain,WET,Daylight,NO CONTROLS,NONE DETECTED,No,No Apparent Injury,N/A,NOT DISTRACTED,MD,PASSENGER CAR,MOVING CONSTANT SPEED,55,No,2015,TOYOTA,CAMRY,39.005725,-77.078735,2022,5,5
220021272,Injury Crash,05/19/2022 05:55:00 AM,CAPITAL BELTWAY,NA,SAME DIRECTION SIDESWIPE,Rain,WET,Daylight,NO CONTROLS,NONE DETECTED,Yes,No Apparent Injury,N/A,LOOKED BUT DID NOT SEE,DE,"MEDIUM/HEAVY TRUCKS 3 AXLES (OVER 10,000LBS (4,536KG))",CHANGING LANES,55,No,2007,VOLVO,TT,39.005725,-77.078735,2022,5,5
220021267,Injury Crash,05/19/2022 02:31:00 AM,CONNECTICUT AVE,NA,SINGLE VEHICLE,Rain,WET,Medium,N/A,ALCOHOL PRESENT,Yes,Possible Minor Injury,N/A,OTHER DISTRACTION,MD,PASSENGER CAR,MOVING CONSTANT SPEED,40,No,2001,HONDA,S2000,39.05427814,-77.07407098,2022,5,2
220021252,Property Damage Crash,05/18/2022 09:48:00 PM,WARING STATION RD,NA,SAME DIRECTION SIDESWIPE,Rain,WET,Medium,NO CONTROLS,NONE DETECTED,Yes,No Apparent Injury,N/A,OTHER DISTRACTION,MD,PASSENGER CAR,MOVING CONSTANT SPEED,30,No,2013,FORD,FUSION,39.16272167,-77.24982167,2022,5,21
220021230,Property Damage Crash,05/18/2022 07:20:00 PM,NA,NA,SINGLE VEHICLE,Cloudy,NA,Daylight,NO CONTROLS,NONE DETECTED,Yes,No Apparent Injury,N/A,NOT DISTRACTED,MD,PASSENGER CAR,ACCELERATING,5,No,2010,BMW,UT,39.11693825,-77.25153245,2022,5,19
220021225,Property Damage Crash,05/18/2022 06:21:00 PM,MUNCASTER MILL RD,NA,SAME DIR REAR END,Clear,DRY,Daylight,NO CONTROLS,NONE DETECTED,No,No Apparent Injury,N/A,NOT DISTRACTED,MD,PASSENGER CAR,STOPPED IN TRAFFIC LANE,40,No,2020,TOYT,COROLLA,39.14335483,-77.14143217,2022,5,18
220021225,Property Damage Crash,05/18/2022 06:21:00 PM,MUNCASTER MILL RD,NA,SAME DIR REAR END,Clear,DRY,Daylight,NO CONTROLS,NONE DETECTED,Yes,No Apparent Injury,N/A,OTHER DISTRACTION,MD,PASSENGER CAR,MOVING CONSTANT SPEED,40,No,2013,CHRY,TOWN&COUNTRY,39.14335483,-77.14143217,2022,5,18
220021218,Property Damage Crash,05/18/2022 05:37:00 PM,SHADY GROVE RD,NA,SAME DIR REAR END,Clear,DRY,Daylight,TRAFFIC SIGNAL,NONE DETECTED,Yes,No Apparent Injury,N/A,LOOKED BUT DID NOT SEE,MD,PASSENGER CAR,SLOWING OR STOPPING,45,No,2005,TOYTA,COROLLA,39.14502567,-77.15028167,2022,5,17
220021218,Property Damage Crash,05/18/2022 05:37:00 PM,SHADY GROVE RD,NA,SAME DIR REAR END,Clear,DRY,Daylight,TRAFFIC SIGNAL,NONE DETECTED,No,No Apparent Injury,N/A,NOT DISTRACTED,MD,PASSENGER CAR,SLOWING OR STOPPING,45,No,2015,BUIC,ENCORE,39.14502567,-77.15028167,2022,5,17
220021224,Property Damage Crash,05/18/2022 04:45:00 PM,UNIVERSITY BLVD E,NA,SAME DIRECTION SIDESWIPE,Clear,DRY,Daylight,NO CONTROLS,NONE DETECTED,No,No Apparent Injury,N/A,NOT DISTRACTED,MD,PASSENGER CAR,MOVING CONSTANT SPEED,30,No,2020,TOYOTA,RAV4,39.019945,-77.01399833,2022,5,16
220021224,Property Damage Crash,05/18/2022 04:45:00 PM,UNIVERSITY BLVD E,NA,SAME DIRECTION SIDESWIPE,Clear,DRY,Daylight,NO CONTROLS,NONE DETECTED,Yes,No Apparent Injury,N/A,NOT DISTRACTED,NA,PASSENGER CAR,MOVING CONSTANT SPEED,30,No,2013,FORD,FOCUS,39.019945,-77.01399833,2022,5,16
220021170,Injury Crash,05/18/2022 02:30:00 PM,NA,BICYCLIST,STRAIGHT MOVEMENT ANGLE,Clear,NA,Daylight,NO CONTROLS,NONE DETECTED,Yes,No Apparent Injury,N/A,LOOKED BUT DID NOT SEE,MD,(SPORT) UTILITY VEHICLE,MAKING RIGHT TURN,0,No,2018,SUBA,4S,39.098385,-77.13816,2022,5,14
220021163,Property Damage Crash,05/18/2022 02:22:00 PM,NA,NA,STRAIGHT MOVEMENT ANGLE,Clear,NA,Daylight,N/A,NONE DETECTED,Yes,No Apparent Injury,N/A,LOOKED BUT DID NOT SEE,MD,PASSENGER CAR,BACKING,15,No,2014,HOND,4S,39.04960333,-76.94946,2022,5,14
220021163,Property Damage Crash,05/18/2022 02:22:00 PM,NA,NA,STRAIGHT MOVEMENT ANGLE,Clear,NA,Daylight,N/A,NONE DETECTED,No,No Apparent Injury,N/A,NOT DISTRACTED,MD,FIRE VEHICLE/EMERGENCY,SLOWING OR STOPPING,15,No,2019,PIRC,TK,39.04960333,-76.94946,2022,5,14
220021157,Property Damage Crash,05/18/2022 01:10:00 PM,NA,NA,SINGLE VEHICLE,Clear,NA,Daylight,NO CONTROLS,NONE DETECTED,Yes,No Apparent Injury,N/A,LOOKED BUT DID NOT SEE,MD,POLICE VEHICLE/NON EMERGENCY,SLOWING OR STOPPING,15,No,2018,DODGE,CHARGER,39.03535333,-77.05306333,2022,5,13
220021143,Property Damage Crash,05/18/2022 11:45:00 AM,NA,NA,OTHER,Clear,NA,Daylight,N/A,NONE DETECTED,No,No Apparent Injury,N/A,NOT DISTRACTED,MD,PASSENGER CAR,PARKED,0,No,2018,FORD,FOCUS,39.0748525,-77.11595733,2022,5,11
220021143,Property Damage Crash,05/18/2022 11:45:00 AM,NA,NA,OTHER,Clear,NA,Daylight,N/A,NONE DETECTED,Yes,No Apparent Injury,N/A,NOT DISTRACTED,MD,PASSENGER CAR,BACKING,0,No,2012,MAZDA,5,39.0748525,-77.11595733,2022,5,11
220021134,Property Damage Crash,05/18/2022 09:44:00 AM,NA,NA,SAME DIRECTION SIDESWIPE,Clear,NA,Daylight,N/A,NONE DETECTED,Yes,No Apparent Injury,N/A,UNKNOWN,NA,AMBULANCE/EMERGENCY,OTHER,10,No,2002,VOLKS,JETTA,38.99203176,-77.03567039,2022,5,9
220021124,Property Damage Crash,05/18/2022 08:47:00 AM,NEW HAMPSHIRE AVE,NA,ANGLE MEETS RIGHT TURN,Clear,DRY,Daylight,TRAFFIC SIGNAL,NONE DETECTED,No,No Apparent Injury,N/A,NOT DISTRACTED,MD,PICKUP TRUCK,STOPPED IN TRAFFIC LANE,35,No,2019,FORD,TK,39.14907,-77.01221667,2022,5,8
220021124,Property Damage Crash,05/18/2022 08:47:00 AM,NEW HAMPSHIRE AVE,NA,ANGLE MEETS RIGHT TURN,Clear,DRY,Daylight,TRAFFIC SIGNAL,NONE DETECTED,No,No Apparent Injury,N/A,NOT DISTRACTED,MD,"OTHER LIGHT TRUCKS (10,000LBS (4,536KG) OR LESS)",STOPPED IN TRAFFIC LANE,35,No,2011,FORD,TK,39.14907,-77.01221667,2022,5,8
220021124,Property Damage Crash,05/18/2022 08:47:00 AM,NEW HAMPSHIRE AVE,NA,ANGLE MEETS RIGHT TURN,Clear,DRY,Daylight,TRAFFIC SIGNAL,NONE DETECTED,Yes,No Apparent Injury,N/A,NOT DISTRACTED,MD,PASSENGER CAR,MAKING RIGHT TURN,35,No,2019,TOYOTA,RAV4,39.14907,-77.01221667,2022,5,8
220021118,Property Damage Crash,05/18/2022 08:35:00 AM,NA,NA,SAME DIR REAR END,Clear,NA,Daylight,NO CONTROLS,NONE DETECTED,No,No Apparent Injury,N/A,NOT DISTRACTED,MD,PASSENGER CAR,STOPPED IN TRAFFIC LANE,15,No,2013,DODGE,CHARGER,39.03800167,-76.99045667,2022,5,8
220021118,Property Damage Crash,05/18/2022 08:35:00 AM,NA,NA,SAME DIR REAR END,Clear,NA,Daylight,NO CONTROLS,NONE DETECTED,Yes,No Apparent Injury,N/A,UNKNOWN,NA,PASSENGER CAR,MOVING CONSTANT SPEED,15,No,2001,CHEVROLET,MALIBU,39.03800167,-76.99045667,2022,5,8
220021119,Injury Crash,05/18/2022 08:34:00 AM,SPENCERVILLE RD,NA,SAME DIR REAR END,Clear,DRY,Daylight,NO CONTROLS,NONE DETECTED,No,Possible Minor Injury,N/A,NOT DISTRACTED,MD,PASSENGER CAR,STOPPED IN TRAFFIC LANE,40,No,2009,TOYOTA,4S,39.11720167,-76.969075,2022,5,8
220021119,Injury Crash,05/18/2022 08:34:00 AM,SPENCERVILLE RD,NA,SAME DIR REAR END,Clear,DRY,Daylight,NO CONTROLS,NONE DETECTED,Yes,No Apparent Injury,N/A,NOT DISTRACTED,MD,PASSENGER CAR,MOVING CONSTANT SPEED,40,No,2009,HOND,2S,39.11720167,-76.969075,2022,5,8
220021117,Property Damage Crash,05/18/2022 08:29:00 AM,NEW HAMPSHIRE AVE,NA,SAME DIR REAR END,Clear,DRY,Daylight,NO CONTROLS,NONE DETECTED,Yes,No Apparent Injury,N/A,LOOKED BUT DID NOT SEE,MD,(SPORT) UTILITY VEHICLE,MOVING CONSTANT SPEED,35,No,2008,TOYOTA,RAV4,39.01602833,-76.97748,2022,5,8
220021117,Property Damage Crash,05/18/2022 08:29:00 AM,NEW HAMPSHIRE AVE,NA,SAME DIR REAR END,Clear,DRY,Daylight,NO CONTROLS,NONE DETECTED,No,No Apparent Injury,N/A,NOT DISTRACTED,MD,PASSENGER CAR,SLOWING OR STOPPING,35,No,2018,TOYOTA,CAMRY,39.01602833,-76.97748,2022,5,8
220021115,Property Damage Crash,05/18/2022 08:20:00 AM,DARNESTOWN RD,NA,SAME DIRECTION SIDESWIPE,Clear,DRY,Daylight,TRAFFIC SIGNAL,NONE DETECTED,Yes,No Apparent Injury,N/A,LOOKED BUT DID NOT SEE,NA,NA,CHANGING LANES,40,No,0,UNKNOWN,UNKNOWN,39.11800733,-77.25325278,2022,5,8
220021115,Property Damage Crash,05/18/2022 08:20:00 AM,DARNESTOWN RD,NA,SAME DIRECTION SIDESWIPE,Clear,DRY,Daylight,TRAFFIC SIGNAL,NONE DETECTED,No,No Apparent Injury,N/A,NOT DISTRACTED,MD,PASSENGER CAR,MAKING LEFT TURN,40,No,2008,TOYT,TK,39.11800733,-77.25325278,2022,5,8
220021122,Property Damage Crash,05/18/2022 07:23:00 AM,E JEFFERSON ST,NA,SAME DIRECTION SIDESWIPE,Clear,DRY,Daylight,TRAFFIC SIGNAL,NONE DETECTED,Yes,No Apparent Injury,N/A,INATTENTIVE OR LOST IN THOUGHT,MD,TRANSIT BUS,MAKING LEFT TURN,30,No,2008,GILLIG,BUS,39.08187167,-77.148938329999993,2022,5,7
220021122,Property Damage Crash,05/18/2022 07:23:00 AM,E JEFFERSON ST,NA,SAME DIRECTION SIDESWIPE,Clear,DRY,Daylight,TRAFFIC SIGNAL,NONE DETECTED,No,No Apparent Injury,N/A,NOT DISTRACTED,MD,PASSENGER CAR,STOPPED IN TRAFFIC LANE,30,No,2021,HOND,HB,39.08187167,-77.148938329999993,2022,5,7
220021107,Injury Crash,05/18/2022 06:32:00 AM,E GUDE DR,NA,SAME DIR REAR END,Clear,DRY,Medium,TRAFFIC SIGNAL,NONE DETECTED,No,Possible Minor Injury,N/A,NOT DISTRACTED,MD,PASSENGER CAR,STOPPED IN TRAFFIC LANE,40,No,2006,HONDA,CIVIC,39.10677667,-77.15299167,2022,5,6
220021107,Injury Crash,05/18/2022 06:32:00 AM,E GUDE DR,NA,SAME DIR REAR END,Clear,DRY,Medium,TRAFFIC SIGNAL,NONE DETECTED,Yes,Possible Minor Injury,N/A,LOOKED BUT DID NOT SEE,MD,PASSENGER CAR,MOVING CONSTANT SPEED,40,No,2011,NISS,4S,39.10677667,-77.15299167,2022,5,6
220021231,Property Damage Crash,05/18/2022 04:00:00 AM,NA,NA,SAME DIRECTION SIDESWIPE,Clear,NA,Medium,NO CONTROLS,NONE DETECTED,Yes,No Apparent Injury,N/A,UNKNOWN,NA,PASSENGER CAR,BACKING,5,No,2018,HONDA,ACCORD,39.14659216,-77.18787446,2022,5,4
220021088,Property Damage Crash,05/17/2022 10:27:00 PM,ROCKVILLE PIKE,NA,SAME DIR REAR END,Clear,DRY,Medium,WARNING SIGN,NONE DETECTED,Yes,No Apparent Injury,"N/A, NON-HIGHWAY WORK",UNKNOWN,US,PASSENGER CAR,MOVING CONSTANT SPEED,35,No,1999,CHRYSLER,TOWN AND COUNTRY,39.02389,-77.102945,2022,5,22
220021088,Property Damage Crash,05/17/2022 10:27:00 PM,ROCKVILLE PIKE,NA,SAME DIR REAR END,Clear,DRY,Medium,WARNING SIGN,NONE DETECTED,No,No Apparent Injury,"N/A, NON-HIGHWAY WORK",NOT DISTRACTED,MD,PASSENGER CAR,SLOWING OR STOPPING,35,No,2016,FORD,TK,39.02389,-77.102945,2022,5,22
220021087,Property Damage Crash,05/17/2022 10:05:00 PM,MONTROSE AVE,NA,HEAD ON,Clear,DRY,Medium,NO CONTROLS,NONE DETECTED,Yes,No Apparent Injury,N/A,UNKNOWN,MD,PASSENGER CAR,MOVING CONSTANT SPEED,25,No,2016,SUBARU,LEGACY,39.03008567,-77.09299817,2022,5,22
220021080,Injury Crash,05/17/2022 09:23:00 PM,ROCKVILLE PIKE,NA,STRAIGHT MOVEMENT ANGLE,Clear,DRY,Medium,TRAFFIC SIGNAL,NONE DETECTED,Yes,Possible Minor Injury,N/A,NOT DISTRACTED,MD,PASSENGER CAR,MOVING CONSTANT SPEED,45,No,2009,VOLKSWAGEN,TK,39.061905,-77.12407467,2022,5,21
220021080,Injury Crash,05/17/2022 09:23:00 PM,ROCKVILLE PIKE,NA,STRAIGHT MOVEMENT ANGLE,Clear,DRY,Medium,TRAFFIC SIGNAL,NONE DETECTED,No,No Apparent Injury,N/A,NOT DISTRACTED,MD,PASSENGER CAR,MOVING CONSTANT SPEED,30,No,2015,JEEP,TK,39.061905,-77.12407467,2022,5,21
220021066,Injury Crash,05/17/2022 08:11:00 PM,PARKLAND DR,BICYCLIST,SAME DIRECTION SIDESWIPE,Clear,DRY,Medium,TRAFFIC SIGNAL,NONE DETECTED,Yes,No Apparent Injury,N/A,UNKNOWN,NA,NA,MAKING LEFT TURN,35,No,0,UNKNOWN,UNKNOWN,39.0790152,-77.08716104,2022,5,20
220021062,Injury Crash,05/17/2022 08:02:00 PM,GERMANTOWN RD,NA,STRAIGHT MOVEMENT ANGLE,Clear,DRY,Daylight,TRAFFIC SIGNAL,NONE DETECTED,No,No Apparent Injury,N/A,NOT DISTRACTED,MD,(SPORT) UTILITY VEHICLE,MAKING LEFT TURN,45,No,2015,HONDA,CRV,39.190765,-77.24790667,2022,5,20
220021062,Injury Crash,05/17/2022 08:02:00 PM,GERMANTOWN RD,NA,STRAIGHT MOVEMENT ANGLE,Clear,DRY,Daylight,TRAFFIC SIGNAL,NONE DETECTED,Yes,No Apparent Injury,N/A,INATTENTIVE OR LOST IN THOUGHT,MD,PASSENGER CAR,MOVING CONSTANT SPEED,45,No,2013,HONDA,ACCORD,39.190765,-77.24790667,2022,5,20
220021057,Property Damage Crash,05/17/2022 07:28:00 PM,E GUDE DR,NA,SAME DIR REAR END,Clear,DRY,Daylight,NO CONTROLS,NONE DETECTED,No,No Apparent Injury,N/A,NOT DISTRACTED,MD,(SPORT) UTILITY VEHICLE,STOPPED IN TRAFFIC LANE,40,No,2008,HONDA,CRV,39.1066,-77.15275333,2022,5,19
220021057,Property Damage Crash,05/17/2022 07:28:00 PM,E GUDE DR,NA,SAME DIR REAR END,Clear,DRY,Daylight,NO CONTROLS,NONE DETECTED,Yes,No Apparent Injury,N/A,NOT DISTRACTED,MD,PASSENGER CAR,SLOWING OR STOPPING,40,No,2020,MINI,COOPER,39.1066,-77.15275333,2022,5,19
220021052,Property Damage Crash,05/17/2022 07:00:00 PM,HOBART DR,NA,HEAD ON,Clear,DRY,Daylight,NO CONTROLS,NONE DETECTED,Yes,No Apparent Injury,N/A,UNKNOWN,NA,PASSENGER CAR,UNKNOWN,35,No,2005,ACURA,TL,39.079215,-76.983875,2022,5,19
220021038,Property Damage Crash,05/17/2022 05:30:00 PM,NA,NA,SINGLE VEHICLE,Cloudy,NA,Daylight,NO CONTROLS,NONE DETECTED,Yes,No Apparent Injury,N/A,UNKNOWN,NA,NA,MAKING RIGHT TURN,25,No,0,UNKNOWN,UNKNOWN,39.04356333,-77.05304667,2022,5,17
220021020,Property Damage Crash,05/17/2022 04:21:00 PM,WOODFIELD RD,NA,HEAD ON,Clear,DRY,Daylight,NO CONTROLS,NONE DETECTED,No,No Apparent Injury,N/A,NOT DISTRACTED,MD,PASSENGER CAR,MOVING CONSTANT SPEED,35,No,1994,HONDA,ACCORD,39.20545456,-77.16753312,2022,5,16
220021020,Property Damage Crash,05/17/2022 04:21:00 PM,WOODFIELD RD,NA,HEAD ON,Clear,DRY,Daylight,NO CONTROLS,NONE DETECTED,Yes,No Apparent Injury,N/A,UNKNOWN,MD,(SPORT) UTILITY VEHICLE,MOVING CONSTANT SPEED,35,No,2018,FORD,EDGE,39.20545456,-77.16753312,2022,5,16
220021178,Property Damage Crash,05/17/2022 04:00:00 PM,NEW HAMPSHIRE AVE,NA,SAME DIRECTION LEFT TURN,Clear,DRY,Daylight,YIELD SIGN,NONE DETECTED,No,No Apparent Injury,"BACKUP DUE TO REGULAR CONGESTION, N/A",NOT DISTRACTED,MD,"MEDIUM/HEAVY TRUCKS 3 AXLES (OVER 10,000LBS (4,536KG))",MOVING CONSTANT SPEED,45,No,2020,MACK,TRUCK,39.12118744,-76.98870543,2022,5,16
220021178,Property Damage Crash,05/17/2022 04:00:00 PM,NEW HAMPSHIRE AVE,NA,SAME DIRECTION LEFT TURN,Clear,DRY,Daylight,YIELD SIGN,NONE DETECTED,Yes,No Apparent Injury,"BACKUP DUE TO REGULAR CONGESTION, N/A",NOT DISTRACTED,MD,PASSENGER CAR,CHANGING LANES,45,No,1999,ACURA,INTEGRA,39.12118744,-76.98870543,2022,5,16
220021047,Property Damage Crash,05/17/2022 03:38:00 PM,WHITES FERRY RD,NA,HEAD ON LEFT TURN,Clear,DRY,Daylight,NO CONTROLS,NONE DETECTED,No,No Apparent Injury,N/A,NOT DISTRACTED,MD,PICKUP TRUCK,MOVING CONSTANT SPEED,30,No,2015,FORD,F150,39.12836061,-77.34679982,2022,5,15
220021047,Property Damage Crash,05/17/2022 03:38:00 PM,WHITES FERRY RD,NA,HEAD ON LEFT TURN,Clear,DRY,Daylight,NO CONTROLS,NONE DETECTED,Yes,No Apparent Injury,N/A,NOT DISTRACTED,MD,PASSENGER CAR,MAKING LEFT TURN,30,No,2011,MERZ,4S,39.12836061,-77.34679982,2022,5,15
22021003,Property Damage Crash,05/17/2022 03:20:00 PM,LOST KNIFE ROAD,NA,STRAIGHT MOVEMENT ANGLE,Clear,DRY,Daylight,STOP SIGN,NONE DETECTED,No,No Apparent Injury,N/A,NOT DISTRACTED,MD,PASSENGER CAR,MOVING CONSTANT SPEED,35,No,2012,JAGUAR,XF,39.15652167,-77.20230333,2022,5,15
22021003,Property Damage Crash,05/17/2022 03:20:00 PM,LOST KNIFE ROAD,NA,STRAIGHT MOVEMENT ANGLE,Clear,DRY,Daylight,STOP SIGN,NONE DETECTED,Yes,No Apparent Injury,N/A,LOOKED BUT DID NOT SEE,MD,PICKUP TRUCK,ACCELERATING,35,No,2016,TOYOTA,TACOMA,39.15652167,-77.20230333,2022,5,15
220021001,Injury Crash,05/17/2022 03:00:00 PM,WARING STATION RD,NA,OTHER,Clear,DRY,Daylight,N/A,NONE DETECTED,Yes,Possible Minor Injury,N/A,UNKNOWN,MD,PASSENGER CAR,MOVING CONSTANT SPEED,35,No,2016,CLEAR,CX5,39.170693730000004,-77.25044861,2022,5,15
220020999,Property Damage Crash,05/17/2022 02:45:00 PM,WYNNFIELD DR,NA,ANGLE MEETS LEFT TURN,Clear,DRY,Daylight,STOP SIGN,NONE DETECTED,No,No Apparent Injury,N/A,NOT DISTRACTED,MD,PASSENGER CAR,MAKING LEFT TURN,25,No,2018,CHEVORLET,CAMARO,39.18592554,-77.27684838,2022,5,14
220020999,Property Damage Crash,05/17/2022 02:45:00 PM,WYNNFIELD DR,NA,ANGLE MEETS LEFT TURN,Clear,DRY,Daylight,STOP SIGN,NONE DETECTED,Yes,No Apparent Injury,N/A,UNKNOWN,MD,PASSENGER CAR,MAKING LEFT TURN,20,No,2007,HYUNDAI,SONATA,39.18592554,-77.27684838,2022,5,14
220020996,Injury Crash,05/17/2022 02:30:00 PM,GEORGIA AVE,NA,STRAIGHT MOVEMENT ANGLE,Clear,DRY,Daylight,NO CONTROLS,NONE DETECTED,Yes,Possible Minor Injury,N/A,NOT DISTRACTED,MD,PASSENGER CAR,MAKING LEFT TURN,30,No,2007,HONDA,ACCORD,39.00810667,-77.04015,2022,5,14
220020996,Injury Crash,05/17/2022 02:30:00 PM,GEORGIA AVE,NA,STRAIGHT MOVEMENT ANGLE,Clear,DRY,Daylight,NO CONTROLS,NONE DETECTED,No,No Apparent Injury,N/A,NOT DISTRACTED,MD,PASSENGER CAR,MOVING CONSTANT SPEED,30,No,2014,HONDA,ODYSSEY,39.00810667,-77.04015,2022,5,14
220020993,Property Damage Crash,05/17/2022 02:04:00 PM,GREAT SENECA HWY,NA,HEAD ON LEFT TURN,Clear,DRY,Daylight,NO CONTROLS,NONE DETECTED,No,No Apparent Injury,N/A,NOT DISTRACTED,MD,PASSENGER CAR,MOVING CONSTANT SPEED,15,No,2014,TOYOTA,PRIUS,39.16783449,-77.26746259,2022,5,14
220020993,Property Damage Crash,05/17/2022 02:04:00 PM,GREAT SENECA HWY,NA,HEAD ON LEFT TURN,Clear,DRY,Daylight,NO CONTROLS,NONE DETECTED,Yes,No Apparent Injury,N/A,UNKNOWN,MD,PASSENGER CAR,MAKING LEFT TURN,15,No,2001,AUDI,A4,39.16783449,-77.26746259,2022,5,14
220020990,Property Damage Crash,05/17/2022 01:50:00 PM,FREDERICK RD,NA,SAME DIRECTION SIDESWIPE,Clear,DRY,Daylight,YIELD SIGN,NONE DETECTED,No,No Apparent Injury,N/A,NOT DISTRACTED,PA,"MEDIUM/HEAVY TRUCKS 3 AXLES (OVER 10,000LBS (4,536KG))",MOVING CONSTANT SPEED,40,No,2022,MACK,PINNACLE,39.12352341,-77.1787162,2022,5,13
220020990,Property Damage Crash,05/17/2022 01:50:00 PM,FREDERICK RD,NA,SAME DIRECTION SIDESWIPE,Clear,DRY,Daylight,YIELD SIGN,NONE DETECTED,Yes,No Apparent Injury,N/A,UNKNOWN,NA,(SPORT) UTILITY VEHICLE,MAKING RIGHT TURN,40,No,1900,MERC,99,39.12352341,-77.1787162,2022,5,13
220020984,Property Damage Crash,05/17/2022 12:59:00 PM,EDSON LA,NA,HEAD ON LEFT TURN,Clear,DRY,Daylight,TRAFFIC SIGNAL,NONE DETECTED,Yes,No Apparent Injury,N/A,LOOKED BUT DID NOT SEE,NC,PASSENGER CAR,ACCELERATING,40,No,2014,NISSAN,ALTIMA,39.04048333,-77.10975833,2022,5,12
220020984,Property Damage Crash,05/17/2022 12:59:00 PM,EDSON LA,NA,HEAD ON LEFT TURN,Clear,DRY,Daylight,TRAFFIC SIGNAL,NONE DETECTED,No,No Apparent Injury,N/A,NOT DISTRACTED,MD,PASSENGER CAR,MAKING LEFT TURN,40,No,2008,FORD,F250,39.04048333,-77.10975833,2022,5,12
220020969,Property Damage Crash,05/17/2022 11:40:00 AM,W MONTGOMERY AVE,NA,SAME DIRECTION SIDESWIPE,Clear,DRY,Daylight,NO CONTROLS,NONE DETECTED,No,No Apparent Injury,N/A,LOOKED BUT DID NOT SEE,MD,AMBULANCE/EMERGENCY,MAKING U TURN,45,No,2020,FRIEGHTLINER,PLCOS,39.09119748,-77.18017394,2022,5,11
220020969,Property Damage Crash,05/17/2022 11:40:00 AM,W MONTGOMERY AVE,NA,SAME DIRECTION SIDESWIPE,Clear,DRY,Daylight,NO CONTROLS,NONE DETECTED,Yes,No Apparent Injury,N/A,NOT DISTRACTED,NJ,PASSENGER CAR,MOVING CONSTANT SPEED,45,No,2016,MERCEDES,C300,39.09119748,-77.18017394,2022,5,11
220020957,Property Damage Crash,05/17/2022 10:00:00 AM,PINEY BRANCH RD,NA,STRAIGHT MOVEMENT ANGLE,Clear,DRY,Daylight,STOP SIGN,NONE DETECTED,Yes,No Apparent Injury,N/A,LOOKED BUT DID NOT SEE,MD,PASSENGER CAR,MOVING CONSTANT SPEED,25,No,2006,TOYOTA,CAMRY,38.98907682,-77.01162801,2022,5,10
220020957,Property Damage Crash,05/17/2022 10:00:00 AM,PINEY BRANCH RD,NA,STRAIGHT MOVEMENT ANGLE,Clear,DRY,Daylight,STOP SIGN,NONE DETECTED,No,No Apparent Injury,N/A,NOT DISTRACTED,MD,PICKUP TRUCK,MOVING CONSTANT SPEED,30,No,2003,FORD,F250,38.98907682,-77.01162801,2022,5,10
220020960,Property Damage Crash,05/17/2022 09:48:00 AM,MACARTHUR BLVD,BICYCLIST,HEAD ON LEFT TURN,Clear,DRY,Daylight,TRAFFIC SIGNAL,NONE DETECTED,Yes,No Apparent Injury,N/A,NOT DISTRACTED,MD,PASSENGER CAR,MAKING LEFT TURN,30,No,2008,TOYT,4S,38.9444045,-77.11671933,2022,5,9
220020955,Property Damage Crash,05/17/2022 09:20:00 AM,E GUDE DR,NA,SAME DIR REAR END,Clear,DRY,Daylight,TRAFFIC SIGNAL,NONE DETECTED,No,No Apparent Injury,N/A,NOT DISTRACTED,VA,(SPORT) UTILITY VEHICLE,STOPPED IN TRAFFIC LANE,40,No,2007,TOYOTA,SEQUOIA,39.10654,-77.15093167,2022,5,9
220020955,Property Damage Crash,05/17/2022 09:20:00 AM,E GUDE DR,NA,SAME DIR REAR END,Clear,DRY,Daylight,TRAFFIC SIGNAL,NONE DETECTED,Yes,No Apparent Injury,N/A,NOT DISTRACTED,MD,PASSENGER CAR,MOVING CONSTANT SPEED,40,No,2012,VOLKSWAGON,JETTA,39.10654,-77.15093167,2022,5,9
220020955,Property Damage Crash,05/17/2022 09:20:00 AM,E GUDE DR,NA,SAME DIR REAR END,Clear,DRY,Daylight,TRAFFIC SIGNAL,NONE DETECTED,No,No Apparent Injury,N/A,NOT DISTRACTED,MD,PASSENGER CAR,STOPPED IN TRAFFIC LANE,40,No,2018,HOND,HB,39.10654,-77.15093167,2022,5,9
220020955,Property Damage Crash,05/17/2022 09:20:00 AM,E GUDE DR,NA,SAME DIR REAR END,Clear,DRY,Daylight,TRAFFIC SIGNAL,NONE DETECTED,No,No Apparent Injury,N/A,NOT DISTRACTED,MD,(SPORT) UTILITY VEHICLE,STOPPED IN TRAFFIC LANE,40,No,2005,ACCURA,MDX,39.10654,-77.15093167,2022,5,9
220020951,Property Damage Crash,05/17/2022 09:14:00 AM,WISCONSIN CIR,NA,OTHER,Clear,DRY,Daylight,TRAFFIC SIGNAL,NONE DETECTED,No,No Apparent Injury,N/A,NOT DISTRACTED,MD,AMBULANCE/EMERGENCY,STOPPED IN TRAFFIC LANE,25,No,2021,TOYTA,CHR,38.962534,-77.086252,2022,5,9
220020951,Property Damage Crash,05/17/2022 09:14:00 AM,WISCONSIN CIR,NA,OTHER,Clear,DRY,Daylight,TRAFFIC SIGNAL,NONE DETECTED,Yes,No Apparent Injury,N/A,UNKNOWN,DC,TRANSIT BUS,MAKING LEFT TURN,25,No,2012,NEW F,BUS,38.962534,-77.086252,2022,5,9
220020939,Injury Crash,05/17/2022 06:56:00 AM,EAST WEST HWY,NA,ANGLE MEETS LEFT TURN,Clear,DRY,Daylight,TRAFFIC SIGNAL,NONE DETECTED,No,Possible Minor Injury,N/A,NOT DISTRACTED,MD,PASSENGER CAR,MOVING CONSTANT SPEED,35,No,2013,HONDA,ACCORD,38.99490833,-77.04565333,2022,5,6
220020939,Injury Crash,05/17/2022 06:56:00 AM,EAST WEST HWY,NA,ANGLE MEETS LEFT TURN,Clear,DRY,Daylight,TRAFFIC SIGNAL,NONE DETECTED,Yes,Possible Minor Injury,N/A,NOT DISTRACTED,MD,PASSENGER CAR,MAKING LEFT TURN,35,No,2017,TOYT,RAV4,38.99490833,-77.04565333,2022,5,6
220020906,Property Damage Crash,05/16/2022 09:14:00 PM,EDNOR RD,NA,SINGLE VEHICLE,Clear,DRY,Dark,NO CONTROLS,NONE DETECTED,Yes,No Apparent Injury,N/A,LOOKED BUT DID NOT SEE,AZ,AMBULANCE/EMERGENCY,MOVING CONSTANT SPEED,35,No,2017,VOLKS,JETTA,39.142623,-76.96783983,2022,5,21
220020895,Injury Crash,05/16/2022 07:52:00 PM,COLUMBIA PIKE,NA,STRAIGHT MOVEMENT ANGLE,Clear,DRY,Daylight,TRAFFIC SIGNAL,NONE DETECTED,Yes,No Apparent Injury,N/A,INATTENTIVE OR LOST IN THOUGHT,MD,"CARGO VAN/LIGHT TRUCK 2 AXLES (OVER 10,000LBS (4,536 KG))",MAKING LEFT TURN,40,No,2007,FREI,TK,39.0317215,-77.00544283,2022,5,19