Local Case Number,ACRS Report Type,Crash Date/Time,Road Name,Related Non-Motorist,Collision Type,Weather,Surface Condition,Light,Traffic Control,Driver Substance Abuse,Driver At Fault,Injury Severity,Circumstance,Driver Distracted By,Drivers License State,Vehicle Body Type,Vehicle Movement,Speed Limit,Driverless Vehicle,Vehicle Year,Vehicle Make,Vehicle Model,Latitude,Longitude,Year,Month,Hour
220020895,Injury Crash,05/16/2022 07:52:00 PM,COLUMBIA PIKE,NA,STRAIGHT MOVEMENT ANGLE,Clear,DRY,Daylight,TRAFFIC SIGNAL,NONE DETECTED,No,No Apparent Injury,N/A,NOT DISTRACTED,MD,PASSENGER CAR,MOVING CONSTANT SPEED,40,No,2019,HONDA,CIVIC,39.0317215,-77.00544283,2022,5,19
220021014,Property Damage Crash,05/16/2022 05:58:00 PM,NA,NA,SAME DIRECTION SIDESWIPE,Clear,NA,Daylight,NO CONTROLS,NONE DETECTED,Yes,No Apparent Injury,N/A,UNKNOWN,NA,OTHER,OTHER,0,No,2018,RAM,TOW TRUCK,39.08115452,-76.9478498,2022,5,17
220020874,Property Damage Crash,05/16/2022 05:20:00 PM,RANDOLPH RD,NA,STRAIGHT MOVEMENT ANGLE,Clear,DRY,Daylight,NO CONTROLS,NONE DETECTED,Yes,No Apparent Injury,N/A,LOOKED BUT DID NOT SEE,VA,PASSENGER CAR,ACCELERATING,30,No,2021,TOYOTA,CAMRY,39.05743,-77.07800667,2022,5,17
220020874,Property Damage Crash,05/16/2022 05:20:00 PM,RANDOLPH RD,NA,STRAIGHT MOVEMENT ANGLE,Clear,DRY,Daylight,NO CONTROLS,NONE DETECTED,No,No Apparent Injury,N/A,NOT DISTRACTED,MD,PASSENGER CAR,MOVING CONSTANT SPEED,30,No,2009,MAZDA,3,39.05743,-77.07800667,2022,5,17
220020875,Property Damage Crash,05/16/2022 04:59:00 PM,VEIRS MILL RD,NA,OTHER,Clear,DRY,Daylight,TRAFFIC SIGNAL,NONE DETECTED,Yes,No Apparent Injury,N/A,UNKNOWN,MD,SCHOOL BUS,MAKING LEFT TURN,35,No,2012,THOMAS,BUS,39.07341093,-77.11189648,2022,5,16
220020875,Property Damage Crash,05/16/2022 04:59:00 PM,VEIRS MILL RD,NA,OTHER,Clear,DRY,Daylight,TRAFFIC SIGNAL,NONE DETECTED,No,No Apparent Injury,N/A,NOT DISTRACTED,NA,NA,STOPPED IN TRAFFIC LANE,35,No,0,UNKNOWN,UNKNOWN,39.07341093,-77.11189648,2022,5,16
220020873,Property Damage Crash,05/16/2022 04:56:00 PM,NEW HAMPSHIRE AVE,NA,SAME DIR REAR END,Rain,WET,Daylight,TRAFFIC SIGNAL,NONE DETECTED,Yes,No Apparent Injury,N/A,NOT DISTRACTED,MD,PASSENGER CAR,MOVING CONSTANT SPEED,45,No,2010,HONDA,ACCORD,39.07727445,-77.00174068,2022,5,16
220020873,Property Damage Crash,05/16/2022 04:56:00 PM,NEW HAMPSHIRE AVE,NA,SAME DIR REAR END,Rain,WET,Daylight,TRAFFIC SIGNAL,NONE DETECTED,No,No Apparent Injury,N/A,NOT DISTRACTED,MD,PASSENGER CAR,SLOWING OR STOPPING,45,No,2018,CHEVY,EQUINOX,39.07727445,-77.00174068,2022,5,16
220020873,Property Damage Crash,05/16/2022 04:56:00 PM,NEW HAMPSHIRE AVE,NA,SAME DIR REAR END,Rain,WET,Daylight,TRAFFIC SIGNAL,NONE DETECTED,No,No Apparent Injury,N/A,NOT DISTRACTED,MD,PASSENGER CAR,SLOWING OR STOPPING,45,No,2020,MAZDA,CX3,39.07727445,-77.00174068,2022,5,16
220020862,Property Damage Crash,05/16/2022 04:15:00 PM,SNOWDEN FARM PKWY,NA,STRAIGHT MOVEMENT ANGLE,Clear,DRY,Daylight,STOP SIGN,NONE DETECTED,Yes,No Apparent Injury,N/A,NOT DISTRACTED,MD,SCHOOL BUS,MOVING CONSTANT SPEED,35,No,2017,THOM,BU,39.24803,-77.27412167,2022,5,16
220020862,Property Damage Crash,05/16/2022 04:15:00 PM,SNOWDEN FARM PKWY,NA,STRAIGHT MOVEMENT ANGLE,Clear,DRY,Daylight,STOP SIGN,NONE DETECTED,No,No Apparent Injury,N/A,NOT DISTRACTED,MD,PASSENGER CAR,MOVING CONSTANT SPEED,35,No,2012,HOND,TK,39.24803,-77.27412167,2022,5,16
220020866,Property Damage Crash,05/16/2022 04:09:00 PM,SLIGO AVE,NA,SAME DIRECTION SIDESWIPE,Clear,DRY,Daylight,NO CONTROLS,NONE DETECTED,Yes,No Apparent Injury,N/A,NOT DISTRACTED,MD,PASSENGER CAR,PASSING,30,No,2009,HONDA,VN,38.99135574,-77.01213834,2022,5,16
220020866,Property Damage Crash,05/16/2022 04:09:00 PM,SLIGO AVE,NA,SAME DIRECTION SIDESWIPE,Clear,DRY,Daylight,NO CONTROLS,NONE DETECTED,No,No Apparent Injury,N/A,NOT DISTRACTED,MD,TRANSIT BUS,PARKED,30,No,2009,GILL,LOWFLOOR,38.99135574,-77.01213834,2022,5,16
220020854,Property Damage Crash,05/16/2022 03:02:00 PM,CEDAR AVE,NA,OTHER,Clear,DRY,Daylight,N/A,NONE DETECTED,Unknown,No Apparent Injury,N/A,LOOKED BUT DID NOT SEE,MD,PASSENGER CAR,MOVING CONSTANT SPEED,25,No,2018,JEEP,COMPASS,39.13614977,-77.20077955,2022,5,15
220020854,Property Damage Crash,05/16/2022 03:02:00 PM,CEDAR AVE,NA,OTHER,Clear,DRY,Daylight,N/A,NONE DETECTED,Unknown,No Apparent Injury,N/A,NOT DISTRACTED,MD,PASSENGER CAR,BACKING,25,No,2004,FORD,F150,39.13614977,-77.20077955,2022,5,15
220020827,Property Damage Crash,05/16/2022 01:35:00 PM,NORWOOD RD,NA,SINGLE VEHICLE,Rain,WET,Daylight,TRAFFIC SIGNAL,NONE DETECTED,Yes,No Apparent Injury,"RAIN, SNOW, WET",NOT DISTRACTED,MD,VAN,MOVING CONSTANT SPEED,35,No,2017,NISSAN,NV200,39.12537133,-77.027233,2022,5,13
220020822,Property Damage Crash,05/16/2022 01:15:00 PM,EISENHOWER MEMORIAL HWY,NA,SINGLE VEHICLE,Clear,WET,Daylight,NO CONTROLS,NONE DETECTED,Yes,No Apparent Injury,"N/A, WET",UNKNOWN,MD,PASSENGER CAR,MOVING CONSTANT SPEED,55,No,2015,TOYT,COROLLA 4S,39.11958833,-77.195595,2022,5,13
220020817,Property Damage Crash,05/16/2022 12:26:00 PM,NA,NA,OTHER,Clear,NA,Daylight,N/A,NONE DETECTED,Yes,No Apparent Injury,N/A,INATTENTIVE OR LOST IN THOUGHT,VA,PASSENGER CAR,BACKING,20,No,2008,FORD,EXPLORER,38.97487,-77.01084,2022,5,12
220020817,Property Damage Crash,05/16/2022 12:26:00 PM,NA,NA,OTHER,Clear,NA,Daylight,N/A,NONE DETECTED,No,No Apparent Injury,N/A,NOT DISTRACTED,MD,OTHER,SLOWING OR STOPPING,5,No,2019,PTRB,DUMP TRUCK,38.97487,-77.01084,2022,5,12
220020809,Property Damage Crash,05/16/2022 11:55:00 AM,FLOWER AVE,NA,STRAIGHT MOVEMENT ANGLE,Rain,WET,Daylight,STOP SIGN,NONE DETECTED,Yes,No Apparent Injury,"N/A, WET",NOT DISTRACTED,MD,PASSENGER CAR,ACCELERATING,20,No,2020,HYUN,UT,38.98832683,-77.00069567,2022,5,11
220020809,Property Damage Crash,05/16/2022 11:55:00 AM,FLOWER AVE,NA,STRAIGHT MOVEMENT ANGLE,Rain,WET,Daylight,STOP SIGN,NONE DETECTED,No,No Apparent Injury,"N/A, WET",NOT DISTRACTED,MD,PASSENGER CAR,ACCELERATING,15,No,2014,MINI,2S,38.98832683,-77.00069567,2022,5,11
220020797,Property Damage Crash,05/16/2022 10:20:00 AM,NA,NA,OTHER,Clear,NA,Daylight,N/A,NONE DETECTED,Yes,No Apparent Injury,N/A,LOOKED BUT DID NOT SEE,MD,PASSENGER CAR,PARKING,25,No,2014,JEEP,TK,39.14225653,-77.2223777,2022,5,10
220020775,Property Damage Crash,05/16/2022 07:47:00 AM,RIVER RD,NA,SAME DIR REAR END,Clear,DRY,Daylight,TRAFFIC SIGNAL,NONE DETECTED,Yes,No Apparent Injury,N/A,NOT DISTRACTED,VA,PASSENGER CAR,SLOWING OR STOPPING,35,No,2016,TOYOTA,CAMRY,38.980487,-77.1339745,2022,5,7
220020775,Property Damage Crash,05/16/2022 07:47:00 AM,RIVER RD,NA,SAME DIR REAR END,Clear,DRY,Daylight,TRAFFIC SIGNAL,NONE DETECTED,No,No Apparent Injury,N/A,NOT DISTRACTED,MD,PASSENGER CAR,STOPPED IN TRAFFIC LANE,35,No,2018,CHEVROLET,SILVERADO,38.980487,-77.1339745,2022,5,7
220020760,Property Damage Crash,05/15/2022 11:42:00 PM,BRIGGS CHANEY RD,NA,STRAIGHT MOVEMENT ANGLE,Cloudy,DRY,Medium,TRAFFIC SIGNAL,NONE DETECTED,Yes,No Apparent Injury,N/A,UNKNOWN,NA,NA,MOVING CONSTANT SPEED,35,No,0,UNKNOWN,UNKNOWN,39.08350667,-76.94770833,2022,5,23
220020760,Property Damage Crash,05/15/2022 11:42:00 PM,BRIGGS CHANEY RD,NA,STRAIGHT MOVEMENT ANGLE,Cloudy,DRY,Medium,TRAFFIC SIGNAL,NONE DETECTED,No,No Apparent Injury,N/A,NOT DISTRACTED,MD,PASSENGER CAR,MAKING RIGHT TURN,35,No,2021,LEXUS,SEDAN,39.08350667,-76.94770833,2022,5,23
220020755,Injury Crash,05/15/2022 11:20:00 PM,LAYHILL RD,NA,SAME DIRECTION SIDESWIPE,Clear,DRY,Medium,TRAFFIC SIGNAL,NONE DETECTED,No,Possible Minor Injury,N/A,NOT DISTRACTED,VA,PASSENGER CAR,ACCELERATING,35,No,2015,NISS,ROGUE,39.06031167,-77.051285,2022,5,23
220020755,Injury Crash,05/15/2022 11:20:00 PM,LAYHILL RD,NA,SAME DIRECTION SIDESWIPE,Clear,DRY,Medium,TRAFFIC SIGNAL,NONE DETECTED,Yes,No Apparent Injury,N/A,UNKNOWN,XX,PASSENGER CAR,ACCELERATING,35,No,0,XX,XX,39.06031167,-77.051285,2022,5,23
220021067,Property Damage Crash,05/15/2022 10:30:00 PM,NA,NA,SAME DIRECTION SIDESWIPE,Clear,NA,Dark,NO CONTROLS,NONE DETECTED,Yes,No Apparent Injury,N/A,LOOKED BUT DID NOT SEE,MD,PASSENGER CAR,STARTING FROM PARKED,5,No,2007,LINCOLN,MKX,38.99662505,-77.00334231,2022,5,22
220021067,Property Damage Crash,05/15/2022 10:30:00 PM,NA,NA,SAME DIRECTION SIDESWIPE,Clear,NA,Dark,NO CONTROLS,NONE DETECTED,No,No Apparent Injury,N/A,NOT DISTRACTED,MD,PASSENGER CAR,PARKED,0,No,2014,HONDA,CIVIC,38.99662505,-77.00334231,2022,5,22
220020745,Property Damage Crash,05/15/2022 08:58:00 PM,COLUMBIA PIKE,NA,OTHER,Clear,WET,Dark,TRAFFIC SIGNAL,NONE DETECTED,No,No Apparent Injury,N/A,NOT DISTRACTED,MD,PASSENGER CAR,MOVING CONSTANT SPEED,55,No,2015,NISSAN,ALTIMA,39.05750509,-76.96798007,2022,5,20
220020745,Property Damage Crash,05/15/2022 08:58:00 PM,COLUMBIA PIKE,NA,OTHER,Clear,WET,Dark,TRAFFIC SIGNAL,NONE DETECTED,Yes,No Apparent Injury,N/A,UNKNOWN,NA,PASSENGER CAR,CHANGING LANES,55,No,2015,HONDA,ACCORD,39.05750509,-76.96798007,2022,5,20
220020742,Injury Crash,05/15/2022 08:54:00 PM,RALPH RD,NA,STRAIGHT MOVEMENT ANGLE,Clear,WET,Medium,NO CONTROLS,NONE DETECTED,Yes,Possible Minor Injury,"N/A, WET",LOOKED BUT DID NOT SEE,MD,PASSENGER CAR,MOVING CONSTANT SPEED,35,No,2016,HONDA,HR-V,39.07819112,-77.0719647,2022,5,20
220020742,Injury Crash,05/15/2022 08:54:00 PM,RALPH RD,NA,STRAIGHT MOVEMENT ANGLE,Clear,WET,Medium,NO CONTROLS,NONE DETECTED,No,Possible Minor Injury,"N/A, WET",NOT DISTRACTED,MD,PASSENGER CAR,MOVING CONSTANT SPEED,35,No,1991,HONDA,CIVIC,39.07819112,-77.0719647,2022,5,20
220020721,Injury Crash,05/15/2022 06:18:00 PM,CLOPPER RD,NA,HEAD ON LEFT TURN,Rain,WET,Daylight,TRAFFIC SIGNAL,NONE DETECTED,Yes,Possible Minor Injury,"RAIN, SNOW, WET",UNKNOWN,MD,PASSENGER CAR,MAKING LEFT TURN,30,No,2003,PONT,GRAND AM,39.15900643,-77.27528236,2022,5,18
220020721,Injury Crash,05/15/2022 06:18:00 PM,CLOPPER RD,NA,HEAD ON LEFT TURN,Rain,WET,Daylight,TRAFFIC SIGNAL,NONE DETECTED,No,Possible Minor Injury,"RAIN, SNOW, WET",NOT DISTRACTED,MD,(SPORT) UTILITY VEHICLE,MOVING CONSTANT SPEED,30,No,2007,TOYT,FJ,39.15900643,-77.27528236,2022,5,18
220020727,Property Damage Crash,05/15/2022 05:47:00 PM,CONNECTICUT AVE,NA,SAME DIR REAR END,Clear,DRY,Daylight,TRAFFIC SIGNAL,NONE DETECTED,Yes,No Apparent Injury,N/A,LOOKED BUT DID NOT SEE,MD,PASSENGER CAR,CHANGING LANES,35,No,2010,TOYT,4S,39.02789167,-77.07631333,2022,5,17
220020727,Property Damage Crash,05/15/2022 05:47:00 PM,CONNECTICUT AVE,NA,SAME DIR REAR END,Clear,DRY,Daylight,TRAFFIC SIGNAL,NONE DETECTED,No,No Apparent Injury,N/A,NOT DISTRACTED,FL,TRANSIT BUS,STOPPED IN TRAFFIC LANE,35,No,2016,GILL,BU,39.02789167,-77.07631333,2022,5,17
220020710,Property Damage Crash,05/15/2022 04:50:00 PM,PADDOCK LA,NA,SINGLE VEHICLE,Clear,DRY,Daylight,NO CONTROLS,NONE DETECTED,Yes,No Apparent Injury,N/A,NOT DISTRACTED,MD,PASSENGER CAR,UNKNOWN,25,No,2016,SUBARU,LEGACY,39.06681117,-77.1851745,2022,5,16
220020698,Property Damage Crash,05/15/2022 03:43:00 PM,NA,NA,OTHER,Clear,NA,Daylight,NO CONTROLS,NONE DETECTED,Yes,No Apparent Injury,N/A,NOT DISTRACTED,MD,PASSENGER CAR,BACKING,15,No,2012,SUBARU,IMPREZA,38.99982167,-76.99046667,2022,5,15
220020698,Property Damage Crash,05/15/2022 03:43:00 PM,NA,NA,OTHER,Clear,NA,Daylight,NO CONTROLS,NONE DETECTED,No,No Apparent Injury,N/A,NOT DISTRACTED,MD,POLICE VEHICLE/NON EMERGENCY,MOVING CONSTANT SPEED,15,No,2016,FORD,INTERCEPTOR,38.99982167,-76.99046667,2022,5,15
220020693,Property Damage Crash,05/15/2022 02:37:00 PM,E RANDOLPH RD,NA,SINGLE VEHICLE,Clear,DRY,Daylight,STOP SIGN,NONE DETECTED,Yes,No Apparent Injury,N/A,UNKNOWN,NA,PASSENGER CAR,UNKNOWN,15,No,2017,DODGE,JOURNEY,39.06559833,-76.973845,2022,5,14
220020677,Injury Crash,05/15/2022 12:32:00 PM,MATENY RD,BICYCLIST,OTHER,Clear,DRY,Daylight,TRAFFIC SIGNAL,NONE DETECTED,Yes,No Apparent Injury,N/A,BY OTHER OCCUPANTS,MD,(SPORT) UTILITY VEHICLE,MAKING RIGHT TURN,35,No,2014,BMW,X5,39.14622307,-77.27464274,2022,5,12
220020678,Property Damage Crash,05/15/2022 12:30:00 PM,GEORGIA AVE,NA,SAME DIRECTION SIDESWIPE,Clear,DRY,Daylight,N/A,NONE DETECTED,Yes,No Apparent Injury,N/A,NOT DISTRACTED,MD,PASSENGER CAR,CHANGING LANES,35,No,2009,TOYOTA,TACOMA,39.02366333,-77.04481333,2022,5,12
220020678,Property Damage Crash,05/15/2022 12:30:00 PM,GEORGIA AVE,NA,SAME DIRECTION SIDESWIPE,Clear,DRY,Daylight,N/A,NONE DETECTED,No,No Apparent Injury,N/A,NOT DISTRACTED,DC,PASSENGER CAR,MOVING CONSTANT SPEED,35,No,2018,HONDA,CRV,39.02366333,-77.04481333,2022,5,12
220020679,Property Damage Crash,05/15/2022 12:06:00 PM,NA,NA,OTHER,Clear,NA,Daylight,NO CONTROLS,NONE DETECTED,Yes,No Apparent Injury,N/A,UNKNOWN,NA,PASSENGER CAR,BACKING,15,No,2001,TOYT,SIENNA,39.14340667,-77.21802833,2022,5,12
220020676,Property Damage Crash,05/15/2022 11:46:00 AM,BAILEYS LA,NA,OPPOSITE DIRECTION SIDESWIPE,Clear,DRY,Daylight,NO CONTROLS,NONE DETECTED,Yes,No Apparent Injury,N/A,NOT DISTRACTED,MD,PASSENGER CAR,MAKING LEFT TURN,25,No,2014,KIA,FORTE,39.10784833,-77.05856667,2022,5,11
22020669,Injury Crash,05/15/2022 11:25:00 AM,BRINK RD,NA,SAME DIR REAR END,Clear,DRY,Daylight,TRAFFIC SIGNAL,NONE DETECTED,No,No Apparent Injury,N/A,NOT DISTRACTED,MD,PASSENGER CAR,STARTING FROM LANE,40,No,2010,TOYOTA,COROLLA,39.21016014,-77.23880037,2022,5,11
22020669,Injury Crash,05/15/2022 11:25:00 AM,BRINK RD,NA,SAME DIR REAR END,Clear,DRY,Daylight,TRAFFIC SIGNAL,NONE DETECTED,Yes,No Apparent Injury,N/A,LOOKED BUT DID NOT SEE,MD,AMBULANCE/EMERGENCY,STARTING FROM LANE,40,No,2016,HONDA,CIVIC,39.21016014,-77.23880037,2022,5,11
220020663,Property Damage Crash,05/15/2022 09:33:00 AM,NA,NA,N/A,Clear,NA,Daylight,N/A,DRUG AND ALCOHOL CONTRIBUTED,Yes,No Apparent Injury,N/A,OTHER DISTRACTION,MD,PASSENGER CAR,STARTING FROM PARKED,10,No,2012,CHRYSLER,300,39.09408057,-77.1490269,2022,5,9
220020657,Injury Crash,05/15/2022 09:21:00 AM,NORBECK RD,NA,HEAD ON LEFT TURN,Cloudy,DRY,Daylight,TRAFFIC SIGNAL,NONE DETECTED,No,Possible Minor Injury,N/A,NOT DISTRACTED,MD,PASSENGER CAR,MOVING CONSTANT SPEED,45,No,2012,NISSAN,MURANO,39.10955667,-77.07672833,2022,5,9
220020657,Injury Crash,05/15/2022 09:21:00 AM,NORBECK RD,NA,HEAD ON LEFT TURN,Cloudy,DRY,Daylight,TRAFFIC SIGNAL,NONE DETECTED,Yes,No Apparent Injury,N/A,NOT DISTRACTED,PA,PASSENGER CAR,MAKING LEFT TURN,45,No,2012,HYUN,SW,39.10955667,-77.07672833,2022,5,9
220020654,Property Damage Crash,05/15/2022 04:27:00 AM,CLOPPER RD,NA,SINGLE VEHICLE,Clear,DRY,Dark,N/A,ALCOHOL PRESENT,Yes,No Apparent Injury,N/A,NOT DISTRACTED,MD,VAN,MOVING CONSTANT SPEED,45,No,2021,TOYT,VN SIENNA,39.15387356,-77.24995734,2022,5,4
220020653,Property Damage Crash,05/15/2022 03:46:00 AM,CARROLL AVE,NA,SAME DIRECTION SIDESWIPE,Clear,DRY,Medium,NO CONTROLS,NONE DETECTED,Yes,No Apparent Injury,N/A,UNKNOWN,MD,PASSENGER CAR,NEGOTIATING A CURVE,5,No,2015,HONDA,ACCORD,38.98098964,-77.00264975,2022,5,3
220020647,Property Damage Crash,05/15/2022 02:45:00 AM,SPRING AVE,NA,OTHER,Clear,DRY,Medium,N/A,NONE DETECTED,Yes,No Apparent Injury,N/A,LOOKED BUT DID NOT SEE,MD,PASSENGER CAR,MOVING CONSTANT SPEED,30,No,2012,CHRYSLER,300,39.09333,-77.14902,2022,5,2
220020673,Property Damage Crash,05/15/2022 01:26:00 AM,NA,NA,SAME DIR REAR END,Clear,NA,Medium,N/A,NONE DETECTED,Yes,No Apparent Injury,N/A,NOT DISTRACTED,NA,PASSENGER CAR,OTHER,15,No,2021,FORD,F150 ROCKY RIDGE,39.08015861,-76.9496478,2022,5,1
220020639,Injury Crash,05/15/2022 01:14:00 AM,CONNECTICUT AVE,NA,SINGLE VEHICLE,Clear,DRY,Medium,NO CONTROLS,NONE DETECTED,Yes,Possible Minor Injury,N/A,INATTENTIVE OR LOST IN THOUGHT,MD,PASSENGER CAR,MOVING CONSTANT SPEED,35,No,2018,HOND,SW,39.02469583,-77.07579817,2022,5,1
220020634,Property Damage Crash,05/15/2022 12:16:00 AM,GEORGIA AVE,NA,SINGLE VEHICLE,Clear,DRY,Medium,TRAFFIC SIGNAL,ALCOHOL PRESENT,Yes,No Apparent Injury,N/A,LOOKED BUT DID NOT SEE,MD,PASSENGER CAR,MAKING LEFT TURN,35,No,2008,VOLVO,C70,38.99583,-77.02752667,2022,5,0
220020633,Property Damage Crash,05/15/2022 12:01:00 AM,SILVER SPRING AVE,NA,HEAD ON LEFT TURN,Clear,N/A,Dark,NO CONTROLS,NONE DETECTED,Yes,No Apparent Injury,N/A,UNKNOWN,NA,PASSENGER CAR,MOVING CONSTANT SPEED,15,No,2018,NISSAN,MAXIMA,38.99172121,-77.02293987,2022,5,0
220020635,Property Damage Crash,05/14/2022 11:47:00 PM,ATHERTON DR,NA,SAME DIRECTION SIDESWIPE,Clear,DRY,Medium,NO CONTROLS,NONE DETECTED,Yes,No Apparent Injury,N/A,UNKNOWN,NA,PASSENGER CAR,MOVING CONSTANT SPEED,25,No,2022,TOYOTA,CAMRY,39.06537,-77.07645167,2022,5,23
220020631,Property Damage Crash,05/14/2022 11:41:00 PM,RUATAN ST,NA,OTHER,Clear,DRY,Medium,NO CONTROLS,NONE DETECTED,Yes,No Apparent Injury,N/A,UNKNOWN,MD,PICKUP TRUCK,BACKING,35,No,2018,FORD,F350,38.99999034,-76.98609881,2022,5,23
220020631,Property Damage Crash,05/14/2022 11:41:00 PM,RUATAN ST,NA,OTHER,Clear,DRY,Medium,NO CONTROLS,NONE DETECTED,No,No Apparent Injury,N/A,NOT DISTRACTED,MD,TRANSIT BUS,STOPPED IN TRAFFIC LANE,35,No,2014,GILLIG,LOW FLOOR BUS,38.99999034,-76.98609881,2022,5,23
220020610,Property Damage Crash,05/14/2022 08:50:00 PM,NA,NA,OTHER,Clear,NA,Medium,NO CONTROLS,NONE DETECTED,Yes,No Apparent Injury,N/A,UNKNOWN,NA,"OTHER LIGHT TRUCKS (10,000LBS (4,536KG) OR LESS)",STARTING FROM PARKED,15,No,2007,GMC,TK,39.05684253,-77.08254136,2022,5,20
220020620,Property Damage Crash,05/14/2022 08:14:00 PM,RILEYS LOCK RD,NA,SINGLE VEHICLE,Clear,DRY,Medium,N/A,NONE DETECTED,Yes,No Apparent Injury,"ANIMAL, N/A",NOT DISTRACTED,MD,PASSENGER CAR,SKIDDING,25,No,2006,ACURA,MDX,39.076995,-77.34122667,2022,5,20
220020581,Property Damage Crash,05/14/2022 04:45:00 PM,FATHER HURLEY BLVD,NA,STRAIGHT MOVEMENT ANGLE,Clear,DRY,Daylight,TRAFFIC SIGNAL,NONE DETECTED,Unknown,No Apparent Injury,N/A,UNKNOWN,MD,PASSENGER CAR,MOVING CONSTANT SPEED,35,No,2013,TOYT,4H,39.18146,-77.27605167,2022,5,16
220020581,Property Damage Crash,05/14/2022 04:45:00 PM,FATHER HURLEY BLVD,NA,STRAIGHT MOVEMENT ANGLE,Clear,DRY,Daylight,TRAFFIC SIGNAL,NONE DETECTED,Unknown,No Apparent Injury,N/A,UNKNOWN,MD,PASSENGER CAR,MOVING CONSTANT SPEED,35,No,2017,HYUN,TK,39.18146,-77.27605167,2022,5,16
220020580,Property Damage Crash,05/14/2022 04:32:00 PM,GEORGIA AVE,NA,SAME DIRECTION SIDESWIPE,Clear,DRY,Daylight,NO CONTROLS,ALCOHOL PRESENT,Yes,No Apparent Injury,N/A,NOT DISTRACTED,DC,PASSENGER CAR,MOVING CONSTANT SPEED,35,No,2015,HONDA,CIVIC,38.98421667,-77.0267,2022,5,16
220020580,Property Damage Crash,05/14/2022 04:32:00 PM,GEORGIA AVE,NA,SAME DIRECTION SIDESWIPE,Clear,DRY,Daylight,NO CONTROLS,NONE DETECTED,No,No Apparent Injury,N/A,NOT DISTRACTED,DC,PASSENGER CAR,MOVING CONSTANT SPEED,35,No,2007,LEXUS,LS460,38.98421667,-77.0267,2022,5,16
220020577,Property Damage Crash,05/14/2022 03:51:00 PM,GEORGIA AVE,NA,SAME DIR REAR END,Rain,WET,Daylight,TRAFFIC SIGNAL,NONE DETECTED,Yes,No Apparent Injury,"N/A, WET",OTHER CELLULAR PHONE RELATED,MD,PASSENGER CAR,SLOWING OR STOPPING,35,No,1998,FORD,TAURUS,39.068848,-77.06181133,2022,5,15
220020577,Property Damage Crash,05/14/2022 03:51:00 PM,GEORGIA AVE,NA,SAME DIR REAR END,Rain,WET,Daylight,TRAFFIC SIGNAL,NONE DETECTED,No,No Apparent Injury,"N/A, WET",NOT DISTRACTED,MD,PICKUP TRUCK,ACCELERATING,35,No,2007,NISSAN,FRONTIER,39.068848,-77.06181133,2022,5,15
220020574,Property Damage Crash,05/14/2022 03:48:00 PM,NA,NA,OTHER,Clear,NA,Daylight,NO CONTROLS,NONE DETECTED,Yes,No Apparent Injury,N/A,NOT DISTRACTED,DC,PASSENGER CAR,PARKING,0,No,2013,DODGE,JOURNEY,39.07822333,-77.080305,2022,5,15
220020554,Injury Crash,05/14/2022 01:10:00 PM,SHADY GROVE RD,NA,HEAD ON LEFT TURN,Clear,DRY,Daylight,TRAFFIC SIGNAL,NONE DETECTED,Yes,No Apparent Injury,N/A,UNKNOWN,MD,(SPORT) UTILITY VEHICLE,MAKING LEFT TURN,35,No,2020,JEEP,UT,39.12861333,-77.16745833,2022,5,13
220020554,Injury Crash,05/14/2022 01:10:00 PM,SHADY GROVE RD,NA,HEAD ON LEFT TURN,Clear,DRY,Daylight,TRAFFIC SIGNAL,NONE DETECTED,No,Possible Minor Injury,N/A,NOT DISTRACTED,MD,PASSENGER CAR,MOVING CONSTANT SPEED,35,No,2021,TOYT,SD,39.12861333,-77.16745833,2022,5,13
220020556,Property Damage Crash,05/14/2022 01:03:00 PM,COLUMBIA PIKE,NA,SINGLE VEHICLE,Rain,WET,Daylight,NO CONTROLS,NONE DETECTED,Yes,No Apparent Injury,N/A,LOOKED BUT DID NOT SEE,MD,PASSENGER CAR,CHANGING LANES,50,No,1999,NISSAN,ALTIMA,39.07898667,-76.95201667,2022,5,13
220020547,Property Damage Crash,05/14/2022 11:17:00 AM,FREDERICK RD,NA,SAME DIRECTION RIGHT TURN,Clear,DRY,Daylight,TRAFFIC SIGNAL,NONE DETECTED,Yes,No Apparent Injury,N/A,LOOKED BUT DID NOT SEE,MD,PASSENGER CAR,STARTING FROM LANE,40,No,2005,TOYOTA,CAMRY,39.11910536,-77.17171238,2022,5,11
220020547,Property Damage Crash,05/14/2022 11:17:00 AM,FREDERICK RD,NA,SAME DIRECTION RIGHT TURN,Clear,DRY,Daylight,TRAFFIC SIGNAL,NONE DETECTED,No,No Apparent Injury,N/A,NOT DISTRACTED,MD,PASSENGER CAR,STARTING FROM LANE,40,No,2021,FORD,EXPEDITION,39.11910536,-77.17171238,2022,5,11
220020543,Property Damage Crash,05/14/2022 11:10:00 AM,WATKINS MILL RD,NA,SAME DIR REAR END,Cloudy,WET,Daylight,NO CONTROLS,NONE DETECTED,No,No Apparent Injury,N/A,NOT DISTRACTED,MD,PASSENGER CAR,SLOWING OR STOPPING,35,No,2019,TOYT,CAMRY,39.15997283,-77.21536467,2022,5,11
220020543,Property Damage Crash,05/14/2022 11:10:00 AM,WATKINS MILL RD,NA,SAME DIR REAR END,Cloudy,WET,Daylight,NO CONTROLS,NONE DETECTED,Yes,No Apparent Injury,N/A,NOT DISTRACTED,MD,PASSENGER CAR,MOVING CONSTANT SPEED,35,No,2016,FORD,FUSION,39.15997283,-77.21536467,2022,5,11
220020542,Property Damage Crash,05/14/2022 11:01:00 AM,NA,NA,SAME DIR REAR END,Cloudy,NA,Daylight,NO CONTROLS,NONE DETECTED,No,No Apparent Injury,N/A,NOT DISTRACTED,MD,PASSENGER CAR,STOPPED IN TRAFFIC LANE,15,No,2014,NISS,4S,39.05653167,-76.96686667,2022,5,11
220020542,Property Damage Crash,05/14/2022 11:01:00 AM,NA,NA,SAME DIR REAR END,Cloudy,NA,Daylight,NO CONTROLS,NONE DETECTED,Yes,No Apparent Injury,N/A,EATING OR DRINKING,NA,PASSENGER CAR,ACCELERATING,15,No,1999,ACURA,SEDAN,39.05653167,-76.96686667,2022,5,11
220020539,Injury Crash,05/14/2022 10:47:00 AM,NEW HAMPSHIRE AVE,NA,STRAIGHT MOVEMENT ANGLE,Cloudy,DRY,Daylight,STOP SIGN,NONE DETECTED,Yes,Possible Minor Injury,N/A,UNKNOWN,MD,PASSENGER CAR,MAKING LEFT TURN,40,No,2018,NISSAN,MURANO,39.17902667,-77.02694,2022,5,10
220020539,Injury Crash,05/14/2022 10:47:00 AM,NEW HAMPSHIRE AVE,NA,STRAIGHT MOVEMENT ANGLE,Cloudy,DRY,Daylight,STOP SIGN,NONE DETECTED,No,Possible Minor Injury,N/A,UNKNOWN,MD,PASSENGER CAR,SLOWING OR STOPPING,40,No,2010,HYUNDAI,SONATA,39.17902667,-77.02694,2022,5,10
220020540,Injury Crash,05/14/2022 10:38:00 AM,RIVER RD,NA,HEAD ON LEFT TURN,Cloudy,DRY,Daylight,TRAFFIC SIGNAL,NONE DETECTED,Yes,No Apparent Injury,N/A,LOOKED BUT DID NOT SEE,DC,PASSENGER CAR,MAKING LEFT TURN,35,No,2021,JEEP,WRANGLER,38.990369,-77.15265433,2022,5,10