Local Case Number,ACRS Report Type,Crash Date/Time,Road Name,Related Non-Motorist,Collision Type,Weather,Surface Condition,Light,Traffic Control,Driver Substance Abuse,Driver At Fault,Injury Severity,Circumstance,Driver Distracted By,Drivers License State,Vehicle Body Type,Vehicle Movement,Speed Limit,Driverless Vehicle,Vehicle Year,Vehicle Make,Vehicle Model,Latitude,Longitude,Year,Month,Hour
220020151,Property Damage Crash,05/12/2022 09:02:00 AM,S FREDERICK RD,NA,SAME DIRECTION SIDESWIPE,Cloudy,DRY,Daylight,TRAFFIC SIGNAL,NONE DETECTED,Yes,No Apparent Injury,N/A,LOOKED BUT DID NOT SEE,MD,SCHOOL BUS,MAKING RIGHT TURN,35,No,2012,THOMAS,CONV-MSDE-C-8,39.1319971,-77.18888233,2022,5,9
220020151,Property Damage Crash,05/12/2022 09:02:00 AM,S FREDERICK RD,NA,SAME DIRECTION SIDESWIPE,Cloudy,DRY,Daylight,TRAFFIC SIGNAL,NONE DETECTED,No,No Apparent Injury,N/A,NOT DISTRACTED,MD,PASSENGER CAR,MAKING RIGHT TURN,35,No,2016,FORD,CP,39.1319971,-77.18888233,2022,5,9
220020148,Property Damage Crash,05/12/2022 08:52:00 AM,OLD HUNDRED RD,NA,SAME DIR REAR END,Cloudy,DRY,Daylight,N/A,NONE DETECTED,No,No Apparent Injury,"BACKUP DUE TO NON-RECURRING INCIDENT, N/A",NOT DISTRACTED,MD,PICKUP TRUCK,STOPPED IN TRAFFIC LANE,40,No,2022,FORD,RANGER,39.27422833,-77.33761167,2022,5,8
220020148,Property Damage Crash,05/12/2022 08:52:00 AM,OLD HUNDRED RD,NA,SAME DIR REAR END,Cloudy,DRY,Daylight,N/A,NONE DETECTED,Yes,No Apparent Injury,"BACKUP DUE TO NON-RECURRING INCIDENT, N/A",OTHER CELLULAR PHONE RELATED,MD,PASSENGER CAR,MOVING CONSTANT SPEED,40,No,2010,HYUNDAI,SONATA,39.27422833,-77.33761167,2022,5,8
220020145,Injury Crash,05/12/2022 08:37:00 AM,SHADY GROVE RD,BICYCLIST,OTHER,Cloudy,DRY,Daylight,TRAFFIC SIGNAL,NONE DETECTED,Yes,No Apparent Injury,N/A,LOOKED BUT DID NOT SEE,MD,PASSENGER CAR,MAKING RIGHT TURN,40,No,2015,TOYT,TK,39.10946505,-77.18828765,2022,5,8
220020147,Property Damage Crash,05/12/2022 08:30:00 AM,NA,NA,SAME DIRECTION SIDESWIPE,Cloudy,NA,Daylight,NO CONTROLS,NONE DETECTED,Yes,No Apparent Injury,N/A,UNKNOWN,MD,SCHOOL BUS,STARTING FROM PARKED,0,No,2018,THOMAS,PUSHER,39.199549,-77.24846783,2022,5,8
220020141,Property Damage Crash,05/12/2022 07:50:00 AM,MIDCOUNTY HWY,NA,SAME DIR REAR END,Cloudy,DRY,Daylight,N/A,NONE DETECTED,Yes,No Apparent Injury,N/A,LOOKED BUT DID NOT SEE,MD,"OTHER LIGHT TRUCKS (10,000LBS (4,536KG) OR LESS)",MOVING CONSTANT SPEED,50,No,2016,INTL,2220,39.15839333,-77.19417,2022,5,7
220020141,Property Damage Crash,05/12/2022 07:50:00 AM,MIDCOUNTY HWY,NA,SAME DIR REAR END,Cloudy,DRY,Daylight,N/A,NONE DETECTED,No,No Apparent Injury,N/A,NOT DISTRACTED,MD,(SPORT) UTILITY VEHICLE,STOPPED IN TRAFFIC LANE,50,No,2011,MERZ,ML350,39.15839333,-77.19417,2022,5,7
220020141,Property Damage Crash,05/12/2022 07:50:00 AM,MIDCOUNTY HWY,NA,SAME DIR REAR END,Cloudy,DRY,Daylight,N/A,NONE DETECTED,No,No Apparent Injury,N/A,NOT DISTRACTED,MD,PASSENGER CAR,STOPPED IN TRAFFIC LANE,50,No,2007,INFI,G35,39.15839333,-77.19417,2022,5,7
220020141,Property Damage Crash,05/12/2022 07:50:00 AM,MIDCOUNTY HWY,NA,SAME DIR REAR END,Cloudy,DRY,Daylight,N/A,NONE DETECTED,No,No Apparent Injury,N/A,NOT DISTRACTED,MD,(SPORT) UTILITY VEHICLE,STOPPED IN TRAFFIC LANE,50,No,2020,TOYT,RAV4,39.15839333,-77.19417,2022,5,7
220020140,Property Damage Crash,05/12/2022 07:40:00 AM,CONNECTICUT AVE,NA,SAME DIR REAR END,Cloudy,DRY,Daylight,TRAFFIC SIGNAL,NONE DETECTED,Unknown,No Apparent Injury,"BACKUP DUE TO PRIOR CRASH, N/A",NOT DISTRACTED,MD,PASSENGER CAR,SLOWING OR STOPPING,35,No,2012,TOYOTA,YARIS,39.07631945,-77.08071365,2022,5,7
220020170,Property Damage Crash,05/12/2022 07:40:00 AM,CONNECTICUT AVE,NA,SAME DIR REAR END,Cloudy,DRY,Daylight,TRAFFIC SIGNAL,NONE DETECTED,Unknown,No Apparent Injury,N/A,NOT DISTRACTED,MD,PASSENGER CAR,SLOWING OR STOPPING,35,No,2010,HYUNDI,SUV,39.07631557,-77.08071576,2022,5,7
220020140,Property Damage Crash,05/12/2022 07:40:00 AM,CONNECTICUT AVE,NA,SAME DIR REAR END,Cloudy,DRY,Daylight,TRAFFIC SIGNAL,NONE DETECTED,Unknown,No Apparent Injury,"BACKUP DUE TO PRIOR CRASH, N/A",NOT DISTRACTED,MD,PASSENGER CAR,SLOWING OR STOPPING,35,No,2018,AUDI,SUV,39.07631945,-77.08071365,2022,5,7
220020170,Property Damage Crash,05/12/2022 07:40:00 AM,CONNECTICUT AVE,NA,SAME DIR REAR END,Cloudy,DRY,Daylight,TRAFFIC SIGNAL,NONE DETECTED,Unknown,No Apparent Injury,N/A,NOT DISTRACTED,MD,PASSENGER CAR,SLOWING OR STOPPING,35,No,2019,BUICK,SUV,39.07631557,-77.08071576,2022,5,7
220020152,Fatal Crash,05/12/2022 07:35:00 AM,CONNECTICUT AVE,NA,STRAIGHT MOVEMENT ANGLE,Clear,DRY,Daylight,STOP SIGN,NONE DETECTED,Yes,Possible Minor Injury,N/A,UNKNOWN,MD,PASSENGER CAR,MOVING CONSTANT SPEED,35,No,2015,KIA,OPTIMA,39.06714613,-77.07491789,2022,5,7
220020152,Fatal Crash,05/12/2022 07:35:00 AM,CONNECTICUT AVE,NA,STRAIGHT MOVEMENT ANGLE,Clear,DRY,Daylight,STOP SIGN,NONE DETECTED,No,Possible Minor Injury,N/A,UNKNOWN,MD,PICKUP TRUCK,MAKING LEFT TURN,25,No,1997,FORD,F150,39.06714613,-77.07491789,2022,5,7
220020124,Property Damage Crash,05/12/2022 12:30:00 AM,NA,NA,SINGLE VEHICLE,Clear,NA,Medium,NO CONTROLS,NONE DETECTED,Yes,No Apparent Injury,N/A,LOOKED BUT DID NOT SEE,MD,POLICE VEHICLE/EMERGENCY,MAKING LEFT TURN,25,No,2018,FORD,INTERCEPTOR,39.18144646,-77.2637474,2022,5,0
220020094,Property Damage Crash,05/11/2022 08:01:00 PM,NORBECK RD,NA,SAME DIR REAR END,Clear,DRY,Medium,TRAFFIC SIGNAL,NONE DETECTED,No,No Apparent Injury,N/A,NOT DISTRACTED,MD,PASSENGER CAR,SLOWING OR STOPPING,35,No,2020,BMW,530I,39.099015,-77.10088667,2022,5,20
220020094,Property Damage Crash,05/11/2022 08:01:00 PM,NORBECK RD,NA,SAME DIR REAR END,Clear,DRY,Medium,TRAFFIC SIGNAL,NONE DETECTED,Yes,No Apparent Injury,N/A,NOT DISTRACTED,MD,PASSENGER CAR,MOVING CONSTANT SPEED,35,No,2021,JEEP,CHEROKEE,39.099015,-77.10088667,2022,5,20
220020092,Injury Crash,05/11/2022 06:59:00 PM,NA,NA,HEAD ON,Clear,NA,Daylight,NO CONTROLS,NONE DETECTED,Yes,Suspected Serious Injury,N/A,UNKNOWN,MD,MOTORCYCLE,MOVING CONSTANT SPEED,0,No,2022,YAMAHA,TT-R90,39.10877419,-77.37291957,2022,5,18
220020092,Injury Crash,05/11/2022 06:59:00 PM,NA,NA,HEAD ON,Clear,NA,Daylight,NO CONTROLS,NONE DETECTED,Yes,Suspected Serious Injury,N/A,UNKNOWN,MD,MOTORCYCLE,MOVING CONSTANT SPEED,0,No,2022,YAMAHA,YZF 250,39.10877419,-77.37291957,2022,5,18
220020077,Property Damage Crash,05/11/2022 05:48:00 PM,HUNGERFORD DR,NA,SAME DIR REAR END,Cloudy,DRY,Daylight,NO CONTROLS,NONE DETECTED,No,No Apparent Injury,N/A,NOT DISTRACTED,MD,PASSENGER CAR,STOPPED IN TRAFFIC LANE,30,No,2016,CHEVROLET,SPARK,39.08623908,-77.1492392,2022,5,17
220020077,Property Damage Crash,05/11/2022 05:48:00 PM,HUNGERFORD DR,NA,SAME DIR REAR END,Cloudy,DRY,Daylight,NO CONTROLS,NONE DETECTED,No,No Apparent Injury,N/A,NOT DISTRACTED,MD,PASSENGER CAR,STOPPED IN TRAFFIC LANE,30,No,2008,TOYOTA,PRIUS,39.08623908,-77.1492392,2022,5,17
220020077,Property Damage Crash,05/11/2022 05:48:00 PM,HUNGERFORD DR,NA,SAME DIR REAR END,Cloudy,DRY,Daylight,NO CONTROLS,NONE DETECTED,Yes,No Apparent Injury,N/A,UNKNOWN,MD,VAN,MOVING CONSTANT SPEED,30,No,2013,TOYOTA,SIENNA,39.08623908,-77.1492392,2022,5,17
220020074,Property Damage Crash,05/11/2022 05:00:00 PM,NA,NA,UNKNOWN,Clear,NA,Daylight,N/A,NONE DETECTED,Yes,No Apparent Injury,N/A,UNKNOWN,NA,UNKNOWN,STARTING FROM PARKED,5,No,0,UNKNOWN,UNKNOWN,39.1495512,-77.06590199,2022,5,17
220020069,Property Damage Crash,05/11/2022 04:20:00 PM,RIDGE RD,NA,SAME DIR REAR END,Clear,DRY,Daylight,NO CONTROLS,NONE DETECTED,No,No Apparent Injury,N/A,NOT DISTRACTED,MD,PASSENGER CAR,SLOWING OR STOPPING,30,No,2015,TOYOTA,YARIS,39.30718333,-77.19792667,2022,5,16
220020069,Property Damage Crash,05/11/2022 04:20:00 PM,RIDGE RD,NA,SAME DIR REAR END,Clear,DRY,Daylight,NO CONTROLS,NONE DETECTED,Yes,No Apparent Injury,N/A,NOT DISTRACTED,MD,PASSENGER CAR,SLOWING OR STOPPING,30,No,2005,FORD,FOCUS,39.30718333,-77.19792667,2022,5,16
220020053,Property Damage Crash,05/11/2022 02:30:00 PM,SANGAMORE RD,NA,STRAIGHT MOVEMENT ANGLE,Clear,DRY,Daylight,STOP SIGN,NONE DETECTED,Yes,No Apparent Injury,N/A,NOT DISTRACTED,VA,PASSENGER CAR,MOVING CONSTANT SPEED,25,No,2021,MERCEDES BENZ,GLC300,38.96269069,-77.12131812,2022,5,14
220020053,Property Damage Crash,05/11/2022 02:30:00 PM,SANGAMORE RD,NA,STRAIGHT MOVEMENT ANGLE,Clear,DRY,Daylight,STOP SIGN,NONE DETECTED,No,No Apparent Injury,N/A,NOT DISTRACTED,MD,PASSENGER CAR,MOVING CONSTANT SPEED,30,No,2010,LEXUS,ES350,38.96269069,-77.12131812,2022,5,14
220020049,Property Damage Crash,05/11/2022 02:25:00 PM,CONNECTICUT AVE,NA,SAME DIRECTION LEFT TURN,Clear,DRY,Daylight,NO CONTROLS,NONE DETECTED,No,No Apparent Injury,N/A,DISTRACTED BY OUTSIDE PERSON OBJECT OR EVENT,MD,VAN,MOVING CONSTANT SPEED,30,No,2012,HOND,ODYSSEY,38.97747916,-77.07697169,2022,5,14
220020049,Property Damage Crash,05/11/2022 02:25:00 PM,CONNECTICUT AVE,NA,SAME DIRECTION LEFT TURN,Clear,DRY,Daylight,NO CONTROLS,NONE DETECTED,No,No Apparent Injury,N/A,NOT DISTRACTED,DC,VAN,MOVING CONSTANT SPEED,30,No,2017,FORD,CG,38.97747916,-77.07697169,2022,5,14
220020054,Property Damage Crash,05/11/2022 02:15:00 PM,WARFIELD RD,NA,STRAIGHT MOVEMENT ANGLE,Clear,DRY,Daylight,STOP SIGN,NONE DETECTED,Yes,No Apparent Injury,N/A,UNKNOWN,MD,PASSENGER CAR,MOVING CONSTANT SPEED,25,No,2006,TOYT,COROLLA,39.19460667,-77.15833667,2022,5,14
220020054,Property Damage Crash,05/11/2022 02:15:00 PM,WARFIELD RD,NA,STRAIGHT MOVEMENT ANGLE,Clear,DRY,Daylight,STOP SIGN,NONE DETECTED,No,No Apparent Injury,N/A,NOT DISTRACTED,MD,(SPORT) UTILITY VEHICLE,MOVING CONSTANT SPEED,30,No,2003,CHEV,SUBURBAN,39.19460667,-77.15833667,2022,5,14
220020044,Property Damage Crash,05/11/2022 01:44:00 PM,ROCKVILLE PIKE,NA,HEAD ON LEFT TURN,Clear,DRY,Daylight,TRAFFIC SIGNAL,NONE DETECTED,No,No Apparent Injury,N/A,UNKNOWN,MD,(SPORT) UTILITY VEHICLE,MOVING CONSTANT SPEED,35,No,2020,CHEV,TRAV,39.07702928,-77.13944484,2022,5,13
220020044,Property Damage Crash,05/11/2022 01:44:00 PM,ROCKVILLE PIKE,NA,HEAD ON LEFT TURN,Clear,DRY,Daylight,TRAFFIC SIGNAL,NONE DETECTED,Yes,No Apparent Injury,N/A,UNKNOWN,MD,PASSENGER CAR,MAKING LEFT TURN,35,No,2008,TOY,CAMRY,39.07702928,-77.13944484,2022,5,13
220020028,Property Damage Crash,05/11/2022 12:24:00 PM,CLOPPER RD,NA,SAME DIRECTION RIGHT TURN,Clear,DRY,Daylight,NO CONTROLS,NONE DETECTED,Yes,No Apparent Injury,N/A,LOOKED BUT DID NOT SEE,MD,PASSENGER CAR,MOVING CONSTANT SPEED,35,No,2010,TOYOTA,SIENNA,39.14778987,-77.23444061,2022,5,12
220020028,Property Damage Crash,05/11/2022 12:24:00 PM,CLOPPER RD,NA,SAME DIRECTION RIGHT TURN,Clear,DRY,Daylight,NO CONTROLS,NONE DETECTED,No,No Apparent Injury,N/A,NOT DISTRACTED,MD,PASSENGER CAR,MOVING CONSTANT SPEED,35,No,2018,CHEV,IMPALA,39.14778987,-77.23444061,2022,5,12
220020005,Property Damage Crash,05/11/2022 11:24:00 AM,FREDERICK RD,NA,HEAD ON LEFT TURN,Clear,DRY,Daylight,NO CONTROLS,NONE DETECTED,No,No Apparent Injury,"N/A, VISION OBSTRUCTION (INCL. BLINDED BY SUN)",NOT DISTRACTED,MD,PASSENGER CAR,SLOWING OR STOPPING,30,No,2016,TOYOTA,COROLLA,39.24057667,-77.28176,2022,5,11
220020005,Property Damage Crash,05/11/2022 11:24:00 AM,FREDERICK RD,NA,HEAD ON LEFT TURN,Clear,DRY,Daylight,NO CONTROLS,NONE DETECTED,Yes,No Apparent Injury,"N/A, VISION OBSTRUCTION (INCL. BLINDED BY SUN)",LOOKED BUT DID NOT SEE,MD,PICKUP TRUCK,MAKING LEFT TURN,30,No,2008,CHEVROLET,SILVERADO,39.24057667,-77.28176,2022,5,11
220020064,Property Damage Crash,05/11/2022 11:00:00 AM,NA,NA,UNKNOWN,Clear,NA,Daylight,NO CONTROLS,NONE DETECTED,Yes,No Apparent Injury,N/A,UNKNOWN,NA,UNKNOWN,UNKNOWN,5,No,0,UNKNOWN,UNKNOWN,39.112678,-77.23558184,2022,5,11
220019997,Injury Crash,05/11/2022 10:18:00 AM,GEORGIA AVE,NA,HEAD ON LEFT TURN,Clear,DRY,Daylight,TRAFFIC SIGNAL,NONE DETECTED,No,Possible Minor Injury,N/A,NOT DISTRACTED,MD,PASSENGER CAR,MOVING CONSTANT SPEED,35,No,2011,BMW,535I,39.06819833,-77.06123833,2022,5,10
220019997,Injury Crash,05/11/2022 10:18:00 AM,GEORGIA AVE,NA,HEAD ON LEFT TURN,Clear,DRY,Daylight,TRAFFIC SIGNAL,NONE DETECTED,Yes,No Apparent Injury,N/A,LOOKED BUT DID NOT SEE,MD,PASSENGER CAR,MAKING LEFT TURN,35,No,2008,MAZDA,6,39.06819833,-77.06123833,2022,5,10
220019989,Property Damage Crash,05/11/2022 09:25:00 AM,NA,NA,STRAIGHT MOVEMENT ANGLE,Clear,NA,Daylight,STOP SIGN,NONE DETECTED,Yes,No Apparent Injury,N/A,LOOKED BUT DID NOT SEE,MD,"CARGO VAN/LIGHT TRUCK 2 AXLES (OVER 10,000LBS (4,536 KG))",STARTING FROM PARKED,15,No,2010,CHEVROLET,TRUCK,39.01874333,-77.01001667,2022,5,9
220019989,Property Damage Crash,05/11/2022 09:25:00 AM,NA,NA,STRAIGHT MOVEMENT ANGLE,Clear,NA,Daylight,STOP SIGN,NONE DETECTED,No,No Apparent Injury,N/A,NOT DISTRACTED,MD,(SPORT) UTILITY VEHICLE,MOVING CONSTANT SPEED,15,No,2016,TOYOTA,RAV4,39.01874333,-77.01001667,2022,5,9
220019977,Injury Crash,05/11/2022 08:45:00 AM,MONTGOMERY VILLAGE AVE,NA,STRAIGHT MOVEMENT ANGLE,Clear,DRY,Daylight,TRAFFIC SIGNAL,NONE DETECTED,Yes,Possible Minor Injury,"N/A, TRAFFIC CONTROL DEVICE INOPERATIVE",LOOKED BUT DID NOT SEE,MD,PASSENGER CAR,MOVING CONSTANT SPEED,35,No,2015,HYUNDAI,SONATA,39.17466667,-77.20385833,2022,5,8
220019977,Injury Crash,05/11/2022 08:45:00 AM,MONTGOMERY VILLAGE AVE,NA,STRAIGHT MOVEMENT ANGLE,Clear,DRY,Daylight,TRAFFIC SIGNAL,NONE DETECTED,No,No Apparent Injury,"N/A, TRAFFIC CONTROL DEVICE INOPERATIVE",NOT DISTRACTED,MD,PASSENGER CAR,MOVING CONSTANT SPEED,35,No,1997,TOYOTA,CORROLLA,39.17466667,-77.20385833,2022,5,8
220019965,Property Damage Crash,05/11/2022 03:37:00 AM,COLUMBIA PIKE,NA,SINGLE VEHICLE,Clear,DRY,Medium,NO CONTROLS,DRUG PRESENT,Yes,No Apparent Injury,N/A,UNKNOWN,MD,PASSENGER CAR,MOVING CONSTANT SPEED,55,No,2001,HONDA,ACCORD,39.11670319,-76.92774148,2022,5,3
220019960,Property Damage Crash,05/11/2022 12:37:00 AM,NA,NA,OTHER,Clear,NA,Medium,NO CONTROLS,NONE DETECTED,Yes,No Apparent Injury,N/A,NOT DISTRACTED,MD,PICKUP TRUCK,MOVING CONSTANT SPEED,15,No,2017,RAM,1500,39.17846167,-77.26099,2022,5,0
220019955,Property Damage Crash,05/10/2022 11:30:00 PM,EISENHOWER MEMORIAL HWY,NA,SINGLE VEHICLE,Clear,DRY,Medium,N/A,NONE DETECTED,No,No Apparent Injury,N/A,LOOKED BUT DID NOT SEE,MD,POLICE VEHICLE/NON EMERGENCY,MOVING CONSTANT SPEED,55,No,2021,FORD,EXPLORER,39.17952553,-77.2502639,2022,5,23
220019946,Injury Crash,05/10/2022 10:00:00 PM,GEORGIA AVE,PEDESTRIAN,STRAIGHT MOVEMENT ANGLE,Clear,DRY,Medium,TRAFFIC SIGNAL,NONE DETECTED,Yes,No Apparent Injury,N/A,LOOKED BUT DID NOT SEE,MD,"OTHER LIGHT TRUCKS (10,000LBS (4,536KG) OR LESS)",MAKING LEFT TURN,35,No,2016,ISUZU,TK,38.99291668,-77.02660492,2022,5,22
220019938,Injury Crash,05/10/2022 09:00:00 PM,GEORGIA AVE,NA,HEAD ON,Clear,DRY,Dark,NO CONTROLS,NONE DETECTED,No,Possible Minor Injury,N/A,NOT DISTRACTED,MD,PASSENGER CAR,MOVING CONSTANT SPEED,40,No,2016,HYUNDAI,4S,39.192885,-77.06638,2022,5,21
220019938,Injury Crash,05/10/2022 09:00:00 PM,GEORGIA AVE,NA,HEAD ON,Clear,DRY,Dark,NO CONTROLS,NONE DETECTED,Yes,Possible Minor Injury,N/A,LOOKED BUT DID NOT SEE,MD,PASSENGER CAR,MOVING CONSTANT SPEED,40,No,2007,LEXUS,IS,39.192885,-77.06638,2022,5,21
220019942,Property Damage Crash,05/10/2022 08:47:00 PM,BRIGGS CHANEY RD,BICYCLIST,OTHER,Clear,DRY,Dark,NO CONTROLS,NONE DETECTED,Yes,No Apparent Injury,N/A,LOOKED BUT DID NOT SEE,MD,PASSENGER CAR,MAKING LEFT TURN,30,No,2016,NISS,SENTRA,39.07957667,-76.94478167,2022,5,20
220019930,Property Damage Crash,05/10/2022 07:14:00 PM,BLAIR MILL RD,NA,SAME DIRECTION SIDESWIPE,Clear,DRY,Daylight,NO CONTROLS,NONE DETECTED,Yes,No Apparent Injury,N/A,NOT DISTRACTED,DC,PASSENGER CAR,MOVING CONSTANT SPEED,25,No,2013,TOYOTA,PRIUS,38.99008458,-77.03230626,2022,5,19
220019926,Property Damage Crash,05/10/2022 06:54:00 PM,CONNECTICUT AVE,NA,STRAIGHT MOVEMENT ANGLE,Clear,DRY,Daylight,TRAFFIC SIGNAL,NONE DETECTED,Yes,No Apparent Injury,N/A,UNKNOWN,DC,PASSENGER CAR,ACCELERATING,30,No,2009,TOYOTA,CAMRY,38.98801238,-77.07715262,2022,5,18
220019926,Property Damage Crash,05/10/2022 06:54:00 PM,CONNECTICUT AVE,NA,STRAIGHT MOVEMENT ANGLE,Clear,DRY,Daylight,TRAFFIC SIGNAL,NONE DETECTED,No,No Apparent Injury,N/A,NOT DISTRACTED,MD,PASSENGER CAR,MOVING CONSTANT SPEED,30,No,2014,HONDA,CIVIC,38.98801238,-77.07715262,2022,5,18
220019740,Property Damage Crash,05/10/2022 06:39:00 PM,LAYHILL RD,NA,ANGLE MEETS RIGHT TURN,Clear,DRY,Daylight,TRAFFIC SIGNAL,NONE DETECTED,Unknown,No Apparent Injury,N/A,NOT DISTRACTED,MD,PASSENGER CAR,MAKING RIGHT TURN,35,No,2020,HYUNDAI,ELANTRA,39.09558285,-77.04460943,2022,5,18
220019740,Property Damage Crash,05/10/2022 06:39:00 PM,LAYHILL RD,NA,ANGLE MEETS RIGHT TURN,Clear,DRY,Daylight,TRAFFIC SIGNAL,NONE DETECTED,Unknown,No Apparent Injury,N/A,NOT DISTRACTED,MD,PASSENGER CAR,MOVING CONSTANT SPEED,35,No,2020,TOYOTA,COROLLA,39.09558285,-77.04460943,2022,5,18
220019919,Property Damage Crash,05/10/2022 05:39:00 PM,COLESVILLE RD,NA,SAME DIRECTION SIDESWIPE,Clear,DRY,Daylight,NO CONTROLS,NONE DETECTED,Yes,No Apparent Injury,N/A,LOOKED BUT DID NOT SEE,MD,POLICE VEHICLE/EMERGENCY,ACCELERATING,30,No,2015,CHEVY,TAHOE,38.99484,-77.03098167,2022,5,17
220019919,Property Damage Crash,05/10/2022 05:39:00 PM,COLESVILLE RD,NA,SAME DIRECTION SIDESWIPE,Clear,DRY,Daylight,NO CONTROLS,NONE DETECTED,No,No Apparent Injury,N/A,NOT DISTRACTED,MD,TRANSIT BUS,STOPPED IN TRAFFIC LANE,30,No,2015,GILL,BUS,38.99484,-77.03098167,2022,5,17
220019896,Injury Crash,05/10/2022 04:43:00 PM,OLNEY LAYTONSVILLE RD,NA,SAME DIR REAR END,Clear,DRY,Daylight,NO CONTROLS,NONE DETECTED,Yes,No Apparent Injury,N/A,UNKNOWN,MD,VAN,MOVING CONSTANT SPEED,50,No,2015,TOYOTA,SIENNA,39.18238165,-77.10904216,2022,5,16
220019896,Injury Crash,05/10/2022 04:43:00 PM,OLNEY LAYTONSVILLE RD,NA,SAME DIR REAR END,Clear,DRY,Daylight,NO CONTROLS,NONE DETECTED,No,Possible Minor Injury,N/A,NOT DISTRACTED,MD,(SPORT) UTILITY VEHICLE,SLOWING OR STOPPING,50,No,2013,TOYOTA,4RUNNER,39.18238165,-77.10904216,2022,5,16
220019894,Injury Crash,05/10/2022 04:34:00 PM,FREDERICK RD,NA,SAME DIRECTION SIDESWIPE,Clear,DRY,Daylight,NO CONTROLS,NONE DETECTED,Yes,No Apparent Injury,N/A,UNKNOWN,XX,PASSENGER CAR,MOVING CONSTANT SPEED,35,No,2021,HONDA,ACCORD,39.16049367,-77.22043373,2022,5,16
220019894,Injury Crash,05/10/2022 04:34:00 PM,FREDERICK RD,NA,SAME DIRECTION SIDESWIPE,Clear,DRY,Daylight,NO CONTROLS,NONE DETECTED,No,No Apparent Injury,N/A,NOT DISTRACTED,MD,PASSENGER CAR,MOVING CONSTANT SPEED,35,No,2018,TOYOTA,TK,39.16049367,-77.22043373,2022,5,16
220019886,Injury Crash,05/10/2022 04:15:00 PM,OLNEY LAYTONSVILLE RD,NA,STRAIGHT MOVEMENT ANGLE,Clear,DRY,Daylight,NO CONTROLS,NONE DETECTED,No,Possible Minor Injury,N/A,NOT DISTRACTED,MD,PASSENGER CAR,MOVING CONSTANT SPEED,50,No,2019,HONDA,CRV,39.183831669999996,-77.11170833,2022,5,16
220019886,Injury Crash,05/10/2022 04:15:00 PM,OLNEY LAYTONSVILLE RD,NA,STRAIGHT MOVEMENT ANGLE,Clear,DRY,Daylight,NO CONTROLS,NONE DETECTED,Yes,No Apparent Injury,N/A,NOT DISTRACTED,MD,PASSENGER CAR,STARTING FROM PARKED,50,No,2005,TOYOTA,CIENNA,39.183831669999996,-77.11170833,2022,5,16
220019914,Injury Crash,05/10/2022 04:13:00 PM,REDLAND RD,NA,SAME DIR REAR END,Clear,DRY,Daylight,TRAFFIC SIGNAL,NONE DETECTED,No,Possible Minor Injury,N/A,UNKNOWN,VA,PASSENGER CAR,STOPPED IN TRAFFIC LANE,30,No,2013,TOYOTA,PRIUS V,39.11591833,-77.16599167,2022,5,16
220019914,Injury Crash,05/10/2022 04:13:00 PM,REDLAND RD,NA,SAME DIR REAR END,Clear,DRY,Daylight,TRAFFIC SIGNAL,NONE DETECTED,Yes,No Apparent Injury,N/A,UNKNOWN,MD,PASSENGER CAR,MOVING CONSTANT SPEED,30,No,2015,TOYOTA,CAMRY,39.11591833,-77.16599167,2022,5,16
220019895,Property Damage Crash,05/10/2022 04:02:00 PM,RANDOLPH RD,NA,SINGLE VEHICLE,Clear,DRY,Daylight,NO CONTROLS,NONE DETECTED,Yes,No Apparent Injury,N/A,UNKNOWN,MD,PASSENGER CAR,ACCELERATING,40,No,2020,KIA,OPTIMA,39.07306489,-77.0082359,2022,5,16
220019876,Property Damage Crash,05/10/2022 03:30:00 PM,CLOPPER RD,NA,SAME DIR REAR END,Clear,DRY,Daylight,N/A,NONE DETECTED,Yes,No Apparent Injury,N/A,NOT DISTRACTED,MD,PASSENGER CAR,STARTING FROM LANE,35,No,2021,TOYT,SD,39.14821167,-77.23766167,2022,5,15
220019876,Property Damage Crash,05/10/2022 03:30:00 PM,CLOPPER RD,NA,SAME DIR REAR END,Clear,DRY,Daylight,N/A,NONE DETECTED,No,No Apparent Injury,N/A,NOT DISTRACTED,MD,TRANSIT BUS,STOPPED IN TRAFFIC LANE,35,No,2021,GILG,BUS,39.14821167,-77.23766167,2022,5,15
220019701,Property Damage Crash,05/10/2022 03:27:00 PM,MEDWAY ST,NA,SAME DIRECTION SIDESWIPE,Clear,DRY,Daylight,NO CONTROLS,NONE DETECTED,No,No Apparent Injury,N/A,NOT DISTRACTED,MD,PASSENGER CAR,PARKED,15,No,2010,HONDA,ACCORD,39.05168237,-77.06307854,2022,5,15
220019701,Property Damage Crash,05/10/2022 03:27:00 PM,MEDWAY ST,NA,SAME DIRECTION SIDESWIPE,Clear,DRY,Daylight,NO CONTROLS,NONE DETECTED,Yes,No Apparent Injury,N/A,UNKNOWN,MD,SCHOOL BUS,MOVING CONSTANT SPEED,15,No,2012,THOMAS,PUSH-MSDE-D-12,39.05168237,-77.06307854,2022,5,15
220019865,Property Damage Crash,05/10/2022 02:35:00 PM,ROCKVILLE PIKE,NA,SAME DIRECTION SIDESWIPE,Clear,DRY,Daylight,TRAFFIC SIGNAL,NONE DETECTED,No,No Apparent Injury,N/A,NOT DISTRACTED,MD,PASSENGER CAR,MOVING CONSTANT SPEED,35,No,2017,BMW,TRUCK,39.06395913,-77.12595411,2022,5,14
220019865,Property Damage Crash,05/10/2022 02:35:00 PM,ROCKVILLE PIKE,NA,SAME DIRECTION SIDESWIPE,Clear,DRY,Daylight,TRAFFIC SIGNAL,NONE DETECTED,Yes,No Apparent Injury,N/A,LOOKED BUT DID NOT SEE,MD,PASSENGER CAR,RIGHT TURN ON RED,35,No,2021,TOYT,SD,39.06395913,-77.12595411,2022,5,14
220019862,Injury Crash,05/10/2022 02:07:00 PM,WATKINS MILL RD,NA,SINGLE VEHICLE,Clear,DRY,Daylight,NO CONTROLS,NONE DETECTED,Yes,Possible Minor Injury,N/A,OTHER DISTRACTION,MD,PASSENGER CAR,MOVING CONSTANT SPEED,35,No,2007,TOYOTA,CAMRY,39.18817,-77.217175,2022,5,14
220019836,Property Damage Crash,05/10/2022 11:47:00 AM,NEW HAMPSHIRE AVE,NA,SAME DIR REAR END,Clear,DRY,Daylight,TRAFFIC SIGNAL,NONE DETECTED,Yes,No Apparent Injury,N/A,UNKNOWN,MD,PICKUP TRUCK,MOVING CONSTANT SPEED,40,No,2016,GMC,TK,39.07745333,-77.00261,2022,5,11
220019836,Property Damage Crash,05/10/2022 11:47:00 AM,NEW HAMPSHIRE AVE,NA,SAME DIR REAR END,Clear,DRY,Daylight,TRAFFIC SIGNAL,NONE DETECTED,No,No Apparent Injury,N/A,NOT DISTRACTED,MD,(SPORT) UTILITY VEHICLE,STOPPED IN TRAFFIC LANE,40,No,2013,FORD,UT,39.07745333,-77.00261,2022,5,11
220019844,Property Damage Crash,05/10/2022 11:43:00 AM,POND RD,NA,SAME DIR REAR END,Clear,DRY,Daylight,NO CONTROLS,NONE DETECTED,Yes,No Apparent Injury,N/A,UNKNOWN,MD,PASSENGER CAR,N/A,30,No,2015,HONDA,SEDAN,39.15084751,-76.99249515,2022,5,11