Local Case Number,ACRS Report Type,Crash Date/Time,Road Name,Related Non-Motorist,Collision Type,Weather,Surface Condition,Light,Traffic Control,Driver Substance Abuse,Driver At Fault,Injury Severity,Circumstance,Driver Distracted By,Drivers License State,Vehicle Body Type,Vehicle Movement,Speed Limit,Driverless Vehicle,Vehicle Year,Vehicle Make,Vehicle Model,Latitude,Longitude,Year,Month,Hour
220019844,Property Damage Crash,05/10/2022 11:43:00 AM,POND RD,NA,SAME DIR REAR END,Clear,DRY,Daylight,NO CONTROLS,NONE DETECTED,No,No Apparent Injury,N/A,NOT DISTRACTED,MD,"MEDIUM/HEAVY TRUCKS 3 AXLES (OVER 10,000LBS (4,536KG))",SLOWING OR STOPPING,30,No,2004,MACK,LE600,39.15084751,-76.99249515,2022,5,11
220019833,Injury Crash,05/10/2022 11:30:00 AM,NA,NA,OTHER,Clear,NA,Daylight,NO CONTROLS,NONE DETECTED,No,Possible Minor Injury,N/A,NOT DISTRACTED,MD,PASSENGER CAR,PARKED,5,No,2004,TOYT,VN,39.078155,-77.08001667,2022,5,11
220019833,Injury Crash,05/10/2022 11:30:00 AM,NA,NA,OTHER,Clear,NA,Daylight,NO CONTROLS,NONE DETECTED,Yes,No Apparent Injury,N/A,LOOKED BUT DID NOT SEE,MD,PASSENGER CAR,PARKING,5,No,2004,TOYT,HB,39.078155,-77.08001667,2022,5,11
220019830,Property Damage Crash,05/10/2022 11:14:00 AM,BRADLEY BLVD,NA,SAME DIRECTION LEFT TURN,Clear,DRY,Daylight,TRAFFIC SIGNAL,NONE DETECTED,No,No Apparent Injury,N/A,NOT DISTRACTED,MD,PASSENGER CAR,MOVING CONSTANT SPEED,25,No,2008,GMC,VAN,38.97788667,-77.09851167,2022,5,11
220019830,Property Damage Crash,05/10/2022 11:14:00 AM,BRADLEY BLVD,NA,SAME DIRECTION LEFT TURN,Clear,DRY,Daylight,TRAFFIC SIGNAL,NONE DETECTED,Yes,No Apparent Injury,N/A,UNKNOWN,XX,PASSENGER CAR,MAKING LEFT TURN,25,No,2017,HYUN,ACCENT,38.97788667,-77.09851167,2022,5,11
220019822,Property Damage Crash,05/10/2022 09:30:00 AM,CONNECTICUT AVE,NA,SAME DIRECTION SIDESWIPE,Clear,DRY,Daylight,TRAFFIC SIGNAL,NONE DETECTED,No,No Apparent Injury,N/A,NOT DISTRACTED,MD,PASSENGER CAR,SLOWING OR STOPPING,35,No,2019,SUBA,SW,39.08052333,-77.0808,2022,5,9
220019822,Property Damage Crash,05/10/2022 09:30:00 AM,CONNECTICUT AVE,NA,SAME DIRECTION SIDESWIPE,Clear,DRY,Daylight,TRAFFIC SIGNAL,NONE DETECTED,Yes,No Apparent Injury,N/A,UNKNOWN,MD,PASSENGER CAR,CHANGING LANES,35,No,2015,MERC,GL2450,39.08052333,-77.0808,2022,5,9
220019814,Property Damage Crash,05/10/2022 09:20:00 AM,MARIANNA DR,NA,STRAIGHT MOVEMENT ANGLE,Clear,DRY,Daylight,STOP SIGN,NONE DETECTED,Yes,No Apparent Injury,N/A,LOOKED BUT DID NOT SEE,MD,PASSENGER CAR,STARTING FROM LANE,25,No,2004,VOLKSWAGEN,JETTA,39.08612667,-77.08786667,2022,5,9
220019814,Property Damage Crash,05/10/2022 09:20:00 AM,MARIANNA DR,NA,STRAIGHT MOVEMENT ANGLE,Clear,DRY,Daylight,STOP SIGN,NONE DETECTED,No,No Apparent Injury,N/A,NOT DISTRACTED,DE,PASSENGER CAR,MAKING LEFT TURN,25,No,2011,NISSAN,MURANO,39.08612667,-77.08786667,2022,5,9
220019810,Property Damage Crash,05/10/2022 09:06:00 AM,UNIVERSITY BLVD W,NA,STRAIGHT MOVEMENT ANGLE,Clear,DRY,Daylight,STOP SIGN,NONE DETECTED,No,No Apparent Injury,N/A,NOT DISTRACTED,MD,PASSENGER CAR,MOVING CONSTANT SPEED,35,No,2010,HOND,HB,39.02977833,-77.02106167,2022,5,9
220019810,Property Damage Crash,05/10/2022 09:06:00 AM,UNIVERSITY BLVD W,NA,STRAIGHT MOVEMENT ANGLE,Clear,DRY,Daylight,STOP SIGN,NONE DETECTED,Yes,No Apparent Injury,N/A,LOOKED BUT DID NOT SEE,MD,PASSENGER CAR,MAKING LEFT TURN,5,No,2007,HYUN,SD,39.02977833,-77.02106167,2022,5,9
220019806,Property Damage Crash,05/10/2022 09:00:00 AM,NEW HAMPSHIRE AVE,NA,SAME DIRECTION SIDESWIPE,Clear,DRY,Daylight,NO CONTROLS,NONE DETECTED,Yes,No Apparent Injury,N/A,LOOKED BUT DID NOT SEE,MD,(SPORT) UTILITY VEHICLE,CHANGING LANES,35,No,2010,JEEP,WRANGLER,39.01867838,-76.97691805,2022,5,9
220019806,Property Damage Crash,05/10/2022 09:00:00 AM,NEW HAMPSHIRE AVE,NA,SAME DIRECTION SIDESWIPE,Clear,DRY,Daylight,NO CONTROLS,NONE DETECTED,No,No Apparent Injury,N/A,NOT DISTRACTED,MD,POLICE VEHICLE/NON EMERGENCY,MOVING CONSTANT SPEED,35,No,2018,FORD,FUSION,39.01867838,-76.97691805,2022,5,9
220019805,Injury Crash,05/10/2022 08:37:00 AM,SHADY GROVE RD,NA,SAME DIR REAR END,Clear,DRY,Daylight,TRAFFIC SIGNAL,NONE DETECTED,No,No Apparent Injury,N/A,NOT DISTRACTED,MD,PASSENGER CAR,STOPPED IN TRAFFIC LANE,40,No,2020,PORSCHE,CAYENNE,39.102971169999996,-77.190066,2022,5,8
220019805,Injury Crash,05/10/2022 08:37:00 AM,SHADY GROVE RD,NA,SAME DIR REAR END,Clear,DRY,Daylight,TRAFFIC SIGNAL,NONE DETECTED,No,Possible Minor Injury,N/A,UNKNOWN,MD,MOTORCYCLE,STOPPED IN TRAFFIC LANE,40,No,2001,HONDA,SHADOW,39.102971169999996,-77.190066,2022,5,8
220019805,Injury Crash,05/10/2022 08:37:00 AM,SHADY GROVE RD,NA,SAME DIR REAR END,Clear,DRY,Daylight,TRAFFIC SIGNAL,NONE DETECTED,Yes,No Apparent Injury,N/A,NOT DISTRACTED,DC,PASSENGER CAR,ACCELERATING,40,No,2014,FORD,EXPLORER,39.102971169999996,-77.190066,2022,5,8
220019801,Property Damage Crash,05/10/2022 08:30:00 AM,KEY WEST AVE,NA,HEAD ON LEFT TURN,Clear,DRY,Daylight,NO CONTROLS,NONE DETECTED,Yes,No Apparent Injury,N/A,UNKNOWN,MD,PASSENGER CAR,MAKING LEFT TURN,35,No,2015,KIA,SEDAN,39.1041,-77.19251667,2022,5,8
220019801,Property Damage Crash,05/10/2022 08:30:00 AM,KEY WEST AVE,NA,HEAD ON LEFT TURN,Clear,DRY,Daylight,NO CONTROLS,NONE DETECTED,No,No Apparent Injury,N/A,NOT DISTRACTED,MD,PASSENGER CAR,MOVING CONSTANT SPEED,35,No,2016,SUBA,SEDAN,39.1041,-77.19251667,2022,5,8
220019795,Property Damage Crash,05/10/2022 08:15:00 AM,CLOPPER RD,NA,STRAIGHT MOVEMENT ANGLE,Clear,DRY,Daylight,NO CONTROLS,NONE DETECTED,No,No Apparent Injury,N/A,NOT DISTRACTED,MD,PASSENGER CAR,MOVING CONSTANT SPEED,35,No,2013,HYUNDAI,ELANTRA,39.16362033,-77.28490633,2022,5,8
220019795,Property Damage Crash,05/10/2022 08:15:00 AM,CLOPPER RD,NA,STRAIGHT MOVEMENT ANGLE,Clear,DRY,Daylight,NO CONTROLS,NONE DETECTED,Yes,No Apparent Injury,N/A,LOOKED BUT DID NOT SEE,MD,PASSENGER CAR,MAKING LEFT TURN,35,No,2022,HONDA,CIVIC,39.16362033,-77.28490633,2022,5,8
220019795,Property Damage Crash,05/10/2022 08:15:00 AM,CLOPPER RD,NA,STRAIGHT MOVEMENT ANGLE,Clear,DRY,Daylight,NO CONTROLS,NONE DETECTED,No,No Apparent Injury,N/A,NOT DISTRACTED,MD,PASSENGER CAR,STOPPED IN TRAFFIC LANE,0,No,2016,LEXUS,RX350,39.16362033,-77.28490633,2022,5,8
220019799,Property Damage Crash,05/10/2022 07:34:00 AM,RIDGE RD,NA,OTHER,Clear,DRY,Daylight,N/A,NONE DETECTED,Yes,No Apparent Injury,N/A,NOT DISTRACTED,MD,PASSENGER CAR,OTHER,15,No,2016,TOYOTA,VAN,39.28308167,-77.21087667,2022,5,7
220019799,Property Damage Crash,05/10/2022 07:34:00 AM,RIDGE RD,NA,OTHER,Clear,DRY,Daylight,N/A,NONE DETECTED,No,No Apparent Injury,N/A,NOT DISTRACTED,MD,SCHOOL BUS,PARKED,15,No,2020,THOMAS,SCHOOL BUS,39.28308167,-77.21087667,2022,5,7
220019779,Property Damage Crash,05/10/2022 12:24:00 AM,BAUER DR,NA,HEAD ON,Clear,DRY,Dark,NO CONTROLS,NONE DETECTED,Yes,No Apparent Injury,N/A,LOOKED BUT DID NOT SEE,MD,PASSENGER CAR,MOVING CONSTANT SPEED,25,No,2016,HONDA,CIVIC,39.08717667,-77.088805,2022,5,0
220019775,Property Damage Crash,05/09/2022 11:15:00 PM,BEACH DR,NA,SINGLE VEHICLE,Clear,DRY,Dark,NO CONTROLS,NONE DETECTED,Yes,No Apparent Injury,"ANIMAL, N/A",UNKNOWN,MD,PASSENGER CAR,MOVING CONSTANT SPEED,25,No,2010,FORD,MUSTANG,39.025695,-77.09907183,2022,5,23
220019767,Property Damage Crash,05/09/2022 08:43:00 PM,ASHTON RD,NA,SAME DIR REAR END,Clear,DRY,Dark,N/A,NONE DETECTED,No,No Apparent Injury,N/A,NOT DISTRACTED,MD,PASSENGER CAR,SLOWING OR STOPPING,30,No,2018,KIA,SPORTAGE,39.1605661,-76.97523941,2022,5,20
220019767,Property Damage Crash,05/09/2022 08:43:00 PM,ASHTON RD,NA,SAME DIR REAR END,Clear,DRY,Dark,N/A,NONE DETECTED,Yes,No Apparent Injury,N/A,NOT DISTRACTED,MD,PASSENGER CAR,MOVING CONSTANT SPEED,30,No,2018,NISSAN,SENTRA,39.1605661,-76.97523941,2022,5,20
220019751,Property Damage Crash,05/09/2022 07:50:00 PM,FREDERICK RD,NA,STRAIGHT MOVEMENT ANGLE,Clear,DRY,Daylight,NO CONTROLS,NONE DETECTED,No,No Apparent Injury,N/A,NOT DISTRACTED,MD,PASSENGER CAR,MOVING CONSTANT SPEED,35,No,2013,TOYT,AVALON,39.14679333,-77.20517833,2022,5,19
220019751,Property Damage Crash,05/09/2022 07:50:00 PM,FREDERICK RD,NA,STRAIGHT MOVEMENT ANGLE,Clear,DRY,Daylight,NO CONTROLS,NONE DETECTED,Yes,No Apparent Injury,N/A,UNKNOWN,VA,PASSENGER CAR,MAKING LEFT TURN,35,No,2018,HONDA,ACCORD,39.14679333,-77.20517833,2022,5,19
220019748,Property Damage Crash,05/09/2022 07:30:00 PM,POWDER MILL RD,NA,SAME DIRECTION SIDESWIPE,Clear,DRY,Medium,TRAFFIC SIGNAL,NONE DETECTED,Yes,No Apparent Injury,N/A,NOT DISTRACTED,MD,TRANSIT BUS,CHANGING LANES,30,No,2014,GILL,RIDE ON BUS,39.02203,-76.97805,2022,5,19
220019748,Property Damage Crash,05/09/2022 07:30:00 PM,POWDER MILL RD,NA,SAME DIRECTION SIDESWIPE,Clear,DRY,Medium,TRAFFIC SIGNAL,NONE DETECTED,No,No Apparent Injury,N/A,NOT DISTRACTED,MD,PASSENGER CAR,MOVING CONSTANT SPEED,30,No,2006,HONDA,ELEMENT,39.02203,-76.97805,2022,5,19
220019736,Injury Crash,05/09/2022 06:40:00 PM,WISCONSIN AVE,PEDESTRIAN,SINGLE VEHICLE,Clear,DRY,Daylight,TRAFFIC SIGNAL,NONE DETECTED,Yes,No Apparent Injury,N/A,OTHER DISTRACTION,MD,PASSENGER CAR,MOVING CONSTANT SPEED,25,No,2021,TOYOTA,SD,38.98870833,-77.09506667,2022,5,18
220019731,Property Damage Crash,05/09/2022 05:48:00 PM,ROCKVILLE PIKE,NA,SAME DIR REAR END,Clear,DRY,Daylight,NO CONTROLS,NONE DETECTED,No,No Apparent Injury,N/A,NOT DISTRACTED,MD,PASSENGER CAR,STOPPED IN TRAFFIC LANE,35,No,2022,HONDA,ACCORD,38.99706556,-77.09666899,2022,5,17
220019731,Property Damage Crash,05/09/2022 05:48:00 PM,ROCKVILLE PIKE,NA,SAME DIR REAR END,Clear,DRY,Daylight,NO CONTROLS,NONE DETECTED,Yes,No Apparent Injury,N/A,UNKNOWN,NA,PASSENGER CAR,MOVING CONSTANT SPEED,35,No,2018,ACURA,SEDAN,38.99706556,-77.09666899,2022,5,17
220019724,Property Damage Crash,05/09/2022 05:32:00 PM,DARNESTOWN RD,NA,SAME DIR REAR END,Clear,DRY,Daylight,N/A,NONE DETECTED,No,No Apparent Injury,N/A,NOT DISTRACTED,MD,PASSENGER CAR,SLOWING OR STOPPING,40,No,2016,LEXS,TK,39.10200398,-77.21851778,2022,5,17
220019724,Property Damage Crash,05/09/2022 05:32:00 PM,DARNESTOWN RD,NA,SAME DIR REAR END,Clear,DRY,Daylight,N/A,NONE DETECTED,No,No Apparent Injury,N/A,NOT DISTRACTED,MD,PASSENGER CAR,SLOWING OR STOPPING,40,No,2016,HOND,TK,39.10200398,-77.21851778,2022,5,17
220019724,Property Damage Crash,05/09/2022 05:32:00 PM,DARNESTOWN RD,NA,SAME DIR REAR END,Clear,DRY,Daylight,N/A,NONE DETECTED,No,No Apparent Injury,N/A,NOT DISTRACTED,MD,PASSENGER CAR,SLOWING OR STOPPING,40,No,2016,MAZD,TK,39.10200398,-77.21851778,2022,5,17
220019724,Property Damage Crash,05/09/2022 05:32:00 PM,DARNESTOWN RD,NA,SAME DIR REAR END,Clear,DRY,Daylight,N/A,NONE DETECTED,Yes,No Apparent Injury,N/A,NOT DISTRACTED,MD,VAN,SLOWING OR STOPPING,40,No,2016,CHEV,TK,39.10200398,-77.21851778,2022,5,17
220019720,Injury Crash,05/09/2022 05:05:00 PM,OLD GEORGETOWN RD,BICYCLIST,OTHER,Clear,DRY,Daylight,TRAFFIC SIGNAL,NONE DETECTED,No,No Apparent Injury,N/A,NOT DISTRACTED,MD,PASSENGER CAR,MOVING CONSTANT SPEED,35,No,2014,ACUR,SD,39.02244667,-77.12369333,2022,5,17
220019717,Property Damage Crash,05/09/2022 04:58:00 PM,NA,NA,OTHER,Clear,NA,Daylight,NO CONTROLS,NONE DETECTED,Yes,No Apparent Injury,N/A,NOT DISTRACTED,MD,PASSENGER CAR,PARKED,0,No,2019,NISSAN,ROUGE,38.99033333,-77.019855,2022,5,16
220019717,Property Damage Crash,05/09/2022 04:58:00 PM,NA,NA,OTHER,Clear,NA,Daylight,NO CONTROLS,NONE DETECTED,Yes,No Apparent Injury,N/A,NOT DISTRACTED,MD,SCHOOL BUS,OTHER,5,No,2017,THOMAS,CONVENTIONAL,38.99033333,-77.019855,2022,5,16
220019722,Property Damage Crash,05/09/2022 04:10:00 PM,FREDERICK RD,NA,SAME DIR REAR END,Clear,DRY,Daylight,TRAFFIC SIGNAL,NONE DETECTED,Yes,No Apparent Injury,N/A,UNKNOWN,NA,PASSENGER CAR,MOVING CONSTANT SPEED,40,No,2006,NISSAN,4D,39.19258833,-77.24324667,2022,5,16
220019722,Property Damage Crash,05/09/2022 04:10:00 PM,FREDERICK RD,NA,SAME DIR REAR END,Clear,DRY,Daylight,TRAFFIC SIGNAL,NONE DETECTED,No,No Apparent Injury,N/A,NOT DISTRACTED,MD,PASSENGER CAR,STOPPED IN TRAFFIC LANE,40,No,2015,MAZDA,TK,39.19258833,-77.24324667,2022,5,16
220019769,Property Damage Crash,05/09/2022 04:00:00 PM,NA,NA,OTHER,Clear,NA,Daylight,NO CONTROLS,NONE DETECTED,Yes,No Apparent Injury,N/A,UNKNOWN,NA,PASSENGER CAR,STARTING FROM PARKED,10,Unknown,0,UNKNOWN,UNKNOWN,39.22681846,-77.28749177,2022,5,16
220019682,Property Damage Crash,05/09/2022 02:37:00 PM,BOOTH ST,NA,STRAIGHT MOVEMENT ANGLE,Clear,DRY,Daylight,STOP SIGN,NONE DETECTED,Unknown,No Apparent Injury,N/A,NOT DISTRACTED,MD,PASSENGER CAR,MAKING LEFT TURN,25,No,2020,SUBARU,LEGACY,39.12414,-77.24001667,2022,5,14
220019682,Property Damage Crash,05/09/2022 02:37:00 PM,BOOTH ST,NA,STRAIGHT MOVEMENT ANGLE,Clear,DRY,Daylight,STOP SIGN,NONE DETECTED,Unknown,No Apparent Injury,N/A,NOT DISTRACTED,MD,"CARGO VAN/LIGHT TRUCK 2 AXLES (OVER 10,000LBS (4,536 KG))",ACCELERATING,25,No,2018,NISS,CG,39.12414,-77.24001667,2022,5,14
220019686,Injury Crash,05/09/2022 02:00:00 PM,NA,PEDESTRIAN,OTHER,Clear,NA,Daylight,NO CONTROLS,NONE DETECTED,No,No Apparent Injury,N/A,LOOKED BUT DID NOT SEE,MD,(SPORT) UTILITY VEHICLE,BACKING,0,No,1999,TOYOTA,4RUNNER,39.16350472,-77.22561123,2022,5,14
220019675,Property Damage Crash,05/09/2022 01:45:00 PM,CONGRESSIONAL LA,NA,SAME DIRECTION SIDESWIPE,Clear,DRY,Daylight,TRAFFIC SIGNAL,NONE DETECTED,No,No Apparent Injury,N/A,LOOKED BUT DID NOT SEE,MD,(SPORT) UTILITY VEHICLE,STARTING FROM LANE,10,No,2018,MITS,TK,39.06420119,-77.1261763,2022,5,13
220019675,Property Damage Crash,05/09/2022 01:45:00 PM,CONGRESSIONAL LA,NA,SAME DIRECTION SIDESWIPE,Clear,DRY,Daylight,TRAFFIC SIGNAL,NONE DETECTED,Yes,No Apparent Injury,N/A,LOOKED BUT DID NOT SEE,MD,PASSENGER CAR,STARTING FROM LANE,10,No,2012,HYUN,4S,39.06420119,-77.1261763,2022,5,13
220019668,Property Damage Crash,05/09/2022 01:05:00 PM,GEORGIA AVE,NA,SAME DIRECTION SIDESWIPE,Clear,DRY,Daylight,TRAFFIC SIGNAL,NONE DETECTED,No,No Apparent Injury,N/A,NOT DISTRACTED,MD,SCHOOL BUS,STOPPED IN TRAFFIC LANE,25,No,2021,THOMAS,MSDE-D-12,39.04103167,-77.05149,2022,5,13
220019668,Property Damage Crash,05/09/2022 01:05:00 PM,GEORGIA AVE,NA,SAME DIRECTION SIDESWIPE,Clear,DRY,Daylight,TRAFFIC SIGNAL,NONE DETECTED,Yes,No Apparent Injury,N/A,LOOKED BUT DID NOT SEE,MD,"CARGO VAN/LIGHT TRUCK 2 AXLES (OVER 10,000LBS (4,536 KG))",SLOWING OR STOPPING,25,No,2016,INTL,TK,39.04103167,-77.05149,2022,5,13
220019637,Property Damage Crash,05/09/2022 09:41:00 AM,COLESVILLE RD,NA,SAME DIR REAR END,Clear,DRY,Daylight,TRAFFIC SIGNAL,NONE DETECTED,No,No Apparent Injury,N/A,NOT DISTRACTED,MD,PASSENGER CAR,SLOWING OR STOPPING,35,No,2019,KIA,SOUL,39.00753833,-77.020175,2022,5,9
220019637,Property Damage Crash,05/09/2022 09:41:00 AM,COLESVILLE RD,NA,SAME DIR REAR END,Clear,DRY,Daylight,TRAFFIC SIGNAL,NONE DETECTED,Yes,No Apparent Injury,N/A,LOOKED BUT DID NOT SEE,MD,PASSENGER CAR,SLOWING OR STOPPING,35,No,2012,HINO,338,39.00753833,-77.020175,2022,5,9
220019632,Injury Crash,05/09/2022 09:12:00 AM,FELLOWSHIP CIRCLE,PEDESTRIAN,OTHER,Clear,DRY,Daylight,STOP SIGN,NONE DETECTED,Yes,No Apparent Injury,N/A,LOOKED BUT DID NOT SEE,MD,PASSENGER CAR,MAKING RIGHT TURN,5,No,2017,KIA,SORENTO,39.14962532,-77.19932873,2022,5,9
220019628,Injury Crash,05/09/2022 08:50:00 AM,NEW HAMPSHIRE AVE,NA,SAME DIR REAR END,Clear,DRY,Daylight,TRAFFIC SIGNAL,NONE DETECTED,No,Possible Minor Injury,N/A,NOT DISTRACTED,MD,PASSENGER CAR,STOPPED IN TRAFFIC LANE,35,No,2006,FORD,FOCUS,39.01256833,-76.97882167,2022,5,8
220019628,Injury Crash,05/09/2022 08:50:00 AM,NEW HAMPSHIRE AVE,NA,SAME DIR REAR END,Clear,DRY,Daylight,TRAFFIC SIGNAL,NONE DETECTED,Yes,Possible Minor Injury,N/A,UNKNOWN,MD,PASSENGER CAR,CHANGING LANES,35,No,2005,HOND,4S,39.01256833,-76.97882167,2022,5,8
220019725,Injury Crash,05/09/2022 05:30:00 AM,TWINBROOK PKWY,PEDESTRIAN,OTHER,Clear,N/A,Medium,N/A,NONE DETECTED,Yes,No Apparent Injury,N/A,NOT DISTRACTED,NA,UNKNOWN,MOVING CONSTANT SPEED,25,No,0,UNKNOWN,UNKNOWN,39.07345014,-77.11184764,2022,5,5
220019612,Injury Crash,05/08/2022 11:45:00 PM,BROADBIRCH DR,PEDESTRIAN,OTHER,Clear,DRY,Dark,NO CONTROLS,NONE DETECTED,Yes,No Apparent Injury,N/A,UNKNOWN,NA,NA,MOVING CONSTANT SPEED,30,No,0,UNKNOWN,UNKNOWN,39.05549688,-76.96138742,2022,5,23
220019598,Injury Crash,05/08/2022 10:35:00 PM,UNIVERSITY BLVD E,NA,STRAIGHT MOVEMENT ANGLE,Clear,DRY,Medium,NO CONTROLS,NONE DETECTED,Yes,No Apparent Injury,N/A,LOOKED BUT DID NOT SEE,MD,PASSENGER CAR,ACCELERATING,30,No,2011,HYUNDAI,4S,38.99268133,-76.991495,2022,5,22
220019598,Injury Crash,05/08/2022 10:35:00 PM,UNIVERSITY BLVD E,NA,STRAIGHT MOVEMENT ANGLE,Clear,DRY,Medium,NO CONTROLS,NONE DETECTED,No,Possible Minor Injury,N/A,NOT DISTRACTED,MD,PASSENGER CAR,MOVING CONSTANT SPEED,30,No,2010,TOYT,4S,38.99268133,-76.991495,2022,5,22
220019589,Property Damage Crash,05/08/2022 08:15:00 PM,EXECUTIVE BLVD,NA,OTHER,Clear,DRY,Medium,NO CONTROLS,NONE DETECTED,No,No Apparent Injury,N/A,NOT DISTRACTED,MD,(SPORT) UTILITY VEHICLE,PARKED,20,No,2013,KIA,SPORTAGE,39.0423793,-77.11284485,2022,5,20
220019589,Property Damage Crash,05/08/2022 08:15:00 PM,EXECUTIVE BLVD,NA,OTHER,Clear,DRY,Medium,NO CONTROLS,ALCOHOL PRESENT,Yes,No Apparent Injury,N/A,UNKNOWN,MD,PASSENGER CAR,BACKING,25,No,2018,KIA,SOUL,39.0423793,-77.11284485,2022,5,20
220019588,Injury Crash,05/08/2022 08:00:00 PM,CAPITAL BELTWAY,NA,SAME DIRECTION SIDESWIPE,Clear,DRY,Dark,NO CONTROLS,NONE DETECTED,No,No Apparent Injury,N/A,NOT DISTRACTED,MD,PASSENGER CAR,MOVING CONSTANT SPEED,55,No,2019,CHRYSLER,PACIFICA,39.01397636,-77.06106576,2022,5,20
220019588,Injury Crash,05/08/2022 08:00:00 PM,CAPITAL BELTWAY,NA,SAME DIRECTION SIDESWIPE,Clear,DRY,Dark,NO CONTROLS,ALCOHOL PRESENT,Yes,Possible Minor Injury,N/A,UNKNOWN,MD,PASSENGER CAR,CHANGING LANES,55,No,2018,KIA,SOUL,39.01397636,-77.06106576,2022,5,20
220019582,Property Damage Crash,05/08/2022 07:50:00 PM,COLUMBIA PIKE,NA,OTHER,Clear,DRY,Medium,TRAFFIC SIGNAL,NONE DETECTED,No,No Apparent Injury,N/A,NOT DISTRACTED,DC,PASSENGER CAR,MOVING CONSTANT SPEED,40,No,2014,NISSAN,ALTIMA,39.032967,-77.003038,2022,5,19
220019582,Property Damage Crash,05/08/2022 07:50:00 PM,COLUMBIA PIKE,NA,OTHER,Clear,DRY,Medium,TRAFFIC SIGNAL,NONE DETECTED,Yes,No Apparent Injury,N/A,NOT DISTRACTED,MD,PASSENGER CAR,MAKING LEFT TURN,40,No,1998,TOYOTA,COROLLA,39.032967,-77.003038,2022,5,19
220019569,Property Damage Crash,05/08/2022 04:00:00 PM,VEIRS MILL RD,NA,SAME DIR REAR END,Clear,DRY,Daylight,YIELD SIGN,NONE DETECTED,Yes,No Apparent Injury,N/A,LOOKED BUT DID NOT SEE,MD,PASSENGER CAR,SLOWING OR STOPPING,40,No,2014,NISSAN,ALTIMA,39.08194629,-77.14596856,2022,5,16
220019569,Property Damage Crash,05/08/2022 04:00:00 PM,VEIRS MILL RD,NA,SAME DIR REAR END,Clear,DRY,Daylight,YIELD SIGN,NONE DETECTED,No,No Apparent Injury,N/A,NOT DISTRACTED,MD,PASSENGER CAR,STOPPED IN TRAFFIC LANE,40,No,2019,TOYOTA,CHR,39.08194629,-77.14596856,2022,5,16
220019567,Property Damage Crash,05/08/2022 03:25:00 PM,MONTGOMERY VILLAGE AVE,NA,SAME DIR REAR END,Clear,DRY,Daylight,NO CONTROLS,NONE DETECTED,Yes,No Apparent Injury,N/A,UNKNOWN,MD,(SPORT) UTILITY VEHICLE,MOVING CONSTANT SPEED,35,No,2015,FORD,TK,39.1655,-77.20463167,2022,5,15
220019567,Property Damage Crash,05/08/2022 03:25:00 PM,MONTGOMERY VILLAGE AVE,NA,SAME DIR REAR END,Clear,DRY,Daylight,NO CONTROLS,NONE DETECTED,No,No Apparent Injury,N/A,NOT DISTRACTED,MD,(SPORT) UTILITY VEHICLE,MOVING CONSTANT SPEED,35,No,2018,JEEP,UT,39.1655,-77.20463167,2022,5,15
220019560,Property Damage Crash,05/08/2022 02:28:00 PM,UNIVERSITY BLVD E,NA,STRAIGHT MOVEMENT ANGLE,Cloudy,DRY,Daylight,NO CONTROLS,NONE DETECTED,No,No Apparent Injury,N/A,NOT DISTRACTED,MD,PASSENGER CAR,MOVING CONSTANT SPEED,35,No,2015,NISSAN,ALTIMA,39.00151833,-76.99609667,2022,5,14
220019560,Property Damage Crash,05/08/2022 02:28:00 PM,UNIVERSITY BLVD E,NA,STRAIGHT MOVEMENT ANGLE,Cloudy,DRY,Daylight,NO CONTROLS,NONE DETECTED,Yes,No Apparent Injury,N/A,LOOKED BUT DID NOT SEE,MD,(SPORT) UTILITY VEHICLE,MAKING LEFT TURN,35,No,2012,NISSAN,ROGUE,39.00151833,-76.99609667,2022,5,14
220019553,Property Damage Crash,05/08/2022 01:18:00 PM,GAITHER RD,NA,OTHER,Cloudy,DRY,Daylight,TRAFFIC SIGNAL,NONE DETECTED,No,No Apparent Injury,N/A,NOT DISTRACTED,MD,VAN,STOPPED IN TRAFFIC LANE,35,No,2018,HOND,VN,39.11787967,-77.18368817,2022,5,13
220019553,Property Damage Crash,05/08/2022 01:18:00 PM,GAITHER RD,NA,OTHER,Cloudy,DRY,Daylight,TRAFFIC SIGNAL,NONE DETECTED,Yes,No Apparent Injury,N/A,OTHER DISTRACTION,MD,PASSENGER CAR,BACKING,35,No,2016,HONDA,CIVIC,39.11787967,-77.18368817,2022,5,13
220019555,Property Damage Crash,05/08/2022 01:04:00 PM,PLYERS MILL RD,NA,SAME DIRECTION SIDESWIPE,Clear,DRY,Daylight,NO CONTROLS,NONE DETECTED,Yes,No Apparent Injury,N/A,NOT DISTRACTED,MD,PASSENGER CAR,LEAVING TRAFFIC LANE,30,No,2006,TOYOTA,TACOMA,39.02981167,-77.05994833,2022,5,13
220019544,Property Damage Crash,05/08/2022 12:40:00 PM,16TH ST,BICYCLIST,STRAIGHT MOVEMENT ANGLE,Clear,DRY,Daylight,TRAFFIC SIGNAL,NONE DETECTED,Yes,No Apparent Injury,N/A,UNKNOWN,NA,NA,MOVING CONSTANT SPEED,35,No,0,UNKNOWN,UNKNOWN,38.99255596,-77.03618228,2022,5,12
220019548,Property Damage Crash,05/08/2022 12:30:00 PM,COLUMBIA PIKE,NA,SAME DIR REAR END,Cloudy,DRY,Daylight,TRAFFIC SIGNAL,NONE DETECTED,Yes,No Apparent Injury,N/A,NOT DISTRACTED,VA,PASSENGER CAR,LEAVING TRAFFIC LANE,55,No,2016,ACURA,RDX,39.0949425,-76.9383405,2022,5,12
220019548,Property Damage Crash,05/08/2022 12:30:00 PM,COLUMBIA PIKE,NA,SAME DIR REAR END,Cloudy,DRY,Daylight,TRAFFIC SIGNAL,NONE DETECTED,No,No Apparent Injury,N/A,NOT DISTRACTED,MD,VAN,STOPPED IN TRAFFIC LANE,55,No,2006,TOYT,VN,39.0949425,-76.9383405,2022,5,12
220019547,Property Damage Crash,05/08/2022 11:47:00 AM,NA,NA,SINGLE VEHICLE,Clear,NA,Daylight,NO CONTROLS,NONE DETECTED,Yes,No Apparent Injury,N/A,NOT DISTRACTED,MD,PASSENGER CAR,ACCELERATING,5,No,2011,HYUN,4S,39.17878833,-77.24010167,2022,5,11
220019528,Property Damage Crash,05/08/2022 10:49:00 AM,NA,NA,OTHER,Cloudy,NA,Daylight,NO CONTROLS,NONE DETECTED,Yes,No Apparent Injury,N/A,NOT DISTRACTED,MD,(SPORT) UTILITY VEHICLE,MOVING CONSTANT SPEED,30,No,2021,TOYOTA,RAV4,38.99617817,-77.02816717,2022,5,10
220019532,Property Damage Crash,05/08/2022 10:35:00 AM,TRAVIS AVE,NA,STRAIGHT MOVEMENT ANGLE,Cloudy,DRY,Daylight,NO CONTROLS,NONE DETECTED,Yes,No Apparent Injury,N/A,NOT DISTRACTED,MD,VAN,MAKING LEFT TURN,25,No,2004,TOYOTA,SIENNA,39.1623995,-77.21520467,2022,5,10
220019532,Property Damage Crash,05/08/2022 10:35:00 AM,TRAVIS AVE,NA,STRAIGHT MOVEMENT ANGLE,Cloudy,DRY,Daylight,NO CONTROLS,NONE DETECTED,No,No Apparent Injury,N/A,NOT DISTRACTED,MD,PASSENGER CAR,MOVING CONSTANT SPEED,25,No,2018,TOYOTA,COROLLA,39.1623995,-77.21520467,2022,5,10