Local Case Number,ACRS Report Type,Crash Date/Time,Road Name,Related Non-Motorist,Collision Type,Weather,Surface Condition,Light,Traffic Control,Driver Substance Abuse,Driver At Fault,Injury Severity,Circumstance,Driver Distracted By,Drivers License State,Vehicle Body Type,Vehicle Movement,Speed Limit,Driverless Vehicle,Vehicle Year,Vehicle Make,Vehicle Model,Latitude,Longitude,Year,Month,Hour
220019522,Property Damage Crash,05/08/2022 10:08:00 AM,NA,NA,OTHER,Cloudy,NA,Daylight,NO CONTROLS,NONE DETECTED,Yes,No Apparent Injury,N/A,UNKNOWN,MD,PASSENGER CAR,PARKING,10,No,2004,ACURA,MDX,39.1190574,-77.25460268,2022,5,10
220019525,Property Damage Crash,05/08/2022 10:00:00 AM,EISENHOWER MEMORIAL HWY,NA,SINGLE VEHICLE,Cloudy,DRY,Daylight,NO CONTROLS,NONE DETECTED,No,No Apparent Injury,N/A,NOT DISTRACTED,MD,POLICE VEHICLE/NON EMERGENCY,MOVING CONSTANT SPEED,55,No,2015,FORD,EXPLORER,39.04249429,-77.14841372,2022,5,10
220019515,Injury Crash,05/08/2022 08:39:00 AM,FAIRLAND RD,NA,SINGLE VEHICLE,Cloudy,WET,Daylight,NO CONTROLS,NONE DETECTED,Yes,Possible Minor Injury,N/A,NOT DISTRACTED,MD,PASSENGER CAR,MOVING CONSTANT SPEED,40,No,2013,NISSAN,ALTIMA,39.07808152,-76.98327235,2022,5,8
220019538,Property Damage Crash,05/08/2022 05:45:00 AM,JAYSTONE CT,NA,SAME DIR REAR END,Cloudy,WET,Dark,NO CONTROLS,NONE DETECTED,Yes,No Apparent Injury,N/A,OTHER DISTRACTION,MD,PASSENGER CAR,MOVING CONSTANT SPEED,25,No,2017,KIA,SPORTAGE,39.09600833,-77.024555,2022,5,5
220019502,Property Damage Crash,05/08/2022 01:31:00 AM,NA,NA,OTHER,Clear,NA,Medium,NO CONTROLS,NONE DETECTED,Yes,No Apparent Injury,N/A,UNKNOWN,NA,PASSENGER CAR,BACKING,5,No,2004,ACURA,TSX,39.07846667,-77.08010667,2022,5,1
220019502,Property Damage Crash,05/08/2022 01:31:00 AM,NA,NA,OTHER,Clear,NA,Medium,NO CONTROLS,NONE DETECTED,No,No Apparent Injury,N/A,NOT DISTRACTED,MD,PASSENGER CAR,STOPPED IN TRAFFIC LANE,5,No,2007,AUDI,A3,39.07846667,-77.08010667,2022,5,1
220019507,Property Damage Crash,05/08/2022 01:30:00 AM,NA,NA,SAME DIRECTION SIDESWIPE,Rain,NA,Medium,NO CONTROLS,NONE DETECTED,No,No Apparent Injury,"SLEET, HAIL, FREEZ. RAIN, WET",NO DRIVER PRESENT,DC,PASSENGER CAR,PARKED,25,No,2008,NISSAN,ALTIMA,38.99712333,-77.000445,2022,5,1
220019507,Property Damage Crash,05/08/2022 01:30:00 AM,NA,NA,SAME DIRECTION SIDESWIPE,Rain,NA,Medium,NO CONTROLS,NONE DETECTED,Yes,No Apparent Injury,"SLEET, HAIL, FREEZ. RAIN, WET",UNKNOWN,MD,PASSENGER CAR,MOVING CONSTANT SPEED,20,No,2012,HONDA,CIVIC,38.99712333,-77.000445,2022,5,1
220019493,Injury Crash,05/07/2022 11:00:00 PM,ROCKVILLE PIKE,NA,HEAD ON LEFT TURN,Rain,WET,Medium,TRAFFIC SIGNAL,NONE DETECTED,No,Possible Minor Injury,"RAIN, SNOW, WET",NOT DISTRACTED,MD,PASSENGER CAR,MAKING LEFT TURN,35,No,2011,HYUNDAI,SONATA,39.04467073,-77.11182089,2022,5,23
220019493,Injury Crash,05/07/2022 11:00:00 PM,ROCKVILLE PIKE,NA,HEAD ON LEFT TURN,Rain,WET,Medium,TRAFFIC SIGNAL,NONE DETECTED,Yes,No Apparent Injury,"RAIN, SNOW, WET",NO DRIVER PRESENT,NA,PASSENGER CAR,ACCELERATING,35,No,2014,CHRYSLER,300,39.04467073,-77.11182089,2022,5,23
220019492,Property Damage Crash,05/07/2022 10:55:00 PM,NA,NA,SINGLE VEHICLE,Rain,NA,Dark,NO CONTROLS,NONE DETECTED,Yes,No Apparent Injury,N/A,UNKNOWN,MD,(SPORT) UTILITY VEHICLE,UNKNOWN,25,No,2021,JEEP,WRANGLER,39.08233935,-77.19805506,2022,5,22
220019490,Property Damage Crash,05/07/2022 10:07:00 PM,ASHTON RD,NA,HEAD ON LEFT TURN,Rain,WET,Medium,N/A,NONE DETECTED,No,No Apparent Injury,"RAIN, SNOW, WET",UNKNOWN,MD,PASSENGER CAR,MOVING CONSTANT SPEED,30,No,2013,TOYOTA,PRIUS,39.15550075,-76.99970778,2022,5,22
220019490,Property Damage Crash,05/07/2022 10:07:00 PM,ASHTON RD,NA,HEAD ON LEFT TURN,Rain,WET,Medium,N/A,NONE DETECTED,Yes,No Apparent Injury,"RAIN, SNOW, WET",NOT DISTRACTED,NC,PASSENGER CAR,STOPPED IN TRAFFIC LANE,30,No,2012,CHEVY,IMPALA,39.15550075,-76.99970778,2022,5,22
220019540,Property Damage Crash,05/07/2022 10:00:00 PM,FENTON ST,NA,SINGLE VEHICLE,Rain,WET,Dark,UNKNOWN,NONE DETECTED,Yes,No Apparent Injury,N/A,UNKNOWN,NA,NA,UNKNOWN,25,No,0,UNKNOWN,UNKNOWN,38.9857512,-77.02293245,2022,5,22
220019483,Property Damage Crash,05/07/2022 09:51:00 PM,OLD BALTIMORE RD,NA,SINGLE VEHICLE,Rain,WET,Dark,N/A,NONE DETECTED,No,No Apparent Injury,"RAIN, SNOW, WET",NOT DISTRACTED,MD,(SPORT) UTILITY VEHICLE,MOVING CONSTANT SPEED,35,No,2018,TOYOTA,TK,39.13735833,-77.06426,2022,5,21
220019486,Property Damage Crash,05/07/2022 09:51:00 PM,OLD BALTIMORE RD,NA,SINGLE VEHICLE,Rain,WET,Dark,NO CONTROLS,NONE DETECTED,No,No Apparent Injury,"RAIN, SNOW, WET",NOT DISTRACTED,MD,PASSENGER CAR,MOVING CONSTANT SPEED,35,No,2013,HYUNDAI,ELANTRA,39.13771388,-77.06378487,2022,5,21
220019488,Property Damage Crash,05/07/2022 09:48:00 PM,GEORGIA AVE,NA,SAME DIR REAR END,Rain,WET,Medium,NO CONTROLS,NONE DETECTED,No,No Apparent Injury,"RAIN, SNOW, WET",NOT DISTRACTED,MD,PICKUP TRUCK,MOVING CONSTANT SPEED,25,No,2008,CHEVROLET,SILVERADO,39.037954,-77.05050035,2022,5,21
220019488,Property Damage Crash,05/07/2022 09:48:00 PM,GEORGIA AVE,NA,SAME DIR REAR END,Rain,WET,Medium,NO CONTROLS,NONE DETECTED,No,No Apparent Injury,"RAIN, SNOW, WET",NOT DISTRACTED,MD,PASSENGER CAR,SLOWING OR STOPPING,25,No,2019,HONDA,CIVIC,39.037954,-77.05050035,2022,5,21
220019488,Property Damage Crash,05/07/2022 09:48:00 PM,GEORGIA AVE,NA,SAME DIR REAR END,Rain,WET,Medium,NO CONTROLS,NONE DETECTED,Yes,No Apparent Injury,"RAIN, SNOW, WET",UNKNOWN,MD,PASSENGER CAR,MOVING CONSTANT SPEED,25,No,2009,NISSAN,ALTIMA,39.037954,-77.05050035,2022,5,21
220019479,Property Damage Crash,05/07/2022 08:12:00 PM,ROCKVILLE PIKE,NA,SAME DIR REAR END,Rain,WET,Medium,TRAFFIC SIGNAL,NONE DETECTED,Yes,No Apparent Injury,"RAIN, SNOW, WET",NOT DISTRACTED,MD,PASSENGER CAR,SLOWING OR STOPPING,35,No,2003,HOND,ACCORD,39.044825,-77.11249167,2022,5,20
220019479,Property Damage Crash,05/07/2022 08:12:00 PM,ROCKVILLE PIKE,NA,SAME DIR REAR END,Rain,WET,Medium,TRAFFIC SIGNAL,NONE DETECTED,No,No Apparent Injury,"RAIN, SNOW, WET",NOT DISTRACTED,MD,PASSENGER CAR,SLOWING OR STOPPING,35,No,2014,HYUN,ELANTRA,39.044825,-77.11249167,2022,5,20
220019470,Property Damage Crash,05/07/2022 06:53:00 PM,E RANDOLPH RD,NA,SINGLE VEHICLE,Rain,WET,Daylight,NO CONTROLS,NONE DETECTED,Yes,No Apparent Injury,"RAIN, SNOW, WET",UNKNOWN,DC,PASSENGER CAR,MOVING CONSTANT SPEED,40,No,2005,TOYOTA,COROLA,39.06623,-76.98236667,2022,5,18
220019468,Property Damage Crash,05/07/2022 06:27:00 PM,ROCKVILLE PIKE,NA,SAME DIR REAR END,Rain,WET,Daylight,TRAFFIC SIGNAL,NONE DETECTED,Yes,No Apparent Injury,"RAIN, SNOW, WET",UNKNOWN,NA,PASSENGER CAR,UNKNOWN,40,No,2011,CHEVROLET,TRAVERSE,39.05739244,-77.1203161,2022,5,18
220019468,Property Damage Crash,05/07/2022 06:27:00 PM,ROCKVILLE PIKE,NA,SAME DIR REAR END,Rain,WET,Daylight,TRAFFIC SIGNAL,NONE DETECTED,No,No Apparent Injury,"RAIN, SNOW, WET",NOT DISTRACTED,MD,PASSENGER CAR,STOPPED IN TRAFFIC LANE,40,No,2007,TOYOTA,RAV4,39.05739244,-77.1203161,2022,5,18
220019465,Injury Crash,05/07/2022 06:15:00 PM,CENTERWAY RD,NA,SAME DIR REAR END,Rain,WET,Daylight,NO CONTROLS,ALCOHOL PRESENT,Yes,Possible Minor Injury,"N/A, WET",UNKNOWN,MD,PICKUP TRUCK,MOVING CONSTANT SPEED,35,No,2008,CHEVY,SILVERADO,39.16984937,-77.18557791,2022,5,18
220019466,Property Damage Crash,05/07/2022 06:11:00 PM,PINEY BRANCH RD,NA,SAME DIRECTION SIDESWIPE,Rain,WET,Daylight,N/A,NONE DETECTED,Unknown,No Apparent Injury,"RAIN, SNOW, WET",NOT DISTRACTED,MD,PASSENGER CAR,MOVING CONSTANT SPEED,35,No,2011,TOYOTA,PRIUS,38.99841293,-77.00088672,2022,5,18
220019466,Property Damage Crash,05/07/2022 06:11:00 PM,PINEY BRANCH RD,NA,SAME DIRECTION SIDESWIPE,Rain,WET,Daylight,N/A,NONE DETECTED,Unknown,No Apparent Injury,"RAIN, SNOW, WET",NOT DISTRACTED,MD,PASSENGER CAR,MOVING CONSTANT SPEED,35,No,2000,HONDA,CIVIC,38.99841293,-77.00088672,2022,5,18
220019464,Property Damage Crash,05/07/2022 05:47:00 PM,CLOPPER RD,NA,SAME DIRECTION SIDESWIPE,Rain,WET,Daylight,NO CONTROLS,NONE DETECTED,Yes,No Apparent Injury,"RAIN, SNOW, WET",INATTENTIVE OR LOST IN THOUGHT,MD,(SPORT) UTILITY VEHICLE,MOVING CONSTANT SPEED,30,No,2017,MERZ,4D,39.15904017,-77.27556645,2022,5,17
220019464,Property Damage Crash,05/07/2022 05:47:00 PM,CLOPPER RD,NA,SAME DIRECTION SIDESWIPE,Rain,WET,Daylight,NO CONTROLS,NONE DETECTED,No,No Apparent Injury,"RAIN, SNOW, WET",NOT DISTRACTED,MD,(SPORT) UTILITY VEHICLE,STOPPED IN TRAFFIC LANE,30,No,2012,KIA,4D,39.15904017,-77.27556645,2022,5,17
220019451,Injury Crash,05/07/2022 05:01:00 PM,GEORGIA AVE,NA,SAME DIR REAR END,Rain,WET,Daylight,TRAFFIC SIGNAL,NONE DETECTED,Yes,No Apparent Injury,"BACKUP DUE TO REGULAR CONGESTION, N/A, WET",UNKNOWN,MD,PASSENGER CAR,MOVING CONSTANT SPEED,30,No,2003,DODGE,DURANGO,39.02521499,-77.04599524,2022,5,17
220019451,Injury Crash,05/07/2022 05:01:00 PM,GEORGIA AVE,NA,SAME DIR REAR END,Rain,WET,Daylight,TRAFFIC SIGNAL,NONE DETECTED,No,Possible Minor Injury,"BACKUP DUE TO REGULAR CONGESTION, N/A, WET",NOT DISTRACTED,MD,PASSENGER CAR,STOPPED IN TRAFFIC LANE,30,No,2020,TOYOTA,CAROLLA,39.02521499,-77.04599524,2022,5,17
220019450,Property Damage Crash,05/07/2022 05:00:00 PM,COLUMBIA PIKE,NA,SAME DIR REAR END,Rain,WET,Daylight,NO CONTROLS,NONE DETECTED,No,No Apparent Injury,"N/A, RAIN, SNOW",NOT DISTRACTED,OR,PASSENGER CAR,PARKED,55,No,1997,TOYOTA,4RUNNER,39.07474833,-76.95490833,2022,5,17
220019450,Property Damage Crash,05/07/2022 05:00:00 PM,COLUMBIA PIKE,NA,SAME DIR REAR END,Rain,WET,Daylight,NO CONTROLS,NONE DETECTED,Yes,No Apparent Injury,"N/A, RAIN, SNOW",LOOKED BUT DID NOT SEE,ND,PASSENGER CAR,SLOWING OR STOPPING,55,No,2012,VW,PASSAT,39.07474833,-76.95490833,2022,5,17
220019445,Property Damage Crash,05/07/2022 03:45:00 PM,11TH AVE,NA,OTHER,Rain,WET,Daylight,N/A,NONE DETECTED,Yes,No Apparent Injury,"RAIN, SNOW, WET",NOT DISTRACTED,MD,PASSENGER CAR,MOVING CONSTANT SPEED,25,No,2013,TOYOTA,4S,39.05165,-77.07437833,2022,5,15
220019446,Property Damage Crash,05/07/2022 03:30:00 PM,MONTGOMERY VILLAGE AVE,NA,OTHER,Rain,WET,Daylight,NO CONTROLS,NONE DETECTED,No,No Apparent Injury,"SLEET, HAIL, FREEZ. RAIN, WET",NOT DISTRACTED,MD,PASSENGER CAR,MOVING CONSTANT SPEED,35,No,2018,SUBA,SW,39.15541241,-77.20815204,2022,5,15
220019446,Property Damage Crash,05/07/2022 03:30:00 PM,MONTGOMERY VILLAGE AVE,NA,OTHER,Rain,WET,Daylight,NO CONTROLS,NONE DETECTED,No,No Apparent Injury,"SLEET, HAIL, FREEZ. RAIN, WET",NOT DISTRACTED,MD,PASSENGER CAR,MOVING CONSTANT SPEED,35,No,2018,TOYT,UT,39.15541241,-77.20815204,2022,5,15
220019446,Property Damage Crash,05/07/2022 03:30:00 PM,MONTGOMERY VILLAGE AVE,NA,OTHER,Rain,WET,Daylight,NO CONTROLS,NONE DETECTED,Yes,No Apparent Injury,"SLEET, HAIL, FREEZ. RAIN, WET",UNKNOWN,MD,PASSENGER CAR,MOVING CONSTANT SPEED,35,No,2013,TOYT,TK,39.15541241,-77.20815204,2022,5,15
220019444,Property Damage Crash,05/07/2022 03:25:00 PM,E GUDE DR,NA,SAME DIR REAR END,Rain,WET,Daylight,TRAFFIC SIGNAL,NONE DETECTED,Yes,No Apparent Injury,N/A,UNKNOWN,NA,PASSENGER CAR,SLOWING OR STOPPING,40,No,2004,JEEP,GRAND CHEROKEE,39.10659236,-77.1582145,2022,5,15
220019444,Property Damage Crash,05/07/2022 03:25:00 PM,E GUDE DR,NA,SAME DIR REAR END,Rain,WET,Daylight,TRAFFIC SIGNAL,NONE DETECTED,No,No Apparent Injury,N/A,NOT DISTRACTED,NY,PASSENGER CAR,SLOWING OR STOPPING,40,No,2020,SUBURU,CROSS TREK,39.10659236,-77.1582145,2022,5,15
220019441,Property Damage Crash,05/07/2022 03:10:00 PM,MONTGOMERY VILLAGE AVE,NA,SAME DIR REAR END,Rain,WET,Daylight,TRAFFIC SIGNAL,NONE DETECTED,No,No Apparent Injury,"SLEET, HAIL, FREEZ. RAIN, WET",NOT DISTRACTED,WA,PASSENGER CAR,STARTING FROM LANE,35,No,2012,MERCEDEZ,4D,39.15482772,-77.20874492,2022,5,15
220019441,Property Damage Crash,05/07/2022 03:10:00 PM,MONTGOMERY VILLAGE AVE,NA,SAME DIR REAR END,Rain,WET,Daylight,TRAFFIC SIGNAL,NONE DETECTED,Yes,No Apparent Injury,"SLEET, HAIL, FREEZ. RAIN, WET",UNKNOWN,NA,NA,ACCELERATING,35,No,0,UNKNOWN,UNKNOWN,39.15482772,-77.20874492,2022,5,15
220019437,Injury Crash,05/07/2022 02:21:00 PM,BRINK RD,NA,SAME DIR REAR END,Rain,WET,Daylight,NO CONTROLS,NONE DETECTED,Yes,Possible Minor Injury,"RAIN, SNOW, WET",UNKNOWN,MD,PASSENGER CAR,MOVING CONSTANT SPEED,40,No,2006,SUBA,SW,39.20683333,-77.218055,2022,5,14
220019437,Injury Crash,05/07/2022 02:21:00 PM,BRINK RD,NA,SAME DIR REAR END,Rain,WET,Daylight,NO CONTROLS,NONE DETECTED,No,Possible Minor Injury,"RAIN, SNOW, WET",NOT DISTRACTED,MD,PASSENGER CAR,STOPPED IN TRAFFIC LANE,40,No,2014,MAZD,TK,39.20683333,-77.218055,2022,5,14
220019432,Injury Crash,05/07/2022 02:08:00 PM,QUINCE ORCHARD BLVD,BICYCLIST,SINGLE VEHICLE,Rain,WET,Daylight,TRAFFIC SIGNAL,NONE DETECTED,No,No Apparent Injury,"RAIN, SNOW, WET",NOT DISTRACTED,MD,PASSENGER CAR,MAKING RIGHT TURN,30,No,2012,HONDA,FIT,39.13455833,-77.223985,2022,5,14
220019429,Property Damage Crash,05/07/2022 01:35:00 PM,RIDGE RD,NA,SAME DIR REAR END,Rain,WET,Daylight,TRAFFIC SIGNAL,NONE DETECTED,No,No Apparent Injury,"RAIN, SNOW, WET",NOT DISTRACTED,MD,(SPORT) UTILITY VEHICLE,STOPPED IN TRAFFIC LANE,45,No,2018,TOYT,HIGHLANDER,39.20477667,-77.24516167,2022,5,13
220019429,Property Damage Crash,05/07/2022 01:35:00 PM,RIDGE RD,NA,SAME DIR REAR END,Rain,WET,Daylight,TRAFFIC SIGNAL,NONE DETECTED,Yes,No Apparent Injury,"RAIN, SNOW, WET",NOT DISTRACTED,MD,PASSENGER CAR,SLOWING OR STOPPING,45,No,2021,HYUN,SD,39.20477667,-77.24516167,2022,5,13
220019430,Property Damage Crash,05/07/2022 01:31:00 PM,CLEMATIS DR,NA,SAME DIR REAR END,Rain,WET,Daylight,NO CONTROLS,NONE DETECTED,Yes,No Apparent Injury,"N/A, RAIN, SNOW",LOOKED BUT DID NOT SEE,MD,(SPORT) UTILITY VEHICLE,BACKING,5,No,2005,CHEV,SUBURBAN,39.25283833,-77.182635,2022,5,13
220019430,Property Damage Crash,05/07/2022 01:31:00 PM,CLEMATIS DR,NA,SAME DIR REAR END,Rain,WET,Daylight,NO CONTROLS,NONE DETECTED,No,No Apparent Injury,"N/A, RAIN, SNOW",NOT DISTRACTED,MD,VAN,PARKED,5,No,2020,MERZ,POSTAL,39.25283833,-77.182635,2022,5,13
220019426,Property Damage Crash,05/07/2022 12:40:00 PM,WASHINGTONIAN BLVD,NA,SAME DIRECTION SIDESWIPE,Rain,WET,Daylight,NO CONTROLS,NONE DETECTED,No,No Apparent Injury,"RAIN, SNOW, WET",NOT DISTRACTED,MD,(SPORT) UTILITY VEHICLE,MOVING CONSTANT SPEED,25,No,2019,MERZ,GLE43,39.11804622,-77.20242445,2022,5,12
220019426,Property Damage Crash,05/07/2022 12:40:00 PM,WASHINGTONIAN BLVD,NA,SAME DIRECTION SIDESWIPE,Rain,WET,Daylight,NO CONTROLS,NONE DETECTED,Yes,No Apparent Injury,"RAIN, SNOW, WET",LOOKED BUT DID NOT SEE,CA,PASSENGER CAR,ENTERING TRAFFIC LANE,25,No,2021,TESL,UT,39.11804622,-77.20242445,2022,5,12
220019421,Property Damage Crash,05/07/2022 12:05:00 PM,COLESVILLE RD,NA,SAME DIR REAR END,Rain,WET,Daylight,TRAFFIC SIGNAL,NONE DETECTED,No,No Apparent Injury,"RAIN, SNOW, WET",NOT DISTRACTED,MD,PASSENGER CAR,SLOWING OR STOPPING,35,No,2014,CHEVY,4S,39.02053,-77.01256167,2022,5,12
220019421,Property Damage Crash,05/07/2022 12:05:00 PM,COLESVILLE RD,NA,SAME DIR REAR END,Rain,WET,Daylight,TRAFFIC SIGNAL,NONE DETECTED,Yes,No Apparent Injury,"RAIN, SNOW, WET",NOT DISTRACTED,MD,PASSENGER CAR,SLOWING OR STOPPING,35,No,2001,HONDA,CIVIC,39.02053,-77.01256167,2022,5,12
220019417,Property Damage Crash,05/07/2022 11:39:00 AM,COLESVILLE RD,NA,SAME DIR REAR END,Rain,WET,Daylight,NO CONTROLS,NONE DETECTED,No,No Apparent Injury,"RAIN, SNOW, WET",NOT DISTRACTED,MD,PASSENGER CAR,SLOWING OR STOPPING,40,No,2016,SUBARU,LEGACY,39.01115517,-77.0171565,2022,5,11
220019417,Property Damage Crash,05/07/2022 11:39:00 AM,COLESVILLE RD,NA,SAME DIR REAR END,Rain,WET,Daylight,NO CONTROLS,NONE DETECTED,No,No Apparent Injury,"RAIN, SNOW, WET",NOT DISTRACTED,TX,PASSENGER CAR,SLOWING OR STOPPING,40,No,2012,TOYOTA,CAMRY,39.01115517,-77.0171565,2022,5,11
220019417,Property Damage Crash,05/07/2022 11:39:00 AM,COLESVILLE RD,NA,SAME DIR REAR END,Rain,WET,Daylight,NO CONTROLS,NONE DETECTED,No,No Apparent Injury,"RAIN, SNOW, WET",NOT DISTRACTED,MD,(SPORT) UTILITY VEHICLE,SLOWING OR STOPPING,40,No,2021,HONDA,CRV,39.01115517,-77.0171565,2022,5,11
220019417,Property Damage Crash,05/07/2022 11:39:00 AM,COLESVILLE RD,NA,SAME DIR REAR END,Rain,WET,Daylight,NO CONTROLS,NONE DETECTED,Yes,No Apparent Injury,"RAIN, SNOW, WET",NOT DISTRACTED,CA,PASSENGER CAR,SLOWING OR STOPPING,40,No,2013,FORD,FUSION,39.01115517,-77.0171565,2022,5,11
220019408,Property Damage Crash,05/07/2022 11:09:00 AM,FALLS RD,NA,SINGLE VEHICLE,Rain,WET,Daylight,NO CONTROLS,NONE DETECTED,Yes,No Apparent Injury,"RAIN, SNOW, WET",UNKNOWN,DC,PASSENGER CAR,CHANGING LANES,35,No,2011,MERCURY,GRAND MARQUIS,39.07553837,-77.16295624,2022,5,11
220019398,Property Damage Crash,05/07/2022 10:24:00 AM,WHITES FERRY RD,NA,SINGLE VEHICLE,Rain,WET,Daylight,N/A,NONE DETECTED,Yes,No Apparent Injury,"RAIN, SNOW, WET",NOT DISTRACTED,MD,PASSENGER CAR,MOVING CONSTANT SPEED,40,No,2001,HONDA,CIVIC,39.13259745,-77.3862415,2022,5,10
220019405,Property Damage Crash,05/07/2022 10:10:00 AM,SHEPHERD ST,NA,OTHER,Rain,WET,Daylight,NO CONTROLS,NONE DETECTED,Yes,No Apparent Injury,"N/A, WET",UNKNOWN,XX,"CARGO VAN/LIGHT TRUCK 2 AXLES (OVER 10,000LBS (4,536 KG))",PASSING,25,No,2022,UU,UU,38.97976185,-77.07615625,2022,5,10
220019389,Property Damage Crash,05/07/2022 06:21:00 AM,CLOPPER RD,NA,SINGLE VEHICLE,Clear,WET,Daylight,NO CONTROLS,ALCOHOL PRESENT,Yes,No Apparent Injury,"N/A, WET",UNKNOWN,MD,VAN,MOVING CONSTANT SPEED,45,No,2006,HONDA,ODYSSEY,39.15784,-77.27167,2022,5,6
220019387,Injury Crash,05/07/2022 05:36:00 AM,ROCKVILLE PIKE,NA,SAME DIR REAR END,Rain,WET,Medium,TRAFFIC SIGNAL,NONE DETECTED,No,No Apparent Injury,"RAIN, SNOW, WET",NOT DISTRACTED,MD,PASSENGER CAR,SLOWING OR STOPPING,35,No,2012,HOND,4S,39.08039877,-77.1440023,2022,5,5
220019387,Injury Crash,05/07/2022 05:36:00 AM,ROCKVILLE PIKE,NA,SAME DIR REAR END,Rain,WET,Medium,TRAFFIC SIGNAL,NONE DETECTED,Yes,No Apparent Injury,"RAIN, SNOW, WET",LOOKED BUT DID NOT SEE,MD,(SPORT) UTILITY VEHICLE,SLOWING OR STOPPING,35,No,2019,TOYOTA,UT,39.08039877,-77.1440023,2022,5,5
220019386,Injury Crash,05/07/2022 05:32:00 AM,UNIVERSITY BLVD W,NA,STRAIGHT MOVEMENT ANGLE,Rain,WET,Medium,FLASHING TRAFFIC SIGNAL,NONE DETECTED,No,Possible Minor Injury,"RAIN, SNOW, WET",NOT DISTRACTED,MD,(SPORT) UTILITY VEHICLE,MOVING CONSTANT SPEED,35,No,2011,DODG,UT,39.0236689,-77.01735671,2022,5,5
220019386,Injury Crash,05/07/2022 05:32:00 AM,UNIVERSITY BLVD W,NA,STRAIGHT MOVEMENT ANGLE,Rain,WET,Medium,FLASHING TRAFFIC SIGNAL,NONE DETECTED,Yes,No Apparent Injury,"RAIN, SNOW, WET",LOOKED BUT DID NOT SEE,MD,(SPORT) UTILITY VEHICLE,MAKING RIGHT TURN,35,No,2004,TOYT,TK,39.0236689,-77.01735671,2022,5,5
220019383,Property Damage Crash,05/07/2022 04:50:00 AM,WOODFIELD RD,NA,SINGLE VEHICLE,Rain,WET,Medium,TRAFFIC SIGNAL,NONE DETECTED,Yes,No Apparent Injury,"RAIN, SNOW, WET",LOOKED BUT DID NOT SEE,MD,PASSENGER CAR,MOVING CONSTANT SPEED,35,No,2003,FORD,PC,39.159335,-77.160257,2022,5,4
220019382,Property Damage Crash,05/07/2022 04:00:00 AM,FENTON ST,NA,SAME DIR REAR END,Rain,WET,Medium,TRAFFIC SIGNAL,NONE DETECTED,No,No Apparent Injury,"RAIN, SNOW, WET",NOT DISTRACTED,MD,PASSENGER CAR,SLOWING OR STOPPING,25,No,2012,HONDA,CIVIC,38.99542833,-77.02430833,2022,5,4
220019382,Property Damage Crash,05/07/2022 04:00:00 AM,FENTON ST,NA,SAME DIR REAR END,Rain,WET,Medium,TRAFFIC SIGNAL,ALCOHOL PRESENT,Yes,No Apparent Injury,"RAIN, SNOW, WET",NOT DISTRACTED,MD,PASSENGER CAR,SLOWING OR STOPPING,25,No,2015,NISSAN,SENTRA,38.99542833,-77.02430833,2022,5,4
220019380,Property Damage Crash,05/07/2022 02:29:00 AM,BARRON ST,NA,OPPOSITE DIRECTION SIDESWIPE,Rain,WET,Dark,NO CONTROLS,NONE DETECTED,Yes,No Apparent Injury,N/A,UNKNOWN,NA,VAN,UNKNOWN,25,No,2008,FORD,ECONOLINE,38.99333333,-76.99783,2022,5,2
220019378,Property Damage Crash,05/07/2022 01:51:00 AM,E DIAMOND AVE,NA,HEAD ON,Rain,WET,Medium,NO CONTROLS,DRUG PRESENT,Yes,No Apparent Injury,"N/A, WET",UNKNOWN,MD,PASSENGER CAR,MOVING CONSTANT SPEED,25,No,2018,INFINITI,Q50,39.142324,-77.20163767,2022,5,1
220019219,Property Damage Crash,05/07/2022 01:36:00 AM,CASTLE BLVD,NA,OTHER,Clear,DRY,Medium,STOP SIGN,NONE DETECTED,Yes,No Apparent Injury,N/A,UNKNOWN,NA,PASSENGER CAR,MAKING LEFT TURN,30,Unknown,2015,HONDA,4S,39.08232661,-76.94395191,2022,5,1
220019219,Property Damage Crash,05/07/2022 01:36:00 AM,CASTLE BLVD,NA,OTHER,Clear,DRY,Medium,STOP SIGN,NONE DETECTED,No,No Apparent Injury,N/A,NOT DISTRACTED,MD,PASSENGER CAR,MOVING CONSTANT SPEED,30,No,2017,HONDA,4S,39.08232661,-76.94395191,2022,5,1
220019377,Property Damage Crash,05/07/2022 01:02:00 AM,EISENHOWER MEMORIAL HWY,NA,SINGLE VEHICLE,Rain,WET,Medium,NO CONTROLS,NONE DETECTED,Yes,No Apparent Injury,"RAIN, SNOW, WET",NOT DISTRACTED,MD,PASSENGER CAR,MOVING CONSTANT SPEED,55,No,2015,MERCEDES,GL450,39.13378333,-77.20889333,2022,5,1
220019369,Injury Crash,05/06/2022 10:20:00 PM,W DIAMOND AVE,NA,HEAD ON LEFT TURN,Rain,WET,Medium,TRAFFIC SIGNAL,NONE DETECTED,Yes,Possible Minor Injury,"N/A, WET",UNKNOWN,MD,PASSENGER CAR,MAKING LEFT TURN,45,No,2008,TOYOTA,HIGHLANDER,39.1400885,-77.20538217,2022,5,22
220019369,Injury Crash,05/06/2022 10:20:00 PM,W DIAMOND AVE,NA,HEAD ON LEFT TURN,Rain,WET,Medium,TRAFFIC SIGNAL,NONE DETECTED,No,No Apparent Injury,"N/A, WET",UNKNOWN,MD,PASSENGER CAR,MOVING CONSTANT SPEED,25,No,2020,HYUNDAU,ELANTRA,39.1400885,-77.20538217,2022,5,22
220019367,Property Damage Crash,05/06/2022 10:03:00 PM,MIDDLEBROOK RD,NA,STRAIGHT MOVEMENT ANGLE,Rain,WET,Medium,TRAFFIC SIGNAL,NONE DETECTED,No,No Apparent Injury,"N/A, WET",NOT DISTRACTED,MD,PASSENGER CAR,MOVING CONSTANT SPEED,25,No,2018,MERCEDES,GLC,39.18095667,-77.26831167,2022,5,22
220019367,Property Damage Crash,05/06/2022 10:03:00 PM,MIDDLEBROOK RD,NA,STRAIGHT MOVEMENT ANGLE,Rain,WET,Medium,TRAFFIC SIGNAL,NONE DETECTED,Yes,No Apparent Injury,"N/A, WET",INATTENTIVE OR LOST IN THOUGHT,MD,PASSENGER CAR,MOVING CONSTANT SPEED,35,No,2008,TOYOTA,COROLLA,39.18095667,-77.26831167,2022,5,22
220019357,Property Damage Crash,05/06/2022 08:42:00 PM,DARNESTOWN RD,NA,HEAD ON LEFT TURN,Rain,WET,Medium,TRAFFIC SIGNAL,NONE DETECTED,Unknown,No Apparent Injury,"RAIN, SNOW, WET",NOT DISTRACTED,MD,PASSENGER CAR,MOVING CONSTANT SPEED,40,No,1999,TOYT,CAMERY SD,39.110185,-77.30306333,2022,5,20
220019357,Property Damage Crash,05/06/2022 08:42:00 PM,DARNESTOWN RD,NA,HEAD ON LEFT TURN,Rain,WET,Medium,TRAFFIC SIGNAL,NONE DETECTED,Unknown,No Apparent Injury,"RAIN, SNOW, WET",NOT DISTRACTED,MD,PICKUP TRUCK,MAKING LEFT TURN,40,No,2017,FORD,F250 PK,39.110185,-77.30306333,2022,5,20
220019348,Injury Crash,05/06/2022 07:22:00 PM,OAKVIEW DR,NA,SAME DIR REAR END,Rain,WET,Medium,TRAFFIC SIGNAL,NONE DETECTED,No,No Apparent Injury,"RAIN, SNOW, WET",NOT DISTRACTED,MD,PASSENGER CAR,MOVING CONSTANT SPEED,35,No,2016,CHEVROLET,EQUINOX,39.0153986,-76.97794497,2022,5,19