Local Case Number,ACRS Report Type,Crash Date/Time,Road Name,Related Non-Motorist,Collision Type,Weather,Surface Condition,Light,Traffic Control,Driver Substance Abuse,Driver At Fault,Injury Severity,Circumstance,Driver Distracted By,Drivers License State,Vehicle Body Type,Vehicle Movement,Speed Limit,Driverless Vehicle,Vehicle Year,Vehicle Make,Vehicle Model,Latitude,Longitude,Year,Month,Hour
220019348,Injury Crash,05/06/2022 07:22:00 PM,OAKVIEW DR,NA,SAME DIR REAR END,Rain,WET,Medium,TRAFFIC SIGNAL,NONE DETECTED,Yes,No Apparent Injury,"RAIN, SNOW, WET",NOT DISTRACTED,NA,PASSENGER CAR,MOVING CONSTANT SPEED,35,No,2014,MERZEDES,SEDAN,39.0153986,-76.97794497,2022,5,19
220019341,Injury Crash,05/06/2022 06:23:00 PM,ROCKVILLE PIKE,NA,HEAD ON LEFT TURN,Rain,WET,Daylight,TRAFFIC SIGNAL,NONE DETECTED,No,No Apparent Injury,N/A,NOT DISTRACTED,MD,PASSENGER CAR,MAKING U TURN,45,No,2011,MAZDA,3,39.05133805,-77.11537615,2022,5,18
220019341,Injury Crash,05/06/2022 06:23:00 PM,ROCKVILLE PIKE,NA,HEAD ON LEFT TURN,Rain,WET,Daylight,TRAFFIC SIGNAL,NONE DETECTED,Yes,Possible Minor Injury,N/A,UNKNOWN,MD,PASSENGER CAR,MOVING CONSTANT SPEED,45,No,2020,NISSAN,SENTRA,39.05133805,-77.11537615,2022,5,18
220019329,Injury Crash,05/06/2022 05:00:00 PM,GLEN RD,NA,SAME DIRECTION SIDESWIPE,Rain,WET,Daylight,NO CONTROLS,NONE DETECTED,Yes,Possible Minor Injury,"RAIN, SNOW, WET",UNKNOWN,MD,PASSENGER CAR,MOVING CONSTANT SPEED,25,No,2012,BMW,5 SERIES,39.04496333,-77.219245,2022,5,17
220019329,Injury Crash,05/06/2022 05:00:00 PM,GLEN RD,NA,SAME DIRECTION SIDESWIPE,Rain,WET,Daylight,NO CONTROLS,NONE DETECTED,No,Possible Minor Injury,"RAIN, SNOW, WET",NOT DISTRACTED,DC,(SPORT) UTILITY VEHICLE,MOVING CONSTANT SPEED,25,No,2015,BMW,SUV,39.04496333,-77.219245,2022,5,17
220019330,Injury Crash,05/06/2022 04:48:00 PM,MONTROSE RD,NA,SINGLE VEHICLE,Rain,WET,Daylight,NO CONTROLS,NONE DETECTED,Yes,Possible Minor Injury,"RAIN, SNOW, WET",NOT DISTRACTED,MD,PASSENGER CAR,SKIDDING,40,No,1998,SUZI,X90,39.05648433,-77.15528417,2022,5,16
220019327,Injury Crash,05/06/2022 04:44:00 PM,COLUMBIA PIKE,NA,SAME DIR REAR END,Rain,WET,Daylight,N/A,NONE DETECTED,No,Possible Minor Injury,"RAIN, SNOW, WET",NOT DISTRACTED,MD,PASSENGER CAR,MOVING CONSTANT SPEED,55,No,2013,HONDA,CRV,39.11652333,-76.92755167,2022,5,16
220019327,Injury Crash,05/06/2022 04:44:00 PM,COLUMBIA PIKE,NA,SAME DIR REAR END,Rain,WET,Daylight,N/A,NONE DETECTED,Yes,No Apparent Injury,"RAIN, SNOW, WET",LOOKED BUT DID NOT SEE,MD,PASSENGER CAR,SKIDDING,55,No,2010,HONDA,CRV,39.11652333,-76.92755167,2022,5,16
220019328,Property Damage Crash,05/06/2022 04:32:00 PM,COLUMBIA PIKE,NA,SAME DIR REAR END,Rain,WET,Daylight,NO CONTROLS,NONE DETECTED,No,No Apparent Injury,"RAIN, SNOW, WET",NOT DISTRACTED,MD,PASSENGER CAR,SLOWING OR STOPPING,55,No,2021,HYUNDAI,4D,39.1181294,-76.92703677,2022,5,16
220019328,Property Damage Crash,05/06/2022 04:32:00 PM,COLUMBIA PIKE,NA,SAME DIR REAR END,Rain,WET,Daylight,NO CONTROLS,NONE DETECTED,Yes,No Apparent Injury,"RAIN, SNOW, WET",INATTENTIVE OR LOST IN THOUGHT,XX,PASSENGER CAR,SLOWING OR STOPPING,55,No,2004,HONDA,CRV,39.1181294,-76.92703677,2022,5,16
220019326,Property Damage Crash,05/06/2022 04:25:00 PM,PARKLAWN DR,NA,ANGLE MEETS RIGHT TURN,Rain,WET,Daylight,STOP SIGN,NONE DETECTED,Yes,No Apparent Injury,"RAIN, SNOW, WET",LOOKED BUT DID NOT SEE,MD,PASSENGER CAR,MAKING RIGHT TURN,35,No,2021,TOYT,SD,39.04956,-77.10280333,2022,5,16
220019326,Property Damage Crash,05/06/2022 04:25:00 PM,PARKLAWN DR,NA,ANGLE MEETS RIGHT TURN,Rain,WET,Daylight,STOP SIGN,NONE DETECTED,No,No Apparent Injury,"RAIN, SNOW, WET",NOT DISTRACTED,MD,PASSENGER CAR,MOVING CONSTANT SPEED,35,No,2013,HOND,4S,39.04956,-77.10280333,2022,5,16
220019334,Property Damage Crash,05/06/2022 04:20:00 PM,COLUMBIA PIKE,NA,SAME DIRECTION SIDESWIPE,Rain,WET,Daylight,NO CONTROLS,NONE DETECTED,No,No Apparent Injury,"RAIN, SNOW, WET",NOT DISTRACTED,MD,PASSENGER CAR,MOVING CONSTANT SPEED,55,No,2014,TOYOTA,SCION,39.12857755,-76.92134752,2022,5,16
220019334,Property Damage Crash,05/06/2022 04:20:00 PM,COLUMBIA PIKE,NA,SAME DIRECTION SIDESWIPE,Rain,WET,Daylight,NO CONTROLS,NONE DETECTED,Yes,No Apparent Injury,"RAIN, SNOW, WET",UNKNOWN,NA,PASSENGER CAR,CHANGING LANES,55,No,2014,FORD,FOCUS,39.12857755,-76.92134752,2022,5,16
220019315,Property Damage Crash,05/06/2022 04:00:00 PM,MACARTHUR BLVD,NA,SINGLE VEHICLE,Rain,WET,Daylight,NO CONTROLS,NONE DETECTED,Yes,No Apparent Injury,"RAIN, SNOW, WET",UNKNOWN,VA,PASSENGER CAR,MOVING CONSTANT SPEED,35,No,2007,MITSUBISHI,ECLIPSE,38.96153605,-77.1338846,2022,5,16
220019318,Injury Crash,05/06/2022 03:55:00 PM,SHADY GROVE RD,NA,SAME DIR REAR END,Rain,WET,Daylight,TRAFFIC SIGNAL,NONE DETECTED,No,No Apparent Injury,"RAIN, SNOW, WET",UNKNOWN,MD,(SPORT) UTILITY VEHICLE,SLOWING OR STOPPING,40,No,2015,TOYOTA,RAV4,39.11782833,-77.18345333,2022,5,15
220019324,Property Damage Crash,05/06/2022 03:55:00 PM,HOBSON ST,NA,SAME DIRECTION RIGHT TURN,Rain,WET,Daylight,NO CONTROLS,NONE DETECTED,Yes,No Apparent Injury,"RAIN, SNOW, WET",UNKNOWN,MD,SCHOOL BUS,PASSING,25,No,2012,THOMAS,CONV-MSDE-C-8,39.03419,-77.06377167,2022,5,15
220019318,Injury Crash,05/06/2022 03:55:00 PM,SHADY GROVE RD,NA,SAME DIR REAR END,Rain,WET,Daylight,TRAFFIC SIGNAL,NONE DETECTED,Yes,No Apparent Injury,"RAIN, SNOW, WET",UNKNOWN,MD,PASSENGER CAR,MOVING CONSTANT SPEED,40,No,2005,HONDA,ACCORD,39.11782833,-77.18345333,2022,5,15
220019306,Property Damage Crash,05/06/2022 03:24:00 PM,E WAYNE AVE,NA,SAME DIRECTION RIGHT TURN,Rain,WET,Daylight,TRAFFIC SIGNAL,NONE DETECTED,Yes,No Apparent Injury,"RAIN, SNOW, WET",NOT DISTRACTED,MD,PASSENGER CAR,PASSING,35,No,2016,TOYT,4S,38.999595,-77.01039167,2022,5,15
220019306,Property Damage Crash,05/06/2022 03:24:00 PM,E WAYNE AVE,NA,SAME DIRECTION RIGHT TURN,Rain,WET,Daylight,TRAFFIC SIGNAL,NONE DETECTED,No,No Apparent Injury,"RAIN, SNOW, WET",NOT DISTRACTED,MD,TRANSIT BUS,MOVING CONSTANT SPEED,35,No,2016,GILL,BUS,38.999595,-77.01039167,2022,5,15
20019303,Injury Crash,05/06/2022 03:04:00 PM,WATKINS MILL RD,NA,HEAD ON LEFT TURN,Rain,WET,Daylight,TRAFFIC SIGNAL,NONE DETECTED,No,Possible Minor Injury,"SLEET, HAIL, FREEZ. RAIN, WET",NOT DISTRACTED,MD,PASSENGER CAR,MOVING CONSTANT SPEED,35,No,2004,HOND,ACCORD,39.17409911,-77.20831272,2022,5,15
20019303,Injury Crash,05/06/2022 03:04:00 PM,WATKINS MILL RD,NA,HEAD ON LEFT TURN,Rain,WET,Daylight,TRAFFIC SIGNAL,NONE DETECTED,Yes,Possible Minor Injury,"SLEET, HAIL, FREEZ. RAIN, WET",NOT DISTRACTED,MD,(SPORT) UTILITY VEHICLE,MAKING LEFT TURN,35,No,2009,TOYOTA,RAV4,39.17409911,-77.20831272,2022,5,15
220019302,Injury Crash,05/06/2022 02:52:00 PM,SHAWNEE LA,NA,STRAIGHT MOVEMENT ANGLE,Rain,WET,Daylight,STOP SIGN,NONE DETECTED,No,Possible Minor Injury,"RAIN, SNOW, WET",NOT DISTRACTED,MD,PASSENGER CAR,MOVING CONSTANT SPEED,50,No,2019,CHEVY,TRAX,39.230167,-77.26877483,2022,5,14
220019302,Injury Crash,05/06/2022 02:52:00 PM,SHAWNEE LA,NA,STRAIGHT MOVEMENT ANGLE,Rain,WET,Daylight,STOP SIGN,NONE DETECTED,Yes,No Apparent Injury,"RAIN, SNOW, WET",LOOKED BUT DID NOT SEE,MD,PASSENGER CAR,STARTING FROM LANE,30,No,2005,AUDI,SD,39.230167,-77.26877483,2022,5,14
220019292,Property Damage Crash,05/06/2022 02:30:00 PM,OBSERVATION DR,NA,SINGLE VEHICLE,Rain,WET,Daylight,TRAFFIC SIGNAL,NONE DETECTED,Yes,No Apparent Injury,"RAIN, SNOW, WET",UNKNOWN,XX,PASSENGER CAR,MAKING LEFT TURN,40,No,2009,HONDA,CIVIC,39.20203135,-77.25448542,2022,5,14
220019297,Property Damage Crash,05/06/2022 02:26:00 PM,WATKINS MILL ROAD,NA,STRAIGHT MOVEMENT ANGLE,Rain,WET,Daylight,TRAFFIC SIGNAL,NONE DETECTED,Yes,No Apparent Injury,"RAIN, SNOW, WET",UNKNOWN,NC,PASSENGER CAR,MOVING CONSTANT SPEED,35,No,2017,MITSUBISHI,MIRAGE,39.1556185,-77.227304,2022,5,14
220019297,Property Damage Crash,05/06/2022 02:26:00 PM,WATKINS MILL ROAD,NA,STRAIGHT MOVEMENT ANGLE,Rain,WET,Daylight,TRAFFIC SIGNAL,NONE DETECTED,Yes,No Apparent Injury,"RAIN, SNOW, WET",UNKNOWN,MD,PASSENGER CAR,MOVING CONSTANT SPEED,35,No,2018,KIA,4H,39.1556185,-77.227304,2022,5,14
220019290,Property Damage Crash,05/06/2022 01:40:00 PM,CONNECTICUT AVE,NA,STRAIGHT MOVEMENT ANGLE,Rain,WET,Daylight,TRAFFIC SIGNAL,NONE DETECTED,Yes,No Apparent Injury,N/A,LOOKED BUT DID NOT SEE,VA,PASSENGER CAR,MOVING CONSTANT SPEED,35,No,2022,MITSUBISHI,ECLIPSE,38.996235,-77.07696667,2022,5,13
220019290,Property Damage Crash,05/06/2022 01:40:00 PM,CONNECTICUT AVE,NA,STRAIGHT MOVEMENT ANGLE,Rain,WET,Daylight,TRAFFIC SIGNAL,NONE DETECTED,No,No Apparent Injury,N/A,NOT DISTRACTED,VA,PASSENGER CAR,MOVING CONSTANT SPEED,35,No,2008,MAZDA,CX9,38.996235,-77.07696667,2022,5,13
220019287,Injury Crash,05/06/2022 01:28:00 PM,SENECA CROSSING DR,NA,STRAIGHT MOVEMENT ANGLE,Rain,WET,Daylight,FLASHING TRAFFIC SIGNAL,NONE DETECTED,Yes,Possible Minor Injury,"RAIN, SNOW, WET",UNKNOWN,MD,PASSENGER CAR,MOVING CONSTANT SPEED,35,No,2005,CHRYSLER,TOWN AND COUNTRY,39.20327833,-77.244278,2022,5,13
220019287,Injury Crash,05/06/2022 01:28:00 PM,SENECA CROSSING DR,NA,STRAIGHT MOVEMENT ANGLE,Rain,WET,Daylight,FLASHING TRAFFIC SIGNAL,NONE DETECTED,No,No Apparent Injury,"RAIN, SNOW, WET",NOT DISTRACTED,MD,(SPORT) UTILITY VEHICLE,ACCELERATING,25,No,2021,GMC,YUKON,39.20327833,-77.244278,2022,5,13
220019286,Property Damage Crash,05/06/2022 01:00:00 PM,PHILADELPHIA AVE,NA,HEAD ON,Rain,WET,Daylight,N/A,NONE DETECTED,No,No Apparent Injury,"N/A, WET",NOT DISTRACTED,MD,PASSENGER CAR,MOVING CONSTANT SPEED,25,No,2006,TOYOTA,CAMRY,38.98355156,-77.01631656,2022,5,13
220019285,Injury Crash,05/06/2022 01:00:00 PM,EISENHOWER MEMORIAL HWY,NA,SAME DIR REAR END,Rain,WET,Daylight,N/A,NONE DETECTED,No,Possible Minor Injury,"N/A, RAIN, SNOW",NOT DISTRACTED,PA,PASSENGER CAR,SLOWING OR STOPPING,55,No,2006,TOYOTA,AVALON,39.234618330000004,-77.28679,2022,5,13
220019286,Property Damage Crash,05/06/2022 01:00:00 PM,PHILADELPHIA AVE,NA,HEAD ON,Rain,WET,Daylight,N/A,NONE DETECTED,Yes,No Apparent Injury,"N/A, WET",NOT DISTRACTED,MD,PASSENGER CAR,SLOWING OR STOPPING,25,No,2006,HONDA,CIVIC,38.98355156,-77.01631656,2022,5,13
220019285,Injury Crash,05/06/2022 01:00:00 PM,EISENHOWER MEMORIAL HWY,NA,SAME DIR REAR END,Rain,WET,Daylight,N/A,NONE DETECTED,Yes,No Apparent Injury,"N/A, RAIN, SNOW",UNKNOWN,MD,PASSENGER CAR,SLOWING OR STOPPING,55,No,2007,TOYOTA,CAMRY,39.234618330000004,-77.28679,2022,5,13
220020970,Property Damage Crash,05/06/2022 12:00:00 PM,FRUITWOOD WAY,NA,SINGLE VEHICLE,Clear,DRY,Daylight,NO CONTROLS,NONE DETECTED,Yes,No Apparent Injury,N/A,LOOKED BUT DID NOT SEE,MD,PASSENGER CAR,BACKING,25,No,2015,NISSAN,PATHFINDER,39.18476035,-77.23596263,2022,5,12
220019275,Property Damage Crash,05/06/2022 11:47:00 AM,NEW HAMPSHIRE AVE,NA,OTHER,Rain,WET,Daylight,NO CONTROLS,NONE DETECTED,No,No Apparent Injury,"RAIN, SNOW, WET",NOT DISTRACTED,MD,PASSENGER CAR,MOVING CONSTANT SPEED,45,No,2006,AUDI,A5,39.11902833,-76.98899833,2022,5,11
220019275,Property Damage Crash,05/06/2022 11:47:00 AM,NEW HAMPSHIRE AVE,NA,OTHER,Rain,WET,Daylight,NO CONTROLS,NONE DETECTED,Yes,No Apparent Injury,"RAIN, SNOW, WET",LOOKED BUT DID NOT SEE,MD,PASSENGER CAR,CHANGING LANES,45,No,2019,MERZ,VN,39.11902833,-76.98899833,2022,5,11
220019281,Fatal Crash,05/06/2022 11:21:00 AM,ROCKLEDGE DR,PEDESTRIAN,OTHER,Rain,WET,Daylight,N/A,NONE DETECTED,No,No Apparent Injury,"RAIN, SNOW, WET",NOT DISTRACTED,DC,PASSENGER CAR,MOVING CONSTANT SPEED,30,No,2005,HONDA,ACCORD,39.02436333,-77.13263667,2022,5,11
220019273,Property Damage Crash,05/06/2022 11:15:00 AM,W MONTGOMERY AVE,NA,SAME DIRECTION LEFT TURN,Rain,WET,Daylight,TRAFFIC SIGNAL,NONE DETECTED,No,No Apparent Injury,N/A,NOT DISTRACTED,MD,PASSENGER CAR,MOVING CONSTANT SPEED,30,No,2006,TOYT,4S,39.08565402,-77.1710083,2022,5,11
220019273,Property Damage Crash,05/06/2022 11:15:00 AM,W MONTGOMERY AVE,NA,SAME DIRECTION LEFT TURN,Rain,WET,Daylight,TRAFFIC SIGNAL,NONE DETECTED,Yes,No Apparent Injury,N/A,NOT DISTRACTED,MD,"OTHER LIGHT TRUCKS (10,000LBS (4,536KG) OR LESS)",CHANGING LANES,30,No,2020,CHEV,CG,39.08565402,-77.1710083,2022,5,11
220019257,Injury Crash,05/06/2022 09:46:00 AM,CAPITAL BELTWAY,NA,SAME DIR REAR END,Rain,WET,Daylight,NO CONTROLS,NONE DETECTED,Unknown,Possible Minor Injury,"RAIN, SNOW, WET",NOT DISTRACTED,MD,PASSENGER CAR,MOVING CONSTANT SPEED,55,No,2013,KIA,OPTIMA,39.010448,-77.06518817,2022,5,9
220019257,Injury Crash,05/06/2022 09:46:00 AM,CAPITAL BELTWAY,NA,SAME DIR REAR END,Rain,WET,Daylight,NO CONTROLS,NONE DETECTED,No,Possible Minor Injury,"RAIN, SNOW, WET",NOT DISTRACTED,MD,(SPORT) UTILITY VEHICLE,MOVING CONSTANT SPEED,55,No,2009,AUDI,Q5,39.010448,-77.06518817,2022,5,9
220019257,Injury Crash,05/06/2022 09:46:00 AM,CAPITAL BELTWAY,NA,SAME DIR REAR END,Rain,WET,Daylight,NO CONTROLS,NONE DETECTED,Unknown,Possible Minor Injury,"RAIN, SNOW, WET",NOT DISTRACTED,MD,PASSENGER CAR,MOVING CONSTANT SPEED,55,No,2005,HONDA,ACCORD,39.010448,-77.06518817,2022,5,9
220019250,Injury Crash,05/06/2022 08:56:00 AM,NEW HAMPSHIRE AVE,NA,STRAIGHT MOVEMENT ANGLE,Rain,WET,Daylight,TRAFFIC SIGNAL,NONE DETECTED,No,Possible Minor Injury,"RAIN, SNOW, WET",NOT DISTRACTED,MD,PASSENGER CAR,MOVING CONSTANT SPEED,35,No,2014,TOYOTA,COROLLA,39.058615,-76.99753067,2022,5,8
220019250,Injury Crash,05/06/2022 08:56:00 AM,NEW HAMPSHIRE AVE,NA,STRAIGHT MOVEMENT ANGLE,Rain,WET,Daylight,TRAFFIC SIGNAL,NONE DETECTED,Yes,No Apparent Injury,"RAIN, SNOW, WET",NOT DISTRACTED,MD,PICKUP TRUCK,MAKING U TURN,35,No,2022,RAM,POWER WAGON,39.058615,-76.99753067,2022,5,8
220019248,Property Damage Crash,05/06/2022 08:55:00 AM,RIDGE RD,NA,SAME DIRECTION SIDESWIPE,Rain,WET,Daylight,NO CONTROLS,NONE DETECTED,Yes,No Apparent Injury,"RAIN, SNOW, WET",UNKNOWN,MD,PASSENGER CAR,SKIDDING,45,No,2012,ACURA,MDX,39.19981283,-77.258987,2022,5,8
220019248,Property Damage Crash,05/06/2022 08:55:00 AM,RIDGE RD,NA,SAME DIRECTION SIDESWIPE,Rain,WET,Daylight,NO CONTROLS,NONE DETECTED,No,No Apparent Injury,"RAIN, SNOW, WET",NOT DISTRACTED,MD,PASSENGER CAR,MOVING CONSTANT SPEED,45,No,2011,MITSUBISHI,OUTLANDER,39.19981283,-77.258987,2022,5,8
220019246,Property Damage Crash,05/06/2022 08:24:00 AM,GREAT SENECA HWY,NA,SAME DIR REAR END,Rain,WET,Daylight,TRAFFIC SIGNAL,NONE DETECTED,Yes,No Apparent Injury,"RAIN, SNOW, WET",LOOKED BUT DID NOT SEE,MD,PASSENGER CAR,MOVING CONSTANT SPEED,50,No,2015,NISSAN,ALTIMA,39.12125833,-77.22664167,2022,5,8
220019246,Property Damage Crash,05/06/2022 08:24:00 AM,GREAT SENECA HWY,NA,SAME DIR REAR END,Rain,WET,Daylight,TRAFFIC SIGNAL,NONE DETECTED,No,No Apparent Injury,"RAIN, SNOW, WET",NOT DISTRACTED,MD,PASSENGER CAR,SLOWING OR STOPPING,50,No,2018,INFINITY,Q50,39.12125833,-77.22664167,2022,5,8
220019243,Property Damage Crash,05/06/2022 08:18:00 AM,FERNWOOD RD,NA,OTHER,Rain,WET,Daylight,NO CONTROLS,NONE DETECTED,No,No Apparent Injury,"RAIN, SNOW, WET",NOT DISTRACTED,MD,PASSENGER CAR,MOVING CONSTANT SPEED,30,No,2008,TOYOTA,CAMRY,39.008121,-77.133235,2022,5,8
220019243,Property Damage Crash,05/06/2022 08:18:00 AM,FERNWOOD RD,NA,OTHER,Rain,WET,Daylight,NO CONTROLS,NONE DETECTED,Yes,No Apparent Injury,"RAIN, SNOW, WET",UNKNOWN,MD,PASSENGER CAR,MAKING U TURN,30,No,2016,DODGE,DURANGO,39.008121,-77.133235,2022,5,8
220019244,Property Damage Crash,05/06/2022 08:10:00 AM,E DIAMOND AVE,NA,SAME DIRECTION RIGHT TURN,Rain,WET,Daylight,NO CONTROLS,NONE DETECTED,Yes,No Apparent Injury,N/A,NOT DISTRACTED,MD,PASSENGER CAR,PASSING,10,No,2011,VOLKS,4S,39.14113117,-77.18458317,2022,5,8
220019244,Property Damage Crash,05/06/2022 08:10:00 AM,E DIAMOND AVE,NA,SAME DIRECTION RIGHT TURN,Rain,WET,Daylight,NO CONTROLS,NONE DETECTED,No,No Apparent Injury,N/A,NOT DISTRACTED,MD,PASSENGER CAR,PARKING,10,No,1998,TOYT,4S,39.14113117,-77.18458317,2022,5,8
220019241,Property Damage Crash,05/06/2022 08:05:00 AM,GREENTREE RD,NA,OPPOSITE DIRECTION SIDESWIPE,Rain,WET,Daylight,STOP SIGN,NONE DETECTED,Yes,No Apparent Injury,"RAIN, SNOW, WET",LOOKED BUT DID NOT SEE,MD,PASSENGER CAR,STARTING FROM LANE,25,No,2014,HYUNDAI,ELANTRA,39.00088667,-77.12127167,2022,5,8
220019241,Property Damage Crash,05/06/2022 08:05:00 AM,GREENTREE RD,NA,OPPOSITE DIRECTION SIDESWIPE,Rain,WET,Daylight,STOP SIGN,NONE DETECTED,No,No Apparent Injury,"RAIN, SNOW, WET",NOT DISTRACTED,MD,(SPORT) UTILITY VEHICLE,MOVING CONSTANT SPEED,30,No,2020,JEEP,CHEROKEE,39.00088667,-77.12127167,2022,5,8
220019289,Property Damage Crash,05/06/2022 07:20:00 AM,NA,PEDESTRIAN,OTHER,Rain,NA,Daylight,NO CONTROLS,NONE DETECTED,Yes,No Apparent Injury,"RAIN, SNOW, WET",LOOKED BUT DID NOT SEE,MD,(SPORT) UTILITY VEHICLE,MAKING LEFT TURN,5,No,2016,HONDA,TK,38.9814697,-77.12575206,2022,5,7
220019234,Injury Crash,05/06/2022 05:40:00 AM,GEORGIA AVE,NA,SAME DIR REAR END,Clear,N/A,Medium,TRAFFIC SIGNAL,NONE DETECTED,Yes,No Apparent Injury,N/A,NOT DISTRACTED,MD,PASSENGER CAR,MOVING CONSTANT SPEED,30,No,2012,HOND,SD,38.98704167,-77.02667833,2022,5,5
220019234,Injury Crash,05/06/2022 05:40:00 AM,GEORGIA AVE,NA,SAME DIR REAR END,Clear,N/A,Medium,TRAFFIC SIGNAL,NONE DETECTED,No,Possible Minor Injury,N/A,NOT DISTRACTED,MD,PASSENGER CAR,STOPPED IN TRAFFIC LANE,30,No,2013,HYUN,4S,38.98704167,-77.02667833,2022,5,5
220019235,Injury Crash,05/06/2022 05:33:00 AM,CONNECTICUT AVE,NA,STRAIGHT MOVEMENT ANGLE,Rain,WET,Medium,NO CONTROLS,NONE DETECTED,Yes,No Apparent Injury,"RAIN, SNOW, VISION OBSTRUCTION (INCL. BLINDED BY SUN), WET",LOOKED BUT DID NOT SEE,MD,PASSENGER CAR,MAKING LEFT TURN,40,No,2019,RAM,PK,39.09138,-77.070735,2022,5,5
220019235,Injury Crash,05/06/2022 05:33:00 AM,CONNECTICUT AVE,NA,STRAIGHT MOVEMENT ANGLE,Rain,WET,Medium,NO CONTROLS,NONE DETECTED,No,Possible Minor Injury,"RAIN, SNOW, VISION OBSTRUCTION (INCL. BLINDED BY SUN), WET",UNKNOWN,MD,PASSENGER CAR,MOVING CONSTANT SPEED,35,No,2013,HONDA,ACCORD,39.09138,-77.070735,2022,5,5
220019216,Injury Crash,05/06/2022 12:57:00 AM,CATTAIL RD,NA,SINGLE VEHICLE,Cloudy,DRY,Dark,NO CONTROLS,NONE DETECTED,Yes,Possible Minor Injury,N/A,NOT DISTRACTED,MD,(SPORT) UTILITY VEHICLE,MOVING CONSTANT SPEED,25,No,2017,JEEP,COMPASS,39.14887667,-77.40138667,2022,5,0
220019210,Injury Crash,05/06/2022 12:20:00 AM,VEIRS MILL RD,NA,SAME DIR REAR END,Clear,DRY,Medium,TRAFFIC SIGNAL,NONE DETECTED,Yes,No Apparent Injury,N/A,UNKNOWN,NA,PASSENGER CAR,SLOWING OR STOPPING,25,No,1998,MERZ,4D,39.03709583,-77.05127217,2022,5,0
220019210,Injury Crash,05/06/2022 12:20:00 AM,VEIRS MILL RD,NA,SAME DIR REAR END,Clear,DRY,Medium,TRAFFIC SIGNAL,NONE DETECTED,No,Possible Minor Injury,N/A,NOT DISTRACTED,MD,PASSENGER CAR,STOPPED IN TRAFFIC LANE,25,No,2004,HONDA,ACCORD,39.03709583,-77.05127217,2022,5,0
220019208,Injury Crash,05/05/2022 09:54:00 PM,COLUMBIA PIKE,PEDESTRIAN,SINGLE VEHICLE,Clear,DRY,Medium,TRAFFIC SIGNAL,NONE DETECTED,Yes,No Apparent Injury,N/A,UNKNOWN,MD,PASSENGER CAR,UNKNOWN,40,No,2014,FORD,FUSION,39.03919333,-76.99782333,2022,5,21
220019181,Property Damage Crash,05/05/2022 07:21:00 PM,UNIVERSITY BLVD E,NA,HEAD ON LEFT TURN,Clear,DRY,Daylight,NO CONTROLS,NONE DETECTED,Yes,No Apparent Injury,N/A,LOOKED BUT DID NOT SEE,MD,PASSENGER CAR,MAKING LEFT TURN,35,No,2011,HONDA,ACCORD,39.00156009,-76.99579408,2022,5,19
220019181,Property Damage Crash,05/05/2022 07:21:00 PM,UNIVERSITY BLVD E,NA,HEAD ON LEFT TURN,Clear,DRY,Daylight,NO CONTROLS,NONE DETECTED,No,No Apparent Injury,N/A,NOT DISTRACTED,DC,PASSENGER CAR,MOVING CONSTANT SPEED,35,No,2014,NISSAN,ALTIMA,39.00156009,-76.99579408,2022,5,19
220019168,Property Damage Crash,05/05/2022 05:45:00 PM,VEIRS MILL RD,NA,SAME DIR REAR END,Cloudy,DRY,Daylight,YIELD SIGN,NONE DETECTED,Yes,No Apparent Injury,N/A,UNKNOWN,MD,PASSENGER CAR,MOVING CONSTANT SPEED,35,No,2003,TOYOTA,4S,39.07997592,-77.13826298,2022,5,17
220019166,Injury Crash,05/05/2022 05:45:00 PM,SNOUFFERS SCHOOL RD,NA,SAME DIRECTION RIGHT TURN,Clear,DRY,Daylight,NO CONTROLS,NONE DETECTED,Yes,No Apparent Injury,N/A,NOT DISTRACTED,MD,PASSENGER CAR,MOVING CONSTANT SPEED,40,No,2014,SUBA,FORESTER,39.167735,-77.17412,2022,5,17
220019166,Injury Crash,05/05/2022 05:45:00 PM,SNOUFFERS SCHOOL RD,NA,SAME DIRECTION RIGHT TURN,Clear,DRY,Daylight,NO CONTROLS,NONE DETECTED,No,Possible Minor Injury,N/A,NOT DISTRACTED,MD,MOTORCYCLE,MOVING CONSTANT SPEED,40,No,2010,HARLEY DA,STREET BOB,39.167735,-77.17412,2022,5,17
220019168,Property Damage Crash,05/05/2022 05:45:00 PM,VEIRS MILL RD,NA,SAME DIR REAR END,Cloudy,DRY,Daylight,YIELD SIGN,NONE DETECTED,No,No Apparent Injury,N/A,NOT DISTRACTED,MD,PASSENGER CAR,STOPPED IN TRAFFIC LANE,35,No,2012,HYUN,SD,39.07997592,-77.13826298,2022,5,17
220019156,Property Damage Crash,05/05/2022 04:21:00 PM,FLOWER HILL WAY,NA,SINGLE VEHICLE,Cloudy,"MUD, DIRT, GRAVEL",Daylight,NO CONTROLS,ALCOHOL PRESENT,Yes,No Apparent Injury,"N/A, V EXHAUST SYSTEM|R OTHER ROAD",UNKNOWN,MD,PASSENGER CAR,UNKNOWN,35,No,2020,HONDA,CIVIC,39.15715539,-77.1611667,2022,5,16
220019146,Property Damage Crash,05/05/2022 04:20:00 PM,WOODFIELD RD,NA,SINGLE VEHICLE,Clear,DRY,Daylight,TRAFFIC SIGNAL,NONE DETECTED,Yes,No Apparent Injury,N/A,NOT DISTRACTED,MD,PASSENGER CAR,MAKING RIGHT TURN,45,No,2014,TOYOTA,COROLLA,39.16913833,-77.15458,2022,5,16
220019142,Property Damage Crash,05/05/2022 03:53:00 PM,NORCROSS WAY,NA,HEAD ON LEFT TURN,Clear,DRY,Daylight,NO CONTROLS,NONE DETECTED,No,No Apparent Injury,N/A,NOT DISTRACTED,MD,PASSENGER CAR,MOVING CONSTANT SPEED,40,No,2013,FORD,FUSION,39.06422498,-76.99941233,2022,5,15
220019142,Property Damage Crash,05/05/2022 03:53:00 PM,NORCROSS WAY,NA,HEAD ON LEFT TURN,Clear,DRY,Daylight,NO CONTROLS,NONE DETECTED,Yes,No Apparent Injury,N/A,LOOKED BUT DID NOT SEE,MD,PASSENGER CAR,MOVING CONSTANT SPEED,30,No,2014,BMW,328I,39.06422498,-76.99941233,2022,5,15
220019147,Injury Crash,05/05/2022 03:46:00 PM,BRINK RD,NA,SAME DIR REAR END,Cloudy,DRY,Daylight,N/A,NONE DETECTED,No,Possible Minor Injury,N/A,NOT DISTRACTED,MD,(SPORT) UTILITY VEHICLE,STOPPED IN TRAFFIC LANE,40,No,2019,JEEP,WRANGLER,39.20737,-77.22423833,2022,5,15
220019147,Injury Crash,05/05/2022 03:46:00 PM,BRINK RD,NA,SAME DIR REAR END,Cloudy,DRY,Daylight,N/A,NONE DETECTED,Yes,No Apparent Injury,N/A,OTHER DISTRACTION,MD,PASSENGER CAR,MOVING CONSTANT SPEED,40,No,2000,TOYOTA,CAMRY,39.20737,-77.22423833,2022,5,15
220019136,Injury Crash,05/05/2022 03:11:00 PM,EAST WEST HWY,NA,OTHER,Clear,DRY,Daylight,NO CONTROLS,NONE DETECTED,No,No Apparent Injury,N/A,NOT DISTRACTED,MD,PICKUP TRUCK,MOVING CONSTANT SPEED,35,No,2015,CHEVY,SILVERADO,38.98835,-77.07530167,2022,5,15
220019136,Injury Crash,05/05/2022 03:11:00 PM,EAST WEST HWY,NA,OTHER,Clear,DRY,Daylight,NO CONTROLS,NONE DETECTED,No,No Apparent Injury,N/A,NOT DISTRACTED,MD,PASSENGER CAR,STOPPED IN TRAFFIC LANE,25,No,2015,TOYT,PRIUS,38.98835,-77.07530167,2022,5,15