Local Case Number,ACRS Report Type,Crash Date/Time,Road Name,Related Non-Motorist,Collision Type,Weather,Surface Condition,Light,Traffic Control,Driver Substance Abuse,Driver At Fault,Injury Severity,Circumstance,Driver Distracted By,Drivers License State,Vehicle Body Type,Vehicle Movement,Speed Limit,Driverless Vehicle,Vehicle Year,Vehicle Make,Vehicle Model,Latitude,Longitude,Year,Month,Hour
220019136,Injury Crash,05/05/2022 03:11:00 PM,EAST WEST HWY,NA,OTHER,Clear,DRY,Daylight,NO CONTROLS,NONE DETECTED,Yes,Possible Minor Injury,N/A,LOOKED BUT DID NOT SEE,MD,PASSENGER CAR,MOVING CONSTANT SPEED,35,No,2022,HONDA,CRV,38.98835,-77.07530167,2022,5,15
220019131,Property Damage Crash,05/05/2022 02:35:00 PM,RIDGE RD,NA,SAME DIR REAR END,Cloudy,DRY,Daylight,N/A,NONE DETECTED,Yes,No Apparent Injury,N/A,INATTENTIVE OR LOST IN THOUGHT,MD,PASSENGER CAR,SLOWING OR STOPPING,40,No,2016,TOYOTA,COROLLA,39.24176333,-77.23478833,2022,5,14
220019131,Property Damage Crash,05/05/2022 02:35:00 PM,RIDGE RD,NA,SAME DIR REAR END,Cloudy,DRY,Daylight,N/A,NONE DETECTED,No,No Apparent Injury,N/A,NOT DISTRACTED,MD,PASSENGER CAR,STOPPED IN TRAFFIC LANE,40,No,2020,HYUNDAI,KONA,39.24176333,-77.23478833,2022,5,14
220019127,Property Damage Crash,05/05/2022 02:30:00 PM,RIDGE RD,NA,SAME DIR REAR END,Clear,DRY,Daylight,TRAFFIC SIGNAL,NONE DETECTED,No,No Apparent Injury,N/A,NOT DISTRACTED,MD,TRUCK TRACTOR,STOPPED IN TRAFFIC LANE,35,No,1987,FREIGHTLINER,TK,39.29064333,-77.20495333,2022,5,14
220019127,Property Damage Crash,05/05/2022 02:30:00 PM,RIDGE RD,NA,SAME DIR REAR END,Clear,DRY,Daylight,TRAFFIC SIGNAL,NONE DETECTED,Yes,No Apparent Injury,N/A,NOT DISTRACTED,VA,PASSENGER CAR,MOVING CONSTANT SPEED,30,No,2012,HONDA,ACCORD,39.29064333,-77.20495333,2022,5,14
220019149,Injury Crash,05/05/2022 02:00:00 PM,WOODFIELD RD,NA,OPPOSITE DIRECTION SIDESWIPE,Clear,DRY,Daylight,TRAFFIC SIGNAL,NONE DETECTED,Yes,Possible Minor Injury,N/A,LOOKED BUT DID NOT SEE,MD,PASSENGER CAR,MOVING CONSTANT SPEED,45,No,2016,SUBURU,OUTBACK,39.20823333,-77.16931333,2022,5,14
220019149,Injury Crash,05/05/2022 02:00:00 PM,WOODFIELD RD,NA,OPPOSITE DIRECTION SIDESWIPE,Clear,DRY,Daylight,TRAFFIC SIGNAL,NONE DETECTED,No,No Apparent Injury,N/A,NOT DISTRACTED,MD,PASSENGER CAR,MOVING CONSTANT SPEED,45,No,2018,HONDA,UT,39.20823333,-77.16931333,2022,5,14
220019114,Property Damage Crash,05/05/2022 01:45:00 PM,NEW HAMPSHIRE AVE,NA,STRAIGHT MOVEMENT ANGLE,Clear,DRY,Daylight,TRAFFIC SIGNAL,NONE DETECTED,No,No Apparent Injury,N/A,NOT DISTRACTED,MD,PASSENGER CAR,MOVING CONSTANT SPEED,40,No,2015,HOND,SD,39.04431167,-76.99208167,2022,5,13
220019114,Property Damage Crash,05/05/2022 01:45:00 PM,NEW HAMPSHIRE AVE,NA,STRAIGHT MOVEMENT ANGLE,Clear,DRY,Daylight,TRAFFIC SIGNAL,NONE DETECTED,Yes,No Apparent Injury,N/A,NOT DISTRACTED,MD,PASSENGER CAR,MAKING LEFT TURN,40,No,2002,MERCEDES,C240,39.04431167,-76.99208167,2022,5,13
220019109,Property Damage Crash,05/05/2022 01:16:00 PM,MONTGOMERY VILLAGE AVE,NA,STRAIGHT MOVEMENT ANGLE,Clear,DRY,Daylight,TRAFFIC SIGNAL,NONE DETECTED,Yes,No Apparent Injury,N/A,LOOKED BUT DID NOT SEE,MD,PASSENGER CAR,MOVING CONSTANT SPEED,35,No,2013,HONDA,ACCORD,39.15286167,-77.21122667,2022,5,13
220019109,Property Damage Crash,05/05/2022 01:16:00 PM,MONTGOMERY VILLAGE AVE,NA,STRAIGHT MOVEMENT ANGLE,Clear,DRY,Daylight,TRAFFIC SIGNAL,NONE DETECTED,No,No Apparent Injury,N/A,NOT DISTRACTED,MD,PASSENGER CAR,MOVING CONSTANT SPEED,35,No,2007,TOYOTA,AVALON,39.15286167,-77.21122667,2022,5,13
220019105,Injury Crash,05/05/2022 12:50:00 PM,CONNECTICUT AVE,NA,OTHER,Cloudy,DRY,Daylight,STOP SIGN,NONE DETECTED,No,No Apparent Injury,N/A,NOT DISTRACTED,MD,PASSENGER CAR,MAKING RIGHT TURN,30,No,2016,BMW,328I,39.07646167,-77.08070333,2022,5,12
220019105,Injury Crash,05/05/2022 12:50:00 PM,CONNECTICUT AVE,NA,OTHER,Cloudy,DRY,Daylight,STOP SIGN,NONE DETECTED,Yes,Possible Minor Injury,N/A,UNKNOWN,MD,PASSENGER CAR,ACCELERATING,30,No,2008,TOYOTA,HIGHLANDER,39.07646167,-77.08070333,2022,5,12
220019093,Injury Crash,05/05/2022 11:49:00 AM,E GUDE DR,NA,SAME DIR REAR END,Cloudy,DRY,Daylight,TRAFFIC SIGNAL,NONE DETECTED,Unknown,Possible Minor Injury,N/A,UNKNOWN,MD,PICKUP TRUCK,SLOWING OR STOPPING,40,No,2017,NISSAN,FRONTIER,39.09788667,-77.13717667,2022,5,11
220019093,Injury Crash,05/05/2022 11:49:00 AM,E GUDE DR,NA,SAME DIR REAR END,Cloudy,DRY,Daylight,TRAFFIC SIGNAL,NONE DETECTED,Unknown,No Apparent Injury,N/A,UNKNOWN,MD,(SPORT) UTILITY VEHICLE,MOVING CONSTANT SPEED,40,No,2015,NISSAN,ARMADA,39.09788667,-77.13717667,2022,5,11
220019072,Property Damage Crash,05/05/2022 10:23:00 AM,FREDERICK RD,NA,SAME DIR REAR END,Clear,DRY,Daylight,TRAFFIC SIGNAL,NONE DETECTED,No,No Apparent Injury,N/A,NOT DISTRACTED,MD,POLICE VEHICLE/NON EMERGENCY,STOPPED IN TRAFFIC LANE,40,No,2017,FORD,INTERCEPTOR,39.18108691,-77.23853619,2022,5,10
220019072,Property Damage Crash,05/05/2022 10:23:00 AM,FREDERICK RD,NA,SAME DIR REAR END,Clear,DRY,Daylight,TRAFFIC SIGNAL,NONE DETECTED,Yes,No Apparent Injury,N/A,LOOKED BUT DID NOT SEE,MD,"OTHER LIGHT TRUCKS (10,000LBS (4,536KG) OR LESS)",ACCELERATING,40,No,2018,INTERNATIONAL,4300 SBZO4X2,39.18108691,-77.23853619,2022,5,10
220019061,Property Damage Crash,05/05/2022 08:17:00 AM,TUCKERMAN LA,NA,STRAIGHT MOVEMENT ANGLE,Cloudy,DRY,Daylight,NO CONTROLS,NONE DETECTED,Yes,No Apparent Injury,N/A,UNKNOWN,MD,PASSENGER CAR,MAKING LEFT TURN,40,No,2021,PORSCHE,CAYENNE,39.03374617,-77.12289067,2022,5,8
220019061,Property Damage Crash,05/05/2022 08:17:00 AM,TUCKERMAN LA,NA,STRAIGHT MOVEMENT ANGLE,Cloudy,DRY,Daylight,NO CONTROLS,NONE DETECTED,No,No Apparent Injury,N/A,NOT DISTRACTED,MD,PASSENGER CAR,MOVING CONSTANT SPEED,40,No,2014,HONDA,ACCORD,39.03374617,-77.12289067,2022,5,8
220019057,Property Damage Crash,05/05/2022 07:59:00 AM,GEORGIA AVE,NA,SAME DIRECTION SIDESWIPE,Cloudy,DRY,Daylight,TRAFFIC SIGNAL,NONE DETECTED,Yes,No Apparent Injury,N/A,UNKNOWN,MD,"CARGO VAN/LIGHT TRUCK 2 AXLES (OVER 10,000LBS (4,536 KG))",ACCELERATING,30,No,2022,FRHT,IC,39.15196333,-77.066795,2022,5,7
220019057,Property Damage Crash,05/05/2022 07:59:00 AM,GEORGIA AVE,NA,SAME DIRECTION SIDESWIPE,Cloudy,DRY,Daylight,TRAFFIC SIGNAL,NONE DETECTED,No,No Apparent Injury,N/A,NOT DISTRACTED,MD,SCHOOL BUS,STOPPED IN TRAFFIC LANE,30,No,2014,THOMAS,BUS,39.15196333,-77.066795,2022,5,7
220019048,Injury Crash,05/05/2022 05:40:00 AM,CLOPPER RD,NA,STRAIGHT MOVEMENT ANGLE,Clear,DRY,Medium,TRAFFIC SIGNAL,NONE DETECTED,Yes,Possible Minor Injury,N/A,UNKNOWN,MD,PASSENGER CAR,MOVING CONSTANT SPEED,45,No,2021,TOYOTA,COROLLA,39.15646833,-77.26656,2022,5,5
220019048,Injury Crash,05/05/2022 05:40:00 AM,CLOPPER RD,NA,STRAIGHT MOVEMENT ANGLE,Clear,DRY,Medium,TRAFFIC SIGNAL,NONE DETECTED,No,Possible Minor Injury,N/A,NOT DISTRACTED,MD,PASSENGER CAR,MOVING CONSTANT SPEED,45,No,2014,FORD,FOCUS,39.15646833,-77.26656,2022,5,5
220020158,Property Damage Crash,05/05/2022 05:00:00 AM,CAPITAL BELTWAY,NA,SINGLE VEHICLE,Clear,DRY,Medium,NO CONTROLS,NONE DETECTED,Yes,No Apparent Injury,"DEBRIS OR OBSTRUCTION, N/A",NOT DISTRACTED,MD,POLICE VEHICLE/NON EMERGENCY,MOVING CONSTANT SPEED,55,No,2017,FORD,INTERCEPTOR,38.99574824,-76.88951859,2022,5,5
220019041,Property Damage Crash,05/05/2022 12:00:00 AM,COLESVILLE RD,NA,SAME DIRECTION RIGHT TURN,Clear,DRY,Dark,NO CONTROLS,NONE DETECTED,No,No Apparent Injury,N/A,NOT DISTRACTED,MD,PASSENGER CAR,MOVING CONSTANT SPEED,40,No,2013,VOLKSWAGON,JETTA,39.01304969,-77.01660766,2022,5,0
220019040,Property Damage Crash,05/05/2022 12:00:00 AM,CEDAR LA,NA,HEAD ON LEFT TURN,Clear,DRY,Medium,TRAFFIC SIGNAL,ALCOHOL PRESENT,Yes,No Apparent Injury,N/A,NOT DISTRACTED,MD,PASSENGER CAR,RIGHT TURN ON RED,25,No,2010,MAZDA,MAZDA3,39.00663167,-77.09716333,2022,5,0
220019041,Property Damage Crash,05/05/2022 12:00:00 AM,COLESVILLE RD,NA,SAME DIRECTION RIGHT TURN,Clear,DRY,Dark,NO CONTROLS,NONE DETECTED,Yes,No Apparent Injury,N/A,UNKNOWN,NA,PASSENGER CAR,MOVING CONSTANT SPEED,40,No,2018,ACURA,TL,39.01304969,-77.01660766,2022,5,0
220019040,Property Damage Crash,05/05/2022 12:00:00 AM,CEDAR LA,NA,HEAD ON LEFT TURN,Clear,DRY,Medium,TRAFFIC SIGNAL,NONE DETECTED,No,No Apparent Injury,N/A,NOT DISTRACTED,MD,PASSENGER CAR,SLOWING OR STOPPING,25,No,2012,CHRY,4H,39.00663167,-77.09716333,2022,5,0
220019031,Injury Crash,05/04/2022 11:02:00 PM,COLESVILLE RD,NA,SINGLE VEHICLE,Clear,DRY,Medium,NO CONTROLS,NONE DETECTED,Yes,Possible Minor Injury,N/A,NOT DISTRACTED,MD,PASSENGER CAR,MOVING CONSTANT SPEED,40,No,2015,TOYOTA,RAV 4,39.023215,-77.01130833,2022,5,23
220019023,Injury Crash,05/04/2022 09:37:00 PM,LAYHILL RD,PEDESTRIAN,OTHER,Clear,DRY,Medium,STOP SIGN,NONE DETECTED,Yes,No Apparent Injury,N/A,NOT DISTRACTED,PA,PASSENGER CAR,MAKING RIGHT TURN,25,No,2018,ACURA,TLX,39.0651185,-77.04827733,2022,5,21
220019018,Injury Crash,05/04/2022 09:29:00 PM,CLOPPER RD,NA,SAME DIR REAR END,Clear,DRY,Dark,NO CONTROLS,NONE DETECTED,Yes,No Apparent Injury,N/A,NOT DISTRACTED,MD,PASSENGER CAR,MOVING CONSTANT SPEED,45,No,2005,HOND,CIVIC,39.156135,-77.25362667,2022,5,21
220019018,Injury Crash,05/04/2022 09:29:00 PM,CLOPPER RD,NA,SAME DIR REAR END,Clear,DRY,Dark,NO CONTROLS,NONE DETECTED,No,Possible Minor Injury,N/A,NOT DISTRACTED,MD,PASSENGER CAR,MOVING CONSTANT SPEED,45,No,2010,TOYT,COROLLA,39.156135,-77.25362667,2022,5,21
220019021,Property Damage Crash,05/04/2022 07:00:00 PM,NA,NA,SAME DIR REAR END,Clear,NA,Daylight,N/A,NONE DETECTED,No,No Apparent Injury,N/A,NOT DISTRACTED,MD,PASSENGER CAR,STARTING FROM PARKED,5,No,2018,VOLKSWAGEN,TIGUAN,39.07473159,-77.11444903,2022,5,19
220019021,Property Damage Crash,05/04/2022 07:00:00 PM,NA,NA,SAME DIR REAR END,Clear,NA,Daylight,N/A,NONE DETECTED,Yes,No Apparent Injury,N/A,UNKNOWN,MD,PASSENGER CAR,STARTING FROM PARKED,5,No,2003,TOYOTA,SW,39.07473159,-77.11444903,2022,5,19
220018985,Property Damage Crash,05/04/2022 05:26:00 PM,BROADBIRCH DR,NA,STRAIGHT MOVEMENT ANGLE,Clear,DRY,Daylight,NO CONTROLS,NONE DETECTED,No,No Apparent Injury,N/A,NOT DISTRACTED,MD,PASSENGER CAR,MOVING CONSTANT SPEED,30,No,2015,MERZ,5550,39.05569567,-76.95598117,2022,5,17
220018985,Property Damage Crash,05/04/2022 05:26:00 PM,BROADBIRCH DR,NA,STRAIGHT MOVEMENT ANGLE,Clear,DRY,Daylight,NO CONTROLS,NONE DETECTED,Yes,No Apparent Injury,N/A,LOOKED BUT DID NOT SEE,MD,PASSENGER CAR,MAKING LEFT TURN,30,No,2015,NISSIAN,SENTRA,39.05569567,-76.95598117,2022,5,17
220018984,Injury Crash,05/04/2022 05:09:00 PM,MIDDLEBROOK RD,NA,SAME DIR REAR END,Clear,DRY,Daylight,TRAFFIC SIGNAL,NONE DETECTED,No,No Apparent Injury,N/A,NOT DISTRACTED,MD,PICKUP TRUCK,SLOWING OR STOPPING,35,No,2003,NISSAN,FRONTIER,39.175175,-77.25902667,2022,5,17
220018984,Injury Crash,05/04/2022 05:09:00 PM,MIDDLEBROOK RD,NA,SAME DIR REAR END,Clear,DRY,Daylight,TRAFFIC SIGNAL,NONE DETECTED,Yes,No Apparent Injury,N/A,UNKNOWN,MD,PASSENGER CAR,MOVING CONSTANT SPEED,35,No,2003,CHEVY,MALIBU,39.175175,-77.25902667,2022,5,17
220018978,Injury Crash,05/04/2022 04:37:00 PM,BOLAND FARM RD,NA,STRAIGHT MOVEMENT ANGLE,Clear,DRY,Daylight,STOP SIGN,NONE DETECTED,Yes,No Apparent Injury,N/A,BY OTHER OCCUPANTS,AZ,VAN,MOVING CONSTANT SPEED,30,No,1987,CHEV,CARGOVAN,39.19357833,-77.24847833,2022,5,16
220018978,Injury Crash,05/04/2022 04:37:00 PM,BOLAND FARM RD,NA,STRAIGHT MOVEMENT ANGLE,Clear,DRY,Daylight,STOP SIGN,NONE DETECTED,No,Possible Minor Injury,N/A,NOT DISTRACTED,MD,PASSENGER CAR,ACCELERATING,30,No,2005,HONDA,ACCORD,39.19357833,-77.24847833,2022,5,16
220018956,Injury Crash,05/04/2022 02:30:00 PM,CALVERTON BLVD,NA,SAME DIR REAR END,Cloudy,DRY,Daylight,TRAFFIC SIGNAL,NONE DETECTED,Yes,No Apparent Injury,N/A,BY MOVING OBJECT IN VEHICLE,MD,VAN,SLOWING OR STOPPING,30,No,2017,FORD,VAN,39.056155,-76.954015,2022,5,14
220018956,Injury Crash,05/04/2022 02:30:00 PM,CALVERTON BLVD,NA,SAME DIR REAR END,Cloudy,DRY,Daylight,TRAFFIC SIGNAL,NONE DETECTED,No,Possible Minor Injury,N/A,NOT DISTRACTED,MD,PASSENGER CAR,SLOWING OR STOPPING,30,No,2016,MERCEDES,4MATIC,39.056155,-76.954015,2022,5,14
220018955,Injury Crash,05/04/2022 02:15:00 PM,FREDERICK RD,NA,HEAD ON,Cloudy,DRY,Daylight,STOP SIGN,NONE DETECTED,No,No Apparent Injury,N/A,NOT DISTRACTED,MD,PASSENGER CAR,STOPPED IN TRAFFIC LANE,40,No,2015,FORD,EDGE,39.2134574,-77.24902585,2022,5,14
220018955,Injury Crash,05/04/2022 02:15:00 PM,FREDERICK RD,NA,HEAD ON,Cloudy,DRY,Daylight,STOP SIGN,NONE DETECTED,Yes,Possible Minor Injury,N/A,NOT DISTRACTED,MD,PASSENGER CAR,MAKING LEFT TURN,40,No,2011,TOYOTA,CAMRY,39.2134574,-77.24902585,2022,5,14
220018949,Injury Crash,05/04/2022 01:29:00 PM,MIDCOUNTY HWY,NA,OTHER,Cloudy,WET,Daylight,TRAFFIC SIGNAL,NONE DETECTED,Yes,No Apparent Injury,"N/A, WET",LOOKED BUT DID NOT SEE,MD,VAN,SLOWING OR STOPPING,50,No,2017,TOYT,VN,39.15063888,-77.17415037,2022,5,13
220018949,Injury Crash,05/04/2022 01:29:00 PM,MIDCOUNTY HWY,NA,OTHER,Cloudy,WET,Daylight,TRAFFIC SIGNAL,NONE DETECTED,No,No Apparent Injury,"N/A, WET",NOT DISTRACTED,MD,(SPORT) UTILITY VEHICLE,STOPPED IN TRAFFIC LANE,50,No,2021,VOLV,UT,39.15063888,-77.17415037,2022,5,13
220018949,Injury Crash,05/04/2022 01:29:00 PM,MIDCOUNTY HWY,NA,OTHER,Cloudy,WET,Daylight,TRAFFIC SIGNAL,NONE DETECTED,No,Possible Minor Injury,"N/A, WET",NOT DISTRACTED,MD,PASSENGER CAR,STOPPED IN TRAFFIC LANE,50,No,2010,HOND,SD,39.15063888,-77.17415037,2022,5,13
220018946,Property Damage Crash,05/04/2022 01:15:00 PM,NA,NA,OTHER,Cloudy,NA,Daylight,NO CONTROLS,NONE DETECTED,No,No Apparent Injury,N/A,NOT DISTRACTED,MD,PASSENGER CAR,STOPPED IN TRAFFIC LANE,25,No,2018,CHEV,UT,39.037925,-77.05686,2022,5,13
220018930,Property Damage Crash,05/04/2022 11:30:00 AM,GREAT SENECA HWY,NA,SAME DIR REAR END,Clear,WET,Daylight,TRAFFIC SIGNAL,NONE DETECTED,Yes,No Apparent Injury,"N/A, WET",BY MOVING OBJECT IN VEHICLE,MD,PASSENGER CAR,SLOWING OR STOPPING,50,No,2002,BMW,330I,39.12898427,-77.23833118,2022,5,11
220018930,Property Damage Crash,05/04/2022 11:30:00 AM,GREAT SENECA HWY,NA,SAME DIR REAR END,Clear,WET,Daylight,TRAFFIC SIGNAL,NONE DETECTED,No,No Apparent Injury,"N/A, WET",NOT DISTRACTED,MD,PASSENGER CAR,SLOWING OR STOPPING,50,No,2019,NISSAN,UT,39.12898427,-77.23833118,2022,5,11
220018920,Property Damage Crash,05/04/2022 10:21:00 AM,W MONTGOMERY AVE,NA,SAME DIR REAR END,Rain,WET,Daylight,NO CONTROLS,NONE DETECTED,No,No Apparent Injury,N/A,NOT DISTRACTED,MD,PASSENGER CAR,STOPPED IN TRAFFIC LANE,30,No,2019,FORD,2S,39.0857766,-77.17055548,2022,5,10
220018920,Property Damage Crash,05/04/2022 10:21:00 AM,W MONTGOMERY AVE,NA,SAME DIR REAR END,Rain,WET,Daylight,NO CONTROLS,NONE DETECTED,Yes,No Apparent Injury,N/A,UNKNOWN,MD,PASSENGER CAR,SLOWING OR STOPPING,30,No,2004,HOND,CP,39.0857766,-77.17055548,2022,5,10
220018922,Property Damage Crash,05/04/2022 10:00:00 AM,WATKINS MILL RD,NA,SINGLE VEHICLE,Cloudy,WET,Daylight,NO CONTROLS,NONE DETECTED,Yes,No Apparent Injury,"N/A, WET",UNKNOWN,MD,PASSENGER CAR,MOVING CONSTANT SPEED,35,No,2010,DODGE,CHARGER,39.18978867,-77.22088183,2022,5,10
220018902,Property Damage Crash,05/04/2022 08:32:00 AM,REDLAND RD,NA,SAME DIR REAR END,Rain,WET,Daylight,NO CONTROLS,NONE DETECTED,No,No Apparent Injury,"RAIN, SNOW, WET",NOT DISTRACTED,MD,PASSENGER CAR,STOPPED IN TRAFFIC LANE,35,No,2015,JEEP,TK,39.12962667,-77.149035,2022,5,8
220018902,Property Damage Crash,05/04/2022 08:32:00 AM,REDLAND RD,NA,SAME DIR REAR END,Rain,WET,Daylight,NO CONTROLS,NONE DETECTED,Yes,No Apparent Injury,"RAIN, SNOW, WET",NOT DISTRACTED,MD,PASSENGER CAR,SLOWING OR STOPPING,35,No,2010,HONDA,CIVIC,39.12962667,-77.149035,2022,5,8
220018899,Property Damage Crash,05/04/2022 08:28:00 AM,OLD COLUMBIA PIKE,NA,SAME DIR REAR END,Rain,WET,Daylight,YIELD SIGN,NONE DETECTED,No,No Apparent Injury,"N/A, WET",NOT DISTRACTED,MD,PASSENGER CAR,SLOWING OR STOPPING,15,No,2020,HONDA,FIT,39.095952,-76.94616,2022,5,8
220018899,Property Damage Crash,05/04/2022 08:28:00 AM,OLD COLUMBIA PIKE,NA,SAME DIR REAR END,Rain,WET,Daylight,YIELD SIGN,NONE DETECTED,Yes,No Apparent Injury,"N/A, WET",LOOKED BUT DID NOT SEE,MD,TRANSIT BUS,MOVING CONSTANT SPEED,15,No,2010,NEW FLYER,DE4,39.095952,-76.94616,2022,5,8
220018904,Property Damage Crash,05/04/2022 08:10:00 AM,NA,NA,STRAIGHT MOVEMENT ANGLE,Rain,NA,Daylight,N/A,NONE DETECTED,No,No Apparent Injury,N/A,NOT DISTRACTED,DC,PASSENGER CAR,MOVING CONSTANT SPEED,10,No,2010,HONDA,ACCORD,38.99633175,-77.03947007,2022,5,8
220018904,Property Damage Crash,05/04/2022 08:10:00 AM,NA,NA,STRAIGHT MOVEMENT ANGLE,Rain,NA,Daylight,N/A,NONE DETECTED,Yes,No Apparent Injury,N/A,UNKNOWN,NA,PASSENGER CAR,BACKING,10,No,2008,HONDA,ACCORD,38.99633175,-77.03947007,2022,5,8
220018895,Injury Crash,05/04/2022 08:04:00 AM,FREDERICK RD,NA,SAME DIR REAR END,Rain,WET,Daylight,NO CONTROLS,NONE DETECTED,No,Possible Minor Injury,N/A,NOT DISTRACTED,MD,PASSENGER CAR,SLOWING OR STOPPING,40,No,2013,HONDA,CIVIC,39.21984302,-77.257406,2022,5,8
220018895,Injury Crash,05/04/2022 08:04:00 AM,FREDERICK RD,NA,SAME DIR REAR END,Rain,WET,Daylight,NO CONTROLS,NONE DETECTED,Yes,No Apparent Injury,N/A,NOT DISTRACTED,MD,PASSENGER CAR,SLOWING OR STOPPING,40,No,2018,TOYOTA,CAMRY,39.21984302,-77.257406,2022,5,8
220018895,Injury Crash,05/04/2022 08:04:00 AM,FREDERICK RD,NA,SAME DIR REAR END,Rain,WET,Daylight,NO CONTROLS,NONE DETECTED,No,No Apparent Injury,N/A,NOT DISTRACTED,MD,PASSENGER CAR,STOPPED IN TRAFFIC LANE,40,No,2009,CHEVROLET,EXPRESS,39.21984302,-77.257406,2022,5,8
220018895,Injury Crash,05/04/2022 08:04:00 AM,FREDERICK RD,NA,SAME DIR REAR END,Rain,WET,Daylight,NO CONTROLS,NONE DETECTED,No,Possible Minor Injury,N/A,NOT DISTRACTED,MD,PASSENGER CAR,SLOWING OR STOPPING,40,No,2015,HONDA,CRV,39.21984302,-77.257406,2022,5,8
220018893,Injury Crash,05/04/2022 07:33:00 AM,CHESTERFIELD RD,NA,ANGLE MEETS LEFT HEAD ON,Cloudy,WET,Daylight,STOP SIGN,NONE DETECTED,No,Possible Minor Injury,"N/A, RAIN, SNOW",NOT DISTRACTED,MD,PASSENGER CAR,MOVING CONSTANT SPEED,25,No,2016,TOYOTA,COROLLA,39.09015,-77.08383,2022,5,7
220018893,Injury Crash,05/04/2022 07:33:00 AM,CHESTERFIELD RD,NA,ANGLE MEETS LEFT HEAD ON,Cloudy,WET,Daylight,STOP SIGN,NONE DETECTED,Yes,No Apparent Injury,"N/A, RAIN, SNOW",LOOKED BUT DID NOT SEE,MD,PASSENGER CAR,MAKING LEFT TURN,25,No,2010,JEEP,LIBERTY,39.09015,-77.08383,2022,5,7
220018892,Property Damage Crash,05/04/2022 07:30:00 AM,BEL PRE RD,NA,SAME DIR REAR END,Rain,WET,Medium,NO CONTROLS,NONE DETECTED,Yes,No Apparent Injury,"RAIN, SNOW, WET",NOT DISTRACTED,MD,PASSENGER CAR,MOVING CONSTANT SPEED,30,No,2017,NISSAN,PATHFINDER,39.09262167,-77.08176167,2022,5,7
220018890,Injury Crash,05/04/2022 06:54:00 AM,FATHER HURLEY BLVD,NA,SAME DIR REAR END,Rain,WET,Daylight,NO CONTROLS,NONE DETECTED,No,No Apparent Injury,"RAIN, SNOW, WET",NOT DISTRACTED,MD,PASSENGER CAR,SLOWING OR STOPPING,40,No,2013,HOND,ACCORD,39.19881167,-77.261465,2022,5,6
220018890,Injury Crash,05/04/2022 06:54:00 AM,FATHER HURLEY BLVD,NA,SAME DIR REAR END,Rain,WET,Daylight,NO CONTROLS,NONE DETECTED,Yes,Possible Minor Injury,"RAIN, SNOW, WET",NOT DISTRACTED,MD,PASSENGER CAR,MOVING CONSTANT SPEED,40,No,2012,HOND,CIVIC,39.19881167,-77.261465,2022,5,6
220018888,Property Damage Crash,05/04/2022 06:03:00 AM,NEW HAMPSHIRE AVE,NA,STRAIGHT MOVEMENT ANGLE,Rain,WET,Dark,STOP SIGN,NONE DETECTED,No,No Apparent Injury,"RAIN, SNOW, WET",NOT DISTRACTED,MD,(SPORT) UTILITY VEHICLE,MOVING CONSTANT SPEED,45,No,2021,TOYT,UT,39.122275,-76.98905833,2022,5,6
220018888,Property Damage Crash,05/04/2022 06:03:00 AM,NEW HAMPSHIRE AVE,NA,STRAIGHT MOVEMENT ANGLE,Rain,WET,Dark,STOP SIGN,NONE DETECTED,Yes,No Apparent Injury,"RAIN, SNOW, WET",LOOKED BUT DID NOT SEE,MD,PICKUP TRUCK,ACCELERATING,45,No,2015,TOYT,TK,39.122275,-76.98905833,2022,5,6
220018881,Property Damage Crash,05/04/2022 01:18:00 AM,NORBECK RD,NA,SINGLE VEHICLE,Rain,WET,Medium,NO CONTROLS,NONE DETECTED,Yes,No Apparent Injury,"SLEET, HAIL, FREEZ. RAIN, WET",UNKNOWN,MD,PASSENGER CAR,MOVING CONSTANT SPEED,50,No,2015,TOYOTA,COROLLA,39.09406978,-77.11860037,2022,5,1
220018872,Injury Crash,05/04/2022 12:17:00 AM,BRIGGS CHANEY RD,NA,STRAIGHT MOVEMENT ANGLE,Rain,WET,Medium,TRAFFIC SIGNAL,NONE DETECTED,No,No Apparent Injury,"RAIN, SNOW, WET",NOT DISTRACTED,MD,POLICE VEHICLE/NON EMERGENCY,STARTING FROM LANE,40,No,2015,FORD,INTERCEPTOR,39.08096333,-76.94611,2022,5,0
220018872,Injury Crash,05/04/2022 12:17:00 AM,BRIGGS CHANEY RD,NA,STRAIGHT MOVEMENT ANGLE,Rain,WET,Medium,TRAFFIC SIGNAL,NONE DETECTED,Yes,Possible Minor Injury,"RAIN, SNOW, WET",INATTENTIVE OR LOST IN THOUGHT,MD,MOTORCYCLE,MOVING CONSTANT SPEED,40,No,2007,SUZUKI,GSX-R600K,39.08096333,-76.94611,2022,5,0
220018860,Property Damage Crash,05/03/2022 09:10:00 PM,NORBECK RD,NA,SAME DIR BOTH LEFT TURN,Clear,DRY,Medium,TRAFFIC SIGNAL,NONE DETECTED,Unknown,No Apparent Injury,N/A,NOT DISTRACTED,MD,PASSENGER CAR,MAKING LEFT TURN,35,No,2013,HOND,TK,39.09602633,-77.11044983,2022,5,21
220018860,Property Damage Crash,05/03/2022 09:10:00 PM,NORBECK RD,NA,SAME DIR BOTH LEFT TURN,Clear,DRY,Medium,TRAFFIC SIGNAL,NONE DETECTED,Unknown,No Apparent Injury,N/A,NOT DISTRACTED,MD,TRANSIT BUS,MAKING LEFT TURN,35,No,2008,GILL,BU,39.09602633,-77.11044983,2022,5,21
220018829,Injury Crash,05/03/2022 05:36:00 PM,MONTGOMERY VILLAGE AVE,NA,HEAD ON LEFT TURN,Clear,DRY,Daylight,TRAFFIC SIGNAL,NONE DETECTED,Yes,Possible Minor Injury,N/A,LOOKED BUT DID NOT SEE,MD,(SPORT) UTILITY VEHICLE,MAKING LEFT TURN,35,No,2013,SUBARU,OUTBACK,39.15809333,-77.20452833,2022,5,17
220018829,Injury Crash,05/03/2022 05:36:00 PM,MONTGOMERY VILLAGE AVE,NA,HEAD ON LEFT TURN,Clear,DRY,Daylight,TRAFFIC SIGNAL,NONE DETECTED,No,Possible Minor Injury,N/A,NOT DISTRACTED,MD,(SPORT) UTILITY VEHICLE,MOVING CONSTANT SPEED,35,No,2014,JEEP,GRAND CHEROKEE,39.15809333,-77.20452833,2022,5,17
220018825,Injury Crash,05/03/2022 05:30:00 PM,MIDDLEBROOK RD,NA,SAME DIRECTION LEFT TURN,Clear,DRY,Daylight,NO CONTROLS,NONE DETECTED,Yes,No Apparent Injury,N/A,LOOKED BUT DID NOT SEE,MD,PASSENGER CAR,ACCELERATING,40,No,2016,TOYT,TK,39.17775833,-77.26563167,2022,5,17
220018825,Injury Crash,05/03/2022 05:30:00 PM,MIDDLEBROOK RD,NA,SAME DIRECTION LEFT TURN,Clear,DRY,Daylight,NO CONTROLS,NONE DETECTED,No,Possible Minor Injury,N/A,NOT DISTRACTED,MD,PASSENGER CAR,MOVING CONSTANT SPEED,40,No,2013,BMW,4S,39.17775833,-77.26563167,2022,5,17
220018826,Property Damage Crash,05/03/2022 05:27:00 PM,GLEN RD,NA,HEAD ON,Clear,DRY,Daylight,STOP SIGN,NONE DETECTED,Yes,No Apparent Injury,N/A,NOT DISTRACTED,MD,PASSENGER CAR,MAKING LEFT TURN,20,No,2015,NISS,4S,39.04605006,-77.21784058,2022,5,17