Local Case Number,ACRS Report Type,Crash Date/Time,Road Name,Related Non-Motorist,Collision Type,Weather,Surface Condition,Light,Traffic Control,Driver Substance Abuse,Driver At Fault,Injury Severity,Circumstance,Driver Distracted By,Drivers License State,Vehicle Body Type,Vehicle Movement,Speed Limit,Driverless Vehicle,Vehicle Year,Vehicle Make,Vehicle Model,Latitude,Longitude,Year,Month,Hour
220018826,Property Damage Crash,05/03/2022 05:27:00 PM,GLEN RD,NA,HEAD ON,Clear,DRY,Daylight,STOP SIGN,NONE DETECTED,No,No Apparent Injury,N/A,NOT DISTRACTED,MD,PASSENGER CAR,STOPPED IN TRAFFIC LANE,20,No,2018,INFI,TK,39.04605006,-77.21784058,2022,5,17
220018823,Property Damage Crash,05/03/2022 05:15:00 PM,NA,NA,SAME DIRECTION SIDESWIPE,Clear,NA,Daylight,TRAFFIC SIGNAL,NONE DETECTED,Yes,No Apparent Injury,N/A,LOOKED BUT DID NOT SEE,MD,PASSENGER CAR,CHANGING LANES,5,No,2019,HONDA,PILOT,38.98607,-77.099085,2022,5,17
220018823,Property Damage Crash,05/03/2022 05:15:00 PM,NA,NA,SAME DIRECTION SIDESWIPE,Clear,NA,Daylight,TRAFFIC SIGNAL,NONE DETECTED,No,No Apparent Injury,N/A,NOT DISTRACTED,MD,PASSENGER CAR,MAKING LEFT TURN,5,No,2013,THOMAS,BUS,38.98607,-77.099085,2022,5,17
220018810,Injury Crash,05/03/2022 04:02:00 PM,W GUDE DR,NA,SAME DIR REAR END,Clear,DRY,Daylight,TRAFFIC SIGNAL,NONE DETECTED,Yes,No Apparent Injury,N/A,NOT DISTRACTED,MD,PASSENGER CAR,SLOWING OR STOPPING,35,No,2009,FORD,4S,39.10019926,-77.1818889,2022,5,16
220018810,Injury Crash,05/03/2022 04:02:00 PM,W GUDE DR,NA,SAME DIR REAR END,Clear,DRY,Daylight,TRAFFIC SIGNAL,NONE DETECTED,No,No Apparent Injury,N/A,NOT DISTRACTED,MD,PASSENGER CAR,STOPPED IN TRAFFIC LANE,35,No,2017,TOYT,TK,39.10019926,-77.1818889,2022,5,16
220018810,Injury Crash,05/03/2022 04:02:00 PM,W GUDE DR,NA,SAME DIR REAR END,Clear,DRY,Daylight,TRAFFIC SIGNAL,NONE DETECTED,No,No Apparent Injury,N/A,NOT DISTRACTED,MD,PASSENGER CAR,STOPPED IN TRAFFIC LANE,35,No,2010,NISS,SU,39.10019926,-77.1818889,2022,5,16
220015707,Property Damage Crash,05/03/2022 04:00:00 PM,THAYER AVE,NA,STRAIGHT MOVEMENT ANGLE,Clear,DRY,Daylight,STOP SIGN,NONE DETECTED,Yes,No Apparent Injury,N/A,NOT DISTRACTED,MD,TRANSIT BUS,MOVING CONSTANT SPEED,35,No,2016,GILLIG,BUS,38.99358557,-77.0131898,2022,5,16
220015707,Property Damage Crash,05/03/2022 04:00:00 PM,THAYER AVE,NA,STRAIGHT MOVEMENT ANGLE,Clear,DRY,Daylight,STOP SIGN,NONE DETECTED,No,No Apparent Injury,N/A,NOT DISTRACTED,MD,PASSENGER CAR,MOVING CONSTANT SPEED,35,No,2015,JEEP,PATRIOT,38.99358557,-77.0131898,2022,5,16
220018799,Property Damage Crash,05/03/2022 02:28:00 PM,MONTGOMERY AVE,NA,SAME DIRECTION SIDESWIPE,Clear,UNKNOWN,Daylight,NO CONTROLS,NONE DETECTED,No,No Apparent Injury,N/A,NOT DISTRACTED,MD,PASSENGER CAR,MOVING CONSTANT SPEED,25,No,2006,MITSUBISHI,2D,38.98577382,-77.08674413,2022,5,14
220018799,Property Damage Crash,05/03/2022 02:28:00 PM,MONTGOMERY AVE,NA,SAME DIRECTION SIDESWIPE,Clear,UNKNOWN,Daylight,NO CONTROLS,NONE DETECTED,Yes,No Apparent Injury,N/A,UNKNOWN,MD,VAN,MOVING CONSTANT SPEED,25,No,2017,CHEVROLET,VAN,38.98577382,-77.08674413,2022,5,14
220018780,Property Damage Crash,05/03/2022 01:00:00 PM,WISCONSIN AVE,NA,SAME DIR REAR END,Cloudy,DRY,Daylight,OTHER,NONE DETECTED,Yes,No Apparent Injury,N/A,UNKNOWN,MD,PASSENGER CAR,SLOWING OR STOPPING,25,No,2018,FORD,FUSION,38.98685,-77.09453417,2022,5,13
220018780,Property Damage Crash,05/03/2022 01:00:00 PM,WISCONSIN AVE,NA,SAME DIR REAR END,Cloudy,DRY,Daylight,OTHER,NONE DETECTED,No,No Apparent Injury,N/A,NOT DISTRACTED,MD,PICKUP TRUCK,SLOWING OR STOPPING,25,No,2018,CHEVROLET,SILVERADO,38.98685,-77.09453417,2022,5,13
220018782,Property Damage Crash,05/03/2022 12:51:00 PM,TALBOT AVE,NA,SAME DIR REAR END,Cloudy,DRY,Daylight,NO CONTROLS,NONE DETECTED,No,No Apparent Injury,N/A,NOT DISTRACTED,MD,PASSENGER CAR,STOPPED IN TRAFFIC LANE,25,No,2008,MERZ,E63,39.00490135,-77.05057534,2022,5,12
220018782,Property Damage Crash,05/03/2022 12:51:00 PM,TALBOT AVE,NA,SAME DIR REAR END,Cloudy,DRY,Daylight,NO CONTROLS,NONE DETECTED,Yes,No Apparent Injury,N/A,NOT DISTRACTED,MD,"CARGO VAN/LIGHT TRUCK 2 AXLES (OVER 10,000LBS (4,536 KG))",ACCELERATING,25,No,2007,FREI,DELIVERY TRUCK,39.00490135,-77.05057534,2022,5,12
220018783,Injury Crash,05/03/2022 12:49:00 PM,CRABBS BRANCH WAY,NA,STRAIGHT MOVEMENT ANGLE,Cloudy,DRY,Daylight,TRAFFIC SIGNAL,NONE DETECTED,Yes,No Apparent Injury,N/A,UNKNOWN,XX,PASSENGER CAR,MAKING LEFT TURN,40,No,2011,TOYOTA,CAMRY,39.11465667,-77.15703833,2022,5,12
220018783,Injury Crash,05/03/2022 12:49:00 PM,CRABBS BRANCH WAY,NA,STRAIGHT MOVEMENT ANGLE,Cloudy,DRY,Daylight,TRAFFIC SIGNAL,NONE DETECTED,No,Possible Minor Injury,N/A,NOT DISTRACTED,MD,PASSENGER CAR,MOVING CONSTANT SPEED,40,No,2013,KIA,SORENTO,39.11465667,-77.15703833,2022,5,12
220018764,Injury Crash,05/03/2022 10:40:00 AM,SEVEN LOCKS RD,NA,HEAD ON LEFT TURN,Clear,DRY,Daylight,TRAFFIC SIGNAL,NONE DETECTED,Unknown,Possible Minor Injury,N/A,UNKNOWN,MD,PASSENGER CAR,MOVING CONSTANT SPEED,35,No,2017,HOND,CIVIC,39.10926167,-77.18101167,2022,5,10
220018764,Injury Crash,05/03/2022 10:40:00 AM,SEVEN LOCKS RD,NA,HEAD ON LEFT TURN,Clear,DRY,Daylight,TRAFFIC SIGNAL,NONE DETECTED,Unknown,No Apparent Injury,N/A,UNKNOWN,MD,PASSENGER CAR,MAKING LEFT TURN,35,No,2017,HOND,ACCORD,39.10926167,-77.18101167,2022,5,10
220018761,Property Damage Crash,05/03/2022 10:38:00 AM,CAPITAL BELTWAY,NA,SAME DIRECTION SIDESWIPE,Cloudy,WET,Daylight,NO CONTROLS,NONE DETECTED,No,No Apparent Injury,N/A,NOT DISTRACTED,MD,(SPORT) UTILITY VEHICLE,MOVING CONSTANT SPEED,55,No,2016,MITSUBSCHI,OUTLANDER,39.00503,-77.080935,2022,5,10
220018761,Property Damage Crash,05/03/2022 10:38:00 AM,CAPITAL BELTWAY,NA,SAME DIRECTION SIDESWIPE,Cloudy,WET,Daylight,NO CONTROLS,NONE DETECTED,Yes,No Apparent Injury,N/A,UNKNOWN,MD,PASSENGER CAR,MOVING CONSTANT SPEED,55,No,1998,ACURA,INTEGRA,39.00503,-77.080935,2022,5,10
220018745,Property Damage Crash,05/03/2022 09:00:00 AM,FENTON ST,NA,SAME DIR REAR END,Cloudy,DRY,Daylight,TRAFFIC SIGNAL,NONE DETECTED,No,No Apparent Injury,N/A,NOT DISTRACTED,MD,(SPORT) UTILITY VEHICLE,STOPPED IN TRAFFIC LANE,30,No,2021,LEXS,UT,38.99591433,-77.02469467,2022,5,9
220018745,Property Damage Crash,05/03/2022 09:00:00 AM,FENTON ST,NA,SAME DIR REAR END,Cloudy,DRY,Daylight,TRAFFIC SIGNAL,NONE DETECTED,Yes,No Apparent Injury,N/A,NOT DISTRACTED,MD,TRANSIT BUS,SLOWING OR STOPPING,30,No,2015,GILL,BUS,38.99591433,-77.02469467,2022,5,9
220018747,Injury Crash,05/03/2022 08:50:00 AM,VEIRS MILL RD,NA,STRAIGHT MOVEMENT ANGLE,Cloudy,DRY,Daylight,TRAFFIC SIGNAL,ALCOHOL PRESENT,Yes,Possible Minor Injury,N/A,UNKNOWN,MD,PASSENGER CAR,MOVING CONSTANT SPEED,35,No,2013,KIA,OPTIMA,39.05619382,-77.08273744,2022,5,8
220018747,Injury Crash,05/03/2022 08:50:00 AM,VEIRS MILL RD,NA,STRAIGHT MOVEMENT ANGLE,Cloudy,DRY,Daylight,TRAFFIC SIGNAL,NONE DETECTED,No,No Apparent Injury,N/A,NOT DISTRACTED,DC,"OTHER LIGHT TRUCKS (10,000LBS (4,536KG) OR LESS)",MOVING CONSTANT SPEED,35,No,2022,INTERNATIONAL,TRUCK,39.05619382,-77.08273744,2022,5,8
220018739,Property Damage Crash,05/03/2022 08:35:00 AM,ROCKVILLE PIKE,NA,SAME DIR REND RIGHT TURN,Cloudy,DRY,Daylight,WARNING SIGN,NONE DETECTED,No,No Apparent Injury,N/A,NOT DISTRACTED,MD,(SPORT) UTILITY VEHICLE,SLOWING OR STOPPING,25,No,2011,LEXUS,RX350,39.03446667,-77.10665667,2022,5,8
220018739,Property Damage Crash,05/03/2022 08:35:00 AM,ROCKVILLE PIKE,NA,SAME DIR REND RIGHT TURN,Cloudy,DRY,Daylight,WARNING SIGN,NONE DETECTED,Yes,No Apparent Injury,N/A,NOT DISTRACTED,MD,(SPORT) UTILITY VEHICLE,SLOWING OR STOPPING,25,No,2014,NISSAN,ROGUE,39.03446667,-77.10665667,2022,5,8
220018729,Property Damage Crash,05/03/2022 06:25:00 AM,RAMP 7 FR MD 117 WB TO RAMP 6 (TO IS270),NA,SAME DIR REAR END,Clear,DRY,Medium,YIELD SIGN,NONE DETECTED,Yes,No Apparent Injury,N/A,LOOKED BUT DID NOT SEE,MD,PASSENGER CAR,SLOWING OR STOPPING,55,No,2017,HONDA,ACCORD,39.14043933,-77.21427313,2022,5,6
220018729,Property Damage Crash,05/03/2022 06:25:00 AM,RAMP 7 FR MD 117 WB TO RAMP 6 (TO IS270),NA,SAME DIR REAR END,Clear,DRY,Medium,YIELD SIGN,NONE DETECTED,No,No Apparent Injury,N/A,NOT DISTRACTED,MD,PASSENGER CAR,SLOWING OR STOPPING,55,No,2017,TOYT,4S,39.14043933,-77.21427313,2022,5,6
220018726,Property Damage Crash,05/03/2022 01:14:00 AM,TILDEN LA,NA,OTHER,Clear,DRY,Medium,NO CONTROLS,ALCOHOL PRESENT,Yes,No Apparent Injury,N/A,UNKNOWN,MD,PASSENGER CAR,MOVING CONSTANT SPEED,25,No,2018,HYUNDI,ELANTRA,39.04449167,-77.147625,2022,5,1
220018715,Injury Crash,05/02/2022 10:00:00 PM,CONNECTICUT AVE,NA,STRAIGHT MOVEMENT ANGLE,Clear,DRY,Medium,TRAFFIC SIGNAL,NONE DETECTED,Unknown,No Apparent Injury,N/A,NOT DISTRACTED,MA,PASSENGER CAR,MOVING CONSTANT SPEED,35,No,2010,ACURA,4D,39.0574385,-77.073447,2022,5,22
220018715,Injury Crash,05/02/2022 10:00:00 PM,CONNECTICUT AVE,NA,STRAIGHT MOVEMENT ANGLE,Clear,DRY,Medium,TRAFFIC SIGNAL,NONE DETECTED,Unknown,Possible Minor Injury,N/A,NOT DISTRACTED,MD,PASSENGER CAR,MOVING CONSTANT SPEED,35,No,2007,TOYOTA,RAV 4,39.0574385,-77.073447,2022,5,22
220018701,Property Damage Crash,05/02/2022 07:46:00 PM,E RANDOLPH RD,NA,SAME DIR REAR END,Clear,DRY,Daylight,TRAFFIC SIGNAL,NONE DETECTED,Yes,No Apparent Injury,N/A,INATTENTIVE OR LOST IN THOUGHT,MD,PASSENGER CAR,SLOWING OR STOPPING,40,No,2008,HONDA,ACCORD,39.06269746,-76.96382666,2022,5,19
220018701,Property Damage Crash,05/02/2022 07:46:00 PM,E RANDOLPH RD,NA,SAME DIR REAR END,Clear,DRY,Daylight,TRAFFIC SIGNAL,NONE DETECTED,No,No Apparent Injury,N/A,NOT DISTRACTED,MD,PASSENGER CAR,STOPPED IN TRAFFIC LANE,40,No,2021,CADILLAC,CT4,39.06269746,-76.96382666,2022,5,19
220018697,Property Damage Crash,05/02/2022 07:04:00 PM,E RANDOLPH RD,NA,SAME DIRECTION SIDESWIPE,Clear,DRY,Daylight,NO CONTROLS,NONE DETECTED,No,No Apparent Injury,N/A,NOT DISTRACTED,DC,PASSENGER CAR,MOVING CONSTANT SPEED,40,No,2019,TOYOTA,CAMRY,39.07056933,-76.9879565,2022,5,19
220018697,Property Damage Crash,05/02/2022 07:04:00 PM,E RANDOLPH RD,NA,SAME DIRECTION SIDESWIPE,Clear,DRY,Daylight,NO CONTROLS,NONE DETECTED,Yes,No Apparent Injury,N/A,NOT DISTRACTED,MD,PASSENGER CAR,MAKING RIGHT TURN,40,No,2010,TOYT,TK,39.07056933,-76.9879565,2022,5,19
220018693,Property Damage Crash,05/02/2022 07:03:00 PM,ROCKVILLE PIKE,NA,SAME DIRECTION LEFT TURN,Clear,DRY,Daylight,NO CONTROLS,NONE DETECTED,Yes,No Apparent Injury,N/A,NOT DISTRACTED,MD,TRANSIT BUS,CHANGING LANES,35,No,2009,METRO,BUS,38.99918667,-77.09802,2022,5,19
220018693,Property Damage Crash,05/02/2022 07:03:00 PM,ROCKVILLE PIKE,NA,SAME DIRECTION LEFT TURN,Clear,DRY,Daylight,NO CONTROLS,NONE DETECTED,No,No Apparent Injury,N/A,NOT DISTRACTED,MD,PASSENGER CAR,SLOWING OR STOPPING,35,No,2018,AUDI,S4,38.99918667,-77.09802,2022,5,19
220018671,Property Damage Crash,05/02/2022 04:48:00 PM,WATKINS MILL RD,NA,OPPOSITE DIRECTION SIDESWIPE,Clear,DRY,Daylight,STOP SIGN,NONE DETECTED,Yes,No Apparent Injury,N/A,UNKNOWN,MD,PASSENGER CAR,MAKING LEFT TURN,30,No,2006,TOYOTA,RAV4,39.16003833,-77.21629833,2022,5,16
220018671,Property Damage Crash,05/02/2022 04:48:00 PM,WATKINS MILL RD,NA,OPPOSITE DIRECTION SIDESWIPE,Clear,DRY,Daylight,STOP SIGN,NONE DETECTED,No,No Apparent Injury,N/A,NOT DISTRACTED,MD,SCHOOL BUS,MOVING CONSTANT SPEED,30,No,2016,THOMAS,BUS,39.16003833,-77.21629833,2022,5,16
220018667,Property Damage Crash,05/02/2022 04:14:00 PM,ADELPHI RD,NA,SAME DIRECTION RIGHT TURN,Clear,DRY,Daylight,TRAFFIC SIGNAL,NONE DETECTED,Yes,No Apparent Injury,N/A,UNKNOWN,NA,PASSENGER CAR,MAKING RIGHT TURN,40,No,2019,VOLK,PASSAT,39.0114437,-76.97869592,2022,5,16
220018667,Property Damage Crash,05/02/2022 04:14:00 PM,ADELPHI RD,NA,SAME DIRECTION RIGHT TURN,Clear,DRY,Daylight,TRAFFIC SIGNAL,NONE DETECTED,No,No Apparent Injury,N/A,NOT DISTRACTED,MD,PASSENGER CAR,MAKING RIGHT TURN,40,No,2015,LEXUS,RX350,39.0114437,-76.97869592,2022,5,16
220018664,Property Damage Crash,05/02/2022 03:54:00 PM,WISCONSIN AVE,NA,STRAIGHT MOVEMENT ANGLE,Clear,DRY,Daylight,TRAFFIC SIGNAL,NONE DETECTED,Yes,No Apparent Injury,N/A,UNKNOWN,MD,PICKUP TRUCK,MOVING CONSTANT SPEED,25,No,2013,DODGE RAM,1500,38.97989333,-77.09213833,2022,5,15
220018664,Property Damage Crash,05/02/2022 03:54:00 PM,WISCONSIN AVE,NA,STRAIGHT MOVEMENT ANGLE,Clear,DRY,Daylight,TRAFFIC SIGNAL,NONE DETECTED,No,No Apparent Injury,N/A,NOT DISTRACTED,MD,(SPORT) UTILITY VEHICLE,ACCELERATING,25,No,2018,TOYOTA,HIGHLANDER,38.97989333,-77.09213833,2022,5,15
220018658,Injury Crash,05/02/2022 03:45:00 PM,CEDAR LA,NA,SAME DIR REAR END,Clear,DRY,Daylight,NO CONTROLS,NONE DETECTED,No,Possible Minor Injury,N/A,NOT DISTRACTED,MD,PASSENGER CAR,SLOWING OR STOPPING,35,No,2014,SUBARU,SW,39.00911333,-77.09202,2022,5,15
220018658,Injury Crash,05/02/2022 03:45:00 PM,CEDAR LA,NA,SAME DIR REAR END,Clear,DRY,Daylight,NO CONTROLS,NONE DETECTED,No,No Apparent Injury,N/A,NOT DISTRACTED,CO,PASSENGER CAR,SLOWING OR STOPPING,35,No,2017,CHEV,SUBURBAN,39.00911333,-77.09202,2022,5,15
220018658,Injury Crash,05/02/2022 03:45:00 PM,CEDAR LA,NA,SAME DIR REAR END,Clear,DRY,Daylight,NO CONTROLS,NONE DETECTED,Yes,No Apparent Injury,N/A,NOT DISTRACTED,MD,PASSENGER CAR,SLOWING OR STOPPING,35,No,2008,HONDA,PILOT,39.00911333,-77.09202,2022,5,15
220018652,Property Damage Crash,05/02/2022 03:22:00 PM,PINEY BRANCH RD,NA,SAME DIR REAR END,Clear,DRY,Daylight,TRAFFIC SIGNAL,NONE DETECTED,Yes,No Apparent Injury,N/A,INATTENTIVE OR LOST IN THOUGHT,MD,PASSENGER CAR,MOVING CONSTANT SPEED,35,No,2012,HOND,CRV,38.99043167,-77.010855,2022,5,15
220018652,Property Damage Crash,05/02/2022 03:22:00 PM,PINEY BRANCH RD,NA,SAME DIR REAR END,Clear,DRY,Daylight,TRAFFIC SIGNAL,NONE DETECTED,No,No Apparent Injury,N/A,NOT DISTRACTED,MD,PASSENGER CAR,STOPPED IN TRAFFIC LANE,35,No,2019,HONDA,VN,38.99043167,-77.010855,2022,5,15
220018647,Injury Crash,05/02/2022 02:59:00 PM,E DIAMOND AVE,NA,SAME DIR REAR END,Clear,DRY,Daylight,TRAFFIC SIGNAL,NONE DETECTED,No,Possible Minor Injury,N/A,NOT DISTRACTED,MD,PASSENGER CAR,MAKING RIGHT TURN,30,No,2015,KIA,SD,39.14171862,-77.18227482,2022,5,14
220018647,Injury Crash,05/02/2022 02:59:00 PM,E DIAMOND AVE,NA,SAME DIR REAR END,Clear,DRY,Daylight,TRAFFIC SIGNAL,NONE DETECTED,Yes,No Apparent Injury,N/A,UNKNOWN,NA,PICKUP TRUCK,CHANGING LANES,30,No,2020,CHEV,BTM,39.14171862,-77.18227482,2022,5,14
220018656,Property Damage Crash,05/02/2022 02:11:00 PM,CARDIGAN RD,NA,SAME DIRECTION LEFT TURN,Clear,DRY,Daylight,STOP SIGN,NONE DETECTED,Yes,No Apparent Injury,N/A,LOOKED BUT DID NOT SEE,MD,PASSENGER CAR,MAKING LEFT TURN,30,No,2011,LEXS,4S,38.99667,-77.13357667,2022,5,14
220018656,Property Damage Crash,05/02/2022 02:11:00 PM,CARDIGAN RD,NA,SAME DIRECTION LEFT TURN,Clear,DRY,Daylight,STOP SIGN,NONE DETECTED,No,No Apparent Injury,N/A,NOT DISTRACTED,OH,VAN,MOVING CONSTANT SPEED,30,No,2019,TOYT,SIENNA,38.99667,-77.13357667,2022,5,14
220018637,Injury Crash,05/02/2022 02:09:00 PM,ROCKVILLE PIKE,NA,SINGLE VEHICLE,Clear,DRY,Daylight,TRAFFIC SIGNAL,NONE DETECTED,Yes,Possible Minor Injury,N/A,NOT DISTRACTED,MD,PASSENGER CAR,MOVING CONSTANT SPEED,45,No,2020,KIA,OPTIMA,39.03102167,-77.10515,2022,5,14
220018636,Property Damage Crash,05/02/2022 01:53:00 PM,WAYNE AVE,NA,STRAIGHT MOVEMENT ANGLE,Clear,DRY,Daylight,TRAFFIC SIGNAL,NONE DETECTED,Yes,No Apparent Injury,N/A,NOT DISTRACTED,MD,(SPORT) UTILITY VEHICLE,MOVING CONSTANT SPEED,30,No,2017,FORD,ESCAPE,38.99934083,-77.01730817,2022,5,13
220018636,Property Damage Crash,05/02/2022 01:53:00 PM,WAYNE AVE,NA,STRAIGHT MOVEMENT ANGLE,Clear,DRY,Daylight,TRAFFIC SIGNAL,NONE DETECTED,No,No Apparent Injury,N/A,NOT DISTRACTED,VA,(SPORT) UTILITY VEHICLE,MOVING CONSTANT SPEED,30,No,2007,HONDA,PILOT,38.99934083,-77.01730817,2022,5,13
220018634,Injury Crash,05/02/2022 01:50:00 PM,ROCKVILLE PIKE,NA,OTHER,Clear,DRY,Daylight,NO CONTROLS,NONE DETECTED,No,Possible Minor Injury,N/A,NOT DISTRACTED,MD,PASSENGER CAR,MOVING CONSTANT SPEED,35,No,2007,PONTIAC,CN,39.06298009,-77.12541779,2022,5,13
220018634,Injury Crash,05/02/2022 01:50:00 PM,ROCKVILLE PIKE,NA,OTHER,Clear,DRY,Daylight,NO CONTROLS,NONE DETECTED,Yes,No Apparent Injury,N/A,UNKNOWN,MD,PASSENGER CAR,MAKING LEFT TURN,35,No,2018,MERCEDES,E300,39.06298009,-77.12541779,2022,5,13
220018635,Property Damage Crash,05/02/2022 01:37:00 PM,GERMANTOWN RD,NA,SAME DIR REND LEFT TURN,Clear,DRY,Daylight,NO CONTROLS,NONE DETECTED,Yes,No Apparent Injury,N/A,UNKNOWN,MD,PASSENGER CAR,SLOWING OR STOPPING,40,No,2010,BMW,CP,39.14121072,-77.29462277,2022,5,13
220018635,Property Damage Crash,05/02/2022 01:37:00 PM,GERMANTOWN RD,NA,SAME DIR REND LEFT TURN,Clear,DRY,Daylight,NO CONTROLS,NONE DETECTED,No,No Apparent Injury,N/A,NOT DISTRACTED,MD,PASSENGER CAR,MAKING LEFT TURN,40,No,2018,TOYOTA,4S,39.14121072,-77.29462277,2022,5,13
220018635,Property Damage Crash,05/02/2022 01:37:00 PM,GERMANTOWN RD,NA,SAME DIR REND LEFT TURN,Clear,DRY,Daylight,NO CONTROLS,NONE DETECTED,Yes,No Apparent Injury,N/A,UNKNOWN,MD,PICKUP TRUCK,SLOWING OR STOPPING,40,No,2006,DODGE,PK,39.14121072,-77.29462277,2022,5,13
220018628,Injury Crash,05/02/2022 01:13:00 PM,NA,NA,HEAD ON,Clear,NA,Daylight,NO CONTROLS,NONE DETECTED,Yes,Possible Minor Injury,N/A,NOT DISTRACTED,MD,PASSENGER CAR,ACCELERATING,5,No,2006,TOYOTA,4S,39.10219183,-77.18923383,2022,5,13
22000680,Property Damage Crash,05/02/2022 12:32:00 PM,NA,NA,OTHER,Clear,NA,Daylight,NO CONTROLS,NONE DETECTED,Yes,No Apparent Injury,N/A,LOOKED BUT DID NOT SEE,MD,PICKUP TRUCK,STARTING FROM PARKED,15,No,2011,FORD,TRUCK,39.019846,-77.13742733,2022,5,12
220018618,Injury Crash,05/02/2022 12:18:00 PM,E JEFFERSON ST,NA,SAME DIR REAR END,Clear,DRY,Daylight,TRAFFIC SIGNAL,NONE DETECTED,No,No Apparent Injury,N/A,NOT DISTRACTED,VA,(SPORT) UTILITY VEHICLE,STOPPED IN TRAFFIC LANE,35,No,2016,FORD,EXPLORER,39.053307,-77.12615217,2022,5,12
220018618,Injury Crash,05/02/2022 12:18:00 PM,E JEFFERSON ST,NA,SAME DIR REAR END,Clear,DRY,Daylight,TRAFFIC SIGNAL,NONE DETECTED,Yes,Possible Minor Injury,N/A,UNKNOWN,MD,VAN,MOVING CONSTANT SPEED,35,No,2018,FCA,VAN,39.053307,-77.12615217,2022,5,12
220018618,Injury Crash,05/02/2022 12:18:00 PM,E JEFFERSON ST,NA,SAME DIR REAR END,Clear,DRY,Daylight,TRAFFIC SIGNAL,NONE DETECTED,No,Possible Minor Injury,N/A,NOT DISTRACTED,FL,"OTHER LIGHT TRUCKS (10,000LBS (4,536KG) OR LESS)",STOPPED IN TRAFFIC LANE,35,No,2006,GMC,PK,39.053307,-77.12615217,2022,5,12
220018619,Property Damage Crash,05/02/2022 11:57:00 AM,MOYER RD,NA,SAME DIR REAR END,Clear,DRY,Daylight,NO CONTROLS,NONE DETECTED,Yes,No Apparent Injury,N/A,INATTENTIVE OR LOST IN THOUGHT,NA,PASSENGER CAR,PARKED,25,No,2018,HYUNDAI,ELANTRA,39.26667333,-77.20761,2022,5,11
220018609,Injury Crash,05/02/2022 11:20:00 AM,VEIRS MILL RD,NA,SAME DIR REAR END,Clear,DRY,Daylight,TRAFFIC SIGNAL,NONE DETECTED,No,Possible Minor Injury,N/A,NOT DISTRACTED,MD,VAN,STOPPED IN TRAFFIC LANE,25,No,2021,GMC,SAVANA,39.04448167,-77.063785,2022,5,11
220018609,Injury Crash,05/02/2022 11:20:00 AM,VEIRS MILL RD,NA,SAME DIR REAR END,Clear,DRY,Daylight,TRAFFIC SIGNAL,NONE DETECTED,Yes,No Apparent Injury,N/A,UNKNOWN,MD,"CARGO VAN/LIGHT TRUCK 2 AXLES (OVER 10,000LBS (4,536 KG))",SLOWING OR STOPPING,25,No,2018,KENWORTH,T270,39.04448167,-77.063785,2022,5,11
220018609,Injury Crash,05/02/2022 11:20:00 AM,VEIRS MILL RD,NA,SAME DIR REAR END,Clear,DRY,Daylight,TRAFFIC SIGNAL,NONE DETECTED,No,No Apparent Injury,N/A,NOT DISTRACTED,MD,VAN,STOPPED IN TRAFFIC LANE,25,No,2007,DODGE,GRAND CARAVAN,39.04448167,-77.063785,2022,5,11
220018583,Property Damage Crash,05/02/2022 08:00:00 AM,BALTIMORE RD,NA,SAME DIRECTION SIDESWIPE,Clear,DRY,Daylight,TRAFFIC SIGNAL,NONE DETECTED,No,No Apparent Injury,N/A,NOT DISTRACTED,MD,"OTHER LIGHT TRUCKS (10,000LBS (4,536KG) OR LESS)",STOPPED IN TRAFFIC LANE,25,No,2015,FORD,TK,39.08457409,-77.13622149,2022,5,8
220018583,Property Damage Crash,05/02/2022 08:00:00 AM,BALTIMORE RD,NA,SAME DIRECTION SIDESWIPE,Clear,DRY,Daylight,TRAFFIC SIGNAL,NONE DETECTED,Yes,No Apparent Injury,N/A,UNKNOWN,MD,(SPORT) UTILITY VEHICLE,SLOWING OR STOPPING,25,No,2020,CHEVROLET,TAHOE,39.08457409,-77.13622149,2022,5,8
220018581,Injury Crash,05/02/2022 07:43:00 AM,COLESVILLE RD,NA,HEAD ON,Clear,DRY,Daylight,NO CONTROLS,ALCOHOL PRESENT,Yes,No Apparent Injury,N/A,OTHER DISTRACTION,MD,PASSENGER CAR,MOVING CONSTANT SPEED,35,No,2013,TOYOTA,CAMRY,39.00093767,-77.02536083,2022,5,7
220018581,Injury Crash,05/02/2022 07:43:00 AM,COLESVILLE RD,NA,HEAD ON,Clear,DRY,Daylight,NO CONTROLS,NONE DETECTED,No,Possible Minor Injury,N/A,NOT DISTRACTED,MD,PASSENGER CAR,MOVING CONSTANT SPEED,35,No,2020,NISSAN,KICKS,39.00093767,-77.02536083,2022,5,7
22018580,Property Damage Crash,05/02/2022 07:30:00 AM,CEDAR LA,NA,SAME DIR REAR END,Clear,DRY,Daylight,TRAFFIC SIGNAL,NONE DETECTED,No,No Apparent Injury,N/A,NOT DISTRACTED,MD,PASSENGER CAR,ACCELERATING,25,No,2018,TOYOTA,TACOMA,39.01322703,-77.09035643,2022,5,7
22018580,Property Damage Crash,05/02/2022 07:30:00 AM,CEDAR LA,NA,SAME DIR REAR END,Clear,DRY,Daylight,TRAFFIC SIGNAL,NONE DETECTED,Yes,No Apparent Injury,N/A,OTHER DISTRACTION,MD,PASSENGER CAR,ACCELERATING,25,No,2017,HONDA,CIVIC,39.01322703,-77.09035643,2022,5,7
22018580,Property Damage Crash,05/02/2022 07:30:00 AM,CEDAR LA,NA,SAME DIR REAR END,Clear,DRY,Daylight,TRAFFIC SIGNAL,NONE DETECTED,No,No Apparent Injury,N/A,NOT DISTRACTED,MD,PASSENGER CAR,ACCELERATING,25,No,2012,ACURA,TSX,39.01322703,-77.09035643,2022,5,7
220018573,Property Damage Crash,05/02/2022 05:05:00 AM,ODENDHAL AVE,NA,SINGLE VEHICLE,Clear,WET,Medium,NO CONTROLS,NONE DETECTED,Yes,No Apparent Injury,"N/A, WET",NOT DISTRACTED,MD,PASSENGER CAR,MOVING CONSTANT SPEED,30,No,2014,TOYT,UT,39.1508656,-77.20498693,2022,5,5
220018567,Injury Crash,05/02/2022 02:28:00 AM,BELLEVUE DR,NA,OPPOSITE DIRECTION SIDESWIPE,Clear,DRY,Dark,NO CONTROLS,NONE DETECTED,Yes,Possible Minor Injury,N/A,OTHER DISTRACTION,PA,(SPORT) UTILITY VEHICLE,MOVING CONSTANT SPEED,25,No,2006,JEEP,LIBERTY,39.015123,-77.09925283,2022,5,2
22018564,Property Damage Crash,05/02/2022 01:35:00 AM,SPENCERVILLE RD,NA,SINGLE VEHICLE,Clear,DRY,Medium,N/A,NONE DETECTED,Yes,No Apparent Injury,N/A,NOT DISTRACTED,MD,PASSENGER CAR,MOVING CONSTANT SPEED,40,No,2010,NISSAN,ALTIMA,39.11633917,-76.96633683,2022,5,1
220018560,Property Damage Crash,05/02/2022 12:30:00 AM,GEORGIA AVE,NA,SAME DIR REAR END,Clear,DRY,Medium,TRAFFIC SIGNAL,NONE DETECTED,No,No Apparent Injury,N/A,NOT DISTRACTED,MD,PASSENGER CAR,STARTING FROM LANE,35,No,2011,CHEVY,SD,39.01418234,-77.04216722,2022,5,0
220018560,Property Damage Crash,05/02/2022 12:30:00 AM,GEORGIA AVE,NA,SAME DIR REAR END,Clear,DRY,Medium,TRAFFIC SIGNAL,NONE DETECTED,No,No Apparent Injury,N/A,NOT DISTRACTED,MD,PICKUP TRUCK,STARTING FROM LANE,35,No,2017,FORD,F150,39.01418234,-77.04216722,2022,5,0