Local Case Number,ACRS Report Type,Crash Date/Time,Road Name,Related Non-Motorist,Collision Type,Weather,Surface Condition,Light,Traffic Control,Driver Substance Abuse,Driver At Fault,Injury Severity,Circumstance,Driver Distracted By,Drivers License State,Vehicle Body Type,Vehicle Movement,Speed Limit,Driverless Vehicle,Vehicle Year,Vehicle Make,Vehicle Model,Latitude,Longitude,Year,Month,Hour
220018246,Property Damage Crash,04/29/2022 04:24:00 PM,COLESVILLE RD,NA,SAME DIR REND RIGHT TURN,Clear,DRY,Daylight,NO CONTROLS,NONE DETECTED,Yes,No Apparent Injury,N/A,UNKNOWN,MD,PASSENGER CAR,CHANGING LANES,35,No,2022,HONDA,CRV,39.00487543,-77.0231193,2022,4,16
220018246,Property Damage Crash,04/29/2022 04:24:00 PM,COLESVILLE RD,NA,SAME DIR REND RIGHT TURN,Clear,DRY,Daylight,NO CONTROLS,NONE DETECTED,Yes,No Apparent Injury,N/A,NOT DISTRACTED,MD,PASSENGER CAR,MOVING CONSTANT SPEED,35,No,2017,NISS,SD,39.00487543,-77.0231193,2022,4,16
220018288,Property Damage Crash,04/29/2022 04:15:00 PM,LELAND ST,NA,SAME DIRECTION SIDESWIPE,Clear,DRY,Daylight,TRAFFIC SIGNAL,NONE DETECTED,Unknown,No Apparent Injury,N/A,UNKNOWN,NA,PASSENGER CAR,MOVING CONSTANT SPEED,25,No,2015,LEXUS,X350,38.97865385,-77.09664733,2022,4,16
220018288,Property Damage Crash,04/29/2022 04:15:00 PM,LELAND ST,NA,SAME DIRECTION SIDESWIPE,Clear,DRY,Daylight,TRAFFIC SIGNAL,NONE DETECTED,Unknown,No Apparent Injury,N/A,UNKNOWN,MD,PASSENGER CAR,MAKING RIGHT TURN,25,No,2006,TOYOTA,COROLLA,38.97865385,-77.09664733,2022,4,16
220018226,Property Damage Crash,04/29/2022 03:25:00 PM,UNIVERSITY BLVD W,NA,SAME DIR REAR END,Clear,DRY,Daylight,TRAFFIC SIGNAL,NONE DETECTED,No,No Apparent Injury,N/A,NOT DISTRACTED,MD,PASSENGER CAR,STARTING FROM LANE,35,No,2016,HONDA,ACCORD,39.04003217,-77.05558087,2022,4,15
220018226,Property Damage Crash,04/29/2022 03:25:00 PM,UNIVERSITY BLVD W,NA,SAME DIR REAR END,Clear,DRY,Daylight,TRAFFIC SIGNAL,NONE DETECTED,Yes,No Apparent Injury,N/A,DIALING CELLULAR PHONE,NA,PASSENGER CAR,STARTING FROM LANE,35,No,2016,FORD,FUSION,39.04003217,-77.05558087,2022,4,15
220018235,Injury Crash,04/29/2022 03:00:00 PM,NA,BICYCLIST,STRAIGHT MOVEMENT ANGLE,Clear,NA,Daylight,NO CONTROLS,NONE DETECTED,Yes,No Apparent Injury,N/A,LOOKED BUT DID NOT SEE,MD,PASSENGER CAR,ENTERING TRAFFIC LANE,5,No,2007,LINCOLN,TOWNCAR,39.05814,-77.12053833,2022,4,15
220018241,Property Damage Crash,04/29/2022 02:38:00 PM,NA,NA,OTHER,Clear,NA,Daylight,N/A,NONE DETECTED,No,No Apparent Injury,N/A,NOT DISTRACTED,MD,PASSENGER CAR,BACKING,0,No,2013,HYUN,ACCENT,38.96306453,-77.0845006,2022,4,14
220018241,Property Damage Crash,04/29/2022 02:38:00 PM,NA,NA,OTHER,Clear,NA,Daylight,N/A,NONE DETECTED,Yes,No Apparent Injury,N/A,UNKNOWN,NA,PASSENGER CAR,SLOWING OR STOPPING,0,No,2013,HONDA,4S,38.96306453,-77.0845006,2022,4,14
220018218,Property Damage Crash,04/29/2022 02:19:00 PM,FREDERICK RD,NA,STRAIGHT MOVEMENT ANGLE,Clear,DRY,Daylight,STOP SIGN,NONE DETECTED,Yes,No Apparent Injury,N/A,LOOKED BUT DID NOT SEE,MD,(SPORT) UTILITY VEHICLE,ENTERING TRAFFIC LANE,40,No,2019,TOYT,TK,39.16481861,-77.22748948,2022,4,14
220018218,Property Damage Crash,04/29/2022 02:19:00 PM,FREDERICK RD,NA,STRAIGHT MOVEMENT ANGLE,Clear,DRY,Daylight,STOP SIGN,NONE DETECTED,No,No Apparent Injury,N/A,NOT DISTRACTED,MD,VAN,MOVING CONSTANT SPEED,40,No,2019,HONDA,VAN,39.16481861,-77.22748948,2022,4,14
220018215,Property Damage Crash,04/29/2022 02:04:00 PM,GERMANTOWN RD,NA,SAME DIRECTION SIDESWIPE,Clear,OTHER,Daylight,N/A,NONE DETECTED,Yes,No Apparent Injury,N/A,DISTRACTED BY OUTSIDE PERSON OBJECT OR EVENT,MD,PASSENGER CAR,MOVING CONSTANT SPEED,40,No,2015,NISS,SENTRA,39.16376833,-77.28259333,2022,4,14
220018215,Property Damage Crash,04/29/2022 02:04:00 PM,GERMANTOWN RD,NA,SAME DIRECTION SIDESWIPE,Clear,OTHER,Daylight,N/A,NONE DETECTED,No,No Apparent Injury,N/A,NOT DISTRACTED,MD,PASSENGER CAR,MOVING CONSTANT SPEED,40,No,2006,LINC,TK,39.16376833,-77.28259333,2022,4,14
220018209,Injury Crash,04/29/2022 01:42:00 PM,RUSSELL AVE,NA,HEAD ON LEFT TURN,Clear,DRY,Daylight,TRAFFIC SIGNAL,NONE DETECTED,Yes,No Apparent Injury,N/A,LOOKED BUT DID NOT SEE,MD,PICKUP TRUCK,MAKING LEFT TURN,35,No,2017,FORD,F150,39.15141667,-77.20731833,2022,4,13
220018209,Injury Crash,04/29/2022 01:42:00 PM,RUSSELL AVE,NA,HEAD ON LEFT TURN,Clear,DRY,Daylight,TRAFFIC SIGNAL,NONE DETECTED,No,Possible Minor Injury,N/A,NOT DISTRACTED,MD,PASSENGER CAR,MOVING CONSTANT SPEED,35,No,2017,TOYOTA,RAV,39.15141667,-77.20731833,2022,4,13
220018196,Property Damage Crash,04/29/2022 12:56:00 PM,UNIVERSITY BLVD W,NA,SAME DIR BOTH LEFT TURN,Clear,DRY,Daylight,TRAFFIC SIGNAL,NONE DETECTED,Yes,No Apparent Injury,N/A,UNKNOWN,NA,PASSENGER CAR,STARTING FROM LANE,30,No,2020,TOYOTA,C-HR,39.03988085,-77.0556775,2022,4,12
220018196,Property Damage Crash,04/29/2022 12:56:00 PM,UNIVERSITY BLVD W,NA,SAME DIR BOTH LEFT TURN,Clear,DRY,Daylight,TRAFFIC SIGNAL,NONE DETECTED,No,No Apparent Injury,N/A,NOT DISTRACTED,MD,PICKUP TRUCK,STARTING FROM LANE,30,No,2017,TOYOTA,TACOMA,39.03988085,-77.0556775,2022,4,12
220018177,Property Damage Crash,04/29/2022 10:41:00 AM,NA,NA,SAME DIR REAR END,Clear,NA,Daylight,NO CONTROLS,NONE DETECTED,No,No Apparent Injury,N/A,OTHER DISTRACTION,MD,PASSENGER CAR,SLOWING OR STOPPING,5,No,2011,HONDA,4D,39.03875632,-77.06963877,2022,4,10
220018177,Property Damage Crash,04/29/2022 10:41:00 AM,NA,NA,SAME DIR REAR END,Clear,NA,Daylight,NO CONTROLS,NONE DETECTED,Yes,No Apparent Injury,N/A,NOT DISTRACTED,MD,PASSENGER CAR,MOVING CONSTANT SPEED,5,No,2008,LEXUS,IS 250,39.03875632,-77.06963877,2022,4,10
220018170,Injury Crash,04/29/2022 10:22:00 AM,CONNECTICUT AVE,NA,SAME DIR REAR END,Clear,DRY,Daylight,TRAFFIC SIGNAL,NONE DETECTED,Yes,No Apparent Injury,N/A,NOT DISTRACTED,MD,PICKUP TRUCK,MOVING CONSTANT SPEED,35,No,2021,FORD,F350,39.08117333,-77.08030333,2022,4,10
220018170,Injury Crash,04/29/2022 10:22:00 AM,CONNECTICUT AVE,NA,SAME DIR REAR END,Clear,DRY,Daylight,TRAFFIC SIGNAL,NONE DETECTED,No,No Apparent Injury,N/A,NOT DISTRACTED,MD,PASSENGER CAR,STOPPED IN TRAFFIC LANE,35,No,1999,HOND,CRV,39.08117333,-77.08030333,2022,4,10
220018166,Property Damage Crash,04/29/2022 10:13:00 AM,MIDDLEBROOK RD,NA,SAME DIR REAR END,Clear,DRY,Daylight,N/A,NONE DETECTED,No,No Apparent Injury,N/A,NOT DISTRACTED,MD,PASSENGER CAR,SLOWING OR STOPPING,40,No,2016,MERCEDES,UT,39.17792667,-77.24282333,2022,4,10
220018166,Property Damage Crash,04/29/2022 10:13:00 AM,MIDDLEBROOK RD,NA,SAME DIR REAR END,Clear,DRY,Daylight,N/A,NONE DETECTED,Yes,No Apparent Injury,N/A,UNKNOWN,MD,PASSENGER CAR,SLOWING OR STOPPING,40,No,2010,TOYOTA,COROLLA,39.17792667,-77.24282333,2022,4,10
220018165,Property Damage Crash,04/29/2022 10:04:00 AM,11TH AVE,NA,SAME DIRECTION RIGHT TURN,Clear,DRY,Daylight,NO CONTROLS,NONE DETECTED,No,No Apparent Injury,N/A,NOT DISTRACTED,MD,"MEDIUM/HEAVY TRUCKS 3 AXLES (OVER 10,000LBS (4,536KG))",STOPPED IN TRAFFIC LANE,25,No,2018,MACK,TRASH,38.99669167,-76.99182167,2022,4,10
220018165,Property Damage Crash,04/29/2022 10:04:00 AM,11TH AVE,NA,SAME DIRECTION RIGHT TURN,Clear,DRY,Daylight,NO CONTROLS,NONE DETECTED,Yes,No Apparent Injury,N/A,NOT DISTRACTED,MD,TRANSIT BUS,PASSING,25,No,2016,GILLIG,DS,38.99669167,-76.99182167,2022,4,10
220018160,Property Damage Crash,04/29/2022 08:32:00 AM,BEL PRE RD,NA,SAME DIRECTION SIDESWIPE,Clear,DRY,Daylight,TRAFFIC SIGNAL,NONE DETECTED,No,No Apparent Injury,N/A,NOT DISTRACTED,MD,PASSENGER CAR,MOVING CONSTANT SPEED,35,No,2019,TOYOTA,CAMRY,39.09052655,-77.04779518,2022,4,8
220018160,Property Damage Crash,04/29/2022 08:32:00 AM,BEL PRE RD,NA,SAME DIRECTION SIDESWIPE,Clear,DRY,Daylight,TRAFFIC SIGNAL,NONE DETECTED,Yes,No Apparent Injury,N/A,UNKNOWN,MD,PASSENGER CAR,CHANGING LANES,35,No,2017,KIA,FORTE,39.09052655,-77.04779518,2022,4,8
220018158,Property Damage Crash,04/29/2022 08:15:00 AM,SEVEN LOCKS RD,NA,SAME DIR REAR END,Clear,DRY,Daylight,NO CONTROLS,NONE DETECTED,Yes,No Apparent Injury,N/A,NOT DISTRACTED,MD,PASSENGER CAR,SLOWING OR STOPPING,30,No,1998,TOYT,4S,39.06486462,-77.16090853,2022,4,8
220018158,Property Damage Crash,04/29/2022 08:15:00 AM,SEVEN LOCKS RD,NA,SAME DIR REAR END,Clear,DRY,Daylight,NO CONTROLS,NONE DETECTED,No,No Apparent Injury,N/A,NOT DISTRACTED,MD,PASSENGER CAR,SLOWING OR STOPPING,30,No,2011,HOND,ACCORD,39.06486462,-77.16090853,2022,4,8
220018157,Injury Crash,04/29/2022 07:57:00 AM,NEW HAMPSHIRE AVE,NA,OTHER,Clear,DRY,Daylight,N/A,NONE DETECTED,No,No Apparent Injury,N/A,UNKNOWN,MD,PASSENGER CAR,STOPPED IN TRAFFIC LANE,40,No,2018,TOYOTA,HIGHLANDER,39.17886,-77.02684667,2022,4,7
220018157,Injury Crash,04/29/2022 07:57:00 AM,NEW HAMPSHIRE AVE,NA,OTHER,Clear,DRY,Daylight,N/A,NONE DETECTED,Yes,Possible Minor Injury,N/A,UNKNOWN,MD,PASSENGER CAR,SLOWING OR STOPPING,40,No,2016,FORD,F450,39.17886,-77.02684667,2022,4,7
220018155,Property Damage Crash,04/29/2022 07:32:00 AM,ROCKLEDGE DR,NA,HEAD ON LEFT TURN,Clear,DRY,Daylight,TRAFFIC SIGNAL,NONE DETECTED,Yes,No Apparent Injury,N/A,NOT DISTRACTED,MD,PASSENGER CAR,MAKING LEFT TURN,30,No,2012,HYUNDAI,ELATRA,39.02673833,-77.132515,2022,4,7
220018155,Property Damage Crash,04/29/2022 07:32:00 AM,ROCKLEDGE DR,NA,HEAD ON LEFT TURN,Clear,DRY,Daylight,TRAFFIC SIGNAL,NONE DETECTED,No,No Apparent Injury,N/A,NOT DISTRACTED,MD,(SPORT) UTILITY VEHICLE,MOVING CONSTANT SPEED,30,No,2019,HONDA,CRV,39.02673833,-77.132515,2022,4,7
220018153,Injury Crash,04/29/2022 07:08:00 AM,SPENCERVILLE RD,NA,HEAD ON,Clear,DRY,Daylight,OTHER,NONE DETECTED,No,Possible Minor Injury,N/A,NOT DISTRACTED,MD,PASSENGER CAR,MOVING CONSTANT SPEED,40,No,2008,STRN,TRUCK,39.15139333,-77.02751333,2022,4,7
220018153,Injury Crash,04/29/2022 07:08:00 AM,SPENCERVILLE RD,NA,HEAD ON,Clear,DRY,Daylight,OTHER,NONE DETECTED,No,No Apparent Injury,N/A,NOT DISTRACTED,MD,PASSENGER CAR,MOVING CONSTANT SPEED,40,No,2022,MERCEDES,GLE 350,39.15139333,-77.02751333,2022,4,7
220018153,Injury Crash,04/29/2022 07:08:00 AM,SPENCERVILLE RD,NA,HEAD ON,Clear,DRY,Daylight,OTHER,NONE DETECTED,Yes,No Apparent Injury,N/A,OTHER DISTRACTION,MD,OTHER,MOVING CONSTANT SPEED,40,No,2020,CAMA,TRAILER,39.15139333,-77.02751333,2022,4,7
220018146,Injury Crash,04/29/2022 03:37:00 AM,RESEARCH BLVD,NA,STRAIGHT MOVEMENT ANGLE,Clear,DRY,Medium,FLASHING TRAFFIC SIGNAL,NONE DETECTED,Yes,No Apparent Injury,N/A,UNKNOWN,MD,PASSENGER CAR,MOVING CONSTANT SPEED,30,No,2015,HYUN,SD,39.10498667,-77.190225,2022,4,3
220018146,Injury Crash,04/29/2022 03:37:00 AM,RESEARCH BLVD,NA,STRAIGHT MOVEMENT ANGLE,Clear,DRY,Medium,FLASHING TRAFFIC SIGNAL,NONE DETECTED,No,Possible Minor Injury,N/A,NOT DISTRACTED,VA,"MEDIUM/HEAVY TRUCKS 3 AXLES (OVER 10,000LBS (4,536KG))",MOVING CONSTANT SPEED,40,No,2021,INTERNATIONAL,MV607,39.10498667,-77.190225,2022,4,3
220018133,Property Damage Crash,04/28/2022 11:30:00 PM,PINEY BRANCH RD,NA,SINGLE VEHICLE,Clear,DRY,Medium,NO CONTROLS,ALCOHOL PRESENT,Yes,No Apparent Injury,N/A,UNKNOWN,MD,PASSENGER CAR,MOVING CONSTANT SPEED,30,No,2007,ACURA,TL,38.99958167,-76.99600167,2022,4,23
220018129,Property Damage Crash,04/28/2022 10:04:00 PM,SANDY SPRING RD,NA,SAME DIR REAR END,Clear,DRY,Medium,N/A,NONE DETECTED,No,No Apparent Injury,N/A,NOT DISTRACTED,MD,PASSENGER CAR,MOVING CONSTANT SPEED,45,No,2016,MERCEDES,C300,39.10616533,-76.91640767,2022,4,22
220018129,Property Damage Crash,04/28/2022 10:04:00 PM,SANDY SPRING RD,NA,SAME DIR REAR END,Clear,DRY,Medium,N/A,ALCOHOL PRESENT,Yes,No Apparent Injury,N/A,UNKNOWN,MD,PASSENGER CAR,ACCELERATING,45,No,2017,TOYOTA,RAV4,39.10616533,-76.91640767,2022,4,22
220018117,Injury Crash,04/28/2022 08:35:00 PM,COLUMBIA PIKE,NA,SAME DIR REAR END,Clear,DRY,Medium,TRAFFIC SIGNAL,NONE DETECTED,Yes,Possible Minor Injury,N/A,UNKNOWN,MD,PASSENGER CAR,MOVING CONSTANT SPEED,40,No,2017,BMW,530,39.0335645,-77.00288867,2022,4,20
220018117,Injury Crash,04/28/2022 08:35:00 PM,COLUMBIA PIKE,NA,SAME DIR REAR END,Clear,DRY,Medium,TRAFFIC SIGNAL,NONE DETECTED,No,No Apparent Injury,N/A,NOT DISTRACTED,MD,PASSENGER CAR,SLOWING OR STOPPING,40,No,2008,FORD,FUSION,39.0335645,-77.00288867,2022,4,20
220018115,Property Damage Crash,04/28/2022 08:07:00 PM,NA,NA,SINGLE VEHICLE,Clear,NA,Medium,N/A,NONE DETECTED,Yes,No Apparent Injury,N/A,UNKNOWN,NA,PASSENGER CAR,MOVING CONSTANT SPEED,15,No,2012,ACURA,4S,38.99028667,-77.016866,2022,4,20
220018103,Property Damage Crash,04/28/2022 06:46:00 PM,RIVER RD,NA,SAME DIR REAR END,Clear,DRY,Daylight,TRAFFIC SIGNAL,NONE DETECTED,Yes,No Apparent Injury,N/A,UNKNOWN,NA,PASSENGER CAR,ACCELERATING,35,No,2006,MAZDA,SV,38.99021452,-77.15254052,2022,4,18
220018103,Property Damage Crash,04/28/2022 06:46:00 PM,RIVER RD,NA,SAME DIR REAR END,Clear,DRY,Daylight,TRAFFIC SIGNAL,NONE DETECTED,No,No Apparent Injury,N/A,NOT DISTRACTED,MD,(SPORT) UTILITY VEHICLE,STOPPED IN TRAFFIC LANE,35,No,2019,JEEP,COMPASS,38.99021452,-77.15254052,2022,4,18
220018081,Injury Crash,04/28/2022 05:15:00 PM,LOCKWOOD DR,NA,STRAIGHT MOVEMENT ANGLE,Clear,DRY,Daylight,NO CONTROLS,NONE DETECTED,Yes,No Apparent Injury,N/A,UNKNOWN,MD,PASSENGER CAR,ENTERING TRAFFIC LANE,25,No,2015,HYUNDAI,ELANTRA,39.0414025,-76.98447867,2022,4,17
220018081,Injury Crash,04/28/2022 05:15:00 PM,LOCKWOOD DR,NA,STRAIGHT MOVEMENT ANGLE,Clear,DRY,Daylight,NO CONTROLS,NONE DETECTED,No,Possible Minor Injury,N/A,NOT DISTRACTED,MD,VAN,MOVING CONSTANT SPEED,25,No,2020,HONDA,ODYSSEY,39.0414025,-76.98447867,2022,4,17
220018076,Injury Crash,04/28/2022 05:02:00 PM,16TH ST,NA,OTHER,Clear,DRY,Daylight,NO CONTROLS,NONE DETECTED,Yes,Possible Minor Injury,N/A,UNKNOWN,DC,PASSENGER CAR,ACCELERATING,35,No,2019,DODGE,CHARGER,38.99963811,-77.03977659,2022,4,17
220018069,Property Damage Crash,04/28/2022 04:51:00 PM,VEIRS MILL RD,NA,STRAIGHT MOVEMENT ANGLE,Clear,DRY,Daylight,TRAFFIC SIGNAL,NONE DETECTED,Yes,No Apparent Injury,N/A,NOT DISTRACTED,MD,PASSENGER CAR,MOVING CONSTANT SPEED,40,No,2015,NISSAN,VERSA,39.0743185,-77.11588,2022,4,16
220018069,Property Damage Crash,04/28/2022 04:51:00 PM,VEIRS MILL RD,NA,STRAIGHT MOVEMENT ANGLE,Clear,DRY,Daylight,TRAFFIC SIGNAL,NONE DETECTED,Yes,No Apparent Injury,N/A,NOT DISTRACTED,MD,PASSENGER CAR,MAKING LEFT TURN,40,No,2017,HONDA,CR-V,39.0743185,-77.11588,2022,4,16
220018072,Property Damage Crash,04/28/2022 04:40:00 PM,FOREST GLEN RD,NA,SAME DIRECTION SIDESWIPE,Clear,DRY,Daylight,NO CONTROLS,NONE DETECTED,Unknown,No Apparent Injury,N/A,NOT DISTRACTED,MD,PASSENGER CAR,MOVING CONSTANT SPEED,25,No,2009,HYUNDAI,SONATA,39.015675,-77.04130167,2022,4,16
220018072,Property Damage Crash,04/28/2022 04:40:00 PM,FOREST GLEN RD,NA,SAME DIRECTION SIDESWIPE,Clear,DRY,Daylight,NO CONTROLS,NONE DETECTED,Unknown,No Apparent Injury,N/A,NOT DISTRACTED,MD,SCHOOL BUS,SLOWING OR STOPPING,25,No,2016,THOMAS,BUS,39.015675,-77.04130167,2022,4,16
220018055,Property Damage Crash,04/28/2022 03:57:00 PM,REMINGTON DR,NA,SINGLE VEHICLE,Clear,DRY,Daylight,NO CONTROLS,NONE DETECTED,Yes,No Apparent Injury,N/A,NOT DISTRACTED,MD,PASSENGER CAR,MOVING CONSTANT SPEED,25,No,2012,AUDI,TK,39.053135,-77.01259,2022,4,15
220018054,Injury Crash,04/28/2022 03:45:00 PM,OLNEY SANDY SPRING RD,NA,SAME DIR REAR END,Clear,DRY,Daylight,NO CONTROLS,NONE DETECTED,No,Possible Minor Injury,N/A,NOT DISTRACTED,MD,PASSENGER CAR,SLOWING OR STOPPING,25,No,2015,AUDI,A4,39.150186,-77.05763217,2022,4,15
220018054,Injury Crash,04/28/2022 03:45:00 PM,OLNEY SANDY SPRING RD,NA,SAME DIR REAR END,Clear,DRY,Daylight,NO CONTROLS,NONE DETECTED,Yes,Possible Minor Injury,N/A,NOT DISTRACTED,MD,PASSENGER CAR,SLOWING OR STOPPING,25,No,2015,HOND,ACCORD,39.150186,-77.05763217,2022,4,15
220018054,Injury Crash,04/28/2022 03:45:00 PM,OLNEY SANDY SPRING RD,NA,SAME DIR REAR END,Clear,DRY,Daylight,NO CONTROLS,NONE DETECTED,No,No Apparent Injury,N/A,NOT DISTRACTED,MD,(SPORT) UTILITY VEHICLE,SLOWING OR STOPPING,25,No,2010,HYUN,TK,39.150186,-77.05763217,2022,4,15
220018038,Property Damage Crash,04/28/2022 02:18:00 PM,EAST WEST HWY,NA,SAME DIRECTION LEFT TURN,Clear,DRY,Daylight,NO CONTROLS,NONE DETECTED,Yes,No Apparent Injury,N/A,NOT DISTRACTED,MD,PASSENGER CAR,MAKING U TURN,30,No,2013,HONDA,CIVIC,38.996105,-77.04052,2022,4,14
220018038,Property Damage Crash,04/28/2022 02:18:00 PM,EAST WEST HWY,NA,SAME DIRECTION LEFT TURN,Clear,DRY,Daylight,NO CONTROLS,NONE DETECTED,No,No Apparent Injury,N/A,NOT DISTRACTED,DC,"MEDIUM/HEAVY TRUCKS 3 AXLES (OVER 10,000LBS (4,536KG))",MOVING CONSTANT SPEED,30,No,2014,PETER BUILT,DUMP TRUCK,38.996105,-77.04052,2022,4,14
220018035,Property Damage Crash,04/28/2022 02:14:00 PM,ASPEN HILL RD,NA,STRAIGHT MOVEMENT ANGLE,Clear,DRY,Daylight,STOP SIGN,NONE DETECTED,No,No Apparent Injury,N/A,NOT DISTRACTED,MD,PICKUP TRUCK,MOVING CONSTANT SPEED,35,No,2006,FORD,F350,39.077695,-77.09152167,2022,4,14
220018035,Property Damage Crash,04/28/2022 02:14:00 PM,ASPEN HILL RD,NA,STRAIGHT MOVEMENT ANGLE,Clear,DRY,Daylight,STOP SIGN,NONE DETECTED,Yes,No Apparent Injury,N/A,LOOKED BUT DID NOT SEE,MD,PASSENGER CAR,MAKING LEFT TURN,35,No,2012,NISSAN,ROGUE,39.077695,-77.09152167,2022,4,14
220018016,Property Damage Crash,04/28/2022 12:28:00 PM,COLUMBIA PIKE,NA,SAME DIR REAR END,Clear,DRY,Daylight,TRAFFIC SIGNAL,NONE DETECTED,No,No Apparent Injury,N/A,NOT DISTRACTED,MD,SCHOOL BUS,STOPPED IN TRAFFIC LANE,55,No,2011,THOMAS,SCHOOL BUS,39.09517933,-76.93794917,2022,4,12
220018016,Property Damage Crash,04/28/2022 12:28:00 PM,COLUMBIA PIKE,NA,SAME DIR REAR END,Clear,DRY,Daylight,TRAFFIC SIGNAL,NONE DETECTED,Yes,No Apparent Injury,N/A,NOT DISTRACTED,MD,(SPORT) UTILITY VEHICLE,SLOWING OR STOPPING,55,No,2012,MERZ,GLK350,39.09517933,-76.93794917,2022,4,12
220022228,Property Damage Crash,04/28/2022 12:11:00 PM,CLOPPER RD,NA,OTHER,Clear,DRY,Daylight,N/A,NONE DETECTED,No,No Apparent Injury,N/A,NOT DISTRACTED,MD,PASSENGER CAR,MOVING CONSTANT SPEED,40,No,2020,FORD,SW,39.16769167,-77.29281167,2022,4,12
220022228,Property Damage Crash,04/28/2022 12:11:00 PM,CLOPPER RD,NA,OTHER,Clear,DRY,Daylight,N/A,NONE DETECTED,Yes,No Apparent Injury,N/A,UNKNOWN,NA,"OTHER LIGHT TRUCKS (10,000LBS (4,536KG) OR LESS)",MOVING CONSTANT SPEED,40,No,2002,INTERNATIONAL,TRUCK,39.16769167,-77.29281167,2022,4,12
220018014,Injury Crash,04/28/2022 12:10:00 PM,ROCKVILLE PIKE,NA,SAME DIR REAR END,Clear,DRY,Daylight,TRAFFIC SIGNAL,NONE DETECTED,No,No Apparent Injury,N/A,NOT DISTRACTED,MD,PASSENGER CAR,STOPPED IN TRAFFIC LANE,40,No,2020,PORS,911,39.04891833,-77.11383333,2022,4,12
220018014,Injury Crash,04/28/2022 12:10:00 PM,ROCKVILLE PIKE,NA,SAME DIR REAR END,Clear,DRY,Daylight,TRAFFIC SIGNAL,NONE DETECTED,No,No Apparent Injury,N/A,NOT DISTRACTED,MD,PASSENGER CAR,STOPPED IN TRAFFIC LANE,40,No,2013,BMW,535I,39.04891833,-77.11383333,2022,4,12
220018014,Injury Crash,04/28/2022 12:10:00 PM,ROCKVILLE PIKE,NA,SAME DIR REAR END,Clear,DRY,Daylight,TRAFFIC SIGNAL,NONE DETECTED,Yes,Possible Minor Injury,N/A,UNKNOWN,MD,PASSENGER CAR,MOVING CONSTANT SPEED,40,No,2021,HYUNDAI,SONATA,39.04891833,-77.11383333,2022,4,12
220018003,Fatal Crash,04/28/2022 10:01:00 AM,TUCKERMAN LA,PEDESTRIAN,SINGLE VEHICLE,Clear,DRY,Daylight,TRAFFIC SIGNAL,NONE DETECTED,No,No Apparent Injury,N/A,NOT DISTRACTED,MD,PASSENGER CAR,ACCELERATING,40,No,2019,SUBARU,FORESTER,39.03005928,-77.11307377,2022,4,10
220017982,Property Damage Crash,04/28/2022 09:00:00 AM,NA,NA,SINGLE VEHICLE,Clear,NA,Daylight,N/A,NONE DETECTED,Yes,No Apparent Injury,N/A,UNKNOWN,MD,PASSENGER CAR,MAKING RIGHT TURN,10,No,2013,FORD,TAURUS,39.15601833,-77.16751333,2022,4,9
220017978,Injury Crash,04/28/2022 08:41:00 AM,VEIRS MILL RD,NA,SAME DIR REAR END,Clear,DRY,Daylight,NO CONTROLS,NONE DETECTED,No,Possible Minor Injury,N/A,NOT DISTRACTED,MD,PASSENGER CAR,MOVING CONSTANT SPEED,35,No,2013,FORD,TK,39.0783675,-77.12923317,2022,4,8
220017978,Injury Crash,04/28/2022 08:41:00 AM,VEIRS MILL RD,NA,SAME DIR REAR END,Clear,DRY,Daylight,NO CONTROLS,NONE DETECTED,Yes,No Apparent Injury,N/A,NOT DISTRACTED,MD,PASSENGER CAR,MOVING CONSTANT SPEED,35,No,2012,HOND,TK,39.0783675,-77.12923317,2022,4,8
220017973,Property Damage Crash,04/28/2022 08:01:00 AM,WOODFIELD RD,NA,SAME DIR REAR END,Clear,DRY,Daylight,NO CONTROLS,NONE DETECTED,Yes,No Apparent Injury,N/A,NOT DISTRACTED,MD,VAN,MOVING CONSTANT SPEED,50,No,2008,FORD,E250,39.21686667,-77.173225,2022,4,8
220017973,Property Damage Crash,04/28/2022 08:01:00 AM,WOODFIELD RD,NA,SAME DIR REAR END,Clear,DRY,Daylight,NO CONTROLS,NONE DETECTED,No,No Apparent Injury,N/A,NOT DISTRACTED,MD,PASSENGER CAR,MAKING LEFT TURN,50,No,2007,TOYOTA,CAMRY,39.21686667,-77.173225,2022,4,8
220018092,Property Damage Crash,04/28/2022 01:00:00 AM,NA,NA,STRAIGHT MOVEMENT ANGLE,Clear,NA,Medium,N/A,NONE DETECTED,Yes,No Apparent Injury,N/A,UNKNOWN,NA,PASSENGER CAR,UNKNOWN,0,No,2001,HONDA,CIVIC,39.00445164,-76.99640945,2022,4,1
220017954,Property Damage Crash,04/27/2022 11:54:00 PM,COLESVILLE RD,NA,STRAIGHT MOVEMENT ANGLE,Clear,DRY,Medium,TRAFFIC SIGNAL,NONE DETECTED,Unknown,No Apparent Injury,N/A,NOT DISTRACTED,MD,PASSENGER CAR,MOVING CONSTANT SPEED,40,No,2012,TOYOTA,CAMRY,39.01962161,-77.01321879,2022,4,23
220017954,Property Damage Crash,04/27/2022 11:54:00 PM,COLESVILLE RD,NA,STRAIGHT MOVEMENT ANGLE,Clear,DRY,Medium,TRAFFIC SIGNAL,NONE DETECTED,Unknown,No Apparent Injury,N/A,NOT DISTRACTED,MD,PASSENGER CAR,ACCELERATING,40,No,2006,TOYOTA,SIENNA,39.01962161,-77.01321879,2022,4,23
220017949,Property Damage Crash,04/27/2022 10:37:00 PM,WOODFIELD RD,NA,SINGLE VEHICLE,Clear,DRY,Dark,NO CONTROLS,ALCOHOL PRESENT,Yes,No Apparent Injury,N/A,UNKNOWN,MD,(SPORT) UTILITY VEHICLE,MOVING CONSTANT SPEED,35,No,2017,CADILAC,ESCALADE,39.204755,-77.16323333,2022,4,22
220017948,Property Damage Crash,04/27/2022 10:24:00 PM,NO NAME,NA,SAME DIRECTION LEFT TURN,Clear,N/A,Medium,NO CONTROLS,NONE DETECTED,No,No Apparent Injury,N/A,NOT DISTRACTED,MD,PASSENGER CAR,MOVING CONSTANT SPEED,55,No,2019,HOND,4H,39.11992576,-77.2012367,2022,4,22
220017948,Property Damage Crash,04/27/2022 10:24:00 PM,NO NAME,NA,SAME DIRECTION LEFT TURN,Clear,N/A,Medium,NO CONTROLS,NONE DETECTED,Yes,No Apparent Injury,N/A,LOOKED BUT DID NOT SEE,MD,PASSENGER CAR,MOVING CONSTANT SPEED,55,No,2019,HONDA,CRV,39.11992576,-77.2012367,2022,4,22
220017942,Injury Crash,04/27/2022 09:34:00 PM,WEISMAN RD,NA,SAME DIR REAR END,Clear,DRY,Medium,NO CONTROLS,NONE DETECTED,Yes,Possible Minor Injury,N/A,NOT DISTRACTED,MD,PASSENGER CAR,MOVING CONSTANT SPEED,20,No,2004,HONDA,CIVIC,39.05483833,-77.05696167,2022,4,21
220017939,Injury Crash,04/27/2022 08:45:00 PM,NICHOLSON LA,PEDESTRIAN,OTHER,Clear,DRY,Medium,TRAFFIC SIGNAL,NONE DETECTED,No,No Apparent Injury,N/A,NOT DISTRACTED,MD,PASSENGER CAR,MOVING CONSTANT SPEED,30,No,2014,TOYOTA,CAMRY,39.04491764,-77.10768173,2022,4,20