Local Case Number,ACRS Report Type,Crash Date/Time,Road Name,Related Non-Motorist,Collision Type,Weather,Surface Condition,Light,Traffic Control,Driver Substance Abuse,Driver At Fault,Injury Severity,Circumstance,Driver Distracted By,Drivers License State,Vehicle Body Type,Vehicle Movement,Speed Limit,Driverless Vehicle,Vehicle Year,Vehicle Make,Vehicle Model,Latitude,Longitude,Year,Month,Hour
220017911,Property Damage Crash,04/27/2022 06:38:00 PM,FENWICK LA,NA,SAME DIRECTION SIDESWIPE,Clear,DRY,Daylight,NO CONTROLS,NONE DETECTED,No,No Apparent Injury,N/A,NOT DISTRACTED,MD,PASSENGER CAR,STOPPED IN TRAFFIC LANE,25,No,2017,ALFA,SD,38.9978045,-77.03198533,2022,4,18
220017911,Property Damage Crash,04/27/2022 06:38:00 PM,FENWICK LA,NA,SAME DIRECTION SIDESWIPE,Clear,DRY,Daylight,NO CONTROLS,NONE DETECTED,Yes,No Apparent Injury,N/A,NOT DISTRACTED,MD,TRANSIT BUS,STARTING FROM LANE,25,No,2014,GILLIG,BUS,38.9978045,-77.03198533,2022,4,18
220017903,Injury Crash,04/27/2022 05:56:00 PM,NA,NA,STRAIGHT MOVEMENT ANGLE,Clear,NA,Daylight,NO CONTROLS,NONE DETECTED,Unknown,Possible Minor Injury,N/A,UNKNOWN,MD,PASSENGER CAR,MOVING CONSTANT SPEED,25,No,2012,HONDA,ACCORD,39.200435,-77.24986,2022,4,17
220017903,Injury Crash,04/27/2022 05:56:00 PM,NA,NA,STRAIGHT MOVEMENT ANGLE,Clear,NA,Daylight,NO CONTROLS,NONE DETECTED,Unknown,Possible Minor Injury,N/A,UNKNOWN,MD,PASSENGER CAR,ACCELERATING,25,No,2014,HONDA,ACCORD,39.200435,-77.24986,2022,4,17
220017896,Property Damage Crash,04/27/2022 05:00:00 PM,WOODMONT AVE,NA,STRAIGHT MOVEMENT ANGLE,Clear,DRY,Daylight,STOP SIGN,NONE DETECTED,No,No Apparent Injury,N/A,NOT DISTRACTED,MD,PASSENGER CAR,MOVING CONSTANT SPEED,25,No,2011,FORD,TRANSIT,38.99129833,-77.096925,2022,4,17
220017896,Property Damage Crash,04/27/2022 05:00:00 PM,WOODMONT AVE,NA,STRAIGHT MOVEMENT ANGLE,Clear,DRY,Daylight,STOP SIGN,NONE DETECTED,Yes,No Apparent Injury,N/A,UNKNOWN,MD,PASSENGER CAR,MAKING LEFT TURN,25,No,2017,BMW,M4,38.99129833,-77.096925,2022,4,17
220017893,Injury Crash,04/27/2022 04:10:00 PM,NEW HAMPSHIRE AVE,NA,STRAIGHT MOVEMENT ANGLE,Clear,DRY,Daylight,TRAFFIC SIGNAL,NONE DETECTED,No,Possible Minor Injury,N/A,NOT DISTRACTED,MD,PASSENGER CAR,MOVING CONSTANT SPEED,45,No,2022,TELSA,MODEL3,39.10609,-77.00150333,2022,4,16
220017893,Injury Crash,04/27/2022 04:10:00 PM,NEW HAMPSHIRE AVE,NA,STRAIGHT MOVEMENT ANGLE,Clear,DRY,Daylight,TRAFFIC SIGNAL,NONE DETECTED,Yes,Possible Minor Injury,N/A,LOOKED BUT DID NOT SEE,MD,PASSENGER CAR,MAKING LEFT TURN,45,No,2013,TOTY,COROLLA,39.10609,-77.00150333,2022,4,16
220017750,Injury Crash,04/27/2022 03:58:00 PM,WISTERIA DR,PEDESTRIAN,SINGLE VEHICLE,Clear,DRY,Daylight,NO CONTROLS,NONE DETECTED,Unknown,No Apparent Injury,N/A,NOT DISTRACTED,MD,PASSENGER CAR,MOVING CONSTANT SPEED,30,No,2018,TOYOTA,COROLLA,39.17272678,-77.26414402,2022,4,15
220017735,Injury Crash,04/27/2022 03:55:00 PM,OLD COLUMBIA PIKE,NA,SAME DIR REAR END,Clear,DRY,Daylight,NO CONTROLS,NONE DETECTED,Yes,No Apparent Injury,N/A,LOOKED BUT DID NOT SEE,MD,PICKUP TRUCK,MOVING CONSTANT SPEED,25,No,2018,CHEVY,SILVERADO,39.11056654,-76.93376858,2022,4,15
220017735,Injury Crash,04/27/2022 03:55:00 PM,OLD COLUMBIA PIKE,NA,SAME DIR REAR END,Clear,DRY,Daylight,NO CONTROLS,NONE DETECTED,No,Possible Minor Injury,N/A,NOT DISTRACTED,MD,PASSENGER CAR,SLOWING OR STOPPING,25,No,2019,TOYOTA,COROLLA,39.11056654,-76.93376858,2022,4,15
220017889,Property Damage Crash,04/27/2022 03:46:00 PM,RANDOLPH RD,NA,STRAIGHT MOVEMENT ANGLE,Clear,DRY,Daylight,NO CONTROLS,NONE DETECTED,No,No Apparent Injury,N/A,NOT DISTRACTED,MD,PASSENGER CAR,MOVING CONSTANT SPEED,35,No,2017,LINCOLN,SD,39.06272,-77.04228,2022,4,15
220017889,Property Damage Crash,04/27/2022 03:46:00 PM,RANDOLPH RD,NA,STRAIGHT MOVEMENT ANGLE,Clear,DRY,Daylight,NO CONTROLS,NONE DETECTED,Yes,No Apparent Injury,N/A,LOOKED BUT DID NOT SEE,MD,PASSENGER CAR,CHANGING LANES,35,No,2016,TOYT,SD,39.06272,-77.04228,2022,4,15
220017879,Injury Crash,04/27/2022 02:41:00 PM,MUNCASTER MILL RD,NA,SAME DIR REAR END,Clear,DRY,Daylight,N/A,NONE DETECTED,Yes,No Apparent Injury,N/A,LOOKED BUT DID NOT SEE,MD,PASSENGER CAR,MOVING CONSTANT SPEED,40,No,2015,ACUR,SW,39.13032833,-77.11921333,2022,4,14
220017879,Injury Crash,04/27/2022 02:41:00 PM,MUNCASTER MILL RD,NA,SAME DIR REAR END,Clear,DRY,Daylight,N/A,NONE DETECTED,No,No Apparent Injury,N/A,NOT DISTRACTED,MD,PASSENGER CAR,SLOWING OR STOPPING,40,No,2013,HONDA,4S,39.13032833,-77.11921333,2022,4,14
220017879,Injury Crash,04/27/2022 02:41:00 PM,MUNCASTER MILL RD,NA,SAME DIR REAR END,Clear,DRY,Daylight,N/A,NONE DETECTED,No,Possible Minor Injury,N/A,NOT DISTRACTED,MD,PASSENGER CAR,SLOWING OR STOPPING,40,No,2022,HONDA,UT,39.13032833,-77.11921333,2022,4,14
220017878,Property Damage Crash,04/27/2022 02:26:00 PM,NA,NA,OTHER,Clear,NA,Daylight,N/A,NONE DETECTED,Yes,No Apparent Injury,N/A,LOOKED BUT DID NOT SEE,MD,SCHOOL BUS,ACCELERATING,5,No,2015,THOMAS,BLUEBIRD,39.1313586,-77.11832745,2022,4,14
220017872,Property Damage Crash,04/27/2022 02:10:00 PM,KEY WEST AVE,NA,SAME DIR REAR END,Clear,DRY,Daylight,NO CONTROLS,NONE DETECTED,Yes,No Apparent Injury,N/A,UNKNOWN,MD,PASSENGER CAR,MOVING CONSTANT SPEED,30,No,2007,CADI,SUV,39.10484,-77.20202,2022,4,14
220017872,Property Damage Crash,04/27/2022 02:10:00 PM,KEY WEST AVE,NA,SAME DIR REAR END,Clear,DRY,Daylight,NO CONTROLS,NONE DETECTED,No,No Apparent Injury,N/A,NOT DISTRACTED,MD,PASSENGER CAR,SLOWING OR STOPPING,30,No,2017,MERZ,SUV,39.10484,-77.20202,2022,4,14
220017872,Property Damage Crash,04/27/2022 02:10:00 PM,KEY WEST AVE,NA,SAME DIR REAR END,Clear,DRY,Daylight,NO CONTROLS,NONE DETECTED,No,No Apparent Injury,N/A,NOT DISTRACTED,MD,PASSENGER CAR,SLOWING OR STOPPING,30,No,2010,CHEV,SUV,39.10484,-77.20202,2022,4,14
220017857,Injury Crash,04/27/2022 12:58:00 PM,ROCKVILLE PIKE,OTHER PEDALCYCLIST,OTHER,Clear,DRY,Daylight,N/A,NONE DETECTED,No,No Apparent Injury,N/A,NOT DISTRACTED,MD,PASSENGER CAR,MAKING RIGHT TURN,40,No,2019,CHRY,VN,39.11254,-77.23547667,2022,4,12
220017837,Property Damage Crash,04/27/2022 11:30:00 AM,LAYHILL RD,NA,SINGLE VEHICLE,Clear,DRY,Daylight,N/A,NONE DETECTED,Yes,No Apparent Injury,N/A,UNKNOWN,MD,PASSENGER CAR,MOVING CONSTANT SPEED,40,No,2015,TOYOTA,COROLLA,39.06242833,-77.05049833,2022,4,11
220017838,Property Damage Crash,04/27/2022 11:00:00 AM,AVERY RD,NA,OTHER,Cloudy,DRY,Daylight,NO CONTROLS,NONE DETECTED,No,No Apparent Injury,N/A,NOT DISTRACTED,MD,FIRE VEHICLE/EMERGENCY,MOVING CONSTANT SPEED,40,No,2019,PIRC,TK,39.10948396,-77.12123894,2022,4,11
220017840,Property Damage Crash,04/27/2022 10:30:00 AM,NA,NA,OTHER,Cloudy,NA,Daylight,NO CONTROLS,NONE DETECTED,Yes,No Apparent Injury,N/A,UNKNOWN,MD,VAN,BACKING,10,No,2022,HONDA,ODYSSEY,39.10022389,-77.15884385,2022,4,10
220017831,Injury Crash,04/27/2022 10:14:00 AM,HUNGERFORD DR,NA,STRAIGHT MOVEMENT ANGLE,Clear,DRY,Daylight,TRAFFIC SIGNAL,NONE DETECTED,No,Possible Minor Injury,N/A,NOT DISTRACTED,MD,PASSENGER CAR,MOVING CONSTANT SPEED,35,No,2018,MERZ,SD,39.10333983,-77.1561125,2022,4,10
220017831,Injury Crash,04/27/2022 10:14:00 AM,HUNGERFORD DR,NA,STRAIGHT MOVEMENT ANGLE,Clear,DRY,Daylight,TRAFFIC SIGNAL,NONE DETECTED,Yes,No Apparent Injury,N/A,NOT DISTRACTED,MD,PASSENGER CAR,MOVING CONSTANT SPEED,35,No,1998,TOYT,4S,39.10333983,-77.1561125,2022,4,10
220017823,Injury Crash,04/27/2022 09:16:00 AM,CLOPPER RD,NA,SAME DIR REAR END,Clear,DRY,Daylight,TRAFFIC SIGNAL,NONE DETECTED,Yes,No Apparent Injury,N/A,OTHER DISTRACTION,MD,PASSENGER CAR,SLOWING OR STOPPING,35,No,2018,NISSAN,SD,39.14268744,-77.22116787,2022,4,9
220017823,Injury Crash,04/27/2022 09:16:00 AM,CLOPPER RD,NA,SAME DIR REAR END,Clear,DRY,Daylight,TRAFFIC SIGNAL,NONE DETECTED,No,Possible Minor Injury,N/A,NOT DISTRACTED,MD,PASSENGER CAR,SLOWING OR STOPPING,35,No,2013,BMW,SD,39.14268744,-77.22116787,2022,4,9
220017821,Property Damage Crash,04/27/2022 08:20:00 AM,RANDOLPH RD,NA,SAME DIRECTION SIDESWIPE,Clear,DRY,Daylight,TRAFFIC SIGNAL,NONE DETECTED,Yes,No Apparent Injury,N/A,UNKNOWN,MD,(SPORT) UTILITY VEHICLE,MOVING CONSTANT SPEED,35,No,2018,JEEP,RENEGADE,39.05768688,-77.07212613,2022,4,8
220017821,Property Damage Crash,04/27/2022 08:20:00 AM,RANDOLPH RD,NA,SAME DIRECTION SIDESWIPE,Clear,DRY,Daylight,TRAFFIC SIGNAL,NONE DETECTED,No,No Apparent Injury,N/A,NOT DISTRACTED,MD,VAN,SLOWING OR STOPPING,35,No,2019,MERCEDES,SPRINTER,39.05768688,-77.07212613,2022,4,8
220017820,Injury Crash,04/27/2022 08:12:00 AM,CAPITAL BELTWAY,NA,SAME DIR REAR END,Clear,DRY,Daylight,N/A,NONE DETECTED,Yes,No Apparent Injury,N/A,NOT DISTRACTED,MD,PASSENGER CAR,MOVING CONSTANT SPEED,55,No,2012,BMW,SUV,39.01008333,-77.08905833,2022,4,8
220017820,Injury Crash,04/27/2022 08:12:00 AM,CAPITAL BELTWAY,NA,SAME DIR REAR END,Clear,DRY,Daylight,N/A,NONE DETECTED,No,Possible Minor Injury,N/A,NOT DISTRACTED,MD,PASSENGER CAR,STOPPED IN TRAFFIC LANE,55,No,2020,HYUNDAI,PALISADE,39.01008333,-77.08905833,2022,4,8
220017820,Injury Crash,04/27/2022 08:12:00 AM,CAPITAL BELTWAY,NA,SAME DIR REAR END,Clear,DRY,Daylight,N/A,NONE DETECTED,Unknown,No Apparent Injury,N/A,NOT DISTRACTED,MD,PICKUP TRUCK,STOPPED IN TRAFFIC LANE,35,No,2005,CHEVROLET,SILVERADO 2500,39.01008333,-77.08905833,2022,4,8
220017812,Injury Crash,04/27/2022 06:41:00 AM,GEORGIA AVE,NA,STRAIGHT MOVEMENT ANGLE,Clear,DRY,Daylight,STOP SIGN,NONE DETECTED,No,No Apparent Injury,N/A,NOT DISTRACTED,MD,PASSENGER CAR,MOVING CONSTANT SPEED,25,No,2017,NISSAN,VERS,39.08015615,-77.06168346,2022,4,6
220017812,Injury Crash,04/27/2022 06:41:00 AM,GEORGIA AVE,NA,STRAIGHT MOVEMENT ANGLE,Clear,DRY,Daylight,STOP SIGN,NONE DETECTED,Yes,Possible Minor Injury,N/A,LOOKED BUT DID NOT SEE,MD,VAN,MAKING RIGHT TURN,25,No,2005,CHEVROLET,ASTRO,39.08015615,-77.06168346,2022,4,6
220017807,Property Damage Crash,04/27/2022 02:03:00 AM,BROOKVILLE RD,NA,SAME DIRECTION SIDESWIPE,Clear,DRY,Medium,N/A,NONE DETECTED,Yes,No Apparent Injury,N/A,INATTENTIVE OR LOST IN THOUGHT,MD,TRANSIT BUS,MOVING CONSTANT SPEED,35,No,2009,GILLIG,TRANSIT BUS,39.00258333,-77.052975,2022,4,2
220017803,Injury Crash,04/27/2022 12:14:00 AM,AMITY DR,NA,OTHER,Clear,DRY,Medium,NO CONTROLS,NONE DETECTED,Yes,Possible Minor Injury,N/A,UNKNOWN,MD,PASSENGER CAR,MOVING CONSTANT SPEED,25,No,2012,MERCEDES,4S,39.13741772,-77.1644697,2022,4,0
220017631,Injury Crash,04/26/2022 11:52:00 PM,NA,NA,STRAIGHT MOVEMENT ANGLE,Clear,NA,Medium,NO CONTROLS,NONE DETECTED,Yes,Possible Minor Injury,N/A,NOT DISTRACTED,DC,PASSENGER CAR,MOVING CONSTANT SPEED,10,No,2016,HONDA,CIVIC,39.00044,-77.02618833,2022,4,23
220017631,Injury Crash,04/26/2022 11:52:00 PM,NA,NA,STRAIGHT MOVEMENT ANGLE,Clear,NA,Medium,NO CONTROLS,NONE DETECTED,Yes,No Apparent Injury,N/A,NOT DISTRACTED,DC,PASSENGER CAR,MAKING LEFT TURN,10,No,2003,ACURA,SEDAN,39.00044,-77.02618833,2022,4,23
220017786,Property Damage Crash,04/26/2022 09:30:00 PM,CLARKSBURG RD,NA,SINGLE VEHICLE,Rain,WET,Dark,NO CONTROLS,NONE DETECTED,Yes,No Apparent Injury,"RAIN, SNOW, WET",NOT DISTRACTED,CO,PASSENGER CAR,MOVING CONSTANT SPEED,35,No,2006,TOYOTA,MATRIX,39.25547833,-77.27505667,2022,4,21
220017788,Property Damage Crash,04/26/2022 09:30:00 PM,FREDERICK RD,NA,SAME DIRECTION LEFT TURN,Clear,DRY,Medium,TRAFFIC SIGNAL,NONE DETECTED,Yes,No Apparent Injury,N/A,LOOKED BUT DID NOT SEE,VA,PASSENGER CAR,CHANGING LANES,35,No,2020,HYUNDAI,ELANTRA,39.14007058,-77.19561117,2022,4,21
220017788,Property Damage Crash,04/26/2022 09:30:00 PM,FREDERICK RD,NA,SAME DIRECTION LEFT TURN,Clear,DRY,Medium,TRAFFIC SIGNAL,NONE DETECTED,No,No Apparent Injury,N/A,NOT DISTRACTED,MD,TRANSIT BUS,MOVING CONSTANT SPEED,35,No,2014,GILLIG,TRANSIT BUS,39.14007058,-77.19561117,2022,4,21
220017781,Injury Crash,04/26/2022 08:23:00 PM,NA,NA,SINGLE VEHICLE,Rain,NA,Medium,NO CONTROLS,NONE DETECTED,Yes,Possible Minor Injury,"RAIN, SNOW, WET",NOT DISTRACTED,MD,PASSENGER CAR,OTHER,0,No,2012,BMW,528I,39.118997,-77.16289,2022,4,20
220017782,Property Damage Crash,04/26/2022 07:49:00 PM,GEORGIA AVE,NA,SAME DIRECTION SIDESWIPE,Clear,WET,Medium,NO CONTROLS,NONE DETECTED,No,No Apparent Injury,N/A,NOT DISTRACTED,DC,PASSENGER CAR,PARKED,35,No,2006,FORD,FUSION,38.9966032,-77.02894913,2022,4,19
220017782,Property Damage Crash,04/26/2022 07:49:00 PM,GEORGIA AVE,NA,SAME DIRECTION SIDESWIPE,Clear,WET,Medium,NO CONTROLS,NONE DETECTED,Yes,No Apparent Injury,N/A,UNKNOWN,NA,PASSENGER CAR,MOVING CONSTANT SPEED,35,No,2018,INFINITI,Q50,38.9966032,-77.02894913,2022,4,19
220017780,Property Damage Crash,04/26/2022 07:30:00 PM,OLNEY SANDY SPRING RD,NA,HEAD ON LEFT TURN,Rain,WET,Daylight,TRAFFIC SIGNAL,NONE DETECTED,No,No Apparent Injury,"N/A, WET",NOT DISTRACTED,MD,VAN,OTHER,35,No,2006,HOND,OD,39.15168583,-77.0640445,2022,4,19
220017780,Property Damage Crash,04/26/2022 07:30:00 PM,OLNEY SANDY SPRING RD,NA,HEAD ON LEFT TURN,Rain,WET,Daylight,TRAFFIC SIGNAL,NONE DETECTED,Yes,No Apparent Injury,"N/A, WET",UNKNOWN,MD,PASSENGER CAR,MOVING CONSTANT SPEED,35,No,2006,CHRY,300,39.15168583,-77.0640445,2022,4,19
220017780,Property Damage Crash,04/26/2022 07:30:00 PM,OLNEY SANDY SPRING RD,NA,HEAD ON LEFT TURN,Rain,WET,Daylight,TRAFFIC SIGNAL,NONE DETECTED,No,No Apparent Injury,"N/A, WET",NOT DISTRACTED,VA,PASSENGER CAR,ACCELERATING,35,No,2021,SUBA,LEGACY,39.15168583,-77.0640445,2022,4,19
220017775,Injury Crash,04/26/2022 07:00:00 PM,MIDCOUNTY HWY,NA,SAME DIR REAR END,Rain,WET,Daylight,TRAFFIC SIGNAL,NONE DETECTED,No,Possible Minor Injury,"N/A, WET",NOT DISTRACTED,MD,PASSENGER CAR,STOPPED IN TRAFFIC LANE,35,No,2010,HONDA,ACCORD,39.151145,-77.17407667,2022,4,19
220017775,Injury Crash,04/26/2022 07:00:00 PM,MIDCOUNTY HWY,NA,SAME DIR REAR END,Rain,WET,Daylight,TRAFFIC SIGNAL,NONE DETECTED,No,No Apparent Injury,"N/A, WET",NOT DISTRACTED,MD,PASSENGER CAR,STOPPED IN TRAFFIC LANE,35,No,2009,TOYOTA,CAMERY,39.151145,-77.17407667,2022,4,19
220017775,Injury Crash,04/26/2022 07:00:00 PM,MIDCOUNTY HWY,NA,SAME DIR REAR END,Rain,WET,Daylight,TRAFFIC SIGNAL,NONE DETECTED,Yes,No Apparent Injury,"N/A, WET",OTHER DISTRACTION,MD,PASSENGER CAR,STARTING FROM LANE,35,No,2016,SUBARU,SPORT WAGON,39.151145,-77.17407667,2022,4,19
220017776,Property Damage Crash,04/26/2022 06:50:00 PM,VEIRS DR,NA,SINGLE VEHICLE,Rain,WET,Daylight,NO CONTROLS,NONE DETECTED,Yes,No Apparent Injury,"N/A, WET",NOT DISTRACTED,MD,PASSENGER CAR,MOVING CONSTANT SPEED,25,No,2010,TOYT,TK,39.07985762,-77.19864334,2022,4,18
220017760,Injury Crash,04/26/2022 06:00:00 PM,OLNEY SANDY SPRING RD,NA,HEAD ON LEFT TURN,Rain,WET,Daylight,TRAFFIC SIGNAL,NONE DETECTED,No,Possible Minor Injury,N/A,NOT DISTRACTED,MD,PASSENGER CAR,MOVING CONSTANT SPEED,35,No,2012,VOLKSWAGON,PASSAT,39.1506635,-77.0622395,2022,4,18
220017760,Injury Crash,04/26/2022 06:00:00 PM,OLNEY SANDY SPRING RD,NA,HEAD ON LEFT TURN,Rain,WET,Daylight,TRAFFIC SIGNAL,NONE DETECTED,Yes,Possible Minor Injury,N/A,LOOKED BUT DID NOT SEE,MD,(SPORT) UTILITY VEHICLE,ACCELERATING,35,No,2012,TOYOTA,RAV 4,39.1506635,-77.0622395,2022,4,18
220017766,Property Damage Crash,04/26/2022 05:41:00 PM,GEORGIA AVE,NA,SAME DIRECTION SIDESWIPE,Rain,WET,Daylight,NO CONTROLS,NONE DETECTED,Yes,No Apparent Injury,"N/A, WET",UNKNOWN,MD,PASSENGER CAR,MOVING CONSTANT SPEED,30,No,2014,FORD,4S,39.01469167,-77.04222833,2022,4,17
220017766,Property Damage Crash,04/26/2022 05:41:00 PM,GEORGIA AVE,NA,SAME DIRECTION SIDESWIPE,Rain,WET,Daylight,NO CONTROLS,NONE DETECTED,No,No Apparent Injury,"N/A, WET",NOT DISTRACTED,MD,PASSENGER CAR,STOPPED IN TRAFFIC LANE,30,No,2014,VOLK,4S,39.01469167,-77.04222833,2022,4,17
220017757,Property Damage Crash,04/26/2022 04:45:00 PM,VEIRS MILL RD,NA,SAME DIRECTION SIDESWIPE,Rain,WET,Daylight,NO CONTROLS,NONE DETECTED,Yes,No Apparent Injury,"RAIN, SNOW, WET",LOOKED BUT DID NOT SEE,MD,"OTHER LIGHT TRUCKS (10,000LBS (4,536KG) OR LESS)",MOVING CONSTANT SPEED,35,No,2021,CHEVY,SILVERADO,39.04015385,-77.05549059,2022,4,16
220017757,Property Damage Crash,04/26/2022 04:45:00 PM,VEIRS MILL RD,NA,SAME DIRECTION SIDESWIPE,Rain,WET,Daylight,NO CONTROLS,NONE DETECTED,No,No Apparent Injury,"RAIN, SNOW, WET",NOT DISTRACTED,MD,TRANSIT BUS,STOPPED IN TRAFFIC LANE,35,No,2009,NWFL,BUS,39.04015385,-77.05549059,2022,4,16
220017748,Property Damage Crash,04/26/2022 04:30:00 PM,WOODSBORO DR,NA,OTHER,Rain,WET,Daylight,STOP SIGN,NONE DETECTED,No,No Apparent Injury,N/A,NOT DISTRACTED,MD,SCHOOL BUS,STOPPED IN TRAFFIC LANE,25,No,2015,FRHT,BUS,39.12531167,-77.27005667,2022,4,16
220017748,Property Damage Crash,04/26/2022 04:30:00 PM,WOODSBORO DR,NA,OTHER,Rain,WET,Daylight,STOP SIGN,NONE DETECTED,Yes,No Apparent Injury,N/A,UNKNOWN,MD,SCHOOL BUS,MOVING CONSTANT SPEED,25,No,2021,THMS,SB,39.12531167,-77.27005667,2022,4,16
220017745,Property Damage Crash,04/26/2022 04:20:00 PM,W EDMONSTON DR,NA,SAME DIRECTION SIDESWIPE,Cloudy,DRY,Daylight,NO CONTROLS,NONE DETECTED,No,No Apparent Injury,"BACKUP DUE TO REGULAR CONGESTION, N/A",NOT DISTRACTED,VA,PASSENGER CAR,STOPPED IN TRAFFIC LANE,25,No,2015,TOYOTA,COROLLA,39.07373583,-77.13664917,2022,4,16
220017745,Property Damage Crash,04/26/2022 04:20:00 PM,W EDMONSTON DR,NA,SAME DIRECTION SIDESWIPE,Cloudy,DRY,Daylight,NO CONTROLS,NONE DETECTED,No,No Apparent Injury,"BACKUP DUE TO REGULAR CONGESTION, N/A",NOT DISTRACTED,MD,(SPORT) UTILITY VEHICLE,STOPPED IN TRAFFIC LANE,25,No,2019,HONDA,PILOT,39.07373583,-77.13664917,2022,4,16
220017745,Property Damage Crash,04/26/2022 04:20:00 PM,W EDMONSTON DR,NA,SAME DIRECTION SIDESWIPE,Cloudy,DRY,Daylight,NO CONTROLS,NONE DETECTED,Yes,No Apparent Injury,"BACKUP DUE TO REGULAR CONGESTION, N/A",INATTENTIVE OR LOST IN THOUGHT,MD,(SPORT) UTILITY VEHICLE,MAKING LEFT TURN,25,No,2013,FORD,TK,39.07373583,-77.13664917,2022,4,16
220017739,Injury Crash,04/26/2022 04:00:00 PM,RANDOLPH RD,NA,STRAIGHT MOVEMENT ANGLE,Rain,WET,Daylight,TRAFFIC SIGNAL,NONE DETECTED,No,No Apparent Injury,"RAIN, SNOW, WET",NOT DISTRACTED,MD,PASSENGER CAR,MOVING CONSTANT SPEED,35,No,2004,TOYOTA,CAMRY,39.058331,-77.05561417,2022,4,16
220017739,Injury Crash,04/26/2022 04:00:00 PM,RANDOLPH RD,NA,STRAIGHT MOVEMENT ANGLE,Rain,WET,Daylight,TRAFFIC SIGNAL,NONE DETECTED,Yes,Possible Minor Injury,"RAIN, SNOW, WET",NOT DISTRACTED,MD,PASSENGER CAR,MAKING LEFT TURN,35,No,2019,HONDA,CIVIC,39.058331,-77.05561417,2022,4,16
220017736,Injury Crash,04/26/2022 03:51:00 PM,RANDOLPH RD,NA,STRAIGHT MOVEMENT ANGLE,Rain,WET,Daylight,STOP SIGN,NONE DETECTED,No,Possible Minor Injury,"RAIN, SNOW, WET",NOT DISTRACTED,MD,PASSENGER CAR,MOVING CONSTANT SPEED,35,No,2016,HONDA,TK,39.05746167,-77.078035,2022,4,15
220017736,Injury Crash,04/26/2022 03:51:00 PM,RANDOLPH RD,NA,STRAIGHT MOVEMENT ANGLE,Rain,WET,Daylight,STOP SIGN,NONE DETECTED,Yes,Possible Minor Injury,"RAIN, SNOW, WET",NOT DISTRACTED,MD,PASSENGER CAR,MAKING LEFT TURN,35,No,2015,HYUNDAI,4S,39.05746167,-77.078035,2022,4,15
220017734,Property Damage Crash,04/26/2022 03:50:00 PM,AIRPARK RD,NA,SINGLE VEHICLE,Rain,WET,Daylight,NO CONTROLS,NONE DETECTED,Yes,No Apparent Injury,"SLEET, HAIL, FREEZ. RAIN, WET",NOT DISTRACTED,MD,PASSENGER CAR,MOVING CONSTANT SPEED,50,No,2010,HONDA,ACCORD,39.15466,-77.14224333,2022,4,15
220017733,Property Damage Crash,04/26/2022 03:47:00 PM,SHADY GROVE RD,NA,SAME DIR REAR END,Rain,WET,Daylight,N/A,NONE DETECTED,Yes,No Apparent Injury,"RAIN, SNOW, WET",UNKNOWN,MD,PASSENGER CAR,SLOWING OR STOPPING,35,No,2010,HONDA,ACCORD,39.113845,-77.18621,2022,4,15
220017733,Property Damage Crash,04/26/2022 03:47:00 PM,SHADY GROVE RD,NA,SAME DIR REAR END,Rain,WET,Daylight,N/A,NONE DETECTED,No,No Apparent Injury,"RAIN, SNOW, WET",NOT DISTRACTED,MD,TRANSIT BUS,STOPPED IN TRAFFIC LANE,35,No,2022,ECONOLINE,BUS,39.113845,-77.18621,2022,4,15
220017725,Property Damage Crash,04/26/2022 03:38:00 PM,MCLEAN DR,NA,ANGLE MEETS LEFT TURN,Rain,WET,Daylight,TRAFFIC SIGNAL,NONE DETECTED,No,No Apparent Injury,"RAIN, SNOW, WET",NOT DISTRACTED,MD,PASSENGER CAR,MOVING CONSTANT SPEED,35,No,2015,TOYOTA,COROLLA,38.98529116,-77.11509997,2022,4,15
220017725,Property Damage Crash,04/26/2022 03:38:00 PM,MCLEAN DR,NA,ANGLE MEETS LEFT TURN,Rain,WET,Daylight,TRAFFIC SIGNAL,NONE DETECTED,Yes,No Apparent Injury,"RAIN, SNOW, WET",INATTENTIVE OR LOST IN THOUGHT,MD,PASSENGER CAR,ACCELERATING,35,No,2012,HYUNDAI,SONATA,38.98529116,-77.11509997,2022,4,15
220017728,Injury Crash,04/26/2022 03:30:00 PM,E DIAMOND AVE,PEDESTRIAN,OTHER,Cloudy,WET,Daylight,NO CONTROLS,NONE DETECTED,No,No Apparent Injury,"N/A, WET",NOT DISTRACTED,MD,PASSENGER CAR,MOVING CONSTANT SPEED,30,No,2008,TOYOTA,COROLLA,39.14206915,-77.19098168,2022,4,15
220017723,Injury Crash,04/26/2022 03:25:00 PM,BONIFANT RD,NA,SAME DIR REAR END,Rain,WET,Daylight,NO CONTROLS,NONE DETECTED,No,No Apparent Injury,"RAIN, SNOW, WET",NOT DISTRACTED,MD,POLICE VEHICLE/NON EMERGENCY,STOPPED IN TRAFFIC LANE,35,No,2017,FORD,INTERCEPTOR,39.09422667,-77.02219917,2022,4,15
220017723,Injury Crash,04/26/2022 03:25:00 PM,BONIFANT RD,NA,SAME DIR REAR END,Rain,WET,Daylight,NO CONTROLS,NONE DETECTED,Yes,Possible Minor Injury,"RAIN, SNOW, WET",UNKNOWN,MD,PASSENGER CAR,ACCELERATING,35,No,2016,FORD,CRUZE,39.09422667,-77.02219917,2022,4,15
220017729,Property Damage Crash,04/26/2022 03:07:00 PM,HELMOND WAY,NA,SAME DIRECTION SIDESWIPE,Rain,WET,Daylight,NO CONTROLS,NONE DETECTED,Yes,No Apparent Injury,N/A,LOOKED BUT DID NOT SEE,MD,SCHOOL BUS,STARTING FROM LANE,15,No,2019,FRHT,BU,39.18102333,-77.17060117,2022,4,15
220017729,Property Damage Crash,04/26/2022 03:07:00 PM,HELMOND WAY,NA,SAME DIRECTION SIDESWIPE,Rain,WET,Daylight,NO CONTROLS,NONE DETECTED,No,No Apparent Injury,N/A,NOT DISTRACTED,MD,LOW SPEED VEHICLE,STOPPED IN TRAFFIC LANE,15,No,2000,FORD,UTILIMASTER,39.18102333,-77.17060117,2022,4,15
220017719,Injury Crash,04/26/2022 02:48:00 PM,WOODFIELD RD,NA,STRAIGHT MOVEMENT ANGLE,Rain,WET,Daylight,STOP SIGN,NONE DETECTED,Yes,No Apparent Injury,"RAIN, SNOW, WET",LOOKED BUT DID NOT SEE,MD,PASSENGER CAR,MAKING LEFT TURN,30,No,2021,HONDA,CIVIC,39.28374167,-77.20212,2022,4,14
220017719,Injury Crash,04/26/2022 02:48:00 PM,WOODFIELD RD,NA,STRAIGHT MOVEMENT ANGLE,Rain,WET,Daylight,STOP SIGN,NONE DETECTED,No,Possible Minor Injury,"RAIN, SNOW, WET",NOT DISTRACTED,MD,(SPORT) UTILITY VEHICLE,MAKING LEFT TURN,30,No,2020,KIA,SPORTAGE,39.28374167,-77.20212,2022,4,14
220017718,Injury Crash,04/26/2022 02:40:00 PM,NEW HAMPSHIRE AVE,NA,SAME DIR REAR END,Rain,WET,Daylight,TRAFFIC SIGNAL,NONE DETECTED,No,No Apparent Injury,"N/A, WET",NOT DISTRACTED,MD,PASSENGER CAR,SLOWING OR STOPPING,45,No,2005,CADI,TK,39.03682667,-76.98967833,2022,4,14
220017718,Injury Crash,04/26/2022 02:40:00 PM,NEW HAMPSHIRE AVE,NA,SAME DIR REAR END,Rain,WET,Daylight,TRAFFIC SIGNAL,NONE DETECTED,No,Possible Minor Injury,"N/A, WET",NOT DISTRACTED,MD,PASSENGER CAR,SLOWING OR STOPPING,45,No,2007,TOYT,CAMRY,39.03682667,-76.98967833,2022,4,14