Local Case Number,ACRS Report Type,Crash Date/Time,Road Name,Related Non-Motorist,Collision Type,Weather,Surface Condition,Light,Traffic Control,Driver Substance Abuse,Driver At Fault,Injury Severity,Circumstance,Driver Distracted By,Drivers License State,Vehicle Body Type,Vehicle Movement,Speed Limit,Driverless Vehicle,Vehicle Year,Vehicle Make,Vehicle Model,Latitude,Longitude,Year,Month,Hour
220017405,Property Damage Crash,04/24/2022 02:40:00 PM,LOCKWOOD DR,NA,SAME DIR REAR END,Clear,DRY,Daylight,NO CONTROLS,NONE DETECTED,No,No Apparent Injury,N/A,NOT DISTRACTED,MD,PASSENGER CAR,SLOWING OR STOPPING,25,No,2007,HOND,SD,39.04103533,-76.98767817,2022,4,14
220017400,Injury Crash,04/24/2022 02:16:00 PM,GREAT SENECA HWY,NA,HEAD ON LEFT TURN,Clear,DRY,Daylight,TRAFFIC SIGNAL,NONE DETECTED,No,Possible Minor Injury,N/A,NOT DISTRACTED,MD,PASSENGER CAR,MOVING CONSTANT SPEED,50,No,2022,HYUNDAI,TUCSON,39.13445,-77.24714667,2022,4,14
220017400,Injury Crash,04/24/2022 02:16:00 PM,GREAT SENECA HWY,NA,HEAD ON LEFT TURN,Clear,DRY,Daylight,TRAFFIC SIGNAL,NONE DETECTED,Yes,Possible Minor Injury,N/A,UNKNOWN,MD,PASSENGER CAR,MAKING LEFT TURN,50,No,2019,NISSAN,ROGUE,39.13445,-77.24714667,2022,4,14
220017397,Property Damage Crash,04/24/2022 01:45:00 PM,CENTERWAY RD,NA,SINGLE VEHICLE,Clear,DRY,Daylight,TRAFFIC SIGNAL,ALCOHOL PRESENT,Yes,No Apparent Injury,N/A,NOT DISTRACTED,MD,PASSENGER CAR,MAKING LEFT TURN,35,No,2000,MITS,GALANT,39.1722475,-77.20165517,2022,4,13
220017398,Property Damage Crash,04/24/2022 01:26:00 PM,MUNCASTER MILL RD,NA,SAME DIRECTION LEFT TURN,Clear,DRY,Daylight,TRAFFIC SIGNAL,NONE DETECTED,Yes,No Apparent Injury,N/A,UNKNOWN,NA,(SPORT) UTILITY VEHICLE,MOVING CONSTANT SPEED,35,No,2013,FORD,EXPLORER,39.14805437,-77.14610799,2022,4,13
220017398,Property Damage Crash,04/24/2022 01:26:00 PM,MUNCASTER MILL RD,NA,SAME DIRECTION LEFT TURN,Clear,DRY,Daylight,TRAFFIC SIGNAL,NONE DETECTED,No,No Apparent Injury,N/A,NOT DISTRACTED,MD,VAN,MOVING CONSTANT SPEED,35,No,2006,HONDA,ODYSSEY,39.14805437,-77.14610799,2022,4,13
220017399,Injury Crash,04/24/2022 01:00:00 PM,OLD GEORGETOWN RD,PEDESTRIAN,SINGLE VEHICLE,Clear,DRY,Daylight,TRAFFIC SIGNAL,NONE DETECTED,Yes,No Apparent Injury,N/A,UNKNOWN,NA,NA,UNKNOWN,35,No,0,UNKNOWN,UNKNOWN,38.99655795,-77.10891447,2022,4,13
220017387,Property Damage Crash,04/24/2022 12:45:00 PM,ROBEY RD,NA,STRAIGHT MOVEMENT ANGLE,Clear,DRY,Daylight,STOP SIGN,NONE DETECTED,No,No Apparent Injury,N/A,NOT DISTRACTED,MD,(SPORT) UTILITY VEHICLE,STOPPED IN TRAFFIC LANE,40,No,2006,TOYT,SU,39.07962283,-76.94518883,2022,4,12
220017387,Property Damage Crash,04/24/2022 12:45:00 PM,ROBEY RD,NA,STRAIGHT MOVEMENT ANGLE,Clear,DRY,Daylight,STOP SIGN,NONE DETECTED,Yes,No Apparent Injury,N/A,NOT DISTRACTED,MD,PASSENGER CAR,MOVING CONSTANT SPEED,40,No,2020,TOYOTA,COROLLA,39.07962283,-76.94518883,2022,4,12
220017368,Property Damage Crash,04/24/2022 09:00:00 AM,GEORGIA AVE,NA,ANGLE MEETS LEFT TURN,Clear,DRY,Daylight,TRAFFIC SIGNAL,NONE DETECTED,Yes,No Apparent Injury,N/A,UNKNOWN,MD,PASSENGER CAR,MAKING U TURN,35,No,2001,LEXUS,IS300,39.05348833,-77.05072667,2022,4,9
220017368,Property Damage Crash,04/24/2022 09:00:00 AM,GEORGIA AVE,NA,ANGLE MEETS LEFT TURN,Clear,DRY,Daylight,TRAFFIC SIGNAL,NONE DETECTED,No,No Apparent Injury,N/A,NOT DISTRACTED,MD,(SPORT) UTILITY VEHICLE,MOVING CONSTANT SPEED,35,No,2016,FORD,ESCAPE,39.05348833,-77.05072667,2022,4,9
220017365,Property Damage Crash,04/24/2022 08:35:00 AM,SNOUFFERS SCHOOL RD,NA,HEAD ON LEFT TURN,Clear,DRY,Daylight,NO CONTROLS,NONE DETECTED,Yes,No Apparent Injury,N/A,NOT DISTRACTED,MD,PICKUP TRUCK,MAKING LEFT TURN,40,No,2009,TOYOTA,TACOMA,39.16526033,-77.16860933,2022,4,8
220017365,Property Damage Crash,04/24/2022 08:35:00 AM,SNOUFFERS SCHOOL RD,NA,HEAD ON LEFT TURN,Clear,DRY,Daylight,NO CONTROLS,NONE DETECTED,No,No Apparent Injury,N/A,NOT DISTRACTED,MD,PASSENGER CAR,MOVING CONSTANT SPEED,40,No,2004,ACUR,RSX,39.16526033,-77.16860933,2022,4,8
220017365,Property Damage Crash,04/24/2022 08:35:00 AM,SNOUFFERS SCHOOL RD,NA,HEAD ON LEFT TURN,Clear,DRY,Daylight,NO CONTROLS,NONE DETECTED,No,No Apparent Injury,N/A,NOT DISTRACTED,MD,PICKUP TRUCK,STOPPED IN TRAFFIC LANE,40,No,2009,FORD,F150,39.16526033,-77.16860933,2022,4,8
220017489,Injury Crash,04/24/2022 08:17:00 AM,QUINCE ORCHARD RD,NA,SAME DIR REAR END,Cloudy,DRY,Daylight,YIELD SIGN,NONE DETECTED,Yes,No Apparent Injury,N/A,NOT DISTRACTED,MD,PASSENGER CAR,ACCELERATING,35,No,2003,HONDA,ODYSSEY,39.14238,-77.22085833,2022,4,8
220017489,Injury Crash,04/24/2022 08:17:00 AM,QUINCE ORCHARD RD,NA,SAME DIR REAR END,Cloudy,DRY,Daylight,YIELD SIGN,NONE DETECTED,No,Possible Minor Injury,N/A,NOT DISTRACTED,MD,PASSENGER CAR,STOPPED IN TRAFFIC LANE,35,No,1999,TOYOTA,COROLLA,39.14238,-77.22085833,2022,4,8
220017358,Injury Crash,04/24/2022 06:35:00 AM,MIDDLEBROOK RD,NA,STRAIGHT MOVEMENT ANGLE,Clear,DRY,Daylight,STOP SIGN,NONE DETECTED,No,Possible Minor Injury,N/A,NOT DISTRACTED,MD,VAN,MOVING CONSTANT SPEED,35,No,2016,TOYT,VN,39.17523,-77.26133167,2022,4,6
220017358,Injury Crash,04/24/2022 06:35:00 AM,MIDDLEBROOK RD,NA,STRAIGHT MOVEMENT ANGLE,Clear,DRY,Daylight,STOP SIGN,NONE DETECTED,Yes,No Apparent Injury,N/A,NO DRIVER PRESENT,MD,PASSENGER CAR,MOVING CONSTANT SPEED,35,No,2016,TOYT,4S,39.17523,-77.26133167,2022,4,6
220017350,Injury Crash,04/24/2022 03:13:00 AM,NORBECK RD,NA,SINGLE VEHICLE,Clear,N/A,Medium,NO CONTROLS,NONE DETECTED,Yes,Possible Minor Injury,N/A,NOT DISTRACTED,MD,MOTORCYCLE,SKIDDING,45,No,2021,KAWAZAKI,ZX1002,39.11982618,-77.0413725,2022,4,3
220017348,Property Damage Crash,04/24/2022 02:43:00 AM,GEORGIA AVE,NA,STRAIGHT MOVEMENT ANGLE,Clear,DRY,Dark,NO CONTROLS,NONE DETECTED,No,No Apparent Injury,N/A,UNKNOWN,MD,(SPORT) UTILITY VEHICLE,MOVING CONSTANT SPEED,35,No,2005,NISS,PATHFINDER,39.05452419,-77.05036057,2022,4,2
220017348,Property Damage Crash,04/24/2022 02:43:00 AM,GEORGIA AVE,NA,STRAIGHT MOVEMENT ANGLE,Clear,DRY,Dark,NO CONTROLS,NONE DETECTED,Yes,No Apparent Injury,N/A,UNKNOWN,MD,PASSENGER CAR,MAKING LEFT TURN,35,No,2015,HONDA,CIVIC,39.05452419,-77.05036057,2022,4,2
220017349,Property Damage Crash,04/24/2022 02:31:00 AM,BLUE SKY DR,NA,HEAD ON,Clear,DRY,Medium,NO CONTROLS,NONE DETECTED,Yes,No Apparent Injury,N/A,UNKNOWN,NA,PASSENGER CAR,UNKNOWN,25,No,2009,TOYOTA,RAV4,39.23868833,-77.26164833,2022,4,2
220017344,Property Damage Crash,04/24/2022 01:31:00 AM,COLUMBIA PIKE,NA,SAME DIR REAR END,Clear,DRY,Medium,TRAFFIC SIGNAL,NONE DETECTED,No,No Apparent Injury,N/A,NOT DISTRACTED,MD,PASSENGER CAR,MAKING LEFT TURN,50,No,2019,HONDA,CRV,39.05976833,-76.96863167,2022,4,1
220017344,Property Damage Crash,04/24/2022 01:31:00 AM,COLUMBIA PIKE,NA,SAME DIR REAR END,Clear,DRY,Medium,TRAFFIC SIGNAL,NONE DETECTED,Yes,No Apparent Injury,N/A,UNKNOWN,NA,PASSENGER CAR,SLOWING OR STOPPING,50,No,2017,HYUNDAI,ELANTRA,39.05976833,-76.96863167,2022,4,1
220017341,Property Damage Crash,04/24/2022 12:46:00 AM,IRIS ST,NA,SINGLE VEHICLE,Clear,DRY,Medium,NO CONTROLS,ALCOHOL PRESENT,Yes,No Apparent Injury,N/A,UNKNOWN,MD,PASSENGER CAR,MOVING CONSTANT SPEED,25,No,2013,FORD,MUSTANG,39.07483438,-77.09232479,2022,4,0
22000610,Injury Crash,04/23/2022 11:05:00 PM,GEORGIA AVE,NA,HEAD ON LEFT TURN,Clear,DRY,Medium,TRAFFIC SIGNAL,NONE DETECTED,No,Possible Minor Injury,N/A,NOT DISTRACTED,MD,POLICE VEHICLE/NON EMERGENCY,MOVING CONSTANT SPEED,35,No,2014,DODGE,CHARGER,39.0682635,-77.060994,2022,4,23
22000610,Injury Crash,04/23/2022 11:05:00 PM,GEORGIA AVE,NA,HEAD ON LEFT TURN,Clear,DRY,Medium,TRAFFIC SIGNAL,NONE DETECTED,Yes,No Apparent Injury,N/A,LOOKED BUT DID NOT SEE,MD,PASSENGER CAR,MAKING LEFT TURN,35,No,2006,MAZDA,MAZDA 3,39.0682635,-77.060994,2022,4,23
220017319,Property Damage Crash,04/23/2022 09:24:00 PM,OLD COLUMBIA PIKE,NA,SAME DIR REAR END,Clear,DRY,Medium,TRAFFIC SIGNAL,NONE DETECTED,Yes,No Apparent Injury,N/A,INATTENTIVE OR LOST IN THOUGHT,MD,PASSENGER CAR,MOVING CONSTANT SPEED,50,No,2021,FORD,PC,39.05597,-76.97148,2022,4,21
220017319,Property Damage Crash,04/23/2022 09:24:00 PM,OLD COLUMBIA PIKE,NA,SAME DIR REAR END,Clear,DRY,Medium,TRAFFIC SIGNAL,NONE DETECTED,No,No Apparent Injury,N/A,NOT DISTRACTED,MD,PASSENGER CAR,STOPPED IN TRAFFIC LANE,50,No,2006,BMW,SD,39.05597,-76.97148,2022,4,21
220017315,Property Damage Crash,04/23/2022 08:59:00 PM,GEORGIA AVE,NA,ANGLE MEETS RIGHT TURN,Clear,DRY,Medium,TRAFFIC SIGNAL,NONE DETECTED,Yes,No Apparent Injury,N/A,LOOKED BUT DID NOT SEE,MD,PASSENGER CAR,MAKING RIGHT TURN,35,No,2015,NISSAN,SUV,39.02552953,-77.04602763,2022,4,20
220017315,Property Damage Crash,04/23/2022 08:59:00 PM,GEORGIA AVE,NA,ANGLE MEETS RIGHT TURN,Clear,DRY,Medium,TRAFFIC SIGNAL,NONE DETECTED,No,No Apparent Injury,N/A,NOT DISTRACTED,MD,TRANSIT BUS,MOVING CONSTANT SPEED,35,No,2015,NEW FLYER,TBU,39.02552953,-77.04602763,2022,4,20
220017313,Property Damage Crash,04/23/2022 08:13:00 PM,DALE DR,NA,SINGLE VEHICLE,Clear,DRY,Dark,NO CONTROLS,NONE DETECTED,Yes,No Apparent Injury,N/A,UNKNOWN,MD,PASSENGER CAR,MOVING CONSTANT SPEED,25,No,2014,TOYOTA,CAMRY,39.00787433,-77.03366467,2022,4,20
220017311,Property Damage Crash,04/23/2022 07:39:00 PM,NEW HAMPSHIRE AVE,NA,SAME DIRECTION SIDESWIPE,Clear,DRY,Medium,NO CONTROLS,NONE DETECTED,No,No Apparent Injury,N/A,NOT DISTRACTED,MD,PASSENGER CAR,MOVING CONSTANT SPEED,45,No,2017,TOYOTA,4S,39.08632091,-76.99953746,2022,4,19
220017311,Property Damage Crash,04/23/2022 07:39:00 PM,NEW HAMPSHIRE AVE,NA,SAME DIRECTION SIDESWIPE,Clear,DRY,Medium,NO CONTROLS,ALCOHOL PRESENT,Yes,No Apparent Injury,N/A,INATTENTIVE OR LOST IN THOUGHT,MD,PASSENGER CAR,MOVING CONSTANT SPEED,45,No,2001,HONDA,CIVIC,39.08632091,-76.99953746,2022,4,19
220017301,Property Damage Crash,04/23/2022 06:30:00 PM,WILLOW LA,NA,SINGLE VEHICLE,Clear,DRY,Daylight,NO CONTROLS,NONE DETECTED,Yes,No Apparent Injury,N/A,UNKNOWN,MD,PASSENGER CAR,ACCELERATING,25,No,2013,CADI,4S,38.98151,-77.091215,2022,4,18
220017293,Property Damage Crash,04/23/2022 05:00:00 PM,WATKINS MILL RD,NA,SAME DIR REAR END,Clear,DRY,Daylight,NO CONTROLS,NONE DETECTED,Yes,No Apparent Injury,N/A,UNKNOWN,MD,MOTORCYCLE,MOVING CONSTANT SPEED,35,No,2013,HONDA,MOTORCYCLE,39.1833183,-77.2105988,2022,4,17
220017295,Injury Crash,04/23/2022 05:00:00 PM,MUNCASTER MILL RD,NA,OTHER,Clear,DRY,Daylight,TRAFFIC SIGNAL,NONE DETECTED,No,Possible Minor Injury,N/A,NOT DISTRACTED,MD,PASSENGER CAR,MOVING CONSTANT SPEED,45,No,2010,TOYOTA,SIENNA,39.148924,-77.14725167,2022,4,17
220017293,Property Damage Crash,04/23/2022 05:00:00 PM,WATKINS MILL RD,NA,SAME DIR REAR END,Clear,DRY,Daylight,NO CONTROLS,NONE DETECTED,Yes,No Apparent Injury,N/A,UNKNOWN,NA,NA,MOVING CONSTANT SPEED,35,No,0,UNKNOWN,UNKNOWN,39.1833183,-77.2105988,2022,4,17
220017295,Injury Crash,04/23/2022 05:00:00 PM,MUNCASTER MILL RD,NA,OTHER,Clear,DRY,Daylight,TRAFFIC SIGNAL,NONE DETECTED,Yes,No Apparent Injury,N/A,NOT DISTRACTED,MD,PASSENGER CAR,MOVING CONSTANT SPEED,45,No,2018,INFI,CP,39.148924,-77.14725167,2022,4,17
220015389,Property Damage Crash,04/23/2022 04:31:00 PM,BOWIE MILL RD,NA,SINGLE VEHICLE,Clear,DRY,Daylight,NO CONTROLS,ALCOHOL PRESENT,Yes,No Apparent Injury,N/A,NOT DISTRACTED,MD,PASSENGER CAR,MOVING CONSTANT SPEED,25,No,2018,FORD,FOCUS,39.16069287,-77.0802263,2022,4,16
220017282,Property Damage Crash,04/23/2022 03:35:00 PM,LOCKWOOD DR,NA,SAME DIRECTION SIDESWIPE,Clear,DRY,Daylight,NO CONTROLS,NONE DETECTED,Yes,No Apparent Injury,N/A,NOT DISTRACTED,MD,PASSENGER CAR,MAKING RIGHT TURN,30,No,2003,TOYT,4S,39.0413075,-76.98445833,2022,4,15
220017282,Property Damage Crash,04/23/2022 03:35:00 PM,LOCKWOOD DR,NA,SAME DIRECTION SIDESWIPE,Clear,DRY,Daylight,NO CONTROLS,NONE DETECTED,No,No Apparent Injury,N/A,NOT DISTRACTED,MD,PASSENGER CAR,MOVING CONSTANT SPEED,30,No,2014,HYUN,4S,39.0413075,-76.98445833,2022,4,15
220017280,Injury Crash,04/23/2022 03:31:00 PM,FREDERICK RD,NA,OTHER,Clear,DRY,Daylight,TRAFFIC SIGNAL,NONE DETECTED,No,Possible Minor Injury,N/A,NOT DISTRACTED,MD,PASSENGER CAR,MOVING CONSTANT SPEED,40,No,2001,TOYT,4S,39.15619268,-77.21632822,2022,4,15
220017280,Injury Crash,04/23/2022 03:31:00 PM,FREDERICK RD,NA,OTHER,Clear,DRY,Daylight,TRAFFIC SIGNAL,ALCOHOL PRESENT,Yes,No Apparent Injury,N/A,NOT DISTRACTED,MD,PASSENGER CAR,ACCELERATING,40,No,2010,NISSAN,ALTIMA,39.15619268,-77.21632822,2022,4,15
220017279,Property Damage Crash,04/23/2022 03:28:00 PM,COLESVILLE RD,NA,SAME DIRECTION SIDESWIPE,Clear,DRY,Daylight,NO CONTROLS,NONE DETECTED,Yes,No Apparent Injury,"BACKUP DUE TO NON-RECURRING INCIDENT, N/A",NOT DISTRACTED,MD,PASSENGER CAR,CHANGING LANES,40,No,2007,TOYOTA,YARIS,39.02915167,-77.00720167,2022,4,15
220017279,Property Damage Crash,04/23/2022 03:28:00 PM,COLESVILLE RD,NA,SAME DIRECTION SIDESWIPE,Clear,DRY,Daylight,NO CONTROLS,NONE DETECTED,No,No Apparent Injury,"BACKUP DUE TO NON-RECURRING INCIDENT, N/A",NOT DISTRACTED,DC,PASSENGER CAR,SLOWING OR STOPPING,40,No,2019,NISS,CG,39.02915167,-77.00720167,2022,4,15
220017285,Property Damage Crash,04/23/2022 03:25:00 PM,WAYNE AVE,NA,SINGLE VEHICLE,Clear,DRY,Daylight,NO CONTROLS,NONE DETECTED,Yes,No Apparent Injury,N/A,EATING OR DRINKING,MD,PASSENGER CAR,MOVING CONSTANT SPEED,25,No,2009,HOND,2S,38.99477833,-77.02575167,2022,4,15
220017267,Property Damage Crash,04/23/2022 01:46:00 PM,FLOWER AVE,NA,STRAIGHT MOVEMENT ANGLE,Cloudy,DRY,Daylight,NO CONTROLS,NONE DETECTED,No,No Apparent Injury,N/A,NOT DISTRACTED,MD,(SPORT) UTILITY VEHICLE,MOVING CONSTANT SPEED,25,No,2013,CHEVROLET,EQUINOX,38.99873833,-77.00367167,2022,4,13
220017267,Property Damage Crash,04/23/2022 01:46:00 PM,FLOWER AVE,NA,STRAIGHT MOVEMENT ANGLE,Cloudy,DRY,Daylight,NO CONTROLS,NONE DETECTED,Yes,No Apparent Injury,N/A,UNKNOWN,MD,PASSENGER CAR,MAKING LEFT TURN,25,No,2022,TOYOTA,COROLLA,38.99873833,-77.00367167,2022,4,13
220017259,Property Damage Crash,04/23/2022 12:35:00 PM,NA,NA,STRAIGHT MOVEMENT ANGLE,Clear,NA,Daylight,STOP SIGN,NONE DETECTED,No,No Apparent Injury,N/A,NOT DISTRACTED,MD,(SPORT) UTILITY VEHICLE,MOVING CONSTANT SPEED,15,No,2019,ACUR,UT,39.17964,-77.26947667,2022,4,12
220017259,Property Damage Crash,04/23/2022 12:35:00 PM,NA,NA,STRAIGHT MOVEMENT ANGLE,Clear,NA,Daylight,STOP SIGN,NONE DETECTED,Yes,No Apparent Injury,N/A,LOOKED BUT DID NOT SEE,MD,(SPORT) UTILITY VEHICLE,MAKING LEFT TURN,15,No,2019,MERCEDES,GLE400,39.17964,-77.26947667,2022,4,12
220017253,Injury Crash,04/23/2022 11:37:00 AM,FREDERICK RD,NA,SAME DIR REAR END,Clear,DRY,Daylight,TRAFFIC SIGNAL,NONE DETECTED,Yes,No Apparent Injury,N/A,NOT DISTRACTED,MD,TRANSIT BUS,SLOWING OR STOPPING,40,No,2016,GILL,BUS,39.12216585,-77.1769159,2022,4,11
220017253,Injury Crash,04/23/2022 11:37:00 AM,FREDERICK RD,NA,SAME DIR REAR END,Clear,DRY,Daylight,TRAFFIC SIGNAL,NONE DETECTED,No,No Apparent Injury,N/A,NOT DISTRACTED,MD,PASSENGER CAR,SLOWING OR STOPPING,40,No,2020,SUBARU,CROSSTREK,39.12216585,-77.1769159,2022,4,11
220017251,Injury Crash,04/23/2022 11:25:00 AM,SEVEN LOCKS RD,NA,SINGLE VEHICLE,Clear,DRY,Daylight,TRAFFIC SIGNAL,NONE DETECTED,Yes,Possible Minor Injury,N/A,UNKNOWN,MD,(SPORT) UTILITY VEHICLE,MOVING CONSTANT SPEED,35,No,2008,JEEP,GRAND CHEROKEE,39.03254133,-77.1611145,2022,4,11
220017333,Property Damage Crash,04/23/2022 11:15:00 AM,GOSHEN RD,NA,HEAD ON,Clear,DRY,Dark,NO CONTROLS,NONE DETECTED,Yes,No Apparent Injury,N/A,UNKNOWN,MD,PASSENGER CAR,MOVING CONSTANT SPEED,35,No,2016,HOND,4H,39.20365833,-77.18743667,2022,4,11
220017333,Property Damage Crash,04/23/2022 11:15:00 AM,GOSHEN RD,NA,HEAD ON,Clear,DRY,Dark,NO CONTROLS,NONE DETECTED,No,No Apparent Injury,N/A,NOT DISTRACTED,MD,(SPORT) UTILITY VEHICLE,MOVING CONSTANT SPEED,35,No,2019,TOYOTA,SUV,39.20365833,-77.18743667,2022,4,11
220017247,Property Damage Crash,04/23/2022 10:45:00 AM,OLD GEORGETOWN RD,NA,SAME DIRECTION RIGHT TURN,Clear,DRY,Daylight,TRAFFIC SIGNAL,NONE DETECTED,No,No Apparent Injury,N/A,NOT DISTRACTED,MD,(SPORT) UTILITY VEHICLE,MAKING RIGHT TURN,25,No,2022,VOLVO,V60,38.98658133,-77.096683,2022,4,10
220017247,Property Damage Crash,04/23/2022 10:45:00 AM,OLD GEORGETOWN RD,NA,SAME DIRECTION RIGHT TURN,Clear,DRY,Daylight,TRAFFIC SIGNAL,NONE DETECTED,Yes,No Apparent Injury,N/A,LOOKED BUT DID NOT SEE,MD,TRANSIT BUS,MAKING RIGHT TURN,25,No,2016,GILL,BUS,38.98658133,-77.096683,2022,4,10
220017233,Property Damage Crash,04/23/2022 08:20:00 AM,UNIVERSITY BLVD E,NA,STRAIGHT MOVEMENT ANGLE,Cloudy,DRY,Daylight,STOP SIGN,NONE DETECTED,No,No Apparent Injury,N/A,NOT DISTRACTED,MD,(SPORT) UTILITY VEHICLE,MOVING CONSTANT SPEED,30,No,2004,HONDA,CRV,38.99259167,-76.991675,2022,4,8
220017233,Property Damage Crash,04/23/2022 08:20:00 AM,UNIVERSITY BLVD E,NA,STRAIGHT MOVEMENT ANGLE,Cloudy,DRY,Daylight,STOP SIGN,NONE DETECTED,Yes,No Apparent Injury,N/A,UNKNOWN,MD,PASSENGER CAR,MOVING CONSTANT SPEED,30,No,2017,TOYOTA,PRIUS,38.99259167,-76.991675,2022,4,8
220017225,Property Damage Crash,04/23/2022 06:04:00 AM,NEW HAMPSHIRE AVE,NA,SAME DIR REAR END,Clear,DRY,Medium,TRAFFIC SIGNAL,NONE DETECTED,No,No Apparent Injury,N/A,NOT DISTRACTED,MD,PASSENGER CAR,STOPPED IN TRAFFIC LANE,45,No,2014,DODGE,TRUCK,39.07756029,-77.00155831,2022,4,6
220017225,Property Damage Crash,04/23/2022 06:04:00 AM,NEW HAMPSHIRE AVE,NA,SAME DIR REAR END,Clear,DRY,Medium,TRAFFIC SIGNAL,NONE DETECTED,Yes,No Apparent Injury,N/A,LOOKED BUT DID NOT SEE,MD,PASSENGER CAR,MOVING CONSTANT SPEED,45,No,2015,FORD,F550,39.07756029,-77.00155831,2022,4,6
220017225,Property Damage Crash,04/23/2022 06:04:00 AM,NEW HAMPSHIRE AVE,NA,SAME DIR REAR END,Clear,DRY,Medium,TRAFFIC SIGNAL,NONE DETECTED,No,No Apparent Injury,N/A,NOT DISTRACTED,MD,PASSENGER CAR,STOPPED IN TRAFFIC LANE,45,No,2015,KIA,OPTIMA,39.07756029,-77.00155831,2022,4,6
220017222,Property Damage Crash,04/23/2022 04:36:00 AM,BRIGGS CHANEY RD,NA,HEAD ON,Clear,DRY,Medium,NO CONTROLS,NONE DETECTED,No,No Apparent Injury,N/A,NOT DISTRACTED,MD,PASSENGER CAR,MOVING CONSTANT SPEED,35,No,2008,NISSAN,ALTIMA,39.10131633,-76.97955633,2022,4,4
220017222,Property Damage Crash,04/23/2022 04:36:00 AM,BRIGGS CHANEY RD,NA,HEAD ON,Clear,DRY,Medium,NO CONTROLS,NONE DETECTED,Yes,No Apparent Injury,N/A,UNKNOWN,MD,PASSENGER CAR,MOVING CONSTANT SPEED,35,No,2016,CHEVY,TRAX,39.10131633,-76.97955633,2022,4,4
220017220,Property Damage Crash,04/23/2022 04:22:00 AM,TABER ST,NA,SAME DIRECTION SIDESWIPE,Clear,DRY,Medium,NO CONTROLS,NONE DETECTED,Yes,No Apparent Injury,N/A,UNKNOWN,NA,PASSENGER CAR,MOVING CONSTANT SPEED,15,No,2005,HYUNDAI,SONATA,39.04440994,-77.04481682,2022,4,4
220017219,Property Damage Crash,04/23/2022 04:22:00 AM,GOSHEN RD,NA,STRAIGHT MOVEMENT ANGLE,Clear,DRY,Medium,FLASHING TRAFFIC SIGNAL,NONE DETECTED,Yes,No Apparent Injury,N/A,UNKNOWN,NA,NA,MOVING CONSTANT SPEED,35,No,0,UNKNOWN,UNKNOWN,39.16929773,-77.19057005,2022,4,4
220017219,Property Damage Crash,04/23/2022 04:22:00 AM,GOSHEN RD,NA,STRAIGHT MOVEMENT ANGLE,Clear,DRY,Medium,FLASHING TRAFFIC SIGNAL,NONE DETECTED,No,No Apparent Injury,N/A,NOT DISTRACTED,MD,PASSENGER CAR,ACCELERATING,35,No,2009,HOND,CIV,39.16929773,-77.19057005,2022,4,4
220017218,Property Damage Crash,04/23/2022 03:19:00 AM,MONTGOMERY VILLAGE AVE,NA,SAME DIR REAR END,Clear,DRY,Medium,TRAFFIC SIGNAL,NONE DETECTED,No,No Apparent Injury,N/A,NOT DISTRACTED,MD,PASSENGER CAR,STOPPED IN TRAFFIC LANE,35,No,2019,HYUN,SD,39.15231967,-77.21234417,2022,4,3
220017218,Property Damage Crash,04/23/2022 03:19:00 AM,MONTGOMERY VILLAGE AVE,NA,SAME DIR REAR END,Clear,DRY,Medium,TRAFFIC SIGNAL,NONE DETECTED,Yes,No Apparent Injury,N/A,OTHER DISTRACTION,MD,PASSENGER CAR,SLOWING OR STOPPING,35,No,2018,HOND,CIVIC,39.15231967,-77.21234417,2022,4,3
220017212,Property Damage Crash,04/23/2022 12:51:00 AM,OLD COLUMBIA PIKE,NA,SAME DIR REAR END,Clear,DRY,Medium,TRAFFIC SIGNAL,NONE DETECTED,Yes,No Apparent Injury,N/A,INATTENTIVE OR LOST IN THOUGHT,MD,PASSENGER CAR,MOVING CONSTANT SPEED,55,No,2009,DODGE,CHARGER,39.09548837,-76.93793573,2022,4,0
220017212,Property Damage Crash,04/23/2022 12:51:00 AM,OLD COLUMBIA PIKE,NA,SAME DIR REAR END,Clear,DRY,Medium,TRAFFIC SIGNAL,NONE DETECTED,No,No Apparent Injury,N/A,NOT DISTRACTED,MD,PASSENGER CAR,ACCELERATING,15,No,2020,SUBARU,OUTBACK,39.09548837,-76.93793573,2022,4,0
220017203,Property Damage Crash,04/22/2022 10:49:00 PM,NA,NA,OTHER,Clear,NA,Medium,NO CONTROLS,NONE DETECTED,No,No Apparent Injury,N/A,NOT DISTRACTED,MD,PASSENGER CAR,PARKED,5,No,2017,VOLKSWAGEN,JETTA,38.9922095,-77.09702067,2022,4,22
220017203,Property Damage Crash,04/22/2022 10:49:00 PM,NA,NA,OTHER,Clear,NA,Medium,NO CONTROLS,NONE DETECTED,Yes,No Apparent Injury,N/A,UNKNOWN,NA,PASSENGER CAR,BACKING,5,No,2004,NISSAN,TK,38.9922095,-77.09702067,2022,4,22
220017201,Property Damage Crash,04/22/2022 09:30:00 PM,CAPITAL BELTWAY,NA,OTHER,Clear,DRY,Medium,N/A,NONE DETECTED,No,No Apparent Injury,N/A,NOT DISTRACTED,MD,PASSENGER CAR,MOVING CONSTANT SPEED,55,No,2017,MERZ,SD,39.01598439,-77.09702649,2022,4,21
220017194,Property Damage Crash,04/22/2022 08:40:00 PM,BEL PRE RD,NA,HEAD ON LEFT TURN,Clear,DRY,Medium,TRAFFIC SIGNAL,NONE DETECTED,Yes,No Apparent Injury,N/A,LOOKED BUT DID NOT SEE,MD,PASSENGER CAR,MAKING LEFT TURN,35,No,2013,TOYT,UT,39.09056188,-77.04479981,2022,4,20
220017194,Property Damage Crash,04/22/2022 08:40:00 PM,BEL PRE RD,NA,HEAD ON LEFT TURN,Clear,DRY,Medium,TRAFFIC SIGNAL,NONE DETECTED,No,No Apparent Injury,N/A,NOT DISTRACTED,MD,PASSENGER CAR,MOVING CONSTANT SPEED,35,No,2019,FORD,EXPLORER,39.09056188,-77.04479981,2022,4,20
220017193,Property Damage Crash,04/22/2022 08:28:00 PM,GEORGIA AVE,NA,SAME DIR REAR END,Clear,DRY,Medium,TRAFFIC SIGNAL,NONE DETECTED,No,No Apparent Injury,N/A,NOT DISTRACTED,MD,PASSENGER CAR,STOPPED IN TRAFFIC LANE,35,No,2016,HONDA,TK,39.01478922,-77.0424593,2022,4,20
220017193,Property Damage Crash,04/22/2022 08:28:00 PM,GEORGIA AVE,NA,SAME DIR REAR END,Clear,DRY,Medium,TRAFFIC SIGNAL,NONE DETECTED,No,No Apparent Injury,N/A,NOT DISTRACTED,DC,PASSENGER CAR,STOPPED IN TRAFFIC LANE,35,No,2017,KIA,UT,39.01478922,-77.0424593,2022,4,20
220017193,Property Damage Crash,04/22/2022 08:28:00 PM,GEORGIA AVE,NA,SAME DIR REAR END,Clear,DRY,Medium,TRAFFIC SIGNAL,ALCOHOL PRESENT,Yes,No Apparent Injury,N/A,LOOKED BUT DID NOT SEE,MD,PASSENGER CAR,SLOWING OR STOPPING,35,No,2018,HYUNDAI,ELANTRA,39.01478922,-77.0424593,2022,4,20
220017188,Property Damage Crash,04/22/2022 07:30:00 PM,BRADLEY LA,NA,STRAIGHT MOVEMENT ANGLE,Clear,DRY,Medium,NO CONTROLS,NONE DETECTED,Yes,No Apparent Injury,N/A,NOT DISTRACTED,MD,PASSENGER CAR,MOVING CONSTANT SPEED,25,No,2017,BMW,X3,38.97698003,-77.08032811,2022,4,19