Local Case Number,ACRS Report Type,Crash Date/Time,Road Name,Related Non-Motorist,Collision Type,Weather,Surface Condition,Light,Traffic Control,Driver Substance Abuse,Driver At Fault,Injury Severity,Circumstance,Driver Distracted By,Drivers License State,Vehicle Body Type,Vehicle Movement,Speed Limit,Driverless Vehicle,Vehicle Year,Vehicle Make,Vehicle Model,Latitude,Longitude,Year,Month,Hour
220017181,Property Damage Crash,04/22/2022 06:30:00 PM,WOODCOCK WAY,NA,OTHER,Clear,DRY,Daylight,N/A,NONE DETECTED,Yes,No Apparent Injury,N/A,UNKNOWN,MD,(SPORT) UTILITY VEHICLE,STARTING FROM PARKED,15,No,2011,LINCOLN,NAVIGATOR,39.22001167,-77.29583167,2022,4,18
220017011,Property Damage Crash,04/22/2022 06:11:00 PM,NEW HAMPSHIRE AVE,NA,SAME DIRECTION RIGHT TURN,Clear,DRY,Daylight,NO CONTROLS,NONE DETECTED,No,No Apparent Injury,N/A,NOT DISTRACTED,MD,TRANSIT BUS,MOVING CONSTANT SPEED,45,No,2009,NWFL,WMATA,39.07352404,-77.00270929,2022,4,18
220017011,Property Damage Crash,04/22/2022 06:11:00 PM,NEW HAMPSHIRE AVE,NA,SAME DIRECTION RIGHT TURN,Clear,DRY,Daylight,NO CONTROLS,NONE DETECTED,Yes,No Apparent Injury,N/A,UNKNOWN,MD,PASSENGER CAR,MOVING CONSTANT SPEED,45,No,2007,SATURN,VUE,39.07352404,-77.00270929,2022,4,18
220017164,Injury Crash,04/22/2022 06:00:00 PM,COLESVILLE RD,NA,OPPOSITE DIRECTION SIDESWIPE,Clear,DRY,Daylight,NO CONTROLS,NONE DETECTED,Yes,No Apparent Injury,N/A,UNKNOWN,MD,PASSENGER CAR,MAKING LEFT TURN,35,No,2006,HONDA,ACCORD,39.02412333,-77.01113,2022,4,18
220017164,Injury Crash,04/22/2022 06:00:00 PM,COLESVILLE RD,NA,OPPOSITE DIRECTION SIDESWIPE,Clear,DRY,Daylight,NO CONTROLS,NONE DETECTED,Yes,Possible Minor Injury,N/A,UNKNOWN,MD,MOTORCYCLE,CHANGING LANES,35,No,2003,YAMA,MC,39.02412333,-77.01113,2022,4,18
220017165,Property Damage Crash,04/22/2022 05:57:00 PM,WOODMONT AVE,NA,STRAIGHT MOVEMENT ANGLE,Clear,DRY,Daylight,TRAFFIC SIGNAL,NONE DETECTED,Unknown,No Apparent Injury,N/A,LOOKED BUT DID NOT SEE,MD,PASSENGER CAR,MOVING CONSTANT SPEED,30,No,2021,SUBARU,CROSSTREK,38.99273667,-77.09682333,2022,4,17
220017165,Property Damage Crash,04/22/2022 05:57:00 PM,WOODMONT AVE,NA,STRAIGHT MOVEMENT ANGLE,Clear,DRY,Daylight,TRAFFIC SIGNAL,NONE DETECTED,Unknown,No Apparent Injury,N/A,LOOKED BUT DID NOT SEE,MD,PASSENGER CAR,MOVING CONSTANT SPEED,30,No,2020,HYUNDIA,TUCSAN,38.99273667,-77.09682333,2022,4,17
220017146,Property Damage Crash,04/22/2022 04:35:00 PM,ASPEN HILL RD,NA,STRAIGHT MOVEMENT ANGLE,Clear,DRY,Daylight,NO CONTROLS,NONE DETECTED,No,No Apparent Injury,N/A,NOT DISTRACTED,MD,PASSENGER CAR,ACCELERATING,35,No,2000,HONDA,CIVIC,39.0800885,-77.07991733,2022,4,16
220017146,Property Damage Crash,04/22/2022 04:35:00 PM,ASPEN HILL RD,NA,STRAIGHT MOVEMENT ANGLE,Clear,DRY,Daylight,NO CONTROLS,NONE DETECTED,Yes,No Apparent Injury,N/A,OTHER DISTRACTION,MD,PASSENGER CAR,ACCELERATING,35,No,2012,FORD,FIESTA,39.0800885,-77.07991733,2022,4,16
220017150,Injury Crash,04/22/2022 04:31:00 PM,E RANDOLPH RD,NA,STRAIGHT MOVEMENT ANGLE,Clear,DRY,Daylight,TRAFFIC SIGNAL,NONE DETECTED,Yes,No Apparent Injury,N/A,NOT DISTRACTED,MD,PASSENGER CAR,MOVING CONSTANT SPEED,40,No,2018,LEXUS,NX300,39.06774031,-76.98577679,2022,4,16
220017150,Injury Crash,04/22/2022 04:31:00 PM,E RANDOLPH RD,NA,STRAIGHT MOVEMENT ANGLE,Clear,DRY,Daylight,TRAFFIC SIGNAL,NONE DETECTED,No,Possible Minor Injury,N/A,NOT DISTRACTED,MD,PASSENGER CAR,MOVING CONSTANT SPEED,40,No,2014,TOYOTA,COROLLA,39.06774031,-76.98577679,2022,4,16
220017425,Injury Crash,04/22/2022 04:18:00 PM,HUNGERFORD DR,BICYCLIST,STRAIGHT MOVEMENT ANGLE,Clear,DRY,Daylight,TRAFFIC SIGNAL,NONE DETECTED,No,No Apparent Injury,N/A,LOOKED BUT DID NOT SEE,MD,PICKUP TRUCK,ACCELERATING,40,No,2017,CHEVY,TK,39.09421333,-77.15311833,2022,4,16
220017139,Property Damage Crash,04/22/2022 03:40:00 PM,FIRSTFIELD RD,NA,OTHER,Clear,DRY,Daylight,NO CONTROLS,NONE DETECTED,Unknown,No Apparent Injury,N/A,NOT DISTRACTED,MD,PASSENGER CAR,MOVING CONSTANT SPEED,30,No,2010,TOYOTA,MATRIX,39.14065065,-77.22446877,2022,4,15
220017139,Property Damage Crash,04/22/2022 03:40:00 PM,FIRSTFIELD RD,NA,OTHER,Clear,DRY,Daylight,NO CONTROLS,NONE DETECTED,Unknown,No Apparent Injury,N/A,NOT DISTRACTED,MD,PASSENGER CAR,ACCELERATING,30,No,2008,HONDA,4S,39.14065065,-77.22446877,2022,4,15
220017138,Injury Crash,04/22/2022 03:33:00 PM,WARING STATION RD,PEDESTRIAN,SINGLE VEHICLE,Clear,DRY,Daylight,NO CONTROLS,NONE DETECTED,Yes,No Apparent Injury,N/A,LOOKED BUT DID NOT SEE,MD,PASSENGER CAR,MOVING CONSTANT SPEED,30,No,2010,TOYOTA,COROLLA,39.16580695,-77.24741821,2022,4,15
220017143,Injury Crash,04/22/2022 03:33:00 PM,NA,PEDESTRIAN,SINGLE VEHICLE,Clear,NA,Daylight,NO CONTROLS,NONE DETECTED,Yes,No Apparent Injury,N/A,UNKNOWN,NA,NA,MOVING CONSTANT SPEED,15,No,0,UNKNOWN,UNKNOWN,39.16414831,-77.25150531,2022,4,15
220017130,Property Damage Crash,04/22/2022 03:26:00 PM,OLD HUNDRED RD,NA,SINGLE VEHICLE,Clear,DRY,Daylight,NO CONTROLS,NONE DETECTED,Yes,No Apparent Injury,N/A,LOOKED BUT DID NOT SEE,MD,PASSENGER CAR,MOVING CONSTANT SPEED,40,No,2016,TOYOTA,COROLLA,39.26345667,-77.34404833,2022,4,15
220017123,Injury Crash,04/22/2022 02:50:00 PM,NA,PEDESTRIAN,SINGLE VEHICLE,Clear,NA,Daylight,NO CONTROLS,NONE DETECTED,Yes,No Apparent Injury,N/A,UNKNOWN,MD,PASSENGER CAR,BACKING,15,No,2014,MAZDA,MAZDA 3,39.03365333,-77.07431167,2022,4,14
220017168,Property Damage Crash,04/22/2022 02:30:00 PM,NA,NA,OTHER,Cloudy,NA,Daylight,NO CONTROLS,NONE DETECTED,Yes,No Apparent Injury,N/A,UNKNOWN,NA,PASSENGER CAR,BACKING,25,No,2015,MAZDA,UNK,39.22770608,-77.26668351,2022,4,14
220017168,Property Damage Crash,04/22/2022 02:30:00 PM,NA,NA,OTHER,Cloudy,NA,Daylight,NO CONTROLS,NONE DETECTED,No,No Apparent Injury,N/A,NOT DISTRACTED,MD,VAN,STOPPED IN TRAFFIC LANE,25,No,2011,TOYOTA,SIENNA,39.22770608,-77.26668351,2022,4,14
220017118,Property Damage Crash,04/22/2022 02:03:00 PM,16TH ST,NA,STRAIGHT MOVEMENT ANGLE,Clear,DRY,Daylight,NO CONTROLS,NONE DETECTED,Yes,No Apparent Injury,N/A,NOT DISTRACTED,MD,PASSENGER CAR,MOVING CONSTANT SPEED,35,No,2018,TOYOTA,COROLLA,38.99242033,-77.03615267,2022,4,14
220017118,Property Damage Crash,04/22/2022 02:03:00 PM,16TH ST,NA,STRAIGHT MOVEMENT ANGLE,Clear,DRY,Daylight,NO CONTROLS,NONE DETECTED,No,No Apparent Injury,N/A,NOT DISTRACTED,MD,PASSENGER CAR,MAKING LEFT TURN,35,No,2010,MAZDA,3,38.99242033,-77.03615267,2022,4,14
220017115,Injury Crash,04/22/2022 02:00:00 PM,GERMANTOWN RD,NA,STRAIGHT MOVEMENT ANGLE,Clear,DRY,Daylight,TRAFFIC SIGNAL,NONE DETECTED,No,Possible Minor Injury,N/A,NOT DISTRACTED,MD,PASSENGER CAR,MAKING LEFT TURN,45,No,2010,TOYOTA,COROLLA,39.19053117,-77.24792267,2022,4,14
220017115,Injury Crash,04/22/2022 02:00:00 PM,GERMANTOWN RD,NA,STRAIGHT MOVEMENT ANGLE,Clear,DRY,Daylight,TRAFFIC SIGNAL,NONE DETECTED,Yes,Possible Minor Injury,N/A,UNKNOWN,MD,(SPORT) UTILITY VEHICLE,MOVING CONSTANT SPEED,45,No,2017,HONDA,CRV,39.19053117,-77.24792267,2022,4,14
220017117,Property Damage Crash,04/22/2022 01:58:00 PM,VEIRS MILL RD,NA,OTHER,Clear,DRY,Daylight,TRAFFIC SIGNAL,NONE DETECTED,No,No Apparent Injury,N/A,NOT DISTRACTED,MD,PASSENGER CAR,MOVING CONSTANT SPEED,40,No,2015,HONDA,CRV,39.07344859,-77.11178106,2022,4,13
220017117,Property Damage Crash,04/22/2022 01:58:00 PM,VEIRS MILL RD,NA,OTHER,Clear,DRY,Daylight,TRAFFIC SIGNAL,NONE DETECTED,Yes,No Apparent Injury,N/A,NOT DISTRACTED,MD,PASSENGER CAR,MAKING LEFT TURN,40,No,2008,TOYT,HY,39.07344859,-77.11178106,2022,4,13
220017117,Property Damage Crash,04/22/2022 01:58:00 PM,VEIRS MILL RD,NA,OTHER,Clear,DRY,Daylight,TRAFFIC SIGNAL,NONE DETECTED,No,No Apparent Injury,N/A,NOT DISTRACTED,MD,POLICE VEHICLE/EMERGENCY,STOPPED IN TRAFFIC LANE,40,No,2018,HOND,TK,39.07344859,-77.11178106,2022,4,13
220017114,Property Damage Crash,04/22/2022 01:40:00 PM,SHADY GROVE RD,NA,STRAIGHT MOVEMENT ANGLE,Clear,DRY,Daylight,TRAFFIC SIGNAL,NONE DETECTED,Yes,No Apparent Injury,N/A,NOT DISTRACTED,NJ,PASSENGER CAR,MOVING CONSTANT SPEED,30,No,2005,SATURN,SEDAN,39.10948,-77.188415,2022,4,13
220017114,Property Damage Crash,04/22/2022 01:40:00 PM,SHADY GROVE RD,NA,STRAIGHT MOVEMENT ANGLE,Clear,DRY,Daylight,TRAFFIC SIGNAL,NONE DETECTED,No,No Apparent Injury,N/A,NOT DISTRACTED,MD,PASSENGER CAR,STARTING FROM LANE,25,No,2022,TOYT,SUV,39.10948,-77.188415,2022,4,13
220017112,Injury Crash,04/22/2022 01:30:00 PM,ROCKVILLE PIKE,NA,SAME DIR REAR END,Clear,DRY,Daylight,N/A,NONE DETECTED,No,No Apparent Injury,N/A,NOT DISTRACTED,SC,(SPORT) UTILITY VEHICLE,SLOWING OR STOPPING,35,No,2014,BUICK,ENCLAVE,39.01407517,-77.09913883,2022,4,13
220017112,Injury Crash,04/22/2022 01:30:00 PM,ROCKVILLE PIKE,NA,SAME DIR REAR END,Clear,DRY,Daylight,N/A,NONE DETECTED,Yes,Possible Minor Injury,N/A,NOT DISTRACTED,NC,(SPORT) UTILITY VEHICLE,SLOWING OR STOPPING,35,No,2004,HONDA,CR-V,39.01407517,-77.09913883,2022,4,13
220017105,Injury Crash,04/22/2022 12:33:00 PM,CASHELL RD,NA,HEAD ON,Clear,DRY,Daylight,N/A,NONE DETECTED,Yes,No Apparent Injury,N/A,NOT DISTRACTED,XX,PASSENGER CAR,NEGOTIATING A CURVE,35,No,2011,DODGE,TRUCK,39.14297167,-77.09194333,2022,4,12
220017105,Injury Crash,04/22/2022 12:33:00 PM,CASHELL RD,NA,HEAD ON,Clear,DRY,Daylight,N/A,NONE DETECTED,No,No Apparent Injury,N/A,NOT DISTRACTED,MD,PASSENGER CAR,NEGOTIATING A CURVE,35,No,2021,FORD,F450,39.14297167,-77.09194333,2022,4,12
220017096,Fatal Crash,04/22/2022 12:28:00 PM,WOODFIELD RD,NA,SINGLE VEHICLE,Clear,DRY,Daylight,NO CONTROLS,ALCOHOL PRESENT,Yes,Fatal Injury,N/A,UNKNOWN,MD,STATION WAGON,MOVING CONSTANT SPEED,50,No,2006,DODGE,MAGNUM,39.23559167,-77.18068,2022,4,12
220017087,Property Damage Crash,04/22/2022 11:40:00 AM,NEW HAMPSHIRE AVE,NA,SAME DIRECTION RIGHT TURN,Clear,DRY,Daylight,N/A,NONE DETECTED,Yes,No Apparent Injury,N/A,NOT DISTRACTED,MD,PASSENGER CAR,SLOWING OR STOPPING,35,No,2020,FORD,F-150,38.97546333,-76.993905,2022,4,11
220017087,Property Damage Crash,04/22/2022 11:40:00 AM,NEW HAMPSHIRE AVE,NA,SAME DIRECTION RIGHT TURN,Clear,DRY,Daylight,N/A,NONE DETECTED,No,No Apparent Injury,N/A,NOT DISTRACTED,MD,PASSENGER CAR,SLOWING OR STOPPING,35,No,2008,NISSAN,ALTIMA,38.97546333,-76.993905,2022,4,11
220017080,Injury Crash,04/22/2022 10:49:00 AM,COLESVILLE RD,PEDESTRIAN,OTHER,Clear,DRY,Daylight,NO CONTROLS,NONE DETECTED,Unknown,No Apparent Injury,N/A,UNKNOWN,NA,UNKNOWN,MOVING CONSTANT SPEED,15,No,0,UNKNOWN,UNKNOWN,39.015705,-77.01634,2022,4,10
220017078,Property Damage Crash,04/22/2022 10:44:00 AM,RAILROAD ST,NA,SINGLE VEHICLE,Clear,DRY,Daylight,TRAFFIC SIGNAL,NONE DETECTED,Yes,No Apparent Injury,N/A,NOT DISTRACTED,MD,SCHOOL BUS,MAKING RIGHT TURN,25,No,2017,THOMAS,HSB,39.1377358,-77.17908994,2022,4,10
220017068,Injury Crash,04/22/2022 09:20:00 AM,MUDDY BRANCH RD,NA,HEAD ON LEFT TURN,Clear,DRY,Daylight,STOP SIGN,NONE DETECTED,No,No Apparent Injury,N/A,NOT DISTRACTED,MD,VAN,STOPPED IN TRAFFIC LANE,25,No,2003,FORD,VAN,39.11757667,-77.21687667,2022,4,9
220017068,Injury Crash,04/22/2022 09:20:00 AM,MUDDY BRANCH RD,NA,HEAD ON LEFT TURN,Clear,DRY,Daylight,STOP SIGN,NONE DETECTED,No,No Apparent Injury,N/A,NOT DISTRACTED,MD,PASSENGER CAR,MOVING CONSTANT SPEED,30,No,2008,JEEP,WRANGLER,39.11757667,-77.21687667,2022,4,9
220017068,Injury Crash,04/22/2022 09:20:00 AM,MUDDY BRANCH RD,NA,HEAD ON LEFT TURN,Clear,DRY,Daylight,STOP SIGN,NONE DETECTED,Yes,Possible Minor Injury,N/A,LOOKED BUT DID NOT SEE,MD,PASSENGER CAR,MAKING LEFT TURN,30,No,2015,TOYT,RAV4,39.11757667,-77.21687667,2022,4,9
220017056,Injury Crash,04/22/2022 06:00:00 AM,CLARKSBURG RD,NA,OPPOSITE DIRECTION SIDESWIPE,Clear,DRY,Medium,NO CONTROLS,ALCOHOL PRESENT,Yes,Possible Minor Injury,N/A,EATING OR DRINKING,MD,PASSENGER CAR,MOVING CONSTANT SPEED,35,No,2001,FORD,SW,39.24198,-77.28036,2022,4,6
220017056,Injury Crash,04/22/2022 06:00:00 AM,CLARKSBURG RD,NA,OPPOSITE DIRECTION SIDESWIPE,Clear,DRY,Medium,NO CONTROLS,NONE DETECTED,No,No Apparent Injury,N/A,NOT DISTRACTED,MD,PASSENGER CAR,MOVING CONSTANT SPEED,35,No,2017,SUBARU,OUTBACK,39.24198,-77.28036,2022,4,6
220017050,Property Damage Crash,04/22/2022 02:30:00 AM,NEW HAMPSHIRE AVE,NA,HEAD ON,Clear,DRY,Medium,NO CONTROLS,NONE DETECTED,No,No Apparent Injury,N/A,NOT DISTRACTED,MD,PASSENGER CAR,SLOWING OR STOPPING,15,No,0,FORD,EXPLORER,38.98478271,-76.98809037,2022,4,2
220017050,Property Damage Crash,04/22/2022 02:30:00 AM,NEW HAMPSHIRE AVE,NA,HEAD ON,Clear,DRY,Medium,NO CONTROLS,NONE DETECTED,Yes,No Apparent Injury,N/A,DISTRACTED BY OUTSIDE PERSON OBJECT OR EVENT,MD,PASSENGER CAR,MAKING RIGHT TURN,15,No,2017,TOYOTA,4-RUNNER,38.98478271,-76.98809037,2022,4,2
220017048,Injury Crash,04/22/2022 01:43:00 AM,NEW HAMPSHIRE AVE,PEDESTRIAN,SINGLE VEHICLE,Clear,DRY,Medium,NO CONTROLS,NONE DETECTED,Yes,No Apparent Injury,N/A,NOT DISTRACTED,NA,PASSENGER CAR,ACCELERATING,15,No,2001,VW,JETTA,38.98380196,-76.98609604,2022,4,1
220017040,Property Damage Crash,04/21/2022 10:43:00 PM,NA,NA,SINGLE VEHICLE,Clear,NA,Medium,NO CONTROLS,NONE DETECTED,Yes,No Apparent Injury,N/A,OTHER DISTRACTION,MD,POLICE VEHICLE/NON EMERGENCY,MOVING CONSTANT SPEED,15,No,2019,DODG,4S,38.96369,-77.08656167,2022,4,22
220017035,Property Damage Crash,04/21/2022 10:15:00 PM,TURKEY FOOT RD,NA,SINGLE VEHICLE,Cloudy,WET,Medium,NO CONTROLS,NONE DETECTED,Yes,No Apparent Injury,"N/A, WET",UNKNOWN,MD,PASSENGER CAR,MOVING CONSTANT SPEED,30,No,2014,JEEP,WRANGLER,39.10045771,-77.28239644,2022,4,22
220017036,Property Damage Crash,04/21/2022 10:07:00 PM,LITTLE FALLS PKWY,NA,SINGLE VEHICLE,Clear,DRY,Medium,TRAFFIC SIGNAL,NONE DETECTED,Yes,No Apparent Injury,N/A,UNKNOWN,NA,UNKNOWN,LEAVING TRAFFIC LANE,25,No,0,UNKNOWN,UNKNOWN,38.96295333,-77.10069667,2022,4,22
220017024,Property Damage Crash,04/21/2022 07:27:00 PM,DEL RAY AVE,NA,SAME DIR REAR END,Clear,DRY,Daylight,NO CONTROLS,NONE DETECTED,No,No Apparent Injury,N/A,NOT DISTRACTED,MD,PASSENGER CAR,PARKED,25,No,2021,BMW,X1,38.98989679,-77.09869018,2022,4,19
220017024,Property Damage Crash,04/21/2022 07:27:00 PM,DEL RAY AVE,NA,SAME DIR REAR END,Clear,DRY,Daylight,NO CONTROLS,NONE DETECTED,Yes,No Apparent Injury,N/A,LOOKED BUT DID NOT SEE,NA,PASSENGER CAR,STARTING FROM PARKED,25,No,2020,CHEVY,TRAX,38.98989679,-77.09869018,2022,4,19
220017018,Property Damage Crash,04/21/2022 07:08:00 PM,WISCONSIN AVE,NA,SAME DIRECTION SIDESWIPE,Clear,DRY,Daylight,TRAFFIC SIGNAL,NONE DETECTED,No,No Apparent Injury,N/A,NOT DISTRACTED,MD,PASSENGER CAR,STOPPED IN TRAFFIC LANE,0,No,2004,TOYT,PRIUS,38.96180116,-77.08613623,2022,4,19
220017018,Property Damage Crash,04/21/2022 07:08:00 PM,WISCONSIN AVE,NA,SAME DIRECTION SIDESWIPE,Clear,DRY,Daylight,TRAFFIC SIGNAL,NONE DETECTED,Yes,No Apparent Injury,N/A,NOT DISTRACTED,MD,TRANSIT BUS,MAKING LEFT TURN,35,No,2022,NEW FLYER,XCELSIOR,38.96180116,-77.08613623,2022,4,19
220017008,Injury Crash,04/21/2022 06:05:00 PM,NORBECK RD,NA,SAME DIR REAR END,Clear,DRY,Daylight,NO CONTROLS,NONE DETECTED,Yes,Possible Minor Injury,N/A,NOT DISTRACTED,MD,PASSENGER CAR,SLOWING OR STOPPING,35,No,2011,TOYOTA,CAMRY,39.11344817,-77.05728517,2022,4,18
220017008,Injury Crash,04/21/2022 06:05:00 PM,NORBECK RD,NA,SAME DIR REAR END,Clear,DRY,Daylight,NO CONTROLS,NONE DETECTED,No,No Apparent Injury,N/A,NOT DISTRACTED,MD,PICKUP TRUCK,SLOWING OR STOPPING,35,No,2017,FORD,F 150,39.11344817,-77.05728517,2022,4,18
220017005,Injury Crash,04/21/2022 05:43:00 PM,MOUTH OF MONOCACY RD,NA,HEAD ON LEFT TURN,Cloudy,WET,Daylight,N/A,NONE DETECTED,Yes,Possible Minor Injury,N/A,NOT DISTRACTED,MD,PASSENGER CAR,MAKING LEFT TURN,40,No,2020,HONDA,CIVIC,39.22441833,-77.42608333,2022,4,17
220017005,Injury Crash,04/21/2022 05:43:00 PM,MOUTH OF MONOCACY RD,NA,HEAD ON LEFT TURN,Cloudy,WET,Daylight,N/A,NONE DETECTED,No,No Apparent Injury,N/A,NOT DISTRACTED,MD,PASSENGER CAR,MOVING CONSTANT SPEED,40,No,2005,HONDA,ACCORD,39.22441833,-77.42608333,2022,4,17
220017000,Injury Crash,04/21/2022 05:19:00 PM,REDLAND RD,NA,STRAIGHT MOVEMENT ANGLE,Cloudy,DRY,Daylight,NO CONTROLS,NONE DETECTED,No,Possible Minor Injury,N/A,NOT DISTRACTED,MD,PASSENGER CAR,MOVING CONSTANT SPEED,35,No,2001,TOYT,SOLARA,39.14488733,-77.1444605,2022,4,17
220017000,Injury Crash,04/21/2022 05:19:00 PM,REDLAND RD,NA,STRAIGHT MOVEMENT ANGLE,Cloudy,DRY,Daylight,NO CONTROLS,NONE DETECTED,Yes,No Apparent Injury,N/A,LOOKED BUT DID NOT SEE,MD,PASSENGER CAR,ACCELERATING,15,No,2020,MAZDA,6,39.14488733,-77.1444605,2022,4,17
220016933,Property Damage Crash,04/21/2022 04:23:00 PM,LOCKWOOD DR,NA,SAME DIR REAR END,Clear,DRY,Daylight,NO CONTROLS,NONE DETECTED,No,No Apparent Injury,N/A,NOT DISTRACTED,MD,SCHOOL BUS,MOVING CONSTANT SPEED,10,No,2018,FREIGHT,BUS,39.03961468,-76.99142759,2022,4,16
220016933,Property Damage Crash,04/21/2022 04:23:00 PM,LOCKWOOD DR,NA,SAME DIR REAR END,Clear,DRY,Daylight,NO CONTROLS,NONE DETECTED,Yes,No Apparent Injury,N/A,LOOKED BUT DID NOT SEE,MD,(SPORT) UTILITY VEHICLE,MOVING CONSTANT SPEED,10,No,2018,HYUNDAI,SANTEFE,39.03961468,-76.99142759,2022,4,16
220016982,Property Damage Crash,04/21/2022 04:14:00 PM,COLUMBIA PIKE,NA,SAME DIRECTION LEFT TURN,Clear,DRY,Daylight,NO CONTROLS,NONE DETECTED,Yes,No Apparent Injury,N/A,DISTRACTED BY OUTSIDE PERSON OBJECT OR EVENT,MD,PASSENGER CAR,CHANGING LANES,35,No,2006,LINCOLN,TK,39.031421,-77.0054055,2022,4,16
220017010,Property Damage Crash,04/21/2022 04:14:00 PM,NA,NA,HEAD ON LEFT TURN,Clear,NA,Daylight,N/A,NONE DETECTED,Yes,No Apparent Injury,N/A,LOOKED BUT DID NOT SEE,MD,PASSENGER CAR,MAKING LEFT TURN,10,No,2011,HOND,TK,39.058665,-77.04720833,2022,4,16
220016982,Property Damage Crash,04/21/2022 04:14:00 PM,COLUMBIA PIKE,NA,SAME DIRECTION LEFT TURN,Clear,DRY,Daylight,NO CONTROLS,NONE DETECTED,No,No Apparent Injury,N/A,NOT DISTRACTED,MD,SCHOOL BUS,MOVING CONSTANT SPEED,40,No,2014,THOM,BUS,39.031421,-77.0054055,2022,4,16
220017010,Property Damage Crash,04/21/2022 04:14:00 PM,NA,NA,HEAD ON LEFT TURN,Clear,NA,Daylight,N/A,NONE DETECTED,No,No Apparent Injury,N/A,NOT DISTRACTED,MD,PASSENGER CAR,PARKED,10,No,2013,LEXUS,4H,39.058665,-77.04720833,2022,4,16
220016968,Injury Crash,04/21/2022 02:30:00 PM,CONNECTICUT AVE,NA,SAME DIR REAR END,Clear,DRY,Daylight,NO CONTROLS,NONE DETECTED,Yes,Possible Minor Injury,N/A,OTHER DISTRACTION,MD,MOTORCYCLE,MOVING CONSTANT SPEED,35,No,2021,YAMAHA,MT09,39.01792,-77.07789833,2022,4,14
220016968,Injury Crash,04/21/2022 02:30:00 PM,CONNECTICUT AVE,NA,SAME DIR REAR END,Clear,DRY,Daylight,NO CONTROLS,NONE DETECTED,No,No Apparent Injury,N/A,NOT DISTRACTED,MD,PICKUP TRUCK,MOVING CONSTANT SPEED,35,No,2020,FORD,PK,39.01792,-77.07789833,2022,4,14
220016958,Property Damage Crash,04/21/2022 01:36:00 PM,BATTERY LA,NA,SAME DIRECTION SIDESWIPE,Cloudy,DRY,Daylight,NO CONTROLS,NONE DETECTED,Yes,No Apparent Injury,N/A,UNKNOWN,MD,"MEDIUM/HEAVY TRUCKS 3 AXLES (OVER 10,000LBS (4,536KG))",MAKING RIGHT TURN,30,No,2014,FREIGHTLINER,TRUCK,38.992871,-77.09630617,2022,4,13
220016958,Property Damage Crash,04/21/2022 01:36:00 PM,BATTERY LA,NA,SAME DIRECTION SIDESWIPE,Cloudy,DRY,Daylight,NO CONTROLS,NONE DETECTED,No,No Apparent Injury,N/A,NOT DISTRACTED,MD,"OTHER LIGHT TRUCKS (10,000LBS (4,536KG) OR LESS)",PARKED,30,No,2017,FORD,TRUCK,38.992871,-77.09630617,2022,4,13
220016932,Property Damage Crash,04/21/2022 11:15:00 AM,COLUMBIA PIKE,NA,STRAIGHT MOVEMENT ANGLE,Clear,DRY,Daylight,TRAFFIC SIGNAL,NONE DETECTED,No,No Apparent Injury,N/A,NOT DISTRACTED,MD,PASSENGER CAR,STARTING FROM LANE,40,No,2016,TOYOTA,SIENNA,39.10428798,-76.93330496,2022,4,11
220016932,Property Damage Crash,04/21/2022 11:15:00 AM,COLUMBIA PIKE,NA,STRAIGHT MOVEMENT ANGLE,Clear,DRY,Daylight,TRAFFIC SIGNAL,NONE DETECTED,Yes,No Apparent Injury,N/A,EATING OR DRINKING,MD,PASSENGER CAR,MOVING CONSTANT SPEED,40,No,2017,FORD,F250,39.10428798,-76.93330496,2022,4,11
220016919,Property Damage Crash,04/21/2022 08:57:00 AM,ROCKVILLE PIKE,NA,SAME DIR REAR END,Cloudy,DRY,Daylight,TRAFFIC SIGNAL,NONE DETECTED,Yes,No Apparent Injury,N/A,UNKNOWN,MD,PASSENGER CAR,MOVING CONSTANT SPEED,35,No,2015,FORD,EDGE,39.034229,-77.10666417,2022,4,8
220016919,Property Damage Crash,04/21/2022 08:57:00 AM,ROCKVILLE PIKE,NA,SAME DIR REAR END,Cloudy,DRY,Daylight,TRAFFIC SIGNAL,NONE DETECTED,No,No Apparent Injury,N/A,NOT DISTRACTED,NC,"OTHER LIGHT TRUCKS (10,000LBS (4,536KG) OR LESS)",STOPPED IN TRAFFIC LANE,35,No,2016,ISUZU,BOX TRUCK,39.034229,-77.10666417,2022,4,8
220016917,Property Damage Crash,04/21/2022 08:35:00 AM,WAYNE AVE,NA,SAME DIRECTION SIDESWIPE,Cloudy,DRY,Daylight,OTHER,NONE DETECTED,Yes,No Apparent Injury,N/A,LOOKED BUT DID NOT SEE,MD,PASSENGER CAR,MOVING CONSTANT SPEED,30,No,2015,CHEV,4S,38.99968017,-77.014739,2022,4,8
220016917,Property Damage Crash,04/21/2022 08:35:00 AM,WAYNE AVE,NA,SAME DIRECTION SIDESWIPE,Cloudy,DRY,Daylight,OTHER,NONE DETECTED,No,No Apparent Injury,N/A,NOT DISTRACTED,MD,TRANSIT BUS,MOVING CONSTANT SPEED,30,No,2016,GILL,BU,38.99968017,-77.014739,2022,4,8
220016914,Property Damage Crash,04/21/2022 08:15:00 AM,FRAMINGHAM DR,NA,OTHER,Clear,DRY,Daylight,NO CONTROLS,NONE DETECTED,Yes,No Apparent Injury,N/A,UNKNOWN,MD,POLICE VEHICLE/NON EMERGENCY,BACKING,25,No,2017,FORD,SEDAN,39.17664134,-77.18517054,2022,4,8
220016911,Injury Crash,04/21/2022 07:18:00 AM,GEORGIA AVE,NA,HEAD ON LEFT TURN,Clear,DRY,Daylight,OTHER,NONE DETECTED,No,Possible Minor Injury,N/A,NOT DISTRACTED,MD,(SPORT) UTILITY VEHICLE,MOVING CONSTANT SPEED,35,No,2015,SUBARU,FORESTER,38.99618833,-77.02898667,2022,4,7
220016911,Injury Crash,04/21/2022 07:18:00 AM,GEORGIA AVE,NA,HEAD ON LEFT TURN,Clear,DRY,Daylight,OTHER,NONE DETECTED,Yes,Possible Minor Injury,N/A,LOOKED BUT DID NOT SEE,MD,(SPORT) UTILITY VEHICLE,MAKING LEFT TURN,5,No,2020,SUBARU,FORESTER,38.99618833,-77.02898667,2022,4,7
220016909,Injury Crash,04/21/2022 06:51:00 AM,CHESHIRE DR,BICYCLIST,OTHER,Clear,DRY,Daylight,STOP SIGN,NONE DETECTED,Unknown,No Apparent Injury,N/A,LOOKED BUT DID NOT SEE,MD,PASSENGER CAR,STARTING FROM LANE,25,No,2021,TESLA,MODEL 3,39.02338167,-77.12303,2022,4,6
220016902,Property Damage Crash,04/21/2022 02:14:00 AM,GEORGIA AVE,NA,STRAIGHT MOVEMENT ANGLE,Clear,DRY,Medium,TRAFFIC SIGNAL,NONE DETECTED,No,No Apparent Injury,N/A,NOT DISTRACTED,MD,PASSENGER CAR,MOVING CONSTANT SPEED,35,No,2009,KIA,SD,39.09329,-77.07938167,2022,4,2
220016902,Property Damage Crash,04/21/2022 02:14:00 AM,GEORGIA AVE,NA,STRAIGHT MOVEMENT ANGLE,Clear,DRY,Medium,TRAFFIC SIGNAL,NONE DETECTED,Yes,No Apparent Injury,N/A,INATTENTIVE OR LOST IN THOUGHT,MD,PASSENGER CAR,MOVING CONSTANT SPEED,45,No,2014,CADI,SD,39.09329,-77.07938167,2022,4,2
220016895,Property Damage Crash,04/21/2022 12:00:00 AM,FALLS RD,NA,SINGLE VEHICLE,Clear,DRY,Medium,FLASHING TRAFFIC SIGNAL,NONE DETECTED,Yes,No Apparent Injury,N/A,LOOKED BUT DID NOT SEE,MD,PASSENGER CAR,MAKING LEFT TURN,35,No,2021,MERCEDES-BENZ,C300,39.0562015,-77.17954517,2022,4,0