Local Case Number,ACRS Report Type,Crash Date/Time,Road Name,Related Non-Motorist,Collision Type,Weather,Surface Condition,Light,Traffic Control,Driver Substance Abuse,Driver At Fault,Injury Severity,Circumstance,Driver Distracted By,Drivers License State,Vehicle Body Type,Vehicle Movement,Speed Limit,Driverless Vehicle,Vehicle Year,Vehicle Make,Vehicle Model,Latitude,Longitude,Year,Month,Hour
220016864,Property Damage Crash,04/20/2022 08:19:00 PM,NICHOLSON LA,NA,SAME DIR REAR END,Clear,DRY,Medium,YIELD SIGN,NONE DETECTED,Yes,No Apparent Injury,N/A,UNKNOWN,NA,POLICE VEHICLE/EMERGENCY,SLOWING OR STOPPING,35,No,2010,MAZDA,4D,39.04539167,-77.11141667,2022,4,20
220016864,Property Damage Crash,04/20/2022 08:19:00 PM,NICHOLSON LA,NA,SAME DIR REAR END,Clear,DRY,Medium,YIELD SIGN,NONE DETECTED,No,No Apparent Injury,N/A,NOT DISTRACTED,MD,PASSENGER CAR,SLOWING OR STOPPING,35,No,2007,HOND,HB,39.04539167,-77.11141667,2022,4,20
220016853,Property Damage Crash,04/20/2022 07:27:00 PM,DEMOCRACY BLVD,NA,STRAIGHT MOVEMENT ANGLE,Clear,DRY,Daylight,TRAFFIC SIGNAL,NONE DETECTED,No,No Apparent Injury,N/A,NOT DISTRACTED,PA,PASSENGER CAR,SLOWING OR STOPPING,35,No,2015,HYUNDAI,ELANTRA,39.02265478,-77.14930847,2022,4,19
220016853,Property Damage Crash,04/20/2022 07:27:00 PM,DEMOCRACY BLVD,NA,STRAIGHT MOVEMENT ANGLE,Clear,DRY,Daylight,TRAFFIC SIGNAL,NONE DETECTED,Yes,No Apparent Injury,N/A,UNKNOWN,MD,PASSENGER CAR,MOVING CONSTANT SPEED,35,No,1998,JEEP,CHEROKEE,39.02265478,-77.14930847,2022,4,19
220016845,Property Damage Crash,04/20/2022 06:50:00 PM,SEVEN LOCKS RD,NA,OPPOSITE DIRECTION SIDESWIPE,Clear,DRY,Daylight,TRAFFIC SIGNAL,NONE DETECTED,No,No Apparent Injury,N/A,NOT DISTRACTED,MD,PASSENGER CAR,STOPPED IN TRAFFIC LANE,35,No,2019,FORD,EXPEDITION,39.05232257,-77.163944,2022,4,18
220016845,Property Damage Crash,04/20/2022 06:50:00 PM,SEVEN LOCKS RD,NA,OPPOSITE DIRECTION SIDESWIPE,Clear,DRY,Daylight,TRAFFIC SIGNAL,NONE DETECTED,Yes,No Apparent Injury,N/A,UNKNOWN,MD,PASSENGER CAR,MAKING RIGHT TURN,35,No,2007,AUDI,4DR,39.05232257,-77.163944,2022,4,18
220016824,Property Damage Crash,04/20/2022 05:20:00 PM,DARNESTOWN RD,NA,STRAIGHT MOVEMENT ANGLE,Clear,DRY,Daylight,TRAFFIC SIGNAL,NONE DETECTED,Yes,No Apparent Injury,N/A,LOOKED BUT DID NOT SEE,MD,PASSENGER CAR,MAKING LEFT TURN,45,No,2021,TOYOTA,TACOMA,39.11755675,-77.25111302,2022,4,17
220016824,Property Damage Crash,04/20/2022 05:20:00 PM,DARNESTOWN RD,NA,STRAIGHT MOVEMENT ANGLE,Clear,DRY,Daylight,TRAFFIC SIGNAL,NONE DETECTED,No,No Apparent Injury,N/A,NOT DISTRACTED,MD,PASSENGER CAR,MOVING CONSTANT SPEED,45,No,2014,HYUNDAI,ELANTRA,39.11755675,-77.25111302,2022,4,17
220016828,Property Damage Crash,04/20/2022 05:05:00 PM,NA,NA,UNKNOWN,Clear,NA,Daylight,NO CONTROLS,NONE DETECTED,Yes,No Apparent Injury,N/A,UNKNOWN,NA,NA,PARKED,0,No,0,UNKNOWN,UNKNOWN,39.04084608,-77.15764207,2022,4,17
220016815,Injury Crash,04/20/2022 05:00:00 PM,VEIRS MILL RD,NA,SINGLE VEHICLE,Clear,DRY,Daylight,NO CONTROLS,NONE DETECTED,Yes,Suspected Serious Injury,N/A,NOT DISTRACTED,MD,MOTORCYCLE,ACCELERATING,45,No,2006,SUZUKI,650,39.05015,-77.07243833,2022,4,17
22001793,Property Damage Crash,04/20/2022 04:45:00 PM,NA,NA,OTHER,Clear,NA,Daylight,N/A,NONE DETECTED,Yes,No Apparent Injury,N/A,UNKNOWN,MD,(SPORT) UTILITY VEHICLE,BACKING,5,No,2007,HONDA,CRV,39.01413333,-77.11562333,2022,4,16
220016820,Property Damage Crash,04/20/2022 04:40:00 PM,GEORGIA AVE,NA,SAME DIRECTION SIDESWIPE,Clear,DRY,Daylight,TRAFFIC SIGNAL,NONE DETECTED,Unknown,No Apparent Injury,N/A,NOT DISTRACTED,MD,PASSENGER CAR,MOVING CONSTANT SPEED,25,No,2004,CHEV,4S,39.03552167,-77.04989833,2022,4,16
220016820,Property Damage Crash,04/20/2022 04:40:00 PM,GEORGIA AVE,NA,SAME DIRECTION SIDESWIPE,Clear,DRY,Daylight,TRAFFIC SIGNAL,NONE DETECTED,Unknown,No Apparent Injury,N/A,NOT DISTRACTED,MD,TRANSIT BUS,STARTING FROM LANE,25,No,2022,BU,TRANSIT,39.03552167,-77.04989833,2022,4,16
220016832,Property Damage Crash,04/20/2022 04:32:00 PM,WISCONSIN AVE,NA,OTHER,Clear,DRY,Daylight,N/A,NONE DETECTED,Yes,No Apparent Injury,N/A,UNKNOWN,VA,PICKUP TRUCK,MOVING CONSTANT SPEED,30,No,2018,ISUZU,NPR HD,38.961175,-77.08589833,2022,4,16
220016832,Property Damage Crash,04/20/2022 04:32:00 PM,WISCONSIN AVE,NA,OTHER,Clear,DRY,Daylight,N/A,NONE DETECTED,No,No Apparent Injury,N/A,NOT DISTRACTED,DC,TRANSIT BUS,STOPPED IN TRAFFIC LANE,30,No,2016,GILL,BU,38.961175,-77.08589833,2022,4,16
220016810,Injury Crash,04/20/2022 04:00:00 PM,BURNT HILL RD,NA,OTHER,Clear,DRY,Daylight,N/A,NONE DETECTED,No,Possible Minor Injury,N/A,NOT DISTRACTED,MD,PASSENGER CAR,MOVING CONSTANT SPEED,40,No,2015,VOLKSWAGEN,JETTA,39.25227333,-77.26761667,2022,4,16
220016804,Property Damage Crash,04/20/2022 03:50:00 PM,CRABBS BRANCH WAY,NA,SAME DIR REAR END,Clear,DRY,Daylight,NO CONTROLS,NONE DETECTED,No,No Apparent Injury,N/A,NOT DISTRACTED,MD,PASSENGER CAR,SLOWING OR STOPPING,35,No,2013,CADILLAC,ATS,39.11973795,-77.15698496,2022,4,15
220016804,Property Damage Crash,04/20/2022 03:50:00 PM,CRABBS BRANCH WAY,NA,SAME DIR REAR END,Clear,DRY,Daylight,NO CONTROLS,NONE DETECTED,Yes,No Apparent Injury,N/A,UNKNOWN,MD,PASSENGER CAR,MOVING CONSTANT SPEED,35,No,2007,PONTIAC,G6,39.11973795,-77.15698496,2022,4,15
220016804,Property Damage Crash,04/20/2022 03:50:00 PM,CRABBS BRANCH WAY,NA,SAME DIR REAR END,Clear,DRY,Daylight,NO CONTROLS,NONE DETECTED,No,No Apparent Injury,N/A,NOT DISTRACTED,MD,PASSENGER CAR,SLOWING OR STOPPING,35,No,2016,NISSAN,SENTRA,39.11973795,-77.15698496,2022,4,15
220016802,Injury Crash,04/20/2022 03:35:00 PM,ROCKVILLE PIKE,NA,SAME DIR REAR END,Clear,DRY,Daylight,TRAFFIC SIGNAL,NONE DETECTED,Yes,Possible Minor Injury,N/A,NOT DISTRACTED,MD,PASSENGER CAR,SLOWING OR STOPPING,35,No,2002,MERC,4S,39.074096,-77.1356405,2022,4,15
220016802,Injury Crash,04/20/2022 03:35:00 PM,ROCKVILLE PIKE,NA,SAME DIR REAR END,Clear,DRY,Daylight,TRAFFIC SIGNAL,NONE DETECTED,No,No Apparent Injury,N/A,NOT DISTRACTED,VA,VAN,STOPPED IN TRAFFIC LANE,35,No,2009,CHRYSLER,TOWN&COUNTRY,39.074096,-77.1356405,2022,4,15
220016798,Injury Crash,04/20/2022 03:19:00 PM,GEORGIA AVE,NA,ANGLE MEETS LEFT HEAD ON,Clear,DRY,Daylight,TRAFFIC SIGNAL,ALCOHOL PRESENT,Yes,Possible Minor Injury,N/A,OTHER DISTRACTION,MD,PASSENGER CAR,MOVING CONSTANT SPEED,35,No,2007,BMW,4S,39.03394167,-77.04013167,2022,4,15
220016798,Injury Crash,04/20/2022 03:19:00 PM,GEORGIA AVE,NA,ANGLE MEETS LEFT HEAD ON,Clear,DRY,Daylight,TRAFFIC SIGNAL,NONE DETECTED,Yes,Possible Minor Injury,N/A,INATTENTIVE OR LOST IN THOUGHT,MI,PASSENGER CAR,MAKING LEFT TURN,35,No,2015,CHEV,TK,39.03394167,-77.04013167,2022,4,15
220016794,Property Damage Crash,04/20/2022 03:01:00 PM,UNIVERSITY BLVD E,NA,SAME DIR REAR END,Clear,DRY,Daylight,TRAFFIC SIGNAL,NONE DETECTED,Yes,No Apparent Injury,N/A,UNKNOWN,NA,PASSENGER CAR,MOVING CONSTANT SPEED,35,No,2008,CHRYSLER,PT CRUISER,39.0206745,-77.0142885,2022,4,15
220016794,Property Damage Crash,04/20/2022 03:01:00 PM,UNIVERSITY BLVD E,NA,SAME DIR REAR END,Clear,DRY,Daylight,TRAFFIC SIGNAL,NONE DETECTED,No,No Apparent Injury,N/A,NOT DISTRACTED,MD,PASSENGER CAR,STOPPED IN TRAFFIC LANE,35,No,2019,SUBARU,FORESTER,39.0206745,-77.0142885,2022,4,15
220016796,Injury Crash,04/20/2022 03:00:00 PM,SHADY GROVE RD,NA,SAME DIRECTION SIDESWIPE,Clear,DRY,Daylight,NO CONTROLS,NONE DETECTED,Yes,Possible Minor Injury,N/A,UNKNOWN,MD,PASSENGER CAR,MOVING CONSTANT SPEED,45,No,2015,HOND,4S,39.13014833,-77.161885,2022,4,15
220016796,Injury Crash,04/20/2022 03:00:00 PM,SHADY GROVE RD,NA,SAME DIRECTION SIDESWIPE,Clear,DRY,Daylight,NO CONTROLS,NONE DETECTED,No,No Apparent Injury,N/A,NOT DISTRACTED,MD,PASSENGER CAR,MOVING CONSTANT SPEED,40,No,2013,HOND,VN,39.13014833,-77.161885,2022,4,15
220016788,Property Damage Crash,04/20/2022 02:24:00 PM,E GUDE DR,NA,SAME DIR BOTH LEFT TURN,Clear,DRY,Daylight,TRAFFIC SIGNAL,NONE DETECTED,Unknown,No Apparent Injury,N/A,UNKNOWN,MD,(SPORT) UTILITY VEHICLE,MAKING LEFT TURN,35,No,2009,GMC,YUKON,39.09036167,-77.12850667,2022,4,14
220016788,Property Damage Crash,04/20/2022 02:24:00 PM,E GUDE DR,NA,SAME DIR BOTH LEFT TURN,Clear,DRY,Daylight,TRAFFIC SIGNAL,NONE DETECTED,Unknown,No Apparent Injury,N/A,UNKNOWN,MD,PICKUP TRUCK,MAKING LEFT TURN,35,No,2020,FORD,PICKUP,39.09036167,-77.12850667,2022,4,14
220016780,Property Damage Crash,04/20/2022 02:00:00 PM,GEORGIA AVE,NA,SAME DIRECTION SIDESWIPE,Clear,DRY,Daylight,TRAFFIC SIGNAL,NONE DETECTED,No,No Apparent Injury,N/A,NOT DISTRACTED,MD,PICKUP TRUCK,STOPPED IN TRAFFIC LANE,25,No,2012,FORD,SUPER DUTY,39.039535,-77.05268667,2022,4,14
220016780,Property Damage Crash,04/20/2022 02:00:00 PM,GEORGIA AVE,NA,SAME DIRECTION SIDESWIPE,Clear,DRY,Daylight,TRAFFIC SIGNAL,NONE DETECTED,Yes,No Apparent Injury,N/A,LOOKED BUT DID NOT SEE,MD,"OTHER LIGHT TRUCKS (10,000LBS (4,536KG) OR LESS)",MAKING LEFT TURN,25,No,2015,INTL,ST,39.039535,-77.05268667,2022,4,14
220016777,Property Damage Crash,04/20/2022 01:25:00 PM,CONNECTICUT AVE,NA,STRAIGHT MOVEMENT ANGLE,Clear,DRY,Daylight,TRAFFIC SIGNAL,NONE DETECTED,No,No Apparent Injury,N/A,NOT DISTRACTED,MD,PASSENGER CAR,MOVING CONSTANT SPEED,35,No,2018,SUBARU,WRX,39.06314833,-77.07363333,2022,4,13
220016777,Property Damage Crash,04/20/2022 01:25:00 PM,CONNECTICUT AVE,NA,STRAIGHT MOVEMENT ANGLE,Clear,DRY,Daylight,TRAFFIC SIGNAL,NONE DETECTED,Yes,No Apparent Injury,N/A,LOOKED BUT DID NOT SEE,MD,PASSENGER CAR,MAKING LEFT TURN,35,No,2007,TOYOTA,CAMRY LE,39.06314833,-77.07363333,2022,4,13
220016759,Property Damage Crash,04/20/2022 11:30:00 AM,NA,NA,STRAIGHT MOVEMENT ANGLE,Clear,NA,Daylight,STOP SIGN,NONE DETECTED,No,No Apparent Injury,N/A,NOT DISTRACTED,MD,(SPORT) UTILITY VEHICLE,MOVING CONSTANT SPEED,0,No,2011,JEEP,TK,39.19868834,-77.25033328,2022,4,11
220016759,Property Damage Crash,04/20/2022 11:30:00 AM,NA,NA,STRAIGHT MOVEMENT ANGLE,Clear,NA,Daylight,STOP SIGN,NONE DETECTED,Yes,No Apparent Injury,N/A,NOT DISTRACTED,CO,PASSENGER CAR,MOVING CONSTANT SPEED,0,No,1998,TOYOTA,CAMRY,39.19868834,-77.25033328,2022,4,11
220016753,Property Damage Crash,04/20/2022 11:22:00 AM,GEORGIA ST,OTHER,OTHER,Clear,DRY,Daylight,NO CONTROLS,NONE DETECTED,Yes,No Apparent Injury,N/A,UNKNOWN,NA,UNKNOWN,OTHER,25,No,0,UNKNOWN,UNKNOWN,38.97668667,-77.07270333,2022,4,11
220016751,Property Damage Crash,04/20/2022 10:45:00 AM,NICHOLSON LA,NA,SAME DIRECTION SIDESWIPE,Clear,DRY,Daylight,NO CONTROLS,NONE DETECTED,No,No Apparent Injury,N/A,NOT DISTRACTED,MD,(SPORT) UTILITY VEHICLE,MOVING CONSTANT SPEED,30,No,2015,KIA,SORRENTO,39.045405,-77.11151333,2022,4,10
220016751,Property Damage Crash,04/20/2022 10:45:00 AM,NICHOLSON LA,NA,SAME DIRECTION SIDESWIPE,Clear,DRY,Daylight,NO CONTROLS,NONE DETECTED,Yes,No Apparent Injury,N/A,UNKNOWN,MD,(SPORT) UTILITY VEHICLE,CHANGING LANES,30,No,2014,MAZDA,CX-5,39.045405,-77.11151333,2022,4,10
220016737,Injury Crash,04/20/2022 10:25:00 AM,BETHESDA CHURCH RD,NA,SAME DIR REAR END,Clear,DRY,Daylight,NO CONTROLS,NONE DETECTED,Yes,No Apparent Injury,N/A,SMOKING RELATED,MD,PASSENGER CAR,MOVING CONSTANT SPEED,35,No,2014,NISS,ROGUE,39.287995,-77.22188667,2022,4,10
220016737,Injury Crash,04/20/2022 10:25:00 AM,BETHESDA CHURCH RD,NA,SAME DIR REAR END,Clear,DRY,Daylight,NO CONTROLS,NONE DETECTED,No,Possible Minor Injury,N/A,NOT DISTRACTED,WV,VAN,STOPPED IN TRAFFIC LANE,35,No,2019,FORD,TRANSIT,39.287995,-77.22188667,2022,4,10
220016732,Property Damage Crash,04/20/2022 09:22:00 AM,ROCKVILLE PIKE,NA,OTHER,Cloudy,DRY,Daylight,NO CONTROLS,NONE DETECTED,Yes,No Apparent Injury,N/A,DISTRACTED BY OUTSIDE PERSON OBJECT OR EVENT,MD,TRANSIT BUS,BACKING,35,No,2017,GILLIG,BUS,39.00340167,-77.09711667,2022,4,9
220016732,Property Damage Crash,04/20/2022 09:22:00 AM,ROCKVILLE PIKE,NA,OTHER,Cloudy,DRY,Daylight,NO CONTROLS,NONE DETECTED,No,No Apparent Injury,N/A,NOT DISTRACTED,MD,PASSENGER CAR,MOVING CONSTANT SPEED,35,No,2012,VOLKSWAGON,PASSAT,39.00340167,-77.09711667,2022,4,9
220016729,Property Damage Crash,04/20/2022 08:54:00 AM,WICK LA,NA,OTHER,Clear,DRY,Daylight,STOP SIGN,NONE DETECTED,No,No Apparent Injury,N/A,NOT DISTRACTED,MD,SCHOOL BUS,MAKING LEFT TURN,25,No,2020,THMS,BU,39.12532483,-77.14526383,2022,4,8
220016729,Property Damage Crash,04/20/2022 08:54:00 AM,WICK LA,NA,OTHER,Clear,DRY,Daylight,STOP SIGN,NONE DETECTED,Yes,No Apparent Injury,N/A,UNKNOWN,MD,PASSENGER CAR,STARTING FROM LANE,25,No,2012,MERCEDES,C250,39.12532483,-77.14526383,2022,4,8
220016604,Injury Crash,04/20/2022 08:40:00 AM,NEW HAMPSHIRE AVE,PEDESTRIAN,OTHER,Cloudy,N/A,Daylight,TRAFFIC SIGNAL,NONE DETECTED,No,No Apparent Injury,N/A,NOT DISTRACTED,NA,NA,SLOWING OR STOPPING,45,No,0,UNKNOWN,UNKNOWN,39.02970992,-76.98335105,2022,4,8
220016721,Property Damage Crash,04/20/2022 08:19:00 AM,NA,NA,SINGLE VEHICLE,Clear,NA,Daylight,N/A,NONE DETECTED,Yes,No Apparent Injury,N/A,NOT DISTRACTED,MD,SCHOOL BUS,STARTING FROM PARKED,5,No,2011,THOMAS,BU,39.06461,-76.965498,2022,4,8
220016720,Property Damage Crash,04/20/2022 08:01:00 AM,ROCKLEDGE DR,NA,HEAD ON LEFT TURN,Clear,DRY,Daylight,NO CONTROLS,NONE DETECTED,Yes,No Apparent Injury,N/A,LOOKED BUT DID NOT SEE,MD,PASSENGER CAR,MAKING LEFT TURN,30,No,2019,NISSAN,FRONTIER,39.02929283,-77.138555,2022,4,8
220016720,Property Damage Crash,04/20/2022 08:01:00 AM,ROCKLEDGE DR,NA,HEAD ON LEFT TURN,Clear,DRY,Daylight,NO CONTROLS,NONE DETECTED,No,No Apparent Injury,N/A,NOT DISTRACTED,MD,PASSENGER CAR,MOVING CONSTANT SPEED,30,No,2018,SUBARU,OUTBACK,39.02929283,-77.138555,2022,4,8
220016719,Injury Crash,04/20/2022 07:50:00 AM,OLNEY LAYTONSVILLE RD,NA,SAME DIR REAR END,Clear,DRY,Daylight,NO CONTROLS,NONE DETECTED,Yes,No Apparent Injury,"BACKUP DUE TO REGULAR CONGESTION, N/A",NOT DISTRACTED,MD,PICKUP TRUCK,MOVING CONSTANT SPEED,50,No,2015,NISSAN,FRONTIER,39.18439833,-77.11360333,2022,4,7
220016719,Injury Crash,04/20/2022 07:50:00 AM,OLNEY LAYTONSVILLE RD,NA,SAME DIR REAR END,Clear,DRY,Daylight,NO CONTROLS,NONE DETECTED,No,Possible Minor Injury,"BACKUP DUE TO REGULAR CONGESTION, N/A",NOT DISTRACTED,MD,(SPORT) UTILITY VEHICLE,STOPPED IN TRAFFIC LANE,50,No,2014,HONDA,PILOT,39.18439833,-77.11360333,2022,4,7
220016719,Injury Crash,04/20/2022 07:50:00 AM,OLNEY LAYTONSVILLE RD,NA,SAME DIR REAR END,Clear,DRY,Daylight,NO CONTROLS,NONE DETECTED,No,Possible Minor Injury,"BACKUP DUE TO REGULAR CONGESTION, N/A",NOT DISTRACTED,MD,PASSENGER CAR,STOPPED IN TRAFFIC LANE,50,No,2019,TOYOTA,CAMRY,39.18439833,-77.11360333,2022,4,7
220016716,Property Damage Crash,04/20/2022 07:45:00 AM,OLD COLUMBIA PIKE,NA,STRAIGHT MOVEMENT ANGLE,Clear,DRY,Daylight,TRAFFIC SIGNAL,NONE DETECTED,No,No Apparent Injury,N/A,NOT DISTRACTED,MD,PASSENGER CAR,STARTING FROM LANE,30,No,2018,FORD,ESCAPE,39.08973085,-76.94776443,2022,4,7
220016716,Property Damage Crash,04/20/2022 07:45:00 AM,OLD COLUMBIA PIKE,NA,STRAIGHT MOVEMENT ANGLE,Clear,DRY,Daylight,TRAFFIC SIGNAL,NONE DETECTED,Yes,No Apparent Injury,N/A,NOT DISTRACTED,MD,PASSENGER CAR,MOVING CONSTANT SPEED,30,No,2008,NISSAN,ROGUE,39.08973085,-76.94776443,2022,4,7
220016717,Property Damage Crash,04/20/2022 07:35:00 AM,ROCKVILLE PIKE,NA,SAME DIRECTION SIDESWIPE,Clear,DRY,Daylight,NO CONTROLS,NONE DETECTED,No,No Apparent Injury,N/A,NOT DISTRACTED,MD,TRANSIT BUS,STOPPED IN TRAFFIC LANE,40,No,2012,GILLIS,TRANSIT BUS,39.04523667,-77.111785,2022,4,7
220016717,Property Damage Crash,04/20/2022 07:35:00 AM,ROCKVILLE PIKE,NA,SAME DIRECTION SIDESWIPE,Clear,DRY,Daylight,NO CONTROLS,NONE DETECTED,Yes,No Apparent Injury,N/A,NOT DISTRACTED,MD,PASSENGER CAR,CHANGING LANES,40,No,2020,HONDA,ACCORD,39.04523667,-77.111785,2022,4,7
220016715,Property Damage Crash,04/20/2022 07:30:00 AM,UNIVERSITY BLVD E,NA,STRAIGHT MOVEMENT ANGLE,Clear,DRY,Daylight,N/A,NONE DETECTED,No,No Apparent Injury,N/A,NOT DISTRACTED,DC,PASSENGER CAR,MOVING CONSTANT SPEED,35,No,2016,TOYOTA,CAMRY,38.9925795,-76.99149733,2022,4,7
220016715,Property Damage Crash,04/20/2022 07:30:00 AM,UNIVERSITY BLVD E,NA,STRAIGHT MOVEMENT ANGLE,Clear,DRY,Daylight,N/A,NONE DETECTED,Yes,No Apparent Injury,N/A,INATTENTIVE OR LOST IN THOUGHT,MD,PASSENGER CAR,ACCELERATING,25,No,2012,CHEVROLET,SONIC,38.9925795,-76.99149733,2022,4,7
220016705,Property Damage Crash,04/20/2022 05:18:00 AM,MARTELLO DR,NA,SINGLE VEHICLE,Clear,DRY,Dark,NO CONTROLS,NONE DETECTED,Yes,No Apparent Injury,N/A,LOOKED BUT DID NOT SEE,MD,FIRE VEHICLE/EMERGENCY,ENTERING TRAFFIC LANE,25,No,2016,PRCE,TK,39.08197727,-76.95487926,2022,4,5
220016692,Property Damage Crash,04/19/2022 11:34:00 PM,OMEGA DR,NA,OTHER,Clear,DRY,Medium,TRAFFIC SIGNAL,NONE DETECTED,Yes,No Apparent Injury,N/A,NOT DISTRACTED,MD,PASSENGER CAR,MAKING LEFT TURN,35,No,2014,NISSAN,VERSA,39.10610917,-77.15320983,2022,4,23
220016690,Property Damage Crash,04/19/2022 10:58:00 PM,NEW HAMPSHIRE AVE,NA,SAME DIR REAR END,Clear,DRY,Medium,TRAFFIC SIGNAL,NONE DETECTED,Unknown,No Apparent Injury,N/A,UNKNOWN,MD,PASSENGER CAR,STOPPED IN TRAFFIC LANE,40,No,2015,TOYOTA,SIENNA,39.03673667,-76.98905167,2022,4,22
220016690,Property Damage Crash,04/19/2022 10:58:00 PM,NEW HAMPSHIRE AVE,NA,SAME DIR REAR END,Clear,DRY,Medium,TRAFFIC SIGNAL,NONE DETECTED,Unknown,No Apparent Injury,N/A,OTHER DISTRACTION,MD,PASSENGER CAR,MOVING CONSTANT SPEED,40,No,2016,MERZ,4H,39.03673667,-76.98905167,2022,4,22
220016683,Property Damage Crash,04/19/2022 09:18:00 PM,CONNECTICUT AVE,NA,SAME DIRECTION SIDESWIPE,Clear,DRY,Medium,N/A,NONE DETECTED,No,No Apparent Injury,N/A,NOT DISTRACTED,MD,PASSENGER CAR,MOVING CONSTANT SPEED,40,No,2004,TOYOTA,SIENNA,39.07537667,-77.07988333,2022,4,21
220016683,Property Damage Crash,04/19/2022 09:18:00 PM,CONNECTICUT AVE,NA,SAME DIRECTION SIDESWIPE,Clear,DRY,Medium,N/A,NONE DETECTED,Yes,No Apparent Injury,N/A,NOT DISTRACTED,MD,PASSENGER CAR,ACCELERATING,40,No,2014,HONDA,CIVIC,39.07537667,-77.07988333,2022,4,21
220016677,Injury Crash,04/19/2022 08:25:00 PM,MUDDY BRANCH RD,NA,ANGLE MEETS LEFT TURN,Clear,DRY,Medium,TRAFFIC SIGNAL,NONE DETECTED,No,No Apparent Injury,N/A,UNKNOWN,MD,PASSENGER CAR,SLOWING OR STOPPING,45,No,2009,LEXUS,RX350,39.12755194,-77.20974476,2022,4,20
220016677,Injury Crash,04/19/2022 08:25:00 PM,MUDDY BRANCH RD,NA,ANGLE MEETS LEFT TURN,Clear,DRY,Medium,TRAFFIC SIGNAL,NONE DETECTED,Yes,Possible Minor Injury,N/A,UNKNOWN,MD,PASSENGER CAR,MAKING LEFT TURN,45,No,2017,NISS,4S,39.12755194,-77.20974476,2022,4,20
220016660,Property Damage Crash,04/19/2022 06:51:00 PM,EISENHOWER MEMORIAL HWY,NA,N/A,Clear,N/A,Daylight,NO CONTROLS,NONE DETECTED,Yes,No Apparent Injury,N/A,NOT DISTRACTED,MD,"CARGO VAN/LIGHT TRUCK 2 AXLES (OVER 10,000LBS (4,536 KG))",MOVING CONSTANT SPEED,55,No,2013,FORD,PK,39.1926279,-77.25996557,2022,4,18
220016660,Property Damage Crash,04/19/2022 06:51:00 PM,EISENHOWER MEMORIAL HWY,NA,N/A,Clear,N/A,Daylight,NO CONTROLS,NONE DETECTED,No,No Apparent Injury,N/A,NOT DISTRACTED,MD,POLICE VEHICLE/NON EMERGENCY,MOVING CONSTANT SPEED,55,No,2016,FORD,EXPLORER,39.1926279,-77.25996557,2022,4,18
220013802,Property Damage Crash,04/19/2022 06:50:00 PM,NA,NA,SINGLE VEHICLE,Clear,NA,Daylight,N/A,NONE DETECTED,Yes,No Apparent Injury,N/A,NOT DISTRACTED,MD,POLICE VEHICLE/NON EMERGENCY,PARKING,15,No,2016,FORD,INTERCEPTOR,39.08038909,-77.1497158,2022,4,18
220016634,Property Damage Crash,04/19/2022 04:35:00 PM,HUNGERFORD DR,NA,HEAD ON LEFT TURN,Clear,DRY,Daylight,TRAFFIC SIGNAL,NONE DETECTED,Yes,No Apparent Injury,N/A,NOT DISTRACTED,DC,PASSENGER CAR,MOVING CONSTANT SPEED,35,No,2014,VOLK,4H,39.09415733,-77.15326792,2022,4,16
220016634,Property Damage Crash,04/19/2022 04:35:00 PM,HUNGERFORD DR,NA,HEAD ON LEFT TURN,Clear,DRY,Daylight,TRAFFIC SIGNAL,NONE DETECTED,No,No Apparent Injury,N/A,NOT DISTRACTED,MD,PASSENGER CAR,MOVING CONSTANT SPEED,35,No,2016,BUIC,4S,39.09415733,-77.15326792,2022,4,16
220016632,Injury Crash,04/19/2022 04:17:00 PM,MIDDLEBROOK RD,NA,SAME DIR REAR END,Clear,DRY,Daylight,N/A,NONE DETECTED,No,Possible Minor Injury,N/A,NOT DISTRACTED,MD,PASSENGER CAR,SLOWING OR STOPPING,40,No,2011,TOYOTA,COROLLA,39.17938167,-77.24054,2022,4,16
220016632,Injury Crash,04/19/2022 04:17:00 PM,MIDDLEBROOK RD,NA,SAME DIR REAR END,Clear,DRY,Daylight,N/A,NONE DETECTED,Yes,No Apparent Injury,N/A,LOOKED BUT DID NOT SEE,MD,VAN,MAKING LEFT TURN,40,No,2003,CHEVROLET,EXPRESS,39.17938167,-77.24054,2022,4,16
220016766,Property Damage Crash,04/19/2022 04:00:00 PM,CONNECTICUT AVE,NA,SAME DIR BOTH LEFT TURN,Clear,DRY,Daylight,NO CONTROLS,NONE DETECTED,Yes,No Apparent Injury,N/A,NOT DISTRACTED,XX,(SPORT) UTILITY VEHICLE,CHANGING LANES,30,No,2007,TOYOTA,HIGHLANDER,38.96751598,-77.07761484,2022,4,16
220016766,Property Damage Crash,04/19/2022 04:00:00 PM,CONNECTICUT AVE,NA,SAME DIR BOTH LEFT TURN,Clear,DRY,Daylight,NO CONTROLS,NONE DETECTED,No,No Apparent Injury,N/A,NOT DISTRACTED,MD,PASSENGER CAR,MOVING CONSTANT SPEED,30,No,2007,CHEVY,MALIBU,38.96751598,-77.07761484,2022,4,16
220016623,Property Damage Crash,04/19/2022 03:58:00 PM,E RANDOLPH RD,NA,SAME DIR REAR END,Clear,DRY,Daylight,TRAFFIC SIGNAL,NONE DETECTED,No,No Apparent Injury,N/A,NOT DISTRACTED,MD,(SPORT) UTILITY VEHICLE,STOPPED IN TRAFFIC LANE,35,No,2018,FORD,EXPLORER,39.06376667,-76.96540167,2022,4,15
220016623,Property Damage Crash,04/19/2022 03:58:00 PM,E RANDOLPH RD,NA,SAME DIR REAR END,Clear,DRY,Daylight,TRAFFIC SIGNAL,NONE DETECTED,Yes,No Apparent Injury,N/A,BY OTHER OCCUPANTS,MD,PASSENGER CAR,SLOWING OR STOPPING,35,No,2017,HYUNDAI,ACCENT,39.06376667,-76.96540167,2022,4,15
220016627,Property Damage Crash,04/19/2022 03:57:00 PM,COLESVILLE RD,NA,SAME DIRECTION SIDESWIPE,Clear,DRY,Daylight,NO CONTROLS,NONE DETECTED,Yes,No Apparent Injury,N/A,UNKNOWN,NA,VAN,MOVING CONSTANT SPEED,40,No,2011,FORD,VAN,39.02154516,-77.01170234,2022,4,15
220016627,Property Damage Crash,04/19/2022 03:57:00 PM,COLESVILLE RD,NA,SAME DIRECTION SIDESWIPE,Clear,DRY,Daylight,NO CONTROLS,NONE DETECTED,No,No Apparent Injury,N/A,NOT DISTRACTED,MD,PASSENGER CAR,MOVING CONSTANT SPEED,40,No,2018,HONDA,ACCORD,39.02154516,-77.01170234,2022,4,15
220016617,Property Damage Crash,04/19/2022 02:54:00 PM,MONTROSE RD,NA,SAME DIR REAR END,Cloudy,DRY,Daylight,WARNING SIGN,NONE DETECTED,No,No Apparent Injury,N/A,NOT DISTRACTED,VA,PICKUP TRUCK,STOPPED IN TRAFFIC LANE,35,No,2017,NISSAN,FRONTIER,39.05328417,-77.13199917,2022,4,14
220016617,Property Damage Crash,04/19/2022 02:54:00 PM,MONTROSE RD,NA,SAME DIR REAR END,Cloudy,DRY,Daylight,WARNING SIGN,NONE DETECTED,Yes,No Apparent Injury,N/A,UNKNOWN,MD,PASSENGER CAR,SLOWING OR STOPPING,35,No,2017,MAZD,3,39.05328417,-77.13199917,2022,4,14