Local Case Number,ACRS Report Type,Crash Date/Time,Road Name,Related Non-Motorist,Collision Type,Weather,Surface Condition,Light,Traffic Control,Driver Substance Abuse,Driver At Fault,Injury Severity,Circumstance,Driver Distracted By,Drivers License State,Vehicle Body Type,Vehicle Movement,Speed Limit,Driverless Vehicle,Vehicle Year,Vehicle Make,Vehicle Model,Latitude,Longitude,Year,Month,Hour
220016613,Property Damage Crash,04/19/2022 02:49:00 PM,LAYTONSVILLE RD,NA,HEAD ON,Cloudy,DRY,Daylight,TRAFFIC SIGNAL,NONE DETECTED,No,No Apparent Injury,N/A,NOT DISTRACTED,MD,"MEDIUM/HEAVY TRUCKS 3 AXLES (OVER 10,000LBS (4,536KG))",SLOWING OR STOPPING,30,No,2004,WESTERN,STAR 49F,39.21196149,-77.14258628,2022,4,14
220016613,Property Damage Crash,04/19/2022 02:49:00 PM,LAYTONSVILLE RD,NA,HEAD ON,Cloudy,DRY,Daylight,TRAFFIC SIGNAL,NONE DETECTED,Yes,No Apparent Injury,N/A,UNKNOWN,MD,VAN,MAKING RIGHT TURN,30,No,2017,DODG,VN,39.21196149,-77.14258628,2022,4,14
220016616,Property Damage Crash,04/19/2022 02:29:00 PM,OLD COLUMBIA PIKE,NA,HEAD ON LEFT TURN,Clear,DRY,Daylight,NO CONTROLS,NONE DETECTED,No,No Apparent Injury,"BACKUP DUE TO REGULAR CONGESTION, N/A",NOT DISTRACTED,MD,PASSENGER CAR,MAKING LEFT TURN,30,No,2011,HONDA,CIVIC,39.10849443,-76.93649414,2022,4,14
220016616,Property Damage Crash,04/19/2022 02:29:00 PM,OLD COLUMBIA PIKE,NA,HEAD ON LEFT TURN,Clear,DRY,Daylight,NO CONTROLS,NONE DETECTED,No,No Apparent Injury,"BACKUP DUE TO REGULAR CONGESTION, N/A",NOT DISTRACTED,MD,PASSENGER CAR,MAKING LEFT TURN,30,No,2010,FORD,FUSION,39.10849443,-76.93649414,2022,4,14
220016616,Property Damage Crash,04/19/2022 02:29:00 PM,OLD COLUMBIA PIKE,NA,HEAD ON LEFT TURN,Clear,DRY,Daylight,NO CONTROLS,NONE DETECTED,No,No Apparent Injury,"BACKUP DUE TO REGULAR CONGESTION, N/A",NOT DISTRACTED,MD,PASSENGER CAR,MOVING CONSTANT SPEED,30,No,1999,BMW,M3,39.10849443,-76.93649414,2022,4,14
220016616,Property Damage Crash,04/19/2022 02:29:00 PM,OLD COLUMBIA PIKE,NA,HEAD ON LEFT TURN,Clear,DRY,Daylight,NO CONTROLS,NONE DETECTED,Yes,No Apparent Injury,"BACKUP DUE TO REGULAR CONGESTION, N/A",LOOKED BUT DID NOT SEE,MD,PASSENGER CAR,MAKING LEFT TURN,30,No,2016,FORD,ESCAPE,39.10849443,-76.93649414,2022,4,14
220016607,Property Damage Crash,04/19/2022 02:21:00 PM,WOODFIELD RD,NA,SINGLE VEHICLE,Clear,DRY,Daylight,NO CONTROLS,NONE DETECTED,Yes,No Apparent Injury,N/A,LOOKED BUT DID NOT SEE,MD,"CARGO VAN/LIGHT TRUCK 2 AXLES (OVER 10,000LBS (4,536 KG))",BACKING,35,No,2021,FORD,TRANSIT,39.27211304,-77.20285051,2022,4,14
220016590,Property Damage Crash,04/19/2022 12:55:00 PM,HURLEY AVE,NA,STRAIGHT MOVEMENT ANGLE,Cloudy,DRY,Daylight,TRAFFIC SIGNAL,NONE DETECTED,No,No Apparent Injury,N/A,NOT DISTRACTED,MD,VAN,MOVING CONSTANT SPEED,25,No,2013,HOND,VN,39.0893295,-77.17792083,2022,4,12
220016590,Property Damage Crash,04/19/2022 12:55:00 PM,HURLEY AVE,NA,STRAIGHT MOVEMENT ANGLE,Cloudy,DRY,Daylight,TRAFFIC SIGNAL,NONE DETECTED,Yes,No Apparent Injury,N/A,LOOKED BUT DID NOT SEE,MD,VAN,MAKING LEFT TURN,45,No,2014,NISSAN,NV,39.0893295,-77.17792083,2022,4,12
220016587,Injury Crash,04/19/2022 12:51:00 PM,NA,PEDESTRIAN,SAME DIR REAR END,Cloudy,NA,Daylight,NO CONTROLS,NONE DETECTED,No,No Apparent Injury,N/A,NOT DISTRACTED,MD,(SPORT) UTILITY VEHICLE,STOPPED IN TRAFFIC LANE,0,No,2009,HYUN,TK,39.1921695,-77.24407583,2022,4,12
220016587,Injury Crash,04/19/2022 12:51:00 PM,NA,PEDESTRIAN,SAME DIR REAR END,Cloudy,NA,Daylight,NO CONTROLS,NONE DETECTED,Yes,No Apparent Injury,N/A,UNKNOWN,MD,PASSENGER CAR,BACKING,0,No,2016,TOYT,4H,39.1921695,-77.24407583,2022,4,12
220016581,Property Damage Crash,04/19/2022 12:05:00 PM,NEW HAMPSHIRE AVE,NA,SAME DIR REAR END,Clear,DRY,Daylight,TRAFFIC SIGNAL,NONE DETECTED,Yes,No Apparent Injury,N/A,UNKNOWN,MD,PASSENGER CAR,SLOWING OR STOPPING,40,No,2012,FORD,UT,39.03689333,-76.98888,2022,4,12
220016581,Property Damage Crash,04/19/2022 12:05:00 PM,NEW HAMPSHIRE AVE,NA,SAME DIR REAR END,Clear,DRY,Daylight,TRAFFIC SIGNAL,NONE DETECTED,No,No Apparent Injury,N/A,NOT DISTRACTED,MD,SCHOOL BUS,STOPPED IN TRAFFIC LANE,40,No,2018,THOMAS,CONV,39.03689333,-76.98888,2022,4,12
220016556,Property Damage Crash,04/19/2022 10:47:00 AM,FERNWOOD RD,NA,SAME DIR REAR END,Clear,DRY,Daylight,PERSON,NONE DETECTED,Yes,No Apparent Injury,N/A,LOOKED BUT DID NOT SEE,MD,PASSENGER CAR,MOVING CONSTANT SPEED,30,No,2005,BUICK,LE SABRE,39.007735,-77.13328717,2022,4,10
220016556,Property Damage Crash,04/19/2022 10:47:00 AM,FERNWOOD RD,NA,SAME DIR REAR END,Clear,DRY,Daylight,PERSON,NONE DETECTED,No,No Apparent Injury,N/A,NOT DISTRACTED,MD,(SPORT) UTILITY VEHICLE,STOPPED IN TRAFFIC LANE,30,No,2018,MERCEDES,GLS 450,39.007735,-77.13328717,2022,4,10
220016551,Property Damage Crash,04/19/2022 10:15:00 AM,GERMANTOWN RD,NA,SINGLE VEHICLE,Clear,N/A,Daylight,NO CONTROLS,NONE DETECTED,Yes,No Apparent Injury,N/A,NOT DISTRACTED,MD,SCHOOL BUS,MOVING CONSTANT SPEED,40,No,2022,THMS,SB,39.15833124,-77.28495693,2022,4,10
220016552,Property Damage Crash,04/19/2022 09:52:00 AM,CONNECTICUT AVE,NA,SAME DIRECTION SIDESWIPE,Cloudy,DRY,Daylight,NO CONTROLS,NONE DETECTED,Yes,No Apparent Injury,N/A,LOOKED BUT DID NOT SEE,MD,PASSENGER CAR,CHANGING LANES,25,No,2018,NISSAN,MAXIMA,39.03409,-77.07424667,2022,4,9
220016552,Property Damage Crash,04/19/2022 09:52:00 AM,CONNECTICUT AVE,NA,SAME DIRECTION SIDESWIPE,Cloudy,DRY,Daylight,NO CONTROLS,NONE DETECTED,No,No Apparent Injury,N/A,NOT DISTRACTED,MD,PICKUP TRUCK,MAKING LEFT TURN,25,No,2012,CHEVY,SILVERADO,39.03409,-77.07424667,2022,4,9
220016543,Property Damage Crash,04/19/2022 09:30:00 AM,RIDGE RD,NA,STRAIGHT MOVEMENT ANGLE,Cloudy,DRY,Daylight,NO CONTROLS,NONE DETECTED,No,No Apparent Injury,N/A,NOT DISTRACTED,MD,VAN,MOVING CONSTANT SPEED,45,No,2015,HOND,VN,39.24082667,-77.23513167,2022,4,9
220016544,Property Damage Crash,04/19/2022 09:30:00 AM,FISHER AVE,NA,SAME DIR REAR END,Clear,DRY,Daylight,NO CONTROLS,NONE DETECTED,No,No Apparent Injury,N/A,NOT DISTRACTED,MD,VAN,STOPPED IN TRAFFIC LANE,30,No,2021,TOYOTA,SIENNA,39.13485343,-77.40313301,2022,4,9
220016543,Property Damage Crash,04/19/2022 09:30:00 AM,RIDGE RD,NA,STRAIGHT MOVEMENT ANGLE,Cloudy,DRY,Daylight,NO CONTROLS,NONE DETECTED,Yes,No Apparent Injury,N/A,UNKNOWN,MD,PASSENGER CAR,MAKING LEFT TURN,45,No,2015,HOND,4S,39.24082667,-77.23513167,2022,4,9
220016544,Property Damage Crash,04/19/2022 09:30:00 AM,FISHER AVE,NA,SAME DIR REAR END,Clear,DRY,Daylight,NO CONTROLS,NONE DETECTED,Yes,No Apparent Injury,N/A,OTHER DISTRACTION,MD,POLICE VEHICLE/NON EMERGENCY,SLOWING OR STOPPING,30,No,2014,DODGE,CHARGER,39.13485343,-77.40313301,2022,4,9
220016541,Injury Crash,04/19/2022 09:16:00 AM,INDUSTRIAL PKWY,NA,SAME DIR REAR END,Clear,N/A,Daylight,NO CONTROLS,NONE DETECTED,No,No Apparent Injury,N/A,NOT DISTRACTED,DC,VAN,SLOWING OR STOPPING,30,No,2020,CHRYSLER,TOWN AND COUNTRY,39.055285,-76.97092667,2022,4,9
220016541,Injury Crash,04/19/2022 09:16:00 AM,INDUSTRIAL PKWY,NA,SAME DIR REAR END,Clear,N/A,Daylight,NO CONTROLS,NONE DETECTED,Yes,No Apparent Injury,N/A,LOOKED BUT DID NOT SEE,MD,PASSENGER CAR,MOVING CONSTANT SPEED,30,No,2015,HONDA,PILOT,39.055285,-76.97092667,2022,4,9
220016535,Property Damage Crash,04/19/2022 08:45:00 AM,LAYHILL RD,NA,SAME DIR REAR END,Clear,DRY,Daylight,NO CONTROLS,NONE DETECTED,Yes,No Apparent Injury,N/A,LOOKED BUT DID NOT SEE,MD,SCHOOL BUS,SLOWING OR STOPPING,35,No,2012,THOMAS,CONV MSDE C8,39.06234667,-77.05079,2022,4,8
220016535,Property Damage Crash,04/19/2022 08:45:00 AM,LAYHILL RD,NA,SAME DIR REAR END,Clear,DRY,Daylight,NO CONTROLS,NONE DETECTED,No,No Apparent Injury,N/A,NOT DISTRACTED,MD,PASSENGER CAR,STOPPED IN TRAFFIC LANE,35,No,2012,KIA,SORENTO,39.06234667,-77.05079,2022,4,8
220016535,Property Damage Crash,04/19/2022 08:45:00 AM,LAYHILL RD,NA,SAME DIR REAR END,Clear,DRY,Daylight,NO CONTROLS,NONE DETECTED,No,No Apparent Injury,N/A,NOT DISTRACTED,MD,PASSENGER CAR,STOPPED IN TRAFFIC LANE,35,No,2016,KIA,SORENTO,39.06234667,-77.05079,2022,4,8
220016532,Property Damage Crash,04/19/2022 08:20:00 AM,MUNCASTER MILL RD,NA,HEAD ON LEFT TURN,Clear,DRY,Daylight,TRAFFIC SIGNAL,NONE DETECTED,No,No Apparent Injury,N/A,NOT DISTRACTED,MD,PASSENGER CAR,MOVING CONSTANT SPEED,30,No,1999,NISS,SEDAN,39.15888734,-77.160229,2022,4,8
220016532,Property Damage Crash,04/19/2022 08:20:00 AM,MUNCASTER MILL RD,NA,HEAD ON LEFT TURN,Clear,DRY,Daylight,TRAFFIC SIGNAL,NONE DETECTED,Yes,No Apparent Injury,N/A,LOOKED BUT DID NOT SEE,MD,PASSENGER CAR,MAKING LEFT TURN,30,No,2011,TOYT,MINIVAN,39.15888734,-77.160229,2022,4,8
220016529,Injury Crash,04/19/2022 07:40:00 AM,UNIVERSITY BLVD W,PEDESTRIAN,OTHER,Clear,DRY,Daylight,NO CONTROLS,NONE DETECTED,No,No Apparent Injury,N/A,NOT DISTRACTED,MD,PASSENGER CAR,MOVING CONSTANT SPEED,35,No,2006,TOYOTA,CAMRY,39.04067067,-77.05456733,2022,4,7
220016525,Property Damage Crash,04/19/2022 06:41:00 AM,CASTLE BLVD,NA,SAME DIRECTION RIGHT TURN,Clear,DRY,Daylight,NO CONTROLS,NONE DETECTED,Yes,No Apparent Injury,N/A,LOOKED BUT DID NOT SEE,MD,TRANSIT BUS,MAKING RIGHT TURN,25,No,2020,NOVA,BU,39.08577213,-76.94031155,2022,4,6
220016559,Injury Crash,04/19/2022 05:55:00 AM,NA,PEDESTRIAN,OTHER,Clear,NA,Medium,NO CONTROLS,NONE DETECTED,Yes,No Apparent Injury,"N/A, WET",LOOKED BUT DID NOT SEE,NA,VAN,NEGOTIATING A CURVE,15,No,2005,CHEVY,VN,39.04074984,-76.99475444,2022,4,5
220016236,Property Damage Crash,04/19/2022 01:02:00 AM,WISCONSIN AVE,NA,SINGLE VEHICLE,Rain,WET,Dark,NO CONTROLS,NONE DETECTED,Yes,No Apparent Injury,N/A,UNKNOWN,NA,PASSENGER CAR,UNKNOWN,35,No,2016,NISSAN,ALTIMA,38.97590963,-77.09023159,2022,4,1
220016511,Property Damage Crash,04/18/2022 10:40:00 PM,WYNNFIELD DR,NA,SINGLE VEHICLE,Rain,WET,Medium,NO CONTROLS,NONE DETECTED,Yes,No Apparent Injury,"N/A, WET",UNKNOWN,MD,PASSENGER CAR,MOVING CONSTANT SPEED,35,No,2022,TOYOTA,PRIUS,39.193505,-77.27793833,2022,4,22
220016495,Property Damage Crash,04/18/2022 08:30:00 PM,EISENHOWER MEMORIAL HWY,NA,SINGLE VEHICLE,Rain,WET,Dark,NO CONTROLS,NONE DETECTED,Yes,No Apparent Injury,"RAIN, SNOW, WET",NOT DISTRACTED,MD,PASSENGER CAR,MOVING CONSTANT SPEED,55,No,2001,HONDA,SD,39.09261383,-77.175903,2022,4,20
220016492,Property Damage Crash,04/18/2022 07:57:00 PM,ROCKVILLE PIKE,NA,SAME DIR REAR END,Rain,WET,Medium,TRAFFIC SIGNAL,NONE DETECTED,No,No Apparent Injury,"RAIN, SNOW, WET",NOT DISTRACTED,MD,PASSENGER CAR,MOVING CONSTANT SPEED,25,No,2015,TOYOTA,SIENNA,39.05751867,-77.12034287,2022,4,19
220016490,Property Damage Crash,04/18/2022 07:57:00 PM,ROCKVILLE PIKE,NA,STRAIGHT MOVEMENT ANGLE,Rain,WET,Medium,TRAFFIC SIGNAL,NONE DETECTED,Yes,No Apparent Injury,"RAIN, SNOW, WET",INATTENTIVE OR LOST IN THOUGHT,XX,PASSENGER CAR,MOVING CONSTANT SPEED,40,No,2015,JEEP,PATRIOT,39.0572704,-77.12033834,2022,4,19
220016492,Property Damage Crash,04/18/2022 07:57:00 PM,ROCKVILLE PIKE,NA,SAME DIR REAR END,Rain,WET,Medium,TRAFFIC SIGNAL,NONE DETECTED,Yes,No Apparent Injury,"RAIN, SNOW, WET",OTHER DISTRACTION,MD,PASSENGER CAR,MOVING CONSTANT SPEED,25,No,2016,HYUNDAI,SONATA,39.05751867,-77.12034287,2022,4,19
220016490,Property Damage Crash,04/18/2022 07:57:00 PM,ROCKVILLE PIKE,NA,STRAIGHT MOVEMENT ANGLE,Rain,WET,Medium,TRAFFIC SIGNAL,NONE DETECTED,No,No Apparent Injury,"RAIN, SNOW, WET",NOT DISTRACTED,MD,PASSENGER CAR,MOVING CONSTANT SPEED,30,No,2015,TOYOTA,SIENNA,39.0572704,-77.12033834,2022,4,19
220016309,Property Damage Crash,04/18/2022 06:50:00 PM,CHESLEY KNOLL CT,NA,SINGLE VEHICLE,Clear,DRY,Daylight,NO CONTROLS,NONE DETECTED,Yes,No Apparent Injury,N/A,UNKNOWN,MD,POLICE VEHICLE/NON EMERGENCY,BACKING,25,No,2015,FORD,INTERCEPTOR,39.18059403,-77.18522913,2022,4,18
220016477,Property Damage Crash,04/18/2022 06:15:00 PM,CLARKSBURG RD,NA,SINGLE VEHICLE,Rain,WET,Daylight,NO CONTROLS,NONE DETECTED,Yes,No Apparent Injury,"RAIN, SNOW, WET",UNKNOWN,MD,PASSENGER CAR,MOVING CONSTANT SPEED,35,No,2012,MITSUBISHI,LANCER,39.25784167,-77.27697667,2022,4,18
220016484,Property Damage Crash,04/18/2022 05:17:00 PM,OLNEY LAYTONSVILLE RD,NA,SINGLE VEHICLE,Rain,WET,Daylight,N/A,NONE DETECTED,No,No Apparent Injury,"ANIMAL, N/A",NOT DISTRACTED,MD,PASSENGER CAR,MOVING CONSTANT SPEED,40,No,2016,CHEVROLET,CRUZE,39.17275308,-77.09678317,2022,4,17
220016469,Property Damage Crash,04/18/2022 05:15:00 PM,COLUMBIA PIKE,NA,SAME DIRECTION SIDESWIPE,Rain,WET,Daylight,NO CONTROLS,NONE DETECTED,Yes,No Apparent Injury,"N/A, WET",UNKNOWN,NA,PASSENGER CAR,MOVING CONSTANT SPEED,45,No,2014,ACURA,4D,39.02147629,-77.01204164,2022,4,17
220016469,Property Damage Crash,04/18/2022 05:15:00 PM,COLUMBIA PIKE,NA,SAME DIRECTION SIDESWIPE,Rain,WET,Daylight,NO CONTROLS,NONE DETECTED,No,No Apparent Injury,"N/A, WET",NOT DISTRACTED,MD,PASSENGER CAR,MOVING CONSTANT SPEED,45,No,2013,FORD,FUSION,39.02147629,-77.01204164,2022,4,17
220016462,Property Damage Crash,04/18/2022 05:01:00 PM,RIDGE RD,NA,SINGLE VEHICLE,Rain,WET,Daylight,OTHER,NONE DETECTED,Yes,No Apparent Injury,"RAIN, SNOW, WET",LOOKED BUT DID NOT SEE,XX,PASSENGER CAR,MOVING CONSTANT SPEED,40,No,2013,HONDA,CIVIC,39.32980833,-77.19104067,2022,4,17
220016461,Property Damage Crash,04/18/2022 04:55:00 PM,EISENHOWER MEMORIAL HWY,NA,SAME DIR REAR END,Rain,WET,Daylight,NO CONTROLS,NONE DETECTED,Yes,No Apparent Injury,"RAIN, SNOW, WET",LOOKED BUT DID NOT SEE,MD,PASSENGER CAR,CHANGING LANES,55,No,2018,LEXS,4H,39.1144765,-77.1921,2022,4,16
220016461,Property Damage Crash,04/18/2022 04:55:00 PM,EISENHOWER MEMORIAL HWY,NA,SAME DIR REAR END,Rain,WET,Daylight,NO CONTROLS,NONE DETECTED,Yes,No Apparent Injury,"RAIN, SNOW, WET",NOT DISTRACTED,VA,"CARGO VAN/LIGHT TRUCK 2 AXLES (OVER 10,000LBS (4,536 KG))",MOVING CONSTANT SPEED,55,No,2015,DODGE,RAM PROMASTER CI,39.1144765,-77.1921,2022,4,16
220061460,Property Damage Crash,04/18/2022 04:47:00 PM,OLD GEORGETOWN RD,NA,SAME DIR REAR END,Rain,WET,Daylight,TRAFFIC SIGNAL,NONE DETECTED,No,No Apparent Injury,N/A,NOT DISTRACTED,MD,PASSENGER CAR,STOPPED IN TRAFFIC LANE,35,No,2016,VOLKSWAGON,GTI,39.00276302,-77.11006567,2022,4,16
220061460,Property Damage Crash,04/18/2022 04:47:00 PM,OLD GEORGETOWN RD,NA,SAME DIR REAR END,Rain,WET,Daylight,TRAFFIC SIGNAL,NONE DETECTED,Yes,No Apparent Injury,N/A,UNKNOWN,NA,PASSENGER CAR,UNKNOWN,35,No,2012,MAZDA,5,39.00276302,-77.11006567,2022,4,16
220016457,Property Damage Crash,04/18/2022 04:45:00 PM,CRIPPLEGATE RD,NA,OTHER,Rain,WET,Daylight,NO CONTROLS,NONE DETECTED,Yes,No Apparent Injury,N/A,LOOKED BUT DID NOT SEE,MD,"CARGO VAN/LIGHT TRUCK 2 AXLES (OVER 10,000LBS (4,536 KG))",BACKING,15,No,1991,GM,LLV,39.00806616,-77.238489,2022,4,16
220016457,Property Damage Crash,04/18/2022 04:45:00 PM,CRIPPLEGATE RD,NA,OTHER,Rain,WET,Daylight,NO CONTROLS,NONE DETECTED,No,No Apparent Injury,N/A,NOT DISTRACTED,MD,(SPORT) UTILITY VEHICLE,STOPPED IN TRAFFIC LANE,15,No,2021,LNDR,RANGE ROVER,39.00806616,-77.238489,2022,4,16
220016463,Property Damage Crash,04/18/2022 04:41:00 PM,FREDERICK RD,NA,SAME DIR REAR END,Rain,WET,Daylight,TRAFFIC SIGNAL,NONE DETECTED,Yes,No Apparent Injury,"N/A, RAIN, SNOW",UNKNOWN,NA,PASSENGER CAR,SLOWING OR STOPPING,40,No,2007,NISSAN,ALTIMA,39.18102537,-77.2382688,2022,4,16
220016463,Property Damage Crash,04/18/2022 04:41:00 PM,FREDERICK RD,NA,SAME DIR REAR END,Rain,WET,Daylight,TRAFFIC SIGNAL,NONE DETECTED,No,No Apparent Injury,"N/A, RAIN, SNOW",NOT DISTRACTED,MD,PASSENGER CAR,SLOWING OR STOPPING,40,No,2022,TESLA,MODEL 3,39.18102537,-77.2382688,2022,4,16
220016451,Property Damage Crash,04/18/2022 04:27:00 PM,LITTLE SENECA PKWY,NA,SINGLE VEHICLE,Rain,WET,Daylight,TRAFFIC SIGNAL,NONE DETECTED,Yes,No Apparent Injury,"RAIN, SNOW, WET",UNKNOWN,MD,PASSENGER CAR,MAKING LEFT TURN,35,No,2022,NISSAN,SENTRA,39.223175,-77.26040833,2022,4,16
220016450,Property Damage Crash,04/18/2022 04:00:00 PM,VEIRS MILL RD,NA,STRAIGHT MOVEMENT ANGLE,Rain,WET,Daylight,TRAFFIC SIGNAL,NONE DETECTED,Unknown,No Apparent Injury,N/A,LOOKED BUT DID NOT SEE,MD,PASSENGER CAR,MAKING RIGHT TURN,25,No,2009,ACURA,4S,39.11727833,-77.18310667,2022,4,16
20016483,Property Damage Crash,04/18/2022 04:00:00 PM,SEMINARY RD,PEDESTRIAN,OTHER,Rain,WET,Daylight,UNKNOWN,NONE DETECTED,Yes,No Apparent Injury,"RAIN, SNOW, WET",UNKNOWN,NA,NA,MAKING RIGHT TURN,15,No,0,UNKNOWN,UNKNOWN,39.00951005,-77.04136017,2022,4,16
220016450,Property Damage Crash,04/18/2022 04:00:00 PM,VEIRS MILL RD,NA,STRAIGHT MOVEMENT ANGLE,Rain,WET,Daylight,TRAFFIC SIGNAL,NONE DETECTED,Unknown,No Apparent Injury,N/A,LOOKED BUT DID NOT SEE,MD,PASSENGER CAR,MOVING CONSTANT SPEED,40,No,2011,HYUN,4S,39.11727833,-77.18310667,2022,4,16
220016444,Injury Crash,04/18/2022 03:45:00 PM,CENTERWAY RD,NA,HEAD ON LEFT TURN,Rain,WET,Daylight,TRAFFIC SIGNAL,NONE DETECTED,No,Possible Minor Injury,"RAIN, SNOW, WET",NOT DISTRACTED,MD,PASSENGER CAR,MOVING CONSTANT SPEED,35,No,2015,NISS,SENTRA,39.16955,-77.19072667,2022,4,15
220016444,Injury Crash,04/18/2022 03:45:00 PM,CENTERWAY RD,NA,HEAD ON LEFT TURN,Rain,WET,Daylight,TRAFFIC SIGNAL,NONE DETECTED,Yes,No Apparent Injury,"RAIN, SNOW, WET",UNKNOWN,MD,PASSENGER CAR,MAKING LEFT TURN,35,No,2014,MERCEDES,4D,39.16955,-77.19072667,2022,4,15
220016436,Property Damage Crash,04/18/2022 03:40:00 PM,ROCKVILLE PIKE,NA,OTHER,Rain,WET,Daylight,TRAFFIC SIGNAL,NONE DETECTED,Unknown,No Apparent Injury,"RAIN, SNOW, SLEET, HAIL, FREEZ. RAIN, WET",UNKNOWN,MD,PASSENGER CAR,MAKING LEFT TURN,35,No,2020,NISSAN,KICKS,39.01513,-77.09966333,2022,4,15
220016436,Property Damage Crash,04/18/2022 03:40:00 PM,ROCKVILLE PIKE,NA,OTHER,Rain,WET,Daylight,TRAFFIC SIGNAL,NONE DETECTED,Unknown,No Apparent Injury,"RAIN, SNOW, SLEET, HAIL, FREEZ. RAIN, WET",UNKNOWN,SC,(SPORT) UTILITY VEHICLE,MOVING CONSTANT SPEED,35,No,2018,LINCOLN,NAVIGATOR,39.01513,-77.09966333,2022,4,15
220016435,Property Damage Crash,04/18/2022 03:22:00 PM,NA,NA,STRAIGHT MOVEMENT ANGLE,Rain,NA,Daylight,NO CONTROLS,NONE DETECTED,Yes,No Apparent Injury,"N/A, WET",LOOKED BUT DID NOT SEE,MD,PASSENGER CAR,STARTING FROM PARKED,15,No,2013,BMW,SD,39.07782806,-76.93414463,2022,4,15
220016435,Property Damage Crash,04/18/2022 03:22:00 PM,NA,NA,STRAIGHT MOVEMENT ANGLE,Rain,NA,Daylight,NO CONTROLS,NONE DETECTED,No,No Apparent Injury,"N/A, WET",NOT DISTRACTED,MD,PASSENGER CAR,MOVING CONSTANT SPEED,10,No,2018,TOYT,HB,39.07782806,-76.93414463,2022,4,15
220016429,Property Damage Crash,04/18/2022 01:45:00 PM,TECH RD,NA,SAME DIRECTION LEFT TURN,Rain,WET,Daylight,TRAFFIC SIGNAL,NONE DETECTED,Yes,No Apparent Injury,"RAIN, SNOW, WET",LOOKED BUT DID NOT SEE,MD,PASSENGER CAR,STARTING FROM LANE,30,No,2012,HYUNDAI,ACCENT,39.0578925,-76.96837438,2022,4,13
220016429,Property Damage Crash,04/18/2022 01:45:00 PM,TECH RD,NA,SAME DIRECTION LEFT TURN,Rain,WET,Daylight,TRAFFIC SIGNAL,NONE DETECTED,No,No Apparent Injury,"RAIN, SNOW, WET",UNKNOWN,MD,PASSENGER CAR,STARTING FROM LANE,30,No,2009,HONDA,FIT,39.0578925,-76.96837438,2022,4,13
22001642,Injury Crash,04/18/2022 01:23:00 PM,NA,NA,SINGLE VEHICLE,Rain,NA,Daylight,N/A,NONE DETECTED,Yes,Possible Minor Injury,"RAIN, SNOW, WET",NOT DISTRACTED,MD,PASSENGER CAR,PARKING,0,No,2007,HONDA,CIVIC,39.090335,-77.26130333,2022,4,13
220016426,Property Damage Crash,04/18/2022 01:11:00 PM,MACDUFF AVE,NA,N/A,Rain,WET,Daylight,N/A,NONE DETECTED,Yes,No Apparent Injury,"RAIN, SNOW, WET",UNKNOWN,NA,PASSENGER CAR,UNKNOWN,25,No,2020,NISSAN,PATHFINDER,39.14362623,-77.08602329,2022,4,13
220016412,Property Damage Crash,04/18/2022 12:34:00 PM,WELLER RD,NA,HEAD ON,Rain,WET,Daylight,NO CONTROLS,NONE DETECTED,Yes,No Apparent Injury,"N/A, WET",OTHER DISTRACTION,MD,PASSENGER CAR,MOVING CONSTANT SPEED,25,No,2012,LEXS,UT,39.064,-77.07005833,2022,4,12
220016405,Property Damage Crash,04/18/2022 12:20:00 PM,NA,NA,SINGLE VEHICLE,Rain,NA,Daylight,NO CONTROLS,NONE DETECTED,Yes,No Apparent Injury,"N/A, WET",OTHER DISTRACTION,MD,PASSENGER CAR,PARKING,0,No,2008,TOYT,SUV,39.170758,-77.20850383,2022,4,12
220016399,Property Damage Crash,04/18/2022 11:46:00 AM,ASPEN HILL RD,NA,SAME DIRECTION LEFT TURN,Rain,WET,Daylight,NO CONTROLS,NONE DETECTED,No,No Apparent Injury,N/A,NOT DISTRACTED,MD,PASSENGER CAR,MOVING CONSTANT SPEED,35,No,1999,TOYOTA,4RUNNER,39.07927333,-77.08616667,2022,4,11
220016399,Property Damage Crash,04/18/2022 11:46:00 AM,ASPEN HILL RD,NA,SAME DIRECTION LEFT TURN,Rain,WET,Daylight,NO CONTROLS,NONE DETECTED,Yes,No Apparent Injury,N/A,LOOKED BUT DID NOT SEE,MD,PASSENGER CAR,STARTING FROM PARKED,35,No,2014,HONDA,ACCORD,39.07927333,-77.08616667,2022,4,11
220016379,Property Damage Crash,04/18/2022 10:15:00 AM,NA,NA,SINGLE VEHICLE,Clear,NA,Daylight,NO CONTROLS,NONE DETECTED,Yes,No Apparent Injury,N/A,UNKNOWN,MD,VAN,MOVING CONSTANT SPEED,15,No,2018,FORD,VAN,39.11858667,-77.20167667,2022,4,10
220016372,Property Damage Crash,04/18/2022 08:43:00 AM,UNIVERSITY BLVD E,NA,SAME DIR REAR END,Cloudy,DRY,Daylight,TRAFFIC SIGNAL,NONE DETECTED,Yes,No Apparent Injury,N/A,UNKNOWN,NA,PASSENGER CAR,MOVING CONSTANT SPEED,30,No,2019,HYUNDAI,ELANTRA,39.01215753,-77.00266355,2022,4,8
220016372,Property Damage Crash,04/18/2022 08:43:00 AM,UNIVERSITY BLVD E,NA,SAME DIR REAR END,Cloudy,DRY,Daylight,TRAFFIC SIGNAL,NONE DETECTED,No,No Apparent Injury,N/A,NOT DISTRACTED,MD,VAN,STOPPED IN TRAFFIC LANE,30,No,2007,HONDA,ODYSSEY,39.01215753,-77.00266355,2022,4,8
220016366,Property Damage Crash,04/18/2022 08:20:00 AM,SHADY GROVE RD,NA,HEAD ON,Cloudy,DRY,Daylight,TRAFFIC SIGNAL,NONE DETECTED,No,No Apparent Injury,N/A,NOT DISTRACTED,MD,PASSENGER CAR,STOPPED IN TRAFFIC LANE,40,No,2014,HOND,4S,39.12302667,-77.17721833,2022,4,8
220016366,Property Damage Crash,04/18/2022 08:20:00 AM,SHADY GROVE RD,NA,HEAD ON,Cloudy,DRY,Daylight,TRAFFIC SIGNAL,NONE DETECTED,No,No Apparent Injury,N/A,NOT DISTRACTED,MD,PASSENGER CAR,STOPPED IN TRAFFIC LANE,40,No,2018,HOND,SD,39.12302667,-77.17721833,2022,4,8
220016369,Property Damage Crash,04/18/2022 08:00:00 AM,GEORGIA AVE,NA,SINGLE VEHICLE,Clear,N/A,Daylight,NO CONTROLS,NONE DETECTED,Unknown,No Apparent Injury,N/A,NOT DISTRACTED,WV,OTHER,MAKING RIGHT TURN,20,No,2016,FONTAINE,SE,39.22802833,-77.05794833,2022,4,8
220016362,Property Damage Crash,04/18/2022 07:09:00 AM,NEW HAMPSHIRE AVE,NA,SAME DIRECTION RIGHT TURN,Clear,DRY,Daylight,NO CONTROLS,NONE DETECTED,Yes,No Apparent Injury,N/A,UNKNOWN,MD,PASSENGER CAR,ACCELERATING,25,No,2019,HONDA,HB,38.9756005,-76.995447,2022,4,7
220016362,Property Damage Crash,04/18/2022 07:09:00 AM,NEW HAMPSHIRE AVE,NA,SAME DIRECTION RIGHT TURN,Clear,DRY,Daylight,NO CONTROLS,NONE DETECTED,No,No Apparent Injury,N/A,NOT DISTRACTED,MD,SCHOOL BUS,MOVING CONSTANT SPEED,25,No,1997,INTE,UNKNOWN,38.9756005,-76.995447,2022,4,7
220016355,Property Damage Crash,04/18/2022 03:00:00 AM,EPSILON DR,NA,SAME DIR REAR END,Clear,DRY,Medium,N/A,ALCOHOL PRESENT,Yes,No Apparent Injury,N/A,UNKNOWN,MD,(SPORT) UTILITY VEHICLE,MOVING CONSTANT SPEED,25,No,2020,CHEVY,TRAVERSE,39.139365,-77.15691167,2022,4,3