Local Case Number,ACRS Report Type,Crash Date/Time,Road Name,Related Non-Motorist,Collision Type,Weather,Surface Condition,Light,Traffic Control,Driver Substance Abuse,Driver At Fault,Injury Severity,Circumstance,Driver Distracted By,Drivers License State,Vehicle Body Type,Vehicle Movement,Speed Limit,Driverless Vehicle,Vehicle Year,Vehicle Make,Vehicle Model,Latitude,Longitude,Year,Month,Hour
220016339,Property Damage Crash,04/17/2022 10:52:00 PM,UNIVERSITY BLVD W,NA,OTHER,Clear,DRY,Medium,NO CONTROLS,ALCOHOL PRESENT,Yes,No Apparent Injury,N/A,NOT DISTRACTED,MD,PASSENGER CAR,MOVING CONSTANT SPEED,35,No,2008,NISSAN,ROGUE,39.04020752,-77.05524123,2022,4,22
220016322,Property Damage Crash,04/17/2022 08:15:00 PM,TWINBROOK PKWY,NA,SINGLE VEHICLE,Clear,DRY,Medium,TRAFFIC SIGNAL,NONE DETECTED,Yes,No Apparent Injury,N/A,NOT DISTRACTED,MD,PASSENGER CAR,MOVING CONSTANT SPEED,30,No,2005,HONDA,4DR,39.05885776,-77.12083203,2022,4,20
220016310,Injury Crash,04/17/2022 06:44:00 PM,CORDELL AVE,NA,OTHER,Clear,DRY,Daylight,NO CONTROLS,NONE DETECTED,No,Possible Minor Injury,N/A,NOT DISTRACTED,MD,PASSENGER CAR,PARKED,25,No,2022,TOYOTA,COROLLA,38.9896605,-77.09788117,2022,4,18
220016310,Injury Crash,04/17/2022 06:44:00 PM,CORDELL AVE,NA,OTHER,Clear,DRY,Daylight,NO CONTROLS,NONE DETECTED,Yes,No Apparent Injury,N/A,UNKNOWN,NJ,PASSENGER CAR,BACKING,25,No,2021,TOYOTA,COROLLA,38.9896605,-77.09788117,2022,4,18
220016304,Property Damage Crash,04/17/2022 05:35:00 PM,PARK RD,NA,OTHER,Clear,DRY,Daylight,TRAFFIC SIGNAL,NONE DETECTED,No,No Apparent Injury,N/A,NOT DISTRACTED,MD,TRANSIT BUS,MOVING CONSTANT SPEED,25,No,2018,GILG,BUS 4116C,39.08593265,-77.14545124,2022,4,17
220016304,Property Damage Crash,04/17/2022 05:35:00 PM,PARK RD,NA,OTHER,Clear,DRY,Daylight,TRAFFIC SIGNAL,NONE DETECTED,Yes,No Apparent Injury,N/A,UNKNOWN,NA,UNKNOWN,MOVING CONSTANT SPEED,25,No,0,UNKNOWN,UNKNOWN,39.08593265,-77.14545124,2022,4,17
220016283,Property Damage Crash,04/17/2022 02:26:00 PM,CARROLL AVE,NA,SINGLE VEHICLE,Clear,DRY,Daylight,N/A,NONE DETECTED,Yes,No Apparent Injury,N/A,UNKNOWN,NA,NA,BACKING,25,No,0,UNKNOWN,UNKNOWN,38.974677990000004,-77.01283238,2022,4,14
220016267,Property Damage Crash,04/17/2022 11:01:00 AM,OLD GEORGETOWN RD,NA,SAME DIR REAR END,Clear,DRY,Daylight,TRAFFIC SIGNAL,NONE DETECTED,Yes,No Apparent Injury,N/A,UNKNOWN,MD,PASSENGER CAR,SLOWING OR STOPPING,35,No,2019,HYUNDAI,ELANTRA,39.01307659,-77.11740306,2022,4,11
220016267,Property Damage Crash,04/17/2022 11:01:00 AM,OLD GEORGETOWN RD,NA,SAME DIR REAR END,Clear,DRY,Daylight,TRAFFIC SIGNAL,NONE DETECTED,No,No Apparent Injury,N/A,NOT DISTRACTED,MD,PASSENGER CAR,STOPPED IN TRAFFIC LANE,35,No,2021,HONDA,CIVIC,39.01307659,-77.11740306,2022,4,11
220016264,Injury Crash,04/17/2022 10:45:00 AM,NEW HAMPSHIRE AVE,NA,SAME DIR REAR END,Clear,DRY,Daylight,NO CONTROLS,NONE DETECTED,Yes,No Apparent Injury,N/A,NOT DISTRACTED,PA,PASSENGER CAR,SLOWING OR STOPPING,35,No,2017,VOLKSWAGEN,JETTA,39.0133735,-76.97821183,2022,4,10
220016264,Injury Crash,04/17/2022 10:45:00 AM,NEW HAMPSHIRE AVE,NA,SAME DIR REAR END,Clear,DRY,Daylight,NO CONTROLS,NONE DETECTED,No,No Apparent Injury,N/A,NOT DISTRACTED,MD,PASSENGER CAR,SLOWING OR STOPPING,35,No,2020,TOYOTA,CAMRY,39.0133735,-76.97821183,2022,4,10
220016256,Property Damage Crash,04/17/2022 08:46:00 AM,WATSON RD,NA,SAME DIR REAR END,Clear,DRY,Daylight,NO CONTROLS,NONE DETECTED,Yes,No Apparent Injury,N/A,NOT DISTRACTED,MD,PICKUP TRUCK,NEGOTIATING A CURVE,25,No,2021,TOYOTA,TACOMA,39.00667593,-77.02467029,2022,4,8
220016252,Injury Crash,04/17/2022 08:17:00 AM,FREDERICK RD,NA,STRAIGHT MOVEMENT ANGLE,Clear,DRY,Daylight,TRAFFIC SIGNAL,NONE DETECTED,Yes,No Apparent Injury,N/A,OTHER DISTRACTION,MD,PASSENGER CAR,MOVING CONSTANT SPEED,40,No,2012,FORD,F150,39.11553752,-77.16610131,2022,4,8
220016252,Injury Crash,04/17/2022 08:17:00 AM,FREDERICK RD,NA,STRAIGHT MOVEMENT ANGLE,Clear,DRY,Daylight,TRAFFIC SIGNAL,NONE DETECTED,No,Possible Minor Injury,N/A,NOT DISTRACTED,MD,PASSENGER CAR,STARTING FROM LANE,30,No,2016,AUDI,A3,39.11553752,-77.16610131,2022,4,8
220016252,Injury Crash,04/17/2022 08:17:00 AM,FREDERICK RD,NA,STRAIGHT MOVEMENT ANGLE,Clear,DRY,Daylight,TRAFFIC SIGNAL,NONE DETECTED,No,No Apparent Injury,N/A,NOT DISTRACTED,MD,PASSENGER CAR,STARTING FROM LANE,30,No,2021,SUBARU,CROSSTREK,39.11553752,-77.16610131,2022,4,8
220016240,Property Damage Crash,04/17/2022 02:10:00 AM,MUDDY BRANCH RD,NA,SINGLE VEHICLE,Clear,DRY,Medium,FLASHING TRAFFIC SIGNAL,ALCOHOL PRESENT,Yes,No Apparent Injury,N/A,OTHER DISTRACTION,MD,PASSENGER CAR,MOVING CONSTANT SPEED,35,No,2004,FORD,EXPLORER,39.13450596,-77.20540715,2022,4,2
220016238,Injury Crash,04/17/2022 01:48:00 AM,EAST WEST HWY,NA,SINGLE VEHICLE,Rain,WET,Medium,NO CONTROLS,ALCOHOL PRESENT,Yes,Possible Minor Injury,"N/A, WET",NOT DISTRACTED,MD,(SPORT) UTILITY VEHICLE,MOVING CONSTANT SPEED,35,No,2007,HONDA,PILOT,38.99545036,-77.04290574,2022,4,1
220016235,Injury Crash,04/17/2022 01:04:00 AM,CEDAR LA,NA,SINGLE VEHICLE,Clear,DRY,Medium,NO CONTROLS,ALCOHOL PRESENT,Yes,Possible Minor Injury,N/A,OTHER DISTRACTION,MD,PASSENGER CAR,LEAVING TRAFFIC LANE,30,No,2005,CHEVROLET,AVALANCH,39.01038078,-77.09159368,2022,4,1
220016229,Injury Crash,04/17/2022 12:15:00 AM,MIMOSA LA,NA,HEAD ON,Clear,DRY,Medium,NO CONTROLS,NONE DETECTED,Yes,Possible Minor Injury,N/A,NOT DISTRACTED,MD,PASSENGER CAR,MOVING CONSTANT SPEED,30,No,2017,CHEV,SD,39.07756333,-76.98337333,2022,4,0
220016223,Injury Crash,04/16/2022 11:52:00 PM,LAYHILL RD,NA,HEAD ON,Clear,DRY,Medium,NO CONTROLS,NONE DETECTED,Yes,No Apparent Injury,N/A,INATTENTIVE OR LOST IN THOUGHT,MD,PASSENGER CAR,MOVING CONSTANT SPEED,40,No,2015,HONDA,ACCORD,39.065385,-77.04792,2022,4,23
220016223,Injury Crash,04/16/2022 11:52:00 PM,LAYHILL RD,NA,HEAD ON,Clear,DRY,Medium,NO CONTROLS,NONE DETECTED,No,Possible Minor Injury,N/A,NOT DISTRACTED,DC,(SPORT) UTILITY VEHICLE,MOVING CONSTANT SPEED,40,No,2021,VOLKSWAGON,TIGUAN,39.065385,-77.04792,2022,4,23
220016224,Property Damage Crash,04/16/2022 11:46:00 PM,WATKINS MILL RD,NA,OTHER,Clear,DRY,Dark,NO CONTROLS,ALCOHOL PRESENT,Yes,No Apparent Injury,N/A,NOT DISTRACTED,MD,PASSENGER CAR,MOVING CONSTANT SPEED,35,No,2014,INFI,4S,39.16862333,-77.20996,2022,4,23
220016220,Property Damage Crash,04/16/2022 10:48:00 PM,BUCKLODGE RD,NA,SINGLE VEHICLE,Clear,DRY,Dark,NO CONTROLS,NONE DETECTED,Yes,No Apparent Injury,N/A,UNKNOWN,NA,PASSENGER CAR,MOVING CONSTANT SPEED,40,No,2010,TOYOTA,CAMRY,39.17966833,-77.3558,2022,4,22
220016222,Property Damage Crash,04/16/2022 10:40:00 PM,PLYERS MILL RD,NA,OTHER,Clear,DRY,Medium,NO CONTROLS,ALCOHOL PRESENT,Yes,No Apparent Injury,N/A,UNKNOWN,MD,PASSENGER CAR,MOVING CONSTANT SPEED,25,No,2016,BMW,X3,39.02930139,-77.05337878,2022,4,22
220016215,Injury Crash,04/16/2022 10:14:00 PM,NEW HAMPSHIRE AVE,NA,SAME DIR REAR END,Cloudy,DRY,Medium,TRAFFIC SIGNAL,NONE DETECTED,No,No Apparent Injury,N/A,NOT DISTRACTED,MD,PASSENGER CAR,STOPPED IN TRAFFIC LANE,35,No,2003,TOYOTA,4RUNNER,39.01878046,-76.97655637,2022,4,22
220016215,Injury Crash,04/16/2022 10:14:00 PM,NEW HAMPSHIRE AVE,NA,SAME DIR REAR END,Cloudy,DRY,Medium,TRAFFIC SIGNAL,NONE DETECTED,No,Possible Minor Injury,N/A,NOT DISTRACTED,MD,PASSENGER CAR,STOPPED IN TRAFFIC LANE,35,No,2016,TOYOTA,RAV4,39.01878046,-76.97655637,2022,4,22
220016215,Injury Crash,04/16/2022 10:14:00 PM,NEW HAMPSHIRE AVE,NA,SAME DIR REAR END,Cloudy,DRY,Medium,TRAFFIC SIGNAL,NONE DETECTED,Yes,No Apparent Injury,N/A,NOT DISTRACTED,MD,PASSENGER CAR,SLOWING OR STOPPING,35,No,2002,CHEVROLET,CAVALIER,39.01878046,-76.97655637,2022,4,22
220016213,Property Damage Crash,04/16/2022 10:06:00 PM,MUDDY BRANCH RD,NA,SAME DIR REAR END,Clear,DRY,Medium,NO CONTROLS,NONE DETECTED,No,No Apparent Injury,N/A,NOT DISTRACTED,MD,PASSENGER CAR,MOVING CONSTANT SPEED,45,No,2009,NISS,UT,39.11839963,-77.21708727,2022,4,22
220016213,Property Damage Crash,04/16/2022 10:06:00 PM,MUDDY BRANCH RD,NA,SAME DIR REAR END,Clear,DRY,Medium,NO CONTROLS,ALCOHOL PRESENT,Yes,No Apparent Injury,N/A,BY OTHER OCCUPANTS,MD,PASSENGER CAR,MOVING CONSTANT SPEED,45,No,2016,TOYOTA,COROLLA,39.11839963,-77.21708727,2022,4,22
220016211,Injury Crash,04/16/2022 09:45:00 PM,GREENCASTLE RD,PEDESTRIAN,SINGLE VEHICLE,Clear,DRY,Medium,TRAFFIC SIGNAL,NONE DETECTED,Yes,No Apparent Injury,N/A,LOOKED BUT DID NOT SEE,MD,PASSENGER CAR,MAKING LEFT TURN,35,No,2014,HONDA,ACCORD,39.09836809,-76.9442578,2022,4,21
220016206,Property Damage Crash,04/16/2022 08:26:00 PM,OLD COLUMBIA PIKE,NA,SINGLE VEHICLE,Cloudy,DRY,Medium,N/A,NONE DETECTED,Yes,No Apparent Injury,N/A,UNKNOWN,NA,PASSENGER CAR,UNKNOWN,35,No,2010,INFINITY,G35,39.062075,-76.96708333,2022,4,20
220016199,Property Damage Crash,04/16/2022 07:20:00 PM,NA,NA,STRAIGHT MOVEMENT ANGLE,Clear,NA,Daylight,NO CONTROLS,NONE DETECTED,Yes,No Apparent Injury,N/A,UNKNOWN,NA,UNKNOWN,UNKNOWN,25,No,2015,UNKNOWN,UNKNOWN,39.01021384,-77.04175539,2022,4,19
220016199,Property Damage Crash,04/16/2022 07:20:00 PM,NA,NA,STRAIGHT MOVEMENT ANGLE,Clear,NA,Daylight,NO CONTROLS,NONE DETECTED,No,No Apparent Injury,N/A,NOT DISTRACTED,MD,PASSENGER CAR,PARKED,25,No,2004,BMW,525I,39.01021384,-77.04175539,2022,4,19
220016194,Injury Crash,04/16/2022 06:59:00 PM,CLOPPER RD,NA,SAME DIR REAR END,Clear,DRY,Daylight,TRAFFIC SIGNAL,NONE DETECTED,Yes,Possible Minor Injury,N/A,LOOKED BUT DID NOT SEE,MD,PASSENGER CAR,MOVING CONSTANT SPEED,40,No,2017,NISS,ROGUE,39.15637833,-77.266415,2022,4,18
220016194,Injury Crash,04/16/2022 06:59:00 PM,CLOPPER RD,NA,SAME DIR REAR END,Clear,DRY,Daylight,TRAFFIC SIGNAL,NONE DETECTED,No,Possible Minor Injury,N/A,NOT DISTRACTED,MD,PASSENGER CAR,STOPPED IN TRAFFIC LANE,40,No,2008,HONDA,VAN,39.15637833,-77.266415,2022,4,18
220016191,Property Damage Crash,04/16/2022 06:37:00 PM,COLESVILLE RD,NA,STRAIGHT MOVEMENT ANGLE,Rain,WET,Daylight,TRAFFIC SIGNAL,NONE DETECTED,Yes,No Apparent Injury,N/A,UNKNOWN,VA,PASSENGER CAR,MAKING RIGHT TURN,35,No,2019,VOLKS,4D,38.99845,-77.02448333,2022,4,18
220016191,Property Damage Crash,04/16/2022 06:37:00 PM,COLESVILLE RD,NA,STRAIGHT MOVEMENT ANGLE,Rain,WET,Daylight,TRAFFIC SIGNAL,NONE DETECTED,No,No Apparent Injury,N/A,NOT DISTRACTED,MD,PASSENGER CAR,MAKING RIGHT TURN,35,No,2005,TOYOTA,CAMRY,38.99845,-77.02448333,2022,4,18
220016181,Property Damage Crash,04/16/2022 05:22:00 PM,BRINK RD,NA,SINGLE VEHICLE,Cloudy,DRY,Daylight,NO CONTROLS,NONE DETECTED,Yes,No Apparent Injury,N/A,NOT DISTRACTED,MD,(SPORT) UTILITY VEHICLE,SKIDDING,30,No,2011,HONDA,PILOT,39.20524567,-77.18652667,2022,4,17
220016169,Injury Crash,04/16/2022 04:15:00 PM,GOSHEN RD,NA,STRAIGHT MOVEMENT ANGLE,Clear,DRY,Daylight,STOP SIGN,NONE DETECTED,No,No Apparent Injury,N/A,NOT DISTRACTED,MD,(SPORT) UTILITY VEHICLE,MOVING CONSTANT SPEED,35,No,2007,HYUNDAI,SANTA FE,39.17748,-77.18949667,2022,4,16
220016169,Injury Crash,04/16/2022 04:15:00 PM,GOSHEN RD,NA,STRAIGHT MOVEMENT ANGLE,Clear,DRY,Daylight,STOP SIGN,NONE DETECTED,Yes,No Apparent Injury,N/A,UNKNOWN,MD,(SPORT) UTILITY VEHICLE,MAKING LEFT TURN,35,No,2017,CHEVY,EQUINOX,39.17748,-77.18949667,2022,4,16
220016172,Property Damage Crash,04/16/2022 03:58:00 PM,NA,NA,HEAD ON,Clear,NA,Daylight,NO CONTROLS,NONE DETECTED,Yes,No Apparent Injury,N/A,UNKNOWN,MD,PASSENGER CAR,PARKING,10,No,2017,FORD,TRANSIT 350,39.083435,-77.11449167,2022,4,15
220016165,Injury Crash,04/16/2022 03:10:00 PM,GEORGIA AVE,NA,STRAIGHT MOVEMENT ANGLE,Clear,DRY,Daylight,NO CONTROLS,NONE DETECTED,No,Possible Minor Injury,N/A,NOT DISTRACTED,MD,MOTORCYCLE,ACCELERATING,35,No,2007,SUZI,750,39.05437683,-77.05036567,2022,4,15
220016165,Injury Crash,04/16/2022 03:10:00 PM,GEORGIA AVE,NA,STRAIGHT MOVEMENT ANGLE,Clear,DRY,Daylight,NO CONTROLS,NONE DETECTED,Yes,Possible Minor Injury,N/A,LOOKED BUT DID NOT SEE,MD,PASSENGER CAR,MAKING LEFT TURN,35,No,2006,HONDA,CR-V,39.05437683,-77.05036567,2022,4,15
220016163,Injury Crash,04/16/2022 02:44:00 PM,UNIVERSITY BLVD E,NA,STRAIGHT MOVEMENT ANGLE,Clear,DRY,Daylight,TRAFFIC SIGNAL,NONE DETECTED,Unknown,No Apparent Injury,N/A,UNKNOWN,MD,STATION WAGON,STARTING FROM PARKED,25,No,2008,HOND,ODYS,38.99411833,-76.99271167,2022,4,14
220016163,Injury Crash,04/16/2022 02:44:00 PM,UNIVERSITY BLVD E,NA,STRAIGHT MOVEMENT ANGLE,Clear,DRY,Daylight,TRAFFIC SIGNAL,NONE DETECTED,Unknown,Possible Minor Injury,N/A,UNKNOWN,MD,PASSENGER CAR,MOVING CONSTANT SPEED,40,No,2015,TOYT,CAMRY,38.99411833,-76.99271167,2022,4,14
220016158,Property Damage Crash,04/16/2022 02:00:00 PM,WAYFARER RD,NA,OPPOSITE DIRECTION SIDESWIPE,Clear,DRY,Daylight,NO CONTROLS,NONE DETECTED,No,No Apparent Injury,N/A,NOT DISTRACTED,MD,PICKUP TRUCK,MAKING RIGHT TURN,30,No,2000,FORD,TK,39.19499333,-77.22449,2022,4,14
220016158,Property Damage Crash,04/16/2022 02:00:00 PM,WAYFARER RD,NA,OPPOSITE DIRECTION SIDESWIPE,Clear,DRY,Daylight,NO CONTROLS,NONE DETECTED,Yes,No Apparent Injury,N/A,NOT DISTRACTED,MD,PASSENGER CAR,MAKING LEFT TURN,30,No,2018,HOND,4S,39.19499333,-77.22449,2022,4,14
220016156,Property Damage Crash,04/16/2022 01:30:00 PM,SANDY SPRING RD,NA,SAME DIR REAR END,Clear,DRY,Daylight,NO CONTROLS,NONE DETECTED,Yes,No Apparent Injury,N/A,NOT DISTRACTED,MD,PASSENGER CAR,MOVING CONSTANT SPEED,45,No,2012,BMW,4S,39.10640417,-76.91592533,2022,4,13
220016156,Property Damage Crash,04/16/2022 01:30:00 PM,SANDY SPRING RD,NA,SAME DIR REAR END,Clear,DRY,Daylight,NO CONTROLS,NONE DETECTED,No,No Apparent Injury,N/A,NOT DISTRACTED,MD,PICKUP TRUCK,MAKING RIGHT TURN,45,No,2013,TOYO,TK,39.10640417,-76.91592533,2022,4,13
220016156,Property Damage Crash,04/16/2022 01:30:00 PM,SANDY SPRING RD,NA,SAME DIR REAR END,Clear,DRY,Daylight,NO CONTROLS,NONE DETECTED,No,No Apparent Injury,N/A,NOT DISTRACTED,MD,PASSENGER CAR,N/A,45,No,2018,HYUN,SD,39.10640417,-76.91592533,2022,4,13
220016487,Property Damage Crash,04/16/2022 01:26:00 PM,NA,NA,N/A,Clear,NA,Daylight,NO CONTROLS,NONE DETECTED,Yes,No Apparent Injury,N/A,UNKNOWN,NA,PASSENGER CAR,STARTING FROM PARKED,10,No,2012,JEEP,4D,39.14117532,-77.22888006,2022,4,13
220016140,Injury Crash,04/16/2022 12:22:00 PM,UNIVERSITY BLVD E,NA,SAME DIR REAR END,Clear,DRY,Daylight,N/A,NONE DETECTED,Yes,No Apparent Injury,N/A,NOT DISTRACTED,MD,PASSENGER CAR,SLOWING OR STOPPING,35,No,2019,KIA,SOUL,39.01274817,-77.00317217,2022,4,12
220016140,Injury Crash,04/16/2022 12:22:00 PM,UNIVERSITY BLVD E,NA,SAME DIR REAR END,Clear,DRY,Daylight,N/A,NONE DETECTED,No,Possible Minor Injury,N/A,NOT DISTRACTED,MD,(SPORT) UTILITY VEHICLE,SLOWING OR STOPPING,35,No,2020,HYUNDAI,SANTA FE,39.01274817,-77.00317217,2022,4,12
220016139,Injury Crash,04/16/2022 12:15:00 PM,RIDING RIDGE CT,NA,SINGLE VEHICLE,Clear,DRY,Daylight,N/A,NONE DETECTED,Yes,Possible Minor Injury,N/A,OTHER DISTRACTION,MD,(SPORT) UTILITY VEHICLE,MOVING CONSTANT SPEED,30,No,2021,TOYT,UT,39.11077267,-76.9091475,2022,4,12
220016136,Injury Crash,04/16/2022 11:33:00 AM,BEL PRE RD,NA,OTHER,Clear,DRY,Daylight,N/A,ALCOHOL PRESENT,Yes,No Apparent Injury,N/A,NOT DISTRACTED,MD,PASSENGER CAR,MOVING CONSTANT SPEED,25,No,2002,CHRYSLER,TOWN AND COUNTRY,39.09637573,-77.09530445,2022,4,11
220016136,Injury Crash,04/16/2022 11:33:00 AM,BEL PRE RD,NA,OTHER,Clear,DRY,Daylight,N/A,NONE DETECTED,No,Possible Minor Injury,N/A,NOT DISTRACTED,MD,"OTHER LIGHT TRUCKS (10,000LBS (4,536KG) OR LESS)",PARKED,25,No,2021,FORD,ECONOLINE,39.09637573,-77.09530445,2022,4,11
220016133,Property Damage Crash,04/16/2022 11:09:00 AM,GLENALLAN AVE,NA,SINGLE VEHICLE,Clear,DRY,Daylight,NO CONTROLS,NONE DETECTED,Yes,No Apparent Injury,N/A,UNKNOWN,MD,PASSENGER CAR,MOVING CONSTANT SPEED,30,No,2004,HOND,CIVIC,39.064035,-77.05286333,2022,4,11
220016134,Property Damage Crash,04/16/2022 10:58:00 AM,WOODMONT AVE,NA,SAME DIRECTION LEFT TURN,Clear,DRY,Daylight,NO CONTROLS,NONE DETECTED,Yes,No Apparent Injury,N/A,UNKNOWN,TX,PASSENGER CAR,CHANGING LANES,25,No,2016,FORD,TRUCK,38.98505167,-77.09708333,2022,4,10
220016134,Property Damage Crash,04/16/2022 10:58:00 AM,WOODMONT AVE,NA,SAME DIRECTION LEFT TURN,Clear,DRY,Daylight,NO CONTROLS,NONE DETECTED,No,No Apparent Injury,N/A,NOT DISTRACTED,MD,PASSENGER CAR,MOVING CONSTANT SPEED,25,No,2018,MERCEDES,GLE350,38.98505167,-77.09708333,2022,4,10
220016128,Injury Crash,04/16/2022 10:07:00 AM,NORBECK RD,NA,SAME DIR REAR END,Clear,DRY,Daylight,TRAFFIC SIGNAL,NONE DETECTED,No,Possible Minor Injury,N/A,NOT DISTRACTED,MD,PASSENGER CAR,STOPPED IN TRAFFIC LANE,45,No,2017,CHEVROLET,TAHOE,39.12120231,-76.98897231,2022,4,10
220016128,Injury Crash,04/16/2022 10:07:00 AM,NORBECK RD,NA,SAME DIR REAR END,Clear,DRY,Daylight,TRAFFIC SIGNAL,NONE DETECTED,Yes,No Apparent Injury,N/A,NOT DISTRACTED,MD,PASSENGER CAR,SLOWING OR STOPPING,45,No,2010,MAZDA,CX-9,39.12120231,-76.98897231,2022,4,10
220015951,Injury Crash,04/16/2022 09:03:00 AM,NA,NA,STRAIGHT MOVEMENT ANGLE,Clear,NA,Daylight,TRAFFIC SIGNAL,NONE DETECTED,Yes,Possible Minor Injury,N/A,UNKNOWN,MD,PASSENGER CAR,STARTING FROM LANE,0,No,2018,HYUNDAI,ELANTRA,39.08254454,-76.94627412,2022,4,9
220015951,Injury Crash,04/16/2022 09:03:00 AM,NA,NA,STRAIGHT MOVEMENT ANGLE,Clear,NA,Daylight,TRAFFIC SIGNAL,NONE DETECTED,Yes,No Apparent Injury,N/A,UNKNOWN,MD,PASSENGER CAR,STARTING FROM LANE,0,No,2001,HONDA,ACCORD,39.08254454,-76.94627412,2022,4,9
220016094,Injury Crash,04/16/2022 12:30:00 AM,RANDOLPH RD,NA,STRAIGHT MOVEMENT ANGLE,Clear,DRY,Medium,TRAFFIC SIGNAL,NONE DETECTED,Yes,No Apparent Injury,N/A,OTHER DISTRACTION,MD,PASSENGER CAR,ACCELERATING,50,No,2021,NISSAN,FRONTIER,39.06648333,-77.03048833,2022,4,0
220016094,Injury Crash,04/16/2022 12:30:00 AM,RANDOLPH RD,NA,STRAIGHT MOVEMENT ANGLE,Clear,DRY,Medium,TRAFFIC SIGNAL,NONE DETECTED,No,No Apparent Injury,N/A,NOT DISTRACTED,MD,PASSENGER CAR,ACCELERATING,15,No,2014,SUBARU,FORESTER,39.06648333,-77.03048833,2022,4,0
220016077,Injury Crash,04/15/2022 09:25:00 PM,DARNESTOWN RD,NA,ANGLE MEETS RIGHT TURN,Clear,DRY,Medium,TRAFFIC SIGNAL,NONE DETECTED,No,Possible Minor Injury,N/A,NOT DISTRACTED,MD,PASSENGER CAR,MOVING CONSTANT SPEED,40,No,2012,TOYT,TOYT,39.10291833,-77.22104,2022,4,21
220016077,Injury Crash,04/15/2022 09:25:00 PM,DARNESTOWN RD,NA,ANGLE MEETS RIGHT TURN,Clear,DRY,Medium,TRAFFIC SIGNAL,NONE DETECTED,Yes,No Apparent Injury,N/A,NOT DISTRACTED,MD,PASSENGER CAR,MAKING RIGHT TURN,40,No,2016,TOYT,TOYT,39.10291833,-77.22104,2022,4,21
220016058,Injury Crash,04/15/2022 07:48:00 PM,COLUMBIA PIKE,NA,SAME DIR REAR END,Clear,DRY,Medium,NO CONTROLS,NONE DETECTED,Yes,No Apparent Injury,N/A,LOOKED BUT DID NOT SEE,MD,PASSENGER CAR,MOVING CONSTANT SPEED,45,No,2004,HONDA,CIVIC,39.04558667,-76.988465,2022,4,19
220016058,Injury Crash,04/15/2022 07:48:00 PM,COLUMBIA PIKE,NA,SAME DIR REAR END,Clear,DRY,Medium,NO CONTROLS,NONE DETECTED,No,Possible Minor Injury,N/A,NOT DISTRACTED,MD,(SPORT) UTILITY VEHICLE,MOVING CONSTANT SPEED,45,No,2016,ACURA,RDX,39.04558667,-76.988465,2022,4,19
220016060,Property Damage Crash,04/15/2022 07:32:00 PM,DENLEY RD,NA,SINGLE VEHICLE,Clear,DRY,Medium,TRAFFIC SIGNAL,NONE DETECTED,Yes,No Apparent Injury,N/A,NOT DISTRACTED,DC,PASSENGER CAR,MOVING CONSTANT SPEED,25,No,2006,HONDA,ACCORD,39.05962167,-77.06177667,2022,4,19
220016055,Property Damage Crash,04/15/2022 07:17:00 PM,NA,NA,HEAD ON,Clear,NA,Daylight,N/A,NONE DETECTED,Yes,No Apparent Injury,N/A,NOT DISTRACTED,MD,VAN,BACKING,0,No,2006,HONDA,ODYSSEY,39.1720935,-77.20484567,2022,4,19
220016044,Injury Crash,04/15/2022 06:05:00 PM,MARYLAND AVE,NA,SAME DIR REND LEFT TURN,Clear,DRY,Daylight,NO CONTROLS,NONE DETECTED,Yes,No Apparent Injury,N/A,OTHER ELECTRONIC DEVICE (NAVIGATIONAL PALM PILOT),MD,PASSENGER CAR,MOVING CONSTANT SPEED,25,No,2006,INFINITY,M35X,39.07894233,-77.15605838,2022,4,18
220016044,Injury Crash,04/15/2022 06:05:00 PM,MARYLAND AVE,NA,SAME DIR REND LEFT TURN,Clear,DRY,Daylight,NO CONTROLS,NONE DETECTED,No,Possible Minor Injury,N/A,NOT DISTRACTED,MD,PASSENGER CAR,MAKING LEFT TURN,25,No,2016,TOYOTA,CAMERY,39.07894233,-77.15605838,2022,4,18
220016042,Injury Crash,04/15/2022 05:56:00 PM,WHEATFIELD TERR,PEDESTRIAN,SINGLE VEHICLE,Clear,DRY,Daylight,NO CONTROLS,NONE DETECTED,No,No Apparent Injury,N/A,NOT DISTRACTED,MD,PASSENGER CAR,MOVING CONSTANT SPEED,25,No,2017,HONDA,ACCORD,39.17019822,-77.23152836,2022,4,17
220016050,Injury Crash,04/15/2022 05:45:00 PM,RIVER RD,NA,STRAIGHT MOVEMENT ANGLE,Clear,DRY,Daylight,TRAFFIC SIGNAL,NONE DETECTED,No,Possible Minor Injury,N/A,NOT DISTRACTED,MD,(SPORT) UTILITY VEHICLE,MOVING CONSTANT SPEED,30,No,2017,TOYOTA,RAV4,38.99027333,-77.152985,2022,4,17
220016050,Injury Crash,04/15/2022 05:45:00 PM,RIVER RD,NA,STRAIGHT MOVEMENT ANGLE,Clear,DRY,Daylight,TRAFFIC SIGNAL,NONE DETECTED,Yes,No Apparent Injury,N/A,INATTENTIVE OR LOST IN THOUGHT,MD,(SPORT) UTILITY VEHICLE,MAKING U TURN,30,No,2019,NISSAN,ROUGE,38.99027333,-77.152985,2022,4,17
220016036,Injury Crash,04/15/2022 05:40:00 PM,GEORGIA AVE,BICYCLIST,SINGLE VEHICLE,Clear,DRY,Daylight,NO CONTROLS,NONE DETECTED,No,No Apparent Injury,N/A,NOT DISTRACTED,MD,PASSENGER CAR,MOVING CONSTANT SPEED,35,No,2014,CHEVY,SILVERADO,39.08033167,-77.07376333,2022,4,17
220016026,Property Damage Crash,04/15/2022 05:16:00 PM,COLESVILLE RD,BICYCLIST,STRAIGHT MOVEMENT ANGLE,Clear,DRY,Daylight,TRAFFIC SIGNAL,NONE DETECTED,Yes,No Apparent Injury,"BACKUP DUE TO REGULAR CONGESTION, N/A",LOOKED BUT DID NOT SEE,MD,PASSENGER CAR,CHANGING LANES,35,No,2014,MITSUBISHI,OUTLANDER,39.0076268,-77.02030146,2022,4,17
220016031,Property Damage Crash,04/15/2022 05:10:00 PM,FREDERICK RD,NA,STRAIGHT MOVEMENT ANGLE,Clear,DRY,Daylight,NO CONTROLS,NONE DETECTED,Yes,No Apparent Injury,N/A,NOT DISTRACTED,MD,PASSENGER CAR,MOVING CONSTANT SPEED,40,No,2013,KIA,SORENTO,39.15098667,-77.20969167,2022,4,17
220016031,Property Damage Crash,04/15/2022 05:10:00 PM,FREDERICK RD,NA,STRAIGHT MOVEMENT ANGLE,Clear,DRY,Daylight,NO CONTROLS,NONE DETECTED,No,No Apparent Injury,N/A,NOT DISTRACTED,MD,PASSENGER CAR,MOVING CONSTANT SPEED,40,No,2020,DODG,CHALLENGER,39.15098667,-77.20969167,2022,4,17
220016024,Property Damage Crash,04/15/2022 04:47:00 PM,QUINCE ORCHARD RD,NA,SAME DIR REAR END,Clear,DRY,Daylight,NO CONTROLS,NONE DETECTED,No,No Apparent Injury,N/A,NOT DISTRACTED,MD,PASSENGER CAR,SLOWING OR STOPPING,35,No,2017,MERZ,UT,39.14996358,-77.21523583,2022,4,16
220016024,Property Damage Crash,04/15/2022 04:47:00 PM,QUINCE ORCHARD RD,NA,SAME DIR REAR END,Clear,DRY,Daylight,NO CONTROLS,NONE DETECTED,Yes,No Apparent Injury,N/A,NOT DISTRACTED,MD,PASSENGER CAR,CHANGING LANES,35,No,2003,LINC,4S,39.14996358,-77.21523583,2022,4,16