Local Case Number,ACRS Report Type,Crash Date/Time,Road Name,Related Non-Motorist,Collision Type,Weather,Surface Condition,Light,Traffic Control,Driver Substance Abuse,Driver At Fault,Injury Severity,Circumstance,Driver Distracted By,Drivers License State,Vehicle Body Type,Vehicle Movement,Speed Limit,Driverless Vehicle,Vehicle Year,Vehicle Make,Vehicle Model,Latitude,Longitude,Year,Month,Hour
220015655,Property Damage Crash,04/13/2022 10:41:00 AM,ARLINGTON RD,NA,SAME DIR REAR END,Clear,DRY,Daylight,TRAFFIC SIGNAL,NONE DETECTED,No,No Apparent Injury,N/A,NOT DISTRACTED,MD,"MEDIUM/HEAVY TRUCKS 3 AXLES (OVER 10,000LBS (4,536KG))",STOPPED IN TRAFFIC LANE,25,No,2020,HINO,195,38.98730045,-77.09935242,2022,4,10
220015651,Injury Crash,04/13/2022 10:16:00 AM,STEWART LA,PEDESTRIAN,SINGLE VEHICLE,Clear,DRY,Daylight,NO CONTROLS,NONE DETECTED,Yes,No Apparent Injury,N/A,UNKNOWN,NA,NA,NEGOTIATING A CURVE,25,Unknown,0,UNKNOWN,UNKNOWN,39.0438284,-76.98218047,2022,4,10
220015645,Property Damage Crash,04/13/2022 09:05:00 AM,OBSERVATION DR,NA,SINGLE VEHICLE,Clear,DRY,Daylight,N/A,NONE DETECTED,Yes,No Apparent Injury,N/A,INATTENTIVE OR LOST IN THOUGHT,MD,PASSENGER CAR,MOVING CONSTANT SPEED,30,No,2018,FIAT,500X,39.180655,-77.243865,2022,4,9
220015640,Property Damage Crash,04/13/2022 07:30:00 AM,PINEY BRANCH RD,NA,SAME DIR REAR END,Clear,DRY,Daylight,TRAFFIC SIGNAL,NONE DETECTED,No,No Apparent Injury,N/A,NOT DISTRACTED,MD,PASSENGER CAR,STOPPED IN TRAFFIC LANE,30,No,2021,HYUNDAI,ELANTRA,38.99843202,-77.00297417,2022,4,7
220015640,Property Damage Crash,04/13/2022 07:30:00 AM,PINEY BRANCH RD,NA,SAME DIR REAR END,Clear,DRY,Daylight,TRAFFIC SIGNAL,NONE DETECTED,Yes,No Apparent Injury,N/A,UNKNOWN,DE,TRANSIT BUS,SLOWING OR STOPPING,30,No,2011,GILLIG,BUS,38.99843202,-77.00297417,2022,4,7
220015638,Injury Crash,04/13/2022 06:59:00 AM,ROCKVILLE PIKE,NA,STRAIGHT MOVEMENT ANGLE,Clear,DRY,Daylight,TRAFFIC SIGNAL,NONE DETECTED,Yes,Possible Minor Injury,N/A,NOT DISTRACTED,MD,PASSENGER CAR,MAKING LEFT TURN,40,No,2021,BMW,X6,39.05912333,-77.15083333,2022,4,6
220015638,Injury Crash,04/13/2022 06:59:00 AM,ROCKVILLE PIKE,NA,STRAIGHT MOVEMENT ANGLE,Clear,DRY,Daylight,TRAFFIC SIGNAL,NONE DETECTED,Yes,Possible Minor Injury,N/A,NOT DISTRACTED,MD,PASSENGER CAR,MOVING CONSTANT SPEED,40,No,2010,FORD,FOCUS,39.05912333,-77.15083333,2022,4,6
220015636,Injury Crash,04/13/2022 06:26:00 AM,PARKLAWN DR,NA,SAME DIR REAR END,Clear,DRY,Medium,TRAFFIC SIGNAL,NONE DETECTED,No,No Apparent Injury,N/A,NOT DISTRACTED,MD,PASSENGER CAR,SLOWING OR STOPPING,30,No,2005,VOLK,JETTA,39.04901833,-77.102465,2022,4,6
220015636,Injury Crash,04/13/2022 06:26:00 AM,PARKLAWN DR,NA,SAME DIR REAR END,Clear,DRY,Medium,TRAFFIC SIGNAL,NONE DETECTED,Yes,No Apparent Injury,N/A,LOOKED BUT DID NOT SEE,MD,PASSENGER CAR,SLOWING OR STOPPING,30,No,1999,ACURA,TL,39.04901833,-77.102465,2022,4,6
220015636,Injury Crash,04/13/2022 06:26:00 AM,PARKLAWN DR,NA,SAME DIR REAR END,Clear,DRY,Medium,TRAFFIC SIGNAL,NONE DETECTED,No,Possible Minor Injury,N/A,NOT DISTRACTED,MD,PASSENGER CAR,STOPPED IN TRAFFIC LANE,30,No,2004,PONTIAC,4S,39.04901833,-77.102465,2022,4,6
220015615,Injury Crash,04/12/2022 10:32:00 PM,KILGORE RD,NA,SINGLE VEHICLE,Clear,DRY,Medium,N/A,NONE DETECTED,Yes,Possible Minor Injury,N/A,UNKNOWN,MD,PASSENGER CAR,UNKNOWN,25,No,2004,CHEVROLET,IMPALA,39.067554,-76.989288,2022,4,22
220015609,Property Damage Crash,04/12/2022 09:58:00 PM,METZ DR,NA,SINGLE VEHICLE,Clear,DRY,Medium,NO CONTROLS,NONE DETECTED,Yes,No Apparent Injury,N/A,OTHER CELLULAR PHONE RELATED,MD,PASSENGER CAR,MOVING CONSTANT SPEED,30,No,2007,LEXUS,4S,39.15684733,-77.27081152,2022,4,21
220015601,Property Damage Crash,04/12/2022 09:00:00 PM,N STONESTREET AVE,NA,SAME DIRECTION SIDESWIPE,Clear,DRY,Medium,NO CONTROLS,ALCOHOL PRESENT,Yes,No Apparent Injury,N/A,OTHER DISTRACTION,MD,PASSENGER CAR,MOVING CONSTANT SPEED,25,No,2007,HONDA,SD,39.09381133,-77.15051117,2022,4,21
220015602,Property Damage Crash,04/12/2022 08:53:00 PM,LITTLETON ST,NA,SAME DIRECTION SIDESWIPE,Clear,DRY,Dark,NO CONTROLS,NONE DETECTED,No,No Apparent Injury,N/A,NOT DISTRACTED,MD,FIRE VEHICLE/EMERGENCY,MOVING CONSTANT SPEED,35,No,2019,PIERCE,ENFORCER,39.06882597,-77.07888883,2022,4,20
220015590,Property Damage Crash,04/12/2022 07:35:00 PM,NA,NA,OTHER,Clear,NA,Daylight,NO CONTROLS,NONE DETECTED,Yes,No Apparent Injury,N/A,UNKNOWN,NA,VAN,OTHER,10,No,2006,FORD,E-250,39.0016341,-76.99048952,2022,4,19
220015582,Property Damage Crash,04/12/2022 06:35:00 PM,NEW HAMPSHIRE AVE,NA,SAME DIRECTION RIGHT TURN,Clear,DRY,Daylight,NO CONTROLS,NONE DETECTED,Yes,No Apparent Injury,N/A,UNKNOWN,NA,PASSENGER CAR,MAKING RIGHT TURN,40,No,0,TOYOTA,CAMRY,39.00818214,-76.9796477,2022,4,18
220015582,Property Damage Crash,04/12/2022 06:35:00 PM,NEW HAMPSHIRE AVE,NA,SAME DIRECTION RIGHT TURN,Clear,DRY,Daylight,NO CONTROLS,NONE DETECTED,No,No Apparent Injury,N/A,NOT DISTRACTED,MD,TRANSIT BUS,STARTING FROM LANE,40,No,2016,GILL,BUS,39.00818214,-76.9796477,2022,4,18
220015570,Injury Crash,04/12/2022 06:05:00 PM,NEW HAMPSHIRE AVE,NA,HEAD ON LEFT TURN,Clear,DRY,Daylight,TRAFFIC SIGNAL,NONE DETECTED,Yes,Possible Minor Injury,N/A,UNKNOWN,VA,PASSENGER CAR,MAKING LEFT TURN,45,No,2011,TOYOTA,COROLLA,39.08827,-76.99942833,2022,4,18
220015570,Injury Crash,04/12/2022 06:05:00 PM,NEW HAMPSHIRE AVE,NA,HEAD ON LEFT TURN,Clear,DRY,Daylight,TRAFFIC SIGNAL,NONE DETECTED,Yes,No Apparent Injury,N/A,NOT DISTRACTED,MD,PASSENGER CAR,MOVING CONSTANT SPEED,45,No,2012,TOYOTA,HIGHLANDER,39.08827,-76.99942833,2022,4,18
22001557,Property Damage Crash,04/12/2022 05:46:00 PM,NA,NA,SINGLE VEHICLE,Clear,NA,Daylight,NO CONTROLS,NONE DETECTED,Yes,No Apparent Injury,N/A,NOT DISTRACTED,MD,AMBULANCE/NON EMERGENCY,BACKING,5,No,2020,FRHT,AM,39.098125,-77.19783667,2022,4,17
220015563,Injury Crash,04/12/2022 05:09:00 PM,FREDERICK RD,NA,STRAIGHT MOVEMENT ANGLE,Clear,DRY,Daylight,TRAFFIC SIGNAL,NONE DETECTED,Yes,No Apparent Injury,N/A,LOOKED BUT DID NOT SEE,MD,PASSENGER CAR,MAKING RIGHT TURN,25,No,2021,SUBA,UT,39.11570482,-77.16610008,2022,4,17
220015563,Injury Crash,04/12/2022 05:09:00 PM,FREDERICK RD,NA,STRAIGHT MOVEMENT ANGLE,Clear,DRY,Daylight,TRAFFIC SIGNAL,NONE DETECTED,No,No Apparent Injury,N/A,NOT DISTRACTED,MD,PASSENGER CAR,MOVING CONSTANT SPEED,40,No,2016,DODG,UT,39.11570482,-77.16610008,2022,4,17
220015559,Property Damage Crash,04/12/2022 05:03:00 PM,BROOKMOOR DR,NA,STRAIGHT MOVEMENT ANGLE,Clear,DRY,Daylight,STOP SIGN,NONE DETECTED,Yes,No Apparent Injury,N/A,LOOKED BUT DID NOT SEE,MD,PASSENGER CAR,STARTING FROM LANE,25,No,2021,TOYOTA,RAV 4,39.02385333,-77.00260833,2022,4,17
220015559,Property Damage Crash,04/12/2022 05:03:00 PM,BROOKMOOR DR,NA,STRAIGHT MOVEMENT ANGLE,Clear,DRY,Daylight,STOP SIGN,NONE DETECTED,No,No Apparent Injury,N/A,NOT DISTRACTED,MD,PASSENGER CAR,MOVING CONSTANT SPEED,25,No,2019,JEEP,LIMITED,39.02385333,-77.00260833,2022,4,17
220015558,Injury Crash,04/12/2022 05:00:00 PM,MIDDLEBROOK RD,NA,HEAD ON LEFT TURN,Clear,DRY,Daylight,NO CONTROLS,NONE DETECTED,No,Possible Minor Injury,N/A,NOT DISTRACTED,MD,(SPORT) UTILITY VEHICLE,MOVING CONSTANT SPEED,40,No,2004,MERZ,TK,39.18151853,-77.23725963,2022,4,17
220015558,Injury Crash,04/12/2022 05:00:00 PM,MIDDLEBROOK RD,NA,HEAD ON LEFT TURN,Clear,DRY,Daylight,NO CONTROLS,NONE DETECTED,Yes,Possible Minor Injury,N/A,NOT DISTRACTED,MD,(SPORT) UTILITY VEHICLE,ACCELERATING,40,No,2011,TOYOTA,RAV4,39.18151853,-77.23725963,2022,4,17
220015556,Property Damage Crash,04/12/2022 04:41:00 PM,VEIRS MILL RD,NA,STRAIGHT MOVEMENT ANGLE,Clear,DRY,Daylight,NO CONTROLS,NONE DETECTED,Yes,No Apparent Injury,N/A,LOOKED BUT DID NOT SEE,VA,PASSENGER CAR,MOVING CONSTANT SPEED,30,No,2017,FORD,FUSION,39.07428995,-77.11388005,2022,4,16
220015556,Property Damage Crash,04/12/2022 04:41:00 PM,VEIRS MILL RD,NA,STRAIGHT MOVEMENT ANGLE,Clear,DRY,Daylight,NO CONTROLS,NONE DETECTED,No,No Apparent Injury,N/A,NOT DISTRACTED,MD,PASSENGER CAR,MOVING CONSTANT SPEED,40,No,2020,HONDA,ACCORD,39.07428995,-77.11388005,2022,4,16
220015546,Injury Crash,04/12/2022 03:51:00 PM,WOODFIELD RD,NA,STRAIGHT MOVEMENT ANGLE,Clear,DRY,Daylight,STOP SIGN,NONE DETECTED,No,No Apparent Injury,N/A,NOT DISTRACTED,MD,PASSENGER CAR,MOVING CONSTANT SPEED,30,No,2015,TOYOTA,4S,39.25034783,-77.19482317,2022,4,15
220015546,Injury Crash,04/12/2022 03:51:00 PM,WOODFIELD RD,NA,STRAIGHT MOVEMENT ANGLE,Clear,DRY,Daylight,STOP SIGN,NONE DETECTED,Yes,No Apparent Injury,N/A,LOOKED BUT DID NOT SEE,MD,PASSENGER CAR,MAKING LEFT TURN,30,No,2016,KIA,4S,39.25034783,-77.19482317,2022,4,15
220015539,Property Damage Crash,04/12/2022 03:30:00 PM,ROCKVILLE PIKE,NA,SAME DIR REAR END,Clear,DRY,Daylight,NO CONTROLS,NONE DETECTED,Yes,No Apparent Injury,N/A,LOOKED BUT DID NOT SEE,MD,PASSENGER CAR,MOVING CONSTANT SPEED,35,No,2011,TOYOTA,CAMERY,39.037185,-77.10808667,2022,4,15
220015539,Property Damage Crash,04/12/2022 03:30:00 PM,ROCKVILLE PIKE,NA,SAME DIR REAR END,Clear,DRY,Daylight,NO CONTROLS,NONE DETECTED,No,No Apparent Injury,N/A,NOT DISTRACTED,MD,PICKUP TRUCK,MOVING CONSTANT SPEED,35,No,2014,RAM,TK,39.037185,-77.10808667,2022,4,15
220015534,Property Damage Crash,04/12/2022 02:50:00 PM,NORBECK RD,NA,STRAIGHT MOVEMENT ANGLE,Clear,DRY,Daylight,STOP SIGN,NONE DETECTED,No,No Apparent Injury,N/A,NOT DISTRACTED,MD,PASSENGER CAR,MOVING CONSTANT SPEED,40,No,2012,HONDA,CIVIC,39.09793,-77.104855,2022,4,14
220015534,Property Damage Crash,04/12/2022 02:50:00 PM,NORBECK RD,NA,STRAIGHT MOVEMENT ANGLE,Clear,DRY,Daylight,STOP SIGN,NONE DETECTED,Yes,No Apparent Injury,N/A,LOOKED BUT DID NOT SEE,MD,(SPORT) UTILITY VEHICLE,MAKING LEFT TURN,40,No,2002,HONDA,CRV,39.09793,-77.104855,2022,4,14
220015528,Property Damage Crash,04/12/2022 02:30:00 PM,SHADY GROVE RD,NA,STRAIGHT MOVEMENT ANGLE,Clear,DRY,Daylight,TRAFFIC SIGNAL,NONE DETECTED,No,No Apparent Injury,N/A,NOT DISTRACTED,MD,VAN,MOVING CONSTANT SPEED,35,No,2022,TOYOTA,SIENNA,39.10485833,-77.19059333,2022,4,14
220015528,Property Damage Crash,04/12/2022 02:30:00 PM,SHADY GROVE RD,NA,STRAIGHT MOVEMENT ANGLE,Clear,DRY,Daylight,TRAFFIC SIGNAL,NONE DETECTED,Yes,No Apparent Injury,N/A,LOOKED BUT DID NOT SEE,MD,(SPORT) UTILITY VEHICLE,MOVING CONSTANT SPEED,45,No,2019,HYUN,UT,39.10485833,-77.19059333,2022,4,14
220016790,Injury Crash,04/12/2022 02:21:00 PM,OLD GEORGETOWN RD,PEDESTRIAN,OTHER,Clear,DRY,Daylight,TRAFFIC SIGNAL,ALCOHOL PRESENT,No,No Apparent Injury,N/A,UNKNOWN,MD,(SPORT) UTILITY VEHICLE,MOVING CONSTANT SPEED,35,No,2017,MERZ,GLS,39.01301217,-77.11733431,2022,4,14
220015536,Property Damage Crash,04/12/2022 02:00:00 PM,NA,NA,SINGLE VEHICLE,Clear,NA,Daylight,N/A,NONE DETECTED,Yes,No Apparent Injury,N/A,NOT DISTRACTED,MD,POLICE VEHICLE/EMERGENCY,MOVING CONSTANT SPEED,0,No,2019,DODGE,CHARGER,39.18807408,-77.19583414,2022,4,14
220015522,Property Damage Crash,04/12/2022 01:59:00 PM,PARKLAWN DR,NA,STRAIGHT MOVEMENT ANGLE,Clear,DRY,Daylight,NO CONTROLS,NONE DETECTED,No,No Apparent Injury,N/A,NOT DISTRACTED,MD,PASSENGER CAR,MOVING CONSTANT SPEED,40,No,2020,JEEP,WRANGLER,39.05037333,-77.10389333,2022,4,13
220015522,Property Damage Crash,04/12/2022 01:59:00 PM,PARKLAWN DR,NA,STRAIGHT MOVEMENT ANGLE,Clear,DRY,Daylight,NO CONTROLS,NONE DETECTED,Yes,No Apparent Injury,N/A,NOT DISTRACTED,MD,PASSENGER CAR,MAKING LEFT TURN,40,No,2017,HONDA,ACCORD,39.05037333,-77.10389333,2022,4,13
220015520,Injury Crash,04/12/2022 01:52:00 PM,SHADY GROVE RD,NA,STRAIGHT MOVEMENT ANGLE,Clear,DRY,Daylight,TRAFFIC SIGNAL,NONE DETECTED,No,Possible Minor Injury,N/A,NOT DISTRACTED,MD,VAN,STARTING FROM LANE,45,No,2008,TOYOTA,SIENNA,39.10945533,-77.18811083,2022,4,13
220015520,Injury Crash,04/12/2022 01:52:00 PM,SHADY GROVE RD,NA,STRAIGHT MOVEMENT ANGLE,Clear,DRY,Daylight,TRAFFIC SIGNAL,NONE DETECTED,Yes,No Apparent Injury,N/A,UNKNOWN,MD,PASSENGER CAR,MOVING CONSTANT SPEED,45,No,2020,LEXS,ES,39.10945533,-77.18811083,2022,4,13
220015520,Injury Crash,04/12/2022 01:52:00 PM,SHADY GROVE RD,NA,STRAIGHT MOVEMENT ANGLE,Clear,DRY,Daylight,TRAFFIC SIGNAL,NONE DETECTED,No,Possible Minor Injury,N/A,NOT DISTRACTED,MD,PASSENGER CAR,STARTING FROM LANE,45,No,2014,MAZD,3,39.10945533,-77.18811083,2022,4,13
220015518,Property Damage Crash,04/12/2022 01:36:00 PM,ROCKVILLE PIKE,NA,SAME DIR REAR END,Clear,DRY,Daylight,TRAFFIC SIGNAL,NONE DETECTED,Yes,No Apparent Injury,N/A,NOT DISTRACTED,MD,VAN,MOVING CONSTANT SPEED,40,No,2019,DODGE,PROMASTER,39.04221478,-77.11067685,2022,4,13
220015518,Property Damage Crash,04/12/2022 01:36:00 PM,ROCKVILLE PIKE,NA,SAME DIR REAR END,Clear,DRY,Daylight,TRAFFIC SIGNAL,NONE DETECTED,No,No Apparent Injury,N/A,NOT DISTRACTED,MD,PASSENGER CAR,SLOWING OR STOPPING,40,No,2016,TOYOTA,HIGHLANDER,39.04221478,-77.11067685,2022,4,13
220017543,Property Damage Crash,04/12/2022 12:30:00 PM,GERMANTOWN RD,NA,SAME DIR REAR END,Clear,DRY,Daylight,NO CONTROLS,NONE DETECTED,Yes,No Apparent Injury,N/A,NOT DISTRACTED,NA,PASSENGER CAR,MOVING CONSTANT SPEED,30,No,2010,TOYT,TK,39.20891333,-77.24462667,2022,4,12
220017543,Property Damage Crash,04/12/2022 12:30:00 PM,GERMANTOWN RD,NA,SAME DIR REAR END,Clear,DRY,Daylight,NO CONTROLS,NONE DETECTED,No,No Apparent Injury,N/A,NOT DISTRACTED,MD,PASSENGER CAR,MOVING CONSTANT SPEED,25,No,2010,TOYT,4D,39.20891333,-77.24462667,2022,4,12
220015499,Injury Crash,04/12/2022 11:40:00 AM,OLD COLUMBIA PIKE,NA,SAME DIR REAR END,Clear,DRY,Daylight,NO CONTROLS,NONE DETECTED,Yes,No Apparent Injury,N/A,NOT DISTRACTED,MD,PASSENGER CAR,ACCELERATING,30,No,2015,TOYOTA,CAMRY,39.10966167,-76.93380167,2022,4,11
220015499,Injury Crash,04/12/2022 11:40:00 AM,OLD COLUMBIA PIKE,NA,SAME DIR REAR END,Clear,DRY,Daylight,NO CONTROLS,NONE DETECTED,No,No Apparent Injury,N/A,NOT DISTRACTED,MD,PASSENGER CAR,MAKING LEFT TURN,30,No,2015,TOYOTA,COROLLA,39.10966167,-76.93380167,2022,4,11
220015502,Injury Crash,04/12/2022 11:33:00 AM,NA,NA,SINGLE VEHICLE,Cloudy,NA,Daylight,N/A,NONE DETECTED,Yes,Possible Minor Injury,N/A,NOT DISTRACTED,MD,PASSENGER CAR,PARKING,25,No,2005,TOYOTA,MATRIX,38.98546433,-76.98673417,2022,4,11
220015500,Property Damage Crash,04/12/2022 11:29:00 AM,LAYHILL RD,NA,OTHER,Clear,DRY,Daylight,TRAFFIC SIGNAL,NONE DETECTED,Yes,No Apparent Injury,N/A,LOOKED BUT DID NOT SEE,MD,PASSENGER CAR,RIGHT TURN ON RED,30,No,2022,TOYT,UT,39.06281167,-77.05055667,2022,4,11
220015500,Property Damage Crash,04/12/2022 11:29:00 AM,LAYHILL RD,NA,OTHER,Clear,DRY,Daylight,TRAFFIC SIGNAL,NONE DETECTED,No,No Apparent Injury,N/A,NOT DISTRACTED,MD,"OTHER LIGHT TRUCKS (10,000LBS (4,536KG) OR LESS)",MOVING CONSTANT SPEED,30,No,2015,CHEV,TK,39.06281167,-77.05055667,2022,4,11
220015490,Property Damage Crash,04/12/2022 10:45:00 AM,NA,NA,SAME DIR REAR END,Clear,NA,Daylight,N/A,NONE DETECTED,Yes,No Apparent Injury,N/A,UNKNOWN,XX,UNKNOWN,STARTING FROM PARKED,5,No,2022,UNKNOWN,UNKNOWN,39.07556361,-77.1162548,2022,4,10
220015490,Property Damage Crash,04/12/2022 10:45:00 AM,NA,NA,SAME DIR REAR END,Clear,NA,Daylight,N/A,NONE DETECTED,No,No Apparent Injury,N/A,NOT DISTRACTED,MD,"CARGO VAN/LIGHT TRUCK 2 AXLES (OVER 10,000LBS (4,536 KG))",PARKED,0,No,2005,GMC,TK,39.07556361,-77.1162548,2022,4,10
220015483,Property Damage Crash,04/12/2022 09:30:00 AM,NA,NA,SINGLE VEHICLE,Clear,NA,Daylight,N/A,NONE DETECTED,Yes,No Apparent Injury,N/A,NOT DISTRACTED,MD,PASSENGER CAR,STARTING FROM PARKED,5,No,2012,LEXUS,IS 250,39.04972167,-77.10326333,2022,4,9
220015468,Property Damage Crash,04/12/2022 07:40:00 AM,GEORGIA AVE,NA,SAME DIRECTION SIDESWIPE,Cloudy,DRY,Medium,NO CONTROLS,NONE DETECTED,No,No Apparent Injury,N/A,NOT DISTRACTED,MD,PASSENGER CAR,MOVING CONSTANT SPEED,35,No,2011,LEXS,SD,39.08491167,-77.07606833,2022,4,7
220015468,Property Damage Crash,04/12/2022 07:40:00 AM,GEORGIA AVE,NA,SAME DIRECTION SIDESWIPE,Cloudy,DRY,Medium,NO CONTROLS,NONE DETECTED,Yes,No Apparent Injury,N/A,UNKNOWN,NA,PASSENGER CAR,CHANGING LANES,35,No,2017,FORD,ESCAPE,39.08491167,-77.07606833,2022,4,7
220015467,Property Damage Crash,04/12/2022 07:02:00 AM,NEW HAMPSHIRE AVE,NA,HEAD ON,Clear,DRY,Daylight,NO CONTROLS,NONE DETECTED,Yes,No Apparent Injury,N/A,NOT DISTRACTED,MD,PASSENGER CAR,MOVING CONSTANT SPEED,40,No,2020,CHEVY,MALIBU,39.14904667,-77.066605,2022,4,7
220015467,Property Damage Crash,04/12/2022 07:02:00 AM,NEW HAMPSHIRE AVE,NA,HEAD ON,Clear,DRY,Daylight,NO CONTROLS,NONE DETECTED,Yes,No Apparent Injury,N/A,NOT DISTRACTED,MD,PASSENGER CAR,MOVING CONSTANT SPEED,40,No,2011,TOYOTA,CAMRY,39.14904667,-77.066605,2022,4,7
220015430,Injury Crash,04/11/2022 08:02:00 PM,GREAT SENECA HWY,NA,SAME DIRECTION RIGHT TURN,Clear,DRY,Medium,TRAFFIC SIGNAL,NONE DETECTED,No,No Apparent Injury,N/A,NOT DISTRACTED,MD,PASSENGER CAR,MOVING CONSTANT SPEED,50,No,2004,TOYOTA,SIENNA,39.12851113,-77.2377355,2022,4,20
220015430,Injury Crash,04/11/2022 08:02:00 PM,GREAT SENECA HWY,NA,SAME DIRECTION RIGHT TURN,Clear,DRY,Medium,TRAFFIC SIGNAL,DRUG PRESENT,Yes,No Apparent Injury,N/A,LOOKED BUT DID NOT SEE,MD,PASSENGER CAR,STARTING FROM LANE,50,No,2019,NISSAN,ALTIMA,39.12851113,-77.2377355,2022,4,20
220015421,Property Damage Crash,04/11/2022 06:49:00 PM,SHADY GROVE RD,NA,SINGLE VEHICLE,Clear,DRY,Daylight,NO CONTROLS,NONE DETECTED,Yes,No Apparent Injury,N/A,NOT DISTRACTED,MD,PASSENGER CAR,MOVING CONSTANT SPEED,40,No,2016,CHEVROLET,CAMERO,39.11225117,-77.1869795,2022,4,18
220015412,Property Damage Crash,04/11/2022 06:37:00 PM,E JEFFERSON ST,NA,HEAD ON LEFT TURN,Clear,DRY,Daylight,NO CONTROLS,NONE DETECTED,No,No Apparent Injury,N/A,UNKNOWN,DC,PASSENGER CAR,MOVING CONSTANT SPEED,30,No,2017,MITSUBISHI,MIRAGE,39.057325,-77.12632167,2022,4,18
220015412,Property Damage Crash,04/11/2022 06:37:00 PM,E JEFFERSON ST,NA,HEAD ON LEFT TURN,Clear,DRY,Daylight,NO CONTROLS,NONE DETECTED,Yes,No Apparent Injury,N/A,UNKNOWN,MD,PASSENGER CAR,MAKING LEFT TURN,15,No,2006,TOYOTA,HIGHLANDER,39.057325,-77.12632167,2022,4,18
220015398,Injury Crash,04/11/2022 05:31:00 PM,COLUMBIA PIKE,NA,SAME DIR REAR END,Clear,DRY,Daylight,TRAFFIC SIGNAL,NONE DETECTED,Yes,Suspected Serious Injury,N/A,UNKNOWN,MD,(SPORT) UTILITY VEHICLE,NEGOTIATING A CURVE,50,No,2020,TOYOTA,4RUNNER,39.07427,-76.95546,2022,4,17
220015398,Injury Crash,04/11/2022 05:31:00 PM,COLUMBIA PIKE,NA,SAME DIR REAR END,Clear,DRY,Daylight,TRAFFIC SIGNAL,NONE DETECTED,No,Possible Minor Injury,N/A,NOT DISTRACTED,MD,TRUCK TRACTOR,STOPPED IN TRAFFIC LANE,50,No,2018,GDAN,1GR,39.07427,-76.95546,2022,4,17
210015386,Injury Crash,04/11/2022 04:39:00 PM,GEORGIA AVE,NA,STRAIGHT MOVEMENT ANGLE,Clear,DRY,Daylight,NO CONTROLS,NONE DETECTED,Yes,No Apparent Injury,N/A,LOOKED BUT DID NOT SEE,MD,PASSENGER CAR,MAKING LEFT TURN,40,No,2016,MAZD,TK,39.01057,-77.04094333,2022,4,16
210015386,Injury Crash,04/11/2022 04:39:00 PM,GEORGIA AVE,NA,STRAIGHT MOVEMENT ANGLE,Clear,DRY,Daylight,NO CONTROLS,NONE DETECTED,No,Possible Minor Injury,N/A,LOOKED BUT DID NOT SEE,MD,PASSENGER CAR,MOVING CONSTANT SPEED,40,No,2018,MINI,4H,39.01057,-77.04094333,2022,4,16
220016639,Property Damage Crash,04/11/2022 03:30:00 PM,POWDER HORN DR,NA,SINGLE VEHICLE,Clear,N/A,Daylight,N/A,NONE DETECTED,Yes,No Apparent Injury,N/A,UNKNOWN,NA,VAN,BACKING,25,No,2020,CHEVY,EXPRESS G2500,39.03605515,-77.17682836,2022,4,15
220015363,Property Damage Crash,04/11/2022 02:30:00 PM,FIRST ST,NA,SAME DIRECTION SIDESWIPE,Clear,DRY,Daylight,TRAFFIC SIGNAL,NONE DETECTED,Yes,No Apparent Injury,N/A,LOOKED BUT DID NOT SEE,MD,"CARGO VAN/LIGHT TRUCK 2 AXLES (OVER 10,000LBS (4,536 KG))",MAKING LEFT TURN,30,No,2019,PTRB,TK,39.08003353,-77.13784044,2022,4,14
220015363,Property Damage Crash,04/11/2022 02:30:00 PM,FIRST ST,NA,SAME DIRECTION SIDESWIPE,Clear,DRY,Daylight,TRAFFIC SIGNAL,NONE DETECTED,No,No Apparent Injury,N/A,NOT DISTRACTED,MD,PICKUP TRUCK,STOPPED IN TRAFFIC LANE,35,No,2020,FORD,PK,39.08003353,-77.13784044,2022,4,14
220015350,Property Damage Crash,04/11/2022 12:18:00 PM,NA,NA,OTHER,Clear,NA,Daylight,N/A,NONE DETECTED,No,No Apparent Injury,N/A,UNKNOWN,MD,PASSENGER CAR,PARKED,10,No,2017,HYUNDAI,ELANTRA,39.13008,-77.07145167,2022,4,12
220015350,Property Damage Crash,04/11/2022 12:18:00 PM,NA,NA,OTHER,Clear,NA,Daylight,N/A,NONE DETECTED,Yes,No Apparent Injury,N/A,LOOKED BUT DID NOT SEE,MD,PASSENGER CAR,BACKING,10,No,2010,MERCEDES,ML 350,39.13008,-77.07145167,2022,4,12
220015338,Property Damage Crash,04/11/2022 11:53:00 AM,NEW HAMPSHIRE AVE,NA,OTHER,Clear,DRY,Daylight,N/A,NONE DETECTED,Yes,No Apparent Injury,N/A,LOOKED BUT DID NOT SEE,MD,PASSENGER CAR,MOVING CONSTANT SPEED,35,No,2017,FORD,FUSION,38.97645483,-76.993134,2022,4,11
220015338,Property Damage Crash,04/11/2022 11:53:00 AM,NEW HAMPSHIRE AVE,NA,OTHER,Clear,DRY,Daylight,N/A,NONE DETECTED,No,No Apparent Injury,N/A,NOT DISTRACTED,MD,PASSENGER CAR,MOVING CONSTANT SPEED,35,No,2010,HONDA,HB,38.97645483,-76.993134,2022,4,11
220015334,Injury Crash,04/11/2022 11:20:00 AM,MUNCASTER RD,NA,SAME DIR REAR END,Clear,DRY,Daylight,NO CONTROLS,NONE DETECTED,No,No Apparent Injury,N/A,NOT DISTRACTED,VA,VAN,STOPPED IN TRAFFIC LANE,30,No,2009,CHEVROLET,E15,39.14923833,-77.14218167,2022,4,11
220015334,Injury Crash,04/11/2022 11:20:00 AM,MUNCASTER RD,NA,SAME DIR REAR END,Clear,DRY,Daylight,NO CONTROLS,NONE DETECTED,No,Possible Minor Injury,N/A,NOT DISTRACTED,MD,PICKUP TRUCK,STOPPED IN TRAFFIC LANE,30,No,2018,RAM,1500,39.14923833,-77.14218167,2022,4,11
220015334,Injury Crash,04/11/2022 11:20:00 AM,MUNCASTER RD,NA,SAME DIR REAR END,Clear,DRY,Daylight,NO CONTROLS,NONE DETECTED,Yes,No Apparent Injury,N/A,LOOKED BUT DID NOT SEE,MD,VAN,SLOWING OR STOPPING,30,No,2020,DODGE,CARAVAN,39.14923833,-77.14218167,2022,4,11
220015324,Injury Crash,04/11/2022 10:22:00 AM,CONNECTICUT AVE,NA,SAME DIR REAR END,Clear,DRY,Daylight,NO CONTROLS,NONE DETECTED,Unknown,Possible Minor Injury,N/A,DISTRACTED BY OUTSIDE PERSON OBJECT OR EVENT,MD,PASSENGER CAR,CHANGING LANES,40,No,2004,FORD,TRUCK,39.05567833,-77.07400667,2022,4,10
220015324,Injury Crash,04/11/2022 10:22:00 AM,CONNECTICUT AVE,NA,SAME DIR REAR END,Clear,DRY,Daylight,NO CONTROLS,NONE DETECTED,Unknown,No Apparent Injury,N/A,NOT DISTRACTED,MD,PICKUP TRUCK,SLOWING OR STOPPING,40,No,2004,FORD,TRUCK,39.05567833,-77.07400667,2022,4,10
210015313,Injury Crash,04/11/2022 09:30:00 AM,NORBECK RD,NA,SAME DIR REAR END,Clear,DRY,Daylight,NO CONTROLS,NONE DETECTED,Yes,No Apparent Injury,N/A,NOT DISTRACTED,MD,(SPORT) UTILITY VEHICLE,SLOWING OR STOPPING,40,No,2015,LEXUS,TK,39.09146724,-77.12646125,2022,4,9
210015313,Injury Crash,04/11/2022 09:30:00 AM,NORBECK RD,NA,SAME DIR REAR END,Clear,DRY,Daylight,NO CONTROLS,NONE DETECTED,Yes,Possible Minor Injury,N/A,NOT DISTRACTED,MD,PASSENGER CAR,SLOWING OR STOPPING,40,No,2018,TOYOTA,COROLLA,39.09146724,-77.12646125,2022,4,9