Local Case Number,ACRS Report Type,Crash Date/Time,Road Name,Related Non-Motorist,Collision Type,Weather,Surface Condition,Light,Traffic Control,Driver Substance Abuse,Driver At Fault,Injury Severity,Circumstance,Driver Distracted By,Drivers License State,Vehicle Body Type,Vehicle Movement,Speed Limit,Driverless Vehicle,Vehicle Year,Vehicle Make,Vehicle Model,Latitude,Longitude,Year,Month,Hour
210015313,Injury Crash,04/11/2022 09:30:00 AM,NORBECK RD,NA,SAME DIR REAR END,Clear,DRY,Daylight,NO CONTROLS,NONE DETECTED,No,No Apparent Injury,N/A,NOT DISTRACTED,MD,PASSENGER CAR,SLOWING OR STOPPING,40,No,2002,FORD,MUSTANG,39.09146724,-77.12646125,2022,4,9
220015295,Property Damage Crash,04/11/2022 06:50:00 AM,UNIVERSITY BLVD W,NA,OTHER,Clear,DRY,Daylight,NO CONTROLS,NONE DETECTED,No,No Apparent Injury,N/A,NOT DISTRACTED,NY,PASSENGER CAR,OTHER,35,No,2008,HONDA,ACCORD,39.02309333,-77.01661833,2022,4,6
220015295,Property Damage Crash,04/11/2022 06:50:00 AM,UNIVERSITY BLVD W,NA,OTHER,Clear,DRY,Daylight,NO CONTROLS,NONE DETECTED,Yes,No Apparent Injury,N/A,LOOKED BUT DID NOT SEE,MD,PASSENGER CAR,CHANGING LANES,35,No,2016,TOYOTA,COROLLA,39.02309333,-77.01661833,2022,4,6
220015295,Property Damage Crash,04/11/2022 06:50:00 AM,UNIVERSITY BLVD W,NA,OTHER,Clear,DRY,Daylight,NO CONTROLS,NONE DETECTED,No,No Apparent Injury,N/A,NOT DISTRACTED,WV,TRANSIT BUS,ACCELERATING,35,No,2013,NEW FLYER,BUS,39.02309333,-77.01661833,2022,4,6
220015275,Injury Crash,04/10/2022 09:43:00 PM,MUNCASTER MILL RD,NA,SAME DIRECTION LEFT TURN,Clear,DRY,Medium,NO CONTROLS,NONE DETECTED,No,No Apparent Injury,N/A,NOT DISTRACTED,MD,PASSENGER CAR,MOVING CONSTANT SPEED,40,No,2018,TOYOTA,YARIS,39.11645833,-77.09943333,2022,4,21
220015275,Injury Crash,04/10/2022 09:43:00 PM,MUNCASTER MILL RD,NA,SAME DIRECTION LEFT TURN,Clear,DRY,Medium,NO CONTROLS,NONE DETECTED,Yes,Possible Minor Injury,N/A,LOOKED BUT DID NOT SEE,MD,(SPORT) UTILITY VEHICLE,MAKING U TURN,40,No,2017,CADILLAC,ESCALADE,39.11645833,-77.09943333,2022,4,21
220015254,Property Damage Crash,04/10/2022 06:26:00 PM,GAINSBOROUGH RD,NA,SAME DIRECTION SIDESWIPE,Clear,DRY,Daylight,TRAFFIC SIGNAL,NONE DETECTED,No,No Apparent Injury,N/A,NOT DISTRACTED,MD,(SPORT) UTILITY VEHICLE,MOVING CONSTANT SPEED,25,No,2014,CHEVROLET,TAHOE,39.04775933,-77.162386,2022,4,18
220015254,Property Damage Crash,04/10/2022 06:26:00 PM,GAINSBOROUGH RD,NA,SAME DIRECTION SIDESWIPE,Clear,DRY,Daylight,TRAFFIC SIGNAL,NONE DETECTED,Yes,No Apparent Injury,N/A,NOT DISTRACTED,MD,(SPORT) UTILITY VEHICLE,PASSING,25,No,2007,CHEVROLET,TRAILBLAZER,39.04775933,-77.162386,2022,4,18
220015327,Property Damage Crash,04/10/2022 05:18:00 PM,RICHTER FARM RD,NA,SINGLE VEHICLE,Clear,DRY,Daylight,NO CONTROLS,NONE DETECTED,Yes,No Apparent Injury,N/A,UNKNOWN,NA,NA,ACCELERATING,15,No,0,UNKNOWN,UNKNOWN,39.15170667,-77.28090667,2022,4,17
220015236,Property Damage Crash,04/10/2022 03:54:00 PM,COLUMBIA PIKE,NA,SAME DIR REAR END,Clear,DRY,Daylight,TRAFFIC SIGNAL,NONE DETECTED,No,No Apparent Injury,N/A,NOT DISTRACTED,MD,PASSENGER CAR,SLOWING OR STOPPING,45,No,2010,MERZ,TK,39.07303083,-76.95573283,2022,4,15
220015236,Property Damage Crash,04/10/2022 03:54:00 PM,COLUMBIA PIKE,NA,SAME DIR REAR END,Clear,DRY,Daylight,TRAFFIC SIGNAL,NONE DETECTED,No,No Apparent Injury,N/A,NOT DISTRACTED,MD,PASSENGER CAR,SLOWING OR STOPPING,45,No,2014,NISSAN,VERSA,39.07303083,-76.95573283,2022,4,15
220015236,Property Damage Crash,04/10/2022 03:54:00 PM,COLUMBIA PIKE,NA,SAME DIR REAR END,Clear,DRY,Daylight,TRAFFIC SIGNAL,NONE DETECTED,No,No Apparent Injury,N/A,NOT DISTRACTED,DC,PASSENGER CAR,SLOWING OR STOPPING,45,No,2012,TOYOTA,HB,39.07303083,-76.95573283,2022,4,15
220015236,Property Damage Crash,04/10/2022 03:54:00 PM,COLUMBIA PIKE,NA,SAME DIR REAR END,Clear,DRY,Daylight,TRAFFIC SIGNAL,NONE DETECTED,Yes,No Apparent Injury,N/A,LOOKED BUT DID NOT SEE,VA,PASSENGER CAR,MOVING CONSTANT SPEED,45,No,2014,TOYOTA,CAMRY,39.07303083,-76.95573283,2022,4,15
220015235,Property Damage Crash,04/10/2022 03:23:00 PM,GEORGIA AVE,NA,STRAIGHT MOVEMENT ANGLE,Clear,DRY,Daylight,NO CONTROLS,NONE DETECTED,No,No Apparent Injury,N/A,NOT DISTRACTED,MD,PICKUP TRUCK,MOVING CONSTANT SPEED,30,No,2003,TOYOTA,TACOMA,39.02220567,-77.04513454,2022,4,15
220015235,Property Damage Crash,04/10/2022 03:23:00 PM,GEORGIA AVE,NA,STRAIGHT MOVEMENT ANGLE,Clear,DRY,Daylight,NO CONTROLS,NONE DETECTED,Yes,No Apparent Injury,N/A,UNKNOWN,MD,PASSENGER CAR,MAKING RIGHT TURN,30,No,2021,TOYTA,C-HR,39.02220567,-77.04513454,2022,4,15
220015282,Injury Crash,04/10/2022 01:45:00 PM,13TH ST,PEDESTRIAN,SINGLE VEHICLE,Clear,DRY,Daylight,TRAFFIC SIGNAL,NONE DETECTED,Yes,No Apparent Injury,N/A,UNKNOWN,VA,PASSENGER CAR,MAKING LEFT TURN,30,No,2019,HYUNDAI,KONA,38.98732533,-77.0267463,2022,4,13
220015220,Property Damage Crash,04/10/2022 01:34:00 PM,ROCKVILLE PIKE,NA,SAME DIR REAR END,Cloudy,DRY,Daylight,TRAFFIC SIGNAL,NONE DETECTED,No,No Apparent Injury,N/A,NOT DISTRACTED,MD,(SPORT) UTILITY VEHICLE,MOVING CONSTANT SPEED,35,No,2018,JEEP,GRAND CHEROKEE,39.08056333,-77.14396833,2022,4,13
220015220,Property Damage Crash,04/10/2022 01:34:00 PM,ROCKVILLE PIKE,NA,SAME DIR REAR END,Cloudy,DRY,Daylight,TRAFFIC SIGNAL,NONE DETECTED,Yes,No Apparent Injury,N/A,NOT DISTRACTED,WI,(SPORT) UTILITY VEHICLE,MOVING CONSTANT SPEED,35,No,2017,HYUNDAI,TUCSON,39.08056333,-77.14396833,2022,4,13
220015218,Property Damage Crash,04/10/2022 12:45:00 PM,DARNESTOWN RD,NA,HEAD ON LEFT TURN,Cloudy,DRY,Daylight,TRAFFIC SIGNAL,NONE DETECTED,Yes,No Apparent Injury,N/A,UNKNOWN,MD,PASSENGER CAR,ACCELERATING,35,No,2015,HONDA,CIVIC,39.09590467,-77.20110883,2022,4,12
220015218,Property Damage Crash,04/10/2022 12:45:00 PM,DARNESTOWN RD,NA,HEAD ON LEFT TURN,Cloudy,DRY,Daylight,TRAFFIC SIGNAL,NONE DETECTED,No,No Apparent Injury,N/A,NOT DISTRACTED,MD,PICKUP TRUCK,MOVING CONSTANT SPEED,35,No,2015,RAM,1500,39.09590467,-77.20110883,2022,4,12
220015208,Injury Crash,04/10/2022 12:04:00 PM,FREDERICK RD,NA,SAME DIRECTION RIGHT TURN,Cloudy,DRY,Daylight,NO CONTROLS,NONE DETECTED,No,No Apparent Injury,N/A,NOT DISTRACTED,MD,(SPORT) UTILITY VEHICLE,MOVING CONSTANT SPEED,40,No,2021,VOLK,ATLAS,39.12073167,-77.174935,2022,4,12
220015208,Injury Crash,04/10/2022 12:04:00 PM,FREDERICK RD,NA,SAME DIRECTION RIGHT TURN,Cloudy,DRY,Daylight,NO CONTROLS,NONE DETECTED,Yes,No Apparent Injury,N/A,NOT DISTRACTED,MD,PICKUP TRUCK,MOVING CONSTANT SPEED,40,No,2014,TOYT,TK,39.12073167,-77.174935,2022,4,12
220015200,Injury Crash,04/10/2022 11:01:00 AM,MANCHESTER RD,NA,HEAD ON,Cloudy,DRY,Daylight,NO CONTROLS,NONE DETECTED,No,Possible Minor Injury,N/A,NOT DISTRACTED,MD,PASSENGER CAR,MOVING CONSTANT SPEED,30,No,2018,TOYOTA,CAMRY,38.99870333,-77.00790667,2022,4,11
220015200,Injury Crash,04/10/2022 11:01:00 AM,MANCHESTER RD,NA,HEAD ON,Cloudy,DRY,Daylight,NO CONTROLS,NONE DETECTED,Yes,Possible Minor Injury,N/A,UNKNOWN,VA,PASSENGER CAR,MOVING CONSTANT SPEED,30,No,2017,FORD,FUSION,38.99870333,-77.00790667,2022,4,11
220015183,Injury Crash,04/10/2022 03:59:00 AM,COLUMBIA PIKE,NA,SAME DIR REAR END,Clear,DRY,Medium,TRAFFIC SIGNAL,NONE DETECTED,No,No Apparent Injury,N/A,NOT DISTRACTED,VA,PASSENGER CAR,SLOWING OR STOPPING,55,No,2009,HONDA,CIVIC,39.07296933,-76.95584633,2022,4,3
220015183,Injury Crash,04/10/2022 03:59:00 AM,COLUMBIA PIKE,NA,SAME DIR REAR END,Clear,DRY,Medium,TRAFFIC SIGNAL,NONE DETECTED,Yes,Possible Minor Injury,N/A,NOT DISTRACTED,MD,PASSENGER CAR,MOVING CONSTANT SPEED,55,No,2019,HONDA,ACCORD,39.07296933,-76.95584633,2022,4,3
220015185,Property Damage Crash,04/10/2022 03:44:00 AM,BETHESDA CHURCH RD,NA,HEAD ON,Clear,DRY,Medium,NO CONTROLS,NONE DETECTED,Yes,No Apparent Injury,N/A,UNKNOWN,NA,PICKUP TRUCK,MOVING CONSTANT SPEED,30,No,2004,CHEVROLET,SILVERADO,39.28360183,-77.20356833,2022,4,3
220015179,Injury Crash,04/10/2022 03:30:00 AM,FENTON ST,NA,STRAIGHT MOVEMENT ANGLE,Clear,DRY,Medium,TRAFFIC SIGNAL,NONE DETECTED,No,No Apparent Injury,N/A,NOT DISTRACTED,VA,PASSENGER CAR,MOVING CONSTANT SPEED,30,No,2018,MERCEDES BENS,GLA,38.99769333,-77.02697167,2022,4,3
220015179,Injury Crash,04/10/2022 03:30:00 AM,FENTON ST,NA,STRAIGHT MOVEMENT ANGLE,Clear,DRY,Medium,TRAFFIC SIGNAL,NONE DETECTED,Yes,No Apparent Injury,N/A,UNKNOWN,NA,PASSENGER CAR,ACCELERATING,30,No,2007,MERCEDES,E350,38.99769333,-77.02697167,2022,4,3
220015180,Property Damage Crash,04/10/2022 03:28:00 AM,GEORGIA AVE,NA,SAME DIRECTION SIDESWIPE,Clear,DRY,Medium,TRAFFIC SIGNAL,NONE DETECTED,No,No Apparent Injury,N/A,NOT DISTRACTED,MD,PASSENGER CAR,MOVING CONSTANT SPEED,45,No,2003,CHEV,SILVERADO,39.011895,-77.041413,2022,4,3
220015180,Property Damage Crash,04/10/2022 03:28:00 AM,GEORGIA AVE,NA,SAME DIRECTION SIDESWIPE,Clear,DRY,Medium,TRAFFIC SIGNAL,ALCOHOL PRESENT,Yes,No Apparent Injury,N/A,LOOKED BUT DID NOT SEE,NY,PASSENGER CAR,MAKING U TURN,45,No,2020,FORD,FUSION,39.011895,-77.041413,2022,4,3
220015181,Property Damage Crash,04/10/2022 03:17:00 AM,MACARTHUR BLVD,NA,SINGLE VEHICLE,Clear,DRY,Medium,NO CONTROLS,NONE DETECTED,Yes,No Apparent Injury,N/A,NOT DISTRACTED,MD,PASSENGER CAR,MOVING CONSTANT SPEED,35,No,2014,KIA,SORENTO,38.99887,-77.23821833,2022,4,3
220015176,Property Damage Crash,04/10/2022 01:44:00 AM,NORTHWOOD TERR,NA,SAME DIR REAR END,Clear,DRY,Dark,NO CONTROLS,NONE DETECTED,Yes,No Apparent Injury,N/A,UNKNOWN,NA,PASSENGER CAR,MOVING CONSTANT SPEED,25,No,2011,HONDA,CIVIC,39.03792105,-77.02149646,2022,4,1
220015164,Injury Crash,04/09/2022 09:22:00 PM,ROCKVILLE PIKE,NA,SAME DIR REAR END,Cloudy,DRY,Medium,NO CONTROLS,NONE DETECTED,Yes,No Apparent Injury,N/A,UNKNOWN,VA,PASSENGER CAR,SLOWING OR STOPPING,40,No,2011,HYUNDAI,SONATA,39.06850142,-77.13027577,2022,4,21
220015164,Injury Crash,04/09/2022 09:22:00 PM,ROCKVILLE PIKE,NA,SAME DIR REAR END,Cloudy,DRY,Medium,NO CONTROLS,NONE DETECTED,No,Possible Minor Injury,N/A,UNKNOWN,MD,PASSENGER CAR,STOPPED IN TRAFFIC LANE,40,No,2012,VOLV,SD,39.06850142,-77.13027577,2022,4,21
220015160,Property Damage Crash,04/09/2022 09:00:00 PM,CHERRY HILL RD,NA,HEAD ON LEFT TURN,Clear,DRY,Medium,TRAFFIC SIGNAL,NONE DETECTED,No,No Apparent Injury,N/A,NOT DISTRACTED,MD,PASSENGER CAR,MOVING CONSTANT SPEED,40,No,2011,HONDA,ACCORD,39.05258729,-76.95328065,2022,4,21
220015160,Property Damage Crash,04/09/2022 09:00:00 PM,CHERRY HILL RD,NA,HEAD ON LEFT TURN,Clear,DRY,Medium,TRAFFIC SIGNAL,NONE DETECTED,Yes,No Apparent Injury,N/A,UNKNOWN,MD,PASSENGER CAR,MAKING LEFT TURN,40,No,2004,HONDA,ACCORD,39.05258729,-76.95328065,2022,4,21
220015159,Property Damage Crash,04/09/2022 08:15:00 PM,RIVER RD,NA,STRAIGHT MOVEMENT ANGLE,Clear,DRY,Medium,TRAFFIC SIGNAL,NONE DETECTED,Yes,No Apparent Injury,N/A,NOT DISTRACTED,DC,PASSENGER CAR,MOVING CONSTANT SPEED,35,No,2015,JEEP,TK,39.01816517,-77.20896333,2022,4,20
220015159,Property Damage Crash,04/09/2022 08:15:00 PM,RIVER RD,NA,STRAIGHT MOVEMENT ANGLE,Clear,DRY,Medium,TRAFFIC SIGNAL,NONE DETECTED,Yes,No Apparent Injury,N/A,NOT DISTRACTED,MD,PASSENGER CAR,MAKING LEFT TURN,35,No,2004,LEXUS,RS330,39.01816517,-77.20896333,2022,4,20
220015158,Injury Crash,04/09/2022 08:12:00 PM,VEIRS MILL RD,NA,SAME DIR REAR END,Clear,DRY,Medium,TRAFFIC SIGNAL,NONE DETECTED,No,No Apparent Injury,N/A,NOT DISTRACTED,MD,PASSENGER CAR,STOPPED IN TRAFFIC LANE,35,No,2016,HONDA,CRV,39.05129867,-77.07423433,2022,4,20
220015158,Injury Crash,04/09/2022 08:12:00 PM,VEIRS MILL RD,NA,SAME DIR REAR END,Clear,DRY,Medium,TRAFFIC SIGNAL,NONE DETECTED,No,Possible Minor Injury,N/A,NOT DISTRACTED,MD,PASSENGER CAR,STOPPED IN TRAFFIC LANE,35,No,2011,HONDA,CIVIC,39.05129867,-77.07423433,2022,4,20
220015158,Injury Crash,04/09/2022 08:12:00 PM,VEIRS MILL RD,NA,SAME DIR REAR END,Clear,DRY,Medium,TRAFFIC SIGNAL,ALCOHOL PRESENT,Yes,No Apparent Injury,N/A,UNKNOWN,MD,PASSENGER CAR,MOVING CONSTANT SPEED,35,No,2008,TOYOTA,CAMRY,39.05129867,-77.07423433,2022,4,20
220015158,Injury Crash,04/09/2022 08:12:00 PM,VEIRS MILL RD,NA,SAME DIR REAR END,Clear,DRY,Medium,TRAFFIC SIGNAL,NONE DETECTED,No,No Apparent Injury,N/A,NOT DISTRACTED,MD,PASSENGER CAR,STOPPED IN TRAFFIC LANE,35,No,2015,HONDA,ACCORD,39.05129867,-77.07423433,2022,4,20
220015145,Property Damage Crash,04/09/2022 07:45:00 PM,NA,NA,SAME DIR REAR END,Clear,NA,Medium,NO CONTROLS,NONE DETECTED,Yes,No Apparent Injury,N/A,INATTENTIVE OR LOST IN THOUGHT,MD,PASSENGER CAR,PARKING,15,No,2006,TOYOTA,TUNDRA,38.99875861,-77.00226853,2022,4,19
220015141,Injury Crash,04/09/2022 05:43:00 PM,FREDERICK RD,NA,STRAIGHT MOVEMENT ANGLE,Clear,DRY,Daylight,TRAFFIC SIGNAL,NONE DETECTED,Yes,Possible Minor Injury,N/A,LOOKED BUT DID NOT SEE,MD,VAN,MAKING LEFT TURN,40,No,2010,HONDA,ODYSSEY,39.19839167,-77.24503833,2022,4,17
220015141,Injury Crash,04/09/2022 05:43:00 PM,FREDERICK RD,NA,STRAIGHT MOVEMENT ANGLE,Clear,DRY,Daylight,TRAFFIC SIGNAL,NONE DETECTED,No,Possible Minor Injury,N/A,NOT DISTRACTED,MD,(SPORT) UTILITY VEHICLE,MOVING CONSTANT SPEED,40,No,2017,MITSUBISHI,OUTLANDER,39.19839167,-77.24503833,2022,4,17
220015132,Injury Crash,04/09/2022 05:34:00 PM,DARNESTOWN RD,NA,SAME DIR REAR END,Clear,DRY,Daylight,NO CONTROLS,NONE DETECTED,No,No Apparent Injury,N/A,NOT DISTRACTED,MD,PICKUP TRUCK,SLOWING OR STOPPING,50,No,2007,CHEV,PK,39.12852585,-77.34280193,2022,4,17
220015132,Injury Crash,04/09/2022 05:34:00 PM,DARNESTOWN RD,NA,SAME DIR REAR END,Clear,DRY,Daylight,NO CONTROLS,NONE DETECTED,No,Suspected Serious Injury,N/A,NOT DISTRACTED,MD,MOTORCYCLE,MOVING CONSTANT SPEED,50,No,2018,KTM,390DUKE,39.12852585,-77.34280193,2022,4,17
220015132,Injury Crash,04/09/2022 05:34:00 PM,DARNESTOWN RD,NA,SAME DIR REAR END,Clear,DRY,Daylight,NO CONTROLS,NONE DETECTED,No,Possible Minor Injury,N/A,NOT DISTRACTED,MD,(SPORT) UTILITY VEHICLE,SLOWING OR STOPPING,50,No,2016,MAZD,CX-3,39.12852585,-77.34280193,2022,4,17
220015132,Injury Crash,04/09/2022 05:34:00 PM,DARNESTOWN RD,NA,SAME DIR REAR END,Clear,DRY,Daylight,NO CONTROLS,NONE DETECTED,Yes,Possible Minor Injury,N/A,UNKNOWN,MD,(SPORT) UTILITY VEHICLE,MOVING CONSTANT SPEED,50,No,2011,PORS,CAYENNE,39.12852585,-77.34280193,2022,4,17
220015134,Property Damage Crash,04/09/2022 05:00:00 PM,COLESVILLE RD,NA,STRAIGHT MOVEMENT ANGLE,Cloudy,DRY,Daylight,N/A,NONE DETECTED,Yes,No Apparent Injury,N/A,LOOKED BUT DID NOT SEE,MD,PASSENGER CAR,MAKING LEFT TURN,45,No,2012,NISSAN,ALTIMA,38.99483,-77.02678833,2022,4,17
220015134,Property Damage Crash,04/09/2022 05:00:00 PM,COLESVILLE RD,NA,STRAIGHT MOVEMENT ANGLE,Cloudy,DRY,Daylight,N/A,NONE DETECTED,No,No Apparent Injury,N/A,NOT DISTRACTED,MD,PASSENGER CAR,MOVING CONSTANT SPEED,45,No,2004,TYOTA,4S,38.99483,-77.02678833,2022,4,17
220015111,Property Damage Crash,04/09/2022 02:30:00 PM,NA,NA,SINGLE VEHICLE,Clear,NA,Daylight,NO CONTROLS,NONE DETECTED,Yes,No Apparent Injury,N/A,NOT DISTRACTED,MD,VAN,ACCELERATING,15,No,2003,HOND,ODYSSEY,39.02658167,-77.02706333,2022,4,14
220015108,Property Damage Crash,04/09/2022 02:20:00 PM,KEMPTOWN RD,NA,SAME DIR REAR END,Cloudy,WET,Daylight,NO CONTROLS,NONE DETECTED,No,No Apparent Injury,"N/A, WET",NOT DISTRACTED,DC,PASSENGER CAR,SLOWING OR STOPPING,40,No,2017,MAZDA,3,39.3176734,-77.19816366,2022,4,14
220015108,Property Damage Crash,04/09/2022 02:20:00 PM,KEMPTOWN RD,NA,SAME DIR REAR END,Cloudy,WET,Daylight,NO CONTROLS,NONE DETECTED,Yes,No Apparent Injury,"N/A, WET",LOOKED BUT DID NOT SEE,MD,POLICE VEHICLE/NON EMERGENCY,STARTING FROM LANE,40,No,2021,FORD,EXPLORER,39.3176734,-77.19816366,2022,4,14
220015105,Property Damage Crash,04/09/2022 01:50:00 PM,NEW HAMPSHIRE AVE,NA,SAME DIR REAR END,Cloudy,DRY,Daylight,NO CONTROLS,NONE DETECTED,No,No Apparent Injury,N/A,NOT DISTRACTED,MD,PASSENGER CAR,MAKING RIGHT TURN,45,No,2020,HONDA,ACCORD,39.04512224,-76.99248176,2022,4,13
220015105,Property Damage Crash,04/09/2022 01:50:00 PM,NEW HAMPSHIRE AVE,NA,SAME DIR REAR END,Cloudy,DRY,Daylight,NO CONTROLS,NONE DETECTED,Yes,No Apparent Injury,N/A,NOT DISTRACTED,TX,PASSENGER CAR,MOVING CONSTANT SPEED,45,No,2008,HONDA,CIVIC,39.04512224,-76.99248176,2022,4,13
220015106,Property Damage Crash,04/09/2022 01:49:00 PM,SEVEN LOCKS RD,NA,SAME DIR REAR END,Cloudy,DRY,Daylight,NO CONTROLS,NONE DETECTED,Yes,No Apparent Injury,N/A,UNKNOWN,MD,PASSENGER CAR,SLOWING OR STOPPING,30,No,2009,TOYOTA,CAMRY,39.03155167,-77.1614965,2022,4,13
220015106,Property Damage Crash,04/09/2022 01:49:00 PM,SEVEN LOCKS RD,NA,SAME DIR REAR END,Cloudy,DRY,Daylight,NO CONTROLS,NONE DETECTED,No,No Apparent Injury,N/A,NOT DISTRACTED,MD,PASSENGER CAR,STOPPED IN TRAFFIC LANE,30,No,2017,HONDA,PILOT,39.03155167,-77.1614965,2022,4,13
220015908,Injury Crash,04/09/2022 12:15:00 PM,KNOWLES AVE,NA,STRAIGHT MOVEMENT ANGLE,Clear,DRY,Daylight,NO CONTROLS,NONE DETECTED,Yes,No Apparent Injury,N/A,LOOKED BUT DID NOT SEE,MD,VAN,STARTING FROM LANE,30,No,2020,FORD,TRANSIT 150,39.02725167,-77.07833,2022,4,12
220015908,Injury Crash,04/09/2022 12:15:00 PM,KNOWLES AVE,NA,STRAIGHT MOVEMENT ANGLE,Clear,DRY,Daylight,NO CONTROLS,NONE DETECTED,No,Possible Minor Injury,N/A,NOT DISTRACTED,MD,PASSENGER CAR,MOVING CONSTANT SPEED,30,No,2014,HONDA,ACCORD,39.02725167,-77.07833,2022,4,12
220015096,Property Damage Crash,04/09/2022 12:03:00 PM,OLD GEORGETOWN RD,NA,HEAD ON LEFT TURN,Clear,DRY,Daylight,TRAFFIC SIGNAL,NONE DETECTED,No,No Apparent Injury,N/A,NOT DISTRACTED,MD,PASSENGER CAR,MAKING LEFT TURN,40,No,2014,MERC,4S,39.02703667,-77.12617667,2022,4,12
220015096,Property Damage Crash,04/09/2022 12:03:00 PM,OLD GEORGETOWN RD,NA,HEAD ON LEFT TURN,Clear,DRY,Daylight,TRAFFIC SIGNAL,NONE DETECTED,Yes,No Apparent Injury,N/A,LOOKED BUT DID NOT SEE,MD,PASSENGER CAR,MOVING CONSTANT SPEED,40,No,2007,LEXUS,ES350,39.02703667,-77.12617667,2022,4,12
220015096,Property Damage Crash,04/09/2022 12:03:00 PM,OLD GEORGETOWN RD,NA,HEAD ON LEFT TURN,Clear,DRY,Daylight,TRAFFIC SIGNAL,NONE DETECTED,No,No Apparent Injury,N/A,NOT DISTRACTED,MD,PASSENGER CAR,MAKING LEFT TURN,40,No,2018,JEEP,TK,39.02703667,-77.12617667,2022,4,12
220015087,Injury Crash,04/09/2022 10:40:00 AM,MONTGOMERY VILLAGE AVE,NA,SAME DIRECTION SIDESWIPE,Clear,DRY,Daylight,NO CONTROLS,NONE DETECTED,No,No Apparent Injury,N/A,NOT DISTRACTED,MD,PASSENGER CAR,MOVING CONSTANT SPEED,30,No,2021,ACUR,SUV,39.152425,-77.21249833,2022,4,10
220015087,Injury Crash,04/09/2022 10:40:00 AM,MONTGOMERY VILLAGE AVE,NA,SAME DIRECTION SIDESWIPE,Clear,DRY,Daylight,NO CONTROLS,NONE DETECTED,Yes,Possible Minor Injury,N/A,LOOKED BUT DID NOT SEE,MD,PASSENGER CAR,CHANGING LANES,30,No,2019,TOYT,PICKUP,39.152425,-77.21249833,2022,4,10
220015304,Property Damage Crash,04/09/2022 10:10:00 AM,NA,NA,ANGLE MEETS RIGHT TURN,Clear,NA,Daylight,NO CONTROLS,NONE DETECTED,Yes,No Apparent Injury,N/A,UNKNOWN,MD,(SPORT) UTILITY VEHICLE,MAKING RIGHT TURN,15,No,2013,CADILLAC,SRX,39.14354378,-77.20125429,2022,4,10
220015083,Injury Crash,04/09/2022 09:59:00 AM,SPENCERVILLE RD,NA,OTHER,Clear,DRY,Daylight,NO CONTROLS,NONE DETECTED,No,No Apparent Injury,N/A,NOT DISTRACTED,MD,PASSENGER CAR,MOVING CONSTANT SPEED,45,No,2001,TOYOTA,CAMRY,39.11850667,-76.98223667,2022,4,9
220015083,Injury Crash,04/09/2022 09:59:00 AM,SPENCERVILLE RD,NA,OTHER,Clear,DRY,Daylight,NO CONTROLS,NONE DETECTED,Yes,No Apparent Injury,N/A,UNKNOWN,MD,PASSENGER CAR,MAKING LEFT TURN,45,No,2004,CHEVEROLET,TRUCK,39.11850667,-76.98223667,2022,4,9
220015081,Property Damage Crash,04/09/2022 08:43:00 AM,GEORGIA AVE,NA,SAME DIR REAR END,Clear,N/A,Daylight,NO CONTROLS,NONE DETECTED,No,No Apparent Injury,N/A,NOT DISTRACTED,DC,PASSENGER CAR,SLOWING OR STOPPING,35,No,2020,FORD,MUSTANG,39.01312333,-77.041692,2022,4,8
220015081,Property Damage Crash,04/09/2022 08:43:00 AM,GEORGIA AVE,NA,SAME DIR REAR END,Clear,N/A,Daylight,NO CONTROLS,NONE DETECTED,Yes,No Apparent Injury,N/A,NOT DISTRACTED,VA,PASSENGER CAR,SLOWING OR STOPPING,35,No,2013,HONDA,CIVIC,39.01312333,-77.041692,2022,4,8
220015081,Property Damage Crash,04/09/2022 08:43:00 AM,GEORGIA AVE,NA,SAME DIR REAR END,Clear,N/A,Daylight,NO CONTROLS,NONE DETECTED,No,No Apparent Injury,N/A,NOT DISTRACTED,MD,PASSENGER CAR,SLOWING OR STOPPING,35,No,2014,HONDA,ACCORD,39.01312333,-77.041692,2022,4,8
220015078,Injury Crash,04/09/2022 07:06:00 AM,COLUMBIA PIKE,NA,SAME DIRECTION LEFT TURN,Clear,WET,Daylight,NO CONTROLS,NONE DETECTED,Yes,Possible Minor Injury,N/A,NOT DISTRACTED,MD,PASSENGER CAR,MOVING CONSTANT SPEED,50,No,1999,MERZ,TK,39.05094667,-76.98024667,2022,4,7
220015078,Injury Crash,04/09/2022 07:06:00 AM,COLUMBIA PIKE,NA,SAME DIRECTION LEFT TURN,Clear,WET,Daylight,NO CONTROLS,NONE DETECTED,No,Possible Minor Injury,N/A,NOT DISTRACTED,MD,PASSENGER CAR,MOVING CONSTANT SPEED,50,No,2007,NISSAN,ALTIMA,39.05094667,-76.98024667,2022,4,7
22000498,Property Damage Crash,04/09/2022 06:24:00 AM,NORBECK RD,NA,SINGLE VEHICLE,Clear,WET,Medium,N/A,NONE DETECTED,Yes,No Apparent Injury,"N/A, WET",UNKNOWN,MD,PASSENGER CAR,MOVING CONSTANT SPEED,30,No,2001,CHEVY,TK,39.12032633,-77.0405705,2022,4,6
220015069,Injury Crash,04/09/2022 12:45:00 AM,MONTGOMERY VILLAGE AVE,NA,SINGLE VEHICLE,Rain,WET,Medium,FLASHING TRAFFIC SIGNAL,NONE DETECTED,No,Possible Minor Injury,"N/A, WET",NOT DISTRACTED,FL,PASSENGER CAR,MOVING CONSTANT SPEED,35,No,2014,TOYT,COROLLA,39.16008667,-77.20181333,2022,4,0
220015046,Property Damage Crash,04/08/2022 09:25:00 PM,CONNECTICUT AVE,NA,STRAIGHT MOVEMENT ANGLE,Rain,WET,Medium,TRAFFIC SIGNAL,NONE DETECTED,Yes,No Apparent Injury,"RAIN, SNOW, WET",LOOKED BUT DID NOT SEE,NA,PASSENGER CAR,ACCELERATING,40,No,1993,HONDA,CIVIC,39.05719877,-77.07346498,2022,4,21
220015046,Property Damage Crash,04/08/2022 09:25:00 PM,CONNECTICUT AVE,NA,STRAIGHT MOVEMENT ANGLE,Rain,WET,Medium,TRAFFIC SIGNAL,NONE DETECTED,No,No Apparent Injury,"RAIN, SNOW, WET",NOT DISTRACTED,MD,PASSENGER CAR,MOVING CONSTANT SPEED,40,No,2016,TOYT,HB,39.05719877,-77.07346498,2022,4,21
220015045,Property Damage Crash,04/08/2022 09:20:00 PM,FIRST ST,NA,SINGLE VEHICLE,Rain,WET,Medium,TRAFFIC SIGNAL,NONE DETECTED,No,No Apparent Injury,"N/A, WET",INATTENTIVE OR LOST IN THOUGHT,MD,PASSENGER CAR,MOVING CONSTANT SPEED,35,No,2011,TOY,CAMRY,39.07750633,-77.13928183,2022,4,21
220015043,Injury Crash,04/08/2022 08:53:00 PM,GEORGIA AVE,NA,STRAIGHT MOVEMENT ANGLE,Rain,WET,Medium,NO CONTROLS,NONE DETECTED,Yes,No Apparent Injury,"RAIN, SNOW, WET",NOT DISTRACTED,MD,PASSENGER CAR,OTHER,35,No,2017,NISS,SENTRA,39.07852833,-77.07191167,2022,4,20
220015043,Injury Crash,04/08/2022 08:53:00 PM,GEORGIA AVE,NA,STRAIGHT MOVEMENT ANGLE,Rain,WET,Medium,NO CONTROLS,NONE DETECTED,No,No Apparent Injury,"RAIN, SNOW, WET",NOT DISTRACTED,MD,(SPORT) UTILITY VEHICLE,MOVING CONSTANT SPEED,35,No,2009,FORD,ESCAPE,39.07852833,-77.07191167,2022,4,20