Local Case Number,ACRS Report Type,Crash Date/Time,Road Name,Related Non-Motorist,Collision Type,Weather,Surface Condition,Light,Traffic Control,Driver Substance Abuse,Driver At Fault,Injury Severity,Circumstance,Driver Distracted By,Drivers License State,Vehicle Body Type,Vehicle Movement,Speed Limit,Driverless Vehicle,Vehicle Year,Vehicle Make,Vehicle Model,Latitude,Longitude,Year,Month,Hour
220014741,Injury Crash,04/07/2022 05:45:00 AM,MIDCOUNTY HWY,NA,ANGLE MEETS LEFT TURN,Rain,WET,Dark,STOP SIGN,NONE DETECTED,Yes,Possible Minor Injury,"RAIN, SNOW, WET",UNKNOWN,WV,PASSENGER CAR,MAKING LEFT TURN,45,No,2008,PONTIAC,G6,39.142825,-77.158585,2022,4,5
220014723,Property Damage Crash,04/06/2022 10:39:00 PM,NA,NA,SINGLE VEHICLE,Clear,NA,Medium,N/A,NONE DETECTED,Yes,No Apparent Injury,N/A,NOT DISTRACTED,MD,(SPORT) UTILITY VEHICLE,BACKING,0,No,2016,FORD,EXPLORER,39.08084109,-77.14948886,2022,4,22
220014717,Property Damage Crash,04/06/2022 09:30:00 PM,COLUMBIA PIKE,NA,SINGLE VEHICLE,Rain,WET,Medium,NO CONTROLS,NONE DETECTED,Yes,No Apparent Injury,"RAIN, SNOW, WET",NOT DISTRACTED,MD,PASSENGER CAR,MOVING CONSTANT SPEED,35,No,2007,NISSAN,MAXIMA,39.083755,-76.94804833,2022,4,21
220014814,Property Damage Crash,04/06/2022 09:30:00 PM,NA,NA,SINGLE VEHICLE,Rain,NA,Medium,N/A,NONE DETECTED,Yes,No Apparent Injury,"N/A, RAIN, SNOW",NOT DISTRACTED,MD,POLICE VEHICLE/EMERGENCY,BACKING,25,No,2017,FORD,INTERCEPTOR,39.18416609,-77.26251623,2022,4,21
220014712,Property Damage Crash,04/06/2022 08:45:00 PM,NA,NA,SINGLE VEHICLE,Clear,NA,Medium,NO CONTROLS,NONE DETECTED,Yes,No Apparent Injury,N/A,NOT DISTRACTED,MD,AMBULANCE/EMERGENCY,BACKING,5,No,2016,FRHT,AM,39.08760013,-77.15094252,2022,4,20
220014707,Property Damage Crash,04/06/2022 08:20:00 PM,ROCKVILLE PIKE,NA,STRAIGHT MOVEMENT ANGLE,Clear,DRY,Medium,TRAFFIC SIGNAL,NONE DETECTED,Yes,No Apparent Injury,N/A,LOOKED BUT DID NOT SEE,MD,PASSENGER CAR,MAKING LEFT TURN,35,No,2019,SUBA,ASCENT,39.0306578,-77.10464633,2022,4,20
220014707,Property Damage Crash,04/06/2022 08:20:00 PM,ROCKVILLE PIKE,NA,STRAIGHT MOVEMENT ANGLE,Clear,DRY,Medium,TRAFFIC SIGNAL,NONE DETECTED,No,No Apparent Injury,N/A,NOT DISTRACTED,MD,PASSENGER CAR,MOVING CONSTANT SPEED,35,No,1994,TOYT,4D,39.0306578,-77.10464633,2022,4,20
220014704,Property Damage Crash,04/06/2022 06:54:00 PM,CLARKSBURG RD,NA,STRAIGHT MOVEMENT ANGLE,Clear,DRY,Daylight,TRAFFIC SIGNAL,NONE DETECTED,Yes,No Apparent Injury,N/A,UNKNOWN,MD,VAN,MOVING CONSTANT SPEED,40,No,2021,NISSAN,NV,39.24007167,-77.28137667,2022,4,18
220014704,Property Damage Crash,04/06/2022 06:54:00 PM,CLARKSBURG RD,NA,STRAIGHT MOVEMENT ANGLE,Clear,DRY,Daylight,TRAFFIC SIGNAL,NONE DETECTED,No,No Apparent Injury,N/A,NOT DISTRACTED,MD,PASSENGER CAR,MOVING CONSTANT SPEED,40,No,2020,ACUR,UT,39.24007167,-77.28137667,2022,4,18
220014688,Property Damage Crash,04/06/2022 06:10:00 PM,NORWOOD RD,NA,SAME DIR REAR END,Clear,DRY,Daylight,TRAFFIC SIGNAL,NONE DETECTED,No,No Apparent Injury,N/A,NOT DISTRACTED,MD,PASSENGER CAR,STARTING FROM LANE,40,No,2016,TOYT,TK,39.118505,-77.02078,2022,4,18
220014688,Property Damage Crash,04/06/2022 06:10:00 PM,NORWOOD RD,NA,SAME DIR REAR END,Clear,DRY,Daylight,TRAFFIC SIGNAL,NONE DETECTED,Yes,No Apparent Injury,N/A,LOOKED BUT DID NOT SEE,MD,PASSENGER CAR,MOVING CONSTANT SPEED,40,No,2015,HONDA,CR-V,39.118505,-77.02078,2022,4,18
220014683,Property Damage Crash,04/06/2022 05:05:00 PM,GOSHEN RD,NA,SAME DIR REAR END,Clear,WET,Daylight,TRAFFIC SIGNAL,NONE DETECTED,Yes,No Apparent Injury,"N/A, WET",UNKNOWN,MD,PICKUP TRUCK,MOVING CONSTANT SPEED,35,No,2016,DODGE,RAM,39.17351167,-77.18922167,2022,4,17
220014683,Property Damage Crash,04/06/2022 05:05:00 PM,GOSHEN RD,NA,SAME DIR REAR END,Clear,WET,Daylight,TRAFFIC SIGNAL,NONE DETECTED,No,No Apparent Injury,"N/A, WET",NOT DISTRACTED,MD,(SPORT) UTILITY VEHICLE,STOPPED IN TRAFFIC LANE,35,No,2007,TOYOTA,4RUNNER,39.17351167,-77.18922167,2022,4,17
220014682,Property Damage Crash,04/06/2022 04:43:00 PM,FOLKSTONE RD,NA,OPPOSITE DIRECTION SIDESWIPE,Clear,DRY,Daylight,STOP SIGN,NONE DETECTED,No,No Apparent Injury,N/A,NOT DISTRACTED,MD,(SPORT) UTILITY VEHICLE,MOVING CONSTANT SPEED,25,No,2020,KIA,UT,39.00023167,-77.11943667,2022,4,16
220014682,Property Damage Crash,04/06/2022 04:43:00 PM,FOLKSTONE RD,NA,OPPOSITE DIRECTION SIDESWIPE,Clear,DRY,Daylight,STOP SIGN,NONE DETECTED,Yes,No Apparent Injury,N/A,NOT DISTRACTED,MD,SCHOOL BUS,MAKING LEFT TURN,25,No,2017,THOM,FRIEGHTLINER,39.00023167,-77.11943667,2022,4,16
220010840,Property Damage Crash,04/06/2022 03:30:00 PM,SILVER SPRING AVE,NA,OPPOSITE DIRECTION SIDESWIPE,Clear,DRY,Daylight,NO CONTROLS,NONE DETECTED,Yes,No Apparent Injury,N/A,NOT DISTRACTED,MD,TRANSIT BUS,MOVING CONSTANT SPEED,30,No,2016,GILLIG,BUS,38.99200074,-77.01439474,2022,4,15
220010840,Property Damage Crash,04/06/2022 03:30:00 PM,SILVER SPRING AVE,NA,OPPOSITE DIRECTION SIDESWIPE,Clear,DRY,Daylight,NO CONTROLS,NONE DETECTED,Yes,No Apparent Injury,N/A,NOT DISTRACTED,MD,PASSENGER CAR,MOVING CONSTANT SPEED,30,No,2014,TOYOTA,4H,38.99200074,-77.01439474,2022,4,15
220014665,Injury Crash,04/06/2022 02:55:00 PM,W DIAMOND AVE,NA,SAME DIR REAR END,Clear,DRY,Daylight,NO CONTROLS,NONE DETECTED,No,No Apparent Injury,N/A,NOT DISTRACTED,MD,PASSENGER CAR,SLOWING OR STOPPING,30,No,2004,HONDA,ACCORD,39.14114005,-77.20013263,2022,4,14
220014665,Injury Crash,04/06/2022 02:55:00 PM,W DIAMOND AVE,NA,SAME DIR REAR END,Clear,DRY,Daylight,NO CONTROLS,NONE DETECTED,Yes,Possible Minor Injury,N/A,OTHER DISTRACTION,MD,PASSENGER CAR,MOVING CONSTANT SPEED,30,No,2007,HYUNDAI,ELANTRA,39.14114005,-77.20013263,2022,4,14
220014666,Property Damage Crash,04/06/2022 02:50:00 PM,FREDERICK RD,NA,STRAIGHT MOVEMENT ANGLE,Clear,DRY,Daylight,TRAFFIC SIGNAL,NONE DETECTED,No,No Apparent Injury,N/A,NOT DISTRACTED,MD,PASSENGER CAR,MOVING CONSTANT SPEED,35,No,2019,HONDA,CRV,39.22817472,-77.2660931,2022,4,14
220014666,Property Damage Crash,04/06/2022 02:50:00 PM,FREDERICK RD,NA,STRAIGHT MOVEMENT ANGLE,Clear,DRY,Daylight,TRAFFIC SIGNAL,NONE DETECTED,Yes,No Apparent Injury,N/A,NOT DISTRACTED,MD,PASSENGER CAR,MAKING LEFT TURN,40,No,2005,TOYOTA,CAMRY,39.22817472,-77.2660931,2022,4,14
220014661,Property Damage Crash,04/06/2022 02:50:00 PM,NA,NA,SAME DIRECTION SIDESWIPE,Clear,NA,Daylight,NO CONTROLS,NONE DETECTED,No,No Apparent Injury,N/A,NOT DISTRACTED,MD,PASSENGER CAR,PARKED,10,No,2008,NISSAN,VRS,39.22733209,-77.26638496,2022,4,14
220014661,Property Damage Crash,04/06/2022 02:50:00 PM,NA,NA,SAME DIRECTION SIDESWIPE,Clear,NA,Daylight,NO CONTROLS,NONE DETECTED,Yes,No Apparent Injury,N/A,NOT DISTRACTED,MD,PASSENGER CAR,ACCELERATING,10,No,2005,TOYOTA,CAMRY,39.22733209,-77.26638496,2022,4,14
220014648,Injury Crash,04/06/2022 01:03:00 PM,GEORGIA AVE,NA,STRAIGHT MOVEMENT ANGLE,Cloudy,WET,Daylight,STOP SIGN,NONE DETECTED,Yes,Possible Minor Injury,"N/A, WET",LOOKED BUT DID NOT SEE,MD,PASSENGER CAR,RIGHT TURN ON RED,35,No,2004,VOLKSWAGEN,JETTA,39.07418,-77.06666,2022,4,13
220014648,Injury Crash,04/06/2022 01:03:00 PM,GEORGIA AVE,NA,STRAIGHT MOVEMENT ANGLE,Cloudy,WET,Daylight,STOP SIGN,NONE DETECTED,No,Possible Minor Injury,"N/A, WET",NOT DISTRACTED,MD,PASSENGER CAR,MOVING CONSTANT SPEED,35,No,2014,SUBARU,OUTBACK,39.07418,-77.06666,2022,4,13
220014767,Property Damage Crash,04/06/2022 12:05:00 PM,NA,NA,STRAIGHT MOVEMENT ANGLE,Rain,NA,Daylight,NO CONTROLS,NONE DETECTED,Yes,No Apparent Injury,N/A,NOT DISTRACTED,MD,PASSENGER CAR,MOVING CONSTANT SPEED,25,No,2014,MERZ,4D,39.04078905,-77.03078218,2022,4,12
220014631,Property Damage Crash,04/06/2022 11:50:00 AM,W DIAMOND AVE,NA,SAME DIR REAR END,Rain,WET,Daylight,NO CONTROLS,NONE DETECTED,Yes,No Apparent Injury,N/A,LOOKED BUT DID NOT SEE,MD,(SPORT) UTILITY VEHICLE,MOVING CONSTANT SPEED,35,No,2013,FORD,TK,39.14078733,-77.21482017,2022,4,11
220014631,Property Damage Crash,04/06/2022 11:50:00 AM,W DIAMOND AVE,NA,SAME DIR REAR END,Rain,WET,Daylight,NO CONTROLS,NONE DETECTED,No,No Apparent Injury,N/A,NOT DISTRACTED,MD,(SPORT) UTILITY VEHICLE,SLOWING OR STOPPING,35,No,2003,FORD,TK,39.14078733,-77.21482017,2022,4,11
220014631,Property Damage Crash,04/06/2022 11:50:00 AM,W DIAMOND AVE,NA,SAME DIR REAR END,Rain,WET,Daylight,NO CONTROLS,NONE DETECTED,No,No Apparent Injury,N/A,NOT DISTRACTED,MD,PASSENGER CAR,SLOWING OR STOPPING,35,No,2017,JAGUAR,2D,39.14078733,-77.21482017,2022,4,11
220014627,Property Damage Crash,04/06/2022 11:25:00 AM,EAST VILLAGE AVE,NA,SINGLE VEHICLE,Rain,WET,Daylight,NO CONTROLS,NONE DETECTED,Yes,No Apparent Injury,"RAIN, SNOW, WET",NOT DISTRACTED,MD,"OTHER LIGHT TRUCKS (10,000LBS (4,536KG) OR LESS)",MOVING CONSTANT SPEED,35,No,2009,NISS,TK,39.1879,-77.17808167,2022,4,11
220014611,Property Damage Crash,04/06/2022 09:50:00 AM,ROCKVILLE PIKE,NA,SAME DIR REAR END,Rain,WET,Daylight,TRAFFIC SIGNAL,NONE DETECTED,Yes,No Apparent Injury,"RAIN, SNOW, WET",NOT DISTRACTED,MD,PASSENGER CAR,SLOWING OR STOPPING,35,No,2017,TOYT,RAV4,39.01778846,-77.10228632,2022,4,9
220014611,Property Damage Crash,04/06/2022 09:50:00 AM,ROCKVILLE PIKE,NA,SAME DIR REAR END,Rain,WET,Daylight,TRAFFIC SIGNAL,NONE DETECTED,No,No Apparent Injury,"RAIN, SNOW, WET",NOT DISTRACTED,MD,PASSENGER CAR,STOPPED IN TRAFFIC LANE,35,No,2018,LEXUS,RX350,39.01778846,-77.10228632,2022,4,9
220014607,Injury Crash,04/06/2022 09:30:00 AM,OWENS RD,NA,ANGLE MEETS LEFT TURN,Rain,WET,Daylight,STOP SIGN,NONE DETECTED,Yes,No Apparent Injury,"RAIN, SNOW, WET",LOOKED BUT DID NOT SEE,MD,PASSENGER CAR,MOVING CONSTANT SPEED,30,No,2020,TOYOTA,PRIUS,39.16419333,-77.05084333,2022,4,9
220014606,Property Damage Crash,04/06/2022 09:30:00 AM,RANDOLPH RD,NA,SINGLE VEHICLE,Rain,WET,Daylight,TRAFFIC SIGNAL,NONE DETECTED,Yes,No Apparent Injury,"RAIN, SNOW, WET",UNKNOWN,MD,PASSENGER CAR,MOVING CONSTANT SPEED,40,No,2013,HOND,4S,39.06384833,-77.039605,2022,4,9
220014607,Injury Crash,04/06/2022 09:30:00 AM,OWENS RD,NA,ANGLE MEETS LEFT TURN,Rain,WET,Daylight,STOP SIGN,NONE DETECTED,No,Possible Minor Injury,"RAIN, SNOW, WET",NOT DISTRACTED,MD,PASSENGER CAR,MAKING LEFT TURN,30,No,2018,HOND,4S,39.16419333,-77.05084333,2022,4,9
220014596,Property Damage Crash,04/06/2022 08:45:00 AM,NEW HAMPSHIRE AVE,NA,STRAIGHT MOVEMENT ANGLE,Rain,WET,Daylight,NO CONTROLS,NONE DETECTED,No,No Apparent Injury,"N/A, RAIN, SNOW",NOT DISTRACTED,MD,"MEDIUM/HEAVY TRUCKS 3 AXLES (OVER 10,000LBS (4,536KG))",MOVING CONSTANT SPEED,40,No,2011,FRHT,TK,39.076904999999996,-77.00175667,2022,4,8
220014596,Property Damage Crash,04/06/2022 08:45:00 AM,NEW HAMPSHIRE AVE,NA,STRAIGHT MOVEMENT ANGLE,Rain,WET,Daylight,NO CONTROLS,NONE DETECTED,Yes,No Apparent Injury,"N/A, RAIN, SNOW",NOT DISTRACTED,MD,VAN,MAKING RIGHT TURN,40,No,2014,FORD,ECONOLINE,39.076904999999996,-77.00175667,2022,4,8
220014604,Property Damage Crash,04/06/2022 08:43:00 AM,HATHERLEIGH DR,NA,OTHER,Rain,WET,Daylight,NO CONTROLS,NONE DETECTED,Yes,No Apparent Injury,N/A,NOT DISTRACTED,MD,SCHOOL BUS,MOVING CONSTANT SPEED,20,No,2022,THMS,SB,39.02463,-77.11727333,2022,4,8
220014594,Property Damage Crash,04/06/2022 08:33:00 AM,NA,NA,OTHER,Rain,NA,Daylight,N/A,NONE DETECTED,Yes,No Apparent Injury,"RAIN, SNOW, WET",LOOKED BUT DID NOT SEE,DC,"OTHER LIGHT TRUCKS (10,000LBS (4,536KG) OR LESS)",BACKING,25,No,2020,MACK,TK,38.9910327,-77.0039207,2022,4,8
220014595,Fatal Crash,04/06/2022 08:22:00 AM,GROSVENOR LA,PEDESTRIAN,SINGLE VEHICLE,Rain,WET,Daylight,NO CONTROLS,NONE DETECTED,Yes,No Apparent Injury,N/A,UNKNOWN,MD,PASSENGER CAR,ACCELERATING,25,No,2002,HONDA,ACCORD,39.02236167,-77.10515,2022,4,8
220014592,Property Damage Crash,04/06/2022 08:20:00 AM,E GUDE DR,NA,STRAIGHT MOVEMENT ANGLE,Rain,WET,Daylight,N/A,NONE DETECTED,Yes,No Apparent Injury,N/A,LOOKED BUT DID NOT SEE,MD,PICKUP TRUCK,ACCELERATING,5,No,2017,CHEV,TK,39.09644666,-77.1345937,2022,4,8
220014592,Property Damage Crash,04/06/2022 08:20:00 AM,E GUDE DR,NA,STRAIGHT MOVEMENT ANGLE,Rain,WET,Daylight,N/A,NONE DETECTED,No,No Apparent Injury,N/A,NOT DISTRACTED,MD,OTHER,MOVING CONSTANT SPEED,40,No,2012,MAZD,4S,39.09644666,-77.1345937,2022,4,8
220014586,Injury Crash,04/06/2022 07:39:00 AM,SNOWDEN FARM PARKWAY,NA,HEAD ON LEFT TURN,Rain,WET,Daylight,STOP SIGN,NONE DETECTED,No,Possible Minor Injury,"RAIN, SNOW, WET",NOT DISTRACTED,MD,(SPORT) UTILITY VEHICLE,MOVING CONSTANT SPEED,40,No,2015,NISS,ROGUE,39.23062667,-77.25451,2022,4,7
220014586,Injury Crash,04/06/2022 07:39:00 AM,SNOWDEN FARM PARKWAY,NA,HEAD ON LEFT TURN,Rain,WET,Daylight,STOP SIGN,NONE DETECTED,Yes,Possible Minor Injury,"RAIN, SNOW, WET",LOOKED BUT DID NOT SEE,MD,PASSENGER CAR,STARTING FROM LANE,40,No,2021,MAZDA,3,39.23062667,-77.25451,2022,4,7
220014580,Property Damage Crash,04/06/2022 05:44:00 AM,NEW HAMPSHIRE AVE,NA,ANGLE MEETS LEFT HEAD ON,Rain,WET,Medium,TRAFFIC SIGNAL,NONE DETECTED,No,No Apparent Injury,"RAIN, SNOW, WET",NOT DISTRACTED,MD,PASSENGER CAR,MAKING LEFT TURN,10,No,2016,HONDA,SD,38.98347667,-76.98828933,2022,4,5
220014580,Property Damage Crash,04/06/2022 05:44:00 AM,NEW HAMPSHIRE AVE,NA,ANGLE MEETS LEFT HEAD ON,Rain,WET,Medium,TRAFFIC SIGNAL,NONE DETECTED,Yes,No Apparent Injury,"RAIN, SNOW, WET",INATTENTIVE OR LOST IN THOUGHT,MD,PASSENGER CAR,RIGHT TURN ON RED,10,No,2015,HOND,TK,38.98347667,-76.98828933,2022,4,5
220014579,Property Damage Crash,04/06/2022 04:55:00 AM,NEW HAMPSHIRE AVE,NA,SINGLE VEHICLE,Rain,WET,Medium,NO CONTROLS,NONE DETECTED,Yes,No Apparent Injury,"N/A, WET",UNKNOWN,MD,(SPORT) UTILITY VEHICLE,SKIDDING,45,No,2012,HONDA,PILOT,39.09275667,-77.00075667,2022,4,4
220014558,Property Damage Crash,04/05/2022 08:18:00 PM,GEORGIA AVE,BICYCLIST,OTHER,Rain,WET,Medium,TRAFFIC SIGNAL,NONE DETECTED,No,No Apparent Injury,N/A,NOT DISTRACTED,MD,PASSENGER CAR,ACCELERATING,35,No,2020,TOYOTA,4D,38.99290105,-77.02658158,2022,4,20
220014559,Injury Crash,04/05/2022 08:08:00 PM,MIDDLEBROOK RD,NA,STRAIGHT MOVEMENT ANGLE,Rain,WET,Medium,TRAFFIC SIGNAL,NONE DETECTED,Unknown,Possible Minor Injury,"N/A, WET",NOT DISTRACTED,ND,PASSENGER CAR,MOVING CONSTANT SPEED,35,No,2015,FORD,FUSION,39.1801978,-77.26862475,2022,4,20
220014559,Injury Crash,04/05/2022 08:08:00 PM,MIDDLEBROOK RD,NA,STRAIGHT MOVEMENT ANGLE,Rain,WET,Medium,TRAFFIC SIGNAL,NONE DETECTED,Unknown,No Apparent Injury,"N/A, WET",NOT DISTRACTED,MD,PASSENGER CAR,MOVING CONSTANT SPEED,35,No,2004,HONDA,CIVIC,39.1801978,-77.26862475,2022,4,20
220014552,Injury Crash,04/05/2022 07:27:00 PM,KEY WEST AVE,NA,STRAIGHT MOVEMENT ANGLE,Rain,WET,Medium,TRAFFIC SIGNAL,NONE DETECTED,Yes,No Apparent Injury,"N/A, WET",LOOKED BUT DID NOT SEE,MD,PASSENGER CAR,MOVING CONSTANT SPEED,35,No,2015,HYUANDAI,TUCSON,39.10523948,-77.1965157,2022,4,19
220014552,Injury Crash,04/05/2022 07:27:00 PM,KEY WEST AVE,NA,STRAIGHT MOVEMENT ANGLE,Rain,WET,Medium,TRAFFIC SIGNAL,NONE DETECTED,Yes,Possible Minor Injury,"N/A, WET",LOOKED BUT DID NOT SEE,MD,PASSENGER CAR,MOVING CONSTANT SPEED,30,No,2021,TOYOTA,CAMRY,39.10523948,-77.1965157,2022,4,19
220014547,Property Damage Crash,04/05/2022 07:20:00 PM,GEORGIA AVE,NA,SAME DIR REAR END,Rain,WET,Dark,NO CONTROLS,NONE DETECTED,No,No Apparent Injury,"RAIN, SNOW, WET",UNKNOWN,NA,UNKNOWN,STOPPED IN TRAFFIC LANE,40,No,0,UNKNOWN,UNKNOWN,39.14224833,-77.06774667,2022,4,19
220014547,Property Damage Crash,04/05/2022 07:20:00 PM,GEORGIA AVE,NA,SAME DIR REAR END,Rain,WET,Dark,NO CONTROLS,NONE DETECTED,Yes,No Apparent Injury,"RAIN, SNOW, WET",LOOKED BUT DID NOT SEE,MD,PASSENGER CAR,SLOWING OR STOPPING,40,No,2016,MAZDA,UT,39.14224833,-77.06774667,2022,4,19
220014547,Property Damage Crash,04/05/2022 07:20:00 PM,GEORGIA AVE,NA,SAME DIR REAR END,Rain,WET,Dark,NO CONTROLS,NONE DETECTED,Yes,No Apparent Injury,"RAIN, SNOW, WET",LOOKED BUT DID NOT SEE,VA,PASSENGER CAR,SLOWING OR STOPPING,40,No,2018,JEEP,COMPASS,39.14224833,-77.06774667,2022,4,19
220014536,Property Damage Crash,04/05/2022 06:10:00 PM,EISENHOWER MEMORIAL HWY,NA,SAME DIR REAR END,Clear,WET,Daylight,NO CONTROLS,NONE DETECTED,No,No Apparent Injury,"N/A, WET",NOT DISTRACTED,MD,PASSENGER CAR,SLOWING OR STOPPING,55,No,2011,HOND,TK,39.10965183,-77.18816867,2022,4,18
220014536,Property Damage Crash,04/05/2022 06:10:00 PM,EISENHOWER MEMORIAL HWY,NA,SAME DIR REAR END,Clear,WET,Daylight,NO CONTROLS,NONE DETECTED,Yes,No Apparent Injury,"N/A, WET",LOOKED BUT DID NOT SEE,MD,PASSENGER CAR,SLOWING OR STOPPING,55,No,2001,TOYT,SD,39.10965183,-77.18816867,2022,4,18
220014538,Property Damage Crash,04/05/2022 06:00:00 PM,EISENHOWER MEMORIAL HWY,NA,SAME DIR REAR END,Cloudy,WET,Daylight,NO CONTROLS,NONE DETECTED,No,No Apparent Injury,"N/A, WET",NOT DISTRACTED,MD,PASSENGER CAR,SLOWING OR STOPPING,55,No,2017,VOLVO,XC60,39.12983333,-77.20516333,2022,4,18
220014538,Property Damage Crash,04/05/2022 06:00:00 PM,EISENHOWER MEMORIAL HWY,NA,SAME DIR REAR END,Cloudy,WET,Daylight,NO CONTROLS,NONE DETECTED,No,No Apparent Injury,"N/A, WET",NOT DISTRACTED,MD,PASSENGER CAR,SLOWING OR STOPPING,55,No,2020,ACUR,RDX,39.12983333,-77.20516333,2022,4,18
220014538,Property Damage Crash,04/05/2022 06:00:00 PM,EISENHOWER MEMORIAL HWY,NA,SAME DIR REAR END,Cloudy,WET,Daylight,NO CONTROLS,NONE DETECTED,Yes,No Apparent Injury,"N/A, WET",INATTENTIVE OR LOST IN THOUGHT,MD,PASSENGER CAR,MOVING CONSTANT SPEED,55,No,2016,ACUR,ILS,39.12983333,-77.20516333,2022,4,18
220014538,Property Damage Crash,04/05/2022 06:00:00 PM,EISENHOWER MEMORIAL HWY,NA,SAME DIR REAR END,Cloudy,WET,Daylight,NO CONTROLS,NONE DETECTED,No,No Apparent Injury,"N/A, WET",NOT DISTRACTED,MD,PICKUP TRUCK,SLOWING OR STOPPING,55,No,2013,GMC,SIERRA,39.12983333,-77.20516333,2022,4,18
220014525,Property Damage Crash,04/05/2022 04:49:00 PM,EAST WEST HWY,NA,SAME DIRECTION SIDESWIPE,Clear,DRY,Daylight,TRAFFIC SIGNAL,NONE DETECTED,Yes,No Apparent Injury,N/A,LOOKED BUT DID NOT SEE,NA,(SPORT) UTILITY VEHICLE,ACCELERATING,35,No,2014,HONDA,PILOT,38.98754739,-77.02668887,2022,4,16
220014525,Property Damage Crash,04/05/2022 04:49:00 PM,EAST WEST HWY,NA,SAME DIRECTION SIDESWIPE,Clear,DRY,Daylight,TRAFFIC SIGNAL,NONE DETECTED,No,No Apparent Injury,N/A,NOT DISTRACTED,MD,(SPORT) UTILITY VEHICLE,ACCELERATING,35,No,2007,HONDA,PILOT,38.98754739,-77.02668887,2022,4,16
220014514,Property Damage Crash,04/05/2022 04:30:00 PM,TUCKERMAN LA,NA,HEAD ON LEFT TURN,Rain,WET,Daylight,STOP SIGN,NONE DETECTED,Yes,No Apparent Injury,"RAIN, SNOW, WET",LOOKED BUT DID NOT SEE,MD,PASSENGER CAR,SLOWING OR STOPPING,25,No,2012,CHEV,EQUI,39.0300744,-77.10110581,2022,4,16
220014514,Property Damage Crash,04/05/2022 04:30:00 PM,TUCKERMAN LA,NA,HEAD ON LEFT TURN,Rain,WET,Daylight,STOP SIGN,NONE DETECTED,No,No Apparent Injury,"RAIN, SNOW, WET",NOT DISTRACTED,MD,SCHOOL BUS,ACCELERATING,25,No,2011,THOMAS,BUS,39.0300744,-77.10110581,2022,4,16
220014515,Injury Crash,04/05/2022 04:29:00 PM,E RANDOLPH RD,NA,HEAD ON,Rain,WET,Daylight,NO CONTROLS,NONE DETECTED,Yes,No Apparent Injury,"N/A, WET",OTHER DISTRACTION,MD,PASSENGER CAR,CHANGING LANES,40,No,2007,TOYOTA,SEQUOIA,39.07376283,-76.99034017,2022,4,16
220014515,Injury Crash,04/05/2022 04:29:00 PM,E RANDOLPH RD,NA,HEAD ON,Rain,WET,Daylight,NO CONTROLS,NONE DETECTED,No,Possible Minor Injury,"N/A, WET",NOT DISTRACTED,MD,PASSENGER CAR,MOVING CONSTANT SPEED,40,No,2014,TOYOTA,COROLLA,39.07376283,-76.99034017,2022,4,16
220014501,Injury Crash,04/05/2022 04:13:00 PM,TUCKERMAN LA,NA,HEAD ON,Rain,WET,Daylight,NO CONTROLS,NONE DETECTED,Yes,Possible Minor Injury,"RAIN, SNOW, WET",ADJUSTING AUDIO AND OR CLIMATE CONTROLS,MD,(SPORT) UTILITY VEHICLE,MOVING CONSTANT SPEED,35,No,2021,LAND ROVER,VELAR,39.04130167,-77.16375333,2022,4,16
220014501,Injury Crash,04/05/2022 04:13:00 PM,TUCKERMAN LA,NA,HEAD ON,Rain,WET,Daylight,NO CONTROLS,NONE DETECTED,No,Possible Minor Injury,"RAIN, SNOW, WET",NOT DISTRACTED,MD,SCHOOL BUS,MOVING CONSTANT SPEED,35,No,2009,THOMAS,BUS,39.04130167,-77.16375333,2022,4,16
220014499,Property Damage Crash,04/05/2022 03:40:00 PM,RANDOLPH RD,NA,SAME DIRECTION SIDESWIPE,Rain,WET,Daylight,TRAFFIC SIGNAL,NONE DETECTED,No,No Apparent Injury,N/A,NOT DISTRACTED,DC,TRANSIT BUS,STOPPED IN TRAFFIC LANE,35,No,2020,GILG,TRANSIT BUS,39.058896,-77.0697195,2022,4,15
220014499,Property Damage Crash,04/05/2022 03:40:00 PM,RANDOLPH RD,NA,SAME DIRECTION SIDESWIPE,Rain,WET,Daylight,TRAFFIC SIGNAL,NONE DETECTED,Yes,No Apparent Injury,N/A,UNKNOWN,NA,UNKNOWN,UNKNOWN,35,No,0,UNKNOWN,UNKNOWN,39.058896,-77.0697195,2022,4,15
220014495,Injury Crash,04/05/2022 03:30:00 PM,UNIVERSITY BLVD W,NA,SAME DIR REAR END,Rain,WET,Daylight,TRAFFIC SIGNAL,NONE DETECTED,No,Possible Minor Injury,"N/A, WET",NOT DISTRACTED,MD,(SPORT) UTILITY VEHICLE,STOPPED IN TRAFFIC LANE,35,No,2016,HONDA,PILOT,39.035357,-77.02543952,2022,4,15
220014495,Injury Crash,04/05/2022 03:30:00 PM,UNIVERSITY BLVD W,NA,SAME DIR REAR END,Rain,WET,Daylight,TRAFFIC SIGNAL,NONE DETECTED,Yes,No Apparent Injury,"N/A, WET",UNKNOWN,MD,(SPORT) UTILITY VEHICLE,MOVING CONSTANT SPEED,35,No,2008,NISSAN,PATHFINDER,39.035357,-77.02543952,2022,4,15
220014496,Injury Crash,04/05/2022 03:19:00 PM,DEMOCRACY BLVD,NA,HEAD ON LEFT TURN,Rain,WET,Daylight,TRAFFIC SIGNAL,NONE DETECTED,Yes,No Apparent Injury,"RAIN, SNOW, WET",LOOKED BUT DID NOT SEE,VA,PASSENGER CAR,MAKING LEFT TURN,45,No,2020,TOYOTA,COROLLA,39.02337833,-77.16252667,2022,4,15
220014496,Injury Crash,04/05/2022 03:19:00 PM,DEMOCRACY BLVD,NA,HEAD ON LEFT TURN,Rain,WET,Daylight,TRAFFIC SIGNAL,NONE DETECTED,No,Possible Minor Injury,"RAIN, SNOW, WET",NOT DISTRACTED,MD,(SPORT) UTILITY VEHICLE,MOVING CONSTANT SPEED,45,No,2018,MERZ,TK,39.02337833,-77.16252667,2022,4,15
220014492,Injury Crash,04/05/2022 03:08:00 PM,E GUDE DR,NA,STRAIGHT MOVEMENT ANGLE,Rain,WET,Daylight,STOP SIGN,NONE DETECTED,Yes,Possible Minor Injury,"RAIN, SNOW, WET",LOOKED BUT DID NOT SEE,MD,PASSENGER CAR,MAKING LEFT TURN,15,No,2014,SUBARU,OUTBACK,39.09635567,-77.13451927,2022,4,15
220014492,Injury Crash,04/05/2022 03:08:00 PM,E GUDE DR,NA,STRAIGHT MOVEMENT ANGLE,Rain,WET,Daylight,STOP SIGN,NONE DETECTED,No,Possible Minor Injury,"RAIN, SNOW, WET",NOT DISTRACTED,MD,PASSENGER CAR,MOVING CONSTANT SPEED,40,No,2005,PONTIAC,G6,39.09635567,-77.13451927,2022,4,15
220014491,Property Damage Crash,04/05/2022 02:48:00 PM,NA,NA,OPPOSITE DIRECTION SIDESWIPE,Rain,NA,Daylight,NO CONTROLS,NONE DETECTED,Yes,No Apparent Injury,"N/A, RAIN, SNOW",LOOKED BUT DID NOT SEE,MD,(SPORT) UTILITY VEHICLE,MAKING LEFT TURN,5,No,2009,HONDA,CRV,39.08004733,-77.13293067,2022,4,14