Local Case Number,ACRS Report Type,Crash Date/Time,Road Name,Related Non-Motorist,Collision Type,Weather,Surface Condition,Light,Traffic Control,Driver Substance Abuse,Driver At Fault,Injury Severity,Circumstance,Driver Distracted By,Drivers License State,Vehicle Body Type,Vehicle Movement,Speed Limit,Driverless Vehicle,Vehicle Year,Vehicle Make,Vehicle Model,Latitude,Longitude,Year,Month,Hour
220014491,Property Damage Crash,04/05/2022 02:48:00 PM,NA,NA,OPPOSITE DIRECTION SIDESWIPE,Rain,NA,Daylight,NO CONTROLS,NONE DETECTED,No,No Apparent Injury,"N/A, RAIN, SNOW",NOT DISTRACTED,MD,PASSENGER CAR,PARKED,5,No,2014,TOYT,2S,39.08004733,-77.13293067,2022,4,14
220014481,Property Damage Crash,04/05/2022 02:20:00 PM,NEW HAMPSHIRE AVE,NA,SINGLE VEHICLE,Rain,WET,Daylight,N/A,NONE DETECTED,Yes,No Apparent Injury,"N/A, WET",NOT DISTRACTED,MD,POLICE VEHICLE/NON EMERGENCY,MOVING CONSTANT SPEED,35,No,2014,FORD,EXPLORER,39.06669548,-77.00132654,2022,4,14
220014471,Property Damage Crash,04/05/2022 01:16:00 PM,FLOWER AVE,NA,SAME DIRECTION LEFT TURN,Rain,WET,Daylight,TRAFFIC SIGNAL,NONE DETECTED,No,No Apparent Injury,N/A,NOT DISTRACTED,MD,PASSENGER CAR,MAKING LEFT TURN,20,No,2010,TOYOTA,4RUNNER,38.998337,-77.003517,2022,4,13
220014471,Property Damage Crash,04/05/2022 01:16:00 PM,FLOWER AVE,NA,SAME DIRECTION LEFT TURN,Rain,WET,Daylight,TRAFFIC SIGNAL,NONE DETECTED,Yes,No Apparent Injury,N/A,NOT DISTRACTED,MD,PASSENGER CAR,MOVING CONSTANT SPEED,20,No,2006,TOYOTA,SCION,38.998337,-77.003517,2022,4,13
220014466,Property Damage Crash,04/05/2022 01:04:00 PM,MONTROSE RD,NA,SAME DIR REAR END,Rain,WET,Daylight,TRAFFIC SIGNAL,NONE DETECTED,No,No Apparent Injury,"RAIN, SNOW, WET",NOT DISTRACTED,MD,PASSENGER CAR,STARTING FROM LANE,40,No,2021,TESLA,SD,39.05553,-77.14905167,2022,4,13
220014466,Property Damage Crash,04/05/2022 01:04:00 PM,MONTROSE RD,NA,SAME DIR REAR END,Rain,WET,Daylight,TRAFFIC SIGNAL,NONE DETECTED,Yes,No Apparent Injury,"RAIN, SNOW, WET",NOT DISTRACTED,PA,PASSENGER CAR,SLOWING OR STOPPING,40,No,2003,NISSAN,ALTIMA/SL,39.05553,-77.14905167,2022,4,13
220014469,Property Damage Crash,04/05/2022 01:01:00 PM,VEIRS MILL RD,NA,SINGLE VEHICLE,Rain,WET,Daylight,TRAFFIC SIGNAL,NONE DETECTED,Yes,No Apparent Injury,"RAIN, SNOW, WET",NOT DISTRACTED,MD,PASSENGER CAR,MAKING RIGHT TURN,30,No,2017,TOYT,4S,39.07336653,-77.11179065,2022,4,13
220014453,Injury Crash,04/05/2022 12:27:00 PM,QUINCE ORCHARD BLVD,NA,STRAIGHT MOVEMENT ANGLE,Rain,WET,Daylight,STOP SIGN,NONE DETECTED,No,No Apparent Injury,"RAIN, SNOW, WET",NOT DISTRACTED,MD,PASSENGER CAR,MOVING CONSTANT SPEED,30,No,2016,KIA,SORRENTO,39.14079667,-77.22841333,2022,4,12
220014453,Injury Crash,04/05/2022 12:27:00 PM,QUINCE ORCHARD BLVD,NA,STRAIGHT MOVEMENT ANGLE,Rain,WET,Daylight,STOP SIGN,NONE DETECTED,Yes,Possible Minor Injury,"RAIN, SNOW, WET",UNKNOWN,MD,PASSENGER CAR,MAKING LEFT TURN,30,No,2022,TOYOTA,HIGHLANDER,39.14079667,-77.22841333,2022,4,12
220014445,Injury Crash,04/05/2022 11:55:00 AM,NA,NA,SINGLE VEHICLE,Rain,NA,Daylight,N/A,NONE DETECTED,Yes,Possible Minor Injury,"RAIN, SNOW, WET",INATTENTIVE OR LOST IN THOUGHT,MD,PASSENGER CAR,ACCELERATING,35,No,2020,SUBARU,FORESTER,39.02385,-77.13557667,2022,4,11
220014438,Property Damage Crash,04/05/2022 11:27:00 AM,CONNECTICUT AVE,NA,HEAD ON LEFT TURN,Rain,WET,Daylight,NO CONTROLS,NONE DETECTED,Yes,No Apparent Injury,"RAIN, SNOW, WET",LOOKED BUT DID NOT SEE,MD,PASSENGER CAR,MAKING LEFT TURN,40,No,2021,NISSAN,VERSA,39.08444833,-77.076125,2022,4,11
220014438,Property Damage Crash,04/05/2022 11:27:00 AM,CONNECTICUT AVE,NA,HEAD ON LEFT TURN,Rain,WET,Daylight,NO CONTROLS,NONE DETECTED,No,No Apparent Injury,"RAIN, SNOW, WET",NOT DISTRACTED,MD,PASSENGER CAR,MOVING CONSTANT SPEED,40,No,2015,NISSAN,ROGUE,39.08444833,-77.076125,2022,4,11
220014436,Property Damage Crash,04/05/2022 11:20:00 AM,FOREST GLEN RD,NA,STRAIGHT MOVEMENT ANGLE,Rain,WET,Daylight,N/A,NONE DETECTED,Yes,No Apparent Injury,"N/A, RAIN, SNOW",NOT DISTRACTED,MD,(SPORT) UTILITY VEHICLE,MAKING LEFT TURN,30,No,2001,ACURA,MDX,39.01564,-77.04233,2022,4,11
220014436,Property Damage Crash,04/05/2022 11:20:00 AM,FOREST GLEN RD,NA,STRAIGHT MOVEMENT ANGLE,Rain,WET,Daylight,N/A,NONE DETECTED,No,No Apparent Injury,"N/A, RAIN, SNOW",NOT DISTRACTED,MD,PASSENGER CAR,MOVING CONSTANT SPEED,30,No,2014,FORD,FUSION,39.01564,-77.04233,2022,4,11
220014434,Injury Crash,04/05/2022 11:10:00 AM,E RANDOLPH RD,NA,HEAD ON LEFT TURN,Rain,WET,Daylight,NO CONTROLS,NONE DETECTED,Yes,No Apparent Injury,"RAIN, SNOW, WET",NOT DISTRACTED,MD,PASSENGER CAR,SKIDDING,40,No,2011,CHEV,AVEO,39.06961,-76.98746,2022,4,11
220014434,Injury Crash,04/05/2022 11:10:00 AM,E RANDOLPH RD,NA,HEAD ON LEFT TURN,Rain,WET,Daylight,NO CONTROLS,NONE DETECTED,No,No Apparent Injury,"RAIN, SNOW, WET",NOT DISTRACTED,MD,PASSENGER CAR,MOVING CONSTANT SPEED,40,No,2011,JEEP,PATRIOT,39.06961,-76.98746,2022,4,11
220014441,Property Damage Crash,04/05/2022 11:07:00 AM,CONNECTICUT AVE,NA,SAME DIRECTION SIDESWIPE,Rain,WET,Daylight,NO CONTROLS,NONE DETECTED,No,No Apparent Injury,N/A,NOT DISTRACTED,MD,TRANSIT BUS,MOVING CONSTANT SPEED,40,No,2019,NFLY,BUS,39.03914833,-77.07585,2022,4,11
220014441,Property Damage Crash,04/05/2022 11:07:00 AM,CONNECTICUT AVE,NA,SAME DIRECTION SIDESWIPE,Rain,WET,Daylight,NO CONTROLS,NONE DETECTED,Yes,No Apparent Injury,N/A,NOT DISTRACTED,MD,PASSENGER CAR,CHANGING LANES,40,No,2011,FORD,4S/FISION,39.03914833,-77.07585,2022,4,11
220014432,Injury Crash,04/05/2022 11:00:00 AM,UNIVERSITY BLVD E,NA,STRAIGHT MOVEMENT ANGLE,Rain,WET,Daylight,STOP SIGN,NONE DETECTED,No,No Apparent Injury,"RAIN, SNOW, SLEET, HAIL, FREEZ. RAIN, WET",NOT DISTRACTED,MD,PASSENGER CAR,MOVING CONSTANT SPEED,35,No,2003,HOND,4S,38.99271833,-76.99128,2022,4,11
220014432,Injury Crash,04/05/2022 11:00:00 AM,UNIVERSITY BLVD E,NA,STRAIGHT MOVEMENT ANGLE,Rain,WET,Daylight,STOP SIGN,NONE DETECTED,Yes,No Apparent Injury,"RAIN, SNOW, SLEET, HAIL, FREEZ. RAIN, WET",LOOKED BUT DID NOT SEE,MD,PASSENGER CAR,MOVING CONSTANT SPEED,25,No,2014,HOND,SD,38.99271833,-76.99128,2022,4,11
220014431,Property Damage Crash,04/05/2022 10:45:00 AM,RIDGE RD,NA,SAME DIR REAR END,Clear,WET,Daylight,NO CONTROLS,NONE DETECTED,Yes,No Apparent Injury,"RAIN, SNOW, WET",NOT DISTRACTED,MD,PICKUP TRUCK,SLOWING OR STOPPING,45,No,2004,CHEV,TK,39.22260333,-77.23752667,2022,4,10
220014431,Property Damage Crash,04/05/2022 10:45:00 AM,RIDGE RD,NA,SAME DIR REAR END,Clear,WET,Daylight,NO CONTROLS,NONE DETECTED,No,No Apparent Injury,"RAIN, SNOW, WET",NOT DISTRACTED,MD,(SPORT) UTILITY VEHICLE,STOPPED IN TRAFFIC LANE,45,No,2022,MAZD,UT,39.22260333,-77.23752667,2022,4,10
220014426,Property Damage Crash,04/05/2022 08:40:00 AM,NA,NA,OTHER,Cloudy,NA,Daylight,NO CONTROLS,NONE DETECTED,Yes,No Apparent Injury,N/A,UNKNOWN,MD,PASSENGER CAR,BACKING,5,No,2013,VOLV,SW,39.18405666,-77.26298925,2022,4,8
220014412,Injury Crash,04/05/2022 08:28:00 AM,CHERRY HILL RD,NA,SAME DIRECTION RIGHT TURN,Clear,DRY,Daylight,TRAFFIC SIGNAL,NONE DETECTED,No,Possible Minor Injury,N/A,NOT DISTRACTED,MD,PASSENGER CAR,STOPPED IN TRAFFIC LANE,40,No,2016,JEEP,LATITUDE,39.05597731,-76.95421845,2022,4,8
220014412,Injury Crash,04/05/2022 08:28:00 AM,CHERRY HILL RD,NA,SAME DIRECTION RIGHT TURN,Clear,DRY,Daylight,TRAFFIC SIGNAL,NONE DETECTED,Yes,No Apparent Injury,N/A,NOT DISTRACTED,MD,PASSENGER CAR,PASSING,40,No,2017,DODGE,CHALLENGER,39.05597731,-76.95421845,2022,4,8
220014405,Property Damage Crash,04/05/2022 05:19:00 AM,GEORGIA AVE,NA,STRAIGHT MOVEMENT ANGLE,Clear,DRY,Medium,STOP SIGN,NONE DETECTED,No,No Apparent Injury,N/A,NOT DISTRACTED,MD,TRANSIT BUS,MOVING CONSTANT SPEED,35,No,2021,BUS,BUS,39.00545344,-77.03837201,2022,4,5
220014405,Property Damage Crash,04/05/2022 05:19:00 AM,GEORGIA AVE,NA,STRAIGHT MOVEMENT ANGLE,Clear,DRY,Medium,STOP SIGN,NONE DETECTED,Yes,No Apparent Injury,N/A,LOOKED BUT DID NOT SEE,DC,PASSENGER CAR,STOPPED IN TRAFFIC LANE,35,No,2001,TOYOTA,UT,39.00545344,-77.03837201,2022,4,5
220014396,Injury Crash,04/05/2022 12:18:00 AM,AMHERST AVE,NA,OTHER,Clear,DRY,Medium,N/A,NONE DETECTED,Yes,Possible Minor Injury,N/A,OTHER DISTRACTION,MD,PASSENGER CAR,MOVING CONSTANT SPEED,20,No,2008,CHEV,IMPALA,39.03399667,-77.047365,2022,4,0
220014389,Property Damage Crash,04/04/2022 10:22:00 PM,SUMMIT HALL RD,NA,SAME DIRECTION SIDESWIPE,Clear,DRY,Medium,NO CONTROLS,NONE DETECTED,Yes,No Apparent Injury,N/A,UNKNOWN,MD,PASSENGER CAR,MOVING CONSTANT SPEED,25,No,2019,NISSAN,VERSA,39.12636983,-77.19718317,2022,4,22
220014385,Property Damage Crash,04/04/2022 10:00:00 PM,NEW HAMPSHIRE AVE,NA,HEAD ON LEFT TURN,Clear,DRY,Medium,TRAFFIC SIGNAL,NONE DETECTED,Yes,No Apparent Injury,N/A,NOT DISTRACTED,DC,PASSENGER CAR,MAKING LEFT TURN,45,No,2009,TOYOTA,CAMRY,38.98160103,-76.98898714,2022,4,22
220014385,Property Damage Crash,04/04/2022 10:00:00 PM,NEW HAMPSHIRE AVE,NA,HEAD ON LEFT TURN,Clear,DRY,Medium,TRAFFIC SIGNAL,NONE DETECTED,No,No Apparent Injury,N/A,NOT DISTRACTED,MD,PASSENGER CAR,MOVING CONSTANT SPEED,45,No,2010,TOYOTA,PRIUS,38.98160103,-76.98898714,2022,4,22
220014387,Injury Crash,04/04/2022 09:32:00 PM,NA,OTHER CONVEYANCE,OTHER,Clear,NA,Medium,NO CONTROLS,NONE DETECTED,Yes,No Apparent Injury,N/A,LOOKED BUT DID NOT SEE,NY,PASSENGER CAR,OTHER,0,No,2018,AUDI,4D,39.04329667,-77.11219167,2022,4,21
220014382,Injury Crash,04/04/2022 09:02:00 PM,MIDDLEBROOK RD,NA,SAME DIR REAR END,Clear,DRY,Medium,NO CONTROLS,NONE DETECTED,Yes,No Apparent Injury,N/A,UNKNOWN,MD,PASSENGER CAR,UNKNOWN,35,No,2006,FORD,CROWN VICTORIA,39.18005991,-77.26830349,2022,4,21
220014382,Injury Crash,04/04/2022 09:02:00 PM,MIDDLEBROOK RD,NA,SAME DIR REAR END,Clear,DRY,Medium,NO CONTROLS,NONE DETECTED,No,Possible Minor Injury,N/A,NOT DISTRACTED,MD,PASSENGER CAR,STOPPED IN TRAFFIC LANE,35,No,2011,HONDA,ACCORD,39.18005991,-77.26830349,2022,4,21
220014352,Injury Crash,04/04/2022 05:40:00 PM,NORBECK RD,NA,SAME DIR REAR END,Clear,DRY,Daylight,NO CONTROLS,NONE DETECTED,Yes,No Apparent Injury,N/A,UNKNOWN,MD,POLICE VEHICLE/EMERGENCY,ACCELERATING,35,No,2017,FORD,ESCAPE,39.11235764,-77.06571012,2022,4,17
220014352,Injury Crash,04/04/2022 05:40:00 PM,NORBECK RD,NA,SAME DIR REAR END,Clear,DRY,Daylight,NO CONTROLS,NONE DETECTED,No,No Apparent Injury,N/A,NOT DISTRACTED,MD,PASSENGER CAR,SLOWING OR STOPPING,35,No,2020,KIA,UT,39.11235764,-77.06571012,2022,4,17
220014353,Injury Crash,04/04/2022 05:27:00 PM,ROCKVILLE PIKE,NA,SAME DIRECTION LEFT TURN,Cloudy,DRY,Daylight,NO CONTROLS,NONE DETECTED,Yes,No Apparent Injury,N/A,LOOKED BUT DID NOT SEE,MD,PASSENGER CAR,MAKING LEFT TURN,35,No,2019,FORD,TK,39.06586607,-77.12723715,2022,4,17
220014353,Injury Crash,04/04/2022 05:27:00 PM,ROCKVILLE PIKE,NA,SAME DIRECTION LEFT TURN,Cloudy,DRY,Daylight,NO CONTROLS,NONE DETECTED,No,Possible Minor Injury,N/A,NOT DISTRACTED,MD,MOTORCYCLE,MOVING CONSTANT SPEED,35,No,2020,HARLEY DAVIDSON,X1883N SPORTSTER,39.06586607,-77.12723715,2022,4,17
220014344,Property Damage Crash,04/04/2022 05:00:00 PM,LAMBERTON DR,NA,STRAIGHT MOVEMENT ANGLE,Clear,DRY,Daylight,STOP SIGN,NONE DETECTED,No,No Apparent Injury,N/A,NOT DISTRACTED,MD,PASSENGER CAR,MOVING CONSTANT SPEED,25,No,2013,CHEVROLET,EQUINOX,39.041541,-77.0281565,2022,4,17
220014344,Property Damage Crash,04/04/2022 05:00:00 PM,LAMBERTON DR,NA,STRAIGHT MOVEMENT ANGLE,Clear,DRY,Daylight,STOP SIGN,NONE DETECTED,Yes,No Apparent Injury,N/A,UNKNOWN,MD,PASSENGER CAR,MAKING LEFT TURN,25,No,2016,KIA,VN,39.041541,-77.0281565,2022,4,17
220014346,Property Damage Crash,04/04/2022 04:54:00 PM,COLUMBIA PIKE,NA,SAME DIRECTION SIDESWIPE,Cloudy,DRY,Daylight,TRAFFIC SIGNAL,NONE DETECTED,No,No Apparent Injury,N/A,NOT DISTRACTED,MD,PASSENGER CAR,MOVING CONSTANT SPEED,40,No,2019,TOYOTA,SD,39.03310841,-77.00292685,2022,4,16
220014346,Property Damage Crash,04/04/2022 04:54:00 PM,COLUMBIA PIKE,NA,SAME DIRECTION SIDESWIPE,Cloudy,DRY,Daylight,TRAFFIC SIGNAL,NONE DETECTED,Yes,No Apparent Injury,N/A,UNKNOWN,NA,PASSENGER CAR,CHANGING LANES,40,No,2022,BMW,UT,39.03310841,-77.00292685,2022,4,16
220014338,Property Damage Crash,04/04/2022 04:45:00 PM,NEW HAMPSHIRE AVE,NA,HEAD ON,Clear,DRY,Daylight,TRAFFIC SIGNAL,NONE DETECTED,Yes,No Apparent Injury,N/A,UNKNOWN,VA,PASSENGER CAR,PASSING,5,No,2009,CHEVROLET,IMPALA,38.987558,-76.9878796,2022,4,16
220014338,Property Damage Crash,04/04/2022 04:45:00 PM,NEW HAMPSHIRE AVE,NA,HEAD ON,Clear,DRY,Daylight,TRAFFIC SIGNAL,NONE DETECTED,No,No Apparent Injury,N/A,NOT DISTRACTED,MD,PASSENGER CAR,PASSING,5,No,2011,CADILLAC,4S,38.987558,-76.9878796,2022,4,16
220014335,Property Damage Crash,04/04/2022 04:32:00 PM,NA,NA,OTHER,Clear,NA,Daylight,NO CONTROLS,NONE DETECTED,Yes,No Apparent Injury,N/A,LOOKED BUT DID NOT SEE,MD,SCHOOL BUS,PARKING,25,No,2015,THOMAS,CONV-MSDE-C-8,39.053321,-76.96436833,2022,4,16
220014315,Injury Crash,04/04/2022 02:45:00 PM,HUNGERFORD DR,NA,STRAIGHT MOVEMENT ANGLE,Clear,DRY,Daylight,TRAFFIC SIGNAL,NONE DETECTED,No,Possible Minor Injury,N/A,NOT DISTRACTED,MD,PASSENGER CAR,MOVING CONSTANT SPEED,40,No,2012,CHEV,SD,39.23061833,-77.283255,2022,4,14
220014315,Injury Crash,04/04/2022 02:45:00 PM,HUNGERFORD DR,NA,STRAIGHT MOVEMENT ANGLE,Clear,DRY,Daylight,TRAFFIC SIGNAL,NONE DETECTED,Yes,No Apparent Injury,N/A,LOOKED BUT DID NOT SEE,MD,PASSENGER CAR,MAKING U TURN,40,No,2021,SUBA,UT,39.23061833,-77.283255,2022,4,14
220014315,Injury Crash,04/04/2022 02:45:00 PM,HUNGERFORD DR,NA,STRAIGHT MOVEMENT ANGLE,Clear,DRY,Daylight,TRAFFIC SIGNAL,NONE DETECTED,No,No Apparent Injury,N/A,NOT DISTRACTED,MD,PASSENGER CAR,STOPPED IN TRAFFIC LANE,40,No,2021,HYUN,SD,39.23061833,-77.283255,2022,4,14
220014310,Injury Crash,04/04/2022 02:22:00 PM,NA,NA,HEAD ON LEFT TURN,Cloudy,NA,Daylight,STOP SIGN,NONE DETECTED,No,Possible Minor Injury,N/A,NOT DISTRACTED,MD,(SPORT) UTILITY VEHICLE,MOVING CONSTANT SPEED,0,No,2014,AUDI,Q5,39.20231,-77.246825,2022,4,14
220014310,Injury Crash,04/04/2022 02:22:00 PM,NA,NA,HEAD ON LEFT TURN,Cloudy,NA,Daylight,STOP SIGN,NONE DETECTED,Yes,No Apparent Injury,N/A,LOOKED BUT DID NOT SEE,MD,PASSENGER CAR,MAKING LEFT TURN,0,No,2022,VOLK,GTI,39.20231,-77.246825,2022,4,14
220014305,Property Damage Crash,04/04/2022 01:39:00 PM,ROCKVILLE PIKE,NA,OTHER,Clear,DRY,Daylight,TRAFFIC SIGNAL,NONE DETECTED,Yes,No Apparent Injury,N/A,NOT DISTRACTED,MD,PASSENGER CAR,MAKING LEFT TURN,35,No,2016,HYUN,4S,39.08385833,-77.14713167,2022,4,13
220014305,Property Damage Crash,04/04/2022 01:39:00 PM,ROCKVILLE PIKE,NA,OTHER,Clear,DRY,Daylight,TRAFFIC SIGNAL,NONE DETECTED,No,No Apparent Injury,N/A,NOT DISTRACTED,MD,TRANSIT BUS,MAKING RIGHT TURN,35,No,2014,GILL,BUS,39.08385833,-77.14713167,2022,4,13
220014309,Property Damage Crash,04/04/2022 01:32:00 PM,ROCKLEDGE DR,NA,HEAD ON LEFT TURN,Cloudy,DRY,Daylight,TRAFFIC SIGNAL,NONE DETECTED,No,No Apparent Injury,N/A,NOT DISTRACTED,MD,PASSENGER CAR,MAKING LEFT TURN,35,No,2018,TOYOTA,PRIUS,39.02961867,-77.13230121,2022,4,13
220014309,Property Damage Crash,04/04/2022 01:32:00 PM,ROCKLEDGE DR,NA,HEAD ON LEFT TURN,Cloudy,DRY,Daylight,TRAFFIC SIGNAL,NONE DETECTED,Yes,No Apparent Injury,N/A,UNKNOWN,MD,RECREATIONAL VEHICLE,MOVING CONSTANT SPEED,35,No,2005,TOYOTA,RAV4,39.02961867,-77.13230121,2022,4,13
220014301,Property Damage Crash,04/04/2022 01:20:00 PM,CONNECTICUT AVE,NA,SAME DIRECTION SIDESWIPE,Clear,DRY,Daylight,NO CONTROLS,NONE DETECTED,Yes,No Apparent Injury,N/A,LOOKED BUT DID NOT SEE,MD,SCHOOL BUS,MOVING CONSTANT SPEED,35,No,2017,THOM,BUS,38.98857,-77.07712667,2022,4,13
220014301,Property Damage Crash,04/04/2022 01:20:00 PM,CONNECTICUT AVE,NA,SAME DIRECTION SIDESWIPE,Clear,DRY,Daylight,NO CONTROLS,NONE DETECTED,No,No Apparent Injury,N/A,NOT DISTRACTED,MD,PASSENGER CAR,MOVING CONSTANT SPEED,35,No,2019,MERCEDES ZBENZ,A220,38.98857,-77.07712667,2022,4,13
220014288,Property Damage Crash,04/04/2022 12:40:00 PM,WOODFIELD RD,NA,SAME DIR REAR END,Clear,DRY,Daylight,NO CONTROLS,NONE DETECTED,Yes,No Apparent Injury,N/A,NOT DISTRACTED,MD,"OTHER LIGHT TRUCKS (10,000LBS (4,536KG) OR LESS)",MOVING CONSTANT SPEED,30,No,2002,FORD,F450,39.28363667,-77.20165,2022,4,12
220014288,Property Damage Crash,04/04/2022 12:40:00 PM,WOODFIELD RD,NA,SAME DIR REAR END,Clear,DRY,Daylight,NO CONTROLS,NONE DETECTED,No,No Apparent Injury,N/A,NOT DISTRACTED,MD,VAN,STOPPED IN TRAFFIC LANE,30,No,2020,MERZ,VAN,39.28363667,-77.20165,2022,4,12
220014282,Property Damage Crash,04/04/2022 12:00:00 PM,FREDERICK RD,NA,ANGLE MEETS LEFT TURN,Cloudy,DRY,Daylight,TRAFFIC SIGNAL,NONE DETECTED,Yes,No Apparent Injury,N/A,NOT DISTRACTED,MD,PASSENGER CAR,MOVING CONSTANT SPEED,40,No,2018,TOYOTA,COROLLA,39.10958,-77.159705,2022,4,12
220014282,Property Damage Crash,04/04/2022 12:00:00 PM,FREDERICK RD,NA,ANGLE MEETS LEFT TURN,Cloudy,DRY,Daylight,TRAFFIC SIGNAL,NONE DETECTED,Unknown,No Apparent Injury,N/A,NOT DISTRACTED,MD,(SPORT) UTILITY VEHICLE,MOVING CONSTANT SPEED,5,No,2014,KIA,SORRENTRA,39.10958,-77.159705,2022,4,12
22000467,Property Damage Crash,04/04/2022 10:06:00 AM,NA,NA,OTHER,Clear,NA,Daylight,N/A,NONE DETECTED,Yes,No Apparent Injury,N/A,NOT DISTRACTED,MD,PASSENGER CAR,BACKING,5,No,2012,SUBARU,IMPREZA,38.99557678,-77.0169004,2022,4,10
22000467,Property Damage Crash,04/04/2022 10:06:00 AM,NA,NA,OTHER,Clear,NA,Daylight,N/A,NONE DETECTED,No,No Apparent Injury,N/A,NO DRIVER PRESENT,MD,PICKUP TRUCK,PARKED,0,No,2015,FORD,TK,38.99557678,-77.0169004,2022,4,10
220014256,Injury Crash,04/04/2022 09:30:00 AM,GREAT SENECA HWY,NA,STRAIGHT MOVEMENT ANGLE,Clear,DRY,Daylight,STOP SIGN,NONE DETECTED,No,Possible Minor Injury,N/A,NOT DISTRACTED,MD,(SPORT) UTILITY VEHICLE,MOVING CONSTANT SPEED,40,No,2021,FORD,ESCAPE,39.13075217,-77.24024967,2022,4,9
220014256,Injury Crash,04/04/2022 09:30:00 AM,GREAT SENECA HWY,NA,STRAIGHT MOVEMENT ANGLE,Clear,DRY,Daylight,STOP SIGN,NONE DETECTED,Yes,No Apparent Injury,N/A,LOOKED BUT DID NOT SEE,MD,PASSENGER CAR,ACCELERATING,40,No,2019,CHRY,PACIFICA,39.13075217,-77.24024967,2022,4,9
220014255,Property Damage Crash,04/04/2022 09:12:00 AM,WOODFIELD RD,NA,SAME DIRECTION SIDESWIPE,Clear,DRY,Daylight,NO CONTROLS,NONE DETECTED,No,No Apparent Injury,"ANIMAL, V EXHAUST SYSTEM|R OTHER ROAD",NOT DISTRACTED,MD,"MEDIUM/HEAVY TRUCKS 3 AXLES (OVER 10,000LBS (4,536KG))",MOVING CONSTANT SPEED,50,No,2021,KENILWOTH,STRAIGHT BODY,39.22796023,-77.17752067,2022,4,9
220014255,Property Damage Crash,04/04/2022 09:12:00 AM,WOODFIELD RD,NA,SAME DIRECTION SIDESWIPE,Clear,DRY,Daylight,NO CONTROLS,NONE DETECTED,Yes,No Apparent Injury,"ANIMAL, V EXHAUST SYSTEM|R OTHER ROAD",NOT DISTRACTED,MD,SCHOOL BUS,MOVING CONSTANT SPEED,50,No,2015,THOMAS,SCHOOL BUS,39.22796023,-77.17752067,2022,4,9
220014252,Property Damage Crash,04/04/2022 08:51:00 AM,ROCKLEDGE DR,NA,OTHER,Clear,DRY,Daylight,NO CONTROLS,NONE DETECTED,Yes,No Apparent Injury,N/A,NOT DISTRACTED,DC,TRANSIT BUS,PASSING,30,No,2013,GIL,BUS,39.024085,-77.13266,2022,4,8
220014252,Property Damage Crash,04/04/2022 08:51:00 AM,ROCKLEDGE DR,NA,OTHER,Clear,DRY,Daylight,NO CONTROLS,NONE DETECTED,No,No Apparent Injury,N/A,NOT DISTRACTED,MD,(SPORT) UTILITY VEHICLE,PARKING,30,No,2021,BMW,X1X,39.024085,-77.13266,2022,4,8
220014250,Injury Crash,04/04/2022 08:30:00 AM,COLUMBIA PIKE,NA,SAME DIR REAR END,Clear,DRY,Daylight,NO CONTROLS,NONE DETECTED,No,No Apparent Injury,N/A,NOT DISTRACTED,MD,(SPORT) UTILITY VEHICLE,STOPPED IN TRAFFIC LANE,45,No,2018,HONDA,CRV,39.044515,-76.9902,2022,4,8
220014250,Injury Crash,04/04/2022 08:30:00 AM,COLUMBIA PIKE,NA,SAME DIR REAR END,Clear,DRY,Daylight,NO CONTROLS,NONE DETECTED,Yes,No Apparent Injury,N/A,NOT DISTRACTED,NY,PASSENGER CAR,SLOWING OR STOPPING,45,No,2015,TOYOTA,PRIUS,39.044515,-76.9902,2022,4,8
220014248,Property Damage Crash,04/04/2022 08:15:00 AM,GREAT FALLS RD,NA,SAME DIR REAR END,Clear,DRY,Daylight,NO CONTROLS,NONE DETECTED,No,No Apparent Injury,N/A,NOT DISTRACTED,MD,(SPORT) UTILITY VEHICLE,SLOWING OR STOPPING,30,No,2021,CHEV,UT,39.08325977,-77.15785524,2022,4,8
220014248,Property Damage Crash,04/04/2022 08:15:00 AM,GREAT FALLS RD,NA,SAME DIR REAR END,Clear,DRY,Daylight,NO CONTROLS,NONE DETECTED,Yes,No Apparent Injury,N/A,NOT DISTRACTED,MD,PASSENGER CAR,SLOWING OR STOPPING,30,No,1999,HOND,4S,39.08325977,-77.15785524,2022,4,8
220014247,Property Damage Crash,04/04/2022 07:50:00 AM,DEMOCRACY BLVD,NA,STRAIGHT MOVEMENT ANGLE,Clear,DRY,Daylight,TRAFFIC SIGNAL,NONE DETECTED,Yes,No Apparent Injury,N/A,NOT DISTRACTED,MD,PASSENGER CAR,MAKING LEFT TURN,45,No,2002,BMW,530I,39.0222785,-77.16768967,2022,4,7
220014247,Property Damage Crash,04/04/2022 07:50:00 AM,DEMOCRACY BLVD,NA,STRAIGHT MOVEMENT ANGLE,Clear,DRY,Daylight,TRAFFIC SIGNAL,NONE DETECTED,No,No Apparent Injury,N/A,NOT DISTRACTED,MD,PASSENGER CAR,MOVING CONSTANT SPEED,45,No,2018,JEEP,4X4,39.0222785,-77.16768967,2022,4,7
220014245,Property Damage Crash,04/04/2022 07:41:00 AM,GOLD MINE RD,NA,HEAD ON LEFT TURN,Clear,DRY,Daylight,NO CONTROLS,NONE DETECTED,Yes,No Apparent Injury,"N/A, VISION OBSTRUCTION (INCL. BLINDED BY SUN)",NOT DISTRACTED,MD,PASSENGER CAR,MOVING CONSTANT SPEED,25,No,2011,MAZDA,3,39.17446167,-77.042435,2022,4,7
220014245,Property Damage Crash,04/04/2022 07:41:00 AM,GOLD MINE RD,NA,HEAD ON LEFT TURN,Clear,DRY,Daylight,NO CONTROLS,NONE DETECTED,Yes,No Apparent Injury,"N/A, VISION OBSTRUCTION (INCL. BLINDED BY SUN)",NOT DISTRACTED,MD,PICKUP TRUCK,ACCELERATING,25,No,2016,FORD,F350,39.17446167,-77.042435,2022,4,7
220014243,Property Damage Crash,04/04/2022 06:35:00 AM,BRINK RD,NA,SINGLE VEHICLE,Cloudy,DRY,Medium,STOP SIGN,NONE DETECTED,Yes,No Apparent Injury,"ANIMAL, N/A",NOT DISTRACTED,MD,PASSENGER CAR,MOVING CONSTANT SPEED,40,No,2007,MAZDA,3,39.20115072,-77.20379924,2022,4,6
220014238,Property Damage Crash,04/04/2022 01:23:00 AM,E DIAMOND AVE,NA,UNKNOWN,Clear,N/A,Medium,NO CONTROLS,NONE DETECTED,Yes,No Apparent Injury,N/A,UNKNOWN,NA,PASSENGER CAR,UNKNOWN,30,Unknown,2016,JEEP,TK`,39.14151003,-77.18569217,2022,4,1
220014237,Property Damage Crash,04/03/2022 11:58:00 PM,NA,NA,OTHER,Clear,NA,Medium,OTHER,NONE DETECTED,Yes,No Apparent Injury,"N/A, V EXHAUST SYSTEM|R OTHER ROAD",NOT DISTRACTED,MD,PASSENGER CAR,ACCELERATING,10,No,2007,TOYT,SD,38.977905,-76.98901833,2022,4,23
220014231,Injury Crash,04/03/2022 10:34:00 PM,DIXON AVE,PEDESTRIAN,HEAD ON,Clear,DRY,Medium,TRAFFIC SIGNAL,NONE DETECTED,Unknown,No Apparent Injury,N/A,NOT DISTRACTED,MD,PASSENGER CAR,STARTING FROM LANE,25,No,2009,HOND,4S,38.99424667,-77.02813,2022,4,22
220014213,Property Damage Crash,04/03/2022 08:49:00 PM,NA,NA,STRAIGHT MOVEMENT ANGLE,Clear,NA,Medium,NO CONTROLS,NONE DETECTED,No,No Apparent Injury,N/A,NOT DISTRACTED,MD,POLICE VEHICLE/NON EMERGENCY,PARKED,15,No,2018,FORD,TAURUS,38.998615,-77.00259333,2022,4,20