Local Case Number,ACRS Report Type,Crash Date/Time,Road Name,Related Non-Motorist,Collision Type,Weather,Surface Condition,Light,Traffic Control,Driver Substance Abuse,Driver At Fault,Injury Severity,Circumstance,Driver Distracted By,Drivers License State,Vehicle Body Type,Vehicle Movement,Speed Limit,Driverless Vehicle,Vehicle Year,Vehicle Make,Vehicle Model,Latitude,Longitude,Year,Month,Hour
220014204,Property Damage Crash,04/03/2022 08:00:00 PM,GOSHEN RD,NA,HEAD ON LEFT TURN,Clear,DRY,Medium,TRAFFIC SIGNAL,NONE DETECTED,No,No Apparent Injury,N/A,NOT DISTRACTED,MD,PASSENGER CAR,MOVING CONSTANT SPEED,40,No,2022,FORD,EXPLORER,39.18771333,-77.18659667,2022,4,20
220014204,Property Damage Crash,04/03/2022 08:00:00 PM,GOSHEN RD,NA,HEAD ON LEFT TURN,Clear,DRY,Medium,TRAFFIC SIGNAL,NONE DETECTED,Yes,No Apparent Injury,N/A,LOOKED BUT DID NOT SEE,MD,PASSENGER CAR,MAKING LEFT TURN,40,No,2013,NISSAN,SENTRA,39.18771333,-77.18659667,2022,4,20
220014189,Property Damage Crash,04/03/2022 06:13:00 PM,NA,NA,STRAIGHT MOVEMENT ANGLE,Clear,NA,Daylight,NO CONTROLS,NONE DETECTED,No,No Apparent Injury,N/A,NOT DISTRACTED,MD,PASSENGER CAR,ACCELERATING,5,No,2013,FORD,SD,39.28863667,-77.20363167,2022,4,18
220014189,Property Damage Crash,04/03/2022 06:13:00 PM,NA,NA,STRAIGHT MOVEMENT ANGLE,Clear,NA,Daylight,NO CONTROLS,NONE DETECTED,Yes,No Apparent Injury,N/A,UNKNOWN,MD,PASSENGER CAR,ACCELERATING,5,No,2018,JEEP,TK,39.28863667,-77.20363167,2022,4,18
220014174,Injury Crash,04/03/2022 03:45:00 PM,GEORGIA AVE,NA,STRAIGHT MOVEMENT ANGLE,Clear,DRY,Daylight,NO CONTROLS,NONE DETECTED,Yes,Possible Minor Injury,N/A,UNKNOWN,MD,PASSENGER CAR,MAKING LEFT TURN,25,No,2007,TOYOTA,SIENNA,39.05077617,-77.051724,2022,4,15
220014174,Injury Crash,04/03/2022 03:45:00 PM,GEORGIA AVE,NA,STRAIGHT MOVEMENT ANGLE,Clear,DRY,Daylight,NO CONTROLS,NONE DETECTED,No,Possible Minor Injury,N/A,UNKNOWN,MD,PASSENGER CAR,MOVING CONSTANT SPEED,25,No,2017,TOYOTA,SIENNA,39.05077617,-77.051724,2022,4,15
220014153,Property Damage Crash,04/03/2022 01:12:00 PM,RANDOLPH RD,NA,ANGLE MEETS RIGHT TURN,Clear,DRY,Daylight,TRAFFIC SIGNAL,NONE DETECTED,Yes,No Apparent Injury,N/A,OTHER ELECTRONIC DEVICE (NAVIGATIONAL PALM PILOT),MD,PASSENGER CAR,MAKING RIGHT TURN,25,No,2007,NISS,TK,39.05906667,-77.04746,2022,4,13
220014153,Property Damage Crash,04/03/2022 01:12:00 PM,RANDOLPH RD,NA,ANGLE MEETS RIGHT TURN,Clear,DRY,Daylight,TRAFFIC SIGNAL,NONE DETECTED,No,No Apparent Injury,N/A,NOT DISTRACTED,MD,PASSENGER CAR,MOVING CONSTANT SPEED,25,No,2019,KIA,SD,39.05906667,-77.04746,2022,4,13
220014146,Injury Crash,04/03/2022 12:07:00 PM,CONNECTICUT AVE,NA,STRAIGHT MOVEMENT ANGLE,Cloudy,DRY,Daylight,STOP SIGN,NONE DETECTED,Unknown,No Apparent Injury,N/A,NOT DISTRACTED,VA,PASSENGER CAR,MOVING CONSTANT SPEED,35,No,2020,TOYOA,HIGHLANDER,39.06908333,-77.07544,2022,4,12
220014146,Injury Crash,04/03/2022 12:07:00 PM,CONNECTICUT AVE,NA,STRAIGHT MOVEMENT ANGLE,Cloudy,DRY,Daylight,STOP SIGN,NONE DETECTED,Yes,No Apparent Injury,N/A,LOOKED BUT DID NOT SEE,MD,PASSENGER CAR,MAKING RIGHT TURN,35,No,2007,HONDA,CRV,39.06908333,-77.07544,2022,4,12
220014145,Injury Crash,04/03/2022 11:57:00 AM,CENTERWAY RD,NA,SAME DIR REAR END,Clear,DRY,Daylight,TRAFFIC SIGNAL,NONE DETECTED,Yes,No Apparent Injury,N/A,LOOKED BUT DID NOT SEE,NA,PASSENGER CAR,STARTING FROM LANE,35,No,2005,CHEV,4S,39.16976901,-77.17685913,2022,4,11
220014145,Injury Crash,04/03/2022 11:57:00 AM,CENTERWAY RD,NA,SAME DIR REAR END,Clear,DRY,Daylight,TRAFFIC SIGNAL,NONE DETECTED,No,Possible Minor Injury,N/A,NOT DISTRACTED,MD,PASSENGER CAR,STOPPED IN TRAFFIC LANE,35,No,2003,TOYOTA,CAMRY,39.16976901,-77.17685913,2022,4,11
220014144,Property Damage Crash,04/03/2022 11:47:00 AM,DARNESTOWN RD,NA,STRAIGHT MOVEMENT ANGLE,Cloudy,DRY,Daylight,TRAFFIC SIGNAL,NONE DETECTED,Yes,No Apparent Injury,N/A,NOT DISTRACTED,MD,PASSENGER CAR,MOVING CONSTANT SPEED,40,No,2003,TOYOTA,RAV4,39.10044333,-77.21345167,2022,4,11
220014144,Property Damage Crash,04/03/2022 11:47:00 AM,DARNESTOWN RD,NA,STRAIGHT MOVEMENT ANGLE,Cloudy,DRY,Daylight,TRAFFIC SIGNAL,NONE DETECTED,No,No Apparent Injury,N/A,NOT DISTRACTED,MD,PASSENGER CAR,MAKING LEFT TURN,40,No,2017,PORS,CAYENNE,39.10044333,-77.21345167,2022,4,11
220014144,Property Damage Crash,04/03/2022 11:47:00 AM,DARNESTOWN RD,NA,STRAIGHT MOVEMENT ANGLE,Cloudy,DRY,Daylight,TRAFFIC SIGNAL,NONE DETECTED,No,No Apparent Injury,N/A,NOT DISTRACTED,MD,PASSENGER CAR,MAKING LEFT TURN,40,No,2016,SUBA,FORRESTER,39.10044333,-77.21345167,2022,4,11
220014136,Property Damage Crash,04/03/2022 10:32:00 AM,SEVEN LOCKS RD,NA,HEAD ON LEFT TURN,Clear,DRY,Daylight,TRAFFIC SIGNAL,NONE DETECTED,No,No Apparent Injury,N/A,NOT DISTRACTED,MD,PASSENGER CAR,MOVING CONSTANT SPEED,35,No,2016,AUDI,A6,39.05712833,-77.16161833,2022,4,10
220014136,Property Damage Crash,04/03/2022 10:32:00 AM,SEVEN LOCKS RD,NA,HEAD ON LEFT TURN,Clear,DRY,Daylight,TRAFFIC SIGNAL,NONE DETECTED,Yes,No Apparent Injury,N/A,LOOKED BUT DID NOT SEE,MD,PASSENGER CAR,MAKING LEFT TURN,35,No,2018,HYUN,ELANTRA,39.05712833,-77.16161833,2022,4,10
220014128,Property Damage Crash,04/03/2022 07:51:00 AM,GREAT SENECA HWY,NA,SINGLE VEHICLE,Clear,DRY,Daylight,NO CONTROLS,NONE DETECTED,Yes,No Apparent Injury,N/A,NOT DISTRACTED,MD,PASSENGER CAR,MOVING CONSTANT SPEED,35,No,2020,TOYOTA,CAMRY,39.1678075,-77.26842033,2022,4,7
220014349,Property Damage Crash,04/03/2022 01:20:00 AM,OLNEY LAYTONSVILLE RD,NA,SINGLE VEHICLE,Clear,DRY,Dark,N/A,NONE DETECTED,No,No Apparent Injury,"ANIMAL, N/A",NOT DISTRACTED,MD,POLICE VEHICLE/NON EMERGENCY,MOVING CONSTANT SPEED,50,No,2014,DODGE,CHARGER,39.19422002,-77.12480817,2022,4,1
220014185,Property Damage Crash,04/02/2022 06:43:00 PM,NA,NA,STRAIGHT MOVEMENT ANGLE,Clear,NA,Daylight,NO CONTROLS,NONE DETECTED,Yes,No Apparent Injury,N/A,UNKNOWN,NA,PASSENGER CAR,BACKING,0,No,2004,ACURA,2S,39.0575457,-77.1244196,2022,4,18
220014185,Property Damage Crash,04/02/2022 06:43:00 PM,NA,NA,STRAIGHT MOVEMENT ANGLE,Clear,NA,Daylight,NO CONTROLS,NONE DETECTED,No,No Apparent Injury,N/A,NOT DISTRACTED,MD,PASSENGER CAR,MOVING CONSTANT SPEED,0,No,2020,TESLA,MODEL 3,39.0575457,-77.1244196,2022,4,18
220014077,Injury Crash,04/02/2022 06:05:00 PM,CONNECTICUT AVE,NA,SAME DIR REAR END,Clear,DRY,Daylight,TRAFFIC SIGNAL,NONE DETECTED,Yes,No Apparent Injury,N/A,NOT DISTRACTED,MD,(SPORT) UTILITY VEHICLE,MAKING RIGHT TURN,30,No,2014,JEEP,CHEROKEE,39.09184,-77.07038333,2022,4,18
220014077,Injury Crash,04/02/2022 06:05:00 PM,CONNECTICUT AVE,NA,SAME DIR REAR END,Clear,DRY,Daylight,TRAFFIC SIGNAL,NONE DETECTED,No,No Apparent Injury,N/A,NOT DISTRACTED,MD,PASSENGER CAR,STOPPED IN TRAFFIC LANE,30,No,2009,HOND,4S,39.09184,-77.07038333,2022,4,18
220014066,Property Damage Crash,04/02/2022 04:55:00 PM,VEIRS MILL RD,NA,SAME DIRECTION SIDESWIPE,Clear,DRY,Daylight,N/A,NONE DETECTED,No,No Apparent Injury,N/A,NOT DISTRACTED,MD,PASSENGER CAR,MOVING CONSTANT SPEED,35,No,2007,BMW,X3,39.05272033,-77.0763815,2022,4,16
220014066,Property Damage Crash,04/02/2022 04:55:00 PM,VEIRS MILL RD,NA,SAME DIRECTION SIDESWIPE,Clear,DRY,Daylight,N/A,NONE DETECTED,Yes,No Apparent Injury,N/A,LOOKED BUT DID NOT SEE,MD,PASSENGER CAR,CHANGING LANES,35,No,2014,GILLIG,LOW FLOOR,39.05272033,-77.0763815,2022,4,16
220014061,Injury Crash,04/02/2022 04:31:00 PM,SPENCERVILLE RD,NA,HEAD ON,Clear,DRY,Daylight,FLASHING TRAFFIC SIGNAL,NONE DETECTED,No,No Apparent Injury,N/A,NOT DISTRACTED,MD,PASSENGER CAR,LEAVING TRAFFIC LANE,40,No,2013,FORD,FUSION,39.11585167,-76.96182167,2022,4,16
220014061,Injury Crash,04/02/2022 04:31:00 PM,SPENCERVILLE RD,NA,HEAD ON,Clear,DRY,Daylight,FLASHING TRAFFIC SIGNAL,NONE DETECTED,No,Possible Minor Injury,N/A,NOT DISTRACTED,VA,(SPORT) UTILITY VEHICLE,MOVING CONSTANT SPEED,40,No,2019,HONDA,CRV,39.11585167,-76.96182167,2022,4,16
220014061,Injury Crash,04/02/2022 04:31:00 PM,SPENCERVILLE RD,NA,HEAD ON,Clear,DRY,Daylight,FLASHING TRAFFIC SIGNAL,NONE DETECTED,Yes,No Apparent Injury,N/A,NOT DISTRACTED,NA,NA,SLOWING OR STOPPING,40,No,0,UNKNOWN,UNKNOWN,39.11585167,-76.96182167,2022,4,16
220014049,Property Damage Crash,04/02/2022 02:30:00 PM,NA,NA,STRAIGHT MOVEMENT ANGLE,Clear,NA,Daylight,NO CONTROLS,NONE DETECTED,Yes,No Apparent Injury,N/A,LOOKED BUT DID NOT SEE,MD,PASSENGER CAR,BACKING,0,No,2015,TOYOTA,CAMRY,39.11507136,-77.20470503,2022,4,14
220014049,Property Damage Crash,04/02/2022 02:30:00 PM,NA,NA,STRAIGHT MOVEMENT ANGLE,Clear,NA,Daylight,NO CONTROLS,NONE DETECTED,No,No Apparent Injury,N/A,NOT DISTRACTED,MD,POLICE VEHICLE/EMERGENCY,MOVING CONSTANT SPEED,0,No,2014,DODGE,CHARGER,39.11507136,-77.20470503,2022,4,14
220014045,Property Damage Crash,04/02/2022 02:12:00 PM,GEORGIA AVE,NA,ANGLE MEETS RIGHT TURN,Clear,DRY,Daylight,NO CONTROLS,NONE DETECTED,Yes,No Apparent Injury,N/A,DISTRACTED BY OUTSIDE PERSON OBJECT OR EVENT,MD,PASSENGER CAR,MAKING RIGHT TURN,25,No,2014,LINC,TK,39.03961667,-77.051425,2022,4,14
220014045,Property Damage Crash,04/02/2022 02:12:00 PM,GEORGIA AVE,NA,ANGLE MEETS RIGHT TURN,Clear,DRY,Daylight,NO CONTROLS,NONE DETECTED,No,No Apparent Injury,N/A,NOT DISTRACTED,DC,PASSENGER CAR,SLOWING OR STOPPING,25,No,2010,HONDA,CRV,39.03961667,-77.051425,2022,4,14
220014041,Injury Crash,04/02/2022 01:50:00 PM,CONNECTICUT AVE,NA,HEAD ON LEFT TURN,Clear,DRY,Daylight,NO CONTROLS,NONE DETECTED,No,Possible Minor Injury,N/A,NOT DISTRACTED,MD,PASSENGER CAR,MOVING CONSTANT SPEED,35,No,2016,HONDA,CRV,39.08643352,-77.07399046,2022,4,13
220014041,Injury Crash,04/02/2022 01:50:00 PM,CONNECTICUT AVE,NA,HEAD ON LEFT TURN,Clear,DRY,Daylight,NO CONTROLS,NONE DETECTED,Yes,No Apparent Injury,N/A,LOOKED BUT DID NOT SEE,MD,PASSENGER CAR,MAKING LEFT TURN,35,No,2009,HONDA,ACCORD,39.08643352,-77.07399046,2022,4,13
220014031,Property Damage Crash,04/02/2022 12:24:00 PM,CLUB VIEW DR,NA,SAME DIRECTION SIDESWIPE,Clear,DRY,Daylight,NO CONTROLS,NONE DETECTED,Yes,No Apparent Injury,N/A,NOT DISTRACTED,MD,PASSENGER CAR,MOVING CONSTANT SPEED,25,No,2006,VOLVO,STATION WAGON,39.25296954,-77.20101177,2022,4,12
220014030,Property Damage Crash,04/02/2022 12:16:00 PM,LIBERTY MILL RD,NA,SINGLE VEHICLE,Clear,DRY,Daylight,NO CONTROLS,NONE DETECTED,Yes,No Apparent Injury,N/A,NOT DISTRACTED,MD,PASSENGER CAR,MOVING CONSTANT SPEED,30,No,2017,TOYT,SIENNA,39.166645,-77.27731167,2022,4,12
220014023,Injury Crash,04/02/2022 10:50:00 AM,MONTGOMERY VILLAGE AVE,PEDESTRIAN,OTHER,Clear,DRY,Daylight,WARNING SIGN,NONE DETECTED,Yes,No Apparent Injury,N/A,UNKNOWN,MD,PASSENGER CAR,MOVING CONSTANT SPEED,35,No,2015,JEEP,GRAND CHEROKEE,39.1706,-77.20392667,2022,4,10
220014024,Injury Crash,04/02/2022 10:44:00 AM,COLESVILLE RD,NA,STRAIGHT MOVEMENT ANGLE,Clear,N/A,Daylight,NO CONTROLS,NONE DETECTED,Yes,No Apparent Injury,N/A,NOT DISTRACTED,DE,PASSENGER CAR,ACCELERATING,35,No,2016,TOYOTA,RAV4,39.02402833,-77.01115,2022,4,10
220014024,Injury Crash,04/02/2022 10:44:00 AM,COLESVILLE RD,NA,STRAIGHT MOVEMENT ANGLE,Clear,N/A,Daylight,NO CONTROLS,NONE DETECTED,No,Possible Minor Injury,N/A,NOT DISTRACTED,MD,PASSENGER CAR,MOVING CONSTANT SPEED,35,No,2019,NISSAN,ALTIMA,39.02402833,-77.01115,2022,4,10
220014019,Injury Crash,04/02/2022 10:03:00 AM,WAYNE AVE,OTHER,OTHER,Clear,DRY,Daylight,TRAFFIC SIGNAL,NONE DETECTED,No,No Apparent Injury,N/A,NOT DISTRACTED,DC,(SPORT) UTILITY VEHICLE,MAKING RIGHT TURN,30,No,2013,INFINITI,JX35,38.9944405,-77.02643267,2022,4,10
220014015,Property Damage Crash,04/02/2022 09:27:00 AM,NEW HAMPSHIRE AVE,NA,HEAD ON LEFT TURN,Clear,DRY,Daylight,TRAFFIC SIGNAL,NONE DETECTED,No,No Apparent Injury,N/A,NOT DISTRACTED,MD,(SPORT) UTILITY VEHICLE,MOVING CONSTANT SPEED,35,No,2007,ACUR,RDX,39.01132333,-76.97915167,2022,4,9
220014015,Property Damage Crash,04/02/2022 09:27:00 AM,NEW HAMPSHIRE AVE,NA,HEAD ON LEFT TURN,Clear,DRY,Daylight,TRAFFIC SIGNAL,NONE DETECTED,Yes,No Apparent Injury,N/A,LOOKED BUT DID NOT SEE,DC,PASSENGER CAR,MAKING LEFT TURN,35,No,2021,VOLK,JETTA,39.01132333,-76.97915167,2022,4,9
220014014,Property Damage Crash,04/02/2022 09:15:00 AM,MONTGOMERY VILLAGE AVE,NA,SAME DIR REAR END,Clear,DRY,Daylight,TRAFFIC SIGNAL,NONE DETECTED,No,No Apparent Injury,N/A,NOT DISTRACTED,MD,PASSENGER CAR,STOPPED IN TRAFFIC LANE,35,No,2013,TOYOTA,CAMRY,39.15835333,-77.20413083,2022,4,9
220014014,Property Damage Crash,04/02/2022 09:15:00 AM,MONTGOMERY VILLAGE AVE,NA,SAME DIR REAR END,Clear,DRY,Daylight,TRAFFIC SIGNAL,NONE DETECTED,Yes,No Apparent Injury,N/A,OTHER DISTRACTION,MD,(SPORT) UTILITY VEHICLE,MOVING CONSTANT SPEED,35,No,2016,HOND,TK,39.15835333,-77.20413083,2022,4,9
220014005,Injury Crash,04/02/2022 03:51:00 AM,WISCONSIN AVE,NA,SINGLE VEHICLE,Clear,DRY,Medium,TRAFFIC SIGNAL,NONE DETECTED,Yes,Possible Minor Injury,N/A,UNKNOWN,MD,PASSENGER CAR,MOVING CONSTANT SPEED,30,No,2012,BMW,X3,38.96747,-77.08877333,2022,4,3
220014001,Property Damage Crash,04/02/2022 02:45:00 AM,CIDER BARRELL DR,NA,SAME DIRECTION SIDESWIPE,Clear,DRY,Medium,NO CONTROLS,ALCOHOL PRESENT,Yes,No Apparent Injury,N/A,LOOKED BUT DID NOT SEE,MD,(SPORT) UTILITY VEHICLE,MOVING CONSTANT SPEED,25,No,2017,HONDA,CRV,39.18894,-77.24329333,2022,4,2
220013987,Property Damage Crash,04/02/2022 12:51:00 AM,RIDGE RD,NA,SINGLE VEHICLE,Clear,DRY,Medium,NO CONTROLS,ALCOHOL PRESENT,Yes,No Apparent Injury,N/A,LOOKED BUT DID NOT SEE,MD,PASSENGER CAR,MOVING CONSTANT SPEED,40,No,2014,MERZ,CLA250,39.20267667,-77.25151833,2022,4,0
220013983,Injury Crash,04/01/2022 11:53:00 PM,NEEDWOOD RD,NA,SINGLE VEHICLE,Clear,DRY,Dark,NO CONTROLS,NONE DETECTED,Yes,Possible Minor Injury,N/A,UNKNOWN,MD,(SPORT) UTILITY VEHICLE,MOVING CONSTANT SPEED,30,No,2010,NISSAN,ROGUE,39.12387,-77.13474167,2022,4,23
220013971,Injury Crash,04/01/2022 09:20:00 PM,OLD GEORGETOWN RD,NA,STRAIGHT MOVEMENT ANGLE,Clear,DRY,Medium,TRAFFIC SIGNAL,NONE DETECTED,Unknown,No Apparent Injury,N/A,UNKNOWN,MD,PASSENGER CAR,MAKING LEFT TURN,25,No,2020,NISS,KICKS,39.0300418,-77.12675898,2022,4,21
220013971,Injury Crash,04/01/2022 09:20:00 PM,OLD GEORGETOWN RD,NA,STRAIGHT MOVEMENT ANGLE,Clear,DRY,Medium,TRAFFIC SIGNAL,NONE DETECTED,Unknown,No Apparent Injury,N/A,UNKNOWN,MD,PASSENGER CAR,MOVING CONSTANT SPEED,40,No,2021,JEEP,GRAND CHEROKEE,39.0300418,-77.12675898,2022,4,21
220013966,Injury Crash,04/01/2022 08:28:00 PM,NA,PEDESTRIAN,OTHER,Clear,NA,Medium,NO CONTROLS,NONE DETECTED,Yes,No Apparent Injury,N/A,LOOKED BUT DID NOT SEE,VA,PASSENGER CAR,MAKING RIGHT TURN,5,No,2022,NISSAN,SENTRA,39.14639232,-77.20450323,2022,4,20
220013972,Property Damage Crash,04/01/2022 08:20:00 PM,EISENHOWER MEMORIAL HWY,NA,N/A,Clear,DRY,Medium,N/A,NONE DETECTED,No,No Apparent Injury,"ANIMAL, N/A",NOT DISTRACTED,MD,POLICE VEHICLE/NON EMERGENCY,MOVING CONSTANT SPEED,55,No,2019,DODGE,CHARGER,39.231948,-77.284683,2022,4,20
220013964,Property Damage Crash,04/01/2022 07:46:00 PM,SNOWDEN FARM PKWY,NA,SINGLE VEHICLE,Clear,DRY,Medium,TRAFFIC SIGNAL,NONE DETECTED,Yes,No Apparent Injury,N/A,NOT DISTRACTED,MD,PASSENGER CAR,MOVING CONSTANT SPEED,40,No,2006,VOLK,4S,39.244755,-77.26441167,2022,4,19
220014442,Property Damage Crash,04/01/2022 06:13:00 PM,NEW HAMPSHIRE AVE,NA,SAME DIR REAR END,Cloudy,DRY,Daylight,NO CONTROLS,NONE DETECTED,Yes,No Apparent Injury,N/A,UNKNOWN,NA,VAN,ACCELERATING,40,No,1999,FORD,VAN,39.04228624,-76.99166026,2022,4,18
220014442,Property Damage Crash,04/01/2022 06:13:00 PM,NEW HAMPSHIRE AVE,NA,SAME DIR REAR END,Cloudy,DRY,Daylight,NO CONTROLS,NONE DETECTED,No,No Apparent Injury,N/A,NOT DISTRACTED,MD,PASSENGER CAR,ACCELERATING,40,No,2018,TOYOTA,CAMRY,39.04228624,-76.99166026,2022,4,18
220013950,Property Damage Crash,04/01/2022 06:09:00 PM,TECH RD,NA,SINGLE VEHICLE,Clear,DRY,Daylight,NO CONTROLS,NONE DETECTED,Yes,No Apparent Injury,N/A,OTHER DISTRACTION,MD,PASSENGER CAR,MOVING CONSTANT SPEED,30,No,2018,NISSAN,ALTIMA,39.05532233,-76.96690417,2022,4,18
220013945,Property Damage Crash,04/01/2022 05:18:00 PM,FERNWOOD RD,NA,SAME DIRECTION RIGHT TURN,Clear,DRY,Daylight,NO CONTROLS,NONE DETECTED,No,No Apparent Injury,N/A,NOT DISTRACTED,MD,TRANSIT BUS,SLOWING OR STOPPING,35,No,2013,NEW,TBU,39.026265,-77.13940333,2022,4,17
220013945,Property Damage Crash,04/01/2022 05:18:00 PM,FERNWOOD RD,NA,SAME DIRECTION RIGHT TURN,Clear,DRY,Daylight,NO CONTROLS,NONE DETECTED,Yes,No Apparent Injury,N/A,DISTRACTED BY OUTSIDE PERSON OBJECT OR EVENT,MD,PASSENGER CAR,OTHER,35,No,2021,MAZDA,CX-30,39.026265,-77.13940333,2022,4,17
220013960,Fatal Crash,04/01/2022 05:12:00 PM,FALLS RD,NA,SINGLE VEHICLE,Clear,DRY,Daylight,N/A,ALCOHOL PRESENT,Yes,Fatal Injury,N/A,UNKNOWN,MD,MOTORCYCLE,UNKNOWN,35,No,2019,DUCATI,DIAVEL,39.03046529,-77.20154235,2022,4,17
220013942,Injury Crash,04/01/2022 05:10:00 PM,PARKLAWN DR,PEDESTRIAN,STRAIGHT MOVEMENT ANGLE,Clear,DRY,Daylight,NO CONTROLS,NONE DETECTED,Yes,Possible Minor Injury,N/A,UNKNOWN,MD,PASSENGER CAR,MOVING CONSTANT SPEED,30,No,2017,NISSAN,SENTRA,39.0537535,-77.1067445,2022,4,17
220013942,Injury Crash,04/01/2022 05:10:00 PM,PARKLAWN DR,PEDESTRIAN,STRAIGHT MOVEMENT ANGLE,Clear,DRY,Daylight,NO CONTROLS,NONE DETECTED,No,Possible Minor Injury,N/A,NOT DISTRACTED,KS,VAN,PARKED,0,No,2020,CHEVROLET,EXPRESS,39.0537535,-77.1067445,2022,4,17
220013933,Injury Crash,04/01/2022 04:39:00 PM,DEMOCRACY BLVD,NA,SAME DIR REAR END,Clear,DRY,Daylight,N/A,NONE DETECTED,No,No Apparent Injury,N/A,NOT DISTRACTED,MD,(SPORT) UTILITY VEHICLE,SLOWING OR STOPPING,45,No,2016,LEXUS,SUV,39.02281167,-77.16580167,2022,4,16
220013933,Injury Crash,04/01/2022 04:39:00 PM,DEMOCRACY BLVD,NA,SAME DIR REAR END,Clear,DRY,Daylight,N/A,NONE DETECTED,No,Possible Minor Injury,N/A,NOT DISTRACTED,MD,VAN,SLOWING OR STOPPING,45,No,2013,TOYOTA,SIENNA,39.02281167,-77.16580167,2022,4,16
220013933,Injury Crash,04/01/2022 04:39:00 PM,DEMOCRACY BLVD,NA,SAME DIR REAR END,Clear,DRY,Daylight,N/A,NONE DETECTED,Yes,No Apparent Injury,N/A,LOOKED BUT DID NOT SEE,MD,VAN,MOVING CONSTANT SPEED,45,No,2017,FORD,TRANSIT,39.02281167,-77.16580167,2022,4,16
220013932,Property Damage Crash,04/01/2022 04:31:00 PM,OLD GEORGETOWN RD,NA,SAME DIRECTION SIDESWIPE,Cloudy,DRY,Daylight,NO CONTROLS,NONE DETECTED,No,No Apparent Injury,N/A,NOT DISTRACTED,US,PASSENGER CAR,MOVING CONSTANT SPEED,35,No,2014,TOYOTA,SIENNA,38.9996045,-77.1094885,2022,4,16
220013932,Property Damage Crash,04/01/2022 04:31:00 PM,OLD GEORGETOWN RD,NA,SAME DIRECTION SIDESWIPE,Cloudy,DRY,Daylight,NO CONTROLS,NONE DETECTED,Yes,No Apparent Injury,N/A,UNKNOWN,MD,PASSENGER CAR,CHANGING LANES,35,No,2012,TOYOTA,SIENNA,38.9996045,-77.1094885,2022,4,16
220013932,Property Damage Crash,04/01/2022 04:31:00 PM,OLD GEORGETOWN RD,NA,SAME DIRECTION SIDESWIPE,Cloudy,DRY,Daylight,NO CONTROLS,NONE DETECTED,No,No Apparent Injury,N/A,NOT DISTRACTED,MD,PASSENGER CAR,MOVING CONSTANT SPEED,35,No,2014,ACURA,MDX,38.9996045,-77.1094885,2022,4,16
220013963,Property Damage Crash,04/01/2022 04:00:00 PM,COLUMBIA BLVD,NA,SAME DIRECTION SIDESWIPE,Clear,DRY,Daylight,TRAFFIC SIGNAL,NONE DETECTED,No,No Apparent Injury,N/A,NOT DISTRACTED,MD,(SPORT) UTILITY VEHICLE,ACCELERATING,30,No,2020,HYUNDAI,TUCSON,39.00872214,-77.04023035,2022,4,16
220013963,Property Damage Crash,04/01/2022 04:00:00 PM,COLUMBIA BLVD,NA,SAME DIRECTION SIDESWIPE,Clear,DRY,Daylight,TRAFFIC SIGNAL,NONE DETECTED,Yes,No Apparent Injury,N/A,UNKNOWN,NA,(SPORT) UTILITY VEHICLE,MAKING RIGHT TURN,30,No,2010,HONDA,CRV,39.00872214,-77.04023035,2022,4,16
220013920,Injury Crash,04/01/2022 03:28:00 PM,SHADY GROVE RD,NA,ANGLE MEETS LEFT HEAD ON,Clear,DRY,Daylight,TRAFFIC SIGNAL,NONE DETECTED,No,Possible Minor Injury,N/A,NOT DISTRACTED,MD,PASSENGER CAR,STARTING FROM LANE,35,No,2018,TOYOTA,COROLLA,39.10965183,-77.18816867,2022,4,15
220013920,Injury Crash,04/01/2022 03:28:00 PM,SHADY GROVE RD,NA,ANGLE MEETS LEFT HEAD ON,Clear,DRY,Daylight,TRAFFIC SIGNAL,NONE DETECTED,No,No Apparent Injury,N/A,NOT DISTRACTED,MD,PASSENGER CAR,STARTING FROM LANE,35,No,2005,LEXS,SU,39.10965183,-77.18816867,2022,4,15
220013920,Injury Crash,04/01/2022 03:28:00 PM,SHADY GROVE RD,NA,ANGLE MEETS LEFT HEAD ON,Clear,DRY,Daylight,TRAFFIC SIGNAL,NONE DETECTED,Yes,Possible Minor Injury,N/A,LOOKED BUT DID NOT SEE,VA,PASSENGER CAR,MOVING CONSTANT SPEED,35,No,2005,MERCEDES,E320,39.10965183,-77.18816867,2022,4,15
220013921,Injury Crash,04/01/2022 03:20:00 PM,NA,NA,SINGLE VEHICLE,Clear,NA,Daylight,NO CONTROLS,NONE DETECTED,Yes,Suspected Serious Injury,N/A,UNKNOWN,XX,PASSENGER CAR,MOVING CONSTANT SPEED,35,No,2017,TOYOTA,SIENNA,39.157035,-77.20665833,2022,4,15
220013907,Injury Crash,04/01/2022 03:07:00 PM,DARNESTOWN RD,NA,HEAD ON LEFT TURN,Clear,DRY,Daylight,N/A,NONE DETECTED,Yes,No Apparent Injury,N/A,UNKNOWN,MD,(SPORT) UTILITY VEHICLE,MAKING LEFT TURN,30,No,2000,LEXUS,RX,39.1031,-77.29132167,2022,4,15
220013907,Injury Crash,04/01/2022 03:07:00 PM,DARNESTOWN RD,NA,HEAD ON LEFT TURN,Clear,DRY,Daylight,N/A,NONE DETECTED,No,Possible Minor Injury,N/A,NOT DISTRACTED,MD,(SPORT) UTILITY VEHICLE,MOVING CONSTANT SPEED,40,No,2016,NISSAN,ROGUE,39.1031,-77.29132167,2022,4,15
220013910,Property Damage Crash,04/01/2022 03:00:00 PM,CONNECTICUT AVE,NA,STRAIGHT MOVEMENT ANGLE,Clear,DRY,Daylight,STOP SIGN,NONE DETECTED,Yes,No Apparent Injury,N/A,LOOKED BUT DID NOT SEE,MD,POLICE VEHICLE/EMERGENCY,MOVING CONSTANT SPEED,30,No,2008,TOYT,4S,38.98702833,-77.07747667,2022,4,15
220013910,Property Damage Crash,04/01/2022 03:00:00 PM,CONNECTICUT AVE,NA,STRAIGHT MOVEMENT ANGLE,Clear,DRY,Daylight,STOP SIGN,NONE DETECTED,No,No Apparent Injury,N/A,NOT DISTRACTED,MD,PASSENGER CAR,MOVING CONSTANT SPEED,30,No,2006,HOND,4S,38.98702833,-77.07747667,2022,4,15
220013889,Injury Crash,04/01/2022 01:50:00 PM,GREAT SENECA HWY,NA,SINGLE VEHICLE,Clear,DRY,Daylight,TRAFFIC SIGNAL,NONE DETECTED,Yes,Possible Minor Injury,N/A,NOT DISTRACTED,MD,PASSENGER CAR,MAKING LEFT TURN,50,No,2017,ACURA,TLX,39.10365583,-77.20640867,2022,4,13
220013890,Injury Crash,04/01/2022 01:40:00 PM,MACARTHUR BLVD,NA,SAME DIR REAR END,Cloudy,DRY,Daylight,STOP SIGN,NONE DETECTED,No,Possible Minor Injury,N/A,NOT DISTRACTED,WV,PASSENGER CAR,STOPPED IN TRAFFIC LANE,30,No,2015,CHEVROLET,CORVETTE,38.97439016,-77.16141476,2022,4,13
220013890,Injury Crash,04/01/2022 01:40:00 PM,MACARTHUR BLVD,NA,SAME DIR REAR END,Cloudy,DRY,Daylight,STOP SIGN,NONE DETECTED,Yes,No Apparent Injury,N/A,UNKNOWN,NA,PASSENGER CAR,STARTING FROM LANE,30,No,2018,MERCEDES,SUV,38.97439016,-77.16141476,2022,4,13
220013915,Property Damage Crash,04/01/2022 01:40:00 PM,ALEXANDER MANOR DR,NA,SINGLE VEHICLE,Clear,DRY,Daylight,NO CONTROLS,NONE DETECTED,Yes,No Apparent Injury,N/A,LOOKED BUT DID NOT SEE,MD,SCHOOL BUS,BACKING,25,No,2019,THMS,BU,39.12903833,-77.01663,2022,4,13