Local Case Number,ACRS Report Type,Crash Date/Time,Road Name,Related Non-Motorist,Collision Type,Weather,Surface Condition,Light,Traffic Control,Driver Substance Abuse,Driver At Fault,Injury Severity,Circumstance,Driver Distracted By,Drivers License State,Vehicle Body Type,Vehicle Movement,Speed Limit,Driverless Vehicle,Vehicle Year,Vehicle Make,Vehicle Model,Latitude,Longitude,Year,Month,Hour
220013876,Property Damage Crash,04/01/2022 12:58:00 PM,MONTGOMERY VILLAGE AVE,NA,SAME DIR REND RIGHT TURN,Cloudy,DRY,Daylight,TRAFFIC SIGNAL,NONE DETECTED,Yes,No Apparent Injury,N/A,NOT DISTRACTED,MD,PASSENGER CAR,ACCELERATING,35,No,2021,HONDA,INSIGHT,39.17007433,-77.20439583,2022,4,12
220013876,Property Damage Crash,04/01/2022 12:58:00 PM,MONTGOMERY VILLAGE AVE,NA,SAME DIR REND RIGHT TURN,Cloudy,DRY,Daylight,TRAFFIC SIGNAL,NONE DETECTED,No,No Apparent Injury,N/A,NOT DISTRACTED,MD,(SPORT) UTILITY VEHICLE,STOPPED IN TRAFFIC LANE,35,No,2021,SUBARU,OUTBACK,39.17007433,-77.20439583,2022,4,12
220013887,Property Damage Crash,04/01/2022 12:57:00 PM,GEORGIA AVE,NA,SAME DIRECTION SIDESWIPE,Clear,DRY,Daylight,NO CONTROLS,NONE DETECTED,Yes,No Apparent Injury,N/A,UNKNOWN,MD,"CARGO VAN/LIGHT TRUCK 2 AXLES (OVER 10,000LBS (4,536 KG))",CHANGING LANES,35,No,2015,CHEVY,TRUCK,39.01891147,-77.04364137,2022,4,12
220013887,Property Damage Crash,04/01/2022 12:57:00 PM,GEORGIA AVE,NA,SAME DIRECTION SIDESWIPE,Clear,DRY,Daylight,NO CONTROLS,NONE DETECTED,No,No Apparent Injury,N/A,NOT DISTRACTED,MD,PASSENGER CAR,ACCELERATING,35,No,2014,TOYOTA,CAMRY,39.01891147,-77.04364137,2022,4,12
220013873,Property Damage Crash,04/01/2022 12:22:00 PM,CENTRAL AVE,NA,HEAD ON LEFT TURN,Cloudy,DRY,Daylight,NO CONTROLS,NONE DETECTED,Yes,No Apparent Injury,N/A,UNKNOWN,VA,VAN,MAKING LEFT TURN,30,No,2006,CHEV,VAN,39.13405833,-77.18112,2022,4,12
220013873,Property Damage Crash,04/01/2022 12:22:00 PM,CENTRAL AVE,NA,HEAD ON LEFT TURN,Cloudy,DRY,Daylight,NO CONTROLS,NONE DETECTED,No,No Apparent Injury,N/A,NOT DISTRACTED,MD,PASSENGER CAR,MOVING CONSTANT SPEED,30,No,2008,HONDA,SD,39.13405833,-77.18112,2022,4,12
220013869,Property Damage Crash,04/01/2022 12:20:00 PM,LOCKWOOD DR,NA,ANGLE MEETS LEFT TURN,Cloudy,WET,Daylight,STOP SIGN,NONE DETECTED,No,No Apparent Injury,"N/A, RAIN, SNOW",NOT DISTRACTED,DC,TRANSIT BUS,STARTING FROM LANE,30,No,2013,TBU,BUS,39.038805,-76.99286667,2022,4,12
220013869,Property Damage Crash,04/01/2022 12:20:00 PM,LOCKWOOD DR,NA,ANGLE MEETS LEFT TURN,Cloudy,WET,Daylight,STOP SIGN,NONE DETECTED,Yes,No Apparent Injury,"N/A, RAIN, SNOW",LOOKED BUT DID NOT SEE,MD,VAN,MAKING LEFT TURN,35,No,2018,NISSAN,VAN,39.038805,-76.99286667,2022,4,12
220013863,Property Damage Crash,04/01/2022 11:05:00 AM,CONNECTICUT AVE,NA,ANGLE MEETS LEFT TURN,Cloudy,DRY,Daylight,NO CONTROLS,NONE DETECTED,Yes,No Apparent Injury,N/A,LOOKED BUT DID NOT SEE,MD,PASSENGER CAR,MAKING LEFT TURN,30,No,2017,HONDA,ACCORD,39.03397167,-77.07505333,2022,4,11
220013863,Property Damage Crash,04/01/2022 11:05:00 AM,CONNECTICUT AVE,NA,ANGLE MEETS LEFT TURN,Cloudy,DRY,Daylight,NO CONTROLS,NONE DETECTED,No,No Apparent Injury,N/A,NOT DISTRACTED,MD,VAN,MOVING CONSTANT SPEED,30,No,2014,TOYOTA,SIENNA,39.03397167,-77.07505333,2022,4,11
220013852,Property Damage Crash,04/01/2022 09:42:00 AM,MUDDY BRANCH RD,NA,SINGLE VEHICLE,Clear,N/A,Daylight,TRAFFIC SIGNAL,NONE DETECTED,Yes,No Apparent Injury,N/A,LOOKED BUT DID NOT SEE,MD,PASSENGER CAR,MAKING RIGHT TURN,0,No,2013,TOYT,4S,39.11513545,-77.216245,2022,4,9
220013844,Property Damage Crash,04/01/2022 08:20:00 AM,EAST VILLAGE AVE,NA,HEAD ON LEFT TURN,Clear,DRY,Daylight,STOP SIGN,NONE DETECTED,Yes,No Apparent Injury,N/A,UNKNOWN,MD,PASSENGER CAR,MAKING LEFT TURN,30,No,2014,NISS,4H,39.18946483,-77.1581585,2022,4,8
220013844,Property Damage Crash,04/01/2022 08:20:00 AM,EAST VILLAGE AVE,NA,HEAD ON LEFT TURN,Clear,DRY,Daylight,STOP SIGN,NONE DETECTED,No,No Apparent Injury,N/A,NOT DISTRACTED,MD,PASSENGER CAR,MOVING CONSTANT SPEED,30,No,2021,HYUN,SD,39.18946483,-77.1581585,2022,4,8
220013843,Property Damage Crash,04/01/2022 07:30:00 AM,RIVER RD,NA,SAME DIR REAR END,Clear,DRY,Daylight,NO CONTROLS,NONE DETECTED,No,No Apparent Injury,N/A,NOT DISTRACTED,MD,PASSENGER CAR,SLOWING OR STOPPING,35,No,2021,LEXS,UT,39.02970773,-77.22860094,2022,4,7
220013843,Property Damage Crash,04/01/2022 07:30:00 AM,RIVER RD,NA,SAME DIR REAR END,Clear,DRY,Daylight,NO CONTROLS,NONE DETECTED,Yes,No Apparent Injury,N/A,NOT DISTRACTED,MD,PASSENGER CAR,SLOWING OR STOPPING,35,No,2014,JEEP,UT,39.02970773,-77.22860094,2022,4,7
220013822,Property Damage Crash,03/31/2022 09:51:00 PM,NA,NA,OTHER,Clear,NA,Medium,NO CONTROLS,NONE DETECTED,Yes,No Apparent Injury,"N/A, WET",LOOKED BUT DID NOT SEE,MD,PASSENGER CAR,BACKING,0,No,2012,TOYT,4S,39.044455,-77.11333,2022,3,21
220013819,Injury Crash,03/31/2022 09:30:00 PM,FREDERICK RD,NA,SAME DIR REAR END,Rain,WET,Medium,TRAFFIC SIGNAL,NONE DETECTED,No,Possible Minor Injury,"N/A, WET",NOT DISTRACTED,MD,PASSENGER CAR,STOPPED IN TRAFFIC LANE,40,No,2010,TOYOTA,COROLLA,39.203865,-77.24610167,2022,3,21
220013819,Injury Crash,03/31/2022 09:30:00 PM,FREDERICK RD,NA,SAME DIR REAR END,Rain,WET,Medium,TRAFFIC SIGNAL,ALCOHOL PRESENT,Yes,No Apparent Injury,"N/A, WET",LOOKED BUT DID NOT SEE,MD,PICKUP TRUCK,MOVING CONSTANT SPEED,40,No,2006,TOYOTA,TUNDRA,39.203865,-77.24610167,2022,3,21
220013817,Property Damage Crash,03/31/2022 09:30:00 PM,BRINK RD,NA,STRAIGHT MOVEMENT ANGLE,Rain,WET,Medium,TRAFFIC SIGNAL,NONE DETECTED,No,No Apparent Injury,"RAIN, SNOW, WET",NOT DISTRACTED,MD,(SPORT) UTILITY VEHICLE,STOPPED IN TRAFFIC LANE,40,No,2018,FORD,EXPLORER,39.21,-77.23972,2022,3,21
220013817,Property Damage Crash,03/31/2022 09:30:00 PM,BRINK RD,NA,STRAIGHT MOVEMENT ANGLE,Rain,WET,Medium,TRAFFIC SIGNAL,ALCOHOL PRESENT,Yes,No Apparent Injury,"RAIN, SNOW, WET",UNKNOWN,MD,PICKUP TRUCK,MAKING RIGHT TURN,40,No,2006,TOYOTA,TUNDRA,39.21,-77.23972,2022,3,21
220013819,Injury Crash,03/31/2022 09:30:00 PM,FREDERICK RD,NA,SAME DIR REAR END,Rain,WET,Medium,TRAFFIC SIGNAL,NONE DETECTED,No,No Apparent Injury,"N/A, WET",NOT DISTRACTED,MD,PASSENGER CAR,STOPPED IN TRAFFIC LANE,40,No,2009,HYUNDAI,SONATA,39.203865,-77.24610167,2022,3,21
220013815,Injury Crash,03/31/2022 09:26:00 PM,WOODFIELD RD,NA,SAME DIR REAR END,Rain,WET,Dark,TRAFFIC SIGNAL,NONE DETECTED,No,Possible Minor Injury,"RAIN, SNOW, WET",NOT DISTRACTED,MD,PASSENGER CAR,MOVING CONSTANT SPEED,45,No,2021,TOYT,SIENNA,39.15451307,-77.17990282,2022,3,21
220013815,Injury Crash,03/31/2022 09:26:00 PM,WOODFIELD RD,NA,SAME DIR REAR END,Rain,WET,Dark,TRAFFIC SIGNAL,ALCOHOL PRESENT,Yes,No Apparent Injury,"RAIN, SNOW, WET",NOT DISTRACTED,MD,PASSENGER CAR,MOVING CONSTANT SPEED,35,No,2016,CHEV,4S,39.15451307,-77.17990282,2022,3,21
220013815,Injury Crash,03/31/2022 09:26:00 PM,WOODFIELD RD,NA,SAME DIR REAR END,Rain,WET,Dark,TRAFFIC SIGNAL,NONE DETECTED,No,No Apparent Injury,"RAIN, SNOW, WET",NOT DISTRACTED,MD,PASSENGER CAR,SLOWING OR STOPPING,35,No,2012,TOYT,4S,39.15451307,-77.17990282,2022,3,21
220013816,Property Damage Crash,03/31/2022 09:25:00 PM,FREDERICK RD,NA,STRAIGHT MOVEMENT ANGLE,Rain,WET,Medium,STOP SIGN,NONE DETECTED,Yes,No Apparent Injury,"RAIN, SNOW, WET",LOOKED BUT DID NOT SEE,MD,PASSENGER CAR,MAKING LEFT TURN,35,No,2015,DODGE,CHALLENGER,39.21487533,-77.251109,2022,3,21
220013816,Property Damage Crash,03/31/2022 09:25:00 PM,FREDERICK RD,NA,STRAIGHT MOVEMENT ANGLE,Rain,WET,Medium,STOP SIGN,NONE DETECTED,No,No Apparent Injury,"RAIN, SNOW, WET",NOT DISTRACTED,MD,PASSENGER CAR,MOVING CONSTANT SPEED,35,No,2018,TOYOTA,RAV4,39.21487533,-77.251109,2022,3,21
220013809,Property Damage Crash,03/31/2022 08:30:00 PM,NORBECK RD,NA,STRAIGHT MOVEMENT ANGLE,Cloudy,DRY,Medium,TRAFFIC SIGNAL,NONE DETECTED,Yes,No Apparent Injury,N/A,NOT DISTRACTED,MD,PASSENGER CAR,ACCELERATING,40,No,2006,FORD,F250,39.12041,-77.03416333,2022,3,20
220013809,Property Damage Crash,03/31/2022 08:30:00 PM,NORBECK RD,NA,STRAIGHT MOVEMENT ANGLE,Cloudy,DRY,Medium,TRAFFIC SIGNAL,NONE DETECTED,No,No Apparent Injury,N/A,NOT DISTRACTED,MD,PASSENGER CAR,MOVING CONSTANT SPEED,40,No,2011,JEEP,TK,39.12041,-77.03416333,2022,3,20
220013791,Injury Crash,03/31/2022 07:00:00 PM,VEIRS MILL RD,NA,ANGLE MEETS LEFT HEAD ON,Rain,WET,Medium,STOP SIGN,NONE DETECTED,Yes,No Apparent Injury,"RAIN, SNOW, WET",UNKNOWN,MD,(SPORT) UTILITY VEHICLE,ENTERING TRAFFIC LANE,35,No,2022,VW,TIGUAN,39.0743005,-77.113561,2022,3,19
220013791,Injury Crash,03/31/2022 07:00:00 PM,VEIRS MILL RD,NA,ANGLE MEETS LEFT HEAD ON,Rain,WET,Medium,STOP SIGN,NONE DETECTED,No,Possible Minor Injury,"RAIN, SNOW, WET",NOT DISTRACTED,MD,PASSENGER CAR,MOVING CONSTANT SPEED,35,No,2012,HOND,4S,39.0743005,-77.113561,2022,3,19
220013795,Property Damage Crash,03/31/2022 06:35:00 PM,ROCKVILLE PIKE,NA,SAME DIRECTION SIDESWIPE,Cloudy,DRY,Daylight,NO CONTROLS,NONE DETECTED,Unknown,No Apparent Injury,N/A,UNKNOWN,XX,PASSENGER CAR,MOVING CONSTANT SPEED,35,No,2012,CHRYS,300,39.00545,-77.09729667,2022,3,18
220013795,Property Damage Crash,03/31/2022 06:35:00 PM,ROCKVILLE PIKE,NA,SAME DIRECTION SIDESWIPE,Cloudy,DRY,Daylight,NO CONTROLS,NONE DETECTED,Unknown,No Apparent Injury,N/A,UNKNOWN,MD,PASSENGER CAR,MOVING CONSTANT SPEED,35,No,2017,HONDA,PILOT,39.00545,-77.09729667,2022,3,18
220013795,Property Damage Crash,03/31/2022 06:35:00 PM,ROCKVILLE PIKE,NA,SAME DIRECTION SIDESWIPE,Cloudy,DRY,Daylight,NO CONTROLS,NONE DETECTED,Unknown,No Apparent Injury,N/A,LOOKED BUT DID NOT SEE,MD,PASSENGER CAR,MOVING CONSTANT SPEED,35,No,2012,HONDA,ACCORD,39.00545,-77.09729667,2022,3,18
220013776,Property Damage Crash,03/31/2022 06:21:00 PM,NA,NA,OTHER,Clear,NA,Daylight,N/A,NONE DETECTED,Yes,No Apparent Injury,N/A,UNKNOWN,MD,PASSENGER CAR,MAKING U TURN,5,No,2010,TOYOYTA,SEDAN,38.97774633,-76.98890833,2022,3,18
220013762,Property Damage Crash,03/31/2022 05:38:00 PM,ST JAMES RD,NA,SINGLE VEHICLE,Cloudy,DRY,Daylight,NO CONTROLS,NONE DETECTED,Yes,No Apparent Injury,N/A,OTHER CELLULAR PHONE RELATED,MD,PASSENGER CAR,NEGOTIATING A CURVE,20,No,2014,BUIC,LACROSSE,39.06277667,-77.20009333,2022,3,17
220013765,Property Damage Crash,03/31/2022 05:20:00 PM,GREAT FALLS RD,NA,OPPOSITE DIRECTION SIDESWIPE,Clear,DRY,Daylight,N/A,NONE DETECTED,No,No Apparent Injury,N/A,NOT DISTRACTED,PA,PASSENGER CAR,STOPPED IN TRAFFIC LANE,25,No,2013,VOLKSWAGEN,SW,39.08404,-77.15664333,2022,3,17
220013765,Property Damage Crash,03/31/2022 05:20:00 PM,GREAT FALLS RD,NA,OPPOSITE DIRECTION SIDESWIPE,Clear,DRY,Daylight,N/A,NONE DETECTED,Yes,No Apparent Injury,N/A,LOOKED BUT DID NOT SEE,PA,FIRE VEHICLE/EMERGENCY,MOVING CONSTANT SPEED,25,No,2008,PIER,FIRETRUCK,39.08404,-77.15664333,2022,3,17
220013759,Injury Crash,03/31/2022 05:03:00 PM,CAPITAL BELTWAY,NA,SAME DIR REAR END,Clear,DRY,Daylight,NO CONTROLS,NONE DETECTED,No,Possible Minor Injury,N/A,NOT DISTRACTED,MD,PASSENGER CAR,MOVING CONSTANT SPEED,55,No,2020,HYUN,4S,39.01512576,-77.09536439,2022,3,17
220013759,Injury Crash,03/31/2022 05:03:00 PM,CAPITAL BELTWAY,NA,SAME DIR REAR END,Clear,DRY,Daylight,NO CONTROLS,NONE DETECTED,Yes,No Apparent Injury,N/A,UNKNOWN,NA,NA,MOVING CONSTANT SPEED,55,Unknown,0,UNKNOWN,UNKNOWN,39.01512576,-77.09536439,2022,3,17
220013738,Property Damage Crash,03/31/2022 03:42:00 PM,CLARKSBURG RD,NA,SINGLE VEHICLE,Cloudy,DRY,Daylight,NO CONTROLS,NONE DETECTED,Yes,No Apparent Injury,N/A,UNKNOWN,MD,(SPORT) UTILITY VEHICLE,MOVING CONSTANT SPEED,40,No,2009,TOYT,RAV4,39.20480013,-77.30255304,2022,3,15
220013737,Property Damage Crash,03/31/2022 03:27:00 PM,CONOVER DR,NA,SAME DIRECTION SIDESWIPE,Rain,WET,Daylight,NO CONTROLS,NONE DETECTED,Yes,No Apparent Injury,"N/A, WET",NOT DISTRACTED,MD,PASSENGER CAR,MOVING CONSTANT SPEED,25,No,2018,THMS,BU,39.02492628,-77.05705534,2022,3,15
220013752,Property Damage Crash,03/31/2022 02:58:00 PM,CONNECTICUT AVE,NA,STRAIGHT MOVEMENT ANGLE,Rain,WET,Daylight,STOP SIGN,NONE DETECTED,No,No Apparent Injury,"N/A, WET",NOT DISTRACTED,DC,PASSENGER CAR,MOVING CONSTANT SPEED,35,No,2017,SUBURU,UT,38.98561167,-77.07708667,2022,3,14
220013752,Property Damage Crash,03/31/2022 02:58:00 PM,CONNECTICUT AVE,NA,STRAIGHT MOVEMENT ANGLE,Rain,WET,Daylight,STOP SIGN,NONE DETECTED,No,No Apparent Injury,"N/A, WET",NOT DISTRACTED,US,PASSENGER CAR,MOVING CONSTANT SPEED,35,No,2021,PORSCHE,MACAN,38.98561167,-77.07708667,2022,3,14
220013752,Property Damage Crash,03/31/2022 02:58:00 PM,CONNECTICUT AVE,NA,STRAIGHT MOVEMENT ANGLE,Rain,WET,Daylight,STOP SIGN,NONE DETECTED,Yes,No Apparent Injury,"N/A, WET",LOOKED BUT DID NOT SEE,DC,PASSENGER CAR,MOVING CONSTANT SPEED,35,No,2018,TOYOTA,RAV4,38.98561167,-77.07708667,2022,3,14
220013725,Property Damage Crash,03/31/2022 02:30:00 PM,NA,NA,OTHER,Clear,NA,Daylight,NO CONTROLS,NONE DETECTED,Yes,No Apparent Injury,N/A,UNKNOWN,MD,PASSENGER CAR,PARKING,15,No,2012,CHRYSLER,300,39.16675265,-77.17103333,2022,3,14
220013721,Property Damage Crash,03/31/2022 02:00:00 PM,NA,NA,OTHER,Rain,NA,Daylight,NO CONTROLS,NONE DETECTED,No,No Apparent Injury,N/A,NOT DISTRACTED,MD,PASSENGER CAR,PARKED,0,No,2012,JAGUAR,XF,38.9644871,-77.1027954,2022,3,14
220013721,Property Damage Crash,03/31/2022 02:00:00 PM,NA,NA,OTHER,Rain,NA,Daylight,NO CONTROLS,NONE DETECTED,Yes,No Apparent Injury,N/A,UNKNOWN,MD,PASSENGER CAR,PARKING,0,No,2014,CHEVROLET,SUBURBAN,38.9644871,-77.1027954,2022,3,14
220013684,Property Damage Crash,03/31/2022 08:30:00 AM,NA,NA,OTHER,Clear,NA,Daylight,NO CONTROLS,NONE DETECTED,Yes,No Apparent Injury,N/A,UNKNOWN,NA,PASSENGER CAR,BACKING,5,No,2003,JEEP,LIBERTY,38.99594524,-77.00025005,2022,3,8
220013663,Property Damage Crash,03/31/2022 07:37:00 AM,CEDAR LA,NA,SAME DIR REAR END,Cloudy,DRY,Daylight,NO CONTROLS,NONE DETECTED,No,No Apparent Injury,N/A,NOT DISTRACTED,MD,(SPORT) UTILITY VEHICLE,STOPPED IN TRAFFIC LANE,30,No,2017,HONDA,CRV,39.01503959,-77.0891335,2022,3,7
220013663,Property Damage Crash,03/31/2022 07:37:00 AM,CEDAR LA,NA,SAME DIR REAR END,Cloudy,DRY,Daylight,NO CONTROLS,NONE DETECTED,No,No Apparent Injury,N/A,NOT DISTRACTED,MD,(SPORT) UTILITY VEHICLE,STOPPED IN TRAFFIC LANE,30,No,2015,NISSAN,ROGUE,39.01503959,-77.0891335,2022,3,7
220013663,Property Damage Crash,03/31/2022 07:37:00 AM,CEDAR LA,NA,SAME DIR REAR END,Cloudy,DRY,Daylight,NO CONTROLS,NONE DETECTED,Yes,No Apparent Injury,N/A,UNKNOWN,MD,(SPORT) UTILITY VEHICLE,MOVING CONSTANT SPEED,30,No,2019,JEEP,GRAND CHEEROKE,39.01503959,-77.0891335,2022,3,7
220013658,Injury Crash,03/31/2022 06:35:00 AM,NEW HAMPSHIRE AVE,NA,OPPOSITE DIRECTION SIDESWIPE,Rain,WET,Medium,TRAFFIC SIGNAL,NONE DETECTED,Yes,Possible Minor Injury,"N/A, RAIN, SNOW",UNKNOWN,MD,PASSENGER CAR,MOVING CONSTANT SPEED,45,No,2014,TOYOTA,COROLLA,39.10935833,-76.99761833,2022,3,6
220013658,Injury Crash,03/31/2022 06:35:00 AM,NEW HAMPSHIRE AVE,NA,OPPOSITE DIRECTION SIDESWIPE,Rain,WET,Medium,TRAFFIC SIGNAL,NONE DETECTED,Yes,Possible Minor Injury,"N/A, RAIN, SNOW",UNKNOWN,MD,PASSENGER CAR,MOVING CONSTANT SPEED,45,No,1999,TOYOTA,4S,39.10935833,-76.99761833,2022,3,6
220013657,Injury Crash,03/31/2022 06:14:00 AM,HEWITT AVE,PEDESTRIAN,OTHER,Clear,DRY,Medium,TRAFFIC SIGNAL,NONE DETECTED,Yes,No Apparent Injury,N/A,LOOKED BUT DID NOT SEE,MD,PICKUP TRUCK,RIGHT TURN ON RED,35,No,2017,DODGE,RAM,39.07754667,-77.070575,2022,3,6
220013656,Injury Crash,03/31/2022 06:00:00 AM,RANDOLPH RD,NA,STRAIGHT MOVEMENT ANGLE,Clear,DRY,Medium,STOP SIGN,NONE DETECTED,Yes,No Apparent Injury,N/A,UNKNOWN,MD,VAN,ACCELERATING,25,No,2006,FORD,TK,39.05742259,-77.07791143,2022,3,6
220013656,Injury Crash,03/31/2022 06:00:00 AM,RANDOLPH RD,NA,STRAIGHT MOVEMENT ANGLE,Clear,DRY,Medium,STOP SIGN,NONE DETECTED,No,Possible Minor Injury,N/A,NOT DISTRACTED,MD,TRANSIT BUS,MOVING CONSTANT SPEED,35,No,2013,GIILIG,LOW FLOOR,39.05742259,-77.07791143,2022,3,6
220013655,Property Damage Crash,03/31/2022 05:53:00 AM,E GUDE DR,NA,SINGLE VEHICLE,Clear,DRY,Medium,N/A,NONE DETECTED,No,No Apparent Injury,N/A,NOT DISTRACTED,MD,PASSENGER CAR,MOVING CONSTANT SPEED,40,No,2007,TOYOTA,CAMRY,39.10655,-77.152835,2022,3,5
220013638,Property Damage Crash,03/30/2022 10:10:00 PM,NEW HAMPSHIRE AVE,NA,STRAIGHT MOVEMENT ANGLE,Clear,DRY,Medium,FLASHING TRAFFIC SIGNAL,NONE DETECTED,No,No Apparent Injury,N/A,NOT DISTRACTED,MD,PASSENGER CAR,MOVING CONSTANT SPEED,40,No,2014,FORD,MUSTANG,39.04426167,-76.99212333,2022,3,22
220013638,Property Damage Crash,03/30/2022 10:10:00 PM,NEW HAMPSHIRE AVE,NA,STRAIGHT MOVEMENT ANGLE,Clear,DRY,Medium,FLASHING TRAFFIC SIGNAL,NONE DETECTED,Yes,No Apparent Injury,N/A,LOOKED BUT DID NOT SEE,MD,PASSENGER CAR,STARTING FROM LANE,40,No,2022,ACURA,UT,39.04426167,-76.99212333,2022,3,22
220013624,Injury Crash,03/30/2022 08:11:00 PM,RANDOLPH RD,PEDESTRIAN,STRAIGHT MOVEMENT ANGLE,Clear,DRY,Dark,NO CONTROLS,NONE DETECTED,No,No Apparent Injury,N/A,LOOKED BUT DID NOT SEE,MD,PASSENGER CAR,MOVING CONSTANT SPEED,35,No,2006,TOYOTA,HIGLANDER,39.05748,-77.07754,2022,3,20
220013623,Injury Crash,03/30/2022 08:06:00 PM,FATHER HURLEY BLVD,NA,SAME DIR REAR END,Clear,DRY,Medium,YIELD SIGN,NONE DETECTED,Yes,No Apparent Injury,N/A,NOT DISTRACTED,MD,(SPORT) UTILITY VEHICLE,SLOWING OR STOPPING,35,No,2021,TOYT,4RUNNER,39.18486,-77.27341833,2022,3,20
220013623,Injury Crash,03/30/2022 08:06:00 PM,FATHER HURLEY BLVD,NA,SAME DIR REAR END,Clear,DRY,Medium,YIELD SIGN,NONE DETECTED,No,Possible Minor Injury,N/A,NOT DISTRACTED,MD,PASSENGER CAR,STOPPED IN TRAFFIC LANE,35,No,2014,HYUNDIA,ELANTRA,39.18486,-77.27341833,2022,3,20
220013621,Injury Crash,03/30/2022 07:56:00 PM,NEW HAMPSHIRE AVE,NA,SAME DIR REAR END,Clear,DRY,Medium,TRAFFIC SIGNAL,NONE DETECTED,No,No Apparent Injury,N/A,NOT DISTRACTED,MD,PASSENGER CAR,STOPPED IN TRAFFIC LANE,55,No,2017,NISSAN,ALTIMA,39.03947885,-76.99035027,2022,3,19
220013621,Injury Crash,03/30/2022 07:56:00 PM,NEW HAMPSHIRE AVE,NA,SAME DIR REAR END,Clear,DRY,Medium,TRAFFIC SIGNAL,NONE DETECTED,Yes,Possible Minor Injury,N/A,UNKNOWN,MD,PASSENGER CAR,MOVING CONSTANT SPEED,55,No,2009,HONDA,ACCORD,39.03947885,-76.99035027,2022,3,19
220013621,Injury Crash,03/30/2022 07:56:00 PM,NEW HAMPSHIRE AVE,NA,SAME DIR REAR END,Clear,DRY,Medium,TRAFFIC SIGNAL,NONE DETECTED,No,No Apparent Injury,N/A,NOT DISTRACTED,MD,PASSENGER CAR,STOPPED IN TRAFFIC LANE,55,No,2015,TOYOTA,UT,39.03947885,-76.99035027,2022,3,19
220013605,Injury Crash,03/30/2022 06:23:00 PM,RANDOLPH RD,NA,SAME DIRECTION LEFT TURN,Cloudy,DRY,Daylight,TRAFFIC SIGNAL,NONE DETECTED,Yes,Possible Minor Injury,N/A,LOOKED BUT DID NOT SEE,MD,PASSENGER CAR,MAKING LEFT TURN,35,No,2016,HYUNDAI,ACCENT,39.06060199,-77.04492445,2022,3,18
220013605,Injury Crash,03/30/2022 06:23:00 PM,RANDOLPH RD,NA,SAME DIRECTION LEFT TURN,Cloudy,DRY,Daylight,TRAFFIC SIGNAL,NONE DETECTED,No,No Apparent Injury,N/A,NOT DISTRACTED,MD,PASSENGER CAR,ACCELERATING,35,No,2019,LEXUS,TK,39.06060199,-77.04492445,2022,3,18
220013599,Injury Crash,03/30/2022 05:38:00 PM,ASHTON RD,NA,SAME DIR REND LEFT TURN,Cloudy,DRY,Daylight,TRAFFIC SIGNAL,NONE DETECTED,No,Possible Minor Injury,N/A,NOT DISTRACTED,MD,PASSENGER CAR,MAKING LEFT TURN,30,No,2015,HOND,TK,39.14941,-77.01162833,2022,3,17
220013599,Injury Crash,03/30/2022 05:38:00 PM,ASHTON RD,NA,SAME DIR REND LEFT TURN,Cloudy,DRY,Daylight,TRAFFIC SIGNAL,NONE DETECTED,Yes,No Apparent Injury,N/A,LOOKED BUT DID NOT SEE,MD,PASSENGER CAR,ACCELERATING,30,No,2017,HYUNDAI,STATEFARM,39.14941,-77.01162833,2022,3,17
220013593,Injury Crash,03/30/2022 05:20:00 PM,QUINCE ORCHARD RD,NA,SAME DIR REAR END,Clear,DRY,Daylight,TRAFFIC SIGNAL,NONE DETECTED,Yes,No Apparent Injury,N/A,OTHER DISTRACTION,MD,PASSENGER CAR,MOVING CONSTANT SPEED,40,No,2003,ACURA,TL,39.13584404,-77.22329453,2022,3,17
220013593,Injury Crash,03/30/2022 05:20:00 PM,QUINCE ORCHARD RD,NA,SAME DIR REAR END,Clear,DRY,Daylight,TRAFFIC SIGNAL,NONE DETECTED,No,Possible Minor Injury,N/A,NOT DISTRACTED,MD,PASSENGER CAR,STOPPED IN TRAFFIC LANE,40,No,2014,FORD,CP,39.13584404,-77.22329453,2022,3,17
220013596,Injury Crash,03/30/2022 05:05:00 PM,JONES MILL RD,NA,HEAD ON,Clear,DRY,Daylight,NO CONTROLS,NONE DETECTED,Yes,No Apparent Injury,N/A,DISTRACTED BY OUTSIDE PERSON OBJECT OR EVENT,DC,PASSENGER CAR,PASSING,35,No,2012,TOYOTA,PRIUS,39.006337,-77.06295,2022,3,17
220013596,Injury Crash,03/30/2022 05:05:00 PM,JONES MILL RD,NA,HEAD ON,Clear,DRY,Daylight,NO CONTROLS,NONE DETECTED,No,Possible Minor Injury,N/A,NOT DISTRACTED,MD,PASSENGER CAR,MOVING CONSTANT SPEED,35,No,2015,HONDA,VN,39.006337,-77.06295,2022,3,17
220013591,Injury Crash,03/30/2022 04:30:00 PM,NORBECK RD,NA,STRAIGHT MOVEMENT ANGLE,Clear,DRY,Daylight,TRAFFIC SIGNAL,NONE DETECTED,Yes,No Apparent Injury,N/A,LOOKED BUT DID NOT SEE,MD,PASSENGER CAR,MAKING LEFT TURN,35,No,2007,FORD,EDGE,39.09499,-77.11278333,2022,3,16
220013591,Injury Crash,03/30/2022 04:30:00 PM,NORBECK RD,NA,STRAIGHT MOVEMENT ANGLE,Clear,DRY,Daylight,TRAFFIC SIGNAL,NONE DETECTED,No,Possible Minor Injury,N/A,NOT DISTRACTED,MD,PASSENGER CAR,MOVING CONSTANT SPEED,35,No,2021,TOYOTA,RAV 4,39.09499,-77.11278333,2022,3,16
220013581,Property Damage Crash,03/30/2022 03:13:00 PM,PARKWOOD DR,NA,OTHER,Cloudy,DRY,Daylight,NO CONTROLS,NONE DETECTED,Yes,No Apparent Injury,N/A,NOT DISTRACTED,MD,SCHOOL BUS,SLOWING OR STOPPING,25,No,2015,THOMAS,BUS,39.02464667,-77.09351833,2022,3,15
220013572,Injury Crash,03/30/2022 03:00:00 PM,ROCKVILLE PIKE,NA,STRAIGHT MOVEMENT ANGLE,Clear,DRY,Daylight,TRAFFIC SIGNAL,NONE DETECTED,No,Possible Minor Injury,N/A,NOT DISTRACTED,MD,PASSENGER CAR,MOVING CONSTANT SPEED,45,No,2011,FORD,FUSION,39.02274333,-77.10299333,2022,3,15
220013572,Injury Crash,03/30/2022 03:00:00 PM,ROCKVILLE PIKE,NA,STRAIGHT MOVEMENT ANGLE,Clear,DRY,Daylight,TRAFFIC SIGNAL,NONE DETECTED,Yes,No Apparent Injury,N/A,LOOKED BUT DID NOT SEE,VA,PASSENGER CAR,ACCELERATING,45,No,2014,TOYOTA,PRIUS,39.02274333,-77.10299333,2022,3,15
220013575,Injury Crash,03/30/2022 02:55:00 PM,NA,NA,SINGLE VEHICLE,Clear,NA,Daylight,NO CONTROLS,NONE DETECTED,Yes,Possible Minor Injury,N/A,NOT DISTRACTED,MD,PASSENGER CAR,MOVING CONSTANT SPEED,0,No,2008,LEXUS,RX 400H,39.04217,-77.15915833,2022,3,14
220013566,Property Damage Crash,03/30/2022 02:04:00 PM,TUCKERMAN LA,NA,STRAIGHT MOVEMENT ANGLE,Clear,DRY,Daylight,NO CONTROLS,NONE DETECTED,Yes,No Apparent Injury,N/A,UNKNOWN,MD,PASSENGER CAR,MAKING RIGHT TURN,35,No,2015,MINI,COOPER COUNTRYMAN,39.04096904,-77.17296954,2022,3,14
220013568,Property Damage Crash,03/30/2022 01:33:00 PM,EAST WEST HWY,NA,STRAIGHT MOVEMENT ANGLE,Clear,DRY,Daylight,NO CONTROLS,NONE DETECTED,No,No Apparent Injury,N/A,NOT DISTRACTED,MD,PASSENGER CAR,MOVING CONSTANT SPEED,30,No,2007,TOYT,HB,38.98889317,-77.02781183,2022,3,13