Local Case Number,ACRS Report Type,Crash Date/Time,Road Name,Related Non-Motorist,Collision Type,Weather,Surface Condition,Light,Traffic Control,Driver Substance Abuse,Driver At Fault,Injury Severity,Circumstance,Driver Distracted By,Drivers License State,Vehicle Body Type,Vehicle Movement,Speed Limit,Driverless Vehicle,Vehicle Year,Vehicle Make,Vehicle Model,Latitude,Longitude,Year,Month,Hour
220013568,Property Damage Crash,03/30/2022 01:33:00 PM,EAST WEST HWY,NA,STRAIGHT MOVEMENT ANGLE,Clear,DRY,Daylight,NO CONTROLS,NONE DETECTED,Yes,No Apparent Injury,N/A,LOOKED BUT DID NOT SEE,MD,(SPORT) UTILITY VEHICLE,ACCELERATING,5,No,2013,LEXS,TK,38.98889317,-77.02781183,2022,3,13
220013357,Property Damage Crash,03/30/2022 11:50:00 AM,COLUMBIA PIKE,NA,OTHER,Clear,DRY,Daylight,NO CONTROLS,NONE DETECTED,Yes,No Apparent Injury,N/A,NOT DISTRACTED,MD,PASSENGER CAR,MOVING CONSTANT SPEED,40,No,2012,DODGE,CHARGER,39.03877167,-76.998225,2022,3,11
220013357,Property Damage Crash,03/30/2022 11:50:00 AM,COLUMBIA PIKE,NA,OTHER,Clear,DRY,Daylight,NO CONTROLS,NONE DETECTED,No,No Apparent Injury,N/A,NOT DISTRACTED,MD,PASSENGER CAR,MOVING CONSTANT SPEED,40,No,2002,HONDA,ODYSSEY,39.03877167,-76.998225,2022,3,11
220013534,Property Damage Crash,03/30/2022 11:30:00 AM,KEY WEST AVE,NA,OTHER,Clear,DRY,Daylight,N/A,NONE DETECTED,Yes,No Apparent Injury,N/A,NOT DISTRACTED,MD,PASSENGER CAR,BACKING,10,No,2011,TOYO,CAMRY,39.09991667,-77.21194833,2022,3,11
220013509,Property Damage Crash,03/30/2022 09:07:00 AM,BETHESDA CHURCH RD,NA,STRAIGHT MOVEMENT ANGLE,Cloudy,WET,Daylight,STOP SIGN,NONE DETECTED,No,No Apparent Injury,"N/A, WET",NOT DISTRACTED,MD,PASSENGER CAR,STARTING FROM LANE,30,No,2017,DODG,CHARGER 4S,39.30751,-77.24323667,2022,3,9
220013509,Property Damage Crash,03/30/2022 09:07:00 AM,BETHESDA CHURCH RD,NA,STRAIGHT MOVEMENT ANGLE,Cloudy,WET,Daylight,STOP SIGN,NONE DETECTED,Yes,No Apparent Injury,"N/A, WET",NOT DISTRACTED,MD,PASSENGER CAR,MOVING CONSTANT SPEED,30,No,2013,BMW,3351 CP,39.30751,-77.24323667,2022,3,9
220013726,Property Damage Crash,03/30/2022 09:00:00 AM,SNOUFFERS SCHOOL RD,NA,OTHER,Clear,DRY,Medium,N/A,NONE DETECTED,Yes,No Apparent Injury,N/A,UNKNOWN,MD,PASSENGER CAR,BACKING,15,No,2008,TOYOTA,HATCHBACK,39.16727434,-77.17258911,2022,3,9
220013726,Property Damage Crash,03/30/2022 09:00:00 AM,SNOUFFERS SCHOOL RD,NA,OTHER,Clear,DRY,Medium,N/A,NONE DETECTED,No,No Apparent Injury,N/A,NOT DISTRACTED,MD,PASSENGER CAR,PARKED,15,No,2015,TOYOTA,TRK,39.16727434,-77.17258911,2022,3,9
22001350,Property Damage Crash,03/30/2022 08:11:00 AM,GEORGIA AVE,NA,HEAD ON LEFT TURN,Cloudy,DRY,Daylight,TRAFFIC SIGNAL,NONE DETECTED,Yes,No Apparent Injury,N/A,UNKNOWN,MD,(SPORT) UTILITY VEHICLE,MAKING LEFT TURN,35,No,2006,FORD,ESCAPE,39.03193085,-77.04839871,2022,3,8
22001350,Property Damage Crash,03/30/2022 08:11:00 AM,GEORGIA AVE,NA,HEAD ON LEFT TURN,Cloudy,DRY,Daylight,TRAFFIC SIGNAL,NONE DETECTED,No,No Apparent Injury,N/A,NOT DISTRACTED,NJ,OTHER,MOVING CONSTANT SPEED,35,No,2000,TOYT,RAV4,39.03193085,-77.04839871,2022,3,8
220013497,Property Damage Crash,03/30/2022 05:10:00 AM,RIVER RD,NA,HEAD ON LEFT TURN,Clear,DRY,Medium,TRAFFIC SIGNAL,NONE DETECTED,No,No Apparent Injury,N/A,NOT DISTRACTED,FL,PASSENGER CAR,MOVING CONSTANT SPEED,35,No,2011,FORD,EXPLORER,38.983529,-77.13751617,2022,3,5
220013497,Property Damage Crash,03/30/2022 05:10:00 AM,RIVER RD,NA,HEAD ON LEFT TURN,Clear,DRY,Medium,TRAFFIC SIGNAL,NONE DETECTED,Yes,No Apparent Injury,N/A,UNKNOWN,VA,PASSENGER CAR,MAKING LEFT TURN,35,No,2008,TOYOTA,RAV4,38.983529,-77.13751617,2022,3,5
220013486,Injury Crash,03/30/2022 12:32:00 AM,SAM EIG HWY,NA,SINGLE VEHICLE,Clear,DRY,Medium,TRAFFIC SIGNAL,NONE DETECTED,Yes,Possible Minor Injury,N/A,UNKNOWN,MD,PASSENGER CAR,MOVING CONSTANT SPEED,50,No,2012,MERZEDEZ,R350,39.1086655,-77.21250217,2022,3,0
220013483,Property Damage Crash,03/29/2022 11:31:00 PM,PARK VISTA DR,NA,OTHER,Clear,DRY,Medium,N/A,NONE DETECTED,Yes,No Apparent Injury,N/A,INATTENTIVE OR LOST IN THOUGHT,MD,PASSENGER CAR,ACCELERATING,25,No,2003,BMW,UT,39.10503217,-77.04986233,2022,3,23
220013478,Property Damage Crash,03/29/2022 10:31:00 PM,TWIG RD,NA,SAME DIR REAR END,Clear,DRY,Dark,NO CONTROLS,NONE DETECTED,Yes,No Apparent Injury,N/A,UNKNOWN,NA,PASSENGER CAR,MOVING CONSTANT SPEED,25,No,2013,CHEVY,IMPALA,39.09079272,-76.98024867,2022,3,22
220013463,Property Damage Crash,03/29/2022 08:32:00 PM,FERN ST,NA,OTHER,Clear,DRY,Medium,NO CONTROLS,NONE DETECTED,Yes,No Apparent Injury,N/A,OTHER DISTRACTION,MD,PASSENGER CAR,BACKING,20,No,2003,NISSAN,XTERRA,39.03965167,-77.05074333,2022,3,20
220013444,Property Damage Crash,03/29/2022 07:00:00 PM,EISENHOWER MEMORIAL HWY,NA,SAME DIR REAR END,Clear,DRY,Daylight,NO CONTROLS,NONE DETECTED,Yes,No Apparent Injury,N/A,UNKNOWN,MD,STATION WAGON,MOVING CONSTANT SPEED,55,No,2014,SUBARU,TK,39.24546167,-77.29693667,2022,3,19
220013444,Property Damage Crash,03/29/2022 07:00:00 PM,EISENHOWER MEMORIAL HWY,NA,SAME DIR REAR END,Clear,DRY,Daylight,NO CONTROLS,NONE DETECTED,No,No Apparent Injury,N/A,NOT DISTRACTED,MD,PASSENGER CAR,SLOWING OR STOPPING,55,No,2020,AUDI,Q3,39.24546167,-77.29693667,2022,3,19
220013433,Injury Crash,03/29/2022 05:20:00 PM,MUDDY BRANCH RD,NA,STRAIGHT MOVEMENT ANGLE,Clear,DRY,Daylight,TRAFFIC SIGNAL,NONE DETECTED,Yes,No Apparent Injury,N/A,UNKNOWN,MD,PASSENGER CAR,MAKING LEFT TURN,45,No,2013,TOYOTA,CAMRY,39.12922558,-77.20784573,2022,3,17
220013433,Injury Crash,03/29/2022 05:20:00 PM,MUDDY BRANCH RD,NA,STRAIGHT MOVEMENT ANGLE,Clear,DRY,Daylight,TRAFFIC SIGNAL,NONE DETECTED,No,Possible Minor Injury,N/A,NOT DISTRACTED,MD,PASSENGER CAR,MOVING CONSTANT SPEED,45,No,2016,HYUNDAI,SONATA,39.12922558,-77.20784573,2022,3,17
220013430,Property Damage Crash,03/29/2022 04:48:00 PM,BROADBIRCH DR,NA,SAME DIRECTION RIGHT TURN,Clear,DRY,Daylight,TRAFFIC SIGNAL,NONE DETECTED,Yes,No Apparent Injury,N/A,LOOKED BUT DID NOT SEE,MD,PASSENGER CAR,ACCELERATING,30,No,2013,TOYOTA,CAMRY,39.05556512,-76.95745164,2022,3,16
220013430,Property Damage Crash,03/29/2022 04:48:00 PM,BROADBIRCH DR,NA,SAME DIRECTION RIGHT TURN,Clear,DRY,Daylight,TRAFFIC SIGNAL,NONE DETECTED,No,No Apparent Injury,N/A,NOT DISTRACTED,MD,PICKUP TRUCK,STOPPED IN TRAFFIC LANE,30,No,2009,TOYT,TK,39.05556512,-76.95745164,2022,3,16
220013430,Property Damage Crash,03/29/2022 04:48:00 PM,BROADBIRCH DR,NA,SAME DIRECTION RIGHT TURN,Clear,DRY,Daylight,TRAFFIC SIGNAL,NONE DETECTED,No,No Apparent Injury,N/A,NOT DISTRACTED,MD,PICKUP TRUCK,MOVING CONSTANT SPEED,30,No,2019,FORD,F150,39.05556512,-76.95745164,2022,3,16
220013413,Injury Crash,03/29/2022 04:00:00 PM,GARFIELD ST,PEDESTRIAN,OTHER,Clear,DRY,Daylight,NO CONTROLS,NONE DETECTED,Yes,No Apparent Injury,N/A,LOOKED BUT DID NOT SEE,MD,PASSENGER CAR,BACKING,25,No,2007,VOLVO,4S,38.99629833,-77.11574,2022,3,16
220013407,Property Damage Crash,03/29/2022 03:12:00 PM,GEORGIA AVE,NA,SAME DIRECTION SIDESWIPE,Clear,DRY,Daylight,NO CONTROLS,NONE DETECTED,No,No Apparent Injury,N/A,NOT DISTRACTED,DC,PASSENGER CAR,STOPPED IN TRAFFIC LANE,25,No,2018,NISSAN,MAXIMA,39.03451333,-77.0487,2022,3,15
220013407,Property Damage Crash,03/29/2022 03:12:00 PM,GEORGIA AVE,NA,SAME DIRECTION SIDESWIPE,Clear,DRY,Daylight,NO CONTROLS,NONE DETECTED,No,No Apparent Injury,N/A,UNKNOWN,NA,PASSENGER CAR,CHANGING LANES,25,No,2007,SUBU,SU,39.03451333,-77.0487,2022,3,15
220013407,Property Damage Crash,03/29/2022 03:12:00 PM,GEORGIA AVE,NA,SAME DIRECTION SIDESWIPE,Clear,DRY,Daylight,NO CONTROLS,NONE DETECTED,Yes,No Apparent Injury,N/A,UNKNOWN,NA,NA,MOVING CONSTANT SPEED,25,No,0,UNKNOWN,UNKNOWN,39.03451333,-77.0487,2022,3,15
220013396,Property Damage Crash,03/29/2022 02:30:00 PM,W WATKINS MILL RD,NA,HEAD ON LEFT TURN,Clear,DRY,Daylight,TRAFFIC SIGNAL,NONE DETECTED,Yes,No Apparent Injury,N/A,NOT DISTRACTED,MD,PASSENGER CAR,MAKING LEFT TURN,35,No,2016,KIA,FORTE,39.15607167,-77.225795,2022,3,14
220013396,Property Damage Crash,03/29/2022 02:30:00 PM,W WATKINS MILL RD,NA,HEAD ON LEFT TURN,Clear,DRY,Daylight,TRAFFIC SIGNAL,NONE DETECTED,Yes,No Apparent Injury,N/A,NOT DISTRACTED,MD,(SPORT) UTILITY VEHICLE,MOVING CONSTANT SPEED,35,No,2010,ACURA,MDX,39.15607167,-77.225795,2022,3,14
220013386,Property Damage Crash,03/29/2022 01:40:00 PM,QUAIL VALLEY BLVD,NA,SAME DIR REAR END,Clear,DRY,Daylight,NO CONTROLS,NONE DETECTED,Yes,No Apparent Injury,N/A,TALKING OR LISTENING TO CELLULAR PHONE,MD,PASSENGER CAR,MOVING CONSTANT SPEED,25,No,2003,NISS,SD,39.160892,-77.1865245,2022,3,13
220013372,Property Damage Crash,03/29/2022 12:32:00 PM,E RANDOLPH RD,NA,OTHER,Clear,DRY,Daylight,TRAFFIC SIGNAL,NONE DETECTED,No,No Apparent Injury,N/A,NOT DISTRACTED,MD,PASSENGER CAR,STOPPED IN TRAFFIC LANE,40,No,2013,FORD,FOCUS,39.06375167,-76.96543167,2022,3,12
220013372,Property Damage Crash,03/29/2022 12:32:00 PM,E RANDOLPH RD,NA,OTHER,Clear,DRY,Daylight,TRAFFIC SIGNAL,NONE DETECTED,Yes,No Apparent Injury,N/A,INATTENTIVE OR LOST IN THOUGHT,MD,PASSENGER CAR,BACKING,40,No,2012,HOND,4S,39.06375167,-76.96543167,2022,3,12
220013369,Property Damage Crash,03/29/2022 09:33:00 AM,FREDERICK RD,NA,SAME DIR REAR END,Clear,DRY,Daylight,N/A,NONE DETECTED,No,No Apparent Injury,N/A,NOT DISTRACTED,MD,SCHOOL BUS,SLOWING OR STOPPING,40,No,2020,THMS,BUS,39.12303333,-77.17820833,2022,3,9
220013369,Property Damage Crash,03/29/2022 09:33:00 AM,FREDERICK RD,NA,SAME DIR REAR END,Clear,DRY,Daylight,N/A,NONE DETECTED,Yes,No Apparent Injury,N/A,NOT DISTRACTED,MD,(SPORT) UTILITY VEHICLE,SLOWING OR STOPPING,40,No,2008,JEEP,COMMANDER,39.12303333,-77.17820833,2022,3,9
220013346,Injury Crash,03/29/2022 09:30:00 AM,FREDERICK RD,NA,SAME DIRECTION SIDESWIPE,Clear,DRY,Daylight,TRAFFIC SIGNAL,NONE DETECTED,No,No Apparent Injury,"BACKUP DUE TO NON-RECURRING INCIDENT, N/A",NOT DISTRACTED,MD,TRUCK TRACTOR,MOVING CONSTANT SPEED,30,No,2016,VOLV,VNM,39.14912318,-77.20803983,2022,3,9
220013346,Injury Crash,03/29/2022 09:30:00 AM,FREDERICK RD,NA,SAME DIRECTION SIDESWIPE,Clear,DRY,Daylight,TRAFFIC SIGNAL,NONE DETECTED,Yes,Possible Minor Injury,"BACKUP DUE TO NON-RECURRING INCIDENT, N/A",LOOKED BUT DID NOT SEE,MD,PASSENGER CAR,CHANGING LANES,30,No,2001,PONTIAC,GRAND AM,39.14912318,-77.20803983,2022,3,9
220013348,Property Damage Crash,03/29/2022 09:19:00 AM,ROCKVILLE PIKE,NA,STRAIGHT MOVEMENT ANGLE,Clear,DRY,Daylight,TRAFFIC SIGNAL,NONE DETECTED,No,No Apparent Injury,N/A,NOT DISTRACTED,MD,PASSENGER CAR,STARTING FROM LANE,15,No,2018,BUICK,LACROSSE,39.0550705,-77.11803195,2022,3,9
220013348,Property Damage Crash,03/29/2022 09:19:00 AM,ROCKVILLE PIKE,NA,STRAIGHT MOVEMENT ANGLE,Clear,DRY,Daylight,TRAFFIC SIGNAL,NONE DETECTED,Yes,No Apparent Injury,N/A,UNKNOWN,MD,PASSENGER CAR,MOVING CONSTANT SPEED,35,No,2016,AUDI,A6,39.0550705,-77.11803195,2022,3,9
220013347,Property Damage Crash,03/29/2022 09:18:00 AM,GOSHEN RD,NA,SAME DIR REAR END,Clear,DRY,Daylight,TRAFFIC SIGNAL,NONE DETECTED,No,No Apparent Injury,N/A,NOT DISTRACTED,MD,PASSENGER CAR,STARTING FROM LANE,35,No,2012,VOLK,4S,39.15307833,-77.19238167,2022,3,9
220013347,Property Damage Crash,03/29/2022 09:18:00 AM,GOSHEN RD,NA,SAME DIR REAR END,Clear,DRY,Daylight,TRAFFIC SIGNAL,NONE DETECTED,Yes,No Apparent Injury,N/A,NOT DISTRACTED,MD,SCHOOL BUS,STARTING FROM LANE,35,No,2015,FRHT,BU,39.15307833,-77.19238167,2022,3,9
220013343,Injury Crash,03/29/2022 08:00:00 AM,NA,PEDESTRIAN,OTHER,Clear,NA,Daylight,N/A,NONE DETECTED,Unknown,No Apparent Injury,N/A,UNKNOWN,NA,UNKNOWN,SLOWING OR STOPPING,5,No,0,UNKNOWN,UNKNOWN,39.02635536,-76.99109161,2022,3,8
220013334,Property Damage Crash,03/29/2022 06:30:00 AM,NEW HAMPSHIRE AVE,NA,SAME DIR REAR END,Clear,DRY,Medium,NO CONTROLS,NONE DETECTED,No,No Apparent Injury,N/A,NOT DISTRACTED,MD,PICKUP TRUCK,MOVING CONSTANT SPEED,40,No,2005,DODGE,DAKOTA,39.03827833,-76.99009667,2022,3,6
220013334,Property Damage Crash,03/29/2022 06:30:00 AM,NEW HAMPSHIRE AVE,NA,SAME DIR REAR END,Clear,DRY,Medium,NO CONTROLS,NONE DETECTED,Yes,No Apparent Injury,N/A,LOOKED BUT DID NOT SEE,MD,"OTHER LIGHT TRUCKS (10,000LBS (4,536KG) OR LESS)",MAKING LEFT TURN,40,No,2017,RAM,1500,39.03827833,-76.99009667,2022,3,6
220013336,Property Damage Crash,03/29/2022 05:35:00 AM,SHADY GROVE RD,NA,SINGLE VEHICLE,Clear,DRY,Medium,NO CONTROLS,NONE DETECTED,No,No Apparent Injury,"DEBRIS OR OBSTRUCTION, N/A",NOT DISTRACTED,MD,POLICE VEHICLE/NON EMERGENCY,MOVING CONSTANT SPEED,45,No,2017,FORD,4DR,39.13244205,-77.15942062,2022,3,5
220012984,Property Damage Crash,03/29/2022 03:17:00 AM,HENDERSON AVE,NA,SAME DIR REAR END,Clear,DRY,Medium,NO CONTROLS,ALCOHOL PRESENT,Yes,No Apparent Injury,N/A,NOT DISTRACTED,MD,PASSENGER CAR,MOVING CONSTANT SPEED,20,No,2006,NISSAN,ALTIMA,39.05223917,-77.05688986,2022,3,3
220013292,Property Damage Crash,03/28/2022 05:31:00 PM,NEW HAMPSHIRE AVE,NA,SAME DIR REAR END,Clear,DRY,Daylight,TRAFFIC SIGNAL,NONE DETECTED,No,No Apparent Injury,N/A,NOT DISTRACTED,MD,PICKUP TRUCK,STOPPED IN TRAFFIC LANE,40,No,2008,DODG,PK,39.06179,-76.99866333,2022,3,17
220013292,Property Damage Crash,03/28/2022 05:31:00 PM,NEW HAMPSHIRE AVE,NA,SAME DIR REAR END,Clear,DRY,Daylight,TRAFFIC SIGNAL,NONE DETECTED,Yes,No Apparent Injury,N/A,TALKING OR LISTENING TO CELLULAR PHONE,MD,PASSENGER CAR,MOVING CONSTANT SPEED,40,No,2013,TOYOTA,COROLLA,39.06179,-76.99866333,2022,3,17
220013285,Property Damage Crash,03/28/2022 04:47:00 PM,NEW HAMPSHIRE AVE,NA,SAME DIR REAR END,Clear,DRY,Daylight,TRAFFIC SIGNAL,NONE DETECTED,No,No Apparent Injury,N/A,NOT DISTRACTED,MD,PASSENGER CAR,STOPPED IN TRAFFIC LANE,40,No,2014,CHEVY,MALIBU,39.04758035,-76.99274109,2022,3,16
220013285,Property Damage Crash,03/28/2022 04:47:00 PM,NEW HAMPSHIRE AVE,NA,SAME DIR REAR END,Clear,DRY,Daylight,TRAFFIC SIGNAL,NONE DETECTED,No,No Apparent Injury,N/A,NOT DISTRACTED,MD,PASSENGER CAR,STOPPED IN TRAFFIC LANE,40,No,2018,VOLKWAGON,TIGUAN,39.04758035,-76.99274109,2022,3,16
220013285,Property Damage Crash,03/28/2022 04:47:00 PM,NEW HAMPSHIRE AVE,NA,SAME DIR REAR END,Clear,DRY,Daylight,TRAFFIC SIGNAL,ALCOHOL PRESENT,Yes,No Apparent Injury,N/A,LOOKED BUT DID NOT SEE,MD,(SPORT) UTILITY VEHICLE,MOVING CONSTANT SPEED,40,No,2015,FORD,EXPIDITION,39.04758035,-76.99274109,2022,3,16
220013227,Injury Crash,03/28/2022 04:17:00 PM,CLARA BARTON PKWY,NA,SAME DIRECTION SIDESWIPE,Clear,DRY,Daylight,YIELD SIGN,NONE DETECTED,Yes,No Apparent Injury,N/A,LOOKED BUT DID NOT SEE,MD,PASSENGER CAR,ACCELERATING,20,No,2018,KIA,SORENTO,38.96261283,-77.13574817,2022,3,16
220013227,Injury Crash,03/28/2022 04:17:00 PM,CLARA BARTON PKWY,NA,SAME DIRECTION SIDESWIPE,Clear,DRY,Daylight,YIELD SIGN,NONE DETECTED,Yes,Possible Minor Injury,N/A,LOOKED BUT DID NOT SEE,MD,PASSENGER CAR,ACCELERATING,20,No,2013,MAZDA,3,38.96261283,-77.13574817,2022,3,16
220013270,Injury Crash,03/28/2022 04:05:00 PM,GEORGIA AVE,NA,STRAIGHT MOVEMENT ANGLE,Clear,DRY,Daylight,TRAFFIC SIGNAL,NONE DETECTED,Unknown,No Apparent Injury,N/A,UNKNOWN,MD,PASSENGER CAR,MOVING CONSTANT SPEED,25,No,2021,TOYOTA,COROLLA,39.04703133,-77.0519215,2022,3,16
220013270,Injury Crash,03/28/2022 04:05:00 PM,GEORGIA AVE,NA,STRAIGHT MOVEMENT ANGLE,Clear,DRY,Daylight,TRAFFIC SIGNAL,NONE DETECTED,Unknown,Possible Minor Injury,N/A,UNKNOWN,MD,PASSENGER CAR,MAKING LEFT TURN,25,No,2011,KIA,SOUL,39.04703133,-77.0519215,2022,3,16
220013267,Property Damage Crash,03/28/2022 03:40:00 PM,MIDDLEBROOK RD,NA,ANGLE MEETS LEFT TURN,Cloudy,DRY,Daylight,TRAFFIC SIGNAL,NONE DETECTED,Yes,No Apparent Injury,N/A,LOOKED BUT DID NOT SEE,MD,(SPORT) UTILITY VEHICLE,MAKING U TURN,40,No,2019,TOYOTA,SEQUOIA,39.17832,-77.24222,2022,3,15
220013267,Property Damage Crash,03/28/2022 03:40:00 PM,MIDDLEBROOK RD,NA,ANGLE MEETS LEFT TURN,Cloudy,DRY,Daylight,TRAFFIC SIGNAL,NONE DETECTED,No,No Apparent Injury,N/A,NOT DISTRACTED,MD,PASSENGER CAR,MOVING CONSTANT SPEED,40,No,2012,FORD,FOCUS,39.17832,-77.24222,2022,3,15
220013264,Property Damage Crash,03/28/2022 03:37:00 PM,NA,NA,STRAIGHT MOVEMENT ANGLE,Clear,NA,Daylight,NO CONTROLS,NONE DETECTED,Yes,No Apparent Injury,N/A,LOOKED BUT DID NOT SEE,MD,SCHOOL BUS,BACKING,15,No,2019,FRHT,BU,39.14764817,-77.1672515,2022,3,15
220013268,Property Damage Crash,03/28/2022 02:52:00 PM,AVERY RD,NA,SINGLE VEHICLE,Clear,DRY,Daylight,NO CONTROLS,NONE DETECTED,Yes,No Apparent Injury,N/A,LOOKED BUT DID NOT SEE,MD,SCHOOL BUS,MOVING CONSTANT SPEED,25,No,2018,FRHT,BU,39.09636923,-77.12450851,2022,3,14
220013255,Injury Crash,03/28/2022 02:43:00 PM,SENECA RD,NA,HEAD ON LEFT TURN,Cloudy,DRY,Daylight,N/A,NONE DETECTED,Yes,Possible Minor Injury,N/A,UNKNOWN,MD,PASSENGER CAR,MOVING CONSTANT SPEED,35,No,2010,TOYT,RAV4,39.10113333,-77.29378333,2022,3,14
220013255,Injury Crash,03/28/2022 02:43:00 PM,SENECA RD,NA,HEAD ON LEFT TURN,Cloudy,DRY,Daylight,N/A,NONE DETECTED,No,No Apparent Injury,N/A,NOT DISTRACTED,MD,PASSENGER CAR,MOVING CONSTANT SPEED,35,No,2014,BMW,X5,39.10113333,-77.29378333,2022,3,14
220013257,Property Damage Crash,03/28/2022 02:40:00 PM,NA,NA,STRAIGHT MOVEMENT ANGLE,Clear,NA,Daylight,NO CONTROLS,NONE DETECTED,No,No Apparent Injury,N/A,NOT DISTRACTED,MD,VAN,PARKED,10,No,2017,DODGE,CARAVAN,39.05928667,-77.006155,2022,3,14
220013257,Property Damage Crash,03/28/2022 02:40:00 PM,NA,NA,STRAIGHT MOVEMENT ANGLE,Clear,NA,Daylight,NO CONTROLS,NONE DETECTED,Yes,No Apparent Injury,N/A,NOT DISTRACTED,MD,PASSENGER CAR,MAKING LEFT TURN,10,No,2006,CHEVROLET,IMPALA,39.05928667,-77.006155,2022,3,14
220013225,Property Damage Crash,03/28/2022 12:25:00 PM,SHADY GROVE RD,NA,OTHER,Cloudy,DRY,Daylight,NO CONTROLS,NONE DETECTED,Yes,No Apparent Injury,N/A,UNKNOWN,NA,PASSENGER CAR,BACKING,5,No,2015,HYUN,ELANTRA,39.11594057,-77.1864108,2022,3,12
220013225,Property Damage Crash,03/28/2022 12:25:00 PM,SHADY GROVE RD,NA,OTHER,Cloudy,DRY,Daylight,NO CONTROLS,NONE DETECTED,No,No Apparent Injury,N/A,NOT DISTRACTED,MD,PASSENGER CAR,STOPPED IN TRAFFIC LANE,5,No,2016,TOYOTA,SIENNA,39.11594057,-77.1864108,2022,3,12
220013217,Property Damage Crash,03/28/2022 11:18:00 AM,COLESVILLE RD,NA,SAME DIRECTION RIGHT TURN,Clear,DRY,Daylight,TRAFFIC SIGNAL,NONE DETECTED,Yes,No Apparent Injury,"N/A, ROAD UNDER CONSTRUCTION/MAINTENANCE",LOOKED BUT DID NOT SEE,MD,PASSENGER CAR,MAKING RIGHT TURN,35,No,2012,TOYOTA,PRIUS,39.01872833,-77.0148,2022,3,11
220013217,Property Damage Crash,03/28/2022 11:18:00 AM,COLESVILLE RD,NA,SAME DIRECTION RIGHT TURN,Clear,DRY,Daylight,TRAFFIC SIGNAL,NONE DETECTED,No,No Apparent Injury,"N/A, ROAD UNDER CONSTRUCTION/MAINTENANCE",NOT DISTRACTED,MD,PASSENGER CAR,MOVING CONSTANT SPEED,35,No,2021,TOYOTA,RAV 4,39.01872833,-77.0148,2022,3,11
220013204,Property Damage Crash,03/28/2022 10:15:00 AM,COLUMBIA PIKE,NA,STRAIGHT MOVEMENT ANGLE,Clear,DRY,Daylight,TRAFFIC SIGNAL,ALCOHOL PRESENT,Yes,No Apparent Injury,N/A,NOT DISTRACTED,MD,PASSENGER CAR,MOVING CONSTANT SPEED,40,No,2022,MAZDA,CX6,39.03628833,-77.00021,2022,3,10
220013204,Property Damage Crash,03/28/2022 10:15:00 AM,COLUMBIA PIKE,NA,STRAIGHT MOVEMENT ANGLE,Clear,DRY,Daylight,TRAFFIC SIGNAL,NONE DETECTED,No,No Apparent Injury,N/A,NOT DISTRACTED,MD,"MEDIUM/HEAVY TRUCKS 3 AXLES (OVER 10,000LBS (4,536KG))",STARTING FROM LANE,20,No,1998,KENWORTH,DUMP TRUCK,39.03628833,-77.00021,2022,3,10
220013200,Property Damage Crash,03/28/2022 09:40:00 AM,GLENALLAN AVE,NA,SAME DIRECTION SIDESWIPE,Clear,DRY,Daylight,TRAFFIC SIGNAL,NONE DETECTED,Yes,No Apparent Injury,N/A,UNKNOWN,NA,UNKNOWN,MOVING CONSTANT SPEED,25,No,0,UNKNOWN,UNKNOWN,39.06083167,-77.04540833,2022,3,9
220013200,Property Damage Crash,03/28/2022 09:40:00 AM,GLENALLAN AVE,NA,SAME DIRECTION SIDESWIPE,Clear,DRY,Daylight,TRAFFIC SIGNAL,NONE DETECTED,No,No Apparent Injury,N/A,NOT DISTRACTED,MD,SCHOOL BUS,STOPPED IN TRAFFIC LANE,25,No,2014,THOMAS,BUS,39.06083167,-77.04540833,2022,3,9
220013199,Property Damage Crash,03/28/2022 09:33:00 AM,GEORGIA AVE,NA,SAME DIRECTION SIDESWIPE,Clear,DRY,Daylight,N/A,NONE DETECTED,Yes,No Apparent Injury,N/A,UNKNOWN,MD,TRANSIT BUS,CHANGING LANES,35,No,2014,GILLIG,BUS,38.98761226,-77.02681302,2022,3,9
220013199,Property Damage Crash,03/28/2022 09:33:00 AM,GEORGIA AVE,NA,SAME DIRECTION SIDESWIPE,Clear,DRY,Daylight,N/A,NONE DETECTED,Unknown,No Apparent Injury,N/A,UNKNOWN,MD,PASSENGER CAR,ACCELERATING,35,No,2012,HONDA,CIVIC,38.98761226,-77.02681302,2022,3,9
220013190,Property Damage Crash,03/28/2022 08:14:00 AM,16TH ST,NA,STRAIGHT MOVEMENT ANGLE,Clear,DRY,Daylight,TRAFFIC SIGNAL,NONE DETECTED,Yes,No Apparent Injury,N/A,LOOKED BUT DID NOT SEE,MD,PASSENGER CAR,MAKING U TURN,35,No,2021,TOYOTA,CAMRY,38.99494833,-77.036215,2022,3,8
220013190,Property Damage Crash,03/28/2022 08:14:00 AM,16TH ST,NA,STRAIGHT MOVEMENT ANGLE,Clear,DRY,Daylight,TRAFFIC SIGNAL,NONE DETECTED,No,No Apparent Injury,N/A,NOT DISTRACTED,MD,PASSENGER CAR,MOVING CONSTANT SPEED,35,No,2004,TOYOTA,CAMRY,38.99494833,-77.036215,2022,3,8
220013189,Property Damage Crash,03/28/2022 08:00:00 AM,NA,NA,STRAIGHT MOVEMENT ANGLE,Clear,NA,Daylight,NO CONTROLS,NONE DETECTED,Yes,No Apparent Injury,N/A,NOT DISTRACTED,MD,PASSENGER CAR,BACKING,15,No,2013,NISS,4S,39.0767125,-77.14156383,2022,3,8
220013189,Property Damage Crash,03/28/2022 08:00:00 AM,NA,NA,STRAIGHT MOVEMENT ANGLE,Clear,NA,Daylight,NO CONTROLS,NONE DETECTED,No,No Apparent Injury,N/A,NOT DISTRACTED,MD,SCHOOL BUS,MOVING CONSTANT SPEED,15,No,2018,THMS,BU,39.0767125,-77.14156383,2022,3,8
220013182,Property Damage Crash,03/28/2022 06:27:00 AM,CLOPPER RD,NA,SINGLE VEHICLE,Clear,DRY,Medium,TRAFFIC SIGNAL,NONE DETECTED,Yes,No Apparent Injury,N/A,UNKNOWN,MD,VAN,MAKING LEFT TURN,35,No,2016,CHEV,VN,39.14799333,-77.23267167,2022,3,6
220013077,Injury Crash,03/28/2022 01:05:00 AM,BRIGGS CHANEY RD,NA,OPPOSITE DIRECTION SIDESWIPE,Clear,DRY,Medium,TRAFFIC SIGNAL,NONE DETECTED,No,Possible Minor Injury,N/A,NOT DISTRACTED,MD,PASSENGER CAR,STOPPED IN TRAFFIC LANE,30,No,2011,TOYOTA,SIENNA,39.08111483,-76.94643411,2022,3,1
220013077,Injury Crash,03/28/2022 01:05:00 AM,BRIGGS CHANEY RD,NA,OPPOSITE DIRECTION SIDESWIPE,Clear,DRY,Medium,TRAFFIC SIGNAL,ALCOHOL PRESENT,Yes,Suspected Serious Injury,N/A,UNKNOWN,MD,PASSENGER CAR,MOVING CONSTANT SPEED,35,No,2014,SUBARU,BRZ,39.08111483,-76.94643411,2022,3,1
220013077,Injury Crash,03/28/2022 01:05:00 AM,BRIGGS CHANEY RD,NA,OPPOSITE DIRECTION SIDESWIPE,Clear,DRY,Medium,TRAFFIC SIGNAL,NONE DETECTED,No,No Apparent Injury,N/A,NOT DISTRACTED,MD,PASSENGER CAR,MOVING CONSTANT SPEED,35,No,2020,BUICK,ENCORE,39.08111483,-76.94643411,2022,3,1
220013169,Injury Crash,03/27/2022 10:16:00 PM,GEORGIA AVE,NA,ANGLE MEETS LEFT TURN,Clear,DRY,Medium,TRAFFIC SIGNAL,NONE DETECTED,No,No Apparent Injury,N/A,NOT DISTRACTED,MD,PASSENGER CAR,MAKING LEFT TURN,35,No,2017,RANGE ROVER,SUV,39.03154833,-77.04803667,2022,3,22