Local Case Number,ACRS Report Type,Crash Date/Time,Road Name,Related Non-Motorist,Collision Type,Weather,Surface Condition,Light,Traffic Control,Driver Substance Abuse,Driver At Fault,Injury Severity,Circumstance,Driver Distracted By,Drivers License State,Vehicle Body Type,Vehicle Movement,Speed Limit,Driverless Vehicle,Vehicle Year,Vehicle Make,Vehicle Model,Latitude,Longitude,Year,Month,Hour
220013169,Injury Crash,03/27/2022 10:16:00 PM,GEORGIA AVE,NA,ANGLE MEETS LEFT TURN,Clear,DRY,Medium,TRAFFIC SIGNAL,NONE DETECTED,Yes,Possible Minor Injury,N/A,UNKNOWN,NA,NA,MOVING CONSTANT SPEED,35,No,0,UNKNOWN,UNKNOWN,39.03154833,-77.04803667,2022,3,22
220013156,Injury Crash,03/27/2022 07:35:00 PM,ROCKVILLE PIKE,NA,STRAIGHT MOVEMENT ANGLE,Clear,DRY,Medium,TRAFFIC SIGNAL,NONE DETECTED,No,Possible Minor Injury,N/A,NOT DISTRACTED,MD,PASSENGER CAR,MOVING CONSTANT SPEED,35,No,2007,NISS,4S,39.04482167,-77.11151167,2022,3,19
220013156,Injury Crash,03/27/2022 07:35:00 PM,ROCKVILLE PIKE,NA,STRAIGHT MOVEMENT ANGLE,Clear,DRY,Medium,TRAFFIC SIGNAL,NONE DETECTED,Yes,Possible Minor Injury,N/A,LOOKED BUT DID NOT SEE,MD,PASSENGER CAR,MAKING LEFT TURN,35,No,2015,VOLK,4S,39.04482167,-77.11151167,2022,3,19
22000423,Property Damage Crash,03/27/2022 07:30:00 PM,SLIGO CREEK PKWY,NA,SINGLE VEHICLE,Clear,DRY,Medium,TRAFFIC SIGNAL,NONE DETECTED,Yes,No Apparent Injury,N/A,NOT DISTRACTED,MD,PASSENGER CAR,MAKING RIGHT TURN,15,No,2008,HONDA,CIVIC,38.9959812,-77.0057903,2022,3,19
220013159,Property Damage Crash,03/27/2022 07:20:00 PM,NA,NA,SAME DIRECTION SIDESWIPE,Cloudy,NA,Medium,NO CONTROLS,NONE DETECTED,Yes,No Apparent Injury,N/A,UNKNOWN,MD,PICKUP TRUCK,PARKING,10,No,2005,TOYOTA,TACOMA,39.07967314,-77.07933554,2022,3,19
220013124,Property Damage Crash,03/27/2022 03:09:00 PM,NA,NA,SAME DIRECTION SIDESWIPE,Clear,NA,Daylight,NO CONTROLS,NONE DETECTED,Yes,No Apparent Injury,N/A,UNKNOWN,NA,PICKUP TRUCK,PARKING,10,No,2013,DODGE,RAM,39.15066298,-77.21296225,2022,3,15
220013123,Property Damage Crash,03/27/2022 03:06:00 PM,GEORGIA AVE,NA,SAME DIR REAR END,Clear,DRY,Daylight,NO CONTROLS,NONE DETECTED,No,No Apparent Injury,N/A,NOT DISTRACTED,MD,PASSENGER CAR,SLOWING OR STOPPING,45,No,1999,MERZ,TK,39.11914333,-77.07477833,2022,3,15
220013123,Property Damage Crash,03/27/2022 03:06:00 PM,GEORGIA AVE,NA,SAME DIR REAR END,Clear,DRY,Daylight,NO CONTROLS,NONE DETECTED,Yes,No Apparent Injury,N/A,NOT DISTRACTED,MD,PASSENGER CAR,ACCELERATING,45,No,2003,FORD,EXPEDITION,39.11914333,-77.07477833,2022,3,15
220013120,Injury Crash,03/27/2022 02:08:00 PM,MIDDLEBROOK RD,NA,SAME DIR REAR END,Clear,DRY,Daylight,TRAFFIC SIGNAL,NONE DETECTED,No,No Apparent Injury,N/A,NOT DISTRACTED,MD,PASSENGER CAR,SLOWING OR STOPPING,40,No,2014,FIAT,HB,39.178056,-77.24222217,2022,3,14
220013120,Injury Crash,03/27/2022 02:08:00 PM,MIDDLEBROOK RD,NA,SAME DIR REAR END,Clear,DRY,Daylight,TRAFFIC SIGNAL,NONE DETECTED,Yes,No Apparent Injury,N/A,UNKNOWN,MD,PASSENGER CAR,MOVING CONSTANT SPEED,40,No,2015,TOYT,4S,39.178056,-77.24222217,2022,3,14
220013116,Injury Crash,03/27/2022 01:41:00 PM,UNIVERSITY BLVD W,NA,SAME DIRECTION SIDESWIPE,Cloudy,DRY,Daylight,TRAFFIC SIGNAL,NONE DETECTED,No,Possible Minor Injury,N/A,NOT DISTRACTED,MD,PASSENGER CAR,MOVING CONSTANT SPEED,35,No,2008,TOYOTA,YARIS,39.03953667,-77.05629,2022,3,13
220013116,Injury Crash,03/27/2022 01:41:00 PM,UNIVERSITY BLVD W,NA,SAME DIRECTION SIDESWIPE,Cloudy,DRY,Daylight,TRAFFIC SIGNAL,NONE DETECTED,Yes,Possible Minor Injury,N/A,UNKNOWN,MD,PASSENGER CAR,CHANGING LANES,35,No,2005,CHEVROLET,MALIBU,39.03953667,-77.05629,2022,3,13
220013112,Property Damage Crash,03/27/2022 12:34:00 PM,E JEFFERSON ST,NA,STRAIGHT MOVEMENT ANGLE,Cloudy,DRY,Daylight,NO CONTROLS,NONE DETECTED,Yes,No Apparent Injury,N/A,NOT DISTRACTED,MD,PASSENGER CAR,MAKING LEFT TURN,35,No,2009,LINCOLN,TOWNCAR,39.0578,-77.126285,2022,3,12
220013112,Property Damage Crash,03/27/2022 12:34:00 PM,E JEFFERSON ST,NA,STRAIGHT MOVEMENT ANGLE,Cloudy,DRY,Daylight,NO CONTROLS,NONE DETECTED,No,No Apparent Injury,N/A,NOT DISTRACTED,MD,PASSENGER CAR,MOVING CONSTANT SPEED,35,No,2016,INFI,4S,39.0578,-77.126285,2022,3,12
220013093,Injury Crash,03/27/2022 08:34:00 AM,CHERRY HILL RD,NA,STRAIGHT MOVEMENT ANGLE,Clear,DRY,Daylight,TRAFFIC SIGNAL,NONE DETECTED,Yes,Possible Minor Injury,N/A,INATTENTIVE OR LOST IN THOUGHT,MD,PASSENGER CAR,MAKING LEFT TURN,40,No,2018,HONDA,CIVIC,39.05623067,-76.95438,2022,3,8
220013093,Injury Crash,03/27/2022 08:34:00 AM,CHERRY HILL RD,NA,STRAIGHT MOVEMENT ANGLE,Clear,DRY,Daylight,TRAFFIC SIGNAL,NONE DETECTED,No,No Apparent Injury,N/A,NOT DISTRACTED,MD,PASSENGER CAR,MOVING CONSTANT SPEED,40,No,2014,TOYOTA,COROLLA,39.05623067,-76.95438,2022,3,8
20013091,Injury Crash,03/27/2022 07:48:00 AM,ROCKVILLE PIKE,NA,STRAIGHT MOVEMENT ANGLE,Clear,DRY,Daylight,TRAFFIC SIGNAL,NONE DETECTED,Yes,Possible Minor Injury,N/A,UNKNOWN,DC,PASSENGER CAR,MOVING CONSTANT SPEED,45,No,2020,HONDA,CIVIC,39.02244167,-77.10310833,2022,3,7
20013091,Injury Crash,03/27/2022 07:48:00 AM,ROCKVILLE PIKE,NA,STRAIGHT MOVEMENT ANGLE,Clear,DRY,Daylight,TRAFFIC SIGNAL,NONE DETECTED,No,No Apparent Injury,N/A,NOT DISTRACTED,MD,PASSENGER CAR,MAKING LEFT TURN,45,No,2020,TOYOTA,CAMRY,39.02244167,-77.10310833,2022,3,7
220013153,Property Damage Crash,03/27/2022 06:30:00 AM,NA,NA,SAME DIRECTION SIDESWIPE,Cloudy,NA,Medium,NO CONTROLS,ALCOHOL PRESENT,Yes,No Apparent Injury,N/A,OTHER DISTRACTION,MD,PICKUP TRUCK,ACCELERATING,15,No,2005,FORD,F-150,38.98843727,-76.9876675,2022,3,6
220013153,Property Damage Crash,03/27/2022 06:30:00 AM,NA,NA,SAME DIRECTION SIDESWIPE,Cloudy,NA,Medium,NO CONTROLS,NONE DETECTED,No,No Apparent Injury,N/A,NOT DISTRACTED,MD,PASSENGER CAR,STOPPED IN TRAFFIC LANE,15,No,2016,KIA,OPTIMA,38.98843727,-76.9876675,2022,3,6
220013089,Property Damage Crash,03/27/2022 06:00:00 AM,RANDOLPH RD,NA,SINGLE VEHICLE,Clear,DRY,Medium,NO CONTROLS,NONE DETECTED,Yes,No Apparent Injury,N/A,NOT DISTRACTED,MD,PASSENGER CAR,MOVING CONSTANT SPEED,35,No,2016,HONDA,FIT,39.07498026,-77.00479132,2022,3,6
220013086,Property Damage Crash,03/27/2022 04:39:00 AM,MAIN ST,NA,STRAIGHT MOVEMENT ANGLE,Clear,DRY,Medium,FLASHING TRAFFIC SIGNAL,NONE DETECTED,Yes,No Apparent Injury,N/A,UNKNOWN,MD,PASSENGER CAR,ACCELERATING,35,No,2021,TOYOTA,VENZA,39.28766333,-77.20183833,2022,3,4
220013084,Property Damage Crash,03/27/2022 04:39:00 AM,DEVERE DR,NA,STRAIGHT MOVEMENT ANGLE,Clear,DRY,Medium,NO CONTROLS,ALCOHOL PRESENT,Yes,No Apparent Injury,N/A,UNKNOWN,MD,PASSENGER CAR,UNKNOWN,25,No,2021,HONDA,CIVIC,39.02174167,-76.99401,2022,3,4
220013086,Property Damage Crash,03/27/2022 04:39:00 AM,MAIN ST,NA,STRAIGHT MOVEMENT ANGLE,Clear,DRY,Medium,FLASHING TRAFFIC SIGNAL,NONE DETECTED,No,No Apparent Injury,N/A,UNKNOWN,MD,PASSENGER CAR,MOVING CONSTANT SPEED,35,No,2015,JEEP,CHEROKEE,39.28766333,-77.20183833,2022,3,4
220013076,Property Damage Crash,03/27/2022 01:05:00 AM,EISENHOWER MEMORIAL HWY,NA,SAME DIR REAR END,Clear,N/A,Medium,N/A,NONE DETECTED,No,No Apparent Injury,N/A,NOT DISTRACTED,WV,PASSENGER CAR,MOVING CONSTANT SPEED,55,No,2004,HONDA,CIVIC,39.16063972,-77.2316241,2022,3,1
220013076,Property Damage Crash,03/27/2022 01:05:00 AM,EISENHOWER MEMORIAL HWY,NA,SAME DIR REAR END,Clear,N/A,Medium,N/A,NONE DETECTED,Yes,No Apparent Injury,N/A,UNKNOWN,VA,PASSENGER CAR,MOVING CONSTANT SPEED,55,No,2014,ORD,EXPLORER,39.16063972,-77.2316241,2022,3,1
220013072,Property Damage Crash,03/26/2022 11:41:00 PM,ROCKVILLE PIKE,NA,STRAIGHT MOVEMENT ANGLE,Cloudy,DRY,Medium,TRAFFIC SIGNAL,NONE DETECTED,No,No Apparent Injury,N/A,NOT DISTRACTED,MD,PASSENGER CAR,MAKING LEFT TURN,35,No,2012,TOYOTA,RAV 4,39.07480833,-77.13584167,2022,3,23
220013072,Property Damage Crash,03/26/2022 11:41:00 PM,ROCKVILLE PIKE,NA,STRAIGHT MOVEMENT ANGLE,Cloudy,DRY,Medium,TRAFFIC SIGNAL,NONE DETECTED,Yes,No Apparent Injury,N/A,OTHER ELECTRONIC DEVICE (NAVIGATIONAL PALM PILOT),MD,PASSENGER CAR,MOVING CONSTANT SPEED,35,No,2015,HONDA,CIVIC,39.07480833,-77.13584167,2022,3,23
220013067,Property Damage Crash,03/26/2022 10:42:00 PM,DALE DR,NA,OTHER,Clear,DRY,Medium,TRAFFIC SIGNAL,NONE DETECTED,Yes,No Apparent Injury,N/A,UNKNOWN,NA,PASSENGER CAR,BACKING,35,No,2018,JEEP,WRANGLER,38.993875,-77.00921833,2022,3,22
220013067,Property Damage Crash,03/26/2022 10:42:00 PM,DALE DR,NA,OTHER,Clear,DRY,Medium,TRAFFIC SIGNAL,NONE DETECTED,No,No Apparent Injury,N/A,NOT DISTRACTED,MD,PASSENGER CAR,STOPPED IN TRAFFIC LANE,35,No,2009,FORD,UT,38.993875,-77.00921833,2022,3,22
220013064,Property Damage Crash,03/26/2022 09:20:00 PM,UNIVERSITY BLVD E,NA,SAME DIR REAR END,Clear,DRY,Medium,TRAFFIC SIGNAL,NONE DETECTED,No,No Apparent Injury,N/A,NOT DISTRACTED,MD,PICKUP TRUCK,STOPPED IN TRAFFIC LANE,35,No,2015,TOYT,PK,39.006472,-76.99791033,2022,3,21
220013064,Property Damage Crash,03/26/2022 09:20:00 PM,UNIVERSITY BLVD E,NA,SAME DIR REAR END,Clear,DRY,Medium,TRAFFIC SIGNAL,NONE DETECTED,No,No Apparent Injury,N/A,NOT DISTRACTED,MD,PASSENGER CAR,STOPPED IN TRAFFIC LANE,35,No,2015,TOYT,4S,39.006472,-76.99791033,2022,3,21
220013064,Property Damage Crash,03/26/2022 09:20:00 PM,UNIVERSITY BLVD E,NA,SAME DIR REAR END,Clear,DRY,Medium,TRAFFIC SIGNAL,NONE DETECTED,Yes,No Apparent Injury,N/A,UNKNOWN,NA,PICKUP TRUCK,UNKNOWN,35,No,2015,FORD,PU,39.006472,-76.99791033,2022,3,21
220013056,Injury Crash,03/26/2022 07:49:00 PM,SHADY GROVE RD,NA,SAME DIR REAR END,Rain,WET,Medium,TRAFFIC SIGNAL,NONE DETECTED,Yes,No Apparent Injury,"RAIN, SNOW, WET",UNKNOWN,MD,PASSENGER CAR,MOVING CONSTANT SPEED,40,No,2020,CHEVROLET,SILVERADO,39.12621833,-77.17401,2022,3,19
220013056,Injury Crash,03/26/2022 07:49:00 PM,SHADY GROVE RD,NA,SAME DIR REAR END,Rain,WET,Medium,TRAFFIC SIGNAL,NONE DETECTED,No,Possible Minor Injury,"RAIN, SNOW, WET",NOT DISTRACTED,MD,PASSENGER CAR,STOPPED IN TRAFFIC LANE,40,No,2020,HONDA,CRV,39.12621833,-77.17401,2022,3,19
220013056,Injury Crash,03/26/2022 07:49:00 PM,SHADY GROVE RD,NA,SAME DIR REAR END,Rain,WET,Medium,TRAFFIC SIGNAL,NONE DETECTED,No,No Apparent Injury,"RAIN, SNOW, WET",NOT DISTRACTED,MD,PASSENGER CAR,STOPPED IN TRAFFIC LANE,40,No,2020,HONDA,CRV,39.12621833,-77.17401,2022,3,19
220013144,Property Damage Crash,03/26/2022 07:00:00 PM,NA,NA,UNKNOWN,Clear,NA,Medium,NO CONTROLS,NONE DETECTED,Yes,No Apparent Injury,N/A,UNKNOWN,MD,VAN,PARKING,0,No,2013,TOYOTA,SIENNA,39.11651045,-77.19835937,2022,3,19
220013046,Property Damage Crash,03/26/2022 05:25:00 PM,CEDAR TREE DR,NA,OTHER,Cloudy,DRY,Daylight,NO CONTROLS,NONE DETECTED,Yes,No Apparent Injury,N/A,LOOKED BUT DID NOT SEE,MD,PASSENGER CAR,MAKING U TURN,25,No,2022,HYUNDAI,VENUE,39.09760752,-76.92197409,2022,3,17
220013046,Property Damage Crash,03/26/2022 05:25:00 PM,CEDAR TREE DR,NA,OTHER,Cloudy,DRY,Daylight,NO CONTROLS,NONE DETECTED,No,No Apparent Injury,N/A,NOT DISTRACTED,MD,(SPORT) UTILITY VEHICLE,ACCELERATING,25,No,2021,HONDA,CR-V,39.09760752,-76.92197409,2022,3,17
220013043,Property Damage Crash,03/26/2022 05:07:00 PM,UNIVERSITY BLVD E,NA,SAME DIR REAR END,Clear,DRY,Daylight,NO CONTROLS,NONE DETECTED,No,No Apparent Injury,N/A,NOT DISTRACTED,MD,POLICE VEHICLE/EMERGENCY,STOPPED IN TRAFFIC LANE,30,No,2017,HYANDAI,SANTA FE,39.00439262,-76.9968287,2022,3,17
220013043,Property Damage Crash,03/26/2022 05:07:00 PM,UNIVERSITY BLVD E,NA,SAME DIR REAR END,Clear,DRY,Daylight,NO CONTROLS,NONE DETECTED,Yes,No Apparent Injury,N/A,UNKNOWN,NA,PASSENGER CAR,SLOWING OR STOPPING,30,No,2004,FORD,TK,39.00439262,-76.9968287,2022,3,17
220013044,Property Damage Crash,03/26/2022 04:50:00 PM,MUNCASTER MILL RD,NA,SAME DIR REAR END,Cloudy,DRY,Daylight,NO CONTROLS,NONE DETECTED,No,No Apparent Injury,N/A,NOT DISTRACTED,MD,(SPORT) UTILITY VEHICLE,SLOWING OR STOPPING,35,No,2018,FORD,TK,39.15086233,-77.149373,2022,3,16
220013044,Property Damage Crash,03/26/2022 04:50:00 PM,MUNCASTER MILL RD,NA,SAME DIR REAR END,Cloudy,DRY,Daylight,NO CONTROLS,NONE DETECTED,No,No Apparent Injury,N/A,NOT DISTRACTED,MD,PICKUP TRUCK,SLOWING OR STOPPING,35,No,2010,FORD,F250,39.15086233,-77.149373,2022,3,16
220013044,Property Damage Crash,03/26/2022 04:50:00 PM,MUNCASTER MILL RD,NA,SAME DIR REAR END,Cloudy,DRY,Daylight,NO CONTROLS,NONE DETECTED,Yes,No Apparent Injury,N/A,UNKNOWN,MD,"CARGO VAN/LIGHT TRUCK 2 AXLES (OVER 10,000LBS (4,536 KG))",SLOWING OR STOPPING,35,No,2016,GMC,TK,39.15086233,-77.149373,2022,3,16
220013041,Property Damage Crash,03/26/2022 04:48:00 PM,SPENCERVILLE RD,NA,HEAD ON,Clear,DRY,Daylight,NO CONTROLS,NONE DETECTED,No,No Apparent Injury,N/A,NOT DISTRACTED,MD,PASSENGER CAR,MOVING CONSTANT SPEED,45,No,2014,TOYOTA,RAV4,39.10809733,-76.94500433,2022,3,16
220013041,Property Damage Crash,03/26/2022 04:48:00 PM,SPENCERVILLE RD,NA,HEAD ON,Clear,DRY,Daylight,NO CONTROLS,NONE DETECTED,No,No Apparent Injury,N/A,NOT DISTRACTED,MD,PASSENGER CAR,MOVING CONSTANT SPEED,45,No,2013,HONDA,FIT,39.10809733,-76.94500433,2022,3,16
220013039,Property Damage Crash,03/26/2022 04:22:00 PM,UNIVERSITY BLVD E,NA,SAME DIRECTION SIDESWIPE,Cloudy,DRY,Daylight,N/A,NONE DETECTED,No,No Apparent Injury,N/A,NOT DISTRACTED,MD,PASSENGER CAR,CHANGING LANES,35,No,2013,MINI,COOPER,39.01663667,-77.00616667,2022,3,16
220013039,Property Damage Crash,03/26/2022 04:22:00 PM,UNIVERSITY BLVD E,NA,SAME DIRECTION SIDESWIPE,Cloudy,DRY,Daylight,N/A,NONE DETECTED,Yes,No Apparent Injury,N/A,UNKNOWN,NA,PASSENGER CAR,CHANGING LANES,35,No,2008,FORD,EXPLORER,39.01663667,-77.00616667,2022,3,16
220013134,Property Damage Crash,03/26/2022 01:50:00 PM,NA,NA,OTHER,Clear,NA,Daylight,NO CONTROLS,NONE DETECTED,Yes,No Apparent Injury,N/A,UNKNOWN,NA,PASSENGER CAR,BACKING,0,No,2022,TOYOTA,COROLLA,38.99802634,-77.04146733,2022,3,13
220013016,Property Damage Crash,03/26/2022 11:10:00 AM,REDLAND RD,NA,SAME DIR REAR END,Clear,DRY,Daylight,TRAFFIC SIGNAL,NONE DETECTED,No,No Apparent Injury,N/A,NOT DISTRACTED,MD,TRANSIT BUS,STOPPED IN TRAFFIC LANE,30,No,2021,BUS,XX,39.11597,-77.16585,2022,3,11
220013016,Property Damage Crash,03/26/2022 11:10:00 AM,REDLAND RD,NA,SAME DIR REAR END,Clear,DRY,Daylight,TRAFFIC SIGNAL,NONE DETECTED,Yes,No Apparent Injury,N/A,INATTENTIVE OR LOST IN THOUGHT,MD,VAN,STARTING FROM LANE,30,No,2016,TOYOTA,SIENNA,39.11597,-77.16585,2022,3,11
220013006,Property Damage Crash,03/26/2022 08:53:00 AM,BONIFANT RD,NA,SAME DIR REAR END,Cloudy,DRY,Daylight,TRAFFIC SIGNAL,NONE DETECTED,Yes,No Apparent Injury,N/A,INATTENTIVE OR LOST IN THOUGHT,MD,PASSENGER CAR,MOVING CONSTANT SPEED,40,No,2015,HONDA,ACCORD,39.09403167,-77.02432333,2022,3,8
220013006,Property Damage Crash,03/26/2022 08:53:00 AM,BONIFANT RD,NA,SAME DIR REAR END,Cloudy,DRY,Daylight,TRAFFIC SIGNAL,NONE DETECTED,No,No Apparent Injury,N/A,NOT DISTRACTED,MD,"CARGO VAN/LIGHT TRUCK 2 AXLES (OVER 10,000LBS (4,536 KG))",STOPPED IN TRAFFIC LANE,40,No,2005,CHEV,TK,39.09403167,-77.02432333,2022,3,8
220012993,Property Damage Crash,03/26/2022 06:24:00 AM,EISENHOWER MEMORIAL HWY,NA,SINGLE VEHICLE,Clear,DRY,Medium,NO CONTROLS,NONE DETECTED,Yes,No Apparent Injury,N/A,UNKNOWN,MD,PASSENGER CAR,MOVING CONSTANT SPEED,55,No,2008,TOYT,4D SEDAN,39.14162128,-77.21248094,2022,3,6
220012992,Property Damage Crash,03/26/2022 05:19:00 AM,BRIGGS CHANEY RD,NA,SAME DIR REAR END,Clear,DRY,Medium,TRAFFIC SIGNAL,NONE DETECTED,No,No Apparent Injury,N/A,NOT DISTRACTED,MD,PASSENGER CAR,MOVING CONSTANT SPEED,35,No,2005,FORD,FREESTYLE,39.08207833,-76.94709167,2022,3,5
220012992,Property Damage Crash,03/26/2022 05:19:00 AM,BRIGGS CHANEY RD,NA,SAME DIR REAR END,Clear,DRY,Medium,TRAFFIC SIGNAL,ALCOHOL PRESENT,Yes,No Apparent Injury,N/A,UNKNOWN,MD,PASSENGER CAR,MOVING CONSTANT SPEED,35,No,2009,HONDA,ACCORD,39.08207833,-76.94709167,2022,3,5
220012955,Property Damage Crash,03/25/2022 09:01:00 PM,WILSON LA,NA,STRAIGHT MOVEMENT ANGLE,Clear,DRY,Dark,STOP SIGN,NONE DETECTED,No,No Apparent Injury,N/A,NOT DISTRACTED,MD,PASSENGER CAR,ACCELERATING,25,No,2017,SUBA,UT,38.987225,-77.10346667,2022,3,21
220012955,Property Damage Crash,03/25/2022 09:01:00 PM,WILSON LA,NA,STRAIGHT MOVEMENT ANGLE,Clear,DRY,Dark,STOP SIGN,NONE DETECTED,Yes,No Apparent Injury,N/A,NOT DISTRACTED,MD,PASSENGER CAR,SLOWING OR STOPPING,25,No,2002,CHEV,CP,38.987225,-77.10346667,2022,3,21
220012944,Injury Crash,03/25/2022 08:00:00 PM,GOSHEN RD,NA,SINGLE VEHICLE,Clear,DRY,Medium,NO CONTROLS,NONE DETECTED,Yes,Possible Minor Injury,N/A,UNKNOWN,MD,PASSENGER CAR,MOVING CONSTANT SPEED,35,No,1998,HONDA,CRV,39.18920333,-77.18565,2022,3,20
220013735,Property Damage Crash,03/25/2022 07:00:00 PM,RIVER RD,NA,SAME DIR REAR END,Clear,DRY,Daylight,TRAFFIC SIGNAL,DRUG PRESENT,Yes,No Apparent Injury,N/A,INATTENTIVE OR LOST IN THOUGHT,PA,(SPORT) UTILITY VEHICLE,SLOWING OR STOPPING,45,No,2021,JEEP,COMPASS,38.98327802,-77.13746897,2022,3,19
220013735,Property Damage Crash,03/25/2022 07:00:00 PM,RIVER RD,NA,SAME DIR REAR END,Clear,DRY,Daylight,TRAFFIC SIGNAL,NONE DETECTED,No,No Apparent Injury,N/A,NOT DISTRACTED,MD,PASSENGER CAR,STOPPED IN TRAFFIC LANE,45,No,2021,TOYOTA,CAMRY,38.98327802,-77.13746897,2022,3,19
220012920,Property Damage Crash,03/25/2022 06:12:00 PM,NEBEL ST,NA,SINGLE VEHICLE,Cloudy,DRY,Daylight,NO CONTROLS,NONE DETECTED,Yes,No Apparent Injury,"N/A, ROAD UNDER CONSTRUCTION/MAINTENANCE",NOT DISTRACTED,MD,TRANSIT BUS,MOVING CONSTANT SPEED,30,No,2013,NEW FLYER,BUS,39.04585667,-77.10524167,2022,3,18
220012932,Property Damage Crash,03/25/2022 05:00:00 PM,CABIN JOHN PKWY,NA,SAME DIRECTION SIDESWIPE,Clear,DRY,Daylight,NO CONTROLS,NONE DETECTED,Yes,No Apparent Injury,N/A,UNKNOWN,NA,(SPORT) UTILITY VEHICLE,ACCELERATING,55,No,2001,TOYOTA,RAV 4,38.98099868,-77.15544864,2022,3,17
220012901,Property Damage Crash,03/25/2022 05:00:00 PM,LOCKWOOD DR,NA,SAME DIR REND RIGHT TURN,Clear,DRY,Daylight,NO CONTROLS,NONE DETECTED,Yes,No Apparent Injury,N/A,UNKNOWN,NA,PICKUP TRUCK,MOVING CONSTANT SPEED,25,No,2011,FORD,F-250,39.0403157,-76.98923815,2022,3,17
220012901,Property Damage Crash,03/25/2022 05:00:00 PM,LOCKWOOD DR,NA,SAME DIR REND RIGHT TURN,Clear,DRY,Daylight,NO CONTROLS,NONE DETECTED,No,No Apparent Injury,N/A,NOT DISTRACTED,DC,TRANSIT BUS,ACCELERATING,25,No,2021,NEW FLYER,548,39.0403157,-76.98923815,2022,3,17
220012932,Property Damage Crash,03/25/2022 05:00:00 PM,CABIN JOHN PKWY,NA,SAME DIRECTION SIDESWIPE,Clear,DRY,Daylight,NO CONTROLS,NONE DETECTED,No,No Apparent Injury,N/A,NOT DISTRACTED,MD,PASSENGER CAR,MOVING CONSTANT SPEED,55,No,2017,JEEP,CHEROKEE,38.98099868,-77.15544864,2022,3,17
220012894,Property Damage Crash,03/25/2022 04:48:00 PM,DARNESTOWN RD,NA,HEAD ON,Clear,DRY,Daylight,TRAFFIC SIGNAL,NONE DETECTED,Yes,No Apparent Injury,N/A,NOT DISTRACTED,MD,PASSENGER CAR,MAKING RIGHT TURN,40,No,2017,CHEVROLET,BOLT,39.0969,-77.20735167,2022,3,16
220012894,Property Damage Crash,03/25/2022 04:48:00 PM,DARNESTOWN RD,NA,HEAD ON,Clear,DRY,Daylight,TRAFFIC SIGNAL,NONE DETECTED,No,No Apparent Injury,N/A,NOT DISTRACTED,MD,PASSENGER CAR,STOPPED IN TRAFFIC LANE,30,No,2018,TESLA,MODEL 3,39.0969,-77.20735167,2022,3,16
220012720,Injury Crash,03/25/2022 04:42:00 PM,RANDOLPH RD,NA,HEAD ON LEFT TURN,Clear,DRY,Daylight,TRAFFIC SIGNAL,NONE DETECTED,Yes,Possible Minor Injury,N/A,NOT DISTRACTED,MD,PASSENGER CAR,MAKING LEFT TURN,35,No,2001,MERCEDEZ,4D,39.05721786,-77.07351493,2022,3,16
220012720,Injury Crash,03/25/2022 04:42:00 PM,RANDOLPH RD,NA,HEAD ON LEFT TURN,Clear,DRY,Daylight,TRAFFIC SIGNAL,NONE DETECTED,No,No Apparent Injury,N/A,NOT DISTRACTED,MD,PASSENGER CAR,MOVING CONSTANT SPEED,35,No,2021,JEEP,COMPASS,39.05721786,-77.07351493,2022,3,16
220012889,Property Damage Crash,03/25/2022 03:59:00 PM,PRINCE PHILIP DR,NA,STRAIGHT MOVEMENT ANGLE,Clear,DRY,Daylight,NO CONTROLS,NONE DETECTED,No,No Apparent Injury,N/A,NOT DISTRACTED,MD,PASSENGER CAR,ACCELERATING,25,No,2006,HOND,ACCORD,39.15639167,-77.0580115,2022,3,15
220012889,Property Damage Crash,03/25/2022 03:59:00 PM,PRINCE PHILIP DR,NA,STRAIGHT MOVEMENT ANGLE,Clear,DRY,Daylight,NO CONTROLS,NONE DETECTED,Yes,No Apparent Injury,N/A,LOOKED BUT DID NOT SEE,MD,(SPORT) UTILITY VEHICLE,ACCELERATING,25,No,2017,TOYT,HYLANDER,39.15639167,-77.0580115,2022,3,15
220012882,Property Damage Crash,03/25/2022 03:39:00 PM,CANNON RD,NA,SINGLE VEHICLE,Clear,DRY,Daylight,NO CONTROLS,NONE DETECTED,Yes,No Apparent Injury,N/A,LOOKED BUT DID NOT SEE,MD,SCHOOL BUS,ACCELERATING,25,No,2018,FREIGHTLINER,C2,39.06976737,-76.99641178,2022,3,15
220012898,Property Damage Crash,03/25/2022 03:00:00 PM,SHADY GROVE RD,NA,HEAD ON LEFT TURN,Clear,DRY,Daylight,TRAFFIC SIGNAL,NONE DETECTED,No,No Apparent Injury,N/A,NOT DISTRACTED,MD,PASSENGER CAR,ACCELERATING,40,No,2015,NISSAN,ALTIMA,39.12260694,-77.17773942,2022,3,15
220012898,Property Damage Crash,03/25/2022 03:00:00 PM,SHADY GROVE RD,NA,HEAD ON LEFT TURN,Clear,DRY,Daylight,TRAFFIC SIGNAL,NONE DETECTED,Yes,No Apparent Injury,N/A,NOT DISTRACTED,MD,PASSENGER CAR,MAKING LEFT TURN,40,No,2016,HYUNDAI,ACCENT,39.12260694,-77.17773942,2022,3,15
220012876,Injury Crash,03/25/2022 02:55:00 PM,GEORGIA AVE,NA,HEAD ON LEFT TURN,Clear,DRY,Daylight,NO CONTROLS,NONE DETECTED,No,No Apparent Injury,N/A,NOT DISTRACTED,MD,PASSENGER CAR,MOVING CONSTANT SPEED,35,No,2015,TOYT,RAV4,39.02681467,-77.04656833,2022,3,14
220012876,Injury Crash,03/25/2022 02:55:00 PM,GEORGIA AVE,NA,HEAD ON LEFT TURN,Clear,DRY,Daylight,NO CONTROLS,NONE DETECTED,Yes,Suspected Serious Injury,N/A,NOT DISTRACTED,MD,PASSENGER CAR,MOVING CONSTANT SPEED,35,No,2004,HONDA,ACCORD,39.02681467,-77.04656833,2022,3,14
220012876,Injury Crash,03/25/2022 02:55:00 PM,GEORGIA AVE,NA,HEAD ON LEFT TURN,Clear,DRY,Daylight,NO CONTROLS,NONE DETECTED,No,Possible Minor Injury,N/A,NOT DISTRACTED,MD,PASSENGER CAR,MOVING CONSTANT SPEED,35,No,2006,HOND,CRV,39.02681467,-77.04656833,2022,3,14
220012924,Injury Crash,03/25/2022 02:25:00 PM,RIVER RD,NA,OTHER,Clear,DRY,Daylight,TRAFFIC SIGNAL,NONE DETECTED,No,No Apparent Injury,N/A,NOT DISTRACTED,DC,PASSENGER CAR,MOVING CONSTANT SPEED,40,No,2009,TOYT,YARIS,38.980382,-77.13337045,2022,3,14
220012924,Injury Crash,03/25/2022 02:25:00 PM,RIVER RD,NA,OTHER,Clear,DRY,Daylight,TRAFFIC SIGNAL,NONE DETECTED,No,Possible Minor Injury,N/A,NOT DISTRACTED,MD,(SPORT) UTILITY VEHICLE,STOPPED IN TRAFFIC LANE,40,No,2021,CHEV,UT,38.980382,-77.13337045,2022,3,14
220012924,Injury Crash,03/25/2022 02:25:00 PM,RIVER RD,NA,OTHER,Clear,DRY,Daylight,TRAFFIC SIGNAL,DRUG PRESENT,Yes,Possible Minor Injury,N/A,INATTENTIVE OR LOST IN THOUGHT,PA,(SPORT) UTILITY VEHICLE,MOVING CONSTANT SPEED,40,No,2021,JEEP,COMPASS,38.980382,-77.13337045,2022,3,14
220012868,Injury Crash,03/25/2022 02:07:00 PM,CAPITOL VIEW AVE,NA,SINGLE VEHICLE,Clear,DRY,Daylight,STOP SIGN,NONE DETECTED,Yes,Possible Minor Injury,N/A,UNKNOWN,MD,PICKUP TRUCK,MAKING LEFT TURN,25,No,2002,TOYOTA,TACOMA,39.01816333,-77.05911333,2022,3,14