Local Case Number,ACRS Report Type,Crash Date/Time,Road Name,Related Non-Motorist,Collision Type,Weather,Surface Condition,Light,Traffic Control,Driver Substance Abuse,Driver At Fault,Injury Severity,Circumstance,Driver Distracted By,Drivers License State,Vehicle Body Type,Vehicle Movement,Speed Limit,Driverless Vehicle,Vehicle Year,Vehicle Make,Vehicle Model,Latitude,Longitude,Year,Month,Hour
220012535,Property Damage Crash,03/23/2022 03:06:00 PM,ROCKVILLE PIKE,NA,STRAIGHT MOVEMENT ANGLE,Rain,WET,Daylight,NO CONTROLS,NONE DETECTED,No,No Apparent Injury,"N/A, RAIN, SNOW",NOT DISTRACTED,TX,PASSENGER CAR,MOVING CONSTANT SPEED,35,No,1997,SAAB,4S,39.07638894,-77.1383079,2022,3,15
220012535,Property Damage Crash,03/23/2022 03:06:00 PM,ROCKVILLE PIKE,NA,STRAIGHT MOVEMENT ANGLE,Rain,WET,Daylight,NO CONTROLS,NONE DETECTED,Yes,No Apparent Injury,"N/A, RAIN, SNOW",LOOKED BUT DID NOT SEE,MD,(SPORT) UTILITY VEHICLE,MAKING LEFT TURN,35,No,2015,FORD,TK,39.07638894,-77.1383079,2022,3,15
220012522,Property Damage Crash,03/23/2022 01:11:00 PM,DARNESTOWN RD,NA,SINGLE VEHICLE,Rain,WET,Daylight,NO CONTROLS,NONE DETECTED,Yes,No Apparent Injury,"SLEET, HAIL, FREEZ. RAIN, WET",NOT DISTRACTED,MD,PASSENGER CAR,MOVING CONSTANT SPEED,40,No,2021,TESLA,Y,39.17059667,-77.40129167,2022,3,13
220012524,Property Damage Crash,03/23/2022 12:45:00 PM,MANNAKEE ST,NA,SAME DIR REAR END,Rain,WET,Daylight,NO CONTROLS,NONE DETECTED,Yes,No Apparent Injury,"N/A, WET",NOT DISTRACTED,MD,PASSENGER CAR,MOVING CONSTANT SPEED,25,No,2014,HONDA,ACCORD,39.09495167,-77.15945333,2022,3,12
220012514,Property Damage Crash,03/23/2022 12:30:00 PM,COLUMBIA PIKE,NA,STRAIGHT MOVEMENT ANGLE,Rain,WET,Daylight,NO CONTROLS,NONE DETECTED,No,No Apparent Injury,"RAIN, SNOW, WET",NOT DISTRACTED,MD,PASSENGER CAR,MOVING CONSTANT SPEED,40,No,2010,LEXUS,RX350,39.03703333,-76.99991,2022,3,12
220012514,Property Damage Crash,03/23/2022 12:30:00 PM,COLUMBIA PIKE,NA,STRAIGHT MOVEMENT ANGLE,Rain,WET,Daylight,NO CONTROLS,NONE DETECTED,Yes,No Apparent Injury,"RAIN, SNOW, WET",NOT DISTRACTED,MD,PASSENGER CAR,MAKING LEFT TURN,40,No,2009,TOYOTA,CAMRY,39.03703333,-76.99991,2022,3,12
220012497,Property Damage Crash,03/23/2022 10:35:00 AM,CONNECTICUT AVE,NA,STRAIGHT MOVEMENT ANGLE,Cloudy,DRY,Daylight,TRAFFIC SIGNAL,NONE DETECTED,No,No Apparent Injury,N/A,NOT DISTRACTED,MD,PASSENGER CAR,ENTERING TRAFFIC LANE,5,No,2021,AUDI,UT,39.033005,-77.07510667,2022,3,10
220012497,Property Damage Crash,03/23/2022 10:35:00 AM,CONNECTICUT AVE,NA,STRAIGHT MOVEMENT ANGLE,Cloudy,DRY,Daylight,TRAFFIC SIGNAL,NONE DETECTED,Yes,No Apparent Injury,N/A,UNKNOWN,MD,PASSENGER CAR,MOVING CONSTANT SPEED,35,No,2013,NISS,ROGUE,39.033005,-77.07510667,2022,3,10
220012492,Property Damage Crash,03/23/2022 10:30:00 AM,NA,NA,SINGLE VEHICLE,Cloudy,NA,Daylight,NO CONTROLS,NONE DETECTED,Yes,No Apparent Injury,N/A,UNKNOWN,MD,PASSENGER CAR,ACCELERATING,0,No,2011,TOYT,SUV,39.17027483,-77.20535,2022,3,10
220012505,Fatal Crash,03/23/2022 09:58:00 AM,GEORGIA AVE,NA,STRAIGHT MOVEMENT ANGLE,Cloudy,DRY,Daylight,TRAFFIC SIGNAL,NONE DETECTED,No,Suspected Serious Injury,N/A,UNKNOWN,MD,PASSENGER CAR,MAKING LEFT TURN,35,No,2015,MERCEDES,GLK 350,39.07770803,-77.07058852,2022,3,9
220012505,Fatal Crash,03/23/2022 09:58:00 AM,GEORGIA AVE,NA,STRAIGHT MOVEMENT ANGLE,Cloudy,DRY,Daylight,TRAFFIC SIGNAL,DRUG PRESENT,Yes,Fatal Injury,N/A,UNKNOWN,MD,PASSENGER CAR,ACCELERATING,35,No,2011,AUDI,Q3,39.07770803,-77.07058852,2022,3,9
220012487,Property Damage Crash,03/23/2022 09:45:00 AM,NEW HAMPSHIRE AVE,NA,SAME DIR REAR END,Clear,DRY,Daylight,NO CONTROLS,NONE DETECTED,Yes,No Apparent Injury,N/A,NOT DISTRACTED,MD,PASSENGER CAR,MOVING CONSTANT SPEED,40,No,2015,CHEVY,SUBURBAN,39.06649833,-77.00092667,2022,3,9
220012487,Property Damage Crash,03/23/2022 09:45:00 AM,NEW HAMPSHIRE AVE,NA,SAME DIR REAR END,Clear,DRY,Daylight,NO CONTROLS,NONE DETECTED,No,No Apparent Injury,N/A,NOT DISTRACTED,MD,PASSENGER CAR,STOPPED IN TRAFFIC LANE,40,No,2015,NISSAN,ROGUE,39.06649833,-77.00092667,2022,3,9
220012642,Property Damage Crash,03/23/2022 09:30:00 AM,MONTEVIDEO RD,NA,SINGLE VEHICLE,Cloudy,WET,Daylight,NO CONTROLS,NONE DETECTED,Yes,No Apparent Injury,N/A,NOT DISTRACTED,MD,"CARGO VAN/LIGHT TRUCK 2 AXLES (OVER 10,000LBS (4,536 KG))",MOVING CONSTANT SPEED,30,No,2019,FORD,F550,39.09367414,-77.34714987,2022,3,9
220012484,Injury Crash,03/23/2022 08:59:00 AM,MUDDY BRANCH RD,PEDESTRIAN,OTHER,Clear,DRY,Daylight,TRAFFIC SIGNAL,NONE DETECTED,No,No Apparent Injury,N/A,NOT DISTRACTED,MD,PASSENGER CAR,MOVING CONSTANT SPEED,45,No,2014,BUICK,SW,39.12923731,-77.20806466,2022,3,8
220012461,Property Damage Crash,03/23/2022 01:26:00 AM,WOODMONT AVE,NA,SINGLE VEHICLE,Clear,DRY,Medium,FLASHING TRAFFIC SIGNAL,NONE DETECTED,Yes,No Apparent Injury,"N/A, V EXHAUST SYSTEM|R OTHER ROAD",NOT DISTRACTED,DC,PASSENGER CAR,MAKING LEFT TURN,25,No,2018,NISSAN,VERSA,38.981212,-77.09530333,2022,3,1
220012462,Property Damage Crash,03/23/2022 01:05:00 AM,LOCBURY DR,NA,SINGLE VEHICLE,Clear,DRY,Medium,NO CONTROLS,NONE DETECTED,Yes,No Apparent Injury,N/A,UNKNOWN,NA,PASSENGER CAR,MOVING CONSTANT SPEED,30,No,2008,NISSAN,SENTRA,39.1845,-77.26667833,2022,3,1
220011801,Property Damage Crash,03/23/2022 01:02:00 AM,VEIRS MILL RD,NA,SAME DIR REAR END,Clear,DRY,Medium,TRAFFIC SIGNAL,ALCOHOL PRESENT,Yes,No Apparent Injury,N/A,NOT DISTRACTED,MD,PASSENGER CAR,SLOWING OR STOPPING,25,No,2006,CHEVROLETT,EXPRESS,39.03609436,-77.05014019,2022,3,1
220011801,Property Damage Crash,03/23/2022 01:02:00 AM,VEIRS MILL RD,NA,SAME DIR REAR END,Clear,DRY,Medium,TRAFFIC SIGNAL,NONE DETECTED,No,No Apparent Injury,N/A,NOT DISTRACTED,MD,PASSENGER CAR,STOPPED IN TRAFFIC LANE,25,No,2014,FORD,MUSTANG,39.03609436,-77.05014019,2022,3,1
220012459,Property Damage Crash,03/23/2022 12:24:00 AM,FREDERICK RD,NA,SAME DIR REAR END,Cloudy,DRY,Dark,NO CONTROLS,NONE DETECTED,Yes,No Apparent Injury,N/A,UNKNOWN,NA,NA,ACCELERATING,30,No,0,UNKNOWN,UNKNOWN,39.24205083,-77.28392283,2022,3,0
220012459,Property Damage Crash,03/23/2022 12:24:00 AM,FREDERICK RD,NA,SAME DIR REAR END,Cloudy,DRY,Dark,NO CONTROLS,NONE DETECTED,No,No Apparent Injury,N/A,NOT DISTRACTED,MD,PASSENGER CAR,MOVING CONSTANT SPEED,30,No,2014,ACUR,TK,39.24205083,-77.28392283,2022,3,0
220012456,Property Damage Crash,03/22/2022 10:55:00 PM,MILL RUN DR,NA,HEAD ON,Clear,N/A,Medium,NO CONTROLS,NONE DETECTED,No,No Apparent Injury,N/A,NOT DISTRACTED,MD,PASSENGER CAR,SLOWING OR STOPPING,25,No,2008,KIA,4S,39.14526496,-77.15171303,2022,3,22
220012456,Property Damage Crash,03/22/2022 10:55:00 PM,MILL RUN DR,NA,HEAD ON,Clear,N/A,Medium,NO CONTROLS,ALCOHOL PRESENT,Yes,No Apparent Injury,N/A,UNKNOWN,MD,PASSENGER CAR,ACCELERATING,25,No,2001,HONDA,4S,39.14526496,-77.15171303,2022,3,22
220012450,Property Damage Crash,03/22/2022 10:35:00 PM,CRABBS BRANCH WAY,NA,SINGLE VEHICLE,Clear,DRY,Medium,TRAFFIC SIGNAL,ALCOHOL PRESENT,Yes,No Apparent Injury,N/A,UNKNOWN,MD,PASSENGER CAR,MAKING LEFT TURN,30,No,2001,HONDA,ACCORD,39.12480167,-77.16441,2022,3,22
220012427,Property Damage Crash,03/22/2022 06:25:00 PM,ATLANTIC AVE,NA,SAME DIR REAR END,Clear,DRY,Daylight,TRAFFIC SIGNAL,NONE DETECTED,Yes,No Apparent Injury,N/A,NOT DISTRACTED,MD,PASSENGER CAR,UNKNOWN,35,No,2008,SCION,TC,39.07504843,-77.11550653,2022,3,18
220012427,Property Damage Crash,03/22/2022 06:25:00 PM,ATLANTIC AVE,NA,SAME DIR REAR END,Clear,DRY,Daylight,TRAFFIC SIGNAL,NONE DETECTED,No,No Apparent Injury,N/A,NOT DISTRACTED,MD,(SPORT) UTILITY VEHICLE,STOPPED IN TRAFFIC LANE,35,No,2020,TOYT,RAV-4,39.07504843,-77.11550653,2022,3,18
220012415,Property Damage Crash,03/22/2022 06:10:00 PM,CONNECTICUT AVE,NA,SAME DIR REAR END,Clear,DRY,Daylight,NO CONTROLS,NONE DETECTED,Yes,No Apparent Injury,N/A,LOOKED BUT DID NOT SEE,MD,(SPORT) UTILITY VEHICLE,STOPPED IN TRAFFIC LANE,35,No,2011,KIA,TK,39.090135,-77.07128333,2022,3,18
220012415,Property Damage Crash,03/22/2022 06:10:00 PM,CONNECTICUT AVE,NA,SAME DIR REAR END,Clear,DRY,Daylight,NO CONTROLS,NONE DETECTED,No,No Apparent Injury,N/A,NOT DISTRACTED,MD,(SPORT) UTILITY VEHICLE,SLOWING OR STOPPING,35,No,2018,TOYT,TK,39.090135,-77.07128333,2022,3,18
220012417,Property Damage Crash,03/22/2022 06:02:00 PM,RIDGE RD,NA,SAME DIR REAR END,Clear,DRY,Daylight,NO CONTROLS,NONE DETECTED,No,No Apparent Injury,"BACKUP DUE TO REGULAR CONGESTION, N/A",NOT DISTRACTED,MD,PASSENGER CAR,SLOWING OR STOPPING,40,No,2020,HONDA,ACCORD,39.22817,-77.23679833,2022,3,18
220012417,Property Damage Crash,03/22/2022 06:02:00 PM,RIDGE RD,NA,SAME DIR REAR END,Clear,DRY,Daylight,NO CONTROLS,NONE DETECTED,No,No Apparent Injury,"BACKUP DUE TO REGULAR CONGESTION, N/A",NOT DISTRACTED,MD,PASSENGER CAR,STOPPED IN TRAFFIC LANE,40,No,2013,BUICK,LACROSSE,39.22817,-77.23679833,2022,3,18
220012417,Property Damage Crash,03/22/2022 06:02:00 PM,RIDGE RD,NA,SAME DIR REAR END,Clear,DRY,Daylight,NO CONTROLS,NONE DETECTED,Yes,No Apparent Injury,"BACKUP DUE TO REGULAR CONGESTION, N/A",UNKNOWN,MD,PASSENGER CAR,MOVING CONSTANT SPEED,40,No,2010,MITS,GALANT,39.22817,-77.23679833,2022,3,18
220012388,Property Damage Crash,03/22/2022 04:25:00 PM,BEL PRE RD,NA,SAME DIRECTION SIDESWIPE,Clear,DRY,Daylight,NO CONTROLS,NONE DETECTED,Yes,No Apparent Injury,N/A,NOT DISTRACTED,MD,"OTHER LIGHT TRUCKS (10,000LBS (4,536KG) OR LESS)",MOVING CONSTANT SPEED,35,No,2020,CHEV,4500HD,39.09296667,-77.07230833,2022,3,16
220012388,Property Damage Crash,03/22/2022 04:25:00 PM,BEL PRE RD,NA,SAME DIRECTION SIDESWIPE,Clear,DRY,Daylight,NO CONTROLS,NONE DETECTED,Yes,No Apparent Injury,N/A,NOT DISTRACTED,MD,VAN,MOVING CONSTANT SPEED,35,No,2008,TOYT,SIENNA,39.09296667,-77.07230833,2022,3,16
220012387,Property Damage Crash,03/22/2022 04:13:00 PM,VEIRS MILL RD,NA,SAME DIRECTION SIDESWIPE,Clear,DRY,Daylight,NO CONTROLS,NONE DETECTED,Yes,No Apparent Injury,N/A,NOT DISTRACTED,NA,PASSENGER CAR,MOVING CONSTANT SPEED,35,No,2001,HONDA,CIVIC,39.04042253,-77.05629818,2022,3,16
220012387,Property Damage Crash,03/22/2022 04:13:00 PM,VEIRS MILL RD,NA,SAME DIRECTION SIDESWIPE,Clear,DRY,Daylight,NO CONTROLS,NONE DETECTED,No,No Apparent Injury,N/A,NOT DISTRACTED,MD,SCHOOL BUS,STOPPED IN TRAFFIC LANE,35,No,2011,THOMAS,BUS,39.04042253,-77.05629818,2022,3,16
220012381,Property Damage Crash,03/22/2022 04:04:00 PM,FATHER HURLEY BLVD,NA,STRAIGHT MOVEMENT ANGLE,Clear,DRY,Daylight,TRAFFIC SIGNAL,NONE DETECTED,No,No Apparent Injury,N/A,NOT DISTRACTED,MD,PASSENGER CAR,ACCELERATING,45,No,2014,TOYOTA,AVALON,39.19669,-77.26545,2022,3,16
220012381,Property Damage Crash,03/22/2022 04:04:00 PM,FATHER HURLEY BLVD,NA,STRAIGHT MOVEMENT ANGLE,Clear,DRY,Daylight,TRAFFIC SIGNAL,NONE DETECTED,Yes,No Apparent Injury,N/A,NOT DISTRACTED,MD,PASSENGER CAR,ACCELERATING,45,No,1994,PLYMOUTH,ACCLAIM,39.19669,-77.26545,2022,3,16
220012378,Property Damage Crash,03/22/2022 03:20:00 PM,SEVEN LOCKS RD,NA,SINGLE VEHICLE,Clear,DRY,Daylight,TRAFFIC SIGNAL,NONE DETECTED,Yes,No Apparent Injury,N/A,OTHER DISTRACTION,MD,POLICE VEHICLE/NON EMERGENCY,MOVING CONSTANT SPEED,35,No,2019,DODGE,CHARGER,39.05960833,-77.16131342,2022,3,15
220012429,Property Damage Crash,03/22/2022 03:15:00 PM,NA,NA,OTHER,Clear,NA,Daylight,N/A,NONE DETECTED,Yes,No Apparent Injury,N/A,NOT DISTRACTED,MD,PASSENGER CAR,PARKING,5,No,2007,FORD,EXPLORER,39.15304941,-77.06386808,2022,3,15
220012371,Injury Crash,03/22/2022 03:01:00 PM,MACARTHUR BLVD,NA,OTHER,Clear,DRY,Daylight,NO CONTROLS,NONE DETECTED,Yes,Possible Minor Injury,N/A,UNKNOWN,MD,PASSENGER CAR,MOVING CONSTANT SPEED,40,No,2020,TESLA,MODEL Y,38.96290483,-77.134875,2022,3,15
220012371,Injury Crash,03/22/2022 03:01:00 PM,MACARTHUR BLVD,NA,OTHER,Clear,DRY,Daylight,NO CONTROLS,NONE DETECTED,No,Possible Minor Injury,N/A,NOT DISTRACTED,VA,(SPORT) UTILITY VEHICLE,MOVING CONSTANT SPEED,40,No,2014,LEXUS,GX460,38.96290483,-77.134875,2022,3,15
220012369,Property Damage Crash,03/22/2022 02:55:00 PM,WOOTTON PKWY,NA,HEAD ON LEFT TURN,Clear,DRY,Daylight,TRAFFIC SIGNAL,NONE DETECTED,Unknown,No Apparent Injury,N/A,NOT DISTRACTED,MD,PASSENGER CAR,MOVING CONSTANT SPEED,35,No,2018,ACUR,SD,39.06686893,-77.16163977,2022,3,14
220012369,Property Damage Crash,03/22/2022 02:55:00 PM,WOOTTON PKWY,NA,HEAD ON LEFT TURN,Clear,DRY,Daylight,TRAFFIC SIGNAL,NONE DETECTED,Unknown,No Apparent Injury,N/A,NOT DISTRACTED,MD,PASSENGER CAR,MAKING LEFT TURN,35,No,2008,LEXS,TK,39.06686893,-77.16163977,2022,3,14
220012352,Property Damage Crash,03/22/2022 02:00:00 PM,SHOREFIELD RD,NA,SAME DIRECTION SIDESWIPE,Clear,DRY,Daylight,NO CONTROLS,NONE DETECTED,Yes,No Apparent Injury,N/A,UNKNOWN,MD,PASSENGER CAR,MOVING CONSTANT SPEED,25,No,2010,BMW,328I,39.05315,-77.04548333,2022,3,14
220012346,Property Damage Crash,03/22/2022 01:09:00 PM,MIDDLEBROOK RD,NA,STRAIGHT MOVEMENT ANGLE,Clear,DRY,Daylight,TRAFFIC SIGNAL,NONE DETECTED,Yes,No Apparent Injury,N/A,NOT DISTRACTED,MD,PASSENGER CAR,MOVING CONSTANT SPEED,35,No,2015,NISSAN,ALTIMA,39.17706167,-77.264375,2022,3,13
220012346,Property Damage Crash,03/22/2022 01:09:00 PM,MIDDLEBROOK RD,NA,STRAIGHT MOVEMENT ANGLE,Clear,DRY,Daylight,TRAFFIC SIGNAL,NONE DETECTED,No,No Apparent Injury,N/A,NOT DISTRACTED,MD,PASSENGER CAR,ACCELERATING,35,No,2018,NISSAN,ALTIMA,39.17706167,-77.264375,2022,3,13
220012346,Property Damage Crash,03/22/2022 01:09:00 PM,MIDDLEBROOK RD,NA,STRAIGHT MOVEMENT ANGLE,Clear,DRY,Daylight,TRAFFIC SIGNAL,NONE DETECTED,No,No Apparent Injury,N/A,NOT DISTRACTED,MD,PASSENGER CAR,STOPPED IN TRAFFIC LANE,35,No,2013,HONDA,FIT,39.17706167,-77.264375,2022,3,13
220012237,Injury Crash,03/22/2022 12:36:00 PM,ROCKVILLE PIKE,NA,OTHER,Clear,DRY,Daylight,TRAFFIC SIGNAL,NONE DETECTED,Unknown,Possible Minor Injury,N/A,UNKNOWN,MD,PASSENGER CAR,MAKING RIGHT TURN,40,No,2012,HONDA,CIVIC,39.1065955,-77.1878331,2022,3,12
220012237,Injury Crash,03/22/2022 12:36:00 PM,ROCKVILLE PIKE,NA,OTHER,Clear,DRY,Daylight,TRAFFIC SIGNAL,NONE DETECTED,Unknown,No Apparent Injury,N/A,UNKNOWN,MD,(SPORT) UTILITY VEHICLE,MAKING LEFT TURN,40,No,2002,FORD,TK,39.1065955,-77.1878331,2022,3,12
220012326,Injury Crash,03/22/2022 11:29:00 AM,GREAT SENECA HWY,NA,ANGLE MEETS LEFT HEAD ON,Cloudy,DRY,Daylight,TRAFFIC SIGNAL,NONE DETECTED,Unknown,No Apparent Injury,N/A,NOT DISTRACTED,MD,PASSENGER CAR,ACCELERATING,25,No,2006,HONDA,CIVIC,39.17098667,-77.2628,2022,3,11
220012326,Injury Crash,03/22/2022 11:29:00 AM,GREAT SENECA HWY,NA,ANGLE MEETS LEFT HEAD ON,Cloudy,DRY,Daylight,TRAFFIC SIGNAL,NONE DETECTED,Unknown,No Apparent Injury,N/A,NOT DISTRACTED,MD,PASSENGER CAR,MOVING CONSTANT SPEED,35,No,2006,ACURA,HB,39.17098667,-77.2628,2022,3,11
220012333,Property Damage Crash,03/22/2022 11:09:00 AM,BOILING BROOK PKWY,NA,STRAIGHT MOVEMENT ANGLE,Clear,DRY,Daylight,NO CONTROLS,NONE DETECTED,Yes,No Apparent Injury,N/A,LOOKED BUT DID NOT SEE,MD,PASSENGER CAR,STARTING FROM PARKED,25,No,2013,TOYOTA,COROLLA,39.04745362,-77.09850502,2022,3,11
220012333,Property Damage Crash,03/22/2022 11:09:00 AM,BOILING BROOK PKWY,NA,STRAIGHT MOVEMENT ANGLE,Clear,DRY,Daylight,NO CONTROLS,NONE DETECTED,No,No Apparent Injury,N/A,NOT DISTRACTED,MD,PASSENGER CAR,MOVING CONSTANT SPEED,25,No,2013,LEXUS,CN,39.04745362,-77.09850502,2022,3,11
220012330,Property Damage Crash,03/22/2022 10:45:00 AM,NA,NA,SINGLE VEHICLE,Clear,NA,Daylight,NO CONTROLS,NONE DETECTED,Yes,No Apparent Injury,N/A,LOOKED BUT DID NOT SEE,MD,POLICE VEHICLE/NON EMERGENCY,BACKING,5,No,2017,FORD,TK,39.06904515,-77.1608271,2022,3,10
220012314,Property Damage Crash,03/22/2022 10:31:00 AM,TENBROOK DR,NA,OTHER,Cloudy,DRY,Daylight,N/A,NONE DETECTED,Yes,No Apparent Injury,N/A,UNKNOWN,MD,TRANSIT BUS,MOVING CONSTANT SPEED,25,No,2014,GILLIG,G27E102N2,39.01958,-77.0317,2022,3,10
220012304,Injury Crash,03/22/2022 10:15:00 AM,WISCONSIN AVE,NA,SAME DIR REAR END,Clear,DRY,Daylight,TRAFFIC SIGNAL,NONE DETECTED,Yes,No Apparent Injury,N/A,UNKNOWN,NA,VAN,STARTING FROM LANE,25,No,2017,CHRYSLER,PACIFICA,38.98009969,-77.09225335,2022,3,10
220012304,Injury Crash,03/22/2022 10:15:00 AM,WISCONSIN AVE,NA,SAME DIR REAR END,Clear,DRY,Daylight,TRAFFIC SIGNAL,NONE DETECTED,No,Possible Minor Injury,N/A,NOT DISTRACTED,MD,PASSENGER CAR,STARTING FROM LANE,25,No,2015,FORD,FOCUS,38.98009969,-77.09225335,2022,3,10
220012302,Injury Crash,03/22/2022 09:20:00 AM,FALLS RD,"OTHER, PEDESTRIAN",SAME DIR REAR END,Clear,DRY,Daylight,NO CONTROLS,NONE DETECTED,No,No Apparent Injury,N/A,NOT DISTRACTED,MD,"MEDIUM/HEAVY TRUCKS 3 AXLES (OVER 10,000LBS (4,536KG))",STOPPED IN TRAFFIC LANE,35,No,2022,MACK,ST,39.010215,-77.219505,2022,3,9
220012302,Injury Crash,03/22/2022 09:20:00 AM,FALLS RD,"OTHER, PEDESTRIAN",SAME DIR REAR END,Clear,DRY,Daylight,NO CONTROLS,NONE DETECTED,Yes,No Apparent Injury,N/A,OTHER DISTRACTION,MD,(SPORT) UTILITY VEHICLE,MOVING CONSTANT SPEED,35,No,2020,TESLA,Y,39.010215,-77.219505,2022,3,9
220012289,Property Damage Crash,03/22/2022 07:51:00 AM,NORWOOD RD,NA,SAME DIR REAR END,Clear,DRY,Daylight,NO CONTROLS,NONE DETECTED,No,No Apparent Injury,N/A,NOT DISTRACTED,MD,PASSENGER CAR,SLOWING OR STOPPING,40,No,2014,FORD,4S,39.12272133,-77.026165,2022,3,7
220012289,Property Damage Crash,03/22/2022 07:51:00 AM,NORWOOD RD,NA,SAME DIR REAR END,Clear,DRY,Daylight,NO CONTROLS,NONE DETECTED,Yes,No Apparent Injury,N/A,NOT DISTRACTED,MD,PASSENGER CAR,MOVING CONSTANT SPEED,40,No,2012,HYUNDAI,SONATA,39.12272133,-77.026165,2022,3,7
220012288,Property Damage Crash,03/22/2022 07:45:00 AM,CRABBS BRANCH WAY,NA,OTHER,Clear,DRY,Daylight,N/A,NONE DETECTED,Unknown,No Apparent Injury,N/A,NOT DISTRACTED,MD,(SPORT) UTILITY VEHICLE,MOVING CONSTANT SPEED,35,No,2012,FORD,EDGE,39.10720167,-77.15236833,2022,3,7
220012288,Property Damage Crash,03/22/2022 07:45:00 AM,CRABBS BRANCH WAY,NA,OTHER,Clear,DRY,Daylight,N/A,NONE DETECTED,Unknown,No Apparent Injury,N/A,NOT DISTRACTED,MD,"CARGO VAN/LIGHT TRUCK 2 AXLES (OVER 10,000LBS (4,536 KG))",MOVING CONSTANT SPEED,35,No,2014,FORD,F550,39.10720167,-77.15236833,2022,3,7
220012287,Property Damage Crash,03/22/2022 07:15:00 AM,MONTGOMERY AVE,NA,SAME DIR REND LEFT TURN,Clear,DRY,Daylight,TRAFFIC SIGNAL,NONE DETECTED,Yes,No Apparent Injury,N/A,LOOKED BUT DID NOT SEE,MD,SCHOOL BUS,MAKING LEFT TURN,35,No,2016,THOMAS,BUS,38.985818,-77.086877,2022,3,7
220012287,Property Damage Crash,03/22/2022 07:15:00 AM,MONTGOMERY AVE,NA,SAME DIR REND LEFT TURN,Clear,DRY,Daylight,TRAFFIC SIGNAL,NONE DETECTED,No,No Apparent Injury,N/A,NOT DISTRACTED,MD,PASSENGER CAR,SLOWING OR STOPPING,35,No,2011,TOY0TA,CAMARY,38.985818,-77.086877,2022,3,7
220012271,Injury Crash,03/21/2022 11:15:00 PM,MIDDLEBROOK RD,NA,SINGLE VEHICLE,Clear,DRY,Medium,TRAFFIC SIGNAL,NONE DETECTED,Yes,Possible Minor Injury,N/A,UNKNOWN,MD,PASSENGER CAR,MOVING CONSTANT SPEED,35,No,2018,HONDA,CRV,39.1799,-77.268,2022,3,23
220012264,Injury Crash,03/21/2022 10:35:00 PM,NEW HAMPSHIRE AVE,NA,SAME DIR REAR END,Clear,DRY,Medium,TRAFFIC SIGNAL,NONE DETECTED,Yes,No Apparent Injury,N/A,NOT DISTRACTED,MD,PASSENGER CAR,MOVING CONSTANT SPEED,40,No,2016,HONDA,CIVIC,39.01540596,-76.97793655,2022,3,22
220012264,Injury Crash,03/21/2022 10:35:00 PM,NEW HAMPSHIRE AVE,NA,SAME DIR REAR END,Clear,DRY,Medium,TRAFFIC SIGNAL,NONE DETECTED,No,No Apparent Injury,N/A,NOT DISTRACTED,MD,PASSENGER CAR,SLOWING OR STOPPING,40,No,2008,HONDA,ACCORD,39.01540596,-76.97793655,2022,3,22
220012449,Property Damage Crash,03/21/2022 09:49:00 PM,RIDGE RD,NA,SAME DIR REAR END,Clear,DRY,Medium,N/A,NONE DETECTED,No,No Apparent Injury,N/A,NOT DISTRACTED,MD,PASSENGER CAR,STOPPED IN TRAFFIC LANE,40,No,2013,NISSAN,ALTIMA,39.22659167,-77.236645,2022,3,21
220012253,Property Damage Crash,03/21/2022 09:29:00 PM,WESTCHESTER DR,NA,SAME DIR REAR END,Clear,DRY,Medium,NO CONTROLS,NONE DETECTED,Yes,No Apparent Injury,N/A,LOOKED BUT DID NOT SEE,MD,PASSENGER CAR,MOVING CONSTANT SPEED,15,No,2017,TOYOTA,SIENNA,39.03827133,-77.03880267,2022,3,21
220012255,Injury Crash,03/21/2022 08:57:00 PM,OLD GEORGETOWN RD,NA,HEAD ON LEFT TURN,Clear,DRY,Medium,TRAFFIC SIGNAL,NONE DETECTED,No,Possible Minor Injury,N/A,NOT DISTRACTED,MD,PASSENGER CAR,ACCELERATING,35,No,2013,PORSCHE,CN,39.01504183,-77.11866833,2022,3,20
220012255,Injury Crash,03/21/2022 08:57:00 PM,OLD GEORGETOWN RD,NA,HEAD ON LEFT TURN,Clear,DRY,Medium,TRAFFIC SIGNAL,NONE DETECTED,Yes,Possible Minor Injury,N/A,UNKNOWN,MD,PASSENGER CAR,ACCELERATING,35,No,2013,MERCEDES,C,39.01504183,-77.11866833,2022,3,20
220012245,Injury Crash,03/21/2022 07:30:00 PM,SHADY GROVE RD,NA,SAME DIRECTION SIDESWIPE,Clear,DRY,Dark,NO CONTROLS,NONE DETECTED,Yes,Possible Minor Injury,N/A,UNKNOWN,MD,PASSENGER CAR,CHANGING LANES,45,No,2017,TOYOTA,COROLLA,39.12896,-77.16734333,2022,3,19
220012245,Injury Crash,03/21/2022 07:30:00 PM,SHADY GROVE RD,NA,SAME DIRECTION SIDESWIPE,Clear,DRY,Dark,NO CONTROLS,NONE DETECTED,No,No Apparent Injury,N/A,UNKNOWN,MD,PASSENGER CAR,MOVING CONSTANT SPEED,45,No,1999,TOYOTA,CAMRY,39.12896,-77.16734333,2022,3,19
220012238,Property Damage Crash,03/21/2022 07:27:00 PM,GEORGIA AVE,NA,SAME DIR REAR END,Clear,DRY,Medium,YIELD SIGN,NONE DETECTED,No,No Apparent Injury,N/A,NOT DISTRACTED,MD,PASSENGER CAR,STOPPED IN TRAFFIC LANE,45,No,2018,FORD,ESCAPE,39.11412833,-77.07511667,2022,3,19
220012238,Property Damage Crash,03/21/2022 07:27:00 PM,GEORGIA AVE,NA,SAME DIR REAR END,Clear,DRY,Medium,YIELD SIGN,NONE DETECTED,Yes,No Apparent Injury,N/A,LOOKED BUT DID NOT SEE,NJ,PASSENGER CAR,SLOWING OR STOPPING,45,No,2018,HONDA,CIVIC,39.11412833,-77.07511667,2022,3,19
220012218,Property Damage Crash,03/21/2022 06:08:00 PM,GEORGIA AVE,NA,N/A,Clear,DRY,Daylight,TRAFFIC SIGNAL,NONE DETECTED,Yes,No Apparent Injury,N/A,LOOKED BUT DID NOT SEE,MD,POLICE VEHICLE/NON EMERGENCY,BACKING,35,No,2014,DODGE,CHARGER,38.99159685,-77.02671052,2022,3,18
220012218,Property Damage Crash,03/21/2022 06:08:00 PM,GEORGIA AVE,NA,N/A,Clear,DRY,Daylight,TRAFFIC SIGNAL,NONE DETECTED,No,No Apparent Injury,N/A,NOT DISTRACTED,VA,PASSENGER CAR,MAKING LEFT TURN,35,No,2018,TOYOTA,CAMRY,38.99159685,-77.02671052,2022,3,18
220012213,Injury Crash,03/21/2022 05:48:00 PM,OLD GEORGETOWN RD,PEDESTRIAN,OTHER,Clear,N/A,Daylight,N/A,NONE DETECTED,Yes,No Apparent Injury,N/A,OTHER DISTRACTION,MD,PASSENGER CAR,MOVING CONSTANT SPEED,35,No,2015,MERZ,TK,39.03145229,-77.1259336,2022,3,17
220012193,Property Damage Crash,03/21/2022 04:41:00 PM,GEORGIA AVE,NA,OTHER,Clear,DRY,Daylight,NO CONTROLS,NONE DETECTED,No,No Apparent Injury,N/A,NOT DISTRACTED,MD,PASSENGER CAR,MOVING CONSTANT SPEED,35,No,2017,ACURA,ALX,39.00283733,-77.024208,2022,3,16
220012193,Property Damage Crash,03/21/2022 04:41:00 PM,GEORGIA AVE,NA,OTHER,Clear,DRY,Daylight,NO CONTROLS,NONE DETECTED,No,No Apparent Injury,N/A,NOT DISTRACTED,MD,(SPORT) UTILITY VEHICLE,MOVING CONSTANT SPEED,35,No,2018,NISS,TK,39.00283733,-77.024208,2022,3,16