Local Case Number,ACRS Report Type,Crash Date/Time,Road Name,Related Non-Motorist,Collision Type,Weather,Surface Condition,Light,Traffic Control,Driver Substance Abuse,Driver At Fault,Injury Severity,Circumstance,Driver Distracted By,Drivers License State,Vehicle Body Type,Vehicle Movement,Speed Limit,Driverless Vehicle,Vehicle Year,Vehicle Make,Vehicle Model,Latitude,Longitude,Year,Month,Hour
220012193,Property Damage Crash,03/21/2022 04:41:00 PM,GEORGIA AVE,NA,OTHER,Clear,DRY,Daylight,NO CONTROLS,NONE DETECTED,Yes,No Apparent Injury,N/A,LOOKED BUT DID NOT SEE,MD,PASSENGER CAR,MAKING LEFT TURN,35,No,2014,HYUNDAI,SONATA,39.00283733,-77.024208,2022,3,16
220012192,Property Damage Crash,03/21/2022 04:03:00 PM,NEW HAMPSHIRE AVE,NA,SAME DIR REAR END,Clear,DRY,Daylight,NO CONTROLS,NONE DETECTED,Yes,No Apparent Injury,N/A,UNKNOWN,NA,PASSENGER CAR,UNKNOWN,40,No,2022,RANGE ROVER,LAND ROVER,39.00974933,-76.97952918,2022,3,16
220012192,Property Damage Crash,03/21/2022 04:03:00 PM,NEW HAMPSHIRE AVE,NA,SAME DIR REAR END,Clear,DRY,Daylight,NO CONTROLS,NONE DETECTED,No,No Apparent Injury,N/A,NOT DISTRACTED,MD,PASSENGER CAR,STOPPED IN TRAFFIC LANE,40,No,2021,TOYOTA,SIENNA,39.00974933,-76.97952918,2022,3,16
220012168,Injury Crash,03/21/2022 02:05:00 PM,NEW HAMPSHIRE AVE,NA,SAME DIR REAR END,Cloudy,DRY,Daylight,TRAFFIC SIGNAL,NONE DETECTED,No,Possible Minor Injury,N/A,NOT DISTRACTED,MD,PASSENGER CAR,STOPPED IN TRAFFIC LANE,40,No,2007,BMW,530I,39.00760333,-76.98016333,2022,3,14
220012168,Injury Crash,03/21/2022 02:05:00 PM,NEW HAMPSHIRE AVE,NA,SAME DIR REAR END,Cloudy,DRY,Daylight,TRAFFIC SIGNAL,NONE DETECTED,Yes,Possible Minor Injury,N/A,OTHER DISTRACTION,MD,(SPORT) UTILITY VEHICLE,MOVING CONSTANT SPEED,40,No,2019,CHEVROLET,EQUINOX,39.00760333,-76.98016333,2022,3,14
220012168,Injury Crash,03/21/2022 02:05:00 PM,NEW HAMPSHIRE AVE,NA,SAME DIR REAR END,Cloudy,DRY,Daylight,TRAFFIC SIGNAL,NONE DETECTED,No,No Apparent Injury,N/A,NOT DISTRACTED,MD,(SPORT) UTILITY VEHICLE,STOPPED IN TRAFFIC LANE,40,No,2015,HONDA,CRV,39.00760333,-76.98016333,2022,3,14
220012168,Injury Crash,03/21/2022 02:05:00 PM,NEW HAMPSHIRE AVE,NA,SAME DIR REAR END,Cloudy,DRY,Daylight,TRAFFIC SIGNAL,NONE DETECTED,No,No Apparent Injury,N/A,NOT DISTRACTED,MD,PASSENGER CAR,STOPPED IN TRAFFIC LANE,40,No,2013,HYUNDAI,SONATA,39.00760333,-76.98016333,2022,3,14
220012148,Injury Crash,03/21/2022 12:42:00 PM,VEIRS MILL RD,NA,SAME DIR REAR END,Clear,DRY,Daylight,YIELD SIGN,NONE DETECTED,No,Possible Minor Injury,N/A,NOT DISTRACTED,MD,PASSENGER CAR,ENTERING TRAFFIC LANE,25,No,2010,CHEV,SD,39.08172417,-77.14573717,2022,3,12
220012148,Injury Crash,03/21/2022 12:42:00 PM,VEIRS MILL RD,NA,SAME DIR REAR END,Clear,DRY,Daylight,YIELD SIGN,NONE DETECTED,Yes,No Apparent Injury,N/A,LOOKED BUT DID NOT SEE,MD,PASSENGER CAR,ENTERING TRAFFIC LANE,25,No,2013,MERCEDEZ,GL450,39.08172417,-77.14573717,2022,3,12
220012128,Injury Crash,03/21/2022 11:24:00 AM,CONNECTICUT AVE,PEDESTRIAN,OTHER,Clear,DRY,Daylight,TRAFFIC SIGNAL,NONE DETECTED,Yes,No Apparent Injury,N/A,LOOKED BUT DID NOT SEE,MD,PASSENGER CAR,MAKING LEFT TURN,30,No,2006,LEXUS,IS250,39.03296333,-77.07479333,2022,3,11
220012123,Injury Crash,03/21/2022 11:05:00 AM,QUINTANA DR,OTHER,OTHER,Clear,DRY,Daylight,NO CONTROLS,NONE DETECTED,Yes,No Apparent Injury,N/A,NOT DISTRACTED,MD,(SPORT) UTILITY VEHICLE,PASSING,25,No,2013,VOLVO,SW,39.00416,-77.15812833,2022,3,11
220012119,Injury Crash,03/21/2022 11:02:00 AM,UNIVERSITY BLVD W,PEDESTRIAN,STRAIGHT MOVEMENT ANGLE,Clear,DRY,Daylight,TRAFFIC SIGNAL,NONE DETECTED,Yes,No Apparent Injury,N/A,INATTENTIVE OR LOST IN THOUGHT,MD,PASSENGER CAR,STARTING FROM LANE,35,No,2006,LEXS,SD,39.04006667,-77.05507667,2022,3,11
220012113,Injury Crash,03/21/2022 10:15:00 AM,NA,BICYCLIST,STRAIGHT MOVEMENT ANGLE,Clear,NA,Daylight,STOP SIGN,NONE DETECTED,Yes,No Apparent Injury,N/A,LOOKED BUT DID NOT SEE,MD,(SPORT) UTILITY VEHICLE,ACCELERATING,15,No,2014,JEEP,TK,39.117408759999996,-77.20402021,2022,3,10
220012094,Property Damage Crash,03/21/2022 08:25:00 AM,SPENCERVILLE RD,NA,OTHER,Clear,DRY,Daylight,STOP SIGN,NONE DETECTED,No,No Apparent Injury,N/A,NOT DISTRACTED,MD,PASSENGER CAR,STOPPED IN TRAFFIC LANE,25,No,2016,THOMAS,BUS,39.11647333,-76.9669125,2022,3,8
220012094,Property Damage Crash,03/21/2022 08:25:00 AM,SPENCERVILLE RD,NA,OTHER,Clear,DRY,Daylight,STOP SIGN,NONE DETECTED,Yes,No Apparent Injury,N/A,NOT DISTRACTED,MD,PASSENGER CAR,ACCELERATING,25,No,2010,VOLKSWAGON,ROUTAN SE,39.11647333,-76.9669125,2022,3,8
220012083,Injury Crash,03/21/2022 06:37:00 AM,NEW HAMPSHIRE AVE,NA,ANGLE MEETS LEFT TURN,Clear,DRY,Medium,NO CONTROLS,NONE DETECTED,No,Possible Minor Injury,N/A,NOT DISTRACTED,MD,PASSENGER CAR,MOVING CONSTANT SPEED,40,No,2021,DODGE,RAM,39.06882,-77.002885,2022,3,6
220012083,Injury Crash,03/21/2022 06:37:00 AM,NEW HAMPSHIRE AVE,NA,ANGLE MEETS LEFT TURN,Clear,DRY,Medium,NO CONTROLS,NONE DETECTED,Yes,Possible Minor Injury,N/A,LOOKED BUT DID NOT SEE,MD,PASSENGER CAR,MAKING LEFT TURN,40,No,2012,FORD,FUSION,39.06882,-77.002885,2022,3,6
220012078,Injury Crash,03/21/2022 02:50:00 AM,COLUMBIA PIKE,NA,SAME DIR REAR END,Clear,DRY,Medium,NO CONTROLS,ALCOHOL PRESENT,Yes,Possible Minor Injury,N/A,UNKNOWN,MD,PASSENGER CAR,UNKNOWN,55,No,2013,LEXUS,ES350,39.10987183,-76.930041,2022,3,2
220012077,Property Damage Crash,03/21/2022 01:34:00 AM,RIDGE RD,NA,SINGLE VEHICLE,Clear,DRY,Dark,NO CONTROLS,NONE DETECTED,Yes,No Apparent Injury,N/A,UNKNOWN,MD,PASSENGER CAR,MOVING CONSTANT SPEED,40,No,2012,CHEVROLET,VOLT,39.224357500000004,-77.2368825,2022,3,1
220012072,Property Damage Crash,03/21/2022 12:21:00 AM,MAPLE AVE,NA,SINGLE VEHICLE,Clear,DRY,Medium,NO CONTROLS,NONE DETECTED,Yes,No Apparent Injury,N/A,UNKNOWN,NA,PASSENGER CAR,UNKNOWN,25,Unknown,2020,TOYOTA,CAMRY,38.99211833,-77.09171833,2022,3,0
220012069,Property Damage Crash,03/21/2022 12:10:00 AM,VEIRS MILL RD,NA,SAME DIR REAR END,Clear,DRY,Medium,TRAFFIC SIGNAL,NONE DETECTED,No,No Apparent Injury,N/A,NOT DISTRACTED,MD,PASSENGER CAR,STOPPED IN TRAFFIC LANE,35,No,2019,TOYOTA,TK,39.04523833,-77.06537167,2022,3,0
220012069,Property Damage Crash,03/21/2022 12:10:00 AM,VEIRS MILL RD,NA,SAME DIR REAR END,Clear,DRY,Medium,TRAFFIC SIGNAL,NONE DETECTED,Yes,No Apparent Injury,N/A,LOOKED BUT DID NOT SEE,DC,PASSENGER CAR,SLOWING OR STOPPING,35,No,2009,TOYOTA,4S,39.04523833,-77.06537167,2022,3,0
220012061,Property Damage Crash,03/20/2022 10:50:00 PM,MIDDLEBROOK RD,NA,SINGLE VEHICLE,Clear,DRY,Medium,TRAFFIC SIGNAL,ALCOHOL PRESENT,Yes,No Apparent Injury,N/A,NOT DISTRACTED,MD,PICKUP TRUCK,MOVING CONSTANT SPEED,35,No,2011,CHEV,COLORADO,39.17503667,-77.26085167,2022,3,22
220012058,Property Damage Crash,03/20/2022 10:10:00 PM,GLENOLDEN DR,NA,SAME DIR REAR END,Clear,DRY,Dark,NO CONTROLS,NONE DETECTED,Yes,No Apparent Injury,N/A,NOT DISTRACTED,MD,VAN,MOVING CONSTANT SPEED,25,No,2019,FORD,TRANSIT,39.02000833,-77.202695,2022,3,22
220012052,Property Damage Crash,03/20/2022 09:13:00 PM,COLESVILLE RD,NA,SAME DIR REAR END,Clear,DRY,Medium,TRAFFIC SIGNAL,ALCOHOL PRESENT,Yes,No Apparent Injury,N/A,UNKNOWN,MD,(SPORT) UTILITY VEHICLE,SLOWING OR STOPPING,30,No,2014,JEEP,TK,38.99895217,-77.02612924,2022,3,21
220012052,Property Damage Crash,03/20/2022 09:13:00 PM,COLESVILLE RD,NA,SAME DIR REAR END,Clear,DRY,Medium,TRAFFIC SIGNAL,NONE DETECTED,No,No Apparent Injury,N/A,NOT DISTRACTED,MD,PASSENGER CAR,STOPPED IN TRAFFIC LANE,30,No,2018,BMW,530,38.99895217,-77.02612924,2022,3,21
220012050,Property Damage Crash,03/20/2022 09:05:00 PM,COLESVILLE RD,NA,SAME DIR REAR END,Clear,DRY,Medium,TRAFFIC SIGNAL,NONE DETECTED,No,No Apparent Injury,N/A,NOT DISTRACTED,DC,PASSENGER CAR,STOPPED IN TRAFFIC LANE,40,No,1999,TOYOTA,COROLLA,39.00755833,-77.01988667,2022,3,21
220012050,Property Damage Crash,03/20/2022 09:05:00 PM,COLESVILLE RD,NA,SAME DIR REAR END,Clear,DRY,Medium,TRAFFIC SIGNAL,ALCOHOL PRESENT,Yes,No Apparent Injury,N/A,UNKNOWN,MD,(SPORT) UTILITY VEHICLE,MOVING CONSTANT SPEED,40,No,2018,JEEP,CHEROKEE,39.00755833,-77.01988667,2022,3,21
220012068,Injury Crash,03/20/2022 08:53:00 PM,NORTHAMPTON DR,NA,HEAD ON LEFT TURN,Clear,DRY,Medium,TRAFFIC SIGNAL,ALCOHOL PRESENT,Yes,Possible Minor Injury,N/A,INATTENTIVE OR LOST IN THOUGHT,MD,PASSENGER CAR,MAKING U TURN,40,No,2004,TOYOTA,COROLLA,39.0315785,-77.00494417,2022,3,20
220012068,Injury Crash,03/20/2022 08:53:00 PM,NORTHAMPTON DR,NA,HEAD ON LEFT TURN,Clear,DRY,Medium,TRAFFIC SIGNAL,NONE DETECTED,No,Possible Minor Injury,N/A,NOT DISTRACTED,MD,PASSENGER CAR,MOVING CONSTANT SPEED,40,No,2008,GMC,YUKON,39.0315785,-77.00494417,2022,3,20
220012012,Property Damage Crash,03/20/2022 04:05:00 PM,VEIRS MILL RD,NA,SAME DIR REAR END,Clear,DRY,Daylight,TRAFFIC SIGNAL,NONE DETECTED,No,No Apparent Injury,N/A,NOT DISTRACTED,MD,PASSENGER CAR,STOPPED IN TRAFFIC LANE,35,No,2014,JEEP,PATRIOT,39.06325767,-77.09464,2022,3,16
220012012,Property Damage Crash,03/20/2022 04:05:00 PM,VEIRS MILL RD,NA,SAME DIR REAR END,Clear,DRY,Daylight,TRAFFIC SIGNAL,NONE DETECTED,Yes,No Apparent Injury,N/A,NOT DISTRACTED,MD,PASSENGER CAR,MOVING CONSTANT SPEED,35,No,2018,HUYNDAI,TUSCON,39.06325767,-77.09464,2022,3,16
220012010,Property Damage Crash,03/20/2022 03:44:00 PM,UNIVERSITY BLVD W,NA,SAME DIRECTION SIDESWIPE,Clear,DRY,Daylight,TRAFFIC SIGNAL,NONE DETECTED,Yes,No Apparent Injury,N/A,LOOKED BUT DID NOT SEE,MD,PASSENGER CAR,CHANGING LANES,35,No,2022,HYUNDAI,KONA,39.039875,-77.05552667,2022,3,15
220012010,Property Damage Crash,03/20/2022 03:44:00 PM,UNIVERSITY BLVD W,NA,SAME DIRECTION SIDESWIPE,Clear,DRY,Daylight,TRAFFIC SIGNAL,NONE DETECTED,No,No Apparent Injury,N/A,NOT DISTRACTED,MD,PASSENGER CAR,ACCELERATING,35,No,2018,TOYOTA,COROLLA,39.039875,-77.05552667,2022,3,15
220012013,Property Damage Crash,03/20/2022 03:20:00 PM,LORAIN AVE,NA,HEAD ON,Cloudy,DRY,Daylight,NO CONTROLS,NONE DETECTED,Yes,No Apparent Injury,N/A,UNKNOWN,NA,PASSENGER CAR,MOVING CONSTANT SPEED,25,No,2013,ACURA,RDX,39.023355,-77.013815,2022,3,15
220012013,Property Damage Crash,03/20/2022 03:20:00 PM,LORAIN AVE,NA,HEAD ON,Cloudy,DRY,Daylight,NO CONTROLS,NONE DETECTED,No,No Apparent Injury,N/A,NOT DISTRACTED,MD,PASSENGER CAR,MOVING CONSTANT SPEED,25,No,2021,MAZDA,CX 30,39.023355,-77.013815,2022,3,15
220012011,Property Damage Crash,03/20/2022 03:00:00 PM,DIAMONDBACK DR,NA,SAME DIRECTION SIDESWIPE,Clear,DRY,Daylight,NO CONTROLS,NONE DETECTED,Yes,No Apparent Injury,N/A,UNKNOWN,MD,PASSENGER CAR,MOVING CONSTANT SPEED,25,No,2017,AUDI,Q5,39.11325163,-77.20904088,2022,3,15
220012001,Injury Crash,03/20/2022 02:29:00 PM,ARCHDALE RD,NA,SAME DIR REAR END,Clear,DRY,Daylight,N/A,NONE DETECTED,Yes,Possible Minor Injury,N/A,UNKNOWN,MD,PASSENGER CAR,MOVING CONSTANT SPEED,25,No,2013,SUBA,SW,39.1745525,-77.2415975,2022,3,14
220011985,Injury Crash,03/20/2022 12:41:00 PM,CASTLE BLVD,BICYCLIST,OTHER,Clear,DRY,Daylight,NO CONTROLS,NONE DETECTED,No,No Apparent Injury,N/A,NOT DISTRACTED,MD,PASSENGER CAR,MAKING LEFT TURN,35,No,2020,HONDA,CR-V,39.08122333,-76.94549833,2022,3,12
220011966,Injury Crash,03/20/2022 09:14:00 AM,NEW HAMPSHIRE AVE,NA,SAME DIR REAR END,Clear,DRY,Daylight,N/A,NONE DETECTED,Yes,No Apparent Injury,N/A,NOT DISTRACTED,MD,PICKUP TRUCK,MOVING CONSTANT SPEED,40,No,2003,TOYOTA,TACOMA,39.00757667,-76.980045,2022,3,9
220011966,Injury Crash,03/20/2022 09:14:00 AM,NEW HAMPSHIRE AVE,NA,SAME DIR REAR END,Clear,DRY,Daylight,N/A,NONE DETECTED,No,Possible Minor Injury,N/A,NOT DISTRACTED,MD,PASSENGER CAR,SLOWING OR STOPPING,40,No,2007,NISSAN,ALTIMA,39.00757667,-76.980045,2022,3,9
220011965,Injury Crash,03/20/2022 08:27:00 AM,ROCKVILLE PIKE,BICYCLIST,OTHER,Clear,DRY,Daylight,TRAFFIC SIGNAL,NONE DETECTED,Yes,No Apparent Injury,N/A,LOOKED BUT DID NOT SEE,MD,PASSENGER CAR,MAKING RIGHT TURN,35,No,2016,DODGE,SD,39.00444667,-77.09720167,2022,3,8
220011964,Injury Crash,03/20/2022 08:12:00 AM,COLSTON DR,NA,OTHER,Clear,DRY,Daylight,NO CONTROLS,NONE DETECTED,Yes,Possible Minor Injury,N/A,NOT DISTRACTED,MD,PASSENGER CAR,MOVING CONSTANT SPEED,20,No,2017,VOLKSWAGON,JETTA,38.99191333,-77.05444,2022,3,8
220011963,Property Damage Crash,03/20/2022 07:57:00 AM,CONNECTICUT AVE,NA,SAME DIR REAR END,Clear,DRY,Daylight,NO CONTROLS,NONE DETECTED,No,No Apparent Injury,N/A,NOT DISTRACTED,MD,PASSENGER CAR,MOVING CONSTANT SPEED,35,No,2017,TOYOTA,CAMRY,39.08520488,-77.07863388,2022,3,7
220011963,Property Damage Crash,03/20/2022 07:57:00 AM,CONNECTICUT AVE,NA,SAME DIR REAR END,Clear,DRY,Daylight,NO CONTROLS,ALCOHOL PRESENT,Yes,No Apparent Injury,N/A,NOT DISTRACTED,MD,PASSENGER CAR,PASSING,35,No,2021,TOYOTA,CAMRY,39.08520488,-77.07863388,2022,3,7
220011963,Property Damage Crash,03/20/2022 07:57:00 AM,CONNECTICUT AVE,NA,SAME DIR REAR END,Clear,DRY,Daylight,NO CONTROLS,NONE DETECTED,No,No Apparent Injury,N/A,NOT DISTRACTED,MD,VAN,MOVING CONSTANT SPEED,35,No,2020,FORD,TRANSIT,39.08520488,-77.07863388,2022,3,7
220011960,Property Damage Crash,03/20/2022 06:37:00 AM,CLARKSBURG RD,NA,SINGLE VEHICLE,Clear,DRY,Medium,YIELD SIGN,NONE DETECTED,Yes,No Apparent Injury,N/A,UNKNOWN,NA,VAN,MOVING CONSTANT SPEED,40,No,2012,TOYOTA,SIENNA,39.22834667,-77.28899833,2022,3,6
220011957,Property Damage Crash,03/20/2022 05:08:00 AM,SPENCERVILLE RD,NA,SINGLE VEHICLE,Clear,DRY,Medium,STOP SIGN,NONE DETECTED,Yes,No Apparent Injury,N/A,UNKNOWN,MD,PASSENGER CAR,MAKING RIGHT TURN,35,No,2007,TOYOTA,4D,39.11806215,-76.97624152,2022,3,5
220011956,Property Damage Crash,03/20/2022 04:00:00 AM,LAYHILL RD,NA,SINGLE VEHICLE,Clear,DRY,Medium,TRAFFIC SIGNAL,ALCOHOL PRESENT,Yes,No Apparent Injury,N/A,LOOKED BUT DID NOT SEE,MD,PASSENGER CAR,MOVING CONSTANT SPEED,35,No,2004,LEXUS,4S,39.06045798,-77.0509115,2022,3,4
220011970,Property Damage Crash,03/20/2022 03:00:00 AM,CAMDEN ST,NA,SAME DIRECTION SIDESWIPE,Clear,DRY,Medium,N/A,ALCOHOL PRESENT,Yes,No Apparent Injury,N/A,UNKNOWN,MD,PASSENGER CAR,UNKNOWN,25,No,2010,FORD,CROWN VIC,39.05816344,-77.06639451,2022,3,3
220011951,Property Damage Crash,03/20/2022 02:38:00 AM,GEORGIA AVE,NA,SAME DIR REAR END,Clear,DRY,Medium,FLASHING TRAFFIC SIGNAL,NONE DETECTED,Yes,No Apparent Injury,N/A,UNKNOWN,MD,PASSENGER CAR,MOVING CONSTANT SPEED,35,No,2008,HONDA,CIVIC,39.06814167,-77.060995,2022,3,2
220011951,Property Damage Crash,03/20/2022 02:38:00 AM,GEORGIA AVE,NA,SAME DIR REAR END,Clear,DRY,Medium,FLASHING TRAFFIC SIGNAL,NONE DETECTED,No,No Apparent Injury,N/A,NOT DISTRACTED,MD,PASSENGER CAR,MOVING CONSTANT SPEED,35,No,2012,VOLKSWAGEN,JETTA,39.06814167,-77.060995,2022,3,2
220011940,Injury Crash,03/20/2022 01:02:00 AM,GEORGIA AVE,NA,STRAIGHT MOVEMENT ANGLE,Clear,DRY,Medium,FLASHING TRAFFIC SIGNAL,NONE DETECTED,Yes,No Apparent Injury,N/A,NOT DISTRACTED,IL,PASSENGER CAR,ACCELERATING,25,No,2017,CHEVROLET,CRUZE,39.04313933,-77.05191883,2022,3,1
220011940,Injury Crash,03/20/2022 01:02:00 AM,GEORGIA AVE,NA,STRAIGHT MOVEMENT ANGLE,Clear,DRY,Medium,FLASHING TRAFFIC SIGNAL,NONE DETECTED,No,Possible Minor Injury,N/A,NOT DISTRACTED,MD,PASSENGER CAR,MOVING CONSTANT SPEED,25,No,2017,AUDI,A4,39.04313933,-77.05191883,2022,3,1
220011942,Property Damage Crash,03/20/2022 12:54:00 AM,SOUTHAMPTON DR,NA,SAME DIRECTION SIDESWIPE,Clear,DRY,Medium,NO CONTROLS,ALCOHOL PRESENT,Yes,No Apparent Injury,N/A,OTHER CELLULAR PHONE RELATED,MD,PASSENGER CAR,ACCELERATING,25,No,2016,TOYOTA,COROLLA,39.006398,-76.985272,2022,3,0
220011936,Property Damage Crash,03/20/2022 12:21:00 AM,UNIVERSITY BLVD W,NA,SAME DIRECTION SIDESWIPE,Clear,DRY,Medium,NO CONTROLS,NONE DETECTED,No,No Apparent Injury,N/A,NOT DISTRACTED,MD,POLICE VEHICLE/NON EMERGENCY,STARTING FROM LANE,40,No,2014,DODGE,CHARGER,39.02404375,-77.01775297,2022,3,0
220011936,Property Damage Crash,03/20/2022 12:21:00 AM,UNIVERSITY BLVD W,NA,SAME DIRECTION SIDESWIPE,Clear,DRY,Medium,NO CONTROLS,NONE DETECTED,Yes,No Apparent Injury,N/A,NOT DISTRACTED,MD,"CARGO VAN/LIGHT TRUCK 2 AXLES (OVER 10,000LBS (4,536 KG))",MOVING CONSTANT SPEED,40,No,2022,FREIGHTLINER,TOW TRUCK,39.02404375,-77.01775297,2022,3,0
220011917,Property Damage Crash,03/19/2022 09:12:00 PM,NA,NA,OTHER,Clear,NA,Medium,NO CONTROLS,NONE DETECTED,No,No Apparent Injury,N/A,NOT DISTRACTED,MD,(SPORT) UTILITY VEHICLE,PARKED,15,No,2017,TOYT,RAV4,39.15448383,-77.06410867,2022,3,21
220011917,Property Damage Crash,03/19/2022 09:12:00 PM,NA,NA,OTHER,Clear,NA,Medium,NO CONTROLS,ALCOHOL PRESENT,Yes,No Apparent Injury,N/A,UNKNOWN,MD,PASSENGER CAR,UNKNOWN,15,No,1996,NISSAN,SENTRA,39.15448383,-77.06410867,2022,3,21
220011915,Property Damage Crash,03/19/2022 08:42:00 PM,BROADBIRCH DR,NA,HEAD ON LEFT TURN,Clear,DRY,Medium,TRAFFIC SIGNAL,NONE DETECTED,No,No Apparent Injury,N/A,NOT DISTRACTED,MD,PASSENGER CAR,MOVING CONSTANT SPEED,40,No,2013,KIA,UT,39.05622667,-76.954335,2022,3,20
220011915,Property Damage Crash,03/19/2022 08:42:00 PM,BROADBIRCH DR,NA,HEAD ON LEFT TURN,Clear,DRY,Medium,TRAFFIC SIGNAL,NONE DETECTED,Yes,No Apparent Injury,N/A,LOOKED BUT DID NOT SEE,MD,(SPORT) UTILITY VEHICLE,MAKING LEFT TURN,40,No,2002,HOND,TK,39.05622667,-76.954335,2022,3,20
220011889,Property Damage Crash,03/19/2022 04:42:00 PM,WISCONSIN AVE,NA,SAME DIRECTION SIDESWIPE,Clear,DRY,Daylight,TRAFFIC SIGNAL,NONE DETECTED,No,No Apparent Injury,N/A,NOT DISTRACTED,MD,PASSENGER CAR,MOVING CONSTANT SPEED,35,No,2014,FORD,FUSION,38.96216403,-77.0861209,2022,3,16
220011889,Property Damage Crash,03/19/2022 04:42:00 PM,WISCONSIN AVE,NA,SAME DIRECTION SIDESWIPE,Clear,DRY,Daylight,TRAFFIC SIGNAL,NONE DETECTED,Yes,No Apparent Injury,N/A,NOT DISTRACTED,MD,TRANSIT BUS,MAKING RIGHT TURN,35,No,2022,NEW FLYER,XCELSIOR,38.96216403,-77.0861209,2022,3,16
220011882,Property Damage Crash,03/19/2022 04:25:00 PM,NA,NA,OTHER,Clear,NA,Daylight,N/A,NONE DETECTED,Yes,No Apparent Injury,N/A,UNKNOWN,XX,PASSENGER CAR,PARKING,5,No,2010,TOYOTA,RAV4,39.15995935,-77.22056199,2022,3,16
220011882,Property Damage Crash,03/19/2022 04:25:00 PM,NA,NA,OTHER,Clear,NA,Daylight,N/A,NONE DETECTED,No,No Apparent Injury,N/A,UNKNOWN,MD,PASSENGER CAR,PARKED,5,No,2006,ACURA,TL,39.15995935,-77.22056199,2022,3,16
220011883,Property Damage Crash,03/19/2022 04:21:00 PM,FREDERICK RD,NA,HEAD ON LEFT TURN,Clear,DRY,Daylight,TRAFFIC SIGNAL,NONE DETECTED,No,No Apparent Injury,N/A,NOT DISTRACTED,MD,(SPORT) UTILITY VEHICLE,MOVING CONSTANT SPEED,40,No,2013,FORD,EXPLORER,39.11529667,-77.16583167,2022,3,16
220011883,Property Damage Crash,03/19/2022 04:21:00 PM,FREDERICK RD,NA,HEAD ON LEFT TURN,Clear,DRY,Daylight,TRAFFIC SIGNAL,NONE DETECTED,Yes,No Apparent Injury,N/A,LOOKED BUT DID NOT SEE,MD,PASSENGER CAR,MAKING LEFT TURN,40,No,2015,TOYOTA,COROLLA,39.11529667,-77.16583167,2022,3,16
220011886,Injury Crash,03/19/2022 04:10:00 PM,PARTNERSHIP RD,NA,SINGLE VEHICLE,Clear,DRY,Daylight,NO CONTROLS,NONE DETECTED,Yes,Possible Minor Injury,N/A,OTHER DISTRACTION,MD,PASSENGER CAR,MOVING CONSTANT SPEED,40,No,2016,HYUN,SD,39.11578895,-77.38064347,2022,3,16
220011873,Property Damage Crash,03/19/2022 03:45:00 PM,GOLDSBORO RD,NA,SAME DIRECTION SIDESWIPE,Clear,DRY,Daylight,STOP SIGN,NONE DETECTED,Yes,No Apparent Injury,N/A,LOOKED BUT DID NOT SEE,MD,PASSENGER CAR,MOVING CONSTANT SPEED,35,No,2006,CHEVY,COBALT,38.96940473,-77.13998818,2022,3,15
220011873,Property Damage Crash,03/19/2022 03:45:00 PM,GOLDSBORO RD,NA,SAME DIRECTION SIDESWIPE,Clear,DRY,Daylight,STOP SIGN,NONE DETECTED,No,No Apparent Injury,N/A,NOT DISTRACTED,MD,PASSENGER CAR,MOVING CONSTANT SPEED,35,No,2016,RAM,2500,38.96940473,-77.13998818,2022,3,15
220011902,Property Damage Crash,03/19/2022 01:45:00 PM,NA,NA,OPPOSITE DIRECTION SIDESWIPE,Clear,NA,Daylight,NO CONTROLS,NONE DETECTED,Yes,No Apparent Injury,N/A,UNKNOWN,NA,PASSENGER CAR,MAKING RIGHT TURN,5,No,2017,INFINITI,TK,39.1146327,-77.20396103,2022,3,13
220011902,Property Damage Crash,03/19/2022 01:45:00 PM,NA,NA,OPPOSITE DIRECTION SIDESWIPE,Clear,NA,Daylight,NO CONTROLS,NONE DETECTED,No,No Apparent Injury,N/A,NOT DISTRACTED,MD,PASSENGER CAR,STOPPED IN TRAFFIC LANE,5,No,2021,TESLA,MODEL Y,39.1146327,-77.20396103,2022,3,13
220011863,Property Damage Crash,03/19/2022 01:31:00 PM,CONNECTICUT AVE,NA,SAME DIRECTION SIDESWIPE,Cloudy,DRY,Daylight,TRAFFIC SIGNAL,NONE DETECTED,Yes,No Apparent Injury,N/A,NOT DISTRACTED,VA,VAN,MOVING CONSTANT SPEED,35,No,2015,FORD,TRANSIT,38.98785389,-77.07709132,2022,3,13
220011863,Property Damage Crash,03/19/2022 01:31:00 PM,CONNECTICUT AVE,NA,SAME DIRECTION SIDESWIPE,Cloudy,DRY,Daylight,TRAFFIC SIGNAL,NONE DETECTED,No,No Apparent Injury,N/A,NOT DISTRACTED,MD,PASSENGER CAR,MOVING CONSTANT SPEED,35,No,2020,LEXUS,NX300,38.98785389,-77.07709132,2022,3,13
220011853,Injury Crash,03/19/2022 12:00:00 PM,RUSSELL AVE,NA,STRAIGHT MOVEMENT ANGLE,Clear,DRY,Daylight,TRAFFIC SIGNAL,NONE DETECTED,Yes,No Apparent Injury,N/A,LOOKED BUT DID NOT SEE,MD,PASSENGER CAR,MAKING U TURN,30,No,2015,LINC,4H,39.15158083,-77.20748,2022,3,12
220011853,Injury Crash,03/19/2022 12:00:00 PM,RUSSELL AVE,NA,STRAIGHT MOVEMENT ANGLE,Clear,DRY,Daylight,TRAFFIC SIGNAL,NONE DETECTED,No,Suspected Serious Injury,N/A,NOT DISTRACTED,MD,PASSENGER CAR,MOVING CONSTANT SPEED,30,No,2019,HONDA,TK,39.15158083,-77.20748,2022,3,12
220011858,Property Damage Crash,03/19/2022 11:47:00 AM,DILSTON RD,NA,OTHER,Clear,DRY,Daylight,NO CONTROLS,NONE DETECTED,Yes,No Apparent Injury,N/A,UNKNOWN,NA,PASSENGER CAR,MAKING RIGHT TURN,25,No,2010,KIA,SOUL,39.01400333,-76.98459667,2022,3,11
220011867,Property Damage Crash,03/19/2022 10:30:00 AM,NA,NA,OTHER,Clear,NA,Daylight,N/A,NONE DETECTED,Yes,No Apparent Injury,N/A,NOT DISTRACTED,NA,PASSENGER CAR,N/A,15,No,2010,LEXUS,TK,39.07779221,-77.07990643,2022,3,10
220011830,Property Damage Crash,03/19/2022 08:31:00 AM,MEADOWSIDE LA,NA,SAME DIR REAR END,Clear,DRY,Daylight,NO CONTROLS,NONE DETECTED,No,No Apparent Injury,N/A,NOT DISTRACTED,XX,PASSENGER CAR,SLOWING OR STOPPING,40,No,2016,HONDA,ACCORD,39.11839833,-77.10375,2022,3,8
220011830,Property Damage Crash,03/19/2022 08:31:00 AM,MEADOWSIDE LA,NA,SAME DIR REAR END,Clear,DRY,Daylight,NO CONTROLS,NONE DETECTED,Yes,No Apparent Injury,N/A,INATTENTIVE OR LOST IN THOUGHT,XX,PICKUP TRUCK,MOVING CONSTANT SPEED,40,No,1995,GMC,TK,39.11839833,-77.10375,2022,3,8
220011830,Property Damage Crash,03/19/2022 08:31:00 AM,MEADOWSIDE LA,NA,SAME DIR REAR END,Clear,DRY,Daylight,NO CONTROLS,NONE DETECTED,No,No Apparent Injury,N/A,NOT DISTRACTED,MD,PASSENGER CAR,SLOWING OR STOPPING,40,No,2019,KIA,SORETRO,39.11839833,-77.10375,2022,3,8