Local Case Number,ACRS Report Type,Crash Date/Time,Road Name,Related Non-Motorist,Collision Type,Weather,Surface Condition,Light,Traffic Control,Driver Substance Abuse,Driver At Fault,Injury Severity,Circumstance,Driver Distracted By,Drivers License State,Vehicle Body Type,Vehicle Movement,Speed Limit,Driverless Vehicle,Vehicle Year,Vehicle Make,Vehicle Model,Latitude,Longitude,Year,Month,Hour
220011816,Property Damage Crash,03/19/2022 04:08:00 AM,BETHESDA CHURCH RD,NA,SAME DIR REAR END,Clear,DRY,Medium,NO CONTROLS,ALCOHOL PRESENT,Yes,No Apparent Injury,N/A,UNKNOWN,MD,PASSENGER CAR,MOVING CONSTANT SPEED,30,No,2021,TOYT,COROLLA,39.2824,-77.20595167,2022,3,4
220011806,Property Damage Crash,03/19/2022 01:43:00 AM,EISENHOWER MEMORIAL HWY,NA,SAME DIRECTION SIDESWIPE,Clear,DRY,Medium,NO CONTROLS,ALCOHOL PRESENT,Yes,No Apparent Injury,N/A,UNKNOWN,MD,PASSENGER CAR,MOVING CONSTANT SPEED,55,No,2022,TOYO,COROLLA,39.05551333,-77.15382667,2022,3,1
220011806,Property Damage Crash,03/19/2022 01:43:00 AM,EISENHOWER MEMORIAL HWY,NA,SAME DIRECTION SIDESWIPE,Clear,DRY,Medium,NO CONTROLS,NONE DETECTED,No,No Apparent Injury,N/A,NOT DISTRACTED,MD,POLICE VEHICLE/EMERGENCY,PARKED,0,No,2014,DODGE,CHARGER,39.05551333,-77.15382667,2022,3,1
220011802,Property Damage Crash,03/19/2022 01:32:00 AM,MUNCASTER MILL RD,NA,SINGLE VEHICLE,Clear,DRY,Medium,NO CONTROLS,NONE DETECTED,Yes,No Apparent Injury,N/A,NOT DISTRACTED,MD,PASSENGER CAR,MOVING CONSTANT SPEED,40,No,2020,TOYT,HIGHLANDER,39.12457383,-77.11559533,2022,3,1
220011794,Injury Crash,03/18/2022 11:47:00 PM,ROCKVILLE PIKE,NA,HEAD ON LEFT TURN,Clear,DRY,Medium,TRAFFIC SIGNAL,NONE DETECTED,No,Possible Minor Injury,N/A,NOT DISTRACTED,DC,PASSENGER CAR,MOVING CONSTANT SPEED,35,No,2015,HYUND,EQUUS,39.022605,-77.10289833,2022,3,23
220011794,Injury Crash,03/18/2022 11:47:00 PM,ROCKVILLE PIKE,NA,HEAD ON LEFT TURN,Clear,DRY,Medium,TRAFFIC SIGNAL,NONE DETECTED,Yes,No Apparent Injury,N/A,LOOKED BUT DID NOT SEE,MD,PASSENGER CAR,MAKING LEFT TURN,35,No,2020,TOYT,4S,39.022605,-77.10289833,2022,3,23
220011792,Property Damage Crash,03/18/2022 11:16:00 PM,QUINCE ORCHARD RD,NA,SINGLE VEHICLE,Clear,DRY,Medium,N/A,ALCOHOL PRESENT,Yes,No Apparent Injury,N/A,UNKNOWN,MD,PASSENGER CAR,SLOWING OR STOPPING,35,No,2014,LEXUS,RX,39.12931681,-77.22822593,2022,3,23
220011781,Property Damage Crash,03/18/2022 10:19:00 PM,NEW HAMPSHIRE AVE,NA,HEAD ON LEFT TURN,Clear,DRY,Medium,TRAFFIC SIGNAL,NONE DETECTED,No,No Apparent Injury,N/A,NOT DISTRACTED,MD,(SPORT) UTILITY VEHICLE,SLOWING OR STOPPING,45,No,2005,HONDA,CRV,39.10612831,-77.00156413,2022,3,22
220011781,Property Damage Crash,03/18/2022 10:19:00 PM,NEW HAMPSHIRE AVE,NA,HEAD ON LEFT TURN,Clear,DRY,Medium,TRAFFIC SIGNAL,NONE DETECTED,Yes,No Apparent Injury,N/A,UNKNOWN,MD,PASSENGER CAR,MAKING LEFT TURN,45,No,2006,VOLVO,4D,39.10612831,-77.00156413,2022,3,22
220011780,Injury Crash,03/18/2022 10:06:00 PM,MUDDY BRANCH RD,NA,OPPOSITE DIRECTION SIDESWIPE,Clear,DRY,Medium,TRAFFIC SIGNAL,NONE DETECTED,Unknown,Possible Minor Injury,N/A,UNKNOWN,MD,PASSENGER CAR,MOVING CONSTANT SPEED,45,No,2012,HONDA,CIVIC,39.115178,-77.21571567,2022,3,22
220011780,Injury Crash,03/18/2022 10:06:00 PM,MUDDY BRANCH RD,NA,OPPOSITE DIRECTION SIDESWIPE,Clear,DRY,Medium,TRAFFIC SIGNAL,NONE DETECTED,Unknown,No Apparent Injury,N/A,UNKNOWN,DE,PASSENGER CAR,MAKING LEFT TURN,45,No,2018,RANGE ROVER,4D,39.115178,-77.21571567,2022,3,22
220011786,Property Damage Crash,03/18/2022 10:00:00 PM,NA,NA,SAME DIRECTION SIDESWIPE,Clear,NA,Medium,N/A,NONE DETECTED,Yes,No Apparent Injury,N/A,UNKNOWN,XX,PASSENGER CAR,PARKING,5,No,2020,MITS,SU,39.10378513,-77.15814549,2022,3,22
220011775,Property Damage Crash,03/18/2022 09:11:00 PM,NA,NA,OTHER,Clear,NA,Medium,NO CONTROLS,NONE DETECTED,No,No Apparent Injury,N/A,NOT DISTRACTED,MD,PASSENGER CAR,PARKED,10,No,2019,TOYT,TK,39.04199833,-77.05141667,2022,3,21
220011775,Property Damage Crash,03/18/2022 09:11:00 PM,NA,NA,OTHER,Clear,NA,Medium,NO CONTROLS,NONE DETECTED,Yes,No Apparent Injury,N/A,INATTENTIVE OR LOST IN THOUGHT,NA,PASSENGER CAR,BACKING,10,No,2010,CHEVY,MALIBU,39.04199833,-77.05141667,2022,3,21
220011772,Property Damage Crash,03/18/2022 08:50:00 PM,NEW HAMPSHIRE AVE,NA,SAME DIRECTION SIDESWIPE,Clear,DRY,Medium,NO CONTROLS,NONE DETECTED,Yes,No Apparent Injury,N/A,NOT DISTRACTED,MD,PASSENGER CAR,ACCELERATING,30,No,2021,TESLA,SD,39.01501333,-76.97716333,2022,3,20
220011772,Property Damage Crash,03/18/2022 08:50:00 PM,NEW HAMPSHIRE AVE,NA,SAME DIRECTION SIDESWIPE,Clear,DRY,Medium,NO CONTROLS,NONE DETECTED,No,No Apparent Injury,N/A,NOT DISTRACTED,MD,PASSENGER CAR,MOVING CONSTANT SPEED,30,No,2014,DODGE,TK,39.01501333,-76.97716333,2022,3,20
220011770,Injury Crash,03/18/2022 08:05:00 PM,MUDDY BRANCH RD,NA,HEAD ON LEFT TURN,Clear,DRY,Medium,TRAFFIC SIGNAL,NONE DETECTED,No,No Apparent Injury,N/A,NOT DISTRACTED,MD,PASSENGER CAR,MOVING CONSTANT SPEED,45,No,2016,HONDA,PILOT,39.115589,-77.2153295,2022,3,20
220011770,Injury Crash,03/18/2022 08:05:00 PM,MUDDY BRANCH RD,NA,HEAD ON LEFT TURN,Clear,DRY,Medium,TRAFFIC SIGNAL,NONE DETECTED,Yes,Possible Minor Injury,N/A,LOOKED BUT DID NOT SEE,MD,PASSENGER CAR,MAKING LEFT TURN,45,No,2021,KIA,UT,39.115589,-77.2153295,2022,3,20
220011768,Property Damage Crash,03/18/2022 08:00:00 PM,FALLS RD,NA,STRAIGHT MOVEMENT ANGLE,Clear,DRY,Medium,TRAFFIC SIGNAL,NONE DETECTED,No,No Apparent Injury,N/A,NOT DISTRACTED,MD,PASSENGER CAR,MAKING LEFT TURN,35,No,2021,TOYT,AVALON,39.02660475,-77.2037101,2022,3,20
220011768,Property Damage Crash,03/18/2022 08:00:00 PM,FALLS RD,NA,STRAIGHT MOVEMENT ANGLE,Clear,DRY,Medium,TRAFFIC SIGNAL,NONE DETECTED,Yes,No Apparent Injury,N/A,BY OTHER OCCUPANTS,FL,(SPORT) UTILITY VEHICLE,STARTING FROM PARKED,35,No,2021,TSLA,X,39.02660475,-77.2037101,2022,3,20
220011767,Property Damage Crash,03/18/2022 07:36:00 PM,W MONTGOMERY AVE,NA,OPPOSITE DIR BOTH LEFT TURN,Clear,DRY,Medium,TRAFFIC SIGNAL,NONE DETECTED,No,No Apparent Injury,N/A,NOT DISTRACTED,MD,PASSENGER CAR,MAKING LEFT TURN,40,No,2020,VOLKSWAGON,TIGUAN,39.099943,-77.18495683,2022,3,19
220011767,Property Damage Crash,03/18/2022 07:36:00 PM,W MONTGOMERY AVE,NA,OPPOSITE DIR BOTH LEFT TURN,Clear,DRY,Medium,TRAFFIC SIGNAL,NONE DETECTED,Yes,No Apparent Injury,N/A,UNKNOWN,MD,PASSENGER CAR,MAKING LEFT TURN,40,No,2015,LEXS,TK,39.099943,-77.18495683,2022,3,19
220011758,Property Damage Crash,03/18/2022 06:45:00 PM,KEY WEST AVE,NA,SINGLE VEHICLE,Clear,DRY,Daylight,NO CONTROLS,NONE DETECTED,Yes,No Apparent Injury,N/A,NOT DISTRACTED,MD,PASSENGER CAR,MAKING U TURN,40,No,2020,CHEV,CP,39.10474567,-77.19378217,2022,3,18
220011746,Property Damage Crash,03/18/2022 06:25:00 PM,NA,NA,OTHER,Clear,NA,Daylight,N/A,NONE DETECTED,No,No Apparent Injury,N/A,NOT DISTRACTED,MD,PASSENGER CAR,PARKED,5,No,2004,TOYOTA,HIGHLANDER,39.14126036,-77.2231867,2022,3,18
220011746,Property Damage Crash,03/18/2022 06:25:00 PM,NA,NA,OTHER,Clear,NA,Daylight,N/A,NONE DETECTED,Yes,No Apparent Injury,N/A,LOOKED BUT DID NOT SEE,MD,PASSENGER CAR,BACKING,5,No,2004,HONDA,ACCORD,39.14126036,-77.2231867,2022,3,18
220011751,Property Damage Crash,03/18/2022 06:05:00 PM,HARRISON ST,NA,SINGLE VEHICLE,Clear,DRY,Daylight,N/A,NONE DETECTED,Yes,No Apparent Injury,N/A,NOT DISTRACTED,MD,PASSENGER CAR,MAKING RIGHT TURN,25,No,2006,TOYOTA,CAMRY,39.08527261,-77.15673971,2022,3,18
220011748,Property Damage Crash,03/18/2022 05:49:00 PM,CLOPPER RD,NA,ANGLE MEETS RIGHT TURN,Clear,DRY,Daylight,TRAFFIC SIGNAL,NONE DETECTED,No,No Apparent Injury,N/A,UNKNOWN,MD,PASSENGER CAR,MOVING CONSTANT SPEED,35,No,2021,FORD,MUSTANG,39.14806333,-77.23646167,2022,3,17
220011748,Property Damage Crash,03/18/2022 05:49:00 PM,CLOPPER RD,NA,ANGLE MEETS RIGHT TURN,Clear,DRY,Daylight,TRAFFIC SIGNAL,NONE DETECTED,Yes,No Apparent Injury,N/A,UNKNOWN,MD,PASSENGER CAR,ACCELERATING,35,No,2022,KIA,SUV,39.14806333,-77.23646167,2022,3,17
220011745,Property Damage Crash,03/18/2022 05:10:00 PM,NA,NA,SAME DIRECTION SIDESWIPE,Clear,NA,Daylight,N/A,NONE DETECTED,Unknown,No Apparent Injury,N/A,NOT DISTRACTED,MD,VAN,BACKING,10,No,2022,DODGE,VAN,39.00085594,-77.00931906,2022,3,17
220011731,Property Damage Crash,03/18/2022 04:36:00 PM,GEORGIA AVE,NA,SAME DIRECTION SIDESWIPE,Clear,DRY,Daylight,N/A,NONE DETECTED,No,No Apparent Injury,N/A,NOT DISTRACTED,MD,PASSENGER CAR,STOPPED IN TRAFFIC LANE,35,No,2021,CADI,UT,39.0300036,-77.04762735,2022,3,16
220011731,Property Damage Crash,03/18/2022 04:36:00 PM,GEORGIA AVE,NA,SAME DIRECTION SIDESWIPE,Clear,DRY,Daylight,N/A,NONE DETECTED,Yes,No Apparent Injury,N/A,UNKNOWN,NA,SCHOOL BUS,MAKING LEFT TURN,35,No,0,UNKNOWN,UNKNOWN,39.0300036,-77.04762735,2022,3,16
220011710,Injury Crash,03/18/2022 02:20:00 PM,CLOPPER RD,NA,OTHER,Clear,DRY,Daylight,TRAFFIC SIGNAL,NONE DETECTED,Yes,Possible Minor Injury,N/A,OTHER DISTRACTION,MD,PASSENGER CAR,MOVING CONSTANT SPEED,30,No,2010,TOYOTA,4S,39.1458305,-77.228004,2022,3,14
220011710,Injury Crash,03/18/2022 02:20:00 PM,CLOPPER RD,NA,OTHER,Clear,DRY,Daylight,TRAFFIC SIGNAL,NONE DETECTED,No,No Apparent Injury,N/A,NOT DISTRACTED,MD,PASSENGER CAR,MOVING CONSTANT SPEED,30,No,1999,FORD,4S,39.1458305,-77.228004,2022,3,14
220011692,Property Damage Crash,03/18/2022 12:41:00 PM,SCOTTSBURY TERR,NA,OTHER,Clear,DRY,Daylight,N/A,NONE DETECTED,Yes,No Apparent Injury,N/A,NOT DISTRACTED,MD,SCHOOL BUS,N/A,0,No,2020,THOMAS,BU,39.199555,-77.23723167,2022,3,12
220011686,Property Damage Crash,03/18/2022 12:25:00 PM,GOLDSBORO RD,NA,SAME DIR REAR END,Clear,DRY,Daylight,NO CONTROLS,NONE DETECTED,No,No Apparent Injury,N/A,NOT DISTRACTED,MD,PASSENGER CAR,SLOWING OR STOPPING,35,No,2022,AUDI,Q5,38.97482433,-77.1136025,2022,3,12
220011686,Property Damage Crash,03/18/2022 12:25:00 PM,GOLDSBORO RD,NA,SAME DIR REAR END,Clear,DRY,Daylight,NO CONTROLS,NONE DETECTED,Yes,No Apparent Injury,N/A,NOT DISTRACTED,VA,PASSENGER CAR,SLOWING OR STOPPING,35,No,2012,TOYOTA,PRIUS,38.97482433,-77.1136025,2022,3,12
220011694,Property Damage Crash,03/18/2022 12:25:00 PM,SNOUFFERS SCHOOL RD,NA,ANGLE MEETS LEFT TURN,Clear,DRY,Daylight,STOP SIGN,NONE DETECTED,Unknown,No Apparent Injury,N/A,LOOKED BUT DID NOT SEE,MD,PASSENGER CAR,MAKING LEFT TURN,40,No,2013,LEXUS,ES300H,39.16652667,-77.17103667,2022,3,12
220011694,Property Damage Crash,03/18/2022 12:25:00 PM,SNOUFFERS SCHOOL RD,NA,ANGLE MEETS LEFT TURN,Clear,DRY,Daylight,STOP SIGN,NONE DETECTED,Unknown,No Apparent Injury,N/A,LOOKED BUT DID NOT SEE,MD,PASSENGER CAR,MOVING CONSTANT SPEED,40,No,2018,BMW,440I,39.16652667,-77.17103667,2022,3,12
220011680,Property Damage Crash,03/18/2022 12:09:00 PM,NA,NA,OTHER,Clear,NA,Daylight,NO CONTROLS,NONE DETECTED,Yes,No Apparent Injury,N/A,LOOKED BUT DID NOT SEE,MD,PASSENGER CAR,BACKING,15,No,2006,KIA,4S,39.18041683,-77.270954,2022,3,12
220011680,Property Damage Crash,03/18/2022 12:09:00 PM,NA,NA,OTHER,Clear,NA,Daylight,NO CONTROLS,NONE DETECTED,No,No Apparent Injury,N/A,NOT DISTRACTED,MD,PICKUP TRUCK,PARKED,15,No,2014,FORD,TK,39.18041683,-77.270954,2022,3,12
22000369,Property Damage Crash,03/18/2022 11:41:00 AM,GEORGIA AVE,NA,SAME DIRECTION LEFT TURN,Clear,DRY,Daylight,TRAFFIC SIGNAL,NONE DETECTED,No,No Apparent Injury,N/A,NOT DISTRACTED,MD,(SPORT) UTILITY VEHICLE,MOVING CONSTANT SPEED,35,No,2022,INFINITE,QX60,39.04317743,-77.05196483,2022,3,11
22000369,Property Damage Crash,03/18/2022 11:41:00 AM,GEORGIA AVE,NA,SAME DIRECTION LEFT TURN,Clear,DRY,Daylight,TRAFFIC SIGNAL,NONE DETECTED,Yes,No Apparent Injury,N/A,OTHER DISTRACTION,MD,(SPORT) UTILITY VEHICLE,CHANGING LANES,35,No,2017,FORD,EXPLORER,39.04317743,-77.05196483,2022,3,11
220011673,Property Damage Crash,03/18/2022 10:00:00 AM,NA,NA,SAME DIRECTION RIGHT TURN,Clear,NA,Daylight,N/A,NONE DETECTED,Yes,No Apparent Injury,N/A,UNKNOWN,MD,PICKUP TRUCK,ACCELERATING,15,No,2019,FORD,TK,39.17090223,-77.1557802,2022,3,10
22000368,Property Damage Crash,03/18/2022 09:15:00 AM,EVANS PKWY,NA,UNKNOWN,Clear,DRY,Daylight,NO CONTROLS,NONE DETECTED,Yes,No Apparent Injury,N/A,UNKNOWN,NA,NA,UNKNOWN,25,No,0,UNKNOWN,UNKNOWN,39.02725387,-77.0441222,2022,3,9
220011669,Property Damage Crash,03/18/2022 08:35:00 AM,GREAT FALLS RD,NA,OTHER,Clear,DRY,Daylight,TRAFFIC SIGNAL,NONE DETECTED,No,No Apparent Injury,N/A,NOT DISTRACTED,MD,PASSENGER CAR,PARKED,30,No,2014,HONDA,ODYSSEY,39.07634795,-77.16272299,2022,3,8
220011669,Property Damage Crash,03/18/2022 08:35:00 AM,GREAT FALLS RD,NA,OTHER,Clear,DRY,Daylight,TRAFFIC SIGNAL,NONE DETECTED,Yes,No Apparent Injury,N/A,UNKNOWN,NA,PASSENGER CAR,BACKING,30,No,2008,SUBARU,4D,39.07634795,-77.16272299,2022,3,8
220011650,Property Damage Crash,03/18/2022 08:17:00 AM,NORBECK RD,NA,SAME DIR REAR END,Clear,DRY,Daylight,TRAFFIC SIGNAL,NONE DETECTED,Yes,No Apparent Injury,"N/A, VISION OBSTRUCTION (INCL. BLINDED BY SUN)",UNKNOWN,MD,PASSENGER CAR,SLOWING OR STOPPING,45,No,2014,TOYT,4S,39.12128667,-76.99048167,2022,3,8
220011650,Property Damage Crash,03/18/2022 08:17:00 AM,NORBECK RD,NA,SAME DIR REAR END,Clear,DRY,Daylight,TRAFFIC SIGNAL,NONE DETECTED,No,No Apparent Injury,"N/A, VISION OBSTRUCTION (INCL. BLINDED BY SUN)",NOT DISTRACTED,MD,PASSENGER CAR,STOPPED IN TRAFFIC LANE,45,No,2010,TOYOTA,COROLLA,39.12128667,-76.99048167,2022,3,8
220011646,Injury Crash,03/18/2022 08:15:00 AM,ROCKVILLE PIKE,NA,OTHER,Clear,WET,Daylight,TRAFFIC SIGNAL,NONE DETECTED,Yes,Possible Minor Injury,N/A,UNKNOWN,NC,(SPORT) UTILITY VEHICLE,CHANGING LANES,35,No,2016,JEEP,RENEGADE,39.00679867,-77.09766333,2022,3,8
220011648,Property Damage Crash,03/18/2022 08:15:00 AM,WATKINS MILL RD,NA,SAME DIRECTION SIDESWIPE,Clear,DRY,Daylight,TRAFFIC SIGNAL,NONE DETECTED,No,No Apparent Injury,N/A,NOT DISTRACTED,MD,PASSENGER CAR,MOVING CONSTANT SPEED,35,No,2007,HOND,VAN,39.1838725,-77.211934,2022,3,8
220011646,Injury Crash,03/18/2022 08:15:00 AM,ROCKVILLE PIKE,NA,OTHER,Clear,WET,Daylight,TRAFFIC SIGNAL,NONE DETECTED,No,No Apparent Injury,N/A,NOT DISTRACTED,MD,PASSENGER CAR,MOVING CONSTANT SPEED,35,No,2011,HOND,4S,39.00679867,-77.09766333,2022,3,8
220011648,Property Damage Crash,03/18/2022 08:15:00 AM,WATKINS MILL RD,NA,SAME DIRECTION SIDESWIPE,Clear,DRY,Daylight,TRAFFIC SIGNAL,NONE DETECTED,Yes,No Apparent Injury,N/A,UNKNOWN,NA,PASSENGER CAR,MAKING LEFT TURN,35,No,2004,FORD,F150,39.1838725,-77.211934,2022,3,8
220011646,Injury Crash,03/18/2022 08:15:00 AM,ROCKVILLE PIKE,NA,OTHER,Clear,WET,Daylight,TRAFFIC SIGNAL,NONE DETECTED,No,No Apparent Injury,N/A,NOT DISTRACTED,VA,(SPORT) UTILITY VEHICLE,STOPPED IN TRAFFIC LANE,35,No,2015,INFINITY,QX80,39.00679867,-77.09766333,2022,3,8
220011644,Injury Crash,03/18/2022 07:39:00 AM,COLESVILLE RD,NA,ANGLE MEETS RIGHT TURN,Clear,DRY,Daylight,TRAFFIC SIGNAL,NONE DETECTED,Yes,Possible Minor Injury,N/A,LOOKED BUT DID NOT SEE,MD,PASSENGER CAR,MAKING RIGHT TURN,35,No,2008,JEEP,PATRIOT,39.00544833,-77.02266833,2022,3,7
220011644,Injury Crash,03/18/2022 07:39:00 AM,COLESVILLE RD,NA,ANGLE MEETS RIGHT TURN,Clear,DRY,Daylight,TRAFFIC SIGNAL,NONE DETECTED,No,No Apparent Injury,N/A,NOT DISTRACTED,MD,"OTHER LIGHT TRUCKS (10,000LBS (4,536KG) OR LESS)",MOVING CONSTANT SPEED,35,No,2010,FORD,ST,39.00544833,-77.02266833,2022,3,7
220011641,Injury Crash,03/18/2022 06:15:00 AM,GEORGIA AVE,NA,SAME DIR REAR END,Cloudy,DRY,Medium,NO CONTROLS,NONE DETECTED,Yes,No Apparent Injury,N/A,UNKNOWN,MD,PICKUP TRUCK,MOVING CONSTANT SPEED,35,No,2009,FORD,F150,39.09727667,-77.07766167,2022,3,6
220011641,Injury Crash,03/18/2022 06:15:00 AM,GEORGIA AVE,NA,SAME DIR REAR END,Cloudy,DRY,Medium,NO CONTROLS,NONE DETECTED,No,Possible Minor Injury,N/A,NOT DISTRACTED,MD,PASSENGER CAR,SLOWING OR STOPPING,35,No,2010,AUDI,A4,39.09727667,-77.07766167,2022,3,6
220011641,Injury Crash,03/18/2022 06:15:00 AM,GEORGIA AVE,NA,SAME DIR REAR END,Cloudy,DRY,Medium,NO CONTROLS,NONE DETECTED,No,No Apparent Injury,N/A,NOT DISTRACTED,MD,PICKUP TRUCK,MOVING CONSTANT SPEED,35,No,2011,FORD,F250,39.09727667,-77.07766167,2022,3,6
220011640,Injury Crash,03/18/2022 06:11:00 AM,PINEY BRANCH RD,NA,SAME DIR REAR END,Cloudy,WET,Medium,STOP SIGN,NONE DETECTED,Yes,Possible Minor Injury,N/A,OTHER CELLULAR PHONE RELATED,MD,PASSENGER CAR,MOVING CONSTANT SPEED,30,No,2018,DODGE,CARAVAN,38.98831867,-77.01218409,2022,3,6
220011640,Injury Crash,03/18/2022 06:11:00 AM,PINEY BRANCH RD,NA,SAME DIR REAR END,Cloudy,WET,Medium,STOP SIGN,NONE DETECTED,No,No Apparent Injury,N/A,NOT DISTRACTED,MD,(SPORT) UTILITY VEHICLE,STOPPED IN TRAFFIC LANE,30,No,2017,PORSCHE,MACAN GTS,38.98831867,-77.01218409,2022,3,6
220011639,Property Damage Crash,03/18/2022 06:01:00 AM,GEORGIA AVE,NA,ANGLE MEETS RIGHT TURN,Cloudy,N/A,Medium,TRAFFIC SIGNAL,NONE DETECTED,No,No Apparent Injury,N/A,NOT DISTRACTED,MD,PASSENGER CAR,MAKING LEFT TURN,45,No,2014,TOYT,SD,39.10955667,-77.07733833,2022,3,6
220011639,Property Damage Crash,03/18/2022 06:01:00 AM,GEORGIA AVE,NA,ANGLE MEETS RIGHT TURN,Cloudy,N/A,Medium,TRAFFIC SIGNAL,NONE DETECTED,Yes,No Apparent Injury,N/A,UNKNOWN,MD,PASSENGER CAR,MAKING RIGHT TURN,45,No,2013,CADI,TK,39.10955667,-77.07733833,2022,3,6
220011638,Property Damage Crash,03/18/2022 06:00:00 AM,SNOUFFERS SCHOOL RD,NA,ANGLE MEETS LEFT TURN,Cloudy,WET,Dark,STOP SIGN,NONE DETECTED,No,No Apparent Injury,"N/A, WET",NOT DISTRACTED,MD,(SPORT) UTILITY VEHICLE,MOVING CONSTANT SPEED,35,No,2008,LEXUS,RX400,39.18693167,-77.18380333,2022,3,6
220011638,Property Damage Crash,03/18/2022 06:00:00 AM,SNOUFFERS SCHOOL RD,NA,ANGLE MEETS LEFT TURN,Cloudy,WET,Dark,STOP SIGN,NONE DETECTED,Yes,No Apparent Injury,"N/A, WET",LOOKED BUT DID NOT SEE,MD,(SPORT) UTILITY VEHICLE,MAKING LEFT TURN,35,No,1999,CHEVROLET,SUBURBAN,39.18693167,-77.18380333,2022,3,6
220011634,Injury Crash,03/18/2022 03:51:00 AM,CAPITAL BELTWAY,NA,SAME DIR BOTH LEFT TURN,Clear,DRY,Medium,NO CONTROLS,NONE DETECTED,Yes,No Apparent Injury,N/A,UNKNOWN,NA,PASSENGER CAR,LEAVING TRAFFIC LANE,55,No,2009,HONDA,4S,39.01978667,-77.10447,2022,3,3
220011634,Injury Crash,03/18/2022 03:51:00 AM,CAPITAL BELTWAY,NA,SAME DIR BOTH LEFT TURN,Clear,DRY,Medium,NO CONTROLS,NONE DETECTED,No,Possible Minor Injury,N/A,NOT DISTRACTED,MD,PASSENGER CAR,MOVING CONSTANT SPEED,55,No,2016,ACUR,SD,39.01978667,-77.10447,2022,3,3
220011629,Property Damage Crash,03/18/2022 02:43:00 AM,VEIRS MILL RD,NA,SAME DIRECTION RIGHT TURN,Cloudy,WET,Medium,NO CONTROLS,NONE DETECTED,Yes,No Apparent Injury,N/A,INATTENTIVE OR LOST IN THOUGHT,MD,PASSENGER CAR,CHANGING LANES,30,No,2020,TOYT,4H,39.08133412,-77.14682347,2022,3,2
220011629,Property Damage Crash,03/18/2022 02:43:00 AM,VEIRS MILL RD,NA,SAME DIRECTION RIGHT TURN,Cloudy,WET,Medium,NO CONTROLS,NONE DETECTED,No,No Apparent Injury,N/A,NOT DISTRACTED,MD,AMBULANCE/NON EMERGENCY,MOVING CONSTANT SPEED,30,No,2020,FRHT,AM,39.08133412,-77.14682347,2022,3,2
220011618,Injury Crash,03/18/2022 01:05:00 AM,WHITES FERRY RD,NA,SINGLE VEHICLE,Cloudy,WET,Dark,N/A,NONE DETECTED,Yes,Possible Minor Injury,N/A,UNKNOWN,MD,PASSENGER CAR,LEAVING TRAFFIC LANE,40,No,2007,HOND,ACCORD,39.13197,-77.38516333,2022,3,1
220011615,Property Damage Crash,03/18/2022 12:46:00 AM,NEW HAMPSHIRE AVE,NA,SINGLE VEHICLE,Cloudy,WET,Medium,NO CONTROLS,ALCOHOL PRESENT,Yes,No Apparent Injury,N/A,NOT DISTRACTED,MD,PASSENGER CAR,MOVING CONSTANT SPEED,30,No,2020,NISSAN,ROGUE,39.20357167,-77.02908,2022,3,0
220011608,Property Damage Crash,03/17/2022 11:50:00 PM,RIPPLING BROOK DR,NA,SAME DIR REAR END,Cloudy,WET,Medium,NO CONTROLS,ALCOHOL PRESENT,Yes,No Apparent Injury,"N/A, WET",NOT DISTRACTED,MD,PASSENGER CAR,MOVING CONSTANT SPEED,35,No,2015,FORD,TRANSIT,39.07424833,-77.06094667,2022,3,23
220011604,Injury Crash,03/17/2022 10:33:00 PM,NA,NA,SINGLE VEHICLE,Clear,NA,Dark,NO CONTROLS,NONE DETECTED,Yes,Possible Minor Injury,N/A,INATTENTIVE OR LOST IN THOUGHT,MD,PASSENGER CAR,NEGOTIATING A CURVE,5,No,2007,FORD,TK,39.14321215,-77.2033484,2022,3,22
220011602,Property Damage Crash,03/17/2022 09:54:00 PM,NA,NA,OTHER,Clear,NA,Medium,NO CONTROLS,NONE DETECTED,No,No Apparent Injury,"N/A, WET",NOT DISTRACTED,MD,PASSENGER CAR,SLOWING OR STOPPING,15,No,2017,HONDA,ACCORD,39.14666291,-77.16867647,2022,3,21
220011602,Property Damage Crash,03/17/2022 09:54:00 PM,NA,NA,OTHER,Clear,NA,Medium,NO CONTROLS,ALCOHOL PRESENT,Yes,No Apparent Injury,"N/A, WET",OTHER DISTRACTION,MD,PASSENGER CAR,STARTING FROM PARKED,15,No,2007,FORD,FREESTYLE,39.14666291,-77.16867647,2022,3,21
220011590,Property Damage Crash,03/17/2022 08:30:00 PM,PIER DR,NA,SAME DIR REAR END,Rain,WET,Medium,NO CONTROLS,ALCOHOL PRESENT,Yes,No Apparent Injury,N/A,OTHER DISTRACTION,MD,PASSENGER CAR,MOVING CONSTANT SPEED,15,No,2005,FORD,4S,39.06720295,-77.11577432,2022,3,20
220011581,Property Damage Crash,03/17/2022 07:20:00 PM,EAST WEST HWY,NA,SINGLE VEHICLE,Rain,WET,Medium,NO CONTROLS,NONE DETECTED,Yes,No Apparent Injury,"RAIN, SNOW, WET",UNKNOWN,NA,PICKUP TRUCK,MOVING CONSTANT SPEED,30,No,2006,FORD,F150,38.98794333,-77.07815667,2022,3,19
220011557,Property Damage Crash,03/17/2022 05:15:00 PM,COLUMBIA PIKE,NA,OTHER,Rain,WET,Daylight,N/A,NONE DETECTED,No,No Apparent Injury,"RAIN, SNOW, WET",NOT DISTRACTED,MD,PASSENGER CAR,MOVING CONSTANT SPEED,5,No,2009,LEXUS,IS250,39.03819167,-76.99530833,2022,3,17
220011557,Property Damage Crash,03/17/2022 05:15:00 PM,COLUMBIA PIKE,NA,OTHER,Rain,WET,Daylight,N/A,NONE DETECTED,Yes,No Apparent Injury,"RAIN, SNOW, WET",LOOKED BUT DID NOT SEE,MD,PASSENGER CAR,BACKING,5,No,2007,TOYOTA,CAMRY,39.03819167,-76.99530833,2022,3,17
220011542,Property Damage Crash,03/17/2022 04:09:00 PM,WIGHTMAN RD,NA,SINGLE VEHICLE,Rain,WET,Daylight,NO CONTROLS,NONE DETECTED,Yes,No Apparent Injury,"RAIN, SNOW, WET",UNKNOWN,MD,VAN,MOVING CONSTANT SPEED,35,No,2014,DODGE,GRAND CARAVAN,39.19754372,-77.19929788,2022,3,16
220011532,Injury Crash,03/17/2022 03:10:00 PM,COLUMBIA PIKE,NA,SAME DIR REAR END,Cloudy,WET,Daylight,N/A,NONE DETECTED,Yes,No Apparent Injury,"N/A, WET",INATTENTIVE OR LOST IN THOUGHT,MD,PASSENGER CAR,MOVING CONSTANT SPEED,40,No,2016,HYUNDAI,4D,39.03278667,-77.00393667,2022,3,15
220011532,Injury Crash,03/17/2022 03:10:00 PM,COLUMBIA PIKE,NA,SAME DIR REAR END,Cloudy,WET,Daylight,N/A,NONE DETECTED,No,Possible Minor Injury,"N/A, WET",NOT DISTRACTED,MD,PASSENGER CAR,SLOWING OR STOPPING,40,No,2011,TOYOTA,RAV 4,39.03278667,-77.00393667,2022,3,15
220011534,Property Damage Crash,03/17/2022 02:55:00 PM,SEVEN LOCKS RD,NA,STRAIGHT MOVEMENT ANGLE,Cloudy,DRY,Daylight,STOP SIGN,NONE DETECTED,Yes,No Apparent Injury,N/A,LOOKED BUT DID NOT SEE,MD,(SPORT) UTILITY VEHICLE,MAKING LEFT TURN,25,No,2015,ACURA,MDX,39.01254469,-77.16010545,2022,3,14
220011534,Property Damage Crash,03/17/2022 02:55:00 PM,SEVEN LOCKS RD,NA,STRAIGHT MOVEMENT ANGLE,Cloudy,DRY,Daylight,STOP SIGN,NONE DETECTED,No,No Apparent Injury,N/A,NOT DISTRACTED,MD,PASSENGER CAR,MOVING CONSTANT SPEED,25,No,2020,TESLA,3,39.01254469,-77.16010545,2022,3,14