Local Case Number,ACRS Report Type,Crash Date/Time,Road Name,Related Non-Motorist,Collision Type,Weather,Surface Condition,Light,Traffic Control,Driver Substance Abuse,Driver At Fault,Injury Severity,Circumstance,Driver Distracted By,Drivers License State,Vehicle Body Type,Vehicle Movement,Speed Limit,Driverless Vehicle,Vehicle Year,Vehicle Make,Vehicle Model,Latitude,Longitude,Year,Month,Hour
220011514,Injury Crash,03/17/2022 01:58:00 PM,COLUMBIA PIKE,NA,STRAIGHT MOVEMENT ANGLE,Rain,WET,Daylight,TRAFFIC SIGNAL,NONE DETECTED,Yes,Possible Minor Injury,N/A,LOOKED BUT DID NOT SEE,MD,(SPORT) UTILITY VEHICLE,MAKING LEFT TURN,40,No,2018,SUBARU,FORRESTER,39.03122667,-77.00488,2022,3,13
220011514,Injury Crash,03/17/2022 01:58:00 PM,COLUMBIA PIKE,NA,STRAIGHT MOVEMENT ANGLE,Rain,WET,Daylight,TRAFFIC SIGNAL,NONE DETECTED,No,Possible Minor Injury,N/A,NOT DISTRACTED,MD,PASSENGER CAR,MOVING CONSTANT SPEED,40,No,2014,FIAT,500,39.03122667,-77.00488,2022,3,13
220011500,Property Damage Crash,03/17/2022 12:41:00 PM,NEW HAMPSHIRE AVE,NA,SAME DIR REAR END,Rain,WET,Daylight,NO CONTROLS,NONE DETECTED,No,No Apparent Injury,"N/A, WET",NOT DISTRACTED,MD,PASSENGER CAR,MOVING CONSTANT SPEED,35,No,2011,TOYOTA,CAMRY,39.07058019,-77.00352492,2022,3,12
220011500,Property Damage Crash,03/17/2022 12:41:00 PM,NEW HAMPSHIRE AVE,NA,SAME DIR REAR END,Rain,WET,Daylight,NO CONTROLS,NONE DETECTED,Yes,No Apparent Injury,"N/A, WET",NOT DISTRACTED,CA,PASSENGER CAR,ACCELERATING,35,No,2013,TOYOTA,COROLLA,39.07058019,-77.00352492,2022,3,12
220011487,Property Damage Crash,03/17/2022 12:13:00 PM,MATENY RD,NA,HEAD ON LEFT TURN,Cloudy,DRY,Daylight,NO CONTROLS,NONE DETECTED,No,No Apparent Injury,N/A,NOT DISTRACTED,MD,PASSENGER CAR,MOVING CONSTANT SPEED,20,No,2019,HOND,4S,39.15837833,-77.266505,2022,3,12
220011487,Property Damage Crash,03/17/2022 12:13:00 PM,MATENY RD,NA,HEAD ON LEFT TURN,Cloudy,DRY,Daylight,NO CONTROLS,NONE DETECTED,Yes,No Apparent Injury,N/A,UNKNOWN,MD,OTHER,ACCELERATING,20,No,2011,CHEVY,CRUZ,39.15837833,-77.266505,2022,3,12
220011481,Property Damage Crash,03/17/2022 11:51:00 AM,S GLEN RD,NA,OTHER,Rain,WET,Daylight,TRAFFIC SIGNAL,NONE DETECTED,No,No Apparent Injury,"N/A, WET",NOT DISTRACTED,DC,PASSENGER CAR,STARTING FROM LANE,35,No,2018,MAZDA,UTILITY,39.02651833,-77.20442,2022,3,11
220011481,Property Damage Crash,03/17/2022 11:51:00 AM,S GLEN RD,NA,OTHER,Rain,WET,Daylight,TRAFFIC SIGNAL,NONE DETECTED,No,No Apparent Injury,"N/A, WET",NOT DISTRACTED,FL,PASSENGER CAR,STARTING FROM LANE,35,No,2019,BENTLEY,UTILITY,39.02651833,-77.20442,2022,3,11
220011481,Property Damage Crash,03/17/2022 11:51:00 AM,S GLEN RD,NA,OTHER,Rain,WET,Daylight,TRAFFIC SIGNAL,NONE DETECTED,Yes,No Apparent Injury,"N/A, WET",NOT DISTRACTED,MD,"OTHER LIGHT TRUCKS (10,000LBS (4,536KG) OR LESS)",SKIDDING,35,No,2008,CHEVROLET,DS,39.02651833,-77.20442,2022,3,11
220011486,Property Damage Crash,03/17/2022 11:48:00 AM,NA,NA,SAME DIRECTION SIDESWIPE,Cloudy,NA,Daylight,NO CONTROLS,NONE DETECTED,No,No Apparent Injury,N/A,NOT DISTRACTED,MD,PASSENGER CAR,PARKED,0,Unknown,2019,TOYOTA,RAV4,39.0915979,-77.04731821,2022,3,11
220011486,Property Damage Crash,03/17/2022 11:48:00 AM,NA,NA,SAME DIRECTION SIDESWIPE,Cloudy,NA,Daylight,NO CONTROLS,NONE DETECTED,Yes,No Apparent Injury,N/A,UNKNOWN,NA,PASSENGER CAR,ACCELERATING,5,No,2013,ACURA,TL,39.0915979,-77.04731821,2022,3,11
220011478,Property Damage Crash,03/17/2022 11:19:00 AM,E DIAMOND AVE,NA,OTHER,Cloudy,WET,Daylight,NO CONTROLS,NONE DETECTED,Yes,No Apparent Injury,"N/A, WET",NOT DISTRACTED,MD,PASSENGER CAR,BACKING,30,No,2017,VOLK,JETTA,39.14203667,-77.19028167,2022,3,11
220011478,Property Damage Crash,03/17/2022 11:19:00 AM,E DIAMOND AVE,NA,OTHER,Cloudy,WET,Daylight,NO CONTROLS,NONE DETECTED,No,No Apparent Injury,"N/A, WET",NOT DISTRACTED,MD,"CARGO VAN/LIGHT TRUCK 2 AXLES (OVER 10,000LBS (4,536 KG))",STOPPED IN TRAFFIC LANE,30,No,2021,INTL,TK,39.14203667,-77.19028167,2022,3,11
220011675,Property Damage Crash,03/17/2022 11:00:00 AM,SHADY GROVE RD,NA,SAME DIRECTION SIDESWIPE,Rain,WET,Daylight,TRAFFIC SIGNAL,NONE DETECTED,No,No Apparent Injury,N/A,NOT DISTRACTED,MD,PASSENGER CAR,STARTING FROM LANE,35,No,2020,CHEVY,EQUINOX,39.12241353,-77.17763766,2022,3,11
220011675,Property Damage Crash,03/17/2022 11:00:00 AM,SHADY GROVE RD,NA,SAME DIRECTION SIDESWIPE,Rain,WET,Daylight,TRAFFIC SIGNAL,NONE DETECTED,Yes,No Apparent Injury,N/A,NOT DISTRACTED,NA,NA,STARTING FROM LANE,35,No,0,UNKNOWN,UNKNOWN,39.12241353,-77.17763766,2022,3,11
220011448,Property Damage Crash,03/17/2022 08:45:00 AM,FREDERICK RD,NA,SAME DIRECTION SIDESWIPE,Clear,WET,Daylight,TRAFFIC SIGNAL,NONE DETECTED,No,No Apparent Injury,"N/A, WET",NOT DISTRACTED,MD,SCHOOL BUS,MOVING CONSTANT SPEED,45,No,2020,THMS,BU,39.19493,-77.24406167,2022,3,8
220011448,Property Damage Crash,03/17/2022 08:45:00 AM,FREDERICK RD,NA,SAME DIRECTION SIDESWIPE,Clear,WET,Daylight,TRAFFIC SIGNAL,NONE DETECTED,Yes,No Apparent Injury,"N/A, WET",NOT DISTRACTED,MD,PASSENGER CAR,MAKING RIGHT TURN,45,No,2001,ACUR,UT,39.19493,-77.24406167,2022,3,8
220011450,Property Damage Crash,03/17/2022 08:41:00 AM,LONGMEAD CROSSING DR,NA,OPPOSITE DIRECTION SIDESWIPE,Rain,WET,Daylight,N/A,NONE DETECTED,Yes,No Apparent Injury,N/A,NOT DISTRACTED,MD,PICKUP TRUCK,MOVING CONSTANT SPEED,0,No,2020,FORD,F250,39.09921167,-77.04780167,2022,3,8
220011450,Property Damage Crash,03/17/2022 08:41:00 AM,LONGMEAD CROSSING DR,NA,OPPOSITE DIRECTION SIDESWIPE,Rain,WET,Daylight,N/A,NONE DETECTED,No,No Apparent Injury,N/A,NOT DISTRACTED,MD,SCHOOL BUS,STOPPED IN TRAFFIC LANE,0,No,2020,THOMAS,BUS,39.09921167,-77.04780167,2022,3,8
220011437,Injury Crash,03/17/2022 07:32:00 AM,COLUMBIA PIKE,NA,ANGLE MEETS LEFT TURN,Rain,WET,Daylight,TRAFFIC SIGNAL,NONE DETECTED,No,Possible Minor Injury,"SLEET, HAIL, FREEZ. RAIN, WET",NOT DISTRACTED,MD,PASSENGER CAR,MOVING CONSTANT SPEED,45,No,2007,HONDA,ODYSSEY,39.04649333,-76.986823330000007,2022,3,7
220011437,Injury Crash,03/17/2022 07:32:00 AM,COLUMBIA PIKE,NA,ANGLE MEETS LEFT TURN,Rain,WET,Daylight,TRAFFIC SIGNAL,NONE DETECTED,Yes,No Apparent Injury,"SLEET, HAIL, FREEZ. RAIN, WET",LOOKED BUT DID NOT SEE,MD,PASSENGER CAR,MAKING LEFT TURN,45,No,2014,CHEVROLET,MALIBU LT,39.04649333,-76.986823330000007,2022,3,7
220011436,Property Damage Crash,03/17/2022 07:31:00 AM,GERMANTOWN RD,NA,SINGLE VEHICLE,Clear,WET,Daylight,NO CONTROLS,NONE DETECTED,Yes,No Apparent Injury,"N/A, WET",NO DRIVER PRESENT,MD,(SPORT) UTILITY VEHICLE,MAKING LEFT TURN,30,No,2014,ACURA,MDX,39.15994242,-77.28387411,2022,3,7
220011433,Injury Crash,03/17/2022 07:14:00 AM,COLESVILLE RD,PEDESTRIAN,OTHER,Cloudy,WET,Medium,TRAFFIC SIGNAL,NONE DETECTED,No,No Apparent Injury,N/A,UNKNOWN,MD,PASSENGER CAR,ACCELERATING,35,No,2015,VOLKSWAGEN,SW,38.99362539,-77.03204215,2022,3,7
220011438,Injury Crash,03/17/2022 06:45:00 AM,SNOUFFERS SCHOOL RD,PEDESTRIAN,SINGLE VEHICLE,Rain,WET,Medium,NO CONTROLS,NONE DETECTED,Yes,No Apparent Injury,"RAIN, SNOW, WET",UNKNOWN,NA,NA,MOVING CONSTANT SPEED,35,No,0,UNKNOWN,UNKNOWN,39.16204046,-77.16521098,2022,3,6
220011430,Injury Crash,03/17/2022 02:16:00 AM,GEORGIA AVE,NA,STRAIGHT MOVEMENT ANGLE,Clear,DRY,Medium,TRAFFIC SIGNAL,NONE DETECTED,Yes,No Apparent Injury,N/A,UNKNOWN,XX,PASSENGER CAR,MOVING CONSTANT SPEED,35,No,2017,HONDA,ACCORD,39.01572333,-77.04314667,2022,3,2
220011430,Injury Crash,03/17/2022 02:16:00 AM,GEORGIA AVE,NA,STRAIGHT MOVEMENT ANGLE,Clear,DRY,Medium,TRAFFIC SIGNAL,NONE DETECTED,No,Possible Minor Injury,N/A,NOT DISTRACTED,MD,PASSENGER CAR,MOVING CONSTANT SPEED,35,No,2010,KIA,SOUL,39.01572333,-77.04314667,2022,3,2
220011391,Property Damage Crash,03/16/2022 08:18:00 PM,RIO BLVD,NA,SAME DIRECTION SIDESWIPE,Clear,DRY,Medium,STOP SIGN,NONE DETECTED,Yes,No Apparent Injury,N/A,NOT DISTRACTED,PA,"MEDIUM/HEAVY TRUCKS 3 AXLES (OVER 10,000LBS (4,536KG))",MAKING LEFT TURN,10,No,2020,FREIGHTLINER,TR,39.11799312,-77.20044813,2022,3,20
220011382,Property Damage Crash,03/16/2022 07:14:00 PM,DARNESTOWN RD,NA,SINGLE VEHICLE,Cloudy,DRY,Medium,N/A,NONE DETECTED,Yes,No Apparent Injury,N/A,NOT DISTRACTED,MD,PASSENGER CAR,SKIDDING,50,No,2018,TOYOTA,4-RUNNER,39.153755,-77.366375,2022,3,19
220011377,Property Damage Crash,03/16/2022 06:51:00 PM,TOWER OAKS BLVD,NA,HEAD ON LEFT TURN,Clear,DRY,Daylight,STOP SIGN,NONE DETECTED,Yes,No Apparent Injury,N/A,LOOKED BUT DID NOT SEE,MD,PASSENGER CAR,MAKING LEFT TURN,30,No,2008,MERCEDES,GL500,39.06136002,-77.1548348,2022,3,18
220011377,Property Damage Crash,03/16/2022 06:51:00 PM,TOWER OAKS BLVD,NA,HEAD ON LEFT TURN,Clear,DRY,Daylight,STOP SIGN,NONE DETECTED,No,No Apparent Injury,N/A,NOT DISTRACTED,MD,PASSENGER CAR,MOVING CONSTANT SPEED,35,No,2017,AUDI,CN,39.06136002,-77.1548348,2022,3,18
220011376,Injury Crash,03/16/2022 06:49:00 PM,RIDGE RD,NA,SAME DIR REAR END,Clear,DRY,Daylight,TRAFFIC SIGNAL,NONE DETECTED,Yes,No Apparent Injury,N/A,UNKNOWN,VA,(SPORT) UTILITY VEHICLE,ACCELERATING,45,No,2020,BMW,XW,39.20225833,-77.25274333,2022,3,18
220011376,Injury Crash,03/16/2022 06:49:00 PM,RIDGE RD,NA,SAME DIR REAR END,Clear,DRY,Daylight,TRAFFIC SIGNAL,NONE DETECTED,No,Possible Minor Injury,N/A,NOT DISTRACTED,MD,(SPORT) UTILITY VEHICLE,STOPPED IN TRAFFIC LANE,45,No,2018,HONDA,HR-V,39.20225833,-77.25274333,2022,3,18
220011375,Injury Crash,03/16/2022 06:39:00 PM,SLIGO CREEK PKWY,NA,HEAD ON LEFT TURN,Clear,DRY,Daylight,TRAFFIC SIGNAL,NONE DETECTED,Yes,No Apparent Injury,N/A,LOOKED BUT DID NOT SEE,MD,PASSENGER CAR,MAKING LEFT TURN,35,No,2021,NISS,LEAF,39.00769165,-77.02007833,2022,3,18
220011375,Injury Crash,03/16/2022 06:39:00 PM,SLIGO CREEK PKWY,NA,HEAD ON LEFT TURN,Clear,DRY,Daylight,TRAFFIC SIGNAL,NONE DETECTED,No,Possible Minor Injury,N/A,NOT DISTRACTED,MD,PASSENGER CAR,MOVING CONSTANT SPEED,35,No,2019,MAZDA,MX5,39.00769165,-77.02007833,2022,3,18
220011378,Property Damage Crash,03/16/2022 06:39:00 PM,UNIVERSITY BLVD E,NA,SAME DIRECTION SIDESWIPE,Cloudy,DRY,Daylight,NO CONTROLS,ALCOHOL PRESENT,Yes,No Apparent Injury,N/A,NOT DISTRACTED,MD,PASSENGER CAR,CHANGING LANES,30,No,2001,DODG,PK,39.01109833,-77.00162,2022,3,18
220011378,Property Damage Crash,03/16/2022 06:39:00 PM,UNIVERSITY BLVD E,NA,SAME DIRECTION SIDESWIPE,Cloudy,DRY,Daylight,NO CONTROLS,NONE DETECTED,No,No Apparent Injury,N/A,NOT DISTRACTED,MD,PASSENGER CAR,MOVING CONSTANT SPEED,30,No,2011,MERZ,TK,39.01109833,-77.00162,2022,3,18
220011371,Injury Crash,03/16/2022 06:18:00 PM,BALTIMORE RD,NA,SAME DIR REAR END,Clear,DRY,Daylight,NO CONTROLS,NONE DETECTED,No,No Apparent Injury,N/A,NOT DISTRACTED,MD,(SPORT) UTILITY VEHICLE,STOPPED IN TRAFFIC LANE,30,No,2015,MITSUBISHI,OUTLANDER,39.0877345,-77.11575417,2022,3,18
220011371,Injury Crash,03/16/2022 06:18:00 PM,BALTIMORE RD,NA,SAME DIR REAR END,Clear,DRY,Daylight,NO CONTROLS,NONE DETECTED,No,Possible Minor Injury,N/A,NOT DISTRACTED,MD,PASSENGER CAR,SLOWING OR STOPPING,30,No,2019,FORD,FIESTA,39.0877345,-77.11575417,2022,3,18
220011371,Injury Crash,03/16/2022 06:18:00 PM,BALTIMORE RD,NA,SAME DIR REAR END,Clear,DRY,Daylight,NO CONTROLS,NONE DETECTED,Yes,Possible Minor Injury,N/A,NOT DISTRACTED,MD,(SPORT) UTILITY VEHICLE,SLOWING OR STOPPING,30,No,2011,JEEP,WRANGLER,39.0877345,-77.11575417,2022,3,18
220011365,Injury Crash,03/16/2022 06:04:00 PM,GERMANTOWN RD,NA,HEAD ON LEFT TURN,Clear,DRY,Daylight,TRAFFIC SIGNAL,NONE DETECTED,No,Possible Minor Injury,N/A,NOT DISTRACTED,MD,PASSENGER CAR,MOVING CONSTANT SPEED,40,No,2016,FORD,FUSION,39.18846974,-77.25153832,2022,3,18
220011365,Injury Crash,03/16/2022 06:04:00 PM,GERMANTOWN RD,NA,HEAD ON LEFT TURN,Clear,DRY,Daylight,TRAFFIC SIGNAL,NONE DETECTED,Yes,No Apparent Injury,N/A,NOT DISTRACTED,MD,PASSENGER CAR,MAKING LEFT TURN,40,No,2012,JEEP,SUV,39.18846974,-77.25153832,2022,3,18
220011355,Injury Crash,03/16/2022 05:45:00 PM,COLESVILLE RD,NA,HEAD ON LEFT TURN,Clear,DRY,Daylight,NO CONTROLS,NONE DETECTED,Yes,Possible Minor Injury,N/A,NOT DISTRACTED,MD,PASSENGER CAR,MAKING LEFT TURN,30,No,2012,HONDA,4S,39.02163833,-77.01182167,2022,3,17
220011355,Injury Crash,03/16/2022 05:45:00 PM,COLESVILLE RD,NA,HEAD ON LEFT TURN,Clear,DRY,Daylight,NO CONTROLS,NONE DETECTED,No,No Apparent Injury,N/A,NOT DISTRACTED,MD,PASSENGER CAR,MOVING CONSTANT SPEED,30,No,2007,FORD,MUSTANG,39.02163833,-77.01182167,2022,3,17
220011353,Property Damage Crash,03/16/2022 04:50:00 PM,MT PISGAH RD,NA,OTHER,Clear,DRY,Daylight,NO CONTROLS,NONE DETECTED,No,No Apparent Injury,N/A,NOT DISTRACTED,MD,PASSENGER CAR,STOPPED IN TRAFFIC LANE,25,No,2018,HOND,CIVIC,39.01267233,-76.9775115,2022,3,16
220011353,Property Damage Crash,03/16/2022 04:50:00 PM,MT PISGAH RD,NA,OTHER,Clear,DRY,Daylight,NO CONTROLS,NONE DETECTED,Yes,No Apparent Injury,N/A,UNKNOWN,XX,PASSENGER CAR,BACKING,25,No,2017,RAM,PROMASTER 1500,39.01267233,-76.9775115,2022,3,16
220011346,Injury Crash,03/16/2022 04:00:00 PM,GEORGIA AVE,NA,STRAIGHT MOVEMENT ANGLE,Clear,DRY,Daylight,TRAFFIC SIGNAL,NONE DETECTED,Yes,Possible Minor Injury,N/A,NOT DISTRACTED,MD,PASSENGER CAR,ACCELERATING,35,No,2012,SCION,2D,39.02999,-77.0478,2022,3,16
220011346,Injury Crash,03/16/2022 04:00:00 PM,GEORGIA AVE,NA,STRAIGHT MOVEMENT ANGLE,Clear,DRY,Daylight,TRAFFIC SIGNAL,NONE DETECTED,No,No Apparent Injury,N/A,NOT DISTRACTED,MD,SCHOOL BUS,STARTING FROM LANE,25,No,2020,THOMAS,SCHOOL BUS,39.02999,-77.0478,2022,3,16
220011321,Property Damage Crash,03/16/2022 03:30:00 PM,ROCKVILLE PIKE,NA,SAME DIR REAR END,Clear,DRY,Daylight,NO CONTROLS,NONE DETECTED,No,No Apparent Injury,N/A,NOT DISTRACTED,MD,PASSENGER CAR,SLOWING OR STOPPING,35,No,2013,HONDA,CRV,39.00683043,-77.09747846,2022,3,15
220011321,Property Damage Crash,03/16/2022 03:30:00 PM,ROCKVILLE PIKE,NA,SAME DIR REAR END,Clear,DRY,Daylight,NO CONTROLS,NONE DETECTED,Yes,No Apparent Injury,N/A,LOOKED BUT DID NOT SEE,MD,PASSENGER CAR,MOVING CONSTANT SPEED,35,No,2008,HONDA,CIVIC,39.00683043,-77.09747846,2022,3,15
220011324,Property Damage Crash,03/16/2022 03:20:00 PM,RIO BLVD,NA,OTHER,Clear,DRY,Daylight,NO CONTROLS,NONE DETECTED,Yes,No Apparent Injury,N/A,NOT DISTRACTED,MD,PASSENGER CAR,PARKED,15,No,2020,LEXUS,TK,39.11830023,-77.20095668,2022,3,15
220011324,Property Damage Crash,03/16/2022 03:20:00 PM,RIO BLVD,NA,OTHER,Clear,DRY,Daylight,NO CONTROLS,NONE DETECTED,No,No Apparent Injury,N/A,NOT DISTRACTED,MD,PASSENGER CAR,MOVING CONSTANT SPEED,15,No,2021,FORD,UT,39.11830023,-77.20095668,2022,3,15
220011312,Property Damage Crash,03/16/2022 01:45:00 PM,NEW HAMPSHIRE AVE,NA,SAME DIRECTION SIDESWIPE,Clear,DRY,Daylight,NO CONTROLS,NONE DETECTED,No,No Apparent Injury,N/A,NOT DISTRACTED,MD,PASSENGER CAR,STOPPED IN TRAFFIC LANE,35,No,2020,TOYOTA,CAMRY,38.98843727,-76.9876675,2022,3,13
220011312,Property Damage Crash,03/16/2022 01:45:00 PM,NEW HAMPSHIRE AVE,NA,SAME DIRECTION SIDESWIPE,Clear,DRY,Daylight,NO CONTROLS,NONE DETECTED,Yes,No Apparent Injury,N/A,UNKNOWN,NA,(SPORT) UTILITY VEHICLE,ACCELERATING,35,No,2021,CHEVROLET,BLAZER,38.98843727,-76.9876675,2022,3,13
220011304,Property Damage Crash,03/16/2022 01:40:00 PM,FRIENDSHIP BLVD,NA,OTHER,Clear,DRY,Daylight,STOP SIGN,NONE DETECTED,Yes,No Apparent Injury,N/A,NOT DISTRACTED,MD,PASSENGER CAR,STARTING FROM LANE,25,No,2010,MAZDA,3,38.9629005,-77.08889267,2022,3,13
220011268,Property Damage Crash,03/16/2022 09:54:00 AM,EAST WEST HWY,NA,HEAD ON,Clear,DRY,Daylight,NO CONTROLS,NONE DETECTED,No,No Apparent Injury,N/A,NOT DISTRACTED,MD,PICKUP TRUCK,MOVING CONSTANT SPEED,35,No,2014,FORD,F250,38.99320721,-77.06416846,2022,3,9
220011268,Property Damage Crash,03/16/2022 09:54:00 AM,EAST WEST HWY,NA,HEAD ON,Clear,DRY,Daylight,NO CONTROLS,NONE DETECTED,Yes,No Apparent Injury,N/A,UNKNOWN,MD,PICKUP TRUCK,MOVING CONSTANT SPEED,35,No,2012,FORD,F250,38.99320721,-77.06416846,2022,3,9
220011257,Property Damage Crash,03/16/2022 08:41:00 AM,NA,NA,SINGLE VEHICLE,Clear,NA,Daylight,NO CONTROLS,NONE DETECTED,Yes,No Apparent Injury,N/A,UNKNOWN,XX,PASSENGER CAR,SLOWING OR STOPPING,0,No,2021,KIA,SOUL,39.057985,-77.111915,2022,3,8
220011258,Property Damage Crash,03/16/2022 08:10:00 AM,GARFIELD AVE,NA,SAME DIRECTION SIDESWIPE,Clear,DRY,Daylight,STOP SIGN,NONE DETECTED,Yes,No Apparent Injury,N/A,UNKNOWN,NA,TRUCK TRACTOR,SLOWING OR STOPPING,25,No,2000,FREIGHTLINE,TRUCK,39.00137833,-77.05461167,2022,3,8
220011258,Property Damage Crash,03/16/2022 08:10:00 AM,GARFIELD AVE,NA,SAME DIRECTION SIDESWIPE,Clear,DRY,Daylight,STOP SIGN,NONE DETECTED,No,No Apparent Injury,N/A,NOT DISTRACTED,MD,PASSENGER CAR,PARKED,25,No,2012,FORD,TRUCK,39.00137833,-77.05461167,2022,3,8
220011252,Property Damage Crash,03/16/2022 07:00:00 AM,KERSEY RD,NA,SAME DIRECTION SIDESWIPE,Clear,DRY,Medium,N/A,NONE DETECTED,Yes,No Apparent Injury,N/A,LOOKED BUT DID NOT SEE,MD,SCHOOL BUS,MOVING CONSTANT SPEED,30,No,2020,THOMAS,BUS,39.04319833,-77.03243833,2022,3,7
220011237,Property Damage Crash,03/15/2022 11:45:00 PM,CHARLES RD,NA,SAME DIRECTION SIDESWIPE,Clear,DRY,Medium,NO CONTROLS,NONE DETECTED,Yes,No Apparent Injury,N/A,UNKNOWN,MD,PASSENGER CAR,MOVING CONSTANT SPEED,15,No,2012,HYUNDAI,GENESIS,39.04905705,-77.08324532,2022,3,23
220011232,Property Damage Crash,03/15/2022 09:25:00 PM,MARINELLI RD,NA,SAME DIR REAR END,Clear,DRY,Medium,NO CONTROLS,NONE DETECTED,Yes,No Apparent Injury,N/A,UNKNOWN,NA,NA,MOVING CONSTANT SPEED,25,No,0,UNKNOWN,UNKNOWN,39.04757667,-77.1103753,2022,3,21
220011218,Injury Crash,03/15/2022 08:03:00 PM,GREAT SENECA HWY,NA,SAME DIR REAR END,Clear,DRY,Dark,NO CONTROLS,NONE DETECTED,Yes,No Apparent Injury,N/A,UNKNOWN,MD,PASSENGER CAR,MOVING CONSTANT SPEED,40,No,2021,MAZDA,UT,39.1258719,-77.23449702,2022,3,20
220011218,Injury Crash,03/15/2022 08:03:00 PM,GREAT SENECA HWY,NA,SAME DIR REAR END,Clear,DRY,Dark,NO CONTROLS,NONE DETECTED,No,Possible Minor Injury,N/A,NOT DISTRACTED,MD,PASSENGER CAR,STOPPED IN TRAFFIC LANE,40,No,2021,KIA,UT,39.1258719,-77.23449702,2022,3,20
220011208,Property Damage Crash,03/15/2022 07:15:00 PM,MONTGOMERY VILLAGE AVE,NA,STRAIGHT MOVEMENT ANGLE,Clear,DRY,Medium,TRAFFIC SIGNAL,NONE DETECTED,Yes,No Apparent Injury,N/A,LOOKED BUT DID NOT SEE,MD,PASSENGER CAR,MAKING LEFT TURN,35,No,2017,CHEVY,CRUZ,39.15434253,-77.20903598,2022,3,19
220011208,Property Damage Crash,03/15/2022 07:15:00 PM,MONTGOMERY VILLAGE AVE,NA,STRAIGHT MOVEMENT ANGLE,Clear,DRY,Medium,TRAFFIC SIGNAL,NONE DETECTED,No,No Apparent Injury,N/A,NOT DISTRACTED,MD,PASSENGER CAR,MOVING CONSTANT SPEED,35,No,2015,HYUNDAI,GENESIS,39.15434253,-77.20903598,2022,3,19
220011203,Property Damage Crash,03/15/2022 06:04:00 PM,EISENHOWER MEMORIAL HWY,NA,SAME DIR REAR END,Clear,DRY,Daylight,N/A,NONE DETECTED,No,No Apparent Injury,N/A,NOT DISTRACTED,VA,PASSENGER CAR,STOPPED IN TRAFFIC LANE,55,No,2022,TOYOTA,4RUNNER,39.10883,-77.18531833,2022,3,18
220011203,Property Damage Crash,03/15/2022 06:04:00 PM,EISENHOWER MEMORIAL HWY,NA,SAME DIR REAR END,Clear,DRY,Daylight,N/A,NONE DETECTED,Yes,No Apparent Injury,N/A,UNKNOWN,MD,OTHER,SLOWING OR STOPPING,55,No,2022,FREIGHT LINER,TRUCK,39.10883,-77.18531833,2022,3,18
220011203,Property Damage Crash,03/15/2022 06:04:00 PM,EISENHOWER MEMORIAL HWY,NA,SAME DIR REAR END,Clear,DRY,Daylight,N/A,NONE DETECTED,No,No Apparent Injury,N/A,NOT DISTRACTED,MD,PASSENGER CAR,STOPPED IN TRAFFIC LANE,55,No,2017,MAZDA,MAZDA 6,39.10883,-77.18531833,2022,3,18
220011181,Injury Crash,03/15/2022 04:53:00 PM,WOODFIELD RD,NA,SAME DIR REAR END,Clear,DRY,Daylight,TRAFFIC SIGNAL,NONE DETECTED,Yes,Possible Minor Injury,N/A,LOOKED BUT DID NOT SEE,MD,PASSENGER CAR,MOVING CONSTANT SPEED,40,No,2005,HOND,TK,39.27435483,-77.2043185,2022,3,16
220011181,Injury Crash,03/15/2022 04:53:00 PM,WOODFIELD RD,NA,SAME DIR REAR END,Clear,DRY,Daylight,TRAFFIC SIGNAL,NONE DETECTED,No,Possible Minor Injury,N/A,NOT DISTRACTED,MD,PASSENGER CAR,STOPPED IN TRAFFIC LANE,40,No,2016,BMW,UT,39.27435483,-77.2043185,2022,3,16
220011181,Injury Crash,03/15/2022 04:53:00 PM,WOODFIELD RD,NA,SAME DIR REAR END,Clear,DRY,Daylight,TRAFFIC SIGNAL,NONE DETECTED,No,No Apparent Injury,N/A,NOT DISTRACTED,MD,PASSENGER CAR,STOPPED IN TRAFFIC LANE,40,No,2018,HYUN,4S,39.27435483,-77.2043185,2022,3,16
220011182,Property Damage Crash,03/15/2022 03:51:00 PM,GREENCASTLE RD,MACHINE OPERATOR/RIDER,OTHER,Clear,DRY,Daylight,PERSON,NONE DETECTED,Yes,No Apparent Injury,N/A,NOT DISTRACTED,MD,SCHOOL BUS,MAKING RIGHT TURN,45,No,2014,THOMAS,BUS,39.088662,-76.93069983,2022,3,15
220011162,Property Damage Crash,03/15/2022 03:32:00 PM,WATKINS MILL RD,NA,SAME DIR REAR END,Clear,DRY,Daylight,OTHER,NONE DETECTED,Yes,No Apparent Injury,N/A,NOT DISTRACTED,MD,(SPORT) UTILITY VEHICLE,UNKNOWN,35,No,2006,HYUN,TUCSON,39.18277967,-77.2104995,2022,3,15
220011162,Property Damage Crash,03/15/2022 03:32:00 PM,WATKINS MILL RD,NA,SAME DIR REAR END,Clear,DRY,Daylight,OTHER,NONE DETECTED,No,No Apparent Injury,N/A,NOT DISTRACTED,MD,(SPORT) UTILITY VEHICLE,STOPPED IN TRAFFIC LANE,35,No,2021,VOLV,XC60,39.18277967,-77.2104995,2022,3,15
220011165,Property Damage Crash,03/15/2022 03:30:00 PM,RANDOLPH RD,NA,HEAD ON LEFT TURN,Clear,DRY,Daylight,TRAFFIC SIGNAL,NONE DETECTED,No,No Apparent Injury,N/A,NOT DISTRACTED,MD,PICKUP TRUCK,ACCELERATING,35,No,2022,TOYOTA,TACOMA,39.058383,-77.055341,2022,3,15
220011165,Property Damage Crash,03/15/2022 03:30:00 PM,RANDOLPH RD,NA,HEAD ON LEFT TURN,Clear,DRY,Daylight,TRAFFIC SIGNAL,NONE DETECTED,Yes,No Apparent Injury,N/A,INATTENTIVE OR LOST IN THOUGHT,MD,PASSENGER CAR,MAKING LEFT TURN,35,No,2005,LEXUS,ES330,39.058383,-77.055341,2022,3,15
220011176,Injury Crash,03/15/2022 03:23:00 PM,EAST WEST HWY,BICYCLIST,STRAIGHT MOVEMENT ANGLE,Clear,DRY,Daylight,FLASHING TRAFFIC SIGNAL,NONE DETECTED,Yes,No Apparent Injury,N/A,LOOKED BUT DID NOT SEE,DC,(SPORT) UTILITY VEHICLE,MAKING LEFT TURN,30,No,2021,VOLKSWAGON,UT,38.99323167,-77.06343333,2022,3,15
220011163,Property Damage Crash,03/15/2022 03:19:00 PM,UNIVERSITY BLVD E,NA,SAME DIRECTION SIDESWIPE,Clear,DRY,Daylight,OTHER,NONE DETECTED,No,No Apparent Injury,N/A,NOT DISTRACTED,MD,PASSENGER CAR,STOPPED IN TRAFFIC LANE,30,No,2001,TOYOTA,TACOMA,39.00057122,-76.99564827,2022,3,15
220011163,Property Damage Crash,03/15/2022 03:19:00 PM,UNIVERSITY BLVD E,NA,SAME DIRECTION SIDESWIPE,Clear,DRY,Daylight,OTHER,NONE DETECTED,Yes,No Apparent Injury,N/A,UNKNOWN,NA,PASSENGER CAR,CHANGING LANES,30,No,2006,NISSAN,TK,39.00057122,-76.99564827,2022,3,15
220011152,Injury Crash,03/15/2022 03:00:00 PM,JOHNSON DR,NA,STRAIGHT MOVEMENT ANGLE,Clear,DRY,Daylight,NO CONTROLS,NONE DETECTED,Yes,No Apparent Injury,N/A,LOOKED BUT DID NOT SEE,MD,PASSENGER CAR,MAKING RIGHT TURN,15,No,2014,HYUN,4S,39.237565,-77.278125,2022,3,15