Local Case Number,ACRS Report Type,Crash Date/Time,Road Name,Related Non-Motorist,Collision Type,Weather,Surface Condition,Light,Traffic Control,Driver Substance Abuse,Driver At Fault,Injury Severity,Circumstance,Driver Distracted By,Drivers License State,Vehicle Body Type,Vehicle Movement,Speed Limit,Driverless Vehicle,Vehicle Year,Vehicle Make,Vehicle Model,Latitude,Longitude,Year,Month,Hour
220010823,Property Damage Crash,03/13/2022 12:59:00 PM,COLUMBIA PIKE,NA,SAME DIR REAR END,Clear,DRY,Daylight,TRAFFIC SIGNAL,NONE DETECTED,No,No Apparent Injury,N/A,NOT DISTRACTED,MD,PASSENGER CAR,STOPPED IN TRAFFIC LANE,50,No,2015,HYUN,SONATA,39.09639167,-76.93748667,2022,3,12
220010823,Property Damage Crash,03/13/2022 12:59:00 PM,COLUMBIA PIKE,NA,SAME DIR REAR END,Clear,DRY,Daylight,TRAFFIC SIGNAL,NONE DETECTED,Yes,No Apparent Injury,N/A,NOT DISTRACTED,VA,PASSENGER CAR,ACCELERATING,50,No,2005,CHEVY,EXPRESS VAN,39.09639167,-76.93748667,2022,3,12
220010817,Property Damage Crash,03/13/2022 12:14:00 PM,NOYES DR,NA,OTHER,Clear,DRY,Daylight,N/A,NONE DETECTED,No,No Apparent Injury,N/A,NOT DISTRACTED,MD,PICKUP TRUCK,MOVING CONSTANT SPEED,30,No,2011,CHEVROLET,SILVERADO,39.00258833,-77.03453333,2022,3,12
220010817,Property Damage Crash,03/13/2022 12:14:00 PM,NOYES DR,NA,OTHER,Clear,DRY,Daylight,N/A,NONE DETECTED,Yes,No Apparent Injury,N/A,NOT DISTRACTED,MD,PASSENGER CAR,BACKING,30,No,2011,TOYOTA,4RUNNER,39.00258833,-77.03453333,2022,3,12
220010804,Property Damage Crash,03/13/2022 09:27:00 AM,GEORGIA AVE,NA,STRAIGHT MOVEMENT ANGLE,Clear,DRY,Daylight,N/A,NONE DETECTED,No,No Apparent Injury,N/A,NOT DISTRACTED,MD,PASSENGER CAR,MOVING CONSTANT SPEED,30,No,2011,DODGE,AVENGER,39.15134833,-77.06686,2022,3,9
220010804,Property Damage Crash,03/13/2022 09:27:00 AM,GEORGIA AVE,NA,STRAIGHT MOVEMENT ANGLE,Clear,DRY,Daylight,N/A,NONE DETECTED,Yes,No Apparent Injury,N/A,UNKNOWN,MD,PASSENGER CAR,MAKING LEFT TURN,30,No,2017,HONDA,ACCORD,39.15134833,-77.06686,2022,3,9
220010801,Injury Crash,03/13/2022 08:40:00 AM,WILLARD AVE,PEDESTRIAN,N/A,Clear,DRY,Daylight,TRAFFIC SIGNAL,NONE DETECTED,Yes,No Apparent Injury,"N/A, VISION OBSTRUCTION (INCL. BLINDED BY SUN)",LOOKED BUT DID NOT SEE,MD,(SPORT) UTILITY VEHICLE,MAKING RIGHT TURN,30,No,2019,CADILLAC,ESCALADE,38.96318833,-77.09128667,2022,3,8
220010787,Property Damage Crash,03/13/2022 04:40:00 AM,UNIVERSITY BLVD E,NA,SAME DIR REAR END,Clear,DRY,Medium,TRAFFIC SIGNAL,NONE DETECTED,Yes,No Apparent Injury,N/A,UNKNOWN,NA,PASSENGER CAR,UNKNOWN,45,No,2013,CHEVY,TRAVERSE,39.02019,-77.01254333,2022,3,4
220010787,Property Damage Crash,03/13/2022 04:40:00 AM,UNIVERSITY BLVD E,NA,SAME DIR REAR END,Clear,DRY,Medium,TRAFFIC SIGNAL,NONE DETECTED,No,No Apparent Injury,N/A,NOT DISTRACTED,MD,PASSENGER CAR,STOPPED IN TRAFFIC LANE,45,No,2011,BMW,300,39.02019,-77.01254333,2022,3,4
220010785,Injury Crash,03/13/2022 03:58:00 AM,MONTROSE RD,NA,SAME DIR REAR END,Snow,ICE,Medium,FLASHING TRAFFIC SIGNAL,NONE DETECTED,No,Possible Minor Injury,"ICY OR SNOW-COVERED, RAIN, SNOW",NOT DISTRACTED,MD,PASSENGER CAR,STOPPED IN TRAFFIC LANE,45,No,2013,HYUN,4S,39.05722043,-77.16129915,2022,3,3
220010785,Injury Crash,03/13/2022 03:58:00 AM,MONTROSE RD,NA,SAME DIR REAR END,Snow,ICE,Medium,FLASHING TRAFFIC SIGNAL,NONE DETECTED,Yes,No Apparent Injury,"ICY OR SNOW-COVERED, RAIN, SNOW",LOOKED BUT DID NOT SEE,MD,PASSENGER CAR,MOVING CONSTANT SPEED,45,No,2016,CHEVY,EQUINOX LTZ,39.05722043,-77.16129915,2022,3,3
220010783,Injury Crash,03/13/2022 03:43:00 AM,NEW HAMPSHIRE AVE,NA,SINGLE VEHICLE,Clear,N/A,Medium,N/A,NONE DETECTED,Yes,Possible Minor Injury,N/A,UNKNOWN,MD,PICKUP TRUCK,MOVING CONSTANT SPEED,30,No,2004,GMC,SIERRA,39.20617817,-77.0347905,2022,3,3
220010784,Property Damage Crash,03/13/2022 03:31:00 AM,GEORGIA AVE,NA,SAME DIR REAR END,Clear,DRY,Medium,TRAFFIC SIGNAL,NONE DETECTED,No,No Apparent Injury,N/A,NOT DISTRACTED,VA,PASSENGER CAR,STOPPED IN TRAFFIC LANE,35,No,2018,TOYOTA,CAMRY,38.99133333,-77.02653667,2022,3,3
220010784,Property Damage Crash,03/13/2022 03:31:00 AM,GEORGIA AVE,NA,SAME DIR REAR END,Clear,DRY,Medium,TRAFFIC SIGNAL,ALCOHOL PRESENT,Yes,No Apparent Injury,N/A,LOOKED BUT DID NOT SEE,VA,(SPORT) UTILITY VEHICLE,SLOWING OR STOPPING,35,No,2020,HONDA,CRV,38.99133333,-77.02653667,2022,3,3
220010778,Property Damage Crash,03/13/2022 12:50:00 AM,BRADLEY BLVD,NA,STRAIGHT MOVEMENT ANGLE,Clear,DRY,Medium,FLASHING TRAFFIC SIGNAL,NONE DETECTED,Yes,No Apparent Injury,N/A,NOT DISTRACTED,MD,PASSENGER CAR,MOVING CONSTANT SPEED,25,No,2009,ACURA,TSX,39.00327733,-77.13492017,2022,3,0
220010778,Property Damage Crash,03/13/2022 12:50:00 AM,BRADLEY BLVD,NA,STRAIGHT MOVEMENT ANGLE,Clear,DRY,Medium,FLASHING TRAFFIC SIGNAL,NONE DETECTED,No,No Apparent Injury,N/A,NOT DISTRACTED,VA,PASSENGER CAR,SLOWING OR STOPPING,35,No,2019,TOYOTA,HIGHLANDER,39.00327733,-77.13492017,2022,3,0
220010777,Injury Crash,03/13/2022 12:45:00 AM,MIDCOUNTY HWY,NA,HEAD ON LEFT TURN,Clear,DRY,Medium,FLASHING TRAFFIC SIGNAL,NONE DETECTED,Yes,No Apparent Injury,N/A,NOT DISTRACTED,MD,PASSENGER CAR,MAKING LEFT TURN,55,No,2019,HOND,SD,39.15108022,-77.17423325,2022,3,0
220010777,Injury Crash,03/13/2022 12:45:00 AM,MIDCOUNTY HWY,NA,HEAD ON LEFT TURN,Clear,DRY,Medium,FLASHING TRAFFIC SIGNAL,NONE DETECTED,No,Possible Minor Injury,N/A,NOT DISTRACTED,MD,PASSENGER CAR,MOVING CONSTANT SPEED,55,No,2010,BMW,TK,39.15108022,-77.17423325,2022,3,0
220010776,Injury Crash,03/13/2022 12:40:00 AM,COLESVILLE RD,NA,SAME DIR REAR END,Clear,DRY,Medium,TRAFFIC SIGNAL,ALCOHOL PRESENT,Yes,No Apparent Injury,N/A,UNKNOWN,DC,PASSENGER CAR,MOVING CONSTANT SPEED,45,No,2012,CHEVY,SONIC,39.005233,-77.02287,2022,3,0
220010776,Injury Crash,03/13/2022 12:40:00 AM,COLESVILLE RD,NA,SAME DIR REAR END,Clear,DRY,Medium,TRAFFIC SIGNAL,NONE DETECTED,No,No Apparent Injury,N/A,UNKNOWN,MD,PASSENGER CAR,STOPPED IN TRAFFIC LANE,45,No,2016,LEXUS,GS 350,39.005233,-77.02287,2022,3,0
220010774,Property Damage Crash,03/12/2022 11:54:00 PM,FALLS RD,NA,SINGLE VEHICLE,Snow,WET,Dark,NO CONTROLS,NONE DETECTED,Yes,No Apparent Injury,"ICY OR SNOW-COVERED, RAIN, SNOW",NOT DISTRACTED,MD,PASSENGER CAR,SKIDDING,35,No,2018,NISS,PC,39.0463959,-77.19104016,2022,3,23
220010773,Property Damage Crash,03/12/2022 10:47:00 PM,KING JAMES WAY,NA,HEAD ON,Clear,DRY,Medium,NO CONTROLS,NONE DETECTED,Yes,No Apparent Injury,N/A,INATTENTIVE OR LOST IN THOUGHT,XX,PASSENGER CAR,MOVING CONSTANT SPEED,15,No,2012,TOYOTA,COROLLA,39.13823072,-77.20665875,2022,3,22
220010773,Property Damage Crash,03/12/2022 10:47:00 PM,KING JAMES WAY,NA,HEAD ON,Clear,DRY,Medium,NO CONTROLS,NONE DETECTED,No,No Apparent Injury,N/A,NOT DISTRACTED,MD,PASSENGER CAR,STOPPED IN TRAFFIC LANE,15,No,2022,TOYOTA,RAV4,39.13823072,-77.20665875,2022,3,22
220010771,Property Damage Crash,03/12/2022 10:20:00 PM,MEDICAL CENTER DR,NA,HEAD ON,Clear,ICE,Medium,NO CONTROLS,NONE DETECTED,No,No Apparent Injury,"ICY OR SNOW-COVERED, N/A",NOT DISTRACTED,MD,PASSENGER CAR,MOVING CONSTANT SPEED,30,No,2011,ACURA,MDX,39.09331167,-77.207595,2022,3,22
220010771,Property Damage Crash,03/12/2022 10:20:00 PM,MEDICAL CENTER DR,NA,HEAD ON,Clear,ICE,Medium,NO CONTROLS,NONE DETECTED,Yes,No Apparent Injury,"ICY OR SNOW-COVERED, N/A",UNKNOWN,NA,UNKNOWN,MOVING CONSTANT SPEED,30,No,0,UNKNOWN,UNKNOWN,39.09331167,-77.207595,2022,3,22
220010768,Property Damage Crash,03/12/2022 09:05:00 PM,COLUMBIA PIKE,NA,SAME DIRECTION SIDESWIPE,Clear,DRY,Dark,NO CONTROLS,NONE DETECTED,Yes,No Apparent Injury,N/A,UNKNOWN,NA,PASSENGER CAR,UNKNOWN,55,No,2008,HONDA,ACCORD,39.11823333,-76.92734167,2022,3,21
220010768,Property Damage Crash,03/12/2022 09:05:00 PM,COLUMBIA PIKE,NA,SAME DIRECTION SIDESWIPE,Clear,DRY,Dark,NO CONTROLS,NONE DETECTED,No,No Apparent Injury,N/A,NOT DISTRACTED,MD,(SPORT) UTILITY VEHICLE,MOVING CONSTANT SPEED,55,No,2016,GMC,ACADIA,39.11823333,-76.92734167,2022,3,21
220010766,Property Damage Crash,03/12/2022 09:00:00 PM,MUDDY BRANCH RD,NA,STRAIGHT MOVEMENT ANGLE,Windy,DRY,Medium,STOP SIGN,NONE DETECTED,No,No Apparent Injury,N/A,NOT DISTRACTED,MD,PASSENGER CAR,STOPPED IN TRAFFIC LANE,15,No,2014,SPARK,HB,39.13682167,-77.20577833,2022,3,21
220010766,Property Damage Crash,03/12/2022 09:00:00 PM,MUDDY BRANCH RD,NA,STRAIGHT MOVEMENT ANGLE,Windy,DRY,Medium,STOP SIGN,NONE DETECTED,Yes,No Apparent Injury,N/A,UNKNOWN,MD,PASSENGER CAR,ACCELERATING,40,No,2013,DODG,DART,39.13682167,-77.20577833,2022,3,21
220010766,Property Damage Crash,03/12/2022 09:00:00 PM,MUDDY BRANCH RD,NA,STRAIGHT MOVEMENT ANGLE,Windy,DRY,Medium,STOP SIGN,NONE DETECTED,No,No Apparent Injury,N/A,UNKNOWN,MD,PASSENGER CAR,MOVING CONSTANT SPEED,40,No,2011,LEXU,4S,39.13682167,-77.20577833,2022,3,21
220010758,Property Damage Crash,03/12/2022 07:30:00 PM,MIDDLEBROOK RD,NA,HEAD ON LEFT TURN,Snow,SNOW,Medium,TRAFFIC SIGNAL,NONE DETECTED,Yes,No Apparent Injury,"ICY OR SNOW-COVERED, RAIN, SNOW",LOOKED BUT DID NOT SEE,MD,PASSENGER CAR,MAKING LEFT TURN,35,No,2020,CHEVY,SEDAN,39.17704667,-77.26421167,2022,3,19
220010758,Property Damage Crash,03/12/2022 07:30:00 PM,MIDDLEBROOK RD,NA,HEAD ON LEFT TURN,Snow,SNOW,Medium,TRAFFIC SIGNAL,NONE DETECTED,No,No Apparent Injury,"ICY OR SNOW-COVERED, RAIN, SNOW",NOT DISTRACTED,MD,PASSENGER CAR,STARTING FROM LANE,35,No,2013,JAG,XF,39.17704667,-77.26421167,2022,3,19
220010759,Property Damage Crash,03/12/2022 07:22:00 PM,NA,NA,ANGLE MEETS LEFT TURN,Snow,NA,Medium,STOP SIGN,NONE DETECTED,Yes,No Apparent Injury,"ICY OR SNOW-COVERED, N/A",NOT DISTRACTED,XX,PASSENGER CAR,MAKING LEFT TURN,15,No,2018,DODGE,JOURNEY,39.03629167,-77.05649167,2022,3,19
220010759,Property Damage Crash,03/12/2022 07:22:00 PM,NA,NA,ANGLE MEETS LEFT TURN,Snow,NA,Medium,STOP SIGN,NONE DETECTED,Yes,No Apparent Injury,"ICY OR SNOW-COVERED, N/A",LOOKED BUT DID NOT SEE,NY,PASSENGER CAR,MOVING CONSTANT SPEED,15,No,2014,HONDA,ACCORD,39.03629167,-77.05649167,2022,3,19
220010749,Property Damage Crash,03/12/2022 05:53:00 PM,COLESVILLE RD,NA,SAME DIRECTION SIDESWIPE,Windy,DRY,Daylight,N/A,NONE DETECTED,Yes,No Apparent Injury,N/A,UNKNOWN,NA,NA,MOVING CONSTANT SPEED,35,No,0,UNKNOWN,UNKNOWN,38.99681786,-77.02756883,2022,3,17
220010749,Property Damage Crash,03/12/2022 05:53:00 PM,COLESVILLE RD,NA,SAME DIRECTION SIDESWIPE,Windy,DRY,Daylight,N/A,NONE DETECTED,No,No Apparent Injury,N/A,NOT DISTRACTED,MD,TRANSIT BUS,STOPPED IN TRAFFIC LANE,35,No,2019,NFLY,BU,38.99681786,-77.02756883,2022,3,17
220010744,Injury Crash,03/12/2022 05:38:00 PM,UNIVERSITY BLVD W,NA,STRAIGHT MOVEMENT ANGLE,Snow,WET,Daylight,TRAFFIC SIGNAL,NONE DETECTED,Yes,No Apparent Injury,"N/A, WET",LOOKED BUT DID NOT SEE,MD,PASSENGER CAR,MOVING CONSTANT SPEED,35,No,2003,TOYT,SD,39.035535,-77.025985,2022,3,17
220010744,Injury Crash,03/12/2022 05:38:00 PM,UNIVERSITY BLVD W,NA,STRAIGHT MOVEMENT ANGLE,Snow,WET,Daylight,TRAFFIC SIGNAL,NONE DETECTED,No,No Apparent Injury,"N/A, WET",NOT DISTRACTED,MD,PASSENGER CAR,MAKING LEFT TURN,25,No,2018,HYUN,4S,39.035535,-77.025985,2022,3,17
220010743,Injury Crash,03/12/2022 05:27:00 PM,GEORGIA AVE,NA,STRAIGHT MOVEMENT ANGLE,Clear,DRY,Daylight,TRAFFIC SIGNAL,NONE DETECTED,Yes,No Apparent Injury,N/A,UNKNOWN,MD,PASSENGER CAR,MOVING CONSTANT SPEED,45,No,2021,TOYOTA,HIGHLANDER,39.08778,-77.07971,2022,3,17
220010743,Injury Crash,03/12/2022 05:27:00 PM,GEORGIA AVE,NA,STRAIGHT MOVEMENT ANGLE,Clear,DRY,Daylight,TRAFFIC SIGNAL,NONE DETECTED,No,Possible Minor Injury,N/A,NOT DISTRACTED,MD,PASSENGER CAR,STARTING FROM LANE,25,No,2001,TOYOTA,RAV4,39.08778,-77.07971,2022,3,17
220010738,Property Damage Crash,03/12/2022 05:03:00 PM,FREDERICK RD,NA,STRAIGHT MOVEMENT ANGLE,Clear,WET,Daylight,TRAFFIC SIGNAL,NONE DETECTED,Yes,No Apparent Injury,"V EXHAUST SYSTEM|R OTHER ROAD, V WIPERS|W OTHER ENVIRONMENTAL",UNKNOWN,MD,PASSENGER CAR,MOVING CONSTANT SPEED,40,No,2007,HONDA,ACCORD,39.125993,-77.18286736,2022,3,17
220010738,Property Damage Crash,03/12/2022 05:03:00 PM,FREDERICK RD,NA,STRAIGHT MOVEMENT ANGLE,Clear,WET,Daylight,TRAFFIC SIGNAL,NONE DETECTED,No,No Apparent Injury,"V EXHAUST SYSTEM|R OTHER ROAD, V WIPERS|W OTHER ENVIRONMENTAL",UNKNOWN,DC,PASSENGER CAR,MAKING LEFT TURN,40,No,2015,KIA,OPTIMA,39.125993,-77.18286736,2022,3,17
220010739,Property Damage Crash,03/12/2022 05:02:00 PM,WATKINS MILL RD,NA,SINGLE VEHICLE,Snow,SNOW,Daylight,NO CONTROLS,NONE DETECTED,Yes,No Apparent Injury,"ICY OR SNOW-COVERED, RAIN, SNOW",UNKNOWN,MD,PASSENGER CAR,MOVING CONSTANT SPEED,25,No,2017,LEXUS,4S,39.23379333,-77.20377333,2022,3,17
220010737,Property Damage Crash,03/12/2022 04:52:00 PM,GREAT SENECA HWY,NA,HEAD ON LEFT TURN,Cloudy,WET,Daylight,TRAFFIC SIGNAL,NONE DETECTED,Yes,No Apparent Injury,N/A,NOT DISTRACTED,MD,OTHER,MOVING CONSTANT SPEED,50,No,2015,ACUR,TLX,39.12306,-77.230545,2022,3,16
220010737,Property Damage Crash,03/12/2022 04:52:00 PM,GREAT SENECA HWY,NA,HEAD ON LEFT TURN,Cloudy,WET,Daylight,TRAFFIC SIGNAL,NONE DETECTED,No,No Apparent Injury,N/A,NOT DISTRACTED,MD,PASSENGER CAR,STARTING FROM LANE,35,No,2008,CADI,TK,39.12306,-77.230545,2022,3,16
220010726,Injury Crash,03/12/2022 03:45:00 PM,S FREDERICK RD,NA,STRAIGHT MOVEMENT ANGLE,Snow,WET,Daylight,TRAFFIC SIGNAL,NONE DETECTED,No,Possible Minor Injury,"DEBRIS OR OBSTRUCTION, SLEET, HAIL, FREEZ. RAIN, TRAFFIC CONTROL DEVICE INOPERATIVE, VISION OBSTRUCTION (INCL. BLINDED BY SUN)",NOT DISTRACTED,MD,PASSENGER CAR,ACCELERATING,30,No,2017,HONDA,ACCORD,39.13201475,-77.18882805,2022,3,15
220010726,Injury Crash,03/12/2022 03:45:00 PM,S FREDERICK RD,NA,STRAIGHT MOVEMENT ANGLE,Snow,WET,Daylight,TRAFFIC SIGNAL,NONE DETECTED,Yes,No Apparent Injury,"DEBRIS OR OBSTRUCTION, SLEET, HAIL, FREEZ. RAIN, TRAFFIC CONTROL DEVICE INOPERATIVE, VISION OBSTRUCTION (INCL. BLINDED BY SUN)",LOOKED BUT DID NOT SEE,MD,PASSENGER CAR,MOVING CONSTANT SPEED,40,No,2018,TELSA,S,39.13201475,-77.18882805,2022,3,15
220010723,Property Damage Crash,03/12/2022 03:34:00 PM,OLNEY LAYTONSVILLE RD,NA,STRAIGHT MOVEMENT ANGLE,Snow,WET,Daylight,TRAFFIC SIGNAL,NONE DETECTED,Unknown,No Apparent Injury,N/A,UNKNOWN,MD,PASSENGER CAR,MAKING LEFT TURN,40,No,2020,HONDA,PILOT,39.16082733,-77.07943767,2022,3,15
220010723,Property Damage Crash,03/12/2022 03:34:00 PM,OLNEY LAYTONSVILLE RD,NA,STRAIGHT MOVEMENT ANGLE,Snow,WET,Daylight,TRAFFIC SIGNAL,NONE DETECTED,Unknown,No Apparent Injury,N/A,UNKNOWN,MD,PASSENGER CAR,MOVING CONSTANT SPEED,40,No,2022,SUBARU,OUTBACK,39.16082733,-77.07943767,2022,3,15
220010724,Property Damage Crash,03/12/2022 03:30:00 PM,ETHAN ALLEN AVE,NA,STRAIGHT MOVEMENT ANGLE,Snow,SNOW,Daylight,TRAFFIC SIGNAL,NONE DETECTED,Yes,No Apparent Injury,N/A,NOT DISTRACTED,MD,PASSENGER CAR,MOVING CONSTANT SPEED,30,No,2017,FORD,ESCAPE,38.97807183,-77.0057185,2022,3,15
220010722,Property Damage Crash,03/12/2022 03:30:00 PM,GEORGIA AVE,NA,SAME DIR REAR END,Snow,SNOW,Daylight,TRAFFIC SIGNAL,NONE DETECTED,No,No Apparent Injury,"ICY OR SNOW-COVERED, RAIN, SNOW",NOT DISTRACTED,MD,PASSENGER CAR,STOPPED IN TRAFFIC LANE,35,No,2016,HONDA,CR-V,39.05789655,-77.04989121,2022,3,15
220010724,Property Damage Crash,03/12/2022 03:30:00 PM,ETHAN ALLEN AVE,NA,STRAIGHT MOVEMENT ANGLE,Snow,SNOW,Daylight,TRAFFIC SIGNAL,NONE DETECTED,Unknown,No Apparent Injury,N/A,NOT DISTRACTED,MD,PASSENGER CAR,ACCELERATING,10,No,2016,HYUNDAI,TUCSON,38.97807183,-77.0057185,2022,3,15
220010722,Property Damage Crash,03/12/2022 03:30:00 PM,GEORGIA AVE,NA,SAME DIR REAR END,Snow,SNOW,Daylight,TRAFFIC SIGNAL,NONE DETECTED,Yes,No Apparent Injury,"ICY OR SNOW-COVERED, RAIN, SNOW",UNKNOWN,NA,PASSENGER CAR,SLOWING OR STOPPING,35,No,2014,NISSAN,ALTIMA,39.05789655,-77.04989121,2022,3,15
220010730,Property Damage Crash,03/12/2022 03:25:00 PM,BLUNT RD,NA,SINGLE VEHICLE,Cloudy,WET,Daylight,NO CONTROLS,NONE DETECTED,Yes,No Apparent Injury,"N/A, WET",UNKNOWN,MD,PICKUP TRUCK,MOVING CONSTANT SPEED,40,No,2008,FORD,F150`,39.19865167,-77.21154167,2022,3,15
220010736,Injury Crash,03/12/2022 03:01:00 PM,MARKET ST,NA,ANGLE MEETS LEFT HEAD ON,Snow,SNOW,Daylight,NO CONTROLS,NONE DETECTED,Yes,Possible Minor Injury,"ICY OR SNOW-COVERED, RAIN, SNOW",NOT DISTRACTED,MD,PICKUP TRUCK,ACCELERATING,35,No,2014,CHEVY,SILVERADO,39.18079339,-77.05893761,2022,3,15
220010736,Injury Crash,03/12/2022 03:01:00 PM,MARKET ST,NA,ANGLE MEETS LEFT HEAD ON,Snow,SNOW,Daylight,NO CONTROLS,ALCOHOL PRESENT,No,No Apparent Injury,"ICY OR SNOW-COVERED, RAIN, SNOW",TALKING OR LISTENING TO CELLULAR PHONE,MD,PASSENGER CAR,MOVING CONSTANT SPEED,35,No,2019,INFINITI,QX80,39.18079339,-77.05893761,2022,3,15
220010727,Property Damage Crash,03/12/2022 03:00:00 PM,RIVER RD,NA,STRAIGHT MOVEMENT ANGLE,Snow,WET,Daylight,TRAFFIC SIGNAL,NONE DETECTED,Yes,No Apparent Injury,"N/A, WET",NOT DISTRACTED,MD,PASSENGER CAR,SLOWING OR STOPPING,40,No,2013,TOYT,SIENNA,38.96640962,-77.10599649,2022,3,15
220010720,Injury Crash,03/12/2022 03:00:00 PM,GEORGIA AVE,NA,STRAIGHT MOVEMENT ANGLE,Snow,WET,Daylight,TRAFFIC SIGNAL,NONE DETECTED,No,No Apparent Injury,"RAIN, SNOW, WET",NOT DISTRACTED,MD,PASSENGER CAR,MAKING LEFT TURN,35,No,2001,TOYOTA,4RUNNER,39.06811433,-77.06105283,2022,3,15
220010727,Property Damage Crash,03/12/2022 03:00:00 PM,RIVER RD,NA,STRAIGHT MOVEMENT ANGLE,Snow,WET,Daylight,TRAFFIC SIGNAL,NONE DETECTED,No,No Apparent Injury,"N/A, WET",NOT DISTRACTED,DC,PASSENGER CAR,MAKING LEFT TURN,35,No,2018,MERZ,E400,38.96640962,-77.10599649,2022,3,15
220010720,Injury Crash,03/12/2022 03:00:00 PM,GEORGIA AVE,NA,STRAIGHT MOVEMENT ANGLE,Snow,WET,Daylight,TRAFFIC SIGNAL,NONE DETECTED,Yes,Possible Minor Injury,"RAIN, SNOW, WET",NOT DISTRACTED,MD,PASSENGER CAR,MOVING CONSTANT SPEED,35,No,2020,FORD,FUSION,39.06811433,-77.06105283,2022,3,15
220010718,Property Damage Crash,03/12/2022 02:48:00 PM,EDMONSTON DR,NA,STRAIGHT MOVEMENT ANGLE,Snow,SNOW,Daylight,TRAFFIC SIGNAL,NONE DETECTED,No,No Apparent Injury,"ICY OR SNOW-COVERED, RAIN, SNOW",NOT DISTRACTED,MD,PASSENGER CAR,STARTING FROM LANE,35,No,2013,HONDA,CIVIC,39.07434017,-77.13569333,2022,3,14
220010718,Property Damage Crash,03/12/2022 02:48:00 PM,EDMONSTON DR,NA,STRAIGHT MOVEMENT ANGLE,Snow,SNOW,Daylight,TRAFFIC SIGNAL,NONE DETECTED,Yes,No Apparent Injury,"ICY OR SNOW-COVERED, RAIN, SNOW",LOOKED BUT DID NOT SEE,MD,PASSENGER CAR,MOVING CONSTANT SPEED,35,No,2014,KIA,4S,39.07434017,-77.13569333,2022,3,14
220010718,Property Damage Crash,03/12/2022 02:48:00 PM,EDMONSTON DR,NA,STRAIGHT MOVEMENT ANGLE,Snow,SNOW,Daylight,TRAFFIC SIGNAL,NONE DETECTED,No,No Apparent Injury,"ICY OR SNOW-COVERED, RAIN, SNOW",NOT DISTRACTED,NY,PASSENGER CAR,STARTING FROM LANE,35,No,2011,MAZDA,MZ2,39.07434017,-77.13569333,2022,3,14
220010715,Injury Crash,03/12/2022 02:33:00 PM,NA,NA,SINGLE VEHICLE,Snow,NA,Daylight,NO CONTROLS,NONE DETECTED,Yes,Possible Minor Injury,"ICY OR SNOW-COVERED, N/A",NOT DISTRACTED,MD,PASSENGER CAR,MOVING CONSTANT SPEED,20,No,2005,SAAB,SED,39.076205,-77.14105167,2022,3,14
220010714,Property Damage Crash,03/12/2022 02:11:00 PM,NA,NA,SAME DIRECTION LEFT TURN,Snow,NA,Daylight,STOP SIGN,NONE DETECTED,Yes,No Apparent Injury,"ICY OR SNOW-COVERED, RAIN, SNOW",LOOKED BUT DID NOT SEE,MD,TRANSIT BUS,MAKING LEFT TURN,15,No,2014,NABI,TBU,39.0001196,-77.1091747,2022,3,14
220010714,Property Damage Crash,03/12/2022 02:11:00 PM,NA,NA,SAME DIRECTION LEFT TURN,Snow,NA,Daylight,STOP SIGN,NONE DETECTED,No,No Apparent Injury,"ICY OR SNOW-COVERED, RAIN, SNOW",NOT DISTRACTED,NJ,PASSENGER CAR,STOPPED IN TRAFFIC LANE,15,No,2020,MERCEDES,GLC300,39.0001196,-77.1091747,2022,3,14
220010713,Property Damage Crash,03/12/2022 02:08:00 PM,PARKLAWN DR,NA,SINGLE VEHICLE,Snow,WET,Daylight,TRAFFIC SIGNAL,NONE DETECTED,Yes,No Apparent Injury,"RAIN, SNOW, WET",NOT DISTRACTED,MD,PASSENGER CAR,MOVING CONSTANT SPEED,35,No,2014,FORD,ESCAPE,39.056385,-77.10752833,2022,3,14
220010708,Injury Crash,03/12/2022 01:32:00 PM,NA,NA,OTHER,Snow,NA,Daylight,N/A,ALCOHOL PRESENT,Yes,Possible Minor Injury,"ICY OR SNOW-COVERED, RAIN, SNOW, WET",UNKNOWN,MD,PASSENGER CAR,ACCELERATING,5,No,2009,LEXUS,IS250,39.11689917,-77.2017915,2022,3,13
220010700,Property Damage Crash,03/12/2022 12:47:00 PM,RIVER RD,NA,STRAIGHT MOVEMENT ANGLE,Snow,WET,Daylight,TRAFFIC SIGNAL,NONE DETECTED,No,No Apparent Injury,"ICY OR SNOW-COVERED, RAIN, SNOW, WET",NOT DISTRACTED,MD,PASSENGER CAR,MAKING LEFT TURN,25,No,2016,VOLKSWAGEN,GOLF,38.9861985,-77.14351083,2022,3,12
220010700,Property Damage Crash,03/12/2022 12:47:00 PM,RIVER RD,NA,STRAIGHT MOVEMENT ANGLE,Snow,WET,Daylight,TRAFFIC SIGNAL,NONE DETECTED,Yes,No Apparent Injury,"ICY OR SNOW-COVERED, RAIN, SNOW, WET",UNKNOWN,VA,PASSENGER CAR,SLOWING OR STOPPING,35,No,2006,NISSAN,SENTRA,38.9861985,-77.14351083,2022,3,12
220010698,Injury Crash,03/12/2022 12:39:00 PM,GEORGIA AVE,NA,STRAIGHT MOVEMENT ANGLE,Snow,WET,Daylight,TRAFFIC SIGNAL,ALCOHOL PRESENT,Yes,Possible Minor Injury,N/A,UNKNOWN,MD,PASSENGER CAR,MOVING CONSTANT SPEED,35,No,2010,INFINITI,G37,39.07244167,-77.064785,2022,3,12
220010698,Injury Crash,03/12/2022 12:39:00 PM,GEORGIA AVE,NA,STRAIGHT MOVEMENT ANGLE,Snow,WET,Daylight,TRAFFIC SIGNAL,NONE DETECTED,No,Possible Minor Injury,N/A,NOT DISTRACTED,MD,(SPORT) UTILITY VEHICLE,MOVING CONSTANT SPEED,35,No,2018,JEEP,GRAND CHEROKEE,39.07244167,-77.064785,2022,3,12
220010697,Injury Crash,03/12/2022 12:25:00 PM,NEW HAMPSHIRE AVE,NA,STRAIGHT MOVEMENT ANGLE,Snow,WET,Daylight,TRAFFIC SIGNAL,NONE DETECTED,No,Suspected Serious Injury,"PHYSICAL OBSTRUCTION(S), RAIN, SNOW",OTHER DISTRACTION,MD,PICKUP TRUCK,ACCELERATING,40,No,2016,FORD,F-150,39.03364333,-76.98643333,2022,3,12
220010697,Injury Crash,03/12/2022 12:25:00 PM,NEW HAMPSHIRE AVE,NA,STRAIGHT MOVEMENT ANGLE,Snow,WET,Daylight,TRAFFIC SIGNAL,NONE DETECTED,Yes,Possible Minor Injury,"PHYSICAL OBSTRUCTION(S), RAIN, SNOW",NOT DISTRACTED,MD,PASSENGER CAR,MOVING CONSTANT SPEED,40,No,2020,FORD,EXPLORER,39.03364333,-76.98643333,2022,3,12
220010695,Injury Crash,03/12/2022 12:24:00 PM,GEORGIA AVE,NA,STRAIGHT MOVEMENT ANGLE,Snow,WET,Daylight,TRAFFIC SIGNAL,NONE DETECTED,No,No Apparent Injury,"ICY OR SNOW-COVERED, SLEET, HAIL, FREEZ. RAIN",NOT DISTRACTED,MD,PASSENGER CAR,ACCELERATING,35,No,2019,MITZ,UT,39.08754333,-77.07992833,2022,3,12
220010695,Injury Crash,03/12/2022 12:24:00 PM,GEORGIA AVE,NA,STRAIGHT MOVEMENT ANGLE,Snow,WET,Daylight,TRAFFIC SIGNAL,NONE DETECTED,Yes,No Apparent Injury,"ICY OR SNOW-COVERED, SLEET, HAIL, FREEZ. RAIN",NOT DISTRACTED,MD,PASSENGER CAR,MOVING CONSTANT SPEED,35,No,2004,TOYT,COROLLA,39.08754333,-77.07992833,2022,3,12