Local Case Number,ACRS Report Type,Crash Date/Time,Road Name,Related Non-Motorist,Collision Type,Weather,Surface Condition,Light,Traffic Control,Driver Substance Abuse,Driver At Fault,Injury Severity,Circumstance,Driver Distracted By,Drivers License State,Vehicle Body Type,Vehicle Movement,Speed Limit,Driverless Vehicle,Vehicle Year,Vehicle Make,Vehicle Model,Latitude,Longitude,Year,Month,Hour
220010693,Property Damage Crash,03/12/2022 12:02:00 PM,GREAT SENECA HWY,NA,HEAD ON LEFT TURN,Snow,SNOW,Daylight,TRAFFIC SIGNAL,NONE DETECTED,No,No Apparent Injury,"ICY OR SNOW-COVERED, RAIN, SNOW",NOT DISTRACTED,MD,PASSENGER CAR,MOVING CONSTANT SPEED,45,No,2003,TOYOTA,CAMRY,39.16665772,-77.270711,2022,3,12
220010693,Property Damage Crash,03/12/2022 12:02:00 PM,GREAT SENECA HWY,NA,HEAD ON LEFT TURN,Snow,SNOW,Daylight,TRAFFIC SIGNAL,NONE DETECTED,Yes,No Apparent Injury,"ICY OR SNOW-COVERED, RAIN, SNOW",LOOKED BUT DID NOT SEE,MD,PASSENGER CAR,MAKING LEFT TURN,45,No,2019,FORD,FUSION,39.16665772,-77.270711,2022,3,12
220010691,Property Damage Crash,03/12/2022 11:48:00 AM,COLUMBIA PIKE,NA,STRAIGHT MOVEMENT ANGLE,Snow,SNOW,Daylight,TRAFFIC SIGNAL,NONE DETECTED,Unknown,No Apparent Injury,"ICY OR SNOW-COVERED, RAIN, SNOW, WET",NOT DISTRACTED,MD,PASSENGER CAR,MAKING RIGHT TURN,5,No,2009,HYUN,SONATA,39.11223667,-76.93269833,2022,3,11
220010691,Property Damage Crash,03/12/2022 11:48:00 AM,COLUMBIA PIKE,NA,STRAIGHT MOVEMENT ANGLE,Snow,SNOW,Daylight,TRAFFIC SIGNAL,NONE DETECTED,No,No Apparent Injury,"ICY OR SNOW-COVERED, RAIN, SNOW, WET",NOT DISTRACTED,MD,"CARGO VAN/LIGHT TRUCK 2 AXLES (OVER 10,000LBS (4,536 KG))",MOVING CONSTANT SPEED,35,No,2014,MACK,TK,39.11223667,-76.93269833,2022,3,11
220010690,Injury Crash,03/12/2022 11:40:00 AM,FIRSTFIELD RD,NA,STRAIGHT MOVEMENT ANGLE,Snow,SNOW,Daylight,TRAFFIC SIGNAL,NONE DETECTED,No,Possible Minor Injury,"ICY OR SNOW-COVERED, RAIN, SNOW",LOOKED BUT DID NOT SEE,MD,PASSENGER CAR,MOVING CONSTANT SPEED,35,No,2012,TOYOTA,VAN,39.13994433,-77.1955215,2022,3,11
220010690,Injury Crash,03/12/2022 11:40:00 AM,FIRSTFIELD RD,NA,STRAIGHT MOVEMENT ANGLE,Snow,SNOW,Daylight,TRAFFIC SIGNAL,NONE DETECTED,Yes,No Apparent Injury,"ICY OR SNOW-COVERED, RAIN, SNOW",LOOKED BUT DID NOT SEE,MD,PASSENGER CAR,MOVING CONSTANT SPEED,35,No,2016,VOLK,4S,39.13994433,-77.1955215,2022,3,11
220010701,Property Damage Crash,03/12/2022 11:00:00 AM,COLESVILLE RD,NA,SAME DIR REAR END,Snow,WET,Daylight,TRAFFIC SIGNAL,NONE DETECTED,No,No Apparent Injury,"RAIN, SNOW, WET",NOT DISTRACTED,MD,PASSENGER CAR,STOPPED IN TRAFFIC LANE,35,No,2011,TOYOTA,CAMRY,38.99899839,-77.02613947,2022,3,11
220010701,Property Damage Crash,03/12/2022 11:00:00 AM,COLESVILLE RD,NA,SAME DIR REAR END,Snow,WET,Daylight,TRAFFIC SIGNAL,NONE DETECTED,Yes,No Apparent Injury,"RAIN, SNOW, WET",UNKNOWN,NA,PASSENGER CAR,SLOWING OR STOPPING,35,No,2011,NISSAN,4DR,38.99899839,-77.02613947,2022,3,11
220010686,Property Damage Crash,03/12/2022 10:45:00 AM,W MONTGOMERY AVE,NA,SAME DIR REAR END,Snow,SNOW,Daylight,TRAFFIC SIGNAL,NONE DETECTED,No,No Apparent Injury,"ICY OR SNOW-COVERED, RAIN, SNOW, SLEET, HAIL, FREEZ. RAIN, WET",NOT DISTRACTED,MD,PASSENGER CAR,STOPPED IN TRAFFIC LANE,30,No,2019,HOND,TK,39.0857503,-77.17035466,2022,3,10
220010686,Property Damage Crash,03/12/2022 10:45:00 AM,W MONTGOMERY AVE,NA,SAME DIR REAR END,Snow,SNOW,Daylight,TRAFFIC SIGNAL,NONE DETECTED,Yes,No Apparent Injury,"ICY OR SNOW-COVERED, RAIN, SNOW, SLEET, HAIL, FREEZ. RAIN, WET",NOT DISTRACTED,PA,AMBULANCE/EMERGENCY,SLOWING OR STOPPING,30,No,2020,FRHT,AM,39.0857503,-77.17035466,2022,3,10
220010678,Property Damage Crash,03/12/2022 09:30:00 AM,COLUMBIA PIKE,NA,SINGLE VEHICLE,Snow,SNOW,Daylight,NO CONTROLS,NONE DETECTED,Yes,No Apparent Injury,"ICY OR SNOW-COVERED, RAIN, SNOW",NOT DISTRACTED,MD,PASSENGER CAR,MOVING CONSTANT SPEED,45,No,2017,NISS,SD,39.11589833,-76.92801,2022,3,9
220010670,Injury Crash,03/12/2022 08:19:00 AM,CEDAR LA,NA,HEAD ON,Snow,WET,Daylight,NO CONTROLS,NONE DETECTED,Yes,Possible Minor Injury,"ICY OR SNOW-COVERED, RAIN, SNOW",NOT DISTRACTED,MD,PASSENGER CAR,MOVING CONSTANT SPEED,30,No,2007,HYUND,SONATA,39.02552333,-77.10139167,2022,3,8
220010670,Injury Crash,03/12/2022 08:19:00 AM,CEDAR LA,NA,HEAD ON,Snow,WET,Daylight,NO CONTROLS,NONE DETECTED,Yes,No Apparent Injury,"ICY OR SNOW-COVERED, RAIN, SNOW",NOT DISTRACTED,MD,PASSENGER CAR,MOVING CONSTANT SPEED,30,No,2008,FORD,ESCAPE,39.02552333,-77.10139167,2022,3,8
220010669,Injury Crash,03/12/2022 07:34:00 AM,FREDERICK RD,NA,STRAIGHT MOVEMENT ANGLE,Snow,SLUSH,Medium,N/A,NONE DETECTED,Yes,No Apparent Injury,"ICY OR SNOW-COVERED, SLEET, HAIL, FREEZ. RAIN, WET",UNKNOWN,MD,PASSENGER CAR,MOVING CONSTANT SPEED,40,No,2003,LEXUS,SW,39.16359778,-77.22624615,2022,3,7
220010669,Injury Crash,03/12/2022 07:34:00 AM,FREDERICK RD,NA,STRAIGHT MOVEMENT ANGLE,Snow,SLUSH,Medium,N/A,NONE DETECTED,No,Possible Minor Injury,"ICY OR SNOW-COVERED, SLEET, HAIL, FREEZ. RAIN, WET",NOT DISTRACTED,MD,PASSENGER CAR,MOVING CONSTANT SPEED,40,No,2013,HYUNDAI,SANTA FE,39.16359778,-77.22624615,2022,3,7
220010665,Injury Crash,03/12/2022 07:15:00 AM,EISENHOWER MEMORIAL HWY,NA,HEAD ON,Snow,SNOW,Medium,N/A,NONE DETECTED,No,No Apparent Injury,"ICY OR SNOW-COVERED, RAIN, SNOW",NOT DISTRACTED,NY,"MEDIUM/HEAVY TRUCKS 3 AXLES (OVER 10,000LBS (4,536KG))",SLOWING OR STOPPING,55,No,2020,FREIGHTLINER,CASCADIA 126,39.26478167,-77.31249667,2022,3,7
220010665,Injury Crash,03/12/2022 07:15:00 AM,EISENHOWER MEMORIAL HWY,NA,HEAD ON,Snow,SNOW,Medium,N/A,NONE DETECTED,Yes,Possible Minor Injury,"ICY OR SNOW-COVERED, RAIN, SNOW",NOT DISTRACTED,MD,(SPORT) UTILITY VEHICLE,MOVING CONSTANT SPEED,55,No,2013,HONDA,CRV,39.26478167,-77.31249667,2022,3,7
220010664,Property Damage Crash,03/12/2022 07:02:00 AM,EISENHOWER MEMORIAL HWY,NA,SINGLE VEHICLE,Snow,SNOW,Medium,N/A,NONE DETECTED,Yes,No Apparent Injury,"ICY OR SNOW-COVERED, SLEET, HAIL, FREEZ. RAIN, WET",NOT DISTRACTED,MD,PASSENGER CAR,MOVING CONSTANT SPEED,55,No,2003,MERCEDES,E320,39.26866,-77.313985,2022,3,7
220010663,Property Damage Crash,03/12/2022 07:00:00 AM,EISENHOWER MEMORIAL HWY,NA,SINGLE VEHICLE,Snow,SLUSH,Daylight,NO CONTROLS,NONE DETECTED,Yes,No Apparent Injury,"ICY OR SNOW-COVERED, RAIN, SNOW, SLEET, HAIL, FREEZ. RAIN, WET",UNKNOWN,MD,PASSENGER CAR,MOVING CONSTANT SPEED,55,No,2021,HOND,ODYSEEY,39.16634333,-77.241155,2022,3,7
220010657,Property Damage Crash,03/12/2022 03:59:00 AM,CARROLL AVE,NA,SAME DIR REAR END,Cloudy,DRY,Medium,NO CONTROLS,ALCOHOL PRESENT,Yes,No Apparent Injury,N/A,UNKNOWN,MD,PASSENGER CAR,MOVING CONSTANT SPEED,25,No,2000,HONDA,ACCORD,38.99526,-76.99235667,2022,3,3
220010653,Injury Crash,03/12/2022 03:15:00 AM,UNIVERSITY BLVD W,NA,STRAIGHT MOVEMENT ANGLE,Clear,DRY,Medium,FLASHING TRAFFIC SIGNAL,ALCOHOL PRESENT,No,No Apparent Injury,N/A,UNKNOWN,MD,PASSENGER CAR,MOVING CONSTANT SPEED,30,No,2018,HONDA,ACCORD,39.04129658,-77.04823492,2022,3,3
220010653,Injury Crash,03/12/2022 03:15:00 AM,UNIVERSITY BLVD W,NA,STRAIGHT MOVEMENT ANGLE,Clear,DRY,Medium,FLASHING TRAFFIC SIGNAL,ALCOHOL PRESENT,Yes,Suspected Serious Injury,N/A,NOT DISTRACTED,MD,PASSENGER CAR,ACCELERATING,25,No,2013,MERCEDES BENZ,C CLASS,39.04129658,-77.04823492,2022,3,3
220010652,Property Damage Crash,03/12/2022 03:00:00 AM,NA,NA,OTHER,Clear,NA,Medium,NO CONTROLS,NONE DETECTED,Yes,No Apparent Injury,N/A,NOT DISTRACTED,MD,PASSENGER CAR,STARTING FROM PARKED,15,No,2015,DODGE,DART,39.04173167,-76.987925,2022,3,3
220010645,Property Damage Crash,03/12/2022 02:11:00 AM,MUNCASTER MILL RD,NA,OPPOSITE DIRECTION SIDESWIPE,Clear,DRY,Medium,TRAFFIC SIGNAL,ALCOHOL PRESENT,Yes,No Apparent Injury,N/A,INATTENTIVE OR LOST IN THOUGHT,MD,PASSENGER CAR,MAKING RIGHT TURN,35,No,2009,TOYT,4S,39.149575,-77.23389333,2022,3,2
220010645,Property Damage Crash,03/12/2022 02:11:00 AM,MUNCASTER MILL RD,NA,OPPOSITE DIRECTION SIDESWIPE,Clear,DRY,Medium,TRAFFIC SIGNAL,NONE DETECTED,No,No Apparent Injury,N/A,NOT DISTRACTED,MD,PASSENGER CAR,STOPPED IN TRAFFIC LANE,35,No,2013,FORD,PK,39.149575,-77.23389333,2022,3,2
220010647,Property Damage Crash,03/12/2022 02:10:00 AM,SPENCERVILLE RD,NA,OPPOSITE DIRECTION SIDESWIPE,Clear,DRY,Medium,NO CONTROLS,NONE DETECTED,No,No Apparent Injury,N/A,NOT DISTRACTED,MD,PASSENGER CAR,MOVING CONSTANT SPEED,35,No,2016,NISSAN,SENTRA,39.11176039,-76.95332559,2022,3,2
220010647,Property Damage Crash,03/12/2022 02:10:00 AM,SPENCERVILLE RD,NA,OPPOSITE DIRECTION SIDESWIPE,Clear,DRY,Medium,NO CONTROLS,ALCOHOL PRESENT,Yes,No Apparent Injury,N/A,UNKNOWN,MD,PASSENGER CAR,MOVING CONSTANT SPEED,35,No,2001,NISSAN,EXTERRA,39.11176039,-76.95332559,2022,3,2
220010637,Property Damage Crash,03/12/2022 12:45:00 AM,BAUER DR,NA,STRAIGHT MOVEMENT ANGLE,Clear,DRY,Medium,FLASHING TRAFFIC SIGNAL,NONE DETECTED,Yes,No Apparent Injury,N/A,NOT DISTRACTED,MD,PASSENGER CAR,ACCELERATING,35,No,2012,TOYT,TK,39.096305,-77.10976833,2022,3,0
220010637,Property Damage Crash,03/12/2022 12:45:00 AM,BAUER DR,NA,STRAIGHT MOVEMENT ANGLE,Clear,DRY,Medium,FLASHING TRAFFIC SIGNAL,NONE DETECTED,No,No Apparent Injury,N/A,NOT DISTRACTED,MD,PASSENGER CAR,MOVING CONSTANT SPEED,35,No,2004,TOYT,SD,39.096305,-77.10976833,2022,3,0
220010635,Property Damage Crash,03/11/2022 11:58:00 PM,SCHOOL DR,NA,SINGLE VEHICLE,Clear,DRY,Medium,STOP SIGN,NONE DETECTED,Yes,No Apparent Injury,N/A,UNKNOWN,NA,PASSENGER CAR,ACCELERATING,30,No,2005,HONDA,ACCORD,39.11919948,-77.21272585,2022,3,23
220010629,Property Damage Crash,03/11/2022 10:35:00 PM,RANDOLPH RD,NA,SINGLE VEHICLE,Clear,DRY,Medium,NO CONTROLS,DRUG AND ALCOHOL CONTRIBUTED,Yes,No Apparent Injury,N/A,UNKNOWN,MD,PASSENGER CAR,MOVING CONSTANT SPEED,40,No,2007,HONDA,ACCORD,39.06611865,-77.0211396,2022,3,22
220010621,Property Damage Crash,03/11/2022 09:45:00 PM,GREENLY ST,NA,HEAD ON,Clear,DRY,Dark,N/A,ALCOHOL PRESENT,Yes,No Apparent Injury,N/A,UNKNOWN,XX,PASSENGER CAR,SLOWING OR STOPPING,35,No,2007,HONDA,PILOT,39.06117,-77.07219833,2022,3,21
220010616,Property Damage Crash,03/11/2022 09:05:00 PM,NA,NA,OTHER,Clear,NA,Medium,NO CONTROLS,NONE DETECTED,No,No Apparent Injury,N/A,NOT DISTRACTED,MD,PASSENGER CAR,OTHER,5,No,2017,BMW,4D,39.03704061,-77.05186405,2022,3,21
220010616,Property Damage Crash,03/11/2022 09:05:00 PM,NA,NA,OTHER,Clear,NA,Medium,NO CONTROLS,ALCOHOL PRESENT,Yes,No Apparent Injury,N/A,UNKNOWN,MD,PASSENGER CAR,BACKING,5,No,2013,TOYOTA,COROLLA,39.03704061,-77.05186405,2022,3,21
220010618,Property Damage Crash,03/11/2022 09:00:00 PM,NEW HAMPSHIRE AVE,NA,SAME DIR REAR END,Clear,DRY,Medium,NO CONTROLS,NONE DETECTED,No,No Apparent Injury,N/A,NOT DISTRACTED,MD,PASSENGER CAR,STOPPED IN TRAFFIC LANE,35,No,2010,HONDA,ACCORD,39.02182,-76.97670833,2022,3,21
220010618,Property Damage Crash,03/11/2022 09:00:00 PM,NEW HAMPSHIRE AVE,NA,SAME DIR REAR END,Clear,DRY,Medium,NO CONTROLS,NONE DETECTED,Yes,No Apparent Injury,N/A,NOT DISTRACTED,NA,NA,MOVING CONSTANT SPEED,35,No,0,UNKNOWN,UNKNOWN,39.02182,-76.97670833,2022,3,21
220010611,Injury Crash,03/11/2022 08:30:00 PM,EISENHOWER MEMORIAL HWY,NA,SAME DIR REAR END,Clear,DRY,Medium,N/A,NONE DETECTED,Yes,No Apparent Injury,"BACKUP DUE TO REGULAR CONGESTION, N/A",NOT DISTRACTED,OH,"MEDIUM/HEAVY TRUCKS 3 AXLES (OVER 10,000LBS (4,536KG))",MOVING CONSTANT SPEED,55,No,2004,PTRB,TK,39.14929,-77.21705167,2022,3,20
220010611,Injury Crash,03/11/2022 08:30:00 PM,EISENHOWER MEMORIAL HWY,NA,SAME DIR REAR END,Clear,DRY,Medium,N/A,NONE DETECTED,No,Possible Minor Injury,"BACKUP DUE TO REGULAR CONGESTION, N/A",NOT DISTRACTED,MD,PASSENGER CAR,SLOWING OR STOPPING,55,No,2022,FORD,EXPEDITION,39.14929,-77.21705167,2022,3,20
220010609,Injury Crash,03/11/2022 08:23:00 PM,CRYSTAL ROCK DR,NA,ANGLE MEETS LEFT TURN,Clear,DRY,Medium,STOP SIGN,NONE DETECTED,Yes,Possible Minor Injury,N/A,LOOKED BUT DID NOT SEE,MD,(SPORT) UTILITY VEHICLE,MAKING LEFT TURN,35,No,2019,NISSAN,ROGUE,39.19016333,-77.26659667,2022,3,20
220010609,Injury Crash,03/11/2022 08:23:00 PM,CRYSTAL ROCK DR,NA,ANGLE MEETS LEFT TURN,Clear,DRY,Medium,STOP SIGN,NONE DETECTED,No,Possible Minor Injury,N/A,NOT DISTRACTED,MD,PASSENGER CAR,MOVING CONSTANT SPEED,35,No,2010,TOYOTA,CORROLLA,39.19016333,-77.26659667,2022,3,20
220010606,Property Damage Crash,03/11/2022 07:45:00 PM,S FREDERICK RD,NA,STRAIGHT MOVEMENT ANGLE,Clear,DRY,Medium,STOP SIGN,NONE DETECTED,No,No Apparent Injury,N/A,NOT DISTRACTED,MD,PASSENGER CAR,MOVING CONSTANT SPEED,30,No,2007,HONDA,ODYSSEY,39.13946425,-77.19626358,2022,3,19
220010606,Property Damage Crash,03/11/2022 07:45:00 PM,S FREDERICK RD,NA,STRAIGHT MOVEMENT ANGLE,Clear,DRY,Medium,STOP SIGN,NONE DETECTED,Yes,No Apparent Injury,N/A,NOT DISTRACTED,MD,PASSENGER CAR,MOVING CONSTANT SPEED,30,No,2006,HONDA,CRV,39.13946425,-77.19626358,2022,3,19
220010602,Property Damage Crash,03/11/2022 06:33:00 PM,N WASHINGTON ST,NA,STRAIGHT MOVEMENT ANGLE,Clear,DRY,Medium,NO CONTROLS,NONE DETECTED,Yes,No Apparent Injury,N/A,LOOKED BUT DID NOT SEE,PA,PASSENGER CAR,MOVING CONSTANT SPEED,30,No,2000,LEXUS,ES300,39.089315,-77.15379,2022,3,18
220010602,Property Damage Crash,03/11/2022 06:33:00 PM,N WASHINGTON ST,NA,STRAIGHT MOVEMENT ANGLE,Clear,DRY,Medium,NO CONTROLS,NONE DETECTED,Yes,No Apparent Injury,N/A,LOOKED BUT DID NOT SEE,DE,PASSENGER CAR,MAKING LEFT TURN,0,No,2010,HONDA,CIVIC,39.089315,-77.15379,2022,3,18
220010593,Property Damage Crash,03/11/2022 06:30:00 PM,WISCONSIN AVE,NA,SAME DIRECTION SIDESWIPE,Clear,DRY,Medium,OTHER,NONE DETECTED,Yes,No Apparent Injury,N/A,NOT DISTRACTED,MD,PASSENGER CAR,PARKED,25,No,2007,TOYT,4S,38.96203833,-77.085475,2022,3,18
220010593,Property Damage Crash,03/11/2022 06:30:00 PM,WISCONSIN AVE,NA,SAME DIRECTION SIDESWIPE,Clear,DRY,Medium,OTHER,NONE DETECTED,Yes,No Apparent Injury,N/A,NOT DISTRACTED,MD,TRANSIT BUS,PARKED,25,No,2009,GILL,BUS,38.96203833,-77.085475,2022,3,18
220010585,Injury Crash,03/11/2022 06:15:00 PM,UNIVERSITY BLVD E,NA,STRAIGHT MOVEMENT ANGLE,Clear,DRY,Medium,STOP SIGN,NONE DETECTED,No,Possible Minor Injury,N/A,NOT DISTRACTED,MD,PASSENGER CAR,MOVING CONSTANT SPEED,35,No,2008,TOYOTA,TK,39.01088938,-77.00157924,2022,3,18
220010585,Injury Crash,03/11/2022 06:15:00 PM,UNIVERSITY BLVD E,NA,STRAIGHT MOVEMENT ANGLE,Clear,DRY,Medium,STOP SIGN,NONE DETECTED,Yes,No Apparent Injury,N/A,NOT DISTRACTED,MD,PASSENGER CAR,MAKING LEFT TURN,35,No,2017,HONDA,TK,39.01088938,-77.00157924,2022,3,18
220010579,Property Damage Crash,03/11/2022 06:10:00 PM,RANDOLPH RD,NA,HEAD ON LEFT TURN,Clear,DRY,Medium,TRAFFIC SIGNAL,NONE DETECTED,Unknown,No Apparent Injury,N/A,NOT DISTRACTED,MD,PICKUP TRUCK,UNKNOWN,35,No,2011,FORD,TK,39.05680167,-77.07382167,2022,3,18
220010579,Property Damage Crash,03/11/2022 06:10:00 PM,RANDOLPH RD,NA,HEAD ON LEFT TURN,Clear,DRY,Medium,TRAFFIC SIGNAL,NONE DETECTED,Unknown,No Apparent Injury,N/A,NOT DISTRACTED,MD,PASSENGER CAR,MAKING LEFT TURN,35,No,2016,CHEVROLET,TK,39.05680167,-77.07382167,2022,3,18
220010581,Injury Crash,03/11/2022 05:45:00 PM,ROCKVILLE PIKE,NA,SAME DIR REAR END,Clear,DRY,Daylight,TRAFFIC SIGNAL,NONE DETECTED,No,Possible Minor Injury,N/A,NOT DISTRACTED,MD,(SPORT) UTILITY VEHICLE,STOPPED IN TRAFFIC LANE,35,No,2021,ACURA,RDX,39.0593155,-77.12223517,2022,3,17
220010581,Injury Crash,03/11/2022 05:45:00 PM,ROCKVILLE PIKE,NA,SAME DIR REAR END,Clear,DRY,Daylight,TRAFFIC SIGNAL,NONE DETECTED,Yes,Possible Minor Injury,N/A,UNKNOWN,NA,NA,SLOWING OR STOPPING,35,No,0,UNKNOWN,UNKNOWN,39.0593155,-77.12223517,2022,3,17
220010572,Property Damage Crash,03/11/2022 05:02:00 PM,E JEFFERSON ST,NA,SINGLE VEHICLE,Clear,DRY,Daylight,TRAFFIC SIGNAL,NONE DETECTED,Yes,No Apparent Injury,N/A,NOT DISTRACTED,MD,(SPORT) UTILITY VEHICLE,MAKING LEFT TURN,25,No,2019,MITS,UT,39.05853018,-77.126324,2022,3,17
220010566,Property Damage Crash,03/11/2022 05:00:00 PM,NA,NA,STRAIGHT MOVEMENT ANGLE,Clear,NA,Daylight,NO CONTROLS,NONE DETECTED,No,No Apparent Injury,N/A,NOT DISTRACTED,DC,PASSENGER CAR,SLOWING OR STOPPING,15,No,2017,NISSAN,ALTIMA,39.03694833,-77.02834,2022,3,17
220010566,Property Damage Crash,03/11/2022 05:00:00 PM,NA,NA,STRAIGHT MOVEMENT ANGLE,Clear,NA,Daylight,NO CONTROLS,NONE DETECTED,Yes,No Apparent Injury,N/A,LOOKED BUT DID NOT SEE,MD,PASSENGER CAR,ACCELERATING,15,No,2009,TOYOTA,CAMRY,39.03694833,-77.02834,2022,3,17
2200010558,Injury Crash,03/11/2022 04:40:00 PM,ODENDHAL AVE,NA,STRAIGHT MOVEMENT ANGLE,Clear,DRY,Daylight,STOP SIGN,NONE DETECTED,No,No Apparent Injury,N/A,NOT DISTRACTED,MD,PASSENGER CAR,MOVING CONSTANT SPEED,30,No,2020,KIA,4S,39.15181451,-77.2005464,2022,3,16
2200010558,Injury Crash,03/11/2022 04:40:00 PM,ODENDHAL AVE,NA,STRAIGHT MOVEMENT ANGLE,Clear,DRY,Daylight,STOP SIGN,NONE DETECTED,Yes,No Apparent Injury,N/A,OTHER DISTRACTION,MD,PASSENGER CAR,MAKING LEFT TURN,30,No,2019,SUBA,SW,39.15181451,-77.2005464,2022,3,16
220010561,Property Damage Crash,03/11/2022 04:30:00 PM,WHITTIER BLVD,NA,HEAD ON LEFT TURN,Clear,DRY,Daylight,NO CONTROLS,NONE DETECTED,Yes,No Apparent Injury,N/A,LOOKED BUT DID NOT SEE,MD,(SPORT) UTILITY VEHICLE,MAKING LEFT TURN,25,No,2015,SUBA,FORESTER,38.98364333,-77.12607,2022,3,16
220010561,Property Damage Crash,03/11/2022 04:30:00 PM,WHITTIER BLVD,NA,HEAD ON LEFT TURN,Clear,DRY,Daylight,NO CONTROLS,NONE DETECTED,No,No Apparent Injury,N/A,NOT DISTRACTED,MD,(SPORT) UTILITY VEHICLE,MOVING CONSTANT SPEED,25,No,2012,TOYOTA,HIGHLANDER,38.98364333,-77.12607,2022,3,16
220010562,Injury Crash,03/11/2022 04:25:00 PM,FREDERICK RD,BICYCLIST,SAME DIRECTION SIDESWIPE,Clear,DRY,Daylight,TRAFFIC SIGNAL,NONE DETECTED,Yes,No Apparent Injury,N/A,NOT DISTRACTED,MD,TRUCK TRACTOR,ACCELERATING,30,No,2009,PETERBILT,TRUCK TRACTOR,39.23779733,-77.27817375,2022,3,16
220010551,Injury Crash,03/11/2022 04:02:00 PM,OLNEY LAYTONSVILLE RD,BICYCLIST,SINGLE VEHICLE,Clear,DRY,Daylight,STOP SIGN,NONE DETECTED,Yes,No Apparent Injury,N/A,UNKNOWN,MD,PASSENGER CAR,MAKING LEFT TURN,35,No,2012,HONDA,PILOT,39.15379386,-77.06830777,2022,3,16
220010563,Property Damage Crash,03/11/2022 04:00:00 PM,GOSHEN RD,NA,STRAIGHT MOVEMENT ANGLE,Clear,DRY,Daylight,NO CONTROLS,NONE DETECTED,No,No Apparent Injury,N/A,NOT DISTRACTED,MD,SCHOOL BUS,MOVING CONSTANT SPEED,35,No,2011,THOMAS,BUS,39.18681,-77.18699,2022,3,16
220010563,Property Damage Crash,03/11/2022 04:00:00 PM,GOSHEN RD,NA,STRAIGHT MOVEMENT ANGLE,Clear,DRY,Daylight,NO CONTROLS,NONE DETECTED,Yes,No Apparent Injury,N/A,LOOKED BUT DID NOT SEE,MD,(SPORT) UTILITY VEHICLE,MAKING LEFT TURN,35,No,2010,KIA,SUV,39.18681,-77.18699,2022,3,16
220010541,Property Damage Crash,03/11/2022 03:20:00 PM,BENTCROSS DR,NA,SINGLE VEHICLE,Clear,DRY,Daylight,NO CONTROLS,NONE DETECTED,Yes,No Apparent Injury,N/A,OTHER DISTRACTION,MD,PASSENGER CAR,OTHER,20,No,2022,VOLK,PASAT,39.01388045,-77.19692087,2022,3,15
220010533,Property Damage Crash,03/11/2022 02:06:00 PM,SHADY GROVE RD,NA,SAME DIRECTION SIDESWIPE,Clear,DRY,Daylight,YIELD SIGN,NONE DETECTED,Yes,No Apparent Injury,N/A,LOOKED BUT DID NOT SEE,MD,SCHOOL BUS,CHANGING LANES,40,No,2019,FRHT,BU,39.12963,-77.164615,2022,3,14
220010533,Property Damage Crash,03/11/2022 02:06:00 PM,SHADY GROVE RD,NA,SAME DIRECTION SIDESWIPE,Clear,DRY,Daylight,YIELD SIGN,NONE DETECTED,No,No Apparent Injury,N/A,NOT DISTRACTED,MD,PASSENGER CAR,MOVING CONSTANT SPEED,40,No,2018,FORD,F150,39.12963,-77.164615,2022,3,14
220010532,Property Damage Crash,03/11/2022 01:54:00 PM,NEW HAMPSHIRE AVE,NA,STRAIGHT MOVEMENT ANGLE,Clear,DRY,Daylight,YIELD SIGN,NONE DETECTED,Yes,No Apparent Injury,N/A,LOOKED BUT DID NOT SEE,MD,PASSENGER CAR,MAKING LEFT TURN,35,No,2008,LEXUS,ES350,39.045804,-76.992333,2022,3,13
220010532,Property Damage Crash,03/11/2022 01:54:00 PM,NEW HAMPSHIRE AVE,NA,STRAIGHT MOVEMENT ANGLE,Clear,DRY,Daylight,YIELD SIGN,NONE DETECTED,No,No Apparent Injury,N/A,NOT DISTRACTED,MD,VAN,MOVING CONSTANT SPEED,40,No,2019,TOYOTA,SIENNA,39.045804,-76.992333,2022,3,13
22010529,Property Damage Crash,03/11/2022 01:45:00 PM,W DIAMOND AVE,NA,SAME DIRECTION SIDESWIPE,Clear,N/A,Daylight,N/A,NONE DETECTED,Unknown,No Apparent Injury,N/A,NOT DISTRACTED,MD,PASSENGER CAR,CHANGING LANES,30,No,2019,NISSAN,SD,39.139625,-77.20609167,2022,3,13
22010529,Property Damage Crash,03/11/2022 01:45:00 PM,W DIAMOND AVE,NA,SAME DIRECTION SIDESWIPE,Clear,N/A,Daylight,N/A,ALCOHOL PRESENT,Yes,No Apparent Injury,N/A,NOT DISTRACTED,MD,PASSENGER CAR,MOVING CONSTANT SPEED,30,No,2019,TOYT,SD,39.139625,-77.20609167,2022,3,13
220010578,Property Damage Crash,03/11/2022 01:40:00 PM,FIELDS RD,NA,OTHER,Clear,DRY,Daylight,NO CONTROLS,NONE DETECTED,Yes,No Apparent Injury,N/A,UNKNOWN,MD,NA,MOVING CONSTANT SPEED,15,No,0,UNKNOWN,UNKNOWN,39.11224009,-77.197455,2022,3,13
220010526,Injury Crash,03/11/2022 01:28:00 PM,NA,PEDESTRIAN,N/A,Clear,NA,Daylight,OTHER,NONE DETECTED,Yes,No Apparent Injury,N/A,UNKNOWN,MD,PASSENGER CAR,MOVING CONSTANT SPEED,15,No,1999,FORD,4S,39.17118644,-77.20506481,2022,3,13
220010527,Injury Crash,03/11/2022 01:20:00 PM,CLARKSBURG RD,NA,SINGLE VEHICLE,Clear,DRY,Daylight,NO CONTROLS,NONE DETECTED,Yes,Possible Minor Injury,N/A,INATTENTIVE OR LOST IN THOUGHT,VA,PASSENGER CAR,MOVING CONSTANT SPEED,35,No,2013,TOYOTA,SIENNA,39.257578,-77.27637467,2022,3,13
220010534,Property Damage Crash,03/11/2022 01:15:00 PM,ROCKLEDGE DR,NA,SAME DIRECTION SIDESWIPE,Clear,DRY,Daylight,NO CONTROLS,NONE DETECTED,Yes,No Apparent Injury,N/A,LOOKED BUT DID NOT SEE,DC,PASSENGER CAR,PARKING,30,No,2013,TOYOTA,AVALON,39.02436404,-77.13273223,2022,3,13
220010513,Property Damage Crash,03/11/2022 12:15:00 PM,W JEFFERSON ST,NA,STRAIGHT MOVEMENT ANGLE,Clear,DRY,Daylight,TRAFFIC SIGNAL,NONE DETECTED,Yes,No Apparent Injury,N/A,LOOKED BUT DID NOT SEE,MD,PASSENGER CAR,ACCELERATING,30,No,2012,HYUN,TK,39.0831791,-77.15282116,2022,3,12
220010513,Property Damage Crash,03/11/2022 12:15:00 PM,W JEFFERSON ST,NA,STRAIGHT MOVEMENT ANGLE,Clear,DRY,Daylight,TRAFFIC SIGNAL,NONE DETECTED,No,No Apparent Injury,N/A,NOT DISTRACTED,MD,PASSENGER CAR,MOVING CONSTANT SPEED,30,No,2020,TOYOTA,COROLLA,39.0831791,-77.15282116,2022,3,12
220010506,Injury Crash,03/11/2022 11:23:00 AM,DARNESTOWN RD,BICYCLIST,SAME DIRECTION RIGHT TURN,Clear,DRY,Daylight,TRAFFIC SIGNAL,NONE DETECTED,Yes,No Apparent Injury,N/A,NOT DISTRACTED,MD,PASSENGER CAR,MAKING RIGHT TURN,40,No,2012,MERZ,4S,39.10272863,-77.22059213,2022,3,11
220010505,Property Damage Crash,03/11/2022 11:17:00 AM,RIO BLVD,NA,SAME DIRECTION SIDESWIPE,Clear,DRY,Daylight,STOP SIGN,NONE DETECTED,Yes,No Apparent Injury,N/A,LOOKED BUT DID NOT SEE,MD,PASSENGER CAR,PARKED,25,No,2013,TOYT,CAMRY,39.11775172,-77.20043692,2022,3,11
220010505,Property Damage Crash,03/11/2022 11:17:00 AM,RIO BLVD,NA,SAME DIRECTION SIDESWIPE,Clear,DRY,Daylight,STOP SIGN,NONE DETECTED,No,No Apparent Injury,N/A,NOT DISTRACTED,MD,"MEDIUM/HEAVY TRUCKS 3 AXLES (OVER 10,000LBS (4,536KG))",SLOWING OR STOPPING,25,No,2018,FRHT,TK,39.11775172,-77.20043692,2022,3,11