Local Case Number,ACRS Report Type,Crash Date/Time,Road Name,Related Non-Motorist,Collision Type,Weather,Surface Condition,Light,Traffic Control,Driver Substance Abuse,Driver At Fault,Injury Severity,Circumstance,Driver Distracted By,Drivers License State,Vehicle Body Type,Vehicle Movement,Speed Limit,Driverless Vehicle,Vehicle Year,Vehicle Make,Vehicle Model,Latitude,Longitude,Year,Month,Hour
220010493,Property Damage Crash,03/11/2022 09:09:00 AM,VEIRS MILL RD,NA,SAME DIRECTION LEFT TURN,Clear,DRY,Daylight,TRAFFIC SIGNAL,NONE DETECTED,Yes,No Apparent Injury,N/A,UNKNOWN,XX,MOTORCYCLE,PASSING,35,No,2022,UNKNOWN,UNKNOWN,39.05305412,-77.07707133,2022,3,9
220010493,Property Damage Crash,03/11/2022 09:09:00 AM,VEIRS MILL RD,NA,SAME DIRECTION LEFT TURN,Clear,DRY,Daylight,TRAFFIC SIGNAL,NONE DETECTED,No,No Apparent Injury,N/A,NOT DISTRACTED,MD,PASSENGER CAR,STOPPED IN TRAFFIC LANE,35,No,2014,ACURA,MDX,39.05305412,-77.07707133,2022,3,9
220010492,Property Damage Crash,03/11/2022 08:04:00 AM,NA,NA,OTHER,Clear,NA,Daylight,NO CONTROLS,NONE DETECTED,No,No Apparent Injury,N/A,NOT DISTRACTED,MD,PASSENGER CAR,PARKED,5,No,2016,CHEV,MALIBU,38.9968525,-76.99195998,2022,3,8
220010492,Property Damage Crash,03/11/2022 08:04:00 AM,NA,NA,OTHER,Clear,NA,Daylight,NO CONTROLS,NONE DETECTED,Yes,No Apparent Injury,N/A,UNKNOWN,NA,STATION WAGON,BACKING,5,No,2004,FORD,FREESTAR,38.9968525,-76.99195998,2022,3,8
220010472,Injury Crash,03/11/2022 08:00:00 AM,FAIRLAND RD,BICYCLIST,SAME DIRECTION RIGHT TURN,Clear,DRY,Daylight,NO CONTROLS,NONE DETECTED,Yes,No Apparent Injury,"N/A, VISION OBSTRUCTION (INCL. BLINDED BY SUN)",LOOKED BUT DID NOT SEE,MD,PASSENGER CAR,SLOWING OR STOPPING,40,No,2014,CHEV,4S,39.07779667,-76.97765667,2022,3,8
220010475,Property Damage Crash,03/11/2022 07:59:00 AM,GLEN RD,NA,SINGLE VEHICLE,Clear,DRY,Daylight,NO CONTROLS,NONE DETECTED,Yes,No Apparent Injury,N/A,NOT DISTRACTED,MD,SCHOOL BUS,MAKING RIGHT TURN,30,No,2021,THOMAS,SCHOOL BUS,39.04574167,-77.21732,2022,3,7
220010469,Property Damage Crash,03/11/2022 07:24:00 AM,16TH ST,NA,SAME DIR REAR END,Clear,DRY,Daylight,TRAFFIC SIGNAL,NONE DETECTED,No,No Apparent Injury,N/A,NOT DISTRACTED,MD,(SPORT) UTILITY VEHICLE,STOPPED IN TRAFFIC LANE,0,No,2017,TOYT,UT,38.99519,-77.03641833,2022,3,7
220010469,Property Damage Crash,03/11/2022 07:24:00 AM,16TH ST,NA,SAME DIR REAR END,Clear,DRY,Daylight,TRAFFIC SIGNAL,NONE DETECTED,Yes,No Apparent Injury,N/A,NOT DISTRACTED,MD,PASSENGER CAR,STOPPED IN TRAFFIC LANE,0,No,2016,TOYO,2S,38.99519,-77.03641833,2022,3,7
220010469,Property Damage Crash,03/11/2022 07:24:00 AM,16TH ST,NA,SAME DIR REAR END,Clear,DRY,Daylight,TRAFFIC SIGNAL,NONE DETECTED,Yes,No Apparent Injury,N/A,NOT DISTRACTED,MD,PASSENGER CAR,ACCELERATING,20,No,2013,TOYT,SD,38.99519,-77.03641833,2022,3,7
220010468,Property Damage Crash,03/11/2022 07:13:00 AM,PARKLAWN DR,NA,SAME DIR REAR END,Clear,DRY,Daylight,TRAFFIC SIGNAL,NONE DETECTED,No,No Apparent Injury,N/A,NOT DISTRACTED,MD,(SPORT) UTILITY VEHICLE,SLOWING OR STOPPING,35,No,2013,INFINITI,TK,39.04941088,-77.10267192,2022,3,7
220010468,Property Damage Crash,03/11/2022 07:13:00 AM,PARKLAWN DR,NA,SAME DIR REAR END,Clear,DRY,Daylight,TRAFFIC SIGNAL,NONE DETECTED,Yes,No Apparent Injury,N/A,NOT DISTRACTED,FL,VAN,ACCELERATING,35,No,2015,NISSAN,TK,39.04941088,-77.10267192,2022,3,7
220010439,Injury Crash,03/10/2022 08:44:00 PM,GEORGIA AVE,NA,SAME DIR REAR END,Clear,DRY,Medium,NO CONTROLS,NONE DETECTED,No,Possible Minor Injury,N/A,NOT DISTRACTED,MD,PASSENGER CAR,MOVING CONSTANT SPEED,35,No,2009,HONDA,ACCORD,39.05028217,-77.05161683,2022,3,20
220010439,Injury Crash,03/10/2022 08:44:00 PM,GEORGIA AVE,NA,SAME DIR REAR END,Clear,DRY,Medium,NO CONTROLS,NONE DETECTED,No,No Apparent Injury,N/A,NOT DISTRACTED,MD,PASSENGER CAR,MOVING CONSTANT SPEED,35,No,2018,INFINITI,Q50,39.05028217,-77.05161683,2022,3,20
220010439,Injury Crash,03/10/2022 08:44:00 PM,GEORGIA AVE,NA,SAME DIR REAR END,Clear,DRY,Medium,NO CONTROLS,NONE DETECTED,Yes,Possible Minor Injury,N/A,UNKNOWN,MD,PASSENGER CAR,UNKNOWN,35,No,2006,VOLKSWAGON,STI,39.05028217,-77.05161683,2022,3,20
220010423,Property Damage Crash,03/10/2022 07:39:00 PM,BEL PRE RD,NA,SAME DIR REAR END,Clear,DRY,Medium,TRAFFIC SIGNAL,NONE DETECTED,No,No Apparent Injury,N/A,NOT DISTRACTED,MD,PASSENGER CAR,SLOWING OR STOPPING,35,No,2017,FORD,UT,39.09120167,-77.06222167,2022,3,19
220010423,Property Damage Crash,03/10/2022 07:39:00 PM,BEL PRE RD,NA,SAME DIR REAR END,Clear,DRY,Medium,TRAFFIC SIGNAL,NONE DETECTED,Yes,No Apparent Injury,N/A,BY MOVING OBJECT IN VEHICLE,MD,POLICE VEHICLE/NON EMERGENCY,SLOWING OR STOPPING,35,No,2013,DODGE,CARAVAN,39.09120167,-77.06222167,2022,3,19
220010426,Property Damage Crash,03/10/2022 07:20:00 PM,METRO ACCESS RD,NA,SAME DIRECTION SIDESWIPE,Cloudy,DRY,Medium,NO CONTROLS,NONE DETECTED,Yes,No Apparent Injury,N/A,LOOKED BUT DID NOT SEE,MD,TRANSIT BUS,CHANGING LANES,40,No,2017,GILLIG,LOW FLOOR BUS,39.12210052,-77.16174951,2022,3,19
220010426,Property Damage Crash,03/10/2022 07:20:00 PM,METRO ACCESS RD,NA,SAME DIRECTION SIDESWIPE,Cloudy,DRY,Medium,NO CONTROLS,NONE DETECTED,No,No Apparent Injury,N/A,NOT DISTRACTED,MD,PASSENGER CAR,MOVING CONSTANT SPEED,40,No,2002,BUICK,LESABRE,39.12210052,-77.16174951,2022,3,19
220010416,Property Damage Crash,03/10/2022 06:57:00 PM,LOCKWOOD DR,NA,STRAIGHT MOVEMENT ANGLE,Clear,DRY,Medium,STOP SIGN,NONE DETECTED,Yes,No Apparent Injury,N/A,LOOKED BUT DID NOT SEE,MD,(SPORT) UTILITY VEHICLE,MAKING LEFT TURN,30,No,2006,HONDA,PILOT,39.03888617,-76.99250167,2022,3,18
220010416,Property Damage Crash,03/10/2022 06:57:00 PM,LOCKWOOD DR,NA,STRAIGHT MOVEMENT ANGLE,Clear,DRY,Medium,STOP SIGN,NONE DETECTED,No,No Apparent Injury,N/A,NOT DISTRACTED,MD,VAN,MOVING CONSTANT SPEED,30,No,2018,RAM,VAN,39.03888617,-76.99250167,2022,3,18
220010400,Property Damage Crash,03/10/2022 04:00:00 PM,MONTGOMERY VILLAGE AVE,NA,SAME DIR REAR END,Clear,DRY,Daylight,YIELD SIGN,NONE DETECTED,Yes,No Apparent Injury,N/A,LOOKED BUT DID NOT SEE,NY,PASSENGER CAR,SLOWING OR STOPPING,30,No,2010,NISSAN,ALTIMA,39.15413145,-77.20947015,2022,3,16
220010400,Property Damage Crash,03/10/2022 04:00:00 PM,MONTGOMERY VILLAGE AVE,NA,SAME DIR REAR END,Clear,DRY,Daylight,YIELD SIGN,NONE DETECTED,No,No Apparent Injury,N/A,NOT DISTRACTED,MD,PASSENGER CAR,SLOWING OR STOPPING,30,No,2014,MAZDA,TK,39.15413145,-77.20947015,2022,3,16
220010361,Property Damage Crash,03/10/2022 03:23:00 PM,FIRST ST,NA,SAME DIR REAR END,Clear,DRY,Daylight,NO CONTROLS,NONE DETECTED,Yes,No Apparent Injury,N/A,NOT DISTRACTED,MD,PASSENGER CAR,SLOWING OR STOPPING,40,No,2020,CHEVY,TK,39.08186707,-77.13700347,2022,3,15
220010361,Property Damage Crash,03/10/2022 03:23:00 PM,FIRST ST,NA,SAME DIR REAR END,Clear,DRY,Daylight,NO CONTROLS,NONE DETECTED,Yes,No Apparent Injury,N/A,NOT DISTRACTED,MD,PASSENGER CAR,SLOWING OR STOPPING,40,No,2007,TOYT,TK,39.08186707,-77.13700347,2022,3,15
220010361,Property Damage Crash,03/10/2022 03:23:00 PM,FIRST ST,NA,SAME DIR REAR END,Clear,DRY,Daylight,NO CONTROLS,NONE DETECTED,No,No Apparent Injury,N/A,NOT DISTRACTED,MD,PASSENGER CAR,SLOWING OR STOPPING,40,No,2010,TOYT,4S,39.08186707,-77.13700347,2022,3,15
220010371,Property Damage Crash,03/10/2022 03:18:00 PM,JONES MILL RD,NA,STRAIGHT MOVEMENT ANGLE,Cloudy,DRY,Daylight,STOP SIGN,NONE DETECTED,Yes,No Apparent Injury,N/A,NOT DISTRACTED,MD,PASSENGER CAR,MAKING LEFT TURN,25,No,2012,HOND,CRV,39.01169333,-77.0634,2022,3,15
220010371,Property Damage Crash,03/10/2022 03:18:00 PM,JONES MILL RD,NA,STRAIGHT MOVEMENT ANGLE,Cloudy,DRY,Daylight,STOP SIGN,NONE DETECTED,No,No Apparent Injury,N/A,NOT DISTRACTED,MD,PASSENGER CAR,MOVING CONSTANT SPEED,25,No,2017,VOLVO,XC60,39.01169333,-77.0634,2022,3,15
220010358,Injury Crash,03/10/2022 03:14:00 PM,EISENHOWER MEMORIAL HWY,NA,SAME DIR REAR END,Cloudy,DRY,Daylight,NO CONTROLS,NONE DETECTED,No,No Apparent Injury,N/A,NOT DISTRACTED,MD,PASSENGER CAR,SLOWING OR STOPPING,55,No,2014,HYUNDAI,SONATA,39.08775333,-77.17390833,2022,3,15
220010358,Injury Crash,03/10/2022 03:14:00 PM,EISENHOWER MEMORIAL HWY,NA,SAME DIR REAR END,Cloudy,DRY,Daylight,NO CONTROLS,NONE DETECTED,Yes,No Apparent Injury,N/A,NOT DISTRACTED,MD,VAN,SLOWING OR STOPPING,55,No,2009,FORD,VAN,39.08775333,-77.17390833,2022,3,15
220010357,Property Damage Crash,03/10/2022 02:52:00 PM,OLD HUNDRED RD,NA,SINGLE VEHICLE,Clear,DRY,Daylight,N/A,NONE DETECTED,Yes,No Apparent Injury,N/A,INATTENTIVE OR LOST IN THOUGHT,MD,PASSENGER CAR,MOVING CONSTANT SPEED,30,No,2012,HONDA,CIVIC,39.2522846,-77.34596823,2022,3,14
220010340,Injury Crash,03/10/2022 01:56:00 PM,GEORGIA AVE,NA,STRAIGHT MOVEMENT ANGLE,Clear,DRY,Daylight,TRAFFIC SIGNAL,NONE DETECTED,No,Possible Minor Injury,N/A,NOT DISTRACTED,MD,PASSENGER CAR,MOVING CONSTANT SPEED,35,No,2019,BMW,540I,39.01553633,-77.04251917,2022,3,13
220010340,Injury Crash,03/10/2022 01:56:00 PM,GEORGIA AVE,NA,STRAIGHT MOVEMENT ANGLE,Clear,DRY,Daylight,TRAFFIC SIGNAL,NONE DETECTED,Yes,No Apparent Injury,N/A,UNKNOWN,NA,NA,MAKING LEFT TURN,35,No,0,UNKNOWN,UNKNOWN,39.01553633,-77.04251917,2022,3,13
220010331,Property Damage Crash,03/10/2022 12:59:00 PM,ARLINGTON RD,NA,STRAIGHT MOVEMENT ANGLE,Clear,DRY,Daylight,NO CONTROLS,NONE DETECTED,No,No Apparent Injury,N/A,NOT DISTRACTED,DC,PASSENGER CAR,MOVING CONSTANT SPEED,25,No,2017,MINI,COOPER,38.97706344,-77.09888899,2022,3,12
220010331,Property Damage Crash,03/10/2022 12:59:00 PM,ARLINGTON RD,NA,STRAIGHT MOVEMENT ANGLE,Clear,DRY,Daylight,NO CONTROLS,NONE DETECTED,Yes,No Apparent Injury,N/A,LOOKED BUT DID NOT SEE,MD,"CARGO VAN/LIGHT TRUCK 2 AXLES (OVER 10,000LBS (4,536 KG))",MAKING RIGHT TURN,25,No,2021,FORD,CG,38.97706344,-77.09888899,2022,3,12
220010312,Property Damage Crash,03/10/2022 12:20:00 PM,GREAT SENECA HWY,NA,SAME DIR REAR END,Clear,DRY,Daylight,NO CONTROLS,NONE DETECTED,Yes,No Apparent Injury,N/A,NOT DISTRACTED,DC,PASSENGER CAR,MOVING CONSTANT SPEED,45,No,2006,HOND,VN,39.10586667,-77.20799667,2022,3,12
220010312,Property Damage Crash,03/10/2022 12:20:00 PM,GREAT SENECA HWY,NA,SAME DIR REAR END,Clear,DRY,Daylight,NO CONTROLS,NONE DETECTED,No,No Apparent Injury,N/A,NOT DISTRACTED,MD,PASSENGER CAR,SLOWING OR STOPPING,45,No,2020,JAGU,UT,39.10586667,-77.20799667,2022,3,12
220010307,Property Damage Crash,03/10/2022 11:41:00 AM,GEORGIA AVE,NA,STRAIGHT MOVEMENT ANGLE,Clear,DRY,Daylight,TRAFFIC SIGNAL,NONE DETECTED,Yes,No Apparent Injury,N/A,LOOKED BUT DID NOT SEE,MD,"OTHER LIGHT TRUCKS (10,000LBS (4,536KG) OR LESS)",MAKING LEFT TURN,35,No,2019,RAM,PROMASTER 1500,39.02130734,-77.04450271,2022,3,11
220010307,Property Damage Crash,03/10/2022 11:41:00 AM,GEORGIA AVE,NA,STRAIGHT MOVEMENT ANGLE,Clear,DRY,Daylight,TRAFFIC SIGNAL,NONE DETECTED,No,No Apparent Injury,N/A,NOT DISTRACTED,MD,PASSENGER CAR,MOVING CONSTANT SPEED,35,No,1996,MERCEDES,E300,39.02130734,-77.04450271,2022,3,11
220010564,Property Damage Crash,03/10/2022 10:50:00 AM,NA,NA,SAME DIRECTION SIDESWIPE,Clear,NA,Daylight,NO CONTROLS,NONE DETECTED,Yes,No Apparent Injury,N/A,NOT DISTRACTED,NA,PASSENGER CAR,BACKING,10,No,2010,NISSAN,SENTRA,39.00668833,-76.981245,2022,3,10
220010279,Injury Crash,03/10/2022 08:56:00 AM,MUNCASTER MILL RD,NA,STRAIGHT MOVEMENT ANGLE,Clear,DRY,Daylight,STOP SIGN,NONE DETECTED,Yes,No Apparent Injury,N/A,UNKNOWN,GA,PASSENGER CAR,MAKING LEFT TURN,25,No,2013,INFINITI,JX35,39.11406,-77.09333167,2022,3,8
220010279,Injury Crash,03/10/2022 08:56:00 AM,MUNCASTER MILL RD,NA,STRAIGHT MOVEMENT ANGLE,Clear,DRY,Daylight,STOP SIGN,NONE DETECTED,No,Possible Minor Injury,N/A,UNKNOWN,MD,PASSENGER CAR,MOVING CONSTANT SPEED,40,No,2015,TOYTA,COROLLA,39.11406,-77.09333167,2022,3,8
220010322,Injury Crash,03/10/2022 08:30:00 AM,COLESVILLE RD,NA,SAME DIR REAR END,Clear,DRY,Daylight,TRAFFIC SIGNAL,NONE DETECTED,No,Possible Minor Injury,N/A,NOT DISTRACTED,MD,VAN,STOPPED IN TRAFFIC LANE,35,No,2004,HONDA,ODYSSEY,38.9949205,-77.0301288,2022,3,8
220010322,Injury Crash,03/10/2022 08:30:00 AM,COLESVILLE RD,NA,SAME DIR REAR END,Clear,DRY,Daylight,TRAFFIC SIGNAL,NONE DETECTED,Yes,No Apparent Injury,N/A,UNKNOWN,MD,PASSENGER CAR,SLOWING OR STOPPING,35,No,2014,CADILLAC,XTS,38.9949205,-77.0301288,2022,3,8
220010276,Property Damage Crash,03/10/2022 08:25:00 AM,NEW HAMPSHIRE AVE,NA,SAME DIRECTION LEFT TURN,Clear,DRY,Daylight,TRAFFIC SIGNAL,NONE DETECTED,No,No Apparent Injury,N/A,NOT DISTRACTED,MD,POLICE VEHICLE/NON EMERGENCY,MOVING CONSTANT SPEED,45,No,2019,DODG,4S,39.09015833,-76.99981167,2022,3,8
220010276,Property Damage Crash,03/10/2022 08:25:00 AM,NEW HAMPSHIRE AVE,NA,SAME DIRECTION LEFT TURN,Clear,DRY,Daylight,TRAFFIC SIGNAL,NONE DETECTED,Yes,No Apparent Injury,N/A,LOOKED BUT DID NOT SEE,PA,VAN,CHANGING LANES,45,No,2000,CHRYLS,SW,39.09015833,-76.99981167,2022,3,8
220010275,Property Damage Crash,03/10/2022 08:20:00 AM,NEW HAMPSHIRE AVE,NA,STRAIGHT MOVEMENT ANGLE,Clear,DRY,Daylight,NO CONTROLS,NONE DETECTED,No,No Apparent Injury,N/A,NOT DISTRACTED,MD,PASSENGER CAR,MOVING CONSTANT SPEED,35,No,2014,NISSAN,ALTIMA,39.10646833,-77.00196833,2022,3,8
220010275,Property Damage Crash,03/10/2022 08:20:00 AM,NEW HAMPSHIRE AVE,NA,STRAIGHT MOVEMENT ANGLE,Clear,DRY,Daylight,NO CONTROLS,NONE DETECTED,Yes,No Apparent Injury,N/A,NOT DISTRACTED,MD,PASSENGER CAR,MOVING CONSTANT SPEED,35,No,2011,HYUNDAI,TUCSON,39.10646833,-77.00196833,2022,3,8
220010274,Property Damage Crash,03/10/2022 07:49:00 AM,WOODFIELD RD,NA,SAME DIR REAR END,Cloudy,WET,Daylight,NO CONTROLS,NONE DETECTED,No,No Apparent Injury,"N/A, WET",NOT DISTRACTED,MD,VAN,STOPPED IN TRAFFIC LANE,50,No,2005,HONDA,ODYSSEY,39.20865667,-77.1695,2022,3,7
220010274,Property Damage Crash,03/10/2022 07:49:00 AM,WOODFIELD RD,NA,SAME DIR REAR END,Cloudy,WET,Daylight,NO CONTROLS,NONE DETECTED,Yes,No Apparent Injury,"N/A, WET",NOT DISTRACTED,MD,(SPORT) UTILITY VEHICLE,MOVING CONSTANT SPEED,50,No,2012,ACUR,RDX,39.20865667,-77.1695,2022,3,7
220010274,Property Damage Crash,03/10/2022 07:49:00 AM,WOODFIELD RD,NA,SAME DIR REAR END,Cloudy,WET,Daylight,NO CONTROLS,NONE DETECTED,No,No Apparent Injury,"N/A, WET",NOT DISTRACTED,MD,(SPORT) UTILITY VEHICLE,STOPPED IN TRAFFIC LANE,50,No,2021,HOND,PILOT,39.20865667,-77.1695,2022,3,7
220010270,Injury Crash,03/10/2022 07:46:00 AM,NORBECK RD,NA,SAME DIR REAR END,Clear,DRY,Daylight,NO CONTROLS,NONE DETECTED,Yes,No Apparent Injury,"BACKUP DUE TO REGULAR CONGESTION, N/A",NOT DISTRACTED,VA,"MEDIUM/HEAVY TRUCKS 3 AXLES (OVER 10,000LBS (4,536KG))",MOVING CONSTANT SPEED,35,No,2002,FRHT,TR,39.09876,-77.10230167,2022,3,7
220010270,Injury Crash,03/10/2022 07:46:00 AM,NORBECK RD,NA,SAME DIR REAR END,Clear,DRY,Daylight,NO CONTROLS,NONE DETECTED,No,Possible Minor Injury,"BACKUP DUE TO REGULAR CONGESTION, N/A",NOT DISTRACTED,MD,PASSENGER CAR,STOPPED IN TRAFFIC LANE,35,No,2016,CHEVY,CRUZE,39.09876,-77.10230167,2022,3,7
220010273,Property Damage Crash,03/10/2022 07:43:00 AM,GEORGIA AVE,NA,SAME DIR REAR END,Clear,DRY,Daylight,TRAFFIC SIGNAL,NONE DETECTED,Yes,No Apparent Injury,N/A,OTHER DISTRACTION,MD,PASSENGER CAR,ACCELERATING,35,No,2016,ISU,TK,39.07225,-77.06438667,2022,3,7
220010273,Property Damage Crash,03/10/2022 07:43:00 AM,GEORGIA AVE,NA,SAME DIR REAR END,Clear,DRY,Daylight,TRAFFIC SIGNAL,NONE DETECTED,No,No Apparent Injury,N/A,NOT DISTRACTED,MD,SCHOOL BUS,STOPPED IN TRAFFIC LANE,35,No,2011,THOM,BUS,39.07225,-77.06438667,2022,3,7
220010261,Property Damage Crash,03/10/2022 06:48:00 AM,UNIVERSITY BLVD E,NA,SINGLE VEHICLE,Clear,DRY,Daylight,NO CONTROLS,NONE DETECTED,Yes,No Apparent Injury,N/A,NOT DISTRACTED,MD,TRANSIT BUS,MOVING CONSTANT SPEED,35,No,2016,NEW FLYER,XDE,39.00469287,-76.99700321,2022,3,6
220010258,Property Damage Crash,03/10/2022 06:30:00 AM,FREDERICK RD,NA,SAME DIR REAR END,Clear,DRY,Daylight,TRAFFIC SIGNAL,NONE DETECTED,No,No Apparent Injury,N/A,NOT DISTRACTED,MD,PASSENGER CAR,STOPPED IN TRAFFIC LANE,0,No,2010,NISS,4S,39.11564714,-77.16645747,2022,3,6
220010258,Property Damage Crash,03/10/2022 06:30:00 AM,FREDERICK RD,NA,SAME DIR REAR END,Clear,DRY,Daylight,TRAFFIC SIGNAL,NONE DETECTED,Yes,No Apparent Injury,N/A,INATTENTIVE OR LOST IN THOUGHT,MD,CROSS COUNTRY BUS,SLOWING OR STOPPING,10,No,2017,GILG,BU,39.11564714,-77.16645747,2022,3,6
220010259,Property Damage Crash,03/10/2022 06:29:00 AM,UNIVERSITY BLVD E,NA,SAME DIR REAR END,Clear,DRY,Daylight,NO CONTROLS,NONE DETECTED,Yes,No Apparent Injury,N/A,UNKNOWN,MD,VAN,MOVING CONSTANT SPEED,35,No,2016,CHEVROLET,EXPRESS,39.00393306,-76.99647465,2022,3,6
220010259,Property Damage Crash,03/10/2022 06:29:00 AM,UNIVERSITY BLVD E,NA,SAME DIR REAR END,Clear,DRY,Daylight,NO CONTROLS,NONE DETECTED,No,No Apparent Injury,N/A,NOT DISTRACTED,MD,PASSENGER CAR,SLOWING OR STOPPING,35,No,2006,HONDA,CIVIC,39.00393306,-76.99647465,2022,3,6
220010260,Property Damage Crash,03/10/2022 05:50:00 AM,KILLDEER DR,NA,OTHER,Clear,DRY,Medium,NO CONTROLS,NONE DETECTED,Yes,No Apparent Injury,N/A,UNKNOWN,MD,PASSENGER CAR,MOVING CONSTANT SPEED,25,No,2011,CADI,ESCALADE,39.12668,-77.14283833,2022,3,5
220010246,Property Damage Crash,03/09/2022 10:28:00 PM,MACARTHUR BLVD,NA,SINGLE VEHICLE,Clear,WET,Medium,NO CONTROLS,ALCOHOL PRESENT,Yes,No Apparent Injury,"N/A, WET",UNKNOWN,MD,PASSENGER CAR,MOVING CONSTANT SPEED,30,No,2012,HYUNDAI,ELANTRA,38.97321,-77.154995,2022,3,22
220010240,Property Damage Crash,03/09/2022 09:50:00 PM,W DIAMOND AVE,NA,SAME DIR REAR END,Cloudy,WET,Medium,TRAFFIC SIGNAL,NONE DETECTED,No,No Apparent Injury,"N/A, WET",NOT DISTRACTED,MD,PASSENGER CAR,STOPPED IN TRAFFIC LANE,35,No,2014,FORD,EXPLORER,39.14038748,-77.21027338,2022,3,21
220010240,Property Damage Crash,03/09/2022 09:50:00 PM,W DIAMOND AVE,NA,SAME DIR REAR END,Cloudy,WET,Medium,TRAFFIC SIGNAL,ALCOHOL PRESENT,Yes,No Apparent Injury,"N/A, WET",UNKNOWN,MD,PASSENGER CAR,UNKNOWN,35,No,2015,DODG,CHALLENGER,39.14038748,-77.21027338,2022,3,21
220010242,Property Damage Crash,03/09/2022 09:17:00 PM,CARROLL AVE,NA,SAME DIRECTION SIDESWIPE,Cloudy,DRY,Dark,NO CONTROLS,NONE DETECTED,Yes,No Apparent Injury,N/A,OTHER DISTRACTION,MD,PASSENGER CAR,UNKNOWN,30,No,2013,TOYOTA,CAMRY,38.99732833,-76.991835,2022,3,21
220010236,Property Damage Crash,03/09/2022 09:14:00 PM,NA,NA,OTHER,Clear,NA,Medium,NO CONTROLS,ALCOHOL PRESENT,Yes,No Apparent Injury,N/A,LOOKED BUT DID NOT SEE,MD,(SPORT) UTILITY VEHICLE,PARKING,0,No,2010,HONDA,CRV,39.11075958,-76.99497627,2022,3,21
220010231,Property Damage Crash,03/09/2022 09:06:00 PM,BRUNETT AVE,NA,SINGLE VEHICLE,Clear,DRY,Medium,NO CONTROLS,NONE DETECTED,No,No Apparent Injury,N/A,NOT DISTRACTED,MD,PASSENGER CAR,MOVING CONSTANT SPEED,25,No,2005,DODGE,GRAND CARA,39.00197167,-77.023065,2022,3,21
2200010213,Property Damage Crash,03/09/2022 06:48:00 PM,NA,NA,SINGLE VEHICLE,Clear,NA,Medium,NO CONTROLS,NONE DETECTED,Yes,No Apparent Injury,N/A,UNKNOWN,MD,FIRE VEHICLE/EMERGENCY,BACKING,10,No,2019,PIRC,TK,39.10822485,-77.21941313,2022,3,18
220010210,Injury Crash,03/09/2022 06:47:00 PM,GOSHEN RD,NA,HEAD ON,Clear,WET,Medium,TRAFFIC SIGNAL,NONE DETECTED,No,Possible Minor Injury,N/A,NOT DISTRACTED,MD,(SPORT) UTILITY VEHICLE,MOVING CONSTANT SPEED,35,No,2017,NISSAN,PATHFINDER,39.18537167,-77.18749167,2022,3,18
220010210,Injury Crash,03/09/2022 06:47:00 PM,GOSHEN RD,NA,HEAD ON,Clear,WET,Medium,TRAFFIC SIGNAL,NONE DETECTED,Yes,No Apparent Injury,N/A,UNKNOWN,MD,(SPORT) UTILITY VEHICLE,MAKING LEFT TURN,35,No,2019,CADI,SUV,39.18537167,-77.18749167,2022,3,18
220010206,Property Damage Crash,03/09/2022 06:06:00 PM,ASHTON RD,NA,SINGLE VEHICLE,Clear,WET,Medium,NO CONTROLS,NONE DETECTED,Yes,No Apparent Injury,"N/A, WET",UNKNOWN,MD,PASSENGER CAR,NEGOTIATING A CURVE,40,No,2009,HONDA,CIVIC,39.16090535,-76.9822346,2022,3,18
220010198,Injury Crash,03/09/2022 05:15:00 PM,FREDERICK RD,NA,STRAIGHT MOVEMENT ANGLE,Rain,WET,Daylight,NO CONTROLS,NONE DETECTED,No,No Apparent Injury,"RAIN, SNOW, WET",NOT DISTRACTED,MD,PASSENGER CAR,MOVING CONSTANT SPEED,40,No,2021,HOND,SD,39.175785,-77.23825333,2022,3,17
220010198,Injury Crash,03/09/2022 05:15:00 PM,FREDERICK RD,NA,STRAIGHT MOVEMENT ANGLE,Rain,WET,Daylight,NO CONTROLS,NONE DETECTED,Yes,Possible Minor Injury,"RAIN, SNOW, WET",UNKNOWN,MD,PASSENGER CAR,MOVING CONSTANT SPEED,40,No,2018,FORD,FUSION,39.175785,-77.23825333,2022,3,17
220010195,Injury Crash,03/09/2022 05:10:00 PM,COLUMBIA PIKE,NA,STRAIGHT MOVEMENT ANGLE,Cloudy,WET,Daylight,TRAFFIC SIGNAL,NONE DETECTED,No,Possible Minor Injury,"N/A, WET",NOT DISTRACTED,MD,PASSENGER CAR,MOVING CONSTANT SPEED,45,No,2018,TOYOTA,COROLLA,39.03940865,-76.99783223,2022,3,17
220010195,Injury Crash,03/09/2022 05:10:00 PM,COLUMBIA PIKE,NA,STRAIGHT MOVEMENT ANGLE,Cloudy,WET,Daylight,TRAFFIC SIGNAL,NONE DETECTED,Yes,No Apparent Injury,"N/A, WET",NOT DISTRACTED,MD,PASSENGER CAR,MAKING LEFT TURN,45,No,2004,TOYT,AVALON,39.03940865,-76.99783223,2022,3,17
220010188,Injury Crash,03/09/2022 04:40:00 PM,WALSH ST,NA,SAME DIR REAR END,Cloudy,WET,Daylight,NO CONTROLS,NONE DETECTED,Yes,Possible Minor Injury,"N/A, WET",UNKNOWN,MD,(SPORT) UTILITY VEHICLE,MOVING CONSTANT SPEED,25,No,2017,KIA,SORENTO,38.97938167,-77.090055,2022,3,16
220010194,Property Damage Crash,03/09/2022 04:22:00 PM,MONTGOMERY VILLAGE AVE,NA,SAME DIR REAR END,Rain,WET,Daylight,TRAFFIC SIGNAL,NONE DETECTED,Yes,No Apparent Injury,N/A,INATTENTIVE OR LOST IN THOUGHT,MD,PASSENGER CAR,SLOWING OR STOPPING,40,No,2004,VOLV,4S,39.15202659,-77.21266237,2022,3,16
220010194,Property Damage Crash,03/09/2022 04:22:00 PM,MONTGOMERY VILLAGE AVE,NA,SAME DIR REAR END,Rain,WET,Daylight,TRAFFIC SIGNAL,NONE DETECTED,No,No Apparent Injury,N/A,NOT DISTRACTED,MD,SCHOOL BUS,STOPPED IN TRAFFIC LANE,40,No,2018,FRHT,BU,39.15202659,-77.21266237,2022,3,16
220010178,Property Damage Crash,03/09/2022 04:15:00 PM,BRADLEY BLVD,NA,SAME DIR REAR END,Clear,WET,Daylight,N/A,NONE DETECTED,No,No Apparent Injury,"N/A, WET",NOT DISTRACTED,MD,(SPORT) UTILITY VEHICLE,STOPPED IN TRAFFIC LANE,40,No,2022,JEEP,COMPASS,39.01199333,-77.15579833,2022,3,16
220010178,Property Damage Crash,03/09/2022 04:15:00 PM,BRADLEY BLVD,NA,SAME DIR REAR END,Clear,WET,Daylight,N/A,NONE DETECTED,Yes,No Apparent Injury,"N/A, WET",INATTENTIVE OR LOST IN THOUGHT,MD,(SPORT) UTILITY VEHICLE,MOVING CONSTANT SPEED,40,No,2018,CHEV,SUBURBAN,39.01199333,-77.15579833,2022,3,16
220010174,Property Damage Crash,03/09/2022 04:05:00 PM,W MONTGOMERY AVE,NA,SAME DIR REAR END,Rain,WET,Daylight,NO CONTROLS,NONE DETECTED,Yes,No Apparent Injury,"SLEET, HAIL, FREEZ. RAIN, WET",NOT DISTRACTED,MD,OTHER,SLOWING OR STOPPING,25,No,2014,NISS,SD,39.07997592,-77.13826298,2022,3,16