Local Case Number,ACRS Report Type,Crash Date/Time,Road Name,Related Non-Motorist,Collision Type,Weather,Surface Condition,Light,Traffic Control,Driver Substance Abuse,Driver At Fault,Injury Severity,Circumstance,Driver Distracted By,Drivers License State,Vehicle Body Type,Vehicle Movement,Speed Limit,Driverless Vehicle,Vehicle Year,Vehicle Make,Vehicle Model,Latitude,Longitude,Year,Month,Hour
220010174,Property Damage Crash,03/09/2022 04:05:00 PM,W MONTGOMERY AVE,NA,SAME DIR REAR END,Rain,WET,Daylight,NO CONTROLS,NONE DETECTED,No,No Apparent Injury,"SLEET, HAIL, FREEZ. RAIN, WET",NOT DISTRACTED,MD,PASSENGER CAR,MOVING CONSTANT SPEED,25,No,2012,HONDA,CR-V,39.07997592,-77.13826298,2022,3,16
220010166,Property Damage Crash,03/09/2022 03:26:00 PM,COLESVILLE RD,NA,SINGLE VEHICLE,Rain,WET,Daylight,TRAFFIC SIGNAL,NONE DETECTED,Yes,No Apparent Injury,"RAIN, SNOW, WET",LOOKED BUT DID NOT SEE,MD,PASSENGER CAR,MAKING LEFT TURN,35,No,2016,FORD,CMAX,38.9937,-77.03205667,2022,3,15
220010163,Injury Crash,03/09/2022 03:16:00 PM,COLESVILLE RD,NA,SAME DIR REAR END,Rain,WET,Daylight,NO CONTROLS,NONE DETECTED,Yes,No Apparent Injury,"RAIN, SNOW, WET",NOT DISTRACTED,MD,PICKUP TRUCK,SLOWING OR STOPPING,35,No,2010,TOYT,TACOMA,39.01891349,-77.0139073,2022,3,15
220010163,Injury Crash,03/09/2022 03:16:00 PM,COLESVILLE RD,NA,SAME DIR REAR END,Rain,WET,Daylight,NO CONTROLS,NONE DETECTED,No,Possible Minor Injury,"RAIN, SNOW, WET",NOT DISTRACTED,MD,PASSENGER CAR,SLOWING OR STOPPING,35,No,2016,TOYT,CAMRY,39.01891349,-77.0139073,2022,3,15
220010184,Property Damage Crash,03/09/2022 02:00:00 PM,NA,NA,OPPOSITE DIRECTION SIDESWIPE,Clear,NA,Daylight,N/A,NONE DETECTED,Yes,No Apparent Injury,N/A,UNKNOWN,MD,(SPORT) UTILITY VEHICLE,PARKING,0,No,2011,LEXUS,RX,39.057125,-77.1232791,2022,3,14
220010135,Property Damage Crash,03/09/2022 12:40:00 PM,COLESVILLE RD,NA,SAME DIRECTION SIDESWIPE,Rain,WET,Daylight,TRAFFIC SIGNAL,NONE DETECTED,No,No Apparent Injury,"RAIN, SNOW, WET",NOT DISTRACTED,MD,SCHOOL BUS,STOPPED IN TRAFFIC LANE,35,No,2016,THOMAS BU,BUS,38.99794184,-77.0267606,2022,3,12
220010135,Property Damage Crash,03/09/2022 12:40:00 PM,COLESVILLE RD,NA,SAME DIRECTION SIDESWIPE,Rain,WET,Daylight,TRAFFIC SIGNAL,NONE DETECTED,Yes,No Apparent Injury,"RAIN, SNOW, WET",OTHER DISTRACTION,MD,PASSENGER CAR,ACCELERATING,35,No,2006,TOYOTA,VAN,38.99794184,-77.0267606,2022,3,12
220010128,Property Damage Crash,03/09/2022 12:20:00 PM,RUSSELL AVE,NA,HEAD ON LEFT TURN,Rain,WET,Daylight,TRAFFIC SIGNAL,NONE DETECTED,Yes,No Apparent Injury,"N/A, WET",LOOKED BUT DID NOT SEE,MD,PASSENGER CAR,MAKING LEFT TURN,25,No,2010,TOYOTA,RAV4,39.15131955,-77.20734957,2022,3,12
220010128,Property Damage Crash,03/09/2022 12:20:00 PM,RUSSELL AVE,NA,HEAD ON LEFT TURN,Rain,WET,Daylight,TRAFFIC SIGNAL,NONE DETECTED,No,No Apparent Injury,"N/A, WET",NOT DISTRACTED,MD,PASSENGER CAR,MOVING CONSTANT SPEED,25,No,2002,CHEVROLET,SILVERADO,39.15131955,-77.20734957,2022,3,12
220010117,Property Damage Crash,03/09/2022 11:50:00 AM,PINEY BRANCH RD,NA,SAME DIRECTION RIGHT TURN,Rain,WET,Daylight,TRAFFIC SIGNAL,NONE DETECTED,Yes,No Apparent Injury,N/A,LOOKED BUT DID NOT SEE,MD,PASSENGER CAR,CHANGING LANES,35,No,2010,HYUNDAI,SONATA,38.99898167,-76.99772,2022,3,11
220010117,Property Damage Crash,03/09/2022 11:50:00 AM,PINEY BRANCH RD,NA,SAME DIRECTION RIGHT TURN,Rain,WET,Daylight,TRAFFIC SIGNAL,NONE DETECTED,No,No Apparent Injury,N/A,NOT DISTRACTED,MD,TRANSIT BUS,STARTING FROM LANE,30,No,2016,GILLIG,BU,38.99898167,-76.99772,2022,3,11
220010121,Property Damage Crash,03/09/2022 11:38:00 AM,EAST WEST HWY,NA,SAME DIRECTION SIDESWIPE,Rain,WET,Daylight,NO CONTROLS,NONE DETECTED,No,No Apparent Injury,"RAIN, SNOW, WET",NOT DISTRACTED,MD,PICKUP TRUCK,SLOWING OR STOPPING,35,No,2019,FORD,F550,38.99380233,-77.032587,2022,3,11
220010121,Property Damage Crash,03/09/2022 11:38:00 AM,EAST WEST HWY,NA,SAME DIRECTION SIDESWIPE,Rain,WET,Daylight,NO CONTROLS,NONE DETECTED,Yes,No Apparent Injury,"RAIN, SNOW, WET",NOT DISTRACTED,MD,PASSENGER CAR,CHANGING LANES,35,No,2014,HYUNDAI,ELANTRA,38.99380233,-77.032587,2022,3,11
220010093,Property Damage Crash,03/09/2022 09:18:00 AM,BEL PRE RD,NA,OTHER,Rain,WET,Daylight,OTHER,NONE DETECTED,Yes,No Apparent Injury,"RAIN, SNOW, WET",LOOKED BUT DID NOT SEE,MD,PASSENGER CAR,MAKING LEFT TURN,35,No,2007,PONTIAC,VIBE,39.09219333,-77.04557167,2022,3,9
220010093,Property Damage Crash,03/09/2022 09:18:00 AM,BEL PRE RD,NA,OTHER,Rain,WET,Daylight,OTHER,NONE DETECTED,No,No Apparent Injury,"RAIN, SNOW, WET",NOT DISTRACTED,MD,PASSENGER CAR,MOVING CONSTANT SPEED,35,No,2015,KIA,4D,39.09219333,-77.04557167,2022,3,9
220010094,Property Damage Crash,03/09/2022 09:17:00 AM,PINEY BRANCH RD,NA,STRAIGHT MOVEMENT ANGLE,Rain,WET,Daylight,NO CONTROLS,NONE DETECTED,No,No Apparent Injury,"RAIN, SNOW, WET",NOT DISTRACTED,MD,TRUCK TRACTOR,SLOWING OR STOPPING,35,No,2020,INTERNATIONAL,TRUCK,38.999794,-76.99440483,2022,3,9
220010094,Property Damage Crash,03/09/2022 09:17:00 AM,PINEY BRANCH RD,NA,STRAIGHT MOVEMENT ANGLE,Rain,WET,Daylight,NO CONTROLS,NONE DETECTED,Yes,No Apparent Injury,"RAIN, SNOW, WET",LOOKED BUT DID NOT SEE,MD,PASSENGER CAR,MAKING LEFT TURN,35,No,2014,TOYOTA,SCION XD,38.999794,-76.99440483,2022,3,9
220010088,Injury Crash,03/09/2022 07:32:00 AM,RAY DR,PEDESTRIAN,OTHER,Rain,WET,Daylight,SCHOOL ZONE SIGN DEVICE,NONE DETECTED,Yes,No Apparent Injury,N/A,UNKNOWN,MD,PASSENGER CAR,MOVING CONSTANT SPEED,25,No,2022,HYUNDAI,TUCSON,38.98594162,-77.01355269,2022,3,7
220010078,Injury Crash,03/09/2022 07:00:00 AM,GEORGIA AVE,NA,STRAIGHT MOVEMENT ANGLE,Rain,WET,Daylight,NO CONTROLS,NONE DETECTED,Yes,No Apparent Injury,"RAIN, SNOW, WET",LOOKED BUT DID NOT SEE,VA,PASSENGER CAR,MAKING LEFT TURN,35,No,2009,TOYOTA,COROLLA,38.99247,-77.02674833,2022,3,7
220010078,Injury Crash,03/09/2022 07:00:00 AM,GEORGIA AVE,NA,STRAIGHT MOVEMENT ANGLE,Rain,WET,Daylight,NO CONTROLS,NONE DETECTED,No,Possible Minor Injury,"RAIN, SNOW, WET",NOT DISTRACTED,MD,PASSENGER CAR,MOVING CONSTANT SPEED,35,No,2018,TOYOTA,RAV4,38.99247,-77.02674833,2022,3,7
220010074,Property Damage Crash,03/09/2022 05:09:00 AM,GERMANTOWN RD,NA,HEAD ON LEFT TURN,Clear,DRY,Medium,FLASHING TRAFFIC SIGNAL,NONE DETECTED,Yes,No Apparent Injury,N/A,OTHER DISTRACTION,MD,PASSENGER CAR,MAKING LEFT TURN,40,No,2016,MAZD,CX5,39.18116833,-77.26217333,2022,3,5
220010074,Property Damage Crash,03/09/2022 05:09:00 AM,GERMANTOWN RD,NA,HEAD ON LEFT TURN,Clear,DRY,Medium,FLASHING TRAFFIC SIGNAL,NONE DETECTED,No,No Apparent Injury,N/A,NOT DISTRACTED,MD,PASSENGER CAR,MOVING CONSTANT SPEED,40,No,2006,ACURA,TSX,39.18116833,-77.26217333,2022,3,5
220010071,Property Damage Crash,03/09/2022 03:03:00 AM,ARCOLA AVE,NA,SINGLE VEHICLE,Clear,DRY,Dark,NO CONTROLS,NONE DETECTED,Yes,No Apparent Injury,N/A,UNKNOWN,NA,(SPORT) UTILITY VEHICLE,MOVING CONSTANT SPEED,30,No,2004,TOYOTA,HIGHLANDER,39.04256167,-77.02964667,2022,3,3
220010065,Property Damage Crash,03/08/2022 11:40:00 PM,NA,NA,OPPOSITE DIRECTION SIDESWIPE,Clear,NA,Medium,NO CONTROLS,NONE DETECTED,No,No Apparent Injury,N/A,NOT DISTRACTED,MD,PICKUP TRUCK,PARKED,5,No,2012,FORD,F350,39.04630649,-77.11296205,2022,3,23
220010065,Property Damage Crash,03/08/2022 11:40:00 PM,NA,NA,OPPOSITE DIRECTION SIDESWIPE,Clear,NA,Medium,NO CONTROLS,NONE DETECTED,Yes,No Apparent Injury,N/A,LOOKED BUT DID NOT SEE,MD,(SPORT) UTILITY VEHICLE,BACKING,5,No,2007,FORD,EXPEDITION,39.04630649,-77.11296205,2022,3,23
220010059,Property Damage Crash,03/08/2022 10:00:00 PM,FREDERICK RD,NA,STRAIGHT MOVEMENT ANGLE,Clear,DRY,Medium,TRAFFIC SIGNAL,NONE DETECTED,Yes,No Apparent Injury,N/A,LOOKED BUT DID NOT SEE,PA,PASSENGER CAR,MOVING CONSTANT SPEED,40,No,2008,FORD,EXPEDITION,39.12318333,-77.17726333,2022,3,22
220010059,Property Damage Crash,03/08/2022 10:00:00 PM,FREDERICK RD,NA,STRAIGHT MOVEMENT ANGLE,Clear,DRY,Medium,TRAFFIC SIGNAL,NONE DETECTED,No,No Apparent Injury,N/A,NOT DISTRACTED,MD,PASSENGER CAR,MOVING CONSTANT SPEED,40,No,2011,TOYOTA,4S,39.12318333,-77.17726333,2022,3,22
220010058,Property Damage Crash,03/08/2022 09:51:00 PM,WIGHTMAN RD,NA,SINGLE VEHICLE,Clear,DRY,Medium,NO CONTROLS,NONE DETECTED,Yes,No Apparent Injury,N/A,UNKNOWN,MD,PASSENGER CAR,MAKING LEFT TURN,35,No,2021,TOYT,UT,39.18570177,-77.18390535,2022,3,21
220010056,Property Damage Crash,03/08/2022 09:22:00 PM,NORBECK RD,NA,SINGLE VEHICLE,Clear,DRY,Medium,N/A,NONE DETECTED,Yes,No Apparent Injury,N/A,UNKNOWN,MD,PASSENGER CAR,MOVING CONSTANT SPEED,40,No,2012,CHRY,SD,39.11277833,-77.06810667,2022,3,21
220010051,Property Damage Crash,03/08/2022 08:12:00 PM,GEORGIA AVE,NA,STRAIGHT MOVEMENT ANGLE,Clear,DRY,Medium,NO CONTROLS,NONE DETECTED,No,No Apparent Injury,N/A,NOT DISTRACTED,MD,PASSENGER CAR,MOVING CONSTANT SPEED,35,No,2013,TOYOTA,PRIUS,39.079145,-77.07293833,2022,3,20
220010051,Property Damage Crash,03/08/2022 08:12:00 PM,GEORGIA AVE,NA,STRAIGHT MOVEMENT ANGLE,Clear,DRY,Medium,NO CONTROLS,NONE DETECTED,Yes,No Apparent Injury,N/A,UNKNOWN,MD,PASSENGER CAR,ENTERING TRAFFIC LANE,35,No,2008,HONDA,ODYSSEY,39.079145,-77.07293833,2022,3,20
220010051,Property Damage Crash,03/08/2022 08:12:00 PM,GEORGIA AVE,NA,STRAIGHT MOVEMENT ANGLE,Clear,DRY,Medium,NO CONTROLS,NONE DETECTED,No,No Apparent Injury,N/A,NOT DISTRACTED,MD,POLICE VEHICLE/NON EMERGENCY,MOVING CONSTANT SPEED,35,No,2017,FORD,TAURUS,39.079145,-77.07293833,2022,3,20
220010025,Injury Crash,03/08/2022 06:10:00 PM,COLUMBIA PIKE,NA,SAME DIR REAR END,Clear,DRY,Medium,NO CONTROLS,NONE DETECTED,No,Possible Minor Injury,N/A,NOT DISTRACTED,MD,(SPORT) UTILITY VEHICLE,STOPPED IN TRAFFIC LANE,50,No,2016,MAZDA,TK,39.05258383,-76.97699967,2022,3,18
220010025,Injury Crash,03/08/2022 06:10:00 PM,COLUMBIA PIKE,NA,SAME DIR REAR END,Clear,DRY,Medium,NO CONTROLS,NONE DETECTED,Yes,No Apparent Injury,N/A,UNKNOWN,MD,PICKUP TRUCK,SLOWING OR STOPPING,50,No,2020,CHEVY,1500,39.05258383,-76.97699967,2022,3,18
220010016,Property Damage Crash,03/08/2022 05:07:00 PM,NA,NA,SINGLE VEHICLE,Clear,NA,Daylight,NO CONTROLS,NONE DETECTED,Yes,No Apparent Injury,N/A,UNKNOWN,MD,PASSENGER CAR,STARTING FROM PARKED,5,No,2003,HYUNDAI,ELANTRA,39.04173435,-77.04893037,2022,3,17
220010010,Injury Crash,03/08/2022 04:54:00 PM,OLD COLUMBIA PIKE,NA,STRAIGHT MOVEMENT ANGLE,Cloudy,DRY,Daylight,STOP SIGN,NONE DETECTED,No,Possible Minor Injury,N/A,NOT DISTRACTED,MD,SCHOOL BUS,MOVING CONSTANT SPEED,30,No,2009,THOMAS BUILT,BUS,39.05950333,-76.96888667,2022,3,16
220010010,Injury Crash,03/08/2022 04:54:00 PM,OLD COLUMBIA PIKE,NA,STRAIGHT MOVEMENT ANGLE,Cloudy,DRY,Daylight,STOP SIGN,NONE DETECTED,Yes,Possible Minor Injury,N/A,NOT DISTRACTED,MD,PASSENGER CAR,ACCELERATING,30,No,2011,TOYOTA,COROLLA,39.05950333,-76.96888667,2022,3,16
220010005,Property Damage Crash,03/08/2022 04:15:00 PM,NORBECK RD,NA,OTHER,Clear,DRY,Daylight,TRAFFIC SIGNAL,NONE DETECTED,Yes,No Apparent Injury,N/A,NOT DISTRACTED,MD,PASSENGER CAR,MOVING CONSTANT SPEED,50,No,2020,TOYT,PK,39.09018867,-77.128729,2022,3,16
220010005,Property Damage Crash,03/08/2022 04:15:00 PM,NORBECK RD,NA,OTHER,Clear,DRY,Daylight,TRAFFIC SIGNAL,NONE DETECTED,No,No Apparent Injury,N/A,NOT DISTRACTED,MD,PASSENGER CAR,MAKING LEFT TURN,50,No,2008,MERZ,4S,39.09018867,-77.128729,2022,3,16
220009992,Property Damage Crash,03/08/2022 04:08:00 PM,NA,NA,OTHER,Clear,NA,Daylight,N/A,NONE DETECTED,No,No Apparent Injury,N/A,NOT DISTRACTED,MD,SCHOOL BUS,PARKED,5,No,2016,THOMAS,BUS,39.15055333,-77.29352333,2022,3,16
220009992,Property Damage Crash,03/08/2022 04:08:00 PM,NA,NA,OTHER,Clear,NA,Daylight,N/A,NONE DETECTED,Yes,No Apparent Injury,N/A,NOT DISTRACTED,MD,SCHOOL BUS,PARKING,5,No,2020,THOMAS,BUS,39.15055333,-77.29352333,2022,3,16
220009833,Property Damage Crash,03/08/2022 03:25:00 PM,CONNECTICUT AVE,NA,SAME DIRECTION SIDESWIPE,Clear,DRY,Daylight,NO CONTROLS,ALCOHOL PRESENT,Yes,No Apparent Injury,N/A,LOOKED BUT DID NOT SEE,XX,PASSENGER CAR,MOVING CONSTANT SPEED,30,No,2015,BUICK,ENCLAVE,38.96898116,-77.0772396,2022,3,15
220009833,Property Damage Crash,03/08/2022 03:25:00 PM,CONNECTICUT AVE,NA,SAME DIRECTION SIDESWIPE,Clear,DRY,Daylight,NO CONTROLS,NONE DETECTED,No,No Apparent Injury,N/A,NOT DISTRACTED,MD,PASSENGER CAR,MOVING CONSTANT SPEED,30,No,2006,CADILLAC,CTS,38.96898116,-77.0772396,2022,3,15
220009978,Injury Crash,03/08/2022 03:17:00 PM,RITCHIE PKWY,NA,STRAIGHT MOVEMENT ANGLE,Clear,DRY,Daylight,STOP SIGN,NONE DETECTED,No,No Apparent Injury,N/A,NOT DISTRACTED,MD,PASSENGER CAR,MOVING CONSTANT SPEED,25,No,2011,TOYT,4S,39.0738735,-77.144769,2022,3,15
220009978,Injury Crash,03/08/2022 03:17:00 PM,RITCHIE PKWY,NA,STRAIGHT MOVEMENT ANGLE,Clear,DRY,Daylight,STOP SIGN,NONE DETECTED,Yes,Possible Minor Injury,N/A,LOOKED BUT DID NOT SEE,MD,PASSENGER CAR,ACCELERATING,25,No,2015,HONDA,CIVIC,39.0738735,-77.144769,2022,3,15
220010039,Property Damage Crash,03/08/2022 03:16:00 PM,HUNGERFORD DR,NA,STRAIGHT MOVEMENT ANGLE,Clear,DRY,Daylight,TRAFFIC SIGNAL,NONE DETECTED,Yes,No Apparent Injury,N/A,NOT DISTRACTED,MD,PASSENGER CAR,MOVING CONSTANT SPEED,30,No,2018,HOND,TK,39.09192187,-77.15321452,2022,3,15
220010039,Property Damage Crash,03/08/2022 03:16:00 PM,HUNGERFORD DR,NA,STRAIGHT MOVEMENT ANGLE,Clear,DRY,Daylight,TRAFFIC SIGNAL,NONE DETECTED,No,No Apparent Injury,N/A,NOT DISTRACTED,MD,PASSENGER CAR,MOVING CONSTANT SPEED,30,No,2013,HYUN,SD,39.09192187,-77.15321452,2022,3,15
220009966,Injury Crash,03/08/2022 01:08:00 PM,COLESVILLE RD,NA,STRAIGHT MOVEMENT ANGLE,Clear,DRY,Daylight,NO CONTROLS,NONE DETECTED,Yes,Possible Minor Injury,N/A,LOOKED BUT DID NOT SEE,MD,PASSENGER CAR,MAKING LEFT TURN,35,No,2016,TOYOTA,COROLLA,39.00006355,-77.02573304,2022,3,13
220009966,Injury Crash,03/08/2022 01:08:00 PM,COLESVILLE RD,NA,STRAIGHT MOVEMENT ANGLE,Clear,DRY,Daylight,NO CONTROLS,NONE DETECTED,No,Possible Minor Injury,N/A,NOT DISTRACTED,MD,(SPORT) UTILITY VEHICLE,MOVING CONSTANT SPEED,35,No,2010,HONDA,CRV,39.00006355,-77.02573304,2022,3,13
220009961,Property Damage Crash,03/08/2022 12:56:00 PM,BIRCH MEAD RD,NA,SINGLE VEHICLE,Clear,DRY,Daylight,NO CONTROLS,NONE DETECTED,Yes,No Apparent Injury,N/A,OTHER DISTRACTION,MD,PASSENGER CAR,MOVING CONSTANT SPEED,30,No,2020,TOYT,CAMRY,39.23624833,-77.25347,2022,3,12
220010000,Property Damage Crash,03/08/2022 12:27:00 PM,NA,NA,OTHER,Clear,NA,Daylight,NO CONTROLS,NONE DETECTED,Yes,No Apparent Injury,N/A,LOOKED BUT DID NOT SEE,VA,PICKUP TRUCK,BACKING,10,No,2004,TOYOTA,TACOMA,39.09904109,-77.13963302,2022,3,12
220009950,Property Damage Crash,03/08/2022 12:07:00 PM,GERMANTOWN RD,NA,SAME DIR REAR END,Clear,DRY,Daylight,TRAFFIC SIGNAL,NONE DETECTED,Yes,No Apparent Injury,N/A,NOT DISTRACTED,MD,VAN,MOVING CONSTANT SPEED,40,No,2011,HOND,ODYSSEY,39.190342,-77.24766417,2022,3,12
220009950,Property Damage Crash,03/08/2022 12:07:00 PM,GERMANTOWN RD,NA,SAME DIR REAR END,Clear,DRY,Daylight,TRAFFIC SIGNAL,NONE DETECTED,No,No Apparent Injury,N/A,NOT DISTRACTED,MD,PICKUP TRUCK,STOPPED IN TRAFFIC LANE,40,No,2021,FORD,RANGER,39.190342,-77.24766417,2022,3,12
220009948,Injury Crash,03/08/2022 12:00:00 PM,BRADLEY LA,NA,HEAD ON LEFT TURN,Clear,DRY,Daylight,TRAFFIC SIGNAL,NONE DETECTED,Yes,Possible Minor Injury,N/A,LOOKED BUT DID NOT SEE,DC,STATION WAGON,MAKING U TURN,25,No,2016,SUBARU,OUTBACK,38.9773135,-77.0909185,2022,3,12
220009948,Injury Crash,03/08/2022 12:00:00 PM,BRADLEY LA,NA,HEAD ON LEFT TURN,Clear,DRY,Daylight,TRAFFIC SIGNAL,NONE DETECTED,No,Possible Minor Injury,N/A,NOT DISTRACTED,MD,(SPORT) UTILITY VEHICLE,MOVING CONSTANT SPEED,25,No,2021,TOYOTA,C-HR,38.9773135,-77.0909185,2022,3,12
220009952,Property Damage Crash,03/08/2022 11:46:00 AM,OLD GEORGETOWN RD,NA,SAME DIR REAR END,Clear,DRY,Daylight,TRAFFIC SIGNAL,NONE DETECTED,Yes,No Apparent Injury,N/A,UNKNOWN,NA,NA,UNKNOWN,35,No,0,UNKNOWN,UNKNOWN,39.04904186,-77.11693336,2022,3,11
220009952,Property Damage Crash,03/08/2022 11:46:00 AM,OLD GEORGETOWN RD,NA,SAME DIR REAR END,Clear,DRY,Daylight,TRAFFIC SIGNAL,NONE DETECTED,No,No Apparent Injury,N/A,NOT DISTRACTED,MD,PASSENGER CAR,SLOWING OR STOPPING,35,No,2018,DODGE,CARAVAN,39.04904186,-77.11693336,2022,3,11
220009931,Injury Crash,03/08/2022 10:30:00 AM,FIELDS RD,NA,SAME DIR REAR END,Clear,DRY,Daylight,N/A,NONE DETECTED,No,Possible Minor Injury,N/A,NOT DISTRACTED,NJ,PASSENGER CAR,MAKING RIGHT TURN,30,No,2004,FORD,ESCAPE,39.11288667,-77.19766167,2022,3,10
220009931,Injury Crash,03/08/2022 10:30:00 AM,FIELDS RD,NA,SAME DIR REAR END,Clear,DRY,Daylight,N/A,NONE DETECTED,Yes,Possible Minor Injury,N/A,NOT DISTRACTED,MD,PASSENGER CAR,MOVING CONSTANT SPEED,30,No,2001,BUIC,SD,39.11288667,-77.19766167,2022,3,10
22009922,Property Damage Crash,03/08/2022 09:22:00 AM,ROCKVILLE PIKE,NA,SAME DIRECTION LEFT TURN,Clear,DRY,Daylight,NO CONTROLS,NONE DETECTED,No,No Apparent Injury,N/A,NOT DISTRACTED,MD,PASSENGER CAR,MOVING CONSTANT SPEED,40,No,2002,FORD,F350,39.04607833,-77.11228948,2022,3,9
22009922,Property Damage Crash,03/08/2022 09:22:00 AM,ROCKVILLE PIKE,NA,SAME DIRECTION LEFT TURN,Clear,DRY,Daylight,NO CONTROLS,NONE DETECTED,Yes,No Apparent Injury,N/A,UNKNOWN,MD,PASSENGER CAR,CHANGING LANES,40,No,2016,MAZDA,6,39.04607833,-77.11228948,2022,3,9
22009922,Property Damage Crash,03/08/2022 09:22:00 AM,ROCKVILLE PIKE,NA,SAME DIRECTION LEFT TURN,Clear,DRY,Daylight,NO CONTROLS,NONE DETECTED,No,No Apparent Injury,N/A,NOT DISTRACTED,MD,PASSENGER CAR,MOVING CONSTANT SPEED,40,No,2000,HONDA,ACCORD,39.04607833,-77.11228948,2022,3,9
220009919,Property Damage Crash,03/08/2022 09:15:00 AM,NEW HAMPSHIRE AVE,NA,SAME DIR REAR END,Clear,DRY,Daylight,NO CONTROLS,NONE DETECTED,Yes,No Apparent Injury,N/A,UNKNOWN,NA,NA,MOVING CONSTANT SPEED,35,No,0,UNKNOWN,UNKNOWN,39.06509016,-76.99986406,2022,3,9
220009919,Property Damage Crash,03/08/2022 09:15:00 AM,NEW HAMPSHIRE AVE,NA,SAME DIR REAR END,Clear,DRY,Daylight,NO CONTROLS,NONE DETECTED,No,No Apparent Injury,N/A,NOT DISTRACTED,MD,PASSENGER CAR,SLOWING OR STOPPING,35,No,2006,TOYOTA,MATRIX,39.06509016,-76.99986406,2022,3,9
220009920,Property Damage Crash,03/08/2022 09:07:00 AM,GEORGIA AVE,NA,OTHER,Clear,DRY,Daylight,TRAFFIC SIGNAL,NONE DETECTED,No,No Apparent Injury,N/A,NOT DISTRACTED,MD,PICKUP TRUCK,STOPPED IN TRAFFIC LANE,35,No,2013,FORD,F150,39.079555,-77.07274333,2022,3,9
220009920,Property Damage Crash,03/08/2022 09:07:00 AM,GEORGIA AVE,NA,OTHER,Clear,DRY,Daylight,TRAFFIC SIGNAL,NONE DETECTED,Yes,No Apparent Injury,N/A,NOT DISTRACTED,MD,SCHOOL BUS,MAKING U TURN,35,No,2012,THOMAS,US,39.079555,-77.07274333,2022,3,9
220009916,Property Damage Crash,03/08/2022 08:44:00 AM,WISCONSIN AVE,NA,SAME DIRECTION SIDESWIPE,Clear,DRY,Daylight,TRAFFIC SIGNAL,NONE DETECTED,No,No Apparent Injury,N/A,NOT DISTRACTED,DC,"CARGO VAN/LIGHT TRUCK 2 AXLES (OVER 10,000LBS (4,536 KG))",STARTING FROM LANE,25,No,2013,FORD,BOX TRUCK,38.98104227,-77.09296479,2022,3,8
220009916,Property Damage Crash,03/08/2022 08:44:00 AM,WISCONSIN AVE,NA,SAME DIRECTION SIDESWIPE,Clear,DRY,Daylight,TRAFFIC SIGNAL,NONE DETECTED,Yes,No Apparent Injury,N/A,UNKNOWN,NA,"CARGO VAN/LIGHT TRUCK 2 AXLES (OVER 10,000LBS (4,536 KG))",STARTING FROM LANE,25,No,2018,PTRB,TRASH TRUCK,38.98104227,-77.09296479,2022,3,8
220010165,Property Damage Crash,03/08/2022 08:42:00 AM,NEW HAMPSHIRE AVE,NA,SAME DIRECTION SIDESWIPE,Clear,DRY,Daylight,TRAFFIC SIGNAL,NONE DETECTED,No,No Apparent Injury,N/A,NOT DISTRACTED,NA,PASSENGER CAR,MOVING CONSTANT SPEED,40,No,2013,LEXUS,4S,39.03000985,-76.98358114,2022,3,8
220010165,Property Damage Crash,03/08/2022 08:42:00 AM,NEW HAMPSHIRE AVE,NA,SAME DIRECTION SIDESWIPE,Clear,DRY,Daylight,TRAFFIC SIGNAL,NONE DETECTED,No,No Apparent Injury,N/A,NOT DISTRACTED,MD,PASSENGER CAR,MOVING CONSTANT SPEED,40,No,2013,LEXUS,ES350,39.03000985,-76.98358114,2022,3,8
220010165,Property Damage Crash,03/08/2022 08:42:00 AM,NEW HAMPSHIRE AVE,NA,SAME DIRECTION SIDESWIPE,Clear,DRY,Daylight,TRAFFIC SIGNAL,NONE DETECTED,Yes,No Apparent Injury,N/A,UNKNOWN,NA,(SPORT) UTILITY VEHICLE,CHANGING LANES,40,No,2000,CHEVROLET,TAHOE,39.03000985,-76.98358114,2022,3,8
220009910,Injury Crash,03/08/2022 08:06:00 AM,COLUMBIA PIKE,NA,SAME DIR REAR END,Clear,DRY,Daylight,TRAFFIC SIGNAL,NONE DETECTED,Yes,No Apparent Injury,N/A,NOT DISTRACTED,MD,VAN,SLOWING OR STOPPING,40,No,2001,FORD,E250,39.03265333,-77.003575,2022,3,8
220009910,Injury Crash,03/08/2022 08:06:00 AM,COLUMBIA PIKE,NA,SAME DIR REAR END,Clear,DRY,Daylight,TRAFFIC SIGNAL,NONE DETECTED,No,Possible Minor Injury,N/A,NOT DISTRACTED,MD,PASSENGER CAR,SLOWING OR STOPPING,40,No,2011,TOYOTA,PRIUS,39.03265333,-77.003575,2022,3,8
220009902,Property Damage Crash,03/08/2022 06:30:00 AM,POWDER MILL RD,NA,SAME DIRECTION SIDESWIPE,Clear,DRY,Daylight,TRAFFIC SIGNAL,NONE DETECTED,Yes,No Apparent Injury,N/A,LOOKED BUT DID NOT SEE,MD,PASSENGER CAR,CHANGING LANES,35,No,2012,HYUNDAI,ELANTRA,39.0227695,-76.977764,2022,3,6
220009902,Property Damage Crash,03/08/2022 06:30:00 AM,POWDER MILL RD,NA,SAME DIRECTION SIDESWIPE,Clear,DRY,Daylight,TRAFFIC SIGNAL,NONE DETECTED,No,No Apparent Injury,N/A,NOT DISTRACTED,MD,PASSENGER CAR,MOVING CONSTANT SPEED,35,No,2005,TOYOTA,COROLLA,39.0227695,-76.977764,2022,3,6
220009901,Property Damage Crash,03/08/2022 04:21:00 AM,GEORGIA AVE,NA,HEAD ON LEFT TURN,Clear,DRY,Medium,TRAFFIC SIGNAL,NONE DETECTED,No,No Apparent Injury,N/A,NOT DISTRACTED,DC,PASSENGER CAR,MOVING CONSTANT SPEED,35,No,2002,TOYOTA,4S,38.99023483,-77.0269115,2022,3,4
220009901,Property Damage Crash,03/08/2022 04:21:00 AM,GEORGIA AVE,NA,HEAD ON LEFT TURN,Clear,DRY,Medium,TRAFFIC SIGNAL,NONE DETECTED,Yes,No Apparent Injury,N/A,OTHER DISTRACTION,NA,PASSENGER CAR,MOVING CONSTANT SPEED,35,No,2012,AUDI,Q5S,38.99023483,-77.0269115,2022,3,4
220010224,Property Damage Crash,03/08/2022 03:15:00 AM,OLD HUNDRED RD,NA,SINGLE VEHICLE,Clear,DRY,Dark,N/A,NONE DETECTED,No,No Apparent Injury,N/A,NOT DISTRACTED,MD,POLICE VEHICLE/NON EMERGENCY,MOVING CONSTANT SPEED,35,No,2020,CHRYSLER,PACIFICA,39.28080289,-77.31659186,2022,3,3
220009894,Property Damage Crash,03/08/2022 12:10:00 AM,INDUSTRIAL PKWY,NA,SINGLE VEHICLE,Clear,DRY,Medium,FLASHING TRAFFIC SIGNAL,ALCOHOL PRESENT,Yes,No Apparent Injury,N/A,INATTENTIVE OR LOST IN THOUGHT,MD,PASSENGER CAR,UNKNOWN,25,No,2017,TOYOTA,CAROLLA,39.055147,-76.97101822,2022,3,0
220009884,Injury Crash,03/07/2022 09:51:00 PM,NEW HAMPSHIRE AVE,NA,SAME DIR REAR END,Clear,DRY,Medium,NO CONTROLS,NONE DETECTED,No,No Apparent Injury,N/A,NOT DISTRACTED,MD,PASSENGER CAR,ACCELERATING,45,No,2008,BMW,4S,39.09987551,-77.00368564,2022,3,21
220009884,Injury Crash,03/07/2022 09:51:00 PM,NEW HAMPSHIRE AVE,NA,SAME DIR REAR END,Clear,DRY,Medium,NO CONTROLS,ALCOHOL PRESENT,Yes,Possible Minor Injury,N/A,UNKNOWN,MD,PASSENGER CAR,ACCELERATING,45,No,2022,HONDA,CIVIC,39.09987551,-77.00368564,2022,3,21