Local Case Number,ACRS Report Type,Crash Date/Time,Road Name,Related Non-Motorist,Collision Type,Weather,Surface Condition,Light,Traffic Control,Driver Substance Abuse,Driver At Fault,Injury Severity,Circumstance,Driver Distracted By,Drivers License State,Vehicle Body Type,Vehicle Movement,Speed Limit,Driverless Vehicle,Vehicle Year,Vehicle Make,Vehicle Model,Latitude,Longitude,Year,Month,Hour
220009192,Property Damage Crash,03/03/2022 12:35:00 PM,CAPITAL BELTWAY,NA,SAME DIR REAR END,Clear,DRY,Daylight,NO CONTROLS,NONE DETECTED,Yes,No Apparent Injury,N/A,NOT DISTRACTED,MD,PASSENGER CAR,MOVING CONSTANT SPEED,55,No,2021,TOYOTA,PRIUS,39.00899567,-77.08830233,2022,3,12
220009188,Property Damage Crash,03/03/2022 11:56:00 AM,WISTERIA DR,NA,SAME DIR REAR END,Clear,DRY,Daylight,TRAFFIC SIGNAL,NONE DETECTED,No,No Apparent Injury,N/A,NOT DISTRACTED,MD,(SPORT) UTILITY VEHICLE,STOPPED IN TRAFFIC LANE,30,No,2002,TOYOTA,4 RUNNER,39.171435,-77.26337167,2022,3,11
220009188,Property Damage Crash,03/03/2022 11:56:00 AM,WISTERIA DR,NA,SAME DIR REAR END,Clear,DRY,Daylight,TRAFFIC SIGNAL,NONE DETECTED,Yes,No Apparent Injury,N/A,INATTENTIVE OR LOST IN THOUGHT,MD,SCHOOL BUS,STARTING FROM LANE,30,No,2018,FRHT,BUS,39.171435,-77.26337167,2022,3,11
220009179,Property Damage Crash,03/03/2022 10:37:00 AM,NA,NA,STRAIGHT MOVEMENT ANGLE,Clear,NA,Daylight,NO CONTROLS,NONE DETECTED,No,No Apparent Injury,N/A,NOT DISTRACTED,MD,"CARGO VAN/LIGHT TRUCK 2 AXLES (OVER 10,000LBS (4,536 KG))",PARKED,5,No,2004,FORD,TK,39.14394703,-77.20350194,2022,3,10
220009179,Property Damage Crash,03/03/2022 10:37:00 AM,NA,NA,STRAIGHT MOVEMENT ANGLE,Clear,NA,Daylight,NO CONTROLS,NONE DETECTED,Yes,No Apparent Injury,N/A,LOOKED BUT DID NOT SEE,MD,PASSENGER CAR,BACKING,5,No,2013,TOYOTA,HIGHLANDER,39.14394703,-77.20350194,2022,3,10
220009165,Property Damage Crash,03/03/2022 09:17:00 AM,PINEY BRANCH RD,NA,SAME DIR REAR END,Clear,DRY,Daylight,NO CONTROLS,NONE DETECTED,No,No Apparent Injury,N/A,NOT DISTRACTED,MD,SCHOOL BUS,STARTING FROM LANE,35,No,2018,THOMAS,BUS,38.99976819,-76.99233546,2022,3,9
220009165,Property Damage Crash,03/03/2022 09:17:00 AM,PINEY BRANCH RD,NA,SAME DIR REAR END,Clear,DRY,Daylight,NO CONTROLS,NONE DETECTED,Yes,No Apparent Injury,N/A,UNKNOWN,MD,PASSENGER CAR,MAKING RIGHT TURN,35,No,2004,VOLKSWAGON,GOLF,38.99976819,-76.99233546,2022,3,9
220009189,Property Damage Crash,03/03/2022 09:15:00 AM,NA,NA,SAME DIRECTION SIDESWIPE,Clear,NA,Daylight,NO CONTROLS,NONE DETECTED,Yes,No Apparent Injury,N/A,UNKNOWN,NA,PASSENGER CAR,PARKING,25,No,2016,HONDA,ODYSSEY,39.05221395,-76.95588823,2022,3,9
220009162,Property Damage Crash,03/03/2022 09:05:00 AM,FLOWER AVE,NA,SAME DIR REAR END,Clear,DRY,Daylight,TRAFFIC SIGNAL,NONE DETECTED,No,No Apparent Injury,N/A,NOT DISTRACTED,MI,(SPORT) UTILITY VEHICLE,SLOWING OR STOPPING,30,No,2011,KIA,SORRENTO,38.99810845,-77.00354698,2022,3,9
220009162,Property Damage Crash,03/03/2022 09:05:00 AM,FLOWER AVE,NA,SAME DIR REAR END,Clear,DRY,Daylight,TRAFFIC SIGNAL,NONE DETECTED,Yes,No Apparent Injury,N/A,UNKNOWN,MD,SCHOOL BUS,SLOWING OR STOPPING,30,No,2017,THOMAS,BUS,38.99810845,-77.00354698,2022,3,9
220009152,Property Damage Crash,03/03/2022 07:38:00 AM,NA,NA,OPPOSITE DIRECTION SIDESWIPE,Clear,NA,Daylight,NO CONTROLS,NONE DETECTED,No,No Apparent Injury,N/A,UNKNOWN,MD,PASSENGER CAR,BACKING,25,No,2022,HYUNDAI,ELENTRA,39.039665,-76.99262833,2022,3,7
220009152,Property Damage Crash,03/03/2022 07:38:00 AM,NA,NA,OPPOSITE DIRECTION SIDESWIPE,Clear,NA,Daylight,NO CONTROLS,NONE DETECTED,Yes,No Apparent Injury,N/A,NOT DISTRACTED,MD,SCHOOL BUS,MAKING RIGHT TURN,25,No,2011,THOM,BUS,39.039665,-76.99262833,2022,3,7
220009147,Injury Crash,03/03/2022 07:20:00 AM,COLUMBIA PIKE,NA,SAME DIR REAR END,Clear,DRY,Daylight,NO CONTROLS,NONE DETECTED,No,No Apparent Injury,N/A,INATTENTIVE OR LOST IN THOUGHT,MD,PASSENGER CAR,SLOWING OR STOPPING,45,No,2007,CHEV,TK,39.04456333,-76.99012667,2022,3,7
220009147,Injury Crash,03/03/2022 07:20:00 AM,COLUMBIA PIKE,NA,SAME DIR REAR END,Clear,DRY,Daylight,NO CONTROLS,NONE DETECTED,No,Possible Minor Injury,N/A,NOT DISTRACTED,MD,PASSENGER CAR,SLOWING OR STOPPING,45,No,2008,MERZ,UT,39.04456333,-76.99012667,2022,3,7
220009147,Injury Crash,03/03/2022 07:20:00 AM,COLUMBIA PIKE,NA,SAME DIR REAR END,Clear,DRY,Daylight,NO CONTROLS,NONE DETECTED,Yes,No Apparent Injury,N/A,INATTENTIVE OR LOST IN THOUGHT,MD,PICKUP TRUCK,SLOWING OR STOPPING,45,No,2015,FORD,TK,39.04456333,-76.99012667,2022,3,7
220009146,Injury Crash,03/03/2022 06:30:00 AM,AIRPARK RD,NA,ANGLE MEETS LEFT TURN,Cloudy,DRY,Medium,STOP SIGN,NONE DETECTED,Yes,Possible Minor Injury,N/A,LOOKED BUT DID NOT SEE,MD,"MEDIUM/HEAVY TRUCKS 3 AXLES (OVER 10,000LBS (4,536KG))",MAKING LEFT TURN,25,No,2022,MACK,STRAIGHT TRUCK,39.17086333,-77.15912167,2022,3,6
220009146,Injury Crash,03/03/2022 06:30:00 AM,AIRPARK RD,NA,ANGLE MEETS LEFT TURN,Cloudy,DRY,Medium,STOP SIGN,NONE DETECTED,No,No Apparent Injury,N/A,NOT DISTRACTED,MD,"MEDIUM/HEAVY TRUCKS 3 AXLES (OVER 10,000LBS (4,536KG))",MOVING CONSTANT SPEED,25,No,2019,MACK,TRUCK,39.17086333,-77.15912167,2022,3,6
220009126,Property Damage Crash,03/02/2022 09:30:00 PM,ADELPHI RD,NA,SAME DIRECTION SIDESWIPE,Clear,DRY,Medium,TRAFFIC SIGNAL,NONE DETECTED,Yes,No Apparent Injury,N/A,UNKNOWN,PA,TRUCK TRACTOR,MAKING RIGHT TURN,35,No,2015,FRHT,CASCADIA,39.0114229,-76.97884515,2022,3,21
220009126,Property Damage Crash,03/02/2022 09:30:00 PM,ADELPHI RD,NA,SAME DIRECTION SIDESWIPE,Clear,DRY,Medium,TRAFFIC SIGNAL,NONE DETECTED,No,No Apparent Injury,N/A,NOT DISTRACTED,MD,PASSENGER CAR,ACCELERATING,35,No,2015,HONDA,4D,39.0114229,-76.97884515,2022,3,21
220009110,Property Damage Crash,03/02/2022 07:58:00 PM,FATHER HURLEY BLVD,NA,HEAD ON LEFT TURN,Clear,DRY,Medium,TRAFFIC SIGNAL,NONE DETECTED,Yes,No Apparent Injury,N/A,NOT DISTRACTED,XX,(SPORT) UTILITY VEHICLE,MAKING LEFT TURN,30,No,2006,CHEVROLET,SUBURBAN,39.19174635,-77.27211171,2022,3,19
220009110,Property Damage Crash,03/02/2022 07:58:00 PM,FATHER HURLEY BLVD,NA,HEAD ON LEFT TURN,Clear,DRY,Medium,TRAFFIC SIGNAL,NONE DETECTED,No,No Apparent Injury,N/A,NOT DISTRACTED,MD,PASSENGER CAR,MOVING CONSTANT SPEED,35,No,2010,HONDA,ACCORD,39.19174635,-77.27211171,2022,3,19
220009098,Injury Crash,03/02/2022 07:10:00 PM,FAIRLAND RD,NA,STRAIGHT MOVEMENT ANGLE,Clear,DRY,Medium,NO CONTROLS,NONE DETECTED,Yes,Possible Minor Injury,N/A,NOT DISTRACTED,MD,PASSENGER CAR,MAKING LEFT TURN,40,No,2016,TOYOTA,COROLLA,39.0779295,-76.964921,2022,3,19
220009098,Injury Crash,03/02/2022 07:10:00 PM,FAIRLAND RD,NA,STRAIGHT MOVEMENT ANGLE,Clear,DRY,Medium,NO CONTROLS,NONE DETECTED,No,Possible Minor Injury,N/A,NOT DISTRACTED,MD,PASSENGER CAR,MOVING CONSTANT SPEED,40,No,2008,HONDA,PILOT,39.0779295,-76.964921,2022,3,19
220009089,Property Damage Crash,03/02/2022 06:00:00 PM,NA,NA,OTHER,Clear,NA,Medium,NO CONTROLS,NONE DETECTED,No,No Apparent Injury,N/A,NOT DISTRACTED,MD,PASSENGER CAR,STOPPED IN TRAFFIC LANE,15,No,2021,HONDA,4 DOOR,39.17251841,-77.15530879,2022,3,18
220009089,Property Damage Crash,03/02/2022 06:00:00 PM,NA,NA,OTHER,Clear,NA,Medium,NO CONTROLS,NONE DETECTED,Yes,No Apparent Injury,N/A,NOT DISTRACTED,MD,PASSENGER CAR,ACCELERATING,15,No,2018,TOYOTA,YARIS,39.17251841,-77.15530879,2022,3,18
220007845,Injury Crash,03/02/2022 04:30:00 PM,E GUDE DR,BICYCLIST,OTHER,Clear,DRY,Daylight,TRAFFIC SIGNAL,NONE DETECTED,Yes,No Apparent Injury,N/A,UNKNOWN,NA,PASSENGER CAR,MAKING LEFT TURN,40,No,0,UNKNOWN,UNKNOWN,39.10646067,-77.15212727,2022,3,16
220009053,Property Damage Crash,03/02/2022 04:05:00 PM,HUNGERFORD DR,NA,SAME DIRECTION RIGHT TURN,Clear,DRY,Daylight,NO CONTROLS,NONE DETECTED,Yes,No Apparent Injury,N/A,UNKNOWN,MD,PASSENGER CAR,CHANGING LANES,30,No,2009,HOND,ACCORD,39.09364083,-77.15315767,2022,3,16
220009053,Property Damage Crash,03/02/2022 04:05:00 PM,HUNGERFORD DR,NA,SAME DIRECTION RIGHT TURN,Clear,DRY,Daylight,NO CONTROLS,NONE DETECTED,No,No Apparent Injury,N/A,NOT DISTRACTED,MD,PASSENGER CAR,MOVING CONSTANT SPEED,30,No,2018,FORD,FOCUS,39.09364083,-77.15315767,2022,3,16
NA,Injury Crash,03/02/2022 03:40:00 PM,LITTLE FALLS PKWY,NA,SAME DIR REAR END,Clear,DRY,Daylight,TRAFFIC SIGNAL,NONE DETECTED,Yes,No Apparent Injury,N/A,LOOKED BUT DID NOT SEE,MD,PASSENGER CAR,MOVING CONSTANT SPEED,25,No,2015,FORD,EDGE,38.96411783,-77.10045267,2022,3,15
NA,Injury Crash,03/02/2022 03:40:00 PM,LITTLE FALLS PKWY,NA,SAME DIR REAR END,Clear,DRY,Daylight,TRAFFIC SIGNAL,NONE DETECTED,No,Possible Minor Injury,N/A,NOT DISTRACTED,MD,PASSENGER CAR,STOPPED IN TRAFFIC LANE,25,No,2005,HOND,ACCORD LX,38.96411783,-77.10045267,2022,3,15
220009090,Property Damage Crash,03/02/2022 03:25:00 PM,SHADY GROVE RD,NA,SAME DIR BOTH LEFT TURN,Clear,DRY,Daylight,TRAFFIC SIGNAL,NONE DETECTED,Yes,No Apparent Injury,N/A,UNKNOWN,NA,UNKNOWN,MAKING LEFT TURN,40,No,2017,FORD,TK,39.10372698,-77.19070102,2022,3,15
220009090,Property Damage Crash,03/02/2022 03:25:00 PM,SHADY GROVE RD,NA,SAME DIR BOTH LEFT TURN,Clear,DRY,Daylight,TRAFFIC SIGNAL,NONE DETECTED,No,No Apparent Injury,N/A,NOT DISTRACTED,OK,(SPORT) UTILITY VEHICLE,MAKING LEFT TURN,40,No,2018,FORD,EXPLORER,39.10372698,-77.19070102,2022,3,15
220009024,Injury Crash,03/02/2022 01:38:00 PM,CENTER DR,PEDESTRIAN,SINGLE VEHICLE,Clear,DRY,Daylight,TRAFFIC SIGNAL,NONE DETECTED,Yes,No Apparent Injury,N/A,LOOKED BUT DID NOT SEE,VA,PASSENGER CAR,MAKING RIGHT TURN,25,No,2019,HONDA,CIVIC,39.0029773,-77.10986325,2022,3,13
220009019,Injury Crash,03/02/2022 01:24:00 PM,SHADY GROVE RD,NA,HEAD ON LEFT TURN,Clear,DRY,Daylight,TRAFFIC SIGNAL,NONE DETECTED,Yes,Possible Minor Injury,N/A,UNKNOWN,MD,PASSENGER CAR,MAKING LEFT TURN,40,No,2021,TOYOTA,VENZA,39.09103667,-77.20467,2022,3,13
220009019,Injury Crash,03/02/2022 01:24:00 PM,SHADY GROVE RD,NA,HEAD ON LEFT TURN,Clear,DRY,Daylight,TRAFFIC SIGNAL,NONE DETECTED,No,Possible Minor Injury,N/A,NOT DISTRACTED,MD,PASSENGER CAR,MOVING CONSTANT SPEED,40,No,2020,NISSAN,ROGUE,39.09103667,-77.20467,2022,3,13
220009002,Property Damage Crash,03/02/2022 12:38:00 PM,CONNECTICUT AVE,NA,SAME DIRECTION SIDESWIPE,Clear,DRY,Daylight,TRAFFIC SIGNAL,NONE DETECTED,No,No Apparent Injury,N/A,NOT DISTRACTED,MD,PASSENGER CAR,MOVING CONSTANT SPEED,35,No,2016,TOYOTA,COROLLA,39.08051167,-77.08072333,2022,3,12
220009002,Property Damage Crash,03/02/2022 12:38:00 PM,CONNECTICUT AVE,NA,SAME DIRECTION SIDESWIPE,Clear,DRY,Daylight,TRAFFIC SIGNAL,NONE DETECTED,Yes,No Apparent Injury,N/A,NOT DISTRACTED,MD,VAN,CHANGING LANES,35,No,2009,CHEV,EXPRESS,39.08051167,-77.08072333,2022,3,12
220008992,Injury Crash,03/02/2022 11:50:00 AM,CHESHIRE DR,PEDESTRIAN,SINGLE VEHICLE,Cloudy,DRY,Daylight,PERSON,NONE DETECTED,Yes,No Apparent Injury,N/A,INATTENTIVE OR LOST IN THOUGHT,MD,VAN,SLOWING OR STOPPING,25,No,2016,DODGE,CARAVAN,39.0225,-77.12341833,2022,3,11
220008988,Injury Crash,03/02/2022 11:30:00 AM,MAIN ST,NA,HEAD ON,Clear,DRY,Daylight,STOP SIGN,NONE DETECTED,No,Possible Minor Injury,N/A,NOT DISTRACTED,MD,MOTORCYCLE,ACCELERATING,25,No,2006,DUCATI,MONSTER,39.12133215,-77.23782518,2022,3,11
220008988,Injury Crash,03/02/2022 11:30:00 AM,MAIN ST,NA,HEAD ON,Clear,DRY,Daylight,STOP SIGN,NONE DETECTED,Yes,No Apparent Injury,N/A,LOOKED BUT DID NOT SEE,MD,PASSENGER CAR,MOVING CONSTANT SPEED,25,No,2013,NISSAN,ROGUE,39.12133215,-77.23782518,2022,3,11
220008989,Property Damage Crash,03/02/2022 11:25:00 AM,VEIRS MILL RD,NA,SAME DIRECTION SIDESWIPE,Clear,DRY,Daylight,TRAFFIC SIGNAL,NONE DETECTED,Yes,No Apparent Injury,N/A,NOT DISTRACTED,MD,PASSENGER CAR,ACCELERATING,40,No,2021,TOYT,HB,39.07974942,-77.13782727,2022,3,11
220008989,Property Damage Crash,03/02/2022 11:25:00 AM,VEIRS MILL RD,NA,SAME DIRECTION SIDESWIPE,Clear,DRY,Daylight,TRAFFIC SIGNAL,NONE DETECTED,No,No Apparent Injury,N/A,NOT DISTRACTED,MD,"CARGO VAN/LIGHT TRUCK 2 AXLES (OVER 10,000LBS (4,536 KG))",ACCELERATING,40,No,2016,INTL,TK,39.07974942,-77.13782727,2022,3,11
220008990,Property Damage Crash,03/02/2022 11:18:00 AM,STEDWICK RD,NA,SAME DIR REAR END,Clear,DRY,Daylight,PERSON,NONE DETECTED,Yes,No Apparent Injury,N/A,UNKNOWN,NA,PASSENGER CAR,UNKNOWN,25,No,2003,HOND,ODY,39.17026346,-77.20726239,2022,3,11
220008990,Property Damage Crash,03/02/2022 11:18:00 AM,STEDWICK RD,NA,SAME DIR REAR END,Clear,DRY,Daylight,PERSON,NONE DETECTED,No,No Apparent Injury,N/A,NOT DISTRACTED,MD,PASSENGER CAR,SLOWING OR STOPPING,25,No,2013,CHRY,VN,39.17026346,-77.20726239,2022,3,11
220008986,Property Damage Crash,03/02/2022 10:50:00 AM,GEORGIA AVE,NA,SINGLE VEHICLE,Clear,DRY,Daylight,N/A,NONE DETECTED,Yes,No Apparent Injury,N/A,UNKNOWN,NA,PASSENGER CAR,ACCELERATING,25,No,2018,CHEVROLET,CRUZE,39.04247167,-77.051726,2022,3,10
220008967,Injury Crash,03/02/2022 08:48:00 AM,FREDERICK RD,NA,STRAIGHT MOVEMENT ANGLE,Clear,DRY,Daylight,TRAFFIC SIGNAL,NONE DETECTED,No,Possible Minor Injury,"N/A, VISION OBSTRUCTION (INCL. BLINDED BY SUN)",NOT DISTRACTED,MD,PASSENGER CAR,STARTING FROM LANE,30,No,2014,MAZDA,MX-6,39.11573118,-77.16657885,2022,3,8
220008967,Injury Crash,03/02/2022 08:48:00 AM,FREDERICK RD,NA,STRAIGHT MOVEMENT ANGLE,Clear,DRY,Daylight,TRAFFIC SIGNAL,NONE DETECTED,No,Possible Minor Injury,"N/A, VISION OBSTRUCTION (INCL. BLINDED BY SUN)",NOT DISTRACTED,MD,PASSENGER CAR,MAKING LEFT TURN,30,No,2018,HONDA,CIVIC,39.11573118,-77.16657885,2022,3,8
220008967,Injury Crash,03/02/2022 08:48:00 AM,FREDERICK RD,NA,STRAIGHT MOVEMENT ANGLE,Clear,DRY,Daylight,TRAFFIC SIGNAL,NONE DETECTED,Yes,No Apparent Injury,"N/A, VISION OBSTRUCTION (INCL. BLINDED BY SUN)",UNKNOWN,MD,"OTHER LIGHT TRUCKS (10,000LBS (4,536KG) OR LESS)",MOVING CONSTANT SPEED,40,No,2018,RAM,3500,39.11573118,-77.16657885,2022,3,8
220008968,Injury Crash,03/02/2022 08:47:00 AM,NORBECK RD,NA,SAME DIR REAR END,Clear,DRY,Daylight,NO CONTROLS,NONE DETECTED,No,Possible Minor Injury,N/A,NOT DISTRACTED,MD,PASSENGER CAR,SLOWING OR STOPPING,35,No,2009,TOYOTA,YARIS,39.09854833,-77.10261833,2022,3,8
220008968,Injury Crash,03/02/2022 08:47:00 AM,NORBECK RD,NA,SAME DIR REAR END,Clear,DRY,Daylight,NO CONTROLS,NONE DETECTED,Yes,No Apparent Injury,N/A,NOT DISTRACTED,MD,PASSENGER CAR,SLOWING OR STOPPING,35,No,2015,HONDA,CRV,39.09854833,-77.10261833,2022,3,8
220008963,Property Damage Crash,03/02/2022 07:45:00 AM,CHEVY CHASE DR,NA,OTHER,Clear,DRY,Daylight,NO CONTROLS,NONE DETECTED,Yes,No Apparent Injury,N/A,NOT DISTRACTED,MD,SCHOOL BUS,MOVING CONSTANT SPEED,25,No,2017,THOMAS BUS,BUS,38.976935,-77.09497167,2022,3,7
220008959,Injury Crash,03/02/2022 07:27:00 AM,BARNESVILLE RD,NA,ANGLE MEETS LEFT HEAD ON,Clear,DRY,Daylight,NO CONTROLS,NONE DETECTED,No,Possible Minor Injury,"N/A, VISION OBSTRUCTION (INCL. BLINDED BY SUN)",NOT DISTRACTED,MD,PASSENGER CAR,MOVING CONSTANT SPEED,30,No,2016,SUBARU,FORESTER,39.22171533,-77.38475017,2022,3,7
220008959,Injury Crash,03/02/2022 07:27:00 AM,BARNESVILLE RD,NA,ANGLE MEETS LEFT HEAD ON,Clear,DRY,Daylight,NO CONTROLS,NONE DETECTED,Yes,No Apparent Injury,"N/A, VISION OBSTRUCTION (INCL. BLINDED BY SUN)",LOOKED BUT DID NOT SEE,MD,PASSENGER CAR,MAKING LEFT TURN,30,No,2007,HONDA,ACCORD,39.22171533,-77.38475017,2022,3,7
220008956,Injury Crash,03/02/2022 05:33:00 AM,CHERRY HILL RD,NA,STRAIGHT MOVEMENT ANGLE,Clear,DRY,Medium,FLASHING TRAFFIC SIGNAL,NONE DETECTED,Yes,No Apparent Injury,N/A,LOOKED BUT DID NOT SEE,MD,PASSENGER CAR,ACCELERATING,30,No,2013,FORD,4S,39.05608833,-76.95410333,2022,3,5
220008956,Injury Crash,03/02/2022 05:33:00 AM,CHERRY HILL RD,NA,STRAIGHT MOVEMENT ANGLE,Clear,DRY,Medium,FLASHING TRAFFIC SIGNAL,NONE DETECTED,No,Possible Minor Injury,N/A,NOT DISTRACTED,MD,PASSENGER CAR,MOVING CONSTANT SPEED,40,No,2014,FORD,TK,39.05608833,-76.95410333,2022,3,5
220008939,Injury Crash,03/01/2022 11:41:00 PM,NEW HAMPSHIRE AVE,NA,SINGLE VEHICLE,Clear,DRY,Dark,N/A,NONE DETECTED,Yes,Possible Minor Injury,N/A,EATING OR DRINKING,MD,PASSENGER CAR,MOVING CONSTANT SPEED,30,No,2011,LEXUS,TRUCK,39.214475,-77.049285,2022,3,23
220008916,Injury Crash,03/01/2022 07:32:00 PM,FREDERICK RD,NA,SAME DIR REAR END,Clear,DRY,Medium,NO CONTROLS,NONE DETECTED,No,No Apparent Injury,N/A,NOT DISTRACTED,MD,(SPORT) UTILITY VEHICLE,SLOWING OR STOPPING,40,No,2005,INFINITI,SUV,39.17780183,-77.23837017,2022,3,19
220008916,Injury Crash,03/01/2022 07:32:00 PM,FREDERICK RD,NA,SAME DIR REAR END,Clear,DRY,Medium,NO CONTROLS,NONE DETECTED,Yes,No Apparent Injury,N/A,NOT DISTRACTED,MD,PASSENGER CAR,SLOWING OR STOPPING,40,No,2020,DODG,SD,39.17780183,-77.23837017,2022,3,19
220008916,Injury Crash,03/01/2022 07:32:00 PM,FREDERICK RD,NA,SAME DIR REAR END,Clear,DRY,Medium,NO CONTROLS,NONE DETECTED,No,Possible Minor Injury,N/A,NOT DISTRACTED,MD,(SPORT) UTILITY VEHICLE,SLOWING OR STOPPING,40,No,2008,HOND,TK,39.17780183,-77.23837017,2022,3,19
220008914,Property Damage Crash,03/01/2022 07:19:00 PM,WASHINGTONIAN BLVD,PEDESTRIAN,SAME DIRECTION SIDESWIPE,Clear,DRY,Medium,N/A,NONE DETECTED,Unknown,No Apparent Injury,N/A,UNKNOWN,MD,PASSENGER CAR,MOVING CONSTANT SPEED,30,No,2008,MAZDA,5,39.1178945,-77.20217447,2022,3,19
220008915,Property Damage Crash,03/01/2022 07:13:00 PM,NOTLEY RD,NA,HEAD ON LEFT TURN,Clear,DRY,Dark,NO CONTROLS,NONE DETECTED,No,No Apparent Injury,N/A,NOT DISTRACTED,MD,PASSENGER CAR,MOVING CONSTANT SPEED,30,No,2002,CHEVY,IMPALA,39.09185427,-77.0147314,2022,3,19
220008915,Property Damage Crash,03/01/2022 07:13:00 PM,NOTLEY RD,NA,HEAD ON LEFT TURN,Clear,DRY,Dark,NO CONTROLS,NONE DETECTED,Yes,No Apparent Injury,N/A,LOOKED BUT DID NOT SEE,MD,PASSENGER CAR,MAKING LEFT TURN,30,No,2015,NISS,4S,39.09185427,-77.0147314,2022,3,19
220008912,Injury Crash,03/01/2022 07:11:00 PM,RIVER RD,NA,SAME DIR REAR END,Clear,DRY,Medium,NO CONTROLS,NONE DETECTED,Yes,Possible Minor Injury,N/A,OTHER DISTRACTION,MD,(SPORT) UTILITY VEHICLE,ACCELERATING,35,No,2013,FORD,TK,38.96548133,-77.10408133,2022,3,19
220008912,Injury Crash,03/01/2022 07:11:00 PM,RIVER RD,NA,SAME DIR REAR END,Clear,DRY,Medium,NO CONTROLS,NONE DETECTED,No,No Apparent Injury,N/A,NOT DISTRACTED,MD,PASSENGER CAR,STOPPED IN TRAFFIC LANE,35,No,2019,TSMR,TK,38.96548133,-77.10408133,2022,3,19
220008909,Injury Crash,03/01/2022 06:21:00 PM,RANDOLPH RD,NA,STRAIGHT MOVEMENT ANGLE,Clear,DRY,Medium,STOP SIGN,NONE DETECTED,Yes,Possible Minor Injury,N/A,LOOKED BUT DID NOT SEE,MD,PASSENGER CAR,ACCELERATING,40,No,2021,HONDA,CR-V,39.07323746,-77.00834107,2022,3,18
220008909,Injury Crash,03/01/2022 06:21:00 PM,RANDOLPH RD,NA,STRAIGHT MOVEMENT ANGLE,Clear,DRY,Medium,STOP SIGN,NONE DETECTED,No,No Apparent Injury,N/A,NOT DISTRACTED,MD,PASSENGER CAR,MOVING CONSTANT SPEED,40,No,2014,JEEP,COMPASS,39.07323746,-77.00834107,2022,3,18
220008879,Property Damage Crash,03/01/2022 03:56:00 PM,PEPPERWOOD LA,NA,SINGLE VEHICLE,Clear,DRY,Daylight,STOP SIGN,NONE DETECTED,Yes,No Apparent Injury,N/A,NOT DISTRACTED,MD,SCHOOL BUS,MAKING LEFT TURN,25,No,2014,THOM,BU,39.14502346,-77.16704269,2022,3,15
220009102,Property Damage Crash,03/01/2022 03:01:00 PM,UNIVERSITY BLVD E,NA,SAME DIR REAR END,Clear,DRY,Daylight,N/A,NONE DETECTED,No,No Apparent Injury,N/A,NOT DISTRACTED,MD,PASSENGER CAR,SLOWING OR STOPPING,30,No,2002,TOYOTA,AVALON,38.99829739,-76.99469645,2022,3,15
220009102,Property Damage Crash,03/01/2022 03:01:00 PM,UNIVERSITY BLVD E,NA,SAME DIR REAR END,Clear,DRY,Daylight,N/A,NONE DETECTED,Yes,No Apparent Injury,N/A,UNKNOWN,NA,PASSENGER CAR,SLOWING OR STOPPING,30,No,2015,BMW,X5,38.99829739,-76.99469645,2022,3,15
220008859,Property Damage Crash,03/01/2022 02:45:00 PM,CLOPPER RD,NA,SAME DIR REAR END,Clear,DRY,Daylight,NO CONTROLS,NONE DETECTED,Yes,No Apparent Injury,N/A,UNKNOWN,MD,PICKUP TRUCK,SLOWING OR STOPPING,45,No,2004,DODG,TK,39.17771,-77.30109167,2022,3,14
220008859,Property Damage Crash,03/01/2022 02:45:00 PM,CLOPPER RD,NA,SAME DIR REAR END,Clear,DRY,Daylight,NO CONTROLS,NONE DETECTED,No,No Apparent Injury,N/A,NOT DISTRACTED,MD,PASSENGER CAR,SLOWING OR STOPPING,45,No,2012,JEEP,TK,39.17771,-77.30109167,2022,3,14
220008858,Property Damage Crash,03/01/2022 02:43:00 PM,ASHTON RD,NA,HEAD ON LEFT TURN,Clear,DRY,Daylight,TRAFFIC SIGNAL,NONE DETECTED,No,No Apparent Injury,N/A,NOT DISTRACTED,MD,PASSENGER CAR,MOVING CONSTANT SPEED,30,No,2013,FORD,TK,39.14962833,-77.01240167,2022,3,14
220008858,Property Damage Crash,03/01/2022 02:43:00 PM,ASHTON RD,NA,HEAD ON LEFT TURN,Clear,DRY,Daylight,TRAFFIC SIGNAL,NONE DETECTED,Yes,No Apparent Injury,N/A,LOOKED BUT DID NOT SEE,MD,PASSENGER CAR,MAKING LEFT TURN,30,No,2014,HONDA,CRV,39.14962833,-77.01240167,2022,3,14
220008865,Property Damage Crash,03/01/2022 02:39:00 PM,SHADY GROVE RD,NA,SAME DIRECTION SIDESWIPE,Clear,DRY,Daylight,TRAFFIC SIGNAL,NONE DETECTED,No,No Apparent Injury,N/A,NOT DISTRACTED,MD,TRANSIT BUS,ACCELERATING,40,No,2017,GILLIG,LOW FLOOR BUS,39.1229075,-77.17744567,2022,3,14
220008865,Property Damage Crash,03/01/2022 02:39:00 PM,SHADY GROVE RD,NA,SAME DIRECTION SIDESWIPE,Clear,DRY,Daylight,TRAFFIC SIGNAL,NONE DETECTED,Yes,No Apparent Injury,N/A,UNKNOWN,NA,NA,ACCELERATING,40,No,0,UNKNOWN,UNKNOWN,39.1229075,-77.17744567,2022,3,14
220008852,Property Damage Crash,03/01/2022 02:12:00 PM,GEORGIA AVE,NA,OTHER,Clear,DRY,Daylight,NO CONTROLS,NONE DETECTED,No,No Apparent Injury,N/A,UNKNOWN,NA,NA,PARKED,15,No,0,UNKNOWN,UNKNOWN,38.9930379,-77.02599183,2022,3,14
220008852,Property Damage Crash,03/01/2022 02:12:00 PM,GEORGIA AVE,NA,OTHER,Clear,DRY,Daylight,NO CONTROLS,NONE DETECTED,Yes,No Apparent Injury,N/A,LOOKED BUT DID NOT SEE,MD,PICKUP TRUCK,BACKING,15,No,2009,FORD,F550,38.9930379,-77.02599183,2022,3,14
220008838,Injury Crash,03/01/2022 01:47:00 PM,WISTERIA DR,NA,STRAIGHT MOVEMENT ANGLE,Clear,DRY,Daylight,NO CONTROLS,NONE DETECTED,Yes,No Apparent Injury,N/A,LOOKED BUT DID NOT SEE,MD,PICKUP TRUCK,MAKING LEFT TURN,30,No,2007,HONDA,RIDGELINE,39.18035383,-77.27532633,2022,3,13
220008838,Injury Crash,03/01/2022 01:47:00 PM,WISTERIA DR,NA,STRAIGHT MOVEMENT ANGLE,Clear,DRY,Daylight,NO CONTROLS,NONE DETECTED,No,Possible Minor Injury,N/A,NOT DISTRACTED,MD,PASSENGER CAR,MOVING CONSTANT SPEED,30,No,2011,HONDA,CIVIC,39.18035383,-77.27532633,2022,3,13
220008899,Property Damage Crash,03/01/2022 10:29:00 AM,NA,NA,SAME DIR REAR END,Clear,NA,Daylight,NO CONTROLS,NONE DETECTED,Yes,No Apparent Injury,N/A,NOT DISTRACTED,MD,PASSENGER CAR,MOVING CONSTANT SPEED,20,No,2015,NISS,4S,39.17729833,-77.23634,2022,3,10
220008799,Injury Crash,03/01/2022 10:04:00 AM,ASTRODOME DR,NA,STRAIGHT MOVEMENT ANGLE,Cloudy,DRY,Daylight,NO CONTROLS,NONE DETECTED,No,Possible Minor Injury,N/A,NOT DISTRACTED,MD,PASSENGER CAR,MOVING CONSTANT SPEED,10,No,2003,TOYOTA,CAMRY,39.09136512,-77.05055179,2022,3,10