Local Case Number,ACRS Report Type,Crash Date/Time,Road Name,Related Non-Motorist,Collision Type,Weather,Surface Condition,Light,Traffic Control,Driver Substance Abuse,Driver At Fault,Injury Severity,Circumstance,Driver Distracted By,Drivers License State,Vehicle Body Type,Vehicle Movement,Speed Limit,Driverless Vehicle,Vehicle Year,Vehicle Make,Vehicle Model,Latitude,Longitude,Year,Month,Hour
220008799,Injury Crash,03/01/2022 10:04:00 AM,ASTRODOME DR,NA,STRAIGHT MOVEMENT ANGLE,Cloudy,DRY,Daylight,NO CONTROLS,NONE DETECTED,Yes,No Apparent Injury,N/A,NOT DISTRACTED,MD,PASSENGER CAR,BACKING,10,No,2016,TOYT,HIGHLANDER,39.09136512,-77.05055179,2022,3,10
220008784,Property Damage Crash,03/01/2022 09:00:00 AM,MONTGOMERY VILLAGE AVE,NA,STRAIGHT MOVEMENT ANGLE,Cloudy,DRY,Daylight,TRAFFIC SIGNAL,NONE DETECTED,Yes,No Apparent Injury,N/A,INATTENTIVE OR LOST IN THOUGHT,MD,PASSENGER CAR,MOVING CONSTANT SPEED,35,No,2009,NISSAN,MAXIMA,39.172795,-77.20417333,2022,3,9
220008784,Property Damage Crash,03/01/2022 09:00:00 AM,MONTGOMERY VILLAGE AVE,NA,STRAIGHT MOVEMENT ANGLE,Cloudy,DRY,Daylight,TRAFFIC SIGNAL,NONE DETECTED,No,No Apparent Injury,N/A,NOT DISTRACTED,MD,PASSENGER CAR,ACCELERATING,35,No,2015,ACURA,MDX,39.172795,-77.20417333,2022,3,9
220008779,Injury Crash,03/01/2022 08:55:00 AM,KENTLANDS BLVD,NA,SINGLE VEHICLE,Clear,DRY,Daylight,YIELD SIGN,NONE DETECTED,Yes,Possible Minor Injury,N/A,OTHER DISTRACTION,MD,PASSENGER CAR,MAKING RIGHT TURN,25,No,2017,TOYOTA,RAV4,39.12347757,-77.238909,2022,3,8
220008770,Property Damage Crash,03/01/2022 08:05:00 AM,MARLYN DR,NA,STRAIGHT MOVEMENT ANGLE,Clear,DRY,Daylight,STOP SIGN,NONE DETECTED,Yes,No Apparent Injury,N/A,NOT DISTRACTED,MD,PASSENGER CAR,SLOWING OR STOPPING,30,No,2007,TOYOTA,SIENNA,38.96022417,-77.11766617,2022,3,8
220008770,Property Damage Crash,03/01/2022 08:05:00 AM,MARLYN DR,NA,STRAIGHT MOVEMENT ANGLE,Clear,DRY,Daylight,STOP SIGN,NONE DETECTED,No,No Apparent Injury,N/A,LOOKED BUT DID NOT SEE,MD,PASSENGER CAR,MOVING CONSTANT SPEED,30,No,2015,TOYOTA,SIENNA,38.96022417,-77.11766617,2022,3,8
220008771,Injury Crash,03/01/2022 08:00:00 AM,GEORGIA AVE,NA,SAME DIR REAR END,Clear,DRY,Daylight,NO CONTROLS,NONE DETECTED,Yes,Possible Minor Injury,N/A,UNKNOWN,MD,PASSENGER CAR,SLOWING OR STOPPING,35,No,2003,BMW,325 I,39.05559,-77.04984,2022,3,8
220008771,Injury Crash,03/01/2022 08:00:00 AM,GEORGIA AVE,NA,SAME DIR REAR END,Clear,DRY,Daylight,NO CONTROLS,NONE DETECTED,No,No Apparent Injury,N/A,NOT DISTRACTED,MD,PASSENGER CAR,STOPPED IN TRAFFIC LANE,35,No,2022,TOYOTA,CAMRY,39.05559,-77.04984,2022,3,8
220008766,Property Damage Crash,03/01/2022 07:38:00 AM,WOODFIELD RD,NA,ANGLE MEETS LEFT TURN,Clear,DRY,Daylight,STOP SIGN,NONE DETECTED,No,No Apparent Injury,"BACKUP DUE TO REGULAR CONGESTION, VISION OBSTRUCTION (INCL. BLINDED BY SUN)",NOT DISTRACTED,MD,POLICE VEHICLE/NON EMERGENCY,MOVING CONSTANT SPEED,40,No,2014,DODGE,CHARGER,39.264025,-77.20437333,2022,3,7
220008766,Property Damage Crash,03/01/2022 07:38:00 AM,WOODFIELD RD,NA,ANGLE MEETS LEFT TURN,Clear,DRY,Daylight,STOP SIGN,NONE DETECTED,Yes,No Apparent Injury,"BACKUP DUE TO REGULAR CONGESTION, VISION OBSTRUCTION (INCL. BLINDED BY SUN)",NOT DISTRACTED,MD,(SPORT) UTILITY VEHICLE,MAKING LEFT TURN,40,No,2019,HOND,PILOT,39.264025,-77.20437333,2022,3,7
220008767,Property Damage Crash,03/01/2022 07:23:00 AM,UNIVERSITY BLVD E,NA,SAME DIRECTION SIDESWIPE,Cloudy,DRY,Daylight,N/A,NONE DETECTED,No,No Apparent Injury,N/A,NOT DISTRACTED,MD,PASSENGER CAR,MOVING CONSTANT SPEED,35,No,2015,SUBARU,OUTBACK,39.01540167,-77.00495333,2022,3,7
220008767,Property Damage Crash,03/01/2022 07:23:00 AM,UNIVERSITY BLVD E,NA,SAME DIRECTION SIDESWIPE,Cloudy,DRY,Daylight,N/A,NONE DETECTED,Yes,No Apparent Injury,N/A,UNKNOWN,MD,PASSENGER CAR,CHANGING LANES,35,No,2018,TOYOTA,COROLLA,39.01540167,-77.00495333,2022,3,7
220008767,Property Damage Crash,03/01/2022 07:23:00 AM,UNIVERSITY BLVD E,NA,SAME DIRECTION SIDESWIPE,Cloudy,DRY,Daylight,N/A,NONE DETECTED,No,No Apparent Injury,N/A,NOT DISTRACTED,MD,SCHOOL BUS,MOVING CONSTANT SPEED,35,No,2017,THOMAS,BUS,39.01540167,-77.00495333,2022,3,7
220008764,Property Damage Crash,03/01/2022 07:06:00 AM,TWINBROOK PKWY,NA,SAME DIRECTION RIGHT TURN,Clear,DRY,Daylight,N/A,NONE DETECTED,No,No Apparent Injury,N/A,NOT DISTRACTED,MD,PASSENGER CAR,MOVING CONSTANT SPEED,25,No,2014,HONDA,CRV,39.07376164,-77.11165276,2022,3,7
220008764,Property Damage Crash,03/01/2022 07:06:00 AM,TWINBROOK PKWY,NA,SAME DIRECTION RIGHT TURN,Clear,DRY,Daylight,N/A,NONE DETECTED,Yes,No Apparent Injury,N/A,UNKNOWN,NA,PASSENGER CAR,CHANGING LANES,25,No,1997,TOYOTA,4D,39.07376164,-77.11165276,2022,3,7
220002746,Property Damage Crash,03/01/2022 12:36:00 AM,CLOPPER RD,NA,STRAIGHT MOVEMENT ANGLE,Clear,N/A,Dark,TRAFFIC SIGNAL,NONE DETECTED,No,No Apparent Injury,N/A,NOT DISTRACTED,MD,PASSENGER CAR,MOVING CONSTANT SPEED,35,No,2020,TOYT,4S,39.14365915,-77.22353662,2022,3,0
220002746,Property Damage Crash,03/01/2022 12:36:00 AM,CLOPPER RD,NA,STRAIGHT MOVEMENT ANGLE,Clear,N/A,Dark,TRAFFIC SIGNAL,NONE DETECTED,Yes,No Apparent Injury,N/A,NOT DISTRACTED,MD,PASSENGER CAR,MOVING CONSTANT SPEED,25,No,2010,MAZD,HB,39.14365915,-77.22353662,2022,3,0
220008576,Property Damage Crash,02/28/2022 11:09:00 PM,PEPPERTREE LN,NA,SINGLE VEHICLE,Clear,DRY,Medium,NO CONTROLS,NONE DETECTED,Yes,No Apparent Injury,N/A,LOOKED BUT DID NOT SEE,WV,POLICE VEHICLE/NON EMERGENCY,BACKING,15,No,2014,DODGE,CHARGER,39.08849446,-77.07050913,2022,2,23
220008745,Injury Crash,02/28/2022 10:46:00 PM,WATKINS MILL RD,NA,SINGLE VEHICLE,Clear,DRY,Medium,N/A,NONE DETECTED,Yes,Possible Minor Injury,N/A,UNKNOWN,MD,(SPORT) UTILITY VEHICLE,MOVING CONSTANT SPEED,25,No,2022,TOYOTA,RAV4,39.15755195,-77.22172228,2022,2,22
220008732,Property Damage Crash,02/28/2022 08:40:00 PM,NA,NA,OTHER,Clear,NA,Medium,NO CONTROLS,NONE DETECTED,Yes,No Apparent Injury,N/A,NOT DISTRACTED,MD,(SPORT) UTILITY VEHICLE,PARKING,0,No,2015,MAZDA,CX-5,39.04720124,-76.97823814,2022,2,20
220008729,Property Damage Crash,02/28/2022 08:20:00 PM,CENTURY BLVD,NA,SAME DIR REAR END,Clear,DRY,Medium,TRAFFIC SIGNAL,NONE DETECTED,No,No Apparent Injury,N/A,NOT DISTRACTED,DC,PASSENGER CAR,MOVING CONSTANT SPEED,25,No,2016,JEEP,COMPASS,39.18016584,-77.26830619,2022,2,20
220008729,Property Damage Crash,02/28/2022 08:20:00 PM,CENTURY BLVD,NA,SAME DIR REAR END,Clear,DRY,Medium,TRAFFIC SIGNAL,NONE DETECTED,Yes,No Apparent Injury,N/A,UNKNOWN,NJ,PASSENGER CAR,MOVING CONSTANT SPEED,25,No,2011,HONDA,CRV,39.18016584,-77.26830619,2022,2,20
220008726,Property Damage Crash,02/28/2022 08:17:00 PM,ARCOLA AVE,NA,SINGLE VEHICLE,Clear,DRY,Medium,NO CONTROLS,NONE DETECTED,Yes,No Apparent Injury,N/A,INATTENTIVE OR LOST IN THOUGHT,MD,PASSENGER CAR,ACCELERATING,25,No,2016,HYUNDAI,TUCSON,39.03550667,-77.02582667,2022,2,20
220008720,Injury Crash,02/28/2022 07:33:00 PM,ROCKVILLE PIKE,NA,SAME DIR REAR END,Clear,DRY,Medium,TRAFFIC SIGNAL,NONE DETECTED,No,Possible Minor Injury,N/A,NOT DISTRACTED,MD,PASSENGER CAR,SLOWING OR STOPPING,45,No,2021,NISSAN,VERSA,39.02203363,-77.10271578,2022,2,19
220008720,Injury Crash,02/28/2022 07:33:00 PM,ROCKVILLE PIKE,NA,SAME DIR REAR END,Clear,DRY,Medium,TRAFFIC SIGNAL,NONE DETECTED,No,Possible Minor Injury,N/A,NOT DISTRACTED,MD,PASSENGER CAR,SLOWING OR STOPPING,45,No,2019,MERCEDES,G63,39.02203363,-77.10271578,2022,2,19
220008720,Injury Crash,02/28/2022 07:33:00 PM,ROCKVILLE PIKE,NA,SAME DIR REAR END,Clear,DRY,Medium,TRAFFIC SIGNAL,NONE DETECTED,Yes,No Apparent Injury,N/A,UNKNOWN,MD,VAN,MOVING CONSTANT SPEED,45,No,2021,RAM,CARGO VAN,39.02203363,-77.10271578,2022,2,19
220008716,Injury Crash,02/28/2022 07:25:00 PM,MARYLAND AVE,PEDESTRIAN,STRAIGHT MOVEMENT ANGLE,Clear,DRY,Medium,TRAFFIC SIGNAL,NONE DETECTED,Yes,No Apparent Injury,N/A,UNKNOWN,MD,PASSENGER CAR,MOVING CONSTANT SPEED,25,No,2011,HOND,TK,39.08041617,-77.15270717,2022,2,19
220008714,Property Damage Crash,02/28/2022 07:05:00 PM,LAYTONSVILLE RD,NA,OPPOSITE DIRECTION SIDESWIPE,Clear,DRY,Medium,NO CONTROLS,NONE DETECTED,No,No Apparent Injury,N/A,NOT DISTRACTED,WA,(SPORT) UTILITY VEHICLE,MOVING CONSTANT SPEED,30,No,2018,AUDI,Q7,39.20461667,-77.14008833,2022,2,19
220008714,Property Damage Crash,02/28/2022 07:05:00 PM,LAYTONSVILLE RD,NA,OPPOSITE DIRECTION SIDESWIPE,Clear,DRY,Medium,NO CONTROLS,NONE DETECTED,Yes,No Apparent Injury,N/A,LOOKED BUT DID NOT SEE,MD,"MEDIUM/HEAVY TRUCKS 3 AXLES (OVER 10,000LBS (4,536KG))",MAKING LEFT TURN,30,No,2015,RAM,4500,39.20461667,-77.14008833,2022,2,19
220008699,Property Damage Crash,02/28/2022 04:45:00 PM,GEORGIA AVE,NA,SAME DIRECTION LEFT TURN,Clear,DRY,Daylight,N/A,NONE DETECTED,Yes,No Apparent Injury,N/A,UNKNOWN,MD,SCHOOL BUS,MAKING LEFT TURN,35,No,2013,THOMAS,CBU,39.06308025,-77.05457809,2022,2,16
220008699,Property Damage Crash,02/28/2022 04:45:00 PM,GEORGIA AVE,NA,SAME DIRECTION LEFT TURN,Clear,DRY,Daylight,N/A,NONE DETECTED,No,No Apparent Injury,N/A,NOT DISTRACTED,MD,PASSENGER CAR,MOVING CONSTANT SPEED,40,No,2016,HONDA,CIVIC,39.06308025,-77.05457809,2022,2,16
220008703,Property Damage Crash,02/28/2022 04:00:00 PM,WELL HOUSE CT,NA,OTHER,Clear,DRY,Daylight,N/A,NONE DETECTED,Yes,No Apparent Injury,N/A,UNKNOWN,NA,SCHOOL BUS,MOVING CONSTANT SPEED,20,No,2014,THOMAS,BUS,39.15435833,-77.269,2022,2,16
220008656,Injury Crash,02/28/2022 03:15:00 PM,CLOPPER RD,NA,SAME DIR REAR END,Clear,N/A,Daylight,N/A,NONE DETECTED,No,No Apparent Injury,N/A,NOT DISTRACTED,MD,SCHOOL BUS,SLOWING OR STOPPING,40,No,2016,THOMAS,BUS,39.15480333,-77.25715333,2022,2,15
220008656,Injury Crash,02/28/2022 03:15:00 PM,CLOPPER RD,NA,SAME DIR REAR END,Clear,N/A,Daylight,N/A,NONE DETECTED,Yes,Possible Minor Injury,N/A,LOOKED BUT DID NOT SEE,XX,(SPORT) UTILITY VEHICLE,MOVING CONSTANT SPEED,40,No,2004,CHEVROLET,SUBURBAN,39.15480333,-77.25715333,2022,2,15
220008649,Property Damage Crash,02/28/2022 02:19:00 PM,BRADLEY BLVD,NA,STRAIGHT MOVEMENT ANGLE,Clear,DRY,Daylight,TRAFFIC SIGNAL,NONE DETECTED,Yes,No Apparent Injury,N/A,UNKNOWN,MD,PASSENGER CAR,MOVING CONSTANT SPEED,30,No,2011,TOYOTA,SIENNA,38.98609217,-77.11538633,2022,2,14
220008649,Property Damage Crash,02/28/2022 02:19:00 PM,BRADLEY BLVD,NA,STRAIGHT MOVEMENT ANGLE,Clear,DRY,Daylight,TRAFFIC SIGNAL,NONE DETECTED,Yes,No Apparent Injury,N/A,UNKNOWN,MD,PASSENGER CAR,MOVING CONSTANT SPEED,30,No,2017,HONDA,ACCORD,38.98609217,-77.11538633,2022,2,14
220008641,Property Damage Crash,02/28/2022 01:50:00 PM,DEMOCRACY BLVD,NA,STRAIGHT MOVEMENT ANGLE,Clear,DRY,Daylight,TRAFFIC SIGNAL,NONE DETECTED,Unknown,No Apparent Injury,N/A,NOT DISTRACTED,MD,PASSENGER CAR,MOVING CONSTANT SPEED,45,No,2006,LANDROVER,SUV,39.02324552,-77.16237868,2022,2,13
220008641,Property Damage Crash,02/28/2022 01:50:00 PM,DEMOCRACY BLVD,NA,STRAIGHT MOVEMENT ANGLE,Clear,DRY,Daylight,TRAFFIC SIGNAL,NONE DETECTED,Unknown,No Apparent Injury,N/A,NOT DISTRACTED,MD,PASSENGER CAR,MAKING LEFT TURN,45,No,2015,BMW,228I,39.02324552,-77.16237868,2022,2,13
220008634,Injury Crash,02/28/2022 12:11:00 PM,GEORGIA AVE,NA,SAME DIR REAR END,Clear,DRY,Daylight,N/A,NONE DETECTED,No,No Apparent Injury,N/A,NOT DISTRACTED,MD,PASSENGER CAR,SLOWING OR STOPPING,35,No,2019,SUBARU,SW,39.03405667,-77.04918667,2022,2,12
220008634,Injury Crash,02/28/2022 12:11:00 PM,GEORGIA AVE,NA,SAME DIR REAR END,Clear,DRY,Daylight,N/A,NONE DETECTED,No,Possible Minor Injury,N/A,NOT DISTRACTED,DC,(SPORT) UTILITY VEHICLE,SLOWING OR STOPPING,35,No,2018,DODGE,JOURNEY,39.03405667,-77.04918667,2022,2,12
220008634,Injury Crash,02/28/2022 12:11:00 PM,GEORGIA AVE,NA,SAME DIR REAR END,Clear,DRY,Daylight,N/A,NONE DETECTED,Yes,No Apparent Injury,N/A,OTHER DISTRACTION,MD,VAN,MOVING CONSTANT SPEED,35,No,2016,NISSAN,NV3500,39.03405667,-77.04918667,2022,2,12
220008614,Injury Crash,02/28/2022 10:08:00 AM,LAKELANDS DR,NA,SINGLE VEHICLE,Clear,DRY,Daylight,N/A,NONE DETECTED,Yes,Possible Minor Injury,N/A,NOT DISTRACTED,MD,PASSENGER CAR,MOVING CONSTANT SPEED,50,No,2014,SUBARU,4S,39.12131413,-77.22668002,2022,2,10
220008602,Property Damage Crash,02/28/2022 09:00:00 AM,MUNCASTER MILL RD,NA,SAME DIR REAR END,Clear,DRY,Daylight,TRAFFIC SIGNAL,NONE DETECTED,Yes,No Apparent Injury,N/A,LOOKED BUT DID NOT SEE,NA,UNKNOWN,SLOWING OR STOPPING,40,No,0,UNKNOWN,UNKNOWN,39.130145,-77.11846167,2022,2,9
220008600,Injury Crash,02/28/2022 09:00:00 AM,WOODFIELD RD,NA,STRAIGHT MOVEMENT ANGLE,Clear,DRY,Daylight,STOP SIGN,NONE DETECTED,No,Possible Minor Injury,N/A,NOT DISTRACTED,MD,PASSENGER CAR,MOVING CONSTANT SPEED,30,No,2020,HYUN,TUCSON,39.25047814,-77.19472771,2022,2,9
220008602,Property Damage Crash,02/28/2022 09:00:00 AM,MUNCASTER MILL RD,NA,SAME DIR REAR END,Clear,DRY,Daylight,TRAFFIC SIGNAL,NONE DETECTED,No,No Apparent Injury,N/A,NOT DISTRACTED,MD,SCHOOL BUS,STOPPED IN TRAFFIC LANE,40,No,2018,FRHT,BU,39.130145,-77.11846167,2022,2,9
220008600,Injury Crash,02/28/2022 09:00:00 AM,WOODFIELD RD,NA,STRAIGHT MOVEMENT ANGLE,Clear,DRY,Daylight,STOP SIGN,NONE DETECTED,Yes,No Apparent Injury,N/A,LOOKED BUT DID NOT SEE,MD,PASSENGER CAR,MAKING LEFT TURN,30,No,2014,DODG,4S,39.25047814,-77.19472771,2022,2,9
220008593,Property Damage Crash,02/28/2022 08:10:00 AM,INTERCOUNTY CONNECTOR,NA,OTHER,Clear,DRY,Daylight,NO CONTROLS,NONE DETECTED,No,No Apparent Injury,N/A,NOT DISTRACTED,MD,PASSENGER CAR,MOVING CONSTANT SPEED,55,No,2021,FORD,EXPEDITION,39.12744333,-77.17452,2022,2,8
220008593,Property Damage Crash,02/28/2022 08:10:00 AM,INTERCOUNTY CONNECTOR,NA,OTHER,Clear,DRY,Daylight,NO CONTROLS,NONE DETECTED,No,No Apparent Injury,N/A,NOT DISTRACTED,MD,SCHOOL BUS,MOVING CONSTANT SPEED,55,No,2015,THOM,BUS,39.12744333,-77.17452,2022,2,8
220007544,Property Damage Crash,02/28/2022 07:52:00 AM,ROCKLEDGE BLVD,NA,SINGLE VEHICLE,Clear,DRY,Daylight,NO CONTROLS,NONE DETECTED,Yes,No Apparent Injury,"N/A, VISION OBSTRUCTION (INCL. BLINDED BY SUN)",UNKNOWN,MD,PASSENGER CAR,MOVING CONSTANT SPEED,35,No,2006,HONDA,CRV,39.03122245,-77.13189309,2022,2,7
220008585,Property Damage Crash,02/28/2022 06:00:00 AM,ROCKVILLE PIKE,NA,SAME DIRECTION LEFT TURN,Clear,DRY,Medium,NO CONTROLS,NONE DETECTED,No,No Apparent Injury,N/A,NOT DISTRACTED,NJ,PASSENGER CAR,MOVING CONSTANT SPEED,35,No,2010,FORD,F350,39.0012615,-77.0970505,2022,2,6
220008585,Property Damage Crash,02/28/2022 06:00:00 AM,ROCKVILLE PIKE,NA,SAME DIRECTION LEFT TURN,Clear,DRY,Medium,NO CONTROLS,NONE DETECTED,Yes,No Apparent Injury,N/A,NOT DISTRACTED,VA,PASSENGER CAR,CHANGING LANES,35,No,2020,JEEP,CHEROKEE,39.0012615,-77.0970505,2022,2,6
220008581,Property Damage Crash,02/28/2022 01:22:00 AM,RIDGE RD,NA,SINGLE VEHICLE,Clear,DRY,Dark,NO CONTROLS,NONE DETECTED,Yes,No Apparent Injury,N/A,UNKNOWN,MD,(SPORT) UTILITY VEHICLE,MOVING CONSTANT SPEED,40,No,2006,HUMM,TK,39.25578333,-77.226535,2022,2,1
220008582,Injury Crash,02/28/2022 01:15:00 AM,OLD GEORGETOWN RD,NA,STRAIGHT MOVEMENT ANGLE,Clear,DRY,Medium,FLASHING TRAFFIC SIGNAL,NONE DETECTED,Yes,Suspected Serious Injury,N/A,UNKNOWN,MD,PASSENGER CAR,MAKING LEFT TURN,35,No,2017,FORD,FLEX,38.99837167,-77.10935,2022,2,1
220008582,Injury Crash,02/28/2022 01:15:00 AM,OLD GEORGETOWN RD,NA,STRAIGHT MOVEMENT ANGLE,Clear,DRY,Medium,FLASHING TRAFFIC SIGNAL,NONE DETECTED,No,Possible Minor Injury,N/A,NOT DISTRACTED,MD,PASSENGER CAR,MOVING CONSTANT SPEED,35,No,2019,JEEP,WRANGLER,38.99837167,-77.10935,2022,2,1
220008579,Property Damage Crash,02/28/2022 01:06:00 AM,WOODFIELD RD,NA,SINGLE VEHICLE,Clear,DRY,Medium,N/A,NONE DETECTED,No,No Apparent Injury,N/A,NOT DISTRACTED,MD,POLICE VEHICLE/NON EMERGENCY,MOVING CONSTANT SPEED,35,No,2014,DODGE,CHARGER,39.24515556,-77.18863147,2022,2,1
220008578,Property Damage Crash,02/28/2022 12:09:00 AM,FREDERICK RD,NA,SINGLE VEHICLE,Clear,DRY,Medium,N/A,NONE DETECTED,Yes,No Apparent Injury,"ANIMAL, N/A",NOT DISTRACTED,SC,PASSENGER CAR,MOVING CONSTANT SPEED,40,No,2014,BMW,528I,39.24503167,-77.288235,2022,2,0
220008751,Property Damage Crash,02/27/2022 10:30:00 PM,COLESVILLE RD,NA,SAME DIR REAR END,Clear,DRY,Medium,TRAFFIC SIGNAL,NONE DETECTED,No,No Apparent Injury,N/A,NOT DISTRACTED,MD,PASSENGER CAR,STOPPED IN TRAFFIC LANE,35,No,2018,HYUN,UT,38.99950333,-77.02607,2022,2,22
220008751,Property Damage Crash,02/27/2022 10:30:00 PM,COLESVILLE RD,NA,SAME DIR REAR END,Clear,DRY,Medium,TRAFFIC SIGNAL,NONE DETECTED,Yes,No Apparent Injury,N/A,UNKNOWN,MD,PASSENGER CAR,MOVING CONSTANT SPEED,35,No,2001,HYUNDAI,SD,38.99950333,-77.02607,2022,2,22
220008539,Property Damage Crash,02/27/2022 05:14:00 PM,NEW HAMPSHIRE AVE,NA,SAME DIR REND RIGHT TURN,Clear,DRY,Medium,TRAFFIC SIGNAL,NONE DETECTED,Yes,No Apparent Injury,N/A,INATTENTIVE OR LOST IN THOUGHT,MD,PASSENGER CAR,MOVING CONSTANT SPEED,40,No,2002,LEXUS,LS 430,39.08759667,-76.99962833,2022,2,17
220008539,Property Damage Crash,02/27/2022 05:14:00 PM,NEW HAMPSHIRE AVE,NA,SAME DIR REND RIGHT TURN,Clear,DRY,Medium,TRAFFIC SIGNAL,NONE DETECTED,No,No Apparent Injury,N/A,NOT DISTRACTED,MD,PASSENGER CAR,ACCELERATING,30,No,2021,MINI COOPER,CV,39.08759667,-76.99962833,2022,2,17
220008536,Property Damage Crash,02/27/2022 04:25:00 PM,DEMOCRACY BLVD,NA,SAME DIRECTION SIDESWIPE,Clear,DRY,Daylight,TRAFFIC SIGNAL,NONE DETECTED,Yes,No Apparent Injury,N/A,TALKING OR LISTENING TO CELLULAR PHONE,MD,(SPORT) UTILITY VEHICLE,MAKING U TURN,35,No,2014,FORD,EXPLORER,39.02256167,-77.14987667,2022,2,16
220008536,Property Damage Crash,02/27/2022 04:25:00 PM,DEMOCRACY BLVD,NA,SAME DIRECTION SIDESWIPE,Clear,DRY,Daylight,TRAFFIC SIGNAL,NONE DETECTED,No,No Apparent Injury,N/A,NOT DISTRACTED,MD,PASSENGER CAR,MOVING CONSTANT SPEED,35,No,2002,MERCEDES,SL500,39.02256167,-77.14987667,2022,2,16
220008790,Property Damage Crash,02/27/2022 04:00:00 PM,NA,NA,HEAD ON,Clear,NA,Daylight,N/A,NONE DETECTED,Yes,No Apparent Injury,N/A,LOOKED BUT DID NOT SEE,MD,PASSENGER CAR,BACKING,0,No,2015,FORD,EXPLORER,39.11726956,-77.18316214,2022,2,16
220008526,Injury Crash,02/27/2022 02:45:00 PM,SNOWDEN FARM PARKWAY,NA,STRAIGHT MOVEMENT ANGLE,Clear,DRY,Daylight,STOP SIGN,NONE DETECTED,Yes,No Apparent Injury,N/A,LOOKED BUT DID NOT SEE,MD,(SPORT) UTILITY VEHICLE,MAKING RIGHT TURN,30,No,2018,NISSAN,ROUGE,39.22902833,-77.25144833,2022,2,14
220008526,Injury Crash,02/27/2022 02:45:00 PM,SNOWDEN FARM PARKWAY,NA,STRAIGHT MOVEMENT ANGLE,Clear,DRY,Daylight,STOP SIGN,NONE DETECTED,No,Possible Minor Injury,N/A,NOT DISTRACTED,MD,PASSENGER CAR,MOVING CONSTANT SPEED,30,No,2018,NISSAN,ALTIMA,39.22902833,-77.25144833,2022,2,14
220008502,Property Damage Crash,02/27/2022 10:30:00 AM,BRADLEY BLVD,BICYCLIST,STRAIGHT MOVEMENT ANGLE,Clear,DRY,Daylight,STOP SIGN,NONE DETECTED,Yes,No Apparent Injury,N/A,NOT DISTRACTED,MD,PASSENGER CAR,MAKING RIGHT TURN,30,No,2015,NISSAN,ALTIMA,38.98364798,-77.11450791,2022,2,10
220008493,Property Damage Crash,02/27/2022 07:15:00 AM,NA,NA,STRAIGHT MOVEMENT ANGLE,Clear,NA,Daylight,NO CONTROLS,NONE DETECTED,No,No Apparent Injury,N/A,NOT DISTRACTED,MD,(SPORT) UTILITY VEHICLE,MOVING CONSTANT SPEED,5,No,2014,AUDI,Q7 3.0 T,39.04339367,-76.982548,2022,2,7
220008493,Property Damage Crash,02/27/2022 07:15:00 AM,NA,NA,STRAIGHT MOVEMENT ANGLE,Clear,NA,Daylight,NO CONTROLS,NONE DETECTED,Yes,No Apparent Injury,N/A,NOT DISTRACTED,NA,NA,MOVING CONSTANT SPEED,5,No,0,UNKNOWN,UNKNOWN,39.04339367,-76.982548,2022,2,7
220008491,Property Damage Crash,02/27/2022 06:50:00 AM,GEORGIA AVE,NA,SAME DIRECTION SIDESWIPE,Clear,DRY,Daylight,N/A,NONE DETECTED,No,No Apparent Injury,N/A,NOT DISTRACTED,MD,VAN,MOVING CONSTANT SPEED,35,No,2016,TOYT,VN,38.98512667,-77.02669833,2022,2,6
220008491,Property Damage Crash,02/27/2022 06:50:00 AM,GEORGIA AVE,NA,SAME DIRECTION SIDESWIPE,Clear,DRY,Daylight,N/A,NONE DETECTED,Yes,No Apparent Injury,N/A,LOOKED BUT DID NOT SEE,VA,TRANSIT BUS,CHANGING LANES,35,No,2009,TBU,BUS,38.98512667,-77.02669833,2022,2,6
22000851,Property Damage Crash,02/27/2022 06:09:00 AM,QUINCE ORCHARD RD,NA,OTHER,Clear,DRY,Medium,NO CONTROLS,ALCOHOL PRESENT,Yes,No Apparent Injury,N/A,UNKNOWN,MD,PASSENGER CAR,BACKING,10,No,2021,NISSAN,ROGUE,39.14519455,-77.2210719,2022,2,6
220008484,Property Damage Crash,02/27/2022 04:30:00 AM,NORBECK RD,NA,SAME DIR REAR END,Clear,DRY,Medium,TRAFFIC SIGNAL,NONE DETECTED,No,No Apparent Injury,N/A,NOT DISTRACTED,PA,PASSENGER CAR,STOPPED IN TRAFFIC LANE,45,No,2011,NISSAN,MAXIMA,39.12106167,-76.98895833,2022,2,4
220008484,Property Damage Crash,02/27/2022 04:30:00 AM,NORBECK RD,NA,SAME DIR REAR END,Clear,DRY,Medium,TRAFFIC SIGNAL,NONE DETECTED,Yes,No Apparent Injury,N/A,UNKNOWN,NA,PASSENGER CAR,MOVING CONSTANT SPEED,45,No,2005,MAZDA,4D,39.12106167,-76.98895833,2022,2,4
220008486,Property Damage Crash,02/27/2022 04:23:00 AM,COLUMBIA PIKE,NA,SAME DIRECTION SIDESWIPE,Clear,DRY,Medium,NO CONTROLS,NONE DETECTED,No,No Apparent Injury,N/A,NOT DISTRACTED,MD,PASSENGER CAR,MOVING CONSTANT SPEED,35,No,2015,HONDA,ACCORD,39.09754,-76.93696,2022,2,4
220008486,Property Damage Crash,02/27/2022 04:23:00 AM,COLUMBIA PIKE,NA,SAME DIRECTION SIDESWIPE,Clear,DRY,Medium,NO CONTROLS,NONE DETECTED,Yes,No Apparent Injury,N/A,NO DRIVER PRESENT,NA,UNKNOWN,MOVING CONSTANT SPEED,35,No,0,UNKNOWN,UNKNOWN,39.09754,-76.93696,2022,2,4
220008479,Injury Crash,02/27/2022 03:12:00 AM,CONNECTICUT AVE,NA,SAME DIR REAR END,Clear,DRY,Medium,TRAFFIC SIGNAL,NONE DETECTED,No,No Apparent Injury,N/A,NOT DISTRACTED,DC,PASSENGER CAR,STOPPED IN TRAFFIC LANE,45,No,2019,HYUNDAI,ELANTRA,39.05648567,-77.07369017,2022,2,3
220008479,Injury Crash,02/27/2022 03:12:00 AM,CONNECTICUT AVE,NA,SAME DIR REAR END,Clear,DRY,Medium,TRAFFIC SIGNAL,ALCOHOL PRESENT,Yes,No Apparent Injury,N/A,NOT DISTRACTED,MD,(SPORT) UTILITY VEHICLE,SLOWING OR STOPPING,45,No,2004,CHEVROLET,TAHOE,39.05648567,-77.07369017,2022,2,3
220008469,Property Damage Crash,02/26/2022 11:45:00 PM,RIFFLE FORD RD,NA,SINGLE VEHICLE,Clear,DRY,Medium,NO CONTROLS,NONE DETECTED,Yes,No Apparent Injury,N/A,NOT DISTRACTED,MD,FIRE VEHICLE/EMERGENCY,MOVING CONSTANT SPEED,30,No,2020,SPARTAN,RESERVE ENGINE,39.12556532,-77.26917068,2022,2,23
220008466,Injury Crash,02/26/2022 11:42:00 PM,NEW HAMPSHIRE AVE,NA,SAME DIR REAR END,Clear,DRY,Medium,TRAFFIC SIGNAL,NONE DETECTED,Yes,No Apparent Injury,N/A,UNKNOWN,MD,PASSENGER CAR,SLOWING OR STOPPING,40,No,2012,TOYT,4S,39.047025,-76.964145,2022,2,23
220008466,Injury Crash,02/26/2022 11:42:00 PM,NEW HAMPSHIRE AVE,NA,SAME DIR REAR END,Clear,DRY,Medium,TRAFFIC SIGNAL,NONE DETECTED,No,Possible Minor Injury,N/A,NOT DISTRACTED,MD,PASSENGER CAR,STOPPED IN TRAFFIC LANE,40,No,2012,SUBA,4S,39.047025,-76.964145,2022,2,23
220008468,Property Damage Crash,02/26/2022 11:30:00 PM,LONGDRAFT RD,NA,SINGLE VEHICLE,Clear,DRY,Medium,N/A,NONE DETECTED,Yes,No Apparent Injury,N/A,OTHER DISTRACTION,VA,PASSENGER CAR,MOVING CONSTANT SPEED,35,No,2016,VW,GOLF GTI,39.15016333,-77.23375167,2022,2,23