Local Case Number,ACRS Report Type,Crash Date/Time,Road Name,Related Non-Motorist,Collision Type,Weather,Surface Condition,Light,Traffic Control,Driver Substance Abuse,Driver At Fault,Injury Severity,Circumstance,Driver Distracted By,Drivers License State,Vehicle Body Type,Vehicle Movement,Speed Limit,Driverless Vehicle,Vehicle Year,Vehicle Make,Vehicle Model,Latitude,Longitude,Year,Month,Hour
220008460,Property Damage Crash,02/26/2022 10:28:00 PM,HIGHLAND AVE,NA,SINGLE VEHICLE,Clear,DRY,Dark,NO CONTROLS,NONE DETECTED,Yes,No Apparent Injury,"ANIMAL, N/A",NOT DISTRACTED,MD,PASSENGER CAR,MOVING CONSTANT SPEED,25,No,2021,HONDA,CIVIC,38.991555,-77.08817667,2022,2,22
220008457,Property Damage Crash,02/26/2022 10:00:00 PM,HEWITT AVE,NA,SAME DIR REAR END,Clear,DRY,Medium,NO CONTROLS,ALCOHOL PRESENT,Yes,No Apparent Injury,N/A,UNKNOWN,MD,VAN,MOVING CONSTANT SPEED,30,No,2016,CHEVROLET,EXPRESS,39.079365,-77.06760833,2022,2,22
220008442,Property Damage Crash,02/26/2022 07:51:00 PM,PROFESSIONAL DR,NA,HEAD ON LEFT TURN,Clear,DRY,Medium,TRAFFIC SIGNAL,NONE DETECTED,Yes,No Apparent Injury,N/A,LOOKED BUT DID NOT SEE,MD,PASSENGER CAR,MAKING LEFT TURN,35,No,2007,SATURN,ION,39.16339918,-77.22639142,2022,2,19
220008442,Property Damage Crash,02/26/2022 07:51:00 PM,PROFESSIONAL DR,NA,HEAD ON LEFT TURN,Clear,DRY,Medium,TRAFFIC SIGNAL,NONE DETECTED,No,No Apparent Injury,N/A,NOT DISTRACTED,MD,PASSENGER CAR,MOVING CONSTANT SPEED,35,No,2011,VW,ATLAS,39.16339918,-77.22639142,2022,2,19
220008441,Injury Crash,02/26/2022 07:26:00 PM,AVENEL RD,NA,STRAIGHT MOVEMENT ANGLE,Clear,DRY,Dark,NO CONTROLS,NONE DETECTED,No,No Apparent Injury,N/A,UNKNOWN,MD,PASSENGER CAR,MOVING CONSTANT SPEED,25,No,1999,HONDA,CIVIC,39.01102985,-76.979857,2022,2,19
220008441,Injury Crash,02/26/2022 07:26:00 PM,AVENEL RD,NA,STRAIGHT MOVEMENT ANGLE,Clear,DRY,Dark,NO CONTROLS,NONE DETECTED,Yes,No Apparent Injury,N/A,LOOKED BUT DID NOT SEE,MD,PASSENGER CAR,BACKING,25,No,2010,ACURA,TL,39.01102985,-76.979857,2022,2,19
220008439,Injury Crash,02/26/2022 07:13:00 PM,COLUMBIA PIKE,NA,SAME DIR REAR END,Clear,DRY,Dark,NO CONTROLS,NONE DETECTED,No,Possible Minor Injury,N/A,NOT DISTRACTED,VA,PASSENGER CAR,UNKNOWN,45,No,2016,MAZDA,3,39.0420456,-76.9942214,2022,2,19
220008439,Injury Crash,02/26/2022 07:13:00 PM,COLUMBIA PIKE,NA,SAME DIR REAR END,Clear,DRY,Dark,NO CONTROLS,NONE DETECTED,No,No Apparent Injury,N/A,UNKNOWN,NA,N/A,MOVING CONSTANT SPEED,45,No,0,UNKNOWN,UNKNOWN,39.0420456,-76.9942214,2022,2,19
220008436,Property Damage Crash,02/26/2022 06:50:00 PM,CONNECTICUT AVE,NA,SAME DIRECTION SIDESWIPE,Clear,DRY,Medium,TRAFFIC SIGNAL,NONE DETECTED,No,No Apparent Injury,N/A,NOT DISTRACTED,MD,PASSENGER CAR,SLOWING OR STOPPING,35,No,2018,TSMR,MODEL 3,39.02978167,-77.07631167,2022,2,18
220008436,Property Damage Crash,02/26/2022 06:50:00 PM,CONNECTICUT AVE,NA,SAME DIRECTION SIDESWIPE,Clear,DRY,Medium,TRAFFIC SIGNAL,NONE DETECTED,No,No Apparent Injury,N/A,NOT DISTRACTED,MD,AMBULANCE/EMERGENCY,STOPPED IN TRAFFIC LANE,35,No,2016,FRHT,AMBULANCE,39.02978167,-77.07631167,2022,2,18
220008436,Property Damage Crash,02/26/2022 06:50:00 PM,CONNECTICUT AVE,NA,SAME DIRECTION SIDESWIPE,Clear,DRY,Medium,TRAFFIC SIGNAL,NONE DETECTED,Yes,No Apparent Injury,N/A,UNKNOWN,MD,PASSENGER CAR,CHANGING LANES,35,No,2006,TOYT,PRIUS,39.02978167,-77.07631167,2022,2,18
220008427,Property Damage Crash,02/26/2022 05:07:00 PM,VEIRS MILL RD,NA,HEAD ON LEFT TURN,Clear,DRY,Daylight,NO CONTROLS,NONE DETECTED,No,No Apparent Injury,N/A,NOT DISTRACTED,MD,PASSENGER CAR,SLOWING OR STOPPING,45,No,2000,HONDA,ACCORD,39.07434167,-77.11560041,2022,2,17
220008427,Property Damage Crash,02/26/2022 05:07:00 PM,VEIRS MILL RD,NA,HEAD ON LEFT TURN,Clear,DRY,Daylight,NO CONTROLS,NONE DETECTED,Yes,No Apparent Injury,N/A,NOT DISTRACTED,MD,PASSENGER CAR,MAKING U TURN,45,No,2017,TOYOTA,COROLLA,39.07434167,-77.11560041,2022,2,17
220008427,Property Damage Crash,02/26/2022 05:07:00 PM,VEIRS MILL RD,NA,HEAD ON LEFT TURN,Clear,DRY,Daylight,NO CONTROLS,NONE DETECTED,No,No Apparent Injury,N/A,NOT DISTRACTED,VA,PASSENGER CAR,MOVING CONSTANT SPEED,45,No,2008,FORD,F150,39.07434167,-77.11560041,2022,2,17
220008418,Injury Crash,02/26/2022 03:55:00 PM,RICHTER FARM RD,NA,STRAIGHT MOVEMENT ANGLE,Clear,DRY,Daylight,N/A,NONE DETECTED,Yes,Possible Minor Injury,N/A,NOT DISTRACTED,MD,PASSENGER CAR,STARTING FROM LANE,35,No,2015,NISSAN,ROGUE,39.14838333,-77.27837,2022,2,15
220008418,Injury Crash,02/26/2022 03:55:00 PM,RICHTER FARM RD,NA,STRAIGHT MOVEMENT ANGLE,Clear,DRY,Daylight,N/A,NONE DETECTED,No,No Apparent Injury,N/A,NOT DISTRACTED,MD,PASSENGER CAR,MOVING CONSTANT SPEED,35,No,2019,NISSAN,ALTIMA,39.14838333,-77.27837,2022,2,15
220008416,Property Damage Crash,02/26/2022 03:35:00 PM,MIDCOUNTY HWY,NA,SAME DIR REAR END,Clear,DRY,Daylight,YIELD SIGN,NONE DETECTED,Yes,No Apparent Injury,N/A,LOOKED BUT DID NOT SEE,MD,PASSENGER CAR,ACCELERATING,50,No,2018,HYUNDAI,ELANTRA,39.15096063,-77.17502352,2022,2,15
220008416,Property Damage Crash,02/26/2022 03:35:00 PM,MIDCOUNTY HWY,NA,SAME DIR REAR END,Clear,DRY,Daylight,YIELD SIGN,NONE DETECTED,No,No Apparent Injury,N/A,NOT DISTRACTED,MD,"CARGO VAN/LIGHT TRUCK 2 AXLES (OVER 10,000LBS (4,536 KG))",MOVING CONSTANT SPEED,50,No,2016,FORD,TK,39.15096063,-77.17502352,2022,2,15
220008423,Property Damage Crash,02/26/2022 02:30:00 PM,NA,NA,SAME DIRECTION SIDESWIPE,Clear,NA,Daylight,NO CONTROLS,NONE DETECTED,Yes,No Apparent Injury,N/A,UNKNOWN,NA,AMBULANCE/EMERGENCY,UNKNOWN,10,No,2008,TOYOTA,SEQUOIA,39.02397728,-77.14604542,2022,2,14
220008405,Property Damage Crash,02/26/2022 01:09:00 PM,EDGEMOOR LA,NA,SAME DIR REAR END,Clear,DRY,Daylight,NO CONTROLS,NONE DETECTED,Yes,No Apparent Injury,N/A,UNKNOWN,MD,PASSENGER CAR,MOVING CONSTANT SPEED,25,No,2011,TOYOTA,SEDAN,38.984618330000004,-77.09746333,2022,2,13
220008405,Property Damage Crash,02/26/2022 01:09:00 PM,EDGEMOOR LA,NA,SAME DIR REAR END,Clear,DRY,Daylight,NO CONTROLS,NONE DETECTED,No,No Apparent Injury,N/A,NOT DISTRACTED,MD,PASSENGER CAR,MAKING RIGHT TURN,25,No,2019,CHEV,CRUZ,38.984618330000004,-77.09746333,2022,2,13
220008400,Injury Crash,02/26/2022 12:20:00 PM,NEW HAMPSHIRE AVE,NA,SAME DIRECTION SIDESWIPE,Clear,DRY,Daylight,TRAFFIC SIGNAL,NONE DETECTED,Yes,No Apparent Injury,N/A,LOOKED BUT DID NOT SEE,MD,(SPORT) UTILITY VEHICLE,CHANGING LANES,35,No,2020,LEXUS,RX350,39.01509667,-76.97812667,2022,2,12
220008400,Injury Crash,02/26/2022 12:20:00 PM,NEW HAMPSHIRE AVE,NA,SAME DIRECTION SIDESWIPE,Clear,DRY,Daylight,TRAFFIC SIGNAL,NONE DETECTED,No,Possible Minor Injury,N/A,NOT DISTRACTED,MD,(SPORT) UTILITY VEHICLE,MOVING CONSTANT SPEED,35,No,2017,TOYOTA,RAV4,39.01509667,-76.97812667,2022,2,12
220008399,Property Damage Crash,02/26/2022 12:15:00 PM,NA,NA,OTHER,Clear,NA,Daylight,N/A,NONE DETECTED,Yes,No Apparent Injury,N/A,UNKNOWN,MD,PASSENGER CAR,PARKING,0,No,2018,MAZD,4S,39.19702667,-77.270685,2022,2,12
220008395,Property Damage Crash,02/26/2022 11:30:00 AM,WIGHTMAN RD,NA,HEAD ON LEFT TURN,Clear,DRY,Daylight,NO CONTROLS,NONE DETECTED,No,No Apparent Injury,N/A,NOT DISTRACTED,MD,PASSENGER CAR,MOVING CONSTANT SPEED,35,No,1990,MAZDA,PC,39.19797167,-77.19933,2022,2,11
220008395,Property Damage Crash,02/26/2022 11:30:00 AM,WIGHTMAN RD,NA,HEAD ON LEFT TURN,Clear,DRY,Daylight,NO CONTROLS,NONE DETECTED,Yes,No Apparent Injury,N/A,NOT DISTRACTED,FL,PASSENGER CAR,MAKING LEFT TURN,35,No,2014,TOYOTA,COROLLA,39.19797167,-77.19933,2022,2,11
220008369,Property Damage Crash,02/26/2022 07:47:00 AM,CONNECTICUT AVE,NA,HEAD ON LEFT TURN,Cloudy,DRY,Daylight,TRAFFIC SIGNAL,NONE DETECTED,Yes,No Apparent Injury,N/A,NOT DISTRACTED,MD,PASSENGER CAR,MAKING LEFT TURN,35,No,2019,NISAN,ROGUE,39.09181468,-77.07055983,2022,2,7
220008369,Property Damage Crash,02/26/2022 07:47:00 AM,CONNECTICUT AVE,NA,HEAD ON LEFT TURN,Cloudy,DRY,Daylight,TRAFFIC SIGNAL,NONE DETECTED,No,No Apparent Injury,N/A,NOT DISTRACTED,MD,"OTHER LIGHT TRUCKS (10,000LBS (4,536KG) OR LESS)",MOVING CONSTANT SPEED,35,No,2020,CHEVY,TRUCK,39.09181468,-77.07055983,2022,2,7
220008363,Property Damage Crash,02/26/2022 04:15:00 AM,WISTERIA DR,NA,SAME DIR REAR END,Clear,DRY,Medium,NO CONTROLS,NONE DETECTED,Yes,No Apparent Injury,N/A,UNKNOWN,NA,PASSENGER CAR,MOVING CONSTANT SPEED,30,No,2018,DODGE,JOURNEY,39.16346247,-77.25866178,2022,2,4
220008361,Property Damage Crash,02/26/2022 04:09:00 AM,CAPITAL BELTWAY,NA,SAME DIRECTION SIDESWIPE,Clear,DRY,Medium,NO CONTROLS,NONE DETECTED,No,No Apparent Injury,N/A,NOT DISTRACTED,MD,PASSENGER CAR,MOVING CONSTANT SPEED,55,No,2010,MAZDA,MAZDA 6,39.00914833,-77.088045,2022,2,4
220008361,Property Damage Crash,02/26/2022 04:09:00 AM,CAPITAL BELTWAY,NA,SAME DIRECTION SIDESWIPE,Clear,DRY,Medium,NO CONTROLS,NONE DETECTED,Yes,No Apparent Injury,N/A,INATTENTIVE OR LOST IN THOUGHT,MD,PASSENGER CAR,CHANGING LANES,55,No,2017,NISSAN,NISMO,39.00914833,-77.088045,2022,2,4
220008346,Property Damage Crash,02/26/2022 12:03:00 AM,GOSHEN SCHOOL RD,NA,SINGLE VEHICLE,Clear,DRY,Medium,NO CONTROLS,ALCOHOL PRESENT,Yes,No Apparent Injury,N/A,NOT DISTRACTED,MD,PASSENGER CAR,MOVING CONSTANT SPEED,30,No,2013,SUBARU,LEGACY,39.22298833,-77.18519667,2022,2,0
220008322,Property Damage Crash,02/25/2022 08:08:00 PM,N SUMMIT AVE,NA,SINGLE VEHICLE,Clear,DRY,Medium,NO CONTROLS,NONE DETECTED,Yes,No Apparent Injury,N/A,LOOKED BUT DID NOT SEE,FL,PASSENGER CAR,MAKING RIGHT TURN,25,No,2006,NISSAN,ALTIMA,39.14914183,-77.1928982,2022,2,20
220008321,Injury Crash,02/25/2022 07:59:00 PM,N SUMMIT AVE,NA,HEAD ON,Clear,DRY,Medium,N/A,NONE DETECTED,Yes,Possible Minor Injury,N/A,UNKNOWN,MD,PASSENGER CAR,MOVING CONSTANT SPEED,25,No,2008,HONDA,CIVIC,39.14941667,-77.192963,2022,2,19
220008321,Injury Crash,02/25/2022 07:59:00 PM,N SUMMIT AVE,NA,HEAD ON,Clear,DRY,Medium,N/A,NONE DETECTED,No,No Apparent Injury,N/A,NOT DISTRACTED,MD,PASSENGER CAR,MOVING CONSTANT SPEED,25,No,2020,TOYOTA,CAMRY,39.14941667,-77.192963,2022,2,19
220008311,Property Damage Crash,02/25/2022 07:00:00 PM,EISENHOWER MEMORIAL HWY,NA,SAME DIR REAR END,Clear,DRY,Medium,N/A,NONE DETECTED,No,No Apparent Injury,N/A,NOT DISTRACTED,MD,PASSENGER CAR,STOPPED IN TRAFFIC LANE,55,No,2018,TOYOTA,COROLLA,39.09208,-77.175155,2022,2,19
220008311,Property Damage Crash,02/25/2022 07:00:00 PM,EISENHOWER MEMORIAL HWY,NA,SAME DIR REAR END,Clear,DRY,Medium,N/A,NONE DETECTED,Yes,No Apparent Injury,N/A,LOOKED BUT DID NOT SEE,VA,PASSENGER CAR,SLOWING OR STOPPING,55,No,2014,LEXUS,RX350,39.09208,-77.175155,2022,2,19
220008306,Injury Crash,02/25/2022 06:31:00 PM,CAPITAL BELTWAY,NA,SAME DIR REAR END,Clear,DRY,Medium,N/A,NONE DETECTED,No,No Apparent Injury,N/A,NOT DISTRACTED,MD,PASSENGER CAR,SLOWING OR STOPPING,55,No,2008,HONDA,CIVIC,39.01954167,-77.103885,2022,2,18
220008306,Injury Crash,02/25/2022 06:31:00 PM,CAPITAL BELTWAY,NA,SAME DIR REAR END,Clear,DRY,Medium,N/A,NONE DETECTED,No,No Apparent Injury,N/A,NOT DISTRACTED,MD,(SPORT) UTILITY VEHICLE,STOPPED IN TRAFFIC LANE,55,No,2006,LEXUS,TK,39.01954167,-77.103885,2022,2,18
220008306,Injury Crash,02/25/2022 06:31:00 PM,CAPITAL BELTWAY,NA,SAME DIR REAR END,Clear,DRY,Medium,N/A,NONE DETECTED,Yes,No Apparent Injury,N/A,LOOKED BUT DID NOT SEE,XX,PASSENGER CAR,SLOWING OR STOPPING,55,No,2000,HONDA,VN,39.01954167,-77.103885,2022,2,18
220008295,Property Damage Crash,02/25/2022 05:58:00 PM,LOCKSLEY LA,NA,HEAD ON LEFT TURN,Clear,DRY,Medium,TRAFFIC SIGNAL,NONE DETECTED,No,No Apparent Injury,N/A,NOT DISTRACTED,MD,PASSENGER CAR,STARTING FROM LANE,45,No,2013,LEXSUS,ES300H,39.07173,-77.01122833,2022,2,17
220008295,Property Damage Crash,02/25/2022 05:58:00 PM,LOCKSLEY LA,NA,HEAD ON LEFT TURN,Clear,DRY,Medium,TRAFFIC SIGNAL,NONE DETECTED,No,No Apparent Injury,N/A,NOT DISTRACTED,MD,PASSENGER CAR,STOPPED IN TRAFFIC LANE,45,No,2011,HYUNDAI,SONATA,39.07173,-77.01122833,2022,2,17
220008295,Property Damage Crash,02/25/2022 05:58:00 PM,LOCKSLEY LA,NA,HEAD ON LEFT TURN,Clear,DRY,Medium,TRAFFIC SIGNAL,NONE DETECTED,Yes,No Apparent Injury,N/A,LOOKED BUT DID NOT SEE,MD,PASSENGER CAR,MOVING CONSTANT SPEED,45,No,2010,HYUNDAI,ELANTRA,39.07173,-77.01122833,2022,2,17
220008292,Property Damage Crash,02/25/2022 05:13:00 PM,GEORGIA AVE,NA,SAME DIR REAR END,Clear,DRY,Daylight,N/A,NONE DETECTED,Yes,No Apparent Injury,N/A,UNKNOWN,NA,NA,BACKING,25,No,0,UNKNOWN,UNKNOWN,39.01260325,-77.04215257,2022,2,17
220008292,Property Damage Crash,02/25/2022 05:13:00 PM,GEORGIA AVE,NA,SAME DIR REAR END,Clear,DRY,Daylight,N/A,NONE DETECTED,No,No Apparent Injury,N/A,NOT DISTRACTED,MD,PASSENGER CAR,PARKED,25,No,2008,ACUR,UT,39.01260325,-77.04215257,2022,2,17
220008282,Fatal Crash,02/25/2022 04:39:00 PM,RIDGE RD,NA,HEAD ON,Clear,DRY,Daylight,NO CONTROLS,NONE DETECTED,No,No Apparent Injury,N/A,NOT DISTRACTED,WV,(SPORT) UTILITY VEHICLE,MOVING CONSTANT SPEED,40,No,2004,HONDA,PILOT,39.25539178,-77.22686863,2022,2,16
220008282,Fatal Crash,02/25/2022 04:39:00 PM,RIDGE RD,NA,HEAD ON,Clear,DRY,Daylight,NO CONTROLS,NONE DETECTED,Yes,Fatal Injury,N/A,UNKNOWN,MD,PASSENGER CAR,MOVING CONSTANT SPEED,40,No,2018,TOYOTA,COROLLA,39.25539178,-77.22686863,2022,2,16
220008282,Fatal Crash,02/25/2022 04:39:00 PM,RIDGE RD,NA,HEAD ON,Clear,DRY,Daylight,NO CONTROLS,NONE DETECTED,No,Suspected Serious Injury,N/A,NOT DISTRACTED,MD,PASSENGER CAR,MOVING CONSTANT SPEED,40,No,2004,TOYOTA,SIENNA,39.25539178,-77.22686863,2022,2,16
220008277,Injury Crash,02/25/2022 04:30:00 PM,VEIRS MILL RD,NA,STRAIGHT MOVEMENT ANGLE,Clear,DRY,Daylight,NO CONTROLS,NONE DETECTED,No,Possible Minor Injury,N/A,NOT DISTRACTED,MD,PASSENGER CAR,MOVING CONSTANT SPEED,45,No,2013,VOLKSWAGON,JETTA,39.067225,-77.101735,2022,2,16
220008277,Injury Crash,02/25/2022 04:30:00 PM,VEIRS MILL RD,NA,STRAIGHT MOVEMENT ANGLE,Clear,DRY,Daylight,NO CONTROLS,NONE DETECTED,Yes,No Apparent Injury,N/A,LOOKED BUT DID NOT SEE,MD,PASSENGER CAR,MAKING U TURN,45,No,2017,MINICOOPER,CLUBMAN,39.067225,-77.101735,2022,2,16
220008272,Injury Crash,02/25/2022 04:06:00 PM,PICCARD DR,"OTHER, PEDESTRIAN",OTHER,Clear,DRY,Daylight,TRAFFIC SIGNAL,NONE DETECTED,Yes,No Apparent Injury,N/A,LOOKED BUT DID NOT SEE,MD,PICKUP TRUCK,MAKING RIGHT TURN,35,No,2021,FORD,F150,39.115235,-77.17854167,2022,2,16
220008258,Injury Crash,02/25/2022 02:21:00 PM,MIDDLEBROOK RD,NA,STRAIGHT MOVEMENT ANGLE,Clear,DRY,Daylight,TRAFFIC SIGNAL,NONE DETECTED,Yes,No Apparent Injury,N/A,UNKNOWN,MD,PASSENGER CAR,MAKING LEFT TURN,35,No,2014,TOYOTA,COROLLA,39.18020533,-77.26865817,2022,2,14
220008258,Injury Crash,02/25/2022 02:21:00 PM,MIDDLEBROOK RD,NA,STRAIGHT MOVEMENT ANGLE,Clear,DRY,Daylight,TRAFFIC SIGNAL,NONE DETECTED,No,No Apparent Injury,N/A,NOT DISTRACTED,MD,(SPORT) UTILITY VEHICLE,MOVING CONSTANT SPEED,35,No,2017,CHEV,TAHOE,39.18020533,-77.26865817,2022,2,14
220008403,Property Damage Crash,02/25/2022 01:30:00 PM,CONNECTICUT AVE,NA,SAME DIRECTION LEFT TURN,Clear,DRY,Daylight,TRAFFIC SIGNAL,NONE DETECTED,Yes,No Apparent Injury,N/A,NOT DISTRACTED,NA,PASSENGER CAR,STARTING FROM LANE,35,No,2021,CHEVY,TRAVERSE,39.05175981,-77.0751659,2022,2,13
220008403,Property Damage Crash,02/25/2022 01:30:00 PM,CONNECTICUT AVE,NA,SAME DIRECTION LEFT TURN,Clear,DRY,Daylight,TRAFFIC SIGNAL,NONE DETECTED,No,No Apparent Injury,N/A,NOT DISTRACTED,MD,PASSENGER CAR,STARTING FROM LANE,35,No,2014,HONDA,ACCORD,39.05175981,-77.0751659,2022,2,13
220008246,Property Damage Crash,02/25/2022 12:55:00 PM,BRADLEY BLVD,NA,ANGLE MEETS RIGHT TURN,Clear,WET,Daylight,STOP SIGN,NONE DETECTED,No,No Apparent Injury,N/A,NOT DISTRACTED,MD,PASSENGER CAR,MOVING CONSTANT SPEED,30,No,2015,SUBARU,IMPREZA,38.99128551,-77.11761766,2022,2,12
220008246,Property Damage Crash,02/25/2022 12:55:00 PM,BRADLEY BLVD,NA,ANGLE MEETS RIGHT TURN,Clear,WET,Daylight,STOP SIGN,NONE DETECTED,Yes,No Apparent Injury,N/A,LOOKED BUT DID NOT SEE,MD,PASSENGER CAR,MAKING RIGHT TURN,30,No,2015,HONDA,FIT,38.99128551,-77.11761766,2022,2,12
220008241,Property Damage Crash,02/25/2022 12:51:00 PM,COLESVILLE RD,NA,SINGLE VEHICLE,Clear,DRY,Daylight,NO CONTROLS,ALCOHOL PRESENT,Yes,No Apparent Injury,N/A,BY MOVING OBJECT IN VEHICLE,PA,PASSENGER CAR,MOVING CONSTANT SPEED,35,No,2016,CHEVROLET,MALIBU,39.00816,-77.01938167,2022,2,12
220008236,Property Damage Crash,02/25/2022 12:28:00 PM,REDLAND RD,NA,SAME DIR REAR END,Clear,WET,Daylight,NO CONTROLS,NONE DETECTED,No,No Apparent Injury,"N/A, WET",NOT DISTRACTED,MD,PASSENGER CAR,MAKING LEFT TURN,35,No,2016,CHEVROLET,EQUINOX,39.11913833,-77.16167,2022,2,12
220008236,Property Damage Crash,02/25/2022 12:28:00 PM,REDLAND RD,NA,SAME DIR REAR END,Clear,WET,Daylight,NO CONTROLS,NONE DETECTED,Yes,No Apparent Injury,"N/A, WET",NOT DISTRACTED,MD,PASSENGER CAR,SLOWING OR STOPPING,35,No,2017,TOYOYA,COROLLA,39.11913833,-77.16167,2022,2,12
220008245,Property Damage Crash,02/25/2022 12:20:00 PM,BROOKVILLE RD,NA,SAME DIRECTION RIGHT TURN,Clear,DRY,Daylight,NO CONTROLS,NONE DETECTED,Yes,No Apparent Injury,N/A,NOT DISTRACTED,MD,PASSENGER CAR,MAKING RIGHT TURN,25,No,2005,TOYOTA,MINIVAN,39.00005806,-77.05502415,2022,2,12
220008245,Property Damage Crash,02/25/2022 12:20:00 PM,BROOKVILLE RD,NA,SAME DIRECTION RIGHT TURN,Clear,DRY,Daylight,NO CONTROLS,NONE DETECTED,No,No Apparent Injury,N/A,NOT DISTRACTED,MD,"OTHER LIGHT TRUCKS (10,000LBS (4,536KG) OR LESS)",MOVING CONSTANT SPEED,25,No,2000,STERLING,TRUCK,39.00005806,-77.05502415,2022,2,12
220008218,Property Damage Crash,02/25/2022 09:51:00 AM,CABIN JOHN PKWY,NA,SINGLE VEHICLE,Rain,WET,Daylight,NO CONTROLS,NONE DETECTED,Yes,No Apparent Injury,"SLEET, HAIL, FREEZ. RAIN, WET",NOT DISTRACTED,GA,PASSENGER CAR,NEGOTIATING A CURVE,35,No,2018,TOYOTA,COROLLA,38.97053167,-77.14677833,2022,2,9
220008220,Property Damage Crash,02/25/2022 09:39:00 AM,RANDOLPH RD,NA,SAME DIRECTION SIDESWIPE,Rain,WET,Daylight,STOP SIGN,NONE DETECTED,Yes,No Apparent Injury,"RAIN, SNOW, WET",UNKNOWN,XX,PASSENGER CAR,MAKING LEFT TURN,35,No,2006,ACURA,TL,39.06892468,-77.01507313,2022,2,9
220008220,Property Damage Crash,02/25/2022 09:39:00 AM,RANDOLPH RD,NA,SAME DIRECTION SIDESWIPE,Rain,WET,Daylight,STOP SIGN,NONE DETECTED,No,No Apparent Injury,"RAIN, SNOW, WET",NOT DISTRACTED,MD,PICKUP TRUCK,MOVING CONSTANT SPEED,35,No,2016,FORD,F350,39.06892468,-77.01507313,2022,2,9
220008217,Property Damage Crash,02/25/2022 09:30:00 AM,BAUER DR,NA,OTHER,Rain,WET,Daylight,NO CONTROLS,NONE DETECTED,Yes,No Apparent Injury,"N/A, SLEET, HAIL, FREEZ. RAIN",LOOKED BUT DID NOT SEE,MD,TRANSIT BUS,MOVING CONSTANT SPEED,25,No,2017,GILLIG,BUS,39.08231833,-77.08802833,2022,2,9
220008254,Property Damage Crash,02/25/2022 08:50:00 AM,NA,NA,OTHER,Clear,NA,Daylight,N/A,NONE DETECTED,Yes,No Apparent Injury,N/A,UNKNOWN,MD,(SPORT) UTILITY VEHICLE,STARTING FROM PARKED,0,No,2019,ACURA,TK,39.02370095,-77.13334259,2022,2,8
220008208,Property Damage Crash,02/25/2022 08:36:00 AM,SOUTHLAWN LA,NA,OTHER,Rain,WET,Daylight,NO CONTROLS,NONE DETECTED,No,No Apparent Injury,"RAIN, SNOW, WET",NOT DISTRACTED,MD,SCHOOL BUS,MOVING CONSTANT SPEED,25,No,2012,THOMAS,BUS,39.09458827,-77.14123635,2022,2,8
220008208,Property Damage Crash,02/25/2022 08:36:00 AM,SOUTHLAWN LA,NA,OTHER,Rain,WET,Daylight,NO CONTROLS,NONE DETECTED,Yes,No Apparent Injury,"RAIN, SNOW, WET",NOT DISTRACTED,MD,TRUCK TRACTOR,MOVING CONSTANT SPEED,25,No,2014,FREIGHTLINER,CASCADIA,39.09458827,-77.14123635,2022,2,8
220008206,Injury Crash,02/25/2022 08:15:00 AM,FALLS RD,NA,SINGLE VEHICLE,Rain,WET,Daylight,NO CONTROLS,NONE DETECTED,Yes,Possible Minor Injury,"RAIN, SNOW, WET",INATTENTIVE OR LOST IN THOUGHT,MD,PASSENGER CAR,MOVING CONSTANT SPEED,35,No,2010,MERCURY,4S,39.00651755,-77.22281613,2022,2,8
220008204,Injury Crash,02/25/2022 07:59:00 AM,NOTLEY RD,NA,SAME DIR REAR END,Snow,WET,Daylight,NO CONTROLS,NONE DETECTED,Yes,No Apparent Injury,"ICY OR SNOW-COVERED, SLEET, HAIL, FREEZ. RAIN",INATTENTIVE OR LOST IN THOUGHT,MD,(SPORT) UTILITY VEHICLE,SLOWING OR STOPPING,30,No,2013,NISS,TK,39.12105667,-76.98879833,2022,2,7
220008204,Injury Crash,02/25/2022 07:59:00 AM,NOTLEY RD,NA,SAME DIR REAR END,Snow,WET,Daylight,NO CONTROLS,NONE DETECTED,No,Possible Minor Injury,"ICY OR SNOW-COVERED, SLEET, HAIL, FREEZ. RAIN",NOT DISTRACTED,MD,PASSENGER CAR,STOPPED IN TRAFFIC LANE,30,No,2010,MERZ,4S,39.12105667,-76.98879833,2022,2,7
220008200,Injury Crash,02/25/2022 05:40:00 AM,MONTGOMERY VILLAGE AVE,NA,HEAD ON LEFT TURN,Rain,WET,Medium,TRAFFIC SIGNAL,NONE DETECTED,Yes,Possible Minor Injury,"SLEET, HAIL, FREEZ. RAIN, WET",UNKNOWN,MD,PASSENGER CAR,MAKING LEFT TURN,35,No,2010,TOYT,TK,39.15434123,-77.20929888,2022,2,5
220008200,Injury Crash,02/25/2022 05:40:00 AM,MONTGOMERY VILLAGE AVE,NA,HEAD ON LEFT TURN,Rain,WET,Medium,TRAFFIC SIGNAL,NONE DETECTED,No,Possible Minor Injury,"SLEET, HAIL, FREEZ. RAIN, WET",NOT DISTRACTED,MD,PASSENGER CAR,MOVING CONSTANT SPEED,35,No,2017,MAZD,4H,39.15434123,-77.20929888,2022,2,5
220008199,Injury Crash,02/25/2022 04:01:00 AM,FATHER HURLEY BLVD,NA,SINGLE VEHICLE,Snow,ICE,Medium,NO CONTROLS,NONE DETECTED,Yes,Possible Minor Injury,"N/A, SLEET, HAIL, FREEZ. RAIN",UNKNOWN,MD,PASSENGER CAR,MOVING CONSTANT SPEED,40,No,2003,GMC,YUKON,39.19876667,-77.26153667,2022,2,4
220008197,Property Damage Crash,02/25/2022 02:31:00 AM,VALLEYWOOD DR,NA,SINGLE VEHICLE,Cloudy,WET,Medium,NO CONTROLS,NONE DETECTED,Yes,No Apparent Injury,"RAIN, SNOW, WET",UNKNOWN,MD,PICKUP TRUCK,MOVING CONSTANT SPEED,20,No,2018,TOYOTA,TACOMA,39.05731083,-77.06450241,2022,2,2
220008171,Property Damage Crash,02/24/2022 07:39:00 PM,COLESVILLE RD,NA,SAME DIRECTION SIDESWIPE,Clear,DRY,Medium,NO CONTROLS,NONE DETECTED,No,No Apparent Injury,N/A,NOT DISTRACTED,DC,PASSENGER CAR,CHANGING LANES,35,No,1997,FORD,PK,38.99819667,-77.02655833,2022,2,19
220008171,Property Damage Crash,02/24/2022 07:39:00 PM,COLESVILLE RD,NA,SAME DIRECTION SIDESWIPE,Clear,DRY,Medium,NO CONTROLS,NONE DETECTED,Yes,No Apparent Injury,N/A,LOOKED BUT DID NOT SEE,MD,TRANSIT BUS,PASSING,35,No,2009,GILL,BUS,38.99819667,-77.02655833,2022,2,19
220008168,Property Damage Crash,02/24/2022 07:00:00 PM,CHERRY HILL RD,NA,SAME DIRECTION LEFT TURN,Rain,N/A,Medium,N/A,ALCOHOL PRESENT,Yes,No Apparent Injury,"RAIN, SNOW, WET",LOOKED BUT DID NOT SEE,MD,PICKUP TRUCK,CHANGING LANES,35,No,2020,GMC,PIKUP,39.05252033,-76.954322,2022,2,19
220008168,Property Damage Crash,02/24/2022 07:00:00 PM,CHERRY HILL RD,NA,SAME DIRECTION LEFT TURN,Rain,N/A,Medium,N/A,NONE DETECTED,No,No Apparent Injury,"RAIN, SNOW, WET",NOT DISTRACTED,MD,PASSENGER CAR,MOVING CONSTANT SPEED,35,No,2006,TOYOTA,COROLLA,39.05252033,-76.954322,2022,2,19
220008165,Injury Crash,02/24/2022 06:30:00 PM,NEW HAMPSHIRE AVE,PEDESTRIAN,OTHER,Rain,WET,Medium,TRAFFIC SIGNAL,NONE DETECTED,Yes,No Apparent Injury,"RAIN, SNOW, WET",UNKNOWN,NA,NA,MOVING CONSTANT SPEED,40,No,0,UNKNOWN,UNKNOWN,39.020268,-76.975427,2022,2,18