Local Case Number,ACRS Report Type,Crash Date/Time,Road Name,Related Non-Motorist,Collision Type,Weather,Surface Condition,Light,Traffic Control,Driver Substance Abuse,Driver At Fault,Injury Severity,Circumstance,Driver Distracted By,Drivers License State,Vehicle Body Type,Vehicle Movement,Speed Limit,Driverless Vehicle,Vehicle Year,Vehicle Make,Vehicle Model,Latitude,Longitude,Year,Month,Hour
220008157,Property Damage Crash,02/24/2022 06:25:00 PM,EAST WEST HWY (W/B COUPLET),NA,HEAD ON,Rain,WET,Medium,NO CONTROLS,NONE DETECTED,No,No Apparent Injury,"RAIN, SNOW, WET",NOT DISTRACTED,MD,PASSENGER CAR,MOVING CONSTANT SPEED,30,No,2014,TOYT,4H,38.98617167,-77.08664,2022,2,18
220008157,Property Damage Crash,02/24/2022 06:25:00 PM,EAST WEST HWY (W/B COUPLET),NA,HEAD ON,Rain,WET,Medium,NO CONTROLS,NONE DETECTED,Yes,No Apparent Injury,"RAIN, SNOW, WET",NOT DISTRACTED,MD,PASSENGER CAR,MAKING RIGHT TURN,30,No,2016,FORD,FIESTA,38.98617167,-77.08664,2022,2,18
220008153,Injury Crash,02/24/2022 06:05:00 PM,GRAND CHAMPION DR,NA,STRAIGHT MOVEMENT ANGLE,Rain,WET,Medium,STOP SIGN,NONE DETECTED,No,Possible Minor Injury,"RAIN, SNOW, WET",NOT DISTRACTED,VA,PASSENGER CAR,MOVING CONSTANT SPEED,25,No,2014,HONDA,CIVIC,39.1156525,-77.1708455,2022,2,18
220008153,Injury Crash,02/24/2022 06:05:00 PM,GRAND CHAMPION DR,NA,STRAIGHT MOVEMENT ANGLE,Rain,WET,Medium,STOP SIGN,NONE DETECTED,Yes,No Apparent Injury,"RAIN, SNOW, WET",UNKNOWN,NA,(SPORT) UTILITY VEHICLE,MOVING CONSTANT SPEED,40,No,2017,FORD,ESCAPE,39.1156525,-77.1708455,2022,2,18
220008154,Injury Crash,02/24/2022 06:00:00 PM,FIRST ST,NA,HEAD ON LEFT TURN,Rain,WET,Medium,TRAFFIC SIGNAL,NONE DETECTED,Yes,Possible Minor Injury,"SLEET, HAIL, FREEZ. RAIN, WET",LOOKED BUT DID NOT SEE,MD,PASSENGER CAR,MOVING CONSTANT SPEED,40,No,2011,VW,GOLF,39.084635,-77.13624333,2022,2,18
220008154,Injury Crash,02/24/2022 06:00:00 PM,FIRST ST,NA,HEAD ON LEFT TURN,Rain,WET,Medium,TRAFFIC SIGNAL,NONE DETECTED,No,Possible Minor Injury,"SLEET, HAIL, FREEZ. RAIN, WET",NOT DISTRACTED,PA,PASSENGER CAR,MAKING LEFT TURN,40,No,2013,JEEP,CHEROKEE,39.084635,-77.13624333,2022,2,18
220008138,Property Damage Crash,02/24/2022 04:30:00 PM,WATKINS MILL RD,NA,SINGLE VEHICLE,Rain,WET,Daylight,NO CONTROLS,NONE DETECTED,Yes,No Apparent Injury,"RAIN, SNOW, WET",NOT DISTRACTED,MD,PASSENGER CAR,MOVING CONSTANT SPEED,35,No,2016,JEEP,CHEROKEE,39.1898475,-77.22089133,2022,2,16
220008127,Injury Crash,02/24/2022 03:45:00 PM,E JEFFERSON ST,NA,HEAD ON LEFT TURN,Rain,WET,Daylight,TRAFFIC SIGNAL,NONE DETECTED,No,No Apparent Injury,"SLEET, HAIL, FREEZ. RAIN, WET",NOT DISTRACTED,VA,PASSENGER CAR,MOVING CONSTANT SPEED,35,No,2006,NISSAN,SENTRA,39.08231333,-77.14896833,2022,2,15
220008127,Injury Crash,02/24/2022 03:45:00 PM,E JEFFERSON ST,NA,HEAD ON LEFT TURN,Rain,WET,Daylight,TRAFFIC SIGNAL,NONE DETECTED,Yes,No Apparent Injury,"SLEET, HAIL, FREEZ. RAIN, WET",LOOKED BUT DID NOT SEE,MD,TRANSIT BUS,MAKING LEFT TURN,35,No,2019,GILLIG,BUS,39.08231333,-77.14896833,2022,2,15
220008288,Property Damage Crash,02/24/2022 03:19:00 PM,NA,NA,SINGLE VEHICLE,Rain,NA,Daylight,NO CONTROLS,NONE DETECTED,Yes,No Apparent Injury,"RAIN, SNOW, WET",UNKNOWN,MD,PICKUP TRUCK,MOVING CONSTANT SPEED,15,No,2005,FORD,E350,39.09032,-77.04435667,2022,2,15
220008098,Property Damage Crash,02/24/2022 12:43:00 PM,SHADY GROVE RD,NA,OTHER,Rain,WET,Daylight,TRAFFIC SIGNAL,NONE DETECTED,Yes,No Apparent Injury,N/A,LOOKED BUT DID NOT SEE,MD,PASSENGER CAR,MAKING U TURN,35,No,2009,TOYOTA,COROLLA,39.09702295,-77.1946718,2022,2,12
220008098,Property Damage Crash,02/24/2022 12:43:00 PM,SHADY GROVE RD,NA,OTHER,Rain,WET,Daylight,TRAFFIC SIGNAL,NONE DETECTED,No,No Apparent Injury,N/A,NOT DISTRACTED,MD,PASSENGER CAR,MOVING CONSTANT SPEED,35,No,2016,CHEVROLET,CRUZE,39.09702295,-77.1946718,2022,2,12
220008083,Property Damage Crash,02/24/2022 11:00:00 AM,ASTON MANOR DR,NA,SAME DIRECTION SIDESWIPE,Cloudy,WET,Daylight,N/A,NONE DETECTED,Yes,No Apparent Injury,N/A,NOT DISTRACTED,NA,(SPORT) UTILITY VEHICLE,MOVING CONSTANT SPEED,30,No,2016,FORD,ESCAPE,39.08251333,-76.936308,2022,2,11
220008077,Injury Crash,02/24/2022 10:33:00 AM,S FREDERICK RD,NA,SAME DIR REAR END,Rain,WET,Daylight,TRAFFIC SIGNAL,NONE DETECTED,No,Possible Minor Injury,"RAIN, SNOW, WET",NOT DISTRACTED,MD,PASSENGER CAR,STOPPED IN TRAFFIC LANE,30,No,2020,CHEV,TU,39.13227473,-77.18916508,2022,2,10
220008077,Injury Crash,02/24/2022 10:33:00 AM,S FREDERICK RD,NA,SAME DIR REAR END,Rain,WET,Daylight,TRAFFIC SIGNAL,NONE DETECTED,Yes,No Apparent Injury,"RAIN, SNOW, WET",NOT DISTRACTED,MD,PASSENGER CAR,SLOWING OR STOPPING,30,No,2016,RAM,VN,39.13227473,-77.18916508,2022,2,10
220008076,Injury Crash,02/24/2022 10:26:00 AM,BATCHELLORS FOREST RD,NA,SINGLE VEHICLE,Rain,WET,Daylight,N/A,NONE DETECTED,Yes,Possible Minor Injury,N/A,UNKNOWN,DC,PASSENGER CAR,MOVING CONSTANT SPEED,25,No,2013,HYUNDAI,ELANTRA,39.12338833,-77.07095,2022,2,10
220008069,Property Damage Crash,02/24/2022 09:08:00 AM,SPRING ST,NA,SAME DIRECTION SIDESWIPE,Cloudy,DRY,Daylight,NO CONTROLS,NONE DETECTED,Yes,No Apparent Injury,N/A,UNKNOWN,DC,TRANSIT BUS,CHANGING LANES,35,No,2013,TBU,BUS,38.99955356,-77.02799426,2022,2,9
220008069,Property Damage Crash,02/24/2022 09:08:00 AM,SPRING ST,NA,SAME DIRECTION SIDESWIPE,Cloudy,DRY,Daylight,NO CONTROLS,NONE DETECTED,No,No Apparent Injury,N/A,UNKNOWN,MD,PASSENGER CAR,SLOWING OR STOPPING,15,No,2006,HONDA,ODYSSEY,38.99955356,-77.02799426,2022,2,9
220008056,Injury Crash,02/24/2022 08:29:00 AM,EAST WEST HWY,NA,HEAD ON LEFT TURN,Rain,WET,Daylight,TRAFFIC SIGNAL,NONE DETECTED,Yes,No Apparent Injury,"N/A, WET",LOOKED BUT DID NOT SEE,MD,PASSENGER CAR,MAKING LEFT TURN,35,No,2007,LEXUS,RX400,38.99376667,-77.05225667,2022,2,8
220008056,Injury Crash,02/24/2022 08:29:00 AM,EAST WEST HWY,NA,HEAD ON LEFT TURN,Rain,WET,Daylight,TRAFFIC SIGNAL,NONE DETECTED,No,Possible Minor Injury,"N/A, WET",NOT DISTRACTED,MD,PASSENGER CAR,MOVING CONSTANT SPEED,30,No,2007,TOYTA,HIGHLANDER,38.99376667,-77.05225667,2022,2,8
220008052,Injury Crash,02/24/2022 07:41:00 AM,LOCKWOOD DR,NA,SAME DIR REAR END,Cloudy,DRY,Daylight,OTHER,NONE DETECTED,Yes,No Apparent Injury,N/A,UNKNOWN,MD,PASSENGER CAR,SLOWING OR STOPPING,30,No,2006,CHEVROLET,EQUINOX,39.04151833,-76.98286,2022,2,7
220008052,Injury Crash,02/24/2022 07:41:00 AM,LOCKWOOD DR,NA,SAME DIR REAR END,Cloudy,DRY,Daylight,OTHER,NONE DETECTED,No,Possible Minor Injury,N/A,NOT DISTRACTED,MD,PASSENGER CAR,SLOWING OR STOPPING,30,No,2020,FORD,ESCAPE,39.04151833,-76.98286,2022,2,7
220008050,Property Damage Crash,02/24/2022 07:13:00 AM,NA,NA,OTHER,Clear,NA,Medium,NO CONTROLS,NONE DETECTED,Yes,No Apparent Injury,N/A,LOOKED BUT DID NOT SEE,MD,PICKUP TRUCK,BACKING,20,No,2012,DODGE,RAM 5500,39.03630667,-77.14711167,2022,2,7
220008497,Property Damage Crash,02/24/2022 04:06:00 AM,DURANT ST,NA,SINGLE VEHICLE,Clear,DRY,Dark,N/A,NONE DETECTED,Yes,No Apparent Injury,N/A,LOOKED BUT DID NOT SEE,MD,AMBULANCE/EMERGENCY,BACKING,25,No,2020,FRHT AM,EMG,39.10660877,-76.97172821,2022,2,4
220008285,Injury Crash,02/23/2022 11:30:00 PM,NA,PEDESTRIAN,N/A,Clear,NA,Medium,NO CONTROLS,NONE DETECTED,Yes,No Apparent Injury,N/A,NOT DISTRACTED,NA,NA,MOVING CONSTANT SPEED,5,No,0,UNKNOWN,UNKNOWN,39.18853182,-77.16383449,2022,2,23
220008008,Injury Crash,02/23/2022 07:20:00 PM,FIELDS RD,NA,SAME DIRECTION SIDESWIPE,Clear,DRY,Medium,NO CONTROLS,NONE DETECTED,No,Possible Minor Injury,N/A,NOT DISTRACTED,MD,MOTORCYCLE,MOVING CONSTANT SPEED,35,No,2003,YAHMAHA,MC,39.11635413,-77.20658422,2022,2,19
220008008,Injury Crash,02/23/2022 07:20:00 PM,FIELDS RD,NA,SAME DIRECTION SIDESWIPE,Clear,DRY,Medium,NO CONTROLS,NONE DETECTED,Yes,No Apparent Injury,N/A,LOOKED BUT DID NOT SEE,MD,PASSENGER CAR,MOVING CONSTANT SPEED,35,No,2017,HYUNDAI,ELANTRA,39.11635413,-77.20658422,2022,2,19
220009222,Property Damage Crash,02/23/2022 07:00:00 PM,NA,NA,SINGLE VEHICLE,Clear,NA,Medium,NO CONTROLS,NONE DETECTED,Yes,No Apparent Injury,N/A,NO DRIVER PRESENT,MD,(SPORT) UTILITY VEHICLE,OTHER,0,No,2013,NISSAN,PATHFINDER,38.96506716,-77.10471475,2022,2,19
220008000,Injury Crash,02/23/2022 06:21:00 PM,MUDDY BRANCH RD,NA,HEAD ON LEFT TURN,Clear,DRY,Medium,TRAFFIC SIGNAL,NONE DETECTED,Yes,Possible Minor Injury,N/A,LOOKED BUT DID NOT SEE,MD,PASSENGER CAR,MAKING LEFT TURN,45,No,2003,HOND,TK,39.12618064,-77.21143202,2022,2,18
220008000,Injury Crash,02/23/2022 06:21:00 PM,MUDDY BRANCH RD,NA,HEAD ON LEFT TURN,Clear,DRY,Medium,TRAFFIC SIGNAL,NONE DETECTED,No,No Apparent Injury,N/A,NOT DISTRACTED,MD,PASSENGER CAR,MOVING CONSTANT SPEED,45,No,2002,HOND,UT,39.12618064,-77.21143202,2022,2,18
220009059,Injury Crash,02/23/2022 04:29:00 PM,GREENCASTLE RD,PEDESTRIAN,SINGLE VEHICLE,Clear,DRY,Daylight,TRAFFIC SIGNAL,NONE DETECTED,Yes,No Apparent Injury,N/A,UNKNOWN,NA,NA,MAKING LEFT TURN,55,No,0,UNKNOWN,UNKNOWN,39.09563444,-76.93811154,2022,2,16
220007984,Property Damage Crash,02/23/2022 03:30:00 PM,JOHNSON AVE,NA,OTHER,Clear,N/A,Daylight,NO CONTROLS,NONE DETECTED,Yes,No Apparent Injury,N/A,INATTENTIVE OR LOST IN THOUGHT,MD,SCHOOL BUS,MOVING CONSTANT SPEED,20,No,2012,THOM,BUS,39.00506026,-77.12113658,2022,2,15
220007964,Injury Crash,02/23/2022 03:26:00 PM,N WASHINGTON ST,PEDESTRIAN,OTHER,Clear,DRY,Daylight,TRAFFIC SIGNAL,NONE DETECTED,Yes,No Apparent Injury,N/A,NOT DISTRACTED,VA,PASSENGER CAR,MAKING LEFT TURN,30,No,2015,ACURA,TLX,39.08850983,-77.1536315,2022,2,15
220007965,Property Damage Crash,02/23/2022 03:18:00 PM,ASTON MANOR DR,NA,OTHER,Clear,DRY,Daylight,NO CONTROLS,NONE DETECTED,Yes,No Apparent Injury,N/A,UNKNOWN,NA,MOTORCYCLE,ACCELERATING,25,No,2007,SUZUKI,GSX R600,39.080667,-76.936362,2022,2,15
220007951,Injury Crash,02/23/2022 02:14:00 PM,RIDGE RD,PEDESTRIAN,STRAIGHT MOVEMENT ANGLE,Clear,DRY,Daylight,NO CONTROLS,NONE DETECTED,No,No Apparent Injury,N/A,NOT DISTRACTED,MD,VAN,MOVING CONSTANT SPEED,40,No,2000,CHEVROLET,EXPRESS VAN G35,39.28011119,-77.21175433,2022,2,14
220007942,Injury Crash,02/23/2022 01:30:00 PM,SANDY SPRING RD,NA,ANGLE MEETS RIGHT TURN,Clear,DRY,Daylight,NO CONTROLS,NONE DETECTED,Yes,Possible Minor Injury,N/A,LOOKED BUT DID NOT SEE,MD,PASSENGER CAR,MAKING RIGHT TURN,35,No,2019,TOYT,4S,39.10578167,-76.91094167,2022,2,13
220007942,Injury Crash,02/23/2022 01:30:00 PM,SANDY SPRING RD,NA,ANGLE MEETS RIGHT TURN,Clear,DRY,Daylight,NO CONTROLS,NONE DETECTED,No,No Apparent Injury,N/A,NOT DISTRACTED,MD,PASSENGER CAR,MOVING CONSTANT SPEED,35,No,2018,LEXS,SD,39.10578167,-76.91094167,2022,2,13
220007928,Property Damage Crash,02/23/2022 12:04:00 PM,OLD GEORGETOWN RD,NA,STRAIGHT MOVEMENT ANGLE,Clear,DRY,Daylight,STOP SIGN,NONE DETECTED,No,No Apparent Injury,N/A,NOT DISTRACTED,PA,"OTHER LIGHT TRUCKS (10,000LBS (4,536KG) OR LESS)",MOVING CONSTANT SPEED,30,No,2019,FRHT,TK,38.99508833,-77.10893333,2022,2,12
220007928,Property Damage Crash,02/23/2022 12:04:00 PM,OLD GEORGETOWN RD,NA,STRAIGHT MOVEMENT ANGLE,Clear,DRY,Daylight,STOP SIGN,NONE DETECTED,Yes,No Apparent Injury,N/A,OTHER DISTRACTION,MD,PASSENGER CAR,MAKING RIGHT TURN,30,No,2005,HONDA,ACCORD,38.99508833,-77.10893333,2022,2,12
220007892,Property Damage Crash,02/23/2022 08:18:00 AM,OLNEY LAYTONSVILLE RD,NA,SAME DIR REAR END,Cloudy,WET,Daylight,TRAFFIC SIGNAL,NONE DETECTED,Yes,No Apparent Injury,"N/A, WET",NOT DISTRACTED,MD,PASSENGER CAR,SLOWING OR STOPPING,40,No,2004,TOYOTA,COROLLA,39.15984167,-77.07717667,2022,2,8
220007892,Property Damage Crash,02/23/2022 08:18:00 AM,OLNEY LAYTONSVILLE RD,NA,SAME DIR REAR END,Cloudy,WET,Daylight,TRAFFIC SIGNAL,NONE DETECTED,No,No Apparent Injury,"N/A, WET",NOT DISTRACTED,MD,PASSENGER CAR,SLOWING OR STOPPING,40,No,2010,TOYOTA,COROLLA,39.15984167,-77.07717667,2022,2,8
220007891,Property Damage Crash,02/23/2022 07:50:00 AM,E RANDOLPH RD,NA,SAME DIR REAR END,Cloudy,WET,Daylight,NO CONTROLS,NONE DETECTED,Yes,No Apparent Injury,"N/A, WET",NOT DISTRACTED,MD,PASSENGER CAR,MOVING CONSTANT SPEED,40,No,2010,HONDA,CIVIC,39.06542867,-76.979191,2022,2,7
220007888,Property Damage Crash,02/23/2022 07:50:00 AM,W WATKINS MILL RD,NA,STRAIGHT MOVEMENT ANGLE,Rain,WET,Daylight,TRAFFIC SIGNAL,NONE DETECTED,Yes,No Apparent Injury,"N/A, WET",NOT DISTRACTED,MD,PASSENGER CAR,MOVING CONSTANT SPEED,30,No,2021,HONDA,CIVIC,39.15663833,-77.22456167,2022,2,7
220007888,Property Damage Crash,02/23/2022 07:50:00 AM,W WATKINS MILL RD,NA,STRAIGHT MOVEMENT ANGLE,Rain,WET,Daylight,TRAFFIC SIGNAL,NONE DETECTED,No,No Apparent Injury,"N/A, WET",NOT DISTRACTED,MD,PASSENGER CAR,STARTING FROM LANE,30,No,2016,HYUN,4S,39.15663833,-77.22456167,2022,2,7
220007891,Property Damage Crash,02/23/2022 07:50:00 AM,E RANDOLPH RD,NA,SAME DIR REAR END,Cloudy,WET,Daylight,NO CONTROLS,NONE DETECTED,No,No Apparent Injury,"N/A, WET",NOT DISTRACTED,MD,PICKUP TRUCK,STOPPED IN TRAFFIC LANE,40,No,2015,CHEVY,1500,39.06542867,-76.979191,2022,2,7
220007872,Property Damage Crash,02/23/2022 01:38:00 AM,BROADBIRCH DR,NA,SINGLE VEHICLE,Clear,WET,Medium,N/A,NONE DETECTED,Yes,No Apparent Injury,"N/A, WET",NOT DISTRACTED,MD,POLICE VEHICLE/NON EMERGENCY,MOVING CONSTANT SPEED,30,No,2010,FORD,CROWN VICTORIA,39.05549833,-76.95963,2022,2,1
220007868,Property Damage Crash,02/22/2022 10:34:00 PM,CLOPPER RD,NA,STRAIGHT MOVEMENT ANGLE,Clear,WET,Medium,TRAFFIC SIGNAL,ALCOHOL PRESENT,Yes,No Apparent Injury,"N/A, WET",NOT DISTRACTED,MD,PASSENGER CAR,MOVING CONSTANT SPEED,45,No,2004,TOYOTA,COROLLA,39.16229667,-77.28215667,2022,2,22
220007868,Property Damage Crash,02/22/2022 10:34:00 PM,CLOPPER RD,NA,STRAIGHT MOVEMENT ANGLE,Clear,WET,Medium,TRAFFIC SIGNAL,NONE DETECTED,No,No Apparent Injury,"N/A, WET",NOT DISTRACTED,MD,PICKUP TRUCK,MOVING CONSTANT SPEED,45,No,2004,GMC,SIERRA,39.16229667,-77.28215667,2022,2,22
220007852,Property Damage Crash,02/22/2022 07:15:00 PM,NEW HAMPSHIRE AVE,NA,SINGLE VEHICLE,Windy,WET,Dark,NO CONTROLS,NONE DETECTED,No,No Apparent Injury,"N/A, WET",NOT DISTRACTED,MD,PASSENGER CAR,MOVING CONSTANT SPEED,40,No,2017,HYUNDAI,IONIQ,39.16814833,-77.01621167,2022,2,19
22007848,Property Damage Crash,02/22/2022 06:35:00 PM,OLD HUNDRED RD,NA,SINGLE VEHICLE,Rain,WET,Dark,NO CONTROLS,ALCOHOL PRESENT,Yes,No Apparent Injury,"RAIN, SNOW, WET",NOT DISTRACTED,MD,STATION WAGON,MOVING CONSTANT SPEED,40,No,1988,VOLVO,4H,39.25241333,-77.34614833,2022,2,18
220007846,Property Damage Crash,02/22/2022 06:35:00 PM,COLUMBIA PIKE,NA,SAME DIR REAR END,Clear,WET,Medium,TRAFFIC SIGNAL,NONE DETECTED,No,No Apparent Injury,"N/A, WET",NOT DISTRACTED,DC,PASSENGER CAR,SLOWING OR STOPPING,50,No,2009,HONDA,CIVIC,39.09413,-76.93894183,2022,2,18
220007846,Property Damage Crash,02/22/2022 06:35:00 PM,COLUMBIA PIKE,NA,SAME DIR REAR END,Clear,WET,Medium,TRAFFIC SIGNAL,NONE DETECTED,Yes,No Apparent Injury,"N/A, WET",NOT DISTRACTED,MD,PASSENGER CAR,MOVING CONSTANT SPEED,50,No,2002,TOYOTA,COROLLA,39.09413,-76.93894183,2022,2,18
220007840,Property Damage Crash,02/22/2022 06:25:00 PM,CADDINGTON AVE,NA,STRAIGHT MOVEMENT ANGLE,Clear,WET,Medium,TRAFFIC SIGNAL,NONE DETECTED,Yes,No Apparent Injury,"N/A, WET",OTHER DISTRACTION,MD,PASSENGER CAR,MOVING CONSTANT SPEED,35,No,2021,NISSAN,SD,39.03362767,-77.023657,2022,2,18
220007840,Property Damage Crash,02/22/2022 06:25:00 PM,CADDINGTON AVE,NA,STRAIGHT MOVEMENT ANGLE,Clear,WET,Medium,TRAFFIC SIGNAL,NONE DETECTED,No,No Apparent Injury,"N/A, WET",NOT DISTRACTED,MD,PASSENGER CAR,MAKING LEFT TURN,35,No,2019,BMW,PCV,39.03362767,-77.023657,2022,2,18
220007842,Property Damage Crash,02/22/2022 06:06:00 PM,FREDERICK RD,NA,STRAIGHT MOVEMENT ANGLE,Clear,DRY,Medium,NO CONTROLS,NONE DETECTED,Yes,No Apparent Injury,N/A,NOT DISTRACTED,MD,PASSENGER CAR,MAKING RIGHT TURN,35,No,2012,TOYOTA,SIENNA,39.10611167,-77.157735,2022,2,18
220007842,Property Damage Crash,02/22/2022 06:06:00 PM,FREDERICK RD,NA,STRAIGHT MOVEMENT ANGLE,Clear,DRY,Medium,NO CONTROLS,NONE DETECTED,No,No Apparent Injury,N/A,NOT DISTRACTED,MD,"CARGO VAN/LIGHT TRUCK 2 AXLES (OVER 10,000LBS (4,536 KG))",MOVING CONSTANT SPEED,35,No,2005,NISS,BOX TRUCK,39.10611167,-77.157735,2022,2,18
220007841,Property Damage Crash,02/22/2022 06:00:00 PM,N WASHINGTON ST,PEDESTRIAN,SINGLE VEHICLE,Cloudy,WET,Medium,TRAFFIC SIGNAL,NONE DETECTED,Yes,No Apparent Injury,"N/A, WET",LOOKED BUT DID NOT SEE,MD,PASSENGER CAR,MAKING LEFT TURN,25,No,2018,HOND,TK,39.084364,-77.15278617,2022,2,18
220007822,Property Damage Crash,02/22/2022 04:15:00 PM,NA,NA,SAME DIR REAR END,Rain,NA,Daylight,N/A,NONE DETECTED,No,No Apparent Injury,N/A,NOT DISTRACTED,MD,SCHOOL BUS,PARKED,10,No,2011,THOMAS,SCHOOL BUS,39.04336575,-77.01682291,2022,2,16
220007822,Property Damage Crash,02/22/2022 04:15:00 PM,NA,NA,SAME DIR REAR END,Rain,NA,Daylight,N/A,NONE DETECTED,Yes,No Apparent Injury,N/A,NOT DISTRACTED,MD,SCHOOL BUS,STARTING FROM PARKED,10,No,2022,THOMAS,SCHOOL BUS,39.04336575,-77.01682291,2022,2,16
220007813,Property Damage Crash,02/22/2022 03:53:00 PM,FALLS RD,NA,STRAIGHT MOVEMENT ANGLE,Rain,WET,Daylight,NO CONTROLS,NONE DETECTED,Yes,No Apparent Injury,"N/A, WET",UNKNOWN,MD,PASSENGER CAR,MAKING LEFT TURN,25,No,2019,MITSUBISHI,OUTLANDER,39.07148483,-77.16720283,2022,2,15
220007813,Property Damage Crash,02/22/2022 03:53:00 PM,FALLS RD,NA,STRAIGHT MOVEMENT ANGLE,Rain,WET,Daylight,NO CONTROLS,NONE DETECTED,No,No Apparent Injury,"N/A, WET",NOT DISTRACTED,MD,PASSENGER CAR,MOVING CONSTANT SPEED,35,No,2021,CHEVROLET,EQUINOX,39.07148483,-77.16720283,2022,2,15
220007809,Property Damage Crash,02/22/2022 03:35:00 PM,GIRARD ST,NA,SAME DIRECTION SIDESWIPE,Clear,DRY,Daylight,N/A,NONE DETECTED,Unknown,No Apparent Injury,N/A,UNKNOWN,MD,PASSENGER CAR,MOVING CONSTANT SPEED,25,No,2017,DODG,TK,39.14654204,-77.18488786,2022,2,15
220007809,Property Damage Crash,02/22/2022 03:35:00 PM,GIRARD ST,NA,SAME DIRECTION SIDESWIPE,Clear,DRY,Daylight,N/A,NONE DETECTED,Unknown,No Apparent Injury,N/A,NOT DISTRACTED,MD,TRANSIT BUS,MOVING CONSTANT SPEED,25,No,2014,GILLIG,BUS,39.14654204,-77.18488786,2022,2,15
220007805,Property Damage Crash,02/22/2022 03:24:00 PM,ROCKVILLE PIKE,NA,SAME DIR REAR END,Rain,WET,Daylight,NO CONTROLS,NONE DETECTED,No,No Apparent Injury,"RAIN, SNOW, WET",NOT DISTRACTED,MD,PASSENGER CAR,MOVING CONSTANT SPEED,30,No,2016,HONDA,CRV,39.07348223,-77.13437048,2022,2,15
220007805,Property Damage Crash,02/22/2022 03:24:00 PM,ROCKVILLE PIKE,NA,SAME DIR REAR END,Rain,WET,Daylight,NO CONTROLS,NONE DETECTED,Yes,No Apparent Injury,"RAIN, SNOW, WET",DISTRACTED BY OUTSIDE PERSON OBJECT OR EVENT,MD,PASSENGER CAR,MOVING CONSTANT SPEED,30,No,2013,TOYT,4S,39.07348223,-77.13437048,2022,2,15
220007800,Property Damage Crash,02/22/2022 02:53:00 PM,DETRICK AVE,NA,STRAIGHT MOVEMENT ANGLE,Rain,WET,Daylight,STOP SIGN,NONE DETECTED,Yes,No Apparent Injury,"RAIN, SNOW, WET",UNKNOWN,MD,PASSENGER CAR,ACCELERATING,25,No,2021,TOYOTA,CAMRY,39.02773324,-77.0779612,2022,2,14
220007800,Property Damage Crash,02/22/2022 02:53:00 PM,DETRICK AVE,NA,STRAIGHT MOVEMENT ANGLE,Rain,WET,Daylight,STOP SIGN,NONE DETECTED,No,No Apparent Injury,"RAIN, SNOW, WET",NOT DISTRACTED,MD,VAN,MOVING CONSTANT SPEED,35,No,2013,TOYOTA,VAN,39.02773324,-77.0779612,2022,2,14
220007773,Injury Crash,02/22/2022 02:07:00 PM,COLUMBIA PIKE,NA,SAME DIR REAR END,Rain,WET,Daylight,TRAFFIC SIGNAL,NONE DETECTED,No,Possible Minor Injury,"RAIN, SNOW, WET",NOT DISTRACTED,MD,(SPORT) UTILITY VEHICLE,SLOWING OR STOPPING,50,No,2016,TOYT,HIGHLANDER,39.05670667,-76.97046333,2022,2,14
220007773,Injury Crash,02/22/2022 02:07:00 PM,COLUMBIA PIKE,NA,SAME DIR REAR END,Rain,WET,Daylight,TRAFFIC SIGNAL,NONE DETECTED,Yes,No Apparent Injury,"RAIN, SNOW, WET",NOT DISTRACTED,MD,PASSENGER CAR,SLOWING OR STOPPING,50,No,2010,TOYT,PRIUS,39.05670667,-76.97046333,2022,2,14
220007774,Property Damage Crash,02/22/2022 02:04:00 PM,JONES BRIDGE RD,NA,SAME DIR REAR END,Rain,WET,Daylight,TRAFFIC SIGNAL,NONE DETECTED,Yes,No Apparent Injury,"RAIN, SNOW, WET",UNKNOWN,DC,VAN,MOVING CONSTANT SPEED,35,No,2016,DODGE,CARAVAN,38.99977346,-77.08484911,2022,2,14
220007774,Property Damage Crash,02/22/2022 02:04:00 PM,JONES BRIDGE RD,NA,SAME DIR REAR END,Rain,WET,Daylight,TRAFFIC SIGNAL,NONE DETECTED,No,No Apparent Injury,"RAIN, SNOW, WET",NOT DISTRACTED,AK,VAN,SLOWING OR STOPPING,35,No,2019,HONDA,VAN,38.99977346,-77.08484911,2022,2,14
220007769,Property Damage Crash,02/22/2022 01:51:00 PM,NEW HAMPSHIRE AVE,NA,SAME DIRECTION SIDESWIPE,Rain,WET,Daylight,NO CONTROLS,NONE DETECTED,No,No Apparent Injury,"RAIN, SNOW, WET",NOT DISTRACTED,MD,PICKUP TRUCK,MOVING CONSTANT SPEED,30,No,2004,CHEV,TK,38.98477883,-76.98808883,2022,2,13
220007769,Property Damage Crash,02/22/2022 01:51:00 PM,NEW HAMPSHIRE AVE,NA,SAME DIRECTION SIDESWIPE,Rain,WET,Daylight,NO CONTROLS,NONE DETECTED,Yes,No Apparent Injury,"RAIN, SNOW, WET",LOOKED BUT DID NOT SEE,MD,PASSENGER CAR,LEAVING TRAFFIC LANE,30,No,2018,NISSAN,SENTRA,38.98477883,-76.98808883,2022,2,13
220007768,Property Damage Crash,02/22/2022 01:25:00 PM,ODENDHAL AVE,NA,SAME DIRECTION RIGHT TURN,Rain,WET,Daylight,TRAFFIC SIGNAL,NONE DETECTED,No,No Apparent Injury,"RAIN, SNOW, WET",NOT DISTRACTED,MD,TRANSIT BUS,MOVING CONSTANT SPEED,35,No,2017,GILLIG,BUS,39.150734,-77.204441,2022,2,13
220007768,Property Damage Crash,02/22/2022 01:25:00 PM,ODENDHAL AVE,NA,SAME DIRECTION RIGHT TURN,Rain,WET,Daylight,TRAFFIC SIGNAL,NONE DETECTED,Yes,No Apparent Injury,"RAIN, SNOW, WET",NOT DISTRACTED,MD,PASSENGER CAR,MAKING RIGHT TURN,35,No,2020,NISS,SENTRA,39.150734,-77.204441,2022,2,13
220007757,Injury Crash,02/22/2022 12:24:00 PM,MAPLE AVE,NA,SAME DIR REAR END,Rain,WET,Daylight,NO CONTROLS,NONE DETECTED,No,No Apparent Injury,N/A,NOT DISTRACTED,DC,(SPORT) UTILITY VEHICLE,PARKED,25,No,2012,FORD,ESCAPE,38.9841135,-77.00506883,2022,2,12
220007757,Injury Crash,02/22/2022 12:24:00 PM,MAPLE AVE,NA,SAME DIR REAR END,Rain,WET,Daylight,NO CONTROLS,NONE DETECTED,Yes,No Apparent Injury,N/A,NOT DISTRACTED,MD,PASSENGER CAR,MOVING CONSTANT SPEED,25,No,2003,MAZDA,PROTEGE,38.9841135,-77.00506883,2022,2,12
220007754,Property Damage Crash,02/22/2022 12:04:00 PM,RANDOLPH RD,NA,STRAIGHT MOVEMENT ANGLE,Cloudy,DRY,Daylight,TRAFFIC SIGNAL,NONE DETECTED,No,No Apparent Injury,N/A,NOT DISTRACTED,MD,PASSENGER CAR,MOVING CONSTANT SPEED,35,No,2001,ACURA,TL,39.05353,-77.08958167,2022,2,12
220007754,Property Damage Crash,02/22/2022 12:04:00 PM,RANDOLPH RD,NA,STRAIGHT MOVEMENT ANGLE,Cloudy,DRY,Daylight,TRAFFIC SIGNAL,NONE DETECTED,Yes,No Apparent Injury,N/A,NOT DISTRACTED,MD,PASSENGER CAR,MOVING CONSTANT SPEED,20,No,2017,NISSAN,ROGUE,39.05353,-77.08958167,2022,2,12