Local Case Number,ACRS Report Type,Crash Date/Time,Road Name,Related Non-Motorist,Collision Type,Weather,Surface Condition,Light,Traffic Control,Driver Substance Abuse,Driver At Fault,Injury Severity,Circumstance,Driver Distracted By,Drivers License State,Vehicle Body Type,Vehicle Movement,Speed Limit,Driverless Vehicle,Vehicle Year,Vehicle Make,Vehicle Model,Latitude,Longitude,Year,Month,Hour
220007740,Injury Crash,02/22/2022 10:57:00 AM,ROCKVILLE PIKE,NA,SAME DIR REAR END,Rain,WET,Daylight,TRAFFIC SIGNAL,NONE DETECTED,Yes,No Apparent Injury,"RAIN, SNOW, WET",NOT DISTRACTED,FL,PASSENGER CAR,SLOWING OR STOPPING,35,No,2011,MERCEDES,ML350,38.99183783,-77.097849,2022,2,10
220007740,Injury Crash,02/22/2022 10:57:00 AM,ROCKVILLE PIKE,NA,SAME DIR REAR END,Rain,WET,Daylight,TRAFFIC SIGNAL,NONE DETECTED,No,Possible Minor Injury,"RAIN, SNOW, WET",NOT DISTRACTED,MD,PASSENGER CAR,STOPPED IN TRAFFIC LANE,35,No,2020,TESLA,3,38.99183783,-77.097849,2022,2,10
220007739,Property Damage Crash,02/22/2022 10:49:00 AM,SHADY GROVE RD,NA,SAME DIRECTION LEFT TURN,Cloudy,DRY,Daylight,TRAFFIC SIGNAL,NONE DETECTED,No,No Apparent Injury,N/A,NOT DISTRACTED,MD,PASSENGER CAR,MAKING LEFT TURN,35,No,2019,KIA,FORTE EX,39.10352233,-77.19107994,2022,2,10
220007739,Property Damage Crash,02/22/2022 10:49:00 AM,SHADY GROVE RD,NA,SAME DIRECTION LEFT TURN,Cloudy,DRY,Daylight,TRAFFIC SIGNAL,NONE DETECTED,Yes,No Apparent Injury,N/A,INATTENTIVE OR LOST IN THOUGHT,MD,PASSENGER CAR,MAKING LEFT TURN,35,No,2016,NISSAN,MAXIMA,39.10352233,-77.19107994,2022,2,10
220007736,Property Damage Crash,02/22/2022 10:25:00 AM,BRINK RD,NA,SAME DIR REAR END,Cloudy,WET,Daylight,STOP SIGN,NONE DETECTED,No,No Apparent Injury,"N/A, WET",NOT DISTRACTED,MD,"OTHER LIGHT TRUCKS (10,000LBS (4,536KG) OR LESS)",MAKING RIGHT TURN,35,No,2014,MACK,DUMP TRUCK,39.20394167,-77.18717833,2022,2,10
220007736,Property Damage Crash,02/22/2022 10:25:00 AM,BRINK RD,NA,SAME DIR REAR END,Cloudy,WET,Daylight,STOP SIGN,ALCOHOL PRESENT,Yes,No Apparent Injury,"N/A, WET",NOT DISTRACTED,MD,PASSENGER CAR,MOVING CONSTANT SPEED,35,No,2013,VOLVO,S60,39.20394167,-77.18717833,2022,2,10
220007725,Property Damage Crash,02/22/2022 09:50:00 AM,VEIRS MILL RD,NA,SAME DIR REAR END,Clear,DRY,Daylight,NO CONTROLS,NONE DETECTED,Yes,No Apparent Injury,N/A,NOT DISTRACTED,MD,PASSENGER CAR,ACCELERATING,35,No,2010,TOYOTA,CAMRY,39.06436947,-77.09674864,2022,2,9
220007725,Property Damage Crash,02/22/2022 09:50:00 AM,VEIRS MILL RD,NA,SAME DIR REAR END,Clear,DRY,Daylight,NO CONTROLS,NONE DETECTED,No,No Apparent Injury,N/A,NOT DISTRACTED,MD,PASSENGER CAR,MOVING CONSTANT SPEED,35,No,2009,NISSAN,VERSA,39.06436947,-77.09674864,2022,2,9
220007715,Property Damage Crash,02/22/2022 09:16:00 AM,COLESVILLE RD,NA,SAME DIR REAR END,Cloudy,DRY,Daylight,TRAFFIC SIGNAL,NONE DETECTED,No,No Apparent Injury,N/A,NOT DISTRACTED,XX,PASSENGER CAR,SLOWING OR STOPPING,35,No,2012,HONDA,CIVIC,39.02025167,-77.01289833,2022,2,9
220007715,Property Damage Crash,02/22/2022 09:16:00 AM,COLESVILLE RD,NA,SAME DIR REAR END,Cloudy,DRY,Daylight,TRAFFIC SIGNAL,NONE DETECTED,Yes,No Apparent Injury,N/A,LOOKED BUT DID NOT SEE,MD,PASSENGER CAR,MOVING CONSTANT SPEED,35,No,2014,MAZDA,3,39.02025167,-77.01289833,2022,2,9
220007728,Property Damage Crash,02/22/2022 09:00:00 AM,NA,NA,SAME DIR REAR END,Clear,NA,Daylight,N/A,NONE DETECTED,Yes,No Apparent Injury,N/A,UNKNOWN,NA,NA,UNKNOWN,0,Unknown,0,UNKNOWN,UNKNOWN,39.15592343,-77.2211715,2022,2,9
220007728,Property Damage Crash,02/22/2022 09:00:00 AM,NA,NA,SAME DIR REAR END,Clear,NA,Daylight,N/A,NONE DETECTED,No,No Apparent Injury,N/A,NO DRIVER PRESENT,MD,PASSENGER CAR,PARKED,0,No,2019,MITS,4S,39.15592343,-77.2211715,2022,2,9
220007707,Property Damage Crash,02/22/2022 08:30:00 AM,MONTGOMERY VILLAGE AVE,NA,HEAD ON LEFT TURN,Cloudy,DRY,Daylight,TRAFFIC SIGNAL,NONE DETECTED,No,No Apparent Injury,N/A,NOT DISTRACTED,MD,PASSENGER CAR,MOVING CONSTANT SPEED,35,No,2009,TOYT,4S,39.15440647,-77.2093429,2022,2,8
220007707,Property Damage Crash,02/22/2022 08:30:00 AM,MONTGOMERY VILLAGE AVE,NA,HEAD ON LEFT TURN,Cloudy,DRY,Daylight,TRAFFIC SIGNAL,NONE DETECTED,Yes,No Apparent Injury,N/A,LOOKED BUT DID NOT SEE,MD,PASSENGER CAR,MAKING LEFT TURN,35,No,2007,HOND,SW,39.15440647,-77.2093429,2022,2,8
220007710,Injury Crash,02/22/2022 08:10:00 AM,NEEDWOOD RD,NA,SAME DIR REAR END,Cloudy,DRY,Daylight,N/A,NONE DETECTED,No,Possible Minor Injury,N/A,NOT DISTRACTED,MD,PASSENGER CAR,SLOWING OR STOPPING,35,No,2002,FORD,EXPLORER,39.13251923,-77.12192467,2022,2,8
220007710,Injury Crash,02/22/2022 08:10:00 AM,NEEDWOOD RD,NA,SAME DIR REAR END,Cloudy,DRY,Daylight,N/A,NONE DETECTED,Yes,No Apparent Injury,N/A,UNKNOWN,MD,PASSENGER CAR,MOVING CONSTANT SPEED,35,No,2007,DODGE,DURANGO,39.13251923,-77.12192467,2022,2,8
220007705,Property Damage Crash,02/22/2022 07:50:00 AM,COLUMBIA PIKE,NA,SAME DIR REAR END,Clear,DRY,Daylight,TRAFFIC SIGNAL,NONE DETECTED,No,No Apparent Injury,N/A,NOT DISTRACTED,MD,PASSENGER CAR,SLOWING OR STOPPING,35,No,2017,HOND,CRV,39.06304333,-76.963045,2022,2,7
220007705,Property Damage Crash,02/22/2022 07:50:00 AM,COLUMBIA PIKE,NA,SAME DIR REAR END,Clear,DRY,Daylight,TRAFFIC SIGNAL,NONE DETECTED,Yes,No Apparent Injury,N/A,LOOKED BUT DID NOT SEE,MD,PASSENGER CAR,ACCELERATING,25,No,2004,VOLKSWAGON,PASSAT,39.06304333,-76.963045,2022,2,7
220007795,Property Damage Crash,02/22/2022 07:30:00 AM,FALLS CHAPEL WAY,NA,SAME DIR REAR END,Clear,DRY,Daylight,TRAFFIC SIGNAL,NONE DETECTED,Yes,No Apparent Injury,N/A,UNKNOWN,MD,PASSENGER CAR,STOPPED IN TRAFFIC LANE,35,No,2009,HONDA,ACCORD,39.06293306,-77.1765005,2022,2,7
220007795,Property Damage Crash,02/22/2022 07:30:00 AM,FALLS CHAPEL WAY,NA,SAME DIR REAR END,Clear,DRY,Daylight,TRAFFIC SIGNAL,NONE DETECTED,No,No Apparent Injury,N/A,NOT DISTRACTED,MD,POLICE VEHICLE/NON EMERGENCY,SLOWING OR STOPPING,35,No,2016,FORD,TARUS,39.06293306,-77.1765005,2022,2,7
220007702,Property Damage Crash,02/22/2022 07:27:00 AM,GERMANTOWN RD,NA,HEAD ON LEFT TURN,Clear,DRY,Daylight,TRAFFIC SIGNAL,NONE DETECTED,No,No Apparent Injury,N/A,NOT DISTRACTED,MD,PASSENGER CAR,MOVING CONSTANT SPEED,45,No,2014,MERCEDES,CLA250,39.15398,-77.28714333,2022,2,7
220007702,Property Damage Crash,02/22/2022 07:27:00 AM,GERMANTOWN RD,NA,HEAD ON LEFT TURN,Clear,DRY,Daylight,TRAFFIC SIGNAL,NONE DETECTED,Yes,No Apparent Injury,N/A,UNKNOWN,MD,PASSENGER CAR,MOVING CONSTANT SPEED,45,No,2014,HONDA,CIVIC,39.15398,-77.28714333,2022,2,7
220007698,Property Damage Crash,02/22/2022 06:31:00 AM,QUINCE ORCHARD RD,NA,SAME DIR REAR END,Clear,DRY,Medium,TRAFFIC SIGNAL,NONE DETECTED,Yes,No Apparent Injury,N/A,NOT DISTRACTED,MD,PASSENGER CAR,SLOWING OR STOPPING,35,No,2013,HYUN,TUCSON,39.1477412,-77.21839198,2022,2,6
220007698,Property Damage Crash,02/22/2022 06:31:00 AM,QUINCE ORCHARD RD,NA,SAME DIR REAR END,Clear,DRY,Medium,TRAFFIC SIGNAL,NONE DETECTED,No,No Apparent Injury,N/A,NOT DISTRACTED,MD,PASSENGER CAR,STOPPED IN TRAFFIC LANE,35,No,2007,CHEV,UT,39.1477412,-77.21839198,2022,2,6
220007689,Property Damage Crash,02/22/2022 02:11:00 AM,OLD COLUMBIA PIKE,NA,STRAIGHT MOVEMENT ANGLE,Clear,DRY,Medium,FLASHING TRAFFIC SIGNAL,ALCOHOL PRESENT,Yes,No Apparent Injury,N/A,LOOKED BUT DID NOT SEE,MD,PASSENGER CAR,MOVING CONSTANT SPEED,40,No,2019,HONDA,CIVIC,39.07596648,-76.9575538,2022,2,2
220007689,Property Damage Crash,02/22/2022 02:11:00 AM,OLD COLUMBIA PIKE,NA,STRAIGHT MOVEMENT ANGLE,Clear,DRY,Medium,FLASHING TRAFFIC SIGNAL,NONE DETECTED,No,No Apparent Injury,N/A,NOT DISTRACTED,MD,PASSENGER CAR,MOVING CONSTANT SPEED,35,No,1998,MERCEDES,E320,39.07596648,-76.9575538,2022,2,2
220007686,Property Damage Crash,02/22/2022 12:52:00 AM,OLD RANDOLPH RD,NA,SINGLE VEHICLE,Clear,DRY,Dark,NO CONTROLS,NONE DETECTED,Yes,No Apparent Injury,N/A,UNKNOWN,NA,PASSENGER CAR,MOVING CONSTANT SPEED,30,No,2018,VW,JETTA,39.06458167,-77.036425,2022,2,0
220007668,Property Damage Crash,02/21/2022 09:14:00 PM,PLYMOUTH ST,NA,OTHER,Clear,DRY,Medium,NO CONTROLS,ALCOHOL PRESENT,Yes,No Apparent Injury,N/A,OTHER DISTRACTION,MD,PASSENGER CAR,MOVING CONSTANT SPEED,25,No,2001,HONDA,CIVIC,39.03152883,-77.00478267,2022,2,21
220007661,Property Damage Crash,02/21/2022 09:00:00 PM,VEIRS MILL RD,NA,SAME DIRECTION SIDESWIPE,Clear,DRY,Medium,NO CONTROLS,NONE DETECTED,No,No Apparent Injury,N/A,NOT DISTRACTED,MD,TRANSIT BUS,STOPPED IN TRAFFIC LANE,35,No,2016,GILL,BU,39.03959333,-77.05444167,2022,2,21
220007661,Property Damage Crash,02/21/2022 09:00:00 PM,VEIRS MILL RD,NA,SAME DIRECTION SIDESWIPE,Clear,DRY,Medium,NO CONTROLS,NONE DETECTED,Yes,No Apparent Injury,N/A,UNKNOWN,NA,UNKNOWN,MOVING CONSTANT SPEED,35,No,0,UNKNOWN,UNKNOWN,39.03959333,-77.05444167,2022,2,21
220007662,Property Damage Crash,02/21/2022 08:30:00 PM,NA,NA,OTHER,Clear,NA,Medium,NO CONTROLS,NONE DETECTED,No,No Apparent Injury,N/A,NOT DISTRACTED,VA,PASSENGER CAR,PARKED,5,No,2005,TOYOTA,SIENNA,39.07444841,-77.13484255,2022,2,20
220007662,Property Damage Crash,02/21/2022 08:30:00 PM,NA,NA,OTHER,Clear,NA,Medium,NO CONTROLS,NONE DETECTED,Yes,No Apparent Injury,N/A,LOOKED BUT DID NOT SEE,MD,PASSENGER CAR,OTHER,5,No,2003,MERCEDES,4DR,39.07444841,-77.13484255,2022,2,20
220007665,Property Damage Crash,02/21/2022 07:57:00 PM,NEW HAMPSHIRE AVE,NA,SAME DIR REND RIGHT TURN,Clear,DRY,Dark,NO CONTROLS,NONE DETECTED,Yes,No Apparent Injury,N/A,UNKNOWN,NA,(SPORT) UTILITY VEHICLE,MOVING CONSTANT SPEED,40,No,1999,TOYOTA,RAV4,39.07028394,-77.00316979,2022,2,19
220007665,Property Damage Crash,02/21/2022 07:57:00 PM,NEW HAMPSHIRE AVE,NA,SAME DIR REND RIGHT TURN,Clear,DRY,Dark,NO CONTROLS,NONE DETECTED,No,No Apparent Injury,N/A,NOT DISTRACTED,MD,PASSENGER CAR,SLOWING OR STOPPING,40,No,2017,MINI,CN,39.07028394,-77.00316979,2022,2,19
220007646,Property Damage Crash,02/21/2022 07:08:00 PM,UNIVERSITY BLVD E,NA,SAME DIRECTION SIDESWIPE,Clear,DRY,Medium,NO CONTROLS,NONE DETECTED,No,No Apparent Injury,N/A,NOT DISTRACTED,MD,PICKUP TRUCK,MOVING CONSTANT SPEED,35,No,2007,TOYOTA,TACOMA,39.00610167,-76.99775667,2022,2,19
220007646,Property Damage Crash,02/21/2022 07:08:00 PM,UNIVERSITY BLVD E,NA,SAME DIRECTION SIDESWIPE,Clear,DRY,Medium,NO CONTROLS,NONE DETECTED,Yes,No Apparent Injury,N/A,LOOKED BUT DID NOT SEE,PA,AMBULANCE/NON EMERGENCY,CHANGING LANES,35,No,2019,FRHT,TK,39.00610167,-76.99775667,2022,2,19
220007641,Property Damage Crash,02/21/2022 05:36:00 PM,MUDDY BRANCH RD,NA,STRAIGHT MOVEMENT ANGLE,Clear,DRY,Medium,TRAFFIC SIGNAL,NONE DETECTED,No,No Apparent Injury,N/A,NOT DISTRACTED,WI,PASSENGER CAR,MOVING CONSTANT SPEED,40,No,2015,VOLK,JETTA,39.13483452,-77.20572689,2022,2,17
220007641,Property Damage Crash,02/21/2022 05:36:00 PM,MUDDY BRANCH RD,NA,STRAIGHT MOVEMENT ANGLE,Clear,DRY,Medium,TRAFFIC SIGNAL,NONE DETECTED,Yes,No Apparent Injury,N/A,NOT DISTRACTED,MD,PASSENGER CAR,MOVING CONSTANT SPEED,40,No,2005,TOYOTA,NOT KNOWN,39.13483452,-77.20572689,2022,2,17
220007615,Injury Crash,02/21/2022 03:45:00 PM,FALLS RD,NA,SAME DIR REAR END,Clear,DRY,Daylight,TRAFFIC SIGNAL,NONE DETECTED,No,Possible Minor Injury,N/A,NOT DISTRACTED,MD,"OTHER LIGHT TRUCKS (10,000LBS (4,536KG) OR LESS)",STOPPED IN TRAFFIC LANE,35,No,2013,FORD,F150,39.03567333,-77.19427333,2022,2,15
220007612,Property Damage Crash,02/21/2022 03:45:00 PM,ROCKVILLE PIKE,NA,SAME DIR REAR END,Clear,DRY,Daylight,TRAFFIC SIGNAL,NONE DETECTED,No,No Apparent Injury,N/A,NOT DISTRACTED,MD,PASSENGER CAR,SLOWING OR STOPPING,5,No,2011,SUBA,SW,39.08234917,-77.17602367,2022,2,15
220007612,Property Damage Crash,02/21/2022 03:45:00 PM,ROCKVILLE PIKE,NA,SAME DIR REAR END,Clear,DRY,Daylight,TRAFFIC SIGNAL,NONE DETECTED,No,No Apparent Injury,N/A,NOT DISTRACTED,DC,PASSENGER CAR,SLOWING OR STOPPING,5,No,2018,JEEP,4X4,39.08234917,-77.17602367,2022,2,15
220007612,Property Damage Crash,02/21/2022 03:45:00 PM,ROCKVILLE PIKE,NA,SAME DIR REAR END,Clear,DRY,Daylight,TRAFFIC SIGNAL,NONE DETECTED,Yes,No Apparent Injury,N/A,UNKNOWN,NA,UNKNOWN,UNKNOWN,35,No,0,UNKNOWN,UNKNOWN,39.08234917,-77.17602367,2022,2,15
220007615,Injury Crash,02/21/2022 03:45:00 PM,FALLS RD,NA,SAME DIR REAR END,Clear,DRY,Daylight,TRAFFIC SIGNAL,NONE DETECTED,Yes,Possible Minor Injury,N/A,UNKNOWN,MD,PASSENGER CAR,SLOWING OR STOPPING,35,No,2007,HOND,RIDGELINE,39.03567333,-77.19427333,2022,2,15
220007593,Property Damage Crash,02/21/2022 02:10:00 PM,CARROLL AVE,NA,STRAIGHT MOVEMENT ANGLE,Clear,DRY,Daylight,STOP SIGN,NONE DETECTED,Yes,No Apparent Injury,N/A,UNKNOWN,MD,PASSENGER CAR,MOVING CONSTANT SPEED,30,No,2022,TOYT,UT,38.99537167,-76.99237167,2022,2,14
220007593,Property Damage Crash,02/21/2022 02:10:00 PM,CARROLL AVE,NA,STRAIGHT MOVEMENT ANGLE,Clear,DRY,Daylight,STOP SIGN,NONE DETECTED,No,No Apparent Injury,N/A,NOT DISTRACTED,MD,PASSENGER CAR,MOVING CONSTANT SPEED,30,No,2002,TOYT,TK,38.99537167,-76.99237167,2022,2,14
220007594,Property Damage Crash,02/21/2022 01:34:00 PM,MAPLE AVE,NA,STRAIGHT MOVEMENT ANGLE,Clear,DRY,Daylight,NO CONTROLS,NONE DETECTED,Unknown,No Apparent Injury,N/A,NOT DISTRACTED,MD,PASSENGER CAR,MOVING CONSTANT SPEED,20,No,2006,VOLVO,SD,38.98305667,-77.00707283,2022,2,13
220007594,Property Damage Crash,02/21/2022 01:34:00 PM,MAPLE AVE,NA,STRAIGHT MOVEMENT ANGLE,Clear,DRY,Daylight,NO CONTROLS,NONE DETECTED,Unknown,No Apparent Injury,N/A,NOT DISTRACTED,MD,PASSENGER CAR,ACCELERATING,5,No,2016,TOYOTA,COROLLA,38.98305667,-77.00707283,2022,2,13
220007586,Property Damage Crash,02/21/2022 01:30:00 PM,CHERRY HILL RD,NA,STRAIGHT MOVEMENT ANGLE,Clear,DRY,Daylight,TRAFFIC SIGNAL,NONE DETECTED,No,No Apparent Injury,N/A,NOT DISTRACTED,MD,(SPORT) UTILITY VEHICLE,MOVING CONSTANT SPEED,30,No,2017,PORSCHE,MACAN S,39.05614167,-76.95439,2022,2,13
220007586,Property Damage Crash,02/21/2022 01:30:00 PM,CHERRY HILL RD,NA,STRAIGHT MOVEMENT ANGLE,Clear,DRY,Daylight,TRAFFIC SIGNAL,NONE DETECTED,Yes,No Apparent Injury,N/A,NOT DISTRACTED,MD,PASSENGER CAR,MAKING LEFT TURN,30,No,2012,TOYT,CAMRY,39.05614167,-76.95439,2022,2,13
220007591,Property Damage Crash,02/21/2022 01:02:00 PM,CONNECTICUT AVE,NA,SAME DIRECTION SIDESWIPE,Clear,DRY,Daylight,TRAFFIC SIGNAL,NONE DETECTED,No,No Apparent Injury,N/A,NOT DISTRACTED,MD,PASSENGER CAR,MOVING CONSTANT SPEED,30,No,2014,CHEVY,3500 HD,39.03150273,-77.07484721,2022,2,13
220007591,Property Damage Crash,02/21/2022 01:02:00 PM,CONNECTICUT AVE,NA,SAME DIRECTION SIDESWIPE,Clear,DRY,Daylight,TRAFFIC SIGNAL,NONE DETECTED,Yes,No Apparent Injury,N/A,UNKNOWN,NA,PASSENGER CAR,CHANGING LANES,30,No,0,UNKNOWN,UNKNOWN,39.03150273,-77.07484721,2022,2,13
220007584,Injury Crash,02/21/2022 01:01:00 PM,SHADY GROVE RD,NA,OTHER,Clear,DRY,Daylight,N/A,NONE DETECTED,Yes,No Apparent Injury,N/A,LOOKED BUT DID NOT SEE,MD,"MEDIUM/HEAVY TRUCKS 3 AXLES (OVER 10,000LBS (4,536KG))",OTHER,40,No,2001,KW,TK,39.08740167,-77.211405,2022,2,13
220007584,Injury Crash,02/21/2022 01:01:00 PM,SHADY GROVE RD,NA,OTHER,Clear,DRY,Daylight,N/A,NONE DETECTED,No,Possible Minor Injury,N/A,NOT DISTRACTED,MD,PASSENGER CAR,MOVING CONSTANT SPEED,40,No,2014,HONDA,CIVIC,39.08740167,-77.211405,2022,2,13
220007574,Property Damage Crash,02/21/2022 11:37:00 AM,OLD GEORGETOWN RD,NA,STRAIGHT MOVEMENT ANGLE,Clear,DRY,Daylight,TRAFFIC SIGNAL,NONE DETECTED,No,No Apparent Injury,N/A,NOT DISTRACTED,MD,AMBULANCE/EMERGENCY,MOVING CONSTANT SPEED,35,No,2020,FREIGHTLINER,AMBULANCE,39.02480836,-77.12526881,2022,2,11
220007574,Property Damage Crash,02/21/2022 11:37:00 AM,OLD GEORGETOWN RD,NA,STRAIGHT MOVEMENT ANGLE,Clear,DRY,Daylight,TRAFFIC SIGNAL,NONE DETECTED,Yes,No Apparent Injury,N/A,LOOKED BUT DID NOT SEE,MD,PASSENGER CAR,MOVING CONSTANT SPEED,35,No,2013,KIA,RIO,39.02480836,-77.12526881,2022,2,11
220007560,Injury Crash,02/21/2022 10:45:00 AM,SHOREFIELD RD,PEDESTRIAN,SINGLE VEHICLE,Clear,DRY,Daylight,TRAFFIC SIGNAL,NONE DETECTED,Unknown,No Apparent Injury,N/A,UNKNOWN,MD,PASSENGER CAR,MAKING RIGHT TURN,25,No,2015,LEXUS,NX200T,39.05301805,-77.05083386,2022,2,10
220007561,Property Damage Crash,02/21/2022 10:30:00 AM,MUDDY BRANCH RD,NA,STRAIGHT MOVEMENT ANGLE,Clear,DRY,Daylight,STOP SIGN,NONE DETECTED,No,No Apparent Injury,N/A,NOT DISTRACTED,MD,PASSENGER CAR,MOVING CONSTANT SPEED,35,No,2009,ACURA,TSX,39.13704895,-77.20588836,2022,2,10
220007561,Property Damage Crash,02/21/2022 10:30:00 AM,MUDDY BRANCH RD,NA,STRAIGHT MOVEMENT ANGLE,Clear,DRY,Daylight,STOP SIGN,NONE DETECTED,Yes,No Apparent Injury,N/A,NOT DISTRACTED,MD,PASSENGER CAR,STOPPED IN TRAFFIC LANE,35,No,2003,TOYOTA,CAMRY,39.13704895,-77.20588836,2022,2,10
220007542,Property Damage Crash,02/21/2022 07:30:00 AM,GEORGIA AVE,NA,SINGLE VEHICLE,Clear,DRY,Daylight,NO CONTROLS,NONE DETECTED,Yes,No Apparent Injury,N/A,NOT DISTRACTED,DC,PASSENGER CAR,SLOWING OR STOPPING,45,No,2019,NISSAN,ROGUE,39.12423167,-77.07848,2022,2,7
22007535,Injury Crash,02/21/2022 05:36:00 AM,COLESVILLE RD,NA,SAME DIR REAR END,Clear,DRY,Medium,NO CONTROLS,NONE DETECTED,No,Possible Minor Injury,N/A,NOT DISTRACTED,MD,(SPORT) UTILITY VEHICLE,SLOWING OR STOPPING,35,No,2009,MAZD,TK,39.02027167,-77.01295667,2022,2,5
22007535,Injury Crash,02/21/2022 05:36:00 AM,COLESVILLE RD,NA,SAME DIR REAR END,Clear,DRY,Medium,NO CONTROLS,NONE DETECTED,Yes,No Apparent Injury,N/A,UNKNOWN,MD,(SPORT) UTILITY VEHICLE,SLOWING OR STOPPING,35,No,2018,CHEV,UT,39.02027167,-77.01295667,2022,2,5
220007536,Property Damage Crash,02/21/2022 05:28:00 AM,GEORGIA AVE,NA,STRAIGHT MOVEMENT ANGLE,Clear,DRY,Medium,FLASHING TRAFFIC SIGNAL,NONE DETECTED,No,No Apparent Injury,N/A,NOT DISTRACTED,MD,PASSENGER CAR,MOVING CONSTANT SPEED,35,No,2001,BMW,SD,39.02533833,-77.04628333,2022,2,5
220007536,Property Damage Crash,02/21/2022 05:28:00 AM,GEORGIA AVE,NA,STRAIGHT MOVEMENT ANGLE,Clear,DRY,Medium,FLASHING TRAFFIC SIGNAL,NONE DETECTED,No,No Apparent Injury,N/A,NOT DISTRACTED,MD,PICKUP TRUCK,STOPPED IN TRAFFIC LANE,35,No,2017,NISS,TK,39.02533833,-77.04628333,2022,2,5
220007536,Property Damage Crash,02/21/2022 05:28:00 AM,GEORGIA AVE,NA,STRAIGHT MOVEMENT ANGLE,Clear,DRY,Medium,FLASHING TRAFFIC SIGNAL,NONE DETECTED,Yes,No Apparent Injury,N/A,LOOKED BUT DID NOT SEE,MD,PASSENGER CAR,MAKING LEFT TURN,35,No,2001,MERZ,SD,39.02533833,-77.04628333,2022,2,5
220007534,Property Damage Crash,02/21/2022 03:20:00 AM,ARCOLA AVE,NA,SAME DIR REAR END,Clear,N/A,Medium,N/A,NONE DETECTED,Yes,No Apparent Injury,N/A,UNKNOWN,MD,PASSENGER CAR,MOVING CONSTANT SPEED,30,No,2017,TOYOTA,CAMRY,39.04735422,-77.04380004,2022,2,3
220007520,Property Damage Crash,02/20/2022 10:51:00 PM,RUSSELL AVE,NA,HEAD ON LEFT TURN,Clear,DRY,Medium,TRAFFIC SIGNAL,NONE DETECTED,No,No Apparent Injury,N/A,NOT DISTRACTED,MD,PASSENGER CAR,MOVING CONSTANT SPEED,35,No,2012,FORD,FOCUS,39.15439355,-77.20924562,2022,2,22
220007520,Property Damage Crash,02/20/2022 10:51:00 PM,RUSSELL AVE,NA,HEAD ON LEFT TURN,Clear,DRY,Medium,TRAFFIC SIGNAL,NONE DETECTED,Yes,No Apparent Injury,N/A,LOOKED BUT DID NOT SEE,MD,PASSENGER CAR,MAKING LEFT TURN,35,No,2001,JEEP,TRUCK,39.15439355,-77.20924562,2022,2,22
220007502,Property Damage Crash,02/20/2022 07:03:00 PM,PURCHASE ST,NA,HEAD ON,Clear,DRY,Medium,NO CONTROLS,ALCOHOL PRESENT,Yes,No Apparent Injury,N/A,OTHER DISTRACTION,MD,PASSENGER CAR,MOVING CONSTANT SPEED,15,No,2021,BMW,SD,39.13194533,-77.226722,2022,2,19
220007502,Property Damage Crash,02/20/2022 07:03:00 PM,PURCHASE ST,NA,HEAD ON,Clear,DRY,Medium,NO CONTROLS,NONE DETECTED,No,No Apparent Injury,N/A,NOT DISTRACTED,NY,PASSENGER CAR,MOVING CONSTANT SPEED,15,No,2000,HONDA,ACCORD,39.13194533,-77.226722,2022,2,19
220007500,Injury Crash,02/20/2022 06:56:00 PM,LONG CORNER RD,NA,SINGLE VEHICLE,Clear,DRY,Dark,NO CONTROLS,NONE DETECTED,Yes,Possible Minor Injury,N/A,UNKNOWN,MD,(SPORT) UTILITY VEHICLE,MOVING CONSTANT SPEED,25,No,2009,HONDA,PILOT,39.28409333,-77.16191333,2022,2,18
220007497,Property Damage Crash,02/20/2022 06:40:00 PM,CARROLL AVE,NA,OPPOSITE DIRECTION SIDESWIPE,Clear,DRY,Medium,NO CONTROLS,NONE DETECTED,No,No Apparent Injury,N/A,NOT DISTRACTED,MD,PASSENGER CAR,STOPPED IN TRAFFIC LANE,30,No,2020,TOYOTA,TACOMA,38.99959782,-76.99063413,2022,2,18
220007497,Property Damage Crash,02/20/2022 06:40:00 PM,CARROLL AVE,NA,OPPOSITE DIRECTION SIDESWIPE,Clear,DRY,Medium,NO CONTROLS,NONE DETECTED,Yes,No Apparent Injury,N/A,OTHER DISTRACTION,MD,PASSENGER CAR,MOVING CONSTANT SPEED,30,No,2016,BUICK,REGAL,38.99959782,-76.99063413,2022,2,18
220007494,Property Damage Crash,02/20/2022 05:50:00 PM,NA,NA,OTHER,Clear,NA,Medium,N/A,NONE DETECTED,Yes,No Apparent Injury,N/A,UNKNOWN,MD,PASSENGER CAR,STARTING FROM PARKED,5,No,2012,HYUNDAI,SONATA,38.98379892,-76.98792911,2022,2,17
20007488,Injury Crash,02/20/2022 05:49:00 PM,NEW HAMPSHIRE AVE,NA,STRAIGHT MOVEMENT ANGLE,Clear,DRY,Daylight,STOP SIGN,NONE DETECTED,No,Possible Minor Injury,N/A,NOT DISTRACTED,MD,PASSENGER CAR,MOVING CONSTANT SPEED,40,No,2020,HYUNDI,ELANTRA,39.06577085,-77.00023138,2022,2,17
20007488,Injury Crash,02/20/2022 05:49:00 PM,NEW HAMPSHIRE AVE,NA,STRAIGHT MOVEMENT ANGLE,Clear,DRY,Daylight,STOP SIGN,NONE DETECTED,Yes,No Apparent Injury,N/A,UNKNOWN,XX,VAN,UNKNOWN,10,No,2003,HONDA,ODYSSEY,39.06577085,-77.00023138,2022,2,17
220007484,Property Damage Crash,02/20/2022 05:32:00 PM,NORWOOD RD,NA,SAME DIR REAR END,Clear,DRY,Medium,TRAFFIC SIGNAL,NONE DETECTED,Yes,No Apparent Injury,N/A,INATTENTIVE OR LOST IN THOUGHT,MD,PASSENGER CAR,MOVING CONSTANT SPEED,35,No,2016,HYUNDAI,SONATA,39.11946333,-77.02171167,2022,2,17
220007484,Property Damage Crash,02/20/2022 05:32:00 PM,NORWOOD RD,NA,SAME DIR REAR END,Clear,DRY,Medium,TRAFFIC SIGNAL,NONE DETECTED,No,No Apparent Injury,N/A,NOT DISTRACTED,MD,(SPORT) UTILITY VEHICLE,STOPPED IN TRAFFIC LANE,35,No,2005,TOYOTA,HIGHLANDER,39.11946333,-77.02171167,2022,2,17
220007484,Property Damage Crash,02/20/2022 05:32:00 PM,NORWOOD RD,NA,SAME DIR REAR END,Clear,DRY,Medium,TRAFFIC SIGNAL,NONE DETECTED,No,No Apparent Injury,N/A,NOT DISTRACTED,MD,PASSENGER CAR,STOPPED IN TRAFFIC LANE,35,No,2016,HONDA,ACCORD,39.11946333,-77.02171167,2022,2,17
220007471,Property Damage Crash,02/20/2022 03:53:00 PM,FREDERICK RD,NA,OPPOSITE DIRECTION SIDESWIPE,Clear,DRY,Daylight,TRAFFIC SIGNAL,NONE DETECTED,Yes,No Apparent Injury,N/A,ADJUSTING AUDIO AND OR CLIMATE CONTROLS,MD,PASSENGER CAR,MOVING CONSTANT SPEED,40,No,2017,SUBARU,IMPREZA,39.2373899,-77.27778554,2022,2,15
220007471,Property Damage Crash,02/20/2022 03:53:00 PM,FREDERICK RD,NA,OPPOSITE DIRECTION SIDESWIPE,Clear,DRY,Daylight,TRAFFIC SIGNAL,NONE DETECTED,No,No Apparent Injury,N/A,NOT DISTRACTED,MD,PASSENGER CAR,STOPPED IN TRAFFIC LANE,40,No,2017,NISSAN,ROGUE,39.2373899,-77.27778554,2022,2,15