Local Case Number,ACRS Report Type,Crash Date/Time,Road Name,Related Non-Motorist,Collision Type,Weather,Surface Condition,Light,Traffic Control,Driver Substance Abuse,Driver At Fault,Injury Severity,Circumstance,Driver Distracted By,Drivers License State,Vehicle Body Type,Vehicle Movement,Speed Limit,Driverless Vehicle,Vehicle Year,Vehicle Make,Vehicle Model,Latitude,Longitude,Year,Month,Hour
220007476,Property Damage Crash,02/20/2022 03:49:00 PM,DAMERON DR,NA,SAME DIR REAR END,Clear,DRY,Daylight,NO CONTROLS,NONE DETECTED,Yes,No Apparent Injury,N/A,OTHER CELLULAR PHONE RELATED,VA,PASSENGER CAR,MOVING CONSTANT SPEED,25,No,2005,TOYOTA,CORROLLA,39.01971,-77.03431333,2022,2,15
220007459,Injury Crash,02/20/2022 02:37:00 PM,CASTLE BLVD,NA,STRAIGHT MOVEMENT ANGLE,Clear,DRY,Daylight,STOP SIGN,NONE DETECTED,No,No Apparent Injury,N/A,NOT DISTRACTED,MD,PASSENGER CAR,MOVING CONSTANT SPEED,35,No,2017,SUBARU,OUTBACK,39.08144262,-76.94577405,2022,2,14
220007459,Injury Crash,02/20/2022 02:37:00 PM,CASTLE BLVD,NA,STRAIGHT MOVEMENT ANGLE,Clear,DRY,Daylight,STOP SIGN,NONE DETECTED,Yes,No Apparent Injury,N/A,NOT DISTRACTED,MD,PASSENGER CAR,MAKING RIGHT TURN,0,No,2018,TOYOTA,RAV4,39.08144262,-76.94577405,2022,2,14
220007434,Property Damage Crash,02/20/2022 10:25:00 AM,VEIRS MILL RD,NA,SAME DIR REAR END,Clear,DRY,Daylight,NO CONTROLS,NONE DETECTED,No,No Apparent Injury,N/A,NOT DISTRACTED,MD,PASSENGER CAR,MOVING CONSTANT SPEED,45,No,2012,TOYOTA,HIGHLANDER,39.04470833,-77.06423167,2022,2,10
220007434,Property Damage Crash,02/20/2022 10:25:00 AM,VEIRS MILL RD,NA,SAME DIR REAR END,Clear,DRY,Daylight,NO CONTROLS,NONE DETECTED,Yes,No Apparent Injury,N/A,UNKNOWN,MD,PASSENGER CAR,CHANGING LANES,45,No,2015,FORD,2S,39.04470833,-77.06423167,2022,2,10
220007436,Property Damage Crash,02/20/2022 09:09:00 AM,GEORGIA AVE,NA,SAME DIRECTION LEFT TURN,Clear,DRY,Daylight,TRAFFIC SIGNAL,NONE DETECTED,Yes,No Apparent Injury,N/A,UNKNOWN,NA,(SPORT) UTILITY VEHICLE,CHANGING LANES,35,No,2018,FORD,EXPLORER,39.08060856,-77.07527195,2022,2,9
220007436,Property Damage Crash,02/20/2022 09:09:00 AM,GEORGIA AVE,NA,SAME DIRECTION LEFT TURN,Clear,DRY,Daylight,TRAFFIC SIGNAL,NONE DETECTED,No,No Apparent Injury,N/A,NOT DISTRACTED,XX,PASSENGER CAR,MOVING CONSTANT SPEED,35,No,2008,HONDA,CIVIC,39.08060856,-77.07527195,2022,2,9
220007417,Property Damage Crash,02/20/2022 05:45:00 AM,W MONTGOMERY AVE,NA,SINGLE VEHICLE,Clear,DRY,Medium,TRAFFIC SIGNAL,NONE DETECTED,Yes,No Apparent Injury,N/A,NOT DISTRACTED,MD,PASSENGER CAR,MAKING LEFT TURN,25,No,2005,TOYOTA,SOLARA,39.0858094,-77.17060081,2022,2,5
220007416,Property Damage Crash,02/20/2022 05:15:00 AM,UNIVERSITY BLVD W,NA,SINGLE VEHICLE,Clear,DRY,Medium,NO CONTROLS,NONE DETECTED,Yes,No Apparent Injury,N/A,UNKNOWN,MD,(SPORT) UTILITY VEHICLE,MOVING CONSTANT SPEED,25,No,2005,JEEP,CHEROKEE,39.0417655,-77.05065133,2022,2,5
220007413,Injury Crash,02/20/2022 04:24:00 AM,COLESVILLE RD,NA,ANGLE MEETS RIGHT TURN,Clear,N/A,Medium,TRAFFIC SIGNAL,NONE DETECTED,No,No Apparent Injury,N/A,NOT DISTRACTED,MD,PASSENGER CAR,MOVING CONSTANT SPEED,35,No,2019,HOND,4S,38.99737167,-77.02707,2022,2,4
220007413,Injury Crash,02/20/2022 04:24:00 AM,COLESVILLE RD,NA,ANGLE MEETS RIGHT TURN,Clear,N/A,Medium,TRAFFIC SIGNAL,NONE DETECTED,Yes,Possible Minor Injury,N/A,NOT DISTRACTED,DC,PASSENGER CAR,STARTING FROM LANE,25,No,2011,HYUNDAI,SONATA,38.99737167,-77.02707,2022,2,4
220007440,Property Damage Crash,02/20/2022 01:30:00 AM,GREENWOOD AVE,NA,OPPOSITE DIRECTION SIDESWIPE,Clear,DRY,Dark,NO CONTROLS,NONE DETECTED,Yes,No Apparent Injury,N/A,UNKNOWN,NA,(SPORT) UTILITY VEHICLE,MOVING CONSTANT SPEED,30,No,2002,TOYOTA,HIGHLANDER,38.99541161,-77.00149116,2022,2,1
220007403,Property Damage Crash,02/20/2022 01:00:00 AM,S BELGRADE RD,NA,OTHER,Clear,DRY,Medium,NO CONTROLS,ALCOHOL PRESENT,Yes,No Apparent Injury,N/A,LOOKED BUT DID NOT SEE,MD,PASSENGER CAR,MOVING CONSTANT SPEED,25,No,2012,HONDA,ACCORD,39.04087096,-77.02047064,2022,2,1
220007401,Injury Crash,02/20/2022 12:41:00 AM,GEORGIA AVE,NA,STRAIGHT MOVEMENT ANGLE,Clear,DRY,Medium,FLASHING TRAFFIC SIGNAL,NONE DETECTED,No,No Apparent Injury,N/A,NOT DISTRACTED,MD,PASSENGER CAR,MOVING CONSTANT SPEED,35,No,2001,TOYOTA,4 RUNNER,39.021255,-77.04457,2022,2,0
220007401,Injury Crash,02/20/2022 12:41:00 AM,GEORGIA AVE,NA,STRAIGHT MOVEMENT ANGLE,Clear,DRY,Medium,FLASHING TRAFFIC SIGNAL,NONE DETECTED,Yes,Possible Minor Injury,N/A,LOOKED BUT DID NOT SEE,MD,PASSENGER CAR,MAKING U TURN,35,No,2018,JEEP,WRANGLER,39.021255,-77.04457,2022,2,0
220007378,Injury Crash,02/19/2022 09:30:00 PM,GAME PRESERVE RD,NA,SINGLE VEHICLE,Clear,DRY,Dark,NO CONTROLS,NONE DETECTED,Yes,Possible Minor Injury,N/A,DISTRACTED BY OUTSIDE PERSON OBJECT OR EVENT,MD,PASSENGER CAR,MOVING CONSTANT SPEED,25,No,2007,HONDA,CIVIC,39.16277167,-77.221915,2022,2,21
220007373,Injury Crash,02/19/2022 08:42:00 PM,WISCONSIN AVE,NA,OTHER,Clear,DRY,Medium,N/A,NONE DETECTED,Yes,Possible Minor Injury,N/A,UNKNOWN,MD,(SPORT) UTILITY VEHICLE,SLOWING OR STOPPING,30,No,2015,FORD,ESCAPE,38.99345333,-77.09568667,2022,2,20
220007373,Injury Crash,02/19/2022 08:42:00 PM,WISCONSIN AVE,NA,OTHER,Clear,DRY,Medium,N/A,NONE DETECTED,No,No Apparent Injury,N/A,NOT DISTRACTED,MD,(SPORT) UTILITY VEHICLE,STOPPED IN TRAFFIC LANE,30,No,2017,LEXUS,4S,38.99345333,-77.09568667,2022,2,20
220007373,Injury Crash,02/19/2022 08:42:00 PM,WISCONSIN AVE,NA,OTHER,Clear,DRY,Medium,N/A,NONE DETECTED,No,No Apparent Injury,N/A,NOT DISTRACTED,MD,PASSENGER CAR,STOPPED IN TRAFFIC LANE,30,No,2011,HYUNDAI,SONATA,38.99345333,-77.09568667,2022,2,20
220007357,Property Damage Crash,02/19/2022 06:00:00 PM,NEW HAMPSHIRE AVE,NA,SAME DIRECTION RIGHT TURN,Clear,DRY,Medium,N/A,NONE DETECTED,No,No Apparent Injury,N/A,NOT DISTRACTED,VA,PASSENGER CAR,MOVING CONSTANT SPEED,35,No,2004,NISSAN,UT,38.98158006,-76.98882734,2022,2,18
220007357,Property Damage Crash,02/19/2022 06:00:00 PM,NEW HAMPSHIRE AVE,NA,SAME DIRECTION RIGHT TURN,Clear,DRY,Medium,N/A,ALCOHOL PRESENT,Yes,No Apparent Injury,N/A,UNKNOWN,MD,PASSENGER CAR,MOVING CONSTANT SPEED,35,No,2011,CHEVROLET,SILVERADO,38.98158006,-76.98882734,2022,2,18
220007347,Property Damage Crash,02/19/2022 05:05:00 PM,NA,NA,STRAIGHT MOVEMENT ANGLE,Clear,NA,Daylight,NO CONTROLS,NONE DETECTED,Yes,No Apparent Injury,N/A,LOOKED BUT DID NOT SEE,MD,PASSENGER CAR,STARTING FROM PARKED,15,No,2008,MAZDA,CX-9,39.09549333,-77.075585,2022,2,17
220007343,Property Damage Crash,02/19/2022 04:35:00 PM,SHADY GROVE RD,NA,STRAIGHT MOVEMENT ANGLE,Clear,DRY,Daylight,TRAFFIC SIGNAL,NONE DETECTED,No,No Apparent Injury,N/A,NOT DISTRACTED,MD,(SPORT) UTILITY VEHICLE,MAKING LEFT TURN,40,No,2018,AUDI,Q7,39.10923833,-77.18758333,2022,2,16
220007343,Property Damage Crash,02/19/2022 04:35:00 PM,SHADY GROVE RD,NA,STRAIGHT MOVEMENT ANGLE,Clear,DRY,Daylight,TRAFFIC SIGNAL,NONE DETECTED,Yes,No Apparent Injury,N/A,NOT DISTRACTED,MD,(SPORT) UTILITY VEHICLE,MOVING CONSTANT SPEED,40,No,2021,LEXUS,NX300,39.10923833,-77.18758333,2022,2,16
220007342,Injury Crash,02/19/2022 04:10:00 PM,NA,NA,OTHER,Clear,NA,Daylight,NO CONTROLS,NONE DETECTED,Yes,No Apparent Injury,N/A,NOT DISTRACTED,MD,PASSENGER CAR,ACCELERATING,5,No,2014,SUBARU,FORESTER,39.10913862,-77.2179048,2022,2,16
220007342,Injury Crash,02/19/2022 04:10:00 PM,NA,NA,OTHER,Clear,NA,Daylight,NO CONTROLS,NONE DETECTED,No,No Apparent Injury,N/A,NOT DISTRACTED,MD,(SPORT) UTILITY VEHICLE,STARTING FROM PARKED,5,No,2012,FORD,UT,39.10913862,-77.2179048,2022,2,16
220007342,Injury Crash,02/19/2022 04:10:00 PM,NA,NA,OTHER,Clear,NA,Daylight,NO CONTROLS,NONE DETECTED,No,No Apparent Injury,N/A,NOT DISTRACTED,MD,VAN,PARKED,5,No,2012,HONDA,ODYSSEY,39.10913862,-77.2179048,2022,2,16
220007342,Injury Crash,02/19/2022 04:10:00 PM,NA,NA,OTHER,Clear,NA,Daylight,NO CONTROLS,NONE DETECTED,No,No Apparent Injury,N/A,NOT DISTRACTED,MD,(SPORT) UTILITY VEHICLE,PARKED,5,No,2017,HOND,CRV,39.10913862,-77.2179048,2022,2,16
220007330,Property Damage Crash,02/19/2022 02:46:00 PM,CLOPPER RD,NA,OTHER,Clear,DRY,Daylight,N/A,NONE DETECTED,No,No Apparent Injury,N/A,NOT DISTRACTED,MD,PASSENGER CAR,SLOWING OR STOPPING,30,No,2005,HONDA,CRV,39.16127833,-77.28103667,2022,2,14
220007330,Property Damage Crash,02/19/2022 02:46:00 PM,CLOPPER RD,NA,OTHER,Clear,DRY,Daylight,N/A,NONE DETECTED,Yes,No Apparent Injury,N/A,NOT DISTRACTED,MD,TRANSIT BUS,BACKING,30,No,2017,GILLIG,40 DIESEL,39.16127833,-77.28103667,2022,2,14
220007323,Property Damage Crash,02/19/2022 02:32:00 PM,CLOPPER RD,NA,SINGLE VEHICLE,Windy,DRY,Daylight,NO CONTROLS,NONE DETECTED,No,No Apparent Injury,"N/A, V WIPERS|W OTHER ENVIRONMENTAL",NOT DISTRACTED,MD,PASSENGER CAR,MOVING CONSTANT SPEED,35,No,2011,FORD,FUSION,39.15441583,-77.25631017,2022,2,14
220007345,Property Damage Crash,02/19/2022 02:30:00 PM,ROCKVILLE PIKE,NA,SAME DIR REAR END,Clear,DRY,Daylight,NO CONTROLS,NONE DETECTED,No,No Apparent Injury,"DEBRIS OR OBSTRUCTION, N/A",NOT DISTRACTED,MD,PASSENGER CAR,SLOWING OR STOPPING,40,No,2014,AUDI,TK,39.15837167,-77.22823,2022,2,14
220007345,Property Damage Crash,02/19/2022 02:30:00 PM,ROCKVILLE PIKE,NA,SAME DIR REAR END,Clear,DRY,Daylight,NO CONTROLS,NONE DETECTED,Yes,No Apparent Injury,"DEBRIS OR OBSTRUCTION, N/A",LOOKED BUT DID NOT SEE,MD,PASSENGER CAR,MAKING RIGHT TURN,40,No,2006,TOYT,UT,39.15837167,-77.22823,2022,2,14
220007320,Injury Crash,02/19/2022 02:23:00 PM,COLESVILLE RD,NA,SAME DIR REAR END,Clear,DRY,Daylight,NO CONTROLS,NONE DETECTED,Yes,No Apparent Injury,N/A,UNKNOWN,NA,NA,MOVING CONSTANT SPEED,35,No,0,UNKNOWN,UNKNOWN,39.01836177,-77.01484193,2022,2,14
220007320,Injury Crash,02/19/2022 02:23:00 PM,COLESVILLE RD,NA,SAME DIR REAR END,Clear,DRY,Daylight,NO CONTROLS,NONE DETECTED,No,Possible Minor Injury,N/A,NOT DISTRACTED,MD,(SPORT) UTILITY VEHICLE,STOPPED IN TRAFFIC LANE,35,No,2006,SUBURU,TRIBECA,39.01836177,-77.01484193,2022,2,14
220007319,Injury Crash,02/19/2022 01:37:00 PM,MANOR RD,NA,SAME DIR REAR END,Clear,DRY,Daylight,NO CONTROLS,NONE DETECTED,No,Possible Minor Injury,N/A,NOT DISTRACTED,MD,PASSENGER CAR,STOPPED IN TRAFFIC LANE,35,No,2020,HONDA,PILOT,38.995565,-77.07710167,2022,2,13
220007319,Injury Crash,02/19/2022 01:37:00 PM,MANOR RD,NA,SAME DIR REAR END,Clear,DRY,Daylight,NO CONTROLS,NONE DETECTED,Yes,Possible Minor Injury,N/A,LOOKED BUT DID NOT SEE,MD,PASSENGER CAR,SLOWING OR STOPPING,35,No,2008,FORD,VN,38.995565,-77.07710167,2022,2,13
220007319,Injury Crash,02/19/2022 01:37:00 PM,MANOR RD,NA,SAME DIR REAR END,Clear,DRY,Daylight,NO CONTROLS,NONE DETECTED,No,No Apparent Injury,N/A,NOT DISTRACTED,DE,PASSENGER CAR,STOPPED IN TRAFFIC LANE,35,No,2012,TOYOTA,CAMRY,38.995565,-77.07710167,2022,2,13
220007319,Injury Crash,02/19/2022 01:37:00 PM,MANOR RD,NA,SAME DIR REAR END,Clear,DRY,Daylight,NO CONTROLS,NONE DETECTED,No,No Apparent Injury,N/A,NOT DISTRACTED,PA,PASSENGER CAR,STOPPED IN TRAFFIC LANE,35,No,2022,TOYOTA,SDN,38.995565,-77.07710167,2022,2,13
220007309,Property Damage Crash,02/19/2022 12:15:00 PM,EDMONSTON DR,NA,STRAIGHT MOVEMENT ANGLE,Clear,DRY,Daylight,N/A,NONE DETECTED,Yes,No Apparent Injury,N/A,LOOKED BUT DID NOT SEE,MD,PASSENGER CAR,ACCELERATING,25,No,2019,TOYOTA,TK,39.073565,-77.137115,2022,2,12
220007309,Property Damage Crash,02/19/2022 12:15:00 PM,EDMONSTON DR,NA,STRAIGHT MOVEMENT ANGLE,Clear,DRY,Daylight,N/A,NONE DETECTED,No,No Apparent Injury,N/A,NOT DISTRACTED,MD,PASSENGER CAR,MOVING CONSTANT SPEED,25,No,2020,SUBARU,SD,39.073565,-77.137115,2022,2,12
220007294,Property Damage Crash,02/19/2022 08:36:00 AM,WOOTTON PKWY,NA,SINGLE VEHICLE,Clear,DRY,Daylight,NO CONTROLS,NONE DETECTED,Yes,No Apparent Injury,N/A,UNKNOWN,MD,PASSENGER CAR,MOVING CONSTANT SPEED,35,No,2021,CHEV,TAHOE,39.07039367,-77.14054083,2022,2,8
220007286,Property Damage Crash,02/19/2022 08:00:00 AM,HENDERSON AVE,NA,OTHER,Clear,DRY,Daylight,NO CONTROLS,NONE DETECTED,Yes,No Apparent Injury,N/A,OTHER ELECTRONIC DEVICE (NAVIGATIONAL PALM PILOT),MD,PASSENGER CAR,MOVING CONSTANT SPEED,25,No,1999,TOYOTA,CAMRY,39.0522,-77.05558333,2022,2,8
220007283,Property Damage Crash,02/19/2022 07:27:00 AM,GROSVENOR LA,NA,HEAD ON LEFT TURN,Clear,DRY,Daylight,TRAFFIC SIGNAL,NONE DETECTED,Unknown,No Apparent Injury,N/A,NOT DISTRACTED,MD,PASSENGER CAR,MOVING CONSTANT SPEED,35,No,2021,FORD,BRANCO,39.02259,-77.10355,2022,2,7
220007283,Property Damage Crash,02/19/2022 07:27:00 AM,GROSVENOR LA,NA,HEAD ON LEFT TURN,Clear,DRY,Daylight,TRAFFIC SIGNAL,NONE DETECTED,Unknown,No Apparent Injury,N/A,LOOKED BUT DID NOT SEE,MD,PASSENGER CAR,MOVING CONSTANT SPEED,35,No,2009,ACURA,TSX,39.02259,-77.10355,2022,2,7
220007279,Property Damage Crash,02/19/2022 05:50:00 AM,WOODFIELD RD,NA,HEAD ON,Clear,DRY,Medium,TRAFFIC SIGNAL,NONE DETECTED,Yes,No Apparent Injury,N/A,DIALING CELLULAR PHONE,MD,PASSENGER CAR,MOVING CONSTANT SPEED,35,No,2015,DODGE,JOURNEY,39.15897189,-77.16022992,2022,2,5
220007279,Property Damage Crash,02/19/2022 05:50:00 AM,WOODFIELD RD,NA,HEAD ON,Clear,DRY,Medium,TRAFFIC SIGNAL,NONE DETECTED,No,No Apparent Injury,N/A,NOT DISTRACTED,MD,PASSENGER CAR,MOVING CONSTANT SPEED,35,No,2009,TOYOTA,COROLLA,39.15897189,-77.16022992,2022,2,5
220007281,Injury Crash,02/19/2022 04:30:00 AM,WATKINS MILL RD,NA,SAME DIR REAR END,Clear,DRY,Dark,NO CONTROLS,NONE DETECTED,Yes,Possible Minor Injury,N/A,UNKNOWN,MD,PASSENGER CAR,MOVING CONSTANT SPEED,30,No,2019,HYUN,SEDAN,39.18681052,-77.21452344,2022,2,4
220007276,Property Damage Crash,02/19/2022 03:13:00 AM,PIER DR,NA,SAME DIRECTION SIDESWIPE,Clear,DRY,Medium,NO CONTROLS,NONE DETECTED,Yes,No Apparent Injury,N/A,UNKNOWN,NA,VAN,MOVING CONSTANT SPEED,25,No,2014,CHEVY,VAN,39.06802267,-77.1150595,2022,2,3
220007261,Injury Crash,02/19/2022 12:42:00 AM,RIDGE RD,NA,STRAIGHT MOVEMENT ANGLE,Clear,DRY,Medium,TRAFFIC SIGNAL,NONE DETECTED,No,Possible Minor Injury,N/A,NOT DISTRACTED,MD,PASSENGER CAR,MOVING CONSTANT SPEED,45,No,2014,NISSAN,[4S],39.19895867,-77.26068667,2022,2,0
220007261,Injury Crash,02/19/2022 12:42:00 AM,RIDGE RD,NA,STRAIGHT MOVEMENT ANGLE,Clear,DRY,Medium,TRAFFIC SIGNAL,NONE DETECTED,Yes,Possible Minor Injury,N/A,INATTENTIVE OR LOST IN THOUGHT,MD,PASSENGER CAR,STARTING FROM LANE,45,No,2015,HONDA,[UNKNOWN],39.19895867,-77.26068667,2022,2,0
220007257,Property Damage Crash,02/18/2022 10:15:00 PM,NA,NA,OTHER,Clear,NA,Medium,NO CONTROLS,ALCOHOL PRESENT,Yes,No Apparent Injury,N/A,OTHER DISTRACTION,MD,PASSENGER CAR,MOVING CONSTANT SPEED,5,No,2009,VOLKSWAGEN,JETTA,39.1622089,-77.25087781,2022,2,22
220007236,Injury Crash,02/18/2022 07:40:00 PM,GEORGIA AVE,NA,STRAIGHT MOVEMENT ANGLE,Clear,DRY,Medium,TRAFFIC SIGNAL,NONE DETECTED,Unknown,Possible Minor Injury,N/A,UNKNOWN,MD,PASSENGER CAR,MOVING CONSTANT SPEED,35,No,2017,NISSAN,ALTIMA,39.06039717,-77.05115733,2022,2,19
220007236,Injury Crash,02/18/2022 07:40:00 PM,GEORGIA AVE,NA,STRAIGHT MOVEMENT ANGLE,Clear,DRY,Medium,TRAFFIC SIGNAL,NONE DETECTED,Unknown,Possible Minor Injury,N/A,UNKNOWN,MD,PASSENGER CAR,MOVING CONSTANT SPEED,35,No,2015,TOYOTA,RAV4,39.06039717,-77.05115733,2022,2,19
220007228,Property Damage Crash,02/18/2022 06:52:00 PM,OLNEY SANDY SPRING RD,NA,SINGLE VEHICLE,Clear,DRY,Dark,NO CONTROLS,NONE DETECTED,Yes,No Apparent Injury,N/A,INATTENTIVE OR LOST IN THOUGHT,MD,PASSENGER CAR,MOVING CONSTANT SPEED,35,No,2017,FORD,FIESTA,39.148975,-77.021085,2022,2,18
220007226,Property Damage Crash,02/18/2022 06:50:00 PM,SHADY GROVE RD,NA,SAME DIR REAR END,Clear,DRY,Medium,N/A,NONE DETECTED,Yes,No Apparent Injury,N/A,NOT DISTRACTED,OH,PASSENGER CAR,MOVING CONSTANT SPEED,40,No,2003,DODGE,NEON,39.13051333,-77.16172333,2022,2,18
220007226,Property Damage Crash,02/18/2022 06:50:00 PM,SHADY GROVE RD,NA,SAME DIR REAR END,Clear,DRY,Medium,N/A,NONE DETECTED,No,No Apparent Injury,N/A,NOT DISTRACTED,MD,PASSENGER CAR,SLOWING OR STOPPING,40,No,2020,TOYOTA,TACOMA,39.13051333,-77.16172333,2022,2,18
220007222,Property Damage Crash,02/18/2022 06:27:00 PM,ROCKVILLE PIKE,NA,SAME DIR REAR END,Clear,DRY,Medium,NO CONTROLS,NONE DETECTED,Yes,No Apparent Injury,N/A,LOOKED BUT DID NOT SEE,MD,PASSENGER CAR,SLOWING OR STOPPING,35,No,2016,VOLVO,S60,39.07062831,-77.13185941,2022,2,18
220007222,Property Damage Crash,02/18/2022 06:27:00 PM,ROCKVILLE PIKE,NA,SAME DIR REAR END,Clear,DRY,Medium,NO CONTROLS,NONE DETECTED,No,No Apparent Injury,N/A,NOT DISTRACTED,MD,(SPORT) UTILITY VEHICLE,STOPPED IN TRAFFIC LANE,35,No,2009,SUV,UT,39.07062831,-77.13185941,2022,2,18
220007211,Property Damage Crash,02/18/2022 05:32:00 PM,COLUMBIA PIKE,NA,OTHER,Clear,DRY,Daylight,TRAFFIC SIGNAL,ALCOHOL PRESENT,Yes,No Apparent Injury,N/A,UNKNOWN,MD,PICKUP TRUCK,MOVING CONSTANT SPEED,50,No,2016,TOYOTA,TACOMA,39.05821144,-76.9683029,2022,2,17
220007211,Property Damage Crash,02/18/2022 05:32:00 PM,COLUMBIA PIKE,NA,OTHER,Clear,DRY,Daylight,TRAFFIC SIGNAL,NONE DETECTED,No,No Apparent Injury,N/A,NOT DISTRACTED,MD,PASSENGER CAR,MOVING CONSTANT SPEED,50,No,2016,SUBBARU,TRIBECA,39.05821144,-76.9683029,2022,2,17
220007212,Property Damage Crash,02/18/2022 05:20:00 PM,VEIRS MILL RD,NA,SAME DIRECTION RIGHT TURN,Clear,DRY,Daylight,N/A,ALCOHOL PRESENT,Yes,No Apparent Injury,N/A,UNKNOWN,NA,PICKUP TRUCK,CHANGING LANES,35,No,2008,TOYOTA,TACOMA,39.05711967,-77.08402494,2022,2,17
220007212,Property Damage Crash,02/18/2022 05:20:00 PM,VEIRS MILL RD,NA,SAME DIRECTION RIGHT TURN,Clear,DRY,Daylight,N/A,NONE DETECTED,No,No Apparent Injury,N/A,NOT DISTRACTED,MD,PASSENGER CAR,MOVING CONSTANT SPEED,35,No,2009,HONDA,CRV,39.05711967,-77.08402494,2022,2,17
220007205,Property Damage Crash,02/18/2022 04:46:00 PM,NA,NA,OTHER,Clear,NA,Daylight,NO CONTROLS,NONE DETECTED,Yes,No Apparent Injury,N/A,NOT DISTRACTED,MD,SCHOOL BUS,MAKING LEFT TURN,25,No,2015,FRHT,BU,39.05445833,-77.046075,2022,2,16
220007194,Injury Crash,02/18/2022 04:30:00 PM,NA,PEDESTRIAN,N/A,Clear,NA,Daylight,NO CONTROLS,NONE DETECTED,Yes,No Apparent Injury,"N/A, VISION OBSTRUCTION (INCL. BLINDED BY SUN)",LOOKED BUT DID NOT SEE,MD,PASSENGER CAR,ACCELERATING,10,No,2012,MAZD,TK,39.1251866,-77.23845782,2022,2,16
220007214,Property Damage Crash,02/18/2022 04:25:00 PM,NEW HAMPSHIRE AVE,NA,OTHER,Clear,DRY,Daylight,NO CONTROLS,NONE DETECTED,No,No Apparent Injury,N/A,NOT DISTRACTED,MD,(SPORT) UTILITY VEHICLE,PARKED,15,Unknown,2016,TOYOTA,RAV-4,39.15094849,-77.01387332,2022,2,16
220007214,Property Damage Crash,02/18/2022 04:25:00 PM,NEW HAMPSHIRE AVE,NA,OTHER,Clear,DRY,Daylight,NO CONTROLS,NONE DETECTED,Yes,No Apparent Injury,N/A,UNKNOWN,NA,"CARGO VAN/LIGHT TRUCK 2 AXLES (OVER 10,000LBS (4,536 KG))",BACKING,15,No,2019,FORD,TK,39.15094849,-77.01387332,2022,2,16
220007192,Injury Crash,02/18/2022 04:22:00 PM,GREENTREE RD,NA,STRAIGHT MOVEMENT ANGLE,Clear,DRY,Daylight,STOP SIGN,NONE DETECTED,No,Possible Minor Injury,N/A,NOT DISTRACTED,MD,(SPORT) UTILITY VEHICLE,MOVING CONSTANT SPEED,30,No,2011,HONDA,CRV,39.00110805,-77.1231752,2022,2,16
220007192,Injury Crash,02/18/2022 04:22:00 PM,GREENTREE RD,NA,STRAIGHT MOVEMENT ANGLE,Clear,DRY,Daylight,STOP SIGN,NONE DETECTED,Yes,Possible Minor Injury,N/A,LOOKED BUT DID NOT SEE,MD,PASSENGER CAR,ACCELERATING,30,No,2006,BMW,X4,39.00110805,-77.1231752,2022,2,16
220007184,Property Damage Crash,02/18/2022 03:38:00 PM,EDNOR RD,NA,SINGLE VEHICLE,Clear,DRY,Daylight,NO CONTROLS,NONE DETECTED,Yes,No Apparent Injury,N/A,INATTENTIVE OR LOST IN THOUGHT,MD,(SPORT) UTILITY VEHICLE,MOVING CONSTANT SPEED,40,No,2013,BMW,X3,39.12919667,-77.01393333,2022,2,15
220007171,Property Damage Crash,02/18/2022 12:00:00 PM,NA,NA,SINGLE VEHICLE,Clear,NA,Daylight,N/A,NONE DETECTED,Yes,No Apparent Injury,N/A,NOT DISTRACTED,MD,POLICE VEHICLE/NON EMERGENCY,MOVING CONSTANT SPEED,20,No,2017,FORD,TAURUS,39.14929833,-77.06636,2022,2,12
220007130,Injury Crash,02/18/2022 11:34:00 AM,SENECA RD,NA,STRAIGHT MOVEMENT ANGLE,Cloudy,DRY,Daylight,STOP SIGN,NONE DETECTED,Yes,Possible Minor Injury,N/A,LOOKED BUT DID NOT SEE,MD,PASSENGER CAR,MAKING LEFT TURN,30,No,2015,TOYOTA,RAV4,39.07958167,-77.32469667,2022,2,11
220007130,Injury Crash,02/18/2022 11:34:00 AM,SENECA RD,NA,STRAIGHT MOVEMENT ANGLE,Cloudy,DRY,Daylight,STOP SIGN,NONE DETECTED,No,No Apparent Injury,N/A,NOT DISTRACTED,MD,"CARGO VAN/LIGHT TRUCK 2 AXLES (OVER 10,000LBS (4,536 KG))",MOVING CONSTANT SPEED,30,No,2021,FRT,TK,39.07958167,-77.32469667,2022,2,11
220007123,Injury Crash,02/18/2022 10:30:00 AM,ROCKLEDGE DR,NA,SAME DIRECTION SIDESWIPE,Windy,DRY,Daylight,NO CONTROLS,NONE DETECTED,No,Possible Minor Injury,N/A,NOT DISTRACTED,MD,PASSENGER CAR,MOVING CONSTANT SPEED,25,No,2021,VOLKSWAGEN,JETTA,39.02475242,-77.13269188,2022,2,10
220007123,Injury Crash,02/18/2022 10:30:00 AM,ROCKLEDGE DR,NA,SAME DIRECTION SIDESWIPE,Windy,DRY,Daylight,NO CONTROLS,NONE DETECTED,Yes,Possible Minor Injury,N/A,NOT DISTRACTED,MD,PASSENGER CAR,CHANGING LANES,25,No,2017,FORD,FUSION,39.02475242,-77.13269188,2022,2,10
220007121,Property Damage Crash,02/18/2022 08:00:00 AM,EISENHOWER MEMORIAL HWY,NA,SINGLE VEHICLE,Windy,DRY,Daylight,NO CONTROLS,NONE DETECTED,No,No Apparent Injury,"N/A, SEVERE CROSSWINDS",NOT DISTRACTED,PA,POLICE VEHICLE/NON EMERGENCY,MOVING CONSTANT SPEED,55,No,2019,DODGE,CHARGER,39.27317036,-77.31771103,2022,2,8
220007102,Property Damage Crash,02/18/2022 07:00:00 AM,MARTINSBURG RD,NA,SINGLE VEHICLE,Clear,DRY,Daylight,TRAFFIC SIGNAL,NONE DETECTED,Yes,No Apparent Injury,N/A,UNKNOWN,MD,PASSENGER CAR,MAKING LEFT TURN,40,No,2014,HONDA,CIVIC,39.20624167,-77.43554167,2022,2,7
220007099,Injury Crash,02/18/2022 05:30:00 AM,GEORGIA AVE,NA,OTHER,Windy,WET,Dark,NO CONTROLS,NONE DETECTED,No,Possible Minor Injury,"SEVERE CROSSWINDS, WET",NOT DISTRACTED,MD,PASSENGER CAR,MOVING CONSTANT SPEED,40,No,2006,HOND,4S,39.09850075,-77.07806218,2022,2,5
220007099,Injury Crash,02/18/2022 05:30:00 AM,GEORGIA AVE,NA,OTHER,Windy,WET,Dark,NO CONTROLS,NONE DETECTED,No,No Apparent Injury,"SEVERE CROSSWINDS, WET",NOT DISTRACTED,MD,(SPORT) UTILITY VEHICLE,MOVING CONSTANT SPEED,40,No,2017,BMW,UT,39.09850075,-77.07806218,2022,2,5
220007099,Injury Crash,02/18/2022 05:30:00 AM,GEORGIA AVE,NA,OTHER,Windy,WET,Dark,NO CONTROLS,NONE DETECTED,No,No Apparent Injury,"SEVERE CROSSWINDS, WET",NOT DISTRACTED,MD,PASSENGER CAR,MOVING CONSTANT SPEED,40,No,2015,FORD,4S,39.09850075,-77.07806218,2022,2,5
220007098,Property Damage Crash,02/18/2022 04:20:00 AM,MIDDLEBROOK RD,NA,HEAD ON LEFT TURN,Clear,DRY,Medium,FLASHING TRAFFIC SIGNAL,NONE DETECTED,Yes,No Apparent Injury,N/A,NOT DISTRACTED,MD,PASSENGER CAR,MAKING U TURN,40,No,2021,FORD,EXPLORER,39.17507667,-77.261535,2022,2,4
220007098,Property Damage Crash,02/18/2022 04:20:00 AM,MIDDLEBROOK RD,NA,HEAD ON LEFT TURN,Clear,DRY,Medium,FLASHING TRAFFIC SIGNAL,NONE DETECTED,No,No Apparent Injury,N/A,NOT DISTRACTED,MD,PASSENGER CAR,MOVING CONSTANT SPEED,40,No,2020,HONDA,CIVIC,39.17507667,-77.261535,2022,2,4