Local Case Number,ACRS Report Type,Crash Date/Time,Road Name,Related Non-Motorist,Collision Type,Weather,Surface Condition,Light,Traffic Control,Driver Substance Abuse,Driver At Fault,Injury Severity,Circumstance,Driver Distracted By,Drivers License State,Vehicle Body Type,Vehicle Movement,Speed Limit,Driverless Vehicle,Vehicle Year,Vehicle Make,Vehicle Model,Latitude,Longitude,Year,Month,Hour
220007095,Property Damage Crash,02/18/2022 03:16:00 AM,EMORY GROVE RD,NA,SINGLE VEHICLE,Clear,DRY,Medium,STOP SIGN,NONE DETECTED,Yes,No Apparent Injury,N/A,UNKNOWN,MD,PASSENGER CAR,ACCELERATING,15,No,2007,NISSAN,ALTIMA,39.15328818,-77.17454192,2022,2,3
220007078,Property Damage Crash,02/17/2022 11:24:00 PM,EISENHOWER MEMORIAL HWY,NA,SAME DIRECTION SIDESWIPE,Clear,DRY,Medium,N/A,NONE DETECTED,No,No Apparent Injury,N/A,NOT DISTRACTED,NY,PASSENGER CAR,MOVING CONSTANT SPEED,55,No,2014,TOYOTA,VN,39.13142583,-77.2067865,2022,2,23
220007078,Property Damage Crash,02/17/2022 11:24:00 PM,EISENHOWER MEMORIAL HWY,NA,SAME DIRECTION SIDESWIPE,Clear,DRY,Medium,N/A,ALCOHOL PRESENT,Yes,No Apparent Injury,N/A,NOT DISTRACTED,MD,PASSENGER CAR,CHANGING LANES,55,No,2012,TOYOTA,COROLLA,39.13142583,-77.2067865,2022,2,23
220007072,Property Damage Crash,02/17/2022 10:36:00 PM,FREDERICK RD,NA,SAME DIR REAR END,Clear,DRY,Medium,TRAFFIC SIGNAL,NONE DETECTED,No,No Apparent Injury,N/A,NOT DISTRACTED,MD,PASSENGER CAR,SLOWING OR STOPPING,35,No,2019,TOYOTA,HIGHLANDER,39.15232618,-77.21161225,2022,2,22
220007072,Property Damage Crash,02/17/2022 10:36:00 PM,FREDERICK RD,NA,SAME DIR REAR END,Clear,DRY,Medium,TRAFFIC SIGNAL,ALCOHOL PRESENT,Yes,No Apparent Injury,N/A,NOT DISTRACTED,MD,PASSENGER CAR,MOVING CONSTANT SPEED,35,No,2016,NISSAN,VERSA,39.15232618,-77.21161225,2022,2,22
220007063,Injury Crash,02/17/2022 09:31:00 PM,GERMANTOWN RD,NA,SAME DIR REAR END,Clear,DRY,Medium,TRAFFIC SIGNAL,NONE DETECTED,Yes,No Apparent Injury,N/A,UNKNOWN,MD,PASSENGER CAR,MOVING CONSTANT SPEED,40,No,2017,LEXS,UT,39.18229667,-77.25989333,2022,2,21
220007063,Injury Crash,02/17/2022 09:31:00 PM,GERMANTOWN RD,NA,SAME DIR REAR END,Clear,DRY,Medium,TRAFFIC SIGNAL,NONE DETECTED,No,No Apparent Injury,N/A,UNKNOWN,MD,PASSENGER CAR,STOPPED IN TRAFFIC LANE,40,No,2017,CHEVY,4S,39.18229667,-77.25989333,2022,2,21
220007055,Property Damage Crash,02/17/2022 08:50:00 PM,BOWIE MILL RD,NA,SINGLE VEHICLE,Clear,DRY,Dark,NO CONTROLS,NONE DETECTED,Yes,No Apparent Injury,N/A,UNKNOWN,MD,PASSENGER CAR,MOVING CONSTANT SPEED,45,No,2008,SUBARU,IMPREZA,39.13424333,-77.12216667,2022,2,20
220007046,Property Damage Crash,02/17/2022 08:00:00 PM,FREDERICK RD,NA,HEAD ON,Clear,DRY,Medium,NO CONTROLS,NONE DETECTED,No,No Apparent Injury,N/A,NOT DISTRACTED,MD,PASSENGER CAR,MOVING CONSTANT SPEED,40,No,2010,HONDA,CIVIC,39.23276167,-77.27137,2022,2,20
220007046,Property Damage Crash,02/17/2022 08:00:00 PM,FREDERICK RD,NA,HEAD ON,Clear,DRY,Medium,NO CONTROLS,NONE DETECTED,No,No Apparent Injury,N/A,NOT DISTRACTED,FL,PASSENGER CAR,MOVING CONSTANT SPEED,40,No,2020,NISSAN,ALTIMA,39.23276167,-77.27137,2022,2,20
220007046,Property Damage Crash,02/17/2022 08:00:00 PM,FREDERICK RD,NA,HEAD ON,Clear,DRY,Medium,NO CONTROLS,ALCOHOL PRESENT,Yes,No Apparent Injury,N/A,UNKNOWN,MD,PICKUP TRUCK,MOVING CONSTANT SPEED,40,No,2015,CHEVROLET,SILVERADO,39.23276167,-77.27137,2022,2,20
220007046,Property Damage Crash,02/17/2022 08:00:00 PM,FREDERICK RD,NA,HEAD ON,Clear,DRY,Medium,NO CONTROLS,NONE DETECTED,No,No Apparent Injury,N/A,NOT DISTRACTED,MD,PASSENGER CAR,MOVING CONSTANT SPEED,40,No,2013,HONDA,CIVIC,39.23276167,-77.27137,2022,2,20
220007050,Property Damage Crash,02/17/2022 07:48:00 PM,NA,NA,OTHER,Cloudy,NA,Medium,NO CONTROLS,NONE DETECTED,Yes,No Apparent Injury,N/A,UNKNOWN,NA,PASSENGER CAR,UNKNOWN,10,No,2013,DODGE,CHARGER,39.14080525,-77.20046657,2022,2,19
220007041,Injury Crash,02/17/2022 07:38:00 PM,COLESVILLE RD,NA,HEAD ON LEFT TURN,Clear,DRY,Medium,TRAFFIC SIGNAL,NONE DETECTED,Unknown,Possible Minor Injury,N/A,UNKNOWN,MD,PASSENGER CAR,MAKING LEFT TURN,35,No,2021,HONDA,CR-V,38.99787667,-77.026955,2022,2,19
220007041,Injury Crash,02/17/2022 07:38:00 PM,COLESVILLE RD,NA,HEAD ON LEFT TURN,Clear,DRY,Medium,TRAFFIC SIGNAL,NONE DETECTED,Unknown,No Apparent Injury,N/A,UNKNOWN,MD,PASSENGER CAR,ACCELERATING,35,No,2016,FORD,FOCUS,38.99787667,-77.026955,2022,2,19
220007043,Injury Crash,02/17/2022 07:30:00 PM,CONNECTICUT AVE,PEDESTRIAN,SINGLE VEHICLE,Clear,DRY,Medium,NO CONTROLS,NONE DETECTED,Yes,No Apparent Injury,N/A,UNKNOWN,NA,NA,MOVING CONSTANT SPEED,25,No,0,UNKNOWN,UNKNOWN,38.99143,-77.09789167,2022,2,19
220007039,Injury Crash,02/17/2022 06:50:00 PM,SNOUFFERS SCHOOL RD,PEDESTRIAN,SINGLE VEHICLE,Clear,DRY,Medium,N/A,NONE DETECTED,Yes,No Apparent Injury,N/A,UNKNOWN,MD,PASSENGER CAR,SKIDDING,40,No,2004,TOYOTA,AVALON,39.16073083,-77.1630515,2022,2,18
220007036,Property Damage Crash,02/17/2022 06:29:00 PM,HIGHLAND DR,NA,SINGLE VEHICLE,Clear,DRY,Medium,NO CONTROLS,NONE DETECTED,Yes,No Apparent Injury,N/A,LOOKED BUT DID NOT SEE,MD,PASSENGER CAR,MOVING CONSTANT SPEED,25,No,2017,TOYOTA,CAMRY,39.00553,-77.026375,2022,2,18
220007008,Injury Crash,02/17/2022 04:13:00 PM,VEIRS MILL RD,NA,OTHER,Cloudy,DRY,Daylight,NO CONTROLS,NONE DETECTED,No,Possible Minor Injury,"BACKUP DUE TO REGULAR CONGESTION, N/A",NOT DISTRACTED,MD,PASSENGER CAR,STOPPED IN TRAFFIC LANE,40,No,2017,TOYOTA,COROLLA,39.074115,-77.113655,2022,2,16
220007008,Injury Crash,02/17/2022 04:13:00 PM,VEIRS MILL RD,NA,OTHER,Cloudy,DRY,Daylight,NO CONTROLS,NONE DETECTED,No,No Apparent Injury,"BACKUP DUE TO REGULAR CONGESTION, N/A",NOT DISTRACTED,FL,(SPORT) UTILITY VEHICLE,STOPPED IN TRAFFIC LANE,40,No,2019,GMC,ACADIA,39.074115,-77.113655,2022,2,16
220007008,Injury Crash,02/17/2022 04:13:00 PM,VEIRS MILL RD,NA,OTHER,Cloudy,DRY,Daylight,NO CONTROLS,NONE DETECTED,Yes,No Apparent Injury,"BACKUP DUE TO REGULAR CONGESTION, N/A",LOOKED BUT DID NOT SEE,MD,PASSENGER CAR,MAKING LEFT TURN,40,No,2004,HONDA,ODYSSEY,39.074115,-77.113655,2022,2,16
220007008,Injury Crash,02/17/2022 04:13:00 PM,VEIRS MILL RD,NA,OTHER,Cloudy,DRY,Daylight,NO CONTROLS,NONE DETECTED,No,No Apparent Injury,"BACKUP DUE TO REGULAR CONGESTION, N/A",NOT DISTRACTED,MD,PASSENGER CAR,MOVING CONSTANT SPEED,40,No,2002,MERCEDES,CLK350,39.074115,-77.113655,2022,2,16
220007002,Injury Crash,02/17/2022 03:44:00 PM,MUNCASTER MILL RD,NA,OPPOSITE DIRECTION SIDESWIPE,Cloudy,DRY,Daylight,NO CONTROLS,NONE DETECTED,No,Possible Minor Injury,N/A,NOT DISTRACTED,MD,(SPORT) UTILITY VEHICLE,SLOWING OR STOPPING,35,No,2022,HONDA,CRV,39.12348133,-77.115496,2022,2,15
220007002,Injury Crash,02/17/2022 03:44:00 PM,MUNCASTER MILL RD,NA,OPPOSITE DIRECTION SIDESWIPE,Cloudy,DRY,Daylight,NO CONTROLS,NONE DETECTED,Yes,Possible Minor Injury,N/A,NOT DISTRACTED,MD,PASSENGER CAR,CHANGING LANES,35,No,2013,SUBARU,LEGACY,39.12348133,-77.115496,2022,2,15
220007002,Injury Crash,02/17/2022 03:44:00 PM,MUNCASTER MILL RD,NA,OPPOSITE DIRECTION SIDESWIPE,Cloudy,DRY,Daylight,NO CONTROLS,NONE DETECTED,No,No Apparent Injury,N/A,NOT DISTRACTED,DC,PASSENGER CAR,SLOWING OR STOPPING,35,No,2018,TOYOTA,COROLLA,39.12348133,-77.115496,2022,2,15
220007002,Injury Crash,02/17/2022 03:44:00 PM,MUNCASTER MILL RD,NA,OPPOSITE DIRECTION SIDESWIPE,Cloudy,DRY,Daylight,NO CONTROLS,NONE DETECTED,No,Possible Minor Injury,N/A,NOT DISTRACTED,MD,(SPORT) UTILITY VEHICLE,SLOWING OR STOPPING,35,No,2016,NISSAN,PATHFINDER,39.12348133,-77.115496,2022,2,15
220006994,Property Damage Crash,02/17/2022 03:35:00 PM,ARROWOOD RD,NA,SINGLE VEHICLE,Clear,DRY,Daylight,NO CONTROLS,NONE DETECTED,Yes,No Apparent Injury,N/A,NOT DISTRACTED,MD,SCHOOL BUS,MAKING LEFT TURN,25,No,2021,THOMAS,MSDE-D-12,39.00168833,-77.15402,2022,2,15
220006983,Injury Crash,02/17/2022 02:30:00 PM,E GUDE DR,NA,STRAIGHT MOVEMENT ANGLE,Cloudy,DRY,Daylight,STOP SIGN,NONE DETECTED,Yes,No Apparent Injury,N/A,LOOKED BUT DID NOT SEE,MD,PASSENGER CAR,MAKING LEFT TURN,40,No,2014,SUBA,SW,39.09658526,-77.13473656,2022,2,14
220006983,Injury Crash,02/17/2022 02:30:00 PM,E GUDE DR,NA,STRAIGHT MOVEMENT ANGLE,Cloudy,DRY,Daylight,STOP SIGN,NONE DETECTED,No,Possible Minor Injury,N/A,NOT DISTRACTED,MD,PASSENGER CAR,MOVING CONSTANT SPEED,40,No,2011,BMW,750I,39.09658526,-77.13473656,2022,2,14
220006955,Injury Crash,02/17/2022 12:36:00 PM,FREDERICK RD,NA,SAME DIR REAR END,Cloudy,DRY,Daylight,NO CONTROLS,NONE DETECTED,Yes,No Apparent Injury,N/A,INATTENTIVE OR LOST IN THOUGHT,MD,(SPORT) UTILITY VEHICLE,SLOWING OR STOPPING,40,No,2005,JEEP,GRAND CHEROKEE,39.206425,-77.24647167,2022,2,12
220006955,Injury Crash,02/17/2022 12:36:00 PM,FREDERICK RD,NA,SAME DIR REAR END,Cloudy,DRY,Daylight,NO CONTROLS,NONE DETECTED,No,Possible Minor Injury,N/A,NOT DISTRACTED,MD,PASSENGER CAR,STOPPED IN TRAFFIC LANE,40,No,2008,HONDA,CRV,39.206425,-77.24647167,2022,2,12
220006960,Property Damage Crash,02/17/2022 12:29:00 PM,WISTERIA DR,NA,SINGLE VEHICLE,Clear,DRY,Daylight,STOP SIGN,NONE DETECTED,Yes,No Apparent Injury,N/A,LOOKED BUT DID NOT SEE,NJ,TRUCK TRACTOR,MAKING RIGHT TURN,55,No,2019,FRHT,TR,39.1725825,-77.2619895,2022,2,12
220006951,Property Damage Crash,02/17/2022 11:59:00 AM,N WESTLAND DR,NA,SAME DIRECTION SIDESWIPE,Cloudy,DRY,Daylight,N/A,NONE DETECTED,No,No Apparent Injury,N/A,NOT DISTRACTED,MD,PASSENGER CAR,PARKED,15,No,2008,CHEV,AVEO,39.12816567,-77.1841335,2022,2,11
220006951,Property Damage Crash,02/17/2022 11:59:00 AM,N WESTLAND DR,NA,SAME DIRECTION SIDESWIPE,Cloudy,DRY,Daylight,N/A,NONE DETECTED,Yes,No Apparent Injury,N/A,NOT DISTRACTED,MD,POLICE VEHICLE/NON EMERGENCY,PARKED,15,No,2019,FORD,INTERCEPTOR,39.12816567,-77.1841335,2022,2,11
220006928,Injury Crash,02/17/2022 10:10:00 AM,NEW HAMPSHIRE AVE,NA,SAME DIR REAR END,Clear,DRY,Daylight,TRAFFIC SIGNAL,NONE DETECTED,No,Possible Minor Injury,N/A,NOT DISTRACTED,VA,PASSENGER CAR,STARTING FROM LANE,45,No,2015,HONDA,CIVIC,39.08787667,-76.99934667,2022,2,10
220006928,Injury Crash,02/17/2022 10:10:00 AM,NEW HAMPSHIRE AVE,NA,SAME DIR REAR END,Clear,DRY,Daylight,TRAFFIC SIGNAL,NONE DETECTED,Yes,Possible Minor Injury,N/A,UNKNOWN,MD,PASSENGER CAR,MOVING CONSTANT SPEED,45,No,2013,FORD,FOCUS,39.08787667,-76.99934667,2022,2,10
220006926,Injury Crash,02/17/2022 09:53:00 AM,TAMARACK RD,NA,OTHER,Clear,DRY,Daylight,N/A,NONE DETECTED,Yes,Possible Minor Injury,N/A,NOT DISTRACTED,MD,PASSENGER CAR,MOVING CONSTANT SPEED,25,No,2018,HYUNDAI,ELENTRA,39.06809517,-76.9851575,2022,2,9
220006920,Property Damage Crash,02/17/2022 09:00:00 AM,BRADLEY BLVD,NA,STRAIGHT MOVEMENT ANGLE,Cloudy,DRY,Daylight,STOP SIGN,NONE DETECTED,No,No Apparent Injury,N/A,NOT DISTRACTED,MD,PASSENGER CAR,MOVING CONSTANT SPEED,35,No,2008,BMW,328I,39.00363067,-77.13680133,2022,2,9
220006920,Property Damage Crash,02/17/2022 09:00:00 AM,BRADLEY BLVD,NA,STRAIGHT MOVEMENT ANGLE,Cloudy,DRY,Daylight,STOP SIGN,NONE DETECTED,Yes,No Apparent Injury,N/A,LOOKED BUT DID NOT SEE,MD,PASSENGER CAR,STARTING FROM LANE,25,No,2015,LEXUS,GS350,39.00363067,-77.13680133,2022,2,9
220006912,Property Damage Crash,02/17/2022 08:00:00 AM,RIDGE RD,NA,SAME DIR REAR END,Clear,DRY,Daylight,NO CONTROLS,NONE DETECTED,Yes,No Apparent Injury,N/A,LOOKED BUT DID NOT SEE,MD,PASSENGER CAR,BACKING,35,No,2006,VOLKSWAGON,JETTA,39.28753667,-77.206245,2022,2,8
220006910,Property Damage Crash,02/17/2022 07:57:00 AM,DARNESTOWN RD,NA,SAME DIRECTION SIDESWIPE,Clear,DRY,Daylight,STOP SIGN,NONE DETECTED,No,No Apparent Injury,N/A,NOT DISTRACTED,MD,(SPORT) UTILITY VEHICLE,MOVING CONSTANT SPEED,50,No,2012,TOYOTA,HIGHLANDER,39.12871129,-77.34314007,2022,2,7
220006910,Property Damage Crash,02/17/2022 07:57:00 AM,DARNESTOWN RD,NA,SAME DIRECTION SIDESWIPE,Clear,DRY,Daylight,STOP SIGN,NONE DETECTED,Yes,No Apparent Injury,N/A,LOOKED BUT DID NOT SEE,MD,PASSENGER CAR,STARTING FROM LANE,50,No,2013,CHEVROLET,IMPALA,39.12871129,-77.34314007,2022,2,7
220006914,Property Damage Crash,02/17/2022 07:49:00 AM,GERMANTOWN RD,NA,SAME DIRECTION SIDESWIPE,Cloudy,DRY,Daylight,NO CONTROLS,NONE DETECTED,Unknown,No Apparent Injury,N/A,UNKNOWN,MD,PASSENGER CAR,MOVING CONSTANT SPEED,40,No,2013,HONDA,CRV,39.1420525,-77.293949,2022,2,7
220006914,Property Damage Crash,02/17/2022 07:49:00 AM,GERMANTOWN RD,NA,SAME DIRECTION SIDESWIPE,Cloudy,DRY,Daylight,NO CONTROLS,NONE DETECTED,Unknown,No Apparent Injury,N/A,UNKNOWN,MD,PASSENGER CAR,MOVING CONSTANT SPEED,40,No,2019,VOLKSWAGON,ATLAS,39.1420525,-77.293949,2022,2,7
220006909,Injury Crash,02/17/2022 07:42:00 AM,RIDGE RD,NA,HEAD ON LEFT TURN,Cloudy,N/A,Daylight,NO CONTROLS,NONE DETECTED,No,Possible Minor Injury,N/A,NOT DISTRACTED,MD,(SPORT) UTILITY VEHICLE,MOVING CONSTANT SPEED,35,No,2015,HONDA,CR-V TK,39.28800833,-77.20672833,2022,2,7
220006909,Injury Crash,02/17/2022 07:42:00 AM,RIDGE RD,NA,HEAD ON LEFT TURN,Cloudy,N/A,Daylight,NO CONTROLS,NONE DETECTED,No,No Apparent Injury,N/A,NOT DISTRACTED,MD,PICKUP TRUCK,STOPPED IN TRAFFIC LANE,0,No,2014,FORD,F250 PK,39.28800833,-77.20672833,2022,2,7
220006909,Injury Crash,02/17/2022 07:42:00 AM,RIDGE RD,NA,HEAD ON LEFT TURN,Cloudy,N/A,Daylight,NO CONTROLS,NONE DETECTED,Yes,No Apparent Injury,N/A,LOOKED BUT DID NOT SEE,MD,PASSENGER CAR,MAKING LEFT TURN,35,No,2006,VOLKSWAGON,JETTA,39.28800833,-77.20672833,2022,2,7
220006913,Property Damage Crash,02/17/2022 07:40:00 AM,OLD GEORGETOWN RD,NA,SAME DIRECTION SIDESWIPE,Clear,DRY,Daylight,N/A,NONE DETECTED,No,No Apparent Injury,N/A,NOT DISTRACTED,MD,TRANSIT BUS,STOPPED IN TRAFFIC LANE,40,No,2021,NEW FLYER,BUS,39.02453795,-77.1249772,2022,2,7
220006913,Property Damage Crash,02/17/2022 07:40:00 AM,OLD GEORGETOWN RD,NA,SAME DIRECTION SIDESWIPE,Clear,DRY,Daylight,N/A,NONE DETECTED,Yes,No Apparent Injury,N/A,UNKNOWN,NA,UNKNOWN,PASSING,40,No,0,UNKNOWN,UNKNOWN,39.02453795,-77.1249772,2022,2,7
220006905,Property Damage Crash,02/17/2022 06:46:00 AM,ASPEN HILL RD,NA,SAME DIR REAR END,Cloudy,DRY,Medium,NO CONTROLS,NONE DETECTED,No,No Apparent Injury,N/A,NOT DISTRACTED,MD,PASSENGER CAR,MOVING CONSTANT SPEED,30,No,2019,NISS,VERSA,39.07429167,-77.09456,2022,2,6
220006905,Property Damage Crash,02/17/2022 06:46:00 AM,ASPEN HILL RD,NA,SAME DIR REAR END,Cloudy,DRY,Medium,NO CONTROLS,NONE DETECTED,Yes,No Apparent Injury,N/A,NOT DISTRACTED,MD,PASSENGER CAR,BACKING,30,No,2021,JEEP,COMPASS,39.07429167,-77.09456,2022,2,6
220006927,Property Damage Crash,02/17/2022 06:45:00 AM,EISENHOWER MEMORIAL HWY,NA,SAME DIR REAR END,Cloudy,DRY,Medium,N/A,NONE DETECTED,No,No Apparent Injury,N/A,NOT DISTRACTED,MD,POLICE VEHICLE/NON EMERGENCY,STOPPED IN TRAFFIC LANE,55,No,2017,FORD,INTERCEPTOR,39.12560243,-77.2013114,2022,2,6
220006927,Property Damage Crash,02/17/2022 06:45:00 AM,EISENHOWER MEMORIAL HWY,NA,SAME DIR REAR END,Cloudy,DRY,Medium,N/A,NONE DETECTED,Yes,No Apparent Injury,N/A,NOT DISTRACTED,MD,PASSENGER CAR,BACKING,55,No,2019,TOYOTA,CH-R,39.12560243,-77.2013114,2022,2,6
22000602,Injury Crash,02/17/2022 05:42:00 AM,ROCKVILLE PIKE,NA,SAME DIR REAR END,Clear,DRY,Medium,TRAFFIC SIGNAL,NONE DETECTED,No,No Apparent Injury,N/A,NOT DISTRACTED,MD,"MEDIUM/HEAVY TRUCKS 3 AXLES (OVER 10,000LBS (4,536KG))",STOPPED IN TRAFFIC LANE,35,No,2015,MAC,DUMP TRUCK,39.04431333,-77.11147,2022,2,5
22000602,Injury Crash,02/17/2022 05:42:00 AM,ROCKVILLE PIKE,NA,SAME DIR REAR END,Clear,DRY,Medium,TRAFFIC SIGNAL,NONE DETECTED,Yes,Possible Minor Injury,N/A,LOOKED BUT DID NOT SEE,MD,PASSENGER CAR,MOVING CONSTANT SPEED,35,No,2019,TOYOTA,CAMRY,39.04431333,-77.11147,2022,2,5
22006888,Property Damage Crash,02/17/2022 12:45:00 AM,FENWAY RD,NA,SINGLE VEHICLE,Clear,DRY,Medium,NO CONTROLS,NONE DETECTED,Yes,No Apparent Injury,N/A,UNKNOWN,MD,PASSENGER CAR,MOVING CONSTANT SPEED,25,No,2010,SUBARU,LEGACY,38.98950667,-77.17079833,2022,2,0
220006879,Property Damage Crash,02/16/2022 10:36:00 PM,CAPITAL BELTWAY,NA,OTHER,Clear,DRY,Medium,NO CONTROLS,NONE DETECTED,No,No Apparent Injury,N/A,NOT DISTRACTED,MD,PASSENGER CAR,MOVING CONSTANT SPEED,15,No,2005,SUBARU,IMPREZA,39.01323626,-77.04403994,2022,2,22
220006879,Property Damage Crash,02/16/2022 10:36:00 PM,CAPITAL BELTWAY,NA,OTHER,Clear,DRY,Medium,NO CONTROLS,NONE DETECTED,Yes,No Apparent Injury,N/A,UNKNOWN,MD,POLICE VEHICLE/NON EMERGENCY,NEGOTIATING A CURVE,15,No,2019,DODGE,CHARGER,39.01323626,-77.04403994,2022,2,22
220006873,Property Damage Crash,02/16/2022 09:25:00 PM,UNIVERSITY BLVD E,NA,STRAIGHT MOVEMENT ANGLE,Clear,DRY,Medium,STOP SIGN,NONE DETECTED,Unknown,No Apparent Injury,N/A,LOOKED BUT DID NOT SEE,MD,PASSENGER CAR,MAKING LEFT TURN,35,No,2016,TOYOTA,PRIUS,38.99261833,-76.99150167,2022,2,21
220006873,Property Damage Crash,02/16/2022 09:25:00 PM,UNIVERSITY BLVD E,NA,STRAIGHT MOVEMENT ANGLE,Clear,DRY,Medium,STOP SIGN,NONE DETECTED,Unknown,No Apparent Injury,N/A,NOT DISTRACTED,DC,PASSENGER CAR,MOVING CONSTANT SPEED,35,No,2019,FORD,FOCUS,38.99261833,-76.99150167,2022,2,21
220006862,Property Damage Crash,02/16/2022 08:30:00 PM,ALTA VISTA RD,NA,SAME DIRECTION SIDESWIPE,Clear,DRY,Medium,TRAFFIC SIGNAL,NONE DETECTED,Yes,No Apparent Injury,N/A,UNKNOWN,NA,TRUCK TRACTOR,MOVING CONSTANT SPEED,35,No,2001,WANT,SEMI TRAILER,39.01286146,-77.09875453,2022,2,20
220006862,Property Damage Crash,02/16/2022 08:30:00 PM,ALTA VISTA RD,NA,SAME DIRECTION SIDESWIPE,Clear,DRY,Medium,TRAFFIC SIGNAL,NONE DETECTED,No,No Apparent Injury,N/A,NOT DISTRACTED,MD,PASSENGER CAR,ACCELERATING,25,No,2015,BMW,535XI,39.01286146,-77.09875453,2022,2,20
220006930,Property Damage Crash,02/16/2022 07:35:00 PM,NA,NA,SINGLE VEHICLE,Clear,NA,Medium,NO CONTROLS,NONE DETECTED,Yes,No Apparent Injury,N/A,UNKNOWN,NA,PICKUP TRUCK,MOVING CONSTANT SPEED,5,No,0,FORD,F-150,39.06214161,-77.05227488,2022,2,19
220006855,Property Damage Crash,02/16/2022 07:05:00 PM,UNIVERSITY BLVD W,NA,SAME DIRECTION SIDESWIPE,Clear,DRY,Medium,NO CONTROLS,NONE DETECTED,No,No Apparent Injury,N/A,NOT DISTRACTED,MD,PASSENGER CAR,MOVING CONSTANT SPEED,35,No,2018,MERCADES,CLA 250,39.02299833,-77.016915,2022,2,19
220006855,Property Damage Crash,02/16/2022 07:05:00 PM,UNIVERSITY BLVD W,NA,SAME DIRECTION SIDESWIPE,Clear,DRY,Medium,NO CONTROLS,NONE DETECTED,Yes,No Apparent Injury,N/A,NOT DISTRACTED,MD,PASSENGER CAR,MOVING CONSTANT SPEED,35,No,2011,HONDA,PILOT,39.02299833,-77.016915,2022,2,19
220006835,Property Damage Crash,02/16/2022 05:22:00 PM,POWDER MILL RD,NA,STRAIGHT MOVEMENT ANGLE,Clear,DRY,Medium,NO CONTROLS,NONE DETECTED,No,No Apparent Injury,"N/A, VISION OBSTRUCTION (INCL. BLINDED BY SUN)",NOT DISTRACTED,MD,PASSENGER CAR,MOVING CONSTANT SPEED,35,No,2006,SATURN,IN,39.02257674,-76.97621961,2022,2,17
220006835,Property Damage Crash,02/16/2022 05:22:00 PM,POWDER MILL RD,NA,STRAIGHT MOVEMENT ANGLE,Clear,DRY,Medium,NO CONTROLS,NONE DETECTED,Yes,No Apparent Injury,"N/A, VISION OBSTRUCTION (INCL. BLINDED BY SUN)",LOOKED BUT DID NOT SEE,MD,PASSENGER CAR,MAKING LEFT TURN,35,No,2017,FORD,C-MAX,39.02257674,-76.97621961,2022,2,17
220006821,Property Damage Crash,02/16/2022 04:23:00 PM,OLD COLUMBIA PIKE,NA,OTHER,Clear,DRY,Daylight,TRAFFIC SIGNAL,NONE DETECTED,Unknown,No Apparent Injury,N/A,UNKNOWN,MD,PICKUP TRUCK,UNKNOWN,45,No,2004,FORD,TK,39.10814871,-76.93687313,2022,2,16
220006821,Property Damage Crash,02/16/2022 04:23:00 PM,OLD COLUMBIA PIKE,NA,OTHER,Clear,DRY,Daylight,TRAFFIC SIGNAL,NONE DETECTED,Unknown,No Apparent Injury,N/A,UNKNOWN,MD,PASSENGER CAR,OTHER,45,No,2010,TOYT,COROLLA,39.10814871,-76.93687313,2022,2,16
220006805,Property Damage Crash,02/16/2022 03:50:00 PM,GEORGIA AVE,NA,HEAD ON LEFT TURN,Clear,DRY,Daylight,NO CONTROLS,NONE DETECTED,No,No Apparent Injury,N/A,NOT DISTRACTED,MD,(SPORT) UTILITY VEHICLE,MOVING CONSTANT SPEED,35,No,2007,TOYT,TK,39.14839833,-77.0666745,2022,2,15
220006805,Property Damage Crash,02/16/2022 03:50:00 PM,GEORGIA AVE,NA,HEAD ON LEFT TURN,Clear,DRY,Daylight,NO CONTROLS,NONE DETECTED,Yes,No Apparent Injury,N/A,NOT DISTRACTED,MD,(SPORT) UTILITY VEHICLE,MAKING LEFT TURN,35,No,2008,TOYOTA,RAV4,39.14839833,-77.0666745,2022,2,15
220006803,Property Damage Crash,02/16/2022 03:23:00 PM,BOWIE MILL RD,NA,SAME DIR REAR END,Clear,DRY,Daylight,STOP SIGN,NONE DETECTED,Yes,No Apparent Injury,N/A,UNKNOWN,MD,VAN,SLOWING OR STOPPING,30,No,2018,CHRYSLER,PACIFICA,39.15887833,-77.08423833,2022,2,15
220006803,Property Damage Crash,02/16/2022 03:23:00 PM,BOWIE MILL RD,NA,SAME DIR REAR END,Clear,DRY,Daylight,STOP SIGN,NONE DETECTED,No,No Apparent Injury,N/A,NOT DISTRACTED,MD,(SPORT) UTILITY VEHICLE,STOPPED IN TRAFFIC LANE,30,No,2002,FORD,EXPLORER,39.15887833,-77.08423833,2022,2,15
220006802,Property Damage Crash,02/16/2022 03:11:00 PM,RALPH RD,NA,SAME DIRECTION SIDESWIPE,Clear,DRY,Daylight,N/A,NONE DETECTED,Yes,No Apparent Injury,N/A,BY OTHER OCCUPANTS,MD,SCHOOL BUS,MAKING LEFT TURN,30,No,2018,THOMAS,PUSHER,39.0737876,-77.07649134,2022,2,15
220006797,Property Damage Crash,02/16/2022 03:09:00 PM,RUSSELL AVE,NA,SINGLE VEHICLE,Clear,DRY,Daylight,NO CONTROLS,NONE DETECTED,Yes,No Apparent Injury,N/A,NOT DISTRACTED,MD,PASSENGER CAR,ACCELERATING,35,No,2020,LEXS,TK,39.15587272,-77.20702908,2022,2,15
220006798,Property Damage Crash,02/16/2022 03:00:00 PM,NEW HAMPSHIRE AVE,NA,SAME DIRECTION SIDESWIPE,Clear,DRY,Daylight,TRAFFIC SIGNAL,NONE DETECTED,Yes,No Apparent Injury,N/A,NOT DISTRACTED,MD,SCHOOL BUS,STARTING FROM LANE,40,No,2019,THOMAS,BUS,39.07609,-77.00190333,2022,2,15
220006798,Property Damage Crash,02/16/2022 03:00:00 PM,NEW HAMPSHIRE AVE,NA,SAME DIRECTION SIDESWIPE,Clear,DRY,Daylight,TRAFFIC SIGNAL,NONE DETECTED,No,No Apparent Injury,N/A,NOT DISTRACTED,MD,SCHOOL BUS,STOPPED IN TRAFFIC LANE,40,No,2019,THOMAS,BUS,39.07609,-77.00190333,2022,2,15
220006791,Property Damage Crash,02/16/2022 02:37:00 PM,RIVER RD,NA,OTHER,Clear,DRY,Daylight,N/A,NONE DETECTED,Yes,No Apparent Injury,N/A,NOT DISTRACTED,MD,PASSENGER CAR,MOVING CONSTANT SPEED,40,No,2004,JEEP,UT,38.99232,-77.160975,2022,2,14
220006791,Property Damage Crash,02/16/2022 02:37:00 PM,RIVER RD,NA,OTHER,Clear,DRY,Daylight,N/A,NONE DETECTED,Yes,No Apparent Injury,N/A,NOT DISTRACTED,DC,PASSENGER CAR,MOVING CONSTANT SPEED,40,No,2006,NISSAN,AEMADA,38.99232,-77.160975,2022,2,14
220006785,Property Damage Crash,02/16/2022 01:58:00 PM,GEORGIA AVE,NA,ANGLE MEETS RIGHT TURN,Clear,DRY,Daylight,TRAFFIC SIGNAL,NONE DETECTED,No,No Apparent Injury,N/A,NOT DISTRACTED,MD,PASSENGER CAR,MOVING CONSTANT SPEED,35,No,2006,CHEVROLET,SILVERADO,39.05820783,-77.04979383,2022,2,13
220006785,Property Damage Crash,02/16/2022 01:58:00 PM,GEORGIA AVE,NA,ANGLE MEETS RIGHT TURN,Clear,DRY,Daylight,TRAFFIC SIGNAL,NONE DETECTED,Yes,No Apparent Injury,N/A,LOOKED BUT DID NOT SEE,MD,PASSENGER CAR,MOVING CONSTANT SPEED,35,No,2009,TOYOTA,HIGHLANDER,39.05820783,-77.04979383,2022,2,13