Local Case Number,ACRS Report Type,Crash Date/Time,Road Name,Related Non-Motorist,Collision Type,Weather,Surface Condition,Light,Traffic Control,Driver Substance Abuse,Driver At Fault,Injury Severity,Circumstance,Driver Distracted By,Drivers License State,Vehicle Body Type,Vehicle Movement,Speed Limit,Driverless Vehicle,Vehicle Year,Vehicle Make,Vehicle Model,Latitude,Longitude,Year,Month,Hour
220006774,Property Damage Crash,02/16/2022 12:00:00 PM,NA,NA,SAME DIRECTION SIDESWIPE,Clear,NA,Daylight,NO CONTROLS,NONE DETECTED,Yes,No Apparent Injury,N/A,UNKNOWN,NA,PASSENGER CAR,MOVING CONSTANT SPEED,25,No,2005,TOYT,CAMRY,39.11803167,-77.183865,2022,2,12
220006767,Property Damage Crash,02/16/2022 11:35:00 AM,NA,NA,SINGLE VEHICLE,Clear,NA,Daylight,NO CONTROLS,NONE DETECTED,Yes,No Apparent Injury,N/A,UNKNOWN,MD,AMBULANCE/EMERGENCY,MOVING CONSTANT SPEED,0,No,2018,FRHT,AM,39.08354205,-77.15796733,2022,2,11
220006876,Property Damage Crash,02/16/2022 10:15:00 AM,GOSHEN RD,NA,HEAD ON LEFT TURN,Clear,DRY,Medium,TRAFFIC SIGNAL,NONE DETECTED,No,No Apparent Injury,N/A,NOT DISTRACTED,VA,PASSENGER CAR,MOVING CONSTANT SPEED,35,No,2014,BMW,X3,39.16950667,-77.19054,2022,2,10
220006876,Property Damage Crash,02/16/2022 10:15:00 AM,GOSHEN RD,NA,HEAD ON LEFT TURN,Clear,DRY,Medium,TRAFFIC SIGNAL,NONE DETECTED,Yes,No Apparent Injury,N/A,LOOKED BUT DID NOT SEE,MD,PASSENGER CAR,MAKING LEFT TURN,35,No,2012,KIA,TK,39.16950667,-77.19054,2022,2,10
220006754,Injury Crash,02/16/2022 10:02:00 AM,WESTLAKE TERR,NA,SAME DIRECTION LEFT TURN,Clear,DRY,Daylight,TRAFFIC SIGNAL,NONE DETECTED,Yes,No Apparent Injury,N/A,LOOKED BUT DID NOT SEE,MD,"MEDIUM/HEAVY TRUCKS 3 AXLES (OVER 10,000LBS (4,536KG))",MAKING LEFT TURN,35,No,2021,FREIGHT LINER,ST,39.02622667,-77.14422333,2022,2,10
220006754,Injury Crash,02/16/2022 10:02:00 AM,WESTLAKE TERR,NA,SAME DIRECTION LEFT TURN,Clear,DRY,Daylight,TRAFFIC SIGNAL,NONE DETECTED,No,Possible Minor Injury,N/A,NOT DISTRACTED,MD,PASSENGER CAR,MOVING CONSTANT SPEED,35,No,2019,MECEDES BENZ,E450,39.02622667,-77.14422333,2022,2,10
220006732,Injury Crash,02/16/2022 08:30:00 AM,COLUMBIA PIKE,NA,OPPOSITE DIRECTION SIDESWIPE,Clear,DRY,Daylight,TRAFFIC SIGNAL,NONE DETECTED,Yes,Suspected Serious Injury,N/A,LOOKED BUT DID NOT SEE,MD,PASSENGER CAR,CHANGING LANES,35,No,2020,KIA,OPTIMA,39.03923417,-76.99785767,2022,2,8
220006732,Injury Crash,02/16/2022 08:30:00 AM,COLUMBIA PIKE,NA,OPPOSITE DIRECTION SIDESWIPE,Clear,DRY,Daylight,TRAFFIC SIGNAL,NONE DETECTED,No,No Apparent Injury,N/A,NOT DISTRACTED,DC,OTHER BUS,MOVING CONSTANT SPEED,35,No,2008,FORD,E350,39.03923417,-76.99785767,2022,2,8
220006732,Injury Crash,02/16/2022 08:30:00 AM,COLUMBIA PIKE,NA,OPPOSITE DIRECTION SIDESWIPE,Clear,DRY,Daylight,TRAFFIC SIGNAL,NONE DETECTED,No,No Apparent Injury,N/A,NOT DISTRACTED,MD,PASSENGER CAR,MOVING CONSTANT SPEED,35,No,1999,CHEVY,TAHOE,39.03923417,-76.99785767,2022,2,8
220006725,Property Damage Crash,02/16/2022 07:46:00 AM,KNOWLES AVE,NA,SAME DIRECTION RIGHT TURN,Clear,DRY,Daylight,TRAFFIC SIGNAL,NONE DETECTED,Unknown,No Apparent Injury,N/A,NOT DISTRACTED,MD,(SPORT) UTILITY VEHICLE,CHANGING LANES,30,No,2021,BMW,X5,39.02686667,-77.07740167,2022,2,7
220006725,Property Damage Crash,02/16/2022 07:46:00 AM,KNOWLES AVE,NA,SAME DIRECTION RIGHT TURN,Clear,DRY,Daylight,TRAFFIC SIGNAL,NONE DETECTED,Unknown,No Apparent Injury,N/A,NOT DISTRACTED,MD,PASSENGER CAR,MOVING CONSTANT SPEED,30,No,2013,HOND,INSIGHT,39.02686667,-77.07740167,2022,2,7
220006720,Property Damage Crash,02/16/2022 07:20:00 AM,CROSBY RD,NA,SAME DIR REAR END,Clear,DRY,Daylight,NO CONTROLS,NONE DETECTED,No,No Apparent Injury,N/A,NO DRIVER PRESENT,NA,NA,UNKNOWN,25,No,0,UNKNOWN,UNKNOWN,39.00686174,-77.0325166,2022,2,7
220006719,Property Damage Crash,02/16/2022 06:15:00 AM,BROOKE RD,NA,SINGLE VEHICLE,Clear,ICE,Medium,NO CONTROLS,NONE DETECTED,No,No Apparent Injury,"ICY OR SNOW-COVERED, N/A",NOT DISTRACTED,MD,PASSENGER CAR,MOVING CONSTANT SPEED,30,No,2006,CHEV,CORVETTE,39.15329,-77.03106833,2022,2,6
220006685,Injury Crash,02/15/2022 09:35:00 PM,SNOUFFER SCHOOL RD,NA,HEAD ON LEFT TURN,Clear,DRY,Medium,NO CONTROLS,NONE DETECTED,Yes,No Apparent Injury,N/A,NOT DISTRACTED,VA,PASSENGER CAR,MAKING LEFT TURN,40,No,2021,AUDI,HB,39.16438217,-77.167394,2022,2,21
220006685,Injury Crash,02/15/2022 09:35:00 PM,SNOUFFER SCHOOL RD,NA,HEAD ON LEFT TURN,Clear,DRY,Medium,NO CONTROLS,NONE DETECTED,No,Possible Minor Injury,N/A,NOT DISTRACTED,MD,PASSENGER CAR,MOVING CONSTANT SPEED,40,No,2017,HYUN,UT,39.16438217,-77.167394,2022,2,21
220006682,Property Damage Crash,02/15/2022 09:01:00 PM,FOX CHAPEL DR,NA,SAME DIR REAR END,Clear,DRY,Medium,NO CONTROLS,ALCOHOL PRESENT,Yes,No Apparent Injury,N/A,UNKNOWN,MD,PASSENGER CAR,MOVING CONSTANT SPEED,25,No,2020,CHEVROLET,CAMARO,39.17169833,-77.23777667,2022,2,21
220006672,Property Damage Crash,02/15/2022 07:42:00 PM,CONTOUR RD,NA,STRAIGHT MOVEMENT ANGLE,Clear,DRY,Medium,STOP SIGN,NONE DETECTED,No,No Apparent Injury,N/A,NOT DISTRACTED,MD,PASSENGER CAR,MOVING CONSTANT SPEED,30,No,2012,TOYT,CAMRY,39.15547417,-77.2001065,2022,2,19
220006672,Property Damage Crash,02/15/2022 07:42:00 PM,CONTOUR RD,NA,STRAIGHT MOVEMENT ANGLE,Clear,DRY,Medium,STOP SIGN,NONE DETECTED,Yes,No Apparent Injury,N/A,LOOKED BUT DID NOT SEE,MD,PASSENGER CAR,MAKING RIGHT TURN,30,No,2016,TOYT,COROLLA,39.15547417,-77.2001065,2022,2,19
220006689,Property Damage Crash,02/15/2022 06:58:00 PM,CENTURY BLVD,NA,SAME DIR REAR END,Clear,DRY,Medium,NO CONTROLS,NONE DETECTED,No,No Apparent Injury,N/A,NOT DISTRACTED,MD,OTHER,PARKED,15,No,2007,BMW,328,39.1809656,-77.26745467,2022,2,18
220006689,Property Damage Crash,02/15/2022 06:58:00 PM,CENTURY BLVD,NA,SAME DIR REAR END,Clear,DRY,Medium,NO CONTROLS,NONE DETECTED,Yes,No Apparent Injury,N/A,INATTENTIVE OR LOST IN THOUGHT,VA,PASSENGER CAR,STARTING FROM PARKED,15,No,2011,TOYT,4D,39.1809656,-77.26745467,2022,2,18
220006646,Injury Crash,02/15/2022 05:23:00 PM,COLESVILLE RD,NA,HEAD ON,Clear,DRY,Daylight,OTHER,NONE DETECTED,Yes,Possible Minor Injury,N/A,OTHER DISTRACTION,DC,PASSENGER CAR,CHANGING LANES,35,No,2013,NISSAN,ALTIMA,39.00334167,-77.02406833,2022,2,17
220006646,Injury Crash,02/15/2022 05:23:00 PM,COLESVILLE RD,NA,HEAD ON,Clear,DRY,Daylight,OTHER,NONE DETECTED,No,Possible Minor Injury,N/A,NOT DISTRACTED,MD,PASSENGER CAR,MOVING CONSTANT SPEED,35,No,2018,VOLK,ATLAS,39.00334167,-77.02406833,2022,2,17
220006640,Injury Crash,02/15/2022 04:47:00 PM,WISCONSIN AVE,NA,STRAIGHT MOVEMENT ANGLE,Clear,DRY,Daylight,TRAFFIC SIGNAL,NONE DETECTED,No,Possible Minor Injury,N/A,NOT DISTRACTED,MD,(SPORT) UTILITY VEHICLE,MAKING LEFT TURN,30,No,2014,HONDA,CRV,38.96550333,-77.08811,2022,2,16
220006640,Injury Crash,02/15/2022 04:47:00 PM,WISCONSIN AVE,NA,STRAIGHT MOVEMENT ANGLE,Clear,DRY,Daylight,TRAFFIC SIGNAL,NONE DETECTED,Yes,Possible Minor Injury,N/A,OTHER DISTRACTION,MD,PASSENGER CAR,MOVING CONSTANT SPEED,30,No,2007,HONDA,ACCORD,38.96550333,-77.08811,2022,2,16
220006634,Property Damage Crash,02/15/2022 04:45:00 PM,NEW HAMPSHIRE AVE,NA,HEAD ON LEFT TURN,Clear,DRY,Daylight,NO CONTROLS,NONE DETECTED,Yes,No Apparent Injury,N/A,UNKNOWN,MD,PASSENGER CAR,MAKING LEFT TURN,35,No,2008,HOND,TK,39.0318445,-76.984631,2022,2,16
220006634,Property Damage Crash,02/15/2022 04:45:00 PM,NEW HAMPSHIRE AVE,NA,HEAD ON LEFT TURN,Clear,DRY,Daylight,NO CONTROLS,NONE DETECTED,No,No Apparent Injury,N/A,NOT DISTRACTED,MD,PASSENGER CAR,MOVING CONSTANT SPEED,35,No,2009,INFI,CPE,39.0318445,-76.984631,2022,2,16
220006626,Injury Crash,02/15/2022 04:38:00 PM,RIDGE RD,NA,HEAD ON,Clear,DRY,Daylight,NO CONTROLS,NONE DETECTED,Yes,Suspected Serious Injury,"BACKUP DUE TO PRIOR CRASH, N/A",UNKNOWN,MD,PASSENGER CAR,MOVING CONSTANT SPEED,40,No,2005,CHRYSLER,300,39.22979533,-77.23652506,2022,2,16
220006615,Property Damage Crash,02/15/2022 03:48:00 PM,RIDGE RD,NA,SAME DIR REAR END,Clear,DRY,Daylight,NO CONTROLS,NONE DETECTED,Yes,No Apparent Injury,N/A,INATTENTIVE OR LOST IN THOUGHT,MD,PASSENGER CAR,SLOWING OR STOPPING,40,No,2012,TOYOTA,CAMRY,39.22912667,-77.23678,2022,2,15
220006615,Property Damage Crash,02/15/2022 03:48:00 PM,RIDGE RD,NA,SAME DIR REAR END,Clear,DRY,Daylight,NO CONTROLS,NONE DETECTED,No,No Apparent Injury,N/A,NOT DISTRACTED,MD,(SPORT) UTILITY VEHICLE,SLOWING OR STOPPING,40,No,2007,GMC,ENVOY,39.22912667,-77.23678,2022,2,15
220006614,Property Damage Crash,02/15/2022 03:45:00 PM,NA,NA,HEAD ON LEFT TURN,Clear,NA,Daylight,NO CONTROLS,NONE DETECTED,No,No Apparent Injury,N/A,UNKNOWN,NA,PASSENGER CAR,MOVING CONSTANT SPEED,10,No,2015,CHEVY,EQUINOX,39.14013365,-77.20957578,2022,2,15
220006614,Property Damage Crash,02/15/2022 03:45:00 PM,NA,NA,HEAD ON LEFT TURN,Clear,NA,Daylight,NO CONTROLS,NONE DETECTED,Yes,No Apparent Injury,N/A,NOT DISTRACTED,MD,PASSENGER CAR,MOVING CONSTANT SPEED,10,No,2009,AUDI,A4,39.14013365,-77.20957578,2022,2,15
220006613,Injury Crash,02/15/2022 03:44:00 PM,BARNESVILLE RD,NA,HEAD ON LEFT TURN,Clear,DRY,Daylight,NO CONTROLS,NONE DETECTED,Yes,Possible Minor Injury,N/A,NOT DISTRACTED,MD,PASSENGER CAR,MAKING LEFT TURN,40,No,2017,TOYOTA,COROLLA,39.19432369,-77.32549495,2022,2,15
220006613,Injury Crash,02/15/2022 03:44:00 PM,BARNESVILLE RD,NA,HEAD ON LEFT TURN,Clear,DRY,Daylight,NO CONTROLS,NONE DETECTED,No,No Apparent Injury,N/A,NOT DISTRACTED,MD,PASSENGER CAR,MOVING CONSTANT SPEED,40,No,2020,KIA,OPTIMA,39.19432369,-77.32549495,2022,2,15
220006606,Property Damage Crash,02/15/2022 03:30:00 PM,E RANDOLPH RD,NA,SAME DIR REAR END,Clear,DRY,Daylight,NO CONTROLS,NONE DETECTED,Yes,No Apparent Injury,"BACKUP DUE TO REGULAR CONGESTION, N/A",UNKNOWN,MD,"CARGO VAN/LIGHT TRUCK 2 AXLES (OVER 10,000LBS (4,536 KG))",MOVING CONSTANT SPEED,35,No,2012,INTERNATIONAL,DURA STAR,39.07520467,-76.99349317,2022,2,15
220006606,Property Damage Crash,02/15/2022 03:30:00 PM,E RANDOLPH RD,NA,SAME DIR REAR END,Clear,DRY,Daylight,NO CONTROLS,NONE DETECTED,No,No Apparent Injury,"BACKUP DUE TO REGULAR CONGESTION, N/A",NOT DISTRACTED,MD,PASSENGER CAR,MOVING CONSTANT SPEED,35,No,2014,NISSAN,ALTIMA,39.07520467,-76.99349317,2022,2,15
220006604,Property Damage Crash,02/15/2022 03:01:00 PM,RESERVE CHAMPION DR,NA,SAME DIRECTION SIDESWIPE,Clear,DRY,Daylight,NO CONTROLS,NONE DETECTED,No,No Apparent Injury,N/A,NOT DISTRACTED,MD,PASSENGER CAR,MOVING CONSTANT SPEED,25,No,2021,MAZD,WG,39.11528989,-77.17670181,2022,2,15
220006604,Property Damage Crash,02/15/2022 03:01:00 PM,RESERVE CHAMPION DR,NA,SAME DIRECTION SIDESWIPE,Clear,DRY,Daylight,NO CONTROLS,NONE DETECTED,Yes,No Apparent Injury,N/A,UNKNOWN,MD,PASSENGER CAR,STARTING FROM PARKED,25,No,2000,ACURA,4D,39.11528989,-77.17670181,2022,2,15
220006586,Injury Crash,02/15/2022 02:00:00 PM,CONNECTICUT AVE,NA,SINGLE VEHICLE,Clear,DRY,Daylight,NO CONTROLS,NONE DETECTED,Yes,Possible Minor Injury,N/A,LOOKED BUT DID NOT SEE,MD,PASSENGER CAR,MOVING CONSTANT SPEED,35,No,2010,NISSIAN,ALTIMA,39.04867,-77.075375,2022,2,14
220006593,Property Damage Crash,02/15/2022 01:25:00 PM,CONNECTICUT AVE,NA,SAME DIRECTION SIDESWIPE,Clear,DRY,Daylight,NO CONTROLS,NONE DETECTED,No,No Apparent Injury,N/A,NOT DISTRACTED,MD,"OTHER LIGHT TRUCKS (10,000LBS (4,536KG) OR LESS)",PARKED,30,No,2017,MORGAN OLSON,TRUCK,38.97750806,-77.0769681,2022,2,13
220006593,Property Damage Crash,02/15/2022 01:25:00 PM,CONNECTICUT AVE,NA,SAME DIRECTION SIDESWIPE,Clear,DRY,Daylight,NO CONTROLS,NONE DETECTED,Yes,No Apparent Injury,N/A,UNKNOWN,NA,NA,MOVING CONSTANT SPEED,30,No,0,UNKNOWN,UNKNOWN,38.97750806,-77.0769681,2022,2,13
220006571,Property Damage Crash,02/15/2022 12:31:00 PM,CONNECTICUT AVE,NA,SAME DIR REAR END,Clear,DRY,Daylight,NO CONTROLS,NONE DETECTED,No,No Apparent Injury,N/A,UNKNOWN,NA,UNKNOWN,SLOWING OR STOPPING,40,No,0,UNKNOWN,UNKNOWN,39.08886333,-77.07242,2022,2,12
220006571,Property Damage Crash,02/15/2022 12:31:00 PM,CONNECTICUT AVE,NA,SAME DIR REAR END,Clear,DRY,Daylight,NO CONTROLS,NONE DETECTED,Yes,No Apparent Injury,N/A,NOT DISTRACTED,MD,PASSENGER CAR,MOVING CONSTANT SPEED,40,No,2003,HONDA,CRV,39.08886333,-77.07242,2022,2,12
220006572,Injury Crash,02/15/2022 12:30:00 PM,SAM EIG HWY,PEDESTRIAN,OTHER,Clear,DRY,Daylight,NO CONTROLS,NONE DETECTED,Yes,No Apparent Injury,N/A,LOOKED BUT DID NOT SEE,MD,PASSENGER CAR,STARTING FROM LANE,25,No,2020,CHEV,CAMARO,39.11360525,-77.20839938,2022,2,12
220006697,Property Damage Crash,02/15/2022 11:45:00 AM,MONTROSE RD,NA,N/A,Clear,DRY,Medium,N/A,NONE DETECTED,No,No Apparent Injury,"DEBRIS OR OBSTRUCTION, N/A",NOT DISTRACTED,MD,PASSENGER CAR,MOVING CONSTANT SPEED,40,No,1999,HONDA,CP,39.05556833,-77.14963,2022,2,11
220006550,Property Damage Crash,02/15/2022 10:50:00 AM,CONNECTICUT AVE,NA,HEAD ON,Clear,DRY,Daylight,OTHER,NONE DETECTED,No,No Apparent Injury,N/A,NOT DISTRACTED,MD,PASSENGER CAR,OTHER,25,No,2015,HONDA,CRV,39.08605,-77.07459333,2022,2,10
220006550,Property Damage Crash,02/15/2022 10:50:00 AM,CONNECTICUT AVE,NA,HEAD ON,Clear,DRY,Daylight,OTHER,NONE DETECTED,Yes,No Apparent Injury,N/A,UNKNOWN,NA,PASSENGER CAR,MAKING RIGHT TURN,30,No,2001,FORD,F150,39.08605,-77.07459333,2022,2,10
220006535,Injury Crash,02/15/2022 09:30:00 AM,HENDERSON CORNER RD,NA,STRAIGHT MOVEMENT ANGLE,Clear,DRY,Daylight,FLASHING TRAFFIC SIGNAL,NONE DETECTED,No,Possible Minor Injury,N/A,NOT DISTRACTED,MD,(SPORT) UTILITY VEHICLE,ACCELERATING,30,No,2020,GMC,ACADIA,39.20332333,-77.244335,2022,2,9
220006535,Injury Crash,02/15/2022 09:30:00 AM,HENDERSON CORNER RD,NA,STRAIGHT MOVEMENT ANGLE,Clear,DRY,Daylight,FLASHING TRAFFIC SIGNAL,NONE DETECTED,Yes,Possible Minor Injury,N/A,NOT DISTRACTED,MD,(SPORT) UTILITY VEHICLE,MOVING CONSTANT SPEED,30,No,2000,FORD,EXPLORER,39.20332333,-77.244335,2022,2,9
220006522,Property Damage Crash,02/15/2022 07:32:00 AM,DARNESTOWN RD,NA,SAME DIR REAR END,Clear,DRY,Daylight,TRAFFIC SIGNAL,NONE DETECTED,No,No Apparent Injury,N/A,NOT DISTRACTED,MD,PASSENGER CAR,STOPPED IN TRAFFIC LANE,40,No,2014,NISSAN,ALTIMA,39.10275967,-77.22159467,2022,2,7
220006522,Property Damage Crash,02/15/2022 07:32:00 AM,DARNESTOWN RD,NA,SAME DIR REAR END,Clear,DRY,Daylight,TRAFFIC SIGNAL,NONE DETECTED,Yes,No Apparent Injury,N/A,UNKNOWN,MD,PASSENGER CAR,MOVING CONSTANT SPEED,40,No,2005,CHRYSLER,PACIFICA,39.10275967,-77.22159467,2022,2,7
220006521,Property Damage Crash,02/15/2022 06:47:00 AM,NA,NA,SINGLE VEHICLE,Clear,NA,Medium,N/A,NONE DETECTED,No,No Apparent Injury,N/A,NOT DISTRACTED,MD,FIRE VEHICLE/EMERGENCY,STARTING FROM PARKED,0,No,2007,SPARTAN,FIRE ENGINE,38.97641,-77.09059833,2022,2,6
220006519,Property Damage Crash,02/15/2022 05:45:00 AM,FREDERICK RD,NA,SINGLE VEHICLE,Clear,DRY,Medium,NO CONTROLS,ALCOHOL PRESENT,Yes,No Apparent Injury,N/A,LOOKED BUT DID NOT SEE,MD,PASSENGER CAR,MOVING CONSTANT SPEED,35,No,2014,VOLKSWAGEN,PASSAT,39.1431737,-77.20061553,2022,2,5
220006509,Injury Crash,02/14/2022 11:01:00 PM,VEIRS MILL RD,NA,SAME DIR REAR END,Clear,ICE,Medium,TRAFFIC SIGNAL,NONE DETECTED,No,Possible Minor Injury,"ICY OR SNOW-COVERED, V WIPERS|W OTHER ENVIRONMENTAL",NOT DISTRACTED,MD,PASSENGER CAR,STOPPED IN TRAFFIC LANE,40,No,2022,HONDA,CIVIC,39.0515124,-77.07448966,2022,2,23
220006509,Injury Crash,02/14/2022 11:01:00 PM,VEIRS MILL RD,NA,SAME DIR REAR END,Clear,ICE,Medium,TRAFFIC SIGNAL,NONE DETECTED,Yes,Possible Minor Injury,"ICY OR SNOW-COVERED, V WIPERS|W OTHER ENVIRONMENTAL",UNKNOWN,DC,PASSENGER CAR,SKIDDING,40,No,1999,MAZDA,PROTEGE,39.0515124,-77.07448966,2022,2,23
220006504,Property Damage Crash,02/14/2022 09:20:00 PM,CITADEL AVE,NA,SINGLE VEHICLE,Clear,DRY,Medium,NO CONTROLS,NONE DETECTED,Yes,No Apparent Injury,N/A,LOOKED BUT DID NOT SEE,MD,TRANSIT BUS,MAKING LEFT TURN,25,No,2010,NEW,TBU,39.04818463,-77.10950403,2022,2,21
220006503,Property Damage Crash,02/14/2022 09:15:00 PM,MIDWAY AVE,NA,HEAD ON,Clear,DRY,Medium,STOP SIGN,ALCOHOL PRESENT,Yes,No Apparent Injury,N/A,UNKNOWN,MD,PASSENGER CAR,MOVING CONSTANT SPEED,25,No,2014,HONDA,4S,39.07997592,-77.13826298,2022,2,21
220006501,Property Damage Crash,02/14/2022 08:40:00 PM,FREDERICK RD,NA,SAME DIRECTION SIDESWIPE,Clear,DRY,Medium,TRAFFIC SIGNAL,NONE DETECTED,No,No Apparent Injury,N/A,NOT DISTRACTED,MD,PASSENGER CAR,MOVING CONSTANT SPEED,40,No,2014,TOYOTA,COROLLA,39.18182326,-77.23821327,2022,2,20
220006501,Property Damage Crash,02/14/2022 08:40:00 PM,FREDERICK RD,NA,SAME DIRECTION SIDESWIPE,Clear,DRY,Medium,TRAFFIC SIGNAL,NONE DETECTED,Yes,No Apparent Injury,N/A,LOOKED BUT DID NOT SEE,MD,PASSENGER CAR,CHANGING LANES,40,No,2010,HONDA,ACCORD,39.18182326,-77.23821327,2022,2,20
220006491,Injury Crash,02/14/2022 07:12:00 PM,MUDDY BRANCH RD,NA,STRAIGHT MOVEMENT ANGLE,Clear,DRY,Medium,TRAFFIC SIGNAL,NONE DETECTED,Yes,Possible Minor Injury,N/A,LOOKED BUT DID NOT SEE,MD,PASSENGER CAR,MOVING CONSTANT SPEED,40,No,2018,NISSAN,SW,39.12925083,-77.20772345,2022,2,19
220006491,Injury Crash,02/14/2022 07:12:00 PM,MUDDY BRANCH RD,NA,STRAIGHT MOVEMENT ANGLE,Clear,DRY,Medium,TRAFFIC SIGNAL,NONE DETECTED,No,No Apparent Injury,N/A,NOT DISTRACTED,MD,PASSENGER CAR,MOVING CONSTANT SPEED,40,No,2014,FORD,MUSTANG,39.12925083,-77.20772345,2022,2,19
220006487,Injury Crash,02/14/2022 06:43:00 PM,TRAVILAH RD,NA,SAME DIR REAR END,Clear,DRY,Medium,NO CONTROLS,NONE DETECTED,No,Possible Minor Injury,N/A,NOT DISTRACTED,MD,(SPORT) UTILITY VEHICLE,MAKING LEFT TURN,35,No,2013,TOYOTA,HIGHLANDER,39.08513684,-77.22452669,2022,2,18
220006487,Injury Crash,02/14/2022 06:43:00 PM,TRAVILAH RD,NA,SAME DIR REAR END,Clear,DRY,Medium,NO CONTROLS,NONE DETECTED,Yes,No Apparent Injury,N/A,NOT DISTRACTED,MD,PASSENGER CAR,SLOWING OR STOPPING,35,No,2018,BMW,330I,39.08513684,-77.22452669,2022,2,18
220006472,Injury Crash,02/14/2022 05:35:00 PM,W WATKINS MILL RD,NA,STRAIGHT MOVEMENT ANGLE,Clear,DRY,Medium,STOP SIGN,NONE DETECTED,No,Possible Minor Injury,N/A,NOT DISTRACTED,MD,PASSENGER CAR,MOVING CONSTANT SPEED,35,No,2001,TOYT,SD,39.14830308,-77.23266758,2022,2,17
220006472,Injury Crash,02/14/2022 05:35:00 PM,W WATKINS MILL RD,NA,STRAIGHT MOVEMENT ANGLE,Clear,DRY,Medium,STOP SIGN,NONE DETECTED,Yes,Possible Minor Injury,N/A,LOOKED BUT DID NOT SEE,MD,PASSENGER CAR,MAKING LEFT TURN,35,No,2017,HOND,TK,39.14830308,-77.23266758,2022,2,17
220006471,Property Damage Crash,02/14/2022 04:04:00 PM,GEORGIA AVE,NA,SAME DIR REAR END,Clear,DRY,Daylight,TRAFFIC SIGNAL,ALCOHOL PRESENT,Yes,No Apparent Injury,N/A,NOT DISTRACTED,MD,PASSENGER CAR,MOVING CONSTANT SPEED,35,No,2004,HONDA,ODYSSEY,39.08072763,-77.0754004,2022,2,16
220006471,Property Damage Crash,02/14/2022 04:04:00 PM,GEORGIA AVE,NA,SAME DIR REAR END,Clear,DRY,Daylight,TRAFFIC SIGNAL,NONE DETECTED,No,No Apparent Injury,N/A,NOT DISTRACTED,MD,PASSENGER CAR,STOPPED IN TRAFFIC LANE,35,No,2004,TOYOTA,SOLORA,39.08072763,-77.0754004,2022,2,16
220006452,Property Damage Crash,02/14/2022 03:34:00 PM,E DIAMOND AVE,NA,HEAD ON LEFT TURN,Clear,DRY,Daylight,N/A,NONE DETECTED,No,No Apparent Injury,N/A,UNKNOWN,MD,PASSENGER CAR,MOVING CONSTANT SPEED,30,No,2013,CHEV,SONIC LT,39.14198333,-77.188815,2022,2,15
220006452,Property Damage Crash,02/14/2022 03:34:00 PM,E DIAMOND AVE,NA,HEAD ON LEFT TURN,Clear,DRY,Daylight,N/A,NONE DETECTED,Yes,No Apparent Injury,N/A,UNKNOWN,MD,(SPORT) UTILITY VEHICLE,MAKING LEFT TURN,30,No,2007,GMC,ACADIA,39.14198333,-77.188815,2022,2,15
220006441,Property Damage Crash,02/14/2022 02:53:00 PM,S FREDERICK RD,NA,STRAIGHT MOVEMENT ANGLE,Clear,DRY,Daylight,STOP SIGN,NONE DETECTED,No,No Apparent Injury,N/A,NOT DISTRACTED,MD,PASSENGER CAR,MOVING CONSTANT SPEED,35,No,2017,TOYT,TK,39.13700353,-77.19249358,2022,2,14
220006441,Property Damage Crash,02/14/2022 02:53:00 PM,S FREDERICK RD,NA,STRAIGHT MOVEMENT ANGLE,Clear,DRY,Daylight,STOP SIGN,NONE DETECTED,Yes,No Apparent Injury,N/A,LOOKED BUT DID NOT SEE,MD,PASSENGER CAR,MAKING LEFT TURN,35,No,2002,HOND,PV,39.13700353,-77.19249358,2022,2,14
220006429,Injury Crash,02/14/2022 01:57:00 PM,NA,PEDESTRIAN,OTHER,Clear,NA,Daylight,NO CONTROLS,NONE DETECTED,Yes,No Apparent Injury,N/A,LOOKED BUT DID NOT SEE,MD,PICKUP TRUCK,MAKING RIGHT TURN,5,No,2020,FORD,F250,39.04094983,-77.05382283,2022,2,13
220006426,Property Damage Crash,02/14/2022 01:39:00 PM,S VAN BUREN ST,NA,SAME DIRECTION SIDESWIPE,Clear,DRY,Daylight,N/A,NONE DETECTED,Yes,No Apparent Injury,N/A,LOOKED BUT DID NOT SEE,VA,"MEDIUM/HEAVY TRUCKS 3 AXLES (OVER 10,000LBS (4,536KG))",MOVING CONSTANT SPEED,25,No,2014,MACK,TK,39.08078307,-77.15638609,2022,2,13
220006417,Property Damage Crash,02/14/2022 01:00:00 PM,FREDERICK RD,NA,SINGLE VEHICLE,Clear,DRY,Daylight,TRAFFIC SIGNAL,NONE DETECTED,Yes,No Apparent Injury,N/A,NOT DISTRACTED,MD,"CARGO VAN/LIGHT TRUCK 2 AXLES (OVER 10,000LBS (4,536 KG))",MOVING CONSTANT SPEED,45,No,2002,FRHT,TK,39.19870833,-77.24501167,2022,2,13
220006408,Property Damage Crash,02/14/2022 12:01:00 PM,NORBECK RD,NA,HEAD ON,Clear,DRY,Daylight,NO CONTROLS,NONE DETECTED,No,No Apparent Injury,N/A,NOT DISTRACTED,MD,PASSENGER CAR,MOVING CONSTANT SPEED,40,No,2018,MERC,TK,39.11981833,-77.04162333,2022,2,12
220006408,Property Damage Crash,02/14/2022 12:01:00 PM,NORBECK RD,NA,HEAD ON,Clear,DRY,Daylight,NO CONTROLS,NONE DETECTED,Yes,No Apparent Injury,N/A,NOT DISTRACTED,MD,PASSENGER CAR,MOVING CONSTANT SPEED,40,No,2022,HOND,UT,39.11981833,-77.04162333,2022,2,12
220006408,Property Damage Crash,02/14/2022 12:01:00 PM,NORBECK RD,NA,HEAD ON,Clear,DRY,Daylight,NO CONTROLS,NONE DETECTED,No,No Apparent Injury,N/A,NOT DISTRACTED,MD,PASSENGER CAR,MOVING CONSTANT SPEED,40,No,2021,HOND,UT,39.11981833,-77.04162333,2022,2,12
220006402,Injury Crash,02/14/2022 11:33:00 AM,FAIRLAND RD,NA,STRAIGHT MOVEMENT ANGLE,Clear,DRY,Daylight,TRAFFIC SIGNAL,NONE DETECTED,Yes,Possible Minor Injury,N/A,NOT DISTRACTED,MD,(SPORT) UTILITY VEHICLE,MOVING CONSTANT SPEED,45,No,2002,HONDA,CRV,39.07339233,-76.9554615,2022,2,11
220006402,Injury Crash,02/14/2022 11:33:00 AM,FAIRLAND RD,NA,STRAIGHT MOVEMENT ANGLE,Clear,DRY,Daylight,TRAFFIC SIGNAL,NONE DETECTED,No,Possible Minor Injury,N/A,NOT DISTRACTED,MD,PICKUP TRUCK,MOVING CONSTANT SPEED,35,No,2021,TOYOTA,TACOMA,39.07339233,-76.9554615,2022,2,11
220006388,Property Damage Crash,02/14/2022 10:25:00 AM,NA,NA,SINGLE VEHICLE,Clear,NA,Daylight,N/A,NONE DETECTED,Yes,No Apparent Injury,N/A,UNKNOWN,MD,PASSENGER CAR,STARTING FROM PARKED,5,No,2021,TOYOTA,CAMRY,39.14561013,-77.14355731,2022,2,10
220006382,Property Damage Crash,02/14/2022 09:41:00 AM,NEW HAMPSHIRE AVE,NA,OTHER,Clear,DRY,Daylight,NO CONTROLS,NONE DETECTED,No,No Apparent Injury,N/A,NOT DISTRACTED,MD,SCHOOL BUS,MOVING CONSTANT SPEED,25,No,2021,H,THMS SB,39.04392033,-76.9920415,2022,2,9