Local Case Number,ACRS Report Type,Crash Date/Time,Road Name,Related Non-Motorist,Collision Type,Weather,Surface Condition,Light,Traffic Control,Driver Substance Abuse,Driver At Fault,Injury Severity,Circumstance,Driver Distracted By,Drivers License State,Vehicle Body Type,Vehicle Movement,Speed Limit,Driverless Vehicle,Vehicle Year,Vehicle Make,Vehicle Model,Latitude,Longitude,Year,Month,Hour
220006382,Property Damage Crash,02/14/2022 09:41:00 AM,NEW HAMPSHIRE AVE,NA,OTHER,Clear,DRY,Daylight,NO CONTROLS,NONE DETECTED,Yes,No Apparent Injury,N/A,NOT DISTRACTED,NA,NA,MOVING CONSTANT SPEED,25,Unknown,0,UNKNOWN,UNKNOWN,39.04392033,-76.9920415,2022,2,9
220006378,Injury Crash,02/14/2022 09:13:00 AM,GEORGIA AVE,NA,SAME DIR REAR END,Cloudy,DRY,Daylight,N/A,NONE DETECTED,No,No Apparent Injury,N/A,NOT DISTRACTED,MD,TRANSIT BUS,STOPPED IN TRAFFIC LANE,35,No,2010,TBU,BUS,38.99726,-77.02945,2022,2,9
220006378,Injury Crash,02/14/2022 09:13:00 AM,GEORGIA AVE,NA,SAME DIR REAR END,Cloudy,DRY,Daylight,N/A,NONE DETECTED,Yes,No Apparent Injury,N/A,LOOKED BUT DID NOT SEE,CO,PASSENGER CAR,BACKING,35,No,2009,HONDA,ACCORD,38.99726,-77.02945,2022,2,9
220006374,Property Damage Crash,02/14/2022 08:50:00 AM,MISSISSIPPI AVE,NA,HEAD ON,Clear,DRY,Daylight,NO CONTROLS,NONE DETECTED,Yes,No Apparent Injury,N/A,UNKNOWN,MD,PASSENGER CAR,MOVING CONSTANT SPEED,25,No,2012,HONDA,FIT,38.98973,-77.01331167,2022,2,8
220006374,Property Damage Crash,02/14/2022 08:50:00 AM,MISSISSIPPI AVE,NA,HEAD ON,Clear,DRY,Daylight,NO CONTROLS,NONE DETECTED,No,No Apparent Injury,N/A,UNKNOWN,DC,PASSENGER CAR,PARKED,0,No,2019,GMC,UT,38.98973,-77.01331167,2022,2,8
220006367,Injury Crash,02/14/2022 07:19:00 AM,OLD GEORGETOWN RD,PEDESTRIAN,SINGLE VEHICLE,Cloudy,DRY,Daylight,PERSON,NONE DETECTED,Yes,No Apparent Injury,N/A,LOOKED BUT DID NOT SEE,MD,(SPORT) UTILITY VEHICLE,MAKING RIGHT TURN,35,No,2015,TOYOTA,HIGHLANDER,39.009995,-77.11493667,2022,2,7
220006366,Injury Crash,02/14/2022 07:00:00 AM,CONNECTICUT AVE,PEDESTRIAN,STRAIGHT MOVEMENT ANGLE,Cloudy,DRY,Daylight,TRAFFIC SIGNAL,NONE DETECTED,Yes,No Apparent Injury,N/A,LOOKED BUT DID NOT SEE,MD,PASSENGER CAR,MAKING LEFT TURN,35,No,2018,FORD,FIESTA,39.06367167,-77.07343,2022,2,7
220006361,Property Damage Crash,02/14/2022 02:57:00 AM,CHERRY HILL RD,NA,STRAIGHT MOVEMENT ANGLE,Clear,DRY,Medium,FLASHING TRAFFIC SIGNAL,ALCOHOL PRESENT,Yes,No Apparent Injury,N/A,UNKNOWN,MD,PASSENGER CAR,MOVING CONSTANT SPEED,40,No,2009,HOND,VN,39.05588827,-76.954144350000007,2022,2,2
220006361,Property Damage Crash,02/14/2022 02:57:00 AM,CHERRY HILL RD,NA,STRAIGHT MOVEMENT ANGLE,Clear,DRY,Medium,FLASHING TRAFFIC SIGNAL,NONE DETECTED,No,No Apparent Injury,N/A,NOT DISTRACTED,MD,PASSENGER CAR,MOVING CONSTANT SPEED,40,No,2016,CADI,TK,39.05588827,-76.954144350000007,2022,2,2
220006341,Injury Crash,02/13/2022 07:30:00 PM,ARCOLA AVE,NA,OTHER,Clear,DRY,Medium,NO CONTROLS,NONE DETECTED,Yes,Possible Minor Injury,N/A,LOOKED BUT DID NOT SEE,MD,PASSENGER CAR,ACCELERATING,10,No,2018,NISSAN,ROGUE,39.04718533,-77.04536233,2022,2,19
220006341,Injury Crash,02/13/2022 07:30:00 PM,ARCOLA AVE,NA,OTHER,Clear,DRY,Medium,NO CONTROLS,NONE DETECTED,No,Possible Minor Injury,N/A,NOT DISTRACTED,MD,PASSENGER CAR,MOVING CONSTANT SPEED,35,No,2005,HONDA,ACCORD,39.04718533,-77.04536233,2022,2,19
220006332,Property Damage Crash,02/13/2022 05:30:00 PM,NA,NA,OTHER,Clear,NA,Medium,NO CONTROLS,NONE DETECTED,No,No Apparent Injury,N/A,NOT DISTRACTED,MD,PASSENGER CAR,PARKED,15,No,2008,HONDA,CIVIC,39.1409978,-77.19320407,2022,2,17
220006332,Property Damage Crash,02/13/2022 05:30:00 PM,NA,NA,OTHER,Clear,NA,Medium,NO CONTROLS,NONE DETECTED,Yes,No Apparent Injury,N/A,LOOKED BUT DID NOT SEE,MD,PASSENGER CAR,BACKING,15,No,2010,HONDA,CRV,39.1409978,-77.19320407,2022,2,17
220006334,Property Damage Crash,02/13/2022 05:02:00 PM,GEORGIA AVE,NA,SAME DIRECTION RIGHT TURN,Clear,DRY,Daylight,TRAFFIC SIGNAL,NONE DETECTED,Yes,No Apparent Injury,N/A,UNKNOWN,NA,PASSENGER CAR,CHANGING LANES,30,No,2016,FORD,4S,39.02157,-77.04487833,2022,2,17
220006334,Property Damage Crash,02/13/2022 05:02:00 PM,GEORGIA AVE,NA,SAME DIRECTION RIGHT TURN,Clear,DRY,Daylight,TRAFFIC SIGNAL,NONE DETECTED,No,No Apparent Injury,N/A,NOT DISTRACTED,MD,(SPORT) UTILITY VEHICLE,STOPPED IN TRAFFIC LANE,30,No,2012,CHEVROLET,4S,39.02157,-77.04487833,2022,2,17
220006335,Property Damage Crash,02/13/2022 05:00:00 PM,RANDOLPH RD,NA,SAME DIRECTION SIDESWIPE,Clear,DRY,Daylight,N/A,NONE DETECTED,Yes,No Apparent Injury,N/A,UNKNOWN,MD,PASSENGER CAR,MOVING CONSTANT SPEED,45,No,2011,HYUN,GENESIS,39.0689195,-77.01467801,2022,2,17
220006335,Property Damage Crash,02/13/2022 05:00:00 PM,RANDOLPH RD,NA,SAME DIRECTION SIDESWIPE,Clear,DRY,Daylight,N/A,NONE DETECTED,No,No Apparent Injury,N/A,NOT DISTRACTED,MD,PASSENGER CAR,MOVING CONSTANT SPEED,45,No,2018,TOYOTA,COROLLA,39.0689195,-77.01467801,2022,2,17
220006320,Injury Crash,02/13/2022 03:02:00 PM,CAPITOL VIEW AVE,NA,HEAD ON,Clear,DRY,Daylight,N/A,ALCOHOL PRESENT,Yes,No Apparent Injury,N/A,NOT DISTRACTED,MD,PASSENGER CAR,OTHER,35,No,2006,PORSCHE,CAYENNE,39.01491624,-77.05532033,2022,2,15
220006320,Injury Crash,02/13/2022 03:02:00 PM,CAPITOL VIEW AVE,NA,HEAD ON,Clear,DRY,Daylight,N/A,NONE DETECTED,No,Possible Minor Injury,N/A,NOT DISTRACTED,MD,PASSENGER CAR,MOVING CONSTANT SPEED,35,No,2019,RAM,PROMASTER CITY - VAN,39.01491624,-77.05532033,2022,2,15
220006317,Property Damage Crash,02/13/2022 02:55:00 PM,BONIFANT RD,NA,STRAIGHT MOVEMENT ANGLE,Clear,WET,Daylight,TRAFFIC SIGNAL,NONE DETECTED,No,No Apparent Injury,"N/A, WET",NOT DISTRACTED,MD,PASSENGER CAR,MOVING CONSTANT SPEED,35,No,2015,ACURA,SD,39.096095,-77.00203667,2022,2,14
220006317,Property Damage Crash,02/13/2022 02:55:00 PM,BONIFANT RD,NA,STRAIGHT MOVEMENT ANGLE,Clear,WET,Daylight,TRAFFIC SIGNAL,NONE DETECTED,Yes,No Apparent Injury,"N/A, WET",NOT DISTRACTED,MD,(SPORT) UTILITY VEHICLE,MOVING CONSTANT SPEED,45,No,2015,HONDA,CRV,39.096095,-77.00203667,2022,2,14
220006306,Property Damage Crash,02/13/2022 01:28:00 PM,NA,NA,OTHER,Clear,NA,Daylight,NO CONTROLS,NONE DETECTED,Yes,No Apparent Injury,N/A,LOOKED BUT DID NOT SEE,MD,PASSENGER CAR,PARKING,0,No,2018,TOYOTA,CAMRY,39.11299159,-76.93363292,2022,2,13
220006306,Property Damage Crash,02/13/2022 01:28:00 PM,NA,NA,OTHER,Clear,NA,Daylight,NO CONTROLS,NONE DETECTED,No,No Apparent Injury,N/A,NOT DISTRACTED,MD,PASSENGER CAR,STARTING FROM PARKED,0,No,2015,TOYOTA,SIENNA,39.11299159,-76.93363292,2022,2,13
220006654,Property Damage Crash,02/13/2022 12:02:00 PM,NA,NA,SAME DIRECTION SIDESWIPE,Clear,NA,Daylight,N/A,NONE DETECTED,Yes,No Apparent Injury,N/A,UNKNOWN,MD,PASSENGER CAR,PARKING,5,No,2006,ACURA,TSX,38.97819607,-77.09057369,2022,2,12
220006294,Property Damage Crash,02/13/2022 11:00:00 AM,RIDGE RD,NA,SAME DIR REND LEFT TURN,Snow,WET,Daylight,TRAFFIC SIGNAL,NONE DETECTED,Yes,No Apparent Injury,"N/A, WET",NOT DISTRACTED,MD,PASSENGER CAR,SLOWING OR STOPPING,45,No,2014,KIA,OPTIMA,39.202315,-77.2526,2022,2,11
220006294,Property Damage Crash,02/13/2022 11:00:00 AM,RIDGE RD,NA,SAME DIR REND LEFT TURN,Snow,WET,Daylight,TRAFFIC SIGNAL,NONE DETECTED,Yes,No Apparent Injury,"N/A, WET",NOT DISTRACTED,MD,(SPORT) UTILITY VEHICLE,STOPPED IN TRAFFIC LANE,45,No,2006,BMW,X5,39.202315,-77.2526,2022,2,11
220006294,Property Damage Crash,02/13/2022 11:00:00 AM,RIDGE RD,NA,SAME DIR REND LEFT TURN,Snow,WET,Daylight,TRAFFIC SIGNAL,NONE DETECTED,No,No Apparent Injury,"N/A, WET",NOT DISTRACTED,DC,PASSENGER CAR,STOPPED IN TRAFFIC LANE,45,No,2016,CHEV,MALIBU,39.202315,-77.2526,2022,2,11
220006281,Injury Crash,02/13/2022 05:50:00 AM,ROCKLEDGE BLVD,NA,STRAIGHT MOVEMENT ANGLE,Snow,WET,Medium,TRAFFIC SIGNAL,NONE DETECTED,No,Possible Minor Injury,"RAIN, SNOW, WET",NOT DISTRACTED,MD,PASSENGER CAR,MOVING CONSTANT SPEED,35,No,2018,NISSAN,PATHFINER,39.03107333,-77.13158333,2022,2,5
220006281,Injury Crash,02/13/2022 05:50:00 AM,ROCKLEDGE BLVD,NA,STRAIGHT MOVEMENT ANGLE,Snow,WET,Medium,TRAFFIC SIGNAL,NONE DETECTED,Yes,Possible Minor Injury,"RAIN, SNOW, WET",LOOKED BUT DID NOT SEE,DC,PASSENGER CAR,MOVING CONSTANT SPEED,35,No,2012,HONDA,PI;OT,39.03107333,-77.13158333,2022,2,5
220006279,Property Damage Crash,02/13/2022 05:06:00 AM,FREDERICK RD,NA,SINGLE VEHICLE,Snow,WET,Medium,FLASHING TRAFFIC SIGNAL,ALCOHOL PRESENT,Yes,No Apparent Injury,"ICY OR SNOW-COVERED, RAIN, SNOW, WET",OTHER DISTRACTION,XX,PASSENGER CAR,MOVING CONSTANT SPEED,45,No,2011,TOYOTA,CAMRY,39.21577998,-77.25247029,2022,2,5
220006276,Property Damage Crash,02/13/2022 03:38:00 AM,FLOWER HILL WAY,NA,SAME DIR REAR END,Snow,WET,Medium,NO CONTROLS,NONE DETECTED,Yes,No Apparent Injury,"RAIN, SNOW, WET",UNKNOWN,NA,PASSENGER CAR,MOVING CONSTANT SPEED,25,No,2010,CHEVY,AVEO,39.15935953,-77.17196928,2022,2,3
220006271,Property Damage Crash,02/13/2022 01:25:00 AM,MIDDLE RD,NA,SAME DIR REAR END,Rain,WET,Medium,N/A,NONE DETECTED,Yes,No Apparent Injury,N/A,UNKNOWN,MD,PASSENGER CAR,ACCELERATING,25,No,2016,CHEVY,TK,39.05873133,-77.09053167,2022,2,1
220006266,Property Damage Crash,02/13/2022 01:00:00 AM,ROCKVILLE PIKE,NA,SINGLE VEHICLE,Rain,WET,Medium,FLASHING TRAFFIC SIGNAL,NONE DETECTED,Yes,No Apparent Injury,N/A,UNKNOWN,NA,PASSENGER CAR,UNKNOWN,40,Unknown,2017,HONDA,ACCORD,39.05484533,-77.11802667,2022,2,1
220006263,Injury Crash,02/12/2022 11:47:00 PM,CLOPPER RD,NA,SAME DIR REAR END,Rain,WET,Medium,TRAFFIC SIGNAL,NONE DETECTED,Yes,No Apparent Injury,"N/A, RAIN, SNOW",UNKNOWN,NA,PASSENGER CAR,MOVING CONSTANT SPEED,35,No,2017,HONDA,ACCORD,39.163235,-77.24896667,2022,2,23
220006263,Injury Crash,02/12/2022 11:47:00 PM,CLOPPER RD,NA,SAME DIR REAR END,Rain,WET,Medium,TRAFFIC SIGNAL,NONE DETECTED,No,Possible Minor Injury,"N/A, RAIN, SNOW",NOT DISTRACTED,MD,PASSENGER CAR,STOPPED IN TRAFFIC LANE,35,No,2018,HONDA,ACCORD,39.163235,-77.24896667,2022,2,23
220006260,Injury Crash,02/12/2022 11:00:00 PM,GOSHEN RD,NA,SINGLE VEHICLE,Clear,DRY,Dark,NO CONTROLS,NONE DETECTED,Yes,Possible Minor Injury,N/A,TALKING OR LISTENING TO CELLULAR PHONE,VA,PASSENGER CAR,MOVING CONSTANT SPEED,35,No,2016,TOYOTA,ACCENT,39.18382667,-77.18784,2022,2,23
220006261,Property Damage Crash,02/12/2022 10:44:00 PM,GAME PRESERVE RD,NA,SINGLE VEHICLE,Clear,DRY,Medium,NO CONTROLS,NONE DETECTED,Yes,No Apparent Injury,N/A,NOT DISTRACTED,NA,PASSENGER CAR,MOVING CONSTANT SPEED,40,No,2017,JEEP,GRAND CHEREKEE,39.16567253,-77.2269897,2022,2,22
220006254,Property Damage Crash,02/12/2022 09:45:00 PM,PINEY BRANCH RD,NA,SAME DIRECTION SIDESWIPE,Clear,DRY,Medium,NO CONTROLS,NONE DETECTED,Yes,No Apparent Injury,N/A,NOT DISTRACTED,NA,PASSENGER CAR,CHANGING LANES,35,No,2015,HONDA,CIVIC,38.99935833,-76.99617,2022,2,21
220006254,Property Damage Crash,02/12/2022 09:45:00 PM,PINEY BRANCH RD,NA,SAME DIRECTION SIDESWIPE,Clear,DRY,Medium,NO CONTROLS,NONE DETECTED,No,No Apparent Injury,N/A,NOT DISTRACTED,MD,PASSENGER CAR,MOVING CONSTANT SPEED,35,No,2001,TOYOTA,COROLLA,38.99935833,-76.99617,2022,2,21
220006253,Property Damage Crash,02/12/2022 09:24:00 PM,HEATHFIELD RD,NA,OPPOSITE DIRECTION SIDESWIPE,Clear,DRY,Medium,TRAFFIC SIGNAL,NONE DETECTED,No,No Apparent Injury,N/A,NOT DISTRACTED,MD,PASSENGER CAR,STOPPED IN TRAFFIC LANE,30,No,2009,HONDA,ACCORD,39.08758775,-77.07976274,2022,2,21
220006253,Property Damage Crash,02/12/2022 09:24:00 PM,HEATHFIELD RD,NA,OPPOSITE DIRECTION SIDESWIPE,Clear,DRY,Medium,TRAFFIC SIGNAL,ALCOHOL PRESENT,Yes,No Apparent Injury,N/A,LOOKED BUT DID NOT SEE,MD,PASSENGER CAR,MAKING RIGHT TURN,35,No,2001,BMW,325IX,39.08758775,-77.07976274,2022,2,21
220006239,Property Damage Crash,02/12/2022 07:15:00 PM,VEIRS MILL RD,NA,SAME DIR REAR END,Clear,DRY,Medium,NO CONTROLS,NONE DETECTED,Yes,No Apparent Injury,N/A,OTHER DISTRACTION,WV,PASSENGER CAR,MOVING CONSTANT SPEED,35,No,2015,VW,4S,39.0802118,-77.13981966,2022,2,19
220006239,Property Damage Crash,02/12/2022 07:15:00 PM,VEIRS MILL RD,NA,SAME DIR REAR END,Clear,DRY,Medium,NO CONTROLS,NONE DETECTED,No,No Apparent Injury,N/A,NOT DISTRACTED,MD,PASSENGER CAR,SLOWING OR STOPPING,35,No,2015,TOYT,TK,39.0802118,-77.13981966,2022,2,19
220006216,Injury Crash,02/12/2022 04:11:00 PM,OLD GEORGETOWN RD,BICYCLIST,HEAD ON LEFT TURN,Clear,DRY,Daylight,TRAFFIC SIGNAL,NONE DETECTED,No,Possible Minor Injury,N/A,NOT DISTRACTED,MD,PASSENGER CAR,MOVING CONSTANT SPEED,35,No,2021,NISSAN,ALTIMA,39.01002068,-77.11475414,2022,2,16
220006216,Injury Crash,02/12/2022 04:11:00 PM,OLD GEORGETOWN RD,BICYCLIST,HEAD ON LEFT TURN,Clear,DRY,Daylight,TRAFFIC SIGNAL,NONE DETECTED,Yes,Possible Minor Injury,N/A,LOOKED BUT DID NOT SEE,MD,PASSENGER CAR,MAKING LEFT TURN,35,No,2017,FORD,FUSION,39.01002068,-77.11475414,2022,2,16
220006213,Property Damage Crash,02/12/2022 04:10:00 PM,NA,NA,OTHER,Clear,NA,Daylight,NO CONTROLS,NONE DETECTED,Yes,No Apparent Injury,N/A,UNKNOWN,MD,PASSENGER CAR,MAKING LEFT TURN,0,No,2002,HOND,CIVIC,39.11909006,-77.25103946,2022,2,16
220006213,Property Damage Crash,02/12/2022 04:10:00 PM,NA,NA,OTHER,Clear,NA,Daylight,NO CONTROLS,NONE DETECTED,No,No Apparent Injury,N/A,NOT DISTRACTED,MD,PASSENGER CAR,PARKED,5,No,2017,HONDA,CIVIC,39.11909006,-77.25103946,2022,2,16
220006210,Property Damage Crash,02/12/2022 03:58:00 PM,NA,NA,OPPOSITE DIRECTION SIDESWIPE,Clear,NA,Daylight,STOP SIGN,NONE DETECTED,Yes,No Apparent Injury,N/A,UNKNOWN,MD,PASSENGER CAR,MOVING CONSTANT SPEED,0,No,2015,BMW,228I,39.02523364,-77.12472194,2022,2,15
220006210,Property Damage Crash,02/12/2022 03:58:00 PM,NA,NA,OPPOSITE DIRECTION SIDESWIPE,Clear,NA,Daylight,STOP SIGN,NONE DETECTED,No,No Apparent Injury,N/A,NOT DISTRACTED,MD,PASSENGER CAR,STOPPED IN TRAFFIC LANE,0,No,2015,LEXUS,RX350,39.02523364,-77.12472194,2022,2,15
220006206,Injury Crash,02/12/2022 03:04:00 PM,MACARTHUR BLVD,NA,HEAD ON LEFT TURN,Clear,DRY,Daylight,NO CONTROLS,NONE DETECTED,No,Possible Minor Injury,N/A,NOT DISTRACTED,MD,PASSENGER CAR,MOVING CONSTANT SPEED,35,No,2012,VOLKS,TIGUAN,38.97355783,-77.15778117,2022,2,15
220006206,Injury Crash,02/12/2022 03:04:00 PM,MACARTHUR BLVD,NA,HEAD ON LEFT TURN,Clear,DRY,Daylight,NO CONTROLS,NONE DETECTED,Yes,No Apparent Injury,N/A,UNKNOWN,MD,"CARGO VAN/LIGHT TRUCK 2 AXLES (OVER 10,000LBS (4,536 KG))",MAKING LEFT TURN,35,No,2012,NISSAN,TRUCK,38.97355783,-77.15778117,2022,2,15
220006192,Property Damage Crash,02/12/2022 01:50:00 PM,MONTGOMERY VILLAGE AVE,NA,SAME DIR REAR END,Cloudy,DRY,Daylight,TRAFFIC SIGNAL,NONE DETECTED,Yes,No Apparent Injury,N/A,NOT DISTRACTED,MD,PASSENGER CAR,STOPPED IN TRAFFIC LANE,35,No,2014,HONDA,ACCORD,39.15858833,-77.20367833,2022,2,13
220006192,Property Damage Crash,02/12/2022 01:50:00 PM,MONTGOMERY VILLAGE AVE,NA,SAME DIR REAR END,Cloudy,DRY,Daylight,TRAFFIC SIGNAL,NONE DETECTED,No,No Apparent Injury,N/A,NOT DISTRACTED,MD,VAN,STOPPED IN TRAFFIC LANE,35,No,2011,HONDA,ODYSSEY,39.15858833,-77.20367833,2022,2,13
220006194,Property Damage Crash,02/12/2022 01:45:00 PM,NEW HAMPSHIRE AVE,NA,SAME DIRECTION SIDESWIPE,Clear,DRY,Daylight,TRAFFIC SIGNAL,NONE DETECTED,Yes,No Apparent Injury,N/A,NO DRIVER PRESENT,NA,PASSENGER CAR,CHANGING LANES,30,No,2017,MITSUBISHI,SEDAN,38.9866662,-76.98802478,2022,2,13
220006194,Property Damage Crash,02/12/2022 01:45:00 PM,NEW HAMPSHIRE AVE,NA,SAME DIRECTION SIDESWIPE,Clear,DRY,Daylight,TRAFFIC SIGNAL,NONE DETECTED,No,No Apparent Injury,N/A,LOOKED BUT DID NOT SEE,MD,PASSENGER CAR,CHANGING LANES,30,No,2018,FORD,FOCUS,38.9866662,-76.98802478,2022,2,13
220006186,Injury Crash,02/12/2022 12:15:00 PM,RANDOLPH RD,NA,STRAIGHT MOVEMENT ANGLE,Clear,DRY,Daylight,TRAFFIC SIGNAL,NONE DETECTED,No,Possible Minor Injury,N/A,NOT DISTRACTED,FL,PASSENGER CAR,MOVING CONSTANT SPEED,45,No,2019,JEEP,RENEGADE,39.05898667,-77.04743667,2022,2,12
220006186,Injury Crash,02/12/2022 12:15:00 PM,RANDOLPH RD,NA,STRAIGHT MOVEMENT ANGLE,Clear,DRY,Daylight,TRAFFIC SIGNAL,NONE DETECTED,Yes,No Apparent Injury,N/A,OTHER DISTRACTION,MD,PASSENGER CAR,ACCELERATING,45,No,2016,TOYOTA,RAV4,39.05898667,-77.04743667,2022,2,12
220006172,Injury Crash,02/12/2022 11:00:00 AM,HARDY AVE,NA,STRAIGHT MOVEMENT ANGLE,Clear,DRY,Daylight,STOP SIGN,NONE DETECTED,Yes,No Apparent Injury,"N/A, PHYSICAL OBSTRUCTION(S)",NOT DISTRACTED,MD,PASSENGER CAR,STARTING FROM LANE,25,No,2019,LEXUS,ES350,39.050405,-77.05961333,2022,2,11
220006172,Injury Crash,02/12/2022 11:00:00 AM,HARDY AVE,NA,STRAIGHT MOVEMENT ANGLE,Clear,DRY,Daylight,STOP SIGN,NONE DETECTED,No,Possible Minor Injury,"N/A, PHYSICAL OBSTRUCTION(S)",NOT DISTRACTED,MD,PASSENGER CAR,MOVING CONSTANT SPEED,25,No,2017,VOLK,JETTA,39.050405,-77.05961333,2022,2,11
220006156,Property Damage Crash,02/12/2022 09:17:00 AM,FREDERICK RD,NA,SAME DIR REAR END,Clear,DRY,Daylight,TRAFFIC SIGNAL,NONE DETECTED,No,No Apparent Injury,N/A,NOT DISTRACTED,MD,PASSENGER CAR,STOPPED IN TRAFFIC LANE,40,No,2009,HONDA,FIT,39.11567667,-77.16647333,2022,2,9
220006156,Property Damage Crash,02/12/2022 09:17:00 AM,FREDERICK RD,NA,SAME DIR REAR END,Clear,DRY,Daylight,TRAFFIC SIGNAL,NONE DETECTED,Yes,No Apparent Injury,N/A,NOT DISTRACTED,MD,PASSENGER CAR,SLOWING OR STOPPING,40,No,2015,CHEVROLET,SILVERADO,39.11567667,-77.16647333,2022,2,9
220006136,Property Damage Crash,02/12/2022 04:22:00 AM,VEIRS MILL RD,NA,HEAD ON,Clear,DRY,Medium,OTHER,ALCOHOL PRESENT,Yes,No Apparent Injury,N/A,NOT DISTRACTED,MD,PASSENGER CAR,MAKING LEFT TURN,35,No,2013,CHEVY,SILVERADO,39.0768125,-77.12243633,2022,2,4
220006131,Property Damage Crash,02/12/2022 03:43:00 AM,NA,NA,SAME DIR REAR END,Clear,NA,Medium,NO CONTROLS,NONE DETECTED,No,No Apparent Injury,N/A,NOT DISTRACTED,MD,PASSENGER CAR,MOVING CONSTANT SPEED,5,No,2005,TOYTOA,CAMRY,39.0417,-77.05252167,2022,2,3
220006131,Property Damage Crash,02/12/2022 03:43:00 AM,NA,NA,SAME DIR REAR END,Clear,NA,Medium,NO CONTROLS,NONE DETECTED,Yes,No Apparent Injury,N/A,INATTENTIVE OR LOST IN THOUGHT,MD,PASSENGER CAR,BACKING,5,No,2009,CHEVY,EXPRESS G2500,39.0417,-77.05252167,2022,2,3
220006124,Injury Crash,02/12/2022 01:02:00 AM,COLUMBIA PIKE,NA,SINGLE VEHICLE,Clear,DRY,Dark,NO CONTROLS,NONE DETECTED,Yes,Possible Minor Injury,N/A,INATTENTIVE OR LOST IN THOUGHT,MD,PASSENGER CAR,MOVING CONSTANT SPEED,55,No,2007,ACURA,MDX,39.1292546,-76.9212986,2022,2,1
220006123,Property Damage Crash,02/12/2022 12:55:00 AM,ASHTON RD,NA,STRAIGHT MOVEMENT ANGLE,Clear,DRY,Medium,FLASHING TRAFFIC SIGNAL,NONE DETECTED,No,No Apparent Injury,N/A,NOT DISTRACTED,MD,PASSENGER CAR,MOVING CONSTANT SPEED,35,No,2015,KIA,OPTIMA,39.14937833,-77.01197,2022,2,0
220006123,Property Damage Crash,02/12/2022 12:55:00 AM,ASHTON RD,NA,STRAIGHT MOVEMENT ANGLE,Clear,DRY,Medium,FLASHING TRAFFIC SIGNAL,NONE DETECTED,Yes,No Apparent Injury,N/A,UNKNOWN,MD,VAN,MOVING CONSTANT SPEED,35,No,2019,CHRY,VAN,39.14937833,-77.01197,2022,2,0
220006616,Property Damage Crash,02/12/2022 12:08:00 AM,COLUMBIA PIKE,NA,SAME DIR REAR END,Clear,DRY,Medium,TRAFFIC SIGNAL,NONE DETECTED,No,No Apparent Injury,N/A,NOT DISTRACTED,VA,PASSENGER CAR,STOPPED IN TRAFFIC LANE,50,No,2019,MERCEDES BENZ,C300,39.04664589,-76.98680466,2022,2,0
220006616,Property Damage Crash,02/12/2022 12:08:00 AM,COLUMBIA PIKE,NA,SAME DIR REAR END,Clear,DRY,Medium,TRAFFIC SIGNAL,NONE DETECTED,No,No Apparent Injury,N/A,NOT DISTRACTED,DC,PASSENGER CAR,STOPPED IN TRAFFIC LANE,50,No,2017,BUIC,ENVISION,39.04664589,-76.98680466,2022,2,0
220006616,Property Damage Crash,02/12/2022 12:08:00 AM,COLUMBIA PIKE,NA,SAME DIR REAR END,Clear,DRY,Medium,TRAFFIC SIGNAL,ALCOHOL PRESENT,Yes,No Apparent Injury,N/A,LOOKED BUT DID NOT SEE,XX,PASSENGER CAR,MOVING CONSTANT SPEED,50,No,2015,TOYOTA,VAN,39.04664589,-76.98680466,2022,2,0
220006117,Property Damage Crash,02/11/2022 11:45:00 PM,NA,NA,OTHER,Clear,NA,Medium,N/A,ALCOHOL PRESENT,Yes,No Apparent Injury,N/A,NOT DISTRACTED,MD,PASSENGER CAR,BACKING,10,No,2005,TOYOTA,SIENNA,39.0874895,-76.94010983,2022,2,23
220006110,Property Damage Crash,02/11/2022 10:19:00 PM,PARK AVE,NA,SAME DIR REAR END,Clear,DRY,Medium,N/A,NONE DETECTED,Yes,No Apparent Injury,N/A,UNKNOWN,MD,PASSENGER CAR,MOVING CONSTANT SPEED,25,No,2019,TOYOTA,CAMRY,39.14389084,-77.1950314,2022,2,22
220006100,Injury Crash,02/11/2022 09:23:00 PM,BEL PRE RD,NA,SAME DIR REAR END,Clear,DRY,Medium,TRAFFIC SIGNAL,NONE DETECTED,Yes,No Apparent Injury,N/A,NOT DISTRACTED,MD,PASSENGER CAR,ACCELERATING,35,No,2015,KIA,SORENTO,39.090835,-77.045305,2022,2,21
220006100,Injury Crash,02/11/2022 09:23:00 PM,BEL PRE RD,NA,SAME DIR REAR END,Clear,DRY,Medium,TRAFFIC SIGNAL,NONE DETECTED,No,Possible Minor Injury,N/A,NOT DISTRACTED,MD,PASSENGER CAR,ACCELERATING,35,No,2022,HYUNDAI,ACCENT,39.090835,-77.045305,2022,2,21
220006098,Property Damage Crash,02/11/2022 08:55:00 PM,ROCKVILLE PIKE,NA,SAME DIR REAR END,Clear,DRY,Medium,TRAFFIC SIGNAL,NONE DETECTED,Yes,No Apparent Injury,N/A,NOT DISTRACTED,MD,PASSENGER CAR,MOVING CONSTANT SPEED,35,No,2015,MERZ,4S,39.05080333,-77.1148075,2022,2,20
220006098,Property Damage Crash,02/11/2022 08:55:00 PM,ROCKVILLE PIKE,NA,SAME DIR REAR END,Clear,DRY,Medium,TRAFFIC SIGNAL,NONE DETECTED,No,No Apparent Injury,N/A,NOT DISTRACTED,MD,PASSENGER CAR,STOPPED IN TRAFFIC LANE,35,No,2014,JEEP,TK,39.05080333,-77.1148075,2022,2,20
220006094,Property Damage Crash,02/11/2022 08:47:00 PM,POOKS HILL RD,NA,SINGLE VEHICLE,Clear,DRY,Medium,NO CONTROLS,NONE DETECTED,Yes,No Apparent Injury,N/A,LOOKED BUT DID NOT SEE,MD,TRANSIT BUS,MOVING CONSTANT SPEED,25,No,2013,GILIG,GILIG,39.01471733,-77.1041475,2022,2,20
220006092,Property Damage Crash,02/11/2022 06:54:00 PM,MT PISGAH RD,NA,STRAIGHT MOVEMENT ANGLE,Clear,DRY,Medium,NO CONTROLS,ALCOHOL PRESENT,Yes,No Apparent Injury,N/A,NOT DISTRACTED,MD,PASSENGER CAR,ACCELERATING,35,No,2008,CHEVY,TAHOE,39.01538144,-76.97680768,2022,2,18
220006092,Property Damage Crash,02/11/2022 06:54:00 PM,MT PISGAH RD,NA,STRAIGHT MOVEMENT ANGLE,Clear,DRY,Medium,NO CONTROLS,NONE DETECTED,No,No Apparent Injury,N/A,NOT DISTRACTED,MD,PASSENGER CAR,MOVING CONSTANT SPEED,35,No,2007,HONDA,CIVIC,39.01538144,-76.97680768,2022,2,18
220006064,Injury Crash,02/11/2022 05:43:00 PM,DR BIRD RD,NA,SAME DIR REAR END,Clear,DRY,Medium,TRAFFIC SIGNAL,NONE DETECTED,No,Possible Minor Injury,N/A,NOT DISTRACTED,MD,PASSENGER CAR,SLOWING OR STOPPING,35,No,2018,LEXUUS,RX 350,39.14326,-77.04158167,2022,2,17
220006064,Injury Crash,02/11/2022 05:43:00 PM,DR BIRD RD,NA,SAME DIR REAR END,Clear,DRY,Medium,TRAFFIC SIGNAL,NONE DETECTED,Yes,No Apparent Injury,N/A,OTHER DISTRACTION,VA,PASSENGER CAR,MOVING CONSTANT SPEED,35,No,2004,NISSAN,SENTRA,39.14326,-77.04158167,2022,2,17
220006045,Property Damage Crash,02/11/2022 03:54:00 PM,NA,NA,SINGLE VEHICLE,Clear,NA,Daylight,NO CONTROLS,NONE DETECTED,Yes,No Apparent Injury,N/A,LOOKED BUT DID NOT SEE,MD,SCHOOL BUS,MAKING RIGHT TURN,0,No,2016,THOMAS,BUS,39.03907695,-76.99223849,2022,2,15