Local Case Number,ACRS Report Type,Crash Date/Time,Road Name,Related Non-Motorist,Collision Type,Weather,Surface Condition,Light,Traffic Control,Driver Substance Abuse,Driver At Fault,Injury Severity,Circumstance,Driver Distracted By,Drivers License State,Vehicle Body Type,Vehicle Movement,Speed Limit,Driverless Vehicle,Vehicle Year,Vehicle Make,Vehicle Model,Latitude,Longitude,Year,Month,Hour
220006042,Property Damage Crash,02/11/2022 03:30:00 PM,UNIVERSITY BLVD E,NA,ANGLE MEETS LEFT TURN,Clear,DRY,Daylight,N/A,NONE DETECTED,Yes,No Apparent Injury,N/A,LOOKED BUT DID NOT SEE,MD,PASSENGER CAR,MAKING LEFT TURN,35,No,2004,TOYT,TK,39.001595,-76.99579333,2022,2,15
220006042,Property Damage Crash,02/11/2022 03:30:00 PM,UNIVERSITY BLVD E,NA,ANGLE MEETS LEFT TURN,Clear,DRY,Daylight,N/A,NONE DETECTED,No,No Apparent Injury,N/A,NOT DISTRACTED,MD,PASSENGER CAR,MOVING CONSTANT SPEED,35,No,2019,TOYOTA,RAV 4,39.001595,-76.99579333,2022,2,15
220006029,Injury Crash,02/11/2022 02:34:00 PM,RIVER RD,NA,HEAD ON LEFT TURN,Clear,DRY,Daylight,NO CONTROLS,NONE DETECTED,Yes,Possible Minor Injury,N/A,LOOKED BUT DID NOT SEE,MD,PASSENGER CAR,MAKING LEFT TURN,30,No,2010,VOLKSWAGEN,JETTA,38.9642995,-77.10290083,2022,2,14
220006029,Injury Crash,02/11/2022 02:34:00 PM,RIVER RD,NA,HEAD ON LEFT TURN,Clear,DRY,Daylight,NO CONTROLS,NONE DETECTED,No,Possible Minor Injury,N/A,NOT DISTRACTED,MD,(SPORT) UTILITY VEHICLE,MOVING CONSTANT SPEED,30,No,2018,JAGUAR,F-PACE,38.9642995,-77.10290083,2022,2,14
220006026,Injury Crash,02/11/2022 02:30:00 PM,W DIAMOND AVE,NA,SAME DIR REND RIGHT TURN,Clear,DRY,Daylight,TRAFFIC SIGNAL,NONE DETECTED,Yes,No Apparent Injury,N/A,LOOKED BUT DID NOT SEE,MD,PASSENGER CAR,ENTERING TRAFFIC LANE,35,No,2016,AUDI,SD,39.142338,-77.22070117,2022,2,14
220006026,Injury Crash,02/11/2022 02:30:00 PM,W DIAMOND AVE,NA,SAME DIR REND RIGHT TURN,Clear,DRY,Daylight,TRAFFIC SIGNAL,NONE DETECTED,No,Possible Minor Injury,N/A,NOT DISTRACTED,MD,(SPORT) UTILITY VEHICLE,ENTERING TRAFFIC LANE,35,No,2021,MAZD,UT,39.142338,-77.22070117,2022,2,14
220006028,Property Damage Crash,02/11/2022 02:28:00 PM,GERMANTOWN RD,NA,SAME DIR REAR END,Clear,DRY,Daylight,TRAFFIC SIGNAL,NONE DETECTED,No,No Apparent Injury,"BACKUP DUE TO NON-RECURRING INCIDENT, N/A",NOT DISTRACTED,MD,(SPORT) UTILITY VEHICLE,STOPPED IN TRAFFIC LANE,40,No,2017,NISS,ROGUE,39.18341833,-77.25673,2022,2,14
220006028,Property Damage Crash,02/11/2022 02:28:00 PM,GERMANTOWN RD,NA,SAME DIR REAR END,Clear,DRY,Daylight,TRAFFIC SIGNAL,NONE DETECTED,Yes,No Apparent Injury,"BACKUP DUE TO NON-RECURRING INCIDENT, N/A",NOT DISTRACTED,MD,(SPORT) UTILITY VEHICLE,SLOWING OR STOPPING,40,No,2016,HONDA,HRV,39.18341833,-77.25673,2022,2,14
220006028,Property Damage Crash,02/11/2022 02:28:00 PM,GERMANTOWN RD,NA,SAME DIR REAR END,Clear,DRY,Daylight,TRAFFIC SIGNAL,NONE DETECTED,No,No Apparent Injury,"BACKUP DUE TO NON-RECURRING INCIDENT, N/A",NOT DISTRACTED,MD,PASSENGER CAR,SLOWING OR STOPPING,40,No,2012,HONDA,CIVIC,39.18341833,-77.25673,2022,2,14
220006027,Injury Crash,02/11/2022 02:19:00 PM,NA,PEDESTRIAN,OTHER,Clear,NA,Daylight,N/A,NONE DETECTED,No,No Apparent Injury,N/A,NOT DISTRACTED,MD,PASSENGER CAR,MOVING CONSTANT SPEED,15,No,2018,MERCEDES,C300,39.15276333,-77.06383,2022,2,14
220006027,Injury Crash,02/11/2022 02:19:00 PM,NA,PEDESTRIAN,OTHER,Clear,NA,Daylight,N/A,NONE DETECTED,Yes,No Apparent Injury,N/A,UNKNOWN,MD,PASSENGER CAR,ACCELERATING,15,No,2003,TOYOTA,COROLLA,39.15276333,-77.06383,2022,2,14
220006006,Property Damage Crash,02/11/2022 12:34:00 PM,ONEILL DR,NA,SINGLE VEHICLE,Clear,DRY,Daylight,NO CONTROLS,NONE DETECTED,Yes,No Apparent Injury,N/A,NOT DISTRACTED,MD,SCHOOL BUS,BACKING,25,No,2011,THOMAS BUILT,BUS,39.12365574,-77.18037418,2022,2,12
220005997,Injury Crash,02/11/2022 11:50:00 AM,WISCONSIN AVE,PEDESTRIAN,OTHER,Clear,DRY,Daylight,TRAFFIC SIGNAL,NONE DETECTED,Yes,No Apparent Injury,N/A,LOOKED BUT DID NOT SEE,VA,VAN,MAKING LEFT TURN,35,No,2021,FORD,TRANSIT150,38.9672009,-77.08865523,2022,2,11
220006376,Injury Crash,02/11/2022 11:00:00 AM,ROCKBORN ST,PEDESTRIAN,OTHER,Clear,DRY,Daylight,STOP SIGN,NONE DETECTED,Yes,No Apparent Injury,N/A,UNKNOWN,MD,PASSENGER CAR,MAKING LEFT TURN,25,No,2016,HYUN,SUV,39.1142601,-77.2288545,2022,2,11
220005992,Property Damage Crash,02/11/2022 10:58:00 AM,COLUMBIA PIKE,NA,SAME DIR REAR END,Clear,DRY,Daylight,NO CONTROLS,NONE DETECTED,Yes,No Apparent Injury,N/A,NOT DISTRACTED,MD,PASSENGER CAR,MOVING CONSTANT SPEED,55,No,2016,TOYT,4H,39.13103817,-76.9197423,2022,2,10
220005992,Property Damage Crash,02/11/2022 10:58:00 AM,COLUMBIA PIKE,NA,SAME DIR REAR END,Clear,DRY,Daylight,NO CONTROLS,NONE DETECTED,No,No Apparent Injury,N/A,NOT DISTRACTED,NC,PASSENGER CAR,MOVING CONSTANT SPEED,55,No,2020,HYUNDAI,ELANTRA,39.13103817,-76.9197423,2022,2,10
220005988,Property Damage Crash,02/11/2022 10:21:00 AM,NA,NA,OTHER,Clear,NA,Daylight,NO CONTROLS,NONE DETECTED,Yes,No Apparent Injury,N/A,LOOKED BUT DID NOT SEE,MD,PASSENGER CAR,BACKING,0,No,2014,NISSAN,VERSA,39.11163367,-76.9345496,2022,2,10
220005988,Property Damage Crash,02/11/2022 10:21:00 AM,NA,NA,OTHER,Clear,NA,Daylight,NO CONTROLS,NONE DETECTED,No,No Apparent Injury,N/A,NOT DISTRACTED,MD,PASSENGER CAR,MOVING CONSTANT SPEED,0,No,2022,HONDA,CIVIC,39.11163367,-76.9345496,2022,2,10
220005982,Injury Crash,02/11/2022 10:20:00 AM,PINEY BRANCH RD,NA,SAME DIR REAR END,Clear,DRY,Daylight,N/A,NONE DETECTED,Unknown,No Apparent Injury,N/A,UNKNOWN,MD,PASSENGER CAR,MOVING CONSTANT SPEED,35,No,2001,TOYOTA,CAMRY,38.98077,-77.01684,2022,2,10
220005982,Injury Crash,02/11/2022 10:20:00 AM,PINEY BRANCH RD,NA,SAME DIR REAR END,Clear,DRY,Daylight,N/A,NONE DETECTED,No,Possible Minor Injury,N/A,NOT DISTRACTED,DC,PASSENGER CAR,MOVING CONSTANT SPEED,35,No,2017,HONDA,ACCORD,38.98077,-77.01684,2022,2,10
220005964,Injury Crash,02/11/2022 08:48:00 AM,GREAT SENECA HWY,NA,SAME DIRECTION RIGHT TURN,Clear,DRY,Daylight,TRAFFIC SIGNAL,NONE DETECTED,Yes,No Apparent Injury,N/A,UNKNOWN,MD,PASSENGER CAR,CHANGING LANES,45,No,2007,TOYOTA,CAMRY,39.11036608,-77.21819338,2022,2,8
220005964,Injury Crash,02/11/2022 08:48:00 AM,GREAT SENECA HWY,NA,SAME DIRECTION RIGHT TURN,Clear,DRY,Daylight,TRAFFIC SIGNAL,NONE DETECTED,No,No Apparent Injury,N/A,NOT DISTRACTED,MD,PASSENGER CAR,MOVING CONSTANT SPEED,45,No,2021,LEXS,UT,39.11036608,-77.21819338,2022,2,8
220005959,Property Damage Crash,02/11/2022 08:15:00 AM,GERMANTOWN RD,NA,SAME DIR REAR END,Clear,DRY,Daylight,TRAFFIC SIGNAL,NONE DETECTED,Yes,No Apparent Injury,N/A,NOT DISTRACTED,MD,PASSENGER CAR,MOVING CONSTANT SPEED,45,No,2012,FORD,FUSOIN,39.18344667,-77.25672833,2022,2,8
220005959,Property Damage Crash,02/11/2022 08:15:00 AM,GERMANTOWN RD,NA,SAME DIR REAR END,Clear,DRY,Daylight,TRAFFIC SIGNAL,NONE DETECTED,No,No Apparent Injury,N/A,NOT DISTRACTED,MD,PASSENGER CAR,STOPPED IN TRAFFIC LANE,45,No,2006,TOYOTA,TACOMA,39.18344667,-77.25672833,2022,2,8
220005953,Property Damage Crash,02/11/2022 08:03:00 AM,E RANDOLPH RD,NA,STRAIGHT MOVEMENT ANGLE,Clear,DRY,Daylight,TRAFFIC SIGNAL,NONE DETECTED,Yes,No Apparent Injury,"N/A, VISION OBSTRUCTION (INCL. BLINDED BY SUN)",NOT DISTRACTED,MD,(SPORT) UTILITY VEHICLE,MOVING CONSTANT SPEED,35,No,2009,LEXUS,SU,39.06427133,-76.96864517,2022,2,8
220005953,Property Damage Crash,02/11/2022 08:03:00 AM,E RANDOLPH RD,NA,STRAIGHT MOVEMENT ANGLE,Clear,DRY,Daylight,TRAFFIC SIGNAL,NONE DETECTED,No,No Apparent Injury,"N/A, VISION OBSTRUCTION (INCL. BLINDED BY SUN)",NOT DISTRACTED,MD,PASSENGER CAR,STARTING FROM LANE,35,No,2004,TOYOTA,CAMRY,39.06427133,-76.96864517,2022,2,8
220005963,Property Damage Crash,02/11/2022 07:55:00 AM,CONNECTICUT AVE,NA,SAME DIRECTION LEFT TURN,Clear,DRY,Daylight,NO CONTROLS,NONE DETECTED,Yes,No Apparent Injury,N/A,NOT DISTRACTED,US,PASSENGER CAR,CHANGING LANES,35,No,2011,NISS,ALTIMA,39.03480667,-77.07534167,2022,2,7
220005963,Property Damage Crash,02/11/2022 07:55:00 AM,CONNECTICUT AVE,NA,SAME DIRECTION LEFT TURN,Clear,DRY,Daylight,NO CONTROLS,NONE DETECTED,No,No Apparent Injury,N/A,NOT DISTRACTED,GA,PASSENGER CAR,MOVING CONSTANT SPEED,35,No,2016,FORD,VN,39.03480667,-77.07534167,2022,2,7
220005984,Property Damage Crash,02/11/2022 07:30:00 AM,SUNDOWN RD,NA,STRAIGHT MOVEMENT ANGLE,Clear,DRY,Daylight,NO CONTROLS,NONE DETECTED,Yes,No Apparent Injury,N/A,NOT DISTRACTED,MD,PASSENGER CAR,MOVING CONSTANT SPEED,35,No,2009,KIA,VN,39.21706493,-77.10860129,2022,2,7
220005948,Injury Crash,02/11/2022 06:45:00 AM,VEIRS MILL RD,NA,SAME DIR REAR END,Clear,DRY,Medium,TRAFFIC SIGNAL,NONE DETECTED,Yes,Possible Minor Injury,N/A,NOT DISTRACTED,MD,(SPORT) UTILITY VEHICLE,SLOWING OR STOPPING,35,No,2017,FORD,ESCAPE,39.04827667,-77.06906167,2022,2,6
220005948,Injury Crash,02/11/2022 06:45:00 AM,VEIRS MILL RD,NA,SAME DIR REAR END,Clear,DRY,Medium,TRAFFIC SIGNAL,NONE DETECTED,No,No Apparent Injury,N/A,NOT DISTRACTED,MD,PASSENGER CAR,STOPPED IN TRAFFIC LANE,35,No,2016,HONDA,CIVIC,39.04827667,-77.06906167,2022,2,6
220005940,Injury Crash,02/11/2022 02:09:00 AM,ROCKVILLE PIKE,NA,SAME DIR REAR END,Clear,DRY,Medium,NO CONTROLS,NONE DETECTED,Yes,No Apparent Injury,N/A,INATTENTIVE OR LOST IN THOUGHT,MD,(SPORT) UTILITY VEHICLE,MOVING CONSTANT SPEED,40,No,2008,FORD,EXPEDITION,39.01982841,-77.10291427,2022,2,2
220005940,Injury Crash,02/11/2022 02:09:00 AM,ROCKVILLE PIKE,NA,SAME DIR REAR END,Clear,DRY,Medium,NO CONTROLS,NONE DETECTED,No,Possible Minor Injury,N/A,NOT DISTRACTED,MD,(SPORT) UTILITY VEHICLE,MOVING CONSTANT SPEED,40,No,2005,TOYOTA,HIGHLANDER,39.01982841,-77.10291427,2022,2,2
220005937,Property Damage Crash,02/11/2022 12:38:00 AM,DILSTON RD,NA,OPPOSITE DIRECTION SIDESWIPE,Clear,DRY,Medium,NO CONTROLS,NONE DETECTED,Yes,No Apparent Injury,N/A,UNKNOWN,MD,PASSENGER CAR,MOVING CONSTANT SPEED,25,No,2016,HONDA,ACCORD,39.01204667,-76.98072,2022,2,0
220005935,Property Damage Crash,02/11/2022 12:19:00 AM,CONNECTICUT AVE,NA,SAME DIRECTION SIDESWIPE,Clear,DRY,Medium,NO CONTROLS,NONE DETECTED,No,No Apparent Injury,N/A,NOT DISTRACTED,MD,PASSENGER CAR,PARKED,35,No,2000,HONDA,CRV,39.07786,-77.08051,2022,2,0
220005935,Property Damage Crash,02/11/2022 12:19:00 AM,CONNECTICUT AVE,NA,SAME DIRECTION SIDESWIPE,Clear,DRY,Medium,NO CONTROLS,NONE DETECTED,Yes,No Apparent Injury,N/A,UNKNOWN,MD,PASSENGER CAR,MOVING CONSTANT SPEED,35,No,2010,HONDA,CIVIC,39.07786,-77.08051,2022,2,0
220005911,Property Damage Crash,02/10/2022 07:28:00 PM,EAST VILLAGE AVE,NA,STRAIGHT MOVEMENT ANGLE,Clear,DRY,Medium,STOP SIGN,NONE DETECTED,Yes,No Apparent Injury,N/A,NOT DISTRACTED,MD,PASSENGER CAR,MAKING LEFT TURN,30,No,2019,HOND,ACCORD,39.189261,-77.15850533,2022,2,19
220005911,Property Damage Crash,02/10/2022 07:28:00 PM,EAST VILLAGE AVE,NA,STRAIGHT MOVEMENT ANGLE,Clear,DRY,Medium,STOP SIGN,NONE DETECTED,No,No Apparent Injury,N/A,NOT DISTRACTED,MD,PASSENGER CAR,MOVING CONSTANT SPEED,30,No,2005,NISS,SENTRA,39.189261,-77.15850533,2022,2,19
220005905,Property Damage Crash,02/10/2022 06:45:00 PM,RIVER RD,NA,SAME DIR REAR END,Clear,DRY,Dark,TRAFFIC SIGNAL,NONE DETECTED,Yes,No Apparent Injury,N/A,NOT DISTRACTED,MD,PASSENGER CAR,SLOWING OR STOPPING,35,No,2016,MINI,4H,38.98633038,-77.1436255,2022,2,18
220005905,Property Damage Crash,02/10/2022 06:45:00 PM,RIVER RD,NA,SAME DIR REAR END,Clear,DRY,Dark,TRAFFIC SIGNAL,NONE DETECTED,No,No Apparent Injury,N/A,NOT DISTRACTED,MD,PASSENGER CAR,STOPPED IN TRAFFIC LANE,35,No,2014,TOYOTA,CAMRY,38.98633038,-77.1436255,2022,2,18
220005907,Property Damage Crash,02/10/2022 06:32:00 PM,BELLS MILL RD,NA,SAME DIRECTION SIDESWIPE,Clear,DRY,Medium,N/A,NONE DETECTED,Yes,No Apparent Injury,N/A,LOOKED BUT DID NOT SEE,MD,PASSENGER CAR,MOVING CONSTANT SPEED,30,No,2019,INFINITY,Q50S,39.03549833,-77.19152,2022,2,18
220005901,Property Damage Crash,02/10/2022 06:31:00 PM,RIVER RD,NA,SAME DIR REAR END,Clear,DRY,Medium,NO CONTROLS,NONE DETECTED,No,No Apparent Injury,N/A,NOT DISTRACTED,MD,PASSENGER CAR,SLOWING OR STOPPING,35,No,2021,VOLKSWAGEN,ATLAS,38.98917867,-77.14950248,2022,2,18
220005901,Property Damage Crash,02/10/2022 06:31:00 PM,RIVER RD,NA,SAME DIR REAR END,Clear,DRY,Medium,NO CONTROLS,NONE DETECTED,Yes,No Apparent Injury,N/A,LOOKED BUT DID NOT SEE,CA,PASSENGER CAR,MOVING CONSTANT SPEED,35,No,2015,TOYOTA,COROLLA,38.98917867,-77.14950248,2022,2,18
220005883,Property Damage Crash,02/10/2022 04:58:00 PM,NA,NA,OTHER,Clear,NA,Daylight,NO CONTROLS,NONE DETECTED,Yes,No Apparent Injury,N/A,LOOKED BUT DID NOT SEE,NA,PASSENGER CAR,BACKING,15,No,2012,CHEV,CRUZ,39.057232,-76.967251,2022,2,16
220005881,Property Damage Crash,02/10/2022 04:42:00 PM,SANDY SPRING RD,NA,STRAIGHT MOVEMENT ANGLE,Clear,DRY,Daylight,FLASHING TRAFFIC SIGNAL,NONE DETECTED,Yes,No Apparent Injury,N/A,LOOKED BUT DID NOT SEE,MD,PASSENGER CAR,MAKING LEFT TURN,45,No,2002,TOYT,CAMERY,39.109283,-76.92329167,2022,2,16
220005881,Property Damage Crash,02/10/2022 04:42:00 PM,SANDY SPRING RD,NA,STRAIGHT MOVEMENT ANGLE,Clear,DRY,Daylight,FLASHING TRAFFIC SIGNAL,NONE DETECTED,No,No Apparent Injury,N/A,NOT DISTRACTED,MD,PASSENGER CAR,MOVING CONSTANT SPEED,45,No,2018,HOND,ACCORD,39.109283,-76.92329167,2022,2,16
220005869,Injury Crash,02/10/2022 04:19:00 PM,DR BIRD RD,NA,SINGLE VEHICLE,Clear,DRY,Daylight,NO CONTROLS,NONE DETECTED,Yes,Possible Minor Injury,N/A,NOT DISTRACTED,MD,PASSENGER CAR,MOVING CONSTANT SPEED,40,No,2009,NISSAN,ULTIMA,39.01965667,-76.99884,2022,2,16
220005862,Property Damage Crash,02/10/2022 03:42:00 PM,FATHER HURLEY BLVD,NA,HEAD ON LEFT TURN,Clear,DRY,Daylight,NO CONTROLS,NONE DETECTED,Yes,No Apparent Injury,N/A,NOT DISTRACTED,MD,VAN,MAKING LEFT TURN,35,No,2005,HONDA,ODYSSEY,39.17340333,-77.28382833,2022,2,15
220005862,Property Damage Crash,02/10/2022 03:42:00 PM,FATHER HURLEY BLVD,NA,HEAD ON LEFT TURN,Clear,DRY,Daylight,NO CONTROLS,NONE DETECTED,No,No Apparent Injury,N/A,NOT DISTRACTED,MD,(SPORT) UTILITY VEHICLE,MOVING CONSTANT SPEED,35,No,2000,NISSAN,XTERRA,39.17340333,-77.28382833,2022,2,15
220005851,Property Damage Crash,02/10/2022 02:10:00 PM,FENTON ST,NA,STRAIGHT MOVEMENT ANGLE,Clear,DRY,Daylight,NO CONTROLS,NONE DETECTED,No,No Apparent Injury,N/A,NOT DISTRACTED,PA,PICKUP TRUCK,MOVING CONSTANT SPEED,15,No,2014,FORD,F250,38.994565,-77.02459667,2022,2,14
220005851,Property Damage Crash,02/10/2022 02:10:00 PM,FENTON ST,NA,STRAIGHT MOVEMENT ANGLE,Clear,DRY,Daylight,NO CONTROLS,NONE DETECTED,Yes,No Apparent Injury,N/A,NOT DISTRACTED,MD,PASSENGER CAR,ENTERING TRAFFIC LANE,15,No,2015,TOYT,COROLLA,38.994565,-77.02459667,2022,2,14
220005846,Property Damage Crash,02/10/2022 02:01:00 PM,RANDOLPH RD,NA,SAME DIR REAR END,Clear,DRY,Daylight,NO CONTROLS,NONE DETECTED,Yes,No Apparent Injury,N/A,INATTENTIVE OR LOST IN THOUGHT,VA,PASSENGER CAR,CHANGING LANES,40,No,2003,FORD,E250,39.07522617,-77.0045115,2022,2,14
220005846,Property Damage Crash,02/10/2022 02:01:00 PM,RANDOLPH RD,NA,SAME DIR REAR END,Clear,DRY,Daylight,NO CONTROLS,NONE DETECTED,No,No Apparent Injury,N/A,NOT DISTRACTED,MD,PASSENGER CAR,MOVING CONSTANT SPEED,40,No,2016,FORD,MUSTANG,39.07522617,-77.0045115,2022,2,14
220005828,Injury Crash,02/10/2022 12:40:00 PM,TILFORD WAY,NA,OTHER,Clear,DRY,Daylight,STOP SIGN,NONE DETECTED,Yes,No Apparent Injury,N/A,LOOKED BUT DID NOT SEE,MD,PASSENGER CAR,MAKING LEFT TURN,25,No,2012,CHEV,4S,39.17195564,-77.27996528,2022,2,12
220005828,Injury Crash,02/10/2022 12:40:00 PM,TILFORD WAY,NA,OTHER,Clear,DRY,Daylight,STOP SIGN,NONE DETECTED,No,Possible Minor Injury,N/A,NOT DISTRACTED,MD,PASSENGER CAR,OTHER,25,No,2014,FORD,TK,39.17195564,-77.27996528,2022,2,12
220005817,Property Damage Crash,02/10/2022 11:45:00 AM,NA,NA,OTHER,Clear,NA,Daylight,N/A,NONE DETECTED,Yes,No Apparent Injury,N/A,UNKNOWN,MD,PASSENGER CAR,BACKING,0,No,2015,TOYOTA,4DOOR,39.17931711,-77.2643698,2022,2,11
220005817,Property Damage Crash,02/10/2022 11:45:00 AM,NA,NA,OTHER,Clear,NA,Daylight,N/A,NONE DETECTED,No,No Apparent Injury,N/A,NOT DISTRACTED,MD,PASSENGER CAR,PARKING,0,No,2019,MAZDA,3,39.17931711,-77.2643698,2022,2,11
220005815,Injury Crash,02/10/2022 10:58:00 AM,NEW HAMPSHIRE AVE,PEDESTRIAN,SINGLE VEHICLE,Clear,DRY,Daylight,TRAFFIC SIGNAL,NONE DETECTED,Yes,No Apparent Injury,N/A,LOOKED BUT DID NOT SEE,MD,PASSENGER CAR,MOVING CONSTANT SPEED,35,No,2016,NISSAN,ROGUE,38.98603167,-76.98817933,2022,2,10
220005803,Property Damage Crash,02/10/2022 10:30:00 AM,RANDOLPH RD,NA,OTHER,Clear,DRY,Daylight,NO CONTROLS,NONE DETECTED,No,No Apparent Injury,N/A,NOT DISTRACTED,MD,PASSENGER CAR,MOVING CONSTANT SPEED,40,No,2004,VOLK,SD,39.07485694,-77.00512598,2022,2,10
220005803,Property Damage Crash,02/10/2022 10:30:00 AM,RANDOLPH RD,NA,OTHER,Clear,DRY,Daylight,NO CONTROLS,NONE DETECTED,No,No Apparent Injury,N/A,NOT DISTRACTED,DC,(SPORT) UTILITY VEHICLE,STOPPED IN TRAFFIC LANE,40,No,2004,CHEV,TK,39.07485694,-77.00512598,2022,2,10
220005803,Property Damage Crash,02/10/2022 10:30:00 AM,RANDOLPH RD,NA,OTHER,Clear,DRY,Daylight,NO CONTROLS,NONE DETECTED,Yes,No Apparent Injury,N/A,NOT DISTRACTED,MD,PASSENGER CAR,MOVING CONSTANT SPEED,40,No,2020,FORD,FUSION,39.07485694,-77.00512598,2022,2,10
220005801,Injury Crash,02/10/2022 10:04:00 AM,BURNT HILL RD,NA,OPPOSITE DIRECTION SIDESWIPE,Clear,DRY,Daylight,NO CONTROLS,NONE DETECTED,No,Possible Minor Injury,"ANIMAL, N/A",NOT DISTRACTED,MD,VAN,MOVING CONSTANT SPEED,30,No,2016,KIA,SEDONNA,39.25515167,-77.26532667,2022,2,10
220005801,Injury Crash,02/10/2022 10:04:00 AM,BURNT HILL RD,NA,OPPOSITE DIRECTION SIDESWIPE,Clear,DRY,Daylight,NO CONTROLS,NONE DETECTED,Yes,No Apparent Injury,"ANIMAL, N/A",DISTRACTED BY OUTSIDE PERSON OBJECT OR EVENT,MD,PASSENGER CAR,MOVING CONSTANT SPEED,30,No,2020,KIA,OPTIMA,39.25515167,-77.26532667,2022,2,10
220005785,Injury Crash,02/10/2022 09:37:00 AM,NORBECK RD,NA,SINGLE VEHICLE,Clear,DRY,Daylight,NO CONTROLS,NONE DETECTED,Yes,Possible Minor Injury,N/A,NOT DISTRACTED,MD,PASSENGER CAR,MOVING CONSTANT SPEED,25,No,2013,TOYOTA,CAMRY,39.11202667,-77.07015,2022,2,9
220005777,Injury Crash,02/10/2022 07:59:00 AM,RICHTER FARM RD,NA,HEAD ON LEFT TURN,Clear,DRY,Daylight,TRAFFIC SIGNAL,NONE DETECTED,No,No Apparent Injury,N/A,NOT DISTRACTED,MD,PASSENGER CAR,MOVING CONSTANT SPEED,35,No,2008,HYUN,ELANTRA,39.15389667,-77.28699,2022,2,7
220005777,Injury Crash,02/10/2022 07:59:00 AM,RICHTER FARM RD,NA,HEAD ON LEFT TURN,Clear,DRY,Daylight,TRAFFIC SIGNAL,NONE DETECTED,Yes,Possible Minor Injury,N/A,LOOKED BUT DID NOT SEE,MD,PASSENGER CAR,MAKING LEFT TURN,35,No,2006,MERZ,E350,39.15389667,-77.28699,2022,2,7
220005768,Property Damage Crash,02/10/2022 06:28:00 AM,SHADY GROVE RD,NA,SAME DIR REAR END,Clear,DRY,Medium,TRAFFIC SIGNAL,NONE DETECTED,No,No Apparent Injury,N/A,NOT DISTRACTED,MD,POLICE VEHICLE/NON EMERGENCY,STOPPED IN TRAFFIC LANE,35,No,2016,FORD,4S,39.14798981,-77.14804196,2022,2,6
220005768,Property Damage Crash,02/10/2022 06:28:00 AM,SHADY GROVE RD,NA,SAME DIR REAR END,Clear,DRY,Medium,TRAFFIC SIGNAL,NONE DETECTED,Yes,No Apparent Injury,N/A,LOOKED BUT DID NOT SEE,MD,PASSENGER CAR,SLOWING OR STOPPING,35,No,2014,TOYT,4S,39.14798981,-77.14804196,2022,2,6
220005764,Injury Crash,02/10/2022 02:44:00 AM,CAROLINE AVE,NA,SAME DIR REAR END,Clear,DRY,Medium,NO CONTROLS,ALCOHOL PRESENT,Yes,Suspected Serious Injury,N/A,NOT DISTRACTED,MD,PASSENGER CAR,ACCELERATING,25,No,2017,VOLKSWAGEN,JETTA,39.00864776,-77.01275735,2022,2,2
220005757,Property Damage Crash,02/10/2022 12:10:00 AM,OLNEY SANDY SPRING RD,NA,SINGLE VEHICLE,Clear,DRY,Medium,NO CONTROLS,ALCOHOL PRESENT,Yes,No Apparent Injury,N/A,INATTENTIVE OR LOST IN THOUGHT,MD,PASSENGER CAR,MOVING CONSTANT SPEED,40,No,2021,HONDA,CIVIC,39.14418167,-77.04487833,2022,2,0
220005750,Property Damage Crash,02/09/2022 09:12:00 PM,QUINCE ORCHARD BLVD,NA,SAME DIR REAR END,Clear,DRY,Medium,NO CONTROLS,NONE DETECTED,Yes,No Apparent Injury,N/A,UNKNOWN,NA,PASSENGER CAR,MOVING CONSTANT SPEED,25,No,2003,CHEVY,SUBURBAN,39.1406292,-77.22866615,2022,2,21
220027856,Property Damage Crash,02/09/2022 08:46:00 PM,COLESVILLE RD,NA,SINGLE VEHICLE,Clear,DRY,Medium,TRAFFIC SIGNAL,NONE DETECTED,Yes,No Apparent Injury,N/A,NOT DISTRACTED,MD,POLICE VEHICLE/EMERGENCY,MOVING CONSTANT SPEED,35,No,2016,FORD,INTERCEPTOR,39.0725294,-77.00014963,2022,2,20
220005739,Property Damage Crash,02/09/2022 07:35:00 PM,UNIVERSITY BLVD W,NA,STRAIGHT MOVEMENT ANGLE,Clear,DRY,Medium,TRAFFIC SIGNAL,NONE DETECTED,Yes,No Apparent Injury,N/A,UNKNOWN,NA,PASSENGER CAR,ACCELERATING,35,No,2010,LINCOLN,MK,39.0413785,-77.05177683,2022,2,19
220005739,Property Damage Crash,02/09/2022 07:35:00 PM,UNIVERSITY BLVD W,NA,STRAIGHT MOVEMENT ANGLE,Clear,DRY,Medium,TRAFFIC SIGNAL,NONE DETECTED,No,No Apparent Injury,N/A,NOT DISTRACTED,MD,PASSENGER CAR,MOVING CONSTANT SPEED,35,No,2017,TOYOTA,CAMRY,39.0413785,-77.05177683,2022,2,19
220005726,Property Damage Crash,02/09/2022 05:36:00 PM,WOODFIELD RD,NA,SAME DIR REAR END,Clear,DRY,Medium,TRAFFIC SIGNAL,NONE DETECTED,No,No Apparent Injury,N/A,NOT DISTRACTED,MD,PASSENGER CAR,MOVING CONSTANT SPEED,35,No,2019,CHEV,EQUINOX,39.16952833,-77.15395167,2022,2,17
220005726,Property Damage Crash,02/09/2022 05:36:00 PM,WOODFIELD RD,NA,SAME DIR REAR END,Clear,DRY,Medium,TRAFFIC SIGNAL,NONE DETECTED,Yes,No Apparent Injury,N/A,LOOKED BUT DID NOT SEE,MD,PASSENGER CAR,RIGHT TURN ON RED,35,No,2017,MERCEDES,GLS,39.16952833,-77.15395167,2022,2,17
220005720,Property Damage Crash,02/09/2022 05:34:00 PM,NA,NA,SAME DIRECTION SIDESWIPE,Clear,NA,Daylight,N/A,NONE DETECTED,Yes,No Apparent Injury,N/A,LOOKED BUT DID NOT SEE,MD,PASSENGER CAR,STARTING FROM PARKED,10,No,2012,CADILLAC,SRX,39.15329,-77.15435333,2022,2,17
220005720,Property Damage Crash,02/09/2022 05:34:00 PM,NA,NA,SAME DIRECTION SIDESWIPE,Clear,NA,Daylight,N/A,NONE DETECTED,No,No Apparent Injury,N/A,NOT DISTRACTED,MD,POLICE VEHICLE/NON EMERGENCY,MOVING CONSTANT SPEED,10,No,2021,FORD,EXP,39.15329,-77.15435333,2022,2,17
220005723,Property Damage Crash,02/09/2022 05:30:00 PM,KEY WEST AVE,NA,OTHER,Clear,DRY,Daylight,TRAFFIC SIGNAL,NONE DETECTED,No,No Apparent Injury,N/A,NOT DISTRACTED,MD,PASSENGER CAR,STOPPED IN TRAFFIC LANE,40,No,2018,TOYOTA,COROLLA,39.10356683,-77.20565967,2022,2,17
220005723,Property Damage Crash,02/09/2022 05:30:00 PM,KEY WEST AVE,NA,OTHER,Clear,DRY,Daylight,TRAFFIC SIGNAL,NONE DETECTED,No,No Apparent Injury,N/A,NOT DISTRACTED,MD,(SPORT) UTILITY VEHICLE,STOPPED IN TRAFFIC LANE,40,No,2011,HONDA,PILOT,39.10356683,-77.20565967,2022,2,17
220005723,Property Damage Crash,02/09/2022 05:30:00 PM,KEY WEST AVE,NA,OTHER,Clear,DRY,Daylight,TRAFFIC SIGNAL,NONE DETECTED,Yes,No Apparent Injury,N/A,UNKNOWN,MD,PASSENGER CAR,MOVING CONSTANT SPEED,40,No,2013,TOYOTA,COROLA,39.10356683,-77.20565967,2022,2,17