Local Case Number,ACRS Report Type,Crash Date/Time,Road Name,Related Non-Motorist,Collision Type,Weather,Surface Condition,Light,Traffic Control,Driver Substance Abuse,Driver At Fault,Injury Severity,Circumstance,Driver Distracted By,Drivers License State,Vehicle Body Type,Vehicle Movement,Speed Limit,Driverless Vehicle,Vehicle Year,Vehicle Make,Vehicle Model,Latitude,Longitude,Year,Month,Hour
220005695,Property Damage Crash,02/09/2022 03:45:00 PM,WINDHAM LA,NA,STRAIGHT MOVEMENT ANGLE,Clear,DRY,Daylight,STOP SIGN,NONE DETECTED,No,No Apparent Injury,N/A,UNKNOWN,MD,PASSENGER CAR,MOVING CONSTANT SPEED,25,No,2008,HONDA,CIVIC,39.03174833,-77.0320315,2022,2,15
220005695,Property Damage Crash,02/09/2022 03:45:00 PM,WINDHAM LA,NA,STRAIGHT MOVEMENT ANGLE,Clear,DRY,Daylight,STOP SIGN,NONE DETECTED,Yes,No Apparent Injury,N/A,UNKNOWN,MD,PASSENGER CAR,STARTING FROM LANE,25,No,2009,TOYOTA,TACOMA,39.03174833,-77.0320315,2022,2,15
220005683,Injury Crash,02/09/2022 03:36:00 PM,WEST OLD BALTIMORE RD,NA,SINGLE VEHICLE,Clear,DRY,Daylight,NO CONTROLS,NONE DETECTED,Yes,Suspected Serious Injury,N/A,UNKNOWN,MD,(SPORT) UTILITY VEHICLE,MOVING CONSTANT SPEED,15,No,2003,HONDA,CRV,39.21538,-77.263775,2022,2,15
220005690,Property Damage Crash,02/09/2022 03:18:00 PM,SPENCERVILLE RD,NA,SAME DIR REAR END,Clear,DRY,Daylight,NO CONTROLS,NONE DETECTED,No,No Apparent Injury,"BACKUP DUE TO REGULAR CONGESTION, N/A",NOT DISTRACTED,MD,PICKUP TRUCK,SLOWING OR STOPPING,40,No,2005,FORD,TK,39.11725094,-76.96949823,2022,2,15
220005690,Property Damage Crash,02/09/2022 03:18:00 PM,SPENCERVILLE RD,NA,SAME DIR REAR END,Clear,DRY,Daylight,NO CONTROLS,NONE DETECTED,Yes,No Apparent Injury,"BACKUP DUE TO REGULAR CONGESTION, N/A",LOOKED BUT DID NOT SEE,MD,PICKUP TRUCK,SLOWING OR STOPPING,40,No,2016,FORD,TK,39.11725094,-76.96949823,2022,2,15
220005681,Property Damage Crash,02/09/2022 03:15:00 PM,SPENCERVILLE RD,NA,STRAIGHT MOVEMENT ANGLE,Clear,DRY,Daylight,N/A,NONE DETECTED,Yes,No Apparent Injury,"N/A, VISION OBSTRUCTION (INCL. BLINDED BY SUN)",NOT DISTRACTED,MD,PASSENGER CAR,STARTING FROM LANE,40,No,2009,MEC,CAR,39.1094735,-76.94717267,2022,2,15
220005681,Property Damage Crash,02/09/2022 03:15:00 PM,SPENCERVILLE RD,NA,STRAIGHT MOVEMENT ANGLE,Clear,DRY,Daylight,N/A,NONE DETECTED,No,No Apparent Injury,"N/A, VISION OBSTRUCTION (INCL. BLINDED BY SUN)",NOT DISTRACTED,MD,(SPORT) UTILITY VEHICLE,MOVING CONSTANT SPEED,40,No,2017,FORD,EXPLORER,39.1094735,-76.94717267,2022,2,15
220005713,Property Damage Crash,02/09/2022 03:12:00 PM,GEORGIA AVE,NA,STRAIGHT MOVEMENT ANGLE,Clear,DRY,Daylight,TRAFFIC SIGNAL,NONE DETECTED,No,No Apparent Injury,N/A,LOOKED BUT DID NOT SEE,DC,PASSENGER CAR,MOVING CONSTANT SPEED,35,No,2009,TOYT,COROLLA,39.00775933,-77.04017917,2022,2,15
220005713,Property Damage Crash,02/09/2022 03:12:00 PM,GEORGIA AVE,NA,STRAIGHT MOVEMENT ANGLE,Clear,DRY,Daylight,TRAFFIC SIGNAL,NONE DETECTED,Yes,No Apparent Injury,N/A,LOOKED BUT DID NOT SEE,MD,PASSENGER CAR,MOVING CONSTANT SPEED,35,No,2019,TOYT,RAV4,39.00775933,-77.04017917,2022,2,15
22000164,Property Damage Crash,02/09/2022 02:53:00 PM,DICKERSON RD,NA,SINGLE VEHICLE,Clear,N/A,Daylight,N/A,NONE DETECTED,Yes,No Apparent Injury,N/A,LOOKED BUT DID NOT SEE,MD,POLICE VEHICLE/EMERGENCY,MOVING CONSTANT SPEED,5,No,2020,FORD,UT,39.2178525,-77.42431333,2022,2,14
220005662,Property Damage Crash,02/09/2022 02:15:00 PM,ARCOLA AVE,NA,SAME DIR REAR END,Clear,DRY,Daylight,NO CONTROLS,NONE DETECTED,No,No Apparent Injury,N/A,NOT DISTRACTED,MD,PASSENGER CAR,SLOWING OR STOPPING,25,No,2015,HYUNDAI,ELANTRA,39.04327833,-77.03047333,2022,2,14
220005662,Property Damage Crash,02/09/2022 02:15:00 PM,ARCOLA AVE,NA,SAME DIR REAR END,Clear,DRY,Daylight,NO CONTROLS,NONE DETECTED,Yes,No Apparent Injury,N/A,LOOKED BUT DID NOT SEE,MD,(SPORT) UTILITY VEHICLE,MOVING CONSTANT SPEED,25,No,2006,HONDA,ODDYSSEY,39.04327833,-77.03047333,2022,2,14
220005662,Property Damage Crash,02/09/2022 02:15:00 PM,ARCOLA AVE,NA,SAME DIR REAR END,Clear,DRY,Daylight,NO CONTROLS,NONE DETECTED,No,No Apparent Injury,N/A,NOT DISTRACTED,MD,PASSENGER CAR,SLOWING OR STOPPING,25,No,2020,HONDA,ACCORD,39.04327833,-77.03047333,2022,2,14
220005654,Property Damage Crash,02/09/2022 01:40:00 PM,SILVER BIRCH LA,NA,SAME DIR REAR END,Clear,DRY,Daylight,NO CONTROLS,NONE DETECTED,Yes,No Apparent Injury,N/A,UNKNOWN,MD,(SPORT) UTILITY VEHICLE,MOVING CONSTANT SPEED,25,No,2016,ACUR,TK,39.20343533,-77.23488017,2022,2,13
220005645,Injury Crash,02/09/2022 12:33:00 PM,FREDERICK RD,NA,STRAIGHT MOVEMENT ANGLE,Clear,DRY,Daylight,NO CONTROLS,NONE DETECTED,No,Possible Minor Injury,N/A,NOT DISTRACTED,MD,(SPORT) UTILITY VEHICLE,MOVING CONSTANT SPEED,30,No,2010,FORD,EXPLORER,39.14633667,-77.20446,2022,2,12
220005645,Injury Crash,02/09/2022 12:33:00 PM,FREDERICK RD,NA,STRAIGHT MOVEMENT ANGLE,Clear,DRY,Daylight,NO CONTROLS,NONE DETECTED,Yes,No Apparent Injury,N/A,LOOKED BUT DID NOT SEE,MD,VAN,ENTERING TRAFFIC LANE,30,No,2005,CHEVROLET,EXPRESS,39.14633667,-77.20446,2022,2,12
220005636,Property Damage Crash,02/09/2022 12:21:00 PM,NEW HAMPSHIRE AVE,NA,HEAD ON LEFT TURN,Clear,DRY,Daylight,TRAFFIC SIGNAL,NONE DETECTED,Yes,No Apparent Injury,N/A,UNKNOWN,DC,PASSENGER CAR,MOVING CONSTANT SPEED,40,No,2011,TOYOTA,CAMRY,39.01173167,-76.97876333,2022,2,12
220005636,Property Damage Crash,02/09/2022 12:21:00 PM,NEW HAMPSHIRE AVE,NA,HEAD ON LEFT TURN,Clear,DRY,Daylight,TRAFFIC SIGNAL,NONE DETECTED,No,No Apparent Injury,N/A,NOT DISTRACTED,MD,PASSENGER CAR,MAKING LEFT TURN,40,No,2019,MERCEDES-BENZ,C300,39.01173167,-76.97876333,2022,2,12
220005627,Property Damage Crash,02/09/2022 11:40:00 AM,GEORGIA AVE,NA,SAME DIR REAR END,Clear,DRY,Daylight,OTHER,NONE DETECTED,Yes,No Apparent Injury,N/A,OTHER DISTRACTION,GA,PASSENGER CAR,MOVING CONSTANT SPEED,35,No,2016,CHEVROLET,TRAVERSE,39.06787167,-77.060915,2022,2,11
220005627,Property Damage Crash,02/09/2022 11:40:00 AM,GEORGIA AVE,NA,SAME DIR REAR END,Clear,DRY,Daylight,OTHER,NONE DETECTED,No,No Apparent Injury,N/A,NOT DISTRACTED,MD,PASSENGER CAR,SLOWING OR STOPPING,35,No,2015,HONDA,ODYSSEY,39.06787167,-77.060915,2022,2,11
220005616,Property Damage Crash,02/09/2022 11:31:00 AM,GEORGIA AVE,NA,SAME DIRECTION RIGHT TURN,Clear,DRY,Daylight,NO CONTROLS,NONE DETECTED,No,No Apparent Injury,N/A,NOT DISTRACTED,MD,PASSENGER CAR,MOVING CONSTANT SPEED,30,No,2021,THMS,SB,39.08049333,-77.07634333,2022,2,11
220005616,Property Damage Crash,02/09/2022 11:31:00 AM,GEORGIA AVE,NA,SAME DIRECTION RIGHT TURN,Clear,DRY,Daylight,NO CONTROLS,NONE DETECTED,Yes,No Apparent Injury,N/A,INATTENTIVE OR LOST IN THOUGHT,MD,PASSENGER CAR,MAKING RIGHT TURN,30,No,1999,TOYT,4S,39.08049333,-77.07634333,2022,2,11
220005608,Injury Crash,02/09/2022 11:05:00 AM,LAYHILL RD,NA,STRAIGHT MOVEMENT ANGLE,Clear,DRY,Daylight,TRAFFIC SIGNAL,NONE DETECTED,Yes,Possible Minor Injury,N/A,NOT DISTRACTED,NJ,"CARGO VAN/LIGHT TRUCK 2 AXLES (OVER 10,000LBS (4,536 KG))",ACCELERATING,45,No,2014,WAGON,SPRINTER,39.06322667,-77.05007833,2022,2,11
220005608,Injury Crash,02/09/2022 11:05:00 AM,LAYHILL RD,NA,STRAIGHT MOVEMENT ANGLE,Clear,DRY,Daylight,TRAFFIC SIGNAL,NONE DETECTED,No,No Apparent Injury,N/A,NOT DISTRACTED,MD,PASSENGER CAR,MOVING CONSTANT SPEED,40,No,2013,TOYT,VN,39.06322667,-77.05007833,2022,2,11
220005612,Property Damage Crash,02/09/2022 10:40:00 AM,EAST WEST HWY,NA,OTHER,Clear,DRY,Daylight,NO CONTROLS,NONE DETECTED,Yes,No Apparent Injury,N/A,UNKNOWN,NA,PASSENGER CAR,UNKNOWN,25,No,2021,HONDA,CIVIC,38.993395,-77.05315667,2022,2,10
220005599,Property Damage Crash,02/09/2022 10:29:00 AM,BEL PRE RD,NA,STRAIGHT MOVEMENT ANGLE,Clear,DRY,Daylight,TRAFFIC SIGNAL,NONE DETECTED,No,No Apparent Injury,N/A,UNKNOWN,MD,PASSENGER CAR,MAKING LEFT TURN,35,No,2002,MERZ,4S,39.09056833,-77.05876833,2022,2,10
220005599,Property Damage Crash,02/09/2022 10:29:00 AM,BEL PRE RD,NA,STRAIGHT MOVEMENT ANGLE,Clear,DRY,Daylight,TRAFFIC SIGNAL,NONE DETECTED,Yes,No Apparent Injury,N/A,NOT DISTRACTED,XX,PASSENGER CAR,MOVING CONSTANT SPEED,35,No,2002,TOYOTA,SIENNA,39.09056833,-77.05876833,2022,2,10
220007122,Property Damage Crash,02/09/2022 10:25:00 AM,RAMP 6 FR RAMP 3 (FR IS495) TO MD 185 SB,NA,SAME DIR REAR END,Clear,DRY,Daylight,TRAFFIC SIGNAL,NONE DETECTED,No,No Apparent Injury,N/A,NOT DISTRACTED,NJ,PASSENGER CAR,STOPPED IN TRAFFIC LANE,0,No,2020,MINI COOPER,COUNTRYMAN,39.00639546,-77.07851722,2022,2,10
220007122,Property Damage Crash,02/09/2022 10:25:00 AM,RAMP 6 FR RAMP 3 (FR IS495) TO MD 185 SB,NA,SAME DIR REAR END,Clear,DRY,Daylight,TRAFFIC SIGNAL,NONE DETECTED,Yes,No Apparent Injury,N/A,UNKNOWN,NA,(SPORT) UTILITY VEHICLE,STARTING FROM LANE,30,No,2018,PORSCHE,CAYENNE,39.00639546,-77.07851722,2022,2,10
220005582,Injury Crash,02/09/2022 08:35:00 AM,NA,NA,STRAIGHT MOVEMENT ANGLE,Clear,NA,Daylight,STOP SIGN,NONE DETECTED,Yes,No Apparent Injury,N/A,UNKNOWN,MD,(SPORT) UTILITY VEHICLE,STARTING FROM LANE,10,No,2015,NISSAN,ROGUE,39.17933,-77.264415,2022,2,8
220005582,Injury Crash,02/09/2022 08:35:00 AM,NA,NA,STRAIGHT MOVEMENT ANGLE,Clear,NA,Daylight,STOP SIGN,NONE DETECTED,No,Possible Minor Injury,N/A,NOT DISTRACTED,MD,PASSENGER CAR,MOVING CONSTANT SPEED,10,No,2016,TOYOTA,COROLLA,39.17933,-77.264415,2022,2,8
220005580,Property Damage Crash,02/09/2022 07:46:00 AM,MUNCASTER MILL RD,NA,SAME DIR REAR END,Clear,DRY,Daylight,NO CONTROLS,NONE DETECTED,Yes,No Apparent Injury,N/A,LOOKED BUT DID NOT SEE,MD,PASSENGER CAR,SLOWING OR STOPPING,35,No,2019,NISS,TK,39.13747167,-77.12913167,2022,2,7
220005580,Property Damage Crash,02/09/2022 07:46:00 AM,MUNCASTER MILL RD,NA,SAME DIR REAR END,Clear,DRY,Daylight,NO CONTROLS,NONE DETECTED,No,No Apparent Injury,N/A,NOT DISTRACTED,MD,SCHOOL BUS,SLOWING OR STOPPING,35,No,2016,THOM,BUS,39.13747167,-77.12913167,2022,2,7
220005577,Injury Crash,02/09/2022 07:27:00 AM,FREDERICK RD,NA,SAME DIR REAR END,Clear,DRY,Daylight,TRAFFIC SIGNAL,NONE DETECTED,No,Possible Minor Injury,"N/A, VISION OBSTRUCTION (INCL. BLINDED BY SUN)",NOT DISTRACTED,MD,PASSENGER CAR,SLOWING OR STOPPING,45,No,2021,MERZ,SD,39.10714667,-77.15887833,2022,2,7
220005577,Injury Crash,02/09/2022 07:27:00 AM,FREDERICK RD,NA,SAME DIR REAR END,Clear,DRY,Daylight,TRAFFIC SIGNAL,NONE DETECTED,Yes,No Apparent Injury,"N/A, VISION OBSTRUCTION (INCL. BLINDED BY SUN)",NOT DISTRACTED,MD,PASSENGER CAR,SLOWING OR STOPPING,45,No,2017,KIA,OPTIMA,39.10714667,-77.15887833,2022,2,7
220005575,Injury Crash,02/09/2022 06:45:00 AM,COLUMBIA PIKE,NA,SAME DIR REAR END,Clear,DRY,Medium,NO CONTROLS,NONE DETECTED,No,Possible Minor Injury,N/A,NOT DISTRACTED,MD,PASSENGER CAR,STOPPED IN TRAFFIC LANE,45,No,2016,HONDA,CIVIC,39.04284333,-76.99283333,2022,2,6
220005575,Injury Crash,02/09/2022 06:45:00 AM,COLUMBIA PIKE,NA,SAME DIR REAR END,Clear,DRY,Medium,NO CONTROLS,NONE DETECTED,No,No Apparent Injury,N/A,NOT DISTRACTED,MD,PASSENGER CAR,SLOWING OR STOPPING,45,No,2014,FORD,FOCUS,39.04284333,-76.99283333,2022,2,6
220005575,Injury Crash,02/09/2022 06:45:00 AM,COLUMBIA PIKE,NA,SAME DIR REAR END,Clear,DRY,Medium,NO CONTROLS,NONE DETECTED,No,No Apparent Injury,N/A,NOT DISTRACTED,MD,PASSENGER CAR,SLOWING OR STOPPING,45,No,2017,AUDI,A7,39.04284333,-76.99283333,2022,2,6
220005575,Injury Crash,02/09/2022 06:45:00 AM,COLUMBIA PIKE,NA,SAME DIR REAR END,Clear,DRY,Medium,NO CONTROLS,NONE DETECTED,Yes,No Apparent Injury,N/A,LOOKED BUT DID NOT SEE,MD,PASSENGER CAR,SLOWING OR STOPPING,45,No,2011,HONDA,PILOT,39.04284333,-76.99283333,2022,2,6
220005575,Injury Crash,02/09/2022 06:45:00 AM,COLUMBIA PIKE,NA,SAME DIR REAR END,Clear,DRY,Medium,NO CONTROLS,NONE DETECTED,No,No Apparent Injury,N/A,NOT DISTRACTED,FL,PASSENGER CAR,SLOWING OR STOPPING,45,No,2004,TOYOTA,MATRIX,39.04284333,-76.99283333,2022,2,6
220005569,Property Damage Crash,02/09/2022 12:30:00 AM,WASHINGTONIAN BLVD,NA,SINGLE VEHICLE,Clear,DRY,Medium,N/A,NONE DETECTED,Yes,No Apparent Injury,N/A,UNKNOWN,NA,TRUCK TRACTOR,MAKING U TURN,5,No,2005,TRIM,SE,39.11461112,-77.19633065,2022,2,0
220005562,Property Damage Crash,02/08/2022 10:15:00 PM,CENTURY BLVD,NA,SINGLE VEHICLE,Clear,DRY,Medium,N/A,ALCOHOL PRESENT,Yes,No Apparent Injury,N/A,NOT DISTRACTED,MD,PASSENGER CAR,MOVING CONSTANT SPEED,35,No,2019,CHEVY,IMPALA,39.192755,-77.26556,2022,2,22
220005558,Property Damage Crash,02/08/2022 09:19:00 PM,NORBECK RD,NA,OTHER,Clear,DRY,Medium,N/A,NONE DETECTED,Yes,No Apparent Injury,N/A,LOOKED BUT DID NOT SEE,MD,PASSENGER CAR,MOVING CONSTANT SPEED,40,No,2012,FORD,FOCUS,39.12069667,-77.04003167,2022,2,21
220005556,Property Damage Crash,02/08/2022 09:05:00 PM,NA,NA,STRAIGHT MOVEMENT ANGLE,Clear,NA,Medium,NO CONTROLS,NONE DETECTED,No,No Apparent Injury,N/A,NOT DISTRACTED,MD,POLICE VEHICLE/NON EMERGENCY,PARKING,0,No,2015,NISSAN,ALTIMA,39.17690735,-77.26888765,2022,2,21
220005556,Property Damage Crash,02/08/2022 09:05:00 PM,NA,NA,STRAIGHT MOVEMENT ANGLE,Clear,NA,Medium,NO CONTROLS,NONE DETECTED,Yes,No Apparent Injury,N/A,LOOKED BUT DID NOT SEE,MD,PASSENGER CAR,STARTING FROM PARKED,0,No,2003,TOYOTA,CAMRY,39.17690735,-77.26888765,2022,2,21
220005547,Property Damage Crash,02/08/2022 07:00:00 PM,EDGEWOOD AVE,NA,SAME DIR REAR END,Clear,DRY,Medium,STOP SIGN,NONE DETECTED,No,No Apparent Injury,N/A,NOT DISTRACTED,MD,PASSENGER CAR,SLOWING OR STOPPING,30,No,2009,BMW,4S,39.027855,-77.01643833,2022,2,19
220005547,Property Damage Crash,02/08/2022 07:00:00 PM,EDGEWOOD AVE,NA,SAME DIR REAR END,Clear,DRY,Medium,STOP SIGN,NONE DETECTED,Yes,No Apparent Injury,N/A,NOT DISTRACTED,MD,"CARGO VAN/LIGHT TRUCK 2 AXLES (OVER 10,000LBS (4,536 KG))",SLOWING OR STOPPING,30,No,2020,DODGE,TK,39.027855,-77.01643833,2022,2,19
220005536,Injury Crash,02/08/2022 06:07:00 PM,CONNECTICUT AVE,NA,SAME DIR REAR END,Clear,DRY,Medium,NO CONTROLS,NONE DETECTED,No,Possible Minor Injury,N/A,NOT DISTRACTED,MD,PASSENGER CAR,SLOWING OR STOPPING,35,No,2022,HOND,CR-V,39.00244333,-77.07716667,2022,2,18
220005536,Injury Crash,02/08/2022 06:07:00 PM,CONNECTICUT AVE,NA,SAME DIR REAR END,Clear,DRY,Medium,NO CONTROLS,NONE DETECTED,Yes,No Apparent Injury,N/A,UNKNOWN,DC,PASSENGER CAR,UNKNOWN,35,No,2018,HYUNDAI,SONATA,39.00244333,-77.07716667,2022,2,18
220005533,Property Damage Crash,02/08/2022 05:34:00 PM,NEW HAMPSHIRE AVE,NA,SAME DIRECTION RIGHT TURN,Clear,DRY,Medium,NO CONTROLS,NONE DETECTED,No,No Apparent Injury,N/A,NOT DISTRACTED,MD,TRANSIT BUS,ACCELERATING,40,No,2020,BU,METRO,39.02066,-76.97660333,2022,2,17
220005533,Property Damage Crash,02/08/2022 05:34:00 PM,NEW HAMPSHIRE AVE,NA,SAME DIRECTION RIGHT TURN,Clear,DRY,Medium,NO CONTROLS,NONE DETECTED,Yes,No Apparent Injury,N/A,INATTENTIVE OR LOST IN THOUGHT,MD,PASSENGER CAR,MAKING RIGHT TURN,40,No,2017,SUBARU,TK,39.02066,-76.97660333,2022,2,17
220005527,Property Damage Crash,02/08/2022 05:02:00 PM,RIVER RD,NA,SAME DIR REAR END,Clear,DRY,Daylight,NO CONTROLS,NONE DETECTED,Yes,No Apparent Injury,N/A,LOOKED BUT DID NOT SEE,MD,PASSENGER CAR,CHANGING LANES,35,No,2020,HONDA,2D,38.98510667,-77.14032167,2022,2,17
220005527,Property Damage Crash,02/08/2022 05:02:00 PM,RIVER RD,NA,SAME DIR REAR END,Clear,DRY,Daylight,NO CONTROLS,NONE DETECTED,No,No Apparent Injury,N/A,NOT DISTRACTED,WV,AMBULANCE/EMERGENCY,MOVING CONSTANT SPEED,35,No,2016,FREIGHTLINER,AMBULANCE,38.98510667,-77.14032167,2022,2,17
220004759,Property Damage Crash,02/08/2022 04:49:00 PM,CAPITAL BELTWAY,NA,SAME DIR REAR END,Clear,DRY,Daylight,TRAFFIC SIGNAL,NONE DETECTED,No,No Apparent Injury,N/A,NOT DISTRACTED,MD,PASSENGER CAR,STOPPED IN TRAFFIC LANE,35,No,2020,ALFA ROMERO,GIULIA,39.01258287,-77.04225138,2022,2,16
220004759,Property Damage Crash,02/08/2022 04:49:00 PM,CAPITAL BELTWAY,NA,SAME DIR REAR END,Clear,DRY,Daylight,TRAFFIC SIGNAL,ALCOHOL PRESENT,Yes,No Apparent Injury,N/A,UNKNOWN,MD,PICKUP TRUCK,MOVING CONSTANT SPEED,35,No,2005,DODGE,RAM 1500,39.01258287,-77.04225138,2022,2,16
220005516,Property Damage Crash,02/08/2022 04:45:00 PM,ROLLINS AVE,NA,OTHER,Clear,DRY,Daylight,TRAFFIC SIGNAL,NONE DETECTED,Yes,No Apparent Injury,N/A,LOOKED BUT DID NOT SEE,MD,SCHOOL BUS,MOVING CONSTANT SPEED,30,No,2012,THOMPSON,BUS,39.05881634,-77.12171913,2022,2,16
220005516,Property Damage Crash,02/08/2022 04:45:00 PM,ROLLINS AVE,NA,OTHER,Clear,DRY,Daylight,TRAFFIC SIGNAL,NONE DETECTED,No,No Apparent Injury,N/A,NOT DISTRACTED,MD,PASSENGER CAR,SLOWING OR STOPPING,30,No,2013,BUIC,VERANO,39.05881634,-77.12171913,2022,2,16
220005503,Property Damage Crash,02/08/2022 04:06:00 PM,NA,NA,STRAIGHT MOVEMENT ANGLE,Clear,NA,Daylight,NO CONTROLS,NONE DETECTED,Unknown,No Apparent Injury,"N/A, PHYSICAL OBSTRUCTION(S)",LOOKED BUT DID NOT SEE,MD,PASSENGER CAR,MOVING CONSTANT SPEED,15,No,2012,FORD,FOCUS,38.99623,-77.03970667,2022,2,16
220005503,Property Damage Crash,02/08/2022 04:06:00 PM,NA,NA,STRAIGHT MOVEMENT ANGLE,Clear,NA,Daylight,NO CONTROLS,NONE DETECTED,Unknown,No Apparent Injury,"N/A, PHYSICAL OBSTRUCTION(S)",LOOKED BUT DID NOT SEE,MD,PASSENGER CAR,MOVING CONSTANT SPEED,15,No,2015,HONDA,CIVIC,38.99623,-77.03970667,2022,2,16
220005506,Property Damage Crash,02/08/2022 03:50:00 PM,RIVER RD,NA,SAME DIR REAR END,Clear,DRY,Daylight,N/A,NONE DETECTED,No,No Apparent Injury,N/A,NOT DISTRACTED,MD,PICKUP TRUCK,MOVING CONSTANT SPEED,35,No,2006,FORD,F150,38.97496167,-77.12476667,2022,2,15
220005506,Property Damage Crash,02/08/2022 03:50:00 PM,RIVER RD,NA,SAME DIR REAR END,Clear,DRY,Daylight,N/A,NONE DETECTED,Yes,No Apparent Injury,N/A,UNKNOWN,DC,PASSENGER CAR,MOVING CONSTANT SPEED,35,No,2013,MERCEDES,C250,38.97496167,-77.12476667,2022,2,15
220005499,Property Damage Crash,02/08/2022 03:45:00 PM,WARING STATION RD,NA,OTHER,Clear,DRY,Daylight,NO CONTROLS,NONE DETECTED,No,No Apparent Injury,N/A,NOT DISTRACTED,MD,PASSENGER CAR,MOVING CONSTANT SPEED,30,No,2007,HONDA,CRV,39.16793814,-77.24595284,2022,2,15
220005499,Property Damage Crash,02/08/2022 03:45:00 PM,WARING STATION RD,NA,OTHER,Clear,DRY,Daylight,NO CONTROLS,NONE DETECTED,Yes,No Apparent Injury,N/A,LOOKED BUT DID NOT SEE,MD,PASSENGER CAR,STARTING FROM PARKED,30,No,2015,HONDA,ACCORD,39.16793814,-77.24595284,2022,2,15
220005498,Property Damage Crash,02/08/2022 03:05:00 PM,WINDHAM LA,NA,SAME DIR REAR END,Clear,DRY,Daylight,TRAFFIC SIGNAL,NONE DETECTED,Yes,No Apparent Injury,N/A,LOOKED BUT DID NOT SEE,NY,PASSENGER CAR,MOVING CONSTANT SPEED,35,No,2008,BMW,M5,39.03214917,-77.0483025,2022,2,15
220005498,Property Damage Crash,02/08/2022 03:05:00 PM,WINDHAM LA,NA,SAME DIR REAR END,Clear,DRY,Daylight,TRAFFIC SIGNAL,NONE DETECTED,No,No Apparent Injury,N/A,NOT DISTRACTED,MD,TRANSIT BUS,SLOWING OR STOPPING,35,No,2013,TBU,BUS,39.03214917,-77.0483025,2022,2,15
220005489,Injury Crash,02/08/2022 02:46:00 PM,RICHTER FARM RD,NA,SAME DIRECTION SIDESWIPE,Clear,DRY,Daylight,NO CONTROLS,NONE DETECTED,No,No Apparent Injury,N/A,NOT DISTRACTED,MD,PASSENGER CAR,MOVING CONSTANT SPEED,25,No,2019,CHEV,PK,39.15157367,-77.28254,2022,2,14
220005489,Injury Crash,02/08/2022 02:46:00 PM,RICHTER FARM RD,NA,SAME DIRECTION SIDESWIPE,Clear,DRY,Daylight,NO CONTROLS,NONE DETECTED,No,Possible Minor Injury,N/A,NOT DISTRACTED,MD,PASSENGER CAR,PARKING,45,No,2014,FORD,2S,39.15157367,-77.28254,2022,2,14
220005489,Injury Crash,02/08/2022 02:46:00 PM,RICHTER FARM RD,NA,SAME DIRECTION SIDESWIPE,Clear,DRY,Daylight,NO CONTROLS,NONE DETECTED,Yes,No Apparent Injury,N/A,LOOKED BUT DID NOT SEE,MD,PASSENGER CAR,MAKING RIGHT TURN,25,No,2016,LEXS,ES350,39.15157367,-77.28254,2022,2,14
220005490,Property Damage Crash,02/08/2022 02:46:00 PM,CLOPPER RD,NA,SAME DIRECTION LEFT TURN,Clear,DRY,Daylight,NO CONTROLS,NONE DETECTED,No,No Apparent Injury,N/A,NOT DISTRACTED,MD,PASSENGER CAR,MOVING CONSTANT SPEED,40,No,2019,CHEVY,SPARK,39.15129559,-77.24656424,2022,2,14
220005490,Property Damage Crash,02/08/2022 02:46:00 PM,CLOPPER RD,NA,SAME DIRECTION LEFT TURN,Clear,DRY,Daylight,NO CONTROLS,NONE DETECTED,Yes,No Apparent Injury,N/A,UNKNOWN,NA,PASSENGER CAR,MOVING CONSTANT SPEED,40,No,2014,FORD,EXPLORER,39.15129559,-77.24656424,2022,2,14
220005484,Property Damage Crash,02/08/2022 02:43:00 PM,NA,NA,HEAD ON LEFT TURN,Clear,NA,Daylight,NO CONTROLS,NONE DETECTED,Yes,No Apparent Injury,N/A,NOT DISTRACTED,MD,PASSENGER CAR,BACKING,15,No,2005,LANDROVER,SUV,39.01777,-77.2088,2022,2,14
220005484,Property Damage Crash,02/08/2022 02:43:00 PM,NA,NA,HEAD ON LEFT TURN,Clear,NA,Daylight,NO CONTROLS,NONE DETECTED,No,No Apparent Injury,N/A,NOT DISTRACTED,MD,POLICE VEHICLE/EMERGENCY,MOVING CONSTANT SPEED,15,No,2019,DODGE,CHARGER,39.01777,-77.2088,2022,2,14
220005465,Property Damage Crash,02/08/2022 12:20:00 PM,EAST WEST HWY,NA,SAME DIR BOTH LEFT TURN,Clear,DRY,Daylight,NO CONTROLS,NONE DETECTED,No,No Apparent Injury,N/A,NOT DISTRACTED,MD,"CARGO VAN/LIGHT TRUCK 2 AXLES (OVER 10,000LBS (4,536 KG))",MOVING CONSTANT SPEED,35,No,2019,FORD,SERVICE TRUCK,38.9938183,-77.03262145,2022,2,12
220005465,Property Damage Crash,02/08/2022 12:20:00 PM,EAST WEST HWY,NA,SAME DIR BOTH LEFT TURN,Clear,DRY,Daylight,NO CONTROLS,NONE DETECTED,Yes,No Apparent Injury,N/A,UNKNOWN,MD,PASSENGER CAR,CHANGING LANES,35,No,2010,CHRYSLER,300,38.9938183,-77.03262145,2022,2,12
220005425,Property Damage Crash,02/08/2022 09:27:00 AM,WASHINGTONIAN BLVD,NA,SAME DIRECTION LEFT TURN,Clear,DRY,Daylight,NO CONTROLS,NONE DETECTED,Yes,No Apparent Injury,N/A,NOT DISTRACTED,MD,PASSENGER CAR,MAKING U TURN,35,No,2022,FORD,TRUCK,39.11264705,-77.19259438,2022,2,9
220005425,Property Damage Crash,02/08/2022 09:27:00 AM,WASHINGTONIAN BLVD,NA,SAME DIRECTION LEFT TURN,Clear,DRY,Daylight,NO CONTROLS,NONE DETECTED,No,No Apparent Injury,N/A,NOT DISTRACTED,MD,TRANSIT BUS,MOVING CONSTANT SPEED,35,No,2008,GILL,BU,39.11264705,-77.19259438,2022,2,9
220005422,Property Damage Crash,02/08/2022 09:21:00 AM,TACK HOUSE CT,NA,SINGLE VEHICLE,Clear,WET,Daylight,NO CONTROLS,NONE DETECTED,Yes,No Apparent Injury,N/A,UNKNOWN,MD,PASSENGER CAR,MOVING CONSTANT SPEED,25,No,2018,TOYOTA,RAV4,39.039909,-77.24977917,2022,2,9
220005512,Property Damage Crash,02/08/2022 09:15:00 AM,GRANT AVE,NA,SAME DIRECTION RIGHT TURN,Clear,DRY,Daylight,NO CONTROLS,NONE DETECTED,Yes,No Apparent Injury,N/A,NOT DISTRACTED,MD,PASSENGER CAR,PARKING,25,No,2021,TOYOTA,SIENNA,38.98159083,-77.00955906,2022,2,9
220005415,Property Damage Crash,02/08/2022 08:26:00 AM,EAST WEST HWY,NA,OPPOSITE DIRECTION SIDESWIPE,Clear,WET,Daylight,N/A,NONE DETECTED,Unknown,No Apparent Injury,N/A,NOT DISTRACTED,MD,VAN,MOVING CONSTANT SPEED,30,No,2014,FORD,E350,38.98789167,-77.07507333,2022,2,8
220005415,Property Damage Crash,02/08/2022 08:26:00 AM,EAST WEST HWY,NA,OPPOSITE DIRECTION SIDESWIPE,Clear,WET,Daylight,N/A,NONE DETECTED,Unknown,No Apparent Injury,N/A,NOT DISTRACTED,MD,PICKUP TRUCK,MOVING CONSTANT SPEED,30,No,2012,CHEVROLET,3500HD,38.98789167,-77.07507333,2022,2,8