Local Case Number,ACRS Report Type,Crash Date/Time,Road Name,Related Non-Motorist,Collision Type,Weather,Surface Condition,Light,Traffic Control,Driver Substance Abuse,Driver At Fault,Injury Severity,Circumstance,Driver Distracted By,Drivers License State,Vehicle Body Type,Vehicle Movement,Speed Limit,Driverless Vehicle,Vehicle Year,Vehicle Make,Vehicle Model,Latitude,Longitude,Year,Month,Hour
220005411,Injury Crash,02/08/2022 08:06:00 AM,STONEBRIDGE VIEW DR,NA,SINGLE VEHICLE,Clear,WET,Daylight,STOP SIGN,NONE DETECTED,Yes,Possible Minor Injury,"N/A, WET",NOT DISTRACTED,MD,PASSENGER CAR,MOVING CONSTANT SPEED,30,No,2021,TOYOTA,COROLLA,39.10146167,-77.22353,2022,2,8
220005412,Property Damage Crash,02/08/2022 08:00:00 AM,DAMASCUS RD,NA,STRAIGHT MOVEMENT ANGLE,Clear,DRY,Daylight,STOP SIGN,NONE DETECTED,No,No Apparent Injury,N/A,NOT DISTRACTED,MD,VAN,MOVING CONSTANT SPEED,40,No,2005,CHEVROLET,1500,39.25226167,-77.13887167,2022,2,8
220005408,Property Damage Crash,02/08/2022 08:00:00 AM,EAST WEST HWY,NA,SAME DIRECTION SIDESWIPE,Clear,DRY,Daylight,N/A,NONE DETECTED,No,No Apparent Injury,N/A,NOT DISTRACTED,MD,TRANSIT BUS,MOVING CONSTANT SPEED,30,No,2009,TBU,METRO BUS,38.98801333,-77.07658333,2022,2,8
220005408,Property Damage Crash,02/08/2022 08:00:00 AM,EAST WEST HWY,NA,SAME DIRECTION SIDESWIPE,Clear,DRY,Daylight,N/A,NONE DETECTED,Yes,No Apparent Injury,N/A,NOT DISTRACTED,VA,OTHER,MOVING CONSTANT SPEED,30,No,2003,MACK 600,PUMP TK,38.98801333,-77.07658333,2022,2,8
220005412,Property Damage Crash,02/08/2022 08:00:00 AM,DAMASCUS RD,NA,STRAIGHT MOVEMENT ANGLE,Clear,DRY,Daylight,STOP SIGN,NONE DETECTED,Yes,No Apparent Injury,N/A,LOOKED BUT DID NOT SEE,MD,(SPORT) UTILITY VEHICLE,STARTING FROM LANE,30,No,2011,TOYOTA,SIENNA,39.25226167,-77.13887167,2022,2,8
220005458,Injury Crash,02/08/2022 07:30:00 AM,UNIVERSITY BLVD E,PEDESTRIAN,OTHER,Clear,DRY,Daylight,NO CONTROLS,NONE DETECTED,No,No Apparent Injury,N/A,NOT DISTRACTED,NA,NA,MOVING CONSTANT SPEED,25,No,0,UNKNOWN,UNKNOWN,39.00151344,-76.99572256,2022,2,7
220005403,Property Damage Crash,02/08/2022 07:00:00 AM,FENTON ST,NA,SINGLE VEHICLE,Clear,DRY,Medium,NO CONTROLS,NONE DETECTED,Yes,No Apparent Injury,N/A,NOT DISTRACTED,MD,SCHOOL BUS,BACKING,30,No,2013,THOMAS,SCHOOL BUS,38.99155974,-77.02406986,2022,2,7
220005401,Property Damage Crash,02/08/2022 06:01:00 AM,OAKMONT AVE,NA,SINGLE VEHICLE,Clear,DRY,Medium,NO CONTROLS,NONE DETECTED,Yes,No Apparent Injury,N/A,NOT DISTRACTED,MD,"MEDIUM/HEAVY TRUCKS 3 AXLES (OVER 10,000LBS (4,536KG))",MOVING CONSTANT SPEED,30,No,1996,VOLVO,DUMP TRUCK,39.13114924,-77.17487065,2022,2,6
220005393,Property Damage Crash,02/07/2022 11:10:00 PM,ROSE AVE,NA,SINGLE VEHICLE,Clear,WET,Medium,STOP SIGN,NONE DETECTED,Yes,No Apparent Injury,"N/A, WET",NO DRIVER PRESENT,NA,PASSENGER CAR,MOVING CONSTANT SPEED,15,No,2007,BMW,328I,39.05115333,-77.11758167,2022,2,23
220005391,Property Damage Crash,02/07/2022 11:00:00 PM,NORWOOD RD,NA,SINGLE VEHICLE,Cloudy,WET,Medium,TRAFFIC SIGNAL,NONE DETECTED,Yes,No Apparent Injury,"N/A, WET",LOOKED BUT DID NOT SEE,FL,PASSENGER CAR,MAKING LEFT TURN,35,No,2016,NISS,SENTRA,39.105875,-77.0012,2022,2,23
220005390,Property Damage Crash,02/07/2022 10:45:00 PM,AVERY RD,NA,SINGLE VEHICLE,Rain,WET,Dark,N/A,NONE DETECTED,Yes,No Apparent Injury,"RAIN, SNOW, WET",NOT DISTRACTED,MD,PASSENGER CAR,NEGOTIATING A CURVE,25,No,2003,HONDA,ACCORD,39.09839967,-77.1251035,2022,2,22
220005386,Property Damage Crash,02/07/2022 09:00:00 PM,CLOPPER RD,NA,ANGLE MEETS LEFT TURN,Rain,WET,Medium,TRAFFIC SIGNAL,NONE DETECTED,Yes,No Apparent Injury,N/A,UNKNOWN,NA,NA,MOVING CONSTANT SPEED,40,No,0,UNKNOWN,UNKNOWN,39.162495,-77.28235333,2022,2,21
220005386,Property Damage Crash,02/07/2022 09:00:00 PM,CLOPPER RD,NA,ANGLE MEETS LEFT TURN,Rain,WET,Medium,TRAFFIC SIGNAL,NONE DETECTED,No,No Apparent Injury,N/A,NOT DISTRACTED,MD,PASSENGER CAR,MAKING LEFT TURN,40,No,2001,DODG,PK,39.162495,-77.28235333,2022,2,21
220005384,Property Damage Crash,02/07/2022 08:14:00 PM,PINEY BRANCH RD,NA,STRAIGHT MOVEMENT ANGLE,Rain,WET,Medium,STOP SIGN,NONE DETECTED,No,No Apparent Injury,"N/A, WET",NOT DISTRACTED,AR,PASSENGER CAR,ACCELERATING,35,No,2019,BMW,TX,38.988215,-77.01225667,2022,2,20
220005384,Property Damage Crash,02/07/2022 08:14:00 PM,PINEY BRANCH RD,NA,STRAIGHT MOVEMENT ANGLE,Rain,WET,Medium,STOP SIGN,NONE DETECTED,Yes,No Apparent Injury,"N/A, WET",UNKNOWN,NA,PASSENGER CAR,MOVING CONSTANT SPEED,35,No,2015,FORD,FOCUS,38.988215,-77.01225667,2022,2,20
220005370,Property Damage Crash,02/07/2022 07:20:00 PM,W JEFFERSON ST,NA,SAME DIR REAR END,Rain,WET,Medium,TRAFFIC SIGNAL,NONE DETECTED,Yes,No Apparent Injury,"RAIN, SNOW, WET",UNKNOWN,MD,PASSENGER CAR,SLOWING OR STOPPING,30,No,2006,MAZD,3,39.08387342,-77.15673661,2022,2,19
220005370,Property Damage Crash,02/07/2022 07:20:00 PM,W JEFFERSON ST,NA,SAME DIR REAR END,Rain,WET,Medium,TRAFFIC SIGNAL,NONE DETECTED,No,No Apparent Injury,"RAIN, SNOW, WET",NOT DISTRACTED,MD,POLICE VEHICLE/NON EMERGENCY,STOPPED IN TRAFFIC LANE,30,No,2018,CHRYSLER,PACIFICA,39.08387342,-77.15673661,2022,2,19
220005341,Property Damage Crash,02/07/2022 07:16:00 PM,NEW HAMPSHIRE AVE,NA,STRAIGHT MOVEMENT ANGLE,Rain,WET,Medium,NO CONTROLS,NONE DETECTED,Yes,No Apparent Injury,"RAIN, SNOW, WET",LOOKED BUT DID NOT SEE,MD,PASSENGER CAR,MOVING CONSTANT SPEED,40,No,2019,NISSAN,ROGUE,39.0749615,-77.001933,2022,2,19
220005341,Property Damage Crash,02/07/2022 07:16:00 PM,NEW HAMPSHIRE AVE,NA,STRAIGHT MOVEMENT ANGLE,Rain,WET,Medium,NO CONTROLS,NONE DETECTED,No,No Apparent Injury,"RAIN, SNOW, WET",NOT DISTRACTED,MD,PASSENGER CAR,MAKING RIGHT TURN,40,No,2019,HYUNDAI,ELANTRA,39.0749615,-77.001933,2022,2,19
220005364,Injury Crash,02/07/2022 06:37:00 PM,RIVER RD,NA,STRAIGHT MOVEMENT ANGLE,Rain,WET,Medium,TRAFFIC SIGNAL,NONE DETECTED,Yes,No Apparent Injury,"RAIN, SNOW, WET",LOOKED BUT DID NOT SEE,MD,PASSENGER CAR,MAKING LEFT TURN,35,No,2016,HYUN,SD,38.98641667,-77.14355,2022,2,18
220005364,Injury Crash,02/07/2022 06:37:00 PM,RIVER RD,NA,STRAIGHT MOVEMENT ANGLE,Rain,WET,Medium,TRAFFIC SIGNAL,NONE DETECTED,No,No Apparent Injury,"RAIN, SNOW, WET",NOT DISTRACTED,MD,(SPORT) UTILITY VEHICLE,MOVING CONSTANT SPEED,35,No,2018,CADI,XT5,38.98641667,-77.14355,2022,2,18
220005352,Property Damage Crash,02/07/2022 06:24:00 PM,CONNECTICUT AVE,NA,SAME DIR REAR END,Rain,WET,Medium,N/A,NONE DETECTED,No,No Apparent Injury,N/A,NOT DISTRACTED,MD,(SPORT) UTILITY VEHICLE,STOPPED IN TRAFFIC LANE,40,No,2020,TOYT,HIGHLANDER,39.05030667,-77.07497333,2022,2,18
220005352,Property Damage Crash,02/07/2022 06:24:00 PM,CONNECTICUT AVE,NA,SAME DIR REAR END,Rain,WET,Medium,N/A,NONE DETECTED,Yes,No Apparent Injury,N/A,NOT DISTRACTED,MD,PASSENGER CAR,SLOWING OR STOPPING,40,No,2005,HONDA,CIVIC,39.05030667,-77.07497333,2022,2,18
220005352,Property Damage Crash,02/07/2022 06:24:00 PM,CONNECTICUT AVE,NA,SAME DIR REAR END,Rain,WET,Medium,N/A,NONE DETECTED,No,No Apparent Injury,N/A,NOT DISTRACTED,MD,PASSENGER CAR,STOPPED IN TRAFFIC LANE,40,No,2017,HONDA,ACCORD,39.05030667,-77.07497333,2022,2,18
220005360,Property Damage Crash,02/07/2022 06:12:00 PM,NEW HAMPSHIRE AVE,NA,SAME DIR REAR END,Rain,WET,Medium,NO CONTROLS,NONE DETECTED,Yes,No Apparent Injury,"RAIN, SNOW, WET",UNKNOWN,NA,PASSENGER CAR,MOVING CONSTANT SPEED,40,No,2005,INFINITY,UNK,39.02274545,-76.97793879,2022,2,18
220005360,Property Damage Crash,02/07/2022 06:12:00 PM,NEW HAMPSHIRE AVE,NA,SAME DIR REAR END,Rain,WET,Medium,NO CONTROLS,NONE DETECTED,No,No Apparent Injury,"RAIN, SNOW, WET",NOT DISTRACTED,MD,PASSENGER CAR,MOVING CONSTANT SPEED,40,No,2020,TOYOTA,PRIUS,39.02274545,-76.97793879,2022,2,18
220005355,Property Damage Crash,02/07/2022 05:56:00 PM,DARNESTOWN RD,NA,SAME DIRECTION SIDESWIPE,Rain,WET,Dark,TRAFFIC SIGNAL,NONE DETECTED,Yes,No Apparent Injury,N/A,LOOKED BUT DID NOT SEE,MD,PASSENGER CAR,MOVING CONSTANT SPEED,30,No,2014,NISSAN,SENTRA,39.11787102,-77.25220895,2022,2,17
220005355,Property Damage Crash,02/07/2022 05:56:00 PM,DARNESTOWN RD,NA,SAME DIRECTION SIDESWIPE,Rain,WET,Dark,TRAFFIC SIGNAL,NONE DETECTED,No,No Apparent Injury,N/A,NOT DISTRACTED,MD,PASSENGER CAR,MOVING CONSTANT SPEED,30,No,2014,HYUNDAI,ELANTRA,39.11787102,-77.25220895,2022,2,17
220005350,Property Damage Crash,02/07/2022 05:27:00 PM,NORBECK RD,NA,STRAIGHT MOVEMENT ANGLE,Rain,WET,Medium,TRAFFIC SIGNAL,NONE DETECTED,No,No Apparent Injury,"RAIN, SNOW, WET",NOT DISTRACTED,MD,PASSENGER CAR,MOVING CONSTANT SPEED,45,No,1997,TOYT,SD,39.12044833,-77.03399667,2022,2,17
220005350,Property Damage Crash,02/07/2022 05:27:00 PM,NORBECK RD,NA,STRAIGHT MOVEMENT ANGLE,Rain,WET,Medium,TRAFFIC SIGNAL,NONE DETECTED,Yes,No Apparent Injury,"RAIN, SNOW, WET",LOOKED BUT DID NOT SEE,MD,PASSENGER CAR,ACCELERATING,45,No,2019,TOYOTA,HIGHLANDER,39.12044833,-77.03399667,2022,2,17
220005351,Property Damage Crash,02/07/2022 05:15:00 PM,ANITA CT,NA,OTHER,Rain,WET,Daylight,NO CONTROLS,NONE DETECTED,Yes,No Apparent Injury,"N/A, RAIN, SNOW",UNKNOWN,NA,PASSENGER CAR,STARTING FROM PARKED,15,No,2013,DODOGE,RAM,39.07997592,-77.13826298,2022,2,17
220005345,Property Damage Crash,02/07/2022 05:00:00 PM,VEIRS MILL RD,NA,OTHER,Rain,WET,Daylight,TRAFFIC SIGNAL,NONE DETECTED,No,No Apparent Injury,"RAIN, SNOW, WET",NOT DISTRACTED,MD,PASSENGER CAR,STOPPED IN TRAFFIC LANE,40,No,2007,CHEVY,TK,39.07997592,-77.13826298,2022,2,17
220005345,Property Damage Crash,02/07/2022 05:00:00 PM,VEIRS MILL RD,NA,OTHER,Rain,WET,Daylight,TRAFFIC SIGNAL,NONE DETECTED,Yes,No Apparent Injury,"RAIN, SNOW, WET",UNKNOWN,NA,PASSENGER CAR,MOVING CONSTANT SPEED,40,No,2013,DODGE,RAM,39.07997592,-77.13826298,2022,2,17
220005335,Injury Crash,02/07/2022 04:44:00 PM,FREDERICK RD,NA,STRAIGHT MOVEMENT ANGLE,Clear,DRY,Daylight,TRAFFIC SIGNAL,NONE DETECTED,Yes,Possible Minor Injury,N/A,NOT DISTRACTED,MD,VAN,MOVING CONSTANT SPEED,30,No,2016,HONDA,VN,39.24017333,-77.28121333,2022,2,16
220005335,Injury Crash,02/07/2022 04:44:00 PM,FREDERICK RD,NA,STRAIGHT MOVEMENT ANGLE,Clear,DRY,Daylight,TRAFFIC SIGNAL,NONE DETECTED,No,Possible Minor Injury,N/A,NOT DISTRACTED,MD,VAN,ACCELERATING,35,No,2021,RAM,CG,39.24017333,-77.28121333,2022,2,16
220005325,Property Damage Crash,02/07/2022 04:32:00 PM,RANDOLPH RD,NA,OTHER,Rain,WET,Daylight,NO CONTROLS,NONE DETECTED,Yes,No Apparent Injury,"RAIN, SNOW, WET",NOT DISTRACTED,MD,PASSENGER CAR,SKIDDING,35,No,2012,INFINITY,4D,39.059495,-77.060055,2022,2,16
220005325,Property Damage Crash,02/07/2022 04:32:00 PM,RANDOLPH RD,NA,OTHER,Rain,WET,Daylight,NO CONTROLS,NONE DETECTED,No,No Apparent Injury,"RAIN, SNOW, WET",NOT DISTRACTED,MD,PASSENGER CAR,UNKNOWN,35,No,2008,TOYOTA,TK,39.059495,-77.060055,2022,2,16
220005325,Property Damage Crash,02/07/2022 04:32:00 PM,RANDOLPH RD,NA,OTHER,Rain,WET,Daylight,NO CONTROLS,NONE DETECTED,No,No Apparent Injury,"RAIN, SNOW, WET",NOT DISTRACTED,MD,PASSENGER CAR,UNKNOWN,35,No,2010,FORD,TK,39.059495,-77.060055,2022,2,16
220005362,Property Damage Crash,02/07/2022 04:30:00 PM,SHADY GROVE RD,NA,SAME DIR REAR END,Rain,WET,Medium,N/A,NONE DETECTED,No,No Apparent Injury,"N/A, WET",NOT DISTRACTED,MD,PASSENGER CAR,SLOWING OR STOPPING,45,No,2014,HONDA,CIVIC,39.14036333,-77.15221167,2022,2,16
220005362,Property Damage Crash,02/07/2022 04:30:00 PM,SHADY GROVE RD,NA,SAME DIR REAR END,Rain,WET,Medium,N/A,NONE DETECTED,Yes,No Apparent Injury,"N/A, WET",UNKNOWN,NA,PASSENGER CAR,N/A,45,No,2019,JEEP,UNKNOWN,39.14036333,-77.15221167,2022,2,16
220005317,Injury Crash,02/07/2022 03:45:00 PM,QUINCE ORCHARD RD,NA,SINGLE VEHICLE,Cloudy,DRY,Daylight,NO CONTROLS,NONE DETECTED,Yes,Possible Minor Injury,N/A,TEXTING FROM A CELLULAR PHONE,NA,PASSENGER CAR,MOVING CONSTANT SPEED,35,No,2006,CHEVY,TRAIL BLAZER,39.13293097,-77.22409593,2022,2,15
220005309,Injury Crash,02/07/2022 03:30:00 PM,PARKLAWN DR,NA,SAME DIR REAR END,Clear,DRY,Daylight,N/A,NONE DETECTED,Yes,Possible Minor Injury,N/A,UNKNOWN,MD,PASSENGER CAR,SLOWING OR STOPPING,30,No,2016,HONDA,ACCORD,39.052255,-77.10670333,2022,2,15
220005309,Injury Crash,02/07/2022 03:30:00 PM,PARKLAWN DR,NA,SAME DIR REAR END,Clear,DRY,Daylight,N/A,NONE DETECTED,No,No Apparent Injury,N/A,OTHER DISTRACTION,MD,PASSENGER CAR,SLOWING OR STOPPING,30,No,2010,TOYOTA,CAMRY,39.052255,-77.10670333,2022,2,15
220005300,Property Damage Crash,02/07/2022 02:40:00 PM,W LYNFIELD DR,NA,OTHER,Clear,DRY,Daylight,NO CONTROLS,NONE DETECTED,Yes,No Apparent Injury,N/A,LOOKED BUT DID NOT SEE,MD,OTHER,MOVING CONSTANT SPEED,30,No,2008,CRANE,TRUCK,39.07599761,-77.15035645,2022,2,14
220005291,Injury Crash,02/07/2022 01:55:00 PM,GEORGIA AVE,NA,STRAIGHT MOVEMENT ANGLE,Cloudy,DRY,Daylight,NO CONTROLS,NONE DETECTED,No,Possible Minor Injury,N/A,NOT DISTRACTED,MD,PASSENGER CAR,MOVING CONSTANT SPEED,35,No,1997,TOYT,SD,39.08545333,-77.07882167,2022,2,13
220005296,Property Damage Crash,02/07/2022 01:55:00 PM,NA,NA,HEAD ON,Clear,NA,Daylight,NO CONTROLS,NONE DETECTED,Yes,No Apparent Injury,N/A,NOT DISTRACTED,MD,PASSENGER CAR,MAKING RIGHT TURN,5,No,2015,MERCEDES,C300,39.074644,-77.009232,2022,2,13
220005291,Injury Crash,02/07/2022 01:55:00 PM,GEORGIA AVE,NA,STRAIGHT MOVEMENT ANGLE,Cloudy,DRY,Daylight,NO CONTROLS,NONE DETECTED,Yes,No Apparent Injury,N/A,LOOKED BUT DID NOT SEE,MD,PASSENGER CAR,ENTERING TRAFFIC LANE,35,No,2013,BMW,WG,39.08545333,-77.07882167,2022,2,13
220005244,Injury Crash,02/07/2022 09:11:00 AM,OLNEY LAYTONSVILLE RD,NA,SAME DIR REAR END,Clear,DRY,Daylight,NO CONTROLS,NONE DETECTED,No,Possible Minor Injury,N/A,NOT DISTRACTED,MD,PASSENGER CAR,MOVING CONSTANT SPEED,30,No,2017,TOYOTA,SIENNA,39.171615,-77.09526167,2022,2,9
220005244,Injury Crash,02/07/2022 09:11:00 AM,OLNEY LAYTONSVILLE RD,NA,SAME DIR REAR END,Clear,DRY,Daylight,NO CONTROLS,NONE DETECTED,Yes,Possible Minor Injury,N/A,NOT DISTRACTED,MD,PASSENGER CAR,MOVING CONSTANT SPEED,35,No,2018,TOYOTA,RAV4,39.171615,-77.09526167,2022,2,9
220005236,Injury Crash,02/07/2022 08:36:00 AM,TAFT ST,PEDESTRIAN,SINGLE VEHICLE,Cloudy,DRY,Daylight,TRAFFIC SIGNAL,NONE DETECTED,Yes,No Apparent Injury,N/A,UNKNOWN,MD,PICKUP TRUCK,MAKING LEFT TURN,30,No,2009,TOYT,TK,39.094198,-77.132573,2022,2,8
220005230,Property Damage Crash,02/07/2022 07:37:00 AM,MCKINLEY ST,NA,SINGLE VEHICLE,Clear,DRY,Daylight,NO CONTROLS,NONE DETECTED,Yes,No Apparent Injury,N/A,EATING OR DRINKING,MD,PASSENGER CAR,MOVING CONSTANT SPEED,25,No,2013,HYUN,4S,38.9959,-77.11628167,2022,2,7
220005227,Property Damage Crash,02/07/2022 07:29:00 AM,VEIRS MILL RD,NA,SAME DIR REAR END,Clear,DRY,Daylight,NO CONTROLS,NONE DETECTED,Yes,No Apparent Injury,N/A,UNKNOWN,XX,(SPORT) UTILITY VEHICLE,SLOWING OR STOPPING,35,No,2008,TOYOTA,RAV4,39.04435617,-77.0635285,2022,2,7
220005227,Property Damage Crash,02/07/2022 07:29:00 AM,VEIRS MILL RD,NA,SAME DIR REAR END,Clear,DRY,Daylight,NO CONTROLS,NONE DETECTED,No,No Apparent Injury,N/A,NOT DISTRACTED,MD,PASSENGER CAR,STOPPED IN TRAFFIC LANE,35,No,2018,HONDA,ACCORD,39.04435617,-77.0635285,2022,2,7
220005225,Injury Crash,02/07/2022 07:05:00 AM,W DIAMOND AVE,PEDESTRIAN,OTHER,Clear,DRY,Medium,TRAFFIC SIGNAL,NONE DETECTED,No,No Apparent Injury,N/A,LOOKED BUT DID NOT SEE,MD,"OTHER LIGHT TRUCKS (10,000LBS (4,536KG) OR LESS)",MAKING LEFT TURN,35,No,2019,NISSAN,VN,39.14213818,-77.21737642,2022,2,7
220005224,Property Damage Crash,02/07/2022 06:47:00 AM,COLUMBIA PIKE,NA,SAME DIR REAR END,Clear,DRY,Medium,NO CONTROLS,NONE DETECTED,Yes,No Apparent Injury,N/A,INATTENTIVE OR LOST IN THOUGHT,MD,PASSENGER CAR,MOVING CONSTANT SPEED,40,No,2015,VOLK,TIGUAN,39.05045167,-76.98092833,2022,2,6
220005224,Property Damage Crash,02/07/2022 06:47:00 AM,COLUMBIA PIKE,NA,SAME DIR REAR END,Clear,DRY,Medium,NO CONTROLS,NONE DETECTED,No,No Apparent Injury,N/A,NOT DISTRACTED,MD,PASSENGER CAR,STOPPED IN TRAFFIC LANE,40,No,2017,HONDA,ACCORD,39.05045167,-76.98092833,2022,2,6
220005221,Property Damage Crash,02/07/2022 03:50:00 AM,SEVEN LOCKS RD,NA,SINGLE VEHICLE,Clear,DRY,Dark,NO CONTROLS,NONE DETECTED,No,No Apparent Injury,"ANIMAL, N/A",NOT DISTRACTED,VA,POLICE VEHICLE/EMERGENCY,MOVING CONSTANT SPEED,30,No,2016,FORD,INTERCEPTOR,39.006649,-77.15944067,2022,2,3
220008583,Property Damage Crash,02/07/2022 02:00:00 AM,NA,NA,SINGLE VEHICLE,Snow,NA,Medium,N/A,NONE DETECTED,Yes,No Apparent Injury,"ICY OR SNOW-COVERED, RAIN, SNOW, WET",LOOKED BUT DID NOT SEE,MD,POLICE VEHICLE/NON EMERGENCY,BACKING,15,No,2016,FORD,INTERCEPTOR,39.12947573,-77.06990843,2022,2,2
220005215,Property Damage Crash,02/07/2022 01:30:00 AM,GEORGIA AVE,NA,HEAD ON LEFT TURN,Clear,DRY,Medium,TRAFFIC SIGNAL,NONE DETECTED,No,No Apparent Injury,N/A,NOT DISTRACTED,MD,PASSENGER CAR,MOVING CONSTANT SPEED,25,No,2016,MAZD,4S,39.03632833,-77.04993,2022,2,1
220005215,Property Damage Crash,02/07/2022 01:30:00 AM,GEORGIA AVE,NA,HEAD ON LEFT TURN,Clear,DRY,Medium,TRAFFIC SIGNAL,NONE DETECTED,Yes,No Apparent Injury,N/A,UNKNOWN,MD,PASSENGER CAR,MAKING LEFT TURN,25,No,2006,DODGE,CHARGER,39.03632833,-77.04993,2022,2,1
220005209,Property Damage Crash,02/06/2022 10:08:00 PM,FREDERICK RD,NA,SINGLE VEHICLE,Clear,N/A,Medium,TRAFFIC SIGNAL,NONE DETECTED,Yes,No Apparent Injury,N/A,NOT DISTRACTED,MD,POLICE VEHICLE/EMERGENCY,MAKING U TURN,25,No,2017,FORD,EXPLORER,39.14394301,-77.20167355,2022,2,22
220005204,Property Damage Crash,02/06/2022 10:00:00 PM,HUNGERFORD DR,NA,STRAIGHT MOVEMENT ANGLE,Clear,DRY,Medium,TRAFFIC SIGNAL,NONE DETECTED,Yes,No Apparent Injury,N/A,LOOKED BUT DID NOT SEE,MD,VAN,ACCELERATING,35,No,2007,TOYT,VN,39.11235167,-77.1891,2022,2,22
220005204,Property Damage Crash,02/06/2022 10:00:00 PM,HUNGERFORD DR,NA,STRAIGHT MOVEMENT ANGLE,Clear,DRY,Medium,TRAFFIC SIGNAL,NONE DETECTED,No,No Apparent Injury,N/A,NOT DISTRACTED,MD,VAN,MOVING CONSTANT SPEED,35,No,2011,CHRY,VN,39.11235167,-77.1891,2022,2,22
220005203,Injury Crash,02/06/2022 09:06:00 PM,RIDGE RD,NA,SINGLE VEHICLE,Clear,DRY,Medium,NO CONTROLS,ALCOHOL PRESENT,Yes,Possible Minor Injury,N/A,UNKNOWN,NY,PASSENGER CAR,MOVING CONSTANT SPEED,40,No,2012,TOYOTA,CAMRY,39.25353675,-77.22970966,2022,2,21
220005199,Property Damage Crash,02/06/2022 08:47:00 PM,COLESVILLE RD,NA,STRAIGHT MOVEMENT ANGLE,Clear,DRY,Medium,OTHER,NONE DETECTED,No,No Apparent Injury,N/A,NOT DISTRACTED,MD,PASSENGER CAR,MOVING CONSTANT SPEED,40,No,2022,TOYOTA,SD,39.01366815,-77.01652378,2022,2,20
220005199,Property Damage Crash,02/06/2022 08:47:00 PM,COLESVILLE RD,NA,STRAIGHT MOVEMENT ANGLE,Clear,DRY,Medium,OTHER,NONE DETECTED,Yes,No Apparent Injury,N/A,UNKNOWN,MD,PASSENGER CAR,STARTING FROM LANE,40,No,2000,TOYOTA,SD,39.01366815,-77.01652378,2022,2,20
220005192,Property Damage Crash,02/06/2022 08:25:00 PM,NEW HAMPSHIRE AVE,NA,SAME DIR BOTH LEFT TURN,Clear,DRY,Medium,NO CONTROLS,NONE DETECTED,No,No Apparent Injury,N/A,NOT DISTRACTED,MD,PASSENGER CAR,MOVING CONSTANT SPEED,40,No,2008,SUBARU,IMPREZA,39.031583,-77.00524167,2022,2,20
220005192,Property Damage Crash,02/06/2022 08:25:00 PM,NEW HAMPSHIRE AVE,NA,SAME DIR BOTH LEFT TURN,Clear,DRY,Medium,NO CONTROLS,NONE DETECTED,Yes,No Apparent Injury,N/A,UNKNOWN,NA,PASSENGER CAR,MOVING CONSTANT SPEED,40,No,2019,HYUNDAI,ELANTRA,39.031583,-77.00524167,2022,2,20
220005188,Property Damage Crash,02/06/2022 07:20:00 PM,KINLOCH RD,NA,SINGLE VEHICLE,Clear,DRY,Medium,NO CONTROLS,ALCOHOL PRESENT,Yes,No Apparent Injury,N/A,OTHER DISTRACTION,MD,PASSENGER CAR,MOVING CONSTANT SPEED,25,No,2018,INFINITI,Q50,39.02762967,-76.97009617,2022,2,19
220005180,Property Damage Crash,02/06/2022 06:07:00 PM,RANDOLPH RD,NA,SINGLE VEHICLE,Clear,DRY,Medium,TRAFFIC SIGNAL,NONE DETECTED,Yes,No Apparent Injury,N/A,LOOKED BUT DID NOT SEE,MD,PASSENGER CAR,MOVING CONSTANT SPEED,40,No,2012,NISSIAN,MAXIMA,39.0661215,-77.02143483,2022,2,18
220005182,Property Damage Crash,02/06/2022 06:00:00 PM,ADRIAN ST,NA,HEAD ON,Clear,DRY,Medium,NO CONTROLS,ALCOHOL PRESENT,Yes,No Apparent Injury,N/A,UNKNOWN,MD,PICKUP TRUCK,MOVING CONSTANT SPEED,25,No,2004,DODGE,RAM,39.06128167,-77.090095,2022,2,18
220005169,Injury Crash,02/06/2022 04:25:00 PM,NORBECK RD,NA,STRAIGHT MOVEMENT ANGLE,Clear,DRY,Daylight,TRAFFIC SIGNAL,NONE DETECTED,Unknown,Possible Minor Injury,N/A,LOOKED BUT DID NOT SEE,MD,PASSENGER CAR,MAKING LEFT TURN,35,No,2019,TOYOTA,SUV,39.09035447,-77.12917657,2022,2,16
220005169,Injury Crash,02/06/2022 04:25:00 PM,NORBECK RD,NA,STRAIGHT MOVEMENT ANGLE,Clear,DRY,Daylight,TRAFFIC SIGNAL,NONE DETECTED,Unknown,Possible Minor Injury,N/A,UNKNOWN,MD,PASSENGER CAR,MOVING CONSTANT SPEED,50,No,2018,MAZD,UT,39.09035447,-77.12917657,2022,2,16
220005159,Property Damage Crash,02/06/2022 03:53:00 PM,BRADLEY BLVD,NA,SAME DIR REAR END,Clear,DRY,Daylight,TRAFFIC SIGNAL,NONE DETECTED,No,No Apparent Injury,N/A,NOT DISTRACTED,MD,PASSENGER CAR,STOPPED IN TRAFFIC LANE,25,No,2010,NISS,ALTIMA,38.97838308,-77.09678352,2022,2,15
220005159,Property Damage Crash,02/06/2022 03:53:00 PM,BRADLEY BLVD,NA,SAME DIR REAR END,Clear,DRY,Daylight,TRAFFIC SIGNAL,NONE DETECTED,Yes,No Apparent Injury,N/A,LOOKED BUT DID NOT SEE,MD,PASSENGER CAR,MOVING CONSTANT SPEED,25,No,2016,HOND,SD,38.97838308,-77.09678352,2022,2,15
220005162,Property Damage Crash,02/06/2022 03:50:00 PM,PINEY BRANCH RD,NA,SAME DIRECTION RIGHT TURN,Clear,DRY,Daylight,NO CONTROLS,NONE DETECTED,No,No Apparent Injury,N/A,NOT DISTRACTED,MD,TRANSIT BUS,MOVING CONSTANT SPEED,35,No,2020,GILLIG,BUS,39.03143683,-77.0053465,2022,2,15
220005162,Property Damage Crash,02/06/2022 03:50:00 PM,PINEY BRANCH RD,NA,SAME DIRECTION RIGHT TURN,Clear,DRY,Daylight,NO CONTROLS,NONE DETECTED,Yes,No Apparent Injury,N/A,LOOKED BUT DID NOT SEE,MD,PASSENGER CAR,MOVING CONSTANT SPEED,35,No,2008,MERCEDES,TK,39.03143683,-77.0053465,2022,2,15
220005154,Property Damage Crash,02/06/2022 02:20:00 PM,VEIRS MILL RD,NA,SAME DIR REAR END,Clear,WET,Daylight,TRAFFIC SIGNAL,NONE DETECTED,No,No Apparent Injury,N/A,NOT DISTRACTED,MD,PASSENGER CAR,ACCELERATING,45,No,2013,DODG,SU,39.05204167,-77.07451833,2022,2,14
220005154,Property Damage Crash,02/06/2022 02:20:00 PM,VEIRS MILL RD,NA,SAME DIR REAR END,Clear,WET,Daylight,TRAFFIC SIGNAL,NONE DETECTED,Yes,No Apparent Injury,N/A,UNKNOWN,MD,PASSENGER CAR,SLOWING OR STOPPING,45,No,2014,GMC,CG,39.05204167,-77.07451833,2022,2,14
220005155,Injury Crash,02/06/2022 02:05:00 PM,COLESVILLE RD,NA,STRAIGHT MOVEMENT ANGLE,Clear,DRY,Daylight,TRAFFIC SIGNAL,NONE DETECTED,Yes,Possible Minor Injury,N/A,NOT DISTRACTED,DC,(SPORT) UTILITY VEHICLE,MOVING CONSTANT SPEED,35,No,2019,LEXUS,UT,38.99254133,-77.03599433,2022,2,14