Local Case Number,ACRS Report Type,Crash Date/Time,Road Name,Related Non-Motorist,Collision Type,Weather,Surface Condition,Light,Traffic Control,Driver Substance Abuse,Driver At Fault,Injury Severity,Circumstance,Driver Distracted By,Drivers License State,Vehicle Body Type,Vehicle Movement,Speed Limit,Driverless Vehicle,Vehicle Year,Vehicle Make,Vehicle Model,Latitude,Longitude,Year,Month,Hour
220004896,Property Damage Crash,02/04/2022 04:15:00 PM,STEDWICK RD,NA,SAME DIR REAR END,Cloudy,WET,Daylight,N/A,NONE DETECTED,No,No Apparent Injury,"N/A, WET",NOT DISTRACTED,MD,(SPORT) UTILITY VEHICLE,MOVING CONSTANT SPEED,25,No,2014,CHEV,CAPTIVA,39.17033564,-77.20775937,2022,2,16
220004896,Property Damage Crash,02/04/2022 04:15:00 PM,STEDWICK RD,NA,SAME DIR REAR END,Cloudy,WET,Daylight,N/A,NONE DETECTED,Yes,No Apparent Injury,"N/A, WET",NOT DISTRACTED,MD,PASSENGER CAR,ACCELERATING,25,No,2017,NISS,VERSA,39.17033564,-77.20775937,2022,2,16
220004901,Property Damage Crash,02/04/2022 04:09:00 PM,PERRY PKWY,NA,SAME DIRECTION SIDESWIPE,Rain,WET,Daylight,NO CONTROLS,NONE DETECTED,No,No Apparent Injury,N/A,NOT DISTRACTED,MD,PASSENGER CAR,MOVING CONSTANT SPEED,25,No,2013,HYUN,4S,39.14986905,-77.2093222,2022,2,16
220004901,Property Damage Crash,02/04/2022 04:09:00 PM,PERRY PKWY,NA,SAME DIRECTION SIDESWIPE,Rain,WET,Daylight,NO CONTROLS,NONE DETECTED,Yes,No Apparent Injury,N/A,LOOKED BUT DID NOT SEE,MD,PASSENGER CAR,MOVING CONSTANT SPEED,25,No,2010,HOND,UT,39.14986905,-77.2093222,2022,2,16
220004884,Property Damage Crash,02/04/2022 03:36:00 PM,W DIAMOND AVE,NA,SAME DIRECTION SIDESWIPE,Rain,WET,Daylight,TRAFFIC SIGNAL,NONE DETECTED,Yes,No Apparent Injury,N/A,NOT DISTRACTED,MD,SCHOOL BUS,MOVING CONSTANT SPEED,35,No,2019,THOMAS,CONV-MSDE-C-8,39.14013715,-77.20428967,2022,2,15
220004884,Property Damage Crash,02/04/2022 03:36:00 PM,W DIAMOND AVE,NA,SAME DIRECTION SIDESWIPE,Rain,WET,Daylight,TRAFFIC SIGNAL,NONE DETECTED,No,No Apparent Injury,N/A,NOT DISTRACTED,MD,SCHOOL BUS,MOVING CONSTANT SPEED,35,No,2012,THOMAS,CONV-MSDE-C-8,39.14013715,-77.20428967,2022,2,15
220004883,Property Damage Crash,02/04/2022 03:26:00 PM,DEXTER AVE,NA,SAME DIRECTION SIDESWIPE,Rain,WET,Daylight,NO CONTROLS,NONE DETECTED,Yes,No Apparent Injury,"N/A, RAIN, SNOW",LOOKED BUT DID NOT SEE,MD,PASSENGER CAR,STARTING FROM PARKED,25,No,2004,NISS,TK,39.02215149,-77.04734407,2022,2,15
220004883,Property Damage Crash,02/04/2022 03:26:00 PM,DEXTER AVE,NA,SAME DIRECTION SIDESWIPE,Rain,WET,Daylight,NO CONTROLS,NONE DETECTED,No,No Apparent Injury,"N/A, RAIN, SNOW",NOT DISTRACTED,MD,SCHOOL BUS,MOVING CONSTANT SPEED,25,No,2019,THMS,BU,39.02215149,-77.04734407,2022,2,15
220004886,Property Damage Crash,02/04/2022 02:52:00 PM,HIGHLAND DR,NA,STRAIGHT MOVEMENT ANGLE,Rain,WET,Daylight,NO CONTROLS,NONE DETECTED,Yes,No Apparent Injury,"RAIN, SNOW, WET",LOOKED BUT DID NOT SEE,MD,PASSENGER CAR,MAKING LEFT TURN,35,No,2019,CHEVROLET,CAMARO,39.00446833,-77.036755,2022,2,14
220004886,Property Damage Crash,02/04/2022 02:52:00 PM,HIGHLAND DR,NA,STRAIGHT MOVEMENT ANGLE,Rain,WET,Daylight,NO CONTROLS,NONE DETECTED,No,No Apparent Injury,"RAIN, SNOW, WET",NOT DISTRACTED,VA,PASSENGER CAR,MOVING CONSTANT SPEED,35,No,2009,MINI,COOPER,39.00446833,-77.036755,2022,2,14
220004866,Property Damage Crash,02/04/2022 02:20:00 PM,PERRY PKWY,NA,SAME DIRECTION SIDESWIPE,Rain,WET,Daylight,NO CONTROLS,NONE DETECTED,Yes,No Apparent Injury,"N/A, RAIN, SNOW",LOOKED BUT DID NOT SEE,MD,PASSENGER CAR,CHANGING LANES,30,No,2021,BMW,X3,39.141735,-77.20904,2022,2,14
220004866,Property Damage Crash,02/04/2022 02:20:00 PM,PERRY PKWY,NA,SAME DIRECTION SIDESWIPE,Rain,WET,Daylight,NO CONTROLS,NONE DETECTED,No,No Apparent Injury,"N/A, RAIN, SNOW",NOT DISTRACTED,MD,PASSENGER CAR,MOVING CONSTANT SPEED,30,No,2013,TOYOTA,COROLLA,39.141735,-77.20904,2022,2,14
220004871,Property Damage Crash,02/04/2022 01:15:00 PM,E GUDE DR,NA,SAME DIRECTION SIDESWIPE,Rain,WET,Daylight,N/A,NONE DETECTED,Yes,No Apparent Injury,"N/A, WET",UNKNOWN,NA,"MEDIUM/HEAVY TRUCKS 3 AXLES (OVER 10,000LBS (4,536KG))",CHANGING LANES,40,No,2018,MACK,TK,39.10625012,-77.14713908,2022,2,13
220004871,Property Damage Crash,02/04/2022 01:15:00 PM,E GUDE DR,NA,SAME DIRECTION SIDESWIPE,Rain,WET,Daylight,N/A,NONE DETECTED,No,No Apparent Injury,"N/A, WET",NOT DISTRACTED,MD,PASSENGER CAR,MOVING CONSTANT SPEED,40,No,2017,LEXUS,ES350,39.10625012,-77.14713908,2022,2,13
220004826,Property Damage Crash,02/04/2022 08:45:00 AM,SHADY GROVE RD,NA,SAME DIR REAR END,Rain,WET,Daylight,N/A,NONE DETECTED,Yes,No Apparent Injury,"N/A, WET",LOOKED BUT DID NOT SEE,MD,PASSENGER CAR,SLOWING OR STOPPING,45,No,2016,FORD,F150,39.15050253,-77.14445853,2022,2,8
220004826,Property Damage Crash,02/04/2022 08:45:00 AM,SHADY GROVE RD,NA,SAME DIR REAR END,Rain,WET,Daylight,N/A,NONE DETECTED,No,No Apparent Injury,"N/A, WET",NOT DISTRACTED,MD,PASSENGER CAR,SLOWING OR STOPPING,45,No,2013,MERZ,TK,39.15050253,-77.14445853,2022,2,8
220004822,Property Damage Crash,02/04/2022 08:29:00 AM,GEORGIA AVE,NA,HEAD ON LEFT TURN,Rain,WET,Daylight,TRAFFIC SIGNAL,NONE DETECTED,Yes,No Apparent Injury,"RAIN, SNOW, WET",NOT DISTRACTED,MD,PASSENGER CAR,MOVING CONSTANT SPEED,45,No,2012,HONDA,PILOT,39.130585,-77.07125167,2022,2,8
220004822,Property Damage Crash,02/04/2022 08:29:00 AM,GEORGIA AVE,NA,HEAD ON LEFT TURN,Rain,WET,Daylight,TRAFFIC SIGNAL,NONE DETECTED,Yes,No Apparent Injury,"RAIN, SNOW, WET",LOOKED BUT DID NOT SEE,MD,PASSENGER CAR,MAKING LEFT TURN,45,No,2016,CHEVROLET,TRAVERSE,39.130585,-77.07125167,2022,2,8
220004834,Injury Crash,02/04/2022 08:06:00 AM,SPENCERVILLE RD,NA,SINGLE VEHICLE,Rain,WET,Daylight,N/A,NONE DETECTED,Yes,Possible Minor Injury,N/A,NOT DISTRACTED,MD,PASSENGER CAR,MOVING CONSTANT SPEED,40,No,2010,HONDA,ELEMENT,39.11805104,-76.97344816,2022,2,8
220004815,Injury Crash,02/04/2022 06:40:00 AM,ARCOLA AVE,PEDESTRIAN,SINGLE VEHICLE,Rain,WET,Dark,N/A,NONE DETECTED,Yes,No Apparent Injury,"RAIN, SNOW, WET",UNKNOWN,MD,PASSENGER CAR,MAKING RIGHT TURN,30,No,2011,TOYT,4S,39.03899833,-77.02845167,2022,2,6
220005822,Property Damage Crash,02/03/2022 10:00:00 PM,IDLEWOOD RD,NA,SAME DIRECTION SIDESWIPE,Clear,DRY,Medium,NO CONTROLS,NONE DETECTED,Yes,No Apparent Injury,N/A,UNKNOWN,MD,PASSENGER CAR,MOVING CONSTANT SPEED,30,No,1999,ACURA,SEDAN,39.04583833,-77.085495,2022,2,22
220004798,Injury Crash,02/03/2022 09:40:00 PM,NA,PEDESTRIAN,OTHER,Rain,NA,Medium,TRAFFIC SIGNAL,NONE DETECTED,No,No Apparent Injury,"N/A, RAIN, SNOW",LOOKED BUT DID NOT SEE,MD,(SPORT) UTILITY VEHICLE,MAKING RIGHT TURN,5,No,2009,HONDA,CR-V,39.11910052,-77.18213407,2022,2,21
220004791,Injury Crash,02/03/2022 08:32:00 PM,NA,NA,SINGLE VEHICLE,Rain,NA,Medium,NO CONTROLS,NONE DETECTED,Yes,Suspected Serious Injury,N/A,NOT DISTRACTED,MD,POLICE VEHICLE/NON EMERGENCY,ACCELERATING,0,No,2019,DODGE,CHARGER,39.15061467,-77.0598125,2022,2,20
220004785,Property Damage Crash,02/03/2022 07:39:00 PM,BRINK RD,NA,SAME DIRECTION SIDESWIPE,Cloudy,WET,Medium,TRAFFIC SIGNAL,NONE DETECTED,Yes,No Apparent Injury,"RAIN, SNOW, WET",UNKNOWN,MD,VAN,ACCELERATING,30,No,2011,HONDA,ODYSSEY,39.21204338,-77.14253452,2022,2,19
220004785,Property Damage Crash,02/03/2022 07:39:00 PM,BRINK RD,NA,SAME DIRECTION SIDESWIPE,Cloudy,WET,Medium,TRAFFIC SIGNAL,NONE DETECTED,No,No Apparent Injury,"RAIN, SNOW, WET",NOT DISTRACTED,MD,(SPORT) UTILITY VEHICLE,ACCELERATING,30,No,2021,AUDI,E-TRON,39.21204338,-77.14253452,2022,2,19
220004781,Property Damage Crash,02/03/2022 07:07:00 PM,NA,NA,SINGLE VEHICLE,Rain,NA,Medium,NO CONTROLS,NONE DETECTED,Yes,No Apparent Injury,"N/A, WET",LOOKED BUT DID NOT SEE,MD,FIRE VEHICLE/EMERGENCY,MAKING RIGHT TURN,15,No,2016,PIRC,TK,39.114935,-77.20161167,2022,2,19
220004786,Property Damage Crash,02/03/2022 07:03:00 PM,NA,NA,OTHER,Rain,NA,Medium,N/A,NONE DETECTED,Yes,No Apparent Injury,"RAIN, SNOW, WET",UNKNOWN,NA,NA,STARTING FROM PARKED,15,No,0,UNKNOWN,UNKNOWN,38.99808,-77.00113,2022,2,19
220004775,Property Damage Crash,02/03/2022 05:45:00 PM,EAST WEST HWY,NA,SAME DIR REAR END,Rain,WET,Medium,NO CONTROLS,NONE DETECTED,No,No Apparent Injury,"RAIN, SNOW, WET",NOT DISTRACTED,US,PASSENGER CAR,SLOWING OR STOPPING,35,No,2017,MAZDA,CX-9,38.98821833,-77.07509,2022,2,17
220004775,Property Damage Crash,02/03/2022 05:45:00 PM,EAST WEST HWY,NA,SAME DIR REAR END,Rain,WET,Medium,NO CONTROLS,NONE DETECTED,Yes,No Apparent Injury,"RAIN, SNOW, WET",UNKNOWN,MD,PASSENGER CAR,SLOWING OR STOPPING,35,No,2007,FORD,FOCUS,38.98821833,-77.07509,2022,2,17
220004764,Property Damage Crash,02/03/2022 05:11:00 PM,BRINK RD,NA,OTHER,Rain,WET,Medium,NO CONTROLS,NONE DETECTED,Yes,No Apparent Injury,"RAIN, SNOW, WET",UNKNOWN,NA,PASSENGER CAR,MOVING CONSTANT SPEED,40,No,0,UNKNOWN,UNKNOWN,39.20535167,-77.18649,2022,2,17
220004764,Property Damage Crash,02/03/2022 05:11:00 PM,BRINK RD,NA,OTHER,Rain,WET,Medium,NO CONTROLS,NONE DETECTED,No,No Apparent Injury,"RAIN, SNOW, WET",NOT DISTRACTED,MD,PASSENGER CAR,SLOWING OR STOPPING,40,No,2007,SUBA,WG,39.20535167,-77.18649,2022,2,17
220004758,Injury Crash,02/03/2022 04:50:00 PM,NA,NA,SAME DIR REAR END,Rain,NA,Daylight,N/A,NONE DETECTED,Yes,Possible Minor Injury,N/A,NOT DISTRACTED,MD,PASSENGER CAR,OTHER,10,No,2019,HONDA,FIT,39.15843716,-77.20593845,2022,2,16
220004733,Property Damage Crash,02/03/2022 03:30:00 PM,WISTERIA DR,NA,SAME DIR REND LEFT TURN,Rain,WET,Daylight,TRAFFIC SIGNAL,NONE DETECTED,No,No Apparent Injury,"N/A, WET",NOT DISTRACTED,PA,PASSENGER CAR,MAKING LEFT TURN,40,No,2006,MERZ,SLK280,39.1772177,-77.26946993,2022,2,15
220004733,Property Damage Crash,02/03/2022 03:30:00 PM,WISTERIA DR,NA,SAME DIR REND LEFT TURN,Rain,WET,Daylight,TRAFFIC SIGNAL,NONE DETECTED,Yes,No Apparent Injury,"N/A, WET",NOT DISTRACTED,MD,PASSENGER CAR,MAKING LEFT TURN,40,No,2021,MERZ,4D,39.1772177,-77.26946993,2022,2,15
220004737,Injury Crash,02/03/2022 03:15:00 PM,TWINBROOK PKWY,NA,SAME DIR REAR END,Rain,WET,Daylight,WARNING SIGN,NONE DETECTED,No,Possible Minor Injury,"RAIN, SNOW, WET",NOT DISTRACTED,MD,PASSENGER CAR,SLOWING OR STOPPING,35,No,2000,CHEVROLET,S10,39.06609741,-77.11466568,2022,2,15
220004737,Injury Crash,02/03/2022 03:15:00 PM,TWINBROOK PKWY,NA,SAME DIR REAR END,Rain,WET,Daylight,WARNING SIGN,NONE DETECTED,Yes,No Apparent Injury,"RAIN, SNOW, WET",NOT DISTRACTED,MD,PASSENGER CAR,SLOWING OR STOPPING,35,No,2004,FORD,F150,39.06609741,-77.11466568,2022,2,15
220004715,Injury Crash,02/03/2022 02:05:00 PM,CESSNA AVE,NA,OTHER,Rain,WET,Daylight,NO CONTROLS,NONE DETECTED,Yes,Possible Minor Injury,"N/A, RAIN, SNOW",UNKNOWN,CT,PASSENGER CAR,MOVING CONSTANT SPEED,25,No,2017,NISSAN,ALTIMA,39.17253167,-77.16423167,2022,2,14
220004696,Property Damage Crash,02/03/2022 12:37:00 PM,E GUDE DR,NA,SAME DIR REAR END,Rain,WET,Daylight,TRAFFIC SIGNAL,ALCOHOL PRESENT,Yes,No Apparent Injury,"RAIN, SNOW, WET",UNKNOWN,MD,PASSENGER CAR,MOVING CONSTANT SPEED,40,No,2014,SUBURA,TRIBECA,39.10659,-77.15142333,2022,2,12
220004696,Property Damage Crash,02/03/2022 12:37:00 PM,E GUDE DR,NA,SAME DIR REAR END,Rain,WET,Daylight,TRAFFIC SIGNAL,NONE DETECTED,No,No Apparent Injury,"RAIN, SNOW, WET",NOT DISTRACTED,MD,"MEDIUM/HEAVY TRUCKS 3 AXLES (OVER 10,000LBS (4,536KG))",STOPPED IN TRAFFIC LANE,40,No,2015,KW,TK,39.10659,-77.15142333,2022,2,12
220004696,Property Damage Crash,02/03/2022 12:37:00 PM,E GUDE DR,NA,SAME DIR REAR END,Rain,WET,Daylight,TRAFFIC SIGNAL,NONE DETECTED,No,No Apparent Injury,"RAIN, SNOW, WET",NOT DISTRACTED,MD,PASSENGER CAR,STOPPED IN TRAFFIC LANE,40,No,2012,TOYT,4S,39.10659,-77.15142333,2022,2,12
220004674,Property Damage Crash,02/03/2022 10:37:00 AM,UNIVERSITY BLVD W,NA,STRAIGHT MOVEMENT ANGLE,Rain,WET,Daylight,NO CONTROLS,NONE DETECTED,Yes,No Apparent Injury,"RAIN, SNOW, WET",UNKNOWN,MD,PASSENGER CAR,MAKING RIGHT TURN,35,No,2006,NISSAN,SENTRA,39.03797,-77.04040667,2022,2,10
220004674,Property Damage Crash,02/03/2022 10:37:00 AM,UNIVERSITY BLVD W,NA,STRAIGHT MOVEMENT ANGLE,Rain,WET,Daylight,NO CONTROLS,NONE DETECTED,No,No Apparent Injury,"RAIN, SNOW, WET",NOT DISTRACTED,MD,(SPORT) UTILITY VEHICLE,MOVING CONSTANT SPEED,35,No,2008,LEXUS,RX400H,39.03797,-77.04040667,2022,2,10
220004655,Property Damage Crash,02/03/2022 08:33:00 AM,RIVER RD,NA,HEAD ON LEFT TURN,Rain,WET,Daylight,TRAFFIC SIGNAL,NONE DETECTED,No,No Apparent Injury,N/A,NOT DISTRACTED,MD,VAN,STOPPED IN TRAFFIC LANE,25,No,2020,HONDA,ODESSY,38.966275,-77.10591667,2022,2,8
220004655,Property Damage Crash,02/03/2022 08:33:00 AM,RIVER RD,NA,HEAD ON LEFT TURN,Rain,WET,Daylight,TRAFFIC SIGNAL,NONE DETECTED,No,No Apparent Injury,N/A,NOT DISTRACTED,MD,(SPORT) UTILITY VEHICLE,MOVING CONSTANT SPEED,35,No,2018,MITSUBUSHI,OUTLANDER,38.966275,-77.10591667,2022,2,8
220004655,Property Damage Crash,02/03/2022 08:33:00 AM,RIVER RD,NA,HEAD ON LEFT TURN,Rain,WET,Daylight,TRAFFIC SIGNAL,NONE DETECTED,Yes,No Apparent Injury,N/A,UNKNOWN,MD,PASSENGER CAR,MAKING LEFT TURN,35,No,2019,ACURA,TL,38.966275,-77.10591667,2022,2,8
220004651,Injury Crash,02/03/2022 07:56:00 AM,MIDDLEBROOK RD,NA,SAME DIR REAR END,Rain,WET,Daylight,TRAFFIC SIGNAL,NONE DETECTED,No,No Apparent Injury,"RAIN, SNOW, WET",NOT DISTRACTED,MD,PASSENGER CAR,STOPPED IN TRAFFIC LANE,45,No,2015,HONDA,4D,39.17508667,-77.25385833,2022,2,7
220004651,Injury Crash,02/03/2022 07:56:00 AM,MIDDLEBROOK RD,NA,SAME DIR REAR END,Rain,WET,Daylight,TRAFFIC SIGNAL,NONE DETECTED,Yes,No Apparent Injury,"RAIN, SNOW, WET",NOT DISTRACTED,MD,PASSENGER CAR,SLOWING OR STOPPING,45,No,2006,HYUN,4S,39.17508667,-77.25385833,2022,2,7
220004642,Property Damage Crash,02/03/2022 02:54:00 AM,ARCOLA AVE,NA,SAME DIR REAR END,Rain,WET,Dark,NO CONTROLS,ALCOHOL PRESENT,Yes,No Apparent Injury,"RAIN, SNOW, WET",UNKNOWN,XX,PASSENGER CAR,MOVING CONSTANT SPEED,35,No,2017,NISSAN,MAXIMA,39.04695891,-77.04154334,2022,2,2
220004642,Property Damage Crash,02/03/2022 02:54:00 AM,ARCOLA AVE,NA,SAME DIR REAR END,Rain,WET,Dark,NO CONTROLS,NONE DETECTED,No,No Apparent Injury,"RAIN, SNOW, WET",NOT DISTRACTED,MD,PASSENGER CAR,MAKING LEFT TURN,35,No,2016,TOYOTA,CAMRY,39.04695891,-77.04154334,2022,2,2
220004639,Property Damage Crash,02/03/2022 01:28:00 AM,BLAIR MILL RD,NA,SINGLE VEHICLE,Rain,WET,Medium,NO CONTROLS,ALCOHOL PRESENT,Yes,No Apparent Injury,N/A,NOT DISTRACTED,DC,PASSENGER CAR,MAKING LEFT TURN,25,No,2017,HONDA,CIVIC,38.9895,-77.02837667,2022,2,1
220004638,Property Damage Crash,02/03/2022 12:54:00 AM,NA,NA,SINGLE VEHICLE,Rain,NA,Medium,N/A,NONE DETECTED,Yes,No Apparent Injury,"RAIN, SNOW, WET",NOT DISTRACTED,MD,PASSENGER CAR,MAKING RIGHT TURN,20,No,2019,DODGE,CHARGER,39.080617,-77.14886283,2022,2,0
220004633,Property Damage Crash,02/02/2022 11:07:00 PM,PARKLAND DR,NA,STRAIGHT MOVEMENT ANGLE,Clear,DRY,Medium,TRAFFIC SIGNAL,NONE DETECTED,Yes,No Apparent Injury,N/A,UNKNOWN,NA,STATION WAGON,MOVING CONSTANT SPEED,25,No,2008,FORD,TAURUS,39.079335,-77.08707833,2022,2,23
220004633,Property Damage Crash,02/02/2022 11:07:00 PM,PARKLAND DR,NA,STRAIGHT MOVEMENT ANGLE,Clear,DRY,Medium,TRAFFIC SIGNAL,NONE DETECTED,No,No Apparent Injury,N/A,NOT DISTRACTED,MD,PASSENGER CAR,MOVING CONSTANT SPEED,30,No,2014,CHEVROLET,CRUZE,39.079335,-77.08707833,2022,2,23
220010362,Property Damage Crash,02/02/2022 09:00:00 PM,CAPITAL BELTWAY,NA,SINGLE VEHICLE,Clear,DRY,Medium,NO CONTROLS,NONE DETECTED,Yes,No Apparent Injury,N/A,LOOKED BUT DID NOT SEE,MD,POLICE VEHICLE/NON EMERGENCY,MAKING LEFT TURN,25,No,2018,FORD,TAURUS,39.01683597,-77.01478039,2022,2,21
220004614,Property Damage Crash,02/02/2022 08:00:00 PM,GEORGIA AVE,NA,SAME DIRECTION SIDESWIPE,Clear,DRY,Medium,TRAFFIC SIGNAL,NONE DETECTED,Yes,No Apparent Injury,N/A,UNKNOWN,MD,PASSENGER CAR,MAKING U TURN,35,No,1991,JAGUAR,4S,39.084542,-77.07793567,2022,2,20
220004614,Property Damage Crash,02/02/2022 08:00:00 PM,GEORGIA AVE,NA,SAME DIRECTION SIDESWIPE,Clear,DRY,Medium,TRAFFIC SIGNAL,NONE DETECTED,No,No Apparent Injury,N/A,NOT DISTRACTED,XX,PASSENGER CAR,MOVING CONSTANT SPEED,35,No,2018,TOYOTA,CAMRY,39.084542,-77.07793567,2022,2,20
210004648,Property Damage Crash,02/02/2022 07:00:00 PM,TYGART LA,NA,SAME DIR REAR END,Cloudy,DRY,Medium,NO CONTROLS,NONE DETECTED,Yes,No Apparent Injury,N/A,UNKNOWN,NA,UNKNOWN,MOVING CONSTANT SPEED,25,No,0,UNKNOWN,UNKNOWN,39.18533512,-77.16190805,2022,2,19
220004596,Property Damage Crash,02/02/2022 06:10:00 PM,QUINCE ORCHARD RD,NA,SINGLE VEHICLE,Clear,N/A,Medium,NO CONTROLS,NONE DETECTED,Yes,No Apparent Injury,N/A,UNKNOWN,MD,PASSENGER CAR,MAKING U TURN,35,No,2020,CHEVY,MALIBU,39.14802975,-77.21806277,2022,2,18
220004595,Injury Crash,02/02/2022 05:44:00 PM,SEVEN LOCKS RD,NA,HEAD ON LEFT TURN,Clear,DRY,Medium,TRAFFIC SIGNAL,NONE DETECTED,No,Suspected Serious Injury,N/A,NOT DISTRACTED,MD,PASSENGER CAR,MOVING CONSTANT SPEED,35,No,2017,FORD,EXPLORER,39.040451,-77.15899583,2022,2,17
220004595,Injury Crash,02/02/2022 05:44:00 PM,SEVEN LOCKS RD,NA,HEAD ON LEFT TURN,Clear,DRY,Medium,TRAFFIC SIGNAL,NONE DETECTED,Yes,No Apparent Injury,N/A,NOT DISTRACTED,MD,PASSENGER CAR,MAKING LEFT TURN,35,No,2009,LAND ROVER,ROV TK,39.040451,-77.15899583,2022,2,17
220004581,Property Damage Crash,02/02/2022 04:20:00 PM,GEORGIA AVE,NA,OTHER,Clear,DRY,Daylight,TRAFFIC SIGNAL,NONE DETECTED,No,No Apparent Injury,N/A,NOT DISTRACTED,MD,PASSENGER CAR,MAKING LEFT TURN,50,No,2010,CHEVROLET,MALIBU,39.11019383,-77.0773965,2022,2,16
220004581,Property Damage Crash,02/02/2022 04:20:00 PM,GEORGIA AVE,NA,OTHER,Clear,DRY,Daylight,TRAFFIC SIGNAL,NONE DETECTED,Yes,No Apparent Injury,N/A,LOOKED BUT DID NOT SEE,MD,PASSENGER CAR,MAKING RIGHT TURN,50,No,2008,SUBARU,OUTBACK,39.11019383,-77.0773965,2022,2,16
220004566,Property Damage Crash,02/02/2022 04:06:00 PM,NEW HAMPSHIRE AVE,NA,SAME DIR REAR END,Clear,DRY,Daylight,TRAFFIC SIGNAL,NONE DETECTED,No,No Apparent Injury,N/A,NOT DISTRACTED,MD,PASSENGER CAR,STOPPED IN TRAFFIC LANE,40,No,2004,ACURA,SU,39.01772752,-76.97708285,2022,2,16
220004593,Property Damage Crash,02/02/2022 04:06:00 PM,WISCONSIN AVE,NA,SINGLE VEHICLE,Clear,DRY,Daylight,NO CONTROLS,NONE DETECTED,Yes,No Apparent Injury,N/A,UNKNOWN,DC,(SPORT) UTILITY VEHICLE,MOVING CONSTANT SPEED,35,No,2013,BMW,X3,38.97249993,-77.08953357,2022,2,16
220004566,Property Damage Crash,02/02/2022 04:06:00 PM,NEW HAMPSHIRE AVE,NA,SAME DIR REAR END,Clear,DRY,Daylight,TRAFFIC SIGNAL,NONE DETECTED,Yes,No Apparent Injury,N/A,UNKNOWN,NA,PASSENGER CAR,UNKNOWN,40,No,2004,HONDA,ACCORD,39.01772752,-76.97708285,2022,2,16
220004573,Property Damage Crash,02/02/2022 03:15:00 PM,RIDGE RD,NA,SAME DIRECTION SIDESWIPE,Clear,DRY,Daylight,NO CONTROLS,NONE DETECTED,No,No Apparent Injury,N/A,NOT DISTRACTED,MD,PASSENGER CAR,MOVING CONSTANT SPEED,25,No,2013,CHEVY,TAHOE,39.23206357,-77.23960717,2022,2,15
220004573,Property Damage Crash,02/02/2022 03:15:00 PM,RIDGE RD,NA,SAME DIRECTION SIDESWIPE,Clear,DRY,Daylight,NO CONTROLS,NONE DETECTED,Yes,No Apparent Injury,N/A,NOT DISTRACTED,MD,FIRE VEHICLE/EMERGENCY,MOVING CONSTANT SPEED,25,No,2007,PIER,DS,39.23206357,-77.23960717,2022,2,15
220004552,Injury Crash,02/02/2022 03:12:00 PM,GERMANTOWN RD,NA,HEAD ON LEFT TURN,Clear,DRY,Daylight,TRAFFIC SIGNAL,NONE DETECTED,Yes,Possible Minor Injury,N/A,UNKNOWN,MD,(SPORT) UTILITY VEHICLE,MAKING LEFT TURN,40,No,2013,MITS,OUTLANDER,39.18907833,-77.25063333,2022,2,15
220004552,Injury Crash,02/02/2022 03:12:00 PM,GERMANTOWN RD,NA,HEAD ON LEFT TURN,Clear,DRY,Daylight,TRAFFIC SIGNAL,NONE DETECTED,No,No Apparent Injury,N/A,NOT DISTRACTED,MD,PASSENGER CAR,MOVING CONSTANT SPEED,40,No,2007,LEXUS,LS460L,39.18907833,-77.25063333,2022,2,15
220004545,Injury Crash,02/02/2022 03:00:00 PM,NA,PEDESTRIAN,OTHER,Clear,NA,Daylight,N/A,NONE DETECTED,No,No Apparent Injury,N/A,NOT DISTRACTED,MD,PASSENGER CAR,STARTING FROM PARKED,5,No,2018,FORD,SD,39.14864952,-77.20825275,2022,2,15
220004555,Injury Crash,02/02/2022 02:50:00 PM,FREDERICK RD,PEDESTRIAN,OTHER,Clear,DRY,Daylight,TRAFFIC SIGNAL,NONE DETECTED,Yes,No Apparent Injury,N/A,LOOKED BUT DID NOT SEE,MD,PASSENGER CAR,STARTING FROM LANE,35,No,2012,MERZ,GLK350,39.22804167,-77.266165,2022,2,14
220004546,Property Damage Crash,02/02/2022 02:46:00 PM,RANDOLPH RD,NA,SAME DIRECTION RIGHT TURN,Cloudy,DRY,Daylight,TRAFFIC SIGNAL,NONE DETECTED,No,No Apparent Injury,N/A,NOT DISTRACTED,MD,TRANSIT BUS,ACCELERATING,40,No,2009,GILLIG,BUS,39.06609433,-77.03453699,2022,2,14
220004546,Property Damage Crash,02/02/2022 02:46:00 PM,RANDOLPH RD,NA,SAME DIRECTION RIGHT TURN,Cloudy,DRY,Daylight,TRAFFIC SIGNAL,NONE DETECTED,Yes,No Apparent Injury,N/A,NOT DISTRACTED,MD,(SPORT) UTILITY VEHICLE,MAKING RIGHT TURN,40,No,2011,FORD,ESCAPE,39.06609433,-77.03453699,2022,2,14
220004528,Property Damage Crash,02/02/2022 01:28:00 PM,FREDERICK RD,NA,SAME DIRECTION SIDESWIPE,Clear,DRY,Daylight,TRAFFIC SIGNAL,NONE DETECTED,No,No Apparent Injury,N/A,NOT DISTRACTED,PA,PASSENGER CAR,MAKING LEFT TURN,40,No,2016,TOYOTA,COROLLA,39.2022948,-77.24544512,2022,2,13
220004528,Property Damage Crash,02/02/2022 01:28:00 PM,FREDERICK RD,NA,SAME DIRECTION SIDESWIPE,Clear,DRY,Daylight,TRAFFIC SIGNAL,NONE DETECTED,Yes,No Apparent Injury,N/A,NOT DISTRACTED,MD,SCHOOL BUS,MAKING LEFT TURN,40,No,2014,THOMAS,SCHOOL BUS,39.2022948,-77.24544512,2022,2,13
220004532,Property Damage Crash,02/02/2022 01:23:00 PM,HOFFMAN MANOR DR,NA,SINGLE VEHICLE,Cloudy,DRY,Daylight,NO CONTROLS,NONE DETECTED,Yes,No Apparent Injury,N/A,NOT DISTRACTED,MD,SCHOOL BUS,BACKING,15,No,2016,THOMAS BUILT,BUS,39.13829833,-77.01525167,2022,2,13
220004501,Injury Crash,02/02/2022 10:50:00 AM,FREDERICK RD,NA,STRAIGHT MOVEMENT ANGLE,Clear,DRY,Daylight,TRAFFIC SIGNAL,NONE DETECTED,No,Possible Minor Injury,N/A,NOT DISTRACTED,MD,(SPORT) UTILITY VEHICLE,MOVING CONSTANT SPEED,30,No,2019,CHEV,SW,39.14328333,-77.2024555,2022,2,10
220004501,Injury Crash,02/02/2022 10:50:00 AM,FREDERICK RD,NA,STRAIGHT MOVEMENT ANGLE,Clear,DRY,Daylight,TRAFFIC SIGNAL,NONE DETECTED,Yes,No Apparent Injury,N/A,LOOKED BUT DID NOT SEE,DC,POLICE VEHICLE/EMERGENCY,MOVING CONSTANT SPEED,30,No,2008,TOYOTA,SOLARA,39.14328333,-77.2024555,2022,2,10
220004494,Property Damage Crash,02/02/2022 10:34:00 AM,BRADLEY BLVD,NA,STRAIGHT MOVEMENT ANGLE,Clear,WET,Daylight,STOP SIGN,NONE DETECTED,Yes,No Apparent Injury,N/A,UNKNOWN,MD,(SPORT) UTILITY VEHICLE,MAKING LEFT TURN,35,No,2012,VOLKSWAGON,TIGUAN,38.98047,-77.11182833,2022,2,10
220004494,Property Damage Crash,02/02/2022 10:34:00 AM,BRADLEY BLVD,NA,STRAIGHT MOVEMENT ANGLE,Clear,WET,Daylight,STOP SIGN,NONE DETECTED,No,No Apparent Injury,N/A,NOT DISTRACTED,MD,PASSENGER CAR,MOVING CONSTANT SPEED,35,No,2017,HONDA,CIVIC,38.98047,-77.11182833,2022,2,10