Local Case Number,ACRS Report Type,Crash Date/Time,Road Name,Related Non-Motorist,Collision Type,Weather,Surface Condition,Light,Traffic Control,Driver Substance Abuse,Driver At Fault,Injury Severity,Circumstance,Driver Distracted By,Drivers License State,Vehicle Body Type,Vehicle Movement,Speed Limit,Driverless Vehicle,Vehicle Year,Vehicle Make,Vehicle Model,Latitude,Longitude,Year,Month,Hour
220004221,Property Damage Crash,01/31/2022 06:38:00 PM,NEW HAMPSHIRE AVE,NA,SAME DIR REAR END,Clear,DRY,Medium,TRAFFIC SIGNAL,NONE DETECTED,No,No Apparent Injury,N/A,NOT DISTRACTED,DC,PASSENGER CAR,MOVING CONSTANT SPEED,40,No,2021,JEEP,SPORT,39.01124833,-76.97913333,2022,1,18
220004216,Injury Crash,01/31/2022 06:30:00 PM,E DIAMOND AVE,BICYCLIST,STRAIGHT MOVEMENT ANGLE,Clear,DRY,Medium,NO CONTROLS,NONE DETECTED,No,No Apparent Injury,N/A,NOT DISTRACTED,MD,PASSENGER CAR,MOVING CONSTANT SPEED,30,No,2016,HONDA,CIVIC,39.14201479,-77.1888905,2022,1,18
220004193,Property Damage Crash,01/31/2022 05:04:00 PM,AIRPARK RD,NA,HEAD ON LEFT TURN,Clear,DRY,Daylight,N/A,NONE DETECTED,No,No Apparent Injury,N/A,NOT DISTRACTED,MD,PASSENGER CAR,MOVING CONSTANT SPEED,40,No,2022,HYUN,ELANTRA,39.16612667,-77.15095,2022,1,17
220004193,Property Damage Crash,01/31/2022 05:04:00 PM,AIRPARK RD,NA,HEAD ON LEFT TURN,Clear,DRY,Daylight,N/A,NONE DETECTED,Yes,No Apparent Injury,N/A,NOT DISTRACTED,MD,PASSENGER CAR,MOVING CONSTANT SPEED,40,No,2013,CHEV,TK,39.16612667,-77.15095,2022,1,17
220004195,Injury Crash,01/31/2022 04:41:00 PM,STRINGTOWN RD,NA,HEAD ON LEFT TURN,Clear,DRY,Daylight,TRAFFIC SIGNAL,NONE DETECTED,No,Possible Minor Injury,N/A,NOT DISTRACTED,MD,PASSENGER CAR,MOVING CONSTANT SPEED,40,No,2008,HONDA,ACCORD,39.23300167,-77.28349,2022,1,16
220004195,Injury Crash,01/31/2022 04:41:00 PM,STRINGTOWN RD,NA,HEAD ON LEFT TURN,Clear,DRY,Daylight,TRAFFIC SIGNAL,NONE DETECTED,Yes,No Apparent Injury,N/A,UNKNOWN,MD,PASSENGER CAR,MAKING LEFT TURN,40,No,2017,NISSAN,VERSA,39.23300167,-77.28349,2022,1,16
220004192,Injury Crash,01/31/2022 04:30:00 PM,NA,PEDESTRIAN,OTHER,Clear,NA,Daylight,NO CONTROLS,NONE DETECTED,Yes,No Apparent Injury,N/A,LOOKED BUT DID NOT SEE,MD,PASSENGER CAR,MAKING RIGHT TURN,5,No,2022,TESLA,SD,38.98498,-77.08728333,2022,1,16
220004178,Injury Crash,01/31/2022 03:47:00 PM,COLUMBIA PIKE,PEDESTRIAN,SINGLE VEHICLE,Clear,DRY,Daylight,TRAFFIC SIGNAL,NONE DETECTED,Yes,No Apparent Injury,N/A,NOT DISTRACTED,MD,PASSENGER CAR,STARTING FROM LANE,40,No,2014,TOYOTA,4S,39.03101133,-77.0043415,2022,1,15
220004191,Property Damage Crash,01/31/2022 03:03:00 PM,SCOTT DR,NA,SINGLE VEHICLE,Cloudy,DRY,Daylight,NO CONTROLS,NONE DETECTED,Yes,No Apparent Injury,N/A,NOT DISTRACTED,MD,SCHOOL BUS,MAKING LEFT TURN,25,No,2016,THOMAS BUILT,BUS,39.074835,-77.02226,2022,1,15
220004175,Property Damage Crash,01/31/2022 02:44:00 PM,UNIVERSITY BLVD W,NA,OTHER,Cloudy,DRY,Daylight,NO CONTROLS,NONE DETECTED,Yes,No Apparent Injury,N/A,NOT DISTRACTED,MD,(SPORT) UTILITY VEHICLE,SLOWING OR STOPPING,35,No,2006,ACUR,MDX,39.01992833,-77.01384167,2022,1,14
220004170,Injury Crash,01/31/2022 02:30:00 PM,STRAWBERRY KNOLL RD,NA,HEAD ON,Cloudy,DRY,Daylight,NO CONTROLS,NONE DETECTED,No,Possible Minor Injury,N/A,NOT DISTRACTED,MD,(SPORT) UTILITY VEHICLE,MOVING CONSTANT SPEED,25,No,2018,HONDA,CRV,39.16087,-77.18509,2022,1,14
220004170,Injury Crash,01/31/2022 02:30:00 PM,STRAWBERRY KNOLL RD,NA,HEAD ON,Cloudy,DRY,Daylight,NO CONTROLS,NONE DETECTED,Yes,Possible Minor Injury,N/A,INATTENTIVE OR LOST IN THOUGHT,MD,PASSENGER CAR,MOVING CONSTANT SPEED,25,No,2007,TOYOTA,MATRIX,39.16087,-77.18509,2022,1,14
220004168,Property Damage Crash,01/31/2022 02:17:00 PM,CHISWELL LA,NA,HEAD ON,Clear,DRY,Daylight,STOP SIGN,NONE DETECTED,No,No Apparent Injury,N/A,NOT DISTRACTED,MD,(SPORT) UTILITY VEHICLE,SLOWING OR STOPPING,25,No,2008,HONDA,CRV,39.03455155,-77.02000325,2022,1,14
220004168,Property Damage Crash,01/31/2022 02:17:00 PM,CHISWELL LA,NA,HEAD ON,Clear,DRY,Daylight,STOP SIGN,NONE DETECTED,Yes,No Apparent Injury,N/A,UNKNOWN,NA,PASSENGER CAR,MAKING RIGHT TURN,25,No,2000,HONDA,ACCORD,39.03455155,-77.02000325,2022,1,14
220004155,Injury Crash,01/31/2022 01:35:00 PM,UNIVERSITY BLVD E,NA,STRAIGHT MOVEMENT ANGLE,Clear,DRY,Daylight,STOP SIGN,NONE DETECTED,Yes,Possible Minor Injury,N/A,LOOKED BUT DID NOT SEE,MD,PASSENGER CAR,ACCELERATING,35,No,2021,HONDA,CIVIC,38.99263118,-76.99155486,2022,1,13
220004155,Injury Crash,01/31/2022 01:35:00 PM,UNIVERSITY BLVD E,NA,STRAIGHT MOVEMENT ANGLE,Clear,DRY,Daylight,STOP SIGN,NONE DETECTED,No,Possible Minor Injury,N/A,NOT DISTRACTED,MD,PASSENGER CAR,MOVING CONSTANT SPEED,35,No,2019,HYUNDAI,ACCENT,38.99263118,-76.99155486,2022,1,13
220004150,Property Damage Crash,01/31/2022 01:30:00 PM,NEW HAMPSHIRE AVE,NA,SAME DIRECTION LEFT TURN,Clear,DRY,Daylight,NO CONTROLS,NONE DETECTED,Yes,No Apparent Injury,N/A,UNKNOWN,MD,PASSENGER CAR,MOVING CONSTANT SPEED,40,No,2010,TOYOTA,CAMRY,39.03044167,-76.98456667,2022,1,13
220004150,Property Damage Crash,01/31/2022 01:30:00 PM,NEW HAMPSHIRE AVE,NA,SAME DIRECTION LEFT TURN,Clear,DRY,Daylight,NO CONTROLS,NONE DETECTED,No,No Apparent Injury,N/A,NOT DISTRACTED,MD,PASSENGER CAR,MOVING CONSTANT SPEED,40,No,2004,TOYT,VN,39.03044167,-76.98456667,2022,1,13
220004146,Injury Crash,01/31/2022 01:06:00 PM,GEORGIA AVE,NA,STRAIGHT MOVEMENT ANGLE,Cloudy,DRY,Daylight,TRAFFIC SIGNAL,NONE DETECTED,Yes,Possible Minor Injury,N/A,NOT DISTRACTED,MD,PASSENGER CAR,MAKING LEFT TURN,35,No,2014,HONDA,ACCORD,39.17208001,-77.05913263,2022,1,13
220004146,Injury Crash,01/31/2022 01:06:00 PM,GEORGIA AVE,NA,STRAIGHT MOVEMENT ANGLE,Cloudy,DRY,Daylight,TRAFFIC SIGNAL,NONE DETECTED,No,Possible Minor Injury,N/A,NOT DISTRACTED,MD,PASSENGER CAR,ACCELERATING,40,No,2013,ACUR,TL,39.17208001,-77.05913263,2022,1,13
220004128,Property Damage Crash,01/31/2022 10:52:00 AM,OLD GEORGETOWN RD,NA,SAME DIR REAR END,Clear,DRY,Daylight,TRAFFIC SIGNAL,NONE DETECTED,Yes,No Apparent Injury,N/A,UNKNOWN,NA,PASSENGER CAR,ACCELERATING,35,No,2013,INFINITI,QX60,39.00460293,-77.1107785,2022,1,10
220004128,Property Damage Crash,01/31/2022 10:52:00 AM,OLD GEORGETOWN RD,NA,SAME DIR REAR END,Clear,DRY,Daylight,TRAFFIC SIGNAL,NONE DETECTED,No,No Apparent Injury,N/A,NOT DISTRACTED,MD,(SPORT) UTILITY VEHICLE,STOPPED IN TRAFFIC LANE,35,No,2020,CHEVY,TRAVERSE,39.00460293,-77.1107785,2022,1,10
220004126,Property Damage Crash,01/31/2022 10:30:00 AM,NA,NA,SINGLE VEHICLE,Clear,NA,Daylight,N/A,NONE DETECTED,Yes,No Apparent Injury,N/A,LOOKED BUT DID NOT SEE,MD,POLICE VEHICLE/NON EMERGENCY,BACKING,0,No,2016,CHEV,TK,39.101775,-77.13500333,2022,1,10
220004120,Injury Crash,01/31/2022 10:16:00 AM,ATWOOD CT,NA,OTHER,Clear,DRY,Daylight,NO CONTROLS,NONE DETECTED,No,No Apparent Injury,N/A,NOT DISTRACTED,MD,PASSENGER CAR,PARKED,0,No,2013,SUBARU,WRX,39.08366867,-77.02789533,2022,1,10
220004120,Injury Crash,01/31/2022 10:16:00 AM,ATWOOD CT,NA,OTHER,Clear,DRY,Daylight,NO CONTROLS,NONE DETECTED,Yes,Possible Minor Injury,N/A,NOT DISTRACTED,MD,PASSENGER CAR,MOVING CONSTANT SPEED,5,No,2010,TOYOTA,COROLLA,39.08366867,-77.02789533,2022,1,10
220004116,Injury Crash,01/31/2022 10:15:00 AM,FISHER AVE,NA,STRAIGHT MOVEMENT ANGLE,Clear,DRY,Daylight,STOP SIGN,NONE DETECTED,No,No Apparent Injury,N/A,NOT DISTRACTED,MD,TRUCK TRACTOR,MOVING CONSTANT SPEED,35,No,1997,PETERBILT,TRUCKTRACTOR,39.14231872,-77.40745003,2022,1,10
220004116,Injury Crash,01/31/2022 10:15:00 AM,FISHER AVE,NA,STRAIGHT MOVEMENT ANGLE,Clear,DRY,Daylight,STOP SIGN,NONE DETECTED,Yes,Possible Minor Injury,N/A,UNKNOWN,MD,PASSENGER CAR,MOVING CONSTANT SPEED,35,No,2019,TOYT,COROLLA,39.14231872,-77.40745003,2022,1,10
220004123,Property Damage Crash,01/31/2022 09:42:00 AM,NA,NA,OTHER,Clear,NA,Daylight,N/A,NONE DETECTED,Yes,No Apparent Injury,N/A,LOOKED BUT DID NOT SEE,MD,SCHOOL BUS,BACKING,10,No,2013,THOMAS,BUS,39.03605833,-77.14598167,2022,1,9
220004103,Injury Crash,01/31/2022 08:50:00 AM,KENSINGTON PKWY,PEDESTRIAN,OTHER,Cloudy,DRY,Daylight,NO CONTROLS,NONE DETECTED,No,No Apparent Injury,N/A,NOT DISTRACTED,MD,TRUCK TRACTOR,MAKING U TURN,25,No,2021,FORD,F450,39.022515,-77.07231667,2022,1,8
220004102,Property Damage Crash,01/31/2022 08:50:00 AM,WASHINGTON GROVE LA,NA,SAME DIR REAR END,Cloudy,DRY,Daylight,TRAFFIC SIGNAL,NONE DETECTED,No,No Apparent Injury,N/A,NOT DISTRACTED,MD,VAN,STOPPED IN TRAFFIC LANE,25,No,2016,FORD,CG,39.14711333,-77.169515,2022,1,8
220004102,Property Damage Crash,01/31/2022 08:50:00 AM,WASHINGTON GROVE LA,NA,SAME DIR REAR END,Cloudy,DRY,Daylight,TRAFFIC SIGNAL,NONE DETECTED,Yes,No Apparent Injury,N/A,LOOKED BUT DID NOT SEE,MD,(SPORT) UTILITY VEHICLE,STARTING FROM LANE,25,No,2014,CHEVROLET,EQUINOX,39.14711333,-77.169515,2022,1,8
220004100,Property Damage Crash,01/31/2022 08:46:00 AM,GRANT AVE,NA,SAME DIRECTION SIDESWIPE,Clear,DRY,Daylight,NO CONTROLS,NONE DETECTED,Yes,No Apparent Injury,N/A,NOT DISTRACTED,MD,SCHOOL BUS,SLOWING OR STOPPING,25,No,2019,FRHT,BU,38.97957213,-77.00762607,2022,1,8
220004098,Property Damage Crash,01/31/2022 08:45:00 AM,NA,NA,SINGLE VEHICLE,Clear,NA,Daylight,NO CONTROLS,NONE DETECTED,Yes,No Apparent Injury,N/A,LOOKED BUT DID NOT SEE,WV,FIRE VEHICLE/NON EMERGENCY,BACKING,0,No,2008,SPAR,TK,39.17982667,-77.179265,2022,1,8
220004095,Property Damage Crash,01/31/2022 08:15:00 AM,ROCKVILLE PIKE,NA,SAME DIR REAR END,Clear,DRY,Daylight,NO CONTROLS,NONE DETECTED,No,No Apparent Injury,N/A,NOT DISTRACTED,DC,PASSENGER CAR,MOVING CONSTANT SPEED,35,No,2015,NISSAN,4DR,39.008305,-77.09752,2022,1,8
220004095,Property Damage Crash,01/31/2022 08:15:00 AM,ROCKVILLE PIKE,NA,SAME DIR REAR END,Clear,DRY,Daylight,NO CONTROLS,NONE DETECTED,Yes,No Apparent Injury,N/A,UNKNOWN,MD,PASSENGER CAR,MOVING CONSTANT SPEED,35,No,2008,TOYOTA,RAV 4,39.008305,-77.09752,2022,1,8
220004094,Property Damage Crash,01/31/2022 08:06:00 AM,RIVER RD,NA,SAME DIR REAR END,Clear,DRY,Daylight,NO CONTROLS,NONE DETECTED,No,No Apparent Injury,N/A,NOT DISTRACTED,MD,PICKUP TRUCK,STOPPED IN TRAFFIC LANE,40,No,2015,CHEVROLET,SILVERADO,38.98885833,-77.14869167,2022,1,8
220004094,Property Damage Crash,01/31/2022 08:06:00 AM,RIVER RD,NA,SAME DIR REAR END,Clear,DRY,Daylight,NO CONTROLS,NONE DETECTED,Yes,No Apparent Injury,N/A,NOT DISTRACTED,MD,PASSENGER CAR,SLOWING OR STOPPING,40,No,2015,MAZDA,6,38.98885833,-77.14869167,2022,1,8
220004093,Injury Crash,01/31/2022 07:55:00 AM,MONTICELLO AVE,PEDESTRIAN,OTHER,Clear,DRY,Daylight,PERSON,NONE DETECTED,No,No Apparent Injury,N/A,NOT DISTRACTED,MD,PASSENGER CAR,STARTING FROM LANE,25,No,2013,HOND,ACCORD,39.047313,-77.0296645,2022,1,7
220004091,Injury Crash,01/31/2022 07:39:00 AM,RANDOLPH RD,NA,HEAD ON LEFT TURN,Clear,DRY,Daylight,TRAFFIC SIGNAL,NONE DETECTED,Yes,No Apparent Injury,N/A,NOT DISTRACTED,MD,PASSENGER CAR,MAKING LEFT TURN,40,No,2016,HONDA,CR-V,39.064134,-77.03964417,2022,1,7
220004091,Injury Crash,01/31/2022 07:39:00 AM,RANDOLPH RD,NA,HEAD ON LEFT TURN,Clear,DRY,Daylight,TRAFFIC SIGNAL,NONE DETECTED,No,Possible Minor Injury,N/A,NOT DISTRACTED,MD,PASSENGER CAR,MOVING CONSTANT SPEED,40,No,2020,FORD,TRA,39.064134,-77.03964417,2022,1,7
220004089,Injury Crash,01/31/2022 07:35:00 AM,UNIVERSITY BLVD E,NA,SAME DIR REAR END,Clear,DRY,Daylight,NO CONTROLS,NONE DETECTED,Yes,No Apparent Injury,N/A,UNKNOWN,MD,PASSENGER CAR,MOVING CONSTANT SPEED,35,No,2007,ACURA,TL,39.01678538,-77.00583843,2022,1,7
220004089,Injury Crash,01/31/2022 07:35:00 AM,UNIVERSITY BLVD E,NA,SAME DIR REAR END,Clear,DRY,Daylight,NO CONTROLS,NONE DETECTED,No,Possible Minor Injury,N/A,NOT DISTRACTED,MD,PASSENGER CAR,SLOWING OR STOPPING,35,No,2021,HYUNDAI,SONATA,39.01678538,-77.00583843,2022,1,7
220004083,Property Damage Crash,01/31/2022 07:01:00 AM,RIDGE RD,NA,SINGLE VEHICLE,Clear,DRY,Medium,STOP SIGN,NONE DETECTED,Yes,No Apparent Injury,N/A,DISTRACTED BY OUTSIDE PERSON OBJECT OR EVENT,MD,(SPORT) UTILITY VEHICLE,OTHER,40,No,2008,HOND,PILOT,39.24053,-77.23496,2022,1,7
220004081,Injury Crash,01/31/2022 06:05:00 AM,SHADY GROVE RD,NA,SAME DIR REAR END,Clear,DRY,Medium,TRAFFIC SIGNAL,NONE DETECTED,No,No Apparent Injury,N/A,NOT DISTRACTED,MD,PASSENGER CAR,STOPPED IN TRAFFIC LANE,45,No,1998,LINCOLN,TOWNCAR,39.13156583,-77.16068717,2022,1,6
220004081,Injury Crash,01/31/2022 06:05:00 AM,SHADY GROVE RD,NA,SAME DIR REAR END,Clear,DRY,Medium,TRAFFIC SIGNAL,NONE DETECTED,No,No Apparent Injury,N/A,NOT DISTRACTED,MD,PASSENGER CAR,SLOWING OR STOPPING,45,No,2011,HONDA,ODYSSEY,39.13156583,-77.16068717,2022,1,6
220004081,Injury Crash,01/31/2022 06:05:00 AM,SHADY GROVE RD,NA,SAME DIR REAR END,Clear,DRY,Medium,TRAFFIC SIGNAL,NONE DETECTED,Yes,Possible Minor Injury,N/A,UNKNOWN,MD,PASSENGER CAR,SLOWING OR STOPPING,45,No,2014,HONDA,CIVIC,39.13156583,-77.16068717,2022,1,6
220004068,Property Damage Crash,01/31/2022 01:07:00 AM,NA,NA,SINGLE VEHICLE,Clear,NA,Medium,NO CONTROLS,NONE DETECTED,Yes,No Apparent Injury,"ICY OR SNOW-COVERED, N/A",NOT DISTRACTED,MD,(SPORT) UTILITY VEHICLE,NEGOTIATING A CURVE,10,No,2017,HONDA,CRV,39.01816573,-76.98926502,2022,1,1
220004070,Property Damage Crash,01/31/2022 01:05:00 AM,PERRYWINKLE LA,NA,SINGLE VEHICLE,Clear,DRY,Medium,NO CONTROLS,ALCOHOL PRESENT,Yes,No Apparent Injury,N/A,INATTENTIVE OR LOST IN THOUGHT,MD,VAN,MOVING CONSTANT SPEED,25,No,2005,CHRY,VAN,39.14507785,-77.23191557,2022,1,1
220004056,Property Damage Crash,01/30/2022 08:38:00 PM,NEW HAMPSHIRE AVE,NA,HEAD ON LEFT TURN,Clear,DRY,Medium,NO CONTROLS,NONE DETECTED,Yes,No Apparent Injury,N/A,LOOKED BUT DID NOT SEE,MD,PASSENGER CAR,MAKING LEFT TURN,40,No,2007,HONDA,ODYSSEY,39.03823663,-76.99002994,2022,1,20
220004056,Property Damage Crash,01/30/2022 08:38:00 PM,NEW HAMPSHIRE AVE,NA,HEAD ON LEFT TURN,Clear,DRY,Medium,NO CONTROLS,NONE DETECTED,No,No Apparent Injury,N/A,NOT DISTRACTED,DC,PASSENGER CAR,MOVING CONSTANT SPEED,40,No,2016,TOYOTA,CAMRY,39.03823663,-76.99002994,2022,1,20
220004055,Injury Crash,01/30/2022 07:43:00 PM,WHITES FERRY RD,NA,SINGLE VEHICLE,Clear,DRY,Dark,N/A,ALCOHOL PRESENT,Yes,Possible Minor Injury,N/A,NOT DISTRACTED,MD,(SPORT) UTILITY VEHICLE,MOVING CONSTANT SPEED,30,No,2016,FORD,EXPLORER,39.13247833,-77.38603333,2022,1,19
220004039,Injury Crash,01/30/2022 07:03:00 PM,MONTGOMERY VILLAGE AVE,NA,SAME DIR REAR END,Clear,DRY,Dark,TRAFFIC SIGNAL,NONE DETECTED,Yes,No Apparent Injury,N/A,LOOKED BUT DID NOT SEE,MD,PASSENGER CAR,MOVING CONSTANT SPEED,35,No,2007,MERCEDES,C230,39.15181932,-77.21296202,2022,1,19
220004039,Injury Crash,01/30/2022 07:03:00 PM,MONTGOMERY VILLAGE AVE,NA,SAME DIR REAR END,Clear,DRY,Dark,TRAFFIC SIGNAL,NONE DETECTED,No,Possible Minor Injury,N/A,NOT DISTRACTED,MD,PASSENGER CAR,SLOWING OR STOPPING,35,No,2008,LEXUS,4S,39.15181932,-77.21296202,2022,1,19
220004013,Property Damage Crash,01/30/2022 01:45:00 PM,WHEATFIELD DR,NA,OTHER,Clear,DRY,Daylight,NO CONTROLS,NONE DETECTED,Yes,No Apparent Injury,N/A,NOT DISTRACTED,MD,FIRE VEHICLE/EMERGENCY,STARTING FROM PARKED,10,No,2008,SPAR,TK,39.17548667,-77.22894667,2022,1,13
220004002,Property Damage Crash,01/30/2022 11:47:00 AM,UNIVERSITY BLVD W,NA,HEAD ON LEFT TURN,Clear,DRY,Daylight,TRAFFIC SIGNAL,NONE DETECTED,Yes,No Apparent Injury,N/A,UNKNOWN,MD,PASSENGER CAR,MAKING LEFT TURN,35,No,2010,TOYOTA,SCIONI,39.03561742,-77.02587468,2022,1,11
220004002,Property Damage Crash,01/30/2022 11:47:00 AM,UNIVERSITY BLVD W,NA,HEAD ON LEFT TURN,Clear,DRY,Daylight,TRAFFIC SIGNAL,NONE DETECTED,No,No Apparent Injury,N/A,NOT DISTRACTED,MD,PASSENGER CAR,MOVING CONSTANT SPEED,35,No,2021,CHEV,TAHOE,39.03561742,-77.02587468,2022,1,11
220004000,Property Damage Crash,01/30/2022 11:15:00 AM,DALEWOOD DR,NA,STRAIGHT MOVEMENT ANGLE,Clear,DRY,Daylight,STOP SIGN,NONE DETECTED,Yes,No Apparent Injury,N/A,INATTENTIVE OR LOST IN THOUGHT,MD,PASSENGER CAR,ACCELERATING,25,No,2017,VOLK,2S,39.05684333,-77.06978833,2022,1,11
220004000,Property Damage Crash,01/30/2022 11:15:00 AM,DALEWOOD DR,NA,STRAIGHT MOVEMENT ANGLE,Clear,DRY,Daylight,STOP SIGN,NONE DETECTED,No,No Apparent Injury,N/A,NOT DISTRACTED,MD,PASSENGER CAR,MOVING CONSTANT SPEED,25,No,2008,NISS,TK,39.05684333,-77.06978833,2022,1,11
220004001,Property Damage Crash,01/30/2022 11:00:00 AM,PENDLETON DR,NA,SINGLE VEHICLE,Clear,ICE,Daylight,N/A,NONE DETECTED,Yes,No Apparent Injury,"ICY OR SNOW-COVERED, N/A",NOT DISTRACTED,MD,(SPORT) UTILITY VEHICLE,MAKING RIGHT TURN,25,No,2006,TOYOTA,4RUNNER,39.047355,-77.06660333,2022,1,11
220003996,Injury Crash,01/30/2022 09:26:00 AM,DARNESTOWN RD,NA,STRAIGHT MOVEMENT ANGLE,Cloudy,DRY,Daylight,STOP SIGN,NONE DETECTED,Yes,Possible Minor Injury,N/A,UNKNOWN,MD,PASSENGER CAR,MAKING LEFT TURN,40,No,2009,TOYOTA,CAMRY,39.10326085,-77.22411843,2022,1,9
220003996,Injury Crash,01/30/2022 09:26:00 AM,DARNESTOWN RD,NA,STRAIGHT MOVEMENT ANGLE,Cloudy,DRY,Daylight,STOP SIGN,NONE DETECTED,No,Possible Minor Injury,N/A,NOT DISTRACTED,MD,PASSENGER CAR,MOVING CONSTANT SPEED,40,No,2011,TOYOTA,CAMRY,39.10326085,-77.22411843,2022,1,9
220003993,Injury Crash,01/30/2022 04:54:00 AM,UNIVERSITY BLVD E,NA,SINGLE VEHICLE,Clear,DRY,Medium,NO CONTROLS,NONE DETECTED,Yes,Possible Minor Injury,N/A,OTHER DISTRACTION,MD,PASSENGER CAR,MOVING CONSTANT SPEED,35,No,2014,TOYOTA,CAMRY,39.00109333,-76.9956,2022,1,4
220003991,Injury Crash,01/30/2022 04:32:00 AM,FREDERICK RD,NA,SINGLE VEHICLE,Clear,DRY,Medium,NO CONTROLS,NONE DETECTED,Yes,Possible Minor Injury,N/A,LOOKED BUT DID NOT SEE,MD,PASSENGER CAR,MOVING CONSTANT SPEED,45,No,2014,NISS,4S,39.16780167,-77.23014667,2022,1,4
220003988,Injury Crash,01/30/2022 03:51:00 AM,NEW HAMPSHIRE AVE,NA,SINGLE VEHICLE,Clear,DRY,Medium,TRAFFIC SIGNAL,NONE DETECTED,Yes,Suspected Serious Injury,N/A,UNKNOWN,NA,PASSENGER CAR,MOVING CONSTANT SPEED,35,No,2006,NISSAN,SENTRA,38.98292726,-76.98855286,2022,1,3
220003983,Property Damage Crash,01/30/2022 03:16:00 AM,GEORGIA AVE,NA,SINGLE VEHICLE,Clear,DRY,Medium,TRAFFIC SIGNAL,NONE DETECTED,Yes,No Apparent Injury,N/A,UNKNOWN,NA,PASSENGER CAR,MOVING CONSTANT SPEED,30,No,2007,HONDA,ACCORD,38.98721333,-77.02626667,2022,1,3
220003982,Property Damage Crash,01/30/2022 02:33:00 AM,EAST WEST HWY,NA,SINGLE VEHICLE,Clear,DRY,Medium,NO CONTROLS,NONE DETECTED,Yes,No Apparent Injury,N/A,NOT DISTRACTED,MD,PASSENGER CAR,ACCELERATING,15,No,2010,HONDA,ACCORD,38.98948073,-77.02737294,2022,1,2
220003980,Property Damage Crash,01/30/2022 02:20:00 AM,RIDGE RD,NA,HEAD ON,Clear,DRY,Medium,NO CONTROLS,NONE DETECTED,Yes,No Apparent Injury,N/A,NOT DISTRACTED,MD,PASSENGER CAR,ACCELERATING,40,No,2013,HONDA,CIVIC,39.30203333,-77.197435,2022,1,2
220003980,Property Damage Crash,01/30/2022 02:20:00 AM,RIDGE RD,NA,HEAD ON,Clear,DRY,Medium,NO CONTROLS,NONE DETECTED,No,No Apparent Injury,N/A,NOT DISTRACTED,MD,PASSENGER CAR,MOVING CONSTANT SPEED,40,No,2013,TOYOTA,RAV4,39.30203333,-77.197435,2022,1,2
220003968,Injury Crash,01/29/2022 10:00:00 PM,QUINCE ORCHARD RD,NA,SAME DIR REAR END,Clear,DRY,Dark,TRAFFIC SIGNAL,NONE DETECTED,Yes,No Apparent Injury,N/A,LOOKED BUT DID NOT SEE,MD,(SPORT) UTILITY VEHICLE,MOVING CONSTANT SPEED,35,No,2015,LEXUS,NX 200T,39.15303833,-77.211685,2022,1,22
220003968,Injury Crash,01/29/2022 10:00:00 PM,QUINCE ORCHARD RD,NA,SAME DIR REAR END,Clear,DRY,Dark,TRAFFIC SIGNAL,NONE DETECTED,No,Possible Minor Injury,N/A,NOT DISTRACTED,MD,PASSENGER CAR,SLOWING OR STOPPING,35,No,2018,NISSAN,VAN,39.15303833,-77.211685,2022,1,22
220003968,Injury Crash,01/29/2022 10:00:00 PM,QUINCE ORCHARD RD,NA,SAME DIR REAR END,Clear,DRY,Dark,TRAFFIC SIGNAL,NONE DETECTED,No,No Apparent Injury,N/A,NOT DISTRACTED,MD,PASSENGER CAR,STOPPED IN TRAFFIC LANE,35,No,2001,LEXUS,UT,39.15303833,-77.211685,2022,1,22
220003968,Injury Crash,01/29/2022 10:00:00 PM,QUINCE ORCHARD RD,NA,SAME DIR REAR END,Clear,DRY,Dark,TRAFFIC SIGNAL,NONE DETECTED,Yes,No Apparent Injury,N/A,LOOKED BUT DID NOT SEE,MD,"CARGO VAN/LIGHT TRUCK 2 AXLES (OVER 10,000LBS (4,536 KG))",MOVING CONSTANT SPEED,35,No,2008,FORD,TRUCK,39.15303833,-77.211685,2022,1,22
220003964,Injury Crash,01/29/2022 09:19:00 PM,NEW HAMPSHIRE AVE,NA,SAME DIRECTION SIDESWIPE,Clear,DRY,Medium,NO CONTROLS,NONE DETECTED,No,Possible Minor Injury,N/A,NOT DISTRACTED,MD,PASSENGER CAR,MOVING CONSTANT SPEED,40,No,2013,HYUNDAI,ELANTRA,39.03363779,-76.9861648,2022,1,21
220003964,Injury Crash,01/29/2022 09:19:00 PM,NEW HAMPSHIRE AVE,NA,SAME DIRECTION SIDESWIPE,Clear,DRY,Medium,NO CONTROLS,NONE DETECTED,Yes,No Apparent Injury,N/A,DISTRACTED BY OUTSIDE PERSON OBJECT OR EVENT,MD,PASSENGER CAR,MOVING CONSTANT SPEED,40,No,2011,HYUNDAI,SONATA,39.03363779,-76.9861648,2022,1,21
220003959,Property Damage Crash,01/29/2022 09:00:00 PM,BARRON ST,NA,SAME DIRECTION RIGHT TURN,Clear,DRY,Medium,NO CONTROLS,NONE DETECTED,Yes,No Apparent Injury,N/A,INATTENTIVE OR LOST IN THOUGHT,MD,PASSENGER CAR,MOVING CONSTANT SPEED,25,No,2006,HONDA,VAN,39.04592233,-76.99050483,2022,1,21
220003957,Property Damage Crash,01/29/2022 08:54:00 PM,RAMP 9 FR IS 370 EB TO SHADY GROVE RD SB,NA,SINGLE VEHICLE,Clear,DRY,Medium,N/A,NONE DETECTED,No,No Apparent Injury,N/A,NOT DISTRACTED,MD,POLICE VEHICLE/EMERGENCY,SLOWING OR STOPPING,55,No,2017,FORD,TAURUS,39.15008833,-77.234845000000007,2022,1,20
220003960,Injury Crash,01/29/2022 08:39:00 PM,BRADLEY BLVD,NA,SAME DIR REAR END,Clear,DRY,Medium,TRAFFIC SIGNAL,NONE DETECTED,No,Possible Minor Injury,N/A,NOT DISTRACTED,MD,PASSENGER CAR,STOPPED IN TRAFFIC LANE,35,No,2018,KIA,OPTIMA,39.00482667,-77.18718167,2022,1,20
220003960,Injury Crash,01/29/2022 08:39:00 PM,BRADLEY BLVD,NA,SAME DIR REAR END,Clear,DRY,Medium,TRAFFIC SIGNAL,NONE DETECTED,No,No Apparent Injury,N/A,NOT DISTRACTED,MD,PASSENGER CAR,STOPPED IN TRAFFIC LANE,35,No,2019,VOLKSWAGON,ATLAS,39.00482667,-77.18718167,2022,1,20
220003960,Injury Crash,01/29/2022 08:39:00 PM,BRADLEY BLVD,NA,SAME DIR REAR END,Clear,DRY,Medium,TRAFFIC SIGNAL,ALCOHOL PRESENT,Yes,No Apparent Injury,N/A,UNKNOWN,MD,PASSENGER CAR,SLOWING OR STOPPING,35,No,2014,CADILLAC,SRX,39.00482667,-77.18718167,2022,1,20
220003956,Property Damage Crash,01/29/2022 08:30:00 PM,GEORGIA AVE,NA,SAME DIRECTION SIDESWIPE,Clear,DRY,Medium,NO CONTROLS,NONE DETECTED,Yes,No Apparent Injury,N/A,LOOKED BUT DID NOT SEE,TN,PASSENGER CAR,CHANGING LANES,30,No,2010,FORD,FUSION,38.9899492,-77.02655167,2022,1,20
220003956,Property Damage Crash,01/29/2022 08:30:00 PM,GEORGIA AVE,NA,SAME DIRECTION SIDESWIPE,Clear,DRY,Medium,NO CONTROLS,NONE DETECTED,No,No Apparent Injury,N/A,NOT DISTRACTED,MD,PASSENGER CAR,ACCELERATING,30,No,2021,DODGE,CHARGER,38.9899492,-77.02655167,2022,1,20
220003956,Property Damage Crash,01/29/2022 08:30:00 PM,GEORGIA AVE,NA,SAME DIRECTION SIDESWIPE,Clear,DRY,Medium,NO CONTROLS,NONE DETECTED,No,No Apparent Injury,N/A,NOT DISTRACTED,VA,PASSENGER CAR,CHANGING LANES,30,No,2016,CHEVROLET,CAMERO,38.9899492,-77.02655167,2022,1,20