Local Case Number,ACRS Report Type,Crash Date/Time,Road Name,Related Non-Motorist,Collision Type,Weather,Surface Condition,Light,Traffic Control,Driver Substance Abuse,Driver At Fault,Injury Severity,Circumstance,Driver Distracted By,Drivers License State,Vehicle Body Type,Vehicle Movement,Speed Limit,Driverless Vehicle,Vehicle Year,Vehicle Make,Vehicle Model,Latitude,Longitude,Year,Month,Hour
220003953,Injury Crash,01/29/2022 08:00:00 PM,WISCONSIN AVE,NA,HEAD ON,Clear,DRY,Medium,TRAFFIC SIGNAL,NONE DETECTED,Unknown,Possible Minor Injury,N/A,NOT DISTRACTED,MD,PASSENGER CAR,MOVING CONSTANT SPEED,25,No,2011,HONDA,CIVIC,38.97698667,-77.09069167,2022,1,20
220003953,Injury Crash,01/29/2022 08:00:00 PM,WISCONSIN AVE,NA,HEAD ON,Clear,DRY,Medium,TRAFFIC SIGNAL,NONE DETECTED,Unknown,No Apparent Injury,N/A,NOT DISTRACTED,MD,PASSENGER CAR,MOVING CONSTANT SPEED,25,No,2020,NISSAN,ALTIMA,38.97698667,-77.09069167,2022,1,20
220003948,Property Damage Crash,01/29/2022 06:36:00 PM,AIRPARK RD,NA,OTHER,Clear,DRY,Medium,N/A,NONE DETECTED,Yes,No Apparent Injury,N/A,LOOKED BUT DID NOT SEE,NA,PASSENGER CAR,CHANGING LANES,45,No,2018,CHEV,TRK,39.16339751,-77.14829945,2022,1,18
220003948,Property Damage Crash,01/29/2022 06:36:00 PM,AIRPARK RD,NA,OTHER,Clear,DRY,Medium,N/A,NONE DETECTED,No,No Apparent Injury,N/A,NOT DISTRACTED,MD,PASSENGER CAR,MOVING CONSTANT SPEED,45,No,2011,HOND,TK,39.16339751,-77.14829945,2022,1,18
220003928,Injury Crash,01/29/2022 03:50:00 PM,COLESVILLE RD,NA,STRAIGHT MOVEMENT ANGLE,Clear,DRY,Daylight,TRAFFIC SIGNAL,NONE DETECTED,No,No Apparent Injury,N/A,NOT DISTRACTED,MD,(SPORT) UTILITY VEHICLE,ACCELERATING,35,No,2015,TOYOTA,RAV 4,39.0087061,-77.01833665,2022,1,15
220003928,Injury Crash,01/29/2022 03:50:00 PM,COLESVILLE RD,NA,STRAIGHT MOVEMENT ANGLE,Clear,DRY,Daylight,TRAFFIC SIGNAL,NONE DETECTED,Yes,Possible Minor Injury,N/A,LOOKED BUT DID NOT SEE,MD,PASSENGER CAR,MOVING CONSTANT SPEED,35,No,2011,TOYOTA,COROLLA,39.0087061,-77.01833665,2022,1,15
220003909,Injury Crash,01/29/2022 12:55:00 PM,GEORGIA AVE,NA,STRAIGHT MOVEMENT ANGLE,Clear,DRY,Daylight,TRAFFIC SIGNAL,NONE DETECTED,Yes,No Apparent Injury,N/A,LOOKED BUT DID NOT SEE,MD,(SPORT) UTILITY VEHICLE,MOVING CONSTANT SPEED,35,No,2015,MAZD,CX-5,39.04168167,-77.05184,2022,1,12
220003909,Injury Crash,01/29/2022 12:55:00 PM,GEORGIA AVE,NA,STRAIGHT MOVEMENT ANGLE,Clear,DRY,Daylight,TRAFFIC SIGNAL,NONE DETECTED,No,Possible Minor Injury,N/A,NOT DISTRACTED,GA,PASSENGER CAR,MOVING CONSTANT SPEED,35,No,2009,HONDA,ACCORD,39.04168167,-77.05184,2022,1,12
220003905,Property Damage Crash,01/29/2022 12:30:00 PM,DILLER CT,NA,STRAIGHT MOVEMENT ANGLE,Clear,DRY,Daylight,NO CONTROLS,NONE DETECTED,Yes,No Apparent Injury,N/A,NOT DISTRACTED,MD,"MEDIUM/HEAVY TRUCKS 3 AXLES (OVER 10,000LBS (4,536KG))",ACCELERATING,15,No,2019,MACK,TK,39.21434833,-77.259385,2022,1,12
220003905,Property Damage Crash,01/29/2022 12:30:00 PM,DILLER CT,NA,STRAIGHT MOVEMENT ANGLE,Clear,DRY,Daylight,NO CONTROLS,NONE DETECTED,No,No Apparent Injury,N/A,NOT DISTRACTED,MD,PASSENGER CAR,MOVING CONSTANT SPEED,15,No,2013,HYUN,4S,39.21434833,-77.259385,2022,1,12
220003904,Injury Crash,01/29/2022 12:24:00 PM,NA,PEDESTRIAN,OTHER,Clear,NA,Daylight,N/A,NONE DETECTED,Yes,No Apparent Injury,N/A,LOOKED BUT DID NOT SEE,NA,NA,MOVING CONSTANT SPEED,15,No,0,UNKNOWN,UNKNOWN,39.02121072,-76.97599366,2022,1,12
220003902,Property Damage Crash,01/29/2022 12:15:00 PM,RANDOLPH RD,NA,SAME DIRECTION SIDESWIPE,Clear,DRY,Daylight,NO CONTROLS,NONE DETECTED,No,No Apparent Injury,N/A,NOT DISTRACTED,MD,PASSENGER CAR,MOVING CONSTANT SPEED,45,No,2007,HYUNDAI,SANTA FE,39.06131898,-77.04353205,2022,1,12
220003902,Property Damage Crash,01/29/2022 12:15:00 PM,RANDOLPH RD,NA,SAME DIRECTION SIDESWIPE,Clear,DRY,Daylight,NO CONTROLS,NONE DETECTED,No,No Apparent Injury,N/A,NOT DISTRACTED,MD,PASSENGER CAR,MOVING CONSTANT SPEED,45,No,2914,VOLKSWGN,SUV,39.06131898,-77.04353205,2022,1,12
220003902,Property Damage Crash,01/29/2022 12:15:00 PM,RANDOLPH RD,NA,SAME DIRECTION SIDESWIPE,Clear,DRY,Daylight,NO CONTROLS,NONE DETECTED,Yes,No Apparent Injury,N/A,UNKNOWN,NA,PASSENGER CAR,ACCELERATING,45,No,2000,FORD,MUSTANG,39.06131898,-77.04353205,2022,1,12
220003893,Property Damage Crash,01/29/2022 10:45:00 AM,COLIE DR,NA,STRAIGHT MOVEMENT ANGLE,Snow,SNOW,Daylight,TRAFFIC SIGNAL,NONE DETECTED,Yes,No Apparent Injury,"ICY OR SNOW-COVERED, RAIN, SNOW",UNKNOWN,MD,PASSENGER CAR,ACCELERATING,25,No,2007,SUZUKI,GVT,39.05773833,-77.08025,2022,1,10
220003893,Property Damage Crash,01/29/2022 10:45:00 AM,COLIE DR,NA,STRAIGHT MOVEMENT ANGLE,Snow,SNOW,Daylight,TRAFFIC SIGNAL,NONE DETECTED,No,No Apparent Injury,"ICY OR SNOW-COVERED, RAIN, SNOW",NOT DISTRACTED,MD,PASSENGER CAR,MOVING CONSTANT SPEED,25,No,2021,CHEV,PK,39.05773833,-77.08025,2022,1,10
220003895,Property Damage Crash,01/29/2022 10:40:00 AM,SHADY GROVE RD,NA,SAME DIR REAR END,Clear,N/A,Daylight,N/A,NONE DETECTED,No,No Apparent Injury,N/A,NOT DISTRACTED,NY,(SPORT) UTILITY VEHICLE,CHANGING LANES,45,No,2010,LEXU,TK,39.12884898,-77.16777519,2022,1,10
220003895,Property Damage Crash,01/29/2022 10:40:00 AM,SHADY GROVE RD,NA,SAME DIR REAR END,Clear,N/A,Daylight,N/A,NONE DETECTED,Yes,No Apparent Injury,N/A,UNKNOWN,NA,PASSENGER CAR,STARTING FROM LANE,45,No,2019,NISSAN,SD,39.12884898,-77.16777519,2022,1,10
220003882,Property Damage Crash,01/29/2022 02:48:00 AM,COLESVILLE RD,NA,SAME DIR REAR END,Snow,SNOW,Medium,TRAFFIC SIGNAL,NONE DETECTED,Yes,No Apparent Injury,"ICY OR SNOW-COVERED, RAIN, SNOW",NOT DISTRACTED,MD,PASSENGER CAR,MOVING CONSTANT SPEED,35,No,2007,TOYOTA,RAV4,39.00762966,-77.02015939,2022,1,2
220003882,Property Damage Crash,01/29/2022 02:48:00 AM,COLESVILLE RD,NA,SAME DIR REAR END,Snow,SNOW,Medium,TRAFFIC SIGNAL,NONE DETECTED,No,No Apparent Injury,"ICY OR SNOW-COVERED, RAIN, SNOW",NOT DISTRACTED,MD,PASSENGER CAR,STOPPED IN TRAFFIC LANE,35,No,2017,JEEP,CHEROKEE,39.00762966,-77.02015939,2022,1,2
220003872,Injury Crash,01/29/2022 12:35:00 AM,FREDERICK RD,OTHER,SAME DIR REND LEFT TURN,Snow,WET,Medium,TRAFFIC SIGNAL,ALCOHOL PRESENT,Yes,Suspected Serious Injury,"N/A, RAIN, SNOW",UNKNOWN,MD,(SPORT) UTILITY VEHICLE,MOVING CONSTANT SPEED,35,No,2014,JEEP,SUV,39.12221,-77.17792167,2022,1,0
220003872,Injury Crash,01/29/2022 12:35:00 AM,FREDERICK RD,OTHER,SAME DIR REND LEFT TURN,Snow,WET,Medium,TRAFFIC SIGNAL,NONE DETECTED,No,No Apparent Injury,"N/A, RAIN, SNOW",NOT DISTRACTED,MD,TRANSIT BUS,STOPPED IN TRAFFIC LANE,35,No,2017,GILG,BUS,39.12221,-77.17792167,2022,1,0
220003867,Injury Crash,01/28/2022 11:07:00 PM,SPENCERVILLE RD,OTHER,SAME DIR REND LEFT TURN,Rain,WET,Medium,NO CONTROLS,ALCOHOL PRESENT,Yes,No Apparent Injury,"RAIN, SNOW, WET",NOT DISTRACTED,MD,PASSENGER CAR,MOVING CONSTANT SPEED,35,No,2018,TOYOTA,CHR,39.120805,-76.98727,2022,1,23
220003867,Injury Crash,01/28/2022 11:07:00 PM,SPENCERVILLE RD,OTHER,SAME DIR REND LEFT TURN,Rain,WET,Medium,NO CONTROLS,NONE DETECTED,No,No Apparent Injury,"RAIN, SNOW, WET",NOT DISTRACTED,MD,"MEDIUM/HEAVY TRUCKS 3 AXLES (OVER 10,000LBS (4,536KG))",PARKED,35,No,1999,ED4,4X,39.120805,-76.98727,2022,1,23
220003861,Property Damage Crash,01/28/2022 11:02:00 PM,DARNESTOWN RD,NA,SINGLE VEHICLE,Snow,SNOW,Dark,NO CONTROLS,NONE DETECTED,Yes,No Apparent Injury,"ICY OR SNOW-COVERED, RAIN, SNOW, SLEET, HAIL, FREEZ. RAIN",NOT DISTRACTED,MD,PASSENGER CAR,MOVING CONSTANT SPEED,50,No,2016,HOND,PILOT TK,39.12566833,-77.32817167,2022,1,23
220003856,Injury Crash,01/28/2022 09:27:00 PM,LAYHILL RD,NA,HEAD ON,Snow,WET,Medium,NO CONTROLS,NONE DETECTED,No,No Apparent Injury,"RAIN, SNOW, WET",NOT DISTRACTED,MD,"OTHER LIGHT TRUCKS (10,000LBS (4,536KG) OR LESS)",MOVING CONSTANT SPEED,40,No,2015,FORD,F250,39.10342267,-77.039727,2022,1,21
220003856,Injury Crash,01/28/2022 09:27:00 PM,LAYHILL RD,NA,HEAD ON,Snow,WET,Medium,NO CONTROLS,NONE DETECTED,Yes,Possible Minor Injury,"RAIN, SNOW, WET",LOOKED BUT DID NOT SEE,MD,PASSENGER CAR,MOVING CONSTANT SPEED,40,No,2010,MAZDA,6,39.10342267,-77.039727,2022,1,21
220003855,Property Damage Crash,01/28/2022 09:08:00 PM,ROCKVILLE PIKE,NA,SINGLE VEHICLE,Snow,WET,Medium,TRAFFIC SIGNAL,ALCOHOL PRESENT,Yes,No Apparent Injury,"SLEET, HAIL, FREEZ. RAIN, WET",UNKNOWN,MD,PASSENGER CAR,MOVING CONSTANT SPEED,35,No,2016,TOYTA,RAVA 4,39.05134046,-77.11548976,2022,1,21
220003848,Property Damage Crash,01/28/2022 08:22:00 PM,GRIFFITH RD,NA,SINGLE VEHICLE,Snow,SNOW,Dark,NO CONTROLS,NONE DETECTED,Yes,No Apparent Injury,"ICY OR SNOW-COVERED, RAIN, SNOW",NOT DISTRACTED,MD,PASSENGER CAR,MAKING LEFT TURN,30,No,2013,CHEVROLET,IMPALA,39.23022134,-77.11928823,2022,1,20
220003845,Property Damage Crash,01/28/2022 07:46:00 PM,GEORGIA AVE,NA,SAME DIR REAR END,Rain,WET,Medium,TRAFFIC SIGNAL,NONE DETECTED,Yes,No Apparent Injury,N/A,UNKNOWN,NA,PASSENGER CAR,MOVING CONSTANT SPEED,35,No,2011,HYUNDAI,ELANTRA,39.07080333,-77.063405,2022,1,19
220003845,Property Damage Crash,01/28/2022 07:46:00 PM,GEORGIA AVE,NA,SAME DIR REAR END,Rain,WET,Medium,TRAFFIC SIGNAL,NONE DETECTED,No,No Apparent Injury,N/A,NOT DISTRACTED,MD,PASSENGER CAR,STOPPED IN TRAFFIC LANE,35,No,2015,VOLKSWAGEN,PASSAT,39.07080333,-77.063405,2022,1,19
220003835,Injury Crash,01/28/2022 07:10:00 PM,NA,PEDESTRIAN,OTHER,Snow,NA,Medium,NO CONTROLS,ALCOHOL PRESENT,Yes,No Apparent Injury,"N/A, WET",UNKNOWN,DC,PASSENGER CAR,SLOWING OR STOPPING,15,No,2017,TOYOTA,SIENNA,38.99833014,-77.00240002,2022,1,19
220003822,Injury Crash,01/28/2022 05:50:00 PM,FREDERICK RD,NA,SAME DIR REAR END,Snow,WET,Medium,TRAFFIC SIGNAL,ALCOHOL PRESENT,Yes,Possible Minor Injury,"RAIN, SNOW, WET",NOT DISTRACTED,MD,PASSENGER CAR,ACCELERATING,30,No,2011,TOYT,SD,39.1484419,-77.2068,2022,1,17
220003822,Injury Crash,01/28/2022 05:50:00 PM,FREDERICK RD,NA,SAME DIR REAR END,Snow,WET,Medium,TRAFFIC SIGNAL,NONE DETECTED,No,Possible Minor Injury,"RAIN, SNOW, WET",NOT DISTRACTED,MD,PASSENGER CAR,STOPPED IN TRAFFIC LANE,30,No,2013,TOYT,4S,39.1484419,-77.2068,2022,1,17
220003819,Property Damage Crash,01/28/2022 05:46:00 PM,ROCKLEDGE DR,NA,HEAD ON LEFT TURN,Snow,WET,Medium,TRAFFIC SIGNAL,NONE DETECTED,Yes,No Apparent Injury,"RAIN, SNOW, WET",LOOKED BUT DID NOT SEE,WA,(SPORT) UTILITY VEHICLE,MAKING LEFT TURN,30,No,2014,KIA,SOUL,39.02695,-77.13226833,2022,1,17
220003819,Property Damage Crash,01/28/2022 05:46:00 PM,ROCKLEDGE DR,NA,HEAD ON LEFT TURN,Snow,WET,Medium,TRAFFIC SIGNAL,NONE DETECTED,No,No Apparent Injury,"RAIN, SNOW, WET",NOT DISTRACTED,MD,PASSENGER CAR,MOVING CONSTANT SPEED,30,No,2017,SUBARU,LEGACY,39.02695,-77.13226833,2022,1,17
220003830,Property Damage Crash,01/28/2022 05:21:00 PM,AUTOMOBILE BLVD,NA,OTHER,Snow,SNOW,Medium,N/A,NONE DETECTED,Yes,No Apparent Injury,"ICY OR SNOW-COVERED, RAIN, SNOW, WET",UNKNOWN,NA,PICKUP TRUCK,PASSING,20,No,2022,DODGE,RAM BTM,39.08027195,-76.94818354,2022,1,17
220003806,Property Damage Crash,01/28/2022 04:20:00 PM,STEDWICK RD,NA,HEAD ON LEFT TURN,Snow,WET,Daylight,TRAFFIC SIGNAL,NONE DETECTED,Yes,No Apparent Injury,"RAIN, SNOW, WET",UNKNOWN,MD,PASSENGER CAR,MAKING LEFT TURN,35,No,2016,TOYT,SCION,39.1705535,-77.20892635,2022,1,16
220003806,Property Damage Crash,01/28/2022 04:20:00 PM,STEDWICK RD,NA,HEAD ON LEFT TURN,Snow,WET,Daylight,TRAFFIC SIGNAL,NONE DETECTED,No,No Apparent Injury,"RAIN, SNOW, WET",NOT DISTRACTED,MD,PICKUP TRUCK,MOVING CONSTANT SPEED,35,No,2014,TOYT,TUNDRA,39.1705535,-77.20892635,2022,1,16
220003799,Property Damage Crash,01/28/2022 04:14:00 PM,E MIDDLE LA,NA,SAME DIR REAR END,Rain,WET,Medium,NO CONTROLS,NONE DETECTED,Yes,No Apparent Injury,"RAIN, SNOW, WET",NOT DISTRACTED,MD,TRANSIT BUS,SLOWING OR STOPPING,15,No,2008,GILL,BU,39.08504817,-77.15233183,2022,1,16
220003799,Property Damage Crash,01/28/2022 04:14:00 PM,E MIDDLE LA,NA,SAME DIR REAR END,Rain,WET,Medium,NO CONTROLS,NONE DETECTED,No,No Apparent Injury,"RAIN, SNOW, WET",NOT DISTRACTED,MD,PASSENGER CAR,SLOWING OR STOPPING,15,No,2021,TESLA,MODEL Y,39.08504817,-77.15233183,2022,1,16
220003791,Injury Crash,01/28/2022 03:45:00 PM,CLOPPER RD,NA,SAME DIR REAR END,Snow,WET,Daylight,TRAFFIC SIGNAL,NONE DETECTED,Yes,No Apparent Injury,N/A,NOT DISTRACTED,MD,PASSENGER CAR,SLOWING OR STOPPING,35,No,2016,HONDA,VN,39.14015847,-77.22245702,2022,1,15
220003791,Injury Crash,01/28/2022 03:45:00 PM,CLOPPER RD,NA,SAME DIR REAR END,Snow,WET,Daylight,TRAFFIC SIGNAL,NONE DETECTED,No,Possible Minor Injury,N/A,NOT DISTRACTED,MD,PASSENGER CAR,STOPPED IN TRAFFIC LANE,35,No,2018,JAGU,SW,39.14015847,-77.22245702,2022,1,15
220003788,Property Damage Crash,01/28/2022 03:21:00 PM,NA,NA,SINGLE VEHICLE,Snow,NA,Daylight,NO CONTROLS,NONE DETECTED,Yes,No Apparent Injury,"RAIN, SNOW, WET",UNKNOWN,MD,(SPORT) UTILITY VEHICLE,ACCELERATING,15,No,2021,VOLKSWAGEN,ATLAS CROSS SPORT,39.15529001,-77.16410346,2022,1,15
220003797,Property Damage Crash,01/28/2022 03:19:00 PM,BAUER DR,NA,OTHER,Snow,WET,Daylight,TRAFFIC SIGNAL,NONE DETECTED,Yes,No Apparent Injury,"RAIN, SNOW, WET",UNKNOWN,MD,PICKUP TRUCK,MAKING RIGHT TURN,30,No,2018,DODGE,RAM,39.09605354,-77.10983829,2022,1,15
220003797,Property Damage Crash,01/28/2022 03:19:00 PM,BAUER DR,NA,OTHER,Snow,WET,Daylight,TRAFFIC SIGNAL,NONE DETECTED,Yes,No Apparent Injury,"RAIN, SNOW, WET",UNKNOWN,MD,SCHOOL BUS,MAKING LEFT TURN,30,No,2015,FRHT,BUS,39.09605354,-77.10983829,2022,1,15
220003785,Property Damage Crash,01/28/2022 03:11:00 PM,ROCKVILLE PIKE,NA,STRAIGHT MOVEMENT ANGLE,Snow,WET,Daylight,TRAFFIC SIGNAL,NONE DETECTED,Yes,No Apparent Injury,"N/A, RAIN, SNOW",NOT DISTRACTED,VA,PASSENGER CAR,MAKING U TURN,35,No,2012,ACURA,TL,39.05190667,-77.115555,2022,1,15
220003785,Property Damage Crash,01/28/2022 03:11:00 PM,ROCKVILLE PIKE,NA,STRAIGHT MOVEMENT ANGLE,Snow,WET,Daylight,TRAFFIC SIGNAL,NONE DETECTED,Yes,No Apparent Injury,"N/A, RAIN, SNOW",NOT DISTRACTED,MD,PASSENGER CAR,MOVING CONSTANT SPEED,35,No,2016,TOYT,COROLLA,39.05190667,-77.115555,2022,1,15
220003763,Property Damage Crash,01/28/2022 02:00:00 PM,WYNNFIELD DR,NA,STRAIGHT MOVEMENT ANGLE,Clear,DRY,Daylight,STOP SIGN,NONE DETECTED,No,No Apparent Injury,N/A,NOT DISTRACTED,MD,SCHOOL BUS,MOVING CONSTANT SPEED,25,No,2015,THOM,BUS,39.18779,-77.28352833,2022,1,14
220003763,Property Damage Crash,01/28/2022 02:00:00 PM,WYNNFIELD DR,NA,STRAIGHT MOVEMENT ANGLE,Clear,DRY,Daylight,STOP SIGN,NONE DETECTED,Yes,No Apparent Injury,N/A,UNKNOWN,MD,PASSENGER CAR,ACCELERATING,15,No,2019,HYUNDAI,ELANTRA,39.18779,-77.28352833,2022,1,14
220003753,Property Damage Crash,01/28/2022 12:36:00 PM,GEORGIA AVE,NA,SAME DIRECTION SIDESWIPE,Snow,WET,Daylight,N/A,NONE DETECTED,No,No Apparent Injury,"RAIN, SNOW, WET",NOT DISTRACTED,MD,OTHER BUS,STOPPED IN TRAFFIC LANE,35,No,2013,NWFL,BUS,39.016165,-77.0427,2022,1,12
220003753,Property Damage Crash,01/28/2022 12:36:00 PM,GEORGIA AVE,NA,SAME DIRECTION SIDESWIPE,Snow,WET,Daylight,N/A,NONE DETECTED,Yes,No Apparent Injury,"RAIN, SNOW, WET",NOT DISTRACTED,MD,PASSENGER CAR,CHANGING LANES,35,No,2010,TOYOTA,CAMRY,39.016165,-77.0427,2022,1,12
22003749,Property Damage Crash,01/28/2022 12:21:00 PM,NA,NA,SINGLE VEHICLE,Clear,NA,Daylight,NO CONTROLS,NONE DETECTED,Yes,No Apparent Injury,N/A,NOT DISTRACTED,MD,POLICE VEHICLE/NON EMERGENCY,BACKING,0,No,2020,CHEVY,TAHOE,38.98821033,-77.02640261,2022,1,12
220003748,Property Damage Crash,01/28/2022 12:20:00 PM,SOUTHLAWN LA,NA,SAME DIRECTION SIDESWIPE,Cloudy,DRY,Daylight,NO CONTROLS,NONE DETECTED,Yes,No Apparent Injury,"BACKUP DUE TO NON-RECURRING INCIDENT, N/A",LOOKED BUT DID NOT SEE,DC,PASSENGER CAR,CHANGING LANES,30,No,2011,FORD,E-250,39.09855533,-77.13638469,2022,1,12
220003748,Property Damage Crash,01/28/2022 12:20:00 PM,SOUTHLAWN LA,NA,SAME DIRECTION SIDESWIPE,Cloudy,DRY,Daylight,NO CONTROLS,NONE DETECTED,No,No Apparent Injury,"BACKUP DUE TO NON-RECURRING INCIDENT, N/A",NOT DISTRACTED,MD,POLICE VEHICLE/NON EMERGENCY,MOVING CONSTANT SPEED,30,No,2014,DODGE,CHARGER,39.09855533,-77.13638469,2022,1,12
220003744,Injury Crash,01/28/2022 11:38:00 AM,NEW HAMPSHIRE AVE,NA,STRAIGHT MOVEMENT ANGLE,Cloudy,DRY,Daylight,TRAFFIC SIGNAL,NONE DETECTED,Unknown,Possible Minor Injury,N/A,UNKNOWN,MD,PASSENGER CAR,MAKING LEFT TURN,40,No,2018,TOYOTA,C-HR,39.00729531,-76.98024284,2022,1,11
220003744,Injury Crash,01/28/2022 11:38:00 AM,NEW HAMPSHIRE AVE,NA,STRAIGHT MOVEMENT ANGLE,Cloudy,DRY,Daylight,TRAFFIC SIGNAL,NONE DETECTED,Unknown,Possible Minor Injury,N/A,UNKNOWN,MD,PASSENGER CAR,MOVING CONSTANT SPEED,40,No,2018,HYUNDAI,ELANTRA,39.00729531,-76.98024284,2022,1,11
220003735,Injury Crash,01/28/2022 11:14:00 AM,SHADY GROVE RD,NA,ANGLE MEETS LEFT TURN,Cloudy,DRY,Daylight,TRAFFIC SIGNAL,NONE DETECTED,No,Possible Minor Injury,N/A,NOT DISTRACTED,MD,PASSENGER CAR,MOVING CONSTANT SPEED,45,No,2012,HONDA,CRV,39.12873976,-77.16751961,2022,1,11
220003735,Injury Crash,01/28/2022 11:14:00 AM,SHADY GROVE RD,NA,ANGLE MEETS LEFT TURN,Cloudy,DRY,Daylight,TRAFFIC SIGNAL,NONE DETECTED,Yes,Possible Minor Injury,N/A,LOOKED BUT DID NOT SEE,MD,PASSENGER CAR,MAKING LEFT TURN,45,No,2018,TOYOTA,COROLLA,39.12873976,-77.16751961,2022,1,11
220002128,Injury Crash,01/28/2022 09:22:00 AM,GERMANTOWN RD,NA,STRAIGHT MOVEMENT ANGLE,Cloudy,DRY,Daylight,TRAFFIC SIGNAL,NONE DETECTED,No,Possible Minor Injury,N/A,NOT DISTRACTED,MD,PASSENGER CAR,STARTING FROM LANE,40,No,2019,NISS,KICKS,39.17125167,-77.27740333,2022,1,9
220002128,Injury Crash,01/28/2022 09:22:00 AM,GERMANTOWN RD,NA,STRAIGHT MOVEMENT ANGLE,Cloudy,DRY,Daylight,TRAFFIC SIGNAL,NONE DETECTED,Yes,No Apparent Injury,N/A,INATTENTIVE OR LOST IN THOUGHT,MD,PASSENGER CAR,MOVING CONSTANT SPEED,40,No,2013,HYUN,SONATA,39.17125167,-77.27740333,2022,1,9
220003717,Property Damage Crash,01/28/2022 08:30:00 AM,UNIVERSITY BLVD E,NA,SAME DIR REAR END,Clear,DRY,Daylight,NO CONTROLS,NONE DETECTED,No,No Apparent Injury,N/A,NOT DISTRACTED,MD,SCHOOL BUS,MOVING CONSTANT SPEED,35,No,2016,THOM,BU,38.99077133,-76.99002167,2022,1,8
220003717,Property Damage Crash,01/28/2022 08:30:00 AM,UNIVERSITY BLVD E,NA,SAME DIR REAR END,Clear,DRY,Daylight,NO CONTROLS,NONE DETECTED,Yes,No Apparent Injury,N/A,OTHER DISTRACTION,MD,PASSENGER CAR,MOVING CONSTANT SPEED,35,No,2014,TOYT,VN,38.99077133,-76.99002167,2022,1,8
230006493,Property Damage Crash,01/28/2022 07:24:00 AM,NA,NA,OTHER,Clear,NA,Daylight,NO CONTROLS,NONE DETECTED,Yes,No Apparent Injury,N/A,UNKNOWN,MD,PASSENGER CAR,OTHER,10,No,2017,CHEVY,EXPRESS,39.1442613,-77.22559645,2022,1,7
220003709,Injury Crash,01/28/2022 07:13:00 AM,AVERY RD,NA,SINGLE VEHICLE,Cloudy,DRY,Medium,NO CONTROLS,NONE DETECTED,Yes,Possible Minor Injury,N/A,NOT DISTRACTED,MD,(SPORT) UTILITY VEHICLE,MOVING CONSTANT SPEED,30,No,2017,BMW,X6,39.11502167,-77.12138,2022,1,7
220003708,Property Damage Crash,01/28/2022 06:55:00 AM,WISTERIA DR,NA,STRAIGHT MOVEMENT ANGLE,Clear,DRY,Medium,TRAFFIC SIGNAL,NONE DETECTED,No,No Apparent Injury,N/A,UNKNOWN,MD,PASSENGER CAR,MOVING CONSTANT SPEED,35,No,2016,HYUNDAI,ELENTRA,39.171195,-77.26258,2022,1,6
220003708,Property Damage Crash,01/28/2022 06:55:00 AM,WISTERIA DR,NA,STRAIGHT MOVEMENT ANGLE,Clear,DRY,Medium,TRAFFIC SIGNAL,NONE DETECTED,No,No Apparent Injury,N/A,UNKNOWN,MD,(SPORT) UTILITY VEHICLE,MOVING CONSTANT SPEED,35,No,2017,HONDA,PILOT,39.171195,-77.26258,2022,1,6
220003700,Property Damage Crash,01/28/2022 03:20:00 AM,RUGBY AVE,NA,SINGLE VEHICLE,Clear,DRY,Medium,NO CONTROLS,NONE DETECTED,Yes,No Apparent Injury,N/A,INATTENTIVE OR LOST IN THOUGHT,MD,POLICE VEHICLE/EMERGENCY,MOVING CONSTANT SPEED,5,No,2014,DODGE,CHARGER,38.99274167,-77.09797167,2022,1,3
22003694,Property Damage Crash,01/28/2022 01:58:00 AM,16TH ST,NA,HEAD ON LEFT TURN,Clear,DRY,Medium,TRAFFIC SIGNAL,ALCOHOL PRESENT,No,No Apparent Injury,N/A,NOT DISTRACTED,MD,PASSENGER CAR,STARTING FROM LANE,35,No,2014,VOLVO,S60,38.99447541,-77.03633741,2022,1,1
22003694,Property Damage Crash,01/28/2022 01:58:00 AM,16TH ST,NA,HEAD ON LEFT TURN,Clear,DRY,Medium,TRAFFIC SIGNAL,ALCOHOL PRESENT,Yes,No Apparent Injury,N/A,INATTENTIVE OR LOST IN THOUGHT,MD,(SPORT) UTILITY VEHICLE,MAKING LEFT TURN,35,No,2018,JEEP,CHEROKEE,38.99447541,-77.03633741,2022,1,1
220003682,Property Damage Crash,01/27/2022 10:15:00 PM,CAPITAL BELTWAY,NA,SAME DIRECTION SIDESWIPE,Clear,DRY,Dark,NO CONTROLS,NONE DETECTED,Yes,No Apparent Injury,N/A,UNKNOWN,NA,NA,MOVING CONSTANT SPEED,55,No,0,UNKNOWN,UNKNOWN,39.01644167,-77.11194,2022,1,22
220003682,Property Damage Crash,01/27/2022 10:15:00 PM,CAPITAL BELTWAY,NA,SAME DIRECTION SIDESWIPE,Clear,DRY,Dark,NO CONTROLS,NONE DETECTED,No,No Apparent Injury,N/A,NOT DISTRACTED,VA,PASSENGER CAR,MOVING CONSTANT SPEED,55,No,2018,TESLA,MODEL 3,39.01644167,-77.11194,2022,1,22
220003681,Property Damage Crash,01/27/2022 10:12:00 PM,GEORGIA AVE,NA,SAME DIR REAR END,Clear,DRY,Medium,N/A,NONE DETECTED,No,No Apparent Injury,N/A,NOT DISTRACTED,MD,PASSENGER CAR,MOVING CONSTANT SPEED,35,No,2019,JEEP,CHEROKEE,39.05423917,-77.05069717,2022,1,22
220003681,Property Damage Crash,01/27/2022 10:12:00 PM,GEORGIA AVE,NA,SAME DIR REAR END,Clear,DRY,Medium,N/A,ALCOHOL PRESENT,Yes,No Apparent Injury,N/A,NOT DISTRACTED,MD,PASSENGER CAR,MAKING U TURN,35,No,2012,AUDI,4S,39.05423917,-77.05069717,2022,1,22
220003676,Property Damage Crash,01/27/2022 08:30:00 PM,RIDGE RD,NA,SAME DIRECTION RIGHT TURN,Clear,DRY,Medium,NO CONTROLS,NONE DETECTED,No,No Apparent Injury,N/A,NOT DISTRACTED,MD,PASSENGER CAR,SLOWING OR STOPPING,30,No,2012,FORD,4S,39.2851764,-77.20968453,2022,1,20
220003676,Property Damage Crash,01/27/2022 08:30:00 PM,RIDGE RD,NA,SAME DIRECTION RIGHT TURN,Clear,DRY,Medium,NO CONTROLS,NONE DETECTED,Yes,No Apparent Injury,N/A,INATTENTIVE OR LOST IN THOUGHT,MD,PASSENGER CAR,CHANGING LANES,30,No,2014,FORD,TK,39.2851764,-77.20968453,2022,1,20
220003657,Property Damage Crash,01/27/2022 07:16:00 PM,EISENHOWER MEMORIAL HWY,NA,SAME DIRECTION SIDESWIPE,Cloudy,DRY,Medium,NO CONTROLS,NONE DETECTED,Yes,No Apparent Injury,N/A,NOT DISTRACTED,MD,(SPORT) UTILITY VEHICLE,MOVING CONSTANT SPEED,55,No,2014,HYUNDAI,SANTA FE,39.16085833,-77.23243,2022,1,19
220003657,Property Damage Crash,01/27/2022 07:16:00 PM,EISENHOWER MEMORIAL HWY,NA,SAME DIRECTION SIDESWIPE,Cloudy,DRY,Medium,NO CONTROLS,NONE DETECTED,No,No Apparent Injury,N/A,NOT DISTRACTED,MD,PICKUP TRUCK,MOVING CONSTANT SPEED,55,No,2019,TOYOTA,TUNDRA,39.16085833,-77.23243,2022,1,19
220003658,Property Damage Crash,01/27/2022 06:41:00 PM,DARNESTOWN RD,NA,SINGLE VEHICLE,Clear,DRY,Medium,NO CONTROLS,NONE DETECTED,No,No Apparent Injury,"ANIMAL, N/A",NOT DISTRACTED,MD,PASSENGER CAR,MOVING CONSTANT SPEED,40,No,2010,TOYOTA,COROLLA,39.1226485,-77.32335383,2022,1,18