Local Case Number,ACRS Report Type,Crash Date/Time,Road Name,Related Non-Motorist,Collision Type,Weather,Surface Condition,Light,Traffic Control,Driver Substance Abuse,Driver At Fault,Injury Severity,Circumstance,Driver Distracted By,Drivers License State,Vehicle Body Type,Vehicle Movement,Speed Limit,Driverless Vehicle,Vehicle Year,Vehicle Make,Vehicle Model,Latitude,Longitude,Year,Month,Hour
220003647,Injury Crash,01/27/2022 06:11:00 PM,ROCKVILLE PIKE,NA,SAME DIR REAR END,Cloudy,N/A,Medium,NO CONTROLS,NONE DETECTED,Yes,Suspected Serious Injury,N/A,UNKNOWN,MD,(SPORT) UTILITY VEHICLE,UNKNOWN,50,No,2006,CHEVROLET,EQUINOX,39.07591403,-77.13756085,2022,1,18
220003647,Injury Crash,01/27/2022 06:11:00 PM,ROCKVILLE PIKE,NA,SAME DIR REAR END,Cloudy,N/A,Medium,NO CONTROLS,NONE DETECTED,No,Possible Minor Injury,N/A,NOT DISTRACTED,MD,PASSENGER CAR,STOPPED IN TRAFFIC LANE,10,No,2015,TOYT,4S,39.07591403,-77.13756085,2022,1,18
220003647,Injury Crash,01/27/2022 06:11:00 PM,ROCKVILLE PIKE,NA,SAME DIR REAR END,Cloudy,N/A,Medium,NO CONTROLS,NONE DETECTED,No,No Apparent Injury,N/A,NOT DISTRACTED,MD,PICKUP TRUCK,SLOWING OR STOPPING,10,No,2021,TOYT,PK,39.07591403,-77.13756085,2022,1,18
220003646,Property Damage Crash,01/27/2022 05:53:00 PM,GEORGIA AVE,NA,SAME DIRECTION SIDESWIPE,Clear,DRY,Medium,NO CONTROLS,NONE DETECTED,Yes,No Apparent Injury,"BACKUP DUE TO REGULAR CONGESTION, N/A",LOOKED BUT DID NOT SEE,MD,PASSENGER CAR,CHANGING LANES,35,No,2013,HYUN,SD,39.04799167,-77.05206667,2022,1,17
220003646,Property Damage Crash,01/27/2022 05:53:00 PM,GEORGIA AVE,NA,SAME DIRECTION SIDESWIPE,Clear,DRY,Medium,NO CONTROLS,NONE DETECTED,No,No Apparent Injury,"BACKUP DUE TO REGULAR CONGESTION, N/A",NOT DISTRACTED,MD,PASSENGER CAR,MOVING CONSTANT SPEED,35,No,2007,HONDA,CIVIC,39.04799167,-77.05206667,2022,1,17
220003637,Injury Crash,01/27/2022 05:30:00 PM,EAST WEST HWY,NA,SAME DIR REAR END,Clear,DRY,Medium,NO CONTROLS,NONE DETECTED,Yes,No Apparent Injury,N/A,LOOKED BUT DID NOT SEE,DC,PASSENGER CAR,SLOWING OR STOPPING,35,No,2013,VOLKSWAGEN,JETTA,38.99243667,-77.055405,2022,1,17
220003637,Injury Crash,01/27/2022 05:30:00 PM,EAST WEST HWY,NA,SAME DIR REAR END,Clear,DRY,Medium,NO CONTROLS,NONE DETECTED,No,Possible Minor Injury,N/A,NOT DISTRACTED,MD,PASSENGER CAR,STOPPED IN TRAFFIC LANE,35,No,2012,TOYOTA,CAMRY,38.99243667,-77.055405,2022,1,17
220003632,Property Damage Crash,01/27/2022 04:38:00 PM,NEW HAMPSHIRE AVE,NA,OTHER,Clear,DRY,Daylight,TRAFFIC SIGNAL,NONE DETECTED,Yes,No Apparent Injury,N/A,LOOKED BUT DID NOT SEE,NA,PASSENGER CAR,CHANGING LANES,30,No,2011,MERCEDEZ,TK,38.9859838,-76.9891857,2022,1,16
220003632,Property Damage Crash,01/27/2022 04:38:00 PM,NEW HAMPSHIRE AVE,NA,OTHER,Clear,DRY,Daylight,TRAFFIC SIGNAL,NONE DETECTED,No,No Apparent Injury,N/A,NOT DISTRACTED,MD,PASSENGER CAR,MOVING CONSTANT SPEED,30,No,2017,HOND,UT,38.9859838,-76.9891857,2022,1,16
220003619,Injury Crash,01/27/2022 04:22:00 PM,NORBECK RD,NA,HEAD ON LEFT TURN,Clear,DRY,Daylight,TRAFFIC SIGNAL,NONE DETECTED,Yes,No Apparent Injury,N/A,LOOKED BUT DID NOT SEE,MD,PASSENGER CAR,MAKING LEFT TURN,40,No,2012,TOYT,4S,39.09613734,-77.10984732,2022,1,16
220003619,Injury Crash,01/27/2022 04:22:00 PM,NORBECK RD,NA,HEAD ON LEFT TURN,Clear,DRY,Daylight,TRAFFIC SIGNAL,NONE DETECTED,No,Possible Minor Injury,N/A,NOT DISTRACTED,MD,PASSENGER CAR,MOVING CONSTANT SPEED,40,No,2022,LEXS,SD,39.09613734,-77.10984732,2022,1,16
220003614,Injury Crash,01/27/2022 04:10:00 PM,CHAPMAN AVE,PEDESTRIAN,OTHER,Clear,DRY,Daylight,STOP SIGN,NONE DETECTED,Yes,No Apparent Injury,N/A,LOOKED BUT DID NOT SEE,MD,PASSENGER CAR,ACCELERATING,25,No,2018,TOYT,HB,39.06108889,-77.12089636,2022,1,16
220003616,Property Damage Crash,01/27/2022 04:00:00 PM,CONNECTICUT AVE,NA,SAME DIRECTION SIDESWIPE,Clear,DRY,Daylight,NO CONTROLS,NONE DETECTED,Unknown,No Apparent Injury,N/A,UNKNOWN,MD,PASSENGER CAR,MOVING CONSTANT SPEED,35,No,2021,SUBARU,WRX,38.9851542,-77.07717772,2022,1,16
220003616,Property Damage Crash,01/27/2022 04:00:00 PM,CONNECTICUT AVE,NA,SAME DIRECTION SIDESWIPE,Clear,DRY,Daylight,NO CONTROLS,NONE DETECTED,Unknown,No Apparent Injury,N/A,UNKNOWN,NY,PASSENGER CAR,MAKING LEFT TURN,35,No,2022,HONDA,CIVIC,38.9851542,-77.07717772,2022,1,16
220003608,Injury Crash,01/27/2022 03:19:00 PM,SEVEN LOCKS RD,NA,HEAD ON,Clear,DRY,Daylight,NO CONTROLS,NONE DETECTED,No,No Apparent Injury,N/A,NOT DISTRACTED,DC,"MEDIUM/HEAVY TRUCKS 3 AXLES (OVER 10,000LBS (4,536KG))",MOVING CONSTANT SPEED,30,No,2007,MACK,CV713,38.99098217,-77.16155133,2022,1,15
220003608,Injury Crash,01/27/2022 03:19:00 PM,SEVEN LOCKS RD,NA,HEAD ON,Clear,DRY,Daylight,NO CONTROLS,NONE DETECTED,Yes,Suspected Serious Injury,N/A,UNKNOWN,MD,PASSENGER CAR,OTHER,30,No,2016,HONDA,CIVIC,38.99098217,-77.16155133,2022,1,15
220003603,Property Damage Crash,01/27/2022 03:14:00 PM,FREDERICK RD,NA,STRAIGHT MOVEMENT ANGLE,Clear,DRY,Daylight,TRAFFIC SIGNAL,NONE DETECTED,No,No Apparent Injury,N/A,NOT DISTRACTED,MD,PASSENGER CAR,MOVING CONSTANT SPEED,35,No,2015,TOYOTA,COROLLA,39.1123,-77.161645,2022,1,15
220003603,Property Damage Crash,01/27/2022 03:14:00 PM,FREDERICK RD,NA,STRAIGHT MOVEMENT ANGLE,Clear,DRY,Daylight,TRAFFIC SIGNAL,NONE DETECTED,Yes,No Apparent Injury,N/A,LOOKED BUT DID NOT SEE,MD,(SPORT) UTILITY VEHICLE,MAKING LEFT TURN,35,No,2018,TOYOTA,RAV4,39.1123,-77.161645,2022,1,15
220003607,Property Damage Crash,01/27/2022 03:11:00 PM,NA,NA,SAME DIRECTION SIDESWIPE,Clear,NA,Daylight,NO CONTROLS,NONE DETECTED,Yes,No Apparent Injury,N/A,NOT DISTRACTED,MD,(SPORT) UTILITY VEHICLE,MOVING CONSTANT SPEED,0,No,2020,SUBA,ASCENT,38.98847617,-77.1298245,2022,1,15
220003606,Property Damage Crash,01/27/2022 02:56:00 PM,NA,NA,OTHER,Clear,NA,Daylight,NO CONTROLS,NONE DETECTED,Yes,No Apparent Injury,N/A,LOOKED BUT DID NOT SEE,NA,PASSENGER CAR,BACKING,15,No,2021,TOYTOA,HIGHLANDER,39.06076778,-76.95839537,2022,1,14
220003586,Injury Crash,01/27/2022 01:30:00 PM,WATKINS MILL RD,NA,STRAIGHT MOVEMENT ANGLE,Clear,DRY,Daylight,STOP SIGN,NONE DETECTED,No,Possible Minor Injury,N/A,NOT DISTRACTED,MD,PASSENGER CAR,MOVING CONSTANT SPEED,30,No,2015,HYUN,SEDAN,39.15992667,-77.21689167,2022,1,13
220003586,Injury Crash,01/27/2022 01:30:00 PM,WATKINS MILL RD,NA,STRAIGHT MOVEMENT ANGLE,Clear,DRY,Daylight,STOP SIGN,NONE DETECTED,Yes,No Apparent Injury,N/A,LOOKED BUT DID NOT SEE,MD,"MEDIUM/HEAVY TRUCKS 3 AXLES (OVER 10,000LBS (4,536KG))",MAKING LEFT TURN,30,No,2007,STER,BOX TRUCK,39.15992667,-77.21689167,2022,1,13
220003584,Property Damage Crash,01/27/2022 01:25:00 PM,W MONTGOMERY AVE,NA,SAME DIRECTION SIDESWIPE,Clear,DRY,Daylight,NO CONTROLS,NONE DETECTED,Yes,No Apparent Injury,N/A,NOT DISTRACTED,MD,PASSENGER CAR,MOVING CONSTANT SPEED,30,No,2014,MERZ,4S,39.08560942,-77.16906118,2022,1,13
220003584,Property Damage Crash,01/27/2022 01:25:00 PM,W MONTGOMERY AVE,NA,SAME DIRECTION SIDESWIPE,Clear,DRY,Daylight,NO CONTROLS,NONE DETECTED,No,No Apparent Injury,N/A,NOT DISTRACTED,MD,VAN,MOVING CONSTANT SPEED,30,No,2019,RAM,CG,39.08560942,-77.16906118,2022,1,13
220003568,Property Damage Crash,01/27/2022 12:22:00 PM,GEORGIA AVE,NA,SAME DIRECTION SIDESWIPE,Clear,DRY,Daylight,TRAFFIC SIGNAL,NONE DETECTED,Unknown,No Apparent Injury,N/A,NOT DISTRACTED,MD,PICKUP TRUCK,SLOWING OR STOPPING,35,No,2002,FORD,F450,39.04718101,-77.05210944,2022,1,12
220003568,Property Damage Crash,01/27/2022 12:22:00 PM,GEORGIA AVE,NA,SAME DIRECTION SIDESWIPE,Clear,DRY,Daylight,TRAFFIC SIGNAL,NONE DETECTED,Unknown,No Apparent Injury,N/A,NOT DISTRACTED,XX,PICKUP TRUCK,STOPPED IN TRAFFIC LANE,35,No,2014,FORD,F250,39.04718101,-77.05210944,2022,1,12
220003591,Property Damage Crash,01/27/2022 12:20:00 PM,CONNECTICUT AVE,NA,SAME DIR REAR END,Clear,N/A,Daylight,TRAFFIC SIGNAL,NONE DETECTED,Yes,No Apparent Injury,N/A,UNKNOWN,NA,PASSENGER CAR,STARTING FROM LANE,30,No,2017,JEEP,WRANGLER,38.97714587,-77.09042295,2022,1,12
220003591,Property Damage Crash,01/27/2022 12:20:00 PM,CONNECTICUT AVE,NA,SAME DIR REAR END,Clear,N/A,Daylight,TRAFFIC SIGNAL,NONE DETECTED,No,No Apparent Injury,N/A,NOT DISTRACTED,MD,PASSENGER CAR,STARTING FROM LANE,30,No,2021,HYUNDAI,ACCENT,38.97714587,-77.09042295,2022,1,12
220003576,Property Damage Crash,01/27/2022 12:18:00 PM,NORBECK RD,NA,SAME DIR REAR END,Clear,DRY,Daylight,TRAFFIC SIGNAL,NONE DETECTED,No,No Apparent Injury,N/A,NOT DISTRACTED,MD,PASSENGER CAR,STOPPED IN TRAFFIC LANE,40,No,2015,JEEP,TK,39.10961535,-77.07501445,2022,1,12
220003576,Property Damage Crash,01/27/2022 12:18:00 PM,NORBECK RD,NA,SAME DIR REAR END,Clear,DRY,Daylight,TRAFFIC SIGNAL,NONE DETECTED,Yes,No Apparent Injury,N/A,NOT DISTRACTED,MD,PASSENGER CAR,SLOWING OR STOPPING,40,No,2002,TOYT,4S,39.10961535,-77.07501445,2022,1,12
220003569,Property Damage Crash,01/27/2022 12:14:00 PM,CORDELL AVE,NA,SAME DIR REAR END,Clear,DRY,Daylight,NO CONTROLS,NONE DETECTED,Yes,No Apparent Injury,N/A,LOOKED BUT DID NOT SEE,MD,SCHOOL BUS,MOVING CONSTANT SPEED,25,No,2020,THOMAS,BUILT,38.98803384,-77.09937716,2022,1,12
220003569,Property Damage Crash,01/27/2022 12:14:00 PM,CORDELL AVE,NA,SAME DIR REAR END,Clear,DRY,Daylight,NO CONTROLS,NONE DETECTED,No,No Apparent Injury,N/A,NOT DISTRACTED,MD,PASSENGER CAR,PARKED,25,No,2015,LEXUS,RX350,38.98803384,-77.09937716,2022,1,12
220003563,Injury Crash,01/27/2022 11:41:00 AM,RIVER RD,NA,SINGLE VEHICLE,Clear,DRY,Daylight,NO CONTROLS,NONE DETECTED,Yes,Possible Minor Injury,N/A,UNKNOWN,MD,PASSENGER CAR,MOVING CONSTANT SPEED,35,No,2019,FORD,ECOSPORT,38.97758433,-77.129124,2022,1,11
220003547,Property Damage Crash,01/27/2022 09:54:00 AM,CARROLL AVE,NA,OPPOSITE DIRECTION SIDESWIPE,Clear,DRY,Daylight,NO CONTROLS,NONE DETECTED,Yes,No Apparent Injury,N/A,UNKNOWN,NA,(SPORT) UTILITY VEHICLE,SLOWING OR STOPPING,25,No,0,UNKNOWN,UNKNOWN,38.98089197,-77.00223215,2022,1,9
220003547,Property Damage Crash,01/27/2022 09:54:00 AM,CARROLL AVE,NA,OPPOSITE DIRECTION SIDESWIPE,Clear,DRY,Daylight,NO CONTROLS,NONE DETECTED,No,No Apparent Injury,N/A,NOT DISTRACTED,MD,PASSENGER CAR,SLOWING OR STOPPING,25,No,2003,TOYOTA,CAMRY,38.98089197,-77.00223215,2022,1,9
220003757,Property Damage Crash,01/27/2022 09:30:00 AM,NA,NA,STRAIGHT MOVEMENT ANGLE,Clear,NA,Daylight,NO CONTROLS,NONE DETECTED,Yes,No Apparent Injury,N/A,NOT DISTRACTED,MD,POLICE VEHICLE/NON EMERGENCY,BACKING,0,No,2016,FORD,TAURUS,39.11694509,-77.25244224,2022,1,9
220003555,Property Damage Crash,01/27/2022 09:30:00 AM,NEW HAMPSHIRE AVE SERV RD,NA,SAME DIR REND RIGHT TURN,Clear,SNOW,Daylight,NO CONTROLS,NONE DETECTED,Yes,No Apparent Injury,N/A,UNKNOWN,NA,(SPORT) UTILITY VEHICLE,MOVING CONSTANT SPEED,40,No,2018,NISSIAN,ROGUE,38.98579739,-76.98782096,2022,1,9
220003555,Property Damage Crash,01/27/2022 09:30:00 AM,NEW HAMPSHIRE AVE SERV RD,NA,SAME DIR REND RIGHT TURN,Clear,SNOW,Daylight,NO CONTROLS,NONE DETECTED,No,No Apparent Injury,N/A,NOT DISTRACTED,TX,PASSENGER CAR,MAKING RIGHT TURN,40,No,2019,NISSIAN,ALT,38.98579739,-76.98782096,2022,1,9
220003539,Property Damage Crash,01/27/2022 09:07:00 AM,MARSEILLE DR,NA,SINGLE VEHICLE,Clear,DRY,Daylight,N/A,NONE DETECTED,Yes,No Apparent Injury,N/A,OTHER DISTRACTION,MD,PASSENGER CAR,MOVING CONSTANT SPEED,35,No,2018,LEXS,ES350,39.041755,-77.189265,2022,1,9
220003540,Property Damage Crash,01/27/2022 09:00:00 AM,WILMETT RD,NA,HEAD ON,Clear,DRY,Daylight,NO CONTROLS,NONE DETECTED,Yes,No Apparent Injury,N/A,NOT DISTRACTED,MD,PASSENGER CAR,MOVING CONSTANT SPEED,25,No,2017,TOYOTA,PRIUS,39.00806,-77.12353,2022,1,9
220003540,Property Damage Crash,01/27/2022 09:00:00 AM,WILMETT RD,NA,HEAD ON,Clear,DRY,Daylight,NO CONTROLS,NONE DETECTED,No,No Apparent Injury,N/A,NOT DISTRACTED,MD,PASSENGER CAR,MOVING CONSTANT SPEED,25,No,2011,TOYOTA,RAV 4,39.00806,-77.12353,2022,1,9
220003535,Property Damage Crash,01/27/2022 08:20:00 AM,HATHAWAY DR,NA,ANGLE MEETS LEFT TURN,Clear,DRY,Daylight,NO CONTROLS,NONE DETECTED,No,No Apparent Injury,N/A,NOT DISTRACTED,MD,PASSENGER CAR,MOVING CONSTANT SPEED,25,No,2013,TOYT,SD,39.07007,-77.05907333,2022,1,8
220003535,Property Damage Crash,01/27/2022 08:20:00 AM,HATHAWAY DR,NA,ANGLE MEETS LEFT TURN,Clear,DRY,Daylight,NO CONTROLS,NONE DETECTED,Yes,No Apparent Injury,N/A,NOT DISTRACTED,MD,PASSENGER CAR,MAKING LEFT TURN,25,No,2015,TOYT,RAV4,39.07007,-77.05907333,2022,1,8
220003530,Injury Crash,01/27/2022 07:48:00 AM,OLD GEORGETOWN RD,NA,HEAD ON LEFT TURN,Clear,DRY,Daylight,TRAFFIC SIGNAL,NONE DETECTED,No,Possible Minor Injury,N/A,NOT DISTRACTED,MD,PASSENGER CAR,MOVING CONSTANT SPEED,35,No,2019,TOYOTA,RAV4,38.9903695,-77.10335283,2022,1,7
220003530,Injury Crash,01/27/2022 07:48:00 AM,OLD GEORGETOWN RD,NA,HEAD ON LEFT TURN,Clear,DRY,Daylight,TRAFFIC SIGNAL,NONE DETECTED,Yes,No Apparent Injury,N/A,UNKNOWN,MD,PASSENGER CAR,MAKING LEFT TURN,35,No,2021,VOLVO,XC90,38.9903695,-77.10335283,2022,1,7
220003531,Property Damage Crash,01/27/2022 07:46:00 AM,EAST WEST HWY,NA,SINGLE VEHICLE,Clear,N/A,Daylight,NO CONTROLS,NONE DETECTED,Yes,No Apparent Injury,N/A,LOOKED BUT DID NOT SEE,MD,PASSENGER CAR,MOVING CONSTANT SPEED,30,No,2011,HONDA,ACCORD,38.98629667,-77.086425,2022,1,7
220003529,Property Damage Crash,01/27/2022 07:25:00 AM,S SUMMIT AVE,NA,SAME DIR REAR END,Clear,DRY,Daylight,OTHER,NONE DETECTED,No,No Apparent Injury,N/A,NOT DISTRACTED,MD,PASSENGER CAR,STOPPED IN TRAFFIC LANE,25,No,2015,TOYT,TK,39.14143445,-77.1935579,2022,1,7
220003529,Property Damage Crash,01/27/2022 07:25:00 AM,S SUMMIT AVE,NA,SAME DIR REAR END,Clear,DRY,Daylight,OTHER,NONE DETECTED,No,No Apparent Injury,N/A,NOT DISTRACTED,MD,PASSENGER CAR,STOPPED IN TRAFFIC LANE,25,No,2010,FORD,4S,39.14143445,-77.1935579,2022,1,7
220003529,Property Damage Crash,01/27/2022 07:25:00 AM,S SUMMIT AVE,NA,SAME DIR REAR END,Clear,DRY,Daylight,OTHER,NONE DETECTED,Yes,No Apparent Injury,N/A,UNKNOWN,MD,PASSENGER CAR,MOVING CONSTANT SPEED,25,No,2020,TOYOTA,CAROLLA,39.14143445,-77.1935579,2022,1,7
220003527,Property Damage Crash,01/27/2022 07:11:00 AM,BEL PRE RD,NA,STRAIGHT MOVEMENT ANGLE,Clear,DRY,Medium,NO CONTROLS,NONE DETECTED,No,No Apparent Injury,N/A,NOT DISTRACTED,MD,VAN,MOVING CONSTANT SPEED,35,No,2011,TOYTA,SIENNA,39.09082,-77.06269667,2022,1,7
220003527,Property Damage Crash,01/27/2022 07:11:00 AM,BEL PRE RD,NA,STRAIGHT MOVEMENT ANGLE,Clear,DRY,Medium,NO CONTROLS,NONE DETECTED,Yes,No Apparent Injury,N/A,UNKNOWN,NA,UNKNOWN,STARTING FROM LANE,35,No,0,UNKNOWN,UNKNOWN,39.09082,-77.06269667,2022,1,7
220003524,Property Damage Crash,01/27/2022 05:57:00 AM,GEORGIA AVE,NA,SAME DIR BOTH LEFT TURN,Clear,DRY,Medium,TRAFFIC SIGNAL,NONE DETECTED,No,No Apparent Injury,N/A,NOT DISTRACTED,MD,PASSENGER CAR,MAKING LEFT TURN,45,No,2010,NISSAN,ROGUE,39.08378673,-77.07787488,2022,1,5
220003524,Property Damage Crash,01/27/2022 05:57:00 AM,GEORGIA AVE,NA,SAME DIR BOTH LEFT TURN,Clear,DRY,Medium,TRAFFIC SIGNAL,NONE DETECTED,Yes,No Apparent Injury,N/A,NOT DISTRACTED,XX,ALL TERRAIN VEHICLE (ATV),MAKING LEFT TURN,45,No,2006,DODGE,CARAVAN,39.08378673,-77.07787488,2022,1,5
220003519,Property Damage Crash,01/27/2022 02:45:00 AM,LINCOLN ST,NA,OPPOSITE DIRECTION SIDESWIPE,Clear,DRY,Medium,NO CONTROLS,NONE DETECTED,Yes,No Apparent Injury,N/A,UNKNOWN,NA,PASSENGER CAR,MOVING CONSTANT SPEED,15,No,2016,TOY,CAMRY,39.09194567,-77.14154183,2022,1,2
220003493,Injury Crash,01/26/2022 09:20:00 PM,OLD GEORGETOWN RD,NA,SAME DIR REAR END,Clear,DRY,Medium,TRAFFIC SIGNAL,NONE DETECTED,Yes,Possible Minor Injury,N/A,UNKNOWN,MD,(SPORT) UTILITY VEHICLE,MOVING CONSTANT SPEED,35,No,2016,NISSAN,MURANO,39.03066151,-77.12639885,2022,1,21
220003493,Injury Crash,01/26/2022 09:20:00 PM,OLD GEORGETOWN RD,NA,SAME DIR REAR END,Clear,DRY,Medium,TRAFFIC SIGNAL,NONE DETECTED,No,Possible Minor Injury,N/A,NOT DISTRACTED,MD,(SPORT) UTILITY VEHICLE,STOPPED IN TRAFFIC LANE,35,No,2021,KIA,FORTE,39.03066151,-77.12639885,2022,1,21
220003500,Property Damage Crash,01/26/2022 09:18:00 PM,NA,NA,HEAD ON,Clear,NA,Medium,NO CONTROLS,NONE DETECTED,Yes,No Apparent Injury,N/A,LOOKED BUT DID NOT SEE,MD,(SPORT) UTILITY VEHICLE,MOVING CONSTANT SPEED,15,No,2019,TOYT,HIGHLANDER,39.17931355,-77.23993642,2022,1,21
220003500,Property Damage Crash,01/26/2022 09:18:00 PM,NA,NA,HEAD ON,Clear,NA,Medium,NO CONTROLS,NONE DETECTED,No,No Apparent Injury,N/A,NOT DISTRACTED,MD,PASSENGER CAR,SLOWING OR STOPPING,15,No,2012,TOYT,TC,39.17931355,-77.23993642,2022,1,21
220003491,Injury Crash,01/26/2022 08:36:00 PM,QUINCE ORCHARD RD,NA,STRAIGHT MOVEMENT ANGLE,Clear,DRY,Medium,TRAFFIC SIGNAL,NONE DETECTED,Yes,Possible Minor Injury,N/A,UNKNOWN,MD,PASSENGER CAR,ACCELERATING,35,No,2016,NISSAN,MURANO,39.14291117,-77.2218135,2022,1,20
220003491,Injury Crash,01/26/2022 08:36:00 PM,QUINCE ORCHARD RD,NA,STRAIGHT MOVEMENT ANGLE,Clear,DRY,Medium,TRAFFIC SIGNAL,NONE DETECTED,No,Possible Minor Injury,N/A,UNKNOWN,MD,PASSENGER CAR,STOPPED IN TRAFFIC LANE,35,No,2016,HONDA,CR-V,39.14291117,-77.2218135,2022,1,20
220003487,Injury Crash,01/26/2022 08:00:00 PM,RANDOLPH RD,PEDESTRIAN,OTHER,Clear,DRY,Medium,TRAFFIC SIGNAL,NONE DETECTED,Yes,No Apparent Injury,N/A,UNKNOWN,MD,PASSENGER CAR,MAKING LEFT TURN,35,No,2010,HONDA,CIVIC,39.0592945,-77.06216783,2022,1,20
220003483,Property Damage Crash,01/26/2022 07:25:00 PM,COLESVILLE RD,NA,SAME DIRECTION LEFT TURN,Clear,DRY,Medium,NO CONTROLS,NONE DETECTED,No,No Apparent Injury,N/A,NOT DISTRACTED,MD,PICKUP TRUCK,MOVING CONSTANT SPEED,35,No,2005,DODGE,RAM,39.00409167,-77.023785,2022,1,19
220003483,Property Damage Crash,01/26/2022 07:25:00 PM,COLESVILLE RD,NA,SAME DIRECTION LEFT TURN,Clear,DRY,Medium,NO CONTROLS,NONE DETECTED,Yes,No Apparent Injury,N/A,UNKNOWN,DC,PASSENGER CAR,MAKING U TURN,35,No,1998,TOYOTA,PV,39.00409167,-77.023785,2022,1,19
220003482,Injury Crash,01/26/2022 07:08:00 PM,ARMORY AVE,PEDESTRIAN,OTHER,Clear,DRY,Medium,N/A,NONE DETECTED,Yes,No Apparent Injury,N/A,UNKNOWN,NA,NA,MAKING LEFT TURN,25,No,0,UNKNOWN,UNKNOWN,39.02786204,-77.07455551,2022,1,19
220003472,Property Damage Crash,01/26/2022 06:03:00 PM,VEIRS MILL RD,NA,STRAIGHT MOVEMENT ANGLE,Clear,DRY,Medium,N/A,NONE DETECTED,Yes,No Apparent Injury,"BACKUP DUE TO REGULAR CONGESTION, N/A",NOT DISTRACTED,MD,PASSENGER CAR,MAKING LEFT TURN,30,No,2019,TOYOTA,COROLLA,39.07432283,-77.114013,2022,1,18
220003472,Property Damage Crash,01/26/2022 06:03:00 PM,VEIRS MILL RD,NA,STRAIGHT MOVEMENT ANGLE,Clear,DRY,Medium,N/A,NONE DETECTED,No,No Apparent Injury,"BACKUP DUE TO REGULAR CONGESTION, N/A",NOT DISTRACTED,MD,PASSENGER CAR,MOVING CONSTANT SPEED,30,No,2009,MAZDA,3,39.07432283,-77.114013,2022,1,18
220003457,Injury Crash,01/26/2022 04:40:00 PM,DARNESTOWN RD,PEDESTRIAN,SINGLE VEHICLE,Clear,DRY,Daylight,TRAFFIC SIGNAL,NONE DETECTED,Yes,No Apparent Injury,N/A,UNKNOWN,MD,SNOWMOBILE,MAKING RIGHT TURN,40,No,2016,TOYT,RAV4,39.10288,-77.220805,2022,1,16
220003450,Property Damage Crash,01/26/2022 04:05:00 PM,CLOPPER RD,NA,SAME DIR REAR END,Clear,DRY,Daylight,NO CONTROLS,NONE DETECTED,Yes,No Apparent Injury,N/A,NOT DISTRACTED,MD,(SPORT) UTILITY VEHICLE,MOVING CONSTANT SPEED,45,No,2008,FORD,SW,39.15076667,-77.24263333,2022,1,16
220003450,Property Damage Crash,01/26/2022 04:05:00 PM,CLOPPER RD,NA,SAME DIR REAR END,Clear,DRY,Daylight,NO CONTROLS,NONE DETECTED,No,No Apparent Injury,N/A,NOT DISTRACTED,MD,PASSENGER CAR,SLOWING OR STOPPING,45,No,2006,KIA,SPECTRA,39.15076667,-77.24263333,2022,1,16
220003448,Property Damage Crash,01/26/2022 03:52:00 PM,COLESVILLE RD,NA,STRAIGHT MOVEMENT ANGLE,Clear,DRY,Daylight,STOP SIGN,NONE DETECTED,No,No Apparent Injury,N/A,UNKNOWN,MD,PASSENGER CAR,MOVING CONSTANT SPEED,40,No,2007,TOYOTA,COROLLA,39.02398654,-77.01118019,2022,1,15
220003448,Property Damage Crash,01/26/2022 03:52:00 PM,COLESVILLE RD,NA,STRAIGHT MOVEMENT ANGLE,Clear,DRY,Daylight,STOP SIGN,NONE DETECTED,Yes,No Apparent Injury,N/A,UNKNOWN,VA,PASSENGER CAR,STARTING FROM LANE,40,No,2015,SUBARU,FORESTER,39.02398654,-77.01118019,2022,1,15
22000106,Property Damage Crash,01/26/2022 03:50:00 PM,CLARKSBURG RD,NA,SAME DIR REAR END,Clear,DRY,Daylight,NO CONTROLS,NONE DETECTED,Yes,No Apparent Injury,N/A,INATTENTIVE OR LOST IN THOUGHT,MD,PASSENGER CAR,MOVING CONSTANT SPEED,35,No,2013,HYU,ELA,39.2641325,-77.2814105,2022,1,15
22000106,Property Damage Crash,01/26/2022 03:50:00 PM,CLARKSBURG RD,NA,SAME DIR REAR END,Clear,DRY,Daylight,NO CONTROLS,NONE DETECTED,No,No Apparent Injury,N/A,NOT DISTRACTED,MD,PASSENGER CAR,SLOWING OR STOPPING,35,No,2022,KIA,UT,39.2641325,-77.2814105,2022,1,15
220003441,Property Damage Crash,01/26/2022 03:31:00 PM,PLUM ORCHARD DR,NA,OTHER,Clear,DRY,Daylight,TRAFFIC SIGNAL,NONE DETECTED,No,No Apparent Injury,N/A,NOT DISTRACTED,MD,PASSENGER CAR,STOPPED IN TRAFFIC LANE,30,No,2008,CHEVY,IMPALA,39.05278667,-76.95273167,2022,1,15
220003441,Property Damage Crash,01/26/2022 03:31:00 PM,PLUM ORCHARD DR,NA,OTHER,Clear,DRY,Daylight,TRAFFIC SIGNAL,NONE DETECTED,Yes,No Apparent Injury,N/A,NOT DISTRACTED,MD,STATION WAGON,MAKING LEFT TURN,30,No,2015,HONDA,ODYSSEYY,39.05278667,-76.95273167,2022,1,15
220003441,Property Damage Crash,01/26/2022 03:31:00 PM,PLUM ORCHARD DR,NA,OTHER,Clear,DRY,Daylight,TRAFFIC SIGNAL,NONE DETECTED,No,No Apparent Injury,N/A,NOT DISTRACTED,MD,PASSENGER CAR,STOPPED IN TRAFFIC LANE,30,No,2007,TOYOTA,CAMRY,39.05278667,-76.95273167,2022,1,15
220003437,Injury Crash,01/26/2022 03:18:00 PM,NA,PEDESTRIAN,SINGLE VEHICLE,Clear,NA,Daylight,NO CONTROLS,NONE DETECTED,Yes,No Apparent Injury,N/A,UNKNOWN,MD,(SPORT) UTILITY VEHICLE,MAKING LEFT TURN,15,No,2014,NISSAN,ROGUE,39.19909167,-77.24821667,2022,1,15
220003430,Injury Crash,01/26/2022 02:41:00 PM,GEORGIA AVE,NA,SAME DIR REAR END,Clear,DRY,Daylight,NO CONTROLS,NONE DETECTED,No,Possible Minor Injury,N/A,NOT DISTRACTED,MD,PASSENGER CAR,STOPPED IN TRAFFIC LANE,45,No,2010,NISSAN,ROGUE,39.10272667,-77.07696167,2022,1,14
220003430,Injury Crash,01/26/2022 02:41:00 PM,GEORGIA AVE,NA,SAME DIR REAR END,Clear,DRY,Daylight,NO CONTROLS,NONE DETECTED,Yes,Possible Minor Injury,N/A,LOOKED BUT DID NOT SEE,MD,PASSENGER CAR,MOVING CONSTANT SPEED,45,No,2011,TOYOTA,CAMRY,39.10272667,-77.07696167,2022,1,14
220003460,Injury Crash,01/26/2022 02:15:00 PM,RIDGEFIELD RD,PEDESTRIAN,SINGLE VEHICLE,Clear,DRY,Daylight,TRAFFIC SIGNAL,NONE DETECTED,Yes,No Apparent Injury,N/A,NOT DISTRACTED,DC,PASSENGER CAR,MAKING LEFT TURN,25,No,2015,SUBARU,IMPREZA,38.96586344,-77.10730828,2022,1,14
220003419,Property Damage Crash,01/26/2022 01:01:00 PM,GEORGIA AVE,NA,SAME DIR REAR END,Clear,DRY,Daylight,TRAFFIC SIGNAL,NONE DETECTED,Yes,No Apparent Injury,N/A,NOT DISTRACTED,MD,PASSENGER CAR,MOVING CONSTANT SPEED,35,No,2018,FORD,FOCUS,39.10135,-77.07717667,2022,1,13