Local Case Number,ACRS Report Type,Crash Date/Time,Road Name,Related Non-Motorist,Collision Type,Weather,Surface Condition,Light,Traffic Control,Driver Substance Abuse,Driver At Fault,Injury Severity,Circumstance,Driver Distracted By,Drivers License State,Vehicle Body Type,Vehicle Movement,Speed Limit,Driverless Vehicle,Vehicle Year,Vehicle Make,Vehicle Model,Latitude,Longitude,Year,Month,Hour
220003419,Property Damage Crash,01/26/2022 01:01:00 PM,GEORGIA AVE,NA,SAME DIR REAR END,Clear,DRY,Daylight,TRAFFIC SIGNAL,NONE DETECTED,No,No Apparent Injury,N/A,NOT DISTRACTED,MD,PASSENGER CAR,SLOWING OR STOPPING,35,No,2016,TOYOTA,HIGHLANDER,39.10135,-77.07717667,2022,1,13
220003418,Injury Crash,01/26/2022 12:42:00 PM,WOODFIELD RD,NA,SAME DIR REAR END,Clear,DRY,Daylight,NO CONTROLS,NONE DETECTED,No,Possible Minor Injury,N/A,NOT DISTRACTED,MD,PASSENGER CAR,MOVING CONSTANT SPEED,50,No,2016,FORD,F150,39.22787167,-77.17724333,2022,1,12
220003418,Injury Crash,01/26/2022 12:42:00 PM,WOODFIELD RD,NA,SAME DIR REAR END,Clear,DRY,Daylight,NO CONTROLS,NONE DETECTED,Yes,Possible Minor Injury,N/A,UNKNOWN,MD,PASSENGER CAR,MOVING CONSTANT SPEED,50,No,2016,TOYOTA,CAMRY,39.22787167,-77.17724333,2022,1,12
220003418,Injury Crash,01/26/2022 12:42:00 PM,WOODFIELD RD,NA,SAME DIR REAR END,Clear,DRY,Daylight,NO CONTROLS,NONE DETECTED,No,No Apparent Injury,N/A,NOT DISTRACTED,MD,PASSENGER CAR,MAKING LEFT TURN,50,No,1997,VOLKSWAGEN,PASSAT,39.22787167,-77.17724333,2022,1,12
220003404,Injury Crash,01/26/2022 10:59:00 AM,OLD GEORGETOWN RD,NA,STRAIGHT MOVEMENT ANGLE,Clear,DRY,Daylight,STOP SIGN,NONE DETECTED,Yes,No Apparent Injury,N/A,UNKNOWN,MD,(SPORT) UTILITY VEHICLE,MAKING LEFT TURN,35,No,2019,GMC,TERRAIN,39.00149667,-77.10970667,2022,1,10
220003404,Injury Crash,01/26/2022 10:59:00 AM,OLD GEORGETOWN RD,NA,STRAIGHT MOVEMENT ANGLE,Clear,DRY,Daylight,STOP SIGN,NONE DETECTED,No,Possible Minor Injury,N/A,NOT DISTRACTED,MD,PASSENGER CAR,MOVING CONSTANT SPEED,35,No,2007,ACURA,TL,39.00149667,-77.10970667,2022,1,10
220003402,Property Damage Crash,01/26/2022 10:54:00 AM,NEW HAMPSHIRE AVE,NA,SAME DIR REAR END,Clear,DRY,Daylight,TRAFFIC SIGNAL,NONE DETECTED,Yes,No Apparent Injury,"BACKUP DUE TO PRIOR CRASH, N/A",DISTRACTED BY OUTSIDE PERSON OBJECT OR EVENT,MD,PASSENGER CAR,MOVING CONSTANT SPEED,40,No,2009,KIA,VAN,39.05907,-76.99776833,2022,1,10
220003402,Property Damage Crash,01/26/2022 10:54:00 AM,NEW HAMPSHIRE AVE,NA,SAME DIR REAR END,Clear,DRY,Daylight,TRAFFIC SIGNAL,NONE DETECTED,No,No Apparent Injury,"BACKUP DUE TO PRIOR CRASH, N/A",NOT DISTRACTED,MD,PASSENGER CAR,STOPPED IN TRAFFIC LANE,40,No,2017,CHEV,TK,39.05907,-76.99776833,2022,1,10
220003395,Injury Crash,01/26/2022 10:30:00 AM,NEW HAMPSHIRE AVE,NA,SAME DIR REAR END,Clear,DRY,Daylight,TRAFFIC SIGNAL,NONE DETECTED,Yes,Possible Minor Injury,N/A,NOT DISTRACTED,MD,PASSENGER CAR,SLOWING OR STOPPING,35,No,2018,NISSAN,ALTIMA,39.05898667,-76.99776333,2022,1,10
220003395,Injury Crash,01/26/2022 10:30:00 AM,NEW HAMPSHIRE AVE,NA,SAME DIR REAR END,Clear,DRY,Daylight,TRAFFIC SIGNAL,NONE DETECTED,No,Possible Minor Injury,N/A,NOT DISTRACTED,MD,PASSENGER CAR,STOPPED IN TRAFFIC LANE,35,No,2012,HONDA,ACCORD,39.05898667,-76.99776333,2022,1,10
220003389,Property Damage Crash,01/26/2022 09:20:00 AM,VEIRS MILL RD,NA,SAME DIRECTION SIDESWIPE,Clear,DRY,Daylight,TRAFFIC SIGNAL,NONE DETECTED,No,No Apparent Injury,N/A,NOT DISTRACTED,MD,PASSENGER CAR,MOVING CONSTANT SPEED,45,No,2010,TOYT,RAV4,39.06944667,-77.10518833,2022,1,9
220003389,Property Damage Crash,01/26/2022 09:20:00 AM,VEIRS MILL RD,NA,SAME DIRECTION SIDESWIPE,Clear,DRY,Daylight,TRAFFIC SIGNAL,NONE DETECTED,Yes,No Apparent Injury,N/A,LOOKED BUT DID NOT SEE,MD,PASSENGER CAR,ACCELERATING,45,No,2006,BMW,4D,39.06944667,-77.10518833,2022,1,9
220003387,Injury Crash,01/26/2022 09:19:00 AM,SHADY GROVE RD,PEDESTRIAN,SAME DIRECTION SIDESWIPE,Clear,DRY,Daylight,NO CONTROLS,NONE DETECTED,Unknown,No Apparent Injury,N/A,NOT DISTRACTED,MD,(SPORT) UTILITY VEHICLE,UNKNOWN,40,No,2010,CHEVY,HHR,39.12144144,-77.1787081,2022,1,9
220003387,Injury Crash,01/26/2022 09:19:00 AM,SHADY GROVE RD,PEDESTRIAN,SAME DIRECTION SIDESWIPE,Clear,DRY,Daylight,NO CONTROLS,NONE DETECTED,Unknown,Possible Minor Injury,N/A,NOT DISTRACTED,MD,PASSENGER CAR,UNKNOWN,40,No,2015,CHEVY,MALIBU,39.12144144,-77.1787081,2022,1,9
220003383,Injury Crash,01/26/2022 08:40:00 AM,FREDERICK RD,NA,ANGLE MEETS RIGHT TURN,Clear,DRY,Daylight,NO CONTROLS,NONE DETECTED,No,Possible Minor Injury,N/A,NOT DISTRACTED,MD,VAN,MOVING CONSTANT SPEED,40,No,2010,CHRY,VAN,39.12181711,-77.17667357,2022,1,8
220003383,Injury Crash,01/26/2022 08:40:00 AM,FREDERICK RD,NA,ANGLE MEETS RIGHT TURN,Clear,DRY,Daylight,NO CONTROLS,NONE DETECTED,Yes,No Apparent Injury,N/A,LOOKED BUT DID NOT SEE,MD,PASSENGER CAR,MAKING RIGHT TURN,40,No,2007,HOND,4S,39.12181711,-77.17667357,2022,1,8
22003377,Injury Crash,01/26/2022 08:30:00 AM,GOSHEN RD,NA,HEAD ON,Clear,DRY,Daylight,TRAFFIC SIGNAL,NONE DETECTED,No,No Apparent Injury,N/A,NOT DISTRACTED,MD,PASSENGER CAR,STOPPED IN TRAFFIC LANE,25,No,2019,HONDA,HRV,39.187525,-77.18650833,2022,1,8
22003377,Injury Crash,01/26/2022 08:30:00 AM,GOSHEN RD,NA,HEAD ON,Clear,DRY,Daylight,TRAFFIC SIGNAL,NONE DETECTED,No,Possible Minor Injury,N/A,NOT DISTRACTED,MD,PASSENGER CAR,MOVING CONSTANT SPEED,25,No,2007,TOYT,4S,39.187525,-77.18650833,2022,1,8
22003377,Injury Crash,01/26/2022 08:30:00 AM,GOSHEN RD,NA,HEAD ON,Clear,DRY,Daylight,TRAFFIC SIGNAL,NONE DETECTED,Yes,Possible Minor Injury,N/A,NOT DISTRACTED,MD,PASSENGER CAR,MAKING LEFT TURN,25,No,2013,TOYT,4S,39.187525,-77.18650833,2022,1,8
220003373,Property Damage Crash,01/26/2022 07:42:00 AM,FOREST GLEN RD,NA,STRAIGHT MOVEMENT ANGLE,Clear,DRY,Daylight,STOP SIGN,NONE DETECTED,No,No Apparent Injury,N/A,NOT DISTRACTED,MD,PASSENGER CAR,MOVING CONSTANT SPEED,30,No,2016,VOLKSWAGON,JETTA,39.01563583,-77.04168783,2022,1,7
220003373,Property Damage Crash,01/26/2022 07:42:00 AM,FOREST GLEN RD,NA,STRAIGHT MOVEMENT ANGLE,Clear,DRY,Daylight,STOP SIGN,NONE DETECTED,Yes,No Apparent Injury,N/A,NOT DISTRACTED,MD,(SPORT) UTILITY VEHICLE,MAKING LEFT TURN,30,No,2016,HONDA,PILOT,39.01563583,-77.04168783,2022,1,7
220003359,Property Damage Crash,01/26/2022 01:58:00 AM,NA,NA,OTHER,Clear,NA,Medium,N/A,NONE DETECTED,No,No Apparent Injury,N/A,NO DRIVER PRESENT,MD,PASSENGER CAR,PARKED,15,No,2012,TOYOTA,CAMRY,39.14762334,-77.19145987,2022,1,1
220003359,Property Damage Crash,01/26/2022 01:58:00 AM,NA,NA,OTHER,Clear,NA,Medium,N/A,ALCOHOL PRESENT,Yes,No Apparent Injury,N/A,UNKNOWN,MD,PASSENGER CAR,BACKING,15,No,2016,TOYOTA,TACOMA,39.14762334,-77.19145987,2022,1,1
220003349,Property Damage Crash,01/25/2022 10:12:00 PM,QUINCE ORCHARD RD,NA,SAME DIRECTION SIDESWIPE,Clear,DRY,Medium,NO CONTROLS,NONE DETECTED,No,No Apparent Injury,N/A,UNKNOWN,MD,PASSENGER CAR,MOVING CONSTANT SPEED,35,No,2013,FORD,ESCAPE,39.14895733,-77.21634783,2022,1,22
220003349,Property Damage Crash,01/25/2022 10:12:00 PM,QUINCE ORCHARD RD,NA,SAME DIRECTION SIDESWIPE,Clear,DRY,Medium,NO CONTROLS,NONE DETECTED,Yes,No Apparent Injury,N/A,UNKNOWN,MD,PASSENGER CAR,ACCELERATING,35,No,2016,CADILLAC,ATS-V,39.14895733,-77.21634783,2022,1,22
220003379,Property Damage Crash,01/25/2022 09:00:00 PM,GREENEL RD,NA,SINGLE VEHICLE,Clear,DRY,Medium,NO CONTROLS,NONE DETECTED,Yes,No Apparent Injury,N/A,NOT DISTRACTED,MD,POLICE VEHICLE/NON EMERGENCY,MOVING CONSTANT SPEED,25,No,2019,DODGE,CHARGER,39.26361717,-77.2006723,2022,1,21
220003340,Property Damage Crash,01/25/2022 08:15:00 PM,NEW HAMPSHIRE AVE,NA,ANGLE MEETS LEFT TURN,Clear,DRY,Medium,YIELD SIGN,NONE DETECTED,No,No Apparent Injury,N/A,NOT DISTRACTED,FL,PASSENGER CAR,MOVING CONSTANT SPEED,40,No,2010,HYUNDAI,SONATA,39.03818833,-76.98996,2022,1,20
220003340,Property Damage Crash,01/25/2022 08:15:00 PM,NEW HAMPSHIRE AVE,NA,ANGLE MEETS LEFT TURN,Clear,DRY,Medium,YIELD SIGN,NONE DETECTED,Yes,No Apparent Injury,N/A,NOT DISTRACTED,MD,PASSENGER CAR,MAKING LEFT TURN,40,No,2003,MAZDA,6,39.03818833,-76.98996,2022,1,20
220003336,Injury Crash,01/25/2022 08:00:00 PM,NEW HAMPSHIRE AVE,NA,HEAD ON LEFT TURN,Clear,DRY,Medium,NO CONTROLS,NONE DETECTED,No,Possible Minor Injury,N/A,NOT DISTRACTED,MD,PICKUP TRUCK,MOVING CONSTANT SPEED,45,No,2008,NISSAN,FRONTIER,39.109715,-76.99656333,2022,1,20
220003336,Injury Crash,01/25/2022 08:00:00 PM,NEW HAMPSHIRE AVE,NA,HEAD ON LEFT TURN,Clear,DRY,Medium,NO CONTROLS,NONE DETECTED,Yes,No Apparent Injury,N/A,LOOKED BUT DID NOT SEE,MD,PASSENGER CAR,MAKING LEFT TURN,45,No,2018,ACUR,SD,39.109715,-76.99656333,2022,1,20
220003334,Injury Crash,01/25/2022 06:52:00 PM,CAPITAL BELTWAY,NA,SAME DIR REAR END,Clear,DRY,Medium,NO CONTROLS,NONE DETECTED,Yes,No Apparent Injury,N/A,NOT DISTRACTED,MD,PASSENGER CAR,SLOWING OR STOPPING,55,No,2018,NISSAN,SENTRA,39.01365085,-77.03505063,2022,1,18
220003334,Injury Crash,01/25/2022 06:52:00 PM,CAPITAL BELTWAY,NA,SAME DIR REAR END,Clear,DRY,Medium,NO CONTROLS,NONE DETECTED,No,Possible Minor Injury,N/A,NOT DISTRACTED,VA,PASSENGER CAR,SLOWING OR STOPPING,55,No,2019,HYUNDAI,ELANTRA,39.01365085,-77.03505063,2022,1,18
220003334,Injury Crash,01/25/2022 06:52:00 PM,CAPITAL BELTWAY,NA,SAME DIR REAR END,Clear,DRY,Medium,NO CONTROLS,NONE DETECTED,No,No Apparent Injury,N/A,NOT DISTRACTED,VA,PASSENGER CAR,SLOWING OR STOPPING,55,No,2012,HONDA,4D,39.01365085,-77.03505063,2022,1,18
220003330,Property Damage Crash,01/25/2022 06:26:00 PM,PARKLAWN DR,NA,SAME DIRECTION SIDESWIPE,Clear,DRY,Medium,NO CONTROLS,NONE DETECTED,Yes,No Apparent Injury,N/A,UNKNOWN,NA,VAN,MOVING CONSTANT SPEED,35,No,2022,HONDA,ODYSSEY,39.049085,-77.10230167,2022,1,18
220003330,Property Damage Crash,01/25/2022 06:26:00 PM,PARKLAWN DR,NA,SAME DIRECTION SIDESWIPE,Clear,DRY,Medium,NO CONTROLS,NONE DETECTED,No,No Apparent Injury,N/A,NOT DISTRACTED,MD,TRANSIT BUS,MOVING CONSTANT SPEED,35,No,2014,NABI,BUS,39.049085,-77.10230167,2022,1,18
220003320,Property Damage Crash,01/25/2022 05:27:00 PM,COLESVILLE RD,NA,STRAIGHT MOVEMENT ANGLE,Clear,DRY,Medium,NO CONTROLS,NONE DETECTED,No,No Apparent Injury,N/A,NOT DISTRACTED,MD,PASSENGER CAR,MOVING CONSTANT SPEED,40,No,2021,TOYOTA,HIGHLANDER,39.02394111,-77.01114634,2022,1,17
220003220,Property Damage Crash,01/25/2022 05:27:00 PM,COLESVILLE RD,NA,STRAIGHT MOVEMENT ANGLE,Clear,DRY,Medium,NO CONTROLS,NONE DETECTED,No,No Apparent Injury,N/A,NOT DISTRACTED,MD,PASSENGER CAR,MOVING CONSTANT SPEED,40,No,2021,TOYOTA,HIGHLANDER,39.02420333,-77.01125833,2022,1,17
220003220,Property Damage Crash,01/25/2022 05:27:00 PM,COLESVILLE RD,NA,STRAIGHT MOVEMENT ANGLE,Clear,DRY,Medium,NO CONTROLS,NONE DETECTED,Yes,No Apparent Injury,N/A,NOT DISTRACTED,MD,VAN,ENTERING TRAFFIC LANE,25,No,2021,FORD,TRANSIT 250,39.02420333,-77.01125833,2022,1,17
220003320,Property Damage Crash,01/25/2022 05:27:00 PM,COLESVILLE RD,NA,STRAIGHT MOVEMENT ANGLE,Clear,DRY,Medium,NO CONTROLS,NONE DETECTED,Yes,No Apparent Injury,N/A,NOT DISTRACTED,MD,VAN,ACCELERATING,40,No,2021,FORD,TRANSIT 250,39.02394111,-77.01114634,2022,1,17
220003302,Injury Crash,01/25/2022 04:26:00 PM,FIRSTFIELD RD,NA,SAME DIR REAR END,Clear,DRY,Daylight,TRAFFIC SIGNAL,NONE DETECTED,Yes,No Apparent Injury,N/A,LOOKED BUT DID NOT SEE,MD,PASSENGER CAR,ACCELERATING,35,No,2008,ACURA,TL,39.14364062,-77.22355883,2022,1,16
220003302,Injury Crash,01/25/2022 04:26:00 PM,FIRSTFIELD RD,NA,SAME DIR REAR END,Clear,DRY,Daylight,TRAFFIC SIGNAL,NONE DETECTED,No,Possible Minor Injury,N/A,NOT DISTRACTED,MA,PASSENGER CAR,SLOWING OR STOPPING,35,No,2015,TOYOTA,RAV 4,39.14364062,-77.22355883,2022,1,16
220003299,Property Damage Crash,01/25/2022 04:13:00 PM,ODENDHAL AVE,NA,SAME DIR REND RIGHT TURN,Clear,DRY,Daylight,TRAFFIC SIGNAL,NONE DETECTED,No,No Apparent Injury,N/A,NOT DISTRACTED,MD,PASSENGER CAR,MAKING RIGHT TURN,30,No,2015,HYUNDAI,ELANTRA,39.14849157,-77.20676433,2022,1,16
220003299,Property Damage Crash,01/25/2022 04:13:00 PM,ODENDHAL AVE,NA,SAME DIR REND RIGHT TURN,Clear,DRY,Daylight,TRAFFIC SIGNAL,NONE DETECTED,Yes,No Apparent Injury,N/A,UNKNOWN,NA,NA,MOVING CONSTANT SPEED,30,No,0,UNKNOWN,UNKNOWN,39.14849157,-77.20676433,2022,1,16
220003286,Property Damage Crash,01/25/2022 03:26:00 PM,COLIN RD,NA,STRAIGHT MOVEMENT ANGLE,Clear,DRY,Daylight,STOP SIGN,NONE DETECTED,Yes,No Apparent Injury,N/A,LOOKED BUT DID NOT SEE,MD,PASSENGER CAR,ACCELERATING,25,No,2020,TOYOTA,CAMRY,39.05208833,-77.08727167,2022,1,15
220003286,Property Damage Crash,01/25/2022 03:26:00 PM,COLIN RD,NA,STRAIGHT MOVEMENT ANGLE,Clear,DRY,Daylight,STOP SIGN,NONE DETECTED,No,No Apparent Injury,N/A,NOT DISTRACTED,MD,PASSENGER CAR,MOVING CONSTANT SPEED,25,No,2016,FORD,FOCUS,39.05208833,-77.08727167,2022,1,15
220003283,Property Damage Crash,01/25/2022 03:10:00 PM,RICKENBACKER DR,NA,SAME DIRECTION SIDESWIPE,Clear,DRY,Daylight,NO CONTROLS,NONE DETECTED,Yes,No Apparent Injury,N/A,UNKNOWN,MD,PASSENGER CAR,MOVING CONSTANT SPEED,30,No,2017,CHEVROLET,CRUZE,39.17297183,-77.154362,2022,1,15
220003615,Property Damage Crash,01/25/2022 03:00:00 PM,NA,PEDESTRIAN,OTHER,Clear,NA,Daylight,NO CONTROLS,NONE DETECTED,Yes,No Apparent Injury,N/A,LOOKED BUT DID NOT SEE,NA,NA,STARTING FROM LANE,15,No,0,UNKNOWN,UNKNOWN,39.03473253,-77.02358179,2022,1,15
220003244,Injury Crash,01/25/2022 01:50:00 PM,NA,PEDESTRIAN,OTHER,Clear,NA,Daylight,NO CONTROLS,NONE DETECTED,Yes,No Apparent Injury,N/A,UNKNOWN,MD,PASSENGER CAR,BACKING,25,No,2009,HYUN,SEDAN,39.14391649,-77.21831038,2022,1,13
220003243,Property Damage Crash,01/25/2022 01:31:00 PM,UNIVERSITY BLVD E,NA,SAME DIR REAR END,Clear,DRY,Daylight,N/A,NONE DETECTED,No,No Apparent Injury,N/A,NOT DISTRACTED,MD,PASSENGER CAR,STOPPED IN TRAFFIC LANE,35,No,2013,TOYOTA,COROLLA,38.99934,-76.99513833,2022,1,13
220003243,Property Damage Crash,01/25/2022 01:31:00 PM,UNIVERSITY BLVD E,NA,SAME DIR REAR END,Clear,DRY,Daylight,N/A,NONE DETECTED,Yes,No Apparent Injury,N/A,LOOKED BUT DID NOT SEE,MD,PASSENGER CAR,MOVING CONSTANT SPEED,35,No,2011,FORD,EDGE,38.99934,-76.99513833,2022,1,13
220003195,Property Damage Crash,01/25/2022 08:27:00 AM,GEORGIA AVE,NA,OTHER,Clear,DRY,Daylight,STOP SIGN,NONE DETECTED,No,No Apparent Injury,N/A,NOT DISTRACTED,MD,PASSENGER CAR,MOVING CONSTANT SPEED,35,No,2010,HONDA,ACCORD,39.01957333,-77.04425167,2022,1,8
220003195,Property Damage Crash,01/25/2022 08:27:00 AM,GEORGIA AVE,NA,OTHER,Clear,DRY,Daylight,STOP SIGN,NONE DETECTED,No,No Apparent Injury,N/A,NOT DISTRACTED,VA,PASSENGER CAR,MOVING CONSTANT SPEED,35,No,2007,TOYOTA,COROLLA,39.01957333,-77.04425167,2022,1,8
220003195,Property Damage Crash,01/25/2022 08:27:00 AM,GEORGIA AVE,NA,OTHER,Clear,DRY,Daylight,STOP SIGN,NONE DETECTED,Yes,No Apparent Injury,N/A,LOOKED BUT DID NOT SEE,MD,PASSENGER CAR,ENTERING TRAFFIC LANE,35,No,2018,TOYOTA,COROLLA,39.01957333,-77.04425167,2022,1,8
220003185,Injury Crash,01/25/2022 07:02:00 AM,COLESVILLE RD,NA,SAME DIRECTION SIDESWIPE,Clear,DRY,Medium,NO CONTROLS,NONE DETECTED,No,No Apparent Injury,N/A,NOT DISTRACTED,MD,PASSENGER CAR,MOVING CONSTANT SPEED,40,No,2017,TOYOTA,CAMRY,39.01949833,-77.01358,2022,1,7
220003185,Injury Crash,01/25/2022 07:02:00 AM,COLESVILLE RD,NA,SAME DIRECTION SIDESWIPE,Clear,DRY,Medium,NO CONTROLS,NONE DETECTED,Yes,No Apparent Injury,N/A,LOOKED BUT DID NOT SEE,MD,PASSENGER CAR,CHANGING LANES,40,No,2017,INFI,2H,39.01949833,-77.01358,2022,1,7
220003185,Injury Crash,01/25/2022 07:02:00 AM,COLESVILLE RD,NA,SAME DIRECTION SIDESWIPE,Clear,DRY,Medium,NO CONTROLS,NONE DETECTED,No,Possible Minor Injury,N/A,NOT DISTRACTED,MD,TRANSIT BUS,STOPPED IN TRAFFIC LANE,40,No,2016,GILL,BUS,39.01949833,-77.01358,2022,1,7
220003184,Injury Crash,01/25/2022 06:50:00 AM,EISENHOWER MEMORIAL HWY,NA,SAME DIR REAR END,Clear,DRY,Medium,NO CONTROLS,NONE DETECTED,Yes,No Apparent Injury,N/A,UNKNOWN,XX,PASSENGER CAR,UNKNOWN,50,No,0,UNKNOWN,UNKNOWN,39.12442707,-77.20096352,2022,1,6
220003184,Injury Crash,01/25/2022 06:50:00 AM,EISENHOWER MEMORIAL HWY,NA,SAME DIR REAR END,Clear,DRY,Medium,NO CONTROLS,NONE DETECTED,No,Possible Minor Injury,N/A,NOT DISTRACTED,MD,PASSENGER CAR,UNKNOWN,50,No,2011,HONDA,INSIGHT,39.12442707,-77.20096352,2022,1,6
220003182,Property Damage Crash,01/25/2022 06:30:00 AM,NA,NA,OTHER,Cloudy,NA,Medium,NO CONTROLS,NONE DETECTED,Yes,No Apparent Injury,N/A,UNKNOWN,MD,PASSENGER CAR,BACKING,25,No,1998,NISS,SEDAN,39.09904667,-77.19999,2022,1,6
220003175,Property Damage Crash,01/25/2022 12:45:00 AM,WHELAN LA,NA,SINGLE VEHICLE,Clear,DRY,Dark,N/A,NONE DETECTED,Yes,No Apparent Injury,"ANIMAL, N/A",NOT DISTRACTED,MD,POLICE VEHICLE/NON EMERGENCY,MOVING CONSTANT SPEED,35,No,2020,FORD,EXPLORER,39.23739616,-77.29023593,2022,1,0
22003172,Property Damage Crash,01/24/2022 11:36:00 PM,CHERRY HILL RD,NA,SINGLE VEHICLE,Clear,DRY,Medium,TRAFFIC SIGNAL,NONE DETECTED,Yes,No Apparent Injury,N/A,UNKNOWN,MD,PASSENGER CAR,MOVING CONSTANT SPEED,40,No,2021,TOYT,COROLLA,39.06274667,-76.96267833,2022,1,23
220003138,Property Damage Crash,01/24/2022 07:00:00 PM,UNIVERSITY BLVD E,NA,SAME DIRECTION SIDESWIPE,Clear,DRY,Medium,NO CONTROLS,NONE DETECTED,No,No Apparent Injury,N/A,NOT DISTRACTED,MD,PICKUP TRUCK,MOVING CONSTANT SPEED,35,No,2013,NISSAN,FRONTIER,38.99357604,-76.99209477,2022,1,19
220003138,Property Damage Crash,01/24/2022 07:00:00 PM,UNIVERSITY BLVD E,NA,SAME DIRECTION SIDESWIPE,Clear,DRY,Medium,NO CONTROLS,NONE DETECTED,Yes,No Apparent Injury,N/A,UNKNOWN,NA,PASSENGER CAR,CHANGING LANES,35,No,2015,NISSA,SENTRA,38.99357604,-76.99209477,2022,1,19
220003138,Property Damage Crash,01/24/2022 07:00:00 PM,UNIVERSITY BLVD E,NA,SAME DIRECTION SIDESWIPE,Clear,DRY,Medium,NO CONTROLS,NONE DETECTED,No,No Apparent Injury,N/A,NOT DISTRACTED,MD,(SPORT) UTILITY VEHICLE,MOVING CONSTANT SPEED,35,No,2017,HONDA,PILOT,38.99357604,-76.99209477,2022,1,19
220003146,Property Damage Crash,01/24/2022 06:54:00 PM,CABIN JOHN PKWY,NA,SINGLE VEHICLE,Clear,DRY,Dark,NO CONTROLS,NONE DETECTED,No,No Apparent Injury,N/A,NOT DISTRACTED,MD,(SPORT) UTILITY VEHICLE,MOVING CONSTANT SPEED,55,No,2015,AUDI,SUV,38.98088833,-77.15552667,2022,1,18
220003139,Injury Crash,01/24/2022 06:45:00 PM,GOSHEN RD,NA,HEAD ON,Clear,DRY,Dark,TRAFFIC SIGNAL,NONE DETECTED,Yes,Possible Minor Injury,N/A,UNKNOWN,MD,PASSENGER CAR,MAKING LEFT TURN,35,No,2017,TOYOTA,COROLLA,39.18750333,-77.18643167,2022,1,18
220003139,Injury Crash,01/24/2022 06:45:00 PM,GOSHEN RD,NA,HEAD ON,Clear,DRY,Dark,TRAFFIC SIGNAL,NONE DETECTED,No,Possible Minor Injury,N/A,NOT DISTRACTED,MD,PASSENGER CAR,MAKING LEFT TURN,35,No,2006,VOLKSWAGEN,PASSAT,39.18750333,-77.18643167,2022,1,18
220003139,Injury Crash,01/24/2022 06:45:00 PM,GOSHEN RD,NA,HEAD ON,Clear,DRY,Dark,TRAFFIC SIGNAL,NONE DETECTED,No,No Apparent Injury,N/A,NOT DISTRACTED,MD,PASSENGER CAR,SLOWING OR STOPPING,35,No,2019,BMW,X5,39.18750333,-77.18643167,2022,1,18
220003145,Property Damage Crash,01/24/2022 06:42:00 PM,QUINCE ORCHARD RD,NA,OTHER,Clear,DRY,Dark,NO CONTROLS,NONE DETECTED,No,No Apparent Injury,N/A,NOT DISTRACTED,MD,PASSENGER CAR,MOVING CONSTANT SPEED,35,No,2016,TOYT,4S,39.14654333,-77.21940217,2022,1,18
220003145,Property Damage Crash,01/24/2022 06:42:00 PM,QUINCE ORCHARD RD,NA,OTHER,Clear,DRY,Dark,NO CONTROLS,ALCOHOL PRESENT,Yes,No Apparent Injury,N/A,LOOKED BUT DID NOT SEE,MD,PASSENGER CAR,MOVING CONSTANT SPEED,35,No,2000,HOND,4S,39.14654333,-77.21940217,2022,1,18
220003145,Property Damage Crash,01/24/2022 06:42:00 PM,QUINCE ORCHARD RD,NA,OTHER,Clear,DRY,Dark,NO CONTROLS,NONE DETECTED,No,No Apparent Injury,N/A,NOT DISTRACTED,MD,PASSENGER CAR,MOVING CONSTANT SPEED,35,No,2016,NISS,UT,39.14654333,-77.21940217,2022,1,18
220003145,Property Damage Crash,01/24/2022 06:42:00 PM,QUINCE ORCHARD RD,NA,OTHER,Clear,DRY,Dark,NO CONTROLS,NONE DETECTED,No,No Apparent Injury,N/A,NOT DISTRACTED,MD,PASSENGER CAR,MOVING CONSTANT SPEED,35,No,2018,TOYOTA,4S,39.14654333,-77.21940217,2022,1,18
220003133,Property Damage Crash,01/24/2022 06:20:00 PM,BURNT HILL RD,NA,SINGLE VEHICLE,Cloudy,DRY,Medium,NO CONTROLS,NONE DETECTED,Yes,No Apparent Injury,N/A,NOT DISTRACTED,MD,PASSENGER CAR,MOVING CONSTANT SPEED,40,No,2001,HONDA,SD,39.274385,-77.25079333,2022,1,18
220003127,Property Damage Crash,01/24/2022 05:50:00 PM,W DIAMOND AVE,NA,SAME DIR REAR END,Clear,DRY,Dark,TRAFFIC SIGNAL,NONE DETECTED,No,No Apparent Injury,N/A,NOT DISTRACTED,MD,PASSENGER CAR,SLOWING OR STOPPING,35,No,2003,HOND,UT,39.14038985,-77.20991922,2022,1,17
220003127,Property Damage Crash,01/24/2022 05:50:00 PM,W DIAMOND AVE,NA,SAME DIR REAR END,Clear,DRY,Dark,TRAFFIC SIGNAL,NONE DETECTED,Yes,No Apparent Injury,N/A,UNKNOWN,MD,PASSENGER CAR,SLOWING OR STOPPING,35,No,2014,HYUN,4S,39.14038985,-77.20991922,2022,1,17
22000098,Injury Crash,01/24/2022 05:30:00 PM,SLIGO CREEK PKWY,NA,SINGLE VEHICLE,Clear,DRY,Medium,NO CONTROLS,NONE DETECTED,Unknown,Possible Minor Injury,N/A,NOT DISTRACTED,MD,PASSENGER CAR,MOVING CONSTANT SPEED,25,No,2003,HONDA,ODYSSEY,39.030137,-77.02907283,2022,1,17
220003119,Property Damage Crash,01/24/2022 04:51:00 PM,BEL PRE RD,NA,SAME DIR REAR END,Clear,DRY,Daylight,TRAFFIC SIGNAL,NONE DETECTED,No,No Apparent Injury,N/A,NOT DISTRACTED,MD,PASSENGER CAR,MOVING CONSTANT SPEED,35,No,1997,TOYOTA,COROLLA,39.09040333,-77.04895,2022,1,16
220003119,Property Damage Crash,01/24/2022 04:51:00 PM,BEL PRE RD,NA,SAME DIR REAR END,Clear,DRY,Daylight,TRAFFIC SIGNAL,NONE DETECTED,Yes,No Apparent Injury,N/A,LOOKED BUT DID NOT SEE,MD,(SPORT) UTILITY VEHICLE,SLOWING OR STOPPING,35,No,2002,CHEVROLET,TRAILER BLAZER,39.09040333,-77.04895,2022,1,16
220003124,Property Damage Crash,01/24/2022 04:17:00 PM,GEORGIA AVE,NA,SAME DIR REAR END,Clear,DRY,Daylight,NO CONTROLS,NONE DETECTED,No,No Apparent Injury,N/A,NOT DISTRACTED,MD,TRANSIT BUS,STOPPED IN TRAFFIC LANE,30,No,2016,GLLIG,BUS,38.994959,-77.0268895,2022,1,16
220003124,Property Damage Crash,01/24/2022 04:17:00 PM,GEORGIA AVE,NA,SAME DIR REAR END,Clear,DRY,Daylight,NO CONTROLS,NONE DETECTED,Yes,No Apparent Injury,N/A,NOT DISTRACTED,MD,VAN,CHANGING LANES,30,No,2010,HONDA,ODYSSEY,38.994959,-77.0268895,2022,1,16
220003111,Injury Crash,01/24/2022 03:45:00 PM,WOOTTON PKWY,NA,SAME DIR REAR END,Clear,DRY,Daylight,TRAFFIC SIGNAL,NONE DETECTED,Yes,No Apparent Injury,N/A,LOOKED BUT DID NOT SEE,MD,PASSENGER CAR,SLOWING OR STOPPING,40,No,2014,GMC,SIERRA,39.06717333,-77.15004,2022,1,15
220003111,Injury Crash,01/24/2022 03:45:00 PM,WOOTTON PKWY,NA,SAME DIR REAR END,Clear,DRY,Daylight,TRAFFIC SIGNAL,NONE DETECTED,No,Possible Minor Injury,N/A,NOT DISTRACTED,MD,PASSENGER CAR,SLOWING OR STOPPING,40,No,2022,VOLKSWAGEN,TIGUAN,39.06717333,-77.15004,2022,1,15