Local Case Number,ACRS Report Type,Crash Date/Time,Road Name,Related Non-Motorist,Collision Type,Weather,Surface Condition,Light,Traffic Control,Driver Substance Abuse,Driver At Fault,Injury Severity,Circumstance,Driver Distracted By,Drivers License State,Vehicle Body Type,Vehicle Movement,Speed Limit,Driverless Vehicle,Vehicle Year,Vehicle Make,Vehicle Model,Latitude,Longitude,Year,Month,Hour
220002747,Property Damage Crash,01/21/2022 08:26:00 PM,FIRST ST,NA,OTHER,Clear,DRY,Medium,TRAFFIC SIGNAL,NONE DETECTED,No,No Apparent Injury,N/A,NOT DISTRACTED,MD,PICKUP TRUCK,STOPPED IN TRAFFIC LANE,40,No,2020,FORD,F350,39.08000048,-77.13788703,2022,1,20
220002736,Injury Crash,01/21/2022 06:55:00 PM,W DIAMOND AVE,NA,STRAIGHT MOVEMENT ANGLE,Clear,DRY,Medium,STOP SIGN,NONE DETECTED,No,Possible Minor Injury,N/A,NOT DISTRACTED,MD,PASSENGER CAR,MOVING CONSTANT SPEED,35,No,2007,HYUN,SANTE FE,39.14072167,-77.20206333,2022,1,18
220002736,Injury Crash,01/21/2022 06:55:00 PM,W DIAMOND AVE,NA,STRAIGHT MOVEMENT ANGLE,Clear,DRY,Medium,STOP SIGN,NONE DETECTED,Yes,No Apparent Injury,N/A,LOOKED BUT DID NOT SEE,MD,PASSENGER CAR,STARTING FROM LANE,35,No,2002,LEXUS,ES,39.14072167,-77.20206333,2022,1,18
220002734,Injury Crash,01/21/2022 06:50:00 PM,OLD GEORGETOWN RD,NA,STRAIGHT MOVEMENT ANGLE,Clear,DRY,Medium,TRAFFIC SIGNAL,NONE DETECTED,Yes,Possible Minor Injury,N/A,LOOKED BUT DID NOT SEE,MD,PASSENGER CAR,ACCELERATING,35,No,2017,FORD,FOCUS,39.01510233,-77.118642500000007,2022,1,18
220002734,Injury Crash,01/21/2022 06:50:00 PM,OLD GEORGETOWN RD,NA,STRAIGHT MOVEMENT ANGLE,Clear,DRY,Medium,TRAFFIC SIGNAL,NONE DETECTED,No,No Apparent Injury,N/A,NOT DISTRACTED,MD,PASSENGER CAR,MOVING CONSTANT SPEED,35,No,2015,TOYOTA,RAV4,39.01510233,-77.118642500000007,2022,1,18
220002743,Property Damage Crash,01/21/2022 06:45:00 PM,W DIAMOND AVE,NA,SAME DIRECTION SIDESWIPE,Clear,DRY,Dark,TRAFFIC SIGNAL,NONE DETECTED,No,No Apparent Injury,N/A,NOT DISTRACTED,FL,PASSENGER CAR,MAKING RIGHT TURN,35,No,2017,FORD,UT,39.1405,-77.21073999,2022,1,18
220002743,Property Damage Crash,01/21/2022 06:45:00 PM,W DIAMOND AVE,NA,SAME DIRECTION SIDESWIPE,Clear,DRY,Dark,TRAFFIC SIGNAL,NONE DETECTED,Yes,No Apparent Injury,N/A,UNKNOWN,NA,"OTHER LIGHT TRUCKS (10,000LBS (4,536KG) OR LESS)",MAKING RIGHT TURN,35,No,2018,RAM,TK,39.1405,-77.21073999,2022,1,18
220002733,Property Damage Crash,01/21/2022 06:40:00 PM,GREAT SENECA HWY,NA,SAME DIR REAR END,Clear,DRY,Medium,TRAFFIC SIGNAL,NONE DETECTED,Yes,No Apparent Injury,N/A,NOT DISTRACTED,MD,PASSENGER CAR,MOVING CONSTANT SPEED,50,No,2010,TOYT,4S,39.10930167,-77.21367228,2022,1,18
220002733,Property Damage Crash,01/21/2022 06:40:00 PM,GREAT SENECA HWY,NA,SAME DIR REAR END,Clear,DRY,Medium,TRAFFIC SIGNAL,NONE DETECTED,No,No Apparent Injury,N/A,NOT DISTRACTED,MD,PASSENGER CAR,STOPPED IN TRAFFIC LANE,50,No,2007,TOYT,4S,39.10930167,-77.21367228,2022,1,18
220002731,Injury Crash,01/21/2022 05:56:00 PM,EISENHOWER MEMORIAL HWY,NA,SAME DIR REAR END,Clear,DRY,Medium,NO CONTROLS,NONE DETECTED,No,Possible Minor Injury,N/A,NOT DISTRACTED,MD,PASSENGER CAR,SLOWING OR STOPPING,50,No,2021,HONDA,UT,39.24395934,-77.29547761,2022,1,17
220002731,Injury Crash,01/21/2022 05:56:00 PM,EISENHOWER MEMORIAL HWY,NA,SAME DIR REAR END,Clear,DRY,Medium,NO CONTROLS,NONE DETECTED,No,No Apparent Injury,N/A,NOT DISTRACTED,MD,PASSENGER CAR,SLOWING OR STOPPING,50,No,2010,HONDA,4S,39.24395934,-77.29547761,2022,1,17
220002731,Injury Crash,01/21/2022 05:56:00 PM,EISENHOWER MEMORIAL HWY,NA,SAME DIR REAR END,Clear,DRY,Medium,NO CONTROLS,NONE DETECTED,Yes,No Apparent Injury,N/A,NOT DISTRACTED,PA,PASSENGER CAR,MOVING CONSTANT SPEED,50,No,2006,CHEV,TK,39.24395934,-77.29547761,2022,1,17
220002720,Injury Crash,01/21/2022 05:50:00 PM,LAYHILL RD,NA,OTHER,Clear,DRY,Medium,TRAFFIC SIGNAL,NONE DETECTED,No,Possible Minor Injury,N/A,NOT DISTRACTED,ME,PASSENGER CAR,MOVING CONSTANT SPEED,40,No,2010,NISSAN,ALTIMA,39.095475,-77.044625,2022,1,17
220002720,Injury Crash,01/21/2022 05:50:00 PM,LAYHILL RD,NA,OTHER,Clear,DRY,Medium,TRAFFIC SIGNAL,NONE DETECTED,Yes,Possible Minor Injury,N/A,NOT DISTRACTED,MD,PASSENGER CAR,MAKING LEFT TURN,40,No,2006,BMW,325,39.095475,-77.044625,2022,1,17
220002706,Property Damage Crash,01/21/2022 04:45:00 PM,CEDAR AVE,NA,OTHER,Cloudy,DRY,Daylight,N/A,NONE DETECTED,Yes,No Apparent Injury,N/A,DISTRACTED BY OUTSIDE PERSON OBJECT OR EVENT,MD,(SPORT) UTILITY VEHICLE,PARKED,25,No,2017,FORD,EXPLORER,39.13464825,-77.20226588,2022,1,16
220002706,Property Damage Crash,01/21/2022 04:45:00 PM,CEDAR AVE,NA,OTHER,Cloudy,DRY,Daylight,N/A,NONE DETECTED,No,No Apparent Injury,N/A,NOT DISTRACTED,MD,PICKUP TRUCK,MOVING CONSTANT SPEED,25,No,2013,FORD,TK,39.13464825,-77.20226588,2022,1,16
220002694,Injury Crash,01/21/2022 03:31:00 PM,WOOTTON PKWY,PEDESTRIAN,SINGLE VEHICLE,Cloudy,DRY,Daylight,TRAFFIC SIGNAL,NONE DETECTED,Yes,No Apparent Injury,N/A,UNKNOWN,MD,SCHOOL BUS,MAKING RIGHT TURN,35,No,2018,THMS,BU,39.07451865,-77.18219412,2022,1,15
220002677,Property Damage Crash,01/21/2022 02:35:00 PM,SHADY GROVE RD,NA,STRAIGHT MOVEMENT ANGLE,Clear,DRY,Daylight,TRAFFIC SIGNAL,NONE DETECTED,No,No Apparent Injury,N/A,NOT DISTRACTED,MD,PASSENGER CAR,STARTING FROM LANE,35,No,2021,DODG,CP,39.11169625,-77.187158,2022,1,14
220002677,Property Damage Crash,01/21/2022 02:35:00 PM,SHADY GROVE RD,NA,STRAIGHT MOVEMENT ANGLE,Clear,DRY,Daylight,TRAFFIC SIGNAL,NONE DETECTED,Yes,No Apparent Injury,N/A,NOT DISTRACTED,MD,PASSENGER CAR,MOVING CONSTANT SPEED,35,No,2015,NISS,4S,39.11169625,-77.187158,2022,1,14
220002676,Injury Crash,01/21/2022 02:32:00 PM,UNIVERSITY BLVD W,NA,SAME DIR REAR END,Cloudy,DRY,Daylight,NO CONTROLS,NONE DETECTED,Yes,No Apparent Injury,N/A,NOT DISTRACTED,MD,PASSENGER CAR,ACCELERATING,30,No,2016,HONDA,PILOT,39.0393255,-77.05642135,2022,1,14
220002676,Injury Crash,01/21/2022 02:32:00 PM,UNIVERSITY BLVD W,NA,SAME DIR REAR END,Cloudy,DRY,Daylight,NO CONTROLS,NONE DETECTED,No,Possible Minor Injury,N/A,NOT DISTRACTED,MD,PASSENGER CAR,SLOWING OR STOPPING,30,No,2022,KIA,K5,39.0393255,-77.05642135,2022,1,14
220002654,Property Damage Crash,01/21/2022 12:18:00 PM,EISENHOWER MEMORIAL HWY,NA,SAME DIRECTION SIDESWIPE,Cloudy,DRY,Daylight,NO CONTROLS,NONE DETECTED,Unknown,No Apparent Injury,N/A,UNKNOWN,NA,UNKNOWN,MOVING CONSTANT SPEED,55,No,0,UNKNOWN,UNKNOWN,39.1302313,-77.20508496,2022,1,12
220002654,Property Damage Crash,01/21/2022 12:18:00 PM,EISENHOWER MEMORIAL HWY,NA,SAME DIRECTION SIDESWIPE,Cloudy,DRY,Daylight,NO CONTROLS,NONE DETECTED,No,No Apparent Injury,N/A,NOT DISTRACTED,MD,TRANSIT BUS,MOVING CONSTANT SPEED,55,No,2017,GILG,BUS,39.1302313,-77.20508496,2022,1,12
220002651,Property Damage Crash,01/21/2022 12:00:00 PM,ROCKVILLE PIKE,NA,SAME DIRECTION SIDESWIPE,Clear,N/A,Daylight,N/A,NONE DETECTED,No,No Apparent Injury,N/A,NOT DISTRACTED,MD,PASSENGER CAR,MOVING CONSTANT SPEED,35,No,2014,MINI,COOPER,39.04215167,-77.11039167,2022,1,12
220002651,Property Damage Crash,01/21/2022 12:00:00 PM,ROCKVILLE PIKE,NA,SAME DIRECTION SIDESWIPE,Clear,N/A,Daylight,N/A,NONE DETECTED,Yes,No Apparent Injury,N/A,LOOKED BUT DID NOT SEE,MD,TRANSIT BUS,CHANGING LANES,35,No,2016,GILL,BU,39.04215167,-77.11039167,2022,1,12
220002646,Property Damage Crash,01/21/2022 11:17:00 AM,FREDERICK RD,NA,OTHER,Clear,DRY,Daylight,TRAFFIC SIGNAL,NONE DETECTED,Yes,No Apparent Injury,N/A,NOT DISTRACTED,MD,"OTHER LIGHT TRUCKS (10,000LBS (4,536KG) OR LESS)",BACKING,30,No,2021,CHEVY,TK,39.28099667,-77.31455167,2022,1,11
220002646,Property Damage Crash,01/21/2022 11:17:00 AM,FREDERICK RD,NA,OTHER,Clear,DRY,Daylight,TRAFFIC SIGNAL,NONE DETECTED,No,No Apparent Injury,N/A,NOT DISTRACTED,MD,PASSENGER CAR,STOPPED IN TRAFFIC LANE,30,No,2017,HYUN,4D,39.28099667,-77.31455167,2022,1,11
220002638,Injury Crash,01/21/2022 10:29:00 AM,TUCKER LA,NA,SINGLE VEHICLE,Clear,DRY,Daylight,NO CONTROLS,NONE DETECTED,Yes,Suspected Serious Injury,N/A,UNKNOWN,MD,PASSENGER CAR,MOVING CONSTANT SPEED,30,No,2011,NISSAN,ROGUE,39.14407294,-76.99416833,2022,1,10
220002624,Property Damage Crash,01/21/2022 08:49:00 AM,EAST WEST HWY (W/B COUPLET),NA,SAME DIR REAR END,Clear,ICE,Daylight,NO CONTROLS,NONE DETECTED,No,No Apparent Injury,"ICY OR SNOW-COVERED, V WIPERS|W OTHER ENVIRONMENTAL",NOT DISTRACTED,MD,TRANSIT BUS,STOPPED IN TRAFFIC LANE,25,No,2013,TUBU,METRO BUS,38.98500922,-77.09235312,2022,1,8
220002624,Property Damage Crash,01/21/2022 08:49:00 AM,EAST WEST HWY (W/B COUPLET),NA,SAME DIR REAR END,Clear,ICE,Daylight,NO CONTROLS,NONE DETECTED,Yes,No Apparent Injury,"ICY OR SNOW-COVERED, V WIPERS|W OTHER ENVIRONMENTAL",NOT DISTRACTED,MD,PASSENGER CAR,SLOWING OR STOPPING,25,No,2018,TOYOTA,HIGHLANDER,38.98500922,-77.09235312,2022,1,8
220002625,Injury Crash,01/21/2022 08:40:00 AM,TWINBROOK PKWY,NA,SAME DIRECTION RIGHT TURN,Clear,DRY,Daylight,NO CONTROLS,NONE DETECTED,Yes,No Apparent Injury,N/A,NOT DISTRACTED,MD,"OTHER LIGHT TRUCKS (10,000LBS (4,536KG) OR LESS)",MAKING RIGHT TURN,25,No,2009,CRAN,TK,39.07364139,-77.11175847,2022,1,8
220002625,Injury Crash,01/21/2022 08:40:00 AM,TWINBROOK PKWY,NA,SAME DIRECTION RIGHT TURN,Clear,DRY,Daylight,NO CONTROLS,NONE DETECTED,No,No Apparent Injury,N/A,NOT DISTRACTED,MD,(SPORT) UTILITY VEHICLE,MOVING CONSTANT SPEED,25,No,2019,HOND,SW,39.07364139,-77.11175847,2022,1,8
220002617,Injury Crash,01/21/2022 08:18:00 AM,CONNECTICUT AVE,NA,SAME DIRECTION SIDESWIPE,Clear,ICE,Daylight,NO CONTROLS,NONE DETECTED,No,Possible Minor Injury,"ICY OR SNOW-COVERED, N/A",NOT DISTRACTED,MD,PASSENGER CAR,MOVING CONSTANT SPEED,35,No,2018,LEXUS,NX,39.017165,-77.078295,2022,1,8
220002617,Injury Crash,01/21/2022 08:18:00 AM,CONNECTICUT AVE,NA,SAME DIRECTION SIDESWIPE,Clear,ICE,Daylight,NO CONTROLS,NONE DETECTED,Yes,No Apparent Injury,"ICY OR SNOW-COVERED, N/A",LOOKED BUT DID NOT SEE,MD,PICKUP TRUCK,MOVING CONSTANT SPEED,35,No,2008,CHEVY,SILVERADO,39.017165,-77.078295,2022,1,8
220002614,Property Damage Crash,01/21/2022 07:50:00 AM,CONNECTICUT AVE,NA,SAME DIRECTION SIDESWIPE,Clear,DRY,Daylight,NO CONTROLS,NONE DETECTED,No,No Apparent Injury,N/A,NOT DISTRACTED,MD,PASSENGER CAR,MOVING CONSTANT SPEED,30,No,2017,JEEP,UT,38.980531740000004,-77.07724177,2022,1,7
220002614,Property Damage Crash,01/21/2022 07:50:00 AM,CONNECTICUT AVE,NA,SAME DIRECTION SIDESWIPE,Clear,DRY,Daylight,NO CONTROLS,NONE DETECTED,Yes,No Apparent Injury,N/A,UNKNOWN,XX,PASSENGER CAR,CHANGING LANES,30,No,2022,SUBARA,00,38.980531740000004,-77.07724177,2022,1,7
220002615,Property Damage Crash,01/21/2022 07:40:00 AM,CRABBS BRANCH WAY,NA,SAME DIR REAR END,Clear,DRY,Daylight,TRAFFIC SIGNAL,NONE DETECTED,Yes,No Apparent Injury,N/A,NOT DISTRACTED,MD,(SPORT) UTILITY VEHICLE,MOVING CONSTANT SPEED,40,No,2021,MAZDA,CX9,39.12054833,-77.15784833,2022,1,7
220002615,Property Damage Crash,01/21/2022 07:40:00 AM,CRABBS BRANCH WAY,NA,SAME DIR REAR END,Clear,DRY,Daylight,TRAFFIC SIGNAL,NONE DETECTED,No,No Apparent Injury,N/A,NOT DISTRACTED,MD,SCHOOL BUS,STOPPED IN TRAFFIC LANE,40,No,2011,THOMAS,SCHOOL BUS,39.12054833,-77.15784833,2022,1,7
220002690,Property Damage Crash,01/21/2022 07:25:00 AM,NA,NA,OTHER,Clear,NA,Daylight,NO CONTROLS,NONE DETECTED,Yes,No Apparent Injury,N/A,NOT DISTRACTED,MD,PASSENGER CAR,PARKING,10,No,2014,FORD,FUSION,39.02738256,-77.13007957,2022,1,7
220002612,Injury Crash,01/21/2022 06:50:00 AM,HICKERSON DR,PEDESTRIAN,HEAD ON LEFT TURN,Cloudy,DRY,Medium,NO CONTROLS,NONE DETECTED,Yes,No Apparent Injury,N/A,LOOKED BUT DID NOT SEE,MD,PASSENGER CAR,MAKING LEFT TURN,25,No,2007,CHEV,COLORADO,39.04215667,-77.05178,2022,1,6
220002610,Injury Crash,01/21/2022 04:57:00 AM,FREDERICK RD,NA,SINGLE VEHICLE,Clear,ICE,Dark,NO CONTROLS,NONE DETECTED,Yes,Possible Minor Injury,"ICY OR SNOW-COVERED, N/A",INATTENTIVE OR LOST IN THOUGHT,MD,PASSENGER CAR,MOVING CONSTANT SPEED,30,No,2007,HONDA,CIVIC,39.283826,-77.3151235,2022,1,4
220002609,Property Damage Crash,01/21/2022 04:34:00 AM,E RANDOLPH RD,NA,STRAIGHT MOVEMENT ANGLE,Clear,WET,Medium,FLASHING TRAFFIC SIGNAL,NONE DETECTED,No,No Apparent Injury,N/A,NOT DISTRACTED,MD,PASSENGER CAR,MOVING CONSTANT SPEED,40,No,2018,FORD,4S,39.06343667,-76.96622167,2022,1,4
220002609,Property Damage Crash,01/21/2022 04:34:00 AM,E RANDOLPH RD,NA,STRAIGHT MOVEMENT ANGLE,Clear,WET,Medium,FLASHING TRAFFIC SIGNAL,NONE DETECTED,Yes,No Apparent Injury,N/A,NOT DISTRACTED,MD,PASSENGER CAR,MOVING CONSTANT SPEED,35,No,2016,FORD,4S,39.06343667,-76.96622167,2022,1,4
220002600,Property Damage Crash,01/21/2022 12:30:00 AM,BEALLSVILLE RD,NA,SINGLE VEHICLE,Clear,DRY,Dark,NO CONTROLS,NONE DETECTED,Yes,No Apparent Injury,N/A,UNKNOWN,MD,(SPORT) UTILITY VEHICLE,MOVING CONSTANT SPEED,40,No,2008,FORD,EXPLORER,39.20044961,-77.39497134,2022,1,0
220002595,Property Damage Crash,01/20/2022 11:51:00 PM,SNOWDEN FARM PKWY,NA,SINGLE VEHICLE,Clear,ICE,Medium,YIELD SIGN,NONE DETECTED,Yes,No Apparent Injury,"ICY OR SNOW-COVERED, N/A",NOT DISTRACTED,MD,PASSENGER CAR,MOVING CONSTANT SPEED,35,No,2012,KIA,OPTIMA,39.2296335,-77.25318983,2022,1,23
220002593,Property Damage Crash,01/20/2022 10:07:00 PM,NA,NA,SINGLE VEHICLE,Clear,NA,Medium,NO CONTROLS,NONE DETECTED,Yes,No Apparent Injury,N/A,UNKNOWN,NA,NA,MAKING U TURN,15,No,0,UNKNOWN,UNKNOWN,39.0693937,-76.94180318,2022,1,22
220002591,Property Damage Crash,01/20/2022 09:17:00 PM,GREAT SENECA HWY,NA,SAME DIR REAR END,Clear,DRY,Medium,NO CONTROLS,NONE DETECTED,Yes,No Apparent Injury,N/A,UNKNOWN,MD,PASSENGER CAR,SLOWING OR STOPPING,50,No,2015,ACUR,4S,39.106015,-77.20806667,2022,1,21
220002591,Property Damage Crash,01/20/2022 09:17:00 PM,GREAT SENECA HWY,NA,SAME DIR REAR END,Clear,DRY,Medium,NO CONTROLS,NONE DETECTED,No,No Apparent Injury,N/A,UNKNOWN,MD,PASSENGER CAR,SLOWING OR STOPPING,50,No,2016,BMW,320I,39.106015,-77.20806667,2022,1,21
220002585,Property Damage Crash,01/20/2022 08:00:00 PM,NA,NA,OPPOSITE DIRECTION SIDESWIPE,Clear,NA,Medium,STOP SIGN,NONE DETECTED,No,No Apparent Injury,N/A,NOT DISTRACTED,MD,PASSENGER CAR,STOPPED IN TRAFFIC LANE,10,No,2010,HYUN,ELANTRA,39.17310559,-77.20135879,2022,1,20
220002585,Property Damage Crash,01/20/2022 08:00:00 PM,NA,NA,OPPOSITE DIRECTION SIDESWIPE,Clear,NA,Medium,STOP SIGN,NONE DETECTED,Yes,No Apparent Injury,N/A,UNKNOWN,MD,PASSENGER CAR,MAKING RIGHT TURN,10,No,2010,HONDA,ACCORD,39.17310559,-77.20135879,2022,1,20
220002573,Property Damage Crash,01/20/2022 06:14:00 PM,RANDOLPH RD,NA,SAME DIRECTION SIDESWIPE,Clear,DRY,Dark,NO CONTROLS,NONE DETECTED,Yes,No Apparent Injury,N/A,LOOKED BUT DID NOT SEE,MD,PASSENGER CAR,MOVING CONSTANT SPEED,35,No,2011,TOYOTA,CAMRY,39.05512566,-77.08409968,2022,1,18
220002573,Property Damage Crash,01/20/2022 06:14:00 PM,RANDOLPH RD,NA,SAME DIRECTION SIDESWIPE,Clear,DRY,Dark,NO CONTROLS,NONE DETECTED,No,No Apparent Injury,N/A,NOT DISTRACTED,MD,"CARGO VAN/LIGHT TRUCK 2 AXLES (OVER 10,000LBS (4,536 KG))",MOVING CONSTANT SPEED,35,No,2018,DODGE,RAM 3500,39.05512566,-77.08409968,2022,1,18
220002568,Property Damage Crash,01/20/2022 06:08:00 PM,GEORGIA AVE,NA,STRAIGHT MOVEMENT ANGLE,Clear,DRY,Medium,NO CONTROLS,NONE DETECTED,Yes,No Apparent Injury,N/A,LOOKED BUT DID NOT SEE,DC,POLICE VEHICLE/EMERGENCY,MAKING LEFT TURN,35,No,2002,VOLK,PASSAT,39.00429857,-77.0369574,2022,1,18
220002568,Property Damage Crash,01/20/2022 06:08:00 PM,GEORGIA AVE,NA,STRAIGHT MOVEMENT ANGLE,Clear,DRY,Medium,NO CONTROLS,NONE DETECTED,No,No Apparent Injury,N/A,NOT DISTRACTED,MD,PASSENGER CAR,MOVING CONSTANT SPEED,35,No,2011,FORD,ESCAPE,39.00429857,-77.0369574,2022,1,18
220002569,Injury Crash,01/20/2022 06:00:00 PM,COLUMBIA PIKE,NA,SAME DIR REAR END,Clear,DRY,Medium,NO CONTROLS,NONE DETECTED,No,Possible Minor Injury,N/A,NOT DISTRACTED,MD,PASSENGER CAR,MOVING CONSTANT SPEED,40,No,2012,NISSAN,SENTRA,39.03240189,-77.00339411,2022,1,18
220002569,Injury Crash,01/20/2022 06:00:00 PM,COLUMBIA PIKE,NA,SAME DIR REAR END,Clear,DRY,Medium,NO CONTROLS,NONE DETECTED,Yes,No Apparent Injury,N/A,NOT DISTRACTED,MD,PASSENGER CAR,SLOWING OR STOPPING,40,No,2009,CADILLAC,SUV,39.03240189,-77.00339411,2022,1,18
220002565,Property Damage Crash,01/20/2022 05:50:00 PM,N SUMMIT AVE,NA,SAME DIR REAR END,Clear,DRY,Medium,NO CONTROLS,ALCOHOL PRESENT,Yes,No Apparent Injury,N/A,LOOKED BUT DID NOT SEE,MD,PASSENGER CAR,MOVING CONSTANT SPEED,25,No,2017,HONDA,CIVIC,39.14283643,-77.1932828,2022,1,17
220002565,Property Damage Crash,01/20/2022 05:50:00 PM,N SUMMIT AVE,NA,SAME DIR REAR END,Clear,DRY,Medium,NO CONTROLS,NONE DETECTED,Unknown,No Apparent Injury,N/A,NOT DISTRACTED,MD,PASSENGER CAR,STOPPED IN TRAFFIC LANE,25,No,2014,HYUNDAI,SANTE FE,39.14283643,-77.1932828,2022,1,17
220002544,Injury Crash,01/20/2022 03:40:00 PM,NA,PEDESTRIAN,OTHER,Clear,NA,Daylight,N/A,NONE DETECTED,Yes,No Apparent Injury,N/A,UNKNOWN,MD,PASSENGER CAR,BACKING,5,No,2014,HONDA,CIVIC,39.05514725,-77.11523823,2022,1,15
220002521,Property Damage Crash,01/20/2022 02:30:00 PM,COLESVILLE RD,BICYCLIST,SAME DIRECTION SIDESWIPE,Cloudy,WET,Daylight,TRAFFIC SIGNAL,NONE DETECTED,Unknown,No Apparent Injury,"N/A, WET",OTHER DISTRACTION,MD,POLICE VEHICLE/EMERGENCY,STARTING FROM LANE,35,No,2010,TOYT,SD,38.99419,-77.03125333,2022,1,14
220002505,Property Damage Crash,01/20/2022 12:00:00 PM,NA,NA,OTHER,Clear,NA,Daylight,N/A,NONE DETECTED,Yes,No Apparent Injury,N/A,NOT DISTRACTED,NA,PASSENGER CAR,STARTING FROM PARKED,5,No,2004,BMW,2 DOOR,39.04418,-77.11182167,2022,1,12
220002505,Property Damage Crash,01/20/2022 12:00:00 PM,NA,NA,OTHER,Clear,NA,Daylight,N/A,NONE DETECTED,No,No Apparent Injury,N/A,NOT DISTRACTED,MD,PASSENGER CAR,PARKED,5,No,2018,RANGE ROVER,VELAR,39.04418,-77.11182167,2022,1,12
220002488,Property Damage Crash,01/20/2022 09:42:00 AM,ROCKVILLE PIKE,NA,SINGLE VEHICLE,Rain,WET,Daylight,TRAFFIC SIGNAL,NONE DETECTED,Yes,No Apparent Injury,"RAIN, SNOW, WET",NOT DISTRACTED,MD,UNKNOWN,MAKING LEFT TURN,35,No,2016,PTRB,TK,39.05603333,-77.11910667,2022,1,9
220002485,Property Damage Crash,01/20/2022 09:20:00 AM,KEY WEST AVE,NA,SAME DIRECTION SIDESWIPE,Rain,WET,Daylight,NO CONTROLS,NONE DETECTED,No,No Apparent Injury,"RAIN, SNOW, WET",NOT DISTRACTED,MD,PASSENGER CAR,MOVING CONSTANT SPEED,25,No,2007,VOLVO,WAGON,39.10537,-77.19454167,2022,1,9
220002485,Property Damage Crash,01/20/2022 09:20:00 AM,KEY WEST AVE,NA,SAME DIRECTION SIDESWIPE,Rain,WET,Daylight,NO CONTROLS,NONE DETECTED,Yes,No Apparent Injury,"RAIN, SNOW, WET",UNKNOWN,MD,PASSENGER CAR,ENTERING TRAFFIC LANE,25,No,2010,MERC,SUV,39.10537,-77.19454167,2022,1,9
220002446,Property Damage Crash,01/20/2022 02:30:00 AM,PHILADELPHIA AVE,NA,SINGLE VEHICLE,Rain,WET,Medium,NO CONTROLS,ALCOHOL PRESENT,Yes,No Apparent Injury,"N/A, WET",UNKNOWN,MD,PASSENGER CAR,UNKNOWN,30,No,2007,HONDA,ODYSSEY,38.98756667,-77.02302167,2022,1,2
220002436,Injury Crash,01/20/2022 12:14:00 AM,NEW HAMPSHIRE AVE,NA,HEAD ON LEFT TURN,Rain,WET,Medium,TRAFFIC SIGNAL,NONE DETECTED,Yes,Possible Minor Injury,"RAIN, SNOW, WET",INATTENTIVE OR LOST IN THOUGHT,MD,PASSENGER CAR,MAKING RIGHT TURN,35,No,2011,MAZDA,TRUCK,38.98326919,-76.98814516,2022,1,0
220002436,Injury Crash,01/20/2022 12:14:00 AM,NEW HAMPSHIRE AVE,NA,HEAD ON LEFT TURN,Rain,WET,Medium,TRAFFIC SIGNAL,NONE DETECTED,No,Possible Minor Injury,"RAIN, SNOW, WET",NOT DISTRACTED,MD,PASSENGER CAR,STOPPED IN TRAFFIC LANE,35,No,2002,HONDA,ODYYSEY,38.98326919,-76.98814516,2022,1,0
220007399,Property Damage Crash,01/19/2022 11:30:00 PM,WOODFIELD RD,NA,SAME DIRECTION SIDESWIPE,Clear,DRY,Medium,NO CONTROLS,NONE DETECTED,Yes,No Apparent Injury,N/A,UNKNOWN,MD,(SPORT) UTILITY VEHICLE,MOVING CONSTANT SPEED,30,No,2007,CHEVROLET,TAHOE,39.27982528,-77.20323141,2022,1,23
220002433,Property Damage Crash,01/19/2022 10:47:00 PM,MONTGOMERY VILLAGE AVE,NA,SAME DIR REAR END,Rain,WET,Medium,TRAFFIC SIGNAL,NONE DETECTED,Yes,No Apparent Injury,"RAIN, SNOW, WET",UNKNOWN,MD,PASSENGER CAR,SLOWING OR STOPPING,35,No,2005,ACURA,TL,39.15401383,-77.20995683,2022,1,22
220002433,Property Damage Crash,01/19/2022 10:47:00 PM,MONTGOMERY VILLAGE AVE,NA,SAME DIR REAR END,Rain,WET,Medium,TRAFFIC SIGNAL,NONE DETECTED,Yes,No Apparent Injury,"RAIN, SNOW, WET",UNKNOWN,NA,NA,MOVING CONSTANT SPEED,35,No,0,UNKNOWN,UNKNOWN,39.15401383,-77.20995683,2022,1,22
220002433,Property Damage Crash,01/19/2022 10:47:00 PM,MONTGOMERY VILLAGE AVE,NA,SAME DIR REAR END,Rain,WET,Medium,TRAFFIC SIGNAL,NONE DETECTED,No,No Apparent Injury,"RAIN, SNOW, WET",UNKNOWN,MD,PASSENGER CAR,SLOWING OR STOPPING,35,No,2005,DODG,TK,39.15401383,-77.20995683,2022,1,22
220002415,Property Damage Crash,01/19/2022 07:50:00 PM,CANNON RD,NA,HEAD ON LEFT TURN,Clear,DRY,Medium,NO CONTROLS,NONE DETECTED,Yes,No Apparent Injury,N/A,LOOKED BUT DID NOT SEE,MD,PASSENGER CAR,MAKING LEFT TURN,25,No,2005,TOYOTA,MATRIX,39.070235,-77.0021965,2022,1,19
220002415,Property Damage Crash,01/19/2022 07:50:00 PM,CANNON RD,NA,HEAD ON LEFT TURN,Clear,DRY,Medium,NO CONTROLS,NONE DETECTED,No,No Apparent Injury,N/A,NOT DISTRACTED,MD,PASSENGER CAR,MOVING CONSTANT SPEED,25,No,2002,TOYOTA,CAMRY,39.070235,-77.0021965,2022,1,19
220002410,Property Damage Crash,01/19/2022 06:59:00 PM,FREDERICK RD,NA,STRAIGHT MOVEMENT ANGLE,Clear,DRY,Medium,NO CONTROLS,NONE DETECTED,No,No Apparent Injury,N/A,NOT DISTRACTED,MD,PASSENGER CAR,MOVING CONSTANT SPEED,30,No,2015,SUBA,4S,39.144861,-77.20269783,2022,1,18
220002410,Property Damage Crash,01/19/2022 06:59:00 PM,FREDERICK RD,NA,STRAIGHT MOVEMENT ANGLE,Clear,DRY,Medium,NO CONTROLS,NONE DETECTED,No,No Apparent Injury,N/A,NOT DISTRACTED,MD,PASSENGER CAR,MOVING CONSTANT SPEED,30,No,2016,DODG,PV,39.144861,-77.20269783,2022,1,18
220002410,Property Damage Crash,01/19/2022 06:59:00 PM,FREDERICK RD,NA,STRAIGHT MOVEMENT ANGLE,Clear,DRY,Medium,NO CONTROLS,NONE DETECTED,Yes,No Apparent Injury,N/A,LOOKED BUT DID NOT SEE,MD,PASSENGER CAR,MAKING LEFT TURN,25,No,2018,VOLK,4S,39.144861,-77.20269783,2022,1,18
220002403,Property Damage Crash,01/19/2022 05:30:00 PM,SNOUFFERS SCHOOL RD,NA,STRAIGHT MOVEMENT ANGLE,Clear,DRY,Medium,STOP SIGN,NONE DETECTED,Yes,No Apparent Injury,N/A,UNKNOWN,MD,(SPORT) UTILITY VEHICLE,STARTING FROM LANE,40,No,2019,HONDA,PILOT,39.16699883,-77.17307433,2022,1,17
220002403,Property Damage Crash,01/19/2022 05:30:00 PM,SNOUFFERS SCHOOL RD,NA,STRAIGHT MOVEMENT ANGLE,Clear,DRY,Medium,STOP SIGN,NONE DETECTED,No,No Apparent Injury,N/A,NOT DISTRACTED,MD,PASSENGER CAR,MOVING CONSTANT SPEED,40,No,2002,TOYT,CAMRY,39.16699883,-77.17307433,2022,1,17
220002374,Property Damage Crash,01/19/2022 04:00:00 PM,NA,NA,OTHER,Clear,NA,Daylight,NO CONTROLS,NONE DETECTED,Yes,No Apparent Injury,N/A,UNKNOWN,MD,OTHER BUS,MOVING CONSTANT SPEED,0,No,2015,FREIGHTLINER,BUS,39.1696909,-77.23061122,2022,1,16