Local Case Number,ACRS Report Type,Crash Date/Time,Road Name,Related Non-Motorist,Collision Type,Weather,Surface Condition,Light,Traffic Control,Driver Substance Abuse,Driver At Fault,Injury Severity,Circumstance,Driver Distracted By,Drivers License State,Vehicle Body Type,Vehicle Movement,Speed Limit,Driverless Vehicle,Vehicle Year,Vehicle Make,Vehicle Model,Latitude,Longitude,Year,Month,Hour
20001757,Property Damage Crash,01/14/2022 05:20:00 PM,BOWIE MILL RD,NA,SAME DIR REAR END,Clear,DRY,Medium,NO CONTROLS,NONE DETECTED,No,No Apparent Injury,N/A,NOT DISTRACTED,MD,(SPORT) UTILITY VEHICLE,MOVING CONSTANT SPEED,35,No,2015,JEEP,4X4,39.151819,-77.10066267,2022,1,17
20001757,Property Damage Crash,01/14/2022 05:20:00 PM,BOWIE MILL RD,NA,SAME DIR REAR END,Clear,DRY,Medium,NO CONTROLS,NONE DETECTED,No,No Apparent Injury,N/A,NOT DISTRACTED,MD,(SPORT) UTILITY VEHICLE,STOPPED IN TRAFFIC LANE,35,No,2012,MERZ,GL-450,39.151819,-77.10066267,2022,1,17
20001757,Property Damage Crash,01/14/2022 05:20:00 PM,BOWIE MILL RD,NA,SAME DIR REAR END,Clear,DRY,Medium,NO CONTROLS,NONE DETECTED,Yes,No Apparent Injury,N/A,LOOKED BUT DID NOT SEE,MD,(SPORT) UTILITY VEHICLE,SLOWING OR STOPPING,35,No,2003,TOYOTA,RAV 4,39.151819,-77.10066267,2022,1,17
220000407,Injury Crash,01/14/2022 04:50:00 PM,TOWER OAKS BLVD,NA,HEAD ON LEFT TURN,Cloudy,DRY,Medium,TRAFFIC SIGNAL,NONE DETECTED,Yes,Possible Minor Injury,N/A,LOOKED BUT DID NOT SEE,MD,PASSENGER CAR,MAKING LEFT TURN,30,No,2015,NISSAN,SENTRA,39.06539461,-77.15440271,2022,1,16
220000407,Injury Crash,01/14/2022 04:50:00 PM,TOWER OAKS BLVD,NA,HEAD ON LEFT TURN,Cloudy,DRY,Medium,TRAFFIC SIGNAL,NONE DETECTED,No,Possible Minor Injury,N/A,NOT DISTRACTED,MD,PASSENGER CAR,MOVING CONSTANT SPEED,30,No,2013,HOND,4S,39.06539461,-77.15440271,2022,1,16
220001739,Property Damage Crash,01/14/2022 03:57:00 PM,NA,NA,OTHER,Clear,NA,Daylight,NO CONTROLS,NONE DETECTED,Yes,No Apparent Injury,N/A,NOT DISTRACTED,MD,SCHOOL BUS,BACKING,0,No,2014,THOM,BU,39.00275667,-76.98907167,2022,1,15
220001742,Property Damage Crash,01/14/2022 03:51:00 PM,TUCKERMAN LA,NA,STRAIGHT MOVEMENT ANGLE,Clear,DRY,Daylight,STOP SIGN,NONE DETECTED,No,No Apparent Injury,N/A,NOT DISTRACTED,MD,(SPORT) UTILITY VEHICLE,MOVING CONSTANT SPEED,35,No,2021,HOND,UT,39.03091167,-77.11543667,2022,1,15
220001742,Property Damage Crash,01/14/2022 03:51:00 PM,TUCKERMAN LA,NA,STRAIGHT MOVEMENT ANGLE,Clear,DRY,Daylight,STOP SIGN,NONE DETECTED,Yes,No Apparent Injury,N/A,LOOKED BUT DID NOT SEE,MD,(SPORT) UTILITY VEHICLE,MAKING LEFT TURN,35,No,2009,KIA,SPORT,39.03091167,-77.11543667,2022,1,15
220001740,Property Damage Crash,01/14/2022 02:54:00 PM,GOSHEN SCHOOL RD,NA,STRAIGHT MOVEMENT ANGLE,Clear,DRY,Daylight,NO CONTROLS,NONE DETECTED,Yes,No Apparent Injury,N/A,UNKNOWN,MD,OTHER,ENTERING TRAFFIC LANE,35,No,2022,POSTAL,TRUCK,39.21755765,-77.18896794,2022,1,14
220001740,Property Damage Crash,01/14/2022 02:54:00 PM,GOSHEN SCHOOL RD,NA,STRAIGHT MOVEMENT ANGLE,Clear,DRY,Daylight,NO CONTROLS,NONE DETECTED,No,No Apparent Injury,N/A,NOT DISTRACTED,MD,PASSENGER CAR,MOVING CONSTANT SPEED,35,No,2003,MAZDA,PROTOGE,39.21755765,-77.18896794,2022,1,14
220001719,Property Damage Crash,01/14/2022 02:02:00 PM,ASPEN HILL RD,NA,SAME DIR REAR END,Clear,DRY,Daylight,NO CONTROLS,NONE DETECTED,Yes,No Apparent Injury,N/A,NOT DISTRACTED,MD,PASSENGER CAR,MOVING CONSTANT SPEED,30,No,2021,CHEV,COLORADO,39.07935167,-77.08455833,2022,1,14
220001677,Injury Crash,01/14/2022 11:00:00 AM,THOMPSON AVE,PEDESTRIAN,SINGLE VEHICLE,Cloudy,DRY,Daylight,STOP SIGN,NONE DETECTED,Yes,No Apparent Injury,N/A,LOOKED BUT DID NOT SEE,MD,(SPORT) UTILITY VEHICLE,STARTING FROM LANE,5,No,2008,CHEVROLET,TRAIL BLAZER,39.05937798,-77.12165963,2022,1,11
220001675,Property Damage Crash,01/14/2022 10:48:00 AM,DEMOCRACY BLVD,NA,STRAIGHT MOVEMENT ANGLE,Cloudy,DRY,Daylight,TRAFFIC SIGNAL,NONE DETECTED,Yes,No Apparent Injury,N/A,NOT DISTRACTED,MD,PASSENGER CAR,MAKING LEFT TURN,45,No,2013,LEXUS,ES350,39.023255,-77.16229333,2022,1,10
220001675,Property Damage Crash,01/14/2022 10:48:00 AM,DEMOCRACY BLVD,NA,STRAIGHT MOVEMENT ANGLE,Cloudy,DRY,Daylight,TRAFFIC SIGNAL,NONE DETECTED,No,No Apparent Injury,N/A,NOT DISTRACTED,MD,(SPORT) UTILITY VEHICLE,MOVING CONSTANT SPEED,45,No,2008,HONDA,PILOT,39.023255,-77.16229333,2022,1,10
220001678,Property Damage Crash,01/14/2022 10:15:00 AM,CAMERON ST,NA,OTHER,Cloudy,DRY,Daylight,TRAFFIC SIGNAL,NONE DETECTED,Yes,No Apparent Injury,N/A,UNKNOWN,NA,PASSENGER CAR,MAKING LEFT TURN,25,No,2012,TOYOTA,CAMRY,38.99829028,-77.02874966,2022,1,10
220001678,Property Damage Crash,01/14/2022 10:15:00 AM,CAMERON ST,NA,OTHER,Cloudy,DRY,Daylight,TRAFFIC SIGNAL,NONE DETECTED,No,No Apparent Injury,N/A,NOT DISTRACTED,DC,PASSENGER CAR,STOPPED IN TRAFFIC LANE,25,No,2018,HONDA,ACCORD,38.99829028,-77.02874966,2022,1,10
220001663,Property Damage Crash,01/14/2022 09:20:00 AM,FREDERICK RD,NA,SAME DIR REAR END,Cloudy,DRY,Daylight,TRAFFIC SIGNAL,NONE DETECTED,Yes,No Apparent Injury,"BACKUP DUE TO PRIOR CRASH, N/A",DISTRACTED BY OUTSIDE PERSON OBJECT OR EVENT,MD,PASSENGER CAR,MOVING CONSTANT SPEED,40,No,2013,HONDA,CIVIC,39.12617667,-77.18299333,2022,1,9
220001663,Property Damage Crash,01/14/2022 09:20:00 AM,FREDERICK RD,NA,SAME DIR REAR END,Cloudy,DRY,Daylight,TRAFFIC SIGNAL,NONE DETECTED,No,No Apparent Injury,"BACKUP DUE TO PRIOR CRASH, N/A",NOT DISTRACTED,MD,(SPORT) UTILITY VEHICLE,SLOWING OR STOPPING,40,No,2014,HYUNDAI,TK,39.12617667,-77.18299333,2022,1,9
220001661,Fatal Crash,01/14/2022 08:30:00 AM,FREDERICK RD,BICYCLIST,SINGLE VEHICLE,Clear,DRY,Daylight,TRAFFIC SIGNAL,NONE DETECTED,No,No Apparent Injury,N/A,NOT DISTRACTED,MD,"MEDIUM/HEAVY TRUCKS 3 AXLES (OVER 10,000LBS (4,536KG))",MAKING RIGHT TURN,35,No,2018,MACK,MRU613,39.12608939,-77.18279453,2022,1,8
22000167,Property Damage Crash,01/14/2022 07:45:00 AM,NORBECK RD,NA,SAME DIR REAR END,Cloudy,DRY,Daylight,NO CONTROLS,NONE DETECTED,No,No Apparent Injury,N/A,NOT DISTRACTED,MD,TRANSIT BUS,STOPPED IN TRAFFIC LANE,35,No,2014,GILLIG,BUS,39.09953333,-77.09994167,2022,1,7
22000167,Property Damage Crash,01/14/2022 07:45:00 AM,NORBECK RD,NA,SAME DIR REAR END,Cloudy,DRY,Daylight,NO CONTROLS,NONE DETECTED,Yes,No Apparent Injury,N/A,NOT DISTRACTED,MD,PASSENGER CAR,PASSING,35,No,2016,TOYOTA,COROLLA,39.09953333,-77.09994167,2022,1,7
220002137,Property Damage Crash,01/14/2022 07:40:00 AM,NA,NA,OPPOSITE DIRECTION SIDESWIPE,Cloudy,NA,Daylight,NO CONTROLS,NONE DETECTED,Yes,No Apparent Injury,N/A,NOT DISTRACTED,MD,(SPORT) UTILITY VEHICLE,PARKING,15,No,2017,TOYOTA,RAV4,39.15759667,-77.05051167,2022,1,7
22001653,Injury Crash,01/14/2022 06:48:00 AM,NORBECK RD,NA,SAME DIR REAR END,Cloudy,DRY,Medium,TRAFFIC SIGNAL,NONE DETECTED,No,No Apparent Injury,N/A,NOT DISTRACTED,MD,(SPORT) UTILITY VEHICLE,STOPPED IN TRAFFIC LANE,35,No,2015,JEEP,CHEROKEE,39.1094953,-77.07674138,2022,1,6
22001653,Injury Crash,01/14/2022 06:48:00 AM,NORBECK RD,NA,SAME DIR REAR END,Cloudy,DRY,Medium,TRAFFIC SIGNAL,NONE DETECTED,Yes,Suspected Serious Injury,N/A,UNKNOWN,XX,PASSENGER CAR,SLOWING OR STOPPING,35,No,2009,FORD,FUSION,39.1094953,-77.07674138,2022,1,6
220001648,Property Damage Crash,01/14/2022 05:06:00 AM,GEORGIA AVE,NA,SAME DIR REAR END,Clear,DRY,Medium,N/A,NONE DETECTED,Yes,No Apparent Injury,N/A,UNKNOWN,NA,NA,MOVING CONSTANT SPEED,30,No,0,UNKNOWN,UNKNOWN,39.02598167,-77.04619167,2022,1,5
220001648,Property Damage Crash,01/14/2022 05:06:00 AM,GEORGIA AVE,NA,SAME DIR REAR END,Clear,DRY,Medium,N/A,NONE DETECTED,No,No Apparent Injury,N/A,NOT DISTRACTED,MD,PASSENGER CAR,MOVING CONSTANT SPEED,30,No,2013,TOYOTA,CAMRY,39.02598167,-77.04619167,2022,1,5
220001649,Property Damage Crash,01/14/2022 05:02:00 AM,VEIRS MILL RD,NA,STRAIGHT MOVEMENT ANGLE,Clear,DRY,Medium,TRAFFIC SIGNAL,NONE DETECTED,No,No Apparent Injury,N/A,NOT DISTRACTED,MD,PASSENGER CAR,MOVING CONSTANT SPEED,45,No,2011,FORD,PK,39.05167447,-77.07476899,2022,1,5
220001649,Property Damage Crash,01/14/2022 05:02:00 AM,VEIRS MILL RD,NA,STRAIGHT MOVEMENT ANGLE,Clear,DRY,Medium,TRAFFIC SIGNAL,NONE DETECTED,Yes,No Apparent Injury,N/A,LOOKED BUT DID NOT SEE,MD,PASSENGER CAR,MOVING CONSTANT SPEED,40,No,2016,MITZUBISHI,TRK,39.05167447,-77.07476899,2022,1,5
220001642,Property Damage Crash,01/13/2022 11:54:00 PM,AVENEL RD,NA,SAME DIRECTION SIDESWIPE,Clear,DRY,Dark,NO CONTROLS,NONE DETECTED,Yes,No Apparent Injury,N/A,OTHER DISTRACTION,NA,VAN,MOVING CONSTANT SPEED,25,No,2005,CHEVROLET,2500,39.00923596,-76.98038306,2022,1,23
220001633,Property Damage Crash,01/13/2022 08:00:00 PM,RANDOLPH RD,NA,ANGLE MEETS LEFT TURN,Clear,DRY,Medium,TRAFFIC SIGNAL,NONE DETECTED,Yes,No Apparent Injury,N/A,NOT DISTRACTED,MD,PASSENGER CAR,MAKING LEFT TURN,35,No,2011,CHEVY,IMPALA,39.058245,-77.05552333,2022,1,20
220001633,Property Damage Crash,01/13/2022 08:00:00 PM,RANDOLPH RD,NA,ANGLE MEETS LEFT TURN,Clear,DRY,Medium,TRAFFIC SIGNAL,NONE DETECTED,Yes,No Apparent Injury,N/A,UNKNOWN,MD,PASSENGER CAR,MOVING CONSTANT SPEED,35,No,2018,HONDA,CIVIC,39.058245,-77.05552333,2022,1,20
220001620,Injury Crash,01/13/2022 07:49:00 PM,W DIAMOND AVE,NA,SAME DIR REAR END,Clear,DRY,Medium,NO CONTROLS,NONE DETECTED,No,No Apparent Injury,N/A,UNKNOWN,MD,PASSENGER CAR,MOVING CONSTANT SPEED,35,No,2018,TOYOTA,COROLLA,39.14003526,-77.20420529,2022,1,19
220001620,Injury Crash,01/13/2022 07:49:00 PM,W DIAMOND AVE,NA,SAME DIR REAR END,Clear,DRY,Medium,NO CONTROLS,NONE DETECTED,Yes,Possible Minor Injury,N/A,UNKNOWN,MD,PASSENGER CAR,MOVING CONSTANT SPEED,35,No,2003,TOYOTA,COROLLA,39.14003526,-77.20420529,2022,1,19
220001618,Injury Crash,01/13/2022 07:35:00 PM,RIO BLVD,PEDESTRIAN,SINGLE VEHICLE,Clear,DRY,Medium,STOP SIGN,NONE DETECTED,Unknown,No Apparent Injury,N/A,NOT DISTRACTED,MD,PASSENGER CAR,MOVING CONSTANT SPEED,10,No,2018,KIA,FORTE,39.11525968,-77.20468778,2022,1,19
220001612,Property Damage Crash,01/13/2022 06:44:00 PM,NEW HAMPSHIRE AVE,NA,SAME DIR REAR END,Clear,DRY,Medium,TRAFFIC SIGNAL,NONE DETECTED,No,No Apparent Injury,N/A,NOT DISTRACTED,MD,PASSENGER CAR,STOPPED IN TRAFFIC LANE,45,No,2007,ACUR,MDX,39.08836434,-76.99932436,2022,1,18
220001612,Property Damage Crash,01/13/2022 06:44:00 PM,NEW HAMPSHIRE AVE,NA,SAME DIR REAR END,Clear,DRY,Medium,TRAFFIC SIGNAL,NONE DETECTED,Yes,No Apparent Injury,N/A,UNKNOWN,MD,PASSENGER CAR,SLOWING OR STOPPING,45,No,2010,NISS,MAX,39.08836434,-76.99932436,2022,1,18
220001602,Property Damage Crash,01/13/2022 05:13:00 PM,WOODFIELD RD,NA,STRAIGHT MOVEMENT ANGLE,Cloudy,DRY,Medium,TRAFFIC SIGNAL,NONE DETECTED,No,No Apparent Injury,N/A,UNKNOWN,MD,(SPORT) UTILITY VEHICLE,STARTING FROM LANE,35,No,2021,JEEP,WRANGLER,39.15220531,-77.17257409,2022,1,17
220001602,Property Damage Crash,01/13/2022 05:13:00 PM,WOODFIELD RD,NA,STRAIGHT MOVEMENT ANGLE,Cloudy,DRY,Medium,TRAFFIC SIGNAL,NONE DETECTED,Yes,No Apparent Injury,N/A,UNKNOWN,MD,PICKUP TRUCK,MOVING CONSTANT SPEED,35,No,2017,CHEV,SILVERADO,39.15220531,-77.17257409,2022,1,17
220001608,Property Damage Crash,01/13/2022 04:51:00 PM,OLNEY LAYTONSVILLE RD,NA,SAME DIRECTION SIDESWIPE,Clear,DRY,Daylight,UNKNOWN,NONE DETECTED,Unknown,No Apparent Injury,N/A,UNKNOWN,MD,VAN,ACCELERATING,30,No,2019,FORD,TK,39.16625139,-77.08477963,2022,1,16
220001608,Property Damage Crash,01/13/2022 04:51:00 PM,OLNEY LAYTONSVILLE RD,NA,SAME DIRECTION SIDESWIPE,Clear,DRY,Daylight,UNKNOWN,NONE DETECTED,Unknown,No Apparent Injury,N/A,UNKNOWN,MD,STATION WAGON,MOVING CONSTANT SPEED,30,No,2018,FORD,SW,39.16625139,-77.08477963,2022,1,16
220001492,Property Damage Crash,01/13/2022 04:33:00 PM,NA,NA,OTHER,Clear,NA,Daylight,NO CONTROLS,NONE DETECTED,No,No Apparent Injury,N/A,NOT DISTRACTED,MD,PASSENGER CAR,PARKED,0,No,2017,HONDA,CIVIC,39.06581353,-77.12760109,2022,1,16
220001492,Property Damage Crash,01/13/2022 04:33:00 PM,NA,NA,OTHER,Clear,NA,Daylight,NO CONTROLS,NONE DETECTED,Yes,No Apparent Injury,N/A,LOOKED BUT DID NOT SEE,MD,PASSENGER CAR,BACKING,5,No,2011,HYUNDAI,SONATA,39.06581353,-77.12760109,2022,1,16
220001585,Property Damage Crash,01/13/2022 03:24:00 PM,QUINCE ORCHARD RD,NA,SAME DIR REAR END,Clear,DRY,Daylight,TRAFFIC SIGNAL,NONE DETECTED,No,No Apparent Injury,N/A,NOT DISTRACTED,MD,PASSENGER CAR,SLOWING OR STOPPING,35,No,2012,TOYT,TK,39.14239713,-77.22086574,2022,1,15
220001585,Property Damage Crash,01/13/2022 03:24:00 PM,QUINCE ORCHARD RD,NA,SAME DIR REAR END,Clear,DRY,Daylight,TRAFFIC SIGNAL,NONE DETECTED,Yes,No Apparent Injury,N/A,UNKNOWN,MD,PASSENGER CAR,MOVING CONSTANT SPEED,35,No,2008,HONDA,CRV,39.14239713,-77.22086574,2022,1,15
220001563,Property Damage Crash,01/13/2022 02:05:00 PM,DARNESTOWN RD,NA,SAME DIR REAR END,Clear,DRY,Daylight,TRAFFIC SIGNAL,NONE DETECTED,No,No Apparent Injury,N/A,NOT DISTRACTED,MD,PASSENGER CAR,STOPPED IN TRAFFIC LANE,40,No,2014,MINI,2S,39.09712167,-77.20757167,2022,1,14
220001563,Property Damage Crash,01/13/2022 02:05:00 PM,DARNESTOWN RD,NA,SAME DIR REAR END,Clear,DRY,Daylight,TRAFFIC SIGNAL,NONE DETECTED,Yes,No Apparent Injury,N/A,LOOKED BUT DID NOT SEE,MD,PASSENGER CAR,MOVING CONSTANT SPEED,40,No,2010,INFI,4S,39.09712167,-77.20757167,2022,1,14
220001556,Property Damage Crash,01/13/2022 01:42:00 PM,GEORGIA AVE,NA,SAME DIRECTION SIDESWIPE,Clear,DRY,Daylight,N/A,NONE DETECTED,Yes,No Apparent Injury,N/A,NOT DISTRACTED,MD,PASSENGER CAR,CHANGING LANES,35,No,2010,TOYT,PRIUS,39.05858023,-77.0499511,2022,1,13
220001556,Property Damage Crash,01/13/2022 01:42:00 PM,GEORGIA AVE,NA,SAME DIRECTION SIDESWIPE,Clear,DRY,Daylight,N/A,NONE DETECTED,No,No Apparent Injury,N/A,NOT DISTRACTED,MD,PASSENGER CAR,MOVING CONSTANT SPEED,35,No,2021,VOLK,HB,39.05858023,-77.0499511,2022,1,13
230002107,Property Damage Crash,01/13/2022 01:30:00 PM,CONNECTICUT AVE,NA,STRAIGHT MOVEMENT ANGLE,Clear,DRY,Daylight,STOP SIGN,NONE DETECTED,No,No Apparent Injury,N/A,NOT DISTRACTED,MD,(SPORT) UTILITY VEHICLE,MOVING CONSTANT SPEED,35,No,2019,FORD,ESCAPE,39.01806548,-77.07792713,2022,1,13
230002107,Property Damage Crash,01/13/2022 01:30:00 PM,CONNECTICUT AVE,NA,STRAIGHT MOVEMENT ANGLE,Clear,DRY,Daylight,STOP SIGN,NONE DETECTED,Yes,No Apparent Injury,N/A,LOOKED BUT DID NOT SEE,MD,PASSENGER CAR,ACCELERATING,35,No,2015,TOYOTA,CAMRY,39.01806548,-77.07792713,2022,1,13
220001541,Property Damage Crash,01/13/2022 11:50:00 AM,NA,NA,OTHER,Cloudy,NA,Daylight,N/A,NONE DETECTED,No,No Apparent Injury,N/A,NOT DISTRACTED,DC,OTHER,SLOWING OR STOPPING,0,No,2014,MACK,DT,39.13254167,-77.17832333,2022,1,11
2200001520,Injury Crash,01/13/2022 09:55:00 AM,FREDERICK RD,NA,STRAIGHT MOVEMENT ANGLE,Clear,DRY,Daylight,NO CONTROLS,NONE DETECTED,No,Possible Minor Injury,N/A,NOT DISTRACTED,MD,PASSENGER CAR,MOVING CONSTANT SPEED,30,No,2022,NISS,SD,39.14792644,-77.20632631,2022,1,9
2200001520,Injury Crash,01/13/2022 09:55:00 AM,FREDERICK RD,NA,STRAIGHT MOVEMENT ANGLE,Clear,DRY,Daylight,NO CONTROLS,NONE DETECTED,Yes,No Apparent Injury,N/A,LOOKED BUT DID NOT SEE,MD,PASSENGER CAR,MAKING LEFT TURN,30,No,2009,LEXU,4S,39.14792644,-77.20632631,2022,1,9
220001514,Injury Crash,01/13/2022 09:09:00 AM,LEMAY RD,NA,STRAIGHT MOVEMENT ANGLE,Clear,DRY,Daylight,STOP SIGN,NONE DETECTED,No,No Apparent Injury,N/A,NOT DISTRACTED,MD,PICKUP TRUCK,MOVING CONSTANT SPEED,25,No,2003,CHEV,TK,39.06680152,-77.12137656,2022,1,9
220001514,Injury Crash,01/13/2022 09:09:00 AM,LEMAY RD,NA,STRAIGHT MOVEMENT ANGLE,Clear,DRY,Daylight,STOP SIGN,NONE DETECTED,Yes,Possible Minor Injury,N/A,LOOKED BUT DID NOT SEE,MD,PASSENGER CAR,ACCELERATING,25,No,2020,CHEV,SD,39.06680152,-77.12137656,2022,1,9
220001503,Property Damage Crash,01/13/2022 07:38:00 AM,CASTLE BLVD,NA,STRAIGHT MOVEMENT ANGLE,Clear,DRY,Daylight,STOP SIGN,NONE DETECTED,No,No Apparent Injury,N/A,NOT DISTRACTED,MD,PASSENGER CAR,MOVING CONSTANT SPEED,25,No,2015,MERCEDES,CLA250,39.081423,-76.945759,2022,1,7
220001503,Property Damage Crash,01/13/2022 07:38:00 AM,CASTLE BLVD,NA,STRAIGHT MOVEMENT ANGLE,Clear,DRY,Daylight,STOP SIGN,NONE DETECTED,Yes,No Apparent Injury,N/A,LOOKED BUT DID NOT SEE,MD,PASSENGER CAR,MAKING LEFT TURN,25,No,2019,HONDA,ACCORD,39.081423,-76.945759,2022,1,7
220001502,Property Damage Crash,01/13/2022 07:25:00 AM,GEORGIA AVE,NA,SAME DIRECTION RIGHT TURN,Clear,DRY,Daylight,NO CONTROLS,NONE DETECTED,Unknown,No Apparent Injury,N/A,NOT DISTRACTED,MD,PASSENGER CAR,MOVING CONSTANT SPEED,35,No,2020,TOYOTA,HIGHLANDER,39.01755193,-77.04348615,2022,1,7
220001502,Property Damage Crash,01/13/2022 07:25:00 AM,GEORGIA AVE,NA,SAME DIRECTION RIGHT TURN,Clear,DRY,Daylight,NO CONTROLS,NONE DETECTED,Unknown,No Apparent Injury,N/A,UNKNOWN,MD,PASSENGER CAR,CHANGING LANES,35,No,2014,JEEP,WRANGLER,39.01755193,-77.04348615,2022,1,7
220001501,Injury Crash,01/13/2022 07:10:00 AM,MONTGOMERY VILLAGE AVE,NA,STRAIGHT MOVEMENT ANGLE,Clear,WET,Medium,TRAFFIC SIGNAL,NONE DETECTED,No,Possible Minor Injury,N/A,NOT DISTRACTED,MD,(SPORT) UTILITY VEHICLE,MOVING CONSTANT SPEED,35,No,2011,NISSAN,TK,39.16970667,-77.20474333,2022,1,7
220001501,Injury Crash,01/13/2022 07:10:00 AM,MONTGOMERY VILLAGE AVE,NA,STRAIGHT MOVEMENT ANGLE,Clear,WET,Medium,TRAFFIC SIGNAL,NONE DETECTED,Yes,No Apparent Injury,N/A,NOT DISTRACTED,MD,(SPORT) UTILITY VEHICLE,MAKING LEFT TURN,35,No,2003,MITS,TK,39.16970667,-77.20474333,2022,1,7
220001499,Property Damage Crash,01/13/2022 02:46:00 AM,ETHAN ALLEN AVE,NA,STRAIGHT MOVEMENT ANGLE,Clear,N/A,Medium,STOP SIGN,NONE DETECTED,No,No Apparent Injury,N/A,NOT DISTRACTED,DC,PASSENGER CAR,MOVING CONSTANT SPEED,25,No,2002,KIA,SPORTAGE,38.97610833,-76.99657667,2022,1,2
220001499,Property Damage Crash,01/13/2022 02:46:00 AM,ETHAN ALLEN AVE,NA,STRAIGHT MOVEMENT ANGLE,Clear,N/A,Medium,STOP SIGN,NONE DETECTED,Yes,No Apparent Injury,N/A,UNKNOWN,MD,PASSENGER CAR,MAKING LEFT TURN,25,No,2006,INFINITY,M45,38.97610833,-76.99657667,2022,1,2
220001485,Property Damage Crash,01/12/2022 10:36:00 PM,MONTROSE RD,NA,SINGLE VEHICLE,Clear,DRY,Medium,OTHER,NONE DETECTED,Yes,No Apparent Injury,N/A,UNKNOWN,MD,PASSENGER CAR,ACCELERATING,30,No,2020,TOYOTA,CAMRY,39.05346833,-77.135765,2022,1,22
220001483,Property Damage Crash,01/12/2022 10:15:00 PM,NA,NA,STRAIGHT MOVEMENT ANGLE,Clear,NA,Dark,NO CONTROLS,NONE DETECTED,Yes,No Apparent Injury,N/A,NOT DISTRACTED,MD,PASSENGER CAR,MOVING CONSTANT SPEED,15,No,2015,FORD,4S,39.08533015,-77.07773212,2022,1,22
220001483,Property Damage Crash,01/12/2022 10:15:00 PM,NA,NA,STRAIGHT MOVEMENT ANGLE,Clear,NA,Dark,NO CONTROLS,NONE DETECTED,No,No Apparent Injury,N/A,NOT DISTRACTED,MD,PASSENGER CAR,SLOWING OR STOPPING,15,No,2018,NISS,CP,39.08533015,-77.07773212,2022,1,22
220001480,Property Damage Crash,01/12/2022 10:02:00 PM,CARROLL AVE,NA,STRAIGHT MOVEMENT ANGLE,Clear,DRY,Medium,STOP SIGN,NONE DETECTED,No,No Apparent Injury,N/A,NOT DISTRACTED,MD,PASSENGER CAR,MOVING CONSTANT SPEED,25,No,2015,SUBARU,FORESTER,38.9816,-77.00305833,2022,1,22
220001480,Property Damage Crash,01/12/2022 10:02:00 PM,CARROLL AVE,NA,STRAIGHT MOVEMENT ANGLE,Clear,DRY,Medium,STOP SIGN,NONE DETECTED,Yes,No Apparent Injury,N/A,UNKNOWN,MD,PASSENGER CAR,MOVING CONSTANT SPEED,25,No,2007,HONDA,PILOT,38.9816,-77.00305833,2022,1,22
220001479,Property Damage Crash,01/12/2022 09:51:00 PM,LOCKWOOD DR,NA,STRAIGHT MOVEMENT ANGLE,Clear,DRY,Medium,TRAFFIC SIGNAL,NONE DETECTED,No,No Apparent Injury,N/A,NOT DISTRACTED,MD,PASSENGER CAR,MOVING CONSTANT SPEED,45,No,2021,HYUNDAI,SENATA,39.03378667,-77.00198667,2022,1,21
220001479,Property Damage Crash,01/12/2022 09:51:00 PM,LOCKWOOD DR,NA,STRAIGHT MOVEMENT ANGLE,Clear,DRY,Medium,TRAFFIC SIGNAL,NONE DETECTED,Yes,No Apparent Injury,N/A,NOT DISTRACTED,MD,PASSENGER CAR,MAKING LEFT TURN,45,No,2021,CADILLAC,CTS,39.03378667,-77.00198667,2022,1,21
220001476,Injury Crash,01/12/2022 09:05:00 PM,GEORGIA AVE,NA,SAME DIRECTION RIGHT TURN,Clear,DRY,Medium,TRAFFIC SIGNAL,NONE DETECTED,Yes,No Apparent Injury,N/A,UNKNOWN,NA,NA,MOVING CONSTANT SPEED,35,No,0,UNKNOWN,UNKNOWN,39.06019922,-77.05091834,2022,1,21
220001476,Injury Crash,01/12/2022 09:05:00 PM,GEORGIA AVE,NA,SAME DIRECTION RIGHT TURN,Clear,DRY,Medium,TRAFFIC SIGNAL,NONE DETECTED,No,Possible Minor Injury,N/A,NOT DISTRACTED,MD,TRANSIT BUS,STARTING FROM LANE,35,No,2014,NABI,TBU,39.06019922,-77.05091834,2022,1,21
220001471,Property Damage Crash,01/12/2022 08:50:00 PM,ROCKLEDGE DR,NA,SAME DIRECTION SIDESWIPE,Clear,DRY,Medium,TRAFFIC SIGNAL,NONE DETECTED,No,No Apparent Injury,N/A,NOT DISTRACTED,MD,PASSENGER CAR,MAKING LEFT TURN,35,No,2016,NISSAN,SENTRA,39.02302256,-77.13234921,2022,1,20
220001471,Property Damage Crash,01/12/2022 08:50:00 PM,ROCKLEDGE DR,NA,SAME DIRECTION SIDESWIPE,Clear,DRY,Medium,TRAFFIC SIGNAL,NONE DETECTED,Yes,No Apparent Injury,N/A,UNKNOWN,NA,(SPORT) UTILITY VEHICLE,MAKING LEFT TURN,35,No,2018,SUBARU,OUTBACK,39.02302256,-77.13234921,2022,1,20
220001446,Property Damage Crash,01/12/2022 06:00:00 PM,DEMOCRACY BLVD,NA,SAME DIRECTION SIDESWIPE,Clear,DRY,Medium,TRAFFIC SIGNAL,NONE DETECTED,Yes,No Apparent Injury,N/A,NOT DISTRACTED,MD,PASSENGER CAR,RIGHT TURN ON RED,35,No,2022,BMW,M340XI,39.02254,-77.14886833,2022,1,18
220001446,Property Damage Crash,01/12/2022 06:00:00 PM,DEMOCRACY BLVD,NA,SAME DIRECTION SIDESWIPE,Clear,DRY,Medium,TRAFFIC SIGNAL,NONE DETECTED,No,No Apparent Injury,N/A,NOT DISTRACTED,MD,PASSENGER CAR,MOVING CONSTANT SPEED,35,No,2021,HONDA,INSIGHT,39.02254,-77.14886833,2022,1,18
220001432,Property Damage Crash,01/12/2022 04:58:00 PM,WOODFIELD RD,NA,HEAD ON LEFT TURN,Clear,DRY,Medium,TRAFFIC SIGNAL,NONE DETECTED,No,No Apparent Injury,N/A,NOT DISTRACTED,MD,PASSENGER CAR,MOVING CONSTANT SPEED,45,No,1998,BMW,Z3,39.18527613,-77.15071376,2022,1,16
220001432,Property Damage Crash,01/12/2022 04:58:00 PM,WOODFIELD RD,NA,HEAD ON LEFT TURN,Clear,DRY,Medium,TRAFFIC SIGNAL,NONE DETECTED,Yes,No Apparent Injury,N/A,LOOKED BUT DID NOT SEE,MD,(SPORT) UTILITY VEHICLE,MAKING LEFT TURN,45,No,2016,TOYOTA,HIGHLANDER,39.18527613,-77.15071376,2022,1,16
220001422,Property Damage Crash,01/12/2022 04:20:00 PM,HARVARD AVE,NA,STRAIGHT MOVEMENT ANGLE,Clear,DRY,Daylight,NO CONTROLS,NONE DETECTED,Yes,No Apparent Injury,N/A,LOOKED BUT DID NOT SEE,MD,"MEDIUM/HEAVY TRUCKS 3 AXLES (OVER 10,000LBS (4,536KG))",BACKING,25,No,2020,PETERBILT,337,38.96947015,-77.14191763,2022,1,16
220001421,Property Damage Crash,01/12/2022 04:18:00 PM,GEORGIA AVE,NA,SAME DIRECTION SIDESWIPE,Clear,DRY,Daylight,TRAFFIC SIGNAL,NONE DETECTED,No,No Apparent Injury,N/A,NOT DISTRACTED,MD,TRANSIT BUS,STOPPED IN TRAFFIC LANE,35,No,2009,GILLIG,BUS,39.02570617,-77.04622383,2022,1,16