Local Case Number,ACRS Report Type,Crash Date/Time,Road Name,Related Non-Motorist,Collision Type,Weather,Surface Condition,Light,Traffic Control,Driver Substance Abuse,Driver At Fault,Injury Severity,Circumstance,Driver Distracted By,Drivers License State,Vehicle Body Type,Vehicle Movement,Speed Limit,Driverless Vehicle,Vehicle Year,Vehicle Make,Vehicle Model,Latitude,Longitude,Year,Month,Hour
220001421,Property Damage Crash,01/12/2022 04:18:00 PM,GEORGIA AVE,NA,SAME DIRECTION SIDESWIPE,Clear,DRY,Daylight,TRAFFIC SIGNAL,NONE DETECTED,Yes,No Apparent Injury,N/A,NOT DISTRACTED,PA,AMBULANCE/EMERGENCY,MOVING CONSTANT SPEED,35,No,2020,FREIGHTLINER,AMBULANCE,39.02570617,-77.04622383,2022,1,16
220001521,Property Damage Crash,01/12/2022 03:00:00 PM,METROPOLITAN GROVE RD,NA,SINGLE VEHICLE,Clear,DRY,Daylight,NO CONTROLS,NONE DETECTED,Yes,No Apparent Injury,N/A,NOT DISTRACTED,MD,POLICE VEHICLE/NON EMERGENCY,MOVING CONSTANT SPEED,25,No,2019,DODGE,CHARGER,39.14883562,-77.22404137,2022,1,15
220001403,Property Damage Crash,01/12/2022 02:25:00 PM,NA,NA,OTHER,Clear,NA,Daylight,NO CONTROLS,NONE DETECTED,No,No Apparent Injury,N/A,NOT DISTRACTED,MD,PASSENGER CAR,BACKING,10,No,2015,LEXUS,TK,38.98838083,-76.98812167,2022,1,14
220001403,Property Damage Crash,01/12/2022 02:25:00 PM,NA,NA,OTHER,Clear,NA,Daylight,NO CONTROLS,NONE DETECTED,Yes,No Apparent Injury,N/A,LOOKED BUT DID NOT SEE,MD,PICKUP TRUCK,BACKING,10,No,2013,FORD,TK,38.98838083,-76.98812167,2022,1,14
220001397,Property Damage Crash,01/12/2022 02:00:00 PM,ROCKVILLE PIKE,NA,SAME DIR REAR END,Clear,DRY,Daylight,NO CONTROLS,NONE DETECTED,No,No Apparent Injury,N/A,NOT DISTRACTED,MD,PASSENGER CAR,MOVING CONSTANT SPEED,40,No,2018,FORD,ECOSPORT,39.05366417,-77.11729867,2022,1,14
220001397,Property Damage Crash,01/12/2022 02:00:00 PM,ROCKVILLE PIKE,NA,SAME DIR REAR END,Clear,DRY,Daylight,NO CONTROLS,NONE DETECTED,Yes,No Apparent Injury,N/A,UNKNOWN,NA,PASSENGER CAR,MOVING CONSTANT SPEED,40,No,2020,CHEVY,EQUINOX,39.05366417,-77.11729867,2022,1,14
220001449,Property Damage Crash,01/12/2022 01:33:00 PM,QUAIL VALLEY BLVD,NA,OTHER,Clear,UNKNOWN,Daylight,UNKNOWN,NONE DETECTED,Yes,No Apparent Injury,N/A,UNKNOWN,NA,NA,MOVING CONSTANT SPEED,15,No,0,UNKNOWN,UNKNOWN,39.16739855,-77.18226801,2022,1,13
22001394,Property Damage Crash,01/12/2022 01:30:00 PM,NICHOLSON LA,NA,HEAD ON LEFT TURN,Clear,DRY,Daylight,TRAFFIC SIGNAL,NONE DETECTED,Yes,No Apparent Injury,N/A,NOT DISTRACTED,MD,PASSENGER CAR,MAKING LEFT TURN,30,No,2012,TOYOTA,VENZA,39.045595,-77.10483667,2022,1,13
22001394,Property Damage Crash,01/12/2022 01:30:00 PM,NICHOLSON LA,NA,HEAD ON LEFT TURN,Clear,DRY,Daylight,TRAFFIC SIGNAL,NONE DETECTED,No,No Apparent Injury,N/A,NOT DISTRACTED,DC,PASSENGER CAR,ACCELERATING,30,No,2019,TOYOTA,CAMRY,39.045595,-77.10483667,2022,1,13
220001386,Property Damage Crash,01/12/2022 12:54:00 PM,RUSSELL AVE,NA,SAME DIRECTION RIGHT TURN,Clear,DRY,Daylight,TRAFFIC SIGNAL,NONE DETECTED,No,No Apparent Injury,N/A,NOT DISTRACTED,MD,VAN,MOVING CONSTANT SPEED,35,No,2014,DODGE,RAM,39.15809,-77.21371667,2022,1,12
220001386,Property Damage Crash,01/12/2022 12:54:00 PM,RUSSELL AVE,NA,SAME DIRECTION RIGHT TURN,Clear,DRY,Daylight,TRAFFIC SIGNAL,NONE DETECTED,Yes,No Apparent Injury,N/A,UNKNOWN,MD,PASSENGER CAR,CHANGING LANES,35,No,2018,TOYT,SD,39.15809,-77.21371667,2022,1,12
220001368,Property Damage Crash,01/12/2022 10:59:00 AM,EAST WEST HWY (W/B COUPLET),NA,SAME DIR REAR END,Clear,DRY,Daylight,TRAFFIC SIGNAL,NONE DETECTED,Yes,No Apparent Injury,N/A,LOOKED BUT DID NOT SEE,MD,PASSENGER CAR,MAKING LEFT TURN,25,No,2021,HYUN,HB,38.98474833,-77.09117333,2022,1,10
220001368,Property Damage Crash,01/12/2022 10:59:00 AM,EAST WEST HWY (W/B COUPLET),NA,SAME DIR REAR END,Clear,DRY,Daylight,TRAFFIC SIGNAL,NONE DETECTED,No,No Apparent Injury,N/A,NOT DISTRACTED,MD,(SPORT) UTILITY VEHICLE,MOVING CONSTANT SPEED,25,No,2016,LEXS,NX200T,38.98474833,-77.09117333,2022,1,10
220001362,Property Damage Crash,01/12/2022 10:50:00 AM,NORTHWEST DR,NA,SAME DIR REAR END,Clear,DRY,Daylight,NO CONTROLS,NONE DETECTED,No,No Apparent Injury,N/A,NOT DISTRACTED,MD,"MEDIUM/HEAVY TRUCKS 3 AXLES (OVER 10,000LBS (4,536KG))",STOPPED IN TRAFFIC LANE,20,No,2018,FORD,F250XL,39.037435,-76.99874333,2022,1,10
220001362,Property Damage Crash,01/12/2022 10:50:00 AM,NORTHWEST DR,NA,SAME DIR REAR END,Clear,DRY,Daylight,NO CONTROLS,NONE DETECTED,Yes,No Apparent Injury,N/A,UNKNOWN,XX,PASSENGER CAR,STARTING FROM LANE,20,No,2016,MITSUBISHI,OUTLANDER,39.037435,-76.99874333,2022,1,10
220001357,Property Damage Crash,01/12/2022 09:30:00 AM,BRIARDALE RD,NA,SAME DIRECTION SIDESWIPE,Clear,DRY,Daylight,NO CONTROLS,NONE DETECTED,Yes,No Apparent Injury,N/A,UNKNOWN,MD,PASSENGER CAR,MOVING CONSTANT SPEED,25,No,2017,BMW,4D,39.13392333,-77.15985,2022,1,9
220001357,Property Damage Crash,01/12/2022 09:30:00 AM,BRIARDALE RD,NA,SAME DIRECTION SIDESWIPE,Clear,DRY,Daylight,NO CONTROLS,NONE DETECTED,Yes,No Apparent Injury,N/A,LOOKED BUT DID NOT SEE,MD,PASSENGER CAR,STARTING FROM PARKED,25,No,2014,HOND,MINIVAN,39.13392333,-77.15985,2022,1,9
220001349,Property Damage Crash,01/12/2022 08:30:00 AM,NA,NA,SINGLE VEHICLE,Clear,NA,Daylight,N/A,NONE DETECTED,Yes,No Apparent Injury,N/A,NOT DISTRACTED,VA,"MEDIUM/HEAVY TRUCKS 3 AXLES (OVER 10,000LBS (4,536KG))",MAKING LEFT TURN,15,No,2015,FREIGHTLINER,TRUCK TRACTOR,39.114355,-77.236885,2022,1,8
220001345,Injury Crash,01/12/2022 08:14:00 AM,MIDDLEBROOK RD,NA,HEAD ON LEFT TURN,Clear,DRY,Daylight,TRAFFIC SIGNAL,NONE DETECTED,Yes,No Apparent Injury,N/A,LOOKED BUT DID NOT SEE,MD,PASSENGER CAR,STARTING FROM LANE,40,No,2005,KIA,LX,39.17905333,-77.26710333,2022,1,8
220001345,Injury Crash,01/12/2022 08:14:00 AM,MIDDLEBROOK RD,NA,HEAD ON LEFT TURN,Clear,DRY,Daylight,TRAFFIC SIGNAL,NONE DETECTED,Yes,Possible Minor Injury,N/A,LOOKED BUT DID NOT SEE,MD,PASSENGER CAR,STARTING FROM LANE,40,No,2019,HONDA,HR-V,39.17905333,-77.26710333,2022,1,8
220001344,Property Damage Crash,01/12/2022 06:10:00 AM,NA,NA,OTHER,Clear,NA,Dark,NO CONTROLS,NONE DETECTED,Yes,No Apparent Injury,N/A,UNKNOWN,MD,FIRE VEHICLE/NON EMERGENCY,PARKED,25,No,2016,SPA,FIRETRUCK,39.12904945,-77.20175475,2022,1,6
220001344,Property Damage Crash,01/12/2022 06:10:00 AM,NA,NA,OTHER,Clear,NA,Dark,NO CONTROLS,NONE DETECTED,No,No Apparent Injury,N/A,NOT DISTRACTED,MD,FIRE VEHICLE/NON EMERGENCY,PARKED,25,No,2019,PIRC,FIRETRUCK,39.12904945,-77.20175475,2022,1,6
220001343,Property Damage Crash,01/12/2022 05:20:00 AM,WOODMONT AVE,NA,STRAIGHT MOVEMENT ANGLE,Clear,DRY,Medium,TRAFFIC SIGNAL,NONE DETECTED,Yes,No Apparent Injury,N/A,NOT DISTRACTED,MD,PASSENGER CAR,MOVING CONSTANT SPEED,25,No,2004,TOYOTA,HIGHLANDER,38.99248667,-77.09704833,2022,1,5
220001343,Property Damage Crash,01/12/2022 05:20:00 AM,WOODMONT AVE,NA,STRAIGHT MOVEMENT ANGLE,Clear,DRY,Medium,TRAFFIC SIGNAL,NONE DETECTED,No,No Apparent Injury,N/A,NOT DISTRACTED,MD,PASSENGER CAR,MOVING CONSTANT SPEED,25,No,2021,TOYT,UT,38.99248667,-77.09704833,2022,1,5
220001340,Injury Crash,01/12/2022 04:06:00 AM,FREDERICK RD,NA,STRAIGHT MOVEMENT ANGLE,Clear,DRY,Medium,FLASHING TRAFFIC SIGNAL,NONE DETECTED,No,Possible Minor Injury,N/A,NOT DISTRACTED,MD,PASSENGER CAR,MOVING CONSTANT SPEED,35,No,2015,HONDA,ODYSSEY,39.15922658,-77.21935028,2022,1,4
220001340,Injury Crash,01/12/2022 04:06:00 AM,FREDERICK RD,NA,STRAIGHT MOVEMENT ANGLE,Clear,DRY,Medium,FLASHING TRAFFIC SIGNAL,NONE DETECTED,Yes,No Apparent Injury,N/A,LOOKED BUT DID NOT SEE,MD,PASSENGER CAR,SLOWING OR STOPPING,35,No,2014,ACURA,ILX,39.15922658,-77.21935028,2022,1,4
220001327,Property Damage Crash,01/11/2022 10:00:00 PM,W DIAMOND AVE,NA,SAME DIR REAR END,Clear,DRY,Medium,TRAFFIC SIGNAL,NONE DETECTED,No,No Apparent Injury,N/A,NOT DISTRACTED,SC,PASSENGER CAR,STOPPED IN TRAFFIC LANE,35,No,2015,TOYT,COROLLA,39.14053154,-77.20935539,2022,1,22
220001327,Property Damage Crash,01/11/2022 10:00:00 PM,W DIAMOND AVE,NA,SAME DIR REAR END,Clear,DRY,Medium,TRAFFIC SIGNAL,NONE DETECTED,Yes,No Apparent Injury,N/A,INATTENTIVE OR LOST IN THOUGHT,MD,PASSENGER CAR,SLOWING OR STOPPING,35,No,2018,HYUNDAI,ELANTRA,39.14053154,-77.20935539,2022,1,22
220001316,Injury Crash,01/11/2022 06:35:00 PM,COLESVILLE RD,NA,STRAIGHT MOVEMENT ANGLE,Clear,DRY,Medium,TRAFFIC SIGNAL,NONE DETECTED,Yes,Possible Minor Injury,N/A,LOOKED BUT DID NOT SEE,MD,PASSENGER CAR,MAKING LEFT TURN,35,No,2001,DODGE,STRATUS,38.99370667,-77.032695,2022,1,18
220001316,Injury Crash,01/11/2022 06:35:00 PM,COLESVILLE RD,NA,STRAIGHT MOVEMENT ANGLE,Clear,DRY,Medium,TRAFFIC SIGNAL,NONE DETECTED,No,No Apparent Injury,N/A,LOOKED BUT DID NOT SEE,DC,PASSENGER CAR,SLOWING OR STOPPING,35,No,2018,VOLKSWAGON,TIGAN,38.99370667,-77.032695,2022,1,18
220001315,Property Damage Crash,01/11/2022 06:11:00 PM,W JEFFERSON ST,NA,HEAD ON LEFT TURN,Clear,DRY,Medium,TRAFFIC SIGNAL,NONE DETECTED,No,No Apparent Injury,N/A,NOT DISTRACTED,MD,(SPORT) UTILITY VEHICLE,MOVING CONSTANT SPEED,35,No,2016,JEEP,RENEGADE,39.083975,-77.15695833,2022,1,18
220001315,Property Damage Crash,01/11/2022 06:11:00 PM,W JEFFERSON ST,NA,HEAD ON LEFT TURN,Clear,DRY,Medium,TRAFFIC SIGNAL,NONE DETECTED,Yes,No Apparent Injury,N/A,LOOKED BUT DID NOT SEE,MD,PICKUP TRUCK,MAKING LEFT TURN,35,No,2011,TOYOTA,TACOMA,39.083975,-77.15695833,2022,1,18
220001311,Property Damage Crash,01/11/2022 06:00:00 PM,NEW HAMPSHIRE AVE,NA,STRAIGHT MOVEMENT ANGLE,Clear,DRY,Medium,TRAFFIC SIGNAL,NONE DETECTED,Yes,No Apparent Injury,N/A,LOOKED BUT DID NOT SEE,MD,VAN,MAKING LEFT TURN,25,No,2019,MERZ,SPRINTER,39.192875,-77.026405,2022,1,18
220001311,Property Damage Crash,01/11/2022 06:00:00 PM,NEW HAMPSHIRE AVE,NA,STRAIGHT MOVEMENT ANGLE,Clear,DRY,Medium,TRAFFIC SIGNAL,NONE DETECTED,No,No Apparent Injury,N/A,NOT DISTRACTED,MD,PASSENGER CAR,MOVING CONSTANT SPEED,25,No,2020,TOYT,CAMRY,39.192875,-77.026405,2022,1,18
220001313,Injury Crash,01/11/2022 05:48:00 PM,NORBECK RD,NA,HEAD ON LEFT TURN,Clear,DRY,Dark,TRAFFIC SIGNAL,NONE DETECTED,Yes,No Apparent Injury,N/A,LOOKED BUT DID NOT SEE,MD,OTHER,MAKING LEFT TURN,35,No,1994,GRUMMAN,LLV-A,39.09515667,-77.11251833,2022,1,17
220001313,Injury Crash,01/11/2022 05:48:00 PM,NORBECK RD,NA,HEAD ON LEFT TURN,Clear,DRY,Dark,TRAFFIC SIGNAL,NONE DETECTED,No,Possible Minor Injury,N/A,NOT DISTRACTED,MD,PASSENGER CAR,MOVING CONSTANT SPEED,35,No,2018,VOLKSWAGEN,PASSAT,39.09515667,-77.11251833,2022,1,17
220001312,Injury Crash,01/11/2022 05:45:00 PM,OBSERVATION DR,NA,HEAD ON LEFT TURN,Clear,DRY,Dark,TRAFFIC SIGNAL,NONE DETECTED,Unknown,No Apparent Injury,N/A,LOOKED BUT DID NOT SEE,MD,PASSENGER CAR,MAKING LEFT TURN,40,No,2021,TOYOTA,HIGHLANDER,39.19797797,-77.25420857,2022,1,17
220001312,Injury Crash,01/11/2022 05:45:00 PM,OBSERVATION DR,NA,HEAD ON LEFT TURN,Clear,DRY,Dark,TRAFFIC SIGNAL,NONE DETECTED,Unknown,Suspected Serious Injury,N/A,UNKNOWN,MD,PASSENGER CAR,MOVING CONSTANT SPEED,40,No,2004,TOYOTA,COROLLA,39.19797797,-77.25420857,2022,1,17
220001310,Property Damage Crash,01/11/2022 05:32:00 PM,NEW HAMPSHIRE AVE,NA,SAME DIR BOTH LEFT TURN,Clear,DRY,Medium,TRAFFIC SIGNAL,NONE DETECTED,Yes,No Apparent Injury,N/A,NOT DISTRACTED,MD,PASSENGER CAR,MAKING LEFT TURN,40,No,2017,NISSAN,4 DOOR,39.011415,-76.97835667,2022,1,17
220001310,Property Damage Crash,01/11/2022 05:32:00 PM,NEW HAMPSHIRE AVE,NA,SAME DIR BOTH LEFT TURN,Clear,DRY,Medium,TRAFFIC SIGNAL,NONE DETECTED,No,No Apparent Injury,N/A,NOT DISTRACTED,MD,TRANSIT BUS,MAKING LEFT TURN,40,No,2010,TBU,BUS,39.011415,-76.97835667,2022,1,17
220001308,Property Damage Crash,01/11/2022 05:28:00 PM,NA,NA,OTHER,Clear,NA,Medium,NO CONTROLS,NONE DETECTED,Yes,No Apparent Injury,N/A,UNKNOWN,MD,AMBULANCE/NON EMERGENCY,BACKING,15,No,2004,FORD,TK,39.09859,-77.19761667,2022,1,17
220001294,Property Damage Crash,01/11/2022 04:28:00 PM,NORWOOD RD,NA,SAME DIR REND LEFT TURN,Clear,DRY,Daylight,TRAFFIC SIGNAL,NONE DETECTED,Yes,No Apparent Injury,N/A,LOOKED BUT DID NOT SEE,MD,PASSENGER CAR,SLOWING OR STOPPING,35,No,2013,CHEV,CRUZE,39.1253745,-77.0275745,2022,1,16
220001294,Property Damage Crash,01/11/2022 04:28:00 PM,NORWOOD RD,NA,SAME DIR REND LEFT TURN,Clear,DRY,Daylight,TRAFFIC SIGNAL,NONE DETECTED,No,No Apparent Injury,N/A,NOT DISTRACTED,MD,(SPORT) UTILITY VEHICLE,MAKING LEFT TURN,35,No,2015,HOND,CR-V,39.1253745,-77.0275745,2022,1,16
220001279,Property Damage Crash,01/11/2022 03:58:00 PM,W WATKINS MILL RD,NA,ANGLE MEETS LEFT TURN,Clear,DRY,Daylight,TRAFFIC SIGNAL,NONE DETECTED,Unknown,No Apparent Injury,N/A,UNKNOWN,MD,PASSENGER CAR,MOVING CONSTANT SPEED,35,No,2022,TOYT,SUV,39.15614705,-77.22588628,2022,1,15
220001279,Property Damage Crash,01/11/2022 03:58:00 PM,W WATKINS MILL RD,NA,ANGLE MEETS LEFT TURN,Clear,DRY,Daylight,TRAFFIC SIGNAL,NONE DETECTED,Unknown,No Apparent Injury,N/A,UNKNOWN,MD,PICKUP TRUCK,MAKING LEFT TURN,35,No,2021,FORD,F250,39.15614705,-77.22588628,2022,1,15
220001289,Property Damage Crash,01/11/2022 03:51:00 PM,PINEY BRANCH RD,NA,SAME DIR REAR END,Clear,DRY,Daylight,NO CONTROLS,NONE DETECTED,Yes,No Apparent Injury,N/A,LOOKED BUT DID NOT SEE,DC,PASSENGER CAR,MOVING CONSTANT SPEED,35,No,2012,SUBARU,FORESTER,39.0012975,-76.98570917,2022,1,15
220001289,Property Damage Crash,01/11/2022 03:51:00 PM,PINEY BRANCH RD,NA,SAME DIR REAR END,Clear,DRY,Daylight,NO CONTROLS,NONE DETECTED,No,No Apparent Injury,N/A,NOT DISTRACTED,MD,PASSENGER CAR,MOVING CONSTANT SPEED,35,No,2011,HONDA,CRV,39.0012975,-76.98570917,2022,1,15
220001286,Injury Crash,01/11/2022 03:50:00 PM,UNIVERSITY BLVD W,NA,STRAIGHT MOVEMENT ANGLE,Clear,DRY,Daylight,TRAFFIC SIGNAL,NONE DETECTED,Yes,Possible Minor Injury,N/A,LOOKED BUT DID NOT SEE,DC,PASSENGER CAR,MAKING LEFT TURN,25,No,2018,NISSAN,VAN,39.03997833,-77.043175,2022,1,15
220001286,Injury Crash,01/11/2022 03:50:00 PM,UNIVERSITY BLVD W,NA,STRAIGHT MOVEMENT ANGLE,Clear,DRY,Daylight,TRAFFIC SIGNAL,NONE DETECTED,No,Possible Minor Injury,N/A,NOT DISTRACTED,MD,PASSENGER CAR,MOVING CONSTANT SPEED,35,No,2010,TOYOTA,CAMRY,39.03997833,-77.043175,2022,1,15
220001278,Property Damage Crash,01/11/2022 02:41:00 PM,UNIVERSITY BLVD W,NA,SAME DIRECTION SIDESWIPE,Clear,DRY,Daylight,NO CONTROLS,NONE DETECTED,Yes,No Apparent Injury,N/A,INATTENTIVE OR LOST IN THOUGHT,MD,PASSENGER CAR,MAKING RIGHT TURN,10,No,2017,TOYT,COROLLA,39.035005,-77.02486167,2022,1,14
220001278,Property Damage Crash,01/11/2022 02:41:00 PM,UNIVERSITY BLVD W,NA,SAME DIRECTION SIDESWIPE,Clear,DRY,Daylight,NO CONTROLS,NONE DETECTED,No,No Apparent Injury,N/A,NOT DISTRACTED,MD,SCHOOL BUS,MAKING RIGHT TURN,10,No,2019,FRHT,BUS,39.035005,-77.02486167,2022,1,14
220001265,Property Damage Crash,01/11/2022 02:21:00 PM,WISCONSIN AVE,NA,STRAIGHT MOVEMENT ANGLE,Clear,DRY,Daylight,TRAFFIC SIGNAL,NONE DETECTED,Yes,No Apparent Injury,N/A,UNKNOWN,MD,PASSENGER CAR,MOVING CONSTANT SPEED,25,No,2008,ACURA,TL,38.97816333,-77.09139833,2022,1,14
220001265,Property Damage Crash,01/11/2022 02:21:00 PM,WISCONSIN AVE,NA,STRAIGHT MOVEMENT ANGLE,Clear,DRY,Daylight,TRAFFIC SIGNAL,NONE DETECTED,No,No Apparent Injury,N/A,NOT DISTRACTED,MD,PASSENGER CAR,MAKING LEFT TURN,25,No,2018,TESLA,4S,38.97816333,-77.09139833,2022,1,14
220001259,Property Damage Crash,01/11/2022 01:35:00 PM,FREDERICK RD,NA,SAME DIR REAR END,Clear,DRY,Daylight,TRAFFIC SIGNAL,NONE DETECTED,Yes,No Apparent Injury,N/A,NOT DISTRACTED,MD,TRANSIT BUS,SLOWING OR STOPPING,35,No,2008,GILL,BU,39.12271557,-77.17803125,2022,1,13
220001259,Property Damage Crash,01/11/2022 01:35:00 PM,FREDERICK RD,NA,SAME DIR REAR END,Clear,DRY,Daylight,TRAFFIC SIGNAL,NONE DETECTED,No,No Apparent Injury,N/A,NOT DISTRACTED,MD,PASSENGER CAR,STOPPED IN TRAFFIC LANE,35,No,2015,FORD,VN,39.12271557,-77.17803125,2022,1,13
220001237,Property Damage Crash,01/11/2022 11:00:00 AM,ROLLINS AVE,NA,SAME DIR REAR END,Clear,DRY,Daylight,NO CONTROLS,NONE DETECTED,No,No Apparent Injury,N/A,NOT DISTRACTED,MD,PASSENGER CAR,STOPPED IN TRAFFIC LANE,30,No,2010,CHEVEROLET,4DR,39.05873696,-77.12319908,2022,1,11
220001237,Property Damage Crash,01/11/2022 11:00:00 AM,ROLLINS AVE,NA,SAME DIR REAR END,Clear,DRY,Daylight,NO CONTROLS,NONE DETECTED,No,No Apparent Injury,N/A,NOT DISTRACTED,CA,PASSENGER CAR,STOPPED IN TRAFFIC LANE,30,No,2012,CHEVEROLET,4DR,39.05873696,-77.12319908,2022,1,11
220001237,Property Damage Crash,01/11/2022 11:00:00 AM,ROLLINS AVE,NA,SAME DIR REAR END,Clear,DRY,Daylight,NO CONTROLS,NONE DETECTED,Yes,No Apparent Injury,N/A,DISTRACTED BY OUTSIDE PERSON OBJECT OR EVENT,MD,PASSENGER CAR,MOVING CONSTANT SPEED,30,No,2016,SUBURA,4DR,39.05873696,-77.12319908,2022,1,11
220001225,Property Damage Crash,01/11/2022 10:01:00 AM,QUEEN MARY DR,NA,OTHER,Clear,DRY,Daylight,NO CONTROLS,NONE DETECTED,No,No Apparent Injury,N/A,NOT DISTRACTED,MD,PASSENGER CAR,PASSING,25,No,2013,TOYT,VENZA,39.14867667,-77.06842,2022,1,10
220001225,Property Damage Crash,01/11/2022 10:01:00 AM,QUEEN MARY DR,NA,OTHER,Clear,DRY,Daylight,NO CONTROLS,NONE DETECTED,Yes,No Apparent Injury,N/A,NOT DISTRACTED,MD,"OTHER LIGHT TRUCKS (10,000LBS (4,536KG) OR LESS)",MAKING LEFT TURN,25,No,2013,FRHT,TK,39.14867667,-77.06842,2022,1,10
220001222,Property Damage Crash,01/11/2022 09:44:00 AM,WOODFIELD RD,NA,STRAIGHT MOVEMENT ANGLE,Clear,DRY,Daylight,STOP SIGN,NONE DETECTED,Yes,No Apparent Injury,N/A,UNKNOWN,MD,PASSENGER CAR,MAKING LEFT TURN,35,No,2010,TOYOTA,COROLLA,39.17495,-77.15135,2022,1,9
220001222,Property Damage Crash,01/11/2022 09:44:00 AM,WOODFIELD RD,NA,STRAIGHT MOVEMENT ANGLE,Clear,DRY,Daylight,STOP SIGN,NONE DETECTED,No,No Apparent Injury,N/A,NOT DISTRACTED,MD,PASSENGER CAR,MOVING CONSTANT SPEED,35,No,2015,VOLKSWAGON,JETTA,39.17495,-77.15135,2022,1,9
220001220,Property Damage Crash,01/11/2022 09:10:00 AM,OAKLYN DR,NA,OTHER,Clear,DRY,Daylight,NO CONTROLS,NONE DETECTED,No,No Apparent Injury,N/A,NOT DISTRACTED,DC,PASSENGER CAR,STOPPED IN TRAFFIC LANE,35,No,2018,LEXS,UT,39.00746217,-77.2176425,2022,1,9
220001220,Property Damage Crash,01/11/2022 09:10:00 AM,OAKLYN DR,NA,OTHER,Clear,DRY,Daylight,NO CONTROLS,NONE DETECTED,Yes,No Apparent Injury,N/A,LOOKED BUT DID NOT SEE,MD,SCHOOL BUS,BACKING,35,No,2017,THOM,BU,39.00746217,-77.2176425,2022,1,9
220001211,Property Damage Crash,01/11/2022 06:50:00 AM,NEW HAMPSHIRE AVE,NA,SAME DIR REAR END,Clear,DRY,Medium,TRAFFIC SIGNAL,NONE DETECTED,Yes,No Apparent Injury,N/A,UNKNOWN,MD,PASSENGER CAR,SLOWING OR STOPPING,30,No,2012,KIA,FORTE 4D,39.14982167,-77.012455,2022,1,6
220001211,Property Damage Crash,01/11/2022 06:50:00 AM,NEW HAMPSHIRE AVE,NA,SAME DIR REAR END,Clear,DRY,Medium,TRAFFIC SIGNAL,NONE DETECTED,No,No Apparent Injury,N/A,UNKNOWN,MD,POLICE VEHICLE/NON EMERGENCY,STOPPED IN TRAFFIC LANE,30,No,2014,DODG,CHARGER 4D,39.14982167,-77.012455,2022,1,6
220001210,Property Damage Crash,01/11/2022 06:48:00 AM,WOODFIELD RD,NA,SAME DIR REAR END,Clear,DRY,Medium,NO CONTROLS,NONE DETECTED,No,No Apparent Injury,N/A,NOT DISTRACTED,ND,SCHOOL BUS,MOVING CONSTANT SPEED,35,No,2022,THOMAS,SB,39.253065,-77.19770667,2022,1,6
220001210,Property Damage Crash,01/11/2022 06:48:00 AM,WOODFIELD RD,NA,SAME DIR REAR END,Clear,DRY,Medium,NO CONTROLS,NONE DETECTED,Yes,No Apparent Injury,N/A,NOT DISTRACTED,MD,PASSENGER CAR,MOVING CONSTANT SPEED,35,No,2013,CHEV,VOLT,39.253065,-77.19770667,2022,1,6
220001209,Property Damage Crash,01/11/2022 06:47:00 AM,SPENCERVILLE RD,NA,SINGLE VEHICLE,Clear,ICE,Medium,NO CONTROLS,NONE DETECTED,Yes,No Apparent Injury,"ICY OR SNOW-COVERED, N/A",NOT DISTRACTED,MD,PASSENGER CAR,MOVING CONSTANT SPEED,30,No,2015,FORD,FOCUS,39.11143117,-76.95134483,2022,1,6
220001212,Property Damage Crash,01/11/2022 06:45:00 AM,ROCKVILLE PIKE,NA,SAME DIRECTION SIDESWIPE,Clear,DRY,Dark,TRAFFIC SIGNAL,NONE DETECTED,No,No Apparent Injury,N/A,NOT DISTRACTED,MD,PASSENGER CAR,MOVING CONSTANT SPEED,30,No,2018,TOYT,SW,38.99690667,-77.09728167,2022,1,6
220001212,Property Damage Crash,01/11/2022 06:45:00 AM,ROCKVILLE PIKE,NA,SAME DIRECTION SIDESWIPE,Clear,DRY,Dark,TRAFFIC SIGNAL,NONE DETECTED,Yes,No Apparent Injury,N/A,NOT DISTRACTED,MD,PASSENGER CAR,MAKING RIGHT TURN,30,No,2012,NISSAN,4D,38.99690667,-77.09728167,2022,1,6
220001208,Injury Crash,01/11/2022 06:35:00 AM,UNIVERSITY BLVD E,NA,STRAIGHT MOVEMENT ANGLE,Clear,DRY,Medium,TRAFFIC SIGNAL,NONE DETECTED,No,No Apparent Injury,N/A,NOT DISTRACTED,MD,VAN,STOPPED IN TRAFFIC LANE,35,No,2001,DODGE,GRAND CARAVAN,39.01235678,-77.00296303,2022,1,6
220001208,Injury Crash,01/11/2022 06:35:00 AM,UNIVERSITY BLVD E,NA,STRAIGHT MOVEMENT ANGLE,Clear,DRY,Medium,TRAFFIC SIGNAL,NONE DETECTED,Yes,Possible Minor Injury,N/A,UNKNOWN,XX,PASSENGER CAR,MAKING LEFT TURN,35,No,2004,TOYOTA,COROLLA,39.01235678,-77.00296303,2022,1,6
220001208,Injury Crash,01/11/2022 06:35:00 AM,UNIVERSITY BLVD E,NA,STRAIGHT MOVEMENT ANGLE,Clear,DRY,Medium,TRAFFIC SIGNAL,NONE DETECTED,No,No Apparent Injury,N/A,NOT DISTRACTED,MD,VAN,MOVING CONSTANT SPEED,35,No,1999,FORD,E350,39.01235678,-77.00296303,2022,1,6
220001203,Property Damage Crash,01/10/2022 10:30:00 PM,ELSMERE AVE,NA,SAME DIR REAR END,Clear,DRY,Medium,NO CONTROLS,ALCOHOL PRESENT,Yes,No Apparent Injury,N/A,TALKING OR LISTENING TO CELLULAR PHONE,MD,PASSENGER CAR,MOVING CONSTANT SPEED,25,No,2018,KIA,SPORTAGE,39.01047333,-77.10018333,2022,1,22
220001195,Property Damage Crash,01/10/2022 09:20:00 PM,WATKINS MILL RD,NA,OTHER,Clear,DRY,Medium,N/A,NONE DETECTED,No,No Apparent Injury,N/A,NOT DISTRACTED,MD,PASSENGER CAR,STOPPED IN TRAFFIC LANE,35,No,2019,FORD,TK,39.18799333,-77.21668,2022,1,21
220001195,Property Damage Crash,01/10/2022 09:20:00 PM,WATKINS MILL RD,NA,OTHER,Clear,DRY,Medium,N/A,NONE DETECTED,Yes,No Apparent Injury,N/A,LOOKED BUT DID NOT SEE,NA,PASSENGER CAR,BACKING,35,No,2013,NISSA,TK,39.18799333,-77.21668,2022,1,21
220001191,Injury Crash,01/10/2022 09:00:00 PM,BLUNT RD,NA,HEAD ON,Clear,DRY,Medium,NO CONTROLS,NONE DETECTED,Yes,Possible Minor Injury,N/A,UNKNOWN,MD,PASSENGER CAR,MOVING CONSTANT SPEED,25,No,2010,TOYOTA,CORROLA,39.195943,-77.22206717,2022,1,21
220001191,Injury Crash,01/10/2022 09:00:00 PM,BLUNT RD,NA,HEAD ON,Clear,DRY,Medium,NO CONTROLS,NONE DETECTED,No,Possible Minor Injury,N/A,NOT DISTRACTED,MD,(SPORT) UTILITY VEHICLE,MOVING CONSTANT SPEED,25,No,2014,TOYOTA,RAV4,39.195943,-77.22206717,2022,1,21
220001187,Property Damage Crash,01/10/2022 08:18:00 PM,METROPOLITAN AVE,NA,SINGLE VEHICLE,Cloudy,DRY,Dark,NO CONTROLS,NONE DETECTED,Yes,No Apparent Injury,N/A,NOT DISTRACTED,XX,PASSENGER CAR,MOVING CONSTANT SPEED,30,No,2001,HONDA,CIVIC,39.02465409,-77.06844767,2022,1,20
220001171,Injury Crash,01/10/2022 06:40:00 PM,PINEY BRANCH RD,PEDESTRIAN,STRAIGHT MOVEMENT ANGLE,Clear,DRY,Medium,N/A,NONE DETECTED,No,No Apparent Injury,N/A,NOT DISTRACTED,DC,PASSENGER CAR,MOVING CONSTANT SPEED,35,No,2011,HONDA,4DR,38.998555,-77.00186167,2022,1,18