Local Case Number,ACRS Report Type,Crash Date/Time,Road Name,Related Non-Motorist,Collision Type,Weather,Surface Condition,Light,Traffic Control,Driver Substance Abuse,Driver At Fault,Injury Severity,Circumstance,Driver Distracted By,Drivers License State,Vehicle Body Type,Vehicle Movement,Speed Limit,Driverless Vehicle,Vehicle Year,Vehicle Make,Vehicle Model,Latitude,Longitude,Year,Month,Hour
220001180,Property Damage Crash,01/10/2022 06:23:00 PM,NA,PEDESTRIAN,OTHER,Clear,NA,Medium,NO CONTROLS,NONE DETECTED,No,No Apparent Injury,N/A,UNKNOWN,NA,VAN,MAKING RIGHT TURN,25,No,2021,RAM,PROMASTER 3500,39.16186967,-77.20433514,2022,1,18
220001170,Property Damage Crash,01/10/2022 06:14:00 PM,WISTERIA DR,NA,OTHER,Clear,DRY,Medium,NO CONTROLS,NONE DETECTED,Yes,No Apparent Injury,N/A,UNKNOWN,MD,(SPORT) UTILITY VEHICLE,UNKNOWN,30,No,2009,NISSAN,VERSA,39.177375,-77.27097333,2022,1,18
220001170,Property Damage Crash,01/10/2022 06:14:00 PM,WISTERIA DR,NA,OTHER,Clear,DRY,Medium,NO CONTROLS,NONE DETECTED,No,No Apparent Injury,N/A,NOT DISTRACTED,MD,PASSENGER CAR,UNKNOWN,30,No,2020,TOYOTA,CAMRY,39.177375,-77.27097333,2022,1,18
220001144,Property Damage Crash,01/10/2022 03:37:00 PM,VEIRS MILL RD,NA,OTHER,Clear,WET,Daylight,TRAFFIC SIGNAL,NONE DETECTED,Yes,No Apparent Injury,N/A,LOOKED BUT DID NOT SEE,MD,PASSENGER CAR,MOVING CONSTANT SPEED,35,No,2001,TOYOTA,4RUNNER,39.036675,-77.050955,2022,1,15
220001144,Property Damage Crash,01/10/2022 03:37:00 PM,VEIRS MILL RD,NA,OTHER,Clear,WET,Daylight,TRAFFIC SIGNAL,NONE DETECTED,No,No Apparent Injury,N/A,NOT DISTRACTED,MD,TRANSIT BUS,MAKING LEFT TURN,35,No,2013,NEW,TBU,39.036675,-77.050955,2022,1,15
220001128,Property Damage Crash,01/10/2022 02:57:00 PM,GEORGIA AVE,NA,SAME DIR REAR END,Clear,DRY,Daylight,TRAFFIC SIGNAL,NONE DETECTED,Yes,No Apparent Injury,N/A,LOOKED BUT DID NOT SEE,MD,PASSENGER CAR,MOVING CONSTANT SPEED,45,No,2016,ACURA,4S,39.14204232,-77.06740287,2022,1,14
220001128,Property Damage Crash,01/10/2022 02:57:00 PM,GEORGIA AVE,NA,SAME DIR REAR END,Clear,DRY,Daylight,TRAFFIC SIGNAL,NONE DETECTED,No,No Apparent Injury,N/A,NOT DISTRACTED,MD,PASSENGER CAR,STARTING FROM LANE,45,No,2019,TOYOTA,CAMRY,39.14204232,-77.06740287,2022,1,14
220001127,Property Damage Crash,01/10/2022 02:45:00 PM,WISCONSIN AVE,NA,SAME DIR REAR END,Clear,DRY,Daylight,NO CONTROLS,NONE DETECTED,Yes,No Apparent Injury,N/A,UNKNOWN,NA,PASSENGER CAR,MOVING CONSTANT SPEED,25,No,2016,BMW,4 DOOR,39.072055,-77.13418333,2022,1,14
220001127,Property Damage Crash,01/10/2022 02:45:00 PM,WISCONSIN AVE,NA,SAME DIR REAR END,Clear,DRY,Daylight,NO CONTROLS,NONE DETECTED,No,No Apparent Injury,N/A,NOT DISTRACTED,MD,PASSENGER CAR,SLOWING OR STOPPING,25,No,2013,HOND,HB,39.072055,-77.13418333,2022,1,14
220001125,Property Damage Crash,01/10/2022 02:39:00 PM,ARCOLA AVE,NA,STRAIGHT MOVEMENT ANGLE,Clear,DRY,Daylight,STOP SIGN,NONE DETECTED,Yes,No Apparent Injury,N/A,LOOKED BUT DID NOT SEE,MD,PASSENGER CAR,STARTING FROM PARKED,25,No,2018,HONDA,ACCORD,39.046895,-77.05317333,2022,1,14
220001125,Property Damage Crash,01/10/2022 02:39:00 PM,ARCOLA AVE,NA,STRAIGHT MOVEMENT ANGLE,Clear,DRY,Daylight,STOP SIGN,NONE DETECTED,No,No Apparent Injury,N/A,NOT DISTRACTED,MD,PASSENGER CAR,MOVING CONSTANT SPEED,25,No,2006,TOYT,4S,39.046895,-77.05317333,2022,1,14
220001121,Property Damage Crash,01/10/2022 02:18:00 PM,ETHAN ALLEN AVE,NA,STRAIGHT MOVEMENT ANGLE,Clear,DRY,Daylight,STOP SIGN,NONE DETECTED,No,No Apparent Injury,N/A,NOT DISTRACTED,MD,PASSENGER CAR,MOVING CONSTANT SPEED,5,No,2018,TOYT,SD,38.97797683,-77.0017035,2022,1,14
220001121,Property Damage Crash,01/10/2022 02:18:00 PM,ETHAN ALLEN AVE,NA,STRAIGHT MOVEMENT ANGLE,Clear,DRY,Daylight,STOP SIGN,NONE DETECTED,Yes,No Apparent Injury,N/A,NO DRIVER PRESENT,XX,PASSENGER CAR,MOVING CONSTANT SPEED,0,No,2008,HONDA,XX,38.97797683,-77.0017035,2022,1,14
220001108,Property Damage Crash,01/10/2022 12:46:00 PM,PEBBLE RIDGE CT,NA,OTHER,Clear,DRY,Daylight,NO CONTROLS,NONE DETECTED,Yes,No Apparent Injury,N/A,LOOKED BUT DID NOT SEE,MD,PASSENGER CAR,BACKING,25,No,2021,LEXS,UT,39.07110188,-77.17768275,2022,1,12
220001108,Property Damage Crash,01/10/2022 12:46:00 PM,PEBBLE RIDGE CT,NA,OTHER,Clear,DRY,Daylight,NO CONTROLS,NONE DETECTED,No,No Apparent Injury,N/A,NOT DISTRACTED,MD,"MEDIUM/HEAVY TRUCKS 3 AXLES (OVER 10,000LBS (4,536KG))",PARKED,25,No,2009,CRAN,REFUSE TRUCK,39.07110188,-77.17768275,2022,1,12
220001104,Property Damage Crash,01/10/2022 12:25:00 PM,E RANDOLPH RD,NA,STRAIGHT MOVEMENT ANGLE,Clear,DRY,Daylight,TRAFFIC SIGNAL,NONE DETECTED,No,No Apparent Injury,N/A,NOT DISTRACTED,MD,(SPORT) UTILITY VEHICLE,MAKING LEFT TURN,35,No,2021,MAZD,CX5,39.07219334,-76.98880814,2022,1,12
220001104,Property Damage Crash,01/10/2022 12:25:00 PM,E RANDOLPH RD,NA,STRAIGHT MOVEMENT ANGLE,Clear,DRY,Daylight,TRAFFIC SIGNAL,NONE DETECTED,Yes,No Apparent Injury,N/A,INATTENTIVE OR LOST IN THOUGHT,MD,VAN,MOVING CONSTANT SPEED,35,No,2008,CHEVROLET,EXPRESS,39.07219334,-76.98880814,2022,1,12
220001099,Injury Crash,01/10/2022 11:50:00 AM,WOODFIELD RD,NA,ANGLE MEETS RIGHT TURN,Clear,DRY,Daylight,STOP SIGN,NONE DETECTED,No,No Apparent Injury,N/A,NOT DISTRACTED,MD,SCHOOL BUS,MOVING CONSTANT SPEED,35,No,2014,THOM,BUS,39.15596,-77.16652667,2022,1,11
220001099,Injury Crash,01/10/2022 11:50:00 AM,WOODFIELD RD,NA,ANGLE MEETS RIGHT TURN,Clear,DRY,Daylight,STOP SIGN,NONE DETECTED,Yes,Possible Minor Injury,N/A,LOOKED BUT DID NOT SEE,MD,PASSENGER CAR,MAKING RIGHT TURN,35,No,2008,HYUNDAI,ELANTRA,39.15596,-77.16652667,2022,1,11
220001096,Injury Crash,01/10/2022 11:18:00 AM,MONTGOMERY VILLAGE AVE,NA,SAME DIR REAR END,Clear,DRY,Daylight,TRAFFIC SIGNAL,NONE DETECTED,No,No Apparent Injury,"BACKUP DUE TO REGULAR CONGESTION, N/A",NOT DISTRACTED,MD,(SPORT) UTILITY VEHICLE,STOPPED IN TRAFFIC LANE,35,No,2020,NISSAN,UT,39.15622352,-77.20696167,2022,1,11
220001096,Injury Crash,01/10/2022 11:18:00 AM,MONTGOMERY VILLAGE AVE,NA,SAME DIR REAR END,Clear,DRY,Daylight,TRAFFIC SIGNAL,NONE DETECTED,Yes,No Apparent Injury,"BACKUP DUE TO REGULAR CONGESTION, N/A",LOOKED BUT DID NOT SEE,MD,VAN,MOVING CONSTANT SPEED,35,No,2003,CHEV,EXPRESS,39.15622352,-77.20696167,2022,1,11
220001096,Injury Crash,01/10/2022 11:18:00 AM,MONTGOMERY VILLAGE AVE,NA,SAME DIR REAR END,Clear,DRY,Daylight,TRAFFIC SIGNAL,NONE DETECTED,No,Possible Minor Injury,"BACKUP DUE TO REGULAR CONGESTION, N/A",NOT DISTRACTED,MD,PASSENGER CAR,SLOWING OR STOPPING,35,No,2014,HYUNDAI,SONATA,39.15622352,-77.20696167,2022,1,11
220001096,Injury Crash,01/10/2022 11:18:00 AM,MONTGOMERY VILLAGE AVE,NA,SAME DIR REAR END,Clear,DRY,Daylight,TRAFFIC SIGNAL,NONE DETECTED,No,No Apparent Injury,"BACKUP DUE TO REGULAR CONGESTION, N/A",NOT DISTRACTED,MD,PASSENGER CAR,STOPPED IN TRAFFIC LANE,35,No,2009,TOYOTA,COROLLA,39.15622352,-77.20696167,2022,1,11
220001081,Property Damage Crash,01/10/2022 10:18:00 AM,RAMP 1 FR IS 270 NB TO MD 117 WB,NA,SAME DIR REAR END,Clear,DRY,Daylight,TRAFFIC SIGNAL,NONE DETECTED,Yes,No Apparent Injury,N/A,LOOKED BUT DID NOT SEE,MD,PASSENGER CAR,STARTING FROM LANE,25,No,2013,MERZ,S550,39.14065116,-77.21074309,2022,1,10
220001081,Property Damage Crash,01/10/2022 10:18:00 AM,RAMP 1 FR IS 270 NB TO MD 117 WB,NA,SAME DIR REAR END,Clear,DRY,Daylight,TRAFFIC SIGNAL,NONE DETECTED,No,No Apparent Injury,N/A,NOT DISTRACTED,MD,"MEDIUM/HEAVY TRUCKS 3 AXLES (OVER 10,000LBS (4,536KG))",STARTING FROM LANE,25,No,2005,INTL,TK,39.14065116,-77.21074309,2022,1,10
220001077,Property Damage Crash,01/10/2022 10:07:00 AM,VEIRS MILL RD,NA,SAME DIR REAR END,Clear,DRY,Daylight,N/A,NONE DETECTED,No,No Apparent Injury,N/A,NOT DISTRACTED,MD,PASSENGER CAR,STARTING FROM LANE,30,No,2020,HONDA,ACCORD,39.0817536,-77.14573616,2022,1,10
220001077,Property Damage Crash,01/10/2022 10:07:00 AM,VEIRS MILL RD,NA,SAME DIR REAR END,Clear,DRY,Daylight,N/A,NONE DETECTED,Yes,No Apparent Injury,N/A,LOOKED BUT DID NOT SEE,MD,PASSENGER CAR,ACCELERATING,30,No,2012,TOYOTA,PRIUS,39.0817536,-77.14573616,2022,1,10
220001069,Property Damage Crash,01/10/2022 09:26:00 AM,FERN ST,NA,SAME DIR REAR END,Clear,DRY,Daylight,TRAFFIC SIGNAL,NONE DETECTED,No,No Apparent Injury,N/A,NOT DISTRACTED,VA,PASSENGER CAR,STOPPED IN TRAFFIC LANE,25,No,2012,FORD,FUSION,39.03906272,-77.04958693,2022,1,9
220001069,Property Damage Crash,01/10/2022 09:26:00 AM,FERN ST,NA,SAME DIR REAR END,Clear,DRY,Daylight,TRAFFIC SIGNAL,NONE DETECTED,Yes,No Apparent Injury,N/A,LOOKED BUT DID NOT SEE,MD,"OTHER LIGHT TRUCKS (10,000LBS (4,536KG) OR LESS)",BACKING,25,No,2007,CHEVROLET,SILVERADO 3500,39.03906272,-77.04958693,2022,1,9
22001067,Property Damage Crash,01/10/2022 09:15:00 AM,MAPLE AVE,NA,SAME DIR BOTH LEFT TURN,Clear,DRY,Daylight,PERSON,NONE DETECTED,Unknown,No Apparent Injury,N/A,UNKNOWN,MD,(SPORT) UTILITY VEHICLE,MAKING LEFT TURN,10,No,2016,TOYOTA,RAV4,38.98152614,-77.00948482,2022,1,9
22001067,Property Damage Crash,01/10/2022 09:15:00 AM,MAPLE AVE,NA,SAME DIR BOTH LEFT TURN,Clear,DRY,Daylight,PERSON,NONE DETECTED,Unknown,No Apparent Injury,N/A,UNKNOWN,MD,SCHOOL BUS,MAKING LEFT TURN,10,No,2020,THOMAS,BUS,38.98152614,-77.00948482,2022,1,9
220001064,Property Damage Crash,01/10/2022 08:34:00 AM,ROCKING HORSE RD,NA,STRAIGHT MOVEMENT ANGLE,Clear,DRY,Daylight,STOP SIGN,NONE DETECTED,No,No Apparent Injury,N/A,NOT DISTRACTED,MD,STATION WAGON,MOVING CONSTANT SPEED,25,No,2011,SUBARU,FORSTER,39.05152167,-77.09669833,2022,1,8
220001064,Property Damage Crash,01/10/2022 08:34:00 AM,ROCKING HORSE RD,NA,STRAIGHT MOVEMENT ANGLE,Clear,DRY,Daylight,STOP SIGN,NONE DETECTED,Yes,No Apparent Injury,N/A,UNKNOWN,MD,SCHOOL BUS,ACCELERATING,25,No,2019,FRHTLINER,BUS,39.05152167,-77.09669833,2022,1,8
220001058,Property Damage Crash,01/10/2022 01:54:00 AM,BRINK RD,NA,STRAIGHT MOVEMENT ANGLE,Clear,WET,Medium,TRAFFIC SIGNAL,NONE DETECTED,No,No Apparent Injury,N/A,NOT DISTRACTED,MD,PASSENGER CAR,MOVING CONSTANT SPEED,40,No,2007,HOND,UT,39.20860333,-77.16939833,2022,1,1
220001058,Property Damage Crash,01/10/2022 01:54:00 AM,BRINK RD,NA,STRAIGHT MOVEMENT ANGLE,Clear,WET,Medium,TRAFFIC SIGNAL,NONE DETECTED,Yes,No Apparent Injury,N/A,NOT DISTRACTED,MD,PASSENGER CAR,STARTING FROM LANE,40,No,2019,NISSAN,SENTRA,39.20860333,-77.16939833,2022,1,1
220001048,Property Damage Crash,01/09/2022 10:00:00 PM,RANDOLPH RD,NA,SINGLE VEHICLE,Rain,WET,Medium,NO CONTROLS,NONE DETECTED,Yes,No Apparent Injury,"N/A, WET",LOOKED BUT DID NOT SEE,MD,PASSENGER CAR,MOVING CONSTANT SPEED,40,No,2014,CHEVY,CRUZE,39.06645167,-77.02714167,2022,1,22
220001045,Injury Crash,01/09/2022 08:39:00 PM,NEWPORT MILL RD,PEDESTRIAN,SINGLE VEHICLE,Clear,WET,Medium,TRAFFIC SIGNAL,NONE DETECTED,No,No Apparent Injury,N/A,NOT DISTRACTED,MD,PASSENGER CAR,MOVING CONSTANT SPEED,30,No,2010,TOYOTA,PRIUS,39.04504667,-77.06498333,2022,1,20
220001043,Property Damage Crash,01/09/2022 08:15:00 PM,NA,NA,OPPOSITE DIRECTION SIDESWIPE,Rain,NA,Medium,NO CONTROLS,NONE DETECTED,No,No Apparent Injury,N/A,NOT DISTRACTED,MD,PASSENGER CAR,STOPPED IN TRAFFIC LANE,0,No,2013,HONDA,4S,39.007335,-76.99760667,2022,1,20
220001043,Property Damage Crash,01/09/2022 08:15:00 PM,NA,NA,OPPOSITE DIRECTION SIDESWIPE,Rain,NA,Medium,NO CONTROLS,NONE DETECTED,Yes,No Apparent Injury,N/A,OTHER DISTRACTION,MD,PASSENGER CAR,ACCELERATING,0,No,1999,HONDA,CIVIC,39.007335,-76.99760667,2022,1,20
220001033,Property Damage Crash,01/09/2022 06:43:00 PM,COLESVILLE RD,NA,SAME DIRECTION SIDESWIPE,Rain,WET,Medium,NO CONTROLS,NONE DETECTED,Yes,No Apparent Injury,N/A,INATTENTIVE OR LOST IN THOUGHT,MD,PASSENGER CAR,ACCELERATING,35,No,2015,NISSAN,VERSA NOTE,39.02404,-77.01099333,2022,1,18
220001034,Property Damage Crash,01/09/2022 06:43:00 PM,COLESVILLE RD,NA,SAME DIR REAR END,Rain,WET,Medium,TRAFFIC SIGNAL,NONE DETECTED,No,No Apparent Injury,"N/A, WET",NOT DISTRACTED,MD,PASSENGER CAR,SLOWING OR STOPPING,40,No,2020,TOYT,SD,39.00878593,-77.01848626,2022,1,18
220001033,Property Damage Crash,01/09/2022 06:43:00 PM,COLESVILLE RD,NA,SAME DIRECTION SIDESWIPE,Rain,WET,Medium,NO CONTROLS,NONE DETECTED,No,No Apparent Injury,N/A,NOT DISTRACTED,VA,POLICE VEHICLE/NON EMERGENCY,MOVING CONSTANT SPEED,35,No,2012,DODGE,CHARGER,39.02404,-77.01099333,2022,1,18
220001034,Property Damage Crash,01/09/2022 06:43:00 PM,COLESVILLE RD,NA,SAME DIR REAR END,Rain,WET,Medium,TRAFFIC SIGNAL,NONE DETECTED,Yes,No Apparent Injury,"N/A, WET",UNKNOWN,MD,PASSENGER CAR,MOVING CONSTANT SPEED,40,No,2010,TOYT,4H,39.00878593,-77.01848626,2022,1,18
220001030,Property Damage Crash,01/09/2022 06:33:00 PM,OLD COLUMBIA PIKE,NA,STRAIGHT MOVEMENT ANGLE,Rain,WET,Medium,STOP SIGN,NONE DETECTED,No,No Apparent Injury,"RAIN, SNOW, WET",NOT DISTRACTED,DC,PASSENGER CAR,MAKING LEFT TURN,25,No,2018,NISSAN,ROUGE,39.04619467,-76.98641817,2022,1,18
220001030,Property Damage Crash,01/09/2022 06:33:00 PM,OLD COLUMBIA PIKE,NA,STRAIGHT MOVEMENT ANGLE,Rain,WET,Medium,STOP SIGN,NONE DETECTED,Yes,No Apparent Injury,"RAIN, SNOW, WET",LOOKED BUT DID NOT SEE,GA,PASSENGER CAR,MAKING LEFT TURN,25,No,2020,VOLVO,S60,39.04619467,-76.98641817,2022,1,18
220001028,Injury Crash,01/09/2022 05:56:00 PM,MIDCOUNTY HWY,NA,HEAD ON LEFT TURN,Rain,WET,Medium,TRAFFIC SIGNAL,NONE DETECTED,Yes,No Apparent Injury,"RAIN, SNOW, WET",NOT DISTRACTED,MD,PASSENGER CAR,STARTING FROM LANE,45,No,2008,TOYOTA,SCION,39.14765833,-77.169155,2022,1,17
220001028,Injury Crash,01/09/2022 05:56:00 PM,MIDCOUNTY HWY,NA,HEAD ON LEFT TURN,Rain,WET,Medium,TRAFFIC SIGNAL,NONE DETECTED,No,Possible Minor Injury,"RAIN, SNOW, WET",NOT DISTRACTED,MD,PASSENGER CAR,MOVING CONSTANT SPEED,45,No,2018,MAZDA,SUV,39.14765833,-77.169155,2022,1,17
220001025,Injury Crash,01/09/2022 05:45:00 PM,RANDOLPH RD,NA,SINGLE VEHICLE,Rain,WET,Medium,TRAFFIC SIGNAL,NONE DETECTED,Yes,Possible Minor Injury,"RAIN, SNOW, WET",LOOKED BUT DID NOT SEE,DC,PASSENGER CAR,MOVING CONSTANT SPEED,40,No,2005,MERCEDES,S430,39.05915,-77.04784333,2022,1,17
220001026,Injury Crash,01/09/2022 05:34:00 PM,ROCKVILLE PIKE,PEDESTRIAN,STRAIGHT MOVEMENT ANGLE,Rain,WET,Medium,TRAFFIC SIGNAL,NONE DETECTED,Yes,No Apparent Injury,"RAIN, SNOW, WET",LOOKED BUT DID NOT SEE,MD,PASSENGER CAR,MAKING LEFT TURN,35,No,2017,KIA,UT,39.04946202,-77.10907586,2022,1,17
220001014,Injury Crash,01/09/2022 02:37:00 PM,E GUDE DR,NA,SAME DIR REAR END,Rain,WET,Daylight,TRAFFIC SIGNAL,NONE DETECTED,Yes,No Apparent Injury,"RAIN, SNOW, WET",NOT DISTRACTED,MD,PASSENGER CAR,STARTING FROM PARKED,40,No,2003,BMW,X5,39.106735,-77.15812333,2022,1,14
220001014,Injury Crash,01/09/2022 02:37:00 PM,E GUDE DR,NA,SAME DIR REAR END,Rain,WET,Daylight,TRAFFIC SIGNAL,NONE DETECTED,No,Possible Minor Injury,"RAIN, SNOW, WET",NOT DISTRACTED,MD,PASSENGER CAR,STOPPED IN TRAFFIC LANE,40,No,2021,HONDA,ACCORD,39.106735,-77.15812333,2022,1,14
220001005,Injury Crash,01/09/2022 01:15:00 PM,SEVEN LOCKS RD,NA,SINGLE VEHICLE,Rain,WET,Daylight,TRAFFIC SIGNAL,NONE DETECTED,Yes,Possible Minor Injury,"SLEET, HAIL, FREEZ. RAIN, WET",UNKNOWN,MD,(SPORT) UTILITY VEHICLE,MOVING CONSTANT SPEED,35,No,2013,MERCEDES,ML350,39.03300965,-77.16091689,2022,1,13
220000996,Property Damage Crash,01/09/2022 12:00:00 PM,ASPEN HILL RD,NA,SAME DIR REND LEFT TURN,Rain,WET,Daylight,NO CONTROLS,NONE DETECTED,Yes,No Apparent Injury,"N/A, WET",LOOKED BUT DID NOT SEE,MD,PASSENGER CAR,BACKING,35,No,2012,ACUR,4S,39.07256833,-77.096905,2022,1,12
220000996,Property Damage Crash,01/09/2022 12:00:00 PM,ASPEN HILL RD,NA,SAME DIR REND LEFT TURN,Rain,WET,Daylight,NO CONTROLS,NONE DETECTED,No,No Apparent Injury,"N/A, WET",NOT DISTRACTED,MD,PASSENGER CAR,MOVING CONSTANT SPEED,35,No,2010,HONDA,CRV,39.07256833,-77.096905,2022,1,12
220001040,Property Damage Crash,01/09/2022 11:40:00 AM,NA,NA,SINGLE VEHICLE,Rain,NA,Daylight,N/A,NONE DETECTED,Yes,No Apparent Injury,N/A,NOT DISTRACTED,MD,POLICE VEHICLE/NON EMERGENCY,STARTING FROM PARKED,0,No,2018,FORD,INTERCEPTOR,39.15360677,-77.15143326,2022,1,11
220000989,Property Damage Crash,01/09/2022 10:15:00 AM,CYPRESS HILL DR,NA,SINGLE VEHICLE,Cloudy,ICE,Daylight,N/A,NONE DETECTED,Yes,No Apparent Injury,"ICY OR SNOW-COVERED, V WIPERS|W OTHER ENVIRONMENTAL",NOT DISTRACTED,VA,PASSENGER CAR,MOVING CONSTANT SPEED,25,No,2015,HINDA,4S,39.17265167,-77.150425,2022,1,10
220000971,Property Damage Crash,01/09/2022 03:06:00 AM,COLESVILLE RD,NA,SINGLE VEHICLE,Clear,DRY,Medium,FLASHING TRAFFIC SIGNAL,NONE DETECTED,Yes,No Apparent Injury,N/A,UNKNOWN,NA,PASSENGER CAR,UNKNOWN,35,No,2011,MAZDA,3,39.00502833,-77.02293167,2022,1,3
210000961,Property Damage Crash,01/09/2022 12:29:00 AM,FARTHING DR,NA,STRAIGHT MOVEMENT ANGLE,Clear,DRY,Medium,NO CONTROLS,ALCOHOL PRESENT,Yes,No Apparent Injury,N/A,NOT DISTRACTED,MD,PASSENGER CAR,MOVING CONSTANT SPEED,25,No,2013,HONDA,CIVIC,39.06197833,-77.06909,2022,1,0
210000961,Property Damage Crash,01/09/2022 12:29:00 AM,FARTHING DR,NA,STRAIGHT MOVEMENT ANGLE,Clear,DRY,Medium,NO CONTROLS,NONE DETECTED,Yes,No Apparent Injury,N/A,LOOKED BUT DID NOT SEE,MD,PASSENGER CAR,STARTING FROM PARKED,0,No,2018,SUBARU,CROSSTREK,39.06197833,-77.06909,2022,1,0
220000959,Property Damage Crash,01/09/2022 12:18:00 AM,PRICE AVE,NA,OTHER,Clear,DRY,Medium,NO CONTROLS,NONE DETECTED,Yes,No Apparent Injury,N/A,LOOKED BUT DID NOT SEE,MD,PASSENGER CAR,STARTING FROM PARKED,30,No,2020,JEEP,CHEROKEE,39.04025167,-77.04979167,2022,1,0
220000959,Property Damage Crash,01/09/2022 12:18:00 AM,PRICE AVE,NA,OTHER,Clear,DRY,Medium,NO CONTROLS,NONE DETECTED,No,No Apparent Injury,N/A,NOT DISTRACTED,MD,POLICE VEHICLE/NON EMERGENCY,STOPPED IN TRAFFIC LANE,30,No,2019,DODG,CHARGER,39.04025167,-77.04979167,2022,1,0
220000958,Property Damage Crash,01/08/2022 11:45:00 PM,LEAMAN FARM RD,NA,SINGLE VEHICLE,Clear,ICE,Dark,NO CONTROLS,NONE DETECTED,Yes,No Apparent Injury,"ICY OR SNOW-COVERED, N/A",UNKNOWN,MD,PASSENGER CAR,NEGOTIATING A CURVE,25,No,2007,TOYOTA,SIENNA,39.16482883,-77.29288717,2022,1,23
220000955,Property Damage Crash,01/08/2022 11:32:00 PM,WISTERIA DR,NA,STRAIGHT MOVEMENT ANGLE,Snow,DRY,Medium,NO CONTROLS,NONE DETECTED,Yes,No Apparent Injury,"N/A, V WIPERS|W OTHER ENVIRONMENTAL",UNKNOWN,NA,PASSENGER CAR,UNKNOWN,35,No,2018,HONDA,CIVIC,39.16335667,-77.258875,2022,1,23
220000950,Property Damage Crash,01/08/2022 10:11:00 PM,NIMITZ RD,NA,OTHER,Clear,ICE,Medium,NO CONTROLS,NONE DETECTED,Yes,No Apparent Injury,"ICY OR SNOW-COVERED, N/A",NOT DISTRACTED,MD,(SPORT) UTILITY VEHICLE,PARKING,15,No,2014,NISSAN,ROGUE,39.03636866,-77.0666458,2022,1,22
220000946,Property Damage Crash,01/08/2022 09:58:00 PM,GERMANTOWN RD,NA,SAME DIR REAR END,Clear,DRY,Medium,TRAFFIC SIGNAL,NONE DETECTED,No,No Apparent Injury,N/A,NOT DISTRACTED,MD,PASSENGER CAR,STOPPED IN TRAFFIC LANE,40,No,2009,ACRA,MDX,39.19248833,-77.24287167,2022,1,21
220000946,Property Damage Crash,01/08/2022 09:58:00 PM,GERMANTOWN RD,NA,SAME DIR REAR END,Clear,DRY,Medium,TRAFFIC SIGNAL,ALCOHOL PRESENT,Yes,No Apparent Injury,N/A,OTHER DISTRACTION,MD,PICKUP TRUCK,MOVING CONSTANT SPEED,40,No,2021,TOYOTA,TACOMA,39.19248833,-77.24287167,2022,1,21
220000936,Property Damage Crash,01/08/2022 07:25:00 PM,WATKINS MILL RD,NA,SINGLE VEHICLE,Clear,DRY,Medium,NO CONTROLS,NONE DETECTED,Yes,No Apparent Injury,N/A,NOT DISTRACTED,MD,PASSENGER CAR,MOVING CONSTANT SPEED,35,No,2000,TOYOTA,SIENNA,39.15988,-77.21709833,2022,1,19
220000929,Property Damage Crash,01/08/2022 05:25:00 PM,NA,NA,HEAD ON,Clear,NA,Medium,STOP SIGN,NONE DETECTED,No,No Apparent Injury,N/A,NOT DISTRACTED,MD,POLICE VEHICLE/EMERGENCY,OTHER,30,No,2018,FORD,TAURUS,38.99305731,-77.02522504,2022,1,17
220000929,Property Damage Crash,01/08/2022 05:25:00 PM,NA,NA,HEAD ON,Clear,NA,Medium,STOP SIGN,NONE DETECTED,Yes,No Apparent Injury,N/A,NOT DISTRACTED,NA,(SPORT) UTILITY VEHICLE,MOVING CONSTANT SPEED,30,No,2020,JEEP,COMPASS,38.99305731,-77.02522504,2022,1,17
220000925,Property Damage Crash,01/08/2022 04:45:00 PM,AVENEL RD,NA,OPPOSITE DIRECTION SIDESWIPE,Clear,DRY,Daylight,NO CONTROLS,NONE DETECTED,Yes,No Apparent Injury,N/A,OTHER ELECTRONIC DEVICE (NAVIGATIONAL PALM PILOT),MD,PASSENGER CAR,MOVING CONSTANT SPEED,20,No,2000,HONDA,CIVIC,39.01170833,-76.97984167,2022,1,16
220000919,Property Damage Crash,01/08/2022 03:31:00 PM,COLUMBIA PIKE,NA,SAME DIR REAR END,Clear,DRY,Daylight,TRAFFIC SIGNAL,NONE DETECTED,No,No Apparent Injury,N/A,NOT DISTRACTED,NA,UNKNOWN,STOPPED IN TRAFFIC LANE,50,No,0,UNKNOWN,UNKNOWN,39.07389983,-76.95549617,2022,1,15
220000919,Property Damage Crash,01/08/2022 03:31:00 PM,COLUMBIA PIKE,NA,SAME DIR REAR END,Clear,DRY,Daylight,TRAFFIC SIGNAL,NONE DETECTED,No,No Apparent Injury,N/A,NOT DISTRACTED,VA,PASSENGER CAR,STOPPED IN TRAFFIC LANE,50,No,2005,TYOTA,SIENNA,39.07389983,-76.95549617,2022,1,15
220000919,Property Damage Crash,01/08/2022 03:31:00 PM,COLUMBIA PIKE,NA,SAME DIR REAR END,Clear,DRY,Daylight,TRAFFIC SIGNAL,NONE DETECTED,Yes,No Apparent Injury,N/A,LOOKED BUT DID NOT SEE,MD,PASSENGER CAR,MOVING CONSTANT SPEED,50,No,2020,CHEVY,TRAX,39.07389983,-76.95549617,2022,1,15
220000914,Injury Crash,01/08/2022 03:08:00 PM,QUINCE ORCHARD RD,NA,SAME DIR REAR END,Clear,SNOW,Daylight,TRAFFIC SIGNAL,NONE DETECTED,Yes,No Apparent Injury,N/A,NOT DISTRACTED,MD,"MEDIUM/HEAVY TRUCKS 3 AXLES (OVER 10,000LBS (4,536KG))",MOVING CONSTANT SPEED,35,No,2018,MACK,DUMP TRUCK,39.14523667,-77.21044333,2022,1,15
220000914,Injury Crash,01/08/2022 03:08:00 PM,QUINCE ORCHARD RD,NA,SAME DIR REAR END,Clear,SNOW,Daylight,TRAFFIC SIGNAL,NONE DETECTED,No,Possible Minor Injury,N/A,NOT DISTRACTED,MD,PASSENGER CAR,ACCELERATING,35,No,2014,BMW,528I,39.14523667,-77.21044333,2022,1,15
220000922,Property Damage Crash,01/08/2022 02:56:00 PM,CONNECTICUT AVE,NA,ANGLE MEETS RIGHT TURN,Clear,DRY,Daylight,YIELD SIGN,NONE DETECTED,Yes,No Apparent Injury,N/A,LOOKED BUT DID NOT SEE,MD,VAN,MAKING RIGHT TURN,40,No,2011,TOYOTA,SIENNA,39.05173167,-77.07485057,2022,1,14
220000922,Property Damage Crash,01/08/2022 02:56:00 PM,CONNECTICUT AVE,NA,ANGLE MEETS RIGHT TURN,Clear,DRY,Daylight,YIELD SIGN,NONE DETECTED,No,No Apparent Injury,N/A,NOT DISTRACTED,MD,PASSENGER CAR,MOVING CONSTANT SPEED,40,No,2009,HONDA,CIVIC,39.05173167,-77.07485057,2022,1,14
220000913,Injury Crash,01/08/2022 02:54:00 PM,RIDGE RD,NA,SAME DIR REAR END,Clear,DRY,Daylight,NO CONTROLS,NONE DETECTED,No,No Apparent Injury,N/A,NOT DISTRACTED,MD,(SPORT) UTILITY VEHICLE,MOVING CONSTANT SPEED,40,No,2020,HOND,UT,39.26447833,-77.218675,2022,1,14
220000913,Injury Crash,01/08/2022 02:54:00 PM,RIDGE RD,NA,SAME DIR REAR END,Clear,DRY,Daylight,NO CONTROLS,NONE DETECTED,Yes,No Apparent Injury,N/A,NOT DISTRACTED,MD,RECREATIONAL VEHICLE,MOVING CONSTANT SPEED,40,No,2014,NISS,VN,39.26447833,-77.218675,2022,1,14