Local Case Number,ACRS Report Type,Crash Date/Time,Road Name,Related Non-Motorist,Collision Type,Weather,Surface Condition,Light,Traffic Control,Driver Substance Abuse,Driver At Fault,Injury Severity,Circumstance,Driver Distracted By,Drivers License State,Vehicle Body Type,Vehicle Movement,Speed Limit,Driverless Vehicle,Vehicle Year,Vehicle Make,Vehicle Model,Latitude,Longitude,Year,Month,Hour
220000913,Injury Crash,01/08/2022 02:54:00 PM,RIDGE RD,NA,SAME DIR REAR END,Clear,DRY,Daylight,NO CONTROLS,NONE DETECTED,No,Possible Minor Injury,N/A,NOT DISTRACTED,MD,PASSENGER CAR,SLOWING OR STOPPING,40,No,2014,MAZD,4H,39.26447833,-77.218675,2022,1,14
220000905,Injury Crash,01/08/2022 02:10:00 PM,CENTERWAY RD,NA,ANGLE MEETS LEFT TURN,Clear,DRY,Daylight,TRAFFIC SIGNAL,NONE DETECTED,No,No Apparent Injury,N/A,NOT DISTRACTED,MD,PASSENGER CAR,MAKING LEFT TURN,35,No,2012,HONDA,ACCORD,39.17252167,-77.20160833,2022,1,14
220000905,Injury Crash,01/08/2022 02:10:00 PM,CENTERWAY RD,NA,ANGLE MEETS LEFT TURN,Clear,DRY,Daylight,TRAFFIC SIGNAL,NONE DETECTED,Yes,Possible Minor Injury,N/A,LOOKED BUT DID NOT SEE,MD,PASSENGER CAR,MOVING CONSTANT SPEED,35,No,2011,HYUNDAI,SONATA,39.17252167,-77.20160833,2022,1,14
220000904,Fatal Crash,01/08/2022 02:00:00 PM,WATKINS MILL RD,NA,SAME DIRECTION LEFT TURN,Clear,DRY,Daylight,NO CONTROLS,NONE DETECTED,No,No Apparent Injury,N/A,NOT DISTRACTED,MD,PASSENGER CAR,MOVING CONSTANT SPEED,35,No,2010,HONDA,4S,39.18015366,-77.20990383,2022,1,14
220000904,Fatal Crash,01/08/2022 02:00:00 PM,WATKINS MILL RD,NA,SAME DIRECTION LEFT TURN,Clear,DRY,Daylight,NO CONTROLS,NONE DETECTED,Yes,Fatal Injury,N/A,UNKNOWN,MD,PASSENGER CAR,MAKING U TURN,35,No,2022,KIA,FORTE,39.18015366,-77.20990383,2022,1,14
220000901,Property Damage Crash,01/08/2022 01:18:00 PM,CONNECTICUT AVE,NA,SAME DIR REAR END,Clear,DRY,Daylight,TRAFFIC SIGNAL,NONE DETECTED,Yes,No Apparent Injury,N/A,NOT DISTRACTED,MD,PASSENGER CAR,OTHER,30,No,2016,JEEP,TK,38.98796698,-77.07720893,2022,1,13
220000901,Property Damage Crash,01/08/2022 01:18:00 PM,CONNECTICUT AVE,NA,SAME DIR REAR END,Clear,DRY,Daylight,TRAFFIC SIGNAL,NONE DETECTED,Yes,No Apparent Injury,N/A,NOT DISTRACTED,MD,"CARGO VAN/LIGHT TRUCK 2 AXLES (OVER 10,000LBS (4,536 KG))",STARTING FROM LANE,30,No,2017,FORD,POSTAL TRUCK,38.98796698,-77.07720893,2022,1,13
220000898,Property Damage Crash,01/08/2022 01:11:00 PM,GEORGIA AVE,NA,STRAIGHT MOVEMENT ANGLE,Clear,DRY,Daylight,TRAFFIC SIGNAL,NONE DETECTED,Yes,No Apparent Injury,N/A,NOT DISTRACTED,MD,PASSENGER CAR,MOVING CONSTANT SPEED,35,No,2009,NISS,ALTIMA,39.14220833,-77.06755,2022,1,13
220000898,Property Damage Crash,01/08/2022 01:11:00 PM,GEORGIA AVE,NA,STRAIGHT MOVEMENT ANGLE,Clear,DRY,Daylight,TRAFFIC SIGNAL,NONE DETECTED,No,No Apparent Injury,N/A,NOT DISTRACTED,MD,VAN,MOVING CONSTANT SPEED,40,No,2020,HONDA,ODYSEY,39.14220833,-77.06755,2022,1,13
220000897,Property Damage Crash,01/08/2022 12:40:00 PM,GARRETT RD,NA,ANGLE MEETS LEFT TURN,Clear,DRY,Daylight,STOP SIGN,NONE DETECTED,No,No Apparent Injury,N/A,NOT DISTRACTED,TX,(SPORT) UTILITY VEHICLE,MOVING CONSTANT SPEED,25,No,2015,LANDROVER,RANGE ROVER,39.13616333,-77.13537667,2022,1,12
220000897,Property Damage Crash,01/08/2022 12:40:00 PM,GARRETT RD,NA,ANGLE MEETS LEFT TURN,Clear,DRY,Daylight,STOP SIGN,NONE DETECTED,Yes,No Apparent Injury,N/A,LOOKED BUT DID NOT SEE,MD,VAN,MAKING LEFT TURN,25,No,2010,TOYOTA,SIENNA,39.13616333,-77.13537667,2022,1,12
220000893,Property Damage Crash,01/08/2022 12:15:00 PM,GEORGIA AVE,NA,OTHER,Clear,DRY,Daylight,TRAFFIC SIGNAL,NONE DETECTED,Yes,No Apparent Injury,"N/A, V EXHAUST SYSTEM|R OTHER ROAD",NOT DISTRACTED,WV,FIRE VEHICLE/EMERGENCY,ENTERING TRAFFIC LANE,30,No,2019,PIRC,TK,39.15012167,-77.06767333,2022,1,12
220000893,Property Damage Crash,01/08/2022 12:15:00 PM,GEORGIA AVE,NA,OTHER,Clear,DRY,Daylight,TRAFFIC SIGNAL,NONE DETECTED,No,No Apparent Injury,"N/A, V EXHAUST SYSTEM|R OTHER ROAD",NOT DISTRACTED,MD,PASSENGER CAR,STOPPED IN TRAFFIC LANE,30,No,2021,TOYOTA,RAV4,39.15012167,-77.06767333,2022,1,12
220000896,Property Damage Crash,01/08/2022 12:04:00 PM,NA,NA,OTHER,Clear,NA,Daylight,NO CONTROLS,NONE DETECTED,Yes,No Apparent Injury,N/A,NOT DISTRACTED,MD,PASSENGER CAR,PARKING,15,No,2016,BUICK,ENCLAVE,39.11836327,-77.25398933,2022,1,12
220000895,Property Damage Crash,01/08/2022 12:00:00 PM,MONTROSE RD,NA,SAME DIR REAR END,Clear,DRY,Daylight,TRAFFIC SIGNAL,NONE DETECTED,No,No Apparent Injury,N/A,NOT DISTRACTED,MD,PASSENGER CAR,SLOWING OR STOPPING,40,No,2019,HOND,CIVIC,39.0540158,-77.13853554,2022,1,12
220000895,Property Damage Crash,01/08/2022 12:00:00 PM,MONTROSE RD,NA,SAME DIR REAR END,Clear,DRY,Daylight,TRAFFIC SIGNAL,NONE DETECTED,Yes,No Apparent Injury,N/A,LOOKED BUT DID NOT SEE,VA,PASSENGER CAR,SLOWING OR STOPPING,40,No,2021,JEEP,GRAND CHEROKEE,39.0540158,-77.13853554,2022,1,12
220000895,Property Damage Crash,01/08/2022 12:00:00 PM,MONTROSE RD,NA,SAME DIR REAR END,Clear,DRY,Daylight,TRAFFIC SIGNAL,NONE DETECTED,No,No Apparent Injury,N/A,NOT DISTRACTED,MD,PASSENGER CAR,STOPPED IN TRAFFIC LANE,40,No,2018,CHEVROLET,EQUINOX,39.0540158,-77.13853554,2022,1,12
220000882,Property Damage Crash,01/08/2022 11:06:00 AM,ASPEN HILL RD,NA,SINGLE VEHICLE,Clear,DRY,Daylight,NO CONTROLS,NONE DETECTED,Yes,No Apparent Injury,N/A,TALKING OR LISTENING TO CELLULAR PHONE,MD,PASSENGER CAR,ACCELERATING,25,No,2010,NISSAN,ROGUE,39.076005,-77.093425,2022,1,11
220000880,Property Damage Crash,01/08/2022 10:47:00 AM,SUMMIT AVE,NA,STRAIGHT MOVEMENT ANGLE,Clear,DRY,Daylight,STOP SIGN,NONE DETECTED,No,No Apparent Injury,N/A,NOT DISTRACTED,XX,PASSENGER CAR,MOVING CONSTANT SPEED,30,No,2012,TOYOTA,CAMRY,39.02939,-77.07791333,2022,1,10
220000880,Property Damage Crash,01/08/2022 10:47:00 AM,SUMMIT AVE,NA,STRAIGHT MOVEMENT ANGLE,Clear,DRY,Daylight,STOP SIGN,NONE DETECTED,Yes,No Apparent Injury,N/A,NOT DISTRACTED,MD,PASSENGER CAR,STARTING FROM LANE,30,No,2015,NISSAN,PATHFINDER,39.02939,-77.07791333,2022,1,10
220000879,Property Damage Crash,01/08/2022 10:15:00 AM,NEW HAMPSHIRE AVE,NA,SAME DIR REAR END,Clear,DRY,Daylight,TRAFFIC SIGNAL,NONE DETECTED,No,No Apparent Injury,N/A,NOT DISTRACTED,MD,PASSENGER CAR,STOPPED IN TRAFFIC LANE,40,No,2017,TOYOTA,COROLLA,39.04009167,-76.990655,2022,1,10
220000879,Property Damage Crash,01/08/2022 10:15:00 AM,NEW HAMPSHIRE AVE,NA,SAME DIR REAR END,Clear,DRY,Daylight,TRAFFIC SIGNAL,NONE DETECTED,Yes,No Apparent Injury,N/A,LOOKED BUT DID NOT SEE,MD,PASSENGER CAR,SLOWING OR STOPPING,40,No,2010,TOYOTA,MATRIX,39.04009167,-76.990655,2022,1,10
220000878,Property Damage Crash,01/08/2022 09:05:00 AM,NA,NA,OTHER,Snow,NA,Daylight,NO CONTROLS,NONE DETECTED,Yes,No Apparent Injury,"ICY OR SNOW-COVERED, RAIN, SNOW",NOT DISTRACTED,MD,PASSENGER CAR,PARKING,5,No,2003,HONDA,ACCORD,39.07445083,-77.001898,2022,1,9
220000878,Property Damage Crash,01/08/2022 09:05:00 AM,NA,NA,OTHER,Snow,NA,Daylight,NO CONTROLS,NONE DETECTED,No,No Apparent Injury,"ICY OR SNOW-COVERED, RAIN, SNOW",NOT DISTRACTED,MD,PASSENGER CAR,PARKED,5,No,2013,TOYOTA,COROLLA,39.07445083,-77.001898,2022,1,9
220000878,Property Damage Crash,01/08/2022 09:05:00 AM,NA,NA,OTHER,Snow,NA,Daylight,NO CONTROLS,NONE DETECTED,No,No Apparent Injury,"ICY OR SNOW-COVERED, RAIN, SNOW",NOT DISTRACTED,MD,PASSENGER CAR,PARKED,5,No,2003,TOYOTA,SEQUOIA,39.07445083,-77.001898,2022,1,9
220000870,Property Damage Crash,01/08/2022 05:06:00 AM,ARLISS ST,NA,OTHER,Clear,DRY,Medium,NO CONTROLS,NONE DETECTED,Unknown,No Apparent Injury,"N/A, RUTS, HOLES, BUMPS",LOOKED BUT DID NOT SEE,MD,FIRE VEHICLE/EMERGENCY,PARKED,25,No,2003,PIERCE,FIRE TRUCK,39.00030251,-77.00164876,2022,1,5
220000852,Property Damage Crash,01/07/2022 10:50:00 PM,TWINBROOK PKWY,NA,HEAD ON,Clear,DRY,Medium,NO CONTROLS,NONE DETECTED,No,No Apparent Injury,N/A,NOT DISTRACTED,MD,PASSENGER CAR,STOPPED IN TRAFFIC LANE,35,No,2000,HONDA,PRELUDE,39.094,-77.1528,2022,1,22
220000852,Property Damage Crash,01/07/2022 10:50:00 PM,TWINBROOK PKWY,NA,HEAD ON,Clear,DRY,Medium,NO CONTROLS,ALCOHOL PRESENT,Yes,No Apparent Injury,N/A,INATTENTIVE OR LOST IN THOUGHT,MD,PASSENGER CAR,MOVING CONSTANT SPEED,35,No,2013,HONDA,CIVIC,39.094,-77.1528,2022,1,22
220000832,Property Damage Crash,01/07/2022 07:40:00 PM,ROCKVILLE PIKE,NA,HEAD ON LEFT TURN,Clear,DRY,Medium,TRAFFIC SIGNAL,NONE DETECTED,No,No Apparent Injury,N/A,NOT DISTRACTED,MD,(SPORT) UTILITY VEHICLE,MAKING LEFT TURN,35,No,2017,ACUR,MDX,39.05877667,-77.12124333,2022,1,19
220000832,Property Damage Crash,01/07/2022 07:40:00 PM,ROCKVILLE PIKE,NA,HEAD ON LEFT TURN,Clear,DRY,Medium,TRAFFIC SIGNAL,NONE DETECTED,Yes,No Apparent Injury,N/A,LOOKED BUT DID NOT SEE,MD,VAN,MAKING LEFT TURN,35,No,2016,DODG,GRAND CARAVAN,39.05877667,-77.12124333,2022,1,19
220000832,Property Damage Crash,01/07/2022 07:40:00 PM,ROCKVILLE PIKE,NA,HEAD ON LEFT TURN,Clear,DRY,Medium,TRAFFIC SIGNAL,NONE DETECTED,No,No Apparent Injury,N/A,NOT DISTRACTED,MD,PASSENGER CAR,MOVING CONSTANT SPEED,35,No,2000,MERCEDES BENZ,C280,39.05877667,-77.12124333,2022,1,19
220000826,Injury Crash,01/07/2022 06:54:00 PM,FLOWER AVE,NA,STRAIGHT MOVEMENT ANGLE,Cloudy,DRY,Medium,N/A,NONE DETECTED,Yes,No Apparent Injury,N/A,LOOKED BUT DID NOT SEE,MD,PASSENGER CAR,MAKING LEFT TURN,25,No,2008,LEXUS,4D,38.99879167,-77.003745,2022,1,18
220000826,Injury Crash,01/07/2022 06:54:00 PM,FLOWER AVE,NA,STRAIGHT MOVEMENT ANGLE,Cloudy,DRY,Medium,N/A,NONE DETECTED,No,Possible Minor Injury,N/A,NOT DISTRACTED,MD,PASSENGER CAR,MOVING CONSTANT SPEED,25,No,2020,TOYOTA,COROLLA,38.99879167,-77.003745,2022,1,18
220000827,Property Damage Crash,01/07/2022 06:22:00 PM,ADAMS DR,NA,SAME DIR REAR END,Clear,WET,Medium,NO CONTROLS,NONE DETECTED,Yes,No Apparent Injury,"N/A, WET",UNKNOWN,NA,NA,MOVING CONSTANT SPEED,25,No,0,UNKNOWN,UNKNOWN,39.04635667,-77.08030283,2022,1,18
220000821,Property Damage Crash,01/07/2022 05:58:00 PM,FATHER HURLEY BLVD,NA,OTHER,Clear,UNKNOWN,Medium,STOP SIGN,NONE DETECTED,Yes,No Apparent Injury,N/A,INATTENTIVE OR LOST IN THOUGHT,MD,PASSENGER CAR,MAKING LEFT TURN,25,No,2017,HOND,TK,39.17702917,-77.28235667,2022,1,17
220000821,Property Damage Crash,01/07/2022 05:58:00 PM,FATHER HURLEY BLVD,NA,OTHER,Clear,UNKNOWN,Medium,STOP SIGN,NONE DETECTED,No,No Apparent Injury,N/A,NOT DISTRACTED,MD,PASSENGER CAR,MAKING LEFT TURN,35,No,2007,ACURA,[4S],39.17702917,-77.28235667,2022,1,17
220000812,Property Damage Crash,01/07/2022 05:10:00 PM,BRINK RD,NA,SAME DIR REAR END,Clear,ICE,Dark,NO CONTROLS,NONE DETECTED,No,No Apparent Injury,N/A,NOT DISTRACTED,MD,PASSENGER CAR,STOPPED IN TRAFFIC LANE,40,No,2016,CHEV,TK,39.20776667,-77.174875,2022,1,17
220000812,Property Damage Crash,01/07/2022 05:10:00 PM,BRINK RD,NA,SAME DIR REAR END,Clear,ICE,Dark,NO CONTROLS,NONE DETECTED,Yes,No Apparent Injury,N/A,OTHER DISTRACTION,MD,PASSENGER CAR,MOVING CONSTANT SPEED,40,No,2014,TOYT,4H,39.20776667,-77.174875,2022,1,17
220000807,Injury Crash,01/07/2022 05:00:00 PM,MANORFIELD RD,NA,HEAD ON,Clear,WET,Daylight,NO CONTROLS,NONE DETECTED,Yes,Possible Minor Injury,"ICY OR SNOW-COVERED, RAIN, SNOW",UNKNOWN,MD,PASSENGER CAR,MOVING CONSTANT SPEED,25,No,2014,HYUNDAI,SONATA,39.091339670000004,-77.11209617,2022,1,17
220000805,Property Damage Crash,01/07/2022 04:06:00 PM,COLUMBIA PIKE,NA,SAME DIR REAR END,Clear,DRY,Daylight,NO CONTROLS,NONE DETECTED,Yes,No Apparent Injury,N/A,UNKNOWN,NA,PASSENGER CAR,MOVING CONSTANT SPEED,40,No,2007,TOYOTA,SEQUOIA,39.045705,-76.98762833,2022,1,16
220000805,Property Damage Crash,01/07/2022 04:06:00 PM,COLUMBIA PIKE,NA,SAME DIR REAR END,Clear,DRY,Daylight,NO CONTROLS,NONE DETECTED,No,No Apparent Injury,N/A,NOT DISTRACTED,MD,PASSENGER CAR,STOPPED IN TRAFFIC LANE,40,No,2016,NISSAN,ROGUE,39.045705,-76.98762833,2022,1,16
220000798,Property Damage Crash,01/07/2022 03:37:00 PM,GEORGIA AVE,NA,STRAIGHT MOVEMENT ANGLE,Clear,WET,Daylight,TRAFFIC SIGNAL,NONE DETECTED,No,No Apparent Injury,N/A,NOT DISTRACTED,MD,(SPORT) UTILITY VEHICLE,MAKING LEFT TURN,30,No,2013,CHEVROLET,SUBURBAN,39.05284,-77.050895,2022,1,15
220000798,Property Damage Crash,01/07/2022 03:37:00 PM,GEORGIA AVE,NA,STRAIGHT MOVEMENT ANGLE,Clear,WET,Daylight,TRAFFIC SIGNAL,NONE DETECTED,Yes,No Apparent Injury,N/A,NOT DISTRACTED,MD,(SPORT) UTILITY VEHICLE,MOVING CONSTANT SPEED,30,No,2020,HYUN,PALISADE,39.05284,-77.050895,2022,1,15
220000786,Property Damage Crash,01/07/2022 02:51:00 PM,LAYHILL RD,NA,HEAD ON LEFT TURN,Clear,WET,Daylight,TRAFFIC SIGNAL,NONE DETECTED,No,No Apparent Injury,"N/A, WET",NOT DISTRACTED,MD,PASSENGER CAR,MAKING LEFT TURN,30,No,2012,BMW,535I,39.06328833,-77.05031667,2022,1,14
220000786,Property Damage Crash,01/07/2022 02:51:00 PM,LAYHILL RD,NA,HEAD ON LEFT TURN,Clear,WET,Daylight,TRAFFIC SIGNAL,NONE DETECTED,Yes,No Apparent Injury,"N/A, WET",NOT DISTRACTED,MD,(SPORT) UTILITY VEHICLE,MOVING CONSTANT SPEED,35,No,2010,FORD,EDGE,39.06328833,-77.05031667,2022,1,14
220000779,Property Damage Crash,01/07/2022 02:38:00 PM,AIRCRAFT DR,NA,ANGLE MEETS LEFT HEAD ON,Clear,DRY,Daylight,TRAFFIC SIGNAL,NONE DETECTED,No,No Apparent Injury,N/A,NOT DISTRACTED,MD,PASSENGER CAR,MAKING LEFT TURN,40,No,2019,TOYT,TK,39.18167833,-77.25993167,2022,1,14
220000779,Property Damage Crash,01/07/2022 02:38:00 PM,AIRCRAFT DR,NA,ANGLE MEETS LEFT HEAD ON,Clear,DRY,Daylight,TRAFFIC SIGNAL,NONE DETECTED,Yes,No Apparent Injury,N/A,DISTRACTED BY OUTSIDE PERSON OBJECT OR EVENT,MD,PASSENGER CAR,MOVING CONSTANT SPEED,40,No,2018,GMC,TERRAIN,39.18167833,-77.25993167,2022,1,14
220000778,Property Damage Crash,01/07/2022 02:27:00 PM,FALLS RD,NA,SAME DIR REAR END,Clear,WET,Daylight,TRAFFIC SIGNAL,NONE DETECTED,No,No Apparent Injury,N/A,NOT DISTRACTED,MD,PASSENGER CAR,STOPPED IN TRAFFIC LANE,35,No,2020,VOLVO,XC60,39.026404,-77.2043355,2022,1,14
220000778,Property Damage Crash,01/07/2022 02:27:00 PM,FALLS RD,NA,SAME DIR REAR END,Clear,WET,Daylight,TRAFFIC SIGNAL,NONE DETECTED,No,No Apparent Injury,N/A,NOT DISTRACTED,MD,PASSENGER CAR,STOPPED IN TRAFFIC LANE,35,No,2019,BMW,X5,39.026404,-77.2043355,2022,1,14
220000778,Property Damage Crash,01/07/2022 02:27:00 PM,FALLS RD,NA,SAME DIR REAR END,Clear,WET,Daylight,TRAFFIC SIGNAL,NONE DETECTED,Yes,No Apparent Injury,N/A,NOT DISTRACTED,MD,PASSENGER CAR,SLOWING OR STOPPING,35,No,2000,LINCILN,CONTINENTAL,39.026404,-77.2043355,2022,1,14
220001101,Property Damage Crash,01/07/2022 12:45:00 PM,KEMPTOWN RD,NA,SINGLE VEHICLE,Snow,SNOW,Daylight,YIELD SIGN,NONE DETECTED,Yes,No Apparent Injury,"ICY OR SNOW-COVERED, RAIN, SNOW",NOT DISTRACTED,MD,POLICE VEHICLE/NON EMERGENCY,SLOWING OR STOPPING,40,No,2014,DODGE,CHARGER,39.31783566,-77.1983419,2022,1,12
220000780,Injury Crash,01/07/2022 12:40:00 PM,MONTROSE PKWY,NA,SAME DIR REAR END,Clear,DRY,Daylight,NO CONTROLS,NONE DETECTED,No,Possible Minor Injury,N/A,NOT DISTRACTED,MD,STATION WAGON,SLOWING OR STOPPING,40,No,2002,NISS,XTERRA,39.051038,-77.128906,2022,1,12
220000780,Injury Crash,01/07/2022 12:40:00 PM,MONTROSE PKWY,NA,SAME DIR REAR END,Clear,DRY,Daylight,NO CONTROLS,NONE DETECTED,Yes,No Apparent Injury,N/A,LOOKED BUT DID NOT SEE,MD,PASSENGER CAR,SLOWING OR STOPPING,40,No,2011,TOYOTA,PRIUS,39.051038,-77.128906,2022,1,12
220000770,Property Damage Crash,01/07/2022 12:36:00 PM,GLEN MILL RD,NA,OTHER,Clear,WET,Daylight,NO CONTROLS,NONE DETECTED,No,No Apparent Injury,"N/A, WET",NOT DISTRACTED,MD,PICKUP TRUCK,MAKING RIGHT TURN,30,No,2019,RAM,1500,39.09173622,-77.19450491,2022,1,12
220000770,Property Damage Crash,01/07/2022 12:36:00 PM,GLEN MILL RD,NA,OTHER,Clear,WET,Daylight,NO CONTROLS,NONE DETECTED,Yes,No Apparent Injury,"N/A, WET",LOOKED BUT DID NOT SEE,MD,"OTHER LIGHT TRUCKS (10,000LBS (4,536KG) OR LESS)",BACKING,30,No,2011,FORD,TK,39.09173622,-77.19450491,2022,1,12
220000765,Injury Crash,01/07/2022 11:39:00 AM,NORBECK RD,NA,SAME DIRECTION LEFT TURN,Clear,SLUSH,Daylight,NO CONTROLS,NONE DETECTED,Yes,No Apparent Injury,"ICY OR SNOW-COVERED, N/A",LOOKED BUT DID NOT SEE,MD,PASSENGER CAR,NEGOTIATING A CURVE,35,No,2017,TOYOTA,RAV4,39.11241,-77.07111333,2022,1,11
220000765,Injury Crash,01/07/2022 11:39:00 AM,NORBECK RD,NA,SAME DIRECTION LEFT TURN,Clear,SLUSH,Daylight,NO CONTROLS,NONE DETECTED,No,Possible Minor Injury,"ICY OR SNOW-COVERED, N/A",NOT DISTRACTED,MD,PASSENGER CAR,SLOWING OR STOPPING,35,No,2013,NISSAN,SENTRA,39.11241,-77.07111333,2022,1,11
220000760,Injury Crash,01/07/2022 10:30:00 AM,NA,NA,STRAIGHT MOVEMENT ANGLE,Snow,NA,Daylight,NO CONTROLS,NONE DETECTED,Yes,No Apparent Injury,"N/A, WET",LOOKED BUT DID NOT SEE,MD,PASSENGER CAR,STARTING FROM PARKED,10,No,2006,NISS,TK,39.1560211,-77.2178958,2022,1,10
220000760,Injury Crash,01/07/2022 10:30:00 AM,NA,NA,STRAIGHT MOVEMENT ANGLE,Snow,NA,Daylight,NO CONTROLS,NONE DETECTED,No,Possible Minor Injury,"N/A, WET",NOT DISTRACTED,MD,PASSENGER CAR,MOVING CONSTANT SPEED,10,No,2013,HYUNDAI,ACCENT,39.1560211,-77.2178958,2022,1,10
220000754,Injury Crash,01/07/2022 09:37:00 AM,CRABBS BRANCH WAY,NA,SAME DIR REAR END,Snow,SNOW,Daylight,N/A,NONE DETECTED,Yes,Possible Minor Injury,"ICY OR SNOW-COVERED, RAIN, SNOW, VISION OBSTRUCTION (INCL. BLINDED BY SUN)",NOT DISTRACTED,MD,TRUCK TRACTOR,MOVING CONSTANT SPEED,30,No,2015,FREIGHTLINER,TRACTOR,39.12640833,-77.16606167,2022,1,9
220000750,Injury Crash,01/07/2022 09:04:00 AM,NORBECK RD,NA,SAME DIR REAR END,Clear,ICE,Daylight,NO CONTROLS,NONE DETECTED,Yes,Possible Minor Injury,"ICY OR SNOW-COVERED, N/A",LOOKED BUT DID NOT SEE,MD,PASSENGER CAR,UNKNOWN,35,No,2016,JEEP,PATRIOT,39.10579167,-77.08545167,2022,1,9
220000750,Injury Crash,01/07/2022 09:04:00 AM,NORBECK RD,NA,SAME DIR REAR END,Clear,ICE,Daylight,NO CONTROLS,NONE DETECTED,No,Possible Minor Injury,"ICY OR SNOW-COVERED, N/A",NOT DISTRACTED,MD,PASSENGER CAR,SLOWING OR STOPPING,35,No,2016,TOYOTA,RAV4,39.10579167,-77.08545167,2022,1,9
220000747,Injury Crash,01/07/2022 08:23:00 AM,BROADBIRCH DR,NA,STRAIGHT MOVEMENT ANGLE,Snow,WET,Daylight,STOP SIGN,NONE DETECTED,No,Possible Minor Injury,"RAIN, SNOW, WET",NOT DISTRACTED,MD,PASSENGER CAR,MAKING LEFT TURN,30,No,2020,TOYOTA,RAV4,39.05554833,-76.96180333,2022,1,8
220000747,Injury Crash,01/07/2022 08:23:00 AM,BROADBIRCH DR,NA,STRAIGHT MOVEMENT ANGLE,Snow,WET,Daylight,STOP SIGN,NONE DETECTED,Yes,Possible Minor Injury,"RAIN, SNOW, WET",NOT DISTRACTED,MD,PASSENGER CAR,MOVING CONSTANT SPEED,30,No,2017,NISSAN,MAXIMA,39.05554833,-76.96180333,2022,1,8
220000744,Property Damage Crash,01/07/2022 07:45:00 AM,E RANDOLPH RD,NA,SAME DIRECTION SIDESWIPE,Snow,WET,Daylight,NO CONTROLS,NONE DETECTED,No,No Apparent Injury,"N/A, WET",NOT DISTRACTED,MD,PASSENGER CAR,MOVING CONSTANT SPEED,35,No,2018,HONDA,CIVIC,39.063995,-76.96737,2022,1,7
220000744,Property Damage Crash,01/07/2022 07:45:00 AM,E RANDOLPH RD,NA,SAME DIRECTION SIDESWIPE,Snow,WET,Daylight,NO CONTROLS,NONE DETECTED,Yes,No Apparent Injury,"N/A, WET",INATTENTIVE OR LOST IN THOUGHT,MD,PASSENGER CAR,MAKING RIGHT TURN,35,No,2018,FORD,F250,39.063995,-76.96737,2022,1,7
220000740,Property Damage Crash,01/07/2022 03:24:00 AM,FIRST ST,NA,SINGLE VEHICLE,Snow,SNOW,Medium,N/A,NONE DETECTED,Yes,No Apparent Injury,"ICY OR SNOW-COVERED, RAIN, SNOW",NOT DISTRACTED,MD,(SPORT) UTILITY VEHICLE,MAKING LEFT TURN,30,No,2014,FORD,INTERCEPTOR SUV,39.09374117,-77.1342185,2022,1,3
220000720,Injury Crash,01/06/2022 08:50:00 PM,ROCKVILLE PIKE,NA,HEAD ON LEFT TURN,Clear,DRY,Medium,TRAFFIC SIGNAL,NONE DETECTED,Yes,No Apparent Injury,N/A,LOOKED BUT DID NOT SEE,MD,PASSENGER CAR,MAKING LEFT TURN,30,No,2005,TOYOTA,HIGHLANDER,39.05885359,-77.12133226,2022,1,20
220000720,Injury Crash,01/06/2022 08:50:00 PM,ROCKVILLE PIKE,NA,HEAD ON LEFT TURN,Clear,DRY,Medium,TRAFFIC SIGNAL,NONE DETECTED,No,Possible Minor Injury,N/A,NOT DISTRACTED,MD,PASSENGER CAR,MOVING CONSTANT SPEED,30,No,2006,HONDA,CIVIC,39.05885359,-77.12133226,2022,1,20
220000712,Property Damage Crash,01/06/2022 07:04:00 PM,CAPITAL BELTWAY,NA,SAME DIRECTION RIGHT TURN,Cloudy,DRY,Medium,NO CONTROLS,NONE DETECTED,Yes,No Apparent Injury,N/A,NOT DISTRACTED,XX,PASSENGER CAR,MOVING CONSTANT SPEED,55,No,2009,TOYOTA,RAV4,39.01783,-76.97708167,2022,1,19
220000712,Property Damage Crash,01/06/2022 07:04:00 PM,CAPITAL BELTWAY,NA,SAME DIRECTION RIGHT TURN,Cloudy,DRY,Medium,NO CONTROLS,NONE DETECTED,No,No Apparent Injury,N/A,NOT DISTRACTED,VA,PASSENGER CAR,MOVING CONSTANT SPEED,55,No,2018,HYUNDAI,ACCENT,39.01783,-76.97708167,2022,1,19
210000710,Property Damage Crash,01/06/2022 06:43:00 PM,FREDERICK RD,NA,SAME DIR REAR END,Clear,DRY,Medium,N/A,NONE DETECTED,No,No Apparent Injury,N/A,NOT DISTRACTED,MD,TRANSIT BUS,STOPPED IN TRAFFIC LANE,40,No,2019,GILG,BU,39.19027833,-77.24174167,2022,1,18
210000710,Property Damage Crash,01/06/2022 06:43:00 PM,FREDERICK RD,NA,SAME DIR REAR END,Clear,DRY,Medium,N/A,NONE DETECTED,Yes,No Apparent Injury,N/A,UNKNOWN,NA,NA,MOVING CONSTANT SPEED,40,No,0,UNKNOWN,UNKNOWN,39.19027833,-77.24174167,2022,1,18
220000708,Property Damage Crash,01/06/2022 06:33:00 PM,ROCKVILLE PIKE,NA,SAME DIR REAR END,Clear,DRY,Medium,NO CONTROLS,NONE DETECTED,Yes,No Apparent Injury,N/A,UNKNOWN,MD,PASSENGER CAR,MOVING CONSTANT SPEED,40,No,2009,HONDA,ACCORD,39.07307963,-77.13396314,2022,1,18
220000708,Property Damage Crash,01/06/2022 06:33:00 PM,ROCKVILLE PIKE,NA,SAME DIR REAR END,Clear,DRY,Medium,NO CONTROLS,NONE DETECTED,No,No Apparent Injury,N/A,NOT DISTRACTED,MD,(SPORT) UTILITY VEHICLE,STOPPED IN TRAFFIC LANE,40,No,2019,BMW,X5,39.07307963,-77.13396314,2022,1,18
220000709,Property Damage Crash,01/06/2022 06:20:00 PM,NA,NA,SINGLE VEHICLE,Clear,NA,Medium,NO CONTROLS,NONE DETECTED,Yes,No Apparent Injury,N/A,LOOKED BUT DID NOT SEE,MD,PASSENGER CAR,BACKING,5,No,2021,FORD,EXPLORER,39.15390183,-77.066441,2022,1,18
220000692,Property Damage Crash,01/06/2022 04:09:00 PM,W DIAMOND AVE,NA,SAME DIRECTION SIDESWIPE,Cloudy,DRY,Daylight,N/A,NONE DETECTED,No,No Apparent Injury,N/A,NOT DISTRACTED,MD,PASSENGER CAR,MOVING CONSTANT SPEED,30,No,2016,HYUNDAI,TUCSON,39.13944268,-77.2053285,2022,1,16
220000692,Property Damage Crash,01/06/2022 04:09:00 PM,W DIAMOND AVE,NA,SAME DIRECTION SIDESWIPE,Cloudy,DRY,Daylight,N/A,NONE DETECTED,Yes,No Apparent Injury,N/A,NOT DISTRACTED,MD,PASSENGER CAR,MOVING CONSTANT SPEED,30,No,2011,FORD,FUSION,39.13944268,-77.2053285,2022,1,16
220000686,Property Damage Crash,01/06/2022 03:35:00 PM,COLESVILLE RD,NA,SAME DIR REAR END,Clear,DRY,Daylight,NO CONTROLS,NONE DETECTED,Yes,No Apparent Injury,N/A,INATTENTIVE OR LOST IN THOUGHT,MD,PASSENGER CAR,PASSING,35,No,2016,NISSAN,FRONTIER,39.03149867,-77.005195,2022,1,15
220000686,Property Damage Crash,01/06/2022 03:35:00 PM,COLESVILLE RD,NA,SAME DIR REAR END,Clear,DRY,Daylight,NO CONTROLS,NONE DETECTED,No,No Apparent Injury,N/A,NOT DISTRACTED,MD,TRANSIT BUS,STARTING FROM LANE,35,No,2020,NOVB,BU,39.03149867,-77.005195,2022,1,15