Local Case Number,ACRS Report Type,Crash Date/Time,Road Name,Related Non-Motorist,Collision Type,Weather,Surface Condition,Light,Traffic Control,Driver Substance Abuse,Driver At Fault,Injury Severity,Circumstance,Driver Distracted By,Drivers License State,Vehicle Body Type,Vehicle Movement,Speed Limit,Driverless Vehicle,Vehicle Year,Vehicle Make,Vehicle Model,Latitude,Longitude,Year,Month,Hour
220000683,Property Damage Crash,01/06/2022 03:22:00 PM,BUSHEY DR,NA,STRAIGHT MOVEMENT ANGLE,Cloudy,DRY,Daylight,STOP SIGN,NONE DETECTED,No,No Apparent Injury,N/A,NOT DISTRACTED,MD,PASSENGER CAR,MOVING CONSTANT SPEED,25,No,2017,TOYOTA,COROLLA,39.06322333,-77.07929,2022,1,15
220000683,Property Damage Crash,01/06/2022 03:22:00 PM,BUSHEY DR,NA,STRAIGHT MOVEMENT ANGLE,Cloudy,DRY,Daylight,STOP SIGN,NONE DETECTED,Yes,No Apparent Injury,N/A,LOOKED BUT DID NOT SEE,MD,PASSENGER CAR,MAKING RIGHT TURN,25,No,2000,LEXUS,ES 300,39.06322333,-77.07929,2022,1,15
220000681,Injury Crash,01/06/2022 03:21:00 PM,GEORGIA AVE,NA,SAME DIR REAR END,Cloudy,DRY,Daylight,NO CONTROLS,NONE DETECTED,No,Possible Minor Injury,N/A,NOT DISTRACTED,MD,PASSENGER CAR,ACCELERATING,30,No,2017,VOLK,JETTA,39.149235,-77.06652,2022,1,15
220000681,Injury Crash,01/06/2022 03:21:00 PM,GEORGIA AVE,NA,SAME DIR REAR END,Cloudy,DRY,Daylight,NO CONTROLS,NONE DETECTED,Yes,No Apparent Injury,N/A,NOT DISTRACTED,MD,"MEDIUM/HEAVY TRUCKS 3 AXLES (OVER 10,000LBS (4,536KG))",ACCELERATING,30,No,2008,PTRB,TRUCK,39.149235,-77.06652,2022,1,15
220000677,Injury Crash,01/06/2022 02:54:00 PM,GEORGIA AVE,NA,SAME DIR REAR END,Clear,DRY,Daylight,TRAFFIC SIGNAL,NONE DETECTED,No,No Apparent Injury,N/A,NOT DISTRACTED,MD,PASSENGER CAR,STOPPED IN TRAFFIC LANE,35,No,2018,TOYOTA,4D,39.01518435,-77.04256958,2022,1,14
220000677,Injury Crash,01/06/2022 02:54:00 PM,GEORGIA AVE,NA,SAME DIR REAR END,Clear,DRY,Daylight,TRAFFIC SIGNAL,NONE DETECTED,No,No Apparent Injury,N/A,NOT DISTRACTED,MD,PASSENGER CAR,STOPPED IN TRAFFIC LANE,35,No,2009,MITS,4D,39.01518435,-77.04256958,2022,1,14
220000677,Injury Crash,01/06/2022 02:54:00 PM,GEORGIA AVE,NA,SAME DIR REAR END,Clear,DRY,Daylight,TRAFFIC SIGNAL,NONE DETECTED,No,Possible Minor Injury,N/A,NOT DISTRACTED,MD,PASSENGER CAR,STOPPED IN TRAFFIC LANE,35,No,2017,TOYOTA,VAN,39.01518435,-77.04256958,2022,1,14
220000677,Injury Crash,01/06/2022 02:54:00 PM,GEORGIA AVE,NA,SAME DIR REAR END,Clear,DRY,Daylight,TRAFFIC SIGNAL,NONE DETECTED,Yes,No Apparent Injury,N/A,OTHER DISTRACTION,MD,PASSENGER CAR,SLOWING OR STOPPING,35,No,2015,HYUNDAI,4D,39.01518435,-77.04256958,2022,1,14
220000664,Property Damage Crash,01/06/2022 12:15:00 PM,NA,NA,OTHER,Clear,NA,Daylight,NO CONTROLS,NONE DETECTED,Yes,No Apparent Injury,N/A,NOT DISTRACTED,MD,"MEDIUM/HEAVY TRUCKS 3 AXLES (OVER 10,000LBS (4,536KG))",SLOWING OR STOPPING,5,No,2006,KW,TK,39.06331807,-77.12284432,2022,1,12
220000664,Property Damage Crash,01/06/2022 12:15:00 PM,NA,NA,OTHER,Clear,NA,Daylight,NO CONTROLS,NONE DETECTED,Yes,No Apparent Injury,N/A,DISTRACTED BY OUTSIDE PERSON OBJECT OR EVENT,MD,OTHER,BACKING,5,No,2020,JOHN DEERE,CRAWLER LOADER 755K,39.06331807,-77.12284432,2022,1,12
220000639,Property Damage Crash,01/06/2022 11:16:00 AM,MEDICAL CENTER DR,NA,STRAIGHT MOVEMENT ANGLE,Clear,DRY,Daylight,STOP SIGN,NONE DETECTED,Yes,No Apparent Injury,N/A,LOOKED BUT DID NOT SEE,MD,TRANSIT BUS,STARTING FROM LANE,25,No,2008,GILL,BUS,39.09692167,-77.19960833,2022,1,11
220000639,Property Damage Crash,01/06/2022 11:16:00 AM,MEDICAL CENTER DR,NA,STRAIGHT MOVEMENT ANGLE,Clear,DRY,Daylight,STOP SIGN,NONE DETECTED,No,No Apparent Injury,N/A,NOT DISTRACTED,MD,PASSENGER CAR,MOVING CONSTANT SPEED,25,No,2015,NISS,VERSA,39.09692167,-77.19960833,2022,1,11
220000635,Property Damage Crash,01/06/2022 11:00:00 AM,WELLER RD,NA,STRAIGHT MOVEMENT ANGLE,Clear,DRY,Daylight,STOP SIGN,NONE DETECTED,No,No Apparent Injury,N/A,NOT DISTRACTED,MD,PASSENGER CAR,MOVING CONSTANT SPEED,35,No,2013,HONDA,PILOT,39.06356333,-77.07254833,2022,1,11
220000635,Property Damage Crash,01/06/2022 11:00:00 AM,WELLER RD,NA,STRAIGHT MOVEMENT ANGLE,Clear,DRY,Daylight,STOP SIGN,NONE DETECTED,Yes,No Apparent Injury,N/A,LOOKED BUT DID NOT SEE,MD,PASSENGER CAR,MAKING LEFT TURN,35,No,2011,HONDA,4D,39.06356333,-77.07254833,2022,1,11
220000593,Injury Crash,01/05/2022 09:48:00 PM,RIVER RD,NA,SAME DIR REAR END,Clear,WET,Medium,NO CONTROLS,NONE DETECTED,No,Possible Minor Injury,"N/A, WET",NOT DISTRACTED,VA,PASSENGER CAR,STOPPED IN TRAFFIC LANE,0,No,2012,TOYO,PRIUS,38.96378667,-77.10219833,2022,1,21
220000593,Injury Crash,01/05/2022 09:48:00 PM,RIVER RD,NA,SAME DIR REAR END,Clear,WET,Medium,NO CONTROLS,NONE DETECTED,Yes,No Apparent Injury,"N/A, WET",UNKNOWN,MD,PASSENGER CAR,SLOWING OR STOPPING,35,No,2015,TOYO,4S,38.96378667,-77.10219833,2022,1,21
220000548,Property Damage Crash,01/05/2022 03:36:00 PM,RANDOLPH RD,NA,SAME DIR REAR END,Clear,WET,Daylight,NO CONTROLS,NONE DETECTED,Yes,No Apparent Injury,"N/A, WET",UNKNOWN,MD,PASSENGER CAR,MOVING CONSTANT SPEED,45,No,2007,NISSAN,ALTIMA,39.06972333,-77.01377833,2022,1,15
220000548,Property Damage Crash,01/05/2022 03:36:00 PM,RANDOLPH RD,NA,SAME DIR REAR END,Clear,WET,Daylight,NO CONTROLS,NONE DETECTED,No,No Apparent Injury,"N/A, WET",NOT DISTRACTED,MD,(SPORT) UTILITY VEHICLE,MOVING CONSTANT SPEED,45,No,2013,TOYOTA,SIENNA,39.06972333,-77.01377833,2022,1,15
220000544,Injury Crash,01/05/2022 03:00:00 PM,ROCKVILLE PIKE,NA,STRAIGHT MOVEMENT ANGLE,Cloudy,DRY,Daylight,TRAFFIC SIGNAL,NONE DETECTED,Yes,Possible Minor Injury,N/A,INATTENTIVE OR LOST IN THOUGHT,MD,PASSENGER CAR,MAKING LEFT TURN,35,No,2008,HOND,4S,39.06179441,-77.12408816,2022,1,15
220000544,Injury Crash,01/05/2022 03:00:00 PM,ROCKVILLE PIKE,NA,STRAIGHT MOVEMENT ANGLE,Cloudy,DRY,Daylight,TRAFFIC SIGNAL,NONE DETECTED,No,Possible Minor Injury,N/A,NOT DISTRACTED,VA,(SPORT) UTILITY VEHICLE,MOVING CONSTANT SPEED,35,No,2015,BMW,TK,39.06179441,-77.12408816,2022,1,15
220000546,Property Damage Crash,01/05/2022 02:37:00 PM,VEIRS MILL RD,NA,SAME DIR REAR END,Cloudy,WET,Daylight,NO CONTROLS,NONE DETECTED,Yes,No Apparent Injury,"N/A, WET",NOT DISTRACTED,MD,PASSENGER CAR,UNKNOWN,35,No,2008,FORD,4D,39.05039833,-77.07258833,2022,1,14
220000546,Property Damage Crash,01/05/2022 02:37:00 PM,VEIRS MILL RD,NA,SAME DIR REAR END,Cloudy,WET,Daylight,NO CONTROLS,NONE DETECTED,No,No Apparent Injury,"N/A, WET",NOT DISTRACTED,MD,PASSENGER CAR,UNKNOWN,35,No,2020,LNDR,TK,39.05039833,-77.07258833,2022,1,14
220000526,Injury Crash,01/05/2022 01:44:00 PM,NA,PEDESTRIAN,OTHER,Clear,NA,Daylight,NO CONTROLS,NONE DETECTED,Yes,No Apparent Injury,"N/A, WET",LOOKED BUT DID NOT SEE,MD,PASSENGER CAR,MOVING CONSTANT SPEED,5,No,2008,TOYT,4S,39.12250167,-77.239915,2022,1,13
220000503,Property Damage Crash,01/05/2022 11:24:00 AM,CONNECTICUT AVE,NA,SAME DIRECTION SIDESWIPE,Cloudy,WET,Daylight,NO CONTROLS,NONE DETECTED,No,No Apparent Injury,"N/A, WET",NOT DISTRACTED,MD,PASSENGER CAR,MOVING CONSTANT SPEED,35,No,2019,HONDA,PILOT,39.03379867,-77.07487283,2022,1,11
220000503,Property Damage Crash,01/05/2022 11:24:00 AM,CONNECTICUT AVE,NA,SAME DIRECTION SIDESWIPE,Cloudy,WET,Daylight,NO CONTROLS,NONE DETECTED,Yes,No Apparent Injury,"N/A, WET",UNKNOWN,MD,PASSENGER CAR,CHANGING LANES,35,No,2016,MAZDA,CX-5,39.03379867,-77.07487283,2022,1,11
220000504,Property Damage Crash,01/05/2022 11:16:00 AM,S PARK AVE,NA,SAME DIRECTION LEFT TURN,Snow,WET,Daylight,TRAFFIC SIGNAL,NONE DETECTED,No,No Apparent Injury,"N/A, WET",NOT DISTRACTED,MD,(SPORT) UTILITY VEHICLE,STARTING FROM LANE,20,No,2019,FORD,EXPEDITION,38.963835,-77.087755,2022,1,11
220000504,Property Damage Crash,01/05/2022 11:16:00 AM,S PARK AVE,NA,SAME DIRECTION LEFT TURN,Snow,WET,Daylight,TRAFFIC SIGNAL,NONE DETECTED,Yes,No Apparent Injury,"N/A, WET",LOOKED BUT DID NOT SEE,MD,SCHOOL BUS,STARTING FROM PARKED,20,No,2022,FRHT,SCHOOL BUS,38.963835,-77.087755,2022,1,11
220000440,Property Damage Crash,01/04/2022 06:00:00 PM,CITADEL AVE,NA,SAME DIRECTION SIDESWIPE,Clear,OTHER,Medium,NO CONTROLS,NONE DETECTED,No,No Apparent Injury,N/A,NOT DISTRACTED,MD,PASSENGER CAR,MOVING CONSTANT SPEED,30,No,2004,VOLKS WAGON,TOUAREG,39.04580324,-77.10933636,2022,1,18
220000440,Property Damage Crash,01/04/2022 06:00:00 PM,CITADEL AVE,NA,SAME DIRECTION SIDESWIPE,Clear,OTHER,Medium,NO CONTROLS,NONE DETECTED,Yes,No Apparent Injury,N/A,UNKNOWN,MD,PASSENGER CAR,STARTING FROM PARKED,30,No,1998,MERCEDEZ,E320,39.04580324,-77.10933636,2022,1,18
220000436,Property Damage Crash,01/04/2022 05:28:00 PM,GOLDSBORO RD,NA,SINGLE VEHICLE,Snow,ICE,Medium,NO CONTROLS,NONE DETECTED,Yes,No Apparent Injury,"ICY OR SNOW-COVERED, RAIN, SNOW",NOT DISTRACTED,MD,PASSENGER CAR,MOVING CONSTANT SPEED,35,No,2013,ACURA,TL,38.97420833,-77.11736672,2022,1,17
220000437,Property Damage Crash,01/04/2022 05:05:00 PM,NEW HAMPSHIRE AVE,NA,SINGLE VEHICLE,Snow,SNOW,Dark,NO CONTROLS,NONE DETECTED,Yes,No Apparent Injury,"ICY OR SNOW-COVERED, SLEET, HAIL, FREEZ. RAIN",NOT DISTRACTED,MD,PASSENGER CAR,MOVING CONSTANT SPEED,35,No,2017,HOND,ACCORD,39.17983483,-77.02733633,2022,1,17
220000427,Property Damage Crash,01/04/2022 03:58:00 PM,STRINGTOWN RD,NA,SAME DIR REAR END,Clear,DRY,Daylight,N/A,NONE DETECTED,No,No Apparent Injury,N/A,NOT DISTRACTED,MD,PASSENGER CAR,ACCELERATING,35,No,2016,HYUN,SD,39.23340667,-77.283215,2022,1,15
220000427,Property Damage Crash,01/04/2022 03:58:00 PM,STRINGTOWN RD,NA,SAME DIR REAR END,Clear,DRY,Daylight,N/A,NONE DETECTED,Yes,No Apparent Injury,N/A,UNKNOWN,NA,PASSENGER CAR,MOVING CONSTANT SPEED,35,No,9999,DODGE,UNK,39.23340667,-77.283215,2022,1,15
220000415,Injury Crash,01/04/2022 03:30:00 PM,W WATKINS MILL RD,BICYCLIST,STRAIGHT MOVEMENT ANGLE,Clear,DRY,Daylight,TRAFFIC SIGNAL,NONE DETECTED,Yes,No Apparent Injury,N/A,NOT DISTRACTED,MD,PASSENGER CAR,ACCELERATING,25,No,2017,HOND,TK,39.15660815,-77.22456573,2022,1,15
220000404,Injury Crash,01/04/2022 02:33:00 PM,FALLS RD,NA,HEAD ON,Clear,WET,Daylight,N/A,NONE DETECTED,Yes,No Apparent Injury,"N/A, WET",UNKNOWN,VA,PASSENGER CAR,MOVING CONSTANT SPEED,35,No,2007,VOLKS,JETTA,39.05262167,-77.18489,2022,1,14
220000404,Injury Crash,01/04/2022 02:33:00 PM,FALLS RD,NA,HEAD ON,Clear,WET,Daylight,N/A,NONE DETECTED,No,Possible Minor Injury,"N/A, WET",NOT DISTRACTED,MD,PASSENGER CAR,MOVING CONSTANT SPEED,35,No,2019,HOND,ACCORD EX,39.05262167,-77.18489,2022,1,14
220000390,Property Damage Crash,01/04/2022 12:35:00 PM,SHADY GROVE RD,NA,STRAIGHT MOVEMENT ANGLE,Clear,DRY,Daylight,TRAFFIC SIGNAL,NONE DETECTED,No,No Apparent Injury,"N/A, VISION OBSTRUCTION (INCL. BLINDED BY SUN)",NOT DISTRACTED,MD,VAN,MAKING LEFT TURN,40,No,2006,TOYT,SIENNA,39.11177167,-77.18713167,2022,1,12
220000390,Property Damage Crash,01/04/2022 12:35:00 PM,SHADY GROVE RD,NA,STRAIGHT MOVEMENT ANGLE,Clear,DRY,Daylight,TRAFFIC SIGNAL,NONE DETECTED,Yes,No Apparent Injury,"N/A, VISION OBSTRUCTION (INCL. BLINDED BY SUN)",NOT DISTRACTED,MD,(SPORT) UTILITY VEHICLE,MOVING CONSTANT SPEED,40,No,2014,HOND,CRV,39.11177167,-77.18713167,2022,1,12
220000385,Property Damage Crash,01/04/2022 12:23:00 PM,HUNGERFORD DR,NA,SINGLE VEHICLE,Clear,WET,Daylight,TRAFFIC SIGNAL,NONE DETECTED,Yes,No Apparent Injury,N/A,LOOKED BUT DID NOT SEE,MD,TRUCK TRACTOR,MAKING RIGHT TURN,35,No,2014,INTL,CT,39.08925834,-77.15175451,2022,1,12
220000369,Injury Crash,01/04/2022 09:51:00 AM,CONNECTICUT AVE,NA,ANGLE MEETS LEFT TURN,Snow,WET,Daylight,TRAFFIC SIGNAL,NONE DETECTED,No,Possible Minor Injury,"ICY OR SNOW-COVERED, RAIN, SNOW",NOT DISTRACTED,DC,PASSENGER CAR,MOVING CONSTANT SPEED,35,No,2016,HONDA,HRV,38.97695667,-77.07706833,2022,1,9
220000369,Injury Crash,01/04/2022 09:51:00 AM,CONNECTICUT AVE,NA,ANGLE MEETS LEFT TURN,Snow,WET,Daylight,TRAFFIC SIGNAL,NONE DETECTED,Yes,No Apparent Injury,"ICY OR SNOW-COVERED, RAIN, SNOW",NOT DISTRACTED,MD,PASSENGER CAR,MAKING LEFT TURN,35,No,2017,FORD,F150,38.97695667,-77.07706833,2022,1,9
220000365,Property Damage Crash,01/04/2022 09:09:00 AM,MILESTONE DR,NA,SINGLE VEHICLE,Clear,N/A,Daylight,NO CONTROLS,NONE DETECTED,Yes,No Apparent Injury,N/A,UNKNOWN,MD,OTHER,ACCELERATING,0,No,2005,MACK,ST,39.04555168,-76.99049169,2022,1,9
220000366,Property Damage Crash,01/04/2022 08:55:00 AM,NA,NA,OTHER,Clear,NA,Daylight,NO CONTROLS,NONE DETECTED,Unknown,No Apparent Injury,"ICY OR SNOW-COVERED, N/A",NOT DISTRACTED,MD,VAN,SKIDDING,5,No,2018,FORD,CARGO VAN,39.05090797,-76.97485802,2022,1,8
220000364,Injury Crash,01/04/2022 08:49:00 AM,EMORY GROVE RD,NA,STRAIGHT MOVEMENT ANGLE,Clear,ICE,Daylight,N/A,NONE DETECTED,Yes,Possible Minor Injury,"ICY OR SNOW-COVERED, N/A",LOOKED BUT DID NOT SEE,MD,PASSENGER CAR,MOVING CONSTANT SPEED,35,No,2020,TOYOTA,TK,39.15036,-77.169975,2022,1,8
220000364,Injury Crash,01/04/2022 08:49:00 AM,EMORY GROVE RD,NA,STRAIGHT MOVEMENT ANGLE,Clear,ICE,Daylight,N/A,NONE DETECTED,No,No Apparent Injury,"ICY OR SNOW-COVERED, N/A",NOT DISTRACTED,MD,"CARGO VAN/LIGHT TRUCK 2 AXLES (OVER 10,000LBS (4,536 KG))",PARKED,35,No,2019,FORD,F650,39.15036,-77.169975,2022,1,8
220000361,Property Damage Crash,01/04/2022 08:20:00 AM,WARING STATION RD,NA,SINGLE VEHICLE,Clear,ICE,Daylight,NO CONTROLS,NONE DETECTED,Yes,No Apparent Injury,"ICY OR SNOW-COVERED, N/A",NOT DISTRACTED,MD,(SPORT) UTILITY VEHICLE,MOVING CONSTANT SPEED,30,No,2009,CADILLAC,ESCALADE,39.16914333,-77.24798,2022,1,8
220000359,Property Damage Crash,01/04/2022 07:56:00 AM,MUSTANG HILL LA,NA,OTHER,Clear,SNOW,Daylight,N/A,NONE DETECTED,Yes,No Apparent Injury,"ICY OR SNOW-COVERED, N/A",NOT DISTRACTED,MD,"MEDIUM/HEAVY TRUCKS 3 AXLES (OVER 10,000LBS (4,536KG))",MOVING CONSTANT SPEED,30,No,2017,MACK,ST,39.08367,-77.24345167,2022,1,7
220000358,Property Damage Crash,01/04/2022 07:25:00 AM,NEW HAMPSHIRE AVE,NA,SAME DIR BOTH LEFT TURN,Snow,SNOW,Medium,TRAFFIC SIGNAL,NONE DETECTED,Yes,No Apparent Injury,N/A,UNKNOWN,NA,UNKNOWN,MOVING CONSTANT SPEED,30,No,0,UNKNOWN,UNKNOWN,38.9885079,-76.9879424,2022,1,7
220000358,Property Damage Crash,01/04/2022 07:25:00 AM,NEW HAMPSHIRE AVE,NA,SAME DIR BOTH LEFT TURN,Snow,SNOW,Medium,TRAFFIC SIGNAL,NONE DETECTED,No,No Apparent Injury,N/A,NOT DISTRACTED,MD,OTHER BUS,STOPPED IN TRAFFIC LANE,30,No,2020,NEW FLYER,XN40,38.9885079,-76.9879424,2022,1,7
220000354,Injury Crash,01/04/2022 07:20:00 AM,LOST KNIFE RD,NA,HEAD ON LEFT TURN,Clear,WET,Medium,TRAFFIC SIGNAL,NONE DETECTED,No,Possible Minor Injury,"ICY OR SNOW-COVERED, N/A",NOT DISTRACTED,MD,PASSENGER CAR,MOVING CONSTANT SPEED,35,No,2017,TOYOTA,CAMRY,39.15799023,-77.20415377,2022,1,7
220000354,Injury Crash,01/04/2022 07:20:00 AM,LOST KNIFE RD,NA,HEAD ON LEFT TURN,Clear,WET,Medium,TRAFFIC SIGNAL,NONE DETECTED,Yes,No Apparent Injury,"ICY OR SNOW-COVERED, N/A",LOOKED BUT DID NOT SEE,MD,PASSENGER CAR,MAKING LEFT TURN,35,No,2008,HYUNDAI,SUV,39.15799023,-77.20415377,2022,1,7
220000353,Injury Crash,01/04/2022 06:46:00 AM,LINDENWOOD DR,NA,HEAD ON,Clear,ICE,Medium,NO CONTROLS,NONE DETECTED,No,Possible Minor Injury,"ICY OR SNOW-COVERED, N/A",NOT DISTRACTED,MD,TRANSIT BUS,MOVING CONSTANT SPEED,30,No,2013,GILL,BUS,39.16086167,-77.05637167,2022,1,6
220000353,Injury Crash,01/04/2022 06:46:00 AM,LINDENWOOD DR,NA,HEAD ON,Clear,ICE,Medium,NO CONTROLS,NONE DETECTED,Yes,No Apparent Injury,"ICY OR SNOW-COVERED, N/A",LOOKED BUT DID NOT SEE,MD,"CARGO VAN/LIGHT TRUCK 2 AXLES (OVER 10,000LBS (4,536 KG))",BACKING,30,No,2004,FRHT,TK,39.16086167,-77.05637167,2022,1,6
220000350,Property Damage Crash,01/04/2022 06:25:00 AM,MUNCASTER MILL RD,NA,SINGLE VEHICLE,Clear,ICE,Medium,N/A,NONE DETECTED,No,No Apparent Injury,"ANIMAL, N/A",NOT DISTRACTED,MD,POLICE VEHICLE/EMERGENCY,MOVING CONSTANT SPEED,35,No,2012,DODGE,CHAR,39.1570377,-77.15779916,2022,1,6
220000349,Property Damage Crash,01/04/2022 02:31:00 AM,GEORGIA AVE,NA,STRAIGHT MOVEMENT ANGLE,Clear,ICE,Medium,FLASHING TRAFFIC SIGNAL,NONE DETECTED,No,No Apparent Injury,"ICY OR SNOW-COVERED, N/A",NOT DISTRACTED,MD,PICKUP TRUCK,MOVING CONSTANT SPEED,35,No,2004,FORD,TK,39.00943667,-77.04065667,2022,1,2
220000349,Property Damage Crash,01/04/2022 02:31:00 AM,GEORGIA AVE,NA,STRAIGHT MOVEMENT ANGLE,Clear,ICE,Medium,FLASHING TRAFFIC SIGNAL,NONE DETECTED,Yes,No Apparent Injury,"ICY OR SNOW-COVERED, N/A",LOOKED BUT DID NOT SEE,MD,PASSENGER CAR,MOVING CONSTANT SPEED,35,No,2016,CHEVY,4S,39.00943667,-77.04065667,2022,1,2
220000346,Property Damage Crash,01/04/2022 12:20:00 AM,LINDEN LA,NA,SAME DIRECTION RIGHT TURN,Snow,ICE,Medium,NO CONTROLS,NONE DETECTED,Yes,No Apparent Injury,"ICY OR SNOW-COVERED, RAIN, SNOW",UNKNOWN,MD,OTHER,MOVING CONSTANT SPEED,5,No,2017,INTL,INTERNATIONAL,38.97757407,-76.98988298,2022,1,0
220000342,Injury Crash,01/03/2022 11:23:00 PM,FREDERICK RD,NA,SAME DIR REND LEFT TURN,Clear,ICE,Medium,TRAFFIC SIGNAL,NONE DETECTED,No,Possible Minor Injury,"ICY OR SNOW-COVERED, V WIPERS|W OTHER ENVIRONMENTAL",UNKNOWN,MD,POLICE VEHICLE/EMERGENCY,MAKING LEFT TURN,30,No,2011,FORD,CROWN VIC,39.15010829,-77.20899516,2022,1,23
220000342,Injury Crash,01/03/2022 11:23:00 PM,FREDERICK RD,NA,SAME DIR REND LEFT TURN,Clear,ICE,Medium,TRAFFIC SIGNAL,NONE DETECTED,Yes,No Apparent Injury,"ICY OR SNOW-COVERED, V WIPERS|W OTHER ENVIRONMENTAL",UNKNOWN,MD,POLICE VEHICLE/EMERGENCY,ACCELERATING,30,No,2019,FORD,TK,39.15010829,-77.20899516,2022,1,23
220000345,Property Damage Crash,01/03/2022 11:10:00 PM,GOLDSBORO RD,NA,SINGLE VEHICLE,Clear,SNOW,Dark,NO CONTROLS,NONE DETECTED,No,No Apparent Injury,"ICY OR SNOW-COVERED, RAIN, SNOW",NOT DISTRACTED,MD,FIRE VEHICLE/EMERGENCY,MOVING CONSTANT SPEED,35,No,2021,PIERCE,FIRE ENGINE,38.97098,-77.12743833,2022,1,23
220000339,Injury Crash,01/03/2022 11:05:00 PM,CONNECTICUT AVE,NA,STRAIGHT MOVEMENT ANGLE,Snow,SNOW,Medium,TRAFFIC SIGNAL,NONE DETECTED,No,No Apparent Injury,"ICY OR SNOW-COVERED, N/A",NOT DISTRACTED,MD,PASSENGER CAR,MOVING CONSTANT SPEED,35,No,2014,INFI,TK,39.08021833,-77.08082833,2022,1,23
220000339,Injury Crash,01/03/2022 11:05:00 PM,CONNECTICUT AVE,NA,STRAIGHT MOVEMENT ANGLE,Snow,SNOW,Medium,TRAFFIC SIGNAL,NONE DETECTED,Yes,Possible Minor Injury,"ICY OR SNOW-COVERED, N/A",NOT DISTRACTED,XX,PASSENGER CAR,ACCELERATING,35,No,2012,TOYOTA,COROLLA,39.08021833,-77.08082833,2022,1,23
220000334,Property Damage Crash,01/03/2022 09:28:00 PM,WOODCREST MANOR WAY,NA,SINGLE VEHICLE,Clear,WET,Medium,NO CONTROLS,NONE DETECTED,Yes,No Apparent Injury,"ICY OR SNOW-COVERED, N/A, WET",NOT DISTRACTED,PA,FIRE VEHICLE/NON EMERGENCY,PARKING,25,No,2014,SPARTAN,TRUCK,39.2460905,-77.28583583,2022,1,21
220000330,Property Damage Crash,01/03/2022 07:55:00 PM,RUSSELL AVE,NA,SAME DIR REAR END,Clear,ICE,Dark,STOP SIGN,NONE DETECTED,Yes,No Apparent Injury,"ICY OR SNOW-COVERED, N/A",UNKNOWN,NA,PASSENGER CAR,UNKNOWN,25,No,2009,MITS,GALANT,39.14715347,-77.19855931,2022,1,19
220000330,Property Damage Crash,01/03/2022 07:55:00 PM,RUSSELL AVE,NA,SAME DIR REAR END,Clear,ICE,Dark,STOP SIGN,NONE DETECTED,No,No Apparent Injury,"ICY OR SNOW-COVERED, N/A",NOT DISTRACTED,MD,PASSENGER CAR,STOPPED IN TRAFFIC LANE,25,No,2020,LEXUS,4D,39.14715347,-77.19855931,2022,1,19
220000331,Fatal Crash,01/03/2022 06:43:00 PM,COLUMBIA PIKE,NA,SAME DIR REAR END,Cloudy,ICE,Medium,N/A,NONE DETECTED,No,No Apparent Injury,"ICY OR SNOW-COVERED, N/A",NOT DISTRACTED,MD,"MEDIUM/HEAVY TRUCKS 3 AXLES (OVER 10,000LBS (4,536KG))",MOVING CONSTANT SPEED,55,No,2012,PETERBILT,367 CONVENTIONAL,39.07889333,-76.95170167,2022,1,18
220000331,Fatal Crash,01/03/2022 06:43:00 PM,COLUMBIA PIKE,NA,SAME DIR REAR END,Cloudy,ICE,Medium,N/A,NONE DETECTED,Yes,Fatal Injury,"ICY OR SNOW-COVERED, N/A",UNKNOWN,MD,(SPORT) UTILITY VEHICLE,MOVING CONSTANT SPEED,55,No,2015,CADILLAC,SRX4,39.07889333,-76.95170167,2022,1,18
220000319,Property Damage Crash,01/03/2022 06:32:00 PM,NEW HAMPSHIRE AVE,NA,STRAIGHT MOVEMENT ANGLE,Clear,SNOW,Medium,TRAFFIC SIGNAL,NONE DETECTED,No,No Apparent Injury,"ICY OR SNOW-COVERED, RAIN, SNOW",NOT DISTRACTED,TX,PASSENGER CAR,MOVING CONSTANT SPEED,35,No,2014,INFINITI,Q50,39.04425167,-76.99207833,2022,1,18
220000319,Property Damage Crash,01/03/2022 06:32:00 PM,NEW HAMPSHIRE AVE,NA,STRAIGHT MOVEMENT ANGLE,Clear,SNOW,Medium,TRAFFIC SIGNAL,NONE DETECTED,Yes,No Apparent Injury,"ICY OR SNOW-COVERED, RAIN, SNOW",LOOKED BUT DID NOT SEE,MD,(SPORT) UTILITY VEHICLE,MAKING LEFT TURN,35,No,2001,JEEP,CHEROKEE,39.04425167,-76.99207833,2022,1,18
220000321,Property Damage Crash,01/03/2022 06:22:00 PM,NEW HAMPSHIRE AVE,NA,SAME DIR REAR END,Snow,SNOW,Dark,NO CONTROLS,NONE DETECTED,Yes,No Apparent Injury,"ICY OR SNOW-COVERED, N/A",LOOKED BUT DID NOT SEE,MD,PASSENGER CAR,SLOWING OR STOPPING,40,No,2006,BMW,SD,39.20314708,-77.028080310000007,2022,1,18
220000321,Property Damage Crash,01/03/2022 06:22:00 PM,NEW HAMPSHIRE AVE,NA,SAME DIR REAR END,Snow,SNOW,Dark,NO CONTROLS,NONE DETECTED,No,No Apparent Injury,"ICY OR SNOW-COVERED, N/A",NOT DISTRACTED,MD,PASSENGER CAR,SLOWING OR STOPPING,40,No,2014,CHEV,4S,39.20314708,-77.028080310000007,2022,1,18
220000316,Property Damage Crash,01/03/2022 05:30:00 PM,DALEWOOD DR,NA,OTHER,Snow,SNOW,Medium,N/A,NONE DETECTED,Unknown,No Apparent Injury,N/A,NOT DISTRACTED,MD,PICKUP TRUCK,MOVING CONSTANT SPEED,25,No,2014,FORD,F350,39.05628167,-77.07056333,2022,1,17
220000314,Property Damage Crash,01/03/2022 05:22:00 PM,AUTUMN DR,NA,SAME DIRECTION SIDESWIPE,Snow,SNOW,Medium,NO CONTROLS,NONE DETECTED,Yes,No Apparent Injury,"ICY OR SNOW-COVERED, RAIN, SNOW",NOT DISTRACTED,MD,"CARGO VAN/LIGHT TRUCK 2 AXLES (OVER 10,000LBS (4,536 KG))",MOVING CONSTANT SPEED,15,No,2017,MACK,GO712,39.06733375,-76.99677509,2022,1,17
220000384,Property Damage Crash,01/03/2022 04:45:00 PM,NA,NA,OTHER,Snow,NA,Daylight,N/A,NONE DETECTED,Yes,No Apparent Injury,"ICY OR SNOW-COVERED, RAIN, SNOW",UNKNOWN,NA,PASSENGER CAR,MAKING LEFT TURN,15,No,2015,NISSAN,PATHFINDER,39.08514983,-77.122043,2022,1,16
220000307,Property Damage Crash,01/03/2022 04:37:00 PM,CAPITAL BELTWAY,NA,SAME DIR REAR END,Snow,ICE,Medium,N/A,NONE DETECTED,Yes,No Apparent Injury,"ICY OR SNOW-COVERED, SLEET, HAIL, FREEZ. RAIN, WET",NOT DISTRACTED,MD,PASSENGER CAR,SLOWING OR STOPPING,55,No,2011,BMW,4DR,39.01771833,-76.99303667,2022,1,16
220000307,Property Damage Crash,01/03/2022 04:37:00 PM,CAPITAL BELTWAY,NA,SAME DIR REAR END,Snow,ICE,Medium,N/A,NONE DETECTED,No,No Apparent Injury,"ICY OR SNOW-COVERED, SLEET, HAIL, FREEZ. RAIN, WET",NOT DISTRACTED,NC,PASSENGER CAR,SLOWING OR STOPPING,55,No,2019,JEEP,CHEROKEE,39.01771833,-76.99303667,2022,1,16
220000302,Property Damage Crash,01/03/2022 04:24:00 PM,MATENY RD,NA,SINGLE VEHICLE,Snow,WET,Daylight,NO CONTROLS,NONE DETECTED,Yes,No Apparent Injury,"ICY OR SNOW-COVERED, RAIN, SNOW, WET",UNKNOWN,MD,PASSENGER CAR,MOVING CONSTANT SPEED,30,No,2012,HYUNDAI,SONATA,39.15524974,-77.26650415,2022,1,16